{
  "type": "FeatureCollection",
  "features": [
    {
      "type": "Feature",
      "id": "BST-SEG-001",
      "geometry": {
        "type": "LineString",
        "coordinates": [
          [
            -107.96562715205644,
            41.6744965783547
          ],
          [
            -107.9658113576709,
            41.6747193750009
          ],
          [
            -107.96600061942002,
            41.67494173208027
          ],
          [
            -107.96619486821865,
            41.67516365981451
          ],
          [
            -107.96639403498058,
            41.67538516842519
          ],
          [
            -107.96659805061863,
            41.67560626813371
          ],
          [
            -107.96680684604455,
            41.67582696916137
          ],
          [
            -107.96702035216917,
            41.67604728172947
          ],
          [
            -107.96723849990228,
            41.67626721605915
          ],
          [
            -107.96746122015277,
            41.67648678237167
          ],
          [
            -107.96768844382852,
            41.676705990888216
          ],
          [
            -107.96792010183653,
            41.67692485183003
          ],
          [
            -107.9681561250828,
            41.67714337541843
          ],
          [
            -107.9683964444725,
            41.67736157187485
          ],
          [
            -107.96864099090983,
            41.67757945142079
          ],
          [
            -107.96888969529816,
            41.67779702427795
          ],
          [
            -107.96914248853992,
            41.678014300668174
          ],
          [
            -107.96939930153673,
            41.67823129081348
          ],
          [
            -107.9696600651893,
            41.678448004936165
          ],
          [
            -107.96992471039755,
            41.67866445325871
          ],
          [
            -107.97019316806052,
            41.67888064600387
          ],
          [
            -107.97046536907646,
            41.679096593394696
          ],
          [
            -107.97074124434275,
            41.67931230565457
          ],
          [
            -107.97102072475603,
            41.6795277930072
          ],
          [
            -107.97130374121211,
            41.67974306567662
          ],
          [
            -107.97159022460602,
            41.67995813388726
          ],
          [
            -107.971880105832,
            41.68017300786393
          ],
          [
            -107.97217331578352,
            41.6803876978319
          ],
          [
            -107.97246978535335,
            41.680602214016844
          ],
          [
            -107.97276944543343,
            41.680816566644886
          ],
          [
            -107.97307222691497,
            41.68103076594263
          ],
          [
            -107.97337806068847,
            41.6812448221372
          ],
          [
            -107.97368687764371,
            41.68145874545621
          ],
          [
            -107.97399860866972,
            41.68167254612781
          ],
          [
            -107.97431318465479,
            41.68188623438069
          ],
          [
            -107.97463053648659,
            41.682099820444115
          ],
          [
            -107.97495059505201,
            41.68231331454793
          ],
          [
            -107.97527329123724,
            41.6825267269226
          ],
          [
            -107.97559855592787,
            41.682740067799166
          ],
          [
            -107.97592632000872,
            41.68295334740935
          ],
          [
            -107.97625651436397,
            41.68316657598544
          ],
          [
            -107.97658906987712,
            41.68337976376044
          ],
          [
            -107.97692391743098,
            41.68359292096807
          ],
          [
            -107.97726098790777,
            41.68380605784264
          ],
          [
            -107.97760021218896,
            41.684019184619224
          ],
          [
            -107.97794152115544,
            41.6842323115336
          ],
          [
            -107.97828484568741,
            41.68444544882228
          ],
          [
            -107.97863011666446,
            41.68465860672251
          ],
          [
            -107.9789772649655,
            41.68487179547225
          ],
          [
            -107.97932622146882,
            41.68508502531029
          ],
          [
            -107.9796769170521,
            41.685298306476156
          ],
          [
            -107.98002928259234,
            41.68551164921017
          ],
          [
            -107.98038324896595,
            41.68572506375344
          ],
          [
            -107.98073874704869,
            41.68593856034787
          ],
          [
            -107.98109570771572,
            41.6861521492362
          ],
          [
            -107.98145406184156,
            41.68636584066201
          ],
          [
            -107.98181374030013,
            41.68657964486963
          ],
          [
            -107.98217467396469,
            41.686793572104335
          ],
          [
            -107.98253679370792,
            41.6870076326122
          ],
          [
            -107.98290003040188,
            41.687221836640106
          ],
          [
            -107.983264314918,
            41.687436194435875
          ],
          [
            -107.98362957812711,
            41.687650716248164
          ],
          [
            -107.9839957508994,
            41.68786541232652
          ],
          [
            -107.98436276410447,
            41.688080292921335
          ],
          [
            -107.98473054861132,
            41.68829536828392
          ],
          [
            -107.98509903528829,
            41.68851064866645
          ],
          [
            -107.98546815500313,
            41.68872614432202
          ],
          [
            -107.98583783862296,
            41.68894186550461
          ],
          [
            -107.9862080170143,
            41.68915782246912
          ],
          [
            -107.98657862104305,
            41.68937402547133
          ],
          [
            -107.98694958157446,
            41.689590484767955
          ],
          [
            -107.9873208294732,
            41.68980721061658
          ],
          [
            -107.9876922956033,
            41.69002421327574
          ],
          [
            -107.9880639108281,
            41.69024150300489
          ],
          [
            -107.98843560601041,
            41.69045909006438
          ],
          [
            -107.98880731201237,
            41.69067698471549
          ],
          [
            -107.98917895969544,
            41.69089519722039
          ],
          [
            -107.98955047992048,
            41.69111373784221
          ],
          [
            -107.98992180354772,
            41.69133261684496
          ],
          [
            -107.99029286143671,
            41.69155184449359
          ],
          [
            -107.9906635844464,
            41.691771431053944
          ],
          [
            -107.99103390343498,
            41.6919913867928
          ],
          [
            -107.99140374926012,
            41.69221172197784
          ],
          [
            -107.9917730527787,
            41.692432446877646
          ],
          [
            -107.99214174484699,
            41.6926535717617
          ],
          [
            -107.99250975632062,
            41.69287510690042
          ],
          [
            -107.99287701805444,
            41.693097062565094
          ],
          [
            -107.99324346090273,
            41.6933194490279
          ],
          [
            -107.99360901571897,
            41.69354227656192
          ],
          [
            -107.993973613356,
            41.69376555544114
          ],
          [
            -107.99433718466597,
            41.69398929594037
          ],
          [
            -107.99469966050025,
            41.69421350833535
          ],
          [
            -107.99506097170956,
            41.69443820290265
          ],
          [
            -107.99542104914387,
            41.69466338991973
          ],
          [
            -107.99577982365238,
            41.694889079664904
          ],
          [
            -107.99613722608362,
            41.69511528241727
          ],
          [
            -107.9964931872853,
            41.69534200845686
          ],
          [
            -107.99684763810441,
            41.69556926806447
          ],
          [
            -107.99720050938717,
            41.69579707152174
          ],
          [
            -107.99755173197902,
            41.696025429111145
          ],
          [
            -107.9979012367246,
            41.69625435111591
          ],
          [
            -107.99824895446778,
            41.696483847820126
          ],
          [
            -107.99859481605165,
            41.696713929508576
          ],
          [
            -107.99893875231841,
            41.69694460646689
          ],
          [
            -107.99928069410953,
            41.697175888981455
          ],
          [
            -107.99962057226554,
            41.69740778733936
          ],
          [
            -107.99995831762625,
            41.697640311828486
          ],
          [
            -108.00029386103053,
            41.69787347273739
          ],
          [
            -108.0006271333164,
            41.69810728035539
          ],
          [
            -108.00095806532102,
            41.698341744972474
          ],
          [
            -108.00128658788066,
            41.69857687687933
          ],
          [
            -108.00161263183067,
            41.698812686367305
          ],
          [
            -108.00193612800553,
            41.69904918372844
          ],
          [
            -108.00225700723875,
            41.699286379255376
          ],
          [
            -108.00257520036294,
            41.699524283241395
          ],
          [
            -108.00289063782613,
            41.69976290602643
          ],
          [
            -108.00320323737894,
            41.70000225947497
          ],
          [
            -108.00351290145642,
            41.700242357290385
          ],
          [
            -108.00381953157925,
            41.700483213286546
          ],
          [
            -108.00412302926681,
            41.70072484127811
          ],
          [
            -108.00442329603703,
            41.70096725508066
          ],
          [
            -108.00472023340652,
            41.70121046851056
          ],
          [
            -108.00501374289038,
            41.70145449538493
          ],
          [
            -108.00530372600238,
            41.70169934952166
          ],
          [
            -108.00559008425473,
            41.701945044739354
          ],
          [
            -108.0058727191582,
            41.70219159485735
          ],
          [
            -108.00615153222208,
            41.70243901369558
          ],
          [
            -108.00642642495407,
            41.70268731507469
          ],
          [
            -108.00669729886033,
            41.70293651281587
          ],
          [
            -108.00696405544548,
            41.70318662074086
          ],
          [
            -108.00722659621253,
            41.703437652672
          ],
          [
            -108.00748482266282,
            41.703689622432044
          ],
          [
            -108.00773863629608,
            41.70394254384429
          ],
          [
            -108.00798793861036,
            41.7041964307324
          ],
          [
            -108.00823263110198,
            41.704451296920446
          ],
          [
            -108.00847261526553,
            41.70470715623284
          ],
          [
            -108.00870779259388,
            41.70496402249431
          ],
          [
            -108.00893806457809,
            41.70522190952987
          ],
          [
            -108.00916333270736,
            41.7054808311647
          ],
          [
            -108.00938349846913,
            41.70574080122425
          ],
          [
            -108.00959846334892,
            41.70600183353405
          ],
          [
            -108.00980812883034,
            41.70626394191977
          ],
          [
            -108.01001239639508,
            41.70652714020712
          ],
          [
            -108.01021116752287,
            41.706791442221814
          ],
          [
            -108.01040434369145,
            41.70705686178954
          ],
          [
            -108.0105918263765,
            41.70732341273591
          ],
          [
            -108.01077351705169,
            41.70759110888641
          ],
          [
            -108.01094931718855,
            41.70785996406633
          ],
          [
            -108.01111912825654,
            41.70812999210076
          ],
          [
            -108.01128285172292,
            41.70840120681448
          ],
          [
            -108.01144038905277,
            41.70867362203199
          ],
          [
            -108.01159164170895,
            41.70894725157737
          ],
          [
            -108.01173651115205,
            41.70922210927429
          ],
          [
            -108.01187489884038,
            41.709498208945924
          ],
          [
            -108.0120067062299,
            41.70977556441492
          ],
          [
            -108.01213183477418,
            41.710054189503325
          ],
          [
            -108.01225018592447,
            41.71033409803253
          ],
          [
            -108.01236166112948,
            41.71061530382324
          ],
          [
            -108.01246616183546,
            41.71089782069537
          ],
          [
            -108.0125635894862,
            41.71118166246806
          ],
          [
            -108.01265384552289,
            41.711466842959496
          ],
          [
            -108.0127368313841,
            41.71175337598697
          ],
          [
            -108.01281244975743,
            41.712041275218525
          ],
          [
            -108.01288070482246,
            41.71233054229695
          ],
          [
            -108.01294177548779,
            41.71262115816334
          ],
          [
            -108.01299585793181,
            41.712913101711244
          ],
          [
            -108.01304314833543,
            41.71320635183249
          ],
          [
            -108.01308384288212,
            41.713500887417176
          ],
          [
            -108.01311813775797,
            41.71379668735397
          ],
          [
            -108.0131462291518,
            41.71409373053008
          ],
          [
            -108.01316831325511,
            41.714391995831406
          ],
          [
            -108.01318458626231,
            41.71469146214263
          ],
          [
            -108.01319524437065,
            41.71499210834734
          ],
          [
            -108.01320048378034,
            41.71529391332811
          ],
          [
            -108.0132005006946,
            41.71559685596659
          ],
          [
            -108.01319549131966,
            41.71590091514358
          ],
          [
            -108.01318565186499,
            41.716206069739165
          ],
          [
            -108.0131711785431,
            41.716512298632765
          ],
          [
            -108.01315226756982,
            41.716819580703195
          ],
          [
            -108.01312911516422,
            41.717127894828764
          ],
          [
            -108.01310191754868,
            41.71743721988736
          ],
          [
            -108.01307087094902,
            41.717747534756505
          ],
          [
            -108.01303617159444,
            41.71805881831341
          ],
          [
            -108.01299801571761,
            41.71837104943506
          ],
          [
            -108.01295659955474,
            41.71868420699826
          ],
          [
            -108.0129121193456,
            41.71899826987968
          ],
          [
            -108.0128647713335,
            41.71931321695595
          ],
          [
            -108.01281475176548,
            41.719629027103664
          ],
          [
            -108.01276225689222,
            41.71994567919944
          ],
          [
            -108.01270748296805,
            41.72026315211998
          ],
          [
            -108.0126506262512,
            41.720581424742086
          ],
          [
            -108.01259188300354,
            41.720900475942706
          ],
          [
            -108.01253144949082,
            41.721220284598985
          ],
          [
            -108.01246952198267,
            41.72154082958824
          ],
          [
            -108.01240629675252,
            41.72186208978807
          ],
          [
            -108.01234197007777,
            41.722184044076286
          ],
          [
            -108.01227673823973,
            41.72250667133102
          ],
          [
            -108.01221079752368,
            41.72282995043067
          ],
          [
            -108.01214434421885,
            41.72315386025395
          ],
          [
            -108.01207757461853,
            41.72347837967989
          ],
          [
            -108.01201068501997,
            41.723803487587865
          ],
          [
            -108.01194387172451,
            41.72412916285754
          ],
          [
            -108.01187733103755,
            41.72445538436893
          ],
          [
            -108.01181125926855,
            41.72478213100238
          ],
          [
            -108.01174585273107,
            41.72510938163851
          ],
          [
            -108.01168130774275,
            41.72543711515829
          ],
          [
            -108.01161782062542,
            41.72576531044301
          ],
          [
            -108.01155558770498,
            41.72609394637414
          ],
          [
            -108.01149480531143,
            41.72642300183351
          ],
          [
            -108.01143566977905,
            41.72675245570309
          ],
          [
            -108.01137837744612,
            41.727082286865134
          ],
          [
            -108.01132312465518,
            41.727412474202026
          ],
          [
            -108.01127010775286,
            41.72774299659632
          ],
          [
            -108.01121952309,
            41.72807383293066
          ],
          [
            -108.01117156702159,
            41.72840496208773
          ],
          [
            -108.0111264358828,
            41.72873636295138
          ],
          [
            -108.01108428097716,
            41.72906801644455
          ],
          [
            -108.01104511503559,
            41.72939990976462
          ],
          [
            -108.0110089242223,
            41.72973203131159
          ],
          [
            -108.01097569470127,
            41.73006436948524
          ],
          [
            -108.01094541263626,
            41.730396912685094
          ],
          [
            -108.01091806419079,
            41.73072964931051
          ],
          [
            -108.0108936355281,
            41.73106256776055
          ],
          [
            -108.01087211281127,
            41.731395656434046
          ],
          [
            -108.01085348220307,
            41.73172890372966
          ],
          [
            -108.01083772986601,
            41.73206229804578
          ],
          [
            -108.01082484196236,
            41.73239582778063
          ],
          [
            -108.01081480465413,
            41.7327294813322
          ],
          [
            -108.01080760410302,
            41.73306324709826
          ],
          [
            -108.01080322647051,
            41.7333971134764
          ],
          [
            -108.01080165791775,
            41.733731068863975
          ],
          [
            -108.01080288460562,
            41.73406510165818
          ],
          [
            -108.01080689269472,
            41.73439920025601
          ],
          [
            -108.0108136683453,
            41.73473335305423
          ],
          [
            -108.0108231977174,
            41.7350675484495
          ],
          [
            -108.01083546697065,
            41.735401774838216
          ],
          [
            -108.01085046226444,
            41.73573602061663
          ],
          [
            -108.01086816975781,
            41.73607027418081
          ],
          [
            -108.0108885756095,
            41.73640452392668
          ],
          [
            -108.01091166597791,
            41.736738758249956
          ],
          [
            -108.01093742702109,
            41.73707296554622
          ],
          [
            -108.0109658448968,
            41.737407134210855
          ],
          [
            -108.01099690576243,
            41.73774125263912
          ],
          [
            -108.01103059577501,
            41.73807530922612
          ],
          [
            -108.01106690109125,
            41.738409292366754
          ],
          [
            -108.01110580786752,
            41.738743190455864
          ],
          [
            -108.01114730225979,
            41.73907699188806
          ],
          [
            -108.01119137042366,
            41.73941068505785
          ],
          [
            -108.01123799851442,
            41.7397442583596
          ],
          [
            -108.01128717268696,
            41.740077700187555
          ],
          [
            -108.01133887909579,
            41.74041099893579
          ],
          [
            -108.01139310389503,
            41.740744142998274
          ],
          [
            -108.01144983323844,
            41.74107712076885
          ],
          [
            -108.01150905327941,
            41.74140992064123
          ],
          [
            -108.01157075017088,
            41.74174253100904
          ],
          [
            -108.01163491006544,
            41.74207494026574
          ],
          [
            -108.01170151911526,
            41.74240713680469
          ],
          [
            -108.01177056347215,
            41.74273910901915
          ],
          [
            -108.01184202928745,
            41.74307084530229
          ],
          [
            -108.01191590271213,
            41.74340233404714
          ],
          [
            -108.01199216989673,
            41.74373356364666
          ],
          [
            -108.0120708169914,
            41.744064522493666
          ],
          [
            -108.01215183014583,
            41.744395198980946
          ],
          [
            -108.0122351955093,
            41.74472558150114
          ],
          [
            -108.01232089923069,
            41.74505565844682
          ],
          [
            -108.0124089274584,
            41.74538541821047
          ],
          [
            -108.01249926634044,
            41.745714849184495
          ],
          [
            -108.01259190202437,
            41.7460439397612
          ],
          [
            -108.01268682065727,
            41.74637267833284
          ],
          [
            -108.01278400838582,
            41.746701053291595
          ],
          [
            -108.01288345135627,
            41.747029053029536
          ],
          [
            -108.01298513571435,
            41.7473566659387
          ],
          [
            -108.01308904760539,
            41.74768388041105
          ],
          [
            -108.01319517317424,
            41.74801068483849
          ],
          [
            -108.01330349856532,
            41.748337067612844
          ],
          [
            -108.01341400992256,
            41.7486630171259
          ],
          [
            -108.01352669338941,
            41.74898852176936
          ],
          [
            -108.01364153510887,
            41.74931356993493
          ],
          [
            -108.01375852122352,
            41.7496381500142
          ],
          [
            -108.01387763787538,
            41.749962250398774
          ],
          [
            -108.01399887120604,
            41.75028585948016
          ],
          [
            -108.0141222073566,
            41.75060896564986
          ],
          [
            -108.01424763246769,
            41.750931557299296
          ],
          [
            -108.01437513267943,
            41.75125362281991
          ],
          [
            -108.01450469413147,
            41.751575150603095
          ],
          [
            -108.01463630296301,
            41.751896129040155
          ],
          [
            -108.01476994531268,
            41.75221654652244
          ],
          [
            -108.01490560731868,
            41.752536391441225
          ],
          [
            -108.01504327511867,
            41.75285565218779
          ],
          [
            -108.01518293484985,
            41.75317431715339
          ],
          [
            -108.0153245726489,
            41.753492374729255
          ],
          [
            -108.01546817465199,
            41.75380981330656
          ],
          [
            -108.01561372699481,
            41.754126621276555
          ],
          [
            -108.01576121581252,
            41.754442787030406
          ],
          [
            -108.01591062723979,
            41.75475829895929
          ],
          [
            -108.01606194741078,
            41.75507314545439
          ],
          [
            -108.01621516245912,
            41.75538731490687
          ],
          [
            -108.01637025851791,
            41.75570079570789
          ],
          [
            -108.01652722171981,
            41.75601357624863
          ],
          [
            -108.01668603819687,
            41.75632564492024
          ],
          [
            -108.0168466940807,
            41.756636990113925
          ],
          [
            -108.01700917550232,
            41.75694760022085
          ],
          [
            -108.01717346859228,
            41.75725746363222
          ],
          [
            -108.01733955948059,
            41.7575665687392
          ],
          [
            -108.01750743429673,
            41.75787490393307
          ],
          [
            -108.01767707916964,
            41.75818245760503
          ],
          [
            -108.01784848022778,
            41.75848921814634
          ],
          [
            -108.01802162359901,
            41.758795173948265
          ],
          [
            -108.01819649541073,
            41.7591003134021
          ],
          [
            -108.01837308178978,
            41.75940462489921
          ],
          [
            -108.01855136886245,
            41.7597080968309
          ],
          [
            -108.0187313427545,
            41.76001071758856
          ],
          [
            -108.01891298959119,
            41.7603124755636
          ],
          [
            -108.0190962954972,
            41.76061335914747
          ],
          [
            -108.01928124659673,
            41.76091335673167
          ],
          [
            -108.01946782901337,
            41.76121245670767
          ],
          [
            -108.01965602887022,
            41.761510647467034
          ],
          [
            -108.0198458322898,
            41.7618079174014
          ],
          [
            -108.02003722539419,
            41.76210425490239
          ],
          [
            -108.02023019430479,
            41.762399648361665
          ],
          [
            -108.02042472514253,
            41.76269408617099
          ],
          [
            -108.02062080402784,
            41.76298755672213
          ],
          [
            -108.02081841708052,
            41.763280048406926
          ],
          [
            -108.0210175504199,
            41.76357154961726
          ],
          [
            -108.02121817318212,
            41.76386205931402
          ],
          [
            -108.02142017882628,
            41.764151623554724
          ],
          [
            -108.0216234397385,
            41.76444030151133
          ],
          [
            -108.02182782830256,
            41.7647281523572
          ],
          [
            -108.02203321690071,
            41.765015235266645
          ],
          [
            -108.02223947791369,
            41.7653016094149
          ],
          [
            -108.0224464837208,
            41.7655873339781
          ],
          [
            -108.02265410669992,
            41.765872468133374
          ],
          [
            -108.02286221922748,
            41.76615707105879
          ],
          [
            -108.02307069367849,
            41.76644120193338
          ],
          [
            -108.02327940242662,
            41.766724919937126
          ],
          [
            -108.02348821784415,
            41.76700828425095
          ],
          [
            -108.02369701230194,
            41.7672913540568
          ],
          [
            -108.02390565816954,
            41.767574188537566
          ],
          [
            -108.02411402781514,
            41.76785684687707
          ],
          [
            -108.02432199360554,
            41.76813938826018
          ],
          [
            -108.02452942790619,
            41.76842187187263
          ],
          [
            -108.0247362030812,
            41.76870435690117
          ],
          [
            -108.02494219149332,
            41.76898690253349
          ],
          [
            -108.02514726550388,
            41.76926956795821
          ],
          [
            -108.02535129747288,
            41.76955241236488
          ],
          [
            -108.02555415975887,
            41.76983549494401
          ],
          [
            -108.02575572471905,
            41.77011887488696
          ],
          [
            -108.02595586470913,
            41.770402611386004
          ],
          [
            -108.02615445208343,
            41.770686763634345
          ],
          [
            -108.02635135919475,
            41.770971390826006
          ],
          [
            -108.0265464583944,
            41.771256552155855
          ],
          [
            -108.02673962203222,
            41.771542306819626
          ],
          [
            -108.02693072245644,
            41.77182871401383
          ],
          [
            -108.02711963201372,
            41.77211583293579
          ],
          [
            -108.02730622304912,
            41.772403722783565
          ],
          [
            -108.02749036790604,
            41.772692442756
          ],
          [
            -108.02767193892616,
            41.77298205205265
          ],
          [
            -108.02785080844949,
            41.77327260987371
          ],
          [
            -108.02802684881418,
            41.773564175420105
          ],
          [
            -108.02819993235659,
            41.77385680789333
          ],
          [
            -108.02836993141123,
            41.774150566495564
          ],
          [
            -108.02853671831068,
            41.77444551042945
          ],
          [
            -108.0287001653855,
            41.77474169889828
          ],
          [
            -108.02886014496427,
            41.77503919110576
          ],
          [
            -108.02901652937344,
            41.775338046256124
          ],
          [
            -108.02916919093731,
            41.77563832355397
          ],
          [
            -108.02931800197797,
            41.77594008220437
          ],
          [
            -108.02946283481528,
            41.77624338141267
          ],
          [
            -108.02960356176665,
            41.77654828038456
          ],
          [
            -108.02974005514716,
            41.776854838325995
          ],
          [
            -108.02987218726935,
            41.77716311444315
          ],
          [
            -108.02999983044319,
            41.77747316794236
          ],
          [
            -108.03012285697604,
            41.777785058030105
          ],
          [
            -108.0302411391725,
            41.778098843912964
          ],
          [
            -108.0303545493344,
            41.778414584797495
          ],
          [
            -108.03046295976065,
            41.7787323398903
          ],
          [
            -108.03056624274718,
            41.77905216839782
          ],
          [
            -108.03066427499859,
            41.779374127296954
          ],
          [
            -108.03075705287277,
            41.77969821309431
          ],
          [
            -108.03084470345419,
            41.78002435623091
          ],
          [
            -108.03092736045981,
            41.78035248379545
          ],
          [
            -108.03100515760786,
            41.780682522875495
          ],
          [
            -108.03107822861787,
            41.78101440055762
          ],
          [
            -108.03114670721091,
            41.78134804392739
          ],
          [
            -108.03121072710958,
            41.78168338006949
          ],
          [
            -108.03127042203812,
            41.78202033606769
          ],
          [
            -108.03132592572251,
            41.78235883900494
          ],
          [
            -108.03137737189056,
            41.78269881596342
          ],
          [
            -108.03142489427195,
            41.7830401940246
          ],
          [
            -108.03146862659834,
            41.78338290026922
          ],
          [
            -108.03150870260346,
            41.78372686177737
          ],
          [
            -108.03154525602312,
            41.784072005628595
          ],
          [
            -108.03157842059537,
            41.7844182589018
          ],
          [
            -108.03160833006046,
            41.78476554867542
          ],
          [
            -108.03163511816099,
            41.78511380202738
          ],
          [
            -108.03165891864188,
            41.78546294603513
          ],
          [
            -108.03167986525055,
            41.78581290777573
          ],
          [
            -108.03169809173683,
            41.786163614325844
          ],
          [
            -108.03171373185312,
            41.786514992761774
          ],
          [
            -108.03172691935438,
            41.78686697015947
          ],
          [
            -108.03173778799821,
            41.78721947359464
          ],
          [
            -108.03174647154482,
            41.78757243014267
          ],
          [
            -108.03175310375717,
            41.7879257668787
          ],
          [
            -108.03175781840093,
            41.78827941087769
          ],
          [
            -108.0317607492445,
            41.788633289214346
          ],
          [
            -108.03176203005911,
            41.78898732896323
          ],
          [
            -108.03176179461879,
            41.789341457198695
          ],
          [
            -108.0317601767004,
            41.789695600994996
          ],
          [
            -108.03175731008366,
            41.79004968742625
          ],
          [
            -108.03175332855116,
            41.790403643566464
          ],
          [
            -108.03174836588835,
            41.79075739648951
          ],
          [
            -108.03174255588361,
            41.79111087326921
          ],
          [
            -108.03173603232818,
            41.79146400097932
          ],
          [
            -108.03172892901621,
            41.79181670669346
          ],
          [
            -108.0317213797448,
            41.79216891748526
          ],
          [
            -108.03171351831384,
            41.79252056042828
          ],
          [
            -108.03170547852622,
            41.792871562596
          ],
          [
            -108.03169739418765,
            41.79322185106187
          ],
          [
            -108.03168939910674,
            41.793571352899306
          ],
          [
            -108.03168162709493,
            41.793919995181675
          ],
          [
            -108.03167421196655,
            41.79426770498227
          ],
          [
            -108.03166728753864,
            41.794614409374375
          ],
          [
            -108.03166098763117,
            41.79496003543119
          ],
          [
            -108.03165544606674,
            41.79530451022587
          ],
          [
            -108.03165079667079,
            41.79564776083152
          ],
          [
            -108.03164717327138,
            41.79598971432113
          ],
          [
            -108.0316447096993,
            41.79633029776761
          ],
          [
            -108.03164353978786,
            41.79666943824384
          ],
          [
            -108.03164379737309,
            41.797007062822495
          ],
          [
            -108.03164561629343,
            41.79734309857619
          ],
          [
            -108.03164912655156,
            41.79767747631799
          ],
          [
            -108.03165440198981,
            41.798010181593554
          ],
          [
            -108.03166147385822,
            41.79834124145731
          ],
          [
            -108.03167037234795,
            41.79867068399593
          ],
          [
            -108.0316811276505,
            41.798998537295944
          ],
          [
            -108.03169376995784,
            41.79932482944377
          ],
          [
            -108.03170832946228,
            41.799649588525725
          ],
          [
            -108.03172483635655,
            41.79997284262798
          ],
          [
            -108.03174332083377,
            41.80029461983655
          ],
          [
            -108.03176381308745,
            41.80061494823735
          ],
          [
            -108.03178634331152,
            41.800933855916135
          ],
          [
            -108.0318109417003,
            41.801251370958475
          ],
          [
            -108.0318376384485,
            41.80156752144983
          ],
          [
            -108.03186646375121,
            41.801882335475526
          ],
          [
            -108.031897447804,
            41.80219584112062
          ],
          [
            -108.03193062080277,
            41.80250806647011
          ],
          [
            -108.03196601294388,
            41.80281903960875
          ],
          [
            -108.03200365442409,
            41.80312878862111
          ],
          [
            -108.03204357544055,
            41.803437341591604
          ],
          [
            -108.03208580619088,
            41.80374472660443
          ],
          [
            -108.0321303768731,
            41.80405097174358
          ],
          [
            -108.03217731768562,
            41.804356105092864
          ],
          [
            -108.03222665882737,
            41.80466015473585
          ],
          [
            -108.03227843049763,
            41.80496314875588
          ],
          [
            -108.03233266289618,
            41.80526511523611
          ],
          [
            -108.0323893862232,
            41.805566082259396
          ],
          [
            -108.03244863067938,
            41.80586607790844
          ],
          [
            -108.03251042646582,
            41.80616513026562
          ],
          [
            -108.03257480378412,
            41.806463267413086
          ],
          [
            -108.03264179283632,
            41.80676051743275
          ],
          [
            -108.03271142382494,
            41.80705690840622
          ],
          [
            -108.03278372695301,
            41.80735246841485
          ],
          [
            -108.03285873242403,
            41.8076472255397
          ],
          [
            -108.03293647044201,
            41.80794120786156
          ],
          [
            -108.03301697121147,
            41.8082344434609
          ],
          [
            -108.0331002649374,
            41.80852696041791
          ],
          [
            -108.03318638182539,
            41.80881878681242
          ],
          [
            -108.03327535208147,
            41.809109950724
          ],
          [
            -108.03336720591228,
            41.809400480231844
          ],
          [
            -108.03346197352498,
            41.80969040341485
          ],
          [
            -108.0335596851273,
            41.80997974835155
          ],
          [
            -108.03366037092749,
            41.81026854312013
          ],
          [
            -108.03376406113446,
            41.81055681579841
          ],
          [
            -108.03387078595763,
            41.81084459446384
          ],
          [
            -108.03398057560703,
            41.81113190719351
          ],
          [
            -108.03409346029333,
            41.81141878206411
          ],
          [
            -108.03420947022781,
            41.811705247151956
          ],
          [
            -108.03432863562234,
            41.811991330532926
          ],
          [
            -108.03445098668946,
            41.81227706028254
          ],
          [
            -108.03457655364238,
            41.81256246447586
          ],
          [
            -108.03470536669494,
            41.812847571187525
          ],
          [
            -108.03483745606165,
            41.81313240849176
          ],
          [
            -108.03497285195776,
            41.8134170044623
          ],
          [
            -108.03511158459914,
            41.81370138717247
          ],
          [
            -108.03525368420244,
            41.813985584695125
          ],
          [
            -108.03539918098502,
            41.814269625102604
          ],
          [
            -108.03554810516496,
            41.814553536466825
          ],
          [
            -108.03570048696112,
            41.81483734685917
          ],
          [
            -108.03585635659311,
            41.815121084350544
          ],
          [
            -108.03601574428134,
            41.815404777011324
          ],
          [
            -108.03617867149785,
            41.81568844976554
          ],
          [
            -108.03634509647755,
            41.81597210479925
          ],
          [
            -108.03651494965878,
            41.81625573430441
          ],
          [
            -108.03668816135887,
            41.81653933043006
          ],
          [
            -108.03686466189372,
            41.8168228853254
          ],
          [
            -108.03704438157796,
            41.81710639113986
          ],
          [
            -108.03722725072488,
            41.817389840023
          ],
          [
            -108.03741319964642,
            41.817673224124654
          ],
          [
            -108.03760215865323,
            41.81795653559491
          ],
          [
            -108.03779405805453,
            41.81823976658411
          ],
          [
            -108.0379888281583,
            41.818522909242866
          ],
          [
            -108.03818639927114,
            41.8188059557221
          ],
          [
            -108.03838670169829,
            41.81908889817304
          ],
          [
            -108.03858966574366,
            41.81937172874728
          ],
          [
            -108.03879522170983,
            41.81965443959671
          ],
          [
            -108.03900329989801,
            41.819937022873674
          ],
          [
            -108.03921383060808,
            41.8202194707308
          ],
          [
            -108.03942674413854,
            41.82050177532116
          ],
          [
            -108.03964197078662,
            41.82078392879827
          ],
          [
            -108.03985944084809,
            41.82106592331601
          ],
          [
            -108.04007908461747,
            41.821347751028746
          ],
          [
            -108.04030083238789,
            41.8216294040913
          ],
          [
            -108.0405246144511,
            41.8219108746589
          ],
          [
            -108.04075036109755,
            41.82219215488734
          ],
          [
            -108.04097800261633,
            41.822473236932844
          ],
          [
            -108.04120746929517,
            41.82275411295216
          ],
          [
            -108.04143869142044,
            41.823034775102556
          ],
          [
            -108.0416715992772,
            41.82331521554182
          ],
          [
            -108.04190612314913,
            41.82359542642828
          ],
          [
            -108.04214219331858,
            41.823875399920816
          ],
          [
            -108.04237974006656,
            41.82415512817884
          ],
          [
            -108.04261869367272,
            41.82443460336235
          ],
          [
            -108.04285898441539,
            41.82471381763192
          ],
          [
            -108.04310054257154,
            41.8249927631487
          ],
          [
            -108.04334329841681,
            41.82527143207443
          ],
          [
            -108.04358718222551,
            41.825549816571446
          ],
          [
            -108.04383212427062,
            41.825827908802694
          ],
          [
            -108.04407805482376,
            41.82610570093171
          ],
          [
            -108.04432490415525,
            41.826383185122694
          ],
          [
            -108.04457260253405,
            41.826660353540404
          ],
          [
            -108.04482108022783,
            41.82693719835031
          ],
          [
            -108.04507026750294,
            41.82721371171844
          ],
          [
            -108.04532009462437,
            41.82748988581148
          ],
          [
            -108.04557049185586,
            41.8277657127968
          ],
          [
            -108.04582138945975,
            41.82804118484234
          ],
          [
            -108.04607271769714,
            41.82831629411676
          ],
          [
            -108.04632440682781,
            41.82859103278934
          ],
          [
            -108.04657639110505,
            41.82886539378108
          ],
          [
            -108.04682864601148,
            41.82913937776545
          ],
          [
            -108.04708117134824,
            41.829412989988235
          ],
          [
            -108.04733396723064,
            41.8296862357543
          ],
          [
            -108.04758703377411,
            41.829959120368514
          ],
          [
            -108.04784037109411,
            41.83023164913572
          ],
          [
            -108.04809397930624,
            41.830503827360765
          ],
          [
            -108.04834785852616,
            41.830775660348465
          ],
          [
            -108.04860200886961,
            41.831047153403695
          ],
          [
            -108.04885643045237,
            41.83131831183126
          ],
          [
            -108.04911112339042,
            41.831589140935954
          ],
          [
            -108.04936608779968,
            41.8318596460226
          ],
          [
            -108.04962132379626,
            41.832129832396035
          ],
          [
            -108.04987683149629,
            41.83239970536102
          ],
          [
            -108.05013261101602,
            41.83266927022237
          ],
          [
            -108.0503886624718,
            41.83293853228487
          ],
          [
            -108.05064498598,
            41.83320749685327
          ],
          [
            -108.05090158165714,
            41.8334761692324
          ],
          [
            -108.05115844961976,
            41.83374455472696
          ],
          [
            -108.05141558998457,
            41.83401265864175
          ],
          [
            -108.05167300286828,
            41.83428048628152
          ],
          [
            -108.05193068838774,
            41.83454804295102
          ],
          [
            -108.05218864665986,
            41.83481533395496
          ],
          [
            -108.05244687780164,
            41.83508236459811
          ],
          [
            -108.05270538193017,
            41.83534914018519
          ],
          [
            -108.05296415916264,
            41.83561566602091
          ],
          [
            -108.05322320961629,
            41.83588194740998
          ],
          [
            -108.05348253340848,
            41.83614798965712
          ],
          [
            -108.05374213065664,
            41.836413798067014
          ],
          [
            -108.05400200147831,
            41.83667937794438
          ],
          [
            -108.05426214599107,
            41.83694473459389
          ],
          [
            -108.05452256431263,
            41.83720987332024
          ],
          [
            -108.0547832565608,
            41.83747479942809
          ],
          [
            -108.05504422285341,
            41.8377395182221
          ],
          [
            -108.05530546330843,
            41.838004035006946
          ],
          [
            -108.05556697804391,
            41.838268355087266
          ],
          [
            -108.05582876717801,
            41.838532483767736
          ],
          [
            -108.05609083082892,
            41.838796426352985
          ],
          [
            -108.05635316911498,
            41.83906018814762
          ],
          [
            -108.05661578215458,
            41.83932377445631
          ],
          [
            -108.05687867006623,
            41.83958719058364
          ],
          [
            -108.0571418329685,
            41.83985044183426
          ],
          [
            -108.05740527098004,
            41.84011353351274
          ],
          [
            -108.05766898421966,
            41.840376470923694
          ],
          [
            -108.05793297280619,
            41.84063925937175
          ],
          [
            -108.05819720419666,
            41.84090191332107
          ],
          [
            -108.05846134246417,
            41.8411645323169
          ],
          [
            -108.05872488698236,
            41.84142726209515
          ],
          [
            -108.05898733548362,
            41.84169024885524
          ],
          [
            -108.05924818569488,
            41.84195363880131
          ],
          [
            -108.05950693533762,
            41.84221757814227
          ],
          [
            -108.05976308212766,
            41.842482213091515
          ],
          [
            -108.06001612377514,
            41.842747689867075
          ],
          [
            -108.0602655579844,
            41.8430141546913
          ],
          [
            -108.06051088245371,
            41.84328175379082
          ],
          [
            -108.06075159487527,
            41.8435506333963
          ],
          [
            -108.06098719293485,
            41.84382093974237
          ],
          [
            -108.06121717431161,
            41.844092819067306
          ],
          [
            -108.06144103667788,
            41.84436641761289
          ],
          [
            -108.06165827769885,
            41.84464188162405
          ],
          [
            -108.06186839503232,
            41.844919357348765
          ],
          [
            -108.06207088632827,
            41.84519899103758
          ],
          [
            -108.06226524922862,
            41.845480928943424
          ],
          [
            -108.0624509813668,
            41.845765317321245
          ],
          [
            -108.06262758036738,
            41.84605230242764
          ],
          [
            -108.06279454384564,
            41.84634203052046
          ],
          [
            -108.06295136940713,
            41.84663464785848
          ],
          [
            -108.06309755464717,
            41.8469303007009
          ],
          [
            -108.06323259715043,
            41.84722913530696
          ],
          [
            -108.0633559944903,
            41.84753129793546
          ],
          [
            -108.06346724422849,
            41.847836934844295
          ],
          [
            -108.06356584391432,
            41.8481461922899
          ],
          [
            -108.06365129108427,
            41.848459216526805
          ],
          [
            -108.06372308326124,
            41.84877615380699
          ],
          [
            -108.06378071795405,
            41.84909715037942
          ],
          [
            -108.06382369274381,
            41.8494223524601
          ],
          [
            -108.06385186550472,
            41.849751785390424
          ],
          [
            -108.06386627592143,
            41.85008507805067
          ],
          [
            -108.06386820563048,
            41.850421778154725
          ],
          [
            -108.06385893629017,
            41.85076143341133
          ],
          [
            -108.0638397495821,
            41.8511035915254
          ],
          [
            -108.06381192721248,
            41.85144780019914
          ],
          [
            -108.06377675091345,
            41.851793607133054
          ],
          [
            -108.06373550244378,
            41.852140560026776
          ],
          [
            -108.06368946358994,
            41.852488206579864
          ],
          [
            -108.06363991616654,
            41.85283609449235
          ],
          [
            -108.06358814201676,
            41.853183771465176
          ],
          [
            -108.0635354230126,
            41.85353078520051
          ],
          [
            -108.06348304105495,
            41.85387668340198
          ],
          [
            -108.06343227807339,
            41.85422101377463
          ],
          [
            -108.06338441602585,
            41.85456332402488
          ],
          [
            -108.06334073689814,
            41.854903161860264
          ],
          [
            -108.06330252270315,
            41.855240074989055
          ],
          [
            -108.06327105548004,
            41.855573611119794
          ],
          [
            -108.06324761729313,
            41.85590331796055
          ],
          [
            -108.06323349023056,
            41.85622874321824
          ],
          [
            -108.06322995640292,
            41.85654943459761
          ],
          [
            -108.06323829794154,
            41.85686493980027
          ],
          [
            -108.06325979652306,
            41.85717480670594
          ],
          [
            -108.06329534597599,
            41.85747873269427
          ],
          [
            -108.06334475119314,
            41.85777683487945
          ],
          [
            -108.06340762737351,
            41.85806930348563
          ],
          [
            -108.0634835897026,
            41.858356328733386
          ],
          [
            -108.06357225335321,
            41.858638100840075
          ],
          [
            -108.06367323348609,
            41.85891481002036
          ],
          [
            -108.06378614525072,
            41.85918664648649
          ],
          [
            -108.0639106037859,
            41.859453800448804
          ],
          [
            -108.06404622422048,
            41.85971646211595
          ],
          [
            -108.06419262167394,
            41.859974821695424
          ],
          [
            -108.06434941125697,
            41.86022906939381
          ],
          [
            -108.0645162080721,
            41.86047939541712
          ],
          [
            -108.06469262721426,
            41.86072598997116
          ],
          [
            -108.06487828377126,
            41.86096904326179
          ],
          [
            -108.06507279282434,
            41.86120874549533
          ],
          [
            -108.06527576944866,
            41.86144528687872
          ],
          [
            -108.06548682871376,
            41.86167885761988
          ],
          [
            -108.06570558568396,
            41.86190964792794
          ],
          [
            -108.06593165541885,
            41.86213784801348
          ],
          [
            -108.06616465297363,
            41.86236364808887
          ],
          [
            -108.06640419339948,
            41.86258723836832
          ],
          [
            -108.06664989174398,
            41.86280880906827
          ],
          [
            -108.0669013630513,
            41.86302855040747
          ],
          [
            -108.06715822236266,
            41.863246652607245
          ],
          [
            -108.06742008471646,
            41.86346330589163
          ],
          [
            -108.06768656514868,
            41.8636787004876
          ],
          [
            -108.06795727869294,
            41.86389302662511
          ],
          [
            -108.06823184038089,
            41.864106474537365
          ],
          [
            -108.06850986524225,
            41.864319234460865
          ],
          [
            -108.06879096830507,
            41.864531496635564
          ],
          [
            -108.06907476459578,
            41.86474345130491
          ],
          [
            -108.06936086913942,
            41.86495528871611
          ],
          [
            -108.06964889695959,
            41.86516719911994
          ],
          [
            -108.06993846307864,
            41.865379372771066
          ],
          [
            -108.07022918251765,
            41.86559199992798
          ],
          [
            -108.0705206702965,
            41.86580527085302
          ],
          [
            -108.0708125414338,
            41.86601937581252
          ],
          [
            -108.0711044109469,
            41.86623450507669
          ],
          [
            -108.07139589385189,
            41.86645084891972
          ],
          [
            -108.07168660516344,
            41.86666859761975
          ],
          [
            -108.07197615989477,
            41.866887941458835
          ],
          [
            -108.07226417305752,
            41.86710907072294
          ],
          [
            -108.07255025966158,
            41.86733217570188
          ],
          [
            -108.07283403471496,
            41.867557446689275
          ],
          [
            -108.07311511322358,
            41.86778507398251
          ],
          [
            -108.07339311019106,
            41.86801524788261
          ],
          [
            -108.07366764061852,
            41.86824815869416
          ],
          [
            -108.07393831950426,
            41.86848399672525
          ],
          [
            -108.07420476184356,
            41.86872295228731
          ],
          [
            -108.07446659516505,
            41.86896520899491
          ],
          [
            -108.07472369805834,
            41.86921081628808
          ],
          [
            -108.07497618105917,
            41.86945969964575
          ],
          [
            -108.07522416340844,
            41.86971177989246
          ],
          [
            -108.07546776434613,
            41.86996697785123
          ],
          [
            -108.0757071031115,
            41.87022521434355
          ],
          [
            -108.07594229894316,
            41.8704864101895
          ],
          [
            -108.07617347107923,
            41.870750486207726
          ],
          [
            -108.07640073875739,
            41.87101736321547
          ],
          [
            -108.07662422121494,
            41.87128696202871
          ],
          [
            -108.07684403768909,
            41.87155920346203
          ],
          [
            -108.0770603074168,
            41.87183400832882
          ],
          [
            -108.07727314963508,
            41.87211129744122
          ],
          [
            -108.07748268358095,
            41.87239099161016
          ],
          [
            -108.07768902849165,
            41.872673011645425
          ],
          [
            -108.07789230360456,
            41.872957278355656
          ],
          [
            -108.07809262815744,
            41.87324371254841
          ],
          [
            -108.07829012138839,
            41.873532235030126
          ],
          [
            -108.07848490253605,
            41.87382276660625
          ],
          [
            -108.07867709083953,
            41.87411522808118
          ],
          [
            -108.0788668055386,
            41.874409540258334
          ],
          [
            -108.07905416587369,
            41.87470562394014
          ],
          [
            -108.07923929108591,
            41.8750033999281
          ],
          [
            -108.0794223004173,
            41.87530278902276
          ],
          [
            -108.07960331311067,
            41.87560371202385
          ],
          [
            -108.07978244840973,
            41.875906089730115
          ],
          [
            -108.0799598255592,
            41.87620984293948
          ],
          [
            -108.08013556380482,
            41.876514892449
          ],
          [
            -108.08030978239334,
            41.87682115905494
          ],
          [
            -108.08048260057268,
            41.87712856355274
          ],
          [
            -108.08065413759185,
            41.877437026736985
          ],
          [
            -108.08082451270106,
            41.87774646940153
          ],
          [
            -108.08099384515175,
            41.878056812339445
          ],
          [
            -108.08116225419658,
            41.878367976342986
          ],
          [
            -108.08132985908951,
            41.87867988220371
          ],
          [
            -108.08149677908575,
            41.87899245071239
          ],
          [
            -108.08166313344192,
            41.87930560265909
          ],
          [
            -108.08182904141589,
            41.879619258833074
          ],
          [
            -108.08199462226693,
            41.879933340022944
          ],
          [
            -108.0821599952557,
            41.880247767016535
          ],
          [
            -108.08232527964418,
            41.88056246060097
          ],
          [
            -108.08249059469581,
            41.88087734156265
          ],
          [
            -108.08265605967539,
            41.88119233068722
          ],
          [
            -108.08282179384909,
            41.88150734875964
          ],
          [
            -108.0829879164845,
            41.881822316564154
          ],
          [
            -108.08315454685062,
            41.88213715488421
          ],
          [
            -108.0833218042178,
            41.8824517845026
          ],
          [
            -108.08348980785776,
            41.882766126201275
          ],
          [
            -108.08365867704359,
            41.88308010076158
          ],
          [
            -108.08382853104972,
            41.883393628963965
          ],
          [
            -108.08399948915189,
            41.8837066315882
          ],
          [
            -108.08417167050906,
            41.884019029477344
          ],
          [
            -108.08434515028813,
            41.88433076735019
          ],
          [
            -108.08451989398048,
            41.8846418494496
          ],
          [
            -108.08469585026968,
            41.88495228914037
          ],
          [
            -108.0848729678383,
            41.88526209978766
          ],
          [
            -108.0850511953681,
            41.88557129475687
          ],
          [
            -108.08523048153994,
            41.88587988741375
          ],
          [
            -108.08541077503382,
            41.886187891124365
          ],
          [
            -108.0855920245289,
            41.88649531925511
          ],
          [
            -108.08577417870346,
            41.886802185172705
          ],
          [
            -108.08595718623492,
            41.887108502244175
          ],
          [
            -108.08614099579991,
            41.8874142838369
          ],
          [
            -108.08632555607416,
            41.88771954331861
          ],
          [
            -108.08651081573265,
            41.88802429405735
          ],
          [
            -108.08669672344946,
            41.88832854942152
          ],
          [
            -108.08688322789793,
            41.8886323227799
          ],
          [
            -108.08707027775051,
            41.88893562750156
          ],
          [
            -108.08725782167892,
            41.88923847695594
          ],
          [
            -108.087445808354,
            41.889540884512876
          ],
          [
            -108.08763418644588,
            41.88984286354252
          ],
          [
            -108.08782290462383,
            41.89014442741539
          ],
          [
            -108.08801191155639,
            41.89044558950237
          ],
          [
            -108.08820115591122,
            41.8907463631747
          ],
          [
            -108.08839058635532,
            41.89104676180398
          ],
          [
            -108.08858015155482,
            41.89134679876217
          ],
          [
            -108.08876980017513,
            41.89164648742163
          ],
          [
            -108.08895948088086,
            41.89194584115501
          ],
          [
            -108.08914914233586,
            41.89224487333541
          ],
          [
            -108.08933873320322,
            41.892543597336214
          ],
          [
            -108.08952820214527,
            41.89284202653125
          ],
          [
            -108.08971749782359,
            41.89314017429462
          ],
          [
            -108.08990656889895,
            41.89343805400088
          ],
          [
            -108.09009536403141,
            41.89373567902486
          ],
          [
            -108.09028383188028,
            41.894033062741826
          ],
          [
            -108.0904719211041,
            41.89433021852735
          ],
          [
            -108.09065958036062,
            41.89462715975741
          ],
          [
            -108.0908467583069,
            41.89492389980827
          ],
          [
            -108.09103340359921,
            41.89522045205664
          ],
          [
            -108.0912194648931,
            41.89551682987949
          ],
          [
            -108.09140489084332,
            41.89581304665419
          ],
          [
            -108.0915896301039,
            41.89610911575845
          ],
          [
            -108.09177363132811,
            41.89640505057034
          ],
          [
            -108.09195684316849,
            41.8967008644682
          ],
          [
            -108.09213921427678,
            41.8969965708308
          ],
          [
            -108.09232069330402,
            41.89729218303717
          ],
          [
            -108.09250122890043,
            41.89758771446673
          ],
          [
            -108.09268076971554,
            41.89788317849914
          ],
          [
            -108.09285926439809,
            41.8981785885145
          ],
          [
            -108.09303666159602,
            41.89847395789311
          ],
          [
            -108.09321290995659,
            41.898769300015644
          ],
          [
            -108.09338795812621,
            41.899064628263076
          ],
          [
            -108.09356175475061,
            41.899359956016674
          ],
          [
            -108.09373424847463,
            41.899655296658004
          ],
          [
            -108.09390538794247,
            41.89995066356892
          ],
          [
            -108.09407512179746,
            41.90024607013155
          ],
          [
            -108.09424339868218,
            41.900541529728336
          ],
          [
            -108.09441016723842,
            41.90083705574196
          ],
          [
            -108.09457537610719,
            41.90113266155538
          ],
          [
            -108.0947389739287,
            41.90142836055182
          ],
          [
            -108.09490090934233,
            41.90172416611471
          ],
          [
            -108.09506113098674,
            41.902020091627804
          ],
          [
            -108.0952195874997,
            41.902316150475045
          ],
          [
            -108.09537622751823,
            41.902612356040606
          ],
          [
            -108.09553099967846,
            41.902908721708876
          ],
          [
            -108.09568385261578,
            41.903205260864496
          ],
          [
            -108.0958347349647,
            41.90350198689227
          ],
          [
            -108.09598359535889,
            41.90379891317722
          ],
          [
            -108.0961303824312,
            41.904096053104574
          ],
          [
            -108.09627504481365,
            41.904393420059684
          ],
          [
            -108.09641753113735,
            41.904691027428115
          ],
          [
            -108.09655779003262,
            41.90498888859559
          ],
          [
            -108.09669577012882,
            41.90528701694799
          ],
          [
            -108.09683142005453,
            41.90558542587129
          ],
          [
            -108.09696468843737,
            41.905884128751644
          ],
          [
            -108.09709552390413,
            41.90618313897533
          ],
          [
            -108.09722387508064,
            41.906482469928704
          ],
          [
            -108.09734969059188,
            41.90678213499823
          ],
          [
            -108.09747291906189,
            41.90708214757048
          ],
          [
            -108.09759350911375,
            41.907382521032076
          ],
          [
            -108.09771140936965,
            41.90768326876974
          ],
          [
            -108.09782656845083,
            41.90798440417019
          ],
          [
            -108.09793893497755,
            41.90828594062028
          ],
          [
            -108.09804845756916,
            41.908587891506784
          ],
          [
            -108.09815508484398,
            41.908890270216574
          ],
          [
            -108.09825876541937,
            41.909193090136526
          ],
          [
            -108.09835944791172,
            41.90949636465342
          ],
          [
            -108.09845708093637,
            41.90980010715413
          ],
          [
            -108.09855161310769,
            41.91010433102546
          ],
          [
            -108.09864299303898,
            41.91040904965409
          ],
          [
            -108.09873116934256,
            41.91071427642675
          ],
          [
            -108.09881609062963,
            41.91102002473003
          ],
          [
            -108.0988977055104,
            41.91132630795047
          ],
          [
            -108.09897596259394,
            41.91163313947445
          ],
          [
            -108.09905081048832,
            41.911940532688284
          ],
          [
            -108.09912219780044,
            41.91224850097815
          ],
          [
            -108.0991900731361,
            41.91255705773005
          ],
          [
            -108.09925438510001,
            41.91286621632984
          ],
          [
            -108.09931508229575,
            41.913175990163204
          ],
          [
            -108.09937211332569,
            41.913486392615624
          ],
          [
            -108.0994254267911,
            41.91379743707236
          ],
          [
            -108.09947497129204,
            41.91410913691847
          ],
          [
            -108.09952069542739,
            41.91442150553877
          ],
          [
            -108.09956254779482,
            41.91473455631776
          ],
          [
            -108.09960047699082,
            41.91504830263977
          ],
          [
            -108.0996344560614,
            41.91536275346086
          ],
          [
            -108.09966459620684,
            41.91567789271782
          ],
          [
            -108.09969105710304,
            41.9159936955686
          ],
          [
            -108.0997139984813,
            41.91631013716108
          ],
          [
            -108.09973358007572,
            41.9166271926425
          ],
          [
            -108.09974996162332,
            41.91694483715972
          ],
          [
            -108.09976330286399,
            41.91726304585899
          ],
          [
            -108.09977376354061,
            41.917581793886235
          ],
          [
            -108.09978150339899,
            41.91790105638699
          ],
          [
            -108.09978668218797,
            41.91822080850641
          ],
          [
            -108.09978945965939,
            41.91854102538938
          ],
          [
            -108.09978999556814,
            41.9188616821805
          ],
          [
            -108.0997884496722,
            41.91918275402412
          ],
          [
            -108.09978498173264,
            41.91950421606438
          ],
          [
            -108.0997797515136,
            41.91982604344527
          ],
          [
            -108.09977291878238,
            41.92014821131057
          ],
          [
            -108.09976464330938,
            41.920470694803974
          ],
          [
            -108.09975508486825,
            41.920793469069004
          ],
          [
            -108.0997444032357,
            41.92111650924913
          ],
          [
            -108.09973275819175,
            41.92143979048775
          ],
          [
            -108.09972030951948,
            41.92176328792817
          ],
          [
            -108.0997072170053,
            41.92208697671363
          ],
          [
            -108.09969364043877,
            41.92241083198736
          ],
          [
            -108.09967973961267,
            41.92273482889254
          ],
          [
            -108.09966567432305,
            41.92305894257232
          ],
          [
            -108.09965160436917,
            41.9233831481698
          ],
          [
            -108.0996376895535,
            41.9237074208281
          ],
          [
            -108.0996240896818,
            41.92403173569028
          ],
          [
            -108.09961096456304,
            41.924356067899346
          ],
          [
            -108.09959847400944,
            41.92468039259835
          ],
          [
            -108.09958677783644,
            41.925004684930215
          ],
          [
            -108.09957603586273,
            41.925328920037856
          ],
          [
            -108.09956640791019,
            41.9256530730641
          ],
          [
            -108.09955805380397,
            41.9259771191517
          ],
          [
            -108.09955113337242,
            41.92630103344333
          ],
          [
            -108.09954580644704,
            41.92662479108153
          ],
          [
            -108.0995422328626,
            41.926948367208716
          ],
          [
            -108.09954057245703,
            41.92727173696712
          ],
          [
            -108.09954098507137,
            41.92759487549882
          ],
          [
            -108.09954363054989,
            41.927917757945664
          ],
          [
            -108.09954866873996,
            41.92824035944928
          ],
          [
            -108.09955625949203,
            41.928562655151
          ],
          [
            -108.09956656265975,
            41.92888462019185
          ],
          [
            -108.09957973809975,
            41.929206229712534
          ],
          [
            -108.09959594567178,
            41.929527458853386
          ],
          [
            -108.09961534523859,
            41.92984828275425
          ],
          [
            -108.09963809666597,
            41.93016867655459
          ],
          [
            -108.09966435982268,
            41.9304886153933
          ],
          [
            -108.09969429458043,
            41.93080807440876
          ],
          [
            -108.09972806081389,
            41.93112702873871
          ],
          [
            -108.09976581840058,
            41.93144545352024
          ],
          [
            -108.09980772722095,
            41.931763323889776
          ],
          [
            -108.09985394715822,
            41.93208061498291
          ],
          [
            -108.0999046380985,
            41.932397301934444
          ],
          [
            -108.09995995993057,
            41.932713359878306
          ],
          [
            -108.100020072546,
            41.933028763947455
          ],
          [
            -108.10008513583905,
            41.933343489273845
          ],
          [
            -108.1001552991013,
            41.93365751274525
          ],
          [
            -108.10023055059371,
            41.933970837925315
          ],
          [
            -108.10031075340162,
            41.934283489113795
          ],
          [
            -108.10039576731685,
            41.93459549115536
          ],
          [
            -108.10048545212844,
            41.93490686889461
          ],
          [
            -108.10057966762241,
            41.935217647176074
          ],
          [
            -108.1006782735821,
            41.93552785084427
          ],
          [
            -108.100781129788,
            41.93583750474381
          ],
          [
            -108.10088809601787,
            41.93614663371937
          ],
          [
            -108.10099903204674,
            41.936455262615794
          ],
          [
            -108.10111379764696,
            41.93676341627818
          ],
          [
            -108.10123225258822,
            41.937071119551845
          ],
          [
            -108.10135425663755,
            41.93737839728237
          ],
          [
            -108.1014796695594,
            41.93768527431576
          ],
          [
            -108.10160835111562,
            41.93799177549832
          ],
          [
            -108.1017401610655,
            41.93829792567686
          ],
          [
            -108.10187495916583,
            41.938603749698586
          ],
          [
            -108.10201260517083,
            41.93890927241123
          ],
          [
            -108.10215295883226,
            41.93921451866306
          ],
          [
            -108.10229587989937,
            41.939519513302926
          ],
          [
            -108.10244122811899,
            41.93982428118025
          ],
          [
            -108.10258886323548,
            41.94012884714511
          ],
          [
            -108.1027386449908,
            41.94043323604824
          ],
          [
            -108.10289043312447,
            41.94073747274103
          ],
          [
            -108.10304408737363,
            41.94104158207563
          ],
          [
            -108.10319946747302,
            41.941345588904866
          ],
          [
            -108.103356433155,
            41.941649518082365
          ],
          [
            -108.10351484414959,
            41.94195339446251
          ],
          [
            -108.10367456018442,
            41.942257242900496
          ],
          [
            -108.1038354409848,
            41.94256108825231
          ],
          [
            -108.10399734627364,
            41.94286495537475
          ],
          [
            -108.1041601357716,
            41.94316886912551
          ],
          [
            -108.10432366919687,
            41.94347285436307
          ],
          [
            -108.10448780626545,
            41.943776935946815
          ],
          [
            -108.10465240669093,
            41.94408113873696
          ],
          [
            -108.10481733018455,
            41.94438548759464
          ],
          [
            -108.10498243645526,
            41.94469000738181
          ],
          [
            -108.10514758520965,
            41.9449947229614
          ],
          [
            -108.10531263615196,
            41.945299659197104
          ],
          [
            -108.10547744898415,
            41.94560484095363
          ],
          [
            -108.1056418834057,
            41.94591029309645
          ],
          [
            -108.10580579911388,
            41.94621604049203
          ],
          [
            -108.10596905580346,
            41.9465221080076
          ],
          [
            -108.10613151316696,
            41.946828520511325
          ],
          [
            -108.10629303089439,
            41.947135302872184
          ],
          [
            -108.10645346867346,
            41.94744247996009
          ],
          [
            -108.10661268618941,
            41.94775007664569
          ],
          [
            -108.1067705431251,
            41.94805811780049
          ],
          [
            -108.10692689916087,
            41.948366628296846
          ],
          [
            -108.10708161397471,
            41.94867563300784
          ],
          [
            -108.10723454724204,
            41.94898515680736
          ],
          [
            -108.10738555863584,
            41.94929522457005
          ],
          [
            -108.10753450782656,
            41.949605861171264
          ],
          [
            -108.10768125448209,
            41.94991709148708
          ],
          [
            -108.1078256813751,
            41.950228936007576
          ],
          [
            -108.10796777909738,
            41.9505413947547
          ],
          [
            -108.10810756966367,
            41.95085446178492
          ],
          [
            -108.10824507509274,
            41.95116813115375
          ],
          [
            -108.10838031740343,
            41.95148239691645
          ],
          [
            -108.1085133186149,
            41.95179725312803
          ],
          [
            -108.10864410074653,
            41.952112693843276
          ],
          [
            -108.10877268581794,
            41.95242871311672
          ],
          [
            -108.10889909584901,
            41.95274530500267
          ],
          [
            -108.10902335285984,
            41.9530624635552
          ],
          [
            -108.10914547887084,
            41.95338018282816
          ],
          [
            -108.10926549590263,
            41.95369845687515
          ],
          [
            -108.10938342597612,
            41.95401727974961
          ],
          [
            -108.10949929111247,
            41.954336645504725
          ],
          [
            -108.10961311333314,
            41.954656548193455
          ],
          [
            -108.10972491465984,
            41.95497698186862
          ],
          [
            -108.10983471711457,
            41.955297940582746
          ],
          [
            -108.10994254271962,
            41.955619418388245
          ],
          [
            -108.11004841349757,
            41.95594140933728
          ],
          [
            -108.11015235147127,
            41.95626390748185
          ],
          [
            -108.1102543786639,
            41.95658690687373
          ],
          [
            -108.1103545170989,
            41.95691040156457
          ],
          [
            -108.11045278880005,
            41.9572343856058
          ],
          [
            -108.11054921579138,
            41.95755885304866
          ],
          [
            -108.11064382009734,
            41.95788379794424
          ],
          [
            -108.11073662374257,
            41.95820921434346
          ],
          [
            -108.11082764875209,
            41.95853509629708
          ],
          [
            -108.11091691715126,
            41.95886143785565
          ],
          [
            -108.11100445096571,
            41.95918823306962
          ],
          [
            -108.11109027222143,
            41.95951547598925
          ],
          [
            -108.11117440294477,
            41.95984316066465
          ],
          [
            -108.11125686516233,
            41.96017128114577
          ],
          [
            -108.11133768090112,
            41.96049983148244
          ],
          [
            -108.11141687218847,
            41.96082880572432
          ],
          [
            -108.11149446105206,
            41.96115819792094
          ],
          [
            -108.1115704695199,
            41.96148800212171
          ],
          [
            -108.11164491962036,
            41.96181821237585
          ],
          [
            -108.11171783338217,
            41.96214882273248
          ],
          [
            -108.11178923283441,
            41.96247982724061
          ],
          [
            -108.11185914000652,
            41.9628112199491
          ],
          [
            -108.1119275769283,
            41.96314299490669
          ],
          [
            -108.11199456562993,
            41.96347514616199
          ],
          [
            -108.1120601281419,
            41.96380766776349
          ],
          [
            -108.11212428649519,
            41.96414055375961
          ],
          [
            -108.112187062721,
            41.96447379819859
          ],
          [
            -108.11224847885106,
            41.9648073951286
          ],
          [
            -108.11230855691734,
            41.96514133859767
          ],
          [
            -108.11236731895231,
            41.965475622653784
          ],
          [
            -108.11242478698873,
            41.965810241344755
          ],
          [
            -108.11248098305978,
            41.966145188718336
          ],
          [
            -108.11253592919908,
            41.96648045882217
          ],
          [
            -108.11258964744056,
            41.9668160457038
          ],
          [
            -108.11264215981859,
            41.967151943410684
          ],
          [
            -108.11269348836794,
            41.96748814599019
          ],
          [
            -108.11274365512375,
            41.967824647489564
          ],
          [
            -108.11279268212157,
            41.968161441956006
          ],
          [
            -108.11284059139737,
            41.96849852343663
          ],
          [
            -108.11288740498752,
            41.968835885978436
          ],
          [
            -108.11293314492877,
            41.969173523628385
          ],
          [
            -108.11297783325834,
            41.96951143043329
          ],
          [
            -108.11302149201379,
            41.96984960043998
          ],
          [
            -108.11306414323312,
            41.970188027695144
          ],
          [
            -108.11310580895477,
            41.97052670624541
          ],
          [
            -108.1131465112176,
            41.97086563013735
          ],
          [
            -108.11318627206082,
            41.97120479341744
          ],
          [
            -108.11322511352414,
            41.971544190132114
          ],
          [
            -108.11326305764764,
            41.971883814327754
          ],
          [
            -108.1133001264719,
            41.97222366005063
          ],
          [
            -108.11333634203781,
            41.97256372134697
          ],
          [
            -108.11337172638677,
            41.972903992262985
          ],
          [
            -108.11340630156062,
            41.97324446684474
          ],
          [
            -108.11344008960157,
            41.97358513913833
          ],
          [
            -108.11347311255231,
            41.97392600318973
          ],
          [
            -108.11350539245595,
            41.97426705304491
          ],
          [
            -108.11353695135602,
            41.97460828274972
          ],
          [
            -108.11356781129652,
            41.974949686350044
          ],
          [
            -108.11359799432188,
            41.97529125789165
          ],
          [
            -108.11362752247695,
            41.975632991420284
          ],
          [
            -108.11365641780701,
            41.975974880981624
          ],
          [
            -108.11368470235783,
            41.976316920621336
          ],
          [
            -108.1137123981756,
            41.976659104384986
          ],
          [
            -108.11373952730693,
            41.97700142631817
          ],
          [
            -108.11376611179892,
            41.97734388046637
          ],
          [
            -108.1137921736991,
            41.977686460875056
          ],
          [
            -108.11381773505542,
            41.97802916158967
          ],
          [
            -108.11384281791632,
            41.97837197665556
          ],
          [
            -108.11386744433067,
            41.97871490011814
          ],
          [
            -108.11389163634777,
            41.97905792602265
          ],
          [
            -108.11391541601743,
            41.97940104841439
          ],
          [
            -108.11393880538985,
            41.97974426133858
          ],
          [
            -108.11396182651573,
            41.98008755884044
          ],
          [
            -108.1139845014462,
            41.980430934965085
          ],
          [
            -108.11400685223282,
            41.98077438375769
          ],
          [
            -108.11402890092766,
            41.981117899263324
          ],
          [
            -108.11405066958321,
            41.981461475527034
          ],
          [
            -108.11407218025244,
            41.98180510659385
          ],
          [
            -108.11409345498873,
            41.982148786508766
          ],
          [
            -108.11411451584598,
            41.98249250931675
          ],
          [
            -108.11413538487851,
            41.982836269062695
          ],
          [
            -108.11415608414109,
            41.98318005979153
          ],
          [
            -108.11417663568896,
            41.9835238755481
          ],
          [
            -108.11419706157785,
            41.983867710377254
          ],
          [
            -108.1142173838639,
            41.98421155832377
          ],
          [
            -108.11423762460373,
            41.984555413432425
          ],
          [
            -108.11425780585442,
            41.984899269747984
          ],
          [
            -108.11427794967351,
            41.98524312131512
          ],
          [
            -108.11429807811899,
            41.98558696217856
          ],
          [
            -108.11431821324933,
            41.98593078638291
          ],
          [
            -108.11433837711738,
            41.986274587974485
          ],
          [
            -108.1143585865856,
            41.98661836243523
          ],
          [
            -108.11437884385663,
            41.98696210930171
          ],
          [
            -108.11439914856349,
            41.987305828821185
          ],
          [
            -108.11441950033917,
            41.98764952124095
          ],
          [
            -108.11443989881666,
            41.9879931868083
          ],
          [
            -108.1144603436289,
            41.9883368257705
          ],
          [
            -108.11448083440892,
            41.988680438374836
          ],
          [
            -108.11450137078965,
            41.989024024868584
          ],
          [
            -108.11452195240406,
            41.989367585499025
          ],
          [
            -108.11454257888509,
            41.98971112051343
          ],
          [
            -108.11456324986568,
            41.990054630159115
          ],
          [
            -108.11458396497878,
            41.99039811468334
          ],
          [
            -108.1146047238573,
            41.990741574333384
          ],
          [
            -108.11462552613415,
            41.99108500935654
          ],
          [
            -108.11464637144226,
            41.9914284200001
          ],
          [
            -108.11466725941455,
            41.99177180651132
          ],
          [
            -108.1146881896839,
            41.99211516913751
          ],
          [
            -108.1147091618832,
            41.99245850812595
          ],
          [
            -108.11473017564532,
            41.99280182372394
          ],
          [
            -108.11475123060316,
            41.993145116178745
          ],
          [
            -108.11477232638958,
            41.99348838573765
          ],
          [
            -108.11479346263745,
            41.99383163264797
          ],
          [
            -108.1148146389796,
            41.99417485715697
          ],
          [
            -108.1148358550489,
            41.994518059511925
          ],
          [
            -108.11485711047817,
            41.99486123996015
          ],
          [
            -108.11487840490027,
            41.99520439874893
          ],
          [
            -108.11489973794798,
            41.99554753612554
          ],
          [
            -108.11492110925417,
            41.995890652337295
          ],
          [
            -108.1149425184516,
            41.99623374763146
          ],
          [
            -108.1149639651731,
            41.99657682225532
          ],
          [
            -108.11498544905147,
            41.9969198764562
          ],
          [
            -108.11500696971949,
            41.99726291048138
          ],
          [
            -108.11502852680992,
            41.997605924578124
          ],
          [
            -108.11505011995558,
            41.997948918993764
          ],
          [
            -108.1150717487892,
            41.998291893975555
          ],
          [
            -108.11509341294355,
            41.99863484977084
          ],
          [
            -108.11511511205138,
            41.99897778662686
          ],
          [
            -108.11513684574544,
            41.99932070479093
          ],
          [
            -108.11515861365845,
            41.99966360451035
          ],
          [
            -108.11518041542317,
            42.00000648603243
          ],
          [
            -108.11520225067228,
            42.000349349604434
          ],
          [
            -108.11522411903854,
            42.00069219547368
          ],
          [
            -108.11524602015463,
            42.001035023887454
          ],
          [
            -108.11526795365326,
            42.001377835093045
          ],
          [
            -108.11528991916713,
            42.001720629337775
          ],
          [
            -108.11531191632889,
            42.002063406868935
          ],
          [
            -108.11533394477128,
            42.0024061679338
          ],
          [
            -108.11535600412692,
            42.002748912779694
          ],
          [
            -108.11537809402849,
            42.00309164165391
          ],
          [
            -108.11540021410866,
            42.00343435480375
          ],
          [
            -108.11542236400007,
            42.0037770524765
          ],
          [
            -108.11544454333536,
            42.00411973491949
          ],
          [
            -108.11546675174716,
            42.004462402379986
          ],
          [
            -108.11548898886811,
            42.00480505510531
          ],
          [
            -108.11551125433083,
            42.00514769334277
          ],
          [
            -108.11553354776794,
            42.00549031733964
          ],
          [
            -108.11555586881202,
            42.00583292734326
          ],
          [
            -108.11557821709569,
            42.0061755236009
          ],
          [
            -108.11560059225154,
            42.0065181063599
          ],
          [
            -108.11562299391217,
            42.006860675867536
          ],
          [
            -108.11564542171011,
            42.00720323237112
          ],
          [
            -108.11566787527796,
            42.00754577611796
          ],
          [
            -108.11569035424831,
            42.007888307355365
          ],
          [
            -108.11571285825367,
            42.008230826330646
          ],
          [
            -108.11573538692662,
            42.00857333329107
          ],
          [
            -108.11575793989968,
            42.00891582848401
          ],
          [
            -108.11578051680539,
            42.00925831215672
          ],
          [
            -108.11580311727627,
            42.00960078455652
          ],
          [
            -108.11582574094487,
            42.00994324593076
          ],
          [
            -108.11584838744366,
            42.01028569652668
          ],
          [
            -108.11587105640518,
            42.01062813659164
          ],
          [
            -108.1158937474619,
            42.01097056637295
          ],
          [
            -108.11591646024634,
            42.01131298611788
          ],
          [
            -108.11593919439095,
            42.01165539607379
          ],
          [
            -108.11596194952824,
            42.01199779648797
          ],
          [
            -108.11598472529066,
            42.012340187607734
          ],
          [
            -108.11600752131066,
            42.012682569680365
          ],
          [
            -108.11603033722072,
            42.01302494295324
          ],
          [
            -108.11605317265328,
            42.01336730767362
          ],
          [
            -108.11607602724078,
            42.01370966408882
          ],
          [
            -108.11609890061563,
            42.0140520124462
          ],
          [
            -108.11612179241028,
            42.01439435299302
          ],
          [
            -108.11614470225715,
            42.01473668597664
          ],
          [
            -108.11616762978865,
            42.01507901164435
          ],
          [
            -108.11619057463716,
            42.01542133024347
          ],
          [
            -108.11621353643511,
            42.01576364202133
          ],
          [
            -108.11623651481487,
            42.01610594722523
          ],
          [
            -108.11625950940883,
            42.01644824610249
          ],
          [
            -108.11628251984936,
            42.01679053890045
          ],
          [
            -108.11630554576884,
            42.01713282586641
          ],
          [
            -108.11632858679961,
            42.01747510724768
          ],
          [
            -108.11635164257403,
            42.01781738329161
          ],
          [
            -108.11637471272445,
            42.018159654245494
          ],
          [
            -108.1163977968832,
            42.01850192035666
          ],
          [
            -108.11642089468265,
            42.018844181872446
          ],
          [
            -108.11644400575508,
            42.019186439040155
          ],
          [
            -108.11646712973283,
            42.019528692107116
          ],
          [
            -108.1164902662482,
            42.01987094132063
          ],
          [
            -108.11651341493351,
            42.020213186928075
          ],
          [
            -108.11653657542102,
            42.020555429176724
          ],
          [
            -108.11655974734305,
            42.020897668313914
          ],
          [
            -108.11658293033187,
            42.021239904587
          ],
          [
            -108.11660612401977,
            42.021582138243254
          ],
          [
            -108.116629328039,
            42.021924369530026
          ],
          [
            -108.11665254202182,
            42.02226659869466
          ],
          [
            -108.11667576560049,
            42.02260882598447
          ],
          [
            -108.11669899840724,
            42.022951051646785
          ],
          [
            -108.11672224007434,
            42.023293275928935
          ],
          [
            -108.11674549023401,
            42.02363549907823
          ],
          [
            -108.11676874851844,
            42.023977721342014
          ],
          [
            -108.11679201455988,
            42.02431994296762
          ],
          [
            -108.11681528799053,
            42.02466216420237
          ],
          [
            -108.11683856844259,
            42.0250043852936
          ],
          [
            -108.11686185554828,
            42.02534660648865
          ],
          [
            -108.11688514893974,
            42.02568882803483
          ],
          [
            -108.1169084482492,
            42.026031050179476
          ],
          [
            -108.11693175310879,
            42.02637327316993
          ],
          [
            -108.11695506315071,
            42.02671549725352
          ],
          [
            -108.1169783780071,
            42.02705772267759
          ],
          [
            -108.11700169731013,
            42.02739994968946
          ],
          [
            -108.11702502069193,
            42.02774217853647
          ],
          [
            -108.11704834778463,
            42.02808440946596
          ],
          [
            -108.11707167822037,
            42.02842664272525
          ],
          [
            -108.11709501163128,
            42.028768878561685
          ],
          [
            -108.11711834764947,
            42.02911111722261
          ],
          [
            -108.11714168590703,
            42.02945335895535
          ],
          [
            -108.1171650260361,
            42.029795604007234
          ],
          [
            -108.11718836766875,
            42.03013785262562
          ],
          [
            -108.11721171043708,
            42.030480105057855
          ],
          [
            -108.11723505397313,
            42.03082236155125
          ],
          [
            -108.11725839790903,
            42.031164622353174
          ],
          [
            -108.1172817418768,
            42.031506887710904
          ],
          [
            -108.11730508550852,
            42.03184915787186
          ],
          [
            -108.11732842843624,
            42.03219143308335
          ],
          [
            -108.117351770292,
            42.032533713592706
          ],
          [
            -108.11737511070784,
            42.032875999647274
          ],
          [
            -108.11739844931577,
            42.0332182914944
          ],
          [
            -108.11742178574785,
            42.03356058938142
          ],
          [
            -108.11744511963607,
            42.0339028935557
          ],
          [
            -108.11746845061244,
            42.03424520426457
          ],
          [
            -108.11749177830895,
            42.03458752175537
          ],
          [
            -108.11751510235761,
            42.034929846275446
          ],
          [
            -108.11753842239041,
            42.03527217807215
          ],
          [
            -108.11756173803933,
            42.03561451739281
          ],
          [
            -108.1175850489363,
            42.035956864484795
          ],
          [
            -108.11760835471334,
            42.036299219595456
          ],
          [
            -108.11763165500237,
            42.03664158297211
          ],
          [
            -108.11765494943538,
            42.03698395486213
          ],
          [
            -108.11767823764424,
            42.037326335512866
          ],
          [
            -108.11770151926096,
            42.03766872517164
          ],
          [
            -108.11772479391743,
            42.03801112408581
          ],
          [
            -108.1177480612456,
            42.038353532502775
          ],
          [
            -108.11777132087735,
            42.038695950669805
          ],
          [
            -108.11779457244461,
            42.03903837883433
          ],
          [
            -108.11781781557926,
            42.03938081724363
          ],
          [
            -108.11784104991321,
            42.039723266145096
          ],
          [
            -108.11786427507833,
            42.04006572578609
          ],
          [
            -108.11788749070651,
            42.040408196413956
          ],
          [
            -108.11791069642962,
            42.04075067827603
          ],
          [
            -108.11793389187952,
            42.04109317161968
          ],
          [
            -108.11795707668806,
            42.041435676692245
          ],
          [
            -108.11798025048708,
            42.041778193741095
          ],
          [
            -108.11800341290846,
            42.042120723013596
          ],
          [
            -108.118026563584,
            42.04246326475708
          ],
          [
            -108.11804970214554,
            42.04280581921893
          ],
          [
            -108.11807282822488,
            42.04314838664648
          ],
          [
            -108.11809594145387,
            42.043490967287084
          ],
          [
            -108.1181190414643,
            42.043833561388126
          ],
          [
            -108.11814212788794,
            42.04417616919694
          ],
          [
            -108.11816520035661,
            42.04451879096091
          ],
          [
            -108.11818825850209,
            42.04486142692735
          ],
          [
            -108.11821130195615,
            42.045204077343676
          ],
          [
            -108.11823433035057,
            42.04554674245722
          ],
          [
            -108.11825734331711,
            42.04588942251534
          ],
          [
            -108.1182803404875,
            42.04623211776539
          ],
          [
            -108.11830332149351,
            42.04657482845476
          ],
          [
            -108.11832628596689,
            42.0469175548308
          ],
          [
            -108.11834923353935,
            42.04726029714085
          ],
          [
            -108.11837216384262,
            42.04760305563231
          ],
          [
            -108.11839507650843,
            42.04794583055252
          ],
          [
            -108.1184179711685,
            42.04828862214886
          ],
          [
            -108.11844084745451,
            42.048631430668685
          ],
          [
            -108.11846370499815,
            42.04897425635936
          ],
          [
            -108.11848654343112,
            42.04931709946824
          ],
          [
            -108.11850936238511,
            42.049659960242714
          ],
          [
            -108.1185321614918,
            42.05000283893014
          ],
          [
            -108.11855494038284,
            42.05034573577789
          ],
          [
            -108.11857769868989,
            42.05068865103331
          ],
          [
            -108.11860043604462,
            42.05103158494379
          ],
          [
            -108.11862315207867,
            42.05137453775669
          ],
          [
            -108.11864584642366,
            42.05171750971938
          ],
          [
            -108.11866851871125,
            42.05206050107924
          ],
          [
            -108.11869116857304,
            42.052403512083636
          ],
          [
            -108.11871379564066,
            42.05274654297993
          ],
          [
            -108.1187363995457,
            42.05308959401549
          ],
          [
            -108.11875897991978,
            42.053432665437704
          ],
          [
            -108.1187815363945,
            42.05377575749392
          ],
          [
            -108.11880406860142,
            42.05411887043156
          ],
          [
            -108.11882657617214,
            42.05446200449793
          ],
          [
            -108.11884905873823,
            42.05480515994044
          ],
          [
            -108.11887151593126,
            42.055148337006486
          ],
          [
            -108.11889394738279,
            42.05549153594339
          ],
          [
            -108.11891635272436,
            42.05583475699856
          ],
          [
            -108.11893873158752,
            42.05617800041937
          ],
          [
            -108.11896108360379,
            42.056521266453196
          ],
          [
            -108.1189834084047,
            42.056864555347396
          ],
          [
            -108.11900570562179,
            42.05720786734936
          ],
          [
            -108.11902797488658,
            42.05755120270648
          ],
          [
            -108.11905021583054,
            42.057894561666124
          ],
          [
            -108.11907242808522,
            42.05823794447565
          ],
          [
            -108.11909461128207,
            42.058581351382465
          ],
          [
            -108.11911676505258,
            42.05892478263393
          ],
          [
            -108.11913888902824,
            42.05926823847743
          ],
          [
            -108.11916098284051,
            42.05961171916036
          ],
          [
            -108.11918304612087,
            42.05995522493006
          ],
          [
            -108.11920507850076,
            42.06029875603396
          ],
          [
            -108.11922707961162,
            42.06064231271941
          ],
          [
            -108.11924905415289,
            42.06098589383441
          ],
          [
            -108.11927103338847,
            42.06132949089188
          ],
          [
            -108.11929305725685,
            42.06167309300967
          ],
          [
            -108.11931516570222,
            42.06201668930416
          ],
          [
            -108.11933739866961,
            42.06236026889172
          ],
          [
            -108.11935979610489,
            42.06270382088868
          ],
          [
            -108.11938239795471,
            42.063047334411266
          ],
          [
            -108.1194052441666,
            42.06339079857566
          ],
          [
            -108.1194283746889,
            42.06373420249801
          ],
          [
            -108.11945182947078,
            42.06407753529437
          ],
          [
            -108.11947564846226,
            42.06442078608076
          ],
          [
            -108.11949987161414,
            42.06476394397313
          ],
          [
            -108.1195245388781,
            42.065106998087316
          ],
          [
            -108.1195496902066,
            42.065449937539185
          ],
          [
            -108.11957536555296,
            42.06579275144447
          ],
          [
            -108.11960160487128,
            42.066135428918834
          ],
          [
            -108.11962844811653,
            42.06647795907792
          ],
          [
            -108.11965593524444,
            42.06682033103724
          ],
          [
            -108.11968410621161,
            42.06716253391228
          ],
          [
            -108.11971300097541,
            42.06750455681842
          ],
          [
            -108.11974265949404,
            42.06784638887094
          ],
          [
            -108.11977312172652,
            42.068188019185115
          ],
          [
            -108.11980442763264,
            42.068529436876055
          ],
          [
            -108.11983661717304,
            42.068870631058815
          ],
          [
            -108.11986973030913,
            42.06921159084838
          ],
          [
            -108.1199038070031,
            42.06955230535961
          ],
          [
            -108.11993888721797,
            42.069892763707294
          ],
          [
            -108.11997501091753,
            42.07023295500609
          ],
          [
            -108.12001221806636,
            42.07057286837059
          ],
          [
            -108.12005054862983,
            42.070912492915255
          ],
          [
            -108.12009004257406,
            42.071251817754444
          ],
          [
            -108.120130739866,
            42.07159083200239
          ],
          [
            -108.12017268047332,
            42.071929524773246
          ],
          [
            -108.12021590436446,
            42.072267885180985
          ],
          [
            -108.12026045150864,
            42.072605902339504
          ],
          [
            -108.12030636187586,
            42.072943565362536
          ],
          [
            -108.12035367543682,
            42.073280863363706
          ],
          [
            -108.120402432163,
            42.07361778545648
          ],
          [
            -108.12045267202662,
            42.07395432075417
          ],
          [
            -108.12050443500063,
            42.074290458369966
          ],
          [
            -108.12055776105869,
            42.07462618741687
          ],
          [
            -108.12061269017528,
            42.07496149700777
          ],
          [
            -108.12066926232546,
            42.075296376255345
          ],
          [
            -108.12072751748514,
            42.075630814272124
          ],
          [
            -108.12078749563084,
            42.07596480017044
          ],
          [
            -108.12084923673983,
            42.07629832306248
          ],
          [
            -108.1209127807901,
            42.0766313720602
          ],
          [
            -108.12097816776028,
            42.0769639362754
          ],
          [
            -108.1210454376297,
            42.07729600481963
          ],
          [
            -108.12111463037841,
            42.07762756680431
          ],
          [
            -108.12118578598708,
            42.07795861134057
          ],
          [
            -108.12125894443706,
            42.07828912753937
          ],
          [
            -108.12133414571036,
            42.07861910451139
          ],
          [
            -108.12141142978963,
            42.07894853136715
          ],
          [
            -108.12149083665751,
            42.079277397217076
          ],
          [
            -108.12157239242337,
            42.0796056951094
          ],
          [
            -108.12165607371577,
            42.07993343213717
          ],
          [
            -108.12174184613617,
            42.08026061852326
          ],
          [
            -108.12182967528527,
            42.08058726449052
          ],
          [
            -108.12191952676304,
            42.08091338026184
          ],
          [
            -108.1220113661687,
            42.08123897606014
          ],
          [
            -108.12210515910076,
            42.08156406210833
          ],
          [
            -108.12220087115696,
            42.08188864862943
          ],
          [
            -108.1222984679344,
            42.08221274584641
          ],
          [
            -108.12239791502938,
            42.08253636398232
          ],
          [
            -108.12249917803754,
            42.08285951326029
          ],
          [
            -108.12260222255384,
            42.083182203903476
          ],
          [
            -108.1227070141725,
            42.083504446135095
          ],
          [
            -108.12281351848709,
            42.08382625017843
          ],
          [
            -108.12292170109048,
            42.08414762625686
          ],
          [
            -108.12303152757482,
            42.08446858459383
          ],
          [
            -108.12314296353168,
            42.08478913541283
          ],
          [
            -108.12325597455187,
            42.08510928893747
          ],
          [
            -108.1233705262256,
            42.08542905539146
          ],
          [
            -108.12348658414236,
            42.085748444998586
          ],
          [
            -108.12360411389108,
            42.08606746798274
          ],
          [
            -108.12372308105994,
            42.08638613456792
          ],
          [
            -108.12384345123654,
            42.086704454978204
          ],
          [
            -108.12396519000782,
            42.08702243943783
          ],
          [
            -108.12408826296009,
            42.087340098171104
          ],
          [
            -108.12421263567899,
            42.087657441402506
          ],
          [
            -108.1243382737496,
            42.0879744793566
          ],
          [
            -108.12446514275634,
            42.08829122225809
          ],
          [
            -108.12459320828299,
            42.088607680331805
          ],
          [
            -108.12472243591276,
            42.08892386380271
          ],
          [
            -108.12485279122821,
            42.08923978289593
          ],
          [
            -108.1249842398113,
            42.08955544783669
          ],
          [
            -108.1251167472434,
            42.08987086885039
          ],
          [
            -108.12525027910526,
            42.090186056162594
          ],
          [
            -108.12538480097705,
            42.09050101999897
          ],
          [
            -108.1255202784383,
            42.09081577058538
          ],
          [
            -108.12565667706801,
            42.09113031814782
          ],
          [
            -108.12579396244453,
            42.091444672912445
          ],
          [
            -108.12593210014566,
            42.0917588451056
          ],
          [
            -108.1260710557486,
            42.092072844953776
          ],
          [
            -108.12621079482996,
            42.09238668268362
          ],
          [
            -108.1263512829658,
            42.09270036852197
          ],
          [
            -108.12649248573155,
            42.093013912695795
          ],
          [
            -108.12663436870211,
            42.09332732543231
          ],
          [
            -108.12677689745179,
            42.093640616958865
          ],
          [
            -108.12692003755431,
            42.093953797502955
          ],
          [
            -108.12706375458285,
            42.0942668772923
          ],
          [
            -108.12720801411001,
            42.09457986655478
          ],
          [
            -108.12735278170777,
            42.094892775518495
          ],
          [
            -108.12749802294766,
            42.09520561441168
          ],
          [
            -108.12764370340052,
            42.0955183934628
          ],
          [
            -108.1277897886367,
            42.09583112290044
          ],
          [
            -108.12793624422596,
            42.09614381295347
          ],
          [
            -108.12808304185926,
            42.096456471723506
          ],
          [
            -108.1282301890108,
            42.09676909487714
          ],
          [
            -108.12837770611894,
            42.097081673575765
          ],
          [
            -108.1285256136404,
            42.097394198974385
          ],
          [
            -108.12867393203217,
            42.097706662227935
          ],
          [
            -108.12882268175153,
            42.09801905449114
          ],
          [
            -108.12897188325607,
            42.09833136691871
          ],
          [
            -108.12912155700369,
            42.098643590665155
          ],
          [
            -108.12927172345256,
            42.098955716884895
          ],
          [
            -108.12942240306118,
            42.09926773673224
          ],
          [
            -108.12957361628831,
            42.09957964136136
          ],
          [
            -108.12972538359304,
            42.0998914219263
          ],
          [
            -108.12987772543472,
            42.10020306958098
          ],
          [
            -108.13003066227304,
            42.100514575479195
          ],
          [
            -108.13018421456792,
            42.10082593077463
          ],
          [
            -108.13033840277963,
            42.101137126620806
          ],
          [
            -108.13049324736865,
            42.10144815417115
          ],
          [
            -108.13064876879582,
            42.10175900457894
          ],
          [
            -108.13080498752225,
            42.10206966899733
          ],
          [
            -108.13096192400933,
            42.10238013857934
          ],
          [
            -108.1311195987187,
            42.10269040447786
          ],
          [
            -108.1312780321123,
            42.10300045784562
          ],
          [
            -108.13143724465237,
            42.10331028983525
          ],
          [
            -108.13159725680143,
            42.103619891599244
          ],
          [
            -108.13175808902221,
            42.1039292542899
          ],
          [
            -108.1319197617778,
            42.10423836905944
          ],
          [
            -108.13208229553148,
            42.1045472270599
          ],
          [
            -108.13224571074686,
            42.10485581944323
          ],
          [
            -108.13241002788779,
            42.10516413736116
          ],
          [
            -108.13257526741836,
            42.10547217196532
          ],
          [
            -108.132741449803,
            42.10577991440719
          ],
          [
            -108.13290859550632,
            42.10608735583808
          ],
          [
            -108.13307672499322,
            42.10639448740917
          ],
          [
            -108.13324585872884,
            42.106701300271496
          ],
          [
            -108.13341601717862,
            42.107007785575895
          ],
          [
            -108.1335872208082,
            42.107313934473105
          ],
          [
            -108.13375949008345,
            42.10761973811366
          ],
          [
            -108.13393284547054,
            42.10792518764794
          ],
          [
            -108.13410730743587,
            42.108230274226194
          ],
          [
            -108.13428289644607,
            42.10853498899849
          ],
          [
            -108.13445963296797,
            42.108839323114715
          ],
          [
            -108.13463753746872,
            42.10914326772461
          ],
          [
            -108.13481663041561,
            42.10944681397774
          ],
          [
            -108.13499693227622,
            42.1097499530235
          ],
          [
            -108.13517846351833,
            42.11005267601111
          ],
          [
            -108.1353612446099,
            42.1103549740896
          ],
          [
            -108.13554529601922,
            42.110656838407856
          ],
          [
            -108.13573063821467,
            42.11095826011456
          ],
          [
            -108.13591729166495,
            42.1112592303582
          ],
          [
            -108.13610527683888,
            42.11155974028711
          ],
          [
            -108.13629461420553,
            42.11185978104943
          ],
          [
            -108.13648532423416,
            42.1121593437931
          ],
          [
            -108.13667742739423,
            42.112458419665884
          ],
          [
            -108.1368709441554,
            42.11275699981533
          ],
          [
            -108.13706589498756,
            42.1130550753888
          ],
          [
            -108.13726230036067,
            42.11335263753347
          ],
          [
            -108.13746018074501,
            42.11364967739631
          ],
          [
            -108.13765955661093,
            42.11394618612407
          ],
          [
            -108.13786044842902,
            42.114242154863334
          ],
          [
            -108.13806287667005,
            42.114537574760426
          ],
          [
            -108.13826686180491,
            42.114832436961485
          ],
          [
            -108.13847242430467,
            42.11512673261245
          ],
          [
            -108.13867958464057,
            42.115420452859034
          ],
          [
            -108.138888363284,
            42.11571358884671
          ],
          [
            -108.13909878070649,
            42.116006131720745
          ],
          [
            -108.13931085737977,
            42.11629807262619
          ],
          [
            -108.13952461377563,
            42.11658940270787
          ],
          [
            -108.13974007036607,
            42.116880113110355
          ],
          [
            -108.13995724762316,
            42.11717019497801
          ],
          [
            -108.14017616601916,
            42.11745963945495
          ],
          [
            -108.14039684602642,
            42.117748437685044
          ],
          [
            -108.14061930811741,
            42.11803658081195
          ],
          [
            -108.14084357276471,
            42.11832405997904
          ],
          [
            -108.14106966044105,
            42.11861086632945
          ],
          [
            -108.14129759161922,
            42.11889699100611
          ],
          [
            -108.14152738677213,
            42.119182425151614
          ],
          [
            -108.14175906637279,
            42.119467159908375
          ],
          [
            -108.14199265089428,
            42.119751186418505
          ],
          [
            -108.14222816080978,
            42.12003449582385
          ],
          [
            -108.14246561659256,
            42.120317079266
          ],
          [
            -108.14270503871596,
            42.1205989278863
          ],
          [
            -108.14294644765339,
            42.120880032825774
          ],
          [
            -108.1431898638783,
            42.12116038522518
          ],
          [
            -108.14343530786424,
            42.12143997622504
          ],
          [
            -108.14368280008478,
            42.12171879696553
          ],
          [
            -108.14393236101353,
            42.12199683858658
          ],
          [
            -108.14418401112422,
            42.12227409222781
          ],
          [
            -108.14443777089053,
            42.12255054902855
          ],
          [
            -108.14469366078622,
            42.122826200127854
          ],
          [
            -108.14495170128504,
            42.12310103666442
          ],
          [
            -108.14521191286079,
            42.12337504977669
          ],
          [
            -108.14547431598729,
            42.1236482306028
          ],
          [
            -108.14573893113833,
            42.12392057028052
          ],
          [
            -108.14600577878774,
            42.124192059947376
          ],
          [
            -108.14627487940933,
            42.12446269074051
          ],
          [
            -108.1465462534769,
            42.124732453796774
          ],
          [
            -108.14681992146424,
            42.12500134025269
          ],
          [
            -108.14709590384514,
            42.12526934124443
          ],
          [
            -108.1473742210933,
            42.12553644790785
          ],
          [
            -108.14765489368243,
            42.12580265137847
          ],
          [
            -108.14793794208623,
            42.12606794279143
          ],
          [
            -108.14822338677826,
            42.12633231328157
          ],
          [
            -108.14851124823214,
            42.126595753983345
          ],
          [
            -108.14880154692132,
            42.126858256030886
          ],
          [
            -108.14909430331927,
            42.1271198105579
          ],
          [
            -108.14938953789934,
            42.12738040869781
          ],
          [
            -108.14968725871088,
            42.12764004634262
          ],
          [
            -108.1499874080047,
            42.1278987445883
          ],
          [
            -108.15028990633046,
            42.12815653284368
          ],
          [
            -108.15059467422351,
            42.12841344052354
          ],
          [
            -108.15090163221839,
            42.12866949704333
          ],
          [
            -108.15121070084878,
            42.128924731819275
          ],
          [
            -108.1515218006476,
            42.129179174268344
          ],
          [
            -108.15183485214695,
            42.129432853808325
          ],
          [
            -108.15214977587823,
            42.12968579985775
          ],
          [
            -108.15246649237204,
            42.12993804183596
          ],
          [
            -108.15278492215832,
            42.13018960916312
          ],
          [
            -108.15310498576623,
            42.13044053126023
          ],
          [
            -108.15342660372431,
            42.1306908375491
          ],
          [
            -108.15374969656042,
            42.13094055745244
          ],
          [
            -108.15407418480173,
            42.13118972039375
          ],
          [
            -108.15439998897479,
            42.13143835579743
          ],
          [
            -108.15472702960551,
            42.131686493088765
          ],
          [
            -108.15505522721921,
            42.13193416169393
          ],
          [
            -108.1553845023406,
            42.13218139103996
          ],
          [
            -108.15571477549375,
            42.13242821055479
          ],
          [
            -108.1560459672022,
            42.13267464966733
          ],
          [
            -108.1563779979889,
            42.13292073780733
          ],
          [
            -108.15671078837624,
            42.13316650440547
          ],
          [
            -108.15704425888607,
            42.13341197889338
          ],
          [
            -108.15737833003966,
            42.1336571907036
          ],
          [
            -108.15771292235776,
            42.13390216926963
          ],
          [
            -108.15804795636056,
            42.134146944025865
          ],
          [
            -108.15838335256775,
            42.13439154440768
          ],
          [
            -108.15871903149849,
            42.134635999851355
          ],
          [
            -108.15905491367141,
            42.13488033979416
          ],
          [
            -108.15939091960459,
            42.13512459367427
          ],
          [
            -108.15972696981568,
            42.13536879093085
          ],
          [
            -108.16006298482172,
            42.135612961003964
          ],
          [
            -108.16039888513926,
            42.135857133334675
          ],
          [
            -108.16073459128437,
            42.136101337364934
          ],
          [
            -108.16107002377258,
            42.136345602537716
          ],
          [
            -108.16140510311888,
            42.13658995829687
          ],
          [
            -108.16173974983779,
            42.13683443408723
          ],
          [
            -108.16207388444326,
            42.13707905935456
          ],
          [
            -108.16240742744873,
            42.13732386354556
          ],
          [
            -108.1627402993671,
            42.13756887610788
          ],
          [
            -108.16307242071073,
            42.13781412649005
          ],
          [
            -108.16340371199146,
            42.13805964414158
          ],
          [
            -108.16373409372055,
            42.13830545851288
          ],
          [
            -108.16406348640871,
            42.138551599055276
          ],
          [
            -108.16439181056607,
            42.13879809522099
          ],
          [
            -108.16471898670223,
            42.13904497646315
          ],
          [
            -108.16504493532612,
            42.13929227223579
          ],
          [
            -108.16536957694615,
            42.139540011993816
          ],
          [
            -108.16569283207006,
            42.13978822519303
          ],
          [
            -108.16601462120502,
            42.14003694129006
          ],
          [
            -108.16633486485753,
            42.14028618974245
          ],
          [
            -108.16665348353476,
            42.14053600000782
          ],
          [
            -108.16697042905449,
            42.14078638415657
          ],
          [
            -108.16728576561486,
            42.14103729185092
          ],
          [
            -108.16759958261751,
            42.14128865875589
          ],
          [
            -108.16791196946396,
            42.141540420535485
          ],
          [
            -108.16822301555568,
            42.14179251285268
          ],
          [
            -108.1685328102942,
            42.14204487136944
          ],
          [
            -108.16884144308099,
            42.14229743174672
          ],
          [
            -108.16914900331761,
            42.14255012964447
          ],
          [
            -108.16945558040561,
            42.142802900721684
          ],
          [
            -108.16976126374658,
            42.14305568063633
          ],
          [
            -108.1700661427422,
            42.143308405045424
          ],
          [
            -108.17037030679421,
            42.143561009605044
          ],
          [
            -108.17067384530442,
            42.14381342997026
          ],
          [
            -108.17097684767472,
            42.14406560179521
          ],
          [
            -108.1712794033071,
            42.14431746073307
          ],
          [
            -108.17158160160359,
            42.14456894243611
          ],
          [
            -108.17188353196637,
            42.14481998255559
          ],
          [
            -108.17218528379766,
            42.14507051674185
          ],
          [
            -108.17248694649976,
            42.145320480644315
          ],
          [
            -108.17278860947506,
            42.14556980991144
          ],
          [
            -108.17309036212599,
            42.14581844019079
          ],
          [
            -108.17339229385504,
            42.14606630712889
          ],
          [
            -108.17369449406479,
            42.14631334637145
          ],
          [
            -108.17399705215779,
            42.14655949356316
          ],
          [
            -108.17430005753663,
            42.14680468434777
          ],
          [
            -108.17460359960388,
            42.14704885436811
          ],
          [
            -108.17490776776214,
            42.14729193926607
          ],
          [
            -108.17521265141391,
            42.14753387468255
          ],
          [
            -108.1755183399617,
            42.14777459625754
          ],
          [
            -108.17582492280785,
            42.14801403963
          ],
          [
            -108.17613248935463,
            42.14825214043798
          ],
          [
            -108.1764411290042,
            42.148488834318556
          ],
          [
            -108.1767509311585,
            42.14872405690776
          ],
          [
            -108.17706198521927,
            42.14895774384071
          ],
          [
            -108.17737438058806,
            42.14918983075147
          ],
          [
            -108.17768820666613,
            42.149420253273135
          ],
          [
            -108.17800355285442,
            42.149648947037754
          ],
          [
            -108.17832050855353,
            42.14987584767638
          ],
          [
            -108.17863916316371,
            42.150100890818976
          ],
          [
            -108.17895960608472,
            42.150324012094515
          ],
          [
            -108.17928192671592,
            42.150545147130856
          ],
          [
            -108.17960621445609,
            42.15076423155482
          ],
          [
            -108.1799325587035,
            42.15098120099212
          ],
          [
            -108.18026104885577,
            42.151195991067375
          ],
          [
            -108.18059177430986,
            42.151408537404095
          ],
          [
            -108.18092482446202,
            42.1516187756246
          ],
          [
            -108.18126028870776,
            42.151826641350155
          ],
          [
            -108.18159825644167,
            42.15203207020076
          ],
          [
            -108.18193881705754,
            42.15223499779532
          ],
          [
            -108.18228205994818,
            42.15243535975146
          ],
          [
            -108.18262807450537,
            42.15263309168564
          ],
          [
            -108.18297695011985,
            42.15282812921305
          ],
          [
            -108.18332877618118,
            42.15302040794766
          ],
          [
            -108.18368364207774,
            42.15320986350209
          ],
          [
            -108.1840416370757,
            42.153396431586096
          ],
          [
            -108.18440280779687,
            42.15358008259487
          ],
          [
            -108.18476709558519,
            42.15376087255802
          ],
          [
            -108.18513442582379,
            42.15393887048847
          ],
          [
            -108.1855047238959,
            42.1541141453999
          ],
          [
            -108.18587791518489,
            42.154286766306704
          ],
          [
            -108.18625392507424,
            42.15445680222397
          ],
          [
            -108.18663267894773,
            42.154624322167585
          ],
          [
            -108.18701410218948,
            42.154789395154175
          ],
          [
            -108.18739812018389,
            42.15495209020117
          ],
          [
            -108.18778465831585,
            42.1551124763268
          ],
          [
            -108.1881736419707,
            42.155270622550105
          ],
          [
            -108.1885649965343,
            42.155426597890944
          ],
          [
            -108.18895864739312,
            42.155580471370065
          ],
          [
            -108.18935451993421,
            42.155732312009
          ],
          [
            -108.18975253954537,
            42.15588218883023
          ],
          [
            -108.19015263161504,
            42.15603017085707
          ],
          [
            -108.19055472153252,
            42.15617632711375
          ],
          [
            -108.19095873468787,
            42.15632072662542
          ],
          [
            -108.19136459647201,
            42.156463438418136
          ],
          [
            -108.19177223227679,
            42.15660453151887
          ],
          [
            -108.19218156749497,
            42.15674407495557
          ],
          [
            -108.19259252752029,
            42.156882137757115
          ],
          [
            -108.1930050377475,
            42.15701878895334
          ],
          [
            -108.19341902357237,
            42.15715409757508
          ],
          [
            -108.1938344103918,
            42.15728813265412
          ],
          [
            -108.19425112360375,
            42.15742096322326
          ],
          [
            -108.19466908860733,
            42.15755265831626
          ],
          [
            -108.19508823080284,
            42.15768328696792
          ],
          [
            -108.1955084755917,
            42.15781291821403
          ],
          [
            -108.19592974837663,
            42.157941621091425
          ],
          [
            -108.19635197456152,
            42.15806946463793
          ],
          [
            -108.19677507955156,
            42.15819651789242
          ],
          [
            -108.19719898875319,
            42.1583228498948
          ],
          [
            -108.19762362757415,
            42.158448529686005
          ],
          [
            -108.19804892142352,
            42.15857362630805
          ],
          [
            -108.19847479571166,
            42.158698208803926
          ],
          [
            -108.19890117585031,
            42.158822346217775
          ],
          [
            -108.19932798725256,
            42.158946107594716
          ],
          [
            -108.19975515533281,
            42.159069561980964
          ],
          [
            -108.20018260550688,
            42.15919277842379
          ],
          [
            -108.20061026319196,
            42.15931582597151
          ],
          [
            -108.20103805380663,
            42.15943877367352
          ],
          [
            -108.20146590277079,
            42.159561690580276
          ],
          [
            -108.2018937355058,
            42.1596846457433
          ],
          [
            -108.20232147743441,
            42.15980770821518
          ],
          [
            -108.20274905398068,
            42.159930947049574
          ],
          [
            -108.20317639057012,
            42.160054431301205
          ],
          [
            -108.2036034126296,
            42.16017823002583
          ],
          [
            -108.20403004558736,
            42.16030241228031
          ],
          [
            -108.20445621487299,
            42.16042704712253
          ],
          [
            -108.20488184591746,
            42.16055220361147
          ],
          [
            -108.20530686415307,
            42.16067795080713
          ],
          [
            -108.20573119501344,
            42.16080435777056
          ],
          [
            -108.20615476393355,
            42.16093149356389
          ],
          [
            -108.20657749634962,
            42.16105942725027
          ],
          [
            -108.2069993176992,
            42.16118822789388
          ],
          [
            -108.20742015342108,
            42.161317964559935
          ],
          [
            -108.20783992895531,
            42.16144870631471
          ],
          [
            -108.20825856974315,
            42.16158052222547
          ],
          [
            -108.20867600122706,
            42.16171348136047
          ],
          [
            -108.20909214885069,
            42.161847652789035
          ],
          [
            -108.2095069380588,
            42.16198310558145
          ],
          [
            -108.2099202942973,
            42.16211990880899
          ],
          [
            -108.21033214301318,
            42.162258131543936
          ],
          [
            -108.21074240965444,
            42.162397842859534
          ],
          [
            -108.21115101967018,
            42.162539111829986
          ],
          [
            -108.21155789851045,
            42.1626820075305
          ],
          [
            -108.2119629716262,
            42.16282659903713
          ],
          [
            -108.21236616446939,
            42.16297295542699
          ],
          [
            -108.21276740249274,
            42.16312114577802
          ],
          [
            -108.21316661114989,
            42.16327123916914
          ],
          [
            -108.21356371589522,
            42.163423304680144
          ],
          [
            -108.21395864218387,
            42.16357741139173
          ],
          [
            -108.21435131547165,
            42.16373362838544
          ],
          [
            -108.21474166121504,
            42.16389202474374
          ],
          [
            -108.21512960487114,
            42.16405266954988
          ],
          [
            -108.21551507189753,
            42.16421563188802
          ],
          [
            -108.21589798775233,
            42.16438098084309
          ],
          [
            -108.2162782778941,
            42.164548785500884
          ],
          [
            -108.2166558677818,
            42.1647191149479
          ],
          [
            -108.21703068287464,
            42.16489203827151
          ],
          [
            -108.21740264863215,
            42.165067624559775
          ],
          [
            -108.21777169051408,
            42.16524594290158
          ],
          [
            -108.2181377339803,
            42.165427062386456
          ],
          [
            -108.21850070449076,
            42.1656110521047
          ],
          [
            -108.21886052750543,
            42.16579798114729
          ],
          [
            -108.21921712848419,
            42.165987918605865
          ],
          [
            -108.21957043288684,
            42.16618093357274
          ],
          [
            -108.219920366173,
            42.166377095140874
          ],
          [
            -108.22026685380196,
            42.16657647240381
          ],
          [
            -108.22060982123271,
            42.16677913445573
          ],
          [
            -108.22094919392384,
            42.166985150391376
          ],
          [
            -108.22128489733343,
            42.16719458930604
          ],
          [
            -108.22161685691897,
            42.16740752029557
          ],
          [
            -108.22194499813732,
            42.167624012456315
          ],
          [
            -108.22226924644463,
            42.167844134885094
          ],
          [
            -108.22258952729615,
            42.16806795667925
          ],
          [
            -108.22290576614634,
            42.168295546936555
          ],
          [
            -108.2232178884486,
            42.16852697475517
          ],
          [
            -108.22352581965526,
            42.16876230923366
          ],
          [
            -108.22382948521754,
            42.16900161947103
          ],
          [
            -108.2241288105853,
            42.16924497456656
          ],
          [
            -108.22442372120715,
            42.1694924436199
          ],
          [
            -108.22471414253019,
            42.16974409573097
          ],
          [
            -108.225,
            42.17
          ]
        ]
      },
      "properties": {
        "feature_id": "BST-SEG-001",
        "object_id": "SH-RAIL-0001",
        "canonical_name": "Taylor\u2013Wamsutter legacy-scale scenario",
        "fictionality": "FICTIONAL_IN_REAL_GEOGRAPHY",
        "real_world_relation": "UNKNOWN",
        "canon_status": "PROPOSED",
        "geometry_status": "PRELIMINARY_ENGINEERING_PROPOSAL",
        "location_method": "ENGINEERED_FROM_CONSTRAINTS",
        "precision_class": "PRELIMINARY_DESIGN",
        "horizontal_accuracy_m": null,
        "public_precision": "FICTIONAL_CONTROL_OR_PROPOSAL",
        "source_id": "SRC-RAIL-PRELIM-ENGINEERING",
        "decision_id": "GEO-D014",
        "recorded_at": "2026-09-06T02:29:42+00:00",
        "world_state_date": "2026-09-05",
        "reference_source_ids": [
          "SRC-ADDENDUM-20260905",
          "DEM-USGS-WYOMING",
          "REF-WYOMING-WATERBODIES",
          "REF-WAMSUTTER-FRA-RAIL"
        ],
        "construction_method": "Declared analyst candidate geometry supported by pinned terrain/water analysis; see GEO-D014.",
        "notes": "Proposed fictional geometry in real geography. No real land title, access/operating right, construction approval or historical operation inferred. Owner/operator identify the proposed fictional track entity only. Historical transaction/opening date unknown.",
        "valid_from": null,
        "valid_to": null,
        "owner_entity": "SH-ENT-009",
        "operator_entity": "SH-ENT-009",
        "from_node_id": "BST-NODE-WAM",
        "to_node_id": "BST-NODE-TAY",
        "rights_type": "PROPOSED_FICTIONAL_TRACK_NO_REAL_LAND_TITLE",
        "geometry_miles": 38.813282973347235,
        "maximum_grade_pct": 1.8000000000002019,
        "elevation_min_m": 1992.9681396484375,
        "elevation_max_m": 2101.1962890625,
        "engineering_status": "PRELIMINARY_PROFILE_AND_TOPOLOGY",
        "route_role": "LEGACY_ROUTE_SCENARIO",
        "minimum_sampled_plan_radius_m": 913.5888159502161,
        "maximum_ground_grade_pct": 10.308588455379237
      }
    }
  ]
}
