{"type":"FeatureCollection","features":[{"type":"Feature","id":"BST-MAIN-COMPENSATED","geometry":{"type":"LineString","coordinates":[[-107.9656271521,41.6744965784],[-107.9658353553,41.6747166639],[-107.9660471682,41.6749363954],[-107.9662625483,41.6751557813],[-107.9664814526,41.6753748303],[-107.9667038386,41.6755935506],[-107.9669296636,41.675811951],[-107.9671588848,41.6760300399],[-107.9673914595,41.6762478258],[-107.9676273452,41.6764653172],[-107.9678664989,41.6766825226],[-107.9681088782,41.6768994506],[-107.9683544402,41.6771161096],[-107.9686031422,41.6773325082],[-107.9688549416,41.6775486549],[-107.9691097957,41.6777645582],[-107.9693676617,41.6779802265],[-107.9696284969,41.6781956685],[-107.9698922587,41.6784108926],[-107.9701589043,41.6786259073],[-107.9704283911,41.6788407212],[-107.9706213291,41.6789927997],[-107.9707006763,41.6790553427],[-107.9709757172,41.6792697805],[-107.9710163547,41.6793011288],[-107.9712534711,41.6794840429],[-107.9715338954,41.6796981385],[-107.9718169473,41.6799120758],[-107.972102584,41.6801258634],[-107.972390763,41.6803395096],[-107.9726814414,41.6805530232],[-107.9729745766,41.6807664125],[-107.9732701259,41.6809796861],[-107.9735680465,41.6811928526],[-107.9738682958,41.6814059203],[-107.974170831,41.6816188979],[-107.9744756094,41.6818317938],[-107.9747825884,41.6820446166],[-107.9750917251,41.6822573747],[-107.975402977,41.6824700768],[-107.9757163012,41.6826827313],[-107.9760316551,41.6828953467],[-107.9763489959,41.6831079316],[-107.976668281,41.6833204945],[-107.9769894677,41.6835330438],[-107.9773125131,41.6837455882],[-107.9776373746,41.6839581361],[-107.9779640096,41.684170696],[-107.9782923752,41.6843832766],[-107.9786224287,41.6845958862],[-107.9789541275,41.6848085334],[-107.9792874288,41.6850212268],[-107.97962229,41.6852339748],[-107.9799586682,41.685446786],[-107.9802965208,41.685659669],[-107.980635805,41.6858726321],[-107.9809764782,41.686085684],[-107.9813184976,41.6862988332],[-107.9816618205,41.6865120882],[-107.9820064042,41.6867254576],[-107.982352206,41.6869389497],[-107.9826991831,41.6871525733],[-107.9830472928,41.6873663368],[-107.9833964925,41.6875802487],[-107.9837467393,41.6877943176],[-107.9840979906,41.688008552],[-107.9844502036,41.6882229604],[-107.9848033357,41.6884375514],[-107.985157344,41.6886523334],[-107.985512186,41.6888673151],[-107.9858678188,41.6890825049],[-107.9862241997,41.6892979114],[-107.986581286,41.6895135431],[-107.986939035,41.6897294086],[-107.987297404,41.6899455163],[-107.9876563502,41.6901618748],[-107.9880158309,41.6903784927],[-107.9883758035,41.6905953785],[-107.988736225,41.6908125406],[-107.989097053,41.6910299878],[-107.9894582445,41.6912477284],[-107.9898197569,41.691465771],[-107.9901815475,41.6916841242],[-107.9905435735,41.6919027965],[-107.9909057923,41.6921217965],[-107.991268161,41.6923411326],[-107.9916306369,41.6925608135],[-107.9919931774,41.6927808476],[-107.9923557397,41.6930012435],[-107.9923842322,41.6930185938],[-107.9927182249,41.6932220409],[-107.993080251,41.6934434363],[-107.9934413516,41.6936656722],[-107.993801071,41.693888984],[-107.9941589694,41.694113597],[-107.9945146279,41.6943397238],[-107.9948676529,41.6945675617],[-107.9952176805,41.6947972899],[-107.995564381,41.6950290679],[-107.9959074621,41.6952630328],[-107.9962466725,41.6954992981],[-107.9965818044,41.695737952],[-107.9969126964,41.6959790562],[-107.9972392334,41.6962226455],[-107.9975613166,41.6964687257],[-107.9978788647,41.6967172721],[-107.9981918493,41.6969682285],[-107.9985002966,41.6972215082],[-107.998804286,41.6974769943],[-107.9991039483,41.6977345419],[-107.9993994629,41.6979939795],[-107.9996910542,41.6982551116],[-107.9999789883,41.6985177213],[-108.0002635676,41.6987815731],[-108.0005451263,41.6990464166],[-108.0008240245,41.6993119897],[-108.0011006427,41.6995780221],[-108.0013753753,41.6998442397],[-108.0016486248,41.7001103677],[-108.0019207949,41.7003761351],[-108.0021922846,41.700641278],[-108.0024634815,41.7009055431],[-108.002734756,41.7011686918],[-108.0030064555,41.7014305028],[-108.0032788986,41.7016907754],[-108.0035523703,41.7019493319],[-108.0038271173,41.70220602],[-108.004103344,41.7024607149],[-108.0043812085,41.7027133206],[-108.0046608204,41.7029637709],[-108.0049422378,41.7032120305],[-108.005225466,41.7034580951],[-108.0055104564,41.703701991],[-108.005797106,41.7039437751],[-108.0060852579,41.7041835336],[-108.0063747017,41.7044213808],[-108.0066651754,41.7046574578],[-108.0069563671,41.7048919302],[-108.0072479176,41.7051249862],[-108.0075394232,41.7053568341],[-108.0078304394,41.7055876998],[-108.0081204842,41.7058178241],[-108.0084090423,41.7060474596],[-108.0086955698,41.7062768683],[-108.0089794979,41.706506318],[-108.0092602383,41.7067360801],[-108.0095371875,41.7069664259],[-108.0098097317,41.7071976245],[-108.0100772518,41.7074299398],[-108.0103391279,41.7076636277],[-108.010594744,41.7078989341],[-108.010843493,41.7081360921],[-108.0110847807,41.7083753205],[-108.0113180304,41.7086168216],[-108.0115426872,41.7088607795],[-108.0117582218,41.7091073591],[-108.0119641345,41.7093567042],[-108.0121599589,41.7096089371],[-108.0123452656,41.7098641575],[-108.0125196652,41.7101224421],[-108.0126828123,41.7103838443],[-108.0128344084,41.7106483936],[-108.0129742047,41.7109160965],[-108.0131020058,41.7111869357],[-108.0132176725,41.7114608715],[-108.0133211248,41.7117378415],[-108.013412345,41.7120177619],[-108.013491381,41.7123005282],[-108.0135583491,41.7125860163],[-108.0136134374,41.7128740834],[-108.0136569086,41.7131645698],[-108.0136891035,41.7134572998],[-108.0137104441,41.7137520838],[-108.013721436,41.7140487198],[-108.0137219965,41.7141847159],[-108.0137226449,41.7143469989],[-108.0137142285,41.7146467715],[-108.013696026,41.7149479461],[-108.0136680086,41.7152504379],[-108.0136302991,41.7155541722],[-108.0135831733,41.7158590899],[-108.0135270594,41.7161651533],[-108.0134625331,41.7164723516],[-108.0133903103,41.7167807056],[-108.0133112352,41.7170902729],[-108.0132262647,41.7174011516],[-108.0131364478,41.7177134831],[-108.0130429005,41.7180274544],[-108.0129467743,41.7183432982],[-108.0128492206,41.7186612915],[-108.0127513856,41.7189817438],[-108.0126548828,41.7193048365],[-108.0125614782,41.7196305994],[-108.012472517,41.7199590001],[-108.0123888715,41.7202899324],[-108.0123109251,41.7206232072],[-108.0122385805,41.7209585478],[-108.0121712938,41.7212955924],[-108.0121081315,41.7216339016],[-108.0120478502,41.7219729728],[-108.0119889928,41.7223122583],[-108.0119299971,41.7226511881],[-108.0118693088,41.7229891945],[-108.0118054947,41.7233257367],[-108.0117373474,41.7236603254],[-108.0116639767,41.7239925435],[-108.011584883,41.7243220636],[-108.0115000101,41.7246486607],[-108.0114097746,41.724972219],[-108.011315073,41.7252927338],[-108.0112172698,41.7256103069],[-108.0111181673,41.7259251381],[-108.0110199658,41.7262375103],[-108.0109251666,41.7265477843],[-108.010835738,41.7268565377],[-108.0107531257,41.7271643972],[-108.0106788174,41.7274718453],[-108.0106143283,41.7277792243],[-108.0105611627,41.7280867516],[-108.0105207698,41.7283945387],[-108.0104944917,41.7287026134],[-108.0104835078,41.7290109438],[-108.0104887758,41.7293194618],[-108.0105109743,41.7296280868],[-108.01055045,41.7299367466],[-108.0106071728,41.7302453953],[-108.0106807023,41.7305540275],[-108.0107701681,41.7308626881],[-108.0108742668,41.7311714768],[-108.0109912743,41.7314805483],[-108.0111190763,41.7317901072],[-108.011255214,41.7321003997],[-108.0113969423,41.7324117014],[-108.0115413012,41.7327243034],[-108.0116851922,41.7330384976],[-108.011825461,41.7333545617],[-108.0119589982,41.7336727437],[-108.0120142482,41.7338148675],[-108.0120835772,41.7339931392],[-108.0121987926,41.7343156703],[-108.0123049734,41.7346402504],[-108.0124024694,41.7349667932],[-108.0124916307,41.7352952125],[-108.0125728073,41.7356254218],[-108.012646349,41.735957335],[-108.0127126058,41.7362908656],[-108.0127719279,41.7366259275],[-108.012824665,41.7369624342],[-108.0128711674,41.7373002994],[-108.0129117848,41.7376394369],[-108.0129468675,41.7379797603],[-108.0129767653,41.7383211833],[-108.0130018283,41.7386636196],[-108.0130224065,41.7390069828],[-108.0130388499,41.7393511866],[-108.0130515087,41.7396961448],[-108.0130607328,41.7400417708],[-108.0130668724,41.7403879786],[-108.013068529,41.740556657],[-108.0130702798,41.7407346812],[-108.0130713615,41.7410817827],[-108.0130705779,41.7414291781],[-108.013068393,41.7417767624],[-108.0130652699,41.7421244311],[-108.0130616684,41.7424720803],[-108.0130580422,41.7428196071],[-108.0130548367,41.7431669098],[-108.0130524869,41.743513888],[-108.0130514151,41.7438604429],[-108.0130520292,41.7442064775],[-108.0130547211,41.7445518965],[-108.0130598659,41.7448966067],[-108.0130678202,41.745240517],[-108.0130789223,41.7455835386],[-108.0130934917,41.7459255852],[-108.0131118292,41.7462665726],[-108.0131342175,41.7466064194],[-108.0131609218,41.7469450466],[-108.0131921914,41.7472823781],[-108.0132282606,41.74761834],[-108.0132693507,41.7479528614],[-108.0133156717,41.7482858738],[-108.0133674243,41.7486173115],[-108.0134248021,41.748947111],[-108.013487994,41.7492752117],[-108.0135571859,41.7496015552],[-108.0136324551,41.7499261141],[-108.0137135957,41.7502489391],[-108.0138003624,41.7505700934],[-108.0138925185,41.7508896401],[-108.0139898374,41.7512076416],[-108.0140921028,41.7515241593],[-108.0141991096,41.7518392533],[-108.0143106642,41.7521529823],[-108.014426585,41.7524654029],[-108.0145467027,41.7527765696],[-108.0146708602,41.7530865346],[-108.0147989127,41.7533953474],[-108.014930728,41.7537030549],[-108.0150661858,41.7540097008],[-108.0152051775,41.7543153262],[-108.0153476061,41.7546199688],[-108.0154933854,41.7549236633],[-108.0156424394,41.7552264414],[-108.015794702,41.7555283317],[-108.0159501155,41.7558293599],[-108.0161086307,41.7561295489],[-108.0162702051,41.7564289188],[-108.0164348025,41.7567274876],[-108.0166023915,41.7570252709],[-108.0167729451,41.7573222822],[-108.0169464388,41.7576185336],[-108.0171228499,41.7579140359],[-108.0173021564,41.7582087986],[-108.0174843355,41.7585028309],[-108.0176693628,41.7587961414],[-108.0178572111,41.7590887389],[-108.0180478489,41.7593806325],[-108.0182412402,41.7596718322],[-108.0184373427,41.7599623489],[-108.0186361074,41.7602521952],[-108.0188374776,41.7605413851],[-108.0190413879,41.7608299348],[-108.0192477643,41.7611178626],[-108.0194565228,41.7614051895],[-108.0196675696,41.7616919387],[-108.0198808006,41.7619781367],[-108.0200961012,41.7622638124],[-108.0203133464,41.762548998],[-108.0205324006,41.7628337284],[-108.0207531183,41.7631180414],[-108.0209753439,41.7634019778],[-108.0211989125,41.763685581],[-108.0214236506,41.7639688969],[-108.0216493762,41.7642519739],[-108.0218759004,41.7645348624],[-108.0221030274,41.7648176146],[-108.0223305561,41.7651002845],[-108.022558281,41.7653829272],[-108.0227859931,41.7656655987],[-108.0230134808,41.7659483557],[-108.0232277708,41.7662153561],[-108.0232405318,41.766231255],[-108.0234668399,41.7665143766],[-108.0236917869,41.7667978766],[-108.0239147014,41.7670819231],[-108.0241349324,41.7673666777],[-108.0243518566,41.7676522928],[-108.0245648847,41.7679389108],[-108.0247734673,41.7682266617],[-108.0249771005,41.7685156621],[-108.0251753307,41.7688060141],[-108.0253677593,41.7690978039],[-108.0255540456,41.7693911012],[-108.0257339105,41.7696859591],[-108.0259071382,41.7699824134],[-108.0260735775,41.7702804828],[-108.0262331431,41.770580169],[-108.0263858145,41.7708814577],[-108.0265316362,41.7711843187],[-108.0266707151,41.7714887075],[-108.026803219,41.7717945659],[-108.0269293727,41.7721018239],[-108.0270494552,41.7724104007],[-108.0271637948,41.772720207],[-108.0272727648,41.7730311461],[-108.0273767777,41.7733431162],[-108.0274762798,41.7736560125],[-108.027571745,41.7739697284],[-108.0276636684,41.7742841585],[-108.0277525597,41.7745991998],[-108.0278389363,41.7749147537],[-108.0279233164,41.7752307282],[-108.0280062121,41.7755470393],[-108.0280881221,41.7758636128],[-108.0281695253,41.7761803854],[-108.0282508736,41.7764973066],[-108.0283325854,41.7768143393],[-108.0284150392,41.7771314611],[-108.0284985688,41.7774486645],[-108.0285835023,41.7777659387],[-108.0286701738,41.7780832601],[-108.0287588549,41.7784006165],[-108.0288497484,41.7787180082],[-108.0289429872,41.7790354473],[-108.0290386344,41.7793529567],[-108.0291366835,41.7796705692],[-108.0292370603,41.7799883266],[-108.0293396246,41.7803062782],[-108.0294441731,41.7806244804],[-108.0295504434,41.7809429949],[-108.0296581176,41.7812618877],[-108.029766828,41.7815812281],[-108.0298761618,41.7819010877],[-108.0299856682,41.7822215386],[-108.030094864,41.7825426528],[-108.0302032416,41.7828645012],[-108.0303102755,41.7831871518],[-108.0304154306,41.7835106697],[-108.0305181699,41.7838351153],[-108.030617962,41.7841605439],[-108.0307142894,41.7844870047],[-108.0308066559,41.7848145401],[-108.0308945945,41.7851431852],[-108.0309776739,41.7854729668],[-108.0310555059,41.7858039035],[-108.0311277512,41.786136005],[-108.0311941249,41.7864692717],[-108.0312544016,41.7868036948],[-108.0313084192,41.7871392562],[-108.0313560825,41.7874759282],[-108.0313973652,41.7878136741],[-108.0314323114,41.7881524479],[-108.0314610362,41.7884921948],[-108.0314837248,41.7888328517],[-108.0315006317,41.7891743475],[-108.0315120775,41.7895166036],[-108.0315184459,41.7898595343],[-108.0315201795,41.7902030482],[-108.0315177746,41.7905470477],[-108.0315117754,41.7908914311],[-108.0315027676,41.791236092],[-108.0314913712,41.7915809214],[-108.031478233,41.7919258076],[-108.0314640187,41.7922706373],[-108.0314618358,41.7923219222],[-108.0314494043,41.7926152965],[-108.0314350654,41.7929596682],[-108.0314216707,41.7933036356],[-108.0314098748,41.793647084],[-108.0314003103,41.7939899011],[-108.0313935802,41.7943319787],[-108.0313902503,41.7946732125],[-108.0313908429,41.7950135036],[-108.0313958306,41.7953527587],[-108.031405631,41.7956908911],[-108.0314206021,41.7960278207],[-108.0314410386,41.7963634751],[-108.0314671692,41.7966977895],[-108.0314991545,41.7970307075],[-108.0315370865,41.7973621809],[-108.031580988,41.7976921702],[-108.0316308139,41.7980206445],[-108.0316864532,41.7983475817],[-108.0317477311,41.7986729683],[-108.0318144132,41.7989967994],[-108.0318862094,41.7993190782],[-108.0319627787,41.799639816],[-108.0320437354,41.7999590319],[-108.0321286546,41.8002767518],[-108.0322170788,41.8005930085],[-108.0323085252,41.800907841],[-108.0324024923,41.8012212936],[-108.0324984674,41.8015334153],[-108.0325959338,41.8018442595],[-108.0326943782,41.8021538827],[-108.0327932975,41.802462344],[-108.0328922059,41.8027697039],[-108.0329906414,41.8030760241],[-108.033088172,41.8033813661],[-108.0331844013,41.8036857905],[-108.033278974,41.8039893561],[-108.0333715802,41.8042921189],[-108.0334619601,41.8045941317],[-108.0335499066,41.8048954427],[-108.033635269,41.8051960949],[-108.0337179546,41.8054961255],[-108.0337979307,41.8057955647],[-108.033875225,41.8060944355],[-108.0339499264,41.8063927526],[-108.0340221841,41.806690522],[-108.0340922071,41.8069877403],[-108.0341602627,41.8072843943],[-108.0342266743,41.8075804603],[-108.0342918191,41.8078759041],[-108.0343561251,41.8081706803],[-108.034420068,41.8084647321],[-108.0344841673,41.8087579912],[-108.0345489827,41.8090503778],[-108.0346151096,41.8093418],[-108.0346831472,41.80963217],[-108.0347535818,41.8099214613],[-108.0348268623,41.8102096588],[-108.0349034324,41.8104967385],[-108.0349837245,41.8107826703],[-108.035068155,41.8110674189],[-108.0351571181,41.811350947],[-108.0352509816,41.8116332169],[-108.0353500814,41.8119141926],[-108.0354547171,41.8121938424],[-108.0355651482,41.8124721403],[-108.0356815893,41.8127490685],[-108.0358042074,41.8130246188],[-108.0359331187,41.8132987947],[-108.0360683857,41.8135716122],[-108.0362100155,41.8138431018],[-108.0363579581,41.8141133088],[-108.0365121057,41.8143822945],[-108.0366722925,41.8146501364],[-108.036838295,41.8149169286],[-108.0370098329,41.8151827815],[-108.037186571,41.8154478215],[-108.0373681213,41.8157121903],[-108.0375540461,41.8159760442],[-108.0377438616,41.8162395525],[-108.0379370417,41.8165028965],[-108.0381330227,41.8167662678],[-108.0383312086,41.8170298664],[-108.0385309765,41.8172938988],[-108.038731682,41.8175585762],[-108.0389326663,41.8178241122],[-108.0391332614,41.8180907208],[-108.0393327975,41.8183586141],[-108.0393601381,41.8183958379],[-108.0395306624,41.8186279855],[-108.0397265774,41.8188989319],[-108.0399203979,41.8191715105],[-108.0401119938,41.8194457729],[-108.0403012502,41.8197217651],[-108.0404880689,41.8199995274],[-108.040672369,41.8202790945],[-108.0408540881,41.8205604959],[-108.0410331825,41.8208437561],[-108.0412096277,41.8211288953],[-108.0413835203,41.8214158802],[-108.0415553521,41.8217044892],[-108.0417256983,41.8219944618],[-108.0418951205,41.8222855455],[-108.0420641605,41.8225774971],[-108.0422333349,41.822870085],[-108.0424031299,41.8231630907],[-108.0425739969,41.8234563097],[-108.0427463482,41.8237495536],[-108.0429205538,41.8240426502],[-108.0430969389,41.8243354448],[-108.0432757823,41.8246278007],[-108.0434573153,41.8249195991],[-108.0436417225,41.8252107395],[-108.0438291427,41.8255011391],[-108.0440196709,41.8257907326],[-108.0442133617,41.8260794711],[-108.0444102328,41.8263673216],[-108.0446102703,41.826654265],[-108.0448134337,41.8269402953],[-108.0450196617,41.8272254177],[-108.0452288794,41.8275096468],[-108.0454410041,41.8277930047],[-108.0456559531,41.8280755189],[-108.0458736504,41.8283572203],[-108.0460940335,41.8286381405],[-108.0463170605,41.8289183101],[-108.0465427164,41.8291977556],[-108.0467710195,41.8294764979],[-108.0470020265,41.8297545489],[-108.0472358382,41.8300319099],[-108.0474726034,41.8303085686],[-108.0477125232,41.8305844967],[-108.0479558543,41.8308596472],[-108.0482029111,41.831133952],[-108.0484540683,41.8314073194],[-108.0487097618,41.8316796305],[-108.0489704045,41.8319507667],[-108.0492360038,41.8322207321],[-108.0495064508,41.8324895444],[-108.0497816673,41.8327571856],[-108.0500615987,41.833023606],[-108.050346208,41.8332887294],[-108.0506354682,41.8335524594],[-108.0509293546,41.8338146852],[-108.051227837,41.8340752885],[-108.0515308713,41.8343341507],[-108.0518383916,41.8345911598],[-108.0521503028,41.8348462167],[-108.0524664728,41.8350992425],[-108.0527867263,41.8353501837],[-108.0531108388,41.8355990173],[-108.0534385322,41.8358457556],[-108.0537694711,41.836090449],[-108.0541032604,41.8363331881],[-108.0544394447,41.8365741048],[-108.0547775084,41.8368133723],[-108.0551168775,41.8370512034],[-108.055456923,41.8372878481],[-108.0557969647,41.8375235905],[-108.056136277,41.8377587443],[-108.0564740947,41.8379936478],[-108.0568096206,41.8382286584],[-108.0571420326,41.8384641469],[-108.0574704921,41.8387004912],[-108.0577941522,41.8389380707],[-108.0581121653,41.8391772604],[-108.0584236921,41.8394184256],[-108.0587279086,41.8396619169],[-108.0590240138,41.8399080665],[-108.0593112364,41.840157184],[-108.0595888411,41.8404095548],[-108.0596864485,41.8405029949],[-108.0598560962,41.8406654493],[-108.0601118431,41.8409252532],[-108.0603547195,41.8411893895],[-108.0605835317,41.8414582038],[-108.0607972719,41.8417319656],[-108.0609951267,41.8420108739],[-108.0611764835,41.8422950636],[-108.0613411822,41.8425845184],[-108.0614899269,41.8428789171],[-108.0616236773,41.8431778727],[-108.0617435147,41.8434809881],[-108.061850626,41.843787862],[-108.0619462863,41.8440980958],[-108.0620318411,41.8444112978],[-108.0621086861,41.8447270878],[-108.0621782463,41.8450451009],[-108.0622419531,41.8453649898],[-108.0623012213,41.845686428],[-108.0623574251,41.8460091113],[-108.0624118741,41.8463327591],[-108.0624657903,41.8466571158],[-108.0625202859,41.8469819508],[-108.0625763433,41.8473070587],[-108.0626347974,41.8476322591],[-108.0626963215,41.8479573954],[-108.0627614166,41.8482823341],[-108.0628304049,41.848606963],[-108.0629034279,41.8489311893],[-108.0629804492,41.8492549378],[-108.0630612618,41.8495781489],[-108.0631455004,41.8499007753],[-108.063232658,41.8502227807],[-108.0633221059,41.8505441362],[-108.0634131174,41.8508648185],[-108.0635048947,41.851184807],[-108.0635965967,41.8515040815],[-108.0636873687,41.8518226197],[-108.0637763717,41.8521403952],[-108.0638628118,41.8524573757],[-108.0639459671,41.8527735205],[-108.0640252133,41.8530887794],[-108.0641000461,41.8534030912],[-108.0641700997,41.8537163823],[-108.0642351617,41.8540285659],[-108.0642951846,41.8543395409],[-108.0643502913,41.8546491917],[-108.0644007782,41.8549573874],[-108.0644471129,41.8552639819],[-108.0644899288,41.8555688134],[-108.0645300159,41.8558717045],[-108.0645683093,41.8561724625],[-108.0646058752,41.8564708787],[-108.0646438952,41.8567667292],[-108.0646836328,41.8570597861],[-108.0647261792,41.8573499793],[-108.0647724458,41.857637343],[-108.0648233105,41.8579218877],[-108.0648796133,41.8582035998],[-108.0649421487,41.8584824454],[-108.0650116602,41.8587583736],[-108.0650888336,41.8590313204],[-108.0651742925,41.8593012137],[-108.0652685933,41.8595679769],[-108.0653722201,41.8598315342],[-108.0654855806,41.8600918151],[-108.0656090019,41.8603487594],[-108.0657427265,41.8606023215],[-108.0658869086,41.8608524751],[-108.0660416112,41.8610992174],[-108.0662068036,41.861342573],[-108.0663823591,41.8615825969],[-108.0665680545,41.861819378],[-108.0667635693,41.8620530405],[-108.066968487,41.8622837461],[-108.0671822968,41.8625116942],[-108.0674043964,41.8627371224],[-108.0676340966,41.8629603054],[-108.0678706264,41.8631815534],[-108.0681131393,41.8634012097],[-108.0683607216,41.863619648],[-108.0686124005,41.863837268],[-108.0688671544,41.8640544912],[-108.0691239228,41.8642717564],[-108.0691308253,41.8642775853],[-108.0693817392,41.864489472],[-108.0696401476,41.8647078717],[-108.0698988326,41.8649271409],[-108.0701574788,41.8651474651],[-108.0704157707,41.8653690295],[-108.0706648137,41.8655845939],[-108.0706733929,41.8655920197],[-108.0709300301,41.8658166211],[-108.0711853667,41.866043019],[-108.0714390874,41.8662713989],[-108.0716908768,41.8665019462],[-108.0719404194,41.8667348463],[-108.0721873998,41.8669702847],[-108.0724315036,41.867208446],[-108.0726725461,41.8674494344],[-108.0729105892,41.8676932],[-108.0731457226,41.8679396757],[-108.0733780363,41.8681887942],[-108.07360762,41.8684404884],[-108.0738345635,41.8686946911],[-108.0740589566,41.8689513351],[-108.0742808891,41.8692103533],[-108.0745004508,41.8694716785],[-108.0747177316,41.8697352435],[-108.0749328212,41.8700009811],[-108.0751458094,41.8702688242],[-108.0753567861,41.8705387055],[-108.075565841,41.8708105579],[-108.0757730639,41.8710843142],[-108.0759785447,41.8713599072],[-108.0761823731,41.8716372698],[-108.076384639,41.8719163347],[-108.0765854321,41.8721970347],[-108.0767848422,41.8724793028],[-108.0769829592,41.8727630716],[-108.0771798729,41.8730482741],[-108.0773756731,41.8733348429],[-108.0775704495,41.873622711],[-108.077764292,41.8739118112],[-108.0779572905,41.8742020761],[-108.0781495346,41.8744934388],[-108.0783411142,41.8747858319],[-108.0785321191,41.8750791883],[-108.0787226392,41.8753734408],[-108.0789127642,41.8756685222],[-108.0791025839,41.8759643652],[-108.0792921882,41.8762609028],[-108.0794816669,41.8765580677],[-108.0796711098,41.8768557927],[-108.0798606067,41.8771540107],[-108.0800502473,41.8774526543],[-108.0802401217,41.8777516565],[-108.0804303194,41.87805095],[-108.0806209305,41.8783504676],[-108.0808120446,41.8786501422],[-108.0810037517,41.8789499065],[-108.0811961414,41.8792496934],[-108.0813893037,41.8795494355],[-108.0815833118,41.8798490748],[-108.0817781516,41.8801486004],[-108.0819737807,41.8804480168],[-108.0821701565,41.8807473287],[-108.0823672365,41.8810465406],[-108.0825649783,41.8813456572],[-108.0827633391,41.881644683],[-108.0829622766,41.8819436227],[-108.0831617482,41.8822424808],[-108.0833617114,41.882541262],[-108.0835621237,41.8828399708],[-108.0837629425,41.8831386118],[-108.0839641252,41.8834371897],[-108.0841656295,41.8837357091],[-108.0843674126,41.8840341745],[-108.0845694322,41.8843325905],[-108.0847716456,41.8846309619],[-108.0849740104,41.884929293],[-108.085176484,41.8852275887],[-108.0853790238,41.8855258534],[-108.0855815874,41.8858240917],[-108.0857841322,41.8861223084],[-108.0859866156,41.8864205079],[-108.0861889952,41.8867186949],[-108.0863912283,41.887016874],[-108.0865932725,41.8873150498],[-108.0867950852,41.8876132269],[-108.0869966239,41.8879114099],[-108.087197846,41.8882096034],[-108.087398709,41.888507812],[-108.0875991703,41.8888060403],[-108.0877991875,41.889104293],[-108.0879987179,41.8894025746],[-108.0881208923,41.8895857221],[-108.088197719,41.8897008898],[-108.0883961482,41.8899992431],[-108.0885939631,41.8902976392],[-108.0887911211,41.8905960826],[-108.0889875796,41.890894578],[-108.0891832961,41.8911931301],[-108.089378228,41.8914917433],[-108.0895723328,41.8917904223],[-108.0897655679,41.8920891718],[-108.0899578908,41.8923879962],[-108.090149259,41.8926869004],[-108.0903396298,41.8929858887],[-108.0905289607,41.893284966],[-108.0907172093,41.8935841367],[-108.0909043328,41.8938834055],[-108.0910902888,41.894182777],[-108.0912750347,41.8944822558],[-108.0914585279,41.8947818466],[-108.091640726,41.8950815539],[-108.0918215862,41.8953813823],[-108.0920010662,41.8956813365],[-108.0921791232,41.8959814211],[-108.0923557148,41.8962816407],[-108.0925307985,41.8965819999],[-108.0927043315,41.8968825033],[-108.0928762714,41.8971831555],[-108.0930465756,41.8974839612],[-108.0932152016,41.897784925],[-108.0933821067,41.8980860514],[-108.0935472485,41.8983873452],[-108.0937105843,41.8986888108],[-108.0938720715,41.898990453],[-108.0940316677,41.8992922764],[-108.0941893302,41.8995942855],[-108.0943450165,41.8998964849],[-108.094498684,41.9001988794],[-108.0946502901,41.9005014735],[-108.0947997923,41.9008042718],[-108.0949471479,41.901107279],[-108.0950923145,41.9014104996],[-108.0952352494,41.9017139383],[-108.0953759101,41.9020175997],[-108.095514254,41.9023214884],[-108.0956502384,41.902625609],[-108.0957838209,41.9029299662],[-108.0959149589,41.9032345646],[-108.0960436097,41.9035394087],[-108.0961697309,41.9038445033],[-108.0962860387,41.904131957],[-108.0962932797,41.9041498529],[-108.0964142137,41.9044554621],[-108.0965324902,41.9047613355],[-108.0966480667,41.9050674779],[-108.0967609006,41.9053738937],[-108.0968709493,41.9056805877],[-108.0969781701,41.9059875643],[-108.0970825207,41.9062948284],[-108.0971839582,41.9066023844],[-108.0972824402,41.9069102369],[-108.0973779241,41.9072183907],[-108.0974703672,41.9075268503],[-108.097559727,41.9078356203],[-108.0976459609,41.9081447054],[-108.0977290263,41.9084541101],[-108.0978088821,41.908763839],[-108.0978855395,41.9090738911],[-108.0979590749,41.9093842586],[-108.0980295685,41.9096949334],[-108.0980971006,41.9100059074],[-108.0981617515,41.9103171725],[-108.0982236016,41.9106287205],[-108.0982827311,41.9109405434],[-108.0983392204,41.9112526329],[-108.0983931498,41.9115649809],[-108.0984445996,41.9118775794],[-108.0984936501,41.9121904201],[-108.0985403816,41.9125034949],[-108.0985848744,41.9128167958],[-108.0986272089,41.9131303146],[-108.0986674654,41.913444043],[-108.0987057243,41.9137579731],[-108.0987420657,41.9140720967],[-108.0987765702,41.9143864056],[-108.0988093179,41.9147008917],[-108.0988403892,41.9150155468],[-108.0988698645,41.9153303629],[-108.0988877245,41.9155315587],[-108.0988978251,41.9156453316],[-108.0989244051,41.9159604375],[-108.0989498202,41.9162756544],[-108.0989743008,41.9165909552],[-108.098998084,41.9169063125],[-108.0990214104,41.9172216996],[-108.0990445223,41.9175370899],[-108.0990676603,41.9178524577],[-108.099091061,41.9181677782],[-108.0991149544,41.9184830275],[-108.0991395608,41.9187981833],[-108.0991650892,41.9191132246],[-108.0991917341,41.9194281321],[-108.099219674,41.9197428882],[-108.0992490687,41.9200574773],[-108.0992800583,41.9203718857],[-108.0993127612,41.9206861017],[-108.0993472727,41.9210001158],[-108.0993836646,41.9213139209],[-108.0994219838,41.9216275119],[-108.0994622523,41.921940886],[-108.0995044673,41.9222540427],[-108.0995486008,41.9225669837],[-108.0995946006,41.9228797129],[-108.0996423912,41.9231922364],[-108.0996918748,41.9235045623],[-108.0997429325,41.9238167009],[-108.0997954265,41.9241286642],[-108.0998492019,41.9244404661],[-108.0999040887,41.9247521221],[-108.0999599046,41.9250636491],[-108.1000164572,41.9253750656],[-108.1000735473,41.925686391],[-108.1001309712,41.9259976459],[-108.1001885245,41.9263088513],[-108.1002460042,41.9266200292],[-108.1003032125,41.9269312014],[-108.1003599599,41.9272423901],[-108.1004160677,41.9275536172],[-108.1004713715,41.9278649038],[-108.1005257236,41.9281762708],[-108.1005789964,41.9284877376],[-108.1006310841,41.9287993225],[-108.1006819056,41.929111042],[-108.1007314066,41.9294229109],[-108.1007795609,41.9297349418],[-108.1008263726,41.9300471445],[-108.1008718772,41.9303595266],[-108.100916142,41.9306720922],[-108.1009592676,41.9309848426],[-108.1010013874,41.9312977754],[-108.1010426679,41.9316108845],[-108.101083308,41.9319241602],[-108.1011235385,41.9322375886],[-108.1011636206,41.9325511519],[-108.1012038445,41.9328648281],[-108.1012445277,41.9331785909],[-108.1012860125,41.9334924099],[-108.1013286636,41.9338062507],[-108.1013728655,41.9341200747],[-108.101419019,41.9344338396],[-108.101467538,41.9347474995],[-108.1015188462,41.935061005],[-108.1015733725,41.935374304],[-108.1016315481,41.9356873417],[-108.1016937978,41.9360000616],[-108.1017604608,41.9363124156],[-108.1018317787,41.9366243653],[-108.1019079588,41.9369358747],[-108.101989174,41.9372469111],[-108.1020755589,41.9375574459],[-108.1021672073,41.9378674553],[-108.1022641694,41.9381769214],[-108.1023664503,41.9384858328],[-108.1024740082,41.9387941853],[-108.1025867542,41.9391019824],[-108.1027045513,41.9394092353],[-108.1028272156,41.9397159639],[-108.1029545166,41.940022196],[-108.1030861793,41.9403279679],[-108.1032218859,41.9406333242],[-108.1033612787,41.9409383171],[-108.1035039632,41.941243006],[-108.1036495121,41.9415474574],[-108.103797469,41.9418517436],[-108.1039473531,41.942155942],[-108.1040986643,41.9424601346],[-108.1041013805,41.9424655615],[-108.1042509158,41.942764403],[-108.1044037282,41.9430688166],[-108.1045567491,41.9433734421],[-108.1047096258,41.9436783463],[-108.1048620101,41.9439835954],[-108.1050135614,41.944289254],[-108.105163951,41.9445953838],[-108.105312866,41.9449020431],[-108.1054600121,41.945209286],[-108.1056051177,41.9455171613],[-108.1057479361,41.9458257122],[-108.1058882488,41.9461349752],[-108.1060258672,41.9464449802],[-108.1061606349,41.9467557497],[-108.1062924286,41.9470672988],[-108.1064211596,41.9473796349],[-108.1065467738,41.947692758],[-108.1066692517,41.9480066605],[-108.1067886082,41.9483213278],[-108.1069048913,41.9486367383],[-108.1070181803,41.9489528647],[-108.1071285845,41.9492696736],[-108.10723624,41.9495871272],[-108.1073413075,41.9499051836],[-108.1074439687,41.950223798],[-108.107544459,41.9505429176],[-108.1076430861,41.9508624792],[-108.107740163,41.95118242],[-108.1078359979,41.9515026794],[-108.1079308908,41.9518232001],[-108.1080251305,41.9521439275],[-108.108118992,41.9524648114],[-108.1082127337,41.9527858054],[-108.108306595,41.9531068676],[-108.1084007945,41.9534279612],[-108.1084955274,41.953749054],[-108.1085909645,41.9540701193],[-108.1086872506,41.9543911353],[-108.1087845035,41.9547120858],[-108.1088828133,41.9550329596],[-108.1089822417,41.9553537509],[-108.1090828225,41.9556744587],[-108.109184561,41.9559950872],[-108.1092874352,41.9563156451],[-108.1093913963,41.9566361453],[-108.1094963697,41.9569566049],[-108.1096022564,41.9572770449],[-108.1097089349,41.9575974894],[-108.1098162626,41.9579179655],[-108.1099240781,41.9582385029],[-108.1100322038,41.9585591331],[-108.1101404476,41.9588798895],[-108.1102486062,41.9592008065],[-108.1103564674,41.9595219189],[-108.1104638127,41.9598432621],[-108.1105704209,41.9601648709],[-108.1106760701,41.9604867794],[-108.110780541,41.9608090204],[-108.1108836197,41.9611316253],[-108.1109851002,41.9614546233],[-108.1110847874,41.9617780412],[-108.1111824994,41.962101903],[-108.1112780698,41.9624262295],[-108.1113713502,41.9627510385],[-108.1114622116,41.9630763438],[-108.1115505469,41.9634021556],[-108.1116362718,41.96372848],[-108.1117193263,41.9640553192],[-108.1117996757,41.9643826709],[-108.1118773112,41.9647105289],[-108.1119522502,41.9650388826],[-108.1120245348,41.9653677182],[-108.1120942184,41.9656970226],[-108.1121613724,41.9660267815],[-108.112226092,41.9663569769],[-108.1122884954,41.9666875871],[-108.1123487228,41.9670185877],[-108.1124069349,41.9673499509],[-108.1124633121,41.9676816463],[-108.1125180523,41.9680136413],[-108.1125713694,41.968345901],[-108.1126234912,41.9686783887],[-108.1126708451,41.9689862658],[-108.112674657,41.9690110665],[-108.112725065,41.9693439035],[-108.1127747552,41.9696768932],[-108.1128237358,41.9700100344],[-108.1128720149,41.9703433259],[-108.1129196006,41.9706767664],[-108.112966501,41.9710103546],[-108.1130127242,41.9713440893],[-108.1130582785,41.9716779692],[-108.1131031718,41.9720119929],[-108.1131474122,41.9723461594],[-108.1131910081,41.9726804672],[-108.1132339673,41.9730149151],[-108.1132762981,41.9733495018],[-108.1133180085,41.9736842262],[-108.1133591068,41.9740190868],[-108.1133996009,41.9743540825],[-108.1134394991,41.974689212],[-108.1134788094,41.9750244739],[-108.11351754,41.9753598671],[-108.113555699,41.9756953903],[-108.1135932944,41.9760310421],[-108.1136303345,41.9763668214],[-108.1136668274,41.9767027269],[-108.1137027811,41.9770387572],[-108.1137382037,41.9773749112],[-108.1137731035,41.9777111875],[-108.1138074885,41.9780475849],[-108.1138413669,41.9783841021],[-108.1138747467,41.9787207379],[-108.1139076361,41.979057491],[-108.1139400432,41.97939436],[-108.1139719761,41.9797313438],[-108.114003443,41.9800684411],[-108.1140344519,41.9804056506],[-108.1140650111,41.980742971],[-108.1140951285,41.9810804011],[-108.1141248124,41.9814179396],[-108.1141540709,41.9817555852],[-108.114182912,41.9820933367],[-108.114211344,41.9824311928],[-108.1142393749,41.9827691522],[-108.1142670128,41.9831072137],[-108.1142942659,41.9834453759],[-108.1143211423,41.9837836377],[-108.1143476501,41.9841219977],[-108.1143737974,41.9844604547],[-108.1143995924,41.9847990074],[-108.1144250432,41.9851376545],[-108.114450158,41.9854763948],[-108.1144749447,41.985815227],[-108.1144994117,41.9861541499],[-108.1145235669,41.9864931621],[-108.1145474185,41.9868322624],[-108.1145709747,41.9871714495],[-108.1145942435,41.9875107222],[-108.1146172331,41.9878500792],[-108.1146399517,41.9881895192],[-108.1146624072,41.988529041],[-108.114684608,41.9888686432],[-108.114706562,41.9892083247],[-108.1147282774,41.9895480841],[-108.1147497624,41.9898879201],[-108.1147710251,41.9902278316],[-108.1147920735,41.9905678172],[-108.1148129159,41.9909078757],[-108.1148335603,41.9912480057],[-108.114854015,41.9915882061],[-108.1148742879,41.9919284756],[-108.1148943872,41.9922688128],[-108.1149143211,41.9926092166],[-108.1149340977,41.9929496856],[-108.1149537251,41.9932902186],[-108.1149732114,41.9936308143],[-108.1149925649,41.9939714715],[-108.1150117935,41.9943121888],[-108.1150309054,41.994652965],[-108.1150499088,41.9949937989],[-108.1150688118,41.9953346891],[-108.1150876225,41.9956756344],[-108.1151063491,41.9960166336],[-108.1151220186,41.9963031742],[-108.1151249996,41.9963576853],[-108.1151435822,41.9966987883],[-108.1151621047,41.9970399413],[-108.1151805703,41.9973811436],[-108.1151989797,41.9977223943],[-108.1152173332,41.998063693],[-108.1152356314,41.9984050391],[-108.1152538747,41.9987464317],[-108.1152720636,41.9990878704],[-108.1152901986,41.9994293546],[-108.1153082801,41.9997708835],[-108.1153263086,42.0001124566],[-108.1153442847,42.0004540732],[-108.1153622087,42.0007957327],[-108.1153800811,42.0011374346],[-108.1153979025,42.001479178],[-108.1154156733,42.0018209625],[-108.115433394,42.0021627874],[-108.115451065,42.0025046521],[-108.1154686868,42.0028465559],[-108.1154862599,42.0031884982],[-108.1155037848,42.0035304784],[-108.1155212619,42.0038724959],[-108.1155386918,42.00421455],[-108.1155560748,42.0045566402],[-108.1155734116,42.0048987657],[-108.1155907024,42.005240926],[-108.1156079479,42.0055831204],[-108.1156251485,42.0059253483],[-108.1156423047,42.006267609],[-108.1156594169,42.006609902],[-108.1156764856,42.0069522267],[-108.1156935113,42.0072945823],[-108.1157104945,42.0076369683],[-108.1157274356,42.007979384],[-108.1157443352,42.0083218289],[-108.1157611937,42.0086643022],[-108.1157780115,42.0090068034],[-108.1157947892,42.0093493318],[-108.1158115271,42.0096918868],[-108.1158282259,42.0100344678],[-108.115844886,42.0103770742],[-108.1158615078,42.0107197052],[-108.1158780918,42.0110623604],[-108.1158946386,42.011405039],[-108.1159111485,42.0117477404],[-108.115927622,42.0120904641],[-108.1159440597,42.0124332094],[-108.1159604619,42.0127759756],[-108.1159768292,42.0131187621],[-108.1159931621,42.0134615684],[-108.116009461,42.0138043937],[-108.1160257264,42.0141472375],[-108.1160419588,42.0144900991],[-108.1160581586,42.0148329779],[-108.1160743264,42.0151758732],[-108.1160904625,42.0155187845],[-108.1161065675,42.0158617111],[-108.1161226419,42.0162046524],[-108.1161386861,42.0165476078],[-108.1161547005,42.0168905766],[-108.1161601713,42.0170079575],[-108.1161706858,42.0172335582],[-108.1161866423,42.0175765519],[-108.1162025705,42.0179195573],[-108.116218471,42.0182625735],[-108.1162343441,42.0186056001],[-108.1162501903,42.0189486363],[-108.1162660102,42.0192916815],[-108.1162818042,42.0196347352],[-108.1162975728,42.0199777966],[-108.1163133164,42.0203208652],[-108.1163290355,42.0206639404],[-108.1163447306,42.0210070214],[-108.1163604023,42.0213501078],[-108.1163760508,42.0216931987],[-108.1163916768,42.0220362937],[-108.1164072807,42.0223793922],[-108.116422863,42.0227224933],[-108.1164384242,42.0230655966],[-108.1164539646,42.0234087015],[-108.1164657387,42.0236689908],[-108.1164694849,42.0237518072],[-108.1164849855,42.0240949132],[-108.1165004668,42.0244380188],[-108.1165159293,42.0247811234],[-108.1165313735,42.0251242264],[-108.1165468,42.0254673271],[-108.1165622091,42.025810425],[-108.1165776013,42.0261535194],[-108.1165929771,42.0264966096],[-108.116608337,42.0268396951],[-108.1166236815,42.0271827752],[-108.116639011,42.0275258493],[-108.116654326,42.0278689168],[-108.116669627,42.028211977],[-108.1166849145,42.0285550293],[-108.1167001889,42.0288980731],[-108.1167154507,42.0292411077],[-108.1167307004,42.0295841326],[-108.1167459385,42.029927147],[-108.1167611654,42.0302701504],[-108.1167763816,42.0306131422],[-108.1167915876,42.0309561217],[-108.1168067839,42.0312990883],[-108.1168219709,42.0316420413],[-108.1168371492,42.0319849802],[-108.1168523191,42.0323279043],[-108.1168674812,42.032670813],[-108.116882636,42.0330137056],[-108.1168977838,42.0333565816],[-108.1169129253,42.0336994402],[-108.1169280608,42.0340422809],[-108.1169431909,42.0343851031],[-108.116958316,42.0347279061],[-108.1169734366,42.0350706893],[-108.1169885532,42.035413452],[-108.1170036662,42.0357561937],[-108.1170187761,42.0360989137],[-108.1170338835,42.0364416114],[-108.1170489887,42.0367842861],[-108.1170640923,42.0371269372],[-108.1170791947,42.0374695642],[-108.1170942964,42.0378121663],[-108.1171093979,42.038154743],[-108.1171244997,42.0384972936],[-108.1171396021,42.0388398175],[-108.1171547058,42.039182314],[-108.1171698112,42.0395247826],[-108.1171849187,42.0398672226],[-108.1172000289,42.0402096334],[-108.1172151422,42.0405520143],[-108.117230259,42.0408943648],[-108.1172453799,42.0412366842],[-108.1172605054,42.0415789718],[-108.1172756359,42.0419212271],[-108.1172907718,42.0422634494],[-108.1173059138,42.0426056381],[-108.1173210621,42.0429477926],[-108.1173362174,42.0432899122],[-108.1173513801,42.0436319963],[-108.1173665507,42.0439740443],[-108.1173817296,42.0443160556],[-108.1173969173,42.0446580294],[-108.1174121143,42.0449999653],[-108.1174273211,42.0453418626],[-108.1174425381,42.0456837206],[-108.1174577659,42.0460255387],[-108.1174730049,42.0463673164],[-108.1174882555,42.0467090529],[-108.1175035183,42.0470507476],[-108.1175187937,42.0473923999],[-108.1175340823,42.0477340093],[-108.1175493844,42.0480755749],[-108.1175647005,42.0484170964],[-108.1175800312,42.0487585729],[-108.1175953769,42.0491000039],[-108.1176107381,42.0494413887],[-108.1176261153,42.0497827268],[-108.1176415089,42.0501240174],[-108.1176569194,42.0504652601],[-108.1176723473,42.050806454],[-108.1176828326,42.0510380406],[-108.117687793,42.0511475987],[-108.1177032572,42.0514886935],[-108.1177156681,42.051762072],[-108.1177187401,42.0518297377],[-108.1177342423,42.0521707307],[-108.1177497643,42.052511672],[-108.1177653065,42.0528525608],[-108.1177808695,42.0531933966],[-108.1177964536,42.0535341787],[-108.1178120594,42.0538749065],[-108.1178276874,42.0542155793],[-108.117843338,42.0545561966],[-108.1178590117,42.0548967578],[-108.117874709,42.0552372621],[-108.1178904304,42.0555777089],[-108.1179061763,42.0559180977],[-108.1179219471,42.0562584278],[-108.1179377435,42.0565986986],[-108.1179535658,42.0569389094],[-108.1179694146,42.0572790596],[-108.1179852903,42.0576191487],[-108.1180011934,42.0579591759],[-108.1180171243,42.0582991406],[-108.1180330836,42.0586390423],[-108.1180490717,42.0589788803],[-108.1180650891,42.0593186539],[-108.1180811362,42.0596583625],[-108.1180972137,42.0599980055],[-108.1181133218,42.0603375824],[-108.1181294611,42.0606770923],[-108.1181456321,42.0610165348],[-108.1181618353,42.0613559092],[-108.1181780711,42.0616952149],[-108.11819434,42.0620344512],[-108.1182106425,42.0623736175],[-108.118226979,42.0627127132],[-108.1182433501,42.0630517377],[-108.1182597562,42.0633906902],[-108.1182761977,42.0637295703],[-108.1182926753,42.0640683773],[-108.1183091858,42.0644071101],[-108.1183257105,42.0647457659],[-108.1183422262,42.0650843412],[-108.1183587097,42.0654228327],[-108.1183751379,42.0657612369],[-108.1183914875,42.0660995504],[-108.1184077353,42.0664377699],[-108.1184238581,42.0667758919],[-108.1184398328,42.067113913],[-108.1184556361,42.0674518298],[-108.1184712449,42.0677896388],[-108.1184866358,42.0681273368],[-108.1185017859,42.0684649203],[-108.1185166717,42.0688023858],[-108.1185312702,42.0691397301],[-108.1185455581,42.0694769495],[-108.1185595123,42.0698140409],[-108.1185731094,42.0701510007],[-108.1185863264,42.0704878255],[-108.11859914,42.070824512],[-108.1186115271,42.0711610567],[-108.1186234643,42.0714974563],[-108.1186349285,42.0718337072],[-108.1186458966,42.0721698062],[-108.1186563452,42.0725057498],[-108.1186662512,42.0728415346],[-108.1186755915,42.0731771572],[-108.1186843426,42.0735126142],[-108.1186924816,42.0738479022],[-108.1186999851,42.0741830178],[-108.1187068299,42.0745179575],[-108.1187129929,42.074852718],[-108.1187184508,42.0751872959],[-108.1187231804,42.0755216877],[-108.1187271586,42.07585589],[-108.118730362,42.0761898996],[-108.1187327675,42.0765237128],[-108.1187343519,42.0768573264],[-108.1187350919,42.0771907369],[-108.1187349644,42.0775239409],[-108.1187339461,42.0778569351],[-108.1187320139,42.0781897159],[-108.1187301203,42.0784091776],[-108.118729143,42.0785222798],[-108.1187252283,42.0788546079],[-108.1187200446,42.0791866581],[-108.1187133613,42.0795183872],[-108.1187049536,42.0798497521],[-108.1186946036,42.0801807106],[-108.1186821009,42.0805112213],[-108.1186672432,42.0808412438],[-108.1186498372,42.0811707387],[-108.1186296992,42.081499668],[-108.1186066556,42.0818279952],[-108.1185805438,42.082155685],[-108.1185512122,42.082482704],[-108.1185185211,42.0828090207],[-108.118482343,42.0831346051],[-108.1184425628,42.0834594294],[-108.1183990781,42.0837834681],[-108.1183518,42.0841066975],[-108.1183006525,42.0844290964],[-108.1182455732,42.084750646],[-108.1181865131,42.0850713298],[-108.118123437,42.0853911338],[-108.1180563229,42.0857100466],[-108.1179851625,42.0860280594],[-108.1179099608,42.0863451659],[-108.1178307361,42.0866613626],[-108.1177475194,42.0869766486],[-108.1176603546,42.0872910257],[-108.1175692978,42.0876044984],[-108.1174744174,42.0879170738],[-108.1173757931,42.0882287617],[-108.1172735159,42.0885395747],[-108.1171676874,42.0888495278],[-108.1170584195,42.0891586387],[-108.1169458334,42.0894669273],[-108.1168300596,42.0897744165],[-108.1167112367,42.090081131],[-108.1165895112,42.0903870981],[-108.1164650366,42.0906923474],[-108.1163379727,42.0909969105],[-108.1162084848,42.0913008208],[-108.1160767433,42.0916041141],[-108.1159429226,42.0919068274],[-108.1158072006,42.092209],[-108.1156697576,42.0925106721],[-108.1155307758,42.0928118859],[-108.1153904384,42.0931126844],[-108.115248929,42.0934131119],[-108.1151064305,42.0937132137],[-108.1149631245,42.0940130357],[-108.1148191906,42.0943126248],[-108.1146748055,42.094612028],[-108.1145301423,42.0949112927],[-108.1143853699,42.0952104666],[-108.114240652,42.0955095971],[-108.1140961466,42.0958087315],[-108.1139520053,42.0961079167],[-108.1138083726,42.096407199],[-108.1136653853,42.096706624],[-108.113523172,42.0970062362],[-108.1133818522,42.097306079],[-108.1132415361,42.0976061946],[-108.113102324,42.0979066237],[-108.1129643057,42.0982074052],[-108.1128275602,42.0985085764],[-108.1126921551,42.0988101722],[-108.1125581467,42.0991122258],[-108.112425579,42.0994147678],[-108.1122944838,42.0997178264],[-108.1121648807,42.100021427],[-108.1120367761,42.1003255925],[-108.1119101639,42.1006303426],[-108.111785025,42.1009356941],[-108.111661327,42.1012416607],[-108.1115390246,42.1015482527],[-108.1114180593,42.1018554769],[-108.1112983597,42.1021633368],[-108.1111798411,42.1024718323],[-108.1110624065,42.1027809596],[-108.1109459459,42.1030907113],[-108.1108303371,42.103401076],[-108.1107154458,42.1037120386],[-108.1106011257,42.1040235805],[-108.1104872194,42.1043356787],[-108.1103735583,42.1046483068],[-108.1102599634,42.1049614344],[-108.1101462453,42.1052750274],[-108.1100322054,42.1055890478],[-108.109917636,42.1059034541],[-108.1098023211,42.1062182011],[-108.1096860371,42.1065332401],[-108.1095685531,42.106848519],[-108.1094496322,42.1071639826],[-108.1093290319,42.1074795723],[-108.109206505,42.1077952267],[-108.1090818005,42.1081108818],[-108.1089546642,42.1084264708],[-108.10882484,42.1087419246],[-108.1086920704,42.1090571722],[-108.1085560976,42.1093721404],[-108.1084166648,42.1096867547],[-108.1082735166,42.1100009393],[-108.1081264005,42.1103146175],[-108.1079750676,42.1106277117],[-108.1078192737,42.1109401445],[-108.1076587808,42.111251838],[-108.1074933574,42.1115627154],[-108.1073227803,42.1118727004],[-108.107146835,42.1121817179],[-108.1069653173,42.1124896949],[-108.1067780343,42.1127965604],[-108.1065848052,42.1131022458],[-108.1063854625,42.1134066859],[-108.106179853,42.113709819],[-108.105967839,42.1140115873],[-108.105749299,42.1143119377],[-108.1055241288,42.1146108221],[-108.1052922426,42.1149081979],[-108.1050535735,42.1152040285],[-108.1048080748,42.1154982839],[-108.1045557202,42.1157909412],[-108.1042965051,42.1160819847],[-108.1040304472,42.116371407],[-108.1037575867,42.1166592089],[-108.1034779872,42.1169454003],[-108.1031917361,42.1172300002],[-108.1028989449,42.1175130373],[-108.1025997493,42.1177945504],[-108.1022943098,42.1180745888],[-108.1019828114,42.1183532124],[-108.1016654635,42.1186304921],[-108.1013425,42.1189065097],[-108.1010141789,42.1191813588],[-108.1006807818,42.1194551441],[-108.1003426132,42.1197279819],[-108.1,42.12]]},"properties":{"source_route_id":"BST-MAIN","case_status":"PROPOSED_FIXED_CONTROL_40_MILE_CASE","survey_status":"NOT_SURVEYED"}},{"type":"Feature","id":"BST-EAST-CANDIDATE","geometry":{"type":"LineString","coordinates":[[-108.0691308253,41.8642775852],[-108.0691780674,41.8643179308],[-108.0692240696,41.8643580813],[-108.0692688388,41.8643980376],[-108.0693123815,41.8644378004],[-108.0693547046,41.8644773703],[-108.0693958147,41.864516748],[-108.0694357186,41.8645559344],[-108.0694744229,41.86459493],[-108.0695119344,41.8646337357],[-108.0695482599,41.8646723521],[-108.0695834059,41.86471078],[-108.0696173793,41.86474902],[-108.0696501867,41.8647870728],[-108.0696818349,41.8648249393],[-108.0697123306,41.86486262],[-108.0697416805,41.8649001158],[-108.0697698914,41.8649374273],[-108.0697969698,41.8649745553],[-108.0698229227,41.8650115004],[-108.0698477566,41.8650482633],[-108.0698714782,41.8650848449],[-108.0698940944,41.8651212457],[-108.0699156119,41.8651574666],[-108.0699360372,41.8651935082],[-108.0699553772,41.8652293712],[-108.0699736386,41.8652650563],[-108.0699908281,41.8653005644],[-108.0700069525,41.865335896],[-108.0700220183,41.8653710519],[-108.0700360324,41.8654060327],[-108.0700490014,41.8654408394],[-108.0700609322,41.8654754724],[-108.0700718313,41.8655099326],[-108.0700817056,41.8655442206],[-108.0700905617,41.8655783372],[-108.0700984063,41.8656122831],[-108.0701052462,41.865646059],[-108.0701110881,41.8656796656],[-108.0701159388,41.8657131036],[-108.0701198048,41.8657463738],[-108.070122693,41.8657794768],[-108.07012461,41.8658124133],[-108.0701255626,41.8658451842],[-108.0701255575,41.86587779],[-108.0701246015,41.8659102315],[-108.0701227011,41.8659425094],[-108.0701198632,41.8659746245],[-108.0701160945,41.8660065774],[-108.0701114017,41.8660383688],[-108.0701057915,41.8660699995],[-108.0700992705,41.8661014702],[-108.0700918457,41.8661327816],[-108.0700835236,41.8661639343],[-108.0700743109,41.8661949292],[-108.0700642145,41.8662257669],[-108.070053241,41.8662564482],[-108.0700413971,41.8662869737],[-108.0700286895,41.8663173441],[-108.070015125,41.8663475603],[-108.0700007104,41.8663776228],[-108.0699854522,41.8664075324],[-108.0699693572,41.8664372899],[-108.0699524322,41.8664668958],[-108.0699346838,41.8664963511],[-108.0699161188,41.8665256562],[-108.069896744,41.866554812],[-108.0698765659,41.8665838192],[-108.0698555913,41.8666126785],[-108.0698338271,41.8666413906],[-108.0698112797,41.8666699562],[-108.0697879561,41.8666983761],[-108.0697638629,41.8667266508],[-108.0697390068,41.8667547813],[-108.0697133946,41.8667827681],[-108.0696870329,41.8668106119],[-108.0696599285,41.8668383136],[-108.0696320881,41.8668658737],[-108.0696035184,41.8668932931],[-108.0695742262,41.8669205724],[-108.0695442181,41.8669477123],[-108.0695135009,41.8669747136],[-108.0694820813,41.8670015769],[-108.069449966,41.867028303],[-108.0694171617,41.8670548926],[-108.0693836752,41.8670813464],[-108.0693495132,41.8671076651],[-108.0693146823,41.8671338494],[-108.0692791894,41.8671599001],[-108.069243041,41.8671858178],[-108.0692062441,41.8672116033],[-108.0691688052,41.8672372572],[-108.069130731,41.8672627804],[-108.0690920284,41.8672881734],[-108.069052704,41.867313437],[-108.0690127646,41.867338572],[-108.0689722168,41.867363579],[-108.0689310673,41.8673884587],[-108.068889323,41.8674132119],[-108.0688469905,41.8674378393],[-108.0688040765,41.8674623415],[-108.0687605878,41.8674867194],[-108.0687165311,41.8675109735],[-108.0686719131,41.8675351047],[-108.0686267404,41.8675591136],[-108.0685810199,41.8675830009],[-108.0685347583,41.8676067674],[-108.0684879622,41.8676304138],[-108.0684406384,41.8676539408],[-108.0683927936,41.867677349],[-108.0683444346,41.8677006393],[-108.068295568,41.8677238122],[-108.0682462005,41.8677468686],[-108.068196339,41.8677698091],[-108.06814599,41.8677926345],[-108.0680951604,41.8678153455],[-108.0680438569,41.8678379427],[-108.067992086,41.867860427],[-108.0679398547,41.8678827989],[-108.0678871696,41.8679050592],[-108.0678340374,41.8679272087],[-108.0677804648,41.867949248],[-108.0677264586,41.8679711779],[-108.0676720255,41.867992999],[-108.0676171721,41.8680147121],[-108.0675619053,41.8680363179],[-108.0675062318,41.8680578171],[-108.0674501581,41.8680792104],[-108.0673936912,41.8681004986],[-108.0673368377,41.8681216823],[-108.0672796042,41.8681427622],[-108.0672219976,41.8681637391],[-108.0671640246,41.8681846137],[-108.0671056918,41.8682053866],[-108.0670470061,41.8682260587],[-108.066987974,41.8682466306],[-108.0669286024,41.868267103],[-108.0668688979,41.8682874766],[-108.0668088673,41.8683077522],[-108.0667485173,41.8683279305],[-108.0666878546,41.8683480121],[-108.0666268859,41.8683679978],[-108.066565618,41.8683878883],[-108.0665040576,41.8684076844],[-108.0664422113,41.8684273866],[-108.066380086,41.8684469958],[-108.0663176883,41.8684665127],[-108.0662550249,41.8684859379],[-108.0661921026,41.8685052722],[-108.0661289281,41.8685245163],[-108.0660655081,41.8685436709],[-108.0660018493,41.8685627367],[-108.0659379585,41.8685817144],[-108.0658738423,41.8686006047],[-108.0658095075,41.8686194085],[-108.0657449609,41.8686381262],[-108.065680209,41.8686567588],[-108.0656152587,41.8686753068],[-108.0655501167,41.8686937711],[-108.0654847896,41.8687121523],[-108.0654192843,41.8687304511],[-108.0653536074,41.8687486682],[-108.0652877656,41.8687668044],[-108.0652217657,41.8687848604],[-108.0651556143,41.8688028368],[-108.0650893183,41.8688207344],[-108.0650228843,41.868838554],[-108.0649563191,41.8688562961],[-108.0648896293,41.8688739616],[-108.0648228216,41.8688915511],[-108.0647559029,41.8689090654],[-108.0646888799,41.8689265052],[-108.0646217591,41.8689438711],[-108.0645545474,41.868961164],[-108.0644872515,41.8689783844],[-108.0644198781,41.8689955332],[-108.0643524339,41.869012611],[-108.0642849257,41.8690296185],[-108.0642173601,41.8690465565],[-108.0641497439,41.8690634257],[-108.0640820839,41.8690802268],[-108.0640143866,41.8690969605],[-108.0639466589,41.8691136274],[-108.0638789074,41.8691302284],[-108.0638111389,41.8691467642],[-108.0637433601,41.8691632354],[-108.0636755778,41.8691796428],[-108.0636077985,41.869195987],[-108.0635400292,41.8692122688],[-108.0634722764,41.869228489],[-108.0634045469,41.8692446482],[-108.0633368474,41.869260747],[-108.0632691847,41.8692767864],[-108.0632015655,41.8692927669],[-108.0631339964,41.8693086892],[-108.0630664842,41.8693245542],[-108.0629990356,41.8693403624],[-108.0629316574,41.8693561147],[-108.0628643562,41.8693718117],[-108.0627971389,41.8693874541],[-108.062730012,41.8694030427],[-108.0626629823,41.8694185781],[-108.0625960566,41.8694340611],[-108.0625292415,41.8694494925],[-108.0624625438,41.8694648728],[-108.0623959703,41.8694802028],[-108.0623295275,41.8694954833],[-108.0622632223,41.8695107149],[-108.0621970613,41.8695258983],[-108.0621310513,41.8695410344],[-108.062065199,41.8695561237],[-108.0619995112,41.869571167],[-108.0619339945,41.8695861651],[-108.0618686556,41.8696011185],[-108.0618035013,41.8696160281],[-108.0617385383,41.8696308946],[-108.0616737734,41.8696457186],[-108.0616092131,41.8696605009],[-108.0615448644,41.8696752422],[-108.0614807338,41.8696899432],[-108.0614168281,41.8697046047],[-108.061353154,41.8697192272],[-108.0612897183,41.8697338117],[-108.0612265277,41.8697483586],[-108.0611635888,41.8697628689],[-108.0611009084,41.8697773431],[-108.0610384932,41.8697917821],[-108.06097635,41.8698061865],[-108.0609144855,41.869820557],[-108.0608529063,41.8698348943],[-108.0607916192,41.8698491992],[-108.0607306309,41.8698634724],[-108.0606699482,41.8698777145],[-108.0606095778,41.8698919264],[-108.0605495263,41.8699061087],[-108.0604898005,41.8699202621],[-108.0604304072,41.8699343873],[-108.060371353,41.8699484851],[-108.0603126446,41.8699625562],[-108.0602542888,41.8699766013],[-108.0601962924,41.869990621],[-108.0601386619,41.8700046162],[-108.0600814042,41.8700185875],[-108.060024526,41.8700325356],[-108.0599680339,41.8700464613],[-108.0599119348,41.8700603653],[-108.0598562353,41.8700742482],[-108.0598009421,41.8700881109],[-108.0597460619,41.8701019539],[-108.0596916016,41.8701157781],[-108.0596375678,41.8701295841],[-108.0595839671,41.8701433726],[-108.0595308065,41.8701571444],[-108.0594780925,41.8701709002],[-108.0594258318,41.8701846407],[-108.0593740313,41.8701983666],[-108.0593226976,41.8702120786],[-108.0592718375,41.8702257775],[-108.0592214576,41.8702394639],[-108.0591715647,41.8702531386],[-108.0591221655,41.8702668022],[-108.0590732667,41.8702804556],[-108.0590248751,41.8702940993],[-108.0589769973,41.8703077342],[-108.0589296401,41.8703213609],[-108.0588828103,41.8703349801],[-108.0588365144,41.8703485926],[-108.0587907593,41.8703621991],[-108.0587455517,41.8703758003],[-108.0587008982,41.8703893969],[-108.0586568057,41.8704029896],[-108.0586132808,41.8704165791],[-108.0585703302,41.8704301662],[-108.0585279607,41.8704437515],[-108.058486179,41.8704573358],[-108.0584449918,41.8704709198],[-108.0584044058,41.8704845043],[-108.0583644278,41.8704980898],[-108.0583250644,41.8705116771],[-108.0582863225,41.870525267],[-108.0582482086,41.8705388602],[-108.0582107296,41.8705524573],[-108.0581738921,41.8705660592],[-108.0581377029,41.8705796664],[-108.0581021686,41.8705932797],[-108.0580672961,41.8706068999],[-108.058033092,41.8706205276],[-108.0579995631,41.8706341636],[-108.057966716,41.8706478085],[-108.0579345576,41.8706614632],[-108.0579030944,41.8706751282],[-108.0578723333,41.8706888043],[-108.0578422809,41.8707024923],[-108.057812944,41.8707161928],[-108.0577843293,41.8707299066],[-108.0577564435,41.8707436344],[-108.0577292934,41.8707573768],[-108.0577028855,41.8707711346],[-108.0576772268,41.8707849086],[-108.0576523239,41.8707986994],[-108.0576281835,41.8708125077],[-108.0575309673,41.8708689833],[-108.056766279,41.8713153456],[-108.0560032187,41.8717630141],[-108.0552418737,41.8722120588],[-108.0544823285,41.8726625474],[-108.0537246649,41.8731145455],[-108.0529689619,41.8735681163],[-108.0522152952,41.8740233206],[-108.0514637377,41.8744802166],[-108.0507143586,41.8749388599],[-108.0499672241,41.8753993036],[-108.0492223967,41.8758615977],[-108.0484799354,41.8763257895],[-108.0477398955,41.8767919235],[-108.0470023287,41.8772600409],[-108.0462672826,41.8777301801],[-108.0455348011,41.8782023762],[-108.0448049241,41.8786766612],[-108.0440776874,41.8791530639],[-108.0433531228,41.8796316098],[-108.0426312579,41.880112321],[-108.0419121162,41.8805952164],[-108.0411957168,41.8810803114],[-108.0404820748,41.8815676182],[-108.0397712008,41.8820571453],[-108.0390631012,41.8825488979],[-108.0383577783,41.8830428779],[-108.0376552299,41.8835390835],[-108.0369554494,41.8840375096],[-108.0362584262,41.8845381478],[-108.0355641453,41.885040986],[-108.0348725873,41.8855460089],[-108.0341837288,41.8860531978],[-108.0334975422,41.8865625305],[-108.0328139957,41.8870739816],[-108.0321330533,41.8875875226],[-108.0314546753,41.8881031215],[-108.0307788178,41.8886207431],[-108.0301054328,41.8891403494],[-108.029434469,41.889661899],[-108.0287658708,41.8901853476],[-108.0280995793,41.8907106481],[-108.027435532,41.8912377503],[-108.0267736626,41.8917666013],[-108.0261139018,41.8922971457],[-108.0254561769,41.8928293252],[-108.0248004121,41.893363079],[-108.0241465283,41.8938983441],[-108.0234944438,41.8944350549],[-108.022844074,41.8949731437],[-108.0221953316,41.8955125406],[-108.0215481267,41.8960531738],[-108.0209023673,41.8965949694],[-108.0202579589,41.8971378518],[-108.019614805,41.8976817437],[-108.018972807,41.8982265664],[-108.0183318647,41.8987722393],[-108.0176918762,41.8993186811],[-108.0170527381,41.8998658088],[-108.0164143455,41.9004135385],[-108.0157765927,41.9009617855],[-108.0151393727,41.9015104641],[-108.0145025777,41.902059488],[-108.0138660993,41.9026087704],[-108.0132298286,41.9031582241],[-108.0125936564,41.9037077615]]},"properties":{"source_route_id":"BST-EAST","case_status":"PROPOSED_FIXED_CONTROL_40_MILE_CASE","survey_status":"NOT_SURVEYED"}},{"type":"Feature","id":"BST-MINERAL-CANDIDATE","geometry":{"type":"LineString","coordinates":[[-108.1161601713,42.0170079575],[-108.1161614201,42.0170392797],[-108.1161622328,42.0170702904],[-108.1161626118,42.0171009913],[-108.1161625592,42.0171313838],[-108.1161620774,42.0171614696],[-108.1161611685,42.0171912501],[-108.116159835,42.0172207271],[-108.1161580789,42.0172499019],[-108.1161559026,42.0172787763],[-108.1161533083,42.0173073516],[-108.1161502983,42.0173356296],[-108.1161468749,42.0173636118],[-108.1161430402,42.0173912997],[-108.1161387967,42.0174186948],[-108.1161341465,42.0174457989],[-108.1161290919,42.0174726133],[-108.1161236351,42.0174991397],[-108.1161177784,42.0175253796],[-108.1161115242,42.0175513347],[-108.1161048745,42.0175770064],[-108.1160978318,42.0176023963],[-108.1160903982,42.0176275059],[-108.116082576,42.0176523369],[-108.1160743675,42.0176768908],[-108.1160657749,42.0177011692],[-108.1160568006,42.0177251736],[-108.1160474466,42.0177489055],[-108.1160377154,42.0177723666],[-108.1160276092,42.0177955584],[-108.1160171303,42.0178184825],[-108.1160062808,42.0178411404],[-108.1159950631,42.0178635336],[-108.1159834794,42.0178856639],[-108.115971532,42.0179075326],[-108.1159592231,42.0179291414],[-108.115946555,42.0179504918],[-108.11593353,42.0179715854],[-108.1159201504,42.0179924237],[-108.1159064183,42.0180130083],[-108.115892336,42.0180333409],[-108.1158779059,42.0180534228],[-108.1158631301,42.0180732558],[-108.1158480109,42.0180928412],[-108.1158325507,42.0181121808],[-108.1158167516,42.0181312761],[-108.1158006158,42.0181501286],[-108.1157841458,42.0181687399],[-108.1157673437,42.0181871116],[-108.1157502118,42.0182052452],[-108.1157327523,42.0182231422],[-108.1157149676,42.0182408043],[-108.1156968598,42.018258233],[-108.1156784312,42.0182754298],[-108.1156596842,42.0182923964],[-108.1156406209,42.0183091342],[-108.1156212436,42.0183256449],[-108.1156015546,42.01834193],[-108.1155815562,42.0183579911],[-108.1155612505,42.0183738296],[-108.1155406399,42.0183894473],[-108.1155197266,42.0184048456],[-108.1154985129,42.0184200261],[-108.115477001,42.0184349904],[-108.1154551933,42.01844974],[-108.1154330919,42.0184642764],[-108.1154106991,42.0184786014],[-108.1153880172,42.0184927163],[-108.1153650485,42.0185066228],[-108.1153417951,42.0185203225],[-108.1153182595,42.0185338168],[-108.1152944437,42.0185471074],[-108.1152703502,42.0185601958],[-108.1152459811,42.0185730835],[-108.1152213387,42.0185857722],[-108.1151964253,42.0185982634],[-108.1151712431,42.0186105587],[-108.1151457944,42.0186226595],[-108.1151200814,42.0186345676],[-108.1150941065,42.0186462844],[-108.1150678719,42.0186578114],[-108.1150413798,42.0186691504],[-108.1150146324,42.0186803027],[-108.1149876322,42.0186912701],[-108.1149603813,42.0187020539],[-108.1149328819,42.0187126559],[-108.1149051364,42.0187230776],[-108.114877147,42.0187333204],[-108.1148489159,42.0187433861],[-108.1148204455,42.0187532761],[-108.114791738,42.0187629919],[-108.1147627956,42.0187725353],[-108.1147336206,42.0187819077],[-108.1147042153,42.0187911107],[-108.1146745819,42.0188001458],[-108.1146447227,42.0188090146],[-108.11461464,42.0188177187],[-108.1145843359,42.0188262596],[-108.1145538129,42.018834639],[-108.1145230731,42.0188428582],[-108.1144921187,42.018850919],[-108.1144609522,42.0188588229],[-108.1144295756,42.0188665714],[-108.1143979913,42.018874166],[-108.1143662016,42.0188816085],[-108.1143342086,42.0188889002],[-108.1143020148,42.0188960429],[-108.1142696222,42.0189030379],[-108.1142370332,42.018909887],[-108.1142042501,42.0189165916],[-108.114171275,42.0189231533],[-108.1141381104,42.0189295738],[-108.1141047583,42.0189358544],[-108.1140712212,42.0189419969],[-108.1140375012,42.0189480027],[-108.1140036006,42.0189538735],[-108.1139695217,42.0189596107],[-108.1139352667,42.018965216],[-108.1139008379,42.0189706909],[-108.1138662375,42.0189760369],[-108.1138314679,42.0189812557],[-108.1137965312,42.0189863487],[-108.1137614298,42.0189913176],[-108.1137261659,42.018996164],[-108.1136907417,42.0190008893],[-108.1136551595,42.0190054951],[-108.1136194217,42.019009983],[-108.1135835303,42.0190143545],[-108.1135474878,42.0190186113],[-108.1135112963,42.0190227549],[-108.1134749582,42.0190267867],[-108.1134384756,42.0190307085],[-108.1134018509,42.0190345218],[-108.1133650863,42.019038228],[-108.1133281841,42.0190418288],[-108.1132911465,42.0190453258],[-108.1132539757,42.0190487205],[-108.1132166742,42.0190520144],[-108.113179244,42.0190552091],[-108.1131416875,42.0190583063],[-108.113104007,42.0190613073],[-108.1130662046,42.0190642139],[-108.1130282827,42.0190670275],[-108.1129902435,42.0190697498],[-108.1129520893,42.0190723822],[-108.1129138223,42.0190749264],[-108.1128754448,42.0190773839],[-108.1128369591,42.0190797563],[-108.1127983674,42.0190820451],[-108.112759672,42.0190842519],[-108.1127208751,42.0190863782],[-108.112681979,42.0190884256],[-108.112642986,42.0190903957],[-108.1126038983,42.0190922901],[-108.1125647182,42.0190941102],[-108.112525448,42.0190958577],[-108.1124860898,42.0190975341],[-108.1124466461,42.019099141],[-108.1124071189,42.0191006799],[-108.1123675106,42.0191021525],[-108.1123278235,42.0191035602],[-108.1122880598,42.0191049045],[-108.1122482218,42.0191061872],[-108.1122083117,42.0191074097],[-108.1121683318,42.0191085737],[-108.1121282844,42.0191096806],[-108.1120881717,42.019110732],[-108.1120479959,42.0191117295],[-108.1120077594,42.0191126746],[-108.1119674644,42.0191135689],[-108.1119271132,42.0191144141],[-108.111886708,42.0191152115],[-108.111846251,42.0191159628],[-108.1118057446,42.0191166696],[-108.111765191,42.0191173334],[-108.1117245925,42.0191179558],[-108.1116839513,42.0191185383],[-108.1116432696,42.0191190824],[-108.1116025499,42.0191195899],[-108.1115617942,42.0191200621],[-108.1115210049,42.0191205008],[-108.1114801842,42.0191209073],[-108.1114393344,42.0191212834],[-108.1113984578,42.0191216305],[-108.1113575566,42.0191219503],[-108.111316633,42.0191222442],[-108.1112756894,42.0191225139],[-108.111234728,42.0191227609],[-108.111193751,42.0191229867],[-108.1111527608,42.019123193],[-108.1111117595,42.0191233812],[-108.1110707494,42.019123553],[-108.1110297329,42.0191237099],[-108.1109887121,42.0191238535],[-108.1109476894,42.0191239853],[-108.1109066669,42.0191241069],[-108.1108656469,42.0191242198],[-108.1108246318,42.0191243257],[-108.1107836237,42.019124426],[-108.110742625,42.0191245224],[-108.1107016378,42.0191246163],[-108.1106606645,42.0191247094],[-108.1106197072,42.0191248033],[-108.1105787684,42.0191248994],[-108.1105378501,42.0191249993],[-108.1104969548,42.0191251047],[-108.1104560846,42.019125217],[-108.1104152418,42.0191253378],[-108.1103744287,42.0191254687],[-108.1103336475,42.0191256113],[-108.1102929005,42.019125767],[-108.11025219,42.0191259376],[-108.1102115182,42.0191261244],[-108.1101708873,42.0191263292],[-108.1101302997,42.0191265534],[-108.1100897575,42.0191267986],[-108.1100492632,42.0191270664],[-108.1100088188,42.0191273583],[-108.1099684267,42.0191276759],[-108.1099280892,42.0191280207],[-108.1098878085,42.0191283944],[-108.1098475868,42.0191287985],[-108.1098074264,42.0191292344],[-108.1097673296,42.0191297039],[-108.1097272987,42.0191302085],[-108.1096873358,42.0191307496],[-108.1096474433,42.019131329],[-108.1096076235,42.0191319481],[-108.1095678785,42.0191326085],[-108.1095282107,42.0191333117],[-108.1094886222,42.0191340594],[-108.1094491155,42.0191348531],[-108.1094096926,42.0191356943],[-108.109370356,42.0191365847],[-108.1093311078,42.0191375257],[-108.1092919503,42.0191385189],[-108.1092528857,42.0191395659],[-108.1092139164,42.0191406683],[-108.1091750446,42.0191418276],[-108.1091362726,42.0191430454],[-108.1090976025,42.0191443232],[-108.1090590367,42.0191456626],[-108.1090205775,42.0191470652],[-108.108982227,42.0191485325],[-108.1089439876,42.019150066],[-108.1089058615,42.0191516675],[-108.108867851,42.0191533383],[-108.1088299583,42.0191550801],[-108.1087921858,42.0191568944],[-108.1087545355,42.0191587828],[-108.1087170099,42.0191607468],[-108.1086796112,42.0191627881],[-108.1086423416,42.0191649081],[-108.1086052034,42.0191671085],[-108.1085681988,42.0191693907],[-108.1085313302,42.0191717564],[-108.1084945998,42.0191742071],[-108.1084580098,42.0191767444],[-108.1084215625,42.0191793699],[-108.1083852601,42.019182085],[-108.108349105,42.0191848914],[-108.1083130994,42.0191877906],[-108.1082772455,42.0191907842],[-108.1082415456,42.0191938737],[-108.108206002,42.0191970608],[-108.1081706169,42.0192003469],[-108.1081353926,42.0192037336],[-108.1081003313,42.0192072226],[-108.1080654354,42.0192108153],[-108.108030707,42.0192145132],[-108.1079961484,42.0192183181],[-108.1079617619,42.0192222314],[-108.1079275498,42.0192262547],[-108.1078935143,42.0192303895],[-108.1078596577,42.0192346375],[-108.1078259821,42.0192390001],[-108.10779249,42.019243479],[-108.1077591835,42.0192480757],[-108.107726065,42.0192527917],[-108.1076931366,42.0192576287],[-108.1076604006,42.0192625881],[-108.1076278594,42.0192676716],[-108.1075955151,42.0192728807],[-108.10756337,42.019278217],[-108.1075314263,42.0192836819],[-108.1074996865,42.0192892772],[-108.1074681526,42.0192950044],[-108.107436827,42.0193008649],[-108.1074057118,42.0193068604],[-108.1073748095,42.0193129925],[-108.1073441222,42.0193192626],[-108.1073136522,42.0193256724],[-108.1072834018,42.0193322234],[-108.1072533732,42.0193389172],[-108.1072235686,42.0193457554],[-108.1071939904,42.0193527394],[-108.1071646408,42.0193598709],[-108.1071355221,42.0193671515],[-108.1071066365,42.0193745826],[-108.1070779863,42.0193821659],[-108.1070495737,42.0193899028],[-108.1069979938,42.0194040899],[-108.1063931835,42.0195722324],[-108.1057895023,42.0197419551],[-108.1051870104,42.0199133426],[-108.1045857664,42.0200864765],[-108.1039858266,42.020261436],[-108.1033872455,42.0204382974],[-108.1027900756,42.0206171339],[-108.1021943671,42.020798016],[-108.1016001677,42.0209810107],[-108.1010075232,42.0211661819],[-108.1004164768,42.0213535902],[-108.0998270691,42.0215432925],[-108.0992393383,42.0217353424],[-108.0986533201,42.0219297899],[-108.0980690474,42.0221266811],[-108.0974865505,42.0223260584],[-108.0969058567,42.0225279604],[-108.096326991,42.0227324218],[-108.0957499751,42.0229394734],[-108.0951748282,42.0231491418],[-108.0946015663,42.0233614498],[-108.0940302026,42.0235764161],[-108.0934607476,42.023794055],[-108.0928932086,42.0240143771],[-108.0923275899,42.0242373886],[-108.0917638929,42.0244630916],[-108.0912021163,42.024691484],[-108.0906422553,42.0249225596],[-108.0900843027,42.0251563081],[-108.0895282479,42.0253927151],[-108.0889740776,42.0256317619],[-108.0884217755,42.0258734258],[-108.0878713226,42.0261176803],[-108.0873226969,42.0263644946],[-108.0867758734,42.0266138341],[-108.0862308246,42.0268656602],[-108.0856875202,42.0271199306],[-108.0851459271,42.0273765991],[-108.0846060096,42.0276356158],[-108.0840677295,42.0278969274],[-108.083531046,42.0281604766],[-108.0829959157,42.0284262032],[-108.0824622931,42.0286940431],[-108.0819301301,42.0289639294],[-108.0813993764,42.0292357918],[-108.0808699797,42.0295095569],[-108.0803418854,42.0297851485],[-108.0798150369,42.0300624875],[-108.0792893759,42.0303414921],[-108.0787648419,42.0306220781],[-108.078241373,42.0309041585],[-108.0777189054,42.0311876443],[-108.0771973739,42.0314724442],[-108.0766767119,42.031758465],[-108.0761568512,42.0320456113],[-108.0756377226,42.0323337864],[-108.0751192557,42.0326228916],[-108.074601379,42.032912827],[-108.0740840203,42.0332034914],[-108.0735671063,42.0334947823],[-108.0730505631,42.0337865964],[-108.0725343165,42.0340788296],[-108.0720182914,42.0343713771],[-108.0715024127,42.0346641334],[-108.0709866049,42.0349569931]]},"properties":{"source_route_id":"BST-MINERAL","case_status":"PROPOSED_FIXED_CONTROL_40_MILE_CASE","survey_status":"NOT_SURVEYED"}},{"type":"Feature","id":"LEAD-TAY-TERMINAL","geometry":{"type":"LineString","coordinates":[[-108.1024004625,42.1179772645],[-108.1023853083,42.117991216],[-108.1023703928,42.1180051683],[-108.1023557152,42.118019121],[-108.1023412748,42.118033074],[-108.1023270708,42.1180470267],[-108.1023131026,42.118060979],[-108.1022993695,42.1180749305],[-108.1022858706,42.1180888808],[-108.1022726053,42.1181028298],[-108.1022595729,42.118116777],[-108.1022467727,42.1181307221],[-108.1022342039,42.1181446648],[-108.1022218659,42.1181586049],[-108.1022097578,42.1181725419],[-108.102197879,42.1181864756],[-108.1021862288,42.1182004056],[-108.1021748064,42.1182143317],[-108.1021636111,42.1182282535],[-108.1021526423,42.1182421706],[-108.1021418991,42.1182560829],[-108.1021313809,42.1182699899],[-108.102121087,42.1182838913],[-108.1021110166,42.1182977869],[-108.102101169,42.1183116763],[-108.1020915435,42.1183255592],[-108.1020821393,42.1183394352],[-108.1020729558,42.1183533041],[-108.1020639923,42.1183671656],[-108.102055248,42.1183810192],[-108.1020467221,42.1183948648],[-108.1020384141,42.118408702],[-108.1020303231,42.1184225304],[-108.1020224484,42.1184363498],[-108.1020147894,42.1184501598],[-108.1020073453,42.1184639601],[-108.1020001153,42.1184777504],[-108.1019930989,42.1184915305],[-108.1019862951,42.1185052998],[-108.1019797034,42.1185190583],[-108.101973323,42.1185328054],[-108.1019671532,42.118546541],[-108.1019611933,42.1185602647],[-108.1019554425,42.1185739761],[-108.1019499002,42.118587675],[-108.1019445656,42.1186013611],[-108.1019394379,42.118615034],[-108.1019345166,42.1186286934],[-108.1019298008,42.1186423389],[-108.1019252898,42.1186559704],[-108.101920983,42.1186695874],[-108.1019168795,42.1186831897],[-108.1019129788,42.1186967769],[-108.10190928,42.1187103486],[-108.1019057824,42.1187239047],[-108.1019024854,42.1187374447],[-108.1018993882,42.1187509684],[-108.10189649,42.1187644755],[-108.1018937903,42.1187779655],[-108.1018912882,42.1187914383],[-108.101888983,42.1188048934],[-108.101886874,42.1188183306],[-108.1018849605,42.1188317495],[-108.1018832418,42.1188451499],[-108.1018817171,42.1188585314],[-108.1018803858,42.1188718937],[-108.1018792471,42.1188852365],[-108.1018783003,42.1188985594],[-108.1018775447,42.1189118622],[-108.1018769795,42.1189251445],[-108.1018766041,42.118938406],[-108.1018764177,42.1189516464],[-108.1018764196,42.1189648653],[-108.1018766091,42.1189780626],[-108.1018769855,42.1189912377],[-108.1018775479,42.1190043905],[-108.1018782959,42.1190175206],[-108.1018792285,42.1190306277],[-108.1018803451,42.1190437115],[-108.101881645,42.1190567716],[-108.1018831275,42.1190698077],[-108.1018847917,42.1190828196],[-108.1018866371,42.1190958069],[-108.1018886629,42.1191087692],[-108.1018908684,42.1191217063],[-108.1018932528,42.1191346179],[-108.1018958154,42.1191475036],[-108.1018985556,42.1191603631],[-108.1019014726,42.1191731961],[-108.1019045656,42.1191860023],[-108.1019078341,42.1191987813],[-108.1019112771,42.1192115329],[-108.1019148941,42.1192242568],[-108.1019186843,42.1192369525],[-108.101922647,42.1192496198],[-108.1019267814,42.1192622584],[-108.1019310869,42.1192748679],[-108.1019355627,42.1192874481],[-108.1019402081,42.1192999986],[-108.1019450225,42.1193125192],[-108.101950005,42.1193250094],[-108.1019551549,42.1193374689],[-108.1019604716,42.1193498976],[-108.1019659543,42.1193622949],[-108.1019716023,42.1193746607],[-108.1019774148,42.1193869946],[-108.1019833913,42.1193992962],[-108.1019895308,42.1194115654],[-108.1019958328,42.1194238017],[-108.1020022965,42.1194360048],[-108.1020089212,42.1194481744],[-108.1020157061,42.1194603102],[-108.1020226506,42.1194724119],[-108.1020297539,42.1194844791],[-108.1020370153,42.1194965116],[-108.1020444341,42.1195085091],[-108.1020520095,42.1195204711],[-108.1020597409,42.1195323974],[-108.1020676276,42.1195442877],[-108.1020756687,42.1195561417],[-108.1020838637,42.119567959],[-108.1020922117,42.1195797393],[-108.1021007121,42.1195914823],[-108.1021093641,42.1196031877],[-108.102118167,42.1196148552],[-108.1021271201,42.1196264844],[-108.1021362227,42.1196380751],[-108.1021454741,42.1196496269],[-108.1021548735,42.1196611394],[-108.1021644202,42.1196726125],[-108.1021741135,42.1196840457],[-108.1021839527,42.1196954388],[-108.1021939371,42.1197067914],[-108.1022040659,42.1197181032],[-108.1022143385,42.1197293739],[-108.102224754,42.1197406032],[-108.1022353118,42.1197517908],[-108.1022460112,42.1197629363],[-108.1022568515,42.1197740394],[-108.1022678319,42.1197850998],[-108.1022789517,42.1197961172],[-108.1022902102,42.1198070913],[-108.1023016066,42.1198180217],[-108.1023131404,42.1198289082],[-108.1023248106,42.1198397504],[-108.1023366167,42.119850548],[-108.1023485579,42.1198613007],[-108.1023606334,42.1198720082],[-108.1023728426,42.1198826701],[-108.1023851848,42.1198932861],[-108.1023976591,42.119903856],[-108.102410265,42.1199143794],[-108.1024230017,42.1199248559],[-108.1024358684,42.1199352853],[-108.1024488645,42.1199456672],[-108.1024619891,42.1199560014],[-108.1024752417,42.1199662875],[-108.1024886215,42.1199765252],[-108.1025021278,42.1199867142],[-108.1025157598,42.1199968541],[-108.1025295168,42.1200069446],[-108.1025433982,42.1200169855],[-108.1025574031,42.1200269764],[-108.1025715309,42.120036917],[-108.1025857809,42.120046807],[-108.1026001523,42.120056646],[-108.1026146444,42.1200664337],[-108.1026292566,42.1200761699],[-108.102643988,42.1200858542],[-108.1026588379,42.1200954862],[-108.1026738057,42.1201050657],[-108.1026888907,42.1201145924],[-108.102704092,42.1201240659],[-108.102719409,42.1201334859],[-108.102734841,42.1201428522],[-108.1027503872,42.1201521643],[-108.1027660469,42.1201614219],[-108.1027818195,42.1201706248],[-108.1027977041,42.1201797727],[-108.1028137001,42.1201888651],[-108.1028298068,42.1201979018],[-108.1028460233,42.1202068826],[-108.1028623491,42.1202158069],[-108.1028787834,42.1202246746],[-108.1028953255,42.1202334854],[-108.1029119746,42.1202422388],[-108.1029287301,42.1202509347],[-108.1029455911,42.1202595726],[-108.1029625571,42.1202681522],[-108.1029796272,42.1202766733],[-108.1029968008,42.1202851355],[-108.1030140772,42.1202935385],[-108.1030314555,42.120301882],[-108.1030489352,42.1203101657],[-108.1030665154,42.1203183892],[-108.1030841956,42.1203265522],[-108.1031019748,42.1203346545],[-108.1031198525,42.1203426957],[-108.1031378279,42.1203506754],[-108.1031559002,42.1203585934],[-108.1031740689,42.1203664493],[-108.1031923331,42.1203742429],[-108.1032106921,42.1203819738],[-108.1032291452,42.1203896417],[-108.1032476917,42.1203972462],[-108.1032663309,42.1204047871],[-108.1032850621,42.120412264],[-108.1033038844,42.1204196767],[-108.1033227973,42.1204270248],[-108.1033418,42.1204343079],[-108.1033608918,42.1204415259],[-108.1033800719,42.1204486783],[-108.1033993397,42.1204557648],[-108.1034186943,42.1204627851],[-108.1034381352,42.1204697389],[-108.1034576616,42.120476626],[-108.1034772727,42.1204834458],[-108.1034969679,42.1204901983],[-108.1035167464,42.1204968829],[-108.1035366075,42.1205034995],[-108.1035565504,42.1205100477],[-108.1035765746,42.1205165271],[-108.1035966792,42.1205229376],[-108.1036168635,42.1205292786],[-108.1036371268,42.12053555],[-108.1036574684,42.1205417514],[-108.1036778876,42.1205478825],[-108.1036983837,42.1205539429],[-108.1037189558,42.1205599325],[-108.1037396034,42.1205658507],[-108.1037603257,42.1205716974],[-108.1037811219,42.1205774722],[-108.1038019914,42.1205831747],[-108.1038229335,42.1205888048],[-108.1038439474,42.120594362],[-108.1038650323,42.120599846],[-108.1038861877,42.1206052565],[-108.1039074127,42.1206105933],[-108.1039287066,42.1206158559],[-108.1039500688,42.1206210441],[-108.1039714984,42.1206261575],[-108.1039929949,42.1206311959],[-108.1040145574,42.1206361589],[-108.1040361852,42.1206410462],[-108.1040578777,42.1206458574],[-108.1040796341,42.1206505923],[-108.1041014537,42.1206552506],[-108.1041233357,42.1206598319],[-108.1041452795,42.1206643359],[-108.1041672843,42.1206687623],[-108.1041893495,42.1206731107],[-108.1042114742,42.1206773809],[-108.1042336578,42.1206815726],[-108.1042558995,42.1206856854],[-108.1042781987,42.1206897189],[-108.1043005546,42.120693673],[-108.1043229665,42.1206975472],[-108.1043454337,42.1207013413],[-108.1043679554,42.1207050549],[-108.104390531,42.1207086878],[-108.1044131597,42.1207122395],[-108.1044358408,42.1207157098],[-108.1044585735,42.1207190984],[-108.1044813573,42.120722405],[-108.1045041912,42.1207256291],[-108.1045270747,42.1207287706],[-108.104550007,42.1207318291],[-108.1045729874,42.1207348042],[-108.1045960152,42.1207376957],[-108.1046190895,42.1207405033],[-108.1046422099,42.1207432265],[-108.1046653754,42.1207458652],[-108.1046885854,42.120748419],[-108.1047118392,42.1207508875],[-108.104735136,42.1207532706],[-108.1047584752,42.1207555677],[-108.104781856,42.1207577787],[-108.1048052777,42.1207599031],[-108.1048287395,42.1207619408],[-108.1048522408,42.1207638913],[-108.1048757809,42.1207657544],[-108.1048993589,42.1207675297],[-108.1049229743,42.1207692169],[-108.1049466262,42.1207708157],[-108.104970314,42.1207723259],[-108.1049940369,42.1207737469],[-108.1050177943,42.1207750786],[-108.1050415853,42.1207763207],[-108.1050654093,42.1207774728],[-108.1050892656,42.1207785345],[-108.1051131535,42.1207795057],[-108.1051370721,42.1207803858],[-108.1051610209,42.1207811748],[-108.105184999,42.1207818722],[-108.1052090058,42.1207824776],[-108.1052330406,42.1207829909],[-108.1052571026,42.1207834116],[-108.1052811911,42.1207837395],[-108.1053053054,42.1207839742],[-108.1053294447,42.1207841155],[-108.1053536085,42.120784163]]},"properties":{"source_yard_track_id":"YARD-FAC-TAY-TERMINAL-legacygeneral","case_status":"PROPOSED_FIXED_CONTROL_40_MILE_CASE","survey_status":"NOT_SURVEYED"}},{"type":"Feature","id":"LEAD-TAY-WAREHOUSE","geometry":{"type":"LineString","coordinates":[[-108.1,42.12],[-108.0999836076,42.120013208],[-108.0999675027,42.120026573],[-108.0999516843,42.1200400935],[-108.0999361514,42.1200537683],[-108.099920903,42.120067596],[-108.099905938,42.1200815752],[-108.0998912555,42.1200957046],[-108.0998768544,42.1201099828],[-108.0998627336,42.1201244085],[-108.0998488923,42.1201389804],[-108.0998353294,42.1201536971],[-108.0998220437,42.1201685573],[-108.0998090344,42.1201835595],[-108.0997963004,42.1201987026],[-108.0997838407,42.120213985],[-108.0997716543,42.1202294055],[-108.0997597401,42.1202449627],[-108.0997480972,42.1202606554],[-108.0997367244,42.120276482],[-108.0997256209,42.1202924413],[-108.0997147855,42.120308532],[-108.0997042172,42.1203247527],[-108.0996939152,42.120341102],[-108.0996838782,42.1203575786],[-108.0996741053,42.1203741811],[-108.0996645955,42.1203909083],[-108.0996553478,42.1204077587],[-108.0996463611,42.120424731],[-108.0996376344,42.1204418238],[-108.0996291667,42.1204590359],[-108.099620957,42.1204763659],[-108.0996130043,42.1204938124],[-108.0996053075,42.120511374],[-108.0995978657,42.1205290495],[-108.0995906778,42.1205468375],[-108.0995837427,42.1205647366],[-108.0995770595,42.1205827454],[-108.0995706272,42.1206008628],[-108.0995644447,42.1206190872],[-108.0995585111,42.1206374173],[-108.0995528252,42.1206558519],[-108.0995473861,42.1206743895],[-108.0995421928,42.1206930289],[-108.0995372442,42.1207117685],[-108.0995325393,42.1207306072],[-108.0995280771,42.1207495436],[-108.0995238566,42.1207685763],[-108.0995198768,42.1207877039],[-108.0995161366,42.1208069252],[-108.0995126351,42.1208262387],[-108.0995093711,42.1208456432],[-108.0995063438,42.1208651373],[-108.099503552,42.1208847196],[-108.0995009947,42.1209043888],[-108.099498671,42.1209241435],[-108.0994965799,42.1209439824],[-108.0994947202,42.1209639042],[-108.099493091,42.1209839075],[-108.0994916912,42.121003991],[-108.0994905199,42.1210241532],[-108.099489576,42.1210443929],[-108.0994888585,42.1210647087],[-108.0994883664,42.1210850993],[-108.0994880986,42.1211055634],[-108.0994880542,42.1211260994],[-108.0994882322,42.1211467063],[-108.0994886314,42.1211673825],[-108.0994892509,42.1211881267],[-108.0994900897,42.1212089376],[-108.0994911468,42.1212298139],[-108.099492421,42.1212507541],[-108.0994939115,42.121271757],[-108.0994956172,42.1212928212],[-108.0994975371,42.1213139453],[-108.0994996701,42.1213351281],[-108.0995020152,42.1213563681],[-108.0995045715,42.121377664],[-108.0995073379,42.1213990145],[-108.0995103133,42.1214204182],[-108.0995134969,42.1214418738],[-108.0995168874,42.1214633799],[-108.099520484,42.1214849352],[-108.0995242856,42.1215065383],[-108.0995282912,42.1215281878],[-108.0995324997,42.1215498826],[-108.0995369102,42.1215716211],[-108.0995415217,42.121593402],[-108.099546333,42.1216152241],[-108.0995513433,42.1216370859],[-108.0995565514,42.1216589861],[-108.0995619564,42.1216809233],[-108.0995675572,42.1217028963],[-108.0995733528,42.1217249036],[-108.0995793422,42.1217469439],[-108.0995855244,42.1217690159],[-108.0995918984,42.1217911182],[-108.0995984631,42.1218132495],[-108.0996052176,42.1218354084],[-108.0996121607,42.1218575936],[-108.0996192916,42.1218798038],[-108.0996266091,42.1219020375],[-108.0996341122,42.1219242934],[-108.0996418,42.1219465703],[-108.0996496714,42.1219688666],[-108.0996577254,42.1219911812],[-108.0996659609,42.1220135126],[-108.099674377,42.1220358596],[-108.0996829727,42.1220582207],[-108.0996917468,42.1220805946],[-108.0997006985,42.1221029799],[-108.0997098267,42.1221253754],[-108.0997191303,42.1221477796],[-108.0997286083,42.1221701913],[-108.0997382598,42.1221926091],[-108.0997480837,42.1222150315],[-108.0997580789,42.1222374574],[-108.0997682445,42.1222598852],[-108.0997785795,42.1222823138],[-108.0997890828,42.1223047417],[-108.0997997534,42.1223271676],[-108.0998105903,42.1223495902],[-108.0998215925,42.122372008],[-108.0998327589,42.1223944198],[-108.0998440886,42.1224168242],[-108.0998555805,42.1224392199],[-108.0998672336,42.1224616054],[-108.0998790468,42.1224839796],[-108.0998910192,42.1225063409],[-108.0999031498,42.1225286881],[-108.0999154374,42.1225510199],[-108.0999278812,42.1225733348],[-108.0999404801,42.1225956316],[-108.099953233,42.1226179088],[-108.099966139,42.1226401652],[-108.099979197,42.1226623993],[-108.099992406,42.1226846099],[-108.1000057649,42.1227067956],[-108.1000192729,42.122728955],[-108.1000329288,42.1227510869],[-108.1000467317,42.1227731898],[-108.1000606804,42.1227952624],[-108.1000747741,42.1228173033],[-108.1000890116,42.1228393113],[-108.100103392,42.1228612849],[-108.1001179142,42.1228832229],[-108.1001325772,42.1229051238],[-108.1001473801,42.1229269864],[-108.1001623217,42.1229488092],[-108.100177401,42.122970591],[-108.1001926172,42.1229923303],[-108.100207969,42.1230140259],[-108.1002234556,42.1230356764],[-108.1002390758,42.1230572804],[-108.1002548287,42.1230788366],[-108.1002707132,42.1231003437],[-108.1002867284,42.1231218002],[-108.1003028732,42.123143205],[-108.1003191466,42.1231645565],[-108.1003355475,42.1231858535],[-108.100352075,42.1232070946],[-108.100368728,42.1232282785],[-108.1003855056,42.1232494038],[-108.1004024066,42.1232704691],[-108.1004194302,42.1232914732],[-108.1004365751,42.1233124147],[-108.1004538405,42.1233332922],[-108.1004712254,42.1233541044],[-108.1004887286,42.1233748499],[-108.1005063492,42.1233955274],[-108.1005240862,42.1234161356],[-108.1005419385,42.1234366731],[-108.1005599052,42.1234571385],[-108.1005779851,42.1234775305],[-108.1005961774,42.1234978478],[-108.1006144809,42.123518089],[-108.1006328946,42.1235382527],[-108.1006514176,42.1235583377],[-108.1006700488,42.1235783425],[-108.1006887872,42.1235982659],[-108.1007076318,42.1236181064],[-108.1007265815,42.1236378628],[-108.1007456353,42.1236575337],[-108.1007647923,42.1236771176],[-108.1007840513,42.1236966134],[-108.1008034115,42.1237160196],[-108.1008228717,42.1237353349],[-108.1008424309,42.123754558],[-108.1008620881,42.1237736874],[-108.1008818424,42.1237927219],[-108.1009016926,42.1238116601],[-108.1009216378,42.1238305007],[-108.1009416769,42.1238492423],[-108.100961809,42.1238678835],[-108.1009820329,42.1238864231],[-108.1010023478,42.1239048596],[-108.1010227525,42.1239231918],[-108.1010432461,42.1239414182],[-108.1010638274,42.1239595376],[-108.1010844956,42.1239775486],[-108.1011052496,42.1239954498],[-108.1011260884,42.1240132398],[-108.1011470109,42.1240309175],[-108.1011680161,42.1240484813],[-108.1011891031,42.1240659299],[-108.1012102707,42.1240832621],[-108.1012315181,42.1241004764],[-108.101252844,42.1241175716],[-108.1012742477,42.1241345462],[-108.1012957279,42.1241513989],[-108.1013172837,42.1241681284],[-108.1013389141,42.1241847333],[-108.1013606181,42.1242012122],[-108.1013823946,42.1242175639],[-108.1014042427,42.124233787],[-108.1014261612,42.1242498801],[-108.1014481492,42.1242658419],[-108.1014702057,42.1242816711],[-108.1014923296,42.1242973662],[-108.10151452,42.124312926],[-108.1015367757,42.124328349],[-108.1015590959,42.1243436341],[-108.1015814794,42.1243587797],[-108.1016039252,42.1243737846],[-108.1016264324,42.1243886474],[-108.1016489999,42.1244033667],[-108.1016716267,42.1244179413],[-108.1016943118,42.1244323697],[-108.1017170541,42.1244466507],[-108.1017398527,42.1244607829],[-108.1017627064,42.1244747648],[-108.1017856144,42.1244885953],[-108.1018085755,42.1245022729],[-108.1018315888,42.1245157963],[-108.1018546532,42.1245291641],[-108.1018777678,42.124542375],[-108.1019009314,42.1245554277],[-108.1019241431,42.1245683207],[-108.1019474019,42.1245810529],[-108.1019707067,42.1245936227],[-108.1019940566,42.1246060289],[-108.1020174504,42.1246182701],[-108.1020408872,42.1246303449],[-108.102064366,42.1246422521],[-108.1020878857,42.1246539903],[-108.1021114454,42.1246655581],[-108.102135044,42.1246769541],[-108.1021586804,42.1246881771],[-108.1021823537,42.1246992257],[-108.1022060629,42.1247100985],[-108.1022298069,42.1247207942],[-108.1022535847,42.1247313115],[-108.1022773953,42.124741649],[-108.1023012376,42.1247518053],[-108.1023251107,42.1247617791],[-108.1023490136,42.124771569],[-108.1023729451,42.1247811738],[-108.1023969044,42.124790592],[-108.1024208903,42.1247998224],[-108.1024449018,42.1248088635],[-108.1024689381,42.124817714],[-108.1024929979,42.1248263727],[-108.1025170803,42.124834838],[-108.1025411843,42.1248431087],[-108.1025653088,42.1248511835],[-108.1025894529,42.124859061],[-108.1026136155,42.1248667397],[-108.1026377956,42.1248742185],[-108.1026619922,42.124881496],[-108.1026862043,42.1248885707],[-108.1027104308,42.1248954414],[-108.1027346707,42.1249021067],[-108.102758923,42.1249085652],[-108.1027831867,42.1249148157],[-108.1028074607,42.1249208567],[-108.1028317441,42.124926687],[-108.1028560358,42.1249323051],[-108.1028803349,42.1249377098],[-108.1029046402,42.1249428996],[-108.1029289508,42.1249478733],[-108.1029532656,42.1249526294],[-108.1029775837,42.1249571667],[-108.1030019039,42.1249614838],[-108.1030262254,42.1249655793],[-108.103050547,42.1249694519],[-108.1030748678,42.1249731003],[-108.1030991867,42.124976523],[-108.1031235027,42.1249797189],[-108.1031478148,42.1249826864],[-108.103172122,42.1249854243],[-108.1031964232,42.1249879312],[-108.1032207174,42.1249902058],[-108.1032450037,42.1249922467],[-108.103269281,42.1249940526],[-108.1032935482,42.1249956221],[-108.1033178044,42.1249969539],[-108.1033420486,42.1249980467],[-108.1033662796,42.124998899],[-108.1033904966,42.1249995095],[-108.1034146984,42.124999877],[-108.1034388841,42.125]]},"properties":{"source_yard_track_id":"YARD-FAC-TAY-WAREHOUSE-warehouse","case_status":"PROPOSED_FIXED_CONTROL_40_MILE_CASE","survey_status":"NOT_SURVEYED"}},{"type":"Feature","id":"LADDER-TAY-TERMINAL-legacyteam","geometry":{"type":"LineString","coordinates":[[-108.1046313036,42.1207419419],[-108.1046336916,42.1207422262],[-108.1046360798,42.1207425167],[-108.1046384681,42.1207428133],[-108.1046408567,42.120743116],[-108.1046432455,42.1207434249],[-108.1046456345,42.1207437397],[-108.1046480236,42.1207440605],[-108.104650413,42.1207443873],[-108.1046528025,42.1207447199],[-108.1046551922,42.1207450583],[-108.1046575822,42.1207454026],[-108.1046599723,42.1207457525],[-108.1046623626,42.1207461082],[-108.1046647531,42.1207464694],[-108.1046671438,42.1207468363],[-108.1046695347,42.1207472087],[-108.1046719257,42.1207475866],[-108.104674317,42.12074797],[-108.1046767084,42.1207483587],[-108.1046791,42.1207487528],[-108.1046814918,42.1207491522],[-108.1046838838,42.1207495569],[-108.104686276,42.1207499667],[-108.1046886683,42.1207503817],[-108.1046910609,42.1207508018],[-108.1046934536,42.120751227],[-108.1046958465,42.1207516572],[-108.1046982396,42.1207520924],[-108.1047006328,42.1207525324],[-108.1047030263,42.1207529774],[-108.1047054199,42.1207534271],[-108.1047078137,42.1207538817],[-108.1047102076,42.1207543409],[-108.1047126018,42.1207548049],[-108.1047149961,42.1207552734],[-108.1047173906,42.1207557466],[-108.1047197852,42.1207562243],[-108.1047221801,42.1207567064],[-108.1047245751,42.120757193],[-108.1047269703,42.120757684],[-108.1047293656,42.1207581794],[-108.1047317612,42.120758679],[-108.1047341569,42.1207591829],[-108.1047365527,42.1207596909],[-108.1047389488,42.1207602032],[-108.104741345,42.1207607195],[-108.1047437413,42.1207612399],[-108.1047461379,42.1207617642],[-108.1047485346,42.1207622926],[-108.1047509315,42.1207628248],[-108.1047533285,42.1207633609],[-108.1047557257,42.1207639008],[-108.1047581231,42.1207644445],[-108.1047605206,42.1207649919],[-108.1047629183,42.120765543],[-108.1047653161,42.1207660977],[-108.1047677141,42.120766656],[-108.1047701123,42.1207672178],[-108.1047725106,42.120767783],[-108.1047749091,42.1207683517],[-108.1047773078,42.1207689238],[-108.1047797066,42.1207694992],[-108.1047821055,42.1207700779],[-108.1047845046,42.1207706599],[-108.1047869039,42.120771245],[-108.1047893033,42.1207718333],[-108.1047917029,42.1207724246],[-108.1047941027,42.120773019],[-108.1047965025,42.1207736164],[-108.1047989026,42.1207742168],[-108.1048013028,42.1207748201],[-108.1048037031,42.1207754262],[-108.1048061036,42.1207760351],[-108.1048085043,42.1207766468],[-108.1048109051,42.1207772611],[-108.104813306,42.1207778782],[-108.1048157071,42.1207784978],[-108.1048181083,42.1207791201],[-108.1048205097,42.1207797448],[-108.1048229112,42.120780372],[-108.1048253129,42.1207810017],[-108.1048277147,42.1207816337],[-108.1048301167,42.120782268],[-108.1048325188,42.1207829046],[-108.104834921,42.1207835435],[-108.1048373234,42.1207841845],[-108.1048397259,42.1207848276],[-108.1048421286,42.1207854729],[-108.1048445314,42.1207861202],[-108.1048469344,42.1207867694],[-108.1048493375,42.1207874207],[-108.1048517407,42.1207880738],[-108.104854144,42.1207887287],[-108.1048565475,42.1207893855],[-108.1048589512,42.120790044],[-108.104861355,42.1207907042],[-108.1048637589,42.120791366],[-108.1048661629,42.1207920295],[-108.1048685671,42.1207926945],[-108.1048709714,42.120793361],[-108.1048733758,42.120794029],[-108.1048757804,42.1207946985],[-108.1048781851,42.1207953692],[-108.1048805899,42.1207960413],[-108.1048829949,42.1207967147],[-108.1048853999,42.1207973893],[-108.1048878052,42.120798065],[-108.1048902105,42.1207987419],[-108.104892616,42.1207994199],[-108.1048950216,42.1208000989],[-108.1048974273,42.1208007789],[-108.1048998331,42.1208014598],[-108.1049022391,42.1208021416],[-108.1049046452,42.1208028242],[-108.1049070514,42.1208035076],[-108.1049094577,42.1208041918],[-108.1049118642,42.1208048767],[-108.1049142708,42.1208055622],[-108.1049166775,42.1208062483],[-108.1049190843,42.1208069349],[-108.1049214912,42.1208076221],[-108.1049238983,42.1208083097],[-108.1049263054,42.1208089977],[-108.1049287127,42.1208096861],[-108.1049311201,42.1208103748],[-108.1049335276,42.1208110638],[-108.1049359353,42.1208117529],[-108.104938343,42.1208124423],[-108.1049407509,42.1208131317],[-108.1049431589,42.1208138213],[-108.104945567,42.1208145108],[-108.1049479752,42.1208152003],[-108.1049503835,42.1208158898],[-108.1049527919,42.1208165791],[-108.1049552004,42.1208172683],[-108.104957609,42.1208179572],[-108.1049600178,42.1208186459],[-108.1049624266,42.1208193342],[-108.1049648356,42.1208200223],[-108.1049672447,42.1208207098],[-108.1049696538,42.120821397],[-108.1049720631,42.1208220836],[-108.1049744725,42.1208227697],[-108.104976882,42.1208234552],[-108.1049792916,42.12082414],[-108.1049817013,42.1208248241],[-108.1049841111,42.1208255075],[-108.1049865209,42.1208261901],[-108.1049889309,42.1208268719],[-108.104991341,42.1208275527],[-108.1049937512,42.1208282326],[-108.1049961615,42.1208289116],[-108.1049985719,42.1208295895],[-108.1050009824,42.1208302663],[-108.105003393,42.120830942],[-108.1050058036,42.1208316165],[-108.1050082144,42.1208322898],[-108.1050106253,42.1208329619],[-108.1050130362,42.1208336326],[-108.1050154473,42.1208343019],[-108.1050178584,42.1208349698],[-108.1050202697,42.1208356363],[-108.105022681,42.1208363012],[-108.1050250924,42.1208369646],[-108.1050275039,42.1208376263],[-108.1050299155,42.1208382865],[-108.1050323272,42.1208389449],[-108.105034739,42.1208396015],[-108.1050371508,42.1208402564],[-108.1050395628,42.1208409094],[-108.1050419748,42.1208415605],[-108.1050443869,42.1208422096],[-108.1050467991,42.1208428568],[-108.1050492114,42.120843502],[-108.1050516238,42.120844145],[-108.1050540362,42.1208447859],[-108.1050564488,42.1208454246],[-108.1050588614,42.1208460611],[-108.1050612741,42.1208466953],[-108.1050636868,42.1208473272],[-108.1050660997,42.1208479567],[-108.1050685126,42.1208485838],[-108.1050709256,42.1208492084],[-108.1050733387,42.1208498305],[-108.1050757519,42.12085045],[-108.1050781651,42.1208510669],[-108.1050805785,42.1208516811],[-108.1050829918,42.1208522927],[-108.1050854053,42.1208529014],[-108.1050878188,42.1208535074],[-108.1050902324,42.1208541105],[-108.1050926461,42.1208547107],[-108.1050950599,42.1208553079],[-108.1050974737,42.1208559022],[-108.1050998876,42.1208564934],[-108.1051023016,42.1208570815],[-108.1051047156,42.1208576664],[-108.1051071297,42.1208582482],[-108.1051095439,42.1208588267],[-108.1051119581,42.1208594019],[-108.1051143724,42.1208599738],[-108.1051167868,42.1208605423],[-108.1051192012,42.1208611074],[-108.1051216157,42.120861669],[-108.1051240302,42.1208622271],[-108.1051264449,42.1208627816],[-108.1051288595,42.1208633325],[-108.1051312743,42.1208638797],[-108.1051336891,42.1208644232],[-108.1051361039,42.1208649629],[-108.1051385189,42.1208654988],[-108.1051409338,42.1208660308],[-108.1051433489,42.1208665589],[-108.105145764,42.1208670831],[-108.1051481791,42.1208676032],[-108.1051505943,42.1208681193],[-108.1051530096,42.1208686313],[-108.1051554249,42.1208691392],[-108.1051578403,42.1208696428],[-108.1051602557,42.1208701422],[-108.1051626712,42.1208706373],[-108.1051650867,42.1208711281],[-108.1051675023,42.1208716144],[-108.105169918,42.1208720963],[-108.1051723337,42.1208725738],[-108.1051747494,42.1208730467],[-108.1051771652,42.120873515],[-108.105179581,42.1208739787],[-108.1051819969,42.1208744377],[-108.1051844128,42.120874892],[-108.1051868288,42.1208753415],[-108.1051892448,42.1208757861],[-108.1051916609,42.120876226],[-108.105194077,42.1208766608],[-108.1051964931,42.1208770908],[-108.1051989093,42.1208775157],[-108.1052013255,42.1208779355],[-108.1052037418,42.1208783502],[-108.1052061581,42.1208787598],[-108.1052085745,42.1208791642],[-108.1052109909,42.1208795633],[-108.1052134073,42.1208799571],[-108.1052158238,42.1208803455],[-108.1052182403,42.1208807286],[-108.1052206569,42.1208811062],[-108.1052230735,42.1208814783],[-108.1052254901,42.1208818449],[-108.1052279067,42.1208822058],[-108.1052303234,42.1208825612],[-108.1052327402,42.1208829108],[-108.1052351569,42.1208832547],[-108.1052375737,42.1208835929],[-108.1052399905,42.1208839252],[-108.1052424074,42.1208842516],[-108.1052448243,42.1208845721],[-108.1052472412,42.1208848866],[-108.1052496581,42.1208851951],[-108.1052520751,42.1208854975],[-108.1052544921,42.1208857938],[-108.1052569091,42.1208860839],[-108.1052593262,42.1208863679],[-108.1052617433,42.1208866455],[-108.1052641604,42.1208869169],[-108.1052665775,42.1208871818],[-108.1052689946,42.1208874404],[-108.1052714118,42.1208876926],[-108.105273829,42.1208879382],[-108.1052762462,42.1208881772],[-108.1052786635,42.1208884097],[-108.1052810807,42.1208886355],[-108.105283498,42.1208888547],[-108.1052859153,42.1208890671],[-108.1052883326,42.1208892727],[-108.10529075,42.1208894714],[-108.1052931673,42.1208896633],[-108.1052955847,42.1208898482],[-108.1052980021,42.1208900262],[-108.1053004195,42.1208901971],[-108.1053028369,42.1208903609],[-108.1053052543,42.1208905177],[-108.1053076718,42.1208906672],[-108.1053100892,42.1208908095],[-108.1053125067,42.1208909446],[-108.1053149242,42.1208910723],[-108.1053173416,42.1208911927],[-108.1053197591,42.1208913056],[-108.1053221767,42.1208914111],[-108.1053245942,42.1208915091],[-108.1053270117,42.1208915995],[-108.1053294292,42.1208916823],[-108.1053318468,42.1208917575],[-108.1053342643,42.1208918249],[-108.1053366819,42.1208918846],[-108.1053390994,42.1208919365],[-108.105341517,42.1208919806],[-108.1053439345,42.1208920167],[-108.1053463521,42.120892045],[-108.1053487697,42.1208920652],[-108.1053511872,42.1208920774],[-108.1053536048,42.1208920815]]},"properties":{"source_yard_track_id":"YARD-FAC-TAY-TERMINAL-legacyteam","case_status":"PROPOSED_FIXED_CONTROL_40_MILE_CASE","survey_status":"NOT_SURVEYED"}},{"type":"Feature","id":"LADDER-TAY-TERMINAL-phase1generalA","geometry":{"type":"LineString","coordinates":[[-108.104393617,42.1207091722],[-108.1043971601,42.1207097403],[-108.1044006958,42.1207103202],[-108.1044042242,42.1207109118],[-108.1044077452,42.1207115151],[-108.104411259,42.1207121299],[-108.1044147655,42.1207127561],[-108.1044182649,42.1207133936],[-108.1044217572,42.1207140424],[-108.1044252425,42.1207147024],[-108.1044287207,42.1207153734],[-108.104432192,42.1207160554],[-108.1044356563,42.1207167483],[-108.1044391139,42.1207174519],[-108.1044425646,42.1207181663],[-108.1044460086,42.1207188913],[-108.1044494459,42.1207196268],[-108.1044528765,42.1207203727],[-108.1044563005,42.120721129],[-108.1044597181,42.1207218954],[-108.1044631291,42.1207226721],[-108.1044665337,42.1207234588],[-108.1044699319,42.1207242554],[-108.1044733237,42.120725062],[-108.1044767093,42.1207258783],[-108.1044800887,42.1207267043],[-108.1044834618,42.1207275399],[-108.1044868289,42.120728385],[-108.1044901899,42.1207292395],[-108.1044935448,42.1207301034],[-108.1044968938,42.1207309764],[-108.1045002368,42.1207318586],[-108.104503574,42.1207327499],[-108.1045069054,42.1207336501],[-108.104510231,42.1207345592],[-108.1045135508,42.1207354771],[-108.104516865,42.1207364036],[-108.1045201737,42.1207373387],[-108.1045234767,42.1207382823],[-108.1045267742,42.1207392343],[-108.1045300663,42.1207401947],[-108.104533353,42.1207411632],[-108.1045366343,42.1207421399],[-108.1045399103,42.1207431246],[-108.1045431811,42.1207441173],[-108.1045464466,42.1207451178],[-108.104549707,42.1207461261],[-108.1045529624,42.1207471421],[-108.1045562126,42.1207481656],[-108.1045594579,42.1207491966],[-108.1045626982,42.1207502351],[-108.1045659337,42.1207512808],[-108.1045691643,42.1207523337],[-108.1045723901,42.1207533938],[-108.1045756112,42.1207544608],[-108.1045788276,42.1207555349],[-108.1045820394,42.1207566157],[-108.1045852466,42.1207577033],[-108.1045884492,42.1207587976],[-108.1045916474,42.1207598985],[-108.1045948411,42.1207610058],[-108.1045980305,42.1207621195],[-108.1046012156,42.1207632395],[-108.1046043964,42.1207643657],[-108.1046075729,42.120765498],[-108.1046107453,42.1207666363],[-108.1046139136,42.1207677806],[-108.1046170778,42.1207689307],[-108.104620238,42.1207700865],[-108.1046233942,42.120771248],[-108.1046265466,42.1207724151],[-108.104629695,42.1207735876],[-108.1046328397,42.1207747655],[-108.1046359806,42.1207759487],[-108.1046391178,42.120777137],[-108.1046422513,42.1207783305],[-108.1046453813,42.120779529],[-108.1046485077,42.1207807324],[-108.1046516305,42.1207819406],[-108.10465475,42.1207831536],[-108.104657866,42.1207843712],[-108.1046609788,42.1207855933],[-108.1046640882,42.12078682],[-108.1046671943,42.1207880509],[-108.1046702973,42.1207892862],[-108.1046733972,42.1207905256],[-108.1046764939,42.1207917691],[-108.1046795877,42.1207930167],[-108.1046826784,42.1207942681],[-108.1046857662,42.1207955234],[-108.1046888512,42.1207967823],[-108.1046919333,42.1207980449],[-108.1046950126,42.1207993111],[-108.1046980892,42.1208005807],[-108.1047011631,42.1208018536],[-108.1047042344,42.1208031299],[-108.1047073032,42.1208044093],[-108.1047103694,42.1208056917],[-108.1047134331,42.1208069772],[-108.1047164945,42.1208082656],[-108.1047195535,42.1208095567],[-108.1047226101,42.1208108506],[-108.1047256645,42.1208121471],[-108.1047287167,42.1208134462],[-108.1047317667,42.1208147477],[-108.1047348147,42.1208160515],[-108.1047378605,42.1208173576],[-108.1047409044,42.1208186658],[-108.1047439463,42.1208199761],[-108.1047469863,42.1208212884],[-108.1047500245,42.1208226026],[-108.1047530609,42.1208239186],[-108.1047560955,42.1208252363],[-108.1047591284,42.1208265556],[-108.1047621597,42.1208278765],[-108.1047651894,42.1208291987],[-108.1047682175,42.1208305223],[-108.1047712442,42.1208318472],[-108.1047742694,42.1208331732],[-108.1047772933,42.1208345002],[-108.1047803158,42.1208358283],[-108.104783337,42.1208371572],[-108.104786357,42.1208384869],[-108.1047893759,42.1208398173],[-108.1047923936,42.1208411483],[-108.1047954102,42.1208424798],[-108.1047984258,42.1208438117],[-108.1048014404,42.120845144],[-108.1048044541,42.1208464765],[-108.104807467,42.1208478091],[-108.104810479,42.1208491418],[-108.1048134902,42.1208504745],[-108.1048165008,42.120851807],[-108.1048195106,42.1208531393],[-108.1048225199,42.1208544713],[-108.1048255286,42.1208558029],[-108.1048285368,42.120857134],[-108.1048315445,42.1208584645],[-108.1048345519,42.1208597943],[-108.1048375589,42.1208611234],[-108.1048405655,42.1208624515],[-108.104843572,42.1208637788],[-108.1048465782,42.120865105],[-108.1048495843,42.12086643],[-108.1048525903,42.1208677538],[-108.1048555962,42.1208690763],[-108.1048586022,42.1208703974],[-108.1048616082,42.1208717169],[-108.1048646143,42.1208730349],[-108.1048676206,42.1208743512],[-108.1048706271,42.1208756657],[-108.1048736338,42.1208769783],[-108.1048766409,42.120878289],[-108.1048796483,42.1208795975],[-108.1048826562,42.120880904],[-108.1048856645,42.1208822082],[-108.1048886734,42.1208835101],[-108.1048916828,42.1208848095],[-108.1048946929,42.1208861065],[-108.1048977036,42.1208874008],[-108.1049007151,42.1208886924],[-108.1049037273,42.1208899813],[-108.1049067404,42.1208912672],[-108.1049097544,42.1208925502],[-108.1049127693,42.1208938301],[-108.1049157852,42.1208951069],[-108.1049188021,42.1208963804],[-108.1049218201,42.1208976505],[-108.1049248393,42.1208989173],[-108.1049278596,42.1209001805],[-108.1049308812,42.12090144],[-108.1049339041,42.1209026959],[-108.1049369283,42.120903948],[-108.104939954,42.1209051962],[-108.104942981,42.1209064404],[-108.1049460096,42.1209076805],[-108.1049490398,42.1209089164],[-108.1049520715,42.1209101481],[-108.1049551049,42.1209113755],[-108.10495814,42.1209125984],[-108.1049611769,42.1209138167],[-108.1049642156,42.1209150305],[-108.1049672562,42.1209162395],[-108.1049702986,42.1209174437],[-108.104973343,42.120918643],[-108.1049763895,42.1209198373],[-108.104979438,42.1209210265],[-108.1049824886,42.1209222106],[-108.1049855415,42.1209233894],[-108.1049885965,42.1209245628],[-108.1049916538,42.1209257307],[-108.1049947134,42.1209268932],[-108.1049977755,42.1209280499],[-108.1050008399,42.120929201],[-108.1050039068,42.1209303462],[-108.1050069763,42.1209314855],[-108.1050100483,42.1209326189],[-108.105013123,42.1209337461],[-108.1050162004,42.1209348671],[-108.1050192805,42.1209359819],[-108.1050223634,42.1209370903],[-108.1050254492,42.1209381922],[-108.1050285378,42.1209392876],[-108.1050316294,42.1209403763],[-108.105034724,42.1209414583],[-108.1050378216,42.1209425334],[-108.1050409223,42.1209436017],[-108.1050440262,42.1209446629],[-108.1050471333,42.120945717],[-108.1050502437,42.1209467639],[-108.1050533573,42.1209478036],[-108.1050564743,42.1209488358],[-108.1050595947,42.1209498606],[-108.1050627186,42.1209508778],[-108.105065846,42.1209518874],[-108.105068977,42.1209528892],[-108.1050721115,42.1209538832],[-108.1050752498,42.1209548692],[-108.1050783917,42.1209558472],[-108.1050815375,42.1209568172],[-108.105084687,42.1209577789],[-108.1050878405,42.1209587323],[-108.1050909978,42.1209596773],[-108.1050941591,42.1209606138],[-108.1050973245,42.1209615418],[-108.1051004939,42.1209624611],[-108.1051036675,42.1209633716],[-108.1051068453,42.1209642733],[-108.1051100273,42.120965166],[-108.1051132135,42.1209660498],[-108.1051164041,42.1209669244],[-108.1051195991,42.1209677897],[-108.1051227986,42.1209686458],[-108.1051260025,42.1209694925],[-108.105129211,42.1209703297],[-108.1051324241,42.1209711573],[-108.1051356418,42.1209719752],[-108.1051388642,42.1209727833],[-108.1051420914,42.1209735816],[-108.1051453234,42.12097437],[-108.1051485602,42.1209751483],[-108.1051518019,42.1209759165],[-108.1051550486,42.1209766744],[-108.1051583003,42.1209774221],[-108.1051615571,42.1209781593],[-108.1051648189,42.120978886],[-108.105168086,42.1209796021],[-108.1051713582,42.1209803076],[-108.1051746357,42.1209810023],[-108.1051779185,42.1209816861],[-108.1051812067,42.1209823589],[-108.1051845004,42.1209830207],[-108.1051877994,42.1209836714],[-108.1051911041,42.1209843108],[-108.1051944142,42.1209849389],[-108.1051977301,42.1209855556],[-108.1052010515,42.1209861607],[-108.1052043788,42.1209867543],[-108.1052077118,42.1209873361],[-108.1052110506,42.1209879062],[-108.1052143953,42.1209884644],[-108.105217746,42.1209890107],[-108.1052211026,42.1209895449],[-108.1052244653,42.1209900669],[-108.1052278341,42.1209905767],[-108.105231209,42.1209910741],[-108.1052345901,42.1209915591],[-108.1052379775,42.1209920316],[-108.1052413711,42.1209924915],[-108.1052447711,42.1209929387],[-108.1052481775,42.1209933731],[-108.1052515904,42.1209937946],[-108.1052550097,42.1209942031],[-108.1052584356,42.1209945986],[-108.1052618681,42.1209949808],[-108.1052653073,42.1209953499],[-108.1052687532,42.1209957056],[-108.1052722058,42.1209960478],[-108.1052756653,42.1209963766],[-108.1052791316,42.1209966917],[-108.1052826048,42.1209969931],[-108.105286085,42.1209972807],[-108.1052895723,42.1209975543],[-108.1052930665,42.1209978141],[-108.105296568,42.1209980597],[-108.1053000765,42.1209982911],[-108.1053035923,42.1209985083],[-108.1053071154,42.1209987112],[-108.1053106458,42.1209988996],[-108.1053141836,42.1209990734],[-108.1053177289,42.1209992326],[-108.1053212816,42.1209993771],[-108.1053248418,42.1209995068],[-108.1053284096,42.1209996216],[-108.1053319851,42.1209997214],[-108.1053355683,42.1209998061],[-108.1053391591,42.1209998756],[-108.1053427578,42.1209999298],[-108.1053463644,42.1209999687],[-108.1053499788,42.1209999921],[-108.1053536011,42.121]]},"properties":{"source_yard_track_id":"YARD-FAC-TAY-TERMINAL-phase1generalA","case_status":"PROPOSED_FIXED_CONTROL_40_MILE_CASE","survey_status":"NOT_SURVEYED"}},{"type":"Feature","id":"LADDER-TAY-TERMINAL-phase1generalB","geometry":{"type":"LineString","coordinates":[[-108.1041586151,42.1206670184],[-108.1041621206,42.1206677317],[-108.1041656349,42.1206684649],[-108.1041691579,42.1206692178],[-108.1041726895,42.1206699902],[-108.1041762297,42.1206707821],[-108.1041797784,42.1206715933],[-108.1041833356,42.1206724235],[-108.1041869012,42.1206732728],[-108.1041904752,42.1206741408],[-108.1041940574,42.1206750276],[-108.1041976479,42.1206759328],[-108.1042012467,42.1206768565],[-108.1042048535,42.1206777983],[-108.1042084684,42.1206787583],[-108.1042120914,42.1206797361],[-108.1042157223,42.1206807318],[-108.1042193612,42.1206817451],[-108.1042230079,42.1206827758],[-108.1042266623,42.1206838239],[-108.1042303246,42.1206848892],[-108.1042339945,42.1206859715],[-108.1042376721,42.1206870707],[-108.1042413572,42.1206881866],[-108.1042450499,42.1206893192],[-108.10424875,42.1206904681],[-108.1042524575,42.1206916334],[-108.1042561724,42.1206928147],[-108.1042598946,42.1206940121],[-108.104263624,42.1206952253],[-108.1042673607,42.1206964542],[-108.1042711044,42.1206976987],[-108.1042748552,42.1206989585],[-108.104278613,42.1207002336],[-108.1042823778,42.1207015238],[-108.1042861495,42.120702829],[-108.1042899281,42.1207041489],[-108.1042937134,42.1207054835],[-108.1042975055,42.1207068326],[-108.1043013043,42.120708196],[-108.1043051097,42.1207095736],[-108.1043089217,42.1207109653],[-108.1043127401,42.1207123709],[-108.1043165651,42.1207137902],[-108.1043203964,42.1207152232],[-108.1043242341,42.1207166696],[-108.1043280781,42.1207181293],[-108.1043319283,42.1207196022],[-108.1043357847,42.1207210881],[-108.1043396472,42.1207225868],[-108.1043435158,42.1207240983],[-108.1043473904,42.1207256223],[-108.1043512709,42.1207271587],[-108.1043551574,42.1207287074],[-108.1043590497,42.1207302682],[-108.1043629477,42.120731841],[-108.1043668516,42.1207334256],[-108.104370761,42.1207350218],[-108.1043746762,42.1207366296],[-108.1043785968,42.1207382488],[-108.104382523,42.1207398791],[-108.1043864546,42.1207415206],[-108.1043903916,42.1207431729],[-108.104394334,42.1207448361],[-108.1043982817,42.1207465098],[-108.1044022345,42.1207481941],[-108.1044061926,42.1207498886],[-108.1044101558,42.1207515934],[-108.104414124,42.1207533081],[-108.1044180972,42.1207550328],[-108.1044220754,42.1207567671],[-108.1044260585,42.1207585111],[-108.1044300464,42.1207602645],[-108.104434039,42.1207620271],[-108.1044380365,42.120763799],[-108.1044420385,42.1207655797],[-108.1044460452,42.1207673694],[-108.1044500565,42.1207691677],[-108.1044540722,42.1207709745],[-108.1044580924,42.1207727898],[-108.104462117,42.1207746132],[-108.1044661459,42.1207764448],[-108.1044701791,42.1207782843],[-108.1044742165,42.1207801316],[-108.1044782581,42.1207819865],[-108.1044823038,42.120783849],[-108.1044863536,42.1207857187],[-108.1044904073,42.1207875957],[-108.104494465,42.1207894797],[-108.1044985266,42.1207913707],[-108.104502592,42.1207932683],[-108.1045066611,42.1207951726],[-108.104510734,42.1207970833],[-108.1045148106,42.1207990003],[-108.1045188907,42.1208009235],[-108.1045229744,42.1208028527],[-108.1045270617,42.1208047877],[-108.1045311523,42.1208067284],[-108.1045352463,42.1208086747],[-108.1045393437,42.1208106264],[-108.1045434443,42.1208125834],[-108.1045475481,42.1208145455],[-108.1045516551,42.1208165125],[-108.1045557652,42.1208184843],[-108.1045598784,42.1208204608],[-108.1045639945,42.1208224418],[-108.1045681136,42.1208244272],[-108.1045722355,42.1208264168],[-108.1045763603,42.1208284104],[-108.1045804878,42.120830408],[-108.1045846181,42.1208324093],[-108.104588751,42.1208344143],[-108.1045928865,42.1208364227],[-108.1045970245,42.1208384345],[-108.104601165,42.1208404494],[-108.104605308,42.1208424673],[-108.1046094533,42.1208444881],[-108.104613601,42.1208465117],[-108.1046177509,42.1208485378],[-108.1046219031,42.1208505663],[-108.1046260573,42.1208525971],[-108.1046302137,42.1208546301],[-108.1046343721,42.120856665],[-108.1046385325,42.1208587017],[-108.1046426949,42.1208607402],[-108.1046468591,42.1208627801],[-108.1046510251,42.1208648215],[-108.1046551929,42.120866864],[-108.1046593623,42.1208689077],[-108.1046635335,42.1208709523],[-108.1046677062,42.1208729977],[-108.1046718804,42.1208750437],[-108.1046760562,42.1208770902],[-108.1046802333,42.120879137],[-108.1046844119,42.1208811841],[-108.1046885917,42.1208832312],[-108.1046927728,42.1208852781],[-108.1046969551,42.1208873248],[-108.1047011386,42.1208893711],[-108.1047053231,42.1208914169],[-108.1047095087,42.1208934619],[-108.1047136952,42.1208955061],[-108.1047178827,42.1208975493],[-108.104722071,42.1208995913],[-108.1047262602,42.1209016321],[-108.1047304501,42.1209036714],[-108.1047346406,42.120905709],[-108.1047388319,42.120907745],[-108.1047430237,42.120909779],[-108.104747216,42.120911811],[-108.1047514089,42.1209138408],[-108.1047556021,42.1209158683],[-108.1047597957,42.1209178932],[-108.1047639896,42.1209199155],[-108.1047681838,42.1209219351],[-108.1047723781,42.1209239517],[-108.1047765726,42.1209259652],[-108.1047807672,42.1209279754],[-108.1047849618,42.1209299823],[-108.1047891563,42.1209319856],[-108.1047933508,42.1209339853],[-108.1047975452,42.1209359811],[-108.1048017393,42.1209379729],[-108.1048059332,42.1209399606],[-108.1048101268,42.120941944],[-108.10481432,42.120943923],[-108.1048185128,42.1209458974],[-108.1048227051,42.1209478671],[-108.1048268969,42.1209498319],[-108.1048310881,42.1209517917],[-108.1048352786,42.1209537463],[-108.1048394684,42.1209556955],[-108.1048436575,42.1209576393],[-108.1048478458,42.1209595775],[-108.1048520332,42.1209615099],[-108.1048562197,42.1209634364],[-108.1048604052,42.1209653568],[-108.1048645897,42.120967271],[-108.104868773,42.1209691788],[-108.1048729552,42.1209710801],[-108.1048771363,42.1209729747],[-108.104881316,42.1209748625],[-108.1048854945,42.1209767434],[-108.1048896715,42.1209786171],[-108.1048938472,42.1209804836],[-108.1048980213,42.1209823426],[-108.1049021939,42.1209841941],[-108.104906365,42.1209860379],[-108.1049105343,42.1209878738],[-108.104914702,42.1209897018],[-108.1049188679,42.1209915215],[-108.104923032,42.120993333],[-108.1049271942,42.120995136],[-108.1049313544,42.1209969304],[-108.1049355127,42.120998716],[-108.1049396689,42.1210004927],[-108.1049438231,42.1210022604],[-108.1049479751,42.1210040189],[-108.1049521248,42.1210057681],[-108.1049562723,42.1210075077],[-108.1049604175,42.1210092377],[-108.1049645603,42.1210109579],[-108.1049687007,42.1210126681],[-108.1049728385,42.1210143683],[-108.1049769739,42.1210160582],[-108.1049811066,42.1210177377],[-108.1049852367,42.1210194066],[-108.104989364,42.1210210649],[-108.1049934886,42.1210227123],[-108.1049976103,42.1210243488],[-108.1050017292,42.1210259741],[-108.1050058451,42.1210275881],[-108.1050099581,42.1210291907],[-108.105014068,42.1210307817],[-108.1050181747,42.1210323609],[-108.1050222783,42.1210339283],[-108.1050263787,42.1210354837],[-108.1050304759,42.1210370268],[-108.1050345697,42.1210385576],[-108.1050386601,42.121040076],[-108.105042747,42.1210415817],[-108.1050468305,42.1210430746],[-108.1050509104,42.1210445547],[-108.1050549867,42.1210460216],[-108.1050590594,42.1210474753],[-108.1050631283,42.1210489156],[-108.1050671934,42.1210503424],[-108.1050712547,42.1210517556],[-108.1050753121,42.1210531549],[-108.1050793656,42.1210545402],[-108.1050834151,42.1210559115],[-108.1050874605,42.1210572684],[-108.1050915018,42.121058611],[-108.1050955389,42.1210599389],[-108.1050995718,42.1210612522],[-108.1051036004,42.1210625506],[-108.1051076247,42.1210638339],[-108.1051116446,42.1210651021],[-108.10511566,42.121066355],[-108.1051196709,42.1210675925],[-108.1051236773,42.1210688143],[-108.1051276791,42.1210700204],[-108.1051316762,42.1210712105],[-108.1051356685,42.1210723846],[-108.1051396561,42.1210735425],[-108.1051436388,42.121074684],[-108.1051476167,42.1210758091],[-108.1051515895,42.1210769174],[-108.1051555574,42.121078009],[-108.1051595202,42.1210790836],[-108.1051634779,42.1210801412],[-108.1051674304,42.1210811814],[-108.1051713777,42.1210822043],[-108.1051753197,42.1210832096],[-108.1051792563,42.1210841972],[-108.1051831876,42.121085167],[-108.1051871134,42.1210861188],[-108.1051910336,42.1210870524],[-108.1051949484,42.1210879678],[-108.1051988574,42.1210888647],[-108.1052027609,42.121089743],[-108.1052066585,42.1210906025],[-108.1052105504,42.1210914432],[-108.1052144364,42.1210922648],[-108.1052183166,42.1210930673],[-108.1052221907,42.1210938504],[-108.1052260589,42.121094614],[-108.105229921,42.121095358],[-108.1052337769,42.1210960822],[-108.1052376267,42.1210967865],[-108.1052414702,42.1210974707],[-108.1052453075,42.1210981346],[-108.1052491384,42.1210987782],[-108.1052529628,42.1210994012],[-108.1052567808,42.1211000036],[-108.1052605923,42.1211005852],[-108.1052643973,42.1211011457],[-108.1052681956,42.1211016851],[-108.1052719872,42.1211022033],[-108.105275772,42.1211027],[-108.1052795501,42.1211031752],[-108.1052833213,42.1211036286],[-108.1052870856,42.1211040602],[-108.1052908429,42.1211044698],[-108.1052945932,42.1211048571],[-108.1052983365,42.1211052222],[-108.1053020726,42.1211055648],[-108.1053058015,42.1211058848],[-108.1053095231,42.121106182],[-108.1053132375,42.1211064563],[-108.1053169445,42.1211067075],[-108.1053206441,42.1211069355],[-108.1053243362,42.1211071402],[-108.1053280208,42.1211073213],[-108.1053316978,42.1211074788],[-108.1053353672,42.1211076125],[-108.1053390288,42.1211077222],[-108.1053426828,42.1211078078],[-108.1053463289,42.1211078692],[-108.1053499672,42.1211079061],[-108.1053535975,42.1211079185]]},"properties":{"source_yard_track_id":"YARD-FAC-TAY-TERMINAL-phase1generalB","case_status":"PROPOSED_FIXED_CONTROL_40_MILE_CASE","survey_status":"NOT_SURVEYED"}},{"type":"Feature","id":"LADDER-TAY-TERMINAL-phase1liquid","geometry":{"type":"LineString","coordinates":[[-108.103699676,42.1205543192],[-108.1037097713,42.1205572916],[-108.1037198153,42.1205602684],[-108.1037298083,42.1205632495],[-108.1037397508,42.1205662348],[-108.103749643,42.1205692242],[-108.1037594853,42.1205722176],[-108.1037692781,42.120575215],[-108.1037790217,42.1205782162],[-108.1037887165,42.1205812211],[-108.103798363,42.1205842296],[-108.1038079613,42.1205872417],[-108.1038175119,42.1205902573],[-108.1038270152,42.1205932761],[-108.1038364715,42.1205962982],[-108.1038458812,42.1205993235],[-108.1038552446,42.1206023519],[-108.1038645621,42.1206053832],[-108.1038738341,42.1206084173],[-108.1038830609,42.1206114542],[-108.1038922428,42.1206144938],[-108.1039013804,42.120617536],[-108.1039104738,42.1206205807],[-108.1039195235,42.1206236277],[-108.1039285298,42.1206266771],[-108.1039374931,42.1206297286],[-108.1039464138,42.1206327823],[-108.1039552921,42.1206358379],[-108.1039641286,42.1206388954],[-108.1039729235,42.1206419548],[-108.1039816771,42.1206450158],[-108.10399039,42.1206480785],[-108.1039990623,42.1206511427],[-108.1040076946,42.1206542084],[-108.104016287,42.1206572753],[-108.1040248401,42.1206603435],[-108.1040333542,42.1206634129],[-108.1040418295,42.1206664832],[-108.1040502666,42.1206695546],[-108.1040586657,42.1206726267],[-108.1040670272,42.1206756997],[-108.1040753515,42.1206787732],[-108.1040836389,42.1206818474],[-108.1040918899,42.120684922],[-108.1041001046,42.120687997],[-108.1041082836,42.1206910723],[-108.1041164272,42.1206941477],[-108.1041245357,42.1206972232],[-108.1041326095,42.1207002987],[-108.104140649,42.1207033741],[-108.1041486545,42.1207064493],[-108.1041566264,42.1207095242],[-108.104164565,42.1207125987],[-108.1041724708,42.1207156727],[-108.104180344,42.1207187461],[-108.104188185,42.1207218188],[-108.1041959943,42.1207248908],[-108.1042037721,42.1207279619],[-108.1042115188,42.120731032],[-108.1042192348,42.120734101],[-108.1042269204,42.1207371688],[-108.104234576,42.1207402354],[-108.104242202,42.1207433007],[-108.1042497987,42.1207463645],[-108.1042573665,42.1207494267],[-108.1042649058,42.1207524873],[-108.1042724168,42.1207555462],[-108.1042799,42.1207586032],[-108.1042873558,42.1207616583],[-108.1042947844,42.1207647113],[-108.1043021863,42.1207677623],[-108.1043095618,42.120770811],[-108.1043169113,42.1207738574],[-108.1043242351,42.1207769013],[-108.1043315336,42.1207799428],[-108.1043388072,42.1207829817],[-108.1043460562,42.1207860178],[-108.104353281,42.1207890512],[-108.1043604819,42.1207920817],[-108.1043676593,42.1207951092],[-108.1043748136,42.1207981336],[-108.1043819451,42.1208011548],[-108.1043890542,42.1208041728],[-108.1043961413,42.1208071873],[-108.1044032067,42.1208101984],[-108.1044102507,42.120813206],[-108.1044172738,42.1208162098],[-108.1044242763,42.12081921],[-108.1044312586,42.1208222062],[-108.1044382209,42.1208251986],[-108.1044451638,42.1208281868],[-108.1044520874,42.120831171],[-108.1044589923,42.1208341509],[-108.1044658788,42.1208371264],[-108.1044727472,42.1208400976],[-108.1044795978,42.1208430642],[-108.1044864311,42.1208460262],[-108.1044932475,42.1208489835],[-108.1045000472,42.1208519359],[-108.1045068306,42.1208548835],[-108.1045135981,42.120857826],[-108.1045203501,42.1208607635],[-108.1045270869,42.1208636957],[-108.1045338089,42.1208666227],[-108.1045405164,42.1208695443],[-108.1045472098,42.1208724604],[-108.1045538895,42.1208753709],[-108.1045605558,42.1208782757],[-108.1045672091,42.1208811748],[-108.1045738498,42.1208840679],[-108.1045804781,42.1208869552],[-108.1045870946,42.1208898363],[-108.1045936994,42.1208927114],[-108.1046002931,42.1208955801],[-108.1046068759,42.1208984425],[-108.1046134482,42.1209012985],[-108.1046200104,42.1209041479],[-108.1046265628,42.1209069907],[-108.1046331059,42.1209098268],[-108.1046396399,42.120912656],[-108.1046461652,42.1209154783],[-108.1046526822,42.1209182936],[-108.1046591913,42.1209211018],[-108.1046656927,42.1209239027],[-108.1046721869,42.1209266964],[-108.1046786743,42.1209294826],[-108.1046851552,42.1209322614],[-108.1046916299,42.1209350325],[-108.1046980988,42.120937796],[-108.1047045623,42.1209405516],[-108.1047110207,42.1209432994],[-108.1047174744,42.1209460392],[-108.1047239238,42.120948771],[-108.1047303692,42.1209514945],[-108.104736811,42.1209542098],[-108.1047432496,42.1209569167],[-108.1047496852,42.1209596152],[-108.1047561183,42.1209623051],[-108.1047625493,42.1209649864],[-108.1047689784,42.1209676589],[-108.1047754061,42.1209703225],[-108.1047818327,42.1209729773],[-108.1047882585,42.120975623],[-108.104794684,42.1209782595],[-108.1048011095,42.1209808869],[-108.1048075354,42.1209835049],[-108.104813962,42.1209861134],[-108.1048203896,42.1209887125],[-108.1048268187,42.120991302],[-108.1048332496,42.1209938817],[-108.1048396827,42.1209964517],[-108.1048461183,42.1209990117],[-108.1048525568,42.1210015618],[-108.1048589985,42.1210041017],[-108.1048654439,42.1210066315],[-108.1048718932,42.121009151],[-108.1048783468,42.1210116601],[-108.1048848052,42.1210141588],[-108.1048912686,42.1210166468],[-108.1048977374,42.1210191242],[-108.104904212,42.1210215909],[-108.1049106927,42.1210240466],[-108.10491718,42.1210264914],[-108.1049236741,42.1210289252],[-108.1049301754,42.1210313478],[-108.1049366843,42.1210337592],[-108.1049432012,42.1210361592],[-108.1049497264,42.1210385478],[-108.1049562602,42.1210409249],[-108.1049628031,42.1210432903],[-108.1049693554,42.1210456441],[-108.1049759174,42.121047986],[-108.1049824896,42.1210503159],[-108.1049890722,42.1210526339],[-108.1049956656,42.1210549398],[-108.1050022703,42.1210572334],[-108.1050088865,42.1210595148],[-108.1050155147,42.1210617838],[-108.1050221551,42.1210640402],[-108.1050288082,42.1210662841],[-108.1050354743,42.1210685153],[-108.1050421537,42.1210707337],[-108.1050488469,42.1210729393],[-108.1050555542,42.1210751319],[-108.1050622759,42.1210773114],[-108.1050690125,42.1210794777],[-108.1050757642,42.1210816308],[-108.1050825314,42.1210837705],[-108.1050893146,42.1210858968],[-108.105096114,42.1210880096],[-108.10510293,42.1210901086],[-108.1051097631,42.121092194],[-108.1051166134,42.1210942655],[-108.1051234815,42.1210963231],[-108.1051303676,42.1210983666],[-108.1051372722,42.1211003961],[-108.1051441956,42.1211024113],[-108.1051511381,42.1211044122],[-108.1051581001,42.1211063987],[-108.105165082,42.1211083707],[-108.1051720841,42.121110328],[-108.1051791069,42.1211122707],[-108.1051861506,42.1211141986],[-108.1051932156,42.1211161116],[-108.1052003022,42.1211180096],[-108.105207411,42.1211198925],[-108.1052145421,42.1211217603],[-108.105221696,42.1211236127],[-108.105228873,42.1211254498],[-108.1052360736,42.1211272714],[-108.1052432979,42.1211290775],[-108.1052505465,42.1211308679],[-108.1052578197,42.1211326426],[-108.1052651177,42.1211344014],[-108.1052724411,42.1211361442],[-108.1052797902,42.121137871],[-108.1052871652,42.1211395817],[-108.1052945667,42.1211412761],[-108.1053019948,42.1211429542],[-108.1053094501,42.1211446159],[-108.1053169329,42.1211462611],[-108.1053244434,42.1211478896],[-108.1053319822,42.1211495014],[-108.1053395495,42.1211510964],[-108.1053471457,42.1211526745],[-108.1053547712,42.1211542356],[-108.1053624263,42.1211557796],[-108.1053701114,42.1211573064],[-108.1053778269,42.1211588159],[-108.105385573,42.1211603081],[-108.1053933503,42.1211617827],[-108.105401159,42.1211632398],[-108.1054089995,42.1211646792],[-108.1054168722,42.1211661008],[-108.1054247773,42.1211675045],[-108.1054327154,42.1211688903],[-108.1054406867,42.1211702581],[-108.1054486917,42.1211716076],[-108.1054567305,42.121172939],[-108.1054648038,42.1211742519],[-108.1054729117,42.1211755465],[-108.1054810547,42.1211768225],[-108.105489233,42.1211780798],[-108.1054974472,42.1211793184],[-108.1055056975,42.1211805382],[-108.1055139843,42.1211817391],[-108.1055223079,42.121182921],[-108.1055306688,42.1211840837],[-108.1055390673,42.1211852273],[-108.1055475037,42.1211863515],[-108.1055559784,42.1211874563],[-108.1055644918,42.1211885416],[-108.1055730442,42.1211896074],[-108.105581636,42.1211906534],[-108.1055902675,42.1211916796],[-108.1055989392,42.121192686],[-108.1056076513,42.1211936724],[-108.1056164043,42.1211946387],[-108.1056251985,42.1211955849],[-108.1056340342,42.1211965107],[-108.1056429119,42.1211974163],[-108.1056518318,42.1211983013],[-108.1056607944,42.1211991658],[-108.1056698,42.1212000097],[-108.1056788489,42.1212008328],[-108.1056879416,42.121201635],[-108.1056970783,42.1212024163],[-108.1057062595,42.1212031766],[-108.1057154856,42.1212039158],[-108.1057247568,42.1212046337],[-108.1057340735,42.1212053303],[-108.1057434361,42.1212060055],[-108.105752845,42.1212066592],[-108.1057623005,42.1212072912],[-108.105771803,42.1212079016],[-108.1057813528,42.1212084901],[-108.1057909503,42.1212090568],[-108.1058005959,42.1212096014],[-108.1058102899,42.121210124],[-108.1058200327,42.1212106244],[-108.1058298247,42.1212111024],[-108.1058396661,42.1212115582],[-108.1058495574,42.1212119914],[-108.105859499,42.1212124021],[-108.1058694912,42.1212127901],[-108.1058795343,42.1212131553],[-108.1058896287,42.1212134977],[-108.1058997748,42.1212138171],[-108.1059099729,42.1212141135],[-108.1059202235,42.1212143867],[-108.1059305268,42.1212146367],[-108.1059408832,42.1212148633],[-108.1059512931,42.1212150666],[-108.1059617569,42.1212152462],[-108.1059722748,42.1212154023],[-108.1059828474,42.1212155346],[-108.1059934749,42.1212156431],[-108.1060041576,42.1212157277],[-108.106014896,42.1212157883],[-108.1060256905,42.1212158248],[-108.1060365413,42.121215837]]},"properties":{"source_yard_track_id":"YARD-FAC-TAY-TERMINAL-phase1liquid","case_status":"PROPOSED_FIXED_CONTROL_40_MILE_CASE","survey_status":"NOT_SURVEYED"}}]}
