table,column,type,not_null,primary_key,default,description
account,id,INTEGER,0,1,,Column id in account
account,canonical_id,TEXT,1,0,,Column canonical_id in account
account,immutable_uuid,TEXT,1,0,,Column immutable_uuid in account
account,name,TEXT,1,0,,Column name in account
account,status,TEXT,1,0,,Column status in account
account,event_at,TEXT,0,0,,Column event_at in account
account,recorded_at,TEXT,0,0,,Column recorded_at in account
account,available_at,TEXT,0,0,,Column available_at in account
account,amount_minor,INTEGER,1,0,0,Column amount_minor in account
account,quantity_milli,INTEGER,1,0,0,Column quantity_milli in account
account,source_system,TEXT,1,0,,Column source_system in account
account,provenance,TEXT,1,0,,Column provenance in account
action_item,id,INTEGER,0,1,,Column id in action_item
action_item,canonical_id,TEXT,1,0,,Column canonical_id in action_item
action_item,immutable_uuid,TEXT,1,0,,Column immutable_uuid in action_item
action_item,name,TEXT,1,0,,Column name in action_item
action_item,status,TEXT,1,0,,Column status in action_item
action_item,event_at,TEXT,0,0,,Column event_at in action_item
action_item,recorded_at,TEXT,0,0,,Column recorded_at in action_item
action_item,available_at,TEXT,0,0,,Column available_at in action_item
action_item,amount_minor,INTEGER,1,0,0,Column amount_minor in action_item
action_item,quantity_milli,INTEGER,1,0,0,Column quantity_milli in action_item
action_item,source_system,TEXT,1,0,,Column source_system in action_item
action_item,provenance,TEXT,1,0,,Column provenance in action_item
actual_shift,id,INTEGER,0,1,,Column id in actual_shift
actual_shift,canonical_id,TEXT,1,0,,Column canonical_id in actual_shift
actual_shift,immutable_uuid,TEXT,1,0,,Column immutable_uuid in actual_shift
actual_shift,name,TEXT,1,0,,Column name in actual_shift
actual_shift,status,TEXT,1,0,,Column status in actual_shift
actual_shift,event_at,TEXT,0,0,,Column event_at in actual_shift
actual_shift,recorded_at,TEXT,0,0,,Column recorded_at in actual_shift
actual_shift,available_at,TEXT,0,0,,Column available_at in actual_shift
actual_shift,amount_minor,INTEGER,1,0,0,Column amount_minor in actual_shift
actual_shift,quantity_milli,INTEGER,1,0,0,Column quantity_milli in actual_shift
actual_shift,source_system,TEXT,1,0,,Column source_system in actual_shift
actual_shift,provenance,TEXT,1,0,,Column provenance in actual_shift
application_system,id,INTEGER,0,1,,Column id in application_system
application_system,canonical_id,TEXT,1,0,,Column canonical_id in application_system
application_system,immutable_uuid,TEXT,1,0,,Column immutable_uuid in application_system
application_system,name,TEXT,1,0,,Column name in application_system
application_system,status,TEXT,1,0,,Column status in application_system
application_system,event_at,TEXT,0,0,,Column event_at in application_system
application_system,recorded_at,TEXT,0,0,,Column recorded_at in application_system
application_system,available_at,TEXT,0,0,,Column available_at in application_system
application_system,amount_minor,INTEGER,1,0,0,Column amount_minor in application_system
application_system,quantity_milli,INTEGER,1,0,0,Column quantity_milli in application_system
application_system,source_system,TEXT,1,0,,Column source_system in application_system
application_system,provenance,TEXT,1,0,,Column provenance in application_system
artifact_manifest,id,INTEGER,0,1,,Column id in artifact_manifest
artifact_manifest,canonical_id,TEXT,1,0,,Column canonical_id in artifact_manifest
artifact_manifest,immutable_uuid,TEXT,1,0,,Column immutable_uuid in artifact_manifest
artifact_manifest,name,TEXT,1,0,,Column name in artifact_manifest
artifact_manifest,status,TEXT,1,0,,Column status in artifact_manifest
artifact_manifest,event_at,TEXT,0,0,,Column event_at in artifact_manifest
artifact_manifest,recorded_at,TEXT,0,0,,Column recorded_at in artifact_manifest
artifact_manifest,available_at,TEXT,0,0,,Column available_at in artifact_manifest
artifact_manifest,amount_minor,INTEGER,1,0,0,Column amount_minor in artifact_manifest
artifact_manifest,quantity_milli,INTEGER,1,0,0,Column quantity_milli in artifact_manifest
artifact_manifest,source_system,TEXT,1,0,,Column source_system in artifact_manifest
artifact_manifest,provenance,TEXT,1,0,,Column provenance in artifact_manifest
assay_result,id,INTEGER,0,1,,Column id in assay_result
assay_result,canonical_id,TEXT,1,0,,Column canonical_id in assay_result
assay_result,immutable_uuid,TEXT,1,0,,Column immutable_uuid in assay_result
assay_result,name,TEXT,1,0,,Column name in assay_result
assay_result,status,TEXT,1,0,,Column status in assay_result
assay_result,event_at,TEXT,0,0,,Column event_at in assay_result
assay_result,recorded_at,TEXT,0,0,,Column recorded_at in assay_result
assay_result,available_at,TEXT,0,0,,Column available_at in assay_result
assay_result,amount_minor,INTEGER,1,0,0,Column amount_minor in assay_result
assay_result,quantity_milli,INTEGER,1,0,0,Column quantity_milli in assay_result
assay_result,source_system,TEXT,1,0,,Column source_system in assay_result
assay_result,provenance,TEXT,1,0,,Column provenance in assay_result
asset,id,INTEGER,0,1,,Column id in asset
asset,canonical_id,TEXT,1,0,,Column canonical_id in asset
asset,immutable_uuid,TEXT,1,0,,Column immutable_uuid in asset
asset,name,TEXT,1,0,,Column name in asset
asset,status,TEXT,1,0,,Column status in asset
asset,event_at,TEXT,0,0,,Column event_at in asset
asset,recorded_at,TEXT,0,0,,Column recorded_at in asset
asset,available_at,TEXT,0,0,,Column available_at in asset
asset,amount_minor,INTEGER,1,0,0,Column amount_minor in asset
asset,quantity_milli,INTEGER,1,0,0,Column quantity_milli in asset
asset,source_system,TEXT,1,0,,Column source_system in asset
asset,provenance,TEXT,1,0,,Column provenance in asset
asset_class,id,INTEGER,0,1,,Column id in asset_class
asset_class,canonical_id,TEXT,1,0,,Column canonical_id in asset_class
asset_class,immutable_uuid,TEXT,1,0,,Column immutable_uuid in asset_class
asset_class,name,TEXT,1,0,,Column name in asset_class
asset_class,status,TEXT,1,0,,Column status in asset_class
asset_class,event_at,TEXT,0,0,,Column event_at in asset_class
asset_class,recorded_at,TEXT,0,0,,Column recorded_at in asset_class
asset_class,available_at,TEXT,0,0,,Column available_at in asset_class
asset_class,amount_minor,INTEGER,1,0,0,Column amount_minor in asset_class
asset_class,quantity_milli,INTEGER,1,0,0,Column quantity_milli in asset_class
asset_class,source_system,TEXT,1,0,,Column source_system in asset_class
asset_class,provenance,TEXT,1,0,,Column provenance in asset_class
asset_hierarchy,id,INTEGER,0,1,,Column id in asset_hierarchy
asset_hierarchy,canonical_id,TEXT,1,0,,Column canonical_id in asset_hierarchy
asset_hierarchy,immutable_uuid,TEXT,1,0,,Column immutable_uuid in asset_hierarchy
asset_hierarchy,name,TEXT,1,0,,Column name in asset_hierarchy
asset_hierarchy,status,TEXT,1,0,,Column status in asset_hierarchy
asset_hierarchy,event_at,TEXT,0,0,,Column event_at in asset_hierarchy
asset_hierarchy,recorded_at,TEXT,0,0,,Column recorded_at in asset_hierarchy
asset_hierarchy,available_at,TEXT,0,0,,Column available_at in asset_hierarchy
asset_hierarchy,amount_minor,INTEGER,1,0,0,Column amount_minor in asset_hierarchy
asset_hierarchy,quantity_milli,INTEGER,1,0,0,Column quantity_milli in asset_hierarchy
asset_hierarchy,source_system,TEXT,1,0,,Column source_system in asset_hierarchy
asset_hierarchy,provenance,TEXT,1,0,,Column provenance in asset_hierarchy
asset_model,id,INTEGER,0,1,,Column id in asset_model
asset_model,canonical_id,TEXT,1,0,,Column canonical_id in asset_model
asset_model,immutable_uuid,TEXT,1,0,,Column immutable_uuid in asset_model
asset_model,name,TEXT,1,0,,Column name in asset_model
asset_model,status,TEXT,1,0,,Column status in asset_model
asset_model,event_at,TEXT,0,0,,Column event_at in asset_model
asset_model,recorded_at,TEXT,0,0,,Column recorded_at in asset_model
asset_model,available_at,TEXT,0,0,,Column available_at in asset_model
asset_model,amount_minor,INTEGER,1,0,0,Column amount_minor in asset_model
asset_model,quantity_milli,INTEGER,1,0,0,Column quantity_milli in asset_model
asset_model,source_system,TEXT,1,0,,Column source_system in asset_model
asset_model,provenance,TEXT,1,0,,Column provenance in asset_model
assumption,id,INTEGER,0,1,,Column id in assumption
assumption,canonical_id,TEXT,1,0,,Column canonical_id in assumption
assumption,immutable_uuid,TEXT,1,0,,Column immutable_uuid in assumption
assumption,name,TEXT,1,0,,Column name in assumption
assumption,status,TEXT,1,0,,Column status in assumption
assumption,event_at,TEXT,0,0,,Column event_at in assumption
assumption,recorded_at,TEXT,0,0,,Column recorded_at in assumption
assumption,available_at,TEXT,0,0,,Column available_at in assumption
assumption,amount_minor,INTEGER,1,0,0,Column amount_minor in assumption
assumption,quantity_milli,INTEGER,1,0,0,Column quantity_milli in assumption
assumption,source_system,TEXT,1,0,,Column source_system in assumption
assumption,provenance,TEXT,1,0,,Column provenance in assumption
backlog_snapshot,id,INTEGER,0,1,,Column id in backlog_snapshot
backlog_snapshot,canonical_id,TEXT,1,0,,Column canonical_id in backlog_snapshot
backlog_snapshot,immutable_uuid,TEXT,1,0,,Column immutable_uuid in backlog_snapshot
backlog_snapshot,name,TEXT,1,0,,Column name in backlog_snapshot
backlog_snapshot,status,TEXT,1,0,,Column status in backlog_snapshot
backlog_snapshot,event_at,TEXT,0,0,,Column event_at in backlog_snapshot
backlog_snapshot,recorded_at,TEXT,0,0,,Column recorded_at in backlog_snapshot
backlog_snapshot,available_at,TEXT,0,0,,Column available_at in backlog_snapshot
backlog_snapshot,amount_minor,INTEGER,1,0,0,Column amount_minor in backlog_snapshot
backlog_snapshot,quantity_milli,INTEGER,1,0,0,Column quantity_milli in backlog_snapshot
backlog_snapshot,source_system,TEXT,1,0,,Column source_system in backlog_snapshot
backlog_snapshot,provenance,TEXT,1,0,,Column provenance in backlog_snapshot
bench,id,INTEGER,0,1,,Column id in bench
bench,canonical_id,TEXT,1,0,,Column canonical_id in bench
bench,immutable_uuid,TEXT,1,0,,Column immutable_uuid in bench
bench,name,TEXT,1,0,,Column name in bench
bench,status,TEXT,1,0,,Column status in bench
bench,event_at,TEXT,0,0,,Column event_at in bench
bench,recorded_at,TEXT,0,0,,Column recorded_at in bench
bench,available_at,TEXT,0,0,,Column available_at in bench
bench,amount_minor,INTEGER,1,0,0,Column amount_minor in bench
bench,quantity_milli,INTEGER,1,0,0,Column quantity_milli in bench
bench,source_system,TEXT,1,0,,Column source_system in bench
bench,provenance,TEXT,1,0,,Column provenance in bench
blend_option,id,INTEGER,0,1,,Column id in blend_option
blend_option,canonical_id,TEXT,1,0,,Column canonical_id in blend_option
blend_option,immutable_uuid,TEXT,1,0,,Column immutable_uuid in blend_option
blend_option,name,TEXT,1,0,,Column name in blend_option
blend_option,status,TEXT,1,0,,Column status in blend_option
blend_option,event_at,TEXT,0,0,,Column event_at in blend_option
blend_option,recorded_at,TEXT,0,0,,Column recorded_at in blend_option
blend_option,available_at,TEXT,0,0,,Column available_at in blend_option
blend_option,amount_minor,INTEGER,1,0,0,Column amount_minor in blend_option
blend_option,quantity_milli,INTEGER,1,0,0,Column quantity_milli in blend_option
blend_option,source_system,TEXT,1,0,,Column source_system in blend_option
blend_option,provenance,TEXT,1,0,,Column provenance in blend_option
budget_version,id,INTEGER,0,1,,Column id in budget_version
budget_version,canonical_id,TEXT,1,0,,Column canonical_id in budget_version
budget_version,immutable_uuid,TEXT,1,0,,Column immutable_uuid in budget_version
budget_version,name,TEXT,1,0,,Column name in budget_version
budget_version,status,TEXT,1,0,,Column status in budget_version
budget_version,event_at,TEXT,0,0,,Column event_at in budget_version
budget_version,recorded_at,TEXT,0,0,,Column recorded_at in budget_version
budget_version,available_at,TEXT,0,0,,Column available_at in budget_version
budget_version,amount_minor,INTEGER,1,0,0,Column amount_minor in budget_version
budget_version,quantity_milli,INTEGER,1,0,0,Column quantity_milli in budget_version
budget_version,source_system,TEXT,1,0,,Column source_system in budget_version
budget_version,provenance,TEXT,1,0,,Column provenance in budget_version
building,id,INTEGER,0,1,,Column id in building
building,canonical_id,TEXT,1,0,,Column canonical_id in building
building,immutable_uuid,TEXT,1,0,,Column immutable_uuid in building
building,name,TEXT,1,0,,Column name in building
building,status,TEXT,1,0,,Column status in building
building,event_at,TEXT,0,0,,Column event_at in building
building,recorded_at,TEXT,0,0,,Column recorded_at in building
building,available_at,TEXT,0,0,,Column available_at in building
building,amount_minor,INTEGER,1,0,0,Column amount_minor in building
building,quantity_milli,INTEGER,1,0,0,Column quantity_milli in building
building,source_system,TEXT,1,0,,Column source_system in building
building,provenance,TEXT,1,0,,Column provenance in building
calendar_date,id,INTEGER,0,1,,Column id in calendar_date
calendar_date,canonical_id,TEXT,1,0,,Column canonical_id in calendar_date
calendar_date,immutable_uuid,TEXT,1,0,,Column immutable_uuid in calendar_date
calendar_date,name,TEXT,1,0,,Column name in calendar_date
calendar_date,status,TEXT,1,0,,Column status in calendar_date
calendar_date,event_at,TEXT,0,0,,Column event_at in calendar_date
calendar_date,recorded_at,TEXT,0,0,,Column recorded_at in calendar_date
calendar_date,available_at,TEXT,0,0,,Column available_at in calendar_date
calendar_date,amount_minor,INTEGER,1,0,0,Column amount_minor in calendar_date
calendar_date,quantity_milli,INTEGER,1,0,0,Column quantity_milli in calendar_date
calendar_date,source_system,TEXT,1,0,,Column source_system in calendar_date
calendar_date,provenance,TEXT,1,0,,Column provenance in calendar_date
canon_reference,id,INTEGER,0,1,,Column id in canon_reference
canon_reference,canonical_id,TEXT,1,0,,Column canonical_id in canon_reference
canon_reference,immutable_uuid,TEXT,1,0,,Column immutable_uuid in canon_reference
canon_reference,name,TEXT,1,0,,Column name in canon_reference
canon_reference,status,TEXT,1,0,,Column status in canon_reference
canon_reference,event_at,TEXT,0,0,,Column event_at in canon_reference
canon_reference,recorded_at,TEXT,0,0,,Column recorded_at in canon_reference
canon_reference,available_at,TEXT,0,0,,Column available_at in canon_reference
canon_reference,amount_minor,INTEGER,1,0,0,Column amount_minor in canon_reference
canon_reference,quantity_milli,INTEGER,1,0,0,Column quantity_milli in canon_reference
canon_reference,source_system,TEXT,1,0,,Column source_system in canon_reference
canon_reference,provenance,TEXT,1,0,,Column provenance in canon_reference
capital_authorization,id,INTEGER,0,1,,Column id in capital_authorization
capital_authorization,canonical_id,TEXT,1,0,,Column canonical_id in capital_authorization
capital_authorization,immutable_uuid,TEXT,1,0,,Column immutable_uuid in capital_authorization
capital_authorization,name,TEXT,1,0,,Column name in capital_authorization
capital_authorization,status,TEXT,1,0,,Column status in capital_authorization
capital_authorization,event_at,TEXT,0,0,,Column event_at in capital_authorization
capital_authorization,recorded_at,TEXT,0,0,,Column recorded_at in capital_authorization
capital_authorization,available_at,TEXT,0,0,,Column available_at in capital_authorization
capital_authorization,amount_minor,INTEGER,1,0,0,Column amount_minor in capital_authorization
capital_authorization,quantity_milli,INTEGER,1,0,0,Column quantity_milli in capital_authorization
capital_authorization,source_system,TEXT,1,0,,Column source_system in capital_authorization
capital_authorization,provenance,TEXT,1,0,,Column provenance in capital_authorization
capital_project,id,INTEGER,0,1,,Column id in capital_project
capital_project,canonical_id,TEXT,1,0,,Column canonical_id in capital_project
capital_project,immutable_uuid,TEXT,1,0,,Column immutable_uuid in capital_project
capital_project,name,TEXT,1,0,,Column name in capital_project
capital_project,status,TEXT,1,0,,Column status in capital_project
capital_project,event_at,TEXT,0,0,,Column event_at in capital_project
capital_project,recorded_at,TEXT,0,0,,Column recorded_at in capital_project
capital_project,available_at,TEXT,0,0,,Column available_at in capital_project
capital_project,amount_minor,INTEGER,1,0,0,Column amount_minor in capital_project
capital_project,quantity_milli,INTEGER,1,0,0,Column quantity_milli in capital_project
capital_project,source_system,TEXT,1,0,,Column source_system in capital_project
capital_project,provenance,TEXT,1,0,,Column provenance in capital_project
cash_receipt,id,INTEGER,0,1,,Column id in cash_receipt
cash_receipt,canonical_id,TEXT,1,0,,Column canonical_id in cash_receipt
cash_receipt,immutable_uuid,TEXT,1,0,,Column immutable_uuid in cash_receipt
cash_receipt,name,TEXT,1,0,,Column name in cash_receipt
cash_receipt,status,TEXT,1,0,,Column status in cash_receipt
cash_receipt,event_at,TEXT,0,0,,Column event_at in cash_receipt
cash_receipt,recorded_at,TEXT,0,0,,Column recorded_at in cash_receipt
cash_receipt,available_at,TEXT,0,0,,Column available_at in cash_receipt
cash_receipt,amount_minor,INTEGER,1,0,0,Column amount_minor in cash_receipt
cash_receipt,quantity_milli,INTEGER,1,0,0,Column quantity_milli in cash_receipt
cash_receipt,source_system,TEXT,1,0,,Column source_system in cash_receipt
cash_receipt,provenance,TEXT,1,0,,Column provenance in cash_receipt
close_task,id,INTEGER,0,1,,Column id in close_task
close_task,canonical_id,TEXT,1,0,,Column canonical_id in close_task
close_task,immutable_uuid,TEXT,1,0,,Column immutable_uuid in close_task
close_task,name,TEXT,1,0,,Column name in close_task
close_task,status,TEXT,1,0,,Column status in close_task
close_task,event_at,TEXT,0,0,,Column event_at in close_task
close_task,recorded_at,TEXT,0,0,,Column recorded_at in close_task
close_task,available_at,TEXT,0,0,,Column available_at in close_task
close_task,amount_minor,INTEGER,1,0,0,Column amount_minor in close_task
close_task,quantity_milli,INTEGER,1,0,0,Column quantity_milli in close_task
close_task,source_system,TEXT,1,0,,Column source_system in close_task
close_task,provenance,TEXT,1,0,,Column provenance in close_task
commitment,id,INTEGER,0,1,,Column id in commitment
commitment,canonical_id,TEXT,1,0,,Column canonical_id in commitment
commitment,immutable_uuid,TEXT,1,0,,Column immutable_uuid in commitment
commitment,name,TEXT,1,0,,Column name in commitment
commitment,status,TEXT,1,0,,Column status in commitment
commitment,event_at,TEXT,0,0,,Column event_at in commitment
commitment,recorded_at,TEXT,0,0,,Column recorded_at in commitment
commitment,available_at,TEXT,0,0,,Column available_at in commitment
commitment,amount_minor,INTEGER,1,0,0,Column amount_minor in commitment
commitment,quantity_milli,INTEGER,1,0,0,Column quantity_milli in commitment
commitment,source_system,TEXT,1,0,,Column source_system in commitment
commitment,provenance,TEXT,1,0,,Column provenance in commitment
communication_message,id,INTEGER,0,1,,Column id in communication_message
communication_message,canonical_id,TEXT,1,0,,Column canonical_id in communication_message
communication_message,immutable_uuid,TEXT,1,0,,Column immutable_uuid in communication_message
communication_message,name,TEXT,1,0,,Column name in communication_message
communication_message,status,TEXT,1,0,,Column status in communication_message
communication_message,event_at,TEXT,0,0,,Column event_at in communication_message
communication_message,recorded_at,TEXT,0,0,,Column recorded_at in communication_message
communication_message,available_at,TEXT,0,0,,Column available_at in communication_message
communication_message,amount_minor,INTEGER,1,0,0,Column amount_minor in communication_message
communication_message,quantity_milli,INTEGER,1,0,0,Column quantity_milli in communication_message
communication_message,source_system,TEXT,1,0,,Column source_system in communication_message
communication_message,provenance,TEXT,1,0,,Column provenance in communication_message
component_installation_history,id,INTEGER,0,1,,Column id in component_installation_history
component_installation_history,canonical_id,TEXT,1,0,,Column canonical_id in component_installation_history
component_installation_history,immutable_uuid,TEXT,1,0,,Column immutable_uuid in component_installation_history
component_installation_history,name,TEXT,1,0,,Column name in component_installation_history
component_installation_history,status,TEXT,1,0,,Column status in component_installation_history
component_installation_history,event_at,TEXT,0,0,,Column event_at in component_installation_history
component_installation_history,recorded_at,TEXT,0,0,,Column recorded_at in component_installation_history
component_installation_history,available_at,TEXT,0,0,,Column available_at in component_installation_history
component_installation_history,amount_minor,INTEGER,1,0,0,Column amount_minor in component_installation_history
component_installation_history,quantity_milli,INTEGER,1,0,0,Column quantity_milli in component_installation_history
component_installation_history,source_system,TEXT,1,0,,Column source_system in component_installation_history
component_installation_history,provenance,TEXT,1,0,,Column provenance in component_installation_history
concentrate_lot,id,INTEGER,0,1,,Column id in concentrate_lot
concentrate_lot,canonical_id,TEXT,1,0,,Column canonical_id in concentrate_lot
concentrate_lot,immutable_uuid,TEXT,1,0,,Column immutable_uuid in concentrate_lot
concentrate_lot,name,TEXT,1,0,,Column name in concentrate_lot
concentrate_lot,status,TEXT,1,0,,Column status in concentrate_lot
concentrate_lot,event_at,TEXT,0,0,,Column event_at in concentrate_lot
concentrate_lot,recorded_at,TEXT,0,0,,Column recorded_at in concentrate_lot
concentrate_lot,available_at,TEXT,0,0,,Column available_at in concentrate_lot
concentrate_lot,amount_minor,INTEGER,1,0,0,Column amount_minor in concentrate_lot
concentrate_lot,quantity_milli,INTEGER,1,0,0,Column quantity_milli in concentrate_lot
concentrate_lot,source_system,TEXT,1,0,,Column source_system in concentrate_lot
concentrate_lot,provenance,TEXT,1,0,,Column provenance in concentrate_lot
construction_in_progress,id,INTEGER,0,1,,Column id in construction_in_progress
construction_in_progress,canonical_id,TEXT,1,0,,Column canonical_id in construction_in_progress
construction_in_progress,immutable_uuid,TEXT,1,0,,Column immutable_uuid in construction_in_progress
construction_in_progress,name,TEXT,1,0,,Column name in construction_in_progress
construction_in_progress,status,TEXT,1,0,,Column status in construction_in_progress
construction_in_progress,event_at,TEXT,0,0,,Column event_at in construction_in_progress
construction_in_progress,recorded_at,TEXT,0,0,,Column recorded_at in construction_in_progress
construction_in_progress,available_at,TEXT,0,0,,Column available_at in construction_in_progress
construction_in_progress,amount_minor,INTEGER,1,0,0,Column amount_minor in construction_in_progress
construction_in_progress,quantity_milli,INTEGER,1,0,0,Column quantity_milli in construction_in_progress
construction_in_progress,source_system,TEXT,1,0,,Column source_system in construction_in_progress
construction_in_progress,provenance,TEXT,1,0,,Column provenance in construction_in_progress
contract,id,INTEGER,0,1,,Column id in contract
contract,canonical_id,TEXT,1,0,,Column canonical_id in contract
contract,immutable_uuid,TEXT,1,0,,Column immutable_uuid in contract
contract,name,TEXT,1,0,,Column name in contract
contract,status,TEXT,1,0,,Column status in contract
contract,event_at,TEXT,0,0,,Column event_at in contract
contract,recorded_at,TEXT,0,0,,Column recorded_at in contract
contract,available_at,TEXT,0,0,,Column available_at in contract
contract,amount_minor,INTEGER,1,0,0,Column amount_minor in contract
contract,quantity_milli,INTEGER,1,0,0,Column quantity_milli in contract
contract,source_system,TEXT,1,0,,Column source_system in contract
contract,provenance,TEXT,1,0,,Column provenance in contract
contractor,id,INTEGER,0,1,,Column id in contractor
contractor,canonical_id,TEXT,1,0,,Column canonical_id in contractor
contractor,immutable_uuid,TEXT,1,0,,Column immutable_uuid in contractor
contractor,name,TEXT,1,0,,Column name in contractor
contractor,status,TEXT,1,0,,Column status in contractor
contractor,event_at,TEXT,0,0,,Column event_at in contractor
contractor,recorded_at,TEXT,0,0,,Column recorded_at in contractor
contractor,available_at,TEXT,0,0,,Column available_at in contractor
contractor,amount_minor,INTEGER,1,0,0,Column amount_minor in contractor
contractor,quantity_milli,INTEGER,1,0,0,Column quantity_milli in contractor
contractor,source_system,TEXT,1,0,,Column source_system in contractor
contractor,provenance,TEXT,1,0,,Column provenance in contractor
control,id,INTEGER,0,1,,Column id in control
control,canonical_id,TEXT,1,0,,Column canonical_id in control
control,immutable_uuid,TEXT,1,0,,Column immutable_uuid in control
control,name,TEXT,1,0,,Column name in control
control,status,TEXT,1,0,,Column status in control
control,event_at,TEXT,0,0,,Column event_at in control
control,recorded_at,TEXT,0,0,,Column recorded_at in control
control,available_at,TEXT,0,0,,Column available_at in control
control,amount_minor,INTEGER,1,0,0,Column amount_minor in control
control,quantity_milli,INTEGER,1,0,0,Column quantity_milli in control
control,source_system,TEXT,1,0,,Column source_system in control
control,provenance,TEXT,1,0,,Column provenance in control
control_execution,id,INTEGER,0,1,,Column id in control_execution
control_execution,canonical_id,TEXT,1,0,,Column canonical_id in control_execution
control_execution,immutable_uuid,TEXT,1,0,,Column immutable_uuid in control_execution
control_execution,name,TEXT,1,0,,Column name in control_execution
control_execution,status,TEXT,1,0,,Column status in control_execution
control_execution,event_at,TEXT,0,0,,Column event_at in control_execution
control_execution,recorded_at,TEXT,0,0,,Column recorded_at in control_execution
control_execution,available_at,TEXT,0,0,,Column available_at in control_execution
control_execution,amount_minor,INTEGER,1,0,0,Column amount_minor in control_execution
control_execution,quantity_milli,INTEGER,1,0,0,Column quantity_milli in control_execution
control_execution,source_system,TEXT,1,0,,Column source_system in control_execution
control_execution,provenance,TEXT,1,0,,Column provenance in control_execution
cost_center,id,INTEGER,0,1,,Column id in cost_center
cost_center,canonical_id,TEXT,1,0,,Column canonical_id in cost_center
cost_center,immutable_uuid,TEXT,1,0,,Column immutable_uuid in cost_center
cost_center,name,TEXT,1,0,,Column name in cost_center
cost_center,status,TEXT,1,0,,Column status in cost_center
cost_center,event_at,TEXT,0,0,,Column event_at in cost_center
cost_center,recorded_at,TEXT,0,0,,Column recorded_at in cost_center
cost_center,available_at,TEXT,0,0,,Column available_at in cost_center
cost_center,amount_minor,INTEGER,1,0,0,Column amount_minor in cost_center
cost_center,quantity_milli,INTEGER,1,0,0,Column quantity_milli in cost_center
cost_center,source_system,TEXT,1,0,,Column source_system in cost_center
cost_center,provenance,TEXT,1,0,,Column provenance in cost_center
crew,id,INTEGER,0,1,,Column id in crew
crew,canonical_id,TEXT,1,0,,Column canonical_id in crew
crew,immutable_uuid,TEXT,1,0,,Column immutable_uuid in crew
crew,name,TEXT,1,0,,Column name in crew
crew,status,TEXT,1,0,,Column status in crew
crew,event_at,TEXT,0,0,,Column event_at in crew
crew,recorded_at,TEXT,0,0,,Column recorded_at in crew
crew,available_at,TEXT,0,0,,Column available_at in crew
crew,amount_minor,INTEGER,1,0,0,Column amount_minor in crew
crew,quantity_milli,INTEGER,1,0,0,Column quantity_milli in crew
crew,source_system,TEXT,1,0,,Column source_system in crew
crew,provenance,TEXT,1,0,,Column provenance in crew
currency,id,INTEGER,0,1,,Column id in currency
currency,canonical_id,TEXT,1,0,,Column canonical_id in currency
currency,immutable_uuid,TEXT,1,0,,Column immutable_uuid in currency
currency,name,TEXT,1,0,,Column name in currency
currency,status,TEXT,1,0,,Column status in currency
currency,event_at,TEXT,0,0,,Column event_at in currency
currency,recorded_at,TEXT,0,0,,Column recorded_at in currency
currency,available_at,TEXT,0,0,,Column available_at in currency
currency,amount_minor,INTEGER,1,0,0,Column amount_minor in currency
currency,quantity_milli,INTEGER,1,0,0,Column quantity_milli in currency
currency,source_system,TEXT,1,0,,Column source_system in currency
currency,provenance,TEXT,1,0,,Column provenance in currency
customer,id,INTEGER,0,1,,Column id in customer
customer,canonical_id,TEXT,1,0,,Column canonical_id in customer
customer,immutable_uuid,TEXT,1,0,,Column immutable_uuid in customer
customer,name,TEXT,1,0,,Column name in customer
customer,status,TEXT,1,0,,Column status in customer
customer,event_at,TEXT,0,0,,Column event_at in customer
customer,recorded_at,TEXT,0,0,,Column recorded_at in customer
customer,available_at,TEXT,0,0,,Column available_at in customer
customer,amount_minor,INTEGER,1,0,0,Column amount_minor in customer
customer,quantity_milli,INTEGER,1,0,0,Column quantity_milli in customer
customer,source_system,TEXT,1,0,,Column source_system in customer
customer,provenance,TEXT,1,0,,Column provenance in customer
data_quality_rule,id,INTEGER,0,1,,Column id in data_quality_rule
data_quality_rule,canonical_id,TEXT,1,0,,Column canonical_id in data_quality_rule
data_quality_rule,immutable_uuid,TEXT,1,0,,Column immutable_uuid in data_quality_rule
data_quality_rule,name,TEXT,1,0,,Column name in data_quality_rule
data_quality_rule,status,TEXT,1,0,,Column status in data_quality_rule
data_quality_rule,event_at,TEXT,0,0,,Column event_at in data_quality_rule
data_quality_rule,recorded_at,TEXT,0,0,,Column recorded_at in data_quality_rule
data_quality_rule,available_at,TEXT,0,0,,Column available_at in data_quality_rule
data_quality_rule,amount_minor,INTEGER,1,0,0,Column amount_minor in data_quality_rule
data_quality_rule,quantity_milli,INTEGER,1,0,0,Column quantity_milli in data_quality_rule
data_quality_rule,source_system,TEXT,1,0,,Column source_system in data_quality_rule
data_quality_rule,provenance,TEXT,1,0,,Column provenance in data_quality_rule
dataset_version,id,INTEGER,0,1,,Column id in dataset_version
dataset_version,canonical_id,TEXT,1,0,,Column canonical_id in dataset_version
dataset_version,immutable_uuid,TEXT,1,0,,Column immutable_uuid in dataset_version
dataset_version,name,TEXT,1,0,,Column name in dataset_version
dataset_version,status,TEXT,1,0,,Column status in dataset_version
dataset_version,event_at,TEXT,0,0,,Column event_at in dataset_version
dataset_version,recorded_at,TEXT,0,0,,Column recorded_at in dataset_version
dataset_version,available_at,TEXT,0,0,,Column available_at in dataset_version
dataset_version,amount_minor,INTEGER,1,0,0,Column amount_minor in dataset_version
dataset_version,quantity_milli,INTEGER,1,0,0,Column quantity_milli in dataset_version
dataset_version,source_system,TEXT,1,0,,Column source_system in dataset_version
dataset_version,provenance,TEXT,1,0,,Column provenance in dataset_version
decision,id,INTEGER,0,1,,Column id in decision
decision,canonical_id,TEXT,1,0,,Column canonical_id in decision
decision,immutable_uuid,TEXT,1,0,,Column immutable_uuid in decision
decision,name,TEXT,1,0,,Column name in decision
decision,status,TEXT,1,0,,Column status in decision
decision,event_at,TEXT,0,0,,Column event_at in decision
decision,recorded_at,TEXT,0,0,,Column recorded_at in decision
decision,available_at,TEXT,0,0,,Column available_at in decision
decision,amount_minor,INTEGER,1,0,0,Column amount_minor in decision
decision,quantity_milli,INTEGER,1,0,0,Column quantity_milli in decision
decision,source_system,TEXT,1,0,,Column source_system in decision
decision,provenance,TEXT,1,0,,Column provenance in decision
decision_record,id,INTEGER,0,1,,Column id in decision_record
decision_record,canonical_id,TEXT,1,0,,Column canonical_id in decision_record
decision_record,immutable_uuid,TEXT,1,0,,Column immutable_uuid in decision_record
decision_record,name,TEXT,1,0,,Column name in decision_record
decision_record,status,TEXT,1,0,,Column status in decision_record
decision_record,event_at,TEXT,0,0,,Column event_at in decision_record
decision_record,recorded_at,TEXT,0,0,,Column recorded_at in decision_record
decision_record,available_at,TEXT,0,0,,Column available_at in decision_record
decision_record,amount_minor,INTEGER,1,0,0,Column amount_minor in decision_record
decision_record,quantity_milli,INTEGER,1,0,0,Column quantity_milli in decision_record
decision_record,source_system,TEXT,1,0,,Column source_system in decision_record
decision_record,provenance,TEXT,1,0,,Column provenance in decision_record
department,id,INTEGER,0,1,,Column id in department
department,canonical_id,TEXT,1,0,,Column canonical_id in department
department,immutable_uuid,TEXT,1,0,,Column immutable_uuid in department
department,name,TEXT,1,0,,Column name in department
department,status,TEXT,1,0,,Column status in department
department,event_at,TEXT,0,0,,Column event_at in department
department,recorded_at,TEXT,0,0,,Column recorded_at in department
department,available_at,TEXT,0,0,,Column available_at in department
department,amount_minor,INTEGER,1,0,0,Column amount_minor in department
department,quantity_milli,INTEGER,1,0,0,Column quantity_milli in department
department,source_system,TEXT,1,0,,Column source_system in department
department,provenance,TEXT,1,0,,Column provenance in department
depreciation_run,id,INTEGER,0,1,,Column id in depreciation_run
depreciation_run,canonical_id,TEXT,1,0,,Column canonical_id in depreciation_run
depreciation_run,immutable_uuid,TEXT,1,0,,Column immutable_uuid in depreciation_run
depreciation_run,name,TEXT,1,0,,Column name in depreciation_run
depreciation_run,status,TEXT,1,0,,Column status in depreciation_run
depreciation_run,event_at,TEXT,0,0,,Column event_at in depreciation_run
depreciation_run,recorded_at,TEXT,0,0,,Column recorded_at in depreciation_run
depreciation_run,available_at,TEXT,0,0,,Column available_at in depreciation_run
depreciation_run,amount_minor,INTEGER,1,0,0,Column amount_minor in depreciation_run
depreciation_run,quantity_milli,INTEGER,1,0,0,Column quantity_milli in depreciation_run
depreciation_run,source_system,TEXT,1,0,,Column source_system in depreciation_run
depreciation_run,provenance,TEXT,1,0,,Column provenance in depreciation_run
discounted_cash_flow,id,INTEGER,0,1,,Column id in discounted_cash_flow
discounted_cash_flow,canonical_id,TEXT,1,0,,Column canonical_id in discounted_cash_flow
discounted_cash_flow,immutable_uuid,TEXT,1,0,,Column immutable_uuid in discounted_cash_flow
discounted_cash_flow,name,TEXT,1,0,,Column name in discounted_cash_flow
discounted_cash_flow,status,TEXT,1,0,,Column status in discounted_cash_flow
discounted_cash_flow,event_at,TEXT,0,0,,Column event_at in discounted_cash_flow
discounted_cash_flow,recorded_at,TEXT,0,0,,Column recorded_at in discounted_cash_flow
discounted_cash_flow,available_at,TEXT,0,0,,Column available_at in discounted_cash_flow
discounted_cash_flow,amount_minor,INTEGER,1,0,0,Column amount_minor in discounted_cash_flow
discounted_cash_flow,quantity_milli,INTEGER,1,0,0,Column quantity_milli in discounted_cash_flow
discounted_cash_flow,source_system,TEXT,1,0,,Column source_system in discounted_cash_flow
discounted_cash_flow,provenance,TEXT,1,0,,Column provenance in discounted_cash_flow
dispatch_plan,id,INTEGER,0,1,,Column id in dispatch_plan
dispatch_plan,canonical_id,TEXT,1,0,,Column canonical_id in dispatch_plan
dispatch_plan,immutable_uuid,TEXT,1,0,,Column immutable_uuid in dispatch_plan
dispatch_plan,name,TEXT,1,0,,Column name in dispatch_plan
dispatch_plan,status,TEXT,1,0,,Column status in dispatch_plan
dispatch_plan,event_at,TEXT,0,0,,Column event_at in dispatch_plan
dispatch_plan,recorded_at,TEXT,0,0,,Column recorded_at in dispatch_plan
dispatch_plan,available_at,TEXT,0,0,,Column available_at in dispatch_plan
dispatch_plan,amount_minor,INTEGER,1,0,0,Column amount_minor in dispatch_plan
dispatch_plan,quantity_milli,INTEGER,1,0,0,Column quantity_milli in dispatch_plan
dispatch_plan,source_system,TEXT,1,0,,Column source_system in dispatch_plan
dispatch_plan,provenance,TEXT,1,0,,Column provenance in dispatch_plan
document,id,INTEGER,0,1,,Column id in document
document,canonical_id,TEXT,1,0,,Column canonical_id in document
document,immutable_uuid,TEXT,1,0,,Column immutable_uuid in document
document,name,TEXT,1,0,,Column name in document
document,status,TEXT,1,0,,Column status in document
document,event_at,TEXT,0,0,,Column event_at in document
document,recorded_at,TEXT,0,0,,Column recorded_at in document
document,available_at,TEXT,0,0,,Column available_at in document
document,amount_minor,INTEGER,1,0,0,Column amount_minor in document
document,quantity_milli,INTEGER,1,0,0,Column quantity_milli in document
document,source_system,TEXT,1,0,,Column source_system in document
document,provenance,TEXT,1,0,,Column provenance in document
document_version,id,INTEGER,0,1,,Column id in document_version
document_version,canonical_id,TEXT,1,0,,Column canonical_id in document_version
document_version,immutable_uuid,TEXT,1,0,,Column immutable_uuid in document_version
document_version,name,TEXT,1,0,,Column name in document_version
document_version,status,TEXT,1,0,,Column status in document_version
document_version,event_at,TEXT,0,0,,Column event_at in document_version
document_version,recorded_at,TEXT,0,0,,Column recorded_at in document_version
document_version,available_at,TEXT,0,0,,Column available_at in document_version
document_version,amount_minor,INTEGER,1,0,0,Column amount_minor in document_version
document_version,quantity_milli,INTEGER,1,0,0,Column quantity_milli in document_version
document_version,source_system,TEXT,1,0,,Column source_system in document_version
document_version,provenance,TEXT,1,0,,Column provenance in document_version
downtime_event,id,INTEGER,0,1,,Column id in downtime_event
downtime_event,canonical_id,TEXT,1,0,,Column canonical_id in downtime_event
downtime_event,immutable_uuid,TEXT,1,0,,Column immutable_uuid in downtime_event
downtime_event,name,TEXT,1,0,,Column name in downtime_event
downtime_event,status,TEXT,1,0,,Column status in downtime_event
downtime_event,event_at,TEXT,0,0,,Column event_at in downtime_event
downtime_event,recorded_at,TEXT,0,0,,Column recorded_at in downtime_event
downtime_event,available_at,TEXT,0,0,,Column available_at in downtime_event
downtime_event,amount_minor,INTEGER,1,0,0,Column amount_minor in downtime_event
downtime_event,quantity_milli,INTEGER,1,0,0,Column quantity_milli in downtime_event
downtime_event,source_system,TEXT,1,0,,Column source_system in downtime_event
downtime_event,provenance,TEXT,1,0,,Column provenance in downtime_event
dump_event,id,INTEGER,0,1,,Column id in dump_event
dump_event,canonical_id,TEXT,1,0,,Column canonical_id in dump_event
dump_event,immutable_uuid,TEXT,1,0,,Column immutable_uuid in dump_event
dump_event,name,TEXT,1,0,,Column name in dump_event
dump_event,status,TEXT,1,0,,Column status in dump_event
dump_event,event_at,TEXT,0,0,,Column event_at in dump_event
dump_event,recorded_at,TEXT,0,0,,Column recorded_at in dump_event
dump_event,available_at,TEXT,0,0,,Column available_at in dump_event
dump_event,amount_minor,INTEGER,1,0,0,Column amount_minor in dump_event
dump_event,quantity_milli,INTEGER,1,0,0,Column quantity_milli in dump_event
dump_event,source_system,TEXT,1,0,,Column source_system in dump_event
dump_event,provenance,TEXT,1,0,,Column provenance in dump_event
employee,id,INTEGER,0,1,,Column id in employee
employee,canonical_id,TEXT,1,0,,Column canonical_id in employee
employee,immutable_uuid,TEXT,1,0,,Column immutable_uuid in employee
employee,name,TEXT,1,0,,Column name in employee
employee,status,TEXT,1,0,,Column status in employee
employee,event_at,TEXT,0,0,,Column event_at in employee
employee,recorded_at,TEXT,0,0,,Column recorded_at in employee
employee,available_at,TEXT,0,0,,Column available_at in employee
employee,amount_minor,INTEGER,1,0,0,Column amount_minor in employee
employee,quantity_milli,INTEGER,1,0,0,Column quantity_milli in employee
employee,source_system,TEXT,1,0,,Column source_system in employee
employee,provenance,TEXT,1,0,,Column provenance in employee
entity_search_fts,canonical_id,,0,0,,Column canonical_id in entity_search_fts
entity_search_fts,display_name,,0,0,,Column display_name in entity_search_fts
entity_search_fts,source_system,,0,0,,Column source_system in entity_search_fts
entity_search_fts_config,k,,1,1,,Column k in entity_search_fts_config
entity_search_fts_config,v,,0,0,,Column v in entity_search_fts_config
entity_search_fts_content,id,INTEGER,0,1,,Column id in entity_search_fts_content
entity_search_fts_content,c0,,0,0,,Column c0 in entity_search_fts_content
entity_search_fts_content,c1,,0,0,,Column c1 in entity_search_fts_content
entity_search_fts_content,c2,,0,0,,Column c2 in entity_search_fts_content
entity_search_fts_data,id,INTEGER,0,1,,Column id in entity_search_fts_data
entity_search_fts_data,block,BLOB,0,0,,Column block in entity_search_fts_data
entity_search_fts_docsize,id,INTEGER,0,1,,Column id in entity_search_fts_docsize
entity_search_fts_docsize,sz,BLOB,0,0,,Column sz in entity_search_fts_docsize
entity_search_fts_idx,segid,,1,1,,Column segid in entity_search_fts_idx
entity_search_fts_idx,term,,1,2,,Column term in entity_search_fts_idx
entity_search_fts_idx,pgno,,0,0,,Column pgno in entity_search_fts_idx
environmental_permit,id,INTEGER,0,1,,Column id in environmental_permit
environmental_permit,canonical_id,TEXT,1,0,,Column canonical_id in environmental_permit
environmental_permit,immutable_uuid,TEXT,1,0,,Column immutable_uuid in environmental_permit
environmental_permit,name,TEXT,1,0,,Column name in environmental_permit
environmental_permit,status,TEXT,1,0,,Column status in environmental_permit
environmental_permit,event_at,TEXT,0,0,,Column event_at in environmental_permit
environmental_permit,recorded_at,TEXT,0,0,,Column recorded_at in environmental_permit
environmental_permit,available_at,TEXT,0,0,,Column available_at in environmental_permit
environmental_permit,amount_minor,INTEGER,1,0,0,Column amount_minor in environmental_permit
environmental_permit,quantity_milli,INTEGER,1,0,0,Column quantity_milli in environmental_permit
environmental_permit,source_system,TEXT,1,0,,Column source_system in environmental_permit
environmental_permit,provenance,TEXT,1,0,,Column provenance in environmental_permit
equipment_assignment,id,INTEGER,0,1,,Column id in equipment_assignment
equipment_assignment,canonical_id,TEXT,1,0,,Column canonical_id in equipment_assignment
equipment_assignment,immutable_uuid,TEXT,1,0,,Column immutable_uuid in equipment_assignment
equipment_assignment,name,TEXT,1,0,,Column name in equipment_assignment
equipment_assignment,status,TEXT,1,0,,Column status in equipment_assignment
equipment_assignment,event_at,TEXT,0,0,,Column event_at in equipment_assignment
equipment_assignment,recorded_at,TEXT,0,0,,Column recorded_at in equipment_assignment
equipment_assignment,available_at,TEXT,0,0,,Column available_at in equipment_assignment
equipment_assignment,amount_minor,INTEGER,1,0,0,Column amount_minor in equipment_assignment
equipment_assignment,quantity_milli,INTEGER,1,0,0,Column quantity_milli in equipment_assignment
equipment_assignment,source_system,TEXT,1,0,,Column source_system in equipment_assignment
equipment_assignment,provenance,TEXT,1,0,,Column provenance in equipment_assignment
event_ledger,id,INTEGER,0,1,,Column id in event_ledger
event_ledger,event_id,TEXT,1,0,,Column event_id in event_ledger
event_ledger,domain,TEXT,1,0,,Column domain in event_ledger
event_ledger,entity_id,TEXT,1,0,,Column entity_id in event_ledger
event_ledger,event_at,TEXT,1,0,,Column event_at in event_ledger
event_ledger,available_at,TEXT,1,0,,Column available_at in event_ledger
event_ledger,state_from,TEXT,0,0,,Column state_from in event_ledger
event_ledger,state_to,TEXT,1,0,,Column state_to in event_ledger
event_ledger,quantity_milli,INTEGER,1,0,0,Column quantity_milli in event_ledger
event_ledger,source_system,TEXT,1,0,,Column source_system in event_ledger
evidence_artifact,id,INTEGER,0,1,,Column id in evidence_artifact
evidence_artifact,canonical_id,TEXT,1,0,,Column canonical_id in evidence_artifact
evidence_artifact,immutable_uuid,TEXT,1,0,,Column immutable_uuid in evidence_artifact
evidence_artifact,name,TEXT,1,0,,Column name in evidence_artifact
evidence_artifact,status,TEXT,1,0,,Column status in evidence_artifact
evidence_artifact,event_at,TEXT,0,0,,Column event_at in evidence_artifact
evidence_artifact,recorded_at,TEXT,0,0,,Column recorded_at in evidence_artifact
evidence_artifact,available_at,TEXT,0,0,,Column available_at in evidence_artifact
evidence_artifact,amount_minor,INTEGER,1,0,0,Column amount_minor in evidence_artifact
evidence_artifact,quantity_milli,INTEGER,1,0,0,Column quantity_milli in evidence_artifact
evidence_artifact,source_system,TEXT,1,0,,Column source_system in evidence_artifact
evidence_artifact,provenance,TEXT,1,0,,Column provenance in evidence_artifact
facility,id,INTEGER,0,1,,Column id in facility
facility,canonical_id,TEXT,1,0,,Column canonical_id in facility
facility,immutable_uuid,TEXT,1,0,,Column immutable_uuid in facility
facility,name,TEXT,1,0,,Column name in facility
facility,status,TEXT,1,0,,Column status in facility
facility,event_at,TEXT,0,0,,Column event_at in facility
facility,recorded_at,TEXT,0,0,,Column recorded_at in facility
facility,available_at,TEXT,0,0,,Column available_at in facility
facility,amount_minor,INTEGER,1,0,0,Column amount_minor in facility
facility,quantity_milli,INTEGER,1,0,0,Column quantity_milli in facility
facility,source_system,TEXT,1,0,,Column source_system in facility
facility,provenance,TEXT,1,0,,Column provenance in facility
failure_mode,id,INTEGER,0,1,,Column id in failure_mode
failure_mode,canonical_id,TEXT,1,0,,Column canonical_id in failure_mode
failure_mode,immutable_uuid,TEXT,1,0,,Column immutable_uuid in failure_mode
failure_mode,name,TEXT,1,0,,Column name in failure_mode
failure_mode,status,TEXT,1,0,,Column status in failure_mode
failure_mode,event_at,TEXT,0,0,,Column event_at in failure_mode
failure_mode,recorded_at,TEXT,0,0,,Column recorded_at in failure_mode
failure_mode,available_at,TEXT,0,0,,Column available_at in failure_mode
failure_mode,amount_minor,INTEGER,1,0,0,Column amount_minor in failure_mode
failure_mode,quantity_milli,INTEGER,1,0,0,Column quantity_milli in failure_mode
failure_mode,source_system,TEXT,1,0,,Column source_system in failure_mode
failure_mode,provenance,TEXT,1,0,,Column provenance in failure_mode
feed_campaign,id,INTEGER,0,1,,Column id in feed_campaign
feed_campaign,canonical_id,TEXT,1,0,,Column canonical_id in feed_campaign
feed_campaign,immutable_uuid,TEXT,1,0,,Column immutable_uuid in feed_campaign
feed_campaign,name,TEXT,1,0,,Column name in feed_campaign
feed_campaign,status,TEXT,1,0,,Column status in feed_campaign
feed_campaign,event_at,TEXT,0,0,,Column event_at in feed_campaign
feed_campaign,recorded_at,TEXT,0,0,,Column recorded_at in feed_campaign
feed_campaign,available_at,TEXT,0,0,,Column available_at in feed_campaign
feed_campaign,amount_minor,INTEGER,1,0,0,Column amount_minor in feed_campaign
feed_campaign,quantity_milli,INTEGER,1,0,0,Column quantity_milli in feed_campaign
feed_campaign,source_system,TEXT,1,0,,Column source_system in feed_campaign
feed_campaign,provenance,TEXT,1,0,,Column provenance in feed_campaign
final_settlement,id,INTEGER,0,1,,Column id in final_settlement
final_settlement,canonical_id,TEXT,1,0,,Column canonical_id in final_settlement
final_settlement,immutable_uuid,TEXT,1,0,,Column immutable_uuid in final_settlement
final_settlement,name,TEXT,1,0,,Column name in final_settlement
final_settlement,status,TEXT,1,0,,Column status in final_settlement
final_settlement,event_at,TEXT,0,0,,Column event_at in final_settlement
final_settlement,recorded_at,TEXT,0,0,,Column recorded_at in final_settlement
final_settlement,available_at,TEXT,0,0,,Column available_at in final_settlement
final_settlement,amount_minor,INTEGER,1,0,0,Column amount_minor in final_settlement
final_settlement,quantity_milli,INTEGER,1,0,0,Column quantity_milli in final_settlement
final_settlement,source_system,TEXT,1,0,,Column source_system in final_settlement
final_settlement,provenance,TEXT,1,0,,Column provenance in final_settlement
financial_statement,id,INTEGER,0,1,,Column id in financial_statement
financial_statement,period,TEXT,1,0,,Column period in financial_statement
financial_statement,statement,TEXT,1,0,,Column statement in financial_statement
financial_statement,line_code,TEXT,1,0,,Column line_code in financial_statement
financial_statement,amount_minor,INTEGER,1,0,,Column amount_minor in financial_statement
financial_statement_value,id,INTEGER,0,1,,Column id in financial_statement_value
financial_statement_value,canonical_id,TEXT,1,0,,Column canonical_id in financial_statement_value
financial_statement_value,immutable_uuid,TEXT,1,0,,Column immutable_uuid in financial_statement_value
financial_statement_value,name,TEXT,1,0,,Column name in financial_statement_value
financial_statement_value,status,TEXT,1,0,,Column status in financial_statement_value
financial_statement_value,event_at,TEXT,0,0,,Column event_at in financial_statement_value
financial_statement_value,recorded_at,TEXT,0,0,,Column recorded_at in financial_statement_value
financial_statement_value,available_at,TEXT,0,0,,Column available_at in financial_statement_value
financial_statement_value,amount_minor,INTEGER,1,0,0,Column amount_minor in financial_statement_value
financial_statement_value,quantity_milli,INTEGER,1,0,0,Column quantity_milli in financial_statement_value
financial_statement_value,source_system,TEXT,1,0,,Column source_system in financial_statement_value
financial_statement_value,provenance,TEXT,1,0,,Column provenance in financial_statement_value
fiscal_period,id,INTEGER,0,1,,Column id in fiscal_period
fiscal_period,canonical_id,TEXT,1,0,,Column canonical_id in fiscal_period
fiscal_period,immutable_uuid,TEXT,1,0,,Column immutable_uuid in fiscal_period
fiscal_period,name,TEXT,1,0,,Column name in fiscal_period
fiscal_period,status,TEXT,1,0,,Column status in fiscal_period
fiscal_period,event_at,TEXT,0,0,,Column event_at in fiscal_period
fiscal_period,recorded_at,TEXT,0,0,,Column recorded_at in fiscal_period
fiscal_period,available_at,TEXT,0,0,,Column available_at in fiscal_period
fiscal_period,amount_minor,INTEGER,1,0,0,Column amount_minor in fiscal_period
fiscal_period,quantity_milli,INTEGER,1,0,0,Column quantity_milli in fiscal_period
fiscal_period,source_system,TEXT,1,0,,Column source_system in fiscal_period
fiscal_period,provenance,TEXT,1,0,,Column provenance in fiscal_period
fixed_asset,id,INTEGER,0,1,,Column id in fixed_asset
fixed_asset,canonical_id,TEXT,1,0,,Column canonical_id in fixed_asset
fixed_asset,immutable_uuid,TEXT,1,0,,Column immutable_uuid in fixed_asset
fixed_asset,name,TEXT,1,0,,Column name in fixed_asset
fixed_asset,status,TEXT,1,0,,Column status in fixed_asset
fixed_asset,event_at,TEXT,0,0,,Column event_at in fixed_asset
fixed_asset,recorded_at,TEXT,0,0,,Column recorded_at in fixed_asset
fixed_asset,available_at,TEXT,0,0,,Column available_at in fixed_asset
fixed_asset,amount_minor,INTEGER,1,0,0,Column amount_minor in fixed_asset
fixed_asset,quantity_milli,INTEGER,1,0,0,Column quantity_milli in fixed_asset
fixed_asset,source_system,TEXT,1,0,,Column source_system in fixed_asset
fixed_asset,provenance,TEXT,1,0,,Column provenance in fixed_asset
forecast_version,id,INTEGER,0,1,,Column id in forecast_version
forecast_version,canonical_id,TEXT,1,0,,Column canonical_id in forecast_version
forecast_version,immutable_uuid,TEXT,1,0,,Column immutable_uuid in forecast_version
forecast_version,name,TEXT,1,0,,Column name in forecast_version
forecast_version,status,TEXT,1,0,,Column status in forecast_version
forecast_version,event_at,TEXT,0,0,,Column event_at in forecast_version
forecast_version,recorded_at,TEXT,0,0,,Column recorded_at in forecast_version
forecast_version,available_at,TEXT,0,0,,Column available_at in forecast_version
forecast_version,amount_minor,INTEGER,1,0,0,Column amount_minor in forecast_version
forecast_version,quantity_milli,INTEGER,1,0,0,Column quantity_milli in forecast_version
forecast_version,source_system,TEXT,1,0,,Column source_system in forecast_version
forecast_version,provenance,TEXT,1,0,,Column provenance in forecast_version
fuel_consumption,id,INTEGER,0,1,,Column id in fuel_consumption
fuel_consumption,canonical_id,TEXT,1,0,,Column canonical_id in fuel_consumption
fuel_consumption,immutable_uuid,TEXT,1,0,,Column immutable_uuid in fuel_consumption
fuel_consumption,name,TEXT,1,0,,Column name in fuel_consumption
fuel_consumption,status,TEXT,1,0,,Column status in fuel_consumption
fuel_consumption,event_at,TEXT,0,0,,Column event_at in fuel_consumption
fuel_consumption,recorded_at,TEXT,0,0,,Column recorded_at in fuel_consumption
fuel_consumption,available_at,TEXT,0,0,,Column available_at in fuel_consumption
fuel_consumption,amount_minor,INTEGER,1,0,0,Column amount_minor in fuel_consumption
fuel_consumption,quantity_milli,INTEGER,1,0,0,Column quantity_milli in fuel_consumption
fuel_consumption,source_system,TEXT,1,0,,Column source_system in fuel_consumption
fuel_consumption,provenance,TEXT,1,0,,Column provenance in fuel_consumption
generation_run,id,INTEGER,0,1,,Column id in generation_run
generation_run,canonical_id,TEXT,1,0,,Column canonical_id in generation_run
generation_run,immutable_uuid,TEXT,1,0,,Column immutable_uuid in generation_run
generation_run,name,TEXT,1,0,,Column name in generation_run
generation_run,status,TEXT,1,0,,Column status in generation_run
generation_run,event_at,TEXT,0,0,,Column event_at in generation_run
generation_run,recorded_at,TEXT,0,0,,Column recorded_at in generation_run
generation_run,available_at,TEXT,0,0,,Column available_at in generation_run
generation_run,amount_minor,INTEGER,1,0,0,Column amount_minor in generation_run
generation_run,quantity_milli,INTEGER,1,0,0,Column quantity_milli in generation_run
generation_run,source_system,TEXT,1,0,,Column source_system in generation_run
generation_run,provenance,TEXT,1,0,,Column provenance in generation_run
geological_domain,id,INTEGER,0,1,,Column id in geological_domain
geological_domain,canonical_id,TEXT,1,0,,Column canonical_id in geological_domain
geological_domain,immutable_uuid,TEXT,1,0,,Column immutable_uuid in geological_domain
geological_domain,name,TEXT,1,0,,Column name in geological_domain
geological_domain,status,TEXT,1,0,,Column status in geological_domain
geological_domain,event_at,TEXT,0,0,,Column event_at in geological_domain
geological_domain,recorded_at,TEXT,0,0,,Column recorded_at in geological_domain
geological_domain,available_at,TEXT,0,0,,Column available_at in geological_domain
geological_domain,amount_minor,INTEGER,1,0,0,Column amount_minor in geological_domain
geological_domain,quantity_milli,INTEGER,1,0,0,Column quantity_milli in geological_domain
geological_domain,source_system,TEXT,1,0,,Column source_system in geological_domain
geological_domain,provenance,TEXT,1,0,,Column provenance in geological_domain
goods_receipt,id,INTEGER,0,1,,Column id in goods_receipt
goods_receipt,canonical_id,TEXT,1,0,,Column canonical_id in goods_receipt
goods_receipt,immutable_uuid,TEXT,1,0,,Column immutable_uuid in goods_receipt
goods_receipt,name,TEXT,1,0,,Column name in goods_receipt
goods_receipt,status,TEXT,1,0,,Column status in goods_receipt
goods_receipt,event_at,TEXT,0,0,,Column event_at in goods_receipt
goods_receipt,recorded_at,TEXT,0,0,,Column recorded_at in goods_receipt
goods_receipt,available_at,TEXT,0,0,,Column available_at in goods_receipt
goods_receipt,amount_minor,INTEGER,1,0,0,Column amount_minor in goods_receipt
goods_receipt,quantity_milli,INTEGER,1,0,0,Column quantity_milli in goods_receipt
goods_receipt,source_system,TEXT,1,0,,Column source_system in goods_receipt
goods_receipt,provenance,TEXT,1,0,,Column provenance in goods_receipt
governance_action,id,INTEGER,0,1,,Column id in governance_action
governance_action,canonical_id,TEXT,1,0,,Column canonical_id in governance_action
governance_action,immutable_uuid,TEXT,1,0,,Column immutable_uuid in governance_action
governance_action,name,TEXT,1,0,,Column name in governance_action
governance_action,status,TEXT,1,0,,Column status in governance_action
governance_action,event_at,TEXT,0,0,,Column event_at in governance_action
governance_action,recorded_at,TEXT,0,0,,Column recorded_at in governance_action
governance_action,available_at,TEXT,0,0,,Column available_at in governance_action
governance_action,amount_minor,INTEGER,1,0,0,Column amount_minor in governance_action
governance_action,quantity_milli,INTEGER,1,0,0,Column quantity_milli in governance_action
governance_action,source_system,TEXT,1,0,,Column source_system in governance_action
governance_action,provenance,TEXT,1,0,,Column provenance in governance_action
haul_cycle,id,INTEGER,0,1,,Column id in haul_cycle
haul_cycle,canonical_id,TEXT,1,0,,Column canonical_id in haul_cycle
haul_cycle,immutable_uuid,TEXT,1,0,,Column immutable_uuid in haul_cycle
haul_cycle,name,TEXT,1,0,,Column name in haul_cycle
haul_cycle,status,TEXT,1,0,,Column status in haul_cycle
haul_cycle,event_at,TEXT,0,0,,Column event_at in haul_cycle
haul_cycle,recorded_at,TEXT,0,0,,Column recorded_at in haul_cycle
haul_cycle,available_at,TEXT,0,0,,Column available_at in haul_cycle
haul_cycle,amount_minor,INTEGER,1,0,0,Column amount_minor in haul_cycle
haul_cycle,quantity_milli,INTEGER,1,0,0,Column quantity_milli in haul_cycle
haul_cycle,source_system,TEXT,1,0,,Column source_system in haul_cycle
haul_cycle,provenance,TEXT,1,0,,Column provenance in haul_cycle
hse_incident,id,INTEGER,0,1,,Column id in hse_incident
hse_incident,canonical_id,TEXT,1,0,,Column canonical_id in hse_incident
hse_incident,immutable_uuid,TEXT,1,0,,Column immutable_uuid in hse_incident
hse_incident,name,TEXT,1,0,,Column name in hse_incident
hse_incident,status,TEXT,1,0,,Column status in hse_incident
hse_incident,event_at,TEXT,0,0,,Column event_at in hse_incident
hse_incident,recorded_at,TEXT,0,0,,Column recorded_at in hse_incident
hse_incident,available_at,TEXT,0,0,,Column available_at in hse_incident
hse_incident,amount_minor,INTEGER,1,0,0,Column amount_minor in hse_incident
hse_incident,quantity_milli,INTEGER,1,0,0,Column quantity_milli in hse_incident
hse_incident,source_system,TEXT,1,0,,Column source_system in hse_incident
hse_incident,provenance,TEXT,1,0,,Column provenance in hse_incident
identifier_map,id,INTEGER,0,1,,Column id in identifier_map
identifier_map,canonical_id,TEXT,1,0,,Column canonical_id in identifier_map
identifier_map,immutable_uuid,TEXT,1,0,,Column immutable_uuid in identifier_map
identifier_map,name,TEXT,1,0,,Column name in identifier_map
identifier_map,status,TEXT,1,0,,Column status in identifier_map
identifier_map,event_at,TEXT,0,0,,Column event_at in identifier_map
identifier_map,recorded_at,TEXT,0,0,,Column recorded_at in identifier_map
identifier_map,available_at,TEXT,0,0,,Column available_at in identifier_map
identifier_map,amount_minor,INTEGER,1,0,0,Column amount_minor in identifier_map
identifier_map,quantity_milli,INTEGER,1,0,0,Column quantity_milli in identifier_map
identifier_map,source_system,TEXT,1,0,,Column source_system in identifier_map
identifier_map,provenance,TEXT,1,0,,Column provenance in identifier_map
impairment_calculation,id,INTEGER,0,1,,Column id in impairment_calculation
impairment_calculation,canonical_id,TEXT,1,0,,Column canonical_id in impairment_calculation
impairment_calculation,immutable_uuid,TEXT,1,0,,Column immutable_uuid in impairment_calculation
impairment_calculation,name,TEXT,1,0,,Column name in impairment_calculation
impairment_calculation,status,TEXT,1,0,,Column status in impairment_calculation
impairment_calculation,event_at,TEXT,0,0,,Column event_at in impairment_calculation
impairment_calculation,recorded_at,TEXT,0,0,,Column recorded_at in impairment_calculation
impairment_calculation,available_at,TEXT,0,0,,Column available_at in impairment_calculation
impairment_calculation,amount_minor,INTEGER,1,0,0,Column amount_minor in impairment_calculation
impairment_calculation,quantity_milli,INTEGER,1,0,0,Column quantity_milli in impairment_calculation
impairment_calculation,source_system,TEXT,1,0,,Column source_system in impairment_calculation
impairment_calculation,provenance,TEXT,1,0,,Column provenance in impairment_calculation
impairment_scenario,id,INTEGER,0,1,,Column id in impairment_scenario
impairment_scenario,canonical_id,TEXT,1,0,,Column canonical_id in impairment_scenario
impairment_scenario,immutable_uuid,TEXT,1,0,,Column immutable_uuid in impairment_scenario
impairment_scenario,name,TEXT,1,0,,Column name in impairment_scenario
impairment_scenario,status,TEXT,1,0,,Column status in impairment_scenario
impairment_scenario,event_at,TEXT,0,0,,Column event_at in impairment_scenario
impairment_scenario,recorded_at,TEXT,0,0,,Column recorded_at in impairment_scenario
impairment_scenario,available_at,TEXT,0,0,,Column available_at in impairment_scenario
impairment_scenario,amount_minor,INTEGER,1,0,0,Column amount_minor in impairment_scenario
impairment_scenario,quantity_milli,INTEGER,1,0,0,Column quantity_milli in impairment_scenario
impairment_scenario,source_system,TEXT,1,0,,Column source_system in impairment_scenario
impairment_scenario,provenance,TEXT,1,0,,Column provenance in impairment_scenario
interface,id,INTEGER,0,1,,Column id in interface
interface,canonical_id,TEXT,1,0,,Column canonical_id in interface
interface,immutable_uuid,TEXT,1,0,,Column immutable_uuid in interface
interface,name,TEXT,1,0,,Column name in interface
interface,status,TEXT,1,0,,Column status in interface
interface,event_at,TEXT,0,0,,Column event_at in interface
interface,recorded_at,TEXT,0,0,,Column recorded_at in interface
interface,available_at,TEXT,0,0,,Column available_at in interface
interface,amount_minor,INTEGER,1,0,0,Column amount_minor in interface
interface,quantity_milli,INTEGER,1,0,0,Column quantity_milli in interface
interface,source_system,TEXT,1,0,,Column source_system in interface
interface,provenance,TEXT,1,0,,Column provenance in interface
inventory_balance,id,INTEGER,0,1,,Column id in inventory_balance
inventory_balance,canonical_id,TEXT,1,0,,Column canonical_id in inventory_balance
inventory_balance,immutable_uuid,TEXT,1,0,,Column immutable_uuid in inventory_balance
inventory_balance,name,TEXT,1,0,,Column name in inventory_balance
inventory_balance,status,TEXT,1,0,,Column status in inventory_balance
inventory_balance,event_at,TEXT,0,0,,Column event_at in inventory_balance
inventory_balance,recorded_at,TEXT,0,0,,Column recorded_at in inventory_balance
inventory_balance,available_at,TEXT,0,0,,Column available_at in inventory_balance
inventory_balance,amount_minor,INTEGER,1,0,0,Column amount_minor in inventory_balance
inventory_balance,quantity_milli,INTEGER,1,0,0,Column quantity_milli in inventory_balance
inventory_balance,source_system,TEXT,1,0,,Column source_system in inventory_balance
inventory_balance,provenance,TEXT,1,0,,Column provenance in inventory_balance
inventory_reservation,id,INTEGER,0,1,,Column id in inventory_reservation
inventory_reservation,canonical_id,TEXT,1,0,,Column canonical_id in inventory_reservation
inventory_reservation,immutable_uuid,TEXT,1,0,,Column immutable_uuid in inventory_reservation
inventory_reservation,name,TEXT,1,0,,Column name in inventory_reservation
inventory_reservation,status,TEXT,1,0,,Column status in inventory_reservation
inventory_reservation,event_at,TEXT,0,0,,Column event_at in inventory_reservation
inventory_reservation,recorded_at,TEXT,0,0,,Column recorded_at in inventory_reservation
inventory_reservation,available_at,TEXT,0,0,,Column available_at in inventory_reservation
inventory_reservation,amount_minor,INTEGER,1,0,0,Column amount_minor in inventory_reservation
inventory_reservation,quantity_milli,INTEGER,1,0,0,Column quantity_milli in inventory_reservation
inventory_reservation,source_system,TEXT,1,0,,Column source_system in inventory_reservation
inventory_reservation,provenance,TEXT,1,0,,Column provenance in inventory_reservation
inventory_transaction,id,INTEGER,0,1,,Column id in inventory_transaction
inventory_transaction,canonical_id,TEXT,1,0,,Column canonical_id in inventory_transaction
inventory_transaction,immutable_uuid,TEXT,1,0,,Column immutable_uuid in inventory_transaction
inventory_transaction,name,TEXT,1,0,,Column name in inventory_transaction
inventory_transaction,status,TEXT,1,0,,Column status in inventory_transaction
inventory_transaction,event_at,TEXT,0,0,,Column event_at in inventory_transaction
inventory_transaction,recorded_at,TEXT,0,0,,Column recorded_at in inventory_transaction
inventory_transaction,available_at,TEXT,0,0,,Column available_at in inventory_transaction
inventory_transaction,amount_minor,INTEGER,1,0,0,Column amount_minor in inventory_transaction
inventory_transaction,quantity_milli,INTEGER,1,0,0,Column quantity_milli in inventory_transaction
inventory_transaction,source_system,TEXT,1,0,,Column source_system in inventory_transaction
inventory_transaction,provenance,TEXT,1,0,,Column provenance in inventory_transaction
item_master,id,INTEGER,0,1,,Column id in item_master
item_master,canonical_id,TEXT,1,0,,Column canonical_id in item_master
item_master,immutable_uuid,TEXT,1,0,,Column immutable_uuid in item_master
item_master,name,TEXT,1,0,,Column name in item_master
item_master,status,TEXT,1,0,,Column status in item_master
item_master,event_at,TEXT,0,0,,Column event_at in item_master
item_master,recorded_at,TEXT,0,0,,Column recorded_at in item_master
item_master,available_at,TEXT,0,0,,Column available_at in item_master
item_master,amount_minor,INTEGER,1,0,0,Column amount_minor in item_master
item_master,quantity_milli,INTEGER,1,0,0,Column quantity_milli in item_master
item_master,source_system,TEXT,1,0,,Column source_system in item_master
item_master,provenance,TEXT,1,0,,Column provenance in item_master
journal,id,INTEGER,0,1,,Column id in journal
journal,canonical_id,TEXT,1,0,,Column canonical_id in journal
journal,immutable_uuid,TEXT,1,0,,Column immutable_uuid in journal
journal,name,TEXT,1,0,,Column name in journal
journal,status,TEXT,1,0,,Column status in journal
journal,event_at,TEXT,0,0,,Column event_at in journal
journal,recorded_at,TEXT,0,0,,Column recorded_at in journal
journal,available_at,TEXT,0,0,,Column available_at in journal
journal,amount_minor,INTEGER,1,0,0,Column amount_minor in journal
journal,quantity_milli,INTEGER,1,0,0,Column quantity_milli in journal
journal,source_system,TEXT,1,0,,Column source_system in journal
journal,provenance,TEXT,1,0,,Column provenance in journal
journal_line,id,INTEGER,0,1,,Column id in journal_line
journal_line,canonical_id,TEXT,1,0,,Column canonical_id in journal_line
journal_line,immutable_uuid,TEXT,1,0,,Column immutable_uuid in journal_line
journal_line,name,TEXT,1,0,,Column name in journal_line
journal_line,status,TEXT,1,0,,Column status in journal_line
journal_line,event_at,TEXT,0,0,,Column event_at in journal_line
journal_line,recorded_at,TEXT,0,0,,Column recorded_at in journal_line
journal_line,available_at,TEXT,0,0,,Column available_at in journal_line
journal_line,amount_minor,INTEGER,1,0,0,Column amount_minor in journal_line
journal_line,quantity_milli,INTEGER,1,0,0,Column quantity_milli in journal_line
journal_line,source_system,TEXT,1,0,,Column source_system in journal_line
journal_line,provenance,TEXT,1,0,,Column provenance in journal_line
journal_line_detail,id,INTEGER,0,1,,Column id in journal_line_detail
journal_line_detail,journal_id,TEXT,1,0,,Column journal_id in journal_line_detail
journal_line_detail,period,TEXT,1,0,,Column period in journal_line_detail
journal_line_detail,account_code,TEXT,1,0,,Column account_code in journal_line_detail
journal_line_detail,debit_minor,INTEGER,1,0,,Column debit_minor in journal_line_detail
journal_line_detail,credit_minor,INTEGER,1,0,,Column credit_minor in journal_line_detail
journal_line_detail,source_ref,TEXT,1,0,,Column source_ref in journal_line_detail
kpi_definition,id,INTEGER,0,1,,Column id in kpi_definition
kpi_definition,canonical_id,TEXT,1,0,,Column canonical_id in kpi_definition
kpi_definition,immutable_uuid,TEXT,1,0,,Column immutable_uuid in kpi_definition
kpi_definition,name,TEXT,1,0,,Column name in kpi_definition
kpi_definition,status,TEXT,1,0,,Column status in kpi_definition
kpi_definition,event_at,TEXT,0,0,,Column event_at in kpi_definition
kpi_definition,recorded_at,TEXT,0,0,,Column recorded_at in kpi_definition
kpi_definition,available_at,TEXT,0,0,,Column available_at in kpi_definition
kpi_definition,amount_minor,INTEGER,1,0,0,Column amount_minor in kpi_definition
kpi_definition,quantity_milli,INTEGER,1,0,0,Column quantity_milli in kpi_definition
kpi_definition,source_system,TEXT,1,0,,Column source_system in kpi_definition
kpi_definition,provenance,TEXT,1,0,,Column provenance in kpi_definition
kpi_observation,id,INTEGER,0,1,,Column id in kpi_observation
kpi_observation,canonical_id,TEXT,1,0,,Column canonical_id in kpi_observation
kpi_observation,immutable_uuid,TEXT,1,0,,Column immutable_uuid in kpi_observation
kpi_observation,name,TEXT,1,0,,Column name in kpi_observation
kpi_observation,status,TEXT,1,0,,Column status in kpi_observation
kpi_observation,event_at,TEXT,0,0,,Column event_at in kpi_observation
kpi_observation,recorded_at,TEXT,0,0,,Column recorded_at in kpi_observation
kpi_observation,available_at,TEXT,0,0,,Column available_at in kpi_observation
kpi_observation,amount_minor,INTEGER,1,0,0,Column amount_minor in kpi_observation
kpi_observation,quantity_milli,INTEGER,1,0,0,Column quantity_milli in kpi_observation
kpi_observation,source_system,TEXT,1,0,,Column source_system in kpi_observation
kpi_observation,provenance,TEXT,1,0,,Column provenance in kpi_observation
labor_booking,id,INTEGER,0,1,,Column id in labor_booking
labor_booking,canonical_id,TEXT,1,0,,Column canonical_id in labor_booking
labor_booking,immutable_uuid,TEXT,1,0,,Column immutable_uuid in labor_booking
labor_booking,name,TEXT,1,0,,Column name in labor_booking
labor_booking,status,TEXT,1,0,,Column status in labor_booking
labor_booking,event_at,TEXT,0,0,,Column event_at in labor_booking
labor_booking,recorded_at,TEXT,0,0,,Column recorded_at in labor_booking
labor_booking,available_at,TEXT,0,0,,Column available_at in labor_booking
labor_booking,amount_minor,INTEGER,1,0,0,Column amount_minor in labor_booking
labor_booking,quantity_milli,INTEGER,1,0,0,Column quantity_milli in labor_booking
labor_booking,source_system,TEXT,1,0,,Column source_system in labor_booking
labor_booking,provenance,TEXT,1,0,,Column provenance in labor_booking
laboratory_sample,id,INTEGER,0,1,,Column id in laboratory_sample
laboratory_sample,canonical_id,TEXT,1,0,,Column canonical_id in laboratory_sample
laboratory_sample,immutable_uuid,TEXT,1,0,,Column immutable_uuid in laboratory_sample
laboratory_sample,name,TEXT,1,0,,Column name in laboratory_sample
laboratory_sample,status,TEXT,1,0,,Column status in laboratory_sample
laboratory_sample,event_at,TEXT,0,0,,Column event_at in laboratory_sample
laboratory_sample,recorded_at,TEXT,0,0,,Column recorded_at in laboratory_sample
laboratory_sample,available_at,TEXT,0,0,,Column available_at in laboratory_sample
laboratory_sample,amount_minor,INTEGER,1,0,0,Column amount_minor in laboratory_sample
laboratory_sample,quantity_milli,INTEGER,1,0,0,Column quantity_milli in laboratory_sample
laboratory_sample,source_system,TEXT,1,0,,Column source_system in laboratory_sample
laboratory_sample,provenance,TEXT,1,0,,Column provenance in laboratory_sample
ledger,id,INTEGER,0,1,,Column id in ledger
ledger,canonical_id,TEXT,1,0,,Column canonical_id in ledger
ledger,immutable_uuid,TEXT,1,0,,Column immutable_uuid in ledger
ledger,name,TEXT,1,0,,Column name in ledger
ledger,status,TEXT,1,0,,Column status in ledger
ledger,event_at,TEXT,0,0,,Column event_at in ledger
ledger,recorded_at,TEXT,0,0,,Column recorded_at in ledger
ledger,available_at,TEXT,0,0,,Column available_at in ledger
ledger,amount_minor,INTEGER,1,0,0,Column amount_minor in ledger
ledger,quantity_milli,INTEGER,1,0,0,Column quantity_milli in ledger
ledger,source_system,TEXT,1,0,,Column source_system in ledger
ledger,provenance,TEXT,1,0,,Column provenance in ledger
legal_entity,id,INTEGER,0,1,,Column id in legal_entity
legal_entity,canonical_id,TEXT,1,0,,Column canonical_id in legal_entity
legal_entity,immutable_uuid,TEXT,1,0,,Column immutable_uuid in legal_entity
legal_entity,name,TEXT,1,0,,Column name in legal_entity
legal_entity,status,TEXT,1,0,,Column status in legal_entity
legal_entity,event_at,TEXT,0,0,,Column event_at in legal_entity
legal_entity,recorded_at,TEXT,0,0,,Column recorded_at in legal_entity
legal_entity,available_at,TEXT,0,0,,Column available_at in legal_entity
legal_entity,amount_minor,INTEGER,1,0,0,Column amount_minor in legal_entity
legal_entity,quantity_milli,INTEGER,1,0,0,Column quantity_milli in legal_entity
legal_entity,source_system,TEXT,1,0,,Column source_system in legal_entity
legal_entity,provenance,TEXT,1,0,,Column provenance in legal_entity
lineage_edge,id,INTEGER,0,1,,Column id in lineage_edge
lineage_edge,canonical_id,TEXT,1,0,,Column canonical_id in lineage_edge
lineage_edge,immutable_uuid,TEXT,1,0,,Column immutable_uuid in lineage_edge
lineage_edge,name,TEXT,1,0,,Column name in lineage_edge
lineage_edge,status,TEXT,1,0,,Column status in lineage_edge
lineage_edge,event_at,TEXT,0,0,,Column event_at in lineage_edge
lineage_edge,recorded_at,TEXT,0,0,,Column recorded_at in lineage_edge
lineage_edge,available_at,TEXT,0,0,,Column available_at in lineage_edge
lineage_edge,amount_minor,INTEGER,1,0,0,Column amount_minor in lineage_edge
lineage_edge,quantity_milli,INTEGER,1,0,0,Column quantity_milli in lineage_edge
lineage_edge,source_system,TEXT,1,0,,Column source_system in lineage_edge
lineage_edge,provenance,TEXT,1,0,,Column provenance in lineage_edge
load_event,id,INTEGER,0,1,,Column id in load_event
load_event,canonical_id,TEXT,1,0,,Column canonical_id in load_event
load_event,immutable_uuid,TEXT,1,0,,Column immutable_uuid in load_event
load_event,name,TEXT,1,0,,Column name in load_event
load_event,status,TEXT,1,0,,Column status in load_event
load_event,event_at,TEXT,0,0,,Column event_at in load_event
load_event,recorded_at,TEXT,0,0,,Column recorded_at in load_event
load_event,available_at,TEXT,0,0,,Column available_at in load_event
load_event,amount_minor,INTEGER,1,0,0,Column amount_minor in load_event
load_event,quantity_milli,INTEGER,1,0,0,Column quantity_milli in load_event
load_event,source_system,TEXT,1,0,,Column source_system in load_event
load_event,provenance,TEXT,1,0,,Column provenance in load_event
location,id,INTEGER,0,1,,Column id in location
location,canonical_id,TEXT,1,0,,Column canonical_id in location
location,immutable_uuid,TEXT,1,0,,Column immutable_uuid in location
location,name,TEXT,1,0,,Column name in location
location,status,TEXT,1,0,,Column status in location
location,event_at,TEXT,0,0,,Column event_at in location
location,recorded_at,TEXT,0,0,,Column recorded_at in location
location,available_at,TEXT,0,0,,Column available_at in location
location,amount_minor,INTEGER,1,0,0,Column amount_minor in location
location,quantity_milli,INTEGER,1,0,0,Column quantity_milli in location
location,source_system,TEXT,1,0,,Column source_system in location
location,provenance,TEXT,1,0,,Column provenance in location
maintenance_notification,id,INTEGER,0,1,,Column id in maintenance_notification
maintenance_notification,canonical_id,TEXT,1,0,,Column canonical_id in maintenance_notification
maintenance_notification,immutable_uuid,TEXT,1,0,,Column immutable_uuid in maintenance_notification
maintenance_notification,name,TEXT,1,0,,Column name in maintenance_notification
maintenance_notification,status,TEXT,1,0,,Column status in maintenance_notification
maintenance_notification,event_at,TEXT,0,0,,Column event_at in maintenance_notification
maintenance_notification,recorded_at,TEXT,0,0,,Column recorded_at in maintenance_notification
maintenance_notification,available_at,TEXT,0,0,,Column available_at in maintenance_notification
maintenance_notification,amount_minor,INTEGER,1,0,0,Column amount_minor in maintenance_notification
maintenance_notification,quantity_milli,INTEGER,1,0,0,Column quantity_milli in maintenance_notification
maintenance_notification,source_system,TEXT,1,0,,Column source_system in maintenance_notification
maintenance_notification,provenance,TEXT,1,0,,Column provenance in maintenance_notification
meeting,id,INTEGER,0,1,,Column id in meeting
meeting,canonical_id,TEXT,1,0,,Column canonical_id in meeting
meeting,immutable_uuid,TEXT,1,0,,Column immutable_uuid in meeting
meeting,name,TEXT,1,0,,Column name in meeting
meeting,status,TEXT,1,0,,Column status in meeting
meeting,event_at,TEXT,0,0,,Column event_at in meeting
meeting,recorded_at,TEXT,0,0,,Column recorded_at in meeting
meeting,available_at,TEXT,0,0,,Column available_at in meeting
meeting,amount_minor,INTEGER,1,0,0,Column amount_minor in meeting
meeting,quantity_milli,INTEGER,1,0,0,Column quantity_milli in meeting
meeting,source_system,TEXT,1,0,,Column source_system in meeting
meeting,provenance,TEXT,1,0,,Column provenance in meeting
meeting_attendee,id,INTEGER,0,1,,Column id in meeting_attendee
meeting_attendee,canonical_id,TEXT,1,0,,Column canonical_id in meeting_attendee
meeting_attendee,immutable_uuid,TEXT,1,0,,Column immutable_uuid in meeting_attendee
meeting_attendee,name,TEXT,1,0,,Column name in meeting_attendee
meeting_attendee,status,TEXT,1,0,,Column status in meeting_attendee
meeting_attendee,event_at,TEXT,0,0,,Column event_at in meeting_attendee
meeting_attendee,recorded_at,TEXT,0,0,,Column recorded_at in meeting_attendee
meeting_attendee,available_at,TEXT,0,0,,Column available_at in meeting_attendee
meeting_attendee,amount_minor,INTEGER,1,0,0,Column amount_minor in meeting_attendee
meeting_attendee,quantity_milli,INTEGER,1,0,0,Column quantity_milli in meeting_attendee
meeting_attendee,source_system,TEXT,1,0,,Column source_system in meeting_attendee
meeting_attendee,provenance,TEXT,1,0,,Column provenance in meeting_attendee
meter_reading,id,INTEGER,0,1,,Column id in meter_reading
meter_reading,canonical_id,TEXT,1,0,,Column canonical_id in meter_reading
meter_reading,immutable_uuid,TEXT,1,0,,Column immutable_uuid in meter_reading
meter_reading,name,TEXT,1,0,,Column name in meter_reading
meter_reading,status,TEXT,1,0,,Column status in meter_reading
meter_reading,event_at,TEXT,0,0,,Column event_at in meter_reading
meter_reading,recorded_at,TEXT,0,0,,Column recorded_at in meter_reading
meter_reading,available_at,TEXT,0,0,,Column available_at in meter_reading
meter_reading,amount_minor,INTEGER,1,0,0,Column amount_minor in meter_reading
meter_reading,quantity_milli,INTEGER,1,0,0,Column quantity_milli in meter_reading
meter_reading,source_system,TEXT,1,0,,Column source_system in meter_reading
meter_reading,provenance,TEXT,1,0,,Column provenance in meter_reading
mine_plan_version,id,INTEGER,0,1,,Column id in mine_plan_version
mine_plan_version,canonical_id,TEXT,1,0,,Column canonical_id in mine_plan_version
mine_plan_version,immutable_uuid,TEXT,1,0,,Column immutable_uuid in mine_plan_version
mine_plan_version,name,TEXT,1,0,,Column name in mine_plan_version
mine_plan_version,status,TEXT,1,0,,Column status in mine_plan_version
mine_plan_version,event_at,TEXT,0,0,,Column event_at in mine_plan_version
mine_plan_version,recorded_at,TEXT,0,0,,Column recorded_at in mine_plan_version
mine_plan_version,available_at,TEXT,0,0,,Column available_at in mine_plan_version
mine_plan_version,amount_minor,INTEGER,1,0,0,Column amount_minor in mine_plan_version
mine_plan_version,quantity_milli,INTEGER,1,0,0,Column quantity_milli in mine_plan_version
mine_plan_version,source_system,TEXT,1,0,,Column source_system in mine_plan_version
mine_plan_version,provenance,TEXT,1,0,,Column provenance in mine_plan_version
mining_block,id,INTEGER,0,1,,Column id in mining_block
mining_block,canonical_id,TEXT,1,0,,Column canonical_id in mining_block
mining_block,immutable_uuid,TEXT,1,0,,Column immutable_uuid in mining_block
mining_block,name,TEXT,1,0,,Column name in mining_block
mining_block,status,TEXT,1,0,,Column status in mining_block
mining_block,event_at,TEXT,0,0,,Column event_at in mining_block
mining_block,recorded_at,TEXT,0,0,,Column recorded_at in mining_block
mining_block,available_at,TEXT,0,0,,Column available_at in mining_block
mining_block,amount_minor,INTEGER,1,0,0,Column amount_minor in mining_block
mining_block,quantity_milli,INTEGER,1,0,0,Column quantity_milli in mining_block
mining_block,source_system,TEXT,1,0,,Column source_system in mining_block
mining_block,provenance,TEXT,1,0,,Column provenance in mining_block
offtake_contract,id,INTEGER,0,1,,Column id in offtake_contract
offtake_contract,canonical_id,TEXT,1,0,,Column canonical_id in offtake_contract
offtake_contract,immutable_uuid,TEXT,1,0,,Column immutable_uuid in offtake_contract
offtake_contract,name,TEXT,1,0,,Column name in offtake_contract
offtake_contract,status,TEXT,1,0,,Column status in offtake_contract
offtake_contract,event_at,TEXT,0,0,,Column event_at in offtake_contract
offtake_contract,recorded_at,TEXT,0,0,,Column recorded_at in offtake_contract
offtake_contract,available_at,TEXT,0,0,,Column available_at in offtake_contract
offtake_contract,amount_minor,INTEGER,1,0,0,Column amount_minor in offtake_contract
offtake_contract,quantity_milli,INTEGER,1,0,0,Column quantity_milli in offtake_contract
offtake_contract,source_system,TEXT,1,0,,Column source_system in offtake_contract
offtake_contract,provenance,TEXT,1,0,,Column provenance in offtake_contract
oil_sample,id,INTEGER,0,1,,Column id in oil_sample
oil_sample,canonical_id,TEXT,1,0,,Column canonical_id in oil_sample
oil_sample,immutable_uuid,TEXT,1,0,,Column immutable_uuid in oil_sample
oil_sample,name,TEXT,1,0,,Column name in oil_sample
oil_sample,status,TEXT,1,0,,Column status in oil_sample
oil_sample,event_at,TEXT,0,0,,Column event_at in oil_sample
oil_sample,recorded_at,TEXT,0,0,,Column recorded_at in oil_sample
oil_sample,available_at,TEXT,0,0,,Column available_at in oil_sample
oil_sample,amount_minor,INTEGER,1,0,0,Column amount_minor in oil_sample
oil_sample,quantity_milli,INTEGER,1,0,0,Column quantity_milli in oil_sample
oil_sample,source_system,TEXT,1,0,,Column source_system in oil_sample
oil_sample,provenance,TEXT,1,0,,Column provenance in oil_sample
operating_area,id,INTEGER,0,1,,Column id in operating_area
operating_area,canonical_id,TEXT,1,0,,Column canonical_id in operating_area
operating_area,immutable_uuid,TEXT,1,0,,Column immutable_uuid in operating_area
operating_area,name,TEXT,1,0,,Column name in operating_area
operating_area,status,TEXT,1,0,,Column status in operating_area
operating_area,event_at,TEXT,0,0,,Column event_at in operating_area
operating_area,recorded_at,TEXT,0,0,,Column recorded_at in operating_area
operating_area,available_at,TEXT,0,0,,Column available_at in operating_area
operating_area,amount_minor,INTEGER,1,0,0,Column amount_minor in operating_area
operating_area,quantity_milli,INTEGER,1,0,0,Column quantity_milli in operating_area
operating_area,source_system,TEXT,1,0,,Column source_system in operating_area
operating_area,provenance,TEXT,1,0,,Column provenance in operating_area
operating_shift,id,INTEGER,0,1,,Column id in operating_shift
operating_shift,canonical_id,TEXT,1,0,,Column canonical_id in operating_shift
operating_shift,immutable_uuid,TEXT,1,0,,Column immutable_uuid in operating_shift
operating_shift,name,TEXT,1,0,,Column name in operating_shift
operating_shift,status,TEXT,1,0,,Column status in operating_shift
operating_shift,event_at,TEXT,0,0,,Column event_at in operating_shift
operating_shift,recorded_at,TEXT,0,0,,Column recorded_at in operating_shift
operating_shift,available_at,TEXT,0,0,,Column available_at in operating_shift
operating_shift,amount_minor,INTEGER,1,0,0,Column amount_minor in operating_shift
operating_shift,quantity_milli,INTEGER,1,0,0,Column quantity_milli in operating_shift
operating_shift,source_system,TEXT,1,0,,Column source_system in operating_shift
operating_shift,provenance,TEXT,1,0,,Column provenance in operating_shift
operating_unit,id,INTEGER,0,1,,Column id in operating_unit
operating_unit,canonical_id,TEXT,1,0,,Column canonical_id in operating_unit
operating_unit,immutable_uuid,TEXT,1,0,,Column immutable_uuid in operating_unit
operating_unit,name,TEXT,1,0,,Column name in operating_unit
operating_unit,status,TEXT,1,0,,Column status in operating_unit
operating_unit,event_at,TEXT,0,0,,Column event_at in operating_unit
operating_unit,recorded_at,TEXT,0,0,,Column recorded_at in operating_unit
operating_unit,available_at,TEXT,0,0,,Column available_at in operating_unit
operating_unit,amount_minor,INTEGER,1,0,0,Column amount_minor in operating_unit
operating_unit,quantity_milli,INTEGER,1,0,0,Column quantity_milli in operating_unit
operating_unit,source_system,TEXT,1,0,,Column source_system in operating_unit
operating_unit,provenance,TEXT,1,0,,Column provenance in operating_unit
operator_assignment,id,INTEGER,0,1,,Column id in operator_assignment
operator_assignment,canonical_id,TEXT,1,0,,Column canonical_id in operator_assignment
operator_assignment,immutable_uuid,TEXT,1,0,,Column immutable_uuid in operator_assignment
operator_assignment,name,TEXT,1,0,,Column name in operator_assignment
operator_assignment,status,TEXT,1,0,,Column status in operator_assignment
operator_assignment,event_at,TEXT,0,0,,Column event_at in operator_assignment
operator_assignment,recorded_at,TEXT,0,0,,Column recorded_at in operator_assignment
operator_assignment,available_at,TEXT,0,0,,Column available_at in operator_assignment
operator_assignment,amount_minor,INTEGER,1,0,0,Column amount_minor in operator_assignment
operator_assignment,quantity_milli,INTEGER,1,0,0,Column quantity_milli in operator_assignment
operator_assignment,source_system,TEXT,1,0,,Column source_system in operator_assignment
operator_assignment,provenance,TEXT,1,0,,Column provenance in operator_assignment
ore_block_estimate,id,INTEGER,0,1,,Column id in ore_block_estimate
ore_block_estimate,canonical_id,TEXT,1,0,,Column canonical_id in ore_block_estimate
ore_block_estimate,immutable_uuid,TEXT,1,0,,Column immutable_uuid in ore_block_estimate
ore_block_estimate,name,TEXT,1,0,,Column name in ore_block_estimate
ore_block_estimate,status,TEXT,1,0,,Column status in ore_block_estimate
ore_block_estimate,event_at,TEXT,0,0,,Column event_at in ore_block_estimate
ore_block_estimate,recorded_at,TEXT,0,0,,Column recorded_at in ore_block_estimate
ore_block_estimate,available_at,TEXT,0,0,,Column available_at in ore_block_estimate
ore_block_estimate,amount_minor,INTEGER,1,0,0,Column amount_minor in ore_block_estimate
ore_block_estimate,quantity_milli,INTEGER,1,0,0,Column quantity_milli in ore_block_estimate
ore_block_estimate,source_system,TEXT,1,0,,Column source_system in ore_block_estimate
ore_block_estimate,provenance,TEXT,1,0,,Column provenance in ore_block_estimate
organization,id,INTEGER,0,1,,Column id in organization
organization,canonical_id,TEXT,1,0,,Column canonical_id in organization
organization,immutable_uuid,TEXT,1,0,,Column immutable_uuid in organization
organization,name,TEXT,1,0,,Column name in organization
organization,status,TEXT,1,0,,Column status in organization
organization,event_at,TEXT,0,0,,Column event_at in organization
organization,recorded_at,TEXT,0,0,,Column recorded_at in organization
organization,available_at,TEXT,0,0,,Column available_at in organization
organization,amount_minor,INTEGER,1,0,0,Column amount_minor in organization
organization,quantity_milli,INTEGER,1,0,0,Column quantity_milli in organization
organization,source_system,TEXT,1,0,,Column source_system in organization
organization,provenance,TEXT,1,0,,Column provenance in organization
payment,id,INTEGER,0,1,,Column id in payment
payment,canonical_id,TEXT,1,0,,Column canonical_id in payment
payment,immutable_uuid,TEXT,1,0,,Column immutable_uuid in payment
payment,name,TEXT,1,0,,Column name in payment
payment,status,TEXT,1,0,,Column status in payment
payment,event_at,TEXT,0,0,,Column event_at in payment
payment,recorded_at,TEXT,0,0,,Column recorded_at in payment
payment,available_at,TEXT,0,0,,Column available_at in payment
payment,amount_minor,INTEGER,1,0,0,Column amount_minor in payment
payment,quantity_milli,INTEGER,1,0,0,Column quantity_milli in payment
payment,source_system,TEXT,1,0,,Column source_system in payment
payment,provenance,TEXT,1,0,,Column provenance in payment
payroll_entry,id,INTEGER,0,1,,Column id in payroll_entry
payroll_entry,canonical_id,TEXT,1,0,,Column canonical_id in payroll_entry
payroll_entry,immutable_uuid,TEXT,1,0,,Column immutable_uuid in payroll_entry
payroll_entry,name,TEXT,1,0,,Column name in payroll_entry
payroll_entry,status,TEXT,1,0,,Column status in payroll_entry
payroll_entry,event_at,TEXT,0,0,,Column event_at in payroll_entry
payroll_entry,recorded_at,TEXT,0,0,,Column recorded_at in payroll_entry
payroll_entry,available_at,TEXT,0,0,,Column available_at in payroll_entry
payroll_entry,amount_minor,INTEGER,1,0,0,Column amount_minor in payroll_entry
payroll_entry,quantity_milli,INTEGER,1,0,0,Column quantity_milli in payroll_entry
payroll_entry,source_system,TEXT,1,0,,Column source_system in payroll_entry
payroll_entry,provenance,TEXT,1,0,,Column provenance in payroll_entry
payroll_run,id,INTEGER,0,1,,Column id in payroll_run
payroll_run,canonical_id,TEXT,1,0,,Column canonical_id in payroll_run
payroll_run,immutable_uuid,TEXT,1,0,,Column immutable_uuid in payroll_run
payroll_run,name,TEXT,1,0,,Column name in payroll_run
payroll_run,status,TEXT,1,0,,Column status in payroll_run
payroll_run,event_at,TEXT,0,0,,Column event_at in payroll_run
payroll_run,recorded_at,TEXT,0,0,,Column recorded_at in payroll_run
payroll_run,available_at,TEXT,0,0,,Column available_at in payroll_run
payroll_run,amount_minor,INTEGER,1,0,0,Column amount_minor in payroll_run
payroll_run,quantity_milli,INTEGER,1,0,0,Column quantity_milli in payroll_run
payroll_run,source_system,TEXT,1,0,,Column source_system in payroll_run
payroll_run,provenance,TEXT,1,0,,Column provenance in payroll_run
person,id,INTEGER,0,1,,Column id in person
person,canonical_id,TEXT,1,0,,Column canonical_id in person
person,immutable_uuid,TEXT,1,0,,Column immutable_uuid in person
person,name,TEXT,1,0,,Column name in person
person,status,TEXT,1,0,,Column status in person
person,event_at,TEXT,0,0,,Column event_at in person
person,recorded_at,TEXT,0,0,,Column recorded_at in person
person,available_at,TEXT,0,0,,Column available_at in person
person,amount_minor,INTEGER,1,0,0,Column amount_minor in person
person,quantity_milli,INTEGER,1,0,0,Column quantity_milli in person
person,source_system,TEXT,1,0,,Column source_system in person
person,provenance,TEXT,1,0,,Column provenance in person
phase,id,INTEGER,0,1,,Column id in phase
phase,canonical_id,TEXT,1,0,,Column canonical_id in phase
phase,immutable_uuid,TEXT,1,0,,Column immutable_uuid in phase
phase,name,TEXT,1,0,,Column name in phase
phase,status,TEXT,1,0,,Column status in phase
phase,event_at,TEXT,0,0,,Column event_at in phase
phase,recorded_at,TEXT,0,0,,Column recorded_at in phase
phase,available_at,TEXT,0,0,,Column available_at in phase
phase,amount_minor,INTEGER,1,0,0,Column amount_minor in phase
phase,quantity_milli,INTEGER,1,0,0,Column quantity_milli in phase
phase,source_system,TEXT,1,0,,Column source_system in phase
phase,provenance,TEXT,1,0,,Column provenance in phase
phase4_valuation,valuation_date,TEXT,0,1,,Column valuation_date in phase4_valuation
phase4_valuation,case_name,TEXT,1,0,,Column case_name in phase4_valuation
phase4_valuation,cash_flow_minor,INTEGER,1,0,,Column cash_flow_minor in phase4_valuation
phase4_valuation,discount_bps,INTEGER,1,0,,Column discount_bps in phase4_valuation
phase4_valuation,npv_minor,INTEGER,1,0,,Column npv_minor in phase4_valuation
phase4_valuation,irr_bps,INTEGER,1,0,,Column irr_bps in phase4_valuation
phase4_valuation,carrying_minor,INTEGER,1,0,,Column carrying_minor in phase4_valuation
phase4_valuation,recoverable_minor,INTEGER,1,0,,Column recoverable_minor in phase4_valuation
phase4_valuation,impairment_minor,INTEGER,1,0,,Column impairment_minor in phase4_valuation
physical_progress,id,INTEGER,0,1,,Column id in physical_progress
physical_progress,canonical_id,TEXT,1,0,,Column canonical_id in physical_progress
physical_progress,immutable_uuid,TEXT,1,0,,Column immutable_uuid in physical_progress
physical_progress,name,TEXT,1,0,,Column name in physical_progress
physical_progress,status,TEXT,1,0,,Column status in physical_progress
physical_progress,event_at,TEXT,0,0,,Column event_at in physical_progress
physical_progress,recorded_at,TEXT,0,0,,Column recorded_at in physical_progress
physical_progress,available_at,TEXT,0,0,,Column available_at in physical_progress
physical_progress,amount_minor,INTEGER,1,0,0,Column amount_minor in physical_progress
physical_progress,quantity_milli,INTEGER,1,0,0,Column quantity_milli in physical_progress
physical_progress,source_system,TEXT,1,0,,Column source_system in physical_progress
physical_progress,provenance,TEXT,1,0,,Column provenance in physical_progress
pit,id,INTEGER,0,1,,Column id in pit
pit,canonical_id,TEXT,1,0,,Column canonical_id in pit
pit,immutable_uuid,TEXT,1,0,,Column immutable_uuid in pit
pit,name,TEXT,1,0,,Column name in pit
pit,status,TEXT,1,0,,Column status in pit
pit,event_at,TEXT,0,0,,Column event_at in pit
pit,recorded_at,TEXT,0,0,,Column recorded_at in pit
pit,available_at,TEXT,0,0,,Column available_at in pit
pit,amount_minor,INTEGER,1,0,0,Column amount_minor in pit
pit,quantity_milli,INTEGER,1,0,0,Column quantity_milli in pit
pit,source_system,TEXT,1,0,,Column source_system in pit
pit,provenance,TEXT,1,0,,Column provenance in pit
plant_hourly,id,INTEGER,0,1,,Column id in plant_hourly
plant_hourly,canonical_id,TEXT,1,0,,Column canonical_id in plant_hourly
plant_hourly,immutable_uuid,TEXT,1,0,,Column immutable_uuid in plant_hourly
plant_hourly,name,TEXT,1,0,,Column name in plant_hourly
plant_hourly,status,TEXT,1,0,,Column status in plant_hourly
plant_hourly,event_at,TEXT,0,0,,Column event_at in plant_hourly
plant_hourly,recorded_at,TEXT,0,0,,Column recorded_at in plant_hourly
plant_hourly,available_at,TEXT,0,0,,Column available_at in plant_hourly
plant_hourly,amount_minor,INTEGER,1,0,0,Column amount_minor in plant_hourly
plant_hourly,quantity_milli,INTEGER,1,0,0,Column quantity_milli in plant_hourly
plant_hourly,source_system,TEXT,1,0,,Column source_system in plant_hourly
plant_hourly,provenance,TEXT,1,0,,Column provenance in plant_hourly
plant_unit,id,INTEGER,0,1,,Column id in plant_unit
plant_unit,canonical_id,TEXT,1,0,,Column canonical_id in plant_unit
plant_unit,immutable_uuid,TEXT,1,0,,Column immutable_uuid in plant_unit
plant_unit,name,TEXT,1,0,,Column name in plant_unit
plant_unit,status,TEXT,1,0,,Column status in plant_unit
plant_unit,event_at,TEXT,0,0,,Column event_at in plant_unit
plant_unit,recorded_at,TEXT,0,0,,Column recorded_at in plant_unit
plant_unit,available_at,TEXT,0,0,,Column available_at in plant_unit
plant_unit,amount_minor,INTEGER,1,0,0,Column amount_minor in plant_unit
plant_unit,quantity_milli,INTEGER,1,0,0,Column quantity_milli in plant_unit
plant_unit,source_system,TEXT,1,0,,Column source_system in plant_unit
plant_unit,provenance,TEXT,1,0,,Column provenance in plant_unit
position,id,INTEGER,0,1,,Column id in position
position,canonical_id,TEXT,1,0,,Column canonical_id in position
position,immutable_uuid,TEXT,1,0,,Column immutable_uuid in position
position,name,TEXT,1,0,,Column name in position
position,status,TEXT,1,0,,Column status in position
position,event_at,TEXT,0,0,,Column event_at in position
position,recorded_at,TEXT,0,0,,Column recorded_at in position
position,available_at,TEXT,0,0,,Column available_at in position
position,amount_minor,INTEGER,1,0,0,Column amount_minor in position
position,quantity_milli,INTEGER,1,0,0,Column quantity_milli in position
position,source_system,TEXT,1,0,,Column source_system in position
position,provenance,TEXT,1,0,,Column provenance in position
position_assignment,id,INTEGER,0,1,,Column id in position_assignment
position_assignment,canonical_id,TEXT,1,0,,Column canonical_id in position_assignment
position_assignment,immutable_uuid,TEXT,1,0,,Column immutable_uuid in position_assignment
position_assignment,name,TEXT,1,0,,Column name in position_assignment
position_assignment,status,TEXT,1,0,,Column status in position_assignment
position_assignment,event_at,TEXT,0,0,,Column event_at in position_assignment
position_assignment,recorded_at,TEXT,0,0,,Column recorded_at in position_assignment
position_assignment,available_at,TEXT,0,0,,Column available_at in position_assignment
position_assignment,amount_minor,INTEGER,1,0,0,Column amount_minor in position_assignment
position_assignment,quantity_milli,INTEGER,1,0,0,Column quantity_milli in position_assignment
position_assignment,source_system,TEXT,1,0,,Column source_system in position_assignment
position_assignment,provenance,TEXT,1,0,,Column provenance in position_assignment
process_mass_balance,id,INTEGER,0,1,,Column id in process_mass_balance
process_mass_balance,canonical_id,TEXT,1,0,,Column canonical_id in process_mass_balance
process_mass_balance,immutable_uuid,TEXT,1,0,,Column immutable_uuid in process_mass_balance
process_mass_balance,name,TEXT,1,0,,Column name in process_mass_balance
process_mass_balance,status,TEXT,1,0,,Column status in process_mass_balance
process_mass_balance,event_at,TEXT,0,0,,Column event_at in process_mass_balance
process_mass_balance,recorded_at,TEXT,0,0,,Column recorded_at in process_mass_balance
process_mass_balance,available_at,TEXT,0,0,,Column available_at in process_mass_balance
process_mass_balance,amount_minor,INTEGER,1,0,0,Column amount_minor in process_mass_balance
process_mass_balance,quantity_milli,INTEGER,1,0,0,Column quantity_milli in process_mass_balance
process_mass_balance,source_system,TEXT,1,0,,Column source_system in process_mass_balance
process_mass_balance,provenance,TEXT,1,0,,Column provenance in process_mass_balance
production_actual,id,INTEGER,0,1,,Column id in production_actual
production_actual,canonical_id,TEXT,1,0,,Column canonical_id in production_actual
production_actual,immutable_uuid,TEXT,1,0,,Column immutable_uuid in production_actual
production_actual,name,TEXT,1,0,,Column name in production_actual
production_actual,status,TEXT,1,0,,Column status in production_actual
production_actual,event_at,TEXT,0,0,,Column event_at in production_actual
production_actual,recorded_at,TEXT,0,0,,Column recorded_at in production_actual
production_actual,available_at,TEXT,0,0,,Column available_at in production_actual
production_actual,amount_minor,INTEGER,1,0,0,Column amount_minor in production_actual
production_actual,quantity_milli,INTEGER,1,0,0,Column quantity_milli in production_actual
production_actual,source_system,TEXT,1,0,,Column source_system in production_actual
production_actual,provenance,TEXT,1,0,,Column provenance in production_actual
purchase_order,id,INTEGER,0,1,,Column id in purchase_order
purchase_order,canonical_id,TEXT,1,0,,Column canonical_id in purchase_order
purchase_order,immutable_uuid,TEXT,1,0,,Column immutable_uuid in purchase_order
purchase_order,name,TEXT,1,0,,Column name in purchase_order
purchase_order,status,TEXT,1,0,,Column status in purchase_order
purchase_order,event_at,TEXT,0,0,,Column event_at in purchase_order
purchase_order,recorded_at,TEXT,0,0,,Column recorded_at in purchase_order
purchase_order,available_at,TEXT,0,0,,Column available_at in purchase_order
purchase_order,amount_minor,INTEGER,1,0,0,Column amount_minor in purchase_order
purchase_order,quantity_milli,INTEGER,1,0,0,Column quantity_milli in purchase_order
purchase_order,source_system,TEXT,1,0,,Column source_system in purchase_order
purchase_order,provenance,TEXT,1,0,,Column provenance in purchase_order
purchase_order_line,id,INTEGER,0,1,,Column id in purchase_order_line
purchase_order_line,canonical_id,TEXT,1,0,,Column canonical_id in purchase_order_line
purchase_order_line,immutable_uuid,TEXT,1,0,,Column immutable_uuid in purchase_order_line
purchase_order_line,name,TEXT,1,0,,Column name in purchase_order_line
purchase_order_line,status,TEXT,1,0,,Column status in purchase_order_line
purchase_order_line,event_at,TEXT,0,0,,Column event_at in purchase_order_line
purchase_order_line,recorded_at,TEXT,0,0,,Column recorded_at in purchase_order_line
purchase_order_line,available_at,TEXT,0,0,,Column available_at in purchase_order_line
purchase_order_line,amount_minor,INTEGER,1,0,0,Column amount_minor in purchase_order_line
purchase_order_line,quantity_milli,INTEGER,1,0,0,Column quantity_milli in purchase_order_line
purchase_order_line,source_system,TEXT,1,0,,Column source_system in purchase_order_line
purchase_order_line,provenance,TEXT,1,0,,Column provenance in purchase_order_line
purchase_requisition,id,INTEGER,0,1,,Column id in purchase_requisition
purchase_requisition,canonical_id,TEXT,1,0,,Column canonical_id in purchase_requisition
purchase_requisition,immutable_uuid,TEXT,1,0,,Column immutable_uuid in purchase_requisition
purchase_requisition,name,TEXT,1,0,,Column name in purchase_requisition
purchase_requisition,status,TEXT,1,0,,Column status in purchase_requisition
purchase_requisition,event_at,TEXT,0,0,,Column event_at in purchase_requisition
purchase_requisition,recorded_at,TEXT,0,0,,Column recorded_at in purchase_requisition
purchase_requisition,available_at,TEXT,0,0,,Column available_at in purchase_requisition
purchase_requisition,amount_minor,INTEGER,1,0,0,Column amount_minor in purchase_requisition
purchase_requisition,quantity_milli,INTEGER,1,0,0,Column quantity_milli in purchase_requisition
purchase_requisition,source_system,TEXT,1,0,,Column source_system in purchase_requisition
purchase_requisition,provenance,TEXT,1,0,,Column provenance in purchase_requisition
qualification,id,INTEGER,0,1,,Column id in qualification
qualification,canonical_id,TEXT,1,0,,Column canonical_id in qualification
qualification,immutable_uuid,TEXT,1,0,,Column immutable_uuid in qualification
qualification,name,TEXT,1,0,,Column name in qualification
qualification,status,TEXT,1,0,,Column status in qualification
qualification,event_at,TEXT,0,0,,Column event_at in qualification
qualification,recorded_at,TEXT,0,0,,Column recorded_at in qualification
qualification,available_at,TEXT,0,0,,Column available_at in qualification
qualification,amount_minor,INTEGER,1,0,0,Column amount_minor in qualification
qualification,quantity_milli,INTEGER,1,0,0,Column quantity_milli in qualification
qualification,source_system,TEXT,1,0,,Column source_system in qualification
qualification,provenance,TEXT,1,0,,Column provenance in qualification
recovery_calculation,id,INTEGER,0,1,,Column id in recovery_calculation
recovery_calculation,canonical_id,TEXT,1,0,,Column canonical_id in recovery_calculation
recovery_calculation,immutable_uuid,TEXT,1,0,,Column immutable_uuid in recovery_calculation
recovery_calculation,name,TEXT,1,0,,Column name in recovery_calculation
recovery_calculation,status,TEXT,1,0,,Column status in recovery_calculation
recovery_calculation,event_at,TEXT,0,0,,Column event_at in recovery_calculation
recovery_calculation,recorded_at,TEXT,0,0,,Column recorded_at in recovery_calculation
recovery_calculation,available_at,TEXT,0,0,,Column available_at in recovery_calculation
recovery_calculation,amount_minor,INTEGER,1,0,0,Column amount_minor in recovery_calculation
recovery_calculation,quantity_milli,INTEGER,1,0,0,Column quantity_milli in recovery_calculation
recovery_calculation,source_system,TEXT,1,0,,Column source_system in recovery_calculation
recovery_calculation,provenance,TEXT,1,0,,Column provenance in recovery_calculation
reorder_policy,id,INTEGER,0,1,,Column id in reorder_policy
reorder_policy,canonical_id,TEXT,1,0,,Column canonical_id in reorder_policy
reorder_policy,immutable_uuid,TEXT,1,0,,Column immutable_uuid in reorder_policy
reorder_policy,name,TEXT,1,0,,Column name in reorder_policy
reorder_policy,status,TEXT,1,0,,Column status in reorder_policy
reorder_policy,event_at,TEXT,0,0,,Column event_at in reorder_policy
reorder_policy,recorded_at,TEXT,0,0,,Column recorded_at in reorder_policy
reorder_policy,available_at,TEXT,0,0,,Column available_at in reorder_policy
reorder_policy,amount_minor,INTEGER,1,0,0,Column amount_minor in reorder_policy
reorder_policy,quantity_milli,INTEGER,1,0,0,Column quantity_milli in reorder_policy
reorder_policy,source_system,TEXT,1,0,,Column source_system in reorder_policy
reorder_policy,provenance,TEXT,1,0,,Column provenance in reorder_policy
repairable_pool_status,id,INTEGER,0,1,,Column id in repairable_pool_status
repairable_pool_status,canonical_id,TEXT,1,0,,Column canonical_id in repairable_pool_status
repairable_pool_status,immutable_uuid,TEXT,1,0,,Column immutable_uuid in repairable_pool_status
repairable_pool_status,name,TEXT,1,0,,Column name in repairable_pool_status
repairable_pool_status,status,TEXT,1,0,,Column status in repairable_pool_status
repairable_pool_status,event_at,TEXT,0,0,,Column event_at in repairable_pool_status
repairable_pool_status,recorded_at,TEXT,0,0,,Column recorded_at in repairable_pool_status
repairable_pool_status,available_at,TEXT,0,0,,Column available_at in repairable_pool_status
repairable_pool_status,amount_minor,INTEGER,1,0,0,Column amount_minor in repairable_pool_status
repairable_pool_status,quantity_milli,INTEGER,1,0,0,Column quantity_milli in repairable_pool_status
repairable_pool_status,source_system,TEXT,1,0,,Column source_system in repairable_pool_status
repairable_pool_status,provenance,TEXT,1,0,,Column provenance in repairable_pool_status
report_definition,id,INTEGER,0,1,,Column id in report_definition
report_definition,canonical_id,TEXT,1,0,,Column canonical_id in report_definition
report_definition,immutable_uuid,TEXT,1,0,,Column immutable_uuid in report_definition
report_definition,name,TEXT,1,0,,Column name in report_definition
report_definition,status,TEXT,1,0,,Column status in report_definition
report_definition,event_at,TEXT,0,0,,Column event_at in report_definition
report_definition,recorded_at,TEXT,0,0,,Column recorded_at in report_definition
report_definition,available_at,TEXT,0,0,,Column available_at in report_definition
report_definition,amount_minor,INTEGER,1,0,0,Column amount_minor in report_definition
report_definition,quantity_milli,INTEGER,1,0,0,Column quantity_milli in report_definition
report_definition,source_system,TEXT,1,0,,Column source_system in report_definition
report_definition,provenance,TEXT,1,0,,Column provenance in report_definition
room,id,INTEGER,0,1,,Column id in room
room,canonical_id,TEXT,1,0,,Column canonical_id in room
room,immutable_uuid,TEXT,1,0,,Column immutable_uuid in room
room,name,TEXT,1,0,,Column name in room
room,status,TEXT,1,0,,Column status in room
room,event_at,TEXT,0,0,,Column event_at in room
room,recorded_at,TEXT,0,0,,Column recorded_at in room
room,available_at,TEXT,0,0,,Column available_at in room
room,amount_minor,INTEGER,1,0,0,Column amount_minor in room
room,quantity_milli,INTEGER,1,0,0,Column quantity_milli in room
room,source_system,TEXT,1,0,,Column source_system in room
room,provenance,TEXT,1,0,,Column provenance in room
scheduled_shift,id,INTEGER,0,1,,Column id in scheduled_shift
scheduled_shift,canonical_id,TEXT,1,0,,Column canonical_id in scheduled_shift
scheduled_shift,immutable_uuid,TEXT,1,0,,Column immutable_uuid in scheduled_shift
scheduled_shift,name,TEXT,1,0,,Column name in scheduled_shift
scheduled_shift,status,TEXT,1,0,,Column status in scheduled_shift
scheduled_shift,event_at,TEXT,0,0,,Column event_at in scheduled_shift
scheduled_shift,recorded_at,TEXT,0,0,,Column recorded_at in scheduled_shift
scheduled_shift,available_at,TEXT,0,0,,Column available_at in scheduled_shift
scheduled_shift,amount_minor,INTEGER,1,0,0,Column amount_minor in scheduled_shift
scheduled_shift,quantity_milli,INTEGER,1,0,0,Column quantity_milli in scheduled_shift
scheduled_shift,source_system,TEXT,1,0,,Column source_system in scheduled_shift
scheduled_shift,provenance,TEXT,1,0,,Column provenance in scheduled_shift
security_zone,id,INTEGER,0,1,,Column id in security_zone
security_zone,canonical_id,TEXT,1,0,,Column canonical_id in security_zone
security_zone,immutable_uuid,TEXT,1,0,,Column immutable_uuid in security_zone
security_zone,name,TEXT,1,0,,Column name in security_zone
security_zone,status,TEXT,1,0,,Column status in security_zone
security_zone,event_at,TEXT,0,0,,Column event_at in security_zone
security_zone,recorded_at,TEXT,0,0,,Column recorded_at in security_zone
security_zone,available_at,TEXT,0,0,,Column available_at in security_zone
security_zone,amount_minor,INTEGER,1,0,0,Column amount_minor in security_zone
security_zone,quantity_milli,INTEGER,1,0,0,Column quantity_milli in security_zone
security_zone,source_system,TEXT,1,0,,Column source_system in security_zone
security_zone,provenance,TEXT,1,0,,Column provenance in security_zone
sensor_reading,id,INTEGER,0,1,,Column id in sensor_reading
sensor_reading,canonical_id,TEXT,1,0,,Column canonical_id in sensor_reading
sensor_reading,immutable_uuid,TEXT,1,0,,Column immutable_uuid in sensor_reading
sensor_reading,name,TEXT,1,0,,Column name in sensor_reading
sensor_reading,status,TEXT,1,0,,Column status in sensor_reading
sensor_reading,event_at,TEXT,0,0,,Column event_at in sensor_reading
sensor_reading,recorded_at,TEXT,0,0,,Column recorded_at in sensor_reading
sensor_reading,available_at,TEXT,0,0,,Column available_at in sensor_reading
sensor_reading,amount_minor,INTEGER,1,0,0,Column amount_minor in sensor_reading
sensor_reading,quantity_milli,INTEGER,1,0,0,Column quantity_milli in sensor_reading
sensor_reading,source_system,TEXT,1,0,,Column source_system in sensor_reading
sensor_reading,provenance,TEXT,1,0,,Column provenance in sensor_reading
serialized_component,id,INTEGER,0,1,,Column id in serialized_component
serialized_component,canonical_id,TEXT,1,0,,Column canonical_id in serialized_component
serialized_component,immutable_uuid,TEXT,1,0,,Column immutable_uuid in serialized_component
serialized_component,name,TEXT,1,0,,Column name in serialized_component
serialized_component,status,TEXT,1,0,,Column status in serialized_component
serialized_component,event_at,TEXT,0,0,,Column event_at in serialized_component
serialized_component,recorded_at,TEXT,0,0,,Column recorded_at in serialized_component
serialized_component,available_at,TEXT,0,0,,Column available_at in serialized_component
serialized_component,amount_minor,INTEGER,1,0,0,Column amount_minor in serialized_component
serialized_component,quantity_milli,INTEGER,1,0,0,Column quantity_milli in serialized_component
serialized_component,source_system,TEXT,1,0,,Column source_system in serialized_component
serialized_component,provenance,TEXT,1,0,,Column provenance in serialized_component
shadow_artifact,id,INTEGER,0,1,,Column id in shadow_artifact
shadow_artifact,canonical_id,TEXT,1,0,,Column canonical_id in shadow_artifact
shadow_artifact,immutable_uuid,TEXT,1,0,,Column immutable_uuid in shadow_artifact
shadow_artifact,name,TEXT,1,0,,Column name in shadow_artifact
shadow_artifact,status,TEXT,1,0,,Column status in shadow_artifact
shadow_artifact,event_at,TEXT,0,0,,Column event_at in shadow_artifact
shadow_artifact,recorded_at,TEXT,0,0,,Column recorded_at in shadow_artifact
shadow_artifact,available_at,TEXT,0,0,,Column available_at in shadow_artifact
shadow_artifact,amount_minor,INTEGER,1,0,0,Column amount_minor in shadow_artifact
shadow_artifact,quantity_milli,INTEGER,1,0,0,Column quantity_milli in shadow_artifact
shadow_artifact,source_system,TEXT,1,0,,Column source_system in shadow_artifact
shadow_artifact,provenance,TEXT,1,0,,Column provenance in shadow_artifact
shipment_lot,id,INTEGER,0,1,,Column id in shipment_lot
shipment_lot,canonical_id,TEXT,1,0,,Column canonical_id in shipment_lot
shipment_lot,immutable_uuid,TEXT,1,0,,Column immutable_uuid in shipment_lot
shipment_lot,name,TEXT,1,0,,Column name in shipment_lot
shipment_lot,status,TEXT,1,0,,Column status in shipment_lot
shipment_lot,event_at,TEXT,0,0,,Column event_at in shipment_lot
shipment_lot,recorded_at,TEXT,0,0,,Column recorded_at in shipment_lot
shipment_lot,available_at,TEXT,0,0,,Column available_at in shipment_lot
shipment_lot,amount_minor,INTEGER,1,0,0,Column amount_minor in shipment_lot
shipment_lot,quantity_milli,INTEGER,1,0,0,Column quantity_milli in shipment_lot
shipment_lot,source_system,TEXT,1,0,,Column source_system in shipment_lot
shipment_lot,provenance,TEXT,1,0,,Column provenance in shipment_lot
snapshot_cutoff,id,INTEGER,0,1,,Column id in snapshot_cutoff
snapshot_cutoff,canonical_id,TEXT,1,0,,Column canonical_id in snapshot_cutoff
snapshot_cutoff,immutable_uuid,TEXT,1,0,,Column immutable_uuid in snapshot_cutoff
snapshot_cutoff,name,TEXT,1,0,,Column name in snapshot_cutoff
snapshot_cutoff,status,TEXT,1,0,,Column status in snapshot_cutoff
snapshot_cutoff,event_at,TEXT,0,0,,Column event_at in snapshot_cutoff
snapshot_cutoff,recorded_at,TEXT,0,0,,Column recorded_at in snapshot_cutoff
snapshot_cutoff,available_at,TEXT,0,0,,Column available_at in snapshot_cutoff
snapshot_cutoff,amount_minor,INTEGER,1,0,0,Column amount_minor in snapshot_cutoff
snapshot_cutoff,quantity_milli,INTEGER,1,0,0,Column quantity_milli in snapshot_cutoff
snapshot_cutoff,source_system,TEXT,1,0,,Column source_system in snapshot_cutoff
snapshot_cutoff,provenance,TEXT,1,0,,Column provenance in snapshot_cutoff
source_system,id,INTEGER,0,1,,Column id in source_system
source_system,canonical_id,TEXT,1,0,,Column canonical_id in source_system
source_system,immutable_uuid,TEXT,1,0,,Column immutable_uuid in source_system
source_system,name,TEXT,1,0,,Column name in source_system
source_system,status,TEXT,1,0,,Column status in source_system
source_system,event_at,TEXT,0,0,,Column event_at in source_system
source_system,recorded_at,TEXT,0,0,,Column recorded_at in source_system
source_system,available_at,TEXT,0,0,,Column available_at in source_system
source_system,amount_minor,INTEGER,1,0,0,Column amount_minor in source_system
source_system,quantity_milli,INTEGER,1,0,0,Column quantity_milli in source_system
source_system,source_system,TEXT,1,0,,Column source_system in source_system
source_system,provenance,TEXT,1,0,,Column provenance in source_system
stockout_event,id,INTEGER,0,1,,Column id in stockout_event
stockout_event,canonical_id,TEXT,1,0,,Column canonical_id in stockout_event
stockout_event,immutable_uuid,TEXT,1,0,,Column immutable_uuid in stockout_event
stockout_event,name,TEXT,1,0,,Column name in stockout_event
stockout_event,status,TEXT,1,0,,Column status in stockout_event
stockout_event,event_at,TEXT,0,0,,Column event_at in stockout_event
stockout_event,recorded_at,TEXT,0,0,,Column recorded_at in stockout_event
stockout_event,available_at,TEXT,0,0,,Column available_at in stockout_event
stockout_event,amount_minor,INTEGER,1,0,0,Column amount_minor in stockout_event
stockout_event,quantity_milli,INTEGER,1,0,0,Column quantity_milli in stockout_event
stockout_event,source_system,TEXT,1,0,,Column source_system in stockout_event
stockout_event,provenance,TEXT,1,0,,Column provenance in stockout_event
stockpile,id,INTEGER,0,1,,Column id in stockpile
stockpile,canonical_id,TEXT,1,0,,Column canonical_id in stockpile
stockpile,immutable_uuid,TEXT,1,0,,Column immutable_uuid in stockpile
stockpile,name,TEXT,1,0,,Column name in stockpile
stockpile,status,TEXT,1,0,,Column status in stockpile
stockpile,event_at,TEXT,0,0,,Column event_at in stockpile
stockpile,recorded_at,TEXT,0,0,,Column recorded_at in stockpile
stockpile,available_at,TEXT,0,0,,Column available_at in stockpile
stockpile,amount_minor,INTEGER,1,0,0,Column amount_minor in stockpile
stockpile,quantity_milli,INTEGER,1,0,0,Column quantity_milli in stockpile
stockpile,source_system,TEXT,1,0,,Column source_system in stockpile
stockpile,provenance,TEXT,1,0,,Column provenance in stockpile
stockpile_movement,id,INTEGER,0,1,,Column id in stockpile_movement
stockpile_movement,canonical_id,TEXT,1,0,,Column canonical_id in stockpile_movement
stockpile_movement,immutable_uuid,TEXT,1,0,,Column immutable_uuid in stockpile_movement
stockpile_movement,name,TEXT,1,0,,Column name in stockpile_movement
stockpile_movement,status,TEXT,1,0,,Column status in stockpile_movement
stockpile_movement,event_at,TEXT,0,0,,Column event_at in stockpile_movement
stockpile_movement,recorded_at,TEXT,0,0,,Column recorded_at in stockpile_movement
stockpile_movement,available_at,TEXT,0,0,,Column available_at in stockpile_movement
stockpile_movement,amount_minor,INTEGER,1,0,0,Column amount_minor in stockpile_movement
stockpile_movement,quantity_milli,INTEGER,1,0,0,Column quantity_milli in stockpile_movement
stockpile_movement,source_system,TEXT,1,0,,Column source_system in stockpile_movement
stockpile_movement,provenance,TEXT,1,0,,Column provenance in stockpile_movement
storage_location,id,INTEGER,0,1,,Column id in storage_location
storage_location,canonical_id,TEXT,1,0,,Column canonical_id in storage_location
storage_location,immutable_uuid,TEXT,1,0,,Column immutable_uuid in storage_location
storage_location,name,TEXT,1,0,,Column name in storage_location
storage_location,status,TEXT,1,0,,Column status in storage_location
storage_location,event_at,TEXT,0,0,,Column event_at in storage_location
storage_location,recorded_at,TEXT,0,0,,Column recorded_at in storage_location
storage_location,available_at,TEXT,0,0,,Column available_at in storage_location
storage_location,amount_minor,INTEGER,1,0,0,Column amount_minor in storage_location
storage_location,quantity_milli,INTEGER,1,0,0,Column quantity_milli in storage_location
storage_location,source_system,TEXT,1,0,,Column source_system in storage_location
storage_location,provenance,TEXT,1,0,,Column provenance in storage_location
supplier_invoice,id,INTEGER,0,1,,Column id in supplier_invoice
supplier_invoice,canonical_id,TEXT,1,0,,Column canonical_id in supplier_invoice
supplier_invoice,immutable_uuid,TEXT,1,0,,Column immutable_uuid in supplier_invoice
supplier_invoice,name,TEXT,1,0,,Column name in supplier_invoice
supplier_invoice,status,TEXT,1,0,,Column status in supplier_invoice
supplier_invoice,event_at,TEXT,0,0,,Column event_at in supplier_invoice
supplier_invoice,recorded_at,TEXT,0,0,,Column recorded_at in supplier_invoice
supplier_invoice,available_at,TEXT,0,0,,Column available_at in supplier_invoice
supplier_invoice,amount_minor,INTEGER,1,0,0,Column amount_minor in supplier_invoice
supplier_invoice,quantity_milli,INTEGER,1,0,0,Column quantity_milli in supplier_invoice
supplier_invoice,source_system,TEXT,1,0,,Column source_system in supplier_invoice
supplier_invoice,provenance,TEXT,1,0,,Column provenance in supplier_invoice
supplier_invoice_line,id,INTEGER,0,1,,Column id in supplier_invoice_line
supplier_invoice_line,canonical_id,TEXT,1,0,,Column canonical_id in supplier_invoice_line
supplier_invoice_line,immutable_uuid,TEXT,1,0,,Column immutable_uuid in supplier_invoice_line
supplier_invoice_line,name,TEXT,1,0,,Column name in supplier_invoice_line
supplier_invoice_line,status,TEXT,1,0,,Column status in supplier_invoice_line
supplier_invoice_line,event_at,TEXT,0,0,,Column event_at in supplier_invoice_line
supplier_invoice_line,recorded_at,TEXT,0,0,,Column recorded_at in supplier_invoice_line
supplier_invoice_line,available_at,TEXT,0,0,,Column available_at in supplier_invoice_line
supplier_invoice_line,amount_minor,INTEGER,1,0,0,Column amount_minor in supplier_invoice_line
supplier_invoice_line,quantity_milli,INTEGER,1,0,0,Column quantity_milli in supplier_invoice_line
supplier_invoice_line,source_system,TEXT,1,0,,Column source_system in supplier_invoice_line
supplier_invoice_line,provenance,TEXT,1,0,,Column provenance in supplier_invoice_line
tracker_snapshot,id,INTEGER,0,1,,Column id in tracker_snapshot
tracker_snapshot,canonical_id,TEXT,1,0,,Column canonical_id in tracker_snapshot
tracker_snapshot,immutable_uuid,TEXT,1,0,,Column immutable_uuid in tracker_snapshot
tracker_snapshot,name,TEXT,1,0,,Column name in tracker_snapshot
tracker_snapshot,status,TEXT,1,0,,Column status in tracker_snapshot
tracker_snapshot,event_at,TEXT,0,0,,Column event_at in tracker_snapshot
tracker_snapshot,recorded_at,TEXT,0,0,,Column recorded_at in tracker_snapshot
tracker_snapshot,available_at,TEXT,0,0,,Column available_at in tracker_snapshot
tracker_snapshot,amount_minor,INTEGER,1,0,0,Column amount_minor in tracker_snapshot
tracker_snapshot,quantity_milli,INTEGER,1,0,0,Column quantity_milli in tracker_snapshot
tracker_snapshot,source_system,TEXT,1,0,,Column source_system in tracker_snapshot
tracker_snapshot,provenance,TEXT,1,0,,Column provenance in tracker_snapshot
training_completion,id,INTEGER,0,1,,Column id in training_completion
training_completion,canonical_id,TEXT,1,0,,Column canonical_id in training_completion
training_completion,immutable_uuid,TEXT,1,0,,Column immutable_uuid in training_completion
training_completion,name,TEXT,1,0,,Column name in training_completion
training_completion,status,TEXT,1,0,,Column status in training_completion
training_completion,event_at,TEXT,0,0,,Column event_at in training_completion
training_completion,recorded_at,TEXT,0,0,,Column recorded_at in training_completion
training_completion,available_at,TEXT,0,0,,Column available_at in training_completion
training_completion,amount_minor,INTEGER,1,0,0,Column amount_minor in training_completion
training_completion,quantity_milli,INTEGER,1,0,0,Column quantity_milli in training_completion
training_completion,source_system,TEXT,1,0,,Column source_system in training_completion
training_completion,provenance,TEXT,1,0,,Column provenance in training_completion
trial_balance,id,INTEGER,0,1,,Column id in trial_balance
trial_balance,canonical_id,TEXT,1,0,,Column canonical_id in trial_balance
trial_balance,immutable_uuid,TEXT,1,0,,Column immutable_uuid in trial_balance
trial_balance,name,TEXT,1,0,,Column name in trial_balance
trial_balance,status,TEXT,1,0,,Column status in trial_balance
trial_balance,event_at,TEXT,0,0,,Column event_at in trial_balance
trial_balance,recorded_at,TEXT,0,0,,Column recorded_at in trial_balance
trial_balance,available_at,TEXT,0,0,,Column available_at in trial_balance
trial_balance,amount_minor,INTEGER,1,0,0,Column amount_minor in trial_balance
trial_balance,quantity_milli,INTEGER,1,0,0,Column quantity_milli in trial_balance
trial_balance,source_system,TEXT,1,0,,Column source_system in trial_balance
trial_balance,provenance,TEXT,1,0,,Column provenance in trial_balance
unit_of_measure,id,INTEGER,0,1,,Column id in unit_of_measure
unit_of_measure,canonical_id,TEXT,1,0,,Column canonical_id in unit_of_measure
unit_of_measure,immutable_uuid,TEXT,1,0,,Column immutable_uuid in unit_of_measure
unit_of_measure,name,TEXT,1,0,,Column name in unit_of_measure
unit_of_measure,status,TEXT,1,0,,Column status in unit_of_measure
unit_of_measure,event_at,TEXT,0,0,,Column event_at in unit_of_measure
unit_of_measure,recorded_at,TEXT,0,0,,Column recorded_at in unit_of_measure
unit_of_measure,available_at,TEXT,0,0,,Column available_at in unit_of_measure
unit_of_measure,amount_minor,INTEGER,1,0,0,Column amount_minor in unit_of_measure
unit_of_measure,quantity_milli,INTEGER,1,0,0,Column quantity_milli in unit_of_measure
unit_of_measure,source_system,TEXT,1,0,,Column source_system in unit_of_measure
unit_of_measure,provenance,TEXT,1,0,,Column provenance in unit_of_measure
validation_result,id,INTEGER,0,1,,Column id in validation_result
validation_result,canonical_id,TEXT,1,0,,Column canonical_id in validation_result
validation_result,immutable_uuid,TEXT,1,0,,Column immutable_uuid in validation_result
validation_result,name,TEXT,1,0,,Column name in validation_result
validation_result,status,TEXT,1,0,,Column status in validation_result
validation_result,event_at,TEXT,0,0,,Column event_at in validation_result
validation_result,recorded_at,TEXT,0,0,,Column recorded_at in validation_result
validation_result,available_at,TEXT,0,0,,Column available_at in validation_result
validation_result,amount_minor,INTEGER,1,0,0,Column amount_minor in validation_result
validation_result,quantity_milli,INTEGER,1,0,0,Column quantity_milli in validation_result
validation_result,source_system,TEXT,1,0,,Column source_system in validation_result
validation_result,provenance,TEXT,1,0,,Column provenance in validation_result
vendor,id,INTEGER,0,1,,Column id in vendor
vendor,canonical_id,TEXT,1,0,,Column canonical_id in vendor
vendor,immutable_uuid,TEXT,1,0,,Column immutable_uuid in vendor
vendor,name,TEXT,1,0,,Column name in vendor
vendor,status,TEXT,1,0,,Column status in vendor
vendor,event_at,TEXT,0,0,,Column event_at in vendor
vendor,recorded_at,TEXT,0,0,,Column recorded_at in vendor
vendor,available_at,TEXT,0,0,,Column available_at in vendor
vendor,amount_minor,INTEGER,1,0,0,Column amount_minor in vendor
vendor,quantity_milli,INTEGER,1,0,0,Column quantity_milli in vendor
vendor,source_system,TEXT,1,0,,Column source_system in vendor
vendor,provenance,TEXT,1,0,,Column provenance in vendor
warehouse,id,INTEGER,0,1,,Column id in warehouse
warehouse,canonical_id,TEXT,1,0,,Column canonical_id in warehouse
warehouse,immutable_uuid,TEXT,1,0,,Column immutable_uuid in warehouse
warehouse,name,TEXT,1,0,,Column name in warehouse
warehouse,status,TEXT,1,0,,Column status in warehouse
warehouse,event_at,TEXT,0,0,,Column event_at in warehouse
warehouse,recorded_at,TEXT,0,0,,Column recorded_at in warehouse
warehouse,available_at,TEXT,0,0,,Column available_at in warehouse
warehouse,amount_minor,INTEGER,1,0,0,Column amount_minor in warehouse
warehouse,quantity_milli,INTEGER,1,0,0,Column quantity_milli in warehouse
warehouse,source_system,TEXT,1,0,,Column source_system in warehouse
warehouse,provenance,TEXT,1,0,,Column provenance in warehouse
wbs_element,id,INTEGER,0,1,,Column id in wbs_element
wbs_element,canonical_id,TEXT,1,0,,Column canonical_id in wbs_element
wbs_element,immutable_uuid,TEXT,1,0,,Column immutable_uuid in wbs_element
wbs_element,name,TEXT,1,0,,Column name in wbs_element
wbs_element,status,TEXT,1,0,,Column status in wbs_element
wbs_element,event_at,TEXT,0,0,,Column event_at in wbs_element
wbs_element,recorded_at,TEXT,0,0,,Column recorded_at in wbs_element
wbs_element,available_at,TEXT,0,0,,Column available_at in wbs_element
wbs_element,amount_minor,INTEGER,1,0,0,Column amount_minor in wbs_element
wbs_element,quantity_milli,INTEGER,1,0,0,Column quantity_milli in wbs_element
wbs_element,source_system,TEXT,1,0,,Column source_system in wbs_element
wbs_element,provenance,TEXT,1,0,,Column provenance in wbs_element
work_order,id,INTEGER,0,1,,Column id in work_order
work_order,canonical_id,TEXT,1,0,,Column canonical_id in work_order
work_order,immutable_uuid,TEXT,1,0,,Column immutable_uuid in work_order
work_order,name,TEXT,1,0,,Column name in work_order
work_order,status,TEXT,1,0,,Column status in work_order
work_order,event_at,TEXT,0,0,,Column event_at in work_order
work_order,recorded_at,TEXT,0,0,,Column recorded_at in work_order
work_order,available_at,TEXT,0,0,,Column available_at in work_order
work_order,amount_minor,INTEGER,1,0,0,Column amount_minor in work_order
work_order,quantity_milli,INTEGER,1,0,0,Column quantity_milli in work_order
work_order,source_system,TEXT,1,0,,Column source_system in work_order
work_order,provenance,TEXT,1,0,,Column provenance in work_order
