{"features":[{"geometry":{"coordinates":[[-80.122284,39.474499],[-80.122205,39.474098],[-80.122154,39.473905],[-80.122085,39.473739],[-80.122028,39.47364],[-80.121998,39.473588],[-80.12187,39.473408],[-80.121736,39.473236]],"type":"LineString"},"id":"REF-FAIRMONT-CONNECTING-ROADS-1","properties":{"canon_status":"REAL_REFERENCE","county_route":null,"federal_lands_route":null,"fictionality":"REAL","globalid":"{6C7436C5-C59B-4B39-9687-D7840CB8534B}","interstate":null,"interstate_a":null,"interstate_b":null,"interstate_c":null,"loaddate":1474004667000,"mtfcc_code":"S1200","name":"Grafton Rd","objectid":667669,"permanent_identifier":"a277a383-c8cf-42ed-ac03-36bb81e7739b","real_world_relation":"REFERENCE_ONLY","shape_Length":194.43009286897188,"source_datadesc":"2016 January MAFTIGER","source_datasetid":"{9298FF95-0FA8-4712-9AA5-9292C907CA63}","source_featureid":"110803607253","source_id":"REF-FAIRMONT-CONNECTING-ROADS","source_originator":"U.S. Department of Commerce, U.S. Census Bureau, Geography Division","state_route":"310","state_route_a":"310","state_route_b":null,"state_route_c":null,"stco_fipscode":"54049","tnmfrc":3,"us_route":null,"us_route_a":null,"us_route_b":null,"us_route_c":null},"type":"Feature"},{"geometry":{"coordinates":[[-80.146677,39.480609],[-80.146812,39.480677],[-80.147159,39.480862]],"type":"LineString"},"id":"REF-FAIRMONT-CONNECTING-ROADS-2","properties":{"canon_status":"REAL_REFERENCE","county_route":null,"federal_lands_route":null,"fictionality":"REAL","globalid":"{DD55B637-4B20-4B82-AB7A-9C20988B8EC5}","interstate":null,"interstate_a":null,"interstate_b":null,"interstate_c":null,"loaddate":1474004745000,"mtfcc_code":"S1200","name":"3rd St","objectid":1176578,"permanent_identifier":"40fb086e-0f87-422c-bdc3-a9022423f5d0","real_world_relation":"REFERENCE_ONLY","shape_Length":64.89235109744266,"source_datadesc":"2016 January MAFTIGER","source_datasetid":"{9298FF95-0FA8-4712-9AA5-9292C907CA63}","source_featureid":"110803586750","source_id":"REF-FAIRMONT-CONNECTING-ROADS","source_originator":"U.S. Department of Commerce, U.S. Census Bureau, Geography Division","state_route":"310","state_route_a":"310","state_route_b":null,"state_route_c":null,"stco_fipscode":"54049","tnmfrc":3,"us_route":null,"us_route_a":null,"us_route_b":null,"us_route_c":null},"type":"Feature"},{"geometry":{"coordinates":[[-80.08333,39.423766],[-80.083366,39.423806],[-80.083471,39.423942],[-80.083687,39.4242],[-80.083852,39.424375],[-80.08399,39.424513],[-80.084207,39.424678],[-80.084451,39.424848]],"type":"LineString"},"id":"REF-FAIRMONT-CONNECTING-ROADS-3","properties":{"canon_status":"REAL_REFERENCE","county_route":null,"federal_lands_route":null,"fictionality":"REAL","globalid":"{6FBC9F4F-DFD7-4D91-8D97-2681C0FC4E8F}","interstate":null,"interstate_a":null,"interstate_b":null,"interstate_c":null,"loaddate":1474004334000,"mtfcc_code":"S1200","name":"State Rte 310","objectid":1430673,"permanent_identifier":"fa4be839-bff4-4367-b718-3040e3fa123a","real_world_relation":"REFERENCE_ONLY","shape_Length":200.92053095549005,"source_datadesc":"2016 January MAFTIGER","source_datasetid":"{9298FF95-0FA8-4712-9AA5-9292C907CA63}","source_featureid":"110803586749","source_id":"REF-FAIRMONT-CONNECTING-ROADS","source_originator":"U.S. Department of Commerce, U.S. Census Bureau, Geography Division","state_route":"310","state_route_a":"310","state_route_b":null,"state_route_c":null,"stco_fipscode":"54049","tnmfrc":3,"us_route":null,"us_route_a":null,"us_route_b":null,"us_route_c":null},"type":"Feature"},{"geometry":{"coordinates":[[-80.13819,39.481487],[-80.138057,39.481564],[-80.137728,39.481766]],"type":"LineString"},"id":"REF-FAIRMONT-CONNECTING-ROADS-4","properties":{"canon_status":"REAL_REFERENCE","county_route":null,"federal_lands_route":null,"fictionality":"REAL","globalid":"{C8FEAD59-A177-461D-ABEF-D700FDD8C860}","interstate":null,"interstate_a":null,"interstate_b":null,"interstate_c":null,"loaddate":1474004745000,"mtfcc_code":"S1200","name":"Merchant St","objectid":1685079,"permanent_identifier":"45d6fcd1-63b5-4653-99db-9c1fc0e3bf29","real_world_relation":"REFERENCE_ONLY","shape_Length":65.3065613973624,"source_datadesc":"2016 January MAFTIGER","source_datasetid":"{9298FF95-0FA8-4712-9AA5-9292C907CA63}","source_featureid":"110803607673","source_id":"REF-FAIRMONT-CONNECTING-ROADS","source_originator":"U.S. Department of Commerce, U.S. Census Bureau, Geography Division","state_route":"310","state_route_a":"310","state_route_b":null,"state_route_c":null,"stco_fipscode":"54049","tnmfrc":3,"us_route":null,"us_route_a":null,"us_route_b":null,"us_route_c":null},"type":"Feature"},{"geometry":{"coordinates":[[-80.100189,39.451969],[-80.100244,39.451957],[-80.100423,39.451906],[-80.100701,39.451793],[-80.101337,39.451487],[-80.101727,39.451285],[-80.102104,39.451083],[-80.102333,39.450971],[-80.102492,39.450914],[-80.102686,39.45088]],"type":"LineString"},"id":"REF-FAIRMONT-CONNECTING-ROADS-5","properties":{"canon_status":"REAL_REFERENCE","county_route":null,"federal_lands_route":null,"fictionality":"REAL","globalid":"{E00D97BC-AD6C-4F7B-B1E6-073349F26043}","interstate":null,"interstate_a":null,"interstate_b":null,"interstate_c":null,"loaddate":1474004515000,"mtfcc_code":"S1200","name":"E Grafton Rd","objectid":1812492,"permanent_identifier":"87e27596-cf37-426d-8f30-ad6effea623e","real_world_relation":"REFERENCE_ONLY","shape_Length":321.186562554717,"source_datadesc":"2016 January MAFTIGER","source_datasetid":"{9298FF95-0FA8-4712-9AA5-9292C907CA63}","source_featureid":"1103690717711","source_id":"REF-FAIRMONT-CONNECTING-ROADS","source_originator":"U.S. Department of Commerce, U.S. Census Bureau, Geography Division","state_route":"310","state_route_a":"310","state_route_b":null,"state_route_c":null,"stco_fipscode":"54049","tnmfrc":3,"us_route":null,"us_route_a":null,"us_route_b":null,"us_route_c":null},"type":"Feature"},{"geometry":{"coordinates":[[-80.120217,39.471631],[-80.120363,39.471791],[-80.120649,39.472133]],"type":"LineString"},"id":"REF-FAIRMONT-CONNECTING-ROADS-6","properties":{"canon_status":"REAL_REFERENCE","county_route":null,"federal_lands_route":null,"fictionality":"REAL","globalid":"{C9DF1E1B-3DC0-433A-BB6A-D1D68C27037E}","interstate":null,"interstate_a":null,"interstate_b":null,"interstate_c":null,"loaddate":1474004835000,"mtfcc_code":"S1200","name":"Co Rd 3/1","objectid":2575678,"permanent_identifier":"62fa0f14-c8d2-4adb-a65a-b1ed7b6ab99e","real_world_relation":"REFERENCE_ONLY","shape_Length":86.92543274790259,"source_datadesc":"2016 January MAFTIGER","source_datasetid":"{9298FF95-0FA8-4712-9AA5-9292C907CA63}","source_featureid":"110803608985","source_id":"REF-FAIRMONT-CONNECTING-ROADS","source_originator":"U.S. Department of Commerce, U.S. Census Bureau, Geography Division","state_route":"310","state_route_a":"310","state_route_b":null,"state_route_c":null,"stco_fipscode":"54049","tnmfrc":3,"us_route":null,"us_route_a":null,"us_route_b":null,"us_route_c":null},"type":"Feature"},{"geometry":{"coordinates":[[-80.119362,39.470522],[-80.119464,39.470678]],"type":"LineString"},"id":"REF-FAIRMONT-CONNECTING-ROADS-7","properties":{"canon_status":"REAL_REFERENCE","county_route":null,"federal_lands_route":null,"fictionality":"REAL","globalid":"{042D522B-23FF-4506-9E8F-1ECB557452C6}","interstate":null,"interstate_a":null,"interstate_b":null,"interstate_c":null,"loaddate":1474004488000,"mtfcc_code":"S1200","name":"Co Rd 3/1","objectid":2575780,"permanent_identifier":"9d8c9512-7916-42a3-9b9c-691fb7d82fc5","real_world_relation":"REFERENCE_ONLY","shape_Length":25.199145960847233,"source_datadesc":"2016 January MAFTIGER","source_datasetid":"{9298FF95-0FA8-4712-9AA5-9292C907CA63}","source_featureid":"110803608986","source_id":"REF-FAIRMONT-CONNECTING-ROADS","source_originator":"U.S. Department of Commerce, U.S. Census Bureau, Geography Division","state_route":"310","state_route_a":"310","state_route_b":null,"state_route_c":null,"stco_fipscode":"54049","tnmfrc":3,"us_route":null,"us_route_a":null,"us_route_b":null,"us_route_c":null},"type":"Feature"},{"geometry":{"coordinates":[[-80.116348,39.463637],[-80.116335,39.463749],[-80.116341,39.464041],[-80.116371,39.464189],[-80.116409,39.464285],[-80.116445,39.464395],[-80.116609,39.464751],[-80.116665,39.464863],[-80.11672,39.46499],[-80.116791,39.465119],[-80.116826,39.465205],[-80.116916,39.465359],[-80.117097,39.465575],[-80.117343,39.465838],[-80.117462,39.465975],[-80.117547,39.466071],[-80.117613,39.466191],[-80.117691,39.466299],[-80.117874,39.46671],[-80.118154,39.467284],[-80.11832,39.46761],[-80.118378,39.467735],[-80.118436,39.467879],[-80.11848,39.468042],[-80.118514,39.468232],[-80.11853,39.468321],[-80.118535,39.468347],[-80.118544,39.468413],[-80.118649,39.469103]],"type":"LineString"},"id":"REF-FAIRMONT-CONNECTING-ROADS-8","properties":{"canon_status":"REAL_REFERENCE","county_route":null,"federal_lands_route":null,"fictionality":"REAL","globalid":"{0B9AFBEC-5D08-4F21-9ED6-99FEE9B36E16}","interstate":null,"interstate_a":null,"interstate_b":null,"interstate_c":null,"loaddate":1474004456000,"mtfcc_code":"S1200","name":"E Grafton Rd","objectid":2703332,"permanent_identifier":"8828cba6-6f2a-4d35-8803-b40dc59c8452","real_world_relation":"REFERENCE_ONLY","shape_Length":841.167390610438,"source_datadesc":"2016 January MAFTIGER","source_datasetid":"{9298FF95-0FA8-4712-9AA5-9292C907CA63}","source_featureid":"110803607256","source_id":"REF-FAIRMONT-CONNECTING-ROADS","source_originator":"U.S. Department of Commerce, U.S. Census Bureau, Geography Division","state_route":"310","state_route_a":"310","state_route_b":null,"state_route_c":null,"stco_fipscode":"54049","tnmfrc":3,"us_route":null,"us_route_a":null,"us_route_b":null,"us_route_c":null},"type":"Feature"},{"geometry":{"coordinates":[[-80.135235,39.483015],[-80.134518,39.483053],[-80.134374,39.483069]],"type":"LineString"},"id":"REF-FAIRMONT-CONNECTING-ROADS-9","properties":{"canon_status":"REAL_REFERENCE","county_route":null,"federal_lands_route":null,"fictionality":"REAL","globalid":"{08CE82CA-FA77-4039-8C1E-10FF2E8F7298}","interstate":null,"interstate_a":null,"interstate_b":null,"interstate_c":null,"loaddate":1474004745000,"mtfcc_code":"S1200","name":"E Park Ave","objectid":2957468,"permanent_identifier":"dcec5eae-5b1d-4d14-94a9-6301be6cd8ac","real_world_relation":"REFERENCE_ONLY","shape_Length":96.19930714699402,"source_datadesc":"2016 January MAFTIGER","source_datasetid":"{9298FF95-0FA8-4712-9AA5-9292C907CA63}","source_featureid":"110803597965","source_id":"REF-FAIRMONT-CONNECTING-ROADS","source_originator":"U.S. Department of Commerce, U.S. Census Bureau, Geography Division","state_route":"310","state_route_a":"310","state_route_b":null,"state_route_c":null,"stco_fipscode":"54049","tnmfrc":3,"us_route":null,"us_route_a":null,"us_route_b":null,"us_route_c":null},"type":"Feature"},{"geometry":{"coordinates":[[-80.116762,39.462776],[-80.116682,39.462913],[-80.1166,39.463037],[-80.116531,39.463173],[-80.116434,39.463384],[-80.116348,39.463637]],"type":"LineString"},"id":"REF-FAIRMONT-CONNECTING-ROADS-10","properties":{"canon_status":"REAL_REFERENCE","county_route":null,"federal_lands_route":null,"fictionality":"REAL","globalid":"{7648E490-F18A-40F1-84A1-0F39E08C8BD2}","interstate":null,"interstate_a":null,"interstate_b":null,"interstate_c":null,"loaddate":1474004456000,"mtfcc_code":"S1200","name":"E Grafton Rd","objectid":3466688,"permanent_identifier":"57920925-831d-4457-8ccb-ae925c05dc8a","real_world_relation":"REFERENCE_ONLY","shape_Length":132.80297030676138,"source_datadesc":"2016 January MAFTIGER","source_datasetid":"{9298FF95-0FA8-4712-9AA5-9292C907CA63}","source_featureid":"110803607256","source_id":"REF-FAIRMONT-CONNECTING-ROADS","source_originator":"U.S. Department of Commerce, U.S. Census Bureau, Geography Division","state_route":"310","state_route_a":"310","state_route_b":null,"state_route_c":null,"stco_fipscode":"54049","tnmfrc":3,"us_route":null,"us_route_a":null,"us_route_b":null,"us_route_c":null},"type":"Feature"},{"geometry":{"coordinates":[[-80.064945,39.414489],[-80.06506,39.414493],[-80.065185,39.414504],[-80.065324,39.414529],[-80.065782,39.414666]],"type":"LineString"},"id":"REF-FAIRMONT-CONNECTING-ROADS-11","properties":{"canon_status":"REAL_REFERENCE","county_route":null,"federal_lands_route":null,"fictionality":"REAL","globalid":"{A4CDF0DD-174C-4ABE-BEE2-5612A181DD91}","interstate":null,"interstate_a":null,"interstate_b":null,"interstate_c":null,"loaddate":1474004339000,"mtfcc_code":"S1200","name":"E Grafton Rd","objectid":3721540,"permanent_identifier":"8e138e3e-cf00-4f3b-be02-c530b8fa60a5","real_world_relation":"REFERENCE_ONLY","shape_Length":97.37936984475436,"source_datadesc":"2016 January MAFTIGER","source_datasetid":"{9298FF95-0FA8-4712-9AA5-9292C907CA63}","source_featureid":"1104469045843","source_id":"REF-FAIRMONT-CONNECTING-ROADS","source_originator":"U.S. Department of Commerce, U.S. Census Bureau, Geography Division","state_route":"310","state_route_a":"310","state_route_b":null,"state_route_c":null,"stco_fipscode":"54049","tnmfrc":3,"us_route":null,"us_route_a":null,"us_route_b":null,"us_route_c":null},"type":"Feature"},{"geometry":{"coordinates":[[-80.129672,39.482862],[-80.129149,39.482827],[-80.128733,39.482786],[-80.128473,39.482714],[-80.127954,39.482544]],"type":"LineString"},"id":"REF-FAIRMONT-CONNECTING-ROADS-12","properties":{"canon_status":"REAL_REFERENCE","county_route":null,"federal_lands_route":null,"fictionality":"REAL","globalid":"{74CE8337-DCE5-4D07-9C0A-D91CA79B5EF8}","interstate":null,"interstate_a":null,"interstate_b":null,"interstate_c":null,"loaddate":1474004745000,"mtfcc_code":"S1200","name":"E Park Ave","objectid":3849055,"permanent_identifier":"d2d7455c-32a4-4f53-bc10-3ff9974daf82","real_world_relation":"REFERENCE_ONLY","shape_Length":198.63565608857976,"source_datadesc":"2016 January MAFTIGER","source_datasetid":"{9298FF95-0FA8-4712-9AA5-9292C907CA63}","source_featureid":"110803597965","source_id":"REF-FAIRMONT-CONNECTING-ROADS","source_originator":"U.S. Department of Commerce, U.S. Census Bureau, Geography Division","state_route":"310","state_route_a":"310","state_route_b":null,"state_route_c":null,"stco_fipscode":"54049","tnmfrc":3,"us_route":null,"us_route_a":null,"us_route_b":null,"us_route_c":null},"type":"Feature"},{"geometry":{"coordinates":[[-80.090309,39.436932],[-80.090333,39.437113],[-80.090359,39.437496],[-80.090384,39.437656],[-80.090407,39.437844],[-80.090443,39.437962],[-80.09047,39.438033],[-80.090518,39.438124],[-80.090603,39.438235],[-80.090668,39.438285],[-80.090759,39.438345],[-80.091081,39.438472],[-80.091427,39.438581],[-80.091668,39.438662],[-80.092017,39.43876],[-80.092158,39.438806],[-80.092354,39.438884],[-80.092441,39.438936]],"type":"LineString"},"id":"REF-FAIRMONT-CONNECTING-ROADS-13","properties":{"canon_status":"REAL_REFERENCE","county_route":null,"federal_lands_route":null,"fictionality":"REAL","globalid":"{3F75A40C-ADE0-415F-947A-669D825A3B9E}","interstate":null,"interstate_a":null,"interstate_b":null,"interstate_c":null,"loaddate":1474004515000,"mtfcc_code":"S1200","name":"E Grafton Rd","objectid":3849060,"permanent_identifier":"7a17bc75-bd74-469d-91f3-2505cfb70f17","real_world_relation":"REFERENCE_ONLY","shape_Length":422.6500865734076,"source_datadesc":"2016 January MAFTIGER","source_datasetid":"{9298FF95-0FA8-4712-9AA5-9292C907CA63}","source_featureid":"1103690717711","source_id":"REF-FAIRMONT-CONNECTING-ROADS","source_originator":"U.S. Department of Commerce, U.S. Census Bureau, Geography Division","state_route":"310","state_route_a":"310","state_route_b":null,"state_route_c":null,"stco_fipscode":"54049","tnmfrc":3,"us_route":null,"us_route_a":null,"us_route_b":null,"us_route_c":null},"type":"Feature"},{"geometry":{"coordinates":[[-80.104952,39.451799],[-80.105155,39.45196],[-80.105358,39.452149],[-80.105522,39.452287],[-80.105671,39.452389],[-80.105837,39.452476],[-80.106189,39.452586],[-80.106705,39.452715],[-80.107106,39.452828],[-80.107411,39.452938]],"type":"LineString"},"id":"REF-FAIRMONT-CONNECTING-ROADS-14","properties":{"canon_status":"REAL_REFERENCE","county_route":null,"federal_lands_route":null,"fictionality":"REAL","globalid":"{61CEDC22-E75D-4A53-88AE-8D52912BE8C5}","interstate":null,"interstate_a":null,"interstate_b":null,"interstate_c":null,"loaddate":1474004334000,"mtfcc_code":"S1200","name":"State Rte 310","objectid":3849071,"permanent_identifier":"161217a1-c2e1-405e-9148-1a2956b3c1fe","real_world_relation":"REFERENCE_ONLY","shape_Length":326.9367185186881,"source_datadesc":"2016 January MAFTIGER","source_datasetid":"{9298FF95-0FA8-4712-9AA5-9292C907CA63}","source_featureid":"110803586749","source_id":"REF-FAIRMONT-CONNECTING-ROADS","source_originator":"U.S. Department of Commerce, U.S. Census Bureau, Geography Division","state_route":"310","state_route_a":"310","state_route_b":null,"state_route_c":null,"stco_fipscode":"54049","tnmfrc":3,"us_route":null,"us_route_a":null,"us_route_b":null,"us_route_c":null},"type":"Feature"},{"geometry":{"coordinates":[[-80.117967,39.459504],[-80.117976,39.459536],[-80.117991,39.459633],[-80.117991,39.459676],[-80.117997,39.459721],[-80.118002,39.459875],[-80.117996,39.460049],[-80.117977,39.460167],[-80.117922,39.460405],[-80.117867,39.460565],[-80.117806,39.460709],[-80.117448,39.46157],[-80.117352,39.461767],[-80.117343,39.461789],[-80.117281,39.461948],[-80.117197,39.462102],[-80.117064,39.462318],[-80.116907,39.462556],[-80.116762,39.462776]],"type":"LineString"},"id":"REF-FAIRMONT-CONNECTING-ROADS-15","properties":{"canon_status":"REAL_REFERENCE","county_route":null,"federal_lands_route":null,"fictionality":"REAL","globalid":"{49443B08-F78D-4999-A5C1-FB30136A4ABB}","interstate":null,"interstate_a":null,"interstate_b":null,"interstate_c":null,"loaddate":1474004456000,"mtfcc_code":"S1200","name":"E Grafton Rd","objectid":4358304,"permanent_identifier":"15323089-e43b-484c-8de8-99146855a4ad","real_world_relation":"REFERENCE_ONLY","shape_Length":497.2345341301982,"source_datadesc":"2016 January MAFTIGER","source_datasetid":"{9298FF95-0FA8-4712-9AA5-9292C907CA63}","source_featureid":"110803607256","source_id":"REF-FAIRMONT-CONNECTING-ROADS","source_originator":"U.S. Department of Commerce, U.S. Census Bureau, Geography Division","state_route":"310","state_route_a":"310","state_route_b":null,"state_route_c":null,"stco_fipscode":"54049","tnmfrc":3,"us_route":null,"us_route_a":null,"us_route_b":null,"us_route_c":null},"type":"Feature"},{"geometry":{"coordinates":[[-80.122185,39.47795],[-80.12207,39.47779],[-80.121946,39.477606]],"type":"LineString"},"id":"REF-FAIRMONT-CONNECTING-ROADS-16","properties":{"canon_status":"REAL_REFERENCE","county_route":null,"federal_lands_route":null,"fictionality":"REAL","globalid":"{FA5474B1-BF54-4DAE-98BA-16A18B76839E}","interstate":null,"interstate_a":null,"interstate_b":null,"interstate_c":null,"loaddate":1474004745000,"mtfcc_code":"S1200","name":"E Park Ave","objectid":4997410,"permanent_identifier":"3ab97743-ae33-46de-8557-0b3f17887260","real_world_relation":"REFERENCE_ONLY","shape_Length":56.300458713030295,"source_datadesc":"2016 January MAFTIGER","source_datasetid":"{9298FF95-0FA8-4712-9AA5-9292C907CA63}","source_featureid":"110803597965","source_id":"REF-FAIRMONT-CONNECTING-ROADS","source_originator":"U.S. Department of Commerce, U.S. Census Bureau, Geography Division","state_route":"310","state_route_a":"310","state_route_b":null,"state_route_c":null,"stco_fipscode":"54049","tnmfrc":3,"us_route":null,"us_route_a":null,"us_route_b":null,"us_route_c":null},"type":"Feature"},{"geometry":{"coordinates":[[-80.140303,39.480237],[-80.140021,39.480407]],"type":"LineString"},"id":"REF-FAIRMONT-CONNECTING-ROADS-17","properties":{"canon_status":"REAL_REFERENCE","county_route":null,"federal_lands_route":null,"fictionality":"REAL","globalid":"{19D15569-6E71-4DA3-8132-1252A243E54A}","interstate":null,"interstate_a":null,"interstate_b":null,"interstate_c":null,"loaddate":1474004667000,"mtfcc_code":"S1200","name":"Merchant St","objectid":5252936,"permanent_identifier":"06eb7f0d-e30d-45c8-91fd-c1470f3cfa15","real_world_relation":"REFERENCE_ONLY","shape_Length":39.832347171544264,"source_datadesc":"2016 January MAFTIGER","source_datasetid":"{9298FF95-0FA8-4712-9AA5-9292C907CA63}","source_featureid":"110803607673","source_id":"REF-FAIRMONT-CONNECTING-ROADS","source_originator":"U.S. Department of Commerce, U.S. Census Bureau, Geography Division","state_route":"310","state_route_a":"310","state_route_b":null,"state_route_c":null,"stco_fipscode":"54049","tnmfrc":3,"us_route":null,"us_route_a":null,"us_route_b":null,"us_route_c":null},"type":"Feature"},{"geometry":{"coordinates":[[-80.142464,39.478991],[-80.142691,39.478871],[-80.142836,39.478807],[-80.14311,39.478757],[-80.143285,39.478756],[-80.143395,39.478777],[-80.143486,39.478804]],"type":"LineString"},"id":"REF-FAIRMONT-CONNECTING-ROADS-18","properties":{"canon_status":"REAL_REFERENCE","county_route":null,"federal_lands_route":null,"fictionality":"REAL","globalid":"{B3643700-7819-4B4A-88D5-3D48E86E4766}","interstate":null,"interstate_a":null,"interstate_b":null,"interstate_c":null,"loaddate":1474004334000,"mtfcc_code":"S1200","name":"State Rte 310","objectid":6402528,"permanent_identifier":"10721ce6-ec62-463d-a12a-9baedb7e540e","real_world_relation":"REFERENCE_ONLY","shape_Length":123.51266648131707,"source_datadesc":"2016 January MAFTIGER","source_datasetid":"{9298FF95-0FA8-4712-9AA5-9292C907CA63}","source_featureid":"110803586747","source_id":"REF-FAIRMONT-CONNECTING-ROADS","source_originator":"U.S. Department of Commerce, U.S. Census Bureau, Geography Division","state_route":"310","state_route_a":"310","state_route_b":null,"state_route_c":null,"stco_fipscode":"54049","tnmfrc":3,"us_route":null,"us_route_a":null,"us_route_b":null,"us_route_c":null},"type":"Feature"},{"geometry":{"coordinates":[[-80.07352,39.41753],[-80.073823,39.417594],[-80.074056,39.417673],[-80.074192,39.41772],[-80.074334,39.417774],[-80.074571,39.417863],[-80.074792,39.417971],[-80.075184,39.418186],[-80.075415,39.418319],[-80.075664,39.418455],[-80.075843,39.418574],[-80.076016,39.418672]],"type":"LineString"},"id":"REF-FAIRMONT-CONNECTING-ROADS-19","properties":{"canon_status":"REAL_REFERENCE","county_route":null,"federal_lands_route":null,"fictionality":"REAL","globalid":"{04B3D3C7-4FAA-43E0-BBF5-4BF8BADFC361}","interstate":null,"interstate_a":null,"interstate_b":null,"interstate_c":null,"loaddate":1474004334000,"mtfcc_code":"S1200","name":"State Rte 310","objectid":6658036,"permanent_identifier":"b0667034-9294-41ab-a72f-3e683898abcb","real_world_relation":"REFERENCE_ONLY","shape_Length":325.64618820260364,"source_datadesc":"2016 January MAFTIGER","source_datasetid":"{9298FF95-0FA8-4712-9AA5-9292C907CA63}","source_featureid":"110803586749","source_id":"REF-FAIRMONT-CONNECTING-ROADS","source_originator":"U.S. Department of Commerce, U.S. Census Bureau, Geography Division","state_route":"310","state_route_a":"310","state_route_b":null,"state_route_c":null,"stco_fipscode":"54049","tnmfrc":3,"us_route":null,"us_route_a":null,"us_route_b":null,"us_route_c":null},"type":"Feature"},{"geometry":{"coordinates":[[-80.140521,39.480122],[-80.140303,39.480237]],"type":"LineString"},"id":"REF-FAIRMONT-CONNECTING-ROADS-20","properties":{"canon_status":"REAL_REFERENCE","county_route":null,"federal_lands_route":null,"fictionality":"REAL","globalid":"{D44A4459-90DE-487A-9205-5CC4CEA6CCBC}","interstate":null,"interstate_a":null,"interstate_b":null,"interstate_c":null,"loaddate":1474004667000,"mtfcc_code":"S1200","name":"Merchant St","objectid":6912608,"permanent_identifier":"643d8f8a-2e35-415f-bee1-99728122d55d","real_world_relation":"REFERENCE_ONLY","shape_Length":29.394103862521604,"source_datadesc":"2016 January MAFTIGER","source_datasetid":"{9298FF95-0FA8-4712-9AA5-9292C907CA63}","source_featureid":"110803607673","source_id":"REF-FAIRMONT-CONNECTING-ROADS","source_originator":"U.S. Department of Commerce, U.S. Census Bureau, Geography Division","state_route":"310","state_route_a":"310","state_route_b":null,"state_route_c":null,"stco_fipscode":"54049","tnmfrc":3,"us_route":null,"us_route_a":null,"us_route_b":null,"us_route_c":null},"type":"Feature"},{"geometry":{"coordinates":[[-80.122142,39.475183],[-80.122169,39.475102],[-80.122253,39.474851],[-80.122279,39.474672],[-80.122284,39.474499]],"type":"LineString"},"id":"REF-FAIRMONT-CONNECTING-ROADS-21","properties":{"canon_status":"REAL_REFERENCE","county_route":null,"federal_lands_route":null,"fictionality":"REAL","globalid":"{700B49BF-DB60-4A9F-9DD8-CC8861C16300}","interstate":null,"interstate_a":null,"interstate_b":null,"interstate_c":null,"loaddate":1474004667000,"mtfcc_code":"S1200","name":"Grafton Rd","objectid":8061083,"permanent_identifier":"9ac89c91-866f-448b-b219-3b2b942a30c3","real_world_relation":"REFERENCE_ONLY","shape_Length":100.37929316499034,"source_datadesc":"2016 January MAFTIGER","source_datasetid":"{9298FF95-0FA8-4712-9AA5-9292C907CA63}","source_featureid":"110803607253","source_id":"REF-FAIRMONT-CONNECTING-ROADS","source_originator":"U.S. Department of Commerce, U.S. Census Bureau, Geography Division","state_route":"310","state_route_a":"310","state_route_b":null,"state_route_c":null,"stco_fipscode":"54049","tnmfrc":3,"us_route":null,"us_route_a":null,"us_route_b":null,"us_route_c":null},"type":"Feature"},{"geometry":{"coordinates":[[-80.092198,39.446146],[-80.092293,39.446464],[-80.092411,39.446911],[-80.092455,39.447018],[-80.092516,39.447134],[-80.09254,39.447176],[-80.092861,39.447749],[-80.093009,39.448029],[-80.093146,39.448252]],"type":"LineString"},"id":"REF-FAIRMONT-CONNECTING-ROADS-22","properties":{"canon_status":"REAL_REFERENCE","county_route":null,"federal_lands_route":null,"fictionality":"REAL","globalid":"{C2791BE1-E263-440F-B353-D0A5C7D91277}","interstate":null,"interstate_a":null,"interstate_b":null,"interstate_c":null,"loaddate":1474004515000,"mtfcc_code":"S1200","name":"E Grafton Rd","objectid":8188488,"permanent_identifier":"f560b548-5e92-43d0-8a10-9aadbb1db171","real_world_relation":"REFERENCE_ONLY","shape_Length":322.8369541534321,"source_datadesc":"2016 January MAFTIGER","source_datasetid":"{9298FF95-0FA8-4712-9AA5-9292C907CA63}","source_featureid":"1103690717711","source_id":"REF-FAIRMONT-CONNECTING-ROADS","source_originator":"U.S. Department of Commerce, U.S. Census Bureau, Geography Division","state_route":"310","state_route_a":"310","state_route_b":null,"state_route_c":null,"stco_fipscode":"54049","tnmfrc":3,"us_route":null,"us_route_a":null,"us_route_b":null,"us_route_c":null},"type":"Feature"},{"geometry":{"coordinates":[[-80.146214,39.480358],[-80.146677,39.480609]],"type":"LineString"},"id":"REF-FAIRMONT-CONNECTING-ROADS-23","properties":{"canon_status":"REAL_REFERENCE","county_route":null,"federal_lands_route":null,"fictionality":"REAL","globalid":"{9B547B45-A160-4A3A-BC64-45754DBD4DF3}","interstate":null,"interstate_a":null,"interstate_b":null,"interstate_c":null,"loaddate":1474004745000,"mtfcc_code":"S1200","name":"3rd St","objectid":8188535,"permanent_identifier":"017d23af-7a97-403c-a9d3-bf50c61b4a6b","real_world_relation":"REFERENCE_ONLY","shape_Length":62.98385000466037,"source_datadesc":"2016 January MAFTIGER","source_datasetid":"{9298FF95-0FA8-4712-9AA5-9292C907CA63}","source_featureid":"110803586750","source_id":"REF-FAIRMONT-CONNECTING-ROADS","source_originator":"U.S. Department of Commerce, U.S. Census Bureau, Geography Division","state_route":"310","state_route_a":"310","state_route_b":null,"state_route_c":null,"stco_fipscode":"54049","tnmfrc":3,"us_route":null,"us_route_a":null,"us_route_b":null,"us_route_c":null},"type":"Feature"},{"geometry":{"coordinates":[[-80.122672,39.478644],[-80.122534,39.478431],[-80.122185,39.47795]],"type":"LineString"},"id":"REF-FAIRMONT-CONNECTING-ROADS-24","properties":{"canon_status":"REAL_REFERENCE","county_route":null,"federal_lands_route":null,"fictionality":"REAL","globalid":"{FA5E9C37-4E07-4478-B8FC-DC3BA6562529}","interstate":null,"interstate_a":null,"interstate_b":null,"interstate_c":null,"loaddate":1474004745000,"mtfcc_code":"S1200","name":"E Park Ave","objectid":8316289,"permanent_identifier":"9be3611f-b241-470f-a0b2-acc1ecfbaa03","real_world_relation":"REFERENCE_ONLY","shape_Length":113.85489795436207,"source_datadesc":"2016 January MAFTIGER","source_datasetid":"{9298FF95-0FA8-4712-9AA5-9292C907CA63}","source_featureid":"110803597965","source_id":"REF-FAIRMONT-CONNECTING-ROADS","source_originator":"U.S. Department of Commerce, U.S. Census Bureau, Geography Division","state_route":"310","state_route_a":"310","state_route_b":null,"state_route_c":null,"stco_fipscode":"54049","tnmfrc":3,"us_route":null,"us_route_a":null,"us_route_b":null,"us_route_c":null},"type":"Feature"},{"geometry":{"coordinates":[[-80.145361,39.47985],[-80.145765,39.480096]],"type":"LineString"},"id":"REF-FAIRMONT-CONNECTING-ROADS-25","properties":{"canon_status":"REAL_REFERENCE","county_route":null,"federal_lands_route":null,"fictionality":"REAL","globalid":"{34D9D92F-AAD5-4AB5-9AD6-2B90BE38EDF1}","interstate":null,"interstate_a":null,"interstate_b":null,"interstate_c":null,"loaddate":1474004745000,"mtfcc_code":"S1200","name":"3rd St","objectid":8316356,"permanent_identifier":"f3e08ccb-ee85-4024-b7a0-f8e7315585c2","real_world_relation":"REFERENCE_ONLY","shape_Length":57.28308177298891,"source_datadesc":"2016 January MAFTIGER","source_datasetid":"{9298FF95-0FA8-4712-9AA5-9292C907CA63}","source_featureid":"110803586750","source_id":"REF-FAIRMONT-CONNECTING-ROADS","source_originator":"U.S. Department of Commerce, U.S. Census Bureau, Geography Division","state_route":"310","state_route_a":"310","state_route_b":null,"state_route_c":null,"stco_fipscode":"54049","tnmfrc":3,"us_route":null,"us_route_a":null,"us_route_b":null,"us_route_c":null},"type":"Feature"},{"geometry":{"coordinates":[[-80.143486,39.478804],[-80.143575,39.47883],[-80.143722,39.478891],[-80.144086,39.479104],[-80.144784,39.479512],[-80.145015,39.479647],[-80.145111,39.479704],[-80.145361,39.47985]],"type":"LineString"},"id":"REF-FAIRMONT-CONNECTING-ROADS-26","properties":{"canon_status":"REAL_REFERENCE","county_route":null,"federal_lands_route":null,"fictionality":"REAL","globalid":"{25E9A86C-657C-4A30-9AC5-5728B8663B3B}","interstate":null,"interstate_a":null,"interstate_b":null,"interstate_c":null,"loaddate":1474004745000,"mtfcc_code":"S1200","name":"3rd St","objectid":8571245,"permanent_identifier":"b9527463-4e01-400b-9e5e-34985b1d1bff","real_world_relation":"REFERENCE_ONLY","shape_Length":258.12412993651685,"source_datadesc":"2016 January MAFTIGER","source_datasetid":"{9298FF95-0FA8-4712-9AA5-9292C907CA63}","source_featureid":"110803586750","source_id":"REF-FAIRMONT-CONNECTING-ROADS","source_originator":"U.S. Department of Commerce, U.S. Census Bureau, Geography Division","state_route":"310","state_route_a":"310","state_route_b":null,"state_route_c":null,"stco_fipscode":"54049","tnmfrc":3,"us_route":null,"us_route_a":null,"us_route_b":null,"us_route_c":null},"type":"Feature"},{"geometry":{"coordinates":[[-80.119986,39.471175],[-80.120134,39.471327]],"type":"LineString"},"id":"REF-FAIRMONT-CONNECTING-ROADS-27","properties":{"canon_status":"REAL_REFERENCE","county_route":null,"federal_lands_route":null,"fictionality":"REAL","globalid":"{7F523A24-B9E6-4F55-AC94-46A4200C735B}","interstate":null,"interstate_a":null,"interstate_b":null,"interstate_c":null,"loaddate":1474004790000,"mtfcc_code":"S1200","name":"Co Rd 3/1","objectid":8571260,"permanent_identifier":"2bdc69da-20bf-43bf-90f5-83fd82af7797","real_world_relation":"REFERENCE_ONLY","shape_Length":27.420714913741627,"source_datadesc":"2016 January MAFTIGER","source_datasetid":"{9298FF95-0FA8-4712-9AA5-9292C907CA63}","source_featureid":"110803608984","source_id":"REF-FAIRMONT-CONNECTING-ROADS","source_originator":"U.S. Department of Commerce, U.S. Census Bureau, Geography Division","state_route":"310","state_route_a":"310","state_route_b":null,"state_route_c":null,"stco_fipscode":"54049","tnmfrc":3,"us_route":null,"us_route_a":null,"us_route_b":null,"us_route_c":null},"type":"Feature"},{"geometry":{"coordinates":[[-80.087412,39.427606],[-80.087431,39.427657],[-80.087449,39.427736],[-80.08745,39.427842],[-80.087413,39.428059],[-80.08732,39.428539],[-80.087269,39.428772]],"type":"LineString"},"id":"REF-FAIRMONT-CONNECTING-ROADS-28","properties":{"canon_status":"REAL_REFERENCE","county_route":null,"federal_lands_route":null,"fictionality":"REAL","globalid":"{DF199344-9C74-443D-B77F-ADD1EEAF9D5F}","interstate":null,"interstate_a":null,"interstate_b":null,"interstate_c":null,"loaddate":1474004446000,"mtfcc_code":"S1200","name":"Grafton Rd","objectid":8954206,"permanent_identifier":"31c15e2a-e1b3-43ac-9b15-351252771828","real_world_relation":"REFERENCE_ONLY","shape_Length":170.03176780105613,"source_datadesc":"2016 January MAFTIGER","source_datasetid":"{9298FF95-0FA8-4712-9AA5-9292C907CA63}","source_featureid":"1103690718423","source_id":"REF-FAIRMONT-CONNECTING-ROADS","source_originator":"U.S. Department of Commerce, U.S. Census Bureau, Geography Division","state_route":"310","state_route_a":"310","state_route_b":null,"state_route_c":null,"stco_fipscode":"54049","tnmfrc":3,"us_route":null,"us_route_a":null,"us_route_b":null,"us_route_c":null},"type":"Feature"},{"geometry":{"coordinates":[[-80.09202,39.445519],[-80.092049,39.445642],[-80.092091,39.445753],[-80.092198,39.446146]],"type":"LineString"},"id":"REF-FAIRMONT-CONNECTING-ROADS-29","properties":{"canon_status":"REAL_REFERENCE","county_route":null,"federal_lands_route":null,"fictionality":"REAL","globalid":"{669070C2-D219-4AB2-A453-2E9F4E186C4A}","interstate":null,"interstate_a":null,"interstate_b":null,"interstate_c":null,"loaddate":1474004515000,"mtfcc_code":"S1200","name":"E Grafton Rd","objectid":9209594,"permanent_identifier":"90d6fc39-fda2-4514-9f8d-1de9cca4a216","real_world_relation":"REFERENCE_ONLY","shape_Length":92.5838868297664,"source_datadesc":"2016 January MAFTIGER","source_datasetid":"{9298FF95-0FA8-4712-9AA5-9292C907CA63}","source_featureid":"1103690717711","source_id":"REF-FAIRMONT-CONNECTING-ROADS","source_originator":"U.S. Department of Commerce, U.S. Census Bureau, Geography Division","state_route":"310","state_route_a":"310","state_route_b":null,"state_route_c":null,"stco_fipscode":"54049","tnmfrc":3,"us_route":null,"us_route_a":null,"us_route_b":null,"us_route_c":null},"type":"Feature"},{"geometry":{"coordinates":[[-80.103092,39.450899],[-80.103255,39.450962],[-80.103409,39.451036],[-80.103577,39.451132],[-80.104128,39.45149],[-80.104297,39.451562],[-80.104463,39.451611],[-80.104682,39.451669],[-80.104808,39.451717],[-80.104952,39.451799]],"type":"LineString"},"id":"REF-FAIRMONT-CONNECTING-ROADS-30","properties":{"canon_status":"REAL_REFERENCE","county_route":null,"federal_lands_route":null,"fictionality":"REAL","globalid":"{3316A48A-A639-4929-B99E-D5B772941503}","interstate":null,"interstate_a":null,"interstate_b":null,"interstate_c":null,"loaddate":1474004334000,"mtfcc_code":"S1200","name":"State Rte 310","objectid":9337431,"permanent_identifier":"8e15b238-5b7f-4933-be8c-b84248a4ad8a","real_world_relation":"REFERENCE_ONLY","shape_Length":246.51157461088445,"source_datadesc":"2016 January MAFTIGER","source_datasetid":"{9298FF95-0FA8-4712-9AA5-9292C907CA63}","source_featureid":"110803586749","source_id":"REF-FAIRMONT-CONNECTING-ROADS","source_originator":"U.S. Department of Commerce, U.S. Census Bureau, Geography Division","state_route":"310","state_route_a":"310","state_route_b":null,"state_route_c":null,"stco_fipscode":"54049","tnmfrc":3,"us_route":null,"us_route_a":null,"us_route_b":null,"us_route_c":null},"type":"Feature"},{"geometry":{"coordinates":[[-80.136805,39.482326],[-80.13628,39.482612]],"type":"LineString"},"id":"REF-FAIRMONT-CONNECTING-ROADS-31","properties":{"canon_status":"REAL_REFERENCE","county_route":null,"federal_lands_route":null,"fictionality":"REAL","globalid":"{760FA897-22B6-4C36-BB28-43493F910010}","interstate":null,"interstate_a":null,"interstate_b":null,"interstate_c":null,"loaddate":1474004667000,"mtfcc_code":"S1200","name":"Merchant St","objectid":9465028,"permanent_identifier":"707f794e-fd54-472a-9e8e-0f68b2c4633b","real_world_relation":"REFERENCE_ONLY","shape_Length":71.53387437935574,"source_datadesc":"2016 January MAFTIGER","source_datasetid":"{9298FF95-0FA8-4712-9AA5-9292C907CA63}","source_featureid":"110803607673","source_id":"REF-FAIRMONT-CONNECTING-ROADS","source_originator":"U.S. Department of Commerce, U.S. Census Bureau, Geography Division","state_route":"310","state_route_a":"310","state_route_b":null,"state_route_c":null,"stco_fipscode":"54049","tnmfrc":3,"us_route":null,"us_route_a":null,"us_route_b":null,"us_route_c":null},"type":"Feature"},{"geometry":{"coordinates":[[-80.092973,39.443094],[-80.092952,39.443297],[-80.092928,39.443435],[-80.092921,39.443547],[-80.092827,39.443852],[-80.092783,39.443963],[-80.092639,39.444279],[-80.092619,39.444311],[-80.092538,39.444441],[-80.092456,39.444548],[-80.092338,39.444671],[-80.092235,39.444787],[-80.092077,39.444987],[-80.092023,39.445084],[-80.091988,39.445179],[-80.091976,39.445339],[-80.09202,39.445519]],"type":"LineString"},"id":"REF-FAIRMONT-CONNECTING-ROADS-32","properties":{"canon_status":"REAL_REFERENCE","county_route":null,"federal_lands_route":null,"fictionality":"REAL","globalid":"{6C6C9814-D8F8-4437-BCCF-55B7579AF629}","interstate":null,"interstate_a":null,"interstate_b":null,"interstate_c":null,"loaddate":1474004515000,"mtfcc_code":"S1200","name":"E Grafton Rd","objectid":9592737,"permanent_identifier":"b27a2128-e84f-437d-a929-46c2aec23881","real_world_relation":"REFERENCE_ONLY","shape_Length":374.728778789318,"source_datadesc":"2016 January MAFTIGER","source_datasetid":"{9298FF95-0FA8-4712-9AA5-9292C907CA63}","source_featureid":"1103690717711","source_id":"REF-FAIRMONT-CONNECTING-ROADS","source_originator":"U.S. Department of Commerce, U.S. Census Bureau, Geography Division","state_route":"310","state_route_a":"310","state_route_b":null,"state_route_c":null,"stco_fipscode":"54049","tnmfrc":3,"us_route":null,"us_route_a":null,"us_route_b":null,"us_route_c":null},"type":"Feature"},{"geometry":{"coordinates":[[-80.121946,39.477606],[-80.121705,39.477268]],"type":"LineString"},"id":"REF-FAIRMONT-CONNECTING-ROADS-33","properties":{"canon_status":"REAL_REFERENCE","county_route":null,"federal_lands_route":null,"fictionality":"REAL","globalid":"{1A30B6C5-EB20-4000-88F8-C91D4B1DC3E1}","interstate":null,"interstate_a":null,"interstate_b":null,"interstate_c":null,"loaddate":1474004745000,"mtfcc_code":"S1200","name":"E Park Ave","objectid":9720561,"permanent_identifier":"3cff5445-c17e-4e7d-8503-f4c2fc63a74a","real_world_relation":"REFERENCE_ONLY","shape_Length":55.64111427682031,"source_datadesc":"2016 January MAFTIGER","source_datasetid":"{9298FF95-0FA8-4712-9AA5-9292C907CA63}","source_featureid":"110803597965","source_id":"REF-FAIRMONT-CONNECTING-ROADS","source_originator":"U.S. Department of Commerce, U.S. Census Bureau, Geography Division","state_route":"310","state_route_a":"310","state_route_b":null,"state_route_c":null,"stco_fipscode":"54049","tnmfrc":3,"us_route":null,"us_route_a":null,"us_route_b":null,"us_route_c":null},"type":"Feature"},{"geometry":{"coordinates":[[-80.125944,39.481868],[-80.124747,39.481461],[-80.124658,39.481413],[-80.124598,39.481368],[-80.124491,39.481248],[-80.124363,39.481073],[-80.12427,39.480931]],"type":"LineString"},"id":"REF-FAIRMONT-CONNECTING-ROADS-34","properties":{"canon_status":"REAL_REFERENCE","county_route":null,"federal_lands_route":null,"fictionality":"REAL","globalid":"{E06EEF2A-D950-42A8-B4C5-EED25769BCC2}","interstate":null,"interstate_a":null,"interstate_b":null,"interstate_c":null,"loaddate":1474004745000,"mtfcc_code":"S1200","name":"E Park Ave","objectid":10486631,"permanent_identifier":"4f7021d4-607f-4f4e-93c9-635f6d986bc5","real_world_relation":"REFERENCE_ONLY","shape_Length":239.9483163273555,"source_datadesc":"2016 January MAFTIGER","source_datasetid":"{9298FF95-0FA8-4712-9AA5-9292C907CA63}","source_featureid":"110803597965","source_id":"REF-FAIRMONT-CONNECTING-ROADS","source_originator":"U.S. Department of Commerce, U.S. Census Bureau, Geography Division","state_route":"310","state_route_a":"310","state_route_b":null,"state_route_c":null,"stco_fipscode":"54049","tnmfrc":3,"us_route":null,"us_route_a":null,"us_route_b":null,"us_route_c":null},"type":"Feature"},{"geometry":{"coordinates":[[-80.140021,39.480407],[-80.139778,39.480553]],"type":"LineString"},"id":"REF-FAIRMONT-CONNECTING-ROADS-35","properties":{"canon_status":"REAL_REFERENCE","county_route":null,"federal_lands_route":null,"fictionality":"REAL","globalid":"{FD691F8E-AA2C-4EB1-8044-2B31C2C093D2}","interstate":null,"interstate_a":null,"interstate_b":null,"interstate_c":null,"loaddate":1474004745000,"mtfcc_code":"S1200","name":"Merchant St","objectid":10486636,"permanent_identifier":"a347ecad-cdae-48a9-95d1-13f068d26858","real_world_relation":"REFERENCE_ONLY","shape_Length":34.280201418461736,"source_datadesc":"2016 January MAFTIGER","source_datasetid":"{9298FF95-0FA8-4712-9AA5-9292C907CA63}","source_featureid":"110803607673","source_id":"REF-FAIRMONT-CONNECTING-ROADS","source_originator":"U.S. Department of Commerce, U.S. Census Bureau, Geography Division","state_route":"310","state_route_a":"310","state_route_b":null,"state_route_c":null,"stco_fipscode":"54049","tnmfrc":3,"us_route":null,"us_route_a":null,"us_route_b":null,"us_route_c":null},"type":"Feature"},{"geometry":{"coordinates":[[-80.139778,39.480553],[-80.139358,39.480802]],"type":"LineString"},"id":"REF-FAIRMONT-CONNECTING-ROADS-36","properties":{"canon_status":"REAL_REFERENCE","county_route":null,"federal_lands_route":null,"fictionality":"REAL","globalid":"{39B3BA55-86C8-4599-B1D9-7C80D5755106}","interstate":null,"interstate_a":null,"interstate_b":null,"interstate_c":null,"loaddate":1474004745000,"mtfcc_code":"S1200","name":"Merchant St","objectid":10614335,"permanent_identifier":"eb6506ab-ab59-4293-a098-82e7fb02ada9","real_world_relation":"REFERENCE_ONLY","shape_Length":58.954630934721564,"source_datadesc":"2016 January MAFTIGER","source_datasetid":"{9298FF95-0FA8-4712-9AA5-9292C907CA63}","source_featureid":"110803607673","source_id":"REF-FAIRMONT-CONNECTING-ROADS","source_originator":"U.S. Department of Commerce, U.S. Census Bureau, Geography Division","state_route":"310","state_route_a":"310","state_route_b":null,"state_route_c":null,"stco_fipscode":"54049","tnmfrc":3,"us_route":null,"us_route_a":null,"us_route_b":null,"us_route_c":null},"type":"Feature"},{"geometry":{"coordinates":[[-80.080502,39.420699],[-80.080553,39.420714],[-80.08067,39.420765],[-80.080872,39.420899],[-80.08107,39.421118],[-80.081318,39.421427],[-80.081409,39.421533],[-80.081557,39.421674],[-80.081649,39.421735],[-80.081783,39.421803],[-80.081958,39.421875],[-80.08236,39.422008],[-80.082528,39.42211]],"type":"LineString"},"id":"REF-FAIRMONT-CONNECTING-ROADS-37","properties":{"canon_status":"REAL_REFERENCE","county_route":null,"federal_lands_route":null,"fictionality":"REAL","globalid":"{B54D8BCF-4959-4676-96CD-20B9A05DCFBB}","interstate":null,"interstate_a":null,"interstate_b":null,"interstate_c":null,"loaddate":1474004334000,"mtfcc_code":"S1200","name":"State Rte 310","objectid":10742016,"permanent_identifier":"dfa63d41-15b9-4335-b66a-860122759cc1","real_world_relation":"REFERENCE_ONLY","shape_Length":311.92662913423317,"source_datadesc":"2016 January MAFTIGER","source_datasetid":"{9298FF95-0FA8-4712-9AA5-9292C907CA63}","source_featureid":"110803586749","source_id":"REF-FAIRMONT-CONNECTING-ROADS","source_originator":"U.S. Department of Commerce, U.S. Census Bureau, Geography Division","state_route":"310","state_route_a":"310","state_route_b":null,"state_route_c":null,"stco_fipscode":"54049","tnmfrc":3,"us_route":null,"us_route_a":null,"us_route_b":null,"us_route_c":null},"type":"Feature"},{"geometry":{"coordinates":[[-80.141101,39.479797],[-80.140891,39.479914],[-80.140811,39.479959]],"type":"LineString"},"id":"REF-FAIRMONT-CONNECTING-ROADS-38","properties":{"canon_status":"REAL_REFERENCE","county_route":null,"federal_lands_route":null,"fictionality":"REAL","globalid":"{C77FED4E-F324-4620-AAB8-0B4AFECB8593}","interstate":null,"interstate_a":null,"interstate_b":null,"interstate_c":null,"loaddate":1474004745000,"mtfcc_code":"S1200","name":"Merchant St","objectid":10742125,"permanent_identifier":"0c64373b-1994-4e84-9f12-a115be99f674","real_world_relation":"REFERENCE_ONLY","shape_Length":39.850652056396136,"source_datadesc":"2016 January MAFTIGER","source_datasetid":"{9298FF95-0FA8-4712-9AA5-9292C907CA63}","source_featureid":"110803607673","source_id":"REF-FAIRMONT-CONNECTING-ROADS","source_originator":"U.S. Department of Commerce, U.S. Census Bureau, Geography Division","state_route":"310","state_route_a":"310","state_route_b":null,"state_route_c":null,"stco_fipscode":"54049","tnmfrc":3,"us_route":null,"us_route_a":null,"us_route_b":null,"us_route_c":null},"type":"Feature"},{"geometry":{"coordinates":[[-80.120682,39.471926],[-80.120799,39.472075]],"type":"LineString"},"id":"REF-FAIRMONT-CONNECTING-ROADS-39","properties":{"canon_status":"REAL_REFERENCE","county_route":null,"federal_lands_route":null,"fictionality":"REAL","globalid":"{5E891E87-07AE-419F-8585-DDA2F6AD844D}","interstate":null,"interstate_a":null,"interstate_b":null,"interstate_c":null,"loaddate":1474004790000,"mtfcc_code":"S1200","name":"Co Rd 3/1","objectid":11380391,"permanent_identifier":"2259b21e-e45f-4130-8461-d4da9aa1fb6e","real_world_relation":"REFERENCE_ONLY","shape_Length":25.126290249604725,"source_datadesc":"2016 January MAFTIGER","source_datasetid":"{9298FF95-0FA8-4712-9AA5-9292C907CA63}","source_featureid":"110803608984","source_id":"REF-FAIRMONT-CONNECTING-ROADS","source_originator":"U.S. Department of Commerce, U.S. Census Bureau, Geography Division","state_route":"310","state_route_a":"310","state_route_b":null,"state_route_c":null,"stco_fipscode":"54049","tnmfrc":3,"us_route":null,"us_route_a":null,"us_route_b":null,"us_route_c":null},"type":"Feature"},{"geometry":{"coordinates":[[-80.122862,39.478929],[-80.122763,39.478788],[-80.122703,39.478686],[-80.122672,39.478644]],"type":"LineString"},"id":"REF-FAIRMONT-CONNECTING-ROADS-40","properties":{"canon_status":"REAL_REFERENCE","county_route":null,"federal_lands_route":null,"fictionality":"REAL","globalid":"{1319C4C2-7A17-4508-894F-897AC5CB603C}","interstate":null,"interstate_a":null,"interstate_b":null,"interstate_c":null,"loaddate":1474004745000,"mtfcc_code":"S1200","name":"E Park Ave","objectid":11891576,"permanent_identifier":"61aaec3d-6a69-4c17-bbbd-ebc9fece624b","real_world_relation":"REFERENCE_ONLY","shape_Length":46.25707936470685,"source_datadesc":"2016 January MAFTIGER","source_datasetid":"{9298FF95-0FA8-4712-9AA5-9292C907CA63}","source_featureid":"110803597965","source_id":"REF-FAIRMONT-CONNECTING-ROADS","source_originator":"U.S. Department of Commerce, U.S. Census Bureau, Geography Division","state_route":"310","state_route_a":"310","state_route_b":null,"state_route_c":null,"stco_fipscode":"54049","tnmfrc":3,"us_route":null,"us_route_a":null,"us_route_b":null,"us_route_c":null},"type":"Feature"},{"geometry":{"coordinates":[[-80.121736,39.473236],[-80.121214,39.472587]],"type":"LineString"},"id":"REF-FAIRMONT-CONNECTING-ROADS-41","properties":{"canon_status":"REAL_REFERENCE","county_route":null,"federal_lands_route":null,"fictionality":"REAL","globalid":"{CBEF6679-5A98-4EEC-A343-749E784089CC}","interstate":null,"interstate_a":null,"interstate_b":null,"interstate_c":null,"loaddate":1474004667000,"mtfcc_code":"S1200","name":"Grafton Rd","objectid":11891620,"permanent_identifier":"680e9cc5-0f72-46ea-8db5-ed3924ae7588","real_world_relation":"REFERENCE_ONLY","shape_Length":110.16428629577484,"source_datadesc":"2016 January MAFTIGER","source_datasetid":"{9298FF95-0FA8-4712-9AA5-9292C907CA63}","source_featureid":"110803607253","source_id":"REF-FAIRMONT-CONNECTING-ROADS","source_originator":"U.S. Department of Commerce, U.S. Census Bureau, Geography Division","state_route":"310","state_route_a":"310","state_route_b":null,"state_route_c":null,"stco_fipscode":"54049","tnmfrc":3,"us_route":null,"us_route_a":null,"us_route_b":null,"us_route_c":null},"type":"Feature"},{"geometry":{"coordinates":[[-80.111155,39.454681],[-80.111205,39.454695]],"type":"LineString"},"id":"REF-FAIRMONT-CONNECTING-ROADS-42","properties":{"canon_status":"REAL_REFERENCE","county_route":null,"federal_lands_route":null,"fictionality":"REAL","globalid":"{5C6145BD-702C-44C8-B062-FFF48C22F245}","interstate":null,"interstate_a":null,"interstate_b":null,"interstate_c":null,"loaddate":1474004456000,"mtfcc_code":"S1200","name":"E Grafton Rd","objectid":12530505,"permanent_identifier":"2d73e0ce-fe46-4444-bb1a-067b2076066f","real_world_relation":"REFERENCE_ONLY","shape_Length":5.920666731893288,"source_datadesc":"2016 January MAFTIGER","source_datasetid":"{9298FF95-0FA8-4712-9AA5-9292C907CA63}","source_featureid":"110803607256","source_id":"REF-FAIRMONT-CONNECTING-ROADS","source_originator":"U.S. Department of Commerce, U.S. Census Bureau, Geography Division","state_route":"310","state_route_a":"310","state_route_b":null,"state_route_c":null,"stco_fipscode":"54049","tnmfrc":3,"us_route":null,"us_route_a":null,"us_route_b":null,"us_route_c":null},"type":"Feature"},{"geometry":{"coordinates":[[-80.120649,39.472133],[-80.120786,39.472297]],"type":"LineString"},"id":"REF-FAIRMONT-CONNECTING-ROADS-43","properties":{"canon_status":"REAL_REFERENCE","county_route":null,"federal_lands_route":null,"fictionality":"REAL","globalid":"{00071315-9798-4ACE-AE6D-AAAB7A7F1273}","interstate":null,"interstate_a":null,"interstate_b":null,"interstate_c":null,"loaddate":1474004835000,"mtfcc_code":"S1200","name":"Co Rd 3/1","objectid":12530558,"permanent_identifier":"faa5a071-3599-4ce6-8634-b6f3eca57438","real_world_relation":"REFERENCE_ONLY","shape_Length":28.141052943786892,"source_datadesc":"2016 January MAFTIGER","source_datasetid":"{9298FF95-0FA8-4712-9AA5-9292C907CA63}","source_featureid":"110803608985","source_id":"REF-FAIRMONT-CONNECTING-ROADS","source_originator":"U.S. Department of Commerce, U.S. Census Bureau, Geography Division","state_route":"310","state_route_a":"310","state_route_b":null,"state_route_c":null,"stco_fipscode":"54049","tnmfrc":3,"us_route":null,"us_route_a":null,"us_route_b":null,"us_route_c":null},"type":"Feature"},{"geometry":{"coordinates":[[-80.121066,39.476512],[-80.121221,39.476626]],"type":"LineString"},"id":"REF-FAIRMONT-CONNECTING-ROADS-44","properties":{"canon_status":"REAL_REFERENCE","county_route":null,"federal_lands_route":null,"fictionality":"REAL","globalid":"{7A04DA04-1F93-4B45-A6CD-4EBAE77FA29F}","interstate":null,"interstate_a":null,"interstate_b":null,"interstate_c":null,"loaddate":1474004667000,"mtfcc_code":"S1200","name":"Grafton Rd","objectid":14062448,"permanent_identifier":"4b4f7852-6361-4d5d-a7c5-f76883873ae8","real_world_relation":"REFERENCE_ONLY","shape_Length":23.833121380973864,"source_datadesc":"2016 January MAFTIGER","source_datasetid":"{9298FF95-0FA8-4712-9AA5-9292C907CA63}","source_featureid":"110803607253","source_id":"REF-FAIRMONT-CONNECTING-ROADS","source_originator":"U.S. Department of Commerce, U.S. Census Bureau, Geography Division","state_route":"310","state_route_a":"310","state_route_b":null,"state_route_c":null,"stco_fipscode":"54049","tnmfrc":3,"us_route":null,"us_route_a":null,"us_route_b":null,"us_route_c":null},"type":"Feature"},{"geometry":{"coordinates":[[-80.119464,39.470678],[-80.119718,39.470898],[-80.119986,39.471175]],"type":"LineString"},"id":"REF-FAIRMONT-CONNECTING-ROADS-45","properties":{"canon_status":"REAL_REFERENCE","county_route":null,"federal_lands_route":null,"fictionality":"REAL","globalid":"{E12762D4-FCEB-479A-A6A9-D74F90759AB8}","interstate":null,"interstate_a":null,"interstate_b":null,"interstate_c":null,"loaddate":1474004790000,"mtfcc_code":"S1200","name":"Co Rd 3/1","objectid":14318155,"permanent_identifier":"588b9ba1-f25e-4065-8e7f-d97c5f5be156","real_world_relation":"REFERENCE_ONLY","shape_Length":92.35319641577465,"source_datadesc":"2016 January MAFTIGER","source_datasetid":"{9298FF95-0FA8-4712-9AA5-9292C907CA63}","source_featureid":"110803608984","source_id":"REF-FAIRMONT-CONNECTING-ROADS","source_originator":"U.S. Department of Commerce, U.S. Census Bureau, Geography Division","state_route":"310","state_route_a":"310","state_route_b":null,"state_route_c":null,"stco_fipscode":"54049","tnmfrc":3,"us_route":null,"us_route_a":null,"us_route_b":null,"us_route_c":null},"type":"Feature"},{"geometry":{"coordinates":[[-80.073387,39.417497],[-80.07352,39.41753]],"type":"LineString"},"id":"REF-FAIRMONT-CONNECTING-ROADS-46","properties":{"canon_status":"REAL_REFERENCE","county_route":null,"federal_lands_route":null,"fictionality":"REAL","globalid":"{3BB3A14C-395D-47E7-B42A-91B5E15DB901}","interstate":null,"interstate_a":null,"interstate_b":null,"interstate_c":null,"loaddate":1474004328000,"mtfcc_code":"S1200","name":"State Rte 310","objectid":14445872,"permanent_identifier":"1f8f5953-6c16-47c6-b014-0877828414d4","real_world_relation":"REFERENCE_ONLY","shape_Length":15.55036354082855,"source_datadesc":"2016 January MAFTIGER","source_datasetid":"{9298FF95-0FA8-4712-9AA5-9292C907CA63}","source_featureid":"110803586749","source_id":"REF-FAIRMONT-CONNECTING-ROADS","source_originator":"U.S. Department of Commerce, U.S. Census Bureau, Geography Division","state_route":"310","state_route_a":"310","state_route_b":null,"state_route_c":null,"stco_fipscode":"54049","tnmfrc":3,"us_route":null,"us_route_a":null,"us_route_b":null,"us_route_c":null},"type":"Feature"},{"geometry":{"coordinates":[[-80.133456,39.483105],[-80.132868,39.483106],[-80.131492,39.483008]],"type":"LineString"},"id":"REF-FAIRMONT-CONNECTING-ROADS-47","properties":{"canon_status":"REAL_REFERENCE","county_route":null,"federal_lands_route":null,"fictionality":"REAL","globalid":"{1CB66D17-2119-4B62-B22A-8DFF65427C54}","interstate":null,"interstate_a":null,"interstate_b":null,"interstate_c":null,"loaddate":1474004745000,"mtfcc_code":"S1200","name":"E Park Ave","objectid":14573692,"permanent_identifier":"4bbebe7f-fa3d-43de-9ba3-2ede4c91d39f","real_world_relation":"REFERENCE_ONLY","shape_Length":219.28242596110863,"source_datadesc":"2016 January MAFTIGER","source_datasetid":"{9298FF95-0FA8-4712-9AA5-9292C907CA63}","source_featureid":"110803597965","source_id":"REF-FAIRMONT-CONNECTING-ROADS","source_originator":"U.S. Department of Commerce, U.S. Census Bureau, Geography Division","state_route":"310","state_route_a":"310","state_route_b":null,"state_route_c":null,"stco_fipscode":"54049","tnmfrc":3,"us_route":null,"us_route_a":null,"us_route_b":null,"us_route_c":null},"type":"Feature"},{"geometry":{"coordinates":[[-80.086004,39.42592],[-80.086173,39.426097],[-80.086313,39.426265],[-80.086448,39.426448],[-80.086525,39.426616],[-80.086591,39.426746],[-80.086752,39.426998],[-80.086801,39.427068],[-80.08685,39.427123],[-80.087052,39.427292],[-80.087138,39.427352],[-80.08721,39.427415],[-80.087294,39.427471],[-80.087357,39.427534],[-80.087412,39.427606]],"type":"LineString"},"id":"REF-FAIRMONT-CONNECTING-ROADS-48","properties":{"canon_status":"REAL_REFERENCE","county_route":null,"federal_lands_route":null,"fictionality":"REAL","globalid":"{F330613B-927F-4646-950B-C6FB78436515}","interstate":null,"interstate_a":null,"interstate_b":null,"interstate_c":null,"loaddate":1474004446000,"mtfcc_code":"S1200","name":"Grafton Rd","objectid":15084656,"permanent_identifier":"cc0df20c-258f-4bbf-a278-271173933a0a","real_world_relation":"REFERENCE_ONLY","shape_Length":292.27182074242137,"source_datadesc":"2016 January MAFTIGER","source_datasetid":"{9298FF95-0FA8-4712-9AA5-9292C907CA63}","source_featureid":"1103690718423","source_id":"REF-FAIRMONT-CONNECTING-ROADS","source_originator":"U.S. Department of Commerce, U.S. Census Bureau, Geography Division","state_route":"310","state_route_a":"310","state_route_b":null,"state_route_c":null,"stco_fipscode":"54049","tnmfrc":3,"us_route":null,"us_route_a":null,"us_route_b":null,"us_route_c":null},"type":"Feature"},{"geometry":{"coordinates":[[-80.115555,39.45509],[-80.115602,39.455156],[-80.11563,39.455208],[-80.115788,39.45545],[-80.115947,39.455721]],"type":"LineString"},"id":"REF-FAIRMONT-CONNECTING-ROADS-49","properties":{"canon_status":"REAL_REFERENCE","county_route":null,"federal_lands_route":null,"fictionality":"REAL","globalid":"{A2C6993C-D1B8-4FFC-A41E-E7B15DBDD9FF}","interstate":null,"interstate_a":null,"interstate_b":null,"interstate_c":null,"loaddate":1474004456000,"mtfcc_code":"S1200","name":"E Grafton Rd","objectid":15467890,"permanent_identifier":"9a059744-0cb8-47de-9728-dfcbfbca0d3b","real_world_relation":"REFERENCE_ONLY","shape_Length":100.944243475057,"source_datadesc":"2016 January MAFTIGER","source_datasetid":"{9298FF95-0FA8-4712-9AA5-9292C907CA63}","source_featureid":"110803607256","source_id":"REF-FAIRMONT-CONNECTING-ROADS","source_originator":"U.S. Department of Commerce, U.S. Census Bureau, Geography Division","state_route":"310","state_route_a":"310","state_route_b":null,"state_route_c":null,"stco_fipscode":"54049","tnmfrc":3,"us_route":null,"us_route_a":null,"us_route_b":null,"us_route_c":null},"type":"Feature"},{"geometry":{"coordinates":[[-80.123172,39.479361],[-80.122862,39.478929]],"type":"LineString"},"id":"REF-FAIRMONT-CONNECTING-ROADS-50","properties":{"canon_status":"REAL_REFERENCE","county_route":null,"federal_lands_route":null,"fictionality":"REAL","globalid":"{32004883-AF02-4F8D-9A10-3F6303ADD6FF}","interstate":null,"interstate_a":null,"interstate_b":null,"interstate_c":null,"loaddate":1474004745000,"mtfcc_code":"S1200","name":"E Park Ave","objectid":17128551,"permanent_identifier":"2cc6a397-8c3c-48dd-9444-4474ef32d5db","real_world_relation":"REFERENCE_ONLY","shape_Length":71.22295514851572,"source_datadesc":"2016 January MAFTIGER","source_datasetid":"{9298FF95-0FA8-4712-9AA5-9292C907CA63}","source_featureid":"110803597965","source_id":"REF-FAIRMONT-CONNECTING-ROADS","source_originator":"U.S. Department of Commerce, U.S. Census Bureau, Geography Division","state_route":"310","state_route_a":"310","state_route_b":null,"state_route_c":null,"stco_fipscode":"54049","tnmfrc":3,"us_route":null,"us_route_a":null,"us_route_b":null,"us_route_c":null},"type":"Feature"},{"geometry":{"coordinates":[[-80.090083,39.431355],[-80.090128,39.431392],[-80.090183,39.431465],[-80.090219,39.431552],[-80.090232,39.43164],[-80.090224,39.431766],[-80.090187,39.431936],[-80.09015,39.432055],[-80.090127,39.432148],[-80.090108,39.432277],[-80.090046,39.432579],[-80.090002,39.432957],[-80.089986,39.433164],[-80.089979,39.433425],[-80.089977,39.433806],[-80.089951,39.434161],[-80.089931,39.434341],[-80.089895,39.43452],[-80.089867,39.434688],[-80.089845,39.434869],[-80.089852,39.434946],[-80.089878,39.435076],[-80.089917,39.435178],[-80.089972,39.4353],[-80.090044,39.435439],[-80.090158,39.435688],[-80.090182,39.435793],[-80.0902,39.436002],[-80.090233,39.436258],[-80.09024,39.436372],[-80.090259,39.436474],[-80.090277,39.436628]],"type":"LineString"},"id":"REF-FAIRMONT-CONNECTING-ROADS-51","properties":{"canon_status":"REAL_REFERENCE","county_route":null,"federal_lands_route":null,"fictionality":"REAL","globalid":"{805E1DF3-1BBE-450F-AFF4-73A144DF803F}","interstate":null,"interstate_a":null,"interstate_b":null,"interstate_c":null,"loaddate":1474004446000,"mtfcc_code":"S1200","name":"Grafton Rd","objectid":17641900,"permanent_identifier":"959377ee-8b5e-47dc-8df8-7edf78790af2","real_world_relation":"REFERENCE_ONLY","shape_Length":773.5571585022091,"source_datadesc":"2016 January MAFTIGER","source_datasetid":"{9298FF95-0FA8-4712-9AA5-9292C907CA63}","source_featureid":"1103690718423","source_id":"REF-FAIRMONT-CONNECTING-ROADS","source_originator":"U.S. Department of Commerce, U.S. Census Bureau, Geography Division","state_route":"310","state_route_a":"310","state_route_b":null,"state_route_c":null,"stco_fipscode":"54049","tnmfrc":3,"us_route":null,"us_route_a":null,"us_route_b":null,"us_route_c":null},"type":"Feature"},{"geometry":{"coordinates":[[-80.093146,39.448252],[-80.093226,39.448312],[-80.093333,39.448431],[-80.093415,39.448475],[-80.093695,39.448625],[-80.093878,39.448712],[-80.094005,39.448781],[-80.094219,39.448941],[-80.094605,39.449345],[-80.094743,39.449496],[-80.094829,39.449591],[-80.095223,39.449998],[-80.095465,39.45026],[-80.095642,39.450431],[-80.095756,39.450521],[-80.095887,39.450602]],"type":"LineString"},"id":"REF-FAIRMONT-CONNECTING-ROADS-52","properties":{"canon_status":"REAL_REFERENCE","county_route":null,"federal_lands_route":null,"fictionality":"REAL","globalid":"{AF893184-7030-4544-BFBB-91BD59ECE30F}","interstate":null,"interstate_a":null,"interstate_b":null,"interstate_c":null,"loaddate":1474004515000,"mtfcc_code":"S1200","name":"E Grafton Rd","objectid":17641970,"permanent_identifier":"84110882-f49f-4f51-a8ba-55980ffadfb6","real_world_relation":"REFERENCE_ONLY","shape_Length":460.4872059431442,"source_datadesc":"2016 January MAFTIGER","source_datasetid":"{9298FF95-0FA8-4712-9AA5-9292C907CA63}","source_featureid":"1103690717711","source_id":"REF-FAIRMONT-CONNECTING-ROADS","source_originator":"U.S. Department of Commerce, U.S. Census Bureau, Geography Division","state_route":"310","state_route_a":"310","state_route_b":null,"state_route_c":null,"stco_fipscode":"54049","tnmfrc":3,"us_route":null,"us_route_a":null,"us_route_b":null,"us_route_c":null},"type":"Feature"},{"geometry":{"coordinates":[[-80.139358,39.480802],[-80.138935,39.481052],[-80.138852,39.481106],[-80.138746,39.481165]],"type":"LineString"},"id":"REF-FAIRMONT-CONNECTING-ROADS-53","properties":{"canon_status":"REAL_REFERENCE","county_route":null,"federal_lands_route":null,"fictionality":"REAL","globalid":"{5C7C325C-539D-4DF8-9F11-F895200C4F8B}","interstate":null,"interstate_a":null,"interstate_b":null,"interstate_c":null,"loaddate":1474004745000,"mtfcc_code":"S1200","name":"Merchant St","objectid":17769708,"permanent_identifier":"965f383d-d3eb-47a8-a839-d74c109f25cd","real_world_relation":"REFERENCE_ONLY","shape_Length":85.93977078746232,"source_datadesc":"2016 January MAFTIGER","source_datasetid":"{9298FF95-0FA8-4712-9AA5-9292C907CA63}","source_featureid":"110803607673","source_id":"REF-FAIRMONT-CONNECTING-ROADS","source_originator":"U.S. Department of Commerce, U.S. Census Bureau, Geography Division","state_route":"310","state_route_a":"310","state_route_b":null,"state_route_c":null,"stco_fipscode":"54049","tnmfrc":3,"us_route":null,"us_route_a":null,"us_route_b":null,"us_route_c":null},"type":"Feature"},{"geometry":{"coordinates":[[-80.065782,39.414666],[-80.06621,39.41478],[-80.066266,39.414795],[-80.066528,39.414879],[-80.067278,39.415093],[-80.068266,39.415365],[-80.069037,39.415609],[-80.06924,39.415699],[-80.069383,39.415785],[-80.069544,39.415889],[-80.070051,39.416277],[-80.070373,39.416514],[-80.070626,39.416711],[-80.070801,39.416822],[-80.070957,39.416906],[-80.07118,39.416977],[-80.071392,39.417027],[-80.07166,39.417099],[-80.071868,39.417138],[-80.072159,39.417214],[-80.072848,39.417368],[-80.073387,39.417497]],"type":"LineString"},"id":"REF-FAIRMONT-CONNECTING-ROADS-54","properties":{"canon_status":"REAL_REFERENCE","county_route":null,"federal_lands_route":null,"fictionality":"REAL","globalid":"{7A5D4076-B4F0-45C6-9613-FB31AA474F59}","interstate":null,"interstate_a":null,"interstate_b":null,"interstate_c":null,"loaddate":1474004339000,"mtfcc_code":"S1200","name":"E Grafton Rd","objectid":17898125,"permanent_identifier":"4b42c7ee-66c4-47f2-9cfe-f9bbdc4cbf3f","real_world_relation":"REFERENCE_ONLY","shape_Length":955.7750232119134,"source_datadesc":"2016 January MAFTIGER","source_datasetid":"{9298FF95-0FA8-4712-9AA5-9292C907CA63}","source_featureid":"1104469045843","source_id":"REF-FAIRMONT-CONNECTING-ROADS","source_originator":"U.S. Department of Commerce, U.S. Census Bureau, Geography Division","state_route":"310","state_route_a":"310","state_route_b":null,"state_route_c":null,"stco_fipscode":"54049","tnmfrc":3,"us_route":null,"us_route_a":null,"us_route_b":null,"us_route_c":null},"type":"Feature"},{"geometry":{"coordinates":[[-80.13728,39.482038],[-80.136805,39.482326]],"type":"LineString"},"id":"REF-FAIRMONT-CONNECTING-ROADS-55","properties":{"canon_status":"REAL_REFERENCE","county_route":null,"federal_lands_route":null,"fictionality":"REAL","globalid":"{DD62E44F-F557-482B-8343-673013DAF9F4}","interstate":null,"interstate_a":null,"interstate_b":null,"interstate_c":null,"loaddate":1474004667000,"mtfcc_code":"S1200","name":"Merchant St","objectid":18154652,"permanent_identifier":"a7c594ee-d679-414d-a8ca-f8605bc8dc36","real_world_relation":"REFERENCE_ONLY","shape_Length":67.24113123416525,"source_datadesc":"2016 January MAFTIGER","source_datasetid":"{9298FF95-0FA8-4712-9AA5-9292C907CA63}","source_featureid":"110803607673","source_id":"REF-FAIRMONT-CONNECTING-ROADS","source_originator":"U.S. Department of Commerce, U.S. Census Bureau, Geography Division","state_route":"310","state_route_a":"310","state_route_b":null,"state_route_c":null,"stco_fipscode":"54049","tnmfrc":3,"us_route":null,"us_route_a":null,"us_route_b":null,"us_route_c":null},"type":"Feature"},{"geometry":{"coordinates":[[-80.118733,39.469434],[-80.118751,39.469473]],"type":"LineString"},"id":"REF-FAIRMONT-CONNECTING-ROADS-56","properties":{"canon_status":"REAL_REFERENCE","county_route":null,"federal_lands_route":null,"fictionality":"REAL","globalid":"{BA1C8664-4EF5-4211-A621-B99E290BABB2}","interstate":null,"interstate_a":null,"interstate_b":null,"interstate_c":null,"loaddate":1474004488000,"mtfcc_code":"S1200","name":"Co Rd 3/1","objectid":18154653,"permanent_identifier":"917a3dc1-9b94-4fad-945a-a2a78faca8fb","real_world_relation":"REFERENCE_ONLY","shape_Length":5.970181309042082,"source_datadesc":"2016 January MAFTIGER","source_datasetid":"{9298FF95-0FA8-4712-9AA5-9292C907CA63}","source_featureid":"110803608986","source_id":"REF-FAIRMONT-CONNECTING-ROADS","source_originator":"U.S. Department of Commerce, U.S. Census Bureau, Geography Division","state_route":"310","state_route_a":"310","state_route_b":null,"state_route_c":null,"stco_fipscode":"54049","tnmfrc":3,"us_route":null,"us_route_a":null,"us_route_b":null,"us_route_c":null},"type":"Feature"},{"geometry":{"coordinates":[[-80.090277,39.436628],[-80.090309,39.436932]],"type":"LineString"},"id":"REF-FAIRMONT-CONNECTING-ROADS-57","properties":{"canon_status":"REAL_REFERENCE","county_route":null,"federal_lands_route":null,"fictionality":"REAL","globalid":"{0642665A-F9F0-4003-B2B1-EAF1B5B5D347}","interstate":null,"interstate_a":null,"interstate_b":null,"interstate_c":null,"loaddate":1474004515000,"mtfcc_code":"S1200","name":"E Grafton Rd","objectid":18411528,"permanent_identifier":"7b35a769-568f-4746-b177-67a59ebe2c89","real_world_relation":"REFERENCE_ONLY","shape_Length":43.96175934976416,"source_datadesc":"2016 January MAFTIGER","source_datasetid":"{9298FF95-0FA8-4712-9AA5-9292C907CA63}","source_featureid":"1103690717711","source_id":"REF-FAIRMONT-CONNECTING-ROADS","source_originator":"U.S. Department of Commerce, U.S. Census Bureau, Geography Division","state_route":"310","state_route_a":"310","state_route_b":null,"state_route_c":null,"stco_fipscode":"54049","tnmfrc":3,"us_route":null,"us_route_a":null,"us_route_b":null,"us_route_c":null},"type":"Feature"},{"geometry":{"coordinates":[[-80.095887,39.450602],[-80.096057,39.450677],[-80.096724,39.45094],[-80.096898,39.451012],[-80.09723,39.45117],[-80.09742,39.451287],[-80.097606,39.45141],[-80.097753,39.451524],[-80.097949,39.45165],[-80.098218,39.4518],[-80.098492,39.451901],[-80.098634,39.451944],[-80.098832,39.451994],[-80.099066,39.452032],[-80.099314,39.452049],[-80.099542,39.452055],[-80.099899,39.452031]],"type":"LineString"},"id":"REF-FAIRMONT-CONNECTING-ROADS-58","properties":{"canon_status":"REAL_REFERENCE","county_route":null,"federal_lands_route":null,"fictionality":"REAL","globalid":"{CFC4EA53-9F4A-4BE9-AD0F-5C5D7101B1B1}","interstate":null,"interstate_a":null,"interstate_b":null,"interstate_c":null,"loaddate":1474004515000,"mtfcc_code":"S1200","name":"E Grafton Rd","objectid":18411533,"permanent_identifier":"734069f4-acb3-4a28-bf20-f459451aecd0","real_world_relation":"REFERENCE_ONLY","shape_Length":506.9781870404678,"source_datadesc":"2016 January MAFTIGER","source_datasetid":"{9298FF95-0FA8-4712-9AA5-9292C907CA63}","source_featureid":"1103690717711","source_id":"REF-FAIRMONT-CONNECTING-ROADS","source_originator":"U.S. Department of Commerce, U.S. Census Bureau, Geography Division","state_route":"310","state_route_a":"310","state_route_b":null,"state_route_c":null,"stco_fipscode":"54049","tnmfrc":3,"us_route":null,"us_route_a":null,"us_route_b":null,"us_route_c":null},"type":"Feature"},{"geometry":{"coordinates":[[-80.121529,39.473188],[-80.121601,39.473271],[-80.121845,39.473619]],"type":"LineString"},"id":"REF-FAIRMONT-CONNECTING-ROADS-59","properties":{"canon_status":"REAL_REFERENCE","county_route":null,"federal_lands_route":null,"fictionality":"REAL","globalid":"{4B9596FC-A186-4CF8-9AC0-6C2195D9A53F}","interstate":null,"interstate_a":null,"interstate_b":null,"interstate_c":null,"loaddate":1474004830000,"mtfcc_code":"S1200","name":"Grafton Rd","objectid":18411543,"permanent_identifier":"1f1a51c2-466b-42f4-9830-d2ca7edd2419","real_world_relation":"REFERENCE_ONLY","shape_Length":71.46969116151425,"source_datadesc":"2016 January MAFTIGER","source_datasetid":"{9298FF95-0FA8-4712-9AA5-9292C907CA63}","source_featureid":"110803607253","source_id":"REF-FAIRMONT-CONNECTING-ROADS","source_originator":"U.S. Department of Commerce, U.S. Census Bureau, Geography Division","state_route":"310","state_route_a":"310","state_route_b":null,"state_route_c":null,"stco_fipscode":"54049","tnmfrc":3,"us_route":null,"us_route_a":null,"us_route_b":null,"us_route_c":null},"type":"Feature"},{"geometry":{"coordinates":[[-80.120786,39.472297],[-80.121195,39.472786]],"type":"LineString"},"id":"REF-FAIRMONT-CONNECTING-ROADS-60","properties":{"canon_status":"REAL_REFERENCE","county_route":null,"federal_lands_route":null,"fictionality":"REAL","globalid":"{49F757BA-3EC3-4463-AB62-93A10FD3D458}","interstate":null,"interstate_a":null,"interstate_b":null,"interstate_c":null,"loaddate":1474004830000,"mtfcc_code":"S1200","name":"Grafton Rd","objectid":18924193,"permanent_identifier":"fe64bc38-ecae-479b-8d23-6818bf6067d4","real_world_relation":"REFERENCE_ONLY","shape_Length":83.93925375192603,"source_datadesc":"2016 January MAFTIGER","source_datasetid":"{9298FF95-0FA8-4712-9AA5-9292C907CA63}","source_featureid":"110803607253","source_id":"REF-FAIRMONT-CONNECTING-ROADS","source_originator":"U.S. Department of Commerce, U.S. Census Bureau, Geography Division","state_route":"310","state_route_a":"310","state_route_b":null,"state_route_c":null,"stco_fipscode":"54049","tnmfrc":3,"us_route":null,"us_route_a":null,"us_route_b":null,"us_route_c":null},"type":"Feature"},{"geometry":{"coordinates":[[-80.107411,39.452938],[-80.10777,39.453067],[-80.108012,39.453164],[-80.108265,39.453282],[-80.108479,39.453408],[-80.108731,39.453597],[-80.108896,39.453688],[-80.109197,39.453797],[-80.109529,39.453899],[-80.109739,39.453972],[-80.110392,39.45431],[-80.110642,39.454435],[-80.11085,39.454551],[-80.111009,39.454627]],"type":"LineString"},"id":"REF-FAIRMONT-CONNECTING-ROADS-61","properties":{"canon_status":"REAL_REFERENCE","county_route":null,"federal_lands_route":null,"fictionality":"REAL","globalid":"{021A0AA0-AF4C-41D9-BC73-6E299D19A57D}","interstate":null,"interstate_a":null,"interstate_b":null,"interstate_c":null,"loaddate":1474004334000,"mtfcc_code":"S1200","name":"State Rte 310","objectid":19308935,"permanent_identifier":"51ddeb73-1a15-41a6-8948-24b2fff0d599","real_world_relation":"REFERENCE_ONLY","shape_Length":471.4435998789923,"source_datadesc":"2016 January MAFTIGER","source_datasetid":"{9298FF95-0FA8-4712-9AA5-9292C907CA63}","source_featureid":"110803586749","source_id":"REF-FAIRMONT-CONNECTING-ROADS","source_originator":"U.S. Department of Commerce, U.S. Census Bureau, Geography Division","state_route":"310","state_route_a":"310","state_route_b":null,"state_route_c":null,"stco_fipscode":"54049","tnmfrc":3,"us_route":null,"us_route_a":null,"us_route_b":null,"us_route_c":null},"type":"Feature"},{"geometry":{"coordinates":[[-80.084451,39.424848],[-80.084566,39.424929],[-80.08469,39.425033],[-80.08493,39.425201],[-80.085023,39.425273],[-80.085394,39.425508],[-80.085516,39.425595],[-80.085878,39.425826],[-80.086004,39.42592]],"type":"LineString"},"id":"REF-FAIRMONT-CONNECTING-ROADS-62","properties":{"canon_status":"REAL_REFERENCE","county_route":null,"federal_lands_route":null,"fictionality":"REAL","globalid":"{E4B093AC-2420-48FB-92B6-CFC738C6D881}","interstate":null,"interstate_a":null,"interstate_b":null,"interstate_c":null,"loaddate":1474004446000,"mtfcc_code":"S1200","name":"Grafton Rd","objectid":19821602,"permanent_identifier":"7a1a7420-6a43-4b2a-be1c-7b1b6c6247b7","real_world_relation":"REFERENCE_ONLY","shape_Length":232.07501966632043,"source_datadesc":"2016 January MAFTIGER","source_datasetid":"{9298FF95-0FA8-4712-9AA5-9292C907CA63}","source_featureid":"1103690718423","source_id":"REF-FAIRMONT-CONNECTING-ROADS","source_originator":"U.S. Department of Commerce, U.S. Census Bureau, Geography Division","state_route":"310","state_route_a":"310","state_route_b":null,"state_route_c":null,"stco_fipscode":"54049","tnmfrc":3,"us_route":null,"us_route_a":null,"us_route_b":null,"us_route_c":null},"type":"Feature"},{"geometry":{"coordinates":[[-80.099899,39.452031],[-80.099956,39.452022],[-80.100189,39.451969]],"type":"LineString"},"id":"REF-FAIRMONT-CONNECTING-ROADS-63","properties":{"canon_status":"REAL_REFERENCE","county_route":null,"federal_lands_route":null,"fictionality":"REAL","globalid":"{F3C4A9B4-A7DA-4432-A425-E653749BCF88}","interstate":null,"interstate_a":null,"interstate_b":null,"interstate_c":null,"loaddate":1474004515000,"mtfcc_code":"S1200","name":"E Grafton Rd","objectid":20462297,"permanent_identifier":"cd6824c2-c913-4c3a-929a-5e33f7c19563","real_world_relation":"REFERENCE_ONLY","shape_Length":33.51605122090048,"source_datadesc":"2016 January MAFTIGER","source_datasetid":"{9298FF95-0FA8-4712-9AA5-9292C907CA63}","source_featureid":"1103690717711","source_id":"REF-FAIRMONT-CONNECTING-ROADS","source_originator":"U.S. Department of Commerce, U.S. Census Bureau, Geography Division","state_route":"310","state_route_a":"310","state_route_b":null,"state_route_c":null,"stco_fipscode":"54049","tnmfrc":3,"us_route":null,"us_route_a":null,"us_route_b":null,"us_route_c":null},"type":"Feature"},{"geometry":{"coordinates":[[-80.135634,39.482973],[-80.135451,39.483009],[-80.135235,39.483015]],"type":"LineString"},"id":"REF-FAIRMONT-CONNECTING-ROADS-64","properties":{"canon_status":"REAL_REFERENCE","county_route":null,"federal_lands_route":null,"fictionality":"REAL","globalid":"{180B4C10-0671-4812-B57B-BBBC4F33F270}","interstate":null,"interstate_a":null,"interstate_b":null,"interstate_c":null,"loaddate":1474004745000,"mtfcc_code":"S1200","name":"E Park Ave","objectid":20718956,"permanent_identifier":"49886826-d8c0-437e-9e9e-5c5de5dfae10","real_world_relation":"REFERENCE_ONLY","shape_Length":45.08338984706705,"source_datadesc":"2016 January MAFTIGER","source_datasetid":"{9298FF95-0FA8-4712-9AA5-9292C907CA63}","source_featureid":"110803597965","source_id":"REF-FAIRMONT-CONNECTING-ROADS","source_originator":"U.S. Department of Commerce, U.S. Census Bureau, Geography Division","state_route":"310","state_route_a":"310","state_route_b":null,"state_route_c":null,"stco_fipscode":"54049","tnmfrc":3,"us_route":null,"us_route_a":null,"us_route_b":null,"us_route_c":null},"type":"Feature"},{"geometry":{"coordinates":[[-80.121195,39.472786],[-80.121529,39.473188]],"type":"LineString"},"id":"REF-FAIRMONT-CONNECTING-ROADS-65","properties":{"canon_status":"REAL_REFERENCE","county_route":null,"federal_lands_route":null,"fictionality":"REAL","globalid":"{BD8913BF-078F-444E-837E-92CCE04DD62C}","interstate":null,"interstate_a":null,"interstate_b":null,"interstate_c":null,"loaddate":1474004830000,"mtfcc_code":"S1200","name":"Grafton Rd","objectid":20718969,"permanent_identifier":"d0572cac-85dc-4e47-97dc-6dbfcb16c7d2","real_world_relation":"REFERENCE_ONLY","shape_Length":68.87108829588465,"source_datadesc":"2016 January MAFTIGER","source_datasetid":"{9298FF95-0FA8-4712-9AA5-9292C907CA63}","source_featureid":"110803607253","source_id":"REF-FAIRMONT-CONNECTING-ROADS","source_originator":"U.S. Department of Commerce, U.S. Census Bureau, Geography Division","state_route":"310","state_route_a":"310","state_route_b":null,"state_route_c":null,"stco_fipscode":"54049","tnmfrc":3,"us_route":null,"us_route_a":null,"us_route_b":null,"us_route_c":null},"type":"Feature"},{"geometry":{"coordinates":[[-80.13628,39.482612],[-80.135983,39.482774],[-80.135678,39.482957],[-80.135634,39.482973]],"type":"LineString"},"id":"REF-FAIRMONT-CONNECTING-ROADS-66","properties":{"canon_status":"REAL_REFERENCE","county_route":null,"federal_lands_route":null,"fictionality":"REAL","globalid":"{DACE098E-9980-426F-BA3F-06D79AD5BB84}","interstate":null,"interstate_a":null,"interstate_b":null,"interstate_c":null,"loaddate":1474004745000,"mtfcc_code":"S1200","name":"Merchant St","objectid":21359500,"permanent_identifier":"d77a4402-7d38-42a2-9d02-485b9f0cd1af","real_world_relation":"REFERENCE_ONLY","shape_Length":88.90426012470077,"source_datadesc":"2016 January MAFTIGER","source_datasetid":"{9298FF95-0FA8-4712-9AA5-9292C907CA63}","source_featureid":"110803607673","source_id":"REF-FAIRMONT-CONNECTING-ROADS","source_originator":"U.S. Department of Commerce, U.S. Census Bureau, Geography Division","state_route":"310","state_route_a":"310","state_route_b":null,"state_route_c":null,"stco_fipscode":"54049","tnmfrc":3,"us_route":null,"us_route_a":null,"us_route_b":null,"us_route_c":null},"type":"Feature"},{"geometry":{"coordinates":[[-80.121214,39.472587],[-80.120928,39.472241]],"type":"LineString"},"id":"REF-FAIRMONT-CONNECTING-ROADS-67","properties":{"canon_status":"REAL_REFERENCE","county_route":null,"federal_lands_route":null,"fictionality":"REAL","globalid":"{132EF524-C6E2-444F-B234-0DC906EA03DB}","interstate":null,"interstate_a":null,"interstate_b":null,"interstate_c":null,"loaddate":1474004667000,"mtfcc_code":"S1200","name":"Grafton Rd","objectid":21487746,"permanent_identifier":"5dd2aeb4-ef00-415c-87e7-4a6d86f32b98","real_world_relation":"REFERENCE_ONLY","shape_Length":59.1884344401218,"source_datadesc":"2016 January MAFTIGER","source_datasetid":"{9298FF95-0FA8-4712-9AA5-9292C907CA63}","source_featureid":"110803607253","source_id":"REF-FAIRMONT-CONNECTING-ROADS","source_originator":"U.S. Department of Commerce, U.S. Census Bureau, Geography Division","state_route":"310","state_route_a":"310","state_route_b":null,"state_route_c":null,"stco_fipscode":"54049","tnmfrc":3,"us_route":null,"us_route_a":null,"us_route_b":null,"us_route_c":null},"type":"Feature"},{"geometry":{"coordinates":[[-80.121221,39.476626],[-80.121231,39.47654],[-80.121253,39.47649],[-80.121702,39.475875],[-80.12197,39.475469],[-80.122142,39.475183]],"type":"LineString"},"id":"REF-FAIRMONT-CONNECTING-ROADS-68","properties":{"canon_status":"REAL_REFERENCE","county_route":null,"federal_lands_route":null,"fictionality":"REAL","globalid":"{A1FF2D53-943C-420C-AB76-7F3E44CE8FF0}","interstate":null,"interstate_a":null,"interstate_b":null,"interstate_c":null,"loaddate":1474004667000,"mtfcc_code":"S1200","name":"Grafton Rd","objectid":21487789,"permanent_identifier":"8935d535-0195-4119-83b5-aa9e77913c96","real_world_relation":"REFERENCE_ONLY","shape_Length":233.06275942445444,"source_datadesc":"2016 January MAFTIGER","source_datasetid":"{9298FF95-0FA8-4712-9AA5-9292C907CA63}","source_featureid":"110803607253","source_id":"REF-FAIRMONT-CONNECTING-ROADS","source_originator":"U.S. Department of Commerce, U.S. Census Bureau, Geography Division","state_route":"310","state_route_a":"310","state_route_b":null,"state_route_c":null,"stco_fipscode":"54049","tnmfrc":3,"us_route":null,"us_route_a":null,"us_route_b":null,"us_route_c":null},"type":"Feature"},{"geometry":{"coordinates":[[-80.118649,39.469103],[-80.118663,39.4692]],"type":"LineString"},"id":"REF-FAIRMONT-CONNECTING-ROADS-69","properties":{"canon_status":"REAL_REFERENCE","county_route":null,"federal_lands_route":null,"fictionality":"REAL","globalid":"{4E103008-AA0B-46B6-A057-6765B6F157A1}","interstate":null,"interstate_a":null,"interstate_b":null,"interstate_c":null,"loaddate":1474004456000,"mtfcc_code":"S1200","name":"E Grafton Rd","objectid":21871680,"permanent_identifier":"a7c511ec-2c55-4759-a9a1-17d8d319a375","real_world_relation":"REFERENCE_ONLY","shape_Length":14.074156314953491,"source_datadesc":"2016 January MAFTIGER","source_datasetid":"{9298FF95-0FA8-4712-9AA5-9292C907CA63}","source_featureid":"110803607256","source_id":"REF-FAIRMONT-CONNECTING-ROADS","source_originator":"U.S. Department of Commerce, U.S. Census Bureau, Geography Division","state_route":"310","state_route_a":"310","state_route_b":null,"state_route_c":null,"stco_fipscode":"54049","tnmfrc":3,"us_route":null,"us_route_a":null,"us_route_b":null,"us_route_c":null},"type":"Feature"},{"geometry":{"coordinates":[[-80.119464,39.470678],[-80.119491,39.470727],[-80.11966,39.470979],[-80.11988,39.47125]],"type":"LineString"},"id":"REF-FAIRMONT-CONNECTING-ROADS-70","properties":{"canon_status":"REAL_REFERENCE","county_route":null,"federal_lands_route":null,"fictionality":"REAL","globalid":"{F846292C-C6FA-4046-82A1-5E1C18A9EA4A}","interstate":null,"interstate_a":null,"interstate_b":null,"interstate_c":null,"loaddate":1474004835000,"mtfcc_code":"S1200","name":"Co Rd 3/1","objectid":22896586,"permanent_identifier":"c7a0720e-81b2-44c2-ab92-7c6508d1007c","real_world_relation":"REFERENCE_ONLY","shape_Length":94.71926929168364,"source_datadesc":"2016 January MAFTIGER","source_datasetid":"{9298FF95-0FA8-4712-9AA5-9292C907CA63}","source_featureid":"110803608985","source_id":"REF-FAIRMONT-CONNECTING-ROADS","source_originator":"U.S. Department of Commerce, U.S. Census Bureau, Geography Division","state_route":"310","state_route_a":"310","state_route_b":null,"state_route_c":null,"stco_fipscode":"54049","tnmfrc":3,"us_route":null,"us_route_a":null,"us_route_b":null,"us_route_c":null},"type":"Feature"},{"geometry":{"coordinates":[[-80.131492,39.483008],[-80.130631,39.482944],[-80.129672,39.482862]],"type":"LineString"},"id":"REF-FAIRMONT-CONNECTING-ROADS-71","properties":{"canon_status":"REAL_REFERENCE","county_route":null,"federal_lands_route":null,"fictionality":"REAL","globalid":"{1D7BC0AB-2429-4996-9419-71805D000897}","interstate":null,"interstate_a":null,"interstate_b":null,"interstate_c":null,"loaddate":1474004745000,"mtfcc_code":"S1200","name":"E Park Ave","objectid":23025045,"permanent_identifier":"2c700f1c-2ec9-43b0-b92a-1b02ced74735","real_world_relation":"REFERENCE_ONLY","shape_Length":203.6981114049783,"source_datadesc":"2016 January MAFTIGER","source_datasetid":"{9298FF95-0FA8-4712-9AA5-9292C907CA63}","source_featureid":"110803597965","source_id":"REF-FAIRMONT-CONNECTING-ROADS","source_originator":"U.S. Department of Commerce, U.S. Census Bureau, Geography Division","state_route":"310","state_route_a":"310","state_route_b":null,"state_route_c":null,"stco_fipscode":"54049","tnmfrc":3,"us_route":null,"us_route_a":null,"us_route_b":null,"us_route_c":null},"type":"Feature"},{"geometry":{"coordinates":[[-80.118663,39.4692],[-80.118683,39.469272],[-80.118724,39.469416],[-80.118733,39.469434]],"type":"LineString"},"id":"REF-FAIRMONT-CONNECTING-ROADS-72","properties":{"canon_status":"REAL_REFERENCE","county_route":null,"federal_lands_route":null,"fictionality":"REAL","globalid":"{76DAAD18-0423-45BD-A546-4DD84D56B760}","interstate":null,"interstate_a":null,"interstate_b":null,"interstate_c":null,"loaddate":1474004456000,"mtfcc_code":"S1200","name":"E Grafton Rd","objectid":23409238,"permanent_identifier":"b2c5cae5-ddbe-4061-8651-8df156cb43a1","real_world_relation":"REFERENCE_ONLY","shape_Length":34.6618440711671,"source_datadesc":"2016 January MAFTIGER","source_datasetid":"{9298FF95-0FA8-4712-9AA5-9292C907CA63}","source_featureid":"110803607256","source_id":"REF-FAIRMONT-CONNECTING-ROADS","source_originator":"U.S. Department of Commerce, U.S. Census Bureau, Geography Division","state_route":"310","state_route_a":"310","state_route_b":null,"state_route_c":null,"stco_fipscode":"54049","tnmfrc":3,"us_route":null,"us_route_a":null,"us_route_b":null,"us_route_c":null},"type":"Feature"},{"geometry":{"coordinates":[[-80.115431,39.45489],[-80.115518,39.455038],[-80.115555,39.45509]],"type":"LineString"},"id":"REF-FAIRMONT-CONNECTING-ROADS-73","properties":{"canon_status":"REAL_REFERENCE","county_route":null,"federal_lands_route":null,"fictionality":"REAL","globalid":"{D2745D1E-3D0B-4AB1-8368-F180BF4B7B6E}","interstate":null,"interstate_a":null,"interstate_b":null,"interstate_c":null,"loaddate":1474004456000,"mtfcc_code":"S1200","name":"E Grafton Rd","objectid":23537215,"permanent_identifier":"37d77ffc-179a-43a6-b762-d751564b3120","real_world_relation":"REFERENCE_ONLY","shape_Length":31.98655656931499,"source_datadesc":"2016 January MAFTIGER","source_datasetid":"{9298FF95-0FA8-4712-9AA5-9292C907CA63}","source_featureid":"110803607256","source_id":"REF-FAIRMONT-CONNECTING-ROADS","source_originator":"U.S. Department of Commerce, U.S. Census Bureau, Geography Division","state_route":"310","state_route_a":"310","state_route_b":null,"state_route_c":null,"stco_fipscode":"54049","tnmfrc":3,"us_route":null,"us_route_a":null,"us_route_b":null,"us_route_c":null},"type":"Feature"},{"geometry":{"coordinates":[[-80.078959,39.419765],[-80.079065,39.419855],[-80.07918,39.419973],[-80.07929,39.420135],[-80.079382,39.420289],[-80.079459,39.420393],[-80.079561,39.420461],[-80.07969,39.420526],[-80.07981,39.420558],[-80.079995,39.420598],[-80.080226,39.420634],[-80.080406,39.42067],[-80.080502,39.420699]],"type":"LineString"},"id":"REF-FAIRMONT-CONNECTING-ROADS-74","properties":{"canon_status":"REAL_REFERENCE","county_route":null,"federal_lands_route":null,"fictionality":"REAL","globalid":"{3F68AA9A-6603-4EEA-BC0D-8C4A8FB5CB2A}","interstate":null,"interstate_a":null,"interstate_b":null,"interstate_c":null,"loaddate":1474004334000,"mtfcc_code":"S1200","name":"State Rte 310","objectid":23793993,"permanent_identifier":"dd1ed21d-e5bd-4fec-bd77-f29cf4b9ae88","real_world_relation":"REFERENCE_ONLY","shape_Length":232.950591995555,"source_datadesc":"2016 January MAFTIGER","source_datasetid":"{9298FF95-0FA8-4712-9AA5-9292C907CA63}","source_featureid":"110803586749","source_id":"REF-FAIRMONT-CONNECTING-ROADS","source_originator":"U.S. Department of Commerce, U.S. Census Bureau, Geography Division","state_route":"310","state_route_a":"310","state_route_b":null,"state_route_c":null,"stco_fipscode":"54049","tnmfrc":3,"us_route":null,"us_route_a":null,"us_route_b":null,"us_route_c":null},"type":"Feature"},{"geometry":{"coordinates":[[-80.121705,39.477268],[-80.121545,39.477046],[-80.121304,39.476711],[-80.121221,39.476626]],"type":"LineString"},"id":"REF-FAIRMONT-CONNECTING-ROADS-75","properties":{"canon_status":"REAL_REFERENCE","county_route":null,"federal_lands_route":null,"fictionality":"REAL","globalid":"{F93ED3B6-5842-4E00-B9CA-1503D1F7FA08}","interstate":null,"interstate_a":null,"interstate_b":null,"interstate_c":null,"loaddate":1474004745000,"mtfcc_code":"S1200","name":"E Park Ave","objectid":24947581,"permanent_identifier":"993e808d-083b-4a15-a430-8914d2ad0ff6","real_world_relation":"REFERENCE_ONLY","shape_Length":107.25014170835487,"source_datadesc":"2016 January MAFTIGER","source_datasetid":"{9298FF95-0FA8-4712-9AA5-9292C907CA63}","source_featureid":"110803597965","source_id":"REF-FAIRMONT-CONNECTING-ROADS","source_originator":"U.S. Department of Commerce, U.S. Census Bureau, Geography Division","state_route":"310","state_route_a":"310","state_route_b":null,"state_route_c":null,"stco_fipscode":"54049","tnmfrc":3,"us_route":null,"us_route_a":null,"us_route_b":null,"us_route_c":null},"type":"Feature"},{"geometry":{"coordinates":[[-80.061371,39.415661],[-80.061851,39.415504],[-80.062316,39.415347],[-80.062543,39.415261],[-80.06262,39.415232],[-80.062871,39.41515],[-80.062991,39.415103],[-80.063641,39.414887],[-80.064063,39.41473],[-80.064133,39.414712],[-80.064261,39.414663],[-80.064379,39.414618],[-80.064658,39.414541],[-80.064817,39.414502],[-80.064945,39.414489]],"type":"LineString"},"id":"REF-FAIRMONT-CONNECTING-ROADS-76","properties":{"canon_status":"REAL_REFERENCE","county_route":null,"federal_lands_route":null,"fictionality":"REAL","globalid":"{6C111E7D-F0FD-476A-8C31-1DAE1FC37F1E}","interstate":null,"interstate_a":null,"interstate_b":null,"interstate_c":null,"loaddate":1474004339000,"mtfcc_code":"S1200","name":"E Grafton Rd","objectid":24947588,"permanent_identifier":"dadbe596-4798-461b-8522-7b9abb4dabe8","real_world_relation":"REFERENCE_ONLY","shape_Length":433.1033990902105,"source_datadesc":"2016 January MAFTIGER","source_datasetid":"{9298FF95-0FA8-4712-9AA5-9292C907CA63}","source_featureid":"1104469045843","source_id":"REF-FAIRMONT-CONNECTING-ROADS","source_originator":"U.S. Department of Commerce, U.S. Census Bureau, Geography Division","state_route":"310","state_route_a":"310","state_route_b":null,"state_route_c":null,"stco_fipscode":"54049","tnmfrc":3,"us_route":null,"us_route_a":null,"us_route_b":null,"us_route_c":null},"type":"Feature"},{"geometry":{"coordinates":[[-80.115947,39.455721],[-80.116219,39.456152],[-80.116339,39.456311]],"type":"LineString"},"id":"REF-FAIRMONT-CONNECTING-ROADS-77","properties":{"canon_status":"REAL_REFERENCE","county_route":null,"federal_lands_route":null,"fictionality":"REAL","globalid":"{E7A61099-804B-4015-991F-6ECD64244B8E}","interstate":null,"interstate_a":null,"interstate_b":null,"interstate_c":null,"loaddate":1474004456000,"mtfcc_code":"S1200","name":"E Grafton Rd","objectid":25203983,"permanent_identifier":"c60d1b1d-ae9d-4df1-8781-5a6d21d7d10a","real_world_relation":"REFERENCE_ONLY","shape_Length":95.65605424045096,"source_datadesc":"2016 January MAFTIGER","source_datasetid":"{9298FF95-0FA8-4712-9AA5-9292C907CA63}","source_featureid":"110803607256","source_id":"REF-FAIRMONT-CONNECTING-ROADS","source_originator":"U.S. Department of Commerce, U.S. Census Bureau, Geography Division","state_route":"310","state_route_a":"310","state_route_b":null,"state_route_c":null,"stco_fipscode":"54049","tnmfrc":3,"us_route":null,"us_route_a":null,"us_route_b":null,"us_route_c":null},"type":"Feature"},{"geometry":{"coordinates":[[-80.111009,39.454627],[-80.111114,39.454669],[-80.111155,39.454681]],"type":"LineString"},"id":"REF-FAIRMONT-CONNECTING-ROADS-78","properties":{"canon_status":"REAL_REFERENCE","county_route":null,"federal_lands_route":null,"fictionality":"REAL","globalid":"{D16A4451-6492-42C1-BC42-1F6F47B952FD}","interstate":null,"interstate_a":null,"interstate_b":null,"interstate_c":null,"loaddate":1474004334000,"mtfcc_code":"S1200","name":"State Rte 310","objectid":25203985,"permanent_identifier":"6b7f9b56-6500-4a3f-b677-3834b6a3d6fb","real_world_relation":"REFERENCE_ONLY","shape_Length":18.04497664645489,"source_datadesc":"2016 January MAFTIGER","source_datasetid":"{9298FF95-0FA8-4712-9AA5-9292C907CA63}","source_featureid":"110803586749","source_id":"REF-FAIRMONT-CONNECTING-ROADS","source_originator":"U.S. Department of Commerce, U.S. Census Bureau, Geography Division","state_route":"310","state_route_a":"310","state_route_b":null,"state_route_c":null,"stco_fipscode":"54049","tnmfrc":3,"us_route":null,"us_route_a":null,"us_route_b":null,"us_route_c":null},"type":"Feature"},{"geometry":{"coordinates":[[-80.127954,39.482544],[-80.127032,39.482244],[-80.126545,39.482063],[-80.125944,39.481868]],"type":"LineString"},"id":"REF-FAIRMONT-CONNECTING-ROADS-79","properties":{"canon_status":"REAL_REFERENCE","county_route":null,"federal_lands_route":null,"fictionality":"REAL","globalid":"{BFF71A84-373A-4412-9868-AA2F3D230B5B}","interstate":null,"interstate_a":null,"interstate_b":null,"interstate_c":null,"loaddate":1474004745000,"mtfcc_code":"S1200","name":"E Park Ave","objectid":25460340,"permanent_identifier":"e9269cd7-2dda-4b19-ab35-518bae6348fd","real_world_relation":"REFERENCE_ONLY","shape_Length":244.12911866188398,"source_datadesc":"2016 January MAFTIGER","source_datasetid":"{9298FF95-0FA8-4712-9AA5-9292C907CA63}","source_featureid":"110803597965","source_id":"REF-FAIRMONT-CONNECTING-ROADS","source_originator":"U.S. Department of Commerce, U.S. Census Bureau, Geography Division","state_route":"310","state_route_a":"310","state_route_b":null,"state_route_c":null,"stco_fipscode":"54049","tnmfrc":3,"us_route":null,"us_route_a":null,"us_route_b":null,"us_route_c":null},"type":"Feature"},{"geometry":{"coordinates":[[-80.120134,39.471327],[-80.120488,39.471743],[-80.120541,39.471793],[-80.120682,39.471926]],"type":"LineString"},"id":"REF-FAIRMONT-CONNECTING-ROADS-80","properties":{"canon_status":"REAL_REFERENCE","county_route":null,"federal_lands_route":null,"fictionality":"REAL","globalid":"{4D0F4D91-759F-4299-B42F-788D70EC3F55}","interstate":null,"interstate_a":null,"interstate_b":null,"interstate_c":null,"loaddate":1474004790000,"mtfcc_code":"S1200","name":"Co Rd 3/1","objectid":25588594,"permanent_identifier":"073f67b1-f1e8-4311-bd89-c5736c5ab2d5","real_world_relation":"REFERENCE_ONLY","shape_Length":105.8758596333937,"source_datadesc":"2016 January MAFTIGER","source_datasetid":"{9298FF95-0FA8-4712-9AA5-9292C907CA63}","source_featureid":"110803608984","source_id":"REF-FAIRMONT-CONNECTING-ROADS","source_originator":"U.S. Department of Commerce, U.S. Census Bureau, Geography Division","state_route":"310","state_route_a":"310","state_route_b":null,"state_route_c":null,"stco_fipscode":"54049","tnmfrc":3,"us_route":null,"us_route_a":null,"us_route_b":null,"us_route_c":null},"type":"Feature"},{"geometry":{"coordinates":[[-80.082528,39.42211],[-80.082549,39.422123],[-80.082613,39.42218],[-80.082682,39.422277],[-80.08275,39.422435],[-80.082823,39.422622],[-80.083022,39.423248],[-80.083124,39.423469],[-80.083242,39.423669],[-80.08333,39.423766]],"type":"LineString"},"id":"REF-FAIRMONT-CONNECTING-ROADS-81","properties":{"canon_status":"REAL_REFERENCE","county_route":null,"federal_lands_route":null,"fictionality":"REAL","globalid":"{4641A7A1-6089-4DFB-A20D-65F319241E50}","interstate":null,"interstate_a":null,"interstate_b":null,"interstate_c":null,"loaddate":1474004334000,"mtfcc_code":"S1200","name":"State Rte 310","objectid":25716741,"permanent_identifier":"8d9fce68-a21d-4207-823a-e2dca2c4a528","real_world_relation":"REFERENCE_ONLY","shape_Length":257.40455133342067,"source_datadesc":"2016 January MAFTIGER","source_datasetid":"{9298FF95-0FA8-4712-9AA5-9292C907CA63}","source_featureid":"110803586749","source_id":"REF-FAIRMONT-CONNECTING-ROADS","source_originator":"U.S. Department of Commerce, U.S. Census Bureau, Geography Division","state_route":"310","state_route_a":"310","state_route_b":null,"state_route_c":null,"stco_fipscode":"54049","tnmfrc":3,"us_route":null,"us_route_a":null,"us_route_b":null,"us_route_c":null},"type":"Feature"},{"geometry":{"coordinates":[[-80.134374,39.483069],[-80.133456,39.483105]],"type":"LineString"},"id":"REF-FAIRMONT-CONNECTING-ROADS-82","properties":{"canon_status":"REAL_REFERENCE","county_route":null,"federal_lands_route":null,"fictionality":"REAL","globalid":"{CDF35A2E-8EE2-4B34-B5ED-04C9483B62EF}","interstate":null,"interstate_a":null,"interstate_b":null,"interstate_c":null,"loaddate":1474004745000,"mtfcc_code":"S1200","name":"E Park Ave","objectid":25972952,"permanent_identifier":"2449aa67-f600-4eb0-ba01-1eb325f3a690","real_world_relation":"REFERENCE_ONLY","shape_Length":102.32322928787478,"source_datadesc":"2016 January MAFTIGER","source_datasetid":"{9298FF95-0FA8-4712-9AA5-9292C907CA63}","source_featureid":"110803597965","source_id":"REF-FAIRMONT-CONNECTING-ROADS","source_originator":"U.S. Department of Commerce, U.S. Census Bureau, Geography Division","state_route":"310","state_route_a":"310","state_route_b":null,"state_route_c":null,"stco_fipscode":"54049","tnmfrc":3,"us_route":null,"us_route_a":null,"us_route_b":null,"us_route_c":null},"type":"Feature"},{"geometry":{"coordinates":[[-80.113496,39.454404],[-80.114199,39.454402],[-80.114518,39.454405],[-80.114696,39.454412],[-80.114827,39.454431],[-80.114999,39.454487],[-80.115021,39.454499],[-80.115145,39.454566]],"type":"LineString"},"id":"REF-FAIRMONT-CONNECTING-ROADS-83","properties":{"canon_status":"REAL_REFERENCE","county_route":null,"federal_lands_route":null,"fictionality":"REAL","globalid":"{57B0F7F0-1A41-4893-A0F9-75000F98C8DB}","interstate":null,"interstate_a":null,"interstate_b":null,"interstate_c":null,"loaddate":1474004456000,"mtfcc_code":"S1200","name":"E Grafton Rd","objectid":25973046,"permanent_identifier":"9a4c83ee-8c0d-455c-bfb1-3077c19c1bc6","real_world_relation":"REFERENCE_ONLY","shape_Length":189.0759427987576,"source_datadesc":"2016 January MAFTIGER","source_datasetid":"{9298FF95-0FA8-4712-9AA5-9292C907CA63}","source_featureid":"110803607256","source_id":"REF-FAIRMONT-CONNECTING-ROADS","source_originator":"U.S. Department of Commerce, U.S. Census Bureau, Geography Division","state_route":"310","state_route_a":"310","state_route_b":null,"state_route_c":null,"stco_fipscode":"54049","tnmfrc":3,"us_route":null,"us_route_a":null,"us_route_b":null,"us_route_c":null},"type":"Feature"},{"geometry":{"coordinates":[[-80.111205,39.454695],[-80.111316,39.454707],[-80.111432,39.454699],[-80.111627,39.454656],[-80.111899,39.454578],[-80.112314,39.454479],[-80.112403,39.454462],[-80.112574,39.454429],[-80.112791,39.454409]],"type":"LineString"},"id":"REF-FAIRMONT-CONNECTING-ROADS-84","properties":{"canon_status":"REAL_REFERENCE","county_route":null,"federal_lands_route":null,"fictionality":"REAL","globalid":"{CE60AA12-1A4C-4472-B4D6-4023EEBDB36A}","interstate":null,"interstate_a":null,"interstate_b":null,"interstate_c":null,"loaddate":1474004456000,"mtfcc_code":"S1200","name":"E Grafton Rd","objectid":25973050,"permanent_identifier":"f7e04d60-2593-4679-9617-5418ec64ce4d","real_world_relation":"REFERENCE_ONLY","shape_Length":182.8236558389724,"source_datadesc":"2016 January MAFTIGER","source_datasetid":"{9298FF95-0FA8-4712-9AA5-9292C907CA63}","source_featureid":"110803607256","source_id":"REF-FAIRMONT-CONNECTING-ROADS","source_originator":"U.S. Department of Commerce, U.S. Census Bureau, Geography Division","state_route":"310","state_route_a":"310","state_route_b":null,"state_route_c":null,"stco_fipscode":"54049","tnmfrc":3,"us_route":null,"us_route_a":null,"us_route_b":null,"us_route_c":null},"type":"Feature"},{"geometry":{"coordinates":[[-80.147159,39.480862],[-80.147609,39.48114]],"type":"LineString"},"id":"REF-FAIRMONT-CONNECTING-ROADS-85","properties":{"canon_status":"REAL_REFERENCE","county_route":null,"federal_lands_route":null,"fictionality":"REAL","globalid":"{1D722A71-6337-4D12-A3D5-6F512068D8C1}","interstate":null,"interstate_a":"","interstate_b":"","interstate_c":"","loaddate":1673512934000,"mtfcc_code":"S1200","name":"3rd St","objectid":26869398,"permanent_identifier":"cc82a4ad-fc37-49e0-8841-5639d44aec62","real_world_relation":"REFERENCE_ONLY","shape_Length":64.18253114645641,"source_datadesc":"2022 September MAF/TIGER","source_datasetid":"{44B2076B-6481-4306-8A8B-3DA3B41428FA}","source_featureid":"110803586750","source_id":"REF-FAIRMONT-CONNECTING-ROADS","source_originator":"U.S. Department of Commerce, U.S. Census Bureau, Geography Division","state_route":"310","state_route_a":"310","state_route_b":"","state_route_c":"","stco_fipscode":"54049","tnmfrc":3,"us_route":null,"us_route_a":"","us_route_b":"","us_route_c":""},"type":"Feature"},{"geometry":{"coordinates":[[-80.118786,39.469546],[-80.118879,39.469731],[-80.119001,39.469927],[-80.119056,39.470015]],"type":"LineString"},"id":"REF-FAIRMONT-CONNECTING-ROADS-86","properties":{"canon_status":"REAL_REFERENCE","county_route":null,"federal_lands_route":null,"fictionality":"REAL","globalid":"{729059B5-C600-401D-A044-B0534901F2AB}","interstate":null,"interstate_a":null,"interstate_b":null,"interstate_c":null,"loaddate":1474004488000,"mtfcc_code":"S1200","name":"Co Rd 3/1","objectid":27125185,"permanent_identifier":"aa014345-a0b8-460c-a8c8-4a26a3685bed","real_world_relation":"REFERENCE_ONLY","shape_Length":74.06332185717721,"source_datadesc":"2016 January MAFTIGER","source_datasetid":"{9298FF95-0FA8-4712-9AA5-9292C907CA63}","source_featureid":"110803608986","source_id":"REF-FAIRMONT-CONNECTING-ROADS","source_originator":"U.S. Department of Commerce, U.S. Census Bureau, Geography Division","state_route":"310","state_route_a":"310","state_route_b":null,"state_route_c":null,"stco_fipscode":"54049","tnmfrc":3,"us_route":null,"us_route_a":null,"us_route_b":null,"us_route_c":null},"type":"Feature"},{"geometry":{"coordinates":[[-80.121985,39.475167],[-80.121934,39.475284],[-80.121769,39.475548],[-80.121531,39.475861],[-80.121211,39.476269],[-80.121188,39.4763],[-80.121104,39.47644],[-80.121066,39.476512]],"type":"LineString"},"id":"REF-FAIRMONT-CONNECTING-ROADS-87","properties":{"canon_status":"REAL_REFERENCE","county_route":null,"federal_lands_route":null,"fictionality":"REAL","globalid":"{60FC8B03-A460-4269-A58E-1D4529445D76}","interstate":null,"interstate_a":null,"interstate_b":null,"interstate_c":null,"loaddate":1474004830000,"mtfcc_code":"S1200","name":"Grafton Rd","objectid":27381864,"permanent_identifier":"0e230f2f-038e-4c20-81c3-918246b5dd1d","real_world_relation":"REFERENCE_ONLY","shape_Length":219.81327228470215,"source_datadesc":"2016 January MAFTIGER","source_datasetid":"{9298FF95-0FA8-4712-9AA5-9292C907CA63}","source_featureid":"110803607253","source_id":"REF-FAIRMONT-CONNECTING-ROADS","source_originator":"U.S. Department of Commerce, U.S. Census Bureau, Geography Division","state_route":"310","state_route_a":"310","state_route_b":null,"state_route_c":null,"stco_fipscode":"54049","tnmfrc":3,"us_route":null,"us_route_a":null,"us_route_b":null,"us_route_c":null},"type":"Feature"},{"geometry":{"coordinates":[[-80.087269,39.428772],[-80.08715,39.429325],[-80.087122,39.429477],[-80.087084,39.429624],[-80.087049,39.429825],[-80.08703,39.430105],[-80.087027,39.430306],[-80.087038,39.430723],[-80.087033,39.430829],[-80.087045,39.431182],[-80.087061,39.43149],[-80.08707,39.431572],[-80.087117,39.431661],[-80.087147,39.431696],[-80.087179,39.431734],[-80.087262,39.431787],[-80.087327,39.431813],[-80.08743,39.431837],[-80.087526,39.431835],[-80.087633,39.431825],[-80.087751,39.431809],[-80.087869,39.431788],[-80.088023,39.431753],[-80.088144,39.431711],[-80.088256,39.431661],[-80.088548,39.431501],[-80.088724,39.431389],[-80.088819,39.431334],[-80.088982,39.431273],[-80.089073,39.431249],[-80.089174,39.431239],[-80.089419,39.431233],[-80.089615,39.431242],[-80.089771,39.431256],[-80.089906,39.431286],[-80.090083,39.431355]],"type":"LineString"},"id":"REF-FAIRMONT-CONNECTING-ROADS-88","properties":{"canon_status":"REAL_REFERENCE","county_route":null,"federal_lands_route":null,"fictionality":"REAL","globalid":"{FE2489D8-6C81-4DCE-ABC8-EF1666E263B5}","interstate":null,"interstate_a":null,"interstate_b":null,"interstate_c":null,"loaddate":1474004446000,"mtfcc_code":"S1200","name":"Grafton Rd","objectid":27382001,"permanent_identifier":"b80a59f1-7b59-4069-8a1c-08652a78f291","real_world_relation":"REFERENCE_ONLY","shape_Length":785.7952944077274,"source_datadesc":"2016 January MAFTIGER","source_datasetid":"{9298FF95-0FA8-4712-9AA5-9292C907CA63}","source_featureid":"1103690718423","source_id":"REF-FAIRMONT-CONNECTING-ROADS","source_originator":"U.S. Department of Commerce, U.S. Census Bureau, Geography Division","state_route":"310","state_route_a":"310","state_route_b":null,"state_route_c":null,"stco_fipscode":"54049","tnmfrc":3,"us_route":null,"us_route_a":null,"us_route_b":null,"us_route_c":null},"type":"Feature"},{"geometry":{"coordinates":[[-80.142464,39.478991],[-80.14227,39.479093],[-80.141762,39.479401],[-80.141325,39.479657],[-80.141101,39.479797]],"type":"LineString"},"id":"REF-FAIRMONT-CONNECTING-ROADS-89","properties":{"canon_status":"REAL_REFERENCE","county_route":null,"federal_lands_route":null,"fictionality":"REAL","globalid":"{75194BEC-13CD-4706-859E-3F45345CAFA4}","interstate":null,"interstate_a":null,"interstate_b":null,"interstate_c":null,"loaddate":1474004745000,"mtfcc_code":"S1200","name":"Merchant St","objectid":27638039,"permanent_identifier":"9ec06b3e-7497-4a4b-b670-8f44fbd08b3b","real_world_relation":"REFERENCE_ONLY","shape_Length":191.1975279124626,"source_datadesc":"2016 January MAFTIGER","source_datasetid":"{9298FF95-0FA8-4712-9AA5-9292C907CA63}","source_featureid":"110803607673","source_id":"REF-FAIRMONT-CONNECTING-ROADS","source_originator":"U.S. Department of Commerce, U.S. Census Bureau, Geography Division","state_route":"310","state_route_a":"310","state_route_b":null,"state_route_c":null,"stco_fipscode":"54049","tnmfrc":3,"us_route":null,"us_route_a":null,"us_route_b":null,"us_route_c":null},"type":"Feature"},{"geometry":{"coordinates":[[-80.076016,39.418672],[-80.076664,39.419048],[-80.076775,39.419116],[-80.076922,39.419195],[-80.077194,39.419353],[-80.077397,39.41945],[-80.077594,39.419518],[-80.077767,39.419557],[-80.077961,39.419593],[-80.078113,39.419611],[-80.078483,39.41964],[-80.078705,39.419668],[-80.078844,39.419701],[-80.078959,39.419765]],"type":"LineString"},"id":"REF-FAIRMONT-CONNECTING-ROADS-90","properties":{"canon_status":"REAL_REFERENCE","county_route":null,"federal_lands_route":null,"fictionality":"REAL","globalid":"{8C9C697E-9203-4C73-88EA-D7B25AF2C88A}","interstate":null,"interstate_a":null,"interstate_b":null,"interstate_c":null,"loaddate":1474004334000,"mtfcc_code":"S1200","name":"State Rte 310","objectid":27766945,"permanent_identifier":"b803fd0b-9db7-475c-b9ac-77acefd8c577","real_world_relation":"REFERENCE_ONLY","shape_Length":372.19090347010575,"source_datadesc":"2016 January MAFTIGER","source_datasetid":"{9298FF95-0FA8-4712-9AA5-9292C907CA63}","source_featureid":"110803586749","source_id":"REF-FAIRMONT-CONNECTING-ROADS","source_originator":"U.S. Department of Commerce, U.S. Census Bureau, Geography Division","state_route":"310","state_route_a":"310","state_route_b":null,"state_route_c":null,"stco_fipscode":"54049","tnmfrc":3,"us_route":null,"us_route_a":null,"us_route_b":null,"us_route_c":null},"type":"Feature"},{"geometry":{"coordinates":[[-80.102686,39.45088],[-80.102852,39.450873],[-80.103011,39.450886],[-80.103092,39.450899]],"type":"LineString"},"id":"REF-FAIRMONT-CONNECTING-ROADS-91","properties":{"canon_status":"REAL_REFERENCE","county_route":null,"federal_lands_route":null,"fictionality":"REAL","globalid":"{E653EABA-3462-48D9-8AD7-3E476EB31E5B}","interstate":null,"interstate_a":null,"interstate_b":null,"interstate_c":null,"loaddate":1474004334000,"mtfcc_code":"S1200","name":"State Rte 310","objectid":27766953,"permanent_identifier":"b448331f-9e85-4041-922e-014a9abc55e2","real_world_relation":"REFERENCE_ONLY","shape_Length":45.514900610193095,"source_datadesc":"2016 January MAFTIGER","source_datasetid":"{9298FF95-0FA8-4712-9AA5-9292C907CA63}","source_featureid":"110803586749","source_id":"REF-FAIRMONT-CONNECTING-ROADS","source_originator":"U.S. Department of Commerce, U.S. Census Bureau, Geography Division","state_route":"310","state_route_a":"310","state_route_b":null,"state_route_c":null,"stco_fipscode":"54049","tnmfrc":3,"us_route":null,"us_route_a":null,"us_route_b":null,"us_route_c":null},"type":"Feature"},{"geometry":{"coordinates":[[-80.123493,39.479819],[-80.123172,39.479361]],"type":"LineString"},"id":"REF-FAIRMONT-CONNECTING-ROADS-92","properties":{"canon_status":"REAL_REFERENCE","county_route":null,"federal_lands_route":null,"fictionality":"REAL","globalid":"{A23531B3-C367-4A9D-82C3-0B43EC550E26}","interstate":null,"interstate_a":null,"interstate_b":null,"interstate_c":null,"loaddate":1474004745000,"mtfcc_code":"S1200","name":"E Park Ave","objectid":27895153,"permanent_identifier":"a9ce679e-4ad8-48cc-9623-9a95a9805a72","real_world_relation":"REFERENCE_ONLY","shape_Length":75.10060152997873,"source_datadesc":"2016 January MAFTIGER","source_datasetid":"{9298FF95-0FA8-4712-9AA5-9292C907CA63}","source_featureid":"110803597965","source_id":"REF-FAIRMONT-CONNECTING-ROADS","source_originator":"U.S. Department of Commerce, U.S. Census Bureau, Geography Division","state_route":"310","state_route_a":"310","state_route_b":null,"state_route_c":null,"stco_fipscode":"54049","tnmfrc":3,"us_route":null,"us_route_a":null,"us_route_b":null,"us_route_c":null},"type":"Feature"},{"geometry":{"coordinates":[[-80.116339,39.456311],[-80.116444,39.456434],[-80.116749,39.456725],[-80.116919,39.456895],[-80.117062,39.457068],[-80.117114,39.457164],[-80.117166,39.457277],[-80.117187,39.457389],[-80.117197,39.457495],[-80.117193,39.457732],[-80.117179,39.457967],[-80.117187,39.458129],[-80.117207,39.458273],[-80.117246,39.458379],[-80.117318,39.458518],[-80.117447,39.458698],[-80.117617,39.458903],[-80.117797,39.459153],[-80.117915,39.459328],[-80.117967,39.459504]],"type":"LineString"},"id":"REF-FAIRMONT-CONNECTING-ROADS-93","properties":{"canon_status":"REAL_REFERENCE","county_route":null,"federal_lands_route":null,"fictionality":"REAL","globalid":"{50B22AAA-20C8-4ED2-8FA6-EF47299EA2A6}","interstate":null,"interstate_a":null,"interstate_b":null,"interstate_c":null,"loaddate":1474004456000,"mtfcc_code":"S1200","name":"E Grafton Rd","objectid":27895188,"permanent_identifier":"98f2e9de-12a8-4155-968f-803e0ea11ead","real_world_relation":"REFERENCE_ONLY","shape_Length":509.98879147966267,"source_datadesc":"2016 January MAFTIGER","source_datasetid":"{9298FF95-0FA8-4712-9AA5-9292C907CA63}","source_featureid":"110803607256","source_id":"REF-FAIRMONT-CONNECTING-ROADS","source_originator":"U.S. Department of Commerce, U.S. Census Bureau, Geography Division","state_route":"310","state_route_a":"310","state_route_b":null,"state_route_c":null,"stco_fipscode":"54049","tnmfrc":3,"us_route":null,"us_route_a":null,"us_route_b":null,"us_route_c":null},"type":"Feature"},{"geometry":{"coordinates":[[-80.092441,39.438936],[-80.092937,39.439281],[-80.093021,39.439359],[-80.093086,39.439429],[-80.093185,39.439595],[-80.093268,39.439761],[-80.093326,39.439943],[-80.093341,39.440092],[-80.093337,39.440357],[-80.093324,39.44066],[-80.093325,39.440734],[-80.09332,39.440824],[-80.093334,39.440988],[-80.09338,39.441321],[-80.093371,39.441491],[-80.093306,39.441773],[-80.093044,39.442708],[-80.092973,39.443094]],"type":"LineString"},"id":"REF-FAIRMONT-CONNECTING-ROADS-94","properties":{"canon_status":"REAL_REFERENCE","county_route":null,"federal_lands_route":null,"fictionality":"REAL","globalid":"{6D2A3E18-F81C-46F2-B720-2F320BF06A0E}","interstate":null,"interstate_a":null,"interstate_b":null,"interstate_c":null,"loaddate":1474004515000,"mtfcc_code":"S1200","name":"E Grafton Rd","objectid":28023350,"permanent_identifier":"9f1edd26-b59f-4297-964d-70bfefd74cf8","real_world_relation":"REFERENCE_ONLY","shape_Length":639.3228709341728,"source_datadesc":"2016 January MAFTIGER","source_datasetid":"{9298FF95-0FA8-4712-9AA5-9292C907CA63}","source_featureid":"1103690717711","source_id":"REF-FAIRMONT-CONNECTING-ROADS","source_originator":"U.S. Department of Commerce, U.S. Census Bureau, Geography Division","state_route":"310","state_route_a":"310","state_route_b":null,"state_route_c":null,"stco_fipscode":"54049","tnmfrc":3,"us_route":null,"us_route_a":null,"us_route_b":null,"us_route_c":null},"type":"Feature"},{"geometry":{"coordinates":[[-80.118751,39.469473],[-80.118786,39.469546]],"type":"LineString"},"id":"REF-FAIRMONT-CONNECTING-ROADS-95","properties":{"canon_status":"REAL_REFERENCE","county_route":null,"federal_lands_route":null,"fictionality":"REAL","globalid":"{BAF1E859-B269-4AA7-8665-0C195E23589F}","interstate":null,"interstate_a":null,"interstate_b":null,"interstate_c":null,"loaddate":1474004488000,"mtfcc_code":"S1200","name":"Co Rd 3/1","objectid":28280831,"permanent_identifier":"a8e0c8d5-fc57-45ec-a90f-a01cd72208fb","real_world_relation":"REFERENCE_ONLY","shape_Length":11.22470011438296,"source_datadesc":"2016 January MAFTIGER","source_datasetid":"{9298FF95-0FA8-4712-9AA5-9292C907CA63}","source_featureid":"110803608986","source_id":"REF-FAIRMONT-CONNECTING-ROADS","source_originator":"U.S. Department of Commerce, U.S. Census Bureau, Geography Division","state_route":"310","state_route_a":"310","state_route_b":null,"state_route_c":null,"stco_fipscode":"54049","tnmfrc":3,"us_route":null,"us_route_a":null,"us_route_b":null,"us_route_c":null},"type":"Feature"},{"geometry":{"coordinates":[[-80.115145,39.454566],[-80.115214,39.454615],[-80.115318,39.454712],[-80.115358,39.454773],[-80.115392,39.454824],[-80.115431,39.45489]],"type":"LineString"},"id":"REF-FAIRMONT-CONNECTING-ROADS-96","properties":{"canon_status":"REAL_REFERENCE","county_route":null,"federal_lands_route":null,"fictionality":"REAL","globalid":"{B4274610-FD7C-4986-B457-73BF94636437}","interstate":null,"interstate_a":null,"interstate_b":null,"interstate_c":null,"loaddate":1474004456000,"mtfcc_code":"S1200","name":"E Grafton Rd","objectid":28409415,"permanent_identifier":"15e0f1f8-8958-400f-a6ce-b19f0d262c46","real_world_relation":"REFERENCE_ONLY","shape_Length":57.17708950523867,"source_datadesc":"2016 January MAFTIGER","source_datasetid":"{9298FF95-0FA8-4712-9AA5-9292C907CA63}","source_featureid":"110803607256","source_id":"REF-FAIRMONT-CONNECTING-ROADS","source_originator":"U.S. Department of Commerce, U.S. Census Bureau, Geography Division","state_route":"310","state_route_a":"310","state_route_b":null,"state_route_c":null,"stco_fipscode":"54049","tnmfrc":3,"us_route":null,"us_route_a":null,"us_route_b":null,"us_route_c":null},"type":"Feature"},{"geometry":{"coordinates":[[-80.12427,39.480931],[-80.123968,39.480492],[-80.123797,39.48026],[-80.123493,39.479819]],"type":"LineString"},"id":"REF-FAIRMONT-CONNECTING-ROADS-97","properties":{"canon_status":"REAL_REFERENCE","county_route":null,"federal_lands_route":null,"fictionality":"REAL","globalid":"{7FD8184B-4791-4CB0-B74D-C9AB9056CC31}","interstate":null,"interstate_a":null,"interstate_b":null,"interstate_c":null,"loaddate":1474004745000,"mtfcc_code":"S1200","name":"E Park Ave","objectid":28409416,"permanent_identifier":"caa3f026-60b0-451c-9ed8-89201d701802","real_world_relation":"REFERENCE_ONLY","shape_Length":182.2290357170039,"source_datadesc":"2016 January MAFTIGER","source_datasetid":"{9298FF95-0FA8-4712-9AA5-9292C907CA63}","source_featureid":"110803597965","source_id":"REF-FAIRMONT-CONNECTING-ROADS","source_originator":"U.S. Department of Commerce, U.S. Census Bureau, Geography Division","state_route":"310","state_route_a":"310","state_route_b":null,"state_route_c":null,"stco_fipscode":"54049","tnmfrc":3,"us_route":null,"us_route_a":null,"us_route_b":null,"us_route_c":null},"type":"Feature"},{"geometry":{"coordinates":[[-80.120799,39.472075],[-80.120928,39.472241]],"type":"LineString"},"id":"REF-FAIRMONT-CONNECTING-ROADS-98","properties":{"canon_status":"REAL_REFERENCE","county_route":null,"federal_lands_route":null,"fictionality":"REAL","globalid":"{9A3905B5-54AE-4344-A61D-2C1F9E3227F9}","interstate":null,"interstate_a":null,"interstate_b":null,"interstate_c":null,"loaddate":1474004790000,"mtfcc_code":"S1200","name":"Co Rd 3/1","objectid":28666687,"permanent_identifier":"dfded666-1eb4-4f11-b2b3-58603005a603","real_world_relation":"REFERENCE_ONLY","shape_Length":27.91544221665125,"source_datadesc":"2016 January MAFTIGER","source_datasetid":"{9298FF95-0FA8-4712-9AA5-9292C907CA63}","source_featureid":"110803608984","source_id":"REF-FAIRMONT-CONNECTING-ROADS","source_originator":"U.S. Department of Commerce, U.S. Census Bureau, Geography Division","state_route":"310","state_route_a":"310","state_route_b":null,"state_route_c":null,"stco_fipscode":"54049","tnmfrc":3,"us_route":null,"us_route_a":null,"us_route_b":null,"us_route_c":null},"type":"Feature"},{"geometry":{"coordinates":[[-80.112791,39.454409],[-80.113053,39.454405],[-80.113496,39.454404]],"type":"LineString"},"id":"REF-FAIRMONT-CONNECTING-ROADS-99","properties":{"canon_status":"REAL_REFERENCE","county_route":null,"federal_lands_route":null,"fictionality":"REAL","globalid":"{A99975DC-7153-49D3-9CDD-7002FEBF40CA}","interstate":null,"interstate_a":null,"interstate_b":null,"interstate_c":null,"loaddate":1474004456000,"mtfcc_code":"S1200","name":"E Grafton Rd","objectid":29052401,"permanent_identifier":"349627ba-3808-460b-91b9-d41d58b3ca6b","real_world_relation":"REFERENCE_ONLY","shape_Length":78.48621185955336,"source_datadesc":"2016 January MAFTIGER","source_datasetid":"{9298FF95-0FA8-4712-9AA5-9292C907CA63}","source_featureid":"110803607256","source_id":"REF-FAIRMONT-CONNECTING-ROADS","source_originator":"U.S. Department of Commerce, U.S. Census Bureau, Geography Division","state_route":"310","state_route_a":"310","state_route_b":null,"state_route_c":null,"stco_fipscode":"54049","tnmfrc":3,"us_route":null,"us_route_a":null,"us_route_b":null,"us_route_c":null},"type":"Feature"},{"geometry":{"coordinates":[[-80.138746,39.481165],[-80.13819,39.481487]],"type":"LineString"},"id":"REF-FAIRMONT-CONNECTING-ROADS-100","properties":{"canon_status":"REAL_REFERENCE","county_route":null,"federal_lands_route":null,"fictionality":"REAL","globalid":"{7628A526-D622-4AB8-965F-621DF750ACEE}","interstate":null,"interstate_a":null,"interstate_b":null,"interstate_c":null,"loaddate":1474004745000,"mtfcc_code":"S1200","name":"Merchant St","objectid":29309349,"permanent_identifier":"4681f13a-8ead-4e18-9f90-1e4f6878b64b","real_world_relation":"REFERENCE_ONLY","shape_Length":77.37966183956172,"source_datadesc":"2016 January MAFTIGER","source_datasetid":"{9298FF95-0FA8-4712-9AA5-9292C907CA63}","source_featureid":"110803607673","source_id":"REF-FAIRMONT-CONNECTING-ROADS","source_originator":"U.S. Department of Commerce, U.S. Census Bureau, Geography Division","state_route":"310","state_route_a":"310","state_route_b":null,"state_route_c":null,"stco_fipscode":"54049","tnmfrc":3,"us_route":null,"us_route_a":null,"us_route_b":null,"us_route_c":null},"type":"Feature"},{"geometry":{"coordinates":[[-80.140811,39.479959],[-80.140521,39.480122]],"type":"LineString"},"id":"REF-FAIRMONT-CONNECTING-ROADS-101","properties":{"canon_status":"REAL_REFERENCE","county_route":null,"federal_lands_route":null,"fictionality":"REAL","globalid":"{251EE2E3-BF29-4D88-9BFA-FF61F46FB8E8}","interstate":null,"interstate_a":null,"interstate_b":null,"interstate_c":null,"loaddate":1474004745000,"mtfcc_code":"S1200","name":"Merchant St","objectid":29695107,"permanent_identifier":"5e79582f-7564-4306-abf3-7b850f618d38","real_world_relation":"REFERENCE_ONLY","shape_Length":39.93526309855491,"source_datadesc":"2016 January MAFTIGER","source_datasetid":"{9298FF95-0FA8-4712-9AA5-9292C907CA63}","source_featureid":"110803607673","source_id":"REF-FAIRMONT-CONNECTING-ROADS","source_originator":"U.S. Department of Commerce, U.S. Census Bureau, Geography Division","state_route":"310","state_route_a":"310","state_route_b":null,"state_route_c":null,"stco_fipscode":"54049","tnmfrc":3,"us_route":null,"us_route_a":null,"us_route_b":null,"us_route_c":null},"type":"Feature"},{"geometry":{"coordinates":[[-80.11988,39.47125],[-80.120023,39.47142],[-80.120217,39.471631]],"type":"LineString"},"id":"REF-FAIRMONT-CONNECTING-ROADS-102","properties":{"canon_status":"REAL_REFERENCE","county_route":null,"federal_lands_route":null,"fictionality":"REAL","globalid":"{A2EA14A0-21B7-438B-BC06-52F59BC3D63D}","interstate":null,"interstate_a":null,"interstate_b":null,"interstate_c":null,"loaddate":1474004835000,"mtfcc_code":"S1200","name":"Co Rd 3/1","objectid":29951929,"permanent_identifier":"5a19cb83-f013-4f26-abc7-44a89ea75fe3","real_world_relation":"REFERENCE_ONLY","shape_Length":66.54274927766454,"source_datadesc":"2016 January MAFTIGER","source_datasetid":"{9298FF95-0FA8-4712-9AA5-9292C907CA63}","source_featureid":"110803608985","source_id":"REF-FAIRMONT-CONNECTING-ROADS","source_originator":"U.S. Department of Commerce, U.S. Census Bureau, Geography Division","state_route":"310","state_route_a":"310","state_route_b":null,"state_route_c":null,"stco_fipscode":"54049","tnmfrc":3,"us_route":null,"us_route_a":null,"us_route_b":null,"us_route_c":null},"type":"Feature"},{"geometry":{"coordinates":[[-80.137728,39.481766],[-80.13728,39.482038]],"type":"LineString"},"id":"REF-FAIRMONT-CONNECTING-ROADS-103","properties":{"canon_status":"REAL_REFERENCE","county_route":null,"federal_lands_route":null,"fictionality":"REAL","globalid":"{0CFA2312-4F74-4095-9B12-358061576596}","interstate":null,"interstate_a":null,"interstate_b":null,"interstate_c":null,"loaddate":1474004745000,"mtfcc_code":"S1200","name":"Merchant St","objectid":30338394,"permanent_identifier":"82a721a0-9dcc-4a61-8a43-430cdbcb9b3d","real_world_relation":"REFERENCE_ONLY","shape_Length":63.45189558522972,"source_datadesc":"2016 January MAFTIGER","source_datasetid":"{9298FF95-0FA8-4712-9AA5-9292C907CA63}","source_featureid":"110803607673","source_id":"REF-FAIRMONT-CONNECTING-ROADS","source_originator":"U.S. Department of Commerce, U.S. Census Bureau, Geography Division","state_route":"310","state_route_a":"310","state_route_b":null,"state_route_c":null,"stco_fipscode":"54049","tnmfrc":3,"us_route":null,"us_route_a":null,"us_route_b":null,"us_route_c":null},"type":"Feature"},{"geometry":{"coordinates":[[-80.057757,39.41563],[-80.057965,39.415766],[-80.058204,39.415895],[-80.058449,39.416013],[-80.058717,39.416092],[-80.059013,39.416107],[-80.059161,39.416103],[-80.059351,39.416089],[-80.059601,39.416064],[-80.059796,39.416039],[-80.060152,39.41601],[-80.060472,39.415971],[-80.060685,39.415917],[-80.060959,39.415809],[-80.061371,39.415661]],"type":"LineString"},"id":"REF-FAIRMONT-CONNECTING-ROADS-104","properties":{"canon_status":"REAL_REFERENCE","county_route":null,"federal_lands_route":null,"fictionality":"REAL","globalid":"{7DF67F8B-90E4-479F-BE1F-D6FDCECF9735}","interstate":null,"interstate_a":null,"interstate_b":null,"interstate_c":null,"loaddate":1474004339000,"mtfcc_code":"S1200","name":"E Grafton Rd","objectid":30338481,"permanent_identifier":"0e196e45-de5d-442b-b032-b274bef4af13","real_world_relation":"REFERENCE_ONLY","shape_Length":433.36861101485476,"source_datadesc":"2016 January MAFTIGER","source_datasetid":"{9298FF95-0FA8-4712-9AA5-9292C907CA63}","source_featureid":"1104469045843","source_id":"REF-FAIRMONT-CONNECTING-ROADS","source_originator":"U.S. Department of Commerce, U.S. Census Bureau, Geography Division","state_route":"310","state_route_a":"310","state_route_b":null,"state_route_c":null,"stco_fipscode":"54049","tnmfrc":3,"us_route":null,"us_route_a":null,"us_route_b":null,"us_route_c":null},"type":"Feature"},{"geometry":{"coordinates":[[-80.119056,39.470015],[-80.119362,39.470522]],"type":"LineString"},"id":"REF-FAIRMONT-CONNECTING-ROADS-105","properties":{"canon_status":"REAL_REFERENCE","county_route":null,"federal_lands_route":null,"fictionality":"REAL","globalid":"{04B1E589-50D0-439B-8E58-E4C00618FE87}","interstate":null,"interstate_a":null,"interstate_b":null,"interstate_c":null,"loaddate":1474004488000,"mtfcc_code":"S1200","name":"Co Rd 3/1","objectid":30723968,"permanent_identifier":"904e0f8f-f046-4ca6-9974-61d99cf7dfc4","real_world_relation":"REFERENCE_ONLY","shape_Length":80.65778182957244,"source_datadesc":"2016 January MAFTIGER","source_datasetid":"{9298FF95-0FA8-4712-9AA5-9292C907CA63}","source_featureid":"110803608986","source_id":"REF-FAIRMONT-CONNECTING-ROADS","source_originator":"U.S. Department of Commerce, U.S. Census Bureau, Geography Division","state_route":"310","state_route_a":"310","state_route_b":null,"state_route_c":null,"stco_fipscode":"54049","tnmfrc":3,"us_route":null,"us_route_a":null,"us_route_b":null,"us_route_c":null},"type":"Feature"},{"geometry":{"coordinates":[[-80.121845,39.473619],[-80.121975,39.473845],[-80.122038,39.474018],[-80.12209,39.474239],[-80.122123,39.474498],[-80.122133,39.474664],[-80.122112,39.474824],[-80.122075,39.474963],[-80.12205,39.475022],[-80.122032,39.475067],[-80.122002,39.475138],[-80.121985,39.475167]],"type":"LineString"},"id":"REF-FAIRMONT-CONNECTING-ROADS-106","properties":{"canon_status":"REAL_REFERENCE","county_route":null,"federal_lands_route":null,"fictionality":"REAL","globalid":"{C9E72340-EC3D-4A4A-92EB-94A858D634D8}","interstate":null,"interstate_a":null,"interstate_b":null,"interstate_c":null,"loaddate":1474004830000,"mtfcc_code":"S1200","name":"Grafton Rd","objectid":31496242,"permanent_identifier":"b82a7829-4057-4f57-943f-efcb645ecc8f","real_world_relation":"REFERENCE_ONLY","shape_Length":230.22689537917364,"source_datadesc":"2016 January MAFTIGER","source_datasetid":"{9298FF95-0FA8-4712-9AA5-9292C907CA63}","source_featureid":"110803607253","source_id":"REF-FAIRMONT-CONNECTING-ROADS","source_originator":"U.S. Department of Commerce, U.S. Census Bureau, Geography Division","state_route":"310","state_route_a":"310","state_route_b":null,"state_route_c":null,"stco_fipscode":"54049","tnmfrc":3,"us_route":null,"us_route_a":null,"us_route_b":null,"us_route_c":null},"type":"Feature"},{"geometry":{"coordinates":[[-80.145765,39.480096],[-80.146214,39.480358]],"type":"LineString"},"id":"REF-FAIRMONT-CONNECTING-ROADS-107","properties":{"canon_status":"REAL_REFERENCE","county_route":null,"federal_lands_route":null,"fictionality":"REAL","globalid":"{010627E0-F69E-4B85-8735-38DC2CA860CD}","interstate":null,"interstate_a":null,"interstate_b":null,"interstate_c":null,"loaddate":1474004745000,"mtfcc_code":"S1200","name":"3rd St","objectid":32011560,"permanent_identifier":"f0cc22a4-3da2-477d-b248-271b718820c2","real_world_relation":"REFERENCE_ONLY","shape_Length":62.65872032539859,"source_datadesc":"2016 January MAFTIGER","source_datasetid":"{9298FF95-0FA8-4712-9AA5-9292C907CA63}","source_featureid":"110803586750","source_id":"REF-FAIRMONT-CONNECTING-ROADS","source_originator":"U.S. Department of Commerce, U.S. Census Bureau, Geography Division","state_route":"310","state_route_a":"310","state_route_b":null,"state_route_c":null,"stco_fipscode":"54049","tnmfrc":3,"us_route":null,"us_route_a":null,"us_route_b":null,"us_route_c":null},"type":"Feature"}],"type":"FeatureCollection"}
