{"features":[{"geometry":{"coordinates":[[-80.133814,39.508633],[-80.133949,39.508902],[-80.133989,39.509003]],"type":"LineString"},"id":"REF-FAIRMONT-SECONDARY-ROADS-1","properties":{"canon_status":"REAL_REFERENCE","county_route":null,"federal_lands_route":null,"fictionality":"REAL","globalid":"{796D86FF-92E2-46A4-A65C-68D269D1F87A}","interstate":null,"interstate_a":null,"interstate_b":null,"interstate_c":null,"loaddate":1474004328000,"mtfcc_code":"S1200","name":"US Hwy 19","objectid":285495,"permanent_identifier":"dbe029a2-f30f-43e2-8b5d-477922d3a71f","real_world_relation":"REFERENCE_ONLY","shape_Length":56.85836595320089,"source_datadesc":"2016 January MAFTIGER","source_datasetid":"{9298FF95-0FA8-4712-9AA5-9292C907CA63}","source_featureid":"110803586626","source_id":"REF-FAIRMONT-SECONDARY-ROADS","source_originator":"U.S. Department of Commerce, U.S. Census Bureau, Geography Division","state_route":null,"state_route_a":null,"state_route_b":null,"state_route_c":null,"stco_fipscode":"54049","tnmfrc":2,"us_route":"19","us_route_a":"19","us_route_b":null,"us_route_c":null},"type":"Feature"},{"geometry":{"coordinates":[[-80.156015,39.492748],[-80.156096,39.492934],[-80.15616,39.493052],[-80.156334,39.493187],[-80.156576,39.493344],[-80.156624,39.493392]],"type":"LineString"},"id":"REF-FAIRMONT-SECONDARY-ROADS-2","properties":{"canon_status":"REAL_REFERENCE","county_route":null,"federal_lands_route":null,"fictionality":"REAL","globalid":"{1914377B-6473-47E0-874E-B0B91A236171}","interstate":null,"interstate_a":null,"interstate_b":null,"interstate_c":null,"loaddate":1474004636000,"mtfcc_code":"S1200","name":"Cleveland Ave","objectid":285559,"permanent_identifier":"3d45c150-1629-4337-986e-e35a47d14b17","real_world_relation":"REFERENCE_ONLY","shape_Length":118.16512377227626,"source_datadesc":"2016 January MAFTIGER","source_datasetid":"{9298FF95-0FA8-4712-9AA5-9292C907CA63}","source_featureid":"110803607850","source_id":"REF-FAIRMONT-SECONDARY-ROADS","source_originator":"U.S. Department of Commerce, U.S. Census Bureau, Geography Division","state_route":null,"state_route_a":null,"state_route_b":null,"state_route_c":null,"stco_fipscode":"54049","tnmfrc":2,"us_route":"250","us_route_a":"250","us_route_b":null,"us_route_c":null},"type":"Feature"},{"geometry":{"coordinates":[[-80.179082,39.472005],[-80.179379,39.472075],[-80.180221,39.472284],[-80.180332,39.472312],[-80.180954,39.472457],[-80.181152,39.472492],[-80.181258,39.472497],[-80.181402,39.472497],[-80.181549,39.472487],[-80.181951,39.472444],[-80.182124,39.47242]],"type":"LineString"},"id":"REF-FAIRMONT-SECONDARY-ROADS-3","properties":{"canon_status":"REAL_REFERENCE","county_route":null,"federal_lands_route":null,"fictionality":"REAL","globalid":"{5FD69C6E-AB72-455E-9C4E-378B0FBF5789}","interstate":null,"interstate_a":null,"interstate_b":null,"interstate_c":null,"loaddate":1474004488000,"mtfcc_code":"S1200","name":"Locust Ave","objectid":413125,"permanent_identifier":"563acbd4-7d35-46f3-97c7-6e67265ae2ed","real_world_relation":"REFERENCE_ONLY","shape_Length":349.99093550991364,"source_datadesc":"2016 January MAFTIGER","source_datasetid":"{9298FF95-0FA8-4712-9AA5-9292C907CA63}","source_featureid":"110803606896","source_id":"REF-FAIRMONT-SECONDARY-ROADS","source_originator":"U.S. Department of Commerce, U.S. Census Bureau, Geography Division","state_route":null,"state_route_a":null,"state_route_b":null,"state_route_c":null,"stco_fipscode":"54049","tnmfrc":2,"us_route":"19","us_route_a":"19","us_route_b":null,"us_route_c":null},"type":"Feature"},{"geometry":{"coordinates":[[-80.157822,39.49607],[-80.157957,39.496146]],"type":"LineString"},"id":"REF-FAIRMONT-SECONDARY-ROADS-4","properties":{"canon_status":"REAL_REFERENCE","county_route":null,"federal_lands_route":null,"fictionality":"REAL","globalid":"{98C72534-746B-4FC8-99E3-EC0D97470703}","interstate":null,"interstate_a":null,"interstate_b":null,"interstate_c":null,"loaddate":1474004328000,"mtfcc_code":"S1200","name":"US Hwy 250","objectid":413196,"permanent_identifier":"b48b2e44-8e94-406e-898e-dc91a0278ca2","real_world_relation":"REFERENCE_ONLY","shape_Length":18.602266382991274,"source_datadesc":"2016 January MAFTIGER","source_datasetid":"{9298FF95-0FA8-4712-9AA5-9292C907CA63}","source_featureid":"110803586713","source_id":"REF-FAIRMONT-SECONDARY-ROADS","source_originator":"U.S. Department of Commerce, U.S. Census Bureau, Geography Division","state_route":null,"state_route_a":null,"state_route_b":null,"state_route_c":null,"stco_fipscode":"54049","tnmfrc":2,"us_route":"250","us_route_a":"250","us_route_b":null,"us_route_c":null},"type":"Feature"},{"geometry":{"coordinates":[[-80.162785,39.460503],[-80.162356,39.461004],[-80.161936,39.461477],[-80.161661,39.461799]],"type":"LineString"},"id":"REF-FAIRMONT-SECONDARY-ROADS-5","properties":{"canon_status":"REAL_REFERENCE","county_route":null,"federal_lands_route":null,"fictionality":"REAL","globalid":"{3AA94054-2D90-45A2-976C-CF97DE6FDF06}","interstate":null,"interstate_a":null,"interstate_b":null,"interstate_c":null,"loaddate":1474004852000,"mtfcc_code":"S1200","name":"Fairmont Ave","objectid":540885,"permanent_identifier":"18bd4c5d-8328-465a-b924-1cc8bfcf9041","real_world_relation":"REFERENCE_ONLY","shape_Length":224.89510501993175,"source_datadesc":"2016 January MAFTIGER","source_datasetid":"{9298FF95-0FA8-4712-9AA5-9292C907CA63}","source_featureid":"110803607558","source_id":"REF-FAIRMONT-SECONDARY-ROADS","source_originator":"U.S. Department of Commerce, U.S. Census Bureau, Geography Division","state_route":"73","state_route_a":"73","state_route_b":null,"state_route_c":null,"stco_fipscode":"54049","tnmfrc":2,"us_route":"250","us_route_a":"250","us_route_b":null,"us_route_c":null},"type":"Feature"},{"geometry":{"coordinates":[[-80.153252,39.472722],[-80.152901,39.473305],[-80.152587,39.473843]],"type":"LineString"},"id":"REF-FAIRMONT-SECONDARY-ROADS-6","properties":{"canon_status":"REAL_REFERENCE","county_route":null,"federal_lands_route":null,"fictionality":"REAL","globalid":"{D3D65BA5-9AA3-488D-B333-E68EE0052722}","interstate":null,"interstate_a":null,"interstate_b":null,"interstate_c":null,"loaddate":1474004852000,"mtfcc_code":"S1200","name":"Fairmont Ave","objectid":667539,"permanent_identifier":"c9afb887-7617-41a6-be56-25c68223d8aa","real_world_relation":"REFERENCE_ONLY","shape_Length":177.8068573871917,"source_datadesc":"2016 January MAFTIGER","source_datasetid":"{9298FF95-0FA8-4712-9AA5-9292C907CA63}","source_featureid":"110803607558","source_id":"REF-FAIRMONT-SECONDARY-ROADS","source_originator":"U.S. Department of Commerce, U.S. Census Bureau, Geography Division","state_route":"73","state_route_a":"73","state_route_b":null,"state_route_c":null,"stco_fipscode":"54049","tnmfrc":2,"us_route":"250","us_route_a":"250","us_route_b":null,"us_route_c":null},"type":"Feature"},{"geometry":{"coordinates":[[-80.179447,39.491585],[-80.180515,39.491369],[-80.180763,39.491316]],"type":"LineString"},"id":"REF-FAIRMONT-SECONDARY-ROADS-7","properties":{"canon_status":"REAL_REFERENCE","county_route":null,"federal_lands_route":null,"fictionality":"REAL","globalid":"{083CEA78-A02A-4E1C-9F4A-7D4DB9D07DAA}","interstate":null,"interstate_a":null,"interstate_b":null,"interstate_c":null,"loaddate":1474004328000,"mtfcc_code":"S1200","name":"US Hwy 250","objectid":795043,"permanent_identifier":"9b8696bb-1c01-4244-9b52-ca8866f403a6","real_world_relation":"REFERENCE_ONLY","shape_Length":151.55053499290509,"source_datadesc":"2016 January MAFTIGER","source_datasetid":"{9298FF95-0FA8-4712-9AA5-9292C907CA63}","source_featureid":"110803586713","source_id":"REF-FAIRMONT-SECONDARY-ROADS","source_originator":"U.S. Department of Commerce, U.S. Census Bureau, Geography Division","state_route":null,"state_route_a":null,"state_route_b":null,"state_route_c":null,"stco_fipscode":"54049","tnmfrc":2,"us_route":"250","us_route_a":"250","us_route_b":null,"us_route_c":null},"type":"Feature"},{"geometry":{"coordinates":[[-80.168861,39.47405],[-80.168988,39.473991],[-80.169131,39.473944],[-80.169357,39.473908],[-80.169655,39.47388],[-80.169959,39.473856],[-80.170133,39.473835],[-80.170288,39.473807],[-80.170418,39.473784],[-80.17067,39.473718],[-80.170962,39.473614]],"type":"LineString"},"id":"REF-FAIRMONT-SECONDARY-ROADS-8","properties":{"canon_status":"REAL_REFERENCE","county_route":null,"federal_lands_route":null,"fictionality":"REAL","globalid":"{DA28EED7-4712-4903-B406-0853BD291B01}","interstate":null,"interstate_a":null,"interstate_b":null,"interstate_c":null,"loaddate":1474004488000,"mtfcc_code":"S1200","name":"Locust Ave","objectid":1176491,"permanent_identifier":"2532d0b9-73bb-4db8-8174-c305c02f840a","real_world_relation":"REFERENCE_ONLY","shape_Length":244.5204001900088,"source_datadesc":"2016 January MAFTIGER","source_datasetid":"{9298FF95-0FA8-4712-9AA5-9292C907CA63}","source_featureid":"110803606896","source_id":"REF-FAIRMONT-SECONDARY-ROADS","source_originator":"U.S. Department of Commerce, U.S. Census Bureau, Geography Division","state_route":null,"state_route_a":null,"state_route_b":null,"state_route_c":null,"stco_fipscode":"54049","tnmfrc":2,"us_route":"19","us_route_a":"19","us_route_b":null,"us_route_c":null},"type":"Feature"},{"geometry":{"coordinates":[[-80.175584,39.45037],[-80.17522,39.450515],[-80.174808,39.450714],[-80.174741,39.450746],[-80.174446,39.450899],[-80.174013,39.451123],[-80.173567,39.451362],[-80.173308,39.45149],[-80.172467,39.451929]],"type":"LineString"},"id":"REF-FAIRMONT-SECONDARY-ROADS-9","properties":{"canon_status":"REAL_REFERENCE","county_route":null,"federal_lands_route":null,"fictionality":"REAL","globalid":"{815ECB64-55B7-493C-BFB8-ADC7C1E227B7}","interstate":null,"interstate_a":null,"interstate_b":null,"interstate_c":null,"loaddate":1474004852000,"mtfcc_code":"S1200","name":"Fairmont Ave","objectid":1303556,"permanent_identifier":"f7c547e4-e07d-4ee7-8a40-60471384d409","real_world_relation":"REFERENCE_ONLY","shape_Length":413.70944364467346,"source_datadesc":"2016 January MAFTIGER","source_datasetid":"{9298FF95-0FA8-4712-9AA5-9292C907CA63}","source_featureid":"110803607558","source_id":"REF-FAIRMONT-SECONDARY-ROADS","source_originator":"U.S. Department of Commerce, U.S. Census Bureau, Geography Division","state_route":"73","state_route_a":"73","state_route_b":null,"state_route_c":null,"stco_fipscode":"54049","tnmfrc":2,"us_route":"250","us_route_a":"250","us_route_b":null,"us_route_c":null},"type":"Feature"},{"geometry":{"coordinates":[[-80.187306,39.432255],[-80.18724,39.432422]],"type":"LineString"},"id":"REF-FAIRMONT-SECONDARY-ROADS-10","properties":{"canon_status":"REAL_REFERENCE","county_route":null,"federal_lands_route":null,"fictionality":"REAL","globalid":"{1C15C801-2B2D-41EC-A599-9112E2D29B7E}","interstate":null,"interstate_a":null,"interstate_b":null,"interstate_c":null,"loaddate":1474004334000,"mtfcc_code":"S1200","name":"State Rte 73","objectid":1303574,"permanent_identifier":"8c2b4b85-3787-41b9-9256-8203b6f8dcc2","real_world_relation":"REFERENCE_ONLY","shape_Length":25.165385737389283,"source_datadesc":"2016 January MAFTIGER","source_datasetid":"{9298FF95-0FA8-4712-9AA5-9292C907CA63}","source_featureid":"110803586667","source_id":"REF-FAIRMONT-SECONDARY-ROADS","source_originator":"U.S. Department of Commerce, U.S. Census Bureau, Geography Division","state_route":"73","state_route_a":"73","state_route_b":null,"state_route_c":null,"stco_fipscode":"54049","tnmfrc":2,"us_route":"250","us_route_a":"250","us_route_b":null,"us_route_c":null},"type":"Feature"},{"geometry":{"coordinates":[[-80.150087,39.477815],[-80.149921,39.478067]],"type":"LineString"},"id":"REF-FAIRMONT-SECONDARY-ROADS-11","properties":{"canon_status":"REAL_REFERENCE","county_route":null,"federal_lands_route":null,"fictionality":"REAL","globalid":"{4E517E4B-4421-4020-A9E6-A488C9FE61EA}","interstate":null,"interstate_a":null,"interstate_b":null,"interstate_c":null,"loaddate":1474004852000,"mtfcc_code":"S1200","name":"Fairmont Ave","objectid":1685052,"permanent_identifier":"ab08cfd5-d1aa-4890-826f-1e41f973999f","real_world_relation":"REFERENCE_ONLY","shape_Length":40.77168995499082,"source_datadesc":"2016 January MAFTIGER","source_datasetid":"{9298FF95-0FA8-4712-9AA5-9292C907CA63}","source_featureid":"110803607558","source_id":"REF-FAIRMONT-SECONDARY-ROADS","source_originator":"U.S. Department of Commerce, U.S. Census Bureau, Geography Division","state_route":"73","state_route_a":"73","state_route_b":null,"state_route_c":null,"stco_fipscode":"54049","tnmfrc":2,"us_route":"250","us_route_a":"250","us_route_b":null,"us_route_c":null},"type":"Feature"},{"geometry":{"coordinates":[[-80.156207,39.490782],[-80.156211,39.490919],[-80.156206,39.491038],[-80.156139,39.491316],[-80.156029,39.491696],[-80.155954,39.491977],[-80.15594,39.492161],[-80.155962,39.492437],[-80.156015,39.492748]],"type":"LineString"},"id":"REF-FAIRMONT-SECONDARY-ROADS-12","properties":{"canon_status":"REAL_REFERENCE","county_route":null,"federal_lands_route":null,"fictionality":"REAL","globalid":"{3466769D-C603-49C8-B91E-B9E81A1148CC}","interstate":null,"interstate_a":null,"interstate_b":null,"interstate_c":null,"loaddate":1474004636000,"mtfcc_code":"S1200","name":"Cleveland Ave","objectid":1685144,"permanent_identifier":"8de34bbe-85c4-492b-9ab7-1c5ffe4e7e71","real_world_relation":"REFERENCE_ONLY","shape_Length":287.0051951320403,"source_datadesc":"2016 January MAFTIGER","source_datasetid":"{9298FF95-0FA8-4712-9AA5-9292C907CA63}","source_featureid":"110803607850","source_id":"REF-FAIRMONT-SECONDARY-ROADS","source_originator":"U.S. Department of Commerce, U.S. Census Bureau, Geography Division","state_route":null,"state_route_a":null,"state_route_b":null,"state_route_c":null,"stco_fipscode":"54049","tnmfrc":2,"us_route":"250","us_route_a":"250","us_route_b":null,"us_route_c":null},"type":"Feature"},{"geometry":{"coordinates":[[-80.117333,39.534397],[-80.117554,39.535088],[-80.117658,39.535459],[-80.117727,39.535683],[-80.117754,39.535801],[-80.117762,39.535837],[-80.117816,39.536166],[-80.117822,39.536213]],"type":"LineString"},"id":"REF-FAIRMONT-SECONDARY-ROADS-13","properties":{"canon_status":"REAL_REFERENCE","county_route":null,"federal_lands_route":null,"fictionality":"REAL","globalid":"{167B13A0-48C7-4891-A58C-AFD4AA73117E}","interstate":null,"interstate_a":null,"interstate_b":null,"interstate_c":null,"loaddate":1474004631000,"mtfcc_code":"S1200","name":"1st St","objectid":2067091,"permanent_identifier":"0d216465-7a29-48ac-91c3-2801e1cb6f7f","real_world_relation":"REFERENCE_ONLY","shape_Length":267.9980694943524,"source_datadesc":"2016 January MAFTIGER","source_datasetid":"{9298FF95-0FA8-4712-9AA5-9292C907CA63}","source_featureid":"110803586684","source_id":"REF-FAIRMONT-SECONDARY-ROADS","source_originator":"U.S. Department of Commerce, U.S. Census Bureau, Geography Division","state_route":null,"state_route_a":null,"state_route_b":null,"state_route_c":null,"stco_fipscode":"54049","tnmfrc":2,"us_route":"19","us_route_a":"19","us_route_b":null,"us_route_c":null},"type":"Feature"},{"geometry":{"coordinates":[[-80.187873,39.430301],[-80.187539,39.431315],[-80.187477,39.43152]],"type":"LineString"},"id":"REF-FAIRMONT-SECONDARY-ROADS-14","properties":{"canon_status":"REAL_REFERENCE","county_route":null,"federal_lands_route":null,"fictionality":"REAL","globalid":"{BD57C22B-00A6-4717-8E55-8B2F4992BE89}","interstate":null,"interstate_a":null,"interstate_b":null,"interstate_c":null,"loaddate":1474004334000,"mtfcc_code":"S1200","name":"State Rte 73","objectid":2067092,"permanent_identifier":"bfef3fe3-6720-49da-a621-291fcffe1530","real_world_relation":"REFERENCE_ONLY","shape_Length":181.1372654833006,"source_datadesc":"2016 January MAFTIGER","source_datasetid":"{9298FF95-0FA8-4712-9AA5-9292C907CA63}","source_featureid":"110803586668","source_id":"REF-FAIRMONT-SECONDARY-ROADS","source_originator":"U.S. Department of Commerce, U.S. Census Bureau, Geography Division","state_route":"73","state_route_a":"73","state_route_b":null,"state_route_c":null,"stco_fipscode":"54049","tnmfrc":2,"us_route":"250","us_route_a":"250","us_route_b":null,"us_route_c":null},"type":"Feature"},{"geometry":{"coordinates":[[-80.150721,39.488012],[-80.151101,39.488048],[-80.151421,39.488093],[-80.152368,39.4882],[-80.15251,39.488227],[-80.15262,39.488258],[-80.153011,39.488386],[-80.153261,39.488456],[-80.153876,39.488594],[-80.154423,39.488733],[-80.154469,39.488745],[-80.154632,39.488832],[-80.154771,39.488929],[-80.155244,39.489461],[-80.155788,39.490171]],"type":"LineString"},"id":"REF-FAIRMONT-SECONDARY-ROADS-15","properties":{"canon_status":"REAL_REFERENCE","county_route":null,"federal_lands_route":null,"fictionality":"REAL","globalid":"{943EBDAF-CAC4-4B17-A903-52425198F1BB}","interstate":null,"interstate_a":null,"interstate_b":null,"interstate_c":null,"loaddate":1474004636000,"mtfcc_code":"S1200","name":"Cleveland Ave","objectid":2067096,"permanent_identifier":"c8c2df53-1bc0-4264-926b-d9b92dc64adf","real_world_relation":"REFERENCE_ONLY","shape_Length":687.3486472660096,"source_datadesc":"2016 January MAFTIGER","source_datasetid":"{9298FF95-0FA8-4712-9AA5-9292C907CA63}","source_featureid":"110803607850","source_id":"REF-FAIRMONT-SECONDARY-ROADS","source_originator":"U.S. Department of Commerce, U.S. Census Bureau, Geography Division","state_route":null,"state_route_a":null,"state_route_b":null,"state_route_c":null,"stco_fipscode":"54049","tnmfrc":2,"us_route":"250","us_route_a":"250","us_route_b":null,"us_route_c":null},"type":"Feature"},{"geometry":{"coordinates":[[-80.213275,39.467966],[-80.213287,39.468126],[-80.213333,39.46843],[-80.213423,39.469175],[-80.213442,39.469371],[-80.213449,39.469442],[-80.213488,39.469681],[-80.213542,39.469971],[-80.21361,39.470219],[-80.213693,39.470484],[-80.21376,39.470731],[-80.213825,39.471007]],"type":"LineString"},"id":"REF-FAIRMONT-SECONDARY-ROADS-16","properties":{"canon_status":"REAL_REFERENCE","county_route":null,"federal_lands_route":null,"fictionality":"REAL","globalid":"{4125BC0E-E44A-4C75-92D4-493A4920E580}","interstate":null,"interstate_a":null,"interstate_b":null,"interstate_c":null,"loaddate":1474004328000,"mtfcc_code":"S1200","name":"US Hwy 19","objectid":2448567,"permanent_identifier":"1371731a-c730-4d85-bda5-52b10a7175cc","real_world_relation":"REFERENCE_ONLY","shape_Length":443.45373883570585,"source_datadesc":"2016 January MAFTIGER","source_datasetid":"{9298FF95-0FA8-4712-9AA5-9292C907CA63}","source_featureid":"110803586626","source_id":"REF-FAIRMONT-SECONDARY-ROADS","source_originator":"U.S. Department of Commerce, U.S. Census Bureau, Geography Division","state_route":null,"state_route_a":null,"state_route_b":null,"state_route_c":null,"stco_fipscode":"54049","tnmfrc":2,"us_route":"19","us_route_a":"19","us_route_b":null,"us_route_c":null},"type":"Feature"},{"geometry":{"coordinates":[[-80.163995,39.459084],[-80.163787,39.459315],[-80.163547,39.459595]],"type":"LineString"},"id":"REF-FAIRMONT-SECONDARY-ROADS-17","properties":{"canon_status":"REAL_REFERENCE","county_route":null,"federal_lands_route":null,"fictionality":"REAL","globalid":"{068C36BD-5F24-4A1A-93E1-264AB7CD9B09}","interstate":null,"interstate_a":null,"interstate_b":null,"interstate_c":null,"loaddate":1474004852000,"mtfcc_code":"S1200","name":"Fairmont Ave","objectid":2448665,"permanent_identifier":"689893be-0bb0-449e-b86e-1ea87d71e6ee","real_world_relation":"REFERENCE_ONLY","shape_Length":88.97454900733842,"source_datadesc":"2016 January MAFTIGER","source_datasetid":"{9298FF95-0FA8-4712-9AA5-9292C907CA63}","source_featureid":"110803607558","source_id":"REF-FAIRMONT-SECONDARY-ROADS","source_originator":"U.S. Department of Commerce, U.S. Census Bureau, Geography Division","state_route":"73","state_route_a":"73","state_route_b":null,"state_route_c":null,"stco_fipscode":"54049","tnmfrc":2,"us_route":"250","us_route_a":"250","us_route_b":null,"us_route_c":null},"type":"Feature"},{"geometry":{"coordinates":[[-80.116748,39.530269],[-80.116753,39.530422],[-80.116759,39.530631]],"type":"LineString"},"id":"REF-FAIRMONT-SECONDARY-ROADS-18","properties":{"canon_status":"REAL_REFERENCE","county_route":null,"federal_lands_route":null,"fictionality":"REAL","globalid":"{AE57F512-994A-4887-9CBF-078023A2C26B}","interstate":null,"interstate_a":null,"interstate_b":null,"interstate_c":null,"loaddate":1474004631000,"mtfcc_code":"S1200","name":"1st St","objectid":2448668,"permanent_identifier":"aedf97e8-0925-400a-99da-c711a6563021","real_world_relation":"REFERENCE_ONLY","shape_Length":52.26180686975347,"source_datadesc":"2016 January MAFTIGER","source_datasetid":"{9298FF95-0FA8-4712-9AA5-9292C907CA63}","source_featureid":"110803586684","source_id":"REF-FAIRMONT-SECONDARY-ROADS","source_originator":"U.S. Department of Commerce, U.S. Census Bureau, Geography Division","state_route":null,"state_route_a":null,"state_route_b":null,"state_route_c":null,"stco_fipscode":"54049","tnmfrc":2,"us_route":"19","us_route_a":"19","us_route_b":null,"us_route_c":null},"type":"Feature"},{"geometry":{"coordinates":[[-80.116759,39.530631],[-80.116775,39.530751],[-80.116806,39.530867],[-80.116937,39.531088],[-80.116982,39.531141],[-80.117147,39.531287],[-80.117471,39.531574]],"type":"LineString"},"id":"REF-FAIRMONT-SECONDARY-ROADS-19","properties":{"canon_status":"REAL_REFERENCE","county_route":null,"federal_lands_route":null,"fictionality":"REAL","globalid":"{5DCBFA90-E2C0-40B4-89CE-0B8E931CE00F}","interstate":null,"interstate_a":null,"interstate_b":null,"interstate_c":null,"loaddate":1474004631000,"mtfcc_code":"S1200","name":"1st St","objectid":2703219,"permanent_identifier":"6c0d1835-d1c9-4f81-a240-027f2d3fe2cd","real_world_relation":"REFERENCE_ONLY","shape_Length":161.60034663156438,"source_datadesc":"2016 January MAFTIGER","source_datasetid":"{9298FF95-0FA8-4712-9AA5-9292C907CA63}","source_featureid":"110803586684","source_id":"REF-FAIRMONT-SECONDARY-ROADS","source_originator":"U.S. Department of Commerce, U.S. Census Bureau, Geography Division","state_route":null,"state_route_a":null,"state_route_b":null,"state_route_c":null,"stco_fipscode":"54049","tnmfrc":2,"us_route":"19","us_route_a":"19","us_route_b":null,"us_route_c":null},"type":"Feature"},{"geometry":{"coordinates":[[-80.149921,39.478067],[-80.149663,39.478455]],"type":"LineString"},"id":"REF-FAIRMONT-SECONDARY-ROADS-20","properties":{"canon_status":"REAL_REFERENCE","county_route":null,"federal_lands_route":null,"fictionality":"REAL","globalid":"{4635D842-E4C0-4F5D-B03C-B2155F8E3B17}","interstate":null,"interstate_a":null,"interstate_b":null,"interstate_c":null,"loaddate":1474004852000,"mtfcc_code":"S1200","name":"Fairmont Ave","objectid":2703313,"permanent_identifier":"10930f26-f8b9-4f38-ad61-e84325d6344c","real_world_relation":"REFERENCE_ONLY","shape_Length":62.89796254999498,"source_datadesc":"2016 January MAFTIGER","source_datasetid":"{9298FF95-0FA8-4712-9AA5-9292C907CA63}","source_featureid":"110803607558","source_id":"REF-FAIRMONT-SECONDARY-ROADS","source_originator":"U.S. Department of Commerce, U.S. Census Bureau, Geography Division","state_route":"73","state_route_a":"73","state_route_b":null,"state_route_c":null,"stco_fipscode":"54049","tnmfrc":2,"us_route":"250","us_route_a":"250","us_route_b":null,"us_route_c":null},"type":"Feature"},{"geometry":{"coordinates":[[-80.14117,39.487415],[-80.141212,39.487482],[-80.141236,39.487558],[-80.14124,39.487617]],"type":"LineString"},"id":"REF-FAIRMONT-SECONDARY-ROADS-21","properties":{"canon_status":"REAL_REFERENCE","county_route":null,"federal_lands_route":null,"fictionality":"REAL","globalid":"{4F33DA92-2008-4132-9024-27135EF72ABE}","interstate":null,"interstate_a":null,"interstate_b":null,"interstate_c":null,"loaddate":1474004729000,"mtfcc_code":"S1200","name":"Quincy St","objectid":2830699,"permanent_identifier":"1e79ae1d-bcc5-4a9e-8d2f-6250924c99fc","real_world_relation":"REFERENCE_ONLY","shape_Length":30.54056915858453,"source_datadesc":"2016 January MAFTIGER","source_datasetid":"{9298FF95-0FA8-4712-9AA5-9292C907CA63}","source_featureid":"110803606988","source_id":"REF-FAIRMONT-SECONDARY-ROADS","source_originator":"U.S. Department of Commerce, U.S. Census Bureau, Geography Division","state_route":null,"state_route_a":null,"state_route_b":null,"state_route_c":null,"stco_fipscode":"54049","tnmfrc":2,"us_route":"19","us_route_a":"19","us_route_b":null,"us_route_c":null},"type":"Feature"},{"geometry":{"coordinates":[[-80.145141,39.483904],[-80.145268,39.484069],[-80.145472,39.48442]],"type":"LineString"},"id":"REF-FAIRMONT-SECONDARY-ROADS-22","properties":{"canon_status":"REAL_REFERENCE","county_route":null,"federal_lands_route":null,"fictionality":"REAL","globalid":"{1E233B32-9CF6-41FB-9194-ED014D811A39}","interstate":null,"interstate_a":null,"interstate_b":null,"interstate_c":null,"loaddate":1474004636000,"mtfcc_code":"S1200","name":"Cleveland Ave","objectid":2957466,"permanent_identifier":"e74c5f71-bdb4-4d28-b08b-4425e9cb35d6","real_world_relation":"REFERENCE_ONLY","shape_Length":83.16707754972845,"source_datadesc":"2016 January MAFTIGER","source_datasetid":"{9298FF95-0FA8-4712-9AA5-9292C907CA63}","source_featureid":"110803607850","source_id":"REF-FAIRMONT-SECONDARY-ROADS","source_originator":"U.S. Department of Commerce, U.S. Census Bureau, Geography Division","state_route":null,"state_route_a":null,"state_route_b":null,"state_route_c":null,"stco_fipscode":"54049","tnmfrc":2,"us_route":"250","us_route_a":"250","us_route_b":null,"us_route_c":null},"type":"Feature"},{"geometry":{"coordinates":[[-80.154845,39.47026],[-80.15469,39.470479],[-80.154535,39.470686]],"type":"LineString"},"id":"REF-FAIRMONT-SECONDARY-ROADS-23","properties":{"canon_status":"REAL_REFERENCE","county_route":null,"federal_lands_route":null,"fictionality":"REAL","globalid":"{E3C88EA1-E499-4EF8-89F2-48994A9A04F7}","interstate":null,"interstate_a":null,"interstate_b":null,"interstate_c":null,"loaddate":1474004852000,"mtfcc_code":"S1200","name":"Fairmont Ave","objectid":2957589,"permanent_identifier":"81f0cca1-cd78-462a-bc1e-e8736f848333","real_world_relation":"REFERENCE_ONLY","shape_Length":70.46568768673339,"source_datadesc":"2016 January MAFTIGER","source_datasetid":"{9298FF95-0FA8-4712-9AA5-9292C907CA63}","source_featureid":"110803607558","source_id":"REF-FAIRMONT-SECONDARY-ROADS","source_originator":"U.S. Department of Commerce, U.S. Census Bureau, Geography Division","state_route":"73","state_route_a":"73","state_route_b":null,"state_route_c":null,"stco_fipscode":"54049","tnmfrc":2,"us_route":"250","us_route_a":"250","us_route_b":null,"us_route_c":null},"type":"Feature"},{"geometry":{"coordinates":[[-80.133378,39.506286],[-80.133359,39.506444]],"type":"LineString"},"id":"REF-FAIRMONT-SECONDARY-ROADS-24","properties":{"canon_status":"REAL_REFERENCE","county_route":null,"federal_lands_route":null,"fictionality":"REAL","globalid":"{33C3D058-DFF0-4F3B-BE99-DA034650E445}","interstate":null,"interstate_a":null,"interstate_b":null,"interstate_c":null,"loaddate":1474004494000,"mtfcc_code":"S1200","name":"Pennsylvania Ave","objectid":3085099,"permanent_identifier":"ed54e830-1aa3-4a51-bb7b-06772862407a","real_world_relation":"REFERENCE_ONLY","shape_Length":22.894112396832803,"source_datadesc":"2016 January MAFTIGER","source_datasetid":"{9298FF95-0FA8-4712-9AA5-9292C907CA63}","source_featureid":"110803608552","source_id":"REF-FAIRMONT-SECONDARY-ROADS","source_originator":"U.S. Department of Commerce, U.S. Census Bureau, Geography Division","state_route":null,"state_route_a":null,"state_route_b":null,"state_route_c":null,"stco_fipscode":"54049","tnmfrc":2,"us_route":"19","us_route_a":"19","us_route_b":null,"us_route_c":null},"type":"Feature"},{"geometry":{"coordinates":[[-80.146123,39.482682],[-80.145979,39.482828],[-80.145765,39.483103]],"type":"LineString"},"id":"REF-FAIRMONT-SECONDARY-ROADS-25","properties":{"canon_status":"REAL_REFERENCE","county_route":null,"federal_lands_route":null,"fictionality":"REAL","globalid":"{892EE58D-EA44-446E-BD5D-710AAC3625CF}","interstate":null,"interstate_a":null,"interstate_b":null,"interstate_c":null,"loaddate":1474004852000,"mtfcc_code":"S1200","name":"Fairmont Ave","objectid":3212350,"permanent_identifier":"f4a08664-2629-454c-853d-6d4b708104f6","real_world_relation":"REFERENCE_ONLY","shape_Length":72.73254572305915,"source_datadesc":"2016 January MAFTIGER","source_datasetid":"{9298FF95-0FA8-4712-9AA5-9292C907CA63}","source_featureid":"110803607558","source_id":"REF-FAIRMONT-SECONDARY-ROADS","source_originator":"U.S. Department of Commerce, U.S. Census Bureau, Geography Division","state_route":"73","state_route_a":"73","state_route_b":null,"state_route_c":null,"stco_fipscode":"54049","tnmfrc":2,"us_route":"250","us_route_a":"250","us_route_b":null,"us_route_c":null},"type":"Feature"},{"geometry":{"coordinates":[[-80.168526,39.408879],[-80.16864,39.409218],[-80.16897,39.410251],[-80.169071,39.410598],[-80.169101,39.410715],[-80.169109,39.410779],[-80.169108,39.410899],[-80.169078,39.411057],[-80.168988,39.411429],[-80.168953,39.411543],[-80.168819,39.41198],[-80.168695,39.412418],[-80.168696,39.41257],[-80.16873,39.412688],[-80.168762,39.412746]],"type":"LineString"},"id":"REF-FAIRMONT-SECONDARY-ROADS-26","properties":{"canon_status":"REAL_REFERENCE","county_route":null,"federal_lands_route":null,"fictionality":"REAL","globalid":"{5AF885C6-3C9E-47F2-8710-F039CD84222C}","interstate":null,"interstate_a":null,"interstate_b":null,"interstate_c":null,"loaddate":1474004328000,"mtfcc_code":"S1200","name":"US Hwy 250","objectid":3212394,"permanent_identifier":"08edaff2-6522-4888-bd45-a042c1f6440a","real_world_relation":"REFERENCE_ONLY","shape_Length":570.878299800026,"source_datadesc":"2016 January MAFTIGER","source_datasetid":"{9298FF95-0FA8-4712-9AA5-9292C907CA63}","source_featureid":"110803586718","source_id":"REF-FAIRMONT-SECONDARY-ROADS","source_originator":"U.S. Department of Commerce, U.S. Census Bureau, Geography Division","state_route":null,"state_route_a":null,"state_route_b":null,"state_route_c":null,"stco_fipscode":"54049","tnmfrc":2,"us_route":"250","us_route_a":"250","us_route_b":null,"us_route_c":null},"type":"Feature"},{"geometry":{"coordinates":[[-80.137742,39.498312],[-80.136983,39.498626]],"type":"LineString"},"id":"REF-FAIRMONT-SECONDARY-ROADS-27","properties":{"canon_status":"REAL_REFERENCE","county_route":null,"federal_lands_route":null,"fictionality":"REAL","globalid":"{D98FD951-CD0E-45A2-9E53-1ACC2FD53D22}","interstate":null,"interstate_a":null,"interstate_b":null,"interstate_c":null,"loaddate":1474004729000,"mtfcc_code":"S1200","name":"Penna Ave","objectid":3212467,"permanent_identifier":"d8967828-929a-4b53-bfbe-13b358b1e4b1","real_world_relation":"REFERENCE_ONLY","shape_Length":95.8685860625015,"source_datadesc":"2016 January MAFTIGER","source_datasetid":"{9298FF95-0FA8-4712-9AA5-9292C907CA63}","source_featureid":"1103653707502","source_id":"REF-FAIRMONT-SECONDARY-ROADS","source_originator":"U.S. Department of Commerce, U.S. Census Bureau, Geography Division","state_route":null,"state_route_a":null,"state_route_b":null,"state_route_c":null,"stco_fipscode":"54049","tnmfrc":2,"us_route":"19","us_route_a":"19","us_route_b":null,"us_route_c":null},"type":"Feature"},{"geometry":{"coordinates":[[-80.158886,39.481915],[-80.159109,39.48191],[-80.159808,39.481947],[-80.159952,39.481948]],"type":"LineString"},"id":"REF-FAIRMONT-SECONDARY-ROADS-28","properties":{"canon_status":"REAL_REFERENCE","county_route":null,"federal_lands_route":null,"fictionality":"REAL","globalid":"{3FB6FD3E-E18F-47F6-8BFD-A47598FB53C3}","interstate":null,"interstate_a":null,"interstate_b":null,"interstate_c":null,"loaddate":1568201756000,"mtfcc_code":"S1200","name":"Locust Ave","objectid":3298885,"permanent_identifier":"bce1caba-1e78-465c-9697-962cbd33f518","real_world_relation":"REFERENCE_ONLY","shape_Length":118.86060103148358,"source_datadesc":"2016 January MAFTIGER","source_datasetid":"{75C4AE26-EEFC-4063-A106-98980856821E}","source_featureid":"110803606896","source_id":"REF-FAIRMONT-SECONDARY-ROADS","source_originator":"U.S. Department of Commerce, U.S. Census Bureau, Geography Division","state_route":null,"state_route_a":null,"state_route_b":null,"state_route_c":null,"stco_fipscode":"54049","tnmfrc":2,"us_route":"19","us_route_a":"19","us_route_b":null,"us_route_c":null},"type":"Feature"},{"geometry":{"coordinates":[[-80.170831,39.452771],[-80.169451,39.453486],[-80.168937,39.453764],[-80.168591,39.453984],[-80.168444,39.454088]],"type":"LineString"},"id":"REF-FAIRMONT-SECONDARY-ROADS-29","properties":{"canon_status":"REAL_REFERENCE","county_route":null,"federal_lands_route":null,"fictionality":"REAL","globalid":"{7870486A-0DED-48EE-8BF7-8301C772E3B1}","interstate":null,"interstate_a":null,"interstate_b":null,"interstate_c":null,"loaddate":1474004852000,"mtfcc_code":"S1200","name":"Fairmont Ave","objectid":3339798,"permanent_identifier":"7738c8b0-037b-4e00-b878-c4bb8df79699","real_world_relation":"REFERENCE_ONLY","shape_Length":326.948854499061,"source_datadesc":"2016 January MAFTIGER","source_datasetid":"{9298FF95-0FA8-4712-9AA5-9292C907CA63}","source_featureid":"110803607558","source_id":"REF-FAIRMONT-SECONDARY-ROADS","source_originator":"U.S. Department of Commerce, U.S. Census Bureau, Geography Division","state_route":"73","state_route_a":"73","state_route_b":null,"state_route_c":null,"stco_fipscode":"54049","tnmfrc":2,"us_route":"250","us_route_a":"250","us_route_b":null,"us_route_c":null},"type":"Feature"},{"geometry":{"coordinates":[[-80.147153,39.48479],[-80.147288,39.484594],[-80.14734,39.484493]],"type":"LineString"},"id":"REF-FAIRMONT-SECONDARY-ROADS-30","properties":{"canon_status":"REAL_REFERENCE","county_route":null,"federal_lands_route":null,"fictionality":"REAL","globalid":"{4115027A-EC82-49C2-B328-E4BE36F8276C}","interstate":null,"interstate_a":null,"interstate_b":null,"interstate_c":null,"loaddate":1474004488000,"mtfcc_code":"S1200","name":"Locust Ave","objectid":3339807,"permanent_identifier":"1b9739a7-4668-4eaf-a9bf-b61c5020245a","real_world_relation":"REFERENCE_ONLY","shape_Length":47.69183685349964,"source_datadesc":"2016 January MAFTIGER","source_datasetid":"{9298FF95-0FA8-4712-9AA5-9292C907CA63}","source_featureid":"110803606896","source_id":"REF-FAIRMONT-SECONDARY-ROADS","source_originator":"U.S. Department of Commerce, U.S. Census Bureau, Geography Division","state_route":null,"state_route_a":null,"state_route_b":null,"state_route_c":null,"stco_fipscode":"54049","tnmfrc":2,"us_route":"19","us_route_a":"19","us_route_b":null,"us_route_c":null},"type":"Feature"},{"geometry":{"coordinates":[[-80.163116,39.460082],[-80.162973,39.460275],[-80.162785,39.460503]],"type":"LineString"},"id":"REF-FAIRMONT-SECONDARY-ROADS-31","properties":{"canon_status":"REAL_REFERENCE","county_route":null,"federal_lands_route":null,"fictionality":"REAL","globalid":"{D3F8DE14-EE12-464B-99D4-63E761CF3D79}","interstate":null,"interstate_a":null,"interstate_b":null,"interstate_c":null,"loaddate":1474004852000,"mtfcc_code":"S1200","name":"Fairmont Ave","objectid":3594470,"permanent_identifier":"ac585b11-6ede-4eaa-90e4-134089b15988","real_world_relation":"REFERENCE_ONLY","shape_Length":71.02923882351088,"source_datadesc":"2016 January MAFTIGER","source_datasetid":"{9298FF95-0FA8-4712-9AA5-9292C907CA63}","source_featureid":"110803607558","source_id":"REF-FAIRMONT-SECONDARY-ROADS","source_originator":"U.S. Department of Commerce, U.S. Census Bureau, Geography Division","state_route":"73","state_route_a":"73","state_route_b":null,"state_route_c":null,"stco_fipscode":"54049","tnmfrc":2,"us_route":"250","us_route_a":"250","us_route_b":null,"us_route_c":null},"type":"Feature"},{"geometry":{"coordinates":[[-80.134824,39.511727],[-80.134919,39.51195],[-80.134946,39.512023],[-80.135024,39.512179],[-80.135191,39.512476],[-80.135215,39.51253],[-80.135317,39.512722],[-80.135384,39.512861],[-80.135439,39.513],[-80.135456,39.513056],[-80.135484,39.51323],[-80.135488,39.513343],[-80.135466,39.513499],[-80.135445,39.513594],[-80.13533,39.513889],[-80.135201,39.514194],[-80.135148,39.514423]],"type":"LineString"},"id":"REF-FAIRMONT-SECONDARY-ROADS-32","properties":{"canon_status":"REAL_REFERENCE","county_route":null,"federal_lands_route":null,"fictionality":"REAL","globalid":"{79E7BC80-061D-47C6-BCAE-C33DB7718D26}","interstate":null,"interstate_a":null,"interstate_b":null,"interstate_c":null,"loaddate":1474004328000,"mtfcc_code":"S1200","name":"US Hwy 19","objectid":3594488,"permanent_identifier":"84059af3-5296-4fb4-a8d3-52be5fb1bf15","real_world_relation":"REFERENCE_ONLY","shape_Length":406.97944842361403,"source_datadesc":"2016 January MAFTIGER","source_datasetid":"{9298FF95-0FA8-4712-9AA5-9292C907CA63}","source_featureid":"110803586626","source_id":"REF-FAIRMONT-SECONDARY-ROADS","source_originator":"U.S. Department of Commerce, U.S. Census Bureau, Geography Division","state_route":null,"state_route_a":null,"state_route_b":null,"state_route_c":null,"stco_fipscode":"54049","tnmfrc":2,"us_route":"19","us_route_a":"19","us_route_b":null,"us_route_c":null},"type":"Feature"},{"geometry":{"coordinates":[[-80.1883,39.429313],[-80.187967,39.430292],[-80.187832,39.430745]],"type":"LineString"},"id":"REF-FAIRMONT-SECONDARY-ROADS-33","properties":{"canon_status":"REAL_REFERENCE","county_route":null,"federal_lands_route":null,"fictionality":"REAL","globalid":"{8D205879-8AEF-42C2-9F75-2F02AC1C5E3F}","interstate":null,"interstate_a":null,"interstate_b":null,"interstate_c":null,"loaddate":1474004334000,"mtfcc_code":"S1200","name":"State Rte 73","objectid":3594562,"permanent_identifier":"283a8202-2eb8-4cc1-8a17-f647fe012bd5","real_world_relation":"REFERENCE_ONLY","shape_Length":212.8775140153625,"source_datadesc":"2016 January MAFTIGER","source_datasetid":"{9298FF95-0FA8-4712-9AA5-9292C907CA63}","source_featureid":"110803586667","source_id":"REF-FAIRMONT-SECONDARY-ROADS","source_originator":"U.S. Department of Commerce, U.S. Census Bureau, Geography Division","state_route":"73","state_route_a":"73","state_route_b":null,"state_route_c":null,"stco_fipscode":"54049","tnmfrc":2,"us_route":"250","us_route_a":"250","us_route_b":null,"us_route_c":null},"type":"Feature"},{"geometry":{"coordinates":[[-80.187181,39.432303],[-80.187102,39.432474]],"type":"LineString"},"id":"REF-FAIRMONT-SECONDARY-ROADS-34","properties":{"canon_status":"REAL_REFERENCE","county_route":null,"federal_lands_route":null,"fictionality":"REAL","globalid":"{9178E283-D944-4D26-BD71-7A6882DFD299}","interstate":null,"interstate_a":null,"interstate_b":null,"interstate_c":null,"loaddate":1474004334000,"mtfcc_code":"S1200","name":"State Rte 73","objectid":3721675,"permanent_identifier":"2ffba716-c752-48ed-ab82-2ff83477ca07","real_world_relation":"REFERENCE_ONLY","shape_Length":26.167605028308508,"source_datadesc":"2016 January MAFTIGER","source_datasetid":"{9298FF95-0FA8-4712-9AA5-9292C907CA63}","source_featureid":"110803586668","source_id":"REF-FAIRMONT-SECONDARY-ROADS","source_originator":"U.S. Department of Commerce, U.S. Census Bureau, Geography Division","state_route":"73","state_route_a":"73","state_route_b":null,"state_route_c":null,"stco_fipscode":"54049","tnmfrc":2,"us_route":"250","us_route_a":"250","us_route_b":null,"us_route_c":null},"type":"Feature"},{"geometry":{"coordinates":[[-80.18406,39.47216],[-80.18423,39.472141],[-80.184777,39.47209]],"type":"LineString"},"id":"REF-FAIRMONT-SECONDARY-ROADS-35","properties":{"canon_status":"REAL_REFERENCE","county_route":null,"federal_lands_route":null,"fictionality":"REAL","globalid":"{BEC05B9F-7C89-409E-B5B8-1982E9027747}","interstate":null,"interstate_a":null,"interstate_b":null,"interstate_c":null,"loaddate":1474004488000,"mtfcc_code":"S1200","name":"Locust Ave","objectid":4230885,"permanent_identifier":"872fd909-ba91-48e2-9ef6-5df2ec11b084","real_world_relation":"REFERENCE_ONLY","shape_Length":80.45597142089196,"source_datadesc":"2016 January MAFTIGER","source_datasetid":"{9298FF95-0FA8-4712-9AA5-9292C907CA63}","source_featureid":"110803606896","source_id":"REF-FAIRMONT-SECONDARY-ROADS","source_originator":"U.S. Department of Commerce, U.S. Census Bureau, Geography Division","state_route":null,"state_route_a":null,"state_route_b":null,"state_route_c":null,"stco_fipscode":"54049","tnmfrc":2,"us_route":"19","us_route_a":"19","us_route_b":null,"us_route_c":null},"type":"Feature"},{"geometry":{"coordinates":[[-80.135453,39.501656],[-80.135361,39.501978],[-80.135336,39.502045],[-80.135248,39.502337]],"type":"LineString"},"id":"REF-FAIRMONT-SECONDARY-ROADS-36","properties":{"canon_status":"REAL_REFERENCE","county_route":null,"federal_lands_route":null,"fictionality":"REAL","globalid":"{E34D81B6-2788-4255-952B-F4F298DDB674}","interstate":null,"interstate_a":null,"interstate_b":null,"interstate_c":null,"loaddate":1474004494000,"mtfcc_code":"S1200","name":"Pennsylvania Ave","objectid":4230988,"permanent_identifier":"3a19a4f4-7402-4a9c-8fd5-88280231028c","real_world_relation":"REFERENCE_ONLY","shape_Length":100.88044481816226,"source_datadesc":"2016 January MAFTIGER","source_datasetid":"{9298FF95-0FA8-4712-9AA5-9292C907CA63}","source_featureid":"110803608552","source_id":"REF-FAIRMONT-SECONDARY-ROADS","source_originator":"U.S. Department of Commerce, U.S. Census Bureau, Geography Division","state_route":null,"state_route_a":null,"state_route_b":null,"state_route_c":null,"stco_fipscode":"54049","tnmfrc":2,"us_route":"19","us_route_a":"19","us_route_b":null,"us_route_c":null},"type":"Feature"},{"geometry":{"coordinates":[[-80.172371,39.414264],[-80.172494,39.414342]],"type":"LineString"},"id":"REF-FAIRMONT-SECONDARY-ROADS-37","properties":{"canon_status":"REAL_REFERENCE","county_route":null,"federal_lands_route":null,"fictionality":"REAL","globalid":"{C5681E23-FA37-4D6F-A6EF-4EFDC41FB98C}","interstate":null,"interstate_a":null,"interstate_b":null,"interstate_c":null,"loaddate":1474004328000,"mtfcc_code":"S1200","name":"US Hwy 250","objectid":4358328,"permanent_identifier":"800c1411-9e9e-47f8-8825-d8c0aa02a8fe","real_world_relation":"REFERENCE_ONLY","shape_Length":17.714173778714883,"source_datadesc":"2016 January MAFTIGER","source_datasetid":"{9298FF95-0FA8-4712-9AA5-9292C907CA63}","source_featureid":"110803586718","source_id":"REF-FAIRMONT-SECONDARY-ROADS","source_originator":"U.S. Department of Commerce, U.S. Census Bureau, Geography Division","state_route":null,"state_route_a":null,"state_route_b":null,"state_route_c":null,"stco_fipscode":"54049","tnmfrc":2,"us_route":"250","us_route_a":"250","us_route_b":null,"us_route_c":null},"type":"Feature"},{"geometry":{"coordinates":[[-80.187802,39.424857],[-80.188039,39.425133],[-80.188105,39.425226],[-80.188308,39.425547],[-80.188512,39.426011],[-80.188558,39.426142],[-80.18865,39.426479],[-80.188705,39.426812],[-80.188724,39.427233],[-80.188728,39.427324],[-80.1887,39.42768],[-80.188573,39.42828],[-80.188455,39.428804]],"type":"LineString"},"id":"REF-FAIRMONT-SECONDARY-ROADS-38","properties":{"canon_status":"REAL_REFERENCE","county_route":null,"federal_lands_route":null,"fictionality":"REAL","globalid":"{899D3201-8A4B-4446-96BD-27D593E7580E}","interstate":null,"interstate_a":null,"interstate_b":null,"interstate_c":null,"loaddate":1474004328000,"mtfcc_code":"S1200","name":"US Hwy 250","objectid":4358415,"permanent_identifier":"a1c1999c-373d-4d3d-af65-686fad7be3d6","real_world_relation":"REFERENCE_ONLY","shape_Length":592.1930363934805,"source_datadesc":"2016 January MAFTIGER","source_datasetid":"{9298FF95-0FA8-4712-9AA5-9292C907CA63}","source_featureid":"110803586715","source_id":"REF-FAIRMONT-SECONDARY-ROADS","source_originator":"U.S. Department of Commerce, U.S. Census Bureau, Geography Division","state_route":null,"state_route_a":null,"state_route_b":null,"state_route_c":null,"stco_fipscode":"54049","tnmfrc":2,"us_route":"250","us_route_a":"250","us_route_b":null,"us_route_c":null},"type":"Feature"},{"geometry":{"coordinates":[[-80.135885,39.500196],[-80.135745,39.500703]],"type":"LineString"},"id":"REF-FAIRMONT-SECONDARY-ROADS-39","properties":{"canon_status":"REAL_REFERENCE","county_route":null,"federal_lands_route":null,"fictionality":"REAL","globalid":"{84DB40F2-AC30-41DE-A561-1F1D3625E685}","interstate":null,"interstate_a":null,"interstate_b":null,"interstate_c":null,"loaddate":1474004494000,"mtfcc_code":"S1200","name":"Pennsylvania Ave","objectid":4485941,"permanent_identifier":"c93fb7b4-951c-401c-b8e2-557e0b9e9d00","real_world_relation":"REFERENCE_ONLY","shape_Length":74.78548718988382,"source_datadesc":"2016 January MAFTIGER","source_datasetid":"{9298FF95-0FA8-4712-9AA5-9292C907CA63}","source_featureid":"110803608552","source_id":"REF-FAIRMONT-SECONDARY-ROADS","source_originator":"U.S. Department of Commerce, U.S. Census Bureau, Geography Division","state_route":null,"state_route_a":null,"state_route_b":null,"state_route_c":null,"stco_fipscode":"54049","tnmfrc":2,"us_route":"19","us_route_a":"19","us_route_b":null,"us_route_c":null},"type":"Feature"},{"geometry":{"coordinates":[[-80.165203,39.48007],[-80.16525,39.480034]],"type":"LineString"},"id":"REF-FAIRMONT-SECONDARY-ROADS-40","properties":{"canon_status":"REAL_REFERENCE","county_route":null,"federal_lands_route":null,"fictionality":"REAL","globalid":"{59B9B360-ADBE-48FC-B52F-A84A21AAB300}","interstate":null,"interstate_a":null,"interstate_b":null,"interstate_c":null,"loaddate":1474004419000,"mtfcc_code":"S1200","name":"Locust Ave","objectid":4485950,"permanent_identifier":"b5e64856-0e32-4559-8b43-a34ee5018f79","real_world_relation":"REFERENCE_ONLY","shape_Length":7.371005791318333,"source_datadesc":"2016 January MAFTIGER","source_datasetid":"{9298FF95-0FA8-4712-9AA5-9292C907CA63}","source_featureid":"110803606896","source_id":"REF-FAIRMONT-SECONDARY-ROADS","source_originator":"U.S. Department of Commerce, U.S. Census Bureau, Geography Division","state_route":null,"state_route_a":null,"state_route_b":null,"state_route_c":null,"stco_fipscode":"54049","tnmfrc":2,"us_route":"19","us_route_a":"19","us_route_b":null,"us_route_c":null},"type":"Feature"},{"geometry":{"coordinates":[[-80.136983,39.498626],[-80.136822,39.498693]],"type":"LineString"},"id":"REF-FAIRMONT-SECONDARY-ROADS-41","properties":{"canon_status":"REAL_REFERENCE","county_route":null,"federal_lands_route":null,"fictionality":"REAL","globalid":"{A73E50D3-D524-4822-AFFB-B06843535EFE}","interstate":null,"interstate_a":null,"interstate_b":null,"interstate_c":null,"loaddate":1474004667000,"mtfcc_code":"S1200","name":"Pennsylvania Ave","objectid":4485975,"permanent_identifier":"dbbe49f8-e9d2-4016-a3c2-2f6159c876ec","real_world_relation":"REFERENCE_ONLY","shape_Length":20.362618819948427,"source_datadesc":"2016 January MAFTIGER","source_datasetid":"{9298FF95-0FA8-4712-9AA5-9292C907CA63}","source_featureid":"110803608551","source_id":"REF-FAIRMONT-SECONDARY-ROADS","source_originator":"U.S. Department of Commerce, U.S. Census Bureau, Geography Division","state_route":null,"state_route_a":null,"state_route_b":null,"state_route_c":null,"stco_fipscode":"54049","tnmfrc":2,"us_route":"19","us_route_a":"19","us_route_b":null,"us_route_c":null},"type":"Feature"},{"geometry":{"coordinates":[[-80.184062,39.435547],[-80.183659,39.43584],[-80.18275,39.436439]],"type":"LineString"},"id":"REF-FAIRMONT-SECONDARY-ROADS-42","properties":{"canon_status":"REAL_REFERENCE","county_route":null,"federal_lands_route":null,"fictionality":"REAL","globalid":"{12BABCE2-133E-4086-BFF7-1B5872A03616}","interstate":null,"interstate_a":null,"interstate_b":null,"interstate_c":null,"loaddate":1474004334000,"mtfcc_code":"S1200","name":"State Rte 73","objectid":4485985,"permanent_identifier":"bad4d7a1-8677-43d1-a950-3d5cc96064a5","real_world_relation":"REFERENCE_ONLY","shape_Length":194.62798421902207,"source_datadesc":"2016 January MAFTIGER","source_datasetid":"{9298FF95-0FA8-4712-9AA5-9292C907CA63}","source_featureid":"110803586668","source_id":"REF-FAIRMONT-SECONDARY-ROADS","source_originator":"U.S. Department of Commerce, U.S. Census Bureau, Geography Division","state_route":"73","state_route_a":"73","state_route_b":null,"state_route_c":null,"stco_fipscode":"54049","tnmfrc":2,"us_route":"250","us_route_a":"250","us_route_b":null,"us_route_c":null},"type":"Feature"},{"geometry":{"coordinates":[[-80.127342,39.527035],[-80.126934,39.527304],[-80.126475,39.52762],[-80.125777,39.528058]],"type":"LineString"},"id":"REF-FAIRMONT-SECONDARY-ROADS-43","properties":{"canon_status":"REAL_REFERENCE","county_route":null,"federal_lands_route":null,"fictionality":"REAL","globalid":"{DFC42E79-B832-431A-8AC9-36C7A35B7446}","interstate":null,"interstate_a":null,"interstate_b":null,"interstate_c":null,"loaddate":1474004667000,"mtfcc_code":"S1200","name":"Main St","objectid":4486045,"permanent_identifier":"8309a1ef-1283-4da0-994a-09cf6d875f4f","real_world_relation":"REFERENCE_ONLY","shape_Length":228.40560184831912,"source_datadesc":"2016 January MAFTIGER","source_datasetid":"{9298FF95-0FA8-4712-9AA5-9292C907CA63}","source_featureid":"110803596607","source_id":"REF-FAIRMONT-SECONDARY-ROADS","source_originator":"U.S. Department of Commerce, U.S. Census Bureau, Geography Division","state_route":null,"state_route_a":null,"state_route_b":null,"state_route_c":null,"stco_fipscode":"54049","tnmfrc":2,"us_route":"19","us_route_a":"19","us_route_b":null,"us_route_c":null},"type":"Feature"},{"geometry":{"coordinates":[[-80.171159,39.413671],[-80.171216,39.413691]],"type":"LineString"},"id":"REF-FAIRMONT-SECONDARY-ROADS-44","properties":{"canon_status":"REAL_REFERENCE","county_route":null,"federal_lands_route":null,"fictionality":"REAL","globalid":"{260BA750-0FFF-4BDE-918D-C644FA82ED4D}","interstate":null,"interstate_a":null,"interstate_b":null,"interstate_c":null,"loaddate":1474004328000,"mtfcc_code":"S1200","name":"US Hwy 250","objectid":4613501,"permanent_identifier":"3c060ebd-8cb8-450b-8524-971e6b8873b1","real_world_relation":"REFERENCE_ONLY","shape_Length":6.969046086183469,"source_datadesc":"2016 January MAFTIGER","source_datasetid":"{9298FF95-0FA8-4712-9AA5-9292C907CA63}","source_featureid":"110803586718","source_id":"REF-FAIRMONT-SECONDARY-ROADS","source_originator":"U.S. Department of Commerce, U.S. Census Bureau, Geography Division","state_route":null,"state_route_a":null,"state_route_b":null,"state_route_c":null,"stco_fipscode":"54049","tnmfrc":2,"us_route":"250","us_route_a":"250","us_route_b":null,"us_route_c":null},"type":"Feature"},{"geometry":{"coordinates":[[-80.186789,39.433267],[-80.186441,39.433713],[-80.186226,39.433936],[-80.185766,39.434365],[-80.185426,39.434626],[-80.184142,39.435575],[-80.183501,39.436024],[-80.18344,39.436071],[-80.182957,39.43635],[-80.18275,39.436439]],"type":"LineString"},"id":"REF-FAIRMONT-SECONDARY-ROADS-45","properties":{"canon_status":"REAL_REFERENCE","county_route":null,"federal_lands_route":null,"fictionality":"REAL","globalid":"{ACD26B9C-4931-48D6-A762-9E244CB0A4A8}","interstate":null,"interstate_a":null,"interstate_b":null,"interstate_c":null,"loaddate":1474004334000,"mtfcc_code":"S1200","name":"State Rte 73","objectid":4613506,"permanent_identifier":"8b7f2fec-a9ab-4ae1-a9d6-3273fc2d82ca","real_world_relation":"REFERENCE_ONLY","shape_Length":646.0464440118541,"source_datadesc":"2016 January MAFTIGER","source_datasetid":"{9298FF95-0FA8-4712-9AA5-9292C907CA63}","source_featureid":"110803586667","source_id":"REF-FAIRMONT-SECONDARY-ROADS","source_originator":"U.S. Department of Commerce, U.S. Census Bureau, Geography Division","state_route":"73","state_route_a":"73","state_route_b":null,"state_route_c":null,"stco_fipscode":"54049","tnmfrc":2,"us_route":"250","us_route_a":"250","us_route_b":null,"us_route_c":null},"type":"Feature"},{"geometry":{"coordinates":[[-80.185293,39.49454],[-80.185365,39.494768],[-80.185417,39.494886],[-80.185532,39.495087],[-80.185717,39.495348],[-80.186092,39.495835],[-80.186163,39.495912],[-80.186342,39.496149]],"type":"LineString"},"id":"REF-FAIRMONT-SECONDARY-ROADS-46","properties":{"canon_status":"REAL_REFERENCE","county_route":null,"federal_lands_route":null,"fictionality":"REAL","globalid":"{0A225E6F-BC18-4EE2-8FE4-81B7C0960C21}","interstate":null,"interstate_a":null,"interstate_b":null,"interstate_c":null,"loaddate":1474004328000,"mtfcc_code":"S1200","name":"US Hwy 250","objectid":4741313,"permanent_identifier":"acab4cb4-6532-4b2c-a44a-11c0fa87bea2","real_world_relation":"REFERENCE_ONLY","shape_Length":261.3680168899411,"source_datadesc":"2016 January MAFTIGER","source_datasetid":"{9298FF95-0FA8-4712-9AA5-9292C907CA63}","source_featureid":"110803586713","source_id":"REF-FAIRMONT-SECONDARY-ROADS","source_originator":"U.S. Department of Commerce, U.S. Census Bureau, Geography Division","state_route":null,"state_route_a":null,"state_route_b":null,"state_route_c":null,"stco_fipscode":"54049","tnmfrc":2,"us_route":"250","us_route_a":"250","us_route_b":null,"us_route_c":null},"type":"Feature"},{"geometry":{"coordinates":[[-80.148525,39.487685],[-80.148649,39.487732],[-80.149098,39.487842],[-80.149311,39.487878],[-80.149696,39.487914]],"type":"LineString"},"id":"REF-FAIRMONT-SECONDARY-ROADS-47","properties":{"canon_status":"REAL_REFERENCE","county_route":null,"federal_lands_route":null,"fictionality":"REAL","globalid":"{7F320936-2974-46D7-A8C2-C4AD3501EDAC}","interstate":null,"interstate_a":null,"interstate_b":null,"interstate_c":null,"loaddate":1474004636000,"mtfcc_code":"S1200","name":"Cleveland Ave","objectid":4869351,"permanent_identifier":"61f0255b-44ab-499e-a737-e2a88abbc4dd","real_world_relation":"REFERENCE_ONLY","shape_Length":135.26337535524945,"source_datadesc":"2016 January MAFTIGER","source_datasetid":"{9298FF95-0FA8-4712-9AA5-9292C907CA63}","source_featureid":"110803607850","source_id":"REF-FAIRMONT-SECONDARY-ROADS","source_originator":"U.S. Department of Commerce, U.S. Census Bureau, Geography Division","state_route":null,"state_route_a":null,"state_route_b":null,"state_route_c":null,"stco_fipscode":"54049","tnmfrc":2,"us_route":"250","us_route_a":"250","us_route_b":null,"us_route_c":null},"type":"Feature"},{"geometry":{"coordinates":[[-80.216458,39.51012],[-80.217714,39.510702],[-80.217919,39.510805],[-80.218757,39.511192],[-80.219167,39.511367],[-80.219379,39.511444],[-80.219521,39.511487],[-80.21976,39.51155],[-80.220029,39.511614],[-80.220365,39.511676],[-80.220642,39.511714],[-80.220821,39.511733],[-80.22118,39.511748],[-80.222166,39.511756],[-80.222448,39.511749],[-80.222796,39.511722],[-80.222897,39.511708],[-80.223113,39.511668],[-80.2234,39.511599],[-80.223821,39.511466],[-80.224096,39.51135],[-80.224276,39.511256],[-80.224519,39.511109]],"type":"LineString"},"id":"REF-FAIRMONT-SECONDARY-ROADS-48","properties":{"canon_status":"REAL_REFERENCE","county_route":null,"federal_lands_route":null,"fictionality":"REAL","globalid":"{F171D108-1DF4-44DC-B684-EE447AD1AF6D}","interstate":null,"interstate_a":null,"interstate_b":null,"interstate_c":null,"loaddate":1474004328000,"mtfcc_code":"S1200","name":"US Hwy 250","objectid":4869473,"permanent_identifier":"e471cdda-d621-4119-94ff-2c6db227a14c","real_world_relation":"REFERENCE_ONLY","shape_Length":977.4725148357795,"source_datadesc":"2016 January MAFTIGER","source_datasetid":"{9298FF95-0FA8-4712-9AA5-9292C907CA63}","source_featureid":"110803586713","source_id":"REF-FAIRMONT-SECONDARY-ROADS","source_originator":"U.S. Department of Commerce, U.S. Census Bureau, Geography Division","state_route":null,"state_route_a":null,"state_route_b":null,"state_route_c":null,"stco_fipscode":"54049","tnmfrc":2,"us_route":"250","us_route_a":"250","us_route_b":null,"us_route_c":null},"type":"Feature"},{"geometry":{"coordinates":[[-80.188455,39.428804],[-80.1883,39.429313]],"type":"LineString"},"id":"REF-FAIRMONT-SECONDARY-ROADS-49","properties":{"canon_status":"REAL_REFERENCE","county_route":null,"federal_lands_route":null,"fictionality":"REAL","globalid":"{A80FDA39-FF2F-4891-BD53-2E6A0FBC8F59}","interstate":null,"interstate_a":null,"interstate_b":null,"interstate_c":null,"loaddate":1474004334000,"mtfcc_code":"S1200","name":"State Rte 73","objectid":5125340,"permanent_identifier":"56a1c3d9-1e1a-41a9-bf24-71c68445bf03","real_world_relation":"REFERENCE_ONLY","shape_Length":75.35875083229837,"source_datadesc":"2016 January MAFTIGER","source_datasetid":"{9298FF95-0FA8-4712-9AA5-9292C907CA63}","source_featureid":"110803586667","source_id":"REF-FAIRMONT-SECONDARY-ROADS","source_originator":"U.S. Department of Commerce, U.S. Census Bureau, Geography Division","state_route":"73","state_route_a":"73","state_route_b":null,"state_route_c":null,"stco_fipscode":"54049","tnmfrc":2,"us_route":"250","us_route_a":"250","us_route_b":null,"us_route_c":null},"type":"Feature"},{"geometry":{"coordinates":[[-80.137774,39.4983],[-80.137742,39.498312]],"type":"LineString"},"id":"REF-FAIRMONT-SECONDARY-ROADS-50","properties":{"canon_status":"REAL_REFERENCE","county_route":null,"federal_lands_route":null,"fictionality":"REAL","globalid":"{F383A37F-E7D3-4B68-9A70-C4F96E5F5AA1}","interstate":null,"interstate_a":null,"interstate_b":null,"interstate_c":null,"loaddate":1474004786000,"mtfcc_code":"S1200","name":"Bellview Blvd","objectid":5125343,"permanent_identifier":"7154eb62-3de2-4513-8103-677b25b85fd3","real_world_relation":"REFERENCE_ONLY","shape_Length":3.9606424357605983,"source_datadesc":"2016 January MAFTIGER","source_datasetid":"{9298FF95-0FA8-4712-9AA5-9292C907CA63}","source_featureid":"1103690719726","source_id":"REF-FAIRMONT-SECONDARY-ROADS","source_originator":"U.S. Department of Commerce, U.S. Census Bureau, Geography Division","state_route":null,"state_route_a":null,"state_route_b":null,"state_route_c":null,"stco_fipscode":"54049","tnmfrc":2,"us_route":"19","us_route_a":"19","us_route_b":null,"us_route_c":null},"type":"Feature"},{"geometry":{"coordinates":[[-80.187102,39.432474],[-80.187077,39.432529],[-80.187005,39.432683],[-80.186867,39.432955],[-80.186596,39.433358],[-80.186354,39.433664],[-80.186094,39.433952],[-80.185789,39.43423],[-80.185184,39.434703]],"type":"LineString"},"id":"REF-FAIRMONT-SECONDARY-ROADS-51","properties":{"canon_status":"REAL_REFERENCE","county_route":null,"federal_lands_route":null,"fictionality":"REAL","globalid":"{6B728DCD-593B-4248-AA9A-D7B31CB9B4CB}","interstate":null,"interstate_a":null,"interstate_b":null,"interstate_c":null,"loaddate":1474004334000,"mtfcc_code":"S1200","name":"State Rte 73","objectid":5252832,"permanent_identifier":"c687571f-e3ba-44ae-80e3-d5421cad2932","real_world_relation":"REFERENCE_ONLY","shape_Length":390.1881337905944,"source_datadesc":"2016 January MAFTIGER","source_datasetid":"{9298FF95-0FA8-4712-9AA5-9292C907CA63}","source_featureid":"110803586668","source_id":"REF-FAIRMONT-SECONDARY-ROADS","source_originator":"U.S. Department of Commerce, U.S. Census Bureau, Geography Division","state_route":"73","state_route_a":"73","state_route_b":null,"state_route_c":null,"stco_fipscode":"54049","tnmfrc":2,"us_route":"250","us_route_a":"250","us_route_b":null,"us_route_c":null},"type":"Feature"},{"geometry":{"coordinates":[[-80.161043,39.462525],[-80.161006,39.46257]],"type":"LineString"},"id":"REF-FAIRMONT-SECONDARY-ROADS-52","properties":{"canon_status":"REAL_REFERENCE","county_route":null,"federal_lands_route":null,"fictionality":"REAL","globalid":"{1311DD8F-8EBD-4900-8A31-13DF18E9C5A5}","interstate":null,"interstate_a":null,"interstate_b":null,"interstate_c":null,"loaddate":1474004852000,"mtfcc_code":"S1200","name":"Fairmont Ave","objectid":5252833,"permanent_identifier":"ae120bbd-31e3-4c75-b085-c4c7113d9b57","real_world_relation":"REFERENCE_ONLY","shape_Length":7.685385199996249,"source_datadesc":"2016 January MAFTIGER","source_datasetid":"{9298FF95-0FA8-4712-9AA5-9292C907CA63}","source_featureid":"110803607558","source_id":"REF-FAIRMONT-SECONDARY-ROADS","source_originator":"U.S. Department of Commerce, U.S. Census Bureau, Geography Division","state_route":"73","state_route_a":"73","state_route_b":null,"state_route_c":null,"stco_fipscode":"54049","tnmfrc":2,"us_route":"250","us_route_a":"250","us_route_b":null,"us_route_c":null},"type":"Feature"},{"geometry":{"coordinates":[[-80.147987,39.483928],[-80.148411,39.483803]],"type":"LineString"},"id":"REF-FAIRMONT-SECONDARY-ROADS-53","properties":{"canon_status":"REAL_REFERENCE","county_route":null,"federal_lands_route":null,"fictionality":"REAL","globalid":"{97FA8445-620E-42E4-8363-951ADE0C1C6F}","interstate":null,"interstate_a":null,"interstate_b":null,"interstate_c":null,"loaddate":1474004488000,"mtfcc_code":"S1200","name":"Locust Ave","objectid":5380374,"permanent_identifier":"14c4eb3f-634c-4f88-bde7-6cbfa2befb44","real_world_relation":"REFERENCE_ONLY","shape_Length":50.52555598137275,"source_datadesc":"2016 January MAFTIGER","source_datasetid":"{9298FF95-0FA8-4712-9AA5-9292C907CA63}","source_featureid":"110803606896","source_id":"REF-FAIRMONT-SECONDARY-ROADS","source_originator":"U.S. Department of Commerce, U.S. Census Bureau, Geography Division","state_route":null,"state_route_a":null,"state_route_b":null,"state_route_c":null,"stco_fipscode":"54049","tnmfrc":2,"us_route":"19","us_route_a":"19","us_route_b":null,"us_route_c":null},"type":"Feature"},{"geometry":{"coordinates":[[-80.181574,39.443845],[-80.1816,39.443873],[-80.181837,39.444159],[-80.181909,39.444257],[-80.18205,39.444451]],"type":"LineString"},"id":"REF-FAIRMONT-SECONDARY-ROADS-54","properties":{"canon_status":"REAL_REFERENCE","county_route":null,"federal_lands_route":null,"fictionality":"REAL","globalid":"{1596138F-1A29-42C3-905A-1C6AC60ABB5A}","interstate":null,"interstate_a":null,"interstate_b":null,"interstate_c":null,"loaddate":1474004334000,"mtfcc_code":"S1200","name":"State Rte 73","objectid":5380481,"permanent_identifier":"d031ffde-b44c-4876-b447-0a00e0a67163","real_world_relation":"REFERENCE_ONLY","shape_Length":102.22381250902401,"source_datadesc":"2016 January MAFTIGER","source_datasetid":"{9298FF95-0FA8-4712-9AA5-9292C907CA63}","source_featureid":"110803586666","source_id":"REF-FAIRMONT-SECONDARY-ROADS","source_originator":"U.S. Department of Commerce, U.S. Census Bureau, Geography Division","state_route":"73","state_route_a":"73","state_route_b":null,"state_route_c":null,"stco_fipscode":"54049","tnmfrc":2,"us_route":"250","us_route_a":"250","us_route_b":null,"us_route_c":null},"type":"Feature"},{"geometry":{"coordinates":[[-80.141034,39.487948],[-80.141032,39.488013],[-80.141042,39.488051]],"type":"LineString"},"id":"REF-FAIRMONT-SECONDARY-ROADS-55","properties":{"canon_status":"REAL_REFERENCE","county_route":null,"federal_lands_route":null,"fictionality":"REAL","globalid":"{4A686DF6-DC57-4127-B003-0A23B86C2EB1}","interstate":null,"interstate_a":null,"interstate_b":null,"interstate_c":null,"loaddate":1474004488000,"mtfcc_code":"S1200","name":"Pennsylvania Ave","objectid":5508139,"permanent_identifier":"7432269c-0e29-40ca-aab1-751a8861e538","real_world_relation":"REFERENCE_ONLY","shape_Length":14.971442142815288,"source_datadesc":"2016 January MAFTIGER","source_datasetid":"{9298FF95-0FA8-4712-9AA5-9292C907CA63}","source_featureid":"110803608553","source_id":"REF-FAIRMONT-SECONDARY-ROADS","source_originator":"U.S. Department of Commerce, U.S. Census Bureau, Geography Division","state_route":null,"state_route_a":null,"state_route_b":null,"state_route_c":null,"stco_fipscode":"54049","tnmfrc":2,"us_route":"19","us_route_a":"19","us_route_b":null,"us_route_c":null},"type":"Feature"},{"geometry":{"coordinates":[[-80.133277,39.507157],[-80.133264,39.507232],[-80.133254,39.507413],[-80.133255,39.507501],[-80.133267,39.507592]],"type":"LineString"},"id":"REF-FAIRMONT-SECONDARY-ROADS-56","properties":{"canon_status":"REAL_REFERENCE","county_route":null,"federal_lands_route":null,"fictionality":"REAL","globalid":"{EE7DA342-C54A-40E2-A775-B5CE349452B7}","interstate":null,"interstate_a":null,"interstate_b":null,"interstate_c":null,"loaddate":1474004494000,"mtfcc_code":"S1200","name":"Pennsylvania Ave","objectid":5763755,"permanent_identifier":"2867370c-5c41-4ff6-8119-9fded206fd79","real_world_relation":"REFERENCE_ONLY","shape_Length":62.95081126472477,"source_datadesc":"2016 January MAFTIGER","source_datasetid":"{9298FF95-0FA8-4712-9AA5-9292C907CA63}","source_featureid":"110803608552","source_id":"REF-FAIRMONT-SECONDARY-ROADS","source_originator":"U.S. Department of Commerce, U.S. Census Bureau, Geography Division","state_route":null,"state_route_a":null,"state_route_b":null,"state_route_c":null,"stco_fipscode":"54049","tnmfrc":2,"us_route":"19","us_route_a":"19","us_route_b":null,"us_route_c":null},"type":"Feature"},{"geometry":{"coordinates":[[-80.167282,39.477294],[-80.167488,39.476916]],"type":"LineString"},"id":"REF-FAIRMONT-SECONDARY-ROADS-57","properties":{"canon_status":"REAL_REFERENCE","county_route":null,"federal_lands_route":null,"fictionality":"REAL","globalid":"{B1BE78B3-F737-4F77-999D-6B0792A2B7CF}","interstate":null,"interstate_a":null,"interstate_b":null,"interstate_c":null,"loaddate":1474004488000,"mtfcc_code":"S1200","name":"Locust Ave","objectid":5891396,"permanent_identifier":"df7365a6-4dfb-430b-aa2c-e5112e845658","real_world_relation":"REFERENCE_ONLY","shape_Length":59.14156367591908,"source_datadesc":"2016 January MAFTIGER","source_datasetid":"{9298FF95-0FA8-4712-9AA5-9292C907CA63}","source_featureid":"110803606896","source_id":"REF-FAIRMONT-SECONDARY-ROADS","source_originator":"U.S. Department of Commerce, U.S. Census Bureau, Geography Division","state_route":null,"state_route_a":null,"state_route_b":null,"state_route_c":null,"stco_fipscode":"54049","tnmfrc":2,"us_route":"19","us_route_a":"19","us_route_b":null,"us_route_c":null},"type":"Feature"},{"geometry":{"coordinates":[[-80.145815,39.48497],[-80.146051,39.485007],[-80.146262,39.485011],[-80.14661,39.485011],[-80.146763,39.485001]],"type":"LineString"},"id":"REF-FAIRMONT-SECONDARY-ROADS-58","properties":{"canon_status":"REAL_REFERENCE","county_route":null,"federal_lands_route":null,"fictionality":"REAL","globalid":"{340F415A-475C-45BE-AC49-EC13E5CC49B3}","interstate":null,"interstate_a":null,"interstate_b":null,"interstate_c":null,"loaddate":1474004488000,"mtfcc_code":"S1200","name":"Locust Ave","objectid":6147043,"permanent_identifier":"1a0b12db-7ebc-402d-8cd8-deed77079fde","real_world_relation":"REFERENCE_ONLY","shape_Length":106.13550506624536,"source_datadesc":"2016 January MAFTIGER","source_datasetid":"{9298FF95-0FA8-4712-9AA5-9292C907CA63}","source_featureid":"110803606896","source_id":"REF-FAIRMONT-SECONDARY-ROADS","source_originator":"U.S. Department of Commerce, U.S. Census Bureau, Geography Division","state_route":null,"state_route_a":null,"state_route_b":null,"state_route_c":null,"stco_fipscode":"54049","tnmfrc":2,"us_route":"19","us_route_a":"19","us_route_b":null,"us_route_c":null},"type":"Feature"},{"geometry":{"coordinates":[[-80.180237,39.420708],[-80.18094,39.420871],[-80.181327,39.420978],[-80.181621,39.421078],[-80.181995,39.421219],[-80.182207,39.421312]],"type":"LineString"},"id":"REF-FAIRMONT-SECONDARY-ROADS-59","properties":{"canon_status":"REAL_REFERENCE","county_route":null,"federal_lands_route":null,"fictionality":"REAL","globalid":"{177D08D9-DA1B-4454-B0D5-8BF210F0A749}","interstate":null,"interstate_a":null,"interstate_b":null,"interstate_c":null,"loaddate":1474004328000,"mtfcc_code":"S1200","name":"US Hwy 250","objectid":6147059,"permanent_identifier":"12c97f1f-248e-44ac-9a93-5d5d92568fff","real_world_relation":"REFERENCE_ONLY","shape_Length":236.6899371253842,"source_datadesc":"2016 January MAFTIGER","source_datasetid":"{9298FF95-0FA8-4712-9AA5-9292C907CA63}","source_featureid":"110803586718","source_id":"REF-FAIRMONT-SECONDARY-ROADS","source_originator":"U.S. Department of Commerce, U.S. Census Bureau, Geography Division","state_route":null,"state_route_a":null,"state_route_b":null,"state_route_c":null,"stco_fipscode":"54049","tnmfrc":2,"us_route":"250","us_route_a":"250","us_route_b":null,"us_route_c":null},"type":"Feature"},{"geometry":{"coordinates":[[-80.171036,39.473583],[-80.171656,39.473361],[-80.172047,39.473235],[-80.172323,39.473147],[-80.172943,39.47292]],"type":"LineString"},"id":"REF-FAIRMONT-SECONDARY-ROADS-60","properties":{"canon_status":"REAL_REFERENCE","county_route":null,"federal_lands_route":null,"fictionality":"REAL","globalid":"{1EDECABF-F3B5-4943-AB05-4CFBAE4BDEFE}","interstate":null,"interstate_a":null,"interstate_b":null,"interstate_c":null,"loaddate":1474004488000,"mtfcc_code":"S1200","name":"Locust Ave","objectid":6274932,"permanent_identifier":"932745cc-b494-477d-904b-c03ea72b12e3","real_world_relation":"REFERENCE_ONLY","shape_Length":232.87827659121467,"source_datadesc":"2016 January MAFTIGER","source_datasetid":"{9298FF95-0FA8-4712-9AA5-9292C907CA63}","source_featureid":"110803606896","source_id":"REF-FAIRMONT-SECONDARY-ROADS","source_originator":"U.S. Department of Commerce, U.S. Census Bureau, Geography Division","state_route":null,"state_route_a":null,"state_route_b":null,"state_route_c":null,"stco_fipscode":"54049","tnmfrc":2,"us_route":"19","us_route_a":"19","us_route_b":null,"us_route_c":null},"type":"Feature"},{"geometry":{"coordinates":[[-80.15505,39.470014],[-80.15486,39.470241],[-80.154845,39.47026]],"type":"LineString"},"id":"REF-FAIRMONT-SECONDARY-ROADS-61","properties":{"canon_status":"REAL_REFERENCE","county_route":null,"federal_lands_route":null,"fictionality":"REAL","globalid":"{3FC41784-7C93-4767-A31C-7DA5AA7AE018}","interstate":null,"interstate_a":null,"interstate_b":null,"interstate_c":null,"loaddate":1474004852000,"mtfcc_code":"S1200","name":"Fairmont Ave","objectid":6402543,"permanent_identifier":"31bb55e7-34e7-4b70-af65-97cf28037b70","real_world_relation":"REFERENCE_ONLY","shape_Length":42.18160724900934,"source_datadesc":"2016 January MAFTIGER","source_datasetid":"{9298FF95-0FA8-4712-9AA5-9292C907CA63}","source_featureid":"110803607558","source_id":"REF-FAIRMONT-SECONDARY-ROADS","source_originator":"U.S. Department of Commerce, U.S. Census Bureau, Geography Division","state_route":"73","state_route_a":"73","state_route_b":null,"state_route_c":null,"stco_fipscode":"54049","tnmfrc":2,"us_route":"250","us_route_a":"250","us_route_b":null,"us_route_c":null},"type":"Feature"},{"geometry":{"coordinates":[[-80.134083,39.509276],[-80.134119,39.509374],[-80.134144,39.509481],[-80.134214,39.50972],[-80.134232,39.509762]],"type":"LineString"},"id":"REF-FAIRMONT-SECONDARY-ROADS-62","properties":{"canon_status":"REAL_REFERENCE","county_route":null,"federal_lands_route":null,"fictionality":"REAL","globalid":"{D0D794B7-12C0-4EE5-B97B-385C339747D8}","interstate":null,"interstate_a":null,"interstate_b":null,"interstate_c":null,"loaddate":1474004328000,"mtfcc_code":"S1200","name":"US Hwy 19","objectid":6658050,"permanent_identifier":"4f45cdc8-9fad-4538-85a5-76278230ea55","real_world_relation":"REFERENCE_ONLY","shape_Length":72.12089010602133,"source_datadesc":"2016 January MAFTIGER","source_datasetid":"{9298FF95-0FA8-4712-9AA5-9292C907CA63}","source_featureid":"110803586626","source_id":"REF-FAIRMONT-SECONDARY-ROADS","source_originator":"U.S. Department of Commerce, U.S. Census Bureau, Geography Division","state_route":null,"state_route_a":null,"state_route_b":null,"state_route_c":null,"stco_fipscode":"54049","tnmfrc":2,"us_route":"19","us_route_a":"19","us_route_b":null,"us_route_c":null},"type":"Feature"},{"geometry":{"coordinates":[[-80.133399,39.506095],[-80.133378,39.506286]],"type":"LineString"},"id":"REF-FAIRMONT-SECONDARY-ROADS-63","properties":{"canon_status":"REAL_REFERENCE","county_route":null,"federal_lands_route":null,"fictionality":"REAL","globalid":"{FF60AA2B-9D7A-449B-8BC4-F4CFE8A727A9}","interstate":null,"interstate_a":null,"interstate_b":null,"interstate_c":null,"loaddate":1474004494000,"mtfcc_code":"S1200","name":"Pennsylvania Ave","objectid":6912624,"permanent_identifier":"d7dc0a84-c456-46de-ba96-65c08ed2e6c0","real_world_relation":"REFERENCE_ONLY","shape_Length":27.656276406204203,"source_datadesc":"2016 January MAFTIGER","source_datasetid":"{9298FF95-0FA8-4712-9AA5-9292C907CA63}","source_featureid":"110803608552","source_id":"REF-FAIRMONT-SECONDARY-ROADS","source_originator":"U.S. Department of Commerce, U.S. Census Bureau, Geography Division","state_route":null,"state_route_a":null,"state_route_b":null,"state_route_c":null,"stco_fipscode":"54049","tnmfrc":2,"us_route":"19","us_route_a":"19","us_route_b":null,"us_route_c":null},"type":"Feature"},{"geometry":{"coordinates":[[-80.133304,39.507706],[-80.133323,39.507751],[-80.133451,39.508001]],"type":"LineString"},"id":"REF-FAIRMONT-SECONDARY-ROADS-64","properties":{"canon_status":"REAL_REFERENCE","county_route":null,"federal_lands_route":null,"fictionality":"REAL","globalid":"{7F1CC041-6037-451F-86BB-152A4B48EE4C}","interstate":null,"interstate_a":null,"interstate_b":null,"interstate_c":null,"loaddate":1474004328000,"mtfcc_code":"S1200","name":"US Hwy 19","objectid":6912700,"permanent_identifier":"7f752af0-ccf4-4ebd-98ba-7b3fde57a5b2","real_world_relation":"REFERENCE_ONLY","shape_Length":45.611567914435746,"source_datadesc":"2016 January MAFTIGER","source_datasetid":"{9298FF95-0FA8-4712-9AA5-9292C907CA63}","source_featureid":"110803586626","source_id":"REF-FAIRMONT-SECONDARY-ROADS","source_originator":"U.S. Department of Commerce, U.S. Census Bureau, Geography Division","state_route":null,"state_route_a":null,"state_route_b":null,"state_route_c":null,"stco_fipscode":"54049","tnmfrc":2,"us_route":"19","us_route_a":"19","us_route_b":null,"us_route_c":null},"type":"Feature"},{"geometry":{"coordinates":[[-80.18205,39.444451],[-80.182187,39.444683],[-80.182295,39.444896],[-80.182382,39.4451],[-80.182502,39.445429],[-80.182567,39.445683],[-80.182632,39.446053],[-80.182651,39.446321],[-80.182649,39.446519],[-80.182633,39.446727],[-80.182599,39.446918],[-80.182547,39.447124],[-80.182476,39.447318],[-80.182398,39.447484],[-80.182305,39.447664],[-80.182208,39.447812],[-80.18208,39.447982],[-80.181926,39.448149],[-80.181771,39.448294],[-80.181573,39.448461],[-80.181351,39.448625],[-80.181121,39.448758],[-80.180865,39.448896],[-80.180526,39.449034],[-80.179559,39.449396],[-80.179172,39.449529],[-80.17891,39.449614],[-80.178485,39.449722],[-80.177899,39.449825],[-80.177185,39.44994],[-80.176685,39.450043],[-80.176393,39.450117],[-80.175922,39.450255]],"type":"LineString"},"id":"REF-FAIRMONT-SECONDARY-ROADS-65","properties":{"canon_status":"REAL_REFERENCE","county_route":null,"federal_lands_route":null,"fictionality":"REAL","globalid":"{D86DCF67-15D8-41E6-A153-4D8EA03B7ECD}","interstate":null,"interstate_a":null,"interstate_b":null,"interstate_c":null,"loaddate":1474004334000,"mtfcc_code":"S1200","name":"State Rte 73","objectid":6912714,"permanent_identifier":"7469cbdb-b66a-4c7c-ba76-de8d3966bb74","real_world_relation":"REFERENCE_ONLY","shape_Length":1308.2674024759679,"source_datadesc":"2016 January MAFTIGER","source_datasetid":"{9298FF95-0FA8-4712-9AA5-9292C907CA63}","source_featureid":"110803586666","source_id":"REF-FAIRMONT-SECONDARY-ROADS","source_originator":"U.S. Department of Commerce, U.S. Census Bureau, Geography Division","state_route":"73","state_route_a":"73","state_route_b":null,"state_route_c":null,"stco_fipscode":"54049","tnmfrc":2,"us_route":"250","us_route_a":"250","us_route_b":null,"us_route_c":null},"type":"Feature"},{"geometry":{"coordinates":[[-80.203255,39.475974],[-80.202948,39.475834],[-80.202639,39.475701],[-80.20227,39.475535],[-80.202063,39.47545],[-80.20188,39.475375],[-80.201274,39.475114],[-80.200903,39.474938],[-80.200385,39.474711],[-80.200067,39.474558],[-80.19983,39.474437],[-80.199286,39.474131],[-80.198906,39.473932],[-80.198744,39.47386],[-80.1982,39.473665],[-80.197918,39.473554],[-80.197342,39.473344]],"type":"LineString"},"id":"REF-FAIRMONT-SECONDARY-ROADS-66","properties":{"canon_status":"REAL_REFERENCE","county_route":null,"federal_lands_route":null,"fictionality":"REAL","globalid":"{30FE9CBA-72B9-4C92-A07D-8B63E75958B8}","interstate":null,"interstate_a":null,"interstate_b":null,"interstate_c":null,"loaddate":1474004328000,"mtfcc_code":"S1200","name":"US Hwy 19","objectid":7295313,"permanent_identifier":"18eefd9d-fd6b-4ef2-a815-239b7f3879f0","real_world_relation":"REFERENCE_ONLY","shape_Length":760.9421063040861,"source_datadesc":"2016 January MAFTIGER","source_datasetid":"{9298FF95-0FA8-4712-9AA5-9292C907CA63}","source_featureid":"110803586626","source_id":"REF-FAIRMONT-SECONDARY-ROADS","source_originator":"U.S. Department of Commerce, U.S. Census Bureau, Geography Division","state_route":null,"state_route_a":null,"state_route_b":null,"state_route_c":null,"stco_fipscode":"54049","tnmfrc":2,"us_route":"19","us_route_a":"19","us_route_b":null,"us_route_c":null},"type":"Feature"},{"geometry":{"coordinates":[[-80.187832,39.430745],[-80.187738,39.431082],[-80.187579,39.43152]],"type":"LineString"},"id":"REF-FAIRMONT-SECONDARY-ROADS-67","properties":{"canon_status":"REAL_REFERENCE","county_route":null,"federal_lands_route":null,"fictionality":"REAL","globalid":"{71B45F4D-17BC-4FB9-B620-05518F9F6D2C}","interstate":null,"interstate_a":null,"interstate_b":null,"interstate_c":null,"loaddate":1474004334000,"mtfcc_code":"S1200","name":"State Rte 73","objectid":7295324,"permanent_identifier":"576b26f0-138e-41bd-8345-6e6be6f0d824","real_world_relation":"REFERENCE_ONLY","shape_Length":115.24476904291107,"source_datadesc":"2016 January MAFTIGER","source_datasetid":"{9298FF95-0FA8-4712-9AA5-9292C907CA63}","source_featureid":"110803586667","source_id":"REF-FAIRMONT-SECONDARY-ROADS","source_originator":"U.S. Department of Commerce, U.S. Census Bureau, Geography Division","state_route":"73","state_route_a":"73","state_route_b":null,"state_route_c":null,"stco_fipscode":"54049","tnmfrc":2,"us_route":"250","us_route_a":"250","us_route_b":null,"us_route_c":null},"type":"Feature"},{"geometry":{"coordinates":[[-80.207352,39.501986],[-80.207457,39.502113],[-80.207588,39.502272],[-80.207845,39.502572],[-80.208004,39.502775],[-80.208258,39.503083],[-80.208442,39.503327],[-80.208572,39.503509],[-80.208728,39.503775],[-80.208839,39.504004],[-80.208901,39.504147],[-80.20894,39.504251],[-80.209043,39.504561],[-80.209113,39.504882],[-80.209132,39.505067],[-80.209147,39.505308],[-80.209181,39.505579],[-80.209234,39.506155],[-80.209299,39.506786],[-80.209328,39.507111],[-80.209362,39.507256],[-80.209408,39.507405],[-80.209473,39.507562],[-80.209537,39.507673],[-80.209665,39.507869],[-80.209826,39.508062],[-80.210006,39.508227],[-80.210159,39.508345],[-80.210339,39.508462],[-80.210561,39.508583],[-80.210831,39.508691],[-80.211085,39.50877],[-80.211346,39.508822],[-80.211653,39.508856],[-80.212082,39.508886],[-80.212559,39.508927],[-80.212988,39.508974],[-80.213335,39.509031],[-80.213762,39.509118],[-80.214186,39.509217],[-80.214513,39.50931],[-80.214944,39.509453],[-80.215011,39.50948],[-80.215315,39.509602],[-80.21571,39.509774],[-80.216458,39.51012]],"type":"LineString"},"id":"REF-FAIRMONT-SECONDARY-ROADS-68","properties":{"canon_status":"REAL_REFERENCE","county_route":null,"federal_lands_route":null,"fictionality":"REAL","globalid":"{6777F5C7-E81E-41A8-8386-7F4FEF071967}","interstate":null,"interstate_a":null,"interstate_b":null,"interstate_c":null,"loaddate":1474004328000,"mtfcc_code":"S1200","name":"US Hwy 250","objectid":7295325,"permanent_identifier":"c750b124-c700-46de-a509-80333f097432","real_world_relation":"REFERENCE_ONLY","shape_Length":1751.5436238156017,"source_datadesc":"2016 January MAFTIGER","source_datasetid":"{9298FF95-0FA8-4712-9AA5-9292C907CA63}","source_featureid":"110803586713","source_id":"REF-FAIRMONT-SECONDARY-ROADS","source_originator":"U.S. Department of Commerce, U.S. Census Bureau, Geography Division","state_route":null,"state_route_a":null,"state_route_b":null,"state_route_c":null,"stco_fipscode":"54049","tnmfrc":2,"us_route":"250","us_route_a":"250","us_route_b":null,"us_route_c":null},"type":"Feature"},{"geometry":{"coordinates":[[-80.219884,39.462605],[-80.219772,39.462505],[-80.219673,39.462439],[-80.219589,39.462395],[-80.219498,39.462364],[-80.219349,39.462339],[-80.219148,39.462325],[-80.218882,39.462314],[-80.218766,39.462318],[-80.218652,39.462331],[-80.218548,39.462357],[-80.218404,39.462409]],"type":"LineString"},"id":"REF-FAIRMONT-SECONDARY-ROADS-69","properties":{"canon_status":"REAL_REFERENCE","county_route":null,"federal_lands_route":null,"fictionality":"REAL","globalid":"{7ACEEADB-7AC4-4EAD-9C61-60E9AA5582B1}","interstate":null,"interstate_a":null,"interstate_b":null,"interstate_c":null,"loaddate":1474004881000,"mtfcc_code":"S1200","name":"Camden Ave","objectid":7550529,"permanent_identifier":"1b5bd69c-9a77-4dda-91c4-1a924fd34b58","real_world_relation":"REFERENCE_ONLY","shape_Length":180.7082013969242,"source_datadesc":"2016 January MAFTIGER","source_datasetid":"{9298FF95-0FA8-4712-9AA5-9292C907CA63}","source_featureid":"110803606737","source_id":"REF-FAIRMONT-SECONDARY-ROADS","source_originator":"U.S. Department of Commerce, U.S. Census Bureau, Geography Division","state_route":null,"state_route_a":null,"state_route_b":null,"state_route_c":null,"stco_fipscode":"54049","tnmfrc":2,"us_route":"19","us_route_a":"19","us_route_b":null,"us_route_c":null},"type":"Feature"},{"geometry":{"coordinates":[[-80.165696,39.399186],[-80.165193,39.400586]],"type":"LineString"},"id":"REF-FAIRMONT-SECONDARY-ROADS-70","properties":{"canon_status":"REAL_REFERENCE","county_route":null,"federal_lands_route":null,"fictionality":"REAL","globalid":"{8A0D81E9-FAB0-451F-89BC-F34A78B9DFC9}","interstate":null,"interstate_a":null,"interstate_b":null,"interstate_c":null,"loaddate":1474004328000,"mtfcc_code":"S1200","name":"US Hwy 250","objectid":7678634,"permanent_identifier":"ae3c21ca-43eb-4189-960b-a3e142782ce7","real_world_relation":"REFERENCE_ONLY","shape_Length":209.31136198602178,"source_datadesc":"2016 January MAFTIGER","source_datasetid":"{9298FF95-0FA8-4712-9AA5-9292C907CA63}","source_featureid":"110803586718","source_id":"REF-FAIRMONT-SECONDARY-ROADS","source_originator":"U.S. Department of Commerce, U.S. Census Bureau, Geography Division","state_route":null,"state_route_a":null,"state_route_b":null,"state_route_c":null,"stco_fipscode":"54049","tnmfrc":2,"us_route":"250","us_route_a":"250","us_route_b":null,"us_route_c":null},"type":"Feature"},{"geometry":{"coordinates":[[-80.171721,39.413921],[-80.171938,39.414021],[-80.17227,39.414192],[-80.172371,39.414264]],"type":"LineString"},"id":"REF-FAIRMONT-SECONDARY-ROADS-71","properties":{"canon_status":"REAL_REFERENCE","county_route":null,"federal_lands_route":null,"fictionality":"REAL","globalid":"{E0B9FA68-C49C-4A64-A60A-1DF15B76AEE4}","interstate":null,"interstate_a":null,"interstate_b":null,"interstate_c":null,"loaddate":1474004328000,"mtfcc_code":"S1200","name":"US Hwy 250","objectid":7805868,"permanent_identifier":"a3bdbf67-fd36-4c16-ac9b-0d8173a4cfb0","real_world_relation":"REFERENCE_ONLY","shape_Length":87.84395188404619,"source_datadesc":"2016 January MAFTIGER","source_datasetid":"{9298FF95-0FA8-4712-9AA5-9292C907CA63}","source_featureid":"110803586718","source_id":"REF-FAIRMONT-SECONDARY-ROADS","source_originator":"U.S. Department of Commerce, U.S. Census Bureau, Geography Division","state_route":null,"state_route_a":null,"state_route_b":null,"state_route_c":null,"stco_fipscode":"54049","tnmfrc":2,"us_route":"250","us_route_a":"250","us_route_b":null,"us_route_c":null},"type":"Feature"},{"geometry":{"coordinates":[[-80.15853,39.481929],[-80.158694,39.481914],[-80.158886,39.481915]],"type":"LineString"},"id":"REF-FAIRMONT-SECONDARY-ROADS-72","properties":{"canon_status":"REAL_REFERENCE","county_route":null,"federal_lands_route":null,"fictionality":"REAL","globalid":"{5E4D29E8-7DB5-4D45-B239-4A43F5317347}","interstate":null,"interstate_a":null,"interstate_b":null,"interstate_c":null,"loaddate":1568201756000,"mtfcc_code":"S1200","name":"Locust Ave","objectid":7892743,"permanent_identifier":"9769a2f7-bf22-4fb8-bb1a-c54da8e38a4e","real_world_relation":"REFERENCE_ONLY","shape_Length":39.75793444508405,"source_datadesc":"2016 January MAFTIGER","source_datasetid":"{75C4AE26-EEFC-4063-A106-98980856821E}","source_featureid":"110803606896","source_id":"REF-FAIRMONT-SECONDARY-ROADS","source_originator":"U.S. Department of Commerce, U.S. Census Bureau, Geography Division","state_route":null,"state_route_a":null,"state_route_b":null,"state_route_c":null,"stco_fipscode":"54049","tnmfrc":2,"us_route":"19","us_route_a":"19","us_route_b":null,"us_route_c":null},"type":"Feature"},{"geometry":{"coordinates":[[-80.148411,39.483803],[-80.148443,39.483792],[-80.148541,39.483796],[-80.149292,39.483897]],"type":"LineString"},"id":"REF-FAIRMONT-SECONDARY-ROADS-73","properties":{"canon_status":"REAL_REFERENCE","county_route":null,"federal_lands_route":null,"fictionality":"REAL","globalid":"{8B88AAC5-D1F5-40DD-A3D6-85628E42303A}","interstate":null,"interstate_a":null,"interstate_b":null,"interstate_c":null,"loaddate":1568201756000,"mtfcc_code":"S1200","name":"Locust Ave","objectid":8275316,"permanent_identifier":"d874251e-c111-4ea7-8a82-7ec02e22ef8d","real_world_relation":"REFERENCE_ONLY","shape_Length":99.68480618063857,"source_datadesc":"2016 January MAFTIGER","source_datasetid":"{75C4AE26-EEFC-4063-A106-98980856821E}","source_featureid":"110803606896","source_id":"REF-FAIRMONT-SECONDARY-ROADS","source_originator":"U.S. Department of Commerce, U.S. Census Bureau, Geography Division","state_route":null,"state_route_a":null,"state_route_b":null,"state_route_c":null,"stco_fipscode":"54049","tnmfrc":2,"us_route":"19","us_route_a":"19","us_route_b":null,"us_route_c":null},"type":"Feature"},{"geometry":{"coordinates":[[-80.133467,39.505537],[-80.133436,39.505759],[-80.133399,39.506095]],"type":"LineString"},"id":"REF-FAIRMONT-SECONDARY-ROADS-74","properties":{"canon_status":"REAL_REFERENCE","county_route":null,"federal_lands_route":null,"fictionality":"REAL","globalid":"{8D427191-2B92-4C3E-8B59-C270E5953397}","interstate":null,"interstate_a":null,"interstate_b":null,"interstate_c":null,"loaddate":1474004494000,"mtfcc_code":"S1200","name":"Pennsylvania Ave","objectid":8316267,"permanent_identifier":"247e6698-df93-49f2-8efc-b72bc53af8a3","real_world_relation":"REFERENCE_ONLY","shape_Length":80.86742239712737,"source_datadesc":"2016 January MAFTIGER","source_datasetid":"{9298FF95-0FA8-4712-9AA5-9292C907CA63}","source_featureid":"110803608552","source_id":"REF-FAIRMONT-SECONDARY-ROADS","source_originator":"U.S. Department of Commerce, U.S. Census Bureau, Geography Division","state_route":null,"state_route_a":null,"state_route_b":null,"state_route_c":null,"stco_fipscode":"54049","tnmfrc":2,"us_route":"19","us_route_a":"19","us_route_b":null,"us_route_c":null},"type":"Feature"},{"geometry":{"coordinates":[[-80.140809,39.48677],[-80.140961,39.487048]],"type":"LineString"},"id":"REF-FAIRMONT-SECONDARY-ROADS-75","properties":{"canon_status":"REAL_REFERENCE","county_route":null,"federal_lands_route":null,"fictionality":"REAL","globalid":"{1B903B6E-8E3E-4224-8CC5-210A8BE24CE1}","interstate":null,"interstate_a":null,"interstate_b":null,"interstate_c":null,"loaddate":1474004729000,"mtfcc_code":"S1200","name":"Quincy St","objectid":8443680,"permanent_identifier":"2c92eda5-4ef8-4562-82db-99573a232b37","real_world_relation":"REFERENCE_ONLY","shape_Length":43.52236674526389,"source_datadesc":"2016 January MAFTIGER","source_datasetid":"{9298FF95-0FA8-4712-9AA5-9292C907CA63}","source_featureid":"110803606988","source_id":"REF-FAIRMONT-SECONDARY-ROADS","source_originator":"U.S. Department of Commerce, U.S. Census Bureau, Geography Division","state_route":null,"state_route_a":null,"state_route_b":null,"state_route_c":null,"stco_fipscode":"54049","tnmfrc":2,"us_route":"19","us_route_a":"19","us_route_b":null,"us_route_c":null},"type":"Feature"},{"geometry":{"coordinates":[[-80.133989,39.509003],[-80.134066,39.509227]],"type":"LineString"},"id":"REF-FAIRMONT-SECONDARY-ROADS-76","properties":{"canon_status":"REAL_REFERENCE","county_route":null,"federal_lands_route":null,"fictionality":"REAL","globalid":"{26CF278F-5978-4BE0-BAD1-AA7D8978337B}","interstate":null,"interstate_a":null,"interstate_b":null,"interstate_c":null,"loaddate":1474004328000,"mtfcc_code":"S1200","name":"US Hwy 19","objectid":8443785,"permanent_identifier":"800dc3ef-9bd0-4935-8a1d-7172c1011a82","real_world_relation":"REFERENCE_ONLY","shape_Length":33.43725432551707,"source_datadesc":"2016 January MAFTIGER","source_datasetid":"{9298FF95-0FA8-4712-9AA5-9292C907CA63}","source_featureid":"110803586626","source_id":"REF-FAIRMONT-SECONDARY-ROADS","source_originator":"U.S. Department of Commerce, U.S. Census Bureau, Geography Division","state_route":null,"state_route_a":null,"state_route_b":null,"state_route_c":null,"stco_fipscode":"54049","tnmfrc":2,"us_route":"19","us_route_a":"19","us_route_b":null,"us_route_c":null},"type":"Feature"},{"geometry":{"coordinates":[[-80.157757,39.466561],[-80.157591,39.466759]],"type":"LineString"},"id":"REF-FAIRMONT-SECONDARY-ROADS-77","properties":{"canon_status":"REAL_REFERENCE","county_route":null,"federal_lands_route":null,"fictionality":"REAL","globalid":"{15BF9F60-AA66-48AE-A49B-F1A5DC3FAE08}","interstate":null,"interstate_a":null,"interstate_b":null,"interstate_c":null,"loaddate":1474004852000,"mtfcc_code":"S1200","name":"Fairmont Ave","objectid":8699176,"permanent_identifier":"cff6566c-b49f-4267-8d5a-e6214f90705c","real_world_relation":"REFERENCE_ONLY","shape_Length":34.009446453395704,"source_datadesc":"2016 January MAFTIGER","source_datasetid":"{9298FF95-0FA8-4712-9AA5-9292C907CA63}","source_featureid":"110803607558","source_id":"REF-FAIRMONT-SECONDARY-ROADS","source_originator":"U.S. Department of Commerce, U.S. Census Bureau, Geography Division","state_route":"73","state_route_a":"73","state_route_b":null,"state_route_c":null,"stco_fipscode":"54049","tnmfrc":2,"us_route":"250","us_route_a":"250","us_route_b":null,"us_route_c":null},"type":"Feature"},{"geometry":{"coordinates":[[-80.17191,39.452211],[-80.171739,39.45229]],"type":"LineString"},"id":"REF-FAIRMONT-SECONDARY-ROADS-78","properties":{"canon_status":"REAL_REFERENCE","county_route":null,"federal_lands_route":null,"fictionality":"REAL","globalid":"{2772F980-EB1A-4366-8BF6-A4A695EF8078}","interstate":null,"interstate_a":null,"interstate_b":null,"interstate_c":null,"loaddate":1474004852000,"mtfcc_code":"S1200","name":"Fairmont Ave","objectid":8954291,"permanent_identifier":"5e810cab-6ecc-4366-90ab-5b6f6e77cefd","real_world_relation":"REFERENCE_ONLY","shape_Length":22.18265588021329,"source_datadesc":"2016 January MAFTIGER","source_datasetid":"{9298FF95-0FA8-4712-9AA5-9292C907CA63}","source_featureid":"110803607558","source_id":"REF-FAIRMONT-SECONDARY-ROADS","source_originator":"U.S. Department of Commerce, U.S. Census Bureau, Geography Division","state_route":"73","state_route_a":"73","state_route_b":null,"state_route_c":null,"stco_fipscode":"54049","tnmfrc":2,"us_route":"250","us_route_a":"250","us_route_b":null,"us_route_c":null},"type":"Feature"},{"geometry":{"coordinates":[[-80.155122,39.483011],[-80.155411,39.482894]],"type":"LineString"},"id":"REF-FAIRMONT-SECONDARY-ROADS-79","properties":{"canon_status":"REAL_REFERENCE","county_route":null,"federal_lands_route":null,"fictionality":"REAL","globalid":"{45B601D4-6DAA-4AF9-A8B9-26882F90316C}","interstate":null,"interstate_a":null,"interstate_b":null,"interstate_c":null,"loaddate":1474004488000,"mtfcc_code":"S1200","name":"Locust Ave","objectid":9081886,"permanent_identifier":"b1e4cc00-3c23-460f-85ae-9df23c906674","real_world_relation":"REFERENCE_ONLY","shape_Length":36.32847600248272,"source_datadesc":"2016 January MAFTIGER","source_datasetid":"{9298FF95-0FA8-4712-9AA5-9292C907CA63}","source_featureid":"110803606896","source_id":"REF-FAIRMONT-SECONDARY-ROADS","source_originator":"U.S. Department of Commerce, U.S. Census Bureau, Geography Division","state_route":null,"state_route_a":null,"state_route_b":null,"state_route_c":null,"stco_fipscode":"54049","tnmfrc":2,"us_route":"19","us_route_a":"19","us_route_b":null,"us_route_c":null},"type":"Feature"},{"geometry":{"coordinates":[[-80.184444,39.422552],[-80.184525,39.422599],[-80.184695,39.422707]],"type":"LineString"},"id":"REF-FAIRMONT-SECONDARY-ROADS-80","properties":{"canon_status":"REAL_REFERENCE","county_route":null,"federal_lands_route":null,"fictionality":"REAL","globalid":"{4BF29D5B-DD56-4998-A6AF-24465A76860C}","interstate":null,"interstate_a":null,"interstate_b":null,"interstate_c":null,"loaddate":1474004328000,"mtfcc_code":"S1200","name":"US Hwy 250","objectid":9209582,"permanent_identifier":"c3827621-cdf4-4f69-9b26-8b6689d79b59","real_world_relation":"REFERENCE_ONLY","shape_Length":35.779334170244034,"source_datadesc":"2016 January MAFTIGER","source_datasetid":"{9298FF95-0FA8-4712-9AA5-9292C907CA63}","source_featureid":"110803586718","source_id":"REF-FAIRMONT-SECONDARY-ROADS","source_originator":"U.S. Department of Commerce, U.S. Census Bureau, Geography Division","state_route":null,"state_route_a":null,"state_route_b":null,"state_route_c":null,"stco_fipscode":"54049","tnmfrc":2,"us_route":"250","us_route_a":"250","us_route_b":null,"us_route_c":null},"type":"Feature"},{"geometry":{"coordinates":[[-80.149205,39.479147],[-80.148806,39.479746],[-80.148521,39.480158],[-80.148461,39.480253]],"type":"LineString"},"id":"REF-FAIRMONT-SECONDARY-ROADS-81","properties":{"canon_status":"REAL_REFERENCE","county_route":null,"federal_lands_route":null,"fictionality":"REAL","globalid":"{5B9E4618-6908-47D0-AA68-38B5CDBA62C2}","interstate":null,"interstate_a":null,"interstate_b":null,"interstate_c":null,"loaddate":1474004852000,"mtfcc_code":"S1200","name":"Fairmont Ave","objectid":9209587,"permanent_identifier":"3764016b-4119-4859-937b-43ba795aeb2a","real_world_relation":"REFERENCE_ONLY","shape_Length":179.74199634566446,"source_datadesc":"2016 January MAFTIGER","source_datasetid":"{9298FF95-0FA8-4712-9AA5-9292C907CA63}","source_featureid":"110803607558","source_id":"REF-FAIRMONT-SECONDARY-ROADS","source_originator":"U.S. Department of Commerce, U.S. Census Bureau, Geography Division","state_route":"73","state_route_a":"73","state_route_b":null,"state_route_c":null,"stco_fipscode":"54049","tnmfrc":2,"us_route":"250","us_route_a":"250","us_route_b":null,"us_route_c":null},"type":"Feature"},{"geometry":{"coordinates":[[-80.183883,39.490904],[-80.184156,39.490986],[-80.184433,39.491108],[-80.184665,39.491245],[-80.184845,39.491383],[-80.185016,39.491552],[-80.185151,39.491748],[-80.185242,39.491927],[-80.185294,39.492082],[-80.185332,39.492225],[-80.185346,39.492406],[-80.185336,39.492587],[-80.185259,39.493242],[-80.185226,39.493573],[-80.18521,39.493834],[-80.185204,39.494057],[-80.185233,39.494308],[-80.185293,39.49454]],"type":"LineString"},"id":"REF-FAIRMONT-SECONDARY-ROADS-82","properties":{"canon_status":"REAL_REFERENCE","county_route":null,"federal_lands_route":null,"fictionality":"REAL","globalid":"{3002DADA-4052-42F1-9FF9-D097D69BA381}","interstate":null,"interstate_a":null,"interstate_b":null,"interstate_c":null,"loaddate":1474004328000,"mtfcc_code":"S1200","name":"US Hwy 250","objectid":9592803,"permanent_identifier":"8ef620f6-a228-4380-87dd-8c53af08ef33","real_world_relation":"REFERENCE_ONLY","shape_Length":599.1140576462999,"source_datadesc":"2016 January MAFTIGER","source_datasetid":"{9298FF95-0FA8-4712-9AA5-9292C907CA63}","source_featureid":"110803586713","source_id":"REF-FAIRMONT-SECONDARY-ROADS","source_originator":"U.S. Department of Commerce, U.S. Census Bureau, Geography Division","state_route":null,"state_route_a":null,"state_route_b":null,"state_route_c":null,"stco_fipscode":"54049","tnmfrc":2,"us_route":"250","us_route_a":"250","us_route_b":null,"us_route_c":null},"type":"Feature"},{"geometry":{"coordinates":[[-80.119202,39.540396],[-80.119111,39.540686],[-80.119015,39.541081],[-80.118999,39.541371],[-80.119065,39.542509],[-80.119074,39.542604],[-80.119077,39.542752],[-80.119066,39.542834],[-80.119018,39.543077],[-80.118961,39.543323],[-80.118941,39.543397],[-80.118905,39.543532],[-80.118857,39.543707],[-80.118818,39.543888],[-80.118808,39.543997],[-80.118817,39.54411],[-80.118861,39.544255],[-80.118931,39.544443]],"type":"LineString"},"id":"REF-FAIRMONT-SECONDARY-ROADS-83","properties":{"canon_status":"REAL_REFERENCE","county_route":null,"federal_lands_route":null,"fictionality":"REAL","globalid":"{E9852270-FFC7-4D38-8C53-BAF4A3C44056}","interstate":null,"interstate_a":null,"interstate_b":null,"interstate_c":null,"loaddate":1474004790000,"mtfcc_code":"S1200","name":"Fairmont Rd","objectid":9592809,"permanent_identifier":"b4a20a0a-d494-4e18-a482-ad106812f4cc","real_world_relation":"REFERENCE_ONLY","shape_Length":590.9619444169454,"source_datadesc":"2016 January MAFTIGER","source_datasetid":"{9298FF95-0FA8-4712-9AA5-9292C907CA63}","source_featureid":"1104469080632","source_id":"REF-FAIRMONT-SECONDARY-ROADS","source_originator":"U.S. Department of Commerce, U.S. Census Bureau, Geography Division","state_route":null,"state_route_a":null,"state_route_b":null,"state_route_c":null,"stco_fipscode":"54049","tnmfrc":2,"us_route":"19","us_route_a":"19","us_route_b":null,"us_route_c":null},"type":"Feature"},{"geometry":{"coordinates":[[-80.179921,39.420659],[-80.180237,39.420708]],"type":"LineString"},"id":"REF-FAIRMONT-SECONDARY-ROADS-84","properties":{"canon_status":"REAL_REFERENCE","county_route":null,"federal_lands_route":null,"fictionality":"REAL","globalid":"{F12C0203-AF67-44FC-A24B-3C1F9DF881AD}","interstate":null,"interstate_a":null,"interstate_b":null,"interstate_c":null,"loaddate":1474004328000,"mtfcc_code":"S1200","name":"US Hwy 250","objectid":9720567,"permanent_identifier":"725a61ce-6ed5-4133-a795-d4c9665deedd","real_world_relation":"REFERENCE_ONLY","shape_Length":35.87857319666819,"source_datadesc":"2016 January MAFTIGER","source_datasetid":"{9298FF95-0FA8-4712-9AA5-9292C907CA63}","source_featureid":"110803586718","source_id":"REF-FAIRMONT-SECONDARY-ROADS","source_originator":"U.S. Department of Commerce, U.S. Census Bureau, Geography Division","state_route":null,"state_route_a":null,"state_route_b":null,"state_route_c":null,"stco_fipscode":"54049","tnmfrc":2,"us_route":"250","us_route_a":"250","us_route_b":null,"us_route_c":null},"type":"Feature"},{"geometry":{"coordinates":[[-80.178874,39.439599],[-80.178857,39.43972],[-80.17885,39.439989],[-80.178879,39.44024],[-80.178925,39.440506],[-80.179034,39.440817],[-80.179206,39.44116],[-80.179353,39.441404],[-80.179591,39.441697],[-80.1799,39.442027],[-80.180378,39.44256]],"type":"LineString"},"id":"REF-FAIRMONT-SECONDARY-ROADS-85","properties":{"canon_status":"REAL_REFERENCE","county_route":null,"federal_lands_route":null,"fictionality":"REAL","globalid":"{00B3745C-B07C-40EA-89C0-9D9E972B8758}","interstate":null,"interstate_a":null,"interstate_b":null,"interstate_c":null,"loaddate":1474004334000,"mtfcc_code":"S1200","name":"State Rte 73","objectid":9848528,"permanent_identifier":"576545cb-5b23-45f6-a11b-05deda931a1c","real_world_relation":"REFERENCE_ONLY","shape_Length":471.6004226007201,"source_datadesc":"2016 January MAFTIGER","source_datasetid":"{9298FF95-0FA8-4712-9AA5-9292C907CA63}","source_featureid":"110803586666","source_id":"REF-FAIRMONT-SECONDARY-ROADS","source_originator":"U.S. Department of Commerce, U.S. Census Bureau, Geography Division","state_route":"73","state_route_a":"73","state_route_b":null,"state_route_c":null,"stco_fipscode":"54049","tnmfrc":2,"us_route":"250","us_route_a":"250","us_route_b":null,"us_route_c":null},"type":"Feature"},{"geometry":{"coordinates":[[-80.164867,39.401523],[-80.164832,39.401676]],"type":"LineString"},"id":"REF-FAIRMONT-SECONDARY-ROADS-86","properties":{"canon_status":"REAL_REFERENCE","county_route":null,"federal_lands_route":null,"fictionality":"REAL","globalid":"{AA064ADE-1FAC-47C8-9B3C-7DCC44E5D2B6}","interstate":null,"interstate_a":null,"interstate_b":null,"interstate_c":null,"loaddate":1474004328000,"mtfcc_code":"S1200","name":"US Hwy 250","objectid":10103239,"permanent_identifier":"a28b1e03-06c6-4536-9080-90c99c6e96f8","real_world_relation":"REFERENCE_ONLY","shape_Length":22.383308621614244,"source_datadesc":"2016 January MAFTIGER","source_datasetid":"{9298FF95-0FA8-4712-9AA5-9292C907CA63}","source_featureid":"110803586718","source_id":"REF-FAIRMONT-SECONDARY-ROADS","source_originator":"U.S. Department of Commerce, U.S. Census Bureau, Geography Division","state_route":null,"state_route_a":null,"state_route_b":null,"state_route_c":null,"stco_fipscode":"54049","tnmfrc":2,"us_route":"250","us_route_a":"250","us_route_b":null,"us_route_c":null},"type":"Feature"},{"geometry":{"coordinates":[[-80.157957,39.496146],[-80.158092,39.496222]],"type":"LineString"},"id":"REF-FAIRMONT-SECONDARY-ROADS-87","properties":{"canon_status":"REAL_REFERENCE","county_route":null,"federal_lands_route":null,"fictionality":"REAL","globalid":"{B2AAD640-EF58-42DD-B93F-427DF1B54DF7}","interstate":null,"interstate_a":null,"interstate_b":null,"interstate_c":null,"loaddate":1474004328000,"mtfcc_code":"S1200","name":"US Hwy 250","objectid":10103247,"permanent_identifier":"80fd63a4-a486-4801-91ad-ad1012e7d2f2","real_world_relation":"REFERENCE_ONLY","shape_Length":18.602347170845018,"source_datadesc":"2016 January MAFTIGER","source_datasetid":"{9298FF95-0FA8-4712-9AA5-9292C907CA63}","source_featureid":"110803586713","source_id":"REF-FAIRMONT-SECONDARY-ROADS","source_originator":"U.S. Department of Commerce, U.S. Census Bureau, Geography Division","state_route":null,"state_route_a":null,"state_route_b":null,"state_route_c":null,"stco_fipscode":"54049","tnmfrc":2,"us_route":"250","us_route_a":"250","us_route_b":null,"us_route_c":null},"type":"Feature"},{"geometry":{"coordinates":[[-80.158901,39.464901],[-80.158805,39.464998]],"type":"LineString"},"id":"REF-FAIRMONT-SECONDARY-ROADS-88","properties":{"canon_status":"REAL_REFERENCE","county_route":null,"federal_lands_route":null,"fictionality":"REAL","globalid":"{B67CC7D4-2CD0-44DE-8D86-59A040E6557B}","interstate":null,"interstate_a":null,"interstate_b":null,"interstate_c":null,"loaddate":1474004852000,"mtfcc_code":"S1200","name":"Fairmont Ave","objectid":10103258,"permanent_identifier":"3db29ac2-032d-4e74-ad01-1608b7169eef","real_world_relation":"REFERENCE_ONLY","shape_Length":17.602162683069256,"source_datadesc":"2016 January MAFTIGER","source_datasetid":"{9298FF95-0FA8-4712-9AA5-9292C907CA63}","source_featureid":"110803607558","source_id":"REF-FAIRMONT-SECONDARY-ROADS","source_originator":"U.S. Department of Commerce, U.S. Census Bureau, Geography Division","state_route":"73","state_route_a":"73","state_route_b":null,"state_route_c":null,"stco_fipscode":"54049","tnmfrc":2,"us_route":"250","us_route_a":"250","us_route_b":null,"us_route_c":null},"type":"Feature"},{"geometry":{"coordinates":[[-80.173809,39.416091],[-80.17389,39.416211]],"type":"LineString"},"id":"REF-FAIRMONT-SECONDARY-ROADS-89","properties":{"canon_status":"REAL_REFERENCE","county_route":null,"federal_lands_route":null,"fictionality":"REAL","globalid":"{14A5EFA8-AA9F-4402-93A9-1F4E74DC23B2}","interstate":null,"interstate_a":null,"interstate_b":null,"interstate_c":null,"loaddate":1474004328000,"mtfcc_code":"S1200","name":"US Hwy 250","objectid":10231337,"permanent_identifier":"444bd4a5-704c-4a7e-8f43-5de255bcbf8b","real_world_relation":"REFERENCE_ONLY","shape_Length":19.500939077486436,"source_datadesc":"2016 January MAFTIGER","source_datasetid":"{9298FF95-0FA8-4712-9AA5-9292C907CA63}","source_featureid":"110803586718","source_id":"REF-FAIRMONT-SECONDARY-ROADS","source_originator":"U.S. Department of Commerce, U.S. Census Bureau, Geography Division","state_route":null,"state_route_a":null,"state_route_b":null,"state_route_c":null,"stco_fipscode":"54049","tnmfrc":2,"us_route":"250","us_route_a":"250","us_route_b":null,"us_route_c":null},"type":"Feature"},{"geometry":{"coordinates":[[-80.219961,39.462742],[-80.219929,39.462679],[-80.219884,39.462605]],"type":"LineString"},"id":"REF-FAIRMONT-SECONDARY-ROADS-90","properties":{"canon_status":"REAL_REFERENCE","county_route":null,"federal_lands_route":null,"fictionality":"REAL","globalid":"{A833DED8-F0A8-4D12-B5D9-F7B18E713621}","interstate":null,"interstate_a":null,"interstate_b":null,"interstate_c":null,"loaddate":1474004881000,"mtfcc_code":"S1200","name":"Camden Ave","objectid":10231432,"permanent_identifier":"b60fcf87-9d9b-4f16-aea1-d49006adfc6d","real_world_relation":"REFERENCE_ONLY","shape_Length":21.544792859980493,"source_datadesc":"2016 January MAFTIGER","source_datasetid":"{9298FF95-0FA8-4712-9AA5-9292C907CA63}","source_featureid":"110803606737","source_id":"REF-FAIRMONT-SECONDARY-ROADS","source_originator":"U.S. Department of Commerce, U.S. Census Bureau, Geography Division","state_route":null,"state_route_a":null,"state_route_b":null,"state_route_c":null,"stco_fipscode":"54049","tnmfrc":2,"us_route":"19","us_route_a":"19","us_route_b":null,"us_route_c":null},"type":"Feature"},{"geometry":{"coordinates":[[-80.154662,39.4832],[-80.155122,39.483011]],"type":"LineString"},"id":"REF-FAIRMONT-SECONDARY-ROADS-91","properties":{"canon_status":"REAL_REFERENCE","county_route":null,"federal_lands_route":null,"fictionality":"REAL","globalid":"{71D753EA-0962-439B-9F75-157278B765BA}","interstate":null,"interstate_a":null,"interstate_b":null,"interstate_c":null,"loaddate":1474004488000,"mtfcc_code":"S1200","name":"Locust Ave","objectid":10358941,"permanent_identifier":"c3db036c-f657-4bf1-9e45-fcaea05c41cf","real_world_relation":"REFERENCE_ONLY","shape_Length":58.010758425888575,"source_datadesc":"2016 January MAFTIGER","source_datasetid":"{9298FF95-0FA8-4712-9AA5-9292C907CA63}","source_featureid":"110803606896","source_id":"REF-FAIRMONT-SECONDARY-ROADS","source_originator":"U.S. Department of Commerce, U.S. Census Bureau, Geography Division","state_route":null,"state_route_a":null,"state_route_b":null,"state_route_c":null,"stco_fipscode":"54049","tnmfrc":2,"us_route":"19","us_route_a":"19","us_route_b":null,"us_route_c":null},"type":"Feature"},{"geometry":{"coordinates":[[-80.130844,39.524481],[-80.130552,39.524697],[-80.13026,39.524901],[-80.129712,39.525321],[-80.1294,39.525569],[-80.129169,39.525762],[-80.128997,39.525891],[-80.128367,39.526336],[-80.128032,39.526559],[-80.12748,39.526936],[-80.127342,39.527035]],"type":"LineString"},"id":"REF-FAIRMONT-SECONDARY-ROADS-92","properties":{"canon_status":"REAL_REFERENCE","county_route":null,"federal_lands_route":null,"fictionality":"REAL","globalid":"{D922345E-ED90-4006-A247-CF788A931413}","interstate":null,"interstate_a":null,"interstate_b":null,"interstate_c":null,"loaddate":1474004328000,"mtfcc_code":"S1200","name":"US Hwy 19","objectid":10486644,"permanent_identifier":"db017e1b-1c17-44b2-8fa7-5da7e5ad644e","real_world_relation":"REFERENCE_ONLY","shape_Length":536.7854537419954,"source_datadesc":"2016 January MAFTIGER","source_datasetid":"{9298FF95-0FA8-4712-9AA5-9292C907CA63}","source_featureid":"110803586626","source_id":"REF-FAIRMONT-SECONDARY-ROADS","source_originator":"U.S. Department of Commerce, U.S. Census Bureau, Geography Division","state_route":null,"state_route_a":null,"state_route_b":null,"state_route_c":null,"stco_fipscode":"54049","tnmfrc":2,"us_route":"19","us_route_a":"19","us_route_b":null,"us_route_c":null},"type":"Feature"},{"geometry":{"coordinates":[[-80.168005,39.475598],[-80.168042,39.475454],[-80.16811,39.475281],[-80.168301,39.474864],[-80.168402,39.474662],[-80.168478,39.474511],[-80.168605,39.474279],[-80.16872,39.474157],[-80.168861,39.47405]],"type":"LineString"},"id":"REF-FAIRMONT-SECONDARY-ROADS-93","properties":{"canon_status":"REAL_REFERENCE","county_route":null,"federal_lands_route":null,"fictionality":"REAL","globalid":"{89CAB57C-5AF2-4292-9E86-E338B6A7047D}","interstate":null,"interstate_a":null,"interstate_b":null,"interstate_c":null,"loaddate":1474004488000,"mtfcc_code":"S1200","name":"Locust Ave","objectid":10742141,"permanent_identifier":"e8e42511-97a8-4712-b5d5-4822493c3385","real_world_relation":"REFERENCE_ONLY","shape_Length":245.70818436210635,"source_datadesc":"2016 January MAFTIGER","source_datasetid":"{9298FF95-0FA8-4712-9AA5-9292C907CA63}","source_featureid":"110803606896","source_id":"REF-FAIRMONT-SECONDARY-ROADS","source_originator":"U.S. Department of Commerce, U.S. Census Bureau, Geography Division","state_route":null,"state_route_a":null,"state_route_b":null,"state_route_c":null,"stco_fipscode":"54049","tnmfrc":2,"us_route":"19","us_route_a":"19","us_route_b":null,"us_route_c":null},"type":"Feature"},{"geometry":{"coordinates":[[-80.133451,39.508001],[-80.13358,39.508238],[-80.133729,39.50848],[-80.133814,39.508633]],"type":"LineString"},"id":"REF-FAIRMONT-SECONDARY-ROADS-94","properties":{"canon_status":"REAL_REFERENCE","county_route":null,"federal_lands_route":null,"fictionality":"REAL","globalid":"{75ECB38B-3217-45D5-B614-D59837A6F96B}","interstate":null,"interstate_a":null,"interstate_b":null,"interstate_c":null,"loaddate":1474004328000,"mtfcc_code":"S1200","name":"US Hwy 19","objectid":11252586,"permanent_identifier":"ffd09fd4-67eb-4004-a242-95de566770e6","real_world_relation":"REFERENCE_ONLY","shape_Length":99.7620001930735,"source_datadesc":"2016 January MAFTIGER","source_datasetid":"{9298FF95-0FA8-4712-9AA5-9292C907CA63}","source_featureid":"110803586626","source_id":"REF-FAIRMONT-SECONDARY-ROADS","source_originator":"U.S. Department of Commerce, U.S. Census Bureau, Geography Division","state_route":null,"state_route_a":null,"state_route_b":null,"state_route_c":null,"stco_fipscode":"54049","tnmfrc":2,"us_route":"19","us_route_a":"19","us_route_b":null,"us_route_c":null},"type":"Feature"},{"geometry":{"coordinates":[[-80.18724,39.432422],[-80.187184,39.432566],[-80.187118,39.432733],[-80.187024,39.432912],[-80.186937,39.433044],[-80.186851,39.433173],[-80.186789,39.433267]],"type":"LineString"},"id":"REF-FAIRMONT-SECONDARY-ROADS-95","properties":{"canon_status":"REAL_REFERENCE","county_route":null,"federal_lands_route":null,"fictionality":"REAL","globalid":"{92124794-20FB-43A8-98E0-0BE4C0F4A8F7}","interstate":null,"interstate_a":null,"interstate_b":null,"interstate_c":null,"loaddate":1474004334000,"mtfcc_code":"S1200","name":"State Rte 73","objectid":11252592,"permanent_identifier":"7814586f-a86a-44e7-b0eb-99553085d31f","real_world_relation":"REFERENCE_ONLY","shape_Length":132.14126850361697,"source_datadesc":"2016 January MAFTIGER","source_datasetid":"{9298FF95-0FA8-4712-9AA5-9292C907CA63}","source_featureid":"110803586667","source_id":"REF-FAIRMONT-SECONDARY-ROADS","source_originator":"U.S. Department of Commerce, U.S. Census Bureau, Geography Division","state_route":"73","state_route_a":"73","state_route_b":null,"state_route_c":null,"stco_fipscode":"54049","tnmfrc":2,"us_route":"250","us_route_a":"250","us_route_b":null,"us_route_c":null},"type":"Feature"},{"geometry":{"coordinates":[[-80.13566,39.517119],[-80.135634,39.517308],[-80.13563,39.517339],[-80.135621,39.517624],[-80.135616,39.51779],[-80.135579,39.517945],[-80.135506,39.518118],[-80.135398,39.518321],[-80.135311,39.518507],[-80.135209,39.518703],[-80.135132,39.518871],[-80.135116,39.518923],[-80.13507,39.519069],[-80.135003,39.519311],[-80.134901,39.519709],[-80.134469,39.520821],[-80.134305,39.521192],[-80.1342,39.521405],[-80.134012,39.5217],[-80.133753,39.522053],[-80.133495,39.522374],[-80.13346,39.522411],[-80.133415,39.52246]],"type":"LineString"},"id":"REF-FAIRMONT-SECONDARY-ROADS-96","properties":{"canon_status":"REAL_REFERENCE","county_route":null,"federal_lands_route":null,"fictionality":"REAL","globalid":"{E6871310-37AB-465D-A5AE-A63F455FD4FF}","interstate":null,"interstate_a":null,"interstate_b":null,"interstate_c":null,"loaddate":1474004328000,"mtfcc_code":"S1200","name":"US Hwy 19","objectid":11380521,"permanent_identifier":"4e8357a1-daa7-4bfc-8d49-1ef91238cb11","real_world_relation":"REFERENCE_ONLY","shape_Length":818.7865890259167,"source_datadesc":"2016 January MAFTIGER","source_datasetid":"{9298FF95-0FA8-4712-9AA5-9292C907CA63}","source_featureid":"110803586626","source_id":"REF-FAIRMONT-SECONDARY-ROADS","source_originator":"U.S. Department of Commerce, U.S. Census Bureau, Geography Division","state_route":null,"state_route_a":null,"state_route_b":null,"state_route_c":null,"stco_fipscode":"54049","tnmfrc":2,"us_route":"19","us_route_a":"19","us_route_b":null,"us_route_c":null},"type":"Feature"},{"geometry":{"coordinates":[[-80.155304,39.469695],[-80.15505,39.470014]],"type":"LineString"},"id":"REF-FAIRMONT-SECONDARY-ROADS-97","properties":{"canon_status":"REAL_REFERENCE","county_route":null,"federal_lands_route":null,"fictionality":"REAL","globalid":"{587366CF-99A9-44AD-AD4B-9C213A0F143E}","interstate":null,"interstate_a":null,"interstate_b":null,"interstate_c":null,"loaddate":1474004852000,"mtfcc_code":"S1200","name":"Fairmont Ave","objectid":11380524,"permanent_identifier":"b77f95f8-c911-45de-9d82-4495c00a103b","real_world_relation":"REFERENCE_ONLY","shape_Length":53.99613394390544,"source_datadesc":"2016 January MAFTIGER","source_datasetid":"{9298FF95-0FA8-4712-9AA5-9292C907CA63}","source_featureid":"110803607558","source_id":"REF-FAIRMONT-SECONDARY-ROADS","source_originator":"U.S. Department of Commerce, U.S. Census Bureau, Geography Division","state_route":"73","state_route_a":"73","state_route_b":null,"state_route_c":null,"stco_fipscode":"54049","tnmfrc":2,"us_route":"250","us_route_a":"250","us_route_b":null,"us_route_c":null},"type":"Feature"},{"geometry":{"coordinates":[[-80.134232,39.509762],[-80.134272,39.509894],[-80.134334,39.510127]],"type":"LineString"},"id":"REF-FAIRMONT-SECONDARY-ROADS-98","properties":{"canon_status":"REAL_REFERENCE","county_route":null,"federal_lands_route":null,"fictionality":"REAL","globalid":"{A9BB92BA-1316-4BCC-9E1C-15E757625DAE}","interstate":null,"interstate_a":null,"interstate_b":null,"interstate_c":null,"loaddate":1474004328000,"mtfcc_code":"S1200","name":"US Hwy 19","objectid":11508388,"permanent_identifier":"9b6dffe2-4ea9-4c76-bd83-a184209dab46","real_world_relation":"REFERENCE_ONLY","shape_Length":53.87953414820319,"source_datadesc":"2016 January MAFTIGER","source_datasetid":"{9298FF95-0FA8-4712-9AA5-9292C907CA63}","source_featureid":"110803586626","source_id":"REF-FAIRMONT-SECONDARY-ROADS","source_originator":"U.S. Department of Commerce, U.S. Census Bureau, Geography Division","state_route":null,"state_route_a":null,"state_route_b":null,"state_route_c":null,"stco_fipscode":"54049","tnmfrc":2,"us_route":"19","us_route_a":"19","us_route_b":null,"us_route_c":null},"type":"Feature"},{"geometry":{"coordinates":[[-80.180378,39.44256],[-80.181163,39.443399],[-80.181338,39.44359],[-80.181434,39.443694]],"type":"LineString"},"id":"REF-FAIRMONT-SECONDARY-ROADS-99","properties":{"canon_status":"REAL_REFERENCE","county_route":null,"federal_lands_route":null,"fictionality":"REAL","globalid":"{5C53E9C2-BB9C-420E-B651-6A4F6F2484C8}","interstate":null,"interstate_a":null,"interstate_b":null,"interstate_c":null,"loaddate":1474004334000,"mtfcc_code":"S1200","name":"State Rte 73","objectid":11891685,"permanent_identifier":"acaf38c8-7b0e-4b68-9afd-f7727c4d026d","real_world_relation":"REFERENCE_ONLY","shape_Length":201.3455424869724,"source_datadesc":"2016 January MAFTIGER","source_datasetid":"{9298FF95-0FA8-4712-9AA5-9292C907CA63}","source_featureid":"110803586666","source_id":"REF-FAIRMONT-SECONDARY-ROADS","source_originator":"U.S. Department of Commerce, U.S. Census Bureau, Geography Division","state_route":"73","state_route_a":"73","state_route_b":null,"state_route_c":null,"stco_fipscode":"54049","tnmfrc":2,"us_route":"250","us_route_a":"250","us_route_b":null,"us_route_c":null},"type":"Feature"},{"geometry":{"coordinates":[[-80.177619,39.471637],[-80.179082,39.472005]],"type":"LineString"},"id":"REF-FAIRMONT-SECONDARY-ROADS-100","properties":{"canon_status":"REAL_REFERENCE","county_route":null,"federal_lands_route":null,"fictionality":"REAL","globalid":"{14833101-3DC8-4A4C-B5B0-B6FAB5FB7AB5}","interstate":null,"interstate_a":null,"interstate_b":null,"interstate_c":null,"loaddate":1474004488000,"mtfcc_code":"S1200","name":"Locust Ave","objectid":12147185,"permanent_identifier":"44ade369-96ba-4461-aec6-ecfa24d9cdb9","real_world_relation":"REFERENCE_ONLY","shape_Length":171.2886690716724,"source_datadesc":"2016 January MAFTIGER","source_datasetid":"{9298FF95-0FA8-4712-9AA5-9292C907CA63}","source_featureid":"110803606896","source_id":"REF-FAIRMONT-SECONDARY-ROADS","source_originator":"U.S. Department of Commerce, U.S. Census Bureau, Geography Division","state_route":null,"state_route_a":null,"state_route_b":null,"state_route_c":null,"stco_fipscode":"54049","tnmfrc":2,"us_route":"19","us_route_a":"19","us_route_b":null,"us_route_c":null},"type":"Feature"},{"geometry":{"coordinates":[[-80.117471,39.531574],[-80.117842,39.531925]],"type":"LineString"},"id":"REF-FAIRMONT-SECONDARY-ROADS-101","properties":{"canon_status":"REAL_REFERENCE","county_route":null,"federal_lands_route":null,"fictionality":"REAL","globalid":"{F0C17420-5684-483E-BD6B-12FA3FF22AB5}","interstate":null,"interstate_a":null,"interstate_b":null,"interstate_c":null,"loaddate":1474004631000,"mtfcc_code":"S1200","name":"1st St","objectid":12275032,"permanent_identifier":"5891d1c1-a7e3-431a-806c-0593f6a19685","real_world_relation":"REFERENCE_ONLY","shape_Length":65.36178917913092,"source_datadesc":"2016 January MAFTIGER","source_datasetid":"{9298FF95-0FA8-4712-9AA5-9292C907CA63}","source_featureid":"110803586684","source_id":"REF-FAIRMONT-SECONDARY-ROADS","source_originator":"U.S. Department of Commerce, U.S. Census Bureau, Geography Division","state_route":null,"state_route_a":null,"state_route_b":null,"state_route_c":null,"stco_fipscode":"54049","tnmfrc":2,"us_route":"19","us_route_a":"19","us_route_b":null,"us_route_c":null},"type":"Feature"},{"geometry":{"coordinates":[[-80.161006,39.46257],[-80.160775,39.462823],[-80.160652,39.462971],[-80.160558,39.463085],[-80.160135,39.463578]],"type":"LineString"},"id":"REF-FAIRMONT-SECONDARY-ROADS-102","properties":{"canon_status":"REAL_REFERENCE","county_route":null,"federal_lands_route":null,"fictionality":"REAL","globalid":"{BBA89505-39C9-456E-A0A6-69F4B804F159}","interstate":null,"interstate_a":null,"interstate_b":null,"interstate_c":null,"loaddate":1474004852000,"mtfcc_code":"S1200","name":"Fairmont Ave","objectid":12402839,"permanent_identifier":"b290ec3d-97f7-4e48-9f0f-23ff702f50d9","real_world_relation":"REFERENCE_ONLY","shape_Length":174.74006745667424,"source_datadesc":"2016 January MAFTIGER","source_datasetid":"{9298FF95-0FA8-4712-9AA5-9292C907CA63}","source_featureid":"110803607558","source_id":"REF-FAIRMONT-SECONDARY-ROADS","source_originator":"U.S. Department of Commerce, U.S. Census Bureau, Geography Division","state_route":"73","state_route_a":"73","state_route_b":null,"state_route_c":null,"stco_fipscode":"54049","tnmfrc":2,"us_route":"250","us_route_a":"250","us_route_b":null,"us_route_c":null},"type":"Feature"},{"geometry":{"coordinates":[[-80.136157,39.499347],[-80.136054,39.499604],[-80.136023,39.499724]],"type":"LineString"},"id":"REF-FAIRMONT-SECONDARY-ROADS-103","properties":{"canon_status":"REAL_REFERENCE","county_route":null,"federal_lands_route":null,"fictionality":"REAL","globalid":"{BACE29B4-8D92-49B0-AE16-B13AFF87A7A5}","interstate":null,"interstate_a":null,"interstate_b":null,"interstate_c":null,"loaddate":1474004494000,"mtfcc_code":"S1200","name":"Pennsylvania Ave","objectid":12402854,"permanent_identifier":"09796a75-d0a6-4dfb-92f1-fa305643f43e","real_world_relation":"REFERENCE_ONLY","shape_Length":56.46105181718961,"source_datadesc":"2016 January MAFTIGER","source_datasetid":"{9298FF95-0FA8-4712-9AA5-9292C907CA63}","source_featureid":"110803608552","source_id":"REF-FAIRMONT-SECONDARY-ROADS","source_originator":"U.S. Department of Commerce, U.S. Census Bureau, Geography Division","state_route":null,"state_route_a":null,"state_route_b":null,"state_route_c":null,"stco_fipscode":"54049","tnmfrc":2,"us_route":"19","us_route_a":"19","us_route_b":null,"us_route_c":null},"type":"Feature"},{"geometry":{"coordinates":[[-80.159952,39.481948],[-80.161149,39.481991],[-80.161255,39.481991],[-80.161587,39.481974],[-80.161975,39.481928],[-80.162285,39.481879],[-80.162458,39.481839],[-80.162798,39.481665],[-80.162961,39.481559]],"type":"LineString"},"id":"REF-FAIRMONT-SECONDARY-ROADS-104","properties":{"canon_status":"REAL_REFERENCE","county_route":null,"federal_lands_route":null,"fictionality":"REAL","globalid":"{A1E846D9-653A-49B1-93EE-6DAE79614604}","interstate":null,"interstate_a":null,"interstate_b":null,"interstate_c":null,"loaddate":1474004488000,"mtfcc_code":"S1200","name":"Locust Ave","objectid":12914025,"permanent_identifier":"6ca4e50e-4119-445d-ad4e-f48f148da164","real_world_relation":"REFERENCE_ONLY","shape_Length":350.40034822163625,"source_datadesc":"2016 January MAFTIGER","source_datasetid":"{9298FF95-0FA8-4712-9AA5-9292C907CA63}","source_featureid":"110803606896","source_id":"REF-FAIRMONT-SECONDARY-ROADS","source_originator":"U.S. Department of Commerce, U.S. Census Bureau, Geography Division","state_route":null,"state_route_a":null,"state_route_b":null,"state_route_c":null,"stco_fipscode":"54049","tnmfrc":2,"us_route":"19","us_route_a":"19","us_route_b":null,"us_route_c":null},"type":"Feature"},{"geometry":{"coordinates":[[-80.185184,39.434703],[-80.184599,39.435148]],"type":"LineString"},"id":"REF-FAIRMONT-SECONDARY-ROADS-105","properties":{"canon_status":"REAL_REFERENCE","county_route":null,"federal_lands_route":null,"fictionality":"REAL","globalid":"{AF893447-DAA4-4843-961A-01354B8ACD8B}","interstate":null,"interstate_a":null,"interstate_b":null,"interstate_c":null,"loaddate":1474004334000,"mtfcc_code":"S1200","name":"State Rte 73","objectid":13169112,"permanent_identifier":"87e74177-f26f-49d3-83df-c86531cfcaf0","real_world_relation":"REFERENCE_ONLY","shape_Length":91.40362065821977,"source_datadesc":"2016 January MAFTIGER","source_datasetid":"{9298FF95-0FA8-4712-9AA5-9292C907CA63}","source_featureid":"110803586668","source_id":"REF-FAIRMONT-SECONDARY-ROADS","source_originator":"U.S. Department of Commerce, U.S. Census Bureau, Geography Division","state_route":"73","state_route_a":"73","state_route_b":null,"state_route_c":null,"stco_fipscode":"54049","tnmfrc":2,"us_route":"250","us_route_a":"250","us_route_b":null,"us_route_c":null},"type":"Feature"},{"geometry":{"coordinates":[[-80.212228,39.477202],[-80.211918,39.477289],[-80.211671,39.477367]],"type":"LineString"},"id":"REF-FAIRMONT-SECONDARY-ROADS-106","properties":{"canon_status":"REAL_REFERENCE","county_route":null,"federal_lands_route":null,"fictionality":"REAL","globalid":"{3AD6FEBE-13DB-4DB5-BED2-C394D4B9B796}","interstate":null,"interstate_a":null,"interstate_b":null,"interstate_c":null,"loaddate":1474004328000,"mtfcc_code":"S1200","name":"US Hwy 19","objectid":13297268,"permanent_identifier":"157c31d5-ee5e-42e4-b392-eac7c2c40e03","real_world_relation":"REFERENCE_ONLY","shape_Length":66.42733352923884,"source_datadesc":"2016 January MAFTIGER","source_datasetid":"{9298FF95-0FA8-4712-9AA5-9292C907CA63}","source_featureid":"110803586626","source_id":"REF-FAIRMONT-SECONDARY-ROADS","source_originator":"U.S. Department of Commerce, U.S. Census Bureau, Geography Division","state_route":null,"state_route_a":null,"state_route_b":null,"state_route_c":null,"stco_fipscode":"54049","tnmfrc":2,"us_route":"19","us_route_a":"19","us_route_b":null,"us_route_c":null},"type":"Feature"},{"geometry":{"coordinates":[[-80.136822,39.498693],[-80.136671,39.498771],[-80.13655,39.498841],[-80.136462,39.498914]],"type":"LineString"},"id":"REF-FAIRMONT-SECONDARY-ROADS-107","properties":{"canon_status":"REAL_REFERENCE","county_route":null,"federal_lands_route":null,"fictionality":"REAL","globalid":"{8B33876E-4ED9-4DBA-A950-4B51DD9D5BBD}","interstate":null,"interstate_a":null,"interstate_b":null,"interstate_c":null,"loaddate":1474004667000,"mtfcc_code":"S1200","name":"Pennsylvania Ave","objectid":13551598,"permanent_identifier":"4692f5c1-e394-408f-8a77-e83226d08676","real_world_relation":"REFERENCE_ONLY","shape_Length":51.44586007274858,"source_datadesc":"2016 January MAFTIGER","source_datasetid":"{9298FF95-0FA8-4712-9AA5-9292C907CA63}","source_featureid":"110803608551","source_id":"REF-FAIRMONT-SECONDARY-ROADS","source_originator":"U.S. Department of Commerce, U.S. Census Bureau, Geography Division","state_route":null,"state_route_a":null,"state_route_b":null,"state_route_c":null,"stco_fipscode":"54049","tnmfrc":2,"us_route":"19","us_route_a":"19","us_route_b":null,"us_route_c":null},"type":"Feature"},{"geometry":{"coordinates":[[-80.150793,39.476719],[-80.150462,39.477189],[-80.150377,39.47732],[-80.150224,39.477605],[-80.150087,39.477815]],"type":"LineString"},"id":"REF-FAIRMONT-SECONDARY-ROADS-108","properties":{"canon_status":"REAL_REFERENCE","county_route":null,"federal_lands_route":null,"fictionality":"REAL","globalid":"{359E77BA-49CF-4EAE-A7D4-A87E808B8840}","interstate":null,"interstate_a":null,"interstate_b":null,"interstate_c":null,"loaddate":1474004852000,"mtfcc_code":"S1200","name":"Fairmont Ave","objectid":13807063,"permanent_identifier":"7379b64c-5fe3-4907-976c-8ac7f1b257eb","real_world_relation":"REFERENCE_ONLY","shape_Length":176.6811811141495,"source_datadesc":"2016 January MAFTIGER","source_datasetid":"{9298FF95-0FA8-4712-9AA5-9292C907CA63}","source_featureid":"110803607558","source_id":"REF-FAIRMONT-SECONDARY-ROADS","source_originator":"U.S. Department of Commerce, U.S. Census Bureau, Geography Division","state_route":"73","state_route_a":"73","state_route_b":null,"state_route_c":null,"stco_fipscode":"54049","tnmfrc":2,"us_route":"250","us_route_a":"250","us_route_b":null,"us_route_c":null},"type":"Feature"},{"geometry":{"coordinates":[[-80.146154,39.485331],[-80.146247,39.485423],[-80.14633,39.485514]],"type":"LineString"},"id":"REF-FAIRMONT-SECONDARY-ROADS-109","properties":{"canon_status":"REAL_REFERENCE","county_route":null,"federal_lands_route":null,"fictionality":"REAL","globalid":"{051D9935-D12D-446D-B582-EBC6D669E313}","interstate":null,"interstate_a":null,"interstate_b":null,"interstate_c":null,"loaddate":1474004636000,"mtfcc_code":"S1200","name":"Cleveland Ave","objectid":13807079,"permanent_identifier":"b8c8239b-9f52-492f-ba22-62342af9daf2","real_world_relation":"REFERENCE_ONLY","shape_Length":32.8818973723825,"source_datadesc":"2016 January MAFTIGER","source_datasetid":"{9298FF95-0FA8-4712-9AA5-9292C907CA63}","source_featureid":"110803607850","source_id":"REF-FAIRMONT-SECONDARY-ROADS","source_originator":"U.S. Department of Commerce, U.S. Census Bureau, Geography Division","state_route":null,"state_route_a":null,"state_route_b":null,"state_route_c":null,"stco_fipscode":"54049","tnmfrc":2,"us_route":"250","us_route_a":"250","us_route_b":null,"us_route_c":null},"type":"Feature"},{"geometry":{"coordinates":[[-80.143916,39.485579],[-80.143503,39.48573],[-80.143316,39.485808]],"type":"LineString"},"id":"REF-FAIRMONT-SECONDARY-ROADS-110","properties":{"canon_status":"REAL_REFERENCE","county_route":null,"federal_lands_route":null,"fictionality":"REAL","globalid":"{679A2B9F-993E-4ADE-93FD-D2B73B0ADF4B}","interstate":null,"interstate_a":null,"interstate_b":null,"interstate_c":null,"loaddate":1474004488000,"mtfcc_code":"S1200","name":"Jackson St","objectid":14190324,"permanent_identifier":"4c6dc80b-23c3-4b24-a15c-32f587b68aa6","real_world_relation":"REFERENCE_ONLY","shape_Length":74.53537317904213,"source_datadesc":"2016 January MAFTIGER","source_datasetid":"{9298FF95-0FA8-4712-9AA5-9292C907CA63}","source_featureid":"110803607289","source_id":"REF-FAIRMONT-SECONDARY-ROADS","source_originator":"U.S. Department of Commerce, U.S. Census Bureau, Geography Division","state_route":null,"state_route_a":null,"state_route_b":null,"state_route_c":null,"stco_fipscode":"54049","tnmfrc":2,"us_route":"19","us_route_a":"19","us_route_b":null,"us_route_c":null},"type":"Feature"},{"geometry":{"coordinates":[[-80.118931,39.544443],[-80.11903,39.54472],[-80.119239,39.545245],[-80.119294,39.545426],[-80.119308,39.545493],[-80.119324,39.545625]],"type":"LineString"},"id":"REF-FAIRMONT-SECONDARY-ROADS-111","properties":{"canon_status":"REAL_REFERENCE","county_route":null,"federal_lands_route":null,"fictionality":"REAL","globalid":"{F88D58ED-9BEC-43F6-AACF-86AF4BDD1256}","interstate":null,"interstate_a":null,"interstate_b":null,"interstate_c":null,"loaddate":1474004328000,"mtfcc_code":"S1200","name":"US Hwy 19","objectid":14318071,"permanent_identifier":"04d9ce20-cfeb-4814-8a43-90b38ce4dcba","real_world_relation":"REFERENCE_ONLY","shape_Length":176.5306011260658,"source_datadesc":"2016 January MAFTIGER","source_datasetid":"{9298FF95-0FA8-4712-9AA5-9292C907CA63}","source_featureid":"110803586626","source_id":"REF-FAIRMONT-SECONDARY-ROADS","source_originator":"U.S. Department of Commerce, U.S. Census Bureau, Geography Division","state_route":null,"state_route_a":null,"state_route_b":null,"state_route_c":null,"stco_fipscode":"54049","tnmfrc":2,"us_route":"19","us_route_a":"19","us_route_b":null,"us_route_c":null},"type":"Feature"},{"geometry":{"coordinates":[[-80.1518,39.48411],[-80.152108,39.484006]],"type":"LineString"},"id":"REF-FAIRMONT-SECONDARY-ROADS-112","properties":{"canon_status":"REAL_REFERENCE","county_route":null,"federal_lands_route":null,"fictionality":"REAL","globalid":"{1E3D0861-5354-424E-8230-4583B2FA094B}","interstate":null,"interstate_a":null,"interstate_b":null,"interstate_c":null,"loaddate":1474004488000,"mtfcc_code":"S1200","name":"Locust Ave","objectid":14318078,"permanent_identifier":"452a89c6-9946-4be1-a29a-ce1caaa6cfcf","real_world_relation":"REFERENCE_ONLY","shape_Length":37.424099522586125,"source_datadesc":"2016 January MAFTIGER","source_datasetid":"{9298FF95-0FA8-4712-9AA5-9292C907CA63}","source_featureid":"110803606896","source_id":"REF-FAIRMONT-SECONDARY-ROADS","source_originator":"U.S. Department of Commerce, U.S. Census Bureau, Geography Division","state_route":null,"state_route_a":null,"state_route_b":null,"state_route_c":null,"stco_fipscode":"54049","tnmfrc":2,"us_route":"19","us_route_a":"19","us_route_b":null,"us_route_c":null},"type":"Feature"},{"geometry":{"coordinates":[[-80.174795,39.418279],[-80.174989,39.418728],[-80.175087,39.418886],[-80.175177,39.419005],[-80.175301,39.419135],[-80.175453,39.419244],[-80.1755,39.419278],[-80.176035,39.419587],[-80.176267,39.419731],[-80.176327,39.419768],[-80.176569,39.419934],[-80.176993,39.42025],[-80.177142,39.420338],[-80.177327,39.420423],[-80.177419,39.420447]],"type":"LineString"},"id":"REF-FAIRMONT-SECONDARY-ROADS-113","properties":{"canon_status":"REAL_REFERENCE","county_route":null,"federal_lands_route":null,"fictionality":"REAL","globalid":"{086087E4-D90E-4ED9-8CF8-8D63AFA59A9B}","interstate":null,"interstate_a":null,"interstate_b":null,"interstate_c":null,"loaddate":1474004328000,"mtfcc_code":"S1200","name":"US Hwy 250","objectid":14573690,"permanent_identifier":"8c9f03d9-a297-491b-8e8e-18ec85dbc732","real_world_relation":"REFERENCE_ONLY","shape_Length":440.1366655888746,"source_datadesc":"2016 January MAFTIGER","source_datasetid":"{9298FF95-0FA8-4712-9AA5-9292C907CA63}","source_featureid":"110803586718","source_id":"REF-FAIRMONT-SECONDARY-ROADS","source_originator":"U.S. Department of Commerce, U.S. Census Bureau, Geography Division","state_route":null,"state_route_a":null,"state_route_b":null,"state_route_c":null,"stco_fipscode":"54049","tnmfrc":2,"us_route":"250","us_route_a":"250","us_route_b":null,"us_route_c":null},"type":"Feature"},{"geometry":{"coordinates":[[-80.14734,39.484493],[-80.147354,39.484467],[-80.147422,39.484284],[-80.147488,39.484166],[-80.14758,39.484088],[-80.147699,39.484023],[-80.147987,39.483928]],"type":"LineString"},"id":"REF-FAIRMONT-SECONDARY-ROADS-114","properties":{"canon_status":"REAL_REFERENCE","county_route":null,"federal_lands_route":null,"fictionality":"REAL","globalid":"{09574506-4DDD-4121-A735-93F0D923FBFD}","interstate":null,"interstate_a":null,"interstate_b":null,"interstate_c":null,"loaddate":1474004488000,"mtfcc_code":"S1200","name":"Locust Ave","objectid":14573696,"permanent_identifier":"69241b3f-713d-46be-ba44-aa28365b9793","real_world_relation":"REFERENCE_ONLY","shape_Length":116.36546354407528,"source_datadesc":"2016 January MAFTIGER","source_datasetid":"{9298FF95-0FA8-4712-9AA5-9292C907CA63}","source_featureid":"110803606896","source_id":"REF-FAIRMONT-SECONDARY-ROADS","source_originator":"U.S. Department of Commerce, U.S. Census Bureau, Geography Division","state_route":null,"state_route_a":null,"state_route_b":null,"state_route_c":null,"stco_fipscode":"54049","tnmfrc":2,"us_route":"19","us_route_a":"19","us_route_b":null,"us_route_c":null},"type":"Feature"},{"geometry":{"coordinates":[[-80.156624,39.493392],[-80.156699,39.493515],[-80.156772,39.493725],[-80.156836,39.494019],[-80.156856,39.494205],[-80.156827,39.494447],[-80.156778,39.494664]],"type":"LineString"},"id":"REF-FAIRMONT-SECONDARY-ROADS-115","properties":{"canon_status":"REAL_REFERENCE","county_route":null,"federal_lands_route":null,"fictionality":"REAL","globalid":"{94F8872E-3FA5-4440-819B-70FB2851AC90}","interstate":null,"interstate_a":null,"interstate_b":null,"interstate_c":null,"loaddate":1474004636000,"mtfcc_code":"S1200","name":"Cleveland Ave","objectid":14701351,"permanent_identifier":"99e3be6a-0c77-4f52-bbee-6c43ec3a950b","real_world_relation":"REFERENCE_ONLY","shape_Length":187.7353589651703,"source_datadesc":"2016 January MAFTIGER","source_datasetid":"{9298FF95-0FA8-4712-9AA5-9292C907CA63}","source_featureid":"110803607850","source_id":"REF-FAIRMONT-SECONDARY-ROADS","source_originator":"U.S. Department of Commerce, U.S. Census Bureau, Geography Division","state_route":null,"state_route_a":null,"state_route_b":null,"state_route_c":null,"stco_fipscode":"54049","tnmfrc":2,"us_route":"250","us_route_a":"250","us_route_b":null,"us_route_c":null},"type":"Feature"},{"geometry":{"coordinates":[[-80.141129,39.495969],[-80.14109,39.496012],[-80.140844,39.496308],[-80.140779,39.496387],[-80.140725,39.496452],[-80.14065,39.496543]],"type":"LineString"},"id":"REF-FAIRMONT-SECONDARY-ROADS-116","properties":{"canon_status":"REAL_REFERENCE","county_route":null,"federal_lands_route":null,"fictionality":"REAL","globalid":"{AEBA1725-E680-4AED-9627-E1E311D5E582}","interstate":null,"interstate_a":null,"interstate_b":null,"interstate_c":null,"loaddate":1474004667000,"mtfcc_code":"S1200","name":"Pennsylvania Ave","objectid":14701429,"permanent_identifier":"80dd5360-f374-4dcb-bcff-880d48261ae0","real_world_relation":"REFERENCE_ONLY","shape_Length":98.49398290085729,"source_datadesc":"2016 January MAFTIGER","source_datasetid":"{9298FF95-0FA8-4712-9AA5-9292C907CA63}","source_featureid":"110803608551","source_id":"REF-FAIRMONT-SECONDARY-ROADS","source_originator":"U.S. Department of Commerce, U.S. Census Bureau, Geography Division","state_route":null,"state_route_a":null,"state_route_b":null,"state_route_c":null,"stco_fipscode":"54049","tnmfrc":2,"us_route":"19","us_route_a":"19","us_route_b":null,"us_route_c":null},"type":"Feature"},{"geometry":{"coordinates":[[-80.175922,39.450255],[-80.175584,39.45037]],"type":"LineString"},"id":"REF-FAIRMONT-SECONDARY-ROADS-117","properties":{"canon_status":"REAL_REFERENCE","county_route":null,"federal_lands_route":null,"fictionality":"REAL","globalid":"{BCC94695-06A0-42B8-838B-DC0A8206BE97}","interstate":null,"interstate_a":null,"interstate_b":null,"interstate_c":null,"loaddate":1474004359000,"mtfcc_code":"S1200","name":"Fairmont Ave","objectid":14828890,"permanent_identifier":"43469fe4-01db-4cba-8ab6-70e5147c55de","real_world_relation":"REFERENCE_ONLY","shape_Length":41.11653158590237,"source_datadesc":"2016 January MAFTIGER","source_datasetid":"{9298FF95-0FA8-4712-9AA5-9292C907CA63}","source_featureid":"110803607558","source_id":"REF-FAIRMONT-SECONDARY-ROADS","source_originator":"U.S. Department of Commerce, U.S. Census Bureau, Geography Division","state_route":"73","state_route_a":"73","state_route_b":null,"state_route_c":null,"stco_fipscode":"54049","tnmfrc":2,"us_route":"250","us_route_a":"250","us_route_b":null,"us_route_c":null},"type":"Feature"},{"geometry":{"coordinates":[[-80.177556,39.420471],[-80.177796,39.420508],[-80.178908,39.420544],[-80.179526,39.420607],[-80.179921,39.420659]],"type":"LineString"},"id":"REF-FAIRMONT-SECONDARY-ROADS-118","properties":{"canon_status":"REAL_REFERENCE","county_route":null,"federal_lands_route":null,"fictionality":"REAL","globalid":"{FD6DF02F-18E1-46EA-8685-E0AD31EE82B8}","interstate":null,"interstate_a":null,"interstate_b":null,"interstate_c":null,"loaddate":1474004328000,"mtfcc_code":"S1200","name":"US Hwy 250","objectid":15212322,"permanent_identifier":"e1105846-95da-492d-992b-f0fd53e1a5e2","real_world_relation":"REFERENCE_ONLY","shape_Length":265.13649904855185,"source_datadesc":"2016 January MAFTIGER","source_datasetid":"{9298FF95-0FA8-4712-9AA5-9292C907CA63}","source_featureid":"110803586718","source_id":"REF-FAIRMONT-SECONDARY-ROADS","source_originator":"U.S. Department of Commerce, U.S. Census Bureau, Geography Division","state_route":null,"state_route_a":null,"state_route_b":null,"state_route_c":null,"stco_fipscode":"54049","tnmfrc":2,"us_route":"250","us_route_a":"250","us_route_b":null,"us_route_c":null},"type":"Feature"},{"geometry":{"coordinates":[[-80.188325,39.428809],[-80.188228,39.429137],[-80.188117,39.429533],[-80.187873,39.430301]],"type":"LineString"},"id":"REF-FAIRMONT-SECONDARY-ROADS-119","properties":{"canon_status":"REAL_REFERENCE","county_route":null,"federal_lands_route":null,"fictionality":"REAL","globalid":"{6A3252E3-2A29-4502-A48D-8B466B58A4CE}","interstate":null,"interstate_a":null,"interstate_b":null,"interstate_c":null,"loaddate":1474004334000,"mtfcc_code":"S1200","name":"State Rte 73","objectid":15340293,"permanent_identifier":"f65cb070-0720-4c70-b213-fbdc783518ac","real_world_relation":"REFERENCE_ONLY","shape_Length":220.85164715024604,"source_datadesc":"2016 January MAFTIGER","source_datasetid":"{9298FF95-0FA8-4712-9AA5-9292C907CA63}","source_featureid":"110803586668","source_id":"REF-FAIRMONT-SECONDARY-ROADS","source_originator":"U.S. Department of Commerce, U.S. Census Bureau, Geography Division","state_route":"73","state_route_a":"73","state_route_b":null,"state_route_c":null,"stco_fipscode":"54049","tnmfrc":2,"us_route":"250","us_route_a":"250","us_route_b":null,"us_route_c":null},"type":"Feature"},{"geometry":{"coordinates":[[-80.160135,39.463578],[-80.159904,39.46385],[-80.159665,39.464115],[-80.15939,39.464409],[-80.159056,39.464734],[-80.158901,39.464901]],"type":"LineString"},"id":"REF-FAIRMONT-SECONDARY-ROADS-120","properties":{"canon_status":"REAL_REFERENCE","county_route":null,"federal_lands_route":null,"fictionality":"REAL","globalid":"{2DB2B799-DCE5-4F0D-AE7B-D2A45E48221D}","interstate":null,"interstate_a":null,"interstate_b":null,"interstate_c":null,"loaddate":1474004852000,"mtfcc_code":"S1200","name":"Fairmont Ave","objectid":15340295,"permanent_identifier":"bdd595fe-0510-47c5-be1d-7d622c31600d","real_world_relation":"REFERENCE_ONLY","shape_Length":235.19418605909155,"source_datadesc":"2016 January MAFTIGER","source_datasetid":"{9298FF95-0FA8-4712-9AA5-9292C907CA63}","source_featureid":"110803607558","source_id":"REF-FAIRMONT-SECONDARY-ROADS","source_originator":"U.S. Department of Commerce, U.S. Census Bureau, Geography Division","state_route":"73","state_route_a":"73","state_route_b":null,"state_route_c":null,"stco_fipscode":"54049","tnmfrc":2,"us_route":"250","us_route_a":"250","us_route_b":null,"us_route_c":null},"type":"Feature"},{"geometry":{"coordinates":[[-80.171739,39.45229],[-80.171564,39.452391],[-80.171171,39.452598],[-80.170831,39.452771]],"type":"LineString"},"id":"REF-FAIRMONT-SECONDARY-ROADS-121","properties":{"canon_status":"REAL_REFERENCE","county_route":null,"federal_lands_route":null,"fictionality":"REAL","globalid":"{32BBFD4E-4090-4EDE-9AB1-7CFC61B6D189}","interstate":null,"interstate_a":null,"interstate_b":null,"interstate_c":null,"loaddate":1474004852000,"mtfcc_code":"S1200","name":"Fairmont Ave","objectid":15340378,"permanent_identifier":"a3590802-3d05-419c-9a30-844e97d7ab68","real_world_relation":"REFERENCE_ONLY","shape_Length":122.60663497769147,"source_datadesc":"2016 January MAFTIGER","source_datasetid":"{9298FF95-0FA8-4712-9AA5-9292C907CA63}","source_featureid":"110803607558","source_id":"REF-FAIRMONT-SECONDARY-ROADS","source_originator":"U.S. Department of Commerce, U.S. Census Bureau, Geography Division","state_route":"73","state_route_a":"73","state_route_b":null,"state_route_c":null,"stco_fipscode":"54049","tnmfrc":2,"us_route":"250","us_route_a":"250","us_route_b":null,"us_route_c":null},"type":"Feature"},{"geometry":{"coordinates":[[-80.116723,39.529731],[-80.116728,39.529951],[-80.116748,39.530269]],"type":"LineString"},"id":"REF-FAIRMONT-SECONDARY-ROADS-122","properties":{"canon_status":"REAL_REFERENCE","county_route":null,"federal_lands_route":null,"fictionality":"REAL","globalid":"{7C7228B6-87F2-4339-892B-8FC4A4E8D7F0}","interstate":null,"interstate_a":null,"interstate_b":null,"interstate_c":null,"loaddate":1474004631000,"mtfcc_code":"S1200","name":"1st St","objectid":15467896,"permanent_identifier":"3620d8fc-be0a-45e9-b02d-99c6c73fd9fe","real_world_relation":"REFERENCE_ONLY","shape_Length":77.70764661720393,"source_datadesc":"2016 January MAFTIGER","source_datasetid":"{9298FF95-0FA8-4712-9AA5-9292C907CA63}","source_featureid":"110803586684","source_id":"REF-FAIRMONT-SECONDARY-ROADS","source_originator":"U.S. Department of Commerce, U.S. Census Bureau, Geography Division","state_route":null,"state_route_a":null,"state_route_b":null,"state_route_c":null,"stco_fipscode":"54049","tnmfrc":2,"us_route":"19","us_route_a":"19","us_route_b":null,"us_route_c":null},"type":"Feature"},{"geometry":{"coordinates":[[-80.119324,39.545625],[-80.11934,39.545855]],"type":"LineString"},"id":"REF-FAIRMONT-SECONDARY-ROADS-123","properties":{"canon_status":"REAL_REFERENCE","county_route":null,"federal_lands_route":null,"fictionality":"REAL","globalid":"{9E83EC0A-8CB0-4A99-9F1D-9D85AC90DD12}","interstate":null,"interstate_a":null,"interstate_b":null,"interstate_c":null,"loaddate":1474004328000,"mtfcc_code":"S1200","name":"US Hwy 19","objectid":15595527,"permanent_identifier":"9ea79c12-ff84-461b-a6e0-98df40bd9bd7","real_world_relation":"REFERENCE_ONLY","shape_Length":33.25093693844604,"source_datadesc":"2016 January MAFTIGER","source_datasetid":"{9298FF95-0FA8-4712-9AA5-9292C907CA63}","source_featureid":"110803586626","source_id":"REF-FAIRMONT-SECONDARY-ROADS","source_originator":"U.S. Department of Commerce, U.S. Census Bureau, Geography Division","state_route":null,"state_route_a":null,"state_route_b":null,"state_route_c":null,"stco_fipscode":"54049","tnmfrc":2,"us_route":"19","us_route_a":"19","us_route_b":null,"us_route_c":null},"type":"Feature"},{"geometry":{"coordinates":[[-80.170962,39.473614],[-80.171036,39.473583]],"type":"LineString"},"id":"REF-FAIRMONT-SECONDARY-ROADS-124","properties":{"canon_status":"REAL_REFERENCE","county_route":null,"federal_lands_route":null,"fictionality":"REAL","globalid":"{60F32014-C149-42FA-9340-78F25EDC743A}","interstate":null,"interstate_a":null,"interstate_b":null,"interstate_c":null,"loaddate":1474004488000,"mtfcc_code":"S1200","name":"Locust Ave","objectid":15595540,"permanent_identifier":"ba045e41-55b2-4dda-866d-027704f11126","real_world_relation":"REFERENCE_ONLY","shape_Length":9.372529975572919,"source_datadesc":"2016 January MAFTIGER","source_datasetid":"{9298FF95-0FA8-4712-9AA5-9292C907CA63}","source_featureid":"110803606896","source_id":"REF-FAIRMONT-SECONDARY-ROADS","source_originator":"U.S. Department of Commerce, U.S. Census Bureau, Geography Division","state_route":null,"state_route_a":null,"state_route_b":null,"state_route_c":null,"stco_fipscode":"54049","tnmfrc":2,"us_route":"19","us_route_a":"19","us_route_b":null,"us_route_c":null},"type":"Feature"},{"geometry":{"coordinates":[[-80.184534,39.435198],[-80.184062,39.435547]],"type":"LineString"},"id":"REF-FAIRMONT-SECONDARY-ROADS-125","properties":{"canon_status":"REAL_REFERENCE","county_route":null,"federal_lands_route":null,"fictionality":"REAL","globalid":"{1D68D5DD-BDF5-4801-8908-591729978778}","interstate":null,"interstate_a":null,"interstate_b":null,"interstate_c":null,"loaddate":1474004334000,"mtfcc_code":"S1200","name":"State Rte 73","objectid":15723494,"permanent_identifier":"79795267-c6f9-4fc9-ab5e-0515988eb165","real_world_relation":"REFERENCE_ONLY","shape_Length":72.73972549387679,"source_datadesc":"2016 January MAFTIGER","source_datasetid":"{9298FF95-0FA8-4712-9AA5-9292C907CA63}","source_featureid":"110803586668","source_id":"REF-FAIRMONT-SECONDARY-ROADS","source_originator":"U.S. Department of Commerce, U.S. Census Bureau, Geography Division","state_route":"73","state_route_a":"73","state_route_b":null,"state_route_c":null,"stco_fipscode":"54049","tnmfrc":2,"us_route":"250","us_route_a":"250","us_route_b":null,"us_route_c":null},"type":"Feature"},{"geometry":{"coordinates":[[-80.19435,39.498084],[-80.19448,39.498077],[-80.194991,39.498045],[-80.196361,39.497998],[-80.197246,39.497954],[-80.19745,39.497958],[-80.197662,39.497971],[-80.197847,39.497997],[-80.198233,39.498081],[-80.198627,39.498183],[-80.199429,39.498395],[-80.200576,39.498708],[-80.200998,39.498813],[-80.201238,39.498876],[-80.201661,39.499]],"type":"LineString"},"id":"REF-FAIRMONT-SECONDARY-ROADS-126","properties":{"canon_status":"REAL_REFERENCE","county_route":null,"federal_lands_route":null,"fictionality":"REAL","globalid":"{DFE19308-F089-4D20-BD3B-AFB485AA1A9E}","interstate":null,"interstate_a":null,"interstate_b":null,"interstate_c":null,"loaddate":1474004328000,"mtfcc_code":"S1200","name":"US Hwy 250","objectid":15978564,"permanent_identifier":"5cf996a3-e9ba-4802-8f88-44c2e46b01bb","real_world_relation":"REFERENCE_ONLY","shape_Length":838.944583133507,"source_datadesc":"2016 January MAFTIGER","source_datasetid":"{9298FF95-0FA8-4712-9AA5-9292C907CA63}","source_featureid":"110803586713","source_id":"REF-FAIRMONT-SECONDARY-ROADS","source_originator":"U.S. Department of Commerce, U.S. Census Bureau, Geography Division","state_route":null,"state_route_a":null,"state_route_b":null,"state_route_c":null,"stco_fipscode":"54049","tnmfrc":2,"us_route":"250","us_route_a":"250","us_route_b":null,"us_route_c":null},"type":"Feature"},{"geometry":{"coordinates":[[-80.165325,39.479969],[-80.165514,39.479769],[-80.165764,39.47943],[-80.166008,39.479069],[-80.166216,39.478771],[-80.166455,39.478461]],"type":"LineString"},"id":"REF-FAIRMONT-SECONDARY-ROADS-127","properties":{"canon_status":"REAL_REFERENCE","county_route":null,"federal_lands_route":null,"fictionality":"REAL","globalid":"{0EB03982-C355-4CB4-AF50-7934C9609AC6}","interstate":null,"interstate_a":null,"interstate_b":null,"interstate_c":null,"loaddate":1474004488000,"mtfcc_code":"S1200","name":"Locust Ave","objectid":15978650,"permanent_identifier":"e0d485e7-2806-4933-b453-e2371f5e6686","real_world_relation":"REFERENCE_ONLY","shape_Length":251.5292132954713,"source_datadesc":"2016 January MAFTIGER","source_datasetid":"{9298FF95-0FA8-4712-9AA5-9292C907CA63}","source_featureid":"110803606896","source_id":"REF-FAIRMONT-SECONDARY-ROADS","source_originator":"U.S. Department of Commerce, U.S. Census Bureau, Geography Division","state_route":null,"state_route_a":null,"state_route_b":null,"state_route_c":null,"stco_fipscode":"54049","tnmfrc":2,"us_route":"19","us_route_a":"19","us_route_b":null,"us_route_c":null},"type":"Feature"},{"geometry":{"coordinates":[[-80.161661,39.461799],[-80.161406,39.462106]],"type":"LineString"},"id":"REF-FAIRMONT-SECONDARY-ROADS-128","properties":{"canon_status":"REAL_REFERENCE","county_route":null,"federal_lands_route":null,"fictionality":"REAL","globalid":"{4F41E0BB-F642-4E5D-8F88-4C237E88D06B}","interstate":null,"interstate_a":null,"interstate_b":null,"interstate_c":null,"loaddate":1474004852000,"mtfcc_code":"S1200","name":"Fairmont Ave","objectid":16106439,"permanent_identifier":"d15cc27e-453d-4289-9b37-d52feaffff79","real_world_relation":"REFERENCE_ONLY","shape_Length":52.58543403544957,"source_datadesc":"2016 January MAFTIGER","source_datasetid":"{9298FF95-0FA8-4712-9AA5-9292C907CA63}","source_featureid":"110803607558","source_id":"REF-FAIRMONT-SECONDARY-ROADS","source_originator":"U.S. Department of Commerce, U.S. Census Bureau, Geography Division","state_route":"73","state_route_a":"73","state_route_b":null,"state_route_c":null,"stco_fipscode":"54049","tnmfrc":2,"us_route":"250","us_route_a":"250","us_route_b":null,"us_route_c":null},"type":"Feature"},{"geometry":{"coordinates":[[-80.153644,39.483549],[-80.154409,39.483307]],"type":"LineString"},"id":"REF-FAIRMONT-SECONDARY-ROADS-129","properties":{"canon_status":"REAL_REFERENCE","county_route":null,"federal_lands_route":null,"fictionality":"REAL","globalid":"{D288F7FB-EF86-4B8E-831E-BC42FDF8AFEB}","interstate":null,"interstate_a":null,"interstate_b":null,"interstate_c":null,"loaddate":1474004488000,"mtfcc_code":"S1200","name":"Locust Ave","objectid":16106448,"permanent_identifier":"819ea86e-b24b-4073-b1eb-97ca418d6862","real_world_relation":"REFERENCE_ONLY","shape_Length":92.0349204707638,"source_datadesc":"2016 January MAFTIGER","source_datasetid":"{9298FF95-0FA8-4712-9AA5-9292C907CA63}","source_featureid":"110803606896","source_id":"REF-FAIRMONT-SECONDARY-ROADS","source_originator":"U.S. Department of Commerce, U.S. Census Bureau, Geography Division","state_route":null,"state_route_a":null,"state_route_b":null,"state_route_c":null,"stco_fipscode":"54049","tnmfrc":2,"us_route":"19","us_route_a":"19","us_route_b":null,"us_route_c":null},"type":"Feature"},{"geometry":{"coordinates":[[-80.156108,39.468554],[-80.155989,39.468722]],"type":"LineString"},"id":"REF-FAIRMONT-SECONDARY-ROADS-130","properties":{"canon_status":"REAL_REFERENCE","county_route":null,"federal_lands_route":null,"fictionality":"REAL","globalid":"{C04E6D35-65BB-4E6A-B2A6-0F78FBA8F951}","interstate":null,"interstate_a":null,"interstate_b":null,"interstate_c":null,"loaddate":1474004852000,"mtfcc_code":"S1200","name":"Fairmont Ave","objectid":16361712,"permanent_identifier":"e9056cf4-cd8b-4d8d-a867-69c9d50ef826","real_world_relation":"REFERENCE_ONLY","shape_Length":27.61109187687668,"source_datadesc":"2016 January MAFTIGER","source_datasetid":"{9298FF95-0FA8-4712-9AA5-9292C907CA63}","source_featureid":"110803607558","source_id":"REF-FAIRMONT-SECONDARY-ROADS","source_originator":"U.S. Department of Commerce, U.S. Census Bureau, Geography Division","state_route":"73","state_route_a":"73","state_route_b":null,"state_route_c":null,"stco_fipscode":"54049","tnmfrc":2,"us_route":"250","us_route_a":"250","us_route_b":null,"us_route_c":null},"type":"Feature"},{"geometry":{"coordinates":[[-80.187579,39.43152],[-80.187433,39.431932],[-80.187306,39.432255]],"type":"LineString"},"id":"REF-FAIRMONT-SECONDARY-ROADS-131","properties":{"canon_status":"REAL_REFERENCE","county_route":null,"federal_lands_route":null,"fictionality":"REAL","globalid":"{A89E4BB7-5204-41DC-BDAF-EE1897609152}","interstate":null,"interstate_a":null,"interstate_b":null,"interstate_c":null,"loaddate":1474004334000,"mtfcc_code":"S1200","name":"State Rte 73","objectid":16361729,"permanent_identifier":"2d6e219f-d016-4817-abf3-a0a5ba1b0ac9","real_world_relation":"REFERENCE_ONLY","shape_Length":110.21554995928241,"source_datadesc":"2016 January MAFTIGER","source_datasetid":"{9298FF95-0FA8-4712-9AA5-9292C907CA63}","source_featureid":"110803586667","source_id":"REF-FAIRMONT-SECONDARY-ROADS","source_originator":"U.S. Department of Commerce, U.S. Census Bureau, Geography Division","state_route":"73","state_route_a":"73","state_route_b":null,"state_route_c":null,"stco_fipscode":"54049","tnmfrc":2,"us_route":"250","us_route_a":"250","us_route_b":null,"us_route_c":null},"type":"Feature"},{"geometry":{"coordinates":[[-80.152108,39.484006],[-80.152267,39.483952],[-80.152502,39.48388],[-80.152966,39.483752]],"type":"LineString"},"id":"REF-FAIRMONT-SECONDARY-ROADS-132","properties":{"canon_status":"REAL_REFERENCE","county_route":null,"federal_lands_route":null,"fictionality":"REAL","globalid":"{7F452CA5-40A3-428E-A418-6AA63BCD8D1B}","interstate":null,"interstate_a":null,"interstate_b":null,"interstate_c":null,"loaddate":1474004488000,"mtfcc_code":"S1200","name":"Locust Ave","objectid":16361794,"permanent_identifier":"21060430-f3fc-44c1-a180-9cd97e2529c4","real_world_relation":"REFERENCE_ONLY","shape_Length":102.3361328707383,"source_datadesc":"2016 January MAFTIGER","source_datasetid":"{9298FF95-0FA8-4712-9AA5-9292C907CA63}","source_featureid":"110803606896","source_id":"REF-FAIRMONT-SECONDARY-ROADS","source_originator":"U.S. Department of Commerce, U.S. Census Bureau, Geography Division","state_route":null,"state_route_a":null,"state_route_b":null,"state_route_c":null,"stco_fipscode":"54049","tnmfrc":2,"us_route":"19","us_route_a":"19","us_route_b":null,"us_route_c":null},"type":"Feature"},{"geometry":{"coordinates":[[-80.11934,39.545855],[-80.11932,39.546261],[-80.119212,39.547631]],"type":"LineString"},"id":"REF-FAIRMONT-SECONDARY-ROADS-133","properties":{"canon_status":"REAL_REFERENCE","county_route":null,"federal_lands_route":null,"fictionality":"REAL","globalid":"{EDA3C742-00E8-4D6F-97C5-3C24AC2018D5}","interstate":null,"interstate_a":null,"interstate_b":null,"interstate_c":null,"loaddate":1474004328000,"mtfcc_code":"S1200","name":"US Hwy 19","objectid":16488874,"permanent_identifier":"b26f8b6b-4514-4e9a-bd3a-42bb64ff1e21","real_world_relation":"REFERENCE_ONLY","shape_Length":256.7969437570362,"source_datadesc":"2016 January MAFTIGER","source_datasetid":"{9298FF95-0FA8-4712-9AA5-9292C907CA63}","source_featureid":"110803586626","source_id":"REF-FAIRMONT-SECONDARY-ROADS","source_originator":"U.S. Department of Commerce, U.S. Census Bureau, Geography Division","state_route":null,"state_route_a":null,"state_route_b":null,"state_route_c":null,"stco_fipscode":"54049","tnmfrc":2,"us_route":"19","us_route_a":"19","us_route_b":null,"us_route_c":null},"type":"Feature"},{"geometry":{"coordinates":[[-80.156721,39.495366],[-80.156852,39.495512],[-80.156995,39.495597]],"type":"LineString"},"id":"REF-FAIRMONT-SECONDARY-ROADS-134","properties":{"canon_status":"REAL_REFERENCE","county_route":null,"federal_lands_route":null,"fictionality":"REAL","globalid":"{3C4BC4A5-39C9-4F28-A79D-151F62703727}","interstate":null,"interstate_a":null,"interstate_b":null,"interstate_c":null,"loaddate":1474004328000,"mtfcc_code":"S1200","name":"US Hwy 250","objectid":16488922,"permanent_identifier":"699a49f3-bc9e-4cb8-8009-f5e36d30dbb0","real_world_relation":"REFERENCE_ONLY","shape_Length":45.711036426682156,"source_datadesc":"2016 January MAFTIGER","source_datasetid":"{9298FF95-0FA8-4712-9AA5-9292C907CA63}","source_featureid":"110803586713","source_id":"REF-FAIRMONT-SECONDARY-ROADS","source_originator":"U.S. Department of Commerce, U.S. Census Bureau, Geography Division","state_route":null,"state_route_a":null,"state_route_b":null,"state_route_c":null,"stco_fipscode":"54049","tnmfrc":2,"us_route":"250","us_route_a":"250","us_route_b":null,"us_route_c":null},"type":"Feature"},{"geometry":{"coordinates":[[-80.166108,39.493867],[-80.166755,39.493773],[-80.166996,39.493729]],"type":"LineString"},"id":"REF-FAIRMONT-SECONDARY-ROADS-135","properties":{"canon_status":"REAL_REFERENCE","county_route":null,"federal_lands_route":null,"fictionality":"REAL","globalid":"{815844CE-094C-44D6-8963-974475AE6137}","interstate":null,"interstate_a":null,"interstate_b":null,"interstate_c":null,"loaddate":1474004328000,"mtfcc_code":"S1200","name":"US Hwy 250","objectid":16616754,"permanent_identifier":"5d52bde9-fa5d-48aa-936e-64278eb59492","real_world_relation":"REFERENCE_ONLY","shape_Length":100.85774065702813,"source_datadesc":"2016 January MAFTIGER","source_datasetid":"{9298FF95-0FA8-4712-9AA5-9292C907CA63}","source_featureid":"110803586713","source_id":"REF-FAIRMONT-SECONDARY-ROADS","source_originator":"U.S. Department of Commerce, U.S. Census Bureau, Geography Division","state_route":null,"state_route_a":null,"state_route_b":null,"state_route_c":null,"stco_fipscode":"54049","tnmfrc":2,"us_route":"250","us_route_a":"250","us_route_b":null,"us_route_c":null},"type":"Feature"},{"geometry":{"coordinates":[[-80.134334,39.510127],[-80.134446,39.510479]],"type":"LineString"},"id":"REF-FAIRMONT-SECONDARY-ROADS-136","properties":{"canon_status":"REAL_REFERENCE","county_route":null,"federal_lands_route":null,"fictionality":"REAL","globalid":"{FF8506D1-89A0-4EC7-987E-6854087FEDC8}","interstate":null,"interstate_a":null,"interstate_b":null,"interstate_c":null,"loaddate":1474004328000,"mtfcc_code":"S1200","name":"US Hwy 19","objectid":16872322,"permanent_identifier":"aca1f14a-1dd6-47c8-a880-f005eb88afc0","real_world_relation":"REFERENCE_ONLY","shape_Length":52.297218201030475,"source_datadesc":"2016 January MAFTIGER","source_datasetid":"{9298FF95-0FA8-4712-9AA5-9292C907CA63}","source_featureid":"110803586626","source_id":"REF-FAIRMONT-SECONDARY-ROADS","source_originator":"U.S. Department of Commerce, U.S. Census Bureau, Geography Division","state_route":null,"state_route_a":null,"state_route_b":null,"state_route_c":null,"stco_fipscode":"54049","tnmfrc":2,"us_route":"19","us_route_a":"19","us_route_b":null,"us_route_c":null},"type":"Feature"},{"geometry":{"coordinates":[[-80.117822,39.536213],[-80.117858,39.53651],[-80.117902,39.536779],[-80.117942,39.536906],[-80.118,39.537024],[-80.118087,39.537146],[-80.1182,39.537294],[-80.118365,39.537551],[-80.118426,39.53766],[-80.118476,39.53777],[-80.118522,39.537897],[-80.118576,39.538074],[-80.118768,39.538808],[-80.118838,39.538981],[-80.118943,39.539128],[-80.118993,39.539196],[-80.119107,39.539368],[-80.119195,39.539544],[-80.119247,39.539695],[-80.119275,39.539841],[-80.119283,39.539976],[-80.119275,39.540088],[-80.119254,39.540201],[-80.119249,39.54022]],"type":"LineString"},"id":"REF-FAIRMONT-SECONDARY-ROADS-137","properties":{"canon_status":"REAL_REFERENCE","county_route":null,"federal_lands_route":null,"fictionality":"REAL","globalid":"{D7321159-CEF7-45F1-826E-8D8CE22014E9}","interstate":null,"interstate_a":null,"interstate_b":null,"interstate_c":null,"loaddate":1474004328000,"mtfcc_code":"S1200","name":"US Hwy 19","objectid":16872347,"permanent_identifier":"b744a570-c6fa-48f4-8d4c-3f57869bd25b","real_world_relation":"REFERENCE_ONLY","shape_Length":608.4949029439628,"source_datadesc":"2016 January MAFTIGER","source_datasetid":"{9298FF95-0FA8-4712-9AA5-9292C907CA63}","source_featureid":"110803586626","source_id":"REF-FAIRMONT-SECONDARY-ROADS","source_originator":"U.S. Department of Commerce, U.S. Census Bureau, Geography Division","state_route":null,"state_route_a":null,"state_route_b":null,"state_route_c":null,"stco_fipscode":"54049","tnmfrc":2,"us_route":"19","us_route_a":"19","us_route_b":null,"us_route_c":null},"type":"Feature"},{"geometry":{"coordinates":[[-80.158805,39.464998],[-80.158724,39.465076],[-80.158491,39.465441],[-80.158324,39.465702],[-80.15816,39.46596],[-80.158004,39.466203],[-80.157838,39.466463],[-80.157757,39.466561]],"type":"LineString"},"id":"REF-FAIRMONT-SECONDARY-ROADS-138","properties":{"canon_status":"REAL_REFERENCE","county_route":null,"federal_lands_route":null,"fictionality":"REAL","globalid":"{AD9974E8-BBB2-479F-95A4-4A2324AFC2DA}","interstate":null,"interstate_a":null,"interstate_b":null,"interstate_c":null,"loaddate":1474004852000,"mtfcc_code":"S1200","name":"Fairmont Ave","objectid":16872414,"permanent_identifier":"904245b4-e872-4703-a022-65d0a121405b","real_world_relation":"REFERENCE_ONLY","shape_Length":254.17469802463154,"source_datadesc":"2016 January MAFTIGER","source_datasetid":"{9298FF95-0FA8-4712-9AA5-9292C907CA63}","source_featureid":"110803607558","source_id":"REF-FAIRMONT-SECONDARY-ROADS","source_originator":"U.S. Department of Commerce, U.S. Census Bureau, Geography Division","state_route":"73","state_route_a":"73","state_route_b":null,"state_route_c":null,"stco_fipscode":"54049","tnmfrc":2,"us_route":"250","us_route_a":"250","us_route_b":null,"us_route_c":null},"type":"Feature"},{"geometry":{"coordinates":[[-80.13791,39.498247],[-80.137774,39.4983]],"type":"LineString"},"id":"REF-FAIRMONT-SECONDARY-ROADS-139","properties":{"canon_status":"REAL_REFERENCE","county_route":null,"federal_lands_route":null,"fictionality":"REAL","globalid":"{BC12EB91-9FBE-41C3-98C1-7268F3D08C82}","interstate":null,"interstate_a":null,"interstate_b":null,"interstate_c":null,"loaddate":1474004667000,"mtfcc_code":"S1200","name":"Pennsylvania Ave","objectid":16872421,"permanent_identifier":"326567d6-791f-4ed0-af4a-13f1046fd74a","real_world_relation":"REFERENCE_ONLY","shape_Length":16.9606234649466,"source_datadesc":"2016 January MAFTIGER","source_datasetid":"{9298FF95-0FA8-4712-9AA5-9292C907CA63}","source_featureid":"110803608551","source_id":"REF-FAIRMONT-SECONDARY-ROADS","source_originator":"U.S. Department of Commerce, U.S. Census Bureau, Geography Division","state_route":null,"state_route_a":null,"state_route_b":null,"state_route_c":null,"stco_fipscode":"54049","tnmfrc":2,"us_route":"19","us_route_a":"19","us_route_b":null,"us_route_c":null},"type":"Feature"},{"geometry":{"coordinates":[[-80.141042,39.488051],[-80.141104,39.488275],[-80.141113,39.488399],[-80.141103,39.488535],[-80.141087,39.488654]],"type":"LineString"},"id":"REF-FAIRMONT-SECONDARY-ROADS-140","properties":{"canon_status":"REAL_REFERENCE","county_route":null,"federal_lands_route":null,"fictionality":"REAL","globalid":"{1BD062BA-BA15-4989-AB22-06CB513E9AE2}","interstate":null,"interstate_a":null,"interstate_b":null,"interstate_c":null,"loaddate":1474004488000,"mtfcc_code":"S1200","name":"Pennsylvania Ave","objectid":17000129,"permanent_identifier":"fc6f4aef-f40c-4a4c-aa20-01f854809e3e","real_world_relation":"REFERENCE_ONLY","shape_Length":87.8587850054574,"source_datadesc":"2016 January MAFTIGER","source_datasetid":"{9298FF95-0FA8-4712-9AA5-9292C907CA63}","source_featureid":"110803608553","source_id":"REF-FAIRMONT-SECONDARY-ROADS","source_originator":"U.S. Department of Commerce, U.S. Census Bureau, Geography Division","state_route":null,"state_route_a":null,"state_route_b":null,"state_route_c":null,"stco_fipscode":"54049","tnmfrc":2,"us_route":"19","us_route_a":"19","us_route_b":null,"us_route_c":null},"type":"Feature"},{"geometry":{"coordinates":[[-80.155989,39.468722],[-80.15589,39.46888],[-80.155651,39.469199],[-80.155405,39.46954],[-80.155304,39.469695]],"type":"LineString"},"id":"REF-FAIRMONT-SECONDARY-ROADS-141","properties":{"canon_status":"REAL_REFERENCE","county_route":null,"federal_lands_route":null,"fictionality":"REAL","globalid":"{1650C895-BEA9-4E2D-80CF-A0334D20AD1B}","interstate":null,"interstate_a":null,"interstate_b":null,"interstate_c":null,"loaddate":1474004852000,"mtfcc_code":"S1200","name":"Fairmont Ave","objectid":17128556,"permanent_identifier":"a54f933e-8439-4d8c-bd0e-2a9789d07794","real_world_relation":"REFERENCE_ONLY","shape_Length":159.75388864601445,"source_datadesc":"2016 January MAFTIGER","source_datasetid":"{9298FF95-0FA8-4712-9AA5-9292C907CA63}","source_featureid":"110803607558","source_id":"REF-FAIRMONT-SECONDARY-ROADS","source_originator":"U.S. Department of Commerce, U.S. Census Bureau, Geography Division","state_route":"73","state_route_a":"73","state_route_b":null,"state_route_c":null,"stco_fipscode":"54049","tnmfrc":2,"us_route":"250","us_route_a":"250","us_route_b":null,"us_route_c":null},"type":"Feature"},{"geometry":{"coordinates":[[-80.185827,39.472257],[-80.186595,39.47242],[-80.186983,39.472508],[-80.187615,39.472639],[-80.187845,39.472697],[-80.188228,39.472762],[-80.188313,39.472777],[-80.188574,39.472807],[-80.188883,39.472832],[-80.189175,39.472839],[-80.189481,39.472835],[-80.189754,39.47282],[-80.190251,39.472774],[-80.190613,39.472734],[-80.190689,39.472723],[-80.191075,39.472671],[-80.191508,39.472622],[-80.192013,39.472585],[-80.19213,39.472583]],"type":"LineString"},"id":"REF-FAIRMONT-SECONDARY-ROADS-142","properties":{"canon_status":"REAL_REFERENCE","county_route":null,"federal_lands_route":null,"fictionality":"REAL","globalid":"{AE66B49F-3D69-46C1-A55F-5D00B99AB344}","interstate":null,"interstate_a":null,"interstate_b":null,"interstate_c":null,"loaddate":1474004488000,"mtfcc_code":"S1200","name":"Locust Ave","objectid":17128651,"permanent_identifier":"6d6890e0-5ed8-44e3-9105-01efc2e63900","real_world_relation":"REFERENCE_ONLY","shape_Length":714.7126180141457,"source_datadesc":"2016 January MAFTIGER","source_datasetid":"{9298FF95-0FA8-4712-9AA5-9292C907CA63}","source_featureid":"110803606896","source_id":"REF-FAIRMONT-SECONDARY-ROADS","source_originator":"U.S. Department of Commerce, U.S. Census Bureau, Geography Division","state_route":null,"state_route_a":null,"state_route_b":null,"state_route_c":null,"stco_fipscode":"54049","tnmfrc":2,"us_route":"19","us_route_a":"19","us_route_b":null,"us_route_c":null},"type":"Feature"},{"geometry":{"coordinates":[[-80.154077,39.471361],[-80.153793,39.471782],[-80.153555,39.472184],[-80.153365,39.472529],[-80.153252,39.472722]],"type":"LineString"},"id":"REF-FAIRMONT-SECONDARY-ROADS-143","properties":{"canon_status":"REAL_REFERENCE","county_route":null,"federal_lands_route":null,"fictionality":"REAL","globalid":"{40C858AF-5753-4EEB-A505-D5FF1389E230}","interstate":null,"interstate_a":null,"interstate_b":null,"interstate_c":null,"loaddate":1474004852000,"mtfcc_code":"S1200","name":"Fairmont Ave","objectid":17128655,"permanent_identifier":"a25ed610-b4b0-4f32-9035-fa584cc00ea9","real_world_relation":"REFERENCE_ONLY","shape_Length":216.79308959957146,"source_datadesc":"2016 January MAFTIGER","source_datasetid":"{9298FF95-0FA8-4712-9AA5-9292C907CA63}","source_featureid":"110803607558","source_id":"REF-FAIRMONT-SECONDARY-ROADS","source_originator":"U.S. Department of Commerce, U.S. Census Bureau, Geography Division","state_route":"73","state_route_a":"73","state_route_b":null,"state_route_c":null,"stco_fipscode":"54049","tnmfrc":2,"us_route":"250","us_route_a":"250","us_route_b":null,"us_route_c":null},"type":"Feature"},{"geometry":{"coordinates":[[-80.14065,39.496543],[-80.140282,39.496988],[-80.140106,39.497168],[-80.139915,39.497319],[-80.139699,39.49748],[-80.139646,39.497513]],"type":"LineString"},"id":"REF-FAIRMONT-SECONDARY-ROADS-144","properties":{"canon_status":"REAL_REFERENCE","county_route":null,"federal_lands_route":null,"fictionality":"REAL","globalid":"{F690EF12-C394-4491-8D03-32A6C2622BBF}","interstate":null,"interstate_a":null,"interstate_b":null,"interstate_c":null,"loaddate":1474004667000,"mtfcc_code":"S1200","name":"Pennsylvania Ave","objectid":17256403,"permanent_identifier":"66c5dbc6-0393-4004-8b0d-27e93e9569fb","real_world_relation":"REFERENCE_ONLY","shape_Length":180.1334308329465,"source_datadesc":"2016 January MAFTIGER","source_datasetid":"{9298FF95-0FA8-4712-9AA5-9292C907CA63}","source_featureid":"110803608551","source_id":"REF-FAIRMONT-SECONDARY-ROADS","source_originator":"U.S. Department of Commerce, U.S. Census Bureau, Geography Division","state_route":null,"state_route_a":null,"state_route_b":null,"state_route_c":null,"stco_fipscode":"54049","tnmfrc":2,"us_route":"19","us_route_a":"19","us_route_b":null,"us_route_c":null},"type":"Feature"},{"geometry":{"coordinates":[[-80.118109,39.529693],[-80.117712,39.529701],[-80.117407,39.529712],[-80.117128,39.529717],[-80.116846,39.529726],[-80.116723,39.529731]],"type":"LineString"},"id":"REF-FAIRMONT-SECONDARY-ROADS-145","properties":{"canon_status":"REAL_REFERENCE","county_route":null,"federal_lands_route":null,"fictionality":"REAL","globalid":"{202B1D77-B6BD-4BA8-873D-0F3674E11262}","interstate":null,"interstate_a":null,"interstate_b":null,"interstate_c":null,"loaddate":1474004667000,"mtfcc_code":"S1200","name":"Main St","objectid":17256410,"permanent_identifier":"3b38960b-2846-4978-9b9c-560a01d292d1","real_world_relation":"REFERENCE_ONLY","shape_Length":154.39532842068388,"source_datadesc":"2016 January MAFTIGER","source_datasetid":"{9298FF95-0FA8-4712-9AA5-9292C907CA63}","source_featureid":"110803596607","source_id":"REF-FAIRMONT-SECONDARY-ROADS","source_originator":"U.S. Department of Commerce, U.S. Census Bureau, Geography Division","state_route":null,"state_route_a":null,"state_route_b":null,"state_route_c":null,"stco_fipscode":"54049","tnmfrc":2,"us_route":"19","us_route_a":"19","us_route_b":null,"us_route_c":null},"type":"Feature"},{"geometry":{"coordinates":[[-80.167558,39.40591],[-80.167707,39.406345],[-80.167865,39.406852],[-80.167897,39.40694]],"type":"LineString"},"id":"REF-FAIRMONT-SECONDARY-ROADS-146","properties":{"canon_status":"REAL_REFERENCE","county_route":null,"federal_lands_route":null,"fictionality":"REAL","globalid":"{60F7D8B3-1370-46FA-A505-55C51150AB6D}","interstate":null,"interstate_a":null,"interstate_b":null,"interstate_c":null,"loaddate":1474004328000,"mtfcc_code":"S1200","name":"US Hwy 250","objectid":17385018,"permanent_identifier":"83e0adfb-7ade-48a1-a950-0ce4e5e26365","real_world_relation":"REFERENCE_ONLY","shape_Length":153.13121324504561,"source_datadesc":"2016 January MAFTIGER","source_datasetid":"{9298FF95-0FA8-4712-9AA5-9292C907CA63}","source_featureid":"110803586718","source_id":"REF-FAIRMONT-SECONDARY-ROADS","source_originator":"U.S. Department of Commerce, U.S. Census Bureau, Geography Division","state_route":null,"state_route_a":null,"state_route_b":null,"state_route_c":null,"stco_fipscode":"54049","tnmfrc":2,"us_route":"250","us_route_a":"250","us_route_b":null,"us_route_c":null},"type":"Feature"},{"geometry":{"coordinates":[[-80.143316,39.485808],[-80.142031,39.486288]],"type":"LineString"},"id":"REF-FAIRMONT-SECONDARY-ROADS-147","properties":{"canon_status":"REAL_REFERENCE","county_route":null,"federal_lands_route":null,"fictionality":"REAL","globalid":"{A8B6FA41-4CDC-49A5-BC84-8FED5A3895A8}","interstate":null,"interstate_a":null,"interstate_b":null,"interstate_c":null,"loaddate":1474004488000,"mtfcc_code":"S1200","name":"Jackson St","objectid":17513525,"permanent_identifier":"55e03e45-e691-44a1-9c7c-74dbf1441dd8","real_world_relation":"REFERENCE_ONLY","shape_Length":158.91944637042988,"source_datadesc":"2016 January MAFTIGER","source_datasetid":"{9298FF95-0FA8-4712-9AA5-9292C907CA63}","source_featureid":"110803607289","source_id":"REF-FAIRMONT-SECONDARY-ROADS","source_originator":"U.S. Department of Commerce, U.S. Census Bureau, Geography Division","state_route":null,"state_route_a":null,"state_route_b":null,"state_route_c":null,"stco_fipscode":"54049","tnmfrc":2,"us_route":"19","us_route_a":"19","us_route_b":null,"us_route_c":null},"type":"Feature"},{"geometry":{"coordinates":[[-80.165433,39.402304],[-80.166012,39.40237],[-80.166173,39.402418],[-80.166239,39.402443]],"type":"LineString"},"id":"REF-FAIRMONT-SECONDARY-ROADS-148","properties":{"canon_status":"REAL_REFERENCE","county_route":null,"federal_lands_route":null,"fictionality":"REAL","globalid":"{06011CD2-E105-40C2-8E9D-C7F23B6DF30C}","interstate":null,"interstate_a":null,"interstate_b":null,"interstate_c":null,"loaddate":1474004328000,"mtfcc_code":"S1200","name":"US Hwy 250","objectid":17641894,"permanent_identifier":"7ce7c903-be3c-4f2e-9e1a-fb86a2a611ae","real_world_relation":"REFERENCE_ONLY","shape_Length":92.54411022700674,"source_datadesc":"2016 January MAFTIGER","source_datasetid":"{9298FF95-0FA8-4712-9AA5-9292C907CA63}","source_featureid":"110803586718","source_id":"REF-FAIRMONT-SECONDARY-ROADS","source_originator":"U.S. Department of Commerce, U.S. Census Bureau, Geography Division","state_route":null,"state_route_a":null,"state_route_b":null,"state_route_c":null,"stco_fipscode":"54049","tnmfrc":2,"us_route":"250","us_route_a":"250","us_route_b":null,"us_route_c":null},"type":"Feature"},{"geometry":{"coordinates":[[-80.156778,39.494664],[-80.156703,39.494959],[-80.156668,39.495159]],"type":"LineString"},"id":"REF-FAIRMONT-SECONDARY-ROADS-149","properties":{"canon_status":"REAL_REFERENCE","county_route":null,"federal_lands_route":null,"fictionality":"REAL","globalid":"{46196E5A-44EC-4AE4-BEA3-32A8071AEB36}","interstate":null,"interstate_a":null,"interstate_b":null,"interstate_c":null,"loaddate":1474004636000,"mtfcc_code":"S1200","name":"Cleveland Ave","objectid":17641921,"permanent_identifier":"830423fb-0afa-4c2e-aead-5961b092a4c8","real_world_relation":"REFERENCE_ONLY","shape_Length":72.4798586618421,"source_datadesc":"2016 January MAFTIGER","source_datasetid":"{9298FF95-0FA8-4712-9AA5-9292C907CA63}","source_featureid":"110803607850","source_id":"REF-FAIRMONT-SECONDARY-ROADS","source_originator":"U.S. Department of Commerce, U.S. Census Bureau, Geography Division","state_route":null,"state_route_a":null,"state_route_b":null,"state_route_c":null,"stco_fipscode":"54049","tnmfrc":2,"us_route":"250","us_route_a":"250","us_route_b":null,"us_route_c":null},"type":"Feature"},{"geometry":{"coordinates":[[-80.173219,39.472841],[-80.17337,39.472785]],"type":"LineString"},"id":"REF-FAIRMONT-SECONDARY-ROADS-150","properties":{"canon_status":"REAL_REFERENCE","county_route":null,"federal_lands_route":null,"fictionality":"REAL","globalid":"{6B4EAFB3-C7D1-45A3-B5AF-5887EB50A909}","interstate":null,"interstate_a":null,"interstate_b":null,"interstate_c":null,"loaddate":1474004488000,"mtfcc_code":"S1200","name":"Locust Ave","objectid":18026196,"permanent_identifier":"fcbd3d44-5b0b-4df6-93c0-651c49a9b457","real_world_relation":"REFERENCE_ONLY","shape_Length":18.648622260469953,"source_datadesc":"2016 January MAFTIGER","source_datasetid":"{9298FF95-0FA8-4712-9AA5-9292C907CA63}","source_featureid":"110803606896","source_id":"REF-FAIRMONT-SECONDARY-ROADS","source_originator":"U.S. Department of Commerce, U.S. Census Bureau, Geography Division","state_route":null,"state_route_a":null,"state_route_b":null,"state_route_c":null,"stco_fipscode":"54049","tnmfrc":2,"us_route":"19","us_route_a":"19","us_route_b":null,"us_route_c":null},"type":"Feature"},{"geometry":{"coordinates":[[-80.172494,39.414342],[-80.172723,39.414539],[-80.172885,39.414726],[-80.172987,39.414862]],"type":"LineString"},"id":"REF-FAIRMONT-SECONDARY-ROADS-151","properties":{"canon_status":"REAL_REFERENCE","county_route":null,"federal_lands_route":null,"fictionality":"REAL","globalid":"{6F7B01DB-529C-4588-AAED-73EC5BBFA8A6}","interstate":null,"interstate_a":null,"interstate_b":null,"interstate_c":null,"loaddate":1474004328000,"mtfcc_code":"S1200","name":"US Hwy 250","objectid":18026226,"permanent_identifier":"be0a0220-7551-4067-b4fb-4b462f91cdd4","real_world_relation":"REFERENCE_ONLY","shape_Length":93.2230904531493,"source_datadesc":"2016 January MAFTIGER","source_datasetid":"{9298FF95-0FA8-4712-9AA5-9292C907CA63}","source_featureid":"110803586718","source_id":"REF-FAIRMONT-SECONDARY-ROADS","source_originator":"U.S. Department of Commerce, U.S. Census Bureau, Geography Division","state_route":null,"state_route_a":null,"state_route_b":null,"state_route_c":null,"stco_fipscode":"54049","tnmfrc":2,"us_route":"250","us_route_a":"250","us_route_b":null,"us_route_c":null},"type":"Feature"},{"geometry":{"coordinates":[[-80.197342,39.473344],[-80.197135,39.473266],[-80.19677,39.473149],[-80.196304,39.47302],[-80.195705,39.472875],[-80.195456,39.472829],[-80.19521,39.47279],[-80.195029,39.472771],[-80.19493,39.472766],[-80.194575,39.47276],[-80.194452,39.472754],[-80.19406,39.472695],[-80.19377,39.472662],[-80.193657,39.472653],[-80.192785,39.472584],[-80.192403,39.472579],[-80.19213,39.472583]],"type":"LineString"},"id":"REF-FAIRMONT-SECONDARY-ROADS-152","properties":{"canon_status":"REAL_REFERENCE","county_route":null,"federal_lands_route":null,"fictionality":"REAL","globalid":"{106A2518-77EB-433A-AEDA-033D2911FB7E}","interstate":null,"interstate_a":null,"interstate_b":null,"interstate_c":null,"loaddate":1474004328000,"mtfcc_code":"S1200","name":"US Hwy 19","objectid":18154615,"permanent_identifier":"87c2d6d3-2648-4ca1-81a3-76a8bd1be7c6","real_world_relation":"REFERENCE_ONLY","shape_Length":595.9546112369333,"source_datadesc":"2016 January MAFTIGER","source_datasetid":"{9298FF95-0FA8-4712-9AA5-9292C907CA63}","source_featureid":"110803586626","source_id":"REF-FAIRMONT-SECONDARY-ROADS","source_originator":"U.S. Department of Commerce, U.S. Census Bureau, Geography Division","state_route":null,"state_route_a":null,"state_route_b":null,"state_route_c":null,"stco_fipscode":"54049","tnmfrc":2,"us_route":"19","us_route_a":"19","us_route_b":null,"us_route_c":null},"type":"Feature"},{"geometry":{"coordinates":[[-80.133359,39.506444],[-80.133354,39.506486],[-80.133311,39.506885]],"type":"LineString"},"id":"REF-FAIRMONT-SECONDARY-ROADS-153","properties":{"canon_status":"REAL_REFERENCE","county_route":null,"federal_lands_route":null,"fictionality":"REAL","globalid":"{A07508D5-72EE-47AE-A7E5-8FA92D6A46CD}","interstate":null,"interstate_a":null,"interstate_b":null,"interstate_c":null,"loaddate":1474004494000,"mtfcc_code":"S1200","name":"Pennsylvania Ave","objectid":18154750,"permanent_identifier":"d15eff70-4bb0-4610-8abb-3125ffd955bb","real_world_relation":"REFERENCE_ONLY","shape_Length":63.85177024827436,"source_datadesc":"2016 January MAFTIGER","source_datasetid":"{9298FF95-0FA8-4712-9AA5-9292C907CA63}","source_featureid":"110803608552","source_id":"REF-FAIRMONT-SECONDARY-ROADS","source_originator":"U.S. Department of Commerce, U.S. Census Bureau, Geography Division","state_route":null,"state_route_a":null,"state_route_b":null,"state_route_c":null,"stco_fipscode":"54049","tnmfrc":2,"us_route":"19","us_route_a":"19","us_route_b":null,"us_route_c":null},"type":"Feature"},{"geometry":{"coordinates":[[-80.150712,39.484106],[-80.150832,39.484128],[-80.151123,39.484148],[-80.151363,39.48416],[-80.151569,39.484149],[-80.151694,39.484134],[-80.1518,39.48411]],"type":"LineString"},"id":"REF-FAIRMONT-SECONDARY-ROADS-154","properties":{"canon_status":"REAL_REFERENCE","county_route":null,"federal_lands_route":null,"fictionality":"REAL","globalid":"{8F7B8EF6-3969-4AE4-8387-E39337D6DA12}","interstate":null,"interstate_a":null,"interstate_b":null,"interstate_c":null,"loaddate":1474004488000,"mtfcc_code":"S1200","name":"Locust Ave","objectid":18154765,"permanent_identifier":"619eccf8-8ec1-439c-b8dc-464b11b52b5b","real_world_relation":"REFERENCE_ONLY","shape_Length":122.39076249353359,"source_datadesc":"2016 January MAFTIGER","source_datasetid":"{9298FF95-0FA8-4712-9AA5-9292C907CA63}","source_featureid":"110803606896","source_id":"REF-FAIRMONT-SECONDARY-ROADS","source_originator":"U.S. Department of Commerce, U.S. Census Bureau, Geography Division","state_route":null,"state_route_a":null,"state_route_b":null,"state_route_c":null,"stco_fipscode":"54049","tnmfrc":2,"us_route":"19","us_route_a":"19","us_route_b":null,"us_route_c":null},"type":"Feature"},{"geometry":{"coordinates":[[-80.168762,39.412746],[-80.16881,39.4128],[-80.168916,39.412892],[-80.169027,39.412957],[-80.169189,39.413018],[-80.169513,39.413093],[-80.169891,39.413188],[-80.170139,39.41326],[-80.170495,39.41339],[-80.171159,39.413671]],"type":"LineString"},"id":"REF-FAIRMONT-SECONDARY-ROADS-155","properties":{"canon_status":"REAL_REFERENCE","county_route":null,"federal_lands_route":null,"fictionality":"REAL","globalid":"{F77CFAFE-A651-4E21-9FD2-E017E745D972}","interstate":null,"interstate_a":null,"interstate_b":null,"interstate_c":null,"loaddate":1474004328000,"mtfcc_code":"S1200","name":"US Hwy 250","objectid":18283026,"permanent_identifier":"be4d64e8-d0d7-4da2-936b-0e6465eeea81","real_world_relation":"REFERENCE_ONLY","shape_Length":302.25731233962887,"source_datadesc":"2016 January MAFTIGER","source_datasetid":"{9298FF95-0FA8-4712-9AA5-9292C907CA63}","source_featureid":"110803586718","source_id":"REF-FAIRMONT-SECONDARY-ROADS","source_originator":"U.S. Department of Commerce, U.S. Census Bureau, Geography Division","state_route":null,"state_route_a":null,"state_route_b":null,"state_route_c":null,"stco_fipscode":"54049","tnmfrc":2,"us_route":"250","us_route_a":"250","us_route_b":null,"us_route_c":null},"type":"Feature"},{"geometry":{"coordinates":[[-80.180924,39.437135],[-80.180627,39.437269],[-80.180402,39.437403]],"type":"LineString"},"id":"REF-FAIRMONT-SECONDARY-ROADS-156","properties":{"canon_status":"REAL_REFERENCE","county_route":null,"federal_lands_route":null,"fictionality":"REAL","globalid":"{A4EEAB73-F4FF-4575-B3F2-F8618B54AC7B}","interstate":null,"interstate_a":null,"interstate_b":null,"interstate_c":null,"loaddate":1474004334000,"mtfcc_code":"S1200","name":"State Rte 73","objectid":18283087,"permanent_identifier":"9845be7b-9155-4226-9cae-b6f34d9a55ff","real_world_relation":"REFERENCE_ONLY","shape_Length":69.91902824129306,"source_datadesc":"2016 January MAFTIGER","source_datasetid":"{9298FF95-0FA8-4712-9AA5-9292C907CA63}","source_featureid":"110803586666","source_id":"REF-FAIRMONT-SECONDARY-ROADS","source_originator":"U.S. Department of Commerce, U.S. Census Bureau, Geography Division","state_route":"73","state_route_a":"73","state_route_b":null,"state_route_c":null,"stco_fipscode":"54049","tnmfrc":2,"us_route":"250","us_route_a":"250","us_route_b":null,"us_route_c":null},"type":"Feature"},{"geometry":{"coordinates":[[-80.201661,39.499],[-80.203101,39.499354],[-80.203733,39.49953],[-80.20419,39.499663],[-80.204581,39.499768],[-80.204905,39.49988],[-80.205142,39.499981],[-80.205247,39.500022],[-80.205441,39.500119],[-80.205609,39.500216],[-80.205853,39.500376],[-80.205988,39.500475],[-80.206122,39.500588],[-80.206365,39.500812],[-80.20646,39.500918],[-80.207352,39.501986]],"type":"LineString"},"id":"REF-FAIRMONT-SECONDARY-ROADS-157","properties":{"canon_status":"REAL_REFERENCE","county_route":null,"federal_lands_route":null,"fictionality":"REAL","globalid":"{096D2FEA-A828-424D-857B-2BC981F9E177}","interstate":null,"interstate_a":null,"interstate_b":null,"interstate_c":null,"loaddate":1474004328000,"mtfcc_code":"S1200","name":"US Hwy 250","objectid":18539748,"permanent_identifier":"b323c4fb-f617-4c8f-8d7a-06181a7d9b13","real_world_relation":"REFERENCE_ONLY","shape_Length":797.8583994750306,"source_datadesc":"2016 January MAFTIGER","source_datasetid":"{9298FF95-0FA8-4712-9AA5-9292C907CA63}","source_featureid":"110803586713","source_id":"REF-FAIRMONT-SECONDARY-ROADS","source_originator":"U.S. Department of Commerce, U.S. Census Bureau, Geography Division","state_route":null,"state_route_a":null,"state_route_b":null,"state_route_c":null,"stco_fipscode":"54049","tnmfrc":2,"us_route":"250","us_route_a":"250","us_route_b":null,"us_route_c":null},"type":"Feature"},{"geometry":{"coordinates":[[-80.171672,39.413897],[-80.171721,39.413921]],"type":"LineString"},"id":"REF-FAIRMONT-SECONDARY-ROADS-158","properties":{"canon_status":"REAL_REFERENCE","county_route":null,"federal_lands_route":null,"fictionality":"REAL","globalid":"{CB16B2AE-5289-4406-AE5E-F650D74F9A7E}","interstate":null,"interstate_a":null,"interstate_b":null,"interstate_c":null,"loaddate":1474004328000,"mtfcc_code":"S1200","name":"US Hwy 250","objectid":18796208,"permanent_identifier":"cbcd6052-cbc0-410b-b60f-e7d4d8685ad6","real_world_relation":"REFERENCE_ONLY","shape_Length":6.458414415944867,"source_datadesc":"2016 January MAFTIGER","source_datasetid":"{9298FF95-0FA8-4712-9AA5-9292C907CA63}","source_featureid":"110803586718","source_id":"REF-FAIRMONT-SECONDARY-ROADS","source_originator":"U.S. Department of Commerce, U.S. Census Bureau, Geography Division","state_route":null,"state_route_a":null,"state_route_b":null,"state_route_c":null,"stco_fipscode":"54049","tnmfrc":2,"us_route":"250","us_route_a":"250","us_route_b":null,"us_route_c":null},"type":"Feature"},{"geometry":{"coordinates":[[-80.156995,39.495597],[-80.157294,39.495774],[-80.157822,39.49607]],"type":"LineString"},"id":"REF-FAIRMONT-SECONDARY-ROADS-159","properties":{"canon_status":"REAL_REFERENCE","county_route":null,"federal_lands_route":null,"fictionality":"REAL","globalid":"{B1D3B0CB-AF54-4EA9-9DF4-0AE314CC51AF}","interstate":null,"interstate_a":null,"interstate_b":null,"interstate_c":null,"loaddate":1474004328000,"mtfcc_code":"S1200","name":"US Hwy 250","objectid":18796270,"permanent_identifier":"54c9825b-2cde-4fe8-8852-565cb8d0ba5a","real_world_relation":"REFERENCE_ONLY","shape_Length":114.60027348076336,"source_datadesc":"2016 January MAFTIGER","source_datasetid":"{9298FF95-0FA8-4712-9AA5-9292C907CA63}","source_featureid":"110803586713","source_id":"REF-FAIRMONT-SECONDARY-ROADS","source_originator":"U.S. Department of Commerce, U.S. Census Bureau, Geography Division","state_route":null,"state_route_a":null,"state_route_b":null,"state_route_c":null,"stco_fipscode":"54049","tnmfrc":2,"us_route":"250","us_route_a":"250","us_route_b":null,"us_route_c":null},"type":"Feature"},{"geometry":{"coordinates":[[-80.169599,39.493328],[-80.169832,39.493291],[-80.171268,39.493069],[-80.171814,39.492976],[-80.173265,39.492758],[-80.173434,39.492728],[-80.174003,39.492645],[-80.174879,39.492504],[-80.176105,39.492288],[-80.176617,39.492187],[-80.177088,39.492086],[-80.177306,39.492035],[-80.178066,39.491887],[-80.178407,39.491813],[-80.178816,39.491724]],"type":"LineString"},"id":"REF-FAIRMONT-SECONDARY-ROADS-160","properties":{"canon_status":"REAL_REFERENCE","county_route":null,"federal_lands_route":null,"fictionality":"REAL","globalid":"{0F88B24C-154E-42C7-9DB5-DCF4BD74FD9E}","interstate":null,"interstate_a":null,"interstate_b":null,"interstate_c":null,"loaddate":1474004328000,"mtfcc_code":"S1200","name":"US Hwy 250","objectid":18796276,"permanent_identifier":"8358fd9a-0748-4b16-8e6d-8cd014e1fffa","real_world_relation":"REFERENCE_ONLY","shape_Length":1052.2799658372992,"source_datadesc":"2016 January MAFTIGER","source_datasetid":"{9298FF95-0FA8-4712-9AA5-9292C907CA63}","source_featureid":"110803586713","source_id":"REF-FAIRMONT-SECONDARY-ROADS","source_originator":"U.S. Department of Commerce, U.S. Census Bureau, Geography Division","state_route":null,"state_route_a":null,"state_route_b":null,"state_route_c":null,"stco_fipscode":"54049","tnmfrc":2,"us_route":"250","us_route_a":"250","us_route_b":null,"us_route_c":null},"type":"Feature"},{"geometry":{"coordinates":[[-80.163547,39.459595],[-80.163116,39.460082]],"type":"LineString"},"id":"REF-FAIRMONT-SECONDARY-ROADS-161","properties":{"canon_status":"REAL_REFERENCE","county_route":null,"federal_lands_route":null,"fictionality":"REAL","globalid":"{7ED96E79-8E7C-4C75-B9FB-3C76DCBFFAC1}","interstate":null,"interstate_a":null,"interstate_b":null,"interstate_c":null,"loaddate":1474004852000,"mtfcc_code":"S1200","name":"Fairmont Ave","objectid":18924184,"permanent_identifier":"e015e832-721a-48d9-9b58-6f28af6d5813","real_world_relation":"REFERENCE_ONLY","shape_Length":85.043581939264,"source_datadesc":"2016 January MAFTIGER","source_datasetid":"{9298FF95-0FA8-4712-9AA5-9292C907CA63}","source_featureid":"110803607558","source_id":"REF-FAIRMONT-SECONDARY-ROADS","source_originator":"U.S. Department of Commerce, U.S. Census Bureau, Geography Division","state_route":"73","state_route_a":"73","state_route_b":null,"state_route_c":null,"stco_fipscode":"54049","tnmfrc":2,"us_route":"250","us_route_a":"250","us_route_b":null,"us_route_c":null},"type":"Feature"},{"geometry":{"coordinates":[[-80.123116,39.529191],[-80.122896,39.529226],[-80.122671,39.529268],[-80.122421,39.529302]],"type":"LineString"},"id":"REF-FAIRMONT-SECONDARY-ROADS-162","properties":{"canon_status":"REAL_REFERENCE","county_route":null,"federal_lands_route":null,"fictionality":"REAL","globalid":"{EA7D1A3E-A97F-4B74-B4DB-43BC1CDF536F}","interstate":null,"interstate_a":null,"interstate_b":null,"interstate_c":null,"loaddate":1474004667000,"mtfcc_code":"S1200","name":"Main St","objectid":19052963,"permanent_identifier":"a853bf20-18f5-4e57-bb72-4b11e7cf5021","real_world_relation":"REFERENCE_ONLY","shape_Length":79.03502952411642,"source_datadesc":"2016 January MAFTIGER","source_datasetid":"{9298FF95-0FA8-4712-9AA5-9292C907CA63}","source_featureid":"110803596607","source_id":"REF-FAIRMONT-SECONDARY-ROADS","source_originator":"U.S. Department of Commerce, U.S. Census Bureau, Geography Division","state_route":null,"state_route_a":null,"state_route_b":null,"state_route_c":null,"stco_fipscode":"54049","tnmfrc":2,"us_route":"19","us_route_a":"19","us_route_b":null,"us_route_c":null},"type":"Feature"},{"geometry":{"coordinates":[[-80.142833,39.493934],[-80.142665,39.494122]],"type":"LineString"},"id":"REF-FAIRMONT-SECONDARY-ROADS-163","properties":{"canon_status":"REAL_REFERENCE","county_route":null,"federal_lands_route":null,"fictionality":"REAL","globalid":"{460292C3-68EB-4C82-B903-80A840828E99}","interstate":null,"interstate_a":null,"interstate_b":null,"interstate_c":null,"loaddate":1474004488000,"mtfcc_code":"S1200","name":"Pennsylvania Ave","objectid":19180855,"permanent_identifier":"2cf8d50c-3864-48fc-a3eb-e3ff8705c16a","real_world_relation":"REFERENCE_ONLY","shape_Length":32.94285523397516,"source_datadesc":"2016 January MAFTIGER","source_datasetid":"{9298FF95-0FA8-4712-9AA5-9292C907CA63}","source_featureid":"110803608553","source_id":"REF-FAIRMONT-SECONDARY-ROADS","source_originator":"U.S. Department of Commerce, U.S. Census Bureau, Geography Division","state_route":null,"state_route_a":null,"state_route_b":null,"state_route_c":null,"stco_fipscode":"54049","tnmfrc":2,"us_route":"19","us_route_a":"19","us_route_b":null,"us_route_c":null},"type":"Feature"},{"geometry":{"coordinates":[[-80.155411,39.482894],[-80.15591,39.48268]],"type":"LineString"},"id":"REF-FAIRMONT-SECONDARY-ROADS-164","properties":{"canon_status":"REAL_REFERENCE","county_route":null,"federal_lands_route":null,"fictionality":"REAL","globalid":"{1873A323-B906-4835-9A4B-D241393F9A74}","interstate":null,"interstate_a":null,"interstate_b":null,"interstate_c":null,"loaddate":1474004488000,"mtfcc_code":"S1200","name":"Locust Ave","objectid":19308991,"permanent_identifier":"b688242a-ae5c-436f-9b0c-59edcd291a2a","real_world_relation":"REFERENCE_ONLY","shape_Length":63.54760152655408,"source_datadesc":"2016 January MAFTIGER","source_datasetid":"{9298FF95-0FA8-4712-9AA5-9292C907CA63}","source_featureid":"110803606896","source_id":"REF-FAIRMONT-SECONDARY-ROADS","source_originator":"U.S. Department of Commerce, U.S. Census Bureau, Geography Division","state_route":null,"state_route_a":null,"state_route_b":null,"state_route_c":null,"stco_fipscode":"54049","tnmfrc":2,"us_route":"19","us_route_a":"19","us_route_b":null,"us_route_c":null},"type":"Feature"},{"geometry":{"coordinates":[[-80.166239,39.402443],[-80.166296,39.402484],[-80.166421,39.4026],[-80.166482,39.402694],[-80.166488,39.402703],[-80.166578,39.402876],[-80.16662,39.403026],[-80.166881,39.403837],[-80.167243,39.404933]],"type":"LineString"},"id":"REF-FAIRMONT-SECONDARY-ROADS-165","properties":{"canon_status":"REAL_REFERENCE","county_route":null,"federal_lands_route":null,"fictionality":"REAL","globalid":"{A125EB25-4B41-457C-93BA-02643378CCAE}","interstate":null,"interstate_a":null,"interstate_b":null,"interstate_c":null,"loaddate":1474004694000,"mtfcc_code":"S1200","name":"Fairmont Ave","objectid":19437358,"permanent_identifier":"a47bf3cc-6413-477f-a7cd-77b25916b0a9","real_world_relation":"REFERENCE_ONLY","shape_Length":379.35064157571475,"source_datadesc":"2016 January MAFTIGER","source_datasetid":"{9298FF95-0FA8-4712-9AA5-9292C907CA63}","source_featureid":"1104469079695","source_id":"REF-FAIRMONT-SECONDARY-ROADS","source_originator":"U.S. Department of Commerce, U.S. Census Bureau, Geography Division","state_route":null,"state_route_a":null,"state_route_b":null,"state_route_c":null,"stco_fipscode":"54049","tnmfrc":2,"us_route":"250","us_route_a":"250","us_route_b":null,"us_route_c":null},"type":"Feature"},{"geometry":{"coordinates":[[-80.136462,39.498914],[-80.136386,39.498996],[-80.136256,39.499168],[-80.136157,39.499347]],"type":"LineString"},"id":"REF-FAIRMONT-SECONDARY-ROADS-166","properties":{"canon_status":"REAL_REFERENCE","county_route":null,"federal_lands_route":null,"fictionality":"REAL","globalid":"{DB392061-C0B3-417F-9E35-9BB9DBE426D6}","interstate":null,"interstate_a":null,"interstate_b":null,"interstate_c":null,"loaddate":1474004488000,"mtfcc_code":"S1200","name":"Pennsylvania Ave","objectid":19693393,"permanent_identifier":"eb326bd6-9629-45fc-af20-f16dd0fa64be","real_world_relation":"REFERENCE_ONLY","shape_Length":71.34559271178172,"source_datadesc":"2016 January MAFTIGER","source_datasetid":"{9298FF95-0FA8-4712-9AA5-9292C907CA63}","source_featureid":"110803608552","source_id":"REF-FAIRMONT-SECONDARY-ROADS","source_originator":"U.S. Department of Commerce, U.S. Census Bureau, Geography Division","state_route":null,"state_route_a":null,"state_route_b":null,"state_route_c":null,"stco_fipscode":"54049","tnmfrc":2,"us_route":"19","us_route_a":"19","us_route_b":null,"us_route_c":null},"type":"Feature"},{"geometry":{"coordinates":[[-80.151705,39.475364],[-80.150936,39.476514],[-80.150793,39.476719]],"type":"LineString"},"id":"REF-FAIRMONT-SECONDARY-ROADS-167","properties":{"canon_status":"REAL_REFERENCE","county_route":null,"federal_lands_route":null,"fictionality":"REAL","globalid":"{CE8E2FC1-C64E-471B-A7C2-E77DCB8F5BD3}","interstate":null,"interstate_a":null,"interstate_b":null,"interstate_c":null,"loaddate":1474004852000,"mtfcc_code":"S1200","name":"Fairmont Ave","objectid":19693400,"permanent_identifier":"0d749b7f-3923-4f73-a3fd-864c1b4e3400","real_world_relation":"REFERENCE_ONLY","shape_Length":220.21675375007945,"source_datadesc":"2016 January MAFTIGER","source_datasetid":"{9298FF95-0FA8-4712-9AA5-9292C907CA63}","source_featureid":"110803607558","source_id":"REF-FAIRMONT-SECONDARY-ROADS","source_originator":"U.S. Department of Commerce, U.S. Census Bureau, Geography Division","state_route":"73","state_route_a":"73","state_route_b":null,"state_route_c":null,"stco_fipscode":"54049","tnmfrc":2,"us_route":"250","us_route_a":"250","us_route_b":null,"us_route_c":null},"type":"Feature"},{"geometry":{"coordinates":[[-80.145472,39.48442],[-80.145633,39.48465],[-80.145815,39.48497]],"type":"LineString"},"id":"REF-FAIRMONT-SECONDARY-ROADS-168","properties":{"canon_status":"REAL_REFERENCE","county_route":null,"federal_lands_route":null,"fictionality":"REAL","globalid":"{94F32264-0D01-4204-9C79-84223838CE0E}","interstate":null,"interstate_a":null,"interstate_b":null,"interstate_c":null,"loaddate":1474004636000,"mtfcc_code":"S1200","name":"Cleveland Ave","objectid":19821509,"permanent_identifier":"a7eaac26-ebbd-4c06-8483-26d853c53305","real_world_relation":"REFERENCE_ONLY","shape_Length":88.11183580086504,"source_datadesc":"2016 January MAFTIGER","source_datasetid":"{9298FF95-0FA8-4712-9AA5-9292C907CA63}","source_featureid":"110803607850","source_id":"REF-FAIRMONT-SECONDARY-ROADS","source_originator":"U.S. Department of Commerce, U.S. Census Bureau, Geography Division","state_route":null,"state_route_a":null,"state_route_b":null,"state_route_c":null,"stco_fipscode":"54049","tnmfrc":2,"us_route":"250","us_route_a":"250","us_route_b":null,"us_route_c":null},"type":"Feature"},{"geometry":{"coordinates":[[-80.167918,39.476039],[-80.167958,39.475806],[-80.168005,39.475598]],"type":"LineString"},"id":"REF-FAIRMONT-SECONDARY-ROADS-169","properties":{"canon_status":"REAL_REFERENCE","county_route":null,"federal_lands_route":null,"fictionality":"REAL","globalid":"{41A70938-D206-48CC-8DFF-DF09D8408787}","interstate":null,"interstate_a":null,"interstate_b":null,"interstate_c":null,"loaddate":1474004488000,"mtfcc_code":"S1200","name":"Locust Ave","objectid":19950113,"permanent_identifier":"827ea3c3-164e-47df-ac7a-067dcc4e60c0","real_world_relation":"REFERENCE_ONLY","shape_Length":64.34590517516814,"source_datadesc":"2016 January MAFTIGER","source_datasetid":"{9298FF95-0FA8-4712-9AA5-9292C907CA63}","source_featureid":"110803606896","source_id":"REF-FAIRMONT-SECONDARY-ROADS","source_originator":"U.S. Department of Commerce, U.S. Census Bureau, Geography Division","state_route":null,"state_route_a":null,"state_route_b":null,"state_route_c":null,"stco_fipscode":"54049","tnmfrc":2,"us_route":"19","us_route_a":"19","us_route_b":null,"us_route_c":null},"type":"Feature"},{"geometry":{"coordinates":[[-80.135148,39.514423],[-80.135135,39.514593],[-80.135167,39.514844],[-80.135226,39.515152],[-80.135258,39.515289]],"type":"LineString"},"id":"REF-FAIRMONT-SECONDARY-ROADS-170","properties":{"canon_status":"REAL_REFERENCE","county_route":null,"federal_lands_route":null,"fictionality":"REAL","globalid":"{3880B867-80E8-482D-B1B7-CDBC555BB3DA}","interstate":null,"interstate_a":null,"interstate_b":null,"interstate_c":null,"loaddate":1474004328000,"mtfcc_code":"S1200","name":"US Hwy 19","objectid":19950116,"permanent_identifier":"f752e7c8-73e5-4bce-b069-4d447112072e","real_world_relation":"REFERENCE_ONLY","shape_Length":125.97996365047807,"source_datadesc":"2016 January MAFTIGER","source_datasetid":"{9298FF95-0FA8-4712-9AA5-9292C907CA63}","source_featureid":"110803586626","source_id":"REF-FAIRMONT-SECONDARY-ROADS","source_originator":"U.S. Department of Commerce, U.S. Census Bureau, Geography Division","state_route":null,"state_route_a":null,"state_route_b":null,"state_route_c":null,"stco_fipscode":"54049","tnmfrc":2,"us_route":"19","us_route_a":"19","us_route_b":null,"us_route_c":null},"type":"Feature"},{"geometry":{"coordinates":[[-80.158092,39.496222],[-80.158712,39.496569],[-80.158847,39.496623],[-80.159012,39.496642],[-80.159144,39.496639],[-80.159262,39.496607],[-80.159412,39.496502],[-80.159662,39.496233],[-80.160165,39.495667],[-80.160295,39.495552],[-80.16061,39.495352],[-80.160853,39.495218],[-80.161136,39.495115],[-80.161315,39.495093],[-80.161822,39.495059],[-80.161955,39.495028],[-80.162073,39.494992],[-80.162268,39.494913],[-80.162418,39.494839],[-80.162474,39.494811],[-80.162678,39.494704],[-80.162802,39.49465],[-80.163043,39.49457],[-80.163382,39.494477],[-80.164217,39.494293],[-80.165514,39.493988],[-80.165934,39.493897],[-80.166108,39.493867]],"type":"LineString"},"id":"REF-FAIRMONT-SECONDARY-ROADS-171","properties":{"canon_status":"REAL_REFERENCE","county_route":null,"federal_lands_route":null,"fictionality":"REAL","globalid":"{446248CD-7784-4307-A87C-919096E87475}","interstate":null,"interstate_a":null,"interstate_b":null,"interstate_c":null,"loaddate":1474004328000,"mtfcc_code":"S1200","name":"US Hwy 250","objectid":20078044,"permanent_identifier":"dedb9dde-9731-4081-b8db-e2359362b437","real_world_relation":"REFERENCE_ONLY","shape_Length":1040.9488829765492,"source_datadesc":"2016 January MAFTIGER","source_datasetid":"{9298FF95-0FA8-4712-9AA5-9292C907CA63}","source_featureid":"110803586713","source_id":"REF-FAIRMONT-SECONDARY-ROADS","source_originator":"U.S. Department of Commerce, U.S. Census Bureau, Geography Division","state_route":null,"state_route_a":null,"state_route_b":null,"state_route_c":null,"stco_fipscode":"54049","tnmfrc":2,"us_route":"250","us_route_a":"250","us_route_b":null,"us_route_c":null},"type":"Feature"},{"geometry":{"coordinates":[[-80.135248,39.502337],[-80.135182,39.50255],[-80.135154,39.502698],[-80.135141,39.50314],[-80.135144,39.503295],[-80.13514,39.503708],[-80.135134,39.50422],[-80.135119,39.504359],[-80.135094,39.504441],[-80.135061,39.504499]],"type":"LineString"},"id":"REF-FAIRMONT-SECONDARY-ROADS-172","properties":{"canon_status":"REAL_REFERENCE","county_route":null,"federal_lands_route":null,"fictionality":"REAL","globalid":"{EAA84DE8-EF84-4CD1-ABF4-F01C9C4FEC0D}","interstate":null,"interstate_a":null,"interstate_b":null,"interstate_c":null,"loaddate":1474004494000,"mtfcc_code":"S1200","name":"Pennsylvania Ave","objectid":20078091,"permanent_identifier":"76475bec-eb3d-4ce8-ba9d-f143cb7590b1","real_world_relation":"REFERENCE_ONLY","shape_Length":314.19848191525466,"source_datadesc":"2016 January MAFTIGER","source_datasetid":"{9298FF95-0FA8-4712-9AA5-9292C907CA63}","source_featureid":"110803608552","source_id":"REF-FAIRMONT-SECONDARY-ROADS","source_originator":"U.S. Department of Commerce, U.S. Census Bureau, Geography Division","state_route":null,"state_route_a":null,"state_route_b":null,"state_route_c":null,"stco_fipscode":"54049","tnmfrc":2,"us_route":"19","us_route_a":"19","us_route_b":null,"us_route_c":null},"type":"Feature"},{"geometry":{"coordinates":[[-80.135061,39.504499],[-80.135031,39.504527],[-80.134982,39.504569],[-80.134902,39.504608],[-80.134769,39.50464],[-80.134621,39.504637],[-80.134442,39.504622],[-80.13434,39.504609],[-80.134257,39.504606],[-80.134155,39.504622]],"type":"LineString"},"id":"REF-FAIRMONT-SECONDARY-ROADS-173","properties":{"canon_status":"REAL_REFERENCE","county_route":null,"federal_lands_route":null,"fictionality":"REAL","globalid":"{E26DA46A-A632-44BD-9825-D7C086F7316C}","interstate":null,"interstate_a":null,"interstate_b":null,"interstate_c":null,"loaddate":1474004494000,"mtfcc_code":"S1200","name":"Pennsylvania Ave","objectid":20078153,"permanent_identifier":"cc3e489f-3d30-49b9-81ad-9fed852867e9","real_world_relation":"REFERENCE_ONLY","shape_Length":108.30651861687099,"source_datadesc":"2016 January MAFTIGER","source_datasetid":"{9298FF95-0FA8-4712-9AA5-9292C907CA63}","source_featureid":"110803608552","source_id":"REF-FAIRMONT-SECONDARY-ROADS","source_originator":"U.S. Department of Commerce, U.S. Census Bureau, Geography Division","state_route":null,"state_route_a":null,"state_route_b":null,"state_route_c":null,"stco_fipscode":"54049","tnmfrc":2,"us_route":"19","us_route_a":"19","us_route_b":null,"us_route_c":null},"type":"Feature"},{"geometry":{"coordinates":[[-80.152966,39.483752],[-80.153644,39.483549]],"type":"LineString"},"id":"REF-FAIRMONT-SECONDARY-ROADS-174","properties":{"canon_status":"REAL_REFERENCE","county_route":null,"federal_lands_route":null,"fictionality":"REAL","globalid":"{73905434-AACA-430A-9CFB-55746B0163CC}","interstate":null,"interstate_a":null,"interstate_b":null,"interstate_c":null,"loaddate":1474004488000,"mtfcc_code":"S1200","name":"Locust Ave","objectid":20206739,"permanent_identifier":"827a2220-f05f-4d17-ac19-c93b1faa5e9b","real_world_relation":"REFERENCE_ONLY","shape_Length":80.95484419104099,"source_datadesc":"2016 January MAFTIGER","source_datasetid":"{9298FF95-0FA8-4712-9AA5-9292C907CA63}","source_featureid":"110803606896","source_id":"REF-FAIRMONT-SECONDARY-ROADS","source_originator":"U.S. Department of Commerce, U.S. Census Bureau, Geography Division","state_route":null,"state_route_a":null,"state_route_b":null,"state_route_c":null,"stco_fipscode":"54049","tnmfrc":2,"us_route":"19","us_route_a":"19","us_route_b":null,"us_route_c":null},"type":"Feature"},{"geometry":{"coordinates":[[-80.145765,39.483103],[-80.145141,39.483904]],"type":"LineString"},"id":"REF-FAIRMONT-SECONDARY-ROADS-175","properties":{"canon_status":"REAL_REFERENCE","county_route":null,"federal_lands_route":null,"fictionality":"REAL","globalid":"{881EC905-6746-44E1-A284-7F4CC1044062}","interstate":null,"interstate_a":null,"interstate_b":null,"interstate_c":null,"loaddate":1474004801000,"mtfcc_code":"S1200","name":"Adams St","objectid":20334428,"permanent_identifier":"9e0e7d8a-a0da-4ca0-b65e-ee3ffc949c39","real_world_relation":"REFERENCE_ONLY","shape_Length":134.80483982384894,"source_datadesc":"2016 January MAFTIGER","source_datasetid":"{9298FF95-0FA8-4712-9AA5-9292C907CA63}","source_featureid":"110803602067","source_id":"REF-FAIRMONT-SECONDARY-ROADS","source_originator":"U.S. Department of Commerce, U.S. Census Bureau, Geography Division","state_route":null,"state_route_a":null,"state_route_b":null,"state_route_c":null,"stco_fipscode":"54049","tnmfrc":2,"us_route":"250","us_route_a":"250","us_route_b":null,"us_route_c":null},"type":"Feature"},{"geometry":{"coordinates":[[-80.184779,39.422753],[-80.185156,39.422981],[-80.186141,39.423569]],"type":"LineString"},"id":"REF-FAIRMONT-SECONDARY-ROADS-176","properties":{"canon_status":"REAL_REFERENCE","county_route":null,"federal_lands_route":null,"fictionality":"REAL","globalid":"{B161A98B-E7C8-47A3-94A9-EC5CBE8B1BA0}","interstate":null,"interstate_a":null,"interstate_b":null,"interstate_c":null,"loaddate":1474004328000,"mtfcc_code":"S1200","name":"US Hwy 250","objectid":20334432,"permanent_identifier":"dd9a9827-f226-4015-bb06-2142845893ad","real_world_relation":"REFERENCE_ONLY","shape_Length":191.87451551713008,"source_datadesc":"2016 January MAFTIGER","source_datasetid":"{9298FF95-0FA8-4712-9AA5-9292C907CA63}","source_featureid":"110803586718","source_id":"REF-FAIRMONT-SECONDARY-ROADS","source_originator":"U.S. Department of Commerce, U.S. Census Bureau, Geography Division","state_route":null,"state_route_a":null,"state_route_b":null,"state_route_c":null,"stco_fipscode":"54049","tnmfrc":2,"us_route":"250","us_route_a":"250","us_route_b":null,"us_route_c":null},"type":"Feature"},{"geometry":{"coordinates":[[-80.218248,39.462511],[-80.218175,39.462554]],"type":"LineString"},"id":"REF-FAIRMONT-SECONDARY-ROADS-177","properties":{"canon_status":"REAL_REFERENCE","county_route":null,"federal_lands_route":null,"fictionality":"REAL","globalid":"{F900299C-355A-4EE4-8E91-C5222D278683}","interstate":null,"interstate_a":null,"interstate_b":null,"interstate_c":null,"loaddate":1474004881000,"mtfcc_code":"S1200","name":"Camden Ave","objectid":20462289,"permanent_identifier":"20b2a7a0-b521-49a3-aaca-2ba137a650f3","real_world_relation":"REFERENCE_ONLY","shape_Length":10.221447630347614,"source_datadesc":"2016 January MAFTIGER","source_datasetid":"{9298FF95-0FA8-4712-9AA5-9292C907CA63}","source_featureid":"110803606737","source_id":"REF-FAIRMONT-SECONDARY-ROADS","source_originator":"U.S. Department of Commerce, U.S. Census Bureau, Geography Division","state_route":null,"state_route_a":null,"state_route_b":null,"state_route_c":null,"stco_fipscode":"54049","tnmfrc":2,"us_route":"19","us_route_a":"19","us_route_b":null,"us_route_c":null},"type":"Feature"},{"geometry":{"coordinates":[[-80.141087,39.488654],[-80.141079,39.488709],[-80.141083,39.488826],[-80.141092,39.488897]],"type":"LineString"},"id":"REF-FAIRMONT-SECONDARY-ROADS-178","properties":{"canon_status":"REAL_REFERENCE","county_route":null,"federal_lands_route":null,"fictionality":"REAL","globalid":"{443FBBCA-E66A-4B70-BDC7-91E7BF1278AC}","interstate":null,"interstate_a":null,"interstate_b":null,"interstate_c":null,"loaddate":1474004488000,"mtfcc_code":"S1200","name":"Pennsylvania Ave","objectid":20462304,"permanent_identifier":"b7abb2c5-fd29-4fb6-8906-20405f9263db","real_world_relation":"REFERENCE_ONLY","shape_Length":35.15569800185726,"source_datadesc":"2016 January MAFTIGER","source_datasetid":"{9298FF95-0FA8-4712-9AA5-9292C907CA63}","source_featureid":"110803608553","source_id":"REF-FAIRMONT-SECONDARY-ROADS","source_originator":"U.S. Department of Commerce, U.S. Census Bureau, Geography Division","state_route":null,"state_route_a":null,"state_route_b":null,"state_route_c":null,"stco_fipscode":"54049","tnmfrc":2,"us_route":"19","us_route_a":"19","us_route_b":null,"us_route_c":null},"type":"Feature"},{"geometry":{"coordinates":[[-80.166996,39.493729],[-80.167827,39.493601]],"type":"LineString"},"id":"REF-FAIRMONT-SECONDARY-ROADS-179","properties":{"canon_status":"REAL_REFERENCE","county_route":null,"federal_lands_route":null,"fictionality":"REAL","globalid":"{C60B09DC-AC0E-496C-B0AA-EE8EC2D53A8D}","interstate":null,"interstate_a":null,"interstate_b":null,"interstate_c":null,"loaddate":1474004328000,"mtfcc_code":"S1200","name":"US Hwy 250","objectid":20462415,"permanent_identifier":"716915aa-28c6-4a83-a003-044c7f988798","real_world_relation":"REFERENCE_ONLY","shape_Length":94.33125997951228,"source_datadesc":"2016 January MAFTIGER","source_datasetid":"{9298FF95-0FA8-4712-9AA5-9292C907CA63}","source_featureid":"110803586713","source_id":"REF-FAIRMONT-SECONDARY-ROADS","source_originator":"U.S. Department of Commerce, U.S. Census Bureau, Geography Division","state_route":null,"state_route_a":null,"state_route_b":null,"state_route_c":null,"stco_fipscode":"54049","tnmfrc":2,"us_route":"250","us_route_a":"250","us_route_b":null,"us_route_c":null},"type":"Feature"},{"geometry":{"coordinates":[[-80.177419,39.420447],[-80.177556,39.420471]],"type":"LineString"},"id":"REF-FAIRMONT-SECONDARY-ROADS-180","properties":{"canon_status":"REAL_REFERENCE","county_route":null,"federal_lands_route":null,"fictionality":"REAL","globalid":"{E014E9CE-395E-4D5A-A18B-BE172E5E2B8D}","interstate":null,"interstate_a":null,"interstate_b":null,"interstate_c":null,"loaddate":1474004328000,"mtfcc_code":"S1200","name":"US Hwy 250","objectid":20975714,"permanent_identifier":"690d7977-93e7-4327-a1eb-c86cf5f65117","real_world_relation":"REFERENCE_ONLY","shape_Length":15.638034495758095,"source_datadesc":"2016 January MAFTIGER","source_datasetid":"{9298FF95-0FA8-4712-9AA5-9292C907CA63}","source_featureid":"110803586718","source_id":"REF-FAIRMONT-SECONDARY-ROADS","source_originator":"U.S. Department of Commerce, U.S. Census Bureau, Geography Division","state_route":null,"state_route_a":null,"state_route_b":null,"state_route_c":null,"stco_fipscode":"54049","tnmfrc":2,"us_route":"250","us_route_a":"250","us_route_b":null,"us_route_c":null},"type":"Feature"},{"geometry":{"coordinates":[[-80.157591,39.466759],[-80.157433,39.466941],[-80.157137,39.467265],[-80.156817,39.467604],[-80.156588,39.467874],[-80.156457,39.468043],[-80.156289,39.468298],[-80.156199,39.468415],[-80.156128,39.468527],[-80.156108,39.468554]],"type":"LineString"},"id":"REF-FAIRMONT-SECONDARY-ROADS-181","properties":{"canon_status":"REAL_REFERENCE","county_route":null,"federal_lands_route":null,"fictionality":"REAL","globalid":"{E3892F84-2E81-4BAF-AB91-1BE509AE5A0B}","interstate":null,"interstate_a":null,"interstate_b":null,"interstate_c":null,"loaddate":1474004852000,"mtfcc_code":"S1200","name":"Fairmont Ave","objectid":21231733,"permanent_identifier":"b5dfb0df-526d-4ce0-8327-ca000d94dd27","real_world_relation":"REFERENCE_ONLY","shape_Length":307.5277647663015,"source_datadesc":"2016 January MAFTIGER","source_datasetid":"{9298FF95-0FA8-4712-9AA5-9292C907CA63}","source_featureid":"110803607558","source_id":"REF-FAIRMONT-SECONDARY-ROADS","source_originator":"U.S. Department of Commerce, U.S. Census Bureau, Geography Division","state_route":"73","state_route_a":"73","state_route_b":null,"state_route_c":null,"stco_fipscode":"54049","tnmfrc":2,"us_route":"250","us_route_a":"250","us_route_b":null,"us_route_c":null},"type":"Feature"},{"geometry":{"coordinates":[[-80.149663,39.478455],[-80.149205,39.479147]],"type":"LineString"},"id":"REF-FAIRMONT-SECONDARY-ROADS-182","properties":{"canon_status":"REAL_REFERENCE","county_route":null,"federal_lands_route":null,"fictionality":"REAL","globalid":"{CEB5FCEC-4423-4EC2-9061-F6C2251FBCDD}","interstate":null,"interstate_a":null,"interstate_b":null,"interstate_c":null,"loaddate":1474004852000,"mtfcc_code":"S1200","name":"Fairmont Ave","objectid":21231738,"permanent_identifier":"978f9d51-c69d-43e4-9596-770934ab80e0","real_world_relation":"REFERENCE_ONLY","shape_Length":112.07059422541107,"source_datadesc":"2016 January MAFTIGER","source_datasetid":"{9298FF95-0FA8-4712-9AA5-9292C907CA63}","source_featureid":"110803607558","source_id":"REF-FAIRMONT-SECONDARY-ROADS","source_originator":"U.S. Department of Commerce, U.S. Census Bureau, Geography Division","state_route":"73","state_route_a":"73","state_route_b":null,"state_route_c":null,"stco_fipscode":"54049","tnmfrc":2,"us_route":"250","us_route_a":"250","us_route_b":null,"us_route_c":null},"type":"Feature"},{"geometry":{"coordinates":[[-80.14633,39.485514],[-80.146407,39.485614],[-80.146569,39.485913],[-80.146712,39.486138],[-80.146855,39.486303],[-80.146871,39.486319],[-80.146994,39.486441],[-80.147098,39.486526],[-80.147213,39.48661],[-80.147406,39.486777],[-80.147582,39.486925],[-80.148068,39.487336],[-80.148309,39.487539],[-80.148475,39.487656],[-80.148525,39.487685]],"type":"LineString"},"id":"REF-FAIRMONT-SECONDARY-ROADS-183","properties":{"canon_status":"REAL_REFERENCE","county_route":null,"federal_lands_route":null,"fictionality":"REAL","globalid":"{855E1312-060D-4E44-811B-5B3C002DEB68}","interstate":null,"interstate_a":null,"interstate_b":null,"interstate_c":null,"loaddate":1474004636000,"mtfcc_code":"S1200","name":"Cleveland Ave","objectid":21359505,"permanent_identifier":"057a20f5-7df6-4537-b178-39cba281cfdd","real_world_relation":"REFERENCE_ONLY","shape_Length":401.21553170650645,"source_datadesc":"2016 January MAFTIGER","source_datasetid":"{9298FF95-0FA8-4712-9AA5-9292C907CA63}","source_featureid":"110803607850","source_id":"REF-FAIRMONT-SECONDARY-ROADS","source_originator":"U.S. Department of Commerce, U.S. Census Bureau, Geography Division","state_route":null,"state_route_a":null,"state_route_b":null,"state_route_c":null,"stco_fipscode":"54049","tnmfrc":2,"us_route":"250","us_route_a":"250","us_route_b":null,"us_route_c":null},"type":"Feature"},{"geometry":{"coordinates":[[-80.180402,39.437403],[-80.180145,39.437578],[-80.179934,39.437735],[-80.179661,39.437995],[-80.179485,39.43819],[-80.179388,39.438313],[-80.179274,39.438491],[-80.179125,39.438745],[-80.179003,39.439015]],"type":"LineString"},"id":"REF-FAIRMONT-SECONDARY-ROADS-184","properties":{"canon_status":"REAL_REFERENCE","county_route":null,"federal_lands_route":null,"fictionality":"REAL","globalid":"{1BBDE669-7E98-4F51-AA5F-A0696DC1FEAC}","interstate":null,"interstate_a":null,"interstate_b":null,"interstate_c":null,"loaddate":1474004334000,"mtfcc_code":"S1200","name":"State Rte 73","objectid":21615416,"permanent_identifier":"0ff4af8c-1219-4d19-a2a6-ce85a889fbe7","real_world_relation":"REFERENCE_ONLY","shape_Length":284.0626290922677,"source_datadesc":"2016 January MAFTIGER","source_datasetid":"{9298FF95-0FA8-4712-9AA5-9292C907CA63}","source_featureid":"110803586666","source_id":"REF-FAIRMONT-SECONDARY-ROADS","source_originator":"U.S. Department of Commerce, U.S. Census Bureau, Geography Division","state_route":"73","state_route_a":"73","state_route_b":null,"state_route_c":null,"stco_fipscode":"54049","tnmfrc":2,"us_route":"250","us_route_a":"250","us_route_b":null,"us_route_c":null},"type":"Feature"},{"geometry":{"coordinates":[[-80.139331,39.497661],[-80.138903,39.49785],[-80.138557,39.497984],[-80.138412,39.498054],[-80.138277,39.498106],[-80.13791,39.498247]],"type":"LineString"},"id":"REF-FAIRMONT-SECONDARY-ROADS-185","properties":{"canon_status":"REAL_REFERENCE","county_route":null,"federal_lands_route":null,"fictionality":"REAL","globalid":"{024D4781-74BE-4438-83B1-5B32563CD891}","interstate":null,"interstate_a":null,"interstate_b":null,"interstate_c":null,"loaddate":1474004667000,"mtfcc_code":"S1200","name":"Pennsylvania Ave","objectid":21615503,"permanent_identifier":"31783734-cd2f-41c1-aa89-fa7a11924e66","real_world_relation":"REFERENCE_ONLY","shape_Length":179.4645619828892,"source_datadesc":"2016 January MAFTIGER","source_datasetid":"{9298FF95-0FA8-4712-9AA5-9292C907CA63}","source_featureid":"110803608551","source_id":"REF-FAIRMONT-SECONDARY-ROADS","source_originator":"U.S. Department of Commerce, U.S. Census Bureau, Geography Division","state_route":null,"state_route_a":null,"state_route_b":null,"state_route_c":null,"stco_fipscode":"54049","tnmfrc":2,"us_route":"19","us_route_a":"19","us_route_b":null,"us_route_c":null},"type":"Feature"},{"geometry":{"coordinates":[[-80.136023,39.499724],[-80.135922,39.500093],[-80.135885,39.500196]],"type":"LineString"},"id":"REF-FAIRMONT-SECONDARY-ROADS-186","properties":{"canon_status":"REAL_REFERENCE","county_route":null,"federal_lands_route":null,"fictionality":"REAL","globalid":"{90E13B22-BCAB-47BA-A0ED-50471AB11C69}","interstate":null,"interstate_a":null,"interstate_b":null,"interstate_c":null,"loaddate":1474004494000,"mtfcc_code":"S1200","name":"Pennsylvania Ave","objectid":21615504,"permanent_identifier":"2b98583e-d492-4b5b-9596-51952b59b76a","real_world_relation":"REFERENCE_ONLY","shape_Length":69.82833382358363,"source_datadesc":"2016 January MAFTIGER","source_datasetid":"{9298FF95-0FA8-4712-9AA5-9292C907CA63}","source_featureid":"110803608552","source_id":"REF-FAIRMONT-SECONDARY-ROADS","source_originator":"U.S. Department of Commerce, U.S. Census Bureau, Geography Division","state_route":null,"state_route_a":null,"state_route_b":null,"state_route_c":null,"stco_fipscode":"54049","tnmfrc":2,"us_route":"19","us_route_a":"19","us_route_b":null,"us_route_c":null},"type":"Feature"},{"geometry":{"coordinates":[[-80.134066,39.509227],[-80.134083,39.509276]],"type":"LineString"},"id":"REF-FAIRMONT-SECONDARY-ROADS-187","properties":{"canon_status":"REAL_REFERENCE","county_route":null,"federal_lands_route":null,"fictionality":"REAL","globalid":"{1F0EEB16-42B3-4D5A-9D85-02CB76B83AA8}","interstate":null,"interstate_a":null,"interstate_b":null,"interstate_c":null,"loaddate":1474004328000,"mtfcc_code":"S1200","name":"US Hwy 19","objectid":21871577,"permanent_identifier":"9b6d362f-5820-4cbd-8c0a-a09aeaadef88","real_world_relation":"REFERENCE_ONLY","shape_Length":7.318885008328726,"source_datadesc":"2016 January MAFTIGER","source_datasetid":"{9298FF95-0FA8-4712-9AA5-9292C907CA63}","source_featureid":"110803586626","source_id":"REF-FAIRMONT-SECONDARY-ROADS","source_originator":"U.S. Department of Commerce, U.S. Census Bureau, Geography Division","state_route":null,"state_route_a":null,"state_route_b":null,"state_route_c":null,"stco_fipscode":"54049","tnmfrc":2,"us_route":"19","us_route_a":"19","us_route_b":null,"us_route_c":null},"type":"Feature"},{"geometry":{"coordinates":[[-80.180763,39.491316],[-80.181766,39.491104],[-80.182449,39.490967],[-80.182788,39.490895],[-80.18304,39.490858],[-80.183304,39.490849],[-80.183602,39.490872],[-80.183883,39.490904]],"type":"LineString"},"id":"REF-FAIRMONT-SECONDARY-ROADS-188","properties":{"canon_status":"REAL_REFERENCE","county_route":null,"federal_lands_route":null,"fictionality":"REAL","globalid":"{2F0AF8B8-352E-4688-BC5A-F742D1A3820A}","interstate":null,"interstate_a":null,"interstate_b":null,"interstate_c":null,"loaddate":1474004328000,"mtfcc_code":"S1200","name":"US Hwy 250","objectid":22127913,"permanent_identifier":"b4e0da5f-bd49-4c55-8443-0ddac166cd1f","real_world_relation":"REFERENCE_ONLY","shape_Length":356.39445852888934,"source_datadesc":"2016 January MAFTIGER","source_datasetid":"{9298FF95-0FA8-4712-9AA5-9292C907CA63}","source_featureid":"110803586713","source_id":"REF-FAIRMONT-SECONDARY-ROADS","source_originator":"U.S. Department of Commerce, U.S. Census Bureau, Geography Division","state_route":null,"state_route_a":null,"state_route_b":null,"state_route_c":null,"stco_fipscode":"54049","tnmfrc":2,"us_route":"250","us_route_a":"250","us_route_b":null,"us_route_c":null},"type":"Feature"},{"geometry":{"coordinates":[[-80.119212,39.547631],[-80.119132,39.548651],[-80.119127,39.54885],[-80.119137,39.549035],[-80.119156,39.549183],[-80.119275,39.549553]],"type":"LineString"},"id":"REF-FAIRMONT-SECONDARY-ROADS-189","properties":{"canon_status":"REAL_REFERENCE","county_route":null,"federal_lands_route":null,"fictionality":"REAL","globalid":"{9FB0CA28-F2AC-4A71-B693-5D9F3D52D95F}","interstate":null,"interstate_a":null,"interstate_b":null,"interstate_c":null,"loaddate":1474004328000,"mtfcc_code":"S1200","name":"US Hwy 19","objectid":22127914,"permanent_identifier":"51986956-5374-4ff9-a95c-503a6569b66c","real_world_relation":"REFERENCE_ONLY","shape_Length":279.49435341618704,"source_datadesc":"2016 January MAFTIGER","source_datasetid":"{9298FF95-0FA8-4712-9AA5-9292C907CA63}","source_featureid":"110803586626","source_id":"REF-FAIRMONT-SECONDARY-ROADS","source_originator":"U.S. Department of Commerce, U.S. Census Bureau, Geography Division","state_route":null,"state_route_a":null,"state_route_b":null,"state_route_c":null,"stco_fipscode":"54049","tnmfrc":2,"us_route":"19","us_route_a":"19","us_route_b":null,"us_route_c":null},"type":"Feature"},{"geometry":{"coordinates":[[-80.119516,39.529655],[-80.119166,39.529667],[-80.118823,39.529672],[-80.118109,39.529693]],"type":"LineString"},"id":"REF-FAIRMONT-SECONDARY-ROADS-190","properties":{"canon_status":"REAL_REFERENCE","county_route":null,"federal_lands_route":null,"fictionality":"REAL","globalid":"{A2C20883-669A-44FD-B08A-4E714525F27A}","interstate":null,"interstate_a":null,"interstate_b":null,"interstate_c":null,"loaddate":1474004667000,"mtfcc_code":"S1200","name":"Main St","objectid":22384328,"permanent_identifier":"580011d3-0e7b-41f2-8ae9-731c3f2f78d4","real_world_relation":"REFERENCE_ONLY","shape_Length":156.7295638518421,"source_datadesc":"2016 January MAFTIGER","source_datasetid":"{9298FF95-0FA8-4712-9AA5-9292C907CA63}","source_featureid":"110803596607","source_id":"REF-FAIRMONT-SECONDARY-ROADS","source_originator":"U.S. Department of Commerce, U.S. Census Bureau, Geography Division","state_route":null,"state_route_a":null,"state_route_b":null,"state_route_c":null,"stco_fipscode":"54049","tnmfrc":2,"us_route":"19","us_route_a":"19","us_route_b":null,"us_route_c":null},"type":"Feature"},{"geometry":{"coordinates":[[-80.164843,39.401832],[-80.164896,39.401953],[-80.164971,39.402054],[-80.165041,39.402128],[-80.165217,39.40224],[-80.165433,39.402304]],"type":"LineString"},"id":"REF-FAIRMONT-SECONDARY-ROADS-191","properties":{"canon_status":"REAL_REFERENCE","county_route":null,"federal_lands_route":null,"fictionality":"REAL","globalid":"{DC8CB5CB-E500-4FC5-B6A6-8BA59E569F83}","interstate":null,"interstate_a":null,"interstate_b":null,"interstate_c":null,"loaddate":1474004328000,"mtfcc_code":"S1200","name":"US Hwy 250","objectid":22512211,"permanent_identifier":"b2a54e65-6574-4ee9-bad8-4912d843eab2","real_world_relation":"REFERENCE_ONLY","shape_Length":99.51692785318997,"source_datadesc":"2016 January MAFTIGER","source_datasetid":"{9298FF95-0FA8-4712-9AA5-9292C907CA63}","source_featureid":"110803586718","source_id":"REF-FAIRMONT-SECONDARY-ROADS","source_originator":"U.S. Department of Commerce, U.S. Census Bureau, Geography Division","state_route":null,"state_route_a":null,"state_route_b":null,"state_route_c":null,"stco_fipscode":"54049","tnmfrc":2,"us_route":"250","us_route_a":"250","us_route_b":null,"us_route_c":null},"type":"Feature"},{"geometry":{"coordinates":[[-80.18396,39.472172],[-80.18406,39.47216]],"type":"LineString"},"id":"REF-FAIRMONT-SECONDARY-ROADS-192","properties":{"canon_status":"REAL_REFERENCE","county_route":null,"federal_lands_route":null,"fictionality":"REAL","globalid":"{9A7DF658-137E-4327-B57A-B8613B0EA016}","interstate":null,"interstate_a":null,"interstate_b":null,"interstate_c":null,"loaddate":1474004488000,"mtfcc_code":"S1200","name":"Locust Ave","objectid":22640537,"permanent_identifier":"f6ead886-218e-4fb0-be53-64b524029f1f","real_world_relation":"REFERENCE_ONLY","shape_Length":11.26570256431912,"source_datadesc":"2016 January MAFTIGER","source_datasetid":"{9298FF95-0FA8-4712-9AA5-9292C907CA63}","source_featureid":"110803606896","source_id":"REF-FAIRMONT-SECONDARY-ROADS","source_originator":"U.S. Department of Commerce, U.S. Census Bureau, Geography Division","state_route":null,"state_route_a":null,"state_route_b":null,"state_route_c":null,"stco_fipscode":"54049","tnmfrc":2,"us_route":"19","us_route_a":"19","us_route_b":null,"us_route_c":null},"type":"Feature"},{"geometry":{"coordinates":[[-80.217534,39.463131],[-80.217289,39.463391],[-80.217158,39.463503],[-80.216944,39.463709],[-80.216811,39.463857],[-80.216337,39.464321],[-80.215982,39.464684],[-80.215937,39.464723],[-80.215672,39.464987],[-80.215452,39.465229],[-80.21539,39.465297],[-80.215148,39.465549],[-80.214815,39.465875],[-80.214436,39.466262]],"type":"LineString"},"id":"REF-FAIRMONT-SECONDARY-ROADS-193","properties":{"canon_status":"REAL_REFERENCE","county_route":null,"federal_lands_route":null,"fictionality":"REAL","globalid":"{E4BA527C-02BF-4F7C-8377-70928D4D7250}","interstate":null,"interstate_a":null,"interstate_b":null,"interstate_c":null,"loaddate":1474004881000,"mtfcc_code":"S1200","name":"Camden Ave","objectid":22640552,"permanent_identifier":"501a12ff-cf0f-4e85-8da7-d4ea3411e27a","real_world_relation":"REFERENCE_ONLY","shape_Length":568.3321491393901,"source_datadesc":"2016 January MAFTIGER","source_datasetid":"{9298FF95-0FA8-4712-9AA5-9292C907CA63}","source_featureid":"110803606737","source_id":"REF-FAIRMONT-SECONDARY-ROADS","source_originator":"U.S. Department of Commerce, U.S. Census Bureau, Geography Division","state_route":null,"state_route_a":null,"state_route_b":null,"state_route_c":null,"stco_fipscode":"54049","tnmfrc":2,"us_route":"19","us_route_a":"19","us_route_b":null,"us_route_c":null},"type":"Feature"},{"geometry":{"coordinates":[[-80.141092,39.488897],[-80.141108,39.488928],[-80.141174,39.489014],[-80.1417,39.489427]],"type":"LineString"},"id":"REF-FAIRMONT-SECONDARY-ROADS-194","properties":{"canon_status":"REAL_REFERENCE","county_route":null,"federal_lands_route":null,"fictionality":"REAL","globalid":"{5642042B-1613-476C-8574-D82278E03C97}","interstate":null,"interstate_a":null,"interstate_b":null,"interstate_c":null,"loaddate":1474004488000,"mtfcc_code":"S1200","name":"Pennsylvania Ave","objectid":22768212,"permanent_identifier":"1e7a486f-7855-4c6a-8be9-b12fddb9a041","real_world_relation":"REFERENCE_ONLY","shape_Length":102.76202515613201,"source_datadesc":"2016 January MAFTIGER","source_datasetid":"{9298FF95-0FA8-4712-9AA5-9292C907CA63}","source_featureid":"110803608553","source_id":"REF-FAIRMONT-SECONDARY-ROADS","source_originator":"U.S. Department of Commerce, U.S. Census Bureau, Geography Division","state_route":null,"state_route_a":null,"state_route_b":null,"state_route_c":null,"stco_fipscode":"54049","tnmfrc":2,"us_route":"19","us_route_a":"19","us_route_b":null,"us_route_c":null},"type":"Feature"},{"geometry":{"coordinates":[[-80.15611,39.490614],[-80.156207,39.490782]],"type":"LineString"},"id":"REF-FAIRMONT-SECONDARY-ROADS-195","properties":{"canon_status":"REAL_REFERENCE","county_route":null,"federal_lands_route":null,"fictionality":"REAL","globalid":"{001E6684-D72F-490B-B4BD-E530033F7E86}","interstate":null,"interstate_a":null,"interstate_b":null,"interstate_c":null,"loaddate":1474004494000,"mtfcc_code":"S1200","name":"Cleveland Ave","objectid":22768227,"permanent_identifier":"01a81442-8d40-4412-8f25-a5f741fee64b","real_world_relation":"REFERENCE_ONLY","shape_Length":26.5303472725796,"source_datadesc":"2016 January MAFTIGER","source_datasetid":"{9298FF95-0FA8-4712-9AA5-9292C907CA63}","source_featureid":"110803607850","source_id":"REF-FAIRMONT-SECONDARY-ROADS","source_originator":"U.S. Department of Commerce, U.S. Census Bureau, Geography Division","state_route":null,"state_route_a":null,"state_route_b":null,"state_route_c":null,"stco_fipscode":"54049","tnmfrc":2,"us_route":"250","us_route_a":"250","us_route_b":null,"us_route_c":null},"type":"Feature"},{"geometry":{"coordinates":[[-80.172943,39.47292],[-80.173219,39.472841]],"type":"LineString"},"id":"REF-FAIRMONT-SECONDARY-ROADS-196","properties":{"canon_status":"REAL_REFERENCE","county_route":null,"federal_lands_route":null,"fictionality":"REAL","globalid":"{DE5D8C88-DB64-4815-8234-D13D758F661C}","interstate":null,"interstate_a":null,"interstate_b":null,"interstate_c":null,"loaddate":1474004488000,"mtfcc_code":"S1200","name":"Locust Ave","objectid":22768304,"permanent_identifier":"82a596e4-c7d6-4077-ad85-5379792e8aa2","real_world_relation":"REFERENCE_ONLY","shape_Length":32.76839636515627,"source_datadesc":"2016 January MAFTIGER","source_datasetid":"{9298FF95-0FA8-4712-9AA5-9292C907CA63}","source_featureid":"110803606896","source_id":"REF-FAIRMONT-SECONDARY-ROADS","source_originator":"U.S. Department of Commerce, U.S. Census Bureau, Geography Division","state_route":null,"state_route_a":null,"state_route_b":null,"state_route_c":null,"stco_fipscode":"54049","tnmfrc":2,"us_route":"19","us_route_a":"19","us_route_b":null,"us_route_c":null},"type":"Feature"},{"geometry":{"coordinates":[[-80.156668,39.495159],[-80.156673,39.495261],[-80.156721,39.495366]],"type":"LineString"},"id":"REF-FAIRMONT-SECONDARY-ROADS-197","properties":{"canon_status":"REAL_REFERENCE","county_route":null,"federal_lands_route":null,"fictionality":"REAL","globalid":"{727004B4-1FBA-4267-A3D9-B50E3A5A52C5}","interstate":null,"interstate_a":null,"interstate_b":null,"interstate_c":null,"loaddate":1474004328000,"mtfcc_code":"S1200","name":"US Hwy 250","objectid":22768311,"permanent_identifier":"3b28c04c-2daa-4032-9ccf-f206102cc1e6","real_world_relation":"REFERENCE_ONLY","shape_Length":30.78648945814636,"source_datadesc":"2016 January MAFTIGER","source_datasetid":"{9298FF95-0FA8-4712-9AA5-9292C907CA63}","source_featureid":"110803586713","source_id":"REF-FAIRMONT-SECONDARY-ROADS","source_originator":"U.S. Department of Commerce, U.S. Census Bureau, Geography Division","state_route":null,"state_route_a":null,"state_route_b":null,"state_route_c":null,"stco_fipscode":"54049","tnmfrc":2,"us_route":"250","us_route_a":"250","us_route_b":null,"us_route_c":null},"type":"Feature"},{"geometry":{"coordinates":[[-80.156656,39.482429],[-80.15711,39.482271]],"type":"LineString"},"id":"REF-FAIRMONT-SECONDARY-ROADS-198","properties":{"canon_status":"REAL_REFERENCE","county_route":null,"federal_lands_route":null,"fictionality":"REAL","globalid":"{E57401DB-2F2C-4EB9-86D7-AF821B574908}","interstate":null,"interstate_a":null,"interstate_b":null,"interstate_c":null,"loaddate":1474004488000,"mtfcc_code":"S1200","name":"Locust Ave","objectid":22896555,"permanent_identifier":"aadc406b-dacc-4721-9aef-fe1a69309366","real_world_relation":"REFERENCE_ONLY","shape_Length":55.43922118654031,"source_datadesc":"2016 January MAFTIGER","source_datasetid":"{9298FF95-0FA8-4712-9AA5-9292C907CA63}","source_featureid":"110803606896","source_id":"REF-FAIRMONT-SECONDARY-ROADS","source_originator":"U.S. Department of Commerce, U.S. Census Bureau, Geography Division","state_route":null,"state_route_a":null,"state_route_b":null,"state_route_c":null,"stco_fipscode":"54049","tnmfrc":2,"us_route":"19","us_route_a":"19","us_route_b":null,"us_route_c":null},"type":"Feature"},{"geometry":{"coordinates":[[-80.17389,39.416211],[-80.173912,39.416239],[-80.174065,39.416495],[-80.174154,39.416666],[-80.174188,39.416743],[-80.17428,39.416953],[-80.174393,39.417251],[-80.174425,39.417326],[-80.174459,39.417404]],"type":"LineString"},"id":"REF-FAIRMONT-SECONDARY-ROADS-199","properties":{"canon_status":"REAL_REFERENCE","county_route":null,"federal_lands_route":null,"fictionality":"REAL","globalid":"{D7273BCE-BCE7-4299-987E-1111EC6A71E9}","interstate":null,"interstate_a":null,"interstate_b":null,"interstate_c":null,"loaddate":1474004328000,"mtfcc_code":"S1200","name":"US Hwy 250","objectid":22896556,"permanent_identifier":"ec40de99-ead0-4768-b951-11b290c8157c","real_world_relation":"REFERENCE_ONLY","shape_Length":183.55941738444824,"source_datadesc":"2016 January MAFTIGER","source_datasetid":"{9298FF95-0FA8-4712-9AA5-9292C907CA63}","source_featureid":"110803586718","source_id":"REF-FAIRMONT-SECONDARY-ROADS","source_originator":"U.S. Department of Commerce, U.S. Census Bureau, Geography Division","state_route":null,"state_route_a":null,"state_route_b":null,"state_route_c":null,"stco_fipscode":"54049","tnmfrc":2,"us_route":"250","us_route_a":"250","us_route_b":null,"us_route_c":null},"type":"Feature"},{"geometry":{"coordinates":[[-80.15591,39.48268],[-80.155943,39.482666]],"type":"LineString"},"id":"REF-FAIRMONT-SECONDARY-ROADS-200","properties":{"canon_status":"REAL_REFERENCE","county_route":null,"federal_lands_route":null,"fictionality":"REAL","globalid":"{BFE771EB-0C6B-4D57-B10B-60733056BC8F}","interstate":null,"interstate_a":null,"interstate_b":null,"interstate_c":null,"loaddate":1474004488000,"mtfcc_code":"S1200","name":"Locust Ave","objectid":23025161,"permanent_identifier":"188c1b8e-4c4f-4a7b-98c2-56f22d260fcd","real_world_relation":"REFERENCE_ONLY","shape_Length":4.191957249807725,"source_datadesc":"2016 January MAFTIGER","source_datasetid":"{9298FF95-0FA8-4712-9AA5-9292C907CA63}","source_featureid":"110803606896","source_id":"REF-FAIRMONT-SECONDARY-ROADS","source_originator":"U.S. Department of Commerce, U.S. Census Bureau, Geography Division","state_route":null,"state_route_a":null,"state_route_b":null,"state_route_c":null,"stco_fipscode":"54049","tnmfrc":2,"us_route":"19","us_route_a":"19","us_route_b":null,"us_route_c":null},"type":"Feature"},{"geometry":{"coordinates":[[-80.164999,39.480224],[-80.165203,39.48007]],"type":"LineString"},"id":"REF-FAIRMONT-SECONDARY-ROADS-201","properties":{"canon_status":"REAL_REFERENCE","county_route":null,"federal_lands_route":null,"fictionality":"REAL","globalid":"{1D5C9AC7-3D17-4836-B81C-D9A3ED0F3B1F}","interstate":null,"interstate_a":null,"interstate_b":null,"interstate_c":null,"loaddate":1474004419000,"mtfcc_code":"S1200","name":"Locust Ave","objectid":23025167,"permanent_identifier":"f23423d6-3352-44d9-98c2-288a71ca7310","real_world_relation":"REFERENCE_ONLY","shape_Length":31.765051820792824,"source_datadesc":"2016 January MAFTIGER","source_datasetid":"{9298FF95-0FA8-4712-9AA5-9292C907CA63}","source_featureid":"110803606896","source_id":"REF-FAIRMONT-SECONDARY-ROADS","source_originator":"U.S. Department of Commerce, U.S. Census Bureau, Geography Division","state_route":null,"state_route_a":null,"state_route_b":null,"state_route_c":null,"stco_fipscode":"54049","tnmfrc":2,"us_route":"19","us_route_a":"19","us_route_b":null,"us_route_c":null},"type":"Feature"},{"geometry":{"coordinates":[[-80.171216,39.413691],[-80.171334,39.413743],[-80.171534,39.413831],[-80.171672,39.413897]],"type":"LineString"},"id":"REF-FAIRMONT-SECONDARY-ROADS-202","properties":{"canon_status":"REAL_REFERENCE","county_route":null,"federal_lands_route":null,"fictionality":"REAL","globalid":"{ACAB5452-DE09-4BC9-8EA4-B5B56D8E823F}","interstate":null,"interstate_a":null,"interstate_b":null,"interstate_c":null,"loaddate":1474004328000,"mtfcc_code":"S1200","name":"US Hwy 250","objectid":23281417,"permanent_identifier":"f792f7ae-c0df-498e-aa38-dd7667fa172e","real_world_relation":"REFERENCE_ONLY","shape_Length":58.8111399224184,"source_datadesc":"2016 January MAFTIGER","source_datasetid":"{9298FF95-0FA8-4712-9AA5-9292C907CA63}","source_featureid":"110803586718","source_id":"REF-FAIRMONT-SECONDARY-ROADS","source_originator":"U.S. Department of Commerce, U.S. Census Bureau, Geography Division","state_route":null,"state_route_a":null,"state_route_b":null,"state_route_c":null,"stco_fipscode":"54049","tnmfrc":2,"us_route":"250","us_route_a":"250","us_route_b":null,"us_route_c":null},"type":"Feature"},{"geometry":{"coordinates":[[-80.182756,39.472334],[-80.183048,39.472303],[-80.18396,39.472172]],"type":"LineString"},"id":"REF-FAIRMONT-SECONDARY-ROADS-203","properties":{"canon_status":"REAL_REFERENCE","county_route":null,"federal_lands_route":null,"fictionality":"REAL","globalid":"{03D28FFC-687D-4137-B96A-35AD223BF8DC}","interstate":null,"interstate_a":null,"interstate_b":null,"interstate_c":null,"loaddate":1474004488000,"mtfcc_code":"S1200","name":"Locust Ave","objectid":23281491,"permanent_identifier":"52b04546-6495-466b-a191-02f3690c75e2","real_world_relation":"REFERENCE_ONLY","shape_Length":136.077368924824,"source_datadesc":"2016 January MAFTIGER","source_datasetid":"{9298FF95-0FA8-4712-9AA5-9292C907CA63}","source_featureid":"110803606896","source_id":"REF-FAIRMONT-SECONDARY-ROADS","source_originator":"U.S. Department of Commerce, U.S. Census Bureau, Geography Division","state_route":null,"state_route_a":null,"state_route_b":null,"state_route_c":null,"stco_fipscode":"54049","tnmfrc":2,"us_route":"19","us_route_a":"19","us_route_b":null,"us_route_c":null},"type":"Feature"},{"geometry":{"coordinates":[[-80.142764,39.490574],[-80.142786,39.490751],[-80.142787,39.490994],[-80.142787,39.491213],[-80.142803,39.491442],[-80.14283,39.491671],[-80.142911,39.492053],[-80.143006,39.492538],[-80.143055,39.492765],[-80.143092,39.493126],[-80.143091,39.493301],[-80.143067,39.493482],[-80.143023,39.493614],[-80.142963,39.493754],[-80.142833,39.493934]],"type":"LineString"},"id":"REF-FAIRMONT-SECONDARY-ROADS-204","properties":{"canon_status":"REAL_REFERENCE","county_route":null,"federal_lands_route":null,"fictionality":"REAL","globalid":"{3CF84601-231A-40FD-8A0B-3DFB59687D55}","interstate":null,"interstate_a":null,"interstate_b":null,"interstate_c":null,"loaddate":1474004488000,"mtfcc_code":"S1200","name":"Pennsylvania Ave","objectid":23409177,"permanent_identifier":"687e61a5-65e6-4b1d-8dc6-e70489a88264","real_world_relation":"REFERENCE_ONLY","shape_Length":492.71721287551645,"source_datadesc":"2016 January MAFTIGER","source_datasetid":"{9298FF95-0FA8-4712-9AA5-9292C907CA63}","source_featureid":"110803608553","source_id":"REF-FAIRMONT-SECONDARY-ROADS","source_originator":"U.S. Department of Commerce, U.S. Census Bureau, Geography Division","state_route":null,"state_route_a":null,"state_route_b":null,"state_route_c":null,"stco_fipscode":"54049","tnmfrc":2,"us_route":"19","us_route_a":"19","us_route_b":null,"us_route_c":null},"type":"Feature"},{"geometry":{"coordinates":[[-80.149696,39.487914],[-80.150014,39.487938],[-80.150337,39.487967],[-80.150721,39.488012]],"type":"LineString"},"id":"REF-FAIRMONT-SECONDARY-ROADS-205","properties":{"canon_status":"REAL_REFERENCE","county_route":null,"federal_lands_route":null,"fictionality":"REAL","globalid":"{02C8B565-3BB6-4315-8815-696D9BC8F96C}","interstate":null,"interstate_a":null,"interstate_b":null,"interstate_c":null,"loaddate":1474004636000,"mtfcc_code":"S1200","name":"Cleveland Ave","objectid":23409239,"permanent_identifier":"45e20613-7051-4780-bea0-ab48d34b992c","real_world_relation":"REFERENCE_ONLY","shape_Length":115.0038485185274,"source_datadesc":"2016 January MAFTIGER","source_datasetid":"{9298FF95-0FA8-4712-9AA5-9292C907CA63}","source_featureid":"110803607850","source_id":"REF-FAIRMONT-SECONDARY-ROADS","source_originator":"U.S. Department of Commerce, U.S. Census Bureau, Geography Division","state_route":null,"state_route_a":null,"state_route_b":null,"state_route_c":null,"stco_fipscode":"54049","tnmfrc":2,"us_route":"250","us_route_a":"250","us_route_b":null,"us_route_c":null},"type":"Feature"},{"geometry":{"coordinates":[[-80.178816,39.491724],[-80.178967,39.491687],[-80.179447,39.491585]],"type":"LineString"},"id":"REF-FAIRMONT-SECONDARY-ROADS-206","properties":{"canon_status":"REAL_REFERENCE","county_route":null,"federal_lands_route":null,"fictionality":"REAL","globalid":"{7B22A21B-8346-4A40-9615-BF52D15AE156}","interstate":null,"interstate_a":null,"interstate_b":null,"interstate_c":null,"loaddate":1474004328000,"mtfcc_code":"S1200","name":"US Hwy 250","objectid":23665460,"permanent_identifier":"37fc49f6-4319-4dd8-9bc9-93330d63b300","real_world_relation":"REFERENCE_ONLY","shape_Length":73.05834099286741,"source_datadesc":"2016 January MAFTIGER","source_datasetid":"{9298FF95-0FA8-4712-9AA5-9292C907CA63}","source_featureid":"110803586713","source_id":"REF-FAIRMONT-SECONDARY-ROADS","source_originator":"U.S. Department of Commerce, U.S. Census Bureau, Geography Division","state_route":null,"state_route_a":null,"state_route_b":null,"state_route_c":null,"stco_fipscode":"54049","tnmfrc":2,"us_route":"250","us_route_a":"250","us_route_b":null,"us_route_c":null},"type":"Feature"},{"geometry":{"coordinates":[[-80.187477,39.43152],[-80.187258,39.432136],[-80.187181,39.432303]],"type":"LineString"},"id":"REF-FAIRMONT-SECONDARY-ROADS-207","properties":{"canon_status":"REAL_REFERENCE","county_route":null,"federal_lands_route":null,"fictionality":"REAL","globalid":"{36B0057C-B0DB-424B-9B95-DDA00CE4C586}","interstate":null,"interstate_a":null,"interstate_b":null,"interstate_c":null,"loaddate":1474004334000,"mtfcc_code":"S1200","name":"State Rte 73","objectid":23793925,"permanent_identifier":"1497ae74-5ec8-4f78-b721-86a874378274","real_world_relation":"REFERENCE_ONLY","shape_Length":117.61720929787234,"source_datadesc":"2016 January MAFTIGER","source_datasetid":"{9298FF95-0FA8-4712-9AA5-9292C907CA63}","source_featureid":"110803586668","source_id":"REF-FAIRMONT-SECONDARY-ROADS","source_originator":"U.S. Department of Commerce, U.S. Census Bureau, Geography Division","state_route":"73","state_route_a":"73","state_route_b":null,"state_route_c":null,"stco_fipscode":"54049","tnmfrc":2,"us_route":"250","us_route_a":"250","us_route_b":null,"us_route_c":null},"type":"Feature"},{"geometry":{"coordinates":[[-80.166552,39.456097],[-80.166201,39.456506]],"type":"LineString"},"id":"REF-FAIRMONT-SECONDARY-ROADS-208","properties":{"canon_status":"REAL_REFERENCE","county_route":null,"federal_lands_route":null,"fictionality":"REAL","globalid":"{FC717CF8-2759-4319-BE60-5306D5A471B7}","interstate":null,"interstate_a":null,"interstate_b":null,"interstate_c":null,"loaddate":1474004852000,"mtfcc_code":"S1200","name":"Fairmont Ave","objectid":23793990,"permanent_identifier":"1321cb9b-1eb3-4ad3-9cbd-13735ea414d4","real_world_relation":"REFERENCE_ONLY","shape_Length":70.7383939182174,"source_datadesc":"2016 January MAFTIGER","source_datasetid":"{9298FF95-0FA8-4712-9AA5-9292C907CA63}","source_featureid":"110803607558","source_id":"REF-FAIRMONT-SECONDARY-ROADS","source_originator":"U.S. Department of Commerce, U.S. Census Bureau, Geography Division","state_route":"73","state_route_a":"73","state_route_b":null,"state_route_c":null,"stco_fipscode":"54049","tnmfrc":2,"us_route":"250","us_route_a":"250","us_route_b":null,"us_route_c":null},"type":"Feature"},{"geometry":{"coordinates":[[-80.134155,39.504622],[-80.13407,39.504654],[-80.134019,39.504687],[-80.133953,39.504731],[-80.133823,39.504867],[-80.133663,39.505097],[-80.133562,39.505277],[-80.133505,39.505413],[-80.133467,39.505537]],"type":"LineString"},"id":"REF-FAIRMONT-SECONDARY-ROADS-209","properties":{"canon_status":"REAL_REFERENCE","county_route":null,"federal_lands_route":null,"fictionality":"REAL","globalid":"{90B7D89D-8F60-4DEE-995F-9D4B4F0A93D7}","interstate":null,"interstate_a":null,"interstate_b":null,"interstate_c":null,"loaddate":1474004494000,"mtfcc_code":"S1200","name":"Pennsylvania Ave","objectid":23922185,"permanent_identifier":"3e8b52c2-747f-4b62-b3f3-d1c06fd554ec","real_world_relation":"REFERENCE_ONLY","shape_Length":156.99535442475116,"source_datadesc":"2016 January MAFTIGER","source_datasetid":"{9298FF95-0FA8-4712-9AA5-9292C907CA63}","source_featureid":"110803608552","source_id":"REF-FAIRMONT-SECONDARY-ROADS","source_originator":"U.S. Department of Commerce, U.S. Census Bureau, Geography Division","state_route":null,"state_route_a":null,"state_route_b":null,"state_route_c":null,"stco_fipscode":"54049","tnmfrc":2,"us_route":"19","us_route_a":"19","us_route_b":null,"us_route_c":null},"type":"Feature"},{"geometry":{"coordinates":[[-80.152587,39.473843],[-80.152268,39.474379],[-80.152182,39.474533]],"type":"LineString"},"id":"REF-FAIRMONT-SECONDARY-ROADS-210","properties":{"canon_status":"REAL_REFERENCE","county_route":null,"federal_lands_route":null,"fictionality":"REAL","globalid":"{FCAFE291-B27A-48BF-B3CD-508EE0F5F3DB}","interstate":null,"interstate_a":null,"interstate_b":null,"interstate_c":null,"loaddate":1474004852000,"mtfcc_code":"S1200","name":"Fairmont Ave","objectid":24050407,"permanent_identifier":"44ecc83d-1ffc-4944-a08e-11fae7e5a0de","real_world_relation":"REFERENCE_ONLY","shape_Length":109.24914968743339,"source_datadesc":"2016 January MAFTIGER","source_datasetid":"{9298FF95-0FA8-4712-9AA5-9292C907CA63}","source_featureid":"110803607558","source_id":"REF-FAIRMONT-SECONDARY-ROADS","source_originator":"U.S. Department of Commerce, U.S. Census Bureau, Geography Division","state_route":"73","state_route_a":"73","state_route_b":null,"state_route_c":null,"stco_fipscode":"54049","tnmfrc":2,"us_route":"250","us_route_a":"250","us_route_b":null,"us_route_c":null},"type":"Feature"},{"geometry":{"coordinates":[[-80.166455,39.478461],[-80.166567,39.478301],[-80.166817,39.478056],[-80.166846,39.478013],[-80.167026,39.477752],[-80.167282,39.477294]],"type":"LineString"},"id":"REF-FAIRMONT-SECONDARY-ROADS-211","properties":{"canon_status":"REAL_REFERENCE","county_route":null,"federal_lands_route":null,"fictionality":"REAL","globalid":"{9806AEEF-DF2D-4F30-B895-D6CF48D1A8AE}","interstate":null,"interstate_a":null,"interstate_b":null,"interstate_c":null,"loaddate":1474004488000,"mtfcc_code":"S1200","name":"Locust Ave","objectid":24050518,"permanent_identifier":"5ad58263-78c5-40f5-ad3b-2d99824914ef","real_world_relation":"REFERENCE_ONLY","shape_Length":192.77818457289732,"source_datadesc":"2016 January MAFTIGER","source_datasetid":"{9298FF95-0FA8-4712-9AA5-9292C907CA63}","source_featureid":"110803606896","source_id":"REF-FAIRMONT-SECONDARY-ROADS","source_originator":"U.S. Department of Commerce, U.S. Census Bureau, Geography Division","state_route":null,"state_route_a":null,"state_route_b":null,"state_route_c":null,"stco_fipscode":"54049","tnmfrc":2,"us_route":"19","us_route_a":"19","us_route_b":null,"us_route_c":null},"type":"Feature"},{"geometry":{"coordinates":[[-80.167827,39.493601],[-80.168288,39.493537],[-80.168434,39.493512],[-80.169003,39.493416],[-80.169599,39.493328]],"type":"LineString"},"id":"REF-FAIRMONT-SECONDARY-ROADS-212","properties":{"canon_status":"REAL_REFERENCE","county_route":null,"federal_lands_route":null,"fictionality":"REAL","globalid":"{EF61A08D-8211-4AB6-AF2B-33F6E8F0E78E}","interstate":null,"interstate_a":null,"interstate_b":null,"interstate_c":null,"loaddate":1474004328000,"mtfcc_code":"S1200","name":"US Hwy 250","objectid":24306984,"permanent_identifier":"5137f9ba-7d79-4e5e-bbc9-e69e40b0e858","real_world_relation":"REFERENCE_ONLY","shape_Length":201.17697635079435,"source_datadesc":"2016 January MAFTIGER","source_datasetid":"{9298FF95-0FA8-4712-9AA5-9292C907CA63}","source_featureid":"110803586713","source_id":"REF-FAIRMONT-SECONDARY-ROADS","source_originator":"U.S. Department of Commerce, U.S. Census Bureau, Geography Division","state_route":null,"state_route_a":null,"state_route_b":null,"state_route_c":null,"stco_fipscode":"54049","tnmfrc":2,"us_route":"250","us_route_a":"250","us_route_b":null,"us_route_c":null},"type":"Feature"},{"geometry":{"coordinates":[[-80.17357,39.41575],[-80.173809,39.416091]],"type":"LineString"},"id":"REF-FAIRMONT-SECONDARY-ROADS-213","properties":{"canon_status":"REAL_REFERENCE","county_route":null,"federal_lands_route":null,"fictionality":"REAL","globalid":"{47CFF883-0567-4F28-ADF6-B66F91A38168}","interstate":null,"interstate_a":null,"interstate_b":null,"interstate_c":null,"loaddate":1474004328000,"mtfcc_code":"S1200","name":"US Hwy 250","objectid":24562931,"permanent_identifier":"570a6aa9-755c-47b0-afae-b7f82c26f416","real_world_relation":"REFERENCE_ONLY","shape_Length":55.876154746834516,"source_datadesc":"2016 January MAFTIGER","source_datasetid":"{9298FF95-0FA8-4712-9AA5-9292C907CA63}","source_featureid":"110803586718","source_id":"REF-FAIRMONT-SECONDARY-ROADS","source_originator":"U.S. Department of Commerce, U.S. Census Bureau, Geography Division","state_route":null,"state_route_a":null,"state_route_b":null,"state_route_c":null,"stco_fipscode":"54049","tnmfrc":2,"us_route":"250","us_route_a":"250","us_route_b":null,"us_route_c":null},"type":"Feature"},{"geometry":{"coordinates":[[-80.211671,39.477367],[-80.211477,39.477428],[-80.211295,39.477475],[-80.211197,39.477493],[-80.211106,39.477504],[-80.211008,39.477511],[-80.210838,39.477507],[-80.210638,39.477491],[-80.210438,39.47747],[-80.210256,39.477442],[-80.210062,39.477402],[-80.209553,39.477273],[-80.209288,39.477219],[-80.208839,39.477138],[-80.208549,39.477101],[-80.208392,39.477096],[-80.208233,39.477086],[-80.207942,39.477078],[-80.207811,39.477071],[-80.20762,39.477047],[-80.207308,39.476992],[-80.206538,39.476829],[-80.206262,39.476778],[-80.206033,39.476729],[-80.205845,39.476705],[-80.205759,39.476688],[-80.205504,39.476628],[-80.205328,39.47658],[-80.205147,39.47654],[-80.204624,39.476446],[-80.204376,39.476389],[-80.204137,39.47632],[-80.203516,39.476085],[-80.203255,39.475974]],"type":"LineString"},"id":"REF-FAIRMONT-SECONDARY-ROADS-214","properties":{"canon_status":"REAL_REFERENCE","county_route":null,"federal_lands_route":null,"fictionality":"REAL","globalid":"{C3147B93-2D3C-4126-BB0F-7581BB5C40C1}","interstate":null,"interstate_a":null,"interstate_b":null,"interstate_c":null,"loaddate":1474004328000,"mtfcc_code":"S1200","name":"US Hwy 19","objectid":24563040,"permanent_identifier":"222dec74-c1a6-4550-ac02-340016fdefef","real_world_relation":"REFERENCE_ONLY","shape_Length":974.1386277501509,"source_datadesc":"2016 January MAFTIGER","source_datasetid":"{9298FF95-0FA8-4712-9AA5-9292C907CA63}","source_featureid":"110803586626","source_id":"REF-FAIRMONT-SECONDARY-ROADS","source_originator":"U.S. Department of Commerce, U.S. Census Bureau, Geography Division","state_route":null,"state_route_a":null,"state_route_b":null,"state_route_c":null,"stco_fipscode":"54049","tnmfrc":2,"us_route":"19","us_route_a":"19","us_route_b":null,"us_route_c":null},"type":"Feature"},{"geometry":{"coordinates":[[-80.174459,39.417404],[-80.174521,39.417585],[-80.174548,39.417644]],"type":"LineString"},"id":"REF-FAIRMONT-SECONDARY-ROADS-215","properties":{"canon_status":"REAL_REFERENCE","county_route":null,"federal_lands_route":null,"fictionality":"REAL","globalid":"{0941D260-DA30-4123-B238-7A446DC59208}","interstate":null,"interstate_a":null,"interstate_b":null,"interstate_c":null,"loaddate":1474004328000,"mtfcc_code":"S1200","name":"US Hwy 250","objectid":24690901,"permanent_identifier":"b52090a6-48c3-4d19-ab68-39185fc20e97","real_world_relation":"REFERENCE_ONLY","shape_Length":35.99630042527587,"source_datadesc":"2016 January MAFTIGER","source_datasetid":"{9298FF95-0FA8-4712-9AA5-9292C907CA63}","source_featureid":"110803586718","source_id":"REF-FAIRMONT-SECONDARY-ROADS","source_originator":"U.S. Department of Commerce, U.S. Census Bureau, Geography Division","state_route":null,"state_route_a":null,"state_route_b":null,"state_route_c":null,"stco_fipscode":"54049","tnmfrc":2,"us_route":"250","us_route_a":"250","us_route_b":null,"us_route_c":null},"type":"Feature"},{"geometry":{"coordinates":[[-80.161406,39.462106],[-80.161043,39.462525]],"type":"LineString"},"id":"REF-FAIRMONT-SECONDARY-ROADS-216","properties":{"canon_status":"REAL_REFERENCE","county_route":null,"federal_lands_route":null,"fictionality":"REAL","globalid":"{1F21362B-60B1-4ABF-80E3-47E757162EEE}","interstate":null,"interstate_a":null,"interstate_b":null,"interstate_c":null,"loaddate":1474004852000,"mtfcc_code":"S1200","name":"Fairmont Ave","objectid":24690985,"permanent_identifier":"5483a141-53c5-43c4-8f34-2868f3d18c4b","real_world_relation":"REFERENCE_ONLY","shape_Length":72.68319904624782,"source_datadesc":"2016 January MAFTIGER","source_datasetid":"{9298FF95-0FA8-4712-9AA5-9292C907CA63}","source_featureid":"110803607558","source_id":"REF-FAIRMONT-SECONDARY-ROADS","source_originator":"U.S. Department of Commerce, U.S. Census Bureau, Geography Division","state_route":"73","state_route_a":"73","state_route_b":null,"state_route_c":null,"stco_fipscode":"54049","tnmfrc":2,"us_route":"250","us_route_a":"250","us_route_b":null,"us_route_c":null},"type":"Feature"},{"geometry":{"coordinates":[[-80.16525,39.480034],[-80.165325,39.479969]],"type":"LineString"},"id":"REF-FAIRMONT-SECONDARY-ROADS-217","properties":{"canon_status":"REAL_REFERENCE","county_route":null,"federal_lands_route":null,"fictionality":"REAL","globalid":"{BCD02A2A-96C0-401C-905A-8822A815D8EF}","interstate":null,"interstate_a":null,"interstate_b":null,"interstate_c":null,"loaddate":1474004419000,"mtfcc_code":"S1200","name":"Locust Ave","objectid":25332426,"permanent_identifier":"6f8f2387-7618-44c7-82bb-03db99c21aa3","real_world_relation":"REFERENCE_ONLY","shape_Length":12.553517480193392,"source_datadesc":"2016 January MAFTIGER","source_datasetid":"{9298FF95-0FA8-4712-9AA5-9292C907CA63}","source_featureid":"110803606896","source_id":"REF-FAIRMONT-SECONDARY-ROADS","source_originator":"U.S. Department of Commerce, U.S. Census Bureau, Geography Division","state_route":null,"state_route_a":null,"state_route_b":null,"state_route_c":null,"stco_fipscode":"54049","tnmfrc":2,"us_route":"19","us_route_a":"19","us_route_b":null,"us_route_c":null},"type":"Feature"},{"geometry":{"coordinates":[[-80.149292,39.483897],[-80.149992,39.484001],[-80.150712,39.484106]],"type":"LineString"},"id":"REF-FAIRMONT-SECONDARY-ROADS-218","properties":{"canon_status":"REAL_REFERENCE","county_route":null,"federal_lands_route":null,"fictionality":"REAL","globalid":"{ADBC17CC-D3EA-49C1-8C72-AEAA38F7CBE9}","interstate":null,"interstate_a":null,"interstate_b":null,"interstate_c":null,"loaddate":1474004488000,"mtfcc_code":"S1200","name":"Locust Ave","objectid":25332438,"permanent_identifier":"70f47d43-ed90-41db-9e4c-7d3d7edbba5e","real_world_relation":"REFERENCE_ONLY","shape_Length":160.92266775096337,"source_datadesc":"2016 January MAFTIGER","source_datasetid":"{9298FF95-0FA8-4712-9AA5-9292C907CA63}","source_featureid":"110803606896","source_id":"REF-FAIRMONT-SECONDARY-ROADS","source_originator":"U.S. Department of Commerce, U.S. Census Bureau, Geography Division","state_route":null,"state_route_a":null,"state_route_b":null,"state_route_c":null,"stco_fipscode":"54049","tnmfrc":2,"us_route":"19","us_route_a":"19","us_route_b":null,"us_route_c":null},"type":"Feature"},{"geometry":{"coordinates":[[-80.177518,39.471618],[-80.177619,39.471637]],"type":"LineString"},"id":"REF-FAIRMONT-SECONDARY-ROADS-219","properties":{"canon_status":"REAL_REFERENCE","county_route":null,"federal_lands_route":null,"fictionality":"REAL","globalid":"{60C33E1E-0725-4363-B292-7749D0B6D2B8}","interstate":null,"interstate_a":null,"interstate_b":null,"interstate_c":null,"loaddate":1474004488000,"mtfcc_code":"S1200","name":"Locust Ave","objectid":25332515,"permanent_identifier":"579d95dd-cbad-4aa4-bb70-d1de39dfd2d9","real_world_relation":"REFERENCE_ONLY","shape_Length":11.57223393380532,"source_datadesc":"2016 January MAFTIGER","source_datasetid":"{9298FF95-0FA8-4712-9AA5-9292C907CA63}","source_featureid":"110803606896","source_id":"REF-FAIRMONT-SECONDARY-ROADS","source_originator":"U.S. Department of Commerce, U.S. Census Bureau, Geography Division","state_route":null,"state_route_a":null,"state_route_b":null,"state_route_c":null,"stco_fipscode":"54049","tnmfrc":2,"us_route":"19","us_route_a":"19","us_route_b":null,"us_route_c":null},"type":"Feature"},{"geometry":{"coordinates":[[-80.14124,39.487617],[-80.141064,39.487875],[-80.141034,39.487948]],"type":"LineString"},"id":"REF-FAIRMONT-SECONDARY-ROADS-220","properties":{"canon_status":"REAL_REFERENCE","county_route":null,"federal_lands_route":null,"fictionality":"REAL","globalid":"{9470DDCE-16DD-48A1-A48A-29357F262828}","interstate":null,"interstate_a":null,"interstate_b":null,"interstate_c":null,"loaddate":1474004729000,"mtfcc_code":"S1200","name":"Quincy St","objectid":25460245,"permanent_identifier":"cbdbbf23-814c-4b2a-8296-8a83afb36a43","real_world_relation":"REFERENCE_ONLY","shape_Length":53.10307882584914,"source_datadesc":"2016 January MAFTIGER","source_datasetid":"{9298FF95-0FA8-4712-9AA5-9292C907CA63}","source_featureid":"110803606988","source_id":"REF-FAIRMONT-SECONDARY-ROADS","source_originator":"U.S. Department of Commerce, U.S. Census Bureau, Geography Division","state_route":null,"state_route_a":null,"state_route_b":null,"state_route_c":null,"stco_fipscode":"54049","tnmfrc":2,"us_route":"19","us_route_a":"19","us_route_b":null,"us_route_c":null},"type":"Feature"},{"geometry":{"coordinates":[[-80.184695,39.422707],[-80.184779,39.422753]],"type":"LineString"},"id":"REF-FAIRMONT-SECONDARY-ROADS-221","properties":{"canon_status":"REAL_REFERENCE","county_route":null,"federal_lands_route":null,"fictionality":"REAL","globalid":"{731E8003-18A2-4FAD-A657-31A36B536EC7}","interstate":null,"interstate_a":null,"interstate_b":null,"interstate_c":null,"loaddate":1474004328000,"mtfcc_code":"S1200","name":"US Hwy 250","objectid":25460350,"permanent_identifier":"7f235768-1442-4cf2-bf0f-eef3cf1a613f","real_world_relation":"REFERENCE_ONLY","shape_Length":11.46210171995967,"source_datadesc":"2016 January MAFTIGER","source_datasetid":"{9298FF95-0FA8-4712-9AA5-9292C907CA63}","source_featureid":"110803586718","source_id":"REF-FAIRMONT-SECONDARY-ROADS","source_originator":"U.S. Department of Commerce, U.S. Census Bureau, Geography Division","state_route":null,"state_route_a":null,"state_route_b":null,"state_route_c":null,"stco_fipscode":"54049","tnmfrc":2,"us_route":"250","us_route_a":"250","us_route_b":null,"us_route_c":null},"type":"Feature"},{"geometry":{"coordinates":[[-80.162961,39.481559],[-80.163137,39.481451],[-80.163525,39.481228],[-80.163871,39.481007]],"type":"LineString"},"id":"REF-FAIRMONT-SECONDARY-ROADS-222","properties":{"canon_status":"REAL_REFERENCE","county_route":null,"federal_lands_route":null,"fictionality":"REAL","globalid":"{DB9A45BB-A905-4710-914B-2241E3E521B9}","interstate":null,"interstate_a":null,"interstate_b":null,"interstate_c":null,"loaddate":1474004488000,"mtfcc_code":"S1200","name":"Locust Ave","objectid":25460357,"permanent_identifier":"f044e1bb-15d5-471c-9ad2-a4e0440d0acd","real_world_relation":"REFERENCE_ONLY","shape_Length":128.87620614410923,"source_datadesc":"2016 January MAFTIGER","source_datasetid":"{9298FF95-0FA8-4712-9AA5-9292C907CA63}","source_featureid":"110803606896","source_id":"REF-FAIRMONT-SECONDARY-ROADS","source_originator":"U.S. Department of Commerce, U.S. Census Bureau, Geography Division","state_route":null,"state_route_a":null,"state_route_b":null,"state_route_c":null,"stco_fipscode":"54049","tnmfrc":2,"us_route":"19","us_route_a":"19","us_route_b":null,"us_route_c":null},"type":"Feature"},{"geometry":{"coordinates":[[-80.125777,39.528058],[-80.125553,39.528204],[-80.125179,39.528434],[-80.124878,39.5286],[-80.124458,39.528791],[-80.123868,39.528986],[-80.123529,39.529078],[-80.123379,39.529125],[-80.123116,39.529191]],"type":"LineString"},"id":"REF-FAIRMONT-SECONDARY-ROADS-223","properties":{"canon_status":"REAL_REFERENCE","county_route":null,"federal_lands_route":null,"fictionality":"REAL","globalid":"{CBD5FB84-BF91-4A43-8734-360C3DFADA2C}","interstate":null,"interstate_a":null,"interstate_b":null,"interstate_c":null,"loaddate":1474004667000,"mtfcc_code":"S1200","name":"Main St","objectid":25588499,"permanent_identifier":"2493714d-88a9-4007-a9c8-b88912aab0e7","real_world_relation":"REFERENCE_ONLY","shape_Length":341.6308435237309,"source_datadesc":"2016 January MAFTIGER","source_datasetid":"{9298FF95-0FA8-4712-9AA5-9292C907CA63}","source_featureid":"110803596607","source_id":"REF-FAIRMONT-SECONDARY-ROADS","source_originator":"U.S. Department of Commerce, U.S. Census Bureau, Geography Division","state_route":null,"state_route_a":null,"state_route_b":null,"state_route_c":null,"stco_fipscode":"54049","tnmfrc":2,"us_route":"19","us_route_a":"19","us_route_b":null,"us_route_c":null},"type":"Feature"},{"geometry":{"coordinates":[[-80.135745,39.500703],[-80.135634,39.501078],[-80.135536,39.50137],[-80.135453,39.501656]],"type":"LineString"},"id":"REF-FAIRMONT-SECONDARY-ROADS-224","properties":{"canon_status":"REAL_REFERENCE","county_route":null,"federal_lands_route":null,"fictionality":"REAL","globalid":"{71AFB1BA-2949-4FE8-AF68-FD763006DC72}","interstate":null,"interstate_a":null,"interstate_b":null,"interstate_c":null,"loaddate":1474004494000,"mtfcc_code":"S1200","name":"Pennsylvania Ave","objectid":25588506,"permanent_identifier":"0a66d6ff-e1fb-4bd9-a38b-a97ab959dbd7","real_world_relation":"REFERENCE_ONLY","shape_Length":141.29284666173947,"source_datadesc":"2016 January MAFTIGER","source_datasetid":"{9298FF95-0FA8-4712-9AA5-9292C907CA63}","source_featureid":"110803608552","source_id":"REF-FAIRMONT-SECONDARY-ROADS","source_originator":"U.S. Department of Commerce, U.S. Census Bureau, Geography Division","state_route":null,"state_route_a":null,"state_route_b":null,"state_route_c":null,"stco_fipscode":"54049","tnmfrc":2,"us_route":"19","us_route_a":"19","us_route_b":null,"us_route_c":null},"type":"Feature"},{"geometry":{"coordinates":[[-80.213825,39.471007],[-80.213839,39.471236],[-80.213834,39.471459],[-80.213821,39.471627],[-80.213809,39.472034],[-80.213829,39.47223],[-80.213872,39.472488],[-80.214024,39.47319],[-80.214064,39.473421],[-80.214084,39.473582],[-80.214099,39.473769],[-80.214096,39.473892],[-80.214057,39.474381],[-80.214019,39.474586],[-80.213965,39.474813],[-80.21396,39.474836],[-80.213892,39.475076],[-80.213683,39.475616],[-80.213607,39.47577],[-80.213525,39.475904],[-80.213372,39.476128],[-80.213171,39.476384],[-80.213011,39.476605],[-80.212865,39.476788],[-80.212733,39.476937],[-80.212619,39.47703],[-80.212534,39.477082],[-80.212482,39.477109],[-80.212383,39.47715],[-80.212228,39.477202]],"type":"LineString"},"id":"REF-FAIRMONT-SECONDARY-ROADS-225","properties":{"canon_status":"REAL_REFERENCE","county_route":null,"federal_lands_route":null,"fictionality":"REAL","globalid":"{CE5A033A-396F-4A17-953A-E027442345CF}","interstate":null,"interstate_a":null,"interstate_b":null,"interstate_c":null,"loaddate":1474004328000,"mtfcc_code":"S1200","name":"US Hwy 19","objectid":25588579,"permanent_identifier":"a198b4c1-f71b-4cbe-8357-2295b840a4f7","real_world_relation":"REFERENCE_ONLY","shape_Length":959.4742960779923,"source_datadesc":"2016 January MAFTIGER","source_datasetid":"{9298FF95-0FA8-4712-9AA5-9292C907CA63}","source_featureid":"110803586626","source_id":"REF-FAIRMONT-SECONDARY-ROADS","source_originator":"U.S. Department of Commerce, U.S. Census Bureau, Geography Division","state_route":null,"state_route_a":null,"state_route_b":null,"state_route_c":null,"stco_fipscode":"54049","tnmfrc":2,"us_route":"19","us_route_a":"19","us_route_b":null,"us_route_c":null},"type":"Feature"},{"geometry":{"coordinates":[[-80.218175,39.462554],[-80.218078,39.462635],[-80.217914,39.462761],[-80.217823,39.46284],[-80.217534,39.463131]],"type":"LineString"},"id":"REF-FAIRMONT-SECONDARY-ROADS-226","properties":{"canon_status":"REAL_REFERENCE","county_route":null,"federal_lands_route":null,"fictionality":"REAL","globalid":"{B5AD9FB6-5106-4A1C-AE75-3F736F0C74C2}","interstate":null,"interstate_a":null,"interstate_b":null,"interstate_c":null,"loaddate":1474004881000,"mtfcc_code":"S1200","name":"Camden Ave","objectid":25716740,"permanent_identifier":"9e86ff29-2d17-451a-be04-9a96d5d22da6","real_world_relation":"REFERENCE_ONLY","shape_Length":109.77886810240199,"source_datadesc":"2016 January MAFTIGER","source_datasetid":"{9298FF95-0FA8-4712-9AA5-9292C907CA63}","source_featureid":"110803606737","source_id":"REF-FAIRMONT-SECONDARY-ROADS","source_originator":"U.S. Department of Commerce, U.S. Census Bureau, Geography Division","state_route":null,"state_route_a":null,"state_route_b":null,"state_route_c":null,"stco_fipscode":"54049","tnmfrc":2,"us_route":"19","us_route_a":"19","us_route_b":null,"us_route_c":null},"type":"Feature"},{"geometry":{"coordinates":[[-80.144559,39.485354],[-80.144186,39.485482],[-80.143916,39.485579]],"type":"LineString"},"id":"REF-FAIRMONT-SECONDARY-ROADS-227","properties":{"canon_status":"REAL_REFERENCE","county_route":null,"federal_lands_route":null,"fictionality":"REAL","globalid":"{7E583CD3-36E1-45D2-84FE-3BA0D5C044B6}","interstate":null,"interstate_a":null,"interstate_b":null,"interstate_c":null,"loaddate":1474004488000,"mtfcc_code":"S1200","name":"Jackson St","objectid":25716833,"permanent_identifier":"6d47fe46-b405-4efd-b0d8-795e43dfaa00","real_world_relation":"REFERENCE_ONLY","shape_Length":78.59466073536078,"source_datadesc":"2016 January MAFTIGER","source_datasetid":"{9298FF95-0FA8-4712-9AA5-9292C907CA63}","source_featureid":"110803607289","source_id":"REF-FAIRMONT-SECONDARY-ROADS","source_originator":"U.S. Department of Commerce, U.S. Census Bureau, Geography Division","state_route":null,"state_route_a":null,"state_route_b":null,"state_route_c":null,"stco_fipscode":"54049","tnmfrc":2,"us_route":"19","us_route_a":"19","us_route_b":null,"us_route_c":null},"type":"Feature"},{"geometry":{"coordinates":[[-80.182343,39.42137],[-80.182695,39.421542],[-80.182913,39.421659],[-80.183131,39.421775],[-80.183634,39.422069],[-80.184036,39.422305]],"type":"LineString"},"id":"REF-FAIRMONT-SECONDARY-ROADS-228","properties":{"canon_status":"REAL_REFERENCE","county_route":null,"federal_lands_route":null,"fictionality":"REAL","globalid":"{CC804043-4853-4AEB-AD78-C65490A8318F}","interstate":null,"interstate_a":null,"interstate_b":null,"interstate_c":null,"loaddate":1474004328000,"mtfcc_code":"S1200","name":"US Hwy 250","objectid":25844503,"permanent_identifier":"bb1a183c-bbdc-4f08-a561-9c85f11caad8","real_world_relation":"REFERENCE_ONLY","shape_Length":231.80534608103954,"source_datadesc":"2016 January MAFTIGER","source_datasetid":"{9298FF95-0FA8-4712-9AA5-9292C907CA63}","source_featureid":"110803586718","source_id":"REF-FAIRMONT-SECONDARY-ROADS","source_originator":"U.S. Department of Commerce, U.S. Census Bureau, Geography Division","state_route":null,"state_route_a":null,"state_route_b":null,"state_route_c":null,"stco_fipscode":"54049","tnmfrc":2,"us_route":"250","us_route_a":"250","us_route_b":null,"us_route_c":null},"type":"Feature"},{"geometry":{"coordinates":[[-80.155943,39.482666],[-80.156656,39.482429]],"type":"LineString"},"id":"REF-FAIRMONT-SECONDARY-ROADS-229","properties":{"canon_status":"REAL_REFERENCE","county_route":null,"federal_lands_route":null,"fictionality":"REAL","globalid":"{FCC1965D-D7C8-461E-BF27-03BBD83571EA}","interstate":null,"interstate_a":null,"interstate_b":null,"interstate_c":null,"loaddate":1474004488000,"mtfcc_code":"S1200","name":"Locust Ave","objectid":25844575,"permanent_identifier":"4f26bd6b-b2bc-4927-899b-72c8a6d4705b","real_world_relation":"REFERENCE_ONLY","shape_Length":86.41859774256679,"source_datadesc":"2016 January MAFTIGER","source_datasetid":"{9298FF95-0FA8-4712-9AA5-9292C907CA63}","source_featureid":"110803606896","source_id":"REF-FAIRMONT-SECONDARY-ROADS","source_originator":"U.S. Department of Commerce, U.S. Census Bureau, Geography Division","state_route":null,"state_route_a":null,"state_route_b":null,"state_route_c":null,"stco_fipscode":"54049","tnmfrc":2,"us_route":"19","us_route_a":"19","us_route_b":null,"us_route_c":null},"type":"Feature"},{"geometry":{"coordinates":[[-80.213706,39.467002],[-80.213431,39.467307],[-80.21337,39.467392],[-80.213317,39.46749],[-80.21328,39.46757],[-80.213255,39.467703],[-80.213275,39.467966]],"type":"LineString"},"id":"REF-FAIRMONT-SECONDARY-ROADS-230","properties":{"canon_status":"REAL_REFERENCE","county_route":null,"federal_lands_route":null,"fictionality":"REAL","globalid":"{8692411B-FFE4-4880-9C8E-728585EE296D}","interstate":null,"interstate_a":null,"interstate_b":null,"interstate_c":null,"loaddate":1474004328000,"mtfcc_code":"S1200","name":"US Hwy 19","objectid":25844577,"permanent_identifier":"06d02776-da10-4b33-b34b-058ccf6c28bb","real_world_relation":"REFERENCE_ONLY","shape_Length":152.52995683016627,"source_datadesc":"2016 January MAFTIGER","source_datasetid":"{9298FF95-0FA8-4712-9AA5-9292C907CA63}","source_featureid":"110803586626","source_id":"REF-FAIRMONT-SECONDARY-ROADS","source_originator":"U.S. Department of Commerce, U.S. Census Bureau, Geography Division","state_route":null,"state_route_a":null,"state_route_b":null,"state_route_c":null,"stco_fipscode":"54049","tnmfrc":2,"us_route":"19","us_route_a":"19","us_route_b":null,"us_route_c":null},"type":"Feature"},{"geometry":{"coordinates":[[-80.122421,39.529302],[-80.12185,39.529379],[-80.121374,39.529457],[-80.12121,39.52948],[-80.121094,39.529496],[-80.121027,39.529505],[-80.120798,39.529536],[-80.120479,39.529588],[-80.120163,39.529631],[-80.119835,39.529649],[-80.119516,39.529655]],"type":"LineString"},"id":"REF-FAIRMONT-SECONDARY-ROADS-231","properties":{"canon_status":"REAL_REFERENCE","county_route":null,"federal_lands_route":null,"fictionality":"REAL","globalid":"{08E9767F-CD52-47B6-BC51-65641C0AF33D}","interstate":null,"interstate_a":null,"interstate_b":null,"interstate_c":null,"loaddate":1474004667000,"mtfcc_code":"S1200","name":"Main St","objectid":25844583,"permanent_identifier":"af10f000-0228-42f5-bd6c-84ddcc92bc0c","real_world_relation":"REFERENCE_ONLY","shape_Length":327.9666989602792,"source_datadesc":"2016 January MAFTIGER","source_datasetid":"{9298FF95-0FA8-4712-9AA5-9292C907CA63}","source_featureid":"110803596607","source_id":"REF-FAIRMONT-SECONDARY-ROADS","source_originator":"U.S. Department of Commerce, U.S. Census Bureau, Geography Division","state_route":null,"state_route_a":null,"state_route_b":null,"state_route_c":null,"stco_fipscode":"54049","tnmfrc":2,"us_route":"19","us_route_a":"19","us_route_b":null,"us_route_c":null},"type":"Feature"},{"geometry":{"coordinates":[[-80.145815,39.48497],[-80.145719,39.484978],[-80.145703,39.48498],[-80.145386,39.485072],[-80.144627,39.485323],[-80.144559,39.485354]],"type":"LineString"},"id":"REF-FAIRMONT-SECONDARY-ROADS-232","properties":{"canon_status":"REAL_REFERENCE","county_route":null,"federal_lands_route":null,"fictionality":"REAL","globalid":"{11D73307-5A2D-45E4-96E2-B32F72FAA932}","interstate":null,"interstate_a":null,"interstate_b":null,"interstate_c":null,"loaddate":1474004488000,"mtfcc_code":"S1200","name":"Jackson St","objectid":26101228,"permanent_identifier":"2fd8c7f9-de73-4e65-9103-b0d55fa9a09d","real_world_relation":"REFERENCE_ONLY","shape_Length":150.96668283235076,"source_datadesc":"2016 January MAFTIGER","source_datasetid":"{9298FF95-0FA8-4712-9AA5-9292C907CA63}","source_featureid":"110803607289","source_id":"REF-FAIRMONT-SECONDARY-ROADS","source_originator":"U.S. Department of Commerce, U.S. Census Bureau, Geography Division","state_route":null,"state_route_a":null,"state_route_b":null,"state_route_c":null,"stco_fipscode":"54049","tnmfrc":2,"us_route":"19","us_route_a":"19","us_route_b":null,"us_route_c":null},"type":"Feature"},{"geometry":{"coordinates":[[-80.142031,39.486288],[-80.1413,39.486564],[-80.140809,39.48677]],"type":"LineString"},"id":"REF-FAIRMONT-SECONDARY-ROADS-233","properties":{"canon_status":"REAL_REFERENCE","county_route":null,"federal_lands_route":null,"fictionality":"REAL","globalid":"{8BF30870-52E5-45A9-8B6B-34945C71DEBC}","interstate":null,"interstate_a":null,"interstate_b":null,"interstate_c":null,"loaddate":1474004488000,"mtfcc_code":"S1200","name":"Jackson St","objectid":26357151,"permanent_identifier":"e0cd748c-eca1-4306-9349-2d324525ec03","real_world_relation":"REFERENCE_ONLY","shape_Length":152.8027145050661,"source_datadesc":"2016 January MAFTIGER","source_datasetid":"{9298FF95-0FA8-4712-9AA5-9292C907CA63}","source_featureid":"110803607289","source_id":"REF-FAIRMONT-SECONDARY-ROADS","source_originator":"U.S. Department of Commerce, U.S. Census Bureau, Geography Division","state_route":null,"state_route_a":null,"state_route_b":null,"state_route_c":null,"stco_fipscode":"54049","tnmfrc":2,"us_route":"19","us_route_a":"19","us_route_b":null,"us_route_c":null},"type":"Feature"},{"geometry":{"coordinates":[[-80.17337,39.472785],[-80.173622,39.4727],[-80.174087,39.472506],[-80.174283,39.472432],[-80.174583,39.472317],[-80.175141,39.472112]],"type":"LineString"},"id":"REF-FAIRMONT-SECONDARY-ROADS-234","properties":{"canon_status":"REAL_REFERENCE","county_route":null,"federal_lands_route":null,"fictionality":"REAL","globalid":"{0A886E63-63FC-4817-A52A-B4A55CFDF6A9}","interstate":null,"interstate_a":null,"interstate_b":null,"interstate_c":null,"loaddate":1474004488000,"mtfcc_code":"S1200","name":"Locust Ave","objectid":26357164,"permanent_identifier":"bd066d4d-96db-4df5-92b1-de1f02722e3e","real_world_relation":"REFERENCE_ONLY","shape_Length":219.82159496037826,"source_datadesc":"2016 January MAFTIGER","source_datasetid":"{9298FF95-0FA8-4712-9AA5-9292C907CA63}","source_featureid":"110803606896","source_id":"REF-FAIRMONT-SECONDARY-ROADS","source_originator":"U.S. Department of Commerce, U.S. Census Bureau, Geography Division","state_route":null,"state_route_a":null,"state_route_b":null,"state_route_c":null,"stco_fipscode":"54049","tnmfrc":2,"us_route":"19","us_route_a":"19","us_route_b":null,"us_route_c":null},"type":"Feature"},{"geometry":{"coordinates":[[-80.119249,39.54022],[-80.119202,39.540396]],"type":"LineString"},"id":"REF-FAIRMONT-SECONDARY-ROADS-235","properties":{"canon_status":"REAL_REFERENCE","county_route":null,"federal_lands_route":null,"fictionality":"REAL","globalid":"{F4A9EC21-D46E-40E1-A241-87F479B0E45A}","interstate":null,"interstate_a":null,"interstate_b":null,"interstate_c":null,"loaddate":1474004790000,"mtfcc_code":"S1200","name":"Fairmont Rd","objectid":26613149,"permanent_identifier":"d82a49b3-e4e4-4a69-82ee-20eef96438a0","real_world_relation":"REFERENCE_ONLY","shape_Length":25.938741981178993,"source_datadesc":"2016 January MAFTIGER","source_datasetid":"{9298FF95-0FA8-4712-9AA5-9292C907CA63}","source_featureid":"1104469080632","source_id":"REF-FAIRMONT-SECONDARY-ROADS","source_originator":"U.S. Department of Commerce, U.S. Census Bureau, Geography Division","state_route":null,"state_route_a":null,"state_route_b":null,"state_route_c":null,"stco_fipscode":"54049","tnmfrc":2,"us_route":"19","us_route_a":"19","us_route_b":null,"us_route_c":null},"type":"Feature"},{"geometry":{"coordinates":[[-80.135258,39.515289],[-80.13529,39.515416],[-80.135348,39.515649],[-80.13558,39.516414],[-80.135666,39.516753],[-80.135674,39.516802],[-80.13568,39.5169],[-80.135676,39.517004],[-80.13566,39.517119]],"type":"LineString"},"id":"REF-FAIRMONT-SECONDARY-ROADS-236","properties":{"canon_status":"REAL_REFERENCE","county_route":null,"federal_lands_route":null,"fictionality":"REAL","globalid":"{D51D78DD-078A-42D0-9818-0A23A26A8B8C}","interstate":null,"interstate_a":null,"interstate_b":null,"interstate_c":null,"loaddate":1474004328000,"mtfcc_code":"S1200","name":"US Hwy 19","objectid":26869338,"permanent_identifier":"5b285d76-7183-4f11-8487-fb3115e5084f","real_world_relation":"REFERENCE_ONLY","shape_Length":269.1087935879028,"source_datadesc":"2016 January MAFTIGER","source_datasetid":"{9298FF95-0FA8-4712-9AA5-9292C907CA63}","source_featureid":"110803586626","source_id":"REF-FAIRMONT-SECONDARY-ROADS","source_originator":"U.S. Department of Commerce, U.S. Census Bureau, Geography Division","state_route":null,"state_route_a":null,"state_route_b":null,"state_route_c":null,"stco_fipscode":"54049","tnmfrc":2,"us_route":"19","us_route_a":"19","us_route_b":null,"us_route_c":null},"type":"Feature"},{"geometry":{"coordinates":[[-80.220143,39.463126],[-80.220107,39.463076],[-80.22003,39.462931],[-80.219961,39.462742]],"type":"LineString"},"id":"REF-FAIRMONT-SECONDARY-ROADS-237","properties":{"canon_status":"REAL_REFERENCE","county_route":null,"federal_lands_route":null,"fictionality":"REAL","globalid":"{FBBB9248-3548-4EA3-AF0A-0B52C6293A0C}","interstate":null,"interstate_a":null,"interstate_b":null,"interstate_c":null,"loaddate":1474004881000,"mtfcc_code":"S1200","name":"Camden Ave","objectid":26997237,"permanent_identifier":"01d757f8-e208-407c-ba05-27e3f0643c78","real_world_relation":"REFERENCE_ONLY","shape_Length":59.15829578788911,"source_datadesc":"2016 January MAFTIGER","source_datasetid":"{9298FF95-0FA8-4712-9AA5-9292C907CA63}","source_featureid":"110803606737","source_id":"REF-FAIRMONT-SECONDARY-ROADS","source_originator":"U.S. Department of Commerce, U.S. Census Bureau, Geography Division","state_route":null,"state_route_a":null,"state_route_b":null,"state_route_c":null,"stco_fipscode":"54049","tnmfrc":2,"us_route":"19","us_route_a":"19","us_route_b":null,"us_route_c":null},"type":"Feature"},{"geometry":{"coordinates":[[-80.140961,39.487048],[-80.141072,39.487235],[-80.14117,39.487415]],"type":"LineString"},"id":"REF-FAIRMONT-SECONDARY-ROADS-238","properties":{"canon_status":"REAL_REFERENCE","county_route":null,"federal_lands_route":null,"fictionality":"REAL","globalid":"{F54707B1-1E34-4030-8830-DF2250A22303}","interstate":null,"interstate_a":null,"interstate_b":null,"interstate_c":null,"loaddate":1474004729000,"mtfcc_code":"S1200","name":"Quincy St","objectid":26997240,"permanent_identifier":"2665e76d-0ed4-4848-a85b-bfdacefe603f","real_world_relation":"REFERENCE_ONLY","shape_Length":57.8305517701353,"source_datadesc":"2016 January MAFTIGER","source_datasetid":"{9298FF95-0FA8-4712-9AA5-9292C907CA63}","source_featureid":"110803606988","source_id":"REF-FAIRMONT-SECONDARY-ROADS","source_originator":"U.S. Department of Commerce, U.S. Census Bureau, Geography Division","state_route":null,"state_route_a":null,"state_route_b":null,"state_route_c":null,"stco_fipscode":"54049","tnmfrc":2,"us_route":"19","us_route_a":"19","us_route_b":null,"us_route_c":null},"type":"Feature"},{"geometry":{"coordinates":[[-80.134446,39.510479],[-80.134618,39.511089],[-80.134731,39.511458],[-80.134761,39.51154],[-80.134799,39.511666],[-80.134824,39.511727]],"type":"LineString"},"id":"REF-FAIRMONT-SECONDARY-ROADS-239","properties":{"canon_status":"REAL_REFERENCE","county_route":null,"federal_lands_route":null,"fictionality":"REAL","globalid":"{61524A7D-561D-4E65-B60F-D3C35C5BA4F5}","interstate":null,"interstate_a":null,"interstate_b":null,"interstate_c":null,"loaddate":1474004328000,"mtfcc_code":"S1200","name":"US Hwy 19","objectid":26997250,"permanent_identifier":"c74d571d-ab4c-4226-a30d-64cb33dd0f61","real_world_relation":"REFERENCE_ONLY","shape_Length":184.97502428956804,"source_datadesc":"2016 January MAFTIGER","source_datasetid":"{9298FF95-0FA8-4712-9AA5-9292C907CA63}","source_featureid":"110803586626","source_id":"REF-FAIRMONT-SECONDARY-ROADS","source_originator":"U.S. Department of Commerce, U.S. Census Bureau, Geography Division","state_route":null,"state_route_a":null,"state_route_b":null,"state_route_c":null,"stco_fipscode":"54049","tnmfrc":2,"us_route":"19","us_route_a":"19","us_route_b":null,"us_route_c":null},"type":"Feature"},{"geometry":{"coordinates":[[-80.186342,39.496149],[-80.186736,39.496617],[-80.186907,39.496771],[-80.187059,39.496891],[-80.187211,39.496989],[-80.187554,39.49717],[-80.187711,39.497232],[-80.187988,39.49736],[-80.188561,39.497606],[-80.188997,39.497801],[-80.189314,39.497934],[-80.18943,39.497988],[-80.190033,39.498235],[-80.190452,39.498419]],"type":"LineString"},"id":"REF-FAIRMONT-SECONDARY-ROADS-240","properties":{"canon_status":"REAL_REFERENCE","county_route":null,"federal_lands_route":null,"fictionality":"REAL","globalid":"{916E1B59-D84B-4FE0-9F24-CEE9AE3D6883}","interstate":null,"interstate_a":null,"interstate_b":null,"interstate_c":null,"loaddate":1474004328000,"mtfcc_code":"S1200","name":"US Hwy 250","objectid":27125299,"permanent_identifier":"70fa8bf2-03d9-4b4e-b6a4-43bd203e639b","real_world_relation":"REFERENCE_ONLY","shape_Length":571.8571465272815,"source_datadesc":"2016 January MAFTIGER","source_datasetid":"{9298FF95-0FA8-4712-9AA5-9292C907CA63}","source_featureid":"110803586713","source_id":"REF-FAIRMONT-SECONDARY-ROADS","source_originator":"U.S. Department of Commerce, U.S. Census Bureau, Geography Division","state_route":null,"state_route_a":null,"state_route_b":null,"state_route_c":null,"stco_fipscode":"54049","tnmfrc":2,"us_route":"250","us_route_a":"250","us_route_b":null,"us_route_c":null},"type":"Feature"},{"geometry":{"coordinates":[[-80.16759,39.454913],[-80.167149,39.455415],[-80.166889,39.455722],[-80.166552,39.456097]],"type":"LineString"},"id":"REF-FAIRMONT-SECONDARY-ROADS-241","properties":{"canon_status":"REAL_REFERENCE","county_route":null,"federal_lands_route":null,"fictionality":"REAL","globalid":"{A59B4082-D417-4866-B7EF-7D69C5F35856}","interstate":null,"interstate_a":null,"interstate_b":null,"interstate_c":null,"loaddate":1474004852000,"mtfcc_code":"S1200","name":"Fairmont Ave","objectid":27253252,"permanent_identifier":"917802ed-ec16-40d8-bf98-7b262c92011d","real_world_relation":"REFERENCE_ONLY","shape_Length":206.1445311576558,"source_datadesc":"2016 January MAFTIGER","source_datasetid":"{9298FF95-0FA8-4712-9AA5-9292C907CA63}","source_featureid":"110803607558","source_id":"REF-FAIRMONT-SECONDARY-ROADS","source_originator":"U.S. Department of Commerce, U.S. Census Bureau, Geography Division","state_route":"73","state_route_a":"73","state_route_b":null,"state_route_c":null,"stco_fipscode":"54049","tnmfrc":2,"us_route":"250","us_route_a":"250","us_route_b":null,"us_route_c":null},"type":"Feature"},{"geometry":{"coordinates":[[-80.146763,39.485001],[-80.146852,39.484995],[-80.146957,39.484962],[-80.147033,39.484911],[-80.147153,39.48479]],"type":"LineString"},"id":"REF-FAIRMONT-SECONDARY-ROADS-242","properties":{"canon_status":"REAL_REFERENCE","county_route":null,"federal_lands_route":null,"fictionality":"REAL","globalid":"{1A96497B-BA87-41FD-963D-A8674C0434BB}","interstate":null,"interstate_a":null,"interstate_b":null,"interstate_c":null,"loaddate":1474004488000,"mtfcc_code":"S1200","name":"Locust Ave","objectid":27253331,"permanent_identifier":"41791791-e4ab-40bd-a184-b4d0c8922272","real_world_relation":"REFERENCE_ONLY","shape_Length":55.75468373843794,"source_datadesc":"2016 January MAFTIGER","source_datasetid":"{9298FF95-0FA8-4712-9AA5-9292C907CA63}","source_featureid":"110803606896","source_id":"REF-FAIRMONT-SECONDARY-ROADS","source_originator":"U.S. Department of Commerce, U.S. Census Bureau, Geography Division","state_route":null,"state_route_a":null,"state_route_b":null,"state_route_c":null,"stco_fipscode":"54049","tnmfrc":2,"us_route":"19","us_route_a":"19","us_route_b":null,"us_route_c":null},"type":"Feature"},{"geometry":{"coordinates":[[-80.163871,39.481007],[-80.164277,39.480737],[-80.164677,39.480452],[-80.164954,39.480262],[-80.164999,39.480224]],"type":"LineString"},"id":"REF-FAIRMONT-SECONDARY-ROADS-243","properties":{"canon_status":"REAL_REFERENCE","county_route":null,"federal_lands_route":null,"fictionality":"REAL","globalid":"{31015934-EAB1-4F9B-B968-5C0C6A02ADE1}","interstate":null,"interstate_a":null,"interstate_b":null,"interstate_c":null,"loaddate":1474004488000,"mtfcc_code":"S1200","name":"Locust Ave","objectid":27253337,"permanent_identifier":"b61bb69d-2f87-410f-914d-033911920bff","real_world_relation":"REFERENCE_ONLY","shape_Length":168.93473639172268,"source_datadesc":"2016 January MAFTIGER","source_datasetid":"{9298FF95-0FA8-4712-9AA5-9292C907CA63}","source_featureid":"110803606896","source_id":"REF-FAIRMONT-SECONDARY-ROADS","source_originator":"U.S. Department of Commerce, U.S. Census Bureau, Geography Division","state_route":null,"state_route_a":null,"state_route_b":null,"state_route_c":null,"stco_fipscode":"54049","tnmfrc":2,"us_route":"19","us_route_a":"19","us_route_b":null,"us_route_c":null},"type":"Feature"},{"geometry":{"coordinates":[[-80.175141,39.472112],[-80.175648,39.47191],[-80.176107,39.471734],[-80.176425,39.471627],[-80.176617,39.471575],[-80.176818,39.471543],[-80.17691,39.471539],[-80.177218,39.471558],[-80.177518,39.471618]],"type":"LineString"},"id":"REF-FAIRMONT-SECONDARY-ROADS-244","properties":{"canon_status":"REAL_REFERENCE","county_route":null,"federal_lands_route":null,"fictionality":"REAL","globalid":"{81487057-89B1-47B7-8DB2-167465E90307}","interstate":null,"interstate_a":null,"interstate_b":null,"interstate_c":null,"loaddate":1474004488000,"mtfcc_code":"S1200","name":"Locust Ave","objectid":27381863,"permanent_identifier":"bf7a01f6-36d7-4294-89da-39ddf7753fb5","real_world_relation":"REFERENCE_ONLY","shape_Length":283.8304037418936,"source_datadesc":"2016 January MAFTIGER","source_datasetid":"{9298FF95-0FA8-4712-9AA5-9292C907CA63}","source_featureid":"110803606896","source_id":"REF-FAIRMONT-SECONDARY-ROADS","source_originator":"U.S. Department of Commerce, U.S. Census Bureau, Geography Division","state_route":null,"state_route_a":null,"state_route_b":null,"state_route_c":null,"stco_fipscode":"54049","tnmfrc":2,"us_route":"19","us_route_a":"19","us_route_b":null,"us_route_c":null},"type":"Feature"},{"geometry":{"coordinates":[[-80.166201,39.456506],[-80.166158,39.456558],[-80.16607,39.456668],[-80.165877,39.456888],[-80.165702,39.457098],[-80.16564,39.457168],[-80.164868,39.458054],[-80.164464,39.458532],[-80.164208,39.458824],[-80.163995,39.459084]],"type":"LineString"},"id":"REF-FAIRMONT-SECONDARY-ROADS-245","properties":{"canon_status":"REAL_REFERENCE","county_route":null,"federal_lands_route":null,"fictionality":"REAL","globalid":"{4AFF7A1D-409F-4580-BE10-15FEA9D675F5}","interstate":null,"interstate_a":null,"interstate_b":null,"interstate_c":null,"loaddate":1474004852000,"mtfcc_code":"S1200","name":"Fairmont Ave","objectid":27381918,"permanent_identifier":"e3b0cec0-a195-48f7-aa7b-435c9b3acf9b","real_world_relation":"REFERENCE_ONLY","shape_Length":445.5246544510289,"source_datadesc":"2016 January MAFTIGER","source_datasetid":"{9298FF95-0FA8-4712-9AA5-9292C907CA63}","source_featureid":"110803607558","source_id":"REF-FAIRMONT-SECONDARY-ROADS","source_originator":"U.S. Department of Commerce, U.S. Census Bureau, Geography Division","state_route":"73","state_route_a":"73","state_route_b":null,"state_route_c":null,"stco_fipscode":"54049","tnmfrc":2,"us_route":"250","us_route_a":"250","us_route_b":null,"us_route_c":null},"type":"Feature"},{"geometry":{"coordinates":[[-80.172987,39.414862],[-80.173516,39.415654],[-80.17357,39.41575]],"type":"LineString"},"id":"REF-FAIRMONT-SECONDARY-ROADS-246","properties":{"canon_status":"REAL_REFERENCE","county_route":null,"federal_lands_route":null,"fictionality":"REAL","globalid":"{E93342D0-A3FA-4523-8B25-A5EBF0D77C03}","interstate":null,"interstate_a":null,"interstate_b":null,"interstate_c":null,"loaddate":1474004328000,"mtfcc_code":"S1200","name":"US Hwy 250","objectid":27509671,"permanent_identifier":"52d9c385-dea8-41c2-bc17-24c98e013818","real_world_relation":"REFERENCE_ONLY","shape_Length":143.50046932531347,"source_datadesc":"2016 January MAFTIGER","source_datasetid":"{9298FF95-0FA8-4712-9AA5-9292C907CA63}","source_featureid":"110803586718","source_id":"REF-FAIRMONT-SECONDARY-ROADS","source_originator":"U.S. Department of Commerce, U.S. Census Bureau, Geography Division","state_route":null,"state_route_a":null,"state_route_b":null,"state_route_c":null,"stco_fipscode":"54049","tnmfrc":2,"us_route":"250","us_route_a":"250","us_route_b":null,"us_route_c":null},"type":"Feature"},{"geometry":{"coordinates":[[-80.179003,39.439015],[-80.178951,39.439194],[-80.178878,39.439534],[-80.178874,39.439599]],"type":"LineString"},"id":"REF-FAIRMONT-SECONDARY-ROADS-247","properties":{"canon_status":"REAL_REFERENCE","county_route":null,"federal_lands_route":null,"fictionality":"REAL","globalid":"{AFE39759-85CB-4834-BBBF-6856AC5CC276}","interstate":null,"interstate_a":null,"interstate_b":null,"interstate_c":null,"loaddate":1474004334000,"mtfcc_code":"S1200","name":"State Rte 73","objectid":27509683,"permanent_identifier":"cf278e3d-a84a-4f32-b640-974a07cc31b7","real_world_relation":"REFERENCE_ONLY","shape_Length":85.49922171024821,"source_datadesc":"2016 January MAFTIGER","source_datasetid":"{9298FF95-0FA8-4712-9AA5-9292C907CA63}","source_featureid":"110803586666","source_id":"REF-FAIRMONT-SECONDARY-ROADS","source_originator":"U.S. Department of Commerce, U.S. Census Bureau, Geography Division","state_route":"73","state_route_a":"73","state_route_b":null,"state_route_c":null,"stco_fipscode":"54049","tnmfrc":2,"us_route":"250","us_route_a":"250","us_route_b":null,"us_route_c":null},"type":"Feature"},{"geometry":{"coordinates":[[-80.157408,39.482174],[-80.157742,39.482075],[-80.15799,39.482022],[-80.158396,39.481945],[-80.158494,39.481932]],"type":"LineString"},"id":"REF-FAIRMONT-SECONDARY-ROADS-248","properties":{"canon_status":"REAL_REFERENCE","county_route":null,"federal_lands_route":null,"fictionality":"REAL","globalid":"{EA5EBABE-8591-4EBF-A135-BEE0E70E0C3D}","interstate":null,"interstate_a":null,"interstate_b":null,"interstate_c":null,"loaddate":1568201756000,"mtfcc_code":"S1200","name":"Locust Ave","objectid":27597128,"permanent_identifier":"fb1923d1-747d-485e-af75-6762f9af5a6e","real_world_relation":"REFERENCE_ONLY","shape_Length":126.08365180431613,"source_datadesc":"2016 January MAFTIGER","source_datasetid":"{75C4AE26-EEFC-4063-A106-98980856821E}","source_featureid":"110803606896","source_id":"REF-FAIRMONT-SECONDARY-ROADS","source_originator":"U.S. Department of Commerce, U.S. Census Bureau, Geography Division","state_route":null,"state_route_a":null,"state_route_b":null,"state_route_c":null,"stco_fipscode":"54049","tnmfrc":2,"us_route":"19","us_route_a":"19","us_route_b":null,"us_route_c":null},"type":"Feature"},{"geometry":{"coordinates":[[-80.133415,39.52246],[-80.133312,39.522565],[-80.133187,39.522684],[-80.131621,39.523879],[-80.130844,39.524481]],"type":"LineString"},"id":"REF-FAIRMONT-SECONDARY-ROADS-249","properties":{"canon_status":"REAL_REFERENCE","county_route":null,"federal_lands_route":null,"fictionality":"REAL","globalid":"{8CD63F10-0A12-439E-8542-D7D5F6DEAD27}","interstate":null,"interstate_a":null,"interstate_b":null,"interstate_c":null,"loaddate":1474004328000,"mtfcc_code":"S1200","name":"US Hwy 19","objectid":27638076,"permanent_identifier":"45733275-54d3-4069-b1b8-044ab874916a","real_world_relation":"REFERENCE_ONLY","shape_Length":408.91503759596566,"source_datadesc":"2016 January MAFTIGER","source_datasetid":"{9298FF95-0FA8-4712-9AA5-9292C907CA63}","source_featureid":"110803586626","source_id":"REF-FAIRMONT-SECONDARY-ROADS","source_originator":"U.S. Department of Commerce, U.S. Census Bureau, Geography Division","state_route":null,"state_route_a":null,"state_route_b":null,"state_route_c":null,"stco_fipscode":"54049","tnmfrc":2,"us_route":"19","us_route_a":"19","us_route_b":null,"us_route_c":null},"type":"Feature"},{"geometry":{"coordinates":[[-80.167243,39.404933],[-80.167339,39.405256],[-80.167558,39.40591]],"type":"LineString"},"id":"REF-FAIRMONT-SECONDARY-ROADS-250","properties":{"canon_status":"REAL_REFERENCE","county_route":null,"federal_lands_route":null,"fictionality":"REAL","globalid":"{07B68032-94B4-4370-8460-15E54DD090ED}","interstate":null,"interstate_a":null,"interstate_b":null,"interstate_c":null,"loaddate":1474004328000,"mtfcc_code":"S1200","name":"US Hwy 250","objectid":27895255,"permanent_identifier":"a1938b01-d040-452b-8c6d-ab6138747a35","real_world_relation":"REFERENCE_ONLY","shape_Length":145.07104973048502,"source_datadesc":"2016 January MAFTIGER","source_datasetid":"{9298FF95-0FA8-4712-9AA5-9292C907CA63}","source_featureid":"110803586718","source_id":"REF-FAIRMONT-SECONDARY-ROADS","source_originator":"U.S. Department of Commerce, U.S. Census Bureau, Geography Division","state_route":null,"state_route_a":null,"state_route_b":null,"state_route_c":null,"stco_fipscode":"54049","tnmfrc":2,"us_route":"250","us_route_a":"250","us_route_b":null,"us_route_c":null},"type":"Feature"},{"geometry":{"coordinates":[[-80.174548,39.417644],[-80.174585,39.417737],[-80.174719,39.418074],[-80.174795,39.418279]],"type":"LineString"},"id":"REF-FAIRMONT-SECONDARY-ROADS-251","properties":{"canon_status":"REAL_REFERENCE","county_route":null,"federal_lands_route":null,"fictionality":"REAL","globalid":"{AC53AE62-995E-4D56-8F03-CF598C6338EC}","interstate":null,"interstate_a":null,"interstate_b":null,"interstate_c":null,"loaddate":1474004328000,"mtfcc_code":"S1200","name":"US Hwy 250","objectid":28023374,"permanent_identifier":"0a445496-f499-4bc0-873c-45d46cb22089","real_world_relation":"REFERENCE_ONLY","shape_Length":95.54709231695556,"source_datadesc":"2016 January MAFTIGER","source_datasetid":"{9298FF95-0FA8-4712-9AA5-9292C907CA63}","source_featureid":"110803586718","source_id":"REF-FAIRMONT-SECONDARY-ROADS","source_originator":"U.S. Department of Commerce, U.S. Census Bureau, Geography Division","state_route":null,"state_route_a":null,"state_route_b":null,"state_route_c":null,"stco_fipscode":"54049","tnmfrc":2,"us_route":"250","us_route_a":"250","us_route_b":null,"us_route_c":null},"type":"Feature"},{"geometry":{"coordinates":[[-80.214436,39.466262],[-80.214081,39.466625],[-80.213717,39.46699],[-80.213706,39.467002]],"type":"LineString"},"id":"REF-FAIRMONT-SECONDARY-ROADS-252","properties":{"canon_status":"REAL_REFERENCE","county_route":null,"federal_lands_route":null,"fictionality":"REAL","globalid":"{A613018F-C19B-49AB-9D9D-F6BAB4D4BBBC}","interstate":null,"interstate_a":null,"interstate_b":null,"interstate_c":null,"loaddate":1474004881000,"mtfcc_code":"S1200","name":"Camden Ave","objectid":28023464,"permanent_identifier":"25611177-5c5f-44e9-a24c-43d7214a6e1d","real_world_relation":"REFERENCE_ONLY","shape_Length":134.1291365068461,"source_datadesc":"2016 January MAFTIGER","source_datasetid":"{9298FF95-0FA8-4712-9AA5-9292C907CA63}","source_featureid":"110803606737","source_id":"REF-FAIRMONT-SECONDARY-ROADS","source_originator":"U.S. Department of Commerce, U.S. Census Bureau, Geography Division","state_route":null,"state_route_a":null,"state_route_b":null,"state_route_c":null,"stco_fipscode":"54049","tnmfrc":2,"us_route":"19","us_route_a":"19","us_route_b":null,"us_route_c":null},"type":"Feature"},{"geometry":{"coordinates":[[-80.164832,39.401676],[-80.164843,39.401832]],"type":"LineString"},"id":"REF-FAIRMONT-SECONDARY-ROADS-253","properties":{"canon_status":"REAL_REFERENCE","county_route":null,"federal_lands_route":null,"fictionality":"REAL","globalid":"{54623333-22E9-4344-88B9-5FA286A68080}","interstate":null,"interstate_a":null,"interstate_b":null,"interstate_c":null,"loaddate":1474004328000,"mtfcc_code":"S1200","name":"US Hwy 250","objectid":28152491,"permanent_identifier":"0848db4c-60fa-4bdb-9785-bd92a29fe6ec","real_world_relation":"REFERENCE_ONLY","shape_Length":22.507134132309464,"source_datadesc":"2016 January MAFTIGER","source_datasetid":"{9298FF95-0FA8-4712-9AA5-9292C907CA63}","source_featureid":"110803586718","source_id":"REF-FAIRMONT-SECONDARY-ROADS","source_originator":"U.S. Department of Commerce, U.S. Census Bureau, Geography Division","state_route":null,"state_route_a":null,"state_route_b":null,"state_route_c":null,"stco_fipscode":"54049","tnmfrc":2,"us_route":"250","us_route_a":"250","us_route_b":null,"us_route_c":null},"type":"Feature"},{"geometry":{"coordinates":[[-80.155788,39.490171],[-80.15611,39.490614]],"type":"LineString"},"id":"REF-FAIRMONT-SECONDARY-ROADS-254","properties":{"canon_status":"REAL_REFERENCE","county_route":null,"federal_lands_route":null,"fictionality":"REAL","globalid":"{C1F45C5D-0A9D-403A-BC54-80B8C59FDF8C}","interstate":null,"interstate_a":null,"interstate_b":null,"interstate_c":null,"loaddate":1474004494000,"mtfcc_code":"S1200","name":"Cleveland Ave","objectid":28409396,"permanent_identifier":"14f51b32-e31e-4066-84cb-2a8f03324e1f","real_world_relation":"REFERENCE_ONLY","shape_Length":73.26813916743953,"source_datadesc":"2016 January MAFTIGER","source_datasetid":"{9298FF95-0FA8-4712-9AA5-9292C907CA63}","source_featureid":"110803607850","source_id":"REF-FAIRMONT-SECONDARY-ROADS","source_originator":"U.S. Department of Commerce, U.S. Census Bureau, Geography Division","state_route":null,"state_route_a":null,"state_route_b":null,"state_route_c":null,"stco_fipscode":"54049","tnmfrc":2,"us_route":"250","us_route_a":"250","us_route_b":null,"us_route_c":null},"type":"Feature"},{"geometry":{"coordinates":[[-80.142665,39.494122],[-80.142167,39.49472],[-80.141836,39.495106],[-80.141576,39.495426],[-80.14151,39.495514],[-80.141451,39.49558],[-80.141215,39.495872],[-80.141129,39.495969]],"type":"LineString"},"id":"REF-FAIRMONT-SECONDARY-ROADS-255","properties":{"canon_status":"REAL_REFERENCE","county_route":null,"federal_lands_route":null,"fictionality":"REAL","globalid":"{B724B30D-6D49-4762-8D4D-05701C77B625}","interstate":null,"interstate_a":null,"interstate_b":null,"interstate_c":null,"loaddate":1474004488000,"mtfcc_code":"S1200","name":"Pennsylvania Ave","objectid":28538053,"permanent_identifier":"70164cbe-068b-409f-a6a2-dc2367ca174d","real_world_relation":"REFERENCE_ONLY","shape_Length":316.6299299116226,"source_datadesc":"2016 January MAFTIGER","source_datasetid":"{9298FF95-0FA8-4712-9AA5-9292C907CA63}","source_featureid":"110803608553","source_id":"REF-FAIRMONT-SECONDARY-ROADS","source_originator":"U.S. Department of Commerce, U.S. Census Bureau, Geography Division","state_route":null,"state_route_a":null,"state_route_b":null,"state_route_c":null,"stco_fipscode":"54049","tnmfrc":2,"us_route":"19","us_route_a":"19","us_route_b":null,"us_route_c":null},"type":"Feature"},{"geometry":{"coordinates":[[-80.18275,39.436439],[-80.182543,39.436555],[-80.182203,39.43669],[-80.181141,39.437043],[-80.180924,39.437135]],"type":"LineString"},"id":"REF-FAIRMONT-SECONDARY-ROADS-256","properties":{"canon_status":"REAL_REFERENCE","county_route":null,"federal_lands_route":null,"fictionality":"REAL","globalid":"{EDEDDE7B-2CDC-42A6-9207-245DF600970B}","interstate":null,"interstate_a":null,"interstate_b":null,"interstate_c":null,"loaddate":1474004334000,"mtfcc_code":"S1200","name":"State Rte 73","objectid":28666617,"permanent_identifier":"391a8a9b-a962-40c1-9183-d19dca1f1eae","real_world_relation":"REFERENCE_ONLY","shape_Length":227.28928949906617,"source_datadesc":"2016 January MAFTIGER","source_datasetid":"{9298FF95-0FA8-4712-9AA5-9292C907CA63}","source_featureid":"110803586666","source_id":"REF-FAIRMONT-SECONDARY-ROADS","source_originator":"U.S. Department of Commerce, U.S. Census Bureau, Geography Division","state_route":"73","state_route_a":"73","state_route_b":null,"state_route_c":null,"stco_fipscode":"54049","tnmfrc":2,"us_route":"250","us_route_a":"250","us_route_b":null,"us_route_c":null},"type":"Feature"},{"geometry":{"coordinates":[[-80.11933,39.549796],[-80.119425,39.550381]],"type":"LineString"},"id":"REF-FAIRMONT-SECONDARY-ROADS-257","properties":{"canon_status":"REAL_REFERENCE","county_route":null,"federal_lands_route":null,"fictionality":"REAL","globalid":"{ABF33A3F-350A-4488-B88E-F8E2C16D51C0}","interstate":null,"interstate_a":null,"interstate_b":null,"interstate_c":null,"loaddate":1474004328000,"mtfcc_code":"S1200","name":"US Hwy 19","objectid":28666688,"permanent_identifier":"1bfce930-1232-4753-b744-b2a3668d79c2","real_world_relation":"REFERENCE_ONLY","shape_Length":85.11622139473562,"source_datadesc":"2016 January MAFTIGER","source_datasetid":"{9298FF95-0FA8-4712-9AA5-9292C907CA63}","source_featureid":"110803586626","source_id":"REF-FAIRMONT-SECONDARY-ROADS","source_originator":"U.S. Department of Commerce, U.S. Census Bureau, Geography Division","state_route":null,"state_route_a":null,"state_route_b":null,"state_route_c":null,"stco_fipscode":"54049","tnmfrc":2,"us_route":"19","us_route_a":"19","us_route_b":null,"us_route_c":null},"type":"Feature"},{"geometry":{"coordinates":[[-80.146799,39.481998],[-80.146349,39.482437],[-80.146123,39.482682]],"type":"LineString"},"id":"REF-FAIRMONT-SECONDARY-ROADS-258","properties":{"canon_status":"REAL_REFERENCE","county_route":null,"federal_lands_route":null,"fictionality":"REAL","globalid":"{17FCDD1A-8330-43E4-8387-F775F79DB708}","interstate":null,"interstate_a":null,"interstate_b":null,"interstate_c":null,"loaddate":1474004852000,"mtfcc_code":"S1200","name":"Fairmont Ave","objectid":28924006,"permanent_identifier":"387bac86-9354-46ca-9d2c-e4bfc059fdc8","real_world_relation":"REFERENCE_ONLY","shape_Length":124.11395325171577,"source_datadesc":"2016 January MAFTIGER","source_datasetid":"{9298FF95-0FA8-4712-9AA5-9292C907CA63}","source_featureid":"110803607558","source_id":"REF-FAIRMONT-SECONDARY-ROADS","source_originator":"U.S. Department of Commerce, U.S. Census Bureau, Geography Division","state_route":"73","state_route_a":"73","state_route_b":null,"state_route_c":null,"stco_fipscode":"54049","tnmfrc":2,"us_route":"250","us_route_a":"250","us_route_b":null,"us_route_c":null},"type":"Feature"},{"geometry":{"coordinates":[[-80.182207,39.421312],[-80.182343,39.42137]],"type":"LineString"},"id":"REF-FAIRMONT-SECONDARY-ROADS-259","properties":{"canon_status":"REAL_REFERENCE","county_route":null,"federal_lands_route":null,"fictionality":"REAL","globalid":"{B0BD9E8A-017B-464A-B02D-6EC434DD321C}","interstate":null,"interstate_a":null,"interstate_b":null,"interstate_c":null,"loaddate":1474004328000,"mtfcc_code":"S1200","name":"US Hwy 250","objectid":29052504,"permanent_identifier":"9a102eac-b8ee-478f-839e-e12838bc1045","real_world_relation":"REFERENCE_ONLY","shape_Length":17.29336937338109,"source_datadesc":"2016 January MAFTIGER","source_datasetid":"{9298FF95-0FA8-4712-9AA5-9292C907CA63}","source_featureid":"110803586718","source_id":"REF-FAIRMONT-SECONDARY-ROADS","source_originator":"U.S. Department of Commerce, U.S. Census Bureau, Geography Division","state_route":null,"state_route_a":null,"state_route_b":null,"state_route_c":null,"stco_fipscode":"54049","tnmfrc":2,"us_route":"250","us_route_a":"250","us_route_b":null,"us_route_c":null},"type":"Feature"},{"geometry":{"coordinates":[[-80.133267,39.507592],[-80.133304,39.507706]],"type":"LineString"},"id":"REF-FAIRMONT-SECONDARY-ROADS-260","properties":{"canon_status":"REAL_REFERENCE","county_route":null,"federal_lands_route":null,"fictionality":"REAL","globalid":"{594DC9A2-57B7-4FAB-B908-495E7ADAD20F}","interstate":null,"interstate_a":null,"interstate_b":null,"interstate_c":null,"loaddate":1474004494000,"mtfcc_code":"S1200","name":"Pennsylvania Ave","objectid":29438135,"permanent_identifier":"331311ad-38fc-4bcd-b8ef-b147f7e15f84","real_world_relation":"REFERENCE_ONLY","shape_Length":16.956079153928204,"source_datadesc":"2016 January MAFTIGER","source_datasetid":"{9298FF95-0FA8-4712-9AA5-9292C907CA63}","source_featureid":"110803608552","source_id":"REF-FAIRMONT-SECONDARY-ROADS","source_originator":"U.S. Department of Commerce, U.S. Census Bureau, Geography Division","state_route":null,"state_route_a":null,"state_route_b":null,"state_route_c":null,"stco_fipscode":"54049","tnmfrc":2,"us_route":"19","us_route_a":"19","us_route_b":null,"us_route_c":null},"type":"Feature"},{"geometry":{"coordinates":[[-80.186141,39.423569],[-80.18678,39.42395],[-80.187031,39.424121],[-80.187267,39.424295],[-80.18742,39.424434],[-80.187554,39.424574],[-80.187661,39.424686],[-80.187802,39.424857]],"type":"LineString"},"id":"REF-FAIRMONT-SECONDARY-ROADS-261","properties":{"canon_status":"REAL_REFERENCE","county_route":null,"federal_lands_route":null,"fictionality":"REAL","globalid":"{C6D8C596-519E-4663-A859-1FDC2269E9BB}","interstate":null,"interstate_a":null,"interstate_b":null,"interstate_c":null,"loaddate":1474004328000,"mtfcc_code":"S1200","name":"US Hwy 250","objectid":29438138,"permanent_identifier":"cc6b0171-7cc6-4f65-a547-b2e218835206","real_world_relation":"REFERENCE_ONLY","shape_Length":264.092098783671,"source_datadesc":"2016 January MAFTIGER","source_datasetid":"{9298FF95-0FA8-4712-9AA5-9292C907CA63}","source_featureid":"110803586718","source_id":"REF-FAIRMONT-SECONDARY-ROADS","source_originator":"U.S. Department of Commerce, U.S. Census Bureau, Geography Division","state_route":null,"state_route_a":null,"state_route_b":null,"state_route_c":null,"stco_fipscode":"54049","tnmfrc":2,"us_route":"250","us_route_a":"250","us_route_b":null,"us_route_c":null},"type":"Feature"},{"geometry":{"coordinates":[[-80.181434,39.443694],[-80.181574,39.443845]],"type":"LineString"},"id":"REF-FAIRMONT-SECONDARY-ROADS-262","properties":{"canon_status":"REAL_REFERENCE","county_route":null,"federal_lands_route":null,"fictionality":"REAL","globalid":"{57F5C6DF-7DB9-458F-9E79-BB74DE270301}","interstate":null,"interstate_a":null,"interstate_b":null,"interstate_c":null,"loaddate":1474004334000,"mtfcc_code":"S1200","name":"State Rte 73","objectid":29438164,"permanent_identifier":"081857cf-a211-44cc-a634-62c02080d578","real_world_relation":"REFERENCE_ONLY","shape_Length":26.770732207898465,"source_datadesc":"2016 January MAFTIGER","source_datasetid":"{9298FF95-0FA8-4712-9AA5-9292C907CA63}","source_featureid":"110803586666","source_id":"REF-FAIRMONT-SECONDARY-ROADS","source_originator":"U.S. Department of Commerce, U.S. Census Bureau, Geography Division","state_route":"73","state_route_a":"73","state_route_b":null,"state_route_c":null,"stco_fipscode":"54049","tnmfrc":2,"us_route":"250","us_route_a":"250","us_route_b":null,"us_route_c":null},"type":"Feature"},{"geometry":{"coordinates":[[-80.167897,39.40694],[-80.168235,39.407997],[-80.168382,39.408417],[-80.168526,39.408879]],"type":"LineString"},"id":"REF-FAIRMONT-SECONDARY-ROADS-263","properties":{"canon_status":"REAL_REFERENCE","county_route":null,"federal_lands_route":null,"fictionality":"REAL","globalid":"{A60EC373-617F-4861-A0D0-3A17673981F6}","interstate":null,"interstate_a":null,"interstate_b":null,"interstate_c":null,"loaddate":1474004328000,"mtfcc_code":"S1200","name":"US Hwy 250","objectid":29566345,"permanent_identifier":"832af541-4d0d-481e-9869-78337e5c2508","real_world_relation":"REFERENCE_ONLY","shape_Length":288.0187001436932,"source_datadesc":"2016 January MAFTIGER","source_datasetid":"{9298FF95-0FA8-4712-9AA5-9292C907CA63}","source_featureid":"110803586718","source_id":"REF-FAIRMONT-SECONDARY-ROADS","source_originator":"U.S. Department of Commerce, U.S. Census Bureau, Geography Division","state_route":null,"state_route_a":null,"state_route_b":null,"state_route_c":null,"stco_fipscode":"54049","tnmfrc":2,"us_route":"250","us_route_a":"250","us_route_b":null,"us_route_c":null},"type":"Feature"},{"geometry":{"coordinates":[[-80.117842,39.531925],[-80.117945,39.532023],[-80.118022,39.532114],[-80.118089,39.532205],[-80.118113,39.532245],[-80.118144,39.532296],[-80.118196,39.532393],[-80.118245,39.532498],[-80.118274,39.532588],[-80.118291,39.532681],[-80.118298,39.532762],[-80.118288,39.532866],[-80.118256,39.532981],[-80.118198,39.533107],[-80.118068,39.533298],[-80.117968,39.533409],[-80.117683,39.533605],[-80.117506,39.533714],[-80.117412,39.533808],[-80.117354,39.533898],[-80.11731,39.534012],[-80.11729,39.534139],[-80.117301,39.534272],[-80.117333,39.534397]],"type":"LineString"},"id":"REF-FAIRMONT-SECONDARY-ROADS-264","properties":{"canon_status":"REAL_REFERENCE","county_route":null,"federal_lands_route":null,"fictionality":"REAL","globalid":"{7D39853B-9BD8-4A24-A7E2-0A6314A86023}","interstate":null,"interstate_a":null,"interstate_b":null,"interstate_c":null,"loaddate":1474004631000,"mtfcc_code":"S1200","name":"1st St","objectid":29566461,"permanent_identifier":"4cdb6e09-78fd-479f-8fb6-5440423d185e","real_world_relation":"REFERENCE_ONLY","shape_Length":407.9950554684669,"source_datadesc":"2016 January MAFTIGER","source_datasetid":"{9298FF95-0FA8-4712-9AA5-9292C907CA63}","source_featureid":"110803586684","source_id":"REF-FAIRMONT-SECONDARY-ROADS","source_originator":"U.S. Department of Commerce, U.S. Census Bureau, Geography Division","state_route":null,"state_route_a":null,"state_route_b":null,"state_route_c":null,"stco_fipscode":"54049","tnmfrc":2,"us_route":"19","us_route_a":"19","us_route_b":null,"us_route_c":null},"type":"Feature"},{"geometry":{"coordinates":[[-80.145815,39.48497],[-80.146056,39.485234],[-80.146154,39.485331]],"type":"LineString"},"id":"REF-FAIRMONT-SECONDARY-ROADS-265","properties":{"canon_status":"REAL_REFERENCE","county_route":null,"federal_lands_route":null,"fictionality":"REAL","globalid":"{86535863-87B3-48AA-B1C0-0C4101B4C1DD}","interstate":null,"interstate_a":null,"interstate_b":null,"interstate_c":null,"loaddate":1474004636000,"mtfcc_code":"S1200","name":"Cleveland Ave","objectid":29823836,"permanent_identifier":"bf0b4b61-4078-4c0e-b33c-1204ad6a1f2d","real_world_relation":"REFERENCE_ONLY","shape_Length":64.32128563495961,"source_datadesc":"2016 January MAFTIGER","source_datasetid":"{9298FF95-0FA8-4712-9AA5-9292C907CA63}","source_featureid":"110803607850","source_id":"REF-FAIRMONT-SECONDARY-ROADS","source_originator":"U.S. Department of Commerce, U.S. Census Bureau, Geography Division","state_route":null,"state_route_a":null,"state_route_b":null,"state_route_c":null,"stco_fipscode":"54049","tnmfrc":2,"us_route":"250","us_route_a":"250","us_route_b":null,"us_route_c":null},"type":"Feature"},{"geometry":{"coordinates":[[-80.139646,39.497513],[-80.139412,39.497627],[-80.139331,39.497661]],"type":"LineString"},"id":"REF-FAIRMONT-SECONDARY-ROADS-266","properties":{"canon_status":"REAL_REFERENCE","county_route":null,"federal_lands_route":null,"fictionality":"REAL","globalid":"{BCA4BF2D-DA06-481E-B953-4F60C1E4E1AD}","interstate":null,"interstate_a":null,"interstate_b":null,"interstate_c":null,"loaddate":1474004667000,"mtfcc_code":"S1200","name":"Pennsylvania Ave","objectid":29823871,"permanent_identifier":"fc3ffc11-5cc4-4b96-90e0-8e49afd590af","real_world_relation":"REFERENCE_ONLY","shape_Length":41.07045101392715,"source_datadesc":"2016 January MAFTIGER","source_datasetid":"{9298FF95-0FA8-4712-9AA5-9292C907CA63}","source_featureid":"110803608551","source_id":"REF-FAIRMONT-SECONDARY-ROADS","source_originator":"U.S. Department of Commerce, U.S. Census Bureau, Geography Division","state_route":null,"state_route_a":null,"state_route_b":null,"state_route_c":null,"stco_fipscode":"54049","tnmfrc":2,"us_route":"19","us_route_a":"19","us_route_b":null,"us_route_c":null},"type":"Feature"},{"geometry":{"coordinates":[[-80.158494,39.481932],[-80.15853,39.481929]],"type":"LineString"},"id":"REF-FAIRMONT-SECONDARY-ROADS-267","properties":{"canon_status":"REAL_REFERENCE","county_route":null,"federal_lands_route":null,"fictionality":"REAL","globalid":"{41BBED81-B1C8-45AB-A79E-BE804C4DEF03}","interstate":null,"interstate_a":null,"interstate_b":null,"interstate_c":null,"loaddate":1568201756000,"mtfcc_code":"S1200","name":"Locust Ave","objectid":30039898,"permanent_identifier":"2c92d6fe-b11d-49cd-94b6-2776611e3489","real_world_relation":"REFERENCE_ONLY","shape_Length":4.030792173133877,"source_datadesc":"2016 January MAFTIGER","source_datasetid":"{75C4AE26-EEFC-4063-A106-98980856821E}","source_featureid":"110803606896","source_id":"REF-FAIRMONT-SECONDARY-ROADS","source_originator":"U.S. Department of Commerce, U.S. Census Bureau, Geography Division","state_route":null,"state_route_a":null,"state_route_b":null,"state_route_c":null,"stco_fipscode":"54049","tnmfrc":2,"us_route":"19","us_route_a":"19","us_route_b":null,"us_route_c":null},"type":"Feature"},{"geometry":{"coordinates":[[-80.119275,39.549553],[-80.119305,39.549674],[-80.11933,39.549796]],"type":"LineString"},"id":"REF-FAIRMONT-SECONDARY-ROADS-268","properties":{"canon_status":"REAL_REFERENCE","county_route":null,"federal_lands_route":null,"fictionality":"REAL","globalid":"{84301F5F-A687-404F-B938-2DC9A5166F6B}","interstate":null,"interstate_a":null,"interstate_b":null,"interstate_c":null,"loaddate":1474004328000,"mtfcc_code":"S1200","name":"US Hwy 19","objectid":30080730,"permanent_identifier":"a9e4bb58-c807-4e51-95dd-fad8f01a3636","real_world_relation":"REFERENCE_ONLY","shape_Length":35.616673208272466,"source_datadesc":"2016 January MAFTIGER","source_datasetid":"{9298FF95-0FA8-4712-9AA5-9292C907CA63}","source_featureid":"110803586626","source_id":"REF-FAIRMONT-SECONDARY-ROADS","source_originator":"U.S. Department of Commerce, U.S. Census Bureau, Geography Division","state_route":null,"state_route_a":null,"state_route_b":null,"state_route_c":null,"stco_fipscode":"54049","tnmfrc":2,"us_route":"19","us_route_a":"19","us_route_b":null,"us_route_c":null},"type":"Feature"},{"geometry":{"coordinates":[[-80.15711,39.482271],[-80.157408,39.482174]],"type":"LineString"},"id":"REF-FAIRMONT-SECONDARY-ROADS-269","properties":{"canon_status":"REAL_REFERENCE","county_route":null,"federal_lands_route":null,"fictionality":"REAL","globalid":"{2B1AF21E-C3F6-4F47-A6F6-D59281C9B184}","interstate":null,"interstate_a":null,"interstate_b":null,"interstate_c":null,"loaddate":1474004488000,"mtfcc_code":"S1200","name":"Locust Ave","objectid":30338388,"permanent_identifier":"8786ea44-91a3-4d2a-a05f-bd9863805674","real_world_relation":"REFERENCE_ONLY","shape_Length":36.00263451925616,"source_datadesc":"2016 January MAFTIGER","source_datasetid":"{9298FF95-0FA8-4712-9AA5-9292C907CA63}","source_featureid":"110803606896","source_id":"REF-FAIRMONT-SECONDARY-ROADS","source_originator":"U.S. Department of Commerce, U.S. Census Bureau, Geography Division","state_route":null,"state_route_a":null,"state_route_b":null,"state_route_c":null,"stco_fipscode":"54049","tnmfrc":2,"us_route":"19","us_route_a":"19","us_route_b":null,"us_route_c":null},"type":"Feature"},{"geometry":{"coordinates":[[-80.182124,39.47242],[-80.182196,39.472408]],"type":"LineString"},"id":"REF-FAIRMONT-SECONDARY-ROADS-270","properties":{"canon_status":"REAL_REFERENCE","county_route":null,"federal_lands_route":null,"fictionality":"REAL","globalid":"{56D22EEC-BFF7-4943-9068-005EA2A52BD1}","interstate":null,"interstate_a":null,"interstate_b":null,"interstate_c":null,"loaddate":1474004419000,"mtfcc_code":"S1200","name":"Locust Ave","objectid":30338406,"permanent_identifier":"5df1a589-577a-4961-bcae-7931d7500d85","real_world_relation":"REFERENCE_ONLY","shape_Length":8.199686291407861,"source_datadesc":"2016 January MAFTIGER","source_datasetid":"{9298FF95-0FA8-4712-9AA5-9292C907CA63}","source_featureid":"110803606896","source_id":"REF-FAIRMONT-SECONDARY-ROADS","source_originator":"U.S. Department of Commerce, U.S. Census Bureau, Geography Division","state_route":null,"state_route_a":null,"state_route_b":null,"state_route_c":null,"stco_fipscode":"54049","tnmfrc":2,"us_route":"19","us_route_a":"19","us_route_b":null,"us_route_c":null},"type":"Feature"},{"geometry":{"coordinates":[[-80.182196,39.472408],[-80.182756,39.472334]],"type":"LineString"},"id":"REF-FAIRMONT-SECONDARY-ROADS-271","properties":{"canon_status":"REAL_REFERENCE","county_route":null,"federal_lands_route":null,"fictionality":"REAL","globalid":"{98D251DB-D1E0-4CF4-ACDE-39CFF1206A2F}","interstate":null,"interstate_a":null,"interstate_b":null,"interstate_c":null,"loaddate":1474004419000,"mtfcc_code":"S1200","name":"Locust Ave","objectid":30595616,"permanent_identifier":"06908527-dc7e-4e7c-b661-6d2d667cfe19","real_world_relation":"REFERENCE_ONLY","shape_Length":63.24568942671163,"source_datadesc":"2016 January MAFTIGER","source_datasetid":"{9298FF95-0FA8-4712-9AA5-9292C907CA63}","source_featureid":"110803606896","source_id":"REF-FAIRMONT-SECONDARY-ROADS","source_originator":"U.S. Department of Commerce, U.S. Census Bureau, Geography Division","state_route":null,"state_route_a":null,"state_route_b":null,"state_route_c":null,"stco_fipscode":"54049","tnmfrc":2,"us_route":"19","us_route_a":"19","us_route_b":null,"us_route_c":null},"type":"Feature"},{"geometry":{"coordinates":[[-80.184599,39.435148],[-80.184534,39.435198]],"type":"LineString"},"id":"REF-FAIRMONT-SECONDARY-ROADS-272","properties":{"canon_status":"REAL_REFERENCE","county_route":null,"federal_lands_route":null,"fictionality":"REAL","globalid":"{BDE67CD8-108C-46AE-9BE7-6B8393F986CF}","interstate":null,"interstate_a":null,"interstate_b":null,"interstate_c":null,"loaddate":1474004334000,"mtfcc_code":"S1200","name":"State Rte 73","objectid":30595721,"permanent_identifier":"576a7963-365e-465b-83ba-85d7807a9eca","real_world_relation":"REFERENCE_ONLY","shape_Length":10.212268998296146,"source_datadesc":"2016 January MAFTIGER","source_datasetid":"{9298FF95-0FA8-4712-9AA5-9292C907CA63}","source_featureid":"110803586668","source_id":"REF-FAIRMONT-SECONDARY-ROADS","source_originator":"U.S. Department of Commerce, U.S. Census Bureau, Geography Division","state_route":"73","state_route_a":"73","state_route_b":null,"state_route_c":null,"stco_fipscode":"54049","tnmfrc":2,"us_route":"250","us_route_a":"250","us_route_b":null,"us_route_c":null},"type":"Feature"},{"geometry":{"coordinates":[[-80.152182,39.474533],[-80.151705,39.475364]],"type":"LineString"},"id":"REF-FAIRMONT-SECONDARY-ROADS-273","properties":{"canon_status":"REAL_REFERENCE","county_route":null,"federal_lands_route":null,"fictionality":"REAL","globalid":"{F38C45AF-D3F8-4320-A733-3196F6C6603F}","interstate":null,"interstate_a":null,"interstate_b":null,"interstate_c":null,"loaddate":1474004852000,"mtfcc_code":"S1200","name":"Fairmont Ave","objectid":30723932,"permanent_identifier":"e48ba424-1284-4504-9782-db5bddcebc26","real_world_relation":"REFERENCE_ONLY","shape_Length":131.0789807029449,"source_datadesc":"2016 January MAFTIGER","source_datasetid":"{9298FF95-0FA8-4712-9AA5-9292C907CA63}","source_featureid":"110803607558","source_id":"REF-FAIRMONT-SECONDARY-ROADS","source_originator":"U.S. Department of Commerce, U.S. Census Bureau, Geography Division","state_route":"73","state_route_a":"73","state_route_b":null,"state_route_c":null,"stco_fipscode":"54049","tnmfrc":2,"us_route":"250","us_route_a":"250","us_route_b":null,"us_route_c":null},"type":"Feature"},{"geometry":{"coordinates":[[-80.1417,39.489427],[-80.142156,39.48979],[-80.142334,39.489967],[-80.142565,39.490227],[-80.142693,39.490395],[-80.142754,39.490531],[-80.142764,39.490574]],"type":"LineString"},"id":"REF-FAIRMONT-SECONDARY-ROADS-274","properties":{"canon_status":"REAL_REFERENCE","county_route":null,"federal_lands_route":null,"fictionality":"REAL","globalid":"{FD5137F8-0DFA-4DDD-80F7-A2FE3CFD5FE6}","interstate":null,"interstate_a":null,"interstate_b":null,"interstate_c":null,"loaddate":1474004488000,"mtfcc_code":"S1200","name":"Pennsylvania Ave","objectid":30852835,"permanent_identifier":"17a45849-830e-43c3-b160-0ae56557cced","real_world_relation":"REFERENCE_ONLY","shape_Length":205.8922165658196,"source_datadesc":"2016 January MAFTIGER","source_datasetid":"{9298FF95-0FA8-4712-9AA5-9292C907CA63}","source_featureid":"110803608553","source_id":"REF-FAIRMONT-SECONDARY-ROADS","source_originator":"U.S. Department of Commerce, U.S. Census Bureau, Geography Division","state_route":null,"state_route_a":null,"state_route_b":null,"state_route_c":null,"stco_fipscode":"54049","tnmfrc":2,"us_route":"19","us_route_a":"19","us_route_b":null,"us_route_c":null},"type":"Feature"},{"geometry":{"coordinates":[[-80.154409,39.483307],[-80.154662,39.4832]],"type":"LineString"},"id":"REF-FAIRMONT-SECONDARY-ROADS-275","properties":{"canon_status":"REAL_REFERENCE","county_route":null,"federal_lands_route":null,"fictionality":"REAL","globalid":"{604A4397-FE78-4C1F-AB1C-494E3DA67D34}","interstate":null,"interstate_a":null,"interstate_b":null,"interstate_c":null,"loaddate":1474004488000,"mtfcc_code":"S1200","name":"Locust Ave","objectid":30981301,"permanent_identifier":"f4babb3f-79ed-47bd-95b8-fb163469f42e","real_world_relation":"REFERENCE_ONLY","shape_Length":32.11505221775116,"source_datadesc":"2016 January MAFTIGER","source_datasetid":"{9298FF95-0FA8-4712-9AA5-9292C907CA63}","source_featureid":"110803606896","source_id":"REF-FAIRMONT-SECONDARY-ROADS","source_originator":"U.S. Department of Commerce, U.S. Census Bureau, Geography Division","state_route":null,"state_route_a":null,"state_route_b":null,"state_route_c":null,"stco_fipscode":"54049","tnmfrc":2,"us_route":"19","us_route_a":"19","us_route_b":null,"us_route_c":null},"type":"Feature"},{"geometry":{"coordinates":[[-80.168444,39.454088],[-80.168282,39.454217],[-80.168044,39.454425],[-80.167928,39.454533],[-80.167761,39.454715],[-80.16759,39.454913]],"type":"LineString"},"id":"REF-FAIRMONT-SECONDARY-ROADS-276","properties":{"canon_status":"REAL_REFERENCE","county_route":null,"federal_lands_route":null,"fictionality":"REAL","globalid":"{53F04164-33FF-483E-B052-C843BC7912FD}","interstate":null,"interstate_a":null,"interstate_b":null,"interstate_c":null,"loaddate":1474004852000,"mtfcc_code":"S1200","name":"Fairmont Ave","objectid":30981379,"permanent_identifier":"19a62c56-0945-4c9d-84fd-1b68410aa558","real_world_relation":"REFERENCE_ONLY","shape_Length":152.61757555891327,"source_datadesc":"2016 January MAFTIGER","source_datasetid":"{9298FF95-0FA8-4712-9AA5-9292C907CA63}","source_featureid":"110803607558","source_id":"REF-FAIRMONT-SECONDARY-ROADS","source_originator":"U.S. Department of Commerce, U.S. Census Bureau, Geography Division","state_route":"73","state_route_a":"73","state_route_b":null,"state_route_c":null,"stco_fipscode":"54049","tnmfrc":2,"us_route":"250","us_route_a":"250","us_route_b":null,"us_route_c":null},"type":"Feature"},{"geometry":{"coordinates":[[-80.218404,39.462409],[-80.218318,39.462455],[-80.218248,39.462511]],"type":"LineString"},"id":"REF-FAIRMONT-SECONDARY-ROADS-277","properties":{"canon_status":"REAL_REFERENCE","county_route":null,"federal_lands_route":null,"fictionality":"REAL","globalid":"{233B457A-D221-491F-A4FC-86548190892E}","interstate":null,"interstate_a":null,"interstate_b":null,"interstate_c":null,"loaddate":1474004881000,"mtfcc_code":"S1200","name":"Camden Ave","objectid":31110266,"permanent_identifier":"816ac9fe-ee9c-4215-a804-34cf7bee4d4d","real_world_relation":"REFERENCE_ONLY","shape_Length":22.868022364526105,"source_datadesc":"2016 January MAFTIGER","source_datasetid":"{9298FF95-0FA8-4712-9AA5-9292C907CA63}","source_featureid":"110803606737","source_id":"REF-FAIRMONT-SECONDARY-ROADS","source_originator":"U.S. Department of Commerce, U.S. Census Bureau, Geography Division","state_route":null,"state_route_a":null,"state_route_b":null,"state_route_c":null,"stco_fipscode":"54049","tnmfrc":2,"us_route":"19","us_route_a":"19","us_route_b":null,"us_route_c":null},"type":"Feature"},{"geometry":{"coordinates":[[-80.172467,39.451929],[-80.172166,39.452081],[-80.17191,39.452211]],"type":"LineString"},"id":"REF-FAIRMONT-SECONDARY-ROADS-278","properties":{"canon_status":"REAL_REFERENCE","county_route":null,"federal_lands_route":null,"fictionality":"REAL","globalid":"{0C5162F6-2F0A-467E-BEF8-83E8C3053D76}","interstate":null,"interstate_a":null,"interstate_b":null,"interstate_c":null,"loaddate":1474004852000,"mtfcc_code":"S1200","name":"Fairmont Ave","objectid":31238464,"permanent_identifier":"76f9034f-b2fd-499a-a2a9-c1820ec5b746","real_world_relation":"REFERENCE_ONLY","shape_Length":74.14489963628915,"source_datadesc":"2016 January MAFTIGER","source_datasetid":"{9298FF95-0FA8-4712-9AA5-9292C907CA63}","source_featureid":"110803607558","source_id":"REF-FAIRMONT-SECONDARY-ROADS","source_originator":"U.S. Department of Commerce, U.S. Census Bureau, Geography Division","state_route":"73","state_route_a":"73","state_route_b":null,"state_route_c":null,"stco_fipscode":"54049","tnmfrc":2,"us_route":"250","us_route_a":"250","us_route_b":null,"us_route_c":null},"type":"Feature"},{"geometry":{"coordinates":[[-80.184036,39.422305],[-80.184191,39.422405],[-80.184444,39.422552]],"type":"LineString"},"id":"REF-FAIRMONT-SECONDARY-ROADS-279","properties":{"canon_status":"REAL_REFERENCE","county_route":null,"federal_lands_route":null,"fictionality":"REAL","globalid":"{24509EC9-BC53-4808-9F62-6DD966832C8D}","interstate":null,"interstate_a":null,"interstate_b":null,"interstate_c":null,"loaddate":1474004328000,"mtfcc_code":"S1200","name":"US Hwy 250","objectid":31367635,"permanent_identifier":"6dae8483-36b0-4fa5-8c5e-70acf43303df","real_world_relation":"REFERENCE_ONLY","shape_Length":57.72197485421614,"source_datadesc":"2016 January MAFTIGER","source_datasetid":"{9298FF95-0FA8-4712-9AA5-9292C907CA63}","source_featureid":"110803586718","source_id":"REF-FAIRMONT-SECONDARY-ROADS","source_originator":"U.S. Department of Commerce, U.S. Census Bureau, Geography Division","state_route":null,"state_route_a":null,"state_route_b":null,"state_route_c":null,"stco_fipscode":"54049","tnmfrc":2,"us_route":"250","us_route_a":"250","us_route_b":null,"us_route_c":null},"type":"Feature"},{"geometry":{"coordinates":[[-80.165193,39.400586],[-80.165158,39.400695],[-80.164867,39.401523]],"type":"LineString"},"id":"REF-FAIRMONT-SECONDARY-ROADS-280","properties":{"canon_status":"REAL_REFERENCE","county_route":null,"federal_lands_route":null,"fictionality":"REAL","globalid":"{AB9B676A-AA74-4E5E-BD6D-58D9E88DA647}","interstate":null,"interstate_a":null,"interstate_b":null,"interstate_c":null,"loaddate":1474004328000,"mtfcc_code":"S1200","name":"US Hwy 250","objectid":31881958,"permanent_identifier":"7b34fe7d-bbef-4dd2-b2bd-49bfcb4786a2","real_world_relation":"REFERENCE_ONLY","shape_Length":139.7822682123266,"source_datadesc":"2016 January MAFTIGER","source_datasetid":"{9298FF95-0FA8-4712-9AA5-9292C907CA63}","source_featureid":"110803586718","source_id":"REF-FAIRMONT-SECONDARY-ROADS","source_originator":"U.S. Department of Commerce, U.S. Census Bureau, Geography Division","state_route":null,"state_route_a":null,"state_route_b":null,"state_route_c":null,"stco_fipscode":"54049","tnmfrc":2,"us_route":"250","us_route_a":"250","us_route_b":null,"us_route_c":null},"type":"Feature"},{"geometry":{"coordinates":[[-80.190452,39.498419],[-80.190582,39.498473],[-80.190774,39.49854],[-80.190951,39.498588],[-80.191196,39.498631],[-80.191505,39.498652],[-80.191716,39.498643],[-80.191914,39.49862],[-80.192074,39.498585],[-80.192279,39.498523],[-80.192556,39.498425],[-80.192939,39.498305],[-80.193345,39.498211],[-80.19371,39.49814],[-80.193726,39.498137],[-80.194061,39.498099],[-80.19435,39.498084]],"type":"LineString"},"id":"REF-FAIRMONT-SECONDARY-ROADS-281","properties":{"canon_status":"REAL_REFERENCE","county_route":null,"federal_lands_route":null,"fictionality":"REAL","globalid":"{B5CF4C94-3292-43C3-88F3-6981F39FB1BC}","interstate":null,"interstate_a":null,"interstate_b":null,"interstate_c":null,"loaddate":1474004328000,"mtfcc_code":"S1200","name":"US Hwy 250","objectid":32269541,"permanent_identifier":"fdbe4f9a-75af-4503-b0ed-118442586907","real_world_relation":"REFERENCE_ONLY","shape_Length":452.91257087341523,"source_datadesc":"2016 January MAFTIGER","source_datasetid":"{9298FF95-0FA8-4712-9AA5-9292C907CA63}","source_featureid":"110803586713","source_id":"REF-FAIRMONT-SECONDARY-ROADS","source_originator":"U.S. Department of Commerce, U.S. Census Bureau, Geography Division","state_route":null,"state_route_a":null,"state_route_b":null,"state_route_c":null,"stco_fipscode":"54049","tnmfrc":2,"us_route":"250","us_route_a":"250","us_route_b":null,"us_route_c":null},"type":"Feature"},{"geometry":{"coordinates":[[-80.133311,39.506885],[-80.133305,39.506949],[-80.133277,39.507157]],"type":"LineString"},"id":"REF-FAIRMONT-SECONDARY-ROADS-282","properties":{"canon_status":"REAL_REFERENCE","county_route":null,"federal_lands_route":null,"fictionality":"REAL","globalid":"{98006583-42BE-4113-AAEA-4FAB635FF030}","interstate":null,"interstate_a":null,"interstate_b":null,"interstate_c":null,"loaddate":1474004494000,"mtfcc_code":"S1200","name":"Pennsylvania Ave","objectid":32399221,"permanent_identifier":"1b9f9a03-eabb-47de-9bc7-9e952d23d3d9","real_world_relation":"REFERENCE_ONLY","shape_Length":39.42996080911019,"source_datadesc":"2016 January MAFTIGER","source_datasetid":"{9298FF95-0FA8-4712-9AA5-9292C907CA63}","source_featureid":"110803608552","source_id":"REF-FAIRMONT-SECONDARY-ROADS","source_originator":"U.S. Department of Commerce, U.S. Census Bureau, Geography Division","state_route":null,"state_route_a":null,"state_route_b":null,"state_route_c":null,"stco_fipscode":"54049","tnmfrc":2,"us_route":"19","us_route_a":"19","us_route_b":null,"us_route_c":null},"type":"Feature"},{"geometry":{"coordinates":[[-80.184777,39.47209],[-80.184933,39.472097],[-80.185216,39.472132],[-80.18557,39.4722],[-80.185827,39.472257]],"type":"LineString"},"id":"REF-FAIRMONT-SECONDARY-ROADS-283","properties":{"canon_status":"REAL_REFERENCE","county_route":null,"federal_lands_route":null,"fictionality":"REAL","globalid":"{8A6E9122-10A4-49E8-B191-FF2662D262EA}","interstate":null,"interstate_a":null,"interstate_b":null,"interstate_c":null,"loaddate":1474004488000,"mtfcc_code":"S1200","name":"Locust Ave","objectid":32527999,"permanent_identifier":"18954efa-0798-42ff-8d05-08bfaba81bd1","real_world_relation":"REFERENCE_ONLY","shape_Length":119.67580630609929,"source_datadesc":"2016 January MAFTIGER","source_datasetid":"{9298FF95-0FA8-4712-9AA5-9292C907CA63}","source_featureid":"110803606896","source_id":"REF-FAIRMONT-SECONDARY-ROADS","source_originator":"U.S. Department of Commerce, U.S. Census Bureau, Geography Division","state_route":null,"state_route_a":null,"state_route_b":null,"state_route_c":null,"stco_fipscode":"54049","tnmfrc":2,"us_route":"19","us_route_a":"19","us_route_b":null,"us_route_c":null},"type":"Feature"},{"geometry":{"coordinates":[[-80.187802,39.424857],[-80.187961,39.425097],[-80.188194,39.425495],[-80.188331,39.425816],[-80.188435,39.426125],[-80.188527,39.426459],[-80.188593,39.42684],[-80.188611,39.427144],[-80.188611,39.427226],[-80.188609,39.427473],[-80.188552,39.427845],[-80.188377,39.428636],[-80.188325,39.428809]],"type":"LineString"},"id":"REF-FAIRMONT-SECONDARY-ROADS-284","properties":{"canon_status":"REAL_REFERENCE","county_route":null,"federal_lands_route":null,"fictionality":"REAL","globalid":"{FFDE64F0-A63D-4D7F-B663-C5C0F97EFCD6}","interstate":null,"interstate_a":null,"interstate_b":null,"interstate_c":null,"loaddate":1474004328000,"mtfcc_code":"S1200","name":"US Hwy 250","objectid":32528000,"permanent_identifier":"b70a2ee1-d71d-4f5c-831f-ab03cc95ffad","real_world_relation":"REFERENCE_ONLY","shape_Length":587.6323550761646,"source_datadesc":"2016 January MAFTIGER","source_datasetid":"{9298FF95-0FA8-4712-9AA5-9292C907CA63}","source_featureid":"110803586714","source_id":"REF-FAIRMONT-SECONDARY-ROADS","source_originator":"U.S. Department of Commerce, U.S. Census Bureau, Geography Division","state_route":null,"state_route_a":null,"state_route_b":null,"state_route_c":null,"stco_fipscode":"54049","tnmfrc":2,"us_route":"250","us_route_a":"250","us_route_b":null,"us_route_c":null},"type":"Feature"},{"geometry":{"coordinates":[[-80.154535,39.470686],[-80.154168,39.471222],[-80.154077,39.471361]],"type":"LineString"},"id":"REF-FAIRMONT-SECONDARY-ROADS-285","properties":{"canon_status":"REAL_REFERENCE","county_route":null,"federal_lands_route":null,"fictionality":"REAL","globalid":"{2257A8DA-B8A3-4F1C-9CC0-D258E25AEE65}","interstate":null,"interstate_a":null,"interstate_b":null,"interstate_c":null,"loaddate":1474004852000,"mtfcc_code":"S1200","name":"Fairmont Ave","objectid":32528026,"permanent_identifier":"19cc6af9-c9a7-4ea9-9c55-7764d606162b","real_world_relation":"REFERENCE_ONLY","shape_Length":109.88619487361294,"source_datadesc":"2016 January MAFTIGER","source_datasetid":"{9298FF95-0FA8-4712-9AA5-9292C907CA63}","source_featureid":"110803607558","source_id":"REF-FAIRMONT-SECONDARY-ROADS","source_originator":"U.S. Department of Commerce, U.S. Census Bureau, Geography Division","state_route":"73","state_route_a":"73","state_route_b":null,"state_route_c":null,"stco_fipscode":"54049","tnmfrc":2,"us_route":"250","us_route_a":"250","us_route_b":null,"us_route_c":null},"type":"Feature"},{"geometry":{"coordinates":[[-80.167488,39.476916],[-80.167543,39.476808],[-80.167825,39.476284],[-80.167876,39.476167],[-80.167918,39.476039]],"type":"LineString"},"id":"REF-FAIRMONT-SECONDARY-ROADS-286","properties":{"canon_status":"REAL_REFERENCE","county_route":null,"federal_lands_route":null,"fictionality":"REAL","globalid":"{9FBFC45A-648B-41F9-ABC2-3908BBBD4D87}","interstate":null,"interstate_a":null,"interstate_b":null,"interstate_c":null,"loaddate":1474004488000,"mtfcc_code":"S1200","name":"Locust Ave","objectid":32528043,"permanent_identifier":"9899d031-7185-456e-b356-87fd4925ec6e","real_world_relation":"REFERENCE_ONLY","shape_Length":135.4122484524636,"source_datadesc":"2016 January MAFTIGER","source_datasetid":"{9298FF95-0FA8-4712-9AA5-9292C907CA63}","source_featureid":"110803606896","source_id":"REF-FAIRMONT-SECONDARY-ROADS","source_originator":"U.S. Department of Commerce, U.S. Census Bureau, Geography Division","state_route":null,"state_route_a":null,"state_route_b":null,"state_route_c":null,"stco_fipscode":"54049","tnmfrc":2,"us_route":"19","us_route_a":"19","us_route_b":null,"us_route_c":null},"type":"Feature"},{"geometry":{"coordinates":[[-80.148461,39.480253],[-80.148188,39.48054],[-80.147609,39.48114]],"type":"LineString"},"id":"REF-FAIRMONT-SECONDARY-ROADS-287","properties":{"canon_status":"REAL_REFERENCE","county_route":null,"federal_lands_route":null,"fictionality":"REAL","globalid":"{8AC12CE7-34FB-498B-B843-9CE6E68FFEB4}","interstate":null,"interstate_a":"","interstate_b":"","interstate_c":"","loaddate":1673512934000,"mtfcc_code":"S1200","name":"Fairmont Ave","objectid":36857711,"permanent_identifier":"f06f6513-7ee5-45f3-b692-2a967ae320a0","real_world_relation":"REFERENCE_ONLY","shape_Length":159.31795979170508,"source_datadesc":"2022 September MAF/TIGER","source_datasetid":"{44B2076B-6481-4306-8A8B-3DA3B41428FA}","source_featureid":"110803607558","source_id":"REF-FAIRMONT-SECONDARY-ROADS","source_originator":"U.S. Department of Commerce, U.S. Census Bureau, Geography Division","state_route":"73","state_route_a":"73","state_route_b":"","state_route_c":"","stco_fipscode":"54049","tnmfrc":2,"us_route":"250","us_route_a":"250","us_route_b":"","us_route_c":""},"type":"Feature"},{"geometry":{"coordinates":[[-80.147609,39.48114],[-80.147259,39.481503],[-80.146799,39.481998]],"type":"LineString"},"id":"REF-FAIRMONT-SECONDARY-ROADS-288","properties":{"canon_status":"REAL_REFERENCE","county_route":null,"federal_lands_route":null,"fictionality":"REAL","globalid":"{9F169AAC-9086-4DE3-BC85-5B485DDF2F21}","interstate":null,"interstate_a":"","interstate_b":"","interstate_c":"","loaddate":1673512934000,"mtfcc_code":"S1200","name":"Fairmont Ave","objectid":36857713,"permanent_identifier":"10ae76a9-d8e3-46a6-b56d-49e41f57a606","real_world_relation":"REFERENCE_ONLY","shape_Length":153.05472259154885,"source_datadesc":"2022 September MAF/TIGER","source_datasetid":"{44B2076B-6481-4306-8A8B-3DA3B41428FA}","source_featureid":"110803607558","source_id":"REF-FAIRMONT-SECONDARY-ROADS","source_originator":"U.S. Department of Commerce, U.S. Census Bureau, Geography Division","state_route":"73","state_route_a":"73","state_route_b":"","state_route_c":"","stco_fipscode":"54049","tnmfrc":2,"us_route":"250","us_route_a":"250","us_route_b":"","us_route_c":""},"type":"Feature"}],"type":"FeatureCollection"}
