{"features":[{"geometry":{"coordinates":[[-79.937528,40.399362],[-79.937254,40.39937],[-79.936164,40.399398],[-79.935796,40.399423],[-79.935603,40.399436],[-79.935279,40.39948]],"type":"LineString"},"id":"REF-HAZELWOOD-RAIL-1","properties":{"canon_status":"REAL_REFERENCE","fcode":20201,"fictionality":"REAL","globalid":"{C18DAA4F-F227-47F0-8586-1881EA73797B}","lengthkm":0.18050912000000002,"loaddate":1758113402000,"name":"GLENWOOD YARD","objectid":925948,"permanent_identifier":"d0874a35-9a3a-4822-ba9c-64cbd2e64fda","railclassification":null,"railowner":"Allegheny Valley Railroad Company","railownercode":"AVR","railsubdivision":null,"railusage":"O","real_world_relation":"REFERENCE_ONLY","shape_Length":251.30785708539304,"source_datadesc":"FRA Rail Lines 07/2025","source_datasetid":"{14EEFC21-039C-4AB1-8866-0FA5FC6A7AEB}","source_featureid":"395410","source_id":"REF-HAZELWOOD-RAIL","source_originator":"Federal Railroad Administration"},"type":"Feature"},{"geometry":{"coordinates":[[-79.93901,40.39877],[-79.939469,40.398762],[-79.939791,40.398781],[-79.939954,40.398796],[-79.940152,40.398814],[-79.941192,40.398916],[-79.941473,40.398976],[-79.941987,40.399115],[-79.942279,40.399256]],"type":"LineString"},"id":"REF-HAZELWOOD-RAIL-2","properties":{"canon_status":"REAL_REFERENCE","fcode":20201,"fictionality":"REAL","globalid":"{3C939998-7A91-4271-9A47-1A695EBC826F}","lengthkm":0.27195840000000004,"loaddate":1758113402000,"name":"GLENWOOD YARD","objectid":925949,"permanent_identifier":"28f15a85-5104-4908-a518-9298b1d750ef","railclassification":null,"railowner":"Allegheny Valley Railroad Company","railownercode":"AVR","railsubdivision":null,"railusage":"O","real_world_relation":"REFERENCE_ONLY","shape_Length":375.9670819559775,"source_datadesc":"FRA Rail Lines 07/2025","source_datasetid":"{14EEFC21-039C-4AB1-8866-0FA5FC6A7AEB}","source_featureid":"395416","source_id":"REF-HAZELWOOD-RAIL","source_originator":"Federal Railroad Administration"},"type":"Feature"},{"geometry":{"coordinates":[[-79.935993,40.399284],[-79.936296,40.399165]],"type":"LineString"},"id":"REF-HAZELWOOD-RAIL-3","properties":{"canon_status":"REAL_REFERENCE","fcode":20201,"fictionality":"REAL","globalid":"{BF7DDB95-586A-41A5-9180-2459B5973519}","lengthkm":0.027948940000000002,"loaddate":1758113402000,"name":"GLENWOOD YARD","objectid":926576,"permanent_identifier":"a84ac1db-bf50-4ae5-a4a8-0f7d056852c8","railclassification":null,"railowner":null,"railownercode":"CSXT","railsubdivision":"P & W","railusage":"O","real_world_relation":"REFERENCE_ONLY","shape_Length":37.903736036758914,"source_datadesc":"FRA Rail Lines 07/2025","source_datasetid":"{14EEFC21-039C-4AB1-8866-0FA5FC6A7AEB}","source_featureid":"407464","source_id":"REF-HAZELWOOD-RAIL","source_originator":"Federal Railroad Administration"},"type":"Feature"},{"geometry":{"coordinates":[[-79.942287,40.399767],[-79.942182,40.399664],[-79.942025,40.399552],[-79.941897,40.399505],[-79.941499,40.399386]],"type":"LineString"},"id":"REF-HAZELWOOD-RAIL-4","properties":{"canon_status":"REAL_REFERENCE","fcode":20201,"fictionality":"REAL","globalid":"{BE8ED367-A449-4D3A-98B6-AC7844C70160}","lengthkm":0.07930581,"loaddate":1758113402000,"name":"GLENWOOD YARD","objectid":932740,"permanent_identifier":"5f4be9e4-e766-42bf-8f61-e5c0c6ddf902","railclassification":null,"railowner":"Allegheny Valley Railroad Company","railownercode":"AVR","railsubdivision":null,"railusage":"O","real_world_relation":"REFERENCE_ONLY","shape_Length":106.33224840878307,"source_datadesc":"FRA Rail Lines 07/2025","source_datasetid":"{14EEFC21-039C-4AB1-8866-0FA5FC6A7AEB}","source_featureid":"527103","source_id":"REF-HAZELWOOD-RAIL","source_originator":"Federal Railroad Administration"},"type":"Feature"},{"geometry":{"coordinates":[[-79.950719,40.427196],[-79.950519,40.42742],[-79.950181,40.427798],[-79.950157,40.427833],[-79.949968,40.428113],[-79.949881,40.428242],[-79.949874,40.428259],[-79.949781,40.428482],[-79.949772,40.428502],[-79.949698,40.428741],[-79.949659,40.428867],[-79.949641,40.428977],[-79.949598,40.429232]],"type":"LineString"},"id":"REF-HAZELWOOD-RAIL-5","properties":{"canon_status":"REAL_REFERENCE","fcode":20200,"fictionality":"REAL","globalid":"{DDA722D9-A9E5-4122-A2AE-1754E0F2AC17}","lengthkm":0.25990811,"loaddate":1758113402000,"name":null,"objectid":934276,"permanent_identifier":"02951b86-7c84-48b0-bdb2-db6ed079b23d","railclassification":null,"railowner":null,"railownercode":"CSXT","railsubdivision":"P AND W","railusage":"M","real_world_relation":"REFERENCE_ONLY","shape_Length":328.07316513393306,"source_datadesc":"FRA Rail Lines 07/2025","source_datasetid":"{14EEFC21-039C-4AB1-8866-0FA5FC6A7AEB}","source_featureid":"407458","source_id":"REF-HAZELWOOD-RAIL","source_originator":"Federal Railroad Administration"},"type":"Feature"},{"geometry":{"coordinates":[[-79.950174,40.406963],[-79.950667,40.408858],[-79.950762,40.409408]],"type":"LineString"},"id":"REF-HAZELWOOD-RAIL-6","properties":{"canon_status":"REAL_REFERENCE","fcode":20200,"fictionality":"REAL","globalid":"{6AB69623-9DF6-4156-985B-CFCBA968C3D0}","lengthkm":0.29232015,"loaddate":1758113402000,"name":null,"objectid":940335,"permanent_identifier":"23a7e26b-ed7a-487d-9203-e12385882567","railclassification":null,"railowner":"Allegheny Valley Railroad Company","railownercode":"AVR","railsubdivision":"W&P","railusage":"M","real_world_relation":"REFERENCE_ONLY","shape_Length":363.4047229408337,"source_datadesc":"FRA Rail Lines 07/2025","source_datasetid":"{14EEFC21-039C-4AB1-8866-0FA5FC6A7AEB}","source_featureid":"396491","source_id":"REF-HAZELWOOD-RAIL","source_originator":"Federal Railroad Administration"},"type":"Feature"},{"geometry":{"coordinates":[[-79.938058,40.398848],[-79.938869,40.398845],[-79.939232,40.398856],[-79.939416,40.398862],[-79.940683,40.39897]],"type":"LineString"},"id":"REF-HAZELWOOD-RAIL-7","properties":{"canon_status":"REAL_REFERENCE","fcode":20201,"fictionality":"REAL","globalid":"{53F05EEB-A6E8-4D80-92F9-7468AC061312}","lengthkm":0.21051693000000002,"loaddate":1758113402000,"name":"GLENWOOD YARD","objectid":941217,"permanent_identifier":"e59696a4-bfa9-415e-bb12-23b2c63b73ae","railclassification":null,"railowner":"Allegheny Valley Railroad Company","railownercode":"AVR","railsubdivision":null,"railusage":"O","real_world_relation":"REFERENCE_ONLY","shape_Length":293.11526412399894,"source_datadesc":"FRA Rail Lines 07/2025","source_datasetid":"{14EEFC21-039C-4AB1-8866-0FA5FC6A7AEB}","source_featureid":"412875","source_id":"REF-HAZELWOOD-RAIL","source_originator":"Federal Railroad Administration"},"type":"Feature"},{"geometry":{"coordinates":[[-79.945491,40.403249],[-79.945687,40.403265],[-79.945901,40.403303]],"type":"LineString"},"id":"REF-HAZELWOOD-RAIL-8","properties":{"canon_status":"REAL_REFERENCE","fcode":20200,"fictionality":"REAL","globalid":"{8E4661D5-18DF-4004-B28B-D26C1C1686D3}","lengthkm":0.03346633,"loaddate":1758113402000,"name":null,"objectid":941218,"permanent_identifier":"8731864e-08e9-43d3-a5a7-0b4315f6dc58","railclassification":null,"railowner":"Allegheny Valley Railroad Company","railownercode":"AVR","railsubdivision":null,"railusage":"M","real_world_relation":"REFERENCE_ONLY","shape_Length":46.44287247108518,"source_datadesc":"FRA Rail Lines 07/2025","source_datasetid":"{14EEFC21-039C-4AB1-8866-0FA5FC6A7AEB}","source_featureid":"412882","source_id":"REF-HAZELWOOD-RAIL","source_originator":"Federal Railroad Administration"},"type":"Feature"},{"geometry":{"coordinates":[[-79.94367,40.400309],[-79.944183,40.400935],[-79.94525,40.402088],[-79.945988,40.402862]],"type":"LineString"},"id":"REF-HAZELWOOD-RAIL-9","properties":{"canon_status":"REAL_REFERENCE","fcode":20201,"fictionality":"REAL","globalid":"{2588EC96-B25D-492F-A520-63ADA09FBD76}","lengthkm":0.353707,"loaddate":1758113402000,"name":"GLENWOOD YARD","objectid":941222,"permanent_identifier":"dfddd589-1695-4f61-9965-eec91e593da0","railclassification":null,"railowner":"Allegheny Valley Railroad Company","railownercode":"AVR","railsubdivision":null,"railusage":"O","real_world_relation":"REFERENCE_ONLY","shape_Length":453.83702574226606,"source_datadesc":"FRA Rail Lines 07/2025","source_datasetid":"{14EEFC21-039C-4AB1-8866-0FA5FC6A7AEB}","source_featureid":"412945","source_id":"REF-HAZELWOOD-RAIL","source_originator":"Federal Railroad Administration"},"type":"Feature"},{"geometry":{"coordinates":[[-79.943848,40.400198],[-79.94443,40.400839],[-79.947185,40.403873]],"type":"LineString"},"id":"REF-HAZELWOOD-RAIL-10","properties":{"canon_status":"REAL_REFERENCE","fcode":20201,"fictionality":"REAL","globalid":"{C9575BC5-2460-4058-8C93-B9CFFAE057D9}","lengthkm":0.5089811200000001,"loaddate":1758113402000,"name":"GLENWOOD YARD","objectid":941223,"permanent_identifier":"218dda30-d92b-4669-9849-8a3ec73350e7","railclassification":null,"railowner":"Allegheny Valley Railroad Company","railownercode":"AVR","railsubdivision":null,"railusage":"O","real_world_relation":"REFERENCE_ONLY","shape_Length":653.0485213129266,"source_datadesc":"FRA Rail Lines 07/2025","source_datasetid":"{14EEFC21-039C-4AB1-8866-0FA5FC6A7AEB}","source_featureid":"412950","source_id":"REF-HAZELWOOD-RAIL","source_originator":"Federal Railroad Administration"},"type":"Feature"},{"geometry":{"coordinates":[[-79.953219,40.423156],[-79.953057,40.422855],[-79.952873,40.422469],[-79.952456,40.421683],[-79.952254,40.421261],[-79.951966,40.420578],[-79.95148,40.419431],[-79.951144,40.418702],[-79.951061,40.418522],[-79.951019,40.418313]],"type":"LineString"},"id":"REF-HAZELWOOD-RAIL-11","properties":{"canon_status":"REAL_REFERENCE","fcode":20200,"fictionality":"REAL","globalid":"{DB4A3AD5-5109-4589-8C95-A852F2C6DCAB}","lengthkm":0.59847918,"loaddate":1758113402000,"name":null,"objectid":941721,"permanent_identifier":"818c31d0-fb3c-413f-b41a-ccbae0d5b309","railclassification":null,"railowner":"Allegheny Valley Railroad Company","railownercode":"AVR","railsubdivision":null,"railusage":"O","real_world_relation":"REFERENCE_ONLY","shape_Length":750.1510319517432,"source_datadesc":"FRA Rail Lines 07/2025","source_datasetid":"{14EEFC21-039C-4AB1-8866-0FA5FC6A7AEB}","source_featureid":"421018","source_id":"REF-HAZELWOOD-RAIL","source_originator":"Federal Railroad Administration"},"type":"Feature"},{"geometry":{"coordinates":[[-79.941492,40.399847],[-79.941917,40.399984],[-79.942297,40.400115]],"type":"LineString"},"id":"REF-HAZELWOOD-RAIL-12","properties":{"canon_status":"REAL_REFERENCE","fcode":20201,"fictionality":"REAL","globalid":"{72C105CE-774F-4449-ADE5-AA558628B2F3}","lengthkm":0.07167198,"loaddate":1758113402000,"name":"GLENWOOD YARD","objectid":947204,"permanent_identifier":"b90c5422-af5d-43e2-a690-b5bfaa86a206","railclassification":null,"railowner":"Allegheny Valley Railroad Company","railownercode":"AVR","railsubdivision":null,"railusage":"O","real_world_relation":"REFERENCE_ONLY","shape_Length":97.81793125622008,"source_datadesc":"FRA Rail Lines 07/2025","source_datasetid":"{14EEFC21-039C-4AB1-8866-0FA5FC6A7AEB}","source_featureid":"527106","source_id":"REF-HAZELWOOD-RAIL","source_originator":"Federal Railroad Administration"},"type":"Feature"},{"geometry":{"coordinates":[[-79.949893,40.406516],[-79.950032,40.406877],[-79.950125,40.40718],[-79.950254,40.407653],[-79.950543,40.408709]],"type":"LineString"},"id":"REF-HAZELWOOD-RAIL-13","properties":{"canon_status":"REAL_REFERENCE","fcode":20201,"fictionality":"REAL","globalid":"{BEF5616D-7315-4596-A8D7-EEA982E6954D}","lengthkm":0.26411018,"loaddate":1758113402000,"name":"GLENWOOD YARD","objectid":954840,"permanent_identifier":"de3aa3fa-70d4-4fa4-93df-e12ae3ffb3dc","railclassification":null,"railowner":"Allegheny Valley Railroad Company","railownercode":"AVR","railsubdivision":null,"railusage":"O","real_world_relation":"REFERENCE_ONLY","shape_Length":328.8885365596367,"source_datadesc":"FRA Rail Lines 07/2025","source_datasetid":"{14EEFC21-039C-4AB1-8866-0FA5FC6A7AEB}","source_featureid":"395397","source_id":"REF-HAZELWOOD-RAIL","source_originator":"Federal Railroad Administration"},"type":"Feature"},{"geometry":{"coordinates":[[-79.955973,40.410866],[-79.95609,40.411202],[-79.956101,40.411234],[-79.956107,40.411265],[-79.956122,40.411342],[-79.956178,40.411627],[-79.956193,40.411704],[-79.95621,40.411971],[-79.956223,40.412176],[-79.956222,40.412196],[-79.956075,40.414356],[-79.956074,40.414361],[-79.956071,40.414832],[-79.956079,40.414912],[-79.956101,40.415149],[-79.956139,40.415356]],"type":"LineString"},"id":"REF-HAZELWOOD-RAIL-14","properties":{"canon_status":"REAL_REFERENCE","fcode":20200,"fictionality":"REAL","globalid":"{CF2EC9C6-7F41-4657-BB51-26734958BE9E}","lengthkm":0.5321831,"loaddate":1758113402000,"name":null,"objectid":962917,"permanent_identifier":"f4c2fd76-1f22-4fd5-a086-afc30c941a17","railclassification":null,"railowner":"Norfolk Southern Railway Company","railownercode":"NS","railsubdivision":"MON LINE (NS)","railusage":"M","real_world_relation":"REFERENCE_ONLY","shape_Length":660.0711613692921,"source_datadesc":"FRA Rail Lines 07/2025","source_datasetid":"{14EEFC21-039C-4AB1-8866-0FA5FC6A7AEB}","source_featureid":"393161","source_id":"REF-HAZELWOOD-RAIL","source_originator":"Federal Railroad Administration"},"type":"Feature"},{"geometry":{"coordinates":[[-79.955458,40.413253],[-79.955495,40.414692],[-79.955501,40.414929],[-79.955528,40.415151],[-79.955542,40.415262],[-79.955557,40.415393],[-79.95557,40.4155],[-79.95561,40.415692]],"type":"LineString"},"id":"REF-HAZELWOOD-RAIL-15","properties":{"canon_status":"REAL_REFERENCE","fcode":20200,"fictionality":"REAL","globalid":"{EE7D3A2D-7D5A-49C1-A82F-BDD303945A0A}","lengthkm":0.28829472,"loaddate":1758113402000,"name":null,"objectid":963096,"permanent_identifier":"1898a1d8-7750-4931-b034-06a6ea4af450","railclassification":null,"railowner":null,"railownercode":"CSXT","railsubdivision":"PITTSBURGH (CSXT)","railusage":"M","real_world_relation":"REFERENCE_ONLY","shape_Length":357.3371093564734,"source_datadesc":"FRA Rail Lines 07/2025","source_datasetid":"{14EEFC21-039C-4AB1-8866-0FA5FC6A7AEB}","source_featureid":"407447","source_id":"REF-HAZELWOOD-RAIL","source_originator":"Federal Railroad Administration"},"type":"Feature"},{"geometry":{"coordinates":[[-79.94925,40.40566],[-79.94929,40.405697],[-79.949579,40.405961]],"type":"LineString"},"id":"REF-HAZELWOOD-RAIL-16","properties":{"canon_status":"REAL_REFERENCE","fcode":20201,"fictionality":"REAL","globalid":"{36C51672-4A26-4B3C-8E17-17D3D10BD03A}","lengthkm":0.04419546,"loaddate":1758113402000,"name":"GLENWOOD YARD","objectid":969087,"permanent_identifier":"22999522-1713-4fcc-9aa3-cb83a3d965de","railclassification":null,"railowner":"Allegheny Valley Railroad Company","railownercode":"AVR","railsubdivision":null,"railusage":"O","real_world_relation":"REFERENCE_ONLY","shape_Length":57.25930862471136,"source_datadesc":"FRA Rail Lines 07/2025","source_datasetid":"{14EEFC21-039C-4AB1-8866-0FA5FC6A7AEB}","source_featureid":"395395","source_id":"REF-HAZELWOOD-RAIL","source_originator":"Federal Railroad Administration"},"type":"Feature"},{"geometry":{"coordinates":[[-79.936296,40.399165],[-79.937143,40.398903],[-79.937785,40.398707],[-79.938096,40.39865],[-79.938449,40.398604],[-79.939185,40.398564],[-79.939963,40.398561],[-79.940705,40.3986],[-79.941371,40.398668],[-79.941935,40.398768],[-79.942569,40.398953],[-79.942631,40.398971],[-79.942916,40.399103],[-79.9432,40.399246]],"type":"LineString"},"id":"REF-HAZELWOOD-RAIL-17","properties":{"canon_status":"REAL_REFERENCE","fcode":20200,"fictionality":"REAL","globalid":"{468C4A48-FB29-44E7-920D-7421C9C517D4}","lengthkm":0.58251238,"loaddate":1758113402000,"name":null,"objectid":969088,"permanent_identifier":"98250056-33f1-4a18-bcaa-9dc54356d605","railclassification":null,"railowner":"Allegheny Valley Railroad Company","railownercode":"AVR","railsubdivision":"W&P","railusage":"M","real_world_relation":"REFERENCE_ONLY","shape_Length":803.1112136534583,"source_datadesc":"FRA Rail Lines 07/2025","source_datasetid":"{14EEFC21-039C-4AB1-8866-0FA5FC6A7AEB}","source_featureid":"395417","source_id":"REF-HAZELWOOD-RAIL","source_originator":"Federal Railroad Administration"},"type":"Feature"},{"geometry":{"coordinates":[[-79.920697,40.400811],[-79.924024,40.398026],[-79.924595,40.397556],[-79.925332,40.396966],[-79.92582,40.396596],[-79.926299,40.396265],[-79.926706,40.396004],[-79.927285,40.395667],[-79.928002,40.395276],[-79.928821,40.394875],[-79.929646,40.394496],[-79.929723,40.394461],[-79.929865,40.394408],[-79.929925,40.394385],[-79.930353,40.394211],[-79.93039,40.394197],[-79.930879,40.394002],[-79.931143,40.393923],[-79.931154,40.39392],[-79.931355,40.39386],[-79.931741,40.39379],[-79.931906,40.393765],[-79.932186,40.393723],[-79.932607,40.393681],[-79.933098,40.393648],[-79.933627,40.393657],[-79.933965,40.393686],[-79.934158,40.393705],[-79.934673,40.393757],[-79.935601,40.393857],[-79.936666,40.39398],[-79.937955,40.394133],[-79.938757,40.394235],[-79.939869,40.394361],[-79.940439,40.394456],[-79.940905,40.394537],[-79.941352,40.394634],[-79.942054,40.394812],[-79.942783,40.395011],[-79.943224,40.395144],[-79.944043,40.395412],[-79.944869,40.395724],[-79.945223,40.395858],[-79.945676,40.396078],[-79.946052,40.396283],[-79.946596,40.396616],[-79.947266,40.397153],[-79.947745,40.397554],[-79.949548,40.399063],[-79.949977,40.399443],[-79.950274,40.399728],[-79.950488,40.399978],[-79.950798,40.40032],[-79.951445,40.401117],[-79.951469,40.401146]],"type":"LineString"},"id":"REF-HAZELWOOD-RAIL-18","properties":{"canon_status":"REAL_REFERENCE","fcode":20200,"fictionality":"REAL","globalid":"{F6B34724-734D-46D8-9513-142294EB674D}","lengthkm":3.15382081,"loaddate":1758113402000,"name":null,"objectid":969963,"permanent_identifier":"3ba0b36e-9907-4d0e-8422-2246e76c1220","railclassification":null,"railowner":"Norfolk Southern Railway Company","railownercode":"NS","railsubdivision":"HALL RUNNING TRACK","railusage":"O","real_world_relation":"REFERENCE_ONLY","shape_Length":4220.685882540007,"source_datadesc":"FRA Rail Lines 07/2025","source_datasetid":"{14EEFC21-039C-4AB1-8866-0FA5FC6A7AEB}","source_featureid":"412775","source_id":"REF-HAZELWOOD-RAIL","source_originator":"Federal Railroad Administration"},"type":"Feature"},{"geometry":{"coordinates":[[-79.942936,40.399699],[-79.942627,40.399523],[-79.942318,40.399373],[-79.942182,40.399313],[-79.941779,40.399173],[-79.941201,40.39904],[-79.940965,40.399002],[-79.940683,40.39897]],"type":"LineString"},"id":"REF-HAZELWOOD-RAIL-19","properties":{"canon_status":"REAL_REFERENCE","fcode":20201,"fictionality":"REAL","globalid":"{942A99A5-5909-4BEA-9CDB-9AA2813498B3}","lengthkm":0.20280966,"loaddate":1758113402000,"name":"GLENWOOD YARD","objectid":969968,"permanent_identifier":"69576b6b-a129-48ed-99f0-ec76ee9e6419","railclassification":null,"railowner":"Allegheny Valley Railroad Company","railownercode":"AVR","railsubdivision":null,"railusage":"O","real_world_relation":"REFERENCE_ONLY","shape_Length":276.4083275834399,"source_datadesc":"FRA Rail Lines 07/2025","source_datasetid":"{14EEFC21-039C-4AB1-8866-0FA5FC6A7AEB}","source_featureid":"412878","source_id":"REF-HAZELWOOD-RAIL","source_originator":"Federal Railroad Administration"},"type":"Feature"},{"geometry":{"coordinates":[[-79.943679,40.404202],[-79.943733,40.404043],[-79.943831,40.403903],[-79.943907,40.403817],[-79.944017,40.403727]],"type":"LineString"},"id":"REF-HAZELWOOD-RAIL-20","properties":{"canon_status":"REAL_REFERENCE","fcode":20200,"fictionality":"REAL","globalid":"{A78F1821-8E52-42DD-8D3D-2F6BBA6C074F}","lengthkm":0.06319143,"loaddate":1758113402000,"name":null,"objectid":969969,"permanent_identifier":"f76edf73-e79a-4c65-97e5-f2cf11387b43","railclassification":null,"railowner":"Allegheny Valley Railroad Company","railownercode":"AVR","railsubdivision":null,"railusage":"M","real_world_relation":"REFERENCE_ONLY","shape_Length":80.3875002656652,"source_datadesc":"FRA Rail Lines 07/2025","source_datasetid":"{14EEFC21-039C-4AB1-8866-0FA5FC6A7AEB}","source_featureid":"412881","source_id":"REF-HAZELWOOD-RAIL","source_originator":"Federal Railroad Administration"},"type":"Feature"},{"geometry":{"coordinates":[[-79.943795,40.399619],[-79.944084,40.399914],[-79.945323,40.401272],[-79.949258,40.405586],[-79.94938,40.405719]],"type":"LineString"},"id":"REF-HAZELWOOD-RAIL-21","properties":{"canon_status":"REAL_REFERENCE","fcode":20201,"fictionality":"REAL","globalid":"{2D1B94C8-9DCF-4CFD-8A4D-EA1033C2683C}","lengthkm":0.84685262,"loaddate":1758113402000,"name":"GLENWOOD YARD","objectid":969970,"permanent_identifier":"39a63cda-58bf-40b3-a314-9205cbb96003","railclassification":null,"railowner":"Allegheny Valley Railroad Company","railownercode":"AVR","railsubdivision":null,"railusage":"O","real_world_relation":"REFERENCE_ONLY","shape_Length":1087.0135376193828,"source_datadesc":"FRA Rail Lines 07/2025","source_datasetid":"{14EEFC21-039C-4AB1-8866-0FA5FC6A7AEB}","source_featureid":"412891","source_id":"REF-HAZELWOOD-RAIL","source_originator":"Federal Railroad Administration"},"type":"Feature"},{"geometry":{"coordinates":[[-79.94886,40.405385],[-79.949187,40.405672],[-79.949325,40.405818],[-79.949439,40.405936],[-79.949653,40.40622],[-79.949772,40.406381],[-79.949865,40.406555],[-79.949993,40.406888],[-79.950268,40.407884],[-79.950362,40.408223],[-79.950403,40.408522]],"type":"LineString"},"id":"REF-HAZELWOOD-RAIL-22","properties":{"canon_status":"REAL_REFERENCE","fcode":20201,"fictionality":"REAL","globalid":"{AE3CD194-416A-448D-B2B5-70938DE3CB61}","lengthkm":0.39689712000000005,"loaddate":1758113402000,"name":"GLENWOOD YARD","objectid":969973,"permanent_identifier":"5bd80da9-5bde-40fa-a5ae-60c4462d7e75","railclassification":null,"railowner":"Allegheny Valley Railroad Company","railownercode":"AVR","railsubdivision":null,"railusage":"O","real_world_relation":"REFERENCE_ONLY","shape_Length":499.735152652798,"source_datadesc":"FRA Rail Lines 07/2025","source_datasetid":"{14EEFC21-039C-4AB1-8866-0FA5FC6A7AEB}","source_featureid":"412941","source_id":"REF-HAZELWOOD-RAIL","source_originator":"Federal Railroad Administration"},"type":"Feature"},{"geometry":{"coordinates":[[-79.951536,40.423423],[-79.951784,40.423771],[-79.951966,40.424027],[-79.952048,40.42419],[-79.952137,40.424365],[-79.952146,40.424384],[-79.952192,40.424553],[-79.952235,40.424718],[-79.952243,40.424747],[-79.95225,40.424896],[-79.952255,40.425013],[-79.952244,40.425093],[-79.952212,40.425332],[-79.95221,40.425341],[-79.952157,40.425506],[-79.952133,40.425578],[-79.95208,40.425684],[-79.952007,40.42583],[-79.951988,40.425866],[-79.951872,40.426015],[-79.95173,40.426197],[-79.951653,40.426295],[-79.951513,40.426435],[-79.951303,40.426643],[-79.951168,40.426693],[-79.951068,40.426806],[-79.950747,40.427164],[-79.950719,40.427196]],"type":"LineString"},"id":"REF-HAZELWOOD-RAIL-23","properties":{"canon_status":"REAL_REFERENCE","fcode":20200,"fictionality":"REAL","globalid":"{A3A8E870-02F8-4AF9-91AC-3FA985DEAC74}","lengthkm":0.49054578000000004,"loaddate":1758113402000,"name":null,"objectid":977117,"permanent_identifier":"b5fb3a0d-16f3-4336-9407-407cee84ca4c","railclassification":null,"railowner":null,"railownercode":"CSXT","railsubdivision":"P AND W","railusage":"M","real_world_relation":"REFERENCE_ONLY","shape_Length":621.1977843685728,"source_datadesc":"FRA Rail Lines 07/2025","source_datasetid":"{14EEFC21-039C-4AB1-8866-0FA5FC6A7AEB}","source_featureid":"393154","source_id":"REF-HAZELWOOD-RAIL","source_originator":"Federal Railroad Administration"},"type":"Feature"},{"geometry":{"coordinates":[[-79.949598,40.429232],[-79.949597,40.429239],[-79.949589,40.429511],[-79.949585,40.429629],[-79.949656,40.430789],[-79.949699,40.432323],[-79.949649,40.432526],[-79.949687,40.433392],[-79.949705,40.43365],[-79.94972,40.433869],[-79.949719,40.433936],[-79.949713,40.4342],[-79.949708,40.434385],[-79.949656,40.434559],[-79.949649,40.434651],[-79.949574,40.435638],[-79.94954,40.436085],[-79.949526,40.436258],[-79.949517,40.436378],[-79.949522,40.436454],[-79.949542,40.436739],[-79.949562,40.437048],[-79.949727,40.438582]],"type":"LineString"},"id":"REF-HAZELWOOD-RAIL-24","properties":{"canon_status":"REAL_REFERENCE","fcode":20200,"fictionality":"REAL","globalid":"{0CCC4E72-6EC5-48C8-968D-CC9609F7C59E}","lengthkm":1.10532076,"loaddate":1758113402000,"name":null,"objectid":977150,"permanent_identifier":"c18f1d9f-b0ad-46b9-b4d7-34e088663312","railclassification":null,"railowner":null,"railownercode":"CSXT","railsubdivision":"P AND W","railusage":"M","real_world_relation":"REFERENCE_ONLY","shape_Length":1370.4100502161168,"source_datadesc":"FRA Rail Lines 07/2025","source_datasetid":"{14EEFC21-039C-4AB1-8866-0FA5FC6A7AEB}","source_featureid":"395375","source_id":"REF-HAZELWOOD-RAIL","source_originator":"Federal Railroad Administration"},"type":"Feature"},{"geometry":{"coordinates":[[-79.945901,40.403303],[-79.946154,40.403433],[-79.946343,40.403561],[-79.946479,40.403693],[-79.946576,40.403836],[-79.946647,40.40399],[-79.946812,40.404766]],"type":"LineString"},"id":"REF-HAZELWOOD-RAIL-25","properties":{"canon_status":"REAL_REFERENCE","fcode":20201,"fictionality":"REAL","globalid":"{C2E66007-A2FD-4411-B8C8-1014BAC371ED}","lengthkm":0.19590203,"loaddate":1758113402000,"name":"GLENWOOD YARD","objectid":983353,"permanent_identifier":"6fd970d0-8de8-49b3-ba05-4a565e8ee6c5","railclassification":null,"railowner":"Allegheny Valley Railroad Company","railownercode":"AVR","railsubdivision":null,"railusage":"O","real_world_relation":"REFERENCE_ONLY","shape_Length":249.03079751143412,"source_datadesc":"FRA Rail Lines 07/2025","source_datasetid":"{14EEFC21-039C-4AB1-8866-0FA5FC6A7AEB}","source_featureid":"395405","source_id":"REF-HAZELWOOD-RAIL","source_originator":"Federal Railroad Administration"},"type":"Feature"},{"geometry":{"coordinates":[[-79.942559,40.400495],[-79.943096,40.400836],[-79.943257,40.400986],[-79.943389,40.401143],[-79.943646,40.401489],[-79.943725,40.401636],[-79.944388,40.402896],[-79.944424,40.403053],[-79.944403,40.403235],[-79.944321,40.403427],[-79.944196,40.403574],[-79.944017,40.403727]],"type":"LineString"},"id":"REF-HAZELWOOD-RAIL-26","properties":{"canon_status":"REAL_REFERENCE","fcode":20201,"fictionality":"REAL","globalid":"{796BD663-6437-42D5-A604-CE49CDE384F1}","lengthkm":0.43090715,"loaddate":1758113402000,"name":"GLENWOOD YARD","objectid":983354,"permanent_identifier":"1cddd561-d6ac-4438-b1b0-3b3ef76a8996","railclassification":null,"railowner":"Allegheny Valley Railroad Company","railownercode":"AVR","railsubdivision":null,"railusage":"O","real_world_relation":"REFERENCE_ONLY","shape_Length":548.1884925724682,"source_datadesc":"FRA Rail Lines 07/2025","source_datasetid":"{14EEFC21-039C-4AB1-8866-0FA5FC6A7AEB}","source_featureid":"395406","source_id":"REF-HAZELWOOD-RAIL","source_originator":"Federal Railroad Administration"},"type":"Feature"},{"geometry":{"coordinates":[[-79.951019,40.418313],[-79.951004,40.417975],[-79.950976,40.41736],[-79.950973,40.417128],[-79.951042,40.416684],[-79.951043,40.416675],[-79.951067,40.416407],[-79.951067,40.41539],[-79.950876,40.410684],[-79.950888,40.410164]],"type":"LineString"},"id":"REF-HAZELWOOD-RAIL-27","properties":{"canon_status":"REAL_REFERENCE","fcode":20200,"fictionality":"REAL","globalid":"{85F8D4BF-B4F2-4006-AF7A-266250CE3348}","lengthkm":0.96233535,"loaddate":1758113402000,"name":null,"objectid":983497,"permanent_identifier":"e3b6307f-f348-4236-9ee9-9e072601d7c4","railclassification":null,"railowner":"Allegheny Valley Railroad Company","railownercode":"AVR","railsubdivision":null,"railusage":"O","real_world_relation":"REFERENCE_ONLY","shape_Length":1192.476946191097,"source_datadesc":"FRA Rail Lines 07/2025","source_datasetid":"{14EEFC21-039C-4AB1-8866-0FA5FC6A7AEB}","source_featureid":"398461","source_id":"REF-HAZELWOOD-RAIL","source_originator":"Federal Railroad Administration"},"type":"Feature"},{"geometry":{"coordinates":[[-79.943679,40.404202],[-79.94372,40.403982],[-79.943877,40.403701],[-79.94398,40.403499],[-79.944019,40.403312],[-79.944013,40.403166],[-79.943965,40.402993],[-79.943517,40.402167]],"type":"LineString"},"id":"REF-HAZELWOOD-RAIL-28","properties":{"canon_status":"REAL_REFERENCE","fcode":20201,"fictionality":"REAL","globalid":"{51C44FCB-E31B-4290-A39F-390EE1BFAE3B}","lengthkm":0.25096092000000003,"loaddate":1758113402000,"name":"GLENWOOD YARD","objectid":983862,"permanent_identifier":"80853d27-4874-4be4-963f-ef8b2514fa88","railclassification":null,"railowner":"Allegheny Valley Railroad Company","railownercode":"AVR","railsubdivision":null,"railusage":"O","real_world_relation":"REFERENCE_ONLY","shape_Length":314.3062864900527,"source_datadesc":"FRA Rail Lines 07/2025","source_datasetid":"{14EEFC21-039C-4AB1-8866-0FA5FC6A7AEB}","source_featureid":"405393","source_id":"REF-HAZELWOOD-RAIL","source_originator":"Federal Railroad Administration"},"type":"Feature"},{"geometry":{"coordinates":[[-79.949977,40.406324],[-79.950055,40.406571],[-79.950174,40.406963]],"type":"LineString"},"id":"REF-HAZELWOOD-RAIL-29","properties":{"canon_status":"REAL_REFERENCE","fcode":20200,"fictionality":"REAL","globalid":"{F186BD42-735A-4C2A-BEB6-17491AF3EE8A}","lengthkm":0.07707717,"loaddate":1758113402000,"name":null,"objectid":983993,"permanent_identifier":"07a77909-4178-4cce-9fac-0cd0c6fe8410","railclassification":null,"railowner":"Allegheny Valley Railroad Company","railownercode":"AVR","railsubdivision":"W&P","railusage":"M","real_world_relation":"REFERENCE_ONLY","shape_Length":96.0073860458285,"source_datadesc":"FRA Rail Lines 07/2025","source_datasetid":"{14EEFC21-039C-4AB1-8866-0FA5FC6A7AEB}","source_featureid":"407463","source_id":"REF-HAZELWOOD-RAIL","source_originator":"Federal Railroad Administration"},"type":"Feature"},{"geometry":{"coordinates":[[-79.939376,40.399465],[-79.939704,40.399486]],"type":"LineString"},"id":"REF-HAZELWOOD-RAIL-30","properties":{"canon_status":"REAL_REFERENCE","fcode":20201,"fictionality":"REAL","globalid":"{DEA05DA1-4F03-4809-B3F9-4176B43BE21E}","lengthkm":0.02635199,"loaddate":1758113402000,"name":"GLENWOOD YARD","objectid":984291,"permanent_identifier":"f5d44e02-84eb-4dad-87ec-e56f806e089c","railclassification":null,"railowner":"Allegheny Valley Railroad Company","railownercode":"AVR","railsubdivision":null,"railusage":"O","real_world_relation":"REFERENCE_ONLY","shape_Length":36.687188902347245,"source_datadesc":"FRA Rail Lines 07/2025","source_datasetid":"{14EEFC21-039C-4AB1-8866-0FA5FC6A7AEB}","source_featureid":"412868","source_id":"REF-HAZELWOOD-RAIL","source_originator":"Federal Railroad Administration"},"type":"Feature"},{"geometry":{"coordinates":[[-79.949405,40.405606],[-79.949654,40.405945],[-79.949857,40.406327]],"type":"LineString"},"id":"REF-HAZELWOOD-RAIL-31","properties":{"canon_status":"REAL_REFERENCE","fcode":20201,"fictionality":"REAL","globalid":"{1322D734-2A9F-492F-BD97-9BCB71AB2E8D}","lengthkm":0.09260069,"loaddate":1758113402000,"name":"GLENWOOD YARD","objectid":984292,"permanent_identifier":"99e9f5f2-7adf-4d08-b599-c85265a64b0b","railclassification":null,"railowner":"Allegheny Valley Railroad Company","railownercode":"AVR","railsubdivision":null,"railusage":"O","real_world_relation":"REFERENCE_ONLY","shape_Length":117.04658246219478,"source_datadesc":"FRA Rail Lines 07/2025","source_datasetid":"{14EEFC21-039C-4AB1-8866-0FA5FC6A7AEB}","source_featureid":"412884","source_id":"REF-HAZELWOOD-RAIL","source_originator":"Federal Railroad Administration"},"type":"Feature"},{"geometry":{"coordinates":[[-79.941387,40.39941],[-79.941873,40.399572],[-79.942027,40.399641],[-79.942287,40.399767]],"type":"LineString"},"id":"REF-HAZELWOOD-RAIL-32","properties":{"canon_status":"REAL_REFERENCE","fcode":20201,"fictionality":"REAL","globalid":"{A342F1BE-D3C5-40F2-8EDA-CFA20D0F328D}","lengthkm":0.08352868000000001,"loaddate":1758113402000,"name":"GLENWOOD YARD","objectid":990123,"permanent_identifier":"3687fc4d-df0d-43ef-a05e-a04466d91379","railclassification":null,"railowner":"Allegheny Valley Railroad Company","railownercode":"AVR","railsubdivision":null,"railusage":"O","real_world_relation":"REFERENCE_ONLY","shape_Length":113.19502014176032,"source_datadesc":"FRA Rail Lines 07/2025","source_datasetid":"{14EEFC21-039C-4AB1-8866-0FA5FC6A7AEB}","source_featureid":"527102","source_id":"REF-HAZELWOOD-RAIL","source_originator":"Federal Railroad Administration"},"type":"Feature"},{"geometry":{"coordinates":[[-79.942287,40.399767],[-79.943016,40.400264],[-79.94382,40.400902]],"type":"LineString"},"id":"REF-HAZELWOOD-RAIL-33","properties":{"canon_status":"REAL_REFERENCE","fcode":20201,"fictionality":"REAL","globalid":"{44257A82-C23E-45CF-BC5D-34A84CF82C16}","lengthkm":0.18162702,"loaddate":1758113402000,"name":"GLENWOOD YARD","objectid":990124,"permanent_identifier":"d04bcdfd-da2d-43f0-8422-bc1bece487b6","railclassification":null,"railowner":"Allegheny Valley Railroad Company","railownercode":"AVR","railsubdivision":null,"railusage":"O","real_world_relation":"REFERENCE_ONLY","shape_Length":238.203813465998,"source_datadesc":"FRA Rail Lines 07/2025","source_datasetid":"{14EEFC21-039C-4AB1-8866-0FA5FC6A7AEB}","source_featureid":"527104","source_id":"REF-HAZELWOOD-RAIL","source_originator":"Federal Railroad Administration"},"type":"Feature"},{"geometry":{"coordinates":[[-79.943315,40.400042],[-79.943339,40.400067],[-79.943644,40.400392],[-79.944905,40.401796]],"type":"LineString"},"id":"REF-HAZELWOOD-RAIL-34","properties":{"canon_status":"REAL_REFERENCE","fcode":20201,"fictionality":"REAL","globalid":"{402FBA2D-28F4-4E16-B893-D5DA0F5F5DFD}","lengthkm":0.24291306000000001,"loaddate":1758113402000,"name":"GLENWOOD YARD","objectid":990125,"permanent_identifier":"42849f23-6773-4bf4-a28f-615576bc61eb","railclassification":null,"railowner":"Allegheny Valley Railroad Company","railownercode":"AVR","railsubdivision":null,"railusage":"O","real_world_relation":"REFERENCE_ONLY","shape_Length":311.6417458848308,"source_datadesc":"FRA Rail Lines 07/2025","source_datasetid":"{14EEFC21-039C-4AB1-8866-0FA5FC6A7AEB}","source_featureid":"527105","source_id":"REF-HAZELWOOD-RAIL","source_originator":"Federal Railroad Administration"},"type":"Feature"},{"geometry":{"coordinates":[[-79.943723,40.400277],[-79.943877,40.400448],[-79.946307,40.403152],[-79.946572,40.403377]],"type":"LineString"},"id":"REF-HAZELWOOD-RAIL-35","properties":{"canon_status":"REAL_REFERENCE","fcode":20201,"fictionality":"REAL","globalid":"{3E4C25A6-CD39-4960-9358-2B98ADABD473}","lengthkm":0.43114277000000006,"loaddate":1758113402000,"name":"GLENWOOD YARD","objectid":998641,"permanent_identifier":"9729096a-92f5-4971-a087-c7d739324aab","railclassification":null,"railowner":"Allegheny Valley Railroad Company","railownercode":"AVR","railsubdivision":null,"railusage":"O","real_world_relation":"REFERENCE_ONLY","shape_Length":553.5322373245821,"source_datadesc":"FRA Rail Lines 07/2025","source_datasetid":"{14EEFC21-039C-4AB1-8866-0FA5FC6A7AEB}","source_featureid":"412947","source_id":"REF-HAZELWOOD-RAIL","source_originator":"Federal Railroad Administration"},"type":"Feature"},{"geometry":{"coordinates":[[-79.940734,40.39974],[-79.941036,40.399829],[-79.942559,40.400495]],"type":"LineString"},"id":"REF-HAZELWOOD-RAIL-36","properties":{"canon_status":"REAL_REFERENCE","fcode":20201,"fictionality":"REAL","globalid":"{FEB55B25-D9C9-4C8A-9B94-E5A3299629D5}","lengthkm":0.17116877,"loaddate":1758113402000,"name":"GLENWOOD YARD","objectid":1004455,"permanent_identifier":"8c4735a9-b57c-4614-a31d-56838ae365bf","railclassification":null,"railowner":"Allegheny Valley Railroad Company","railownercode":"AVR","railsubdivision":null,"railusage":"O","real_world_relation":"REFERENCE_ONLY","shape_Length":231.56896838846313,"source_datadesc":"FRA Rail Lines 07/2025","source_datasetid":"{14EEFC21-039C-4AB1-8866-0FA5FC6A7AEB}","source_featureid":"527107","source_id":"REF-HAZELWOOD-RAIL","source_originator":"Federal Railroad Administration"},"type":"Feature"},{"geometry":{"coordinates":[[-79.944017,40.403727],[-79.944273,40.403554],[-79.944434,40.403461],[-79.944648,40.403376],[-79.944944,40.403308],[-79.94519,40.403265],[-79.945491,40.403249]],"type":"LineString"},"id":"REF-HAZELWOOD-RAIL-37","properties":{"canon_status":"REAL_REFERENCE","fcode":20200,"fictionality":"REAL","globalid":"{09BF4E47-1CA2-471D-96E7-3D0D5B13E46C}","lengthkm":0.13498905000000003,"loaddate":1758113402000,"name":null,"objectid":1012057,"permanent_identifier":"cff547bd-488b-4b88-9999-349104d4de81","railclassification":null,"railowner":"Allegheny Valley Railroad Company","railownercode":"AVR","railsubdivision":null,"railusage":"M","real_world_relation":"REFERENCE_ONLY","shape_Length":183.54653167228136,"source_datadesc":"FRA Rail Lines 07/2025","source_datasetid":"{14EEFC21-039C-4AB1-8866-0FA5FC6A7AEB}","source_featureid":"395398","source_id":"REF-HAZELWOOD-RAIL","source_originator":"Federal Railroad Administration"},"type":"Feature"},{"geometry":{"coordinates":[[-79.946806,40.403631],[-79.948126,40.404744],[-79.948575,40.405123],[-79.94886,40.405385]],"type":"LineString"},"id":"REF-HAZELWOOD-RAIL-38","properties":{"canon_status":"REAL_REFERENCE","fcode":20201,"fictionality":"REAL","globalid":"{FD612190-5722-4D78-AABC-5653AA00BAAA}","lengthkm":0.26412055,"loaddate":1758113402000,"name":"GLENWOOD YARD","objectid":1012058,"permanent_identifier":"054b9088-fd44-4f22-9abf-eadcfe8254b4","railclassification":null,"railowner":"Allegheny Valley Railroad Company","railownercode":"AVR","railsubdivision":null,"railusage":"O","real_world_relation":"REFERENCE_ONLY","shape_Length":343.55088644188345,"source_datadesc":"FRA Rail Lines 07/2025","source_datasetid":"{14EEFC21-039C-4AB1-8866-0FA5FC6A7AEB}","source_featureid":"395414","source_id":"REF-HAZELWOOD-RAIL","source_originator":"Federal Railroad Administration"},"type":"Feature"},{"geometry":{"coordinates":[[-79.942559,40.400495],[-79.943071,40.400747],[-79.943246,40.400857],[-79.943421,40.401007],[-79.943971,40.401539],[-79.944146,40.401707],[-79.944338,40.401943],[-79.945013,40.402906]],"type":"LineString"},"id":"REF-HAZELWOOD-RAIL-39","properties":{"canon_status":"REAL_REFERENCE","fcode":20201,"fictionality":"REAL","globalid":"{3DA6A5FF-8793-4075-90D8-4C75BF1D18AA}","lengthkm":0.35065974,"loaddate":1758113402000,"name":"GLENWOOD YARD","objectid":1012059,"permanent_identifier":"2d8353f1-f0f5-40cd-82c1-558d679e3a68","railclassification":null,"railowner":"Allegheny Valley Railroad Company","railownercode":"AVR","railsubdivision":null,"railusage":"O","real_world_relation":"REFERENCE_ONLY","shape_Length":452.92825734048563,"source_datadesc":"FRA Rail Lines 07/2025","source_datasetid":"{14EEFC21-039C-4AB1-8866-0FA5FC6A7AEB}","source_featureid":"395415","source_id":"REF-HAZELWOOD-RAIL","source_originator":"Federal Railroad Administration"},"type":"Feature"},{"geometry":{"coordinates":[[-79.950762,40.409408],[-79.950587,40.409031],[-79.950462,40.408718],[-79.950403,40.408522]],"type":"LineString"},"id":"REF-HAZELWOOD-RAIL-40","properties":{"canon_status":"REAL_REFERENCE","fcode":20200,"fictionality":"REAL","globalid":"{188C8B48-1038-40CC-B2D6-E02DD9ECB424}","lengthkm":0.10845682000000001,"loaddate":1758113402000,"name":null,"objectid":1012684,"permanent_identifier":"f03bcdf6-e47d-49a0-abe6-9b81ee9d3d47","railclassification":null,"railowner":"Allegheny Valley Railroad Company","railownercode":"AVR","railsubdivision":null,"railusage":"M","real_world_relation":"REFERENCE_ONLY","shape_Length":135.6300409039221,"source_datadesc":"FRA Rail Lines 07/2025","source_datasetid":"{14EEFC21-039C-4AB1-8866-0FA5FC6A7AEB}","source_featureid":"407459","source_id":"REF-HAZELWOOD-RAIL","source_originator":"Federal Railroad Administration"},"type":"Feature"},{"geometry":{"coordinates":[[-79.951469,40.401146],[-79.951857,40.40164],[-79.952316,40.402228],[-79.952528,40.402518],[-79.952668,40.402742],[-79.952954,40.403322],[-79.953015,40.403456],[-79.953263,40.4039]],"type":"LineString"},"id":"REF-HAZELWOOD-RAIL-41","properties":{"canon_status":"REAL_REFERENCE","fcode":20200,"fictionality":"REAL","globalid":"{377993A8-EE0E-4CE0-8C4D-6BDA26343754}","lengthkm":0.35616482000000005,"loaddate":1758113402000,"name":null,"objectid":1013005,"permanent_identifier":"3c4eba12-2646-44a1-84d8-4375c2b36f8b","railclassification":null,"railowner":"Norfolk Southern Railway Company","railownercode":"NS","railsubdivision":"HALL RUNNING TRACK","railusage":"O","real_world_relation":"REFERENCE_ONLY","shape_Length":450.8291206764981,"source_datadesc":"FRA Rail Lines 07/2025","source_datasetid":"{14EEFC21-039C-4AB1-8866-0FA5FC6A7AEB}","source_featureid":"412776","source_id":"REF-HAZELWOOD-RAIL","source_originator":"Federal Railroad Administration"},"type":"Feature"},{"geometry":{"coordinates":[[-79.938895,40.399434],[-79.939968,40.399595],[-79.940734,40.39974]],"type":"LineString"},"id":"REF-HAZELWOOD-RAIL-42","properties":{"canon_status":"REAL_REFERENCE","fcode":20201,"fictionality":"REAL","globalid":"{A8819814-56A3-436D-B722-2AF0F8EAB828}","lengthkm":0.15135720000000003,"loaddate":1758113402000,"name":"GLENWOOD YARD","objectid":1013013,"permanent_identifier":"16700a4b-29e7-4dff-84c1-b4f48b82e185","railclassification":null,"railowner":"Allegheny Valley Railroad Company","railownercode":"AVR","railsubdivision":null,"railusage":"O","real_world_relation":"REFERENCE_ONLY","shape_Length":209.64396099873105,"source_datadesc":"FRA Rail Lines 07/2025","source_datasetid":"{14EEFC21-039C-4AB1-8866-0FA5FC6A7AEB}","source_featureid":"412866","source_id":"REF-HAZELWOOD-RAIL","source_originator":"Federal Railroad Administration"},"type":"Feature"},{"geometry":{"coordinates":[[-79.939704,40.399486],[-79.940017,40.399492],[-79.941083,40.399706],[-79.941492,40.399847]],"type":"LineString"},"id":"REF-HAZELWOOD-RAIL-43","properties":{"canon_status":"REAL_REFERENCE","fcode":20201,"fictionality":"REAL","globalid":"{78A20708-FCB7-4F6B-84EE-A2AFEC2FAA80}","lengthkm":0.15048767000000002,"loaddate":1758113402000,"name":"GLENWOOD YARD","objectid":1013014,"permanent_identifier":"2836af5f-e31e-4302-bdc9-f6b06e4a69aa","railclassification":null,"railowner":"Allegheny Valley Railroad Company","railownercode":"AVR","railsubdivision":null,"railusage":"O","real_world_relation":"REFERENCE_ONLY","shape_Length":207.54383054909243,"source_datadesc":"FRA Rail Lines 07/2025","source_datasetid":"{14EEFC21-039C-4AB1-8866-0FA5FC6A7AEB}","source_featureid":"412869","source_id":"REF-HAZELWOOD-RAIL","source_originator":"Federal Railroad Administration"},"type":"Feature"},{"geometry":{"coordinates":[[-79.942279,40.399256],[-79.942491,40.399361],[-79.942637,40.39948]],"type":"LineString"},"id":"REF-HAZELWOOD-RAIL-44","properties":{"canon_status":"REAL_REFERENCE","fcode":20201,"fictionality":"REAL","globalid":"{661616E0-C477-43CB-9A14-265B67C5BC51}","lengthkm":0.03923706,"loaddate":1758113402000,"name":"GLENWOOD YARD","objectid":1013015,"permanent_identifier":"d521e484-bd51-4bf0-81d4-a4ee3bad827d","railclassification":null,"railowner":"Allegheny Valley Railroad Company","railownercode":"AVR","railsubdivision":null,"railusage":"O","real_world_relation":"REFERENCE_ONLY","shape_Length":51.95314704764766,"source_datadesc":"FRA Rail Lines 07/2025","source_datasetid":"{14EEFC21-039C-4AB1-8866-0FA5FC6A7AEB}","source_featureid":"412872","source_id":"REF-HAZELWOOD-RAIL","source_originator":"Federal Railroad Administration"},"type":"Feature"},{"geometry":{"coordinates":[[-79.941351,40.399097],[-79.941763,40.399197],[-79.942175,40.39934],[-79.942553,40.399526],[-79.942863,40.399699],[-79.943063,40.399847],[-79.943315,40.400042]],"type":"LineString"},"id":"REF-HAZELWOOD-RAIL-45","properties":{"canon_status":"REAL_REFERENCE","fcode":20201,"fictionality":"REAL","globalid":"{4E4FC430-A1C0-4A17-80A0-4B7054E3682F}","lengthkm":0.19561992,"loaddate":1758113402000,"name":"GLENWOOD YARD","objectid":1013016,"permanent_identifier":"863179a7-455b-45a0-8dc8-fe17d0a85f68","railclassification":null,"railowner":"Allegheny Valley Railroad Company","railownercode":"AVR","railsubdivision":null,"railusage":"O","real_world_relation":"REFERENCE_ONLY","shape_Length":262.4649964104494,"source_datadesc":"FRA Rail Lines 07/2025","source_datasetid":"{14EEFC21-039C-4AB1-8866-0FA5FC6A7AEB}","source_featureid":"412877","source_id":"REF-HAZELWOOD-RAIL","source_originator":"Federal Railroad Administration"},"type":"Feature"},{"geometry":{"coordinates":[[-79.9432,40.399246],[-79.943526,40.399436]],"type":"LineString"},"id":"REF-HAZELWOOD-RAIL-46","properties":{"canon_status":"REAL_REFERENCE","fcode":20200,"fictionality":"REAL","globalid":"{8AEB23B8-36CE-4836-A65F-5C3C021BA0D4}","lengthkm":0.03433143,"loaddate":1758113402000,"name":null,"objectid":1013017,"permanent_identifier":"8144b16b-5c4e-48bf-938a-81e550e55c50","railclassification":null,"railowner":"Allegheny Valley Railroad Company","railownercode":"AVR","railsubdivision":"W&P","railusage":"M","real_world_relation":"REFERENCE_ONLY","shape_Length":45.6590667115076,"source_datadesc":"FRA Rail Lines 07/2025","source_datasetid":"{14EEFC21-039C-4AB1-8866-0FA5FC6A7AEB}","source_featureid":"412886","source_id":"REF-HAZELWOOD-RAIL","source_originator":"Federal Railroad Administration"},"type":"Feature"},{"geometry":{"coordinates":[[-79.890741,40.41607],[-79.891008,40.416167],[-79.89146,40.416332],[-79.891487,40.41634],[-79.892056,40.416513],[-79.89277,40.416729],[-79.893038,40.416796],[-79.893751,40.416974],[-79.89418,40.417082],[-79.894429,40.417132],[-79.895257,40.417298],[-79.895415,40.41733],[-79.895945,40.41741],[-79.896566,40.417504],[-79.896748,40.417524],[-79.898164,40.417683],[-79.898909,40.417767],[-79.899053,40.417777],[-79.900231,40.41786],[-79.900352,40.417868],[-79.900472,40.417877],[-79.900725,40.417894],[-79.900974,40.417912],[-79.901392,40.417911],[-79.90196,40.417909],[-79.902548,40.417908],[-79.902564,40.417908],[-79.903686,40.417841],[-79.903741,40.417838],[-79.905066,40.417698],[-79.90521,40.417683],[-79.906261,40.417548],[-79.906365,40.417535],[-79.907932,40.417334],[-79.907996,40.417325],[-79.908091,40.417311],[-79.909506,40.41711],[-79.910086,40.417011],[-79.910829,40.416884],[-79.911157,40.416815],[-79.912163,40.416605],[-79.912389,40.416548],[-79.91349,40.416269],[-79.913835,40.416163],[-79.914344,40.416006],[-79.914401,40.415984],[-79.914404,40.415983],[-79.914809,40.415826],[-79.914821,40.415821],[-79.91507,40.415725],[-79.915199,40.415664],[-79.915577,40.415484],[-79.915646,40.415443],[-79.915835,40.415331],[-79.916029,40.415217],[-79.916086,40.415183],[-79.916312,40.415021],[-79.916592,40.41482],[-79.917033,40.414504],[-79.917586,40.414109],[-79.917617,40.414086],[-79.91964,40.412534],[-79.920325,40.412008],[-79.920446,40.411915],[-79.920687,40.411714],[-79.920823,40.4116],[-79.920911,40.411515],[-79.921123,40.411309],[-79.921265,40.411172],[-79.921374,40.41104],[-79.921585,40.410785],[-79.921624,40.410737],[-79.921764,40.410542],[-79.922018,40.410187],[-79.92353,40.40807],[-79.924121,40.407243],[-79.924128,40.407234],[-79.924664,40.406554],[-79.925248,40.405813],[-79.925812,40.405098],[-79.925846,40.405055],[-79.925888,40.405005],[-79.925934,40.404951],[-79.926351,40.404453],[-79.926537,40.404231],[-79.926601,40.404154],[-79.92664,40.404107],[-79.926706,40.404043],[-79.926967,40.403785],[-79.927293,40.403463],[-79.927401,40.403356],[-79.927487,40.403271],[-79.927688,40.403108],[-79.927724,40.403079],[-79.927896,40.40294],[-79.928426,40.40251],[-79.928611,40.402359],[-79.928954,40.40211],[-79.929238,40.401903],[-79.929364,40.401821],[-79.9297,40.401601],[-79.929757,40.401564],[-79.930355,40.401196],[-79.930359,40.401194],[-79.930787,40.400961],[-79.930852,40.400926],[-79.931285,40.40072],[-79.931526,40.400605],[-79.93186,40.400473],[-79.932339,40.400283],[-79.93241,40.400255],[-79.932962,40.400082],[-79.933002,40.40007],[-79.933522,40.399939],[-79.933906,40.399842],[-79.934184,40.399791],[-79.93423,40.399783],[-79.934396,40.399752],[-79.934972,40.399646],[-79.935088,40.399625],[-79.935153,40.399616],[-79.935421,40.399579],[-79.935555,40.39956],[-79.935602,40.399554],[-79.935746,40.399534],[-79.935959,40.39952],[-79.936025,40.399515],[-79.936516,40.399483],[-79.936651,40.399485],[-79.936768,40.399487],[-79.936879,40.399488],[-79.937226,40.399493],[-79.937331,40.399502],[-79.937771,40.399539],[-79.937781,40.39954],[-79.938247,40.399621],[-79.938578,40.399679],[-79.938775,40.39973],[-79.939125,40.39982],[-79.939251,40.399853],[-79.939412,40.39991],[-79.939843,40.400065],[-79.940019,40.400148],[-79.940406,40.40033],[-79.940495,40.400382],[-79.940833,40.400576],[-79.940899,40.400615],[-79.941271,40.400871],[-79.941423,40.400977],[-79.94156,40.40109],[-79.941622,40.401142],[-79.941787,40.401279],[-79.941881,40.401357],[-79.941927,40.401405],[-79.942151,40.401641],[-79.942308,40.401806],[-79.942444,40.40199],[-79.942515,40.402087],[-79.942581,40.402177],[-79.942635,40.402249],[-79.942713,40.402356],[-79.942937,40.402753],[-79.942992,40.402851],[-79.943075,40.403049],[-79.943203,40.403357],[-79.943234,40.403433],[-79.943337,40.403807],[-79.943484,40.404342],[-79.943512,40.404467],[-79.94369,40.405289]],"type":"LineString"},"id":"REF-HAZELWOOD-RAIL-47","properties":{"canon_status":"REAL_REFERENCE","fcode":20200,"fictionality":"REAL","globalid":"{F8FD08B9-EA0D-46B7-AA44-14EE8073B56A}","lengthkm":5.678644970000001,"loaddate":1758113402000,"name":null,"objectid":1020342,"permanent_identifier":"89a9f3a2-9cba-43ed-a47c-e0dda814611f","railclassification":null,"railowner":null,"railownercode":"CSXT","railsubdivision":"P & W","railusage":"M","real_world_relation":"REFERENCE_ONLY","shape_Length":7580.6693700701935,"source_datadesc":"FRA Rail Lines 07/2025","source_datasetid":"{14EEFC21-039C-4AB1-8866-0FA5FC6A7AEB}","source_featureid":"390608","source_id":"REF-HAZELWOOD-RAIL","source_originator":"Federal Railroad Administration"},"type":"Feature"},{"geometry":{"coordinates":[[-79.944013,40.39978],[-79.944295,40.400074],[-79.945753,40.401669],[-79.94635,40.402323],[-79.949193,40.405446],[-79.949235,40.405508],[-79.94938,40.405719]],"type":"LineString"},"id":"REF-HAZELWOOD-RAIL-48","properties":{"canon_status":"REAL_REFERENCE","fcode":20201,"fictionality":"REAL","globalid":"{8E97F5C1-D53C-4933-99FA-FA550781A9DF}","lengthkm":0.82176902,"loaddate":1758113402000,"name":"GLENWOOD YARD","objectid":1026900,"permanent_identifier":"69f8eaf7-3f3c-4d4e-a84d-98016430ea2f","railclassification":null,"railowner":"Allegheny Valley Railroad Company","railownercode":"AVR","railsubdivision":null,"railusage":"O","real_world_relation":"REFERENCE_ONLY","shape_Length":1054.1756878148176,"source_datadesc":"FRA Rail Lines 07/2025","source_datasetid":"{14EEFC21-039C-4AB1-8866-0FA5FC6A7AEB}","source_featureid":"398460","source_id":"REF-HAZELWOOD-RAIL","source_originator":"Federal Railroad Administration"},"type":"Feature"},{"geometry":{"coordinates":[[-79.940734,40.39974],[-79.941152,40.399832],[-79.941696,40.399987],[-79.942134,40.400132],[-79.942605,40.400336]],"type":"LineString"},"id":"REF-HAZELWOOD-RAIL-49","properties":{"canon_status":"REAL_REFERENCE","fcode":20201,"fictionality":"REAL","globalid":"{71CAC5EF-F071-4B4A-87C8-25E85EFF34B0}","lengthkm":0.16583151000000002,"loaddate":1758113402000,"name":"GLENWOOD YARD","objectid":1027737,"permanent_identifier":"c89fa164-ded8-44f0-8f2f-f5f6a224c715","railclassification":null,"railowner":"Allegheny Valley Railroad Company","railownercode":"AVR","railsubdivision":null,"railusage":"O","real_world_relation":"REFERENCE_ONLY","shape_Length":226.52005304177305,"source_datadesc":"FRA Rail Lines 07/2025","source_datasetid":"{14EEFC21-039C-4AB1-8866-0FA5FC6A7AEB}","source_featureid":"412879","source_id":"REF-HAZELWOOD-RAIL","source_originator":"Federal Railroad Administration"},"type":"Feature"},{"geometry":{"coordinates":[[-79.944255,40.399972],[-79.944457,40.400132]],"type":"LineString"},"id":"REF-HAZELWOOD-RAIL-50","properties":{"canon_status":"REAL_REFERENCE","fcode":20200,"fictionality":"REAL","globalid":"{FD025F7E-8B6A-46E5-B2B3-FF0BAE89299F}","lengthkm":0.024810310000000002,"loaddate":1758113402000,"name":null,"objectid":1027738,"permanent_identifier":"cfdb6a1b-4811-47df-8389-7784bebfa459","railclassification":null,"railowner":"Allegheny Valley Railroad Company","railownercode":"AVR","railsubdivision":"W&P","railusage":"M","real_world_relation":"REFERENCE_ONLY","shape_Length":32.411221199837016,"source_datadesc":"FRA Rail Lines 07/2025","source_datasetid":"{14EEFC21-039C-4AB1-8866-0FA5FC6A7AEB}","source_featureid":"412887","source_id":"REF-HAZELWOOD-RAIL","source_originator":"Federal Railroad Administration"},"type":"Feature"},{"geometry":{"coordinates":[[-79.943809,40.400216],[-79.944268,40.400724],[-79.946946,40.403691]],"type":"LineString"},"id":"REF-HAZELWOOD-RAIL-51","properties":{"canon_status":"REAL_REFERENCE","fcode":20201,"fictionality":"REAL","globalid":"{22E5E553-787E-4560-88C7-16A4E5CC4988}","lengthkm":0.48052753000000004,"loaddate":1758113402000,"name":"GLENWOOD YARD","objectid":1027740,"permanent_identifier":"abd19f01-49ea-4ecd-acf1-67a501461790","railclassification":null,"railowner":"Allegheny Valley Railroad Company","railownercode":"AVR","railsubdivision":null,"railusage":"O","real_world_relation":"REFERENCE_ONLY","shape_Length":616.3632897206386,"source_datadesc":"FRA Rail Lines 07/2025","source_datasetid":"{14EEFC21-039C-4AB1-8866-0FA5FC6A7AEB}","source_featureid":"412949","source_id":"REF-HAZELWOOD-RAIL","source_originator":"Federal Railroad Administration"},"type":"Feature"},{"geometry":{"coordinates":[[-79.947185,40.403873],[-79.947741,40.404362]],"type":"LineString"},"id":"REF-HAZELWOOD-RAIL-52","properties":{"canon_status":"REAL_REFERENCE","fcode":20201,"fictionality":"REAL","globalid":"{5054DD79-A00B-4BD9-AE42-4D962E6C656F}","lengthkm":0.07285626,"loaddate":1758113402000,"name":"GLENWOOD YARD","objectid":1027741,"permanent_identifier":"c44efc58-364f-4d82-a4f5-51b4ea9dcf79","railclassification":null,"railowner":"Allegheny Valley Railroad Company","railownercode":"AVR","railsubdivision":null,"railusage":"O","real_world_relation":"REFERENCE_ONLY","shape_Length":94.6055770673611,"source_datadesc":"FRA Rail Lines 07/2025","source_datasetid":"{14EEFC21-039C-4AB1-8866-0FA5FC6A7AEB}","source_featureid":"412951","source_id":"REF-HAZELWOOD-RAIL","source_originator":"Federal Railroad Administration"},"type":"Feature"},{"geometry":{"coordinates":[[-79.942936,40.399699],[-79.943133,40.399855],[-79.943315,40.400042]],"type":"LineString"},"id":"REF-HAZELWOOD-RAIL-53","properties":{"canon_status":"REAL_REFERENCE","fcode":20201,"fictionality":"REAL","globalid":"{2302FE87-3E75-46C4-857A-272EA01FE5EC}","lengthkm":0.050576460000000004,"loaddate":1758113402000,"name":"GLENWOOD YARD","objectid":1033637,"permanent_identifier":"8916cf27-9f20-41b8-9820-0b4e949fb6c0","railclassification":null,"railowner":"Allegheny Valley Railroad Company","railownercode":"AVR","railsubdivision":null,"railusage":"O","real_world_relation":"REFERENCE_ONLY","shape_Length":65.57026210777104,"source_datadesc":"FRA Rail Lines 07/2025","source_datasetid":"{14EEFC21-039C-4AB1-8866-0FA5FC6A7AEB}","source_featureid":"527101","source_id":"REF-HAZELWOOD-RAIL","source_originator":"Federal Railroad Administration"},"type":"Feature"},{"geometry":{"coordinates":[[-79.932259,40.383833],[-79.932283,40.383988],[-79.932343,40.384298],[-79.932358,40.384448],[-79.932373,40.384598],[-79.932353,40.384888],[-79.93232,40.385016],[-79.932183,40.385548],[-79.932053,40.385868],[-79.931503,40.387358],[-79.931393,40.387868],[-79.93126,40.388556],[-79.931175,40.389403],[-79.931165,40.389936],[-79.931193,40.390318],[-79.931223,40.390868],[-79.931231,40.391075],[-79.931251,40.39163],[-79.931251,40.391997],[-79.931222,40.392282],[-79.931163,40.392558],[-79.931073,40.392758],[-79.930933,40.393008],[-79.930373,40.393718],[-79.93008,40.394076],[-79.929929,40.394309],[-79.929928,40.394311],[-79.929889,40.39437],[-79.92987,40.3944],[-79.929865,40.394408],[-79.929827,40.394467],[-79.929717,40.394704],[-79.929655,40.394976],[-79.92966,40.395204],[-79.929666,40.395248],[-79.929687,40.395424],[-79.929693,40.395467],[-79.929698,40.395508],[-79.9297,40.39552],[-79.929701,40.395528],[-79.929703,40.395547],[-79.929808,40.395889],[-79.930184,40.396646],[-79.930807,40.397522],[-79.931168,40.398027],[-79.931502,40.398493],[-79.931963,40.399168],[-79.932125,40.39933],[-79.932316,40.399463],[-79.932539,40.399573],[-79.932816,40.39965],[-79.933174,40.399694],[-79.933373,40.399718],[-79.933723,40.399707],[-79.934397,40.399608],[-79.934815,40.399536],[-79.935233,40.399454],[-79.936296,40.399165]],"type":"LineString"},"id":"REF-HAZELWOOD-RAIL-54","properties":{"canon_status":"REAL_REFERENCE","fcode":20200,"fictionality":"REAL","globalid":"{5B17C056-956E-4257-997B-72D0021A7817}","lengthkm":2.26468215,"loaddate":1758113402000,"name":null,"objectid":1033641,"permanent_identifier":"216849f4-845c-475b-9c7c-6df87fdc12ae","railclassification":null,"railowner":"Allegheny Valley Railroad Company","railownercode":"AVR","railsubdivision":"W&P","railusage":"M","real_world_relation":"REFERENCE_ONLY","shape_Length":2878.325335616866,"source_datadesc":"FRA Rail Lines 07/2025","source_datasetid":"{14EEFC21-039C-4AB1-8866-0FA5FC6A7AEB}","source_featureid":"527140","source_id":"REF-HAZELWOOD-RAIL","source_originator":"Federal Railroad Administration"},"type":"Feature"},{"geometry":{"coordinates":[[-79.939376,40.399465],[-79.940289,40.399623],[-79.941146,40.39979],[-79.941713,40.399954],[-79.942252,40.400133],[-79.942738,40.400347],[-79.943268,40.400608],[-79.943592,40.400804],[-79.943889,40.401007],[-79.944235,40.4013],[-79.944777,40.401775],[-79.945376,40.40239],[-79.945783,40.402775],[-79.946026,40.402976]],"type":"LineString"},"id":"REF-HAZELWOOD-RAIL-55","properties":{"canon_status":"REAL_REFERENCE","fcode":20201,"fictionality":"REAL","globalid":"{F41CC8AF-E173-4147-AB7F-0C54F8600B79}","lengthkm":0.69939779,"loaddate":1758113402000,"name":"GLENWOOD YARD","objectid":1041195,"permanent_identifier":"2bcb4ab7-eb31-4ab1-9175-1e347bf53b1d","railclassification":null,"railowner":"Allegheny Valley Railroad Company","railownercode":"AVR","railsubdivision":null,"railusage":"O","real_world_relation":"REFERENCE_ONLY","shape_Length":932.6781017170505,"source_datadesc":"FRA Rail Lines 07/2025","source_datasetid":"{14EEFC21-039C-4AB1-8866-0FA5FC6A7AEB}","source_featureid":"395411","source_id":"REF-HAZELWOOD-RAIL","source_originator":"Federal Railroad Administration"},"type":"Feature"},{"geometry":{"coordinates":[[-79.93777,40.398894],[-79.938093,40.398876],[-79.938369,40.39889],[-79.938654,40.398904],[-79.93885,40.398914],[-79.939323,40.398935],[-79.939811,40.398938],[-79.94027,40.398981],[-79.940975,40.399057],[-79.941351,40.399097]],"type":"LineString"},"id":"REF-HAZELWOOD-RAIL-56","properties":{"canon_status":"REAL_REFERENCE","fcode":20201,"fictionality":"REAL","globalid":"{68B9F2C0-C310-45ED-91D9-7ABA575A6ACD}","lengthkm":0.28778247,"loaddate":1758113402000,"name":"GLENWOOD YARD","objectid":1042069,"permanent_identifier":"bbf9e6d8-b70c-4d08-913d-da5c14ec5550","railclassification":null,"railowner":"Allegheny Valley Railroad Company","railownercode":"AVR","railsubdivision":null,"railusage":"O","real_world_relation":"REFERENCE_ONLY","shape_Length":400.5178322589768,"source_datadesc":"FRA Rail Lines 07/2025","source_datasetid":"{14EEFC21-039C-4AB1-8866-0FA5FC6A7AEB}","source_featureid":"412873","source_id":"REF-HAZELWOOD-RAIL","source_originator":"Federal Railroad Administration"},"type":"Feature"},{"geometry":{"coordinates":[[-79.949999,40.421357],[-79.950058,40.421446],[-79.950124,40.421533],[-79.951489,40.423357],[-79.951536,40.423423]],"type":"LineString"},"id":"REF-HAZELWOOD-RAIL-57","properties":{"canon_status":"REAL_REFERENCE","fcode":20200,"fictionality":"REAL","globalid":"{A083CE85-C398-4528-8FDC-C7C49CB25A1D}","lengthkm":0.27291561000000003,"loaddate":1758113402000,"name":null,"objectid":1049170,"permanent_identifier":"2aedce3b-b2e4-47c5-8352-a395d435e922","railclassification":null,"railowner":null,"railownercode":"CSXT","railsubdivision":"P AND W","railusage":"M","real_world_relation":"REFERENCE_ONLY","shape_Length":347.1423090939604,"source_datadesc":"FRA Rail Lines 07/2025","source_datasetid":"{14EEFC21-039C-4AB1-8866-0FA5FC6A7AEB}","source_featureid":"395401","source_id":"REF-HAZELWOOD-RAIL","source_originator":"Federal Railroad Administration"},"type":"Feature"},{"geometry":{"coordinates":[[-79.93615,40.394674],[-79.936722,40.394641],[-79.936991,40.394637],[-79.937368,40.394632],[-79.937515,40.39463],[-79.937549,40.39463],[-79.937752,40.394627],[-79.938011,40.394637],[-79.938179,40.394644],[-79.938495,40.394656],[-79.93869,40.394664],[-79.93875,40.394669],[-79.938868,40.39468],[-79.939392,40.394729],[-79.939537,40.394742],[-79.93959,40.394747],[-79.939948,40.394797],[-79.940194,40.394831],[-79.940259,40.39484],[-79.940384,40.394858],[-79.940792,40.394934],[-79.941044,40.394981],[-79.941124,40.394996],[-79.941205,40.395011],[-79.941422,40.395062],[-79.941838,40.395159],[-79.941932,40.395181],[-79.942538,40.395367],[-79.942664,40.395405],[-79.942926,40.395485],[-79.943191,40.395567],[-79.943237,40.395581],[-79.943349,40.395624],[-79.943477,40.395674],[-79.943521,40.395692],[-79.943535,40.395697],[-79.944072,40.395906],[-79.944677,40.396141],[-79.94481,40.396193],[-79.944921,40.396236],[-79.945017,40.396286],[-79.94524,40.396402],[-79.945541,40.396559],[-79.94558,40.396579],[-79.945906,40.3968],[-79.94616,40.396971],[-79.946168,40.396977],[-79.946175,40.396983],[-79.946243,40.397038],[-79.94677,40.39747],[-79.948447,40.398846],[-79.948743,40.399088],[-79.948748,40.399093],[-79.94892,40.399239]],"type":"LineString"},"id":"REF-HAZELWOOD-RAIL-58","properties":{"canon_status":"REAL_REFERENCE","fcode":20200,"fictionality":"REAL","globalid":"{102AB926-77D7-48D4-8D16-E7CEED5FC6AA}","lengthkm":1.218256,"loaddate":1758113402000,"name":null,"objectid":1049195,"permanent_identifier":"c3a1834f-c5f2-497c-b191-e7fe54ab5ee2","railclassification":null,"railowner":null,"railownercode":"CSXT","railsubdivision":"PITTSBURGH (CSXT)","railusage":"M","real_world_relation":"REFERENCE_ONLY","shape_Length":1646.8767075672308,"source_datadesc":"FRA Rail Lines 07/2025","source_datasetid":"{14EEFC21-039C-4AB1-8866-0FA5FC6A7AEB}","source_featureid":"396414","source_id":"REF-HAZELWOOD-RAIL","source_originator":"Federal Railroad Administration"},"type":"Feature"},{"geometry":{"coordinates":[[-79.951219,40.417865],[-79.951222,40.418136],[-79.951219,40.418293],[-79.951199,40.418489],[-79.951166,40.418653],[-79.951144,40.418702],[-79.951088,40.418825],[-79.950988,40.418989],[-79.950863,40.419157],[-79.950727,40.419289],[-79.950213,40.419721],[-79.950042,40.419867],[-79.94996,40.419974],[-79.949857,40.420135],[-79.949799,40.420285],[-79.94976,40.420413],[-79.949742,40.420581],[-79.949774,40.420802],[-79.949817,40.420963],[-79.949999,40.421357]],"type":"LineString"},"id":"REF-HAZELWOOD-RAIL-59","properties":{"canon_status":"REAL_REFERENCE","fcode":20200,"fictionality":"REAL","globalid":"{94DC86F4-589D-498A-AF2A-82EF3FD9FD02}","lengthkm":0.44680820000000004,"loaddate":1758113402000,"name":null,"objectid":1055347,"permanent_identifier":"b0662ea0-c6c6-4c03-b89a-7e1ac2a19c68","railclassification":null,"railowner":"Allegheny Valley Railroad Company","railownercode":"AVR","railsubdivision":"P&W","railusage":"M","real_world_relation":"REFERENCE_ONLY","shape_Length":563.8871487906755,"source_datadesc":"FRA Rail Lines 07/2025","source_datasetid":"{14EEFC21-039C-4AB1-8866-0FA5FC6A7AEB}","source_featureid":"395386","source_id":"REF-HAZELWOOD-RAIL","source_originator":"Federal Railroad Administration"},"type":"Feature"},{"geometry":{"coordinates":[[-79.950888,40.410164],[-79.950917,40.410345],[-79.950944,40.410476],[-79.950974,40.41061],[-79.951057,40.411014],[-79.951143,40.411469],[-79.95117,40.411743],[-79.951224,40.412876],[-79.951221,40.41318],[-79.951179,40.413593],[-79.951173,40.413873],[-79.951212,40.41526],[-79.951236,40.41558],[-79.951216,40.41608],[-79.951218,40.416344],[-79.951231,40.417028],[-79.951236,40.417284],[-79.951222,40.417746],[-79.951219,40.417865]],"type":"LineString"},"id":"REF-HAZELWOOD-RAIL-60","properties":{"canon_status":"REAL_REFERENCE","fcode":20200,"fictionality":"REAL","globalid":"{5E70969A-EEA9-4865-95E5-CF8A6471C537}","lengthkm":0.9105661400000001,"loaddate":1758113402000,"name":null,"objectid":1055418,"permanent_identifier":"d5559cf7-8ebc-489f-8e4d-21f000a2c2e4","railclassification":null,"railowner":"Allegheny Valley Railroad Company","railownercode":"AVR","railsubdivision":"P&W","railusage":"M","real_world_relation":"REFERENCE_ONLY","shape_Length":1128.69871709784,"source_datadesc":"FRA Rail Lines 07/2025","source_datasetid":"{14EEFC21-039C-4AB1-8866-0FA5FC6A7AEB}","source_featureid":"397133","source_id":"REF-HAZELWOOD-RAIL","source_originator":"Federal Railroad Administration"},"type":"Feature"},{"geometry":{"coordinates":[[-79.970338,40.433842],[-79.970156,40.433807],[-79.96797,40.433438],[-79.966911,40.433057],[-79.965805,40.432691],[-79.964553,40.432206],[-79.963345,40.431623],[-79.963131,40.431457],[-79.961614,40.430582],[-79.961293,40.430398],[-79.961031,40.430273],[-79.959056,40.428988],[-79.958652,40.428649],[-79.958218,40.428251],[-79.958027,40.428102],[-79.957504,40.427739],[-79.956376,40.426728],[-79.954639,40.42483],[-79.953372,40.423337],[-79.953219,40.423156]],"type":"LineString"},"id":"REF-HAZELWOOD-RAIL-61","properties":{"canon_status":"REAL_REFERENCE","fcode":20200,"fictionality":"REAL","globalid":"{68618120-7D40-4DE8-ADF6-25A67E8FB7CE}","lengthkm":1.91940815,"loaddate":1758113402000,"name":null,"objectid":1055498,"permanent_identifier":"be54302c-b4e9-4a27-8423-173c6403be8e","railclassification":null,"railowner":"Allegheny Valley Railroad Company","railownercode":"AVR","railsubdivision":null,"railusage":"O","real_world_relation":"REFERENCE_ONLY","shape_Length":2540.098408150326,"source_datadesc":"FRA Rail Lines 07/2025","source_datasetid":"{14EEFC21-039C-4AB1-8866-0FA5FC6A7AEB}","source_featureid":"398462","source_id":"REF-HAZELWOOD-RAIL","source_originator":"Federal Railroad Administration"},"type":"Feature"},{"geometry":{"coordinates":[[-79.937528,40.399362],[-79.938242,40.399386],[-79.938895,40.399434]],"type":"LineString"},"id":"REF-HAZELWOOD-RAIL-62","properties":{"canon_status":"REAL_REFERENCE","fcode":20201,"fictionality":"REAL","globalid":"{DB60354D-54C1-44F4-8E31-C1C5E9C5121D}","lengthkm":0.10956957,"loaddate":1758113402000,"name":"GLENWOOD YARD","objectid":1055958,"permanent_identifier":"cf65e2bd-61ba-46ad-9088-75e17addafb7","railclassification":null,"railowner":"Allegheny Valley Railroad Company","railownercode":"AVR","railsubdivision":null,"railusage":"O","real_world_relation":"REFERENCE_ONLY","shape_Length":152.5818083531596,"source_datadesc":"FRA Rail Lines 07/2025","source_datasetid":"{14EEFC21-039C-4AB1-8866-0FA5FC6A7AEB}","source_featureid":"407466","source_id":"REF-HAZELWOOD-RAIL","source_originator":"Federal Railroad Administration"},"type":"Feature"},{"geometry":{"coordinates":[[-79.93777,40.398894],[-79.938058,40.398848]],"type":"LineString"},"id":"REF-HAZELWOOD-RAIL-63","properties":{"canon_status":"REAL_REFERENCE","fcode":20201,"fictionality":"REAL","globalid":"{2D0D50D1-0E58-4F70-A187-57FB0F984A22}","lengthkm":0.0236428,"loaddate":1758113402000,"name":"GLENWOOD YARD","objectid":1056276,"permanent_identifier":"51de8231-fc6a-45fc-8e46-408c4d4a500e","railclassification":null,"railowner":"Allegheny Valley Railroad Company","railownercode":"AVR","railsubdivision":null,"railusage":"O","real_world_relation":"REFERENCE_ONLY","shape_Length":32.76581593272296,"source_datadesc":"FRA Rail Lines 07/2025","source_datasetid":"{14EEFC21-039C-4AB1-8866-0FA5FC6A7AEB}","source_featureid":"412863","source_id":"REF-HAZELWOOD-RAIL","source_originator":"Federal Railroad Administration"},"type":"Feature"},{"geometry":{"coordinates":[[-79.939704,40.399486],[-79.941033,40.399725],[-79.941492,40.399847]],"type":"LineString"},"id":"REF-HAZELWOOD-RAIL-64","properties":{"canon_status":"REAL_REFERENCE","fcode":20201,"fictionality":"REAL","globalid":"{D07C6E06-F962-43BA-8843-FC535901F23A}","lengthkm":0.14923262,"loaddate":1758113402000,"name":"GLENWOOD YARD","objectid":1056277,"permanent_identifier":"699d9390-f24e-4393-a046-144c14c630ae","railclassification":null,"railowner":"Allegheny Valley Railroad Company","railownercode":"AVR","railsubdivision":null,"railusage":"O","real_world_relation":"REFERENCE_ONLY","shape_Length":206.129885860844,"source_datadesc":"FRA Rail Lines 07/2025","source_datasetid":"{14EEFC21-039C-4AB1-8866-0FA5FC6A7AEB}","source_featureid":"412870","source_id":"REF-HAZELWOOD-RAIL","source_originator":"Federal Railroad Administration"},"type":"Feature"},{"geometry":{"coordinates":[[-79.943526,40.399436],[-79.943593,40.399475],[-79.943795,40.399619]],"type":"LineString"},"id":"REF-HAZELWOOD-RAIL-65","properties":{"canon_status":"REAL_REFERENCE","fcode":20200,"fictionality":"REAL","globalid":"{5AA64EFD-630D-4FC9-877B-0520934C1C48}","lengthkm":0.030521660000000003,"loaddate":1758113402000,"name":null,"objectid":1056278,"permanent_identifier":"30c5e78c-7836-46aa-a45f-01d218ed66aa","railclassification":null,"railowner":"Allegheny Valley Railroad Company","railownercode":"AVR","railsubdivision":"W&P","railusage":"M","real_world_relation":"REFERENCE_ONLY","shape_Length":40.21508339570373,"source_datadesc":"FRA Rail Lines 07/2025","source_datasetid":"{14EEFC21-039C-4AB1-8866-0FA5FC6A7AEB}","source_featureid":"412890","source_id":"REF-HAZELWOOD-RAIL","source_originator":"Federal Railroad Administration"},"type":"Feature"},{"geometry":{"coordinates":[[-79.94938,40.405719],[-79.949486,40.405838],[-79.949579,40.405961]],"type":"LineString"},"id":"REF-HAZELWOOD-RAIL-66","properties":{"canon_status":"REAL_REFERENCE","fcode":20201,"fictionality":"REAL","globalid":"{A2D20722-8C93-48AE-9CD6-89A0FF094B24}","lengthkm":0.03275835,"loaddate":1758113402000,"name":"GLENWOOD YARD","objectid":1056281,"permanent_identifier":"8432d4cc-d78d-4272-a185-3087dc378aaf","railclassification":null,"railowner":"Allegheny Valley Railroad Company","railownercode":"AVR","railsubdivision":null,"railusage":"O","real_world_relation":"REFERENCE_ONLY","shape_Length":41.84276063474149,"source_datadesc":"FRA Rail Lines 07/2025","source_datasetid":"{14EEFC21-039C-4AB1-8866-0FA5FC6A7AEB}","source_featureid":"412936","source_id":"REF-HAZELWOOD-RAIL","source_originator":"Federal Railroad Administration"},"type":"Feature"},{"geometry":{"coordinates":[[-79.947107,40.404022],[-79.948297,40.405016],[-79.949284,40.405841],[-79.949357,40.405926],[-79.949467,40.406055],[-79.949608,40.406234],[-79.949717,40.406381],[-79.949786,40.406512],[-79.949912,40.406793],[-79.950281,40.408094],[-79.950403,40.408522]],"type":"LineString"},"id":"REF-HAZELWOOD-RAIL-67","properties":{"canon_status":"REAL_REFERENCE","fcode":20200,"fictionality":"REAL","globalid":"{F6858834-7426-42F6-A87E-4BEC570ED53E}","lengthkm":0.60764074,"loaddate":1758113402000,"name":null,"objectid":1062352,"permanent_identifier":"da7af85a-7c43-4487-9454-15d6b863e668","railclassification":null,"railowner":"Allegheny Valley Railroad Company","railownercode":"AVR","railsubdivision":null,"railusage":"M","real_world_relation":"REFERENCE_ONLY","shape_Length":774.9788753390426,"source_datadesc":"FRA Rail Lines 07/2025","source_datasetid":"{14EEFC21-039C-4AB1-8866-0FA5FC6A7AEB}","source_featureid":"530255","source_id":"REF-HAZELWOOD-RAIL","source_originator":"Federal Railroad Administration"},"type":"Feature"},{"geometry":{"coordinates":[[-79.935993,40.399284],[-79.935279,40.39948]],"type":"LineString"},"id":"REF-HAZELWOOD-RAIL-68","properties":{"canon_status":"REAL_REFERENCE","fcode":20201,"fictionality":"REAL","globalid":"{CDE84DC2-CBF2-45F1-BFE9-6C0F8DBD39DA}","lengthkm":0.06161098,"loaddate":1758113402000,"name":"GLENWOOD YARD","objectid":1069685,"permanent_identifier":"2765bbef-6ca0-4912-a2bb-5ff23fd9582e","railclassification":null,"railowner":null,"railownercode":"CSXT","railsubdivision":"P & W","railusage":"O","real_world_relation":"REFERENCE_ONLY","shape_Length":84.57302838438576,"source_datadesc":"FRA Rail Lines 07/2025","source_datasetid":"{14EEFC21-039C-4AB1-8866-0FA5FC6A7AEB}","source_featureid":"395413","source_id":"REF-HAZELWOOD-RAIL","source_originator":"Federal Railroad Administration"},"type":"Feature"},{"geometry":{"coordinates":[[-79.938895,40.399434],[-79.939376,40.399465]],"type":"LineString"},"id":"REF-HAZELWOOD-RAIL-69","properties":{"canon_status":"REAL_REFERENCE","fcode":20201,"fictionality":"REAL","globalid":"{60DC4569-92D9-42EB-93B1-2B7B8FD4FEA6}","lengthkm":0.03856869,"loaddate":1758113402000,"name":"GLENWOOD YARD","objectid":1070588,"permanent_identifier":"1206005f-2b99-4038-8b7e-92db2f1fd3c8","railclassification":null,"railowner":"Allegheny Valley Railroad Company","railownercode":"AVR","railsubdivision":null,"railusage":"O","real_world_relation":"REFERENCE_ONLY","shape_Length":53.69651292539085,"source_datadesc":"FRA Rail Lines 07/2025","source_datasetid":"{14EEFC21-039C-4AB1-8866-0FA5FC6A7AEB}","source_featureid":"412867","source_id":"REF-HAZELWOOD-RAIL","source_originator":"Federal Railroad Administration"},"type":"Feature"},{"geometry":{"coordinates":[[-79.946946,40.403691],[-79.947185,40.403873]],"type":"LineString"},"id":"REF-HAZELWOOD-RAIL-70","properties":{"canon_status":"REAL_REFERENCE","fcode":20201,"fictionality":"REAL","globalid":"{81EE84D2-5780-4FAF-8EF4-290D55C9EE26}","lengthkm":0.02874569,"loaddate":1758113402000,"name":"GLENWOOD YARD","objectid":1070590,"permanent_identifier":"ba687ccb-1162-4f3f-9ab7-ec449e0847df","railclassification":null,"railowner":"Allegheny Valley Railroad Company","railownercode":"AVR","railsubdivision":null,"railusage":"O","real_world_relation":"REFERENCE_ONLY","shape_Length":37.63986036309387,"source_datadesc":"FRA Rail Lines 07/2025","source_datasetid":"{14EEFC21-039C-4AB1-8866-0FA5FC6A7AEB}","source_featureid":"412952","source_id":"REF-HAZELWOOD-RAIL","source_originator":"Federal Railroad Administration"},"type":"Feature"},{"geometry":{"coordinates":[[-79.940683,40.39897],[-79.941351,40.399097]],"type":"LineString"},"id":"REF-HAZELWOOD-RAIL-71","properties":{"canon_status":"REAL_REFERENCE","fcode":20201,"fictionality":"REAL","globalid":"{1D0F96F2-BEFB-4F85-BE76-5BC430AA9426}","lengthkm":0.055401950000000005,"loaddate":1758113402000,"name":"GLENWOOD YARD","objectid":1076370,"permanent_identifier":"7546dd27-fe43-4a46-8c80-adfb7c29dced","railclassification":null,"railowner":"Allegheny Valley Railroad Company","railownercode":"AVR","railsubdivision":null,"railusage":"O","real_world_relation":"REFERENCE_ONLY","shape_Length":76.60518453666869,"source_datadesc":"FRA Rail Lines 07/2025","source_datasetid":"{14EEFC21-039C-4AB1-8866-0FA5FC6A7AEB}","source_featureid":"527100","source_id":"REF-HAZELWOOD-RAIL","source_originator":"Federal Railroad Administration"},"type":"Feature"},{"geometry":{"coordinates":[[-79.944457,40.400132],[-79.944812,40.400481],[-79.946252,40.402062],[-79.946611,40.40246],[-79.947951,40.403947],[-79.949041,40.40516],[-79.949208,40.405346],[-79.949405,40.405606]],"type":"LineString"},"id":"REF-HAZELWOOD-RAIL-72","properties":{"canon_status":"REAL_REFERENCE","fcode":20201,"fictionality":"REAL","globalid":"{1995FF6E-9FF4-4886-BD0F-AB900D8DCD4B}","lengthkm":0.7575224800000001,"loaddate":1758113402000,"name":"GLENWOOD YARD","objectid":1083903,"permanent_identifier":"0ce7f7ca-c306-42d4-85dd-a27233b8d7c9","railclassification":null,"railowner":"Allegheny Valley Railroad Company","railownercode":"AVR","railsubdivision":null,"railusage":"O","real_world_relation":"REFERENCE_ONLY","shape_Length":971.7581028040297,"source_datadesc":"FRA Rail Lines 07/2025","source_datasetid":"{14EEFC21-039C-4AB1-8866-0FA5FC6A7AEB}","source_featureid":"395409","source_id":"REF-HAZELWOOD-RAIL","source_originator":"Federal Railroad Administration"},"type":"Feature"},{"geometry":{"coordinates":[[-79.942297,40.400115],[-79.942773,40.400296],[-79.943163,40.400498],[-79.94382,40.400902]],"type":"LineString"},"id":"REF-HAZELWOOD-RAIL-73","properties":{"canon_status":"REAL_REFERENCE","fcode":20201,"fictionality":"REAL","globalid":"{E7953FFD-DD5B-4B45-BD3C-A5B5C21D26C0}","lengthkm":0.15372128000000002,"loaddate":1758113402000,"name":"GLENWOOD YARD","objectid":1083904,"permanent_identifier":"2d3bf970-5490-41bc-9ec0-9b052032c731","railclassification":null,"railowner":"Allegheny Valley Railroad Company","railownercode":"AVR","railsubdivision":null,"railusage":"O","real_world_relation":"REFERENCE_ONLY","shape_Length":205.70540713710773,"source_datadesc":"FRA Rail Lines 07/2025","source_datasetid":"{14EEFC21-039C-4AB1-8866-0FA5FC6A7AEB}","source_featureid":"395412","source_id":"REF-HAZELWOOD-RAIL","source_originator":"Federal Railroad Administration"},"type":"Feature"},{"geometry":{"coordinates":[[-79.950543,40.408709],[-79.950517,40.40849],[-79.950107,40.406952],[-79.95004,40.406801],[-79.949968,40.406638],[-79.949893,40.406516]],"type":"LineString"},"id":"REF-HAZELWOOD-RAIL-74","properties":{"canon_status":"REAL_REFERENCE","fcode":20201,"fictionality":"REAL","globalid":"{197C0A77-6CEF-4E60-8199-E8BC70CECDC3}","lengthkm":0.26470565,"loaddate":1758113402000,"name":"GLENWOOD YARD","objectid":1084394,"permanent_identifier":"aee95802-4d4d-41dc-bf91-12603be19ee0","railclassification":null,"railowner":"Allegheny Valley Railroad Company","railownercode":"AVR","railsubdivision":null,"railusage":"O","real_world_relation":"REFERENCE_ONLY","shape_Length":329.8029984429061,"source_datadesc":"FRA Rail Lines 07/2025","source_datasetid":"{14EEFC21-039C-4AB1-8866-0FA5FC6A7AEB}","source_featureid":"405391","source_id":"REF-HAZELWOOD-RAIL","source_originator":"Federal Railroad Administration"},"type":"Feature"},{"geometry":{"coordinates":[[-79.950762,40.409408],[-79.950813,40.409638],[-79.950888,40.410164]],"type":"LineString"},"id":"REF-HAZELWOOD-RAIL-75","properties":{"canon_status":"REAL_REFERENCE","fcode":20200,"fictionality":"REAL","globalid":"{5B79A653-4B37-481D-A1D3-60967AFDD335}","lengthkm":0.08983579,"loaddate":1758113402000,"name":null,"objectid":1084504,"permanent_identifier":"f127b208-41ed-4a85-9600-79632e0d1a58","railclassification":null,"railowner":"Allegheny Valley Railroad Company","railownercode":"AVR","railsubdivision":null,"railusage":"M","real_world_relation":"REFERENCE_ONLY","shape_Length":111.48695012677612,"source_datadesc":"FRA Rail Lines 07/2025","source_datasetid":"{14EEFC21-039C-4AB1-8866-0FA5FC6A7AEB}","source_featureid":"407462","source_id":"REF-HAZELWOOD-RAIL","source_originator":"Federal Railroad Administration"},"type":"Feature"},{"geometry":{"coordinates":[[-79.949579,40.405961],[-79.949857,40.406327]],"type":"LineString"},"id":"REF-HAZELWOOD-RAIL-76","properties":{"canon_status":"REAL_REFERENCE","fcode":20201,"fictionality":"REAL","globalid":"{B6254EE0-4D85-4C82-933E-34956BDF2614}","lengthkm":0.048587240000000004,"loaddate":1758113402000,"name":"GLENWOOD YARD","objectid":1084837,"permanent_identifier":"5aba1385-bc26-4364-88a4-395b227a2d35","railclassification":null,"railowner":"Allegheny Valley Railroad Company","railownercode":"AVR","railsubdivision":null,"railusage":"O","real_world_relation":"REFERENCE_ONLY","shape_Length":61.8372774604289,"source_datadesc":"FRA Rail Lines 07/2025","source_datasetid":"{14EEFC21-039C-4AB1-8866-0FA5FC6A7AEB}","source_featureid":"412883","source_id":"REF-HAZELWOOD-RAIL","source_originator":"Federal Railroad Administration"},"type":"Feature"},{"geometry":{"coordinates":[[-79.943795,40.399619],[-79.943947,40.399728],[-79.944013,40.39978]],"type":"LineString"},"id":"REF-HAZELWOOD-RAIL-77","properties":{"canon_status":"REAL_REFERENCE","fcode":20200,"fictionality":"REAL","globalid":"{2BCF9C44-525D-4277-AFF3-0A5D223B1A9C}","lengthkm":0.02578965,"loaddate":1758113402000,"name":null,"objectid":1084838,"permanent_identifier":"b9208df8-ad2a-4b43-9d4f-01cd42ea60ec","railclassification":null,"railowner":"Allegheny Valley Railroad Company","railownercode":"AVR","railsubdivision":"W&P","railusage":"M","real_world_relation":"REFERENCE_ONLY","shape_Length":33.82376849531264,"source_datadesc":"FRA Rail Lines 07/2025","source_datasetid":"{14EEFC21-039C-4AB1-8866-0FA5FC6A7AEB}","source_featureid":"412889","source_id":"REF-HAZELWOOD-RAIL","source_originator":"Federal Railroad Administration"},"type":"Feature"},{"geometry":{"coordinates":[[-79.945988,40.402862],[-79.94633,40.403224],[-79.946592,40.403448],[-79.946806,40.403631]],"type":"LineString"},"id":"REF-HAZELWOOD-RAIL-78","properties":{"canon_status":"REAL_REFERENCE","fcode":20201,"fictionality":"REAL","globalid":"{26CD1EA2-8B91-469E-B2E4-ECBA6D34E47B}","lengthkm":0.11201617,"loaddate":1758113402000,"name":"GLENWOOD YARD","objectid":1084841,"permanent_identifier":"220255d2-109e-45b3-b8ed-55787210c755","railclassification":null,"railowner":"Allegheny Valley Railroad Company","railownercode":"AVR","railsubdivision":null,"railusage":"O","real_world_relation":"REFERENCE_ONLY","shape_Length":144.92352150453252,"source_datadesc":"FRA Rail Lines 07/2025","source_datasetid":"{14EEFC21-039C-4AB1-8866-0FA5FC6A7AEB}","source_featureid":"412940","source_id":"REF-HAZELWOOD-RAIL","source_originator":"Federal Railroad Administration"},"type":"Feature"},{"geometry":{"coordinates":[[-79.943916,40.400163],[-79.945293,40.401674],[-79.947741,40.404362]],"type":"LineString"},"id":"REF-HAZELWOOD-RAIL-79","properties":{"canon_status":"REAL_REFERENCE","fcode":20201,"fictionality":"REAL","globalid":"{E118C6F9-02E6-4B5C-8B56-A328D6016712}","lengthkm":0.5821904400000001,"loaddate":1758113402000,"name":"GLENWOOD YARD","objectid":1084842,"permanent_identifier":"7afe0d08-ae02-4943-82df-2cb7d21c91a0","railclassification":null,"railowner":"Allegheny Valley Railroad Company","railownercode":"AVR","railsubdivision":null,"railusage":"O","real_world_relation":"REFERENCE_ONLY","shape_Length":747.0956067329871,"source_datadesc":"FRA Rail Lines 07/2025","source_datasetid":"{14EEFC21-039C-4AB1-8866-0FA5FC6A7AEB}","source_featureid":"412944","source_id":"REF-HAZELWOOD-RAIL","source_originator":"Federal Railroad Administration"},"type":"Feature"},{"geometry":{"coordinates":[[-79.944905,40.401796],[-79.945545,40.402463],[-79.945988,40.402862]],"type":"LineString"},"id":"REF-HAZELWOOD-RAIL-80","properties":{"canon_status":"REAL_REFERENCE","fcode":20201,"fictionality":"REAL","globalid":"{B2A1500F-4E3D-44BE-9E16-9069D333ACF6}","lengthkm":0.15266994,"loaddate":1758113402000,"name":"GLENWOOD YARD","objectid":1084843,"permanent_identifier":"df92a5af-3cae-4c74-b83a-8137aeac9f4c","railclassification":null,"railowner":"Allegheny Valley Railroad Company","railownercode":"AVR","railsubdivision":null,"railusage":"O","real_world_relation":"REFERENCE_ONLY","shape_Length":197.02736783847547,"source_datadesc":"FRA Rail Lines 07/2025","source_datasetid":"{14EEFC21-039C-4AB1-8866-0FA5FC6A7AEB}","source_featureid":"412946","source_id":"REF-HAZELWOOD-RAIL","source_originator":"Federal Railroad Administration"},"type":"Feature"},{"geometry":{"coordinates":[[-79.943763,40.400248],[-79.944055,40.400574],[-79.946572,40.403377]],"type":"LineString"},"id":"REF-HAZELWOOD-RAIL-81","properties":{"canon_status":"REAL_REFERENCE","fcode":20201,"fictionality":"REAL","globalid":"{00BE7B47-322E-4078-BBC0-D56E7AB3D1DB}","lengthkm":0.43211738000000005,"loaddate":1758113402000,"name":"GLENWOOD YARD","objectid":1084844,"permanent_identifier":"e32c33d6-717c-4b6e-9ad5-f73e9057fcab","railclassification":null,"railowner":"Allegheny Valley Railroad Company","railownercode":"AVR","railsubdivision":null,"railusage":"O","real_world_relation":"REFERENCE_ONLY","shape_Length":554.1260808340659,"source_datadesc":"FRA Rail Lines 07/2025","source_datasetid":"{14EEFC21-039C-4AB1-8866-0FA5FC6A7AEB}","source_featureid":"412948","source_id":"REF-HAZELWOOD-RAIL","source_originator":"Federal Railroad Administration"},"type":"Feature"},{"geometry":{"coordinates":[[-79.94369,40.405289],[-79.943698,40.405322],[-79.944059,40.406981],[-79.944272,40.40796],[-79.944278,40.407989],[-79.94438,40.408455],[-79.944405,40.408572],[-79.944827,40.410428],[-79.944931,40.410795],[-79.944962,40.410905],[-79.944961,40.41093],[-79.944956,40.411018],[-79.945017,40.411262],[-79.945278,40.412322],[-79.945296,40.412394],[-79.945434,40.412814],[-79.945448,40.412848],[-79.94561,40.413246],[-79.945663,40.413354],[-79.946201,40.414455],[-79.946336,40.414732],[-79.947108,40.416195],[-79.949014,40.419813],[-79.949026,40.419833],[-79.949319,40.420321],[-79.949331,40.42034],[-79.949337,40.42035],[-79.94949,40.420605],[-79.949999,40.421357]],"type":"LineString"},"id":"REF-HAZELWOOD-RAIL-82","properties":{"canon_status":"REAL_REFERENCE","fcode":20200,"fictionality":"REAL","globalid":"{16B6B813-27BA-452E-B8AD-54507B8C0CA9}","lengthkm":1.97202345,"loaddate":1758113402000,"name":null,"objectid":1092128,"permanent_identifier":"67ca2990-ab45-4b4e-a537-1b143901862b","railclassification":null,"railowner":null,"railownercode":"CSXT","railsubdivision":"P & W","railusage":"M","real_world_relation":"REFERENCE_ONLY","shape_Length":2467.2729056056246,"source_datadesc":"FRA Rail Lines 07/2025","source_datasetid":"{14EEFC21-039C-4AB1-8866-0FA5FC6A7AEB}","source_featureid":"395392","source_id":"REF-HAZELWOOD-RAIL","source_originator":"Federal Railroad Administration"},"type":"Feature"},{"geometry":{"coordinates":[[-79.947741,40.404362],[-79.948057,40.404634],[-79.94925,40.40566]],"type":"LineString"},"id":"REF-HAZELWOOD-RAIL-83","properties":{"canon_status":"REAL_REFERENCE","fcode":20201,"fictionality":"REAL","globalid":"{E433E49C-7423-41C9-B095-9FAC7E3D1B50}","lengthkm":0.19491536,"loaddate":1758113402000,"name":"GLENWOOD YARD","objectid":1098293,"permanent_identifier":"12da27c6-7264-44f0-8a98-7c902e243630","railclassification":null,"railowner":"Allegheny Valley Railroad Company","railownercode":"AVR","railsubdivision":null,"railusage":"O","real_world_relation":"REFERENCE_ONLY","shape_Length":253.4329051702375,"source_datadesc":"FRA Rail Lines 07/2025","source_datasetid":"{14EEFC21-039C-4AB1-8866-0FA5FC6A7AEB}","source_featureid":"395408","source_id":"REF-HAZELWOOD-RAIL","source_originator":"Federal Railroad Administration"},"type":"Feature"},{"geometry":{"coordinates":[[-79.935993,40.399284],[-79.936907,40.39906],[-79.937269,40.398979],[-79.937564,40.398922],[-79.93777,40.398894]],"type":"LineString"},"id":"REF-HAZELWOOD-RAIL-84","properties":{"canon_status":"REAL_REFERENCE","fcode":20201,"fictionality":"REAL","globalid":"{806C4F3D-E87C-4697-A464-7DB1A4324449}","lengthkm":0.14939683,"loaddate":1758113402000,"name":"GLENWOOD YARD","objectid":1098884,"permanent_identifier":"18161b05-dc4a-460a-b526-b62c1e81cd75","railclassification":null,"railowner":"Allegheny Valley Railroad Company","railownercode":"AVR","railsubdivision":null,"railusage":"O","real_world_relation":"REFERENCE_ONLY","shape_Length":206.05852649713552,"source_datadesc":"FRA Rail Lines 07/2025","source_datasetid":"{14EEFC21-039C-4AB1-8866-0FA5FC6A7AEB}","source_featureid":"407465","source_id":"REF-HAZELWOOD-RAIL","source_originator":"Federal Railroad Administration"},"type":"Feature"},{"geometry":{"coordinates":[[-79.938058,40.398848],[-79.938397,40.398802]],"type":"LineString"},"id":"REF-HAZELWOOD-RAIL-85","properties":{"canon_status":"REAL_REFERENCE","fcode":20201,"fictionality":"REAL","globalid":"{1F6C08B0-AB74-4BD7-97AC-A1D9749841BA}","lengthkm":0.02759887,"loaddate":1758113402000,"name":"GLENWOOD YARD","objectid":1099208,"permanent_identifier":"043ce239-41f4-4dc3-bab7-e35e5faaa292","railclassification":null,"railowner":"Allegheny Valley Railroad Company","railownercode":"AVR","railsubdivision":null,"railusage":"O","real_world_relation":"REFERENCE_ONLY","shape_Length":38.30549701025847,"source_datadesc":"FRA Rail Lines 07/2025","source_datasetid":"{14EEFC21-039C-4AB1-8866-0FA5FC6A7AEB}","source_featureid":"412864","source_id":"REF-HAZELWOOD-RAIL","source_originator":"Federal Railroad Administration"},"type":"Feature"},{"geometry":{"coordinates":[[-79.947495,40.404276],[-79.948181,40.404832],[-79.948813,40.405344],[-79.94886,40.405385]],"type":"LineString"},"id":"REF-HAZELWOOD-RAIL-86","properties":{"canon_status":"REAL_REFERENCE","fcode":20201,"fictionality":"REAL","globalid":"{2EB8FE13-D2AA-49F6-B9BF-4F3E07A02625}","lengthkm":0.17036241000000002,"loaddate":1758113402000,"name":"GLENWOOD YARD","objectid":1099211,"permanent_identifier":"4b7c94ad-6b2f-42d8-a46f-02f2632fee5d","railclassification":null,"railowner":"Allegheny Valley Railroad Company","railownercode":"AVR","railsubdivision":null,"railusage":"O","real_world_relation":"REFERENCE_ONLY","shape_Length":222.22510550884914,"source_datadesc":"FRA Rail Lines 07/2025","source_datasetid":"{14EEFC21-039C-4AB1-8866-0FA5FC6A7AEB}","source_featureid":"412942","source_id":"REF-HAZELWOOD-RAIL","source_originator":"Federal Railroad Administration"},"type":"Feature"},{"geometry":{"coordinates":[[-79.94786,40.405549],[-79.947715,40.40503],[-79.947604,40.404738],[-79.947529,40.404588],[-79.947372,40.404309],[-79.947107,40.404022]],"type":"LineString"},"id":"REF-HAZELWOOD-RAIL-87","properties":{"canon_status":"REAL_REFERENCE","fcode":20201,"fictionality":"REAL","globalid":"{35587951-604A-4C0F-AB5E-BE7793A363AF}","lengthkm":0.19184169,"loaddate":1758113402000,"name":"GLENWOOD YARD","objectid":1099212,"permanent_identifier":"d985338f-1e2f-421f-9370-02d0a3465c9e","railclassification":null,"railowner":"Allegheny Valley Railroad Company","railownercode":"AVR","railsubdivision":null,"railusage":"O","real_world_relation":"REFERENCE_ONLY","shape_Length":241.21839537750245,"source_datadesc":"FRA Rail Lines 07/2025","source_datasetid":"{14EEFC21-039C-4AB1-8866-0FA5FC6A7AEB}","source_featureid":"412943","source_id":"REF-HAZELWOOD-RAIL","source_originator":"Federal Railroad Administration"},"type":"Feature"},{"geometry":{"coordinates":[[-79.958861,40.423313],[-79.958866,40.42332],[-79.958938,40.423412],[-79.959396,40.423918],[-79.959453,40.423981],[-79.959829,40.424363],[-79.960596,40.425146],[-79.960806,40.425359],[-79.961023,40.425581],[-79.96138,40.425986],[-79.961817,40.426369],[-79.961869,40.426415],[-79.962279,40.426722],[-79.962292,40.426732],[-79.962357,40.42678],[-79.962411,40.426821],[-79.962736,40.427036],[-79.964267,40.42805],[-79.964844,40.428432],[-79.965163,40.428643],[-79.965263,40.42871],[-79.965455,40.428816],[-79.965858,40.429039],[-79.966147,40.429175],[-79.966153,40.429178],[-79.966525,40.429353],[-79.967055,40.429572],[-79.967373,40.429704]],"type":"LineString"},"id":"REF-HAZELWOOD-RAIL-88","properties":{"canon_status":"REAL_REFERENCE","fcode":20200,"fictionality":"REAL","globalid":"{F9D1A930-ED75-457C-BA1F-1073F86AE0BE}","lengthkm":1.02697062,"loaddate":1758113402000,"name":null,"objectid":1106465,"permanent_identifier":"b97361cf-3181-44c3-b7ba-54cfbc2610cd","railclassification":null,"railowner":null,"railownercode":"CSXT","railsubdivision":"PITTSBURGH (CSXT)","railusage":"M","real_world_relation":"REFERENCE_ONLY","shape_Length":1346.3285351225306,"source_datadesc":"FRA Rail Lines 07/2025","source_datasetid":"{14EEFC21-039C-4AB1-8866-0FA5FC6A7AEB}","source_featureid":"396411","source_id":"REF-HAZELWOOD-RAIL","source_originator":"Federal Railroad Administration"},"type":"Feature"},{"geometry":{"coordinates":[[-79.949857,40.406327],[-79.949943,40.406475],[-79.950021,40.406609],[-79.950174,40.406963]],"type":"LineString"},"id":"REF-HAZELWOOD-RAIL-89","properties":{"canon_status":"REAL_REFERENCE","fcode":20201,"fictionality":"REAL","globalid":"{7917EA6D-D815-45F2-9D5E-3C1CFF0D2D27}","lengthkm":0.0792857,"loaddate":1758113402000,"name":"GLENWOOD YARD","objectid":1112722,"permanent_identifier":"e97a47f6-170a-4e74-92fb-8a532454f887","railclassification":null,"railowner":"Allegheny Valley Railroad Company","railownercode":"AVR","railsubdivision":null,"railusage":"O","real_world_relation":"REFERENCE_ONLY","shape_Length":99.5618068429491,"source_datadesc":"FRA Rail Lines 07/2025","source_datasetid":"{14EEFC21-039C-4AB1-8866-0FA5FC6A7AEB}","source_featureid":"395394","source_id":"REF-HAZELWOOD-RAIL","source_originator":"Federal Railroad Administration"},"type":"Feature"},{"geometry":{"coordinates":[[-79.93901,40.39877],[-79.939637,40.3988],[-79.93977,40.398811],[-79.940411,40.398866],[-79.941229,40.398971],[-79.941838,40.399107],[-79.942279,40.399256]],"type":"LineString"},"id":"REF-HAZELWOOD-RAIL-90","properties":{"canon_status":"REAL_REFERENCE","fcode":20201,"fictionality":"REAL","globalid":"{2E08CE76-0DFD-4EAE-8158-AFEE91AC0D18}","lengthkm":0.26964042,"loaddate":1758113402000,"name":"GLENWOOD YARD","objectid":1113677,"permanent_identifier":"a8c7bd57-464a-4b9b-9688-721c33a6b65c","railclassification":null,"railowner":"Allegheny Valley Railroad Company","railownercode":"AVR","railsubdivision":null,"railusage":"O","real_world_relation":"REFERENCE_ONLY","shape_Length":373.3304130883279,"source_datadesc":"FRA Rail Lines 07/2025","source_datasetid":"{14EEFC21-039C-4AB1-8866-0FA5FC6A7AEB}","source_featureid":"412876","source_id":"REF-HAZELWOOD-RAIL","source_originator":"Federal Railroad Administration"},"type":"Feature"},{"geometry":{"coordinates":[[-79.943526,40.399436],[-79.943831,40.399699],[-79.944931,40.400909],[-79.94925,40.40566]],"type":"LineString"},"id":"REF-HAZELWOOD-RAIL-91","properties":{"canon_status":"REAL_REFERENCE","fcode":20201,"fictionality":"REAL","globalid":"{6E17F74F-5C13-438C-A3BB-23EF8BA3A636}","lengthkm":0.8654396000000001,"loaddate":1758113402000,"name":"GLENWOOD YARD","objectid":1113678,"permanent_identifier":"4914f0fb-95c2-48bc-a128-7564fc09d646","railclassification":null,"railowner":"Allegheny Valley Railroad Company","railownercode":"AVR","railsubdivision":null,"railusage":"O","real_world_relation":"REFERENCE_ONLY","shape_Length":1111.1360572277406,"source_datadesc":"FRA Rail Lines 07/2025","source_datasetid":"{14EEFC21-039C-4AB1-8866-0FA5FC6A7AEB}","source_featureid":"412885","source_id":"REF-HAZELWOOD-RAIL","source_originator":"Federal Railroad Administration"},"type":"Feature"},{"geometry":{"coordinates":[[-79.950762,40.409408],[-79.950694,40.4092],[-79.950659,40.409031],[-79.950602,40.408867],[-79.950543,40.408709]],"type":"LineString"},"id":"REF-HAZELWOOD-RAIL-92","properties":{"canon_status":"REAL_REFERENCE","fcode":20201,"fictionality":"REAL","globalid":"{B2574668-1157-404E-874C-16AF9DD6A36B}","lengthkm":0.08430517,"loaddate":1758113402000,"name":"GLENWOOD YARD","objectid":1113681,"permanent_identifier":"4a07c9ca-a776-4224-8eb3-4b1c83fa3972","railclassification":null,"railowner":"Allegheny Valley Railroad Company","railownercode":"AVR","railsubdivision":null,"railusage":"O","real_world_relation":"REFERENCE_ONLY","shape_Length":105.06085941757354,"source_datadesc":"FRA Rail Lines 07/2025","source_datasetid":"{14EEFC21-039C-4AB1-8866-0FA5FC6A7AEB}","source_featureid":"412937","source_id":"REF-HAZELWOOD-RAIL","source_originator":"Federal Railroad Administration"},"type":"Feature"},{"geometry":{"coordinates":[[-79.94369,40.405289],[-79.943662,40.404398],[-79.943679,40.404202]],"type":"LineString"},"id":"REF-HAZELWOOD-RAIL-93","properties":{"canon_status":"REAL_REFERENCE","fcode":20200,"fictionality":"REAL","globalid":"{6E6709A8-2BF8-4D4D-BE16-546C730033E9}","lengthkm":0.1282851,"loaddate":1758113402000,"name":null,"objectid":1121057,"permanent_identifier":"3320e56d-e441-4450-a8a8-ffc43d68d96c","railclassification":null,"railowner":"Allegheny Valley Railroad Company","railownercode":"AVR","railsubdivision":null,"railusage":"M","real_world_relation":"REFERENCE_ONLY","shape_Length":158.93674717929764,"source_datadesc":"FRA Rail Lines 07/2025","source_datasetid":"{14EEFC21-039C-4AB1-8866-0FA5FC6A7AEB}","source_featureid":"405392","source_id":"REF-HAZELWOOD-RAIL","source_originator":"Federal Railroad Administration"},"type":"Feature"},{"geometry":{"coordinates":[[-79.976759,40.431981],[-79.976527,40.431914],[-79.975727,40.431683],[-79.974858,40.431433],[-79.97453,40.43135],[-79.974026,40.431224],[-79.973864,40.431183],[-79.973567,40.431144],[-79.973558,40.431143],[-79.973546,40.431141],[-79.972994,40.431068],[-79.972917,40.431062],[-79.972285,40.431014],[-79.971807,40.430978]],"type":"LineString"},"id":"REF-HAZELWOOD-RAIL-94","properties":{"canon_status":"REAL_REFERENCE","fcode":20200,"fictionality":"REAL","globalid":"{CCC58359-3B83-48E6-B51D-339BF1666025}","lengthkm":0.41578302,"loaddate":1758113402000,"name":null,"objectid":1121073,"permanent_identifier":"2d137d41-513a-481a-b8df-28a40f7d5f1f","railclassification":null,"railowner":null,"railownercode":"CSXT","railsubdivision":"PITTSBURGH (CSXT)","railusage":"M","real_world_relation":"REFERENCE_ONLY","shape_Length":573.8857147138448,"source_datadesc":"FRA Rail Lines 07/2025","source_datasetid":"{14EEFC21-039C-4AB1-8866-0FA5FC6A7AEB}","source_featureid":"407446","source_id":"REF-HAZELWOOD-RAIL","source_originator":"Federal Railroad Administration"},"type":"Feature"},{"geometry":{"coordinates":[[-79.945901,40.403303],[-79.946111,40.403358],[-79.94629,40.403422],[-79.946454,40.403504],[-79.946572,40.403597],[-79.947107,40.404022]],"type":"LineString"},"id":"REF-HAZELWOOD-RAIL-95","properties":{"canon_status":"REAL_REFERENCE","fcode":20200,"fictionality":"REAL","globalid":"{1E0ED474-0B94-4229-B993-E851F90C0881}","lengthkm":0.13076094000000002,"loaddate":1758113402000,"name":null,"objectid":1127115,"permanent_identifier":"2f0b0786-99fe-4b8f-8f89-eb9f447d595b","railclassification":null,"railowner":"Allegheny Valley Railroad Company","railownercode":"AVR","railsubdivision":null,"railusage":"M","real_world_relation":"REFERENCE_ONLY","shape_Length":173.490487235522,"source_datadesc":"FRA Rail Lines 07/2025","source_datasetid":"{14EEFC21-039C-4AB1-8866-0FA5FC6A7AEB}","source_featureid":"395403","source_id":"REF-HAZELWOOD-RAIL","source_originator":"Federal Railroad Administration"},"type":"Feature"},{"geometry":{"coordinates":[[-79.944255,40.399972],[-79.946042,40.401916],[-79.946165,40.40205],[-79.946524,40.402441],[-79.948073,40.404154],[-79.94869,40.404843],[-79.949141,40.405325],[-79.949405,40.405606]],"type":"LineString"},"id":"REF-HAZELWOOD-RAIL-96","properties":{"canon_status":"REAL_REFERENCE","fcode":20201,"fictionality":"REAL","globalid":"{18AED894-A60F-473C-9C24-0939428E19BC}","lengthkm":0.7818738000000001,"loaddate":1758113402000,"name":"GLENWOOD YARD","objectid":1127116,"permanent_identifier":"200cb449-1d0d-49dd-8cfa-dd4d3b1e1e54","railclassification":null,"railowner":"Allegheny Valley Railroad Company","railownercode":"AVR","railsubdivision":null,"railusage":"O","real_world_relation":"REFERENCE_ONLY","shape_Length":1003.5289434390432,"source_datadesc":"FRA Rail Lines 07/2025","source_datasetid":"{14EEFC21-039C-4AB1-8866-0FA5FC6A7AEB}","source_featureid":"395404","source_id":"REF-HAZELWOOD-RAIL","source_originator":"Federal Railroad Administration"},"type":"Feature"},{"geometry":{"coordinates":[[-79.946572,40.403377],[-79.946946,40.403691]],"type":"LineString"},"id":"REF-HAZELWOOD-RAIL-97","properties":{"canon_status":"REAL_REFERENCE","fcode":20201,"fictionality":"REAL","globalid":"{6FD50FCC-5DC0-4854-8BA3-0DC8E9F3E539}","lengthkm":0.04750716,"loaddate":1758113402000,"name":"GLENWOOD YARD","objectid":1127117,"permanent_identifier":"62049755-2934-4d95-adc9-bced0725a451","railclassification":null,"railowner":"Allegheny Valley Railroad Company","railownercode":"AVR","railsubdivision":null,"railusage":"O","real_world_relation":"REFERENCE_ONLY","shape_Length":61.84948390789738,"source_datadesc":"FRA Rail Lines 07/2025","source_datasetid":"{14EEFC21-039C-4AB1-8866-0FA5FC6A7AEB}","source_featureid":"395407","source_id":"REF-HAZELWOOD-RAIL","source_originator":"Federal Railroad Administration"},"type":"Feature"},{"geometry":{"coordinates":[[-79.976759,40.431981],[-79.975908,40.431673],[-79.975494,40.431516],[-79.974528,40.431235],[-79.9736,40.430973],[-79.973209,40.4308],[-79.972977,40.430728],[-79.97267,40.430639],[-79.971292,40.430389]],"type":"LineString"},"id":"REF-HAZELWOOD-RAIL-98","properties":{"canon_status":"REAL_REFERENCE","fcode":20201,"fictionality":"REAL","globalid":"{7AFBE3FD-AFC9-461B-9ABB-A329DE02D9BC}","lengthkm":0.47746891,"loaddate":1758113402000,"name":null,"objectid":1127241,"permanent_identifier":"16da13fa-afc5-444d-aeac-7796b7a2e16c","railclassification":null,"railowner":null,"railownercode":"CSXT","railsubdivision":"PITTSBURGH (CSXT)","railusage":"O","real_world_relation":"REFERENCE_ONLY","shape_Length":654.2056409882675,"source_datadesc":"FRA Rail Lines 07/2025","source_datasetid":"{14EEFC21-039C-4AB1-8866-0FA5FC6A7AEB}","source_featureid":"398085","source_id":"REF-HAZELWOOD-RAIL","source_originator":"Federal Railroad Administration"},"type":"Feature"},{"geometry":{"coordinates":[[-79.961812,40.421799],[-79.958179,40.419315],[-79.958052,40.419209],[-79.957915,40.419094],[-79.957658,40.418841],[-79.957449,40.418615],[-79.95708,40.41813],[-79.956672,40.417424],[-79.956444,40.416924],[-79.956198,40.416339],[-79.956087,40.415892],[-79.955987,40.415186],[-79.956026,40.414472],[-79.956055,40.414076],[-79.956098,40.413162],[-79.956148,40.412894],[-79.95618,40.41232],[-79.956184,40.412013],[-79.956137,40.411602],[-79.956057,40.41126],[-79.955933,40.410878],[-79.954881,40.407862],[-79.954577,40.406987],[-79.954268,40.406236],[-79.953389,40.404314],[-79.952918,40.403354],[-79.952759,40.403024],[-79.952725,40.402954],[-79.952579,40.40269],[-79.952351,40.402365],[-79.952148,40.402102],[-79.951758,40.401594],[-79.951642,40.401442],[-79.951477,40.401161],[-79.951469,40.401146]],"type":"LineString"},"id":"REF-HAZELWOOD-RAIL-99","properties":{"canon_status":"REAL_REFERENCE","fcode":20201,"fictionality":"REAL","globalid":"{36590863-ED19-4624-8D0D-423E6535C8F8}","lengthkm":2.65514849,"loaddate":1758113402000,"name":null,"objectid":1127242,"permanent_identifier":"089053b3-ee24-4932-9964-6bc002c1a9aa","railclassification":null,"railowner":"Norfolk Southern Railway Company","railownercode":"NS","railsubdivision":"MON LINE (NS)","railusage":"O","real_world_relation":"REFERENCE_ONLY","shape_Length":3352.7054755926947,"source_datadesc":"FRA Rail Lines 07/2025","source_datasetid":"{14EEFC21-039C-4AB1-8866-0FA5FC6A7AEB}","source_featureid":"398086","source_id":"REF-HAZELWOOD-RAIL","source_originator":"Federal Railroad Administration"},"type":"Feature"},{"geometry":{"coordinates":[[-79.944457,40.400132],[-79.944997,40.400559],[-79.947017,40.402833],[-79.948944,40.405002],[-79.949061,40.405134],[-79.94949,40.405607],[-79.949734,40.405887],[-79.949797,40.405985],[-79.949844,40.406056],[-79.949906,40.406181],[-79.949977,40.406324]],"type":"LineString"},"id":"REF-HAZELWOOD-RAIL-100","properties":{"canon_status":"REAL_REFERENCE","fcode":20200,"fictionality":"REAL","globalid":"{56A1D9D7-531A-498E-B61F-7D2C160F75E7}","lengthkm":0.85533714,"loaddate":1758113402000,"name":null,"objectid":1127585,"permanent_identifier":"df4b7e31-8e53-4b84-8b72-ed5f47cdf428","railclassification":null,"railowner":"Allegheny Valley Railroad Company","railownercode":"AVR","railsubdivision":"W&P","railusage":"M","real_world_relation":"REFERENCE_ONLY","shape_Length":1096.7313824560129,"source_datadesc":"FRA Rail Lines 07/2025","source_datasetid":"{14EEFC21-039C-4AB1-8866-0FA5FC6A7AEB}","source_featureid":"405296","source_id":"REF-HAZELWOOD-RAIL","source_originator":"Federal Railroad Administration"},"type":"Feature"},{"geometry":{"coordinates":[[-79.942936,40.399699],[-79.942715,40.399528],[-79.942637,40.39948]],"type":"LineString"},"id":"REF-HAZELWOOD-RAIL-101","properties":{"canon_status":"REAL_REFERENCE","fcode":20201,"fictionality":"REAL","globalid":"{F78E3A95-3613-4101-BC8D-69C76F150763}","lengthkm":0.03527489,"loaddate":1758113402000,"name":"GLENWOOD YARD","objectid":1128053,"permanent_identifier":"26f0c403-8cb4-4c1b-bfeb-5bb7009fd1c3","railclassification":null,"railowner":"Allegheny Valley Railroad Company","railownercode":"AVR","railsubdivision":null,"railusage":"O","real_world_relation":"REFERENCE_ONLY","shape_Length":46.29931087856994,"source_datadesc":"FRA Rail Lines 07/2025","source_datasetid":"{14EEFC21-039C-4AB1-8866-0FA5FC6A7AEB}","source_featureid":"412874","source_id":"REF-HAZELWOOD-RAIL","source_originator":"Federal Railroad Administration"},"type":"Feature"},{"geometry":{"coordinates":[[-79.944013,40.39978],[-79.944255,40.399972]],"type":"LineString"},"id":"REF-HAZELWOOD-RAIL-102","properties":{"canon_status":"REAL_REFERENCE","fcode":20200,"fictionality":"REAL","globalid":"{6EEA0CCB-B6B3-4F85-949A-A2AE3DA64D5E}","lengthkm":0.02975444,"loaddate":1758113402000,"name":null,"objectid":1128054,"permanent_identifier":"1d87b8fa-746b-4c44-8329-0bfa9e471879","railclassification":null,"railowner":"Allegheny Valley Railroad Company","railownercode":"AVR","railsubdivision":"W&P","railusage":"M","real_world_relation":"REFERENCE_ONLY","shape_Length":38.8699274781929,"source_datadesc":"FRA Rail Lines 07/2025","source_datasetid":"{14EEFC21-039C-4AB1-8866-0FA5FC6A7AEB}","source_featureid":"412888","source_id":"REF-HAZELWOOD-RAIL","source_originator":"Federal Railroad Administration"},"type":"Feature"},{"geometry":{"coordinates":[[-79.956139,40.415356],[-79.956185,40.41561],[-79.956276,40.415919],[-79.956407,40.416366],[-79.956442,40.416453],[-79.95663,40.416926],[-79.956812,40.417385],[-79.956895,40.417548],[-79.957026,40.417806],[-79.957056,40.417853],[-79.957084,40.417896],[-79.957206,40.41809],[-79.957267,40.418167],[-79.957348,40.418272],[-79.957509,40.418479],[-79.957698,40.418679],[-79.957858,40.418849],[-79.958025,40.418994],[-79.958248,40.41919],[-79.958485,40.419363],[-79.958679,40.419505],[-79.960741,40.420877],[-79.964768,40.423557],[-79.964934,40.423646],[-79.965297,40.42384],[-79.965387,40.423888],[-79.965711,40.424005],[-79.965892,40.42407],[-79.965963,40.424096],[-79.965983,40.424101],[-79.966147,40.424142],[-79.966287,40.424177],[-79.966343,40.424191],[-79.96677,40.424259],[-79.966863,40.424274],[-79.966927,40.424284],[-79.967767,40.424377],[-79.96804,40.424407],[-79.96836,40.424443],[-79.969896,40.424613],[-79.972091,40.424856],[-79.972238,40.424872],[-79.97311,40.424923],[-79.973742,40.42496],[-79.97499,40.425033],[-79.976692,40.425132],[-79.980381,40.425347],[-79.981782,40.425429],[-79.984451,40.425585],[-79.985185,40.425645],[-79.985291,40.425654],[-79.985355,40.425659],[-79.985489,40.425676],[-79.985765,40.425711],[-79.986233,40.42577],[-79.986354,40.425785],[-79.986775,40.425882],[-79.987259,40.425993],[-79.987319,40.426011],[-79.987514,40.426068],[-79.98764,40.426105],[-79.98789,40.426178],[-79.987998,40.42621],[-79.988486,40.426372]],"type":"LineString"},"id":"REF-HAZELWOOD-RAIL-103","properties":{"canon_status":"REAL_REFERENCE","fcode":20200,"fictionality":"REAL","globalid":"{E0D90723-1743-43BC-ADE6-EA7ACC4C7511}","lengthkm":3.16369428,"loaddate":1758113402000,"name":null,"objectid":1135300,"permanent_identifier":"bf470e5b-71b9-4b98-888d-526a68872b43","railclassification":null,"railowner":"Norfolk Southern Railway Company","railownercode":"NS","railsubdivision":"MON LINE (NS)","railusage":"M","real_world_relation":"REFERENCE_ONLY","shape_Length":4277.777939304824,"source_datadesc":"FRA Rail Lines 07/2025","source_datasetid":"{14EEFC21-039C-4AB1-8866-0FA5FC6A7AEB}","source_featureid":"395425","source_id":"REF-HAZELWOOD-RAIL","source_originator":"Federal Railroad Administration"},"type":"Feature"},{"geometry":{"coordinates":[[-79.95561,40.415692],[-79.955682,40.416038],[-79.9559,40.416781],[-79.955907,40.416807],[-79.955908,40.416811],[-79.956082,40.417405],[-79.95615,40.417591],[-79.956202,40.417735],[-79.956249,40.417867],[-79.956422,40.418346],[-79.95648,40.418479],[-79.956704,40.418999],[-79.957133,40.419995],[-79.957756,40.421439],[-79.957942,40.421872],[-79.958035,40.422041],[-79.958128,40.422211],[-79.95833,40.42258],[-79.958332,40.422583],[-79.958347,40.422611],[-79.95864,40.423033],[-79.958853,40.423304],[-79.958861,40.423313]],"type":"LineString"},"id":"REF-HAZELWOOD-RAIL-104","properties":{"canon_status":"REAL_REFERENCE","fcode":20200,"fictionality":"REAL","globalid":"{FB6E1522-C2EF-494D-8850-BE172455A436}","lengthkm":0.9390125100000001,"loaddate":1758113402000,"name":null,"objectid":1135322,"permanent_identifier":"df35cd69-7761-4690-bc52-16bd5a2ad63a","railclassification":null,"railowner":null,"railownercode":"CSXT","railsubdivision":"PITTSBURGH (CSXT)","railusage":"M","real_world_relation":"REFERENCE_ONLY","shape_Length":1176.0382679748996,"source_datadesc":"FRA Rail Lines 07/2025","source_datasetid":"{14EEFC21-039C-4AB1-8866-0FA5FC6A7AEB}","source_featureid":"396413","source_id":"REF-HAZELWOOD-RAIL","source_originator":"Federal Railroad Administration"},"type":"Feature"},{"geometry":{"coordinates":[[-79.953263,40.4039],[-79.953344,40.404074],[-79.953785,40.405069],[-79.954253,40.406127],[-79.954452,40.406577],[-79.954552,40.406802],[-79.954698,40.407219],[-79.954835,40.407609],[-79.954985,40.408041],[-79.955795,40.410357],[-79.955973,40.410866]],"type":"LineString"},"id":"REF-HAZELWOOD-RAIL-105","properties":{"canon_status":"REAL_REFERENCE","fcode":20200,"fictionality":"REAL","globalid":"{15E18F32-A9D5-4AFF-A6B1-5EEDC91A161E}","lengthkm":0.8503700300000001,"loaddate":1758113402000,"name":null,"objectid":1135348,"permanent_identifier":"136ee3b1-eae0-4e3f-92e8-d42d257a98a8","railclassification":null,"railowner":"Norfolk Southern Railway Company","railownercode":"NS","railsubdivision":"MON LINE (NS)","railusage":"M","real_world_relation":"REFERENCE_ONLY","shape_Length":1062.5897159089136,"source_datadesc":"FRA Rail Lines 07/2025","source_datasetid":"{14EEFC21-039C-4AB1-8866-0FA5FC6A7AEB}","source_featureid":"397539","source_id":"REF-HAZELWOOD-RAIL","source_originator":"Federal Railroad Administration"},"type":"Feature"},{"geometry":{"coordinates":[[-79.935279,40.39948],[-79.934381,40.399679],[-79.933931,40.39977],[-79.933502,40.399857],[-79.93294,40.400008],[-79.932314,40.400211],[-79.931828,40.400392],[-79.931247,40.400639],[-79.930752,40.400895],[-79.930314,40.401127],[-79.929658,40.401535],[-79.929321,40.401757],[-79.928907,40.402047],[-79.928386,40.40246],[-79.927851,40.402886],[-79.927684,40.403032],[-79.927245,40.403412],[-79.926914,40.403733],[-79.926488,40.404186],[-79.926294,40.404405],[-79.925886,40.404912],[-79.92519,40.405767],[-79.924602,40.406504],[-79.924056,40.407179],[-79.923453,40.408016],[-79.921953,40.410141],[-79.921706,40.410499],[-79.921521,40.410732],[-79.921308,40.410983],[-79.921067,40.411255],[-79.920861,40.411462],[-79.920637,40.411655],[-79.920276,40.411947],[-79.919197,40.412758],[-79.917364,40.414152],[-79.916846,40.414547],[-79.916491,40.4148],[-79.91617,40.415032],[-79.915839,40.415251],[-79.915556,40.415415],[-79.915304,40.415544],[-79.915023,40.415665],[-79.914608,40.415836],[-79.914371,40.415913],[-79.913771,40.416108],[-79.913042,40.416314],[-79.912327,40.416497],[-79.911227,40.416737],[-79.910471,40.416877],[-79.909908,40.416969],[-79.908617,40.417163],[-79.906694,40.41741],[-79.90501,40.417607],[-79.904215,40.41771],[-79.90365,40.417752],[-79.903004,40.417806],[-79.902686,40.417826],[-79.902454,40.417841],[-79.90191,40.41785],[-79.901393,40.417861],[-79.901215,40.417856],[-79.900728,40.41784],[-79.900234,40.417814],[-79.89898,40.417709],[-79.897995,40.417598],[-79.896801,40.417439],[-79.895957,40.417323],[-79.89527,40.417231],[-79.894443,40.417067],[-79.893765,40.416914],[-79.893051,40.416746],[-79.892071,40.416465],[-79.891508,40.416276],[-79.891119,40.416149],[-79.890741,40.41607]],"type":"LineString"},"id":"REF-HAZELWOOD-RAIL-106","properties":{"canon_status":"REAL_REFERENCE","fcode":20201,"fictionality":"REAL","globalid":"{D3F1FA19-3410-4209-A996-A0C541F4B9C0}","lengthkm":4.58308432,"loaddate":1758113402000,"name":null,"objectid":1142389,"permanent_identifier":"411242f4-08b3-475f-8167-1bef05dc35ae","railclassification":null,"railowner":null,"railownercode":"CSXT","railsubdivision":"P & W","railusage":"O","real_world_relation":"REFERENCE_ONLY","shape_Length":6141.522471369355,"source_datadesc":"FRA Rail Lines 07/2025","source_datasetid":"{14EEFC21-039C-4AB1-8866-0FA5FC6A7AEB}","source_featureid":"411720","source_id":"REF-HAZELWOOD-RAIL","source_originator":"Federal Railroad Administration"},"type":"Feature"},{"geometry":{"coordinates":[[-79.938397,40.398802],[-79.938704,40.398772],[-79.93901,40.39877]],"type":"LineString"},"id":"REF-HAZELWOOD-RAIL-107","properties":{"canon_status":"REAL_REFERENCE","fcode":20201,"fictionality":"REAL","globalid":"{36D32736-4889-4E76-B1D3-10238592B317}","lengthkm":0.04922791,"loaddate":1758113402000,"name":"GLENWOOD YARD","objectid":1142455,"permanent_identifier":"0fc0826e-cf5a-47dc-94ed-6d05f2b6ec25","railclassification":null,"railowner":"Allegheny Valley Railroad Company","railownercode":"AVR","railsubdivision":null,"railusage":"O","real_world_relation":"REFERENCE_ONLY","shape_Length":68.52382413417317,"source_datadesc":"FRA Rail Lines 07/2025","source_datasetid":"{14EEFC21-039C-4AB1-8866-0FA5FC6A7AEB}","source_featureid":"412865","source_id":"REF-HAZELWOOD-RAIL","source_originator":"Federal Railroad Administration"},"type":"Feature"},{"geometry":{"coordinates":[[-79.942637,40.39948],[-79.9422,40.399281],[-79.941786,40.399142],[-79.941205,40.399007],[-79.940544,40.398921],[-79.939505,40.398833],[-79.939418,40.398826],[-79.93899,40.398808],[-79.938397,40.398802]],"type":"LineString"},"id":"REF-HAZELWOOD-RAIL-108","properties":{"canon_status":"REAL_REFERENCE","fcode":20201,"fictionality":"REAL","globalid":"{DC0F86C9-E1E9-49B2-ADEF-29385D1BBD18}","lengthkm":0.35409452,"loaddate":1758113402000,"name":"GLENWOOD YARD","objectid":1142456,"permanent_identifier":"ca21b927-e571-48af-adf8-ee06b0413a41","railclassification":null,"railowner":"Allegheny Valley Railroad Company","railownercode":"AVR","railsubdivision":null,"railusage":"O","real_world_relation":"REFERENCE_ONLY","shape_Length":489.1432602549517,"source_datadesc":"FRA Rail Lines 07/2025","source_datasetid":"{14EEFC21-039C-4AB1-8866-0FA5FC6A7AEB}","source_featureid":"412871","source_id":"REF-HAZELWOOD-RAIL","source_originator":"Federal Railroad Administration"},"type":"Feature"},{"geometry":{"coordinates":[[-79.94382,40.400902],[-79.944317,40.401286],[-79.944905,40.401796]],"type":"LineString"},"id":"REF-HAZELWOOD-RAIL-109","properties":{"canon_status":"REAL_REFERENCE","fcode":20201,"fictionality":"REAL","globalid":"{160DA1F7-DE66-48CD-8A14-57114B215F76}","lengthkm":0.13665319,"loaddate":1758113402000,"name":"GLENWOOD YARD","objectid":1142457,"permanent_identifier":"be1d4d3a-2dfc-423e-bbb4-2e0421807a7c","railclassification":null,"railowner":"Allegheny Valley Railroad Company","railownercode":"AVR","railsubdivision":null,"railusage":"O","real_world_relation":"REFERENCE_ONLY","shape_Length":178.09970685127394,"source_datadesc":"FRA Rail Lines 07/2025","source_datasetid":"{14EEFC21-039C-4AB1-8866-0FA5FC6A7AEB}","source_featureid":"412880","source_id":"REF-HAZELWOOD-RAIL","source_originator":"Federal Railroad Administration"},"type":"Feature"},{"geometry":{"coordinates":[[-79.949893,40.406516],[-79.949775,40.406324],[-79.949536,40.40601],[-79.949296,40.405716],[-79.94925,40.40566]],"type":"LineString"},"id":"REF-HAZELWOOD-RAIL-110","properties":{"canon_status":"REAL_REFERENCE","fcode":20201,"fictionality":"REAL","globalid":"{EB980CBE-2995-4744-B888-81B935D86F0A}","lengthkm":0.11338263000000001,"loaddate":1758113402000,"name":"GLENWOOD YARD","objectid":1142461,"permanent_identifier":"21c17928-270b-4595-807e-6191834ba044","railclassification":null,"railowner":"Allegheny Valley Railroad Company","railownercode":"AVR","railsubdivision":null,"railusage":"O","real_world_relation":"REFERENCE_ONLY","shape_Length":144.25454022328597,"source_datadesc":"FRA Rail Lines 07/2025","source_datasetid":"{14EEFC21-039C-4AB1-8866-0FA5FC6A7AEB}","source_featureid":"412938","source_id":"REF-HAZELWOOD-RAIL","source_originator":"Federal Railroad Administration"},"type":"Feature"},{"geometry":{"coordinates":[[-79.945491,40.403249],[-79.945746,40.403233],[-79.945942,40.40325],[-79.946153,40.403289],[-79.946326,40.403348],[-79.946477,40.403421],[-79.946633,40.403514],[-79.946806,40.403631]],"type":"LineString"},"id":"REF-HAZELWOOD-RAIL-111","properties":{"canon_status":"REAL_REFERENCE","fcode":20201,"fictionality":"REAL","globalid":"{5F6CCCDB-E84C-4961-B782-028F2D77FD28}","lengthkm":0.12016868000000001,"loaddate":1758113402000,"name":"GLENWOOD YARD","objectid":1142462,"permanent_identifier":"518de2d0-3d1d-4d03-887b-05c3902e0b0c","railclassification":null,"railowner":"Allegheny Valley Railroad Company","railownercode":"AVR","railsubdivision":null,"railusage":"O","real_world_relation":"REFERENCE_ONLY","shape_Length":163.45911797045312,"source_datadesc":"FRA Rail Lines 07/2025","source_datasetid":"{14EEFC21-039C-4AB1-8866-0FA5FC6A7AEB}","source_featureid":"412939","source_id":"REF-HAZELWOOD-RAIL","source_originator":"Federal Railroad Administration"},"type":"Feature"},{"geometry":{"coordinates":[[-79.927828,40.396669],[-79.928396,40.396257],[-79.928791,40.395972],[-79.929193,40.39572],[-79.929397,40.395612],[-79.929589,40.39551],[-79.929693,40.395467],[-79.929918,40.395372],[-79.930077,40.395306],[-79.930652,40.395125],[-79.930891,40.395059],[-79.930978,40.395035],[-79.931357,40.394961],[-79.931722,40.394901],[-79.932203,40.394856],[-79.934526,40.394722],[-79.936989,40.3946],[-79.937515,40.394589],[-79.938181,40.3946],[-79.938871,40.394636],[-79.939542,40.394704],[-79.9402,40.39479],[-79.941052,40.394939],[-79.941849,40.395115],[-79.942942,40.395433],[-79.94355,40.395655],[-79.944695,40.396097],[-79.945264,40.396353],[-79.945566,40.396515],[-79.945936,40.396756],[-79.94627,40.397003],[-79.948408,40.398749],[-79.948479,40.398807],[-79.948944,40.39921],[-79.949235,40.399445],[-79.94962,40.399781],[-79.950079,40.400199],[-79.950753,40.400891],[-79.951064,40.401252],[-79.951361,40.40164],[-79.951611,40.401968],[-79.951841,40.402324],[-79.952083,40.402698],[-79.952286,40.403064],[-79.952581,40.403652],[-79.95306,40.404722],[-79.953548,40.405871],[-79.953685,40.406234],[-79.953878,40.406815],[-79.954047,40.407324],[-79.954169,40.40769],[-79.954478,40.408621],[-79.954697,40.409302],[-79.954746,40.409454],[-79.955069,40.410457],[-79.955115,40.4106],[-79.955247,40.411012],[-79.955317,40.411316],[-79.955394,40.411651],[-79.955462,40.412145],[-79.955473,40.412229],[-79.955474,40.412249],[-79.955499,40.412933],[-79.955458,40.413253]],"type":"LineString"},"id":"REF-HAZELWOOD-RAIL-112","properties":{"canon_status":"REAL_REFERENCE","fcode":20201,"fictionality":"REAL","globalid":"{6A1BE2B2-D0C5-44D2-877C-F1AD8496D81A}","lengthkm":3.72292283,"loaddate":1758113402000,"name":null,"objectid":1143015,"permanent_identifier":"f20a227a-e665-4492-9b06-c96675e9afda","railclassification":null,"railowner":null,"railownercode":"CSXT","railsubdivision":"PITTSBURGH (CSXT)","railusage":"O","real_world_relation":"REFERENCE_ONLY","shape_Length":4877.376603432275,"source_datadesc":"FRA Rail Lines 07/2025","source_datasetid":"{14EEFC21-039C-4AB1-8866-0FA5FC6A7AEB}","source_featureid":"421785","source_id":"REF-HAZELWOOD-RAIL","source_originator":"Federal Railroad Administration"},"type":"Feature"},{"geometry":{"coordinates":[[-79.971807,40.430978],[-79.97111,40.430925],[-79.971056,40.430921],[-79.97102,40.430918],[-79.970816,40.430888],[-79.970593,40.430856],[-79.970534,40.430847],[-79.97047,40.430838],[-79.970283,40.430794],[-79.96993,40.430712],[-79.969918,40.430709],[-79.969709,40.430638],[-79.969703,40.430636],[-79.969693,40.430633],[-79.96932,40.430507],[-79.969279,40.430493],[-79.967871,40.42991],[-79.967732,40.429853],[-79.967373,40.429704]],"type":"LineString"},"id":"REF-HAZELWOOD-RAIL-113","properties":{"canon_status":"REAL_REFERENCE","fcode":20200,"fictionality":"REAL","globalid":"{F408F194-9345-46C8-9E32-FD951F3F9473}","lengthkm":0.39023465,"loaddate":1758113402000,"name":null,"objectid":1149604,"permanent_identifier":"667a3c29-4f87-433e-b9f8-2bb570c5ee25","railclassification":null,"railowner":null,"railownercode":"CSXT","railsubdivision":"PITTSBURGH (CSXT)","railusage":"M","real_world_relation":"REFERENCE_ONLY","shape_Length":534.0296752626851,"source_datadesc":"FRA Rail Lines 07/2025","source_datasetid":"{14EEFC21-039C-4AB1-8866-0FA5FC6A7AEB}","source_featureid":"396410","source_id":"REF-HAZELWOOD-RAIL","source_originator":"Federal Railroad Administration"},"type":"Feature"},{"geometry":{"coordinates":[[-79.94892,40.399239],[-79.948982,40.399292],[-79.949205,40.399481],[-79.949593,40.399811],[-79.949595,40.399813],[-79.949709,40.39991],[-79.949827,40.400024],[-79.950045,40.400234],[-79.950264,40.400446],[-79.95039,40.400568],[-79.950487,40.400675],[-79.950714,40.400926],[-79.950951,40.401188],[-79.951026,40.401283],[-79.951327,40.401666],[-79.95146,40.401836],[-79.951484,40.401867],[-79.951489,40.401874],[-79.951571,40.401996],[-79.951806,40.402346],[-79.951859,40.402425],[-79.951926,40.402525],[-79.951949,40.402564],[-79.952041,40.402723],[-79.95225,40.403084],[-79.952259,40.4031],[-79.952262,40.403105],[-79.952546,40.403668],[-79.952551,40.403678],[-79.952639,40.403879],[-79.953016,40.404741],[-79.953188,40.405132],[-79.953251,40.405278],[-79.953321,40.40545],[-79.95334,40.405495],[-79.953501,40.40589],[-79.95358,40.406086],[-79.953639,40.406251],[-79.953791,40.406681],[-79.953977,40.407205],[-79.954361,40.408395],[-79.954428,40.408601],[-79.954459,40.408699],[-79.954468,40.408726],[-79.955037,40.41049],[-79.955057,40.410552],[-79.955058,40.410554],[-79.955192,40.411027],[-79.955283,40.411348],[-79.955337,40.411661],[-79.955404,40.412055],[-79.955417,40.412234],[-79.955439,40.412531],[-79.95544,40.412572],[-79.955458,40.413253]],"type":"LineString"},"id":"REF-HAZELWOOD-RAIL-114","properties":{"canon_status":"REAL_REFERENCE","fcode":20200,"fictionality":"REAL","globalid":"{504745D3-AC77-4F09-B8F0-BC807B2BB932}","lengthkm":1.7599211000000001,"loaddate":1758113402000,"name":null,"objectid":1149605,"permanent_identifier":"77c399a2-d02d-473d-bc49-d82b5a11ab22","railclassification":null,"railowner":null,"railownercode":"CSXT","railsubdivision":"PITTSBURGH (CSXT)","railusage":"M","real_world_relation":"REFERENCE_ONLY","shape_Length":2212.4841874466742,"source_datadesc":"FRA Rail Lines 07/2025","source_datasetid":"{14EEFC21-039C-4AB1-8866-0FA5FC6A7AEB}","source_featureid":"396412","source_id":"REF-HAZELWOOD-RAIL","source_originator":"Federal Railroad Administration"},"type":"Feature"},{"geometry":{"coordinates":[[-79.953263,40.4039],[-79.953152,40.403661],[-79.953095,40.403539],[-79.953001,40.403338],[-79.952795,40.402896],[-79.952692,40.402731],[-79.952548,40.402504],[-79.952474,40.402387],[-79.952337,40.402213],[-79.951876,40.401628],[-79.951104,40.400649],[-79.950923,40.40042],[-79.950821,40.4003],[-79.950808,40.400286],[-79.95052,40.399949],[-79.950389,40.399797],[-79.950297,40.399707],[-79.95,40.399417],[-79.949998,40.399415],[-79.949933,40.39936],[-79.949562,40.399047],[-79.947766,40.397529],[-79.947288,40.397126],[-79.946854,40.396759],[-79.946612,40.396595],[-79.94608,40.396235],[-79.946079,40.396235],[-79.945697,40.396038],[-79.945652,40.396015],[-79.945235,40.395831],[-79.945052,40.395751],[-79.944883,40.395687],[-79.944056,40.395375],[-79.943955,40.395337],[-79.943235,40.39511],[-79.942794,40.394971],[-79.942606,40.394912],[-79.942064,40.394773],[-79.941361,40.394593],[-79.941241,40.394562],[-79.940912,40.394502],[-79.940445,40.394418],[-79.940037,40.394344],[-79.939875,40.394325],[-79.938762,40.394195],[-79.937959,40.3941],[-79.93667,40.393949],[-79.935604,40.393825],[-79.934971,40.39375],[-79.934725,40.393722],[-79.934677,40.393716],[-79.934395,40.393683],[-79.933968,40.393647],[-79.933774,40.39363],[-79.93363,40.393628],[-79.933097,40.393622],[-79.933011,40.393621],[-79.932604,40.393649],[-79.932239,40.393674],[-79.932181,40.393683],[-79.931918,40.393722],[-79.931912,40.393723],[-79.931734,40.39375],[-79.931655,40.393762],[-79.93135,40.393838],[-79.931265,40.393859],[-79.931212,40.393872],[-79.931186,40.393878],[-79.931181,40.393879],[-79.931163,40.393884],[-79.931065,40.393908],[-79.930875,40.393983],[-79.930345,40.394191],[-79.93029,40.394212],[-79.929953,40.394345],[-79.929942,40.394349],[-79.929889,40.39437],[-79.929712,40.39444],[-79.929677,40.394453],[-79.929655,40.394462],[-79.929441,40.394546],[-79.928809,40.394849],[-79.928028,40.395224],[-79.927988,40.395246],[-79.92727,40.395642],[-79.926876,40.395859],[-79.926692,40.395979],[-79.926284,40.396244],[-79.925794,40.396562],[-79.92573,40.396604],[-79.925309,40.396937],[-79.924759,40.39737],[-79.924571,40.397526],[-79.924003,40.398],[-79.922405,40.39933],[-79.919849,40.401459],[-79.919444,40.401796],[-79.919219,40.401983],[-79.918691,40.402423],[-79.917672,40.403272],[-79.916468,40.404275],[-79.915361,40.405196],[-79.915294,40.405252],[-79.91515,40.405388],[-79.914652,40.405857],[-79.914358,40.406134],[-79.914349,40.406142],[-79.914309,40.406176],[-79.913609,40.406762],[-79.912959,40.407308],[-79.912806,40.407436],[-79.912571,40.407614],[-79.912166,40.407921],[-79.912089,40.407979],[-79.912053,40.408],[-79.912025,40.408016],[-79.911749,40.408176],[-79.911503,40.408319],[-79.911119,40.408541],[-79.910848,40.408676],[-79.910419,40.40889],[-79.910026,40.409064],[-79.909581,40.40926],[-79.909498,40.40929],[-79.909072,40.409442],[-79.909021,40.409461],[-79.908854,40.40952],[-79.90831,40.409715],[-79.908084,40.409775],[-79.908037,40.409788],[-79.907983,40.409802],[-79.907872,40.409832],[-79.907471,40.409939],[-79.907314,40.40998],[-79.906906,40.410089],[-79.906755,40.410119],[-79.906163,40.410235],[-79.905666,40.410309],[-79.905367,40.410353],[-79.905095,40.410381],[-79.904547,40.410437],[-79.904515,40.410438],[-79.904185,40.410454],[-79.903906,40.410467],[-79.903573,40.410461],[-79.902903,40.410449],[-79.902088,40.410435],[-79.901632,40.410388],[-79.900841,40.410305],[-79.900673,40.410288],[-79.900039,40.410164],[-79.89994,40.410145],[-79.899841,40.410125],[-79.89945,40.410049],[-79.899259,40.409995],[-79.89825,40.409708],[-79.895708,40.408986],[-79.895284,40.408866],[-79.894095,40.408528],[-79.893685,40.408433],[-79.893119,40.408302],[-79.892942,40.408261],[-79.889942,40.407568],[-79.889179,40.407391],[-79.889104,40.407374],[-79.888851,40.407297],[-79.888569,40.407212],[-79.888329,40.407139],[-79.888058,40.407057],[-79.888047,40.407052],[-79.887736,40.406916],[-79.887536,40.406829],[-79.887362,40.40674],[-79.887313,40.406714],[-79.887177,40.406644],[-79.886795,40.406448],[-79.886641,40.406366],[-79.882739,40.404292],[-79.881801,40.403793],[-79.881067,40.403403],[-79.881013,40.403369],[-79.88022,40.402884],[-79.879599,40.402502],[-79.879312,40.402326],[-79.879303,40.402321],[-79.879136,40.402206],[-79.879032,40.402134],[-79.878828,40.401995],[-79.878592,40.401832],[-79.878392,40.401695],[-79.878388,40.401691],[-79.878259,40.401589],[-79.878245,40.401578],[-79.878051,40.401424],[-79.877632,40.401091],[-79.8775,40.400987],[-79.877385,40.400885],[-79.877244,40.40076]],"type":"LineString"},"id":"REF-HAZELWOOD-RAIL-115","properties":{"canon_status":"REAL_REFERENCE","fcode":20200,"fictionality":"REAL","globalid":"{1099D1B2-8928-4C11-A919-270BF8D2FFE7}","lengthkm":7.8208703900000005,"loaddate":1758113402000,"name":null,"objectid":1149779,"permanent_identifier":"95213f48-faa2-4c9f-b85f-fa7870e1284c","railclassification":null,"railowner":"Norfolk Southern Railway Company","railownercode":"NS","railsubdivision":"MON LINE (NS)","railusage":"M","real_world_relation":"REFERENCE_ONLY","shape_Length":10464.209497109734,"source_datadesc":"FRA Rail Lines 07/2025","source_datasetid":"{14EEFC21-039C-4AB1-8866-0FA5FC6A7AEB}","source_featureid":"421015","source_id":"REF-HAZELWOOD-RAIL","source_originator":"Federal Railroad Administration"},"type":"Feature"}],"type":"FeatureCollection"}
