{"features":[{"geometry":{"coordinates":[[-81.557363,38.310892],[-81.557492,38.310856]],"type":"LineString"},"id":"REF-KANAWHA-HIGHWAYS-1","properties":{"canon_status":"REAL_REFERENCE","county_route":null,"federal_lands_route":null,"fictionality":"REAL","globalid":"{3F96750F-CCE2-46B6-9A82-21045C510E91}","interstate":"64,77","interstate_a":"64,77","interstate_b":null,"interstate_c":null,"loaddate":1474001520000,"mtfcc_code":"S1100","name":"W Virginia Tpke","objectid":412842,"permanent_identifier":"8f13245c-ca47-43b9-8b62-20efdad3bc5a","real_world_relation":"REFERENCE_ONLY","shape_Length":15.241419841146618,"source_datadesc":"2016 January MAFTIGER","source_datasetid":"{9298FF95-0FA8-4712-9AA5-9292C907CA63}","source_featureid":"1101747021229","source_id":"REF-KANAWHA-HIGHWAYS","source_originator":"U.S. Department of Commerce, U.S. Census Bureau, Geography Division","state_route":null,"state_route_a":null,"state_route_b":null,"state_route_c":null,"stco_fipscode":"54039","tnmfrc":1,"us_route":null,"us_route_a":null,"us_route_b":null,"us_route_c":null},"type":"Feature"},{"geometry":{"coordinates":[[-81.568487,38.321753],[-81.568703,38.321894],[-81.56903,38.3221],[-81.569544,38.322469],[-81.570302,38.322994],[-81.571246,38.323664],[-81.572245,38.324351],[-81.572887,38.324815],[-81.574129,38.325678],[-81.574303,38.325789],[-81.575561,38.326617],[-81.576342,38.327108],[-81.577129,38.327557],[-81.57833,38.328275],[-81.578624,38.328476],[-81.578922,38.328693],[-81.579213,38.328939],[-81.579476,38.329179],[-81.580051,38.329753]],"type":"LineString"},"id":"REF-KANAWHA-HIGHWAYS-2","properties":{"canon_status":"REAL_REFERENCE","county_route":null,"federal_lands_route":null,"fictionality":"REAL","globalid":"{0CBEC227-1994-4E6C-A3CE-B1A249306EDD}","interstate":"64,77","interstate_a":"64,77","interstate_b":null,"interstate_c":null,"loaddate":1474003168000,"mtfcc_code":"S1100","name":"W Virginia Tpke","objectid":794742,"permanent_identifier":"461a1828-e54b-4fe6-8c27-5cb807d46a38","real_world_relation":"REFERENCE_ONLY","shape_Length":1719.9436621108898,"source_datadesc":"2016 January MAFTIGER","source_datasetid":"{9298FF95-0FA8-4712-9AA5-9292C907CA63}","source_featureid":"1101747021230","source_id":"REF-KANAWHA-HIGHWAYS","source_originator":"U.S. Department of Commerce, U.S. Census Bureau, Geography Division","state_route":null,"state_route_a":null,"state_route_b":null,"state_route_c":null,"stco_fipscode":"54039","tnmfrc":1,"us_route":"60","us_route_a":"60","us_route_b":null,"us_route_c":null},"type":"Feature"},{"geometry":{"coordinates":[[-81.631464,38.354983],[-81.631489,38.35503]],"type":"LineString"},"id":"REF-KANAWHA-HIGHWAYS-3","properties":{"canon_status":"REAL_REFERENCE","county_route":null,"federal_lands_route":null,"fictionality":"REAL","globalid":"{7BC8E2FB-5025-45D9-89F0-C32B22AB783A}","interstate":"64,77","interstate_a":"64,77","interstate_b":null,"interstate_c":null,"loaddate":1474001302000,"mtfcc_code":"S1100","name":"I- 77","objectid":1176305,"permanent_identifier":"607490e9-6ccf-47ca-8719-71680463563e","real_world_relation":"REFERENCE_ONLY","shape_Length":7.229023583851951,"source_datadesc":"2016 January MAFTIGER","source_datasetid":"{9298FF95-0FA8-4712-9AA5-9292C907CA63}","source_featureid":"1101747011780","source_id":"REF-KANAWHA-HIGHWAYS","source_originator":"U.S. Department of Commerce, U.S. Census Bureau, Geography Division","state_route":null,"state_route_a":null,"state_route_b":null,"state_route_c":null,"stco_fipscode":"54039","tnmfrc":1,"us_route":null,"us_route_a":null,"us_route_b":null,"us_route_c":null},"type":"Feature"},{"geometry":{"coordinates":[[-81.580051,38.329753],[-81.580328,38.330024],[-81.580392,38.330087],[-81.580609,38.33029],[-81.580912,38.330522],[-81.581206,38.330721],[-81.581635,38.330973],[-81.581989,38.33116],[-81.582342,38.331328],[-81.582953,38.331571],[-81.584453,38.332139],[-81.584606,38.332196],[-81.585452,38.332508],[-81.586303,38.332829]],"type":"LineString"},"id":"REF-KANAWHA-HIGHWAYS-4","properties":{"canon_status":"REAL_REFERENCE","county_route":null,"federal_lands_route":null,"fictionality":"REAL","globalid":"{707C5D77-46BC-4E70-9143-CC6C4E2FBAB1}","interstate":"64,77","interstate_a":"64,77","interstate_b":null,"interstate_c":null,"loaddate":1474003168000,"mtfcc_code":"S1100","name":"W Virginia Tpke","objectid":1303381,"permanent_identifier":"9ecee034-e4c4-4bbb-982e-fc90d5cdbfac","real_world_relation":"REFERENCE_ONLY","shape_Length":831.526173900188,"source_datadesc":"2016 January MAFTIGER","source_datasetid":"{9298FF95-0FA8-4712-9AA5-9292C907CA63}","source_featureid":"1101747021230","source_id":"REF-KANAWHA-HIGHWAYS","source_originator":"U.S. Department of Commerce, U.S. Census Bureau, Geography Division","state_route":null,"state_route_a":null,"state_route_b":null,"state_route_c":null,"stco_fipscode":"54039","tnmfrc":1,"us_route":null,"us_route_a":null,"us_route_b":null,"us_route_c":null},"type":"Feature"},{"geometry":{"coordinates":[[-81.604557,38.376028],[-81.603864,38.377024],[-81.603473,38.377549],[-81.603172,38.377973],[-81.602618,38.378788]],"type":"LineString"},"id":"REF-KANAWHA-HIGHWAYS-5","properties":{"canon_status":"REAL_REFERENCE","county_route":null,"federal_lands_route":null,"fictionality":"REAL","globalid":"{E82F4497-B85C-4763-ABE8-DB8EB29B7791}","interstate":"79","interstate_a":"79","interstate_b":null,"interstate_c":null,"loaddate":1474001302000,"mtfcc_code":"S1100","name":"I- 79","objectid":1557682,"permanent_identifier":"e16dee0e-ef57-4d7f-b524-9af7018ec4e9","real_world_relation":"REFERENCE_ONLY","shape_Length":447.34525682368457,"source_datadesc":"2016 January MAFTIGER","source_datasetid":"{9298FF95-0FA8-4712-9AA5-9292C907CA63}","source_featureid":"1104258509213","source_id":"REF-KANAWHA-HIGHWAYS","source_originator":"U.S. Department of Commerce, U.S. Census Bureau, Geography Division","state_route":null,"state_route_a":null,"state_route_b":null,"state_route_c":null,"stco_fipscode":"54039","tnmfrc":1,"us_route":null,"us_route_a":null,"us_route_b":null,"us_route_c":null},"type":"Feature"},{"geometry":{"coordinates":[[-81.587106,38.33299],[-81.586965,38.332942]],"type":"LineString"},"id":"REF-KANAWHA-HIGHWAYS-6","properties":{"canon_status":"REAL_REFERENCE","county_route":null,"federal_lands_route":null,"fictionality":"REAL","globalid":"{9AB64F87-1FB7-4400-81D5-397367A6D950}","interstate":"64,77","interstate_a":"64,77","interstate_b":null,"interstate_c":null,"loaddate":1474001520000,"mtfcc_code":"S1100","name":"W Virginia Tpke","objectid":1684839,"permanent_identifier":"20c35358-370c-42b1-b201-04ce66214a27","real_world_relation":"REFERENCE_ONLY","shape_Length":17.11041780868119,"source_datadesc":"2016 January MAFTIGER","source_datasetid":"{9298FF95-0FA8-4712-9AA5-9292C907CA63}","source_featureid":"1101747021229","source_id":"REF-KANAWHA-HIGHWAYS","source_originator":"U.S. Department of Commerce, U.S. Census Bureau, Geography Division","state_route":null,"state_route_a":null,"state_route_b":null,"state_route_c":null,"stco_fipscode":"54039","tnmfrc":1,"us_route":null,"us_route_a":null,"us_route_b":null,"us_route_c":null},"type":"Feature"},{"geometry":{"coordinates":[[-81.618457,38.349303],[-81.618275,38.349176],[-81.617817,38.348832],[-81.617447,38.348536],[-81.61709,38.348232],[-81.61673,38.347907],[-81.616361,38.347554],[-81.616005,38.347193],[-81.615596,38.346749],[-81.615233,38.346335]],"type":"LineString"},"id":"REF-KANAWHA-HIGHWAYS-7","properties":{"canon_status":"REAL_REFERENCE","county_route":null,"federal_lands_route":null,"fictionality":"REAL","globalid":"{32794C0B-4BA6-4D24-99C3-C02452997630}","interstate":"64,77","interstate_a":"64,77","interstate_b":null,"interstate_c":null,"loaddate":1474001302000,"mtfcc_code":"S1100","name":"I- 77","objectid":1684889,"permanent_identifier":"f34c88f6-ab92-4575-b216-e209f61e43f9","real_world_relation":"REFERENCE_ONLY","shape_Length":554.953785640376,"source_datadesc":"2016 January MAFTIGER","source_datasetid":"{9298FF95-0FA8-4712-9AA5-9292C907CA63}","source_featureid":"1101747011779","source_id":"REF-KANAWHA-HIGHWAYS","source_originator":"U.S. Department of Commerce, U.S. Census Bureau, Geography Division","state_route":null,"state_route_a":null,"state_route_b":null,"state_route_c":null,"stco_fipscode":"54039","tnmfrc":1,"us_route":null,"us_route_a":null,"us_route_b":null,"us_route_c":null},"type":"Feature"},{"geometry":{"coordinates":[[-81.560818,38.238366],[-81.560576,38.238247],[-81.560189,38.238043],[-81.559729,38.237786],[-81.559282,38.237518],[-81.558845,38.237236],[-81.5573,38.23622],[-81.556882,38.23595],[-81.556673,38.235816],[-81.556401,38.23565],[-81.556215,38.235537],[-81.55571,38.235248],[-81.555364,38.235062],[-81.554888,38.234816],[-81.553217,38.233999],[-81.552979,38.233874],[-81.55253,38.233626],[-81.55208,38.233358],[-81.551643,38.233077],[-81.551258,38.232813],[-81.550917,38.232563],[-81.550417,38.232175],[-81.550405,38.232165],[-81.545459,38.228265],[-81.544597,38.227601],[-81.543678,38.226915],[-81.54304,38.226449],[-81.542978,38.226404],[-81.542923,38.226364]],"type":"LineString"},"id":"REF-KANAWHA-HIGHWAYS-8","properties":{"canon_status":"REAL_REFERENCE","county_route":null,"federal_lands_route":null,"fictionality":"REAL","globalid":"{CF531B77-3543-4705-8E12-2EF30D3ED240}","interstate":"64,77","interstate_a":"64,77","interstate_b":null,"interstate_c":null,"loaddate":1474002730000,"mtfcc_code":"S1100","name":"W Virginia Tpke","objectid":2066816,"permanent_identifier":"2328d367-78fc-47f3-9333-a5cc0fb05dfc","real_world_relation":"REFERENCE_ONLY","shape_Length":2628.0054452837626,"source_datadesc":"2016 January MAFTIGER","source_datasetid":"{9298FF95-0FA8-4712-9AA5-9292C907CA63}","source_featureid":"1101747021229","source_id":"REF-KANAWHA-HIGHWAYS","source_originator":"U.S. Department of Commerce, U.S. Census Bureau, Geography Division","state_route":null,"state_route_a":null,"state_route_b":null,"state_route_c":null,"stco_fipscode":"54039","tnmfrc":1,"us_route":null,"us_route_a":null,"us_route_b":null,"us_route_c":null},"type":"Feature"},{"geometry":{"coordinates":[[-81.627807,38.361001],[-81.627391,38.361153]],"type":"LineString"},"id":"REF-KANAWHA-HIGHWAYS-9","properties":{"canon_status":"REAL_REFERENCE","county_route":null,"federal_lands_route":null,"fictionality":"REAL","globalid":"{D859FD42-20FA-4D14-9442-1FB027731916}","interstate":"77","interstate_a":"77","interstate_b":null,"interstate_c":null,"loaddate":1474001307000,"mtfcc_code":"S1100","name":"I- 77","objectid":2321087,"permanent_identifier":"15f7999a-aa75-4e2e-b5dc-99afe01f9567","real_world_relation":"REFERENCE_ONLY","shape_Length":51.08988248373536,"source_datadesc":"2016 January MAFTIGER","source_datasetid":"{9298FF95-0FA8-4712-9AA5-9292C907CA63}","source_featureid":"1101747011781","source_id":"REF-KANAWHA-HIGHWAYS","source_originator":"U.S. Department of Commerce, U.S. Census Bureau, Geography Division","state_route":null,"state_route_a":null,"state_route_b":null,"state_route_c":null,"stco_fipscode":"54039","tnmfrc":1,"us_route":null,"us_route_a":null,"us_route_b":null,"us_route_c":null},"type":"Feature"},{"geometry":{"coordinates":[[-81.609917,38.339591],[-81.610333,38.339928],[-81.610728,38.340318],[-81.611106,38.340718],[-81.61176,38.34147],[-81.612042,38.341872]],"type":"LineString"},"id":"REF-KANAWHA-HIGHWAYS-10","properties":{"canon_status":"REAL_REFERENCE","county_route":null,"federal_lands_route":null,"fictionality":"REAL","globalid":"{6E166781-899F-4A68-AF06-D5C5D9E54989}","interstate":"64,77","interstate_a":"64,77","interstate_b":null,"interstate_c":null,"loaddate":1474003168000,"mtfcc_code":"S1100","name":"W Virginia Tpke","objectid":2448312,"permanent_identifier":"574fc2fa-1e48-4209-b711-c8892e3de42f","real_world_relation":"REFERENCE_ONLY","shape_Length":402.24946942074644,"source_datadesc":"2016 January MAFTIGER","source_datasetid":"{9298FF95-0FA8-4712-9AA5-9292C907CA63}","source_featureid":"1101747021230","source_id":"REF-KANAWHA-HIGHWAYS","source_originator":"U.S. Department of Commerce, U.S. Census Bureau, Geography Division","state_route":null,"state_route_a":null,"state_route_b":null,"state_route_c":null,"stco_fipscode":"54039","tnmfrc":1,"us_route":null,"us_route_a":null,"us_route_b":null,"us_route_c":null},"type":"Feature"},{"geometry":{"coordinates":[[-81.632158,38.357794],[-81.632137,38.357669]],"type":"LineString"},"id":"REF-KANAWHA-HIGHWAYS-11","properties":{"canon_status":"REAL_REFERENCE","county_route":null,"federal_lands_route":null,"fictionality":"REAL","globalid":"{72644FCB-5524-4B66-9741-2E2C4B97D017}","interstate":"64,77","interstate_a":"64,77","interstate_b":null,"interstate_c":null,"loaddate":1474001307000,"mtfcc_code":"S1100","name":"I- 77","objectid":2448339,"permanent_identifier":"604d2867-4aa6-444c-83ef-99a4defb0abb","real_world_relation":"REFERENCE_ONLY","shape_Length":17.89851849609668,"source_datadesc":"2016 January MAFTIGER","source_datasetid":"{9298FF95-0FA8-4712-9AA5-9292C907CA63}","source_featureid":"1101747011779","source_id":"REF-KANAWHA-HIGHWAYS","source_originator":"U.S. Department of Commerce, U.S. Census Bureau, Geography Division","state_route":null,"state_route_a":null,"state_route_b":null,"state_route_c":null,"stco_fipscode":"54039","tnmfrc":1,"us_route":null,"us_route_a":null,"us_route_b":null,"us_route_c":null},"type":"Feature"},{"geometry":{"coordinates":[[-81.625289,38.352519],[-81.625215,38.352501],[-81.62464,38.352336],[-81.624071,38.352157],[-81.623582,38.351989],[-81.622996,38.351776],[-81.622517,38.351586],[-81.622151,38.351427],[-81.621953,38.35134],[-81.621493,38.351123],[-81.62104,38.350894],[-81.620598,38.350653],[-81.620081,38.350348],[-81.619798,38.350173],[-81.619688,38.350099]],"type":"LineString"},"id":"REF-KANAWHA-HIGHWAYS-12","properties":{"canon_status":"REAL_REFERENCE","county_route":null,"federal_lands_route":null,"fictionality":"REAL","globalid":"{7938CED3-98E8-415E-A9EC-78E090996B1C}","interstate":"64,77","interstate_a":"64,77","interstate_b":null,"interstate_c":null,"loaddate":1568217705000,"mtfcc_code":"S1100","name":"I- 77","objectid":2534604,"permanent_identifier":"ffd07b6e-1010-49b4-b11b-92697f33dcf1","real_world_relation":"REFERENCE_ONLY","shape_Length":715.9095538209075,"source_datadesc":"2018 May MAF/TIGER","source_datasetid":"{9298FF95-0FA8-4712-9AA5-9292C907CA63}","source_featureid":"1101747011779","source_id":"REF-KANAWHA-HIGHWAYS","source_originator":"U.S. Department of Commerce, U.S. Census Bureau, Geography Division","state_route":null,"state_route_a":null,"state_route_b":null,"state_route_c":null,"stco_fipscode":"54039","tnmfrc":1,"us_route":null,"us_route_a":null,"us_route_b":null,"us_route_c":null},"type":"Feature"},{"geometry":{"coordinates":[[-81.645871,38.356752],[-81.645439,38.356976],[-81.645125,38.357131]],"type":"LineString"},"id":"REF-KANAWHA-HIGHWAYS-13","properties":{"canon_status":"REAL_REFERENCE","county_route":null,"federal_lands_route":null,"fictionality":"REAL","globalid":"{DE28527B-A2AB-43E9-9C72-7DD791930982}","interstate":"64","interstate_a":"64","interstate_b":null,"interstate_c":null,"loaddate":1568217705000,"mtfcc_code":"S1100","name":"I- 64","objectid":2789579,"permanent_identifier":"984fc339-2200-4420-900c-c5b4a3162515","real_world_relation":"REFERENCE_ONLY","shape_Length":98.95606583724646,"source_datadesc":"2016 January MAFTIGER","source_datasetid":"{9298FF95-0FA8-4712-9AA5-9292C907CA63}","source_featureid":"1101747011767","source_id":"REF-KANAWHA-HIGHWAYS","source_originator":"U.S. Department of Commerce, U.S. Census Bureau, Geography Division","state_route":null,"state_route_a":null,"state_route_b":null,"state_route_c":null,"stco_fipscode":"54039","tnmfrc":1,"us_route":null,"us_route_a":null,"us_route_b":null,"us_route_c":null},"type":"Feature"},{"geometry":{"coordinates":[[-81.630703,38.359783],[-81.630543,38.359888],[-81.630478,38.359924],[-81.630333,38.360005],[-81.630191,38.360074]],"type":"LineString"},"id":"REF-KANAWHA-HIGHWAYS-14","properties":{"canon_status":"REAL_REFERENCE","county_route":null,"federal_lands_route":null,"fictionality":"REAL","globalid":"{41240560-B8D6-443A-9947-CB2797982F85}","interstate":"77","interstate_a":"77","interstate_b":null,"interstate_c":null,"loaddate":1474001316000,"mtfcc_code":"S1100","name":"I- 77","objectid":3339558,"permanent_identifier":"123c5265-e6f4-4700-8931-720a24040fd5","real_world_relation":"REFERENCE_ONLY","shape_Length":70.49949228254377,"source_datadesc":"2016 January MAFTIGER","source_datasetid":"{9298FF95-0FA8-4712-9AA5-9292C907CA63}","source_featureid":"1101747011781","source_id":"REF-KANAWHA-HIGHWAYS","source_originator":"U.S. Department of Commerce, U.S. Census Bureau, Geography Division","state_route":null,"state_route_a":null,"state_route_b":null,"state_route_c":null,"stco_fipscode":"54039","tnmfrc":1,"us_route":null,"us_route_a":null,"us_route_b":null,"us_route_c":null},"type":"Feature"},{"geometry":{"coordinates":[[-81.635914,38.360468],[-81.63583,38.360466],[-81.635493,38.360465],[-81.635111,38.360467],[-81.634609,38.360448],[-81.634364,38.360429],[-81.634075,38.360387],[-81.633837,38.360337],[-81.633634,38.360279],[-81.633489,38.360226]],"type":"LineString"},"id":"REF-KANAWHA-HIGHWAYS-15","properties":{"canon_status":"REAL_REFERENCE","county_route":null,"federal_lands_route":null,"fictionality":"REAL","globalid":"{85789BE1-9D92-477B-BAC6-F9D256F2B5CC}","interstate":"64","interstate_a":"64","interstate_b":null,"interstate_c":null,"loaddate":1474001302000,"mtfcc_code":"S1100","name":"I- 64","objectid":3339563,"permanent_identifier":"d03cc04d-e6d0-419a-b07d-cc1edf41602a","real_world_relation":"REFERENCE_ONLY","shape_Length":274.75681765023444,"source_datadesc":"2016 January MAFTIGER","source_datasetid":"{9298FF95-0FA8-4712-9AA5-9292C907CA63}","source_featureid":"1101747011767","source_id":"REF-KANAWHA-HIGHWAYS","source_originator":"U.S. Department of Commerce, U.S. Census Bureau, Geography Division","state_route":null,"state_route_a":null,"state_route_b":null,"state_route_c":null,"stco_fipscode":"54039","tnmfrc":1,"us_route":null,"us_route_a":null,"us_route_b":null,"us_route_c":null},"type":"Feature"},{"geometry":{"coordinates":[[-81.631507,38.359824],[-81.631434,38.359887],[-81.631357,38.359948],[-81.631251,38.360024]],"type":"LineString"},"id":"REF-KANAWHA-HIGHWAYS-16","properties":{"canon_status":"REAL_REFERENCE","county_route":null,"federal_lands_route":null,"fictionality":"REAL","globalid":"{CCA8C6BA-7877-4E87-8018-D36B4CEE86CF}","interstate":"77","interstate_a":"77","interstate_b":null,"interstate_c":null,"loaddate":1474001316000,"mtfcc_code":"S1100","name":"I- 77","objectid":3466428,"permanent_identifier":"c9e6badf-b2be-4c0a-8fea-106137e6ad2e","real_world_relation":"REFERENCE_ONLY","shape_Length":40.257979936231244,"source_datadesc":"2016 January MAFTIGER","source_datasetid":"{9298FF95-0FA8-4712-9AA5-9292C907CA63}","source_featureid":"1101747011782","source_id":"REF-KANAWHA-HIGHWAYS","source_originator":"U.S. Department of Commerce, U.S. Census Bureau, Geography Division","state_route":null,"state_route_a":null,"state_route_b":null,"state_route_c":null,"stco_fipscode":"54039","tnmfrc":1,"us_route":null,"us_route_a":null,"us_route_b":null,"us_route_c":null},"type":"Feature"},{"geometry":{"coordinates":[[-81.623576,38.362428],[-81.623509,38.362444],[-81.623149,38.362531]],"type":"LineString"},"id":"REF-KANAWHA-HIGHWAYS-17","properties":{"canon_status":"REAL_REFERENCE","county_route":null,"federal_lands_route":null,"fictionality":"REAL","globalid":"{FAC73550-48BA-47FC-8E71-869AEFB56406}","interstate":"77","interstate_a":"77","interstate_b":null,"interstate_c":null,"loaddate":1474001302000,"mtfcc_code":"S1100","name":"I- 77","objectid":3721410,"permanent_identifier":"01090065-8f9c-417a-adf7-6c4ca0fe561f","real_world_relation":"REFERENCE_ONLY","shape_Length":49.73190917410806,"source_datadesc":"2016 January MAFTIGER","source_datasetid":"{9298FF95-0FA8-4712-9AA5-9292C907CA63}","source_featureid":"1101747011782","source_id":"REF-KANAWHA-HIGHWAYS","source_originator":"U.S. Department of Commerce, U.S. Census Bureau, Geography Division","state_route":null,"state_route_a":null,"state_route_b":null,"state_route_c":null,"stco_fipscode":"54039","tnmfrc":1,"us_route":null,"us_route_a":null,"us_route_b":null,"us_route_c":null},"type":"Feature"},{"geometry":{"coordinates":[[-81.615142,38.346442],[-81.614816,38.346065],[-81.614448,38.345616]],"type":"LineString"},"id":"REF-KANAWHA-HIGHWAYS-18","properties":{"canon_status":"REAL_REFERENCE","county_route":null,"federal_lands_route":null,"fictionality":"REAL","globalid":"{8EB15543-C2A6-499D-8A6F-EEEFBA7EA5CC}","interstate":"64,77","interstate_a":"64,77","interstate_b":null,"interstate_c":null,"loaddate":1474001302000,"mtfcc_code":"S1100","name":"I- 64","objectid":3848715,"permanent_identifier":"8edb0f39-864c-41e8-a832-e0998ea0b130","real_world_relation":"REFERENCE_ONLY","shape_Length":140.41710176936445,"source_datadesc":"2016 January MAFTIGER","source_datasetid":"{9298FF95-0FA8-4712-9AA5-9292C907CA63}","source_featureid":"1101747011767","source_id":"REF-KANAWHA-HIGHWAYS","source_originator":"U.S. Department of Commerce, U.S. Census Bureau, Geography Division","state_route":null,"state_route_a":null,"state_route_b":null,"state_route_c":null,"stco_fipscode":"54039","tnmfrc":1,"us_route":null,"us_route_a":null,"us_route_b":null,"us_route_c":null},"type":"Feature"},{"geometry":{"coordinates":[[-81.495967,38.192694],[-81.495997,38.192677],[-81.496141,38.192678],[-81.496286,38.192672],[-81.497138,38.192673],[-81.497975,38.192682],[-81.498308,38.192696],[-81.498521,38.192713],[-81.498625,38.192722],[-81.499051,38.192775],[-81.499389,38.192835],[-81.499784,38.192926],[-81.49995,38.192977]],"type":"LineString"},"id":"REF-KANAWHA-HIGHWAYS-19","properties":{"canon_status":"REAL_REFERENCE","county_route":null,"federal_lands_route":null,"fictionality":"REAL","globalid":"{B827E7AE-2246-415E-BBDD-9ED0620FEACD}","interstate":"64,77","interstate_a":"64,77","interstate_b":null,"interstate_c":null,"loaddate":1474003165000,"mtfcc_code":"S1100","name":"W Virginia Tpke","objectid":3848724,"permanent_identifier":"f9e97c03-b2e3-4770-b939-271b1ac35579","real_world_relation":"REFERENCE_ONLY","shape_Length":449.19015660317643,"source_datadesc":"2016 January MAFTIGER","source_datasetid":"{9298FF95-0FA8-4712-9AA5-9292C907CA63}","source_featureid":"1101747021230","source_id":"REF-KANAWHA-HIGHWAYS","source_originator":"U.S. Department of Commerce, U.S. Census Bureau, Geography Division","state_route":null,"state_route_a":null,"state_route_b":null,"state_route_c":null,"stco_fipscode":"54039","tnmfrc":1,"us_route":null,"us_route_a":null,"us_route_b":null,"us_route_c":null},"type":"Feature"},{"geometry":{"coordinates":[[-81.565252,38.240518],[-81.564815,38.240259],[-81.564621,38.240144],[-81.564391,38.240008],[-81.564226,38.239911],[-81.563887,38.239736],[-81.563281,38.239445],[-81.562911,38.239281],[-81.561886,38.238844],[-81.561142,38.23852],[-81.560989,38.238447],[-81.560818,38.238366]],"type":"LineString"},"id":"REF-KANAWHA-HIGHWAYS-20","properties":{"canon_status":"REAL_REFERENCE","county_route":null,"federal_lands_route":null,"fictionality":"REAL","globalid":"{2F0AAA83-3A95-46B5-9B77-DAA719DB80A7}","interstate":"64,77","interstate_a":"64,77","interstate_b":null,"interstate_c":null,"loaddate":1474002730000,"mtfcc_code":"S1100","name":"W Virginia Tpke","objectid":4103353,"permanent_identifier":"71d0b89f-6146-4b94-bf24-e4a11dac4ebb","real_world_relation":"REFERENCE_ONLY","shape_Length":581.1977026280792,"source_datadesc":"2016 January MAFTIGER","source_datasetid":"{9298FF95-0FA8-4712-9AA5-9292C907CA63}","source_featureid":"1101747021229","source_id":"REF-KANAWHA-HIGHWAYS","source_originator":"U.S. Department of Commerce, U.S. Census Bureau, Geography Division","state_route":null,"state_route_a":null,"state_route_b":null,"state_route_c":null,"stco_fipscode":"54039","tnmfrc":1,"us_route":null,"us_route_a":null,"us_route_b":null,"us_route_c":null},"type":"Feature"},{"geometry":{"coordinates":[[-81.606324,38.376991],[-81.606439,38.377259],[-81.606567,38.377511],[-81.606663,38.377675],[-81.606915,38.378057],[-81.607189,38.37843],[-81.60733,38.378604],[-81.607566,38.378861],[-81.607816,38.379109],[-81.608104,38.379368],[-81.608307,38.37953],[-81.608522,38.379682],[-81.608748,38.379823],[-81.608842,38.379876],[-81.609294,38.380184],[-81.609991,38.380647],[-81.610654,38.38105]],"type":"LineString"},"id":"REF-KANAWHA-HIGHWAYS-21","properties":{"canon_status":"REAL_REFERENCE","county_route":null,"federal_lands_route":null,"fictionality":"REAL","globalid":"{BAF67640-C468-48E7-A3BE-3AAB3F001B0D}","interstate":"77","interstate_a":"77","interstate_b":null,"interstate_c":null,"loaddate":1568217705000,"mtfcc_code":"S1100","name":"I- 77","objectid":4189974,"permanent_identifier":"d1039c49-3c78-4908-88e2-976c42f0f084","real_world_relation":"REFERENCE_ONLY","shape_Length":765.6715295791324,"source_datadesc":"2016 January MAFTIGER","source_datasetid":"{9298FF95-0FA8-4712-9AA5-9292C907CA63}","source_featureid":"1101747011781","source_id":"REF-KANAWHA-HIGHWAYS","source_originator":"U.S. Department of Commerce, U.S. Census Bureau, Geography Division","state_route":null,"state_route_a":null,"state_route_b":null,"state_route_c":null,"stco_fipscode":"54039","tnmfrc":1,"us_route":null,"us_route_a":null,"us_route_b":null,"us_route_c":null},"type":"Feature"},{"geometry":{"coordinates":[[-81.557006,38.31739],[-81.55667,38.317386]],"type":"LineString"},"id":"REF-KANAWHA-HIGHWAYS-22","properties":{"canon_status":"REAL_REFERENCE","county_route":null,"federal_lands_route":null,"fictionality":"REAL","globalid":"{9956279B-27C3-4822-9B1E-C3DB4FDE9AE3}","interstate":"64,77","interstate_a":"64,77","interstate_b":null,"interstate_c":null,"loaddate":1474001520000,"mtfcc_code":"S1100","name":"W Virginia Tpke","objectid":4230647,"permanent_identifier":"fb8a955a-adc8-4c38-836e-ae4ba2ae3d3f","real_world_relation":"REFERENCE_ONLY","shape_Length":37.40760493762698,"source_datadesc":"2016 January MAFTIGER","source_datasetid":"{9298FF95-0FA8-4712-9AA5-9292C907CA63}","source_featureid":"1101747021229","source_id":"REF-KANAWHA-HIGHWAYS","source_originator":"U.S. Department of Commerce, U.S. Census Bureau, Geography Division","state_route":null,"state_route_a":null,"state_route_b":null,"state_route_c":null,"stco_fipscode":"54039","tnmfrc":1,"us_route":null,"us_route_a":null,"us_route_b":null,"us_route_c":null},"type":"Feature"},{"geometry":{"coordinates":[[-81.503811,38.195045],[-81.502495,38.194094],[-81.50207,38.1938],[-81.501848,38.193659],[-81.501659,38.193549],[-81.501395,38.193407],[-81.501152,38.193289],[-81.500777,38.193129],[-81.500597,38.19306]],"type":"LineString"},"id":"REF-KANAWHA-HIGHWAYS-23","properties":{"canon_status":"REAL_REFERENCE","county_route":null,"federal_lands_route":null,"fictionality":"REAL","globalid":"{ADE4503E-CE59-446B-8B15-297B38EFDAB2}","interstate":"64,77","interstate_a":"64,77","interstate_b":null,"interstate_c":null,"loaddate":1568217705000,"mtfcc_code":"S1100","name":"W Virginia Tpke","objectid":4445387,"permanent_identifier":"991eedd9-b915-400d-8822-526b27e542d0","real_world_relation":"REFERENCE_ONLY","shape_Length":457.19715109337716,"source_datadesc":"2018 May MAF/TIGER","source_datasetid":"{9298FF95-0FA8-4712-9AA5-9292C907CA63}","source_featureid":"1101747021229","source_id":"REF-KANAWHA-HIGHWAYS","source_originator":"U.S. Department of Commerce, U.S. Census Bureau, Geography Division","state_route":null,"state_route_a":null,"state_route_b":null,"state_route_c":null,"stco_fipscode":"54039","tnmfrc":1,"us_route":null,"us_route_a":null,"us_route_b":null,"us_route_c":null},"type":"Feature"},{"geometry":{"coordinates":[[-81.561226,38.317493],[-81.56116,38.317484],[-81.561045,38.317468]],"type":"LineString"},"id":"REF-KANAWHA-HIGHWAYS-24","properties":{"canon_status":"REAL_REFERENCE","county_route":null,"federal_lands_route":null,"fictionality":"REAL","globalid":"{E7D603A7-7770-4561-8853-3225181B436F}","interstate":"64,77","interstate_a":"64,77","interstate_b":null,"interstate_c":null,"loaddate":1474001520000,"mtfcc_code":"S1100","name":"W Virginia Tpke","objectid":4613257,"permanent_identifier":"1c41b8e3-5c91-41b0-b180-61192b4a7d23","real_world_relation":"REFERENCE_ONLY","shape_Length":20.45867026672977,"source_datadesc":"2016 January MAFTIGER","source_datasetid":"{9298FF95-0FA8-4712-9AA5-9292C907CA63}","source_featureid":"1101747021229","source_id":"REF-KANAWHA-HIGHWAYS","source_originator":"U.S. Department of Commerce, U.S. Census Bureau, Geography Division","state_route":null,"state_route_a":null,"state_route_b":null,"state_route_c":null,"stco_fipscode":"54039","tnmfrc":1,"us_route":null,"us_route_a":null,"us_route_b":null,"us_route_c":null},"type":"Feature"},{"geometry":{"coordinates":[[-81.644095,38.357647],[-81.643046,38.358155],[-81.642843,38.358254],[-81.642599,38.358368],[-81.642086,38.358636],[-81.641669,38.358842],[-81.641381,38.358982]],"type":"LineString"},"id":"REF-KANAWHA-HIGHWAYS-25","properties":{"canon_status":"REAL_REFERENCE","county_route":null,"federal_lands_route":null,"fictionality":"REAL","globalid":"{4FDD3BED-2B11-4340-923B-FC0B727FEA42}","interstate":"64","interstate_a":"64","interstate_b":null,"interstate_c":null,"loaddate":1568217705000,"mtfcc_code":"S1100","name":"I- 64","objectid":4828285,"permanent_identifier":"b73d549b-d39f-4b7a-9012-921d3abc5acd","real_world_relation":"REFERENCE_ONLY","shape_Length":356.6827598549947,"source_datadesc":"2016 January MAFTIGER","source_datasetid":"{9298FF95-0FA8-4712-9AA5-9292C907CA63}","source_featureid":"1101747011767","source_id":"REF-KANAWHA-HIGHWAYS","source_originator":"U.S. Department of Commerce, U.S. Census Bureau, Geography Division","state_route":null,"state_route_a":null,"state_route_b":null,"state_route_c":null,"stco_fipscode":"54039","tnmfrc":1,"us_route":null,"us_route_a":null,"us_route_b":null,"us_route_c":null},"type":"Feature"},{"geometry":{"coordinates":[[-81.681404,38.364934],[-81.680389,38.364855],[-81.679465,38.364739],[-81.678727,38.364636],[-81.678095,38.364515],[-81.677596,38.364409],[-81.677222,38.364323],[-81.675827,38.363953],[-81.674288,38.363523],[-81.672917,38.363152],[-81.671242,38.362687],[-81.671002,38.362617],[-81.670934,38.362597],[-81.669726,38.362256],[-81.669301,38.362148],[-81.668765,38.36199],[-81.66815,38.361797],[-81.667659,38.361624],[-81.667179,38.361432],[-81.666889,38.361304],[-81.666362,38.361057],[-81.665971,38.360865],[-81.664681,38.360202],[-81.664201,38.359961],[-81.663073,38.359361],[-81.662431,38.359033],[-81.662118,38.358884],[-81.661569,38.358643],[-81.66118,38.358487],[-81.660784,38.358343],[-81.660046,38.358084],[-81.659609,38.357939],[-81.659005,38.357731]],"type":"LineString"},"id":"REF-KANAWHA-HIGHWAYS-26","properties":{"canon_status":"REAL_REFERENCE","county_route":null,"federal_lands_route":null,"fictionality":"REAL","globalid":"{5A35E9A5-7A25-4FD0-83C9-270F82D5516A}","interstate":"64","interstate_a":"64","interstate_b":null,"interstate_c":null,"loaddate":1568217705000,"mtfcc_code":"S1100","name":"I- 64","objectid":4828346,"permanent_identifier":"2a9a6df1-614c-4d20-b28e-354a8e4cc863","real_world_relation":"REFERENCE_ONLY","shape_Length":2719.4426565746535,"source_datadesc":"2016 January MAFTIGER","source_datasetid":"{9298FF95-0FA8-4712-9AA5-9292C907CA63}","source_featureid":"1101747011767","source_id":"REF-KANAWHA-HIGHWAYS","source_originator":"U.S. Department of Commerce, U.S. Census Bureau, Geography Division","state_route":null,"state_route_a":null,"state_route_b":null,"state_route_c":null,"stco_fipscode":"54039","tnmfrc":1,"us_route":null,"us_route_a":null,"us_route_b":null,"us_route_c":null},"type":"Feature"},{"geometry":{"coordinates":[[-81.58036,38.329892],[-81.579921,38.329444]],"type":"LineString"},"id":"REF-KANAWHA-HIGHWAYS-27","properties":{"canon_status":"REAL_REFERENCE","county_route":null,"federal_lands_route":null,"fictionality":"REAL","globalid":"{03016536-2291-4427-BAEC-57AE02143B48}","interstate":"64,77","interstate_a":"64,77","interstate_b":null,"interstate_c":null,"loaddate":1474001520000,"mtfcc_code":"S1100","name":"W Virginia Tpke","objectid":5125013,"permanent_identifier":"b58e850d-fc42-43dc-b5d7-e9c66e233414","real_world_relation":"REFERENCE_ONLY","shape_Length":80.18657860122549,"source_datadesc":"2016 January MAFTIGER","source_datasetid":"{9298FF95-0FA8-4712-9AA5-9292C907CA63}","source_featureid":"1101747021229","source_id":"REF-KANAWHA-HIGHWAYS","source_originator":"U.S. Department of Commerce, U.S. Census Bureau, Geography Division","state_route":null,"state_route_a":null,"state_route_b":null,"state_route_c":null,"stco_fipscode":"54039","tnmfrc":1,"us_route":"60","us_route_a":"60","us_route_b":null,"us_route_c":null},"type":"Feature"},{"geometry":{"coordinates":[[-81.526373,38.211971],[-81.526468,38.212039],[-81.52663,38.212156],[-81.526666,38.212185],[-81.526942,38.212402],[-81.527182,38.212605],[-81.527235,38.212654],[-81.527305,38.212717],[-81.527375,38.212782],[-81.52747,38.212868],[-81.527697,38.213093],[-81.528151,38.213586],[-81.528535,38.214028],[-81.529004,38.214564],[-81.529406,38.215033],[-81.529717,38.215375],[-81.530046,38.215717],[-81.530313,38.215982],[-81.530671,38.216319],[-81.531127,38.216724],[-81.532617,38.218015],[-81.535305,38.220345],[-81.538103,38.22277],[-81.538839,38.223405],[-81.539683,38.224102],[-81.540279,38.224565],[-81.54087,38.225009],[-81.54282,38.226435]],"type":"LineString"},"id":"REF-KANAWHA-HIGHWAYS-28","properties":{"canon_status":"REAL_REFERENCE","county_route":null,"federal_lands_route":null,"fictionality":"REAL","globalid":"{69DA3272-799B-4896-9DC7-254BD1C8E1B3}","interstate":"64,77","interstate_a":"64,77","interstate_b":null,"interstate_c":null,"loaddate":1474003165000,"mtfcc_code":"S1100","name":"W Virginia Tpke","objectid":5125032,"permanent_identifier":"e21582a0-e751-4438-be81-a087d7271eb9","real_world_relation":"REFERENCE_ONLY","shape_Length":2753.55942708127,"source_datadesc":"2016 January MAFTIGER","source_datasetid":"{9298FF95-0FA8-4712-9AA5-9292C907CA63}","source_featureid":"1101747021230","source_id":"REF-KANAWHA-HIGHWAYS","source_originator":"U.S. Department of Commerce, U.S. Census Bureau, Geography Division","state_route":null,"state_route_a":null,"state_route_b":null,"state_route_c":null,"stco_fipscode":"54039","tnmfrc":1,"us_route":null,"us_route_a":null,"us_route_b":null,"us_route_c":null},"type":"Feature"},{"geometry":{"coordinates":[[-81.553436,38.315801],[-81.553308,38.315619]],"type":"LineString"},"id":"REF-KANAWHA-HIGHWAYS-29","properties":{"canon_status":"REAL_REFERENCE","county_route":null,"federal_lands_route":null,"fictionality":"REAL","globalid":"{94884FA0-F457-4A69-A211-29581F88C8BA}","interstate":"64,77","interstate_a":"64,77","interstate_b":null,"interstate_c":null,"loaddate":1474001520000,"mtfcc_code":"S1100","name":"W Virginia Tpke","objectid":5125425,"permanent_identifier":"df3f717c-44a9-4098-ae3f-6fcf3431fdcb","real_world_relation":"REFERENCE_ONLY","shape_Length":29.49248777316187,"source_datadesc":"2016 January MAFTIGER","source_datasetid":"{9298FF95-0FA8-4712-9AA5-9292C907CA63}","source_featureid":"1101747021229","source_id":"REF-KANAWHA-HIGHWAYS","source_originator":"U.S. Department of Commerce, U.S. Census Bureau, Geography Division","state_route":null,"state_route_a":null,"state_route_b":null,"state_route_c":null,"stco_fipscode":"54039","tnmfrc":1,"us_route":null,"us_route_a":null,"us_route_b":null,"us_route_c":null},"type":"Feature"},{"geometry":{"coordinates":[[-81.627758,38.361315],[-81.627656,38.361348]],"type":"LineString"},"id":"REF-KANAWHA-HIGHWAYS-30","properties":{"canon_status":"REAL_REFERENCE","county_route":null,"federal_lands_route":null,"fictionality":"REAL","globalid":"{957AD25C-9FFD-4B3A-A171-234BC99C70A2}","interstate":"77","interstate_a":"77","interstate_b":null,"interstate_c":null,"loaddate":1568217705000,"mtfcc_code":"S1100","name":"I- 77","objectid":5212116,"permanent_identifier":"29a0be31-7dd8-4a4d-8149-33d27d5d9624","real_world_relation":"REFERENCE_ONLY","shape_Length":12.418250640944846,"source_datadesc":"2018 May MAF/TIGER","source_datasetid":"{9298FF95-0FA8-4712-9AA5-9292C907CA63}","source_featureid":"1101747011782","source_id":"REF-KANAWHA-HIGHWAYS","source_originator":"U.S. Department of Commerce, U.S. Census Bureau, Geography Division","state_route":null,"state_route_a":null,"state_route_b":null,"state_route_c":null,"stco_fipscode":"54039","tnmfrc":1,"us_route":null,"us_route_a":null,"us_route_b":null,"us_route_c":null},"type":"Feature"},{"geometry":{"coordinates":[[-81.597201,38.335134],[-81.597126,38.335113],[-81.596752,38.335024],[-81.596458,38.334943],[-81.596293,38.334891]],"type":"LineString"},"id":"REF-KANAWHA-HIGHWAYS-31","properties":{"canon_status":"REAL_REFERENCE","county_route":null,"federal_lands_route":null,"fictionality":"REAL","globalid":"{9370DD8E-88C2-4BF9-B1CF-B05DBE690EB5}","interstate":"64,77","interstate_a":"64,77","interstate_b":null,"interstate_c":null,"loaddate":1474002730000,"mtfcc_code":"S1100","name":"W Virginia Tpke","objectid":5636001,"permanent_identifier":"41e459f0-323b-483c-ba38-20682ef3a113","real_world_relation":"REFERENCE_ONLY","shape_Length":106.8549466199154,"source_datadesc":"2016 January MAFTIGER","source_datasetid":"{9298FF95-0FA8-4712-9AA5-9292C907CA63}","source_featureid":"1101747021229","source_id":"REF-KANAWHA-HIGHWAYS","source_originator":"U.S. Department of Commerce, U.S. Census Bureau, Geography Division","state_route":null,"state_route_a":null,"state_route_b":null,"state_route_c":null,"stco_fipscode":"54039","tnmfrc":1,"us_route":null,"us_route_a":null,"us_route_b":null,"us_route_c":null},"type":"Feature"},{"geometry":{"coordinates":[[-81.568634,38.32165],[-81.56841,38.321495]],"type":"LineString"},"id":"REF-KANAWHA-HIGHWAYS-32","properties":{"canon_status":"REAL_REFERENCE","county_route":null,"federal_lands_route":null,"fictionality":"REAL","globalid":"{7F3EC47D-5DBE-44A7-BC97-82FF0B9ADF73}","interstate":"64,77","interstate_a":"64,77","interstate_b":null,"interstate_c":null,"loaddate":1474001520000,"mtfcc_code":"S1100","name":"W Virginia Tpke","objectid":5636102,"permanent_identifier":"03db6189-55fd-4e93-ab0b-741945a4071b","real_world_relation":"REFERENCE_ONLY","shape_Length":33.2487683188923,"source_datadesc":"2016 January MAFTIGER","source_datasetid":"{9298FF95-0FA8-4712-9AA5-9292C907CA63}","source_featureid":"1101747021229","source_id":"REF-KANAWHA-HIGHWAYS","source_originator":"U.S. Department of Commerce, U.S. Census Bureau, Geography Division","state_route":null,"state_route_a":null,"state_route_b":null,"state_route_c":null,"stco_fipscode":"54039","tnmfrc":1,"us_route":"60","us_route_a":"60","us_route_b":null,"us_route_c":null},"type":"Feature"},{"geometry":{"coordinates":[[-81.56673,38.305966],[-81.566723,38.305842],[-81.566706,38.305691],[-81.566697,38.305635],[-81.566553,38.304944],[-81.566394,38.304179],[-81.566285,38.303758],[-81.566089,38.302748],[-81.566017,38.302291],[-81.565965,38.301853],[-81.565926,38.301305],[-81.565906,38.30074],[-81.565904,38.300092],[-81.565892,38.299455],[-81.56589,38.299415],[-81.565871,38.299076],[-81.56584,38.298776],[-81.565798,38.298514],[-81.565782,38.29841],[-81.565708,38.298046],[-81.565644,38.297808]],"type":"LineString"},"id":"REF-KANAWHA-HIGHWAYS-33","properties":{"canon_status":"REAL_REFERENCE","county_route":null,"federal_lands_route":null,"fictionality":"REAL","globalid":"{922D8B25-BEAE-4A7A-9B6D-B83043FA92BE}","interstate":"64,77","interstate_a":"64,77","interstate_b":null,"interstate_c":null,"loaddate":1568217705000,"mtfcc_code":"S1100","name":"W Virginia Tpke","objectid":5850518,"permanent_identifier":"1f8a8925-769c-4c38-a299-2279bc8c7422","real_world_relation":"REFERENCE_ONLY","shape_Length":1165.9155997531147,"source_datadesc":"2016 January MAFTIGER","source_datasetid":"{9298FF95-0FA8-4712-9AA5-9292C907CA63}","source_featureid":"1101747021229","source_id":"REF-KANAWHA-HIGHWAYS","source_originator":"U.S. Department of Commerce, U.S. Census Bureau, Geography Division","state_route":null,"state_route_a":null,"state_route_b":null,"state_route_c":null,"stco_fipscode":"54039","tnmfrc":1,"us_route":null,"us_route_a":null,"us_route_b":null,"us_route_c":null},"type":"Feature"},{"geometry":{"coordinates":[[-81.465652,38.180759],[-81.465769,38.181044],[-81.46584,38.181286],[-81.465908,38.181603],[-81.46596,38.181936],[-81.466095,38.182956],[-81.46613,38.183167],[-81.466177,38.183381],[-81.466232,38.183578],[-81.466304,38.183771],[-81.466346,38.183867],[-81.466491,38.184137],[-81.466679,38.184404],[-81.466804,38.18455],[-81.466971,38.184723],[-81.467114,38.184852],[-81.467258,38.18497],[-81.467272,38.184981],[-81.467466,38.185116],[-81.467678,38.18525],[-81.467947,38.18539],[-81.468021,38.185425],[-81.468258,38.185524],[-81.468441,38.185583],[-81.468737,38.185662],[-81.468981,38.185715],[-81.469354,38.185769],[-81.469554,38.185784],[-81.469708,38.185791],[-81.469951,38.18579],[-81.470261,38.185773],[-81.470528,38.185744],[-81.470805,38.185709],[-81.471444,38.185613],[-81.472391,38.185503],[-81.47256,38.185495],[-81.472697,38.185494],[-81.472915,38.185502],[-81.47309,38.185518],[-81.473266,38.18555],[-81.47362,38.185634],[-81.47387,38.185711],[-81.473972,38.185746],[-81.474228,38.185856],[-81.474503,38.185989],[-81.474714,38.186091],[-81.474919,38.186183],[-81.475152,38.186301],[-81.47526,38.186361],[-81.475539,38.186493],[-81.475705,38.186588],[-81.475938,38.186744],[-81.476138,38.186896],[-81.476254,38.187002],[-81.476386,38.187144],[-81.476547,38.187341],[-81.476633,38.18747],[-81.476745,38.187688],[-81.476842,38.18793],[-81.476908,38.188142],[-81.476958,38.188357],[-81.476986,38.188559],[-81.477,38.188795],[-81.476989,38.189069],[-81.47696,38.189296],[-81.476909,38.18953],[-81.476852,38.18973],[-81.476723,38.190121],[-81.476221,38.191533],[-81.476135,38.191813],[-81.476079,38.192026],[-81.476034,38.192268],[-81.476013,38.192494],[-81.476012,38.192733],[-81.47603,38.192944],[-81.476068,38.193157],[-81.476123,38.193361],[-81.476193,38.193557],[-81.476245,38.193676],[-81.476339,38.193863],[-81.476439,38.194029],[-81.476537,38.194165],[-81.476594,38.194245],[-81.476763,38.194441],[-81.47683,38.194511],[-81.477041,38.194716],[-81.477191,38.194833],[-81.477269,38.194894],[-81.477597,38.195102],[-81.477823,38.195225],[-81.478044,38.195329],[-81.478273,38.19542],[-81.478552,38.19551],[-81.478943,38.195619],[-81.478993,38.195627],[-81.479103,38.195644],[-81.479146,38.195651],[-81.479253,38.195668],[-81.479301,38.195673],[-81.47955,38.195697],[-81.479767,38.195699]],"type":"LineString"},"id":"REF-KANAWHA-HIGHWAYS-34","properties":{"canon_status":"REAL_REFERENCE","county_route":null,"federal_lands_route":null,"fictionality":"REAL","globalid":"{17D402FB-7EA5-41E6-855C-0BC6A9C0A4AD}","interstate":"64,77","interstate_a":"64,77","interstate_b":null,"interstate_c":null,"loaddate":1474003165000,"mtfcc_code":"S1100","name":"W Virginia Tpke","objectid":6147098,"permanent_identifier":"d766bc74-91eb-4bf5-99be-82ab1deebf75","real_world_relation":"REFERENCE_ONLY","shape_Length":3230.04018646983,"source_datadesc":"2016 January MAFTIGER","source_datasetid":"{9298FF95-0FA8-4712-9AA5-9292C907CA63}","source_featureid":"1101747021230","source_id":"REF-KANAWHA-HIGHWAYS","source_originator":"U.S. Department of Commerce, U.S. Census Bureau, Geography Division","state_route":null,"state_route_a":null,"state_route_b":null,"state_route_c":null,"stco_fipscode":"54039","tnmfrc":1,"us_route":null,"us_route_a":null,"us_route_b":null,"us_route_c":null},"type":"Feature"},{"geometry":{"coordinates":[[-81.625151,38.352619],[-81.624446,38.352426],[-81.623745,38.352191],[-81.623637,38.352151],[-81.62317,38.35198],[-81.622686,38.351789],[-81.622077,38.351532],[-81.621477,38.351261],[-81.621117,38.351083],[-81.620519,38.350768]],"type":"LineString"},"id":"REF-KANAWHA-HIGHWAYS-35","properties":{"canon_status":"REAL_REFERENCE","county_route":null,"federal_lands_route":null,"fictionality":"REAL","globalid":"{7B987B54-3EFF-41ED-AAD7-6A3AA0AF48EB}","interstate":"64,77","interstate_a":"64,77","interstate_b":null,"interstate_c":null,"loaddate":1568217705000,"mtfcc_code":"S1100","name":"I- 64","objectid":6489498,"permanent_identifier":"6ab6bea6-c8e2-4a54-9602-341577041002","real_world_relation":"REFERENCE_ONLY","shape_Length":580.6074430008333,"source_datadesc":"2018 May MAF/TIGER","source_datasetid":"{9298FF95-0FA8-4712-9AA5-9292C907CA63}","source_featureid":"1101747011767","source_id":"REF-KANAWHA-HIGHWAYS","source_originator":"U.S. Department of Commerce, U.S. Census Bureau, Geography Division","state_route":null,"state_route_a":null,"state_route_b":null,"state_route_c":null,"stco_fipscode":"54039","tnmfrc":1,"us_route":null,"us_route_a":null,"us_route_b":null,"us_route_c":null},"type":"Feature"},{"geometry":{"coordinates":[[-81.631832,38.357416],[-81.631813,38.357793],[-81.631803,38.357984],[-81.6318,38.358051],[-81.631789,38.358125],[-81.63177,38.358257],[-81.631721,38.35846],[-81.631669,38.358621],[-81.631643,38.358675],[-81.631574,38.358819],[-81.631462,38.359011],[-81.631335,38.359197],[-81.631226,38.35933],[-81.631078,38.359482],[-81.630915,38.359626],[-81.630703,38.359783]],"type":"LineString"},"id":"REF-KANAWHA-HIGHWAYS-36","properties":{"canon_status":"REAL_REFERENCE","county_route":null,"federal_lands_route":null,"fictionality":"REAL","globalid":"{B8CCA024-193B-48C7-96A0-860B6D4C2C99}","interstate":"77","interstate_a":"77","interstate_b":null,"interstate_c":null,"loaddate":1474001302000,"mtfcc_code":"S1100","name":"I- 77","objectid":6657783,"permanent_identifier":"35cc7e86-8782-4062-947f-559e4afcc1cb","real_world_relation":"REFERENCE_ONLY","shape_Length":371.9045841181432,"source_datadesc":"2016 January MAFTIGER","source_datasetid":"{9298FF95-0FA8-4712-9AA5-9292C907CA63}","source_featureid":"1101747011781","source_id":"REF-KANAWHA-HIGHWAYS","source_originator":"U.S. Department of Commerce, U.S. Census Bureau, Geography Division","state_route":null,"state_route_a":null,"state_route_b":null,"state_route_c":null,"stco_fipscode":"54039","tnmfrc":1,"us_route":null,"us_route_a":null,"us_route_b":null,"us_route_c":null},"type":"Feature"},{"geometry":{"coordinates":[[-81.606292,38.376893],[-81.606308,38.37695],[-81.606324,38.376991]],"type":"LineString"},"id":"REF-KANAWHA-HIGHWAYS-37","properties":{"canon_status":"REAL_REFERENCE","county_route":null,"federal_lands_route":null,"fictionality":"REAL","globalid":"{5C8F46AB-F2F6-4C5E-A8FD-D4C3C080CD0F}","interstate":"77","interstate_a":"77","interstate_b":null,"interstate_c":null,"loaddate":1474001302000,"mtfcc_code":"S1100","name":"I- 77","objectid":6657792,"permanent_identifier":"1d27bc44-5eed-4b6d-be26-6f163112e800","real_world_relation":"REFERENCE_ONLY","shape_Length":14.375902610265758,"source_datadesc":"2016 January MAFTIGER","source_datasetid":"{9298FF95-0FA8-4712-9AA5-9292C907CA63}","source_featureid":"1101747011781","source_id":"REF-KANAWHA-HIGHWAYS","source_originator":"U.S. Department of Commerce, U.S. Census Bureau, Geography Division","state_route":null,"state_route_a":null,"state_route_b":null,"state_route_c":null,"stco_fipscode":"54039","tnmfrc":1,"us_route":null,"us_route_a":null,"us_route_b":null,"us_route_c":null},"type":"Feature"},{"geometry":{"coordinates":[[-81.562029,38.317661],[-81.561974,38.317643],[-81.56172,38.317582],[-81.561444,38.317529],[-81.561398,38.31752],[-81.56138,38.317518],[-81.561346,38.317513],[-81.561226,38.317493]],"type":"LineString"},"id":"REF-KANAWHA-HIGHWAYS-38","properties":{"canon_status":"REAL_REFERENCE","county_route":null,"federal_lands_route":null,"fictionality":"REAL","globalid":"{77426489-4E6C-43AD-A06D-445F37C274DF}","interstate":"64,77","interstate_a":"64,77","interstate_b":null,"interstate_c":null,"loaddate":1474002730000,"mtfcc_code":"S1100","name":"W Virginia Tpke","objectid":6784824,"permanent_identifier":"a074007b-8671-4735-be7a-f9dc9167d16b","real_world_relation":"REFERENCE_ONLY","shape_Length":92.64348761967506,"source_datadesc":"2016 January MAFTIGER","source_datasetid":"{9298FF95-0FA8-4712-9AA5-9292C907CA63}","source_featureid":"1101747021229","source_id":"REF-KANAWHA-HIGHWAYS","source_originator":"U.S. Department of Commerce, U.S. Census Bureau, Geography Division","state_route":null,"state_route_a":null,"state_route_b":null,"state_route_c":null,"stco_fipscode":"54039","tnmfrc":1,"us_route":null,"us_route_a":null,"us_route_b":null,"us_route_c":null},"type":"Feature"},{"geometry":{"coordinates":[[-81.47972,38.195593],[-81.479459,38.195579],[-81.479322,38.195562],[-81.479158,38.195541],[-81.478993,38.195511],[-81.478899,38.195494],[-81.478601,38.195411],[-81.478394,38.195345],[-81.478155,38.195254],[-81.477901,38.195138],[-81.477687,38.195023],[-81.477477,38.194893],[-81.4772,38.194684],[-81.477106,38.194602],[-81.477,38.19451],[-81.476828,38.194327],[-81.476694,38.194171],[-81.476671,38.194138],[-81.476575,38.194003],[-81.476437,38.193742],[-81.47635,38.193552],[-81.476281,38.193359],[-81.476208,38.193086],[-81.476174,38.192881],[-81.476163,38.192686],[-81.476169,38.19247],[-81.476204,38.192176],[-81.476245,38.191982],[-81.476331,38.191699],[-81.476887,38.190105],[-81.477032,38.189669],[-81.477093,38.189422],[-81.477125,38.18924],[-81.477153,38.188998],[-81.477155,38.188735],[-81.477129,38.188451],[-81.477111,38.188328],[-81.477058,38.188102],[-81.476977,38.187845],[-81.47684,38.187538],[-81.476733,38.187342],[-81.476645,38.187207],[-81.476504,38.187029],[-81.47642,38.186923],[-81.476193,38.186692],[-81.475956,38.186495],[-81.475868,38.186431],[-81.475701,38.186326],[-81.475495,38.186218],[-81.474842,38.185934],[-81.474681,38.18585],[-81.474581,38.185803],[-81.474479,38.185749],[-81.474172,38.185603],[-81.474006,38.185533],[-81.4738,38.18546],[-81.473594,38.185408],[-81.473394,38.185376],[-81.473189,38.185357],[-81.472895,38.185347],[-81.472583,38.185349],[-81.47246,38.185356],[-81.47221,38.185379],[-81.471199,38.185526],[-81.470553,38.185615],[-81.470119,38.185657],[-81.469872,38.185667],[-81.469617,38.185663],[-81.469346,38.185643],[-81.469096,38.18561],[-81.468834,38.18556],[-81.468574,38.185492],[-81.468331,38.185413],[-81.468015,38.185283],[-81.467738,38.185142],[-81.467546,38.185024],[-81.467439,38.184951],[-81.467359,38.18489],[-81.467241,38.1848],[-81.467065,38.184643],[-81.46692,38.184496],[-81.466805,38.184362],[-81.466698,38.184218],[-81.466586,38.184046],[-81.466475,38.183834],[-81.466418,38.183701],[-81.46633,38.183439],[-81.466277,38.183219],[-81.466248,38.183059],[-81.4661,38.181961],[-81.466033,38.181536],[-81.465985,38.181319],[-81.465908,38.181035],[-81.465793,38.180755],[-81.465778,38.180717],[-81.465758,38.180669]],"type":"LineString"},"id":"REF-KANAWHA-HIGHWAYS-39","properties":{"canon_status":"REAL_REFERENCE","county_route":null,"federal_lands_route":null,"fictionality":"REAL","globalid":"{1839752A-94E2-4BC5-91A0-9E35F41D5A11}","interstate":"64,77","interstate_a":"64,77","interstate_b":null,"interstate_c":null,"loaddate":1568217705000,"mtfcc_code":"S1100","name":"W Virginia Tpke","objectid":6871813,"permanent_identifier":"989ff430-9e4b-4a54-b8b9-394a87754a38","real_world_relation":"REFERENCE_ONLY","shape_Length":3225.127985904802,"source_datadesc":"2018 May MAF/TIGER","source_datasetid":"{9298FF95-0FA8-4712-9AA5-9292C907CA63}","source_featureid":"1101747021229","source_id":"REF-KANAWHA-HIGHWAYS","source_originator":"U.S. Department of Commerce, U.S. Census Bureau, Geography Division","state_route":null,"state_route_a":null,"state_route_b":null,"state_route_c":null,"stco_fipscode":"54039","tnmfrc":1,"us_route":null,"us_route_a":null,"us_route_b":null,"us_route_c":null},"type":"Feature"},{"geometry":{"coordinates":[[-81.631722,38.354954],[-81.631616,38.35478],[-81.631485,38.3546],[-81.631338,38.354428],[-81.631263,38.354352],[-81.631212,38.354301],[-81.63105,38.354168],[-81.630981,38.354119],[-81.630911,38.354069],[-81.630727,38.353955],[-81.630562,38.353869],[-81.630532,38.353853],[-81.630328,38.353763],[-81.630201,38.353715],[-81.629728,38.353572],[-81.62968,38.353559],[-81.629248,38.353442],[-81.629011,38.353385]],"type":"LineString"},"id":"REF-KANAWHA-HIGHWAYS-40","properties":{"canon_status":"REAL_REFERENCE","county_route":null,"federal_lands_route":null,"fictionality":"REAL","globalid":"{D475C308-C615-4399-A2FB-FB6597570B70}","interstate":"64,77","interstate_a":"64,77","interstate_b":null,"interstate_c":null,"loaddate":1474001307000,"mtfcc_code":"S1100","name":"I- 77","objectid":6912367,"permanent_identifier":"68d28464-279c-4725-8384-36bc821240eb","real_world_relation":"REFERENCE_ONLY","shape_Length":390.54655893556276,"source_datadesc":"2016 January MAFTIGER","source_datasetid":"{9298FF95-0FA8-4712-9AA5-9292C907CA63}","source_featureid":"1101747011779","source_id":"REF-KANAWHA-HIGHWAYS","source_originator":"U.S. Department of Commerce, U.S. Census Bureau, Geography Division","state_route":null,"state_route_a":null,"state_route_b":null,"state_route_c":null,"stco_fipscode":"54039","tnmfrc":1,"us_route":null,"us_route_a":null,"us_route_b":null,"us_route_c":null},"type":"Feature"},{"geometry":{"coordinates":[[-81.565683,38.319816],[-81.565776,38.31987]],"type":"LineString"},"id":"REF-KANAWHA-HIGHWAYS-41","properties":{"canon_status":"REAL_REFERENCE","county_route":null,"federal_lands_route":null,"fictionality":"REAL","globalid":"{B09CDD59-95B6-4073-A018-F255FA1126FA}","interstate":"64,77","interstate_a":"64,77","interstate_b":null,"interstate_c":null,"loaddate":1474003168000,"mtfcc_code":"S1100","name":"W Virginia Tpke","objectid":6912372,"permanent_identifier":"77baee74-5f23-4931-a55e-9a0f9168c3b9","real_world_relation":"REFERENCE_ONLY","shape_Length":12.879561671727053,"source_datadesc":"2016 January MAFTIGER","source_datasetid":"{9298FF95-0FA8-4712-9AA5-9292C907CA63}","source_featureid":"1101747021230","source_id":"REF-KANAWHA-HIGHWAYS","source_originator":"U.S. Department of Commerce, U.S. Census Bureau, Geography Division","state_route":null,"state_route_a":null,"state_route_b":null,"state_route_c":null,"stco_fipscode":"54039","tnmfrc":1,"us_route":"60","us_route_a":"60","us_route_b":null,"us_route_c":null},"type":"Feature"},{"geometry":{"coordinates":[[-81.579921,38.329444],[-81.579608,38.329135],[-81.579245,38.328801],[-81.578867,38.328503],[-81.578556,38.32827],[-81.57836,38.328132]],"type":"LineString"},"id":"REF-KANAWHA-HIGHWAYS-42","properties":{"canon_status":"REAL_REFERENCE","county_route":null,"federal_lands_route":null,"fictionality":"REAL","globalid":"{8F5230EA-ABE0-4D15-B671-9282D79AD4E2}","interstate":"64,77","interstate_a":"64,77","interstate_b":null,"interstate_c":null,"loaddate":1474002730000,"mtfcc_code":"S1100","name":"W Virginia Tpke","objectid":6912763,"permanent_identifier":"e7068e0f-aa54-4764-8d94-230f43b510b7","real_world_relation":"REFERENCE_ONLY","shape_Length":255.1375267620525,"source_datadesc":"2016 January MAFTIGER","source_datasetid":"{9298FF95-0FA8-4712-9AA5-9292C907CA63}","source_featureid":"1101747021229","source_id":"REF-KANAWHA-HIGHWAYS","source_originator":"U.S. Department of Commerce, U.S. Census Bureau, Geography Division","state_route":null,"state_route_a":null,"state_route_b":null,"state_route_c":null,"stco_fipscode":"54039","tnmfrc":1,"us_route":"60","us_route_a":"60","us_route_b":null,"us_route_c":null},"type":"Feature"},{"geometry":{"coordinates":[[-81.542923,38.226364],[-81.54107,38.22501],[-81.540346,38.224467],[-81.539809,38.224046],[-81.539096,38.22347],[-81.536504,38.221223],[-81.536314,38.221063],[-81.535435,38.220299],[-81.532729,38.217949],[-81.532532,38.217778],[-81.53242,38.217685],[-81.531041,38.216489],[-81.530586,38.216075],[-81.530177,38.215678],[-81.529997,38.215493],[-81.52957,38.215033],[-81.528847,38.214196],[-81.528152,38.213403],[-81.527799,38.213031],[-81.527731,38.212975],[-81.527469,38.212718],[-81.5274,38.212651],[-81.527366,38.212617],[-81.527329,38.212585],[-81.527166,38.212444],[-81.526822,38.212165],[-81.526782,38.212135],[-81.526624,38.212016],[-81.526543,38.211955]],"type":"LineString"},"id":"REF-KANAWHA-HIGHWAYS-43","properties":{"canon_status":"REAL_REFERENCE","county_route":null,"federal_lands_route":null,"fictionality":"REAL","globalid":"{CE1E95C7-34D6-4024-8B2C-1AB4D0D01EA5}","interstate":"64,77","interstate_a":"64,77","interstate_b":null,"interstate_c":null,"loaddate":1474002730000,"mtfcc_code":"S1100","name":"W Virginia Tpke","objectid":7040732,"permanent_identifier":"ecf0920d-41ca-4803-bad5-fa3a01948669","real_world_relation":"REFERENCE_ONLY","shape_Length":2742.6520093754007,"source_datadesc":"2016 January MAFTIGER","source_datasetid":"{9298FF95-0FA8-4712-9AA5-9292C907CA63}","source_featureid":"1101747021229","source_id":"REF-KANAWHA-HIGHWAYS","source_originator":"U.S. Department of Commerce, U.S. Census Bureau, Geography Division","state_route":null,"state_route_a":null,"state_route_b":null,"state_route_c":null,"stco_fipscode":"54039","tnmfrc":1,"us_route":null,"us_route_a":null,"us_route_b":null,"us_route_c":null},"type":"Feature"},{"geometry":{"coordinates":[[-81.659005,38.357731],[-81.658736,38.357639],[-81.657978,38.357409],[-81.656904,38.357109],[-81.656473,38.356976],[-81.65614,38.356861],[-81.655835,38.356743]],"type":"LineString"},"id":"REF-KANAWHA-HIGHWAYS-44","properties":{"canon_status":"REAL_REFERENCE","county_route":null,"federal_lands_route":null,"fictionality":"REAL","globalid":"{7B3F4078-1462-4B3A-89FF-01642DD473E6}","interstate":"64","interstate_a":"64","interstate_b":null,"interstate_c":null,"loaddate":1474001302000,"mtfcc_code":"S1100","name":"I- 64","objectid":7422640,"permanent_identifier":"3eff9955-78a6-45ad-b484-34964aad4599","real_world_relation":"REFERENCE_ONLY","shape_Length":379.9873781878123,"source_datadesc":"2016 January MAFTIGER","source_datasetid":"{9298FF95-0FA8-4712-9AA5-9292C907CA63}","source_featureid":"1101747011767","source_id":"REF-KANAWHA-HIGHWAYS","source_originator":"U.S. Department of Commerce, U.S. Census Bureau, Geography Division","state_route":null,"state_route_a":null,"state_route_b":null,"state_route_c":null,"stco_fipscode":"54039","tnmfrc":1,"us_route":null,"us_route_a":null,"us_route_b":null,"us_route_c":null},"type":"Feature"},{"geometry":{"coordinates":[[-81.566451,38.306778],[-81.566433,38.306846]],"type":"LineString"},"id":"REF-KANAWHA-HIGHWAYS-45","properties":{"canon_status":"REAL_REFERENCE","county_route":null,"federal_lands_route":null,"fictionality":"REAL","globalid":"{0A19EFCD-65EA-4D86-91A7-460625D8BB8C}","interstate":"64,77","interstate_a":"64,77","interstate_b":"","interstate_c":"","loaddate":1673511277000,"mtfcc_code":"S1100","name":"W Virginia Tpke","objectid":7509654,"permanent_identifier":"4e2af77c-32f6-4a7b-9b89-7d7a04739173","real_world_relation":"REFERENCE_ONLY","shape_Length":9.95967824716579,"source_datadesc":"2022 September MAF/TIGER","source_datasetid":"{9298FF95-0FA8-4712-9AA5-9292C907CA63}","source_featureid":"1101747021230","source_id":"REF-KANAWHA-HIGHWAYS","source_originator":"U.S. Department of Commerce, U.S. Census Bureau, Geography Division","state_route":null,"state_route_a":"","state_route_b":"","state_route_c":"","stco_fipscode":"54039","tnmfrc":1,"us_route":null,"us_route_a":"","us_route_b":"","us_route_c":""},"type":"Feature"},{"geometry":{"coordinates":[[-81.644895,38.35708],[-81.645037,38.357011]],"type":"LineString"},"id":"REF-KANAWHA-HIGHWAYS-46","properties":{"canon_status":"REAL_REFERENCE","county_route":null,"federal_lands_route":null,"fictionality":"REAL","globalid":"{F9E707A0-BE0F-4075-B376-93C150E8D38D}","interstate":"64","interstate_a":"64","interstate_b":null,"interstate_c":null,"loaddate":1568217705000,"mtfcc_code":"S1100","name":"I- 64","objectid":7637182,"permanent_identifier":"c129d410-8e47-47cf-9bb9-57c508952e3b","real_world_relation":"REFERENCE_ONLY","shape_Length":18.59628449352123,"source_datadesc":"2016 January MAFTIGER","source_datasetid":"{9298FF95-0FA8-4712-9AA5-9292C907CA63}","source_featureid":"1104991779163","source_id":"REF-KANAWHA-HIGHWAYS","source_originator":"U.S. Department of Commerce, U.S. Census Bureau, Geography Division","state_route":null,"state_route_a":null,"state_route_b":null,"state_route_c":null,"stco_fipscode":"54039","tnmfrc":1,"us_route":null,"us_route_a":null,"us_route_b":null,"us_route_c":null},"type":"Feature"},{"geometry":{"coordinates":[[-81.649106,38.354837],[-81.649293,38.35474],[-81.649498,38.354647],[-81.649756,38.354551],[-81.649916,38.354505],[-81.649978,38.354487],[-81.650204,38.354438]],"type":"LineString"},"id":"REF-KANAWHA-HIGHWAYS-47","properties":{"canon_status":"REAL_REFERENCE","county_route":null,"federal_lands_route":null,"fictionality":"REAL","globalid":"{530F565D-D199-4512-A603-87DA9E220103}","interstate":"64","interstate_a":"64","interstate_b":null,"interstate_c":null,"loaddate":1568217705000,"mtfcc_code":"S1100","name":"I- 64","objectid":7637193,"permanent_identifier":"22786f6a-1bb7-4894-aa88-4960b3fc1ebd","real_world_relation":"REFERENCE_ONLY","shape_Length":135.5446279193462,"source_datadesc":"2016 January MAFTIGER","source_datasetid":"{9298FF95-0FA8-4712-9AA5-9292C907CA63}","source_featureid":"1104991779163","source_id":"REF-KANAWHA-HIGHWAYS","source_originator":"U.S. Department of Commerce, U.S. Census Bureau, Geography Division","state_route":null,"state_route_a":null,"state_route_b":null,"state_route_c":null,"stco_fipscode":"54039","tnmfrc":1,"us_route":null,"us_route_a":null,"us_route_b":null,"us_route_c":null},"type":"Feature"},{"geometry":{"coordinates":[[-81.500451,38.19313],[-81.500541,38.193158],[-81.500881,38.193292],[-81.501118,38.193398],[-81.501353,38.193513],[-81.501583,38.193637],[-81.501803,38.193767],[-81.502016,38.193901],[-81.502428,38.194191],[-81.504077,38.195383]],"type":"LineString"},"id":"REF-KANAWHA-HIGHWAYS-48","properties":{"canon_status":"REAL_REFERENCE","county_route":null,"federal_lands_route":null,"fictionality":"REAL","globalid":"{0FA0C961-2E1C-415C-A4CA-8767E7331617}","interstate":"64,77","interstate_a":"64,77","interstate_b":null,"interstate_c":null,"loaddate":1568217705000,"mtfcc_code":"S1100","name":"W Virginia Tpke","objectid":7637195,"permanent_identifier":"603069e0-07f1-42fe-ae12-3d46c8c4594a","real_world_relation":"REFERENCE_ONLY","shape_Length":517.3236329504277,"source_datadesc":"2016 January MAFTIGER","source_datasetid":"{9298FF95-0FA8-4712-9AA5-9292C907CA63}","source_featureid":"1101747021230","source_id":"REF-KANAWHA-HIGHWAYS","source_originator":"U.S. Department of Commerce, U.S. Census Bureau, Geography Division","state_route":null,"state_route_a":null,"state_route_b":null,"state_route_c":null,"stco_fipscode":"54039","tnmfrc":1,"us_route":null,"us_route_a":null,"us_route_b":null,"us_route_c":null},"type":"Feature"},{"geometry":{"coordinates":[[-81.562465,38.309275],[-81.562155,38.309357],[-81.561696,38.309478],[-81.561282,38.309594],[-81.560656,38.30977],[-81.560486,38.309817],[-81.560391,38.309844],[-81.560004,38.309953]],"type":"LineString"},"id":"REF-KANAWHA-HIGHWAYS-49","properties":{"canon_status":"REAL_REFERENCE","county_route":null,"federal_lands_route":null,"fictionality":"REAL","globalid":"{79FD643E-9625-4061-8948-DE1A91AF5886}","interstate":"64,77","interstate_a":"64,77","interstate_b":null,"interstate_c":null,"loaddate":1474003168000,"mtfcc_code":"S1100","name":"W Virginia Tpke","objectid":7805594,"permanent_identifier":"a6450106-af22-4bd6-88eb-14b59bcf2a3e","real_world_relation":"REFERENCE_ONLY","shape_Length":290.36394513756034,"source_datadesc":"2016 January MAFTIGER","source_datasetid":"{9298FF95-0FA8-4712-9AA5-9292C907CA63}","source_featureid":"1101747021230","source_id":"REF-KANAWHA-HIGHWAYS","source_originator":"U.S. Department of Commerce, U.S. Census Bureau, Geography Division","state_route":null,"state_route_a":null,"state_route_b":null,"state_route_c":null,"stco_fipscode":"54039","tnmfrc":1,"us_route":null,"us_route_a":null,"us_route_b":null,"us_route_c":null},"type":"Feature"},{"geometry":{"coordinates":[[-81.619693,38.363255],[-81.618494,38.363557],[-81.617725,38.363761],[-81.617413,38.363838],[-81.616948,38.363954],[-81.616359,38.364119],[-81.616117,38.364188],[-81.615912,38.364245],[-81.615626,38.364349]],"type":"LineString"},"id":"REF-KANAWHA-HIGHWAYS-50","properties":{"canon_status":"REAL_REFERENCE","county_route":null,"federal_lands_route":null,"fictionality":"REAL","globalid":"{BDF58F6C-0041-4E1E-9550-96A81B166E67}","interstate":"77","interstate_a":"77","interstate_b":null,"interstate_c":null,"loaddate":1474001307000,"mtfcc_code":"S1100","name":"I- 77","objectid":8316005,"permanent_identifier":"491400c1-2004-431f-a724-3500c2daff74","real_world_relation":"REFERENCE_ONLY","shape_Length":478.891961266091,"source_datadesc":"2016 January MAFTIGER","source_datasetid":"{9298FF95-0FA8-4712-9AA5-9292C907CA63}","source_featureid":"1101747011781","source_id":"REF-KANAWHA-HIGHWAYS","source_originator":"U.S. Department of Commerce, U.S. Census Bureau, Geography Division","state_route":null,"state_route_a":null,"state_route_b":null,"state_route_c":null,"stco_fipscode":"54039","tnmfrc":1,"us_route":null,"us_route_a":null,"us_route_b":null,"us_route_c":null},"type":"Feature"},{"geometry":{"coordinates":[[-81.55345,38.31586],[-81.553436,38.315801]],"type":"LineString"},"id":"REF-KANAWHA-HIGHWAYS-51","properties":{"canon_status":"REAL_REFERENCE","county_route":null,"federal_lands_route":null,"fictionality":"REAL","globalid":"{968503E7-79E1-437C-ACE5-8FEA76E0D7A0}","interstate":"64,77","interstate_a":"64,77","interstate_b":null,"interstate_c":null,"loaddate":1474001520000,"mtfcc_code":"S1100","name":"W Virginia Tpke","objectid":8443479,"permanent_identifier":"463d8866-b73d-4778-a280-02ff8c3519ce","real_world_relation":"REFERENCE_ONLY","shape_Length":8.51474539509994,"source_datadesc":"2016 January MAFTIGER","source_datasetid":"{9298FF95-0FA8-4712-9AA5-9292C907CA63}","source_featureid":"1101747021229","source_id":"REF-KANAWHA-HIGHWAYS","source_originator":"U.S. Department of Commerce, U.S. Census Bureau, Geography Division","state_route":null,"state_route_a":null,"state_route_b":null,"state_route_c":null,"stco_fipscode":"54039","tnmfrc":1,"us_route":null,"us_route_a":null,"us_route_b":null,"us_route_c":null},"type":"Feature"},{"geometry":{"coordinates":[[-81.572805,38.250712],[-81.572978,38.25123],[-81.573237,38.252007],[-81.57373,38.253483],[-81.573852,38.253909],[-81.5739,38.254127],[-81.573938,38.254338],[-81.573967,38.25456],[-81.573986,38.254778],[-81.573995,38.255007],[-81.573994,38.255212],[-81.573985,38.255419],[-81.573967,38.25563],[-81.573911,38.255997],[-81.573804,38.256517],[-81.57378,38.256647],[-81.573686,38.25716]],"type":"LineString"},"id":"REF-KANAWHA-HIGHWAYS-52","properties":{"canon_status":"REAL_REFERENCE","county_route":null,"federal_lands_route":null,"fictionality":"REAL","globalid":"{2E5939A9-D242-4E8C-B9D6-706F29CD6968}","interstate":"64,77","interstate_a":"64,77","interstate_b":null,"interstate_c":null,"loaddate":1474003165000,"mtfcc_code":"S1100","name":"W Virginia Tpke","objectid":8571032,"permanent_identifier":"3a3e1467-4cc1-42eb-860b-e79619368a10","real_world_relation":"REFERENCE_ONLY","shape_Length":932.2042424641038,"source_datadesc":"2016 January MAFTIGER","source_datasetid":"{9298FF95-0FA8-4712-9AA5-9292C907CA63}","source_featureid":"1101747021230","source_id":"REF-KANAWHA-HIGHWAYS","source_originator":"U.S. Department of Commerce, U.S. Census Bureau, Geography Division","state_route":null,"state_route_a":null,"state_route_b":null,"state_route_c":null,"stco_fipscode":"54039","tnmfrc":1,"us_route":null,"us_route_a":null,"us_route_b":null,"us_route_c":null},"type":"Feature"},{"geometry":{"coordinates":[[-81.572927,38.250655],[-81.572843,38.250404],[-81.572683,38.249979],[-81.572607,38.249799],[-81.57246,38.249488],[-81.572314,38.249213],[-81.570669,38.246415],[-81.570558,38.246236],[-81.569957,38.245222],[-81.569646,38.244721],[-81.569447,38.244424],[-81.56912,38.243965],[-81.568886,38.243647],[-81.568589,38.243285]],"type":"LineString"},"id":"REF-KANAWHA-HIGHWAYS-53","properties":{"canon_status":"REAL_REFERENCE","county_route":null,"federal_lands_route":null,"fictionality":"REAL","globalid":"{BF6AAF1D-47D5-402D-9A47-A703C026034C}","interstate":"64,77","interstate_a":"64,77","interstate_b":null,"interstate_c":null,"loaddate":1474002730000,"mtfcc_code":"S1100","name":"W Virginia Tpke","objectid":8699033,"permanent_identifier":"17f29ec9-7027-4fc6-9cec-90f652691595","real_world_relation":"REFERENCE_ONLY","shape_Length":1153.5661599885773,"source_datadesc":"2016 January MAFTIGER","source_datasetid":"{9298FF95-0FA8-4712-9AA5-9292C907CA63}","source_featureid":"1101747021229","source_id":"REF-KANAWHA-HIGHWAYS","source_originator":"U.S. Department of Commerce, U.S. Census Bureau, Geography Division","state_route":null,"state_route_a":null,"state_route_b":null,"state_route_c":null,"stco_fipscode":"54039","tnmfrc":1,"us_route":null,"us_route_a":null,"us_route_b":null,"us_route_c":null},"type":"Feature"},{"geometry":{"coordinates":[[-81.631464,38.354983],[-81.631404,38.35487],[-81.631289,38.354687],[-81.631268,38.354661]],"type":"LineString"},"id":"REF-KANAWHA-HIGHWAYS-54","properties":{"canon_status":"REAL_REFERENCE","county_route":null,"federal_lands_route":null,"fictionality":"REAL","globalid":"{BD723613-201A-4AC7-A465-FC91EFF24F69}","interstate":"64,77","interstate_a":"64,77","interstate_b":null,"interstate_c":null,"loaddate":1474001307000,"mtfcc_code":"S1100","name":"I- 64","objectid":8954335,"permanent_identifier":"5110e926-0888-429b-84f6-05edb30ce44c","real_world_relation":"REFERENCE_ONLY","shape_Length":50.70598969344279,"source_datadesc":"2016 January MAFTIGER","source_datasetid":"{9298FF95-0FA8-4712-9AA5-9292C907CA63}","source_featureid":"1101747011767","source_id":"REF-KANAWHA-HIGHWAYS","source_originator":"U.S. Department of Commerce, U.S. Census Bureau, Geography Division","state_route":null,"state_route_a":null,"state_route_b":null,"state_route_c":null,"stco_fipscode":"54039","tnmfrc":1,"us_route":null,"us_route_a":null,"us_route_b":null,"us_route_c":null},"type":"Feature"},{"geometry":{"coordinates":[[-81.643992,38.357534],[-81.644377,38.357334],[-81.644895,38.35708]],"type":"LineString"},"id":"REF-KANAWHA-HIGHWAYS-55","properties":{"canon_status":"REAL_REFERENCE","county_route":null,"federal_lands_route":null,"fictionality":"REAL","globalid":"{887912F0-30A2-40AF-8B02-ADA72D5D8F0D}","interstate":"64","interstate_a":"64","interstate_b":null,"interstate_c":null,"loaddate":1568217705000,"mtfcc_code":"S1100","name":"I- 64","objectid":9041053,"permanent_identifier":"1a4df73b-350c-488e-816b-1ad95c094cb1","real_world_relation":"REFERENCE_ONLY","shape_Length":119.41869707936078,"source_datadesc":"2016 January MAFTIGER","source_datasetid":"{9298FF95-0FA8-4712-9AA5-9292C907CA63}","source_featureid":"1104991779163","source_id":"REF-KANAWHA-HIGHWAYS","source_originator":"U.S. Department of Commerce, U.S. Census Bureau, Geography Division","state_route":null,"state_route_a":null,"state_route_b":null,"state_route_c":null,"stco_fipscode":"54039","tnmfrc":1,"us_route":null,"us_route_a":null,"us_route_b":null,"us_route_c":null},"type":"Feature"},{"geometry":{"coordinates":[[-81.619688,38.350099],[-81.619644,38.350079],[-81.619121,38.349749],[-81.61857,38.349382],[-81.618457,38.349303]],"type":"LineString"},"id":"REF-KANAWHA-HIGHWAYS-56","properties":{"canon_status":"REAL_REFERENCE","county_route":null,"federal_lands_route":null,"fictionality":"REAL","globalid":"{075FF081-CCF0-4044-A1E5-38AA21EBA53F}","interstate":"64,77","interstate_a":"64,77","interstate_b":null,"interstate_c":null,"loaddate":1474001302000,"mtfcc_code":"S1100","name":"I- 77","objectid":9209251,"permanent_identifier":"4e0ae20d-e12b-470f-aeb1-902e09252428","real_world_relation":"REFERENCE_ONLY","shape_Length":177.7114933546033,"source_datadesc":"2016 January MAFTIGER","source_datasetid":"{9298FF95-0FA8-4712-9AA5-9292C907CA63}","source_featureid":"1101747011779","source_id":"REF-KANAWHA-HIGHWAYS","source_originator":"U.S. Department of Commerce, U.S. Census Bureau, Geography Division","state_route":null,"state_route_a":null,"state_route_b":null,"state_route_c":null,"stco_fipscode":"54039","tnmfrc":1,"us_route":null,"us_route_a":null,"us_route_b":null,"us_route_c":null},"type":"Feature"},{"geometry":{"coordinates":[[-81.557455,38.310655],[-81.557343,38.310687]],"type":"LineString"},"id":"REF-KANAWHA-HIGHWAYS-57","properties":{"canon_status":"REAL_REFERENCE","county_route":null,"federal_lands_route":null,"fictionality":"REAL","globalid":"{BE4086F5-3B3D-43D2-AB37-A85264AA2761}","interstate":"64,77","interstate_a":"64,77","interstate_b":null,"interstate_c":null,"loaddate":1474003168000,"mtfcc_code":"S1100","name":"W Virginia Tpke","objectid":9209355,"permanent_identifier":"89afdd11-0504-4a6c-97b2-ca192d2c796e","real_world_relation":"REFERENCE_ONLY","shape_Length":13.26850886045771,"source_datadesc":"2016 January MAFTIGER","source_datasetid":"{9298FF95-0FA8-4712-9AA5-9292C907CA63}","source_featureid":"1101747021230","source_id":"REF-KANAWHA-HIGHWAYS","source_originator":"U.S. Department of Commerce, U.S. Census Bureau, Geography Division","state_route":null,"state_route_a":null,"state_route_b":null,"state_route_c":null,"stco_fipscode":"54039","tnmfrc":1,"us_route":null,"us_route_a":null,"us_route_b":null,"us_route_c":null},"type":"Feature"},{"geometry":{"coordinates":[[-81.556831,38.317494],[-81.557167,38.317501],[-81.559158,38.317502],[-81.559791,38.317495],[-81.560185,38.317504],[-81.56057,38.317528],[-81.560926,38.317564],[-81.560995,38.317573],[-81.561069,38.317583],[-81.56114,38.317593]],"type":"LineString"},"id":"REF-KANAWHA-HIGHWAYS-58","properties":{"canon_status":"REAL_REFERENCE","county_route":null,"federal_lands_route":null,"fictionality":"REAL","globalid":"{1B43847C-0D1C-4083-9134-58DAF59B1F97}","interstate":"64,77","interstate_a":"64,77","interstate_b":null,"interstate_c":null,"loaddate":1474003168000,"mtfcc_code":"S1100","name":"W Virginia Tpke","objectid":9337066,"permanent_identifier":"24a87600-0f6f-4166-8952-9d068cee6ccb","real_world_relation":"REFERENCE_ONLY","shape_Length":480.53054329293025,"source_datadesc":"2016 January MAFTIGER","source_datasetid":"{9298FF95-0FA8-4712-9AA5-9292C907CA63}","source_featureid":"1101747021230","source_id":"REF-KANAWHA-HIGHWAYS","source_originator":"U.S. Department of Commerce, U.S. Census Bureau, Geography Division","state_route":null,"state_route_a":null,"state_route_b":null,"state_route_c":null,"stco_fipscode":"54039","tnmfrc":1,"us_route":null,"us_route_a":null,"us_route_b":null,"us_route_c":null},"type":"Feature"},{"geometry":{"coordinates":[[-81.679678,38.364625],[-81.680412,38.364716],[-81.681218,38.36478],[-81.682228,38.364846],[-81.682779,38.364864],[-81.68333,38.364867],[-81.683881,38.364855],[-81.684532,38.364821],[-81.684691,38.364809],[-81.685207,38.364771],[-81.685681,38.364719],[-81.686264,38.36464]],"type":"LineString"},"id":"REF-KANAWHA-HIGHWAYS-59","properties":{"canon_status":"REAL_REFERENCE","county_route":null,"federal_lands_route":null,"fictionality":"REAL","globalid":"{9D433826-62E8-4592-BB93-1EA9B043554A}","interstate":"64","interstate_a":"64","interstate_b":null,"interstate_c":null,"loaddate":1474001307000,"mtfcc_code":"S1100","name":"I- 64","objectid":9337144,"permanent_identifier":"62e4f67a-77f4-4801-90d1-7570e1bd4cf4","real_world_relation":"REFERENCE_ONLY","shape_Length":737.0637626144096,"source_datadesc":"2016 January MAFTIGER","source_datasetid":"{9298FF95-0FA8-4712-9AA5-9292C907CA63}","source_featureid":"1104991779163","source_id":"REF-KANAWHA-HIGHWAYS","source_originator":"U.S. Department of Commerce, U.S. Census Bureau, Geography Division","state_route":null,"state_route_a":null,"state_route_b":null,"state_route_c":null,"stco_fipscode":"54039","tnmfrc":1,"us_route":null,"us_route_a":null,"us_route_b":null,"us_route_c":null},"type":"Feature"},{"geometry":{"coordinates":[[-81.556989,38.310996],[-81.557363,38.310892]],"type":"LineString"},"id":"REF-KANAWHA-HIGHWAYS-60","properties":{"canon_status":"REAL_REFERENCE","county_route":null,"federal_lands_route":null,"fictionality":"REAL","globalid":"{BD929373-71F1-4DAC-8109-DDC3C64CDC1E}","interstate":"64,77","interstate_a":"64,77","interstate_b":null,"interstate_c":null,"loaddate":1474002730000,"mtfcc_code":"S1100","name":"W Virginia Tpke","objectid":9337514,"permanent_identifier":"60be697a-b327-429c-bf8c-87d47797cfe2","real_world_relation":"REFERENCE_ONLY","shape_Length":44.17061911030581,"source_datadesc":"2016 January MAFTIGER","source_datasetid":"{9298FF95-0FA8-4712-9AA5-9292C907CA63}","source_featureid":"1101747021229","source_id":"REF-KANAWHA-HIGHWAYS","source_originator":"U.S. Department of Commerce, U.S. Census Bureau, Geography Division","state_route":null,"state_route_a":null,"state_route_b":null,"state_route_c":null,"stco_fipscode":"54039","tnmfrc":1,"us_route":null,"us_route_a":null,"us_route_b":null,"us_route_c":null},"type":"Feature"},{"geometry":{"coordinates":[[-81.566054,38.319852],[-81.565719,38.319641],[-81.564932,38.31908],[-81.564258,38.318627],[-81.563896,38.318402],[-81.563524,38.318198],[-81.56327,38.318081],[-81.562945,38.317947],[-81.562495,38.317784],[-81.562258,38.317717],[-81.562029,38.317661]],"type":"LineString"},"id":"REF-KANAWHA-HIGHWAYS-61","properties":{"canon_status":"REAL_REFERENCE","county_route":null,"federal_lands_route":null,"fictionality":"REAL","globalid":"{45E205F1-01DA-4C45-871C-1C2B7ACA6F04}","interstate":"64,77","interstate_a":"64,77","interstate_b":null,"interstate_c":null,"loaddate":1474002730000,"mtfcc_code":"S1100","name":"W Virginia Tpke","objectid":9720239,"permanent_identifier":"67ee43e8-34aa-4011-8d20-df35658a763e","real_world_relation":"REFERENCE_ONLY","shape_Length":550.4990029695814,"source_datadesc":"2016 January MAFTIGER","source_datasetid":"{9298FF95-0FA8-4712-9AA5-9292C907CA63}","source_featureid":"1101747021229","source_id":"REF-KANAWHA-HIGHWAYS","source_originator":"U.S. Department of Commerce, U.S. Census Bureau, Geography Division","state_route":null,"state_route_a":null,"state_route_b":null,"state_route_c":null,"stco_fipscode":"54039","tnmfrc":1,"us_route":null,"us_route_a":null,"us_route_b":null,"us_route_c":null},"type":"Feature"},{"geometry":{"coordinates":[[-81.631716,38.355774],[-81.63172,38.355817],[-81.631763,38.356308],[-81.63178,38.356604],[-81.631782,38.356624],[-81.631823,38.35704],[-81.631836,38.357298],[-81.631838,38.357331]],"type":"LineString"},"id":"REF-KANAWHA-HIGHWAYS-62","properties":{"canon_status":"REAL_REFERENCE","county_route":null,"federal_lands_route":null,"fictionality":"REAL","globalid":"{7B4B9CB0-7DA1-417E-A978-42F18813DCA3}","interstate":"64,77","interstate_a":"64,77","interstate_b":null,"interstate_c":null,"loaddate":1474001307000,"mtfcc_code":"S1100","name":"I- 77","objectid":9720240,"permanent_identifier":"27f5f864-e91c-4768-aa33-b97156959293","real_world_relation":"REFERENCE_ONLY","shape_Length":221.4724733783507,"source_datadesc":"2016 January MAFTIGER","source_datasetid":"{9298FF95-0FA8-4712-9AA5-9292C907CA63}","source_featureid":"1101747011780","source_id":"REF-KANAWHA-HIGHWAYS","source_originator":"U.S. Department of Commerce, U.S. Census Bureau, Geography Division","state_route":null,"state_route_a":null,"state_route_b":null,"state_route_c":null,"stco_fipscode":"54039","tnmfrc":1,"us_route":null,"us_route_a":null,"us_route_b":null,"us_route_c":null},"type":"Feature"},{"geometry":{"coordinates":[[-81.651967,38.354564],[-81.652136,38.354635],[-81.652499,38.354801],[-81.652851,38.354979],[-81.654105,38.35567],[-81.654442,38.355881],[-81.654894,38.356134],[-81.655327,38.356364]],"type":"LineString"},"id":"REF-KANAWHA-HIGHWAYS-63","properties":{"canon_status":"REAL_REFERENCE","county_route":null,"federal_lands_route":null,"fictionality":"REAL","globalid":"{C36078AF-BEBB-46B5-8F07-3F16C267ACCA}","interstate":"64","interstate_a":"64","interstate_b":null,"interstate_c":null,"loaddate":1568217705000,"mtfcc_code":"S1100","name":"I- 64","objectid":10318059,"permanent_identifier":"9fe194bc-23f0-4893-83ad-b69e35d37c3f","real_world_relation":"REFERENCE_ONLY","shape_Length":453.4028067958968,"source_datadesc":"2016 January MAFTIGER","source_datasetid":"{9298FF95-0FA8-4712-9AA5-9292C907CA63}","source_featureid":"1104991779163","source_id":"REF-KANAWHA-HIGHWAYS","source_originator":"U.S. Department of Commerce, U.S. Census Bureau, Geography Division","state_route":null,"state_route_a":null,"state_route_b":null,"state_route_c":null,"stco_fipscode":"54039","tnmfrc":1,"us_route":null,"us_route_a":null,"us_route_b":null,"us_route_c":null},"type":"Feature"},{"geometry":{"coordinates":[[-81.615233,38.346335],[-81.614971,38.346015],[-81.614682,38.345638],[-81.614421,38.34527],[-81.614221,38.344963],[-81.614205,38.344936],[-81.614098,38.344758],[-81.614067,38.344715]],"type":"LineString"},"id":"REF-KANAWHA-HIGHWAYS-64","properties":{"canon_status":"REAL_REFERENCE","county_route":null,"federal_lands_route":null,"fictionality":"REAL","globalid":"{A68F1256-6643-4696-864C-E8A2DD01850E}","interstate":"64,77","interstate_a":"64,77","interstate_b":null,"interstate_c":null,"loaddate":1474001302000,"mtfcc_code":"S1100","name":"I- 77","objectid":10997759,"permanent_identifier":"07937fa4-004b-4c66-ab8f-48c3cab13a55","real_world_relation":"REFERENCE_ONLY","shape_Length":264.28748744365157,"source_datadesc":"2016 January MAFTIGER","source_datasetid":"{9298FF95-0FA8-4712-9AA5-9292C907CA63}","source_featureid":"1101747011779","source_id":"REF-KANAWHA-HIGHWAYS","source_originator":"U.S. Department of Commerce, U.S. Census Bureau, Geography Division","state_route":null,"state_route_a":null,"state_route_b":null,"state_route_c":null,"stco_fipscode":"54039","tnmfrc":1,"us_route":null,"us_route_a":null,"us_route_b":null,"us_route_c":null},"type":"Feature"},{"geometry":{"coordinates":[[-81.563123,38.30929],[-81.563292,38.309243]],"type":"LineString"},"id":"REF-KANAWHA-HIGHWAYS-65","properties":{"canon_status":"REAL_REFERENCE","county_route":null,"federal_lands_route":null,"fictionality":"REAL","globalid":"{D3808ADA-9750-430B-8F28-6C013F8CC7D9}","interstate":"64,77","interstate_a":"64,77","interstate_b":null,"interstate_c":null,"loaddate":1474002730000,"mtfcc_code":"S1100","name":"W Virginia Tpke","objectid":11124969,"permanent_identifier":"878da387-0786-4e99-b072-52da0094a622","real_world_relation":"REFERENCE_ONLY","shape_Length":19.959672488095755,"source_datadesc":"2016 January MAFTIGER","source_datasetid":"{9298FF95-0FA8-4712-9AA5-9292C907CA63}","source_featureid":"1101747021229","source_id":"REF-KANAWHA-HIGHWAYS","source_originator":"U.S. Department of Commerce, U.S. Census Bureau, Geography Division","state_route":null,"state_route_a":null,"state_route_b":null,"state_route_c":null,"stco_fipscode":"54039","tnmfrc":1,"us_route":null,"us_route_a":null,"us_route_b":null,"us_route_c":null},"type":"Feature"},{"geometry":{"coordinates":[[-81.614448,38.345616],[-81.614333,38.345418],[-81.613986,38.344905],[-81.613711,38.344498],[-81.612586,38.342736],[-81.612344,38.342334],[-81.612136,38.342009]],"type":"LineString"},"id":"REF-KANAWHA-HIGHWAYS-66","properties":{"canon_status":"REAL_REFERENCE","county_route":null,"federal_lands_route":null,"fictionality":"REAL","globalid":"{7269A19E-8BB6-4EEC-89EC-3880B52F2766}","interstate":"64,77","interstate_a":"64,77","interstate_b":null,"interstate_c":null,"loaddate":1474001316000,"mtfcc_code":"S1100","name":"I- 64","objectid":11380173,"permanent_identifier":"1b622bb4-4b5d-4f94-b812-5df761056347","real_world_relation":"REFERENCE_ONLY","shape_Length":573.0871212998628,"source_datadesc":"2016 January MAFTIGER","source_datasetid":"{9298FF95-0FA8-4712-9AA5-9292C907CA63}","source_featureid":"1101747011767","source_id":"REF-KANAWHA-HIGHWAYS","source_originator":"U.S. Department of Commerce, U.S. Census Bureau, Geography Division","state_route":null,"state_route_a":null,"state_route_b":null,"state_route_c":null,"stco_fipscode":"54039","tnmfrc":1,"us_route":null,"us_route_a":null,"us_route_b":null,"us_route_c":null},"type":"Feature"},{"geometry":{"coordinates":[[-81.650378,38.354567],[-81.650262,38.354587],[-81.650112,38.354629],[-81.649998,38.354661],[-81.64974,38.354748],[-81.649491,38.354849],[-81.649394,38.354893],[-81.649188,38.355],[-81.649064,38.355064]],"type":"LineString"},"id":"REF-KANAWHA-HIGHWAYS-67","properties":{"canon_status":"REAL_REFERENCE","county_route":null,"federal_lands_route":null,"fictionality":"REAL","globalid":"{0B857B89-0647-4919-9123-FFF7AF3E3007}","interstate":"64","interstate_a":"64","interstate_b":null,"interstate_c":null,"loaddate":1568217705000,"mtfcc_code":"S1100","name":"I- 64","objectid":11467187,"permanent_identifier":"05a2fe72-81a3-4b18-9804-afc1fca1ae74","real_world_relation":"REFERENCE_ONLY","shape_Length":163.4067494618047,"source_datadesc":"2016 January MAFTIGER","source_datasetid":"{9298FF95-0FA8-4712-9AA5-9292C907CA63}","source_featureid":"1101747011767","source_id":"REF-KANAWHA-HIGHWAYS","source_originator":"U.S. Department of Commerce, U.S. Census Bureau, Geography Division","state_route":null,"state_route_a":null,"state_route_b":null,"state_route_c":null,"stco_fipscode":"54039","tnmfrc":1,"us_route":null,"us_route_a":null,"us_route_b":null,"us_route_c":null},"type":"Feature"},{"geometry":{"coordinates":[[-81.563353,38.309022],[-81.563302,38.309035]],"type":"LineString"},"id":"REF-KANAWHA-HIGHWAYS-68","properties":{"canon_status":"REAL_REFERENCE","county_route":null,"federal_lands_route":null,"fictionality":"REAL","globalid":"{F3990A02-FDB1-4988-85D7-03C11CAAD724}","interstate":"64,77","interstate_a":"64,77","interstate_b":null,"interstate_c":null,"loaddate":1474003168000,"mtfcc_code":"S1100","name":"W Virginia Tpke","objectid":11508156,"permanent_identifier":"c2b32efb-2448-41ac-9b9b-bfc0d4e78925","real_world_relation":"REFERENCE_ONLY","shape_Length":5.9693532139801535,"source_datadesc":"2016 January MAFTIGER","source_datasetid":"{9298FF95-0FA8-4712-9AA5-9292C907CA63}","source_featureid":"1101747021230","source_id":"REF-KANAWHA-HIGHWAYS","source_originator":"U.S. Department of Commerce, U.S. Census Bureau, Geography Division","state_route":null,"state_route_a":null,"state_route_b":null,"state_route_c":null,"stco_fipscode":"54039","tnmfrc":1,"us_route":null,"us_route_a":null,"us_route_b":null,"us_route_c":null},"type":"Feature"},{"geometry":{"coordinates":[[-81.568589,38.243285],[-81.56852,38.243212],[-81.568324,38.243023],[-81.567999,38.242683],[-81.567809,38.242501],[-81.567758,38.242452]],"type":"LineString"},"id":"REF-KANAWHA-HIGHWAYS-69","properties":{"canon_status":"REAL_REFERENCE","county_route":null,"federal_lands_route":null,"fictionality":"REAL","globalid":"{E68D28A6-733F-4248-B6E0-14FE5225572F}","interstate":"64,77","interstate_a":"64,77","interstate_b":null,"interstate_c":null,"loaddate":1474002730000,"mtfcc_code":"S1100","name":"W Virginia Tpke","objectid":11508454,"permanent_identifier":"6c8d0f87-1763-4cad-b9f0-eef4bde48e8b","real_world_relation":"REFERENCE_ONLY","shape_Length":150.0244406095953,"source_datadesc":"2016 January MAFTIGER","source_datasetid":"{9298FF95-0FA8-4712-9AA5-9292C907CA63}","source_featureid":"1101747021229","source_id":"REF-KANAWHA-HIGHWAYS","source_originator":"U.S. Department of Commerce, U.S. Census Bureau, Geography Division","state_route":null,"state_route_a":null,"state_route_b":null,"state_route_c":null,"stco_fipscode":"54039","tnmfrc":1,"us_route":null,"us_route_a":null,"us_route_b":null,"us_route_c":null},"type":"Feature"},{"geometry":{"coordinates":[[-81.613097,38.365505],[-81.613016,38.365547],[-81.612729,38.365717],[-81.612607,38.365796],[-81.612346,38.365965],[-81.612047,38.36617],[-81.611756,38.366382],[-81.611043,38.366957],[-81.610691,38.367256],[-81.610636,38.367306],[-81.61041,38.367516],[-81.610144,38.367786],[-81.609813,38.368147],[-81.609538,38.368467],[-81.609279,38.368795],[-81.609179,38.368928],[-81.608645,38.369735],[-81.608297,38.370277],[-81.608092,38.370596],[-81.607189,38.372036],[-81.606877,38.372515],[-81.606706,38.3728],[-81.606536,38.373053],[-81.606524,38.37308]],"type":"LineString"},"id":"REF-KANAWHA-HIGHWAYS-70","properties":{"canon_status":"REAL_REFERENCE","county_route":null,"federal_lands_route":null,"fictionality":"REAL","globalid":"{961A31E7-C626-46A7-AADA-C6000C3256B7}","interstate":"77","interstate_a":"77","interstate_b":null,"interstate_c":null,"loaddate":1474001302000,"mtfcc_code":"S1100","name":"I- 77","objectid":11635939,"permanent_identifier":"41272ec9-8078-41f4-8323-20c316c5dc81","real_world_relation":"REFERENCE_ONLY","shape_Length":1317.1930345889275,"source_datadesc":"2016 January MAFTIGER","source_datasetid":"{9298FF95-0FA8-4712-9AA5-9292C907CA63}","source_featureid":"1101747011781","source_id":"REF-KANAWHA-HIGHWAYS","source_originator":"U.S. Department of Commerce, U.S. Census Bureau, Geography Division","state_route":null,"state_route_a":null,"state_route_b":null,"state_route_c":null,"stco_fipscode":"54039","tnmfrc":1,"us_route":null,"us_route_a":null,"us_route_b":null,"us_route_c":null},"type":"Feature"},{"geometry":{"coordinates":[[-81.608337,38.378874],[-81.608473,38.37903],[-81.608951,38.379476],[-81.609406,38.379879],[-81.609724,38.380136],[-81.610056,38.380383],[-81.610716,38.380847],[-81.611188,38.381153],[-81.612228,38.381844],[-81.612927,38.382313],[-81.613295,38.382551],[-81.613579,38.382749],[-81.614514,38.383376],[-81.615249,38.383894],[-81.61551,38.384124]],"type":"LineString"},"id":"REF-KANAWHA-HIGHWAYS-71","properties":{"canon_status":"REAL_REFERENCE","county_route":null,"federal_lands_route":null,"fictionality":"REAL","globalid":"{9F69B07B-6B92-4417-8473-8A04689B2737}","interstate":"77","interstate_a":"77","interstate_b":null,"interstate_c":null,"loaddate":1568217705000,"mtfcc_code":"S1100","name":"I- 77","objectid":11978245,"permanent_identifier":"b4477876-62e5-470e-b19c-5613880ade26","real_world_relation":"REFERENCE_ONLY","shape_Length":1094.866963488045,"source_datadesc":"2016 January MAFTIGER","source_datasetid":"{9298FF95-0FA8-4712-9AA5-9292C907CA63}","source_featureid":"1101747011782","source_id":"REF-KANAWHA-HIGHWAYS","source_originator":"U.S. Department of Commerce, U.S. Census Bureau, Geography Division","state_route":null,"state_route_a":null,"state_route_b":null,"state_route_c":null,"stco_fipscode":"54039","tnmfrc":1,"us_route":null,"us_route_a":null,"us_route_b":null,"us_route_c":null},"type":"Feature"},{"geometry":{"coordinates":[[-81.605081,38.376677],[-81.605057,38.37671]],"type":"LineString"},"id":"REF-KANAWHA-HIGHWAYS-72","properties":{"canon_status":"REAL_REFERENCE","county_route":null,"federal_lands_route":null,"fictionality":"REAL","globalid":"{EF600557-D639-4165-A702-B86E63F64BC7}","interstate":"79","interstate_a":"79","interstate_b":null,"interstate_c":null,"loaddate":1474001322000,"mtfcc_code":"S1100","name":"I- 79","objectid":12018645,"permanent_identifier":"3aa5a4b7-a252-4fe6-82da-160e8a720931","real_world_relation":"REFERENCE_ONLY","shape_Length":5.394037416422949,"source_datadesc":"2016 January MAFTIGER","source_datasetid":"{9298FF95-0FA8-4712-9AA5-9292C907CA63}","source_featureid":"1101747011783","source_id":"REF-KANAWHA-HIGHWAYS","source_originator":"U.S. Department of Commerce, U.S. Census Bureau, Geography Division","state_route":null,"state_route_a":null,"state_route_b":null,"state_route_c":null,"stco_fipscode":"54039","tnmfrc":1,"us_route":null,"us_route_a":null,"us_route_b":null,"us_route_c":null},"type":"Feature"},{"geometry":{"coordinates":[[-81.619761,38.363383],[-81.618159,38.363796],[-81.617254,38.364021],[-81.616624,38.364193],[-81.616014,38.364407]],"type":"LineString"},"id":"REF-KANAWHA-HIGHWAYS-73","properties":{"canon_status":"REAL_REFERENCE","county_route":null,"federal_lands_route":null,"fictionality":"REAL","globalid":"{B08957D6-D3ED-414A-A6E8-E3DD4DE09B07}","interstate":"77","interstate_a":"77","interstate_b":null,"interstate_c":null,"loaddate":1474001302000,"mtfcc_code":"S1100","name":"I- 77","objectid":12018714,"permanent_identifier":"4cb4e353-334c-4cd2-b6c4-7c945e66a34e","real_world_relation":"REFERENCE_ONLY","shape_Length":442.06643900483505,"source_datadesc":"2016 January MAFTIGER","source_datasetid":"{9298FF95-0FA8-4712-9AA5-9292C907CA63}","source_featureid":"1101747011782","source_id":"REF-KANAWHA-HIGHWAYS","source_originator":"U.S. Department of Commerce, U.S. Census Bureau, Geography Division","state_route":null,"state_route_a":null,"state_route_b":null,"state_route_c":null,"stco_fipscode":"54039","tnmfrc":1,"us_route":null,"us_route_a":null,"us_route_b":null,"us_route_c":null},"type":"Feature"},{"geometry":{"coordinates":[[-81.500023,38.192873],[-81.499846,38.192815],[-81.499627,38.192763],[-81.499341,38.192701],[-81.4989,38.19263],[-81.498675,38.192602],[-81.49853,38.192587],[-81.498479,38.192582],[-81.498128,38.192569],[-81.49795,38.192574],[-81.497525,38.192568],[-81.492742,38.192557],[-81.492312,38.192566],[-81.491892,38.192583],[-81.491473,38.192612],[-81.491054,38.192653],[-81.490635,38.192703],[-81.490079,38.192786],[-81.489526,38.192888],[-81.488998,38.193006],[-81.488573,38.193113],[-81.488173,38.193227],[-81.487518,38.193428],[-81.481472,38.195338],[-81.481077,38.195451],[-81.480878,38.195498],[-81.480559,38.195553],[-81.480293,38.195582],[-81.480037,38.195596],[-81.47972,38.195593]],"type":"LineString"},"id":"REF-KANAWHA-HIGHWAYS-74","properties":{"canon_status":"REAL_REFERENCE","county_route":null,"federal_lands_route":null,"fictionality":"REAL","globalid":"{098D0522-B912-4D74-9D63-5316C0DB7B8C}","interstate":"64,77","interstate_a":"64,77","interstate_b":null,"interstate_c":null,"loaddate":1474002730000,"mtfcc_code":"S1100","name":"W Virginia Tpke","objectid":12530248,"permanent_identifier":"3dabcf93-4bac-4613-8d65-de140963dfe7","real_world_relation":"REFERENCE_ONLY","shape_Length":2339.791001309744,"source_datadesc":"2016 January MAFTIGER","source_datasetid":"{9298FF95-0FA8-4712-9AA5-9292C907CA63}","source_featureid":"1101747021229","source_id":"REF-KANAWHA-HIGHWAYS","source_originator":"U.S. Department of Commerce, U.S. Census Bureau, Geography Division","state_route":null,"state_route_a":null,"state_route_b":null,"state_route_c":null,"stco_fipscode":"54039","tnmfrc":1,"us_route":null,"us_route_a":null,"us_route_b":null,"us_route_c":null},"type":"Feature"},{"geometry":{"coordinates":[[-81.62768,38.353257],[-81.627078,38.353124]],"type":"LineString"},"id":"REF-KANAWHA-HIGHWAYS-75","properties":{"canon_status":"REAL_REFERENCE","county_route":null,"federal_lands_route":null,"fictionality":"REAL","globalid":"{A8E6D31E-0D52-4AEA-959C-869CC8F7ACE6}","interstate":"64,77","interstate_a":"64,77","interstate_b":null,"interstate_c":null,"loaddate":1474001302000,"mtfcc_code":"S1100","name":"I- 64","objectid":12530328,"permanent_identifier":"e6ccf9c5-2ffe-4521-a89d-8ff9259cb4b6","real_world_relation":"REFERENCE_ONLY","shape_Length":69.62310432313355,"source_datadesc":"2016 January MAFTIGER","source_datasetid":"{9298FF95-0FA8-4712-9AA5-9292C907CA63}","source_featureid":"1101747011767","source_id":"REF-KANAWHA-HIGHWAYS","source_originator":"U.S. Department of Commerce, U.S. Census Bureau, Geography Division","state_route":null,"state_route_a":null,"state_route_b":null,"state_route_c":null,"stco_fipscode":"54039","tnmfrc":1,"us_route":null,"us_route_a":null,"us_route_b":null,"us_route_c":null},"type":"Feature"},{"geometry":{"coordinates":[[-81.566628,38.306907],[-81.566659,38.306804],[-81.566696,38.306531],[-81.566727,38.306173],[-81.56673,38.305966]],"type":"LineString"},"id":"REF-KANAWHA-HIGHWAYS-76","properties":{"canon_status":"REAL_REFERENCE","county_route":null,"federal_lands_route":null,"fictionality":"REAL","globalid":"{CE443301-E6EE-452D-B7A1-D9D5B5ECADB8}","interstate":"64,77","interstate_a":"64,77","interstate_b":null,"interstate_c":null,"loaddate":1568217705000,"mtfcc_code":"S1100","name":"W Virginia Tpke","objectid":12617408,"permanent_identifier":"681be0c0-0b7e-4c65-b317-8a882ab929f5","real_world_relation":"REFERENCE_ONLY","shape_Length":134.12758282524794,"source_datadesc":"2018 May MAF/TIGER","source_datasetid":"{9298FF95-0FA8-4712-9AA5-9292C907CA63}","source_featureid":"1101747021229","source_id":"REF-KANAWHA-HIGHWAYS","source_originator":"U.S. Department of Commerce, U.S. Census Bureau, Geography Division","state_route":null,"state_route_a":null,"state_route_b":null,"state_route_c":null,"stco_fipscode":"54039","tnmfrc":1,"us_route":null,"us_route_a":null,"us_route_b":null,"us_route_c":null},"type":"Feature"},{"geometry":{"coordinates":[[-81.602618,38.378788],[-81.602458,38.379007],[-81.601927,38.379701],[-81.601585,38.380169],[-81.601277,38.380526],[-81.60102,38.380808],[-81.600837,38.380996],[-81.600577,38.381235],[-81.600303,38.381463],[-81.600131,38.381595],[-81.599817,38.381817],[-81.599403,38.382091],[-81.598808,38.382423],[-81.598591,38.382522],[-81.5985,38.382563],[-81.59831,38.382642]],"type":"LineString"},"id":"REF-KANAWHA-HIGHWAYS-77","properties":{"canon_status":"REAL_REFERENCE","county_route":null,"federal_lands_route":null,"fictionality":"REAL","globalid":"{EE43F5CC-C2F2-48DE-AB9A-05B9F6B6152A}","interstate":"79","interstate_a":"79","interstate_b":null,"interstate_c":null,"loaddate":1474001307000,"mtfcc_code":"S1100","name":"I- 79","objectid":12658411,"permanent_identifier":"44a2b5a5-7670-4ca9-b998-86b8143315b5","real_world_relation":"REFERENCE_ONLY","shape_Length":739.4956571080246,"source_datadesc":"2016 January MAFTIGER","source_datasetid":"{9298FF95-0FA8-4712-9AA5-9292C907CA63}","source_featureid":"1104258509213","source_id":"REF-KANAWHA-HIGHWAYS","source_originator":"U.S. Department of Commerce, U.S. Census Bureau, Geography Division","state_route":null,"state_route_a":null,"state_route_b":null,"state_route_c":null,"stco_fipscode":"54039","tnmfrc":1,"us_route":null,"us_route_a":null,"us_route_b":null,"us_route_c":null},"type":"Feature"},{"geometry":{"coordinates":[[-81.567913,38.32115],[-81.567201,38.320663],[-81.566841,38.320408]],"type":"LineString"},"id":"REF-KANAWHA-HIGHWAYS-78","properties":{"canon_status":"REAL_REFERENCE","county_route":null,"federal_lands_route":null,"fictionality":"REAL","globalid":"{02B386C0-4B3A-4787-91CA-3DCBAAE72D94}","interstate":"64,77","interstate_a":"64,77","interstate_b":null,"interstate_c":null,"loaddate":1474002730000,"mtfcc_code":"S1100","name":"W Virginia Tpke","objectid":12785717,"permanent_identifier":"60709317-99f3-4097-81e3-be239cfa6945","real_world_relation":"REFERENCE_ONLY","shape_Length":159.14368434523155,"source_datadesc":"2016 January MAFTIGER","source_datasetid":"{9298FF95-0FA8-4712-9AA5-9292C907CA63}","source_featureid":"1101747021229","source_id":"REF-KANAWHA-HIGHWAYS","source_originator":"U.S. Department of Commerce, U.S. Census Bureau, Geography Division","state_route":null,"state_route_a":null,"state_route_b":null,"state_route_c":null,"stco_fipscode":"54039","tnmfrc":1,"us_route":"60","us_route_a":"60","us_route_b":null,"us_route_c":null},"type":"Feature"},{"geometry":{"coordinates":[[-81.655835,38.356743],[-81.655461,38.356584],[-81.655095,38.356412],[-81.654809,38.356267],[-81.654385,38.356039],[-81.654042,38.355838],[-81.653502,38.35551],[-81.65288,38.355157],[-81.65235,38.354876],[-81.652136,38.354767],[-81.651909,38.354691],[-81.651858,38.354677]],"type":"LineString"},"id":"REF-KANAWHA-HIGHWAYS-79","properties":{"canon_status":"REAL_REFERENCE","county_route":null,"federal_lands_route":null,"fictionality":"REAL","globalid":"{194119F4-7CA5-42C9-A63B-AF57E16E56E6}","interstate":"64","interstate_a":"64","interstate_b":null,"interstate_c":null,"loaddate":1568217705000,"mtfcc_code":"S1100","name":"I- 64","objectid":12872827,"permanent_identifier":"c5779c51-015c-4c68-b83f-aa26c9ae900b","real_world_relation":"REFERENCE_ONLY","shape_Length":532.2916717785567,"source_datadesc":"2016 January MAFTIGER","source_datasetid":"{9298FF95-0FA8-4712-9AA5-9292C907CA63}","source_featureid":"1101747011767","source_id":"REF-KANAWHA-HIGHWAYS","source_originator":"U.S. Department of Commerce, U.S. Census Bureau, Geography Division","state_route":null,"state_route_a":null,"state_route_b":null,"state_route_c":null,"stco_fipscode":"54039","tnmfrc":1,"us_route":null,"us_route_a":null,"us_route_b":null,"us_route_c":null},"type":"Feature"},{"geometry":{"coordinates":[[-81.526543,38.211955],[-81.526095,38.211637],[-81.525709,38.211391],[-81.525335,38.211161],[-81.525173,38.211061],[-81.52447,38.210637],[-81.524401,38.210592],[-81.524345,38.210561],[-81.523564,38.210068],[-81.523161,38.209792],[-81.522619,38.209401],[-81.520605,38.207893],[-81.51989,38.207357],[-81.519596,38.207127],[-81.519212,38.206811],[-81.518931,38.206568],[-81.518567,38.206238],[-81.518213,38.205897],[-81.517866,38.205545],[-81.51754,38.205192],[-81.51555,38.202931],[-81.515222,38.202576],[-81.514884,38.202231],[-81.514531,38.20189],[-81.514164,38.201554],[-81.513792,38.201234],[-81.513371,38.200891],[-81.512972,38.200585],[-81.512803,38.200463],[-81.512459,38.200215],[-81.511816,38.199787],[-81.51138,38.199517],[-81.511045,38.19932],[-81.510175,38.198828],[-81.50654,38.196773],[-81.505641,38.19626],[-81.505195,38.19599],[-81.504767,38.195716],[-81.504343,38.195428],[-81.503811,38.195045]],"type":"LineString"},"id":"REF-KANAWHA-HIGHWAYS-80","properties":{"canon_status":"REAL_REFERENCE","county_route":null,"federal_lands_route":null,"fictionality":"REAL","globalid":"{6DE4C565-5CA8-44BB-90D3-509DE3B56BE7}","interstate":"64,77","interstate_a":"64,77","interstate_b":null,"interstate_c":null,"loaddate":1474002730000,"mtfcc_code":"S1100","name":"W Virginia Tpke","objectid":13041422,"permanent_identifier":"c600f871-7ede-41a9-b4c9-d88b8936fc92","real_world_relation":"REFERENCE_ONLY","shape_Length":3508.0970416980185,"source_datadesc":"2016 January MAFTIGER","source_datasetid":"{9298FF95-0FA8-4712-9AA5-9292C907CA63}","source_featureid":"1101747021229","source_id":"REF-KANAWHA-HIGHWAYS","source_originator":"U.S. Department of Commerce, U.S. Census Bureau, Geography Division","state_route":null,"state_route_a":null,"state_route_b":null,"state_route_c":null,"stco_fipscode":"54039","tnmfrc":1,"us_route":null,"us_route_a":null,"us_route_b":null,"us_route_c":null},"type":"Feature"},{"geometry":{"coordinates":[[-81.650204,38.354438],[-81.650253,38.354427],[-81.650334,38.354415]],"type":"LineString"},"id":"REF-KANAWHA-HIGHWAYS-81","properties":{"canon_status":"REAL_REFERENCE","county_route":null,"federal_lands_route":null,"fictionality":"REAL","globalid":"{7A2AA8EB-17E5-4CAE-96BE-A0785BA523F7}","interstate":"64","interstate_a":"64","interstate_b":null,"interstate_c":null,"loaddate":1568217705000,"mtfcc_code":"S1100","name":"I- 64","objectid":13255725,"permanent_identifier":"d1dc442a-52bd-4ecc-b111-f1686247f07d","real_world_relation":"REFERENCE_ONLY","shape_Length":14.850188304835926,"source_datadesc":"2016 January MAFTIGER","source_datasetid":"{9298FF95-0FA8-4712-9AA5-9292C907CA63}","source_featureid":"1104991779163","source_id":"REF-KANAWHA-HIGHWAYS","source_originator":"U.S. Department of Commerce, U.S. Census Bureau, Geography Division","state_route":null,"state_route_a":null,"state_route_b":null,"state_route_c":null,"stco_fipscode":"54039","tnmfrc":1,"us_route":null,"us_route_a":null,"us_route_b":null,"us_route_c":null},"type":"Feature"},{"geometry":{"coordinates":[[-81.586303,38.332829],[-81.586574,38.332931],[-81.586699,38.332974],[-81.586914,38.333047]],"type":"LineString"},"id":"REF-KANAWHA-HIGHWAYS-82","properties":{"canon_status":"REAL_REFERENCE","county_route":null,"federal_lands_route":null,"fictionality":"REAL","globalid":"{24768826-4D09-4DDC-93F3-7E898827E59C}","interstate":"64,77","interstate_a":"64,77","interstate_b":null,"interstate_c":null,"loaddate":1474003168000,"mtfcc_code":"S1100","name":"W Virginia Tpke","objectid":13679193,"permanent_identifier":"e31f91ef-ead8-4a2f-a4b3-d1049889796f","real_world_relation":"REFERENCE_ONLY","shape_Length":74.73433181539382,"source_datadesc":"2016 January MAFTIGER","source_datasetid":"{9298FF95-0FA8-4712-9AA5-9292C907CA63}","source_featureid":"1101747021230","source_id":"REF-KANAWHA-HIGHWAYS","source_originator":"U.S. Department of Commerce, U.S. Census Bureau, Geography Division","state_route":null,"state_route_a":null,"state_route_b":null,"state_route_c":null,"stco_fipscode":"54039","tnmfrc":1,"us_route":null,"us_route_a":null,"us_route_b":null,"us_route_c":null},"type":"Feature"},{"geometry":{"coordinates":[[-81.504077,38.195383],[-81.50456,38.195719],[-81.504986,38.195996],[-81.50553,38.196329],[-81.506538,38.196904],[-81.510972,38.199412],[-81.511354,38.199636],[-81.511792,38.199908],[-81.512223,38.200193],[-81.512705,38.200533],[-81.512738,38.200556],[-81.512802,38.200607],[-81.513004,38.200755],[-81.513522,38.201163],[-81.513819,38.201411],[-81.514222,38.201766],[-81.514532,38.202054],[-81.514985,38.202501],[-81.515164,38.202691],[-81.515588,38.203158],[-81.517333,38.205147],[-81.517655,38.205501],[-81.517985,38.205842],[-81.518332,38.206182],[-81.518688,38.206513],[-81.519055,38.206837],[-81.5195,38.207203],[-81.52002,38.207602],[-81.52048,38.207946],[-81.522606,38.209539],[-81.523237,38.209989],[-81.523658,38.210267],[-81.523734,38.210312],[-81.523821,38.21037],[-81.525274,38.21126],[-81.525748,38.21155],[-81.526305,38.211922],[-81.526373,38.211971]],"type":"LineString"},"id":"REF-KANAWHA-HIGHWAYS-83","properties":{"canon_status":"REAL_REFERENCE","county_route":null,"federal_lands_route":null,"fictionality":"REAL","globalid":"{99300CCC-E3B8-4D3B-B3E9-F381FCB20809}","interstate":"64,77","interstate_a":"64,77","interstate_b":null,"interstate_c":null,"loaddate":1474003165000,"mtfcc_code":"S1100","name":"W Virginia Tpke","objectid":13806809,"permanent_identifier":"036e5997-4e31-4b4e-8d93-0eade294ea86","real_world_relation":"REFERENCE_ONLY","shape_Length":3441.596132604922,"source_datadesc":"2016 January MAFTIGER","source_datasetid":"{9298FF95-0FA8-4712-9AA5-9292C907CA63}","source_featureid":"1101747021230","source_id":"REF-KANAWHA-HIGHWAYS","source_originator":"U.S. Department of Commerce, U.S. Census Bureau, Geography Division","state_route":null,"state_route_a":null,"state_route_b":null,"state_route_c":null,"stco_fipscode":"54039","tnmfrc":1,"us_route":null,"us_route_a":null,"us_route_b":null,"us_route_c":null},"type":"Feature"},{"geometry":{"coordinates":[[-81.573686,38.25716],[-81.573678,38.257203],[-81.573638,38.257562],[-81.57362,38.257719],[-81.573609,38.257822],[-81.573588,38.258156],[-81.573577,38.258548],[-81.573587,38.259026],[-81.573695,38.261629],[-81.573888,38.266247],[-81.573894,38.266568],[-81.573877,38.267017],[-81.573863,38.267183],[-81.573807,38.267623],[-81.573196,38.271388],[-81.573099,38.272035],[-81.573038,38.272564],[-81.57248,38.277746],[-81.572424,38.278176],[-81.572313,38.278824],[-81.572202,38.279349],[-81.572091,38.279798],[-81.571974,38.28022],[-81.571844,38.280642],[-81.571627,38.281264],[-81.570383,38.284574],[-81.569316,38.287571],[-81.569128,38.288075],[-81.56898,38.288397],[-81.568814,38.288714],[-81.568605,38.289037],[-81.56808,38.289752],[-81.567557,38.290445],[-81.56704,38.291159],[-81.566727,38.291615],[-81.566503,38.291969],[-81.566439,38.292077],[-81.565936,38.29294],[-81.565748,38.293278],[-81.565702,38.293359],[-81.565437,38.293835],[-81.565381,38.293937],[-81.565282,38.294127],[-81.565181,38.294325],[-81.565097,38.294527],[-81.565018,38.294771],[-81.564965,38.294967],[-81.564931,38.295166],[-81.564923,38.295266],[-81.564913,38.29541],[-81.564915,38.295628],[-81.564936,38.295846],[-81.56497,38.296028],[-81.565049,38.296339],[-81.565329,38.297225],[-81.565524,38.297881]],"type":"LineString"},"id":"REF-KANAWHA-HIGHWAYS-84","properties":{"canon_status":"REAL_REFERENCE","county_route":null,"federal_lands_route":null,"fictionality":"REAL","globalid":"{E66D69E4-0799-4D32-90B8-401C8EE7E004}","interstate":"64,77","interstate_a":"64,77","interstate_b":null,"interstate_c":null,"loaddate":1568217705000,"mtfcc_code":"S1100","name":"W Virginia Tpke","objectid":14021516,"permanent_identifier":"3b2993b8-7d98-4c9a-b0f4-b81090f42513","real_world_relation":"REFERENCE_ONLY","shape_Length":5948.352550870613,"source_datadesc":"2016 January MAFTIGER","source_datasetid":"{9298FF95-0FA8-4712-9AA5-9292C907CA63}","source_featureid":"1101747021230","source_id":"REF-KANAWHA-HIGHWAYS","source_originator":"U.S. Department of Commerce, U.S. Census Bureau, Geography Division","state_route":null,"state_route_a":null,"state_route_b":null,"state_route_c":null,"stco_fipscode":"54039","tnmfrc":1,"us_route":null,"us_route_a":null,"us_route_b":null,"us_route_c":null},"type":"Feature"},{"geometry":{"coordinates":[[-81.651047,38.354375],[-81.651264,38.354396],[-81.651486,38.354431],[-81.651703,38.354479],[-81.651915,38.354542],[-81.651967,38.354564]],"type":"LineString"},"id":"REF-KANAWHA-HIGHWAYS-85","properties":{"canon_status":"REAL_REFERENCE","county_route":null,"federal_lands_route":null,"fictionality":"REAL","globalid":"{B9E68138-1F81-4C26-9E61-B7B5EBE82237}","interstate":"64","interstate_a":"64","interstate_b":null,"interstate_c":null,"loaddate":1568217705000,"mtfcc_code":"S1100","name":"I- 64","objectid":14277149,"permanent_identifier":"0bcfa1f3-28c3-4066-9fd8-d8ad517edb18","real_world_relation":"REFERENCE_ONLY","shape_Length":106.4607565554882,"source_datadesc":"2016 January MAFTIGER","source_datasetid":"{9298FF95-0FA8-4712-9AA5-9292C907CA63}","source_featureid":"1104991779163","source_id":"REF-KANAWHA-HIGHWAYS","source_originator":"U.S. Department of Commerce, U.S. Census Bureau, Geography Division","state_route":null,"state_route_a":null,"state_route_b":null,"state_route_c":null,"stco_fipscode":"54039","tnmfrc":1,"us_route":null,"us_route_a":null,"us_route_b":null,"us_route_c":null},"type":"Feature"},{"geometry":{"coordinates":[[-81.631722,38.354954],[-81.631761,38.355029]],"type":"LineString"},"id":"REF-KANAWHA-HIGHWAYS-86","properties":{"canon_status":"REAL_REFERENCE","county_route":null,"federal_lands_route":null,"fictionality":"REAL","globalid":"{A652684E-3F5E-49AD-8463-2391A1D6BDDF}","interstate":"64,77","interstate_a":"64,77","interstate_b":null,"interstate_c":null,"loaddate":1474001307000,"mtfcc_code":"S1100","name":"I- 64","objectid":14317821,"permanent_identifier":"b56fa86b-856b-461d-8d5f-7902f9940aeb","real_world_relation":"REFERENCE_ONLY","shape_Length":11.497917389441591,"source_datadesc":"2016 January MAFTIGER","source_datasetid":"{9298FF95-0FA8-4712-9AA5-9292C907CA63}","source_featureid":"1104991779163","source_id":"REF-KANAWHA-HIGHWAYS","source_originator":"U.S. Department of Commerce, U.S. Census Bureau, Geography Division","state_route":null,"state_route_a":null,"state_route_b":null,"state_route_c":null,"stco_fipscode":"54039","tnmfrc":1,"us_route":null,"us_route_a":null,"us_route_b":null,"us_route_c":null},"type":"Feature"},{"geometry":{"coordinates":[[-81.630598,38.360389],[-81.630336,38.360492],[-81.630091,38.360572],[-81.629285,38.36082],[-81.628351,38.361109],[-81.627758,38.361315]],"type":"LineString"},"id":"REF-KANAWHA-HIGHWAYS-87","properties":{"canon_status":"REAL_REFERENCE","county_route":null,"federal_lands_route":null,"fictionality":"REAL","globalid":"{0FAE2250-4356-486D-B1DD-AD1BB7CD5811}","interstate":"77","interstate_a":"77","interstate_b":null,"interstate_c":null,"loaddate":1568217705000,"mtfcc_code":"S1100","name":"I- 77","objectid":14404762,"permanent_identifier":"a13eb5c6-a322-4b19-999f-5d7b29574189","real_world_relation":"REFERENCE_ONLY","shape_Length":342.3988189219437,"source_datadesc":"2018 May MAF/TIGER","source_datasetid":"{9298FF95-0FA8-4712-9AA5-9292C907CA63}","source_featureid":"1101747011782","source_id":"REF-KANAWHA-HIGHWAYS","source_originator":"U.S. Department of Commerce, U.S. Census Bureau, Geography Division","state_route":null,"state_route_a":null,"state_route_b":null,"state_route_c":null,"stco_fipscode":"54039","tnmfrc":1,"us_route":null,"us_route_a":null,"us_route_b":null,"us_route_c":null},"type":"Feature"},{"geometry":{"coordinates":[[-81.586542,38.332798],[-81.586444,38.332761],[-81.586042,38.33261]],"type":"LineString"},"id":"REF-KANAWHA-HIGHWAYS-88","properties":{"canon_status":"REAL_REFERENCE","county_route":null,"federal_lands_route":null,"fictionality":"REAL","globalid":"{B84B9B43-D1E8-468A-B780-0E743610FC12}","interstate":"64,77","interstate_a":"64,77","interstate_b":null,"interstate_c":null,"loaddate":1474001520000,"mtfcc_code":"S1100","name":"W Virginia Tpke","objectid":14445656,"permanent_identifier":"b45b74f9-f40e-4018-9ef6-3a6418043a16","real_world_relation":"REFERENCE_ONLY","shape_Length":61.72362324310023,"source_datadesc":"2016 January MAFTIGER","source_datasetid":"{9298FF95-0FA8-4712-9AA5-9292C907CA63}","source_featureid":"1101747021229","source_id":"REF-KANAWHA-HIGHWAYS","source_originator":"U.S. Department of Commerce, U.S. Census Bureau, Geography Division","state_route":null,"state_route_a":null,"state_route_b":null,"state_route_c":null,"stco_fipscode":"54039","tnmfrc":1,"us_route":null,"us_route_a":null,"us_route_b":null,"us_route_c":null},"type":"Feature"},{"geometry":{"coordinates":[[-81.563462,38.309195],[-81.563962,38.309058],[-81.564226,38.308986],[-81.564532,38.308887],[-81.56483,38.308774],[-81.56497,38.308706],[-81.56515,38.308609],[-81.565322,38.308504],[-81.565527,38.308363],[-81.565685,38.308238],[-81.565857,38.308085],[-81.565873,38.308076]],"type":"LineString"},"id":"REF-KANAWHA-HIGHWAYS-89","properties":{"canon_status":"REAL_REFERENCE","county_route":null,"federal_lands_route":null,"fictionality":"REAL","globalid":"{F03A4532-EE02-44D1-9DE4-EF416C1C4262}","interstate":"64,77","interstate_a":"64,77","interstate_b":null,"interstate_c":null,"loaddate":1568217705000,"mtfcc_code":"S1100","name":"W Virginia Tpke","objectid":14788105,"permanent_identifier":"d89a13af-bf4a-4a7b-91ce-1054bbf24acc","real_world_relation":"REFERENCE_ONLY","shape_Length":317.1105837076547,"source_datadesc":"2016 January MAFTIGER","source_datasetid":"{9298FF95-0FA8-4712-9AA5-9292C907CA63}","source_featureid":"1101747021229","source_id":"REF-KANAWHA-HIGHWAYS","source_originator":"U.S. Department of Commerce, U.S. Census Bureau, Geography Division","state_route":null,"state_route_a":null,"state_route_b":null,"state_route_c":null,"stco_fipscode":"54039","tnmfrc":1,"us_route":null,"us_route_a":null,"us_route_b":null,"us_route_c":null},"type":"Feature"},{"geometry":{"coordinates":[[-81.615732,38.364499],[-81.615459,38.364588],[-81.615172,38.36469],[-81.614709,38.364883],[-81.61426,38.365085],[-81.613779,38.365318],[-81.613366,38.365541],[-81.612707,38.365937],[-81.61231,38.366193],[-81.611926,38.366461],[-81.611554,38.366739],[-81.610947,38.367264],[-81.610623,38.367556],[-81.610452,38.36771],[-81.60995,38.368272],[-81.609557,38.368727],[-81.609299,38.36907],[-81.609058,38.369421],[-81.608833,38.369779],[-81.608407,38.370496]],"type":"LineString"},"id":"REF-KANAWHA-HIGHWAYS-90","properties":{"canon_status":"REAL_REFERENCE","county_route":null,"federal_lands_route":null,"fictionality":"REAL","globalid":"{762F99E1-A23A-4074-9E64-DF62647FE636}","interstate":"77","interstate_a":"77","interstate_b":null,"interstate_c":null,"loaddate":1474001307000,"mtfcc_code":"S1100","name":"I- 77","objectid":15084293,"permanent_identifier":"d43a17e3-2b4d-4f35-abdb-7e893e0903a4","real_world_relation":"REFERENCE_ONLY","shape_Length":1208.9311122357396,"source_datadesc":"2016 January MAFTIGER","source_datasetid":"{9298FF95-0FA8-4712-9AA5-9292C907CA63}","source_featureid":"1101747011782","source_id":"REF-KANAWHA-HIGHWAYS","source_originator":"U.S. Department of Commerce, U.S. Census Bureau, Geography Division","state_route":null,"state_route_a":null,"state_route_b":null,"state_route_c":null,"stco_fipscode":"54039","tnmfrc":1,"us_route":null,"us_route_a":null,"us_route_b":null,"us_route_c":null},"type":"Feature"},{"geometry":{"coordinates":[[-81.605959,38.375377],[-81.60597,38.375581],[-81.606005,38.375858],[-81.606063,38.376157],[-81.606141,38.376453],[-81.606251,38.376793],[-81.606275,38.37686],[-81.606292,38.376893]],"type":"LineString"},"id":"REF-KANAWHA-HIGHWAYS-91","properties":{"canon_status":"REAL_REFERENCE","county_route":null,"federal_lands_route":null,"fictionality":"REAL","globalid":"{BC44441D-3BAC-4FEC-A707-21996593C77C}","interstate":"77","interstate_a":"77","interstate_b":null,"interstate_c":null,"loaddate":1474001302000,"mtfcc_code":"S1100","name":"I- 77","objectid":15084310,"permanent_identifier":"7e9b6591-553d-4706-9f6a-ce54e3e4118e","real_world_relation":"REFERENCE_ONLY","shape_Length":219.12718007280145,"source_datadesc":"2016 January MAFTIGER","source_datasetid":"{9298FF95-0FA8-4712-9AA5-9292C907CA63}","source_featureid":"1101747011781","source_id":"REF-KANAWHA-HIGHWAYS","source_originator":"U.S. Department of Commerce, U.S. Census Bureau, Geography Division","state_route":null,"state_route_a":null,"state_route_b":null,"state_route_c":null,"stco_fipscode":"54039","tnmfrc":1,"us_route":null,"us_route_a":null,"us_route_b":null,"us_route_c":null},"type":"Feature"},{"geometry":{"coordinates":[[-81.608407,38.370496],[-81.60826,38.370772],[-81.607968,38.371396],[-81.607666,38.371983],[-81.607477,38.37238],[-81.607219,38.372894],[-81.607138,38.373066],[-81.606982,38.373399],[-81.6065,38.374395],[-81.606237,38.374903],[-81.605959,38.375377]],"type":"LineString"},"id":"REF-KANAWHA-HIGHWAYS-92","properties":{"canon_status":"REAL_REFERENCE","county_route":null,"federal_lands_route":null,"fictionality":"REAL","globalid":"{E597FE2E-3913-42DC-B004-3F5E09AF3028}","interstate":"79","interstate_a":"79","interstate_b":null,"interstate_c":null,"loaddate":1474001307000,"mtfcc_code":"S1100","name":"I- 79","objectid":15212181,"permanent_identifier":"14b7a71f-91b4-4182-82e3-6bc2d21ee034","real_world_relation":"REFERENCE_ONLY","shape_Length":744.9099819119035,"source_datadesc":"2016 January MAFTIGER","source_datasetid":"{9298FF95-0FA8-4712-9AA5-9292C907CA63}","source_featureid":"1101747011783","source_id":"REF-KANAWHA-HIGHWAYS","source_originator":"U.S. Department of Commerce, U.S. Census Bureau, Geography Division","state_route":null,"state_route_a":null,"state_route_b":null,"state_route_c":null,"stco_fipscode":"54039","tnmfrc":1,"us_route":null,"us_route_a":null,"us_route_b":null,"us_route_c":null},"type":"Feature"},{"geometry":{"coordinates":[[-81.641321,38.358859],[-81.64153,38.358759],[-81.643992,38.357534]],"type":"LineString"},"id":"REF-KANAWHA-HIGHWAYS-93","properties":{"canon_status":"REAL_REFERENCE","county_route":null,"federal_lands_route":null,"fictionality":"REAL","globalid":"{60474586-9FF5-4C90-94ED-646E9003FBED}","interstate":"64","interstate_a":"64","interstate_b":null,"interstate_c":null,"loaddate":1568217705000,"mtfcc_code":"S1100","name":"I- 64","objectid":15426891,"permanent_identifier":"d201d9c3-72fb-4d7d-8400-0c5e12c12c70","real_world_relation":"REFERENCE_ONLY","shape_Length":351.8413377755782,"source_datadesc":"2016 January MAFTIGER","source_datasetid":"{9298FF95-0FA8-4712-9AA5-9292C907CA63}","source_featureid":"1104991779163","source_id":"REF-KANAWHA-HIGHWAYS","source_originator":"U.S. Department of Commerce, U.S. Census Bureau, Geography Division","state_route":null,"state_route_a":null,"state_route_b":null,"state_route_c":null,"stco_fipscode":"54039","tnmfrc":1,"us_route":null,"us_route_a":null,"us_route_b":null,"us_route_c":null},"type":"Feature"},{"geometry":{"coordinates":[[-81.616014,38.364407],[-81.615732,38.364499]],"type":"LineString"},"id":"REF-KANAWHA-HIGHWAYS-94","properties":{"canon_status":"REAL_REFERENCE","county_route":null,"federal_lands_route":null,"fictionality":"REAL","globalid":"{30BE3DB9-EE85-42F0-B53D-662AB64AC6B8}","interstate":"77","interstate_a":"77","interstate_b":null,"interstate_c":null,"loaddate":1474001322000,"mtfcc_code":"S1100","name":"I- 77","objectid":15595203,"permanent_identifier":"da093df8-ae09-4666-8450-5aba3c1ec74f","real_world_relation":"REFERENCE_ONLY","shape_Length":34.00105805983405,"source_datadesc":"2016 January MAFTIGER","source_datasetid":"{9298FF95-0FA8-4712-9AA5-9292C907CA63}","source_featureid":"1101747011782","source_id":"REF-KANAWHA-HIGHWAYS","source_originator":"U.S. Department of Commerce, U.S. Census Bureau, Geography Division","state_route":null,"state_route_a":null,"state_route_b":null,"state_route_c":null,"stco_fipscode":"54039","tnmfrc":1,"us_route":null,"us_route_a":null,"us_route_b":null,"us_route_c":null},"type":"Feature"},{"geometry":{"coordinates":[[-81.596293,38.334891],[-81.596074,38.334822],[-81.595516,38.334628],[-81.59528,38.334537],[-81.59506,38.334453],[-81.594578,38.334281],[-81.594089,38.334122],[-81.593812,38.334055],[-81.593461,38.333983],[-81.593105,38.333926],[-81.592106,38.333797],[-81.591266,38.333703],[-81.589047,38.333431],[-81.58879,38.333391],[-81.58852,38.33334],[-81.588365,38.333311],[-81.587666,38.333151],[-81.587389,38.333071],[-81.587106,38.33299]],"type":"LineString"},"id":"REF-KANAWHA-HIGHWAYS-95","properties":{"canon_status":"REAL_REFERENCE","county_route":null,"federal_lands_route":null,"fictionality":"REAL","globalid":"{45E24950-2B93-4AE8-9A5B-0EBC7BDA2AFA}","interstate":"64,77","interstate_a":"64,77","interstate_b":null,"interstate_c":null,"loaddate":1474002730000,"mtfcc_code":"S1100","name":"W Virginia Tpke","objectid":15595254,"permanent_identifier":"bfab476d-3c6b-4fc5-85a1-050f43c76af9","real_world_relation":"REFERENCE_ONLY","shape_Length":1064.1528416324845,"source_datadesc":"2016 January MAFTIGER","source_datasetid":"{9298FF95-0FA8-4712-9AA5-9292C907CA63}","source_featureid":"1101747021229","source_id":"REF-KANAWHA-HIGHWAYS","source_originator":"U.S. Department of Commerce, U.S. Census Bureau, Geography Division","state_route":null,"state_route_a":null,"state_route_b":null,"state_route_c":null,"stco_fipscode":"54039","tnmfrc":1,"us_route":null,"us_route_a":null,"us_route_b":null,"us_route_c":null},"type":"Feature"},{"geometry":{"coordinates":[[-81.645125,38.357131],[-81.644988,38.357199]],"type":"LineString"},"id":"REF-KANAWHA-HIGHWAYS-96","properties":{"canon_status":"REAL_REFERENCE","county_route":null,"federal_lands_route":null,"fictionality":"REAL","globalid":"{BE64691B-B7E1-4A47-969E-E10CB63F0CA0}","interstate":"64","interstate_a":"64","interstate_b":null,"interstate_c":null,"loaddate":1568217705000,"mtfcc_code":"S1100","name":"I- 64","objectid":15682356,"permanent_identifier":"04b8ed20-4357-4011-9c36-76b48ad51a26","real_world_relation":"REFERENCE_ONLY","shape_Length":18.049185619616114,"source_datadesc":"2016 January MAFTIGER","source_datasetid":"{9298FF95-0FA8-4712-9AA5-9292C907CA63}","source_featureid":"1101747011767","source_id":"REF-KANAWHA-HIGHWAYS","source_originator":"U.S. Department of Commerce, U.S. Census Bureau, Geography Division","state_route":null,"state_route_a":null,"state_route_b":null,"state_route_c":null,"stco_fipscode":"54039","tnmfrc":1,"us_route":null,"us_route_a":null,"us_route_b":null,"us_route_c":null},"type":"Feature"},{"geometry":{"coordinates":[[-81.564636,38.308622],[-81.564586,38.308643],[-81.564078,38.308805],[-81.563405,38.309004],[-81.563353,38.309022]],"type":"LineString"},"id":"REF-KANAWHA-HIGHWAYS-97","properties":{"canon_status":"REAL_REFERENCE","county_route":null,"federal_lands_route":null,"fictionality":"REAL","globalid":"{C0102C8A-751A-45CF-90A5-A23E2419507E}","interstate":"64,77","interstate_a":"64,77","interstate_b":null,"interstate_c":null,"loaddate":1474003168000,"mtfcc_code":"S1100","name":"W Virginia Tpke","objectid":15723252,"permanent_identifier":"64ecdb7e-87ee-4215-bb6d-7c19d9da3202","real_world_relation":"REFERENCE_ONLY","shape_Length":153.7426502561252,"source_datadesc":"2016 January MAFTIGER","source_datasetid":"{9298FF95-0FA8-4712-9AA5-9292C907CA63}","source_featureid":"1101747021230","source_id":"REF-KANAWHA-HIGHWAYS","source_originator":"U.S. Department of Commerce, U.S. Census Bureau, Geography Division","state_route":null,"state_route_a":null,"state_route_b":null,"state_route_c":null,"stco_fipscode":"54039","tnmfrc":1,"us_route":null,"us_route_a":null,"us_route_b":null,"us_route_c":null},"type":"Feature"},{"geometry":{"coordinates":[[-81.565334,38.240566],[-81.565252,38.240518]],"type":"LineString"},"id":"REF-KANAWHA-HIGHWAYS-98","properties":{"canon_status":"REAL_REFERENCE","county_route":null,"federal_lands_route":null,"fictionality":"REAL","globalid":"{A9476BD8-ECD5-46F0-990D-10B9FF290D4C}","interstate":"64,77","interstate_a":"64,77","interstate_b":null,"interstate_c":null,"loaddate":1474002730000,"mtfcc_code":"S1100","name":"W Virginia Tpke","objectid":15850940,"permanent_identifier":"46f58633-ca84-4b6d-b2ad-8979dd47d195","real_world_relation":"REFERENCE_ONLY","shape_Length":11.384472092135171,"source_datadesc":"2016 January MAFTIGER","source_datasetid":"{9298FF95-0FA8-4712-9AA5-9292C907CA63}","source_featureid":"1101747021229","source_id":"REF-KANAWHA-HIGHWAYS","source_originator":"U.S. Department of Commerce, U.S. Census Bureau, Geography Division","state_route":null,"state_route_a":null,"state_route_b":null,"state_route_c":null,"stco_fipscode":"54039","tnmfrc":1,"us_route":null,"us_route_a":null,"us_route_b":null,"us_route_c":null},"type":"Feature"},{"geometry":{"coordinates":[[-81.586847,38.332902],[-81.586811,38.332889],[-81.586542,38.332798]],"type":"LineString"},"id":"REF-KANAWHA-HIGHWAYS-99","properties":{"canon_status":"REAL_REFERENCE","county_route":null,"federal_lands_route":null,"fictionality":"REAL","globalid":"{75146F91-FA76-4D2C-A450-D8CD49617136}","interstate":"64,77","interstate_a":"64,77","interstate_b":null,"interstate_c":null,"loaddate":1474001520000,"mtfcc_code":"S1100","name":"W Virginia Tpke","objectid":16489043,"permanent_identifier":"a3e1493b-7c53-47eb-bbf0-1b867f282635","real_world_relation":"REFERENCE_ONLY","shape_Length":37.05935983336599,"source_datadesc":"2016 January MAFTIGER","source_datasetid":"{9298FF95-0FA8-4712-9AA5-9292C907CA63}","source_featureid":"1101747021229","source_id":"REF-KANAWHA-HIGHWAYS","source_originator":"U.S. Department of Commerce, U.S. Census Bureau, Geography Division","state_route":null,"state_route_a":null,"state_route_b":null,"state_route_c":null,"stco_fipscode":"54039","tnmfrc":1,"us_route":null,"us_route_a":null,"us_route_b":null,"us_route_c":null},"type":"Feature"},{"geometry":{"coordinates":[[-81.605959,38.375377],[-81.605863,38.375541],[-81.605469,38.376125],[-81.605329,38.376333],[-81.605176,38.376546],[-81.605081,38.376677]],"type":"LineString"},"id":"REF-KANAWHA-HIGHWAYS-100","properties":{"canon_status":"REAL_REFERENCE","county_route":null,"federal_lands_route":null,"fictionality":"REAL","globalid":"{1C17EBAE-C011-43DD-8AE6-9427FE509985}","interstate":"79","interstate_a":"79","interstate_b":null,"interstate_c":null,"loaddate":1474001302000,"mtfcc_code":"S1100","name":"I- 79","objectid":16616517,"permanent_identifier":"2ea5f269-582f-4744-8ff9-fa3c424cb120","real_world_relation":"REFERENCE_ONLY","shape_Length":208.93776455819813,"source_datadesc":"2016 January MAFTIGER","source_datasetid":"{9298FF95-0FA8-4712-9AA5-9292C907CA63}","source_featureid":"1101747011783","source_id":"REF-KANAWHA-HIGHWAYS","source_originator":"U.S. Department of Commerce, U.S. Census Bureau, Geography Division","state_route":null,"state_route_a":null,"state_route_b":null,"state_route_c":null,"stco_fipscode":"54039","tnmfrc":1,"us_route":null,"us_route_a":null,"us_route_b":null,"us_route_c":null},"type":"Feature"},{"geometry":{"coordinates":[[-81.56114,38.317593],[-81.561217,38.317606],[-81.561279,38.317615],[-81.56132,38.317622],[-81.561449,38.317646],[-81.561586,38.317672],[-81.561957,38.317747],[-81.562163,38.317798]],"type":"LineString"},"id":"REF-KANAWHA-HIGHWAYS-101","properties":{"canon_status":"REAL_REFERENCE","county_route":null,"federal_lands_route":null,"fictionality":"REAL","globalid":"{E0898D84-4453-4CAF-A419-B376C0256459}","interstate":"64,77","interstate_a":"64,77","interstate_b":null,"interstate_c":null,"loaddate":1474003168000,"mtfcc_code":"S1100","name":"W Virginia Tpke","objectid":16616530,"permanent_identifier":"6508b761-eab8-4fb6-9900-d1676f45ffe8","real_world_relation":"REFERENCE_ONLY","shape_Length":117.60154300097241,"source_datadesc":"2016 January MAFTIGER","source_datasetid":"{9298FF95-0FA8-4712-9AA5-9292C907CA63}","source_featureid":"1101747021230","source_id":"REF-KANAWHA-HIGHWAYS","source_originator":"U.S. Department of Commerce, U.S. Census Bureau, Geography Division","state_route":null,"state_route_a":null,"state_route_b":null,"state_route_c":null,"stco_fipscode":"54039","tnmfrc":1,"us_route":null,"us_route_a":null,"us_route_b":null,"us_route_c":null},"type":"Feature"},{"geometry":{"coordinates":[[-81.635096,38.36007],[-81.635543,38.360086],[-81.636329,38.360085],[-81.636956,38.360069],[-81.637778,38.360029],[-81.638101,38.359984],[-81.638427,38.359921],[-81.63883,38.359831],[-81.639043,38.359772],[-81.639702,38.359569],[-81.639963,38.359476],[-81.640283,38.359349],[-81.640424,38.359286]],"type":"LineString"},"id":"REF-KANAWHA-HIGHWAYS-102","properties":{"canon_status":"REAL_REFERENCE","county_route":null,"federal_lands_route":null,"fictionality":"REAL","globalid":"{38FDA382-BF18-4D0F-A846-0B52EF98A653}","interstate":"64","interstate_a":"64","interstate_b":null,"interstate_c":null,"loaddate":1474001302000,"mtfcc_code":"S1100","name":"I- 64","objectid":16744714,"permanent_identifier":"ab4875cb-6fca-462b-8390-832dd40a37b1","real_world_relation":"REFERENCE_ONLY","shape_Length":613.2331766207049,"source_datadesc":"2016 January MAFTIGER","source_datasetid":"{9298FF95-0FA8-4712-9AA5-9292C907CA63}","source_featureid":"1104991779163","source_id":"REF-KANAWHA-HIGHWAYS","source_originator":"U.S. Department of Commerce, U.S. Census Bureau, Geography Division","state_route":null,"state_route_a":null,"state_route_b":null,"state_route_c":null,"stco_fipscode":"54039","tnmfrc":1,"us_route":null,"us_route_a":null,"us_route_b":null,"us_route_c":null},"type":"Feature"},{"geometry":{"coordinates":[[-81.655327,38.356364],[-81.655841,38.356584],[-81.656357,38.356774],[-81.65677,38.356912],[-81.657185,38.357035],[-81.657804,38.357209],[-81.658305,38.357369],[-81.658832,38.357527],[-81.65908,38.357609]],"type":"LineString"},"id":"REF-KANAWHA-HIGHWAYS-103","properties":{"canon_status":"REAL_REFERENCE","county_route":null,"federal_lands_route":null,"fictionality":"REAL","globalid":"{559A5915-93DD-4C91-A4DC-85676FB67D40}","interstate":"64","interstate_a":"64","interstate_b":null,"interstate_c":null,"loaddate":1474001302000,"mtfcc_code":"S1100","name":"I- 64","objectid":16744715,"permanent_identifier":"e03aae42-0e25-4dbf-90a8-bc906912099b","real_world_relation":"REFERENCE_ONLY","shape_Length":454.1947827344548,"source_datadesc":"2016 January MAFTIGER","source_datasetid":"{9298FF95-0FA8-4712-9AA5-9292C907CA63}","source_featureid":"1104991779163","source_id":"REF-KANAWHA-HIGHWAYS","source_originator":"U.S. Department of Commerce, U.S. Census Bureau, Geography Division","state_route":null,"state_route_a":null,"state_route_b":null,"state_route_c":null,"stco_fipscode":"54039","tnmfrc":1,"us_route":null,"us_route_a":null,"us_route_b":null,"us_route_c":null},"type":"Feature"},{"geometry":{"coordinates":[[-81.560992,38.317462],[-81.560747,38.317434],[-81.560372,38.317404],[-81.560071,38.31739],[-81.557283,38.317393]],"type":"LineString"},"id":"REF-KANAWHA-HIGHWAYS-104","properties":{"canon_status":"REAL_REFERENCE","county_route":null,"federal_lands_route":null,"fictionality":"REAL","globalid":"{C5C9A444-94AF-4136-8547-546CD0518063}","interstate":"64,77","interstate_a":"64,77","interstate_b":null,"interstate_c":null,"loaddate":1474002730000,"mtfcc_code":"S1100","name":"W Virginia Tpke","objectid":16872084,"permanent_identifier":"f6bee62d-3ce4-44ed-9c12-c4b0cf70ff6c","real_world_relation":"REFERENCE_ONLY","shape_Length":413.44757759013766,"source_datadesc":"2016 January MAFTIGER","source_datasetid":"{9298FF95-0FA8-4712-9AA5-9292C907CA63}","source_featureid":"1101747021229","source_id":"REF-KANAWHA-HIGHWAYS","source_originator":"U.S. Department of Commerce, U.S. Census Bureau, Geography Division","state_route":null,"state_route_a":null,"state_route_b":null,"state_route_c":null,"stco_fipscode":"54039","tnmfrc":1,"us_route":null,"us_route_a":null,"us_route_b":null,"us_route_c":null},"type":"Feature"},{"geometry":{"coordinates":[[-81.56561,38.297682],[-81.5653,38.296719],[-81.565182,38.296321],[-81.565147,38.296202],[-81.565095,38.29597],[-81.565059,38.295736],[-81.565045,38.295551],[-81.565051,38.295331],[-81.565055,38.295292],[-81.565061,38.295244],[-81.565075,38.295112],[-81.565117,38.294895],[-81.565179,38.294677],[-81.565243,38.294504],[-81.565339,38.294292],[-81.565373,38.294228],[-81.565412,38.294155],[-81.565569,38.293864],[-81.565694,38.293637],[-81.565739,38.293553],[-81.565829,38.29339],[-81.565869,38.293321],[-81.566369,38.29243],[-81.566563,38.292111],[-81.566682,38.291916],[-81.567134,38.29124],[-81.567483,38.290755],[-81.568188,38.289805],[-81.568691,38.289127],[-81.568877,38.288847],[-81.569006,38.28863],[-81.569141,38.28837],[-81.569258,38.288104],[-81.56943,38.287645],[-81.570367,38.285004],[-81.571729,38.281365],[-81.571885,38.280935],[-81.572027,38.280506],[-81.572187,38.279958],[-81.572301,38.279518],[-81.572399,38.279077],[-81.572484,38.278638],[-81.572556,38.278196],[-81.572613,38.277754],[-81.573199,38.272324],[-81.573266,38.2718],[-81.573909,38.267848],[-81.573982,38.267331],[-81.574001,38.267143],[-81.574016,38.266929],[-81.574029,38.26657],[-81.574018,38.266048],[-81.573878,38.262728],[-81.573833,38.261634],[-81.573715,38.258779],[-81.573714,38.258487],[-81.57373,38.258122],[-81.573753,38.257872],[-81.573764,38.257763],[-81.573769,38.257721],[-81.573788,38.257576]],"type":"LineString"},"id":"REF-KANAWHA-HIGHWAYS-105","properties":{"canon_status":"REAL_REFERENCE","county_route":null,"federal_lands_route":null,"fictionality":"REAL","globalid":"{DD7C032E-1150-4BF7-A58A-8FD9244C27E0}","interstate":"64,77","interstate_a":"64,77","interstate_b":null,"interstate_c":null,"loaddate":1568217705000,"mtfcc_code":"S1100","name":"W Virginia Tpke","objectid":16958934,"permanent_identifier":"77a16b04-3ef0-4a76-b678-e4f5f412607a","real_world_relation":"REFERENCE_ONLY","shape_Length":5860.590423565519,"source_datadesc":"2016 January MAFTIGER","source_datasetid":"{9298FF95-0FA8-4712-9AA5-9292C907CA63}","source_featureid":"1101747021229","source_id":"REF-KANAWHA-HIGHWAYS","source_originator":"U.S. Department of Commerce, U.S. Census Bureau, Geography Division","state_route":null,"state_route_a":null,"state_route_b":null,"state_route_c":null,"stco_fipscode":"54039","tnmfrc":1,"us_route":null,"us_route_a":null,"us_route_b":null,"us_route_c":null},"type":"Feature"},{"geometry":{"coordinates":[[-81.563302,38.309035],[-81.563107,38.309093]],"type":"LineString"},"id":"REF-KANAWHA-HIGHWAYS-106","properties":{"canon_status":"REAL_REFERENCE","county_route":null,"federal_lands_route":null,"fictionality":"REAL","globalid":"{7B46A6AE-93CF-4DE2-A431-2C1D9DFCB035}","interstate":"64,77","interstate_a":"64,77","interstate_b":null,"interstate_c":null,"loaddate":1474003168000,"mtfcc_code":"S1100","name":"W Virginia Tpke","objectid":17384788,"permanent_identifier":"aa06a73d-01b0-4903-aec2-adf80ab33029","real_world_relation":"REFERENCE_ONLY","shape_Length":23.21443836194208,"source_datadesc":"2016 January MAFTIGER","source_datasetid":"{9298FF95-0FA8-4712-9AA5-9292C907CA63}","source_featureid":"1101747021230","source_id":"REF-KANAWHA-HIGHWAYS","source_originator":"U.S. Department of Commerce, U.S. Census Bureau, Geography Division","state_route":null,"state_route_a":null,"state_route_b":null,"state_route_c":null,"stco_fipscode":"54039","tnmfrc":1,"us_route":null,"us_route_a":null,"us_route_b":null,"us_route_c":null},"type":"Feature"},{"geometry":{"coordinates":[[-81.557492,38.310856],[-81.557601,38.310826]],"type":"LineString"},"id":"REF-KANAWHA-HIGHWAYS-107","properties":{"canon_status":"REAL_REFERENCE","county_route":null,"federal_lands_route":null,"fictionality":"REAL","globalid":"{46B341F4-D203-4077-9BC8-31E79967A3F9}","interstate":"64,77","interstate_a":"64,77","interstate_b":null,"interstate_c":null,"loaddate":1474001520000,"mtfcc_code":"S1100","name":"W Virginia Tpke","objectid":17384789,"permanent_identifier":"a55f397e-9011-4a36-9afe-49ecc5097280","real_world_relation":"REFERENCE_ONLY","shape_Length":12.858595943566824,"source_datadesc":"2016 January MAFTIGER","source_datasetid":"{9298FF95-0FA8-4712-9AA5-9292C907CA63}","source_featureid":"1101747021229","source_id":"REF-KANAWHA-HIGHWAYS","source_originator":"U.S. Department of Commerce, U.S. Census Bureau, Geography Division","state_route":null,"state_route_a":null,"state_route_b":null,"state_route_c":null,"stco_fipscode":"54039","tnmfrc":1,"us_route":null,"us_route_a":null,"us_route_b":null,"us_route_c":null},"type":"Feature"},{"geometry":{"coordinates":[[-81.6348,38.360048],[-81.635096,38.36007]],"type":"LineString"},"id":"REF-KANAWHA-HIGHWAYS-108","properties":{"canon_status":"REAL_REFERENCE","county_route":null,"federal_lands_route":null,"fictionality":"REAL","globalid":"{C94D0667-57BC-4615-82C0-2651270C5118}","interstate":"64","interstate_a":"64","interstate_b":null,"interstate_c":null,"loaddate":1474001316000,"mtfcc_code":"S1100","name":"I- 64","objectid":17384818,"permanent_identifier":"7b0e34b5-328d-4854-b73d-39c5974d9ca8","real_world_relation":"REFERENCE_ONLY","shape_Length":33.09828422444752,"source_datadesc":"2016 January MAFTIGER","source_datasetid":"{9298FF95-0FA8-4712-9AA5-9292C907CA63}","source_featureid":"1104991779163","source_id":"REF-KANAWHA-HIGHWAYS","source_originator":"U.S. Department of Commerce, U.S. Census Bureau, Geography Division","state_route":null,"state_route_a":null,"state_route_b":null,"state_route_c":null,"stco_fipscode":"54039","tnmfrc":1,"us_route":null,"us_route_a":null,"us_route_b":null,"us_route_c":null},"type":"Feature"},{"geometry":{"coordinates":[[-81.609258,38.338872],[-81.609222,38.33885],[-81.608578,38.338424],[-81.60822,38.338203],[-81.607852,38.337994],[-81.607474,38.337796],[-81.607188,38.337661],[-81.606659,38.337429],[-81.606121,38.33721],[-81.605694,38.337052],[-81.605289,38.33692],[-81.604877,38.336801],[-81.604061,38.336596],[-81.602342,38.336189],[-81.600995,38.335896],[-81.600063,38.335705],[-81.599242,38.335544]],"type":"LineString"},"id":"REF-KANAWHA-HIGHWAYS-109","properties":{"canon_status":"REAL_REFERENCE","county_route":null,"federal_lands_route":null,"fictionality":"REAL","globalid":"{99EC0A9B-1627-46C1-B6C2-D3D66029AC32}","interstate":"64,77","interstate_a":"64,77","interstate_b":null,"interstate_c":null,"loaddate":1474002736000,"mtfcc_code":"S1100","name":"W Virginia Tpke","objectid":17513304,"permanent_identifier":"ef151117-056a-4ba6-b17e-565774642a24","real_world_relation":"REFERENCE_ONLY","shape_Length":1225.4178436667873,"source_datadesc":"2016 January MAFTIGER","source_datasetid":"{9298FF95-0FA8-4712-9AA5-9292C907CA63}","source_featureid":"1101747021229","source_id":"REF-KANAWHA-HIGHWAYS","source_originator":"U.S. Department of Commerce, U.S. Census Bureau, Geography Division","state_route":null,"state_route_a":null,"state_route_b":null,"state_route_c":null,"stco_fipscode":"54039","tnmfrc":1,"us_route":null,"us_route_a":null,"us_route_b":null,"us_route_c":null},"type":"Feature"},{"geometry":{"coordinates":[[-81.566169,38.319918],[-81.566054,38.319852]],"type":"LineString"},"id":"REF-KANAWHA-HIGHWAYS-110","properties":{"canon_status":"REAL_REFERENCE","county_route":null,"federal_lands_route":null,"fictionality":"REAL","globalid":"{4B110D30-3457-4585-A5E7-F1D9E63393ED}","interstate":"64,77","interstate_a":"64,77","interstate_b":null,"interstate_c":null,"loaddate":1474001520000,"mtfcc_code":"S1100","name":"W Virginia Tpke","objectid":17513712,"permanent_identifier":"917e6ea1-da05-45ef-8261-1432cd5c71c2","real_world_relation":"REFERENCE_ONLY","shape_Length":15.861330853376602,"source_datadesc":"2016 January MAFTIGER","source_datasetid":"{9298FF95-0FA8-4712-9AA5-9292C907CA63}","source_featureid":"1101747021229","source_id":"REF-KANAWHA-HIGHWAYS","source_originator":"U.S. Department of Commerce, U.S. Census Bureau, Geography Division","state_route":null,"state_route_a":null,"state_route_b":null,"state_route_c":null,"stco_fipscode":"54039","tnmfrc":1,"us_route":null,"us_route_a":null,"us_route_b":null,"us_route_c":null},"type":"Feature"},{"geometry":{"coordinates":[[-81.561045,38.317468],[-81.560992,38.317462]],"type":"LineString"},"id":"REF-KANAWHA-HIGHWAYS-111","properties":{"canon_status":"REAL_REFERENCE","county_route":null,"federal_lands_route":null,"fictionality":"REAL","globalid":"{AF13FB50-51A3-4CF7-A63F-E677A024E048}","interstate":"64,77","interstate_a":"64,77","interstate_b":null,"interstate_c":null,"loaddate":1474002730000,"mtfcc_code":"S1100","name":"W Virginia Tpke","objectid":17641688,"permanent_identifier":"439fc166-e6f0-4549-afc0-6582e0ca52a9","real_world_relation":"REFERENCE_ONLY","shape_Length":5.96100089820063,"source_datadesc":"2016 January MAFTIGER","source_datasetid":"{9298FF95-0FA8-4712-9AA5-9292C907CA63}","source_featureid":"1101747021229","source_id":"REF-KANAWHA-HIGHWAYS","source_originator":"U.S. Department of Commerce, U.S. Census Bureau, Geography Division","state_route":null,"state_route_a":null,"state_route_b":null,"state_route_c":null,"stco_fipscode":"54039","tnmfrc":1,"us_route":null,"us_route_a":null,"us_route_b":null,"us_route_c":null},"type":"Feature"},{"geometry":{"coordinates":[[-81.623149,38.362531],[-81.621781,38.362873],[-81.621708,38.362892]],"type":"LineString"},"id":"REF-KANAWHA-HIGHWAYS-112","properties":{"canon_status":"REAL_REFERENCE","county_route":null,"federal_lands_route":null,"fictionality":"REAL","globalid":"{5FB91CE9-9334-425E-B9DD-C6B33848CB3E}","interstate":"77","interstate_a":"77","interstate_b":null,"interstate_c":null,"loaddate":1474001302000,"mtfcc_code":"S1100","name":"I- 77","objectid":17642053,"permanent_identifier":"ab65e6e5-f16e-4cc6-aa29-7b7c09cd0d63","real_world_relation":"REFERENCE_ONLY","shape_Length":168.40064810078403,"source_datadesc":"2016 January MAFTIGER","source_datasetid":"{9298FF95-0FA8-4712-9AA5-9292C907CA63}","source_featureid":"1101747011782","source_id":"REF-KANAWHA-HIGHWAYS","source_originator":"U.S. Department of Commerce, U.S. Census Bureau, Geography Division","state_route":null,"state_route_a":null,"state_route_b":null,"state_route_c":null,"stco_fipscode":"54039","tnmfrc":1,"us_route":null,"us_route_a":null,"us_route_b":null,"us_route_c":null},"type":"Feature"},{"geometry":{"coordinates":[[-81.646601,38.356201],[-81.646912,38.356035],[-81.647364,38.355794],[-81.647507,38.355711]],"type":"LineString"},"id":"REF-KANAWHA-HIGHWAYS-113","properties":{"canon_status":"REAL_REFERENCE","county_route":null,"federal_lands_route":null,"fictionality":"REAL","globalid":"{9D55F007-B91C-436B-848E-06011D3F6940}","interstate":"64","interstate_a":"64","interstate_b":null,"interstate_c":null,"loaddate":1568217705000,"mtfcc_code":"S1100","name":"I- 64","objectid":17728600,"permanent_identifier":"012f45b7-66e3-4844-9128-05b1bb71b0ec","real_world_relation":"REFERENCE_ONLY","shape_Length":122.52999358430867,"source_datadesc":"2016 January MAFTIGER","source_datasetid":"{9298FF95-0FA8-4712-9AA5-9292C907CA63}","source_featureid":"1104991779163","source_id":"REF-KANAWHA-HIGHWAYS","source_originator":"U.S. Department of Commerce, U.S. Census Bureau, Geography Division","state_route":null,"state_route_a":null,"state_route_b":null,"state_route_c":null,"stco_fipscode":"54039","tnmfrc":1,"us_route":null,"us_route_a":null,"us_route_b":null,"us_route_c":null},"type":"Feature"},{"geometry":{"coordinates":[[-81.500597,38.19306],[-81.500506,38.19303]],"type":"LineString"},"id":"REF-KANAWHA-HIGHWAYS-114","properties":{"canon_status":"REAL_REFERENCE","county_route":null,"federal_lands_route":null,"fictionality":"REAL","globalid":"{2A7B1BB3-E054-478F-825C-44A5B376F176}","interstate":"64,77","interstate_a":"64,77","interstate_b":null,"interstate_c":null,"loaddate":1568217705000,"mtfcc_code":"S1100","name":"W Virginia Tpke","objectid":17728657,"permanent_identifier":"70c71820-3c07-4953-820b-8860a16bb1d0","real_world_relation":"REFERENCE_ONLY","shape_Length":10.985108130119446,"source_datadesc":"2018 May MAF/TIGER","source_datasetid":"{9298FF95-0FA8-4712-9AA5-9292C907CA63}","source_featureid":"1101747021229","source_id":"REF-KANAWHA-HIGHWAYS","source_originator":"U.S. Department of Commerce, U.S. Census Bureau, Geography Division","state_route":null,"state_route_a":null,"state_route_b":null,"state_route_c":null,"stco_fipscode":"54039","tnmfrc":1,"us_route":null,"us_route_a":null,"us_route_b":null,"us_route_c":null},"type":"Feature"},{"geometry":{"coordinates":[[-81.566298,38.307188],[-81.566237,38.307314],[-81.5661,38.307513],[-81.565948,38.307706],[-81.56578,38.30789],[-81.565614,38.308049],[-81.565445,38.308187],[-81.5653,38.30829],[-81.565108,38.308408],[-81.564905,38.308514],[-81.564765,38.308582],[-81.564682,38.308615],[-81.564636,38.308622]],"type":"LineString"},"id":"REF-KANAWHA-HIGHWAYS-115","properties":{"canon_status":"REAL_REFERENCE","county_route":null,"federal_lands_route":null,"fictionality":"REAL","globalid":"{BAE299D9-B5A2-4C09-8031-8D74C995E619}","interstate":"64,77","interstate_a":"64,77","interstate_b":null,"interstate_c":null,"loaddate":1568217705000,"mtfcc_code":"S1100","name":"W Virginia Tpke","objectid":17985220,"permanent_identifier":"384a2205-9246-42b3-8332-1bb34d0cc52a","real_world_relation":"REFERENCE_ONLY","shape_Length":281.7842369941621,"source_datadesc":"2016 January MAFTIGER","source_datasetid":"{9298FF95-0FA8-4712-9AA5-9292C907CA63}","source_featureid":"1101747021230","source_id":"REF-KANAWHA-HIGHWAYS","source_originator":"U.S. Department of Commerce, U.S. Census Bureau, Geography Division","state_route":null,"state_route_a":null,"state_route_b":null,"state_route_c":null,"stco_fipscode":"54039","tnmfrc":1,"us_route":null,"us_route_a":null,"us_route_b":null,"us_route_c":null},"type":"Feature"},{"geometry":{"coordinates":[[-81.650506,38.354549],[-81.650378,38.354567]],"type":"LineString"},"id":"REF-KANAWHA-HIGHWAYS-116","properties":{"canon_status":"REAL_REFERENCE","county_route":null,"federal_lands_route":null,"fictionality":"REAL","globalid":"{CC5D1D3E-AAA6-4E4B-AE15-8EF3E543BDA5}","interstate":"64","interstate_a":"64","interstate_b":null,"interstate_c":null,"loaddate":1568217705000,"mtfcc_code":"S1100","name":"I- 64","objectid":18369971,"permanent_identifier":"5b658bea-e427-4ed9-85e8-7c395b376a70","real_world_relation":"REFERENCE_ONLY","shape_Length":14.476194191359424,"source_datadesc":"2016 January MAFTIGER","source_datasetid":"{9298FF95-0FA8-4712-9AA5-9292C907CA63}","source_featureid":"1101747011767","source_id":"REF-KANAWHA-HIGHWAYS","source_originator":"U.S. Department of Commerce, U.S. Census Bureau, Geography Division","state_route":null,"state_route_a":null,"state_route_b":null,"state_route_c":null,"stco_fipscode":"54039","tnmfrc":1,"us_route":null,"us_route_a":null,"us_route_b":null,"us_route_c":null},"type":"Feature"},{"geometry":{"coordinates":[[-81.500428,38.192995],[-81.500347,38.192978],[-81.500187,38.192926],[-81.500023,38.192873]],"type":"LineString"},"id":"REF-KANAWHA-HIGHWAYS-117","properties":{"canon_status":"REAL_REFERENCE","county_route":null,"federal_lands_route":null,"fictionality":"REAL","globalid":"{390B863C-00DE-4A39-BAF2-A2C65041C247}","interstate":"64,77","interstate_a":"64,77","interstate_b":null,"interstate_c":null,"loaddate":1568217705000,"mtfcc_code":"S1100","name":"W Virginia Tpke","objectid":18370026,"permanent_identifier":"221c9b14-24bd-400d-b0c6-b52fb221db4e","real_world_relation":"REFERENCE_ONLY","shape_Length":48.34627898276845,"source_datadesc":"2016 January MAFTIGER","source_datasetid":"{9298FF95-0FA8-4712-9AA5-9292C907CA63}","source_featureid":"1101747021229","source_id":"REF-KANAWHA-HIGHWAYS","source_originator":"U.S. Department of Commerce, U.S. Census Bureau, Geography Division","state_route":null,"state_route_a":null,"state_route_b":null,"state_route_c":null,"stco_fipscode":"54039","tnmfrc":1,"us_route":null,"us_route_a":null,"us_route_b":null,"us_route_c":null},"type":"Feature"},{"geometry":{"coordinates":[[-81.627656,38.361348],[-81.627384,38.361437]],"type":"LineString"},"id":"REF-KANAWHA-HIGHWAYS-118","properties":{"canon_status":"REAL_REFERENCE","county_route":null,"federal_lands_route":null,"fictionality":"REAL","globalid":"{73BBFB8A-046A-441D-A218-3D0A83C48149}","interstate":"77","interstate_a":"77","interstate_b":null,"interstate_c":null,"loaddate":1568217705000,"mtfcc_code":"S1100","name":"I- 77","objectid":18626816,"permanent_identifier":"67556780-8b93-4ffb-8cfe-d3a451bed4e2","real_world_relation":"REFERENCE_ONLY","shape_Length":32.80544774490495,"source_datadesc":"2018 May MAF/TIGER","source_datasetid":"{9298FF95-0FA8-4712-9AA5-9292C907CA63}","source_featureid":"1101747011782","source_id":"REF-KANAWHA-HIGHWAYS","source_originator":"U.S. Department of Commerce, U.S. Census Bureau, Geography Division","state_route":null,"state_route_a":null,"state_route_b":null,"state_route_c":null,"stco_fipscode":"54039","tnmfrc":1,"us_route":null,"us_route_a":null,"us_route_b":null,"us_route_c":null},"type":"Feature"},{"geometry":{"coordinates":[[-81.500506,38.19303],[-81.500475,38.19302],[-81.500428,38.192995]],"type":"LineString"},"id":"REF-KANAWHA-HIGHWAYS-119","properties":{"canon_status":"REAL_REFERENCE","county_route":null,"federal_lands_route":null,"fictionality":"REAL","globalid":"{14B5817F-2AA1-458B-A5AA-F00BCB0730A0}","interstate":"64,77","interstate_a":"64,77","interstate_b":null,"interstate_c":null,"loaddate":1568217705000,"mtfcc_code":"S1100","name":"W Virginia Tpke","objectid":18626872,"permanent_identifier":"ce0c230f-7444-4cb5-9392-aa9b48ba3b0a","real_world_relation":"REFERENCE_ONLY","shape_Length":10.047985319566852,"source_datadesc":"2016 January MAFTIGER","source_datasetid":"{9298FF95-0FA8-4712-9AA5-9292C907CA63}","source_featureid":"1101747021229","source_id":"REF-KANAWHA-HIGHWAYS","source_originator":"U.S. Department of Commerce, U.S. Census Bureau, Geography Division","state_route":null,"state_route_a":null,"state_route_b":null,"state_route_c":null,"stco_fipscode":"54039","tnmfrc":1,"us_route":null,"us_route_a":null,"us_route_b":null,"us_route_c":null},"type":"Feature"},{"geometry":{"coordinates":[[-81.565644,38.297808],[-81.56561,38.297682]],"type":"LineString"},"id":"REF-KANAWHA-HIGHWAYS-120","properties":{"canon_status":"REAL_REFERENCE","county_route":null,"federal_lands_route":null,"fictionality":"REAL","globalid":"{7164ABEA-CB35-485F-B6AE-3A1064B76BFF}","interstate":"64,77","interstate_a":"64,77","interstate_b":null,"interstate_c":null,"loaddate":1474002730000,"mtfcc_code":"S1100","name":"W Virginia Tpke","objectid":18796053,"permanent_identifier":"203afd56-7800-48ff-9a26-3f26a151a40e","real_world_relation":"REFERENCE_ONLY","shape_Length":18.26875455055473,"source_datadesc":"2016 January MAFTIGER","source_datasetid":"{9298FF95-0FA8-4712-9AA5-9292C907CA63}","source_featureid":"1101747021229","source_id":"REF-KANAWHA-HIGHWAYS","source_originator":"U.S. Department of Commerce, U.S. Census Bureau, Geography Division","state_route":null,"state_route_a":null,"state_route_b":null,"state_route_c":null,"stco_fipscode":"54039","tnmfrc":1,"us_route":null,"us_route_a":null,"us_route_b":null,"us_route_c":null},"type":"Feature"},{"geometry":{"coordinates":[[-81.633878,38.359867],[-81.634039,38.359921],[-81.634243,38.359972],[-81.634452,38.36001],[-81.6348,38.360048]],"type":"LineString"},"id":"REF-KANAWHA-HIGHWAYS-121","properties":{"canon_status":"REAL_REFERENCE","county_route":null,"federal_lands_route":null,"fictionality":"REAL","globalid":"{D8BA60E3-B7DA-4C5F-A344-93990943B0B2}","interstate":"64","interstate_a":"64","interstate_b":null,"interstate_c":null,"loaddate":1474001307000,"mtfcc_code":"S1100","name":"I- 64","objectid":18796329,"permanent_identifier":"2170ddae-bc73-45af-b769-bb38b1e79aa6","real_world_relation":"REFERENCE_ONLY","shape_Length":106.32467977920336,"source_datadesc":"2016 January MAFTIGER","source_datasetid":"{9298FF95-0FA8-4712-9AA5-9292C907CA63}","source_featureid":"1104991779163","source_id":"REF-KANAWHA-HIGHWAYS","source_originator":"U.S. Department of Commerce, U.S. Census Bureau, Geography Division","state_route":null,"state_route_a":null,"state_route_b":null,"state_route_c":null,"stco_fipscode":"54039","tnmfrc":1,"us_route":null,"us_route_a":null,"us_route_b":null,"us_route_c":null},"type":"Feature"},{"geometry":{"coordinates":[[-81.641381,38.358982],[-81.640952,38.359196],[-81.640475,38.359414]],"type":"LineString"},"id":"REF-KANAWHA-HIGHWAYS-122","properties":{"canon_status":"REAL_REFERENCE","county_route":null,"federal_lands_route":null,"fictionality":"REAL","globalid":"{67D68DDE-33D3-44E3-B883-954BAF9E7AB2}","interstate":"64","interstate_a":"64","interstate_b":null,"interstate_c":null,"loaddate":1474001302000,"mtfcc_code":"S1100","name":"I- 64","objectid":19052695,"permanent_identifier":"f17acd7f-c65c-4ae8-8b8a-df3d07653274","real_world_relation":"REFERENCE_ONLY","shape_Length":118.06057243357964,"source_datadesc":"2016 January MAFTIGER","source_datasetid":"{9298FF95-0FA8-4712-9AA5-9292C907CA63}","source_featureid":"1101747011767","source_id":"REF-KANAWHA-HIGHWAYS","source_originator":"U.S. Department of Commerce, U.S. Census Bureau, Geography Division","state_route":null,"state_route_a":null,"state_route_b":null,"state_route_c":null,"stco_fipscode":"54039","tnmfrc":1,"us_route":null,"us_route_a":null,"us_route_b":null,"us_route_c":null},"type":"Feature"},{"geometry":{"coordinates":[[-81.612264,38.341884],[-81.612166,38.341742]],"type":"LineString"},"id":"REF-KANAWHA-HIGHWAYS-123","properties":{"canon_status":"REAL_REFERENCE","county_route":null,"federal_lands_route":null,"fictionality":"REAL","globalid":"{757E25C7-9E3D-4E2C-91C6-62DD86645A0F}","interstate":"64,77","interstate_a":"64,77","interstate_b":null,"interstate_c":null,"loaddate":1474002736000,"mtfcc_code":"S1100","name":"W Virginia Tpke","objectid":19308801,"permanent_identifier":"dd67689c-ed2d-41e7-964b-6f240c821fe9","real_world_relation":"REFERENCE_ONLY","shape_Length":22.917254919895477,"source_datadesc":"2016 January MAFTIGER","source_datasetid":"{9298FF95-0FA8-4712-9AA5-9292C907CA63}","source_featureid":"1101747021229","source_id":"REF-KANAWHA-HIGHWAYS","source_originator":"U.S. Department of Commerce, U.S. Census Bureau, Geography Division","state_route":null,"state_route_a":null,"state_route_b":null,"state_route_c":null,"stco_fipscode":"54039","tnmfrc":1,"us_route":null,"us_route_a":null,"us_route_b":null,"us_route_c":null},"type":"Feature"},{"geometry":{"coordinates":[[-81.606524,38.37308],[-81.606357,38.373296],[-81.605946,38.373937],[-81.605583,38.374515],[-81.605096,38.375253],[-81.604962,38.375446],[-81.604557,38.376028]],"type":"LineString"},"id":"REF-KANAWHA-HIGHWAYS-124","properties":{"canon_status":"REAL_REFERENCE","county_route":null,"federal_lands_route":null,"fictionality":"REAL","globalid":"{CBFBC253-6A6C-4B38-B0AD-DBD7FBFE1F94}","interstate":"79","interstate_a":"79","interstate_b":null,"interstate_c":null,"loaddate":1474001316000,"mtfcc_code":"S1100","name":"I- 79","objectid":19437071,"permanent_identifier":"fe13d4c9-17ba-47b2-af67-36b73eef7cdb","real_world_relation":"REFERENCE_ONLY","shape_Length":472.54263442303557,"source_datadesc":"2016 January MAFTIGER","source_datasetid":"{9298FF95-0FA8-4712-9AA5-9292C907CA63}","source_featureid":"1104258509213","source_id":"REF-KANAWHA-HIGHWAYS","source_originator":"U.S. Department of Commerce, U.S. Census Bureau, Geography Division","state_route":null,"state_route_a":null,"state_route_b":null,"state_route_c":null,"stco_fipscode":"54039","tnmfrc":1,"us_route":null,"us_route_a":null,"us_route_b":null,"us_route_c":null},"type":"Feature"},{"geometry":{"coordinates":[[-81.604994,38.376797],[-81.604928,38.376889],[-81.604475,38.377451],[-81.602114,38.380317],[-81.60189,38.380572],[-81.601651,38.380817],[-81.601399,38.381053],[-81.601073,38.381322],[-81.600512,38.381758],[-81.600191,38.381954]],"type":"LineString"},"id":"REF-KANAWHA-HIGHWAYS-125","properties":{"canon_status":"REAL_REFERENCE","county_route":null,"federal_lands_route":null,"fictionality":"REAL","globalid":"{E210D358-FED8-4939-B26F-8F20087580A1}","interstate":"79","interstate_a":"79","interstate_b":null,"interstate_c":null,"loaddate":1568217705000,"mtfcc_code":"S1100","name":"I- 79","objectid":19524113,"permanent_identifier":"78c75102-a725-46ae-b167-5263058d5b41","real_world_relation":"REFERENCE_ONLY","shape_Length":911.1377110669599,"source_datadesc":"2016 January MAFTIGER","source_datasetid":"{9298FF95-0FA8-4712-9AA5-9292C907CA63}","source_featureid":"1101747011783","source_id":"REF-KANAWHA-HIGHWAYS","source_originator":"U.S. Department of Commerce, U.S. Census Bureau, Geography Division","state_route":null,"state_route_a":null,"state_route_b":null,"state_route_c":null,"stco_fipscode":"54039","tnmfrc":1,"us_route":null,"us_route_a":null,"us_route_b":null,"us_route_c":null},"type":"Feature"},{"geometry":{"coordinates":[[-81.562163,38.317798],[-81.562718,38.317979],[-81.562973,38.318076],[-81.56322,38.318185],[-81.563622,38.318379],[-81.563961,38.318568],[-81.56423,38.318739],[-81.565321,38.319496],[-81.565494,38.319635],[-81.565591,38.319724],[-81.565653,38.319785],[-81.565683,38.319816]],"type":"LineString"},"id":"REF-KANAWHA-HIGHWAYS-126","properties":{"canon_status":"REAL_REFERENCE","county_route":null,"federal_lands_route":null,"fictionality":"REAL","globalid":"{DB08CCF7-2646-49FC-9C06-98C12CC15DB0}","interstate":"64,77","interstate_a":"64,77","interstate_b":null,"interstate_c":null,"loaddate":1474003168000,"mtfcc_code":"S1100","name":"W Virginia Tpke","objectid":19693104,"permanent_identifier":"c216fc9f-3425-4f88-b1f8-852fb6a62ed5","real_world_relation":"REFERENCE_ONLY","shape_Length":490.2785332328909,"source_datadesc":"2016 January MAFTIGER","source_datasetid":"{9298FF95-0FA8-4712-9AA5-9292C907CA63}","source_featureid":"1101747021230","source_id":"REF-KANAWHA-HIGHWAYS","source_originator":"U.S. Department of Commerce, U.S. Census Bureau, Geography Division","state_route":null,"state_route_a":null,"state_route_b":null,"state_route_c":null,"stco_fipscode":"54039","tnmfrc":1,"us_route":null,"us_route_a":null,"us_route_b":null,"us_route_c":null},"type":"Feature"},{"geometry":{"coordinates":[[-81.632061,38.35886],[-81.632016,38.358723],[-81.631985,38.358564],[-81.63197,38.358441],[-81.631957,38.358296],[-81.631952,38.358117],[-81.631948,38.357974],[-81.631946,38.357902],[-81.631931,38.357794],[-81.631922,38.357726],[-81.631879,38.357553],[-81.631832,38.357416]],"type":"LineString"},"id":"REF-KANAWHA-HIGHWAYS-127","properties":{"canon_status":"REAL_REFERENCE","county_route":null,"federal_lands_route":null,"fictionality":"REAL","globalid":"{1C318708-E803-4F50-AB24-92EFE9DCAEAA}","interstate":"64","interstate_a":"64","interstate_b":null,"interstate_c":null,"loaddate":1474001302000,"mtfcc_code":"S1100","name":"I- 64","objectid":19693442,"permanent_identifier":"f02ca877-324b-44fb-914d-4c44ba2e7a96","real_world_relation":"REFERENCE_ONLY","shape_Length":207.3308767164029,"source_datadesc":"2016 January MAFTIGER","source_datasetid":"{9298FF95-0FA8-4712-9AA5-9292C907CA63}","source_featureid":"1101747011767","source_id":"REF-KANAWHA-HIGHWAYS","source_originator":"U.S. Department of Commerce, U.S. Census Bureau, Geography Division","state_route":null,"state_route_a":null,"state_route_b":null,"state_route_c":null,"stco_fipscode":"54039","tnmfrc":1,"us_route":null,"us_route_a":null,"us_route_b":null,"us_route_c":null},"type":"Feature"},{"geometry":{"coordinates":[[-81.647576,38.35586],[-81.647491,38.355905],[-81.647135,38.356096],[-81.64669,38.356335]],"type":"LineString"},"id":"REF-KANAWHA-HIGHWAYS-128","properties":{"canon_status":"REAL_REFERENCE","county_route":null,"federal_lands_route":null,"fictionality":"REAL","globalid":"{6A01818E-5BF9-4763-9F3A-35884AB86CD0}","interstate":"64","interstate_a":"64","interstate_b":null,"interstate_c":null,"loaddate":1568217705000,"mtfcc_code":"S1100","name":"I- 64","objectid":19780401,"permanent_identifier":"cd544bb2-82ae-48f8-b44e-dc6686570269","real_world_relation":"REFERENCE_ONLY","shape_Length":119.47634539361853,"source_datadesc":"2016 January MAFTIGER","source_datasetid":"{9298FF95-0FA8-4712-9AA5-9292C907CA63}","source_featureid":"1101747011767","source_id":"REF-KANAWHA-HIGHWAYS","source_originator":"U.S. Department of Commerce, U.S. Census Bureau, Geography Division","state_route":null,"state_route_a":null,"state_route_b":null,"state_route_c":null,"stco_fipscode":"54039","tnmfrc":1,"us_route":null,"us_route_a":null,"us_route_b":null,"us_route_c":null},"type":"Feature"},{"geometry":{"coordinates":[[-81.563107,38.309093],[-81.562465,38.309275]],"type":"LineString"},"id":"REF-KANAWHA-HIGHWAYS-129","properties":{"canon_status":"REAL_REFERENCE","county_route":null,"federal_lands_route":null,"fictionality":"REAL","globalid":"{D505B1D4-F0CD-4903-8663-2029BD2A20DF}","interstate":"64,77","interstate_a":"64,77","interstate_b":null,"interstate_c":null,"loaddate":1474003168000,"mtfcc_code":"S1100","name":"W Virginia Tpke","objectid":19821271,"permanent_identifier":"cb7385d5-38aa-448c-a92f-c4574432c22f","real_world_relation":"REFERENCE_ONLY","shape_Length":75.9882126035123,"source_datadesc":"2016 January MAFTIGER","source_datasetid":"{9298FF95-0FA8-4712-9AA5-9292C907CA63}","source_featureid":"1101747021230","source_id":"REF-KANAWHA-HIGHWAYS","source_originator":"U.S. Department of Commerce, U.S. Census Bureau, Geography Division","state_route":null,"state_route_a":null,"state_route_b":null,"state_route_c":null,"stco_fipscode":"54039","tnmfrc":1,"us_route":null,"us_route_a":null,"us_route_b":null,"us_route_c":null},"type":"Feature"},{"geometry":{"coordinates":[[-81.625082,38.361867],[-81.623962,38.362147],[-81.623562,38.362252],[-81.623499,38.362269]],"type":"LineString"},"id":"REF-KANAWHA-HIGHWAYS-130","properties":{"canon_status":"REAL_REFERENCE","county_route":null,"federal_lands_route":null,"fictionality":"REAL","globalid":"{72CFEB3D-E6F8-4C9C-AFDA-D3B976064FBD}","interstate":"77","interstate_a":"77","interstate_b":null,"interstate_c":null,"loaddate":1474001302000,"mtfcc_code":"S1100","name":"I- 77","objectid":19821288,"permanent_identifier":"a6d054ea-ae48-4395-b854-35b8ec5329f7","real_world_relation":"REFERENCE_ONLY","shape_Length":185.23523958580375,"source_datadesc":"2016 January MAFTIGER","source_datasetid":"{9298FF95-0FA8-4712-9AA5-9292C907CA63}","source_featureid":"1101747011781","source_id":"REF-KANAWHA-HIGHWAYS","source_originator":"U.S. Department of Commerce, U.S. Census Bureau, Geography Division","state_route":null,"state_route_a":null,"state_route_b":null,"state_route_c":null,"stco_fipscode":"54039","tnmfrc":1,"us_route":null,"us_route_a":null,"us_route_b":null,"us_route_c":null},"type":"Feature"},{"geometry":{"coordinates":[[-81.557343,38.310687],[-81.556905,38.310809],[-81.556801,38.310838]],"type":"LineString"},"id":"REF-KANAWHA-HIGHWAYS-131","properties":{"canon_status":"REAL_REFERENCE","county_route":null,"federal_lands_route":null,"fictionality":"REAL","globalid":"{3EC4EFE8-E28F-49D6-914C-C5DE1FE4BA3E}","interstate":"64,77","interstate_a":"64,77","interstate_b":null,"interstate_c":null,"loaddate":1474003168000,"mtfcc_code":"S1100","name":"W Virginia Tpke","objectid":19821361,"permanent_identifier":"dc867c50-8d16-4533-a874-7c5da4111185","real_world_relation":"REFERENCE_ONLY","shape_Length":64.0254297639153,"source_datadesc":"2016 January MAFTIGER","source_datasetid":"{9298FF95-0FA8-4712-9AA5-9292C907CA63}","source_featureid":"1101747021230","source_id":"REF-KANAWHA-HIGHWAYS","source_originator":"U.S. Department of Commerce, U.S. Census Bureau, Geography Division","state_route":null,"state_route_a":null,"state_route_b":null,"state_route_c":null,"stco_fipscode":"54039","tnmfrc":1,"us_route":null,"us_route_a":null,"us_route_b":null,"us_route_c":null},"type":"Feature"},{"geometry":{"coordinates":[[-81.649064,38.355064],[-81.648599,38.355312],[-81.648552,38.355337],[-81.648096,38.355579],[-81.647576,38.35586]],"type":"LineString"},"id":"REF-KANAWHA-HIGHWAYS-132","properties":{"canon_status":"REAL_REFERENCE","county_route":null,"federal_lands_route":null,"fictionality":"REAL","globalid":"{6CB244C4-ED8D-439D-86E6-99F097ED696C}","interstate":"64","interstate_a":"64","interstate_b":null,"interstate_c":null,"loaddate":1568217705000,"mtfcc_code":"S1100","name":"I- 64","objectid":20165326,"permanent_identifier":"13cedbc5-4dcc-43cf-9a7c-56b2630a95bc","real_world_relation":"REFERENCE_ONLY","shape_Length":200.51647285469778,"source_datadesc":"2016 January MAFTIGER","source_datasetid":"{9298FF95-0FA8-4712-9AA5-9292C907CA63}","source_featureid":"1101747011767","source_id":"REF-KANAWHA-HIGHWAYS","source_originator":"U.S. Department of Commerce, U.S. Census Bureau, Geography Division","state_route":null,"state_route_a":null,"state_route_b":null,"state_route_c":null,"stco_fipscode":"54039","tnmfrc":1,"us_route":"119","us_route_a":"119","us_route_b":null,"us_route_c":null},"type":"Feature"},{"geometry":{"coordinates":[[-81.586965,38.332942],[-81.586847,38.332902]],"type":"LineString"},"id":"REF-KANAWHA-HIGHWAYS-133","properties":{"canon_status":"REAL_REFERENCE","county_route":null,"federal_lands_route":null,"fictionality":"REAL","globalid":"{87F946F7-11D0-46FE-A6F8-8A192F0557C3}","interstate":"64,77","interstate_a":"64,77","interstate_b":null,"interstate_c":null,"loaddate":1474001520000,"mtfcc_code":"S1100","name":"W Virginia Tpke","objectid":20334215,"permanent_identifier":"2a723e15-3e92-4cdc-b081-58a96e5b7dd4","real_world_relation":"REFERENCE_ONLY","shape_Length":14.272193028203521,"source_datadesc":"2016 January MAFTIGER","source_datasetid":"{9298FF95-0FA8-4712-9AA5-9292C907CA63}","source_featureid":"1101747021229","source_id":"REF-KANAWHA-HIGHWAYS","source_originator":"U.S. Department of Commerce, U.S. Census Bureau, Geography Division","state_route":null,"state_route_a":null,"state_route_b":null,"state_route_c":null,"stco_fipscode":"54039","tnmfrc":1,"us_route":null,"us_route_a":null,"us_route_b":null,"us_route_c":null},"type":"Feature"},{"geometry":{"coordinates":[[-81.608407,38.370496],[-81.608083,38.371271],[-81.608063,38.371329],[-81.607615,38.372298],[-81.607262,38.373009],[-81.606761,38.374107],[-81.606732,38.374186],[-81.606679,38.374332],[-81.606615,38.37456],[-81.606536,38.375003],[-81.606519,38.375245],[-81.60652,38.375488],[-81.60654,38.37573],[-81.606589,38.376018],[-81.606659,38.376272],[-81.606727,38.376473],[-81.606829,38.376721],[-81.606949,38.376963],[-81.607057,38.377153],[-81.607374,38.377642],[-81.607771,38.378193],[-81.608337,38.378874]],"type":"LineString"},"id":"REF-KANAWHA-HIGHWAYS-134","properties":{"canon_status":"REAL_REFERENCE","county_route":null,"federal_lands_route":null,"fictionality":"REAL","globalid":"{5B4E40DE-5FAC-41E3-8A20-462966CE588A}","interstate":"77","interstate_a":"77","interstate_b":null,"interstate_c":null,"loaddate":1568217705000,"mtfcc_code":"S1100","name":"I- 77","objectid":20421108,"permanent_identifier":"8129caf9-0cf2-442d-89b0-7f3d1ded493b","real_world_relation":"REFERENCE_ONLY","shape_Length":1272.1061900058355,"source_datadesc":"2016 January MAFTIGER","source_datasetid":"{9298FF95-0FA8-4712-9AA5-9292C907CA63}","source_featureid":"1101747011782","source_id":"REF-KANAWHA-HIGHWAYS","source_originator":"U.S. Department of Commerce, U.S. Census Bureau, Geography Division","state_route":null,"state_route_a":null,"state_route_b":null,"state_route_c":null,"stco_fipscode":"54039","tnmfrc":1,"us_route":null,"us_route_a":null,"us_route_b":null,"us_route_c":null},"type":"Feature"},{"geometry":{"coordinates":[[-81.566841,38.320408],[-81.566534,38.32019]],"type":"LineString"},"id":"REF-KANAWHA-HIGHWAYS-135","properties":{"canon_status":"REAL_REFERENCE","county_route":null,"federal_lands_route":null,"fictionality":"REAL","globalid":"{7BCCE12B-0CB5-4F01-BE75-A8D15D4F55EB}","interstate":"64,77","interstate_a":"64,77","interstate_b":null,"interstate_c":null,"loaddate":1474002730000,"mtfcc_code":"S1100","name":"W Virginia Tpke","objectid":20590669,"permanent_identifier":"ba42a2fe-f79f-410e-9288-dfef44a458cd","real_world_relation":"REFERENCE_ONLY","shape_Length":46.094549838971794,"source_datadesc":"2016 January MAFTIGER","source_datasetid":"{9298FF95-0FA8-4712-9AA5-9292C907CA63}","source_featureid":"1101747021229","source_id":"REF-KANAWHA-HIGHWAYS","source_originator":"U.S. Department of Commerce, U.S. Census Bureau, Geography Division","state_route":null,"state_route_a":null,"state_route_b":null,"state_route_c":null,"stco_fipscode":"54039","tnmfrc":1,"us_route":"60","us_route_a":"60","us_route_b":null,"us_route_c":null},"type":"Feature"},{"geometry":{"coordinates":[[-81.623499,38.362269],[-81.621884,38.362696],[-81.621675,38.362749]],"type":"LineString"},"id":"REF-KANAWHA-HIGHWAYS-136","properties":{"canon_status":"REAL_REFERENCE","county_route":null,"federal_lands_route":null,"fictionality":"REAL","globalid":"{786E0829-FC31-4EF9-BEC0-5F9688B49421}","interstate":"77","interstate_a":"77","interstate_b":null,"interstate_c":null,"loaddate":1474001302000,"mtfcc_code":"S1100","name":"I- 77","objectid":20590747,"permanent_identifier":"1825d812-6519-4aab-b98c-2549ad8ee9fe","real_world_relation":"REFERENCE_ONLY","shape_Length":214.1789212354177,"source_datadesc":"2016 January MAFTIGER","source_datasetid":"{9298FF95-0FA8-4712-9AA5-9292C907CA63}","source_featureid":"1101747011781","source_id":"REF-KANAWHA-HIGHWAYS","source_originator":"U.S. Department of Commerce, U.S. Census Bureau, Geography Division","state_route":null,"state_route_a":null,"state_route_b":null,"state_route_c":null,"stco_fipscode":"54039","tnmfrc":1,"us_route":null,"us_route_a":null,"us_route_b":null,"us_route_c":null},"type":"Feature"},{"geometry":{"coordinates":[[-81.573788,38.257576],[-81.57386,38.257075],[-81.573877,38.256953],[-81.574069,38.255872],[-81.574099,38.255652],[-81.574119,38.255429],[-81.57413,38.255208],[-81.574129,38.255007],[-81.57412,38.254749],[-81.574111,38.254644],[-81.574072,38.254328],[-81.574015,38.254015],[-81.573922,38.253651],[-81.573854,38.253432],[-81.573409,38.252096],[-81.573033,38.250969],[-81.572927,38.250655]],"type":"LineString"},"id":"REF-KANAWHA-HIGHWAYS-137","properties":{"canon_status":"REAL_REFERENCE","county_route":null,"federal_lands_route":null,"fictionality":"REAL","globalid":"{67CA5B65-D710-4516-B624-EE725F8D151A}","interstate":"64,77","interstate_a":"64,77","interstate_b":null,"interstate_c":null,"loaddate":1474002730000,"mtfcc_code":"S1100","name":"W Virginia Tpke","objectid":21231415,"permanent_identifier":"91c0b2ff-0d25-4e69-abb2-c37773622d1c","real_world_relation":"REFERENCE_ONLY","shape_Length":999.3804384547277,"source_datadesc":"2016 January MAFTIGER","source_datasetid":"{9298FF95-0FA8-4712-9AA5-9292C907CA63}","source_featureid":"1101747021229","source_id":"REF-KANAWHA-HIGHWAYS","source_originator":"U.S. Department of Commerce, U.S. Census Bureau, Geography Division","state_route":null,"state_route_a":null,"state_route_b":null,"state_route_c":null,"stco_fipscode":"54039","tnmfrc":1,"us_route":null,"us_route_a":null,"us_route_b":null,"us_route_c":null},"type":"Feature"},{"geometry":{"coordinates":[[-81.556911,38.311018],[-81.556989,38.310996]],"type":"LineString"},"id":"REF-KANAWHA-HIGHWAYS-138","properties":{"canon_status":"REAL_REFERENCE","county_route":null,"federal_lands_route":null,"fictionality":"REAL","globalid":"{337C5386-7CC0-47B9-B3F5-4D83A849599D}","interstate":"64,77","interstate_a":"64,77","interstate_b":null,"interstate_c":null,"loaddate":1474001520000,"mtfcc_code":"S1100","name":"W Virginia Tpke","objectid":21359174,"permanent_identifier":"51796eb7-6469-4a47-8cd9-f1b2a727a745","real_world_relation":"REFERENCE_ONLY","shape_Length":9.226903826302623,"source_datadesc":"2016 January MAFTIGER","source_datasetid":"{9298FF95-0FA8-4712-9AA5-9292C907CA63}","source_featureid":"1101747021229","source_id":"REF-KANAWHA-HIGHWAYS","source_originator":"U.S. Department of Commerce, U.S. Census Bureau, Geography Division","state_route":null,"state_route_a":null,"state_route_b":null,"state_route_c":null,"stco_fipscode":"54039","tnmfrc":1,"us_route":null,"us_route_a":null,"us_route_b":null,"us_route_c":null},"type":"Feature"},{"geometry":{"coordinates":[[-81.567758,38.242452],[-81.567542,38.242244],[-81.567514,38.242218],[-81.567333,38.242053],[-81.567044,38.241802],[-81.566748,38.24156],[-81.566346,38.241248],[-81.566212,38.241152],[-81.565927,38.240947],[-81.56559,38.240718],[-81.565334,38.240566]],"type":"LineString"},"id":"REF-KANAWHA-HIGHWAYS-139","properties":{"canon_status":"REAL_REFERENCE","county_route":null,"federal_lands_route":null,"fictionality":"REAL","globalid":"{F3C6ABAE-DB41-4CA0-9A8B-AB5209FCA600}","interstate":"64,77","interstate_a":"64,77","interstate_b":null,"interstate_c":null,"loaddate":1474002730000,"mtfcc_code":"S1100","name":"W Virginia Tpke","objectid":21487514,"permanent_identifier":"d0f16981-50ce-4f2b-9dbc-84aafdd8f1c1","real_world_relation":"REFERENCE_ONLY","shape_Length":380.72172692959265,"source_datadesc":"2016 January MAFTIGER","source_datasetid":"{9298FF95-0FA8-4712-9AA5-9292C907CA63}","source_featureid":"1101747021229","source_id":"REF-KANAWHA-HIGHWAYS","source_originator":"U.S. Department of Commerce, U.S. Census Bureau, Geography Division","state_route":null,"state_route_a":null,"state_route_b":null,"state_route_c":null,"stco_fipscode":"54039","tnmfrc":1,"us_route":null,"us_route_a":null,"us_route_b":null,"us_route_c":null},"type":"Feature"},{"geometry":{"coordinates":[[-81.627434,38.353025],[-81.627224,38.352978],[-81.627124,38.352957],[-81.626968,38.352922],[-81.6267,38.352854],[-81.626022,38.352701],[-81.625289,38.352519]],"type":"LineString"},"id":"REF-KANAWHA-HIGHWAYS-140","properties":{"canon_status":"REAL_REFERENCE","county_route":null,"federal_lands_route":null,"fictionality":"REAL","globalid":"{83D482AD-4509-4657-9968-8B2F3E3DC21E}","interstate":"64,77","interstate_a":"64,77","interstate_b":null,"interstate_c":null,"loaddate":1474001307000,"mtfcc_code":"S1100","name":"I- 77","objectid":21871328,"permanent_identifier":"b00dcf5c-d55f-447d-8aff-9669e445e356","real_world_relation":"REFERENCE_ONLY","shape_Length":249.38054135382765,"source_datadesc":"2016 January MAFTIGER","source_datasetid":"{9298FF95-0FA8-4712-9AA5-9292C907CA63}","source_featureid":"1101747011779","source_id":"REF-KANAWHA-HIGHWAYS","source_originator":"U.S. Department of Commerce, U.S. Census Bureau, Geography Division","state_route":null,"state_route_a":null,"state_route_b":null,"state_route_c":null,"stco_fipscode":"54039","tnmfrc":1,"us_route":null,"us_route_a":null,"us_route_b":null,"us_route_c":null},"type":"Feature"},{"geometry":{"coordinates":[[-81.479767,38.195699],[-81.480076,38.195702],[-81.48033,38.195688],[-81.480605,38.195656],[-81.480877,38.195608],[-81.481145,38.195547],[-81.48156,38.195424],[-81.487972,38.193399],[-81.488615,38.193214],[-81.489015,38.193113],[-81.489275,38.193052],[-81.489806,38.192943],[-81.490348,38.192852],[-81.490752,38.192796],[-81.491163,38.192749],[-81.49157,38.192712],[-81.492015,38.192684],[-81.492397,38.19267],[-81.492806,38.192662],[-81.495284,38.19267],[-81.495735,38.192682],[-81.495967,38.192694]],"type":"LineString"},"id":"REF-KANAWHA-HIGHWAYS-141","properties":{"canon_status":"REAL_REFERENCE","county_route":null,"federal_lands_route":null,"fictionality":"REAL","globalid":"{11EA1481-EEAB-4417-A723-268B59EE39D8}","interstate":"64,77","interstate_a":"64,77","interstate_b":null,"interstate_c":null,"loaddate":1474003165000,"mtfcc_code":"S1100","name":"W Virginia Tpke","objectid":21871364,"permanent_identifier":"0694d189-d6e3-46d8-b000-5c15a0750fdc","real_world_relation":"REFERENCE_ONLY","shape_Length":1877.6890704329162,"source_datadesc":"2016 January MAFTIGER","source_datasetid":"{9298FF95-0FA8-4712-9AA5-9292C907CA63}","source_featureid":"1101747021230","source_id":"REF-KANAWHA-HIGHWAYS","source_originator":"U.S. Department of Commerce, U.S. Census Bureau, Geography Division","state_route":null,"state_route_a":null,"state_route_b":null,"state_route_c":null,"stco_fipscode":"54039","tnmfrc":1,"us_route":null,"us_route_a":null,"us_route_b":null,"us_route_c":null},"type":"Feature"},{"geometry":{"coordinates":[[-81.565524,38.297881],[-81.56556,38.298]],"type":"LineString"},"id":"REF-KANAWHA-HIGHWAYS-142","properties":{"canon_status":"REAL_REFERENCE","county_route":null,"federal_lands_route":null,"fictionality":"REAL","globalid":"{4A93BAC5-23CD-40B9-A260-39B0AFF64E36}","interstate":"64,77","interstate_a":"64,77","interstate_b":null,"interstate_c":null,"loaddate":1474003165000,"mtfcc_code":"S1100","name":"W Virginia Tpke","objectid":21871399,"permanent_identifier":"9edcd58a-25b2-4d1e-a721-bb7b7a70a321","real_world_relation":"REFERENCE_ONLY","shape_Length":17.34870532802751,"source_datadesc":"2016 January MAFTIGER","source_datasetid":"{9298FF95-0FA8-4712-9AA5-9292C907CA63}","source_featureid":"1101747021230","source_id":"REF-KANAWHA-HIGHWAYS","source_originator":"U.S. Department of Commerce, U.S. Census Bureau, Geography Division","state_route":null,"state_route_a":null,"state_route_b":null,"state_route_c":null,"stco_fipscode":"54039","tnmfrc":1,"us_route":null,"us_route_a":null,"us_route_b":null,"us_route_c":null},"type":"Feature"},{"geometry":{"coordinates":[[-81.586914,38.333047],[-81.587004,38.333078],[-81.587237,38.333143],[-81.587498,38.333215],[-81.58802,38.333347],[-81.588498,38.333441],[-81.589076,38.333537],[-81.590763,38.33375],[-81.592831,38.334],[-81.593364,38.33408],[-81.593639,38.334128],[-81.593949,38.334203],[-81.594254,38.334291],[-81.594553,38.334392],[-81.595233,38.334643],[-81.596185,38.334995]],"type":"LineString"},"id":"REF-KANAWHA-HIGHWAYS-143","properties":{"canon_status":"REAL_REFERENCE","county_route":null,"federal_lands_route":null,"fictionality":"REAL","globalid":"{3E963A4C-8F67-4CCA-9901-9E8AE77CC401}","interstate":"64,77","interstate_a":"64,77","interstate_b":null,"interstate_c":null,"loaddate":1474003168000,"mtfcc_code":"S1100","name":"W Virginia Tpke","objectid":21999342,"permanent_identifier":"176d88f8-bc42-41d9-9ca1-8e2f995f8ae2","real_world_relation":"REFERENCE_ONLY","shape_Length":1075.2098175443289,"source_datadesc":"2016 January MAFTIGER","source_datasetid":"{9298FF95-0FA8-4712-9AA5-9292C907CA63}","source_featureid":"1101747021230","source_id":"REF-KANAWHA-HIGHWAYS","source_originator":"U.S. Department of Commerce, U.S. Census Bureau, Geography Division","state_route":null,"state_route_a":null,"state_route_b":null,"state_route_c":null,"stco_fipscode":"54039","tnmfrc":1,"us_route":null,"us_route_a":null,"us_route_b":null,"us_route_c":null},"type":"Feature"},{"geometry":{"coordinates":[[-81.566607,38.306975],[-81.566628,38.306907]],"type":"LineString"},"id":"REF-KANAWHA-HIGHWAYS-144","properties":{"canon_status":"REAL_REFERENCE","county_route":null,"federal_lands_route":null,"fictionality":"REAL","globalid":"{A2291761-039A-4591-AB48-A6B1F1FEAACE}","interstate":"64,77","interstate_a":"64,77","interstate_b":null,"interstate_c":null,"loaddate":1568217705000,"mtfcc_code":"S1100","name":"W Virginia Tpke","objectid":22086577,"permanent_identifier":"08f73923-4540-4266-9bf2-74126a371b9d","real_world_relation":"REFERENCE_ONLY","shape_Length":10.029012638588519,"source_datadesc":"2018 May MAF/TIGER","source_datasetid":"{9298FF95-0FA8-4712-9AA5-9292C907CA63}","source_featureid":"1101747021229","source_id":"REF-KANAWHA-HIGHWAYS","source_originator":"U.S. Department of Commerce, U.S. Census Bureau, Geography Division","state_route":null,"state_route_a":null,"state_route_b":null,"state_route_c":null,"stco_fipscode":"54039","tnmfrc":1,"us_route":null,"us_route_a":null,"us_route_b":null,"us_route_c":null},"type":"Feature"},{"geometry":{"coordinates":[[-81.631761,38.355029],[-81.631827,38.355159],[-81.631871,38.355317],[-81.631931,38.355584],[-81.631964,38.355798],[-81.631972,38.355852],[-81.632038,38.356547],[-81.63204,38.356586],[-81.632071,38.357068],[-81.63209,38.35729],[-81.6321,38.357403],[-81.632137,38.357669]],"type":"LineString"},"id":"REF-KANAWHA-HIGHWAYS-145","properties":{"canon_status":"REAL_REFERENCE","county_route":null,"federal_lands_route":null,"fictionality":"REAL","globalid":"{987F57AC-5B40-422A-A698-D7DE09EE98E0}","interstate":"64,77","interstate_a":"64,77","interstate_b":null,"interstate_c":null,"loaddate":1474001316000,"mtfcc_code":"S1100","name":"I- 64","objectid":22127658,"permanent_identifier":"f208cce1-91be-4267-aa9b-e28faa29edec","real_world_relation":"REFERENCE_ONLY","shape_Length":378.2640771578947,"source_datadesc":"2016 January MAFTIGER","source_datasetid":"{9298FF95-0FA8-4712-9AA5-9292C907CA63}","source_featureid":"1104991779163","source_id":"REF-KANAWHA-HIGHWAYS","source_originator":"U.S. Department of Commerce, U.S. Census Bureau, Geography Division","state_route":null,"state_route_a":null,"state_route_b":null,"state_route_c":null,"stco_fipscode":"54039","tnmfrc":1,"us_route":null,"us_route_a":null,"us_route_b":null,"us_route_c":null},"type":"Feature"},{"geometry":{"coordinates":[[-81.631489,38.35503],[-81.63157,38.355214],[-81.631638,38.355411],[-81.631688,38.355612],[-81.631703,38.355693],[-81.631716,38.355774]],"type":"LineString"},"id":"REF-KANAWHA-HIGHWAYS-146","properties":{"canon_status":"REAL_REFERENCE","county_route":null,"federal_lands_route":null,"fictionality":"REAL","globalid":"{614A884D-E946-4496-97CD-1822F6779F88}","interstate":"64,77","interstate_a":"64,77","interstate_b":null,"interstate_c":null,"loaddate":1474001302000,"mtfcc_code":"S1100","name":"I- 77","objectid":22640186,"permanent_identifier":"092c72c1-112a-4cb1-b7ed-1ed00e73f89e","real_world_relation":"REFERENCE_ONLY","shape_Length":108.88427958256975,"source_datadesc":"2016 January MAFTIGER","source_datasetid":"{9298FF95-0FA8-4712-9AA5-9292C907CA63}","source_featureid":"1101747011780","source_id":"REF-KANAWHA-HIGHWAYS","source_originator":"U.S. Department of Commerce, U.S. Census Bureau, Geography Division","state_route":null,"state_route_a":null,"state_route_b":null,"state_route_c":null,"stco_fipscode":"54039","tnmfrc":1,"us_route":null,"us_route_a":null,"us_route_b":null,"us_route_c":null},"type":"Feature"},{"geometry":{"coordinates":[[-81.632806,38.359849],[-81.632745,38.359801],[-81.632615,38.35968],[-81.632461,38.359514],[-81.632323,38.359339],[-81.632224,38.359194],[-81.632146,38.359061],[-81.632077,38.35891],[-81.632061,38.35886]],"type":"LineString"},"id":"REF-KANAWHA-HIGHWAYS-147","properties":{"canon_status":"REAL_REFERENCE","county_route":null,"federal_lands_route":null,"fictionality":"REAL","globalid":"{803357A7-BEBB-4CD3-98DF-07F33F5E6D7F}","interstate":"64","interstate_a":"64","interstate_b":null,"interstate_c":null,"loaddate":1474001307000,"mtfcc_code":"S1100","name":"I- 64","objectid":22768039,"permanent_identifier":"beb2d7f1-df5e-4974-8301-2a86b05651cb","real_world_relation":"REFERENCE_ONLY","shape_Length":164.65398066801845,"source_datadesc":"2016 January MAFTIGER","source_datasetid":"{9298FF95-0FA8-4712-9AA5-9292C907CA63}","source_featureid":"1101747011767","source_id":"REF-KANAWHA-HIGHWAYS","source_originator":"U.S. Department of Commerce, U.S. Census Bureau, Geography Division","state_route":null,"state_route_a":null,"state_route_b":null,"state_route_c":null,"stco_fipscode":"54039","tnmfrc":1,"us_route":null,"us_route_a":null,"us_route_b":null,"us_route_c":null},"type":"Feature"},{"geometry":{"coordinates":[[-81.586042,38.33261],[-81.585293,38.332336],[-81.584988,38.332221],[-81.582937,38.331444],[-81.582445,38.331247],[-81.582154,38.331122],[-81.581738,38.330911],[-81.581014,38.330457],[-81.580702,38.330187]],"type":"LineString"},"id":"REF-KANAWHA-HIGHWAYS-148","properties":{"canon_status":"REAL_REFERENCE","county_route":null,"federal_lands_route":null,"fictionality":"REAL","globalid":"{C37D3673-5895-4579-8F26-D11BF29CAFFC}","interstate":"64,77","interstate_a":"64,77","interstate_b":null,"interstate_c":null,"loaddate":1474002730000,"mtfcc_code":"S1100","name":"W Virginia Tpke","objectid":22768051,"permanent_identifier":"bb5f11e1-9917-4db8-9ca5-2cbc12496d37","real_world_relation":"REFERENCE_ONLY","shape_Length":691.6847087580882,"source_datadesc":"2016 January MAFTIGER","source_datasetid":"{9298FF95-0FA8-4712-9AA5-9292C907CA63}","source_featureid":"1101747021229","source_id":"REF-KANAWHA-HIGHWAYS","source_originator":"U.S. Department of Commerce, U.S. Census Bureau, Geography Division","state_route":null,"state_route_a":null,"state_route_b":null,"state_route_c":null,"stco_fipscode":"54039","tnmfrc":1,"us_route":null,"us_route_a":null,"us_route_b":null,"us_route_c":null},"type":"Feature"},{"geometry":{"coordinates":[[-81.57836,38.328132],[-81.576151,38.326834],[-81.575192,38.326226],[-81.574518,38.325778],[-81.574039,38.325454],[-81.573475,38.325052],[-81.572813,38.324588],[-81.572516,38.324379],[-81.571028,38.323336],[-81.570487,38.322965],[-81.570093,38.322688],[-81.569229,38.32208],[-81.568634,38.32165]],"type":"LineString"},"id":"REF-KANAWHA-HIGHWAYS-149","properties":{"canon_status":"REAL_REFERENCE","county_route":null,"federal_lands_route":null,"fictionality":"REAL","globalid":"{94514DDA-9B17-4008-8BDD-68E54687753C}","interstate":"64,77","interstate_a":"64,77","interstate_b":null,"interstate_c":null,"loaddate":1474002730000,"mtfcc_code":"S1100","name":"W Virginia Tpke","objectid":22768397,"permanent_identifier":"5c9c025e-9ad1-4ff3-8936-710b7464f982","real_world_relation":"REFERENCE_ONLY","shape_Length":1421.5725862821696,"source_datadesc":"2016 January MAFTIGER","source_datasetid":"{9298FF95-0FA8-4712-9AA5-9292C907CA63}","source_featureid":"1101747021229","source_id":"REF-KANAWHA-HIGHWAYS","source_originator":"U.S. Department of Commerce, U.S. Census Bureau, Geography Division","state_route":null,"state_route_a":null,"state_route_b":null,"state_route_c":null,"stco_fipscode":"54039","tnmfrc":1,"us_route":"60","us_route_a":"60","us_route_b":null,"us_route_c":null},"type":"Feature"},{"geometry":{"coordinates":[[-81.631121,38.360112],[-81.630982,38.360197],[-81.630849,38.360272],[-81.630813,38.360289],[-81.630598,38.360389]],"type":"LineString"},"id":"REF-KANAWHA-HIGHWAYS-150","properties":{"canon_status":"REAL_REFERENCE","county_route":null,"federal_lands_route":null,"fictionality":"REAL","globalid":"{1D2F7682-334C-4B5E-8E3A-99829CC01AC1}","interstate":"77","interstate_a":"77","interstate_b":null,"interstate_c":null,"loaddate":1474001302000,"mtfcc_code":"S1100","name":"I- 77","objectid":22896303,"permanent_identifier":"fd313866-ed0f-460d-9880-28b0c0c9621b","real_world_relation":"REFERENCE_ONLY","shape_Length":70.36464920888588,"source_datadesc":"2016 January MAFTIGER","source_datasetid":"{9298FF95-0FA8-4712-9AA5-9292C907CA63}","source_featureid":"1101747011782","source_id":"REF-KANAWHA-HIGHWAYS","source_originator":"U.S. Department of Commerce, U.S. Census Bureau, Geography Division","state_route":null,"state_route_a":null,"state_route_b":null,"state_route_c":null,"stco_fipscode":"54039","tnmfrc":1,"us_route":null,"us_route_a":null,"us_route_b":null,"us_route_c":null},"type":"Feature"},{"geometry":{"coordinates":[[-81.568704,38.243685],[-81.568947,38.243987],[-81.569265,38.244408],[-81.569462,38.244681],[-81.56963,38.24493],[-81.570115,38.245736],[-81.570992,38.247214],[-81.572137,38.249161],[-81.572247,38.249359],[-81.57235,38.249558],[-81.572445,38.249759],[-81.572534,38.249962],[-81.572617,38.250173],[-81.572805,38.250712]],"type":"LineString"},"id":"REF-KANAWHA-HIGHWAYS-151","properties":{"canon_status":"REAL_REFERENCE","county_route":null,"federal_lands_route":null,"fictionality":"REAL","globalid":"{7EB95C7B-A2CB-450E-9A82-B72D8FE5E803}","interstate":"64,77","interstate_a":"64,77","interstate_b":null,"interstate_c":null,"loaddate":1474003165000,"mtfcc_code":"S1100","name":"W Virginia Tpke","objectid":22896317,"permanent_identifier":"73643e46-8b80-462f-b8d9-5af66fee3e56","real_world_relation":"REFERENCE_ONLY","shape_Length":1098.338389932835,"source_datadesc":"2016 January MAFTIGER","source_datasetid":"{9298FF95-0FA8-4712-9AA5-9292C907CA63}","source_featureid":"1101747021230","source_id":"REF-KANAWHA-HIGHWAYS","source_originator":"U.S. Department of Commerce, U.S. Census Bureau, Geography Division","state_route":null,"state_route_a":null,"state_route_b":null,"state_route_c":null,"stco_fipscode":"54039","tnmfrc":1,"us_route":null,"us_route_a":null,"us_route_b":null,"us_route_c":null},"type":"Feature"},{"geometry":{"coordinates":[[-81.553308,38.315619],[-81.553186,38.315397],[-81.553094,38.315193],[-81.553015,38.314962],[-81.552974,38.314806],[-81.552928,38.314547],[-81.552912,38.314332],[-81.552918,38.314109],[-81.552935,38.313954],[-81.552993,38.313679],[-81.553049,38.313497],[-81.553109,38.31334],[-81.553219,38.31311],[-81.553336,38.312913],[-81.553489,38.312699],[-81.553663,38.312495],[-81.55379,38.312366],[-81.55394,38.312229],[-81.554152,38.312059],[-81.554303,38.311954],[-81.554461,38.311856],[-81.554689,38.311731],[-81.554876,38.311642],[-81.555069,38.31156],[-81.555324,38.311467],[-81.555859,38.311305],[-81.556911,38.311018]],"type":"LineString"},"id":"REF-KANAWHA-HIGHWAYS-152","properties":{"canon_status":"REAL_REFERENCE","county_route":null,"federal_lands_route":null,"fictionality":"REAL","globalid":"{37D7EFA2-FADE-4E40-B33A-9EA509BE934E}","interstate":"64,77","interstate_a":"64,77","interstate_b":null,"interstate_c":null,"loaddate":1474002730000,"mtfcc_code":"S1100","name":"W Virginia Tpke","objectid":22896428,"permanent_identifier":"aef0e2b9-d0ad-47b0-8fd1-382ba4bd7ebd","real_world_relation":"REFERENCE_ONLY","shape_Length":893.8381185562437,"source_datadesc":"2016 January MAFTIGER","source_datasetid":"{9298FF95-0FA8-4712-9AA5-9292C907CA63}","source_featureid":"1101747021229","source_id":"REF-KANAWHA-HIGHWAYS","source_originator":"U.S. Department of Commerce, U.S. Census Bureau, Geography Division","state_route":null,"state_route_a":null,"state_route_b":null,"state_route_c":null,"stco_fipscode":"54039","tnmfrc":1,"us_route":null,"us_route_a":null,"us_route_b":null,"us_route_c":null},"type":"Feature"},{"geometry":{"coordinates":[[-81.566596,38.307],[-81.566607,38.306975]],"type":"LineString"},"id":"REF-KANAWHA-HIGHWAYS-153","properties":{"canon_status":"REAL_REFERENCE","county_route":null,"federal_lands_route":null,"fictionality":"REAL","globalid":"{C36DC9A8-F630-4AD3-A3F9-BBA56625D0DC}","interstate":"64,77","interstate_a":"64,77","interstate_b":null,"interstate_c":null,"loaddate":1568217705000,"mtfcc_code":"S1100","name":"W Virginia Tpke","objectid":23111901,"permanent_identifier":"be8a5b5f-9802-4b39-8f74-d3d404a7f264","real_world_relation":"REFERENCE_ONLY","shape_Length":3.6142799244429504,"source_datadesc":"2018 May MAF/TIGER","source_datasetid":"{9298FF95-0FA8-4712-9AA5-9292C907CA63}","source_featureid":"1101747021229","source_id":"REF-KANAWHA-HIGHWAYS","source_originator":"U.S. Department of Commerce, U.S. Census Bureau, Geography Division","state_route":null,"state_route_a":null,"state_route_b":null,"state_route_c":null,"stco_fipscode":"54039","tnmfrc":1,"us_route":null,"us_route_a":null,"us_route_b":null,"us_route_c":null},"type":"Feature"},{"geometry":{"coordinates":[[-81.631251,38.360024],[-81.631121,38.360112]],"type":"LineString"},"id":"REF-KANAWHA-HIGHWAYS-154","properties":{"canon_status":"REAL_REFERENCE","county_route":null,"federal_lands_route":null,"fictionality":"REAL","globalid":"{F03540BF-C5ED-4E21-98CB-35EF14AD2406}","interstate":"77","interstate_a":"77","interstate_b":null,"interstate_c":null,"loaddate":1474001302000,"mtfcc_code":"S1100","name":"I- 77","objectid":23152763,"permanent_identifier":"48c1737d-cd0e-4867-8985-b565a3612bb2","real_world_relation":"REFERENCE_ONLY","shape_Length":19.1180375893406,"source_datadesc":"2016 January MAFTIGER","source_datasetid":"{9298FF95-0FA8-4712-9AA5-9292C907CA63}","source_featureid":"1101747011782","source_id":"REF-KANAWHA-HIGHWAYS","source_originator":"U.S. Department of Commerce, U.S. Census Bureau, Geography Division","state_route":null,"state_route_a":null,"state_route_b":null,"state_route_c":null,"stco_fipscode":"54039","tnmfrc":1,"us_route":null,"us_route_a":null,"us_route_b":null,"us_route_c":null},"type":"Feature"},{"geometry":{"coordinates":[[-81.565776,38.31987],[-81.565891,38.319943],[-81.566038,38.320045],[-81.566142,38.320127],[-81.567237,38.320875],[-81.568387,38.321679],[-81.568487,38.321753]],"type":"LineString"},"id":"REF-KANAWHA-HIGHWAYS-155","properties":{"canon_status":"REAL_REFERENCE","county_route":null,"federal_lands_route":null,"fictionality":"REAL","globalid":"{7C76AEA2-EA4E-4786-ABD4-E3A30D41F62C}","interstate":"64,77","interstate_a":"64,77","interstate_b":null,"interstate_c":null,"loaddate":1474003168000,"mtfcc_code":"S1100","name":"W Virginia Tpke","objectid":23281231,"permanent_identifier":"3d09555c-53d2-4dfb-a966-751f54b39694","real_world_relation":"REFERENCE_ONLY","shape_Length":403.1256954974683,"source_datadesc":"2016 January MAFTIGER","source_datasetid":"{9298FF95-0FA8-4712-9AA5-9292C907CA63}","source_featureid":"1101747021230","source_id":"REF-KANAWHA-HIGHWAYS","source_originator":"U.S. Department of Commerce, U.S. Census Bureau, Geography Division","state_route":null,"state_route_a":null,"state_route_b":null,"state_route_c":null,"stco_fipscode":"54039","tnmfrc":1,"us_route":"60","us_route_a":"60","us_route_b":null,"us_route_c":null},"type":"Feature"},{"geometry":{"coordinates":[[-81.639594,38.359764],[-81.63942,38.359847],[-81.639238,38.359917],[-81.639086,38.359963],[-81.638483,38.360109],[-81.638089,38.360192],[-81.637941,38.360218],[-81.637639,38.360272],[-81.637196,38.360337],[-81.636773,38.360385],[-81.636436,38.360408],[-81.635979,38.360446],[-81.635914,38.360468]],"type":"LineString"},"id":"REF-KANAWHA-HIGHWAYS-156","properties":{"canon_status":"REAL_REFERENCE","county_route":null,"federal_lands_route":null,"fictionality":"REAL","globalid":"{EBBB541E-31F7-472D-A241-664229959066}","interstate":"64","interstate_a":"64","interstate_b":null,"interstate_c":null,"loaddate":1568217705000,"mtfcc_code":"S1100","name":"I- 64","objectid":23368322,"permanent_identifier":"62eab4d2-2d5d-44b6-8929-c112fe0ec2e9","real_world_relation":"REFERENCE_ONLY","shape_Length":424.8534711395078,"source_datadesc":"2018 May MAF/TIGER","source_datasetid":"{9298FF95-0FA8-4712-9AA5-9292C907CA63}","source_featureid":"1101747011767","source_id":"REF-KANAWHA-HIGHWAYS","source_originator":"U.S. Department of Commerce, U.S. Census Bureau, Geography Division","state_route":null,"state_route_a":null,"state_route_b":null,"state_route_c":null,"stco_fipscode":"54039","tnmfrc":1,"us_route":null,"us_route_a":null,"us_route_b":null,"us_route_c":null},"type":"Feature"},{"geometry":{"coordinates":[[-81.566534,38.32019],[-81.566169,38.319918]],"type":"LineString"},"id":"REF-KANAWHA-HIGHWAYS-157","properties":{"canon_status":"REAL_REFERENCE","county_route":null,"federal_lands_route":null,"fictionality":"REAL","globalid":"{C1FAD348-4C1B-4225-8D19-88ED45993EB7}","interstate":"64,77","interstate_a":"64,77","interstate_b":null,"interstate_c":null,"loaddate":1474002150000,"mtfcc_code":"S1100","name":"W Virginia Tpke","objectid":23409014,"permanent_identifier":"f22286c4-0fe2-476e-a777-32d4333cb6dd","real_world_relation":"REFERENCE_ONLY","shape_Length":56.03913954086415,"source_datadesc":"2016 January MAFTIGER","source_datasetid":"{9298FF95-0FA8-4712-9AA5-9292C907CA63}","source_featureid":"1101747021229","source_id":"REF-KANAWHA-HIGHWAYS","source_originator":"U.S. Department of Commerce, U.S. Census Bureau, Geography Division","state_route":null,"state_route_a":null,"state_route_b":null,"state_route_c":null,"stco_fipscode":"54039","tnmfrc":1,"us_route":"60","us_route_a":"60","us_route_b":null,"us_route_c":null},"type":"Feature"},{"geometry":{"coordinates":[[-81.565265,38.24066],[-81.565525,38.240814],[-81.565943,38.2411],[-81.56614,38.241244],[-81.566248,38.241322],[-81.566614,38.241604],[-81.566987,38.241909],[-81.567271,38.242159],[-81.567409,38.242289],[-81.567653,38.24252]],"type":"LineString"},"id":"REF-KANAWHA-HIGHWAYS-158","properties":{"canon_status":"REAL_REFERENCE","county_route":null,"federal_lands_route":null,"fictionality":"REAL","globalid":"{D9EE0D1C-6391-4D28-83A4-CFB266CABED7}","interstate":"64,77","interstate_a":"64,77","interstate_b":null,"interstate_c":null,"loaddate":1474003165000,"mtfcc_code":"S1100","name":"W Virginia Tpke","objectid":24178475,"permanent_identifier":"ee064e37-2248-436a-b511-bb5628eeb3f3","real_world_relation":"REFERENCE_ONLY","shape_Length":375.28630032265664,"source_datadesc":"2016 January MAFTIGER","source_datasetid":"{9298FF95-0FA8-4712-9AA5-9292C907CA63}","source_featureid":"1101747021230","source_id":"REF-KANAWHA-HIGHWAYS","source_originator":"U.S. Department of Commerce, U.S. Census Bureau, Geography Division","state_route":null,"state_route_a":null,"state_route_b":null,"state_route_c":null,"stco_fipscode":"54039","tnmfrc":1,"us_route":null,"us_route_a":null,"us_route_b":null,"us_route_c":null},"type":"Feature"},{"geometry":{"coordinates":[[-81.560046,38.31015],[-81.560415,38.310047],[-81.560433,38.310041],[-81.560674,38.309975],[-81.56133,38.309792],[-81.562217,38.309544],[-81.562551,38.309451]],"type":"LineString"},"id":"REF-KANAWHA-HIGHWAYS-159","properties":{"canon_status":"REAL_REFERENCE","county_route":null,"federal_lands_route":null,"fictionality":"REAL","globalid":"{311ECA00-C96F-42C9-9FAC-38301F0D5CAB}","interstate":"64,77","interstate_a":"64,77","interstate_b":null,"interstate_c":null,"loaddate":1474002730000,"mtfcc_code":"S1100","name":"W Virginia Tpke","objectid":24178843,"permanent_identifier":"36ff01a0-6677-4fba-ba20-b6eff49f2789","real_world_relation":"REFERENCE_ONLY","shape_Length":295.9675309004173,"source_datadesc":"2016 January MAFTIGER","source_datasetid":"{9298FF95-0FA8-4712-9AA5-9292C907CA63}","source_featureid":"1101747021229","source_id":"REF-KANAWHA-HIGHWAYS","source_originator":"U.S. Department of Commerce, U.S. Census Bureau, Geography Division","state_route":null,"state_route_a":null,"state_route_b":null,"state_route_c":null,"stco_fipscode":"54039","tnmfrc":1,"us_route":null,"us_route_a":null,"us_route_b":null,"us_route_c":null},"type":"Feature"},{"geometry":{"coordinates":[[-81.627434,38.353025],[-81.627731,38.353091],[-81.627887,38.353127],[-81.628111,38.353178],[-81.628839,38.353344]],"type":"LineString"},"id":"REF-KANAWHA-HIGHWAYS-160","properties":{"canon_status":"REAL_REFERENCE","county_route":null,"federal_lands_route":null,"fictionality":"REAL","globalid":"{A9D462A9-A089-4AA9-9CE0-43F5A5ED805D}","interstate":"64,77","interstate_a":"64,77","interstate_b":null,"interstate_c":null,"loaddate":1474001302000,"mtfcc_code":"S1100","name":"I- 64","objectid":24306771,"permanent_identifier":"fbb08a54-b658-4e27-9e12-568c0474b791","real_world_relation":"REFERENCE_ONLY","shape_Length":162.82809252820056,"source_datadesc":"2016 January MAFTIGER","source_datasetid":"{9298FF95-0FA8-4712-9AA5-9292C907CA63}","source_featureid":"1104991779163","source_id":"REF-KANAWHA-HIGHWAYS","source_originator":"U.S. Department of Commerce, U.S. Census Bureau, Geography Division","state_route":null,"state_route_a":null,"state_route_b":null,"state_route_c":null,"stco_fipscode":"54039","tnmfrc":1,"us_route":null,"us_route_a":null,"us_route_b":null,"us_route_c":null},"type":"Feature"},{"geometry":{"coordinates":[[-81.560428,38.238297],[-81.560656,38.238412],[-81.560825,38.238493],[-81.561118,38.238632],[-81.561713,38.238893],[-81.562824,38.239365],[-81.563296,38.239575],[-81.563733,38.239785],[-81.564161,38.240005],[-81.564561,38.240242],[-81.564748,38.240353],[-81.565185,38.240612]],"type":"LineString"},"id":"REF-KANAWHA-HIGHWAYS-161","properties":{"canon_status":"REAL_REFERENCE","county_route":null,"federal_lands_route":null,"fictionality":"REAL","globalid":"{00ABC4AC-A55B-41B3-9131-D9D168839B96}","interstate":"64,77","interstate_a":"64,77","interstate_b":null,"interstate_c":null,"loaddate":1474003165000,"mtfcc_code":"S1100","name":"W Virginia Tpke","objectid":24690642,"permanent_identifier":"fc4ab922-5e34-44cf-9f6f-41e2524b03fa","real_world_relation":"REFERENCE_ONLY","shape_Length":623.9505430836819,"source_datadesc":"2016 January MAFTIGER","source_datasetid":"{9298FF95-0FA8-4712-9AA5-9292C907CA63}","source_featureid":"1101747021230","source_id":"REF-KANAWHA-HIGHWAYS","source_originator":"U.S. Department of Commerce, U.S. Census Bureau, Geography Division","state_route":null,"state_route_a":null,"state_route_b":null,"state_route_c":null,"stco_fipscode":"54039","tnmfrc":1,"us_route":null,"us_route_a":null,"us_route_b":null,"us_route_c":null},"type":"Feature"},{"geometry":{"coordinates":[[-81.567653,38.24252],[-81.567715,38.24258],[-81.567964,38.242822],[-81.568314,38.243195],[-81.568456,38.243359],[-81.568543,38.24346],[-81.568704,38.243685]],"type":"LineString"},"id":"REF-KANAWHA-HIGHWAYS-162","properties":{"canon_status":"REAL_REFERENCE","county_route":null,"federal_lands_route":null,"fictionality":"REAL","globalid":"{32AADDA7-7043-4779-984B-517C42AA5CC1}","interstate":"64,77","interstate_a":"64,77","interstate_b":null,"interstate_c":null,"loaddate":1474003165000,"mtfcc_code":"S1100","name":"W Virginia Tpke","objectid":24690668,"permanent_identifier":"5865fed0-5389-4da2-bbbd-9037476722d7","real_world_relation":"REFERENCE_ONLY","shape_Length":202.7032160110265,"source_datadesc":"2016 January MAFTIGER","source_datasetid":"{9298FF95-0FA8-4712-9AA5-9292C907CA63}","source_featureid":"1101747021230","source_id":"REF-KANAWHA-HIGHWAYS","source_originator":"U.S. Department of Commerce, U.S. Census Bureau, Geography Division","state_route":null,"state_route_a":null,"state_route_b":null,"state_route_c":null,"stco_fipscode":"54039","tnmfrc":1,"us_route":null,"us_route_a":null,"us_route_b":null,"us_route_c":null},"type":"Feature"},{"geometry":{"coordinates":[[-81.640475,38.359414],[-81.639995,38.359616],[-81.639729,38.359717],[-81.639594,38.359764]],"type":"LineString"},"id":"REF-KANAWHA-HIGHWAYS-163","properties":{"canon_status":"REAL_REFERENCE","county_route":null,"federal_lands_route":null,"fictionality":"REAL","globalid":"{C89B008A-8B2B-46E5-B2F4-37DC82FDB276}","interstate":"64","interstate_a":"64","interstate_b":null,"interstate_c":null,"loaddate":1474001302000,"mtfcc_code":"S1100","name":"I- 64","objectid":24690742,"permanent_identifier":"2b80f01c-db64-4f42-8fa3-0a2bc2d05b77","real_world_relation":"REFERENCE_ONLY","shape_Length":109.98506210816427,"source_datadesc":"2016 January MAFTIGER","source_datasetid":"{9298FF95-0FA8-4712-9AA5-9292C907CA63}","source_featureid":"1101747011767","source_id":"REF-KANAWHA-HIGHWAYS","source_originator":"U.S. Department of Commerce, U.S. Census Bureau, Geography Division","state_route":null,"state_route_a":null,"state_route_b":null,"state_route_c":null,"stco_fipscode":"54039","tnmfrc":1,"us_route":null,"us_route_a":null,"us_route_b":null,"us_route_c":null},"type":"Feature"},{"geometry":{"coordinates":[[-81.556801,38.310838],[-81.555746,38.311134],[-81.555413,38.311235],[-81.555037,38.311361],[-81.55485,38.311436],[-81.554579,38.311563],[-81.554406,38.311656],[-81.554158,38.31181],[-81.553971,38.311941],[-81.553757,38.312114],[-81.553561,38.3123],[-81.55338,38.3125],[-81.553271,38.312637],[-81.553126,38.312852],[-81.553023,38.31303],[-81.55291,38.313266],[-81.55282,38.313509],[-81.552764,38.313723],[-81.552714,38.313958],[-81.552697,38.314066],[-81.552683,38.314314],[-81.552686,38.314443],[-81.552717,38.31471],[-81.552736,38.314833],[-81.552766,38.31497],[-81.552809,38.315103],[-81.552847,38.315201]],"type":"LineString"},"id":"REF-KANAWHA-HIGHWAYS-164","properties":{"canon_status":"REAL_REFERENCE","county_route":null,"federal_lands_route":null,"fictionality":"REAL","globalid":"{0B37ED8F-53F7-42FD-84F2-6DE17118E8B0}","interstate":"64,77","interstate_a":"64,77","interstate_b":null,"interstate_c":null,"loaddate":1474003168000,"mtfcc_code":"S1100","name":"W Virginia Tpke","objectid":24947335,"permanent_identifier":"062526a2-5d08-4013-807c-6d461d0edc34","real_world_relation":"REFERENCE_ONLY","shape_Length":858.1270655265126,"source_datadesc":"2016 January MAFTIGER","source_datasetid":"{9298FF95-0FA8-4712-9AA5-9292C907CA63}","source_featureid":"1101747021230","source_id":"REF-KANAWHA-HIGHWAYS","source_originator":"U.S. Department of Commerce, U.S. Census Bureau, Geography Division","state_route":null,"state_route_a":null,"state_route_b":null,"state_route_c":null,"stco_fipscode":"54039","tnmfrc":1,"us_route":null,"us_route_a":null,"us_route_b":null,"us_route_c":null},"type":"Feature"},{"geometry":{"coordinates":[[-81.615142,38.346442],[-81.615622,38.346996],[-81.615885,38.347289],[-81.616184,38.347593],[-81.616786,38.348163],[-81.617088,38.348428],[-81.617403,38.348683],[-81.618039,38.349182],[-81.61826,38.349347]],"type":"LineString"},"id":"REF-KANAWHA-HIGHWAYS-165","properties":{"canon_status":"REAL_REFERENCE","county_route":null,"federal_lands_route":null,"fictionality":"REAL","globalid":"{27245F46-C146-44BD-96F0-BAC2D854DB86}","interstate":"64,77","interstate_a":"64,77","interstate_b":null,"interstate_c":null,"loaddate":1474001307000,"mtfcc_code":"S1100","name":"I- 77","objectid":25203668,"permanent_identifier":"72664533-bf14-4245-a2bf-9f4420963928","real_world_relation":"REFERENCE_ONLY","shape_Length":540.4433064416351,"source_datadesc":"2016 January MAFTIGER","source_datasetid":"{9298FF95-0FA8-4712-9AA5-9292C907CA63}","source_featureid":"1101747011780","source_id":"REF-KANAWHA-HIGHWAYS","source_originator":"U.S. Department of Commerce, U.S. Census Bureau, Geography Division","state_route":null,"state_route_a":null,"state_route_b":null,"state_route_c":null,"stco_fipscode":"54039","tnmfrc":1,"us_route":null,"us_route_a":null,"us_route_b":null,"us_route_c":null},"type":"Feature"},{"geometry":{"coordinates":[[-81.644988,38.357199],[-81.644095,38.357647]],"type":"LineString"},"id":"REF-KANAWHA-HIGHWAYS-166","properties":{"canon_status":"REAL_REFERENCE","county_route":null,"federal_lands_route":null,"fictionality":"REAL","globalid":"{B0F0D278-4E5A-499E-942F-FD3E1467DF88}","interstate":"64","interstate_a":"64","interstate_b":null,"interstate_c":null,"loaddate":1568217705000,"mtfcc_code":"S1100","name":"I- 64","objectid":25290873,"permanent_identifier":"95d0b5a0-8f47-4da6-a19a-a7865b194af1","real_world_relation":"REFERENCE_ONLY","shape_Length":118.01183004725267,"source_datadesc":"2016 January MAFTIGER","source_datasetid":"{9298FF95-0FA8-4712-9AA5-9292C907CA63}","source_featureid":"1101747011767","source_id":"REF-KANAWHA-HIGHWAYS","source_originator":"U.S. Department of Commerce, U.S. Census Bureau, Geography Division","state_route":null,"state_route_a":null,"state_route_b":null,"state_route_c":null,"stco_fipscode":"54039","tnmfrc":1,"us_route":null,"us_route_a":null,"us_route_b":null,"us_route_c":null},"type":"Feature"},{"geometry":{"coordinates":[[-81.565185,38.240612],[-81.565265,38.24066]],"type":"LineString"},"id":"REF-KANAWHA-HIGHWAYS-167","properties":{"canon_status":"REAL_REFERENCE","county_route":null,"federal_lands_route":null,"fictionality":"REAL","globalid":"{836CF2D5-6C34-4C6E-A596-D476FD893790}","interstate":"64,77","interstate_a":"64,77","interstate_b":null,"interstate_c":null,"loaddate":1474003165000,"mtfcc_code":"S1100","name":"W Virginia Tpke","objectid":25332267,"permanent_identifier":"57f9efa7-6577-49e1-828a-2fc3c48bd831","real_world_relation":"REFERENCE_ONLY","shape_Length":11.206839054342685,"source_datadesc":"2016 January MAFTIGER","source_datasetid":"{9298FF95-0FA8-4712-9AA5-9292C907CA63}","source_featureid":"1101747021230","source_id":"REF-KANAWHA-HIGHWAYS","source_originator":"U.S. Department of Commerce, U.S. Census Bureau, Geography Division","state_route":null,"state_route_a":null,"state_route_b":null,"state_route_c":null,"stco_fipscode":"54039","tnmfrc":1,"us_route":null,"us_route_a":null,"us_route_b":null,"us_route_c":null},"type":"Feature"},{"geometry":{"coordinates":[[-81.640424,38.359286],[-81.641321,38.358859]],"type":"LineString"},"id":"REF-KANAWHA-HIGHWAYS-168","properties":{"canon_status":"REAL_REFERENCE","county_route":null,"federal_lands_route":null,"fictionality":"REAL","globalid":"{12C520C8-8E53-483F-9E0C-006FA373CEFB}","interstate":"64","interstate_a":"64","interstate_b":null,"interstate_c":null,"loaddate":1474001302000,"mtfcc_code":"S1100","name":"I- 64","objectid":25460435,"permanent_identifier":"1dcd3b66-4e63-493e-9db0-c0ee4415d6bf","real_world_relation":"REFERENCE_ONLY","shape_Length":116.81344248904838,"source_datadesc":"2016 January MAFTIGER","source_datasetid":"{9298FF95-0FA8-4712-9AA5-9292C907CA63}","source_featureid":"1104991779163","source_id":"REF-KANAWHA-HIGHWAYS","source_originator":"U.S. Department of Commerce, U.S. Census Bureau, Geography Division","state_route":null,"state_route_a":null,"state_route_b":null,"state_route_c":null,"stco_fipscode":"54039","tnmfrc":1,"us_route":null,"us_route_a":null,"us_route_b":null,"us_route_c":null},"type":"Feature"},{"geometry":{"coordinates":[[-81.631832,38.357416],[-81.631838,38.357331]],"type":"LineString"},"id":"REF-KANAWHA-HIGHWAYS-169","properties":{"canon_status":"REAL_REFERENCE","county_route":null,"federal_lands_route":null,"fictionality":"REAL","globalid":"{FA652D4B-E7F1-44AD-B0E6-B165630F23DF}","interstate":"64,77","interstate_a":"64,77","interstate_b":null,"interstate_c":null,"loaddate":1474001302000,"mtfcc_code":"S1100","name":"I- 64","objectid":25716533,"permanent_identifier":"20298811-67f0-41d9-9be9-e05018283a5f","real_world_relation":"REFERENCE_ONLY","shape_Length":12.085170226240805,"source_datadesc":"2016 January MAFTIGER","source_datasetid":"{9298FF95-0FA8-4712-9AA5-9292C907CA63}","source_featureid":"1101747011767","source_id":"REF-KANAWHA-HIGHWAYS","source_originator":"U.S. Department of Commerce, U.S. Census Bureau, Geography Division","state_route":null,"state_route_a":null,"state_route_b":null,"state_route_c":null,"stco_fipscode":"54039","tnmfrc":1,"us_route":null,"us_route_a":null,"us_route_b":null,"us_route_c":null},"type":"Feature"},{"geometry":{"coordinates":[[-81.559388,38.310328],[-81.560046,38.31015]],"type":"LineString"},"id":"REF-KANAWHA-HIGHWAYS-170","properties":{"canon_status":"REAL_REFERENCE","county_route":null,"federal_lands_route":null,"fictionality":"REAL","globalid":"{DAEADBCE-863C-4A51-A363-D3717A5BD34C}","interstate":"64,77","interstate_a":"64,77","interstate_b":null,"interstate_c":null,"loaddate":1474001520000,"mtfcc_code":"S1100","name":"W Virginia Tpke","objectid":25844351,"permanent_identifier":"51c99fa8-5f45-4f4f-9dbe-5b14b41c86f0","real_world_relation":"REFERENCE_ONLY","shape_Length":77.47901432312351,"source_datadesc":"2016 January MAFTIGER","source_datasetid":"{9298FF95-0FA8-4712-9AA5-9292C907CA63}","source_featureid":"1101747021229","source_id":"REF-KANAWHA-HIGHWAYS","source_originator":"U.S. Department of Commerce, U.S. Census Bureau, Geography Division","state_route":null,"state_route_a":null,"state_route_b":null,"state_route_c":null,"stco_fipscode":"54039","tnmfrc":1,"us_route":null,"us_route_a":null,"us_route_b":null,"us_route_c":null},"type":"Feature"},{"geometry":{"coordinates":[[-81.627391,38.361153],[-81.62657,38.361452],[-81.626045,38.361615],[-81.625797,38.36168],[-81.625082,38.361867]],"type":"LineString"},"id":"REF-KANAWHA-HIGHWAYS-171","properties":{"canon_status":"REAL_REFERENCE","county_route":null,"federal_lands_route":null,"fictionality":"REAL","globalid":"{8CB20210-FEE1-4937-98AF-FA6087A53943}","interstate":"77","interstate_a":"77","interstate_b":null,"interstate_c":null,"loaddate":1474001302000,"mtfcc_code":"S1100","name":"I- 77","objectid":25972734,"permanent_identifier":"6e39763a-3534-485d-af0c-e8d8f79f0a8c","real_world_relation":"REFERENCE_ONLY","shape_Length":276.6406231223823,"source_datadesc":"2016 January MAFTIGER","source_datasetid":"{9298FF95-0FA8-4712-9AA5-9292C907CA63}","source_featureid":"1101747011781","source_id":"REF-KANAWHA-HIGHWAYS","source_originator":"U.S. Department of Commerce, U.S. Census Bureau, Geography Division","state_route":null,"state_route_a":null,"state_route_b":null,"state_route_c":null,"stco_fipscode":"54039","tnmfrc":1,"us_route":null,"us_route_a":null,"us_route_b":null,"us_route_c":null},"type":"Feature"},{"geometry":{"coordinates":[[-81.54282,38.226435],[-81.54287,38.226471],[-81.543701,38.227079],[-81.544633,38.227776],[-81.54581,38.228693],[-81.550354,38.232276],[-81.550552,38.232433],[-81.550849,38.232661],[-81.55124,38.232945],[-81.551552,38.233159],[-81.551972,38.233427],[-81.552405,38.233687],[-81.552629,38.233815],[-81.553081,38.234057],[-81.554926,38.234964],[-81.555377,38.235198],[-81.555833,38.235448],[-81.556272,38.235705],[-81.556324,38.235737],[-81.556835,38.236058],[-81.558898,38.237408],[-81.559319,38.237675],[-81.559755,38.237934],[-81.560202,38.23818],[-81.560428,38.238297]],"type":"LineString"},"id":"REF-KANAWHA-HIGHWAYS-172","properties":{"canon_status":"REAL_REFERENCE","county_route":null,"federal_lands_route":null,"fictionality":"REAL","globalid":"{57638F02-B946-4B62-89E0-F07FE30AD805}","interstate":"64,77","interstate_a":"64,77","interstate_b":null,"interstate_c":null,"loaddate":1474003165000,"mtfcc_code":"S1100","name":"W Virginia Tpke","objectid":25972800,"permanent_identifier":"83240bf0-fd70-43e2-b6d5-cb6769af725e","real_world_relation":"REFERENCE_ONLY","shape_Length":2590.437834083518,"source_datadesc":"2016 January MAFTIGER","source_datasetid":"{9298FF95-0FA8-4712-9AA5-9292C907CA63}","source_featureid":"1101747021230","source_id":"REF-KANAWHA-HIGHWAYS","source_originator":"U.S. Department of Commerce, U.S. Census Bureau, Geography Division","state_route":null,"state_route_a":null,"state_route_b":null,"state_route_c":null,"stco_fipscode":"54039","tnmfrc":1,"us_route":null,"us_route_a":null,"us_route_b":null,"us_route_c":null},"type":"Feature"},{"geometry":{"coordinates":[[-81.633489,38.360226],[-81.633437,38.360207],[-81.633248,38.360123],[-81.633178,38.360085]],"type":"LineString"},"id":"REF-KANAWHA-HIGHWAYS-173","properties":{"canon_status":"REAL_REFERENCE","county_route":null,"federal_lands_route":null,"fictionality":"REAL","globalid":"{C8FF1F74-B84C-46A8-99FA-DAF062052729}","interstate":"64","interstate_a":"64","interstate_b":null,"interstate_c":null,"loaddate":1474001302000,"mtfcc_code":"S1100","name":"I- 64","objectid":26484623,"permanent_identifier":"ad3927c2-724c-497d-80db-6b6a53e8a44c","real_world_relation":"REFERENCE_ONLY","shape_Length":40.04772769823388,"source_datadesc":"2016 January MAFTIGER","source_datasetid":"{9298FF95-0FA8-4712-9AA5-9292C907CA63}","source_featureid":"1101747011767","source_id":"REF-KANAWHA-HIGHWAYS","source_originator":"U.S. Department of Commerce, U.S. Census Bureau, Geography Division","state_route":null,"state_route_a":null,"state_route_b":null,"state_route_c":null,"stco_fipscode":"54039","tnmfrc":1,"us_route":null,"us_route_a":null,"us_route_b":null,"us_route_c":null},"type":"Feature"},{"geometry":{"coordinates":[[-81.627078,38.353124],[-81.626618,38.353011],[-81.625441,38.352699],[-81.625151,38.352619]],"type":"LineString"},"id":"REF-KANAWHA-HIGHWAYS-174","properties":{"canon_status":"REAL_REFERENCE","county_route":null,"federal_lands_route":null,"fictionality":"REAL","globalid":"{F90A1DE0-0C0F-4589-8572-87A259EE3051}","interstate":"64,77","interstate_a":"64,77","interstate_b":null,"interstate_c":null,"loaddate":1474001302000,"mtfcc_code":"S1100","name":"I- 64","objectid":26996957,"permanent_identifier":"3861c061-a51d-4a4d-a8ab-db361c1c31b1","real_world_relation":"REFERENCE_ONLY","shape_Length":226.18841475208072,"source_datadesc":"2016 January MAFTIGER","source_datasetid":"{9298FF95-0FA8-4712-9AA5-9292C907CA63}","source_featureid":"1101747011767","source_id":"REF-KANAWHA-HIGHWAYS","source_originator":"U.S. Department of Commerce, U.S. Census Bureau, Geography Division","state_route":null,"state_route_a":null,"state_route_b":null,"state_route_c":null,"stco_fipscode":"54039","tnmfrc":1,"us_route":null,"us_route_a":null,"us_route_b":null,"us_route_c":null},"type":"Feature"},{"geometry":{"coordinates":[[-81.612166,38.341742],[-81.612108,38.341659],[-81.6119,38.341388],[-81.611489,38.3409],[-81.611127,38.340495],[-81.610904,38.340256],[-81.610546,38.33992],[-81.610098,38.33953],[-81.609702,38.339205],[-81.609258,38.338872]],"type":"LineString"},"id":"REF-KANAWHA-HIGHWAYS-175","properties":{"canon_status":"REAL_REFERENCE","county_route":null,"federal_lands_route":null,"fictionality":"REAL","globalid":"{1DE14913-2645-4F45-9BDC-9B7F3D8F4333}","interstate":"64,77","interstate_a":"64,77","interstate_b":null,"interstate_c":null,"loaddate":1474002736000,"mtfcc_code":"S1100","name":"W Virginia Tpke","objectid":27125006,"permanent_identifier":"5e305b93-e4f8-4364-b8c6-f985f2bcbefe","real_world_relation":"REFERENCE_ONLY","shape_Length":522.4106564140734,"source_datadesc":"2016 January MAFTIGER","source_datasetid":"{9298FF95-0FA8-4712-9AA5-9292C907CA63}","source_featureid":"1101747021229","source_id":"REF-KANAWHA-HIGHWAYS","source_originator":"U.S. Department of Commerce, U.S. Census Bureau, Geography Division","state_route":null,"state_route_a":null,"state_route_b":null,"state_route_c":null,"stco_fipscode":"54039","tnmfrc":1,"us_route":null,"us_route_a":null,"us_route_b":null,"us_route_c":null},"type":"Feature"},{"geometry":{"coordinates":[[-81.651858,38.354677],[-81.651676,38.354629],[-81.651438,38.35458],[-81.651276,38.354557]],"type":"LineString"},"id":"REF-KANAWHA-HIGHWAYS-176","properties":{"canon_status":"REAL_REFERENCE","county_route":null,"federal_lands_route":null,"fictionality":"REAL","globalid":"{459A2C2C-44E5-4033-AC35-FB39B48C0135}","interstate":"64","interstate_a":"64","interstate_b":null,"interstate_c":null,"loaddate":1568217705000,"mtfcc_code":"S1100","name":"I- 64","objectid":27212162,"permanent_identifier":"61de868b-f647-474e-a1bb-860ea6fb4b36","real_world_relation":"REFERENCE_ONLY","shape_Length":67.09409936684972,"source_datadesc":"2016 January MAFTIGER","source_datasetid":"{9298FF95-0FA8-4712-9AA5-9292C907CA63}","source_featureid":"1101747011767","source_id":"REF-KANAWHA-HIGHWAYS","source_originator":"U.S. Department of Commerce, U.S. Census Bureau, Geography Division","state_route":null,"state_route_a":null,"state_route_b":null,"state_route_c":null,"stco_fipscode":"54039","tnmfrc":1,"us_route":null,"us_route_a":null,"us_route_b":null,"us_route_c":null},"type":"Feature"},{"geometry":{"coordinates":[[-81.633178,38.360085],[-81.633069,38.360027],[-81.632901,38.359919],[-81.632806,38.359849]],"type":"LineString"},"id":"REF-KANAWHA-HIGHWAYS-177","properties":{"canon_status":"REAL_REFERENCE","county_route":null,"federal_lands_route":null,"fictionality":"REAL","globalid":"{22545E65-44C8-4689-841B-1173840F8228}","interstate":"64","interstate_a":"64","interstate_b":null,"interstate_c":null,"loaddate":1474001302000,"mtfcc_code":"S1100","name":"I- 64","objectid":27253090,"permanent_identifier":"a74fe8f3-f1d2-4a56-bf36-c9335e2e289a","real_world_relation":"REFERENCE_ONLY","shape_Length":53.359113280859546,"source_datadesc":"2016 January MAFTIGER","source_datasetid":"{9298FF95-0FA8-4712-9AA5-9292C907CA63}","source_featureid":"1101747011767","source_id":"REF-KANAWHA-HIGHWAYS","source_originator":"U.S. Department of Commerce, U.S. Census Bureau, Geography Division","state_route":null,"state_route_a":null,"state_route_b":null,"state_route_c":null,"stco_fipscode":"54039","tnmfrc":1,"us_route":null,"us_route_a":null,"us_route_b":null,"us_route_c":null},"type":"Feature"},{"geometry":{"coordinates":[[-81.621675,38.362749],[-81.619693,38.363255]],"type":"LineString"},"id":"REF-KANAWHA-HIGHWAYS-178","properties":{"canon_status":"REAL_REFERENCE","county_route":null,"federal_lands_route":null,"fictionality":"REAL","globalid":"{EAB3CBCA-CEBA-40E1-8610-EBE8BABD223A}","interstate":"77","interstate_a":"77","interstate_b":null,"interstate_c":null,"loaddate":1474001307000,"mtfcc_code":"S1100","name":"I- 77","objectid":27509455,"permanent_identifier":"5185a0cf-935c-4286-a11f-dd947524612c","real_world_relation":"REFERENCE_ONLY","shape_Length":232.03581508844096,"source_datadesc":"2016 January MAFTIGER","source_datasetid":"{9298FF95-0FA8-4712-9AA5-9292C907CA63}","source_featureid":"1101747011781","source_id":"REF-KANAWHA-HIGHWAYS","source_originator":"U.S. Department of Commerce, U.S. Census Bureau, Geography Division","state_route":null,"state_route_a":null,"state_route_b":null,"state_route_c":null,"stco_fipscode":"54039","tnmfrc":1,"us_route":null,"us_route_a":null,"us_route_b":null,"us_route_c":null},"type":"Feature"},{"geometry":{"coordinates":[[-81.645785,38.356626],[-81.646307,38.356357],[-81.646601,38.356201]],"type":"LineString"},"id":"REF-KANAWHA-HIGHWAYS-179","properties":{"canon_status":"REAL_REFERENCE","county_route":null,"federal_lands_route":null,"fictionality":"REAL","globalid":"{C026BC25-908A-4222-BDF8-8AA0EED8E7FD}","interstate":"64","interstate_a":"64","interstate_b":null,"interstate_c":null,"loaddate":1568217705000,"mtfcc_code":"S1100","name":"I- 64","objectid":27725544,"permanent_identifier":"64d928ad-8942-460c-a24e-18cbdba333e0","real_world_relation":"REFERENCE_ONLY","shape_Length":109.04966272391715,"source_datadesc":"2016 January MAFTIGER","source_datasetid":"{9298FF95-0FA8-4712-9AA5-9292C907CA63}","source_featureid":"1104991779163","source_id":"REF-KANAWHA-HIGHWAYS","source_originator":"U.S. Department of Commerce, U.S. Census Bureau, Geography Division","state_route":null,"state_route_a":null,"state_route_b":null,"state_route_c":null,"stco_fipscode":"54039","tnmfrc":1,"us_route":null,"us_route_a":null,"us_route_b":null,"us_route_c":null},"type":"Feature"},{"geometry":{"coordinates":[[-81.566433,38.306846],[-81.566336,38.307103],[-81.566298,38.307188]],"type":"LineString"},"id":"REF-KANAWHA-HIGHWAYS-180","properties":{"canon_status":"REAL_REFERENCE","county_route":null,"federal_lands_route":null,"fictionality":"REAL","globalid":"{19E8A0CD-54E4-4428-BFC2-DD2739991F7C}","interstate":"64,77","interstate_a":"64,77","interstate_b":"","interstate_c":"","loaddate":1673511277000,"mtfcc_code":"S1100","name":"W Virginia Tpke","objectid":27725566,"permanent_identifier":"68c23097-36cc-410f-94b7-0d9859fb5982","real_world_relation":"REFERENCE_ONLY","shape_Length":50.81951977535795,"source_datadesc":"2022 September MAF/TIGER","source_datasetid":"{9298FF95-0FA8-4712-9AA5-9292C907CA63}","source_featureid":"1101747021230","source_id":"REF-KANAWHA-HIGHWAYS","source_originator":"U.S. Department of Commerce, U.S. Census Bureau, Geography Division","state_route":null,"state_route_a":"","state_route_b":"","state_route_c":"","stco_fipscode":"54039","tnmfrc":1,"us_route":null,"us_route_a":"","us_route_b":"","us_route_c":""},"type":"Feature"},{"geometry":{"coordinates":[[-81.565873,38.308076],[-81.565976,38.307969],[-81.566139,38.307789],[-81.566283,38.307591],[-81.56641,38.307386],[-81.566518,38.307175],[-81.566596,38.307]],"type":"LineString"},"id":"REF-KANAWHA-HIGHWAYS-181","properties":{"canon_status":"REAL_REFERENCE","county_route":null,"federal_lands_route":null,"fictionality":"REAL","globalid":"{0BB76234-A1EE-4B0F-9DED-165A2024862B}","interstate":"64,77","interstate_a":"64,77","interstate_b":null,"interstate_c":null,"loaddate":1568217705000,"mtfcc_code":"S1100","name":"W Virginia Tpke","objectid":27725572,"permanent_identifier":"a88b307d-3aae-4d01-bfbc-b9df3e8b5377","real_world_relation":"REFERENCE_ONLY","shape_Length":173.72205258686017,"source_datadesc":"2018 May MAF/TIGER","source_datasetid":"{9298FF95-0FA8-4712-9AA5-9292C907CA63}","source_featureid":"1101747021229","source_id":"REF-KANAWHA-HIGHWAYS","source_originator":"U.S. Department of Commerce, U.S. Census Bureau, Geography Division","state_route":null,"state_route_a":null,"state_route_b":null,"state_route_c":null,"stco_fipscode":"54039","tnmfrc":1,"us_route":null,"us_route_a":null,"us_route_b":null,"us_route_c":null},"type":"Feature"},{"geometry":{"coordinates":[[-81.560004,38.309953],[-81.559649,38.310053],[-81.559386,38.310119],[-81.557455,38.310655]],"type":"LineString"},"id":"REF-KANAWHA-HIGHWAYS-182","properties":{"canon_status":"REAL_REFERENCE","county_route":null,"federal_lands_route":null,"fictionality":"REAL","globalid":"{BD5FFEC9-42F2-43A1-8894-C8D2A7A08966}","interstate":"64,77","interstate_a":"64,77","interstate_b":null,"interstate_c":null,"loaddate":1474003168000,"mtfcc_code":"S1100","name":"W Virginia Tpke","objectid":27894914,"permanent_identifier":"87c5e2eb-6722-4566-8d15-83a0453423fc","real_world_relation":"REFERENCE_ONLY","shape_Length":300.737267335305,"source_datadesc":"2016 January MAFTIGER","source_datasetid":"{9298FF95-0FA8-4712-9AA5-9292C907CA63}","source_featureid":"1101747021230","source_id":"REF-KANAWHA-HIGHWAYS","source_originator":"U.S. Department of Commerce, U.S. Census Bureau, Geography Division","state_route":null,"state_route_a":null,"state_route_b":null,"state_route_c":null,"stco_fipscode":"54039","tnmfrc":1,"us_route":null,"us_route_a":null,"us_route_b":null,"us_route_c":null},"type":"Feature"},{"geometry":{"coordinates":[[-81.612264,38.341884],[-81.6123,38.341936],[-81.613454,38.343808],[-81.613768,38.344286],[-81.614067,38.344715]],"type":"LineString"},"id":"REF-KANAWHA-HIGHWAYS-183","properties":{"canon_status":"REAL_REFERENCE","county_route":null,"federal_lands_route":null,"fictionality":"REAL","globalid":"{0D7A686C-2D93-458E-A54E-CB0B3BBA80BA}","interstate":"64,77","interstate_a":"64,77","interstate_b":null,"interstate_c":null,"loaddate":1474001302000,"mtfcc_code":"S1100","name":"I- 64","objectid":28023146,"permanent_identifier":"605e811c-5f5b-4288-ae18-335dc2df1987","real_world_relation":"REFERENCE_ONLY","shape_Length":449.2357876629433,"source_datadesc":"2016 January MAFTIGER","source_datasetid":"{9298FF95-0FA8-4712-9AA5-9292C907CA63}","source_featureid":"1104991779163","source_id":"REF-KANAWHA-HIGHWAYS","source_originator":"U.S. Department of Commerce, U.S. Census Bureau, Geography Division","state_route":null,"state_route_a":null,"state_route_b":null,"state_route_c":null,"stco_fipscode":"54039","tnmfrc":1,"us_route":null,"us_route_a":null,"us_route_b":null,"us_route_c":null},"type":"Feature"},{"geometry":{"coordinates":[[-81.580702,38.330187],[-81.58036,38.329892]],"type":"LineString"},"id":"REF-KANAWHA-HIGHWAYS-184","properties":{"canon_status":"REAL_REFERENCE","county_route":null,"federal_lands_route":null,"fictionality":"REAL","globalid":"{51B587CA-6336-43B1-A90D-2D9BF369B58C}","interstate":"64,77","interstate_a":"64,77","interstate_b":null,"interstate_c":null,"loaddate":1474001520000,"mtfcc_code":"S1100","name":"W Virginia Tpke","objectid":28023149,"permanent_identifier":"e9fb76ee-a855-475b-89d8-caa44d81b8e6","real_world_relation":"REFERENCE_ONLY","shape_Length":56.58541804219798,"source_datadesc":"2016 January MAFTIGER","source_datasetid":"{9298FF95-0FA8-4712-9AA5-9292C907CA63}","source_featureid":"1101747021229","source_id":"REF-KANAWHA-HIGHWAYS","source_originator":"U.S. Department of Commerce, U.S. Census Bureau, Geography Division","state_route":null,"state_route_a":null,"state_route_b":null,"state_route_c":null,"stco_fipscode":"54039","tnmfrc":1,"us_route":null,"us_route_a":null,"us_route_b":null,"us_route_c":null},"type":"Feature"},{"geometry":{"coordinates":[[-81.630191,38.360074],[-81.630113,38.360111],[-81.629752,38.360252],[-81.628871,38.360583],[-81.628593,38.360682],[-81.627942,38.360939],[-81.627807,38.361001]],"type":"LineString"},"id":"REF-KANAWHA-HIGHWAYS-185","properties":{"canon_status":"REAL_REFERENCE","county_route":null,"federal_lands_route":null,"fictionality":"REAL","globalid":"{A4F3EAAC-190D-43FE-928F-245E52787D10}","interstate":"77","interstate_a":"77","interstate_b":null,"interstate_c":null,"loaddate":1474001316000,"mtfcc_code":"S1100","name":"I- 77","objectid":28023545,"permanent_identifier":"72c73444-4b9c-4937-af52-231764f73aad","real_world_relation":"REFERENCE_ONLY","shape_Length":296.33352923782803,"source_datadesc":"2016 January MAFTIGER","source_datasetid":"{9298FF95-0FA8-4712-9AA5-9292C907CA63}","source_featureid":"1101747011781","source_id":"REF-KANAWHA-HIGHWAYS","source_originator":"U.S. Department of Commerce, U.S. Census Bureau, Geography Division","state_route":null,"state_route_a":null,"state_route_b":null,"state_route_c":null,"stco_fipscode":"54039","tnmfrc":1,"us_route":null,"us_route_a":null,"us_route_b":null,"us_route_c":null},"type":"Feature"},{"geometry":{"coordinates":[[-81.632158,38.357794],[-81.632188,38.357958],[-81.632215,38.358105],[-81.632247,38.358275],[-81.632285,38.358412],[-81.632306,38.358474],[-81.632378,38.358646],[-81.632464,38.358808],[-81.632582,38.358988],[-81.632688,38.35912],[-81.632809,38.359244],[-81.632944,38.359359],[-81.63322,38.359555],[-81.633391,38.359658],[-81.633573,38.359749],[-81.633803,38.359842],[-81.633878,38.359867]],"type":"LineString"},"id":"REF-KANAWHA-HIGHWAYS-186","properties":{"canon_status":"REAL_REFERENCE","county_route":null,"federal_lands_route":null,"fictionality":"REAL","globalid":"{94DB4C1D-B42C-42A9-AEA9-C7DAC95F300F}","interstate":"64","interstate_a":"64","interstate_b":null,"interstate_c":null,"loaddate":1474001322000,"mtfcc_code":"S1100","name":"I- 64","objectid":28280599,"permanent_identifier":"e6a834e1-7cc5-4937-ac5f-1093893595d8","real_world_relation":"REFERENCE_ONLY","shape_Length":371.2152056117716,"source_datadesc":"2016 January MAFTIGER","source_datasetid":"{9298FF95-0FA8-4712-9AA5-9292C907CA63}","source_featureid":"1104991779163","source_id":"REF-KANAWHA-HIGHWAYS","source_originator":"U.S. Department of Commerce, U.S. Census Bureau, Geography Division","state_route":null,"state_route_a":null,"state_route_b":null,"state_route_c":null,"stco_fipscode":"54039","tnmfrc":1,"us_route":null,"us_route_a":null,"us_route_b":null,"us_route_c":null},"type":"Feature"},{"geometry":{"coordinates":[[-81.599242,38.335544],[-81.598221,38.335344],[-81.597277,38.335144],[-81.597201,38.335134]],"type":"LineString"},"id":"REF-KANAWHA-HIGHWAYS-187","properties":{"canon_status":"REAL_REFERENCE","county_route":null,"federal_lands_route":null,"fictionality":"REAL","globalid":"{D3AC6794-091D-4DC1-8ADD-07B630857A92}","interstate":"64,77","interstate_a":"64,77","interstate_b":null,"interstate_c":null,"loaddate":1474002736000,"mtfcc_code":"S1100","name":"W Virginia Tpke","objectid":28280693,"permanent_identifier":"4b2ac0e3-611e-4013-b65c-f9309971b8f3","real_world_relation":"REFERENCE_ONLY","shape_Length":234.57762704601464,"source_datadesc":"2016 January MAFTIGER","source_datasetid":"{9298FF95-0FA8-4712-9AA5-9292C907CA63}","source_featureid":"1101747021229","source_id":"REF-KANAWHA-HIGHWAYS","source_originator":"U.S. Department of Commerce, U.S. Census Bureau, Geography Division","state_route":null,"state_route_a":null,"state_route_b":null,"state_route_c":null,"stco_fipscode":"54039","tnmfrc":1,"us_route":null,"us_route_a":null,"us_route_b":null,"us_route_c":null},"type":"Feature"},{"geometry":{"coordinates":[[-81.563292,38.309243],[-81.563462,38.309195]],"type":"LineString"},"id":"REF-KANAWHA-HIGHWAYS-188","properties":{"canon_status":"REAL_REFERENCE","county_route":null,"federal_lands_route":null,"fictionality":"REAL","globalid":"{AC904375-F549-48AB-98BC-46D35F2D7376}","interstate":"64,77","interstate_a":"64,77","interstate_b":null,"interstate_c":null,"loaddate":1474002730000,"mtfcc_code":"S1100","name":"W Virginia Tpke","objectid":28409143,"permanent_identifier":"cac932dd-940b-4c8d-bd3f-43129d4bd291","real_world_relation":"REFERENCE_ONLY","shape_Length":20.112179956259368,"source_datadesc":"2016 January MAFTIGER","source_datasetid":"{9298FF95-0FA8-4712-9AA5-9292C907CA63}","source_featureid":"1101747021229","source_id":"REF-KANAWHA-HIGHWAYS","source_originator":"U.S. Department of Commerce, U.S. Census Bureau, Geography Division","state_route":null,"state_route_a":null,"state_route_b":null,"state_route_c":null,"stco_fipscode":"54039","tnmfrc":1,"us_route":null,"us_route_a":null,"us_route_b":null,"us_route_c":null},"type":"Feature"},{"geometry":{"coordinates":[[-81.605057,38.37671],[-81.604994,38.376797]],"type":"LineString"},"id":"REF-KANAWHA-HIGHWAYS-189","properties":{"canon_status":"REAL_REFERENCE","county_route":null,"federal_lands_route":null,"fictionality":"REAL","globalid":"{2BD423C4-E124-4319-88FE-813298DA2983}","interstate":"79","interstate_a":"79","interstate_b":null,"interstate_c":null,"loaddate":1474001302000,"mtfcc_code":"S1100","name":"I- 79","objectid":28795153,"permanent_identifier":"613222a5-ecfc-4682-8c9d-2def431d2643","real_world_relation":"REFERENCE_ONLY","shape_Length":14.205804717241366,"source_datadesc":"2016 January MAFTIGER","source_datasetid":"{9298FF95-0FA8-4712-9AA5-9292C907CA63}","source_featureid":"1101747011783","source_id":"REF-KANAWHA-HIGHWAYS","source_originator":"U.S. Department of Commerce, U.S. Census Bureau, Geography Division","state_route":null,"state_route_a":null,"state_route_b":null,"state_route_c":null,"stco_fipscode":"54039","tnmfrc":1,"us_route":null,"us_route_a":null,"us_route_b":null,"us_route_c":null},"type":"Feature"},{"geometry":{"coordinates":[[-81.645037,38.357011],[-81.645325,38.356865],[-81.645785,38.356626]],"type":"LineString"},"id":"REF-KANAWHA-HIGHWAYS-190","properties":{"canon_status":"REAL_REFERENCE","county_route":null,"federal_lands_route":null,"fictionality":"REAL","globalid":"{C4980335-A31A-478B-9314-A0F555EB01F2}","interstate":"64","interstate_a":"64","interstate_b":null,"interstate_c":null,"loaddate":1568217705000,"mtfcc_code":"S1100","name":"I- 64","objectid":29139629,"permanent_identifier":"ad48cb66-d77a-4625-859a-224f70f5614c","real_world_relation":"REFERENCE_ONLY","shape_Length":99.6032941654885,"source_datadesc":"2016 January MAFTIGER","source_datasetid":"{9298FF95-0FA8-4712-9AA5-9292C907CA63}","source_featureid":"1104991779163","source_id":"REF-KANAWHA-HIGHWAYS","source_originator":"U.S. Department of Commerce, U.S. Census Bureau, Geography Division","state_route":null,"state_route_a":null,"state_route_b":null,"state_route_c":null,"stco_fipscode":"54039","tnmfrc":1,"us_route":null,"us_route_a":null,"us_route_b":null,"us_route_c":null},"type":"Feature"},{"geometry":{"coordinates":[[-81.606524,38.37308],[-81.606242,38.373691],[-81.606149,38.373968],[-81.606075,38.374248],[-81.60602,38.374531],[-81.605976,38.374848],[-81.605958,38.37511],[-81.605959,38.375377]],"type":"LineString"},"id":"REF-KANAWHA-HIGHWAYS-191","properties":{"canon_status":"REAL_REFERENCE","county_route":null,"federal_lands_route":null,"fictionality":"REAL","globalid":"{E5A52B9F-C5D5-404B-A170-0D6AC7798520}","interstate":"77","interstate_a":"77","interstate_b":null,"interstate_c":null,"loaddate":1474001307000,"mtfcc_code":"S1100","name":"I- 77","objectid":29180944,"permanent_identifier":"952e6043-3baf-4271-a444-f9e086a0f92d","real_world_relation":"REFERENCE_ONLY","shape_Length":334.63283079595544,"source_datadesc":"2016 January MAFTIGER","source_datasetid":"{9298FF95-0FA8-4712-9AA5-9292C907CA63}","source_featureid":"1101747011781","source_id":"REF-KANAWHA-HIGHWAYS","source_originator":"U.S. Department of Commerce, U.S. Census Bureau, Geography Division","state_route":null,"state_route_a":null,"state_route_b":null,"state_route_c":null,"stco_fipscode":"54039","tnmfrc":1,"us_route":null,"us_route_a":null,"us_route_b":null,"us_route_c":null},"type":"Feature"},{"geometry":{"coordinates":[[-81.631268,38.354661],[-81.631197,38.354574],[-81.631041,38.354414],[-81.631031,38.354406],[-81.630867,38.354267],[-81.630708,38.354155],[-81.630538,38.354054],[-81.63036,38.353968],[-81.630164,38.353887],[-81.629912,38.353797],[-81.629653,38.35372],[-81.629176,38.353606]],"type":"LineString"},"id":"REF-KANAWHA-HIGHWAYS-192","properties":{"canon_status":"REAL_REFERENCE","county_route":null,"federal_lands_route":null,"fictionality":"REAL","globalid":"{016B96CE-EAAB-40DC-8F35-2EB1F04FF845}","interstate":"64,77","interstate_a":"64,77","interstate_b":null,"interstate_c":null,"loaddate":1474001307000,"mtfcc_code":"S1100","name":"I- 64","objectid":29180955,"permanent_identifier":"27aaf7f7-76e4-4c9e-b43a-c628d6f53ecc","real_world_relation":"REFERENCE_ONLY","shape_Length":284.36629870280177,"source_datadesc":"2016 January MAFTIGER","source_datasetid":"{9298FF95-0FA8-4712-9AA5-9292C907CA63}","source_featureid":"1101747011767","source_id":"REF-KANAWHA-HIGHWAYS","source_originator":"U.S. Department of Commerce, U.S. Census Bureau, Geography Division","state_route":null,"state_route_a":null,"state_route_b":null,"state_route_c":null,"stco_fipscode":"54039","tnmfrc":1,"us_route":null,"us_route_a":null,"us_route_b":null,"us_route_c":null},"type":"Feature"},{"geometry":{"coordinates":[[-81.612042,38.341872],[-81.612136,38.342009]],"type":"LineString"},"id":"REF-KANAWHA-HIGHWAYS-193","properties":{"canon_status":"REAL_REFERENCE","county_route":null,"federal_lands_route":null,"fictionality":"REAL","globalid":"{E3F6FD68-979C-4C28-BB57-3C8B5EC5AD68}","interstate":"64,77","interstate_a":"64,77","interstate_b":null,"interstate_c":null,"loaddate":1474001302000,"mtfcc_code":"S1100","name":"I- 77","objectid":29309031,"permanent_identifier":"78b0b61a-df07-4d2b-9b84-17f526c2b9ee","real_world_relation":"REFERENCE_ONLY","shape_Length":22.081301507262133,"source_datadesc":"2016 January MAFTIGER","source_datasetid":"{9298FF95-0FA8-4712-9AA5-9292C907CA63}","source_featureid":"1101747011780","source_id":"REF-KANAWHA-HIGHWAYS","source_originator":"U.S. Department of Commerce, U.S. Census Bureau, Geography Division","state_route":null,"state_route_a":null,"state_route_b":null,"state_route_c":null,"stco_fipscode":"54039","tnmfrc":1,"us_route":null,"us_route_a":null,"us_route_b":null,"us_route_c":null},"type":"Feature"},{"geometry":{"coordinates":[[-81.628839,38.353344],[-81.629011,38.353385]],"type":"LineString"},"id":"REF-KANAWHA-HIGHWAYS-194","properties":{"canon_status":"REAL_REFERENCE","county_route":null,"federal_lands_route":null,"fictionality":"REAL","globalid":"{3A9A6624-7FC9-4EED-98DA-7B294580946C}","interstate":"64,77","interstate_a":"64,77","interstate_b":null,"interstate_c":null,"loaddate":1474001302000,"mtfcc_code":"S1100","name":"I- 64","objectid":29309053,"permanent_identifier":"4b89d9a2-cc2a-4824-9930-ccb339117668","real_world_relation":"REFERENCE_ONLY","shape_Length":20.01190094957021,"source_datadesc":"2016 January MAFTIGER","source_datasetid":"{9298FF95-0FA8-4712-9AA5-9292C907CA63}","source_featureid":"1104991779163","source_id":"REF-KANAWHA-HIGHWAYS","source_originator":"U.S. Department of Commerce, U.S. Census Bureau, Geography Division","state_route":null,"state_route_a":null,"state_route_b":null,"state_route_c":null,"stco_fipscode":"54039","tnmfrc":1,"us_route":null,"us_route_a":null,"us_route_b":null,"us_route_c":null},"type":"Feature"},{"geometry":{"coordinates":[[-81.632158,38.357794],[-81.632153,38.357877],[-81.632146,38.357961],[-81.632134,38.358109],[-81.63211,38.358407],[-81.632109,38.358429],[-81.632105,38.358512],[-81.632094,38.35871],[-81.632061,38.35886]],"type":"LineString"},"id":"REF-KANAWHA-HIGHWAYS-195","properties":{"canon_status":"REAL_REFERENCE","county_route":null,"federal_lands_route":null,"fictionality":"REAL","globalid":"{91DBBCC9-3820-4623-B2AC-634DA06760D3}","interstate":"77","interstate_a":"77","interstate_b":null,"interstate_c":null,"loaddate":1474001322000,"mtfcc_code":"S1100","name":"I- 77","objectid":29438290,"permanent_identifier":"027e4e8d-441e-495b-bfd9-58bcfbf02ab8","real_world_relation":"REFERENCE_ONLY","shape_Length":151.84937178330085,"source_datadesc":"2016 January MAFTIGER","source_datasetid":"{9298FF95-0FA8-4712-9AA5-9292C907CA63}","source_featureid":"1101747011782","source_id":"REF-KANAWHA-HIGHWAYS","source_originator":"U.S. Department of Commerce, U.S. Census Bureau, Geography Division","state_route":null,"state_route_a":null,"state_route_b":null,"state_route_c":null,"stco_fipscode":"54039","tnmfrc":1,"us_route":null,"us_route_a":null,"us_route_b":null,"us_route_c":null},"type":"Feature"},{"geometry":{"coordinates":[[-81.562551,38.309451],[-81.563123,38.30929]],"type":"LineString"},"id":"REF-KANAWHA-HIGHWAYS-196","properties":{"canon_status":"REAL_REFERENCE","county_route":null,"federal_lands_route":null,"fictionality":"REAL","globalid":"{BFC5152C-38C7-495D-B4B7-ACEDA6C65331}","interstate":"64,77","interstate_a":"64,77","interstate_b":null,"interstate_c":null,"loaddate":1474002730000,"mtfcc_code":"S1100","name":"W Virginia Tpke","objectid":29566174,"permanent_identifier":"e07d8671-e8e5-4fa1-9a82-788c7b8fa3a4","real_world_relation":"REFERENCE_ONLY","shape_Length":67.64741801048125,"source_datadesc":"2016 January MAFTIGER","source_datasetid":"{9298FF95-0FA8-4712-9AA5-9292C907CA63}","source_featureid":"1101747021229","source_id":"REF-KANAWHA-HIGHWAYS","source_originator":"U.S. Department of Commerce, U.S. Census Bureau, Geography Division","state_route":null,"state_route_a":null,"state_route_b":null,"state_route_c":null,"stco_fipscode":"54039","tnmfrc":1,"us_route":null,"us_route_a":null,"us_route_b":null,"us_route_c":null},"type":"Feature"},{"geometry":{"coordinates":[[-81.597844,38.335462],[-81.597931,38.335474],[-81.598055,38.335496],[-81.600026,38.335858],[-81.601143,38.336066],[-81.602054,38.336264],[-81.60311,38.336508],[-81.604324,38.336803],[-81.605103,38.337013],[-81.605563,38.33716],[-81.606015,38.33732],[-81.606452,38.337492],[-81.606775,38.337632],[-81.607171,38.337818],[-81.607777,38.338131],[-81.608125,38.338324],[-81.608396,38.338487],[-81.608724,38.338701],[-81.609177,38.339026],[-81.609667,38.339395],[-81.609917,38.339591]],"type":"LineString"},"id":"REF-KANAWHA-HIGHWAYS-197","properties":{"canon_status":"REAL_REFERENCE","county_route":null,"federal_lands_route":null,"fictionality":"REAL","globalid":"{8C9C4E6B-BDF7-41ED-BF22-C840F733AF58}","interstate":"64,77","interstate_a":"64,77","interstate_b":null,"interstate_c":null,"loaddate":1474003168000,"mtfcc_code":"S1100","name":"W Virginia Tpke","objectid":29694889,"permanent_identifier":"20f24d81-ab5c-46fc-9480-00a5952cf927","real_world_relation":"REFERENCE_ONLY","shape_Length":1492.5072872775231,"source_datadesc":"2016 January MAFTIGER","source_datasetid":"{9298FF95-0FA8-4712-9AA5-9292C907CA63}","source_featureid":"1101747021230","source_id":"REF-KANAWHA-HIGHWAYS","source_originator":"U.S. Department of Commerce, U.S. Census Bureau, Geography Division","state_route":null,"state_route_a":null,"state_route_b":null,"state_route_c":null,"stco_fipscode":"54039","tnmfrc":1,"us_route":null,"us_route_a":null,"us_route_b":null,"us_route_c":null},"type":"Feature"},{"geometry":{"coordinates":[[-81.500366,38.193105],[-81.500451,38.19313]],"type":"LineString"},"id":"REF-KANAWHA-HIGHWAYS-198","properties":{"canon_status":"REAL_REFERENCE","county_route":null,"federal_lands_route":null,"fictionality":"REAL","globalid":"{23834B82-BC93-4F3E-A207-19DE6948CDA2}","interstate":"64,77","interstate_a":"64,77","interstate_b":null,"interstate_c":null,"loaddate":1568217705000,"mtfcc_code":"S1100","name":"W Virginia Tpke","objectid":29782192,"permanent_identifier":"ed334591-b2b8-43e3-a1f7-b8be2fcf29db","real_world_relation":"REFERENCE_ONLY","shape_Length":10.103064379915354,"source_datadesc":"2016 January MAFTIGER","source_datasetid":"{9298FF95-0FA8-4712-9AA5-9292C907CA63}","source_featureid":"1101747021230","source_id":"REF-KANAWHA-HIGHWAYS","source_originator":"U.S. Department of Commerce, U.S. Census Bureau, Geography Division","state_route":null,"state_route_a":null,"state_route_b":null,"state_route_c":null,"stco_fipscode":"54039","tnmfrc":1,"us_route":null,"us_route_a":null,"us_route_b":null,"us_route_c":null},"type":"Feature"},{"geometry":{"coordinates":[[-81.632061,38.35886],[-81.631993,38.359083],[-81.631918,38.359265],[-81.631847,38.359403],[-81.631747,38.359553],[-81.631632,38.359696],[-81.631507,38.359824]],"type":"LineString"},"id":"REF-KANAWHA-HIGHWAYS-199","properties":{"canon_status":"REAL_REFERENCE","county_route":null,"federal_lands_route":null,"fictionality":"REAL","globalid":"{9BDC6953-2321-443A-9CFF-25BC7DFC7469}","interstate":"77","interstate_a":"77","interstate_b":null,"interstate_c":null,"loaddate":1474001316000,"mtfcc_code":"S1100","name":"I- 77","objectid":29824021,"permanent_identifier":"f24173f6-7c83-49e6-b12f-32b1ece93305","real_world_relation":"REFERENCE_ONLY","shape_Length":151.74548762525777,"source_datadesc":"2016 January MAFTIGER","source_datasetid":"{9298FF95-0FA8-4712-9AA5-9292C907CA63}","source_featureid":"1101747011782","source_id":"REF-KANAWHA-HIGHWAYS","source_originator":"U.S. Department of Commerce, U.S. Census Bureau, Geography Division","state_route":null,"state_route_a":null,"state_route_b":null,"state_route_c":null,"stco_fipscode":"54039","tnmfrc":1,"us_route":null,"us_route_a":null,"us_route_b":null,"us_route_c":null},"type":"Feature"},{"geometry":{"coordinates":[[-81.557283,38.317393],[-81.557006,38.31739]],"type":"LineString"},"id":"REF-KANAWHA-HIGHWAYS-200","properties":{"canon_status":"REAL_REFERENCE","county_route":null,"federal_lands_route":null,"fictionality":"REAL","globalid":"{612043F5-63C8-4FAB-ADC0-013D2100C8B2}","interstate":"64,77","interstate_a":"64,77","interstate_b":null,"interstate_c":null,"loaddate":1474001520000,"mtfcc_code":"S1100","name":"W Virginia Tpke","objectid":29824034,"permanent_identifier":"74a2ba62-3b3c-4895-a130-86368f475861","real_world_relation":"REFERENCE_ONLY","shape_Length":30.83843698394138,"source_datadesc":"2016 January MAFTIGER","source_datasetid":"{9298FF95-0FA8-4712-9AA5-9292C907CA63}","source_featureid":"1101747021229","source_id":"REF-KANAWHA-HIGHWAYS","source_originator":"U.S. Department of Commerce, U.S. Census Bureau, Geography Division","state_route":null,"state_route_a":null,"state_route_b":null,"state_route_c":null,"stco_fipscode":"54039","tnmfrc":1,"us_route":null,"us_route_a":null,"us_route_b":null,"us_route_c":null},"type":"Feature"},{"geometry":{"coordinates":[[-81.557601,38.310826],[-81.55806,38.310698],[-81.558889,38.310467],[-81.559388,38.310328]],"type":"LineString"},"id":"REF-KANAWHA-HIGHWAYS-201","properties":{"canon_status":"REAL_REFERENCE","county_route":null,"federal_lands_route":null,"fictionality":"REAL","globalid":"{605B59C0-D3E0-43BC-B752-DD9CE1F76520}","interstate":"64,77","interstate_a":"64,77","interstate_b":null,"interstate_c":null,"loaddate":1474002730000,"mtfcc_code":"S1100","name":"W Virginia Tpke","objectid":30080483,"permanent_identifier":"134aa4b2-ebd2-4870-abae-19b5d8a9727c","real_world_relation":"REFERENCE_ONLY","shape_Length":211.1016334337858,"source_datadesc":"2016 January MAFTIGER","source_datasetid":"{9298FF95-0FA8-4712-9AA5-9292C907CA63}","source_featureid":"1101747021229","source_id":"REF-KANAWHA-HIGHWAYS","source_originator":"U.S. Department of Commerce, U.S. Census Bureau, Geography Division","state_route":null,"state_route_a":null,"state_route_b":null,"state_route_c":null,"stco_fipscode":"54039","tnmfrc":1,"us_route":null,"us_route_a":null,"us_route_b":null,"us_route_c":null},"type":"Feature"},{"geometry":{"coordinates":[[-81.61826,38.349347],[-81.618528,38.349547],[-81.6189,38.349802],[-81.619363,38.350098],[-81.619838,38.350384],[-81.620519,38.350768]],"type":"LineString"},"id":"REF-KANAWHA-HIGHWAYS-202","properties":{"canon_status":"REAL_REFERENCE","county_route":null,"federal_lands_route":null,"fictionality":"REAL","globalid":"{E4C533B6-4726-4BAE-9843-B05DF91FB7AA}","interstate":"64,77","interstate_a":"64,77","interstate_b":null,"interstate_c":null,"loaddate":1474001302000,"mtfcc_code":"S1100","name":"I- 77","objectid":30338123,"permanent_identifier":"570f235a-7579-4bf7-b270-3b144789ba3b","real_world_relation":"REFERENCE_ONLY","shape_Length":322.71366825732173,"source_datadesc":"2016 January MAFTIGER","source_datasetid":"{9298FF95-0FA8-4712-9AA5-9292C907CA63}","source_featureid":"1101747011780","source_id":"REF-KANAWHA-HIGHWAYS","source_originator":"U.S. Department of Commerce, U.S. Census Bureau, Geography Division","state_route":null,"state_route_a":null,"state_route_b":null,"state_route_c":null,"stco_fipscode":"54039","tnmfrc":1,"us_route":null,"us_route_a":null,"us_route_b":null,"us_route_c":null},"type":"Feature"},{"geometry":{"coordinates":[[-81.65908,38.357609],[-81.660566,38.358108],[-81.66086,38.358213],[-81.661367,38.358401],[-81.661706,38.358536],[-81.662037,38.358683],[-81.662741,38.359028],[-81.663162,38.359241],[-81.663312,38.359313],[-81.664234,38.359807],[-81.665959,38.360694],[-81.666566,38.360993],[-81.666874,38.36114],[-81.667404,38.361368],[-81.667826,38.361534],[-81.66826,38.361682],[-81.669001,38.361907],[-81.669999,38.362193],[-81.671088,38.362487],[-81.671482,38.362593],[-81.672944,38.363011],[-81.673015,38.36303],[-81.674136,38.363333],[-81.676162,38.363895],[-81.677275,38.364189],[-81.677521,38.364247],[-81.67814,38.36438],[-81.678638,38.364476],[-81.678946,38.364525],[-81.679678,38.364625]],"type":"LineString"},"id":"REF-KANAWHA-HIGHWAYS-203","properties":{"canon_status":"REAL_REFERENCE","county_route":null,"federal_lands_route":null,"fictionality":"REAL","globalid":"{7F9CAC9B-C4FF-432F-9AA8-3A47DEC895F1}","interstate":"64","interstate_a":"64","interstate_b":null,"interstate_c":null,"loaddate":1568217705000,"mtfcc_code":"S1100","name":"I- 64","objectid":30425984,"permanent_identifier":"d37f850d-4794-48c4-86d6-3d52c2726519","real_world_relation":"REFERENCE_ONLY","shape_Length":2516.897288198563,"source_datadesc":"2016 January MAFTIGER","source_datasetid":"{9298FF95-0FA8-4712-9AA5-9292C907CA63}","source_featureid":"1104991779163","source_id":"REF-KANAWHA-HIGHWAYS","source_originator":"U.S. Department of Commerce, U.S. Census Bureau, Geography Division","state_route":null,"state_route_a":null,"state_route_b":null,"state_route_c":null,"stco_fipscode":"54039","tnmfrc":1,"us_route":null,"us_route_a":null,"us_route_b":null,"us_route_c":null},"type":"Feature"},{"geometry":{"coordinates":[[-81.627384,38.361437],[-81.626335,38.361716],[-81.625644,38.361893],[-81.625008,38.362051],[-81.624351,38.362225],[-81.623887,38.362352],[-81.623576,38.362428]],"type":"LineString"},"id":"REF-KANAWHA-HIGHWAYS-204","properties":{"canon_status":"REAL_REFERENCE","county_route":null,"federal_lands_route":null,"fictionality":"REAL","globalid":"{21F1E210-77DB-4045-8798-D10F839833A7}","interstate":"77","interstate_a":"77","interstate_b":null,"interstate_c":null,"loaddate":1474001302000,"mtfcc_code":"S1100","name":"I- 77","objectid":30595381,"permanent_identifier":"bf2110f2-93d5-4aab-9bf9-8a2c67dd3cce","real_world_relation":"REFERENCE_ONLY","shape_Length":446.66656736791816,"source_datadesc":"2016 January MAFTIGER","source_datasetid":"{9298FF95-0FA8-4712-9AA5-9292C907CA63}","source_featureid":"1101747011782","source_id":"REF-KANAWHA-HIGHWAYS","source_originator":"U.S. Department of Commerce, U.S. Census Bureau, Geography Division","state_route":null,"state_route_a":null,"state_route_b":null,"state_route_c":null,"stco_fipscode":"54039","tnmfrc":1,"us_route":null,"us_route_a":null,"us_route_b":null,"us_route_c":null},"type":"Feature"},{"geometry":{"coordinates":[[-81.62901,38.353566],[-81.628308,38.353398],[-81.627971,38.353318],[-81.627881,38.353299],[-81.627773,38.353276],[-81.62768,38.353257]],"type":"LineString"},"id":"REF-KANAWHA-HIGHWAYS-205","properties":{"canon_status":"REAL_REFERENCE","county_route":null,"federal_lands_route":null,"fictionality":"REAL","globalid":"{653BAD5F-F920-42A3-93A2-C9BD0D9A7B92}","interstate":"64,77","interstate_a":"64,77","interstate_b":null,"interstate_c":null,"loaddate":1474001302000,"mtfcc_code":"S1100","name":"I- 64","objectid":30723821,"permanent_identifier":"d5535a45-7133-4e14-b688-5392915c1df5","real_world_relation":"REFERENCE_ONLY","shape_Length":154.43167530288804,"source_datadesc":"2016 January MAFTIGER","source_datasetid":"{9298FF95-0FA8-4712-9AA5-9292C907CA63}","source_featureid":"1101747011767","source_id":"REF-KANAWHA-HIGHWAYS","source_originator":"U.S. Department of Commerce, U.S. Census Bureau, Geography Division","state_route":null,"state_route_a":null,"state_route_b":null,"state_route_c":null,"stco_fipscode":"54039","tnmfrc":1,"us_route":null,"us_route_a":null,"us_route_b":null,"us_route_c":null},"type":"Feature"},{"geometry":{"coordinates":[[-81.650334,38.354415],[-81.650439,38.354399],[-81.650674,38.354376],[-81.65071,38.354375],[-81.650814,38.354371],[-81.651047,38.354375]],"type":"LineString"},"id":"REF-KANAWHA-HIGHWAYS-206","properties":{"canon_status":"REAL_REFERENCE","county_route":null,"federal_lands_route":null,"fictionality":"REAL","globalid":"{563B7264-4B60-4737-9742-41D314AA77DF}","interstate":"64","interstate_a":"64","interstate_b":null,"interstate_c":null,"loaddate":1568217705000,"mtfcc_code":"S1100","name":"I- 64","objectid":30940336,"permanent_identifier":"fe9b020a-8cb8-4e06-96a7-66fd2bd87a15","real_world_relation":"REFERENCE_ONLY","shape_Length":79.81504428051747,"source_datadesc":"2016 January MAFTIGER","source_datasetid":"{9298FF95-0FA8-4712-9AA5-9292C907CA63}","source_featureid":"1104991779163","source_id":"REF-KANAWHA-HIGHWAYS","source_originator":"U.S. Department of Commerce, U.S. Census Bureau, Geography Division","state_route":null,"state_route_a":null,"state_route_b":null,"state_route_c":null,"stco_fipscode":"54039","tnmfrc":1,"us_route":null,"us_route_a":null,"us_route_b":null,"us_route_c":null},"type":"Feature"},{"geometry":{"coordinates":[[-81.552847,38.315201],[-81.552908,38.315277],[-81.552989,38.315451],[-81.553098,38.315654],[-81.55328,38.31592],[-81.55347,38.316146],[-81.553639,38.316317],[-81.553727,38.3164],[-81.55392,38.316559],[-81.554123,38.316706],[-81.554385,38.31687],[-81.554622,38.316997],[-81.554803,38.317082],[-81.555023,38.317172],[-81.555358,38.317285],[-81.555615,38.317353],[-81.555881,38.317409],[-81.556154,38.317452],[-81.556504,38.317487],[-81.556831,38.317494]],"type":"LineString"},"id":"REF-KANAWHA-HIGHWAYS-207","properties":{"canon_status":"REAL_REFERENCE","county_route":null,"federal_lands_route":null,"fictionality":"REAL","globalid":"{F5E68DFA-9E33-4E42-A5BE-27BA65CB53D2}","interstate":"64,77","interstate_a":"64,77","interstate_b":null,"interstate_c":null,"loaddate":1474003168000,"mtfcc_code":"S1100","name":"W Virginia Tpke","objectid":31110009,"permanent_identifier":"08edb4bf-e731-4aaa-8b7e-513f018554ad","real_world_relation":"REFERENCE_ONLY","shape_Length":587.94072747681,"source_datadesc":"2016 January MAFTIGER","source_datasetid":"{9298FF95-0FA8-4712-9AA5-9292C907CA63}","source_featureid":"1101747021230","source_id":"REF-KANAWHA-HIGHWAYS","source_originator":"U.S. Department of Commerce, U.S. Census Bureau, Geography Division","state_route":null,"state_route_a":null,"state_route_b":null,"state_route_c":null,"stco_fipscode":"54039","tnmfrc":1,"us_route":null,"us_route_a":null,"us_route_b":null,"us_route_c":null},"type":"Feature"},{"geometry":{"coordinates":[[-81.629176,38.353606],[-81.62901,38.353566]],"type":"LineString"},"id":"REF-KANAWHA-HIGHWAYS-208","properties":{"canon_status":"REAL_REFERENCE","county_route":null,"federal_lands_route":null,"fictionality":"REAL","globalid":"{7E8DCE50-EBDC-4D66-8EAA-D04225626983}","interstate":"64,77","interstate_a":"64,77","interstate_b":null,"interstate_c":null,"loaddate":1474001302000,"mtfcc_code":"S1100","name":"I- 64","objectid":31367307,"permanent_identifier":"c85e48e5-d2c1-4f65-a80d-1a9884c1e485","real_world_relation":"REFERENCE_ONLY","shape_Length":19.331786166673698,"source_datadesc":"2016 January MAFTIGER","source_datasetid":"{9298FF95-0FA8-4712-9AA5-9292C907CA63}","source_featureid":"1101747011767","source_id":"REF-KANAWHA-HIGHWAYS","source_originator":"U.S. Department of Commerce, U.S. Census Bureau, Geography Division","state_route":null,"state_route_a":null,"state_route_b":null,"state_route_c":null,"stco_fipscode":"54039","tnmfrc":1,"us_route":null,"us_route_a":null,"us_route_b":null,"us_route_c":null},"type":"Feature"},{"geometry":{"coordinates":[[-81.615626,38.364349],[-81.615361,38.364446],[-81.614404,38.364848],[-81.614014,38.365034],[-81.613785,38.365149],[-81.613571,38.365256],[-81.613097,38.365505]],"type":"LineString"},"id":"REF-KANAWHA-HIGHWAYS-209","properties":{"canon_status":"REAL_REFERENCE","county_route":null,"federal_lands_route":null,"fictionality":"REAL","globalid":"{1E277FA3-C394-4DE1-9133-A47D50718BF2}","interstate":"77","interstate_a":"77","interstate_b":null,"interstate_c":null,"loaddate":1474001316000,"mtfcc_code":"S1100","name":"I- 77","objectid":31367375,"permanent_identifier":"4e98180e-260f-436f-8ff6-e69669dbac53","real_world_relation":"REFERENCE_ONLY","shape_Length":326.26936583038344,"source_datadesc":"2016 January MAFTIGER","source_datasetid":"{9298FF95-0FA8-4712-9AA5-9292C907CA63}","source_featureid":"1101747011781","source_id":"REF-KANAWHA-HIGHWAYS","source_originator":"U.S. Department of Commerce, U.S. Census Bureau, Geography Division","state_route":null,"state_route_a":null,"state_route_b":null,"state_route_c":null,"stco_fipscode":"54039","tnmfrc":1,"us_route":null,"us_route_a":null,"us_route_b":null,"us_route_c":null},"type":"Feature"},{"geometry":{"coordinates":[[-81.49995,38.192977],[-81.500132,38.193033],[-81.500366,38.193105]],"type":"LineString"},"id":"REF-KANAWHA-HIGHWAYS-210","properties":{"canon_status":"REAL_REFERENCE","county_route":null,"federal_lands_route":null,"fictionality":"REAL","globalid":"{046AB2F8-E279-43EA-9B91-C6D52C5C6C24}","interstate":"64,77","interstate_a":"64,77","interstate_b":null,"interstate_c":null,"loaddate":1568217705000,"mtfcc_code":"S1100","name":"W Virginia Tpke","objectid":31454717,"permanent_identifier":"3b52fb24-f99a-4ad2-8797-5328987ea09d","real_world_relation":"REFERENCE_ONLY","shape_Length":49.73138967406272,"source_datadesc":"2016 January MAFTIGER","source_datasetid":"{9298FF95-0FA8-4712-9AA5-9292C907CA63}","source_featureid":"1101747021230","source_id":"REF-KANAWHA-HIGHWAYS","source_originator":"U.S. Department of Commerce, U.S. Census Bureau, Geography Division","state_route":null,"state_route_a":null,"state_route_b":null,"state_route_c":null,"stco_fipscode":"54039","tnmfrc":1,"us_route":null,"us_route_a":null,"us_route_b":null,"us_route_c":null},"type":"Feature"},{"geometry":{"coordinates":[[-81.55667,38.317386],[-81.556286,38.317355],[-81.556077,38.317328],[-81.555907,38.317298],[-81.555745,38.317264],[-81.555412,38.317181],[-81.555214,38.317117],[-81.554884,38.316986],[-81.554763,38.31693],[-81.55456,38.316826],[-81.554459,38.316769],[-81.554314,38.316678],[-81.554109,38.316532],[-81.553947,38.316398],[-81.553831,38.316295],[-81.55367,38.316133],[-81.553589,38.316045],[-81.553478,38.315907],[-81.55345,38.31586]],"type":"LineString"},"id":"REF-KANAWHA-HIGHWAYS-211","properties":{"canon_status":"REAL_REFERENCE","county_route":null,"federal_lands_route":null,"fictionality":"REAL","globalid":"{B51800A0-61ED-481C-9278-B5DA67F57898}","interstate":"64,77","interstate_a":"64,77","interstate_b":null,"interstate_c":null,"loaddate":1474002730000,"mtfcc_code":"S1100","name":"W Virginia Tpke","objectid":31495927,"permanent_identifier":"401edd7f-7cd7-4a90-badf-75bec00d4bab","real_world_relation":"REFERENCE_ONLY","shape_Length":437.25302392647245,"source_datadesc":"2016 January MAFTIGER","source_datasetid":"{9298FF95-0FA8-4712-9AA5-9292C907CA63}","source_featureid":"1101747021229","source_id":"REF-KANAWHA-HIGHWAYS","source_originator":"U.S. Department of Commerce, U.S. Census Bureau, Geography Division","state_route":null,"state_route_a":null,"state_route_b":null,"state_route_c":null,"stco_fipscode":"54039","tnmfrc":1,"us_route":null,"us_route_a":null,"us_route_b":null,"us_route_c":null},"type":"Feature"},{"geometry":{"coordinates":[[-81.56841,38.321495],[-81.567913,38.32115]],"type":"LineString"},"id":"REF-KANAWHA-HIGHWAYS-212","properties":{"canon_status":"REAL_REFERENCE","county_route":null,"federal_lands_route":null,"fictionality":"REAL","globalid":"{DFAE28C3-0DE6-4F6C-B78A-29D69278B0D0}","interstate":"64,77","interstate_a":"64,77","interstate_b":null,"interstate_c":null,"loaddate":1474001520000,"mtfcc_code":"S1100","name":"W Virginia Tpke","objectid":31495946,"permanent_identifier":"c153b903-0f14-4596-a07d-0202a7a07b21","real_world_relation":"REFERENCE_ONLY","shape_Length":73.8732836060771,"source_datadesc":"2016 January MAFTIGER","source_datasetid":"{9298FF95-0FA8-4712-9AA5-9292C907CA63}","source_featureid":"1101747021229","source_id":"REF-KANAWHA-HIGHWAYS","source_originator":"U.S. Department of Commerce, U.S. Census Bureau, Geography Division","state_route":null,"state_route_a":null,"state_route_b":null,"state_route_c":null,"stco_fipscode":"54039","tnmfrc":1,"us_route":"60","us_route_a":"60","us_route_b":null,"us_route_c":null},"type":"Feature"},{"geometry":{"coordinates":[[-81.621708,38.362892],[-81.621106,38.36305],[-81.619761,38.363383]],"type":"LineString"},"id":"REF-KANAWHA-HIGHWAYS-213","properties":{"canon_status":"REAL_REFERENCE","county_route":null,"federal_lands_route":null,"fictionality":"REAL","globalid":"{026977D0-FF87-4D4B-A7D9-71EBE4D7AEF0}","interstate":"77","interstate_a":"77","interstate_b":null,"interstate_c":null,"loaddate":1474001302000,"mtfcc_code":"S1100","name":"I- 77","objectid":32011219,"permanent_identifier":"4c9da2cc-f2a9-4018-af2f-dbdf6a6569b8","real_world_relation":"REFERENCE_ONLY","shape_Length":227.68039890679944,"source_datadesc":"2016 January MAFTIGER","source_datasetid":"{9298FF95-0FA8-4712-9AA5-9292C907CA63}","source_featureid":"1101747011782","source_id":"REF-KANAWHA-HIGHWAYS","source_originator":"U.S. Department of Commerce, U.S. Census Bureau, Geography Division","state_route":null,"state_route_a":null,"state_route_b":null,"state_route_c":null,"stco_fipscode":"54039","tnmfrc":1,"us_route":null,"us_route_a":null,"us_route_b":null,"us_route_c":null},"type":"Feature"},{"geometry":{"coordinates":[[-81.596185,38.334995],[-81.596794,38.335204],[-81.597132,38.33531],[-81.59747,38.335394],[-81.597699,38.335438],[-81.597812,38.335464],[-81.597844,38.335462]],"type":"LineString"},"id":"REF-KANAWHA-HIGHWAYS-214","properties":{"canon_status":"REAL_REFERENCE","county_route":null,"federal_lands_route":null,"fictionality":"REAL","globalid":"{86CABA7E-86A9-47FC-B13A-72FBEBF9649D}","interstate":"64,77","interstate_a":"64,77","interstate_b":null,"interstate_c":null,"loaddate":1474003168000,"mtfcc_code":"S1100","name":"W Virginia Tpke","objectid":32269388,"permanent_identifier":"7b34b20e-7d65-42da-89e8-8a8f08014591","real_world_relation":"REFERENCE_ONLY","shape_Length":196.91777976445496,"source_datadesc":"2016 January MAFTIGER","source_datasetid":"{9298FF95-0FA8-4712-9AA5-9292C907CA63}","source_featureid":"1101747021230","source_id":"REF-KANAWHA-HIGHWAYS","source_originator":"U.S. Department of Commerce, U.S. Census Bureau, Geography Division","state_route":null,"state_route_a":null,"state_route_b":null,"state_route_c":null,"stco_fipscode":"54039","tnmfrc":1,"us_route":null,"us_route_a":null,"us_route_b":null,"us_route_c":null},"type":"Feature"},{"geometry":{"coordinates":[[-81.647507,38.355711],[-81.64828,38.355279],[-81.648355,38.355237],[-81.64887,38.354962],[-81.649106,38.354837]],"type":"LineString"},"id":"REF-KANAWHA-HIGHWAYS-215","properties":{"canon_status":"REAL_REFERENCE","county_route":null,"federal_lands_route":null,"fictionality":"REAL","globalid":"{12CFD1D6-812F-48B3-A8B7-47BAD568D9F9}","interstate":"64","interstate_a":"64","interstate_b":null,"interstate_c":null,"loaddate":1568217705000,"mtfcc_code":"S1100","name":"I- 64","objectid":32357643,"permanent_identifier":"c11336fb-e587-43c0-a614-f80c671279ab","real_world_relation":"REFERENCE_ONLY","shape_Length":216.9872634248791,"source_datadesc":"2016 January MAFTIGER","source_datasetid":"{9298FF95-0FA8-4712-9AA5-9292C907CA63}","source_featureid":"1104991779163","source_id":"REF-KANAWHA-HIGHWAYS","source_originator":"U.S. Department of Commerce, U.S. Census Bureau, Geography Division","state_route":null,"state_route_a":null,"state_route_b":null,"state_route_c":null,"stco_fipscode":"54039","tnmfrc":1,"us_route":"119","us_route_a":"119","us_route_b":null,"us_route_c":null},"type":"Feature"},{"geometry":{"coordinates":[[-81.651276,38.354557],[-81.651196,38.354545],[-81.650983,38.354529],[-81.650924,38.354529],[-81.650769,38.354529],[-81.650598,38.354539],[-81.650506,38.354549]],"type":"LineString"},"id":"REF-KANAWHA-HIGHWAYS-216","properties":{"canon_status":"REAL_REFERENCE","county_route":null,"federal_lands_route":null,"fictionality":"REAL","globalid":"{938E4361-4A2A-444C-94DF-942027408716}","interstate":"64","interstate_a":"64","interstate_b":null,"interstate_c":null,"loaddate":1568217705000,"mtfcc_code":"S1100","name":"I- 64","objectid":32357672,"permanent_identifier":"9aaee9b9-225b-443d-a631-9b0f8cd76cc1","real_world_relation":"REFERENCE_ONLY","shape_Length":86.13685292117539,"source_datadesc":"2016 January MAFTIGER","source_datasetid":"{9298FF95-0FA8-4712-9AA5-9292C907CA63}","source_featureid":"1101747011767","source_id":"REF-KANAWHA-HIGHWAYS","source_originator":"U.S. Department of Commerce, U.S. Census Bureau, Geography Division","state_route":null,"state_route_a":null,"state_route_b":null,"state_route_c":null,"stco_fipscode":"54039","tnmfrc":1,"us_route":null,"us_route_a":null,"us_route_b":null,"us_route_c":null},"type":"Feature"},{"geometry":{"coordinates":[[-81.56556,38.298],[-81.565638,38.298335],[-81.565687,38.298606],[-81.565739,38.299076],[-81.565761,38.299358],[-81.565777,38.301078],[-81.565797,38.301498],[-81.56584,38.301944],[-81.565892,38.302364],[-81.565957,38.302787],[-81.566107,38.303558],[-81.566265,38.304228],[-81.566298,38.304393],[-81.566318,38.304491],[-81.566473,38.30541],[-81.566519,38.305623],[-81.566533,38.305727],[-81.566547,38.305838],[-81.566557,38.306011],[-81.566552,38.306228],[-81.566534,38.306402],[-81.566492,38.306624],[-81.566451,38.306778]],"type":"LineString"},"id":"REF-KANAWHA-HIGHWAYS-217","properties":{"canon_status":"REAL_REFERENCE","county_route":null,"federal_lands_route":null,"fictionality":"REAL","globalid":"{A4B9543C-EEAC-46C6-B0FA-938C3DD9CD26}","interstate":"64,77","interstate_a":"64,77","interstate_b":null,"interstate_c":null,"loaddate":1568217705000,"mtfcc_code":"S1100","name":"W Virginia Tpke","objectid":32357682,"permanent_identifier":"10f7db2e-d33e-413d-a025-08a1e8acc61f","real_world_relation":"REFERENCE_ONLY","shape_Length":1253.5077509943405,"source_datadesc":"2018 May MAF/TIGER","source_datasetid":"{9298FF95-0FA8-4712-9AA5-9292C907CA63}","source_featureid":"1101747021230","source_id":"REF-KANAWHA-HIGHWAYS","source_originator":"U.S. Department of Commerce, U.S. Census Bureau, Geography Division","state_route":null,"state_route_a":null,"state_route_b":null,"state_route_c":null,"stco_fipscode":"54039","tnmfrc":1,"us_route":null,"us_route_a":null,"us_route_b":null,"us_route_c":null},"type":"Feature"},{"geometry":{"coordinates":[[-81.64669,38.356335],[-81.646223,38.356581],[-81.645871,38.356752]],"type":"LineString"},"id":"REF-KANAWHA-HIGHWAYS-218","properties":{"canon_status":"REAL_REFERENCE","county_route":null,"federal_lands_route":null,"fictionality":"REAL","globalid":"{2FE7910D-3165-4BD5-A45B-2AABD4BCF9FC}","interstate":"64","interstate_a":"64","interstate_b":null,"interstate_c":null,"loaddate":1568217705000,"mtfcc_code":"S1100","name":"I- 64","objectid":32615969,"permanent_identifier":"81f3738c-29db-4076-a936-790be6c1b67b","real_world_relation":"REFERENCE_ONLY","shape_Length":108.72128814357596,"source_datadesc":"2016 January MAFTIGER","source_datasetid":"{9298FF95-0FA8-4712-9AA5-9292C907CA63}","source_featureid":"1101747011767","source_id":"REF-KANAWHA-HIGHWAYS","source_originator":"U.S. Department of Commerce, U.S. Census Bureau, Geography Division","state_route":null,"state_route_a":null,"state_route_b":null,"state_route_c":null,"stco_fipscode":"54039","tnmfrc":1,"us_route":null,"us_route_a":null,"us_route_b":null,"us_route_c":null},"type":"Feature"}],"type":"FeatureCollection"}
