{"features":[{"geometry":{"coordinates":[[-81.434844,38.221521],[-81.434905,38.221544],[-81.43532,38.221679],[-81.435676,38.221793],[-81.436239,38.221946],[-81.436425,38.221996],[-81.437001,38.222111],[-81.437533,38.222216],[-81.437757,38.222239],[-81.438354,38.222298],[-81.438689,38.222331],[-81.438914,38.222332],[-81.440764,38.222337],[-81.440947,38.222337],[-81.441826,38.222278],[-81.442083,38.22226],[-81.442969,38.222135],[-81.442991,38.222131],[-81.443771,38.221973],[-81.443844,38.221954],[-81.443999,38.221911],[-81.444604,38.221747],[-81.445736,38.221393],[-81.445738,38.221392],[-81.446321,38.221185],[-81.446804,38.221012],[-81.447463,38.22075],[-81.447831,38.220603],[-81.448567,38.220267],[-81.44858,38.220261],[-81.448594,38.220254],[-81.448629,38.220238],[-81.448696,38.220204],[-81.449373,38.21985],[-81.449422,38.219824],[-81.450205,38.219362],[-81.450376,38.219261],[-81.451088,38.218807],[-81.452342,38.218007],[-81.452881,38.217638],[-81.45311,38.217481],[-81.453302,38.217341],[-81.453641,38.217092],[-81.453822,38.216959],[-81.454016,38.216816],[-81.454202,38.21668],[-81.455404,38.215902],[-81.455578,38.215789],[-81.45651,38.215241],[-81.45723,38.214818],[-81.457411,38.214721],[-81.4578,38.214512],[-81.458127,38.214336],[-81.458546,38.214111],[-81.459854,38.213408],[-81.461258,38.212559],[-81.461282,38.212543],[-81.461493,38.2124],[-81.463491,38.21105],[-81.464303,38.210501],[-81.465587,38.209633],[-81.467377,38.208423],[-81.467976,38.208018],[-81.468212,38.207859]],"type":"LineString"},"id":"REF-KANAWHA-RAIL-1","properties":{"canon_status":"REAL_REFERENCE","fcode":20200,"fictionality":"REAL","globalid":"{49ABFB04-86C2-40D4-9887-12F440C676FB}","lengthkm":3.38853296,"loaddate":1758113402000,"name":null,"objectid":925718,"permanent_identifier":"8bdc95e7-efd5-40e5-9a05-71b96eb3e0b6","railclassification":null,"railowner":"Kanawha River Railroad","railownercode":"KNWA","railsubdivision":"WEST VIRGINIA SECONDARY","railusage":"M","real_world_relation":"REFERENCE_ONLY","shape_Length":4412.284442984747,"source_datadesc":"FRA Rail Lines 07/2025","source_datasetid":"{14EEFC21-039C-4AB1-8866-0FA5FC6A7AEB}","source_featureid":"390581","source_id":"REF-KANAWHA-RAIL","source_originator":"Federal Railroad Administration"},"type":"Feature"},{"geometry":{"coordinates":[[-81.521968,38.211796],[-81.522414,38.212374],[-81.523125,38.212896],[-81.524386,38.213597]],"type":"LineString"},"id":"REF-KANAWHA-RAIL-2","properties":{"canon_status":"REAL_REFERENCE","fcode":20200,"fictionality":"REAL","globalid":"{FD4BE2B9-CF96-4656-8709-FE6A39229F63}","lengthkm":0.29520722,"loaddate":1758113402000,"name":null,"objectid":925884,"permanent_identifier":"fc1c0138-b302-424c-a429-a413a454cb41","railclassification":null,"railowner":null,"railownercode":"WNFR","railsubdivision":null,"railusage":"X","real_world_relation":"REFERENCE_ONLY","shape_Length":376.01748115762837,"source_datadesc":"FRA Rail Lines 07/2025","source_datasetid":"{14EEFC21-039C-4AB1-8866-0FA5FC6A7AEB}","source_featureid":"393984","source_id":"REF-KANAWHA-RAIL","source_originator":"Federal Railroad Administration"},"type":"Feature"},{"geometry":{"coordinates":[[-81.520302,38.21716],[-81.521316,38.218045],[-81.523067,38.219574],[-81.523388,38.219854],[-81.524456,38.220787],[-81.529264,38.224985],[-81.529574,38.225256],[-81.529721,38.225384],[-81.530115,38.225728],[-81.532319,38.227652],[-81.534013,38.229132],[-81.536032,38.230894],[-81.536084,38.230942]],"type":"LineString"},"id":"REF-KANAWHA-RAIL-3","properties":{"canon_status":"REAL_REFERENCE","fcode":20200,"fictionality":"REAL","globalid":"{CC490A29-2BEB-4C9F-AC69-43B138AD134B}","lengthkm":2.08083755,"loaddate":1758113402000,"name":null,"objectid":926382,"permanent_identifier":"6bfaaccb-e0fe-4593-91a2-4620dbb064c2","railclassification":null,"railowner":"Kanawha River Railroad","railownercode":"KNWA","railsubdivision":"WEST VIRGINIA SECONDARY","railusage":"M","real_world_relation":"REFERENCE_ONLY","shape_Length":2626.8932241800276,"source_datadesc":"FRA Rail Lines 07/2025","source_datasetid":"{14EEFC21-039C-4AB1-8866-0FA5FC6A7AEB}","source_featureid":"404191","source_id":"REF-KANAWHA-RAIL","source_originator":"Federal Railroad Administration"},"type":"Feature"},{"geometry":{"coordinates":[[-81.627384,38.352732],[-81.62775,38.353204],[-81.62785,38.353404],[-81.62785,38.353704],[-81.627779,38.354285]],"type":"LineString"},"id":"REF-KANAWHA-RAIL-4","properties":{"canon_status":"REAL_REFERENCE","fcode":20201,"fictionality":"REAL","globalid":"{D3D48334-6E6C-46BD-A53F-BB52D54F4DDE}","lengthkm":0.19204372,"loaddate":1758113402000,"name":null,"objectid":926894,"permanent_identifier":"4e74c7e9-b345-4de9-9e7f-17d4d7bfd79b","railclassification":null,"railowner":"Kanawha River Railroad","railownercode":"KNWA","railsubdivision":null,"railusage":"O","real_world_relation":"REFERENCE_ONLY","shape_Length":234.24841718551872,"source_datadesc":"FRA Rail Lines 07/2025","source_datasetid":"{14EEFC21-039C-4AB1-8866-0FA5FC6A7AEB}","source_featureid":"412859","source_id":"REF-KANAWHA-RAIL","source_originator":"Federal Railroad Administration"},"type":"Feature"},{"geometry":{"coordinates":[[-81.55663,38.306509],[-81.556711,38.306347],[-81.55683,38.306157],[-81.557016,38.306023],[-81.557201,38.305914],[-81.557406,38.305847],[-81.557658,38.305814],[-81.558229,38.305766]],"type":"LineString"},"id":"REF-KANAWHA-RAIL-5","properties":{"canon_status":"REAL_REFERENCE","fcode":20201,"fictionality":"REAL","globalid":"{598F973B-1F1F-4766-8A8F-9222ACF0012C}","lengthkm":0.17378716000000002,"loaddate":1758113402000,"name":null,"objectid":927292,"permanent_identifier":"27c96716-6353-4b64-823b-d2b04a57b431","railclassification":null,"railowner":"Kanawha River Railroad","railownercode":"KNWA","railsubdivision":null,"railusage":"O","real_world_relation":"REFERENCE_ONLY","shape_Length":225.64612547881313,"source_datadesc":"FRA Rail Lines 07/2025","source_datasetid":"{14EEFC21-039C-4AB1-8866-0FA5FC6A7AEB}","source_featureid":"419670","source_id":"REF-KANAWHA-RAIL","source_originator":"Federal Railroad Administration"},"type":"Feature"},{"geometry":{"coordinates":[[-81.558125,38.309631],[-81.558605,38.309317]],"type":"LineString"},"id":"REF-KANAWHA-RAIL-6","properties":{"canon_status":"REAL_REFERENCE","fcode":20201,"fictionality":"REAL","globalid":"{6B85E441-4378-4B39-8AA1-AFAA87D75D9A}","lengthkm":0.05420773,"loaddate":1758113402000,"name":null,"objectid":932688,"permanent_identifier":"df16b630-4f9b-47f0-b9fa-c469fe0defa3","railclassification":null,"railowner":"Kanawha River Railroad","railownercode":"KNWA","railsubdivision":null,"railusage":"O","real_world_relation":"REFERENCE_ONLY","shape_Length":69.63028726415747,"source_datadesc":"FRA Rail Lines 07/2025","source_datasetid":"{14EEFC21-039C-4AB1-8866-0FA5FC6A7AEB}","source_featureid":"526140","source_id":"REF-KANAWHA-RAIL","source_originator":"Federal Railroad Administration"},"type":"Feature"},{"geometry":{"coordinates":[[-81.559335,38.293427],[-81.559502,38.29315],[-81.559597,38.292947],[-81.560935,38.289485],[-81.562654,38.285006],[-81.562767,38.284685],[-81.562845,38.284453],[-81.562928,38.284114],[-81.563005,38.283834],[-81.563862,38.280152],[-81.564046,38.279266],[-81.5641,38.278968],[-81.564147,38.278575],[-81.564391,38.275226],[-81.564492,38.273406],[-81.564459,38.273041]],"type":"LineString"},"id":"REF-KANAWHA-RAIL-7","properties":{"canon_status":"REAL_REFERENCE","fcode":20201,"fictionality":"REAL","globalid":"{6BE25F81-A102-474C-9F0E-65041E379AB9}","lengthkm":2.44801692,"loaddate":1758113402000,"name":null,"objectid":932690,"permanent_identifier":"1ea3a372-bbf9-444d-ac99-9c3027e00a93","railclassification":null,"railowner":"Kanawha River Railroad","railownercode":"KNWA","railsubdivision":null,"railusage":"O","real_world_relation":"REFERENCE_ONLY","shape_Length":2964.1240955864164,"source_datadesc":"FRA Rail Lines 07/2025","source_datasetid":"{14EEFC21-039C-4AB1-8866-0FA5FC6A7AEB}","source_featureid":"526174","source_id":"REF-KANAWHA-RAIL","source_originator":"Federal Railroad Administration"},"type":"Feature"},{"geometry":{"coordinates":[[-81.477455,38.195421],[-81.477456,38.195422],[-81.477785,38.19602],[-81.477885,38.196201],[-81.477992,38.196516],[-81.478008,38.196827],[-81.477935,38.197005],[-81.477925,38.197028],[-81.477913,38.197058],[-81.477737,38.197273],[-81.477359,38.197555],[-81.476646,38.198016]],"type":"LineString"},"id":"REF-KANAWHA-RAIL-8","properties":{"canon_status":"REAL_REFERENCE","fcode":20200,"fictionality":"REAL","globalid":"{90778BA2-F2F0-4FBE-84D0-98F52564BE6D}","lengthkm":0.35635183,"loaddate":1758113402000,"name":null,"objectid":934248,"permanent_identifier":"4114b785-84c6-4880-90d4-ca6dfccb3610","railclassification":null,"railowner":null,"railownercode":"CSXT","railsubdivision":"KANAWHA","railusage":"M","real_world_relation":"REFERENCE_ONLY","shape_Length":442.13756537694246,"source_datadesc":"FRA Rail Lines 07/2025","source_datasetid":"{14EEFC21-039C-4AB1-8866-0FA5FC6A7AEB}","source_featureid":"404083","source_id":"REF-KANAWHA-RAIL","source_originator":"Federal Railroad Administration"},"type":"Feature"},{"geometry":{"coordinates":[[-81.630691,38.36024],[-81.630856,38.360393],[-81.630908,38.360441],[-81.631094,38.360589],[-81.631162,38.360642],[-81.631423,38.360788],[-81.631436,38.360795],[-81.631444,38.360799],[-81.631581,38.360875],[-81.631688,38.360934],[-81.631784,38.360971],[-81.631826,38.360986],[-81.632093,38.361085],[-81.632303,38.361134],[-81.632526,38.361185],[-81.633855,38.361387],[-81.634988,38.361559],[-81.635546,38.361643],[-81.635844,38.361689],[-81.63596,38.361706],[-81.636002,38.361712],[-81.636421,38.361808],[-81.636877,38.361913],[-81.636911,38.36192],[-81.637266,38.362032],[-81.637538,38.362117],[-81.638163,38.362344],[-81.638264,38.36238],[-81.638723,38.362546],[-81.638835,38.362586],[-81.63914,38.362696],[-81.639271,38.362726],[-81.639296,38.362732],[-81.6402,38.362936],[-81.640738,38.363058],[-81.641214,38.363166],[-81.641457,38.36322],[-81.642135,38.363394],[-81.64224,38.363421],[-81.642278,38.36343],[-81.642578,38.363516],[-81.64296,38.363624],[-81.643001,38.363636],[-81.644519,38.364067],[-81.64512,38.364237],[-81.645691,38.364399],[-81.648716,38.365258],[-81.651043,38.365918],[-81.651408,38.366021],[-81.651855,38.366148],[-81.652034,38.366199],[-81.652259,38.366263],[-81.655199,38.367097]],"type":"LineString"},"id":"REF-KANAWHA-RAIL-9","properties":{"canon_status":"REAL_REFERENCE","fcode":20200,"fictionality":"REAL","globalid":"{45F8C85B-EA6B-4628-83CA-7C9C26D0B970}","lengthkm":2.19086073,"loaddate":1758113402000,"name":null,"objectid":940230,"permanent_identifier":"5bd43ea3-f4f7-4ef6-ba7f-13cd7b184178","railclassification":null,"railowner":"Kanawha River Railroad","railownercode":"KNWA","railsubdivision":"WEST VIRGINIA SECONDARY","railusage":"M","real_world_relation":"REFERENCE_ONLY","shape_Length":2914.8411411358397,"source_datadesc":"FRA Rail Lines 07/2025","source_datasetid":"{14EEFC21-039C-4AB1-8866-0FA5FC6A7AEB}","source_featureid":"393959","source_id":"REF-KANAWHA-RAIL","source_originator":"Federal Railroad Administration"},"type":"Feature"},{"geometry":{"coordinates":[[-81.511211,38.209183],[-81.506643,38.20532],[-81.50472,38.20396],[-81.503487,38.203071]],"type":"LineString"},"id":"REF-KANAWHA-RAIL-10","properties":{"canon_status":"REAL_REFERENCE","fcode":20201,"fictionality":"REAL","globalid":"{51C8D432-F694-42BB-A387-51581AE8AA7C}","lengthkm":0.96241208,"loaddate":1758113402000,"name":"DICKINSON YARD","objectid":940705,"permanent_identifier":"52d2a27c-5958-4ae1-85c7-5d15033e30d7","railclassification":null,"railowner":"Kanawha River Railroad","railownercode":"KNWA","railsubdivision":null,"railusage":"O","real_world_relation":"REFERENCE_ONLY","shape_Length":1221.3896347203702,"source_datadesc":"FRA Rail Lines 07/2025","source_datasetid":"{14EEFC21-039C-4AB1-8866-0FA5FC6A7AEB}","source_featureid":"404200","source_id":"REF-KANAWHA-RAIL","source_originator":"Federal Railroad Administration"},"type":"Feature"},{"geometry":{"coordinates":[[-81.556515,38.309054],[-81.556517,38.309108],[-81.55652,38.30921],[-81.556543,38.309507],[-81.556551,38.309596],[-81.556578,38.309775],[-81.556609,38.30997],[-81.556682,38.310212],[-81.556683,38.310214],[-81.556687,38.310229],[-81.556783,38.310541],[-81.55681,38.310598],[-81.556829,38.310635]],"type":"LineString"},"id":"REF-KANAWHA-RAIL-11","properties":{"canon_status":"REAL_REFERENCE","fcode":20200,"fictionality":"REAL","globalid":"{F617C936-EC53-4A9F-BA2A-68EDC478B4A0}","lengthkm":0.18859479,"loaddate":1758113402000,"name":null,"objectid":941216,"permanent_identifier":"60179977-fc67-4f13-82c6-4e2aa7201fb0","railclassification":null,"railowner":"Kanawha River Railroad","railownercode":"KNWA","railsubdivision":"WEST VIRGINIA SECONDARY","railusage":"M","real_world_relation":"REFERENCE_ONLY","shape_Length":228.05516770017417,"source_datadesc":"FRA Rail Lines 07/2025","source_datasetid":"{14EEFC21-039C-4AB1-8866-0FA5FC6A7AEB}","source_featureid":"412860","source_id":"REF-KANAWHA-RAIL","source_originator":"Federal Railroad Administration"},"type":"Feature"},{"geometry":{"coordinates":[[-81.679814,38.36959],[-81.67988,38.369745],[-81.679933,38.369834],[-81.680022,38.369941],[-81.680183,38.370072],[-81.680379,38.370161],[-81.680558,38.370227],[-81.681462,38.370459],[-81.682824,38.370762]],"type":"LineString"},"id":"REF-KANAWHA-RAIL-12","properties":{"canon_status":"REAL_REFERENCE","fcode":20201,"fictionality":"REAL","globalid":"{C58B3786-9FCA-4A70-BB7B-135A909A458E}","lengthkm":0.29833027,"loaddate":1758113402000,"name":null,"objectid":941654,"permanent_identifier":"e8cfe053-32cf-4d89-823b-0314c6c134df","railclassification":null,"railowner":null,"railownercode":"CSXT","railsubdivision":null,"railusage":"O","real_world_relation":"REFERENCE_ONLY","shape_Length":391.8273290015986,"source_datadesc":"FRA Rail Lines 07/2025","source_datasetid":"{14EEFC21-039C-4AB1-8866-0FA5FC6A7AEB}","source_featureid":"419612","source_id":"REF-KANAWHA-RAIL","source_originator":"Federal Railroad Administration"},"type":"Feature"},{"geometry":{"coordinates":[[-81.5564,38.304503],[-81.556398,38.30501],[-81.556406,38.305315]],"type":"LineString"},"id":"REF-KANAWHA-RAIL-13","properties":{"canon_status":"REAL_REFERENCE","fcode":20200,"fictionality":"REAL","globalid":"{CE28B8CC-397A-463E-BED7-C3D3DF04739E}","lengthkm":0.09563871,"loaddate":1758113402000,"name":null,"objectid":941659,"permanent_identifier":"96d7e99f-ae12-4341-825d-bf88f98ccc17","railclassification":null,"railowner":"Kanawha River Railroad","railownercode":"KNWA","railsubdivision":"WEST VIRGINIA SECONDARY","railusage":"M","real_world_relation":"REFERENCE_ONLY","shape_Length":115.26610351883926,"source_datadesc":"FRA Rail Lines 07/2025","source_datasetid":"{14EEFC21-039C-4AB1-8866-0FA5FC6A7AEB}","source_featureid":"419664","source_id":"REF-KANAWHA-RAIL","source_originator":"Federal Railroad Administration"},"type":"Feature"},{"geometry":{"coordinates":[[-81.557649,38.309892],[-81.558125,38.309631]],"type":"LineString"},"id":"REF-KANAWHA-RAIL-14","properties":{"canon_status":"REAL_REFERENCE","fcode":20201,"fictionality":"REAL","globalid":"{7511459E-0C03-4916-9A6E-0996D9D7905D}","lengthkm":0.049898670000000006,"loaddate":1758113402000,"name":null,"objectid":947149,"permanent_identifier":"2039dc92-5d15-4242-a177-23a17146c532","railclassification":null,"railowner":"Kanawha River Railroad","railownercode":"KNWA","railsubdivision":null,"railusage":"O","real_world_relation":"REFERENCE_ONLY","shape_Length":64.69381521785549,"source_datadesc":"FRA Rail Lines 07/2025","source_datasetid":"{14EEFC21-039C-4AB1-8866-0FA5FC6A7AEB}","source_featureid":"526139","source_id":"REF-KANAWHA-RAIL","source_originator":"Federal Railroad Administration"},"type":"Feature"},{"geometry":{"coordinates":[[-81.667576,38.362068],[-81.667841,38.362205],[-81.668269,38.362332],[-81.669164,38.362581],[-81.66931,38.362622],[-81.6722,38.36342],[-81.677588,38.364909]],"type":"LineString"},"id":"REF-KANAWHA-RAIL-15","properties":{"canon_status":"REAL_REFERENCE","fcode":20201,"fictionality":"REAL","globalid":"{0F9658C4-B500-4FAE-8930-B2AB0A7DF32A}","lengthkm":0.89118664,"loaddate":1758113402000,"name":null,"objectid":947193,"permanent_identifier":"3d30e977-8b77-49fb-a951-af9737b08efc","railclassification":null,"railowner":null,"railownercode":"CSXT","railsubdivision":null,"railusage":"O","real_world_relation":"REFERENCE_ONLY","shape_Length":1186.2514019710632,"source_datadesc":"FRA Rail Lines 07/2025","source_datasetid":"{14EEFC21-039C-4AB1-8866-0FA5FC6A7AEB}","source_featureid":"526965","source_id":"REF-KANAWHA-RAIL","source_originator":"Federal Railroad Administration"},"type":"Feature"},{"geometry":{"coordinates":[[-81.611145,38.329979],[-81.613796,38.330748],[-81.615721,38.331307],[-81.617107,38.331708],[-81.61731,38.331777],[-81.618078,38.332034],[-81.618862,38.332296],[-81.619325,38.332471],[-81.619598,38.332574],[-81.620261,38.332823],[-81.620303,38.332838],[-81.621417,38.33331],[-81.621554,38.333368],[-81.621946,38.333533],[-81.622152,38.333631],[-81.623172,38.334113],[-81.623371,38.334206],[-81.623967,38.334521],[-81.624485,38.334794],[-81.625705,38.335525],[-81.625983,38.335704],[-81.626508,38.336042],[-81.627734,38.336828],[-81.628061,38.337039],[-81.628834,38.337534],[-81.62956,38.338068],[-81.629573,38.338078],[-81.629699,38.33817],[-81.630129,38.338485],[-81.630479,38.338781],[-81.630823,38.339069],[-81.630831,38.339077],[-81.631347,38.33955],[-81.631517,38.339705],[-81.632317,38.340483],[-81.634184,38.342295],[-81.636493,38.344536],[-81.636694,38.344732],[-81.636796,38.344831],[-81.636906,38.344938],[-81.637001,38.345029],[-81.637228,38.345233],[-81.637556,38.345525],[-81.637574,38.34554],[-81.638396,38.346179],[-81.638426,38.3462]],"type":"LineString"},"id":"REF-KANAWHA-RAIL-16","properties":{"canon_status":"REAL_REFERENCE","fcode":20200,"fictionality":"REAL","globalid":"{94B276A7-9706-4D64-9BC1-A983FA3D05B6}","lengthkm":3.01691827,"loaddate":1758113402000,"name":null,"objectid":948556,"permanent_identifier":"f36bbe2a-2106-4cc2-9816-932b416856c1","railclassification":null,"railowner":null,"railownercode":"CSXT","railsubdivision":"KANAWHA","railusage":"M","real_world_relation":"REFERENCE_ONLY","shape_Length":3892.281917455811,"source_datadesc":"FRA Rail Lines 07/2025","source_datasetid":"{14EEFC21-039C-4AB1-8866-0FA5FC6A7AEB}","source_featureid":"393964","source_id":"REF-KANAWHA-RAIL","source_originator":"Federal Railroad Administration"},"type":"Feature"},{"geometry":{"coordinates":[[-81.499841,38.195506],[-81.501238,38.195564],[-81.502009,38.195649],[-81.502171,38.195666],[-81.503072,38.195827],[-81.503082,38.19583],[-81.503966,38.196061],[-81.504008,38.196072],[-81.504011,38.196072],[-81.504012,38.196073],[-81.504841,38.196363],[-81.504921,38.196399],[-81.505603,38.196695],[-81.506108,38.196959],[-81.50647,38.197148],[-81.508055,38.198059],[-81.51012,38.199246],[-81.510333,38.199368],[-81.511114,38.199853],[-81.511806,38.20032],[-81.511848,38.200347],[-81.512815,38.201077],[-81.513037,38.201244],[-81.513079,38.201281],[-81.513693,38.201808],[-81.513838,38.201932],[-81.514437,38.202509],[-81.514529,38.202598],[-81.514594,38.202659],[-81.514645,38.202714],[-81.515017,38.203114],[-81.518353,38.206691],[-81.518645,38.206986],[-81.518784,38.207124],[-81.519221,38.207511],[-81.519753,38.207928]],"type":"LineString"},"id":"REF-KANAWHA-RAIL-17","properties":{"canon_status":"REAL_REFERENCE","fcode":20200,"fictionality":"REAL","globalid":"{9758B218-249B-4B4D-AF0E-AF937F47ACA3}","lengthkm":2.28378807,"loaddate":1758113402000,"name":null,"objectid":948706,"permanent_identifier":"12ba8ea5-9d19-4c7d-a9f4-d6e554e80802","railclassification":null,"railowner":null,"railownercode":"CSXT","railsubdivision":"KANAWHA","railusage":"M","real_world_relation":"REFERENCE_ONLY","shape_Length":2930.182011031266,"source_datadesc":"FRA Rail Lines 07/2025","source_datasetid":"{14EEFC21-039C-4AB1-8866-0FA5FC6A7AEB}","source_featureid":"404187","source_id":"REF-KANAWHA-RAIL","source_originator":"Federal Railroad Administration"},"type":"Feature"},{"geometry":{"coordinates":[[-81.536084,38.230942],[-81.536927,38.231616],[-81.538419,38.232967],[-81.541329,38.235529],[-81.541717,38.235904],[-81.542664,38.236938],[-81.543236,38.237469],[-81.544007,38.237983],[-81.544787,38.238469],[-81.545281,38.238778],[-81.545748,38.239069]],"type":"LineString"},"id":"REF-KANAWHA-RAIL-18","properties":{"canon_status":"REAL_REFERENCE","fcode":20201,"fictionality":"REAL","globalid":"{41FFBB22-D12E-41D2-BE36-F9CB61AE8EDF}","lengthkm":1.24992884,"loaddate":1758113402000,"name":null,"objectid":955271,"permanent_identifier":"c68f4a03-10c5-4d90-8002-ae8c08f5b384","railclassification":null,"railowner":"Kanawha River Railroad","railownercode":"KNWA","railsubdivision":null,"railusage":"O","real_world_relation":"REFERENCE_ONLY","shape_Length":1581.5788180441295,"source_datadesc":"FRA Rail Lines 07/2025","source_datasetid":"{14EEFC21-039C-4AB1-8866-0FA5FC6A7AEB}","source_featureid":"404754","source_id":"REF-KANAWHA-RAIL","source_originator":"Federal Railroad Administration"},"type":"Feature"},{"geometry":{"coordinates":[[-81.621835,38.346401],[-81.621571,38.346401],[-81.621528,38.346401],[-81.620317,38.346465],[-81.619389,38.346426],[-81.619058,38.346368],[-81.618623,38.346129],[-81.618406,38.345991]],"type":"LineString"},"id":"REF-KANAWHA-RAIL-19","properties":{"canon_status":"REAL_REFERENCE","fcode":20201,"fictionality":"REAL","globalid":"{45F64616-961E-4ABA-86D4-89A1A8454D55}","lengthkm":0.29992973,"loaddate":1758113402000,"name":null,"objectid":955295,"permanent_identifier":"7f644485-0f9c-4b99-aa95-90eda0232329","railclassification":null,"railowner":"Kanawha River Railroad","railownercode":"KNWA","railsubdivision":null,"railusage":"O","real_world_relation":"REFERENCE_ONLY","shape_Length":400.7256385768581,"source_datadesc":"FRA Rail Lines 07/2025","source_datasetid":"{14EEFC21-039C-4AB1-8866-0FA5FC6A7AEB}","source_featureid":"405186","source_id":"REF-KANAWHA-RAIL","source_originator":"Federal Railroad Administration"},"type":"Feature"},{"geometry":{"coordinates":[[-81.679951,38.365557],[-81.680278,38.365664],[-81.680498,38.365712],[-81.680754,38.365753],[-81.683473,38.365955]],"type":"LineString"},"id":"REF-KANAWHA-RAIL-20","properties":{"canon_status":"REAL_REFERENCE","fcode":20201,"fictionality":"REAL","globalid":"{94803CED-0371-4DB1-B8EE-4CA26FC2544C}","lengthkm":0.29568847000000004,"loaddate":1758113402000,"name":null,"objectid":956150,"permanent_identifier":"dd0d3db3-c406-432e-8fb3-4101bb040157","railclassification":null,"railowner":null,"railownercode":"CSXT","railsubdivision":null,"railusage":"O","real_world_relation":"REFERENCE_ONLY","shape_Length":397.9497456249197,"source_datadesc":"FRA Rail Lines 07/2025","source_datasetid":"{14EEFC21-039C-4AB1-8866-0FA5FC6A7AEB}","source_featureid":"419618","source_id":"REF-KANAWHA-RAIL","source_originator":"Federal Railroad Administration"},"type":"Feature"},{"geometry":{"coordinates":[[-81.558125,38.309631],[-81.558315,38.309574],[-81.558534,38.309526],[-81.559024,38.309512]],"type":"LineString"},"id":"REF-KANAWHA-RAIL-21","properties":{"canon_status":"REAL_REFERENCE","fcode":20201,"fictionality":"REAL","globalid":"{4D69BCED-4AE6-4106-9FCB-2EF4705BD993}","lengthkm":0.07644848000000001,"loaddate":1758113402000,"name":null,"objectid":961438,"permanent_identifier":"664e7dbd-e4b8-460c-a62d-ca201adc8752","railclassification":null,"railowner":"Kanawha River Railroad","railownercode":"KNWA","railsubdivision":null,"railusage":"O","real_world_relation":"REFERENCE_ONLY","shape_Length":102.57637088101383,"source_datadesc":"FRA Rail Lines 07/2025","source_datasetid":"{14EEFC21-039C-4AB1-8866-0FA5FC6A7AEB}","source_featureid":"526141","source_id":"REF-KANAWHA-RAIL","source_originator":"Federal Railroad Administration"},"type":"Feature"},{"geometry":{"coordinates":[[-81.678225,38.373617],[-81.678784,38.373775],[-81.681649,38.37458],[-81.683466,38.375091],[-81.683769,38.375176],[-81.684176,38.37529],[-81.684553,38.375378],[-81.685449,38.375586],[-81.685915,38.375694],[-81.685994,38.375712],[-81.686244,38.375755],[-81.687065,38.375893],[-81.687179,38.375913],[-81.687306,38.375934],[-81.687357,38.375943],[-81.687416,38.375953]],"type":"LineString"},"id":"REF-KANAWHA-RAIL-22","properties":{"canon_status":"REAL_REFERENCE","fcode":20200,"fictionality":"REAL","globalid":"{69BCA7EE-CB2F-49A8-89B2-ABE9C54959C9}","lengthkm":0.8067826300000001,"loaddate":1758113402000,"name":null,"objectid":961439,"permanent_identifier":"63148e5e-13a3-4ab2-b547-9d6226a02104","railclassification":null,"railowner":"Kanawha River Railroad","railownercode":"KNWA","railsubdivision":"WEST VIRGINIA SECONDARY","railusage":"M","real_world_relation":"REFERENCE_ONLY","shape_Length":1076.7460320884716,"source_datadesc":"FRA Rail Lines 07/2025","source_datasetid":"{14EEFC21-039C-4AB1-8866-0FA5FC6A7AEB}","source_featureid":"526142","source_id":"REF-KANAWHA-RAIL","source_originator":"Federal Railroad Administration"},"type":"Feature"},{"geometry":{"coordinates":[[-81.519753,38.207928],[-81.519763,38.207936],[-81.520395,38.208432],[-81.520398,38.208433],[-81.521528,38.209318],[-81.521836,38.209559],[-81.522304,38.209898],[-81.522451,38.210004],[-81.522835,38.210245],[-81.523073,38.210394],[-81.523356,38.210572],[-81.523709,38.210792],[-81.524197,38.211066],[-81.524367,38.21116],[-81.52515,38.211598],[-81.525293,38.211678],[-81.525307,38.211686],[-81.52582,38.211972],[-81.525852,38.211991],[-81.525899,38.212016],[-81.525921,38.212032],[-81.525978,38.212072],[-81.526002,38.212089],[-81.526112,38.212165],[-81.526183,38.212215],[-81.526226,38.212244],[-81.52638,38.212351],[-81.526394,38.212363],[-81.526669,38.212588],[-81.526799,38.212694],[-81.526915,38.212816],[-81.527028,38.212934],[-81.527398,38.21332],[-81.527425,38.213357],[-81.527458,38.213402],[-81.527616,38.213613],[-81.52767,38.213685],[-81.528022,38.214156],[-81.528473,38.21476],[-81.528611,38.214925],[-81.528967,38.215346],[-81.52907,38.215462],[-81.52935,38.215774],[-81.530598,38.217168],[-81.531943,38.218668],[-81.532237,38.218964],[-81.532544,38.219272],[-81.533215,38.219878],[-81.5333,38.219947],[-81.533881,38.220408],[-81.533988,38.220492],[-81.534094,38.220576],[-81.534184,38.220647],[-81.534397,38.220807],[-81.534884,38.221171],[-81.536452,38.222343],[-81.540328,38.225239],[-81.540945,38.2257],[-81.541057,38.225784],[-81.541236,38.225917],[-81.542286,38.226702],[-81.543885,38.227897],[-81.545935,38.229429],[-81.548088,38.231038]],"type":"LineString"},"id":"REF-KANAWHA-RAIL-23","properties":{"canon_status":"REAL_REFERENCE","fcode":20200,"fictionality":"REAL","globalid":"{078A37D1-F96D-4D4F-81EE-894183DB336D}","lengthkm":3.60780321,"loaddate":1758113402000,"name":null,"objectid":962932,"permanent_identifier":"2d0d942a-aa5a-43b6-a83f-eabcb9d3f264","railclassification":null,"railowner":null,"railownercode":"CSXT","railsubdivision":"KANAWHA","railusage":"M","real_world_relation":"REFERENCE_ONLY","shape_Length":4572.325595645588,"source_datadesc":"FRA Rail Lines 07/2025","source_datasetid":"{14EEFC21-039C-4AB1-8866-0FA5FC6A7AEB}","source_featureid":"393981","source_id":"REF-KANAWHA-RAIL","source_originator":"Federal Railroad Administration"},"type":"Feature"},{"geometry":{"coordinates":[[-81.667576,38.362068],[-81.66763,38.362085],[-81.668452,38.36234],[-81.670071,38.36277],[-81.671562,38.363164],[-81.67282,38.36351],[-81.673968,38.363825],[-81.677529,38.364802],[-81.677887,38.3649],[-81.678626,38.365041],[-81.678779,38.36507],[-81.678869,38.365086],[-81.679741,38.365189],[-81.680119,38.365216],[-81.680862,38.365268],[-81.681184,38.365291],[-81.683034,38.365421],[-81.683381,38.365445],[-81.683399,38.365446],[-81.684979,38.365557],[-81.685271,38.365577],[-81.686092,38.365575],[-81.686107,38.365574],[-81.686876,38.36552],[-81.687083,38.365493],[-81.687769,38.3654],[-81.688255,38.365301],[-81.688664,38.365217],[-81.689161,38.365084],[-81.689208,38.365069],[-81.689582,38.364946],[-81.689668,38.364918],[-81.689824,38.364867],[-81.689862,38.364854],[-81.689963,38.364812],[-81.690168,38.364726],[-81.690202,38.364712],[-81.690278,38.36468],[-81.691223,38.364282],[-81.691645,38.364087],[-81.691743,38.364041],[-81.692698,38.363613]],"type":"LineString"},"id":"REF-KANAWHA-RAIL-24","properties":{"canon_status":"REAL_REFERENCE","fcode":20200,"fictionality":"REAL","globalid":"{8A0CBCCD-E3C9-4694-A30A-20861B27209C}","lengthkm":2.19540732,"loaddate":1758113402000,"name":null,"objectid":963065,"permanent_identifier":"434ee91e-a9c2-4d14-ae65-c06d6e2b3b7a","railclassification":null,"railowner":null,"railownercode":"CSXT","railsubdivision":"KANAWHA","railusage":"M","real_world_relation":"REFERENCE_ONLY","shape_Length":2932.549605356032,"source_datadesc":"FRA Rail Lines 07/2025","source_datasetid":"{14EEFC21-039C-4AB1-8866-0FA5FC6A7AEB}","source_featureid":"404204","source_id":"REF-KANAWHA-RAIL","source_originator":"Federal Railroad Administration"},"type":"Feature"},{"geometry":{"coordinates":[[-81.516325,38.213719],[-81.516356,38.213743],[-81.516523,38.213874],[-81.517085,38.21436],[-81.518,38.215149],[-81.518409,38.215507],[-81.519635,38.216577],[-81.520252,38.217116],[-81.520302,38.21716]],"type":"LineString"},"id":"REF-KANAWHA-RAIL-25","properties":{"canon_status":"REAL_REFERENCE","fcode":20200,"fictionality":"REAL","globalid":"{7449DCDA-193C-44E3-9617-3945F03EB08F}","lengthkm":0.52143385,"loaddate":1758113402000,"name":null,"objectid":969515,"permanent_identifier":"f707fc52-30b9-4107-9ff6-d9b6a5da6719","railclassification":null,"railowner":"Kanawha River Railroad","railownercode":"KNWA","railsubdivision":"WEST VIRGINIA SECONDARY","railusage":"M","real_world_relation":"REFERENCE_ONLY","shape_Length":658.5375763161752,"source_datadesc":"FRA Rail Lines 07/2025","source_datasetid":"{14EEFC21-039C-4AB1-8866-0FA5FC6A7AEB}","source_featureid":"404753","source_id":"REF-KANAWHA-RAIL","source_originator":"Federal Railroad Administration"},"type":"Feature"},{"geometry":{"coordinates":[[-81.556829,38.310635],[-81.55693,38.310841],[-81.557046,38.311079],[-81.557079,38.311144],[-81.557093,38.311172],[-81.557242,38.311426],[-81.557253,38.311445],[-81.557486,38.311841],[-81.557487,38.311842],[-81.557492,38.31185],[-81.557704,38.312211],[-81.557936,38.312606],[-81.55845,38.313478],[-81.558521,38.313598],[-81.558637,38.313796],[-81.559225,38.314794],[-81.55932,38.314955],[-81.559674,38.315557],[-81.55974,38.315669],[-81.559749,38.315683],[-81.559758,38.315697],[-81.559829,38.3158],[-81.559928,38.315943],[-81.559945,38.315967],[-81.560194,38.316326],[-81.560214,38.31635],[-81.56058,38.316788],[-81.560605,38.316817],[-81.560618,38.316831],[-81.560811,38.31702],[-81.561028,38.317232],[-81.56128,38.317452],[-81.561472,38.317618],[-81.561544,38.317672],[-81.56186,38.317905],[-81.561982,38.317994],[-81.562006,38.318009],[-81.562317,38.318201],[-81.562862,38.318537],[-81.562899,38.318556],[-81.564466,38.31933],[-81.564616,38.319418],[-81.56476,38.319501],[-81.565048,38.319668],[-81.565151,38.319738],[-81.566093,38.320377],[-81.567183,38.321117],[-81.567459,38.321303],[-81.569171,38.322521],[-81.569423,38.3227],[-81.569478,38.322746],[-81.569725,38.322949],[-81.570051,38.323216],[-81.570112,38.323265],[-81.570163,38.323318],[-81.570209,38.323365],[-81.570252,38.323408],[-81.570325,38.323484],[-81.570411,38.323572],[-81.570685,38.323851],[-81.57073,38.323897],[-81.570861,38.324031],[-81.571157,38.324333],[-81.57127,38.324448],[-81.571281,38.324459],[-81.571739,38.324822],[-81.57196,38.324997],[-81.572162,38.325121]],"type":"LineString"},"id":"REF-KANAWHA-RAIL-26","properties":{"canon_status":"REAL_REFERENCE","fcode":20200,"fictionality":"REAL","globalid":"{99FBEFFF-320A-4979-BB3A-E774DE403D54}","lengthkm":2.16483668,"loaddate":1758113402000,"name":null,"objectid":969516,"permanent_identifier":"5380bc81-a8a8-45c9-8769-7502848fe230","railclassification":null,"railowner":"Kanawha River Railroad","railownercode":"KNWA","railsubdivision":"WEST VIRGINIA SECONDARY","railusage":"M","real_world_relation":"REFERENCE_ONLY","shape_Length":2727.6036611700647,"source_datadesc":"FRA Rail Lines 07/2025","source_datasetid":"{14EEFC21-039C-4AB1-8866-0FA5FC6A7AEB}","source_featureid":"404756","source_id":"REF-KANAWHA-RAIL","source_originator":"Federal Railroad Administration"},"type":"Feature"},{"geometry":{"coordinates":[[-81.679951,38.365557],[-81.680284,38.365593],[-81.684609,38.365914],[-81.684906,38.36589]],"type":"LineString"},"id":"REF-KANAWHA-RAIL-27","properties":{"canon_status":"REAL_REFERENCE","fcode":20201,"fictionality":"REAL","globalid":"{AF664A2A-A8D1-4EFB-B9B1-4D37BCEA5ABD}","lengthkm":0.41084488,"loaddate":1758113402000,"name":null,"objectid":970361,"permanent_identifier":"f4e2f9b2-ff21-435f-8f0f-08bb1b2fb653","railclassification":null,"railowner":null,"railownercode":"CSXT","railsubdivision":null,"railusage":"O","real_world_relation":"REFERENCE_ONLY","shape_Length":554.2856154448334,"source_datadesc":"FRA Rail Lines 07/2025","source_datasetid":"{14EEFC21-039C-4AB1-8866-0FA5FC6A7AEB}","source_featureid":"419617","source_id":"REF-KANAWHA-RAIL","source_originator":"Federal Railroad Administration"},"type":"Feature"},{"geometry":{"coordinates":[[-81.556609,38.308523],[-81.556668,38.308874]],"type":"LineString"},"id":"REF-KANAWHA-RAIL-28","properties":{"canon_status":"REAL_REFERENCE","fcode":20201,"fictionality":"REAL","globalid":"{90859C6F-FCD9-4165-B085-435BC18F080B}","lengthkm":0.04159574,"loaddate":1758113402000,"name":null,"objectid":970363,"permanent_identifier":"3c904a8b-676d-4bd6-9179-11a6e93181e8","railclassification":null,"railowner":"Kanawha River Railroad","railownercode":"KNWA","railsubdivision":null,"railusage":"O","real_world_relation":"REFERENCE_ONLY","shape_Length":50.22023898668887,"source_datadesc":"FRA Rail Lines 07/2025","source_datasetid":"{14EEFC21-039C-4AB1-8866-0FA5FC6A7AEB}","source_featureid":"419665","source_id":"REF-KANAWHA-RAIL","source_originator":"Federal Railroad Administration"},"type":"Feature"},{"geometry":{"coordinates":[[-81.568268,38.245526],[-81.569339,38.247065],[-81.569657,38.247521],[-81.569971,38.247971],[-81.570336,38.248511],[-81.571702,38.250523],[-81.57201,38.251023],[-81.572105,38.251176],[-81.572133,38.25122],[-81.572157,38.251259],[-81.572322,38.251611],[-81.572471,38.251928],[-81.5725,38.251989],[-81.572598,38.252262],[-81.572669,38.252456],[-81.572752,38.252747],[-81.572816,38.252966],[-81.573126,38.25425],[-81.573293,38.254936],[-81.573307,38.254993],[-81.573553,38.255964],[-81.573792,38.256909],[-81.574125,38.258224],[-81.574189,38.258478],[-81.574299,38.25891],[-81.574413,38.259345],[-81.574856,38.261021],[-81.57495,38.261374],[-81.574965,38.26146],[-81.575002,38.261674]],"type":"LineString"},"id":"REF-KANAWHA-RAIL-29","properties":{"canon_status":"REAL_REFERENCE","fcode":20200,"fictionality":"REAL","globalid":"{09EBD523-8529-41A0-8CD8-8D63362D7620}","lengthkm":1.9963396300000003,"loaddate":1758113402000,"name":null,"objectid":977131,"permanent_identifier":"9df56d3d-0db6-4a87-a2de-a579376d79e0","railclassification":null,"railowner":null,"railownercode":"CSXT","railsubdivision":"KANAWHA","railusage":"M","real_world_relation":"REFERENCE_ONLY","shape_Length":2432.321766556048,"source_datadesc":"FRA Rail Lines 07/2025","source_datasetid":"{14EEFC21-039C-4AB1-8866-0FA5FC6A7AEB}","source_featureid":"393976","source_id":"REF-KANAWHA-RAIL","source_originator":"Federal Railroad Administration"},"type":"Feature"},{"geometry":{"coordinates":[[-81.448196,38.159211],[-81.448256,38.159524],[-81.448366,38.159875],[-81.44867,38.160309],[-81.449077,38.160766],[-81.449302,38.160975],[-81.449388,38.161055],[-81.449576,38.16123],[-81.450714,38.162107],[-81.451308,38.162607],[-81.451318,38.162615],[-81.451325,38.162624],[-81.451534,38.162907],[-81.451624,38.163137],[-81.451646,38.16335],[-81.451632,38.163593],[-81.451582,38.163807],[-81.451468,38.164143],[-81.451275,38.164521],[-81.450954,38.164921],[-81.450148,38.165684],[-81.449326,38.166463],[-81.448786,38.166994],[-81.44847,38.167305],[-81.448156,38.167776],[-81.447849,38.168419],[-81.447663,38.168818],[-81.447328,38.169604],[-81.447035,38.170246],[-81.446969,38.170454],[-81.446909,38.17064],[-81.446878,38.170739],[-81.446857,38.171088],[-81.446914,38.17136],[-81.447106,38.171716],[-81.447371,38.172016],[-81.447685,38.172245],[-81.448099,38.172423],[-81.448841,38.17258],[-81.450724,38.172837],[-81.451144,38.172977],[-81.451584,38.173127],[-81.45252,38.173476],[-81.452874,38.173607],[-81.453624,38.173977],[-81.454442,38.174417],[-81.454444,38.174417],[-81.454446,38.174419],[-81.454924,38.174639],[-81.455204,38.174767],[-81.455614,38.174887],[-81.456024,38.174957],[-81.456465,38.174914],[-81.456915,38.1748],[-81.45727,38.174739],[-81.457664,38.174672],[-81.458335,38.174579],[-81.458721,38.174558],[-81.45917,38.174572],[-81.45954,38.174655],[-81.459677,38.174686],[-81.46017,38.174822],[-81.460855,38.175022],[-81.461333,38.175221],[-81.461876,38.175507],[-81.462414,38.175787],[-81.463028,38.176297],[-81.463234,38.176467],[-81.463884,38.177107],[-81.464844,38.178337],[-81.465372,38.179092],[-81.465474,38.179237],[-81.465839,38.179681],[-81.466594,38.180597],[-81.466758,38.180882],[-81.466865,38.181153],[-81.466894,38.181475],[-81.466938,38.18175],[-81.467008,38.182196],[-81.467096,38.182512],[-81.467315,38.183295],[-81.467331,38.183343],[-81.467522,38.183923],[-81.4676,38.18405],[-81.46762,38.184081],[-81.467693,38.184202],[-81.467922,38.184437],[-81.468286,38.184687],[-81.468736,38.184873],[-81.469217,38.184945],[-81.469707,38.184955],[-81.470324,38.184877],[-81.472034,38.184517],[-81.477706,38.183373],[-81.477951,38.183324],[-81.478194,38.183363],[-81.478387,38.183395],[-81.478837,38.183573],[-81.479165,38.183766],[-81.479174,38.183776],[-81.479436,38.184059],[-81.479672,38.184551],[-81.479807,38.185115],[-81.479872,38.185572],[-81.479857,38.185879],[-81.479757,38.18635],[-81.479607,38.186793],[-81.479308,38.187321],[-81.478654,38.188227],[-81.478294,38.188792],[-81.477951,38.189363],[-81.477787,38.189984],[-81.47728,38.191062],[-81.477195,38.191433],[-81.477223,38.191911],[-81.477287,38.192439],[-81.477302,38.192882],[-81.477167,38.193869],[-81.477123,38.194188],[-81.477109,38.194538],[-81.477173,38.194781],[-81.477178,38.194791],[-81.477316,38.19513],[-81.477455,38.195421]],"type":"LineString"},"id":"REF-KANAWHA-RAIL-30","properties":{"canon_status":"REAL_REFERENCE","fcode":20200,"fictionality":"REAL","globalid":"{DC24F84F-4516-4E6C-B90A-C018F75955E3}","lengthkm":6.638938939999999,"loaddate":1758113402000,"name":null,"objectid":983801,"permanent_identifier":"aee75cfe-85dc-4313-9fb3-df658f30c715","railclassification":null,"railowner":null,"railownercode":"CSXT","railsubdivision":"KANAWHA","railusage":"M","real_world_relation":"REFERENCE_ONLY","shape_Length":8382.031698535024,"source_datadesc":"FRA Rail Lines 07/2025","source_datasetid":"{14EEFC21-039C-4AB1-8866-0FA5FC6A7AEB}","source_featureid":"404197","source_id":"REF-KANAWHA-RAIL","source_originator":"Federal Railroad Administration"},"type":"Feature"},{"geometry":{"coordinates":[[-81.618406,38.345991],[-81.618453,38.346036],[-81.618527,38.346104],[-81.618542,38.346118],[-81.61934,38.346864],[-81.619413,38.346933],[-81.6195,38.347014],[-81.619526,38.347038],[-81.619529,38.347041],[-81.619926,38.347411],[-81.619976,38.347454],[-81.62012,38.347577],[-81.620307,38.347736],[-81.62067,38.348006],[-81.620831,38.348125],[-81.62303,38.349595],[-81.623667,38.350021],[-81.623691,38.350036],[-81.623695,38.35004],[-81.62392,38.350222],[-81.624536,38.350643],[-81.62526,38.351136],[-81.626254,38.351861],[-81.626652,38.352151],[-81.626791,38.352252],[-81.627384,38.352732]],"type":"LineString"},"id":"REF-KANAWHA-RAIL-31","properties":{"canon_status":"REAL_REFERENCE","fcode":20200,"fictionality":"REAL","globalid":"{987B6298-80D5-40D1-98CB-22445AC3FFC9}","lengthkm":1.0872541199999999,"loaddate":1758113402000,"name":null,"objectid":983827,"permanent_identifier":"38e3fcb5-535d-407b-891e-d11f56116a64","railclassification":null,"railowner":"Kanawha River Railroad","railownercode":"KNWA","railsubdivision":"WEST VIRGINIA SECONDARY","railusage":"M","real_world_relation":"REFERENCE_ONLY","shape_Length":1386.4526725477747,"source_datadesc":"FRA Rail Lines 07/2025","source_datasetid":"{14EEFC21-039C-4AB1-8866-0FA5FC6A7AEB}","source_featureid":"404757","source_id":"REF-KANAWHA-RAIL","source_originator":"Federal Railroad Administration"},"type":"Feature"},{"geometry":{"coordinates":[[-81.495048,38.199376],[-81.495295,38.1994],[-81.496055,38.199475],[-81.49611,38.199488],[-81.496163,38.1995],[-81.496972,38.199684],[-81.497285,38.199754],[-81.497334,38.19977],[-81.49735,38.199774],[-81.497537,38.199832],[-81.498236,38.200046],[-81.498287,38.200067],[-81.498303,38.200073],[-81.498321,38.20008],[-81.498763,38.200254],[-81.499056,38.200389],[-81.499342,38.20052],[-81.499761,38.20076],[-81.500263,38.201046],[-81.502071,38.202263],[-81.502204,38.202352],[-81.502276,38.2024],[-81.502699,38.20267],[-81.502945,38.202827],[-81.503491,38.203173],[-81.50359,38.203248],[-81.503962,38.203527],[-81.50426,38.20375],[-81.504803,38.204153],[-81.50612,38.205131],[-81.506818,38.205647],[-81.506943,38.205751]],"type":"LineString"},"id":"REF-KANAWHA-RAIL-32","properties":{"canon_status":"REAL_REFERENCE","fcode":20200,"fictionality":"REAL","globalid":"{DF0DC543-07FB-48D9-94DB-559D97BC5E90}","lengthkm":1.26389814,"loaddate":1758113402000,"name":null,"objectid":984290,"permanent_identifier":"6fa8f353-a9ea-43bb-9f52-3b0774debd8d","railclassification":null,"railowner":"Kanawha River Railroad","railownercode":"KNWA","railsubdivision":"WEST VIRGINIA SECONDARY","railusage":"M","real_world_relation":"REFERENCE_ONLY","shape_Length":1635.2776425760082,"source_datadesc":"FRA Rail Lines 07/2025","source_datasetid":"{14EEFC21-039C-4AB1-8866-0FA5FC6A7AEB}","source_featureid":"412862","source_id":"REF-KANAWHA-RAIL","source_originator":"Federal Railroad Administration"},"type":"Feature"},{"geometry":{"coordinates":[[-81.412852,38.20049],[-81.41344,38.200408],[-81.414386,38.20035],[-81.41487,38.200319],[-81.415556,38.200325],[-81.415927,38.200328],[-81.416716,38.200397],[-81.417227,38.20044],[-81.417577,38.200496],[-81.417886,38.200545],[-81.418422,38.20063],[-81.418991,38.200767],[-81.419152,38.200805],[-81.419346,38.200852],[-81.419525,38.200894],[-81.41981,38.200982],[-81.420556,38.201212],[-81.420633,38.201243],[-81.421616,38.201633],[-81.422009,38.201828],[-81.422155,38.201899],[-81.422483,38.202088],[-81.422635,38.202174],[-81.423424,38.202669],[-81.423525,38.202746],[-81.423543,38.202759],[-81.423589,38.202793],[-81.424238,38.203281],[-81.424556,38.203568],[-81.424706,38.203704],[-81.424832,38.203818],[-81.424974,38.203945],[-81.425066,38.204043],[-81.425451,38.204446],[-81.425559,38.204572],[-81.425853,38.204913],[-81.426024,38.205111],[-81.426356,38.205494],[-81.42673,38.205969],[-81.426824,38.206104],[-81.426992,38.206343],[-81.427123,38.20653],[-81.4273,38.206824],[-81.427569,38.207267],[-81.427605,38.207337],[-81.428135,38.208352],[-81.428294,38.208655],[-81.428408,38.208873],[-81.428792,38.209543],[-81.42881,38.209572],[-81.42886,38.209651],[-81.429079,38.209994],[-81.43058,38.212348],[-81.431178,38.213285],[-81.431338,38.213528],[-81.431426,38.213659],[-81.431471,38.213727],[-81.431493,38.213761],[-81.431735,38.214125],[-81.432093,38.214586],[-81.432098,38.214592],[-81.432459,38.214982],[-81.432864,38.215362],[-81.433012,38.215482],[-81.433394,38.215789],[-81.433865,38.216106],[-81.434005,38.216199],[-81.434653,38.216544],[-81.434737,38.216588],[-81.434809,38.216627],[-81.435025,38.216741],[-81.435341,38.21687],[-81.435611,38.216979],[-81.435746,38.217034],[-81.435846,38.217074],[-81.436373,38.217234],[-81.436744,38.217345],[-81.437095,38.217419],[-81.437728,38.217551],[-81.43815,38.217599],[-81.438702,38.217661],[-81.439223,38.217678],[-81.439545,38.217688],[-81.439826,38.217671],[-81.440646,38.217621],[-81.440789,38.217612],[-81.441366,38.217529],[-81.441554,38.21749],[-81.44195,38.217408],[-81.442418,38.217284]],"type":"LineString"},"id":"REF-KANAWHA-RAIL-33","properties":{"canon_status":"REAL_REFERENCE","fcode":20200,"fictionality":"REAL","globalid":"{D95D8EDB-7C93-415F-898D-B825200B2F42}","lengthkm":3.52381471,"loaddate":1758113402000,"name":null,"objectid":991479,"permanent_identifier":"b71ecac0-1682-487a-805d-a2ee4554872a","railclassification":null,"railowner":null,"railownercode":"CSXT","railsubdivision":"KANAWHA","railusage":"M","real_world_relation":"REFERENCE_ONLY","shape_Length":4519.471119756036,"source_datadesc":"FRA Rail Lines 07/2025","source_datasetid":"{14EEFC21-039C-4AB1-8866-0FA5FC6A7AEB}","source_featureid":"393982","source_id":"REF-KANAWHA-RAIL","source_originator":"Federal Railroad Administration"},"type":"Feature"},{"geometry":{"coordinates":[[-81.570784,38.310962],[-81.570964,38.31114],[-81.571525,38.311633],[-81.571652,38.311745],[-81.571721,38.311806],[-81.571857,38.311924],[-81.572641,38.31254],[-81.572643,38.312541],[-81.573473,38.313122],[-81.573656,38.313232],[-81.573702,38.31326],[-81.573947,38.313407],[-81.575,38.314036],[-81.579876,38.316852],[-81.58742,38.321208]],"type":"LineString"},"id":"REF-KANAWHA-RAIL-34","properties":{"canon_status":"REAL_REFERENCE","fcode":20200,"fictionality":"REAL","globalid":"{D29F04F3-34BC-4F6B-B565-0AFB0E293BAC}","lengthkm":1.83088761,"loaddate":1758113402000,"name":null,"objectid":991640,"permanent_identifier":"05791e4f-0834-430f-89ad-e96d12aa98da","railclassification":null,"railowner":null,"railownercode":"CSXT","railsubdivision":"KANAWHA","railusage":"M","real_world_relation":"REFERENCE_ONLY","shape_Length":2359.559236445314,"source_datadesc":"FRA Rail Lines 07/2025","source_datasetid":"{14EEFC21-039C-4AB1-8866-0FA5FC6A7AEB}","source_featureid":"404839","source_id":"REF-KANAWHA-RAIL","source_originator":"Federal Railroad Administration"},"type":"Feature"},{"geometry":{"coordinates":[[-81.511924,38.209821],[-81.512131,38.209926],[-81.512383,38.210053],[-81.512546,38.210136],[-81.51301,38.210169],[-81.513516,38.21012],[-81.513633,38.21009],[-81.513872,38.210028],[-81.514096,38.209929]],"type":"LineString"},"id":"REF-KANAWHA-RAIL-35","properties":{"canon_status":"REAL_REFERENCE","fcode":20201,"fictionality":"REAL","globalid":"{0E973D46-4954-444E-B51F-7466E76C6D51}","lengthkm":0.19729704,"loaddate":1758113402000,"name":null,"objectid":997535,"permanent_identifier":"9ba0bd13-738e-40de-8b83-f640cf7e9cad","railclassification":null,"railowner":"Kanawha River Railroad","railownercode":"KNWA","railsubdivision":null,"railusage":"O","real_world_relation":"REFERENCE_ONLY","shape_Length":261.3415239586547,"source_datadesc":"FRA Rail Lines 07/2025","source_datasetid":"{14EEFC21-039C-4AB1-8866-0FA5FC6A7AEB}","source_featureid":"390546","source_id":"REF-KANAWHA-RAIL","source_originator":"Federal Railroad Administration"},"type":"Feature"},{"geometry":{"coordinates":[[-81.558415,38.24687],[-81.557984,38.246008],[-81.557707,38.245501],[-81.557495,38.245112],[-81.557483,38.245104],[-81.551741,38.241422],[-81.549543,38.23984],[-81.54952,38.239823],[-81.549502,38.239817],[-81.549147,38.239699],[-81.547406,38.239599],[-81.546851,38.239558],[-81.546386,38.239417],[-81.546177,38.239303],[-81.545748,38.239069]],"type":"LineString"},"id":"REF-KANAWHA-RAIL-36","properties":{"canon_status":"REAL_REFERENCE","fcode":20201,"fictionality":"REAL","globalid":"{2ACD4EE1-B9C6-4207-BDE3-768A581206B3}","lengthkm":1.45979385,"loaddate":1758113402000,"name":null,"objectid":997665,"permanent_identifier":"c7c044d6-5a45-4b9f-9e3b-70962ee07e4c","railclassification":null,"railowner":"Kanawha River Railroad","railownercode":"KNWA","railsubdivision":null,"railusage":"O","real_world_relation":"REFERENCE_ONLY","shape_Length":1875.1914765536153,"source_datadesc":"FRA Rail Lines 07/2025","source_datasetid":"{14EEFC21-039C-4AB1-8866-0FA5FC6A7AEB}","source_featureid":"393969","source_id":"REF-KANAWHA-RAIL","source_originator":"Federal Railroad Administration"},"type":"Feature"},{"geometry":{"coordinates":[[-81.553868,38.156604],[-81.554731,38.156898],[-81.555347,38.156993],[-81.556067,38.157031],[-81.557015,38.156974],[-81.558362,38.156746],[-81.559016,38.156595],[-81.559575,38.156623],[-81.560314,38.156784],[-81.560969,38.157031],[-81.56276,38.157903],[-81.563443,38.158244],[-81.563869,38.158548],[-81.564163,38.158927],[-81.564362,38.159287],[-81.564588,38.159796],[-81.564602,38.160339],[-81.564603,38.160346],[-81.5646,38.160358],[-81.564395,38.161288],[-81.564139,38.162166],[-81.563896,38.16263],[-81.563596,38.163144],[-81.562918,38.16403],[-81.562668,38.164558],[-81.56254,38.165107],[-81.562554,38.165607],[-81.562654,38.166777],[-81.562714,38.167027],[-81.562954,38.167663],[-81.563058,38.167902],[-81.56326,38.168363],[-81.563517,38.169019],[-81.563776,38.169589],[-81.563876,38.170129],[-81.56386,38.17059],[-81.563833,38.170795],[-81.563782,38.171175],[-81.563602,38.17233],[-81.563582,38.17246],[-81.563464,38.173337],[-81.563144,38.175347],[-81.563134,38.175567],[-81.563134,38.175917],[-81.563134,38.175977],[-81.563134,38.176117],[-81.563194,38.176347],[-81.563227,38.17642],[-81.563365,38.17672],[-81.563594,38.177217],[-81.563924,38.177737],[-81.564184,38.178057],[-81.564528,38.178467],[-81.564554,38.178497],[-81.565473,38.179705],[-81.565481,38.179717],[-81.565745,38.180105],[-81.565916,38.180805],[-81.566084,38.181927],[-81.566564,38.185237],[-81.566653,38.185532],[-81.566894,38.186323],[-81.566913,38.186462],[-81.566942,38.186677],[-81.566958,38.186794],[-81.566944,38.187286],[-81.566808,38.187808],[-81.566573,38.188293],[-81.566214,38.188747],[-81.565909,38.188953],[-81.565545,38.1892],[-81.565093,38.189475],[-81.564924,38.189578],[-81.564795,38.189618],[-81.564174,38.189813],[-81.563148,38.189976],[-81.562551,38.190167],[-81.562424,38.190207],[-81.561053,38.190469],[-81.560954,38.190487],[-81.559327,38.190791]],"type":"LineString"},"id":"REF-KANAWHA-RAIL-37","properties":{"canon_status":"REAL_REFERENCE","fcode":20200,"fictionality":"REAL","globalid":"{C24F3F3B-F3FA-4569-8098-03C2A71E34E7}","lengthkm":5.22467434,"loaddate":1758113402000,"name":null,"objectid":998136,"permanent_identifier":"3d1f6b1b-bbd4-4bb2-8f66-787381416dcd","railclassification":null,"railowner":null,"railownercode":"WNFR","railsubdivision":null,"railusage":"X","real_world_relation":"REFERENCE_ONLY","shape_Length":6508.101835893689,"source_datadesc":"FRA Rail Lines 07/2025","source_datasetid":"{14EEFC21-039C-4AB1-8866-0FA5FC6A7AEB}","source_featureid":"404086","source_id":"REF-KANAWHA-RAIL","source_originator":"Federal Railroad Administration"},"type":"Feature"},{"geometry":{"coordinates":[[-81.547965,38.240755],[-81.548105,38.240856],[-81.548983,38.241489],[-81.549646,38.241891],[-81.549994,38.242101],[-81.550266,38.242265],[-81.550425,38.242366],[-81.55086,38.242639],[-81.552477,38.243652],[-81.554813,38.245117],[-81.558434,38.247388],[-81.558529,38.247447],[-81.558652,38.247528],[-81.558811,38.247633],[-81.559199,38.247887],[-81.559234,38.247909],[-81.559381,38.248024],[-81.559578,38.248176],[-81.55974,38.248301],[-81.560529,38.248994],[-81.562021,38.250305],[-81.562137,38.250406],[-81.562585,38.250857],[-81.562671,38.250943],[-81.562803,38.251132],[-81.562977,38.25138],[-81.563032,38.251457],[-81.563371,38.252015],[-81.563413,38.252082],[-81.563453,38.252152],[-81.563652,38.252492],[-81.564225,38.253469],[-81.564618,38.254139],[-81.56473,38.254331],[-81.564741,38.254349],[-81.564838,38.254514],[-81.564857,38.25456],[-81.56487,38.254589],[-81.56502,38.254938],[-81.56509,38.255101],[-81.565106,38.255136],[-81.565252,38.255678],[-81.565276,38.255765],[-81.565332,38.256046],[-81.56537,38.256236],[-81.565595,38.257358],[-81.565596,38.257365],[-81.565616,38.257462],[-81.565696,38.257861],[-81.565697,38.257871],[-81.56572,38.25805],[-81.56575,38.258282],[-81.565751,38.258373],[-81.565757,38.258634],[-81.56576,38.258784],[-81.565698,38.259411],[-81.565554,38.260862],[-81.565453,38.261876],[-81.565403,38.262381],[-81.564728,38.269204],[-81.564709,38.269394],[-81.564664,38.26985],[-81.564632,38.270347],[-81.564459,38.273041]],"type":"LineString"},"id":"REF-KANAWHA-RAIL-38","properties":{"canon_status":"REAL_REFERENCE","fcode":20200,"fictionality":"REAL","globalid":"{0B51B181-FA57-41E6-A04E-C765D6260DF3}","lengthkm":4.3597353100000005,"loaddate":1758113402000,"name":null,"objectid":998137,"permanent_identifier":"c5f5182e-6210-4ddc-b634-c189fcd3b2ff","railclassification":null,"railowner":"Kanawha River Railroad","railownercode":"KNWA","railsubdivision":"WEST VIRGINIA SECONDARY","railusage":"M","real_world_relation":"REFERENCE_ONLY","shape_Length":5393.232703053132,"source_datadesc":"FRA Rail Lines 07/2025","source_datasetid":"{14EEFC21-039C-4AB1-8866-0FA5FC6A7AEB}","source_featureid":"404087","source_id":"REF-KANAWHA-RAIL","source_originator":"Federal Railroad Administration"},"type":"Feature"},{"geometry":{"coordinates":[[-81.678225,38.373617],[-81.677964,38.373498],[-81.675376,38.372766],[-81.67512,38.372744]],"type":"LineString"},"id":"REF-KANAWHA-RAIL-39","properties":{"canon_status":"REAL_REFERENCE","fcode":20201,"fictionality":"REAL","globalid":"{2663ED31-D5D8-46E3-9405-832BA74F0140}","lengthkm":0.27697486000000004,"loaddate":1758113402000,"name":null,"objectid":998980,"permanent_identifier":"49a2c77b-060d-44c0-af01-aa9ad27e3edb","railclassification":null,"railowner":"Kanawha River Railroad","railownercode":"KNWA","railsubdivision":null,"railusage":"O","real_world_relation":"REFERENCE_ONLY","shape_Length":368.6108524317063,"source_datadesc":"FRA Rail Lines 07/2025","source_datasetid":"{14EEFC21-039C-4AB1-8866-0FA5FC6A7AEB}","source_featureid":"418423","source_id":"REF-KANAWHA-RAIL","source_originator":"Federal Railroad Administration"},"type":"Feature"},{"geometry":{"coordinates":[[-81.548088,38.231038],[-81.54811,38.231055],[-81.549752,38.232281],[-81.550166,38.232583],[-81.550596,38.232895],[-81.55094,38.233146],[-81.551101,38.233262],[-81.552096,38.233899],[-81.552337,38.234034],[-81.552438,38.23409],[-81.552627,38.234196],[-81.553064,38.234439],[-81.554093,38.234968],[-81.554677,38.235269],[-81.555621,38.235753],[-81.556343,38.236178],[-81.556364,38.236193],[-81.556981,38.236617],[-81.557168,38.236744],[-81.557642,38.237099],[-81.558461,38.23771],[-81.558969,38.238088],[-81.559195,38.238235],[-81.55962,38.238511],[-81.559916,38.238673],[-81.56009,38.238767],[-81.560641,38.239023],[-81.560896,38.239128],[-81.561989,38.239576],[-81.562836,38.239922],[-81.56358,38.24026],[-81.563605,38.240275],[-81.563655,38.240303],[-81.564149,38.240583],[-81.56424,38.240634],[-81.564865,38.241084],[-81.564882,38.241099],[-81.565201,38.241376],[-81.565272,38.241449],[-81.565549,38.241728],[-81.565803,38.242022],[-81.566025,38.242317],[-81.566126,38.24245],[-81.566562,38.243077],[-81.567547,38.244491],[-81.567633,38.244614],[-81.567689,38.244696],[-81.568268,38.245526]],"type":"LineString"},"id":"REF-KANAWHA-RAIL-40","properties":{"canon_status":"REAL_REFERENCE","fcode":20200,"fictionality":"REAL","globalid":"{0ABF1A6B-34CE-4B17-97E2-8CD0B5D80B38}","lengthkm":2.42535325,"loaddate":1758113402000,"name":null,"objectid":1005799,"permanent_identifier":"f6c300de-bce8-486e-93d8-cbc519a415b3","railclassification":null,"railowner":null,"railownercode":"CSXT","railsubdivision":"KANAWHA","railusage":"M","real_world_relation":"REFERENCE_ONLY","shape_Length":3096.3484589844925,"source_datadesc":"FRA Rail Lines 07/2025","source_datasetid":"{14EEFC21-039C-4AB1-8866-0FA5FC6A7AEB}","source_featureid":"390548","source_id":"REF-KANAWHA-RAIL","source_originator":"Federal Railroad Administration"},"type":"Feature"},{"geometry":{"coordinates":[[-81.547965,38.240755],[-81.547766,38.240559],[-81.547655,38.240445],[-81.546643,38.239732],[-81.546047,38.23929],[-81.545748,38.239069]],"type":"LineString"},"id":"REF-KANAWHA-RAIL-41","properties":{"canon_status":"REAL_REFERENCE","fcode":20201,"fictionality":"REAL","globalid":"{0763C6B5-23F9-4AA1-B93B-5AE76B4B0318}","lengthkm":0.27045625,"loaddate":1758113402000,"name":null,"objectid":1011989,"permanent_identifier":"43d5e0e7-3e94-4fe7-a5f3-ddcdd86a2f26","railclassification":null,"railowner":"Kanawha River Railroad","railownercode":"KNWA","railsubdivision":null,"railusage":"O","real_world_relation":"REFERENCE_ONLY","shape_Length":344.16029959697596,"source_datadesc":"FRA Rail Lines 07/2025","source_datasetid":"{14EEFC21-039C-4AB1-8866-0FA5FC6A7AEB}","source_featureid":"393970","source_id":"REF-KANAWHA-RAIL","source_originator":"Federal Railroad Administration"},"type":"Feature"},{"geometry":{"coordinates":[[-81.506943,38.205751],[-81.507586,38.20628],[-81.510365,38.208708],[-81.510513,38.208837],[-81.512367,38.210456],[-81.512372,38.210461],[-81.51252,38.210574],[-81.513053,38.21098],[-81.513534,38.211347],[-81.513665,38.211447],[-81.51376,38.211519],[-81.515886,38.213373],[-81.515933,38.213411],[-81.516291,38.213692],[-81.516325,38.213719]],"type":"LineString"},"id":"REF-KANAWHA-RAIL-42","properties":{"canon_status":"REAL_REFERENCE","fcode":20200,"fictionality":"REAL","globalid":"{64F317D0-F03E-4D8F-8802-5322986D7F05}","lengthkm":1.21695784,"loaddate":1758113402000,"name":null,"objectid":1012528,"permanent_identifier":"8e02df49-33d5-4224-9328-60d248b3a21d","railclassification":null,"railowner":"Kanawha River Railroad","railownercode":"KNWA","railsubdivision":"WEST VIRGINIA SECONDARY","railusage":"M","real_world_relation":"REFERENCE_ONLY","shape_Length":1538.4113238382447,"source_datadesc":"FRA Rail Lines 07/2025","source_datasetid":"{14EEFC21-039C-4AB1-8866-0FA5FC6A7AEB}","source_featureid":"404528","source_id":"REF-KANAWHA-RAIL","source_originator":"Federal Railroad Administration"},"type":"Feature"},{"geometry":{"coordinates":[[-81.511211,38.209183],[-81.51078,38.208677],[-81.510265,38.208071]],"type":"LineString"},"id":"REF-KANAWHA-RAIL-43","properties":{"canon_status":"REAL_REFERENCE","fcode":20201,"fictionality":"REAL","globalid":"{59CBB221-20B6-457C-94A1-0830D1CFE0A3}","lengthkm":0.15244376,"loaddate":1758113402000,"name":"DICKINSON YARD","objectid":1018975,"permanent_identifier":"f7da4515-a815-48f1-bcae-857d48f9d179","railclassification":null,"railowner":"Kanawha River Railroad","railownercode":"KNWA","railsubdivision":null,"railusage":"O","real_world_relation":"REFERENCE_ONLY","shape_Length":189.52284400573032,"source_datadesc":"FRA Rail Lines 07/2025","source_datasetid":"{14EEFC21-039C-4AB1-8866-0FA5FC6A7AEB}","source_featureid":"526171","source_id":"REF-KANAWHA-RAIL","source_originator":"Federal Railroad Administration"},"type":"Feature"},{"geometry":{"coordinates":[[-81.504133,38.203309],[-81.503873,38.203213],[-81.503487,38.203071]],"type":"LineString"},"id":"REF-KANAWHA-RAIL-44","properties":{"canon_status":"REAL_REFERENCE","fcode":20201,"fictionality":"REAL","globalid":"{86A1FE00-9CE7-43D1-8466-237E281121E0}","lengthkm":0.0602974,"loaddate":1758113402000,"name":"DICKINSON YARD","objectid":1018976,"permanent_identifier":"e1f89c94-4715-4569-a29a-78131d93efa1","railclassification":null,"railowner":"Kanawha River Railroad","railownercode":"KNWA","railsubdivision":null,"railusage":"O","real_world_relation":"REFERENCE_ONLY","shape_Length":79.44950562003817,"source_datadesc":"FRA Rail Lines 07/2025","source_datasetid":"{14EEFC21-039C-4AB1-8866-0FA5FC6A7AEB}","source_featureid":"526173","source_id":"REF-KANAWHA-RAIL","source_originator":"Federal Railroad Administration"},"type":"Feature"},{"geometry":{"coordinates":[[-81.655199,38.367097],[-81.660642,38.368642],[-81.663132,38.369348],[-81.66605,38.370176],[-81.67286,38.372109],[-81.672952,38.372134],[-81.672977,38.372142],[-81.673053,38.372163],[-81.673366,38.372251],[-81.674357,38.37253],[-81.67512,38.372744]],"type":"LineString"},"id":"REF-KANAWHA-RAIL-45","properties":{"canon_status":"REAL_REFERENCE","fcode":20200,"fictionality":"REAL","globalid":"{588379EA-D168-43E0-9F2C-39DF750657EB}","lengthkm":1.77106331,"loaddate":1758113402000,"name":null,"objectid":1026660,"permanent_identifier":"e3dfd993-3f44-4c7f-aeef-181cbfd612ff","railclassification":null,"railowner":"Kanawha River Railroad","railownercode":"KNWA","railsubdivision":"WEST VIRGINIA SECONDARY","railusage":"M","real_world_relation":"REFERENCE_ONLY","shape_Length":2358.0565708944823,"source_datadesc":"FRA Rail Lines 07/2025","source_datasetid":"{14EEFC21-039C-4AB1-8866-0FA5FC6A7AEB}","source_featureid":"393952","source_id":"REF-KANAWHA-RAIL","source_originator":"Federal Railroad Administration"},"type":"Feature"},{"geometry":{"coordinates":[[-81.627384,38.352732],[-81.627408,38.352752],[-81.628147,38.353348],[-81.628198,38.353395],[-81.628612,38.35377],[-81.628649,38.353808],[-81.628739,38.353899],[-81.628767,38.353927],[-81.628995,38.354157],[-81.629074,38.354252],[-81.629376,38.354613],[-81.629482,38.354784],[-81.629588,38.354955],[-81.6296,38.354973],[-81.629635,38.355049],[-81.629736,38.355269],[-81.629781,38.355367],[-81.629807,38.355422],[-81.62982,38.355466],[-81.629883,38.355671],[-81.629936,38.355846],[-81.629949,38.355887],[-81.629961,38.355969],[-81.630001,38.356218],[-81.630027,38.356385],[-81.630032,38.356413],[-81.630045,38.356581],[-81.630045,38.356585],[-81.63005,38.356647],[-81.63005,38.356651],[-81.630052,38.356684],[-81.630144,38.357878],[-81.6302,38.358599],[-81.630243,38.359153],[-81.630249,38.359215],[-81.630278,38.359479],[-81.630306,38.359728],[-81.630348,38.359806],[-81.630362,38.35983],[-81.630434,38.359962],[-81.630442,38.359975],[-81.630528,38.360068],[-81.630561,38.360103],[-81.630674,38.360224],[-81.630691,38.36024]],"type":"LineString"},"id":"REF-KANAWHA-RAIL-46","properties":{"canon_status":"REAL_REFERENCE","fcode":20200,"fictionality":"REAL","globalid":"{9C356558-C848-4F60-A911-5D04560C846C}","lengthkm":0.95574892,"loaddate":1758113402000,"name":null,"objectid":1027213,"permanent_identifier":"62f46278-e515-4618-add9-79141761aa52","railclassification":null,"railowner":"Kanawha River Railroad","railownercode":"KNWA","railsubdivision":"WEST VIRGINIA SECONDARY","railusage":"M","real_world_relation":"REFERENCE_ONLY","shape_Length":1172.2690061998107,"source_datadesc":"FRA Rail Lines 07/2025","source_datasetid":"{14EEFC21-039C-4AB1-8866-0FA5FC6A7AEB}","source_featureid":"404758","source_id":"REF-KANAWHA-RAIL","source_originator":"Federal Railroad Administration"},"type":"Feature"},{"geometry":{"coordinates":[[-81.556579,38.307061],[-81.556592,38.307318]],"type":"LineString"},"id":"REF-KANAWHA-RAIL-47","properties":{"canon_status":"REAL_REFERENCE","fcode":20201,"fictionality":"REAL","globalid":"{964CB2AB-A6B6-4D94-B0B1-459D57B38B4A}","lengthkm":0.030243990000000002,"loaddate":1758113402000,"name":null,"objectid":1028157,"permanent_identifier":"e15e0467-3e67-4ad0-8b19-5b5edaef6544","railclassification":null,"railowner":"Kanawha River Railroad","railownercode":"KNWA","railsubdivision":null,"railusage":"O","real_world_relation":"REFERENCE_ONLY","shape_Length":36.45744828332694,"source_datadesc":"FRA Rail Lines 07/2025","source_datasetid":"{14EEFC21-039C-4AB1-8866-0FA5FC6A7AEB}","source_featureid":"419671","source_id":"REF-KANAWHA-RAIL","source_originator":"Federal Railroad Administration"},"type":"Feature"},{"geometry":{"coordinates":[[-81.67985,38.368281],[-81.679743,38.368418],[-81.679677,38.368579],[-81.679648,38.368698],[-81.679648,38.368823],[-81.679785,38.369525],[-81.679814,38.36959]],"type":"LineString"},"id":"REF-KANAWHA-RAIL-48","properties":{"canon_status":"REAL_REFERENCE","fcode":20201,"fictionality":"REAL","globalid":"{98FD515B-8288-4458-AA78-63EC33FD4DAF}","lengthkm":0.15842748,"loaddate":1758113402000,"name":null,"objectid":1033577,"permanent_identifier":"896dae86-4565-47e2-9379-5c3a4688a976","railclassification":null,"railowner":null,"railownercode":"CSXT","railsubdivision":null,"railusage":"O","real_world_relation":"REFERENCE_ONLY","shape_Length":192.3656860631401,"source_datadesc":"FRA Rail Lines 07/2025","source_datasetid":"{14EEFC21-039C-4AB1-8866-0FA5FC6A7AEB}","source_featureid":"526130","source_id":"REF-KANAWHA-RAIL","source_originator":"Federal Railroad Administration"},"type":"Feature"},{"geometry":{"coordinates":[[-81.556592,38.307318],[-81.556673,38.308312],[-81.556678,38.308684],[-81.556668,38.308874]],"type":"LineString"},"id":"REF-KANAWHA-RAIL-49","properties":{"canon_status":"REAL_REFERENCE","fcode":20201,"fictionality":"REAL","globalid":"{D03D1C89-89AC-4B41-B7C3-18BE98B4AAFE}","lengthkm":0.18337533000000003,"loaddate":1758113402000,"name":null,"objectid":1033579,"permanent_identifier":"ae072908-efec-49a9-ae56-3afd292ca8e6","railclassification":null,"railowner":"Kanawha River Railroad","railownercode":"KNWA","railsubdivision":null,"railusage":"O","real_world_relation":"REFERENCE_ONLY","shape_Length":221.07536155798238,"source_datadesc":"FRA Rail Lines 07/2025","source_datasetid":"{14EEFC21-039C-4AB1-8866-0FA5FC6A7AEB}","source_featureid":"526137","source_id":"REF-KANAWHA-RAIL","source_originator":"Federal Railroad Administration"},"type":"Feature"},{"geometry":{"coordinates":[[-81.564459,38.273041],[-81.564317,38.27526],[-81.564153,38.277817],[-81.564153,38.277821],[-81.564083,38.278597],[-81.564034,38.278929],[-81.563992,38.279221],[-81.563925,38.279544],[-81.563822,38.280046],[-81.563303,38.282274],[-81.562993,38.283609],[-81.562919,38.283902],[-81.562831,38.284257],[-81.562772,38.284446],[-81.562706,38.284659],[-81.562699,38.284677],[-81.562199,38.285977],[-81.56158,38.287587],[-81.559335,38.293427]],"type":"LineString"},"id":"REF-KANAWHA-RAIL-50","properties":{"canon_status":"REAL_REFERENCE","fcode":20200,"fictionality":"REAL","globalid":"{471A0381-6897-4A6B-A115-CADBBAA92E70}","lengthkm":2.4461986799999997,"loaddate":1758113402000,"name":null,"objectid":1041117,"permanent_identifier":"1c3d32d8-90e1-4fa2-846a-ae5f8ab2980e","railclassification":null,"railowner":"Kanawha River Railroad","railownercode":"KNWA","railsubdivision":"WEST VIRGINIA SECONDARY","railusage":"M","real_world_relation":"REFERENCE_ONLY","shape_Length":2961.4149326717616,"source_datadesc":"FRA Rail Lines 07/2025","source_datasetid":"{14EEFC21-039C-4AB1-8866-0FA5FC6A7AEB}","source_featureid":"393975","source_id":"REF-KANAWHA-RAIL","source_originator":"Federal Railroad Administration"},"type":"Feature"},{"geometry":{"coordinates":[[-81.678381,38.365058],[-81.679436,38.365192],[-81.680351,38.365256],[-81.683493,38.365525],[-81.685249,38.365653],[-81.686233,38.365638],[-81.687111,38.365568],[-81.687911,38.365454],[-81.688796,38.365242],[-81.69,38.364888],[-81.691664,38.364144],[-81.694511,38.3628]],"type":"LineString"},"id":"REF-KANAWHA-RAIL-51","properties":{"canon_status":"REAL_REFERENCE","fcode":20201,"fictionality":"REAL","globalid":"{6B9942F4-3D63-44CE-8523-FA963B91BFE5}","lengthkm":1.42215199,"loaddate":1758113402000,"name":null,"objectid":1041638,"permanent_identifier":"ea14e56c-b48d-4441-bca8-bdd8bfbe92c2","railclassification":null,"railowner":null,"railownercode":"CSXT","railsubdivision":null,"railusage":"O","real_world_relation":"REFERENCE_ONLY","shape_Length":1897.062691103757,"source_datadesc":"FRA Rail Lines 07/2025","source_datasetid":"{14EEFC21-039C-4AB1-8866-0FA5FC6A7AEB}","source_featureid":"404843","source_id":"REF-KANAWHA-RAIL","source_originator":"Federal Railroad Administration"},"type":"Feature"},{"geometry":{"coordinates":[[-81.511924,38.209821],[-81.513972,38.211587]],"type":"LineString"},"id":"REF-KANAWHA-RAIL-52","properties":{"canon_status":"REAL_REFERENCE","fcode":20201,"fictionality":"REAL","globalid":"{77911DB4-02E7-4139-9BDB-7DC000322A4B}","lengthkm":0.26794830000000003,"loaddate":1758113402000,"name":"DICKINSON YARD","objectid":1041754,"permanent_identifier":"b43c5f55-b462-4a89-a739-141079ccf776","railclassification":null,"railowner":"Kanawha River Railroad","railownercode":"KNWA","railsubdivision":null,"railusage":"O","real_world_relation":"REFERENCE_ONLY","shape_Length":338.44197290797615,"source_datadesc":"FRA Rail Lines 07/2025","source_datasetid":"{14EEFC21-039C-4AB1-8866-0FA5FC6A7AEB}","source_featureid":"407467","source_id":"REF-KANAWHA-RAIL","source_originator":"Federal Railroad Administration"},"type":"Feature"},{"geometry":{"coordinates":[[-81.556579,38.307061],[-81.556654,38.306613],[-81.556721,38.306437],[-81.556778,38.306309],[-81.556868,38.306209],[-81.556992,38.306095],[-81.557158,38.305976],[-81.557315,38.305909],[-81.557511,38.305871],[-81.557682,38.305847],[-81.558153,38.305809]],"type":"LineString"},"id":"REF-KANAWHA-RAIL-53","properties":{"canon_status":"REAL_REFERENCE","fcode":20201,"fictionality":"REAL","globalid":"{9CCF9E50-9A6C-4E26-A1B9-E5F324FCCC87}","lengthkm":0.22612676,"loaddate":1758113402000,"name":null,"objectid":1042422,"permanent_identifier":"d04ed85a-ff13-4b5b-904e-7769d9cce3e7","railclassification":null,"railowner":"Kanawha River Railroad","railownercode":"KNWA","railsubdivision":null,"railusage":"O","real_world_relation":"REFERENCE_ONLY","shape_Length":287.4757541945704,"source_datadesc":"FRA Rail Lines 07/2025","source_datasetid":"{14EEFC21-039C-4AB1-8866-0FA5FC6A7AEB}","source_featureid":"419672","source_id":"REF-KANAWHA-RAIL","source_originator":"Federal Railroad Administration"},"type":"Feature"},{"geometry":{"coordinates":[[-81.556668,38.308874],[-81.556697,38.30915],[-81.556735,38.309331],[-81.556844,38.30955],[-81.556944,38.309673],[-81.557054,38.309764],[-81.557154,38.309821],[-81.557377,38.309921],[-81.557553,38.309911],[-81.557649,38.309892]],"type":"LineString"},"id":"REF-KANAWHA-RAIL-54","properties":{"canon_status":"REAL_REFERENCE","fcode":20201,"fictionality":"REAL","globalid":"{5E3AA211-1264-493A-940E-851825C2D61F}","lengthkm":0.16733014000000002,"loaddate":1758113402000,"name":null,"objectid":1047747,"permanent_identifier":"365ada84-6c1c-48b3-86a6-030695b49e23","railclassification":null,"railowner":"Kanawha River Railroad","railownercode":"KNWA","railsubdivision":null,"railusage":"O","real_world_relation":"REFERENCE_ONLY","shape_Length":210.1205758098724,"source_datadesc":"FRA Rail Lines 07/2025","source_datasetid":"{14EEFC21-039C-4AB1-8866-0FA5FC6A7AEB}","source_featureid":"526138","source_id":"REF-KANAWHA-RAIL","source_originator":"Federal Railroad Administration"},"type":"Feature"},{"geometry":{"coordinates":[[-81.67512,38.372744],[-81.675991,38.372989],[-81.677285,38.373353],[-81.677804,38.373499],[-81.678185,38.373606],[-81.678225,38.373617]],"type":"LineString"},"id":"REF-KANAWHA-RAIL-55","properties":{"canon_status":"REAL_REFERENCE","fcode":20200,"fictionality":"REAL","globalid":"{B05F252C-CC01-4EF6-90EF-C7765ED1C54B}","lengthkm":0.27576126,"loaddate":1758113402000,"name":null,"objectid":1047748,"permanent_identifier":"f7475ee3-dff0-4236-bf19-69e855a14e39","railclassification":null,"railowner":"Kanawha River Railroad","railownercode":"KNWA","railsubdivision":"WEST VIRGINIA SECONDARY","railusage":"M","real_world_relation":"REFERENCE_ONLY","shape_Length":367.25055728271883,"source_datadesc":"FRA Rail Lines 07/2025","source_datasetid":"{14EEFC21-039C-4AB1-8866-0FA5FC6A7AEB}","source_featureid":"526143","source_id":"REF-KANAWHA-RAIL","source_originator":"Federal Railroad Administration"},"type":"Feature"},{"geometry":{"coordinates":[[-81.477455,38.195421],[-81.477458,38.195425],[-81.477685,38.19572],[-81.477733,38.195783],[-81.4781,38.196018],[-81.478466,38.196174],[-81.47884,38.196261],[-81.479271,38.196289],[-81.479568,38.196271],[-81.479673,38.196265],[-81.480023,38.19617],[-81.480782,38.19589],[-81.481285,38.19574],[-81.481636,38.195656],[-81.482337,38.195528],[-81.483326,38.195426]],"type":"LineString"},"id":"REF-KANAWHA-RAIL-56","properties":{"canon_status":"REAL_REFERENCE","fcode":20200,"fictionality":"REAL","globalid":"{EAB35E5C-BEA8-4272-B084-0B45943F4EA2}","lengthkm":0.54653871,"loaddate":1758113402000,"name":null,"objectid":1049298,"permanent_identifier":"fcdcacc9-7a22-40c0-bc76-fd3a73661758","railclassification":null,"railowner":null,"railownercode":"CSXT","railsubdivision":"KANAWHA","railusage":"M","real_world_relation":"REFERENCE_ONLY","shape_Length":721.8281857980614,"source_datadesc":"FRA Rail Lines 07/2025","source_datasetid":"{14EEFC21-039C-4AB1-8866-0FA5FC6A7AEB}","source_featureid":"404090","source_id":"REF-KANAWHA-RAIL","source_originator":"Federal Railroad Administration"},"type":"Feature"},{"geometry":{"coordinates":[[-81.638426,38.3462],[-81.639125,38.346683],[-81.640245,38.347387],[-81.640275,38.347406],[-81.640322,38.347436],[-81.640562,38.347586],[-81.642209,38.348584],[-81.643565,38.349405],[-81.644474,38.349955],[-81.645094,38.35033],[-81.645309,38.350468],[-81.645821,38.350794],[-81.646666,38.351394],[-81.647254,38.351836],[-81.647352,38.35191],[-81.647509,38.352027],[-81.647694,38.352166],[-81.647882,38.352308],[-81.648593,38.352841],[-81.649902,38.353824],[-81.650111,38.353981],[-81.650327,38.354143],[-81.650674,38.354404],[-81.650863,38.354545],[-81.651207,38.354803],[-81.651482,38.354995],[-81.651833,38.355238],[-81.652171,38.355447],[-81.652485,38.35564],[-81.653135,38.355969],[-81.653637,38.356221],[-81.654154,38.356436],[-81.654941,38.356761],[-81.655726,38.357047],[-81.655905,38.357112],[-81.658811,38.358101],[-81.659575,38.358361],[-81.661018,38.358922],[-81.661095,38.358951],[-81.661368,38.35908],[-81.661588,38.359183],[-81.662187,38.359464],[-81.662383,38.359556],[-81.662462,38.359592],[-81.663252,38.360001],[-81.664004,38.360389],[-81.66538,38.3611],[-81.665996,38.361419],[-81.666128,38.361486],[-81.666503,38.361647],[-81.666939,38.361832],[-81.667201,38.361945],[-81.66726,38.361969],[-81.66749,38.362041],[-81.667576,38.362068]],"type":"LineString"},"id":"REF-KANAWHA-RAIL-57","properties":{"canon_status":"REAL_REFERENCE","fcode":20200,"fictionality":"REAL","globalid":"{A2827833-70F7-4039-A959-187B9DED538E}","lengthkm":3.0672156900000003,"loaddate":1758113402000,"name":null,"objectid":1049299,"permanent_identifier":"bdd5cd04-33e4-4b56-a8fa-1ee6190c2731","railclassification":null,"railowner":null,"railownercode":"CSXT","railsubdivision":"KANAWHA","railusage":"M","real_world_relation":"REFERENCE_ONLY","shape_Length":3979.0329037175184,"source_datadesc":"FRA Rail Lines 07/2025","source_datasetid":"{14EEFC21-039C-4AB1-8866-0FA5FC6A7AEB}","source_featureid":"404188","source_id":"REF-KANAWHA-RAIL","source_originator":"Federal Railroad Administration"},"type":"Feature"},{"geometry":{"coordinates":[[-81.572162,38.325121],[-81.572712,38.325455],[-81.575275,38.326875],[-81.576071,38.327316],[-81.576701,38.327665],[-81.576713,38.327671],[-81.576735,38.327686],[-81.576793,38.327725],[-81.577217,38.328005],[-81.577417,38.328137],[-81.577767,38.328368],[-81.579186,38.329433],[-81.579287,38.329496],[-81.579493,38.329623],[-81.579543,38.329653],[-81.579606,38.329686],[-81.579901,38.329834],[-81.579919,38.329843],[-81.581001,38.330309],[-81.582584,38.330989],[-81.583984,38.331591],[-81.585012,38.332032],[-81.585198,38.332103],[-81.585345,38.332159],[-81.585595,38.332253],[-81.585896,38.332367],[-81.585916,38.332374],[-81.58597,38.332391],[-81.586188,38.332459],[-81.586221,38.332469],[-81.586316,38.332499],[-81.587139,38.332754],[-81.587139,38.332755],[-81.587753,38.332908],[-81.58805,38.332982],[-81.588756,38.333124],[-81.588907,38.333153],[-81.592391,38.3337],[-81.593623,38.333894],[-81.59405,38.33396],[-81.594422,38.33406],[-81.594952,38.334202],[-81.596268,38.334676],[-81.596401,38.334723],[-81.596876,38.33486],[-81.597339,38.334992],[-81.59816,38.335163],[-81.601544,38.335864],[-81.603812,38.336333],[-81.603913,38.336358],[-81.604547,38.336508],[-81.604951,38.336626],[-81.605311,38.33673],[-81.605867,38.336935],[-81.606668,38.337228],[-81.606955,38.337356],[-81.607657,38.337669],[-81.607939,38.337794],[-81.609153,38.338446],[-81.609313,38.338544],[-81.610355,38.339176],[-81.610547,38.339292],[-81.611375,38.339846],[-81.611409,38.339871],[-81.612335,38.340539],[-81.612428,38.340612],[-81.612686,38.340814],[-81.612865,38.340953],[-81.612995,38.341055],[-81.613105,38.34114],[-81.613249,38.341262],[-81.613331,38.341331],[-81.613934,38.341837],[-81.613966,38.341866],[-81.61469,38.342521],[-81.614789,38.34261],[-81.616307,38.344029],[-81.617103,38.344774],[-81.617311,38.344968],[-81.61739,38.345042],[-81.618406,38.345991]],"type":"LineString"},"id":"REF-KANAWHA-RAIL-58","properties":{"canon_status":"REAL_REFERENCE","fcode":20200,"fictionality":"REAL","globalid":"{9C0AE93A-0000-4458-B316-7E23616F79A3}","lengthkm":4.6617624,"loaddate":1758113402000,"name":null,"objectid":1055767,"permanent_identifier":"ba3fed47-3f00-4c18-a792-d8ccc5119e26","railclassification":null,"railowner":"Kanawha River Railroad","railownercode":"KNWA","railsubdivision":"WEST VIRGINIA SECONDARY","railusage":"M","real_world_relation":"REFERENCE_ONLY","shape_Length":6088.388830008745,"source_datadesc":"FRA Rail Lines 07/2025","source_datasetid":"{14EEFC21-039C-4AB1-8866-0FA5FC6A7AEB}","source_featureid":"404067","source_id":"REF-KANAWHA-RAIL","source_originator":"Federal Railroad Administration"},"type":"Feature"},{"geometry":{"coordinates":[[-81.510265,38.208071],[-81.509313,38.206953],[-81.506395,38.204598],[-81.504874,38.203583]],"type":"LineString"},"id":"REF-KANAWHA-RAIL-59","properties":{"canon_status":"REAL_REFERENCE","fcode":20201,"fictionality":"REAL","globalid":"{A8CCFA42-6CA3-4CD6-AADC-70B3897CBF33}","lengthkm":0.69394677,"loaddate":1758113402000,"name":"DICKINSON YARD","objectid":1055959,"permanent_identifier":"92a36b72-471d-462c-b794-1e2fb8743f75","railclassification":null,"railowner":"Kanawha River Railroad","railownercode":"KNWA","railsubdivision":null,"railusage":"O","real_world_relation":"REFERENCE_ONLY","shape_Length":878.3056172507422,"source_datadesc":"FRA Rail Lines 07/2025","source_datasetid":"{14EEFC21-039C-4AB1-8866-0FA5FC6A7AEB}","source_featureid":"407468","source_id":"REF-KANAWHA-RAIL","source_originator":"Federal Railroad Administration"},"type":"Feature"},{"geometry":{"coordinates":[[-81.504874,38.203583],[-81.504133,38.203309]],"type":"LineString"},"id":"REF-KANAWHA-RAIL-60","properties":{"canon_status":"REAL_REFERENCE","fcode":20201,"fictionality":"REAL","globalid":"{508FF27D-2138-4158-8610-5F8532D3C2C9}","lengthkm":0.06919861000000001,"loaddate":1758113402000,"name":"DICKINSON YARD","objectid":1055960,"permanent_identifier":"355b9b96-bf2d-49b2-a5dd-057ab56f0b01","railclassification":null,"railowner":"Kanawha River Railroad","railownercode":"KNWA","railsubdivision":null,"railusage":"O","real_world_relation":"REFERENCE_ONLY","shape_Length":91.17822923784856,"source_datadesc":"FRA Rail Lines 07/2025","source_datasetid":"{14EEFC21-039C-4AB1-8866-0FA5FC6A7AEB}","source_featureid":"407470","source_id":"REF-KANAWHA-RAIL","source_originator":"Federal Railroad Administration"},"type":"Feature"},{"geometry":{"coordinates":[[-81.678381,38.365058],[-81.679951,38.365557]],"type":"LineString"},"id":"REF-KANAWHA-RAIL-61","properties":{"canon_status":"REAL_REFERENCE","fcode":20201,"fictionality":"REAL","globalid":"{51848993-39F1-4A52-9720-DBC91B352722}","lengthkm":0.14213619,"loaddate":1758113402000,"name":null,"objectid":1056632,"permanent_identifier":"8caa09da-8027-4d0c-b6d1-de4e615b5a96","railclassification":null,"railowner":null,"railownercode":"CSXT","railsubdivision":null,"railusage":"O","real_world_relation":"REFERENCE_ONLY","shape_Length":188.64010123487972,"source_datadesc":"FRA Rail Lines 07/2025","source_datasetid":"{14EEFC21-039C-4AB1-8866-0FA5FC6A7AEB}","source_featureid":"418420","source_id":"REF-KANAWHA-RAIL","source_originator":"Federal Railroad Administration"},"type":"Feature"},{"geometry":{"coordinates":[[-81.556515,38.309054],[-81.556547,38.308849],[-81.556609,38.308523]],"type":"LineString"},"id":"REF-KANAWHA-RAIL-62","properties":{"canon_status":"REAL_REFERENCE","fcode":20201,"fictionality":"REAL","globalid":"{C23E5ABC-5774-498D-846E-8E54EC77316F}","lengthkm":0.06296208,"loaddate":1758113402000,"name":null,"objectid":1056719,"permanent_identifier":"29b44912-96e0-4d84-8fca-b47f86a29b4f","railclassification":null,"railowner":"Kanawha River Railroad","railownercode":"KNWA","railsubdivision":null,"railusage":"O","real_world_relation":"REFERENCE_ONLY","shape_Length":76.03343288656919,"source_datadesc":"FRA Rail Lines 07/2025","source_datasetid":"{14EEFC21-039C-4AB1-8866-0FA5FC6A7AEB}","source_featureid":"419660","source_id":"REF-KANAWHA-RAIL","source_originator":"Federal Railroad Administration"},"type":"Feature"},{"geometry":{"coordinates":[[-81.514809,38.209415],[-81.514096,38.209929]],"type":"LineString"},"id":"REF-KANAWHA-RAIL-63","properties":{"canon_status":"REAL_REFERENCE","fcode":20201,"fictionality":"REAL","globalid":"{4B1DC075-B1CC-4BD3-B203-52A55C3FE7FD}","lengthkm":0.08442443000000001,"loaddate":1758113402000,"name":null,"objectid":1069606,"permanent_identifier":"5a3a8ba5-ccb7-4fef-b2fa-3316a3bd4004","railclassification":null,"railowner":"Kanawha River Railroad","railownercode":"KNWA","railsubdivision":null,"railusage":"O","real_world_relation":"REFERENCE_ONLY","shape_Length":107.70924533501358,"source_datadesc":"FRA Rail Lines 07/2025","source_datasetid":"{14EEFC21-039C-4AB1-8866-0FA5FC6A7AEB}","source_featureid":"393990","source_id":"REF-KANAWHA-RAIL","source_originator":"Federal Railroad Administration"},"type":"Feature"},{"geometry":{"coordinates":[[-81.513972,38.211587],[-81.515288,38.212723],[-81.515787,38.213154],[-81.51587,38.213241],[-81.516325,38.213719]],"type":"LineString"},"id":"REF-KANAWHA-RAIL-64","properties":{"canon_status":"REAL_REFERENCE","fcode":20201,"fictionality":"REAL","globalid":"{9211CA09-8E6F-49C2-BC92-DBCE64839A84}","lengthkm":0.31767203,"loaddate":1758113402000,"name":"DICKINSON YARD","objectid":1070111,"permanent_identifier":"b3c52cc0-e7a0-4f1e-a5b9-943ec2ba18fb","railclassification":null,"railowner":"Kanawha River Railroad","railownercode":"KNWA","railsubdivision":null,"railusage":"O","real_world_relation":"REFERENCE_ONLY","shape_Length":400.1897459871909,"source_datadesc":"FRA Rail Lines 07/2025","source_datasetid":"{14EEFC21-039C-4AB1-8866-0FA5FC6A7AEB}","source_featureid":"404529","source_id":"REF-KANAWHA-RAIL","source_originator":"Federal Railroad Administration"},"type":"Feature"},{"geometry":{"coordinates":[[-81.556564,38.306775],[-81.556579,38.307061]],"type":"LineString"},"id":"REF-KANAWHA-RAIL-65","properties":{"canon_status":"REAL_REFERENCE","fcode":20201,"fictionality":"REAL","globalid":"{F21D8961-2C25-4A08-A0CE-C2CD30EC987B}","lengthkm":0.03365672000000001,"loaddate":1758113402000,"name":null,"objectid":1070971,"permanent_identifier":"ab9246aa-fe87-40da-b443-48698c03f896","railclassification":null,"railowner":"Kanawha River Railroad","railownercode":"KNWA","railsubdivision":null,"railusage":"O","real_world_relation":"REFERENCE_ONLY","shape_Length":40.571058377214136,"source_datadesc":"FRA Rail Lines 07/2025","source_datasetid":"{14EEFC21-039C-4AB1-8866-0FA5FC6A7AEB}","source_featureid":"419666","source_id":"REF-KANAWHA-RAIL","source_originator":"Federal Railroad Administration"},"type":"Feature"},{"geometry":{"coordinates":[[-81.679814,38.36959],[-81.679802,38.369745],[-81.679909,38.369977],[-81.680177,38.370173],[-81.680367,38.370238],[-81.680611,38.37028]],"type":"LineString"},"id":"REF-KANAWHA-RAIL-66","properties":{"canon_status":"REAL_REFERENCE","fcode":20201,"fictionality":"REAL","globalid":"{6EC2453E-F811-4762-B52C-ADAB03096C5D}","lengthkm":0.11704314,"loaddate":1758113402000,"name":null,"objectid":1076320,"permanent_identifier":"7edc9881-1ef0-455e-b43d-6f83cae12b2b","railclassification":null,"railowner":null,"railownercode":"CSXT","railsubdivision":null,"railusage":"O","real_world_relation":"REFERENCE_ONLY","shape_Length":148.75786244781386,"source_datadesc":"FRA Rail Lines 07/2025","source_datasetid":"{14EEFC21-039C-4AB1-8866-0FA5FC6A7AEB}","source_featureid":"526131","source_id":"REF-KANAWHA-RAIL","source_originator":"Federal Railroad Administration"},"type":"Feature"},{"geometry":{"coordinates":[[-81.483326,38.195426],[-81.482058,38.195642],[-81.4818,38.195702],[-81.481475,38.195778],[-81.481053,38.195906],[-81.480882,38.195957],[-81.4806,38.196067],[-81.480144,38.196243],[-81.480012,38.196307],[-81.479304,38.196648],[-81.479301,38.196649],[-81.478651,38.196984],[-81.476646,38.198016]],"type":"LineString"},"id":"REF-KANAWHA-RAIL-67","properties":{"canon_status":"REAL_REFERENCE","fcode":20200,"fictionality":"REAL","globalid":"{19FC4E5D-893C-4FF8-AAB0-159F6E865E11}","lengthkm":0.63807012,"loaddate":1758113402000,"name":null,"objectid":1077819,"permanent_identifier":"c28b83e0-4365-4e38-9012-3bf5af08ca85","railclassification":null,"railowner":null,"railownercode":"CSXT","railsubdivision":"KANAWHA","railusage":"M","real_world_relation":"REFERENCE_ONLY","shape_Length":837.8814394165024,"source_datadesc":"FRA Rail Lines 07/2025","source_datasetid":"{14EEFC21-039C-4AB1-8866-0FA5FC6A7AEB}","source_featureid":"404082","source_id":"REF-KANAWHA-RAIL","source_originator":"Federal Railroad Administration"},"type":"Feature"},{"geometry":{"coordinates":[[-81.547965,38.240755],[-81.547938,38.240735],[-81.546223,38.239496],[-81.545999,38.239334],[-81.545805,38.239194],[-81.545787,38.239181],[-81.545727,38.239137],[-81.545264,38.238834],[-81.544969,38.23864],[-81.544164,38.238156],[-81.544022,38.238071],[-81.543655,38.237849],[-81.543343,38.237629],[-81.543266,38.237574],[-81.543231,38.237549],[-81.543195,38.237523],[-81.543102,38.237437],[-81.542766,38.237126],[-81.542707,38.23707],[-81.541729,38.235978],[-81.54163,38.235881],[-81.541298,38.235553],[-81.538506,38.233115],[-81.537496,38.232232],[-81.536306,38.231146],[-81.536116,38.230972],[-81.536084,38.230942]],"type":"LineString"},"id":"REF-KANAWHA-RAIL-68","properties":{"canon_status":"REAL_REFERENCE","fcode":20200,"fictionality":"REAL","globalid":"{72AD14FB-80BB-425B-B1D4-0746B9B27E2E}","lengthkm":1.5207150400000002,"loaddate":1758113402000,"name":null,"objectid":1083693,"permanent_identifier":"c31402fa-1a6c-4f15-b47d-0b389f7c748f","railclassification":null,"railowner":"Kanawha River Railroad","railownercode":"KNWA","railsubdivision":"WEST VIRGINIA SECONDARY","railusage":"M","real_world_relation":"REFERENCE_ONLY","shape_Length":1926.1685303145473,"source_datadesc":"FRA Rail Lines 07/2025","source_datasetid":"{14EEFC21-039C-4AB1-8866-0FA5FC6A7AEB}","source_featureid":"390547","source_id":"REF-KANAWHA-RAIL","source_originator":"Federal Railroad Administration"},"type":"Feature"},{"geometry":{"coordinates":[[-81.495048,38.199376],[-81.495891,38.199359],[-81.49643,38.199392],[-81.497549,38.199624],[-81.498652,38.199981],[-81.499638,38.200404],[-81.500916,38.201284],[-81.501628,38.201796],[-81.503487,38.203071]],"type":"LineString"},"id":"REF-KANAWHA-RAIL-69","properties":{"canon_status":"REAL_REFERENCE","fcode":20201,"fictionality":"REAL","globalid":"{E23A2796-5562-4865-9B97-F45E143A6F61}","lengthkm":0.85337308,"loaddate":1758113402000,"name":"DICKINSON YARD","objectid":1084158,"permanent_identifier":"43d3684e-af5b-4a5d-95ac-a1c4d5012193","railclassification":null,"railowner":"Kanawha River Railroad","railownercode":"KNWA","railsubdivision":null,"railusage":"O","real_world_relation":"REFERENCE_ONLY","shape_Length":1111.9622236198193,"source_datadesc":"FRA Rail Lines 07/2025","source_datasetid":"{14EEFC21-039C-4AB1-8866-0FA5FC6A7AEB}","source_featureid":"401256","source_id":"REF-KANAWHA-RAIL","source_originator":"Federal Railroad Administration"},"type":"Feature"},{"geometry":{"coordinates":[[-81.559327,38.190791],[-81.557161,38.191182],[-81.556593,38.191284],[-81.555688,38.191432],[-81.554744,38.191587],[-81.554607,38.191627],[-81.554081,38.191781],[-81.553902,38.191834],[-81.553875,38.191846],[-81.553214,38.192147],[-81.551424,38.192907],[-81.551197,38.192964],[-81.551139,38.192978],[-81.551004,38.193011],[-81.550594,38.193057],[-81.550503,38.193065],[-81.549733,38.193126],[-81.547916,38.193213],[-81.546174,38.193296],[-81.545304,38.193337],[-81.544558,38.193435],[-81.544465,38.193447],[-81.544317,38.193492],[-81.543901,38.193618],[-81.543785,38.193666],[-81.543414,38.19382],[-81.54328,38.193875],[-81.542709,38.194161],[-81.542202,38.194439],[-81.54181,38.194682],[-81.541481,38.19501],[-81.541217,38.195324],[-81.541003,38.195774],[-81.540639,38.196852],[-81.540591,38.19706],[-81.540361,38.198065],[-81.540074,38.198817],[-81.539797,38.199215],[-81.539511,38.199572],[-81.539211,38.199864],[-81.538812,38.200078],[-81.538383,38.200264],[-81.537919,38.200521],[-81.537569,38.200749],[-81.537234,38.201085],[-81.536749,38.201727],[-81.535942,38.202805],[-81.535671,38.203369],[-81.535514,38.203847],[-81.535471,38.204411],[-81.535407,38.206653],[-81.535257,38.207203],[-81.535064,38.207545],[-81.534828,38.207866],[-81.534007,38.208616],[-81.533029,38.209444],[-81.532444,38.209972],[-81.531873,38.210279],[-81.531566,38.210429],[-81.530959,38.210629],[-81.528961,38.211293],[-81.527087,38.21191],[-81.526576,38.212043],[-81.526244,38.212061],[-81.526028,38.212086],[-81.526002,38.212089],[-81.525964,38.212093],[-81.525571,38.212137],[-81.524357,38.21228],[-81.524054,38.212298],[-81.523751,38.212308],[-81.523173,38.212282],[-81.52263,38.212152],[-81.521968,38.211796]],"type":"LineString"},"id":"REF-KANAWHA-RAIL-70","properties":{"canon_status":"REAL_REFERENCE","fcode":20200,"fictionality":"REAL","globalid":"{323B3354-2C0D-462D-B242-9A6B5BFA28E3}","lengthkm":4.525082960000001,"loaddate":1758113402000,"name":null,"objectid":1084335,"permanent_identifier":"e90e913f-7c1e-490b-94ba-5ef997563b11","railclassification":null,"railowner":null,"railownercode":"WNFR","railsubdivision":null,"railusage":"X","real_world_relation":"REFERENCE_ONLY","shape_Length":5819.470067741132,"source_datadesc":"FRA Rail Lines 07/2025","source_datasetid":"{14EEFC21-039C-4AB1-8866-0FA5FC6A7AEB}","source_featureid":"404198","source_id":"REF-KANAWHA-RAIL","source_originator":"Federal Railroad Administration"},"type":"Feature"},{"geometry":{"coordinates":[[-81.556609,38.308523],[-81.556478,38.305923],[-81.556464,38.305576],[-81.556406,38.305315]],"type":"LineString"},"id":"REF-KANAWHA-RAIL-71","properties":{"canon_status":"REAL_REFERENCE","fcode":20201,"fictionality":"REAL","globalid":"{65A7F017-3937-4769-863B-CE27F8FF2735}","lengthkm":0.37815054,"loaddate":1758113402000,"name":null,"objectid":1085224,"permanent_identifier":"2a7e806d-b060-4d0c-902b-988673b43c53","railclassification":null,"railowner":"Kanawha River Railroad","railownercode":"KNWA","railsubdivision":null,"railusage":"O","real_world_relation":"REFERENCE_ONLY","shape_Length":455.93154236355076,"source_datadesc":"FRA Rail Lines 07/2025","source_datasetid":"{14EEFC21-039C-4AB1-8866-0FA5FC6A7AEB}","source_featureid":"419663","source_id":"REF-KANAWHA-RAIL","source_originator":"Federal Railroad Administration"},"type":"Feature"},{"geometry":{"coordinates":[[-81.556592,38.307318],[-81.556649,38.307032],[-81.556716,38.30679],[-81.556816,38.306552],[-81.556944,38.306385],[-81.557082,38.306252],[-81.557277,38.306152],[-81.55752,38.306085],[-81.558543,38.306038]],"type":"LineString"},"id":"REF-KANAWHA-RAIL-72","properties":{"canon_status":"REAL_REFERENCE","fcode":20201,"fictionality":"REAL","globalid":"{608DFC0B-6040-47CB-ADF6-6978670BC417}","lengthkm":0.25990846,"loaddate":1758113402000,"name":null,"objectid":1085225,"permanent_identifier":"a901fc46-e168-4022-aef6-64b8490f147b","railclassification":null,"railowner":"Kanawha River Railroad","railownercode":"KNWA","railsubdivision":null,"railusage":"O","real_world_relation":"REFERENCE_ONLY","shape_Length":332.4034917606628,"source_datadesc":"FRA Rail Lines 07/2025","source_datasetid":"{14EEFC21-039C-4AB1-8866-0FA5FC6A7AEB}","source_featureid":"419667","source_id":"REF-KANAWHA-RAIL","source_originator":"Federal Railroad Administration"},"type":"Feature"},{"geometry":{"coordinates":[[-81.510265,38.208071],[-81.508286,38.206365],[-81.508243,38.20633],[-81.507282,38.205528],[-81.507077,38.205356],[-81.506553,38.204928],[-81.504133,38.203309]],"type":"LineString"},"id":"REF-KANAWHA-RAIL-73","properties":{"canon_status":"REAL_REFERENCE","fcode":20201,"fictionality":"REAL","globalid":"{E52AE13E-41C4-4C7A-962F-FA2C1A2D3652}","lengthkm":0.7566451700000001,"loaddate":1758113402000,"name":"DICKINSON YARD","objectid":1090687,"permanent_identifier":"070ef07b-d918-4a9f-b1cc-47d4e37ac80f","railclassification":null,"railowner":"Kanawha River Railroad","railownercode":"KNWA","railsubdivision":null,"railusage":"O","real_world_relation":"REFERENCE_ONLY","shape_Length":961.2641577043953,"source_datadesc":"FRA Rail Lines 07/2025","source_datasetid":"{14EEFC21-039C-4AB1-8866-0FA5FC6A7AEB}","source_featureid":"526172","source_id":"REF-KANAWHA-RAIL","source_originator":"Federal Railroad Administration"},"type":"Feature"},{"geometry":{"coordinates":[[-81.58742,38.321208],[-81.588279,38.321703],[-81.591834,38.323756],[-81.592154,38.32394],[-81.592215,38.323975],[-81.592635,38.324212],[-81.593255,38.324561],[-81.593336,38.324601],[-81.593741,38.324796],[-81.593844,38.324845],[-81.593872,38.324858],[-81.594481,38.325101],[-81.594662,38.325172],[-81.595136,38.325324],[-81.595538,38.325452],[-81.598366,38.326273],[-81.6014,38.327153],[-81.603325,38.327711],[-81.604958,38.328185],[-81.607843,38.329022],[-81.609777,38.329582],[-81.611145,38.329979]],"type":"LineString"},"id":"REF-KANAWHA-RAIL-74","properties":{"canon_status":"REAL_REFERENCE","fcode":20200,"fictionality":"REAL","globalid":"{FF4C2430-F2E8-4AF1-A709-A95CF84FE58E}","lengthkm":2.2312801799999997,"loaddate":1758113402000,"name":null,"objectid":1092106,"permanent_identifier":"72c58aab-a138-4e68-bc71-f01f9f0528c9","railclassification":null,"railowner":null,"railownercode":"CSXT","railsubdivision":"KANAWHA","railusage":"M","real_world_relation":"REFERENCE_ONLY","shape_Length":2941.9676727737674,"source_datadesc":"FRA Rail Lines 07/2025","source_datasetid":"{14EEFC21-039C-4AB1-8866-0FA5FC6A7AEB}","source_featureid":"393965","source_id":"REF-KANAWHA-RAIL","source_originator":"Federal Railroad Administration"},"type":"Feature"},{"geometry":{"coordinates":[[-81.472473,38.200166],[-81.471777,38.200524],[-81.46836,38.202283],[-81.467652,38.202653],[-81.466435,38.203289],[-81.466414,38.2033],[-81.466275,38.203378],[-81.465468,38.203827],[-81.465343,38.203906],[-81.464373,38.204519],[-81.462725,38.20562],[-81.462091,38.206044],[-81.461142,38.206668],[-81.459989,38.207426],[-81.458445,38.20844],[-81.456081,38.209994],[-81.453536,38.211666],[-81.451751,38.212839],[-81.450661,38.213555],[-81.450242,38.213826],[-81.450029,38.213964],[-81.449743,38.214148],[-81.44931,38.214401],[-81.449199,38.214466],[-81.448889,38.214614],[-81.44876,38.214675],[-81.448189,38.214947],[-81.448107,38.214986],[-81.44806,38.215006],[-81.448012,38.215026],[-81.446315,38.215737],[-81.444302,38.216581],[-81.444234,38.216609],[-81.443548,38.216896],[-81.443366,38.216973],[-81.443269,38.217013],[-81.442626,38.217229],[-81.442418,38.217284]],"type":"LineString"},"id":"REF-KANAWHA-RAIL-75","properties":{"canon_status":"REAL_REFERENCE","fcode":20200,"fictionality":"REAL","globalid":"{74ACDAB1-FA2E-411E-8C7A-70D7D32BF05C}","lengthkm":3.2101247400000004,"loaddate":1758113402000,"name":null,"objectid":1092107,"permanent_identifier":"29f2c89a-5d60-4d65-a14a-23f8237eea5a","railclassification":null,"railowner":null,"railownercode":"CSXT","railsubdivision":"KANAWHA","railusage":"M","real_world_relation":"REFERENCE_ONLY","shape_Length":4147.732766126344,"source_datadesc":"FRA Rail Lines 07/2025","source_datasetid":"{14EEFC21-039C-4AB1-8866-0FA5FC6A7AEB}","source_featureid":"393985","source_id":"REF-KANAWHA-RAIL","source_originator":"Federal Railroad Administration"},"type":"Feature"},{"geometry":{"coordinates":[[-81.499841,38.195506],[-81.497593,38.195411],[-81.492144,38.195182],[-81.488011,38.195007],[-81.487879,38.19501],[-81.486352,38.195033],[-81.486352,38.195033],[-81.484904,38.19517],[-81.484718,38.195187],[-81.483949,38.195319],[-81.483326,38.195426]],"type":"LineString"},"id":"REF-KANAWHA-RAIL-76","properties":{"canon_status":"REAL_REFERENCE","fcode":20200,"fictionality":"REAL","globalid":"{7D03AAE6-0EC5-466E-B431-0C3E828835FB}","lengthkm":1.37089864,"loaddate":1758113402000,"name":null,"objectid":1092247,"permanent_identifier":"c5921c69-1c4f-44c4-b559-4782d6955946","railclassification":null,"railowner":null,"railownercode":"CSXT","railsubdivision":"KANAWHA","railusage":"M","real_world_relation":"REFERENCE_ONLY","shape_Length":1845.3231560237218,"source_datadesc":"FRA Rail Lines 07/2025","source_datasetid":"{14EEFC21-039C-4AB1-8866-0FA5FC6A7AEB}","source_featureid":"404084","source_id":"REF-KANAWHA-RAIL","source_originator":"Federal Railroad Administration"},"type":"Feature"},{"geometry":{"coordinates":[[-81.680366,38.365868],[-81.680546,38.366074],[-81.680713,38.366241],[-81.68082,38.366396],[-81.680849,38.366497],[-81.680867,38.366651],[-81.680849,38.366753],[-81.680826,38.366901],[-81.680748,38.367008],[-81.680546,38.36724],[-81.680356,38.367532],[-81.680112,38.367895],[-81.67985,38.368281]],"type":"LineString"},"id":"REF-KANAWHA-RAIL-77","properties":{"canon_status":"REAL_REFERENCE","fcode":20201,"fictionality":"REAL","globalid":"{F2FA47B3-86B6-4D67-A884-297064C490E1}","lengthkm":0.31408381,"loaddate":1758113402000,"name":null,"objectid":1099513,"permanent_identifier":"eb864130-becb-4c91-9029-f42d898cfec7","railclassification":null,"railowner":null,"railownercode":"CSXT","railsubdivision":null,"railusage":"O","real_world_relation":"REFERENCE_ONLY","shape_Length":387.3425143125305,"source_datadesc":"FRA Rail Lines 07/2025","source_datasetid":"{14EEFC21-039C-4AB1-8866-0FA5FC6A7AEB}","source_featureid":"418421","source_id":"REF-KANAWHA-RAIL","source_originator":"Federal Railroad Administration"},"type":"Feature"},{"geometry":{"coordinates":[[-81.520302,38.21716],[-81.520023,38.216771],[-81.519856,38.21645],[-81.519725,38.216265],[-81.519297,38.215885]],"type":"LineString"},"id":"REF-KANAWHA-RAIL-78","properties":{"canon_status":"REAL_REFERENCE","fcode":20201,"fictionality":"REAL","globalid":"{91A184C6-B8EB-4E90-A417-FE8460F93A50}","lengthkm":0.17279239000000002,"loaddate":1758113402000,"name":null,"objectid":1099588,"permanent_identifier":"318a56e2-9c9b-4cf3-a797-1d9fc08cdbb1","railclassification":null,"railowner":"Kanawha River Railroad","railownercode":"KNWA","railsubdivision":null,"railusage":"O","real_world_relation":"REFERENCE_ONLY","shape_Length":214.28732297117836,"source_datadesc":"FRA Rail Lines 07/2025","source_datasetid":"{14EEFC21-039C-4AB1-8866-0FA5FC6A7AEB}","source_featureid":"419659","source_id":"REF-KANAWHA-RAIL","source_originator":"Federal Railroad Administration"},"type":"Feature"},{"geometry":{"coordinates":[[-81.556422,38.300996],[-81.556416,38.30114],[-81.556412,38.301919],[-81.556409,38.302488],[-81.5564,38.304417],[-81.5564,38.304503]],"type":"LineString"},"id":"REF-KANAWHA-RAIL-79","properties":{"canon_status":"REAL_REFERENCE","fcode":20200,"fictionality":"REAL","globalid":"{93B12125-73EF-431B-A8F7-50F9C3058F72}","lengthkm":0.41270650000000003,"loaddate":1758113402000,"name":null,"objectid":1099589,"permanent_identifier":"c81a7f61-d0f7-41be-882c-3698119260e7","railclassification":null,"railowner":"Kanawha River Railroad","railownercode":"KNWA","railsubdivision":"WEST VIRGINIA SECONDARY","railusage":"M","real_world_relation":"REFERENCE_ONLY","shape_Length":497.38404034761254,"source_datadesc":"FRA Rail Lines 07/2025","source_datasetid":"{14EEFC21-039C-4AB1-8866-0FA5FC6A7AEB}","source_featureid":"419661","source_id":"REF-KANAWHA-RAIL","source_originator":"Federal Railroad Administration"},"type":"Feature"},{"geometry":{"coordinates":[[-81.556564,38.306775],[-81.55663,38.306509]],"type":"LineString"},"id":"REF-KANAWHA-RAIL-80","properties":{"canon_status":"REAL_REFERENCE","fcode":20201,"fictionality":"REAL","globalid":"{B7C861AC-7955-4541-9DFF-2E7EC275760D}","lengthkm":0.03184625,"loaddate":1758113402000,"name":null,"objectid":1099590,"permanent_identifier":"13bbe9b2-d9bb-47d9-9954-c44109ffb185","railclassification":null,"railowner":"Kanawha River Railroad","railownercode":"KNWA","railsubdivision":null,"railusage":"O","real_world_relation":"REFERENCE_ONLY","shape_Length":38.52660887870068,"source_datadesc":"FRA Rail Lines 07/2025","source_datasetid":"{14EEFC21-039C-4AB1-8866-0FA5FC6A7AEB}","source_featureid":"419668","source_id":"REF-KANAWHA-RAIL","source_originator":"Federal Railroad Administration"},"type":"Feature"},{"geometry":{"coordinates":[[-81.55663,38.306509],[-81.556649,38.306356],[-81.556735,38.306218],[-81.556878,38.306057],[-81.557016,38.305933],[-81.557163,38.305847],[-81.557344,38.305781],[-81.557553,38.305733],[-81.558229,38.305695],[-81.558553,38.305714]],"type":"LineString"},"id":"REF-KANAWHA-RAIL-81","properties":{"canon_status":"REAL_REFERENCE","fcode":20201,"fictionality":"REAL","globalid":"{9233CD0D-7CC6-4403-B628-4418B0B90B74}","lengthkm":0.2101054,"loaddate":1758113402000,"name":null,"objectid":1099591,"permanent_identifier":"60de065e-55db-4449-a04a-2daa85ae1e77","railclassification":null,"railowner":"Kanawha River Railroad","railownercode":"KNWA","railsubdivision":null,"railusage":"O","real_world_relation":"REFERENCE_ONLY","shape_Length":273.20953655473187,"source_datadesc":"FRA Rail Lines 07/2025","source_datasetid":"{14EEFC21-039C-4AB1-8866-0FA5FC6A7AEB}","source_featureid":"419669","source_id":"REF-KANAWHA-RAIL","source_originator":"Federal Railroad Administration"},"type":"Feature"},{"geometry":{"coordinates":[[-81.568918,38.290123],[-81.568017,38.292568],[-81.567474,38.293986],[-81.5674,38.294179],[-81.566793,38.295883],[-81.566787,38.295901],[-81.566748,38.29601],[-81.566582,38.296655],[-81.566538,38.296829],[-81.566522,38.296889],[-81.566503,38.296965],[-81.566471,38.297138],[-81.566403,38.297506],[-81.566309,38.298182],[-81.566305,38.298212],[-81.566241,38.298991],[-81.566222,38.299233],[-81.566213,38.299826],[-81.566203,38.300505],[-81.566237,38.301184],[-81.566253,38.301482],[-81.566303,38.301944],[-81.566357,38.302443],[-81.56644,38.302914],[-81.566527,38.303398],[-81.566642,38.303894],[-81.56673,38.304269],[-81.566989,38.305133],[-81.567114,38.30547],[-81.567289,38.305937],[-81.567535,38.306499],[-81.567551,38.306532],[-81.567978,38.307352],[-81.56805,38.307488],[-81.568436,38.308112],[-81.568514,38.308237],[-81.568547,38.308285],[-81.568605,38.308368],[-81.569059,38.309011],[-81.569122,38.309091],[-81.569591,38.30968],[-81.569665,38.309772],[-81.570295,38.310472],[-81.570329,38.310509],[-81.570784,38.310962]],"type":"LineString"},"id":"REF-KANAWHA-RAIL-82","properties":{"canon_status":"REAL_REFERENCE","fcode":20200,"fictionality":"REAL","globalid":"{2850C0B2-943E-4D4D-918B-A489AE3098A3}","lengthkm":2.55624939,"loaddate":1758113402000,"name":null,"objectid":1106557,"permanent_identifier":"8e22aa34-c2ce-4b62-902b-fb4f80677952","railclassification":null,"railowner":null,"railownercode":"CSXT","railsubdivision":"KANAWHA","railusage":"M","real_world_relation":"REFERENCE_ONLY","shape_Length":3110.517335669166,"source_datadesc":"FRA Rail Lines 07/2025","source_datasetid":"{14EEFC21-039C-4AB1-8866-0FA5FC6A7AEB}","source_featureid":"403955","source_id":"REF-KANAWHA-RAIL","source_originator":"Federal Railroad Administration"},"type":"Feature"},{"geometry":{"coordinates":[[-81.575002,38.261674],[-81.575014,38.261741],[-81.57504,38.261889],[-81.575063,38.262139],[-81.575086,38.262382],[-81.575085,38.262627],[-81.575085,38.262859],[-81.57504,38.26335],[-81.574839,38.264611],[-81.574645,38.265834],[-81.574321,38.267868],[-81.57425,38.268319],[-81.574137,38.269029],[-81.573937,38.270282],[-81.573565,38.272627],[-81.573564,38.272633],[-81.57341,38.274047],[-81.57338,38.274329],[-81.573363,38.274483],[-81.573127,38.276654],[-81.572984,38.277975],[-81.572967,38.278086],[-81.572873,38.278712],[-81.572773,38.279206],[-81.572733,38.279402],[-81.572731,38.279415],[-81.572725,38.279437],[-81.572475,38.280371],[-81.572449,38.28045],[-81.572193,38.281238],[-81.571963,38.28186],[-81.570319,38.286321],[-81.568918,38.290123]],"type":"LineString"},"id":"REF-KANAWHA-RAIL-83","properties":{"canon_status":"REAL_REFERENCE","fcode":20200,"fictionality":"REAL","globalid":"{60C53499-1F09-48AB-B4DE-77B609BF5E84}","lengthkm":3.39779425,"loaddate":1758113402000,"name":null,"objectid":1106561,"permanent_identifier":"a6f46fc1-7e03-4625-a865-704cabacb151","railclassification":null,"railowner":null,"railownercode":"CSXT","railsubdivision":"KANAWHA","railusage":"M","real_world_relation":"REFERENCE_ONLY","shape_Length":4108.387798541958,"source_datadesc":"FRA Rail Lines 07/2025","source_datasetid":"{14EEFC21-039C-4AB1-8866-0FA5FC6A7AEB}","source_featureid":"404201","source_id":"REF-KANAWHA-RAIL","source_originator":"Federal Railroad Administration"},"type":"Feature"},{"geometry":{"coordinates":[[-81.667576,38.362068],[-81.667516,38.362071],[-81.667356,38.362076],[-81.665607,38.361418],[-81.665126,38.361263],[-81.664609,38.361199],[-81.664311,38.361206],[-81.664,38.361241],[-81.663674,38.361298],[-81.66332,38.36144],[-81.662987,38.361602],[-81.662761,38.361751],[-81.66247,38.361992],[-81.662134,38.362427],[-81.661484,38.363317],[-81.661324,38.363557],[-81.660247,38.364945],[-81.659744,38.365582],[-81.659489,38.365922],[-81.659238,38.366287],[-81.658774,38.366727],[-81.658406,38.366963],[-81.658059,38.367111],[-81.657648,38.367253]],"type":"LineString"},"id":"REF-KANAWHA-RAIL-84","properties":{"canon_status":"REAL_REFERENCE","fcode":20200,"fictionality":"REAL","globalid":"{5D2157FC-8BE8-412E-9E0D-F29B498761C7}","lengthkm":1.22500311,"loaddate":1758113402000,"name":null,"objectid":1112647,"permanent_identifier":"ac92d280-e357-42e6-b02e-50318f464fa7","railclassification":null,"railowner":null,"railownercode":"CSXT","railsubdivision":null,"railusage":"X","real_world_relation":"REFERENCE_ONLY","shape_Length":1565.904576659445,"source_datadesc":"FRA Rail Lines 07/2025","source_datasetid":"{14EEFC21-039C-4AB1-8866-0FA5FC6A7AEB}","source_featureid":"393960","source_id":"REF-KANAWHA-RAIL","source_originator":"Federal Railroad Administration"},"type":"Feature"},{"geometry":{"coordinates":[[-81.519753,38.207928],[-81.520399,38.208537],[-81.520474,38.208607],[-81.520745,38.209123],[-81.520802,38.20954],[-81.520888,38.210004],[-81.520969,38.210283],[-81.52102,38.210459],[-81.521343,38.210971],[-81.521703,38.211493],[-81.521968,38.211796]],"type":"LineString"},"id":"REF-KANAWHA-RAIL-85","properties":{"canon_status":"REAL_REFERENCE","fcode":20200,"fictionality":"REAL","globalid":"{4F35AB3C-1E48-4A4C-ACF1-CEF7A468BC50}","lengthkm":0.49937665000000003,"loaddate":1758113402000,"name":null,"objectid":1127052,"permanent_identifier":"a62fa6e3-cde2-4ade-b80e-9a17d7f5a416","railclassification":null,"railowner":null,"railownercode":"WNFR","railsubdivision":null,"railusage":"X","real_world_relation":"REFERENCE_ONLY","shape_Length":613.4687757265291,"source_datadesc":"FRA Rail Lines 07/2025","source_datasetid":"{14EEFC21-039C-4AB1-8866-0FA5FC6A7AEB}","source_featureid":"393986","source_id":"REF-KANAWHA-RAIL","source_originator":"Federal Railroad Administration"},"type":"Feature"},{"geometry":{"coordinates":[[-81.513972,38.211587],[-81.513927,38.211513],[-81.513756,38.21123],[-81.513698,38.210998],[-81.513682,38.210609],[-81.513814,38.210252],[-81.514096,38.209929]],"type":"LineString"},"id":"REF-KANAWHA-RAIL-86","properties":{"canon_status":"REAL_REFERENCE","fcode":20201,"fictionality":"REAL","globalid":"{CF10C9DF-3652-455E-9B78-4F2249C6016A}","lengthkm":0.20715546,"loaddate":1758113402000,"name":null,"objectid":1127053,"permanent_identifier":"d350bbe9-5c25-4685-80a0-4688729001fb","railclassification":null,"railowner":"Kanawha River Railroad","railownercode":"KNWA","railsubdivision":null,"railusage":"O","real_world_relation":"REFERENCE_ONLY","shape_Length":252.8000339215671,"source_datadesc":"FRA Rail Lines 07/2025","source_datasetid":"{14EEFC21-039C-4AB1-8866-0FA5FC6A7AEB}","source_featureid":"393989","source_id":"REF-KANAWHA-RAIL","source_originator":"Federal Railroad Administration"},"type":"Feature"},{"geometry":{"coordinates":[[-81.559335,38.293427],[-81.558976,38.29436],[-81.558937,38.294461],[-81.558923,38.294498],[-81.55878,38.294809],[-81.558754,38.294854],[-81.558616,38.295097],[-81.558546,38.295197],[-81.557812,38.296253],[-81.557793,38.296281],[-81.557593,38.296683],[-81.557571,38.296726],[-81.557533,38.296803],[-81.557469,38.297015],[-81.557249,38.297748],[-81.556706,38.299554],[-81.556631,38.299804],[-81.55653,38.300209],[-81.556516,38.300264],[-81.556501,38.300325],[-81.556441,38.300726],[-81.556433,38.300778],[-81.556422,38.300996]],"type":"LineString"},"id":"REF-KANAWHA-RAIL-87","properties":{"canon_status":"REAL_REFERENCE","fcode":20200,"fictionality":"REAL","globalid":"{16CA1BD6-1E40-4897-A27F-DFBCFB8250ED}","lengthkm":0.9282261,"loaddate":1758113402000,"name":null,"objectid":1127543,"permanent_identifier":"e5ca83e4-a384-46f1-b2dc-b99fdab77499","railclassification":null,"railowner":"Kanawha River Railroad","railownercode":"KNWA","railsubdivision":"WEST VIRGINIA SECONDARY","railusage":"M","real_world_relation":"REFERENCE_ONLY","shape_Length":1129.532735508727,"source_datadesc":"FRA Rail Lines 07/2025","source_datasetid":"{14EEFC21-039C-4AB1-8866-0FA5FC6A7AEB}","source_featureid":"404755","source_id":"REF-KANAWHA-RAIL","source_originator":"Federal Railroad Administration"},"type":"Feature"},{"geometry":{"coordinates":[[-81.511924,38.209821],[-81.511211,38.209183]],"type":"LineString"},"id":"REF-KANAWHA-RAIL-88","properties":{"canon_status":"REAL_REFERENCE","fcode":20201,"fictionality":"REAL","globalid":"{D1E08366-23B3-4F6A-A48D-4043EDE0A623}","lengthkm":0.09545789,"loaddate":1758113402000,"name":"DICKINSON YARD","objectid":1127711,"permanent_identifier":"02ba5b0c-b548-411b-9f7d-51bfafbf6211","railclassification":null,"railowner":"Kanawha River Railroad","railownercode":"KNWA","railsubdivision":null,"railusage":"O","real_world_relation":"REFERENCE_ONLY","shape_Length":120.32181875900902,"source_datadesc":"FRA Rail Lines 07/2025","source_datasetid":"{14EEFC21-039C-4AB1-8866-0FA5FC6A7AEB}","source_featureid":"407469","source_id":"REF-KANAWHA-RAIL","source_originator":"Federal Railroad Administration"},"type":"Feature"},{"geometry":{"coordinates":[[-81.556406,38.305315],[-81.556451,38.306841],[-81.556458,38.307075],[-81.556475,38.307672],[-81.556502,38.308587],[-81.556514,38.309024],[-81.556515,38.309054]],"type":"LineString"},"id":"REF-KANAWHA-RAIL-89","properties":{"canon_status":"REAL_REFERENCE","fcode":20200,"fictionality":"REAL","globalid":"{ACB24664-A535-42FC-97F5-7878E508BD27}","lengthkm":0.44014912000000006,"loaddate":1758113402000,"name":null,"objectid":1128052,"permanent_identifier":"7a0be147-9e55-4516-9d26-3dc5f3d60a8b","railclassification":null,"railowner":"Kanawha River Railroad","railownercode":"KNWA","railsubdivision":"WEST VIRGINIA SECONDARY","railusage":"M","real_world_relation":"REFERENCE_ONLY","shape_Length":530.510459129146,"source_datadesc":"FRA Rail Lines 07/2025","source_datasetid":"{14EEFC21-039C-4AB1-8866-0FA5FC6A7AEB}","source_featureid":"412861","source_id":"REF-KANAWHA-RAIL","source_originator":"Federal Railroad Administration"},"type":"Feature"},{"geometry":{"coordinates":[[-81.67985,38.368281],[-81.679594,38.368418],[-81.679416,38.368478],[-81.679154,38.368525],[-81.678874,38.368543],[-81.678565,38.368484],[-81.676447,38.368091]],"type":"LineString"},"id":"REF-KANAWHA-RAIL-90","properties":{"canon_status":"REAL_REFERENCE","fcode":20201,"fictionality":"REAL","globalid":"{235B8025-F24C-42E7-B8FD-3C8C0168BECE}","lengthkm":0.29520525000000003,"loaddate":1758113402000,"name":null,"objectid":1128382,"permanent_identifier":"f5995866-bd5a-405d-9a1a-deeaf8463875","railclassification":null,"railowner":null,"railownercode":"CSXT","railsubdivision":null,"railusage":"O","real_world_relation":"REFERENCE_ONLY","shape_Length":394.89287456072867,"source_datadesc":"FRA Rail Lines 07/2025","source_datasetid":"{14EEFC21-039C-4AB1-8866-0FA5FC6A7AEB}","source_featureid":"418422","source_id":"REF-KANAWHA-RAIL","source_originator":"Federal Railroad Administration"},"type":"Feature"},{"geometry":{"coordinates":[[-81.5564,38.304503],[-81.556449,38.304767],[-81.556449,38.305034],[-81.556516,38.305505],[-81.556564,38.306775]],"type":"LineString"},"id":"REF-KANAWHA-RAIL-91","properties":{"canon_status":"REAL_REFERENCE","fcode":20201,"fictionality":"REAL","globalid":"{EE14C89A-BC38-4623-8EE0-FB7682640689}","lengthkm":0.26808521,"loaddate":1758113402000,"name":null,"objectid":1128455,"permanent_identifier":"c747b062-737f-4540-acf5-747baef48021","railclassification":null,"railowner":"Kanawha River Railroad","railownercode":"KNWA","railsubdivision":null,"railusage":"O","real_world_relation":"REFERENCE_ONLY","shape_Length":323.27854654129396,"source_datadesc":"FRA Rail Lines 07/2025","source_datasetid":"{14EEFC21-039C-4AB1-8866-0FA5FC6A7AEB}","source_featureid":"419662","source_id":"REF-KANAWHA-RAIL","source_originator":"Federal Railroad Administration"},"type":"Feature"},{"geometry":{"coordinates":[[-81.495048,38.199376],[-81.495006,38.199371],[-81.494604,38.199366],[-81.49408,38.199359],[-81.493702,38.199382],[-81.492763,38.199438],[-81.491979,38.19953],[-81.491183,38.199623],[-81.490902,38.199666],[-81.490172,38.199776],[-81.489503,38.199877],[-81.488995,38.200005],[-81.488285,38.200183],[-81.488275,38.200185],[-81.488247,38.200195],[-81.487748,38.200369],[-81.487462,38.200468],[-81.483904,38.201892],[-81.483509,38.20205],[-81.482568,38.202385],[-81.481752,38.202624],[-81.481674,38.202645],[-81.481551,38.202678],[-81.480703,38.202906],[-81.480028,38.203087],[-81.478594,38.203471],[-81.478016,38.203626],[-81.476879,38.203931],[-81.476092,38.204142],[-81.475291,38.204356],[-81.475113,38.204414],[-81.473731,38.20486],[-81.473673,38.204879],[-81.4736,38.204908],[-81.47327,38.20504],[-81.472661,38.205283],[-81.472621,38.205298],[-81.472194,38.205493],[-81.472082,38.205544],[-81.472065,38.205552],[-81.471776,38.205683],[-81.471432,38.205861],[-81.471033,38.206066],[-81.470975,38.206096],[-81.470287,38.206496],[-81.470157,38.206571],[-81.469399,38.20707],[-81.468674,38.207546],[-81.468212,38.207859]],"type":"LineString"},"id":"REF-KANAWHA-RAIL-92","properties":{"canon_status":"REAL_REFERENCE","fcode":20200,"fictionality":"REAL","globalid":"{234EF03D-0B6A-4D5A-9183-32640230D4EB}","lengthkm":2.47465779,"loaddate":1758113402000,"name":null,"objectid":1141494,"permanent_identifier":"f9735be3-f1d5-4c48-9498-9fa335fadf16","railclassification":null,"railowner":"Kanawha River Railroad","railownercode":"KNWA","railsubdivision":"WEST VIRGINIA SECONDARY","railusage":"M","real_world_relation":"REFERENCE_ONLY","shape_Length":3269.018231219063,"source_datadesc":"FRA Rail Lines 07/2025","source_datasetid":"{14EEFC21-039C-4AB1-8866-0FA5FC6A7AEB}","source_featureid":"393988","source_id":"REF-KANAWHA-RAIL","source_originator":"Federal Railroad Administration"},"type":"Feature"},{"geometry":{"coordinates":[[-81.512107,38.20963],[-81.511725,38.209067],[-81.511457,38.20857],[-81.510867,38.208023],[-81.510035,38.207303],[-81.509091,38.206471],[-81.508131,38.205767],[-81.506353,38.204275],[-81.505557,38.203836],[-81.504874,38.203583]],"type":"LineString"},"id":"REF-KANAWHA-RAIL-93","properties":{"canon_status":"REAL_REFERENCE","fcode":20201,"fictionality":"REAL","globalid":"{2F764B2D-06F2-4281-AAF6-063A69565540}","lengthkm":0.94204549,"loaddate":1758113402000,"name":"DICKINSON YARD","objectid":1141960,"permanent_identifier":"8ec72785-749b-4637-8139-f4262310a555","railclassification":null,"railowner":"Kanawha River Railroad","railownercode":"KNWA","railsubdivision":null,"railusage":"O","real_world_relation":"REFERENCE_ONLY","shape_Length":1192.2421748380084,"source_datadesc":"FRA Rail Lines 07/2025","source_datasetid":"{14EEFC21-039C-4AB1-8866-0FA5FC6A7AEB}","source_featureid":"404199","source_id":"REF-KANAWHA-RAIL","source_originator":"Federal Railroad Administration"},"type":"Feature"},{"geometry":{"coordinates":[[-81.611145,38.329979],[-81.610718,38.32976],[-81.610147,38.329606],[-81.603687,38.327726],[-81.596471,38.325638],[-81.595151,38.325251],[-81.594645,38.325079],[-81.594056,38.324853],[-81.593467,38.324573],[-81.59292,38.324287],[-81.589511,38.322313],[-81.58831,38.321617],[-81.58742,38.321208]],"type":"LineString"},"id":"REF-KANAWHA-RAIL-94","properties":{"canon_status":"REAL_REFERENCE","fcode":20201,"fictionality":"REAL","globalid":"{33956F45-088B-4C1B-BF6A-C3A66EE6A0C5}","lengthkm":2.23044836,"loaddate":1758113402000,"name":null,"objectid":1142798,"permanent_identifier":"3a0837b6-d6a2-460c-93af-d15685a7a8da","railclassification":null,"railowner":null,"railownercode":"CSXT","railsubdivision":null,"railusage":"O","real_world_relation":"REFERENCE_ONLY","shape_Length":2940.9828226843188,"source_datadesc":"FRA Rail Lines 07/2025","source_datasetid":"{14EEFC21-039C-4AB1-8866-0FA5FC6A7AEB}","source_featureid":"418417","source_id":"REF-KANAWHA-RAIL","source_originator":"Federal Railroad Administration"},"type":"Feature"},{"geometry":{"coordinates":[[-81.677588,38.364909],[-81.678577,38.365182],[-81.679728,38.365552],[-81.680189,38.365723],[-81.680366,38.365868]],"type":"LineString"},"id":"REF-KANAWHA-RAIL-95","properties":{"canon_status":"REAL_REFERENCE","fcode":20201,"fictionality":"REAL","globalid":"{D9D9849F-04B0-442E-8972-B555D0F47A7B}","lengthkm":0.25745351,"loaddate":1758113402000,"name":null,"objectid":1142799,"permanent_identifier":"805d1824-987f-4a11-871a-3db8648602e9","railclassification":null,"railowner":null,"railownercode":"CSXT","railsubdivision":null,"railusage":"O","real_world_relation":"REFERENCE_ONLY","shape_Length":340.49241820999987,"source_datadesc":"FRA Rail Lines 07/2025","source_datasetid":"{14EEFC21-039C-4AB1-8866-0FA5FC6A7AEB}","source_featureid":"418418","source_id":"REF-KANAWHA-RAIL","source_originator":"Federal Railroad Administration"},"type":"Feature"},{"geometry":{"coordinates":[[-81.677588,38.364909],[-81.678381,38.365058]],"type":"LineString"},"id":"REF-KANAWHA-RAIL-96","properties":{"canon_status":"REAL_REFERENCE","fcode":20201,"fictionality":"REAL","globalid":"{B57C9198-59F6-473D-B4FE-B5D6B2D91DCE}","lengthkm":0.06765887000000001,"loaddate":1758113402000,"name":null,"objectid":1142800,"permanent_identifier":"3d215194-34c2-487b-b4f6-dd6c8c908788","railclassification":null,"railowner":null,"railownercode":"CSXT","railsubdivision":null,"railusage":"O","real_world_relation":"REFERENCE_ONLY","shape_Length":90.76931217791005,"source_datadesc":"FRA Rail Lines 07/2025","source_datasetid":"{14EEFC21-039C-4AB1-8866-0FA5FC6A7AEB}","source_featureid":"418419","source_id":"REF-KANAWHA-RAIL","source_originator":"Federal Railroad Administration"},"type":"Feature"},{"geometry":{"coordinates":[[-81.476646,38.198016],[-81.474697,38.19902],[-81.473649,38.199559],[-81.472473,38.200166]],"type":"LineString"},"id":"REF-KANAWHA-RAIL-97","properties":{"canon_status":"REAL_REFERENCE","fcode":20200,"fictionality":"REAL","globalid":"{12A778F9-8916-494E-94C4-4BB99B3A3882}","lengthkm":0.42760385000000006,"loaddate":1758113402000,"name":null,"objectid":1149714,"permanent_identifier":"949e0dee-5c03-47cf-b408-07b072423de2","railclassification":null,"railowner":null,"railownercode":"CSXT","railsubdivision":"KANAWHA","railusage":"M","real_world_relation":"REFERENCE_ONLY","shape_Length":555.4232599839502,"source_datadesc":"FRA Rail Lines 07/2025","source_datasetid":"{14EEFC21-039C-4AB1-8866-0FA5FC6A7AEB}","source_featureid":"404081","source_id":"REF-KANAWHA-RAIL","source_originator":"Federal Railroad Administration"},"type":"Feature"}],"type":"FeatureCollection"}
