{"features":[{"geometry":{"coordinates":[[-81.47524,38.198919],[-81.476626,38.198168]],"type":"LineString"},"id":"REF-KANAWHA-CONNECTING-ROADS-1","properties":{"canon_status":"REAL_REFERENCE","county_route":null,"federal_lands_route":null,"fictionality":"REAL","globalid":"{558A48FD-ADA7-4175-9283-91619E0D7FFA}","interstate":null,"interstate_a":null,"interstate_b":null,"interstate_c":null,"loaddate":1474003102000,"mtfcc_code":"S1200","name":"3rd Ave","objectid":31408,"permanent_identifier":"428d98c9-86c7-433f-992a-4b392ca7d81f","real_world_relation":"REFERENCE_ONLY","shape_Length":187.4078579865074,"source_datadesc":"2016 January MAFTIGER","source_datasetid":"{9298FF95-0FA8-4712-9AA5-9292C907CA63}","source_featureid":"1104259509480","source_id":"REF-KANAWHA-CONNECTING-ROADS","source_originator":"U.S. Department of Commerce, U.S. Census Bureau, Geography Division","state_route":"61","state_route_a":"61","state_route_b":null,"state_route_c":null,"stco_fipscode":"54039","tnmfrc":3,"us_route":null,"us_route_a":null,"us_route_b":null,"us_route_c":null},"type":"Feature"},{"geometry":{"coordinates":[[-81.563344,38.306769],[-81.563325,38.30637],[-81.563308,38.306126]],"type":"LineString"},"id":"REF-KANAWHA-CONNECTING-ROADS-2","properties":{"canon_status":"REAL_REFERENCE","county_route":null,"federal_lands_route":null,"fictionality":"REAL","globalid":"{6047AB51-8E2E-4950-BAE8-C28FFAF6EA27}","interstate":null,"interstate_a":null,"interstate_b":null,"interstate_c":null,"loaddate":1568217705000,"mtfcc_code":"S1200","name":"Maccorkle Ave SE","objectid":117764,"permanent_identifier":"4fc0ad09-481d-4676-8c76-32d5ef3267b6","real_world_relation":"REFERENCE_ONLY","shape_Length":91.30799571763617,"source_datadesc":"2016 January MAFTIGER","source_datasetid":"{9298FF95-0FA8-4712-9AA5-9292C907CA63}","source_featureid":"1101747018888","source_id":"REF-KANAWHA-CONNECTING-ROADS","source_originator":"U.S. Department of Commerce, U.S. Census Bureau, Geography Division","state_route":"61","state_route_a":"61","state_route_b":null,"state_route_c":null,"stco_fipscode":"54039","tnmfrc":3,"us_route":null,"us_route_a":null,"us_route_b":null,"us_route_c":null},"type":"Feature"},{"geometry":{"coordinates":[[-81.602275,38.225154],[-81.602256,38.225163]],"type":"LineString"},"id":"REF-KANAWHA-CONNECTING-ROADS-3","properties":{"canon_status":"REAL_REFERENCE","county_route":null,"federal_lands_route":null,"fictionality":"REAL","globalid":"{6B55FC51-2296-49D0-A72B-5D00163A367B}","interstate":null,"interstate_a":null,"interstate_b":null,"interstate_c":null,"loaddate":1474002289000,"mtfcc_code":"S1200","name":"Hernshaw","objectid":158290,"permanent_identifier":"35349392-e674-4591-b574-d9bd4f19c672","real_world_relation":"REFERENCE_ONLY","shape_Length":2.4698771596372215,"source_datadesc":"2016 January MAFTIGER","source_datasetid":"{9298FF95-0FA8-4712-9AA5-9292C907CA63}","source_featureid":"1104468865760","source_id":"REF-KANAWHA-CONNECTING-ROADS","source_originator":"U.S. Department of Commerce, U.S. Census Bureau, Geography Division","state_route":"94","state_route_a":"94","state_route_b":null,"state_route_c":null,"stco_fipscode":"54039","tnmfrc":3,"us_route":null,"us_route_a":null,"us_route_b":null,"us_route_c":null},"type":"Feature"},{"geometry":{"coordinates":[[-81.605242,38.34672],[-81.605187,38.346893],[-81.605164,38.347002]],"type":"LineString"},"id":"REF-KANAWHA-CONNECTING-ROADS-4","properties":{"canon_status":"REAL_REFERENCE","county_route":null,"federal_lands_route":null,"fictionality":"REAL","globalid":"{E4071D3C-7332-4FA2-B9E0-672F93BBB78F}","interstate":null,"interstate_a":null,"interstate_b":null,"interstate_c":null,"loaddate":1474002869000,"mtfcc_code":"S1200","name":"Greenbrier St","objectid":285639,"permanent_identifier":"f2557681-0b35-4aa9-8cf4-4632c4ce1a43","real_world_relation":"REFERENCE_ONLY","shape_Length":40.98938858665722,"source_datadesc":"2016 January MAFTIGER","source_datasetid":"{9298FF95-0FA8-4712-9AA5-9292C907CA63}","source_featureid":"1101747019400","source_id":"REF-KANAWHA-CONNECTING-ROADS","source_originator":"U.S. Department of Commerce, U.S. Census Bureau, Geography Division","state_route":"114","state_route_a":"114","state_route_b":null,"state_route_c":null,"stco_fipscode":"54039","tnmfrc":3,"us_route":null,"us_route_a":null,"us_route_b":null,"us_route_c":null},"type":"Feature"},{"geometry":{"coordinates":[[-81.573788,38.257576],[-81.573686,38.25716]],"type":"LineString"},"id":"REF-KANAWHA-CONNECTING-ROADS-5","properties":{"canon_status":"REAL_REFERENCE","county_route":null,"federal_lands_route":null,"fictionality":"REAL","globalid":"{9EEA6A58-8365-4813-B00A-B78EC15CC57A}","interstate":null,"interstate_a":null,"interstate_b":null,"interstate_c":null,"loaddate":1474002633000,"mtfcc_code":"S1200","name":"Maccorkle Ave","objectid":412841,"permanent_identifier":"4c5050e0-e04d-4e68-837e-95727a9cc788","real_world_relation":"REFERENCE_ONLY","shape_Length":60.057627254575465,"source_datadesc":"2016 January MAFTIGER","source_datasetid":"{9298FF95-0FA8-4712-9AA5-9292C907CA63}","source_featureid":"1101747018877","source_id":"REF-KANAWHA-CONNECTING-ROADS","source_originator":"U.S. Department of Commerce, U.S. Census Bureau, Geography Division","state_route":"61","state_route_a":"61","state_route_b":null,"state_route_c":null,"stco_fipscode":"54039","tnmfrc":3,"us_route":null,"us_route_a":null,"us_route_b":null,"us_route_c":null},"type":"Feature"},{"geometry":{"coordinates":[[-81.504035,38.196274],[-81.503717,38.19618],[-81.503497,38.196119],[-81.503191,38.196043],[-81.502622,38.195922],[-81.502096,38.195833],[-81.501798,38.195794],[-81.501501,38.195764],[-81.501267,38.195749],[-81.501067,38.195743],[-81.500831,38.195747],[-81.500441,38.19577]],"type":"LineString"},"id":"REF-KANAWHA-CONNECTING-ROADS-6","properties":{"canon_status":"REAL_REFERENCE","county_route":null,"federal_lands_route":null,"fictionality":"REAL","globalid":"{BC0C7141-0E2B-4AE9-93F8-0459A421915E}","interstate":null,"interstate_a":null,"interstate_b":null,"interstate_c":null,"loaddate":1474002766000,"mtfcc_code":"S1200","name":"Maccorkle Ave","objectid":412846,"permanent_identifier":"c5a4f3ec-9f54-48da-a1fa-36badbeea2e8","real_world_relation":"REFERENCE_ONLY","shape_Length":410.2229078240494,"source_datadesc":"2016 January MAFTIGER","source_datasetid":"{9298FF95-0FA8-4712-9AA5-9292C907CA63}","source_featureid":"1101747018866","source_id":"REF-KANAWHA-CONNECTING-ROADS","source_originator":"U.S. Department of Commerce, U.S. Census Bureau, Geography Division","state_route":"61","state_route_a":"61","state_route_b":null,"state_route_c":null,"stco_fipscode":"54039","tnmfrc":3,"us_route":null,"us_route_a":null,"us_route_b":null,"us_route_c":null},"type":"Feature"},{"geometry":{"coordinates":[[-81.574491,38.372189],[-81.57461,38.372088]],"type":"LineString"},"id":"REF-KANAWHA-CONNECTING-ROADS-7","properties":{"canon_status":"REAL_REFERENCE","county_route":null,"federal_lands_route":null,"fictionality":"REAL","globalid":"{E2DEAB4F-03EE-435F-A1FA-1084631E4240}","interstate":null,"interstate_a":null,"interstate_b":null,"interstate_c":null,"loaddate":1474003102000,"mtfcc_code":"S1200","name":"Greenbrier St","objectid":540589,"permanent_identifier":"2e3908dd-c3f0-484f-914e-22fcf4900ed3","real_world_relation":"REFERENCE_ONLY","shape_Length":19.52306173193189,"source_datadesc":"2016 January MAFTIGER","source_datasetid":"{9298FF95-0FA8-4712-9AA5-9292C907CA63}","source_featureid":"1101747019399","source_id":"REF-KANAWHA-CONNECTING-ROADS","source_originator":"U.S. Department of Commerce, U.S. Census Bureau, Geography Division","state_route":"114","state_route_a":"114","state_route_b":null,"state_route_c":null,"stco_fipscode":"54039","tnmfrc":3,"us_route":null,"us_route_a":null,"us_route_b":null,"us_route_c":null},"type":"Feature"},{"geometry":{"coordinates":[[-81.493179,38.195316],[-81.493136,38.195292],[-81.493074,38.195277],[-81.491558,38.195207],[-81.491351,38.195202],[-81.491043,38.195205]],"type":"LineString"},"id":"REF-KANAWHA-CONNECTING-ROADS-8","properties":{"canon_status":"REAL_REFERENCE","county_route":null,"federal_lands_route":null,"fictionality":"REAL","globalid":"{10B4F600-B2DE-48A7-AB19-6E2D8FC6492D}","interstate":null,"interstate_a":null,"interstate_b":null,"interstate_c":null,"loaddate":1474002798000,"mtfcc_code":"S1200","name":"3rd Ave","objectid":540642,"permanent_identifier":"9349df62-3d3a-49e4-9c4e-e6211b45ad02","real_world_relation":"REFERENCE_ONLY","shape_Length":239.4870092686035,"source_datadesc":"2016 January MAFTIGER","source_datasetid":"{9298FF95-0FA8-4712-9AA5-9292C907CA63}","source_featureid":"1101747011930","source_id":"REF-KANAWHA-CONNECTING-ROADS","source_originator":"U.S. Department of Commerce, U.S. Census Bureau, Geography Division","state_route":"61","state_route_a":"61","state_route_b":null,"state_route_c":null,"stco_fipscode":"54039","tnmfrc":3,"us_route":null,"us_route_a":null,"us_route_b":null,"us_route_c":null},"type":"Feature"},{"geometry":{"coordinates":[[-81.565087,38.240906],[-81.564952,38.241063],[-81.564915,38.241101],[-81.564784,38.241235],[-81.564635,38.241366],[-81.564439,38.241516],[-81.564274,38.241625],[-81.564021,38.24177],[-81.563798,38.241883],[-81.563713,38.241923],[-81.563285,38.242114],[-81.562769,38.242347],[-81.562474,38.242479],[-81.562412,38.24251]],"type":"LineString"},"id":"REF-KANAWHA-CONNECTING-ROADS-9","properties":{"canon_status":"REAL_REFERENCE","county_route":null,"federal_lands_route":null,"fictionality":"REAL","globalid":"{BA8C916C-03FF-4EFE-B2C4-4B48A6909603}","interstate":null,"interstate_a":null,"interstate_b":null,"interstate_c":null,"loaddate":1474001298000,"mtfcc_code":"S1200","name":"State Rte 94","objectid":1048806,"permanent_identifier":"fa443029-78dd-4f1b-9484-85a2d4e7cf0d","real_world_relation":"REFERENCE_ONLY","shape_Length":379.40953980316107,"source_datadesc":"2016 January MAFTIGER","source_datasetid":"{9298FF95-0FA8-4712-9AA5-9292C907CA63}","source_featureid":"1101747011790","source_id":"REF-KANAWHA-CONNECTING-ROADS","source_originator":"U.S. Department of Commerce, U.S. Census Bureau, Geography Division","state_route":"94","state_route_a":"94","state_route_b":null,"state_route_c":null,"stco_fipscode":"54039","tnmfrc":3,"us_route":null,"us_route_a":null,"us_route_b":null,"us_route_c":null},"type":"Feature"},{"geometry":{"coordinates":[[-81.572907,38.373614],[-81.573244,38.373314],[-81.573383,38.373185],[-81.574491,38.372189]],"type":"LineString"},"id":"REF-KANAWHA-CONNECTING-ROADS-10","properties":{"canon_status":"REAL_REFERENCE","county_route":null,"federal_lands_route":null,"fictionality":"REAL","globalid":"{FEF8BBB7-4488-4375-B6C7-5BE12B802871}","interstate":null,"interstate_a":null,"interstate_b":null,"interstate_c":null,"loaddate":1474003102000,"mtfcc_code":"S1200","name":"Greenbrier St","objectid":1303332,"permanent_identifier":"5b7afb94-b14b-4337-9a29-dc905ee56223","real_world_relation":"REFERENCE_ONLY","shape_Length":268.2866446358934,"source_datadesc":"2016 January MAFTIGER","source_datasetid":"{9298FF95-0FA8-4712-9AA5-9292C907CA63}","source_featureid":"1101747019399","source_id":"REF-KANAWHA-CONNECTING-ROADS","source_originator":"U.S. Department of Commerce, U.S. Census Bureau, Geography Division","state_route":"114","state_route_a":"114","state_route_b":null,"state_route_c":null,"stco_fipscode":"54039","tnmfrc":3,"us_route":null,"us_route_a":null,"us_route_b":null,"us_route_c":null},"type":"Feature"},{"geometry":{"coordinates":[[-81.605164,38.347002],[-81.60515,38.34707],[-81.60514,38.347141],[-81.605085,38.347764],[-81.605013,38.348388],[-81.604969,38.348595],[-81.604907,38.348798],[-81.604827,38.34901]],"type":"LineString"},"id":"REF-KANAWHA-CONNECTING-ROADS-11","properties":{"canon_status":"REAL_REFERENCE","county_route":null,"federal_lands_route":null,"fictionality":"REAL","globalid":"{220CD38F-6C6C-4948-86C2-0D8783A3C94F}","interstate":null,"interstate_a":null,"interstate_b":null,"interstate_c":null,"loaddate":1474002869000,"mtfcc_code":"S1200","name":"Greenbrier St","objectid":1303393,"permanent_identifier":"ace5ef43-e385-4a6e-a80b-e4a3b8ed83c2","real_world_relation":"REFERENCE_ONLY","shape_Length":288.2914425507812,"source_datadesc":"2016 January MAFTIGER","source_datasetid":"{9298FF95-0FA8-4712-9AA5-9292C907CA63}","source_featureid":"1101747019400","source_id":"REF-KANAWHA-CONNECTING-ROADS","source_originator":"U.S. Department of Commerce, U.S. Census Bureau, Geography Division","state_route":"114","state_route_a":"114","state_route_b":null,"state_route_c":null,"stco_fipscode":"54039","tnmfrc":3,"us_route":null,"us_route_a":null,"us_route_b":null,"us_route_c":null},"type":"Feature"},{"geometry":{"coordinates":[[-81.603558,38.223942],[-81.603004,38.224468],[-81.602345,38.225082],[-81.602328,38.2251]],"type":"LineString"},"id":"REF-KANAWHA-CONNECTING-ROADS-12","properties":{"canon_status":"REAL_REFERENCE","county_route":null,"federal_lands_route":null,"fictionality":"REAL","globalid":"{A531857E-B5F6-478D-A07E-8A66846E6A19}","interstate":null,"interstate_a":null,"interstate_b":null,"interstate_c":null,"loaddate":1474002713000,"mtfcc_code":"S1200","name":"Hernshaw","objectid":1430415,"permanent_identifier":"b8a4d6f9-a981-4659-b2ca-82898b58f2d0","real_world_relation":"REFERENCE_ONLY","shape_Length":213.7210954342766,"source_datadesc":"2016 January MAFTIGER","source_datasetid":"{9298FF95-0FA8-4712-9AA5-9292C907CA63}","source_featureid":"1104468897708","source_id":"REF-KANAWHA-CONNECTING-ROADS","source_originator":"U.S. Department of Commerce, U.S. Census Bureau, Geography Division","state_route":"94","state_route_a":"94","state_route_b":null,"state_route_c":null,"stco_fipscode":"54039","tnmfrc":3,"us_route":null,"us_route_a":null,"us_route_b":null,"us_route_c":null},"type":"Feature"},{"geometry":{"coordinates":[[-81.611885,38.342231],[-81.611665,38.342408],[-81.611464,38.342546],[-81.611252,38.342672],[-81.611038,38.342786]],"type":"LineString"},"id":"REF-KANAWHA-CONNECTING-ROADS-13","properties":{"canon_status":"REAL_REFERENCE","county_route":null,"federal_lands_route":null,"fictionality":"REAL","globalid":"{2D9288D6-57D4-4946-B34F-D4C12CF33C4D}","interstate":null,"interstate_a":null,"interstate_b":null,"interstate_c":null,"loaddate":1568217705000,"mtfcc_code":"S1200","name":"Greenbrier St","objectid":1516980,"permanent_identifier":"1c92e174-17b9-404f-b638-a24a5cef51d2","real_world_relation":"REFERENCE_ONLY","shape_Length":123.22877120663077,"source_datadesc":"2016 January MAFTIGER","source_datasetid":"{9298FF95-0FA8-4712-9AA5-9292C907CA63}","source_featureid":"1101747019401","source_id":"REF-KANAWHA-CONNECTING-ROADS","source_originator":"U.S. Department of Commerce, U.S. Census Bureau, Geography Division","state_route":"114","state_route_a":"114","state_route_b":null,"state_route_c":null,"stco_fipscode":"54039","tnmfrc":3,"us_route":null,"us_route_a":null,"us_route_b":null,"us_route_c":null},"type":"Feature"},{"geometry":{"coordinates":[[-81.60497,38.349017],[-81.604855,38.349266],[-81.604723,38.349509],[-81.604662,38.349603],[-81.604524,38.349784],[-81.604337,38.350002],[-81.604134,38.350212],[-81.603955,38.350376],[-81.603883,38.350434]],"type":"LineString"},"id":"REF-KANAWHA-CONNECTING-ROADS-14","properties":{"canon_status":"REAL_REFERENCE","county_route":null,"federal_lands_route":null,"fictionality":"REAL","globalid":"{A37701F9-941D-4002-B812-D909629498DF}","interstate":null,"interstate_a":null,"interstate_b":null,"interstate_c":null,"loaddate":1474001570000,"mtfcc_code":"S1200","name":"Greenbrier St","objectid":1685230,"permanent_identifier":"8370efc5-cac8-4f14-8eb5-7a0a51ebc796","real_world_relation":"REFERENCE_ONLY","shape_Length":236.82335672683294,"source_datadesc":"2016 January MAFTIGER","source_datasetid":"{9298FF95-0FA8-4712-9AA5-9292C907CA63}","source_featureid":"1101747019401","source_id":"REF-KANAWHA-CONNECTING-ROADS","source_originator":"U.S. Department of Commerce, U.S. Census Bureau, Geography Division","state_route":"114","state_route_a":"114","state_route_b":null,"state_route_c":null,"stco_fipscode":"54039","tnmfrc":3,"us_route":null,"us_route_a":null,"us_route_b":null,"us_route_c":null},"type":"Feature"},{"geometry":{"coordinates":[[-81.499517,38.195838],[-81.498482,38.195921]],"type":"LineString"},"id":"REF-KANAWHA-CONNECTING-ROADS-15","properties":{"canon_status":"REAL_REFERENCE","county_route":null,"federal_lands_route":null,"fictionality":"REAL","globalid":"{AE7ED04F-FC17-4608-BEF8-2AE2984CB6D8}","interstate":null,"interstate_a":null,"interstate_b":null,"interstate_c":null,"loaddate":1474002766000,"mtfcc_code":"S1200","name":"Maccorkle Ave","objectid":1812201,"permanent_identifier":"b74a57cc-bb5c-4f5b-9d6b-4f7a97255c0e","real_world_relation":"REFERENCE_ONLY","shape_Length":115.81396794070233,"source_datadesc":"2016 January MAFTIGER","source_datasetid":"{9298FF95-0FA8-4712-9AA5-9292C907CA63}","source_featureid":"1101747018866","source_id":"REF-KANAWHA-CONNECTING-ROADS","source_originator":"U.S. Department of Commerce, U.S. Census Bureau, Geography Division","state_route":"61","state_route_a":"61","state_route_b":null,"state_route_c":null,"stco_fipscode":"54039","tnmfrc":3,"us_route":null,"us_route_a":null,"us_route_b":null,"us_route_c":null},"type":"Feature"},{"geometry":{"coordinates":[[-81.563219,38.30615],[-81.563215,38.306471],[-81.563207,38.306739]],"type":"LineString"},"id":"REF-KANAWHA-CONNECTING-ROADS-16","properties":{"canon_status":"REAL_REFERENCE","county_route":null,"federal_lands_route":null,"fictionality":"REAL","globalid":"{54B0626F-15F5-42E5-B9F9-117B8CAED5EB}","interstate":null,"interstate_a":null,"interstate_b":null,"interstate_c":null,"loaddate":1568217705000,"mtfcc_code":"S1200","name":"Maccorkle Ave SE","objectid":1898978,"permanent_identifier":"d210f6f1-db78-43cc-8f70-7887e0c98bff","real_world_relation":"REFERENCE_ONLY","shape_Length":83.69229833747602,"source_datadesc":"2018 May MAF/TIGER","source_datasetid":"{9298FF95-0FA8-4712-9AA5-9292C907CA63}","source_featureid":"1101747018887","source_id":"REF-KANAWHA-CONNECTING-ROADS","source_originator":"U.S. Department of Commerce, U.S. Census Bureau, Geography Division","state_route":"61","state_route_a":"61","state_route_b":null,"state_route_c":null,"stco_fipscode":"54039","tnmfrc":3,"us_route":null,"us_route_a":null,"us_route_b":null,"us_route_c":null},"type":"Feature"},{"geometry":{"coordinates":[[-81.496737,38.195737],[-81.496291,38.19558],[-81.495992,38.195486],[-81.495739,38.195426],[-81.495565,38.195402],[-81.495303,38.195385]],"type":"LineString"},"id":"REF-KANAWHA-CONNECTING-ROADS-17","properties":{"canon_status":"REAL_REFERENCE","county_route":null,"federal_lands_route":null,"fictionality":"REAL","globalid":"{17A31220-301F-4C48-AC78-107446398664}","interstate":null,"interstate_a":null,"interstate_b":null,"interstate_c":null,"loaddate":1474002619000,"mtfcc_code":"S1200","name":"3rd Ave","objectid":1939746,"permanent_identifier":"e495a59b-6611-4aa2-8216-0f973b94d253","real_world_relation":"REFERENCE_ONLY","shape_Length":168.59907615010215,"source_datadesc":"2016 January MAFTIGER","source_datasetid":"{9298FF95-0FA8-4712-9AA5-9292C907CA63}","source_featureid":"1101747011935","source_id":"REF-KANAWHA-CONNECTING-ROADS","source_originator":"U.S. Department of Commerce, U.S. Census Bureau, Geography Division","state_route":"61","state_route_a":"61","state_route_b":null,"state_route_c":null,"stco_fipscode":"54039","tnmfrc":3,"us_route":null,"us_route_a":null,"us_route_b":null,"us_route_c":null},"type":"Feature"},{"geometry":{"coordinates":[[-81.623168,38.194237],[-81.623092,38.194435],[-81.623014,38.194588],[-81.622937,38.194708],[-81.622819,38.194864],[-81.622687,38.195012],[-81.622541,38.195153],[-81.62184,38.195761],[-81.621541,38.196011],[-81.621295,38.196191],[-81.621043,38.196356],[-81.620947,38.196412]],"type":"LineString"},"id":"REF-KANAWHA-CONNECTING-ROADS-18","properties":{"canon_status":"REAL_REFERENCE","county_route":null,"federal_lands_route":null,"fictionality":"REAL","globalid":"{254B9590-0F77-4121-989A-C55A2CF54744}","interstate":null,"interstate_a":null,"interstate_b":null,"interstate_c":null,"loaddate":1474001541000,"mtfcc_code":"S1200","name":"Lens Creek Rd","objectid":2066751,"permanent_identifier":"74d6b611-29b2-4b94-8ea6-22e803409398","real_world_relation":"REFERENCE_ONLY","shape_Length":400.78382282032743,"source_datadesc":"2016 January MAFTIGER","source_datasetid":"{9298FF95-0FA8-4712-9AA5-9292C907CA63}","source_featureid":"1104991778837","source_id":"REF-KANAWHA-CONNECTING-ROADS","source_originator":"U.S. Department of Commerce, U.S. Census Bureau, Geography Division","state_route":"94","state_route_a":"94","state_route_b":null,"state_route_c":null,"stco_fipscode":"54039","tnmfrc":3,"us_route":null,"us_route_a":null,"us_route_b":null,"us_route_c":null},"type":"Feature"},{"geometry":{"coordinates":[[-81.488449,38.195095],[-81.489132,38.195127],[-81.48927,38.195129]],"type":"LineString"},"id":"REF-KANAWHA-CONNECTING-ROADS-19","properties":{"canon_status":"REAL_REFERENCE","county_route":null,"federal_lands_route":null,"fictionality":"REAL","globalid":"{5AE2C1F4-8C91-4496-9110-98D21FF88EE9}","interstate":null,"interstate_a":null,"interstate_b":null,"interstate_c":null,"loaddate":1474003102000,"mtfcc_code":"S1200","name":"3rd Ave","objectid":2194107,"permanent_identifier":"309b3d54-13c4-44c0-8470-f1b5ec39551e","real_world_relation":"REFERENCE_ONLY","shape_Length":91.53089766366156,"source_datadesc":"2016 January MAFTIGER","source_datasetid":"{9298FF95-0FA8-4712-9AA5-9292C907CA63}","source_featureid":"1104259509480","source_id":"REF-KANAWHA-CONNECTING-ROADS","source_originator":"U.S. Department of Commerce, U.S. Census Bureau, Geography Division","state_route":"61","state_route_a":"61","state_route_b":null,"state_route_c":null,"stco_fipscode":"54039","tnmfrc":3,"us_route":null,"us_route_a":null,"us_route_b":null,"us_route_c":null},"type":"Feature"},{"geometry":{"coordinates":[[-81.444149,38.21585],[-81.444729,38.215683],[-81.444943,38.215632],[-81.445156,38.215589],[-81.445401,38.215541],[-81.446115,38.215384],[-81.446574,38.215265],[-81.4471,38.215112],[-81.447356,38.215026],[-81.447843,38.214838]],"type":"LineString"},"id":"REF-KANAWHA-CONNECTING-ROADS-20","properties":{"canon_status":"REAL_REFERENCE","county_route":null,"federal_lands_route":null,"fictionality":"REAL","globalid":"{5277EB43-179C-44E1-8587-E02708BDA4C9}","interstate":null,"interstate_a":null,"interstate_b":null,"interstate_c":null,"loaddate":1474003102000,"mtfcc_code":"S1200","name":"3rd Ave","objectid":2448715,"permanent_identifier":"063fe4f4-da75-4645-9373-ed7481094a06","real_world_relation":"REFERENCE_ONLY","shape_Length":436.4240858749986,"source_datadesc":"2016 January MAFTIGER","source_datasetid":"{9298FF95-0FA8-4712-9AA5-9292C907CA63}","source_featureid":"1104259509480","source_id":"REF-KANAWHA-CONNECTING-ROADS","source_originator":"U.S. Department of Commerce, U.S. Census Bureau, Geography Division","state_route":"61","state_route_a":"61","state_route_b":null,"state_route_c":null,"stco_fipscode":"54039","tnmfrc":3,"us_route":null,"us_route_a":null,"us_route_b":null,"us_route_c":null},"type":"Feature"},{"geometry":{"coordinates":[[-81.49029,38.195172],[-81.491043,38.195205]],"type":"LineString"},"id":"REF-KANAWHA-CONNECTING-ROADS-21","properties":{"canon_status":"REAL_REFERENCE","county_route":null,"federal_lands_route":null,"fictionality":"REAL","globalid":"{08065624-DCA7-4CCE-91BB-6925C943D8EA}","interstate":null,"interstate_a":null,"interstate_b":null,"interstate_c":null,"loaddate":1474003102000,"mtfcc_code":"S1200","name":"3rd Ave","objectid":2575468,"permanent_identifier":"db5f386f-d8e4-4a55-a050-4565353a0514","real_world_relation":"REFERENCE_ONLY","shape_Length":83.95382101260206,"source_datadesc":"2016 January MAFTIGER","source_datasetid":"{9298FF95-0FA8-4712-9AA5-9292C907CA63}","source_featureid":"1104259509480","source_id":"REF-KANAWHA-CONNECTING-ROADS","source_originator":"U.S. Department of Commerce, U.S. Census Bureau, Geography Division","state_route":"61","state_route_a":"61","state_route_b":null,"state_route_c":null,"stco_fipscode":"54039","tnmfrc":3,"us_route":null,"us_route_a":null,"us_route_b":null,"us_route_c":null},"type":"Feature"},{"geometry":{"coordinates":[[-81.532462,38.220632],[-81.532032,38.22032],[-81.531696,38.220067]],"type":"LineString"},"id":"REF-KANAWHA-CONNECTING-ROADS-22","properties":{"canon_status":"REAL_REFERENCE","county_route":null,"federal_lands_route":null,"fictionality":"REAL","globalid":"{8A16B027-2827-4439-BD45-1D27240E8A0E}","interstate":null,"interstate_a":null,"interstate_b":null,"interstate_c":null,"loaddate":1474002619000,"mtfcc_code":"S1200","name":"Maccorkle Ave","objectid":2703001,"permanent_identifier":"0749c96c-8e10-458e-9b17-fb34e2e86be2","real_world_relation":"REFERENCE_ONLY","shape_Length":116.96725677873084,"source_datadesc":"2016 January MAFTIGER","source_datasetid":"{9298FF95-0FA8-4712-9AA5-9292C907CA63}","source_featureid":"1101747018871","source_id":"REF-KANAWHA-CONNECTING-ROADS","source_originator":"U.S. Department of Commerce, U.S. Census Bureau, Geography Division","state_route":"61","state_route_a":"61","state_route_b":null,"state_route_c":null,"stco_fipscode":"54039","tnmfrc":3,"us_route":null,"us_route_a":null,"us_route_b":null,"us_route_c":null},"type":"Feature"},{"geometry":{"coordinates":[[-81.639614,38.347549],[-81.6391,38.347139],[-81.63839,38.346592],[-81.638085,38.34634],[-81.638058,38.346313]],"type":"LineString"},"id":"REF-KANAWHA-CONNECTING-ROADS-23","properties":{"canon_status":"REAL_REFERENCE","county_route":null,"federal_lands_route":null,"fictionality":"REAL","globalid":"{F5DC60DD-FABD-4A61-A9ED-D5BC6D412899}","interstate":null,"interstate_a":null,"interstate_b":null,"interstate_c":null,"loaddate":1474001726000,"mtfcc_code":"S1200","name":"Maccorkle Ave SE","objectid":2830500,"permanent_identifier":"f6f097e0-b5be-48bc-a3f2-18e84bddd2ff","real_world_relation":"REFERENCE_ONLY","shape_Length":246.593239397379,"source_datadesc":"2016 January MAFTIGER","source_datasetid":"{9298FF95-0FA8-4712-9AA5-9292C907CA63}","source_featureid":"1101747018888","source_id":"REF-KANAWHA-CONNECTING-ROADS","source_originator":"U.S. Department of Commerce, U.S. Census Bureau, Geography Division","state_route":"61","state_route_a":"61","state_route_b":null,"state_route_c":null,"stco_fipscode":"54039","tnmfrc":3,"us_route":null,"us_route_a":null,"us_route_b":null,"us_route_c":null},"type":"Feature"},{"geometry":{"coordinates":[[-81.620947,38.196412],[-81.620811,38.196491]],"type":"LineString"},"id":"REF-KANAWHA-CONNECTING-ROADS-24","properties":{"canon_status":"REAL_REFERENCE","county_route":null,"federal_lands_route":null,"fictionality":"REAL","globalid":"{A4E8A7A0-52DE-4BD6-B326-B413A0BFA1B7}","interstate":null,"interstate_a":null,"interstate_b":null,"interstate_c":null,"loaddate":1474001298000,"mtfcc_code":"S1200","name":"State Rte 94","objectid":2830547,"permanent_identifier":"4fe60e81-458a-4049-b108-cdbb0403b25b","real_world_relation":"REFERENCE_ONLY","shape_Length":18.826039688342217,"source_datadesc":"2016 January MAFTIGER","source_datasetid":"{9298FF95-0FA8-4712-9AA5-9292C907CA63}","source_featureid":"1101747011792","source_id":"REF-KANAWHA-CONNECTING-ROADS","source_originator":"U.S. Department of Commerce, U.S. Census Bureau, Geography Division","state_route":"94","state_route_a":"94","state_route_b":null,"state_route_c":null,"stco_fipscode":"54039","tnmfrc":3,"us_route":null,"us_route_a":null,"us_route_b":null,"us_route_c":null},"type":"Feature"},{"geometry":{"coordinates":[[-81.493501,38.195325],[-81.493179,38.195316]],"type":"LineString"},"id":"REF-KANAWHA-CONNECTING-ROADS-25","properties":{"canon_status":"REAL_REFERENCE","county_route":null,"federal_lands_route":null,"fictionality":"REAL","globalid":"{3B7FA506-8738-4A6D-B3E3-7678E2099ECA}","interstate":null,"interstate_a":null,"interstate_b":null,"interstate_c":null,"loaddate":1474003194000,"mtfcc_code":"S1200","name":"3rd Ave","objectid":2830557,"permanent_identifier":"ffdc17f5-5428-4e21-9411-03c35f79127b","real_world_relation":"REFERENCE_ONLY","shape_Length":35.8675615419321,"source_datadesc":"2016 January MAFTIGER","source_datasetid":"{9298FF95-0FA8-4712-9AA5-9292C907CA63}","source_featureid":"1101747011931","source_id":"REF-KANAWHA-CONNECTING-ROADS","source_originator":"U.S. Department of Commerce, U.S. Census Bureau, Geography Division","state_route":"61","state_route_a":"61","state_route_b":null,"state_route_c":null,"stco_fipscode":"54039","tnmfrc":3,"us_route":null,"us_route_a":null,"us_route_b":null,"us_route_c":null},"type":"Feature"},{"geometry":{"coordinates":[[-81.496088,38.199592],[-81.496074,38.199673]],"type":"LineString"},"id":"REF-KANAWHA-CONNECTING-ROADS-26","properties":{"canon_status":"REAL_REFERENCE","county_route":null,"federal_lands_route":null,"fictionality":"REAL","globalid":"{9B717F9B-5A42-4A95-B9FE-B76686E5C482}","interstate":null,"interstate_a":"","interstate_b":"","interstate_c":"","loaddate":1673511277000,"mtfcc_code":"S1400","name":"Admiral T.J. Lopez Bridge","objectid":2830892,"permanent_identifier":"4b2fe366-5d58-4f54-8765-e4e2ecb19950","real_world_relation":"REFERENCE_ONLY","shape_Length":11.579261788981853,"source_datadesc":"2016 January MAFTIGER","source_datasetid":"{9298FF95-0FA8-4712-9AA5-9292C907CA63}","source_featureid":"1101747020046","source_id":"REF-KANAWHA-CONNECTING-ROADS","source_originator":"U.S. Department of Commerce, U.S. Census Bureau, Geography Division","state_route":null,"state_route_a":"","state_route_b":"","state_route_c":"","stco_fipscode":"54039","tnmfrc":3,"us_route":null,"us_route_a":"","us_route_b":"","us_route_c":""},"type":"Feature"},{"geometry":{"coordinates":[[-81.601066,38.328431],[-81.600198,38.328367],[-81.598592,38.32825]],"type":"LineString"},"id":"REF-KANAWHA-CONNECTING-ROADS-27","properties":{"canon_status":"REAL_REFERENCE","county_route":null,"federal_lands_route":null,"fictionality":"REAL","globalid":"{C420EE85-484D-4D3F-9D26-63307B94893D}","interstate":null,"interstate_a":null,"interstate_b":null,"interstate_c":null,"loaddate":1568217705000,"mtfcc_code":"S1200","name":"Maccorkle Ave SE","objectid":2916698,"permanent_identifier":"f677661b-63ff-43c2-b1ce-faa04bb4f4ea","real_world_relation":"REFERENCE_ONLY","shape_Length":276.59974533301164,"source_datadesc":"2016 January MAFTIGER","source_datasetid":"{9298FF95-0FA8-4712-9AA5-9292C907CA63}","source_featureid":"1101747018888","source_id":"REF-KANAWHA-CONNECTING-ROADS","source_originator":"U.S. Department of Commerce, U.S. Census Bureau, Geography Division","state_route":"61","state_route_a":"61","state_route_b":null,"state_route_c":null,"stco_fipscode":"54039","tnmfrc":3,"us_route":null,"us_route_a":null,"us_route_b":null,"us_route_c":null},"type":"Feature"},{"geometry":{"coordinates":[[-81.572295,38.253169],[-81.572249,38.253067],[-81.572051,38.252631],[-81.57191,38.252352]],"type":"LineString"},"id":"REF-KANAWHA-CONNECTING-ROADS-28","properties":{"canon_status":"REAL_REFERENCE","county_route":null,"federal_lands_route":null,"fictionality":"REAL","globalid":"{A65CCF04-2FA5-44EF-95F6-99510B45F1BA}","interstate":null,"interstate_a":null,"interstate_b":null,"interstate_c":null,"loaddate":1474002633000,"mtfcc_code":"S1200","name":"Maccorkle Ave","objectid":2957269,"permanent_identifier":"6cb7ad08-75c4-4d77-a8b2-1b4c7b50488c","real_world_relation":"REFERENCE_ONLY","shape_Length":123.50837237695225,"source_datadesc":"2016 January MAFTIGER","source_datasetid":"{9298FF95-0FA8-4712-9AA5-9292C907CA63}","source_featureid":"1101747018877","source_id":"REF-KANAWHA-CONNECTING-ROADS","source_originator":"U.S. Department of Commerce, U.S. Census Bureau, Geography Division","state_route":"61","state_route_a":"61","state_route_b":null,"state_route_c":null,"stco_fipscode":"54039","tnmfrc":3,"us_route":null,"us_route_a":null,"us_route_b":null,"us_route_c":null},"type":"Feature"},{"geometry":{"coordinates":[[-81.62572,38.335905],[-81.626508,38.336413],[-81.627603,38.337141],[-81.627837,38.337291],[-81.628219,38.337551],[-81.628587,38.337822],[-81.628854,38.338033],[-81.628943,38.338103],[-81.629144,38.338241],[-81.62969,38.338626]],"type":"LineString"},"id":"REF-KANAWHA-CONNECTING-ROADS-29","properties":{"canon_status":"REAL_REFERENCE","county_route":null,"federal_lands_route":null,"fictionality":"REAL","globalid":"{9C870B1C-CC10-4541-AA99-1556A204C9A9}","interstate":null,"interstate_a":null,"interstate_b":null,"interstate_c":null,"loaddate":1474001493000,"mtfcc_code":"S1200","name":"Maccorkle Ave SE","objectid":2957650,"permanent_identifier":"ed763d35-1ebf-4873-bf6d-748161513e07","real_world_relation":"REFERENCE_ONLY","shape_Length":587.1585030066411,"source_datadesc":"2016 January MAFTIGER","source_datasetid":"{9298FF95-0FA8-4712-9AA5-9292C907CA63}","source_featureid":"1101747018887","source_id":"REF-KANAWHA-CONNECTING-ROADS","source_originator":"U.S. Department of Commerce, U.S. Census Bureau, Geography Division","state_route":"61","state_route_a":"61","state_route_b":null,"state_route_c":null,"stco_fipscode":"54039","tnmfrc":3,"us_route":null,"us_route_a":null,"us_route_b":null,"us_route_c":null},"type":"Feature"},{"geometry":{"coordinates":[[-81.544527,38.229691],[-81.544197,38.229446],[-81.54408,38.229358]],"type":"LineString"},"id":"REF-KANAWHA-CONNECTING-ROADS-30","properties":{"canon_status":"REAL_REFERENCE","county_route":null,"federal_lands_route":null,"fictionality":"REAL","globalid":"{8FBCCED4-2515-4774-AA73-ED3A0EEFB6ED}","interstate":null,"interstate_a":null,"interstate_b":null,"interstate_c":null,"loaddate":1474002619000,"mtfcc_code":"S1200","name":"Maccorkle Ave","objectid":3084755,"permanent_identifier":"a19f92ac-deac-449d-8eef-65ef32ff5606","real_world_relation":"REFERENCE_ONLY","shape_Length":68.57808189710934,"source_datadesc":"2016 January MAFTIGER","source_datasetid":"{9298FF95-0FA8-4712-9AA5-9292C907CA63}","source_featureid":"1101747018871","source_id":"REF-KANAWHA-CONNECTING-ROADS","source_originator":"U.S. Department of Commerce, U.S. Census Bureau, Geography Division","state_route":"61","state_route_a":"61","state_route_b":null,"state_route_c":null,"stco_fipscode":"54039","tnmfrc":3,"us_route":null,"us_route_a":null,"us_route_b":null,"us_route_c":null},"type":"Feature"},{"geometry":{"coordinates":[[-81.561946,38.242616],[-81.561995,38.242678]],"type":"LineString"},"id":"REF-KANAWHA-CONNECTING-ROADS-31","properties":{"canon_status":"REAL_REFERENCE","county_route":null,"federal_lands_route":null,"fictionality":"REAL","globalid":"{AF36161F-99E5-4AA3-AF40-26512F836373}","interstate":null,"interstate_a":null,"interstate_b":null,"interstate_c":null,"loaddate":1474002730000,"mtfcc_code":"S1200","name":"Maccorkle Ave","objectid":3339488,"permanent_identifier":"34c81189-1c29-4c9f-93b3-da6acb14f169","real_world_relation":"REFERENCE_ONLY","shape_Length":10.342989091221028,"source_datadesc":"2016 January MAFTIGER","source_datasetid":"{9298FF95-0FA8-4712-9AA5-9292C907CA63}","source_featureid":"1101747018869","source_id":"REF-KANAWHA-CONNECTING-ROADS","source_originator":"U.S. Department of Commerce, U.S. Census Bureau, Geography Division","state_route":"61","state_route_a":"61","state_route_b":null,"state_route_c":null,"stco_fipscode":"54039","tnmfrc":3,"us_route":null,"us_route_a":null,"us_route_b":null,"us_route_c":null},"type":"Feature"},{"geometry":{"coordinates":[[-81.571655,38.251875],[-81.571492,38.251595],[-81.571191,38.251104],[-81.571147,38.25104]],"type":"LineString"},"id":"REF-KANAWHA-CONNECTING-ROADS-32","properties":{"canon_status":"REAL_REFERENCE","county_route":null,"federal_lands_route":null,"fictionality":"REAL","globalid":"{1B5327AF-CE46-4606-B041-C626FACF0CD7}","interstate":null,"interstate_a":null,"interstate_b":null,"interstate_c":null,"loaddate":1474002633000,"mtfcc_code":"S1200","name":"Maccorkle Ave","objectid":3339561,"permanent_identifier":"792eeea9-97f1-45e2-89e6-0d6ba18d4992","real_world_relation":"REFERENCE_ONLY","shape_Length":131.19879537938368,"source_datadesc":"2016 January MAFTIGER","source_datasetid":"{9298FF95-0FA8-4712-9AA5-9292C907CA63}","source_featureid":"1101747018877","source_id":"REF-KANAWHA-CONNECTING-ROADS","source_originator":"U.S. Department of Commerce, U.S. Census Bureau, Geography Division","state_route":"61","state_route_a":"61","state_route_b":null,"state_route_c":null,"stco_fipscode":"54039","tnmfrc":3,"us_route":null,"us_route_a":null,"us_route_b":null,"us_route_c":null},"type":"Feature"},{"geometry":{"coordinates":[[-81.528735,38.217552],[-81.528432,38.217236],[-81.527792,38.216537]],"type":"LineString"},"id":"REF-KANAWHA-CONNECTING-ROADS-33","properties":{"canon_status":"REAL_REFERENCE","county_route":null,"federal_lands_route":null,"fictionality":"REAL","globalid":"{D28232AE-5462-48E9-BD1A-835EBD11EACB}","interstate":null,"interstate_a":null,"interstate_b":null,"interstate_c":null,"loaddate":1474002619000,"mtfcc_code":"S1200","name":"Maccorkle Ave","objectid":3466822,"permanent_identifier":"13ea4863-3570-4c48-802e-d3ef7439bc29","real_world_relation":"REFERENCE_ONLY","shape_Length":178.05854438014399,"source_datadesc":"2016 January MAFTIGER","source_datasetid":"{9298FF95-0FA8-4712-9AA5-9292C907CA63}","source_featureid":"1101747018871","source_id":"REF-KANAWHA-CONNECTING-ROADS","source_originator":"U.S. Department of Commerce, U.S. Census Bureau, Geography Division","state_route":"61","state_route_a":"61","state_route_b":null,"state_route_c":null,"stco_fipscode":"54039","tnmfrc":3,"us_route":null,"us_route_a":null,"us_route_b":null,"us_route_c":null},"type":"Feature"},{"geometry":{"coordinates":[[-81.565334,38.240566],[-81.565265,38.24066]],"type":"LineString"},"id":"REF-KANAWHA-CONNECTING-ROADS-34","properties":{"canon_status":"REAL_REFERENCE","county_route":null,"federal_lands_route":null,"fictionality":"REAL","globalid":"{6A7E895A-6721-4AD7-B5E7-53C5940C49C4}","interstate":null,"interstate_a":null,"interstate_b":null,"interstate_c":null,"loaddate":1474001298000,"mtfcc_code":"S1200","name":"State Rte 94","objectid":3594224,"permanent_identifier":"000ad892-186b-4799-ac6c-45976818ada5","real_world_relation":"REFERENCE_ONLY","shape_Length":15.378522743383972,"source_datadesc":"2016 January MAFTIGER","source_datasetid":"{9298FF95-0FA8-4712-9AA5-9292C907CA63}","source_featureid":"1101747011790","source_id":"REF-KANAWHA-CONNECTING-ROADS","source_originator":"U.S. Department of Commerce, U.S. Census Bureau, Geography Division","state_route":"94","state_route_a":"94","state_route_b":null,"state_route_c":null,"stco_fipscode":"54039","tnmfrc":3,"us_route":null,"us_route_a":null,"us_route_b":null,"us_route_c":null},"type":"Feature"},{"geometry":{"coordinates":[[-81.482026,38.195733],[-81.482328,38.195666],[-81.482691,38.195598],[-81.482836,38.195572],[-81.483588,38.195439]],"type":"LineString"},"id":"REF-KANAWHA-CONNECTING-ROADS-35","properties":{"canon_status":"REAL_REFERENCE","county_route":null,"federal_lands_route":null,"fictionality":"REAL","globalid":"{EBF77718-EA57-49A4-A475-88E47D687412}","interstate":null,"interstate_a":null,"interstate_b":null,"interstate_c":null,"loaddate":1474003102000,"mtfcc_code":"S1200","name":"3rd Ave","objectid":3594284,"permanent_identifier":"effcefdd-04c7-4282-93c5-84254f5ca0cc","real_world_relation":"REFERENCE_ONLY","shape_Length":178.83539097929082,"source_datadesc":"2016 January MAFTIGER","source_datasetid":"{9298FF95-0FA8-4712-9AA5-9292C907CA63}","source_featureid":"1104259509480","source_id":"REF-KANAWHA-CONNECTING-ROADS","source_originator":"U.S. Department of Commerce, U.S. Census Bureau, Geography Division","state_route":"61","state_route_a":"61","state_route_b":null,"state_route_c":null,"stco_fipscode":"54039","tnmfrc":3,"us_route":null,"us_route_a":null,"us_route_b":null,"us_route_c":null},"type":"Feature"},{"geometry":{"coordinates":[[-81.574009,38.262078],[-81.573989,38.261641],[-81.573969,38.261196],[-81.573969,38.261041],[-81.57398,38.26083],[-81.574034,38.260407],[-81.574121,38.259734],[-81.574137,38.25947],[-81.574129,38.259188],[-81.574107,38.258948],[-81.574074,38.258735],[-81.57394,38.258178],[-81.573915,38.25808],[-81.573822,38.257711],[-81.573788,38.257576]],"type":"LineString"},"id":"REF-KANAWHA-CONNECTING-ROADS-36","properties":{"canon_status":"REAL_REFERENCE","county_route":null,"federal_lands_route":null,"fictionality":"REAL","globalid":"{4FB2AAFB-26C4-4F1E-B6AA-B3C278B9DF87}","interstate":null,"interstate_a":null,"interstate_b":null,"interstate_c":null,"loaddate":1474002633000,"mtfcc_code":"S1200","name":"Maccorkle Ave","objectid":3594289,"permanent_identifier":"841f8722-e1b6-48f0-ab4d-456e12d91fba","real_world_relation":"REFERENCE_ONLY","shape_Length":642.5654760420578,"source_datadesc":"2016 January MAFTIGER","source_datasetid":"{9298FF95-0FA8-4712-9AA5-9292C907CA63}","source_featureid":"1101747018877","source_id":"REF-KANAWHA-CONNECTING-ROADS","source_originator":"U.S. Department of Commerce, U.S. Census Bureau, Geography Division","state_route":"61","state_route_a":"61","state_route_b":null,"state_route_c":null,"stco_fipscode":"54039","tnmfrc":3,"us_route":null,"us_route_a":null,"us_route_b":null,"us_route_c":null},"type":"Feature"},{"geometry":{"coordinates":[[-81.602614,38.351128],[-81.602379,38.351211],[-81.602136,38.351281],[-81.601988,38.351317]],"type":"LineString"},"id":"REF-KANAWHA-CONNECTING-ROADS-37","properties":{"canon_status":"REAL_REFERENCE","county_route":null,"federal_lands_route":null,"fictionality":"REAL","globalid":"{123C7BC6-33CB-4774-9ED5-D40A3EC38A17}","interstate":null,"interstate_a":null,"interstate_b":null,"interstate_c":null,"loaddate":1474001570000,"mtfcc_code":"S1200","name":"Greenbrier St","objectid":3721343,"permanent_identifier":"621837c2-86b3-4a8f-8caf-518384c75d8d","real_world_relation":"REFERENCE_ONLY","shape_Length":74.75821227336105,"source_datadesc":"2016 January MAFTIGER","source_datasetid":"{9298FF95-0FA8-4712-9AA5-9292C907CA63}","source_featureid":"1101747019401","source_id":"REF-KANAWHA-CONNECTING-ROADS","source_originator":"U.S. Department of Commerce, U.S. Census Bureau, Geography Division","state_route":"114","state_route_a":"114","state_route_b":null,"state_route_c":null,"stco_fipscode":"54039","tnmfrc":3,"us_route":null,"us_route_a":null,"us_route_b":null,"us_route_c":null},"type":"Feature"},{"geometry":{"coordinates":[[-81.581719,38.321442],[-81.58108,38.321067],[-81.580431,38.320704]],"type":"LineString"},"id":"REF-KANAWHA-CONNECTING-ROADS-38","properties":{"canon_status":"REAL_REFERENCE","county_route":null,"federal_lands_route":null,"fictionality":"REAL","globalid":"{B9E7CA4A-F327-4838-AA3C-970699C32555}","interstate":null,"interstate_a":null,"interstate_b":null,"interstate_c":null,"loaddate":1568217705000,"mtfcc_code":"S1200","name":"Maccorkle Ave SE","objectid":3807936,"permanent_identifier":"ad4f1e5b-7570-41c1-974f-4db82245c38e","real_world_relation":"REFERENCE_ONLY","shape_Length":177.55851808332437,"source_datadesc":"2016 January MAFTIGER","source_datasetid":"{9298FF95-0FA8-4712-9AA5-9292C907CA63}","source_featureid":"1101747018888","source_id":"REF-KANAWHA-CONNECTING-ROADS","source_originator":"U.S. Department of Commerce, U.S. Census Bureau, Geography Division","state_route":"61","state_route_a":"61","state_route_b":null,"state_route_c":null,"stco_fipscode":"54039","tnmfrc":3,"us_route":null,"us_route_a":null,"us_route_b":null,"us_route_c":null},"type":"Feature"},{"geometry":{"coordinates":[[-81.669419,38.37482],[-81.669594,38.374845],[-81.669661,38.37486]],"type":"LineString"},"id":"REF-KANAWHA-CONNECTING-ROADS-39","properties":{"canon_status":"REAL_REFERENCE","county_route":null,"federal_lands_route":null,"fictionality":"REAL","globalid":"{E8C91AC0-6695-4075-90ED-ABA06B5ABF3A}","interstate":null,"interstate_a":null,"interstate_b":null,"interstate_c":null,"loaddate":1474003011000,"mtfcc_code":"S1200","name":"7th Ave","objectid":3848711,"permanent_identifier":"6bf7f53c-d669-4aa4-907b-594ae8751f32","real_world_relation":"REFERENCE_ONLY","shape_Length":27.55835547223097,"source_datadesc":"2016 January MAFTIGER","source_datasetid":"{9298FF95-0FA8-4712-9AA5-9292C907CA63}","source_featureid":"1101747012130","source_id":"REF-KANAWHA-CONNECTING-ROADS","source_originator":"U.S. Department of Commerce, U.S. Census Bureau, Geography Division","state_route":"25","state_route_a":"25","state_route_b":null,"state_route_c":null,"stco_fipscode":"54039","tnmfrc":3,"us_route":null,"us_route_a":null,"us_route_b":null,"us_route_c":null},"type":"Feature"},{"geometry":{"coordinates":[[-81.586863,38.360423],[-81.587986,38.360109]],"type":"LineString"},"id":"REF-KANAWHA-CONNECTING-ROADS-40","properties":{"canon_status":"REAL_REFERENCE","county_route":null,"federal_lands_route":null,"fictionality":"REAL","globalid":"{04B34BF1-3E25-407C-92FD-766E4065D066}","interstate":null,"interstate_a":null,"interstate_b":null,"interstate_c":null,"loaddate":1474003102000,"mtfcc_code":"S1200","name":"Greenbrier St","objectid":3849134,"permanent_identifier":"5b7ae3cc-c391-4bb0-af2a-7cf9937f2b8d","real_world_relation":"REFERENCE_ONLY","shape_Length":132.7219034133182,"source_datadesc":"2016 January MAFTIGER","source_datasetid":"{9298FF95-0FA8-4712-9AA5-9292C907CA63}","source_featureid":"1101747019399","source_id":"REF-KANAWHA-CONNECTING-ROADS","source_originator":"U.S. Department of Commerce, U.S. Census Bureau, Geography Division","state_route":"114","state_route_a":"114","state_route_b":null,"state_route_c":null,"stco_fipscode":"54039","tnmfrc":3,"us_route":null,"us_route_a":null,"us_route_b":null,"us_route_c":null},"type":"Feature"},{"geometry":{"coordinates":[[-81.596693,38.228314],[-81.596382,38.228575],[-81.596056,38.228868]],"type":"LineString"},"id":"REF-KANAWHA-CONNECTING-ROADS-41","properties":{"canon_status":"REAL_REFERENCE","county_route":null,"federal_lands_route":null,"fictionality":"REAL","globalid":"{F2228A60-3477-4FA2-A2F9-7869308C15C1}","interstate":null,"interstate_a":null,"interstate_b":null,"interstate_c":null,"loaddate":1474002663000,"mtfcc_code":"S1200","name":"Lens Creek Rd","objectid":3976098,"permanent_identifier":"c055a815-752e-412f-ada3-98e565b6471b","real_world_relation":"REFERENCE_ONLY","shape_Length":105.80593252559652,"source_datadesc":"2016 January MAFTIGER","source_datasetid":"{9298FF95-0FA8-4712-9AA5-9292C907CA63}","source_featureid":"1104468979888","source_id":"REF-KANAWHA-CONNECTING-ROADS","source_originator":"U.S. Department of Commerce, U.S. Census Bureau, Geography Division","state_route":"94","state_route_a":"94","state_route_b":null,"state_route_c":null,"stco_fipscode":"54039","tnmfrc":3,"us_route":null,"us_route_a":null,"us_route_b":null,"us_route_c":null},"type":"Feature"},{"geometry":{"coordinates":[[-81.643209,38.350377],[-81.642446,38.349841],[-81.641892,38.349442],[-81.641141,38.348849],[-81.640845,38.348608],[-81.640268,38.348097],[-81.639797,38.347695],[-81.639614,38.347549]],"type":"LineString"},"id":"REF-KANAWHA-CONNECTING-ROADS-42","properties":{"canon_status":"REAL_REFERENCE","county_route":null,"federal_lands_route":null,"fictionality":"REAL","globalid":"{E2687439-5773-45C7-A203-953C05EDEA12}","interstate":null,"interstate_a":null,"interstate_b":null,"interstate_c":null,"loaddate":1474001726000,"mtfcc_code":"S1200","name":"Maccorkle Ave SE","objectid":3976380,"permanent_identifier":"a32b4690-1898-4818-b336-c034e6ff30f4","real_world_relation":"REFERENCE_ONLY","shape_Length":567.3308574256898,"source_datadesc":"2016 January MAFTIGER","source_datasetid":"{9298FF95-0FA8-4712-9AA5-9292C907CA63}","source_featureid":"1101747018888","source_id":"REF-KANAWHA-CONNECTING-ROADS","source_originator":"U.S. Department of Commerce, U.S. Census Bureau, Geography Division","state_route":"61","state_route_a":"61","state_route_b":null,"state_route_c":null,"stco_fipscode":"54039","tnmfrc":3,"us_route":null,"us_route_a":null,"us_route_b":null,"us_route_c":null},"type":"Feature"},{"geometry":{"coordinates":[[-81.658142,38.35857],[-81.658322,38.35869]],"type":"LineString"},"id":"REF-KANAWHA-CONNECTING-ROADS-43","properties":{"canon_status":"REAL_REFERENCE","county_route":null,"federal_lands_route":null,"fictionality":"REAL","globalid":"{B2171951-68EE-456A-BE55-16CBCCC6A368}","interstate":null,"interstate_a":null,"interstate_b":null,"interstate_c":null,"loaddate":1568217705000,"mtfcc_code":"S1200","name":"Maccorkle Ave SW","objectid":4062727,"permanent_identifier":"db5766d4-5e7d-4801-ae96-bc87d6ecc2d0","real_world_relation":"REFERENCE_ONLY","shape_Length":26.300514844173932,"source_datadesc":"2016 January MAFTIGER","source_datasetid":"{9298FF95-0FA8-4712-9AA5-9292C907CA63}","source_featureid":"1101747018890","source_id":"REF-KANAWHA-CONNECTING-ROADS","source_originator":"U.S. Department of Commerce, U.S. Census Bureau, Geography Division","state_route":"61","state_route_a":"61","state_route_b":null,"state_route_c":null,"stco_fipscode":"54039","tnmfrc":3,"us_route":null,"us_route_a":null,"us_route_b":null,"us_route_c":null},"type":"Feature"},{"geometry":{"coordinates":[[-81.595612,38.328026],[-81.595245,38.327959],[-81.594645,38.327828]],"type":"LineString"},"id":"REF-KANAWHA-CONNECTING-ROADS-44","properties":{"canon_status":"REAL_REFERENCE","county_route":null,"federal_lands_route":null,"fictionality":"REAL","globalid":"{58903C6E-CA49-4645-958B-C4C42BC876DE}","interstate":null,"interstate_a":null,"interstate_b":null,"interstate_c":null,"loaddate":1474001726000,"mtfcc_code":"S1200","name":"Maccorkle Ave SE","objectid":4103377,"permanent_identifier":"bfda8331-2151-4652-8a01-beb8d30fe3ff","real_world_relation":"REFERENCE_ONLY","shape_Length":111.27634042294692,"source_datadesc":"2016 January MAFTIGER","source_datasetid":"{9298FF95-0FA8-4712-9AA5-9292C907CA63}","source_featureid":"1101747018888","source_id":"REF-KANAWHA-CONNECTING-ROADS","source_originator":"U.S. Department of Commerce, U.S. Census Bureau, Geography Division","state_route":"61","state_route_a":"61","state_route_b":null,"state_route_c":null,"stco_fipscode":"54039","tnmfrc":3,"us_route":null,"us_route_a":null,"us_route_b":null,"us_route_c":null},"type":"Feature"},{"geometry":{"coordinates":[[-81.57461,38.372088],[-81.574694,38.372018],[-81.574851,38.371899],[-81.575098,38.371723],[-81.5754,38.371536],[-81.575569,38.371447]],"type":"LineString"},"id":"REF-KANAWHA-CONNECTING-ROADS-45","properties":{"canon_status":"REAL_REFERENCE","county_route":null,"federal_lands_route":null,"fictionality":"REAL","globalid":"{0CCCB847-9734-4A56-ADFE-BB9EB1FD46C3}","interstate":null,"interstate_a":null,"interstate_b":null,"interstate_c":null,"loaddate":1474003102000,"mtfcc_code":"S1200","name":"Greenbrier St","objectid":4103386,"permanent_identifier":"9994caa1-e1ab-435d-b14e-36ee1f4a549d","real_world_relation":"REFERENCE_ONLY","shape_Length":140.61765321884053,"source_datadesc":"2016 January MAFTIGER","source_datasetid":"{9298FF95-0FA8-4712-9AA5-9292C907CA63}","source_featureid":"1101747019399","source_id":"REF-KANAWHA-CONNECTING-ROADS","source_originator":"U.S. Department of Commerce, U.S. Census Bureau, Geography Division","state_route":"114","state_route_a":"114","state_route_b":null,"state_route_c":null,"stco_fipscode":"54039","tnmfrc":3,"us_route":null,"us_route_a":null,"us_route_b":null,"us_route_c":null},"type":"Feature"},{"geometry":{"coordinates":[[-81.605551,38.220813],[-81.60555,38.220927],[-81.605544,38.221027],[-81.60552,38.221255],[-81.605483,38.221459],[-81.60546,38.221554],[-81.605396,38.221757],[-81.605282,38.222029],[-81.605196,38.2222],[-81.605067,38.222411],[-81.604897,38.222641],[-81.604728,38.222839],[-81.604412,38.223154],[-81.604027,38.22351]],"type":"LineString"},"id":"REF-KANAWHA-CONNECTING-ROADS-46","properties":{"canon_status":"REAL_REFERENCE","county_route":null,"federal_lands_route":null,"fictionality":"REAL","globalid":"{B4533F15-9166-4558-A86E-B37935E90EDF}","interstate":null,"interstate_a":null,"interstate_b":null,"interstate_c":null,"loaddate":1474001747000,"mtfcc_code":"S1200","name":"Lens Creek Rd","objectid":4103748,"permanent_identifier":"f58b4b3a-d721-45d9-811a-0bd40b9cc443","real_world_relation":"REFERENCE_ONLY","shape_Length":429.5763481009212,"source_datadesc":"2016 January MAFTIGER","source_datasetid":"{9298FF95-0FA8-4712-9AA5-9292C907CA63}","source_featureid":"1104468897628","source_id":"REF-KANAWHA-CONNECTING-ROADS","source_originator":"U.S. Department of Commerce, U.S. Census Bureau, Geography Division","state_route":"94","state_route_a":"94","state_route_b":null,"state_route_c":null,"stco_fipscode":"54039","tnmfrc":3,"us_route":null,"us_route_a":null,"us_route_b":null,"us_route_c":null},"type":"Feature"},{"geometry":{"coordinates":[[-81.647254,38.35279],[-81.647,38.352691],[-81.646563,38.35252],[-81.646232,38.352374],[-81.645973,38.352249],[-81.645659,38.352081],[-81.645224,38.351796],[-81.6448,38.351501],[-81.644728,38.351448],[-81.644387,38.351197],[-81.644154,38.351039],[-81.643783,38.350787],[-81.643209,38.350377]],"type":"LineString"},"id":"REF-KANAWHA-CONNECTING-ROADS-47","properties":{"canon_status":"REAL_REFERENCE","county_route":null,"federal_lands_route":null,"fictionality":"REAL","globalid":"{1A236E3E-DABD-44FF-B0DD-A2084109B807}","interstate":null,"interstate_a":null,"interstate_b":null,"interstate_c":null,"loaddate":1568217705000,"mtfcc_code":"S1200","name":"Maccorkle Ave SE","objectid":4445428,"permanent_identifier":"426c8fdd-75a2-42a3-8c56-34582823fc37","real_world_relation":"REFERENCE_ONLY","shape_Length":568.9926303435894,"source_datadesc":"2016 January MAFTIGER","source_datasetid":"{9298FF95-0FA8-4712-9AA5-9292C907CA63}","source_featureid":"1101747018888","source_id":"REF-KANAWHA-CONNECTING-ROADS","source_originator":"U.S. Department of Commerce, U.S. Census Bureau, Geography Division","state_route":"61","state_route_a":"61","state_route_b":null,"state_route_c":null,"stco_fipscode":"54039","tnmfrc":3,"us_route":null,"us_route_a":null,"us_route_b":null,"us_route_c":null},"type":"Feature"},{"geometry":{"coordinates":[[-81.676758,38.376396],[-81.676506,38.376369],[-81.676052,38.37632],[-81.675214,38.376247],[-81.675022,38.376225]],"type":"LineString"},"id":"REF-KANAWHA-CONNECTING-ROADS-48","properties":{"canon_status":"REAL_REFERENCE","county_route":null,"federal_lands_route":null,"fictionality":"REAL","globalid":"{4F2E314D-0A0D-4704-8449-2F2C3681EAD6}","interstate":null,"interstate_a":null,"interstate_b":null,"interstate_c":null,"loaddate":1568217705000,"mtfcc_code":"S1200","name":"7th Ave","objectid":4445499,"permanent_identifier":"d96d766a-ba2c-402b-b686-c82e4d5ea922","real_world_relation":"REFERENCE_ONLY","shape_Length":194.78944882698136,"source_datadesc":"2016 January MAFTIGER","source_datasetid":"{9298FF95-0FA8-4712-9AA5-9292C907CA63}","source_featureid":"1101747012131","source_id":"REF-KANAWHA-CONNECTING-ROADS","source_originator":"U.S. Department of Commerce, U.S. Census Bureau, Geography Division","state_route":"25","state_route_a":"25","state_route_b":null,"state_route_c":null,"stco_fipscode":"54039","tnmfrc":3,"us_route":null,"us_route_a":null,"us_route_b":null,"us_route_c":null},"type":"Feature"},{"geometry":{"coordinates":[[-81.60714,38.207587],[-81.607118,38.207785]],"type":"LineString"},"id":"REF-KANAWHA-CONNECTING-ROADS-49","properties":{"canon_status":"REAL_REFERENCE","county_route":null,"federal_lands_route":null,"fictionality":"REAL","globalid":"{AE4E67ED-589F-4D8A-9030-4CB964F486D7}","interstate":null,"interstate_a":null,"interstate_b":null,"interstate_c":null,"loaddate":1474002466000,"mtfcc_code":"S1200","name":"Lens Creek Rd","objectid":4485729,"permanent_identifier":"478f615f-0f32-4c0f-a488-ebf722f5dc61","real_world_relation":"REFERENCE_ONLY","shape_Length":28.15710463412993,"source_datadesc":"2016 January MAFTIGER","source_datasetid":"{9298FF95-0FA8-4712-9AA5-9292C907CA63}","source_featureid":"1104468897518","source_id":"REF-KANAWHA-CONNECTING-ROADS","source_originator":"U.S. Department of Commerce, U.S. Census Bureau, Geography Division","state_route":"94","state_route_a":"94","state_route_b":null,"state_route_c":null,"stco_fipscode":"54039","tnmfrc":3,"us_route":null,"us_route_a":null,"us_route_b":null,"us_route_c":null},"type":"Feature"},{"geometry":{"coordinates":[[-81.605478,38.220249],[-81.605518,38.220428],[-81.605537,38.220583]],"type":"LineString"},"id":"REF-KANAWHA-CONNECTING-ROADS-50","properties":{"canon_status":"REAL_REFERENCE","county_route":null,"federal_lands_route":null,"fictionality":"REAL","globalid":"{4C3988A6-B5B8-4980-9C65-6094671FEFC7}","interstate":null,"interstate_a":null,"interstate_b":null,"interstate_c":null,"loaddate":1474002466000,"mtfcc_code":"S1200","name":"Lens Creek Rd","objectid":4485791,"permanent_identifier":"87579325-6a72-40e3-8846-834906c258ea","real_world_relation":"REFERENCE_ONLY","shape_Length":47.81510798534427,"source_datadesc":"2016 January MAFTIGER","source_datasetid":"{9298FF95-0FA8-4712-9AA5-9292C907CA63}","source_featureid":"1104468897518","source_id":"REF-KANAWHA-CONNECTING-ROADS","source_originator":"U.S. Department of Commerce, U.S. Census Bureau, Geography Division","state_route":"94","state_route_a":"94","state_route_b":null,"state_route_c":null,"stco_fipscode":"54039","tnmfrc":3,"us_route":null,"us_route_a":null,"us_route_b":null,"us_route_c":null},"type":"Feature"},{"geometry":{"coordinates":[[-81.603053,38.350955],[-81.602867,38.351032],[-81.602614,38.351128]],"type":"LineString"},"id":"REF-KANAWHA-CONNECTING-ROADS-51","properties":{"canon_status":"REAL_REFERENCE","county_route":null,"federal_lands_route":null,"fictionality":"REAL","globalid":"{1A33935A-E5A9-4D1E-B705-E8424C0DC227}","interstate":null,"interstate_a":null,"interstate_b":null,"interstate_c":null,"loaddate":1474001570000,"mtfcc_code":"S1200","name":"Greenbrier St","objectid":4486132,"permanent_identifier":"cb5e982b-cd48-45ad-888c-9c4ef186234e","real_world_relation":"REFERENCE_ONLY","shape_Length":54.700686002882655,"source_datadesc":"2016 January MAFTIGER","source_datasetid":"{9298FF95-0FA8-4712-9AA5-9292C907CA63}","source_featureid":"1101747019401","source_id":"REF-KANAWHA-CONNECTING-ROADS","source_originator":"U.S. Department of Commerce, U.S. Census Bureau, Geography Division","state_route":"114","state_route_a":"114","state_route_b":null,"state_route_c":null,"stco_fipscode":"54039","tnmfrc":3,"us_route":null,"us_route_a":null,"us_route_b":null,"us_route_c":null},"type":"Feature"},{"geometry":{"coordinates":[[-81.669347,38.374809],[-81.669419,38.37482]],"type":"LineString"},"id":"REF-KANAWHA-CONNECTING-ROADS-52","properties":{"canon_status":"REAL_REFERENCE","county_route":null,"federal_lands_route":null,"fictionality":"REAL","globalid":"{DDAA690F-ADDA-445A-BEE2-8300205EE940}","interstate":null,"interstate_a":null,"interstate_b":null,"interstate_c":null,"loaddate":1474003011000,"mtfcc_code":"S1200","name":"7th Ave","objectid":4869196,"permanent_identifier":"06bdf2c8-fba9-42ed-9967-7c2ef540eab7","real_world_relation":"REFERENCE_ONLY","shape_Length":8.165786490374893,"source_datadesc":"2016 January MAFTIGER","source_datasetid":"{9298FF95-0FA8-4712-9AA5-9292C907CA63}","source_featureid":"1101747012130","source_id":"REF-KANAWHA-CONNECTING-ROADS","source_originator":"U.S. Department of Commerce, U.S. Census Bureau, Geography Division","state_route":"25","state_route_a":"25","state_route_b":null,"state_route_c":null,"stco_fipscode":"54039","tnmfrc":3,"us_route":null,"us_route_a":null,"us_route_b":null,"us_route_c":null},"type":"Feature"},{"geometry":{"coordinates":[[-81.614187,38.200592],[-81.614104,38.200661],[-81.613486,38.20112]],"type":"LineString"},"id":"REF-KANAWHA-CONNECTING-ROADS-53","properties":{"canon_status":"REAL_REFERENCE","county_route":null,"federal_lands_route":null,"fictionality":"REAL","globalid":"{AD34EAEB-8F2B-4259-B19D-6B856C220A85}","interstate":null,"interstate_a":null,"interstate_b":null,"interstate_c":null,"loaddate":1474001695000,"mtfcc_code":"S1200","name":"Lens Creek Rd","objectid":4869215,"permanent_identifier":"4e5c09ea-6161-42fe-bbde-3917df71d601","real_world_relation":"REFERENCE_ONLY","shape_Length":108.1093915719006,"source_datadesc":"2016 January MAFTIGER","source_datasetid":"{9298FF95-0FA8-4712-9AA5-9292C907CA63}","source_featureid":"1104468899485","source_id":"REF-KANAWHA-CONNECTING-ROADS","source_originator":"U.S. Department of Commerce, U.S. Census Bureau, Geography Division","state_route":"94","state_route_a":"94","state_route_b":null,"state_route_c":null,"stco_fipscode":"54039","tnmfrc":3,"us_route":null,"us_route_a":null,"us_route_b":null,"us_route_c":null},"type":"Feature"},{"geometry":{"coordinates":[[-81.58563,38.323701],[-81.584765,38.323201],[-81.584336,38.322947]],"type":"LineString"},"id":"REF-KANAWHA-CONNECTING-ROADS-54","properties":{"canon_status":"REAL_REFERENCE","county_route":null,"federal_lands_route":null,"fictionality":"REAL","globalid":"{29D07650-A112-4326-A6F6-D2F45B3A34C6}","interstate":null,"interstate_a":null,"interstate_b":null,"interstate_c":null,"loaddate":1568217705000,"mtfcc_code":"S1200","name":"Maccorkle Ave SE","objectid":4956301,"permanent_identifier":"cb531640-1601-4c4c-a3ca-dfbb324df24e","real_world_relation":"REFERENCE_ONLY","shape_Length":179.4355517361358,"source_datadesc":"2016 January MAFTIGER","source_datasetid":"{9298FF95-0FA8-4712-9AA5-9292C907CA63}","source_featureid":"1101747018888","source_id":"REF-KANAWHA-CONNECTING-ROADS","source_originator":"U.S. Department of Commerce, U.S. Census Bureau, Geography Division","state_route":"61","state_route_a":"61","state_route_b":null,"state_route_c":null,"stco_fipscode":"54039","tnmfrc":3,"us_route":null,"us_route_a":null,"us_route_b":null,"us_route_c":null},"type":"Feature"},{"geometry":{"coordinates":[[-81.563184,38.307328],[-81.563137,38.308518],[-81.563119,38.308653]],"type":"LineString"},"id":"REF-KANAWHA-CONNECTING-ROADS-55","properties":{"canon_status":"REAL_REFERENCE","county_route":null,"federal_lands_route":null,"fictionality":"REAL","globalid":"{159D04CD-3D21-46A1-BC51-F1DFA9BB5F6C}","interstate":null,"interstate_a":null,"interstate_b":null,"interstate_c":null,"loaddate":1474001492000,"mtfcc_code":"S1200","name":"Maccorkle Ave SE","objectid":4997176,"permanent_identifier":"4208e376-e075-44ec-aaab-3e1f76c76cd5","real_world_relation":"REFERENCE_ONLY","shape_Length":188.15589548026588,"source_datadesc":"2016 January MAFTIGER","source_datasetid":"{9298FF95-0FA8-4712-9AA5-9292C907CA63}","source_featureid":"1101747018887","source_id":"REF-KANAWHA-CONNECTING-ROADS","source_originator":"U.S. Department of Commerce, U.S. Census Bureau, Geography Division","state_route":"61","state_route_a":"61","state_route_b":null,"state_route_c":null,"stco_fipscode":"54039","tnmfrc":3,"us_route":null,"us_route_a":null,"us_route_b":null,"us_route_c":null},"type":"Feature"},{"geometry":{"coordinates":[[-81.61277,38.341333],[-81.612738,38.341373]],"type":"LineString"},"id":"REF-KANAWHA-CONNECTING-ROADS-56","properties":{"canon_status":"REAL_REFERENCE","county_route":null,"federal_lands_route":null,"fictionality":"REAL","globalid":"{5CB7F0E7-D915-45EC-9BA6-5EA72C469434}","interstate":null,"interstate_a":null,"interstate_b":null,"interstate_c":null,"loaddate":1568217705000,"mtfcc_code":"S1200","name":"Greenbrier St","objectid":5084076,"permanent_identifier":"558f3195-8ab9-4cb6-b848-7ff145059aa1","real_world_relation":"REFERENCE_ONLY","shape_Length":6.7940370519409345,"source_datadesc":"2018 May MAF/TIGER","source_datasetid":"{9298FF95-0FA8-4712-9AA5-9292C907CA63}","source_featureid":"1101747019401","source_id":"REF-KANAWHA-CONNECTING-ROADS","source_originator":"U.S. Department of Commerce, U.S. Census Bureau, Geography Division","state_route":"114","state_route_a":"114","state_route_b":null,"state_route_c":null,"stco_fipscode":"54039","tnmfrc":3,"us_route":null,"us_route_a":null,"us_route_b":null,"us_route_c":null},"type":"Feature"},{"geometry":{"coordinates":[[-81.563635,38.310735],[-81.563554,38.310574],[-81.563518,38.310486]],"type":"LineString"},"id":"REF-KANAWHA-CONNECTING-ROADS-57","properties":{"canon_status":"REAL_REFERENCE","county_route":null,"federal_lands_route":null,"fictionality":"REAL","globalid":"{7C59F361-F2B4-4FE9-BAFA-85D9C5666D21}","interstate":null,"interstate_a":null,"interstate_b":null,"interstate_c":null,"loaddate":1474001726000,"mtfcc_code":"S1200","name":"Maccorkle Ave SE","objectid":5252604,"permanent_identifier":"e057d31d-bb4c-40ca-a1bb-78174a6e0a5a","real_world_relation":"REFERENCE_ONLY","shape_Length":37.66831271308719,"source_datadesc":"2016 January MAFTIGER","source_datasetid":"{9298FF95-0FA8-4712-9AA5-9292C907CA63}","source_featureid":"1101747018888","source_id":"REF-KANAWHA-CONNECTING-ROADS","source_originator":"U.S. Department of Commerce, U.S. Census Bureau, Geography Division","state_route":"61","state_route_a":"61","state_route_b":null,"state_route_c":null,"stco_fipscode":"54039","tnmfrc":3,"us_route":null,"us_route_a":null,"us_route_b":null,"us_route_c":null},"type":"Feature"},{"geometry":{"coordinates":[[-81.524307,38.212217],[-81.524088,38.211912],[-81.523963,38.211754]],"type":"LineString"},"id":"REF-KANAWHA-CONNECTING-ROADS-58","properties":{"canon_status":"REAL_REFERENCE","county_route":null,"federal_lands_route":null,"fictionality":"REAL","globalid":"{45584972-83FD-4433-9E02-5A05512022B6}","interstate":null,"interstate_a":null,"interstate_b":null,"interstate_c":null,"loaddate":1474002766000,"mtfcc_code":"S1200","name":"Maccorkle Ave","objectid":5252670,"permanent_identifier":"857490e2-899b-4daa-b92c-c15ae893968d","real_world_relation":"REFERENCE_ONLY","shape_Length":75.97152293763429,"source_datadesc":"2016 January MAFTIGER","source_datasetid":"{9298FF95-0FA8-4712-9AA5-9292C907CA63}","source_featureid":"1101747018866","source_id":"REF-KANAWHA-CONNECTING-ROADS","source_originator":"U.S. Department of Commerce, U.S. Census Bureau, Geography Division","state_route":"61","state_route_a":"61","state_route_b":null,"state_route_c":null,"stco_fipscode":"54039","tnmfrc":3,"us_route":null,"us_route_a":null,"us_route_b":null,"us_route_c":null},"type":"Feature"},{"geometry":{"coordinates":[[-81.566252,38.239267],[-81.565841,38.239878],[-81.565646,38.240157],[-81.56558,38.240237]],"type":"LineString"},"id":"REF-KANAWHA-CONNECTING-ROADS-59","properties":{"canon_status":"REAL_REFERENCE","county_route":null,"federal_lands_route":null,"fictionality":"REAL","globalid":"{1F5DDC67-698F-4409-8A18-A41EFC61790E}","interstate":null,"interstate_a":null,"interstate_b":null,"interstate_c":null,"loaddate":1474001298000,"mtfcc_code":"S1200","name":"State Rte 94","objectid":5252675,"permanent_identifier":"d58cfa81-b8b2-4652-8060-eda53824749b","real_world_relation":"REFERENCE_ONLY","shape_Length":156.5611278021689,"source_datadesc":"2016 January MAFTIGER","source_datasetid":"{9298FF95-0FA8-4712-9AA5-9292C907CA63}","source_featureid":"1101747011790","source_id":"REF-KANAWHA-CONNECTING-ROADS","source_originator":"U.S. Department of Commerce, U.S. Census Bureau, Geography Division","state_route":"94","state_route_a":"94","state_route_b":null,"state_route_c":null,"stco_fipscode":"54039","tnmfrc":3,"us_route":null,"us_route_a":null,"us_route_b":null,"us_route_c":null},"type":"Feature"},{"geometry":{"coordinates":[[-81.600184,38.328478],[-81.601075,38.32854]],"type":"LineString"},"id":"REF-KANAWHA-CONNECTING-ROADS-60","properties":{"canon_status":"REAL_REFERENCE","county_route":null,"federal_lands_route":null,"fictionality":"REAL","globalid":"{A9E77BE5-8C5F-44C5-873E-105736B1C39D}","interstate":null,"interstate_a":null,"interstate_b":null,"interstate_c":null,"loaddate":1568217705000,"mtfcc_code":"S1200","name":"Maccorkle Ave SE","objectid":5339457,"permanent_identifier":"705bb26c-65f3-48c7-9abc-cecd1932a89e","real_world_relation":"REFERENCE_ONLY","shape_Length":99.60427749454962,"source_datadesc":"2018 May MAF/TIGER","source_datasetid":"{9298FF95-0FA8-4712-9AA5-9292C907CA63}","source_featureid":"1101747018887","source_id":"REF-KANAWHA-CONNECTING-ROADS","source_originator":"U.S. Department of Commerce, U.S. Census Bureau, Geography Division","state_route":"61","state_route_a":"61","state_route_b":null,"state_route_c":null,"stco_fipscode":"54039","tnmfrc":3,"us_route":null,"us_route_a":null,"us_route_b":null,"us_route_c":null},"type":"Feature"},{"geometry":{"coordinates":[[-81.648177,38.353138],[-81.648547,38.353298],[-81.648845,38.353446],[-81.649076,38.353573],[-81.649408,38.353776],[-81.649833,38.354053]],"type":"LineString"},"id":"REF-KANAWHA-CONNECTING-ROADS-61","properties":{"canon_status":"REAL_REFERENCE","county_route":null,"federal_lands_route":null,"fictionality":"REAL","globalid":"{7246ABED-65F7-48E5-9C2A-AEEF331F00A2}","interstate":null,"interstate_a":null,"interstate_b":null,"interstate_c":null,"loaddate":1568217705000,"mtfcc_code":"S1200","name":"Maccorkle Ave SW","objectid":5339478,"permanent_identifier":"5ef92ea8-ab7a-40d5-a171-026cc13b6203","real_world_relation":"REFERENCE_ONLY","shape_Length":226.08936776817998,"source_datadesc":"2016 January MAFTIGER","source_datasetid":"{9298FF95-0FA8-4712-9AA5-9292C907CA63}","source_featureid":"1101747018890","source_id":"REF-KANAWHA-CONNECTING-ROADS","source_originator":"U.S. Department of Commerce, U.S. Census Bureau, Geography Division","state_route":"61","state_route_a":"61","state_route_b":null,"state_route_c":null,"stco_fipscode":"54039","tnmfrc":3,"us_route":null,"us_route_a":null,"us_route_b":null,"us_route_c":null},"type":"Feature"},{"geometry":{"coordinates":[[-81.678758,38.376677],[-81.679023,38.376704],[-81.680643,38.376885],[-81.680683,38.376889]],"type":"LineString"},"id":"REF-KANAWHA-CONNECTING-ROADS-62","properties":{"canon_status":"REAL_REFERENCE","county_route":null,"federal_lands_route":null,"fictionality":"REAL","globalid":"{CA397146-E622-4A68-9679-636088ECFBBB}","interstate":null,"interstate_a":null,"interstate_b":null,"interstate_c":null,"loaddate":1568217705000,"mtfcc_code":"S1200","name":"7th Ave","objectid":5339568,"permanent_identifier":"7ae8dfd4-e09f-4b11-83f1-d5b16dd8e5b7","real_world_relation":"REFERENCE_ONLY","shape_Length":216.39659427299915,"source_datadesc":"2016 January MAFTIGER","source_datasetid":"{9298FF95-0FA8-4712-9AA5-9292C907CA63}","source_featureid":"1101747012130","source_id":"REF-KANAWHA-CONNECTING-ROADS","source_originator":"U.S. Department of Commerce, U.S. Census Bureau, Geography Division","state_route":"25","state_route_a":"25","state_route_b":null,"state_route_c":null,"stco_fipscode":"54039","tnmfrc":3,"us_route":null,"us_route_a":null,"us_route_b":null,"us_route_c":null},"type":"Feature"},{"geometry":{"coordinates":[[-81.56698,38.238132],[-81.566888,38.238298],[-81.566252,38.239267]],"type":"LineString"},"id":"REF-KANAWHA-CONNECTING-ROADS-63","properties":{"canon_status":"REAL_REFERENCE","county_route":null,"federal_lands_route":null,"fictionality":"REAL","globalid":"{A1534672-A9F3-4051-8FA0-3A16BB60D08B}","interstate":null,"interstate_a":null,"interstate_b":null,"interstate_c":null,"loaddate":1474001298000,"mtfcc_code":"S1200","name":"State Rte 94","objectid":5380233,"permanent_identifier":"03d1b5ef-9f6f-4ac5-b5ea-ba7233474d95","real_world_relation":"REFERENCE_ONLY","shape_Length":180.17006070693242,"source_datadesc":"2016 January MAFTIGER","source_datasetid":"{9298FF95-0FA8-4712-9AA5-9292C907CA63}","source_featureid":"1101747011790","source_id":"REF-KANAWHA-CONNECTING-ROADS","source_originator":"U.S. Department of Commerce, U.S. Census Bureau, Geography Division","state_route":"94","state_route_a":"94","state_route_b":null,"state_route_c":null,"stco_fipscode":"54039","tnmfrc":3,"us_route":null,"us_route_a":null,"us_route_b":null,"us_route_c":null},"type":"Feature"},{"geometry":{"coordinates":[[-81.658588,38.358861],[-81.659031,38.359146],[-81.659837,38.359679],[-81.660392,38.360031],[-81.660659,38.360184],[-81.661031,38.36038],[-81.6614,38.36055],[-81.661831,38.360715],[-81.662232,38.360854],[-81.662507,38.360932]],"type":"LineString"},"id":"REF-KANAWHA-CONNECTING-ROADS-64","properties":{"canon_status":"REAL_REFERENCE","county_route":null,"federal_lands_route":null,"fictionality":"REAL","globalid":"{CB2300BE-D496-4320-A447-7A229E71D4EF}","interstate":null,"interstate_a":null,"interstate_b":null,"interstate_c":null,"loaddate":1568217705000,"mtfcc_code":"S1200","name":"Maccorkle Ave SW","objectid":5595023,"permanent_identifier":"cefe88f1-6960-48e8-a0db-a4694d6b3795","real_world_relation":"REFERENCE_ONLY","shape_Length":529.7196645121838,"source_datadesc":"2016 January MAFTIGER","source_datasetid":"{9298FF95-0FA8-4712-9AA5-9292C907CA63}","source_featureid":"1101747018890","source_id":"REF-KANAWHA-CONNECTING-ROADS","source_originator":"U.S. Department of Commerce, U.S. Census Bureau, Geography Division","state_route":"61","state_route_a":"61","state_route_b":null,"state_route_c":null,"stco_fipscode":"54039","tnmfrc":3,"us_route":null,"us_route_a":null,"us_route_b":null,"us_route_c":null},"type":"Feature"},{"geometry":{"coordinates":[[-81.563286,38.304276],[-81.563252,38.304965]],"type":"LineString"},"id":"REF-KANAWHA-CONNECTING-ROADS-65","properties":{"canon_status":"REAL_REFERENCE","county_route":null,"federal_lands_route":null,"fictionality":"REAL","globalid":"{FD1B4239-ED4A-45D0-B69F-466D4F0190CE}","interstate":null,"interstate_a":null,"interstate_b":null,"interstate_c":null,"loaddate":1568217705000,"mtfcc_code":"S1200","name":"Maccorkle Ave SE","objectid":5722865,"permanent_identifier":"5d455cbd-f58f-45d0-94bc-53e93f7b4650","real_world_relation":"REFERENCE_ONLY","shape_Length":97.81315230136794,"source_datadesc":"2016 January MAFTIGER","source_datasetid":"{9298FF95-0FA8-4712-9AA5-9292C907CA63}","source_featureid":"1101747018887","source_id":"REF-KANAWHA-CONNECTING-ROADS","source_originator":"U.S. Department of Commerce, U.S. Census Bureau, Geography Division","state_route":"61","state_route_a":"61","state_route_b":null,"state_route_c":null,"stco_fipscode":"54039","tnmfrc":3,"us_route":null,"us_route_a":null,"us_route_b":null,"us_route_c":null},"type":"Feature"},{"geometry":{"coordinates":[[-81.477706,38.197588],[-81.478664,38.197124],[-81.478717,38.197099],[-81.478828,38.197045],[-81.478991,38.196966],[-81.480201,38.196367]],"type":"LineString"},"id":"REF-KANAWHA-CONNECTING-ROADS-66","properties":{"canon_status":"REAL_REFERENCE","county_route":null,"federal_lands_route":null,"fictionality":"REAL","globalid":"{72DFC474-4C6A-42FF-B0C3-B10396E59DE8}","interstate":null,"interstate_a":null,"interstate_b":null,"interstate_c":null,"loaddate":1474003102000,"mtfcc_code":"S1200","name":"3rd Ave","objectid":5891066,"permanent_identifier":"4be13ff9-f53d-4cc4-b1dc-98ff0e26d358","real_world_relation":"REFERENCE_ONLY","shape_Length":327.194382791243,"source_datadesc":"2016 January MAFTIGER","source_datasetid":"{9298FF95-0FA8-4712-9AA5-9292C907CA63}","source_featureid":"1104259509480","source_id":"REF-KANAWHA-CONNECTING-ROADS","source_originator":"U.S. Department of Commerce, U.S. Census Bureau, Geography Division","state_route":"61","state_route_a":"61","state_route_b":null,"state_route_c":null,"stco_fipscode":"54039","tnmfrc":3,"us_route":null,"us_route_a":null,"us_route_b":null,"us_route_c":null},"type":"Feature"},{"geometry":{"coordinates":[[-81.569027,38.248014],[-81.569535,38.248677],[-81.569685,38.248883],[-81.569797,38.249019]],"type":"LineString"},"id":"REF-KANAWHA-CONNECTING-ROADS-67","properties":{"canon_status":"REAL_REFERENCE","county_route":null,"federal_lands_route":null,"fictionality":"REAL","globalid":"{CB1581E9-3124-440D-B80D-D095C1D434CF}","interstate":null,"interstate_a":null,"interstate_b":null,"interstate_c":null,"loaddate":1474002652000,"mtfcc_code":"S1200","name":"Maccorkle Ave","objectid":5891103,"permanent_identifier":"be65e3e2-a448-4a07-aa7d-dc0d73c178c8","real_world_relation":"REFERENCE_ONLY","shape_Length":166.27692169305072,"source_datadesc":"2016 January MAFTIGER","source_datasetid":"{9298FF95-0FA8-4712-9AA5-9292C907CA63}","source_featureid":"1101747018876","source_id":"REF-KANAWHA-CONNECTING-ROADS","source_originator":"U.S. Department of Commerce, U.S. Census Bureau, Geography Division","state_route":"61","state_route_a":"61","state_route_b":null,"state_route_c":null,"stco_fipscode":"54039","tnmfrc":3,"us_route":null,"us_route_a":null,"us_route_b":null,"us_route_c":null},"type":"Feature"},{"geometry":{"coordinates":[[-81.595587,38.328132],[-81.595847,38.328164],[-81.597011,38.328247]],"type":"LineString"},"id":"REF-KANAWHA-CONNECTING-ROADS-68","properties":{"canon_status":"REAL_REFERENCE","county_route":null,"federal_lands_route":null,"fictionality":"REAL","globalid":"{9279C230-E798-4880-9102-8C6F5214BF5D}","interstate":null,"interstate_a":null,"interstate_b":null,"interstate_c":null,"loaddate":1474001493000,"mtfcc_code":"S1200","name":"Maccorkle Ave SE","objectid":5891177,"permanent_identifier":"65f5ffd3-2446-4428-82a2-ed5652dc9bc8","real_world_relation":"REFERENCE_ONLY","shape_Length":159.4072353545412,"source_datadesc":"2016 January MAFTIGER","source_datasetid":"{9298FF95-0FA8-4712-9AA5-9292C907CA63}","source_featureid":"1101747018887","source_id":"REF-KANAWHA-CONNECTING-ROADS","source_originator":"U.S. Department of Commerce, U.S. Census Bureau, Geography Division","state_route":"61","state_route_a":"61","state_route_b":null,"state_route_c":null,"stco_fipscode":"54039","tnmfrc":3,"us_route":null,"us_route_a":null,"us_route_b":null,"us_route_c":null},"type":"Feature"},{"geometry":{"coordinates":[[-81.500441,38.19577],[-81.499517,38.195838]],"type":"LineString"},"id":"REF-KANAWHA-CONNECTING-ROADS-69","properties":{"canon_status":"REAL_REFERENCE","county_route":null,"federal_lands_route":null,"fictionality":"REAL","globalid":"{53DBD1FB-6347-41C1-9D3A-235B134468E0}","interstate":null,"interstate_a":null,"interstate_b":null,"interstate_c":null,"loaddate":1474002766000,"mtfcc_code":"S1200","name":"Maccorkle Ave","objectid":6018996,"permanent_identifier":"1e267647-5fa1-45c4-97da-4c6b7f96e6ea","real_world_relation":"REFERENCE_ONLY","shape_Length":103.30918895413207,"source_datadesc":"2016 January MAFTIGER","source_datasetid":"{9298FF95-0FA8-4712-9AA5-9292C907CA63}","source_featureid":"1101747018866","source_id":"REF-KANAWHA-CONNECTING-ROADS","source_originator":"U.S. Department of Commerce, U.S. Census Bureau, Geography Division","state_route":"61","state_route_a":"61","state_route_b":null,"state_route_c":null,"stco_fipscode":"54039","tnmfrc":3,"us_route":null,"us_route_a":null,"us_route_b":null,"us_route_c":null},"type":"Feature"},{"geometry":{"coordinates":[[-81.613316,38.330859],[-81.614679,38.331257]],"type":"LineString"},"id":"REF-KANAWHA-CONNECTING-ROADS-70","properties":{"canon_status":"REAL_REFERENCE","county_route":null,"federal_lands_route":null,"fictionality":"REAL","globalid":"{207C6286-4933-4143-B432-D17D317BFD33}","interstate":null,"interstate_a":null,"interstate_b":null,"interstate_c":null,"loaddate":1474001493000,"mtfcc_code":"S1200","name":"Maccorkle Ave SE","objectid":6146718,"permanent_identifier":"94e82843-b08c-4ebe-85cb-6f4da4c017b9","real_world_relation":"REFERENCE_ONLY","shape_Length":161.89984082365066,"source_datadesc":"2016 January MAFTIGER","source_datasetid":"{9298FF95-0FA8-4712-9AA5-9292C907CA63}","source_featureid":"1101747018887","source_id":"REF-KANAWHA-CONNECTING-ROADS","source_originator":"U.S. Department of Commerce, U.S. Census Bureau, Geography Division","state_route":"61","state_route_a":"61","state_route_b":null,"state_route_c":null,"stco_fipscode":"54039","tnmfrc":3,"us_route":null,"us_route_a":null,"us_route_b":null,"us_route_c":null},"type":"Feature"},{"geometry":{"coordinates":[[-81.668904,38.374711],[-81.669106,38.374761],[-81.669347,38.374809]],"type":"LineString"},"id":"REF-KANAWHA-CONNECTING-ROADS-71","properties":{"canon_status":"REAL_REFERENCE","county_route":null,"federal_lands_route":null,"fictionality":"REAL","globalid":"{E0F95295-41B4-4263-BA88-CD1AA43BC316}","interstate":null,"interstate_a":null,"interstate_b":null,"interstate_c":null,"loaddate":1474003011000,"mtfcc_code":"S1200","name":"7th Ave","objectid":6146743,"permanent_identifier":"5cf19d9b-64ec-4139-86a4-d97e11bbbf58","real_world_relation":"REFERENCE_ONLY","shape_Length":51.26094304311421,"source_datadesc":"2016 January MAFTIGER","source_datasetid":"{9298FF95-0FA8-4712-9AA5-9292C907CA63}","source_featureid":"1101747012130","source_id":"REF-KANAWHA-CONNECTING-ROADS","source_originator":"U.S. Department of Commerce, U.S. Census Bureau, Geography Division","state_route":"25","state_route_a":"25","state_route_b":null,"state_route_c":null,"stco_fipscode":"54039","tnmfrc":3,"us_route":null,"us_route_a":null,"us_route_b":null,"us_route_c":null},"type":"Feature"},{"geometry":{"coordinates":[[-81.567772,38.37634],[-81.567802,38.376327],[-81.567895,38.376288],[-81.568718,38.375934]],"type":"LineString"},"id":"REF-KANAWHA-CONNECTING-ROADS-72","properties":{"canon_status":"REAL_REFERENCE","county_route":null,"federal_lands_route":null,"fictionality":"REAL","globalid":"{F398AB0B-3637-41A7-9291-375F0B8054C4}","interstate":null,"interstate_a":null,"interstate_b":null,"interstate_c":null,"loaddate":1568217705000,"mtfcc_code":"S1200","name":"Greenbrier St","objectid":6233958,"permanent_identifier":"cf7d3b73-9fd0-4fe8-9c93-5e7926e061c6","real_world_relation":"REFERENCE_ONLY","shape_Length":120.05677369368775,"source_datadesc":"2016 January MAFTIGER","source_datasetid":"{9298FF95-0FA8-4712-9AA5-9292C907CA63}","source_featureid":"1101747019399","source_id":"REF-KANAWHA-CONNECTING-ROADS","source_originator":"U.S. Department of Commerce, U.S. Census Bureau, Geography Division","state_route":"114","state_route_a":"114","state_route_b":null,"state_route_c":null,"stco_fipscode":"54039","tnmfrc":3,"us_route":null,"us_route_a":null,"us_route_b":null,"us_route_c":null},"type":"Feature"},{"geometry":{"coordinates":[[-81.563119,38.308653],[-81.563115,38.308705],[-81.563105,38.308834],[-81.563107,38.309093]],"type":"LineString"},"id":"REF-KANAWHA-CONNECTING-ROADS-73","properties":{"canon_status":"REAL_REFERENCE","county_route":null,"federal_lands_route":null,"fictionality":"REAL","globalid":"{98B95CA6-69DF-41B3-8507-65B9C0BA025E}","interstate":null,"interstate_a":null,"interstate_b":null,"interstate_c":null,"loaddate":1474001492000,"mtfcc_code":"S1200","name":"Maccorkle Ave SE","objectid":6274621,"permanent_identifier":"15afca9a-f337-46bd-9c07-0df413a92270","real_world_relation":"REFERENCE_ONLY","shape_Length":62.46892830226574,"source_datadesc":"2016 January MAFTIGER","source_datasetid":"{9298FF95-0FA8-4712-9AA5-9292C907CA63}","source_featureid":"1101747018887","source_id":"REF-KANAWHA-CONNECTING-ROADS","source_originator":"U.S. Department of Commerce, U.S. Census Bureau, Geography Division","state_route":"61","state_route_a":"61","state_route_b":null,"state_route_c":null,"stco_fipscode":"54039","tnmfrc":3,"us_route":null,"us_route_a":null,"us_route_b":null,"us_route_c":null},"type":"Feature"},{"geometry":{"coordinates":[[-81.607142,38.207567],[-81.60714,38.207587]],"type":"LineString"},"id":"REF-KANAWHA-CONNECTING-ROADS-74","properties":{"canon_status":"REAL_REFERENCE","county_route":null,"federal_lands_route":null,"fictionality":"REAL","globalid":"{FA2EEE08-81E6-4335-BF6F-56AF569A5406}","interstate":null,"interstate_a":null,"interstate_b":null,"interstate_c":null,"loaddate":1474001298000,"mtfcc_code":"S1200","name":"State Rte 94","objectid":6274682,"permanent_identifier":"5521ee42-c5b1-4356-b8a1-16423816106d","real_world_relation":"REFERENCE_ONLY","shape_Length":2.842038738439499,"source_datadesc":"2016 January MAFTIGER","source_datasetid":"{9298FF95-0FA8-4712-9AA5-9292C907CA63}","source_featureid":"1101747011792","source_id":"REF-KANAWHA-CONNECTING-ROADS","source_originator":"U.S. Department of Commerce, U.S. Census Bureau, Geography Division","state_route":"94","state_route_a":"94","state_route_b":null,"state_route_c":null,"stco_fipscode":"54039","tnmfrc":3,"us_route":null,"us_route_a":null,"us_route_b":null,"us_route_c":null},"type":"Feature"},{"geometry":{"coordinates":[[-81.496696,38.196472],[-81.496638,38.196765],[-81.496469,38.197625],[-81.496447,38.197734],[-81.496262,38.198674],[-81.49625,38.198737]],"type":"LineString"},"id":"REF-KANAWHA-CONNECTING-ROADS-75","properties":{"canon_status":"REAL_REFERENCE","county_route":null,"federal_lands_route":null,"fictionality":"REAL","globalid":"{18C09A50-973E-4244-8696-05CD13D64C16}","interstate":null,"interstate_a":"","interstate_b":"","interstate_c":"","loaddate":1673511277000,"mtfcc_code":"S1400","name":"Admiral T.J. Lopez Bridge","objectid":6275010,"permanent_identifier":"f3a28019-229f-4f5b-a28a-ff9d70be47ac","real_world_relation":"REFERENCE_ONLY","shape_Length":324.6540116760576,"source_datadesc":"2016 January MAFTIGER","source_datasetid":"{9298FF95-0FA8-4712-9AA5-9292C907CA63}","source_featureid":"1101747030422","source_id":"REF-KANAWHA-CONNECTING-ROADS","source_originator":"U.S. Department of Commerce, U.S. Census Bureau, Geography Division","state_route":null,"state_route_a":"","state_route_b":"","state_route_c":"","stco_fipscode":"54039","tnmfrc":3,"us_route":null,"us_route_a":"","us_route_b":"","us_route_c":""},"type":"Feature"},{"geometry":{"coordinates":[[-81.531696,38.220067],[-81.530805,38.219404]],"type":"LineString"},"id":"REF-KANAWHA-CONNECTING-ROADS-76","properties":{"canon_status":"REAL_REFERENCE","county_route":null,"federal_lands_route":null,"fictionality":"REAL","globalid":"{2D347ABF-DDE4-4EDE-A4EB-406F473D2EED}","interstate":null,"interstate_a":null,"interstate_b":null,"interstate_c":null,"loaddate":1474002619000,"mtfcc_code":"S1200","name":"Maccorkle Ave","objectid":6402240,"permanent_identifier":"15cec3ae-d438-47e9-8909-66cc98905e7f","real_world_relation":"REFERENCE_ONLY","shape_Length":136.61209636293154,"source_datadesc":"2016 January MAFTIGER","source_datasetid":"{9298FF95-0FA8-4712-9AA5-9292C907CA63}","source_featureid":"1101747018871","source_id":"REF-KANAWHA-CONNECTING-ROADS","source_originator":"U.S. Department of Commerce, U.S. Census Bureau, Geography Division","state_route":"61","state_route_a":"61","state_route_b":null,"state_route_c":null,"stco_fipscode":"54039","tnmfrc":3,"us_route":null,"us_route_a":null,"us_route_b":null,"us_route_c":null},"type":"Feature"},{"geometry":{"coordinates":[[-81.599704,38.351565],[-81.599421,38.351632],[-81.599227,38.351716],[-81.599042,38.351813],[-81.598869,38.351922],[-81.598739,38.352017],[-81.598607,38.352141],[-81.598489,38.352273],[-81.598387,38.352413],[-81.598301,38.35256],[-81.598233,38.352712],[-81.597576,38.354611],[-81.597457,38.354874],[-81.597321,38.355131],[-81.597168,38.355383],[-81.596497,38.356281],[-81.595409,38.357685]],"type":"LineString"},"id":"REF-KANAWHA-CONNECTING-ROADS-77","properties":{"canon_status":"REAL_REFERENCE","county_route":null,"federal_lands_route":null,"fictionality":"REAL","globalid":"{847B95ED-1C87-414B-B57F-E42636F3ABEE}","interstate":null,"interstate_a":null,"interstate_b":null,"interstate_c":null,"loaddate":1474001570000,"mtfcc_code":"S1200","name":"Greenbrier St","objectid":6529856,"permanent_identifier":"2c35c82a-7283-4309-993f-1ea3aa902b32","real_world_relation":"REFERENCE_ONLY","shape_Length":1020.3858137783282,"source_datadesc":"2016 January MAFTIGER","source_datasetid":"{9298FF95-0FA8-4712-9AA5-9292C907CA63}","source_featureid":"1101747019401","source_id":"REF-KANAWHA-CONNECTING-ROADS","source_originator":"U.S. Department of Commerce, U.S. Census Bureau, Geography Division","state_route":"114","state_route_a":"114","state_route_b":null,"state_route_c":null,"stco_fipscode":"54039","tnmfrc":3,"us_route":null,"us_route_a":null,"us_route_b":null,"us_route_c":null},"type":"Feature"},{"geometry":{"coordinates":[[-81.613078,38.340732],[-81.612893,38.340944]],"type":"LineString"},"id":"REF-KANAWHA-CONNECTING-ROADS-78","properties":{"canon_status":"REAL_REFERENCE","county_route":null,"federal_lands_route":null,"fictionality":"REAL","globalid":"{3A7F2F34-2595-4CD1-95AA-92D22FC93B63}","interstate":null,"interstate_a":null,"interstate_b":null,"interstate_c":null,"loaddate":1568217705000,"mtfcc_code":"S1200","name":"Greenbrier St","objectid":6744463,"permanent_identifier":"9a2ce25c-bf5b-4fc2-b258-692b372c0748","real_world_relation":"REFERENCE_ONLY","shape_Length":36.46174513137382,"source_datadesc":"2016 January MAFTIGER","source_datasetid":"{9298FF95-0FA8-4712-9AA5-9292C907CA63}","source_featureid":"1101747019400","source_id":"REF-KANAWHA-CONNECTING-ROADS","source_originator":"U.S. Department of Commerce, U.S. Census Bureau, Geography Division","state_route":"114","state_route_a":"114","state_route_b":null,"state_route_c":null,"stco_fipscode":"54039","tnmfrc":3,"us_route":null,"us_route_a":null,"us_route_b":null,"us_route_c":null},"type":"Feature"},{"geometry":{"coordinates":[[-81.566745,38.312938],[-81.568428,38.313912]],"type":"LineString"},"id":"REF-KANAWHA-CONNECTING-ROADS-79","properties":{"canon_status":"REAL_REFERENCE","county_route":null,"federal_lands_route":null,"fictionality":"REAL","globalid":"{0F286459-B616-4FAB-8DF8-52E1F7BCBB88}","interstate":null,"interstate_a":null,"interstate_b":null,"interstate_c":null,"loaddate":1568217705000,"mtfcc_code":"S1200","name":"Maccorkle Ave SE","objectid":7126893,"permanent_identifier":"a1834d72-2edb-4705-be3d-78a082f6bf11","real_world_relation":"REFERENCE_ONLY","shape_Length":232.810457254211,"source_datadesc":"2018 May MAF/TIGER","source_datasetid":"{9298FF95-0FA8-4712-9AA5-9292C907CA63}","source_featureid":"1101747018887","source_id":"REF-KANAWHA-CONNECTING-ROADS","source_originator":"U.S. Department of Commerce, U.S. Census Bureau, Geography Division","state_route":"61","state_route_a":"61","state_route_b":null,"state_route_c":null,"stco_fipscode":"54039","tnmfrc":3,"us_route":null,"us_route_a":null,"us_route_b":null,"us_route_c":null},"type":"Feature"},{"geometry":{"coordinates":[[-81.562412,38.24251],[-81.562398,38.24251],[-81.562346,38.242527],[-81.562295,38.242546],[-81.562244,38.242567],[-81.561995,38.242678]],"type":"LineString"},"id":"REF-KANAWHA-CONNECTING-ROADS-80","properties":{"canon_status":"REAL_REFERENCE","county_route":null,"federal_lands_route":null,"fictionality":"REAL","globalid":"{6C577B10-385C-4F01-AEC8-017FFD06C42C}","interstate":null,"interstate_a":null,"interstate_b":null,"interstate_c":null,"loaddate":1474001298000,"mtfcc_code":"S1200","name":"State Rte 94","objectid":7167376,"permanent_identifier":"c0a477e8-ab88-4567-ad19-ab80ac31863a","real_world_relation":"REFERENCE_ONLY","shape_Length":52.39457067814078,"source_datadesc":"2016 January MAFTIGER","source_datasetid":"{9298FF95-0FA8-4712-9AA5-9292C907CA63}","source_featureid":"1101747011790","source_id":"REF-KANAWHA-CONNECTING-ROADS","source_originator":"U.S. Department of Commerce, U.S. Census Bureau, Geography Division","state_route":"94","state_route_a":"94","state_route_b":null,"state_route_c":null,"stco_fipscode":"54039","tnmfrc":3,"us_route":null,"us_route_a":null,"us_route_b":null,"us_route_c":null},"type":"Feature"},{"geometry":{"coordinates":[[-81.598633,38.328363],[-81.600184,38.328478]],"type":"LineString"},"id":"REF-KANAWHA-CONNECTING-ROADS-81","properties":{"canon_status":"REAL_REFERENCE","county_route":null,"federal_lands_route":null,"fictionality":"REAL","globalid":"{7A677245-B610-4705-91A4-A30A06599886}","interstate":null,"interstate_a":null,"interstate_b":null,"interstate_c":null,"loaddate":1474001493000,"mtfcc_code":"S1200","name":"Maccorkle Ave SE","objectid":7295007,"permanent_identifier":"d8d4ca42-4d19-4e62-aaca-b726f1d1b4ac","real_world_relation":"REFERENCE_ONLY","shape_Length":173.42599791659995,"source_datadesc":"2016 January MAFTIGER","source_datasetid":"{9298FF95-0FA8-4712-9AA5-9292C907CA63}","source_featureid":"1101747018887","source_id":"REF-KANAWHA-CONNECTING-ROADS","source_originator":"U.S. Department of Commerce, U.S. Census Bureau, Geography Division","state_route":"61","state_route_a":"61","state_route_b":null,"state_route_c":null,"stco_fipscode":"54039","tnmfrc":3,"us_route":null,"us_route_a":null,"us_route_b":null,"us_route_c":null},"type":"Feature"},{"geometry":{"coordinates":[[-81.591156,38.229895],[-81.591071,38.229904],[-81.590712,38.229957],[-81.588951,38.230279],[-81.588706,38.230308],[-81.588412,38.230324],[-81.588183,38.230322],[-81.587948,38.230305],[-81.587708,38.230273],[-81.587499,38.230233],[-81.587331,38.23019],[-81.587268,38.230172]],"type":"LineString"},"id":"REF-KANAWHA-CONNECTING-ROADS-82","properties":{"canon_status":"REAL_REFERENCE","county_route":null,"federal_lands_route":null,"fictionality":"REAL","globalid":"{93073BE2-AE5E-4E73-B2B8-1ECED816F0F2}","interstate":null,"interstate_a":null,"interstate_b":null,"interstate_c":null,"loaddate":1474002986000,"mtfcc_code":"S1200","name":"Lens Creek Rd","objectid":7295046,"permanent_identifier":"2779b8c1-9bb8-4531-be21-fba66f4ce766","real_world_relation":"REFERENCE_ONLY","shape_Length":441.81489183951345,"source_datadesc":"2016 January MAFTIGER","source_datasetid":"{9298FF95-0FA8-4712-9AA5-9292C907CA63}","source_featureid":"1104468979895","source_id":"REF-KANAWHA-CONNECTING-ROADS","source_originator":"U.S. Department of Commerce, U.S. Census Bureau, Geography Division","state_route":"94","state_route_a":"94","state_route_b":null,"state_route_c":null,"stco_fipscode":"54039","tnmfrc":3,"us_route":null,"us_route_a":null,"us_route_b":null,"us_route_c":null},"type":"Feature"},{"geometry":{"coordinates":[[-81.487279,38.19507],[-81.487871,38.195075]],"type":"LineString"},"id":"REF-KANAWHA-CONNECTING-ROADS-83","properties":{"canon_status":"REAL_REFERENCE","county_route":null,"federal_lands_route":null,"fictionality":"REAL","globalid":"{C71D5268-8524-4B37-ADFF-53AF883855FA}","interstate":null,"interstate_a":null,"interstate_b":null,"interstate_c":null,"loaddate":1474003102000,"mtfcc_code":"S1200","name":"3rd Ave","objectid":7423076,"permanent_identifier":"830c7378-39a4-4c85-8b43-943f078bb82e","real_world_relation":"REFERENCE_ONLY","shape_Length":65.90500518519626,"source_datadesc":"2016 January MAFTIGER","source_datasetid":"{9298FF95-0FA8-4712-9AA5-9292C907CA63}","source_featureid":"1104259509480","source_id":"REF-KANAWHA-CONNECTING-ROADS","source_originator":"U.S. Department of Commerce, U.S. Census Bureau, Geography Division","state_route":"61","state_route_a":"61","state_route_b":null,"state_route_c":null,"stco_fipscode":"54039","tnmfrc":3,"us_route":null,"us_route_a":null,"us_route_b":null,"us_route_c":null},"type":"Feature"},{"geometry":{"coordinates":[[-81.499011,38.194199],[-81.498628,38.194389],[-81.498481,38.194469]],"type":"LineString"},"id":"REF-KANAWHA-CONNECTING-ROADS-84","properties":{"canon_status":"REAL_REFERENCE","county_route":null,"federal_lands_route":null,"fictionality":"REAL","globalid":"{2090A0B4-C591-4BF9-ACAA-AD2805E806C2}","interstate":null,"interstate_a":"","interstate_b":"","interstate_c":"","loaddate":1673511277000,"mtfcc_code":"S1400","name":"Admiral T.J. Lopez Bridge","objectid":7678352,"permanent_identifier":"4b0a2d27-73a5-4641-a097-f437664606a3","real_world_relation":"REFERENCE_ONLY","shape_Length":70.32293115017103,"source_datadesc":"2016 January MAFTIGER","source_datasetid":"{9298FF95-0FA8-4712-9AA5-9292C907CA63}","source_featureid":"1105089086985","source_id":"REF-KANAWHA-CONNECTING-ROADS","source_originator":"U.S. Department of Commerce, U.S. Census Bureau, Geography Division","state_route":null,"state_route_a":"","state_route_b":"","state_route_c":"","stco_fipscode":"54039","tnmfrc":3,"us_route":null,"us_route_a":"","us_route_b":"","us_route_c":""},"type":"Feature"},{"geometry":{"coordinates":[[-81.575222,38.228329],[-81.574591,38.228392]],"type":"LineString"},"id":"REF-KANAWHA-CONNECTING-ROADS-85","properties":{"canon_status":"REAL_REFERENCE","county_route":null,"federal_lands_route":null,"fictionality":"REAL","globalid":"{CF0388ED-DCDF-402B-8764-71D6788892FA}","interstate":null,"interstate_a":null,"interstate_b":null,"interstate_c":null,"loaddate":1474002986000,"mtfcc_code":"S1200","name":"Lens Creek Rd","objectid":7805514,"permanent_identifier":"484b96e9-95b2-49a9-b1e6-a5d8452c3853","real_world_relation":"REFERENCE_ONLY","shape_Length":70.80767389260832,"source_datadesc":"2016 January MAFTIGER","source_datasetid":"{9298FF95-0FA8-4712-9AA5-9292C907CA63}","source_featureid":"1104468979895","source_id":"REF-KANAWHA-CONNECTING-ROADS","source_originator":"U.S. Department of Commerce, U.S. Census Bureau, Geography Division","state_route":"94","state_route_a":"94","state_route_b":null,"state_route_c":null,"stco_fipscode":"54039","tnmfrc":3,"us_route":null,"us_route_a":null,"us_route_b":null,"us_route_c":null},"type":"Feature"},{"geometry":{"coordinates":[[-81.587268,38.230172],[-81.587118,38.230123],[-81.586908,38.230041],[-81.586858,38.230017],[-81.586672,38.229928],[-81.586446,38.229803],[-81.585972,38.229518],[-81.58467,38.228735],[-81.584586,38.228686],[-81.584285,38.228521],[-81.583982,38.22838],[-81.583715,38.228275],[-81.583495,38.228199],[-81.583116,38.22809],[-81.581692,38.227732],[-81.580787,38.227503]],"type":"LineString"},"id":"REF-KANAWHA-CONNECTING-ROADS-86","properties":{"canon_status":"REAL_REFERENCE","county_route":null,"federal_lands_route":null,"fictionality":"REAL","globalid":"{D54D6E6A-2783-4ACC-8855-DF680571F288}","interstate":null,"interstate_a":null,"interstate_b":null,"interstate_c":null,"loaddate":1474002986000,"mtfcc_code":"S1200","name":"Lens Creek Rd","objectid":7805543,"permanent_identifier":"d4bc061d-a314-4e01-98f4-6f3b631a6cf4","real_world_relation":"REFERENCE_ONLY","shape_Length":823.6209456124815,"source_datadesc":"2016 January MAFTIGER","source_datasetid":"{9298FF95-0FA8-4712-9AA5-9292C907CA63}","source_featureid":"1104468979895","source_id":"REF-KANAWHA-CONNECTING-ROADS","source_originator":"U.S. Department of Commerce, U.S. Census Bureau, Geography Division","state_route":"94","state_route_a":"94","state_route_b":null,"state_route_c":null,"stco_fipscode":"54039","tnmfrc":3,"us_route":null,"us_route_a":null,"us_route_b":null,"us_route_c":null},"type":"Feature"},{"geometry":{"coordinates":[[-81.497679,38.194866],[-81.49753,38.19494],[-81.497391,38.195024],[-81.497265,38.19512],[-81.497153,38.195226],[-81.497066,38.195328],[-81.497055,38.195341],[-81.496973,38.195463],[-81.496868,38.195696],[-81.496839,38.195772]],"type":"LineString"},"id":"REF-KANAWHA-CONNECTING-ROADS-87","properties":{"canon_status":"REAL_REFERENCE","county_route":null,"federal_lands_route":null,"fictionality":"REAL","globalid":"{E6AF4884-A831-45C8-BA9C-E0D47301DFBC}","interstate":null,"interstate_a":"","interstate_b":"","interstate_c":"","loaddate":1673511277000,"mtfcc_code":"S1400","name":"Admiral T.J. Lopez Bridge","objectid":7933520,"permanent_identifier":"b7bf9374-46c2-46c6-a765-bde9d246f23c","real_world_relation":"REFERENCE_ONLY","shape_Length":163.59040991893679,"source_datadesc":"2016 January MAFTIGER","source_datasetid":"{9298FF95-0FA8-4712-9AA5-9292C907CA63}","source_featureid":"1105089086987","source_id":"REF-KANAWHA-CONNECTING-ROADS","source_originator":"U.S. Department of Commerce, U.S. Census Bureau, Geography Division","state_route":null,"state_route_a":"","state_route_b":"","state_route_c":"","stco_fipscode":"54039","tnmfrc":3,"us_route":null,"us_route_a":"","us_route_b":"","us_route_c":""},"type":"Feature"},{"geometry":{"coordinates":[[-81.601277,38.225861],[-81.601178,38.225908],[-81.601028,38.22597],[-81.60084,38.226041],[-81.600547,38.226143],[-81.600147,38.226275],[-81.599742,38.226415],[-81.599546,38.226493]],"type":"LineString"},"id":"REF-KANAWHA-CONNECTING-ROADS-88","properties":{"canon_status":"REAL_REFERENCE","county_route":null,"federal_lands_route":null,"fictionality":"REAL","globalid":"{EACE1255-AC1E-4154-97D8-39A888484C8D}","interstate":null,"interstate_a":null,"interstate_b":null,"interstate_c":null,"loaddate":1474002289000,"mtfcc_code":"S1200","name":"Hernshaw","objectid":7933917,"permanent_identifier":"3d659869-2668-4396-97b8-0f6919a6e73e","real_world_relation":"REFERENCE_ONLY","shape_Length":212.65338395306918,"source_datadesc":"2016 January MAFTIGER","source_datasetid":"{9298FF95-0FA8-4712-9AA5-9292C907CA63}","source_featureid":"1104468865760","source_id":"REF-KANAWHA-CONNECTING-ROADS","source_originator":"U.S. Department of Commerce, U.S. Census Bureau, Geography Division","state_route":"94","state_route_a":"94","state_route_b":null,"state_route_c":null,"stco_fipscode":"54039","tnmfrc":3,"us_route":null,"us_route_a":null,"us_route_b":null,"us_route_c":null},"type":"Feature"},{"geometry":{"coordinates":[[-81.57846,38.369857],[-81.578859,38.369565],[-81.579146,38.369335],[-81.579363,38.369156],[-81.579744,38.368812],[-81.579886,38.368674],[-81.580188,38.368363],[-81.580523,38.367994],[-81.580983,38.36747],[-81.581257,38.367148],[-81.581602,38.366746],[-81.581647,38.366699],[-81.581782,38.366578]],"type":"LineString"},"id":"REF-KANAWHA-CONNECTING-ROADS-89","properties":{"canon_status":"REAL_REFERENCE","county_route":null,"federal_lands_route":null,"fictionality":"REAL","globalid":"{3DCB1D34-1272-4C5A-8821-44306DC309A5}","interstate":null,"interstate_a":null,"interstate_b":null,"interstate_c":null,"loaddate":1474003102000,"mtfcc_code":"S1200","name":"Greenbrier St","objectid":8060852,"permanent_identifier":"2d1538e0-55f7-4266-89fe-3c49e45f0d4d","real_world_relation":"REFERENCE_ONLY","shape_Length":596.416433038882,"source_datadesc":"2016 January MAFTIGER","source_datasetid":"{9298FF95-0FA8-4712-9AA5-9292C907CA63}","source_featureid":"1101747019399","source_id":"REF-KANAWHA-CONNECTING-ROADS","source_originator":"U.S. Department of Commerce, U.S. Census Bureau, Geography Division","state_route":"114","state_route_a":"114","state_route_b":null,"state_route_c":null,"stco_fipscode":"54039","tnmfrc":3,"us_route":null,"us_route_a":null,"us_route_b":null,"us_route_c":null},"type":"Feature"},{"geometry":{"coordinates":[[-81.541166,38.227204],[-81.541013,38.227091],[-81.54086,38.226968],[-81.540784,38.226912],[-81.540289,38.226544],[-81.539805,38.226167],[-81.539651,38.226046]],"type":"LineString"},"id":"REF-KANAWHA-CONNECTING-ROADS-90","properties":{"canon_status":"REAL_REFERENCE","county_route":null,"federal_lands_route":null,"fictionality":"REAL","globalid":"{D0532AEF-2630-42B1-9723-C4A8DAA9AD4E}","interstate":null,"interstate_a":null,"interstate_b":null,"interstate_c":null,"loaddate":1474002619000,"mtfcc_code":"S1200","name":"Maccorkle Ave","objectid":8061221,"permanent_identifier":"6af0755a-1913-41c4-adf3-99550d407249","real_world_relation":"REFERENCE_ONLY","shape_Length":235.3337536979629,"source_datadesc":"2016 January MAFTIGER","source_datasetid":"{9298FF95-0FA8-4712-9AA5-9292C907CA63}","source_featureid":"1101747018871","source_id":"REF-KANAWHA-CONNECTING-ROADS","source_originator":"U.S. Department of Commerce, U.S. Census Bureau, Geography Division","state_route":"61","state_route_a":"61","state_route_b":null,"state_route_c":null,"stco_fipscode":"54039","tnmfrc":3,"us_route":null,"us_route_a":null,"us_route_b":null,"us_route_c":null},"type":"Feature"},{"geometry":{"coordinates":[[-81.599546,38.226493],[-81.599079,38.226704],[-81.59891,38.226795],[-81.598697,38.22691],[-81.598368,38.227116],[-81.597912,38.227426],[-81.597809,38.227498]],"type":"LineString"},"id":"REF-KANAWHA-CONNECTING-ROADS-91","properties":{"canon_status":"REAL_REFERENCE","county_route":null,"federal_lands_route":null,"fictionality":"REAL","globalid":"{EDE8FD2B-D91E-4DFF-A926-E7C4A900AAF8}","interstate":null,"interstate_a":null,"interstate_b":null,"interstate_c":null,"loaddate":1474002289000,"mtfcc_code":"S1200","name":"Hernshaw","objectid":8188334,"permanent_identifier":"4bddc20a-c126-4f0f-abba-aad01e933808","real_world_relation":"REFERENCE_ONLY","shape_Length":240.86406316526794,"source_datadesc":"2016 January MAFTIGER","source_datasetid":"{9298FF95-0FA8-4712-9AA5-9292C907CA63}","source_featureid":"1104468865760","source_id":"REF-KANAWHA-CONNECTING-ROADS","source_originator":"U.S. Department of Commerce, U.S. Census Bureau, Geography Division","state_route":"94","state_route_a":"94","state_route_b":null,"state_route_c":null,"stco_fipscode":"54039","tnmfrc":3,"us_route":null,"us_route_a":null,"us_route_b":null,"us_route_c":null},"type":"Feature"},{"geometry":{"coordinates":[[-81.595409,38.357685],[-81.595224,38.357918],[-81.595145,38.35803],[-81.59507,38.358114]],"type":"LineString"},"id":"REF-KANAWHA-CONNECTING-ROADS-92","properties":{"canon_status":"REAL_REFERENCE","county_route":null,"federal_lands_route":null,"fictionality":"REAL","globalid":"{F6A374C2-44AA-4194-B784-B2FFC716DE06}","interstate":null,"interstate_a":null,"interstate_b":null,"interstate_c":null,"loaddate":1474001570000,"mtfcc_code":"S1200","name":"Greenbrier St","objectid":8188362,"permanent_identifier":"8745b7c5-39b4-4def-8973-9dcbfe253b07","real_world_relation":"REFERENCE_ONLY","shape_Length":71.69112581683578,"source_datadesc":"2016 January MAFTIGER","source_datasetid":"{9298FF95-0FA8-4712-9AA5-9292C907CA63}","source_featureid":"1101747019401","source_id":"REF-KANAWHA-CONNECTING-ROADS","source_originator":"U.S. Department of Commerce, U.S. Census Bureau, Geography Division","state_route":"114","state_route_a":"114","state_route_b":null,"state_route_c":null,"stco_fipscode":"54039","tnmfrc":3,"us_route":null,"us_route_a":null,"us_route_b":null,"us_route_c":null},"type":"Feature"},{"geometry":{"coordinates":[[-81.572231,38.229852],[-81.572624,38.230715],[-81.572663,38.230829]],"type":"LineString"},"id":"REF-KANAWHA-CONNECTING-ROADS-93","properties":{"canon_status":"REAL_REFERENCE","county_route":null,"federal_lands_route":null,"fictionality":"REAL","globalid":"{40C0772F-EF85-421F-93B3-0E615C8F8E4D}","interstate":null,"interstate_a":null,"interstate_b":null,"interstate_c":null,"loaddate":1474001546000,"mtfcc_code":"S1200","name":"Lens Creek Rd","objectid":8316037,"permanent_identifier":"96ebb340-43ad-45fe-827b-89c219de1ef1","real_world_relation":"REFERENCE_ONLY","shape_Length":146.61600133945288,"source_datadesc":"2016 January MAFTIGER","source_datasetid":"{9298FF95-0FA8-4712-9AA5-9292C907CA63}","source_featureid":"1104468896258","source_id":"REF-KANAWHA-CONNECTING-ROADS","source_originator":"U.S. Department of Commerce, U.S. Census Bureau, Geography Division","state_route":"94","state_route_a":"94","state_route_b":null,"state_route_c":null,"stco_fipscode":"54039","tnmfrc":3,"us_route":null,"us_route_a":null,"us_route_b":null,"us_route_c":null},"type":"Feature"},{"geometry":{"coordinates":[[-81.572663,38.230829],[-81.572682,38.230886],[-81.572719,38.231047],[-81.572732,38.231148],[-81.572741,38.231338],[-81.572731,38.23149],[-81.572702,38.231661],[-81.572657,38.231817],[-81.572579,38.23201],[-81.57255,38.232064]],"type":"LineString"},"id":"REF-KANAWHA-CONNECTING-ROADS-94","properties":{"canon_status":"REAL_REFERENCE","county_route":null,"federal_lands_route":null,"fictionality":"REAL","globalid":"{F47F3B83-7D46-4A20-A2C1-1AADDB5209D9}","interstate":null,"interstate_a":null,"interstate_b":null,"interstate_c":null,"loaddate":1474001546000,"mtfcc_code":"S1200","name":"Lens Creek Rd","objectid":8316441,"permanent_identifier":"629f6a28-4ec6-4143-acf1-9c8f82457633","real_world_relation":"REFERENCE_ONLY","shape_Length":178.5520704181517,"source_datadesc":"2016 January MAFTIGER","source_datasetid":"{9298FF95-0FA8-4712-9AA5-9292C907CA63}","source_featureid":"1104468896258","source_id":"REF-KANAWHA-CONNECTING-ROADS","source_originator":"U.S. Department of Commerce, U.S. Census Bureau, Geography Division","state_route":"94","state_route_a":"94","state_route_b":null,"state_route_c":null,"stco_fipscode":"54039","tnmfrc":3,"us_route":null,"us_route_a":null,"us_route_b":null,"us_route_c":null},"type":"Feature"},{"geometry":{"coordinates":[[-81.559134,38.240282],[-81.559119,38.240276],[-81.558977,38.24019]],"type":"LineString"},"id":"REF-KANAWHA-CONNECTING-ROADS-95","properties":{"canon_status":"REAL_REFERENCE","county_route":null,"federal_lands_route":null,"fictionality":"REAL","globalid":"{0BEDB03A-0356-4229-9922-0B5173438B69}","interstate":null,"interstate_a":null,"interstate_b":null,"interstate_c":null,"loaddate":1474002619000,"mtfcc_code":"S1200","name":"Maccorkle Ave","objectid":8443488,"permanent_identifier":"92677944-70c0-4b77-9d93-18794a1cf7de","real_world_relation":"REFERENCE_ONLY","shape_Length":21.834978820423473,"source_datadesc":"2016 January MAFTIGER","source_datasetid":"{9298FF95-0FA8-4712-9AA5-9292C907CA63}","source_featureid":"1101747018871","source_id":"REF-KANAWHA-CONNECTING-ROADS","source_originator":"U.S. Department of Commerce, U.S. Census Bureau, Geography Division","state_route":"61","state_route_a":"61","state_route_b":null,"state_route_c":null,"stco_fipscode":"54039","tnmfrc":3,"us_route":null,"us_route_a":null,"us_route_b":null,"us_route_c":null},"type":"Feature"},{"geometry":{"coordinates":[[-81.571147,38.25104],[-81.570641,38.25028]],"type":"LineString"},"id":"REF-KANAWHA-CONNECTING-ROADS-96","properties":{"canon_status":"REAL_REFERENCE","county_route":null,"federal_lands_route":null,"fictionality":"REAL","globalid":"{19AA3782-99D0-47F6-AC73-CAC04300C323}","interstate":null,"interstate_a":null,"interstate_b":null,"interstate_c":null,"loaddate":1474002633000,"mtfcc_code":"S1200","name":"Maccorkle Ave","objectid":8443563,"permanent_identifier":"5bfa4cb3-641d-4a10-95ef-f5cb099ea97d","real_world_relation":"REFERENCE_ONLY","shape_Length":121.56870698496536,"source_datadesc":"2016 January MAFTIGER","source_datasetid":"{9298FF95-0FA8-4712-9AA5-9292C907CA63}","source_featureid":"1101747018877","source_id":"REF-KANAWHA-CONNECTING-ROADS","source_originator":"U.S. Department of Commerce, U.S. Census Bureau, Geography Division","state_route":"61","state_route_a":"61","state_route_b":null,"state_route_c":null,"stco_fipscode":"54039","tnmfrc":3,"us_route":null,"us_route_a":null,"us_route_b":null,"us_route_c":null},"type":"Feature"},{"geometry":{"coordinates":[[-81.62969,38.338626],[-81.629778,38.338688],[-81.630136,38.338957],[-81.630412,38.339181],[-81.630782,38.3395],[-81.630861,38.33957]],"type":"LineString"},"id":"REF-KANAWHA-CONNECTING-ROADS-97","properties":{"canon_status":"REAL_REFERENCE","county_route":null,"federal_lands_route":null,"fictionality":"REAL","globalid":"{FFB39251-1A0E-476B-A613-A2A48FCE50C9}","interstate":null,"interstate_a":null,"interstate_b":null,"interstate_c":null,"loaddate":1474001493000,"mtfcc_code":"S1200","name":"Maccorkle Ave SE","objectid":8443838,"permanent_identifier":"1095fc94-5ef1-472c-b94e-6927a2aa48cc","real_world_relation":"REFERENCE_ONLY","shape_Length":187.04216643849026,"source_datadesc":"2016 January MAFTIGER","source_datasetid":"{9298FF95-0FA8-4712-9AA5-9292C907CA63}","source_featureid":"1101747018887","source_id":"REF-KANAWHA-CONNECTING-ROADS","source_originator":"U.S. Department of Commerce, U.S. Census Bureau, Geography Division","state_route":"61","state_route_a":"61","state_route_b":null,"state_route_c":null,"stco_fipscode":"54039","tnmfrc":3,"us_route":null,"us_route_a":null,"us_route_b":null,"us_route_c":null},"type":"Feature"},{"geometry":{"coordinates":[[-81.649802,38.354137],[-81.649708,38.354069],[-81.649441,38.353892],[-81.649162,38.353727],[-81.648989,38.353634],[-81.648455,38.353389],[-81.648092,38.353236],[-81.647724,38.353091],[-81.647302,38.352932]],"type":"LineString"},"id":"REF-KANAWHA-CONNECTING-ROADS-98","properties":{"canon_status":"REAL_REFERENCE","county_route":null,"federal_lands_route":null,"fictionality":"REAL","globalid":"{B916BDDA-E255-4874-A193-0DBCCE9F05CF}","interstate":null,"interstate_a":null,"interstate_b":null,"interstate_c":null,"loaddate":1568217705000,"mtfcc_code":"S1200","name":"Maccorkle Ave SW","objectid":8657850,"permanent_identifier":"c698b315-8b30-4138-b856-51468852e135","real_world_relation":"REFERENCE_ONLY","shape_Length":328.1235931469585,"source_datadesc":"2018 May MAF/TIGER","source_datasetid":"{9298FF95-0FA8-4712-9AA5-9292C907CA63}","source_featureid":"1101747018889","source_id":"REF-KANAWHA-CONNECTING-ROADS","source_originator":"U.S. Department of Commerce, U.S. Census Bureau, Geography Division","state_route":"61","state_route_a":"61","state_route_b":null,"state_route_c":null,"stco_fipscode":"54039","tnmfrc":3,"us_route":null,"us_route_a":null,"us_route_b":null,"us_route_c":null},"type":"Feature"},{"geometry":{"coordinates":[[-81.571979,38.3744],[-81.572189,38.374247],[-81.572391,38.374082],[-81.572682,38.373813],[-81.572907,38.373614]],"type":"LineString"},"id":"REF-KANAWHA-CONNECTING-ROADS-99","properties":{"canon_status":"REAL_REFERENCE","county_route":null,"federal_lands_route":null,"fictionality":"REAL","globalid":"{3124406D-E1C3-43B9-8A6E-A4E169D9F149}","interstate":null,"interstate_a":null,"interstate_b":null,"interstate_c":null,"loaddate":1568217705000,"mtfcc_code":"S1200","name":"Greenbrier St","objectid":8657960,"permanent_identifier":"4775e9a6-5167-4e7e-9129-97a8dca0ff82","real_world_relation":"REFERENCE_ONLY","shape_Length":152.22837904997633,"source_datadesc":"2016 January MAFTIGER","source_datasetid":"{9298FF95-0FA8-4712-9AA5-9292C907CA63}","source_featureid":"1101747019399","source_id":"REF-KANAWHA-CONNECTING-ROADS","source_originator":"U.S. Department of Commerce, U.S. Census Bureau, Geography Division","state_route":"114","state_route_a":"114","state_route_b":null,"state_route_c":null,"stco_fipscode":"54039","tnmfrc":3,"us_route":null,"us_route_a":null,"us_route_b":null,"us_route_c":null},"type":"Feature"},{"geometry":{"coordinates":[[-81.573383,38.256286],[-81.573217,38.255895],[-81.573154,38.255718],[-81.57303,38.25532],[-81.572998,38.255191]],"type":"LineString"},"id":"REF-KANAWHA-CONNECTING-ROADS-100","properties":{"canon_status":"REAL_REFERENCE","county_route":null,"federal_lands_route":null,"fictionality":"REAL","globalid":"{B7BECDAD-34D6-4ECD-8FF2-65853707AEBC}","interstate":null,"interstate_a":null,"interstate_b":null,"interstate_c":null,"loaddate":1474002633000,"mtfcc_code":"S1200","name":"Maccorkle Ave","objectid":8698968,"permanent_identifier":"499c39b8-ecf3-4387-a709-c07064f81812","real_world_relation":"REFERENCE_ONLY","shape_Length":161.19811247559022,"source_datadesc":"2016 January MAFTIGER","source_datasetid":"{9298FF95-0FA8-4712-9AA5-9292C907CA63}","source_featureid":"1101747018877","source_id":"REF-KANAWHA-CONNECTING-ROADS","source_originator":"U.S. Department of Commerce, U.S. Census Bureau, Geography Division","state_route":"61","state_route_a":"61","state_route_b":null,"state_route_c":null,"stco_fipscode":"54039","tnmfrc":3,"us_route":null,"us_route_a":null,"us_route_b":null,"us_route_c":null},"type":"Feature"},{"geometry":{"coordinates":[[-81.619085,38.332706],[-81.619282,38.332783],[-81.619844,38.333024],[-81.620192,38.333184],[-81.620954,38.333533],[-81.621931,38.333981]],"type":"LineString"},"id":"REF-KANAWHA-CONNECTING-ROADS-101","properties":{"canon_status":"REAL_REFERENCE","county_route":null,"federal_lands_route":null,"fictionality":"REAL","globalid":"{01A0843F-838B-42E6-94C4-90095E6508D3}","interstate":null,"interstate_a":null,"interstate_b":null,"interstate_c":null,"loaddate":1474001493000,"mtfcc_code":"S1200","name":"Maccorkle Ave SE","objectid":8698988,"permanent_identifier":"e8dcc614-36ec-43c4-bf7a-44974aa5d486","real_world_relation":"REFERENCE_ONLY","shape_Length":364.90973850893084,"source_datadesc":"2016 January MAFTIGER","source_datasetid":"{9298FF95-0FA8-4712-9AA5-9292C907CA63}","source_featureid":"1101747018887","source_id":"REF-KANAWHA-CONNECTING-ROADS","source_originator":"U.S. Department of Commerce, U.S. Census Bureau, Geography Division","state_route":"61","state_route_a":"61","state_route_b":null,"state_route_c":null,"stco_fipscode":"54039","tnmfrc":3,"us_route":null,"us_route_a":null,"us_route_b":null,"us_route_c":null},"type":"Feature"},{"geometry":{"coordinates":[[-81.496839,38.195772],[-81.496737,38.195737]],"type":"LineString"},"id":"REF-KANAWHA-CONNECTING-ROADS-102","properties":{"canon_status":"REAL_REFERENCE","county_route":null,"federal_lands_route":null,"fictionality":"REAL","globalid":"{8C1A6AA9-1BBB-481C-BA71-802D1FB078B3}","interstate":null,"interstate_a":null,"interstate_b":null,"interstate_c":null,"loaddate":1474002619000,"mtfcc_code":"S1200","name":"3rd Ave","objectid":8699025,"permanent_identifier":"0153c75a-db19-48e0-b4ef-c5a4a8535dee","real_world_relation":"REFERENCE_ONLY","shape_Length":12.389702937467796,"source_datadesc":"2016 January MAFTIGER","source_datasetid":"{9298FF95-0FA8-4712-9AA5-9292C907CA63}","source_featureid":"1101747011935","source_id":"REF-KANAWHA-CONNECTING-ROADS","source_originator":"U.S. Department of Commerce, U.S. Census Bureau, Geography Division","state_route":"61","state_route_a":"61","state_route_b":null,"state_route_c":null,"stco_fipscode":"54039","tnmfrc":3,"us_route":null,"us_route_a":null,"us_route_b":null,"us_route_c":null},"type":"Feature"},{"geometry":{"coordinates":[[-81.56776,38.246265],[-81.567651,38.246124],[-81.567542,38.245996],[-81.567426,38.245872]],"type":"LineString"},"id":"REF-KANAWHA-CONNECTING-ROADS-103","properties":{"canon_status":"REAL_REFERENCE","county_route":null,"federal_lands_route":null,"fictionality":"REAL","globalid":"{80EEE156-2C43-42B7-B2E7-78FBD90195EA}","interstate":null,"interstate_a":null,"interstate_b":null,"interstate_c":null,"loaddate":1568217705000,"mtfcc_code":"S1200","name":"Maccorkle Ave","objectid":8785870,"permanent_identifier":"395147f0-abbf-41b5-88ce-c39bcbb4e241","real_world_relation":"REFERENCE_ONLY","shape_Length":67.0174250281532,"source_datadesc":"2016 January MAFTIGER","source_datasetid":"{9298FF95-0FA8-4712-9AA5-9292C907CA63}","source_featureid":"1101747018875","source_id":"REF-KANAWHA-CONNECTING-ROADS","source_originator":"U.S. Department of Commerce, U.S. Census Bureau, Geography Division","state_route":"61","state_route_a":"61","state_route_b":null,"state_route_c":null,"stco_fipscode":"54039","tnmfrc":3,"us_route":null,"us_route_a":null,"us_route_b":null,"us_route_c":null},"type":"Feature"},{"geometry":{"coordinates":[[-81.57191,38.252352],[-81.571664,38.251892]],"type":"LineString"},"id":"REF-KANAWHA-CONNECTING-ROADS-104","properties":{"canon_status":"REAL_REFERENCE","county_route":null,"federal_lands_route":null,"fictionality":"REAL","globalid":"{1AA89FA4-9053-4520-8496-F3F5C9E615ED}","interstate":null,"interstate_a":null,"interstate_b":null,"interstate_c":null,"loaddate":1474002633000,"mtfcc_code":"S1200","name":"Maccorkle Ave","objectid":8826560,"permanent_identifier":"82a9352f-ffc4-43c4-a74c-8ce1de8ba7d3","real_world_relation":"REFERENCE_ONLY","shape_Length":70.7242626829699,"source_datadesc":"2016 January MAFTIGER","source_datasetid":"{9298FF95-0FA8-4712-9AA5-9292C907CA63}","source_featureid":"1101747018877","source_id":"REF-KANAWHA-CONNECTING-ROADS","source_originator":"U.S. Department of Commerce, U.S. Census Bureau, Geography Division","state_route":"61","state_route_a":"61","state_route_b":null,"state_route_c":null,"stco_fipscode":"54039","tnmfrc":3,"us_route":null,"us_route_a":null,"us_route_b":null,"us_route_c":null},"type":"Feature"},{"geometry":{"coordinates":[[-81.594461,38.229888],[-81.594383,38.2299],[-81.594295,38.229909],[-81.594186,38.229917],[-81.594083,38.22992]],"type":"LineString"},"id":"REF-KANAWHA-CONNECTING-ROADS-105","properties":{"canon_status":"REAL_REFERENCE","county_route":null,"federal_lands_route":null,"fictionality":"REAL","globalid":"{9A757253-F6BA-47EB-8D7E-5A52F46ACE65}","interstate":null,"interstate_a":null,"interstate_b":null,"interstate_c":null,"loaddate":1474002986000,"mtfcc_code":"S1200","name":"Lens Creek Rd","objectid":8953983,"permanent_identifier":"15e44859-ba71-4dda-a4f0-d48fc114dd5c","real_world_relation":"REFERENCE_ONLY","shape_Length":42.38716893808012,"source_datadesc":"2016 January MAFTIGER","source_datasetid":"{9298FF95-0FA8-4712-9AA5-9292C907CA63}","source_featureid":"1104468979895","source_id":"REF-KANAWHA-CONNECTING-ROADS","source_originator":"U.S. Department of Commerce, U.S. Census Bureau, Geography Division","state_route":"94","state_route_a":"94","state_route_b":null,"state_route_c":null,"stco_fipscode":"54039","tnmfrc":3,"us_route":null,"us_route_a":null,"us_route_b":null,"us_route_c":null},"type":"Feature"},{"geometry":{"coordinates":[[-81.563292,38.309243],[-81.563302,38.309035]],"type":"LineString"},"id":"REF-KANAWHA-CONNECTING-ROADS-106","properties":{"canon_status":"REAL_REFERENCE","county_route":null,"federal_lands_route":null,"fictionality":"REAL","globalid":"{2F84E730-81BA-49C4-8128-5D9932F832C2}","interstate":null,"interstate_a":null,"interstate_b":null,"interstate_c":null,"loaddate":1474001726000,"mtfcc_code":"S1200","name":"Maccorkle Ave SE","objectid":9209302,"permanent_identifier":"ac5f5e5c-a3e3-4bd5-82af-b23ca66677c6","real_world_relation":"REFERENCE_ONLY","shape_Length":29.529190326124688,"source_datadesc":"2016 January MAFTIGER","source_datasetid":"{9298FF95-0FA8-4712-9AA5-9292C907CA63}","source_featureid":"1101747018888","source_id":"REF-KANAWHA-CONNECTING-ROADS","source_originator":"U.S. Department of Commerce, U.S. Census Bureau, Geography Division","state_route":"61","state_route_a":"61","state_route_b":null,"state_route_c":null,"stco_fipscode":"54039","tnmfrc":3,"us_route":null,"us_route_a":null,"us_route_b":null,"us_route_c":null},"type":"Feature"},{"geometry":{"coordinates":[[-81.498482,38.195921],[-81.498243,38.19594],[-81.498061,38.195948]],"type":"LineString"},"id":"REF-KANAWHA-CONNECTING-ROADS-107","properties":{"canon_status":"REAL_REFERENCE","county_route":null,"federal_lands_route":null,"fictionality":"REAL","globalid":"{09841CDB-A190-4CA5-9175-3239CBD08D2D}","interstate":null,"interstate_a":null,"interstate_b":null,"interstate_c":null,"loaddate":1474002766000,"mtfcc_code":"S1200","name":"Maccorkle Ave","objectid":9337516,"permanent_identifier":"7e5c36ce-c0b6-405a-98cb-5468bb5104fb","real_world_relation":"REFERENCE_ONLY","shape_Length":47.0329409969833,"source_datadesc":"2016 January MAFTIGER","source_datasetid":"{9298FF95-0FA8-4712-9AA5-9292C907CA63}","source_featureid":"1101747018866","source_id":"REF-KANAWHA-CONNECTING-ROADS","source_originator":"U.S. Department of Commerce, U.S. Census Bureau, Geography Division","state_route":"61","state_route_a":"61","state_route_b":null,"state_route_c":null,"stco_fipscode":"54039","tnmfrc":3,"us_route":null,"us_route_a":null,"us_route_b":null,"us_route_c":null},"type":"Feature"},{"geometry":{"coordinates":[[-81.675022,38.376225],[-81.675006,38.376224],[-81.674705,38.376176],[-81.674424,38.37612]],"type":"LineString"},"id":"REF-KANAWHA-CONNECTING-ROADS-108","properties":{"canon_status":"REAL_REFERENCE","county_route":null,"federal_lands_route":null,"fictionality":"REAL","globalid":"{0D95D5BE-B1DB-45BB-A95B-A485FAC8A880}","interstate":null,"interstate_a":null,"interstate_b":null,"interstate_c":null,"loaddate":1568217705000,"mtfcc_code":"S1200","name":"7th Ave","objectid":9424059,"permanent_identifier":"5eca4666-e8a9-40ba-bc08-f3d158709735","real_world_relation":"REFERENCE_ONLY","shape_Length":68.25573938733086,"source_datadesc":"2016 January MAFTIGER","source_datasetid":"{9298FF95-0FA8-4712-9AA5-9292C907CA63}","source_featureid":"1101747012131","source_id":"REF-KANAWHA-CONNECTING-ROADS","source_originator":"U.S. Department of Commerce, U.S. Census Bureau, Geography Division","state_route":"25","state_route_a":"25","state_route_b":null,"state_route_c":null,"stco_fipscode":"54039","tnmfrc":3,"us_route":null,"us_route_a":null,"us_route_b":null,"us_route_c":null},"type":"Feature"},{"geometry":{"coordinates":[[-81.576146,38.318362],[-81.57625,38.318422],[-81.577109,38.318918]],"type":"LineString"},"id":"REF-KANAWHA-CONNECTING-ROADS-109","properties":{"canon_status":"REAL_REFERENCE","county_route":null,"federal_lands_route":null,"fictionality":"REAL","globalid":"{F6D44D30-D7EA-4A54-A931-1F7814076EEE}","interstate":null,"interstate_a":null,"interstate_b":null,"interstate_c":null,"loaddate":1568217705000,"mtfcc_code":"S1200","name":"Maccorkle Ave SE","objectid":9551826,"permanent_identifier":"3186c782-6c59-44eb-9372-9c62d51a0ddc","real_world_relation":"REFERENCE_ONLY","shape_Length":133.09897996830745,"source_datadesc":"2016 January MAFTIGER","source_datasetid":"{9298FF95-0FA8-4712-9AA5-9292C907CA63}","source_featureid":"1101747018887","source_id":"REF-KANAWHA-CONNECTING-ROADS","source_originator":"U.S. Department of Commerce, U.S. Census Bureau, Geography Division","state_route":"61","state_route_a":"61","state_route_b":null,"state_route_c":null,"stco_fipscode":"54039","tnmfrc":3,"us_route":null,"us_route_a":null,"us_route_b":null,"us_route_c":null},"type":"Feature"},{"geometry":{"coordinates":[[-81.449706,38.213948],[-81.450069,38.213698]],"type":"LineString"},"id":"REF-KANAWHA-CONNECTING-ROADS-110","properties":{"canon_status":"REAL_REFERENCE","county_route":null,"federal_lands_route":null,"fictionality":"REAL","globalid":"{AC7034F1-0E9D-48F0-BC2A-9FAA20D92E68}","interstate":null,"interstate_a":null,"interstate_b":null,"interstate_c":null,"loaddate":1474003102000,"mtfcc_code":"S1200","name":"3rd Ave","objectid":9592469,"permanent_identifier":"abe65c38-3519-4aac-8e81-4ff1034dfd53","real_world_relation":"REFERENCE_ONLY","shape_Length":53.7352570374191,"source_datadesc":"2016 January MAFTIGER","source_datasetid":"{9298FF95-0FA8-4712-9AA5-9292C907CA63}","source_featureid":"1104259509480","source_id":"REF-KANAWHA-CONNECTING-ROADS","source_originator":"U.S. Department of Commerce, U.S. Census Bureau, Geography Division","state_route":"61","state_route_a":"61","state_route_b":null,"state_route_c":null,"stco_fipscode":"54039","tnmfrc":3,"us_route":null,"us_route_a":null,"us_route_b":null,"us_route_c":null},"type":"Feature"},{"geometry":{"coordinates":[[-81.601988,38.351317],[-81.601786,38.351373],[-81.601578,38.351415],[-81.601366,38.351443],[-81.601152,38.351457],[-81.600186,38.351497],[-81.599943,38.351524],[-81.599704,38.351565]],"type":"LineString"},"id":"REF-KANAWHA-CONNECTING-ROADS-111","properties":{"canon_status":"REAL_REFERENCE","county_route":null,"federal_lands_route":null,"fictionality":"REAL","globalid":"{75E6541C-DFD0-4E2F-866D-60C6D3BD18B5}","interstate":null,"interstate_a":null,"interstate_b":null,"interstate_c":null,"loaddate":1474001570000,"mtfcc_code":"S1200","name":"Greenbrier St","objectid":9720360,"permanent_identifier":"38001291-bb02-4c3c-9870-d1196faf5dff","real_world_relation":"REFERENCE_ONLY","shape_Length":257.8369053801023,"source_datadesc":"2016 January MAFTIGER","source_datasetid":"{9298FF95-0FA8-4712-9AA5-9292C907CA63}","source_featureid":"1101747019401","source_id":"REF-KANAWHA-CONNECTING-ROADS","source_originator":"U.S. Department of Commerce, U.S. Census Bureau, Geography Division","state_route":"114","state_route_a":"114","state_route_b":null,"state_route_c":null,"stco_fipscode":"54039","tnmfrc":3,"us_route":null,"us_route_a":null,"us_route_b":null,"us_route_c":null},"type":"Feature"},{"geometry":{"coordinates":[[-81.580344,38.320785],[-81.581653,38.321538]],"type":"LineString"},"id":"REF-KANAWHA-CONNECTING-ROADS-112","properties":{"canon_status":"REAL_REFERENCE","county_route":null,"federal_lands_route":null,"fictionality":"REAL","globalid":"{199A6147-B314-4802-9034-09D3D73017D4}","interstate":null,"interstate_a":null,"interstate_b":null,"interstate_c":null,"loaddate":1568217705000,"mtfcc_code":"S1200","name":"Maccorkle Ave SE","objectid":9934871,"permanent_identifier":"a893fcbf-5d47-49a9-8089-cbb5b06cfe80","real_world_relation":"REFERENCE_ONLY","shape_Length":180.6903453623661,"source_datadesc":"2016 January MAFTIGER","source_datasetid":"{9298FF95-0FA8-4712-9AA5-9292C907CA63}","source_featureid":"1101747018887","source_id":"REF-KANAWHA-CONNECTING-ROADS","source_originator":"U.S. Department of Commerce, U.S. Census Bureau, Geography Division","state_route":"61","state_route_a":"61","state_route_b":null,"state_route_c":null,"stco_fipscode":"54039","tnmfrc":3,"us_route":null,"us_route_a":null,"us_route_b":null,"us_route_c":null},"type":"Feature"},{"geometry":{"coordinates":[[-81.48653,38.195088],[-81.486662,38.195083]],"type":"LineString"},"id":"REF-KANAWHA-CONNECTING-ROADS-113","properties":{"canon_status":"REAL_REFERENCE","county_route":null,"federal_lands_route":null,"fictionality":"REAL","globalid":"{A137B87A-B6BC-45C9-99D1-703FCB958B82}","interstate":null,"interstate_a":null,"interstate_b":null,"interstate_c":null,"loaddate":1474003102000,"mtfcc_code":"S1200","name":"3rd Ave","objectid":10103099,"permanent_identifier":"5c58de04-53c8-4b22-85ca-7902131fbce4","real_world_relation":"REFERENCE_ONLY","shape_Length":14.711256264312626,"source_datadesc":"2016 January MAFTIGER","source_datasetid":"{9298FF95-0FA8-4712-9AA5-9292C907CA63}","source_featureid":"1104259509480","source_id":"REF-KANAWHA-CONNECTING-ROADS","source_originator":"U.S. Department of Commerce, U.S. Census Bureau, Geography Division","state_route":"61","state_route_a":"61","state_route_b":null,"state_route_c":null,"stco_fipscode":"54039","tnmfrc":3,"us_route":null,"us_route_a":null,"us_route_b":null,"us_route_c":null},"type":"Feature"},{"geometry":{"coordinates":[[-81.563922,38.301824],[-81.563692,38.302405]],"type":"LineString"},"id":"REF-KANAWHA-CONNECTING-ROADS-114","properties":{"canon_status":"REAL_REFERENCE","county_route":null,"federal_lands_route":null,"fictionality":"REAL","globalid":"{D30ED7BD-0388-453E-AAF4-7BB6D15D897B}","interstate":null,"interstate_a":null,"interstate_b":null,"interstate_c":null,"loaddate":1474001492000,"mtfcc_code":"S1200","name":"Maccorkle Ave SE","objectid":10231089,"permanent_identifier":"bcce753f-e2ca-4e76-a7e1-6847d7efff05","real_world_relation":"REFERENCE_ONLY","shape_Length":86.30187462700334,"source_datadesc":"2016 January MAFTIGER","source_datasetid":"{9298FF95-0FA8-4712-9AA5-9292C907CA63}","source_featureid":"1101747018887","source_id":"REF-KANAWHA-CONNECTING-ROADS","source_originator":"U.S. Department of Commerce, U.S. Census Bureau, Geography Division","state_route":"61","state_route_a":"61","state_route_b":null,"state_route_c":null,"stco_fipscode":"54039","tnmfrc":3,"us_route":null,"us_route_a":null,"us_route_b":null,"us_route_c":null},"type":"Feature"},{"geometry":{"coordinates":[[-81.565825,38.31226],[-81.564834,38.311715],[-81.5644,38.311459]],"type":"LineString"},"id":"REF-KANAWHA-CONNECTING-ROADS-115","properties":{"canon_status":"REAL_REFERENCE","county_route":null,"federal_lands_route":null,"fictionality":"REAL","globalid":"{BB02CE9B-7920-4BFC-AB71-2F6371F71AD0}","interstate":null,"interstate_a":null,"interstate_b":null,"interstate_c":null,"loaddate":1474001726000,"mtfcc_code":"S1200","name":"Maccorkle Ave SE","objectid":10231523,"permanent_identifier":"2509658e-dd0d-453b-9c59-b5a7274c88dc","real_world_relation":"REFERENCE_ONLY","shape_Length":195.1576635630258,"source_datadesc":"2016 January MAFTIGER","source_datasetid":"{9298FF95-0FA8-4712-9AA5-9292C907CA63}","source_featureid":"1101747018888","source_id":"REF-KANAWHA-CONNECTING-ROADS","source_originator":"U.S. Department of Commerce, U.S. Census Bureau, Geography Division","state_route":"61","state_route_a":"61","state_route_b":null,"state_route_c":null,"stco_fipscode":"54039","tnmfrc":3,"us_route":null,"us_route_a":null,"us_route_b":null,"us_route_c":null},"type":"Feature"},{"geometry":{"coordinates":[[-81.671288,38.37508],[-81.670862,38.374964],[-81.670415,38.374873],[-81.669963,38.374796],[-81.669525,38.374733],[-81.669156,38.374665],[-81.668793,38.374583],[-81.668649,38.374547],[-81.66833,38.374415],[-81.668148,38.374331],[-81.66804,38.374281],[-81.668019,38.374272],[-81.667933,38.374212],[-81.667883,38.374173],[-81.667836,38.374139],[-81.667788,38.374104],[-81.667759,38.374076],[-81.667726,38.374027],[-81.667704,38.373963],[-81.667698,38.3739]],"type":"LineString"},"id":"REF-KANAWHA-CONNECTING-ROADS-116","properties":{"canon_status":"REAL_REFERENCE","county_route":null,"federal_lands_route":null,"fictionality":"REAL","globalid":"{88F475D2-CFED-45F6-A80E-7DF8E56ADFE3}","interstate":null,"interstate_a":null,"interstate_b":null,"interstate_c":null,"loaddate":1568217705000,"mtfcc_code":"S1200","name":"7th Ave","objectid":10445706,"permanent_identifier":"54119cf5-cb6c-48cc-ba12-19f00ec1a38e","real_world_relation":"REFERENCE_ONLY","shape_Length":450.4946528921007,"source_datadesc":"2016 January MAFTIGER","source_datasetid":"{9298FF95-0FA8-4712-9AA5-9292C907CA63}","source_featureid":"1101747012131","source_id":"REF-KANAWHA-CONNECTING-ROADS","source_originator":"U.S. Department of Commerce, U.S. Census Bureau, Geography Division","state_route":"25","state_route_a":"25","state_route_b":null,"state_route_c":null,"stco_fipscode":"54039","tnmfrc":3,"us_route":null,"us_route_a":null,"us_route_b":null,"us_route_c":null},"type":"Feature"},{"geometry":{"coordinates":[[-81.56665,38.376828],[-81.56696,38.376685],[-81.567772,38.37634]],"type":"LineString"},"id":"REF-KANAWHA-CONNECTING-ROADS-117","properties":{"canon_status":"REAL_REFERENCE","county_route":null,"federal_lands_route":null,"fictionality":"REAL","globalid":"{22BD8281-A196-429F-BE5D-6439CA0A5198}","interstate":null,"interstate_a":null,"interstate_b":null,"interstate_c":null,"loaddate":1568217705000,"mtfcc_code":"S1200","name":"Greenbrier St","objectid":10445741,"permanent_identifier":"da5a952c-0915-4163-a485-5d6d0d635fdd","real_world_relation":"REFERENCE_ONLY","shape_Length":142.85338414039532,"source_datadesc":"2016 January MAFTIGER","source_datasetid":"{9298FF95-0FA8-4712-9AA5-9292C907CA63}","source_featureid":"1101747019399","source_id":"REF-KANAWHA-CONNECTING-ROADS","source_originator":"U.S. Department of Commerce, U.S. Census Bureau, Geography Division","state_route":"114","state_route_a":"114","state_route_b":null,"state_route_c":null,"stco_fipscode":"54039","tnmfrc":3,"us_route":null,"us_route_a":null,"us_route_b":null,"us_route_c":null},"type":"Feature"},{"geometry":{"coordinates":[[-81.570641,38.25028],[-81.570502,38.250068]],"type":"LineString"},"id":"REF-KANAWHA-CONNECTING-ROADS-118","properties":{"canon_status":"REAL_REFERENCE","county_route":null,"federal_lands_route":null,"fictionality":"REAL","globalid":"{2B52B4C8-A575-44C2-83FB-D1FB6DB29F69}","interstate":null,"interstate_a":null,"interstate_b":null,"interstate_c":null,"loaddate":1474002633000,"mtfcc_code":"S1200","name":"Maccorkle Ave","objectid":10486455,"permanent_identifier":"f21dcec1-04eb-4abc-a81f-65207883ce60","real_world_relation":"REFERENCE_ONLY","shape_Length":33.80098725562908,"source_datadesc":"2016 January MAFTIGER","source_datasetid":"{9298FF95-0FA8-4712-9AA5-9292C907CA63}","source_featureid":"1101747018877","source_id":"REF-KANAWHA-CONNECTING-ROADS","source_originator":"U.S. Department of Commerce, U.S. Census Bureau, Geography Division","state_route":"61","state_route_a":"61","state_route_b":null,"state_route_c":null,"stco_fipscode":"54039","tnmfrc":3,"us_route":null,"us_route_a":null,"us_route_b":null,"us_route_c":null},"type":"Feature"},{"geometry":{"coordinates":[[-81.59507,38.358114],[-81.594964,38.358211],[-81.594894,38.358262],[-81.594793,38.358318],[-81.594732,38.358346]],"type":"LineString"},"id":"REF-KANAWHA-CONNECTING-ROADS-119","properties":{"canon_status":"REAL_REFERENCE","county_route":null,"federal_lands_route":null,"fictionality":"REAL","globalid":"{9027C636-97B1-4F63-BADD-F69A05C8E5C6}","interstate":null,"interstate_a":null,"interstate_b":null,"interstate_c":null,"loaddate":1474001574000,"mtfcc_code":"S1200","name":"Greenbrier St","objectid":10614099,"permanent_identifier":"5c371166-9b46-41d3-af33-8f75763cfe81","real_world_relation":"REFERENCE_ONLY","shape_Length":50.40953291183623,"source_datadesc":"2016 January MAFTIGER","source_datasetid":"{9298FF95-0FA8-4712-9AA5-9292C907CA63}","source_featureid":"1101747019401","source_id":"REF-KANAWHA-CONNECTING-ROADS","source_originator":"U.S. Department of Commerce, U.S. Census Bureau, Geography Division","state_route":"114","state_route_a":"114","state_route_b":null,"state_route_c":null,"stco_fipscode":"54039","tnmfrc":3,"us_route":null,"us_route_a":null,"us_route_b":null,"us_route_c":null},"type":"Feature"},{"geometry":{"coordinates":[[-81.563302,38.309035],[-81.56331,38.30888]],"type":"LineString"},"id":"REF-KANAWHA-CONNECTING-ROADS-120","properties":{"canon_status":"REAL_REFERENCE","county_route":null,"federal_lands_route":null,"fictionality":"REAL","globalid":"{F2C1B516-202B-4852-B75B-5EC73067A235}","interstate":null,"interstate_a":null,"interstate_b":null,"interstate_c":null,"loaddate":1474001726000,"mtfcc_code":"S1200","name":"Maccorkle Ave SE","objectid":10742184,"permanent_identifier":"38912aaf-8606-40a7-8ba2-2215495b724d","real_world_relation":"REFERENCE_ONLY","shape_Length":22.00732793300578,"source_datadesc":"2016 January MAFTIGER","source_datasetid":"{9298FF95-0FA8-4712-9AA5-9292C907CA63}","source_featureid":"1101747018888","source_id":"REF-KANAWHA-CONNECTING-ROADS","source_originator":"U.S. Department of Commerce, U.S. Census Bureau, Geography Division","state_route":"61","state_route_a":"61","state_route_b":null,"state_route_c":null,"stco_fipscode":"54039","tnmfrc":3,"us_route":null,"us_route_a":null,"us_route_b":null,"us_route_c":null},"type":"Feature"},{"geometry":{"coordinates":[[-81.589412,38.32601],[-81.589901,38.326288],[-81.590724,38.326765]],"type":"LineString"},"id":"REF-KANAWHA-CONNECTING-ROADS-121","properties":{"canon_status":"REAL_REFERENCE","county_route":null,"federal_lands_route":null,"fictionality":"REAL","globalid":"{7C57972B-DDBD-4C82-8F3E-EE7995CB5846}","interstate":null,"interstate_a":null,"interstate_b":null,"interstate_c":null,"loaddate":1568217705000,"mtfcc_code":"S1200","name":"Maccorkle Ave SE","objectid":10828772,"permanent_identifier":"10c7328f-53af-4899-bfb0-c5f83f8d3927","real_world_relation":"REFERENCE_ONLY","shape_Length":181.13377719702584,"source_datadesc":"2016 January MAFTIGER","source_datasetid":"{9298FF95-0FA8-4712-9AA5-9292C907CA63}","source_featureid":"1101747018887","source_id":"REF-KANAWHA-CONNECTING-ROADS","source_originator":"U.S. Department of Commerce, U.S. Census Bureau, Geography Division","state_route":"61","state_route_a":"61","state_route_b":null,"state_route_c":null,"stco_fipscode":"54039","tnmfrc":3,"us_route":null,"us_route_a":null,"us_route_b":null,"us_route_c":null},"type":"Feature"},{"geometry":{"coordinates":[[-81.55921,38.240315],[-81.559272,38.240346],[-81.559724,38.24059],[-81.55991,38.240697]],"type":"LineString"},"id":"REF-KANAWHA-CONNECTING-ROADS-122","properties":{"canon_status":"REAL_REFERENCE","county_route":null,"federal_lands_route":null,"fictionality":"REAL","globalid":"{D54045E7-0EC4-47FD-8B30-63C724C1F719}","interstate":null,"interstate_a":null,"interstate_b":null,"interstate_c":null,"loaddate":1474002730000,"mtfcc_code":"S1200","name":"Maccorkle Ave","objectid":10997382,"permanent_identifier":"daa8dbc1-b0ae-4539-a860-24e26dfac5c0","real_world_relation":"REFERENCE_ONLY","shape_Length":94.90191894776738,"source_datadesc":"2016 January MAFTIGER","source_datasetid":"{9298FF95-0FA8-4712-9AA5-9292C907CA63}","source_featureid":"1101747018869","source_id":"REF-KANAWHA-CONNECTING-ROADS","source_originator":"U.S. Department of Commerce, U.S. Census Bureau, Geography Division","state_route":"61","state_route_a":"61","state_route_b":null,"state_route_c":null,"stco_fipscode":"54039","tnmfrc":3,"us_route":null,"us_route_a":null,"us_route_b":null,"us_route_c":null},"type":"Feature"},{"geometry":{"coordinates":[[-81.573594,38.316889],[-81.573913,38.31707],[-81.574865,38.317624]],"type":"LineString"},"id":"REF-KANAWHA-CONNECTING-ROADS-123","properties":{"canon_status":"REAL_REFERENCE","county_route":null,"federal_lands_route":null,"fictionality":"REAL","globalid":"{62150F56-4ED5-42A6-B29C-A871C8A1E702}","interstate":null,"interstate_a":null,"interstate_b":null,"interstate_c":null,"loaddate":1568217705000,"mtfcc_code":"S1200","name":"Maccorkle Ave SE","objectid":11083982,"permanent_identifier":"9da1c46f-172e-4dbb-a7e3-c3e56f8e999a","real_world_relation":"REFERENCE_ONLY","shape_Length":175.76834082543778,"source_datadesc":"2016 January MAFTIGER","source_datasetid":"{9298FF95-0FA8-4712-9AA5-9292C907CA63}","source_featureid":"1101747018887","source_id":"REF-KANAWHA-CONNECTING-ROADS","source_originator":"U.S. Department of Commerce, U.S. Census Bureau, Geography Division","state_route":"61","state_route_a":"61","state_route_b":null,"state_route_c":null,"stco_fipscode":"54039","tnmfrc":3,"us_route":null,"us_route_a":null,"us_route_b":null,"us_route_c":null},"type":"Feature"},{"geometry":{"coordinates":[[-81.54408,38.229358],[-81.543097,38.228631],[-81.543026,38.228582]],"type":"LineString"},"id":"REF-KANAWHA-CONNECTING-ROADS-124","properties":{"canon_status":"REAL_REFERENCE","county_route":null,"federal_lands_route":null,"fictionality":"REAL","globalid":"{5ADC9E85-D89F-4A01-ACE0-EDD3551DA3CB}","interstate":null,"interstate_a":null,"interstate_b":null,"interstate_c":null,"loaddate":1474002619000,"mtfcc_code":"S1200","name":"Maccorkle Ave","objectid":11124945,"permanent_identifier":"a3799341-c4cf-4f34-a595-78faa331d06c","real_world_relation":"REFERENCE_ONLY","shape_Length":160.8139682615889,"source_datadesc":"2016 January MAFTIGER","source_datasetid":"{9298FF95-0FA8-4712-9AA5-9292C907CA63}","source_featureid":"1101747018871","source_id":"REF-KANAWHA-CONNECTING-ROADS","source_originator":"U.S. Department of Commerce, U.S. Census Bureau, Geography Division","state_route":"61","state_route_a":"61","state_route_b":null,"state_route_c":null,"stco_fipscode":"54039","tnmfrc":3,"us_route":null,"us_route_a":null,"us_route_b":null,"us_route_c":null},"type":"Feature"},{"geometry":{"coordinates":[[-81.538073,38.224787],[-81.537785,38.224567]],"type":"LineString"},"id":"REF-KANAWHA-CONNECTING-ROADS-125","properties":{"canon_status":"REAL_REFERENCE","county_route":null,"federal_lands_route":null,"fictionality":"REAL","globalid":"{E7B22242-D0D7-4BD6-B4AE-102D87B838A3}","interstate":null,"interstate_a":null,"interstate_b":null,"interstate_c":null,"loaddate":1474002619000,"mtfcc_code":"S1200","name":"Maccorkle Ave","objectid":11125061,"permanent_identifier":"f70309db-35af-49fb-b0af-d97789aad46c","real_world_relation":"REFERENCE_ONLY","shape_Length":44.71792959767425,"source_datadesc":"2016 January MAFTIGER","source_datasetid":"{9298FF95-0FA8-4712-9AA5-9292C907CA63}","source_featureid":"1101747018871","source_id":"REF-KANAWHA-CONNECTING-ROADS","source_originator":"U.S. Department of Commerce, U.S. Census Bureau, Geography Division","state_route":"61","state_route_a":"61","state_route_b":null,"state_route_c":null,"stco_fipscode":"54039","tnmfrc":3,"us_route":null,"us_route_a":null,"us_route_b":null,"us_route_c":null},"type":"Feature"},{"geometry":{"coordinates":[[-81.568738,38.289758],[-81.56912,38.288884],[-81.569265,38.288526],[-81.569551,38.287763],[-81.570062,38.286321]],"type":"LineString"},"id":"REF-KANAWHA-CONNECTING-ROADS-126","properties":{"canon_status":"REAL_REFERENCE","county_route":null,"federal_lands_route":null,"fictionality":"REAL","globalid":"{14A70DE2-BCE6-4487-8643-800EB5F2A886}","interstate":null,"interstate_a":null,"interstate_b":null,"interstate_c":null,"loaddate":1474002633000,"mtfcc_code":"S1200","name":"Maccorkle Ave SE","objectid":11125063,"permanent_identifier":"09dbd466-0e4d-4ea1-93f8-42dba0d5b172","real_world_relation":"REFERENCE_ONLY","shape_Length":509.3989073508687,"source_datadesc":"2016 January MAFTIGER","source_datasetid":"{9298FF95-0FA8-4712-9AA5-9292C907CA63}","source_featureid":"1101747018886","source_id":"REF-KANAWHA-CONNECTING-ROADS","source_originator":"U.S. Department of Commerce, U.S. Census Bureau, Geography Division","state_route":"61","state_route_a":"61","state_route_b":null,"state_route_c":null,"stco_fipscode":"54039","tnmfrc":3,"us_route":null,"us_route_a":null,"us_route_b":null,"us_route_c":null},"type":"Feature"},{"geometry":{"coordinates":[[-81.523489,38.21126],[-81.52345,38.211224],[-81.523288,38.211089]],"type":"LineString"},"id":"REF-KANAWHA-CONNECTING-ROADS-127","properties":{"canon_status":"REAL_REFERENCE","county_route":null,"federal_lands_route":null,"fictionality":"REAL","globalid":"{99620BBE-D34E-4DC2-A911-78E29E50B7F0}","interstate":null,"interstate_a":null,"interstate_b":null,"interstate_c":null,"loaddate":1474002766000,"mtfcc_code":"S1200","name":"Maccorkle Ave","objectid":11252345,"permanent_identifier":"8322a827-0dc0-4a2f-991e-13eaf87ae57b","real_world_relation":"REFERENCE_ONLY","shape_Length":32.98526096225543,"source_datadesc":"2016 January MAFTIGER","source_datasetid":"{9298FF95-0FA8-4712-9AA5-9292C907CA63}","source_featureid":"1101747018866","source_id":"REF-KANAWHA-CONNECTING-ROADS","source_originator":"U.S. Department of Commerce, U.S. Census Bureau, Geography Division","state_route":"61","state_route_a":"61","state_route_b":null,"state_route_c":null,"stco_fipscode":"54039","tnmfrc":3,"us_route":null,"us_route_a":null,"us_route_b":null,"us_route_c":null},"type":"Feature"},{"geometry":{"coordinates":[[-81.542456,38.228168],[-81.541166,38.227204]],"type":"LineString"},"id":"REF-KANAWHA-CONNECTING-ROADS-128","properties":{"canon_status":"REAL_REFERENCE","county_route":null,"federal_lands_route":null,"fictionality":"REAL","globalid":"{FB91A5B6-591C-4528-8D97-2D1F013B5C8E}","interstate":null,"interstate_a":null,"interstate_b":null,"interstate_c":null,"loaddate":1474002619000,"mtfcc_code":"S1200","name":"Maccorkle Ave","objectid":11252423,"permanent_identifier":"3f018321-81f5-49fb-be36-19b728e27961","real_world_relation":"REFERENCE_ONLY","shape_Length":198.198936430194,"source_datadesc":"2016 January MAFTIGER","source_datasetid":"{9298FF95-0FA8-4712-9AA5-9292C907CA63}","source_featureid":"1101747018871","source_id":"REF-KANAWHA-CONNECTING-ROADS","source_originator":"U.S. Department of Commerce, U.S. Census Bureau, Geography Division","state_route":"61","state_route_a":"61","state_route_b":null,"state_route_c":null,"stco_fipscode":"54039","tnmfrc":3,"us_route":null,"us_route_a":null,"us_route_b":null,"us_route_c":null},"type":"Feature"},{"geometry":{"coordinates":[[-81.53608,38.223319],[-81.535495,38.222887]],"type":"LineString"},"id":"REF-KANAWHA-CONNECTING-ROADS-129","properties":{"canon_status":"REAL_REFERENCE","county_route":null,"federal_lands_route":null,"fictionality":"REAL","globalid":"{B7F10838-4813-4CE8-8863-A11711D7FB07}","interstate":null,"interstate_a":null,"interstate_b":null,"interstate_c":null,"loaddate":1474002619000,"mtfcc_code":"S1200","name":"Maccorkle Ave","objectid":11380162,"permanent_identifier":"ce442907-1661-4868-a96b-25f5302e7f58","real_world_relation":"REFERENCE_ONLY","shape_Length":89.37556248788547,"source_datadesc":"2016 January MAFTIGER","source_datasetid":"{9298FF95-0FA8-4712-9AA5-9292C907CA63}","source_featureid":"1101747018871","source_id":"REF-KANAWHA-CONNECTING-ROADS","source_originator":"U.S. Department of Commerce, U.S. Census Bureau, Geography Division","state_route":"61","state_route_a":"61","state_route_b":null,"state_route_c":null,"stco_fipscode":"54039","tnmfrc":3,"us_route":null,"us_route_a":null,"us_route_b":null,"us_route_c":null},"type":"Feature"},{"geometry":{"coordinates":[[-81.56333,38.30986],[-81.563318,38.309809],[-81.563277,38.309553],[-81.563292,38.309243]],"type":"LineString"},"id":"REF-KANAWHA-CONNECTING-ROADS-130","properties":{"canon_status":"REAL_REFERENCE","county_route":null,"federal_lands_route":null,"fictionality":"REAL","globalid":"{AA2A92B3-10E2-4314-9E9E-6364EDBFD6C1}","interstate":null,"interstate_a":null,"interstate_b":null,"interstate_c":null,"loaddate":1474001726000,"mtfcc_code":"S1200","name":"Maccorkle Ave SE","objectid":11380189,"permanent_identifier":"8d271d11-b8c6-4c92-8566-09602a6880e0","real_world_relation":"REFERENCE_ONLY","shape_Length":87.97182746074472,"source_datadesc":"2016 January MAFTIGER","source_datasetid":"{9298FF95-0FA8-4712-9AA5-9292C907CA63}","source_featureid":"1101747018888","source_id":"REF-KANAWHA-CONNECTING-ROADS","source_originator":"U.S. Department of Commerce, U.S. Census Bureau, Geography Division","state_route":"61","state_route_a":"61","state_route_b":null,"state_route_c":null,"stco_fipscode":"54039","tnmfrc":3,"us_route":null,"us_route_a":null,"us_route_b":null,"us_route_c":null},"type":"Feature"},{"geometry":{"coordinates":[[-81.548505,38.232665],[-81.548053,38.232336],[-81.547162,38.231662],[-81.546613,38.231248]],"type":"LineString"},"id":"REF-KANAWHA-CONNECTING-ROADS-131","properties":{"canon_status":"REAL_REFERENCE","county_route":null,"federal_lands_route":null,"fictionality":"REAL","globalid":"{7D77E69F-8E1E-4049-87D2-39657A927DB8}","interstate":null,"interstate_a":null,"interstate_b":null,"interstate_c":null,"loaddate":1474002619000,"mtfcc_code":"S1200","name":"Maccorkle Ave","objectid":11380237,"permanent_identifier":"d8357db6-c493-480d-be4d-f8162f2e4c6f","real_world_relation":"REFERENCE_ONLY","shape_Length":291.0152199750812,"source_datadesc":"2016 January MAFTIGER","source_datasetid":"{9298FF95-0FA8-4712-9AA5-9292C907CA63}","source_featureid":"1101747018871","source_id":"REF-KANAWHA-CONNECTING-ROADS","source_originator":"U.S. Department of Commerce, U.S. Census Bureau, Geography Division","state_route":"61","state_route_a":"61","state_route_b":null,"state_route_c":null,"stco_fipscode":"54039","tnmfrc":3,"us_route":null,"us_route_a":null,"us_route_b":null,"us_route_c":null},"type":"Feature"},{"geometry":{"coordinates":[[-81.664563,38.372478],[-81.664962,38.37268],[-81.665201,38.37281],[-81.665331,38.372892],[-81.66539,38.372947],[-81.665558,38.373084]],"type":"LineString"},"id":"REF-KANAWHA-CONNECTING-ROADS-132","properties":{"canon_status":"REAL_REFERENCE","county_route":null,"federal_lands_route":null,"fictionality":"REAL","globalid":"{B01A3FD3-54CE-4D16-9C31-5AB4D86CB175}","interstate":null,"interstate_a":null,"interstate_b":null,"interstate_c":null,"loaddate":1474003011000,"mtfcc_code":"S1200","name":"7th Ave","objectid":11380264,"permanent_identifier":"4fdddeee-e2b2-44ec-b047-a3ac1422d2a7","real_world_relation":"REFERENCE_ONLY","shape_Length":141.0167938929103,"source_datadesc":"2016 January MAFTIGER","source_datasetid":"{9298FF95-0FA8-4712-9AA5-9292C907CA63}","source_featureid":"1101747012130","source_id":"REF-KANAWHA-CONNECTING-ROADS","source_originator":"U.S. Department of Commerce, U.S. Census Bureau, Geography Division","state_route":"25","state_route_a":"25","state_route_b":null,"state_route_c":null,"stco_fipscode":"54039","tnmfrc":3,"us_route":null,"us_route_a":null,"us_route_b":null,"us_route_c":null},"type":"Feature"},{"geometry":{"coordinates":[[-81.571051,38.315292],[-81.56977,38.31456]],"type":"LineString"},"id":"REF-KANAWHA-CONNECTING-ROADS-133","properties":{"canon_status":"REAL_REFERENCE","county_route":null,"federal_lands_route":null,"fictionality":"REAL","globalid":"{BF72B660-CF97-459E-8E56-9BF1599B096B}","interstate":null,"interstate_a":null,"interstate_b":null,"interstate_c":null,"loaddate":1568217705000,"mtfcc_code":"S1200","name":"Maccorkle Ave SE","objectid":11467174,"permanent_identifier":"d9a3efab-5675-4204-8f92-b2d69e65b24c","real_world_relation":"REFERENCE_ONLY","shape_Length":176.41044263801456,"source_datadesc":"2016 January MAFTIGER","source_datasetid":"{9298FF95-0FA8-4712-9AA5-9292C907CA63}","source_featureid":"1101747018888","source_id":"REF-KANAWHA-CONNECTING-ROADS","source_originator":"U.S. Department of Commerce, U.S. Census Bureau, Geography Division","state_route":"61","state_route_a":"61","state_route_b":null,"state_route_c":null,"stco_fipscode":"54039","tnmfrc":3,"us_route":null,"us_route_a":null,"us_route_b":null,"us_route_c":null},"type":"Feature"},{"geometry":{"coordinates":[[-81.52585,38.214359],[-81.52568,38.214125]],"type":"LineString"},"id":"REF-KANAWHA-CONNECTING-ROADS-134","properties":{"canon_status":"REAL_REFERENCE","county_route":null,"federal_lands_route":null,"fictionality":"REAL","globalid":"{0CF69E82-B990-42EF-A7C7-72BB215BE386}","interstate":null,"interstate_a":null,"interstate_b":null,"interstate_c":null,"loaddate":1474002619000,"mtfcc_code":"S1200","name":"Maccorkle Ave","objectid":11508083,"permanent_identifier":"0e004102-136d-40b8-b430-296baadb937d","real_world_relation":"REFERENCE_ONLY","shape_Length":38.17438529459497,"source_datadesc":"2016 January MAFTIGER","source_datasetid":"{9298FF95-0FA8-4712-9AA5-9292C907CA63}","source_featureid":"1101747018871","source_id":"REF-KANAWHA-CONNECTING-ROADS","source_originator":"U.S. Department of Commerce, U.S. Census Bureau, Geography Division","state_route":"61","state_route_a":"61","state_route_b":null,"state_route_c":null,"stco_fipscode":"54039","tnmfrc":3,"us_route":null,"us_route_a":null,"us_route_b":null,"us_route_c":null},"type":"Feature"},{"geometry":{"coordinates":[[-81.568744,38.247525],[-81.568578,38.247317]],"type":"LineString"},"id":"REF-KANAWHA-CONNECTING-ROADS-135","properties":{"canon_status":"REAL_REFERENCE","county_route":null,"federal_lands_route":null,"fictionality":"REAL","globalid":"{E62697A0-A458-4C4D-8A23-DAA44717796E}","interstate":null,"interstate_a":null,"interstate_b":null,"interstate_c":null,"loaddate":1474002658000,"mtfcc_code":"S1200","name":"Maccorkle Ave","objectid":11635914,"permanent_identifier":"a7424eac-9e72-4bfc-91fd-dd55c63758e2","real_world_relation":"REFERENCE_ONLY","shape_Length":34.79563505642158,"source_datadesc":"2016 January MAFTIGER","source_datasetid":"{9298FF95-0FA8-4712-9AA5-9292C907CA63}","source_featureid":"1101747018875","source_id":"REF-KANAWHA-CONNECTING-ROADS","source_originator":"U.S. Department of Commerce, U.S. Census Bureau, Geography Division","state_route":"61","state_route_a":"61","state_route_b":null,"state_route_c":null,"stco_fipscode":"54039","tnmfrc":3,"us_route":null,"us_route_a":null,"us_route_b":null,"us_route_c":null},"type":"Feature"},{"geometry":{"coordinates":[[-81.678819,38.376593],[-81.677868,38.376493],[-81.676758,38.376396]],"type":"LineString"},"id":"REF-KANAWHA-CONNECTING-ROADS-136","properties":{"canon_status":"REAL_REFERENCE","county_route":null,"federal_lands_route":null,"fictionality":"REAL","globalid":"{C9485242-F0A3-4D3C-8EF4-AB332646C3E9}","interstate":null,"interstate_a":null,"interstate_b":null,"interstate_c":null,"loaddate":1568217705000,"mtfcc_code":"S1200","name":"7th Ave","objectid":11722939,"permanent_identifier":"6e04b94c-6908-4aa2-95f8-f10f42ab36b8","real_world_relation":"REFERENCE_ONLY","shape_Length":231.1429999702745,"source_datadesc":"2016 January MAFTIGER","source_datasetid":"{9298FF95-0FA8-4712-9AA5-9292C907CA63}","source_featureid":"1101747012131","source_id":"REF-KANAWHA-CONNECTING-ROADS","source_originator":"U.S. Department of Commerce, U.S. Census Bureau, Geography Division","state_route":"25","state_route_a":"25","state_route_b":null,"state_route_c":null,"stco_fipscode":"54039","tnmfrc":3,"us_route":null,"us_route_a":null,"us_route_b":null,"us_route_c":null},"type":"Feature"},{"geometry":{"coordinates":[[-81.558977,38.24019],[-81.558224,38.239735],[-81.557736,38.239439],[-81.55759,38.239351],[-81.557447,38.239265],[-81.557273,38.239159],[-81.557,38.238986],[-81.556365,38.23855],[-81.556299,38.2385]],"type":"LineString"},"id":"REF-KANAWHA-CONNECTING-ROADS-137","properties":{"canon_status":"REAL_REFERENCE","county_route":null,"federal_lands_route":null,"fictionality":"REAL","globalid":"{DBC58171-DD7F-4038-BF52-2526828AF93E}","interstate":null,"interstate_a":null,"interstate_b":null,"interstate_c":null,"loaddate":1474002619000,"mtfcc_code":"S1200","name":"Maccorkle Ave","objectid":11763680,"permanent_identifier":"f1b3f630-866e-49a9-9ff4-36279f906c47","real_world_relation":"REFERENCE_ONLY","shape_Length":382.5912316859194,"source_datadesc":"2016 January MAFTIGER","source_datasetid":"{9298FF95-0FA8-4712-9AA5-9292C907CA63}","source_featureid":"1101747018871","source_id":"REF-KANAWHA-CONNECTING-ROADS","source_originator":"U.S. Department of Commerce, U.S. Census Bureau, Geography Division","state_route":"61","state_route_a":"61","state_route_b":null,"state_route_c":null,"stco_fipscode":"54039","tnmfrc":3,"us_route":null,"us_route_a":null,"us_route_b":null,"us_route_c":null},"type":"Feature"},{"geometry":{"coordinates":[[-81.565495,38.298156],[-81.56556,38.298]],"type":"LineString"},"id":"REF-KANAWHA-CONNECTING-ROADS-138","properties":{"canon_status":"REAL_REFERENCE","county_route":null,"federal_lands_route":null,"fictionality":"REAL","globalid":"{771655FA-8A23-4585-8F4C-1335166858C5}","interstate":null,"interstate_a":null,"interstate_b":null,"interstate_c":null,"loaddate":1568217705000,"mtfcc_code":"S1200","name":"Maccorkle Ave SE","objectid":11978165,"permanent_identifier":"9b04e70b-dedc-4fd7-b739-6b8607c4fd55","real_world_relation":"REFERENCE_ONLY","shape_Length":23.24793235841595,"source_datadesc":"2018 May MAF/TIGER","source_datasetid":"{9298FF95-0FA8-4712-9AA5-9292C907CA63}","source_featureid":"1101747018888","source_id":"REF-KANAWHA-CONNECTING-ROADS","source_originator":"U.S. Department of Commerce, U.S. Census Bureau, Geography Division","state_route":"61","state_route_a":"61","state_route_b":null,"state_route_c":null,"stco_fipscode":"54039","tnmfrc":3,"us_route":null,"us_route_a":null,"us_route_b":null,"us_route_c":null},"type":"Feature"},{"geometry":{"coordinates":[[-81.604027,38.22351],[-81.603558,38.223942]],"type":"LineString"},"id":"REF-KANAWHA-CONNECTING-ROADS-139","properties":{"canon_status":"REAL_REFERENCE","county_route":null,"federal_lands_route":null,"fictionality":"REAL","globalid":"{21457808-AADA-4E19-8B3A-D0BA83C5D5C4}","interstate":null,"interstate_a":null,"interstate_b":null,"interstate_c":null,"loaddate":1474002713000,"mtfcc_code":"S1200","name":"Hernshaw","objectid":12018712,"permanent_identifier":"54c5c256-63f8-4939-a81e-2b9c9672c5fc","real_world_relation":"REFERENCE_ONLY","shape_Length":80.45478236785154,"source_datadesc":"2016 January MAFTIGER","source_datasetid":"{9298FF95-0FA8-4712-9AA5-9292C907CA63}","source_featureid":"1104468897708","source_id":"REF-KANAWHA-CONNECTING-ROADS","source_originator":"U.S. Department of Commerce, U.S. Census Bureau, Geography Division","state_route":"94","state_route_a":"94","state_route_b":null,"state_route_c":null,"stco_fipscode":"54039","tnmfrc":3,"us_route":null,"us_route_a":null,"us_route_b":null,"us_route_c":null},"type":"Feature"},{"geometry":{"coordinates":[[-81.554879,38.237428],[-81.554293,38.236989],[-81.553871,38.236672],[-81.553447,38.236355],[-81.552791,38.235859]],"type":"LineString"},"id":"REF-KANAWHA-CONNECTING-ROADS-140","properties":{"canon_status":"REAL_REFERENCE","county_route":null,"federal_lands_route":null,"fictionality":"REAL","globalid":"{6992BC3C-BC88-4D6B-822D-C25F0EC8EC40}","interstate":null,"interstate_a":null,"interstate_b":null,"interstate_c":null,"loaddate":1474002619000,"mtfcc_code":"S1200","name":"Maccorkle Ave","objectid":12018761,"permanent_identifier":"2dc221ce-2b2f-420e-a27a-b302018bae8c","real_world_relation":"REFERENCE_ONLY","shape_Length":321.6731034134267,"source_datadesc":"2016 January MAFTIGER","source_datasetid":"{9298FF95-0FA8-4712-9AA5-9292C907CA63}","source_featureid":"1101747018871","source_id":"REF-KANAWHA-CONNECTING-ROADS","source_originator":"U.S. Department of Commerce, U.S. Census Bureau, Geography Division","state_route":"61","state_route_a":"61","state_route_b":null,"state_route_c":null,"stco_fipscode":"54039","tnmfrc":3,"us_route":null,"us_route_a":null,"us_route_b":null,"us_route_c":null},"type":"Feature"},{"geometry":{"coordinates":[[-81.598576,38.328359],[-81.598633,38.328363]],"type":"LineString"},"id":"REF-KANAWHA-CONNECTING-ROADS-141","properties":{"canon_status":"REAL_REFERENCE","county_route":null,"federal_lands_route":null,"fictionality":"REAL","globalid":"{5F834079-4EDE-440B-8767-AC51B0964693}","interstate":null,"interstate_a":null,"interstate_b":null,"interstate_c":null,"loaddate":1474001493000,"mtfcc_code":"S1200","name":"Maccorkle Ave SE","objectid":12146926,"permanent_identifier":"d97bf9eb-58df-4c30-a5a9-0d74ee9003f4","real_world_relation":"REFERENCE_ONLY","shape_Length":6.37063590613613,"source_datadesc":"2016 January MAFTIGER","source_datasetid":"{9298FF95-0FA8-4712-9AA5-9292C907CA63}","source_featureid":"1101747018887","source_id":"REF-KANAWHA-CONNECTING-ROADS","source_originator":"U.S. Department of Commerce, U.S. Census Bureau, Geography Division","state_route":"61","state_route_a":"61","state_route_b":null,"state_route_c":null,"stco_fipscode":"54039","tnmfrc":3,"us_route":null,"us_route_a":null,"us_route_b":null,"us_route_c":null},"type":"Feature"},{"geometry":{"coordinates":[[-81.624085,38.188229],[-81.623951,38.188469],[-81.623681,38.189],[-81.623587,38.189231],[-81.623518,38.189446],[-81.623456,38.189717],[-81.6232,38.190772],[-81.623151,38.190938],[-81.623123,38.1911],[-81.623111,38.191263],[-81.623113,38.191385],[-81.62319,38.192724],[-81.62322,38.193169],[-81.623241,38.193375],[-81.623249,38.193619],[-81.623249,38.193693]],"type":"LineString"},"id":"REF-KANAWHA-CONNECTING-ROADS-142","properties":{"canon_status":"REAL_REFERENCE","county_route":null,"federal_lands_route":null,"fictionality":"REAL","globalid":"{7F35F8FF-D9EA-45E4-ADB8-273A25FE2190}","interstate":null,"interstate_a":null,"interstate_b":null,"interstate_c":null,"loaddate":1474001541000,"mtfcc_code":"S1200","name":"Lens Creek Rd","objectid":12146928,"permanent_identifier":"8a964afb-829c-4e78-af1e-0f032a052eb0","real_world_relation":"REFERENCE_ONLY","shape_Length":789.9697099069706,"source_datadesc":"2016 January MAFTIGER","source_datasetid":"{9298FF95-0FA8-4712-9AA5-9292C907CA63}","source_featureid":"1104991778837","source_id":"REF-KANAWHA-CONNECTING-ROADS","source_originator":"U.S. Department of Commerce, U.S. Census Bureau, Geography Division","state_route":"94","state_route_a":"94","state_route_b":null,"state_route_c":null,"stco_fipscode":"54039","tnmfrc":3,"us_route":null,"us_route_a":null,"us_route_b":null,"us_route_c":null},"type":"Feature"},{"geometry":{"coordinates":[[-81.4415,38.216293],[-81.441718,38.216233],[-81.441891,38.216191],[-81.442041,38.216154],[-81.442238,38.216123]],"type":"LineString"},"id":"REF-KANAWHA-CONNECTING-ROADS-143","properties":{"canon_status":"REAL_REFERENCE","county_route":null,"federal_lands_route":null,"fictionality":"REAL","globalid":"{939FD22B-DAAD-4F28-860B-2692C6E69C1A}","interstate":null,"interstate_a":null,"interstate_b":null,"interstate_c":null,"loaddate":1474003102000,"mtfcc_code":"S1200","name":"3rd Ave","objectid":12146951,"permanent_identifier":"fad92cf3-20ec-44a1-b54e-7daf36973076","real_world_relation":"REFERENCE_ONLY","shape_Length":85.7372752585137,"source_datadesc":"2016 January MAFTIGER","source_datasetid":"{9298FF95-0FA8-4712-9AA5-9292C907CA63}","source_featureid":"1104259509480","source_id":"REF-KANAWHA-CONNECTING-ROADS","source_originator":"U.S. Department of Commerce, U.S. Census Bureau, Geography Division","state_route":"61","state_route_a":"61","state_route_b":null,"state_route_c":null,"stco_fipscode":"54039","tnmfrc":3,"us_route":null,"us_route_a":null,"us_route_b":null,"us_route_c":null},"type":"Feature"},{"geometry":{"coordinates":[[-81.566831,38.312849],[-81.566138,38.312438],[-81.565825,38.31226]],"type":"LineString"},"id":"REF-KANAWHA-CONNECTING-ROADS-144","properties":{"canon_status":"REAL_REFERENCE","county_route":null,"federal_lands_route":null,"fictionality":"REAL","globalid":"{A88F3BA3-51F3-493F-8195-DD979205D329}","interstate":null,"interstate_a":null,"interstate_b":null,"interstate_c":null,"loaddate":1568217705000,"mtfcc_code":"S1200","name":"Maccorkle Ave SE","objectid":12234124,"permanent_identifier":"79d347cb-2ca6-4419-bb08-79ef1387d7cf","real_world_relation":"REFERENCE_ONLY","shape_Length":139.73437917862105,"source_datadesc":"2016 January MAFTIGER","source_datasetid":"{9298FF95-0FA8-4712-9AA5-9292C907CA63}","source_featureid":"1101747018888","source_id":"REF-KANAWHA-CONNECTING-ROADS","source_originator":"U.S. Department of Commerce, U.S. Census Bureau, Geography Division","state_route":"61","state_route_a":"61","state_route_b":null,"state_route_c":null,"stco_fipscode":"54039","tnmfrc":3,"us_route":null,"us_route_a":null,"us_route_b":null,"us_route_c":null},"type":"Feature"},{"geometry":{"coordinates":[[-81.580431,38.320704],[-81.579716,38.320294],[-81.579152,38.319958]],"type":"LineString"},"id":"REF-KANAWHA-CONNECTING-ROADS-145","properties":{"canon_status":"REAL_REFERENCE","county_route":null,"federal_lands_route":null,"fictionality":"REAL","globalid":"{0B1FED7D-C011-4047-A504-DEEAA516FDC2}","interstate":null,"interstate_a":null,"interstate_b":null,"interstate_c":null,"loaddate":1568217705000,"mtfcc_code":"S1200","name":"Maccorkle Ave SE","objectid":12234176,"permanent_identifier":"4fce620c-1141-43ca-8b36-92d891fdb1ad","real_world_relation":"REFERENCE_ONLY","shape_Length":177.42034071274605,"source_datadesc":"2016 January MAFTIGER","source_datasetid":"{9298FF95-0FA8-4712-9AA5-9292C907CA63}","source_featureid":"1101747018888","source_id":"REF-KANAWHA-CONNECTING-ROADS","source_originator":"U.S. Department of Commerce, U.S. Census Bureau, Geography Division","state_route":"61","state_route_a":"61","state_route_b":null,"state_route_c":null,"stco_fipscode":"54039","tnmfrc":3,"us_route":null,"us_route_a":null,"us_route_b":null,"us_route_c":null},"type":"Feature"},{"geometry":{"coordinates":[[-81.492625,38.195334],[-81.49196,38.195285],[-81.491848,38.195277],[-81.491706,38.195259],[-81.491446,38.195241]],"type":"LineString"},"id":"REF-KANAWHA-CONNECTING-ROADS-146","properties":{"canon_status":"REAL_REFERENCE","county_route":null,"federal_lands_route":null,"fictionality":"REAL","globalid":"{66CC3D6D-5557-48BF-BD6B-E121E62F7C28}","interstate":null,"interstate_a":null,"interstate_b":null,"interstate_c":null,"loaddate":1474003168000,"mtfcc_code":"S1200","name":"Maccorkle Ave","objectid":12274710,"permanent_identifier":"b2802c27-0e2d-4084-a7a3-3b2c94cb2cc9","real_world_relation":"REFERENCE_ONLY","shape_Length":131.93812143980364,"source_datadesc":"2016 January MAFTIGER","source_datasetid":"{9298FF95-0FA8-4712-9AA5-9292C907CA63}","source_featureid":"1101747018867","source_id":"REF-KANAWHA-CONNECTING-ROADS","source_originator":"U.S. Department of Commerce, U.S. Census Bureau, Geography Division","state_route":"61","state_route_a":"61","state_route_b":null,"state_route_c":null,"stco_fipscode":"54039","tnmfrc":3,"us_route":null,"us_route_a":null,"us_route_b":null,"us_route_c":null},"type":"Feature"},{"geometry":{"coordinates":[[-81.483588,38.195439],[-81.48411,38.195349],[-81.484351,38.195308],[-81.484568,38.195277]],"type":"LineString"},"id":"REF-KANAWHA-CONNECTING-ROADS-147","properties":{"canon_status":"REAL_REFERENCE","county_route":null,"federal_lands_route":null,"fictionality":"REAL","globalid":"{59A67331-E4BC-432C-B6E1-2DB84BF38133}","interstate":null,"interstate_a":null,"interstate_b":null,"interstate_c":null,"loaddate":1474003102000,"mtfcc_code":"S1200","name":"3rd Ave","objectid":12274819,"permanent_identifier":"2429b250-4e91-4354-b760-4dc2d0629519","real_world_relation":"REFERENCE_ONLY","shape_Length":111.49221111754106,"source_datadesc":"2016 January MAFTIGER","source_datasetid":"{9298FF95-0FA8-4712-9AA5-9292C907CA63}","source_featureid":"1104259509480","source_id":"REF-KANAWHA-CONNECTING-ROADS","source_originator":"U.S. Department of Commerce, U.S. Census Bureau, Geography Division","state_route":"61","state_route_a":"61","state_route_b":null,"state_route_c":null,"stco_fipscode":"54039","tnmfrc":3,"us_route":null,"us_route_a":null,"us_route_b":null,"us_route_c":null},"type":"Feature"},{"geometry":{"coordinates":[[-81.491446,38.195241],[-81.491235,38.195232],[-81.491043,38.195205]],"type":"LineString"},"id":"REF-KANAWHA-CONNECTING-ROADS-148","properties":{"canon_status":"REAL_REFERENCE","county_route":null,"federal_lands_route":null,"fictionality":"REAL","globalid":"{7D0B2C13-C942-4301-ABFE-45DBE132B8A4}","interstate":null,"interstate_a":null,"interstate_b":null,"interstate_c":null,"loaddate":1474003168000,"mtfcc_code":"S1200","name":"Maccorkle Ave","objectid":12530219,"permanent_identifier":"c1dca57a-a2bb-4a6f-b7a7-bf7996e28872","real_world_relation":"REFERENCE_ONLY","shape_Length":45.23582794472263,"source_datadesc":"2016 January MAFTIGER","source_datasetid":"{9298FF95-0FA8-4712-9AA5-9292C907CA63}","source_featureid":"1101747018867","source_id":"REF-KANAWHA-CONNECTING-ROADS","source_originator":"U.S. Department of Commerce, U.S. Census Bureau, Geography Division","state_route":"61","state_route_a":"61","state_route_b":null,"state_route_c":null,"stco_fipscode":"54039","tnmfrc":3,"us_route":null,"us_route_a":null,"us_route_b":null,"us_route_c":null},"type":"Feature"},{"geometry":{"coordinates":[[-81.612438,38.330618],[-81.613316,38.330859]],"type":"LineString"},"id":"REF-KANAWHA-CONNECTING-ROADS-149","properties":{"canon_status":"REAL_REFERENCE","county_route":null,"federal_lands_route":null,"fictionality":"REAL","globalid":"{F27F8A0C-A9CF-4E0D-9D7A-31070D9E2979}","interstate":null,"interstate_a":null,"interstate_b":null,"interstate_c":null,"loaddate":1474001493000,"mtfcc_code":"S1200","name":"Maccorkle Ave SE","objectid":12530238,"permanent_identifier":"61d7e56e-5c64-4f96-9aeb-1f32168eeaaa","real_world_relation":"REFERENCE_ONLY","shape_Length":103.54928479597436,"source_datadesc":"2016 January MAFTIGER","source_datasetid":"{9298FF95-0FA8-4712-9AA5-9292C907CA63}","source_featureid":"1101747018887","source_id":"REF-KANAWHA-CONNECTING-ROADS","source_originator":"U.S. Department of Commerce, U.S. Census Bureau, Geography Division","state_route":"61","state_route_a":"61","state_route_b":null,"state_route_c":null,"stco_fipscode":"54039","tnmfrc":3,"us_route":null,"us_route_a":null,"us_route_b":null,"us_route_c":null},"type":"Feature"},{"geometry":{"coordinates":[[-81.523288,38.211089],[-81.522797,38.210719],[-81.522492,38.210498],[-81.521206,38.209521],[-81.520851,38.209235],[-81.520494,38.208933],[-81.520133,38.208606],[-81.519607,38.208114],[-81.518859,38.207414],[-81.518596,38.207159],[-81.518094,38.206638],[-81.51468,38.202952],[-81.51434,38.202603],[-81.514009,38.202283],[-81.513674,38.201969],[-81.513223,38.201573],[-81.512861,38.201273],[-81.51244,38.200941]],"type":"LineString"},"id":"REF-KANAWHA-CONNECTING-ROADS-150","properties":{"canon_status":"REAL_REFERENCE","county_route":null,"federal_lands_route":null,"fictionality":"REAL","globalid":"{6E498ABA-5DF7-42A1-A52E-F84ADB40640B}","interstate":null,"interstate_a":null,"interstate_b":null,"interstate_c":null,"loaddate":1474002766000,"mtfcc_code":"S1200","name":"Maccorkle Ave","objectid":12530287,"permanent_identifier":"22e996c5-a62d-404a-bf6e-59fbf1bb094b","real_world_relation":"REFERENCE_ONLY","shape_Length":1881.7621051605804,"source_datadesc":"2016 January MAFTIGER","source_datasetid":"{9298FF95-0FA8-4712-9AA5-9292C907CA63}","source_featureid":"1101747018866","source_id":"REF-KANAWHA-CONNECTING-ROADS","source_originator":"U.S. Department of Commerce, U.S. Census Bureau, Geography Division","state_route":"61","state_route_a":"61","state_route_b":null,"state_route_c":null,"stco_fipscode":"54039","tnmfrc":3,"us_route":null,"us_route_a":null,"us_route_b":null,"us_route_c":null},"type":"Feature"},{"geometry":{"coordinates":[[-81.605537,38.220583],[-81.60555,38.220751]],"type":"LineString"},"id":"REF-KANAWHA-CONNECTING-ROADS-151","properties":{"canon_status":"REAL_REFERENCE","county_route":null,"federal_lands_route":null,"fictionality":"REAL","globalid":"{BD4D9CD4-E57E-4732-9B2F-5B667D117B8A}","interstate":null,"interstate_a":null,"interstate_b":null,"interstate_c":null,"loaddate":1474002466000,"mtfcc_code":"S1200","name":"Lens Creek Rd","objectid":12658369,"permanent_identifier":"df3d612e-26b5-4649-a688-36503f6a6bdc","real_world_relation":"REFERENCE_ONLY","shape_Length":23.848550669149468,"source_datadesc":"2016 January MAFTIGER","source_datasetid":"{9298FF95-0FA8-4712-9AA5-9292C907CA63}","source_featureid":"1104468897518","source_id":"REF-KANAWHA-CONNECTING-ROADS","source_originator":"U.S. Department of Commerce, U.S. Census Bureau, Geography Division","state_route":"94","state_route_a":"94","state_route_b":null,"state_route_c":null,"stco_fipscode":"54039","tnmfrc":3,"us_route":null,"us_route_a":null,"us_route_b":null,"us_route_c":null},"type":"Feature"},{"geometry":{"coordinates":[[-81.51244,38.200941],[-81.512281,38.200823],[-81.5121,38.200688]],"type":"LineString"},"id":"REF-KANAWHA-CONNECTING-ROADS-152","properties":{"canon_status":"REAL_REFERENCE","county_route":null,"federal_lands_route":null,"fictionality":"REAL","globalid":"{CEB3D8AA-D1FA-4C45-B4E5-0089D2E24BFE}","interstate":null,"interstate_a":null,"interstate_b":null,"interstate_c":null,"loaddate":1474002766000,"mtfcc_code":"S1200","name":"Maccorkle Ave","objectid":12658379,"permanent_identifier":"e3c1bc09-1813-4d4a-b412-b46f5ece6cf5","real_world_relation":"REFERENCE_ONLY","shape_Length":52.1242775162479,"source_datadesc":"2016 January MAFTIGER","source_datasetid":"{9298FF95-0FA8-4712-9AA5-9292C907CA63}","source_featureid":"1101747018866","source_id":"REF-KANAWHA-CONNECTING-ROADS","source_originator":"U.S. Department of Commerce, U.S. Census Bureau, Geography Division","state_route":"61","state_route_a":"61","state_route_b":null,"state_route_c":null,"stco_fipscode":"54039","tnmfrc":3,"us_route":null,"us_route_a":null,"us_route_b":null,"us_route_c":null},"type":"Feature"},{"geometry":{"coordinates":[[-81.647361,38.352831],[-81.648177,38.353138]],"type":"LineString"},"id":"REF-KANAWHA-CONNECTING-ROADS-153","properties":{"canon_status":"REAL_REFERENCE","county_route":null,"federal_lands_route":null,"fictionality":"REAL","globalid":"{0D3E777A-0890-4DC5-8FE2-AACB90240D67}","interstate":null,"interstate_a":null,"interstate_b":null,"interstate_c":null,"loaddate":1568217705000,"mtfcc_code":"S1200","name":"Maccorkle Ave SW","objectid":12745018,"permanent_identifier":"7e052c04-7342-43d2-b4e4-d0d6af98c755","real_world_relation":"REFERENCE_ONLY","shape_Length":100.79457370099702,"source_datadesc":"2018 May MAF/TIGER","source_datasetid":"{9298FF95-0FA8-4712-9AA5-9292C907CA63}","source_featureid":"1101747018890","source_id":"REF-KANAWHA-CONNECTING-ROADS","source_originator":"U.S. Department of Commerce, U.S. Census Bureau, Geography Division","state_route":"61","state_route_a":"61","state_route_b":null,"state_route_c":null,"stco_fipscode":"54039","tnmfrc":3,"us_route":null,"us_route_a":null,"us_route_b":null,"us_route_c":null},"type":"Feature"},{"geometry":{"coordinates":[[-81.647307,38.35281],[-81.647361,38.352831]],"type":"LineString"},"id":"REF-KANAWHA-CONNECTING-ROADS-154","properties":{"canon_status":"REAL_REFERENCE","county_route":null,"federal_lands_route":null,"fictionality":"REAL","globalid":"{A1782B84-FD8B-41F5-B37C-0068013B9AB4}","interstate":null,"interstate_a":null,"interstate_b":null,"interstate_c":null,"loaddate":1568217705000,"mtfcc_code":"S1200","name":"Maccorkle Ave SW","objectid":12745019,"permanent_identifier":"19aab930-cefd-4e8d-af57-c93c19cff99e","real_world_relation":"REFERENCE_ONLY","shape_Length":6.664193196759238,"source_datadesc":"2018 May MAF/TIGER","source_datasetid":"{9298FF95-0FA8-4712-9AA5-9292C907CA63}","source_featureid":"1101747018890","source_id":"REF-KANAWHA-CONNECTING-ROADS","source_originator":"U.S. Department of Commerce, U.S. Census Bureau, Geography Division","state_route":"61","state_route_a":"61","state_route_b":null,"state_route_c":null,"stco_fipscode":"54039","tnmfrc":3,"us_route":null,"us_route_a":null,"us_route_b":null,"us_route_c":null},"type":"Feature"},{"geometry":{"coordinates":[[-81.566917,38.245235],[-81.566885,38.245162],[-81.56684,38.245024],[-81.566812,38.244873]],"type":"LineString"},"id":"REF-KANAWHA-CONNECTING-ROADS-155","properties":{"canon_status":"REAL_REFERENCE","county_route":null,"federal_lands_route":null,"fictionality":"REAL","globalid":"{82C57D80-F9CD-4B04-B9D9-0FDECB586AA3}","interstate":null,"interstate_a":null,"interstate_b":null,"interstate_c":null,"loaddate":1568217705000,"mtfcc_code":"S1200","name":"Maccorkle Ave","objectid":12745082,"permanent_identifier":"67b742da-2fae-4599-a971-2852eb39b518","real_world_relation":"REFERENCE_ONLY","shape_Length":52.76346169379277,"source_datadesc":"2016 January MAFTIGER","source_datasetid":"{9298FF95-0FA8-4712-9AA5-9292C907CA63}","source_featureid":"1101747018873","source_id":"REF-KANAWHA-CONNECTING-ROADS","source_originator":"U.S. Department of Commerce, U.S. Census Bureau, Geography Division","state_route":"61","state_route_a":"61","state_route_b":null,"state_route_c":null,"stco_fipscode":"54039","tnmfrc":3,"us_route":null,"us_route_a":null,"us_route_b":null,"us_route_c":null},"type":"Feature"},{"geometry":{"coordinates":[[-81.602328,38.2251],[-81.602275,38.225154]],"type":"LineString"},"id":"REF-KANAWHA-CONNECTING-ROADS-156","properties":{"canon_status":"REAL_REFERENCE","county_route":null,"federal_lands_route":null,"fictionality":"REAL","globalid":"{1C7746CD-44AE-4106-AA2C-3FF018E93BA2}","interstate":null,"interstate_a":null,"interstate_b":null,"interstate_c":null,"loaddate":1474002289000,"mtfcc_code":"S1200","name":"Hernshaw","objectid":12785738,"permanent_identifier":"da6aa620-2319-4fc5-969e-0430833f230a","real_world_relation":"REFERENCE_ONLY","shape_Length":9.662318226166896,"source_datadesc":"2016 January MAFTIGER","source_datasetid":"{9298FF95-0FA8-4712-9AA5-9292C907CA63}","source_featureid":"1104468865760","source_id":"REF-KANAWHA-CONNECTING-ROADS","source_originator":"U.S. Department of Commerce, U.S. Census Bureau, Geography Division","state_route":"94","state_route_a":"94","state_route_b":null,"state_route_c":null,"stco_fipscode":"54039","tnmfrc":3,"us_route":null,"us_route_a":null,"us_route_b":null,"us_route_c":null},"type":"Feature"},{"geometry":{"coordinates":[[-81.662418,38.361039],[-81.662277,38.360998],[-81.66186,38.360852],[-81.661464,38.360693],[-81.661187,38.360569],[-81.660823,38.360381],[-81.660345,38.360105],[-81.659874,38.359819],[-81.659141,38.359355],[-81.65824,38.358778]],"type":"LineString"},"id":"REF-KANAWHA-CONNECTING-ROADS-157","properties":{"canon_status":"REAL_REFERENCE","county_route":null,"federal_lands_route":null,"fictionality":"REAL","globalid":"{AF3B0393-D8A9-4B1C-AB64-A504E48B09DF}","interstate":null,"interstate_a":null,"interstate_b":null,"interstate_c":null,"loaddate":1568217705000,"mtfcc_code":"S1200","name":"Maccorkle Ave SW","objectid":12872847,"permanent_identifier":"08bf1621-97e9-47fc-98e9-d1cb6e89cbca","real_world_relation":"REFERENCE_ONLY","shape_Length":567.8385165231605,"source_datadesc":"2018 May MAF/TIGER","source_datasetid":"{9298FF95-0FA8-4712-9AA5-9292C907CA63}","source_featureid":"1101747018889","source_id":"REF-KANAWHA-CONNECTING-ROADS","source_originator":"U.S. Department of Commerce, U.S. Census Bureau, Geography Division","state_route":"61","state_route_a":"61","state_route_b":null,"state_route_c":null,"stco_fipscode":"54039","tnmfrc":3,"us_route":null,"us_route_a":null,"us_route_b":null,"us_route_c":null},"type":"Feature"},{"geometry":{"coordinates":[[-81.567346,38.245803],[-81.567304,38.245767]],"type":"LineString"},"id":"REF-KANAWHA-CONNECTING-ROADS-158","properties":{"canon_status":"REAL_REFERENCE","county_route":null,"federal_lands_route":null,"fictionality":"REAL","globalid":"{032DF98F-949A-42E7-B47A-AF4B134616E4}","interstate":null,"interstate_a":null,"interstate_b":null,"interstate_c":null,"loaddate":1568217705000,"mtfcc_code":"S1200","name":"Maccorkle Ave","objectid":12872935,"permanent_identifier":"78abb577-3c76-4375-b81c-80c90ea93343","real_world_relation":"REFERENCE_ONLY","shape_Length":6.9208332567168656,"source_datadesc":"2016 January MAFTIGER","source_datasetid":"{9298FF95-0FA8-4712-9AA5-9292C907CA63}","source_featureid":"1101747018875","source_id":"REF-KANAWHA-CONNECTING-ROADS","source_originator":"U.S. Department of Commerce, U.S. Census Bureau, Geography Division","state_route":"61","state_route_a":"61","state_route_b":null,"state_route_c":null,"stco_fipscode":"54039","tnmfrc":3,"us_route":null,"us_route_a":null,"us_route_b":null,"us_route_c":null},"type":"Feature"},{"geometry":{"coordinates":[[-81.668836,38.362744],[-81.668424,38.362636],[-81.66778,38.362482],[-81.667351,38.362367]],"type":"LineString"},"id":"REF-KANAWHA-CONNECTING-ROADS-159","properties":{"canon_status":"REAL_REFERENCE","county_route":null,"federal_lands_route":null,"fictionality":"REAL","globalid":"{4FBD5BFC-3D90-4E90-B69C-3DA776E3405D}","interstate":null,"interstate_a":null,"interstate_b":null,"interstate_c":null,"loaddate":1474002150000,"mtfcc_code":"S1200","name":"Maccorkle Ave SW","objectid":12913760,"permanent_identifier":"4af7c4bb-f1cf-4b41-8dd8-e7b924e1198f","real_world_relation":"REFERENCE_ONLY","shape_Length":173.77817393072155,"source_datadesc":"2016 January MAFTIGER","source_datasetid":"{9298FF95-0FA8-4712-9AA5-9292C907CA63}","source_featureid":"1101747018889","source_id":"REF-KANAWHA-CONNECTING-ROADS","source_originator":"U.S. Department of Commerce, U.S. Census Bureau, Geography Division","state_route":"61","state_route_a":"61","state_route_b":null,"state_route_c":null,"stco_fipscode":"54039","tnmfrc":3,"us_route":null,"us_route_a":null,"us_route_b":null,"us_route_c":null},"type":"Feature"},{"geometry":{"coordinates":[[-81.61402,38.339072],[-81.613908,38.339252],[-81.613823,38.339405]],"type":"LineString"},"id":"REF-KANAWHA-CONNECTING-ROADS-160","properties":{"canon_status":"REAL_REFERENCE","county_route":null,"federal_lands_route":null,"fictionality":"REAL","globalid":"{0E4CCB4B-CC38-43C4-A2ED-D9CCE677C708}","interstate":null,"interstate_a":null,"interstate_b":null,"interstate_c":null,"loaddate":1474002869000,"mtfcc_code":"S1200","name":"Greenbrier St","objectid":12914077,"permanent_identifier":"1ba030af-3a02-4ac9-adc0-ed829f8ce99a","real_world_relation":"REFERENCE_ONLY","shape_Length":52.11330199000501,"source_datadesc":"2016 January MAFTIGER","source_datasetid":"{9298FF95-0FA8-4712-9AA5-9292C907CA63}","source_featureid":"1101747019400","source_id":"REF-KANAWHA-CONNECTING-ROADS","source_originator":"U.S. Department of Commerce, U.S. Census Bureau, Geography Division","state_route":"114","state_route_a":"114","state_route_b":null,"state_route_c":null,"stco_fipscode":"54039","tnmfrc":3,"us_route":null,"us_route_a":null,"us_route_b":null,"us_route_c":null},"type":"Feature"},{"geometry":{"coordinates":[[-81.567169,38.293683],[-81.567064,38.293958]],"type":"LineString"},"id":"REF-KANAWHA-CONNECTING-ROADS-161","properties":{"canon_status":"REAL_REFERENCE","county_route":null,"federal_lands_route":null,"fictionality":"REAL","globalid":"{A40A080B-24A3-4A72-80B0-BCB35F466401}","interstate":null,"interstate_a":null,"interstate_b":null,"interstate_c":null,"loaddate":1568217705000,"mtfcc_code":"S1200","name":"Maccorkle Ave SE","objectid":13000561,"permanent_identifier":"80a58424-7964-4818-874a-9b66d19d3cd8","real_world_relation":"REFERENCE_ONLY","shape_Length":40.7188064205123,"source_datadesc":"2018 May MAF/TIGER","source_datasetid":"{9298FF95-0FA8-4712-9AA5-9292C907CA63}","source_featureid":"1101747018887","source_id":"REF-KANAWHA-CONNECTING-ROADS","source_originator":"U.S. Department of Commerce, U.S. Census Bureau, Geography Division","state_route":"61","state_route_a":"61","state_route_b":null,"state_route_c":null,"stco_fipscode":"54039","tnmfrc":3,"us_route":null,"us_route_a":null,"us_route_b":null,"us_route_c":null},"type":"Feature"},{"geometry":{"coordinates":[[-81.573766,38.269692],[-81.574071,38.267819],[-81.574122,38.267476],[-81.574156,38.267177],[-81.574176,38.26686],[-81.574185,38.266537],[-81.574177,38.266118],[-81.574009,38.262078]],"type":"LineString"},"id":"REF-KANAWHA-CONNECTING-ROADS-162","properties":{"canon_status":"REAL_REFERENCE","county_route":null,"federal_lands_route":null,"fictionality":"REAL","globalid":"{A8AD2BB6-B64E-4BC2-8562-E282ECE22DD1}","interstate":null,"interstate_a":null,"interstate_b":null,"interstate_c":null,"loaddate":1474002633000,"mtfcc_code":"S1200","name":"Maccorkle Ave","objectid":13041431,"permanent_identifier":"1264bef9-9d07-4f31-a87c-d1834a3ff03a","real_world_relation":"REFERENCE_ONLY","shape_Length":1082.567030486026,"source_datadesc":"2016 January MAFTIGER","source_datasetid":"{9298FF95-0FA8-4712-9AA5-9292C907CA63}","source_featureid":"1101747018877","source_id":"REF-KANAWHA-CONNECTING-ROADS","source_originator":"U.S. Department of Commerce, U.S. Census Bureau, Geography Division","state_route":"61","state_route_a":"61","state_route_b":null,"state_route_c":null,"stco_fipscode":"54039","tnmfrc":3,"us_route":null,"us_route_a":null,"us_route_b":null,"us_route_c":null},"type":"Feature"},{"geometry":{"coordinates":[[-81.664225,38.372262],[-81.664413,38.372397],[-81.664456,38.372424],[-81.664563,38.372478]],"type":"LineString"},"id":"REF-KANAWHA-CONNECTING-ROADS-163","properties":{"canon_status":"REAL_REFERENCE","county_route":null,"federal_lands_route":null,"fictionality":"REAL","globalid":"{D7B977D7-6800-4AD0-BD0A-249FCD95D195}","interstate":null,"interstate_a":null,"interstate_b":null,"interstate_c":null,"loaddate":1568217705000,"mtfcc_code":"S1200","name":"7th Ave","objectid":13128423,"permanent_identifier":"b660ef21-1beb-472a-bf45-ff037ba32e20","real_world_relation":"REFERENCE_ONLY","shape_Length":48.67844863683139,"source_datadesc":"2016 January MAFTIGER","source_datasetid":"{9298FF95-0FA8-4712-9AA5-9292C907CA63}","source_featureid":"1101747012130","source_id":"REF-KANAWHA-CONNECTING-ROADS","source_originator":"U.S. Department of Commerce, U.S. Census Bureau, Geography Division","state_route":"25","state_route_a":"25","state_route_b":null,"state_route_c":null,"stco_fipscode":"54039","tnmfrc":3,"us_route":null,"us_route_a":null,"us_route_b":null,"us_route_c":null},"type":"Feature"},{"geometry":{"coordinates":[[-81.572477,38.232188],[-81.572364,38.232349],[-81.57223,38.232499],[-81.572092,38.232628],[-81.571934,38.232751],[-81.571745,38.232873],[-81.571508,38.233005]],"type":"LineString"},"id":"REF-KANAWHA-CONNECTING-ROADS-164","properties":{"canon_status":"REAL_REFERENCE","county_route":null,"federal_lands_route":null,"fictionality":"REAL","globalid":"{E186AAC8-2FF6-443F-8975-0C8E1F559192}","interstate":null,"interstate_a":null,"interstate_b":null,"interstate_c":null,"loaddate":1474001546000,"mtfcc_code":"S1200","name":"Lens Creek Rd","objectid":13168831,"permanent_identifier":"c26d5232-e079-4be1-b642-8c697566f343","real_world_relation":"REFERENCE_ONLY","shape_Length":160.23907052114072,"source_datadesc":"2016 January MAFTIGER","source_datasetid":"{9298FF95-0FA8-4712-9AA5-9292C907CA63}","source_featureid":"1104468896258","source_id":"REF-KANAWHA-CONNECTING-ROADS","source_originator":"U.S. Department of Commerce, U.S. Census Bureau, Geography Division","state_route":"94","state_route_a":"94","state_route_b":null,"state_route_c":null,"stco_fipscode":"54039","tnmfrc":3,"us_route":null,"us_route_a":null,"us_route_b":null,"us_route_c":null},"type":"Feature"},{"geometry":{"coordinates":[[-81.536254,38.223444],[-81.53608,38.223319]],"type":"LineString"},"id":"REF-KANAWHA-CONNECTING-ROADS-165","properties":{"canon_status":"REAL_REFERENCE","county_route":null,"federal_lands_route":null,"fictionality":"REAL","globalid":"{694102F3-5E7D-4CCA-9B03-D2F5FDF955CB}","interstate":null,"interstate_a":null,"interstate_b":null,"interstate_c":null,"loaddate":1474002619000,"mtfcc_code":"S1200","name":"Maccorkle Ave","objectid":13169168,"permanent_identifier":"13957a02-b617-44b3-8f3e-b37c6b098267","real_world_relation":"REFERENCE_ONLY","shape_Length":26.247104946369912,"source_datadesc":"2016 January MAFTIGER","source_datasetid":"{9298FF95-0FA8-4712-9AA5-9292C907CA63}","source_featureid":"1101747018871","source_id":"REF-KANAWHA-CONNECTING-ROADS","source_originator":"U.S. Department of Commerce, U.S. Census Bureau, Geography Division","state_route":"61","state_route_a":"61","state_route_b":null,"state_route_c":null,"stco_fipscode":"54039","tnmfrc":3,"us_route":null,"us_route_a":null,"us_route_b":null,"us_route_c":null},"type":"Feature"},{"geometry":{"coordinates":[[-81.561995,38.242678],[-81.561898,38.242721]],"type":"LineString"},"id":"REF-KANAWHA-CONNECTING-ROADS-166","properties":{"canon_status":"REAL_REFERENCE","county_route":null,"federal_lands_route":null,"fictionality":"REAL","globalid":"{5E7D3368-B784-40DB-9E49-46094D785D05}","interstate":null,"interstate_a":null,"interstate_b":null,"interstate_c":null,"loaddate":1474001298000,"mtfcc_code":"S1200","name":"State Rte 94","objectid":13169196,"permanent_identifier":"9cb47a7b-6535-42c1-8c75-940fbfd65880","real_world_relation":"REFERENCE_ONLY","shape_Length":12.39928111276602,"source_datadesc":"2016 January MAFTIGER","source_datasetid":"{9298FF95-0FA8-4712-9AA5-9292C907CA63}","source_featureid":"1101747011790","source_id":"REF-KANAWHA-CONNECTING-ROADS","source_originator":"U.S. Department of Commerce, U.S. Census Bureau, Geography Division","state_route":"94","state_route_a":"94","state_route_b":null,"state_route_c":null,"stco_fipscode":"54039","tnmfrc":3,"us_route":null,"us_route_a":null,"us_route_b":null,"us_route_c":null},"type":"Feature"},{"geometry":{"coordinates":[[-81.493179,38.195316],[-81.493127,38.195342],[-81.493073,38.195355],[-81.493002,38.195355],[-81.492625,38.195334]],"type":"LineString"},"id":"REF-KANAWHA-CONNECTING-ROADS-167","properties":{"canon_status":"REAL_REFERENCE","county_route":null,"federal_lands_route":null,"fictionality":"REAL","globalid":"{4F1600FF-14BF-4202-8E01-B5A75DF6DFF0}","interstate":null,"interstate_a":null,"interstate_b":null,"interstate_c":null,"loaddate":1474003168000,"mtfcc_code":"S1200","name":"Maccorkle Ave","objectid":13297106,"permanent_identifier":"84095ba0-3a2a-44cc-926e-d38df1a845f9","real_world_relation":"REFERENCE_ONLY","shape_Length":63.12416234184782,"source_datadesc":"2016 January MAFTIGER","source_datasetid":"{9298FF95-0FA8-4712-9AA5-9292C907CA63}","source_featureid":"1101747018867","source_id":"REF-KANAWHA-CONNECTING-ROADS","source_originator":"U.S. Department of Commerce, U.S. Census Bureau, Geography Division","state_route":"61","state_route_a":"61","state_route_b":null,"state_route_c":null,"stco_fipscode":"54039","tnmfrc":3,"us_route":null,"us_route_a":null,"us_route_b":null,"us_route_c":null},"type":"Feature"},{"geometry":{"coordinates":[[-81.529672,38.218506],[-81.529358,38.2182]],"type":"LineString"},"id":"REF-KANAWHA-CONNECTING-ROADS-168","properties":{"canon_status":"REAL_REFERENCE","county_route":null,"federal_lands_route":null,"fictionality":"REAL","globalid":"{52E4A78F-8090-4138-85C1-4D574CE24DF9}","interstate":null,"interstate_a":null,"interstate_b":null,"interstate_c":null,"loaddate":1474002619000,"mtfcc_code":"S1200","name":"Maccorkle Ave","objectid":13423937,"permanent_identifier":"b862738a-a1ba-4497-a0da-b80d3eb9c6c8","real_world_relation":"REFERENCE_ONLY","shape_Length":55.692302319490516,"source_datadesc":"2016 January MAFTIGER","source_datasetid":"{9298FF95-0FA8-4712-9AA5-9292C907CA63}","source_featureid":"1101747018871","source_id":"REF-KANAWHA-CONNECTING-ROADS","source_originator":"U.S. Department of Commerce, U.S. Census Bureau, Geography Division","state_route":"61","state_route_a":"61","state_route_b":null,"state_route_c":null,"stco_fipscode":"54039","tnmfrc":3,"us_route":null,"us_route_a":null,"us_route_b":null,"us_route_c":null},"type":"Feature"},{"geometry":{"coordinates":[[-81.650794,38.354876],[-81.650378,38.354567]],"type":"LineString"},"id":"REF-KANAWHA-CONNECTING-ROADS-169","properties":{"canon_status":"REAL_REFERENCE","county_route":null,"federal_lands_route":null,"fictionality":"REAL","globalid":"{7F7A472B-F142-4B34-89AC-F1A594082B18}","interstate":null,"interstate_a":null,"interstate_b":null,"interstate_c":null,"loaddate":1568217705000,"mtfcc_code":"S1200","name":"Maccorkle Ave SW","objectid":13510551,"permanent_identifier":"cc210e09-f92c-4a83-8f76-bc26854eb313","real_world_relation":"REFERENCE_ONLY","shape_Length":63.78558062227102,"source_datadesc":"2016 January MAFTIGER","source_datasetid":"{9298FF95-0FA8-4712-9AA5-9292C907CA63}","source_featureid":"1101747018889","source_id":"REF-KANAWHA-CONNECTING-ROADS","source_originator":"U.S. Department of Commerce, U.S. Census Bureau, Geography Division","state_route":"61","state_route_a":"61","state_route_b":null,"state_route_c":null,"stco_fipscode":"54039","tnmfrc":3,"us_route":null,"us_route_a":null,"us_route_b":null,"us_route_c":null},"type":"Feature"},{"geometry":{"coordinates":[[-81.565644,38.297808],[-81.565752,38.297559]],"type":"LineString"},"id":"REF-KANAWHA-CONNECTING-ROADS-170","properties":{"canon_status":"REAL_REFERENCE","county_route":null,"federal_lands_route":null,"fictionality":"REAL","globalid":"{366A57E8-389D-4E53-84AF-99AA7A5A209D}","interstate":null,"interstate_a":null,"interstate_b":null,"interstate_c":null,"loaddate":1568217705000,"mtfcc_code":"S1200","name":"Maccorkle Ave SE","objectid":13510588,"permanent_identifier":"e82525a0-4571-4479-b26b-390977fcab14","real_world_relation":"REFERENCE_ONLY","shape_Length":37.30933388615436,"source_datadesc":"2016 January MAFTIGER","source_datasetid":"{9298FF95-0FA8-4712-9AA5-9292C907CA63}","source_featureid":"1101747018888","source_id":"REF-KANAWHA-CONNECTING-ROADS","source_originator":"U.S. Department of Commerce, U.S. Census Bureau, Geography Division","state_route":"61","state_route_a":"61","state_route_b":null,"state_route_c":null,"stco_fipscode":"54039","tnmfrc":3,"us_route":null,"us_route_a":null,"us_route_b":null,"us_route_c":null},"type":"Feature"},{"geometry":{"coordinates":[[-81.484568,38.195277],[-81.485265,38.195184],[-81.48535,38.195177]],"type":"LineString"},"id":"REF-KANAWHA-CONNECTING-ROADS-171","properties":{"canon_status":"REAL_REFERENCE","county_route":null,"federal_lands_route":null,"fictionality":"REAL","globalid":"{9B547B28-0A1D-483D-9AB6-96473042A33B}","interstate":null,"interstate_a":null,"interstate_b":null,"interstate_c":null,"loaddate":1474003102000,"mtfcc_code":"S1200","name":"3rd Ave","objectid":13551343,"permanent_identifier":"a0607c10-d2d5-491c-b751-3d472440764c","real_world_relation":"REFERENCE_ONLY","shape_Length":88.21400218803318,"source_datadesc":"2016 January MAFTIGER","source_datasetid":"{9298FF95-0FA8-4712-9AA5-9292C907CA63}","source_featureid":"1104259509480","source_id":"REF-KANAWHA-CONNECTING-ROADS","source_originator":"U.S. Department of Commerce, U.S. Census Bureau, Geography Division","state_route":"61","state_route_a":"61","state_route_b":null,"state_route_c":null,"stco_fipscode":"54039","tnmfrc":3,"us_route":null,"us_route_a":null,"us_route_b":null,"us_route_c":null},"type":"Feature"},{"geometry":{"coordinates":[[-81.57255,38.232064],[-81.572477,38.232188]],"type":"LineString"},"id":"REF-KANAWHA-CONNECTING-ROADS-172","properties":{"canon_status":"REAL_REFERENCE","county_route":null,"federal_lands_route":null,"fictionality":"REAL","globalid":"{093A6347-D400-403A-938A-C525746A9B30}","interstate":null,"interstate_a":null,"interstate_b":null,"interstate_c":null,"loaddate":1474001546000,"mtfcc_code":"S1200","name":"Lens Creek Rd","objectid":13551419,"permanent_identifier":"a0fdf5df-7ce6-46aa-8c9c-9d9ecedd7eb9","real_world_relation":"REFERENCE_ONLY","shape_Length":19.36078643463863,"source_datadesc":"2016 January MAFTIGER","source_datasetid":"{9298FF95-0FA8-4712-9AA5-9292C907CA63}","source_featureid":"1104468896258","source_id":"REF-KANAWHA-CONNECTING-ROADS","source_originator":"U.S. Department of Commerce, U.S. Census Bureau, Geography Division","state_route":"94","state_route_a":"94","state_route_b":null,"state_route_c":null,"stco_fipscode":"54039","tnmfrc":3,"us_route":null,"us_route_a":null,"us_route_b":null,"us_route_c":null},"type":"Feature"},{"geometry":{"coordinates":[[-81.612264,38.341884],[-81.612136,38.342009]],"type":"LineString"},"id":"REF-KANAWHA-CONNECTING-ROADS-173","properties":{"canon_status":"REAL_REFERENCE","county_route":null,"federal_lands_route":null,"fictionality":"REAL","globalid":"{0BD95255-9332-4639-82FA-C2AA1C1CD6BD}","interstate":null,"interstate_a":null,"interstate_b":null,"interstate_c":null,"loaddate":1474001570000,"mtfcc_code":"S1200","name":"Greenbrier St","objectid":13551730,"permanent_identifier":"185e1982-db7f-471d-babf-403c21d08f71","real_world_relation":"REFERENCE_ONLY","shape_Length":22.754964849280483,"source_datadesc":"2016 January MAFTIGER","source_datasetid":"{9298FF95-0FA8-4712-9AA5-9292C907CA63}","source_featureid":"1101747019401","source_id":"REF-KANAWHA-CONNECTING-ROADS","source_originator":"U.S. Department of Commerce, U.S. Census Bureau, Geography Division","state_route":"114","state_route_a":"114","state_route_b":null,"state_route_c":null,"stco_fipscode":"54039","tnmfrc":3,"us_route":null,"us_route_a":null,"us_route_b":null,"us_route_c":null},"type":"Feature"},{"geometry":{"coordinates":[[-81.566305,38.296233],[-81.566564,38.295548]],"type":"LineString"},"id":"REF-KANAWHA-CONNECTING-ROADS-174","properties":{"canon_status":"REAL_REFERENCE","county_route":null,"federal_lands_route":null,"fictionality":"REAL","globalid":"{B2972EA3-3990-4227-9C5C-4E60FC2BC9F8}","interstate":null,"interstate_a":null,"interstate_b":null,"interstate_c":null,"loaddate":1568217705000,"mtfcc_code":"S1200","name":"Maccorkle Ave SE","objectid":13638228,"permanent_identifier":"4c5752b5-4a7e-4ed4-b406-751c92874381","real_world_relation":"REFERENCE_ONLY","shape_Length":101.25196648293009,"source_datadesc":"2018 May MAF/TIGER","source_datasetid":"{9298FF95-0FA8-4712-9AA5-9292C907CA63}","source_featureid":"1101747018888","source_id":"REF-KANAWHA-CONNECTING-ROADS","source_originator":"U.S. Department of Commerce, U.S. Census Bureau, Geography Division","state_route":"61","state_route_a":"61","state_route_b":null,"state_route_c":null,"stco_fipscode":"54039","tnmfrc":3,"us_route":null,"us_route_a":null,"us_route_b":null,"us_route_c":null},"type":"Feature"},{"geometry":{"coordinates":[[-81.561995,38.242678],[-81.562024,38.242717],[-81.562065,38.242763],[-81.56211,38.242806],[-81.562146,38.242837],[-81.562202,38.242877],[-81.562244,38.242903],[-81.562305,38.242937],[-81.562356,38.242961],[-81.562477,38.243006]],"type":"LineString"},"id":"REF-KANAWHA-CONNECTING-ROADS-175","properties":{"canon_status":"REAL_REFERENCE","county_route":null,"federal_lands_route":null,"fictionality":"REAL","globalid":"{767C58CD-9BED-4A06-8D06-C989DE5D336F}","interstate":null,"interstate_a":null,"interstate_b":null,"interstate_c":null,"loaddate":1474002730000,"mtfcc_code":"S1200","name":"Maccorkle Ave","objectid":13934413,"permanent_identifier":"bc92a430-07ed-4ad9-a7cf-575c84297a6b","real_world_relation":"REFERENCE_ONLY","shape_Length":72.42429738154013,"source_datadesc":"2016 January MAFTIGER","source_datasetid":"{9298FF95-0FA8-4712-9AA5-9292C907CA63}","source_featureid":"1101747018869","source_id":"REF-KANAWHA-CONNECTING-ROADS","source_originator":"U.S. Department of Commerce, U.S. Census Bureau, Geography Division","state_route":"61","state_route_a":"61","state_route_b":null,"state_route_c":null,"stco_fipscode":"54039","tnmfrc":3,"us_route":null,"us_route_a":null,"us_route_b":null,"us_route_c":null},"type":"Feature"},{"geometry":{"coordinates":[[-81.561898,38.242721],[-81.561927,38.242766],[-81.561988,38.242846],[-81.562046,38.242897],[-81.562088,38.242929],[-81.562144,38.242966],[-81.562192,38.242993],[-81.562284,38.243037],[-81.562351,38.243065],[-81.562421,38.243089],[-81.562478,38.243105],[-81.56255,38.243121],[-81.562656,38.24314],[-81.562806,38.243151],[-81.562933,38.243148],[-81.563076,38.24313],[-81.563236,38.243094],[-81.563376,38.243044],[-81.564192,38.242652]],"type":"LineString"},"id":"REF-KANAWHA-CONNECTING-ROADS-176","properties":{"canon_status":"REAL_REFERENCE","county_route":null,"federal_lands_route":null,"fictionality":"REAL","globalid":"{E12BB3B2-236A-4982-9D37-85112183727D}","interstate":null,"interstate_a":null,"interstate_b":null,"interstate_c":null,"loaddate":1474001755000,"mtfcc_code":"S1200","name":"Maccorkle Ave","objectid":13934427,"permanent_identifier":"0f59da98-0299-4fff-bb0e-227396cfebf9","real_world_relation":"REFERENCE_ONLY","shape_Length":296.5694304857811,"source_datadesc":"2016 January MAFTIGER","source_datasetid":"{9298FF95-0FA8-4712-9AA5-9292C907CA63}","source_featureid":"1101747018870","source_id":"REF-KANAWHA-CONNECTING-ROADS","source_originator":"U.S. Department of Commerce, U.S. Census Bureau, Geography Division","state_route":"61","state_route_a":"61","state_route_b":null,"state_route_c":null,"stco_fipscode":"54039","tnmfrc":3,"us_route":null,"us_route_a":null,"us_route_b":null,"us_route_c":null},"type":"Feature"},{"geometry":{"coordinates":[[-81.561085,38.241477],[-81.561262,38.241644],[-81.561397,38.241798]],"type":"LineString"},"id":"REF-KANAWHA-CONNECTING-ROADS-177","properties":{"canon_status":"REAL_REFERENCE","county_route":null,"federal_lands_route":null,"fictionality":"REAL","globalid":"{6B86B8E3-71FB-4646-AFBE-56AD9E3B3A13}","interstate":null,"interstate_a":null,"interstate_b":null,"interstate_c":null,"loaddate":1474002730000,"mtfcc_code":"S1200","name":"Maccorkle Ave","objectid":13934494,"permanent_identifier":"37fa07e4-fb7b-4818-bca9-b2c30d858182","real_world_relation":"REFERENCE_ONLY","shape_Length":57.29789467982819,"source_datadesc":"2016 January MAFTIGER","source_datasetid":"{9298FF95-0FA8-4712-9AA5-9292C907CA63}","source_featureid":"1101747018869","source_id":"REF-KANAWHA-CONNECTING-ROADS","source_originator":"U.S. Department of Commerce, U.S. Census Bureau, Geography Division","state_route":"61","state_route_a":"61","state_route_b":null,"state_route_c":null,"stco_fipscode":"54039","tnmfrc":3,"us_route":null,"us_route_a":null,"us_route_b":null,"us_route_c":null},"type":"Feature"},{"geometry":{"coordinates":[[-81.563344,38.304966],[-81.563346,38.304909],[-81.563365,38.304439],[-81.563374,38.304281]],"type":"LineString"},"id":"REF-KANAWHA-CONNECTING-ROADS-178","properties":{"canon_status":"REAL_REFERENCE","county_route":null,"federal_lands_route":null,"fictionality":"REAL","globalid":"{C6FBE6A9-3018-403C-ADA3-605C4F1D664C}","interstate":null,"interstate_a":null,"interstate_b":null,"interstate_c":null,"loaddate":1568217705000,"mtfcc_code":"S1200","name":"Maccorkle Ave SE","objectid":14021510,"permanent_identifier":"e2110469-51bf-49c0-91c2-e86e9408d1fc","real_world_relation":"REFERENCE_ONLY","shape_Length":97.18846781968976,"source_datadesc":"2018 May MAF/TIGER","source_datasetid":"{9298FF95-0FA8-4712-9AA5-9292C907CA63}","source_featureid":"1101747018888","source_id":"REF-KANAWHA-CONNECTING-ROADS","source_originator":"U.S. Department of Commerce, U.S. Census Bureau, Geography Division","state_route":"61","state_route_a":"61","state_route_b":null,"state_route_c":null,"stco_fipscode":"54039","tnmfrc":3,"us_route":null,"us_route_a":null,"us_route_b":null,"us_route_c":null},"type":"Feature"},{"geometry":{"coordinates":[[-81.56544,38.298074],[-81.564989,38.299163],[-81.564595,38.300158]],"type":"LineString"},"id":"REF-KANAWHA-CONNECTING-ROADS-179","properties":{"canon_status":"REAL_REFERENCE","county_route":null,"federal_lands_route":null,"fictionality":"REAL","globalid":"{C85D8E78-2555-423D-9DDB-0555C987C6BF}","interstate":null,"interstate_a":null,"interstate_b":null,"interstate_c":null,"loaddate":1568217705000,"mtfcc_code":"S1200","name":"Maccorkle Ave SE","objectid":14021517,"permanent_identifier":"49206a7b-510b-400d-8e4d-febb44ef0e9e","real_world_relation":"REFERENCE_ONLY","shape_Length":310.2208716611085,"source_datadesc":"2016 January MAFTIGER","source_datasetid":"{9298FF95-0FA8-4712-9AA5-9292C907CA63}","source_featureid":"1101747018887","source_id":"REF-KANAWHA-CONNECTING-ROADS","source_originator":"U.S. Department of Commerce, U.S. Census Bureau, Geography Division","state_route":"61","state_route_a":"61","state_route_b":null,"state_route_c":null,"stco_fipscode":"54039","tnmfrc":3,"us_route":null,"us_route_a":null,"us_route_b":null,"us_route_c":null},"type":"Feature"},{"geometry":{"coordinates":[[-81.560548,38.241194],[-81.560774,38.24134],[-81.560971,38.241493],[-81.561119,38.241626],[-81.561237,38.241748],[-81.561441,38.242011],[-81.561545,38.242168],[-81.561577,38.242218],[-81.56177,38.242533],[-81.561856,38.242656]],"type":"LineString"},"id":"REF-KANAWHA-CONNECTING-ROADS-180","properties":{"canon_status":"REAL_REFERENCE","county_route":null,"federal_lands_route":null,"fictionality":"REAL","globalid":"{61DC4A8F-C831-4884-85FC-3B2BEA1812BD}","interstate":null,"interstate_a":null,"interstate_b":null,"interstate_c":null,"loaddate":1474001755000,"mtfcc_code":"S1200","name":"Maccorkle Ave","objectid":14190035,"permanent_identifier":"a5624fcb-58b5-41ae-9808-8b5cb02da8c7","real_world_relation":"REFERENCE_ONLY","shape_Length":256.2684241158816,"source_datadesc":"2016 January MAFTIGER","source_datasetid":"{9298FF95-0FA8-4712-9AA5-9292C907CA63}","source_featureid":"1101747018870","source_id":"REF-KANAWHA-CONNECTING-ROADS","source_originator":"U.S. Department of Commerce, U.S. Census Bureau, Geography Division","state_route":"61","state_route_a":"61","state_route_b":null,"state_route_c":null,"stco_fipscode":"54039","tnmfrc":3,"us_route":null,"us_route_a":null,"us_route_b":null,"us_route_c":null},"type":"Feature"},{"geometry":{"coordinates":[[-81.565752,38.297559],[-81.56604,38.296901],[-81.566201,38.296498]],"type":"LineString"},"id":"REF-KANAWHA-CONNECTING-ROADS-181","properties":{"canon_status":"REAL_REFERENCE","county_route":null,"federal_lands_route":null,"fictionality":"REAL","globalid":"{8E6EC6A7-A072-4F27-8778-A0B5A4BB9188}","interstate":null,"interstate_a":null,"interstate_b":null,"interstate_c":null,"loaddate":1568217705000,"mtfcc_code":"S1200","name":"Maccorkle Ave SE","objectid":14277162,"permanent_identifier":"3fc0b955-50a9-4d10-83d3-a40f96976b53","real_world_relation":"REFERENCE_ONLY","shape_Length":158.5919617375406,"source_datadesc":"2016 January MAFTIGER","source_datasetid":"{9298FF95-0FA8-4712-9AA5-9292C907CA63}","source_featureid":"1101747018888","source_id":"REF-KANAWHA-CONNECTING-ROADS","source_originator":"U.S. Department of Commerce, U.S. Census Bureau, Geography Division","state_route":"61","state_route_a":"61","state_route_b":null,"state_route_c":null,"stco_fipscode":"54039","tnmfrc":3,"us_route":null,"us_route_a":null,"us_route_b":null,"us_route_c":null},"type":"Feature"},{"geometry":{"coordinates":[[-81.564192,38.242652],[-81.564457,38.242523],[-81.564484,38.242492]],"type":"LineString"},"id":"REF-KANAWHA-CONNECTING-ROADS-182","properties":{"canon_status":"REAL_REFERENCE","county_route":null,"federal_lands_route":null,"fictionality":"REAL","globalid":"{944AAF78-B7A4-4439-B58A-C417D0310F51}","interstate":null,"interstate_a":null,"interstate_b":null,"interstate_c":null,"loaddate":1474001755000,"mtfcc_code":"S1200","name":"Maccorkle Ave","objectid":14317824,"permanent_identifier":"92ea3a5d-385c-4eb1-98d8-1e49e4fdc56d","real_world_relation":"REFERENCE_ONLY","shape_Length":40.02986020466391,"source_datadesc":"2016 January MAFTIGER","source_datasetid":"{9298FF95-0FA8-4712-9AA5-9292C907CA63}","source_featureid":"1101747018870","source_id":"REF-KANAWHA-CONNECTING-ROADS","source_originator":"U.S. Department of Commerce, U.S. Census Bureau, Geography Division","state_route":"61","state_route_a":"61","state_route_b":null,"state_route_c":null,"stco_fipscode":"54039","tnmfrc":3,"us_route":null,"us_route_a":null,"us_route_b":null,"us_route_c":null},"type":"Feature"},{"geometry":{"coordinates":[[-81.591652,38.327279],[-81.591724,38.327305],[-81.591894,38.327354],[-81.593587,38.327713]],"type":"LineString"},"id":"REF-KANAWHA-CONNECTING-ROADS-183","properties":{"canon_status":"REAL_REFERENCE","county_route":null,"federal_lands_route":null,"fictionality":"REAL","globalid":"{F79671DB-6A11-48E7-876C-EF7D6FA4E94E}","interstate":null,"interstate_a":null,"interstate_b":null,"interstate_c":null,"loaddate":1474001492000,"mtfcc_code":"S1200","name":"Maccorkle Ave SE","objectid":14573422,"permanent_identifier":"3dfdd900-62d0-44c1-9874-c5be2e19c74d","real_world_relation":"REFERENCE_ONLY","shape_Length":224.21239637481654,"source_datadesc":"2016 January MAFTIGER","source_datasetid":"{9298FF95-0FA8-4712-9AA5-9292C907CA63}","source_featureid":"1101747018887","source_id":"REF-KANAWHA-CONNECTING-ROADS","source_originator":"U.S. Department of Commerce, U.S. Census Bureau, Geography Division","state_route":"61","state_route_a":"61","state_route_b":null,"state_route_c":null,"stco_fipscode":"54039","tnmfrc":3,"us_route":null,"us_route_a":null,"us_route_b":null,"us_route_c":null},"type":"Feature"},{"geometry":{"coordinates":[[-81.602256,38.225163],[-81.601953,38.225431],[-81.601769,38.225573],[-81.601567,38.225707],[-81.601344,38.22583],[-81.601277,38.225861]],"type":"LineString"},"id":"REF-KANAWHA-CONNECTING-ROADS-184","properties":{"canon_status":"REAL_REFERENCE","county_route":null,"federal_lands_route":null,"fictionality":"REAL","globalid":"{C973A5B4-D36C-4467-8909-9498508A8369}","interstate":null,"interstate_a":null,"interstate_b":null,"interstate_c":null,"loaddate":1474002289000,"mtfcc_code":"S1200","name":"Hernshaw","objectid":14701482,"permanent_identifier":"7b9a5150-ff3f-4769-b1c7-16c2678b5a7a","real_world_relation":"REFERENCE_ONLY","shape_Length":147.92494531873726,"source_datadesc":"2016 January MAFTIGER","source_datasetid":"{9298FF95-0FA8-4712-9AA5-9292C907CA63}","source_featureid":"1104468865760","source_id":"REF-KANAWHA-CONNECTING-ROADS","source_originator":"U.S. Department of Commerce, U.S. Census Bureau, Geography Division","state_route":"94","state_route_a":"94","state_route_b":null,"state_route_c":null,"stco_fipscode":"54039","tnmfrc":3,"us_route":null,"us_route_a":null,"us_route_b":null,"us_route_c":null},"type":"Feature"},{"geometry":{"coordinates":[[-81.580787,38.227503],[-81.580118,38.227337],[-81.580013,38.227315],[-81.579747,38.22728],[-81.579546,38.227268],[-81.579249,38.227279],[-81.579055,38.227303],[-81.578871,38.227339],[-81.578667,38.227394],[-81.578492,38.22745],[-81.57647,38.228099]],"type":"LineString"},"id":"REF-KANAWHA-CONNECTING-ROADS-185","properties":{"canon_status":"REAL_REFERENCE","county_route":null,"federal_lands_route":null,"fictionality":"REAL","globalid":"{AA12C6CA-83F1-4089-BA03-3B39A6056C67}","interstate":null,"interstate_a":null,"interstate_b":null,"interstate_c":null,"loaddate":1474002986000,"mtfcc_code":"S1200","name":"Lens Creek Rd","objectid":14956153,"permanent_identifier":"82cf34d6-5dcf-4095-9b4e-5999289f44da","real_world_relation":"REFERENCE_ONLY","shape_Length":506.9256850344309,"source_datadesc":"2016 January MAFTIGER","source_datasetid":"{9298FF95-0FA8-4712-9AA5-9292C907CA63}","source_featureid":"1104468979895","source_id":"REF-KANAWHA-CONNECTING-ROADS","source_originator":"U.S. Department of Commerce, U.S. Census Bureau, Geography Division","state_route":"94","state_route_a":"94","state_route_b":null,"state_route_c":null,"stco_fipscode":"54039","tnmfrc":3,"us_route":null,"us_route_a":null,"us_route_b":null,"us_route_c":null},"type":"Feature"},{"geometry":{"coordinates":[[-81.565835,38.242811],[-81.565848,38.242829],[-81.566126,38.243226]],"type":"LineString"},"id":"REF-KANAWHA-CONNECTING-ROADS-186","properties":{"canon_status":"REAL_REFERENCE","county_route":null,"federal_lands_route":null,"fictionality":"REAL","globalid":"{C56C1591-4BC4-4232-8260-6606DD7E3F37}","interstate":null,"interstate_a":null,"interstate_b":null,"interstate_c":null,"loaddate":1474002995000,"mtfcc_code":"S1200","name":"Maccorkle Ave","objectid":14956503,"permanent_identifier":"06d30e13-5352-4951-a93d-8a85ac866d1b","real_world_relation":"REFERENCE_ONLY","shape_Length":67.15137583334628,"source_datadesc":"2016 January MAFTIGER","source_datasetid":"{9298FF95-0FA8-4712-9AA5-9292C907CA63}","source_featureid":"1101747018874","source_id":"REF-KANAWHA-CONNECTING-ROADS","source_originator":"U.S. Department of Commerce, U.S. Census Bureau, Geography Division","state_route":"61","state_route_a":"61","state_route_b":null,"state_route_c":null,"stco_fipscode":"54039","tnmfrc":3,"us_route":null,"us_route_a":null,"us_route_b":null,"us_route_c":null},"type":"Feature"},{"geometry":{"coordinates":[[-81.567426,38.245872],[-81.567346,38.245803]],"type":"LineString"},"id":"REF-KANAWHA-CONNECTING-ROADS-187","properties":{"canon_status":"REAL_REFERENCE","county_route":null,"federal_lands_route":null,"fictionality":"REAL","globalid":"{08937088-AF95-4AF2-BCD8-D47E938A89E2}","interstate":null,"interstate_a":null,"interstate_b":null,"interstate_c":null,"loaddate":1568217705000,"mtfcc_code":"S1200","name":"Maccorkle Ave","objectid":15043170,"permanent_identifier":"557a950b-8936-4cf6-8da0-4875ebea858e","real_world_relation":"REFERENCE_ONLY","shape_Length":13.227253772135361,"source_datadesc":"2016 January MAFTIGER","source_datasetid":"{9298FF95-0FA8-4712-9AA5-9292C907CA63}","source_featureid":"1101747018875","source_id":"REF-KANAWHA-CONNECTING-ROADS","source_originator":"U.S. Department of Commerce, U.S. Census Bureau, Geography Division","state_route":"61","state_route_a":"61","state_route_b":null,"state_route_c":null,"stco_fipscode":"54039","tnmfrc":3,"us_route":null,"us_route_a":null,"us_route_b":null,"us_route_c":null},"type":"Feature"},{"geometry":{"coordinates":[[-81.566977,38.294188],[-81.566876,38.294472],[-81.566845,38.294555],[-81.566482,38.295532]],"type":"LineString"},"id":"REF-KANAWHA-CONNECTING-ROADS-188","properties":{"canon_status":"REAL_REFERENCE","county_route":null,"federal_lands_route":null,"fictionality":"REAL","globalid":"{07D47BE4-206B-4143-9A15-AEBB28F08D28}","interstate":null,"interstate_a":null,"interstate_b":null,"interstate_c":null,"loaddate":1474001492000,"mtfcc_code":"S1200","name":"Maccorkle Ave SE","objectid":15084295,"permanent_identifier":"ef4cdda2-934c-4219-86e2-ea58a4d6b612","real_world_relation":"REFERENCE_ONLY","shape_Length":198.43764909467035,"source_datadesc":"2016 January MAFTIGER","source_datasetid":"{9298FF95-0FA8-4712-9AA5-9292C907CA63}","source_featureid":"1101747018887","source_id":"REF-KANAWHA-CONNECTING-ROADS","source_originator":"U.S. Department of Commerce, U.S. Census Bureau, Geography Division","state_route":"61","state_route_a":"61","state_route_b":null,"state_route_c":null,"stco_fipscode":"54039","tnmfrc":3,"us_route":null,"us_route_a":null,"us_route_b":null,"us_route_c":null},"type":"Feature"},{"geometry":{"coordinates":[[-81.670003,38.363037],[-81.669724,38.362957],[-81.669369,38.362876]],"type":"LineString"},"id":"REF-KANAWHA-CONNECTING-ROADS-189","properties":{"canon_status":"REAL_REFERENCE","county_route":null,"federal_lands_route":null,"fictionality":"REAL","globalid":"{022B3D2E-B41C-4668-B189-BD104E4B8E24}","interstate":null,"interstate_a":null,"interstate_b":null,"interstate_c":null,"loaddate":1474002150000,"mtfcc_code":"S1200","name":"Maccorkle Ave SW","objectid":15084373,"permanent_identifier":"bd9b2872-e01a-41b4-924b-3b65ad4051bd","real_world_relation":"REFERENCE_ONLY","shape_Length":74.22734952676691,"source_datadesc":"2016 January MAFTIGER","source_datasetid":"{9298FF95-0FA8-4712-9AA5-9292C907CA63}","source_featureid":"1101747018889","source_id":"REF-KANAWHA-CONNECTING-ROADS","source_originator":"U.S. Department of Commerce, U.S. Census Bureau, Geography Division","state_route":"61","state_route_a":"61","state_route_b":null,"state_route_c":null,"stco_fipscode":"54039","tnmfrc":3,"us_route":null,"us_route_a":null,"us_route_b":null,"us_route_c":null},"type":"Feature"},{"geometry":{"coordinates":[[-81.581822,38.366546],[-81.581996,38.36643],[-81.582021,38.366413],[-81.582297,38.366267],[-81.582897,38.365939],[-81.582979,38.365885],[-81.583176,38.365741],[-81.583292,38.365643],[-81.583355,38.365591],[-81.58357,38.36538],[-81.583782,38.365105],[-81.583823,38.365043],[-81.584035,38.364729],[-81.584157,38.364537],[-81.584399,38.364158],[-81.584929,38.363264],[-81.585022,38.363055],[-81.585098,38.362842],[-81.585156,38.362625],[-81.585295,38.361856],[-81.585302,38.361797],[-81.585332,38.36165],[-81.585379,38.361506],[-81.585443,38.361366],[-81.585537,38.361208],[-81.585617,38.361094],[-81.585733,38.360968],[-81.585845,38.360873],[-81.586028,38.360749],[-81.586176,38.360666],[-81.586333,38.360595],[-81.586622,38.360494],[-81.586863,38.360423]],"type":"LineString"},"id":"REF-KANAWHA-CONNECTING-ROADS-190","properties":{"canon_status":"REAL_REFERENCE","county_route":null,"federal_lands_route":null,"fictionality":"REAL","globalid":"{541607A3-7ACC-4FBA-8F87-E7AA47CDEFBC}","interstate":null,"interstate_a":null,"interstate_b":null,"interstate_c":null,"loaddate":1474003102000,"mtfcc_code":"S1200","name":"Greenbrier St","objectid":15084381,"permanent_identifier":"37c14c81-89e6-434b-9c71-57d5ecfa873c","real_world_relation":"REFERENCE_ONLY","shape_Length":1084.807548078937,"source_datadesc":"2016 January MAFTIGER","source_datasetid":"{9298FF95-0FA8-4712-9AA5-9292C907CA63}","source_featureid":"1101747019399","source_id":"REF-KANAWHA-CONNECTING-ROADS","source_originator":"U.S. Department of Commerce, U.S. Census Bureau, Geography Division","state_route":"114","state_route_a":"114","state_route_b":null,"state_route_c":null,"stco_fipscode":"54039","tnmfrc":3,"us_route":null,"us_route_a":null,"us_route_b":null,"us_route_c":null},"type":"Feature"},{"geometry":{"coordinates":[[-81.575569,38.371447],[-81.575971,38.371248],[-81.576984,38.370746]],"type":"LineString"},"id":"REF-KANAWHA-CONNECTING-ROADS-191","properties":{"canon_status":"REAL_REFERENCE","county_route":null,"federal_lands_route":null,"fictionality":"REAL","globalid":"{E7E69ACE-3313-4DB6-8A4E-8A164CCFBA08}","interstate":null,"interstate_a":null,"interstate_b":null,"interstate_c":null,"loaddate":1474003102000,"mtfcc_code":"S1200","name":"Greenbrier St","objectid":15212164,"permanent_identifier":"248816cb-da66-437d-a79a-e8354f68a311","real_world_relation":"REFERENCE_ONLY","shape_Length":186.32921395066603,"source_datadesc":"2016 January MAFTIGER","source_datasetid":"{9298FF95-0FA8-4712-9AA5-9292C907CA63}","source_featureid":"1101747019399","source_id":"REF-KANAWHA-CONNECTING-ROADS","source_originator":"U.S. Department of Commerce, U.S. Census Bureau, Geography Division","state_route":"114","state_route_a":"114","state_route_b":null,"state_route_c":null,"stco_fipscode":"54039","tnmfrc":3,"us_route":null,"us_route_a":null,"us_route_b":null,"us_route_c":null},"type":"Feature"},{"geometry":{"coordinates":[[-81.498481,38.194469],[-81.497679,38.194866]],"type":"LineString"},"id":"REF-KANAWHA-CONNECTING-ROADS-192","properties":{"canon_status":"REAL_REFERENCE","county_route":null,"federal_lands_route":null,"fictionality":"REAL","globalid":"{BC3BE790-B569-491F-9AAC-CFF0E0B8817D}","interstate":null,"interstate_a":"","interstate_b":"","interstate_c":"","loaddate":1673511277000,"mtfcc_code":"S1400","name":"Admiral T.J. Lopez Bridge","objectid":15340002,"permanent_identifier":"2b1d13b7-695f-40e7-9174-5ad17fa105b2","real_world_relation":"REFERENCE_ONLY","shape_Length":105.51151503558454,"source_datadesc":"2016 January MAFTIGER","source_datasetid":"{9298FF95-0FA8-4712-9AA5-9292C907CA63}","source_featureid":"1105089086986","source_id":"REF-KANAWHA-CONNECTING-ROADS","source_originator":"U.S. Department of Commerce, U.S. Census Bureau, Geography Division","state_route":null,"state_route_a":"","state_route_b":"","state_route_c":"","stco_fipscode":"54039","tnmfrc":3,"us_route":null,"us_route_a":"","us_route_b":"","us_route_c":""},"type":"Feature"},{"geometry":{"coordinates":[[-81.564484,38.242492],[-81.564661,38.242412],[-81.56477,38.242363],[-81.564887,38.242324],[-81.56501,38.242299],[-81.565124,38.24229],[-81.565209,38.242295],[-81.565261,38.242304],[-81.565351,38.24233],[-81.565443,38.242377],[-81.565532,38.242446],[-81.565592,38.24251]],"type":"LineString"},"id":"REF-KANAWHA-CONNECTING-ROADS-193","properties":{"canon_status":"REAL_REFERENCE","county_route":null,"federal_lands_route":null,"fictionality":"REAL","globalid":"{AC5DFE53-03AD-47FA-8B7D-A14253144BC1}","interstate":null,"interstate_a":null,"interstate_b":null,"interstate_c":null,"loaddate":1474002652000,"mtfcc_code":"S1200","name":"Maccorkle Ave","objectid":15340116,"permanent_identifier":"5233c525-6598-4501-900e-8bb31877d731","real_world_relation":"REFERENCE_ONLY","shape_Length":141.25525214569663,"source_datadesc":"2016 January MAFTIGER","source_datasetid":"{9298FF95-0FA8-4712-9AA5-9292C907CA63}","source_featureid":"1101747018868","source_id":"REF-KANAWHA-CONNECTING-ROADS","source_originator":"U.S. Department of Commerce, U.S. Census Bureau, Geography Division","state_route":"61","state_route_a":"61","state_route_b":null,"state_route_c":null,"stco_fipscode":"54039","tnmfrc":3,"us_route":null,"us_route_a":null,"us_route_b":null,"us_route_c":null},"type":"Feature"},{"geometry":{"coordinates":[[-81.576237,38.318272],[-81.574947,38.317529]],"type":"LineString"},"id":"REF-KANAWHA-CONNECTING-ROADS-194","properties":{"canon_status":"REAL_REFERENCE","county_route":null,"federal_lands_route":null,"fictionality":"REAL","globalid":"{62A41C2A-35D7-4544-96F8-51D28B10EF56}","interstate":null,"interstate_a":null,"interstate_b":null,"interstate_c":null,"loaddate":1568217705000,"mtfcc_code":"S1200","name":"Maccorkle Ave SE","objectid":15426849,"permanent_identifier":"d8ac34d1-5b55-41b4-a367-af027b37b856","real_world_relation":"REFERENCE_ONLY","shape_Length":178.14287498917787,"source_datadesc":"2016 January MAFTIGER","source_datasetid":"{9298FF95-0FA8-4712-9AA5-9292C907CA63}","source_featureid":"1101747018888","source_id":"REF-KANAWHA-CONNECTING-ROADS","source_originator":"U.S. Department of Commerce, U.S. Census Bureau, Geography Division","state_route":"61","state_route_a":"61","state_route_b":null,"state_route_c":null,"stco_fipscode":"54039","tnmfrc":3,"us_route":null,"us_route_a":null,"us_route_b":null,"us_route_c":null},"type":"Feature"},{"geometry":{"coordinates":[[-81.601075,38.32854],[-81.601259,38.328552]],"type":"LineString"},"id":"REF-KANAWHA-CONNECTING-ROADS-195","properties":{"canon_status":"REAL_REFERENCE","county_route":null,"federal_lands_route":null,"fictionality":"REAL","globalid":"{A64D5F3E-DAA6-4328-AAB2-9C42DBEBECBD}","interstate":null,"interstate_a":null,"interstate_b":null,"interstate_c":null,"loaddate":1568217705000,"mtfcc_code":"S1200","name":"Maccorkle Ave SE","objectid":15426886,"permanent_identifier":"4e2ee2b8-acc2-4d11-8211-c1fe5e08d4fa","real_world_relation":"REFERENCE_ONLY","shape_Length":20.52406550895654,"source_datadesc":"2018 May MAF/TIGER","source_datasetid":"{9298FF95-0FA8-4712-9AA5-9292C907CA63}","source_featureid":"1101747018887","source_id":"REF-KANAWHA-CONNECTING-ROADS","source_originator":"U.S. Department of Commerce, U.S. Census Bureau, Geography Division","state_route":"61","state_route_a":"61","state_route_b":null,"state_route_c":null,"stco_fipscode":"54039","tnmfrc":3,"us_route":null,"us_route_a":null,"us_route_b":null,"us_route_c":null},"type":"Feature"},{"geometry":{"coordinates":[[-81.48149,38.195876],[-81.48172,38.19581],[-81.482026,38.195733]],"type":"LineString"},"id":"REF-KANAWHA-CONNECTING-ROADS-196","properties":{"canon_status":"REAL_REFERENCE","county_route":null,"federal_lands_route":null,"fictionality":"REAL","globalid":"{66FF3110-FFFA-40B3-AD08-03F9028E9855}","interstate":null,"interstate_a":null,"interstate_b":null,"interstate_c":null,"loaddate":1474003102000,"mtfcc_code":"S1200","name":"3rd Ave","objectid":15467573,"permanent_identifier":"39220095-4c39-42b2-ac1f-8bfad696cbb4","real_world_relation":"REFERENCE_ONLY","shape_Length":63.02412739299862,"source_datadesc":"2016 January MAFTIGER","source_datasetid":"{9298FF95-0FA8-4712-9AA5-9292C907CA63}","source_featureid":"1104259509480","source_id":"REF-KANAWHA-CONNECTING-ROADS","source_originator":"U.S. Department of Commerce, U.S. Census Bureau, Geography Division","state_route":"61","state_route_a":"61","state_route_b":null,"state_route_c":null,"stco_fipscode":"54039","tnmfrc":3,"us_route":null,"us_route_a":null,"us_route_b":null,"us_route_c":null},"type":"Feature"},{"geometry":{"coordinates":[[-81.566058,38.243254],[-81.565878,38.243],[-81.565772,38.242839]],"type":"LineString"},"id":"REF-KANAWHA-CONNECTING-ROADS-197","properties":{"canon_status":"REAL_REFERENCE","county_route":null,"federal_lands_route":null,"fictionality":"REAL","globalid":"{C55693BD-49FD-4E10-95F4-43765C16BC09}","interstate":null,"interstate_a":null,"interstate_b":null,"interstate_c":null,"loaddate":1474002766000,"mtfcc_code":"S1200","name":"Maccorkle Ave","objectid":15467587,"permanent_identifier":"3ec2d572-8c4b-41e9-8c52-a1566cffce2a","real_world_relation":"REFERENCE_ONLY","shape_Length":66.89197333087048,"source_datadesc":"2016 January MAFTIGER","source_datasetid":"{9298FF95-0FA8-4712-9AA5-9292C907CA63}","source_featureid":"1101747018872","source_id":"REF-KANAWHA-CONNECTING-ROADS","source_originator":"U.S. Department of Commerce, U.S. Census Bureau, Geography Division","state_route":"61","state_route_a":"61","state_route_b":null,"state_route_c":null,"stco_fipscode":"54039","tnmfrc":3,"us_route":null,"us_route_a":null,"us_route_b":null,"us_route_c":null},"type":"Feature"},{"geometry":{"coordinates":[[-81.530805,38.219404],[-81.530057,38.218832]],"type":"LineString"},"id":"REF-KANAWHA-CONNECTING-ROADS-198","properties":{"canon_status":"REAL_REFERENCE","county_route":null,"federal_lands_route":null,"fictionality":"REAL","globalid":"{664990D0-C502-4AAB-A328-9AC967FB8D91}","interstate":null,"interstate_a":null,"interstate_b":null,"interstate_c":null,"loaddate":1474002619000,"mtfcc_code":"S1200","name":"Maccorkle Ave","objectid":15467626,"permanent_identifier":"8c854e8b-ecbc-40a2-a853-1a63fa23daa0","real_world_relation":"REFERENCE_ONLY","shape_Length":116.1982870617036,"source_datadesc":"2016 January MAFTIGER","source_datasetid":"{9298FF95-0FA8-4712-9AA5-9292C907CA63}","source_featureid":"1101747018871","source_id":"REF-KANAWHA-CONNECTING-ROADS","source_originator":"U.S. Department of Commerce, U.S. Census Bureau, Geography Division","state_route":"61","state_route_a":"61","state_route_b":null,"state_route_c":null,"stco_fipscode":"54039","tnmfrc":3,"us_route":null,"us_route_a":null,"us_route_b":null,"us_route_c":null},"type":"Feature"},{"geometry":{"coordinates":[[-81.667557,38.374127],[-81.667845,38.374279],[-81.667974,38.374343],[-81.668076,38.374391],[-81.66837,38.374527],[-81.668608,38.374619],[-81.668904,38.374711]],"type":"LineString"},"id":"REF-KANAWHA-CONNECTING-ROADS-199","properties":{"canon_status":"REAL_REFERENCE","county_route":null,"federal_lands_route":null,"fictionality":"REAL","globalid":"{773049E8-B2E5-4F3F-A9F7-0C260814690A}","interstate":null,"interstate_a":null,"interstate_b":null,"interstate_c":null,"loaddate":1474003011000,"mtfcc_code":"S1200","name":"7th Ave","objectid":15467658,"permanent_identifier":"846126f0-46ed-4865-bd7e-2ef8eca8864a","real_world_relation":"REFERENCE_ONLY","shape_Length":171.87129128536827,"source_datadesc":"2016 January MAFTIGER","source_datasetid":"{9298FF95-0FA8-4712-9AA5-9292C907CA63}","source_featureid":"1101747012130","source_id":"REF-KANAWHA-CONNECTING-ROADS","source_originator":"U.S. Department of Commerce, U.S. Census Bureau, Geography Division","state_route":"25","state_route_a":"25","state_route_b":null,"state_route_c":null,"stco_fipscode":"54039","tnmfrc":3,"us_route":null,"us_route_a":null,"us_route_b":null,"us_route_c":null},"type":"Feature"},{"geometry":{"coordinates":[[-81.564628,38.378136],[-81.564731,38.378065],[-81.564787,38.378026]],"type":"LineString"},"id":"REF-KANAWHA-CONNECTING-ROADS-200","properties":{"canon_status":"REAL_REFERENCE","county_route":null,"federal_lands_route":null,"fictionality":"REAL","globalid":"{C9DAC132-023B-4F2E-B00D-A58EDD28879F}","interstate":null,"interstate_a":null,"interstate_b":null,"interstate_c":null,"loaddate":1474003102000,"mtfcc_code":"S1200","name":"Greenbrier St","objectid":15467974,"permanent_identifier":"57d1c70c-d89c-4616-aedb-0dec3d8ee6bd","real_world_relation":"REFERENCE_ONLY","shape_Length":23.60671241625989,"source_datadesc":"2016 January MAFTIGER","source_datasetid":"{9298FF95-0FA8-4712-9AA5-9292C907CA63}","source_featureid":"1101747019399","source_id":"REF-KANAWHA-CONNECTING-ROADS","source_originator":"U.S. Department of Commerce, U.S. Census Bureau, Geography Division","state_route":"114","state_route_a":"114","state_route_b":null,"state_route_c":null,"stco_fipscode":"54039","tnmfrc":3,"us_route":null,"us_route_a":null,"us_route_b":null,"us_route_c":null},"type":"Feature"},{"geometry":{"coordinates":[[-81.60453,38.214112],[-81.604365,38.214768],[-81.604307,38.215023],[-81.60416,38.215613],[-81.604124,38.215826],[-81.604109,38.215976]],"type":"LineString"},"id":"REF-KANAWHA-CONNECTING-ROADS-201","properties":{"canon_status":"REAL_REFERENCE","county_route":null,"federal_lands_route":null,"fictionality":"REAL","globalid":"{AC8FA23F-0A24-4AEC-B0B3-AD2A730ED33D}","interstate":null,"interstate_a":null,"interstate_b":null,"interstate_c":null,"loaddate":1474002466000,"mtfcc_code":"S1200","name":"Lens Creek Rd","objectid":15595577,"permanent_identifier":"32dc300f-9403-4391-b7e6-64bb02a06299","real_world_relation":"REFERENCE_ONLY","shape_Length":268.3839749274583,"source_datadesc":"2016 January MAFTIGER","source_datasetid":"{9298FF95-0FA8-4712-9AA5-9292C907CA63}","source_featureid":"1104468897518","source_id":"REF-KANAWHA-CONNECTING-ROADS","source_originator":"U.S. Department of Commerce, U.S. Census Bureau, Geography Division","state_route":"94","state_route_a":"94","state_route_b":null,"state_route_c":null,"stco_fipscode":"54039","tnmfrc":3,"us_route":null,"us_route_a":null,"us_route_b":null,"us_route_c":null},"type":"Feature"},{"geometry":{"coordinates":[[-81.563229,38.309856],[-81.563255,38.309975],[-81.56333,38.310239],[-81.563422,38.3105],[-81.563514,38.310715],[-81.563596,38.310863],[-81.563694,38.311005],[-81.563737,38.311056],[-81.563808,38.31114],[-81.563936,38.311266],[-81.564077,38.311383]],"type":"LineString"},"id":"REF-KANAWHA-CONNECTING-ROADS-202","properties":{"canon_status":"REAL_REFERENCE","county_route":null,"federal_lands_route":null,"fictionality":"REAL","globalid":"{5AC80BF7-12D0-4022-840E-8FF0C297F717}","interstate":null,"interstate_a":null,"interstate_b":null,"interstate_c":null,"loaddate":1474001492000,"mtfcc_code":"S1200","name":"Maccorkle Ave SE","objectid":15595607,"permanent_identifier":"1a45f0c4-9fcb-4408-b261-09ea60f7f2f6","real_world_relation":"REFERENCE_ONLY","shape_Length":240.579450493638,"source_datadesc":"2016 January MAFTIGER","source_datasetid":"{9298FF95-0FA8-4712-9AA5-9292C907CA63}","source_featureid":"1101747018887","source_id":"REF-KANAWHA-CONNECTING-ROADS","source_originator":"U.S. Department of Commerce, U.S. Census Bureau, Geography Division","state_route":"61","state_route_a":"61","state_route_b":null,"state_route_c":null,"stco_fipscode":"54039","tnmfrc":3,"us_route":null,"us_route_a":null,"us_route_b":null,"us_route_c":null},"type":"Feature"},{"geometry":{"coordinates":[[-81.563692,38.302405],[-81.563544,38.302832],[-81.563493,38.303],[-81.563439,38.303205],[-81.563385,38.303441],[-81.563353,38.303621],[-81.563337,38.303718],[-81.563286,38.304276]],"type":"LineString"},"id":"REF-KANAWHA-CONNECTING-ROADS-203","properties":{"canon_status":"REAL_REFERENCE","county_route":null,"federal_lands_route":null,"fictionality":"REAL","globalid":"{9E8DD573-F595-442A-8FEF-E9EFE2C16540}","interstate":null,"interstate_a":null,"interstate_b":null,"interstate_c":null,"loaddate":1568217705000,"mtfcc_code":"S1200","name":"Maccorkle Ave SE","objectid":15682335,"permanent_identifier":"fa437914-27cc-44ef-9e0f-2bda3a9ec497","real_world_relation":"REFERENCE_ONLY","shape_Length":269.9943824749684,"source_datadesc":"2016 January MAFTIGER","source_datasetid":"{9298FF95-0FA8-4712-9AA5-9292C907CA63}","source_featureid":"1101747018887","source_id":"REF-KANAWHA-CONNECTING-ROADS","source_originator":"U.S. Department of Commerce, U.S. Census Bureau, Geography Division","state_route":"61","state_route_a":"61","state_route_b":null,"state_route_c":null,"stco_fipscode":"54039","tnmfrc":3,"us_route":null,"us_route_a":null,"us_route_b":null,"us_route_c":null},"type":"Feature"},{"geometry":{"coordinates":[[-81.591707,38.327186],[-81.591549,38.327117],[-81.591409,38.327038],[-81.591195,38.326907],[-81.590807,38.326683],[-81.589493,38.325922]],"type":"LineString"},"id":"REF-KANAWHA-CONNECTING-ROADS-204","properties":{"canon_status":"REAL_REFERENCE","county_route":null,"federal_lands_route":null,"fictionality":"REAL","globalid":"{6ED85182-CCA6-4745-8772-860D52FDCEC5}","interstate":null,"interstate_a":null,"interstate_b":null,"interstate_c":null,"loaddate":1568217705000,"mtfcc_code":"S1200","name":"Maccorkle Ave SE","objectid":15682363,"permanent_identifier":"891baae6-a636-4743-b82e-2bab79243ed7","real_world_relation":"REFERENCE_ONLY","shape_Length":304.98793897810043,"source_datadesc":"2016 January MAFTIGER","source_datasetid":"{9298FF95-0FA8-4712-9AA5-9292C907CA63}","source_featureid":"1101747018888","source_id":"REF-KANAWHA-CONNECTING-ROADS","source_originator":"U.S. Department of Commerce, U.S. Census Bureau, Geography Division","state_route":"61","state_route_a":"61","state_route_b":null,"state_route_c":null,"stco_fipscode":"54039","tnmfrc":3,"us_route":null,"us_route_a":null,"us_route_b":null,"us_route_c":null},"type":"Feature"},{"geometry":{"coordinates":[[-81.496088,38.199592],[-81.496126,38.199382],[-81.496163,38.199176]],"type":"LineString"},"id":"REF-KANAWHA-CONNECTING-ROADS-205","properties":{"canon_status":"REAL_REFERENCE","county_route":null,"federal_lands_route":null,"fictionality":"REAL","globalid":"{419D661B-C8B3-4C20-96A8-06F16012477F}","interstate":null,"interstate_a":"","interstate_b":"","interstate_c":"","loaddate":1673511277000,"mtfcc_code":"S1400","name":"Admiral T.J. Lopez Bridge","objectid":15850546,"permanent_identifier":"41bbe26b-7358-40be-92dd-c5b54505f64b","real_world_relation":"REFERENCE_ONLY","shape_Length":59.516009019460114,"source_datadesc":"2016 January MAFTIGER","source_datasetid":"{9298FF95-0FA8-4712-9AA5-9292C907CA63}","source_featureid":"1101747015813","source_id":"REF-KANAWHA-CONNECTING-ROADS","source_originator":"U.S. Department of Commerce, U.S. Census Bureau, Geography Division","state_route":null,"state_route_a":"","state_route_b":"","state_route_c":"","stco_fipscode":"54039","tnmfrc":3,"us_route":null,"us_route_a":"","us_route_b":"","us_route_c":""},"type":"Feature"},{"geometry":{"coordinates":[[-81.497546,38.195936],[-81.497329,38.195904],[-81.497065,38.195845],[-81.496985,38.195822],[-81.496934,38.195805]],"type":"LineString"},"id":"REF-KANAWHA-CONNECTING-ROADS-206","properties":{"canon_status":"REAL_REFERENCE","county_route":null,"federal_lands_route":null,"fictionality":"REAL","globalid":"{E713B449-8744-455E-B1DC-0D0F9B17D781}","interstate":null,"interstate_a":null,"interstate_b":null,"interstate_c":null,"loaddate":1474002619000,"mtfcc_code":"S1200","name":"3rd Ave","objectid":15850589,"permanent_identifier":"b2eea057-cec9-40e4-b00d-64ed4450f5fb","real_world_relation":"REFERENCE_ONLY","shape_Length":70.78103856601787,"source_datadesc":"2016 January MAFTIGER","source_datasetid":"{9298FF95-0FA8-4712-9AA5-9292C907CA63}","source_featureid":"1101747011935","source_id":"REF-KANAWHA-CONNECTING-ROADS","source_originator":"U.S. Department of Commerce, U.S. Census Bureau, Geography Division","state_route":"61","state_route_a":"61","state_route_b":null,"state_route_c":null,"stco_fipscode":"54039","tnmfrc":3,"us_route":null,"us_route_a":null,"us_route_b":null,"us_route_c":null},"type":"Feature"},{"geometry":{"coordinates":[[-81.480201,38.196367],[-81.480308,38.196316],[-81.480617,38.19618],[-81.480843,38.196094]],"type":"LineString"},"id":"REF-KANAWHA-CONNECTING-ROADS-207","properties":{"canon_status":"REAL_REFERENCE","county_route":null,"federal_lands_route":null,"fictionality":"REAL","globalid":"{4F3DB2B6-B27D-44B1-9A53-7447A19A2CC1}","interstate":null,"interstate_a":null,"interstate_b":null,"interstate_c":null,"loaddate":1474003102000,"mtfcc_code":"S1200","name":"3rd Ave","objectid":15850939,"permanent_identifier":"e25135d6-9f71-4ed8-a56d-b5c225732988","real_world_relation":"REFERENCE_ONLY","shape_Length":81.30741768781019,"source_datadesc":"2016 January MAFTIGER","source_datasetid":"{9298FF95-0FA8-4712-9AA5-9292C907CA63}","source_featureid":"1104259509480","source_id":"REF-KANAWHA-CONNECTING-ROADS","source_originator":"U.S. Department of Commerce, U.S. Census Bureau, Geography Division","state_route":"61","state_route_a":"61","state_route_b":null,"state_route_c":null,"stco_fipscode":"54039","tnmfrc":3,"us_route":null,"us_route_a":null,"us_route_b":null,"us_route_c":null},"type":"Feature"},{"geometry":{"coordinates":[[-81.57228,38.316129],[-81.573594,38.316889]],"type":"LineString"},"id":"REF-KANAWHA-CONNECTING-ROADS-208","properties":{"canon_status":"REAL_REFERENCE","county_route":null,"federal_lands_route":null,"fictionality":"REAL","globalid":"{5870069D-490B-41B1-943A-20BCF60B2B90}","interstate":null,"interstate_a":null,"interstate_b":null,"interstate_c":null,"loaddate":1568217705000,"mtfcc_code":"S1200","name":"Maccorkle Ave SE","objectid":15937330,"permanent_identifier":"782a3404-aff7-45d1-90ec-657d11fe8095","real_world_relation":"REFERENCE_ONLY","shape_Length":181.72307629108838,"source_datadesc":"2016 January MAFTIGER","source_datasetid":"{9298FF95-0FA8-4712-9AA5-9292C907CA63}","source_featureid":"1101747018887","source_id":"REF-KANAWHA-CONNECTING-ROADS","source_originator":"U.S. Department of Commerce, U.S. Census Bureau, Geography Division","state_route":"61","state_route_a":"61","state_route_b":null,"state_route_c":null,"stco_fipscode":"54039","tnmfrc":3,"us_route":null,"us_route_a":null,"us_route_b":null,"us_route_c":null},"type":"Feature"},{"geometry":{"coordinates":[[-81.471045,38.20074],[-81.471238,38.200646],[-81.471909,38.200294],[-81.472097,38.200214],[-81.472138,38.200201],[-81.472234,38.20018],[-81.472323,38.200174],[-81.472405,38.20019],[-81.472436,38.200196],[-81.472542,38.200194],[-81.47266,38.200178]],"type":"LineString"},"id":"REF-KANAWHA-CONNECTING-ROADS-209","properties":{"canon_status":"REAL_REFERENCE","county_route":null,"federal_lands_route":null,"fictionality":"REAL","globalid":"{7266D3AC-39EB-4471-A9C2-0E0DA56EA33F}","interstate":null,"interstate_a":null,"interstate_b":null,"interstate_c":null,"loaddate":1474003102000,"mtfcc_code":"S1200","name":"3rd Ave","objectid":15978400,"permanent_identifier":"6d5ba65b-e3a3-48ee-a39b-9b3e4d38cddc","real_world_relation":"REFERENCE_ONLY","shape_Length":202.9356429924949,"source_datadesc":"2016 January MAFTIGER","source_datasetid":"{9298FF95-0FA8-4712-9AA5-9292C907CA63}","source_featureid":"1104259509480","source_id":"REF-KANAWHA-CONNECTING-ROADS","source_originator":"U.S. Department of Commerce, U.S. Census Bureau, Geography Division","state_route":"61","state_route_a":"61","state_route_b":null,"state_route_c":null,"stco_fipscode":"54039","tnmfrc":3,"us_route":null,"us_route_a":null,"us_route_b":null,"us_route_c":null},"type":"Feature"},{"geometry":{"coordinates":[[-81.568718,38.375934],[-81.56894,38.375838]],"type":"LineString"},"id":"REF-KANAWHA-CONNECTING-ROADS-210","properties":{"canon_status":"REAL_REFERENCE","county_route":null,"federal_lands_route":null,"fictionality":"REAL","globalid":"{0C76269B-9C4A-40D0-98C6-35842289B38A}","interstate":null,"interstate_a":null,"interstate_b":null,"interstate_c":null,"loaddate":1568217705000,"mtfcc_code":"S1200","name":"Greenbrier St","objectid":16065667,"permanent_identifier":"53a7e4aa-868b-4235-8fc8-e1a09aae64d9","real_world_relation":"REFERENCE_ONLY","shape_Length":28.223316848159566,"source_datadesc":"2018 May MAF/TIGER","source_datasetid":"{9298FF95-0FA8-4712-9AA5-9292C907CA63}","source_featureid":"1101747019399","source_id":"REF-KANAWHA-CONNECTING-ROADS","source_originator":"U.S. Department of Commerce, U.S. Census Bureau, Geography Division","state_route":"114","state_route_a":"114","state_route_b":null,"state_route_c":null,"stco_fipscode":"54039","tnmfrc":3,"us_route":null,"us_route_a":null,"us_route_b":null,"us_route_c":null},"type":"Feature"},{"geometry":{"coordinates":[[-81.556299,38.2385],[-81.554879,38.237428]],"type":"LineString"},"id":"REF-KANAWHA-CONNECTING-ROADS-211","properties":{"canon_status":"REAL_REFERENCE","county_route":null,"federal_lands_route":null,"fictionality":"REAL","globalid":"{4FA3DF8E-1ED1-47E9-878F-42720E37B9A2}","interstate":null,"interstate_a":null,"interstate_b":null,"interstate_c":null,"loaddate":1474002619000,"mtfcc_code":"S1200","name":"Maccorkle Ave","objectid":16106521,"permanent_identifier":"43eb27cb-1b37-4064-8747-83bd10806543","real_world_relation":"REFERENCE_ONLY","shape_Length":219.25014767256332,"source_datadesc":"2016 January MAFTIGER","source_datasetid":"{9298FF95-0FA8-4712-9AA5-9292C907CA63}","source_featureid":"1101747018871","source_id":"REF-KANAWHA-CONNECTING-ROADS","source_originator":"U.S. Department of Commerce, U.S. Census Bureau, Geography Division","state_route":"61","state_route_a":"61","state_route_b":null,"state_route_c":null,"stco_fipscode":"54039","tnmfrc":3,"us_route":null,"us_route_a":null,"us_route_b":null,"us_route_c":null},"type":"Feature"},{"geometry":{"coordinates":[[-81.565592,38.24251],[-81.565692,38.242609],[-81.565835,38.242811]],"type":"LineString"},"id":"REF-KANAWHA-CONNECTING-ROADS-212","properties":{"canon_status":"REAL_REFERENCE","county_route":null,"federal_lands_route":null,"fictionality":"REAL","globalid":"{63350EFE-AD7B-4ED0-93E0-ABC32801F012}","interstate":null,"interstate_a":null,"interstate_b":null,"interstate_c":null,"loaddate":1474002995000,"mtfcc_code":"S1200","name":"Maccorkle Ave","objectid":16233927,"permanent_identifier":"211e420e-7c66-44c9-8cf5-f468bbdda6d2","real_world_relation":"REFERENCE_ONLY","shape_Length":50.67003367835413,"source_datadesc":"2016 January MAFTIGER","source_datasetid":"{9298FF95-0FA8-4712-9AA5-9292C907CA63}","source_featureid":"1101747018874","source_id":"REF-KANAWHA-CONNECTING-ROADS","source_originator":"U.S. Department of Commerce, U.S. Census Bureau, Geography Division","state_route":"61","state_route_a":"61","state_route_b":null,"state_route_c":null,"stco_fipscode":"54039","tnmfrc":3,"us_route":null,"us_route_a":null,"us_route_b":null,"us_route_c":null},"type":"Feature"},{"geometry":{"coordinates":[[-81.530057,38.218832],[-81.529864,38.218677],[-81.529672,38.218506]],"type":"LineString"},"id":"REF-KANAWHA-CONNECTING-ROADS-213","properties":{"canon_status":"REAL_REFERENCE","county_route":null,"federal_lands_route":null,"fictionality":"REAL","globalid":"{DBBBC703-AD1D-4D27-B0AC-6DEF2BE62093}","interstate":null,"interstate_a":null,"interstate_b":null,"interstate_c":null,"loaddate":1474002619000,"mtfcc_code":"S1200","name":"Maccorkle Ave","objectid":16233975,"permanent_identifier":"0a5520ca-a37f-4a10-a245-91b3974a7b76","real_world_relation":"REFERENCE_ONLY","shape_Length":63.03209061875221,"source_datadesc":"2016 January MAFTIGER","source_datasetid":"{9298FF95-0FA8-4712-9AA5-9292C907CA63}","source_featureid":"1101747018871","source_id":"REF-KANAWHA-CONNECTING-ROADS","source_originator":"U.S. Department of Commerce, U.S. Census Bureau, Geography Division","state_route":"61","state_route_a":"61","state_route_b":null,"state_route_c":null,"stco_fipscode":"54039","tnmfrc":3,"us_route":null,"us_route_a":null,"us_route_b":null,"us_route_c":null},"type":"Feature"},{"geometry":{"coordinates":[[-81.542617,38.228286],[-81.542456,38.228168]],"type":"LineString"},"id":"REF-KANAWHA-CONNECTING-ROADS-214","properties":{"canon_status":"REAL_REFERENCE","county_route":null,"federal_lands_route":null,"fictionality":"REAL","globalid":"{037D483F-4F14-443A-8D50-2F34909D63E6}","interstate":null,"interstate_a":null,"interstate_b":null,"interstate_c":null,"loaddate":1474002619000,"mtfcc_code":"S1200","name":"Maccorkle Ave","objectid":16234262,"permanent_identifier":"eb942f2a-8a99-4825-a984-6b14c92ad6b6","real_world_relation":"REFERENCE_ONLY","shape_Length":24.51171818077955,"source_datadesc":"2016 January MAFTIGER","source_datasetid":"{9298FF95-0FA8-4712-9AA5-9292C907CA63}","source_featureid":"1101747018871","source_id":"REF-KANAWHA-CONNECTING-ROADS","source_originator":"U.S. Department of Commerce, U.S. Census Bureau, Geography Division","state_route":"61","state_route_a":"61","state_route_b":null,"state_route_c":null,"stco_fipscode":"54039","tnmfrc":3,"us_route":null,"us_route_a":null,"us_route_b":null,"us_route_c":null},"type":"Feature"},{"geometry":{"coordinates":[[-81.564787,38.378026],[-81.565501,38.377529],[-81.565637,38.377429],[-81.56601,38.37718],[-81.566176,38.37708],[-81.566281,38.377019],[-81.566494,38.376906]],"type":"LineString"},"id":"REF-KANAWHA-CONNECTING-ROADS-215","properties":{"canon_status":"REAL_REFERENCE","county_route":null,"federal_lands_route":null,"fictionality":"REAL","globalid":"{CFEF82A9-157E-4168-A8FF-074A48C5F68B}","interstate":null,"interstate_a":null,"interstate_b":null,"interstate_c":null,"loaddate":1568217705000,"mtfcc_code":"S1200","name":"Greenbrier St","objectid":16320772,"permanent_identifier":"d3a8ef01-e6fd-445c-a178-185beee23687","real_world_relation":"REFERENCE_ONLY","shape_Length":248.0698671104261,"source_datadesc":"2016 January MAFTIGER","source_datasetid":"{9298FF95-0FA8-4712-9AA5-9292C907CA63}","source_featureid":"1101747019399","source_id":"REF-KANAWHA-CONNECTING-ROADS","source_originator":"U.S. Department of Commerce, U.S. Census Bureau, Geography Division","state_route":"114","state_route_a":"114","state_route_b":null,"state_route_c":null,"stco_fipscode":"54039","tnmfrc":3,"us_route":null,"us_route_a":null,"us_route_b":null,"us_route_c":null},"type":"Feature"},{"geometry":{"coordinates":[[-81.566201,38.296498],[-81.566277,38.296307],[-81.566305,38.296233]],"type":"LineString"},"id":"REF-KANAWHA-CONNECTING-ROADS-216","properties":{"canon_status":"REAL_REFERENCE","county_route":null,"federal_lands_route":null,"fictionality":"REAL","globalid":"{5078EE44-3928-4528-A1A9-6F1B65A2CE34}","interstate":null,"interstate_a":null,"interstate_b":null,"interstate_c":null,"loaddate":1568217705000,"mtfcc_code":"S1200","name":"Maccorkle Ave SE","objectid":16448463,"permanent_identifier":"c862dcb9-6f68-4f30-867a-7d565d5add94","real_world_relation":"REFERENCE_ONLY","shape_Length":39.42779814532901,"source_datadesc":"2018 May MAF/TIGER","source_datasetid":"{9298FF95-0FA8-4712-9AA5-9292C907CA63}","source_featureid":"1101747018888","source_id":"REF-KANAWHA-CONNECTING-ROADS","source_originator":"U.S. Department of Commerce, U.S. Census Bureau, Geography Division","state_route":"61","state_route_a":"61","state_route_b":null,"state_route_c":null,"stco_fipscode":"54039","tnmfrc":3,"us_route":null,"us_route_a":null,"us_route_b":null,"us_route_c":null},"type":"Feature"},{"geometry":{"coordinates":[[-81.567304,38.245767],[-81.567294,38.24575],[-81.567135,38.245561],[-81.567021,38.24541],[-81.566944,38.245286]],"type":"LineString"},"id":"REF-KANAWHA-CONNECTING-ROADS-217","properties":{"canon_status":"REAL_REFERENCE","county_route":null,"federal_lands_route":null,"fictionality":"REAL","globalid":"{5F9A004D-32B8-488B-9355-8EC0576661DB}","interstate":null,"interstate_a":null,"interstate_b":null,"interstate_c":null,"loaddate":1568217705000,"mtfcc_code":"S1200","name":"Maccorkle Ave","objectid":16448554,"permanent_identifier":"2264209d-542c-4b17-a373-09c51d19f47d","real_world_relation":"REFERENCE_ONLY","shape_Length":79.20001724948186,"source_datadesc":"2016 January MAFTIGER","source_datasetid":"{9298FF95-0FA8-4712-9AA5-9292C907CA63}","source_featureid":"1101747018873","source_id":"REF-KANAWHA-CONNECTING-ROADS","source_originator":"U.S. Department of Commerce, U.S. Census Bureau, Geography Division","state_route":"61","state_route_a":"61","state_route_b":null,"state_route_c":null,"stco_fipscode":"54039","tnmfrc":3,"us_route":null,"us_route_a":null,"us_route_b":null,"us_route_c":null},"type":"Feature"},{"geometry":{"coordinates":[[-81.611038,38.342786],[-81.610739,38.342913],[-81.610533,38.342985],[-81.610363,38.343033],[-81.610146,38.343081],[-81.60975,38.343159],[-81.609203,38.343285]],"type":"LineString"},"id":"REF-KANAWHA-CONNECTING-ROADS-218","properties":{"canon_status":"REAL_REFERENCE","county_route":null,"federal_lands_route":null,"fictionality":"REAL","globalid":"{C2579BB2-DAD5-4FC7-B314-7A749F84F6A3}","interstate":null,"interstate_a":null,"interstate_b":null,"interstate_c":null,"loaddate":1474001570000,"mtfcc_code":"S1200","name":"Greenbrier St","objectid":16488659,"permanent_identifier":"b2857bbc-e625-4c7f-9e80-44b8bf00e359","real_world_relation":"REFERENCE_ONLY","shape_Length":217.08487875062454,"source_datadesc":"2016 January MAFTIGER","source_datasetid":"{9298FF95-0FA8-4712-9AA5-9292C907CA63}","source_featureid":"1101747019401","source_id":"REF-KANAWHA-CONNECTING-ROADS","source_originator":"U.S. Department of Commerce, U.S. Census Bureau, Geography Division","state_route":"114","state_route_a":"114","state_route_b":null,"state_route_c":null,"stco_fipscode":"54039","tnmfrc":3,"us_route":null,"us_route_a":null,"us_route_b":null,"us_route_c":null},"type":"Feature"},{"geometry":{"coordinates":[[-81.480843,38.196094],[-81.48108,38.196009],[-81.48149,38.195876]],"type":"LineString"},"id":"REF-KANAWHA-CONNECTING-ROADS-219","properties":{"canon_status":"REAL_REFERENCE","county_route":null,"federal_lands_route":null,"fictionality":"REAL","globalid":"{13BB7D94-1A38-403D-AE70-A812A349D737}","interstate":null,"interstate_a":null,"interstate_b":null,"interstate_c":null,"loaddate":1474003102000,"mtfcc_code":"S1200","name":"3rd Ave","objectid":16488726,"permanent_identifier":"dcf3e0ab-81a9-4966-8273-a368afcf0389","real_world_relation":"REFERENCE_ONLY","shape_Length":78.37626289279285,"source_datadesc":"2016 January MAFTIGER","source_datasetid":"{9298FF95-0FA8-4712-9AA5-9292C907CA63}","source_featureid":"1104259509480","source_id":"REF-KANAWHA-CONNECTING-ROADS","source_originator":"U.S. Department of Commerce, U.S. Census Bureau, Geography Division","state_route":"61","state_route_a":"61","state_route_b":null,"state_route_c":null,"stco_fipscode":"54039","tnmfrc":3,"us_route":null,"us_route_a":null,"us_route_b":null,"us_route_c":null},"type":"Feature"},{"geometry":{"coordinates":[[-81.577647,38.319222],[-81.578287,38.319589],[-81.579077,38.320057]],"type":"LineString"},"id":"REF-KANAWHA-CONNECTING-ROADS-220","properties":{"canon_status":"REAL_REFERENCE","county_route":null,"federal_lands_route":null,"fictionality":"REAL","globalid":"{F5C1EFB5-489A-4061-81B2-388D360BC437}","interstate":null,"interstate_a":null,"interstate_b":null,"interstate_c":null,"loaddate":1568217705000,"mtfcc_code":"S1200","name":"Maccorkle Ave SE","objectid":16576053,"permanent_identifier":"7e45abb9-ef90-4f77-859d-be1fa86e3fa8","real_world_relation":"REFERENCE_ONLY","shape_Length":198.44231570137524,"source_datadesc":"2016 January MAFTIGER","source_datasetid":"{9298FF95-0FA8-4712-9AA5-9292C907CA63}","source_featureid":"1101747018887","source_id":"REF-KANAWHA-CONNECTING-ROADS","source_originator":"U.S. Department of Commerce, U.S. Census Bureau, Geography Division","state_route":"61","state_route_a":"61","state_route_b":null,"state_route_c":null,"stco_fipscode":"54039","tnmfrc":3,"us_route":null,"us_route_a":null,"us_route_b":null,"us_route_c":null},"type":"Feature"},{"geometry":{"coordinates":[[-81.504571,38.196458],[-81.504083,38.196288]],"type":"LineString"},"id":"REF-KANAWHA-CONNECTING-ROADS-221","properties":{"canon_status":"REAL_REFERENCE","county_route":null,"federal_lands_route":null,"fictionality":"REAL","globalid":"{9468A492-A1E8-4217-96E2-206A63E5EFE2}","interstate":null,"interstate_a":null,"interstate_b":null,"interstate_c":null,"loaddate":1474002766000,"mtfcc_code":"S1200","name":"Maccorkle Ave","objectid":16616522,"permanent_identifier":"1331c2fb-955c-484f-a860-6aa4fbafa856","real_world_relation":"REFERENCE_ONLY","shape_Length":59.42170108724944,"source_datadesc":"2016 January MAFTIGER","source_datasetid":"{9298FF95-0FA8-4712-9AA5-9292C907CA63}","source_featureid":"1101747018866","source_id":"REF-KANAWHA-CONNECTING-ROADS","source_originator":"U.S. Department of Commerce, U.S. Census Bureau, Geography Division","state_route":"61","state_route_a":"61","state_route_b":null,"state_route_c":null,"stco_fipscode":"54039","tnmfrc":3,"us_route":null,"us_route_a":null,"us_route_b":null,"us_route_c":null},"type":"Feature"},{"geometry":{"coordinates":[[-81.537785,38.224567],[-81.537026,38.224003]],"type":"LineString"},"id":"REF-KANAWHA-CONNECTING-ROADS-222","properties":{"canon_status":"REAL_REFERENCE","county_route":null,"federal_lands_route":null,"fictionality":"REAL","globalid":"{6408A44E-5189-45CB-A443-A4910AA65242}","interstate":null,"interstate_a":null,"interstate_b":null,"interstate_c":null,"loaddate":1474002619000,"mtfcc_code":"S1200","name":"Maccorkle Ave","objectid":16616637,"permanent_identifier":"9281c75e-ff15-4b27-b16a-83a7f61694ad","real_world_relation":"REFERENCE_ONLY","shape_Length":116.30093758970584,"source_datadesc":"2016 January MAFTIGER","source_datasetid":"{9298FF95-0FA8-4712-9AA5-9292C907CA63}","source_featureid":"1101747018871","source_id":"REF-KANAWHA-CONNECTING-ROADS","source_originator":"U.S. Department of Commerce, U.S. Census Bureau, Geography Division","state_route":"61","state_route_a":"61","state_route_b":null,"state_route_c":null,"stco_fipscode":"54039","tnmfrc":3,"us_route":null,"us_route_a":null,"us_route_b":null,"us_route_c":null},"type":"Feature"},{"geometry":{"coordinates":[[-81.613823,38.339405],[-81.6137,38.339663],[-81.613537,38.340082],[-81.613451,38.340244],[-81.613432,38.34028],[-81.613326,38.340438],[-81.61323,38.340559],[-81.613078,38.340732]],"type":"LineString"},"id":"REF-KANAWHA-CONNECTING-ROADS-223","properties":{"canon_status":"REAL_REFERENCE","county_route":null,"federal_lands_route":null,"fictionality":"REAL","globalid":"{89A93A98-6272-4CA7-AECD-CF0144381B3C}","interstate":null,"interstate_a":null,"interstate_b":null,"interstate_c":null,"loaddate":1568217705000,"mtfcc_code":"S1200","name":"Greenbrier St","objectid":16703946,"permanent_identifier":"33a4f1a1-c0aa-4f65-af4e-16537957e8f6","real_world_relation":"REFERENCE_ONLY","shape_Length":207.08846363275345,"source_datadesc":"2016 January MAFTIGER","source_datasetid":"{9298FF95-0FA8-4712-9AA5-9292C907CA63}","source_featureid":"1101747019400","source_id":"REF-KANAWHA-CONNECTING-ROADS","source_originator":"U.S. Department of Commerce, U.S. Census Bureau, Geography Division","state_route":"114","state_route_a":"114","state_route_b":null,"state_route_c":null,"stco_fipscode":"54039","tnmfrc":3,"us_route":null,"us_route_a":null,"us_route_b":null,"us_route_c":null},"type":"Feature"},{"geometry":{"coordinates":[[-81.567681,38.246288],[-81.567994,38.246682],[-81.568477,38.247308]],"type":"LineString"},"id":"REF-KANAWHA-CONNECTING-ROADS-224","properties":{"canon_status":"REAL_REFERENCE","county_route":null,"federal_lands_route":null,"fictionality":"REAL","globalid":"{E2E6647A-4DA2-45C2-94AE-4F647BE78366}","interstate":null,"interstate_a":null,"interstate_b":null,"interstate_c":null,"loaddate":1568217705000,"mtfcc_code":"S1200","name":"Maccorkle Ave","objectid":16959035,"permanent_identifier":"69b021f3-7036-425c-b752-a0f2b4fada56","real_world_relation":"REFERENCE_ONLY","shape_Length":169.57668223201608,"source_datadesc":"2016 January MAFTIGER","source_datasetid":"{9298FF95-0FA8-4712-9AA5-9292C907CA63}","source_featureid":"1101747018876","source_id":"REF-KANAWHA-CONNECTING-ROADS","source_originator":"U.S. Department of Commerce, U.S. Census Bureau, Geography Division","state_route":"61","state_route_a":"61","state_route_b":null,"state_route_c":null,"stco_fipscode":"54039","tnmfrc":3,"us_route":null,"us_route_a":null,"us_route_b":null,"us_route_c":null},"type":"Feature"},{"geometry":{"coordinates":[[-81.534739,38.222325],[-81.533976,38.221762]],"type":"LineString"},"id":"REF-KANAWHA-CONNECTING-ROADS-225","properties":{"canon_status":"REAL_REFERENCE","county_route":null,"federal_lands_route":null,"fictionality":"REAL","globalid":"{904BA479-0536-49F1-932C-58A5D39CF46D}","interstate":null,"interstate_a":null,"interstate_b":null,"interstate_c":null,"loaddate":1474002619000,"mtfcc_code":"S1200","name":"Maccorkle Ave","objectid":16999917,"permanent_identifier":"34deebf8-a8f4-4e0e-955c-4dee93bb4cea","real_world_relation":"REFERENCE_ONLY","shape_Length":116.52614526270237,"source_datadesc":"2016 January MAFTIGER","source_datasetid":"{9298FF95-0FA8-4712-9AA5-9292C907CA63}","source_featureid":"1101747018871","source_id":"REF-KANAWHA-CONNECTING-ROADS","source_originator":"U.S. Department of Commerce, U.S. Census Bureau, Geography Division","state_route":"61","state_route_a":"61","state_route_b":null,"state_route_c":null,"stco_fipscode":"54039","tnmfrc":3,"us_route":null,"us_route_a":null,"us_route_b":null,"us_route_c":null},"type":"Feature"},{"geometry":{"coordinates":[[-81.47266,38.200178],[-81.472772,38.200148],[-81.473055,38.200029],[-81.473774,38.199685],[-81.474542,38.1993]],"type":"LineString"},"id":"REF-KANAWHA-CONNECTING-ROADS-226","properties":{"canon_status":"REAL_REFERENCE","county_route":null,"federal_lands_route":null,"fictionality":"REAL","globalid":"{75F983FB-A83A-47F9-84C5-3CF0F8F4816A}","interstate":null,"interstate_a":null,"interstate_b":null,"interstate_c":null,"loaddate":1474003102000,"mtfcc_code":"S1200","name":"3rd Ave","objectid":17128324,"permanent_identifier":"8173552e-d859-4fff-aa9e-85dd3fda18a5","real_world_relation":"REFERENCE_ONLY","shape_Length":244.0139763603854,"source_datadesc":"2016 January MAFTIGER","source_datasetid":"{9298FF95-0FA8-4712-9AA5-9292C907CA63}","source_featureid":"1104259509480","source_id":"REF-KANAWHA-CONNECTING-ROADS","source_originator":"U.S. Department of Commerce, U.S. Census Bureau, Geography Division","state_route":"61","state_route_a":"61","state_route_b":null,"state_route_c":null,"stco_fipscode":"54039","tnmfrc":3,"us_route":null,"us_route_a":null,"us_route_b":null,"us_route_c":null},"type":"Feature"},{"geometry":{"coordinates":[[-81.596056,38.228868],[-81.595751,38.229151],[-81.595499,38.229385],[-81.595388,38.229479],[-81.595308,38.229542],[-81.595234,38.229593],[-81.595157,38.229642],[-81.595043,38.229703],[-81.594992,38.229727],[-81.594919,38.229758],[-81.5948,38.229802],[-81.594687,38.229838],[-81.594571,38.229867]],"type":"LineString"},"id":"REF-KANAWHA-CONNECTING-ROADS-227","properties":{"canon_status":"REAL_REFERENCE","county_route":null,"federal_lands_route":null,"fictionality":"REAL","globalid":"{3E9176D4-DE7F-4B4E-85C6-3653ED61847B}","interstate":null,"interstate_a":null,"interstate_b":null,"interstate_c":null,"loaddate":1474002663000,"mtfcc_code":"S1200","name":"Lens Creek Rd","objectid":17128408,"permanent_identifier":"95263047-285e-4789-9bf7-70c375e8959e","real_world_relation":"REFERENCE_ONLY","shape_Length":221.72741219735477,"source_datadesc":"2016 January MAFTIGER","source_datasetid":"{9298FF95-0FA8-4712-9AA5-9292C907CA63}","source_featureid":"1104468979888","source_id":"REF-KANAWHA-CONNECTING-ROADS","source_originator":"U.S. Department of Commerce, U.S. Census Bureau, Geography Division","state_route":"94","state_route_a":"94","state_route_b":null,"state_route_c":null,"stco_fipscode":"54039","tnmfrc":3,"us_route":null,"us_route_a":null,"us_route_b":null,"us_route_c":null},"type":"Feature"},{"geometry":{"coordinates":[[-81.658322,38.35869],[-81.658588,38.358861]],"type":"LineString"},"id":"REF-KANAWHA-CONNECTING-ROADS-228","properties":{"canon_status":"REAL_REFERENCE","county_route":null,"federal_lands_route":null,"fictionality":"REAL","globalid":"{5FCAC8EB-247C-4408-89D3-324F87009FA1}","interstate":null,"interstate_a":null,"interstate_b":null,"interstate_c":null,"loaddate":1568217705000,"mtfcc_code":"S1200","name":"Maccorkle Ave SW","objectid":17215551,"permanent_identifier":"2b8e36e1-e0b6-4ad1-aaf2-963ee5883ea8","real_world_relation":"REFERENCE_ONLY","shape_Length":38.290022022402646,"source_datadesc":"2016 January MAFTIGER","source_datasetid":"{9298FF95-0FA8-4712-9AA5-9292C907CA63}","source_featureid":"1101747018890","source_id":"REF-KANAWHA-CONNECTING-ROADS","source_originator":"U.S. Department of Commerce, U.S. Census Bureau, Geography Division","state_route":"61","state_route_a":"61","state_route_b":null,"state_route_c":null,"stco_fipscode":"54039","tnmfrc":3,"us_route":null,"us_route_a":null,"us_route_b":null,"us_route_c":null},"type":"Feature"},{"geometry":{"coordinates":[[-81.598535,38.328356],[-81.598576,38.328359]],"type":"LineString"},"id":"REF-KANAWHA-CONNECTING-ROADS-229","properties":{"canon_status":"REAL_REFERENCE","county_route":null,"federal_lands_route":null,"fictionality":"REAL","globalid":"{4BD4D3C3-F866-4170-BF6D-A11368DAA225}","interstate":null,"interstate_a":null,"interstate_b":null,"interstate_c":null,"loaddate":1474001493000,"mtfcc_code":"S1200","name":"Maccorkle Ave SE","objectid":17384903,"permanent_identifier":"4010c9dc-672d-4db5-89d8-c22d8c286cac","real_world_relation":"REFERENCE_ONLY","shape_Length":4.583909826054631,"source_datadesc":"2016 January MAFTIGER","source_datasetid":"{9298FF95-0FA8-4712-9AA5-9292C907CA63}","source_featureid":"1101747018887","source_id":"REF-KANAWHA-CONNECTING-ROADS","source_originator":"U.S. Department of Commerce, U.S. Census Bureau, Geography Division","state_route":"61","state_route_a":"61","state_route_b":null,"state_route_c":null,"stco_fipscode":"54039","tnmfrc":3,"us_route":null,"us_route_a":null,"us_route_b":null,"us_route_c":null},"type":"Feature"},{"geometry":{"coordinates":[[-81.649833,38.354053],[-81.650206,38.354314],[-81.650334,38.354415]],"type":"LineString"},"id":"REF-KANAWHA-CONNECTING-ROADS-230","properties":{"canon_status":"REAL_REFERENCE","county_route":null,"federal_lands_route":null,"fictionality":"REAL","globalid":"{99571460-163D-4C3A-94E6-F44D45948997}","interstate":null,"interstate_a":null,"interstate_b":null,"interstate_c":null,"loaddate":1568217705000,"mtfcc_code":"S1200","name":"Maccorkle Ave SW","objectid":17472382,"permanent_identifier":"38554309-88f8-4115-a667-00ebfb7fe96c","real_world_relation":"REFERENCE_ONLY","shape_Length":75.86272729460799,"source_datadesc":"2016 January MAFTIGER","source_datasetid":"{9298FF95-0FA8-4712-9AA5-9292C907CA63}","source_featureid":"1101747018890","source_id":"REF-KANAWHA-CONNECTING-ROADS","source_originator":"U.S. Department of Commerce, U.S. Census Bureau, Geography Division","state_route":"61","state_route_a":"61","state_route_b":null,"state_route_c":null,"stco_fipscode":"54039","tnmfrc":3,"us_route":null,"us_route_a":null,"us_route_b":null,"us_route_c":null},"type":"Feature"},{"geometry":{"coordinates":[[-81.650981,38.354902],[-81.651331,38.35515],[-81.651785,38.355454],[-81.652132,38.355664],[-81.652576,38.355917],[-81.65303,38.356158],[-81.653383,38.356328],[-81.653916,38.356561],[-81.654995,38.35699],[-81.655901,38.357369],[-81.656338,38.357566],[-81.656767,38.357776],[-81.657597,38.358216],[-81.657739,38.358302],[-81.658142,38.35857]],"type":"LineString"},"id":"REF-KANAWHA-CONNECTING-ROADS-231","properties":{"canon_status":"REAL_REFERENCE","county_route":null,"federal_lands_route":null,"fictionality":"REAL","globalid":"{06142503-BA47-4ECA-9E61-56A3B6E0EF7D}","interstate":null,"interstate_a":null,"interstate_b":null,"interstate_c":null,"loaddate":1568217705000,"mtfcc_code":"S1200","name":"Maccorkle Ave SW","objectid":17472397,"permanent_identifier":"81c49369-159f-4f2e-bcb4-186e716c9bdd","real_world_relation":"REFERENCE_ONLY","shape_Length":955.6472789543633,"source_datadesc":"2016 January MAFTIGER","source_datasetid":"{9298FF95-0FA8-4712-9AA5-9292C907CA63}","source_featureid":"1101747018890","source_id":"REF-KANAWHA-CONNECTING-ROADS","source_originator":"U.S. Department of Commerce, U.S. Census Bureau, Geography Division","state_route":"61","state_route_a":"61","state_route_b":null,"state_route_c":null,"stco_fipscode":"54039","tnmfrc":3,"us_route":null,"us_route_a":null,"us_route_b":null,"us_route_c":null},"type":"Feature"},{"geometry":{"coordinates":[[-81.605305,38.347029],[-81.605299,38.347055],[-81.605266,38.347282],[-81.605223,38.347844],[-81.605156,38.348391],[-81.605107,38.348634],[-81.605067,38.348765],[-81.60497,38.349017]],"type":"LineString"},"id":"REF-KANAWHA-CONNECTING-ROADS-232","properties":{"canon_status":"REAL_REFERENCE","county_route":null,"federal_lands_route":null,"fictionality":"REAL","globalid":"{314F4046-FE96-4A67-8C73-F6FA5A5FEB4E}","interstate":null,"interstate_a":null,"interstate_b":null,"interstate_c":null,"loaddate":1474001570000,"mtfcc_code":"S1200","name":"Greenbrier St","objectid":17513372,"permanent_identifier":"c2e1bbbf-d47f-4434-9aaf-140d93c73242","real_world_relation":"REFERENCE_ONLY","shape_Length":285.5003399927676,"source_datadesc":"2016 January MAFTIGER","source_datasetid":"{9298FF95-0FA8-4712-9AA5-9292C907CA63}","source_featureid":"1101747019401","source_id":"REF-KANAWHA-CONNECTING-ROADS","source_originator":"U.S. Department of Commerce, U.S. Census Bureau, Geography Division","state_route":"114","state_route_a":"114","state_route_b":null,"state_route_c":null,"stco_fipscode":"54039","tnmfrc":3,"us_route":null,"us_route_a":null,"us_route_b":null,"us_route_c":null},"type":"Feature"},{"geometry":{"coordinates":[[-81.669369,38.362876],[-81.668836,38.362744]],"type":"LineString"},"id":"REF-KANAWHA-CONNECTING-ROADS-233","properties":{"canon_status":"REAL_REFERENCE","county_route":null,"federal_lands_route":null,"fictionality":"REAL","globalid":"{4BAAC58D-0746-4C2E-8330-D310CBE4C6A7}","interstate":null,"interstate_a":null,"interstate_b":null,"interstate_c":null,"loaddate":1474002150000,"mtfcc_code":"S1200","name":"Maccorkle Ave SW","objectid":17513718,"permanent_identifier":"2e0f721b-8999-473b-acd8-92ce3822e6e0","real_world_relation":"REFERENCE_ONLY","shape_Length":62.22249860762581,"source_datadesc":"2016 January MAFTIGER","source_datasetid":"{9298FF95-0FA8-4712-9AA5-9292C907CA63}","source_featureid":"1101747018889","source_id":"REF-KANAWHA-CONNECTING-ROADS","source_originator":"U.S. Department of Commerce, U.S. Census Bureau, Geography Division","state_route":"61","state_route_a":"61","state_route_b":null,"state_route_c":null,"stco_fipscode":"54039","tnmfrc":3,"us_route":null,"us_route_a":null,"us_route_b":null,"us_route_c":null},"type":"Feature"},{"geometry":{"coordinates":[[-81.452883,38.211869],[-81.453104,38.211724],[-81.453447,38.211523],[-81.453553,38.211454],[-81.453648,38.211373],[-81.453834,38.211179],[-81.453966,38.211059],[-81.454106,38.210958],[-81.454237,38.210885],[-81.454586,38.210733],[-81.454721,38.210661],[-81.454945,38.210511],[-81.455053,38.210444],[-81.45539,38.210244],[-81.455919,38.209911],[-81.456019,38.209848],[-81.457587,38.208836],[-81.45796,38.208589],[-81.458612,38.208138],[-81.459404,38.207599],[-81.459943,38.207255],[-81.460065,38.207166],[-81.460169,38.207071],[-81.460246,38.206978],[-81.460469,38.20665],[-81.460537,38.206569],[-81.460691,38.20643],[-81.460803,38.206341],[-81.461335,38.205963],[-81.462503,38.205101],[-81.463064,38.20467],[-81.463222,38.204568],[-81.463469,38.20443],[-81.463766,38.204288],[-81.464176,38.204109],[-81.46442,38.204013],[-81.464782,38.203889],[-81.464989,38.203808],[-81.465116,38.203747],[-81.465203,38.203695],[-81.465328,38.203599],[-81.465477,38.203456],[-81.465614,38.203342],[-81.465805,38.203207],[-81.466004,38.203083],[-81.466159,38.202996],[-81.466195,38.202981],[-81.466342,38.202919],[-81.466826,38.202768],[-81.467029,38.202687],[-81.467854,38.202278],[-81.46846,38.201982],[-81.469485,38.201489],[-81.470155,38.201159],[-81.471045,38.20074]],"type":"LineString"},"id":"REF-KANAWHA-CONNECTING-ROADS-234","properties":{"canon_status":"REAL_REFERENCE","county_route":null,"federal_lands_route":null,"fictionality":"REAL","globalid":"{184F42BC-0322-4B3B-BDDA-CFCEB31B505B}","interstate":null,"interstate_a":null,"interstate_b":null,"interstate_c":null,"loaddate":1474003102000,"mtfcc_code":"S1200","name":"3rd Ave","objectid":17769454,"permanent_identifier":"8c06c2de-64fc-46b6-91e5-dfaaad6a3ed8","real_world_relation":"REFERENCE_ONLY","shape_Length":2586.4546211768757,"source_datadesc":"2016 January MAFTIGER","source_datasetid":"{9298FF95-0FA8-4712-9AA5-9292C907CA63}","source_featureid":"1104259509480","source_id":"REF-KANAWHA-CONNECTING-ROADS","source_originator":"U.S. Department of Commerce, U.S. Census Bureau, Geography Division","state_route":"61","state_route_a":"61","state_route_b":null,"state_route_c":null,"stco_fipscode":"54039","tnmfrc":3,"us_route":null,"us_route_a":null,"us_route_b":null,"us_route_c":null},"type":"Feature"},{"geometry":{"coordinates":[[-81.567145,38.293977],[-81.567255,38.293687]],"type":"LineString"},"id":"REF-KANAWHA-CONNECTING-ROADS-235","properties":{"canon_status":"REAL_REFERENCE","county_route":null,"federal_lands_route":null,"fictionality":"REAL","globalid":"{F5704BE5-3485-489A-9B0B-ED1190A9A512}","interstate":null,"interstate_a":null,"interstate_b":null,"interstate_c":null,"loaddate":1568217705000,"mtfcc_code":"S1200","name":"Maccorkle Ave SE","objectid":17856768,"permanent_identifier":"f238f65a-1e9d-45d2-a492-4cb5a019315b","real_world_relation":"REFERENCE_ONLY","shape_Length":42.91661340245035,"source_datadesc":"2018 May MAF/TIGER","source_datasetid":"{9298FF95-0FA8-4712-9AA5-9292C907CA63}","source_featureid":"1101747018888","source_id":"REF-KANAWHA-CONNECTING-ROADS","source_originator":"U.S. Department of Commerce, U.S. Census Bureau, Geography Division","state_route":"61","state_route_a":"61","state_route_b":null,"state_route_c":null,"stco_fipscode":"54039","tnmfrc":3,"us_route":null,"us_route_a":null,"us_route_b":null,"us_route_c":null},"type":"Feature"},{"geometry":{"coordinates":[[-81.564595,38.300158],[-81.56452,38.300344],[-81.564351,38.300769],[-81.564197,38.301152],[-81.564012,38.301595],[-81.563922,38.301824]],"type":"LineString"},"id":"REF-KANAWHA-CONNECTING-ROADS-236","properties":{"canon_status":"REAL_REFERENCE","county_route":null,"federal_lands_route":null,"fictionality":"REAL","globalid":"{BBE515BA-8574-4E62-80A8-4D11FBCB8650}","interstate":null,"interstate_a":null,"interstate_b":null,"interstate_c":null,"loaddate":1568217705000,"mtfcc_code":"S1200","name":"Maccorkle Ave SE","objectid":17856795,"permanent_identifier":"8e85a682-53d7-48d7-81f7-0ccb803974b0","real_world_relation":"REFERENCE_ONLY","shape_Length":247.91889850552298,"source_datadesc":"2016 January MAFTIGER","source_datasetid":"{9298FF95-0FA8-4712-9AA5-9292C907CA63}","source_featureid":"1101747018887","source_id":"REF-KANAWHA-CONNECTING-ROADS","source_originator":"U.S. Department of Commerce, U.S. Census Bureau, Geography Division","state_route":"61","state_route_a":"61","state_route_b":null,"state_route_c":null,"stco_fipscode":"54039","tnmfrc":3,"us_route":null,"us_route_a":null,"us_route_b":null,"us_route_c":null},"type":"Feature"},{"geometry":{"coordinates":[[-81.604782,38.218413],[-81.605225,38.219546]],"type":"LineString"},"id":"REF-KANAWHA-CONNECTING-ROADS-237","properties":{"canon_status":"REAL_REFERENCE","county_route":null,"federal_lands_route":null,"fictionality":"REAL","globalid":"{472C4D8E-CD1F-4487-A9FE-6CF9B983A476}","interstate":null,"interstate_a":null,"interstate_b":null,"interstate_c":null,"loaddate":1474002466000,"mtfcc_code":"S1200","name":"Lens Creek Rd","objectid":18154381,"permanent_identifier":"55c2e96c-cca4-4c08-95b8-c02b7ca3b427","real_world_relation":"REFERENCE_ONLY","shape_Length":167.93917550622137,"source_datadesc":"2016 January MAFTIGER","source_datasetid":"{9298FF95-0FA8-4712-9AA5-9292C907CA63}","source_featureid":"1104468897518","source_id":"REF-KANAWHA-CONNECTING-ROADS","source_originator":"U.S. Department of Commerce, U.S. Census Bureau, Geography Division","state_route":"94","state_route_a":"94","state_route_b":null,"state_route_c":null,"stco_fipscode":"54039","tnmfrc":3,"us_route":null,"us_route_a":null,"us_route_b":null,"us_route_c":null},"type":"Feature"},{"geometry":{"coordinates":[[-81.565772,38.242839],[-81.565746,38.2428],[-81.565718,38.242757],[-81.565658,38.242653],[-81.565592,38.24251]],"type":"LineString"},"id":"REF-KANAWHA-CONNECTING-ROADS-238","properties":{"canon_status":"REAL_REFERENCE","county_route":null,"federal_lands_route":null,"fictionality":"REAL","globalid":"{BF482AF3-880D-49F4-84A4-1EDA65B4712A}","interstate":null,"interstate_a":null,"interstate_b":null,"interstate_c":null,"loaddate":1474002766000,"mtfcc_code":"S1200","name":"Maccorkle Ave","objectid":18154412,"permanent_identifier":"27f20070-ceb5-49de-961f-fd1768f69c77","real_world_relation":"REFERENCE_ONLY","shape_Length":50.82722724612957,"source_datadesc":"2016 January MAFTIGER","source_datasetid":"{9298FF95-0FA8-4712-9AA5-9292C907CA63}","source_featureid":"1101747018872","source_id":"REF-KANAWHA-CONNECTING-ROADS","source_originator":"U.S. Department of Commerce, U.S. Census Bureau, Geography Division","state_route":"61","state_route_a":"61","state_route_b":null,"state_route_c":null,"stco_fipscode":"54039","tnmfrc":3,"us_route":null,"us_route_a":null,"us_route_b":null,"us_route_c":null},"type":"Feature"},{"geometry":{"coordinates":[[-81.566812,38.244873],[-81.566783,38.244817],[-81.566757,38.244583],[-81.566737,38.244446],[-81.566685,38.244266],[-81.566624,38.244116],[-81.566517,38.243925],[-81.566329,38.243636],[-81.566058,38.243254]],"type":"LineString"},"id":"REF-KANAWHA-CONNECTING-ROADS-239","properties":{"canon_status":"REAL_REFERENCE","county_route":null,"federal_lands_route":null,"fictionality":"REAL","globalid":"{0EEDCCC7-9339-47CC-8009-23D39808F9AA}","interstate":null,"interstate_a":null,"interstate_b":null,"interstate_c":null,"loaddate":1568217705000,"mtfcc_code":"S1200","name":"Maccorkle Ave","objectid":18242032,"permanent_identifier":"c91aeef4-d88c-49d6-9c54-3d3e5349fb94","real_world_relation":"REFERENCE_ONLY","shape_Length":247.4454423832916,"source_datadesc":"2016 January MAFTIGER","source_datasetid":"{9298FF95-0FA8-4712-9AA5-9292C907CA63}","source_featureid":"1101747018872","source_id":"REF-KANAWHA-CONNECTING-ROADS","source_originator":"U.S. Department of Commerce, U.S. Census Bureau, Geography Division","state_route":"61","state_route_a":"61","state_route_b":null,"state_route_c":null,"stco_fipscode":"54039","tnmfrc":3,"us_route":null,"us_route_a":null,"us_route_b":null,"us_route_c":null},"type":"Feature"},{"geometry":{"coordinates":[[-81.593616,38.32761],[-81.592522,38.327374],[-81.59189,38.327245],[-81.591707,38.327186]],"type":"LineString"},"id":"REF-KANAWHA-CONNECTING-ROADS-240","properties":{"canon_status":"REAL_REFERENCE","county_route":null,"federal_lands_route":null,"fictionality":"REAL","globalid":"{CFF6ECC0-CA4B-4476-8812-723EFD2D145D}","interstate":null,"interstate_a":null,"interstate_b":null,"interstate_c":null,"loaddate":1474001726000,"mtfcc_code":"S1200","name":"Maccorkle Ave SE","objectid":18411212,"permanent_identifier":"85e60450-cca8-4e95-a171-8375f7439db0","real_world_relation":"REFERENCE_ONLY","shape_Length":221.02538791263265,"source_datadesc":"2016 January MAFTIGER","source_datasetid":"{9298FF95-0FA8-4712-9AA5-9292C907CA63}","source_featureid":"1101747018888","source_id":"REF-KANAWHA-CONNECTING-ROADS","source_originator":"U.S. Department of Commerce, U.S. Census Bureau, Geography Division","state_route":"61","state_route_a":"61","state_route_b":null,"state_route_c":null,"stco_fipscode":"54039","tnmfrc":3,"us_route":null,"us_route_a":null,"us_route_b":null,"us_route_c":null},"type":"Feature"},{"geometry":{"coordinates":[[-81.561397,38.241798],[-81.561578,38.242047],[-81.561908,38.242567],[-81.561946,38.242616]],"type":"LineString"},"id":"REF-KANAWHA-CONNECTING-ROADS-241","properties":{"canon_status":"REAL_REFERENCE","county_route":null,"federal_lands_route":null,"fictionality":"REAL","globalid":"{2F338F7A-D886-46D5-A7A1-82A6DA3D1F4A}","interstate":null,"interstate_a":null,"interstate_b":null,"interstate_c":null,"loaddate":1474002730000,"mtfcc_code":"S1200","name":"Maccorkle Ave","objectid":18411605,"permanent_identifier":"6dc5a832-4b72-4afe-bcb2-9445081bf29d","real_world_relation":"REFERENCE_ONLY","shape_Length":131.12103252493387,"source_datadesc":"2016 January MAFTIGER","source_datasetid":"{9298FF95-0FA8-4712-9AA5-9292C907CA63}","source_featureid":"1101747018869","source_id":"REF-KANAWHA-CONNECTING-ROADS","source_originator":"U.S. Department of Commerce, U.S. Census Bureau, Geography Division","state_route":"61","state_route_a":"61","state_route_b":null,"state_route_c":null,"stco_fipscode":"54039","tnmfrc":3,"us_route":null,"us_route_a":null,"us_route_b":null,"us_route_c":null},"type":"Feature"},{"geometry":{"coordinates":[[-81.573363,38.272269],[-81.573385,38.272069],[-81.573766,38.269692]],"type":"LineString"},"id":"REF-KANAWHA-CONNECTING-ROADS-242","properties":{"canon_status":"REAL_REFERENCE","county_route":null,"federal_lands_route":null,"fictionality":"REAL","globalid":"{ED9B647A-9637-4FF7-9915-C9E4F801BF23}","interstate":null,"interstate_a":null,"interstate_b":null,"interstate_c":null,"loaddate":1474002633000,"mtfcc_code":"S1200","name":"Maccorkle Ave SE","objectid":18411630,"permanent_identifier":"8fe5dc08-70cb-4016-81b2-58f52d837e81","real_world_relation":"REFERENCE_ONLY","shape_Length":368.1616546029921,"source_datadesc":"2016 January MAFTIGER","source_datasetid":"{9298FF95-0FA8-4712-9AA5-9292C907CA63}","source_featureid":"1101747018886","source_id":"REF-KANAWHA-CONNECTING-ROADS","source_originator":"U.S. Department of Commerce, U.S. Census Bureau, Geography Division","state_route":"61","state_route_a":"61","state_route_b":null,"state_route_c":null,"stco_fipscode":"54039","tnmfrc":3,"us_route":null,"us_route_a":null,"us_route_b":null,"us_route_c":null},"type":"Feature"},{"geometry":{"coordinates":[[-81.665558,38.373084],[-81.665616,38.373126],[-81.665758,38.373216],[-81.665929,38.373312],[-81.666174,38.373433],[-81.666544,38.373589],[-81.666762,38.373688],[-81.666827,38.373718],[-81.667047,38.373831],[-81.667207,38.373921],[-81.667273,38.37396]],"type":"LineString"},"id":"REF-KANAWHA-CONNECTING-ROADS-243","properties":{"canon_status":"REAL_REFERENCE","county_route":null,"federal_lands_route":null,"fictionality":"REAL","globalid":"{9BC04BAC-B222-4343-BF29-8D19C94ECB0A}","interstate":null,"interstate_a":null,"interstate_b":null,"interstate_c":null,"loaddate":1474003011000,"mtfcc_code":"S1200","name":"7th Ave","objectid":18539521,"permanent_identifier":"f727db73-0e60-429c-9585-0f7495f9457d","real_world_relation":"REFERENCE_ONLY","shape_Length":228.3716125477788,"source_datadesc":"2016 January MAFTIGER","source_datasetid":"{9298FF95-0FA8-4712-9AA5-9292C907CA63}","source_featureid":"1101747012130","source_id":"REF-KANAWHA-CONNECTING-ROADS","source_originator":"U.S. Department of Commerce, U.S. Census Bureau, Geography Division","state_route":"25","state_route_a":"25","state_route_b":null,"state_route_c":null,"stco_fipscode":"54039","tnmfrc":3,"us_route":null,"us_route_a":null,"us_route_b":null,"us_route_c":null},"type":"Feature"},{"geometry":{"coordinates":[[-81.504925,38.196594],[-81.504571,38.196458]],"type":"LineString"},"id":"REF-KANAWHA-CONNECTING-ROADS-244","properties":{"canon_status":"REAL_REFERENCE","county_route":null,"federal_lands_route":null,"fictionality":"REAL","globalid":"{B3333469-59BE-4DEC-AA3E-7CDD578C1433}","interstate":null,"interstate_a":null,"interstate_b":null,"interstate_c":null,"loaddate":1474002766000,"mtfcc_code":"S1200","name":"Maccorkle Ave","objectid":18667623,"permanent_identifier":"00649c75-74c1-4780-8683-26927059b433","real_world_relation":"REFERENCE_ONLY","shape_Length":43.86366635908686,"source_datadesc":"2016 January MAFTIGER","source_datasetid":"{9298FF95-0FA8-4712-9AA5-9292C907CA63}","source_featureid":"1101747018866","source_id":"REF-KANAWHA-CONNECTING-ROADS","source_originator":"U.S. Department of Commerce, U.S. Census Bureau, Geography Division","state_route":"61","state_route_a":"61","state_route_b":null,"state_route_c":null,"stco_fipscode":"54039","tnmfrc":3,"us_route":null,"us_route_a":null,"us_route_b":null,"us_route_c":null},"type":"Feature"},{"geometry":{"coordinates":[[-81.650204,38.354438],[-81.649802,38.354137]],"type":"LineString"},"id":"REF-KANAWHA-CONNECTING-ROADS-245","properties":{"canon_status":"REAL_REFERENCE","county_route":null,"federal_lands_route":null,"fictionality":"REAL","globalid":"{FF40302C-9F9D-4C09-B8E9-FF2D426972C2}","interstate":null,"interstate_a":null,"interstate_b":null,"interstate_c":null,"loaddate":1568217705000,"mtfcc_code":"S1200","name":"Maccorkle Ave SW","objectid":18883242,"permanent_identifier":"9f8d7203-e471-4be3-b325-6468299285c1","real_world_relation":"REFERENCE_ONLY","shape_Length":61.87337446280683,"source_datadesc":"2016 January MAFTIGER","source_datasetid":"{9298FF95-0FA8-4712-9AA5-9292C907CA63}","source_featureid":"1101747018889","source_id":"REF-KANAWHA-CONNECTING-ROADS","source_originator":"U.S. Department of Commerce, U.S. Census Bureau, Geography Division","state_route":"61","state_route_a":"61","state_route_b":null,"state_route_c":null,"stco_fipscode":"54039","tnmfrc":3,"us_route":null,"us_route_a":null,"us_route_b":null,"us_route_c":null},"type":"Feature"},{"geometry":{"coordinates":[[-81.613486,38.20112],[-81.613349,38.201216]],"type":"LineString"},"id":"REF-KANAWHA-CONNECTING-ROADS-246","properties":{"canon_status":"REAL_REFERENCE","county_route":null,"federal_lands_route":null,"fictionality":"REAL","globalid":"{4244479F-0E3D-4EC8-87FB-787F3555FA06}","interstate":null,"interstate_a":null,"interstate_b":null,"interstate_c":null,"loaddate":1474001298000,"mtfcc_code":"S1200","name":"State Rte 94","objectid":18923948,"permanent_identifier":"54011a77-f373-4f40-8399-6bae32b3725a","real_world_relation":"REFERENCE_ONLY","shape_Length":20.433298842427735,"source_datadesc":"2016 January MAFTIGER","source_datasetid":"{9298FF95-0FA8-4712-9AA5-9292C907CA63}","source_featureid":"1101747011792","source_id":"REF-KANAWHA-CONNECTING-ROADS","source_originator":"U.S. Department of Commerce, U.S. Census Bureau, Geography Division","state_route":"94","state_route_a":"94","state_route_b":null,"state_route_c":null,"stco_fipscode":"54039","tnmfrc":3,"us_route":null,"us_route_a":null,"us_route_b":null,"us_route_c":null},"type":"Feature"},{"geometry":{"coordinates":[[-81.564077,38.311383],[-81.564507,38.311642],[-81.565233,38.312065],[-81.565821,38.312394],[-81.566712,38.312918],[-81.566745,38.312938]],"type":"LineString"},"id":"REF-KANAWHA-CONNECTING-ROADS-247","properties":{"canon_status":"REAL_REFERENCE","county_route":null,"federal_lands_route":null,"fictionality":"REAL","globalid":"{A9258AEF-82A7-4951-9357-E2588AE87425}","interstate":null,"interstate_a":null,"interstate_b":null,"interstate_c":null,"loaddate":1568217705000,"mtfcc_code":"S1200","name":"Maccorkle Ave SE","objectid":19011704,"permanent_identifier":"5a5b33d3-41b0-4d3b-81c2-c68e83505103","real_world_relation":"REFERENCE_ONLY","shape_Length":369.9842826110308,"source_datadesc":"2018 May MAF/TIGER","source_datasetid":"{9298FF95-0FA8-4712-9AA5-9292C907CA63}","source_featureid":"1101747018887","source_id":"REF-KANAWHA-CONNECTING-ROADS","source_originator":"U.S. Department of Commerce, U.S. Census Bureau, Geography Division","state_route":"61","state_route_a":"61","state_route_b":null,"state_route_c":null,"stco_fipscode":"54039","tnmfrc":3,"us_route":null,"us_route_a":null,"us_route_b":null,"us_route_c":null},"type":"Feature"},{"geometry":{"coordinates":[[-81.612136,38.342009],[-81.611885,38.342231]],"type":"LineString"},"id":"REF-KANAWHA-CONNECTING-ROADS-248","properties":{"canon_status":"REAL_REFERENCE","county_route":null,"federal_lands_route":null,"fictionality":"REAL","globalid":"{D527E190-4A24-473C-B04A-AC72F4EF4902}","interstate":null,"interstate_a":null,"interstate_b":null,"interstate_c":null,"loaddate":1568217705000,"mtfcc_code":"S1200","name":"Greenbrier St","objectid":19011782,"permanent_identifier":"d4b2fd97-45ed-4ecd-aa22-b1c89a4bacba","real_world_relation":"REFERENCE_ONLY","shape_Length":42.11304825212061,"source_datadesc":"2016 January MAFTIGER","source_datasetid":"{9298FF95-0FA8-4712-9AA5-9292C907CA63}","source_featureid":"1101747019401","source_id":"REF-KANAWHA-CONNECTING-ROADS","source_originator":"U.S. Department of Commerce, U.S. Census Bureau, Geography Division","state_route":"114","state_route_a":"114","state_route_b":null,"state_route_c":null,"stco_fipscode":"54039","tnmfrc":3,"us_route":null,"us_route_a":null,"us_route_b":null,"us_route_c":null},"type":"Feature"},{"geometry":{"coordinates":[[-81.594645,38.327828],[-81.593616,38.32761]],"type":"LineString"},"id":"REF-KANAWHA-CONNECTING-ROADS-249","properties":{"canon_status":"REAL_REFERENCE","county_route":null,"federal_lands_route":null,"fictionality":"REAL","globalid":"{124BC129-8D59-482E-8963-91231047A18E}","interstate":null,"interstate_a":null,"interstate_b":null,"interstate_c":null,"loaddate":1474001726000,"mtfcc_code":"S1200","name":"Maccorkle Ave SE","objectid":19052667,"permanent_identifier":"b0b7c175-dd83-4b5c-994b-9d11f24e64fd","real_world_relation":"REFERENCE_ONLY","shape_Length":118.65142365766822,"source_datadesc":"2016 January MAFTIGER","source_datasetid":"{9298FF95-0FA8-4712-9AA5-9292C907CA63}","source_featureid":"1101747018888","source_id":"REF-KANAWHA-CONNECTING-ROADS","source_originator":"U.S. Department of Commerce, U.S. Census Bureau, Geography Division","state_route":"61","state_route_a":"61","state_route_b":null,"state_route_c":null,"stco_fipscode":"54039","tnmfrc":3,"us_route":null,"us_route_a":null,"us_route_b":null,"us_route_c":null},"type":"Feature"},{"geometry":{"coordinates":[[-81.565265,38.24066],[-81.565087,38.240906]],"type":"LineString"},"id":"REF-KANAWHA-CONNECTING-ROADS-250","properties":{"canon_status":"REAL_REFERENCE","county_route":null,"federal_lands_route":null,"fictionality":"REAL","globalid":"{A9E5CA36-483A-4F46-9032-F57E22CAF016}","interstate":null,"interstate_a":null,"interstate_b":null,"interstate_c":null,"loaddate":1474001298000,"mtfcc_code":"S1200","name":"State Rte 94","objectid":19052698,"permanent_identifier":"e4df133f-7c7e-4eb6-b52b-57716333220a","real_world_relation":"REFERENCE_ONLY","shape_Length":40.103567306112836,"source_datadesc":"2016 January MAFTIGER","source_datasetid":"{9298FF95-0FA8-4712-9AA5-9292C907CA63}","source_featureid":"1101747011790","source_id":"REF-KANAWHA-CONNECTING-ROADS","source_originator":"U.S. Department of Commerce, U.S. Census Bureau, Geography Division","state_route":"94","state_route_a":"94","state_route_b":null,"state_route_c":null,"stco_fipscode":"54039","tnmfrc":3,"us_route":null,"us_route_a":null,"us_route_b":null,"us_route_c":null},"type":"Feature"},{"geometry":{"coordinates":[[-81.60306,38.350813],[-81.602874,38.350896],[-81.602558,38.351026],[-81.60236,38.351096],[-81.602096,38.351174],[-81.601785,38.351252],[-81.601533,38.351304],[-81.601341,38.351336],[-81.601046,38.351366],[-81.600749,38.351387],[-81.600289,38.351407],[-81.599936,38.351443],[-81.599666,38.351487],[-81.599593,38.351504]],"type":"LineString"},"id":"REF-KANAWHA-CONNECTING-ROADS-251","properties":{"canon_status":"REAL_REFERENCE","county_route":null,"federal_lands_route":null,"fictionality":"REAL","globalid":"{7C62D6A1-67E7-4DC5-A0D2-9E1357A5DE1C}","interstate":null,"interstate_a":null,"interstate_b":null,"interstate_c":null,"loaddate":1474002869000,"mtfcc_code":"S1200","name":"Greenbrier St","objectid":19052769,"permanent_identifier":"8847f0af-2faf-4196-9b89-9d8fd0da4777","real_world_relation":"REFERENCE_ONLY","shape_Length":402.73219617323053,"source_datadesc":"2016 January MAFTIGER","source_datasetid":"{9298FF95-0FA8-4712-9AA5-9292C907CA63}","source_featureid":"1101747019400","source_id":"REF-KANAWHA-CONNECTING-ROADS","source_originator":"U.S. Department of Commerce, U.S. Census Bureau, Geography Division","state_route":"114","state_route_a":"114","state_route_b":null,"state_route_c":null,"stco_fipscode":"54039","tnmfrc":3,"us_route":null,"us_route_a":null,"us_route_b":null,"us_route_c":null},"type":"Feature"},{"geometry":{"coordinates":[[-81.565005,38.240856],[-81.56488,38.241001],[-81.564828,38.241061],[-81.56465,38.241233],[-81.564439,38.241405],[-81.564275,38.241521],[-81.564068,38.241646],[-81.563815,38.241779],[-81.563733,38.241818],[-81.563422,38.241963],[-81.563256,38.242037],[-81.562678,38.242295],[-81.562249,38.242484],[-81.561946,38.242616]],"type":"LineString"},"id":"REF-KANAWHA-CONNECTING-ROADS-252","properties":{"canon_status":"REAL_REFERENCE","county_route":null,"federal_lands_route":null,"fictionality":"REAL","globalid":"{9BFE0398-0B07-4695-91A5-969438EED662}","interstate":null,"interstate_a":null,"interstate_b":null,"interstate_c":null,"loaddate":1474001298000,"mtfcc_code":"S1200","name":"State Rte 94","objectid":19053066,"permanent_identifier":"6e45bf4b-0f6b-4b94-88ab-86a33c893a6a","real_world_relation":"REFERENCE_ONLY","shape_Length":427.415593341339,"source_datadesc":"2016 January MAFTIGER","source_datasetid":"{9298FF95-0FA8-4712-9AA5-9292C907CA63}","source_featureid":"1101747011791","source_id":"REF-KANAWHA-CONNECTING-ROADS","source_originator":"U.S. Department of Commerce, U.S. Census Bureau, Geography Division","state_route":"94","state_route_a":"94","state_route_b":null,"state_route_c":null,"stco_fipscode":"54039","tnmfrc":3,"us_route":null,"us_route_a":null,"us_route_b":null,"us_route_c":null},"type":"Feature"},{"geometry":{"coordinates":[[-81.53854,38.22514],[-81.538165,38.224857],[-81.538073,38.224787]],"type":"LineString"},"id":"REF-KANAWHA-CONNECTING-ROADS-253","properties":{"canon_status":"REAL_REFERENCE","county_route":null,"federal_lands_route":null,"fictionality":"REAL","globalid":"{8511E350-6E11-4738-BBE2-34EE785B3C41}","interstate":null,"interstate_a":null,"interstate_b":null,"interstate_c":null,"loaddate":1474002619000,"mtfcc_code":"S1200","name":"Maccorkle Ave","objectid":19180546,"permanent_identifier":"52f3ab27-6191-4780-812f-b75e7f96f574","real_world_relation":"REFERENCE_ONLY","shape_Length":72.14339337029378,"source_datadesc":"2016 January MAFTIGER","source_datasetid":"{9298FF95-0FA8-4712-9AA5-9292C907CA63}","source_featureid":"1101747018871","source_id":"REF-KANAWHA-CONNECTING-ROADS","source_originator":"U.S. Department of Commerce, U.S. Census Bureau, Geography Division","state_route":"61","state_route_a":"61","state_route_b":null,"state_route_c":null,"stco_fipscode":"54039","tnmfrc":3,"us_route":null,"us_route_a":null,"us_route_b":null,"us_route_c":null},"type":"Feature"},{"geometry":{"coordinates":[[-81.650378,38.354567],[-81.650204,38.354438]],"type":"LineString"},"id":"REF-KANAWHA-CONNECTING-ROADS-254","properties":{"canon_status":"REAL_REFERENCE","county_route":null,"federal_lands_route":null,"fictionality":"REAL","globalid":"{4EA6A22D-8ED9-44A2-862F-A2116E896FCC}","interstate":null,"interstate_a":null,"interstate_b":null,"interstate_c":null,"loaddate":1568217705000,"mtfcc_code":"S1200","name":"Maccorkle Ave SW","objectid":19396011,"permanent_identifier":"83a8cb52-9247-45b8-8600-11aef3562545","real_world_relation":"REFERENCE_ONLY","shape_Length":26.655613579893068,"source_datadesc":"2016 January MAFTIGER","source_datasetid":"{9298FF95-0FA8-4712-9AA5-9292C907CA63}","source_featureid":"1101747018889","source_id":"REF-KANAWHA-CONNECTING-ROADS","source_originator":"U.S. Department of Commerce, U.S. Census Bureau, Geography Division","state_route":"61","state_route_a":"61","state_route_b":null,"state_route_c":null,"stco_fipscode":"54039","tnmfrc":3,"us_route":null,"us_route_a":null,"us_route_b":null,"us_route_c":null},"type":"Feature"},{"geometry":{"coordinates":[[-81.56977,38.375485],[-81.570009,38.375382],[-81.57005,38.375364]],"type":"LineString"},"id":"REF-KANAWHA-CONNECTING-ROADS-255","properties":{"canon_status":"REAL_REFERENCE","county_route":null,"federal_lands_route":null,"fictionality":"REAL","globalid":"{1D150827-F8D5-40B8-AA5B-C525B396185F}","interstate":null,"interstate_a":null,"interstate_b":null,"interstate_c":null,"loaddate":1568217705000,"mtfcc_code":"S1200","name":"Greenbrier St","objectid":19396116,"permanent_identifier":"2cc1a310-0de1-4472-ac18-16fedf80689b","real_world_relation":"REFERENCE_ONLY","shape_Length":35.591412892867844,"source_datadesc":"2016 January MAFTIGER","source_datasetid":"{9298FF95-0FA8-4712-9AA5-9292C907CA63}","source_featureid":"1101747019399","source_id":"REF-KANAWHA-CONNECTING-ROADS","source_originator":"U.S. Department of Commerce, U.S. Census Bureau, Geography Division","state_route":"114","state_route_a":"114","state_route_b":null,"state_route_c":null,"stco_fipscode":"54039","tnmfrc":3,"us_route":null,"us_route_a":null,"us_route_b":null,"us_route_c":null},"type":"Feature"},{"geometry":{"coordinates":[[-81.5269,38.215559],[-81.526541,38.215171]],"type":"LineString"},"id":"REF-KANAWHA-CONNECTING-ROADS-256","properties":{"canon_status":"REAL_REFERENCE","county_route":null,"federal_lands_route":null,"fictionality":"REAL","globalid":"{0EF2BC77-4441-4ABF-973C-25EC5AD7E02D}","interstate":null,"interstate_a":null,"interstate_b":null,"interstate_c":null,"loaddate":1474002619000,"mtfcc_code":"S1200","name":"Maccorkle Ave","objectid":19437076,"permanent_identifier":"27a9b051-f146-4612-8b19-1f924d91dd2f","real_world_relation":"REFERENCE_ONLY","shape_Length":67.96438793922458,"source_datadesc":"2016 January MAFTIGER","source_datasetid":"{9298FF95-0FA8-4712-9AA5-9292C907CA63}","source_featureid":"1101747018871","source_id":"REF-KANAWHA-CONNECTING-ROADS","source_originator":"U.S. Department of Commerce, U.S. Census Bureau, Geography Division","state_route":"61","state_route_a":"61","state_route_b":null,"state_route_c":null,"stco_fipscode":"54039","tnmfrc":3,"us_route":null,"us_route_a":null,"us_route_b":null,"us_route_c":null},"type":"Feature"},{"geometry":{"coordinates":[[-81.650334,38.354415],[-81.650506,38.354549]],"type":"LineString"},"id":"REF-KANAWHA-CONNECTING-ROADS-257","properties":{"canon_status":"REAL_REFERENCE","county_route":null,"federal_lands_route":null,"fictionality":"REAL","globalid":"{A0B1E9EA-ED1E-42CE-9352-0D1C600B0721}","interstate":null,"interstate_a":null,"interstate_b":null,"interstate_c":null,"loaddate":1568217705000,"mtfcc_code":"S1200","name":"Maccorkle Ave SW","objectid":19524030,"permanent_identifier":"d044072f-21e4-4b6f-8eda-91d130660875","real_world_relation":"REFERENCE_ONLY","shape_Length":26.989632520792217,"source_datadesc":"2016 January MAFTIGER","source_datasetid":"{9298FF95-0FA8-4712-9AA5-9292C907CA63}","source_featureid":"1101747018890","source_id":"REF-KANAWHA-CONNECTING-ROADS","source_originator":"U.S. Department of Commerce, U.S. Census Bureau, Geography Division","state_route":"61","state_route_a":"61","state_route_b":null,"state_route_c":null,"stco_fipscode":"54039","tnmfrc":3,"us_route":null,"us_route_a":null,"us_route_b":null,"us_route_c":null},"type":"Feature"},{"geometry":{"coordinates":[[-81.566494,38.376906],[-81.56665,38.376828]],"type":"LineString"},"id":"REF-KANAWHA-CONNECTING-ROADS-258","properties":{"canon_status":"REAL_REFERENCE","county_route":null,"federal_lands_route":null,"fictionality":"REAL","globalid":"{5007C3A2-1E8B-43C2-AF90-21AB3A4373B1}","interstate":null,"interstate_a":null,"interstate_b":null,"interstate_c":null,"loaddate":1568217705000,"mtfcc_code":"S1200","name":"Greenbrier St","objectid":19524133,"permanent_identifier":"2600559d-0fbe-4fd7-976f-9cf4ee928fd3","real_world_relation":"REFERENCE_ONLY","shape_Length":20.597330983602575,"source_datadesc":"2016 January MAFTIGER","source_datasetid":"{9298FF95-0FA8-4712-9AA5-9292C907CA63}","source_featureid":"1101747019399","source_id":"REF-KANAWHA-CONNECTING-ROADS","source_originator":"U.S. Department of Commerce, U.S. Census Bureau, Geography Division","state_route":"114","state_route_a":"114","state_route_b":null,"state_route_c":null,"stco_fipscode":"54039","tnmfrc":3,"us_route":null,"us_route_a":null,"us_route_b":null,"us_route_c":null},"type":"Feature"},{"geometry":{"coordinates":[[-81.563123,38.30929],[-81.563159,38.309512],[-81.563229,38.309856]],"type":"LineString"},"id":"REF-KANAWHA-CONNECTING-ROADS-259","properties":{"canon_status":"REAL_REFERENCE","county_route":null,"federal_lands_route":null,"fictionality":"REAL","globalid":"{5E1234AE-0EEC-4651-9765-92A870C57486}","interstate":null,"interstate_a":null,"interstate_b":null,"interstate_c":null,"loaddate":1474001492000,"mtfcc_code":"S1200","name":"Maccorkle Ave SE","objectid":19565020,"permanent_identifier":"8a2ade5c-72a5-435e-a6e1-db9df49943bb","real_world_relation":"REFERENCE_ONLY","shape_Length":81.1690426616284,"source_datadesc":"2016 January MAFTIGER","source_datasetid":"{9298FF95-0FA8-4712-9AA5-9292C907CA63}","source_featureid":"1101747018887","source_id":"REF-KANAWHA-CONNECTING-ROADS","source_originator":"U.S. Department of Commerce, U.S. Census Bureau, Geography Division","state_route":"61","state_route_a":"61","state_route_b":null,"state_route_c":null,"stco_fipscode":"54039","tnmfrc":3,"us_route":null,"us_route_a":null,"us_route_b":null,"us_route_c":null},"type":"Feature"},{"geometry":{"coordinates":[[-81.566564,38.295548],[-81.56672,38.295133],[-81.566924,38.294573],[-81.56706,38.294199],[-81.567145,38.293977]],"type":"LineString"},"id":"REF-KANAWHA-CONNECTING-ROADS-260","properties":{"canon_status":"REAL_REFERENCE","county_route":null,"federal_lands_route":null,"fictionality":"REAL","globalid":"{39772C88-54B4-4B64-89DD-EE717CA7CB39}","interstate":null,"interstate_a":null,"interstate_b":null,"interstate_c":null,"loaddate":1474001730000,"mtfcc_code":"S1200","name":"Maccorkle Ave SE","objectid":19565051,"permanent_identifier":"8394724c-e173-4631-beab-080662397e16","real_world_relation":"REFERENCE_ONLY","shape_Length":232.02798990954108,"source_datadesc":"2016 January MAFTIGER","source_datasetid":"{9298FF95-0FA8-4712-9AA5-9292C907CA63}","source_featureid":"1101747018888","source_id":"REF-KANAWHA-CONNECTING-ROADS","source_originator":"U.S. Department of Commerce, U.S. Census Bureau, Geography Division","state_route":"61","state_route_a":"61","state_route_b":null,"state_route_c":null,"stco_fipscode":"54039","tnmfrc":3,"us_route":null,"us_route_a":null,"us_route_b":null,"us_route_c":null},"type":"Feature"},{"geometry":{"coordinates":[[-81.576984,38.370746],[-81.57704,38.370719],[-81.577428,38.37051],[-81.577803,38.370288],[-81.578158,38.370064],[-81.57846,38.369857]],"type":"LineString"},"id":"REF-KANAWHA-CONNECTING-ROADS-261","properties":{"canon_status":"REAL_REFERENCE","county_route":null,"federal_lands_route":null,"fictionality":"REAL","globalid":"{B891332E-8209-45FD-BA9B-4DC60528B28A}","interstate":null,"interstate_a":null,"interstate_b":null,"interstate_c":null,"loaddate":1474003102000,"mtfcc_code":"S1200","name":"Greenbrier St","objectid":19565060,"permanent_identifier":"4363c0ba-de0a-4bbd-a418-c6568d0cd163","real_world_relation":"REFERENCE_ONLY","shape_Length":207.41291839251645,"source_datadesc":"2016 January MAFTIGER","source_datasetid":"{9298FF95-0FA8-4712-9AA5-9292C907CA63}","source_featureid":"1101747019399","source_id":"REF-KANAWHA-CONNECTING-ROADS","source_originator":"U.S. Department of Commerce, U.S. Census Bureau, Geography Division","state_route":"114","state_route_a":"114","state_route_b":null,"state_route_c":null,"stco_fipscode":"54039","tnmfrc":3,"us_route":null,"us_route_a":null,"us_route_b":null,"us_route_c":null},"type":"Feature"},{"geometry":{"coordinates":[[-81.567403,38.237531],[-81.567182,38.237844],[-81.56698,38.238132]],"type":"LineString"},"id":"REF-KANAWHA-CONNECTING-ROADS-262","properties":{"canon_status":"REAL_REFERENCE","county_route":null,"federal_lands_route":null,"fictionality":"REAL","globalid":"{90B2D1B2-2DFC-4640-AC0C-C45386D6A73A}","interstate":null,"interstate_a":null,"interstate_b":null,"interstate_c":null,"loaddate":1474001298000,"mtfcc_code":"S1200","name":"State Rte 94","objectid":19565111,"permanent_identifier":"022c8983-e86a-4b59-95be-091c58695a27","real_world_relation":"REFERENCE_ONLY","shape_Length":97.3274560483529,"source_datadesc":"2016 January MAFTIGER","source_datasetid":"{9298FF95-0FA8-4712-9AA5-9292C907CA63}","source_featureid":"1101747011792","source_id":"REF-KANAWHA-CONNECTING-ROADS","source_originator":"U.S. Department of Commerce, U.S. Census Bureau, Geography Division","state_route":"94","state_route_a":"94","state_route_b":null,"state_route_c":null,"stco_fipscode":"54039","tnmfrc":3,"us_route":null,"us_route_a":null,"us_route_b":null,"us_route_c":null},"type":"Feature"},{"geometry":{"coordinates":[[-81.573654,38.316798],[-81.572352,38.316038]],"type":"LineString"},"id":"REF-KANAWHA-CONNECTING-ROADS-263","properties":{"canon_status":"REAL_REFERENCE","county_route":null,"federal_lands_route":null,"fictionality":"REAL","globalid":"{F7200050-2D60-40C4-B0C6-602A243EA97E}","interstate":null,"interstate_a":null,"interstate_b":null,"interstate_c":null,"loaddate":1568217705000,"mtfcc_code":"S1200","name":"Maccorkle Ave SE","objectid":19652284,"permanent_identifier":"19882309-7552-474b-890d-2f55fe36ee6b","real_world_relation":"REFERENCE_ONLY","shape_Length":180.64953335978234,"source_datadesc":"2016 January MAFTIGER","source_datasetid":"{9298FF95-0FA8-4712-9AA5-9292C907CA63}","source_featureid":"1101747018888","source_id":"REF-KANAWHA-CONNECTING-ROADS","source_originator":"U.S. Department of Commerce, U.S. Census Bureau, Geography Division","state_route":"61","state_route_a":"61","state_route_b":null,"state_route_c":null,"stco_fipscode":"54039","tnmfrc":3,"us_route":null,"us_route_a":null,"us_route_b":null,"us_route_c":null},"type":"Feature"},{"geometry":{"coordinates":[[-81.622009,38.333887],[-81.621132,38.333494],[-81.620968,38.33342],[-81.620377,38.333145],[-81.620246,38.333088],[-81.619777,38.332883],[-81.619291,38.332682],[-81.61893,38.33255],[-81.61852,38.332399],[-81.618236,38.332295],[-81.617599,38.332068],[-81.616451,38.331697],[-81.615876,38.331515],[-81.615571,38.33143],[-81.614918,38.331224],[-81.614541,38.331118],[-81.614064,38.330991],[-81.613306,38.330772],[-81.612413,38.330514],[-81.611384,38.33022],[-81.611127,38.330147],[-81.610159,38.329867],[-81.609177,38.329583],[-81.608302,38.32933],[-81.607563,38.329135],[-81.607057,38.329025],[-81.60688,38.328992],[-81.606631,38.328946],[-81.605978,38.328841],[-81.605531,38.328781],[-81.605068,38.328733],[-81.604687,38.328705]],"type":"LineString"},"id":"REF-KANAWHA-CONNECTING-ROADS-264","properties":{"canon_status":"REAL_REFERENCE","county_route":null,"federal_lands_route":null,"fictionality":"REAL","globalid":"{6A1B1DE9-0FE2-4702-98E4-5BAE368681A2}","interstate":null,"interstate_a":null,"interstate_b":null,"interstate_c":null,"loaddate":1474001726000,"mtfcc_code":"S1200","name":"Maccorkle Ave SE","objectid":19693470,"permanent_identifier":"5ee46a72-a126-4cb6-9c26-cef48b1d9667","real_world_relation":"REFERENCE_ONLY","shape_Length":2074.013808762833,"source_datadesc":"2016 January MAFTIGER","source_datasetid":"{9298FF95-0FA8-4712-9AA5-9292C907CA63}","source_featureid":"1101747018888","source_id":"REF-KANAWHA-CONNECTING-ROADS","source_originator":"U.S. Department of Commerce, U.S. Census Bureau, Geography Division","state_route":"61","state_route_a":"61","state_route_b":null,"state_route_c":null,"stco_fipscode":"54039","tnmfrc":3,"us_route":null,"us_route_a":null,"us_route_b":null,"us_route_c":null},"type":"Feature"},{"geometry":{"coordinates":[[-81.662507,38.360932],[-81.663876,38.361302],[-81.66494,38.36159]],"type":"LineString"},"id":"REF-KANAWHA-CONNECTING-ROADS-265","properties":{"canon_status":"REAL_REFERENCE","county_route":null,"federal_lands_route":null,"fictionality":"REAL","globalid":"{B3E79D14-4F87-4B57-8371-9A2B345E09F0}","interstate":null,"interstate_a":null,"interstate_b":null,"interstate_c":null,"loaddate":1568217705000,"mtfcc_code":"S1200","name":"Maccorkle Ave SW","objectid":19780432,"permanent_identifier":"b5bc61e5-5351-47a9-9823-4d15e5d859a5","real_world_relation":"REFERENCE_ONLY","shape_Length":286.4977223166748,"source_datadesc":"2018 May MAF/TIGER","source_datasetid":"{9298FF95-0FA8-4712-9AA5-9292C907CA63}","source_featureid":"1101747018890","source_id":"REF-KANAWHA-CONNECTING-ROADS","source_originator":"U.S. Department of Commerce, U.S. Census Bureau, Geography Division","state_route":"61","state_route_a":"61","state_route_b":null,"state_route_c":null,"stco_fipscode":"54039","tnmfrc":3,"us_route":null,"us_route_a":null,"us_route_b":null,"us_route_c":null},"type":"Feature"},{"geometry":{"coordinates":[[-81.504083,38.196288],[-81.504035,38.196274]],"type":"LineString"},"id":"REF-KANAWHA-CONNECTING-ROADS-266","properties":{"canon_status":"REAL_REFERENCE","county_route":null,"federal_lands_route":null,"fictionality":"REAL","globalid":"{1613F0FC-DE55-41E5-A30F-756384E4988B}","interstate":null,"interstate_a":null,"interstate_b":null,"interstate_c":null,"loaddate":1474002766000,"mtfcc_code":"S1200","name":"Maccorkle Ave","objectid":19821279,"permanent_identifier":"b7b97b18-ca43-4776-a362-9c101acb33f1","real_world_relation":"REFERENCE_ONLY","shape_Length":5.699398553336826,"source_datadesc":"2016 January MAFTIGER","source_datasetid":"{9298FF95-0FA8-4712-9AA5-9292C907CA63}","source_featureid":"1101747018866","source_id":"REF-KANAWHA-CONNECTING-ROADS","source_originator":"U.S. Department of Commerce, U.S. Census Bureau, Geography Division","state_route":"61","state_route_a":"61","state_route_b":null,"state_route_c":null,"stco_fipscode":"54039","tnmfrc":3,"us_route":null,"us_route_a":null,"us_route_b":null,"us_route_c":null},"type":"Feature"},{"geometry":{"coordinates":[[-81.542994,38.228558],[-81.542617,38.228286]],"type":"LineString"},"id":"REF-KANAWHA-CONNECTING-ROADS-267","properties":{"canon_status":"REAL_REFERENCE","county_route":null,"federal_lands_route":null,"fictionality":"REAL","globalid":"{B68169FD-EE8D-49FA-BD91-0C8A0CC375D5}","interstate":null,"interstate_a":null,"interstate_b":null,"interstate_c":null,"loaddate":1474002619000,"mtfcc_code":"S1200","name":"Maccorkle Ave","objectid":19950280,"permanent_identifier":"3442d6dd-f28d-4ec6-8d51-f2931c6c171b","real_world_relation":"REFERENCE_ONLY","shape_Length":56.98228121276885,"source_datadesc":"2016 January MAFTIGER","source_datasetid":"{9298FF95-0FA8-4712-9AA5-9292C907CA63}","source_featureid":"1101747018871","source_id":"REF-KANAWHA-CONNECTING-ROADS","source_originator":"U.S. Department of Commerce, U.S. Census Bureau, Geography Division","state_route":"61","state_route_a":"61","state_route_b":null,"state_route_c":null,"stco_fipscode":"54039","tnmfrc":3,"us_route":null,"us_route_a":null,"us_route_b":null,"us_route_c":null},"type":"Feature"},{"geometry":{"coordinates":[[-81.563308,38.306126],[-81.563306,38.305756],[-81.563325,38.305449],[-81.563341,38.305045]],"type":"LineString"},"id":"REF-KANAWHA-CONNECTING-ROADS-268","properties":{"canon_status":"REAL_REFERENCE","county_route":null,"federal_lands_route":null,"fictionality":"REAL","globalid":"{035C0C61-78CE-4CB5-9D05-A7C253C2FF65}","interstate":null,"interstate_a":null,"interstate_b":null,"interstate_c":null,"loaddate":1568217705000,"mtfcc_code":"S1200","name":"Maccorkle Ave SE","objectid":20037012,"permanent_identifier":"f2ac0e2e-0352-4ae1-8adb-8fa75cd93c93","real_world_relation":"REFERENCE_ONLY","shape_Length":153.4297728719152,"source_datadesc":"2016 January MAFTIGER","source_datasetid":"{9298FF95-0FA8-4712-9AA5-9292C907CA63}","source_featureid":"1101747018888","source_id":"REF-KANAWHA-CONNECTING-ROADS","source_originator":"U.S. Department of Commerce, U.S. Census Bureau, Geography Division","state_route":"61","state_route_a":"61","state_route_b":null,"state_route_c":null,"stco_fipscode":"54039","tnmfrc":3,"us_route":null,"us_route_a":null,"us_route_b":null,"us_route_c":null},"type":"Feature"},{"geometry":{"coordinates":[[-81.581782,38.366578],[-81.581822,38.366546]],"type":"LineString"},"id":"REF-KANAWHA-CONNECTING-ROADS-269","properties":{"canon_status":"REAL_REFERENCE","county_route":null,"federal_lands_route":null,"fictionality":"REAL","globalid":"{34A21DE8-994D-4AF6-A1E8-5CCDD7651E34}","interstate":null,"interstate_a":null,"interstate_b":null,"interstate_c":null,"loaddate":1474003102000,"mtfcc_code":"S1200","name":"Greenbrier St","objectid":20206461,"permanent_identifier":"2e89cee8-1337-401c-9af6-5d61f1c6bc27","real_world_relation":"REFERENCE_ONLY","shape_Length":6.3615966057283035,"source_datadesc":"2016 January MAFTIGER","source_datasetid":"{9298FF95-0FA8-4712-9AA5-9292C907CA63}","source_featureid":"1101747019399","source_id":"REF-KANAWHA-CONNECTING-ROADS","source_originator":"U.S. Department of Commerce, U.S. Census Bureau, Geography Division","state_route":"114","state_route_a":"114","state_route_b":null,"state_route_c":null,"stco_fipscode":"54039","tnmfrc":3,"us_route":null,"us_route_a":null,"us_route_b":null,"us_route_c":null},"type":"Feature"},{"geometry":{"coordinates":[[-81.637764,38.346164],[-81.637867,38.346266],[-81.637935,38.346324]],"type":"LineString"},"id":"REF-KANAWHA-CONNECTING-ROADS-270","properties":{"canon_status":"REAL_REFERENCE","county_route":null,"federal_lands_route":null,"fictionality":"REAL","globalid":"{4EA7757A-F0A6-4D4B-8F75-83FFA4D7F1B9}","interstate":null,"interstate_a":null,"interstate_b":null,"interstate_c":null,"loaddate":1474001493000,"mtfcc_code":"S1200","name":"Maccorkle Ave SE","objectid":20206507,"permanent_identifier":"962f24e0-c3a8-4b8d-b620-59e06932e51f","real_world_relation":"REFERENCE_ONLY","shape_Length":29.651770530176705,"source_datadesc":"2016 January MAFTIGER","source_datasetid":"{9298FF95-0FA8-4712-9AA5-9292C907CA63}","source_featureid":"1101747018887","source_id":"REF-KANAWHA-CONNECTING-ROADS","source_originator":"U.S. Department of Commerce, U.S. Census Bureau, Geography Division","state_route":"61","state_route_a":"61","state_route_b":null,"state_route_c":null,"stco_fipscode":"54039","tnmfrc":3,"us_route":null,"us_route_a":null,"us_route_b":null,"us_route_c":null},"type":"Feature"},{"geometry":{"coordinates":[[-81.599593,38.351504],[-81.599412,38.351556],[-81.599239,38.351621],[-81.599105,38.351681],[-81.598911,38.351787],[-81.59876,38.351887],[-81.59862,38.351998],[-81.598493,38.352119],[-81.59838,38.352247],[-81.598273,38.352401],[-81.59818,38.352566],[-81.598103,38.352737],[-81.597798,38.353671],[-81.597485,38.354563],[-81.597377,38.354814],[-81.597252,38.35506],[-81.59714,38.355253],[-81.596897,38.355598],[-81.596588,38.356004],[-81.595945,38.356845],[-81.595259,38.357718],[-81.595159,38.357853]],"type":"LineString"},"id":"REF-KANAWHA-CONNECTING-ROADS-271","properties":{"canon_status":"REAL_REFERENCE","county_route":null,"federal_lands_route":null,"fictionality":"REAL","globalid":"{4CCE5B89-6D58-42F5-AF3B-B03D8B83A3FA}","interstate":null,"interstate_a":null,"interstate_b":null,"interstate_c":null,"loaddate":1474002869000,"mtfcc_code":"S1200","name":"Greenbrier St","objectid":20334205,"permanent_identifier":"ba56bc73-f416-4c4d-8914-501d2859bd65","real_world_relation":"REFERENCE_ONLY","shape_Length":1054.5570074538598,"source_datadesc":"2016 January MAFTIGER","source_datasetid":"{9298FF95-0FA8-4712-9AA5-9292C907CA63}","source_featureid":"1101747019400","source_id":"REF-KANAWHA-CONNECTING-ROADS","source_originator":"U.S. Department of Commerce, U.S. Census Bureau, Geography Division","state_route":"114","state_route_a":"114","state_route_b":null,"state_route_c":null,"stco_fipscode":"54039","tnmfrc":3,"us_route":null,"us_route_a":null,"us_route_b":null,"us_route_c":null},"type":"Feature"},{"geometry":{"coordinates":[[-81.572352,38.316038],[-81.571051,38.315292]],"type":"LineString"},"id":"REF-KANAWHA-CONNECTING-ROADS-272","properties":{"canon_status":"REAL_REFERENCE","county_route":null,"federal_lands_route":null,"fictionality":"REAL","globalid":"{AB6C0AAA-09F3-4B3C-A826-935F2AAE3AC8}","interstate":null,"interstate_a":null,"interstate_b":null,"interstate_c":null,"loaddate":1568217705000,"mtfcc_code":"S1200","name":"Maccorkle Ave SE","objectid":20421021,"permanent_identifier":"148849e5-51d0-4c54-9819-12c0db50c47e","real_world_relation":"REFERENCE_ONLY","shape_Length":179.38026878173162,"source_datadesc":"2016 January MAFTIGER","source_datasetid":"{9298FF95-0FA8-4712-9AA5-9292C907CA63}","source_featureid":"1101747018888","source_id":"REF-KANAWHA-CONNECTING-ROADS","source_originator":"U.S. Department of Commerce, U.S. Census Bureau, Geography Division","state_route":"61","state_route_a":"61","state_route_b":null,"state_route_c":null,"stco_fipscode":"54039","tnmfrc":3,"us_route":null,"us_route_a":null,"us_route_b":null,"us_route_c":null},"type":"Feature"},{"geometry":{"coordinates":[[-81.496757,38.196101],[-81.496719,38.196354],[-81.496696,38.196472]],"type":"LineString"},"id":"REF-KANAWHA-CONNECTING-ROADS-273","properties":{"canon_status":"REAL_REFERENCE","county_route":null,"federal_lands_route":null,"fictionality":"REAL","globalid":"{0DF6D2FB-C71A-4BC4-9B47-1B95D7F35DF1}","interstate":null,"interstate_a":"","interstate_b":"","interstate_c":"","loaddate":1673511277000,"mtfcc_code":"S1400","name":"Admiral T.J. Lopez Bridge","objectid":20462054,"permanent_identifier":"6e6e2045-8f27-4bff-ada5-ae7e23b99fe1","real_world_relation":"REFERENCE_ONLY","shape_Length":52.99466512714124,"source_datadesc":"2016 January MAFTIGER","source_datasetid":"{9298FF95-0FA8-4712-9AA5-9292C907CA63}","source_featureid":"1101747030424","source_id":"REF-KANAWHA-CONNECTING-ROADS","source_originator":"U.S. Department of Commerce, U.S. Census Bureau, Geography Division","state_route":null,"state_route_a":"","state_route_b":"","state_route_c":"","stco_fipscode":"54039","tnmfrc":3,"us_route":null,"us_route_a":"","us_route_b":"","us_route_c":""},"type":"Feature"},{"geometry":{"coordinates":[[-81.496767,38.196039],[-81.496757,38.196101]],"type":"LineString"},"id":"REF-KANAWHA-CONNECTING-ROADS-274","properties":{"canon_status":"REAL_REFERENCE","county_route":null,"federal_lands_route":null,"fictionality":"REAL","globalid":"{CBBA5BC8-8B31-4F14-9B9C-69F342E5C474}","interstate":null,"interstate_a":"","interstate_b":"","interstate_c":"","loaddate":1673511277000,"mtfcc_code":"S1400","name":"Admiral T.J. Lopez Bridge","objectid":20590644,"permanent_identifier":"23e6d9d2-b0e5-4faf-bf9b-f4d93184d808","real_world_relation":"REFERENCE_ONLY","shape_Length":8.852273060366201,"source_datadesc":"2016 January MAFTIGER","source_datasetid":"{9298FF95-0FA8-4712-9AA5-9292C907CA63}","source_featureid":"1101747024704","source_id":"REF-KANAWHA-CONNECTING-ROADS","source_originator":"U.S. Department of Commerce, U.S. Census Bureau, Geography Division","state_route":null,"state_route_a":"","state_route_b":"","state_route_c":"","stco_fipscode":"54039","tnmfrc":3,"us_route":null,"us_route_a":"","us_route_b":"","us_route_c":""},"type":"Feature"},{"geometry":{"coordinates":[[-81.621931,38.333981],[-81.622293,38.334145]],"type":"LineString"},"id":"REF-KANAWHA-CONNECTING-ROADS-275","properties":{"canon_status":"REAL_REFERENCE","county_route":null,"federal_lands_route":null,"fictionality":"REAL","globalid":"{F4D9746D-FC2E-4FAA-ADEA-8CD7990D4596}","interstate":null,"interstate_a":null,"interstate_b":null,"interstate_c":null,"loaddate":1474001493000,"mtfcc_code":"S1200","name":"Maccorkle Ave SE","objectid":20591051,"permanent_identifier":"dfd47ad2-d261-45ef-a4db-e75e2983203c","real_world_relation":"REFERENCE_ONLY","shape_Length":46.53579586641129,"source_datadesc":"2016 January MAFTIGER","source_datasetid":"{9298FF95-0FA8-4712-9AA5-9292C907CA63}","source_featureid":"1101747018887","source_id":"REF-KANAWHA-CONNECTING-ROADS","source_originator":"U.S. Department of Commerce, U.S. Census Bureau, Geography Division","state_route":"61","state_route_a":"61","state_route_b":null,"state_route_c":null,"stco_fipscode":"54039","tnmfrc":3,"us_route":null,"us_route_a":null,"us_route_b":null,"us_route_c":null},"type":"Feature"},{"geometry":{"coordinates":[[-81.563107,38.309093],[-81.563123,38.30929]],"type":"LineString"},"id":"REF-KANAWHA-CONNECTING-ROADS-276","properties":{"canon_status":"REAL_REFERENCE","county_route":null,"federal_lands_route":null,"fictionality":"REAL","globalid":"{312B27E3-FDBF-4A00-A958-364DBF536AB2}","interstate":null,"interstate_a":null,"interstate_b":null,"interstate_c":null,"loaddate":1474001492000,"mtfcc_code":"S1200","name":"Maccorkle Ave SE","objectid":20591060,"permanent_identifier":"7a4e053f-7c7e-4c86-b4cd-f1cd5bda5720","real_world_relation":"REFERENCE_ONLY","shape_Length":28.00449682142983,"source_datadesc":"2016 January MAFTIGER","source_datasetid":"{9298FF95-0FA8-4712-9AA5-9292C907CA63}","source_featureid":"1101747018887","source_id":"REF-KANAWHA-CONNECTING-ROADS","source_originator":"U.S. Department of Commerce, U.S. Census Bureau, Geography Division","state_route":"61","state_route_a":"61","state_route_b":null,"state_route_c":null,"stco_fipscode":"54039","tnmfrc":3,"us_route":null,"us_route_a":null,"us_route_b":null,"us_route_c":null},"type":"Feature"},{"geometry":{"coordinates":[[-81.633674,38.342121],[-81.633207,38.341692],[-81.632271,38.340779],[-81.631454,38.339997],[-81.631008,38.339584],[-81.630782,38.339379],[-81.63041,38.339056],[-81.629968,38.338697],[-81.629767,38.338543]],"type":"LineString"},"id":"REF-KANAWHA-CONNECTING-ROADS-277","properties":{"canon_status":"REAL_REFERENCE","county_route":null,"federal_lands_route":null,"fictionality":"REAL","globalid":"{56D52421-D99F-493C-90AE-9C605FC7EB61}","interstate":null,"interstate_a":null,"interstate_b":null,"interstate_c":null,"loaddate":1474001726000,"mtfcc_code":"S1200","name":"Maccorkle Ave SE","objectid":20718766,"permanent_identifier":"051234b9-6ed6-452a-853d-34dc8bc3208f","real_world_relation":"REFERENCE_ONLY","shape_Length":668.996078264476,"source_datadesc":"2016 January MAFTIGER","source_datasetid":"{9298FF95-0FA8-4712-9AA5-9292C907CA63}","source_featureid":"1101747018888","source_id":"REF-KANAWHA-CONNECTING-ROADS","source_originator":"U.S. Department of Commerce, U.S. Census Bureau, Geography Division","state_route":"61","state_route_a":"61","state_route_b":null,"state_route_c":null,"stco_fipscode":"54039","tnmfrc":3,"us_route":null,"us_route_a":null,"us_route_b":null,"us_route_c":null},"type":"Feature"},{"geometry":{"coordinates":[[-81.563207,38.306739],[-81.563184,38.307328]],"type":"LineString"},"id":"REF-KANAWHA-CONNECTING-ROADS-278","properties":{"canon_status":"REAL_REFERENCE","county_route":null,"federal_lands_route":null,"fictionality":"REAL","globalid":"{38C2842C-54CA-49CF-934D-57E4E03CE64E}","interstate":null,"interstate_a":null,"interstate_b":null,"interstate_c":null,"loaddate":1568217705000,"mtfcc_code":"S1200","name":"Maccorkle Ave SE","objectid":20806134,"permanent_identifier":"613fcc23-0882-4cdc-927c-e8f3532f1718","real_world_relation":"REFERENCE_ONLY","shape_Length":83.59621632868615,"source_datadesc":"2016 January MAFTIGER","source_datasetid":"{9298FF95-0FA8-4712-9AA5-9292C907CA63}","source_featureid":"1101747018887","source_id":"REF-KANAWHA-CONNECTING-ROADS","source_originator":"U.S. Department of Commerce, U.S. Census Bureau, Geography Division","state_route":"61","state_route_a":"61","state_route_b":null,"state_route_c":null,"stco_fipscode":"54039","tnmfrc":3,"us_route":null,"us_route_a":null,"us_route_b":null,"us_route_c":null},"type":"Feature"},{"geometry":{"coordinates":[[-81.56928,38.234452],[-81.569141,38.234648],[-81.569103,38.23471],[-81.569016,38.234852],[-81.567966,38.236657],[-81.567725,38.237055],[-81.567553,38.237316]],"type":"LineString"},"id":"REF-KANAWHA-CONNECTING-ROADS-279","properties":{"canon_status":"REAL_REFERENCE","county_route":null,"federal_lands_route":null,"fictionality":"REAL","globalid":"{9C304747-215C-485D-B97E-5A1F5022752E}","interstate":null,"interstate_a":null,"interstate_b":null,"interstate_c":null,"loaddate":1474001546000,"mtfcc_code":"S1200","name":"Lens Creek Rd","objectid":20847419,"permanent_identifier":"2f8c1eaa-ba2d-4c64-9ba7-2e2cc63d750e","real_world_relation":"REFERENCE_ONLY","shape_Length":449.24508758283025,"source_datadesc":"2016 January MAFTIGER","source_datasetid":"{9298FF95-0FA8-4712-9AA5-9292C907CA63}","source_featureid":"1104468896258","source_id":"REF-KANAWHA-CONNECTING-ROADS","source_originator":"U.S. Department of Commerce, U.S. Census Bureau, Geography Division","state_route":"94","state_route_a":"94","state_route_b":null,"state_route_c":null,"stco_fipscode":"54039","tnmfrc":3,"us_route":null,"us_route_a":null,"us_route_b":null,"us_route_c":null},"type":"Feature"},{"geometry":{"coordinates":[[-81.56977,38.31456],[-81.569307,38.314314],[-81.568856,38.314056],[-81.568491,38.313834]],"type":"LineString"},"id":"REF-KANAWHA-CONNECTING-ROADS-280","properties":{"canon_status":"REAL_REFERENCE","county_route":null,"federal_lands_route":null,"fictionality":"REAL","globalid":"{48021290-FCE5-4B14-8B8A-4CD90A2CD9D4}","interstate":null,"interstate_a":null,"interstate_b":null,"interstate_c":null,"loaddate":1568217705000,"mtfcc_code":"S1200","name":"Maccorkle Ave SE","objectid":20934673,"permanent_identifier":"d45f6f81-7bfc-4052-b89d-433e1b004f1b","real_world_relation":"REFERENCE_ONLY","shape_Length":175.7446672820048,"source_datadesc":"2018 May MAF/TIGER","source_datasetid":"{9298FF95-0FA8-4712-9AA5-9292C907CA63}","source_featureid":"1101747018888","source_id":"REF-KANAWHA-CONNECTING-ROADS","source_originator":"U.S. Department of Commerce, U.S. Census Bureau, Geography Division","state_route":"61","state_route_a":"61","state_route_b":null,"state_route_c":null,"stco_fipscode":"54039","tnmfrc":3,"us_route":null,"us_route_a":null,"us_route_b":null,"us_route_c":null},"type":"Feature"},{"geometry":{"coordinates":[[-81.563518,38.310486],[-81.563455,38.310315],[-81.563378,38.310064],[-81.56333,38.30986]],"type":"LineString"},"id":"REF-KANAWHA-CONNECTING-ROADS-281","properties":{"canon_status":"REAL_REFERENCE","county_route":null,"federal_lands_route":null,"fictionality":"REAL","globalid":"{0D2623C4-0C6F-43E5-BFE7-9C512F5A8866}","interstate":null,"interstate_a":null,"interstate_b":null,"interstate_c":null,"loaddate":1474001726000,"mtfcc_code":"S1200","name":"Maccorkle Ave SE","objectid":20975589,"permanent_identifier":"7119c9c5-29a7-41ba-a6c8-563c8aee38c6","real_world_relation":"REFERENCE_ONLY","shape_Length":91.30942298215453,"source_datadesc":"2016 January MAFTIGER","source_datasetid":"{9298FF95-0FA8-4712-9AA5-9292C907CA63}","source_featureid":"1101747018888","source_id":"REF-KANAWHA-CONNECTING-ROADS","source_originator":"U.S. Department of Commerce, U.S. Census Bureau, Geography Division","state_route":"61","state_route_a":"61","state_route_b":null,"state_route_c":null,"stco_fipscode":"54039","tnmfrc":3,"us_route":null,"us_route_a":null,"us_route_b":null,"us_route_c":null},"type":"Feature"},{"geometry":{"coordinates":[[-81.667351,38.362367],[-81.663639,38.361373],[-81.662686,38.361118],[-81.662418,38.361039]],"type":"LineString"},"id":"REF-KANAWHA-CONNECTING-ROADS-282","properties":{"canon_status":"REAL_REFERENCE","county_route":null,"federal_lands_route":null,"fictionality":"REAL","globalid":"{12675441-EA8E-4926-8EE8-D9DEE0A627EA}","interstate":null,"interstate_a":null,"interstate_b":null,"interstate_c":null,"loaddate":1568217705000,"mtfcc_code":"S1200","name":"Maccorkle Ave SW","objectid":21062809,"permanent_identifier":"c4212090-36c3-4a2d-b1c7-023d303554a8","real_world_relation":"REFERENCE_ONLY","shape_Length":580.616846919526,"source_datadesc":"2016 January MAFTIGER","source_datasetid":"{9298FF95-0FA8-4712-9AA5-9292C907CA63}","source_featureid":"1101747018889","source_id":"REF-KANAWHA-CONNECTING-ROADS","source_originator":"U.S. Department of Commerce, U.S. Census Bureau, Geography Division","state_route":"61","state_route_a":"61","state_route_b":null,"state_route_c":null,"stco_fipscode":"54039","tnmfrc":3,"us_route":null,"us_route_a":null,"us_route_b":null,"us_route_c":null},"type":"Feature"},{"geometry":{"coordinates":[[-81.450069,38.213698],[-81.450245,38.213582],[-81.450678,38.213315],[-81.450949,38.213162],[-81.451204,38.213018],[-81.451317,38.212951],[-81.451535,38.212824],[-81.451667,38.21274],[-81.451802,38.212655],[-81.451919,38.21257],[-81.452269,38.212263],[-81.45241,38.212149],[-81.452544,38.21206],[-81.452729,38.211961],[-81.452883,38.211869]],"type":"LineString"},"id":"REF-KANAWHA-CONNECTING-ROADS-283","properties":{"canon_status":"REAL_REFERENCE","county_route":null,"federal_lands_route":null,"fictionality":"REAL","globalid":"{81043FB9-6CE3-45B9-9B09-80ABBD1AE30E}","interstate":null,"interstate_a":null,"interstate_b":null,"interstate_c":null,"loaddate":1474003102000,"mtfcc_code":"S1200","name":"3rd Ave","objectid":21103204,"permanent_identifier":"7993338b-444d-42df-bf21-675701992fa5","real_world_relation":"REFERENCE_ONLY","shape_Length":407.72628479402505,"source_datadesc":"2016 January MAFTIGER","source_datasetid":"{9298FF95-0FA8-4712-9AA5-9292C907CA63}","source_featureid":"1104259509480","source_id":"REF-KANAWHA-CONNECTING-ROADS","source_originator":"U.S. Department of Commerce, U.S. Census Bureau, Geography Division","state_route":"61","state_route_a":"61","state_route_b":null,"state_route_c":null,"stco_fipscode":"54039","tnmfrc":3,"us_route":null,"us_route_a":null,"us_route_b":null,"us_route_c":null},"type":"Feature"},{"geometry":{"coordinates":[[-81.594571,38.229867],[-81.59452,38.229877],[-81.594461,38.229888]],"type":"LineString"},"id":"REF-KANAWHA-CONNECTING-ROADS-284","properties":{"canon_status":"REAL_REFERENCE","county_route":null,"federal_lands_route":null,"fictionality":"REAL","globalid":"{D47618F7-2402-4028-A040-8C67CBE587D6}","interstate":null,"interstate_a":null,"interstate_b":null,"interstate_c":null,"loaddate":1474001298000,"mtfcc_code":"S1200","name":"State Rte 94","objectid":21103227,"permanent_identifier":"d3a18185-1c70-4795-b68d-4d27cc2d75a6","real_world_relation":"REFERENCE_ONLY","shape_Length":12.60173610858221,"source_datadesc":"2016 January MAFTIGER","source_datasetid":"{9298FF95-0FA8-4712-9AA5-9292C907CA63}","source_featureid":"1101747011792","source_id":"REF-KANAWHA-CONNECTING-ROADS","source_originator":"U.S. Department of Commerce, U.S. Census Bureau, Geography Division","state_route":"94","state_route_a":"94","state_route_b":null,"state_route_c":null,"stco_fipscode":"54039","tnmfrc":3,"us_route":null,"us_route_a":null,"us_route_b":null,"us_route_c":null},"type":"Feature"},{"geometry":{"coordinates":[[-81.594083,38.22992],[-81.593988,38.22992],[-81.593638,38.229904],[-81.592484,38.229849],[-81.592123,38.229841],[-81.591809,38.229846],[-81.591412,38.229869],[-81.591156,38.229895]],"type":"LineString"},"id":"REF-KANAWHA-CONNECTING-ROADS-285","properties":{"canon_status":"REAL_REFERENCE","county_route":null,"federal_lands_route":null,"fictionality":"REAL","globalid":"{F5F9A3C0-B6BB-4AB7-B1B0-BF328F17C922}","interstate":null,"interstate_a":null,"interstate_b":null,"interstate_c":null,"loaddate":1474002986000,"mtfcc_code":"S1200","name":"Lens Creek Rd","objectid":21103263,"permanent_identifier":"673aebb8-0443-44f4-9370-6d46314b376f","real_world_relation":"REFERENCE_ONLY","shape_Length":326.5148429720068,"source_datadesc":"2016 January MAFTIGER","source_datasetid":"{9298FF95-0FA8-4712-9AA5-9292C907CA63}","source_featureid":"1104468979895","source_id":"REF-KANAWHA-CONNECTING-ROADS","source_originator":"U.S. Department of Commerce, U.S. Census Bureau, Geography Division","state_route":"94","state_route_a":"94","state_route_b":null,"state_route_c":null,"stco_fipscode":"54039","tnmfrc":3,"us_route":null,"us_route_a":null,"us_route_b":null,"us_route_c":null},"type":"Feature"},{"geometry":{"coordinates":[[-81.61321,38.340828],[-81.613041,38.341011],[-81.61302,38.341035],[-81.612951,38.341116]],"type":"LineString"},"id":"REF-KANAWHA-CONNECTING-ROADS-286","properties":{"canon_status":"REAL_REFERENCE","county_route":null,"federal_lands_route":null,"fictionality":"REAL","globalid":"{CA4CA1A0-E28A-4541-8907-9585101AA886}","interstate":null,"interstate_a":null,"interstate_b":null,"interstate_c":null,"loaddate":1568217705000,"mtfcc_code":"S1200","name":"Greenbrier St","objectid":21318247,"permanent_identifier":"591a7486-40ba-46f0-a537-ec562a918b83","real_world_relation":"REFERENCE_ONLY","shape_Length":49.95607506206881,"source_datadesc":"2018 May MAF/TIGER","source_datasetid":"{9298FF95-0FA8-4712-9AA5-9292C907CA63}","source_featureid":"1101747019401","source_id":"REF-KANAWHA-CONNECTING-ROADS","source_originator":"U.S. Department of Commerce, U.S. Census Bureau, Geography Division","state_route":"114","state_route_a":"114","state_route_b":null,"state_route_c":null,"stco_fipscode":"54039","tnmfrc":3,"us_route":null,"us_route_a":null,"us_route_b":null,"us_route_c":null},"type":"Feature"},{"geometry":{"coordinates":[[-81.485972,38.195122],[-81.48653,38.195088]],"type":"LineString"},"id":"REF-KANAWHA-CONNECTING-ROADS-287","properties":{"canon_status":"REAL_REFERENCE","county_route":null,"federal_lands_route":null,"fictionality":"REAL","globalid":"{D5357EBB-3FE0-4B5C-9CF1-CBE32EE61D4A}","interstate":null,"interstate_a":null,"interstate_b":null,"interstate_c":null,"loaddate":1474003102000,"mtfcc_code":"S1200","name":"3rd Ave","objectid":21359193,"permanent_identifier":"bab7f19a-c1ab-488c-983b-7e6b7c371f62","real_world_relation":"REFERENCE_ONLY","shape_Length":62.30270955957751,"source_datadesc":"2016 January MAFTIGER","source_datasetid":"{9298FF95-0FA8-4712-9AA5-9292C907CA63}","source_featureid":"1104259509480","source_id":"REF-KANAWHA-CONNECTING-ROADS","source_originator":"U.S. Department of Commerce, U.S. Census Bureau, Geography Division","state_route":"61","state_route_a":"61","state_route_b":null,"state_route_c":null,"stco_fipscode":"54039","tnmfrc":3,"us_route":null,"us_route_a":null,"us_route_b":null,"us_route_c":null},"type":"Feature"},{"geometry":{"coordinates":[[-81.537026,38.224003],[-81.536254,38.223444]],"type":"LineString"},"id":"REF-KANAWHA-CONNECTING-ROADS-288","properties":{"canon_status":"REAL_REFERENCE","county_route":null,"federal_lands_route":null,"fictionality":"REAL","globalid":"{BCD62411-B103-431B-AC42-5249DAC6398D}","interstate":null,"interstate_a":null,"interstate_b":null,"interstate_c":null,"loaddate":1474002619000,"mtfcc_code":"S1200","name":"Maccorkle Ave","objectid":21487587,"permanent_identifier":"7b0d474a-c80e-44a3-9e7a-5810cb519f61","real_world_relation":"REFERENCE_ONLY","shape_Length":116.8747874487797,"source_datadesc":"2016 January MAFTIGER","source_datasetid":"{9298FF95-0FA8-4712-9AA5-9292C907CA63}","source_featureid":"1101747018871","source_id":"REF-KANAWHA-CONNECTING-ROADS","source_originator":"U.S. Department of Commerce, U.S. Census Bureau, Geography Division","state_route":"61","state_route_a":"61","state_route_b":null,"state_route_c":null,"stco_fipscode":"54039","tnmfrc":3,"us_route":null,"us_route_a":null,"us_route_b":null,"us_route_c":null},"type":"Feature"},{"geometry":{"coordinates":[[-81.572489,38.253634],[-81.572477,38.253605]],"type":"LineString"},"id":"REF-KANAWHA-CONNECTING-ROADS-289","properties":{"canon_status":"REAL_REFERENCE","county_route":null,"federal_lands_route":null,"fictionality":"REAL","globalid":"{481FF004-8030-47A8-9C08-200E12CE0AA6}","interstate":null,"interstate_a":null,"interstate_b":null,"interstate_c":null,"loaddate":1474002633000,"mtfcc_code":"S1200","name":"Maccorkle Ave","objectid":21487623,"permanent_identifier":"3ef7872c-b681-4890-a1f7-b387db35b393","real_world_relation":"REFERENCE_ONLY","shape_Length":4.3225782416858385,"source_datadesc":"2016 January MAFTIGER","source_datasetid":"{9298FF95-0FA8-4712-9AA5-9292C907CA63}","source_featureid":"1101747018877","source_id":"REF-KANAWHA-CONNECTING-ROADS","source_originator":"U.S. Department of Commerce, U.S. Census Bureau, Geography Division","state_route":"61","state_route_a":"61","state_route_b":null,"state_route_c":null,"stco_fipscode":"54039","tnmfrc":3,"us_route":null,"us_route_a":null,"us_route_b":null,"us_route_c":null},"type":"Feature"},{"geometry":{"coordinates":[[-81.447843,38.214838],[-81.448906,38.214424],[-81.44912,38.214327],[-81.449356,38.214194]],"type":"LineString"},"id":"REF-KANAWHA-CONNECTING-ROADS-290","properties":{"canon_status":"REAL_REFERENCE","county_route":null,"federal_lands_route":null,"fictionality":"REAL","globalid":"{9DB62E73-2A50-4700-BFB8-43B7E5A5442E}","interstate":null,"interstate_a":null,"interstate_b":null,"interstate_c":null,"loaddate":1474003102000,"mtfcc_code":"S1200","name":"3rd Ave","objectid":21615145,"permanent_identifier":"73ce915f-5788-4ca6-a0e6-4abd9a8d69b4","real_world_relation":"REFERENCE_ONLY","shape_Length":191.9057170817574,"source_datadesc":"2016 January MAFTIGER","source_datasetid":"{9298FF95-0FA8-4712-9AA5-9292C907CA63}","source_featureid":"1104259509480","source_id":"REF-KANAWHA-CONNECTING-ROADS","source_originator":"U.S. Department of Commerce, U.S. Census Bureau, Geography Division","state_route":"61","state_route_a":"61","state_route_b":null,"state_route_c":null,"stco_fipscode":"54039","tnmfrc":3,"us_route":null,"us_route_a":null,"us_route_b":null,"us_route_c":null},"type":"Feature"},{"geometry":{"coordinates":[[-81.486662,38.195083],[-81.486827,38.195077],[-81.487224,38.195071],[-81.487279,38.19507]],"type":"LineString"},"id":"REF-KANAWHA-CONNECTING-ROADS-291","properties":{"canon_status":"REAL_REFERENCE","county_route":null,"federal_lands_route":null,"fictionality":"REAL","globalid":"{7E4BEBE9-5968-4DC2-89A7-5F2CD5DEBC50}","interstate":null,"interstate_a":null,"interstate_b":null,"interstate_c":null,"loaddate":1474003102000,"mtfcc_code":"S1200","name":"3rd Ave","objectid":21615175,"permanent_identifier":"da59ea8e-3965-43ad-89cc-a15b138718e3","real_world_relation":"REFERENCE_ONLY","shape_Length":68.7135612929473,"source_datadesc":"2016 January MAFTIGER","source_datasetid":"{9298FF95-0FA8-4712-9AA5-9292C907CA63}","source_featureid":"1104259509480","source_id":"REF-KANAWHA-CONNECTING-ROADS","source_originator":"U.S. Department of Commerce, U.S. Census Bureau, Geography Division","state_route":"61","state_route_a":"61","state_route_b":null,"state_route_c":null,"stco_fipscode":"54039","tnmfrc":3,"us_route":null,"us_route_a":null,"us_route_b":null,"us_route_c":null},"type":"Feature"},{"geometry":{"coordinates":[[-81.523963,38.211754],[-81.523834,38.211603],[-81.523616,38.211379],[-81.523489,38.21126]],"type":"LineString"},"id":"REF-KANAWHA-CONNECTING-ROADS-292","properties":{"canon_status":"REAL_REFERENCE","county_route":null,"federal_lands_route":null,"fictionality":"REAL","globalid":"{69C41880-C1AD-421B-B21E-01ACE6D6A0D4}","interstate":null,"interstate_a":null,"interstate_b":null,"interstate_c":null,"loaddate":1474002766000,"mtfcc_code":"S1200","name":"Maccorkle Ave","objectid":21615224,"permanent_identifier":"821c730d-34f1-4896-bd41-6d74de7c9ae3","real_world_relation":"REFERENCE_ONLY","shape_Length":87.71915517538659,"source_datadesc":"2016 January MAFTIGER","source_datasetid":"{9298FF95-0FA8-4712-9AA5-9292C907CA63}","source_featureid":"1101747018866","source_id":"REF-KANAWHA-CONNECTING-ROADS","source_originator":"U.S. Department of Commerce, U.S. Census Bureau, Geography Division","state_route":"61","state_route_a":"61","state_route_b":null,"state_route_c":null,"stco_fipscode":"54039","tnmfrc":3,"us_route":null,"us_route_a":null,"us_route_b":null,"us_route_c":null},"type":"Feature"},{"geometry":{"coordinates":[[-81.593587,38.327713],[-81.594455,38.327899]],"type":"LineString"},"id":"REF-KANAWHA-CONNECTING-ROADS-293","properties":{"canon_status":"REAL_REFERENCE","county_route":null,"federal_lands_route":null,"fictionality":"REAL","globalid":"{681A5A4E-BC09-4538-A79A-5B8420E2A26F}","interstate":null,"interstate_a":null,"interstate_b":null,"interstate_c":null,"loaddate":1474001492000,"mtfcc_code":"S1200","name":"Maccorkle Ave SE","objectid":21743113,"permanent_identifier":"6daa66f8-3ded-456c-9037-22eb47369111","real_world_relation":"REFERENCE_ONLY","shape_Length":100.16541898826542,"source_datadesc":"2016 January MAFTIGER","source_datasetid":"{9298FF95-0FA8-4712-9AA5-9292C907CA63}","source_featureid":"1101747018887","source_id":"REF-KANAWHA-CONNECTING-ROADS","source_originator":"U.S. Department of Commerce, U.S. Census Bureau, Geography Division","state_route":"61","state_route_a":"61","state_route_b":null,"state_route_c":null,"stco_fipscode":"54039","tnmfrc":3,"us_route":null,"us_route_a":null,"us_route_b":null,"us_route_c":null},"type":"Feature"},{"geometry":{"coordinates":[[-81.567553,38.237316],[-81.567403,38.237531]],"type":"LineString"},"id":"REF-KANAWHA-CONNECTING-ROADS-294","properties":{"canon_status":"REAL_REFERENCE","county_route":null,"federal_lands_route":null,"fictionality":"REAL","globalid":"{A00106C8-5CF9-4675-9DB7-C0CD79A0E17E}","interstate":null,"interstate_a":null,"interstate_b":null,"interstate_c":null,"loaddate":1474001546000,"mtfcc_code":"S1200","name":"Lens Creek Rd","objectid":21743122,"permanent_identifier":"0e05c907-bf88-4e1f-bac0-e27771a2c120","real_world_relation":"REFERENCE_ONLY","shape_Length":34.7464708096168,"source_datadesc":"2016 January MAFTIGER","source_datasetid":"{9298FF95-0FA8-4712-9AA5-9292C907CA63}","source_featureid":"1104468896258","source_id":"REF-KANAWHA-CONNECTING-ROADS","source_originator":"U.S. Department of Commerce, U.S. Census Bureau, Geography Division","state_route":"94","state_route_a":"94","state_route_b":null,"state_route_c":null,"stco_fipscode":"54039","tnmfrc":3,"us_route":null,"us_route_a":null,"us_route_b":null,"us_route_c":null},"type":"Feature"},{"geometry":{"coordinates":[[-81.551796,38.235108],[-81.551016,38.234521],[-81.550329,38.234014],[-81.549967,38.233745],[-81.549814,38.233632],[-81.549794,38.233617],[-81.549304,38.233261]],"type":"LineString"},"id":"REF-KANAWHA-CONNECTING-ROADS-295","properties":{"canon_status":"REAL_REFERENCE","county_route":null,"federal_lands_route":null,"fictionality":"REAL","globalid":"{E6C07D80-9349-45B6-9BD1-57638446B486}","interstate":null,"interstate_a":null,"interstate_b":null,"interstate_c":null,"loaddate":1474002619000,"mtfcc_code":"S1200","name":"Maccorkle Ave","objectid":21743229,"permanent_identifier":"f63e031a-4ef0-45a6-b30d-8ebe8bcc3803","real_world_relation":"REFERENCE_ONLY","shape_Length":381.4157294380761,"source_datadesc":"2016 January MAFTIGER","source_datasetid":"{9298FF95-0FA8-4712-9AA5-9292C907CA63}","source_featureid":"1101747018871","source_id":"REF-KANAWHA-CONNECTING-ROADS","source_originator":"U.S. Department of Commerce, U.S. Census Bureau, Geography Division","state_route":"61","state_route_a":"61","state_route_b":null,"state_route_c":null,"stco_fipscode":"54039","tnmfrc":3,"us_route":null,"us_route_a":null,"us_route_b":null,"us_route_c":null},"type":"Feature"},{"geometry":{"coordinates":[[-81.673249,38.375751],[-81.673045,38.375676],[-81.672419,38.375455],[-81.671894,38.375277],[-81.671501,38.375139],[-81.671288,38.37508]],"type":"LineString"},"id":"REF-KANAWHA-CONNECTING-ROADS-296","properties":{"canon_status":"REAL_REFERENCE","county_route":null,"federal_lands_route":null,"fictionality":"REAL","globalid":"{3968C28A-AFD2-49FB-87E4-3B1783BF7E8C}","interstate":null,"interstate_a":null,"interstate_b":null,"interstate_c":null,"loaddate":1568217705000,"mtfcc_code":"S1200","name":"7th Ave","objectid":21830538,"permanent_identifier":"a85de60f-e629-40b0-8ec4-83b61c9bbea7","real_world_relation":"REFERENCE_ONLY","shape_Length":238.2666783758267,"source_datadesc":"2016 January MAFTIGER","source_datasetid":"{9298FF95-0FA8-4712-9AA5-9292C907CA63}","source_featureid":"1101747012131","source_id":"REF-KANAWHA-CONNECTING-ROADS","source_originator":"U.S. Department of Commerce, U.S. Census Bureau, Geography Division","state_route":"25","state_route_a":"25","state_route_b":null,"state_route_c":null,"stco_fipscode":"54039","tnmfrc":3,"us_route":null,"us_route_a":null,"us_route_b":null,"us_route_c":null},"type":"Feature"},{"geometry":{"coordinates":[[-81.598592,38.32825],[-81.597527,38.328171],[-81.597016,38.328144]],"type":"LineString"},"id":"REF-KANAWHA-CONNECTING-ROADS-297","properties":{"canon_status":"REAL_REFERENCE","county_route":null,"federal_lands_route":null,"fictionality":"REAL","globalid":"{53057870-5FD7-4250-8105-64938482433A}","interstate":null,"interstate_a":null,"interstate_b":null,"interstate_c":null,"loaddate":1474001726000,"mtfcc_code":"S1200","name":"Maccorkle Ave SE","objectid":21871322,"permanent_identifier":"d4eaa422-f39b-4cc9-8345-6c76f88d0b1f","real_world_relation":"REFERENCE_ONLY","shape_Length":176.09722426608872,"source_datadesc":"2016 January MAFTIGER","source_datasetid":"{9298FF95-0FA8-4712-9AA5-9292C907CA63}","source_featureid":"1101747018888","source_id":"REF-KANAWHA-CONNECTING-ROADS","source_originator":"U.S. Department of Commerce, U.S. Census Bureau, Geography Division","state_route":"61","state_route_a":"61","state_route_b":null,"state_route_c":null,"stco_fipscode":"54039","tnmfrc":3,"us_route":null,"us_route_a":null,"us_route_b":null,"us_route_c":null},"type":"Feature"},{"geometry":{"coordinates":[[-81.494824,38.195397],[-81.494666,38.195395],[-81.494195,38.19538],[-81.494107,38.195368],[-81.494036,38.195346]],"type":"LineString"},"id":"REF-KANAWHA-CONNECTING-ROADS-298","properties":{"canon_status":"REAL_REFERENCE","county_route":null,"federal_lands_route":null,"fictionality":"REAL","globalid":"{CDEDF119-4812-48CD-B9FC-5E6E69538B4D}","interstate":null,"interstate_a":null,"interstate_b":null,"interstate_c":null,"loaddate":1474002869000,"mtfcc_code":"S1200","name":"3rd Ave","objectid":21871716,"permanent_identifier":"4b394adf-92d7-44d5-bc96-e6c16d952b3b","real_world_relation":"REFERENCE_ONLY","shape_Length":88.5035088650121,"source_datadesc":"2016 January MAFTIGER","source_datasetid":"{9298FF95-0FA8-4712-9AA5-9292C907CA63}","source_featureid":"1101747011933","source_id":"REF-KANAWHA-CONNECTING-ROADS","source_originator":"U.S. Department of Commerce, U.S. Census Bureau, Geography Division","state_route":"61","state_route_a":"61","state_route_b":null,"state_route_c":null,"stco_fipscode":"54039","tnmfrc":3,"us_route":null,"us_route_a":null,"us_route_b":null,"us_route_c":null},"type":"Feature"},{"geometry":{"coordinates":[[-81.495303,38.195385],[-81.49525,38.195402],[-81.494824,38.195397]],"type":"LineString"},"id":"REF-KANAWHA-CONNECTING-ROADS-299","properties":{"canon_status":"REAL_REFERENCE","county_route":null,"federal_lands_route":null,"fictionality":"REAL","globalid":"{D61F3923-F734-4419-A9CD-1B370D41F873}","interstate":null,"interstate_a":null,"interstate_b":null,"interstate_c":null,"loaddate":1474002869000,"mtfcc_code":"S1200","name":"3rd Ave","objectid":21999318,"permanent_identifier":"1eab6670-eaed-480e-b873-b3ed2921eba5","real_world_relation":"REFERENCE_ONLY","shape_Length":53.79987229366001,"source_datadesc":"2016 January MAFTIGER","source_datasetid":"{9298FF95-0FA8-4712-9AA5-9292C907CA63}","source_featureid":"1101747011933","source_id":"REF-KANAWHA-CONNECTING-ROADS","source_originator":"U.S. Department of Commerce, U.S. Census Bureau, Geography Division","state_route":"61","state_route_a":"61","state_route_b":null,"state_route_c":null,"stco_fipscode":"54039","tnmfrc":3,"us_route":null,"us_route_a":null,"us_route_b":null,"us_route_c":null},"type":"Feature"},{"geometry":{"coordinates":[[-81.496074,38.199673],[-81.49603,38.199923]],"type":"LineString"},"id":"REF-KANAWHA-CONNECTING-ROADS-300","properties":{"canon_status":"REAL_REFERENCE","county_route":null,"federal_lands_route":null,"fictionality":"REAL","globalid":"{BAA766D6-FD70-422D-8581-080AFB30C8F4}","interstate":null,"interstate_a":"","interstate_b":"","interstate_c":"","loaddate":1673511277000,"mtfcc_code":"S1400","name":"Admiral T.J. Lopez Bridge","objectid":21999349,"permanent_identifier":"61437135-9837-4e83-91ac-c65db323cded","real_world_relation":"REFERENCE_ONLY","shape_Length":35.75042937515662,"source_datadesc":"2016 January MAFTIGER","source_datasetid":"{9298FF95-0FA8-4712-9AA5-9292C907CA63}","source_featureid":"1101747020046","source_id":"REF-KANAWHA-CONNECTING-ROADS","source_originator":"U.S. Department of Commerce, U.S. Census Bureau, Geography Division","state_route":null,"state_route_a":"","state_route_b":"","state_route_c":"","stco_fipscode":"54039","tnmfrc":3,"us_route":null,"us_route_a":"","us_route_b":"","us_route_c":""},"type":"Feature"},{"geometry":{"coordinates":[[-81.439648,38.216749],[-81.439797,38.216726],[-81.440211,38.216642],[-81.440634,38.216541],[-81.440925,38.21646],[-81.4415,38.216293]],"type":"LineString"},"id":"REF-KANAWHA-CONNECTING-ROADS-301","properties":{"canon_status":"REAL_REFERENCE","county_route":null,"federal_lands_route":null,"fictionality":"REAL","globalid":"{7A879BDB-7879-4378-AA9A-1B3093ECA052}","interstate":null,"interstate_a":null,"interstate_b":null,"interstate_c":null,"loaddate":1474003102000,"mtfcc_code":"S1200","name":"3rd Ave","objectid":21999383,"permanent_identifier":"a6ae216b-590d-4ad5-92b8-7d02a405e81d","real_world_relation":"REFERENCE_ONLY","shape_Length":216.32556894412204,"source_datadesc":"2016 January MAFTIGER","source_datasetid":"{9298FF95-0FA8-4712-9AA5-9292C907CA63}","source_featureid":"1104259509480","source_id":"REF-KANAWHA-CONNECTING-ROADS","source_originator":"U.S. Department of Commerce, U.S. Census Bureau, Geography Division","state_route":"61","state_route_a":"61","state_route_b":null,"state_route_c":null,"stco_fipscode":"54039","tnmfrc":3,"us_route":null,"us_route_a":null,"us_route_b":null,"us_route_c":null},"type":"Feature"},{"geometry":{"coordinates":[[-81.474542,38.1993],[-81.474673,38.199234],[-81.475045,38.199033],[-81.47524,38.198919]],"type":"LineString"},"id":"REF-KANAWHA-CONNECTING-ROADS-302","properties":{"canon_status":"REAL_REFERENCE","county_route":null,"federal_lands_route":null,"fictionality":"REAL","globalid":"{FD2411EB-7DBF-4B40-8AAA-BBE6D3026C65}","interstate":null,"interstate_a":null,"interstate_b":null,"interstate_c":null,"loaddate":1474003102000,"mtfcc_code":"S1200","name":"3rd Ave","objectid":22127621,"permanent_identifier":"8e812981-b57d-4e64-a804-b64646937443","real_world_relation":"REFERENCE_ONLY","shape_Length":94.631903319539,"source_datadesc":"2016 January MAFTIGER","source_datasetid":"{9298FF95-0FA8-4712-9AA5-9292C907CA63}","source_featureid":"1104259509480","source_id":"REF-KANAWHA-CONNECTING-ROADS","source_originator":"U.S. Department of Commerce, U.S. Census Bureau, Geography Division","state_route":"61","state_route_a":"61","state_route_b":null,"state_route_c":null,"stco_fipscode":"54039","tnmfrc":3,"us_route":null,"us_route_a":null,"us_route_b":null,"us_route_c":null},"type":"Feature"},{"geometry":{"coordinates":[[-81.56556,38.298],[-81.565644,38.297808]],"type":"LineString"},"id":"REF-KANAWHA-CONNECTING-ROADS-303","properties":{"canon_status":"REAL_REFERENCE","county_route":null,"federal_lands_route":null,"fictionality":"REAL","globalid":"{62C72C07-13E5-4649-B614-9AAFD5D98D0A}","interstate":null,"interstate_a":null,"interstate_b":null,"interstate_c":null,"loaddate":1474001730000,"mtfcc_code":"S1200","name":"Maccorkle Ave SE","objectid":22127641,"permanent_identifier":"4065ce5a-d6a0-45e2-ab0a-bbd427e57d8e","real_world_relation":"REFERENCE_ONLY","shape_Length":28.794775747069266,"source_datadesc":"2016 January MAFTIGER","source_datasetid":"{9298FF95-0FA8-4712-9AA5-9292C907CA63}","source_featureid":"1101747018888","source_id":"REF-KANAWHA-CONNECTING-ROADS","source_originator":"U.S. Department of Commerce, U.S. Census Bureau, Geography Division","state_route":"61","state_route_a":"61","state_route_b":null,"state_route_c":null,"stco_fipscode":"54039","tnmfrc":3,"us_route":null,"us_route_a":null,"us_route_b":null,"us_route_c":null},"type":"Feature"},{"geometry":{"coordinates":[[-81.566482,38.295532],[-81.56646,38.295592],[-81.566225,38.296212]],"type":"LineString"},"id":"REF-KANAWHA-CONNECTING-ROADS-304","properties":{"canon_status":"REAL_REFERENCE","county_route":null,"federal_lands_route":null,"fictionality":"REAL","globalid":"{65D9CA31-537E-4296-B60F-F700967D69AA}","interstate":null,"interstate_a":"","interstate_b":"","interstate_c":"","loaddate":1673511277000,"mtfcc_code":"S1200","name":"Maccorkle Ave SE","objectid":22215076,"permanent_identifier":"18166a60-e2b5-453b-b047-7f34b3f125b3","real_world_relation":"REFERENCE_ONLY","shape_Length":100.55160296148935,"source_datadesc":"2022 September MAF/TIGER","source_datasetid":"{9298FF95-0FA8-4712-9AA5-9292C907CA63}","source_featureid":"1101747018887","source_id":"REF-KANAWHA-CONNECTING-ROADS","source_originator":"U.S. Department of Commerce, U.S. Census Bureau, Geography Division","state_route":"61","state_route_a":"61","state_route_b":"","state_route_c":"","stco_fipscode":"54039","tnmfrc":3,"us_route":null,"us_route_a":"","us_route_b":"","us_route_c":""},"type":"Feature"},{"geometry":{"coordinates":[[-81.527792,38.216537],[-81.527387,38.21609]],"type":"LineString"},"id":"REF-KANAWHA-CONNECTING-ROADS-305","properties":{"canon_status":"REAL_REFERENCE","county_route":null,"federal_lands_route":null,"fictionality":"REAL","globalid":"{3FE53CA9-3E81-4B1D-934C-3A6269A01BEA}","interstate":null,"interstate_a":null,"interstate_b":null,"interstate_c":null,"loaddate":1474002619000,"mtfcc_code":"S1200","name":"Maccorkle Ave","objectid":22256055,"permanent_identifier":"5e11b2e7-a61f-4d26-a06b-5791c66ef7d6","real_world_relation":"REFERENCE_ONLY","shape_Length":77.7413833066942,"source_datadesc":"2016 January MAFTIGER","source_datasetid":"{9298FF95-0FA8-4712-9AA5-9292C907CA63}","source_featureid":"1101747018871","source_id":"REF-KANAWHA-CONNECTING-ROADS","source_originator":"U.S. Department of Commerce, U.S. Census Bureau, Geography Division","state_route":"61","state_route_a":"61","state_route_b":null,"state_route_c":null,"stco_fipscode":"54039","tnmfrc":3,"us_route":null,"us_route_a":null,"us_route_b":null,"us_route_c":null},"type":"Feature"},{"geometry":{"coordinates":[[-81.620811,38.196491],[-81.620465,38.196666],[-81.620234,38.196766],[-81.619995,38.196853],[-81.618227,38.197436],[-81.617744,38.197602],[-81.61766,38.197624],[-81.617584,38.197645],[-81.617353,38.197726],[-81.617258,38.197768],[-81.617168,38.197807],[-81.616959,38.19792],[-81.616827,38.198004],[-81.61674,38.198073],[-81.616469,38.198314],[-81.616212,38.198564],[-81.615645,38.199173],[-81.615306,38.19953],[-81.614829,38.200026],[-81.614432,38.200383],[-81.614187,38.200592]],"type":"LineString"},"id":"REF-KANAWHA-CONNECTING-ROADS-306","properties":{"canon_status":"REAL_REFERENCE","county_route":null,"federal_lands_route":null,"fictionality":"REAL","globalid":"{29B02068-46DA-4E33-9153-CA53BEAAAFA9}","interstate":null,"interstate_a":null,"interstate_b":null,"interstate_c":null,"loaddate":1474001695000,"mtfcc_code":"S1200","name":"Lens Creek Rd","objectid":22256482,"permanent_identifier":"ab40309e-e939-4ea6-97c3-1e89b4b32ef1","real_world_relation":"REFERENCE_ONLY","shape_Length":964.6208448948936,"source_datadesc":"2016 January MAFTIGER","source_datasetid":"{9298FF95-0FA8-4712-9AA5-9292C907CA63}","source_featureid":"1104468899485","source_id":"REF-KANAWHA-CONNECTING-ROADS","source_originator":"U.S. Department of Commerce, U.S. Census Bureau, Geography Division","state_route":"94","state_route_a":"94","state_route_b":null,"state_route_c":null,"stco_fipscode":"54039","tnmfrc":3,"us_route":null,"us_route_a":null,"us_route_b":null,"us_route_c":null},"type":"Feature"},{"geometry":{"coordinates":[[-81.56894,38.375838],[-81.569286,38.37569],[-81.569373,38.375653],[-81.56977,38.375485]],"type":"LineString"},"id":"REF-KANAWHA-CONNECTING-ROADS-307","properties":{"canon_status":"REAL_REFERENCE","county_route":null,"federal_lands_route":null,"fictionality":"REAL","globalid":"{25D0D58E-EDF3-4CC9-B58E-9CFA4E42C53D}","interstate":null,"interstate_a":null,"interstate_b":null,"interstate_c":null,"loaddate":1568217705000,"mtfcc_code":"S1200","name":"Greenbrier St","objectid":22471349,"permanent_identifier":"08f10938-015a-43ad-a315-0ed06af076b2","real_world_relation":"REFERENCE_ONLY","shape_Length":105.11626239284337,"source_datadesc":"2018 May MAF/TIGER","source_datasetid":"{9298FF95-0FA8-4712-9AA5-9292C907CA63}","source_featureid":"1101747019399","source_id":"REF-KANAWHA-CONNECTING-ROADS","source_originator":"U.S. Department of Commerce, U.S. Census Bureau, Geography Division","state_route":"114","state_route_a":"114","state_route_b":null,"state_route_c":null,"stco_fipscode":"54039","tnmfrc":3,"us_route":null,"us_route_a":null,"us_route_b":null,"us_route_c":null},"type":"Feature"},{"geometry":{"coordinates":[[-81.647562,38.352484],[-81.64753,38.352582],[-81.647526,38.352654],[-81.647539,38.352725],[-81.647569,38.352793],[-81.647585,38.352819],[-81.647651,38.352868],[-81.648035,38.353061],[-81.648177,38.353138]],"type":"LineString"},"id":"REF-KANAWHA-CONNECTING-ROADS-308","properties":{"canon_status":"REAL_REFERENCE","county_route":null,"federal_lands_route":null,"fictionality":"REAL","globalid":"{95D52E1B-F212-4DA3-AB10-23D80E6F24A1}","interstate":null,"interstate_a":"","interstate_b":"","interstate_c":"","loaddate":1673511277000,"mtfcc_code":"S1200","name":"Maccorkle Ave SW","objectid":22599263,"permanent_identifier":"ad02ed4d-c546-46f8-a4e1-579ff8cdd160","real_world_relation":"REFERENCE_ONLY","shape_Length":129.19273684279688,"source_datadesc":"2022 September MAF/TIGER","source_datasetid":"{9298FF95-0FA8-4712-9AA5-9292C907CA63}","source_featureid":"1101747040396","source_id":"REF-KANAWHA-CONNECTING-ROADS","source_originator":"U.S. Department of Commerce, U.S. Census Bureau, Geography Division","state_route":"61","state_route_a":"61","state_route_b":"","state_route_c":"","stco_fipscode":"54039","tnmfrc":3,"us_route":null,"us_route_a":"","us_route_b":"","us_route_c":""},"type":"Feature"},{"geometry":{"coordinates":[[-81.527387,38.21609],[-81.5269,38.215559]],"type":"LineString"},"id":"REF-KANAWHA-CONNECTING-ROADS-309","properties":{"canon_status":"REAL_REFERENCE","county_route":null,"federal_lands_route":null,"fictionality":"REAL","globalid":"{1CE95C98-79D6-4EC1-84AF-040F575622F0}","interstate":null,"interstate_a":null,"interstate_b":null,"interstate_c":null,"loaddate":1474002619000,"mtfcc_code":"S1200","name":"Maccorkle Ave","objectid":22640178,"permanent_identifier":"b8677bfc-59ef-4dca-9a8e-af68d456609f","real_world_relation":"REFERENCE_ONLY","shape_Length":92.73206559713257,"source_datadesc":"2016 January MAFTIGER","source_datasetid":"{9298FF95-0FA8-4712-9AA5-9292C907CA63}","source_featureid":"1101747018871","source_id":"REF-KANAWHA-CONNECTING-ROADS","source_originator":"U.S. Department of Commerce, U.S. Census Bureau, Geography Division","state_route":"61","state_route_a":"61","state_route_b":null,"state_route_c":null,"stco_fipscode":"54039","tnmfrc":3,"us_route":null,"us_route_a":null,"us_route_b":null,"us_route_c":null},"type":"Feature"},{"geometry":{"coordinates":[[-81.496839,38.195772],[-81.496783,38.195934],[-81.496767,38.196039]],"type":"LineString"},"id":"REF-KANAWHA-CONNECTING-ROADS-310","properties":{"canon_status":"REAL_REFERENCE","county_route":null,"federal_lands_route":null,"fictionality":"REAL","globalid":"{FC14D8E5-0C2E-49AD-BAD7-C0DDE1141318}","interstate":null,"interstate_a":"","interstate_b":"","interstate_c":"","loaddate":1673511277000,"mtfcc_code":"S1400","name":"Admiral T.J. Lopez Bridge","objectid":22640635,"permanent_identifier":"32550d3a-a17a-4802-86fa-86f139442a38","real_world_relation":"REFERENCE_ONLY","shape_Length":38.75738003532179,"source_datadesc":"2016 January MAFTIGER","source_datasetid":"{9298FF95-0FA8-4712-9AA5-9292C907CA63}","source_featureid":"1105089086987","source_id":"REF-KANAWHA-CONNECTING-ROADS","source_originator":"U.S. Department of Commerce, U.S. Census Bureau, Geography Division","state_route":null,"state_route_a":"","state_route_b":"","state_route_c":"","stco_fipscode":"54039","tnmfrc":3,"us_route":null,"us_route_a":"","us_route_b":"","us_route_c":""},"type":"Feature"},{"geometry":{"coordinates":[[-81.588115,38.325267],[-81.589221,38.325905],[-81.589412,38.32601]],"type":"LineString"},"id":"REF-KANAWHA-CONNECTING-ROADS-311","properties":{"canon_status":"REAL_REFERENCE","county_route":null,"federal_lands_route":null,"fictionality":"REAL","globalid":"{52B66DAB-945F-42EF-BE6B-2E831ADE5601}","interstate":null,"interstate_a":null,"interstate_b":null,"interstate_c":null,"loaddate":1568217705000,"mtfcc_code":"S1200","name":"Maccorkle Ave SE","objectid":22727290,"permanent_identifier":"5fcb9cab-d4a3-4ad1-9f84-f278d7b652d4","real_world_relation":"REFERENCE_ONLY","shape_Length":178.79018732835314,"source_datadesc":"2018 May MAF/TIGER","source_datasetid":"{9298FF95-0FA8-4712-9AA5-9292C907CA63}","source_featureid":"1101747018887","source_id":"REF-KANAWHA-CONNECTING-ROADS","source_originator":"U.S. Department of Commerce, U.S. Census Bureau, Geography Division","state_route":"61","state_route_a":"61","state_route_b":null,"state_route_c":null,"stco_fipscode":"54039","tnmfrc":3,"us_route":null,"us_route_a":null,"us_route_b":null,"us_route_c":null},"type":"Feature"},{"geometry":{"coordinates":[[-81.57213,38.229053],[-81.572091,38.229156],[-81.572068,38.229266],[-81.572065,38.229392],[-81.572086,38.229513],[-81.572135,38.229647],[-81.572231,38.229852]],"type":"LineString"},"id":"REF-KANAWHA-CONNECTING-ROADS-312","properties":{"canon_status":"REAL_REFERENCE","county_route":null,"federal_lands_route":null,"fictionality":"REAL","globalid":"{B01E89DC-48B7-41D1-9BF9-E190B26C11DC}","interstate":null,"interstate_a":null,"interstate_b":null,"interstate_c":null,"loaddate":1474001546000,"mtfcc_code":"S1200","name":"Lens Creek Rd","objectid":22768054,"permanent_identifier":"47d738ce-4141-4236-a18e-bcd73cb72a6e","real_world_relation":"REFERENCE_ONLY","shape_Length":116.90084423557067,"source_datadesc":"2016 January MAFTIGER","source_datasetid":"{9298FF95-0FA8-4712-9AA5-9292C907CA63}","source_featureid":"1104468896258","source_id":"REF-KANAWHA-CONNECTING-ROADS","source_originator":"U.S. Department of Commerce, U.S. Census Bureau, Geography Division","state_route":"94","state_route_a":"94","state_route_b":null,"state_route_c":null,"stco_fipscode":"54039","tnmfrc":3,"us_route":null,"us_route_a":null,"us_route_b":null,"us_route_c":null},"type":"Feature"},{"geometry":{"coordinates":[[-81.611511,38.342336],[-81.611448,38.34238],[-81.611318,38.342465],[-81.611138,38.342572],[-81.610904,38.342694],[-81.610682,38.342797],[-81.610451,38.342887],[-81.610261,38.342951],[-81.610017,38.343018],[-81.609769,38.343073],[-81.609574,38.343109],[-81.609335,38.343166],[-81.609102,38.343237],[-81.608921,38.343303],[-81.608744,38.343391],[-81.608577,38.34349],[-81.608423,38.3436],[-81.608274,38.34373],[-81.608089,38.343914],[-81.607848,38.344186],[-81.607406,38.344645],[-81.607177,38.344869]],"type":"LineString"},"id":"REF-KANAWHA-CONNECTING-ROADS-313","properties":{"canon_status":"REAL_REFERENCE","county_route":null,"federal_lands_route":null,"fictionality":"REAL","globalid":"{2EA83EC8-D8AC-44E6-9859-53939739F3E4}","interstate":null,"interstate_a":null,"interstate_b":null,"interstate_c":null,"loaddate":1474002869000,"mtfcc_code":"S1200","name":"Greenbrier St","objectid":22896324,"permanent_identifier":"e12a8361-9b4a-4b67-994f-c2fbf9a1eb30","real_world_relation":"REFERENCE_ONLY","shape_Length":620.0150725586092,"source_datadesc":"2016 January MAFTIGER","source_datasetid":"{9298FF95-0FA8-4712-9AA5-9292C907CA63}","source_featureid":"1101747019400","source_id":"REF-KANAWHA-CONNECTING-ROADS","source_originator":"U.S. Department of Commerce, U.S. Census Bureau, Geography Division","state_route":"114","state_route_a":"114","state_route_b":null,"state_route_c":null,"stco_fipscode":"54039","tnmfrc":3,"us_route":null,"us_route_a":null,"us_route_b":null,"us_route_c":null},"type":"Feature"},{"geometry":{"coordinates":[[-81.595159,38.357853],[-81.594876,38.358171],[-81.594732,38.358346]],"type":"LineString"},"id":"REF-KANAWHA-CONNECTING-ROADS-314","properties":{"canon_status":"REAL_REFERENCE","county_route":null,"federal_lands_route":null,"fictionality":"REAL","globalid":"{2123033B-9906-4389-BA2F-9408A91E07FC}","interstate":null,"interstate_a":null,"interstate_b":null,"interstate_c":null,"loaddate":1474002869000,"mtfcc_code":"S1200","name":"Greenbrier St","objectid":23024779,"permanent_identifier":"d16d61cd-8c96-4055-a9d5-d237a0dc77eb","real_world_relation":"REFERENCE_ONLY","shape_Length":84.61568081487479,"source_datadesc":"2016 January MAFTIGER","source_datasetid":"{9298FF95-0FA8-4712-9AA5-9292C907CA63}","source_featureid":"1101747019400","source_id":"REF-KANAWHA-CONNECTING-ROADS","source_originator":"U.S. Department of Commerce, U.S. Census Bureau, Geography Division","state_route":"114","state_route_a":"114","state_route_b":null,"state_route_c":null,"stco_fipscode":"54039","tnmfrc":3,"us_route":null,"us_route_a":null,"us_route_b":null,"us_route_c":null},"type":"Feature"},{"geometry":{"coordinates":[[-81.670539,38.363095],[-81.670684,38.363133],[-81.670895,38.363187],[-81.671855,38.363466]],"type":"LineString"},"id":"REF-KANAWHA-CONNECTING-ROADS-315","properties":{"canon_status":"REAL_REFERENCE","county_route":null,"federal_lands_route":null,"fictionality":"REAL","globalid":"{D6F6A505-B4B2-4ECC-B844-74539017F3A8}","interstate":null,"interstate_a":null,"interstate_b":null,"interstate_c":null,"loaddate":1474002497000,"mtfcc_code":"S1200","name":"Maccorkle Ave SW","objectid":23024780,"permanent_identifier":"62cd51cb-67bd-43e6-91f6-db4878b1d321","real_world_relation":"REFERENCE_ONLY","shape_Length":155.69840717232566,"source_datadesc":"2016 January MAFTIGER","source_datasetid":"{9298FF95-0FA8-4712-9AA5-9292C907CA63}","source_featureid":"1101747018890","source_id":"REF-KANAWHA-CONNECTING-ROADS","source_originator":"U.S. Department of Commerce, U.S. Census Bureau, Geography Division","state_route":"61","state_route_a":"61","state_route_b":null,"state_route_c":null,"stco_fipscode":"54039","tnmfrc":3,"us_route":null,"us_route_a":null,"us_route_b":null,"us_route_c":null},"type":"Feature"},{"geometry":{"coordinates":[[-81.667698,38.3739],[-81.667621,38.373927],[-81.667556,38.373948],[-81.667502,38.37396],[-81.667437,38.37397],[-81.667401,38.373971],[-81.667347,38.373968],[-81.667273,38.37396]],"type":"LineString"},"id":"REF-KANAWHA-CONNECTING-ROADS-316","properties":{"canon_status":"REAL_REFERENCE","county_route":null,"federal_lands_route":null,"fictionality":"REAL","globalid":"{D42A0C5B-AB04-4C8E-8296-C9339F681E58}","interstate":null,"interstate_a":null,"interstate_b":null,"interstate_c":null,"loaddate":1474001298000,"mtfcc_code":"S1200","name":"State Rte 25","objectid":23024800,"permanent_identifier":"e1c940ee-4c43-4792-8bc0-16623b6b193e","real_world_relation":"REFERENCE_ONLY","shape_Length":49.18981462779045,"source_datadesc":"2016 January MAFTIGER","source_datasetid":"{9298FF95-0FA8-4712-9AA5-9292C907CA63}","source_featureid":"1101747011605","source_id":"REF-KANAWHA-CONNECTING-ROADS","source_originator":"U.S. Department of Commerce, U.S. Census Bureau, Geography Division","state_route":"25","state_route_a":"25","state_route_b":null,"state_route_c":null,"stco_fipscode":"54039","tnmfrc":3,"us_route":null,"us_route_a":null,"us_route_b":null,"us_route_c":null},"type":"Feature"},{"geometry":{"coordinates":[[-81.570973,38.315376],[-81.571349,38.315589],[-81.57228,38.316129]],"type":"LineString"},"id":"REF-KANAWHA-CONNECTING-ROADS-317","properties":{"canon_status":"REAL_REFERENCE","county_route":null,"federal_lands_route":null,"fictionality":"REAL","globalid":"{15662DF2-4BAA-47C2-969A-74992F4C8161}","interstate":null,"interstate_a":null,"interstate_b":null,"interstate_c":null,"loaddate":1568217705000,"mtfcc_code":"S1200","name":"Maccorkle Ave SE","objectid":23111833,"permanent_identifier":"51e2e490-516b-4cdf-baec-3b0f5c69d15a","real_world_relation":"REFERENCE_ONLY","shape_Length":180.50839427201885,"source_datadesc":"2016 January MAFTIGER","source_datasetid":"{9298FF95-0FA8-4712-9AA5-9292C907CA63}","source_featureid":"1101747018887","source_id":"REF-KANAWHA-CONNECTING-ROADS","source_originator":"U.S. Department of Commerce, U.S. Census Bureau, Geography Division","state_route":"61","state_route_a":"61","state_route_b":null,"state_route_c":null,"stco_fipscode":"54039","tnmfrc":3,"us_route":null,"us_route_a":null,"us_route_b":null,"us_route_c":null},"type":"Feature"},{"geometry":{"coordinates":[[-81.563252,38.304965],[-81.563256,38.305191],[-81.563244,38.305472],[-81.563226,38.305641],[-81.563219,38.30615]],"type":"LineString"},"id":"REF-KANAWHA-CONNECTING-ROADS-318","properties":{"canon_status":"REAL_REFERENCE","county_route":null,"federal_lands_route":null,"fictionality":"REAL","globalid":"{6E5F5A79-AEBD-4C1A-A9AD-51133FFE69F9}","interstate":null,"interstate_a":null,"interstate_b":null,"interstate_c":null,"loaddate":1568217705000,"mtfcc_code":"S1200","name":"Maccorkle Ave SE","objectid":23240319,"permanent_identifier":"b4883e5e-a84f-43fb-8750-8403ddf4adf6","real_world_relation":"REFERENCE_ONLY","shape_Length":168.09345533648866,"source_datadesc":"2018 May MAF/TIGER","source_datasetid":"{9298FF95-0FA8-4712-9AA5-9292C907CA63}","source_featureid":"1101747018887","source_id":"REF-KANAWHA-CONNECTING-ROADS","source_originator":"U.S. Department of Commerce, U.S. Census Bureau, Geography Division","state_route":"61","state_route_a":"61","state_route_b":null,"state_route_c":null,"stco_fipscode":"54039","tnmfrc":3,"us_route":null,"us_route_a":null,"us_route_b":null,"us_route_c":null},"type":"Feature"},{"geometry":{"coordinates":[[-81.614679,38.331257],[-81.615777,38.331609],[-81.616966,38.332007],[-81.618396,38.332459],[-81.618949,38.332657],[-81.619085,38.332706]],"type":"LineString"},"id":"REF-KANAWHA-CONNECTING-ROADS-319","properties":{"canon_status":"REAL_REFERENCE","county_route":null,"federal_lands_route":null,"fictionality":"REAL","globalid":"{99649882-10D0-4F1B-B2A1-2CFB9554FE48}","interstate":null,"interstate_a":null,"interstate_b":null,"interstate_c":null,"loaddate":1474001493000,"mtfcc_code":"S1200","name":"Maccorkle Ave SE","objectid":23281138,"permanent_identifier":"da0e4086-2928-41f2-8744-2920dcc6988f","real_world_relation":"REFERENCE_ONLY","shape_Length":531.901862765987,"source_datadesc":"2016 January MAFTIGER","source_datasetid":"{9298FF95-0FA8-4712-9AA5-9292C907CA63}","source_featureid":"1101747018887","source_id":"REF-KANAWHA-CONNECTING-ROADS","source_originator":"U.S. Department of Commerce, U.S. Census Bureau, Geography Division","state_route":"61","state_route_a":"61","state_route_b":null,"state_route_c":null,"stco_fipscode":"54039","tnmfrc":3,"us_route":null,"us_route_a":null,"us_route_b":null,"us_route_c":null},"type":"Feature"},{"geometry":{"coordinates":[[-81.549304,38.233261],[-81.549197,38.233187],[-81.548985,38.233024],[-81.548552,38.232704],[-81.548505,38.232665]],"type":"LineString"},"id":"REF-KANAWHA-CONNECTING-ROADS-320","properties":{"canon_status":"REAL_REFERENCE","county_route":null,"federal_lands_route":null,"fictionality":"REAL","globalid":"{B72E3281-8CE2-4C21-9EB7-4B84194DC787}","interstate":null,"interstate_a":null,"interstate_b":null,"interstate_c":null,"loaddate":1474002619000,"mtfcc_code":"S1200","name":"Maccorkle Ave","objectid":23281524,"permanent_identifier":"10c9047c-caea-439a-9a55-88ad36f1a926","real_world_relation":"REFERENCE_ONLY","shape_Length":122.68556588083169,"source_datadesc":"2016 January MAFTIGER","source_datasetid":"{9298FF95-0FA8-4712-9AA5-9292C907CA63}","source_featureid":"1101747018871","source_id":"REF-KANAWHA-CONNECTING-ROADS","source_originator":"U.S. Department of Commerce, U.S. Census Bureau, Geography Division","state_route":"61","state_route_a":"61","state_route_b":null,"state_route_c":null,"stco_fipscode":"54039","tnmfrc":3,"us_route":null,"us_route_a":null,"us_route_b":null,"us_route_c":null},"type":"Feature"},{"geometry":{"coordinates":[[-81.669661,38.37486],[-81.669676,38.374863],[-81.669709,38.374862],[-81.670281,38.374959],[-81.670723,38.375047],[-81.671225,38.375169]],"type":"LineString"},"id":"REF-KANAWHA-CONNECTING-ROADS-321","properties":{"canon_status":"REAL_REFERENCE","county_route":null,"federal_lands_route":null,"fictionality":"REAL","globalid":"{D675E086-D84F-4C3A-8762-54674B097A82}","interstate":null,"interstate_a":null,"interstate_b":null,"interstate_c":null,"loaddate":1568217705000,"mtfcc_code":"S1200","name":"7th Ave","objectid":23368351,"permanent_identifier":"ef3c23d1-af09-4ee5-b031-cd0bc1832820","real_world_relation":"REFERENCE_ONLY","shape_Length":179.81801278050287,"source_datadesc":"2016 January MAFTIGER","source_datasetid":"{9298FF95-0FA8-4712-9AA5-9292C907CA63}","source_featureid":"1101747012130","source_id":"REF-KANAWHA-CONNECTING-ROADS","source_originator":"U.S. Department of Commerce, U.S. Census Bureau, Geography Division","state_route":"25","state_route_a":"25","state_route_b":null,"state_route_c":null,"stco_fipscode":"54039","tnmfrc":3,"us_route":null,"us_route_a":null,"us_route_b":null,"us_route_c":null},"type":"Feature"},{"geometry":{"coordinates":[[-81.630861,38.33957],[-81.633312,38.341902],[-81.63749,38.3459],[-81.637764,38.346164]],"type":"LineString"},"id":"REF-KANAWHA-CONNECTING-ROADS-322","properties":{"canon_status":"REAL_REFERENCE","county_route":null,"federal_lands_route":null,"fictionality":"REAL","globalid":"{8EDA0778-DD00-4D5C-A645-56A9046F9832}","interstate":null,"interstate_a":null,"interstate_b":null,"interstate_c":null,"loaddate":1474001493000,"mtfcc_code":"S1200","name":"Maccorkle Ave SE","objectid":23408928,"permanent_identifier":"4801f830-162e-4926-8227-9033bed40950","real_world_relation":"REFERENCE_ONLY","shape_Length":1210.9571883700312,"source_datadesc":"2016 January MAFTIGER","source_datasetid":"{9298FF95-0FA8-4712-9AA5-9292C907CA63}","source_featureid":"1101747018887","source_id":"REF-KANAWHA-CONNECTING-ROADS","source_originator":"U.S. Department of Commerce, U.S. Census Bureau, Geography Division","state_route":"61","state_route_a":"61","state_route_b":null,"state_route_c":null,"stco_fipscode":"54039","tnmfrc":3,"us_route":null,"us_route_a":null,"us_route_b":null,"us_route_c":null},"type":"Feature"},{"geometry":{"coordinates":[[-81.597011,38.328247],[-81.598535,38.328356]],"type":"LineString"},"id":"REF-KANAWHA-CONNECTING-ROADS-323","properties":{"canon_status":"REAL_REFERENCE","county_route":null,"federal_lands_route":null,"fictionality":"REAL","globalid":"{7E63F6AA-11DF-49FE-838C-932B0C6C954B}","interstate":null,"interstate_a":null,"interstate_b":null,"interstate_c":null,"loaddate":1474001493000,"mtfcc_code":"S1200","name":"Maccorkle Ave SE","objectid":23408942,"permanent_identifier":"1f3eed69-4aac-4576-bb15-d375cd0129eb","real_world_relation":"REFERENCE_ONLY","shape_Length":170.35455532770146,"source_datadesc":"2016 January MAFTIGER","source_datasetid":"{9298FF95-0FA8-4712-9AA5-9292C907CA63}","source_featureid":"1101747018887","source_id":"REF-KANAWHA-CONNECTING-ROADS","source_originator":"U.S. Department of Commerce, U.S. Census Bureau, Geography Division","state_route":"61","state_route_a":"61","state_route_b":null,"state_route_c":null,"stco_fipscode":"54039","tnmfrc":3,"us_route":null,"us_route_a":null,"us_route_b":null,"us_route_c":null},"type":"Feature"},{"geometry":{"coordinates":[[-81.48927,38.195129],[-81.49029,38.195172]],"type":"LineString"},"id":"REF-KANAWHA-CONNECTING-ROADS-324","properties":{"canon_status":"REAL_REFERENCE","county_route":null,"federal_lands_route":null,"fictionality":"REAL","globalid":"{F6C4B2BB-165A-48C8-A8AA-DB263A2C776B}","interstate":null,"interstate_a":null,"interstate_b":null,"interstate_c":null,"loaddate":1474003102000,"mtfcc_code":"S1200","name":"3rd Ave","objectid":23536948,"permanent_identifier":"317b226d-e89e-4be7-8434-43e363a3117d","real_world_relation":"REFERENCE_ONLY","shape_Length":113.70913786220204,"source_datadesc":"2016 January MAFTIGER","source_datasetid":"{9298FF95-0FA8-4712-9AA5-9292C907CA63}","source_featureid":"1104259509480","source_id":"REF-KANAWHA-CONNECTING-ROADS","source_originator":"U.S. Department of Commerce, U.S. Census Bureau, Geography Division","state_route":"61","state_route_a":"61","state_route_b":null,"state_route_c":null,"stco_fipscode":"54039","tnmfrc":3,"us_route":null,"us_route_a":null,"us_route_b":null,"us_route_c":null},"type":"Feature"},{"geometry":{"coordinates":[[-81.614106,38.339151],[-81.614017,38.339292],[-81.613854,38.33965],[-81.613664,38.34014],[-81.613592,38.340291],[-81.613573,38.340324],[-81.613487,38.340474],[-81.613365,38.340651],[-81.613312,38.340719],[-81.61321,38.340828]],"type":"LineString"},"id":"REF-KANAWHA-CONNECTING-ROADS-325","properties":{"canon_status":"REAL_REFERENCE","county_route":null,"federal_lands_route":null,"fictionality":"REAL","globalid":"{F62B73ED-C411-495C-9F93-A252A1CB0186}","interstate":null,"interstate_a":null,"interstate_b":null,"interstate_c":null,"loaddate":1474001570000,"mtfcc_code":"S1200","name":"Greenbrier St","objectid":23536975,"permanent_identifier":"b7382493-63e5-4c4f-b5f8-3bf360ec45b2","real_world_relation":"REFERENCE_ONLY","shape_Length":259.39273696340615,"source_datadesc":"2016 January MAFTIGER","source_datasetid":"{9298FF95-0FA8-4712-9AA5-9292C907CA63}","source_featureid":"1101747019401","source_id":"REF-KANAWHA-CONNECTING-ROADS","source_originator":"U.S. Department of Commerce, U.S. Census Bureau, Geography Division","state_route":"114","state_route_a":"114","state_route_b":null,"state_route_c":null,"stco_fipscode":"54039","tnmfrc":3,"us_route":null,"us_route_a":null,"us_route_b":null,"us_route_c":null},"type":"Feature"},{"geometry":{"coordinates":[[-81.570062,38.286321],[-81.570535,38.284993],[-81.570886,38.284043],[-81.571058,38.283595],[-81.57132,38.282875],[-81.571563,38.282245],[-81.571786,38.281639],[-81.571862,38.281445],[-81.572087,38.280813],[-81.57224,38.280332],[-81.572357,38.279923],[-81.572507,38.279315],[-81.572592,38.278899],[-81.572683,38.278389],[-81.572764,38.277819],[-81.573031,38.275383],[-81.573049,38.275167],[-81.573137,38.274408],[-81.573151,38.274227],[-81.573176,38.274038],[-81.573194,38.273837],[-81.573363,38.272269]],"type":"LineString"},"id":"REF-KANAWHA-CONNECTING-ROADS-326","properties":{"canon_status":"REAL_REFERENCE","county_route":null,"federal_lands_route":null,"fictionality":"REAL","globalid":"{97CF80E2-1306-465A-9828-51328B47EE97}","interstate":null,"interstate_a":null,"interstate_b":null,"interstate_c":null,"loaddate":1474002633000,"mtfcc_code":"S1200","name":"Maccorkle Ave SE","objectid":23536988,"permanent_identifier":"d059a378-4b02-4700-8a1e-7d9c228b453f","real_world_relation":"REFERENCE_ONLY","shape_Length":2034.5384731516958,"source_datadesc":"2016 January MAFTIGER","source_datasetid":"{9298FF95-0FA8-4712-9AA5-9292C907CA63}","source_featureid":"1101747018886","source_id":"REF-KANAWHA-CONNECTING-ROADS","source_originator":"U.S. Department of Commerce, U.S. Census Bureau, Geography Division","state_route":"61","state_route_a":"61","state_route_b":null,"state_route_c":null,"stco_fipscode":"54039","tnmfrc":3,"us_route":null,"us_route_a":null,"us_route_b":null,"us_route_c":null},"type":"Feature"},{"geometry":{"coordinates":[[-81.6724,38.375546],[-81.673184,38.375815]],"type":"LineString"},"id":"REF-KANAWHA-CONNECTING-ROADS-327","properties":{"canon_status":"REAL_REFERENCE","county_route":null,"federal_lands_route":null,"fictionality":"REAL","globalid":"{D3D804BA-CB34-4FDE-B033-FD629DB884F7}","interstate":null,"interstate_a":null,"interstate_b":null,"interstate_c":null,"loaddate":1568217705000,"mtfcc_code":"S1200","name":"7th Ave","objectid":23624093,"permanent_identifier":"de82a17f-41a6-46ee-a6a5-7a9907b42b52","real_world_relation":"REFERENCE_ONLY","shape_Length":95.26742304274576,"source_datadesc":"2016 January MAFTIGER","source_datasetid":"{9298FF95-0FA8-4712-9AA5-9292C907CA63}","source_featureid":"1101747012130","source_id":"REF-KANAWHA-CONNECTING-ROADS","source_originator":"U.S. Department of Commerce, U.S. Census Bureau, Geography Division","state_route":"25","state_route_a":"25","state_route_b":null,"state_route_c":null,"stco_fipscode":"54039","tnmfrc":3,"us_route":null,"us_route_a":null,"us_route_b":null,"us_route_c":null},"type":"Feature"},{"geometry":{"coordinates":[[-81.568738,38.289758],[-81.568664,38.289878],[-81.56857,38.290096],[-81.56843,38.290402],[-81.568182,38.290985],[-81.568046,38.291321],[-81.567944,38.291603],[-81.567643,38.292392],[-81.567311,38.293283],[-81.567212,38.293566],[-81.567175,38.293666],[-81.567169,38.293683]],"type":"LineString"},"id":"REF-KANAWHA-CONNECTING-ROADS-328","properties":{"canon_status":"REAL_REFERENCE","county_route":null,"federal_lands_route":null,"fictionality":"REAL","globalid":"{E4E7F95E-3D36-4E6C-B9BD-B05162C08CC4}","interstate":null,"interstate_a":null,"interstate_b":null,"interstate_c":null,"loaddate":1568217705000,"mtfcc_code":"S1200","name":"Maccorkle Ave SE","objectid":23752611,"permanent_identifier":"531832fa-02ac-4554-bcf7-8f7f2d658539","real_world_relation":"REFERENCE_ONLY","shape_Length":583.7961046110655,"source_datadesc":"2018 May MAF/TIGER","source_datasetid":"{9298FF95-0FA8-4712-9AA5-9292C907CA63}","source_featureid":"1101747018887","source_id":"REF-KANAWHA-CONNECTING-ROADS","source_originator":"U.S. Department of Commerce, U.S. Census Bureau, Geography Division","state_route":"61","state_route_a":"61","state_route_b":null,"state_route_c":null,"stco_fipscode":"54039","tnmfrc":3,"us_route":null,"us_route_a":null,"us_route_b":null,"us_route_c":null},"type":"Feature"},{"geometry":{"coordinates":[[-81.57005,38.375364],[-81.570757,38.375063],[-81.571124,38.374896],[-81.571365,38.374777],[-81.571631,38.374627],[-81.571921,38.374443],[-81.571979,38.3744]],"type":"LineString"},"id":"REF-KANAWHA-CONNECTING-ROADS-329","properties":{"canon_status":"REAL_REFERENCE","county_route":null,"federal_lands_route":null,"fictionality":"REAL","globalid":"{ED138E15-C6AE-4D66-8181-A3DA11FAF7AE}","interstate":null,"interstate_a":null,"interstate_b":null,"interstate_c":null,"loaddate":1568217705000,"mtfcc_code":"S1200","name":"Greenbrier St","objectid":23752655,"permanent_identifier":"f39bcc38-a53f-47d9-9950-3943f0d9b608","real_world_relation":"REFERENCE_ONLY","shape_Length":255.39573712591445,"source_datadesc":"2016 January MAFTIGER","source_datasetid":"{9298FF95-0FA8-4712-9AA5-9292C907CA63}","source_featureid":"1101747019399","source_id":"REF-KANAWHA-CONNECTING-ROADS","source_originator":"U.S. Department of Commerce, U.S. Census Bureau, Geography Division","state_route":"114","state_route_a":"114","state_route_b":null,"state_route_c":null,"stco_fipscode":"54039","tnmfrc":3,"us_route":null,"us_route_a":null,"us_route_b":null,"us_route_c":null},"type":"Feature"},{"geometry":{"coordinates":[[-81.52568,38.214125],[-81.525604,38.21402],[-81.525516,38.213897],[-81.525458,38.213817],[-81.5254,38.213737]],"type":"LineString"},"id":"REF-KANAWHA-CONNECTING-ROADS-330","properties":{"canon_status":"REAL_REFERENCE","county_route":null,"federal_lands_route":null,"fictionality":"REAL","globalid":"{267E03D4-3091-4DA2-8A20-4386059A93CE}","interstate":null,"interstate_a":null,"interstate_b":null,"interstate_c":null,"loaddate":1474002619000,"mtfcc_code":"S1200","name":"Maccorkle Ave","objectid":23793674,"permanent_identifier":"11148dad-edd1-41cb-b279-dfa7ac8f679d","real_world_relation":"REFERENCE_ONLY","shape_Length":63.194056871315425,"source_datadesc":"2016 January MAFTIGER","source_datasetid":"{9298FF95-0FA8-4712-9AA5-9292C907CA63}","source_featureid":"1101747018871","source_id":"REF-KANAWHA-CONNECTING-ROADS","source_originator":"U.S. Department of Commerce, U.S. Census Bureau, Geography Division","state_route":"61","state_route_a":"61","state_route_b":null,"state_route_c":null,"stco_fipscode":"54039","tnmfrc":3,"us_route":null,"us_route_a":null,"us_route_b":null,"us_route_c":null},"type":"Feature"},{"geometry":{"coordinates":[[-81.5644,38.311459],[-81.56408,38.311258],[-81.564013,38.3112],[-81.563872,38.311059],[-81.563844,38.311025],[-81.56376,38.310924],[-81.563663,38.310783],[-81.563635,38.310735]],"type":"LineString"},"id":"REF-KANAWHA-CONNECTING-ROADS-331","properties":{"canon_status":"REAL_REFERENCE","county_route":null,"federal_lands_route":null,"fictionality":"REAL","globalid":"{3C6C8CCA-82CD-4ADC-A130-E9CEFD6E8660}","interstate":null,"interstate_a":null,"interstate_b":null,"interstate_c":null,"loaddate":1474001726000,"mtfcc_code":"S1200","name":"Maccorkle Ave SE","objectid":23794059,"permanent_identifier":"594c8d67-8eb7-4c05-839a-345aec7b4b18","real_world_relation":"REFERENCE_ONLY","shape_Length":135.23677174829058,"source_datadesc":"2016 January MAFTIGER","source_datasetid":"{9298FF95-0FA8-4712-9AA5-9292C907CA63}","source_featureid":"1101747018888","source_id":"REF-KANAWHA-CONNECTING-ROADS","source_originator":"U.S. Department of Commerce, U.S. Census Bureau, Geography Division","state_route":"61","state_route_a":"61","state_route_b":null,"state_route_c":null,"stco_fipscode":"54039","tnmfrc":3,"us_route":null,"us_route_a":null,"us_route_b":null,"us_route_c":null},"type":"Feature"},{"geometry":{"coordinates":[[-81.65824,38.358778],[-81.657578,38.358353],[-81.65691,38.357972],[-81.656485,38.357747],[-81.656051,38.357535],[-81.655874,38.357454],[-81.65359,38.356502],[-81.653286,38.356381],[-81.653079,38.356281],[-81.65209,38.355739],[-81.651817,38.355584],[-81.65141,38.355319],[-81.651093,38.355098],[-81.650794,38.354876]],"type":"LineString"},"id":"REF-KANAWHA-CONNECTING-ROADS-332","properties":{"canon_status":"REAL_REFERENCE","county_route":null,"federal_lands_route":null,"fictionality":"REAL","globalid":"{78B3875F-0999-4FB6-B5B8-2F950CF1645F}","interstate":null,"interstate_a":null,"interstate_b":null,"interstate_c":null,"loaddate":1568217705000,"mtfcc_code":"S1200","name":"Maccorkle Ave SW","objectid":23880671,"permanent_identifier":"fdbbc6a5-1c93-412c-898d-bd94232fd435","real_world_relation":"REFERENCE_ONLY","shape_Length":1000.7989481799198,"source_datadesc":"2018 May MAF/TIGER","source_datasetid":"{9298FF95-0FA8-4712-9AA5-9292C907CA63}","source_featureid":"1101747018889","source_id":"REF-KANAWHA-CONNECTING-ROADS","source_originator":"U.S. Department of Commerce, U.S. Census Bureau, Geography Division","state_route":"61","state_route_a":"61","state_route_b":null,"state_route_c":null,"stco_fipscode":"54039","tnmfrc":3,"us_route":null,"us_route_a":null,"us_route_b":null,"us_route_c":null},"type":"Feature"},{"geometry":{"coordinates":[[-81.60555,38.220751],[-81.605551,38.220813]],"type":"LineString"},"id":"REF-KANAWHA-CONNECTING-ROADS-333","properties":{"canon_status":"REAL_REFERENCE","county_route":null,"federal_lands_route":null,"fictionality":"REAL","globalid":"{47BB4E2A-E241-4AEB-8E8F-9245102C91F2}","interstate":null,"interstate_a":null,"interstate_b":null,"interstate_c":null,"loaddate":1474001298000,"mtfcc_code":"S1200","name":"State Rte 94","objectid":23921907,"permanent_identifier":"adaae3de-1157-4c78-9913-df81db355445","real_world_relation":"REFERENCE_ONLY","shape_Length":8.785705023380984,"source_datadesc":"2016 January MAFTIGER","source_datasetid":"{9298FF95-0FA8-4712-9AA5-9292C907CA63}","source_featureid":"1101747011792","source_id":"REF-KANAWHA-CONNECTING-ROADS","source_originator":"U.S. Department of Commerce, U.S. Census Bureau, Geography Division","state_route":"94","state_route_a":"94","state_route_b":null,"state_route_c":null,"stco_fipscode":"54039","tnmfrc":3,"us_route":null,"us_route_a":null,"us_route_b":null,"us_route_c":null},"type":"Feature"},{"geometry":{"coordinates":[[-81.57769,38.319117],[-81.576331,38.318326],[-81.576237,38.318272]],"type":"LineString"},"id":"REF-KANAWHA-CONNECTING-ROADS-334","properties":{"canon_status":"REAL_REFERENCE","county_route":null,"federal_lands_route":null,"fictionality":"REAL","globalid":"{500D2C9A-C82B-4007-BCA9-1A83B7F2D885}","interstate":null,"interstate_a":null,"interstate_b":null,"interstate_c":null,"loaddate":1568217705000,"mtfcc_code":"S1200","name":"Maccorkle Ave SE","objectid":24009218,"permanent_identifier":"a26b75eb-4c04-475e-9823-36759b950acc","real_world_relation":"REFERENCE_ONLY","shape_Length":201.33707095181006,"source_datadesc":"2016 January MAFTIGER","source_datasetid":"{9298FF95-0FA8-4712-9AA5-9292C907CA63}","source_featureid":"1101747018888","source_id":"REF-KANAWHA-CONNECTING-ROADS","source_originator":"U.S. Department of Commerce, U.S. Census Bureau, Geography Division","state_route":"61","state_route_a":"61","state_route_b":null,"state_route_c":null,"stco_fipscode":"54039","tnmfrc":3,"us_route":null,"us_route_a":null,"us_route_b":null,"us_route_c":null},"type":"Feature"},{"geometry":{"coordinates":[[-81.442238,38.216123],[-81.442492,38.216083],[-81.443388,38.215968],[-81.443791,38.215923],[-81.443937,38.215901],[-81.444149,38.21585]],"type":"LineString"},"id":"REF-KANAWHA-CONNECTING-ROADS-335","properties":{"canon_status":"REAL_REFERENCE","county_route":null,"federal_lands_route":null,"fictionality":"REAL","globalid":"{196B0430-B531-44AF-9DAE-5611DBEF0455}","interstate":null,"interstate_a":null,"interstate_b":null,"interstate_c":null,"loaddate":1474003102000,"mtfcc_code":"S1200","name":"3rd Ave","objectid":24050160,"permanent_identifier":"5506a2f1-df72-4d1d-a41e-b72b65ceaa97","real_world_relation":"REFERENCE_ONLY","shape_Length":216.44456659723505,"source_datadesc":"2016 January MAFTIGER","source_datasetid":"{9298FF95-0FA8-4712-9AA5-9292C907CA63}","source_featureid":"1104259509480","source_id":"REF-KANAWHA-CONNECTING-ROADS","source_originator":"U.S. Department of Commerce, U.S. Census Bureau, Geography Division","state_route":"61","state_route_a":"61","state_route_b":null,"state_route_c":null,"stco_fipscode":"54039","tnmfrc":3,"us_route":null,"us_route_a":null,"us_route_b":null,"us_route_c":null},"type":"Feature"},{"geometry":{"coordinates":[[-81.496163,38.199176],[-81.49625,38.198737]],"type":"LineString"},"id":"REF-KANAWHA-CONNECTING-ROADS-336","properties":{"canon_status":"REAL_REFERENCE","county_route":null,"federal_lands_route":null,"fictionality":"REAL","globalid":"{2BB4785D-0330-428F-BEA0-B3CCD0C1AFD4}","interstate":null,"interstate_a":"","interstate_b":"","interstate_c":"","loaddate":1673511277000,"mtfcc_code":"S1400","name":"Admiral T.J. Lopez Bridge","objectid":24050173,"permanent_identifier":"e9c1944e-57b6-4322-bcc7-dfe3d9a1d050","real_world_relation":"REFERENCE_ONLY","shape_Length":62.934645278392765,"source_datadesc":"2016 January MAFTIGER","source_datasetid":"{9298FF95-0FA8-4712-9AA5-9292C907CA63}","source_featureid":"1101747014073","source_id":"REF-KANAWHA-CONNECTING-ROADS","source_originator":"U.S. Department of Commerce, U.S. Census Bureau, Geography Division","state_route":null,"state_route_a":"","state_route_b":"","state_route_c":"","stco_fipscode":"54039","tnmfrc":3,"us_route":null,"us_route_a":"","us_route_b":"","us_route_c":""},"type":"Feature"},{"geometry":{"coordinates":[[-81.56331,38.30888],[-81.563313,38.308652],[-81.563315,38.308467],[-81.563338,38.308201],[-81.563364,38.306977],[-81.563344,38.306769]],"type":"LineString"},"id":"REF-KANAWHA-CONNECTING-ROADS-337","properties":{"canon_status":"REAL_REFERENCE","county_route":null,"federal_lands_route":null,"fictionality":"REAL","globalid":"{7312553E-8A08-424F-8CEB-935C5C67CFE3}","interstate":null,"interstate_a":null,"interstate_b":null,"interstate_c":null,"loaddate":1568217705000,"mtfcc_code":"S1200","name":"Maccorkle Ave SE","objectid":24137456,"permanent_identifier":"11b75a26-ff3e-4e15-bfaf-1eea89d01735","real_world_relation":"REFERENCE_ONLY","shape_Length":299.67232375973293,"source_datadesc":"2016 January MAFTIGER","source_datasetid":"{9298FF95-0FA8-4712-9AA5-9292C907CA63}","source_featureid":"1101747018888","source_id":"REF-KANAWHA-CONNECTING-ROADS","source_originator":"U.S. Department of Commerce, U.S. Census Bureau, Geography Division","state_route":"61","state_route_a":"61","state_route_b":null,"state_route_c":null,"stco_fipscode":"54039","tnmfrc":3,"us_route":null,"us_route_a":null,"us_route_b":null,"us_route_c":null},"type":"Feature"},{"geometry":{"coordinates":[[-81.563501,38.303307],[-81.563539,38.303145],[-81.563634,38.302818],[-81.563773,38.302423]],"type":"LineString"},"id":"REF-KANAWHA-CONNECTING-ROADS-338","properties":{"canon_status":"REAL_REFERENCE","county_route":null,"federal_lands_route":null,"fictionality":"REAL","globalid":"{04DDCAA8-AE08-46EF-9370-8A09A3E6B715}","interstate":null,"interstate_a":null,"interstate_b":null,"interstate_c":null,"loaddate":1474001730000,"mtfcc_code":"S1200","name":"Maccorkle Ave SE","objectid":24178452,"permanent_identifier":"448fa2fc-dbdd-4892-9a7c-489a1df1d8da","real_world_relation":"REFERENCE_ONLY","shape_Length":129.07277524973114,"source_datadesc":"2016 January MAFTIGER","source_datasetid":"{9298FF95-0FA8-4712-9AA5-9292C907CA63}","source_featureid":"1101747018888","source_id":"REF-KANAWHA-CONNECTING-ROADS","source_originator":"U.S. Department of Commerce, U.S. Census Bureau, Geography Division","state_route":"61","state_route_a":"61","state_route_b":null,"state_route_c":null,"stco_fipscode":"54039","tnmfrc":3,"us_route":null,"us_route_a":null,"us_route_b":null,"us_route_c":null},"type":"Feature"},{"geometry":{"coordinates":[[-81.566118,38.296484],[-81.566073,38.296596],[-81.565961,38.296881],[-81.56568,38.297521]],"type":"LineString"},"id":"REF-KANAWHA-CONNECTING-ROADS-339","properties":{"canon_status":"REAL_REFERENCE","county_route":null,"federal_lands_route":null,"fictionality":"REAL","globalid":"{10BEE226-984E-47E0-8F3B-30E9EBDDC5B5}","interstate":null,"interstate_a":null,"interstate_b":null,"interstate_c":null,"loaddate":1568217705000,"mtfcc_code":"S1200","name":"Maccorkle Ave SE","objectid":24393774,"permanent_identifier":"9a2b2174-215d-4a74-97fb-f85e2816bd88","real_world_relation":"REFERENCE_ONLY","shape_Length":154.9035898704597,"source_datadesc":"2018 May MAF/TIGER","source_datasetid":"{9298FF95-0FA8-4712-9AA5-9292C907CA63}","source_featureid":"1101747018887","source_id":"REF-KANAWHA-CONNECTING-ROADS","source_originator":"U.S. Department of Commerce, U.S. Census Bureau, Geography Division","state_route":"61","state_route_a":"61","state_route_b":null,"state_route_c":null,"stco_fipscode":"54039","tnmfrc":3,"us_route":null,"us_route_a":null,"us_route_b":null,"us_route_c":null},"type":"Feature"},{"geometry":{"coordinates":[[-81.604109,38.215976],[-81.604102,38.21614],[-81.604111,38.216362],[-81.604137,38.216585],[-81.604155,38.21668],[-81.604249,38.217016],[-81.604317,38.217216],[-81.604445,38.21753],[-81.604685,38.218163],[-81.604782,38.218413]],"type":"LineString"},"id":"REF-KANAWHA-CONNECTING-ROADS-340","properties":{"canon_status":"REAL_REFERENCE","county_route":null,"federal_lands_route":null,"fictionality":"REAL","globalid":"{F8450F0A-8D85-456D-9A76-C8886C58A343}","interstate":null,"interstate_a":null,"interstate_b":null,"interstate_c":null,"loaddate":1474002466000,"mtfcc_code":"S1200","name":"Lens Creek Rd","objectid":24562740,"permanent_identifier":"0b65030c-6398-4271-8ce9-6a4733f5373d","real_world_relation":"REFERENCE_ONLY","shape_Length":355.4612830395706,"source_datadesc":"2016 January MAFTIGER","source_datasetid":"{9298FF95-0FA8-4712-9AA5-9292C907CA63}","source_featureid":"1104468897518","source_id":"REF-KANAWHA-CONNECTING-ROADS","source_originator":"U.S. Department of Commerce, U.S. Census Bureau, Geography Division","state_route":"94","state_route_a":"94","state_route_b":null,"state_route_c":null,"stco_fipscode":"54039","tnmfrc":3,"us_route":null,"us_route_a":null,"us_route_b":null,"us_route_c":null},"type":"Feature"},{"geometry":{"coordinates":[[-81.568428,38.313912],[-81.569058,38.314279],[-81.569697,38.314638]],"type":"LineString"},"id":"REF-KANAWHA-CONNECTING-ROADS-341","properties":{"canon_status":"REAL_REFERENCE","county_route":null,"federal_lands_route":null,"fictionality":"REAL","globalid":"{95AAC5C8-35DC-48C1-A53E-71BF99BFC369}","interstate":null,"interstate_a":null,"interstate_b":null,"interstate_c":null,"loaddate":1568217705000,"mtfcc_code":"S1200","name":"Maccorkle Ave SE","objectid":24649778,"permanent_identifier":"04c9f9d4-4b9d-441d-be8e-5bacc2a266ab","real_world_relation":"REFERENCE_ONLY","shape_Length":174.83548102831867,"source_datadesc":"2016 January MAFTIGER","source_datasetid":"{9298FF95-0FA8-4712-9AA5-9292C907CA63}","source_featureid":"1101747018887","source_id":"REF-KANAWHA-CONNECTING-ROADS","source_originator":"U.S. Department of Commerce, U.S. Census Bureau, Geography Division","state_route":"61","state_route_a":"61","state_route_b":null,"state_route_c":null,"stco_fipscode":"54039","tnmfrc":3,"us_route":null,"us_route_a":null,"us_route_b":null,"us_route_c":null},"type":"Feature"},{"geometry":{"coordinates":[[-81.612738,38.341373],[-81.612605,38.341531],[-81.612382,38.34177],[-81.612264,38.341884]],"type":"LineString"},"id":"REF-KANAWHA-CONNECTING-ROADS-342","properties":{"canon_status":"REAL_REFERENCE","county_route":null,"federal_lands_route":null,"fictionality":"REAL","globalid":"{5EA3791D-CF24-4CE6-A80A-397D0CCF4B22}","interstate":null,"interstate_a":null,"interstate_b":null,"interstate_c":null,"loaddate":1568217705000,"mtfcc_code":"S1200","name":"Greenbrier St","objectid":24777928,"permanent_identifier":"87401f3b-60a0-4ab7-b63c-8286ac46cbe9","real_world_relation":"REFERENCE_ONLY","shape_Length":89.74686253651403,"source_datadesc":"2016 January MAFTIGER","source_datasetid":"{9298FF95-0FA8-4712-9AA5-9292C907CA63}","source_featureid":"1101747019401","source_id":"REF-KANAWHA-CONNECTING-ROADS","source_originator":"U.S. Department of Commerce, U.S. Census Bureau, Geography Division","state_route":"114","state_route_a":"114","state_route_b":null,"state_route_c":null,"stco_fipscode":"54039","tnmfrc":3,"us_route":null,"us_route_a":null,"us_route_b":null,"us_route_c":null},"type":"Feature"},{"geometry":{"coordinates":[[-81.533215,38.221197],[-81.532462,38.220632]],"type":"LineString"},"id":"REF-KANAWHA-CONNECTING-ROADS-343","properties":{"canon_status":"REAL_REFERENCE","county_route":null,"federal_lands_route":null,"fictionality":"REAL","globalid":"{A5A857D5-6B6B-4C07-AB6C-337E553CB864}","interstate":null,"interstate_a":null,"interstate_b":null,"interstate_c":null,"loaddate":1474002619000,"mtfcc_code":"S1200","name":"Maccorkle Ave","objectid":24818899,"permanent_identifier":"36d5065a-fe2a-4273-a65e-9e91ed4f9aab","real_world_relation":"REFERENCE_ONLY","shape_Length":115.91196319181653,"source_datadesc":"2016 January MAFTIGER","source_datasetid":"{9298FF95-0FA8-4712-9AA5-9292C907CA63}","source_featureid":"1101747018871","source_id":"REF-KANAWHA-CONNECTING-ROADS","source_originator":"U.S. Department of Commerce, U.S. Census Bureau, Geography Division","state_route":"61","state_route_a":"61","state_route_b":null,"state_route_c":null,"stco_fipscode":"54039","tnmfrc":3,"us_route":null,"us_route_a":null,"us_route_b":null,"us_route_c":null},"type":"Feature"},{"geometry":{"coordinates":[[-81.572477,38.253605],[-81.572295,38.253169]],"type":"LineString"},"id":"REF-KANAWHA-CONNECTING-ROADS-344","properties":{"canon_status":"REAL_REFERENCE","county_route":null,"federal_lands_route":null,"fictionality":"REAL","globalid":"{276E7DAA-272A-492E-B1D4-910A0F04B12F}","interstate":null,"interstate_a":null,"interstate_b":null,"interstate_c":null,"loaddate":1474002633000,"mtfcc_code":"S1200","name":"Maccorkle Ave","objectid":24818902,"permanent_identifier":"811566f4-8c28-4d8f-92d2-f4afd8167a79","real_world_relation":"REFERENCE_ONLY","shape_Length":65.04231494253364,"source_datadesc":"2016 January MAFTIGER","source_datasetid":"{9298FF95-0FA8-4712-9AA5-9292C907CA63}","source_featureid":"1101747018877","source_id":"REF-KANAWHA-CONNECTING-ROADS","source_originator":"U.S. Department of Commerce, U.S. Census Bureau, Geography Division","state_route":"61","state_route_a":"61","state_route_b":null,"state_route_c":null,"stco_fipscode":"54039","tnmfrc":3,"us_route":null,"us_route_a":null,"us_route_b":null,"us_route_c":null},"type":"Feature"},{"geometry":{"coordinates":[[-81.565524,38.297881],[-81.56544,38.298074]],"type":"LineString"},"id":"REF-KANAWHA-CONNECTING-ROADS-345","properties":{"canon_status":"REAL_REFERENCE","county_route":null,"federal_lands_route":null,"fictionality":"REAL","globalid":"{317F1BE8-005C-493F-8AD1-0956212107D4}","interstate":null,"interstate_a":null,"interstate_b":null,"interstate_c":null,"loaddate":1474001492000,"mtfcc_code":"S1200","name":"Maccorkle Ave SE","objectid":24947246,"permanent_identifier":"045d8383-b6dc-4394-864e-54cb0838b9c8","real_world_relation":"REFERENCE_ONLY","shape_Length":28.92892733499482,"source_datadesc":"2016 January MAFTIGER","source_datasetid":"{9298FF95-0FA8-4712-9AA5-9292C907CA63}","source_featureid":"1101747018887","source_id":"REF-KANAWHA-CONNECTING-ROADS","source_originator":"U.S. Department of Commerce, U.S. Census Bureau, Geography Division","state_route":"61","state_route_a":"61","state_route_b":null,"state_route_c":null,"stco_fipscode":"54039","tnmfrc":3,"us_route":null,"us_route_a":null,"us_route_b":null,"us_route_c":null},"type":"Feature"},{"geometry":{"coordinates":[[-81.61181,38.342097],[-81.611771,38.342134],[-81.611654,38.34223],[-81.611614,38.342261],[-81.611511,38.342336]],"type":"LineString"},"id":"REF-KANAWHA-CONNECTING-ROADS-346","properties":{"canon_status":"REAL_REFERENCE","county_route":null,"federal_lands_route":null,"fictionality":"REAL","globalid":"{C4708690-C027-427F-8F01-617441F20E18}","interstate":null,"interstate_a":null,"interstate_b":null,"interstate_c":null,"loaddate":1568217705000,"mtfcc_code":"S1200","name":"Greenbrier St","objectid":25290853,"permanent_identifier":"9bd5b80f-b8a7-4085-865d-d5655b78c95b","real_world_relation":"REFERENCE_ONLY","shape_Length":47.566925769680616,"source_datadesc":"2018 May MAF/TIGER","source_datasetid":"{9298FF95-0FA8-4712-9AA5-9292C907CA63}","source_featureid":"1101747019400","source_id":"REF-KANAWHA-CONNECTING-ROADS","source_originator":"U.S. Department of Commerce, U.S. Census Bureau, Geography Division","state_route":"114","state_route_a":"114","state_route_b":null,"state_route_c":null,"stco_fipscode":"54039","tnmfrc":3,"us_route":null,"us_route_a":null,"us_route_b":null,"us_route_c":null},"type":"Feature"},{"geometry":{"coordinates":[[-81.494036,38.195346],[-81.493501,38.195325]],"type":"LineString"},"id":"REF-KANAWHA-CONNECTING-ROADS-347","properties":{"canon_status":"REAL_REFERENCE","county_route":null,"federal_lands_route":null,"fictionality":"REAL","globalid":"{B72F0E29-6305-4748-8EDE-CF8A05A6996D}","interstate":null,"interstate_a":null,"interstate_b":null,"interstate_c":null,"loaddate":1474003194000,"mtfcc_code":"S1200","name":"3rd Ave","objectid":25332286,"permanent_identifier":"ecc0a893-2f3a-4317-ac8c-79eacfe46152","real_world_relation":"REFERENCE_ONLY","shape_Length":59.63023382678339,"source_datadesc":"2016 January MAFTIGER","source_datasetid":"{9298FF95-0FA8-4712-9AA5-9292C907CA63}","source_featureid":"1101747011931","source_id":"REF-KANAWHA-CONNECTING-ROADS","source_originator":"U.S. Department of Commerce, U.S. Census Bureau, Geography Division","state_route":"61","state_route_a":"61","state_route_b":null,"state_route_c":null,"stco_fipscode":"54039","tnmfrc":3,"us_route":null,"us_route_a":null,"us_route_b":null,"us_route_c":null},"type":"Feature"},{"geometry":{"coordinates":[[-81.59718,38.227939],[-81.596921,38.228133],[-81.596693,38.228314]],"type":"LineString"},"id":"REF-KANAWHA-CONNECTING-ROADS-348","properties":{"canon_status":"REAL_REFERENCE","county_route":null,"federal_lands_route":null,"fictionality":"REAL","globalid":"{8380AAA8-13C5-4A47-A0FD-99C8E4175500}","interstate":null,"interstate_a":null,"interstate_b":null,"interstate_c":null,"loaddate":1474002663000,"mtfcc_code":"S1200","name":"Lens Creek Rd","objectid":25332290,"permanent_identifier":"f80f194f-15cd-443c-b588-69be62bcac36","real_world_relation":"REFERENCE_ONLY","shape_Length":75.92194928748117,"source_datadesc":"2016 January MAFTIGER","source_datasetid":"{9298FF95-0FA8-4712-9AA5-9292C907CA63}","source_featureid":"1104468979888","source_id":"REF-KANAWHA-CONNECTING-ROADS","source_originator":"U.S. Department of Commerce, U.S. Census Bureau, Geography Division","state_route":"94","state_route_a":"94","state_route_b":null,"state_route_c":null,"stco_fipscode":"54039","tnmfrc":3,"us_route":null,"us_route_a":null,"us_route_b":null,"us_route_c":null},"type":"Feature"},{"geometry":{"coordinates":[[-81.590724,38.326765],[-81.591289,38.327098],[-81.591541,38.327231],[-81.591652,38.327279]],"type":"LineString"},"id":"REF-KANAWHA-CONNECTING-ROADS-349","properties":{"canon_status":"REAL_REFERENCE","county_route":null,"federal_lands_route":null,"fictionality":"REAL","globalid":"{14992562-6AE1-4052-8094-D095E95BFAEF}","interstate":null,"interstate_a":null,"interstate_b":null,"interstate_c":null,"loaddate":1474001492000,"mtfcc_code":"S1200","name":"Maccorkle Ave SE","objectid":25332605,"permanent_identifier":"df055a1f-f0fb-4e9b-9621-efaa71c86d08","real_world_relation":"REFERENCE_ONLY","shape_Length":126.58799321234659,"source_datadesc":"2016 January MAFTIGER","source_datasetid":"{9298FF95-0FA8-4712-9AA5-9292C907CA63}","source_featureid":"1101747018887","source_id":"REF-KANAWHA-CONNECTING-ROADS","source_originator":"U.S. Department of Commerce, U.S. Census Bureau, Geography Division","state_route":"61","state_route_a":"61","state_route_b":null,"state_route_c":null,"stco_fipscode":"54039","tnmfrc":3,"us_route":null,"us_route_a":null,"us_route_b":null,"us_route_c":null},"type":"Feature"},{"geometry":{"coordinates":[[-81.571664,38.251892],[-81.571655,38.251875]],"type":"LineString"},"id":"REF-KANAWHA-CONNECTING-ROADS-350","properties":{"canon_status":"REAL_REFERENCE","county_route":null,"federal_lands_route":null,"fictionality":"REAL","globalid":"{B6C83C2F-A88F-46A7-8042-B9F2117447AB}","interstate":null,"interstate_a":null,"interstate_b":null,"interstate_c":null,"loaddate":1474002633000,"mtfcc_code":"S1200","name":"Maccorkle Ave","objectid":25716526,"permanent_identifier":"9bcb7f61-6602-4bbb-a4b9-49d30ba3416f","real_world_relation":"REFERENCE_ONLY","shape_Length":2.6097393133593183,"source_datadesc":"2016 January MAFTIGER","source_datasetid":"{9298FF95-0FA8-4712-9AA5-9292C907CA63}","source_featureid":"1101747018877","source_id":"REF-KANAWHA-CONNECTING-ROADS","source_originator":"U.S. Department of Commerce, U.S. Census Bureau, Geography Division","state_route":"61","state_route_a":"61","state_route_b":null,"state_route_c":null,"stco_fipscode":"54039","tnmfrc":3,"us_route":null,"us_route_a":null,"us_route_b":null,"us_route_c":null},"type":"Feature"},{"geometry":{"coordinates":[[-81.568477,38.247308],[-81.569027,38.248014]],"type":"LineString"},"id":"REF-KANAWHA-CONNECTING-ROADS-351","properties":{"canon_status":"REAL_REFERENCE","county_route":null,"federal_lands_route":null,"fictionality":"REAL","globalid":"{A7B5455C-8153-4F87-BFB8-8F72002A5137}","interstate":null,"interstate_a":null,"interstate_b":null,"interstate_c":null,"loaddate":1474002652000,"mtfcc_code":"S1200","name":"Maccorkle Ave","objectid":25972738,"permanent_identifier":"cb465d7b-1772-4b90-81c2-b78c6c7661d9","real_world_relation":"REFERENCE_ONLY","shape_Length":117.31662997667483,"source_datadesc":"2016 January MAFTIGER","source_datasetid":"{9298FF95-0FA8-4712-9AA5-9292C907CA63}","source_featureid":"1101747018876","source_id":"REF-KANAWHA-CONNECTING-ROADS","source_originator":"U.S. Department of Commerce, U.S. Census Bureau, Geography Division","state_route":"61","state_route_a":"61","state_route_b":null,"state_route_c":null,"stco_fipscode":"54039","tnmfrc":3,"us_route":null,"us_route_a":null,"us_route_b":null,"us_route_c":null},"type":"Feature"},{"geometry":{"coordinates":[[-81.56558,38.240237],[-81.565334,38.240566]],"type":"LineString"},"id":"REF-KANAWHA-CONNECTING-ROADS-352","properties":{"canon_status":"REAL_REFERENCE","county_route":null,"federal_lands_route":null,"fictionality":"REAL","globalid":"{AB505F7B-6EAE-4162-8294-48B58470A221}","interstate":null,"interstate_a":null,"interstate_b":null,"interstate_c":null,"loaddate":1474001298000,"mtfcc_code":"S1200","name":"State Rte 94","objectid":25972805,"permanent_identifier":"93cdad6b-6485-4234-827e-1775cbccc0f1","real_world_relation":"REFERENCE_ONLY","shape_Length":54.076463368922276,"source_datadesc":"2016 January MAFTIGER","source_datasetid":"{9298FF95-0FA8-4712-9AA5-9292C907CA63}","source_featureid":"1101747011790","source_id":"REF-KANAWHA-CONNECTING-ROADS","source_originator":"U.S. Department of Commerce, U.S. Census Bureau, Geography Division","state_route":"94","state_route_a":"94","state_route_b":null,"state_route_c":null,"stco_fipscode":"54039","tnmfrc":3,"us_route":null,"us_route_a":null,"us_route_b":null,"us_route_c":null},"type":"Feature"},{"geometry":{"coordinates":[[-81.607177,38.344869],[-81.606967,38.34506],[-81.606744,38.345241],[-81.606508,38.345412],[-81.606114,38.345682],[-81.605814,38.345902],[-81.605675,38.346034],[-81.60555,38.346175],[-81.60544,38.346324],[-81.605346,38.346483],[-81.605254,38.346685],[-81.605242,38.34672]],"type":"LineString"},"id":"REF-KANAWHA-CONNECTING-ROADS-353","properties":{"canon_status":"REAL_REFERENCE","county_route":null,"federal_lands_route":null,"fictionality":"REAL","globalid":"{33188B86-FD06-4B0A-A935-C24C6173C1B5}","interstate":null,"interstate_a":null,"interstate_b":null,"interstate_c":null,"loaddate":1474002869000,"mtfcc_code":"S1200","name":"Greenbrier St","objectid":25972818,"permanent_identifier":"448fcea0-97e6-4579-a662-8192feace0b2","real_world_relation":"REFERENCE_ONLY","shape_Length":344.8330688521145,"source_datadesc":"2016 January MAFTIGER","source_datasetid":"{9298FF95-0FA8-4712-9AA5-9292C907CA63}","source_featureid":"1101747019400","source_id":"REF-KANAWHA-CONNECTING-ROADS","source_originator":"U.S. Department of Commerce, U.S. Census Bureau, Geography Division","state_route":"114","state_route_a":"114","state_route_b":null,"state_route_c":null,"stco_fipscode":"54039","tnmfrc":3,"us_route":null,"us_route_a":null,"us_route_b":null,"us_route_c":null},"type":"Feature"},{"geometry":{"coordinates":[[-81.564682,38.300163],[-81.564784,38.299908],[-81.565077,38.299162],[-81.565495,38.298156]],"type":"LineString"},"id":"REF-KANAWHA-CONNECTING-ROADS-354","properties":{"canon_status":"REAL_REFERENCE","county_route":null,"federal_lands_route":null,"fictionality":"REAL","globalid":"{EEAD9D3E-D315-4F16-B441-273E7E4327C6}","interstate":null,"interstate_a":null,"interstate_b":null,"interstate_c":null,"loaddate":1568217705000,"mtfcc_code":"S1200","name":"Maccorkle Ave SE","objectid":26059934,"permanent_identifier":"d98d846b-4133-4683-98ea-ca4beed1d60b","real_world_relation":"REFERENCE_ONLY","shape_Length":298.76798149956835,"source_datadesc":"2018 May MAF/TIGER","source_datasetid":"{9298FF95-0FA8-4712-9AA5-9292C907CA63}","source_featureid":"1101747018888","source_id":"REF-KANAWHA-CONNECTING-ROADS","source_originator":"U.S. Department of Commerce, U.S. Census Bureau, Geography Division","state_route":"61","state_route_a":"61","state_route_b":null,"state_route_c":null,"stco_fipscode":"54039","tnmfrc":3,"us_route":null,"us_route_a":null,"us_route_b":null,"us_route_c":null},"type":"Feature"},{"geometry":{"coordinates":[[-81.676666,38.376487],[-81.677464,38.376554],[-81.678725,38.376674],[-81.678758,38.376677]],"type":"LineString"},"id":"REF-KANAWHA-CONNECTING-ROADS-355","properties":{"canon_status":"REAL_REFERENCE","county_route":null,"federal_lands_route":null,"fictionality":"REAL","globalid":"{53FEC9D2-D84A-4738-993E-F61B36464EA7}","interstate":null,"interstate_a":null,"interstate_b":null,"interstate_c":null,"loaddate":1568217705000,"mtfcc_code":"S1200","name":"7th Ave","objectid":26059957,"permanent_identifier":"c1b048ba-813d-49a8-8c61-f3b29a778072","real_world_relation":"REFERENCE_ONLY","shape_Length":234.44356540051908,"source_datadesc":"2016 January MAFTIGER","source_datasetid":"{9298FF95-0FA8-4712-9AA5-9292C907CA63}","source_featureid":"1101747012130","source_id":"REF-KANAWHA-CONNECTING-ROADS","source_originator":"U.S. Department of Commerce, U.S. Census Bureau, Geography Division","state_route":"25","state_route_a":"25","state_route_b":null,"state_route_c":null,"stco_fipscode":"54039","tnmfrc":3,"us_route":null,"us_route_a":null,"us_route_b":null,"us_route_c":null},"type":"Feature"},{"geometry":{"coordinates":[[-81.526194,38.21479],[-81.52607,38.214646],[-81.525973,38.214525],[-81.52585,38.214359]],"type":"LineString"},"id":"REF-KANAWHA-CONNECTING-ROADS-356","properties":{"canon_status":"REAL_REFERENCE","county_route":null,"federal_lands_route":null,"fictionality":"REAL","globalid":"{47448E8E-779F-437D-9FC5-4B304B543D6F}","interstate":null,"interstate_a":null,"interstate_b":null,"interstate_c":null,"loaddate":1474002619000,"mtfcc_code":"S1200","name":"Maccorkle Ave","objectid":26100905,"permanent_identifier":"1936a0c9-da86-401e-84c7-4a66419a8e55","real_world_relation":"REFERENCE_ONLY","shape_Length":72.10840614925259,"source_datadesc":"2016 January MAFTIGER","source_datasetid":"{9298FF95-0FA8-4712-9AA5-9292C907CA63}","source_featureid":"1101747018871","source_id":"REF-KANAWHA-CONNECTING-ROADS","source_originator":"U.S. Department of Commerce, U.S. Census Bureau, Geography Division","state_route":"61","state_route_a":"61","state_route_b":null,"state_route_c":null,"stco_fipscode":"54039","tnmfrc":3,"us_route":null,"us_route_a":null,"us_route_b":null,"us_route_c":null},"type":"Feature"},{"geometry":{"coordinates":[[-81.563773,38.302423],[-81.564092,38.301615],[-81.564276,38.301172],[-81.564682,38.300163]],"type":"LineString"},"id":"REF-KANAWHA-CONNECTING-ROADS-357","properties":{"canon_status":"REAL_REFERENCE","county_route":null,"federal_lands_route":null,"fictionality":"REAL","globalid":"{5C8769B5-4E46-4779-8652-4747695432DF}","interstate":null,"interstate_a":null,"interstate_b":null,"interstate_c":null,"loaddate":1568217705000,"mtfcc_code":"S1200","name":"Maccorkle Ave SE","objectid":26187952,"permanent_identifier":"feea51ec-97b5-41f7-bc07-fa901ae48e55","real_world_relation":"REFERENCE_ONLY","shape_Length":336.1790636360648,"source_datadesc":"2018 May MAF/TIGER","source_datasetid":"{9298FF95-0FA8-4712-9AA5-9292C907CA63}","source_featureid":"1101747018888","source_id":"REF-KANAWHA-CONNECTING-ROADS","source_originator":"U.S. Department of Commerce, U.S. Census Bureau, Geography Division","state_route":"61","state_route_a":"61","state_route_b":null,"state_route_c":null,"stco_fipscode":"54039","tnmfrc":3,"us_route":null,"us_route_a":null,"us_route_b":null,"us_route_c":null},"type":"Feature"},{"geometry":{"coordinates":[[-81.498061,38.195948],[-81.497837,38.19595],[-81.497546,38.195936]],"type":"LineString"},"id":"REF-KANAWHA-CONNECTING-ROADS-358","properties":{"canon_status":"REAL_REFERENCE","county_route":null,"federal_lands_route":null,"fictionality":"REAL","globalid":"{2CEA8E93-459B-4F82-B2C3-2951A6D537F7}","interstate":null,"interstate_a":null,"interstate_b":null,"interstate_c":null,"loaddate":1474002766000,"mtfcc_code":"S1200","name":"Maccorkle Ave","objectid":26228671,"permanent_identifier":"7783ec3f-b6c6-4be2-99e1-77333d3c01b0","real_world_relation":"REFERENCE_ONLY","shape_Length":57.39185334048376,"source_datadesc":"2016 January MAFTIGER","source_datasetid":"{9298FF95-0FA8-4712-9AA5-9292C907CA63}","source_featureid":"1101747018866","source_id":"REF-KANAWHA-CONNECTING-ROADS","source_originator":"U.S. Department of Commerce, U.S. Census Bureau, Geography Division","state_route":"61","state_route_a":"61","state_route_b":null,"state_route_c":null,"stco_fipscode":"54039","tnmfrc":3,"us_route":null,"us_route_a":null,"us_route_b":null,"us_route_c":null},"type":"Feature"},{"geometry":{"coordinates":[[-81.488133,38.195084],[-81.488449,38.195095]],"type":"LineString"},"id":"REF-KANAWHA-CONNECTING-ROADS-359","properties":{"canon_status":"REAL_REFERENCE","county_route":null,"federal_lands_route":null,"fictionality":"REAL","globalid":"{1A72D835-68A4-42E8-A3B5-1E757D770BC6}","interstate":null,"interstate_a":null,"interstate_b":null,"interstate_c":null,"loaddate":1474003102000,"mtfcc_code":"S1200","name":"3rd Ave","objectid":26229075,"permanent_identifier":"14518bba-3a56-46a1-bba9-42415145e73a","real_world_relation":"REFERENCE_ONLY","shape_Length":35.21148966679075,"source_datadesc":"2016 January MAFTIGER","source_datasetid":"{9298FF95-0FA8-4712-9AA5-9292C907CA63}","source_featureid":"1104259509480","source_id":"REF-KANAWHA-CONNECTING-ROADS","source_originator":"U.S. Department of Commerce, U.S. Census Bureau, Geography Division","state_route":"61","state_route_a":"61","state_route_b":null,"state_route_c":null,"stco_fipscode":"54039","tnmfrc":3,"us_route":null,"us_route_a":null,"us_route_b":null,"us_route_c":null},"type":"Feature"},{"geometry":{"coordinates":[[-81.650506,38.354549],[-81.650981,38.354902]],"type":"LineString"},"id":"REF-KANAWHA-CONNECTING-ROADS-360","properties":{"canon_status":"REAL_REFERENCE","county_route":null,"federal_lands_route":null,"fictionality":"REAL","globalid":"{487B98D3-F0F2-4863-8EEF-D846939B6D6E}","interstate":null,"interstate_a":null,"interstate_b":null,"interstate_c":null,"loaddate":1568217705000,"mtfcc_code":"S1200","name":"Maccorkle Ave SW","objectid":26316093,"permanent_identifier":"c9b1a91a-e029-410c-9536-a6f521740b74","real_world_relation":"REFERENCE_ONLY","shape_Length":72.84921527986754,"source_datadesc":"2016 January MAFTIGER","source_datasetid":"{9298FF95-0FA8-4712-9AA5-9292C907CA63}","source_featureid":"1101747018890","source_id":"REF-KANAWHA-CONNECTING-ROADS","source_originator":"U.S. Department of Commerce, U.S. Census Bureau, Geography Division","state_route":"61","state_route_a":"61","state_route_b":null,"state_route_c":null,"stco_fipscode":"54039","tnmfrc":3,"us_route":null,"us_route_a":null,"us_route_b":null,"us_route_c":null},"type":"Feature"},{"geometry":{"coordinates":[[-81.667273,38.37396],[-81.667414,38.374047],[-81.667557,38.374127]],"type":"LineString"},"id":"REF-KANAWHA-CONNECTING-ROADS-361","properties":{"canon_status":"REAL_REFERENCE","county_route":null,"federal_lands_route":null,"fictionality":"REAL","globalid":"{0D2AB119-5461-4965-9095-CF1A42EC20D9}","interstate":null,"interstate_a":null,"interstate_b":null,"interstate_c":null,"loaddate":1474003011000,"mtfcc_code":"S1200","name":"7th Ave","objectid":26356830,"permanent_identifier":"174bdbf1-e432-461c-9792-4589aaff80c7","real_world_relation":"REFERENCE_ONLY","shape_Length":39.530491018882444,"source_datadesc":"2016 January MAFTIGER","source_datasetid":"{9298FF95-0FA8-4712-9AA5-9292C907CA63}","source_featureid":"1101747012130","source_id":"REF-KANAWHA-CONNECTING-ROADS","source_originator":"U.S. Department of Commerce, U.S. Census Bureau, Geography Division","state_route":"25","state_route_a":"25","state_route_b":null,"state_route_c":null,"stco_fipscode":"54039","tnmfrc":3,"us_route":null,"us_route_a":null,"us_route_b":null,"us_route_c":null},"type":"Feature"},{"geometry":{"coordinates":[[-81.55991,38.240697],[-81.560776,38.241234],[-81.560945,38.241358],[-81.561085,38.241477]],"type":"LineString"},"id":"REF-KANAWHA-CONNECTING-ROADS-362","properties":{"canon_status":"REAL_REFERENCE","county_route":null,"federal_lands_route":null,"fictionality":"REAL","globalid":"{4B90AF51-F344-4F64-AD39-6F44A49DF33D}","interstate":null,"interstate_a":null,"interstate_b":null,"interstate_c":null,"loaddate":1474002730000,"mtfcc_code":"S1200","name":"Maccorkle Ave","objectid":26356846,"permanent_identifier":"abeb80f9-c232-4e30-a592-f3210a4099de","real_world_relation":"REFERENCE_ONLY","shape_Length":171.53580752077667,"source_datadesc":"2016 January MAFTIGER","source_datasetid":"{9298FF95-0FA8-4712-9AA5-9292C907CA63}","source_featureid":"1101747018869","source_id":"REF-KANAWHA-CONNECTING-ROADS","source_originator":"U.S. Department of Commerce, U.S. Census Bureau, Geography Division","state_route":"61","state_route_a":"61","state_route_b":null,"state_route_c":null,"stco_fipscode":"54039","tnmfrc":3,"us_route":null,"us_route_a":null,"us_route_b":null,"us_route_c":null},"type":"Feature"},{"geometry":{"coordinates":[[-81.637847,38.346105],[-81.63705,38.345314],[-81.636568,38.344843],[-81.635428,38.34378],[-81.634343,38.342746],[-81.633674,38.342121]],"type":"LineString"},"id":"REF-KANAWHA-CONNECTING-ROADS-363","properties":{"canon_status":"REAL_REFERENCE","county_route":null,"federal_lands_route":null,"fictionality":"REAL","globalid":"{5245D3C5-5595-4B76-AC66-F4D41A9C3A7E}","interstate":null,"interstate_a":null,"interstate_b":null,"interstate_c":null,"loaddate":1474001726000,"mtfcc_code":"S1200","name":"Maccorkle Ave SE","objectid":26357214,"permanent_identifier":"3705d770-6fd2-4e81-9a48-25d88e57f8af","real_world_relation":"REFERENCE_ONLY","shape_Length":731.8637373704242,"source_datadesc":"2016 January MAFTIGER","source_datasetid":"{9298FF95-0FA8-4712-9AA5-9292C907CA63}","source_featureid":"1101747018888","source_id":"REF-KANAWHA-CONNECTING-ROADS","source_originator":"U.S. Department of Commerce, U.S. Census Bureau, Geography Division","state_route":"61","state_route_a":"61","state_route_b":null,"state_route_c":null,"stco_fipscode":"54039","tnmfrc":3,"us_route":null,"us_route_a":null,"us_route_b":null,"us_route_c":null},"type":"Feature"},{"geometry":{"coordinates":[[-81.577109,38.318918],[-81.577647,38.319222]],"type":"LineString"},"id":"REF-KANAWHA-CONNECTING-ROADS-364","properties":{"canon_status":"REAL_REFERENCE","county_route":null,"federal_lands_route":null,"fictionality":"REAL","globalid":"{DF08F1D5-6B11-47E8-B42D-45E776616CB4}","interstate":null,"interstate_a":null,"interstate_b":null,"interstate_c":null,"loaddate":1568217705000,"mtfcc_code":"S1200","name":"Maccorkle Ave SE","objectid":26444048,"permanent_identifier":"469757e3-86ad-427c-b059-fa67fe7804fc","real_world_relation":"REFERENCE_ONLY","shape_Length":73.80570229257503,"source_datadesc":"2016 January MAFTIGER","source_datasetid":"{9298FF95-0FA8-4712-9AA5-9292C907CA63}","source_featureid":"1101747018887","source_id":"REF-KANAWHA-CONNECTING-ROADS","source_originator":"U.S. Department of Commerce, U.S. Census Bureau, Geography Division","state_route":"61","state_route_a":"61","state_route_b":null,"state_route_c":null,"stco_fipscode":"54039","tnmfrc":3,"us_route":null,"us_route_a":null,"us_route_b":null,"us_route_c":null},"type":"Feature"},{"geometry":{"coordinates":[[-81.49603,38.199923],[-81.496006,38.200027]],"type":"LineString"},"id":"REF-KANAWHA-CONNECTING-ROADS-365","properties":{"canon_status":"REAL_REFERENCE","county_route":null,"federal_lands_route":null,"fictionality":"REAL","globalid":"{0CF168CA-E7BB-4DDC-B5B8-F1A964225F3B}","interstate":null,"interstate_a":"","interstate_b":"","interstate_c":"","loaddate":1673511277000,"mtfcc_code":"S1400","name":"Admiral T.J. Lopez Bridge","objectid":26484710,"permanent_identifier":"eddd8ea1-3efb-4db0-9d16-904f1b8a5a50","real_world_relation":"REFERENCE_ONLY","shape_Length":14.972185015819804,"source_datadesc":"2016 January MAFTIGER","source_datasetid":"{9298FF95-0FA8-4712-9AA5-9292C907CA63}","source_featureid":"1101747020046","source_id":"REF-KANAWHA-CONNECTING-ROADS","source_originator":"U.S. Department of Commerce, U.S. Census Bureau, Geography Division","state_route":null,"state_route_a":"","state_route_b":"","state_route_c":"","stco_fipscode":"54039","tnmfrc":3,"us_route":null,"us_route_a":"","us_route_b":"","us_route_c":""},"type":"Feature"},{"geometry":{"coordinates":[[-81.579077,38.320057],[-81.580344,38.320785]],"type":"LineString"},"id":"REF-KANAWHA-CONNECTING-ROADS-366","properties":{"canon_status":"REAL_REFERENCE","county_route":null,"federal_lands_route":null,"fictionality":"REAL","globalid":"{2A11D1AB-6C43-49F2-8E7F-821D2E91326E}","interstate":null,"interstate_a":null,"interstate_b":null,"interstate_c":null,"loaddate":1568217705000,"mtfcc_code":"S1200","name":"Maccorkle Ave SE","objectid":26571906,"permanent_identifier":"cbe6eb62-163e-4e6c-94b7-75655c51093e","real_world_relation":"REFERENCE_ONLY","shape_Length":174.82175600023672,"source_datadesc":"2016 January MAFTIGER","source_datasetid":"{9298FF95-0FA8-4712-9AA5-9292C907CA63}","source_featureid":"1101747018887","source_id":"REF-KANAWHA-CONNECTING-ROADS","source_originator":"U.S. Department of Commerce, U.S. Census Bureau, Geography Division","state_route":"61","state_route_a":"61","state_route_b":null,"state_route_c":null,"stco_fipscode":"54039","tnmfrc":3,"us_route":null,"us_route_a":null,"us_route_b":null,"us_route_c":null},"type":"Feature"},{"geometry":{"coordinates":[[-81.637935,38.346324],[-81.638248,38.346592],[-81.638643,38.346907],[-81.639042,38.347207],[-81.639426,38.347502],[-81.639797,38.347807],[-81.641027,38.3489],[-81.641909,38.349595],[-81.642329,38.349893],[-81.643039,38.350383],[-81.643287,38.350569],[-81.64379,38.350936],[-81.644431,38.351385],[-81.64477,38.351633],[-81.645121,38.35187],[-81.645698,38.352223],[-81.645936,38.352355],[-81.646184,38.352475],[-81.647029,38.352825],[-81.647116,38.352861],[-81.647177,38.352884]],"type":"LineString"},"id":"REF-KANAWHA-CONNECTING-ROADS-367","properties":{"canon_status":"REAL_REFERENCE","county_route":null,"federal_lands_route":null,"fictionality":"REAL","globalid":"{F2F2C7EC-4867-44DA-87D3-B4231CBC0F32}","interstate":null,"interstate_a":null,"interstate_b":null,"interstate_c":null,"loaddate":1568217705000,"mtfcc_code":"S1200","name":"Maccorkle Ave SE","objectid":26571918,"permanent_identifier":"431cc7f5-c3b1-4653-9431-6faa97ca9d02","real_world_relation":"REFERENCE_ONLY","shape_Length":1394.7164888473521,"source_datadesc":"2018 May MAF/TIGER","source_datasetid":"{9298FF95-0FA8-4712-9AA5-9292C907CA63}","source_featureid":"1101747018887","source_id":"REF-KANAWHA-CONNECTING-ROADS","source_originator":"U.S. Department of Commerce, U.S. Census Bureau, Geography Division","state_route":"61","state_route_a":"61","state_route_b":null,"state_route_c":null,"stco_fipscode":"54039","tnmfrc":3,"us_route":null,"us_route_a":null,"us_route_b":null,"us_route_c":null},"type":"Feature"},{"geometry":{"coordinates":[[-81.57647,38.228099],[-81.57628,38.228155],[-81.575972,38.228227],[-81.575712,38.228272],[-81.575471,38.228305],[-81.575222,38.228329]],"type":"LineString"},"id":"REF-KANAWHA-CONNECTING-ROADS-368","properties":{"canon_status":"REAL_REFERENCE","county_route":null,"federal_lands_route":null,"fictionality":"REAL","globalid":"{3431E647-0CF5-4941-BA37-1ED8149AAA57}","interstate":null,"interstate_a":null,"interstate_b":null,"interstate_c":null,"loaddate":1474002986000,"mtfcc_code":"S1200","name":"Lens Creek Rd","objectid":26612924,"permanent_identifier":"0192f0d9-eed8-4b94-8e0e-3123898bd112","real_world_relation":"REFERENCE_ONLY","shape_Length":143.15900430720927,"source_datadesc":"2016 January MAFTIGER","source_datasetid":"{9298FF95-0FA8-4712-9AA5-9292C907CA63}","source_featureid":"1104468979895","source_id":"REF-KANAWHA-CONNECTING-ROADS","source_originator":"U.S. Department of Commerce, U.S. Census Bureau, Geography Division","state_route":"94","state_route_a":"94","state_route_b":null,"state_route_c":null,"stco_fipscode":"54039","tnmfrc":3,"us_route":null,"us_route_a":null,"us_route_b":null,"us_route_c":null},"type":"Feature"},{"geometry":{"coordinates":[[-81.571508,38.233005],[-81.570386,38.233583],[-81.570153,38.233709],[-81.569999,38.233801],[-81.569739,38.233989],[-81.569583,38.234122],[-81.56939,38.234318],[-81.56928,38.234452]],"type":"LineString"},"id":"REF-KANAWHA-CONNECTING-ROADS-369","properties":{"canon_status":"REAL_REFERENCE","county_route":null,"federal_lands_route":null,"fictionality":"REAL","globalid":"{60F92F81-B9A1-4B84-A120-7A67658A60BC}","interstate":null,"interstate_a":null,"interstate_b":null,"interstate_c":null,"loaddate":1474001546000,"mtfcc_code":"S1200","name":"Lens Creek Rd","objectid":26741531,"permanent_identifier":"4e8f9137-9568-4b5e-913d-5fbe42b99fc7","real_world_relation":"REFERENCE_ONLY","shape_Length":325.07353626814023,"source_datadesc":"2016 January MAFTIGER","source_datasetid":"{9298FF95-0FA8-4712-9AA5-9292C907CA63}","source_featureid":"1104468896258","source_id":"REF-KANAWHA-CONNECTING-ROADS","source_originator":"U.S. Department of Commerce, U.S. Census Bureau, Geography Division","state_route":"94","state_route_a":"94","state_route_b":null,"state_route_c":null,"stco_fipscode":"54039","tnmfrc":3,"us_route":null,"us_route_a":null,"us_route_b":null,"us_route_c":null},"type":"Feature"},{"geometry":{"coordinates":[[-81.568578,38.247317],[-81.568525,38.247248],[-81.568154,38.246766],[-81.56776,38.246265]],"type":"LineString"},"id":"REF-KANAWHA-CONNECTING-ROADS-370","properties":{"canon_status":"REAL_REFERENCE","county_route":null,"federal_lands_route":null,"fictionality":"REAL","globalid":"{E960700C-0A42-4FC0-9F8D-86DEED359249}","interstate":null,"interstate_a":null,"interstate_b":null,"interstate_c":null,"loaddate":1568217705000,"mtfcc_code":"S1200","name":"Maccorkle Ave","objectid":26828092,"permanent_identifier":"33521ae5-bd6a-4637-af20-4504c0879c4d","real_world_relation":"REFERENCE_ONLY","shape_Length":174.72247523087796,"source_datadesc":"2016 January MAFTIGER","source_datasetid":"{9298FF95-0FA8-4712-9AA5-9292C907CA63}","source_featureid":"1101747018875","source_id":"REF-KANAWHA-CONNECTING-ROADS","source_originator":"U.S. Department of Commerce, U.S. Census Bureau, Geography Division","state_route":"61","state_route_a":"61","state_route_b":null,"state_route_c":null,"stco_fipscode":"54039","tnmfrc":3,"us_route":null,"us_route_a":null,"us_route_b":null,"us_route_c":null},"type":"Feature"},{"geometry":{"coordinates":[[-81.561946,38.242616],[-81.561856,38.242656]],"type":"LineString"},"id":"REF-KANAWHA-CONNECTING-ROADS-371","properties":{"canon_status":"REAL_REFERENCE","county_route":null,"federal_lands_route":null,"fictionality":"REAL","globalid":"{906A5E0B-40ED-4C03-AB0E-981AF70949AC}","interstate":null,"interstate_a":null,"interstate_b":null,"interstate_c":null,"loaddate":1474001298000,"mtfcc_code":"S1200","name":"State Rte 94","objectid":26869052,"permanent_identifier":"5378e98f-eee2-4819-8f53-c31ff927657e","real_world_relation":"REFERENCE_ONLY","shape_Length":11.511628031983825,"source_datadesc":"2016 January MAFTIGER","source_datasetid":"{9298FF95-0FA8-4712-9AA5-9292C907CA63}","source_featureid":"1101747011791","source_id":"REF-KANAWHA-CONNECTING-ROADS","source_originator":"U.S. Department of Commerce, U.S. Census Bureau, Geography Division","state_route":"94","state_route_a":"94","state_route_b":null,"state_route_c":null,"stco_fipscode":"54039","tnmfrc":3,"us_route":null,"us_route_a":null,"us_route_b":null,"us_route_c":null},"type":"Feature"},{"geometry":{"coordinates":[[-81.594455,38.327899],[-81.595299,38.328081],[-81.595587,38.328132]],"type":"LineString"},"id":"REF-KANAWHA-CONNECTING-ROADS-372","properties":{"canon_status":"REAL_REFERENCE","county_route":null,"federal_lands_route":null,"fictionality":"REAL","globalid":"{004EAFF2-CF96-48AC-A856-B204A670F1B3}","interstate":null,"interstate_a":null,"interstate_b":null,"interstate_c":null,"loaddate":1474001493000,"mtfcc_code":"S1200","name":"Maccorkle Ave SE","objectid":26869053,"permanent_identifier":"24e992bb-51f8-41c7-a071-c793ca678664","real_world_relation":"REFERENCE_ONLY","shape_Length":130.30539072448957,"source_datadesc":"2016 January MAFTIGER","source_datasetid":"{9298FF95-0FA8-4712-9AA5-9292C907CA63}","source_featureid":"1101747018887","source_id":"REF-KANAWHA-CONNECTING-ROADS","source_originator":"U.S. Department of Commerce, U.S. Census Bureau, Geography Division","state_route":"61","state_route_a":"61","state_route_b":null,"state_route_c":null,"stco_fipscode":"54039","tnmfrc":3,"us_route":null,"us_route_a":null,"us_route_b":null,"us_route_c":null},"type":"Feature"},{"geometry":{"coordinates":[[-81.597016,38.328144],[-81.595712,38.328042],[-81.595612,38.328026]],"type":"LineString"},"id":"REF-KANAWHA-CONNECTING-ROADS-373","properties":{"canon_status":"REAL_REFERENCE","county_route":null,"federal_lands_route":null,"fictionality":"REAL","globalid":"{F90D4BBC-2954-40A0-AEE5-50F40D076C89}","interstate":null,"interstate_a":null,"interstate_b":null,"interstate_c":null,"loaddate":1474001726000,"mtfcc_code":"S1200","name":"Maccorkle Ave SE","objectid":26869485,"permanent_identifier":"db7a50fc-f4be-4f34-bede-c6858f092c57","real_world_relation":"REFERENCE_ONLY","shape_Length":157.24161789617963,"source_datadesc":"2016 January MAFTIGER","source_datasetid":"{9298FF95-0FA8-4712-9AA5-9292C907CA63}","source_featureid":"1101747018888","source_id":"REF-KANAWHA-CONNECTING-ROADS","source_originator":"U.S. Department of Commerce, U.S. Census Bureau, Geography Division","state_route":"61","state_route_a":"61","state_route_b":null,"state_route_c":null,"stco_fipscode":"54039","tnmfrc":3,"us_route":null,"us_route_a":null,"us_route_b":null,"us_route_c":null},"type":"Feature"},{"geometry":{"coordinates":[[-81.671225,38.375169],[-81.671524,38.37525],[-81.671884,38.375369],[-81.6724,38.375546]],"type":"LineString"},"id":"REF-KANAWHA-CONNECTING-ROADS-374","properties":{"canon_status":"REAL_REFERENCE","county_route":null,"federal_lands_route":null,"fictionality":"REAL","globalid":"{698D7A85-2DE0-4478-B41F-B59C3E7A6DF2}","interstate":null,"interstate_a":null,"interstate_b":null,"interstate_c":null,"loaddate":1568217705000,"mtfcc_code":"S1200","name":"7th Ave","objectid":26956192,"permanent_identifier":"5851cb93-f9eb-4336-a40d-be33f23b54bd","real_world_relation":"REFERENCE_ONLY","shape_Length":141.4062991880784,"source_datadesc":"2016 January MAFTIGER","source_datasetid":"{9298FF95-0FA8-4712-9AA5-9292C907CA63}","source_featureid":"1101747012130","source_id":"REF-KANAWHA-CONNECTING-ROADS","source_originator":"U.S. Department of Commerce, U.S. Census Bureau, Geography Division","state_route":"25","state_route_a":"25","state_route_b":null,"state_route_c":null,"stco_fipscode":"54039","tnmfrc":3,"us_route":null,"us_route_a":null,"us_route_b":null,"us_route_c":null},"type":"Feature"},{"geometry":{"coordinates":[[-81.607118,38.207785],[-81.607071,38.208506],[-81.60704,38.20871],[-81.606993,38.208911],[-81.606939,38.20908],[-81.606872,38.209236],[-81.606797,38.209374],[-81.606667,38.209579],[-81.60659,38.209689],[-81.606343,38.209988],[-81.60623,38.210122],[-81.605876,38.21055],[-81.605712,38.210766],[-81.605549,38.211005],[-81.605437,38.211189],[-81.605286,38.21148],[-81.605191,38.211693],[-81.605089,38.211964],[-81.605017,38.2122],[-81.604801,38.213029],[-81.60453,38.214112]],"type":"LineString"},"id":"REF-KANAWHA-CONNECTING-ROADS-375","properties":{"canon_status":"REAL_REFERENCE","county_route":null,"federal_lands_route":null,"fictionality":"REAL","globalid":"{FD40DAD4-CB60-4061-ACF4-98EE1A1F8B6F}","interstate":null,"interstate_a":null,"interstate_b":null,"interstate_c":null,"loaddate":1474002466000,"mtfcc_code":"S1200","name":"Lens Creek Rd","objectid":26996920,"permanent_identifier":"67065986-be55-4375-bd52-09af8d9828fd","real_world_relation":"REFERENCE_ONLY","shape_Length":955.5621573092708,"source_datadesc":"2016 January MAFTIGER","source_datasetid":"{9298FF95-0FA8-4712-9AA5-9292C907CA63}","source_featureid":"1104468897518","source_id":"REF-KANAWHA-CONNECTING-ROADS","source_originator":"U.S. Department of Commerce, U.S. Census Bureau, Geography Division","state_route":"94","state_route_a":"94","state_route_b":null,"state_route_c":null,"stco_fipscode":"54039","tnmfrc":3,"us_route":null,"us_route_a":null,"us_route_b":null,"us_route_c":null},"type":"Feature"},{"geometry":{"coordinates":[[-81.605225,38.219546],[-81.605353,38.219873],[-81.605478,38.220249]],"type":"LineString"},"id":"REF-KANAWHA-CONNECTING-ROADS-376","properties":{"canon_status":"REAL_REFERENCE","county_route":null,"federal_lands_route":null,"fictionality":"REAL","globalid":"{83A69B1F-57F1-441B-A3FC-E762BDF9E299}","interstate":null,"interstate_a":null,"interstate_b":null,"interstate_c":null,"loaddate":1474002466000,"mtfcc_code":"S1200","name":"Lens Creek Rd","objectid":26996973,"permanent_identifier":"db8dae45-2493-4184-b7b0-9afd3c07d24a","real_world_relation":"REFERENCE_ONLY","shape_Length":103.53841387977405,"source_datadesc":"2016 January MAFTIGER","source_datasetid":"{9298FF95-0FA8-4712-9AA5-9292C907CA63}","source_featureid":"1104468897518","source_id":"REF-KANAWHA-CONNECTING-ROADS","source_originator":"U.S. Department of Commerce, U.S. Census Bureau, Geography Division","state_route":"94","state_route_a":"94","state_route_b":null,"state_route_c":null,"stco_fipscode":"54039","tnmfrc":3,"us_route":null,"us_route_a":null,"us_route_b":null,"us_route_c":null},"type":"Feature"},{"geometry":{"coordinates":[[-81.612648,38.341212],[-81.612478,38.341392],[-81.61224,38.341665],[-81.612166,38.341742]],"type":"LineString"},"id":"REF-KANAWHA-CONNECTING-ROADS-377","properties":{"canon_status":"REAL_REFERENCE","county_route":null,"federal_lands_route":null,"fictionality":"REAL","globalid":"{C9895B24-4092-4208-8AFF-1C3AD45F4DA7}","interstate":null,"interstate_a":null,"interstate_b":null,"interstate_c":null,"loaddate":1568217705000,"mtfcc_code":"S1200","name":"Greenbrier St","objectid":27084245,"permanent_identifier":"b3dcca60-eab1-48c3-92f5-595077bc6725","real_world_relation":"REFERENCE_ONLY","shape_Length":92.41735314960526,"source_datadesc":"2016 January MAFTIGER","source_datasetid":"{9298FF95-0FA8-4712-9AA5-9292C907CA63}","source_featureid":"1101747019400","source_id":"REF-KANAWHA-CONNECTING-ROADS","source_originator":"U.S. Department of Commerce, U.S. Census Bureau, Geography Division","state_route":"114","state_route_a":"114","state_route_b":null,"state_route_c":null,"stco_fipscode":"54039","tnmfrc":3,"us_route":null,"us_route_a":null,"us_route_b":null,"us_route_c":null},"type":"Feature"},{"geometry":{"coordinates":[[-81.66494,38.36159],[-81.667309,38.362234],[-81.668784,38.36264],[-81.669129,38.362718],[-81.669416,38.362792],[-81.669556,38.362828],[-81.669977,38.362951],[-81.670539,38.363095]],"type":"LineString"},"id":"REF-KANAWHA-CONNECTING-ROADS-378","properties":{"canon_status":"REAL_REFERENCE","county_route":null,"federal_lands_route":null,"fictionality":"REAL","globalid":"{DCBD6810-E431-456D-8E10-ED12D71090EA}","interstate":null,"interstate_a":null,"interstate_b":null,"interstate_c":null,"loaddate":1568217705000,"mtfcc_code":"S1200","name":"Maccorkle Ave SW","objectid":27212184,"permanent_identifier":"a8ebb6f5-e184-49a7-bd18-ce596aeac693","real_world_relation":"REFERENCE_ONLY","shape_Length":658.9681810790305,"source_datadesc":"2018 May MAF/TIGER","source_datasetid":"{9298FF95-0FA8-4712-9AA5-9292C907CA63}","source_featureid":"1101747018890","source_id":"REF-KANAWHA-CONNECTING-ROADS","source_originator":"U.S. Department of Commerce, U.S. Census Bureau, Geography Division","state_route":"61","state_route_a":"61","state_route_b":null,"state_route_c":null,"stco_fipscode":"54039","tnmfrc":3,"us_route":null,"us_route_a":null,"us_route_b":null,"us_route_c":null},"type":"Feature"},{"geometry":{"coordinates":[[-81.584336,38.322947],[-81.58303,38.322197]],"type":"LineString"},"id":"REF-KANAWHA-CONNECTING-ROADS-379","properties":{"canon_status":"REAL_REFERENCE","county_route":null,"federal_lands_route":null,"fictionality":"REAL","globalid":"{C1C4D14C-BF68-4A6A-AD55-0B9C6F80ACB7}","interstate":null,"interstate_a":null,"interstate_b":null,"interstate_c":null,"loaddate":1568217705000,"mtfcc_code":"S1200","name":"Maccorkle Ave SE","objectid":27212213,"permanent_identifier":"cb45250e-410b-45ff-8414-6cfb876cb375","real_world_relation":"REFERENCE_ONLY","shape_Length":180.17057246900313,"source_datadesc":"2016 January MAFTIGER","source_datasetid":"{9298FF95-0FA8-4712-9AA5-9292C907CA63}","source_featureid":"1101747018888","source_id":"REF-KANAWHA-CONNECTING-ROADS","source_originator":"U.S. Department of Commerce, U.S. Census Bureau, Geography Division","state_route":"61","state_route_a":"61","state_route_b":null,"state_route_c":null,"stco_fipscode":"54039","tnmfrc":3,"us_route":null,"us_route_a":null,"us_route_b":null,"us_route_c":null},"type":"Feature"},{"geometry":{"coordinates":[[-81.56561,38.297682],[-81.565524,38.297881]],"type":"LineString"},"id":"REF-KANAWHA-CONNECTING-ROADS-380","properties":{"canon_status":"REAL_REFERENCE","county_route":null,"federal_lands_route":null,"fictionality":"REAL","globalid":"{09F88B79-1249-4215-8BE0-28B654927DF6}","interstate":null,"interstate_a":null,"interstate_b":null,"interstate_c":null,"loaddate":1474001492000,"mtfcc_code":"S1200","name":"Maccorkle Ave SE","objectid":27253045,"permanent_identifier":"3d51a8f0-bf40-4a01-9b0e-338ba09078a8","real_world_relation":"REFERENCE_ONLY","shape_Length":29.806393217676387,"source_datadesc":"2016 January MAFTIGER","source_datasetid":"{9298FF95-0FA8-4712-9AA5-9292C907CA63}","source_featureid":"1101747018887","source_id":"REF-KANAWHA-CONNECTING-ROADS","source_originator":"U.S. Department of Commerce, U.S. Census Bureau, Geography Division","state_route":"61","state_route_a":"61","state_route_b":null,"state_route_c":null,"stco_fipscode":"54039","tnmfrc":3,"us_route":null,"us_route_a":null,"us_route_b":null,"us_route_c":null},"type":"Feature"},{"geometry":{"coordinates":[[-81.567255,38.293687],[-81.567265,38.293661],[-81.567391,38.293301],[-81.56765,38.292605],[-81.568024,38.291622],[-81.568126,38.29134],[-81.568261,38.291006],[-81.56851,38.290423],[-81.568611,38.29015],[-81.56871,38.289899],[-81.568738,38.289758]],"type":"LineString"},"id":"REF-KANAWHA-CONNECTING-ROADS-381","properties":{"canon_status":"REAL_REFERENCE","county_route":null,"federal_lands_route":null,"fictionality":"REAL","globalid":"{7B960D66-E2CA-4F1D-8B89-7F337A33C7AD}","interstate":null,"interstate_a":null,"interstate_b":null,"interstate_c":null,"loaddate":1568217705000,"mtfcc_code":"S1200","name":"Maccorkle Ave SE","objectid":27340567,"permanent_identifier":"4be7a993-55e9-4573-bbb1-827ac39c9a20","real_world_relation":"REFERENCE_ONLY","shape_Length":581.4604961578988,"source_datadesc":"2018 May MAF/TIGER","source_datasetid":"{9298FF95-0FA8-4712-9AA5-9292C907CA63}","source_featureid":"1101747018888","source_id":"REF-KANAWHA-CONNECTING-ROADS","source_originator":"U.S. Department of Commerce, U.S. Census Bureau, Geography Division","state_route":"61","state_route_a":"61","state_route_b":null,"state_route_c":null,"stco_fipscode":"54039","tnmfrc":3,"us_route":null,"us_route_a":null,"us_route_b":null,"us_route_c":null},"type":"Feature"},{"geometry":{"coordinates":[[-81.594232,38.358489],[-81.594459,38.358436],[-81.594603,38.358396],[-81.594732,38.358346]],"type":"LineString"},"id":"REF-KANAWHA-CONNECTING-ROADS-382","properties":{"canon_status":"REAL_REFERENCE","county_route":null,"federal_lands_route":null,"fictionality":"REAL","globalid":"{FD0BE06A-9429-4838-9F34-8ED9C55D7B0C}","interstate":null,"interstate_a":null,"interstate_b":null,"interstate_c":null,"loaddate":1474003102000,"mtfcc_code":"S1200","name":"Greenbrier St","objectid":27381712,"permanent_identifier":"15f75eef-98bd-42f2-a87a-7f7b02dc4cfd","real_world_relation":"REFERENCE_ONLY","shape_Length":59.39065087555265,"source_datadesc":"2016 January MAFTIGER","source_datasetid":"{9298FF95-0FA8-4712-9AA5-9292C907CA63}","source_featureid":"1101747019399","source_id":"REF-KANAWHA-CONNECTING-ROADS","source_originator":"U.S. Department of Commerce, U.S. Census Bureau, Geography Division","state_route":"114","state_route_a":"114","state_route_b":null,"state_route_c":null,"stco_fipscode":"54039","tnmfrc":3,"us_route":null,"us_route_a":null,"us_route_b":null,"us_route_c":null},"type":"Feature"},{"geometry":{"coordinates":[[-81.670216,38.363597],[-81.670266,38.363475],[-81.670285,38.363384],[-81.670286,38.363291],[-81.670278,38.363242],[-81.670248,38.363182],[-81.670201,38.36313],[-81.670154,38.363095],[-81.670113,38.363074],[-81.670003,38.363037]],"type":"LineString"},"id":"REF-KANAWHA-CONNECTING-ROADS-383","properties":{"canon_status":"REAL_REFERENCE","county_route":null,"federal_lands_route":null,"fictionality":"REAL","globalid":"{B9751A8B-08FB-49E0-A3B0-B673F1CD2106}","interstate":null,"interstate_a":null,"interstate_b":null,"interstate_c":null,"loaddate":1474002150000,"mtfcc_code":"S1200","name":"Maccorkle Ave SW","objectid":27638206,"permanent_identifier":"3ed7faa6-fb4c-4903-bbdd-07158d3b6dcf","real_world_relation":"REFERENCE_ONLY","shape_Length":95.69164258683435,"source_datadesc":"2016 January MAFTIGER","source_datasetid":"{9298FF95-0FA8-4712-9AA5-9292C907CA63}","source_featureid":"1101747018889","source_id":"REF-KANAWHA-CONNECTING-ROADS","source_originator":"U.S. Department of Commerce, U.S. Census Bureau, Geography Division","state_route":"61","state_route_a":"61","state_route_b":null,"state_route_c":null,"stco_fipscode":"54039","tnmfrc":3,"us_route":null,"us_route_a":null,"us_route_b":null,"us_route_c":null},"type":"Feature"},{"geometry":{"coordinates":[[-81.449356,38.214194],[-81.449695,38.213955],[-81.449706,38.213948]],"type":"LineString"},"id":"REF-KANAWHA-CONNECTING-ROADS-384","properties":{"canon_status":"REAL_REFERENCE","county_route":null,"federal_lands_route":null,"fictionality":"REAL","globalid":"{058B6859-CAB7-402F-9B06-6C3DD2E01466}","interstate":null,"interstate_a":null,"interstate_b":null,"interstate_c":null,"loaddate":1474003102000,"mtfcc_code":"S1200","name":"3rd Ave","objectid":27894945,"permanent_identifier":"e910a952-cdff-462d-94bb-c47180704fa2","real_world_relation":"REFERENCE_ONLY","shape_Length":52.27803282840982,"source_datadesc":"2016 January MAFTIGER","source_datasetid":"{9298FF95-0FA8-4712-9AA5-9292C907CA63}","source_featureid":"1104259509480","source_id":"REF-KANAWHA-CONNECTING-ROADS","source_originator":"U.S. Department of Commerce, U.S. Census Bureau, Geography Division","state_route":"61","state_route_a":"61","state_route_b":null,"state_route_c":null,"stco_fipscode":"54039","tnmfrc":3,"us_route":null,"us_route_a":null,"us_route_b":null,"us_route_c":null},"type":"Feature"},{"geometry":{"coordinates":[[-81.612951,38.341116],[-81.612836,38.341251],[-81.61277,38.341333]],"type":"LineString"},"id":"REF-KANAWHA-CONNECTING-ROADS-385","properties":{"canon_status":"REAL_REFERENCE","county_route":null,"federal_lands_route":null,"fictionality":"REAL","globalid":"{0FBCA43E-3E87-45F7-A7EF-B5A4B6FB283E}","interstate":null,"interstate_a":null,"interstate_b":null,"interstate_c":null,"loaddate":1568217705000,"mtfcc_code":"S1200","name":"Greenbrier St","objectid":27982441,"permanent_identifier":"bcf7fdf2-f89c-4ed7-9991-90961ae21690","real_world_relation":"REFERENCE_ONLY","shape_Length":36.78705869997165,"source_datadesc":"2018 May MAF/TIGER","source_datasetid":"{9298FF95-0FA8-4712-9AA5-9292C907CA63}","source_featureid":"1101747019401","source_id":"REF-KANAWHA-CONNECTING-ROADS","source_originator":"U.S. Department of Commerce, U.S. Census Bureau, Geography Division","state_route":"114","state_route_a":"114","state_route_b":null,"state_route_c":null,"stco_fipscode":"54039","tnmfrc":3,"us_route":null,"us_route_a":null,"us_route_b":null,"us_route_c":null},"type":"Feature"},{"geometry":{"coordinates":[[-81.561856,38.242656],[-81.561877,38.242688],[-81.561898,38.242721]],"type":"LineString"},"id":"REF-KANAWHA-CONNECTING-ROADS-386","properties":{"canon_status":"REAL_REFERENCE","county_route":null,"federal_lands_route":null,"fictionality":"REAL","globalid":"{55874446-7DF1-4E09-8DA4-051A38425113}","interstate":null,"interstate_a":null,"interstate_b":null,"interstate_c":null,"loaddate":1474001755000,"mtfcc_code":"S1200","name":"Maccorkle Ave","objectid":28023200,"permanent_identifier":"7fa3ae6e-60a4-4259-8d92-c55b2f498865","real_world_relation":"REFERENCE_ONLY","shape_Length":10.331553815210839,"source_datadesc":"2016 January MAFTIGER","source_datasetid":"{9298FF95-0FA8-4712-9AA5-9292C907CA63}","source_featureid":"1101747018870","source_id":"REF-KANAWHA-CONNECTING-ROADS","source_originator":"U.S. Department of Commerce, U.S. Census Bureau, Geography Division","state_route":"61","state_route_a":"61","state_route_b":null,"state_route_c":null,"stco_fipscode":"54039","tnmfrc":3,"us_route":null,"us_route_a":null,"us_route_b":null,"us_route_c":null},"type":"Feature"},{"geometry":{"coordinates":[[-81.680723,38.376801],[-81.680633,38.376791],[-81.680404,38.376763],[-81.678819,38.376593]],"type":"LineString"},"id":"REF-KANAWHA-CONNECTING-ROADS-387","properties":{"canon_status":"REAL_REFERENCE","county_route":null,"federal_lands_route":null,"fictionality":"REAL","globalid":"{57C9B272-A830-4232-8BB9-340DF20F1618}","interstate":null,"interstate_a":null,"interstate_b":null,"interstate_c":null,"loaddate":1568217705000,"mtfcc_code":"S1200","name":"7th Ave","objectid":28111180,"permanent_identifier":"c351d8d9-6e76-4a63-8d8b-5058da56fe7b","real_world_relation":"REFERENCE_ONLY","shape_Length":214.00441948253405,"source_datadesc":"2016 January MAFTIGER","source_datasetid":"{9298FF95-0FA8-4712-9AA5-9292C907CA63}","source_featureid":"1101747012131","source_id":"REF-KANAWHA-CONNECTING-ROADS","source_originator":"U.S. Department of Commerce, U.S. Census Bureau, Geography Division","state_route":"25","state_route_a":"25","state_route_b":null,"state_route_c":null,"stco_fipscode":"54039","tnmfrc":3,"us_route":null,"us_route_a":null,"us_route_b":null,"us_route_c":null},"type":"Feature"},{"geometry":{"coordinates":[[-81.567304,38.245767],[-81.567351,38.245846]],"type":"LineString"},"id":"REF-KANAWHA-CONNECTING-ROADS-388","properties":{"canon_status":"REAL_REFERENCE","county_route":null,"federal_lands_route":null,"fictionality":"REAL","globalid":"{D3EDEA43-15FD-4182-A356-0862B21B255D}","interstate":null,"interstate_a":null,"interstate_b":null,"interstate_c":null,"loaddate":1568217705000,"mtfcc_code":"S1200","name":"Maccorkle Ave","objectid":28111221,"permanent_identifier":"557c8f7d-323d-44c7-a26c-f562135c5e39","real_world_relation":"REFERENCE_ONLY","shape_Length":12.359705065563563,"source_datadesc":"2016 January MAFTIGER","source_datasetid":"{9298FF95-0FA8-4712-9AA5-9292C907CA63}","source_featureid":"1101747018876","source_id":"REF-KANAWHA-CONNECTING-ROADS","source_originator":"U.S. Department of Commerce, U.S. Census Bureau, Geography Division","state_route":"61","state_route_a":"61","state_route_b":null,"state_route_c":null,"stco_fipscode":"54039","tnmfrc":3,"us_route":null,"us_route_a":null,"us_route_b":null,"us_route_c":null},"type":"Feature"},{"geometry":{"coordinates":[[-81.529358,38.2182],[-81.528735,38.217552]],"type":"LineString"},"id":"REF-KANAWHA-CONNECTING-ROADS-389","properties":{"canon_status":"REAL_REFERENCE","county_route":null,"federal_lands_route":null,"fictionality":"REAL","globalid":"{DE00D0E8-7579-4764-97C2-ECB0543AA794}","interstate":null,"interstate_a":null,"interstate_b":null,"interstate_c":null,"loaddate":1474002619000,"mtfcc_code":"S1200","name":"Maccorkle Ave","objectid":28280586,"permanent_identifier":"7d8a0285-4597-4023-8ac2-344f47d3b4e2","real_world_relation":"REFERENCE_ONLY","shape_Length":115.063211899769,"source_datadesc":"2016 January MAFTIGER","source_datasetid":"{9298FF95-0FA8-4712-9AA5-9292C907CA63}","source_featureid":"1101747018871","source_id":"REF-KANAWHA-CONNECTING-ROADS","source_originator":"U.S. Department of Commerce, U.S. Census Bureau, Geography Division","state_route":"61","state_route_a":"61","state_route_b":null,"state_route_c":null,"stco_fipscode":"54039","tnmfrc":3,"us_route":null,"us_route_a":null,"us_route_b":null,"us_route_c":null},"type":"Feature"},{"geometry":{"coordinates":[[-81.609203,38.343285],[-81.609048,38.343342],[-81.608861,38.343426],[-81.608686,38.343521],[-81.608554,38.343607],[-81.608373,38.343751],[-81.608238,38.343882],[-81.608118,38.344022],[-81.607919,38.344267],[-81.607684,38.34453],[-81.607434,38.344783],[-81.607329,38.344882]],"type":"LineString"},"id":"REF-KANAWHA-CONNECTING-ROADS-390","properties":{"canon_status":"REAL_REFERENCE","county_route":null,"federal_lands_route":null,"fictionality":"REAL","globalid":"{440910B8-5022-4C20-A7CA-7710D51E85B6}","interstate":null,"interstate_a":null,"interstate_b":null,"interstate_c":null,"loaddate":1474001570000,"mtfcc_code":"S1200","name":"Greenbrier St","objectid":28280600,"permanent_identifier":"feb38a57-040c-4c28-a74a-55c4ed657f81","real_world_relation":"REFERENCE_ONLY","shape_Length":312.9151314383793,"source_datadesc":"2016 January MAFTIGER","source_datasetid":"{9298FF95-0FA8-4712-9AA5-9292C907CA63}","source_featureid":"1101747019401","source_id":"REF-KANAWHA-CONNECTING-ROADS","source_originator":"U.S. Department of Commerce, U.S. Census Bureau, Geography Division","state_route":"114","state_route_a":"114","state_route_b":null,"state_route_c":null,"stco_fipscode":"54039","tnmfrc":3,"us_route":null,"us_route_a":null,"us_route_b":null,"us_route_c":null},"type":"Feature"},{"geometry":{"coordinates":[[-81.539265,38.22573],[-81.538898,38.225424],[-81.538806,38.225355],[-81.53869,38.225258],[-81.53854,38.22514]],"type":"LineString"},"id":"REF-KANAWHA-CONNECTING-ROADS-391","properties":{"canon_status":"REAL_REFERENCE","county_route":null,"federal_lands_route":null,"fictionality":"REAL","globalid":"{167232E3-2E1E-42C4-A4E7-63A0C1CCCD4A}","interstate":null,"interstate_a":null,"interstate_b":null,"interstate_c":null,"loaddate":1474002619000,"mtfcc_code":"S1200","name":"Maccorkle Ave","objectid":28280605,"permanent_identifier":"b0b2259c-568e-407d-b1b9-25bb7255ae0a","real_world_relation":"REFERENCE_ONLY","shape_Length":116.22521291226005,"source_datadesc":"2016 January MAFTIGER","source_datasetid":"{9298FF95-0FA8-4712-9AA5-9292C907CA63}","source_featureid":"1101747018871","source_id":"REF-KANAWHA-CONNECTING-ROADS","source_originator":"U.S. Department of Commerce, U.S. Census Bureau, Geography Division","state_route":"61","state_route_a":"61","state_route_b":null,"state_route_c":null,"stco_fipscode":"54039","tnmfrc":3,"us_route":null,"us_route_a":null,"us_route_b":null,"us_route_c":null},"type":"Feature"},{"geometry":{"coordinates":[[-81.5121,38.200688],[-81.511773,38.200454],[-81.511076,38.199983],[-81.51047,38.199605],[-81.509941,38.199293],[-81.507535,38.19791],[-81.506887,38.197543],[-81.506434,38.197295],[-81.505938,38.197045],[-81.505403,38.196795],[-81.505157,38.196689],[-81.504925,38.196594]],"type":"LineString"},"id":"REF-KANAWHA-CONNECTING-ROADS-392","properties":{"canon_status":"REAL_REFERENCE","county_route":null,"federal_lands_route":null,"fictionality":"REAL","globalid":"{ED354A5C-F3D0-4E5C-808F-C233500B27F1}","interstate":null,"interstate_a":null,"interstate_b":null,"interstate_c":null,"loaddate":1474002766000,"mtfcc_code":"S1200","name":"Maccorkle Ave","objectid":28280607,"permanent_identifier":"192f6469-01f8-47db-8e91-66356a4631f6","real_world_relation":"REFERENCE_ONLY","shape_Length":988.7594901870275,"source_datadesc":"2016 January MAFTIGER","source_datasetid":"{9298FF95-0FA8-4712-9AA5-9292C907CA63}","source_featureid":"1101747018866","source_id":"REF-KANAWHA-CONNECTING-ROADS","source_originator":"U.S. Department of Commerce, U.S. Census Bureau, Geography Division","state_route":"61","state_route_a":"61","state_route_b":null,"state_route_c":null,"stco_fipscode":"54039","tnmfrc":3,"us_route":null,"us_route_a":null,"us_route_b":null,"us_route_c":null},"type":"Feature"},{"geometry":{"coordinates":[[-81.628955,38.337944],[-81.628753,38.3378],[-81.627732,38.337106],[-81.627016,38.336645],[-81.626398,38.336222],[-81.624957,38.335277],[-81.624621,38.335086],[-81.624274,38.334905],[-81.623919,38.334737],[-81.623009,38.334337],[-81.622315,38.334025],[-81.622009,38.333887]],"type":"LineString"},"id":"REF-KANAWHA-CONNECTING-ROADS-393","properties":{"canon_status":"REAL_REFERENCE","county_route":null,"federal_lands_route":null,"fictionality":"REAL","globalid":"{89ED9189-3894-4091-BCC3-BAEC3F68DEAE}","interstate":null,"interstate_a":null,"interstate_b":null,"interstate_c":null,"loaddate":1474001726000,"mtfcc_code":"S1200","name":"Maccorkle Ave SE","objectid":28280663,"permanent_identifier":"a8ae85b4-7eee-417f-9862-133bde7779d1","real_world_relation":"REFERENCE_ONLY","shape_Length":967.488600201159,"source_datadesc":"2016 January MAFTIGER","source_datasetid":"{9298FF95-0FA8-4712-9AA5-9292C907CA63}","source_featureid":"1101747018888","source_id":"REF-KANAWHA-CONNECTING-ROADS","source_originator":"U.S. Department of Commerce, U.S. Census Bureau, Geography Division","state_route":"61","state_route_a":"61","state_route_b":null,"state_route_c":null,"stco_fipscode":"54039","tnmfrc":3,"us_route":null,"us_route_a":null,"us_route_b":null,"us_route_c":null},"type":"Feature"},{"geometry":{"coordinates":[[-81.638058,38.346313],[-81.637847,38.346105]],"type":"LineString"},"id":"REF-KANAWHA-CONNECTING-ROADS-394","properties":{"canon_status":"REAL_REFERENCE","county_route":null,"federal_lands_route":null,"fictionality":"REAL","globalid":"{9A6F74D9-61FD-42E3-A3A0-45FC44BDD117}","interstate":null,"interstate_a":null,"interstate_b":null,"interstate_c":null,"loaddate":1474001726000,"mtfcc_code":"S1200","name":"Maccorkle Ave SE","objectid":28409258,"permanent_identifier":"9a3e11de-7b11-47ab-85ca-0632a5412bff","real_world_relation":"REFERENCE_ONLY","shape_Length":37.72704835241856,"source_datadesc":"2016 January MAFTIGER","source_datasetid":"{9298FF95-0FA8-4712-9AA5-9292C907CA63}","source_featureid":"1101747018888","source_id":"REF-KANAWHA-CONNECTING-ROADS","source_originator":"U.S. Department of Commerce, U.S. Census Bureau, Geography Division","state_route":"61","state_route_a":"61","state_route_b":null,"state_route_c":null,"stco_fipscode":"54039","tnmfrc":3,"us_route":null,"us_route_a":null,"us_route_b":null,"us_route_c":null},"type":"Feature"},{"geometry":{"coordinates":[[-81.563374,38.304281],[-81.56338,38.304172],[-81.563419,38.303727],[-81.563466,38.303463],[-81.563501,38.303307]],"type":"LineString"},"id":"REF-KANAWHA-CONNECTING-ROADS-395","properties":{"canon_status":"REAL_REFERENCE","county_route":null,"federal_lands_route":null,"fictionality":"REAL","globalid":"{92B9674A-5785-4C63-8EDA-9CD49EC1BAF1}","interstate":null,"interstate_a":null,"interstate_b":null,"interstate_c":null,"loaddate":1568217705000,"mtfcc_code":"S1200","name":"Maccorkle Ave SE","objectid":28496621,"permanent_identifier":"60eabcd7-f132-414d-93aa-d3fd1787a5b0","real_world_relation":"REFERENCE_ONLY","shape_Length":139.03540512780197,"source_datadesc":"2018 May MAF/TIGER","source_datasetid":"{9298FF95-0FA8-4712-9AA5-9292C907CA63}","source_featureid":"1101747018888","source_id":"REF-KANAWHA-CONNECTING-ROADS","source_originator":"U.S. Department of Commerce, U.S. Census Bureau, Geography Division","state_route":"61","state_route_a":"61","state_route_b":null,"state_route_c":null,"stco_fipscode":"54039","tnmfrc":3,"us_route":null,"us_route_a":null,"us_route_b":null,"us_route_c":null},"type":"Feature"},{"geometry":{"coordinates":[[-81.567064,38.293958],[-81.566977,38.294188]],"type":"LineString"},"id":"REF-KANAWHA-CONNECTING-ROADS-396","properties":{"canon_status":"REAL_REFERENCE","county_route":null,"federal_lands_route":null,"fictionality":"REAL","globalid":"{B72D786B-8B9B-49E4-9ED4-157702671DA1}","interstate":null,"interstate_a":null,"interstate_b":null,"interstate_c":null,"loaddate":1568217705000,"mtfcc_code":"S1200","name":"Maccorkle Ave SE","objectid":28496660,"permanent_identifier":"cedb469a-c661-42f7-af5e-315f05a26127","real_world_relation":"REFERENCE_ONLY","shape_Length":34.029734893766765,"source_datadesc":"2016 January MAFTIGER","source_datasetid":"{9298FF95-0FA8-4712-9AA5-9292C907CA63}","source_featureid":"1101747018887","source_id":"REF-KANAWHA-CONNECTING-ROADS","source_originator":"U.S. Department of Commerce, U.S. Census Bureau, Geography Division","state_route":"61","state_route_a":"61","state_route_b":null,"state_route_c":null,"stco_fipscode":"54039","tnmfrc":3,"us_route":null,"us_route_a":null,"us_route_b":null,"us_route_c":null},"type":"Feature"},{"geometry":{"coordinates":[[-81.603883,38.350434],[-81.603809,38.350491]],"type":"LineString"},"id":"REF-KANAWHA-CONNECTING-ROADS-397","properties":{"canon_status":"REAL_REFERENCE","county_route":null,"federal_lands_route":null,"fictionality":"REAL","globalid":"{0FA7D8C6-D92A-45EA-9950-6D527C291D9B}","interstate":null,"interstate_a":null,"interstate_b":null,"interstate_c":null,"loaddate":1474001570000,"mtfcc_code":"S1200","name":"Greenbrier St","objectid":28537658,"permanent_identifier":"279385ac-7f10-43e2-89db-9f57660ea285","real_world_relation":"REFERENCE_ONLY","shape_Length":11.546529120890662,"source_datadesc":"2016 January MAFTIGER","source_datasetid":"{9298FF95-0FA8-4712-9AA5-9292C907CA63}","source_featureid":"1101747019401","source_id":"REF-KANAWHA-CONNECTING-ROADS","source_originator":"U.S. Department of Commerce, U.S. Census Bureau, Geography Division","state_route":"114","state_route_a":"114","state_route_b":null,"state_route_c":null,"stco_fipscode":"54039","tnmfrc":3,"us_route":null,"us_route_a":null,"us_route_b":null,"us_route_c":null},"type":"Feature"},{"geometry":{"coordinates":[[-81.572998,38.255191],[-81.572793,38.254498],[-81.572602,38.25393],[-81.572489,38.253634]],"type":"LineString"},"id":"REF-KANAWHA-CONNECTING-ROADS-398","properties":{"canon_status":"REAL_REFERENCE","county_route":null,"federal_lands_route":null,"fictionality":"REAL","globalid":"{8F929EFE-5A8E-4924-A9A3-40D82F83CFC2}","interstate":null,"interstate_a":null,"interstate_b":null,"interstate_c":null,"loaddate":1474002633000,"mtfcc_code":"S1200","name":"Maccorkle Ave","objectid":28537795,"permanent_identifier":"6be9a135-baed-4500-8416-311e804f70fd","real_world_relation":"REFERENCE_ONLY","shape_Length":227.94041188456035,"source_datadesc":"2016 January MAFTIGER","source_datasetid":"{9298FF95-0FA8-4712-9AA5-9292C907CA63}","source_featureid":"1101747018877","source_id":"REF-KANAWHA-CONNECTING-ROADS","source_originator":"U.S. Department of Commerce, U.S. Census Bureau, Geography Division","state_route":"61","state_route_a":"61","state_route_b":null,"state_route_c":null,"stco_fipscode":"54039","tnmfrc":3,"us_route":null,"us_route_a":null,"us_route_b":null,"us_route_c":null},"type":"Feature"},{"geometry":{"coordinates":[[-81.559134,38.240282],[-81.559146,38.240299],[-81.559205,38.240345],[-81.559266,38.240388],[-81.559877,38.240771],[-81.559998,38.240855],[-81.560291,38.241031],[-81.560548,38.241194]],"type":"LineString"},"id":"REF-KANAWHA-CONNECTING-ROADS-399","properties":{"canon_status":"REAL_REFERENCE","county_route":null,"federal_lands_route":null,"fictionality":"REAL","globalid":"{4AB91CB3-CB88-45AD-A7C7-2CF24A902EAE}","interstate":null,"interstate_a":null,"interstate_b":null,"interstate_c":null,"loaddate":1474001755000,"mtfcc_code":"S1200","name":"Maccorkle Ave","objectid":28537800,"permanent_identifier":"955db806-3781-4dce-af6b-a61ec138f8f9","real_world_relation":"REFERENCE_ONLY","shape_Length":203.96782150942204,"source_datadesc":"2016 January MAFTIGER","source_datasetid":"{9298FF95-0FA8-4712-9AA5-9292C907CA63}","source_featureid":"1101747018870","source_id":"REF-KANAWHA-CONNECTING-ROADS","source_originator":"U.S. Department of Commerce, U.S. Census Bureau, Geography Division","state_route":"61","state_route_a":"61","state_route_b":null,"state_route_c":null,"stco_fipscode":"54039","tnmfrc":3,"us_route":null,"us_route_a":null,"us_route_b":null,"us_route_c":null},"type":"Feature"},{"geometry":{"coordinates":[[-81.601259,38.328552],[-81.60173,38.32858]],"type":"LineString"},"id":"REF-KANAWHA-CONNECTING-ROADS-400","properties":{"canon_status":"REAL_REFERENCE","county_route":null,"federal_lands_route":null,"fictionality":"REAL","globalid":"{B40B3B2C-5E39-4C01-900B-75E0AECC6789}","interstate":null,"interstate_a":null,"interstate_b":null,"interstate_c":null,"loaddate":1568217705000,"mtfcc_code":"S1200","name":"Maccorkle Ave SE","objectid":28625289,"permanent_identifier":"cdad46a0-20f4-4392-8a9c-123da2891bd5","real_world_relation":"REFERENCE_ONLY","shape_Length":52.581834365607484,"source_datadesc":"2016 January MAFTIGER","source_datasetid":"{9298FF95-0FA8-4712-9AA5-9292C907CA63}","source_featureid":"1101747018887","source_id":"REF-KANAWHA-CONNECTING-ROADS","source_originator":"U.S. Department of Commerce, U.S. Census Bureau, Geography Division","state_route":"61","state_route_a":"61","state_route_b":null,"state_route_c":null,"stco_fipscode":"54039","tnmfrc":3,"us_route":null,"us_route_a":null,"us_route_b":null,"us_route_c":null},"type":"Feature"},{"geometry":{"coordinates":[[-81.58303,38.322197],[-81.582441,38.321847],[-81.581719,38.321442]],"type":"LineString"},"id":"REF-KANAWHA-CONNECTING-ROADS-401","properties":{"canon_status":"REAL_REFERENCE","county_route":null,"federal_lands_route":null,"fictionality":"REAL","globalid":"{A379A33C-7EFC-4F6E-B116-9B3EC94D13D3}","interstate":null,"interstate_a":null,"interstate_b":null,"interstate_c":null,"loaddate":1568217705000,"mtfcc_code":"S1200","name":"Maccorkle Ave SE","objectid":28625310,"permanent_identifier":"218956d7-4c75-477d-b65c-7159913eb6e4","real_world_relation":"REFERENCE_ONLY","shape_Length":181.05528446970033,"source_datadesc":"2016 January MAFTIGER","source_datasetid":"{9298FF95-0FA8-4712-9AA5-9292C907CA63}","source_featureid":"1101747018888","source_id":"REF-KANAWHA-CONNECTING-ROADS","source_originator":"U.S. Department of Commerce, U.S. Census Bureau, Geography Division","state_route":"61","state_route_a":"61","state_route_b":null,"state_route_c":null,"stco_fipscode":"54039","tnmfrc":3,"us_route":null,"us_route_a":null,"us_route_b":null,"us_route_c":null},"type":"Feature"},{"geometry":{"coordinates":[[-81.58295,38.322283],[-81.584248,38.323039]],"type":"LineString"},"id":"REF-KANAWHA-CONNECTING-ROADS-402","properties":{"canon_status":"REAL_REFERENCE","county_route":null,"federal_lands_route":null,"fictionality":"REAL","globalid":"{6F5465A1-5F04-46D3-A889-C0090AD9DF44}","interstate":null,"interstate_a":null,"interstate_b":null,"interstate_c":null,"loaddate":1568217705000,"mtfcc_code":"S1200","name":"Maccorkle Ave SE","objectid":28753877,"permanent_identifier":"ceeea226-df7d-40a4-aeab-e47df761d1f6","real_world_relation":"REFERENCE_ONLY","shape_Length":179.95910535966462,"source_datadesc":"2016 January MAFTIGER","source_datasetid":"{9298FF95-0FA8-4712-9AA5-9292C907CA63}","source_featureid":"1101747018887","source_id":"REF-KANAWHA-CONNECTING-ROADS","source_originator":"U.S. Department of Commerce, U.S. Census Bureau, Geography Division","state_route":"61","state_route_a":"61","state_route_b":null,"state_route_c":null,"stco_fipscode":"54039","tnmfrc":3,"us_route":null,"us_route_a":null,"us_route_b":null,"us_route_c":null},"type":"Feature"},{"geometry":{"coordinates":[[-81.496934,38.195805],[-81.496839,38.195772]],"type":"LineString"},"id":"REF-KANAWHA-CONNECTING-ROADS-403","properties":{"canon_status":"REAL_REFERENCE","county_route":null,"federal_lands_route":null,"fictionality":"REAL","globalid":"{72657228-C015-4485-9539-F91D9A250B14}","interstate":null,"interstate_a":null,"interstate_b":null,"interstate_c":null,"loaddate":1474002619000,"mtfcc_code":"S1200","name":"3rd Ave","objectid":28794701,"permanent_identifier":"a871306f-255b-4cb5-94c5-0462e9560cd2","real_world_relation":"REFERENCE_ONLY","shape_Length":11.562268401724964,"source_datadesc":"2016 January MAFTIGER","source_datasetid":"{9298FF95-0FA8-4712-9AA5-9292C907CA63}","source_featureid":"1101747011935","source_id":"REF-KANAWHA-CONNECTING-ROADS","source_originator":"U.S. Department of Commerce, U.S. Census Bureau, Geography Division","state_route":"61","state_route_a":"61","state_route_b":null,"state_route_c":null,"stco_fipscode":"54039","tnmfrc":3,"us_route":null,"us_route_a":null,"us_route_b":null,"us_route_c":null},"type":"Feature"},{"geometry":{"coordinates":[[-81.56698,38.238132],[-81.566874,38.238258],[-81.566409,38.238874],[-81.565502,38.240165]],"type":"LineString"},"id":"REF-KANAWHA-CONNECTING-ROADS-404","properties":{"canon_status":"REAL_REFERENCE","county_route":null,"federal_lands_route":null,"fictionality":"REAL","globalid":"{91F161EE-CC87-4385-86BD-CED0A15F6366}","interstate":null,"interstate_a":null,"interstate_b":null,"interstate_c":null,"loaddate":1474003160000,"mtfcc_code":"S1200","name":"Lens Creek Rd","objectid":28794764,"permanent_identifier":"0f6be21c-c3ec-4a50-9f21-296bd10fce2e","real_world_relation":"REFERENCE_ONLY","shape_Length":331.8839542716442,"source_datadesc":"2016 January MAFTIGER","source_datasetid":"{9298FF95-0FA8-4712-9AA5-9292C907CA63}","source_featureid":"1104468896882","source_id":"REF-KANAWHA-CONNECTING-ROADS","source_originator":"U.S. Department of Commerce, U.S. Census Bureau, Geography Division","state_route":"94","state_route_a":"94","state_route_b":null,"state_route_c":null,"stco_fipscode":"54039","tnmfrc":3,"us_route":null,"us_route_a":null,"us_route_b":null,"us_route_c":null},"type":"Feature"},{"geometry":{"coordinates":[[-81.559134,38.240282],[-81.55921,38.240315]],"type":"LineString"},"id":"REF-KANAWHA-CONNECTING-ROADS-405","properties":{"canon_status":"REAL_REFERENCE","county_route":null,"federal_lands_route":null,"fictionality":"REAL","globalid":"{38783046-AFBE-4449-AA81-F83189BCE6A1}","interstate":null,"interstate_a":null,"interstate_b":null,"interstate_c":null,"loaddate":1474002730000,"mtfcc_code":"S1200","name":"Maccorkle Ave","objectid":28794813,"permanent_identifier":"1db3591b-43ac-4009-af90-4fda89f77aed","real_world_relation":"REFERENCE_ONLY","shape_Length":9.667054383972472,"source_datadesc":"2016 January MAFTIGER","source_datasetid":"{9298FF95-0FA8-4712-9AA5-9292C907CA63}","source_featureid":"1101747018869","source_id":"REF-KANAWHA-CONNECTING-ROADS","source_originator":"U.S. Department of Commerce, U.S. Census Bureau, Geography Division","state_route":"61","state_route_a":"61","state_route_b":null,"state_route_c":null,"stco_fipscode":"54039","tnmfrc":3,"us_route":null,"us_route_a":null,"us_route_b":null,"us_route_c":null},"type":"Feature"},{"geometry":{"coordinates":[[-81.581653,38.321538],[-81.582071,38.32177],[-81.582396,38.321965],[-81.58295,38.322283]],"type":"LineString"},"id":"REF-KANAWHA-CONNECTING-ROADS-406","properties":{"canon_status":"REAL_REFERENCE","county_route":null,"federal_lands_route":null,"fictionality":"REAL","globalid":"{382E3D52-D6A4-4F1D-9CE1-A1E1FBA778CE}","interstate":null,"interstate_a":null,"interstate_b":null,"interstate_c":null,"loaddate":1568217705000,"mtfcc_code":"S1200","name":"Maccorkle Ave SE","objectid":28882794,"permanent_identifier":"05edd393-5631-4d27-b75a-523f4f9f9404","real_world_relation":"REFERENCE_ONLY","shape_Length":178.96002441128388,"source_datadesc":"2016 January MAFTIGER","source_datasetid":"{9298FF95-0FA8-4712-9AA5-9292C907CA63}","source_featureid":"1101747018887","source_id":"REF-KANAWHA-CONNECTING-ROADS","source_originator":"U.S. Department of Commerce, U.S. Census Bureau, Geography Division","state_route":"61","state_route_a":"61","state_route_b":null,"state_route_c":null,"stco_fipscode":"54039","tnmfrc":3,"us_route":null,"us_route_a":null,"us_route_b":null,"us_route_c":null},"type":"Feature"},{"geometry":{"coordinates":[[-81.647254,38.35279],[-81.647307,38.35281]],"type":"LineString"},"id":"REF-KANAWHA-CONNECTING-ROADS-407","properties":{"canon_status":"REAL_REFERENCE","county_route":null,"federal_lands_route":null,"fictionality":"REAL","globalid":"{672BEADD-53D5-4C35-A60A-80E39C55A5A1}","interstate":null,"interstate_a":null,"interstate_b":null,"interstate_c":null,"loaddate":1568217705000,"mtfcc_code":"S1200","name":"Maccorkle Ave SW","objectid":28882811,"permanent_identifier":"7b342d24-4a62-4b13-87d4-a240b3b0607f","real_world_relation":"REFERENCE_ONLY","shape_Length":6.547512580454958,"source_datadesc":"2016 January MAFTIGER","source_datasetid":"{9298FF95-0FA8-4712-9AA5-9292C907CA63}","source_featureid":"1101747018890","source_id":"REF-KANAWHA-CONNECTING-ROADS","source_originator":"U.S. Department of Commerce, U.S. Census Bureau, Geography Division","state_route":"61","state_route_a":"61","state_route_b":null,"state_route_c":null,"stco_fipscode":"54039","tnmfrc":3,"us_route":null,"us_route_a":null,"us_route_b":null,"us_route_c":null},"type":"Feature"},{"geometry":{"coordinates":[[-81.565185,38.240612],[-81.565005,38.240856]],"type":"LineString"},"id":"REF-KANAWHA-CONNECTING-ROADS-408","properties":{"canon_status":"REAL_REFERENCE","county_route":null,"federal_lands_route":null,"fictionality":"REAL","globalid":"{F32E2161-4497-41DB-A34B-58EFED4A14B9}","interstate":null,"interstate_a":null,"interstate_b":null,"interstate_c":null,"loaddate":1474001298000,"mtfcc_code":"S1200","name":"State Rte 94","objectid":28923835,"permanent_identifier":"028a85c4-45bc-4954-af8c-700ba59203d7","real_world_relation":"REFERENCE_ONLY","shape_Length":39.968467299979004,"source_datadesc":"2016 January MAFTIGER","source_datasetid":"{9298FF95-0FA8-4712-9AA5-9292C907CA63}","source_featureid":"1101747011791","source_id":"REF-KANAWHA-CONNECTING-ROADS","source_originator":"U.S. Department of Commerce, U.S. Census Bureau, Geography Division","state_route":"94","state_route_a":"94","state_route_b":null,"state_route_c":null,"stco_fipscode":"54039","tnmfrc":3,"us_route":null,"us_route_a":null,"us_route_b":null,"us_route_c":null},"type":"Feature"},{"geometry":{"coordinates":[[-81.476626,38.198168],[-81.476957,38.197986],[-81.477706,38.197588]],"type":"LineString"},"id":"REF-KANAWHA-CONNECTING-ROADS-409","properties":{"canon_status":"REAL_REFERENCE","county_route":null,"federal_lands_route":null,"fictionality":"REAL","globalid":"{8051E668-40B0-4655-824D-7150AEEC09A9}","interstate":null,"interstate_a":null,"interstate_b":null,"interstate_c":null,"loaddate":1474003102000,"mtfcc_code":"S1200","name":"3rd Ave","objectid":29438280,"permanent_identifier":"bde3a3ae-b796-4868-9f56-56217e57dab9","real_world_relation":"REFERENCE_ONLY","shape_Length":145.61925442955138,"source_datadesc":"2016 January MAFTIGER","source_datasetid":"{9298FF95-0FA8-4712-9AA5-9292C907CA63}","source_featureid":"1104259509480","source_id":"REF-KANAWHA-CONNECTING-ROADS","source_originator":"U.S. Department of Commerce, U.S. Census Bureau, Geography Division","state_route":"61","state_route_a":"61","state_route_b":null,"state_route_c":null,"stco_fipscode":"54039","tnmfrc":3,"us_route":null,"us_route_a":null,"us_route_b":null,"us_route_c":null},"type":"Feature"},{"geometry":{"coordinates":[[-81.674424,38.37612],[-81.674354,38.376102],[-81.674194,38.376062],[-81.673826,38.375953],[-81.673806,38.375946],[-81.673466,38.375831],[-81.673249,38.375751]],"type":"LineString"},"id":"REF-KANAWHA-CONNECTING-ROADS-410","properties":{"canon_status":"REAL_REFERENCE","county_route":null,"federal_lands_route":null,"fictionality":"REAL","globalid":"{08AA6D59-D44A-4C58-8EBE-932605623E37}","interstate":null,"interstate_a":null,"interstate_b":null,"interstate_c":null,"loaddate":1568217705000,"mtfcc_code":"S1200","name":"7th Ave","objectid":29525276,"permanent_identifier":"3e99059d-7576-45d0-a10c-e0cefd5a019d","real_world_relation":"REFERENCE_ONLY","shape_Length":141.04112838760756,"source_datadesc":"2016 January MAFTIGER","source_datasetid":"{9298FF95-0FA8-4712-9AA5-9292C907CA63}","source_featureid":"1101747012131","source_id":"REF-KANAWHA-CONNECTING-ROADS","source_originator":"U.S. Department of Commerce, U.S. Census Bureau, Geography Division","state_route":"25","state_route_a":"25","state_route_b":null,"state_route_c":null,"stco_fipscode":"54039","tnmfrc":3,"us_route":null,"us_route_a":null,"us_route_b":null,"us_route_c":null},"type":"Feature"},{"geometry":{"coordinates":[[-81.568491,38.313834],[-81.568446,38.313806],[-81.567506,38.313244],[-81.566831,38.312849]],"type":"LineString"},"id":"REF-KANAWHA-CONNECTING-ROADS-411","properties":{"canon_status":"REAL_REFERENCE","county_route":null,"federal_lands_route":null,"fictionality":"REAL","globalid":"{9C76D245-D108-47CC-889C-45213518C82F}","interstate":null,"interstate_a":null,"interstate_b":null,"interstate_c":null,"loaddate":1568217705000,"mtfcc_code":"S1200","name":"Maccorkle Ave SE","objectid":29653693,"permanent_identifier":"e4f29837-8e82-4617-830f-b827b331d039","real_world_relation":"REFERENCE_ONLY","shape_Length":231.72996742837267,"source_datadesc":"2018 May MAF/TIGER","source_datasetid":"{9298FF95-0FA8-4712-9AA5-9292C907CA63}","source_featureid":"1101747018888","source_id":"REF-KANAWHA-CONNECTING-ROADS","source_originator":"U.S. Department of Commerce, U.S. Census Bureau, Geography Division","state_route":"61","state_route_a":"61","state_route_b":null,"state_route_c":null,"stco_fipscode":"54039","tnmfrc":3,"us_route":null,"us_route_a":null,"us_route_b":null,"us_route_c":null},"type":"Feature"},{"geometry":{"coordinates":[[-81.584248,38.323039],[-81.584573,38.323227],[-81.585556,38.323782]],"type":"LineString"},"id":"REF-KANAWHA-CONNECTING-ROADS-412","properties":{"canon_status":"REAL_REFERENCE","county_route":null,"federal_lands_route":null,"fictionality":"REAL","globalid":"{45BAA4FB-10F4-4A85-98CA-400EBBFCDD73}","interstate":null,"interstate_a":null,"interstate_b":null,"interstate_c":null,"loaddate":1568217705000,"mtfcc_code":"S1200","name":"Maccorkle Ave SE","objectid":29653712,"permanent_identifier":"c2b083fd-0d29-47b0-8b43-3ccdacaa69c4","real_world_relation":"REFERENCE_ONLY","shape_Length":179.73196849158634,"source_datadesc":"2018 May MAF/TIGER","source_datasetid":"{9298FF95-0FA8-4712-9AA5-9292C907CA63}","source_featureid":"1101747018887","source_id":"REF-KANAWHA-CONNECTING-ROADS","source_originator":"U.S. Department of Commerce, U.S. Census Bureau, Geography Division","state_route":"61","state_route_a":"61","state_route_b":null,"state_route_c":null,"stco_fipscode":"54039","tnmfrc":3,"us_route":null,"us_route_a":null,"us_route_b":null,"us_route_c":null},"type":"Feature"},{"geometry":{"coordinates":[[-81.579152,38.319958],[-81.57769,38.319117]],"type":"LineString"},"id":"REF-KANAWHA-CONNECTING-ROADS-413","properties":{"canon_status":"REAL_REFERENCE","county_route":null,"federal_lands_route":null,"fictionality":"REAL","globalid":"{90C03C09-9268-43E9-AEAA-DE7260D60C25}","interstate":null,"interstate_a":null,"interstate_b":null,"interstate_c":null,"loaddate":1568217705000,"mtfcc_code":"S1200","name":"Maccorkle Ave SE","objectid":29653735,"permanent_identifier":"2d7f1e3a-6407-4fcd-bf90-c43c767841eb","real_world_relation":"REFERENCE_ONLY","shape_Length":201.80728087412453,"source_datadesc":"2016 January MAFTIGER","source_datasetid":"{9298FF95-0FA8-4712-9AA5-9292C907CA63}","source_featureid":"1101747018888","source_id":"REF-KANAWHA-CONNECTING-ROADS","source_originator":"U.S. Department of Commerce, U.S. Census Bureau, Geography Division","state_route":"61","state_route_a":"61","state_route_b":null,"state_route_c":null,"stco_fipscode":"54039","tnmfrc":3,"us_route":null,"us_route_a":null,"us_route_b":null,"us_route_c":null},"type":"Feature"},{"geometry":{"coordinates":[[-81.565502,38.240165],[-81.565252,38.240518]],"type":"LineString"},"id":"REF-KANAWHA-CONNECTING-ROADS-414","properties":{"canon_status":"REAL_REFERENCE","county_route":null,"federal_lands_route":null,"fictionality":"REAL","globalid":"{0FA736D3-4533-442A-9771-8AFA0C0523A2}","interstate":null,"interstate_a":null,"interstate_b":null,"interstate_c":null,"loaddate":1474001298000,"mtfcc_code":"S1200","name":"State Rte 94","objectid":29694946,"permanent_identifier":"0446c78a-f657-40a5-a39f-f33c08374a00","real_world_relation":"REFERENCE_ONLY","shape_Length":57.25075335650453,"source_datadesc":"2016 January MAFTIGER","source_datasetid":"{9298FF95-0FA8-4712-9AA5-9292C907CA63}","source_featureid":"1101747011791","source_id":"REF-KANAWHA-CONNECTING-ROADS","source_originator":"U.S. Department of Commerce, U.S. Census Bureau, Geography Division","state_route":"94","state_route_a":"94","state_route_b":null,"state_route_c":null,"stco_fipscode":"54039","tnmfrc":3,"us_route":null,"us_route_a":null,"us_route_b":null,"us_route_c":null},"type":"Feature"},{"geometry":{"coordinates":[[-81.607329,38.344882],[-81.607112,38.345087],[-81.606834,38.345322],[-81.606588,38.345507],[-81.606087,38.34585],[-81.605899,38.345993],[-81.605784,38.346106],[-81.605652,38.346256],[-81.6056,38.346325],[-81.605536,38.346413],[-81.605417,38.346609],[-81.605379,38.346732],[-81.605349,38.346831],[-81.605305,38.347029]],"type":"LineString"},"id":"REF-KANAWHA-CONNECTING-ROADS-415","properties":{"canon_status":"REAL_REFERENCE","county_route":null,"federal_lands_route":null,"fictionality":"REAL","globalid":"{7E0CE1F9-D8F0-4666-9CB8-DB8F13BCC400}","interstate":null,"interstate_a":null,"interstate_b":null,"interstate_c":null,"loaddate":1474001570000,"mtfcc_code":"S1200","name":"Greenbrier St","objectid":29694967,"permanent_identifier":"76e484e5-f5f5-4060-b9bb-97a046fff31f","real_world_relation":"REFERENCE_ONLY","shape_Length":388.3382886303454,"source_datadesc":"2016 January MAFTIGER","source_datasetid":"{9298FF95-0FA8-4712-9AA5-9292C907CA63}","source_featureid":"1101747019401","source_id":"REF-KANAWHA-CONNECTING-ROADS","source_originator":"U.S. Department of Commerce, U.S. Census Bureau, Geography Division","state_route":"114","state_route_a":"114","state_route_b":null,"state_route_c":null,"stco_fipscode":"54039","tnmfrc":3,"us_route":null,"us_route_a":null,"us_route_b":null,"us_route_c":null},"type":"Feature"},{"geometry":{"coordinates":[[-81.574865,38.317624],[-81.575234,38.317833],[-81.576146,38.318362]],"type":"LineString"},"id":"REF-KANAWHA-CONNECTING-ROADS-416","properties":{"canon_status":"REAL_REFERENCE","county_route":null,"federal_lands_route":null,"fictionality":"REAL","globalid":"{A17F3BDF-CA15-4B39-9CEB-782DEE5C9D14}","interstate":null,"interstate_a":null,"interstate_b":null,"interstate_c":null,"loaddate":1568217705000,"mtfcc_code":"S1200","name":"Maccorkle Ave SE","objectid":29782145,"permanent_identifier":"e3f6d485-48f6-41d3-82c5-a13e4250f959","real_world_relation":"REFERENCE_ONLY","shape_Length":176.9178218217504,"source_datadesc":"2016 January MAFTIGER","source_datasetid":"{9298FF95-0FA8-4712-9AA5-9292C907CA63}","source_featureid":"1101747018887","source_id":"REF-KANAWHA-CONNECTING-ROADS","source_originator":"U.S. Department of Commerce, U.S. Census Bureau, Geography Division","state_route":"61","state_route_a":"61","state_route_b":null,"state_route_c":null,"stco_fipscode":"54039","tnmfrc":3,"us_route":null,"us_route_a":null,"us_route_b":null,"us_route_c":null},"type":"Feature"},{"geometry":{"coordinates":[[-81.567351,38.245846],[-81.567377,38.245891],[-81.567566,38.246139],[-81.567681,38.246288]],"type":"LineString"},"id":"REF-KANAWHA-CONNECTING-ROADS-417","properties":{"canon_status":"REAL_REFERENCE","county_route":null,"federal_lands_route":null,"fictionality":"REAL","globalid":"{1BE37131-7234-467A-8423-82ACD10A8280}","interstate":null,"interstate_a":null,"interstate_b":null,"interstate_c":null,"loaddate":1568217705000,"mtfcc_code":"S1200","name":"Maccorkle Ave","objectid":29782254,"permanent_identifier":"94397248-4694-429f-a914-adfa2a2569b0","real_world_relation":"REFERENCE_ONLY","shape_Length":72.66874903667544,"source_datadesc":"2016 January MAFTIGER","source_datasetid":"{9298FF95-0FA8-4712-9AA5-9292C907CA63}","source_featureid":"1101747018876","source_id":"REF-KANAWHA-CONNECTING-ROADS","source_originator":"U.S. Department of Commerce, U.S. Census Bureau, Geography Division","state_route":"61","state_route_a":"61","state_route_b":null,"state_route_c":null,"stco_fipscode":"54039","tnmfrc":3,"us_route":null,"us_route_a":null,"us_route_b":null,"us_route_c":null},"type":"Feature"},{"geometry":{"coordinates":[[-81.613349,38.201216],[-81.61257,38.201759],[-81.612112,38.202083],[-81.611843,38.202281],[-81.611393,38.202587],[-81.610271,38.203384],[-81.610072,38.203519],[-81.6095,38.203915],[-81.608461,38.204656],[-81.608321,38.204774],[-81.608171,38.204928],[-81.607951,38.205205],[-81.607833,38.20538],[-81.607719,38.20559],[-81.607628,38.205791],[-81.607554,38.205996],[-81.607385,38.206525],[-81.607251,38.206991],[-81.607207,38.207162],[-81.607161,38.207417],[-81.607142,38.207567]],"type":"LineString"},"id":"REF-KANAWHA-CONNECTING-ROADS-418","properties":{"canon_status":"REAL_REFERENCE","county_route":null,"federal_lands_route":null,"fictionality":"REAL","globalid":"{B5ED0BC5-6408-461B-8C05-BAF4E5776D9D}","interstate":null,"interstate_a":null,"interstate_b":null,"interstate_c":null,"loaddate":1474002063000,"mtfcc_code":"S1200","name":"Lens Creek Rd","objectid":29823685,"permanent_identifier":"43289bc8-7475-48a8-8fae-2e2bfdb703bc","real_world_relation":"REFERENCE_ONLY","shape_Length":1175.3741193641747,"source_datadesc":"2016 January MAFTIGER","source_datasetid":"{9298FF95-0FA8-4712-9AA5-9292C907CA63}","source_featureid":"1104468899326","source_id":"REF-KANAWHA-CONNECTING-ROADS","source_originator":"U.S. Department of Commerce, U.S. Census Bureau, Geography Division","state_route":"94","state_route_a":"94","state_route_b":null,"state_route_c":null,"stco_fipscode":"54039","tnmfrc":3,"us_route":null,"us_route_a":null,"us_route_b":null,"us_route_c":null},"type":"Feature"},{"geometry":{"coordinates":[[-81.56264,38.380067],[-81.562767,38.379871],[-81.562955,38.37958],[-81.563088,38.379386],[-81.563248,38.379177],[-81.563346,38.379071],[-81.563367,38.379043],[-81.563378,38.379039],[-81.563406,38.379011],[-81.563533,38.378905],[-81.563659,38.378809],[-81.564148,38.378468],[-81.564479,38.378238],[-81.564628,38.378136]],"type":"LineString"},"id":"REF-KANAWHA-CONNECTING-ROADS-419","properties":{"canon_status":"REAL_REFERENCE","county_route":null,"federal_lands_route":null,"fictionality":"REAL","globalid":"{F3DB9F1A-BAC6-4402-B62B-04978870E7E8}","interstate":null,"interstate_a":null,"interstate_b":null,"interstate_c":null,"loaddate":1474003102000,"mtfcc_code":"S1200","name":"Greenbrier St","objectid":29951663,"permanent_identifier":"da82dc4d-3c15-4061-9383-f68f1070d66b","real_world_relation":"REFERENCE_ONLY","shape_Length":357.35602995307556,"source_datadesc":"2016 January MAFTIGER","source_datasetid":"{9298FF95-0FA8-4712-9AA5-9292C907CA63}","source_featureid":"1101747019399","source_id":"REF-KANAWHA-CONNECTING-ROADS","source_originator":"U.S. Department of Commerce, U.S. Census Bureau, Geography Division","state_route":"114","state_route_a":"114","state_route_b":null,"state_route_c":null,"stco_fipscode":"54039","tnmfrc":3,"us_route":null,"us_route_a":null,"us_route_b":null,"us_route_c":null},"type":"Feature"},{"geometry":{"coordinates":[[-81.566225,38.296212],[-81.566118,38.296484]],"type":"LineString"},"id":"REF-KANAWHA-CONNECTING-ROADS-420","properties":{"canon_status":"REAL_REFERENCE","county_route":null,"federal_lands_route":null,"fictionality":"REAL","globalid":"{32F91188-35CC-4879-B5C9-874A43DB3089}","interstate":null,"interstate_a":"","interstate_b":"","interstate_c":"","loaddate":1673511277000,"mtfcc_code":"S1200","name":"Maccorkle Ave SE","objectid":30039702,"permanent_identifier":"ee372e8c-cdaa-4248-9187-9c085fbeb0c4","real_world_relation":"REFERENCE_ONLY","shape_Length":40.43209621107178,"source_datadesc":"2022 September MAF/TIGER","source_datasetid":"{9298FF95-0FA8-4712-9AA5-9292C907CA63}","source_featureid":"1101747018887","source_id":"REF-KANAWHA-CONNECTING-ROADS","source_originator":"U.S. Department of Commerce, U.S. Census Bureau, Geography Division","state_route":"61","state_route_a":"61","state_route_b":"","state_route_c":"","stco_fipscode":"54039","tnmfrc":3,"us_route":null,"us_route_a":"","us_route_b":"","us_route_c":""},"type":"Feature"},{"geometry":{"coordinates":[[-81.494036,38.195346],[-81.494094,38.195338],[-81.494268,38.195328],[-81.495267,38.195369],[-81.495303,38.195385]],"type":"LineString"},"id":"REF-KANAWHA-CONNECTING-ROADS-421","properties":{"canon_status":"REAL_REFERENCE","county_route":null,"federal_lands_route":null,"fictionality":"REAL","globalid":"{F7D79C3E-153C-41AF-BF34-3B241B60C84C}","interstate":null,"interstate_a":null,"interstate_b":null,"interstate_c":null,"loaddate":1474002962000,"mtfcc_code":"S1200","name":"3rd Ave","objectid":30080547,"permanent_identifier":"8f44f584-b07e-4d76-ac44-6e969567b3ad","real_world_relation":"REFERENCE_ONLY","shape_Length":141.94017026724222,"source_datadesc":"2016 January MAFTIGER","source_datasetid":"{9298FF95-0FA8-4712-9AA5-9292C907CA63}","source_featureid":"1101747011932","source_id":"REF-KANAWHA-CONNECTING-ROADS","source_originator":"U.S. Department of Commerce, U.S. Census Bureau, Geography Division","state_route":"61","state_route_a":"61","state_route_b":null,"state_route_c":null,"stco_fipscode":"54039","tnmfrc":3,"us_route":null,"us_route_a":null,"us_route_b":null,"us_route_c":null},"type":"Feature"},{"geometry":{"coordinates":[[-81.612893,38.340944],[-81.612648,38.341212]],"type":"LineString"},"id":"REF-KANAWHA-CONNECTING-ROADS-422","properties":{"canon_status":"REAL_REFERENCE","county_route":null,"federal_lands_route":null,"fictionality":"REAL","globalid":"{7CFDC3E7-4DBB-47A1-86C8-FDD10B1B910C}","interstate":null,"interstate_a":null,"interstate_b":null,"interstate_c":null,"loaddate":1568217705000,"mtfcc_code":"S1200","name":"Greenbrier St","objectid":30168148,"permanent_identifier":"095fa55f-167f-4f52-b1c9-569f067735e8","real_world_relation":"REFERENCE_ONLY","shape_Length":46.80434020367038,"source_datadesc":"2016 January MAFTIGER","source_datasetid":"{9298FF95-0FA8-4712-9AA5-9292C907CA63}","source_featureid":"1101747019400","source_id":"REF-KANAWHA-CONNECTING-ROADS","source_originator":"U.S. Department of Commerce, U.S. Census Bureau, Geography Division","state_route":"114","state_route_a":"114","state_route_b":null,"state_route_c":null,"stco_fipscode":"54039","tnmfrc":3,"us_route":null,"us_route_a":null,"us_route_b":null,"us_route_c":null},"type":"Feature"},{"geometry":{"coordinates":[[-81.59379,38.358595],[-81.594232,38.358489]],"type":"LineString"},"id":"REF-KANAWHA-CONNECTING-ROADS-423","properties":{"canon_status":"REAL_REFERENCE","county_route":null,"federal_lands_route":null,"fictionality":"REAL","globalid":"{3940D5A1-D214-4206-B626-AF35EBC3111C}","interstate":null,"interstate_a":null,"interstate_b":null,"interstate_c":null,"loaddate":1474003102000,"mtfcc_code":"S1200","name":"Greenbrier St","objectid":30209541,"permanent_identifier":"938a9ed8-c675-4eb6-b9db-70fa64782360","real_world_relation":"REFERENCE_ONLY","shape_Length":51.45301793022867,"source_datadesc":"2016 January MAFTIGER","source_datasetid":"{9298FF95-0FA8-4712-9AA5-9292C907CA63}","source_featureid":"1101747019399","source_id":"REF-KANAWHA-CONNECTING-ROADS","source_originator":"U.S. Department of Commerce, U.S. Census Bureau, Geography Division","state_route":"114","state_route_a":"114","state_route_b":null,"state_route_c":null,"stco_fipscode":"54039","tnmfrc":3,"us_route":null,"us_route_a":null,"us_route_b":null,"us_route_c":null},"type":"Feature"},{"geometry":{"coordinates":[[-81.574947,38.317529],[-81.573654,38.316798]],"type":"LineString"},"id":"REF-KANAWHA-CONNECTING-ROADS-424","properties":{"canon_status":"REAL_REFERENCE","county_route":null,"federal_lands_route":null,"fictionality":"REAL","globalid":"{DA5FFA43-EF06-4071-86F5-7FDF73A80EC0}","interstate":null,"interstate_a":null,"interstate_b":null,"interstate_c":null,"loaddate":1568217705000,"mtfcc_code":"S1200","name":"Maccorkle Ave SE","objectid":30297002,"permanent_identifier":"80f61d8a-f9c5-4195-87ed-ea1a25963c9e","real_world_relation":"REFERENCE_ONLY","shape_Length":177.41079109071694,"source_datadesc":"2016 January MAFTIGER","source_datasetid":"{9298FF95-0FA8-4712-9AA5-9292C907CA63}","source_featureid":"1101747018888","source_id":"REF-KANAWHA-CONNECTING-ROADS","source_originator":"U.S. Department of Commerce, U.S. Census Bureau, Geography Division","state_route":"61","state_route_a":"61","state_route_b":null,"state_route_c":null,"stco_fipscode":"54039","tnmfrc":3,"us_route":null,"us_route_a":null,"us_route_b":null,"us_route_c":null},"type":"Feature"},{"geometry":{"coordinates":[[-81.566944,38.245286],[-81.566917,38.245235]],"type":"LineString"},"id":"REF-KANAWHA-CONNECTING-ROADS-425","properties":{"canon_status":"REAL_REFERENCE","county_route":null,"federal_lands_route":null,"fictionality":"REAL","globalid":"{D1B27523-93B6-482E-AF7B-17D05458F465}","interstate":null,"interstate_a":null,"interstate_b":null,"interstate_c":null,"loaddate":1568217705000,"mtfcc_code":"S1200","name":"Maccorkle Ave","objectid":30297090,"permanent_identifier":"ae0fa967-19cc-48fa-8148-8ba5ae57bce1","real_world_relation":"REFERENCE_ONLY","shape_Length":7.828833020803932,"source_datadesc":"2016 January MAFTIGER","source_datasetid":"{9298FF95-0FA8-4712-9AA5-9292C907CA63}","source_featureid":"1101747018873","source_id":"REF-KANAWHA-CONNECTING-ROADS","source_originator":"U.S. Department of Commerce, U.S. Census Bureau, Geography Division","state_route":"61","state_route_a":"61","state_route_b":null,"state_route_c":null,"stco_fipscode":"54039","tnmfrc":3,"us_route":null,"us_route_a":null,"us_route_b":null,"us_route_c":null},"type":"Feature"},{"geometry":{"coordinates":[[-81.673184,38.375815],[-81.67337,38.375879],[-81.673784,38.376015],[-81.674253,38.376168],[-81.674315,38.376184],[-81.674515,38.376236],[-81.674782,38.376291],[-81.675054,38.376331],[-81.676455,38.376467],[-81.676666,38.376487]],"type":"LineString"},"id":"REF-KANAWHA-CONNECTING-ROADS-426","properties":{"canon_status":"REAL_REFERENCE","county_route":null,"federal_lands_route":null,"fictionality":"REAL","globalid":"{7E45FFB0-E881-4518-ACAA-DFD071D010FD}","interstate":null,"interstate_a":null,"interstate_b":null,"interstate_c":null,"loaddate":1568217705000,"mtfcc_code":"S1200","name":"7th Ave","objectid":30425930,"permanent_identifier":"85135b5b-5b67-4d15-8a21-3ecc1c0f1c03","real_world_relation":"REFERENCE_ONLY","shape_Length":402.1997188474964,"source_datadesc":"2016 January MAFTIGER","source_datasetid":"{9298FF95-0FA8-4712-9AA5-9292C907CA63}","source_featureid":"1101747012130","source_id":"REF-KANAWHA-CONNECTING-ROADS","source_originator":"U.S. Department of Commerce, U.S. Census Bureau, Geography Division","state_route":"25","state_route_a":"25","state_route_b":null,"state_route_c":null,"stco_fipscode":"54039","tnmfrc":3,"us_route":null,"us_route_a":null,"us_route_b":null,"us_route_c":null},"type":"Feature"},{"geometry":{"coordinates":[[-81.487871,38.195075],[-81.488133,38.195084]],"type":"LineString"},"id":"REF-KANAWHA-CONNECTING-ROADS-427","properties":{"canon_status":"REAL_REFERENCE","county_route":null,"federal_lands_route":null,"fictionality":"REAL","globalid":"{664386F1-67CE-4D94-B5F4-68693D42E912}","interstate":null,"interstate_a":null,"interstate_b":null,"interstate_c":null,"loaddate":1474003102000,"mtfcc_code":"S1200","name":"3rd Ave","objectid":30466547,"permanent_identifier":"4f00ae32-fef9-41f2-a469-64ba68180ddc","real_world_relation":"REFERENCE_ONLY","shape_Length":29.19354674636762,"source_datadesc":"2016 January MAFTIGER","source_datasetid":"{9298FF95-0FA8-4712-9AA5-9292C907CA63}","source_featureid":"1104259509480","source_id":"REF-KANAWHA-CONNECTING-ROADS","source_originator":"U.S. Department of Commerce, U.S. Census Bureau, Geography Division","state_route":"61","state_route_a":"61","state_route_b":null,"state_route_c":null,"stco_fipscode":"54039","tnmfrc":3,"us_route":null,"us_route_a":null,"us_route_b":null,"us_route_c":null},"type":"Feature"},{"geometry":{"coordinates":[[-81.566126,38.243226],[-81.566623,38.243959],[-81.566691,38.244086],[-81.566759,38.244279],[-81.566792,38.244417],[-81.566813,38.244584],[-81.566827,38.244816],[-81.566812,38.244873]],"type":"LineString"},"id":"REF-KANAWHA-CONNECTING-ROADS-428","properties":{"canon_status":"REAL_REFERENCE","county_route":null,"federal_lands_route":null,"fictionality":"REAL","globalid":"{DAC0C04B-F69A-4067-8D37-A9B167EA6156}","interstate":null,"interstate_a":null,"interstate_b":null,"interstate_c":null,"loaddate":1568217705000,"mtfcc_code":"S1200","name":"Maccorkle Ave","objectid":30554548,"permanent_identifier":"78a86554-5be5-4ecd-8563-5284732ce03c","real_world_relation":"REFERENCE_ONLY","shape_Length":250.47739271178332,"source_datadesc":"2016 January MAFTIGER","source_datasetid":"{9298FF95-0FA8-4712-9AA5-9292C907CA63}","source_featureid":"1101747018874","source_id":"REF-KANAWHA-CONNECTING-ROADS","source_originator":"U.S. Department of Commerce, U.S. Census Bureau, Geography Division","state_route":"61","state_route_a":"61","state_route_b":null,"state_route_c":null,"stco_fipscode":"54039","tnmfrc":3,"us_route":null,"us_route_a":null,"us_route_b":null,"us_route_c":null},"type":"Feature"},{"geometry":{"coordinates":[[-81.605587,38.328895],[-81.606008,38.328943],[-81.606508,38.329021],[-81.606872,38.32909],[-81.6071,38.329133],[-81.607605,38.329247],[-81.60802,38.329354],[-81.609001,38.329628],[-81.609146,38.32967],[-81.610122,38.329953],[-81.611161,38.330254],[-81.611367,38.330313],[-81.612438,38.330618]],"type":"LineString"},"id":"REF-KANAWHA-CONNECTING-ROADS-429","properties":{"canon_status":"REAL_REFERENCE","county_route":null,"federal_lands_route":null,"fictionality":"REAL","globalid":"{0F4245F3-5C19-4A44-842C-ACEEDB0C6FE4}","interstate":null,"interstate_a":null,"interstate_b":null,"interstate_c":null,"loaddate":1474001493000,"mtfcc_code":"S1200","name":"Maccorkle Ave SE","objectid":30723725,"permanent_identifier":"700a90e5-7249-4870-9f99-2cce55b7c6ba","real_world_relation":"REFERENCE_ONLY","shape_Length":802.5291083770138,"source_datadesc":"2016 January MAFTIGER","source_datasetid":"{9298FF95-0FA8-4712-9AA5-9292C907CA63}","source_featureid":"1101747018887","source_id":"REF-KANAWHA-CONNECTING-ROADS","source_originator":"U.S. Department of Commerce, U.S. Census Bureau, Geography Division","state_route":"61","state_route_a":"61","state_route_b":null,"state_route_c":null,"stco_fipscode":"54039","tnmfrc":3,"us_route":null,"us_route_a":null,"us_route_b":null,"us_route_c":null},"type":"Feature"},{"geometry":{"coordinates":[[-81.604827,38.34901],[-81.60473,38.34922],[-81.604617,38.349426],[-81.604513,38.349587],[-81.604363,38.349786],[-81.604197,38.349978],[-81.604017,38.350161],[-81.60373,38.350379],[-81.603302,38.350674],[-81.603131,38.350775],[-81.60306,38.350813]],"type":"LineString"},"id":"REF-KANAWHA-CONNECTING-ROADS-430","properties":{"canon_status":"REAL_REFERENCE","county_route":null,"federal_lands_route":null,"fictionality":"REAL","globalid":"{9B182FEA-77FF-42BE-A052-299DF4C76372}","interstate":null,"interstate_a":null,"interstate_b":null,"interstate_c":null,"loaddate":1474002869000,"mtfcc_code":"S1200","name":"Greenbrier St","objectid":30723797,"permanent_identifier":"6aa08d25-968d-4ab0-9789-6093ae2a6d97","real_world_relation":"REFERENCE_ONLY","shape_Length":329.0101893341316,"source_datadesc":"2016 January MAFTIGER","source_datasetid":"{9298FF95-0FA8-4712-9AA5-9292C907CA63}","source_featureid":"1101747019400","source_id":"REF-KANAWHA-CONNECTING-ROADS","source_originator":"U.S. Department of Commerce, U.S. Census Bureau, Geography Division","state_route":"114","state_route_a":"114","state_route_b":null,"state_route_c":null,"stco_fipscode":"54039","tnmfrc":3,"us_route":null,"us_route_a":null,"us_route_b":null,"us_route_c":null},"type":"Feature"},{"geometry":{"coordinates":[[-81.48535,38.195177],[-81.485739,38.195139],[-81.485972,38.195122]],"type":"LineString"},"id":"REF-KANAWHA-CONNECTING-ROADS-431","properties":{"canon_status":"REAL_REFERENCE","county_route":null,"federal_lands_route":null,"fictionality":"REAL","globalid":"{075F2820-DDE5-48CC-B9D3-6FC8F626CC0E}","interstate":null,"interstate_a":null,"interstate_b":null,"interstate_c":null,"loaddate":1474003102000,"mtfcc_code":"S1200","name":"3rd Ave","objectid":30723812,"permanent_identifier":"64e3b572-8c71-40a1-bf20-88b2301adfc7","real_world_relation":"REFERENCE_ONLY","shape_Length":69.68546295649855,"source_datadesc":"2016 January MAFTIGER","source_datasetid":"{9298FF95-0FA8-4712-9AA5-9292C907CA63}","source_featureid":"1104259509480","source_id":"REF-KANAWHA-CONNECTING-ROADS","source_originator":"U.S. Department of Commerce, U.S. Census Bureau, Geography Division","state_route":"61","state_route_a":"61","state_route_b":null,"state_route_c":null,"stco_fipscode":"54039","tnmfrc":3,"us_route":null,"us_route_a":null,"us_route_b":null,"us_route_c":null},"type":"Feature"},{"geometry":{"coordinates":[[-81.544931,38.229987],[-81.544527,38.229691]],"type":"LineString"},"id":"REF-KANAWHA-CONNECTING-ROADS-432","properties":{"canon_status":"REAL_REFERENCE","county_route":null,"federal_lands_route":null,"fictionality":"REAL","globalid":"{B2C8E196-CC47-4FAD-AC0C-E7884C25F243}","interstate":null,"interstate_a":null,"interstate_b":null,"interstate_c":null,"loaddate":1474002619000,"mtfcc_code":"S1200","name":"Maccorkle Ave","objectid":30723820,"permanent_identifier":"26dad9bb-f065-4fcf-82c9-a536cfa5bfe8","real_world_relation":"REFERENCE_ONLY","shape_Length":61.49882408925167,"source_datadesc":"2016 January MAFTIGER","source_datasetid":"{9298FF95-0FA8-4712-9AA5-9292C907CA63}","source_featureid":"1101747018871","source_id":"REF-KANAWHA-CONNECTING-ROADS","source_originator":"U.S. Department of Commerce, U.S. Census Bureau, Geography Division","state_route":"61","state_route_a":"61","state_route_b":null,"state_route_c":null,"stco_fipscode":"54039","tnmfrc":3,"us_route":null,"us_route_a":null,"us_route_b":null,"us_route_c":null},"type":"Feature"},{"geometry":{"coordinates":[[-81.552791,38.235859],[-81.551796,38.235108]],"type":"LineString"},"id":"REF-KANAWHA-CONNECTING-ROADS-433","properties":{"canon_status":"REAL_REFERENCE","county_route":null,"federal_lands_route":null,"fictionality":"REAL","globalid":"{114523A2-BD46-429C-9757-350DCC894662}","interstate":null,"interstate_a":null,"interstate_b":null,"interstate_c":null,"loaddate":1474002619000,"mtfcc_code":"S1200","name":"Maccorkle Ave","objectid":30852710,"permanent_identifier":"41815039-faaf-48a8-a10f-95b91d040d00","real_world_relation":"REFERENCE_ONLY","shape_Length":153.61176321457248,"source_datadesc":"2016 January MAFTIGER","source_datasetid":"{9298FF95-0FA8-4712-9AA5-9292C907CA63}","source_featureid":"1101747018871","source_id":"REF-KANAWHA-CONNECTING-ROADS","source_originator":"U.S. Department of Commerce, U.S. Census Bureau, Geography Division","state_route":"61","state_route_a":"61","state_route_b":null,"state_route_c":null,"stco_fipscode":"54039","tnmfrc":3,"us_route":null,"us_route_a":null,"us_route_b":null,"us_route_c":null},"type":"Feature"},{"geometry":{"coordinates":[[-81.563341,38.305045],[-81.563344,38.304966]],"type":"LineString"},"id":"REF-KANAWHA-CONNECTING-ROADS-434","properties":{"canon_status":"REAL_REFERENCE","county_route":null,"federal_lands_route":null,"fictionality":"REAL","globalid":"{391BA286-B99A-4A53-85AF-5EB7EA751658}","interstate":null,"interstate_a":null,"interstate_b":null,"interstate_c":null,"loaddate":1568217705000,"mtfcc_code":"S1200","name":"Maccorkle Ave SE","objectid":31068810,"permanent_identifier":"e50c3fb0-cef8-433d-935d-9bcdc3b72ddd","real_world_relation":"REFERENCE_ONLY","shape_Length":11.254881841944567,"source_datadesc":"2018 May MAF/TIGER","source_datasetid":"{9298FF95-0FA8-4712-9AA5-9292C907CA63}","source_featureid":"1101747018888","source_id":"REF-KANAWHA-CONNECTING-ROADS","source_originator":"U.S. Department of Commerce, U.S. Census Bureau, Geography Division","state_route":"61","state_route_a":"61","state_route_b":null,"state_route_c":null,"stco_fipscode":"54039","tnmfrc":3,"us_route":null,"us_route_a":null,"us_route_b":null,"us_route_c":null},"type":"Feature"},{"geometry":{"coordinates":[[-81.526541,38.215171],[-81.526194,38.21479]],"type":"LineString"},"id":"REF-KANAWHA-CONNECTING-ROADS-435","properties":{"canon_status":"REAL_REFERENCE","county_route":null,"federal_lands_route":null,"fictionality":"REAL","globalid":"{7348973A-7586-4915-9940-126EC6A30812}","interstate":null,"interstate_a":null,"interstate_b":null,"interstate_c":null,"loaddate":1474002619000,"mtfcc_code":"S1200","name":"Maccorkle Ave","objectid":31110089,"permanent_identifier":"e9ad6d96-4653-4c82-a1a5-e91dfb551777","real_world_relation":"REFERENCE_ONLY","shape_Length":66.37828625819299,"source_datadesc":"2016 January MAFTIGER","source_datasetid":"{9298FF95-0FA8-4712-9AA5-9292C907CA63}","source_featureid":"1101747018871","source_id":"REF-KANAWHA-CONNECTING-ROADS","source_originator":"U.S. Department of Commerce, U.S. Census Bureau, Geography Division","state_route":"61","state_route_a":"61","state_route_b":null,"state_route_c":null,"stco_fipscode":"54039","tnmfrc":3,"us_route":null,"us_route_a":null,"us_route_b":null,"us_route_c":null},"type":"Feature"},{"geometry":{"coordinates":[[-81.647177,38.352884],[-81.64722,38.3529]],"type":"LineString"},"id":"REF-KANAWHA-CONNECTING-ROADS-436","properties":{"canon_status":"REAL_REFERENCE","county_route":null,"federal_lands_route":null,"fictionality":"REAL","globalid":"{A7671767-5C69-4893-A5AB-CB76A468F184}","interstate":null,"interstate_a":null,"interstate_b":null,"interstate_c":null,"loaddate":1568217705000,"mtfcc_code":"S1200","name":"Maccorkle Ave SE","objectid":31197461,"permanent_identifier":"050ce5cf-c1bd-49ea-a0f9-98778b745ad4","real_world_relation":"REFERENCE_ONLY","shape_Length":5.2635805737088495,"source_datadesc":"2018 May MAF/TIGER","source_datasetid":"{9298FF95-0FA8-4712-9AA5-9292C907CA63}","source_featureid":"1101747018887","source_id":"REF-KANAWHA-CONNECTING-ROADS","source_originator":"U.S. Department of Commerce, U.S. Census Bureau, Geography Division","state_route":"61","state_route_a":"61","state_route_b":null,"state_route_c":null,"stco_fipscode":"54039","tnmfrc":3,"us_route":null,"us_route_a":null,"us_route_b":null,"us_route_c":null},"type":"Feature"},{"geometry":{"coordinates":[[-81.546613,38.231248],[-81.546437,38.23112],[-81.545017,38.230055],[-81.544931,38.229987]],"type":"LineString"},"id":"REF-KANAWHA-CONNECTING-ROADS-437","properties":{"canon_status":"REAL_REFERENCE","county_route":null,"federal_lands_route":null,"fictionality":"REAL","globalid":"{109A81E1-BEE8-41AD-9679-02331EB4DB6D}","interstate":null,"interstate_a":null,"interstate_b":null,"interstate_c":null,"loaddate":1474002619000,"mtfcc_code":"S1200","name":"Maccorkle Ave","objectid":31238110,"permanent_identifier":"6f957b09-3a2a-4448-87aa-11fe5f5dfdbd","real_world_relation":"REFERENCE_ONLY","shape_Length":258.83690141468327,"source_datadesc":"2016 January MAFTIGER","source_datasetid":"{9298FF95-0FA8-4712-9AA5-9292C907CA63}","source_featureid":"1101747018871","source_id":"REF-KANAWHA-CONNECTING-ROADS","source_originator":"U.S. Department of Commerce, U.S. Census Bureau, Geography Division","state_route":"61","state_route_a":"61","state_route_b":null,"state_route_c":null,"stco_fipscode":"54039","tnmfrc":3,"us_route":null,"us_route_a":null,"us_route_b":null,"us_route_c":null},"type":"Feature"},{"geometry":{"coordinates":[[-81.573686,38.25716],[-81.573602,38.256845],[-81.573547,38.256677],[-81.573383,38.256286]],"type":"LineString"},"id":"REF-KANAWHA-CONNECTING-ROADS-438","properties":{"canon_status":"REAL_REFERENCE","county_route":null,"federal_lands_route":null,"fictionality":"REAL","globalid":"{3A4C3D05-80B8-4D42-ACB5-5EFC3A9AF9A6}","interstate":null,"interstate_a":null,"interstate_b":null,"interstate_c":null,"loaddate":1474002633000,"mtfcc_code":"S1200","name":"Maccorkle Ave","objectid":31238113,"permanent_identifier":"2aef0c1e-1f2b-4b7e-987a-9c0000aa0b90","real_world_relation":"REFERENCE_ONLY","shape_Length":128.57389463966186,"source_datadesc":"2016 January MAFTIGER","source_datasetid":"{9298FF95-0FA8-4712-9AA5-9292C907CA63}","source_featureid":"1101747018877","source_id":"REF-KANAWHA-CONNECTING-ROADS","source_originator":"U.S. Department of Commerce, U.S. Census Bureau, Geography Division","state_route":"61","state_route_a":"61","state_route_b":null,"state_route_c":null,"stco_fipscode":"54039","tnmfrc":3,"us_route":null,"us_route_a":null,"us_route_b":null,"us_route_c":null},"type":"Feature"},{"geometry":{"coordinates":[[-81.587986,38.360109],[-81.58823,38.360049],[-81.588631,38.359937],[-81.589026,38.359812],[-81.5895,38.359689],[-81.590611,38.359412],[-81.591292,38.359235],[-81.591631,38.359144],[-81.593312,38.358712],[-81.593542,38.358655],[-81.59379,38.358595]],"type":"LineString"},"id":"REF-KANAWHA-CONNECTING-ROADS-439","properties":{"canon_status":"REAL_REFERENCE","county_route":null,"federal_lands_route":null,"fictionality":"REAL","globalid":"{7165DD9B-580A-43D0-A584-380D5EBB6D49}","interstate":null,"interstate_a":null,"interstate_b":null,"interstate_c":null,"loaddate":1474003102000,"mtfcc_code":"S1200","name":"Greenbrier St","objectid":31367294,"permanent_identifier":"6b311bb3-4265-4243-a8a3-759590248c30","real_world_relation":"REFERENCE_ONLY","shape_Length":681.0434654049559,"source_datadesc":"2016 January MAFTIGER","source_datasetid":"{9298FF95-0FA8-4712-9AA5-9292C907CA63}","source_featureid":"1101747019399","source_id":"REF-KANAWHA-CONNECTING-ROADS","source_originator":"U.S. Department of Commerce, U.S. Census Bureau, Geography Division","state_route":"114","state_route_a":"114","state_route_b":null,"state_route_c":null,"stco_fipscode":"54039","tnmfrc":3,"us_route":null,"us_route_a":null,"us_route_b":null,"us_route_c":null},"type":"Feature"},{"geometry":{"coordinates":[[-81.565252,38.240518],[-81.565185,38.240612]],"type":"LineString"},"id":"REF-KANAWHA-CONNECTING-ROADS-440","properties":{"canon_status":"REAL_REFERENCE","county_route":null,"federal_lands_route":null,"fictionality":"REAL","globalid":"{746BBA59-C3BD-4C6D-887B-90ABC143B9C1}","interstate":null,"interstate_a":null,"interstate_b":null,"interstate_c":null,"loaddate":1474001298000,"mtfcc_code":"S1200","name":"State Rte 94","objectid":31367395,"permanent_identifier":"19a745a8-136d-4b19-a0c6-aa5da58e62e1","real_world_relation":"REFERENCE_ONLY","shape_Length":15.268471508087817,"source_datadesc":"2016 January MAFTIGER","source_datasetid":"{9298FF95-0FA8-4712-9AA5-9292C907CA63}","source_featureid":"1101747011791","source_id":"REF-KANAWHA-CONNECTING-ROADS","source_originator":"U.S. Department of Commerce, U.S. Census Bureau, Geography Division","state_route":"94","state_route_a":"94","state_route_b":null,"state_route_c":null,"stco_fipscode":"54039","tnmfrc":3,"us_route":null,"us_route_a":null,"us_route_b":null,"us_route_c":null},"type":"Feature"},{"geometry":{"coordinates":[[-81.597809,38.227498],[-81.59718,38.227939]],"type":"LineString"},"id":"REF-KANAWHA-CONNECTING-ROADS-441","properties":{"canon_status":"REAL_REFERENCE","county_route":null,"federal_lands_route":null,"fictionality":"REAL","globalid":"{8F8BD167-B875-4D7C-8456-CBFC7639A83A}","interstate":null,"interstate_a":null,"interstate_b":null,"interstate_c":null,"loaddate":1474002663000,"mtfcc_code":"S1200","name":"Lens Creek Rd","objectid":31495956,"permanent_identifier":"0bfec5dd-d01d-43e3-8052-b18f585f14da","real_world_relation":"REFERENCE_ONLY","shape_Length":93.85194695821909,"source_datadesc":"2016 January MAFTIGER","source_datasetid":"{9298FF95-0FA8-4712-9AA5-9292C907CA63}","source_featureid":"1104468979888","source_id":"REF-KANAWHA-CONNECTING-ROADS","source_originator":"U.S. Department of Commerce, U.S. Census Bureau, Geography Division","state_route":"94","state_route_a":"94","state_route_b":null,"state_route_c":null,"stco_fipscode":"54039","tnmfrc":3,"us_route":null,"us_route_a":null,"us_route_b":null,"us_route_c":null},"type":"Feature"},{"geometry":{"coordinates":[[-81.56568,38.297521],[-81.56561,38.297682]],"type":"LineString"},"id":"REF-KANAWHA-CONNECTING-ROADS-442","properties":{"canon_status":"REAL_REFERENCE","county_route":null,"federal_lands_route":null,"fictionality":"REAL","globalid":"{C7352665-0196-456C-B974-3A099A5669EF}","interstate":null,"interstate_a":null,"interstate_b":null,"interstate_c":null,"loaddate":1568217705000,"mtfcc_code":"S1200","name":"Maccorkle Ave SE","objectid":31583450,"permanent_identifier":"4fa7acb4-81c2-4126-9dd0-cf43ed0ad06d","real_world_relation":"REFERENCE_ONLY","shape_Length":24.205351132673126,"source_datadesc":"2018 May MAF/TIGER","source_datasetid":"{9298FF95-0FA8-4712-9AA5-9292C907CA63}","source_featureid":"1101747018887","source_id":"REF-KANAWHA-CONNECTING-ROADS","source_originator":"U.S. Department of Commerce, U.S. Census Bureau, Geography Division","state_route":"61","state_route_a":"61","state_route_b":null,"state_route_c":null,"stco_fipscode":"54039","tnmfrc":3,"us_route":null,"us_route_a":null,"us_route_b":null,"us_route_c":null},"type":"Feature"},{"geometry":{"coordinates":[[-81.569697,38.314638],[-81.570973,38.315376]],"type":"LineString"},"id":"REF-KANAWHA-CONNECTING-ROADS-443","properties":{"canon_status":"REAL_REFERENCE","county_route":null,"federal_lands_route":null,"fictionality":"REAL","globalid":"{404EEFF0-EFEE-465A-B825-92A1218A22E5}","interstate":null,"interstate_a":null,"interstate_b":null,"interstate_c":null,"loaddate":1568217705000,"mtfcc_code":"S1200","name":"Maccorkle Ave SE","objectid":31712313,"permanent_identifier":"87278c45-6b8c-4f76-8597-35dc082405c4","real_world_relation":"REFERENCE_ONLY","shape_Length":176.4646115947552,"source_datadesc":"2016 January MAFTIGER","source_datasetid":"{9298FF95-0FA8-4712-9AA5-9292C907CA63}","source_featureid":"1101747018887","source_id":"REF-KANAWHA-CONNECTING-ROADS","source_originator":"U.S. Department of Commerce, U.S. Census Bureau, Geography Division","state_route":"61","state_route_a":"61","state_route_b":null,"state_route_c":null,"stco_fipscode":"54039","tnmfrc":3,"us_route":null,"us_route_a":null,"us_route_b":null,"us_route_c":null},"type":"Feature"},{"geometry":{"coordinates":[[-81.570502,38.250068],[-81.569797,38.249019]],"type":"LineString"},"id":"REF-KANAWHA-CONNECTING-ROADS-444","properties":{"canon_status":"REAL_REFERENCE","county_route":null,"federal_lands_route":null,"fictionality":"REAL","globalid":"{A610E9E5-EFD4-4F91-9999-8980E69AC970}","interstate":null,"interstate_a":null,"interstate_b":null,"interstate_c":null,"loaddate":1474002633000,"mtfcc_code":"S1200","name":"Maccorkle Ave","objectid":31752864,"permanent_identifier":"4cd63879-cb97-4fd8-acdc-de512cbcf855","real_world_relation":"REFERENCE_ONLY","shape_Length":168.13569659371782,"source_datadesc":"2016 January MAFTIGER","source_datasetid":"{9298FF95-0FA8-4712-9AA5-9292C907CA63}","source_featureid":"1101747018877","source_id":"REF-KANAWHA-CONNECTING-ROADS","source_originator":"U.S. Department of Commerce, U.S. Census Bureau, Geography Division","state_route":"61","state_route_a":"61","state_route_b":null,"state_route_c":null,"stco_fipscode":"54039","tnmfrc":3,"us_route":null,"us_route_a":null,"us_route_b":null,"us_route_c":null},"type":"Feature"},{"geometry":{"coordinates":[[-81.622293,38.334145],[-81.622349,38.334171],[-81.622702,38.334321],[-81.62358,38.334707],[-81.623901,38.334837],[-81.624151,38.33495],[-81.624455,38.335102],[-81.624577,38.335175],[-81.625111,38.335509],[-81.62572,38.335905]],"type":"LineString"},"id":"REF-KANAWHA-CONNECTING-ROADS-445","properties":{"canon_status":"REAL_REFERENCE","county_route":null,"federal_lands_route":null,"fictionality":"REAL","globalid":"{C066FE1E-B126-49FE-B163-D1023198B318}","interstate":null,"interstate_a":null,"interstate_b":null,"interstate_c":null,"loaddate":1474001493000,"mtfcc_code":"S1200","name":"Maccorkle Ave SE","objectid":31752876,"permanent_identifier":"955826f3-2826-453c-92b4-758746658070","real_world_relation":"REFERENCE_ONLY","shape_Length":457.61465925961113,"source_datadesc":"2016 January MAFTIGER","source_datasetid":"{9298FF95-0FA8-4712-9AA5-9292C907CA63}","source_featureid":"1101747018887","source_id":"REF-KANAWHA-CONNECTING-ROADS","source_originator":"U.S. Department of Commerce, U.S. Census Bureau, Geography Division","state_route":"61","state_route_a":"61","state_route_b":null,"state_route_c":null,"stco_fipscode":"54039","tnmfrc":3,"us_route":null,"us_route_a":null,"us_route_b":null,"us_route_c":null},"type":"Feature"},{"geometry":{"coordinates":[[-81.535495,38.222887],[-81.535119,38.222603],[-81.534739,38.222325]],"type":"LineString"},"id":"REF-KANAWHA-CONNECTING-ROADS-446","properties":{"canon_status":"REAL_REFERENCE","county_route":null,"federal_lands_route":null,"fictionality":"REAL","globalid":"{4703990E-FF45-4329-9ED0-203DE2DA3B5F}","interstate":null,"interstate_a":null,"interstate_b":null,"interstate_c":null,"loaddate":1474002619000,"mtfcc_code":"S1200","name":"Maccorkle Ave","objectid":31752931,"permanent_identifier":"73c43fc4-1595-4693-bf65-dcf81b476c7a","real_world_relation":"REFERENCE_ONLY","shape_Length":115.86599222273166,"source_datadesc":"2016 January MAFTIGER","source_datasetid":"{9298FF95-0FA8-4712-9AA5-9292C907CA63}","source_featureid":"1101747018871","source_id":"REF-KANAWHA-CONNECTING-ROADS","source_originator":"U.S. Department of Commerce, U.S. Census Bureau, Geography Division","state_route":"61","state_route_a":"61","state_route_b":null,"state_route_c":null,"stco_fipscode":"54039","tnmfrc":3,"us_route":null,"us_route_a":null,"us_route_b":null,"us_route_c":null},"type":"Feature"},{"geometry":{"coordinates":[[-81.543026,38.228582],[-81.542994,38.228558]],"type":"LineString"},"id":"REF-KANAWHA-CONNECTING-ROADS-447","properties":{"canon_status":"REAL_REFERENCE","county_route":null,"federal_lands_route":null,"fictionality":"REAL","globalid":"{9FCD48E6-AD67-44E7-AD59-7E49A3DED5F9}","interstate":null,"interstate_a":null,"interstate_b":null,"interstate_c":null,"loaddate":1474002619000,"mtfcc_code":"S1200","name":"Maccorkle Ave","objectid":31881783,"permanent_identifier":"78ee0c45-8778-494b-82d0-ba2ed5749684","real_world_relation":"REFERENCE_ONLY","shape_Length":4.9250451619533,"source_datadesc":"2016 January MAFTIGER","source_datasetid":"{9298FF95-0FA8-4712-9AA5-9292C907CA63}","source_featureid":"1101747018871","source_id":"REF-KANAWHA-CONNECTING-ROADS","source_originator":"U.S. Department of Commerce, U.S. Census Bureau, Geography Division","state_route":"61","state_route_a":"61","state_route_b":null,"state_route_c":null,"stco_fipscode":"54039","tnmfrc":3,"us_route":null,"us_route_a":null,"us_route_b":null,"us_route_c":null},"type":"Feature"},{"geometry":{"coordinates":[[-81.539651,38.226046],[-81.539497,38.225926],[-81.539265,38.22573]],"type":"LineString"},"id":"REF-KANAWHA-CONNECTING-ROADS-448","properties":{"canon_status":"REAL_REFERENCE","county_route":null,"federal_lands_route":null,"fictionality":"REAL","globalid":"{FAA901C6-6632-4440-A624-815CB4B15065}","interstate":null,"interstate_a":null,"interstate_b":null,"interstate_c":null,"loaddate":1474002619000,"mtfcc_code":"S1200","name":"Maccorkle Ave","objectid":31881838,"permanent_identifier":"8c628cd8-ea90-4fd1-a2e2-0353acbec6c0","real_world_relation":"REFERENCE_ONLY","shape_Length":62.07220990914392,"source_datadesc":"2016 January MAFTIGER","source_datasetid":"{9298FF95-0FA8-4712-9AA5-9292C907CA63}","source_featureid":"1101747018871","source_id":"REF-KANAWHA-CONNECTING-ROADS","source_originator":"U.S. Department of Commerce, U.S. Census Bureau, Geography Division","state_route":"61","state_route_a":"61","state_route_b":null,"state_route_c":null,"stco_fipscode":"54039","tnmfrc":3,"us_route":null,"us_route_a":null,"us_route_b":null,"us_route_c":null},"type":"Feature"},{"geometry":{"coordinates":[[-81.562477,38.243006],[-81.562542,38.243023],[-81.562598,38.243034],[-81.562738,38.243052],[-81.562874,38.243056],[-81.563009,38.243044],[-81.56311,38.243026],[-81.563252,38.242984],[-81.563394,38.242929],[-81.564444,38.242497],[-81.564484,38.242492]],"type":"LineString"},"id":"REF-KANAWHA-CONNECTING-ROADS-449","properties":{"canon_status":"REAL_REFERENCE","county_route":null,"federal_lands_route":null,"fictionality":"REAL","globalid":"{0760352E-F8D7-4ADC-85FB-FC83B78DA133}","interstate":null,"interstate_a":null,"interstate_b":null,"interstate_c":null,"loaddate":1474002730000,"mtfcc_code":"S1200","name":"Maccorkle Ave","objectid":32011230,"permanent_identifier":"875d056b-e7af-4546-ad24-c63d4f13ccf8","real_world_relation":"REFERENCE_ONLY","shape_Length":242.6249701401861,"source_datadesc":"2016 January MAFTIGER","source_datasetid":"{9298FF95-0FA8-4712-9AA5-9292C907CA63}","source_featureid":"1101747018869","source_id":"REF-KANAWHA-CONNECTING-ROADS","source_originator":"U.S. Department of Commerce, U.S. Census Bureau, Geography Division","state_route":"61","state_route_a":"61","state_route_b":null,"state_route_c":null,"stco_fipscode":"54039","tnmfrc":3,"us_route":null,"us_route_a":null,"us_route_b":null,"us_route_c":null},"type":"Feature"},{"geometry":{"coordinates":[[-81.612166,38.341742],[-81.612042,38.341872]],"type":"LineString"},"id":"REF-KANAWHA-CONNECTING-ROADS-450","properties":{"canon_status":"REAL_REFERENCE","county_route":null,"federal_lands_route":null,"fictionality":"REAL","globalid":"{78EDEF0A-09C8-4061-925E-A59757D6E81D}","interstate":null,"interstate_a":null,"interstate_b":null,"interstate_c":null,"loaddate":1474002869000,"mtfcc_code":"S1200","name":"Greenbrier St","objectid":32011276,"permanent_identifier":"48246aca-bbe4-4275-9c14-7b3254506888","real_world_relation":"REFERENCE_ONLY","shape_Length":23.042976671337957,"source_datadesc":"2016 January MAFTIGER","source_datasetid":"{9298FF95-0FA8-4712-9AA5-9292C907CA63}","source_featureid":"1101747019400","source_id":"REF-KANAWHA-CONNECTING-ROADS","source_originator":"U.S. Department of Commerce, U.S. Census Bureau, Geography Division","state_route":"114","state_route_a":"114","state_route_b":null,"state_route_c":null,"stco_fipscode":"54039","tnmfrc":3,"us_route":null,"us_route_a":null,"us_route_b":null,"us_route_c":null},"type":"Feature"},{"geometry":{"coordinates":[[-81.574591,38.228392],[-81.573344,38.228512],[-81.572908,38.228566],[-81.572713,38.228607],[-81.572569,38.228656],[-81.572451,38.228715],[-81.572358,38.228775],[-81.572269,38.228854],[-81.572198,38.228937],[-81.572135,38.22904],[-81.57213,38.229053]],"type":"LineString"},"id":"REF-KANAWHA-CONNECTING-ROADS-451","properties":{"canon_status":"REAL_REFERENCE","county_route":null,"federal_lands_route":null,"fictionality":"REAL","globalid":"{D2ACBA3B-5BA4-4433-A8A4-BB3B78DCDE04}","interstate":null,"interstate_a":null,"interstate_b":null,"interstate_c":null,"loaddate":1474001298000,"mtfcc_code":"S1200","name":"State Rte 94","objectid":32011287,"permanent_identifier":"8794fb99-1887-4903-a32e-a6bb759f90b4","real_world_relation":"REFERENCE_ONLY","shape_Length":305.1345625064055,"source_datadesc":"2016 January MAFTIGER","source_datasetid":"{9298FF95-0FA8-4712-9AA5-9292C907CA63}","source_featureid":"1101747011792","source_id":"REF-KANAWHA-CONNECTING-ROADS","source_originator":"U.S. Department of Commerce, U.S. Census Bureau, Geography Division","state_route":"94","state_route_a":"94","state_route_b":null,"state_route_c":null,"stco_fipscode":"54039","tnmfrc":3,"us_route":null,"us_route_a":null,"us_route_b":null,"us_route_c":null},"type":"Feature"},{"geometry":{"coordinates":[[-81.56972,38.248865],[-81.569654,38.248751],[-81.569494,38.248512],[-81.569308,38.248256],[-81.569098,38.247984],[-81.568744,38.247525]],"type":"LineString"},"id":"REF-KANAWHA-CONNECTING-ROADS-452","properties":{"canon_status":"REAL_REFERENCE","county_route":null,"federal_lands_route":null,"fictionality":"REAL","globalid":"{3D892BEC-FE38-44E6-8567-80B10D58124E}","interstate":null,"interstate_a":null,"interstate_b":null,"interstate_c":null,"loaddate":1474002658000,"mtfcc_code":"S1200","name":"Maccorkle Ave","objectid":32140086,"permanent_identifier":"c977994d-a070-4540-b18d-46e230c059f3","real_world_relation":"REFERENCE_ONLY","shape_Length":218.95910804267714,"source_datadesc":"2016 January MAFTIGER","source_datasetid":"{9298FF95-0FA8-4712-9AA5-9292C907CA63}","source_featureid":"1101747018875","source_id":"REF-KANAWHA-CONNECTING-ROADS","source_originator":"U.S. Department of Commerce, U.S. Census Bureau, Geography Division","state_route":"61","state_route_a":"61","state_route_b":null,"state_route_c":null,"stco_fipscode":"54039","tnmfrc":3,"us_route":null,"us_route_a":null,"us_route_b":null,"us_route_c":null},"type":"Feature"},{"geometry":{"coordinates":[[-81.629767,38.338543],[-81.6295,38.338338],[-81.629295,38.338187]],"type":"LineString"},"id":"REF-KANAWHA-CONNECTING-ROADS-453","properties":{"canon_status":"REAL_REFERENCE","county_route":null,"federal_lands_route":null,"fictionality":"REAL","globalid":"{0545EAA6-DE5A-454C-A770-1A6A8B368EA8}","interstate":null,"interstate_a":null,"interstate_b":null,"interstate_c":null,"loaddate":1474001726000,"mtfcc_code":"S1200","name":"Maccorkle Ave SE","objectid":32140108,"permanent_identifier":"4b349fda-b593-40d0-a3c3-c737c4ef2bb2","real_world_relation":"REFERENCE_ONLY","shape_Length":72.89760414346237,"source_datadesc":"2016 January MAFTIGER","source_datasetid":"{9298FF95-0FA8-4712-9AA5-9292C907CA63}","source_featureid":"1101747018888","source_id":"REF-KANAWHA-CONNECTING-ROADS","source_originator":"U.S. Department of Commerce, U.S. Census Bureau, Geography Division","state_route":"61","state_route_a":"61","state_route_b":null,"state_route_c":null,"stco_fipscode":"54039","tnmfrc":3,"us_route":null,"us_route_a":null,"us_route_b":null,"us_route_c":null},"type":"Feature"},{"geometry":{"coordinates":[[-81.629295,38.338187],[-81.628955,38.337944]],"type":"LineString"},"id":"REF-KANAWHA-CONNECTING-ROADS-454","properties":{"canon_status":"REAL_REFERENCE","county_route":null,"federal_lands_route":null,"fictionality":"REAL","globalid":"{19794D1E-3B08-4520-814E-20940B0E4ACA}","interstate":null,"interstate_a":null,"interstate_b":null,"interstate_c":null,"loaddate":1474001726000,"mtfcc_code":"S1200","name":"Maccorkle Ave SE","objectid":32140115,"permanent_identifier":"ee6c6e10-025d-4278-b397-874562d05fbe","real_world_relation":"REFERENCE_ONLY","shape_Length":51.204539355798836,"source_datadesc":"2016 January MAFTIGER","source_datasetid":"{9298FF95-0FA8-4712-9AA5-9292C907CA63}","source_featureid":"1101747018888","source_id":"REF-KANAWHA-CONNECTING-ROADS","source_originator":"U.S. Department of Commerce, U.S. Census Bureau, Geography Division","state_route":"61","state_route_a":"61","state_route_b":null,"state_route_c":null,"stco_fipscode":"54039","tnmfrc":3,"us_route":null,"us_route_a":null,"us_route_b":null,"us_route_c":null},"type":"Feature"},{"geometry":{"coordinates":[[-81.603809,38.350491],[-81.603655,38.3506],[-81.603298,38.350827],[-81.603125,38.350921],[-81.603053,38.350955]],"type":"LineString"},"id":"REF-KANAWHA-CONNECTING-ROADS-455","properties":{"canon_status":"REAL_REFERENCE","county_route":null,"federal_lands_route":null,"fictionality":"REAL","globalid":"{2971130E-3645-43CC-A32E-9D7B912FD187}","interstate":null,"interstate_a":null,"interstate_b":null,"interstate_c":null,"loaddate":1474001570000,"mtfcc_code":"S1200","name":"Greenbrier St","objectid":32140120,"permanent_identifier":"4c004568-c64c-4afc-8711-f1bc061188a3","real_world_relation":"REFERENCE_ONLY","shape_Length":107.0405462876501,"source_datadesc":"2016 January MAFTIGER","source_datasetid":"{9298FF95-0FA8-4712-9AA5-9292C907CA63}","source_featureid":"1101747019401","source_id":"REF-KANAWHA-CONNECTING-ROADS","source_originator":"U.S. Department of Commerce, U.S. Census Bureau, Geography Division","state_route":"114","state_route_a":"114","state_route_b":null,"state_route_c":null,"stco_fipscode":"54039","tnmfrc":3,"us_route":null,"us_route_a":null,"us_route_b":null,"us_route_c":null},"type":"Feature"},{"geometry":{"coordinates":[[-81.604671,38.328817],[-81.605587,38.328895]],"type":"LineString"},"id":"REF-KANAWHA-CONNECTING-ROADS-456","properties":{"canon_status":"REAL_REFERENCE","county_route":null,"federal_lands_route":null,"fictionality":"REAL","globalid":"{EB5B5815-CC5B-4CEE-BFC6-B0ACA7430440}","interstate":null,"interstate_a":null,"interstate_b":null,"interstate_c":null,"loaddate":1474001493000,"mtfcc_code":"S1200","name":"Maccorkle Ave SE","objectid":32140143,"permanent_identifier":"b8d73c56-431f-4a09-b4da-377a15b4735b","real_world_relation":"REFERENCE_ONLY","shape_Length":102.56768343798173,"source_datadesc":"2016 January MAFTIGER","source_datasetid":"{9298FF95-0FA8-4712-9AA5-9292C907CA63}","source_featureid":"1101747018887","source_id":"REF-KANAWHA-CONNECTING-ROADS","source_originator":"U.S. Department of Commerce, U.S. Census Bureau, Geography Division","state_route":"61","state_route_a":"61","state_route_b":null,"state_route_c":null,"stco_fipscode":"54039","tnmfrc":3,"us_route":null,"us_route_a":null,"us_route_b":null,"us_route_c":null},"type":"Feature"},{"geometry":{"coordinates":[[-81.5254,38.213737],[-81.524307,38.212217]],"type":"LineString"},"id":"REF-KANAWHA-CONNECTING-ROADS-457","properties":{"canon_status":"REAL_REFERENCE","county_route":null,"federal_lands_route":null,"fictionality":"REAL","globalid":"{52F559A1-27F0-4E17-BAC6-66D929F797C4}","interstate":null,"interstate_a":null,"interstate_b":null,"interstate_c":null,"loaddate":1474002766000,"mtfcc_code":"S1200","name":"Maccorkle Ave","objectid":32140153,"permanent_identifier":"3e9e9de2-8ddc-4e89-8574-73f8af26f9f2","real_world_relation":"REFERENCE_ONLY","shape_Length":247.34719018834312,"source_datadesc":"2016 January MAFTIGER","source_datasetid":"{9298FF95-0FA8-4712-9AA5-9292C907CA63}","source_featureid":"1101747018866","source_id":"REF-KANAWHA-CONNECTING-ROADS","source_originator":"U.S. Department of Commerce, U.S. Census Bureau, Geography Division","state_route":"61","state_route_a":"61","state_route_b":null,"state_route_c":null,"stco_fipscode":"54039","tnmfrc":3,"us_route":null,"us_route_a":null,"us_route_b":null,"us_route_c":null},"type":"Feature"},{"geometry":{"coordinates":[[-81.589493,38.325922],[-81.588197,38.325178]],"type":"LineString"},"id":"REF-KANAWHA-CONNECTING-ROADS-458","properties":{"canon_status":"REAL_REFERENCE","county_route":null,"federal_lands_route":null,"fictionality":"REAL","globalid":"{A6E604E5-94A3-467D-AC02-D228AE2A1B6B}","interstate":null,"interstate_a":null,"interstate_b":null,"interstate_c":null,"loaddate":1568217705000,"mtfcc_code":"S1200","name":"Maccorkle Ave SE","objectid":32227963,"permanent_identifier":"fbea67ef-1107-4876-9a56-8cd0d6eb4eb4","real_world_relation":"REFERENCE_ONLY","shape_Length":178.7720213694216,"source_datadesc":"2016 January MAFTIGER","source_datasetid":"{9298FF95-0FA8-4712-9AA5-9292C907CA63}","source_featureid":"1101747018888","source_id":"REF-KANAWHA-CONNECTING-ROADS","source_originator":"U.S. Department of Commerce, U.S. Census Bureau, Geography Division","state_route":"61","state_route_a":"61","state_route_b":null,"state_route_c":null,"stco_fipscode":"54039","tnmfrc":3,"us_route":null,"us_route_a":null,"us_route_b":null,"us_route_c":null},"type":"Feature"},{"geometry":{"coordinates":[[-81.623249,38.193693],[-81.623241,38.19387],[-81.623237,38.193903],[-81.623232,38.193953],[-81.623201,38.194116],[-81.623168,38.194237]],"type":"LineString"},"id":"REF-KANAWHA-CONNECTING-ROADS-459","properties":{"canon_status":"REAL_REFERENCE","county_route":null,"federal_lands_route":null,"fictionality":"REAL","globalid":"{73E82C5C-03DC-43CB-85F1-D76EA5EA7458}","interstate":null,"interstate_a":null,"interstate_b":null,"interstate_c":null,"loaddate":1474001541000,"mtfcc_code":"S1200","name":"Lens Creek Rd","objectid":32269368,"permanent_identifier":"2507a22c-c6f8-44d3-a77a-21f6e8249977","real_world_relation":"REFERENCE_ONLY","shape_Length":77.7577577220474,"source_datadesc":"2016 January MAFTIGER","source_datasetid":"{9298FF95-0FA8-4712-9AA5-9292C907CA63}","source_featureid":"1104991778837","source_id":"REF-KANAWHA-CONNECTING-ROADS","source_originator":"U.S. Department of Commerce, U.S. Census Bureau, Geography Division","state_route":"94","state_route_a":"94","state_route_b":null,"state_route_c":null,"stco_fipscode":"54039","tnmfrc":3,"us_route":null,"us_route_a":null,"us_route_b":null,"us_route_c":null},"type":"Feature"},{"geometry":{"coordinates":[[-81.533976,38.221762],[-81.533215,38.221197]],"type":"LineString"},"id":"REF-KANAWHA-CONNECTING-ROADS-460","properties":{"canon_status":"REAL_REFERENCE","county_route":null,"federal_lands_route":null,"fictionality":"REAL","globalid":"{C883170E-9F06-4CAD-9D85-937FDA132DB8}","interstate":null,"interstate_a":null,"interstate_b":null,"interstate_c":null,"loaddate":1474002619000,"mtfcc_code":"S1200","name":"Maccorkle Ave","objectid":32269674,"permanent_identifier":"4421da1e-c607-4938-bdc7-727c611a02e2","real_world_relation":"REFERENCE_ONLY","shape_Length":116.55798142810347,"source_datadesc":"2016 January MAFTIGER","source_datasetid":"{9298FF95-0FA8-4712-9AA5-9292C907CA63}","source_featureid":"1101747018871","source_id":"REF-KANAWHA-CONNECTING-ROADS","source_originator":"U.S. Department of Commerce, U.S. Census Bureau, Geography Division","state_route":"61","state_route_a":"61","state_route_b":null,"state_route_c":null,"stco_fipscode":"54039","tnmfrc":3,"us_route":null,"us_route_a":null,"us_route_b":null,"us_route_c":null},"type":"Feature"},{"geometry":{"coordinates":[[-81.612042,38.341872],[-81.611986,38.34193],[-81.61181,38.342097]],"type":"LineString"},"id":"REF-KANAWHA-CONNECTING-ROADS-461","properties":{"canon_status":"REAL_REFERENCE","county_route":null,"federal_lands_route":null,"fictionality":"REAL","globalid":"{52CA09C4-74C4-4DFB-96D3-D2054CF98291}","interstate":null,"interstate_a":null,"interstate_b":null,"interstate_c":null,"loaddate":1568217705000,"mtfcc_code":"S1200","name":"Greenbrier St","objectid":32357680,"permanent_identifier":"9054018b-d552-4e6e-8cfb-e0f927815539","real_world_relation":"REFERENCE_ONLY","shape_Length":41.07876572751207,"source_datadesc":"2018 May MAF/TIGER","source_datasetid":"{9298FF95-0FA8-4712-9AA5-9292C907CA63}","source_featureid":"1101747019400","source_id":"REF-KANAWHA-CONNECTING-ROADS","source_originator":"U.S. Department of Commerce, U.S. Census Bureau, Geography Division","state_route":"114","state_route_a":"114","state_route_b":null,"state_route_c":null,"stco_fipscode":"54039","tnmfrc":3,"us_route":null,"us_route_a":null,"us_route_b":null,"us_route_c":null},"type":"Feature"},{"geometry":{"coordinates":[[-81.569797,38.249019],[-81.56972,38.248865]],"type":"LineString"},"id":"REF-KANAWHA-CONNECTING-ROADS-462","properties":{"canon_status":"REAL_REFERENCE","county_route":null,"federal_lands_route":null,"fictionality":"REAL","globalid":"{3FA8C5F5-EFC2-4595-B8E8-5EB57FB4C333}","interstate":null,"interstate_a":null,"interstate_b":null,"interstate_c":null,"loaddate":1474002658000,"mtfcc_code":"S1200","name":"Maccorkle Ave","objectid":32398990,"permanent_identifier":"8077c09c-cbff-48fc-a035-15b84c8ca60d","real_world_relation":"REFERENCE_ONLY","shape_Length":23.4520094037431,"source_datadesc":"2016 January MAFTIGER","source_datasetid":"{9298FF95-0FA8-4712-9AA5-9292C907CA63}","source_featureid":"1101747018875","source_id":"REF-KANAWHA-CONNECTING-ROADS","source_originator":"U.S. Department of Commerce, U.S. Census Bureau, Geography Division","state_route":"61","state_route_a":"61","state_route_b":null,"state_route_c":null,"stco_fipscode":"54039","tnmfrc":3,"us_route":null,"us_route_a":null,"us_route_b":null,"us_route_c":null},"type":"Feature"},{"geometry":{"coordinates":[[-81.562412,38.24251],[-81.562394,38.242529],[-81.562372,38.24255],[-81.562349,38.242579],[-81.562332,38.242609],[-81.56232,38.24264],[-81.562306,38.242715],[-81.562311,38.242791],[-81.562322,38.242827],[-81.562334,38.242865],[-81.562368,38.242915],[-81.562415,38.242961],[-81.562477,38.243006]],"type":"LineString"},"id":"REF-KANAWHA-CONNECTING-ROADS-463","properties":{"canon_status":"REAL_REFERENCE","county_route":null,"federal_lands_route":null,"fictionality":"REAL","globalid":"{F9EE43D5-4F25-4ABE-845D-B0CA3551AB1A}","interstate":null,"interstate_a":"","interstate_b":"","interstate_c":"","loaddate":1673511277000,"mtfcc_code":"S1200","name":"Maccorkle Ave","objectid":32486810,"permanent_identifier":"8a5db42e-7961-4854-99b2-c104a6fb8846","real_world_relation":"REFERENCE_ONLY","shape_Length":79.4187066157538,"source_datadesc":"2016 January MAFTIGER","source_datasetid":"{9298FF95-0FA8-4712-9AA5-9292C907CA63}","source_featureid":"1101747040334","source_id":"REF-KANAWHA-CONNECTING-ROADS","source_originator":"U.S. Department of Commerce, U.S. Census Bureau, Geography Division","state_route":"61","state_route_a":"61","state_route_b":"","state_route_c":"","stco_fipscode":"54039","tnmfrc":3,"us_route":null,"us_route_a":"","us_route_b":"","us_route_c":""},"type":"Feature"},{"geometry":{"coordinates":[[-81.647302,38.352932],[-81.64722,38.3529]],"type":"LineString"},"id":"REF-KANAWHA-CONNECTING-ROADS-464","properties":{"canon_status":"REAL_REFERENCE","county_route":null,"federal_lands_route":null,"fictionality":"REAL","globalid":"{ECB70B08-ABBF-4E3B-8E87-387815913C7B}","interstate":null,"interstate_a":null,"interstate_b":null,"interstate_c":null,"loaddate":1568217705000,"mtfcc_code":"S1200","name":"Maccorkle Ave SW","objectid":32745012,"permanent_identifier":"ed0f1123-ec84-48ce-880f-062f20a931c2","real_world_relation":"REFERENCE_ONLY","shape_Length":10.186752148696838,"source_datadesc":"2018 May MAF/TIGER","source_datasetid":"{9298FF95-0FA8-4712-9AA5-9292C907CA63}","source_featureid":"1101747018889","source_id":"REF-KANAWHA-CONNECTING-ROADS","source_originator":"U.S. Department of Commerce, U.S. Census Bureau, Geography Division","state_route":"61","state_route_a":"61","state_route_b":null,"state_route_c":null,"stco_fipscode":"54039","tnmfrc":3,"us_route":null,"us_route_a":null,"us_route_b":null,"us_route_c":null},"type":"Feature"},{"geometry":{"coordinates":[[-81.60173,38.32858],[-81.602072,38.328601],[-81.60217,38.328607],[-81.603225,38.328687]],"type":"LineString"},"id":"REF-KANAWHA-CONNECTING-ROADS-465","properties":{"canon_status":"REAL_REFERENCE","county_route":null,"federal_lands_route":null,"fictionality":"REAL","globalid":"{A4D9E263-FBCB-4923-B9DC-F27633235AC2}","interstate":null,"interstate_a":"","interstate_b":"","interstate_c":"","loaddate":1673511277000,"mtfcc_code":"S1200","name":"Maccorkle Ave SE","objectid":36848595,"permanent_identifier":"6261699e-d3db-4042-b556-e368e8f387d2","real_world_relation":"REFERENCE_ONLY","shape_Length":167.11972860549724,"source_datadesc":"2016 January MAFTIGER","source_datasetid":"{9298FF95-0FA8-4712-9AA5-9292C907CA63}","source_featureid":"1101747018887","source_id":"REF-KANAWHA-CONNECTING-ROADS","source_originator":"U.S. Department of Commerce, U.S. Census Bureau, Geography Division","state_route":"61","state_route_a":"61","state_route_b":"","state_route_c":"","stco_fipscode":"54039","tnmfrc":3,"us_route":null,"us_route_a":"","us_route_b":"","us_route_c":""},"type":"Feature"},{"geometry":{"coordinates":[[-81.604687,38.328705],[-81.603504,38.32861],[-81.602066,38.328505],[-81.601735,38.32848],[-81.601066,38.328431]],"type":"LineString"},"id":"REF-KANAWHA-CONNECTING-ROADS-466","properties":{"canon_status":"REAL_REFERENCE","county_route":null,"federal_lands_route":null,"fictionality":"REAL","globalid":"{609F1746-BFB1-4F2B-ABEC-DD0E039C866B}","interstate":null,"interstate_a":"","interstate_b":"","interstate_c":"","loaddate":1673511277000,"mtfcc_code":"S1200","name":"Maccorkle Ave SE","objectid":36848596,"permanent_identifier":"7259f8c8-4dd7-4da6-adbe-e420ba8bf8ef","real_world_relation":"REFERENCE_ONLY","shape_Length":404.96244312201475,"source_datadesc":"2016 January MAFTIGER","source_datasetid":"{9298FF95-0FA8-4712-9AA5-9292C907CA63}","source_featureid":"1101747018888","source_id":"REF-KANAWHA-CONNECTING-ROADS","source_originator":"U.S. Department of Commerce, U.S. Census Bureau, Geography Division","state_route":"61","state_route_a":"61","state_route_b":"","state_route_c":"","stco_fipscode":"54039","tnmfrc":3,"us_route":null,"us_route_a":"","us_route_b":"","us_route_c":""},"type":"Feature"},{"geometry":{"coordinates":[[-81.603225,38.328687],[-81.604671,38.328817]],"type":"LineString"},"id":"REF-KANAWHA-CONNECTING-ROADS-467","properties":{"canon_status":"REAL_REFERENCE","county_route":null,"federal_lands_route":null,"fictionality":"REAL","globalid":"{9ACD80C5-6E1C-4A60-9B44-BE66E6E9FC2F}","interstate":null,"interstate_a":"","interstate_b":"","interstate_c":"","loaddate":1673511277000,"mtfcc_code":"S1200","name":"Maccorkle Ave SE","objectid":36848597,"permanent_identifier":"0eab1c5a-a6e9-42e1-9b29-9864d980c852","real_world_relation":"REFERENCE_ONLY","shape_Length":162.02164873697674,"source_datadesc":"2016 January MAFTIGER","source_datasetid":"{9298FF95-0FA8-4712-9AA5-9292C907CA63}","source_featureid":"1101747018887","source_id":"REF-KANAWHA-CONNECTING-ROADS","source_originator":"U.S. Department of Commerce, U.S. Census Bureau, Geography Division","state_route":"61","state_route_a":"61","state_route_b":"","state_route_c":"","stco_fipscode":"54039","tnmfrc":3,"us_route":null,"us_route_a":"","us_route_b":"","us_route_c":""},"type":"Feature"},{"geometry":{"coordinates":[[-81.585556,38.323782],[-81.586832,38.324515]],"type":"LineString"},"id":"REF-KANAWHA-CONNECTING-ROADS-468","properties":{"canon_status":"REAL_REFERENCE","county_route":null,"federal_lands_route":null,"fictionality":"REAL","globalid":"{0B7C3515-D7F2-4B84-9211-F16C5AD46487}","interstate":null,"interstate_a":"","interstate_b":"","interstate_c":"","loaddate":1673511277000,"mtfcc_code":"S1200","name":"Maccorkle Ave SE","objectid":36848722,"permanent_identifier":"d546580c-1edb-45f1-85f2-0d8ca8b70ce4","real_world_relation":"REFERENCE_ONLY","shape_Length":176.07446759953388,"source_datadesc":"2022 September MAF/TIGER","source_datasetid":"{9298FF95-0FA8-4712-9AA5-9292C907CA63}","source_featureid":"1101747018887","source_id":"REF-KANAWHA-CONNECTING-ROADS","source_originator":"U.S. Department of Commerce, U.S. Census Bureau, Geography Division","state_route":"61","state_route_a":"61","state_route_b":"","state_route_c":"","stco_fipscode":"54039","tnmfrc":3,"us_route":null,"us_route_a":"","us_route_b":"","us_route_c":""},"type":"Feature"},{"geometry":{"coordinates":[[-81.586832,38.324515],[-81.587137,38.32469],[-81.587387,38.324847],[-81.588086,38.325249],[-81.588115,38.325267]],"type":"LineString"},"id":"REF-KANAWHA-CONNECTING-ROADS-469","properties":{"canon_status":"REAL_REFERENCE","county_route":null,"federal_lands_route":null,"fictionality":"REAL","globalid":"{02EB258B-BA16-4207-9796-8A234D456278}","interstate":null,"interstate_a":"","interstate_b":"","interstate_c":"","loaddate":1673511277000,"mtfcc_code":"S1200","name":"Maccorkle Ave SE","objectid":36848724,"permanent_identifier":"5074b55a-395a-40da-985d-2f8d2fe10f18","real_world_relation":"REFERENCE_ONLY","shape_Length":178.31719833726657,"source_datadesc":"2022 September MAF/TIGER","source_datasetid":"{9298FF95-0FA8-4712-9AA5-9292C907CA63}","source_featureid":"1101747018887","source_id":"REF-KANAWHA-CONNECTING-ROADS","source_originator":"U.S. Department of Commerce, U.S. Census Bureau, Geography Division","state_route":"61","state_route_a":"61","state_route_b":"","state_route_c":"","stco_fipscode":"54039","tnmfrc":3,"us_route":null,"us_route_a":"","us_route_b":"","us_route_c":""},"type":"Feature"},{"geometry":{"coordinates":[[-81.586908,38.324433],[-81.58563,38.323701]],"type":"LineString"},"id":"REF-KANAWHA-CONNECTING-ROADS-470","properties":{"canon_status":"REAL_REFERENCE","county_route":null,"federal_lands_route":null,"fictionality":"REAL","globalid":"{74F0D4A9-61D2-47E9-BFA3-DF2CCCEE5F0A}","interstate":null,"interstate_a":"","interstate_b":"","interstate_c":"","loaddate":1673511277000,"mtfcc_code":"S1200","name":"Maccorkle Ave SE","objectid":36848726,"permanent_identifier":"da52543d-f1e3-472b-9a07-48ef1581c7d5","real_world_relation":"REFERENCE_ONLY","shape_Length":176.1483115768259,"source_datadesc":"2016 January MAFTIGER","source_datasetid":"{9298FF95-0FA8-4712-9AA5-9292C907CA63}","source_featureid":"1101747018888","source_id":"REF-KANAWHA-CONNECTING-ROADS","source_originator":"U.S. Department of Commerce, U.S. Census Bureau, Geography Division","state_route":"61","state_route_a":"61","state_route_b":"","state_route_c":"","stco_fipscode":"54039","tnmfrc":3,"us_route":null,"us_route_a":"","us_route_b":"","us_route_c":""},"type":"Feature"},{"geometry":{"coordinates":[[-81.588197,38.325178],[-81.586908,38.324433]],"type":"LineString"},"id":"REF-KANAWHA-CONNECTING-ROADS-471","properties":{"canon_status":"REAL_REFERENCE","county_route":null,"federal_lands_route":null,"fictionality":"REAL","globalid":"{ABC86DFE-D4A6-405A-8D46-A88FA8F7A316}","interstate":null,"interstate_a":"","interstate_b":"","interstate_c":"","loaddate":1673511277000,"mtfcc_code":"S1200","name":"Maccorkle Ave SE","objectid":36848728,"permanent_identifier":"27373a94-114d-48c8-95b7-c08ac4e2105b","real_world_relation":"REFERENCE_ONLY","shape_Length":178.22727435457435,"source_datadesc":"2016 January MAFTIGER","source_datasetid":"{9298FF95-0FA8-4712-9AA5-9292C907CA63}","source_featureid":"1101747018888","source_id":"REF-KANAWHA-CONNECTING-ROADS","source_originator":"U.S. Department of Commerce, U.S. Census Bureau, Geography Division","state_route":"61","state_route_a":"61","state_route_b":"","state_route_c":"","stco_fipscode":"54039","tnmfrc":3,"us_route":null,"us_route_a":"","us_route_b":"","us_route_c":""},"type":"Feature"}],"type":"FeatureCollection"}
