{"features":[{"geometry":{"coordinates":[[-81.557343,38.310687],[-81.557492,38.310856]],"type":"LineString"},"id":"REF-KANAWHA-SECONDARY-ROADS-1","properties":{"canon_status":"REAL_REFERENCE","county_route":null,"federal_lands_route":null,"fictionality":"REAL","globalid":"{44713A75-9A25-45E8-9CD9-114DFC70F6FB}","interstate":null,"interstate_a":null,"interstate_b":null,"interstate_c":null,"loaddate":1474003190000,"mtfcc_code":"S1200","name":"Kanawha Ave","objectid":31412,"permanent_identifier":"038d8373-bbb0-4409-9bbe-d31301bced63","real_world_relation":"REFERENCE_ONLY","shape_Length":29.154139935395907,"source_datadesc":"2016 January MAFTIGER","source_datasetid":"{9298FF95-0FA8-4712-9AA5-9292C907CA63}","source_featureid":"1101747016795","source_id":"REF-KANAWHA-SECONDARY-ROADS","source_originator":"U.S. Department of Commerce, U.S. Census Bureau, Geography Division","state_route":null,"state_route_a":null,"state_route_b":null,"state_route_c":null,"stco_fipscode":"54039","tnmfrc":2,"us_route":"60","us_route_a":"60","us_route_b":null,"us_route_c":null},"type":"Feature"},{"geometry":{"coordinates":[[-81.632789,38.350202],[-81.632493,38.349829]],"type":"LineString"},"id":"REF-KANAWHA-SECONDARY-ROADS-2","properties":{"canon_status":"REAL_REFERENCE","county_route":null,"federal_lands_route":null,"fictionality":"REAL","globalid":"{3EBEDB5E-2EB3-4225-AF20-F20D5F46D091}","interstate":null,"interstate_a":null,"interstate_b":null,"interstate_c":null,"loaddate":1474002626000,"mtfcc_code":"S1200","name":"Lee St E","objectid":158269,"permanent_identifier":"8d816345-296e-4cea-b379-d24a41ceb6e8","real_world_relation":"REFERENCE_ONLY","shape_Length":62.36210023093296,"source_datadesc":"2016 January MAFTIGER","source_datasetid":"{9298FF95-0FA8-4712-9AA5-9292C907CA63}","source_featureid":"1101747012316","source_id":"REF-KANAWHA-SECONDARY-ROADS","source_originator":"U.S. Department of Commerce, U.S. Census Bureau, Geography Division","state_route":null,"state_route_a":null,"state_route_b":null,"state_route_c":null,"stco_fipscode":"54039","tnmfrc":2,"us_route":"60","us_route_a":"60","us_route_b":null,"us_route_c":null},"type":"Feature"},{"geometry":{"coordinates":[[-81.640475,38.359414],[-81.640615,38.359737]],"type":"LineString"},"id":"REF-KANAWHA-SECONDARY-ROADS-3","properties":{"canon_status":"REAL_REFERENCE","county_route":null,"federal_lands_route":null,"fictionality":"REAL","globalid":"{1AA6765D-DCA3-4834-ABFE-A6898D4D6DC5}","interstate":null,"interstate_a":null,"interstate_b":null,"interstate_c":null,"loaddate":1474002157000,"mtfcc_code":"S1200","name":"Washington St W","objectid":158368,"permanent_identifier":"bd54d268-def6-49ee-8e0f-b3df269b046c","real_world_relation":"REFERENCE_ONLY","shape_Length":48.430864884382,"source_datadesc":"2016 January MAFTIGER","source_datasetid":"{9298FF95-0FA8-4712-9AA5-9292C907CA63}","source_featureid":"1101747019661","source_id":"REF-KANAWHA-SECONDARY-ROADS","source_originator":"U.S. Department of Commerce, U.S. Census Bureau, Geography Division","state_route":null,"state_route_a":null,"state_route_b":null,"state_route_c":null,"stco_fipscode":"54039","tnmfrc":2,"us_route":"60","us_route_a":"60","us_route_b":null,"us_route_c":null},"type":"Feature"},{"geometry":{"coordinates":[[-81.502287,38.20378],[-81.502142,38.203624],[-81.501976,38.203463],[-81.501211,38.20266],[-81.500676,38.202105],[-81.500523,38.201934]],"type":"LineString"},"id":"REF-KANAWHA-SECONDARY-ROADS-4","properties":{"canon_status":"REAL_REFERENCE","county_route":null,"federal_lands_route":null,"fictionality":"REAL","globalid":"{839867AB-FCA8-40CA-8095-353937C4E10D}","interstate":null,"interstate_a":null,"interstate_b":null,"interstate_c":null,"loaddate":1568217705000,"mtfcc_code":"S1200","name":"E Dupont Ave","objectid":245069,"permanent_identifier":"b2cb97e8-b388-4166-a6f4-ffbc7b5c02b9","real_world_relation":"REFERENCE_ONLY","shape_Length":327.06077767433055,"source_datadesc":"2016 January MAFTIGER","source_datasetid":"{9298FF95-0FA8-4712-9AA5-9292C907CA63}","source_featureid":"1101747015239","source_id":"REF-KANAWHA-SECONDARY-ROADS","source_originator":"U.S. Department of Commerce, U.S. Census Bureau, Geography Division","state_route":null,"state_route_a":null,"state_route_b":null,"state_route_c":null,"stco_fipscode":"54039","tnmfrc":2,"us_route":"60","us_route_a":"60","us_route_b":null,"us_route_c":null},"type":"Feature"},{"geometry":{"coordinates":[[-81.502298,38.204021],[-81.502188,38.203906]],"type":"LineString"},"id":"REF-KANAWHA-SECONDARY-ROADS-5","properties":{"canon_status":"REAL_REFERENCE","county_route":null,"federal_lands_route":null,"fictionality":"REAL","globalid":"{E117A736-11C9-49EC-942C-D7652EBF366C}","interstate":null,"interstate_a":null,"interstate_b":null,"interstate_c":null,"loaddate":1568217705000,"mtfcc_code":"S1200","name":"E Dupont Ave","objectid":245073,"permanent_identifier":"79f97db4-a734-490f-bff7-bb4bd8e7cfbd","real_world_relation":"REFERENCE_ONLY","shape_Length":20.379951253393173,"source_datadesc":"2016 January MAFTIGER","source_datasetid":"{9298FF95-0FA8-4712-9AA5-9292C907CA63}","source_featureid":"1101747015238","source_id":"REF-KANAWHA-SECONDARY-ROADS","source_originator":"U.S. Department of Commerce, U.S. Census Bureau, Geography Division","state_route":null,"state_route_a":null,"state_route_b":null,"state_route_c":null,"stco_fipscode":"54039","tnmfrc":2,"us_route":"60","us_route_a":"60","us_route_b":null,"us_route_c":null},"type":"Feature"},{"geometry":{"coordinates":[[-81.651436,38.367241],[-81.651614,38.367308],[-81.651642,38.367319],[-81.651762,38.367372],[-81.652069,38.367523],[-81.652258,38.367606],[-81.652438,38.367698]],"type":"LineString"},"id":"REF-KANAWHA-SECONDARY-ROADS-6","properties":{"canon_status":"REAL_REFERENCE","county_route":null,"federal_lands_route":null,"fictionality":"REAL","globalid":"{580227CA-FAEA-42EA-9233-75D72904B745}","interstate":null,"interstate_a":null,"interstate_b":null,"interstate_c":null,"loaddate":1568217705000,"mtfcc_code":"S1200","name":"Washington St W","objectid":245099,"permanent_identifier":"b88eee13-a241-41f8-a85c-3f184dcec435","real_world_relation":"REFERENCE_ONLY","shape_Length":129.17553679233617,"source_datadesc":"2016 January MAFTIGER","source_datasetid":"{9298FF95-0FA8-4712-9AA5-9292C907CA63}","source_featureid":"1101747019661","source_id":"REF-KANAWHA-SECONDARY-ROADS","source_originator":"U.S. Department of Commerce, U.S. Census Bureau, Geography Division","state_route":null,"state_route_a":null,"state_route_b":null,"state_route_c":null,"stco_fipscode":"54039","tnmfrc":2,"us_route":"60","us_route_a":"60","us_route_b":null,"us_route_c":null},"type":"Feature"},{"geometry":{"coordinates":[[-81.654912,38.368915],[-81.655297,38.369103]],"type":"LineString"},"id":"REF-KANAWHA-SECONDARY-ROADS-7","properties":{"canon_status":"REAL_REFERENCE","county_route":null,"federal_lands_route":null,"fictionality":"REAL","globalid":"{7AEF37D7-C5FF-4D2B-907F-1B5FC57AD1FC}","interstate":null,"interstate_a":null,"interstate_b":null,"interstate_c":null,"loaddate":1568217705000,"mtfcc_code":"S1200","name":"Washington St W","objectid":245109,"permanent_identifier":"3b177ec4-4d01-4202-b6e9-9950fc671485","real_world_relation":"REFERENCE_ONLY","shape_Length":50.490834939422406,"source_datadesc":"2016 January MAFTIGER","source_datasetid":"{9298FF95-0FA8-4712-9AA5-9292C907CA63}","source_featureid":"1101747019661","source_id":"REF-KANAWHA-SECONDARY-ROADS","source_originator":"U.S. Department of Commerce, U.S. Census Bureau, Geography Division","state_route":null,"state_route_a":null,"state_route_b":null,"state_route_c":null,"stco_fipscode":"54039","tnmfrc":2,"us_route":"60","us_route_a":"60","us_route_b":null,"us_route_c":null},"type":"Feature"},{"geometry":{"coordinates":[[-81.670409,38.363519],[-81.670319,38.363586],[-81.670259,38.363644],[-81.670154,38.3638]],"type":"LineString"},"id":"REF-KANAWHA-SECONDARY-ROADS-8","properties":{"canon_status":"REAL_REFERENCE","county_route":null,"federal_lands_route":null,"fictionality":"REAL","globalid":"{87338F6C-17DE-4574-A332-D1C67BCA4CEF}","interstate":null,"interstate_a":null,"interstate_b":null,"interstate_c":null,"loaddate":1474002417000,"mtfcc_code":"S1200","name":"Patrick St","objectid":285260,"permanent_identifier":"122d5bbc-508f-49ef-ab5e-94158a25cf4e","real_world_relation":"REFERENCE_ONLY","shape_Length":49.46086427983002,"source_datadesc":"2016 January MAFTIGER","source_datasetid":"{9298FF95-0FA8-4712-9AA5-9292C907CA63}","source_featureid":"1101747017054","source_id":"REF-KANAWHA-SECONDARY-ROADS","source_originator":"U.S. Department of Commerce, U.S. Census Bureau, Geography Division","state_route":null,"state_route_a":null,"state_route_b":null,"state_route_c":null,"stco_fipscode":"54039","tnmfrc":2,"us_route":"60","us_route_a":"60","us_route_b":null,"us_route_c":null},"type":"Feature"},{"geometry":{"coordinates":[[-81.61006,38.335204],[-81.608696,38.335125]],"type":"LineString"},"id":"REF-KANAWHA-SECONDARY-ROADS-9","properties":{"canon_status":"REAL_REFERENCE","county_route":null,"federal_lands_route":null,"fictionality":"REAL","globalid":"{313FA2C6-75E9-4646-81A1-6DDF0D5FE024}","interstate":null,"interstate_a":null,"interstate_b":null,"interstate_c":null,"loaddate":1568217705000,"mtfcc_code":"S1200","name":"Kanawha Blvd E","objectid":372226,"permanent_identifier":"40c03008-486f-46c5-b359-ef717bdc2706","real_world_relation":"REFERENCE_ONLY","shape_Length":152.25315299286603,"source_datadesc":"2016 January MAFTIGER","source_datasetid":"{9298FF95-0FA8-4712-9AA5-9292C907CA63}","source_featureid":"1101747016798","source_id":"REF-KANAWHA-SECONDARY-ROADS","source_originator":"U.S. Department of Commerce, U.S. Census Bureau, Geography Division","state_route":null,"state_route_a":null,"state_route_b":null,"state_route_c":null,"stco_fipscode":"54039","tnmfrc":2,"us_route":"60","us_route_a":"60","us_route_b":null,"us_route_c":null},"type":"Feature"},{"geometry":{"coordinates":[[-81.608725,38.33505],[-81.608185,38.335005],[-81.607321,38.334911],[-81.606886,38.334878],[-81.606456,38.334857]],"type":"LineString"},"id":"REF-KANAWHA-SECONDARY-ROADS-10","properties":{"canon_status":"REAL_REFERENCE","county_route":null,"federal_lands_route":null,"fictionality":"REAL","globalid":"{860579EF-309C-4589-A8C6-A119FA06A473}","interstate":null,"interstate_a":null,"interstate_b":null,"interstate_c":null,"loaddate":1568217705000,"mtfcc_code":"S1200","name":"Kanawha Blvd E","objectid":372227,"permanent_identifier":"7ec577c6-5271-4671-bcec-fa67e9593ec1","real_world_relation":"REFERENCE_ONLY","shape_Length":254.147428593504,"source_datadesc":"2018 May MAF/TIGER","source_datasetid":"{9298FF95-0FA8-4712-9AA5-9292C907CA63}","source_featureid":"1101747016797","source_id":"REF-KANAWHA-SECONDARY-ROADS","source_originator":"U.S. Department of Commerce, U.S. Census Bureau, Geography Division","state_route":null,"state_route_a":null,"state_route_b":null,"state_route_c":null,"stco_fipscode":"54039","tnmfrc":2,"us_route":"60","us_route_a":"60","us_route_b":null,"us_route_c":null},"type":"Feature"},{"geometry":{"coordinates":[[-81.633878,38.359867],[-81.632863,38.359847],[-81.632806,38.359849]],"type":"LineString"},"id":"REF-KANAWHA-SECONDARY-ROADS-11","properties":{"canon_status":"REAL_REFERENCE","county_route":null,"federal_lands_route":null,"fictionality":"REAL","globalid":"{B9348343-2B32-428E-A949-3ECE0A11583D}","interstate":null,"interstate_a":null,"interstate_b":null,"interstate_c":null,"loaddate":1474002471000,"mtfcc_code":"S1200","name":"Pennsylvania Ave","objectid":412853,"permanent_identifier":"76573055-1ff8-48ae-a9dd-e7ad4bd29c3e","real_world_relation":"REFERENCE_ONLY","shape_Length":119.37651667269941,"source_datadesc":"2016 January MAFTIGER","source_datasetid":"{9298FF95-0FA8-4712-9AA5-9292C907CA63}","source_featureid":"1101747020370","source_id":"REF-KANAWHA-SECONDARY-ROADS","source_originator":"U.S. Department of Commerce, U.S. Census Bureau, Geography Division","state_route":null,"state_route_a":null,"state_route_b":null,"state_route_c":null,"stco_fipscode":"54039","tnmfrc":2,"us_route":"119","us_route_a":"119","us_route_b":null,"us_route_c":null},"type":"Feature"},{"geometry":{"coordinates":[[-81.476978,38.204637],[-81.476862,38.204685]],"type":"LineString"},"id":"REF-KANAWHA-SECONDARY-ROADS-12","properties":{"canon_status":"REAL_REFERENCE","county_route":null,"federal_lands_route":null,"fictionality":"REAL","globalid":"{C30CB3CB-BC0E-4E2C-ABC0-5A53D127C556}","interstate":null,"interstate_a":null,"interstate_b":null,"interstate_c":null,"loaddate":1474003130000,"mtfcc_code":"S1200","name":"E Dupont Ave","objectid":540583,"permanent_identifier":"c0906649-c895-470c-a9da-a4e3cb3222bf","real_world_relation":"REFERENCE_ONLY","shape_Length":14.594020404795552,"source_datadesc":"2016 January MAFTIGER","source_datasetid":"{9298FF95-0FA8-4712-9AA5-9292C907CA63}","source_featureid":"1104469613929","source_id":"REF-KANAWHA-SECONDARY-ROADS","source_originator":"U.S. Department of Commerce, U.S. Census Bureau, Geography Division","state_route":null,"state_route_a":null,"state_route_b":null,"state_route_c":null,"stco_fipscode":"54039","tnmfrc":2,"us_route":"60","us_route_a":"60","us_route_b":null,"us_route_c":null},"type":"Feature"},{"geometry":{"coordinates":[[-81.629762,38.359853],[-81.629825,38.35983],[-81.629922,38.359806],[-81.630136,38.359768],[-81.630275,38.359755],[-81.630394,38.359755]],"type":"LineString"},"id":"REF-KANAWHA-SECONDARY-ROADS-13","properties":{"canon_status":"REAL_REFERENCE","county_route":null,"federal_lands_route":null,"fictionality":"REAL","globalid":"{B57AA257-E1AA-4D6D-82DC-E3381D04ABC2}","interstate":null,"interstate_a":null,"interstate_b":null,"interstate_c":null,"loaddate":1568217705000,"mtfcc_code":"S1200","name":"Pennsylvania Ave","objectid":626739,"permanent_identifier":"5067a23e-1b07-4122-be81-89c1e0dcd2cb","real_world_relation":"REFERENCE_ONLY","shape_Length":72.31443292158977,"source_datadesc":"2016 January MAFTIGER","source_datasetid":"{9298FF95-0FA8-4712-9AA5-9292C907CA63}","source_featureid":"1101747020368","source_id":"REF-KANAWHA-SECONDARY-ROADS","source_originator":"U.S. Department of Commerce, U.S. Census Bureau, Geography Division","state_route":null,"state_route_a":null,"state_route_b":null,"state_route_c":null,"stco_fipscode":"54039","tnmfrc":2,"us_route":"119","us_route_a":"119","us_route_b":null,"us_route_c":null},"type":"Feature"},{"geometry":{"coordinates":[[-81.649374,38.350107],[-81.648996,38.350559],[-81.648849,38.350743],[-81.648561,38.351113],[-81.648201,38.351603],[-81.647908,38.352025],[-81.647789,38.352183],[-81.647562,38.352484]],"type":"LineString"},"id":"REF-KANAWHA-SECONDARY-ROADS-14","properties":{"canon_status":"REAL_REFERENCE","county_route":null,"federal_lands_route":null,"fictionality":"REAL","globalid":"{6B460C73-0ED6-46F1-AE4A-5B1A7AB68713}","interstate":null,"interstate_a":null,"interstate_b":null,"interstate_c":null,"loaddate":1474001292000,"mtfcc_code":"S1200","name":"US Hwy 119","objectid":667291,"permanent_identifier":"0d4cd9ff-92ea-40b8-a990-0a7b46e98b53","real_world_relation":"REFERENCE_ONLY","shape_Length":393.25168291708746,"source_datadesc":"2016 January MAFTIGER","source_datasetid":"{9298FF95-0FA8-4712-9AA5-9292C907CA63}","source_featureid":"1101747011837","source_id":"REF-KANAWHA-SECONDARY-ROADS","source_originator":"U.S. Department of Commerce, U.S. Census Bureau, Geography Division","state_route":null,"state_route_a":null,"state_route_b":null,"state_route_c":null,"stco_fipscode":"54039","tnmfrc":2,"us_route":"119","us_route_a":"119","us_route_b":null,"us_route_c":null},"type":"Feature"},{"geometry":{"coordinates":[[-81.614663,38.339438],[-81.614106,38.339151]],"type":"LineString"},"id":"REF-KANAWHA-SECONDARY-ROADS-15","properties":{"canon_status":"REAL_REFERENCE","county_route":null,"federal_lands_route":null,"fictionality":"REAL","globalid":"{40348193-A29D-4D3C-A04E-20BC9505001B}","interstate":null,"interstate_a":null,"interstate_b":null,"interstate_c":null,"loaddate":1474003102000,"mtfcc_code":"S1200","name":"Washington St E","objectid":667716,"permanent_identifier":"06862788-d702-4184-b749-057be39eb27c","real_world_relation":"REFERENCE_ONLY","shape_Length":74.18736231533816,"source_datadesc":"2016 January MAFTIGER","source_datasetid":"{9298FF95-0FA8-4712-9AA5-9292C907CA63}","source_featureid":"1101747019658","source_id":"REF-KANAWHA-SECONDARY-ROADS","source_originator":"U.S. Department of Commerce, U.S. Census Bureau, Geography Division","state_route":null,"state_route_a":null,"state_route_b":null,"state_route_c":null,"stco_fipscode":"54039","tnmfrc":2,"us_route":"60","us_route_a":"60","us_route_b":null,"us_route_c":null},"type":"Feature"},{"geometry":{"coordinates":[[-81.521051,38.218291],[-81.518491,38.21618],[-81.517936,38.215722],[-81.517431,38.215323],[-81.516889,38.214909],[-81.516717,38.21478],[-81.516647,38.214728]],"type":"LineString"},"id":"REF-KANAWHA-SECONDARY-ROADS-16","properties":{"canon_status":"REAL_REFERENCE","county_route":null,"federal_lands_route":null,"fictionality":"REAL","globalid":"{2D88B550-8E4C-4C10-B54D-234547B32DC6}","interstate":null,"interstate_a":null,"interstate_b":null,"interstate_c":null,"loaddate":1568217705000,"mtfcc_code":"S1200","name":"US Hwy 60","objectid":1008334,"permanent_identifier":"0c2e7602-39a9-42a4-ab4b-5903532c9388","real_world_relation":"REFERENCE_ONLY","shape_Length":703.8020928057565,"source_datadesc":"2018 May MAF/TIGER","source_datasetid":"{9298FF95-0FA8-4712-9AA5-9292C907CA63}","source_featureid":"1101747011699","source_id":"REF-KANAWHA-SECONDARY-ROADS","source_originator":"U.S. Department of Commerce, U.S. Census Bureau, Geography Division","state_route":null,"state_route_a":null,"state_route_b":null,"state_route_c":null,"stco_fipscode":"54039","tnmfrc":2,"us_route":"60","us_route_a":"60","us_route_b":null,"us_route_c":null},"type":"Feature"},{"geometry":{"coordinates":[[-81.557601,38.310826],[-81.557865,38.311131],[-81.558244,38.311571],[-81.558301,38.311644]],"type":"LineString"},"id":"REF-KANAWHA-SECONDARY-ROADS-17","properties":{"canon_status":"REAL_REFERENCE","county_route":null,"federal_lands_route":null,"fictionality":"REAL","globalid":"{72D09974-62BE-4E48-AB3B-9D83927E2D98}","interstate":null,"interstate_a":null,"interstate_b":null,"interstate_c":null,"loaddate":1474002011000,"mtfcc_code":"S1200","name":"Kanawha St","objectid":1049116,"permanent_identifier":"6e4196ef-96e5-4de0-9fb1-a0b1556d295f","real_world_relation":"REFERENCE_ONLY","shape_Length":139.7963526795247,"source_datadesc":"2016 January MAFTIGER","source_datasetid":"{9298FF95-0FA8-4712-9AA5-9292C907CA63}","source_featureid":"1101747016794","source_id":"REF-KANAWHA-SECONDARY-ROADS","source_originator":"U.S. Department of Commerce, U.S. Census Bureau, Geography Division","state_route":null,"state_route_a":null,"state_route_b":null,"state_route_c":null,"stco_fipscode":"54039","tnmfrc":2,"us_route":"60","us_route_a":"60","us_route_b":null,"us_route_c":null},"type":"Feature"},{"geometry":{"coordinates":[[-81.534165,38.229716],[-81.533713,38.229319]],"type":"LineString"},"id":"REF-KANAWHA-SECONDARY-ROADS-18","properties":{"canon_status":"REAL_REFERENCE","county_route":null,"federal_lands_route":null,"fictionality":"REAL","globalid":"{51D7F4E4-2D85-4EAC-85CB-02AFD5177092}","interstate":null,"interstate_a":null,"interstate_b":null,"interstate_c":null,"loaddate":1568217705000,"mtfcc_code":"S1200","name":"US Hwy 60","objectid":1262649,"permanent_identifier":"9acfa3e7-7b06-497d-abcb-2034316f2527","real_world_relation":"REFERENCE_ONLY","shape_Length":75.47915579048366,"source_datadesc":"2018 May MAF/TIGER","source_datasetid":"{9298FF95-0FA8-4712-9AA5-9292C907CA63}","source_featureid":"1101747011699","source_id":"REF-KANAWHA-SECONDARY-ROADS","source_originator":"U.S. Department of Commerce, U.S. Census Bureau, Geography Division","state_route":null,"state_route_a":null,"state_route_b":null,"state_route_c":null,"stco_fipscode":"54039","tnmfrc":2,"us_route":"60","us_route_a":"60","us_route_b":null,"us_route_c":null},"type":"Feature"},{"geometry":{"coordinates":[[-81.655297,38.369103],[-81.655761,38.369344]],"type":"LineString"},"id":"REF-KANAWHA-SECONDARY-ROADS-19","properties":{"canon_status":"REAL_REFERENCE","county_route":null,"federal_lands_route":null,"fictionality":"REAL","globalid":"{6823F412-D79D-409F-A6AE-46EF9C38C33D}","interstate":null,"interstate_a":null,"interstate_b":null,"interstate_c":null,"loaddate":1568217705000,"mtfcc_code":"S1200","name":"Washington St W","objectid":1262670,"permanent_identifier":"5f3949ab-e434-430c-a6f8-1f91026d861a","real_world_relation":"REFERENCE_ONLY","shape_Length":61.95833257760867,"source_datadesc":"2016 January MAFTIGER","source_datasetid":"{9298FF95-0FA8-4712-9AA5-9292C907CA63}","source_featureid":"1101747019661","source_id":"REF-KANAWHA-SECONDARY-ROADS","source_originator":"U.S. Department of Commerce, U.S. Census Bureau, Geography Division","state_route":null,"state_route_a":null,"state_route_b":null,"state_route_c":null,"stco_fipscode":"54039","tnmfrc":2,"us_route":"60","us_route_a":"60","us_route_b":null,"us_route_c":null},"type":"Feature"},{"geometry":{"coordinates":[[-81.558301,38.311644],[-81.558604,38.312031],[-81.558748,38.312242],[-81.558906,38.312503],[-81.558912,38.312513],[-81.559213,38.31308],[-81.559346,38.313344],[-81.559398,38.313447]],"type":"LineString"},"id":"REF-KANAWHA-SECONDARY-ROADS-20","properties":{"canon_status":"REAL_REFERENCE","county_route":null,"federal_lands_route":null,"fictionality":"REAL","globalid":"{E0026ED2-BFED-48E2-959D-C57E6B70A800}","interstate":null,"interstate_a":null,"interstate_b":null,"interstate_c":null,"loaddate":1474002011000,"mtfcc_code":"S1200","name":"Kanawha St","objectid":1303322,"permanent_identifier":"d25966a8-13af-4353-876e-1c7c97062cb3","real_world_relation":"REFERENCE_ONLY","shape_Length":284.0909263394135,"source_datadesc":"2016 January MAFTIGER","source_datasetid":"{9298FF95-0FA8-4712-9AA5-9292C907CA63}","source_featureid":"1101747016794","source_id":"REF-KANAWHA-SECONDARY-ROADS","source_originator":"U.S. Department of Commerce, U.S. Census Bureau, Geography Division","state_route":null,"state_route_a":null,"state_route_b":null,"state_route_c":null,"stco_fipscode":"54039","tnmfrc":2,"us_route":"60","us_route_a":"60","us_route_b":null,"us_route_c":null},"type":"Feature"},{"geometry":{"coordinates":[[-81.631824,38.360669],[-81.631721,38.360611],[-81.63163,38.360541],[-81.631553,38.360461],[-81.631542,38.360444]],"type":"LineString"},"id":"REF-KANAWHA-SECONDARY-ROADS-21","properties":{"canon_status":"REAL_REFERENCE","county_route":null,"federal_lands_route":null,"fictionality":"REAL","globalid":"{858CB97E-6421-47CE-857B-FC15CBF5F990}","interstate":null,"interstate_a":"","interstate_b":"","interstate_c":"","loaddate":1673511277000,"mtfcc_code":"S1200","name":null,"objectid":1389790,"permanent_identifier":"369e19a6-fbe4-42f2-9e35-79f061d332b3","real_world_relation":"REFERENCE_ONLY","shape_Length":45.24215036046871,"source_datadesc":"2018 May MAF/TIGER","source_datasetid":"{9298FF95-0FA8-4712-9AA5-9292C907CA63}","source_featureid":"1101747040349","source_id":"REF-KANAWHA-SECONDARY-ROADS","source_originator":"U.S. Department of Commerce, U.S. Census Bureau, Geography Division","state_route":null,"state_route_a":"","state_route_b":"","state_route_c":"","stco_fipscode":"54039","tnmfrc":2,"us_route":"119","us_route_a":"119","us_route_b":"","us_route_c":""},"type":"Feature"},{"geometry":{"coordinates":[[-81.641435,38.361753],[-81.641525,38.361989]],"type":"LineString"},"id":"REF-KANAWHA-SECONDARY-ROADS-22","properties":{"canon_status":"REAL_REFERENCE","county_route":null,"federal_lands_route":null,"fictionality":"REAL","globalid":"{5E0E294A-03F7-4BC4-8F9D-77A2F128DDB2}","interstate":null,"interstate_a":null,"interstate_b":null,"interstate_c":null,"loaddate":1474002157000,"mtfcc_code":"S1200","name":"Washington St W","objectid":1430479,"permanent_identifier":"35c71b6c-e2b5-4092-94b5-388fc29a87ab","real_world_relation":"REFERENCE_ONLY","shape_Length":34.9707402518773,"source_datadesc":"2016 January MAFTIGER","source_datasetid":"{9298FF95-0FA8-4712-9AA5-9292C907CA63}","source_featureid":"1101747019661","source_id":"REF-KANAWHA-SECONDARY-ROADS","source_originator":"U.S. Department of Commerce, U.S. Census Bureau, Geography Division","state_route":null,"state_route_a":null,"state_route_b":null,"state_route_c":null,"stco_fipscode":"54039","tnmfrc":2,"us_route":"60","us_route_a":"60","us_route_b":null,"us_route_c":null},"type":"Feature"},{"geometry":{"coordinates":[[-81.598355,38.334187],[-81.598223,38.33418]],"type":"LineString"},"id":"REF-KANAWHA-SECONDARY-ROADS-23","properties":{"canon_status":"REAL_REFERENCE","county_route":null,"federal_lands_route":null,"fictionality":"REAL","globalid":"{E4FA574E-2A25-4732-BCE4-EAD5A231397F}","interstate":null,"interstate_a":null,"interstate_b":null,"interstate_c":null,"loaddate":1474002524000,"mtfcc_code":"S1200","name":"Kanawha Blvd E","objectid":1430509,"permanent_identifier":"1fd92821-f4a3-44c5-8712-27ea8eccb2c0","real_world_relation":"REFERENCE_ONLY","shape_Length":14.727741077598013,"source_datadesc":"2016 January MAFTIGER","source_datasetid":"{9298FF95-0FA8-4712-9AA5-9292C907CA63}","source_featureid":"1101747016796","source_id":"REF-KANAWHA-SECONDARY-ROADS","source_originator":"U.S. Department of Commerce, U.S. Census Bureau, Geography Division","state_route":null,"state_route_a":null,"state_route_b":null,"state_route_c":null,"stco_fipscode":"54039","tnmfrc":2,"us_route":"60","us_route_a":"60","us_route_b":null,"us_route_c":null},"type":"Feature"},{"geometry":{"coordinates":[[-81.649802,38.354137],[-81.649833,38.354053]],"type":"LineString"},"id":"REF-KANAWHA-SECONDARY-ROADS-24","properties":{"canon_status":"REAL_REFERENCE","county_route":null,"federal_lands_route":null,"fictionality":"REAL","globalid":"{125A2769-3A45-4786-9A53-C7CB28357D36}","interstate":null,"interstate_a":null,"interstate_b":null,"interstate_c":null,"loaddate":1568217705000,"mtfcc_code":"S1200","name":"US Hwy 119","objectid":1516927,"permanent_identifier":"319fa83d-8600-4b22-9b99-d8234c56cdab","real_world_relation":"REFERENCE_ONLY","shape_Length":12.41351104326866,"source_datadesc":"2016 January MAFTIGER","source_datasetid":"{9298FF95-0FA8-4712-9AA5-9292C907CA63}","source_featureid":"1101747011831","source_id":"REF-KANAWHA-SECONDARY-ROADS","source_originator":"U.S. Department of Commerce, U.S. Census Bureau, Geography Division","state_route":null,"state_route_a":null,"state_route_b":null,"state_route_c":null,"stco_fipscode":"54039","tnmfrc":2,"us_route":"119","us_route_a":"119","us_route_b":null,"us_route_c":null},"type":"Feature"},{"geometry":{"coordinates":[[-81.646792,38.365565],[-81.646979,38.36562]],"type":"LineString"},"id":"REF-KANAWHA-SECONDARY-ROADS-25","properties":{"canon_status":"REAL_REFERENCE","county_route":null,"federal_lands_route":null,"fictionality":"REAL","globalid":"{92F87D5A-818D-4B16-AE1A-93639577CF98}","interstate":null,"interstate_a":null,"interstate_b":null,"interstate_c":null,"loaddate":1474002342000,"mtfcc_code":"S1200","name":"Washington St W","objectid":1558025,"permanent_identifier":"d5fa94c4-ff45-4e1e-a328-2f1e6fd8fada","real_world_relation":"REFERENCE_ONLY","shape_Length":22.23310132481358,"source_datadesc":"2016 January MAFTIGER","source_datasetid":"{9298FF95-0FA8-4712-9AA5-9292C907CA63}","source_featureid":"1101747019661","source_id":"REF-KANAWHA-SECONDARY-ROADS","source_originator":"U.S. Department of Commerce, U.S. Census Bureau, Geography Division","state_route":null,"state_route_a":null,"state_route_b":null,"state_route_c":null,"stco_fipscode":"54039","tnmfrc":2,"us_route":"60","us_route_a":"60","us_route_b":null,"us_route_c":null},"type":"Feature"},{"geometry":{"coordinates":[[-81.625246,38.360735],[-81.625827,38.360749]],"type":"LineString"},"id":"REF-KANAWHA-SECONDARY-ROADS-26","properties":{"canon_status":"REAL_REFERENCE","county_route":null,"federal_lands_route":null,"fictionality":"REAL","globalid":"{B65F3CD1-F509-4AD9-8EAC-6526DC309B46}","interstate":null,"interstate_a":null,"interstate_b":null,"interstate_c":null,"loaddate":1474001912000,"mtfcc_code":"S1200","name":"Bigley Ave","objectid":1684892,"permanent_identifier":"cfadb916-7537-4138-8b92-45439944f552","real_world_relation":"REFERENCE_ONLY","shape_Length":64.70713361987701,"source_datadesc":"2016 January MAFTIGER","source_datasetid":"{9298FF95-0FA8-4712-9AA5-9292C907CA63}","source_featureid":"1101747015031","source_id":"REF-KANAWHA-SECONDARY-ROADS","source_originator":"U.S. Department of Commerce, U.S. Census Bureau, Geography Division","state_route":null,"state_route_a":null,"state_route_b":null,"state_route_c":null,"stco_fipscode":"54039","tnmfrc":2,"us_route":"119","us_route_a":"119","us_route_b":null,"us_route_c":null},"type":"Feature"},{"geometry":{"coordinates":[[-81.637284,38.359861],[-81.636488,38.359884],[-81.635988,38.359891],[-81.635881,38.359889],[-81.635592,38.359885],[-81.635191,38.359892],[-81.634874,38.359888],[-81.633878,38.359867]],"type":"LineString"},"id":"REF-KANAWHA-SECONDARY-ROADS-27","properties":{"canon_status":"REAL_REFERENCE","county_route":null,"federal_lands_route":null,"fictionality":"REAL","globalid":"{FE0C29B3-8855-40AC-A8F3-73F213B4C00C}","interstate":null,"interstate_a":null,"interstate_b":null,"interstate_c":null,"loaddate":1474002471000,"mtfcc_code":"S1200","name":"Pennsylvania Ave","objectid":1684919,"permanent_identifier":"942d684b-9b1f-4d12-8b69-c126af454a23","real_world_relation":"REFERENCE_ONLY","shape_Length":379.28740760957913,"source_datadesc":"2016 January MAFTIGER","source_datasetid":"{9298FF95-0FA8-4712-9AA5-9292C907CA63}","source_featureid":"1101747020370","source_id":"REF-KANAWHA-SECONDARY-ROADS","source_originator":"U.S. Department of Commerce, U.S. Census Bureau, Geography Division","state_route":null,"state_route_a":null,"state_route_b":null,"state_route_c":null,"stco_fipscode":"54039","tnmfrc":2,"us_route":"119","us_route_a":"119","us_route_b":null,"us_route_c":null},"type":"Feature"},{"geometry":{"coordinates":[[-81.50235,38.203848],[-81.502287,38.20378]],"type":"LineString"},"id":"REF-KANAWHA-SECONDARY-ROADS-28","properties":{"canon_status":"REAL_REFERENCE","county_route":null,"federal_lands_route":null,"fictionality":"REAL","globalid":"{2474AACD-8E87-4EDB-BF27-445F45C1B18A}","interstate":null,"interstate_a":null,"interstate_b":null,"interstate_c":null,"loaddate":1568217705000,"mtfcc_code":"S1200","name":"E Dupont Ave","objectid":1771608,"permanent_identifier":"9954128c-8720-4eb5-a3ab-c2de82dd1a4c","real_world_relation":"REFERENCE_ONLY","shape_Length":11.915521946782704,"source_datadesc":"2016 January MAFTIGER","source_datasetid":"{9298FF95-0FA8-4712-9AA5-9292C907CA63}","source_featureid":"1101747015239","source_id":"REF-KANAWHA-SECONDARY-ROADS","source_originator":"U.S. Department of Commerce, U.S. Census Bureau, Geography Division","state_route":null,"state_route_a":null,"state_route_b":null,"state_route_c":null,"stco_fipscode":"54039","tnmfrc":2,"us_route":"60","us_route_a":"60","us_route_b":null,"us_route_c":null},"type":"Feature"},{"geometry":{"coordinates":[[-81.629943,38.347808],[-81.629353,38.347309],[-81.629221,38.347206]],"type":"LineString"},"id":"REF-KANAWHA-SECONDARY-ROADS-29","properties":{"canon_status":"REAL_REFERENCE","county_route":null,"federal_lands_route":null,"fictionality":"REAL","globalid":"{72E5705C-D25C-410B-9879-93C83380CCA3}","interstate":null,"interstate_a":null,"interstate_b":null,"interstate_c":null,"loaddate":1474002626000,"mtfcc_code":"S1200","name":"Lee St E","objectid":1939737,"permanent_identifier":"325dd8cd-a76d-477d-b3f7-302ae952641e","real_world_relation":"REFERENCE_ONLY","shape_Length":117.32232638670915,"source_datadesc":"2016 January MAFTIGER","source_datasetid":"{9298FF95-0FA8-4712-9AA5-9292C907CA63}","source_featureid":"1101747012316","source_id":"REF-KANAWHA-SECONDARY-ROADS","source_originator":"U.S. Department of Commerce, U.S. Census Bureau, Geography Division","state_route":null,"state_route_a":null,"state_route_b":null,"state_route_c":null,"stco_fipscode":"54039","tnmfrc":2,"us_route":"60","us_route_a":"60","us_route_b":null,"us_route_c":null},"type":"Feature"},{"geometry":{"coordinates":[[-81.487479,38.200834],[-81.487401,38.200862],[-81.484801,38.201841],[-81.484413,38.201974],[-81.484076,38.202079],[-81.483527,38.202232],[-81.483291,38.202294],[-81.483055,38.202362],[-81.482716,38.202439]],"type":"LineString"},"id":"REF-KANAWHA-SECONDARY-ROADS-30","properties":{"canon_status":"REAL_REFERENCE","county_route":null,"federal_lands_route":null,"fictionality":"REAL","globalid":"{99EAA4A0-6E5D-4702-AB6C-F2B85307D171}","interstate":null,"interstate_a":null,"interstate_b":null,"interstate_c":null,"loaddate":1474003190000,"mtfcc_code":"S1200","name":"Sheldon Ln","objectid":1939775,"permanent_identifier":"7c64aa8f-f2bf-47da-b759-06183cbafa7c","real_world_relation":"REFERENCE_ONLY","shape_Length":577.7726502781311,"source_datadesc":"2016 January MAFTIGER","source_datasetid":"{9298FF95-0FA8-4712-9AA5-9292C907CA63}","source_featureid":"1104469097844","source_id":"REF-KANAWHA-SECONDARY-ROADS","source_originator":"U.S. Department of Commerce, U.S. Census Bureau, Geography Division","state_route":null,"state_route_a":null,"state_route_b":null,"state_route_c":null,"stco_fipscode":"54039","tnmfrc":2,"us_route":"60","us_route_a":"60","us_route_b":null,"us_route_c":null},"type":"Feature"},{"geometry":{"coordinates":[[-81.55598,38.302351],[-81.556125,38.304693],[-81.556168,38.305751],[-81.556229,38.307943],[-81.556248,38.308338],[-81.556275,38.308546],[-81.556342,38.308799],[-81.556418,38.30901],[-81.556509,38.309167]],"type":"LineString"},"id":"REF-KANAWHA-SECONDARY-ROADS-31","properties":{"canon_status":"REAL_REFERENCE","county_route":null,"federal_lands_route":null,"fictionality":"REAL","globalid":"{AA3B19A1-9850-41B5-91AD-B0D6CB0CB009}","interstate":null,"interstate_a":null,"interstate_b":null,"interstate_c":null,"loaddate":1568217705000,"mtfcc_code":"S1200","name":"Kanawha St","objectid":2153102,"permanent_identifier":"62f5b510-01ff-40b7-88f7-1c4285a15bc3","real_world_relation":"REFERENCE_ONLY","shape_Length":971.7872270890434,"source_datadesc":"2018 May MAF/TIGER","source_datasetid":"{9298FF95-0FA8-4712-9AA5-9292C907CA63}","source_featureid":"1101747016794","source_id":"REF-KANAWHA-SECONDARY-ROADS","source_originator":"U.S. Department of Commerce, U.S. Census Bureau, Geography Division","state_route":null,"state_route_a":null,"state_route_b":null,"state_route_c":null,"stco_fipscode":"54039","tnmfrc":2,"us_route":"60","us_route_a":"60","us_route_b":null,"us_route_c":null},"type":"Feature"},{"geometry":{"coordinates":[[-81.480475,38.203131],[-81.479874,38.203397],[-81.479741,38.20345],[-81.479518,38.203525],[-81.478707,38.203742],[-81.478489,38.203806],[-81.478247,38.203894],[-81.478098,38.203966],[-81.477905,38.204079],[-81.477278,38.20448],[-81.477048,38.204607],[-81.477015,38.204622]],"type":"LineString"},"id":"REF-KANAWHA-SECONDARY-ROADS-32","properties":{"canon_status":"REAL_REFERENCE","county_route":null,"federal_lands_route":null,"fictionality":"REAL","globalid":"{CFBFD05B-5E1D-4AA5-A6E5-B9F094CD988B}","interstate":null,"interstate_a":null,"interstate_b":null,"interstate_c":null,"loaddate":1474003130000,"mtfcc_code":"S1200","name":"E Dupont Ave","objectid":2321038,"permanent_identifier":"cbe642c2-576d-4d53-b385-6137aef303a3","real_world_relation":"REFERENCE_ONLY","shape_Length":443.1406430205672,"source_datadesc":"2016 January MAFTIGER","source_datasetid":"{9298FF95-0FA8-4712-9AA5-9292C907CA63}","source_featureid":"1104469613929","source_id":"REF-KANAWHA-SECONDARY-ROADS","source_originator":"U.S. Department of Commerce, U.S. Census Bureau, Geography Division","state_route":null,"state_route_a":null,"state_route_b":null,"state_route_c":null,"stco_fipscode":"54039","tnmfrc":2,"us_route":"60","us_route_a":"60","us_route_b":null,"us_route_c":null},"type":"Feature"},{"geometry":{"coordinates":[[-81.473691,38.205466],[-81.473319,38.205569],[-81.472544,38.205809],[-81.472103,38.20596],[-81.471957,38.206016],[-81.471771,38.206096]],"type":"LineString"},"id":"REF-KANAWHA-SECONDARY-ROADS-33","properties":{"canon_status":"REAL_REFERENCE","county_route":null,"federal_lands_route":null,"fictionality":"REAL","globalid":"{433DDB74-2938-47A7-A41C-DE8AB91DCA00}","interstate":null,"interstate_a":null,"interstate_b":null,"interstate_c":null,"loaddate":1474003130000,"mtfcc_code":"S1200","name":"E Dupont Ave","objectid":2448343,"permanent_identifier":"67f0b02e-6ab4-460d-8698-8b78f0ac2b87","real_world_relation":"REFERENCE_ONLY","shape_Length":231.87656937600556,"source_datadesc":"2016 January MAFTIGER","source_datasetid":"{9298FF95-0FA8-4712-9AA5-9292C907CA63}","source_featureid":"1104469613929","source_id":"REF-KANAWHA-SECONDARY-ROADS","source_originator":"U.S. Department of Commerce, U.S. Census Bureau, Geography Division","state_route":null,"state_route_a":null,"state_route_b":null,"state_route_c":null,"stco_fipscode":"54039","tnmfrc":2,"us_route":"60","us_route_a":"60","us_route_b":null,"us_route_c":null},"type":"Feature"},{"geometry":{"coordinates":[[-81.562029,38.317661],[-81.56193,38.317541],[-81.561756,38.317297],[-81.561717,38.317241],[-81.561682,38.317193],[-81.561567,38.317031],[-81.561398,38.316784]],"type":"LineString"},"id":"REF-KANAWHA-SECONDARY-ROADS-34","properties":{"canon_status":"REAL_REFERENCE","county_route":null,"federal_lands_route":null,"fictionality":"REAL","globalid":"{6D24E192-8133-4061-BAAC-F86C19C62F68}","interstate":null,"interstate_a":null,"interstate_b":null,"interstate_c":null,"loaddate":1474001297000,"mtfcc_code":"S1200","name":"US Hwy 60","objectid":2448407,"permanent_identifier":"c0e84898-f2de-4b49-8b28-7c3673bf1c16","real_world_relation":"REFERENCE_ONLY","shape_Length":142.93608678212428,"source_datadesc":"2016 January MAFTIGER","source_datasetid":"{9298FF95-0FA8-4712-9AA5-9292C907CA63}","source_featureid":"1101747011699","source_id":"REF-KANAWHA-SECONDARY-ROADS","source_originator":"U.S. Department of Commerce, U.S. Census Bureau, Geography Division","state_route":null,"state_route_a":null,"state_route_b":null,"state_route_c":null,"stco_fipscode":"54039","tnmfrc":2,"us_route":"60","us_route_a":"60","us_route_b":null,"us_route_c":null},"type":"Feature"},{"geometry":{"coordinates":[[-81.651638,38.354823],[-81.651737,38.354769],[-81.651858,38.354677]],"type":"LineString"},"id":"REF-KANAWHA-SECONDARY-ROADS-35","properties":{"canon_status":"REAL_REFERENCE","county_route":null,"federal_lands_route":null,"fictionality":"REAL","globalid":"{31708A77-E76E-47D2-96D6-FBA1A3DB5B99}","interstate":null,"interstate_a":null,"interstate_b":null,"interstate_c":null,"loaddate":1568217705000,"mtfcc_code":"S1200","name":"US Hwy 119","objectid":2534571,"permanent_identifier":"34b10204-96fa-4568-badb-b509b7b2f4b4","real_world_relation":"REFERENCE_ONLY","shape_Length":32.185985202303705,"source_datadesc":"2016 January MAFTIGER","source_datasetid":"{9298FF95-0FA8-4712-9AA5-9292C907CA63}","source_featureid":"1101747011819","source_id":"REF-KANAWHA-SECONDARY-ROADS","source_originator":"U.S. Department of Commerce, U.S. Census Bureau, Geography Division","state_route":null,"state_route_a":null,"state_route_b":null,"state_route_c":null,"stco_fipscode":"54039","tnmfrc":2,"us_route":"119","us_route_a":"119","us_route_b":null,"us_route_c":null},"type":"Feature"},{"geometry":{"coordinates":[[-81.667533,38.341533],[-81.66786,38.341686],[-81.668142,38.341818],[-81.669065,38.342271]],"type":"LineString"},"id":"REF-KANAWHA-SECONDARY-ROADS-36","properties":{"canon_status":"REAL_REFERENCE","county_route":null,"federal_lands_route":null,"fictionality":"REAL","globalid":"{8057147E-4428-4671-9A18-0E6213CC4403}","interstate":null,"interstate_a":null,"interstate_b":null,"interstate_c":null,"loaddate":1474001292000,"mtfcc_code":"S1200","name":"US Hwy 119","objectid":2575444,"permanent_identifier":"4cc816eb-9719-4504-805b-705ac6077a5e","real_world_relation":"REFERENCE_ONLY","shape_Length":200.15036098275831,"source_datadesc":"2016 January MAFTIGER","source_datasetid":"{9298FF95-0FA8-4712-9AA5-9292C907CA63}","source_featureid":"1101747011827","source_id":"REF-KANAWHA-SECONDARY-ROADS","source_originator":"U.S. Department of Commerce, U.S. Census Bureau, Geography Division","state_route":null,"state_route_a":null,"state_route_b":null,"state_route_c":null,"stco_fipscode":"54039","tnmfrc":2,"us_route":"119","us_route_a":"119","us_route_b":null,"us_route_c":null},"type":"Feature"},{"geometry":{"coordinates":[[-81.562163,38.317798],[-81.562138,38.317777],[-81.562029,38.317661]],"type":"LineString"},"id":"REF-KANAWHA-SECONDARY-ROADS-37","properties":{"canon_status":"REAL_REFERENCE","county_route":null,"federal_lands_route":null,"fictionality":"REAL","globalid":"{64AA84C3-7020-4B6A-B440-9BAEFBAF79F5}","interstate":null,"interstate_a":null,"interstate_b":null,"interstate_c":null,"loaddate":1474001292000,"mtfcc_code":"S1200","name":"US Hwy 60","objectid":2575472,"permanent_identifier":"ed19f0a0-0af9-4b0d-a54b-143da0ef2419","real_world_relation":"REFERENCE_ONLY","shape_Length":24.524914890288983,"source_datadesc":"2016 January MAFTIGER","source_datasetid":"{9298FF95-0FA8-4712-9AA5-9292C907CA63}","source_featureid":"1101747011699","source_id":"REF-KANAWHA-SECONDARY-ROADS","source_originator":"U.S. Department of Commerce, U.S. Census Bureau, Geography Division","state_route":null,"state_route_a":null,"state_route_b":null,"state_route_c":null,"stco_fipscode":"54039","tnmfrc":2,"us_route":"60","us_route_a":"60","us_route_b":null,"us_route_c":null},"type":"Feature"},{"geometry":{"coordinates":[[-81.647254,38.35279],[-81.647177,38.352884]],"type":"LineString"},"id":"REF-KANAWHA-SECONDARY-ROADS-38","properties":{"canon_status":"REAL_REFERENCE","county_route":null,"federal_lands_route":null,"fictionality":"REAL","globalid":"{D3CE3669-EB69-415E-9ADA-C598F169CFFB}","interstate":null,"interstate_a":null,"interstate_b":null,"interstate_c":null,"loaddate":1568217705000,"mtfcc_code":"S1200","name":"US Hwy 119","objectid":2661980,"permanent_identifier":"8dec8f4e-4f18-40e6-819b-b8eb2ac1012d","real_world_relation":"REFERENCE_ONLY","shape_Length":15.839231410964441,"source_datadesc":"2018 May MAF/TIGER","source_datasetid":"{9298FF95-0FA8-4712-9AA5-9292C907CA63}","source_featureid":"1101747011827","source_id":"REF-KANAWHA-SECONDARY-ROADS","source_originator":"U.S. Department of Commerce, U.S. Census Bureau, Geography Division","state_route":null,"state_route_a":null,"state_route_b":null,"state_route_c":null,"stco_fipscode":"54039","tnmfrc":2,"us_route":"119","us_route_a":"119","us_route_b":null,"us_route_c":null},"type":"Feature"},{"geometry":{"coordinates":[[-81.644319,38.357896],[-81.643806,38.35815],[-81.643377,38.358373]],"type":"LineString"},"id":"REF-KANAWHA-SECONDARY-ROADS-39","properties":{"canon_status":"REAL_REFERENCE","county_route":null,"federal_lands_route":null,"fictionality":"REAL","globalid":"{7DED1B46-2AAE-4B6C-BD6B-3D69A798A6B0}","interstate":null,"interstate_a":null,"interstate_b":null,"interstate_c":null,"loaddate":1474002410000,"mtfcc_code":"S1200","name":"Pennsylvania Ave","objectid":2703047,"permanent_identifier":"25d3d601-a0d6-448d-af80-525cba24e276","real_world_relation":"REFERENCE_ONLY","shape_Length":124.83438931814436,"source_datadesc":"2016 January MAFTIGER","source_datasetid":"{9298FF95-0FA8-4712-9AA5-9292C907CA63}","source_featureid":"1101747020371","source_id":"REF-KANAWHA-SECONDARY-ROADS","source_originator":"U.S. Department of Commerce, U.S. Census Bureau, Geography Division","state_route":null,"state_route_a":null,"state_route_b":null,"state_route_c":null,"stco_fipscode":"54039","tnmfrc":2,"us_route":"119","us_route_a":"119","us_route_b":null,"us_route_c":null},"type":"Feature"},{"geometry":{"coordinates":[[-81.631739,38.35983],[-81.631507,38.359824]],"type":"LineString"},"id":"REF-KANAWHA-SECONDARY-ROADS-40","properties":{"canon_status":"REAL_REFERENCE","county_route":null,"federal_lands_route":null,"fictionality":"REAL","globalid":"{B556D897-AFB6-4AFA-9ED5-D7B656BAB955}","interstate":null,"interstate_a":null,"interstate_b":null,"interstate_c":null,"loaddate":1474002471000,"mtfcc_code":"S1200","name":"Pennsylvania Ave","objectid":2830504,"permanent_identifier":"97bea582-1484-4f00-bbcf-fe29935f7a3c","real_world_relation":"REFERENCE_ONLY","shape_Length":25.8402432191227,"source_datadesc":"2016 January MAFTIGER","source_datasetid":"{9298FF95-0FA8-4712-9AA5-9292C907CA63}","source_featureid":"1101747020370","source_id":"REF-KANAWHA-SECONDARY-ROADS","source_originator":"U.S. Department of Commerce, U.S. Census Bureau, Geography Division","state_route":null,"state_route_a":null,"state_route_b":null,"state_route_c":null,"stco_fipscode":"54039","tnmfrc":2,"us_route":"119","us_route_a":"119","us_route_b":null,"us_route_c":null},"type":"Feature"},{"geometry":{"coordinates":[[-81.61105,38.335262],[-81.610509,38.335231]],"type":"LineString"},"id":"REF-KANAWHA-SECONDARY-ROADS-41","properties":{"canon_status":"REAL_REFERENCE","county_route":null,"federal_lands_route":null,"fictionality":"REAL","globalid":"{95917CE7-8913-40F9-90B7-4FC513B784D8}","interstate":null,"interstate_a":null,"interstate_b":null,"interstate_c":null,"loaddate":1568217705000,"mtfcc_code":"S1200","name":"Kanawha Blvd E","objectid":3044200,"permanent_identifier":"5529c525-0200-4183-aecd-977b34a95d9e","real_world_relation":"REFERENCE_ONLY","shape_Length":60.38427615534481,"source_datadesc":"2016 January MAFTIGER","source_datasetid":"{9298FF95-0FA8-4712-9AA5-9292C907CA63}","source_featureid":"1101747016798","source_id":"REF-KANAWHA-SECONDARY-ROADS","source_originator":"U.S. Department of Commerce, U.S. Census Bureau, Geography Division","state_route":null,"state_route_a":null,"state_route_b":null,"state_route_c":null,"stco_fipscode":"54039","tnmfrc":2,"us_route":"60","us_route_a":"60","us_route_b":null,"us_route_c":null},"type":"Feature"},{"geometry":{"coordinates":[[-81.598223,38.33418],[-81.59803,38.334171]],"type":"LineString"},"id":"REF-KANAWHA-SECONDARY-ROADS-42","properties":{"canon_status":"REAL_REFERENCE","county_route":null,"federal_lands_route":null,"fictionality":"REAL","globalid":"{45202AA6-B7E9-4C3C-832B-77D8890C286A}","interstate":null,"interstate_a":null,"interstate_b":null,"interstate_c":null,"loaddate":1474002524000,"mtfcc_code":"S1200","name":"Kanawha Blvd E","objectid":3084806,"permanent_identifier":"f06126bc-585e-47dd-9fcc-634c17aa2c7e","real_world_relation":"REFERENCE_ONLY","shape_Length":21.52263527955565,"source_datadesc":"2016 January MAFTIGER","source_datasetid":"{9298FF95-0FA8-4712-9AA5-9292C907CA63}","source_featureid":"1101747016796","source_id":"REF-KANAWHA-SECONDARY-ROADS","source_originator":"U.S. Department of Commerce, U.S. Census Bureau, Geography Division","state_route":null,"state_route_a":null,"state_route_b":null,"state_route_c":null,"stco_fipscode":"54039","tnmfrc":2,"us_route":"60","us_route_a":"60","us_route_b":null,"us_route_c":null},"type":"Feature"},{"geometry":{"coordinates":[[-81.643462,38.357528],[-81.643445,38.357536],[-81.643034,38.357729]],"type":"LineString"},"id":"REF-KANAWHA-SECONDARY-ROADS-43","properties":{"canon_status":"REAL_REFERENCE","county_route":null,"federal_lands_route":null,"fictionality":"REAL","globalid":"{AD1C137E-4B1F-4D0F-B9F0-421E5F8696D5}","interstate":null,"interstate_a":null,"interstate_b":null,"interstate_c":null,"loaddate":1568217705000,"mtfcc_code":"S1200","name":"Pennsylvania Ave","objectid":3171407,"permanent_identifier":"3d5ff719-24f2-42d2-9ba7-be1f6330c67c","real_world_relation":"REFERENCE_ONLY","shape_Length":55.53578864757545,"source_datadesc":"2016 January MAFTIGER","source_datasetid":"{9298FF95-0FA8-4712-9AA5-9292C907CA63}","source_featureid":"1101747020370","source_id":"REF-KANAWHA-SECONDARY-ROADS","source_originator":"U.S. Department of Commerce, U.S. Census Bureau, Geography Division","state_route":null,"state_route_a":null,"state_route_b":null,"state_route_c":null,"stco_fipscode":"54039","tnmfrc":2,"us_route":"119","us_route_a":"119","us_route_b":null,"us_route_c":null},"type":"Feature"},{"geometry":{"coordinates":[[-81.642937,38.363962],[-81.643084,38.364069],[-81.643287,38.364195],[-81.6435,38.36431],[-81.643732,38.364418]],"type":"LineString"},"id":"REF-KANAWHA-SECONDARY-ROADS-44","properties":{"canon_status":"REAL_REFERENCE","county_route":null,"federal_lands_route":null,"fictionality":"REAL","globalid":"{B784952A-5BA2-4EB2-804A-BF7E51AFCE9D}","interstate":null,"interstate_a":null,"interstate_b":null,"interstate_c":null,"loaddate":1474002150000,"mtfcc_code":"S1200","name":"Washington St W","objectid":3212189,"permanent_identifier":"65129b28-eae1-4e6a-a4f8-3a255f23aa2c","real_world_relation":"REFERENCE_ONLY","shape_Length":109.97324203509284,"source_datadesc":"2016 January MAFTIGER","source_datasetid":"{9298FF95-0FA8-4712-9AA5-9292C907CA63}","source_featureid":"1101747019661","source_id":"REF-KANAWHA-SECONDARY-ROADS","source_originator":"U.S. Department of Commerce, U.S. Census Bureau, Geography Division","state_route":null,"state_route_a":null,"state_route_b":null,"state_route_c":null,"stco_fipscode":"54039","tnmfrc":2,"us_route":"60","us_route_a":"60","us_route_b":null,"us_route_c":null},"type":"Feature"},{"geometry":{"coordinates":[[-81.640012,38.358485],[-81.640303,38.359024]],"type":"LineString"},"id":"REF-KANAWHA-SECONDARY-ROADS-45","properties":{"canon_status":"REAL_REFERENCE","county_route":null,"federal_lands_route":null,"fictionality":"REAL","globalid":"{4210E37A-2BF5-42AD-B70F-0A4CBD086A3F}","interstate":null,"interstate_a":null,"interstate_b":null,"interstate_c":null,"loaddate":1474002157000,"mtfcc_code":"S1200","name":"Washington St W","objectid":3212227,"permanent_identifier":"4b5978e7-96ec-40d9-a73a-25c18c789595","real_world_relation":"REFERENCE_ONLY","shape_Length":83.09303267042058,"source_datadesc":"2016 January MAFTIGER","source_datasetid":"{9298FF95-0FA8-4712-9AA5-9292C907CA63}","source_featureid":"1101747019661","source_id":"REF-KANAWHA-SECONDARY-ROADS","source_originator":"U.S. Department of Commerce, U.S. Census Bureau, Geography Division","state_route":null,"state_route_a":null,"state_route_b":null,"state_route_c":null,"stco_fipscode":"54039","tnmfrc":2,"us_route":"60","us_route_a":"60","us_route_b":null,"us_route_c":null},"type":"Feature"},{"geometry":{"coordinates":[[-81.612563,38.365018],[-81.612771,38.364749],[-81.61308,38.364365]],"type":"LineString"},"id":"REF-KANAWHA-SECONDARY-ROADS-46","properties":{"canon_status":"REAL_REFERENCE","county_route":null,"federal_lands_route":null,"fictionality":"REAL","globalid":"{109AB925-B191-42B9-A50D-70C51E33A820}","interstate":null,"interstate_a":null,"interstate_b":null,"interstate_c":null,"loaddate":1474002125000,"mtfcc_code":"S1200","name":"Pennsylvania Ave","objectid":3339489,"permanent_identifier":"b39b8a8a-5fe1-4ce4-9d1a-9d907039d799","real_world_relation":"REFERENCE_ONLY","shape_Length":109.12522989854904,"source_datadesc":"2016 January MAFTIGER","source_datasetid":"{9298FF95-0FA8-4712-9AA5-9292C907CA63}","source_featureid":"1101747020373","source_id":"REF-KANAWHA-SECONDARY-ROADS","source_originator":"U.S. Department of Commerce, U.S. Census Bureau, Geography Division","state_route":null,"state_route_a":null,"state_route_b":null,"state_route_c":null,"stco_fipscode":"54039","tnmfrc":2,"us_route":"119","us_route_a":"119","us_route_b":null,"us_route_c":null},"type":"Feature"},{"geometry":{"coordinates":[[-81.624889,38.360726],[-81.625246,38.360735]],"type":"LineString"},"id":"REF-KANAWHA-SECONDARY-ROADS-47","properties":{"canon_status":"REAL_REFERENCE","county_route":null,"federal_lands_route":null,"fictionality":"REAL","globalid":"{66E7F627-B3CB-4EFD-BCD7-F9954E1F9461}","interstate":null,"interstate_a":null,"interstate_b":null,"interstate_c":null,"loaddate":1474001912000,"mtfcc_code":"S1200","name":"Bigley Ave","objectid":3339551,"permanent_identifier":"c4f3123a-c464-4e7b-a69e-17d2070e0ac9","real_world_relation":"REFERENCE_ONLY","shape_Length":39.76163410268802,"source_datadesc":"2016 January MAFTIGER","source_datasetid":"{9298FF95-0FA8-4712-9AA5-9292C907CA63}","source_featureid":"1101747015031","source_id":"REF-KANAWHA-SECONDARY-ROADS","source_originator":"U.S. Department of Commerce, U.S. Census Bureau, Geography Division","state_route":null,"state_route_a":null,"state_route_b":null,"state_route_c":null,"stco_fipscode":"54039","tnmfrc":2,"us_route":"119","us_route_a":"119","us_route_b":null,"us_route_c":null},"type":"Feature"},{"geometry":{"coordinates":[[-81.471771,38.206096],[-81.471617,38.206172],[-81.471294,38.20636]],"type":"LineString"},"id":"REF-KANAWHA-SECONDARY-ROADS-48","properties":{"canon_status":"REAL_REFERENCE","county_route":null,"federal_lands_route":null,"fictionality":"REAL","globalid":"{4288C72F-8CF9-491E-A65C-42F65314AC5C}","interstate":null,"interstate_a":null,"interstate_b":null,"interstate_c":null,"loaddate":1474003130000,"mtfcc_code":"S1200","name":"E Dupont Ave","objectid":3339868,"permanent_identifier":"ed0d5089-6bd3-4736-806b-49df2c5f134c","real_world_relation":"REFERENCE_ONLY","shape_Length":64.9893573633302,"source_datadesc":"2016 January MAFTIGER","source_datasetid":"{9298FF95-0FA8-4712-9AA5-9292C907CA63}","source_featureid":"1104469613929","source_id":"REF-KANAWHA-SECONDARY-ROADS","source_originator":"U.S. Department of Commerce, U.S. Census Bureau, Geography Division","state_route":null,"state_route_a":null,"state_route_b":null,"state_route_c":null,"stco_fipscode":"54039","tnmfrc":2,"us_route":"60","us_route_a":"60","us_route_b":null,"us_route_c":null},"type":"Feature"},{"geometry":{"coordinates":[[-81.610311,38.367251],[-81.610642,38.366946],[-81.610801,38.366799]],"type":"LineString"},"id":"REF-KANAWHA-SECONDARY-ROADS-49","properties":{"canon_status":"REAL_REFERENCE","county_route":null,"federal_lands_route":null,"fictionality":"REAL","globalid":"{6F04C9CE-9648-44DD-901B-CC7E078F33CB}","interstate":null,"interstate_a":null,"interstate_b":null,"interstate_c":null,"loaddate":1474002125000,"mtfcc_code":"S1200","name":"Pennsylvania Ave","objectid":3594622,"permanent_identifier":"54277b5c-af80-45b7-ab2b-159c12415596","real_world_relation":"REFERENCE_ONLY","shape_Length":84.22449999544355,"source_datadesc":"2016 January MAFTIGER","source_datasetid":"{9298FF95-0FA8-4712-9AA5-9292C907CA63}","source_featureid":"1101747020373","source_id":"REF-KANAWHA-SECONDARY-ROADS","source_originator":"U.S. Department of Commerce, U.S. Census Bureau, Geography Division","state_route":null,"state_route_a":null,"state_route_b":null,"state_route_c":null,"stco_fipscode":"54039","tnmfrc":2,"us_route":"119","us_route_a":"119","us_route_b":null,"us_route_c":null},"type":"Feature"},{"geometry":{"coordinates":[[-81.558789,38.312528],[-81.558814,38.312573],[-81.558934,38.312795]],"type":"LineString"},"id":"REF-KANAWHA-SECONDARY-ROADS-50","properties":{"canon_status":"REAL_REFERENCE","county_route":null,"federal_lands_route":null,"fictionality":"REAL","globalid":"{A7F0E0D8-1B91-4507-87D4-B8AEF16FB491}","interstate":null,"interstate_a":null,"interstate_b":null,"interstate_c":null,"loaddate":1474002187000,"mtfcc_code":"S1200","name":"Kanawha Ave","objectid":3721318,"permanent_identifier":"8e3aee27-68a8-42f8-84fd-cca62c99ab0d","real_world_relation":"REFERENCE_ONLY","shape_Length":41.176142195502436,"source_datadesc":"2016 January MAFTIGER","source_datasetid":"{9298FF95-0FA8-4712-9AA5-9292C907CA63}","source_featureid":"1101747016795","source_id":"REF-KANAWHA-SECONDARY-ROADS","source_originator":"U.S. Department of Commerce, U.S. Census Bureau, Geography Division","state_route":null,"state_route_a":null,"state_route_b":null,"state_route_c":null,"stco_fipscode":"54039","tnmfrc":2,"us_route":"60","us_route_a":"60","us_route_b":null,"us_route_c":null},"type":"Feature"},{"geometry":{"coordinates":[[-81.556893,38.309827],[-81.557019,38.310044],[-81.557207,38.310328],[-81.557455,38.310655]],"type":"LineString"},"id":"REF-KANAWHA-SECONDARY-ROADS-51","properties":{"canon_status":"REAL_REFERENCE","county_route":null,"federal_lands_route":null,"fictionality":"REAL","globalid":"{A0310EB1-2E0D-4F17-8284-DBB6317655B3}","interstate":null,"interstate_a":null,"interstate_b":null,"interstate_c":null,"loaddate":1474002011000,"mtfcc_code":"S1200","name":"Kanawha St","objectid":3721326,"permanent_identifier":"1d6aeaa2-dc33-41cd-9f38-ca070008efe4","real_world_relation":"REFERENCE_ONLY","shape_Length":133.2161845816429,"source_datadesc":"2016 January MAFTIGER","source_datasetid":"{9298FF95-0FA8-4712-9AA5-9292C907CA63}","source_featureid":"1101747016794","source_id":"REF-KANAWHA-SECONDARY-ROADS","source_originator":"U.S. Department of Commerce, U.S. Census Bureau, Geography Division","state_route":null,"state_route_a":null,"state_route_b":null,"state_route_c":null,"stco_fipscode":"54039","tnmfrc":2,"us_route":"60","us_route_a":"60","us_route_b":null,"us_route_c":null},"type":"Feature"},{"geometry":{"coordinates":[[-81.559019,38.312969],[-81.559175,38.313255],[-81.559781,38.314362],[-81.560115,38.314923],[-81.560352,38.315282]],"type":"LineString"},"id":"REF-KANAWHA-SECONDARY-ROADS-52","properties":{"canon_status":"REAL_REFERENCE","county_route":null,"federal_lands_route":null,"fictionality":"REAL","globalid":"{735FB3C8-9A53-480F-AE98-60E6B0305F7E}","interstate":null,"interstate_a":null,"interstate_b":null,"interstate_c":null,"loaddate":1474003190000,"mtfcc_code":"S1200","name":"Kanawha Ave","objectid":3849117,"permanent_identifier":"e6950e5b-2c45-4df2-90de-4a7482942ba5","real_world_relation":"REFERENCE_ONLY","shape_Length":360.27807233098804,"source_datadesc":"2016 January MAFTIGER","source_datasetid":"{9298FF95-0FA8-4712-9AA5-9292C907CA63}","source_featureid":"1101747016795","source_id":"REF-KANAWHA-SECONDARY-ROADS","source_originator":"U.S. Department of Commerce, U.S. Census Bureau, Geography Division","state_route":null,"state_route_a":null,"state_route_b":null,"state_route_c":null,"stco_fipscode":"54039","tnmfrc":2,"us_route":"60","us_route_a":"60","us_route_b":null,"us_route_c":null},"type":"Feature"},{"geometry":{"coordinates":[[-81.650505,38.348714],[-81.650466,38.348761]],"type":"LineString"},"id":"REF-KANAWHA-SECONDARY-ROADS-53","properties":{"canon_status":"REAL_REFERENCE","county_route":null,"federal_lands_route":null,"fictionality":"REAL","globalid":"{1DDC96ED-1CFA-4968-8F35-3E292C887833}","interstate":null,"interstate_a":null,"interstate_b":null,"interstate_c":null,"loaddate":1568217705000,"mtfcc_code":"S1200","name":"US Hwy 119","objectid":3935151,"permanent_identifier":"bd7f4469-5c6b-4337-a9ef-e31a4816a481","real_world_relation":"REFERENCE_ONLY","shape_Length":8.009946926585346,"source_datadesc":"2018 May MAF/TIGER","source_datasetid":"{9298FF95-0FA8-4712-9AA5-9292C907CA63}","source_featureid":"1101747011817","source_id":"REF-KANAWHA-SECONDARY-ROADS","source_originator":"U.S. Department of Commerce, U.S. Census Bureau, Geography Division","state_route":null,"state_route_a":null,"state_route_b":null,"state_route_c":null,"stco_fipscode":"54039","tnmfrc":2,"us_route":"119","us_route_a":"119","us_route_b":null,"us_route_c":null},"type":"Feature"},{"geometry":{"coordinates":[[-81.632181,38.351363],[-81.631995,38.351155],[-81.63143,38.350492]],"type":"LineString"},"id":"REF-KANAWHA-SECONDARY-ROADS-54","properties":{"canon_status":"REAL_REFERENCE","county_route":null,"federal_lands_route":null,"fictionality":"REAL","globalid":"{2669D424-84A6-4B10-94D4-026BD8B52BFE}","interstate":null,"interstate_a":null,"interstate_b":null,"interstate_c":null,"loaddate":1474002342000,"mtfcc_code":"S1200","name":"Washington St E","objectid":3975994,"permanent_identifier":"5d185cc9-3ec2-44be-90c4-f6f4125b63ae","real_world_relation":"REFERENCE_ONLY","shape_Length":149.25581729170415,"source_datadesc":"2016 January MAFTIGER","source_datasetid":"{9298FF95-0FA8-4712-9AA5-9292C907CA63}","source_featureid":"1101747019658","source_id":"REF-KANAWHA-SECONDARY-ROADS","source_originator":"U.S. Department of Commerce, U.S. Census Bureau, Geography Division","state_route":null,"state_route_a":null,"state_route_b":null,"state_route_c":null,"stco_fipscode":"54039","tnmfrc":2,"us_route":"60","us_route_a":"60","us_route_b":null,"us_route_c":null},"type":"Feature"},{"geometry":{"coordinates":[[-81.640424,38.359286],[-81.640475,38.359414]],"type":"LineString"},"id":"REF-KANAWHA-SECONDARY-ROADS-55","properties":{"canon_status":"REAL_REFERENCE","county_route":null,"federal_lands_route":null,"fictionality":"REAL","globalid":"{8F377445-99BA-44EF-9FF4-66CDB7B8B0CA}","interstate":null,"interstate_a":null,"interstate_b":null,"interstate_c":null,"loaddate":1474002157000,"mtfcc_code":"S1200","name":"Washington St W","objectid":3976028,"permanent_identifier":"d9c28f39-7517-4ef7-bdb3-1806060327c6","real_world_relation":"REFERENCE_ONLY","shape_Length":19.0377295842193,"source_datadesc":"2016 January MAFTIGER","source_datasetid":"{9298FF95-0FA8-4712-9AA5-9292C907CA63}","source_featureid":"1101747019661","source_id":"REF-KANAWHA-SECONDARY-ROADS","source_originator":"U.S. Department of Commerce, U.S. Census Bureau, Geography Division","state_route":null,"state_route_a":null,"state_route_b":null,"state_route_c":null,"stco_fipscode":"54039","tnmfrc":2,"us_route":"60","us_route_a":"60","us_route_b":null,"us_route_c":null},"type":"Feature"},{"geometry":{"coordinates":[[-81.635319,38.353267],[-81.634604,38.352432]],"type":"LineString"},"id":"REF-KANAWHA-SECONDARY-ROADS-56","properties":{"canon_status":"REAL_REFERENCE","county_route":null,"federal_lands_route":null,"fictionality":"REAL","globalid":"{CD466B8D-CE54-4F6F-B289-3BE4A6FA942B}","interstate":null,"interstate_a":null,"interstate_b":null,"interstate_c":null,"loaddate":1474002626000,"mtfcc_code":"S1200","name":"Lee St E","objectid":3976106,"permanent_identifier":"8d570bd5-6f72-4107-8ca3-7527eff0f101","real_world_relation":"REFERENCE_ONLY","shape_Length":142.77424887721156,"source_datadesc":"2016 January MAFTIGER","source_datasetid":"{9298FF95-0FA8-4712-9AA5-9292C907CA63}","source_featureid":"1101747012316","source_id":"REF-KANAWHA-SECONDARY-ROADS","source_originator":"U.S. Department of Commerce, U.S. Census Bureau, Geography Division","state_route":null,"state_route_a":null,"state_route_b":null,"state_route_c":null,"stco_fipscode":"54039","tnmfrc":2,"us_route":"60","us_route_a":"60","us_route_b":null,"us_route_c":null},"type":"Feature"},{"geometry":{"coordinates":[[-81.564274,38.254482],[-81.564141,38.254198],[-81.56387,38.253662],[-81.563661,38.253284],[-81.563392,38.252831],[-81.563113,38.25239],[-81.562738,38.251855],[-81.562384,38.251391],[-81.561988,38.250921],[-81.561659,38.250556],[-81.56138,38.250262],[-81.560943,38.249838],[-81.56069,38.249605],[-81.55966,38.248704],[-81.559293,38.248405],[-81.559041,38.248214],[-81.558878,38.248097],[-81.558683,38.247958],[-81.55726,38.246992],[-81.556617,38.24656],[-81.553803,38.244729],[-81.553589,38.2446],[-81.552962,38.244234],[-81.551653,38.243523],[-81.551244,38.24331],[-81.550886,38.2431],[-81.550568,38.242896]],"type":"LineString"},"id":"REF-KANAWHA-SECONDARY-ROADS-57","properties":{"canon_status":"REAL_REFERENCE","county_route":null,"federal_lands_route":null,"fictionality":"REAL","globalid":"{D73FC101-01D5-4BEE-B6CC-419C035D8044}","interstate":null,"interstate_a":null,"interstate_b":null,"interstate_c":null,"loaddate":1474001292000,"mtfcc_code":"S1200","name":"US Hwy 60","objectid":3976389,"permanent_identifier":"26e2d9b9-d13d-409b-8881-9d62ae7e8734","real_world_relation":"REFERENCE_ONLY","shape_Length":2280.958548086558,"source_datadesc":"2016 January MAFTIGER","source_datasetid":"{9298FF95-0FA8-4712-9AA5-9292C907CA63}","source_featureid":"1101747011699","source_id":"REF-KANAWHA-SECONDARY-ROADS","source_originator":"U.S. Department of Commerce, U.S. Census Bureau, Geography Division","state_route":null,"state_route_a":null,"state_route_b":null,"state_route_c":null,"stco_fipscode":"54039","tnmfrc":2,"us_route":"60","us_route_a":"60","us_route_b":null,"us_route_c":null},"type":"Feature"},{"geometry":{"coordinates":[[-81.647361,38.352831],[-81.647302,38.352932]],"type":"LineString"},"id":"REF-KANAWHA-SECONDARY-ROADS-58","properties":{"canon_status":"REAL_REFERENCE","county_route":null,"federal_lands_route":null,"fictionality":"REAL","globalid":"{09E398EC-6604-4005-A89B-BA5CD9B7122F}","interstate":null,"interstate_a":null,"interstate_b":null,"interstate_c":null,"loaddate":1568217705000,"mtfcc_code":"S1200","name":"US Hwy 119","objectid":4062726,"permanent_identifier":"56ee8e0b-2fea-456b-aef2-69d3796fc5df","real_world_relation":"REFERENCE_ONLY","shape_Length":15.73448700401737,"source_datadesc":"2018 May MAF/TIGER","source_datasetid":"{9298FF95-0FA8-4712-9AA5-9292C907CA63}","source_featureid":"1101747011837","source_id":"REF-KANAWHA-SECONDARY-ROADS","source_originator":"U.S. Department of Commerce, U.S. Census Bureau, Geography Division","state_route":null,"state_route_a":null,"state_route_b":null,"state_route_c":null,"stco_fipscode":"54039","tnmfrc":2,"us_route":"119","us_route_a":"119","us_route_b":null,"us_route_c":null},"type":"Feature"},{"geometry":{"coordinates":[[-81.65087,38.3489],[-81.650859,38.348889],[-81.650816,38.348825],[-81.650776,38.34874],[-81.650754,38.348652],[-81.650789,38.348498],[-81.650838,38.348374],[-81.650931,38.348207]],"type":"LineString"},"id":"REF-KANAWHA-SECONDARY-ROADS-59","properties":{"canon_status":"REAL_REFERENCE","county_route":null,"federal_lands_route":null,"fictionality":"REAL","globalid":"{1B7DAE92-343E-49C2-9E42-FEEFD13A632C}","interstate":null,"interstate_a":null,"interstate_b":null,"interstate_c":null,"loaddate":1568217705000,"mtfcc_code":"S1200","name":"US Hwy 119","objectid":4062732,"permanent_identifier":"142f48d4-4e1d-49d7-85b1-09782ca5e70c","real_world_relation":"REFERENCE_ONLY","shape_Length":104.22754029110854,"source_datadesc":"2018 May MAF/TIGER","source_datasetid":"{9298FF95-0FA8-4712-9AA5-9292C907CA63}","source_featureid":"1101747011819","source_id":"REF-KANAWHA-SECONDARY-ROADS","source_originator":"U.S. Department of Commerce, U.S. Census Bureau, Geography Division","state_route":null,"state_route_a":null,"state_route_b":null,"state_route_c":null,"stco_fipscode":"54039","tnmfrc":2,"us_route":"119","us_route_a":"119","us_route_b":null,"us_route_c":null},"type":"Feature"},{"geometry":{"coordinates":[[-81.622969,38.343735],[-81.62249,38.343415],[-81.622445,38.343384],[-81.622247,38.343252]],"type":"LineString"},"id":"REF-KANAWHA-SECONDARY-ROADS-60","properties":{"canon_status":"REAL_REFERENCE","county_route":null,"federal_lands_route":null,"fictionality":"REAL","globalid":"{61B64AED-65F5-4BB3-9B47-B599C0B7761A}","interstate":null,"interstate_a":null,"interstate_b":null,"interstate_c":null,"loaddate":1474003098000,"mtfcc_code":"S1200","name":"Washington St E","objectid":4231072,"permanent_identifier":"4f91b0a0-0090-4a4f-b23d-2495542dcf67","real_world_relation":"REFERENCE_ONLY","shape_Length":105.63892438028628,"source_datadesc":"2016 January MAFTIGER","source_datasetid":"{9298FF95-0FA8-4712-9AA5-9292C907CA63}","source_featureid":"1101747019658","source_id":"REF-KANAWHA-SECONDARY-ROADS","source_originator":"U.S. Department of Commerce, U.S. Census Bureau, Geography Division","state_route":null,"state_route_a":null,"state_route_b":null,"state_route_c":null,"stco_fipscode":"54039","tnmfrc":2,"us_route":"60","us_route_a":"60","us_route_b":null,"us_route_c":null},"type":"Feature"},{"geometry":{"coordinates":[[-81.665645,38.370591],[-81.665408,38.370854]],"type":"LineString"},"id":"REF-KANAWHA-SECONDARY-ROADS-61","properties":{"canon_status":"REAL_REFERENCE","county_route":null,"federal_lands_route":null,"fictionality":"REAL","globalid":"{5F768A89-FD0F-4565-9C47-0B84BB65702B}","interstate":null,"interstate_a":null,"interstate_b":null,"interstate_c":null,"loaddate":1474002450000,"mtfcc_code":"S1200","name":"Patrick St","objectid":4358118,"permanent_identifier":"733533cc-e965-4f1a-9b02-fc5c67349e1e","real_world_relation":"REFERENCE_ONLY","shape_Length":45.722167858783855,"source_datadesc":"2016 January MAFTIGER","source_datasetid":"{9298FF95-0FA8-4712-9AA5-9292C907CA63}","source_featureid":"1101747017055","source_id":"REF-KANAWHA-SECONDARY-ROADS","source_originator":"U.S. Department of Commerce, U.S. Census Bureau, Geography Division","state_route":null,"state_route_a":null,"state_route_b":null,"state_route_c":null,"stco_fipscode":"54039","tnmfrc":2,"us_route":"60","us_route_a":"60","us_route_b":null,"us_route_c":null},"type":"Feature"},{"geometry":{"coordinates":[[-81.453858,38.21725],[-81.453722,38.217338],[-81.453493,38.217495],[-81.453345,38.21759],[-81.452969,38.217806],[-81.452556,38.218027],[-81.452035,38.218317],[-81.451604,38.218582],[-81.450693,38.219163],[-81.450045,38.219576],[-81.44986,38.21969],[-81.449702,38.219779],[-81.449502,38.219894],[-81.449021,38.220154],[-81.448625,38.220353],[-81.448237,38.220534]],"type":"LineString"},"id":"REF-KANAWHA-SECONDARY-ROADS-62","properties":{"canon_status":"REAL_REFERENCE","county_route":null,"federal_lands_route":null,"fictionality":"REAL","globalid":"{C16658E0-8A09-4254-AEA5-BB717D227FAD}","interstate":null,"interstate_a":null,"interstate_b":null,"interstate_c":null,"loaddate":1474003130000,"mtfcc_code":"S1200","name":"E Dupont Ave","objectid":4358176,"permanent_identifier":"dc986719-49ca-4a04-b411-6f932c178b76","real_world_relation":"REFERENCE_ONLY","shape_Length":780.6665965468998,"source_datadesc":"2016 January MAFTIGER","source_datasetid":"{9298FF95-0FA8-4712-9AA5-9292C907CA63}","source_featureid":"1104469613929","source_id":"REF-KANAWHA-SECONDARY-ROADS","source_originator":"U.S. Department of Commerce, U.S. Census Bureau, Geography Division","state_route":null,"state_route_a":null,"state_route_b":null,"state_route_c":null,"stco_fipscode":"54039","tnmfrc":2,"us_route":"60","us_route_a":"60","us_route_b":null,"us_route_c":null},"type":"Feature"},{"geometry":{"coordinates":[[-81.466968,38.209466],[-81.466196,38.21009],[-81.464995,38.211075]],"type":"LineString"},"id":"REF-KANAWHA-SECONDARY-ROADS-63","properties":{"canon_status":"REAL_REFERENCE","county_route":null,"federal_lands_route":null,"fictionality":"REAL","globalid":"{8B7BF6CB-78E3-4267-B5AA-B664649EE82A}","interstate":null,"interstate_a":null,"interstate_b":null,"interstate_c":null,"loaddate":1474003130000,"mtfcc_code":"S1200","name":"E Dupont Ave","objectid":4485807,"permanent_identifier":"096da210-e1f6-436b-9230-ab46880ee8e0","real_world_relation":"REFERENCE_ONLY","shape_Length":316.5479728503403,"source_datadesc":"2016 January MAFTIGER","source_datasetid":"{9298FF95-0FA8-4712-9AA5-9292C907CA63}","source_featureid":"1104469613929","source_id":"REF-KANAWHA-SECONDARY-ROADS","source_originator":"U.S. Department of Commerce, U.S. Census Bureau, Geography Division","state_route":null,"state_route_a":null,"state_route_b":null,"state_route_c":null,"stco_fipscode":"54039","tnmfrc":2,"us_route":"60","us_route_a":"60","us_route_b":null,"us_route_c":null},"type":"Feature"},{"geometry":{"coordinates":[[-81.677278,38.364967],[-81.674206,38.364121],[-81.673294,38.36387],[-81.672667,38.363694],[-81.671855,38.363466]],"type":"LineString"},"id":"REF-KANAWHA-SECONDARY-ROADS-64","properties":{"canon_status":"REAL_REFERENCE","county_route":null,"federal_lands_route":null,"fictionality":"REAL","globalid":"{48375432-E6DD-437B-9CCF-9DA33DDD1793}","interstate":null,"interstate_a":null,"interstate_b":null,"interstate_c":null,"loaddate":1474003169000,"mtfcc_code":"S1200","name":"Maccorkle Ave SW","objectid":4613155,"permanent_identifier":"e1e0c636-a2df-4ed3-9520-ca547c5f03d0","real_world_relation":"REFERENCE_ONLY","shape_Length":640.1973762934135,"source_datadesc":"2016 January MAFTIGER","source_datasetid":"{9298FF95-0FA8-4712-9AA5-9292C907CA63}","source_featureid":"1101747018891","source_id":"REF-KANAWHA-SECONDARY-ROADS","source_originator":"U.S. Department of Commerce, U.S. Census Bureau, Geography Division","state_route":null,"state_route_a":null,"state_route_b":null,"state_route_c":null,"stco_fipscode":"54039","tnmfrc":2,"us_route":"60","us_route_a":"60","us_route_b":null,"us_route_c":null},"type":"Feature"},{"geometry":{"coordinates":[[-81.62115,38.361588],[-81.621207,38.361575],[-81.621378,38.361549],[-81.622021,38.361472]],"type":"LineString"},"id":"REF-KANAWHA-SECONDARY-ROADS-65","properties":{"canon_status":"REAL_REFERENCE","county_route":null,"federal_lands_route":null,"fictionality":"REAL","globalid":"{649D9928-4281-4E07-824A-AECAE8DEB42D}","interstate":null,"interstate_a":null,"interstate_b":null,"interstate_c":null,"loaddate":1474001912000,"mtfcc_code":"S1200","name":"Bigley Ave","objectid":4613213,"permanent_identifier":"45aa1b4c-99b0-4c03-a945-9e8f930e57f4","real_world_relation":"REFERENCE_ONLY","shape_Length":98.40679428616104,"source_datadesc":"2016 January MAFTIGER","source_datasetid":"{9298FF95-0FA8-4712-9AA5-9292C907CA63}","source_featureid":"1101747015031","source_id":"REF-KANAWHA-SECONDARY-ROADS","source_originator":"U.S. Department of Commerce, U.S. Census Bureau, Geography Division","state_route":null,"state_route_a":null,"state_route_b":null,"state_route_c":null,"stco_fipscode":"54039","tnmfrc":2,"us_route":"119","us_route_a":"119","us_route_b":null,"us_route_c":null},"type":"Feature"},{"geometry":{"coordinates":[[-81.653449,38.346379],[-81.653097,38.346528],[-81.652754,38.346689],[-81.652356,38.346899],[-81.652121,38.347066],[-81.651839,38.347283],[-81.651569,38.347511],[-81.651509,38.347565]],"type":"LineString"},"id":"REF-KANAWHA-SECONDARY-ROADS-66","properties":{"canon_status":"REAL_REFERENCE","county_route":null,"federal_lands_route":null,"fictionality":"REAL","globalid":"{B804130E-2F53-47E4-B653-FACDDEA1E4D9}","interstate":null,"interstate_a":null,"interstate_b":null,"interstate_c":null,"loaddate":1568217705000,"mtfcc_code":"S1200","name":"US Hwy 119","objectid":4700247,"permanent_identifier":"12828fe1-2a13-4873-9cf0-01f4cfba6a3b","real_world_relation":"REFERENCE_ONLY","shape_Length":276.0400472259662,"source_datadesc":"2016 January MAFTIGER","source_datasetid":"{9298FF95-0FA8-4712-9AA5-9292C907CA63}","source_featureid":"1101747011818","source_id":"REF-KANAWHA-SECONDARY-ROADS","source_originator":"U.S. Department of Commerce, U.S. Census Bureau, Geography Division","state_route":null,"state_route_a":null,"state_route_b":null,"state_route_c":null,"stco_fipscode":"54039","tnmfrc":2,"us_route":"119","us_route_a":"119","us_route_b":null,"us_route_c":null},"type":"Feature"},{"geometry":{"coordinates":[[-81.641205,38.358628],[-81.641251,38.358721]],"type":"LineString"},"id":"REF-KANAWHA-SECONDARY-ROADS-67","properties":{"canon_status":"REAL_REFERENCE","county_route":null,"federal_lands_route":null,"fictionality":"REAL","globalid":"{C6B1E3EB-CADF-4271-A7A5-EF16860CCC9D}","interstate":null,"interstate_a":null,"interstate_b":null,"interstate_c":null,"loaddate":1474002007000,"mtfcc_code":"S1200","name":"Lee St W","objectid":4741142,"permanent_identifier":"7c00e403-8f16-4803-b948-663026b04001","real_world_relation":"REFERENCE_ONLY","shape_Length":14.160869157962768,"source_datadesc":"2016 January MAFTIGER","source_datasetid":"{9298FF95-0FA8-4712-9AA5-9292C907CA63}","source_featureid":"1101747012322","source_id":"REF-KANAWHA-SECONDARY-ROADS","source_originator":"U.S. Department of Commerce, U.S. Census Bureau, Geography Division","state_route":null,"state_route_a":null,"state_route_b":null,"state_route_c":null,"stco_fipscode":"54039","tnmfrc":2,"us_route":"60","us_route_a":"60","us_route_b":null,"us_route_c":null},"type":"Feature"},{"geometry":{"coordinates":[[-81.556547,38.298632],[-81.556234,38.299557],[-81.556143,38.299871],[-81.556061,38.300225],[-81.555998,38.300593]],"type":"LineString"},"id":"REF-KANAWHA-SECONDARY-ROADS-68","properties":{"canon_status":"REAL_REFERENCE","county_route":null,"federal_lands_route":null,"fictionality":"REAL","globalid":"{9192086A-2988-467A-A6FE-0938C037A444}","interstate":null,"interstate_a":null,"interstate_b":null,"interstate_c":null,"loaddate":1474002011000,"mtfcc_code":"S1200","name":"Kanawha St","objectid":4869148,"permanent_identifier":"710934a1-e994-4aee-96b8-eaa9db7415e8","real_world_relation":"REFERENCE_ONLY","shape_Length":285.14082804649945,"source_datadesc":"2016 January MAFTIGER","source_datasetid":"{9298FF95-0FA8-4712-9AA5-9292C907CA63}","source_featureid":"1101747016794","source_id":"REF-KANAWHA-SECONDARY-ROADS","source_originator":"U.S. Department of Commerce, U.S. Census Bureau, Geography Division","state_route":null,"state_route_a":null,"state_route_b":null,"state_route_c":null,"stco_fipscode":"54039","tnmfrc":2,"us_route":"60","us_route_a":"60","us_route_b":null,"us_route_c":null},"type":"Feature"},{"geometry":{"coordinates":[[-81.491747,38.199709],[-81.490682,38.199837],[-81.490164,38.199925],[-81.489701,38.200013],[-81.489388,38.20008],[-81.488799,38.20023],[-81.488221,38.200411],[-81.488087,38.20046],[-81.487998,38.200514]],"type":"LineString"},"id":"REF-KANAWHA-SECONDARY-ROADS-69","properties":{"canon_status":"REAL_REFERENCE","county_route":null,"federal_lands_route":null,"fictionality":"REAL","globalid":"{6631EC09-9B49-42FD-827C-66EB20915EF9}","interstate":null,"interstate_a":"","interstate_b":"","interstate_c":"","loaddate":1673511277000,"mtfcc_code":"S1200","name":"Sheldon Ln","objectid":4869529,"permanent_identifier":"a1cff7f1-d09f-4acf-a1f9-5e710f541378","real_world_relation":"REFERENCE_ONLY","shape_Length":435.2253118182713,"source_datadesc":"2022 September MAF/TIGER","source_datasetid":"{9298FF95-0FA8-4712-9AA5-9292C907CA63}","source_featureid":"1104469098402","source_id":"REF-KANAWHA-SECONDARY-ROADS","source_originator":"U.S. Department of Commerce, U.S. Census Bureau, Geography Division","state_route":null,"state_route_a":"","state_route_b":"","state_route_c":"","stco_fipscode":"54039","tnmfrc":2,"us_route":"60","us_route_a":"60","us_route_b":"","us_route_c":""},"type":"Feature"},{"geometry":{"coordinates":[[-81.618904,38.362365],[-81.619153,38.362275]],"type":"LineString"},"id":"REF-KANAWHA-SECONDARY-ROADS-70","properties":{"canon_status":"REAL_REFERENCE","county_route":null,"federal_lands_route":null,"fictionality":"REAL","globalid":"{F8C120A8-6B80-4F0A-BB13-C4F3161EB1B0}","interstate":null,"interstate_a":null,"interstate_b":null,"interstate_c":null,"loaddate":1474001912000,"mtfcc_code":"S1200","name":"Bigley Ave","objectid":5125037,"permanent_identifier":"e7f204e0-ca59-4ead-88d6-39eab7ff45bd","real_world_relation":"REFERENCE_ONLY","shape_Length":30.521749508015528,"source_datadesc":"2016 January MAFTIGER","source_datasetid":"{9298FF95-0FA8-4712-9AA5-9292C907CA63}","source_featureid":"1101747015031","source_id":"REF-KANAWHA-SECONDARY-ROADS","source_originator":"U.S. Department of Commerce, U.S. Census Bureau, Geography Division","state_route":null,"state_route_a":null,"state_route_b":null,"state_route_c":null,"stco_fipscode":"54039","tnmfrc":2,"us_route":"119","us_route_a":"119","us_route_b":null,"us_route_c":null},"type":"Feature"},{"geometry":{"coordinates":[[-81.635544,38.360605],[-81.635131,38.360599],[-81.634719,38.360577]],"type":"LineString"},"id":"REF-KANAWHA-SECONDARY-ROADS-71","properties":{"canon_status":"REAL_REFERENCE","county_route":null,"federal_lands_route":null,"fictionality":"REAL","globalid":"{AD2536E8-43D1-4BBA-820B-F16B1076B15A}","interstate":null,"interstate_a":null,"interstate_b":null,"interstate_c":null,"loaddate":1474001917000,"mtfcc_code":"S1200","name":"Bigley Ave","objectid":5125073,"permanent_identifier":"b45abc48-7d97-4d6f-a621-3430a04b8281","real_world_relation":"REFERENCE_ONLY","shape_Length":91.95281490848316,"source_datadesc":"2016 January MAFTIGER","source_datasetid":"{9298FF95-0FA8-4712-9AA5-9292C907CA63}","source_featureid":"1101747015032","source_id":"REF-KANAWHA-SECONDARY-ROADS","source_originator":"U.S. Department of Commerce, U.S. Census Bureau, Geography Division","state_route":null,"state_route_a":null,"state_route_b":null,"state_route_c":null,"stco_fipscode":"54039","tnmfrc":2,"us_route":"119","us_route_a":"119","us_route_b":null,"us_route_c":null},"type":"Feature"},{"geometry":{"coordinates":[[-81.606456,38.334857],[-81.605474,38.334808],[-81.604356,38.334745],[-81.604119,38.334727]],"type":"LineString"},"id":"REF-KANAWHA-SECONDARY-ROADS-72","properties":{"canon_status":"REAL_REFERENCE","county_route":null,"federal_lands_route":null,"fictionality":"REAL","globalid":"{F0561F88-C80B-4A5F-8EBC-E075E0BE95FD}","interstate":null,"interstate_a":null,"interstate_b":null,"interstate_c":null,"loaddate":1568217705000,"mtfcc_code":"S1200","name":"Kanawha Blvd E","objectid":5212093,"permanent_identifier":"5ffa7282-c6b2-4150-b40b-8046fba09033","real_world_relation":"REFERENCE_ONLY","shape_Length":260.8269115908713,"source_datadesc":"2018 May MAF/TIGER","source_datasetid":"{9298FF95-0FA8-4712-9AA5-9292C907CA63}","source_featureid":"1101747016797","source_id":"REF-KANAWHA-SECONDARY-ROADS","source_originator":"U.S. Department of Commerce, U.S. Census Bureau, Geography Division","state_route":null,"state_route_a":null,"state_route_b":null,"state_route_c":null,"stco_fipscode":"54039","tnmfrc":2,"us_route":"60","us_route_a":"60","us_route_b":null,"us_route_c":null},"type":"Feature"},{"geometry":{"coordinates":[[-81.615644,38.337387],[-81.614912,38.3382]],"type":"LineString"},"id":"REF-KANAWHA-SECONDARY-ROADS-73","properties":{"canon_status":"REAL_REFERENCE","county_route":null,"federal_lands_route":null,"fictionality":"REAL","globalid":"{F35632D5-E8ED-4C4C-85D6-9035E4F8E350}","interstate":null,"interstate_a":null,"interstate_b":null,"interstate_c":null,"loaddate":1474002563000,"mtfcc_code":"S1200","name":"Greenbrier St","objectid":5380212,"permanent_identifier":"a9a02308-c6b5-448a-9301-dc066af41fe4","real_world_relation":"REFERENCE_ONLY","shape_Length":141.25586163040745,"source_datadesc":"2016 January MAFTIGER","source_datasetid":"{9298FF95-0FA8-4712-9AA5-9292C907CA63}","source_featureid":"1101747019401","source_id":"REF-KANAWHA-SECONDARY-ROADS","source_originator":"U.S. Department of Commerce, U.S. Census Bureau, Geography Division","state_route":"114","state_route_a":"114","state_route_b":null,"state_route_c":null,"stco_fipscode":"54039","tnmfrc":2,"us_route":"60","us_route_a":"60","us_route_b":null,"us_route_c":null},"type":"Feature"},{"geometry":{"coordinates":[[-81.652089,38.354366],[-81.652112,38.354304],[-81.652126,38.354231],[-81.652128,38.354139],[-81.652112,38.354048],[-81.652079,38.35396],[-81.652004,38.353841],[-81.651932,38.353755],[-81.651846,38.353679],[-81.651749,38.353612],[-81.651641,38.353555],[-81.651524,38.353511],[-81.651102,38.353394],[-81.6506,38.353269],[-81.650093,38.35316],[-81.649879,38.353104],[-81.649671,38.353034],[-81.64947,38.352953],[-81.649241,38.35284]],"type":"LineString"},"id":"REF-KANAWHA-SECONDARY-ROADS-74","properties":{"canon_status":"REAL_REFERENCE","county_route":null,"federal_lands_route":null,"fictionality":"REAL","globalid":"{EF81171D-0630-4559-A8C3-A248B868B43A}","interstate":null,"interstate_a":null,"interstate_b":null,"interstate_c":null,"loaddate":1568217705000,"mtfcc_code":"S1200","name":"US Hwy 119","objectid":5466980,"permanent_identifier":"6e24acf0-e7f2-4624-b260-38504443a453","real_world_relation":"REFERENCE_ONLY","shape_Length":422.5303862368455,"source_datadesc":"2016 January MAFTIGER","source_datasetid":"{9298FF95-0FA8-4712-9AA5-9292C907CA63}","source_featureid":"1101747011819","source_id":"REF-KANAWHA-SECONDARY-ROADS","source_originator":"U.S. Department of Commerce, U.S. Census Bureau, Geography Division","state_route":null,"state_route_a":null,"state_route_b":null,"state_route_c":null,"stco_fipscode":"54039","tnmfrc":2,"us_route":"119","us_route_a":"119","us_route_b":null,"us_route_c":null},"type":"Feature"},{"geometry":{"coordinates":[[-81.664999,38.371334],[-81.664716,38.37168]],"type":"LineString"},"id":"REF-KANAWHA-SECONDARY-ROADS-75","properties":{"canon_status":"REAL_REFERENCE","county_route":null,"federal_lands_route":null,"fictionality":"REAL","globalid":"{F293C35F-B9A0-4872-A201-3A39B25901BE}","interstate":null,"interstate_a":null,"interstate_b":null,"interstate_c":null,"loaddate":1474001464000,"mtfcc_code":"S1200","name":"Patrick St","objectid":5507848,"permanent_identifier":"063424e0-27b3-4fc6-bdd1-6ee2a85a3f80","real_world_relation":"REFERENCE_ONLY","shape_Length":58.36124074409141,"source_datadesc":"2016 January MAFTIGER","source_datasetid":"{9298FF95-0FA8-4712-9AA5-9292C907CA63}","source_featureid":"1101747017055","source_id":"REF-KANAWHA-SECONDARY-ROADS","source_originator":"U.S. Department of Commerce, U.S. Census Bureau, Geography Division","state_route":null,"state_route_a":null,"state_route_b":null,"state_route_c":null,"stco_fipscode":"54039","tnmfrc":2,"us_route":"60","us_route_a":"60","us_route_b":null,"us_route_c":null},"type":"Feature"},{"geometry":{"coordinates":[[-81.624801,38.345016],[-81.62436,38.344675]],"type":"LineString"},"id":"REF-KANAWHA-SECONDARY-ROADS-76","properties":{"canon_status":"REAL_REFERENCE","county_route":null,"federal_lands_route":null,"fictionality":"REAL","globalid":"{6491BA2D-5CAA-42A9-BE4F-A2303E9432BB}","interstate":null,"interstate_a":null,"interstate_b":null,"interstate_c":null,"loaddate":1474003098000,"mtfcc_code":"S1200","name":"Washington St E","objectid":5507895,"permanent_identifier":"a5d551a6-6ea7-4128-ae92-50fee44e73fa","real_world_relation":"REFERENCE_ONLY","shape_Length":68.93920050533976,"source_datadesc":"2016 January MAFTIGER","source_datasetid":"{9298FF95-0FA8-4712-9AA5-9292C907CA63}","source_featureid":"1101747019658","source_id":"REF-KANAWHA-SECONDARY-ROADS","source_originator":"U.S. Department of Commerce, U.S. Census Bureau, Geography Division","state_route":null,"state_route_a":null,"state_route_b":null,"state_route_c":null,"stco_fipscode":"54039","tnmfrc":2,"us_route":"60","us_route_a":"60","us_route_b":null,"us_route_c":null},"type":"Feature"},{"geometry":{"coordinates":[[-81.604314,38.375768],[-81.604672,38.375307],[-81.604746,38.375212],[-81.605212,38.37453],[-81.605473,38.374136],[-81.605939,38.37341],[-81.606189,38.372998],[-81.606343,38.37276]],"type":"LineString"},"id":"REF-KANAWHA-SECONDARY-ROADS-77","properties":{"canon_status":"REAL_REFERENCE","county_route":null,"federal_lands_route":null,"fictionality":"REAL","globalid":"{9D52A03F-FC9D-49E0-B553-45EBCA2CF649}","interstate":null,"interstate_a":null,"interstate_b":null,"interstate_c":null,"loaddate":1474002125000,"mtfcc_code":"S1200","name":"Pennsylvania Ave","objectid":5635996,"permanent_identifier":"bf326cd6-9a77-4d5d-b2b1-6f83c721f468","real_world_relation":"REFERENCE_ONLY","shape_Length":483.42340198623765,"source_datadesc":"2016 January MAFTIGER","source_datasetid":"{9298FF95-0FA8-4712-9AA5-9292C907CA63}","source_featureid":"1101747020373","source_id":"REF-KANAWHA-SECONDARY-ROADS","source_originator":"U.S. Department of Commerce, U.S. Census Bureau, Geography Division","state_route":null,"state_route_a":null,"state_route_b":null,"state_route_c":null,"stco_fipscode":"54039","tnmfrc":2,"us_route":"119","us_route_a":"119","us_route_b":null,"us_route_c":null},"type":"Feature"},{"geometry":{"coordinates":[[-81.670216,38.363597],[-81.6702,38.363614],[-81.67009,38.363778]],"type":"LineString"},"id":"REF-KANAWHA-SECONDARY-ROADS-78","properties":{"canon_status":"REAL_REFERENCE","county_route":null,"federal_lands_route":null,"fictionality":"REAL","globalid":"{02512E05-7A95-41F2-9833-2872707E411E}","interstate":null,"interstate_a":null,"interstate_b":null,"interstate_c":null,"loaddate":1474001788000,"mtfcc_code":"S1200","name":"Patrick St","objectid":5636007,"permanent_identifier":"8c687f1f-299a-49af-9a66-56c923f6ba70","real_world_relation":"REFERENCE_ONLY","shape_Length":29.30674476510918,"source_datadesc":"2016 January MAFTIGER","source_datasetid":"{9298FF95-0FA8-4712-9AA5-9292C907CA63}","source_featureid":"1101747017056","source_id":"REF-KANAWHA-SECONDARY-ROADS","source_originator":"U.S. Department of Commerce, U.S. Census Bureau, Geography Division","state_route":null,"state_route_a":null,"state_route_b":null,"state_route_c":null,"stco_fipscode":"54039","tnmfrc":2,"us_route":"60","us_route_a":"60","us_route_b":null,"us_route_c":null},"type":"Feature"},{"geometry":{"coordinates":[[-81.667157,38.368579],[-81.667032,38.368807],[-81.666858,38.369071]],"type":"LineString"},"id":"REF-KANAWHA-SECONDARY-ROADS-79","properties":{"canon_status":"REAL_REFERENCE","county_route":null,"federal_lands_route":null,"fictionality":"REAL","globalid":"{0E133DEF-ABF5-4EE7-812F-04DFB1DF6718}","interstate":null,"interstate_a":null,"interstate_b":null,"interstate_c":null,"loaddate":1474002007000,"mtfcc_code":"S1200","name":"Patrick St","objectid":5763509,"permanent_identifier":"d8ca79a3-d334-4e0a-ae04-df11742cc39f","real_world_relation":"REFERENCE_ONLY","shape_Length":77.42863968301123,"source_datadesc":"2016 January MAFTIGER","source_datasetid":"{9298FF95-0FA8-4712-9AA5-9292C907CA63}","source_featureid":"1101747017055","source_id":"REF-KANAWHA-SECONDARY-ROADS","source_originator":"U.S. Department of Commerce, U.S. Census Bureau, Geography Division","state_route":null,"state_route_a":null,"state_route_b":null,"state_route_c":null,"stco_fipscode":"54039","tnmfrc":2,"us_route":"60","us_route_a":"60","us_route_b":null,"us_route_c":null},"type":"Feature"},{"geometry":{"coordinates":[[-81.61308,38.364365],[-81.613106,38.364333],[-81.613117,38.364325]],"type":"LineString"},"id":"REF-KANAWHA-SECONDARY-ROADS-80","properties":{"canon_status":"REAL_REFERENCE","county_route":null,"federal_lands_route":null,"fictionality":"REAL","globalid":"{07E9545C-D932-419B-89C1-2C8664B2B4D3}","interstate":null,"interstate_a":null,"interstate_b":null,"interstate_c":null,"loaddate":1474001912000,"mtfcc_code":"S1200","name":"Bigley Ave","objectid":5763512,"permanent_identifier":"99999fec-5e60-4a38-9a5d-360e192ba2d9","real_world_relation":"REFERENCE_ONLY","shape_Length":7.05696450455131,"source_datadesc":"2016 January MAFTIGER","source_datasetid":"{9298FF95-0FA8-4712-9AA5-9292C907CA63}","source_featureid":"1101747015031","source_id":"REF-KANAWHA-SECONDARY-ROADS","source_originator":"U.S. Department of Commerce, U.S. Census Bureau, Geography Division","state_route":null,"state_route_a":null,"state_route_b":null,"state_route_c":null,"stco_fipscode":"54039","tnmfrc":2,"us_route":"119","us_route_a":"119","us_route_b":null,"us_route_c":null},"type":"Feature"},{"geometry":{"coordinates":[[-81.654087,38.368505],[-81.65443,38.368682],[-81.654912,38.368915]],"type":"LineString"},"id":"REF-KANAWHA-SECONDARY-ROADS-81","properties":{"canon_status":"REAL_REFERENCE","county_route":null,"federal_lands_route":null,"fictionality":"REAL","globalid":"{A70CD0CA-35E8-4261-BBAE-55AE51A95DA6}","interstate":null,"interstate_a":null,"interstate_b":null,"interstate_c":null,"loaddate":1568217705000,"mtfcc_code":"S1200","name":"Washington St W","objectid":5850564,"permanent_identifier":"dc41b38e-7d18-4d9b-913a-e6594c907ff6","real_world_relation":"REFERENCE_ONLY","shape_Length":108.7457395451811,"source_datadesc":"2016 January MAFTIGER","source_datasetid":"{9298FF95-0FA8-4712-9AA5-9292C907CA63}","source_featureid":"1101747019661","source_id":"REF-KANAWHA-SECONDARY-ROADS","source_originator":"U.S. Department of Commerce, U.S. Census Bureau, Geography Division","state_route":null,"state_route_a":null,"state_route_b":null,"state_route_c":null,"stco_fipscode":"54039","tnmfrc":2,"us_route":"60","us_route_a":"60","us_route_b":null,"us_route_c":null},"type":"Feature"},{"geometry":{"coordinates":[[-81.628446,38.360398],[-81.628661,38.360321],[-81.628923,38.360213],[-81.629302,38.360037],[-81.629436,38.359994],[-81.629492,38.35998],[-81.629576,38.359963]],"type":"LineString"},"id":"REF-KANAWHA-SECONDARY-ROADS-82","properties":{"canon_status":"REAL_REFERENCE","county_route":null,"federal_lands_route":null,"fictionality":"REAL","globalid":"{010DB4B1-0171-4D04-B965-6194328B6A05}","interstate":null,"interstate_a":null,"interstate_b":null,"interstate_c":null,"loaddate":1474001912000,"mtfcc_code":"S1200","name":"Bigley Ave","objectid":5891088,"permanent_identifier":"69a0e063-9d1f-4a29-bdd5-43a1ade9fe08","real_world_relation":"REFERENCE_ONLY","shape_Length":140.61384861012363,"source_datadesc":"2016 January MAFTIGER","source_datasetid":"{9298FF95-0FA8-4712-9AA5-9292C907CA63}","source_featureid":"1101747015031","source_id":"REF-KANAWHA-SECONDARY-ROADS","source_originator":"U.S. Department of Commerce, U.S. Census Bureau, Geography Division","state_route":null,"state_route_a":null,"state_route_b":null,"state_route_c":null,"stco_fipscode":"54039","tnmfrc":2,"us_route":"119","us_route_a":"119","us_route_b":null,"us_route_c":null},"type":"Feature"},{"geometry":{"coordinates":[[-81.651413,38.347436],[-81.65142,38.347427],[-81.6516,38.347261],[-81.651794,38.347104],[-81.652,38.346958],[-81.652218,38.346823],[-81.652391,38.346729],[-81.652811,38.34652],[-81.653011,38.346429],[-81.653241,38.346324],[-81.653378,38.346266]],"type":"LineString"},"id":"REF-KANAWHA-SECONDARY-ROADS-83","properties":{"canon_status":"REAL_REFERENCE","county_route":null,"federal_lands_route":null,"fictionality":"REAL","globalid":"{35865FFD-D8F6-43B9-B0B3-5F1DB0A26889}","interstate":null,"interstate_a":null,"interstate_b":null,"interstate_c":null,"loaddate":1568217705000,"mtfcc_code":"S1200","name":"US Hwy 119","objectid":5978056,"permanent_identifier":"fa3f53b8-bd8e-46b1-b152-fee732ca9332","real_world_relation":"REFERENCE_ONLY","shape_Length":276.7836864515843,"source_datadesc":"2018 May MAF/TIGER","source_datasetid":"{9298FF95-0FA8-4712-9AA5-9292C907CA63}","source_featureid":"1101747011827","source_id":"REF-KANAWHA-SECONDARY-ROADS","source_originator":"U.S. Department of Commerce, U.S. Census Bureau, Geography Division","state_route":null,"state_route_a":null,"state_route_b":null,"state_route_c":null,"stco_fipscode":"54039","tnmfrc":2,"us_route":"119","us_route_a":"119","us_route_b":null,"us_route_c":null},"type":"Feature"},{"geometry":{"coordinates":[[-81.66706,38.371445],[-81.667672,38.37173],[-81.668372,38.372044],[-81.66848,38.372098],[-81.668674,38.372194],[-81.668722,38.372238],[-81.668755,38.37229],[-81.668771,38.372347]],"type":"LineString"},"id":"REF-KANAWHA-SECONDARY-ROADS-84","properties":{"canon_status":"REAL_REFERENCE","county_route":null,"federal_lands_route":null,"fictionality":"REAL","globalid":"{CA930A41-C6F1-46B8-8013-3357ABA964A7}","interstate":null,"interstate_a":null,"interstate_b":null,"interstate_c":null,"loaddate":1474002410000,"mtfcc_code":"S1200","name":"5th Ave","objectid":6274606,"permanent_identifier":"3d4ebbe5-d2d7-4d41-b130-4dc232d8a87d","real_world_relation":"REFERENCE_ONLY","shape_Length":233.5689703180736,"source_datadesc":"2016 January MAFTIGER","source_datasetid":"{9298FF95-0FA8-4712-9AA5-9292C907CA63}","source_featureid":"1101747012032","source_id":"REF-KANAWHA-SECONDARY-ROADS","source_originator":"U.S. Department of Commerce, U.S. Census Bureau, Geography Division","state_route":null,"state_route_a":null,"state_route_b":null,"state_route_c":null,"stco_fipscode":"54039","tnmfrc":2,"us_route":"60","us_route_a":"60","us_route_b":null,"us_route_c":null},"type":"Feature"},{"geometry":{"coordinates":[[-81.619611,38.362109],[-81.620594,38.361761],[-81.620969,38.36163],[-81.62115,38.361588]],"type":"LineString"},"id":"REF-KANAWHA-SECONDARY-ROADS-85","properties":{"canon_status":"REAL_REFERENCE","county_route":null,"federal_lands_route":null,"fictionality":"REAL","globalid":"{26C93190-2A43-4C10-AFE9-BDDEEC936AB5}","interstate":null,"interstate_a":null,"interstate_b":null,"interstate_c":null,"loaddate":1474001912000,"mtfcc_code":"S1200","name":"Bigley Ave","objectid":6274672,"permanent_identifier":"f49070c9-b6e2-467c-88aa-121724897c2d","real_world_relation":"REFERENCE_ONLY","shape_Length":186.7761180579348,"source_datadesc":"2016 January MAFTIGER","source_datasetid":"{9298FF95-0FA8-4712-9AA5-9292C907CA63}","source_featureid":"1101747015031","source_id":"REF-KANAWHA-SECONDARY-ROADS","source_originator":"U.S. Department of Commerce, U.S. Census Bureau, Geography Division","state_route":null,"state_route_a":null,"state_route_b":null,"state_route_c":null,"stco_fipscode":"54039","tnmfrc":2,"us_route":"119","us_route_a":"119","us_route_b":null,"us_route_c":null},"type":"Feature"},{"geometry":{"coordinates":[[-81.662221,38.372674],[-81.662516,38.372863],[-81.662906,38.373095],[-81.6633,38.373323]],"type":"LineString"},"id":"REF-KANAWHA-SECONDARY-ROADS-86","properties":{"canon_status":"REAL_REFERENCE","county_route":null,"federal_lands_route":null,"fictionality":"REAL","globalid":"{3DD61034-5A11-4D37-B118-9C2C6A07391E}","interstate":null,"interstate_a":null,"interstate_b":null,"interstate_c":null,"loaddate":1568217705000,"mtfcc_code":"S1200","name":"Washington St W","objectid":6489524,"permanent_identifier":"6259af33-64f6-416d-8411-d1c630a16409","real_world_relation":"REFERENCE_ONLY","shape_Length":151.4218073218571,"source_datadesc":"2016 January MAFTIGER","source_datasetid":"{9298FF95-0FA8-4712-9AA5-9292C907CA63}","source_featureid":"1101747019661","source_id":"REF-KANAWHA-SECONDARY-ROADS","source_originator":"U.S. Department of Commerce, U.S. Census Bureau, Geography Division","state_route":null,"state_route_a":null,"state_route_b":null,"state_route_c":null,"stco_fipscode":"54039","tnmfrc":2,"us_route":"60","us_route_a":"60","us_route_b":null,"us_route_c":null},"type":"Feature"},{"geometry":{"coordinates":[[-81.617091,38.362998],[-81.617429,38.362884],[-81.618136,38.362635]],"type":"LineString"},"id":"REF-KANAWHA-SECONDARY-ROADS-87","properties":{"canon_status":"REAL_REFERENCE","county_route":null,"federal_lands_route":null,"fictionality":"REAL","globalid":"{FF85BFFD-F406-4D24-8FA7-D7CFF97A051E}","interstate":null,"interstate_a":null,"interstate_b":null,"interstate_c":null,"loaddate":1474001912000,"mtfcc_code":"S1200","name":"Bigley Ave","objectid":6529821,"permanent_identifier":"6f7e7fc6-f4c0-4210-84ba-0b2a9ca2652a","real_world_relation":"REFERENCE_ONLY","shape_Length":127.23698014933098,"source_datadesc":"2016 January MAFTIGER","source_datasetid":"{9298FF95-0FA8-4712-9AA5-9292C907CA63}","source_featureid":"1101747015031","source_id":"REF-KANAWHA-SECONDARY-ROADS","source_originator":"U.S. Department of Commerce, U.S. Census Bureau, Geography Division","state_route":null,"state_route_a":null,"state_route_b":null,"state_route_c":null,"stco_fipscode":"54039","tnmfrc":2,"us_route":"119","us_route_a":"119","us_route_b":null,"us_route_c":null},"type":"Feature"},{"geometry":{"coordinates":[[-81.560003,38.314572],[-81.560303,38.315076],[-81.560421,38.315238]],"type":"LineString"},"id":"REF-KANAWHA-SECONDARY-ROADS-88","properties":{"canon_status":"REAL_REFERENCE","county_route":null,"federal_lands_route":null,"fictionality":"REAL","globalid":"{A070121F-658E-4EAB-80B8-34AF0808E55D}","interstate":null,"interstate_a":null,"interstate_b":null,"interstate_c":null,"loaddate":1474002011000,"mtfcc_code":"S1200","name":"Kanawha St","objectid":6785220,"permanent_identifier":"37a78906-2e99-4d2b-97c7-f17e3c5241c5","real_world_relation":"REFERENCE_ONLY","shape_Length":105.3936315275239,"source_datadesc":"2016 January MAFTIGER","source_datasetid":"{9298FF95-0FA8-4712-9AA5-9292C907CA63}","source_featureid":"1101747016794","source_id":"REF-KANAWHA-SECONDARY-ROADS","source_originator":"U.S. Department of Commerce, U.S. Census Bureau, Geography Division","state_route":null,"state_route_a":null,"state_route_b":null,"state_route_c":null,"stco_fipscode":"54039","tnmfrc":2,"us_route":"60","us_route_a":"60","us_route_b":null,"us_route_c":null},"type":"Feature"},{"geometry":{"coordinates":[[-81.6596,38.371104],[-81.6598,38.371191],[-81.659955,38.371268],[-81.660225,38.371412],[-81.660603,38.371626]],"type":"LineString"},"id":"REF-KANAWHA-SECONDARY-ROADS-89","properties":{"canon_status":"REAL_REFERENCE","county_route":null,"federal_lands_route":null,"fictionality":"REAL","globalid":"{2E6975E0-B31B-4FD4-80B3-0A7EA1B46EC3}","interstate":null,"interstate_a":null,"interstate_b":null,"interstate_c":null,"loaddate":1568217705000,"mtfcc_code":"S1200","name":"Washington St W","objectid":6999528,"permanent_identifier":"09578118-ddb8-45af-8b76-edaa06d4c759","real_world_relation":"REFERENCE_ONLY","shape_Length":134.14241997485448,"source_datadesc":"2016 January MAFTIGER","source_datasetid":"{9298FF95-0FA8-4712-9AA5-9292C907CA63}","source_featureid":"1101747019661","source_id":"REF-KANAWHA-SECONDARY-ROADS","source_originator":"U.S. Department of Commerce, U.S. Census Bureau, Geography Division","state_route":null,"state_route_a":null,"state_route_b":null,"state_route_c":null,"stco_fipscode":"54039","tnmfrc":2,"us_route":"60","us_route_a":"60","us_route_b":null,"us_route_c":null},"type":"Feature"},{"geometry":{"coordinates":[[-81.67009,38.363778],[-81.669947,38.363991],[-81.669875,38.364107]],"type":"LineString"},"id":"REF-KANAWHA-SECONDARY-ROADS-90","properties":{"canon_status":"REAL_REFERENCE","county_route":null,"federal_lands_route":null,"fictionality":"REAL","globalid":"{757CA142-96B0-4333-918B-781CF3D1D11B}","interstate":null,"interstate_a":null,"interstate_b":null,"interstate_c":null,"loaddate":1474001788000,"mtfcc_code":"S1200","name":"Patrick St","objectid":7040366,"permanent_identifier":"c2cb9ceb-8afc-4764-a8aa-3d3e17ffa502","real_world_relation":"REFERENCE_ONLY","shape_Length":52.49023794301936,"source_datadesc":"2016 January MAFTIGER","source_datasetid":"{9298FF95-0FA8-4712-9AA5-9292C907CA63}","source_featureid":"1101747017056","source_id":"REF-KANAWHA-SECONDARY-ROADS","source_originator":"U.S. Department of Commerce, U.S. Census Bureau, Geography Division","state_route":null,"state_route_a":null,"state_route_b":null,"state_route_c":null,"stco_fipscode":"54039","tnmfrc":2,"us_route":"60","us_route_a":"60","us_route_b":null,"us_route_c":null},"type":"Feature"},{"geometry":{"coordinates":[[-81.674162,38.36418],[-81.673253,38.363927],[-81.67264,38.363756],[-81.671655,38.363481],[-81.671253,38.363383],[-81.671053,38.363358],[-81.67102,38.363361]],"type":"LineString"},"id":"REF-KANAWHA-SECONDARY-ROADS-91","properties":{"canon_status":"REAL_REFERENCE","county_route":null,"federal_lands_route":null,"fictionality":"REAL","globalid":"{7C2EA7BD-6D86-46AF-ABE4-7A152C10E2E7}","interstate":null,"interstate_a":null,"interstate_b":null,"interstate_c":null,"loaddate":1474002417000,"mtfcc_code":"S1200","name":"Maccorkle Ave SW","objectid":7040375,"permanent_identifier":"7f8128f8-b010-4128-a66f-d577286cfe70","real_world_relation":"REFERENCE_ONLY","shape_Length":369.304412707872,"source_datadesc":"2016 January MAFTIGER","source_datasetid":"{9298FF95-0FA8-4712-9AA5-9292C907CA63}","source_featureid":"1101747018892","source_id":"REF-KANAWHA-SECONDARY-ROADS","source_originator":"U.S. Department of Commerce, U.S. Census Bureau, Geography Division","state_route":null,"state_route_a":null,"state_route_b":null,"state_route_c":null,"stco_fipscode":"54039","tnmfrc":2,"us_route":"60","us_route_a":"60","us_route_b":null,"us_route_c":null},"type":"Feature"},{"geometry":{"coordinates":[[-81.65772,38.370307],[-81.658395,38.370612],[-81.658424,38.370623]],"type":"LineString"},"id":"REF-KANAWHA-SECONDARY-ROADS-92","properties":{"canon_status":"REAL_REFERENCE","county_route":null,"federal_lands_route":null,"fictionality":"REAL","globalid":"{59E3A389-4EE0-4F77-8115-5E354C152DC4}","interstate":null,"interstate_a":null,"interstate_b":null,"interstate_c":null,"loaddate":1568217705000,"mtfcc_code":"S1200","name":"Washington St W","objectid":7126995,"permanent_identifier":"c447aef5-dba6-4160-aed0-e66b610d0d6d","real_world_relation":"REFERENCE_ONLY","shape_Length":90.3129271436542,"source_datadesc":"2016 January MAFTIGER","source_datasetid":"{9298FF95-0FA8-4712-9AA5-9292C907CA63}","source_featureid":"1101747019661","source_id":"REF-KANAWHA-SECONDARY-ROADS","source_originator":"U.S. Department of Commerce, U.S. Census Bureau, Geography Division","state_route":null,"state_route_a":null,"state_route_b":null,"state_route_c":null,"stco_fipscode":"54039","tnmfrc":2,"us_route":"60","us_route_a":"60","us_route_b":null,"us_route_c":null},"type":"Feature"},{"geometry":{"coordinates":[[-81.468549,38.208207],[-81.467741,38.208854],[-81.467704,38.208884],[-81.467123,38.20934],[-81.466968,38.209466]],"type":"LineString"},"id":"REF-KANAWHA-SECONDARY-ROADS-93","properties":{"canon_status":"REAL_REFERENCE","county_route":null,"federal_lands_route":null,"fictionality":"REAL","globalid":"{D3D099E6-71BF-4803-8565-90987E465459}","interstate":null,"interstate_a":null,"interstate_b":null,"interstate_c":null,"loaddate":1474003130000,"mtfcc_code":"S1200","name":"E Dupont Ave","objectid":7167272,"permanent_identifier":"3a677836-9aad-412f-9229-28d7ba6410b3","real_world_relation":"REFERENCE_ONLY","shape_Length":250.58019357802473,"source_datadesc":"2016 January MAFTIGER","source_datasetid":"{9298FF95-0FA8-4712-9AA5-9292C907CA63}","source_featureid":"1104469613929","source_id":"REF-KANAWHA-SECONDARY-ROADS","source_originator":"U.S. Department of Commerce, U.S. Census Bureau, Geography Division","state_route":null,"state_route_a":null,"state_route_b":null,"state_route_c":null,"stco_fipscode":"54039","tnmfrc":2,"us_route":"60","us_route_a":"60","us_route_b":null,"us_route_c":null},"type":"Feature"},{"geometry":{"coordinates":[[-81.608696,38.335125],[-81.608394,38.335108],[-81.608172,38.335086]],"type":"LineString"},"id":"REF-KANAWHA-SECONDARY-ROADS-94","properties":{"canon_status":"REAL_REFERENCE","county_route":null,"federal_lands_route":null,"fictionality":"REAL","globalid":"{18EDF786-3A0F-4CBF-8E15-0D74BA88D772}","interstate":null,"interstate_a":null,"interstate_b":null,"interstate_c":null,"loaddate":1568217705000,"mtfcc_code":"S1200","name":"Kanawha Blvd E","objectid":7254324,"permanent_identifier":"71243ced-e86f-4e3e-b7e9-807cf62a5242","real_world_relation":"REFERENCE_ONLY","shape_Length":58.61440384621263,"source_datadesc":"2016 January MAFTIGER","source_datasetid":"{9298FF95-0FA8-4712-9AA5-9292C907CA63}","source_featureid":"1101747016798","source_id":"REF-KANAWHA-SECONDARY-ROADS","source_originator":"U.S. Department of Commerce, U.S. Census Bureau, Geography Division","state_route":null,"state_route_a":null,"state_route_b":null,"state_route_c":null,"stco_fipscode":"54039","tnmfrc":2,"us_route":"60","us_route_a":"60","us_route_b":null,"us_route_c":null},"type":"Feature"},{"geometry":{"coordinates":[[-81.671517,38.343371],[-81.671327,38.34333],[-81.671168,38.343295],[-81.670844,38.343207],[-81.670525,38.343106],[-81.670276,38.343016],[-81.669878,38.342846],[-81.669434,38.342645],[-81.668959,38.342414]],"type":"LineString"},"id":"REF-KANAWHA-SECONDARY-ROADS-95","properties":{"canon_status":"REAL_REFERENCE","county_route":null,"federal_lands_route":null,"fictionality":"REAL","globalid":"{1645A63A-719A-45D3-B95E-58FAB40E9E76}","interstate":null,"interstate_a":null,"interstate_b":null,"interstate_c":null,"loaddate":1568217705000,"mtfcc_code":"S1200","name":"US Hwy 119","objectid":7254326,"permanent_identifier":"882c2303-9877-402b-9de4-a8298aead0f0","real_world_relation":"REFERENCE_ONLY","shape_Length":317.03910627267703,"source_datadesc":"2016 January MAFTIGER","source_datasetid":"{9298FF95-0FA8-4712-9AA5-9292C907CA63}","source_featureid":"1101747011818","source_id":"REF-KANAWHA-SECONDARY-ROADS","source_originator":"U.S. Department of Commerce, U.S. Census Bureau, Geography Division","state_route":null,"state_route_a":null,"state_route_b":null,"state_route_c":null,"stco_fipscode":"54039","tnmfrc":2,"us_route":"119","us_route_a":"119","us_route_b":null,"us_route_c":null},"type":"Feature"},{"geometry":{"coordinates":[[-81.616521,38.33642],[-81.616464,38.336485]],"type":"LineString"},"id":"REF-KANAWHA-SECONDARY-ROADS-96","properties":{"canon_status":"REAL_REFERENCE","county_route":null,"federal_lands_route":null,"fictionality":"REAL","globalid":"{E051BA1C-D728-43BD-B091-7421DDBF2478}","interstate":null,"interstate_a":null,"interstate_b":null,"interstate_c":null,"loaddate":1474002563000,"mtfcc_code":"S1200","name":"Greenbrier St","objectid":7295022,"permanent_identifier":"232e0337-8a6f-4237-8066-bbdc8888c029","real_world_relation":"REFERENCE_ONLY","shape_Length":11.196417601048669,"source_datadesc":"2016 January MAFTIGER","source_datasetid":"{9298FF95-0FA8-4712-9AA5-9292C907CA63}","source_featureid":"1101747019401","source_id":"REF-KANAWHA-SECONDARY-ROADS","source_originator":"U.S. Department of Commerce, U.S. Census Bureau, Geography Division","state_route":"114","state_route_a":"114","state_route_b":null,"state_route_c":null,"stco_fipscode":"54039","tnmfrc":2,"us_route":"60","us_route_a":"60","us_route_b":null,"us_route_c":null},"type":"Feature"},{"geometry":{"coordinates":[[-81.624301,38.360739],[-81.624353,38.360731],[-81.624495,38.36072],[-81.624889,38.360726]],"type":"LineString"},"id":"REF-KANAWHA-SECONDARY-ROADS-97","properties":{"canon_status":"REAL_REFERENCE","county_route":null,"federal_lands_route":null,"fictionality":"REAL","globalid":"{8FFC83E2-EB2B-4A13-BC89-66B3F72C0AEE}","interstate":null,"interstate_a":null,"interstate_b":null,"interstate_c":null,"loaddate":1474001912000,"mtfcc_code":"S1200","name":"Bigley Ave","objectid":7422669,"permanent_identifier":"60e587e0-e15f-45c4-9c97-f325601e1e46","real_world_relation":"REFERENCE_ONLY","shape_Length":65.65148425761107,"source_datadesc":"2016 January MAFTIGER","source_datasetid":"{9298FF95-0FA8-4712-9AA5-9292C907CA63}","source_featureid":"1101747015031","source_id":"REF-KANAWHA-SECONDARY-ROADS","source_originator":"U.S. Department of Commerce, U.S. Census Bureau, Geography Division","state_route":null,"state_route_a":null,"state_route_b":null,"state_route_c":null,"stco_fipscode":"54039","tnmfrc":2,"us_route":"119","us_route_a":"119","us_route_b":null,"us_route_c":null},"type":"Feature"},{"geometry":{"coordinates":[[-81.635459,38.354727],[-81.63509,38.354483]],"type":"LineString"},"id":"REF-KANAWHA-SECONDARY-ROADS-98","properties":{"canon_status":"REAL_REFERENCE","county_route":null,"federal_lands_route":null,"fictionality":"REAL","globalid":"{002F4028-2D2D-4FF2-B84B-6811A81CDA5B}","interstate":null,"interstate_a":null,"interstate_b":null,"interstate_c":null,"loaddate":1474002342000,"mtfcc_code":"S1200","name":"Washington St E","objectid":7422671,"permanent_identifier":"9c6dfdda-b4c8-4f7a-8adf-4b20344a3aff","real_world_relation":"REFERENCE_ONLY","shape_Length":53.73125103032997,"source_datadesc":"2016 January MAFTIGER","source_datasetid":"{9298FF95-0FA8-4712-9AA5-9292C907CA63}","source_featureid":"1101747019658","source_id":"REF-KANAWHA-SECONDARY-ROADS","source_originator":"U.S. Department of Commerce, U.S. Census Bureau, Geography Division","state_route":null,"state_route_a":null,"state_route_b":null,"state_route_c":null,"stco_fipscode":"54039","tnmfrc":2,"us_route":"60","us_route_a":"60","us_route_b":null,"us_route_c":null},"type":"Feature"},{"geometry":{"coordinates":[[-81.610801,38.366799],[-81.611137,38.366525],[-81.611459,38.366241],[-81.611766,38.365947],[-81.612005,38.365688],[-81.612291,38.365356]],"type":"LineString"},"id":"REF-KANAWHA-SECONDARY-ROADS-99","properties":{"canon_status":"REAL_REFERENCE","county_route":null,"federal_lands_route":null,"fictionality":"REAL","globalid":"{8F3C6858-6D39-4408-83E9-02D79A14D6ED}","interstate":null,"interstate_a":null,"interstate_b":null,"interstate_c":null,"loaddate":1474002125000,"mtfcc_code":"S1200","name":"Pennsylvania Ave","objectid":7550347,"permanent_identifier":"ef492f05-0ca4-4ff2-9f2a-f251a0eb01c5","real_world_relation":"REFERENCE_ONLY","shape_Length":264.13361547096457,"source_datadesc":"2016 January MAFTIGER","source_datasetid":"{9298FF95-0FA8-4712-9AA5-9292C907CA63}","source_featureid":"1101747020373","source_id":"REF-KANAWHA-SECONDARY-ROADS","source_originator":"U.S. Department of Commerce, U.S. Census Bureau, Geography Division","state_route":null,"state_route_a":null,"state_route_b":null,"state_route_c":null,"stco_fipscode":"54039","tnmfrc":2,"us_route":"119","us_route_a":"119","us_route_b":null,"us_route_c":null},"type":"Feature"},{"geometry":{"coordinates":[[-81.650466,38.348761],[-81.650412,38.348828]],"type":"LineString"},"id":"REF-KANAWHA-SECONDARY-ROADS-100","properties":{"canon_status":"REAL_REFERENCE","county_route":null,"federal_lands_route":null,"fictionality":"REAL","globalid":"{B0867628-BB48-4463-A50B-4E8F52847B89}","interstate":null,"interstate_a":null,"interstate_b":null,"interstate_c":null,"loaddate":1568217705000,"mtfcc_code":"S1200","name":"US Hwy 119","objectid":7637249,"permanent_identifier":"e47edb7c-d8b4-4f9f-a2a0-86a0cf21f53d","real_world_relation":"REFERENCE_ONLY","shape_Length":11.174318100163159,"source_datadesc":"2018 May MAF/TIGER","source_datasetid":"{9298FF95-0FA8-4712-9AA5-9292C907CA63}","source_featureid":"1101747011817","source_id":"REF-KANAWHA-SECONDARY-ROADS","source_originator":"U.S. Department of Commerce, U.S. Census Bureau, Geography Division","state_route":null,"state_route_a":null,"state_route_b":null,"state_route_c":null,"stco_fipscode":"54039","tnmfrc":2,"us_route":"119","us_route_a":"119","us_route_b":null,"us_route_c":null},"type":"Feature"},{"geometry":{"coordinates":[[-81.623958,38.344392],[-81.622969,38.343735]],"type":"LineString"},"id":"REF-KANAWHA-SECONDARY-ROADS-101","properties":{"canon_status":"REAL_REFERENCE","county_route":null,"federal_lands_route":null,"fictionality":"REAL","globalid":"{CDA7E930-B985-492E-9669-B9B092BDDC91}","interstate":null,"interstate_a":null,"interstate_b":null,"interstate_c":null,"loaddate":1474003098000,"mtfcc_code":"S1200","name":"Washington St E","objectid":7678370,"permanent_identifier":"2e2d0832-20dc-4a6d-ad74-4a61cc80b5e4","real_world_relation":"REFERENCE_ONLY","shape_Length":144.27998466995706,"source_datadesc":"2016 January MAFTIGER","source_datasetid":"{9298FF95-0FA8-4712-9AA5-9292C907CA63}","source_featureid":"1101747019658","source_id":"REF-KANAWHA-SECONDARY-ROADS","source_originator":"U.S. Department of Commerce, U.S. Census Bureau, Geography Division","state_route":null,"state_route_a":null,"state_route_b":null,"state_route_c":null,"stco_fipscode":"54039","tnmfrc":2,"us_route":"60","us_route_a":"60","us_route_b":null,"us_route_c":null},"type":"Feature"},{"geometry":{"coordinates":[[-81.564424,38.26798],[-81.564432,38.267905],[-81.564446,38.267695],[-81.564505,38.266814],[-81.564543,38.26635],[-81.564631,38.265454],[-81.565165,38.260913]],"type":"LineString"},"id":"REF-KANAWHA-SECONDARY-ROADS-102","properties":{"canon_status":"REAL_REFERENCE","county_route":null,"federal_lands_route":null,"fictionality":"REAL","globalid":"{22976AFA-45E3-4770-A164-B90AD5F11ED2}","interstate":null,"interstate_a":null,"interstate_b":null,"interstate_c":null,"loaddate":1568217705000,"mtfcc_code":"S1200","name":"US Hwy 60","objectid":7764867,"permanent_identifier":"5bfc9b43-5904-47d8-a71f-b7442035ca4d","real_world_relation":"REFERENCE_ONLY","shape_Length":1005.3905397056145,"source_datadesc":"2018 May MAF/TIGER","source_datasetid":"{9298FF95-0FA8-4712-9AA5-9292C907CA63}","source_featureid":"1101747011699","source_id":"REF-KANAWHA-SECONDARY-ROADS","source_originator":"U.S. Department of Commerce, U.S. Census Bureau, Geography Division","state_route":null,"state_route_a":null,"state_route_b":null,"state_route_c":null,"stco_fipscode":"54039","tnmfrc":2,"us_route":"60","us_route_a":"60","us_route_b":null,"us_route_c":null},"type":"Feature"},{"geometry":{"coordinates":[[-81.668442,38.372889],[-81.668245,38.373145]],"type":"LineString"},"id":"REF-KANAWHA-SECONDARY-ROADS-103","properties":{"canon_status":"REAL_REFERENCE","county_route":null,"federal_lands_route":null,"fictionality":"REAL","globalid":"{871C5BF8-7FCA-4F7C-8021-74E5103AC0BF}","interstate":null,"interstate_a":null,"interstate_b":null,"interstate_c":null,"loaddate":1474002440000,"mtfcc_code":"S1200","name":"Iowa St","objectid":7805501,"permanent_identifier":"cbca5cd4-c83c-4b5d-a431-44358c222a2d","real_world_relation":"REFERENCE_ONLY","shape_Length":42.45279884745169,"source_datadesc":"2016 January MAFTIGER","source_datasetid":"{9298FF95-0FA8-4712-9AA5-9292C907CA63}","source_featureid":"1105013709515","source_id":"REF-KANAWHA-SECONDARY-ROADS","source_originator":"U.S. Department of Commerce, U.S. Census Bureau, Geography Division","state_route":null,"state_route_a":null,"state_route_b":null,"state_route_c":null,"stco_fipscode":"54039","tnmfrc":2,"us_route":"60","us_route_a":"60","us_route_b":null,"us_route_c":null},"type":"Feature"},{"geometry":{"coordinates":[[-81.63807,38.356371],[-81.637966,38.356306],[-81.637719,38.35615],[-81.637193,38.355836],[-81.636845,38.355628],[-81.636617,38.355484]],"type":"LineString"},"id":"REF-KANAWHA-SECONDARY-ROADS-104","properties":{"canon_status":"REAL_REFERENCE","county_route":null,"federal_lands_route":null,"fictionality":"REAL","globalid":"{FA7DB098-D090-41C1-919D-CF7FCD573F63}","interstate":null,"interstate_a":null,"interstate_b":null,"interstate_c":null,"loaddate":1474002342000,"mtfcc_code":"S1200","name":"Washington St E","objectid":8060901,"permanent_identifier":"e3452321-6d55-4521-953d-d6f28d163249","real_world_relation":"REFERENCE_ONLY","shape_Length":204.99820246672144,"source_datadesc":"2016 January MAFTIGER","source_datasetid":"{9298FF95-0FA8-4712-9AA5-9292C907CA63}","source_featureid":"1101747019658","source_id":"REF-KANAWHA-SECONDARY-ROADS","source_originator":"U.S. Department of Commerce, U.S. Census Bureau, Geography Division","state_route":null,"state_route_a":null,"state_route_b":null,"state_route_c":null,"stco_fipscode":"54039","tnmfrc":2,"us_route":"60","us_route_a":"60","us_route_b":null,"us_route_c":null},"type":"Feature"},{"geometry":{"coordinates":[[-81.631238,38.359814],[-81.630868,38.359799],[-81.630703,38.359783]],"type":"LineString"},"id":"REF-KANAWHA-SECONDARY-ROADS-105","properties":{"canon_status":"REAL_REFERENCE","county_route":null,"federal_lands_route":null,"fictionality":"REAL","globalid":"{58F0E265-D227-4927-AFB4-3B0D406287C5}","interstate":null,"interstate_a":null,"interstate_b":null,"interstate_c":null,"loaddate":1474002471000,"mtfcc_code":"S1200","name":"Pennsylvania Ave","objectid":8060908,"permanent_identifier":"24c82fad-d23c-4e8b-8547-c851d4ae3a2f","real_world_relation":"REFERENCE_ONLY","shape_Length":59.75092279237151,"source_datadesc":"2016 January MAFTIGER","source_datasetid":"{9298FF95-0FA8-4712-9AA5-9292C907CA63}","source_featureid":"1101747020370","source_id":"REF-KANAWHA-SECONDARY-ROADS","source_originator":"U.S. Department of Commerce, U.S. Census Bureau, Geography Division","state_route":null,"state_route_a":null,"state_route_b":null,"state_route_c":null,"stco_fipscode":"54039","tnmfrc":2,"us_route":"119","us_route_a":"119","us_route_b":null,"us_route_c":null},"type":"Feature"},{"geometry":{"coordinates":[[-81.558186,38.311662],[-81.558218,38.3117],[-81.558361,38.311883],[-81.558412,38.311964],[-81.558628,38.312267],[-81.558789,38.312528]],"type":"LineString"},"id":"REF-KANAWHA-SECONDARY-ROADS-106","properties":{"canon_status":"REAL_REFERENCE","county_route":null,"federal_lands_route":null,"fictionality":"REAL","globalid":"{9365942A-D004-435F-83A5-D42465524788}","interstate":null,"interstate_a":null,"interstate_b":null,"interstate_c":null,"loaddate":1474003190000,"mtfcc_code":"S1200","name":"Kanawha Ave","objectid":8188258,"permanent_identifier":"46ac6b46-57c4-4f3b-a2a0-4d5ad662a629","real_world_relation":"REFERENCE_ONLY","shape_Length":140.12684316945032,"source_datadesc":"2016 January MAFTIGER","source_datasetid":"{9298FF95-0FA8-4712-9AA5-9292C907CA63}","source_featureid":"1101747016795","source_id":"REF-KANAWHA-SECONDARY-ROADS","source_originator":"U.S. Department of Commerce, U.S. Census Bureau, Geography Division","state_route":null,"state_route_a":null,"state_route_b":null,"state_route_c":null,"stco_fipscode":"54039","tnmfrc":2,"us_route":"60","us_route_a":"60","us_route_b":null,"us_route_c":null},"type":"Feature"},{"geometry":{"coordinates":[[-81.635398,38.353354],[-81.635319,38.353267]],"type":"LineString"},"id":"REF-KANAWHA-SECONDARY-ROADS-107","properties":{"canon_status":"REAL_REFERENCE","county_route":null,"federal_lands_route":null,"fictionality":"REAL","globalid":"{68147D78-79E5-4FDE-8C98-F239AE5D8BC4}","interstate":null,"interstate_a":null,"interstate_b":null,"interstate_c":null,"loaddate":1474002625000,"mtfcc_code":"S1200","name":"Lee St E","objectid":8188276,"permanent_identifier":"e4d8e9cd-f28c-4142-bbe3-382609a63b37","real_world_relation":"REFERENCE_ONLY","shape_Length":15.161149483684833,"source_datadesc":"2016 January MAFTIGER","source_datasetid":"{9298FF95-0FA8-4712-9AA5-9292C907CA63}","source_featureid":"1101747012316","source_id":"REF-KANAWHA-SECONDARY-ROADS","source_originator":"U.S. Department of Commerce, U.S. Census Bureau, Geography Division","state_route":null,"state_route_a":null,"state_route_b":null,"state_route_c":null,"stco_fipscode":"54039","tnmfrc":2,"us_route":"60","us_route_a":"60","us_route_b":null,"us_route_c":null},"type":"Feature"},{"geometry":{"coordinates":[[-81.649499,38.353123],[-81.649041,38.352788],[-81.648761,38.352564],[-81.648664,38.352464],[-81.648599,38.352372],[-81.64855,38.352274],[-81.648517,38.352172],[-81.648502,38.352067],[-81.648504,38.351962],[-81.648523,38.351858],[-81.648568,38.351747],[-81.648647,38.351619],[-81.648731,38.351521],[-81.64883,38.351431],[-81.649353,38.350986]],"type":"LineString"},"id":"REF-KANAWHA-SECONDARY-ROADS-108","properties":{"canon_status":"REAL_REFERENCE","county_route":null,"federal_lands_route":null,"fictionality":"REAL","globalid":"{384CF0A9-1890-46B6-8453-1C7502E19453}","interstate":null,"interstate_a":null,"interstate_b":null,"interstate_c":null,"loaddate":1568217705000,"mtfcc_code":"S1200","name":"US Hwy 119","objectid":8402955,"permanent_identifier":"c3894e2e-4ef0-4417-a601-79da7111215d","real_world_relation":"REFERENCE_ONLY","shape_Length":377.96788343573905,"source_datadesc":"2016 January MAFTIGER","source_datasetid":"{9298FF95-0FA8-4712-9AA5-9292C907CA63}","source_featureid":"1101747011831","source_id":"REF-KANAWHA-SECONDARY-ROADS","source_originator":"U.S. Department of Commerce, U.S. Census Bureau, Geography Division","state_route":null,"state_route_a":null,"state_route_b":null,"state_route_c":null,"stco_fipscode":"54039","tnmfrc":2,"us_route":"119","us_route_a":"119","us_route_b":null,"us_route_c":null},"type":"Feature"},{"geometry":{"coordinates":[[-81.614442,38.363845],[-81.615115,38.363617]],"type":"LineString"},"id":"REF-KANAWHA-SECONDARY-ROADS-109","properties":{"canon_status":"REAL_REFERENCE","county_route":null,"federal_lands_route":null,"fictionality":"REAL","globalid":"{A1ADEBEF-88E0-4CFF-A773-BCF7CAED0403}","interstate":null,"interstate_a":null,"interstate_b":null,"interstate_c":null,"loaddate":1474001912000,"mtfcc_code":"S1200","name":"Bigley Ave","objectid":8443451,"permanent_identifier":"1b3bc2ab-c4a1-4361-8d89-ee6647b3b40a","real_world_relation":"REFERENCE_ONLY","shape_Length":81.61199146050065,"source_datadesc":"2016 January MAFTIGER","source_datasetid":"{9298FF95-0FA8-4712-9AA5-9292C907CA63}","source_featureid":"1101747015031","source_id":"REF-KANAWHA-SECONDARY-ROADS","source_originator":"U.S. Department of Commerce, U.S. Census Bureau, Geography Division","state_route":null,"state_route_a":null,"state_route_b":null,"state_route_c":null,"stco_fipscode":"54039","tnmfrc":2,"us_route":"119","us_route_a":"119","us_route_b":null,"us_route_c":null},"type":"Feature"},{"geometry":{"coordinates":[[-81.664225,38.372262],[-81.663974,38.372533],[-81.663907,38.372611]],"type":"LineString"},"id":"REF-KANAWHA-SECONDARY-ROADS-110","properties":{"canon_status":"REAL_REFERENCE","county_route":null,"federal_lands_route":null,"fictionality":"REAL","globalid":"{A986776B-3582-4631-A103-928BE45DCC65}","interstate":null,"interstate_a":null,"interstate_b":null,"interstate_c":null,"loaddate":1568217705000,"mtfcc_code":"S1200","name":"Patrick St","objectid":8530419,"permanent_identifier":"5798bbf3-4597-44a1-9408-20144d538f71","real_world_relation":"REFERENCE_ONLY","shape_Length":60.90652432146846,"source_datadesc":"2016 January MAFTIGER","source_datasetid":"{9298FF95-0FA8-4712-9AA5-9292C907CA63}","source_featureid":"1101747017055","source_id":"REF-KANAWHA-SECONDARY-ROADS","source_originator":"U.S. Department of Commerce, U.S. Census Bureau, Geography Division","state_route":null,"state_route_a":null,"state_route_b":null,"state_route_c":null,"stco_fipscode":"54039","tnmfrc":2,"us_route":"60","us_route_a":"60","us_route_b":null,"us_route_c":null},"type":"Feature"},{"geometry":{"coordinates":[[-81.616521,38.33642],[-81.616472,38.336403],[-81.615458,38.336071],[-81.614521,38.33578],[-81.614058,38.335662],[-81.613589,38.335557],[-81.612311,38.335308],[-81.61177,38.335214],[-81.611092,38.335178]],"type":"LineString"},"id":"REF-KANAWHA-SECONDARY-ROADS-111","properties":{"canon_status":"REAL_REFERENCE","county_route":null,"federal_lands_route":null,"fictionality":"REAL","globalid":"{6205A7D0-F55B-41DF-96A7-11B966705F2D}","interstate":null,"interstate_a":null,"interstate_b":null,"interstate_c":null,"loaddate":1568217705000,"mtfcc_code":"S1200","name":"Kanawha Blvd E","objectid":8785791,"permanent_identifier":"443c462f-3cfc-4f1b-a28d-1eba4a40dbb7","real_world_relation":"REFERENCE_ONLY","shape_Length":632.849787339871,"source_datadesc":"2018 May MAF/TIGER","source_datasetid":"{9298FF95-0FA8-4712-9AA5-9292C907CA63}","source_featureid":"1101747016797","source_id":"REF-KANAWHA-SECONDARY-ROADS","source_originator":"U.S. Department of Commerce, U.S. Census Bureau, Geography Division","state_route":null,"state_route_a":null,"state_route_b":null,"state_route_c":null,"stco_fipscode":"54039","tnmfrc":2,"us_route":"60","us_route_a":"60","us_route_b":null,"us_route_c":null},"type":"Feature"},{"geometry":{"coordinates":[[-81.563178,38.28103],[-81.563171,38.281057]],"type":"LineString"},"id":"REF-KANAWHA-SECONDARY-ROADS-112","properties":{"canon_status":"REAL_REFERENCE","county_route":null,"federal_lands_route":null,"fictionality":"REAL","globalid":"{6CF39012-B5B9-4DC1-9C93-4116BBB7D89B}","interstate":null,"interstate_a":null,"interstate_b":null,"interstate_c":null,"loaddate":1474003190000,"mtfcc_code":"S1200","name":"Kanawha Ave","objectid":9081674,"permanent_identifier":"71b3305d-0faf-4694-8c37-b3e1bdcd0284","real_world_relation":"REFERENCE_ONLY","shape_Length":3.9074011456190503,"source_datadesc":"2016 January MAFTIGER","source_datasetid":"{9298FF95-0FA8-4712-9AA5-9292C907CA63}","source_featureid":"1101747016795","source_id":"REF-KANAWHA-SECONDARY-ROADS","source_originator":"U.S. Department of Commerce, U.S. Census Bureau, Geography Division","state_route":null,"state_route_a":null,"state_route_b":null,"state_route_c":null,"stco_fipscode":"54039","tnmfrc":2,"us_route":"60","us_route_a":"60","us_route_b":null,"us_route_c":null},"type":"Feature"},{"geometry":{"coordinates":[[-81.649106,38.354837],[-81.649186,38.354767],[-81.649522,38.354502],[-81.649634,38.354395],[-81.649663,38.354361],[-81.649732,38.354279],[-81.649782,38.354184],[-81.649802,38.354137]],"type":"LineString"},"id":"REF-KANAWHA-SECONDARY-ROADS-113","properties":{"canon_status":"REAL_REFERENCE","county_route":null,"federal_lands_route":null,"fictionality":"REAL","globalid":"{5E3E609D-A52F-4B3B-BDB2-A0CB96D911A5}","interstate":null,"interstate_a":null,"interstate_b":null,"interstate_c":null,"loaddate":1568217705000,"mtfcc_code":"S1200","name":"US Hwy 119","objectid":9168475,"permanent_identifier":"f2c16116-6db4-45c4-80a7-a6fb266d218e","real_world_relation":"REFERENCE_ONLY","shape_Length":127.41852264524397,"source_datadesc":"2016 January MAFTIGER","source_datasetid":"{9298FF95-0FA8-4712-9AA5-9292C907CA63}","source_featureid":"1101747011831","source_id":"REF-KANAWHA-SECONDARY-ROADS","source_originator":"U.S. Department of Commerce, U.S. Census Bureau, Geography Division","state_route":null,"state_route_a":null,"state_route_b":null,"state_route_c":null,"stco_fipscode":"54039","tnmfrc":2,"us_route":"119","us_route_a":"119","us_route_b":null,"us_route_c":null},"type":"Feature"},{"geometry":{"coordinates":[[-81.491802,38.199808],[-81.490449,38.199972],[-81.49015,38.200012],[-81.489713,38.200085],[-81.489265,38.200174],[-81.488792,38.20029],[-81.488465,38.200381],[-81.488153,38.200478],[-81.487998,38.200514]],"type":"LineString"},"id":"REF-KANAWHA-SECONDARY-ROADS-114","properties":{"canon_status":"REAL_REFERENCE","county_route":null,"federal_lands_route":null,"fictionality":"REAL","globalid":"{22512C81-3B67-4EAE-8E5D-ED14B423F5D7}","interstate":null,"interstate_a":null,"interstate_b":null,"interstate_c":null,"loaddate":1474002476000,"mtfcc_code":"S1200","name":"E Dupont Ave","objectid":9209299,"permanent_identifier":"96b12791-5cde-4f0c-bf5d-9292e76c2647","real_world_relation":"REFERENCE_ONLY","shape_Length":436.45163694255416,"source_datadesc":"2016 January MAFTIGER","source_datasetid":"{9298FF95-0FA8-4712-9AA5-9292C907CA63}","source_featureid":"1101747015239","source_id":"REF-KANAWHA-SECONDARY-ROADS","source_originator":"U.S. Department of Commerce, U.S. Census Bureau, Geography Division","state_route":null,"state_route_a":null,"state_route_b":null,"state_route_c":null,"stco_fipscode":"54039","tnmfrc":2,"us_route":"60","us_route_a":"60","us_route_b":null,"us_route_c":null},"type":"Feature"},{"geometry":{"coordinates":[[-81.669937,38.364128],[-81.669748,38.364434]],"type":"LineString"},"id":"REF-KANAWHA-SECONDARY-ROADS-115","properties":{"canon_status":"REAL_REFERENCE","county_route":null,"federal_lands_route":null,"fictionality":"REAL","globalid":"{E648A065-4C2A-4641-8B52-E1D3BFDB1588}","interstate":null,"interstate_a":null,"interstate_b":null,"interstate_c":null,"loaddate":1474002417000,"mtfcc_code":"S1200","name":"Patrick St","objectid":9337187,"permanent_identifier":"279b3cb4-949f-493b-b362-151a67c61dd3","real_world_relation":"REFERENCE_ONLY","shape_Length":48.27073186876624,"source_datadesc":"2016 January MAFTIGER","source_datasetid":"{9298FF95-0FA8-4712-9AA5-9292C907CA63}","source_featureid":"1101747017054","source_id":"REF-KANAWHA-SECONDARY-ROADS","source_originator":"U.S. Department of Commerce, U.S. Census Bureau, Geography Division","state_route":null,"state_route_a":null,"state_route_b":null,"state_route_c":null,"stco_fipscode":"54039","tnmfrc":2,"us_route":"60","us_route_a":"60","us_route_b":null,"us_route_c":null},"type":"Feature"},{"geometry":{"coordinates":[[-81.669685,38.364411],[-81.669488,38.364726],[-81.669427,38.364824],[-81.669192,38.365217],[-81.669116,38.365339],[-81.668928,38.36564],[-81.668739,38.36594],[-81.668464,38.366378],[-81.668244,38.366754],[-81.668167,38.366878],[-81.667972,38.367191]],"type":"LineString"},"id":"REF-KANAWHA-SECONDARY-ROADS-116","properties":{"canon_status":"REAL_REFERENCE","county_route":null,"federal_lands_route":null,"fictionality":"REAL","globalid":"{CDCEB2C5-4C76-45BA-80AC-D6BC3D8EB9D4}","interstate":null,"interstate_a":null,"interstate_b":null,"interstate_c":null,"loaddate":1474001788000,"mtfcc_code":"S1200","name":"Patrick St","objectid":9464776,"permanent_identifier":"80f94ba7-974a-4833-8168-c86b8587e98d","real_world_relation":"REFERENCE_ONLY","shape_Length":438.3701013224616,"source_datadesc":"2016 January MAFTIGER","source_datasetid":"{9298FF95-0FA8-4712-9AA5-9292C907CA63}","source_featureid":"1101747017056","source_id":"REF-KANAWHA-SECONDARY-ROADS","source_originator":"U.S. Department of Commerce, U.S. Census Bureau, Geography Division","state_route":null,"state_route_a":null,"state_route_b":null,"state_route_c":null,"stco_fipscode":"54039","tnmfrc":2,"us_route":"60","us_route_a":"60","us_route_b":null,"us_route_c":null},"type":"Feature"},{"geometry":{"coordinates":[[-81.582374,38.330776],[-81.581954,38.3306],[-81.58133,38.330329],[-81.580873,38.330123],[-81.58036,38.329892]],"type":"LineString"},"id":"REF-KANAWHA-SECONDARY-ROADS-117","properties":{"canon_status":"REAL_REFERENCE","county_route":null,"federal_lands_route":null,"fictionality":"REAL","globalid":"{BBE0CE42-97EA-47D8-98E8-1D6449CEB320}","interstate":null,"interstate_a":null,"interstate_b":null,"interstate_c":null,"loaddate":1474002524000,"mtfcc_code":"S1200","name":"Kanawha Blvd E","objectid":9592528,"permanent_identifier":"cdec4076-8d24-45f9-bab7-b5c402fd8a08","real_world_relation":"REFERENCE_ONLY","shape_Length":256.9260372062757,"source_datadesc":"2016 January MAFTIGER","source_datasetid":"{9298FF95-0FA8-4712-9AA5-9292C907CA63}","source_featureid":"1101747016796","source_id":"REF-KANAWHA-SECONDARY-ROADS","source_originator":"U.S. Department of Commerce, U.S. Census Bureau, Geography Division","state_route":null,"state_route_a":null,"state_route_b":null,"state_route_c":null,"stco_fipscode":"54039","tnmfrc":2,"us_route":"60","us_route_a":"60","us_route_b":null,"us_route_c":null},"type":"Feature"},{"geometry":{"coordinates":[[-81.641321,38.358859],[-81.641381,38.358982]],"type":"LineString"},"id":"REF-KANAWHA-SECONDARY-ROADS-118","properties":{"canon_status":"REAL_REFERENCE","county_route":null,"federal_lands_route":null,"fictionality":"REAL","globalid":"{16C5FDC1-E8D1-42C9-95B1-C9C3E55D925A}","interstate":null,"interstate_a":null,"interstate_b":null,"interstate_c":null,"loaddate":1474002007000,"mtfcc_code":"S1200","name":"Lee St W","objectid":9592547,"permanent_identifier":"885e84b4-2154-494f-999a-bbfa67c726e2","real_world_relation":"REFERENCE_ONLY","shape_Length":18.695432253640895,"source_datadesc":"2016 January MAFTIGER","source_datasetid":"{9298FF95-0FA8-4712-9AA5-9292C907CA63}","source_featureid":"1101747012322","source_id":"REF-KANAWHA-SECONDARY-ROADS","source_originator":"U.S. Department of Commerce, U.S. Census Bureau, Geography Division","state_route":null,"state_route_a":null,"state_route_b":null,"state_route_c":null,"stco_fipscode":"54039","tnmfrc":2,"us_route":"60","us_route_a":"60","us_route_b":null,"us_route_c":null},"type":"Feature"},{"geometry":{"coordinates":[[-81.610509,38.335231],[-81.610337,38.335221]],"type":"LineString"},"id":"REF-KANAWHA-SECONDARY-ROADS-119","properties":{"canon_status":"REAL_REFERENCE","county_route":null,"federal_lands_route":null,"fictionality":"REAL","globalid":"{255DE39E-C2A1-4074-9722-34BBAC5B0CFD}","interstate":null,"interstate_a":null,"interstate_b":null,"interstate_c":null,"loaddate":1568217705000,"mtfcc_code":"S1200","name":"Kanawha Blvd E","objectid":9679726,"permanent_identifier":"67c4064c-5cf4-4186-a7f8-776b0a34a062","real_world_relation":"REFERENCE_ONLY","shape_Length":19.199524411381134,"source_datadesc":"2016 January MAFTIGER","source_datasetid":"{9298FF95-0FA8-4712-9AA5-9292C907CA63}","source_featureid":"1101747016798","source_id":"REF-KANAWHA-SECONDARY-ROADS","source_originator":"U.S. Department of Commerce, U.S. Census Bureau, Geography Division","state_route":null,"state_route_a":null,"state_route_b":null,"state_route_c":null,"stco_fipscode":"54039","tnmfrc":2,"us_route":"60","us_route_a":"60","us_route_b":null,"us_route_c":null},"type":"Feature"},{"geometry":{"coordinates":[[-81.640699,38.358873],[-81.640303,38.359024]],"type":"LineString"},"id":"REF-KANAWHA-SECONDARY-ROADS-120","properties":{"canon_status":"REAL_REFERENCE","county_route":null,"federal_lands_route":null,"fictionality":"REAL","globalid":"{B566E62E-1E23-4FA4-9976-13CC12BB69F3}","interstate":null,"interstate_a":null,"interstate_b":null,"interstate_c":null,"loaddate":1474002471000,"mtfcc_code":"S1200","name":"Pennsylvania Ave","objectid":9720250,"permanent_identifier":"19da2e44-42bb-41e7-a537-cec5aab24e7b","real_world_relation":"REFERENCE_ONLY","shape_Length":49.018309087077625,"source_datadesc":"2016 January MAFTIGER","source_datasetid":"{9298FF95-0FA8-4712-9AA5-9292C907CA63}","source_featureid":"1101747020370","source_id":"REF-KANAWHA-SECONDARY-ROADS","source_originator":"U.S. Department of Commerce, U.S. Census Bureau, Geography Division","state_route":null,"state_route_a":null,"state_route_b":null,"state_route_c":null,"stco_fipscode":"54039","tnmfrc":2,"us_route":"119","us_route_a":"119","us_route_b":null,"us_route_c":null},"type":"Feature"},{"geometry":{"coordinates":[[-81.641315,38.361454],[-81.641435,38.361753]],"type":"LineString"},"id":"REF-KANAWHA-SECONDARY-ROADS-121","properties":{"canon_status":"REAL_REFERENCE","county_route":null,"federal_lands_route":null,"fictionality":"REAL","globalid":"{6F24FC96-D8ED-4CC6-9C10-201D912CED27}","interstate":null,"interstate_a":null,"interstate_b":null,"interstate_c":null,"loaddate":1474002157000,"mtfcc_code":"S1200","name":"Washington St W","objectid":9720255,"permanent_identifier":"b47ab122-6910-4cba-8aa7-519400b8c389","real_world_relation":"REFERENCE_ONLY","shape_Length":44.501095182399766,"source_datadesc":"2016 January MAFTIGER","source_datasetid":"{9298FF95-0FA8-4712-9AA5-9292C907CA63}","source_featureid":"1101747019661","source_id":"REF-KANAWHA-SECONDARY-ROADS","source_originator":"U.S. Department of Commerce, U.S. Census Bureau, Geography Division","state_route":null,"state_route_a":null,"state_route_b":null,"state_route_c":null,"stco_fipscode":"54039","tnmfrc":2,"us_route":"60","us_route_a":"60","us_route_b":null,"us_route_c":null},"type":"Feature"},{"geometry":{"coordinates":[[-81.649353,38.350986],[-81.649617,38.350797],[-81.649841,38.350598],[-81.650135,38.350358],[-81.650579,38.349978],[-81.65101,38.349589],[-81.651049,38.349535],[-81.651084,38.349461],[-81.651101,38.349384],[-81.651099,38.349306],[-81.651082,38.349246],[-81.651042,38.349177],[-81.650973,38.349105],[-81.650901,38.349056]],"type":"LineString"},"id":"REF-KANAWHA-SECONDARY-ROADS-122","properties":{"canon_status":"REAL_REFERENCE","county_route":null,"federal_lands_route":null,"fictionality":"REAL","globalid":"{390E1ABB-579B-490E-8AF4-3EBF964AEDE3}","interstate":null,"interstate_a":null,"interstate_b":null,"interstate_c":null,"loaddate":1568217705000,"mtfcc_code":"S1200","name":"US Hwy 119","objectid":9807202,"permanent_identifier":"c517c7f4-8a52-41d6-8755-b20f32b1e092","real_world_relation":"REFERENCE_ONLY","shape_Length":356.08121234884925,"source_datadesc":"2018 May MAF/TIGER","source_datasetid":"{9298FF95-0FA8-4712-9AA5-9292C907CA63}","source_featureid":"1101747011831","source_id":"REF-KANAWHA-SECONDARY-ROADS","source_originator":"U.S. Department of Commerce, U.S. Census Bureau, Geography Division","state_route":null,"state_route_a":null,"state_route_b":null,"state_route_c":null,"stco_fipscode":"54039","tnmfrc":2,"us_route":"119","us_route_a":"119","us_route_b":null,"us_route_c":null},"type":"Feature"},{"geometry":{"coordinates":[[-81.649987,38.349353],[-81.649969,38.349376],[-81.649374,38.350107]],"type":"LineString"},"id":"REF-KANAWHA-SECONDARY-ROADS-123","properties":{"canon_status":"REAL_REFERENCE","county_route":null,"federal_lands_route":null,"fictionality":"REAL","globalid":"{F1880526-E59B-4F4F-9A51-AEBA4A81109E}","interstate":null,"interstate_a":null,"interstate_b":null,"interstate_c":null,"loaddate":1474001292000,"mtfcc_code":"S1200","name":"US Hwy 119","objectid":9848270,"permanent_identifier":"49c945f4-6273-4f41-9252-fd886df3c204","real_world_relation":"REFERENCE_ONLY","shape_Length":126.93131529262726,"source_datadesc":"2016 January MAFTIGER","source_datasetid":"{9298FF95-0FA8-4712-9AA5-9292C907CA63}","source_featureid":"1101747011817","source_id":"REF-KANAWHA-SECONDARY-ROADS","source_originator":"U.S. Department of Commerce, U.S. Census Bureau, Geography Division","state_route":null,"state_route_a":null,"state_route_b":null,"state_route_c":null,"stco_fipscode":"54039","tnmfrc":2,"us_route":"119","us_route_a":"119","us_route_b":null,"us_route_c":null},"type":"Feature"},{"geometry":{"coordinates":[[-81.668245,38.373145],[-81.668045,38.373395],[-81.667917,38.373557]],"type":"LineString"},"id":"REF-KANAWHA-SECONDARY-ROADS-124","properties":{"canon_status":"REAL_REFERENCE","county_route":null,"federal_lands_route":null,"fictionality":"REAL","globalid":"{7BA19FFF-1666-4280-86A1-65B8C135A5C5}","interstate":null,"interstate_a":null,"interstate_b":null,"interstate_c":null,"loaddate":1474002440000,"mtfcc_code":"S1200","name":"Iowa St","objectid":9975588,"permanent_identifier":"c9849928-6a47-4a38-a84d-535ad6a8d6be","real_world_relation":"REFERENCE_ONLY","shape_Length":68.96059341651446,"source_datadesc":"2016 January MAFTIGER","source_datasetid":"{9298FF95-0FA8-4712-9AA5-9292C907CA63}","source_featureid":"1105013709515","source_id":"REF-KANAWHA-SECONDARY-ROADS","source_originator":"U.S. Department of Commerce, U.S. Census Bureau, Geography Division","state_route":null,"state_route_a":null,"state_route_b":null,"state_route_c":null,"stco_fipscode":"54039","tnmfrc":2,"us_route":"60","us_route_a":"60","us_route_b":null,"us_route_c":null},"type":"Feature"},{"geometry":{"coordinates":[[-81.612291,38.365356],[-81.612563,38.365018]],"type":"LineString"},"id":"REF-KANAWHA-SECONDARY-ROADS-125","properties":{"canon_status":"REAL_REFERENCE","county_route":null,"federal_lands_route":null,"fictionality":"REAL","globalid":"{AE1A2CEC-86C0-4611-A71A-D69B4DDB2113}","interstate":null,"interstate_a":null,"interstate_b":null,"interstate_c":null,"loaddate":1474002125000,"mtfcc_code":"S1200","name":"Pennsylvania Ave","objectid":9975654,"permanent_identifier":"a4652f5a-c227-4dff-8c8b-b0cd9dc2e19a","real_world_relation":"REFERENCE_ONLY","shape_Length":56.742047281500604,"source_datadesc":"2016 January MAFTIGER","source_datasetid":"{9298FF95-0FA8-4712-9AA5-9292C907CA63}","source_featureid":"1101747020373","source_id":"REF-KANAWHA-SECONDARY-ROADS","source_originator":"U.S. Department of Commerce, U.S. Census Bureau, Geography Division","state_route":null,"state_route_a":null,"state_route_b":null,"state_route_c":null,"stco_fipscode":"54039","tnmfrc":2,"us_route":"119","us_route_a":"119","us_route_b":null,"us_route_c":null},"type":"Feature"},{"geometry":{"coordinates":[[-81.626779,38.346643],[-81.626331,38.34627],[-81.626212,38.346171],[-81.626048,38.346027],[-81.625958,38.345949]],"type":"LineString"},"id":"REF-KANAWHA-SECONDARY-ROADS-126","properties":{"canon_status":"REAL_REFERENCE","county_route":null,"federal_lands_route":null,"fictionality":"REAL","globalid":"{A3FA3E83-C8E7-4521-B38D-1EEDFC6D9119}","interstate":null,"interstate_a":null,"interstate_b":null,"interstate_c":null,"loaddate":1474003098000,"mtfcc_code":"S1200","name":"Washington St E","objectid":10103069,"permanent_identifier":"7ebd5fb5-4d6c-4ce3-91e1-f60bbb535658","real_world_relation":"REFERENCE_ONLY","shape_Length":134.3819117840911,"source_datadesc":"2016 January MAFTIGER","source_datasetid":"{9298FF95-0FA8-4712-9AA5-9292C907CA63}","source_featureid":"1101747019658","source_id":"REF-KANAWHA-SECONDARY-ROADS","source_originator":"U.S. Department of Commerce, U.S. Census Bureau, Geography Division","state_route":null,"state_route_a":null,"state_route_b":null,"state_route_c":null,"stco_fipscode":"54039","tnmfrc":2,"us_route":"60","us_route_a":"60","us_route_b":null,"us_route_c":null},"type":"Feature"},{"geometry":{"coordinates":[[-81.599289,38.381425],[-81.599723,38.381128],[-81.599871,38.381011],[-81.60006,38.380849],[-81.600948,38.380012],[-81.601324,38.379593],[-81.602139,38.378556],[-81.603028,38.377403],[-81.604314,38.375768]],"type":"LineString"},"id":"REF-KANAWHA-SECONDARY-ROADS-127","properties":{"canon_status":"REAL_REFERENCE","county_route":null,"federal_lands_route":null,"fictionality":"REAL","globalid":"{F5B80A45-4C53-4EBF-A50D-060A15DA58D4}","interstate":null,"interstate_a":null,"interstate_b":null,"interstate_c":null,"loaddate":1474002125000,"mtfcc_code":"S1200","name":"Pennsylvania Ave","objectid":10231082,"permanent_identifier":"4d7059f6-5d42-4142-ab48-e69d8409b84a","real_world_relation":"REFERENCE_ONLY","shape_Length":982.9569904122297,"source_datadesc":"2016 January MAFTIGER","source_datasetid":"{9298FF95-0FA8-4712-9AA5-9292C907CA63}","source_featureid":"1101747020373","source_id":"REF-KANAWHA-SECONDARY-ROADS","source_originator":"U.S. Department of Commerce, U.S. Census Bureau, Geography Division","state_route":null,"state_route_a":null,"state_route_b":null,"state_route_c":null,"stco_fipscode":"54039","tnmfrc":2,"us_route":"119","us_route_a":"119","us_route_b":null,"us_route_c":null},"type":"Feature"},{"geometry":{"coordinates":[[-81.596769,38.334103],[-81.596105,38.334033],[-81.594848,38.333885],[-81.593933,38.333757],[-81.591706,38.333412],[-81.590056,38.333162],[-81.588985,38.33299],[-81.588454,38.33289],[-81.587929,38.332775],[-81.587231,38.332605],[-81.587141,38.332579]],"type":"LineString"},"id":"REF-KANAWHA-SECONDARY-ROADS-128","properties":{"canon_status":"REAL_REFERENCE","county_route":null,"federal_lands_route":null,"fictionality":"REAL","globalid":"{C233D16F-C478-4D84-AC48-93EB8362A89D}","interstate":null,"interstate_a":null,"interstate_b":null,"interstate_c":null,"loaddate":1474002524000,"mtfcc_code":"S1200","name":"Kanawha Blvd E","objectid":10231177,"permanent_identifier":"7073ca2b-fc63-4a8f-800e-86fa94d80615","real_world_relation":"REFERENCE_ONLY","shape_Length":1094.51265025133,"source_datadesc":"2016 January MAFTIGER","source_datasetid":"{9298FF95-0FA8-4712-9AA5-9292C907CA63}","source_featureid":"1101747016796","source_id":"REF-KANAWHA-SECONDARY-ROADS","source_originator":"U.S. Department of Commerce, U.S. Census Bureau, Geography Division","state_route":null,"state_route_a":null,"state_route_b":null,"state_route_c":null,"stco_fipscode":"54039","tnmfrc":2,"us_route":"60","us_route_a":"60","us_route_b":null,"us_route_c":null},"type":"Feature"},{"geometry":{"coordinates":[[-81.66351,38.373444],[-81.663724,38.373563],[-81.664176,38.37379],[-81.664556,38.373991]],"type":"LineString"},"id":"REF-KANAWHA-SECONDARY-ROADS-129","properties":{"canon_status":"REAL_REFERENCE","county_route":null,"federal_lands_route":null,"fictionality":"REAL","globalid":"{D35761EE-502E-4DD2-9246-5BC0A4B3178E}","interstate":null,"interstate_a":null,"interstate_b":null,"interstate_c":null,"loaddate":1568217705000,"mtfcc_code":"S1200","name":"Washington St W","objectid":10318092,"permanent_identifier":"2db97c72-0017-4614-928e-4ab61b587db0","real_world_relation":"REFERENCE_ONLY","shape_Length":139.99075870914996,"source_datadesc":"2016 January MAFTIGER","source_datasetid":"{9298FF95-0FA8-4712-9AA5-9292C907CA63}","source_featureid":"1101747019661","source_id":"REF-KANAWHA-SECONDARY-ROADS","source_originator":"U.S. Department of Commerce, U.S. Census Bureau, Geography Division","state_route":null,"state_route_a":null,"state_route_b":null,"state_route_c":null,"stco_fipscode":"54039","tnmfrc":2,"us_route":"60","us_route_a":"60","us_route_b":null,"us_route_c":null},"type":"Feature"},{"geometry":{"coordinates":[[-81.464995,38.211075],[-81.464921,38.211135]],"type":"LineString"},"id":"REF-KANAWHA-SECONDARY-ROADS-130","properties":{"canon_status":"REAL_REFERENCE","county_route":null,"federal_lands_route":null,"fictionality":"REAL","globalid":"{3AD31E4A-F22F-4A08-8BD0-771413DCB719}","interstate":null,"interstate_a":null,"interstate_b":null,"interstate_c":null,"loaddate":1474003130000,"mtfcc_code":"S1200","name":"E Dupont Ave","objectid":10358625,"permanent_identifier":"aa05343b-949e-4811-a952-ec2ed1fb1e32","real_world_relation":"REFERENCE_ONLY","shape_Length":11.837153440076056,"source_datadesc":"2016 January MAFTIGER","source_datasetid":"{9298FF95-0FA8-4712-9AA5-9292C907CA63}","source_featureid":"1104469613929","source_id":"REF-KANAWHA-SECONDARY-ROADS","source_originator":"U.S. Department of Commerce, U.S. Census Bureau, Geography Division","state_route":null,"state_route_a":null,"state_route_b":null,"state_route_c":null,"stco_fipscode":"54039","tnmfrc":2,"us_route":"60","us_route_a":"60","us_route_b":null,"us_route_c":null},"type":"Feature"},{"geometry":{"coordinates":[[-81.558934,38.312795],[-81.559019,38.312969]],"type":"LineString"},"id":"REF-KANAWHA-SECONDARY-ROADS-131","properties":{"canon_status":"REAL_REFERENCE","county_route":null,"federal_lands_route":null,"fictionality":"REAL","globalid":"{48F25D55-FA40-4439-8936-FB772BD1166A}","interstate":null,"interstate_a":null,"interstate_b":null,"interstate_c":null,"loaddate":1474003190000,"mtfcc_code":"S1200","name":"Kanawha Ave","objectid":10358633,"permanent_identifier":"e5d64153-62d0-4e71-a019-45a72853d027","real_world_relation":"REFERENCE_ONLY","shape_Length":26.437412165342256,"source_datadesc":"2016 January MAFTIGER","source_datasetid":"{9298FF95-0FA8-4712-9AA5-9292C907CA63}","source_featureid":"1101747016795","source_id":"REF-KANAWHA-SECONDARY-ROADS","source_originator":"U.S. Department of Commerce, U.S. Census Bureau, Geography Division","state_route":null,"state_route_a":null,"state_route_b":null,"state_route_c":null,"stco_fipscode":"54039","tnmfrc":2,"us_route":"60","us_route_a":"60","us_route_b":null,"us_route_c":null},"type":"Feature"},{"geometry":{"coordinates":[[-81.536246,38.231579],[-81.535874,38.231253],[-81.535166,38.230592],[-81.534165,38.229716]],"type":"LineString"},"id":"REF-KANAWHA-SECONDARY-ROADS-132","properties":{"canon_status":"REAL_REFERENCE","county_route":null,"federal_lands_route":null,"fictionality":"REAL","globalid":"{1DF75959-A4D6-4EA2-89F7-99255CA689C0}","interstate":null,"interstate_a":null,"interstate_b":null,"interstate_c":null,"loaddate":1568217705000,"mtfcc_code":"S1200","name":"US Hwy 60","objectid":10445652,"permanent_identifier":"184fe89f-639e-4156-9644-cbb9a766c6a2","real_world_relation":"REFERENCE_ONLY","shape_Length":351.27483723066536,"source_datadesc":"2018 May MAF/TIGER","source_datasetid":"{9298FF95-0FA8-4712-9AA5-9292C907CA63}","source_featureid":"1101747011699","source_id":"REF-KANAWHA-SECONDARY-ROADS","source_originator":"U.S. Department of Commerce, U.S. Census Bureau, Geography Division","state_route":null,"state_route_a":null,"state_route_b":null,"state_route_c":null,"stco_fipscode":"54039","tnmfrc":2,"us_route":"60","us_route_a":"60","us_route_b":null,"us_route_c":null},"type":"Feature"},{"geometry":{"coordinates":[[-81.631558,38.360746],[-81.631488,38.360766]],"type":"LineString"},"id":"REF-KANAWHA-SECONDARY-ROADS-133","properties":{"canon_status":"REAL_REFERENCE","county_route":null,"federal_lands_route":null,"fictionality":"REAL","globalid":"{76123816-DD80-4BB6-9E5B-FB8BEDB06A56}","interstate":null,"interstate_a":null,"interstate_b":null,"interstate_c":null,"loaddate":1474001917000,"mtfcc_code":"S1200","name":"Bigley Ave","objectid":10486404,"permanent_identifier":"60069d73-fa00-435a-94b6-7c8b4b5b164a","real_world_relation":"REFERENCE_ONLY","shape_Length":8.293499360232383,"source_datadesc":"2016 January MAFTIGER","source_datasetid":"{9298FF95-0FA8-4712-9AA5-9292C907CA63}","source_featureid":"1101747015032","source_id":"REF-KANAWHA-SECONDARY-ROADS","source_originator":"U.S. Department of Commerce, U.S. Census Bureau, Geography Division","state_route":null,"state_route_a":null,"state_route_b":null,"state_route_c":null,"stco_fipscode":"54039","tnmfrc":2,"us_route":"119","us_route_a":"119","us_route_b":null,"us_route_c":null},"type":"Feature"},{"geometry":{"coordinates":[[-81.474816,38.205195],[-81.473903,38.205412],[-81.473691,38.205466]],"type":"LineString"},"id":"REF-KANAWHA-SECONDARY-ROADS-134","properties":{"canon_status":"REAL_REFERENCE","county_route":null,"federal_lands_route":null,"fictionality":"REAL","globalid":"{B2732ADF-C9C6-4E93-B40F-565C4B51175B}","interstate":null,"interstate_a":null,"interstate_b":null,"interstate_c":null,"loaddate":1474003130000,"mtfcc_code":"S1200","name":"E Dupont Ave","objectid":10486477,"permanent_identifier":"c354300d-c8bf-4dc9-88a1-da68e3b4bf82","real_world_relation":"REFERENCE_ONLY","shape_Length":130.9907474117856,"source_datadesc":"2016 January MAFTIGER","source_datasetid":"{9298FF95-0FA8-4712-9AA5-9292C907CA63}","source_featureid":"1104469613929","source_id":"REF-KANAWHA-SECONDARY-ROADS","source_originator":"U.S. Department of Commerce, U.S. Census Bureau, Geography Division","state_route":null,"state_route_a":null,"state_route_b":null,"state_route_c":null,"stco_fipscode":"54039","tnmfrc":2,"us_route":"60","us_route_a":"60","us_route_b":null,"us_route_c":null},"type":"Feature"},{"geometry":{"coordinates":[[-81.613811,38.364053],[-81.61411,38.363958],[-81.614442,38.363845]],"type":"LineString"},"id":"REF-KANAWHA-SECONDARY-ROADS-135","properties":{"canon_status":"REAL_REFERENCE","county_route":null,"federal_lands_route":null,"fictionality":"REAL","globalid":"{22E9F880-6F80-4827-A02B-4DFD52141775}","interstate":null,"interstate_a":null,"interstate_b":null,"interstate_c":null,"loaddate":1474001912000,"mtfcc_code":"S1200","name":"Bigley Ave","objectid":10486490,"permanent_identifier":"401fed68-49b8-4907-936e-20edfb61f753","real_world_relation":"REFERENCE_ONLY","shape_Length":76.20335287256117,"source_datadesc":"2016 January MAFTIGER","source_datasetid":"{9298FF95-0FA8-4712-9AA5-9292C907CA63}","source_featureid":"1101747015031","source_id":"REF-KANAWHA-SECONDARY-ROADS","source_originator":"U.S. Department of Commerce, U.S. Census Bureau, Geography Division","state_route":null,"state_route_a":null,"state_route_b":null,"state_route_c":null,"stco_fipscode":"54039","tnmfrc":2,"us_route":"119","us_route_a":"119","us_route_b":null,"us_route_c":null},"type":"Feature"},{"geometry":{"coordinates":[[-81.584335,38.33158],[-81.58362,38.331305]],"type":"LineString"},"id":"REF-KANAWHA-SECONDARY-ROADS-136","properties":{"canon_status":"REAL_REFERENCE","county_route":null,"federal_lands_route":null,"fictionality":"REAL","globalid":"{4687450B-91B2-487C-981A-2761B606B5ED}","interstate":null,"interstate_a":null,"interstate_b":null,"interstate_c":null,"loaddate":1474001381000,"mtfcc_code":"S1200","name":"Kanawha Blvd E","objectid":10486779,"permanent_identifier":"ae920504-df3b-4ae6-90cd-4f28a3a9ed87","real_world_relation":"REFERENCE_ONLY","shape_Length":88.64583105750914,"source_datadesc":"2016 January MAFTIGER","source_datasetid":"{9298FF95-0FA8-4712-9AA5-9292C907CA63}","source_featureid":"1101747016796","source_id":"REF-KANAWHA-SECONDARY-ROADS","source_originator":"U.S. Department of Commerce, U.S. Census Bureau, Geography Division","state_route":null,"state_route_a":null,"state_route_b":null,"state_route_c":null,"stco_fipscode":"54039","tnmfrc":2,"us_route":"60","us_route_a":"60","us_route_b":null,"us_route_c":null},"type":"Feature"},{"geometry":{"coordinates":[[-81.631488,38.360766],[-81.631416,38.360776],[-81.631396,38.360782],[-81.631321,38.360788],[-81.631228,38.360781],[-81.631191,38.360774]],"type":"LineString"},"id":"REF-KANAWHA-SECONDARY-ROADS-137","properties":{"canon_status":"REAL_REFERENCE","county_route":null,"federal_lands_route":null,"fictionality":"REAL","globalid":"{7CE008FF-93B6-4A02-84A0-3B851D8CEAFD}","interstate":null,"interstate_a":null,"interstate_b":null,"interstate_c":null,"loaddate":1474001917000,"mtfcc_code":"S1200","name":"Bigley Ave","objectid":10741811,"permanent_identifier":"97747f2c-5998-4df2-9b8b-6a6b5aa020d2","real_world_relation":"REFERENCE_ONLY","shape_Length":33.55317545002641,"source_datadesc":"2016 January MAFTIGER","source_datasetid":"{9298FF95-0FA8-4712-9AA5-9292C907CA63}","source_featureid":"1101747015032","source_id":"REF-KANAWHA-SECONDARY-ROADS","source_originator":"U.S. Department of Commerce, U.S. Census Bureau, Geography Division","state_route":null,"state_route_a":null,"state_route_b":null,"state_route_c":null,"stco_fipscode":"54039","tnmfrc":2,"us_route":"119","us_route_a":"119","us_route_b":null,"us_route_c":null},"type":"Feature"},{"geometry":{"coordinates":[[-81.645211,38.35747],[-81.644648,38.357745],[-81.644319,38.357896]],"type":"LineString"},"id":"REF-KANAWHA-SECONDARY-ROADS-138","properties":{"canon_status":"REAL_REFERENCE","county_route":null,"federal_lands_route":null,"fictionality":"REAL","globalid":"{F6B66322-2ABB-428B-B72F-F9BAB585A45F}","interstate":null,"interstate_a":null,"interstate_b":null,"interstate_c":null,"loaddate":1568217705000,"mtfcc_code":"S1200","name":"Pennsylvania Ave","objectid":10828769,"permanent_identifier":"745c9dd7-2588-4498-9080-72a5c22cc69d","real_world_relation":"REFERENCE_ONLY","shape_Length":116.27373848376544,"source_datadesc":"2016 January MAFTIGER","source_datasetid":"{9298FF95-0FA8-4712-9AA5-9292C907CA63}","source_featureid":"1101747020371","source_id":"REF-KANAWHA-SECONDARY-ROADS","source_originator":"U.S. Department of Commerce, U.S. Census Bureau, Geography Division","state_route":null,"state_route_a":null,"state_route_b":null,"state_route_c":null,"stco_fipscode":"54039","tnmfrc":2,"us_route":"119","us_route_a":"119","us_route_b":null,"us_route_c":null},"type":"Feature"},{"geometry":{"coordinates":[[-81.6844,38.367182],[-81.683976,38.367061],[-81.683559,38.366927],[-81.683312,38.36684],[-81.682589,38.366617],[-81.682,38.366429],[-81.680484,38.365924],[-81.679539,38.365617],[-81.679011,38.365455],[-81.67808,38.365183],[-81.677278,38.364967]],"type":"LineString"},"id":"REF-KANAWHA-SECONDARY-ROADS-139","properties":{"canon_status":"REAL_REFERENCE","county_route":null,"federal_lands_route":null,"fictionality":"REAL","globalid":"{18EC2E85-56C9-44EC-8092-4BB8FDD289A4}","interstate":null,"interstate_a":null,"interstate_b":null,"interstate_c":null,"loaddate":1474003169000,"mtfcc_code":"S1200","name":"Maccorkle Ave SW","objectid":10869621,"permanent_identifier":"8c56774c-d09f-4413-a2b1-e8785d5255d1","real_world_relation":"REFERENCE_ONLY","shape_Length":853.1632241504824,"source_datadesc":"2016 January MAFTIGER","source_datasetid":"{9298FF95-0FA8-4712-9AA5-9292C907CA63}","source_featureid":"1101747018891","source_id":"REF-KANAWHA-SECONDARY-ROADS","source_originator":"U.S. Department of Commerce, U.S. Census Bureau, Geography Division","state_route":null,"state_route_a":null,"state_route_b":null,"state_route_c":null,"stco_fipscode":"54039","tnmfrc":2,"us_route":"60","us_route_a":"60","us_route_b":null,"us_route_c":null},"type":"Feature"},{"geometry":{"coordinates":[[-81.630775,38.349944],[-81.630346,38.349586]],"type":"LineString"},"id":"REF-KANAWHA-SECONDARY-ROADS-140","properties":{"canon_status":"REAL_REFERENCE","county_route":null,"federal_lands_route":null,"fictionality":"REAL","globalid":"{000F5AB7-D6BD-4517-9DCF-288306254F29}","interstate":null,"interstate_a":null,"interstate_b":null,"interstate_c":null,"loaddate":1474002342000,"mtfcc_code":"S1200","name":"Washington St E","objectid":10869631,"permanent_identifier":"4c5e82db-d69a-43bf-99c7-07b7f47a6c55","real_world_relation":"REFERENCE_ONLY","shape_Length":69.73508504754568,"source_datadesc":"2016 January MAFTIGER","source_datasetid":"{9298FF95-0FA8-4712-9AA5-9292C907CA63}","source_featureid":"1101747019658","source_id":"REF-KANAWHA-SECONDARY-ROADS","source_originator":"U.S. Department of Commerce, U.S. Census Bureau, Geography Division","state_route":null,"state_route_a":null,"state_route_b":null,"state_route_c":null,"stco_fipscode":"54039","tnmfrc":2,"us_route":"60","us_route_a":"60","us_route_b":null,"us_route_c":null},"type":"Feature"},{"geometry":{"coordinates":[[-81.491856,38.199904],[-81.491445,38.199951],[-81.490347,38.200086],[-81.490087,38.200122],[-81.489685,38.200192],[-81.489307,38.200268],[-81.488907,38.200365],[-81.488525,38.20047],[-81.48815,38.20059],[-81.487479,38.200834]],"type":"LineString"},"id":"REF-KANAWHA-SECONDARY-ROADS-141","properties":{"canon_status":"REAL_REFERENCE","county_route":null,"federal_lands_route":null,"fictionality":"REAL","globalid":"{86A62C0F-57D9-4556-8C1B-C55A982715E7}","interstate":null,"interstate_a":null,"interstate_b":null,"interstate_c":null,"loaddate":1474003190000,"mtfcc_code":"S1200","name":"Sheldon Ln","objectid":10869713,"permanent_identifier":"12532ef5-8ec0-45b2-b2b3-e4c41b955644","real_world_relation":"REFERENCE_ONLY","shape_Length":507.63639434112883,"source_datadesc":"2016 January MAFTIGER","source_datasetid":"{9298FF95-0FA8-4712-9AA5-9292C907CA63}","source_featureid":"1104469097844","source_id":"REF-KANAWHA-SECONDARY-ROADS","source_originator":"U.S. Department of Commerce, U.S. Census Bureau, Geography Division","state_route":null,"state_route_a":null,"state_route_b":null,"state_route_c":null,"stco_fipscode":"54039","tnmfrc":2,"us_route":"60","us_route_a":"60","us_route_b":null,"us_route_c":null},"type":"Feature"},{"geometry":{"coordinates":[[-81.559398,38.313447],[-81.559891,38.314382],[-81.560003,38.314572]],"type":"LineString"},"id":"REF-KANAWHA-SECONDARY-ROADS-142","properties":{"canon_status":"REAL_REFERENCE","county_route":null,"federal_lands_route":null,"fictionality":"REAL","globalid":"{99F9AFCE-791D-4B84-978E-214B2BE9D1B3}","interstate":null,"interstate_a":null,"interstate_b":null,"interstate_c":null,"loaddate":1474002011000,"mtfcc_code":"S1200","name":"Kanawha St","objectid":10997355,"permanent_identifier":"0b220a01-3175-4a99-a2b2-bdb8ab87619d","real_world_relation":"REFERENCE_ONLY","shape_Length":173.2584278817032,"source_datadesc":"2016 January MAFTIGER","source_datasetid":"{9298FF95-0FA8-4712-9AA5-9292C907CA63}","source_featureid":"1101747016794","source_id":"REF-KANAWHA-SECONDARY-ROADS","source_originator":"U.S. Department of Commerce, U.S. Census Bureau, Geography Division","state_route":null,"state_route_a":null,"state_route_b":null,"state_route_c":null,"stco_fipscode":"54039","tnmfrc":2,"us_route":"60","us_route_a":"60","us_route_b":null,"us_route_c":null},"type":"Feature"},{"geometry":{"coordinates":[[-81.642793,38.360811],[-81.643342,38.361495]],"type":"LineString"},"id":"REF-KANAWHA-SECONDARY-ROADS-143","properties":{"canon_status":"REAL_REFERENCE","county_route":null,"federal_lands_route":null,"fictionality":"REAL","globalid":"{1EC5600C-3A7D-462F-B36B-F977400E0CDB}","interstate":null,"interstate_a":null,"interstate_b":null,"interstate_c":null,"loaddate":1474002007000,"mtfcc_code":"S1200","name":"Lee St W","objectid":10997364,"permanent_identifier":"f2fe4235-fbe9-4ec5-8001-cd9e3394e56c","real_world_relation":"REFERENCE_ONLY","shape_Length":114.7371901752704,"source_datadesc":"2016 January MAFTIGER","source_datasetid":"{9298FF95-0FA8-4712-9AA5-9292C907CA63}","source_featureid":"1101747012322","source_id":"REF-KANAWHA-SECONDARY-ROADS","source_originator":"U.S. Department of Commerce, U.S. Census Bureau, Geography Division","state_route":null,"state_route_a":null,"state_route_b":null,"state_route_c":null,"stco_fipscode":"54039","tnmfrc":2,"us_route":"60","us_route_a":"60","us_route_b":null,"us_route_c":null},"type":"Feature"},{"geometry":{"coordinates":[[-81.464559,38.211409],[-81.464391,38.211527]],"type":"LineString"},"id":"REF-KANAWHA-SECONDARY-ROADS-144","properties":{"canon_status":"REAL_REFERENCE","county_route":null,"federal_lands_route":null,"fictionality":"REAL","globalid":"{3A98D115-1576-4AAE-BB4F-E17BDE5A811C}","interstate":null,"interstate_a":null,"interstate_b":null,"interstate_c":null,"loaddate":1474003130000,"mtfcc_code":"S1200","name":"E Dupont Ave","objectid":11124994,"permanent_identifier":"682c4538-e23f-4e1d-924a-064bbad25ff4","real_world_relation":"REFERENCE_ONLY","shape_Length":25.08455851888563,"source_datadesc":"2016 January MAFTIGER","source_datasetid":"{9298FF95-0FA8-4712-9AA5-9292C907CA63}","source_featureid":"1104469613929","source_id":"REF-KANAWHA-SECONDARY-ROADS","source_originator":"U.S. Department of Commerce, U.S. Census Bureau, Geography Division","state_route":null,"state_route_a":null,"state_route_b":null,"state_route_c":null,"stco_fipscode":"54039","tnmfrc":2,"us_route":"60","us_route_a":"60","us_route_b":null,"us_route_c":null},"type":"Feature"},{"geometry":{"coordinates":[[-81.607833,38.3704],[-81.607955,38.370198],[-81.608287,38.369675],[-81.608521,38.369331],[-81.608766,38.368991],[-81.609021,38.368657],[-81.609288,38.36833],[-81.609566,38.368011],[-81.609928,38.367619],[-81.610311,38.367251]],"type":"LineString"},"id":"REF-KANAWHA-SECONDARY-ROADS-145","properties":{"canon_status":"REAL_REFERENCE","county_route":null,"federal_lands_route":null,"fictionality":"REAL","globalid":"{A4A1CF40-5B13-41B2-B2C6-3CC811794825}","interstate":null,"interstate_a":null,"interstate_b":null,"interstate_c":null,"loaddate":1474002125000,"mtfcc_code":"S1200","name":"Pennsylvania Ave","objectid":11252416,"permanent_identifier":"838c7a58-0ab2-4f3c-a46c-51bb343a7750","real_world_relation":"REFERENCE_ONLY","shape_Length":526.8843843472289,"source_datadesc":"2016 January MAFTIGER","source_datasetid":"{9298FF95-0FA8-4712-9AA5-9292C907CA63}","source_featureid":"1101747020373","source_id":"REF-KANAWHA-SECONDARY-ROADS","source_originator":"U.S. Department of Commerce, U.S. Census Bureau, Geography Division","state_route":null,"state_route_a":null,"state_route_b":null,"state_route_c":null,"stco_fipscode":"54039","tnmfrc":2,"us_route":"119","us_route_a":"119","us_route_b":null,"us_route_c":null},"type":"Feature"},{"geometry":{"coordinates":[[-81.542954,38.237745],[-81.542834,38.237636],[-81.542642,38.237442],[-81.542432,38.237209],[-81.541597,38.236283],[-81.541376,38.236046],[-81.541259,38.235927],[-81.541005,38.235688],[-81.538266,38.233295],[-81.537496,38.232622],[-81.536758,38.232021],[-81.536381,38.231696],[-81.536246,38.231579]],"type":"LineString"},"id":"REF-KANAWHA-SECONDARY-ROADS-146","properties":{"canon_status":"REAL_REFERENCE","county_route":null,"federal_lands_route":null,"fictionality":"REAL","globalid":"{A4EF5A07-144F-46CC-B4AA-59A2DF8C3A14}","interstate":null,"interstate_a":null,"interstate_b":null,"interstate_c":null,"loaddate":1474001297000,"mtfcc_code":"S1200","name":"US Hwy 60","objectid":11252724,"permanent_identifier":"042a3c38-5924-4282-bb7f-0bb6c1a712a9","real_world_relation":"REFERENCE_ONLY","shape_Length":1150.901316486457,"source_datadesc":"2016 January MAFTIGER","source_datasetid":"{9298FF95-0FA8-4712-9AA5-9292C907CA63}","source_featureid":"1101747011699","source_id":"REF-KANAWHA-SECONDARY-ROADS","source_originator":"U.S. Department of Commerce, U.S. Census Bureau, Geography Division","state_route":null,"state_route_a":null,"state_route_b":null,"state_route_c":null,"stco_fipscode":"54039","tnmfrc":2,"us_route":"60","us_route_a":"60","us_route_b":null,"us_route_c":null},"type":"Feature"},{"geometry":{"coordinates":[[-81.647562,38.352484],[-81.647361,38.352831]],"type":"LineString"},"id":"REF-KANAWHA-SECONDARY-ROADS-147","properties":{"canon_status":"REAL_REFERENCE","county_route":null,"federal_lands_route":null,"fictionality":"REAL","globalid":"{46505802-547F-438C-BB40-E5F6DE0F2668}","interstate":null,"interstate_a":null,"interstate_b":null,"interstate_c":null,"loaddate":1568217705000,"mtfcc_code":"S1200","name":"US Hwy 119","objectid":11595180,"permanent_identifier":"b7da70e6-2f4e-4b9a-a879-8db55380a88c","real_world_relation":"REFERENCE_ONLY","shape_Length":54.01811786728415,"source_datadesc":"2018 May MAF/TIGER","source_datasetid":"{9298FF95-0FA8-4712-9AA5-9292C907CA63}","source_featureid":"1101747011837","source_id":"REF-KANAWHA-SECONDARY-ROADS","source_originator":"U.S. Department of Commerce, U.S. Census Bureau, Geography Division","state_route":null,"state_route_a":null,"state_route_b":null,"state_route_c":null,"stco_fipscode":"54039","tnmfrc":2,"us_route":"119","us_route_a":"119","us_route_b":null,"us_route_c":null},"type":"Feature"},{"geometry":{"coordinates":[[-81.643342,38.361495],[-81.643635,38.361862]],"type":"LineString"},"id":"REF-KANAWHA-SECONDARY-ROADS-148","properties":{"canon_status":"REAL_REFERENCE","county_route":null,"federal_lands_route":null,"fictionality":"REAL","globalid":"{D785A00B-059D-4379-8CA6-58397CC16D6E}","interstate":null,"interstate_a":null,"interstate_b":null,"interstate_c":null,"loaddate":1474002007000,"mtfcc_code":"S1200","name":"Lee St W","objectid":11635997,"permanent_identifier":"2e4946a8-1c4e-414f-9fd2-9af2914bfcd2","real_world_relation":"REFERENCE_ONLY","shape_Length":61.4698654882205,"source_datadesc":"2016 January MAFTIGER","source_datasetid":"{9298FF95-0FA8-4712-9AA5-9292C907CA63}","source_featureid":"1101747012322","source_id":"REF-KANAWHA-SECONDARY-ROADS","source_originator":"U.S. Department of Commerce, U.S. Census Bureau, Geography Division","state_route":null,"state_route_a":null,"state_route_b":null,"state_route_c":null,"stco_fipscode":"54039","tnmfrc":2,"us_route":"60","us_route_a":"60","us_route_b":null,"us_route_c":null},"type":"Feature"},{"geometry":{"coordinates":[[-81.641523,38.359231],[-81.641552,38.359274]],"type":"LineString"},"id":"REF-KANAWHA-SECONDARY-ROADS-149","properties":{"canon_status":"REAL_REFERENCE","county_route":null,"federal_lands_route":null,"fictionality":"REAL","globalid":"{605375B2-6E05-4F2E-9B91-E8EBF6D33B44}","interstate":null,"interstate_a":null,"interstate_b":null,"interstate_c":null,"loaddate":1474002007000,"mtfcc_code":"S1200","name":"Lee St W","objectid":11636003,"permanent_identifier":"5837357e-a835-419a-aecf-ccf14d275c51","real_world_relation":"REFERENCE_ONLY","shape_Length":6.90551920764434,"source_datadesc":"2016 January MAFTIGER","source_datasetid":"{9298FF95-0FA8-4712-9AA5-9292C907CA63}","source_featureid":"1101747012322","source_id":"REF-KANAWHA-SECONDARY-ROADS","source_originator":"U.S. Department of Commerce, U.S. Census Bureau, Geography Division","state_route":null,"state_route_a":null,"state_route_b":null,"state_route_c":null,"stco_fipscode":"54039","tnmfrc":2,"us_route":"60","us_route_a":"60","us_route_b":null,"us_route_c":null},"type":"Feature"},{"geometry":{"coordinates":[[-81.610337,38.335221],[-81.61006,38.335204]],"type":"LineString"},"id":"REF-KANAWHA-SECONDARY-ROADS-150","properties":{"canon_status":"REAL_REFERENCE","county_route":null,"federal_lands_route":null,"fictionality":"REAL","globalid":"{6EFFE24C-8F2F-4683-86E0-2FADAC92CC96}","interstate":null,"interstate_a":null,"interstate_b":null,"interstate_c":null,"loaddate":1568217705000,"mtfcc_code":"S1200","name":"Kanawha Blvd E","objectid":11722916,"permanent_identifier":"4fe5ac76-90e2-4f4d-9684-d3e371ef0e39","real_world_relation":"REFERENCE_ONLY","shape_Length":30.929738101511866,"source_datadesc":"2016 January MAFTIGER","source_datasetid":"{9298FF95-0FA8-4712-9AA5-9292C907CA63}","source_featureid":"1101747016798","source_id":"REF-KANAWHA-SECONDARY-ROADS","source_originator":"U.S. Department of Commerce, U.S. Census Bureau, Geography Division","state_route":null,"state_route_a":null,"state_route_b":null,"state_route_c":null,"stco_fipscode":"54039","tnmfrc":2,"us_route":"60","us_route_a":"60","us_route_b":null,"us_route_c":null},"type":"Feature"},{"geometry":{"coordinates":[[-81.650412,38.348828],[-81.650239,38.349039],[-81.649987,38.349353]],"type":"LineString"},"id":"REF-KANAWHA-SECONDARY-ROADS-151","properties":{"canon_status":"REAL_REFERENCE","county_route":null,"federal_lands_route":null,"fictionality":"REAL","globalid":"{67257362-90AC-4233-A547-4B8FCDCF64D6}","interstate":null,"interstate_a":null,"interstate_b":null,"interstate_c":null,"loaddate":1568217705000,"mtfcc_code":"S1200","name":"US Hwy 119","objectid":11722917,"permanent_identifier":"94d043e8-7596-4834-a9fc-f041e14ae1ec","real_world_relation":"REFERENCE_ONLY","shape_Length":88.40013991102498,"source_datadesc":"2018 May MAF/TIGER","source_datasetid":"{9298FF95-0FA8-4712-9AA5-9292C907CA63}","source_featureid":"1101747011817","source_id":"REF-KANAWHA-SECONDARY-ROADS","source_originator":"U.S. Department of Commerce, U.S. Census Bureau, Geography Division","state_route":null,"state_route_a":null,"state_route_b":null,"state_route_c":null,"stco_fipscode":"54039","tnmfrc":2,"us_route":"119","us_route_a":"119","us_route_b":null,"us_route_c":null},"type":"Feature"},{"geometry":{"coordinates":[[-81.629848,38.349175],[-81.629441,38.34884]],"type":"LineString"},"id":"REF-KANAWHA-SECONDARY-ROADS-152","properties":{"canon_status":"REAL_REFERENCE","county_route":null,"federal_lands_route":null,"fictionality":"REAL","globalid":"{66423B08-E9CF-47CB-9167-972178CDD5B5}","interstate":null,"interstate_a":null,"interstate_b":null,"interstate_c":null,"loaddate":1474002346000,"mtfcc_code":"S1200","name":"Washington St E","objectid":11763744,"permanent_identifier":"728dbdfa-1472-4e54-847a-e203014242f7","real_world_relation":"REFERENCE_ONLY","shape_Length":65.68004987971605,"source_datadesc":"2016 January MAFTIGER","source_datasetid":"{9298FF95-0FA8-4712-9AA5-9292C907CA63}","source_featureid":"1101747019658","source_id":"REF-KANAWHA-SECONDARY-ROADS","source_originator":"U.S. Department of Commerce, U.S. Census Bureau, Geography Division","state_route":null,"state_route_a":null,"state_route_b":null,"state_route_c":null,"stco_fipscode":"54039","tnmfrc":2,"us_route":"60","us_route_a":"60","us_route_b":null,"us_route_c":null},"type":"Feature"},{"geometry":{"coordinates":[[-81.667505,38.367983],[-81.667157,38.368579]],"type":"LineString"},"id":"REF-KANAWHA-SECONDARY-ROADS-153","properties":{"canon_status":"REAL_REFERENCE","county_route":null,"federal_lands_route":null,"fictionality":"REAL","globalid":"{C3DCF7BA-C245-4F83-B5CE-6576466FC2EF}","interstate":null,"interstate_a":null,"interstate_b":null,"interstate_c":null,"loaddate":1474002007000,"mtfcc_code":"S1200","name":"Patrick St","objectid":11763768,"permanent_identifier":"d3bbf4e8-1e87-4474-9034-5c43ec67df17","real_world_relation":"REFERENCE_ONLY","shape_Length":93.06730832536644,"source_datadesc":"2016 January MAFTIGER","source_datasetid":"{9298FF95-0FA8-4712-9AA5-9292C907CA63}","source_featureid":"1101747017055","source_id":"REF-KANAWHA-SECONDARY-ROADS","source_originator":"U.S. Department of Commerce, U.S. Census Bureau, Geography Division","state_route":null,"state_route_a":null,"state_route_b":null,"state_route_c":null,"stco_fipscode":"54039","tnmfrc":2,"us_route":"60","us_route_a":"60","us_route_b":null,"us_route_c":null},"type":"Feature"},{"geometry":{"coordinates":[[-81.560011,38.289479],[-81.559727,38.290175],[-81.559531,38.290655],[-81.559108,38.291712],[-81.558933,38.292144],[-81.558191,38.293969],[-81.557406,38.295926],[-81.557174,38.296546],[-81.556776,38.297695],[-81.556128,38.299604]],"type":"LineString"},"id":"REF-KANAWHA-SECONDARY-ROADS-154","properties":{"canon_status":"REAL_REFERENCE","county_route":null,"federal_lands_route":null,"fictionality":"REAL","globalid":"{0D00EC3C-984F-4AD6-99B0-2232191CE583}","interstate":null,"interstate_a":null,"interstate_b":null,"interstate_c":null,"loaddate":1568217705000,"mtfcc_code":"S1200","name":"Kanawha Ave","objectid":11850774,"permanent_identifier":"44628bc1-b72a-46cd-ab60-20d14e6882dd","real_world_relation":"REFERENCE_ONLY","shape_Length":1500.0652926361167,"source_datadesc":"2016 January MAFTIGER","source_datasetid":"{9298FF95-0FA8-4712-9AA5-9292C907CA63}","source_featureid":"1101747016795","source_id":"REF-KANAWHA-SECONDARY-ROADS","source_originator":"U.S. Department of Commerce, U.S. Census Bureau, Geography Division","state_route":null,"state_route_a":null,"state_route_b":null,"state_route_c":null,"stco_fipscode":"54039","tnmfrc":2,"us_route":"60","us_route_a":"60","us_route_b":null,"us_route_c":null},"type":"Feature"},{"geometry":{"coordinates":[[-81.650412,38.348828],[-81.650293,38.348772]],"type":"LineString"},"id":"REF-KANAWHA-SECONDARY-ROADS-155","properties":{"canon_status":"REAL_REFERENCE","county_route":null,"federal_lands_route":null,"fictionality":"REAL","globalid":"{6CC606A1-E074-4F41-9268-4D5E1EE0FE6F}","interstate":null,"interstate_a":"","interstate_b":"","interstate_c":"","loaddate":1673511277000,"mtfcc_code":"S1200","name":"US Hwy 119","objectid":11850828,"permanent_identifier":"42a1c3c8-1ec8-454a-b1bb-8e55990dd998","real_world_relation":"REFERENCE_ONLY","shape_Length":15.447096550140529,"source_datadesc":"2018 May MAF/TIGER","source_datasetid":"{9298FF95-0FA8-4712-9AA5-9292C907CA63}","source_featureid":null,"source_id":"REF-KANAWHA-SECONDARY-ROADS","source_originator":"U.S. Department of Commerce, U.S. Census Bureau, Geography Division","state_route":null,"state_route_a":"","state_route_b":"","state_route_c":"","stco_fipscode":"54039","tnmfrc":2,"us_route":"119","us_route_a":"119","us_route_b":"","us_route_c":""},"type":"Feature"},{"geometry":{"coordinates":[[-81.646979,38.36562],[-81.647056,38.365643],[-81.64742,38.365753],[-81.647877,38.365882],[-81.648113,38.365965],[-81.648514,38.36613],[-81.648606,38.366168],[-81.648841,38.366263],[-81.648911,38.366292],[-81.649351,38.366473]],"type":"LineString"},"id":"REF-KANAWHA-SECONDARY-ROADS-156","properties":{"canon_status":"REAL_REFERENCE","county_route":null,"federal_lands_route":null,"fictionality":"REAL","globalid":"{CC0A863D-398F-4F42-BD72-897178D9E679}","interstate":null,"interstate_a":null,"interstate_b":null,"interstate_c":null,"loaddate":1474002342000,"mtfcc_code":"S1200","name":"Washington St W","objectid":12018715,"permanent_identifier":"1fc2461a-39d4-46ff-af39-fcbd0518ef29","real_world_relation":"REFERENCE_ONLY","shape_Length":291.0080778396406,"source_datadesc":"2016 January MAFTIGER","source_datasetid":"{9298FF95-0FA8-4712-9AA5-9292C907CA63}","source_featureid":"1101747019661","source_id":"REF-KANAWHA-SECONDARY-ROADS","source_originator":"U.S. Department of Commerce, U.S. Census Bureau, Geography Division","state_route":null,"state_route_a":null,"state_route_b":null,"state_route_c":null,"stco_fipscode":"54039","tnmfrc":2,"us_route":"60","us_route_a":"60","us_route_b":null,"us_route_c":null},"type":"Feature"},{"geometry":{"coordinates":[[-81.561479,38.285846],[-81.561384,38.286084],[-81.561093,38.28681],[-81.560832,38.287445],[-81.560011,38.289479]],"type":"LineString"},"id":"REF-KANAWHA-SECONDARY-ROADS-157","properties":{"canon_status":"REAL_REFERENCE","county_route":null,"federal_lands_route":null,"fictionality":"REAL","globalid":"{FFC682C7-7B5C-4A6E-9845-2258B6FFA811}","interstate":null,"interstate_a":null,"interstate_b":null,"interstate_c":null,"loaddate":1568217705000,"mtfcc_code":"S1200","name":"Kanawha Ave","objectid":12105897,"permanent_identifier":"16d835bd-79c8-42b7-b218-fb3b3095439b","real_world_relation":"REFERENCE_ONLY","shape_Length":540.5444091812047,"source_datadesc":"2016 January MAFTIGER","source_datasetid":"{9298FF95-0FA8-4712-9AA5-9292C907CA63}","source_featureid":"1101747016795","source_id":"REF-KANAWHA-SECONDARY-ROADS","source_originator":"U.S. Department of Commerce, U.S. Census Bureau, Geography Division","state_route":null,"state_route_a":null,"state_route_b":null,"state_route_c":null,"stco_fipscode":"54039","tnmfrc":2,"us_route":"60","us_route_a":"60","us_route_b":null,"us_route_c":null},"type":"Feature"},{"geometry":{"coordinates":[[-81.510215,38.211012],[-81.509428,38.210496],[-81.509007,38.210203],[-81.508535,38.209859],[-81.508038,38.209484],[-81.50756,38.209102],[-81.506892,38.208531],[-81.506548,38.208222],[-81.50619,38.207884],[-81.505836,38.207537],[-81.505327,38.20701],[-81.504482,38.206124],[-81.503833,38.205406],[-81.502651,38.204165],[-81.502479,38.203989],[-81.50235,38.203848]],"type":"LineString"},"id":"REF-KANAWHA-SECONDARY-ROADS-158","properties":{"canon_status":"REAL_REFERENCE","county_route":null,"federal_lands_route":null,"fictionality":"REAL","globalid":"{93914C3B-9D7F-41F3-BE31-5C49390AEEEA}","interstate":null,"interstate_a":null,"interstate_b":null,"interstate_c":null,"loaddate":1568217705000,"mtfcc_code":"S1200","name":"E Dupont Ave","objectid":12234206,"permanent_identifier":"e8bbc95f-e974-4da7-9dc1-39580ce86a49","real_world_relation":"REFERENCE_ONLY","shape_Length":1345.2846295707898,"source_datadesc":"2016 January MAFTIGER","source_datasetid":"{9298FF95-0FA8-4712-9AA5-9292C907CA63}","source_featureid":"1101747015239","source_id":"REF-KANAWHA-SECONDARY-ROADS","source_originator":"U.S. Department of Commerce, U.S. Census Bureau, Geography Division","state_route":null,"state_route_a":null,"state_route_b":null,"state_route_c":null,"stco_fipscode":"54039","tnmfrc":2,"us_route":"60","us_route_a":"60","us_route_b":null,"us_route_c":null},"type":"Feature"},{"geometry":{"coordinates":[[-81.643377,38.358373],[-81.643009,38.358545],[-81.642458,38.35882]],"type":"LineString"},"id":"REF-KANAWHA-SECONDARY-ROADS-159","properties":{"canon_status":"REAL_REFERENCE","county_route":null,"federal_lands_route":null,"fictionality":"REAL","globalid":"{305D12B8-5A15-460F-8C10-0A857AFE1570}","interstate":null,"interstate_a":null,"interstate_b":null,"interstate_c":null,"loaddate":1474002410000,"mtfcc_code":"S1200","name":"Pennsylvania Ave","objectid":12274721,"permanent_identifier":"65b70d0b-a493-4dee-a59c-0a924f351579","real_world_relation":"REFERENCE_ONLY","shape_Length":120.3980851878839,"source_datadesc":"2016 January MAFTIGER","source_datasetid":"{9298FF95-0FA8-4712-9AA5-9292C907CA63}","source_featureid":"1101747020371","source_id":"REF-KANAWHA-SECONDARY-ROADS","source_originator":"U.S. Department of Commerce, U.S. Census Bureau, Geography Division","state_route":null,"state_route_a":null,"state_route_b":null,"state_route_c":null,"stco_fipscode":"54039","tnmfrc":2,"us_route":"119","us_route_a":"119","us_route_b":null,"us_route_c":null},"type":"Feature"},{"geometry":{"coordinates":[[-81.668771,38.372347],[-81.668769,38.372405],[-81.668759,38.372439],[-81.668701,38.372529],[-81.668442,38.372889]],"type":"LineString"},"id":"REF-KANAWHA-SECONDARY-ROADS-160","properties":{"canon_status":"REAL_REFERENCE","county_route":null,"federal_lands_route":null,"fictionality":"REAL","globalid":"{1D9CCE3E-B646-4C20-B0E6-147CED67E21B}","interstate":null,"interstate_a":null,"interstate_b":null,"interstate_c":null,"loaddate":1474002440000,"mtfcc_code":"S1200","name":"Iowa St","objectid":12274741,"permanent_identifier":"d688852a-2da7-4186-9eef-539ea121d9cc","real_world_relation":"REFERENCE_ONLY","shape_Length":86.19767346513436,"source_datadesc":"2016 January MAFTIGER","source_datasetid":"{9298FF95-0FA8-4712-9AA5-9292C907CA63}","source_featureid":"1105013709515","source_id":"REF-KANAWHA-SECONDARY-ROADS","source_originator":"U.S. Department of Commerce, U.S. Census Bureau, Geography Division","state_route":null,"state_route_a":null,"state_route_b":null,"state_route_c":null,"stco_fipscode":"54039","tnmfrc":2,"us_route":"60","us_route_a":"60","us_route_b":null,"us_route_c":null},"type":"Feature"},{"geometry":{"coordinates":[[-81.631191,38.360774],[-81.631103,38.360749],[-81.631038,38.360719],[-81.630883,38.360607]],"type":"LineString"},"id":"REF-KANAWHA-SECONDARY-ROADS-161","properties":{"canon_status":"REAL_REFERENCE","county_route":null,"federal_lands_route":null,"fictionality":"REAL","globalid":"{E4CA3F29-B46A-4DD7-BFFF-0DB26F1051B7}","interstate":null,"interstate_a":null,"interstate_b":null,"interstate_c":null,"loaddate":1474001917000,"mtfcc_code":"S1200","name":"Bigley Ave","objectid":12402503,"permanent_identifier":"b2e13a9f-bca6-4189-992e-60ec448cffc9","real_world_relation":"REFERENCE_ONLY","shape_Length":42.279095281688186,"source_datadesc":"2016 January MAFTIGER","source_datasetid":"{9298FF95-0FA8-4712-9AA5-9292C907CA63}","source_featureid":"1101747015032","source_id":"REF-KANAWHA-SECONDARY-ROADS","source_originator":"U.S. Department of Commerce, U.S. Census Bureau, Geography Division","state_route":null,"state_route_a":null,"state_route_b":null,"state_route_c":null,"stco_fipscode":"54039","tnmfrc":2,"us_route":"119","us_route_a":"119","us_route_b":null,"us_route_c":null},"type":"Feature"},{"geometry":{"coordinates":[[-81.639659,38.35783],[-81.639807,38.358103],[-81.639837,38.358159],[-81.640012,38.358485]],"type":"LineString"},"id":"REF-KANAWHA-SECONDARY-ROADS-162","properties":{"canon_status":"REAL_REFERENCE","county_route":null,"federal_lands_route":null,"fictionality":"REAL","globalid":"{EE6C33CC-F288-4CB4-B9C3-E8525910214D}","interstate":null,"interstate_a":null,"interstate_b":null,"interstate_c":null,"loaddate":1474002594000,"mtfcc_code":"S1200","name":"Washington St Brg W","objectid":12402512,"permanent_identifier":"9a9bcb3f-26c7-4b28-a728-b578547a8238","real_world_relation":"REFERENCE_ONLY","shape_Length":100.94798856121659,"source_datadesc":"2016 January MAFTIGER","source_datasetid":"{9298FF95-0FA8-4712-9AA5-9292C907CA63}","source_featureid":"1101747020640","source_id":"REF-KANAWHA-SECONDARY-ROADS","source_originator":"U.S. Department of Commerce, U.S. Census Bureau, Geography Division","state_route":null,"state_route_a":null,"state_route_b":null,"state_route_c":null,"stco_fipscode":"54039","tnmfrc":2,"us_route":"60","us_route_a":"60","us_route_b":null,"us_route_c":null},"type":"Feature"},{"geometry":{"coordinates":[[-81.649833,38.354053],[-81.64986,38.353937],[-81.649874,38.353809],[-81.649867,38.353763],[-81.649833,38.353629],[-81.649784,38.353505],[-81.649718,38.353385],[-81.649635,38.353271],[-81.649499,38.353123]],"type":"LineString"},"id":"REF-KANAWHA-SECONDARY-ROADS-163","properties":{"canon_status":"REAL_REFERENCE","county_route":null,"federal_lands_route":null,"fictionality":"REAL","globalid":"{22981C0B-C7C9-4827-926C-FA64677DA5AF}","interstate":null,"interstate_a":null,"interstate_b":null,"interstate_c":null,"loaddate":1568217705000,"mtfcc_code":"S1200","name":"US Hwy 119","objectid":12489632,"permanent_identifier":"a67a0d45-7caa-44e3-8d66-8a7d8db79b23","real_world_relation":"REFERENCE_ONLY","shape_Length":142.45601922305445,"source_datadesc":"2016 January MAFTIGER","source_datasetid":"{9298FF95-0FA8-4712-9AA5-9292C907CA63}","source_featureid":"1101747011831","source_id":"REF-KANAWHA-SECONDARY-ROADS","source_originator":"U.S. Department of Commerce, U.S. Census Bureau, Geography Division","state_route":null,"state_route_a":null,"state_route_b":null,"state_route_c":null,"stco_fipscode":"54039","tnmfrc":2,"us_route":"119","us_route_a":"119","us_route_b":null,"us_route_c":null},"type":"Feature"},{"geometry":{"coordinates":[[-81.658615,38.370695],[-81.6596,38.371104]],"type":"LineString"},"id":"REF-KANAWHA-SECONDARY-ROADS-164","properties":{"canon_status":"REAL_REFERENCE","county_route":null,"federal_lands_route":null,"fictionality":"REAL","globalid":"{C799A768-0CED-4259-A088-52547223E835}","interstate":null,"interstate_a":null,"interstate_b":null,"interstate_c":null,"loaddate":1568217705000,"mtfcc_code":"S1200","name":"Washington St W","objectid":12489718,"permanent_identifier":"345a4dbe-2785-4a23-8302-d5692e88ddfb","real_world_relation":"REFERENCE_ONLY","shape_Length":124.0786783632556,"source_datadesc":"2016 January MAFTIGER","source_datasetid":"{9298FF95-0FA8-4712-9AA5-9292C907CA63}","source_featureid":"1101747019661","source_id":"REF-KANAWHA-SECONDARY-ROADS","source_originator":"U.S. Department of Commerce, U.S. Census Bureau, Geography Division","state_route":null,"state_route_a":null,"state_route_b":null,"state_route_c":null,"stco_fipscode":"54039","tnmfrc":2,"us_route":"60","us_route_a":"60","us_route_b":null,"us_route_c":null},"type":"Feature"},{"geometry":{"coordinates":[[-81.597917,38.334166],[-81.597564,38.33415],[-81.597168,38.334138],[-81.596953,38.334119]],"type":"LineString"},"id":"REF-KANAWHA-SECONDARY-ROADS-165","properties":{"canon_status":"REAL_REFERENCE","county_route":null,"federal_lands_route":null,"fictionality":"REAL","globalid":"{E749FE77-5793-411B-BD3C-E943E1000F09}","interstate":null,"interstate_a":null,"interstate_b":null,"interstate_c":null,"loaddate":1474002524000,"mtfcc_code":"S1200","name":"Kanawha Blvd E","objectid":12658326,"permanent_identifier":"a031644d-fb65-45d1-b2af-e468ebcbb1c5","real_world_relation":"REFERENCE_ONLY","shape_Length":107.56183943956603,"source_datadesc":"2016 January MAFTIGER","source_datasetid":"{9298FF95-0FA8-4712-9AA5-9292C907CA63}","source_featureid":"1101747016796","source_id":"REF-KANAWHA-SECONDARY-ROADS","source_originator":"U.S. Department of Commerce, U.S. Census Bureau, Geography Division","state_route":null,"state_route_a":null,"state_route_b":null,"state_route_c":null,"stco_fipscode":"54039","tnmfrc":2,"us_route":"60","us_route_a":"60","us_route_b":null,"us_route_c":null},"type":"Feature"},{"geometry":{"coordinates":[[-81.641005,38.358254],[-81.641205,38.358628]],"type":"LineString"},"id":"REF-KANAWHA-SECONDARY-ROADS-166","properties":{"canon_status":"REAL_REFERENCE","county_route":null,"federal_lands_route":null,"fictionality":"REAL","globalid":"{EB421388-CA05-4E5C-BE97-53C38B04DA54}","interstate":null,"interstate_a":null,"interstate_b":null,"interstate_c":null,"loaddate":1474002007000,"mtfcc_code":"S1200","name":"Lee St W","objectid":12785823,"permanent_identifier":"e1fb4467-9d92-405d-946b-18760dbe77c0","real_world_relation":"REFERENCE_ONLY","shape_Length":57.57321701012137,"source_datadesc":"2016 January MAFTIGER","source_datasetid":"{9298FF95-0FA8-4712-9AA5-9292C907CA63}","source_featureid":"1101747012322","source_id":"REF-KANAWHA-SECONDARY-ROADS","source_originator":"U.S. Department of Commerce, U.S. Census Bureau, Geography Division","state_route":null,"state_route_a":null,"state_route_b":null,"state_route_c":null,"stco_fipscode":"54039","tnmfrc":2,"us_route":"60","us_route_a":"60","us_route_b":null,"us_route_c":null},"type":"Feature"},{"geometry":{"coordinates":[[-81.476019,38.204912],[-81.475112,38.205125],[-81.474816,38.205195]],"type":"LineString"},"id":"REF-KANAWHA-SECONDARY-ROADS-167","properties":{"canon_status":"REAL_REFERENCE","county_route":null,"federal_lands_route":null,"fictionality":"REAL","globalid":"{C633B749-54A9-4C47-8454-E16E6B66BDDC}","interstate":null,"interstate_a":null,"interstate_b":null,"interstate_c":null,"loaddate":1474003130000,"mtfcc_code":"S1200","name":"E Dupont Ave","objectid":12786170,"permanent_identifier":"dd329f54-4237-4989-9041-ff38862a8980","real_world_relation":"REFERENCE_ONLY","shape_Length":139.78968376477354,"source_datadesc":"2016 January MAFTIGER","source_datasetid":"{9298FF95-0FA8-4712-9AA5-9292C907CA63}","source_featureid":"1104469613929","source_id":"REF-KANAWHA-SECONDARY-ROADS","source_originator":"U.S. Department of Commerce, U.S. Census Bureau, Geography Division","state_route":null,"state_route_a":null,"state_route_b":null,"state_route_c":null,"stco_fipscode":"54039","tnmfrc":2,"us_route":"60","us_route_a":"60","us_route_b":null,"us_route_c":null},"type":"Feature"},{"geometry":{"coordinates":[[-81.550385,38.242775],[-81.550188,38.242638],[-81.549994,38.242497],[-81.54973,38.242311],[-81.549448,38.242112]],"type":"LineString"},"id":"REF-KANAWHA-SECONDARY-ROADS-168","properties":{"canon_status":"REAL_REFERENCE","county_route":null,"federal_lands_route":null,"fictionality":"REAL","globalid":"{49FA42D2-05E0-4BAF-8C45-CC2FA350FA73}","interstate":null,"interstate_a":null,"interstate_b":null,"interstate_c":null,"loaddate":1474001297000,"mtfcc_code":"S1200","name":"US Hwy 60","objectid":12913680,"permanent_identifier":"3331ccbe-b84b-411c-89ee-e2e27bc74fb8","real_world_relation":"REFERENCE_ONLY","shape_Length":140.39760656220426,"source_datadesc":"2016 January MAFTIGER","source_datasetid":"{9298FF95-0FA8-4712-9AA5-9292C907CA63}","source_featureid":"1101747011699","source_id":"REF-KANAWHA-SECONDARY-ROADS","source_originator":"U.S. Department of Commerce, U.S. Census Bureau, Geography Division","state_route":null,"state_route_a":null,"state_route_b":null,"state_route_c":null,"stco_fipscode":"54039","tnmfrc":2,"us_route":"60","us_route_a":"60","us_route_b":null,"us_route_c":null},"type":"Feature"},{"geometry":{"coordinates":[[-81.663283,38.341451],[-81.663928,38.34121],[-81.664478,38.34102],[-81.664998,38.340951],[-81.665152,38.34094],[-81.665463,38.340934],[-81.665721,38.340945],[-81.665929,38.340966],[-81.666194,38.341012],[-81.666454,38.341072],[-81.666608,38.341123],[-81.666857,38.34122],[-81.666953,38.341264],[-81.667533,38.341533]],"type":"LineString"},"id":"REF-KANAWHA-SECONDARY-ROADS-169","properties":{"canon_status":"REAL_REFERENCE","county_route":null,"federal_lands_route":null,"fictionality":"REAL","globalid":"{D93D2473-77AC-470B-98F3-760C7770DA37}","interstate":null,"interstate_a":null,"interstate_b":null,"interstate_c":null,"loaddate":1568217705000,"mtfcc_code":"S1200","name":"US Hwy 119","objectid":13000544,"permanent_identifier":"ce97a17e-830e-45bb-8ab1-c6f3027f6301","real_world_relation":"REFERENCE_ONLY","shape_Length":506.4232656055219,"source_datadesc":"2016 January MAFTIGER","source_datasetid":"{9298FF95-0FA8-4712-9AA5-9292C907CA63}","source_featureid":"1101747011827","source_id":"REF-KANAWHA-SECONDARY-ROADS","source_originator":"U.S. Department of Commerce, U.S. Census Bureau, Geography Division","state_route":null,"state_route_a":null,"state_route_b":null,"state_route_c":null,"stco_fipscode":"54039","tnmfrc":2,"us_route":"119","us_route_a":"119","us_route_b":null,"us_route_c":null},"type":"Feature"},{"geometry":{"coordinates":[[-81.524311,38.220899],[-81.523256,38.22],[-81.523088,38.219857],[-81.522748,38.219567],[-81.522357,38.219234],[-81.521974,38.218914],[-81.521153,38.218214]],"type":"LineString"},"id":"REF-KANAWHA-SECONDARY-ROADS-170","properties":{"canon_status":"REAL_REFERENCE","county_route":null,"federal_lands_route":null,"fictionality":"REAL","globalid":"{F5E04DCF-AEB9-4C42-B712-C5F71543F426}","interstate":null,"interstate_a":null,"interstate_b":null,"interstate_c":null,"loaddate":1474001292000,"mtfcc_code":"S1200","name":"US Hwy 60","objectid":13041316,"permanent_identifier":"e0839f13-f5dc-4006-b9aa-dca01b0077ff","real_world_relation":"REFERENCE_ONLY","shape_Length":518.0004871269691,"source_datadesc":"2016 January MAFTIGER","source_datasetid":"{9298FF95-0FA8-4712-9AA5-9292C907CA63}","source_featureid":"1104991890163","source_id":"REF-KANAWHA-SECONDARY-ROADS","source_originator":"U.S. Department of Commerce, U.S. Census Bureau, Geography Division","state_route":null,"state_route_a":null,"state_route_b":null,"state_route_c":null,"stco_fipscode":"54039","tnmfrc":2,"us_route":"60","us_route_a":"60","us_route_b":null,"us_route_c":null},"type":"Feature"},{"geometry":{"coordinates":[[-81.634002,38.351707],[-81.633693,38.351331],[-81.633283,38.350821]],"type":"LineString"},"id":"REF-KANAWHA-SECONDARY-ROADS-171","properties":{"canon_status":"REAL_REFERENCE","county_route":null,"federal_lands_route":null,"fictionality":"REAL","globalid":"{65C7ADA4-7612-4C47-987F-03B79B82B7C6}","interstate":null,"interstate_a":null,"interstate_b":null,"interstate_c":null,"loaddate":1474002626000,"mtfcc_code":"S1200","name":"Lee St E","objectid":13041374,"permanent_identifier":"3676f474-053b-4e4c-8e88-da7c71e55eca","real_world_relation":"REFERENCE_ONLY","shape_Length":149.07737240685208,"source_datadesc":"2016 January MAFTIGER","source_datasetid":"{9298FF95-0FA8-4712-9AA5-9292C907CA63}","source_featureid":"1101747012316","source_id":"REF-KANAWHA-SECONDARY-ROADS","source_originator":"U.S. Department of Commerce, U.S. Census Bureau, Geography Division","state_route":null,"state_route_a":null,"state_route_b":null,"state_route_c":null,"stco_fipscode":"54039","tnmfrc":2,"us_route":"60","us_route_a":"60","us_route_b":null,"us_route_c":null},"type":"Feature"},{"geometry":{"coordinates":[[-81.614912,38.3382],[-81.614476,38.338692]],"type":"LineString"},"id":"REF-KANAWHA-SECONDARY-ROADS-172","properties":{"canon_status":"REAL_REFERENCE","county_route":null,"federal_lands_route":null,"fictionality":"REAL","globalid":"{345B0BA6-099A-47DD-A61E-5EED9CB745C5}","interstate":null,"interstate_a":null,"interstate_b":null,"interstate_c":null,"loaddate":1474002563000,"mtfcc_code":"S1200","name":"Greenbrier St","objectid":13168834,"permanent_identifier":"e648fb21-5e2c-4541-bd3c-cc9ec60d8afd","real_world_relation":"REFERENCE_ONLY","shape_Length":85.03781167123499,"source_datadesc":"2016 January MAFTIGER","source_datasetid":"{9298FF95-0FA8-4712-9AA5-9292C907CA63}","source_featureid":"1101747019401","source_id":"REF-KANAWHA-SECONDARY-ROADS","source_originator":"U.S. Department of Commerce, U.S. Census Bureau, Geography Division","state_route":"114","state_route_a":"114","state_route_b":null,"state_route_c":null,"stco_fipscode":"54039","tnmfrc":2,"us_route":"60","us_route_a":"60","us_route_b":null,"us_route_c":null},"type":"Feature"},{"geometry":{"coordinates":[[-81.627397,38.36077],[-81.627527,38.360747],[-81.627703,38.360704],[-81.627971,38.36061],[-81.628185,38.360519],[-81.628391,38.360416],[-81.628446,38.360398]],"type":"LineString"},"id":"REF-KANAWHA-SECONDARY-ROADS-173","properties":{"canon_status":"REAL_REFERENCE","county_route":null,"federal_lands_route":null,"fictionality":"REAL","globalid":"{6F8B03A0-A81A-49CF-A3AE-A06B1794BF01}","interstate":null,"interstate_a":null,"interstate_b":null,"interstate_c":null,"loaddate":1474001912000,"mtfcc_code":"S1200","name":"Bigley Ave","objectid":13297114,"permanent_identifier":"4abd0025-852b-445b-841b-69f40ed77946","real_world_relation":"REFERENCE_ONLY","shape_Length":128.97056573346845,"source_datadesc":"2016 January MAFTIGER","source_datasetid":"{9298FF95-0FA8-4712-9AA5-9292C907CA63}","source_featureid":"1101747015031","source_id":"REF-KANAWHA-SECONDARY-ROADS","source_originator":"U.S. Department of Commerce, U.S. Census Bureau, Geography Division","state_route":null,"state_route_a":null,"state_route_b":null,"state_route_c":null,"stco_fipscode":"54039","tnmfrc":2,"us_route":"119","us_route_a":"119","us_route_b":null,"us_route_c":null},"type":"Feature"},{"geometry":{"coordinates":[[-81.640275,38.359033],[-81.639913,38.359144],[-81.639794,38.359184],[-81.638677,38.359564]],"type":"LineString"},"id":"REF-KANAWHA-SECONDARY-ROADS-174","properties":{"canon_status":"REAL_REFERENCE","county_route":null,"federal_lands_route":null,"fictionality":"REAL","globalid":"{54EEA892-8DFB-4705-9FEF-82F9DD50731D}","interstate":null,"interstate_a":null,"interstate_b":null,"interstate_c":null,"loaddate":1474002471000,"mtfcc_code":"S1200","name":"Pennsylvania Ave","objectid":13551326,"permanent_identifier":"c9c94e2b-17cd-4bfa-8472-43f318448f78","real_world_relation":"REFERENCE_ONLY","shape_Length":193.22403956317032,"source_datadesc":"2016 January MAFTIGER","source_datasetid":"{9298FF95-0FA8-4712-9AA5-9292C907CA63}","source_featureid":"1101747020370","source_id":"REF-KANAWHA-SECONDARY-ROADS","source_originator":"U.S. Department of Commerce, U.S. Census Bureau, Geography Division","state_route":null,"state_route_a":null,"state_route_b":null,"state_route_c":null,"stco_fipscode":"54039","tnmfrc":2,"us_route":"119","us_route_a":"119","us_route_b":null,"us_route_c":null},"type":"Feature"},{"geometry":{"coordinates":[[-81.651967,38.354564],[-81.652008,38.354514],[-81.652068,38.354413],[-81.652089,38.354366]],"type":"LineString"},"id":"REF-KANAWHA-SECONDARY-ROADS-175","properties":{"canon_status":"REAL_REFERENCE","county_route":null,"federal_lands_route":null,"fictionality":"REAL","globalid":"{116D435D-8F9E-4A8A-9F60-DA3FDFF27BCE}","interstate":null,"interstate_a":null,"interstate_b":null,"interstate_c":null,"loaddate":1568217705000,"mtfcc_code":"S1200","name":"US Hwy 119","objectid":13638195,"permanent_identifier":"4fba5c51-cc62-4f79-8a2f-e914c94cb029","real_world_relation":"REFERENCE_ONLY","shape_Length":31.324985538498353,"source_datadesc":"2016 January MAFTIGER","source_datasetid":"{9298FF95-0FA8-4712-9AA5-9292C907CA63}","source_featureid":"1101747011819","source_id":"REF-KANAWHA-SECONDARY-ROADS","source_originator":"U.S. Department of Commerce, U.S. Census Bureau, Geography Division","state_route":null,"state_route_a":null,"state_route_b":null,"state_route_c":null,"stco_fipscode":"54039","tnmfrc":2,"us_route":"119","us_route_a":"119","us_route_b":null,"us_route_c":null},"type":"Feature"},{"geometry":{"coordinates":[[-81.630346,38.349586],[-81.629848,38.349175]],"type":"LineString"},"id":"REF-KANAWHA-SECONDARY-ROADS-176","properties":{"canon_status":"REAL_REFERENCE","county_route":null,"federal_lands_route":null,"fictionality":"REAL","globalid":"{EADC270F-E56A-496B-B627-A998DE37F844}","interstate":null,"interstate_a":null,"interstate_b":null,"interstate_c":null,"loaddate":1474002342000,"mtfcc_code":"S1200","name":"Washington St E","objectid":13806732,"permanent_identifier":"719bab9f-1db2-4422-a665-2b07bb8052a4","real_world_relation":"REFERENCE_ONLY","shape_Length":80.4784504340918,"source_datadesc":"2016 January MAFTIGER","source_datasetid":"{9298FF95-0FA8-4712-9AA5-9292C907CA63}","source_featureid":"1101747019658","source_id":"REF-KANAWHA-SECONDARY-ROADS","source_originator":"U.S. Department of Commerce, U.S. Census Bureau, Geography Division","state_route":null,"state_route_a":null,"state_route_b":null,"state_route_c":null,"stco_fipscode":"54039","tnmfrc":2,"us_route":"60","us_route_a":"60","us_route_b":null,"us_route_c":null},"type":"Feature"},{"geometry":{"coordinates":[[-81.555998,38.300593],[-81.555974,38.300767],[-81.55597,38.30081],[-81.555955,38.300953],[-81.555935,38.30138],[-81.555942,38.301749],[-81.55598,38.302351]],"type":"LineString"},"id":"REF-KANAWHA-SECONDARY-ROADS-177","properties":{"canon_status":"REAL_REFERENCE","county_route":null,"federal_lands_route":null,"fictionality":"REAL","globalid":"{5EA4C6EA-4E32-431C-B625-4236F14BF7B2}","interstate":null,"interstate_a":null,"interstate_b":null,"interstate_c":null,"loaddate":1474002011000,"mtfcc_code":"S1200","name":"Kanawha St","objectid":13806742,"permanent_identifier":"228185fc-e6b2-410d-8c40-7e71fd45ef5e","real_world_relation":"REFERENCE_ONLY","shape_Length":249.75552676358706,"source_datadesc":"2016 January MAFTIGER","source_datasetid":"{9298FF95-0FA8-4712-9AA5-9292C907CA63}","source_featureid":"1101747016794","source_id":"REF-KANAWHA-SECONDARY-ROADS","source_originator":"U.S. Department of Commerce, U.S. Census Bureau, Geography Division","state_route":null,"state_route_a":null,"state_route_b":null,"state_route_c":null,"stco_fipscode":"54039","tnmfrc":2,"us_route":"60","us_route_a":"60","us_route_b":null,"us_route_c":null},"type":"Feature"},{"geometry":{"coordinates":[[-81.634303,38.353962],[-81.63402,38.353639],[-81.633513,38.352962]],"type":"LineString"},"id":"REF-KANAWHA-SECONDARY-ROADS-178","properties":{"canon_status":"REAL_REFERENCE","county_route":null,"federal_lands_route":null,"fictionality":"REAL","globalid":"{580E106E-5B4E-4BB7-BEBA-1A70AC1D9BAE}","interstate":null,"interstate_a":null,"interstate_b":null,"interstate_c":null,"loaddate":1474002342000,"mtfcc_code":"S1200","name":"Washington St E","objectid":13807161,"permanent_identifier":"86afb070-b0eb-466c-a842-5cf3fbda61c1","real_world_relation":"REFERENCE_ONLY","shape_Length":167.08038296091684,"source_datadesc":"2016 January MAFTIGER","source_datasetid":"{9298FF95-0FA8-4712-9AA5-9292C907CA63}","source_featureid":"1101747019658","source_id":"REF-KANAWHA-SECONDARY-ROADS","source_originator":"U.S. Department of Commerce, U.S. Census Bureau, Geography Division","state_route":null,"state_route_a":null,"state_route_b":null,"state_route_c":null,"stco_fipscode":"54039","tnmfrc":2,"us_route":"60","us_route_a":"60","us_route_b":null,"us_route_c":null},"type":"Feature"},{"geometry":{"coordinates":[[-81.65098,38.349001],[-81.65087,38.3489]],"type":"LineString"},"id":"REF-KANAWHA-SECONDARY-ROADS-179","properties":{"canon_status":"REAL_REFERENCE","county_route":null,"federal_lands_route":null,"fictionality":"REAL","globalid":"{BEF5A129-AED5-48BE-9EA8-FA8AD4F95E73}","interstate":null,"interstate_a":null,"interstate_b":null,"interstate_c":null,"loaddate":1568217705000,"mtfcc_code":"S1200","name":"US Hwy 119","objectid":13893978,"permanent_identifier":"014c0e89-1c6b-4562-8d9c-7c11f2fc1709","real_world_relation":"REFERENCE_ONLY","shape_Length":18.91208104608805,"source_datadesc":"2018 May MAF/TIGER","source_datasetid":"{9298FF95-0FA8-4712-9AA5-9292C907CA63}","source_featureid":"1101747011819","source_id":"REF-KANAWHA-SECONDARY-ROADS","source_originator":"U.S. Department of Commerce, U.S. Census Bureau, Geography Division","state_route":null,"state_route_a":null,"state_route_b":null,"state_route_c":null,"stco_fipscode":"54039","tnmfrc":2,"us_route":"119","us_route_a":"119","us_route_b":null,"us_route_c":null},"type":"Feature"},{"geometry":{"coordinates":[[-81.496006,38.200027],[-81.495741,38.199971],[-81.494742,38.19981],[-81.49441,38.199774],[-81.494187,38.199762],[-81.49376,38.199758],[-81.493336,38.19977],[-81.492907,38.199794],[-81.492502,38.199829],[-81.491856,38.199904]],"type":"LineString"},"id":"REF-KANAWHA-SECONDARY-ROADS-180","properties":{"canon_status":"REAL_REFERENCE","county_route":null,"federal_lands_route":null,"fictionality":"REAL","globalid":"{200D7DEF-8B93-4E45-AF4F-15E256133F13}","interstate":null,"interstate_a":null,"interstate_b":null,"interstate_c":null,"loaddate":1474003190000,"mtfcc_code":"S1200","name":"Sheldon Ln","objectid":13934410,"permanent_identifier":"d28b295e-3d95-464f-b903-d5e506268fd6","real_world_relation":"REFERENCE_ONLY","shape_Length":466.9539068609868,"source_datadesc":"2016 January MAFTIGER","source_datasetid":"{9298FF95-0FA8-4712-9AA5-9292C907CA63}","source_featureid":"1104469097844","source_id":"REF-KANAWHA-SECONDARY-ROADS","source_originator":"U.S. Department of Commerce, U.S. Census Bureau, Geography Division","state_route":null,"state_route_a":null,"state_route_b":null,"state_route_c":null,"stco_fipscode":"54039","tnmfrc":2,"us_route":"60","us_route_a":"60","us_route_b":null,"us_route_c":null},"type":"Feature"},{"geometry":{"coordinates":[[-81.667972,38.367191],[-81.667839,38.36741],[-81.667558,38.367894]],"type":"LineString"},"id":"REF-KANAWHA-SECONDARY-ROADS-181","properties":{"canon_status":"REAL_REFERENCE","county_route":null,"federal_lands_route":null,"fictionality":"REAL","globalid":"{04BE9F05-021D-4724-A4F2-C1D2148277A7}","interstate":null,"interstate_a":null,"interstate_b":null,"interstate_c":null,"loaddate":1474001788000,"mtfcc_code":"S1200","name":"Patrick St","objectid":13934496,"permanent_identifier":"b1170cda-775b-4a47-8a09-460babe23b6d","real_world_relation":"REFERENCE_ONLY","shape_Length":109.94209547389752,"source_datadesc":"2016 January MAFTIGER","source_datasetid":"{9298FF95-0FA8-4712-9AA5-9292C907CA63}","source_featureid":"1101747017056","source_id":"REF-KANAWHA-SECONDARY-ROADS","source_originator":"U.S. Department of Commerce, U.S. Census Bureau, Geography Division","state_route":null,"state_route_a":null,"state_route_b":null,"state_route_c":null,"stco_fipscode":"54039","tnmfrc":2,"us_route":"60","us_route_a":"60","us_route_b":null,"us_route_c":null},"type":"Feature"},{"geometry":{"coordinates":[[-81.641857,38.359655],[-81.642153,38.360021]],"type":"LineString"},"id":"REF-KANAWHA-SECONDARY-ROADS-182","properties":{"canon_status":"REAL_REFERENCE","county_route":null,"federal_lands_route":null,"fictionality":"REAL","globalid":"{373C5ED7-352C-49A7-9864-11FAA7F85934}","interstate":null,"interstate_a":null,"interstate_b":null,"interstate_c":null,"loaddate":1474002007000,"mtfcc_code":"S1200","name":"Lee St W","objectid":13934802,"permanent_identifier":"2ed7202c-8fa7-4552-b36c-00ee72bce13f","real_world_relation":"REFERENCE_ONLY","shape_Length":61.52667454530671,"source_datadesc":"2016 January MAFTIGER","source_datasetid":"{9298FF95-0FA8-4712-9AA5-9292C907CA63}","source_featureid":"1101747012322","source_id":"REF-KANAWHA-SECONDARY-ROADS","source_originator":"U.S. Department of Commerce, U.S. Census Bureau, Geography Division","state_route":null,"state_route_a":null,"state_route_b":null,"state_route_c":null,"stco_fipscode":"54039","tnmfrc":2,"us_route":"60","us_route_a":"60","us_route_b":null,"us_route_c":null},"type":"Feature"},{"geometry":{"coordinates":[[-81.463765,38.211864],[-81.463362,38.212027],[-81.462324,38.212423],[-81.461982,38.212561],[-81.46168,38.212694],[-81.461256,38.212903],[-81.461012,38.213033],[-81.460943,38.21307],[-81.460527,38.213317],[-81.459685,38.213835],[-81.459185,38.214135]],"type":"LineString"},"id":"REF-KANAWHA-SECONDARY-ROADS-183","properties":{"canon_status":"REAL_REFERENCE","county_route":null,"federal_lands_route":null,"fictionality":"REAL","globalid":"{CB043BE4-A9F1-42F6-B417-B837116ED461}","interstate":null,"interstate_a":null,"interstate_b":null,"interstate_c":null,"loaddate":1474003130000,"mtfcc_code":"S1200","name":"E Dupont Ave","objectid":14062199,"permanent_identifier":"65f31da5-8e10-4b4f-9772-4ed662ca4eaf","real_world_relation":"REFERENCE_ONLY","shape_Length":605.2022726409189,"source_datadesc":"2016 January MAFTIGER","source_datasetid":"{9298FF95-0FA8-4712-9AA5-9292C907CA63}","source_featureid":"1104469613929","source_id":"REF-KANAWHA-SECONDARY-ROADS","source_originator":"U.S. Department of Commerce, U.S. Census Bureau, Geography Division","state_route":null,"state_route_a":null,"state_route_b":null,"state_route_c":null,"stco_fipscode":"54039","tnmfrc":2,"us_route":"60","us_route_a":"60","us_route_b":null,"us_route_c":null},"type":"Feature"},{"geometry":{"coordinates":[[-81.496074,38.199673],[-81.495632,38.199606],[-81.495357,38.199572],[-81.494949,38.199532],[-81.494671,38.199513],[-81.494335,38.1995],[-81.493933,38.1995],[-81.493567,38.199516],[-81.493158,38.199546],[-81.492606,38.199605],[-81.491747,38.199709]],"type":"LineString"},"id":"REF-KANAWHA-SECONDARY-ROADS-184","properties":{"canon_status":"REAL_REFERENCE","county_route":null,"federal_lands_route":null,"fictionality":"REAL","globalid":"{FEBD679A-A405-4E49-B24D-153FA0F57241}","interstate":null,"interstate_a":"","interstate_b":"","interstate_c":"","loaddate":1673511277000,"mtfcc_code":"S1200","name":"Sheldon Ln","objectid":14062216,"permanent_identifier":"60c7c750-4839-4fac-b8c7-1703851f31df","real_world_relation":"REFERENCE_ONLY","shape_Length":485.4320916281717,"source_datadesc":"2022 September MAF/TIGER","source_datasetid":"{9298FF95-0FA8-4712-9AA5-9292C907CA63}","source_featureid":"1104469098402","source_id":"REF-KANAWHA-SECONDARY-ROADS","source_originator":"U.S. Department of Commerce, U.S. Census Bureau, Geography Division","state_route":null,"state_route_a":"","state_route_b":"","state_route_c":"","stco_fipscode":"54039","tnmfrc":2,"us_route":"60","us_route_a":"60","us_route_b":"","us_route_c":""},"type":"Feature"},{"geometry":{"coordinates":[[-81.630783,38.348496],[-81.63042,38.348211],[-81.630208,38.348032]],"type":"LineString"},"id":"REF-KANAWHA-SECONDARY-ROADS-185","properties":{"canon_status":"REAL_REFERENCE","county_route":null,"federal_lands_route":null,"fictionality":"REAL","globalid":"{A751B68F-2B6F-4A49-8BFF-DE63EDE6A59A}","interstate":null,"interstate_a":null,"interstate_b":null,"interstate_c":null,"loaddate":1474002626000,"mtfcc_code":"S1200","name":"Lee St E","objectid":14062580,"permanent_identifier":"cb57f2c0-ad4c-4528-a025-041b3386355b","real_world_relation":"REFERENCE_ONLY","shape_Length":91.8557556424534,"source_datadesc":"2016 January MAFTIGER","source_datasetid":"{9298FF95-0FA8-4712-9AA5-9292C907CA63}","source_featureid":"1101747012316","source_id":"REF-KANAWHA-SECONDARY-ROADS","source_originator":"U.S. Department of Commerce, U.S. Census Bureau, Geography Division","state_route":null,"state_route_a":null,"state_route_b":null,"state_route_c":null,"stco_fipscode":"54039","tnmfrc":2,"us_route":"60","us_route_a":"60","us_route_b":null,"us_route_c":null},"type":"Feature"},{"geometry":{"coordinates":[[-81.603538,38.334765],[-81.603052,38.334716],[-81.601737,38.334603],[-81.600752,38.334507]],"type":"LineString"},"id":"REF-KANAWHA-SECONDARY-ROADS-186","properties":{"canon_status":"REAL_REFERENCE","county_route":null,"federal_lands_route":null,"fictionality":"REAL","globalid":"{E4659F6E-712E-4DBB-B75A-AE6C7D2A4C52}","interstate":null,"interstate_a":null,"interstate_b":null,"interstate_c":null,"loaddate":1474002804000,"mtfcc_code":"S1200","name":"Kanawha Blvd E","objectid":14189969,"permanent_identifier":"7736aac0-c3c9-418a-a719-5971210ebf5e","real_world_relation":"REFERENCE_ONLY","shape_Length":312.30020730369233,"source_datadesc":"2016 January MAFTIGER","source_datasetid":"{9298FF95-0FA8-4712-9AA5-9292C907CA63}","source_featureid":"1101747016798","source_id":"REF-KANAWHA-SECONDARY-ROADS","source_originator":"U.S. Department of Commerce, U.S. Census Bureau, Geography Division","state_route":null,"state_route_a":null,"state_route_b":null,"state_route_c":null,"stco_fipscode":"54039","tnmfrc":2,"us_route":"60","us_route_a":"60","us_route_b":null,"us_route_c":null},"type":"Feature"},{"geometry":{"coordinates":[[-81.629221,38.347206],[-81.628919,38.347411],[-81.628469,38.347748],[-81.628304,38.347876],[-81.62829,38.347902]],"type":"LineString"},"id":"REF-KANAWHA-SECONDARY-ROADS-187","properties":{"canon_status":"REAL_REFERENCE","county_route":null,"federal_lands_route":null,"fictionality":"REAL","globalid":"{1056F728-B7AE-4D46-9472-2B4C94054958}","interstate":null,"interstate_a":null,"interstate_b":null,"interstate_c":null,"loaddate":1474001931000,"mtfcc_code":"S1200","name":"Brooks St","objectid":14190039,"permanent_identifier":"17eff312-77c6-4d16-bcaa-d1ae9bd3a13d","real_world_relation":"REFERENCE_ONLY","shape_Length":143.56796722181798,"source_datadesc":"2016 January MAFTIGER","source_datasetid":"{9298FF95-0FA8-4712-9AA5-9292C907CA63}","source_featureid":"1101747015063","source_id":"REF-KANAWHA-SECONDARY-ROADS","source_originator":"U.S. Department of Commerce, U.S. Census Bureau, Geography Division","state_route":null,"state_route_a":null,"state_route_b":null,"state_route_c":null,"stco_fipscode":"54039","tnmfrc":2,"us_route":"60","us_route_a":"60","us_route_b":null,"us_route_c":null},"type":"Feature"},{"geometry":{"coordinates":[[-81.68064,38.340833],[-81.680369,38.340903],[-81.680052,38.340998],[-81.679793,38.341088],[-81.679461,38.341219],[-81.679139,38.341363],[-81.678869,38.341501],[-81.678643,38.341628]],"type":"LineString"},"id":"REF-KANAWHA-SECONDARY-ROADS-188","properties":{"canon_status":"REAL_REFERENCE","county_route":null,"federal_lands_route":null,"fictionality":"REAL","globalid":"{16CE33A0-9428-4081-AC5D-7FEB575A24EF}","interstate":null,"interstate_a":null,"interstate_b":null,"interstate_c":null,"loaddate":1568217705000,"mtfcc_code":"S1200","name":"Oakhurst Dr","objectid":14277139,"permanent_identifier":"4aa9493c-ea1e-4e17-9618-58a072206f9c","real_world_relation":"REFERENCE_ONLY","shape_Length":250.52982716194074,"source_datadesc":"2016 January MAFTIGER","source_datasetid":"{9298FF95-0FA8-4712-9AA5-9292C907CA63}","source_featureid":"1101747018065","source_id":"REF-KANAWHA-SECONDARY-ROADS","source_originator":"U.S. Department of Commerce, U.S. Census Bureau, Geography Division","state_route":null,"state_route_a":null,"state_route_b":null,"state_route_c":null,"stco_fipscode":"54039","tnmfrc":2,"us_route":"119","us_route_a":"119","us_route_b":null,"us_route_c":null},"type":"Feature"},{"geometry":{"coordinates":[[-81.562872,38.28216],[-81.562686,38.282765],[-81.562542,38.283189],[-81.562305,38.283821],[-81.562123,38.284262],[-81.561635,38.285447],[-81.561479,38.285846]],"type":"LineString"},"id":"REF-KANAWHA-SECONDARY-ROADS-189","properties":{"canon_status":"REAL_REFERENCE","county_route":null,"federal_lands_route":null,"fictionality":"REAL","globalid":"{36D73026-4923-4A29-BA0A-819CD1628BBA}","interstate":null,"interstate_a":null,"interstate_b":null,"interstate_c":null,"loaddate":1474003190000,"mtfcc_code":"S1200","name":"Kanawha Ave","objectid":14317815,"permanent_identifier":"4c3b5e8d-804d-4be1-91bd-f713ee3374b5","real_world_relation":"REFERENCE_ONLY","shape_Length":545.4710368109098,"source_datadesc":"2016 January MAFTIGER","source_datasetid":"{9298FF95-0FA8-4712-9AA5-9292C907CA63}","source_featureid":"1101747016795","source_id":"REF-KANAWHA-SECONDARY-ROADS","source_originator":"U.S. Department of Commerce, U.S. Census Bureau, Geography Division","state_route":null,"state_route_a":null,"state_route_b":null,"state_route_c":null,"stco_fipscode":"54039","tnmfrc":2,"us_route":"60","us_route_a":"60","us_route_b":null,"us_route_c":null},"type":"Feature"},{"geometry":{"coordinates":[[-81.641381,38.358982],[-81.641523,38.359231]],"type":"LineString"},"id":"REF-KANAWHA-SECONDARY-ROADS-190","properties":{"canon_status":"REAL_REFERENCE","county_route":null,"federal_lands_route":null,"fictionality":"REAL","globalid":"{96D7947C-4607-47FF-AA02-4FA68FA1C504}","interstate":null,"interstate_a":null,"interstate_b":null,"interstate_c":null,"loaddate":1474002007000,"mtfcc_code":"S1200","name":"Lee St W","objectid":14445632,"permanent_identifier":"01ae7b6d-cf44-48eb-8775-4a6ee45b6734","real_world_relation":"REFERENCE_ONLY","shape_Length":38.722509805424686,"source_datadesc":"2016 January MAFTIGER","source_datasetid":"{9298FF95-0FA8-4712-9AA5-9292C907CA63}","source_featureid":"1101747012322","source_id":"REF-KANAWHA-SECONDARY-ROADS","source_originator":"U.S. Department of Commerce, U.S. Census Bureau, Geography Division","state_route":null,"state_route_a":null,"state_route_b":null,"state_route_c":null,"stco_fipscode":"54039","tnmfrc":2,"us_route":"60","us_route_a":"60","us_route_b":null,"us_route_c":null},"type":"Feature"},{"geometry":{"coordinates":[[-81.616536,38.340447],[-81.616061,38.3402]],"type":"LineString"},"id":"REF-KANAWHA-SECONDARY-ROADS-191","properties":{"canon_status":"REAL_REFERENCE","county_route":null,"federal_lands_route":null,"fictionality":"REAL","globalid":"{708DB71D-9518-42F6-A6AA-A6B43ACF14BB}","interstate":null,"interstate_a":null,"interstate_b":null,"interstate_c":null,"loaddate":1474003098000,"mtfcc_code":"S1200","name":"Washington St E","objectid":14445684,"permanent_identifier":"63b16c65-255f-4c33-afe9-84dfd5cd4aba","real_world_relation":"REFERENCE_ONLY","shape_Length":63.44199023705118,"source_datadesc":"2016 January MAFTIGER","source_datasetid":"{9298FF95-0FA8-4712-9AA5-9292C907CA63}","source_featureid":"1101747019658","source_id":"REF-KANAWHA-SECONDARY-ROADS","source_originator":"U.S. Department of Commerce, U.S. Census Bureau, Geography Division","state_route":null,"state_route_a":null,"state_route_b":null,"state_route_c":null,"stco_fipscode":"54039","tnmfrc":2,"us_route":"60","us_route_a":"60","us_route_b":null,"us_route_c":null},"type":"Feature"},{"geometry":{"coordinates":[[-81.630883,38.360607],[-81.630778,38.360531],[-81.630598,38.360389]],"type":"LineString"},"id":"REF-KANAWHA-SECONDARY-ROADS-192","properties":{"canon_status":"REAL_REFERENCE","county_route":null,"federal_lands_route":null,"fictionality":"REAL","globalid":"{B1E2ADD7-D340-45FB-ACD8-F9372EFB628B}","interstate":null,"interstate_a":null,"interstate_b":null,"interstate_c":null,"loaddate":1474001917000,"mtfcc_code":"S1200","name":"Bigley Ave","objectid":14445725,"permanent_identifier":"37fc4e0d-f70e-4b73-b350-5ce3394f8d3b","real_world_relation":"REFERENCE_ONLY","shape_Length":44.330613580390896,"source_datadesc":"2016 January MAFTIGER","source_datasetid":"{9298FF95-0FA8-4712-9AA5-9292C907CA63}","source_featureid":"1101747015032","source_id":"REF-KANAWHA-SECONDARY-ROADS","source_originator":"U.S. Department of Commerce, U.S. Census Bureau, Geography Division","state_route":null,"state_route_a":null,"state_route_b":null,"state_route_c":null,"stco_fipscode":"54039","tnmfrc":2,"us_route":"119","us_route_a":"119","us_route_b":null,"us_route_c":null},"type":"Feature"},{"geometry":{"coordinates":[[-81.667917,38.373557],[-81.667744,38.373816],[-81.667698,38.3739]],"type":"LineString"},"id":"REF-KANAWHA-SECONDARY-ROADS-193","properties":{"canon_status":"REAL_REFERENCE","county_route":null,"federal_lands_route":null,"fictionality":"REAL","globalid":"{E20E9C4B-F478-4C0F-971A-69C79817EFD4}","interstate":null,"interstate_a":null,"interstate_b":null,"interstate_c":null,"loaddate":1474002440000,"mtfcc_code":"S1200","name":"Iowa St","objectid":14701104,"permanent_identifier":"a0bcecb0-c289-40b0-a4d3-443b7d03bf58","real_world_relation":"REFERENCE_ONLY","shape_Length":54.49375138074298,"source_datadesc":"2016 January MAFTIGER","source_datasetid":"{9298FF95-0FA8-4712-9AA5-9292C907CA63}","source_featureid":"1105013709515","source_id":"REF-KANAWHA-SECONDARY-ROADS","source_originator":"U.S. Department of Commerce, U.S. Census Bureau, Geography Division","state_route":null,"state_route_a":null,"state_route_b":null,"state_route_c":null,"stco_fipscode":"54039","tnmfrc":2,"us_route":"60","us_route_a":"60","us_route_b":null,"us_route_c":null},"type":"Feature"},{"geometry":{"coordinates":[[-81.650963,38.347991],[-81.651054,38.347879],[-81.651413,38.347436]],"type":"LineString"},"id":"REF-KANAWHA-SECONDARY-ROADS-194","properties":{"canon_status":"REAL_REFERENCE","county_route":null,"federal_lands_route":null,"fictionality":"REAL","globalid":"{6F8B11EE-48AE-430F-9CC8-031580D62161}","interstate":null,"interstate_a":null,"interstate_b":null,"interstate_c":null,"loaddate":1474001297000,"mtfcc_code":"S1200","name":"US Hwy 119","objectid":14701160,"permanent_identifier":"0d51788a-a8fa-4bcc-a228-4d56a014bb31","real_world_relation":"REFERENCE_ONLY","shape_Length":93.35594536757324,"source_datadesc":"2016 January MAFTIGER","source_datasetid":"{9298FF95-0FA8-4712-9AA5-9292C907CA63}","source_featureid":"1101747011827","source_id":"REF-KANAWHA-SECONDARY-ROADS","source_originator":"U.S. Department of Commerce, U.S. Census Bureau, Geography Division","state_route":null,"state_route_a":null,"state_route_b":null,"state_route_c":null,"stco_fipscode":"54039","tnmfrc":2,"us_route":"119","us_route_a":"119","us_route_b":null,"us_route_c":null},"type":"Feature"},{"geometry":{"coordinates":[[-81.619032,38.341652],[-81.618464,38.341384]],"type":"LineString"},"id":"REF-KANAWHA-SECONDARY-ROADS-195","properties":{"canon_status":"REAL_REFERENCE","county_route":null,"federal_lands_route":null,"fictionality":"REAL","globalid":"{22579A39-7A34-4841-9AD8-DF12FBA543E1}","interstate":null,"interstate_a":null,"interstate_b":null,"interstate_c":null,"loaddate":1474003098000,"mtfcc_code":"S1200","name":"Washington St E","objectid":14701186,"permanent_identifier":"6de27a99-22c9-413e-9534-9b68a66a517b","real_world_relation":"REFERENCE_ONLY","shape_Length":73.78887622339984,"source_datadesc":"2016 January MAFTIGER","source_datasetid":"{9298FF95-0FA8-4712-9AA5-9292C907CA63}","source_featureid":"1101747019658","source_id":"REF-KANAWHA-SECONDARY-ROADS","source_originator":"U.S. Department of Commerce, U.S. Census Bureau, Geography Division","state_route":null,"state_route_a":null,"state_route_b":null,"state_route_c":null,"stco_fipscode":"54039","tnmfrc":2,"us_route":"60","us_route_a":"60","us_route_b":null,"us_route_c":null},"type":"Feature"},{"geometry":{"coordinates":[[-81.516647,38.214728],[-81.516448,38.214578]],"type":"LineString"},"id":"REF-KANAWHA-SECONDARY-ROADS-196","properties":{"canon_status":"REAL_REFERENCE","county_route":null,"federal_lands_route":null,"fictionality":"REAL","globalid":"{89B50066-0589-4F92-88DB-1BFCB837F7D9}","interstate":null,"interstate_a":null,"interstate_b":null,"interstate_c":null,"loaddate":1568217705000,"mtfcc_code":"S1200","name":"E Dupont Ave","objectid":14915552,"permanent_identifier":"f407d7fe-79dc-4f39-bcd8-f2771d43b4a4","real_world_relation":"REFERENCE_ONLY","shape_Length":30.690134007190146,"source_datadesc":"2018 May MAF/TIGER","source_datasetid":"{9298FF95-0FA8-4712-9AA5-9292C907CA63}","source_featureid":"1101747015238","source_id":"REF-KANAWHA-SECONDARY-ROADS","source_originator":"U.S. Department of Commerce, U.S. Census Bureau, Geography Division","state_route":null,"state_route_a":null,"state_route_b":null,"state_route_c":null,"stco_fipscode":"54039","tnmfrc":2,"us_route":"60","us_route_a":"60","us_route_b":null,"us_route_c":null},"type":"Feature"},{"geometry":{"coordinates":[[-81.664311,38.37217],[-81.664225,38.372262]],"type":"LineString"},"id":"REF-KANAWHA-SECONDARY-ROADS-197","properties":{"canon_status":"REAL_REFERENCE","county_route":null,"federal_lands_route":null,"fictionality":"REAL","globalid":"{E6C6BF8A-EC4E-4CBC-A0CC-2E84586DF70F}","interstate":null,"interstate_a":null,"interstate_b":null,"interstate_c":null,"loaddate":1568217705000,"mtfcc_code":"S1200","name":"Patrick St","objectid":14915682,"permanent_identifier":"903bb20e-06b9-447f-a6b1-175cbcd3c013","real_world_relation":"REFERENCE_ONLY","shape_Length":16.1955698799055,"source_datadesc":"2016 January MAFTIGER","source_datasetid":"{9298FF95-0FA8-4712-9AA5-9292C907CA63}","source_featureid":"1101747017055","source_id":"REF-KANAWHA-SECONDARY-ROADS","source_originator":"U.S. Department of Commerce, U.S. Census Bureau, Geography Division","state_route":null,"state_route_a":null,"state_route_b":null,"state_route_c":null,"stco_fipscode":"54039","tnmfrc":2,"us_route":"60","us_route_a":"60","us_route_b":null,"us_route_c":null},"type":"Feature"},{"geometry":{"coordinates":[[-81.631495,38.360084],[-81.631533,38.360033],[-81.631628,38.359927],[-81.631739,38.35983]],"type":"LineString"},"id":"REF-KANAWHA-SECONDARY-ROADS-198","properties":{"canon_status":"REAL_REFERENCE","county_route":null,"federal_lands_route":null,"fictionality":"REAL","globalid":"{34A1F442-5FB0-433E-90BD-869F4F47FE01}","interstate":null,"interstate_a":"","interstate_b":"","interstate_c":"","loaddate":1673511277000,"mtfcc_code":"S1200","name":null,"objectid":15043103,"permanent_identifier":"e8a1bea1-efbd-464a-a478-a794c9a7166d","real_world_relation":"REFERENCE_ONLY","shape_Length":45.27996389185944,"source_datadesc":"2018 May MAF/TIGER","source_datasetid":"{9298FF95-0FA8-4712-9AA5-9292C907CA63}","source_featureid":"1101747040345","source_id":"REF-KANAWHA-SECONDARY-ROADS","source_originator":"U.S. Department of Commerce, U.S. Census Bureau, Geography Division","state_route":null,"state_route_a":"","state_route_b":"","state_route_c":"","stco_fipscode":"54039","tnmfrc":2,"us_route":"119","us_route_a":"119","us_route_b":"","us_route_c":""},"type":"Feature"},{"geometry":{"coordinates":[[-81.667416,38.341677],[-81.666751,38.341362],[-81.666505,38.341266],[-81.666291,38.3412],[-81.666072,38.341147],[-81.665939,38.341122],[-81.665648,38.341092],[-81.665403,38.341083],[-81.665207,38.341085],[-81.664987,38.341101],[-81.664705,38.341137],[-81.664542,38.341164],[-81.664081,38.341312],[-81.663375,38.341559]],"type":"LineString"},"id":"REF-KANAWHA-SECONDARY-ROADS-199","properties":{"canon_status":"REAL_REFERENCE","county_route":null,"federal_lands_route":null,"fictionality":"REAL","globalid":"{71EA9C56-9DA3-4C27-95C4-B3F44FFFBDC9}","interstate":null,"interstate_a":null,"interstate_b":null,"interstate_c":null,"loaddate":1568217705000,"mtfcc_code":"S1200","name":"US Hwy 119","objectid":15171098,"permanent_identifier":"8576e436-5459-49ad-a3e1-028810cd5052","real_world_relation":"REFERENCE_ONLY","shape_Length":481.65207881556165,"source_datadesc":"2016 January MAFTIGER","source_datasetid":"{9298FF95-0FA8-4712-9AA5-9292C907CA63}","source_featureid":"1101747011818","source_id":"REF-KANAWHA-SECONDARY-ROADS","source_originator":"U.S. Department of Commerce, U.S. Census Bureau, Geography Division","state_route":null,"state_route_a":null,"state_route_b":null,"state_route_c":null,"stco_fipscode":"54039","tnmfrc":2,"us_route":"119","us_route_a":"119","us_route_b":null,"us_route_c":null},"type":"Feature"},{"geometry":{"coordinates":[[-81.652438,38.367698],[-81.653071,38.36801]],"type":"LineString"},"id":"REF-KANAWHA-SECONDARY-ROADS-200","properties":{"canon_status":"REAL_REFERENCE","county_route":null,"federal_lands_route":null,"fictionality":"REAL","globalid":"{07F1A511-AB5E-4BFD-8E72-8D07A08664D9}","interstate":null,"interstate_a":null,"interstate_b":null,"interstate_c":null,"loaddate":1568217705000,"mtfcc_code":"S1200","name":"Washington St W","objectid":15171174,"permanent_identifier":"fe2353d5-b9a5-42be-b0e3-b32cfd81dccc","real_world_relation":"REFERENCE_ONLY","shape_Length":83.23274011814155,"source_datadesc":"2016 January MAFTIGER","source_datasetid":"{9298FF95-0FA8-4712-9AA5-9292C907CA63}","source_featureid":"1101747019661","source_id":"REF-KANAWHA-SECONDARY-ROADS","source_originator":"U.S. Department of Commerce, U.S. Census Bureau, Geography Division","state_route":null,"state_route_a":null,"state_route_b":null,"state_route_c":null,"stco_fipscode":"54039","tnmfrc":2,"us_route":"60","us_route_a":"60","us_route_b":null,"us_route_c":null},"type":"Feature"},{"geometry":{"coordinates":[[-81.636617,38.355484],[-81.636207,38.355217]],"type":"LineString"},"id":"REF-KANAWHA-SECONDARY-ROADS-201","properties":{"canon_status":"REAL_REFERENCE","county_route":null,"federal_lands_route":null,"fictionality":"REAL","globalid":"{B1828827-8080-43A8-9B8C-37A25E2BF7FC}","interstate":null,"interstate_a":null,"interstate_b":null,"interstate_c":null,"loaddate":1474002342000,"mtfcc_code":"S1200","name":"Washington St E","objectid":15212141,"permanent_identifier":"82d537a2-91be-49ac-9eb9-4d465e5c0e40","real_world_relation":"REFERENCE_ONLY","shape_Length":59.32706285377402,"source_datadesc":"2016 January MAFTIGER","source_datasetid":"{9298FF95-0FA8-4712-9AA5-9292C907CA63}","source_featureid":"1101747019658","source_id":"REF-KANAWHA-SECONDARY-ROADS","source_originator":"U.S. Department of Commerce, U.S. Census Bureau, Geography Division","state_route":null,"state_route_a":null,"state_route_b":null,"state_route_c":null,"stco_fipscode":"54039","tnmfrc":2,"us_route":"60","us_route_a":"60","us_route_b":null,"us_route_c":null},"type":"Feature"},{"geometry":{"coordinates":[[-81.564302,38.269322],[-81.564298,38.269404],[-81.564285,38.269657],[-81.56427,38.269951],[-81.564244,38.270933],[-81.564134,38.272674],[-81.564069,38.273476],[-81.563916,38.275179],[-81.56387,38.275831],[-81.563731,38.278234],[-81.563691,38.278669],[-81.563627,38.279105],[-81.563497,38.27976],[-81.563392,38.28021],[-81.563178,38.28103]],"type":"LineString"},"id":"REF-KANAWHA-SECONDARY-ROADS-202","properties":{"canon_status":"REAL_REFERENCE","county_route":null,"federal_lands_route":null,"fictionality":"REAL","globalid":"{6419C088-2A51-43A1-A587-C3A9BCD0687A}","interstate":null,"interstate_a":null,"interstate_b":null,"interstate_c":null,"loaddate":1474003190000,"mtfcc_code":"S1200","name":"Kanawha Ave","objectid":15212173,"permanent_identifier":"d95a923d-026a-420e-a9dd-c3ba0067d92b","real_world_relation":"REFERENCE_ONLY","shape_Length":1667.0910140609408,"source_datadesc":"2016 January MAFTIGER","source_datasetid":"{9298FF95-0FA8-4712-9AA5-9292C907CA63}","source_featureid":"1101747016795","source_id":"REF-KANAWHA-SECONDARY-ROADS","source_originator":"U.S. Department of Commerce, U.S. Census Bureau, Geography Division","state_route":null,"state_route_a":null,"state_route_b":null,"state_route_c":null,"stco_fipscode":"54039","tnmfrc":2,"us_route":"60","us_route_a":"60","us_route_b":null,"us_route_c":null},"type":"Feature"},{"geometry":{"coordinates":[[-81.459185,38.214135],[-81.458246,38.214658],[-81.45806,38.214758]],"type":"LineString"},"id":"REF-KANAWHA-SECONDARY-ROADS-203","properties":{"canon_status":"REAL_REFERENCE","county_route":null,"federal_lands_route":null,"fictionality":"REAL","globalid":"{2040DFF0-098C-482C-A123-338C3D7B9BBD}","interstate":null,"interstate_a":null,"interstate_b":null,"interstate_c":null,"loaddate":1474003130000,"mtfcc_code":"S1200","name":"E Dupont Ave","objectid":15212454,"permanent_identifier":"1cfec0b1-9b5f-4fb4-a07b-c8099be88675","real_world_relation":"REFERENCE_ONLY","shape_Length":153.21798093422575,"source_datadesc":"2016 January MAFTIGER","source_datasetid":"{9298FF95-0FA8-4712-9AA5-9292C907CA63}","source_featureid":"1104469613929","source_id":"REF-KANAWHA-SECONDARY-ROADS","source_originator":"U.S. Department of Commerce, U.S. Census Bureau, Geography Division","state_route":null,"state_route_a":null,"state_route_b":null,"state_route_c":null,"stco_fipscode":"54039","tnmfrc":2,"us_route":"60","us_route_a":"60","us_route_b":null,"us_route_c":null},"type":"Feature"},{"geometry":{"coordinates":[[-81.524207,38.220974],[-81.523181,38.220099],[-81.523081,38.220016],[-81.52297,38.219921],[-81.52286,38.219828],[-81.52252,38.219536],[-81.521245,38.21845],[-81.521051,38.218291]],"type":"LineString"},"id":"REF-KANAWHA-SECONDARY-ROADS-204","properties":{"canon_status":"REAL_REFERENCE","county_route":null,"federal_lands_route":null,"fictionality":"REAL","globalid":"{561A32F5-95C3-4DD4-B61F-04E0DCBD05B4}","interstate":null,"interstate_a":null,"interstate_b":null,"interstate_c":null,"loaddate":1474001292000,"mtfcc_code":"S1200","name":"US Hwy 60","objectid":15340032,"permanent_identifier":"e79a3654-f470-49d9-994c-3225dce49d2a","real_world_relation":"REFERENCE_ONLY","shape_Length":517.6463627822653,"source_datadesc":"2016 January MAFTIGER","source_datasetid":"{9298FF95-0FA8-4712-9AA5-9292C907CA63}","source_featureid":"1101747011699","source_id":"REF-KANAWHA-SECONDARY-ROADS","source_originator":"U.S. Department of Commerce, U.S. Census Bureau, Geography Division","state_route":null,"state_route_a":null,"state_route_b":null,"state_route_c":null,"stco_fipscode":"54039","tnmfrc":2,"us_route":"60","us_route_a":"60","us_route_b":null,"us_route_c":null},"type":"Feature"},{"geometry":{"coordinates":[[-81.650466,38.348761],[-81.650349,38.348706]],"type":"LineString"},"id":"REF-KANAWHA-SECONDARY-ROADS-205","properties":{"canon_status":"REAL_REFERENCE","county_route":null,"federal_lands_route":null,"fictionality":"REAL","globalid":"{1462CB99-9791-4874-BBB1-6D1175B806D4}","interstate":null,"interstate_a":null,"interstate_b":null,"interstate_c":null,"loaddate":1568217705000,"mtfcc_code":"S1200","name":"US Hwy 119","objectid":15426870,"permanent_identifier":"6d493150-5030-4a65-b480-82eb48582228","real_world_relation":"REFERENCE_ONLY","shape_Length":15.215859923886905,"source_datadesc":"2018 May MAF/TIGER","source_datasetid":"{9298FF95-0FA8-4712-9AA5-9292C907CA63}","source_featureid":"1101747011816","source_id":"REF-KANAWHA-SECONDARY-ROADS","source_originator":"U.S. Department of Commerce, U.S. Census Bureau, Geography Division","state_route":null,"state_route_a":null,"state_route_b":null,"state_route_c":null,"stco_fipscode":"54039","tnmfrc":2,"us_route":"119","us_route_a":"119","us_route_b":null,"us_route_c":null},"type":"Feature"},{"geometry":{"coordinates":[[-81.66662,38.369396],[-81.666347,38.369738]],"type":"LineString"},"id":"REF-KANAWHA-SECONDARY-ROADS-206","properties":{"canon_status":"REAL_REFERENCE","county_route":null,"federal_lands_route":null,"fictionality":"REAL","globalid":"{57A7E5BC-0C3F-44A5-8E35-6BF7121FBB47}","interstate":null,"interstate_a":null,"interstate_b":null,"interstate_c":null,"loaddate":1474002007000,"mtfcc_code":"S1200","name":"Patrick St","objectid":15467612,"permanent_identifier":"a4011ff8-40d0-402a-a2d3-d2b083d335b1","real_world_relation":"REFERENCE_ONLY","shape_Length":57.28470217410218,"source_datadesc":"2016 January MAFTIGER","source_datasetid":"{9298FF95-0FA8-4712-9AA5-9292C907CA63}","source_featureid":"1101747017055","source_id":"REF-KANAWHA-SECONDARY-ROADS","source_originator":"U.S. Department of Commerce, U.S. Census Bureau, Geography Division","state_route":null,"state_route_a":null,"state_route_b":null,"state_route_c":null,"stco_fipscode":"54039","tnmfrc":2,"us_route":"60","us_route_a":"60","us_route_b":null,"us_route_c":null},"type":"Feature"},{"geometry":{"coordinates":[[-81.477015,38.204622],[-81.476978,38.204637]],"type":"LineString"},"id":"REF-KANAWHA-SECONDARY-ROADS-207","properties":{"canon_status":"REAL_REFERENCE","county_route":null,"federal_lands_route":null,"fictionality":"REAL","globalid":"{05EF6736-FC58-499D-9DA5-AF59C48C2639}","interstate":null,"interstate_a":null,"interstate_b":null,"interstate_c":null,"loaddate":1474003130000,"mtfcc_code":"S1200","name":"E Dupont Ave","objectid":15723251,"permanent_identifier":"aebcfc99-8299-4ba5-bc93-f325aec7158e","real_world_relation":"REFERENCE_ONLY","shape_Length":4.634621178604218,"source_datadesc":"2016 January MAFTIGER","source_datasetid":"{9298FF95-0FA8-4712-9AA5-9292C907CA63}","source_featureid":"1104469613929","source_id":"REF-KANAWHA-SECONDARY-ROADS","source_originator":"U.S. Department of Commerce, U.S. Census Bureau, Geography Division","state_route":null,"state_route_a":null,"state_route_b":null,"state_route_c":null,"stco_fipscode":"54039","tnmfrc":2,"us_route":"60","us_route_a":"60","us_route_b":null,"us_route_c":null},"type":"Feature"},{"geometry":{"coordinates":[[-81.630191,38.360074],[-81.630169,38.36006],[-81.630056,38.360008],[-81.629934,38.359969],[-81.62985,38.359951],[-81.629833,38.359947],[-81.629778,38.359943],[-81.629691,38.359948],[-81.629633,38.359955],[-81.629576,38.359963]],"type":"LineString"},"id":"REF-KANAWHA-SECONDARY-ROADS-208","properties":{"canon_status":"REAL_REFERENCE","county_route":null,"federal_lands_route":null,"fictionality":"REAL","globalid":"{F72E878B-FAC8-4B06-BCA6-07EB9FD380FB}","interstate":null,"interstate_a":null,"interstate_b":null,"interstate_c":null,"loaddate":1568217705000,"mtfcc_code":"S1200","name":"US Hwy 119","objectid":15937406,"permanent_identifier":"a07384c0-5621-4af6-b498-0e626572432e","real_world_relation":"REFERENCE_ONLY","shape_Length":72.91334244968029,"source_datadesc":"2016 January MAFTIGER","source_datasetid":"{9298FF95-0FA8-4712-9AA5-9292C907CA63}","source_featureid":"1101747011823","source_id":"REF-KANAWHA-SECONDARY-ROADS","source_originator":"U.S. Department of Commerce, U.S. Census Bureau, Geography Division","state_route":null,"state_route_a":null,"state_route_b":null,"state_route_c":null,"stco_fipscode":"54039","tnmfrc":2,"us_route":"119","us_route_a":"119","us_route_b":null,"us_route_c":null},"type":"Feature"},{"geometry":{"coordinates":[[-81.643635,38.361862],[-81.644244,38.362619]],"type":"LineString"},"id":"REF-KANAWHA-SECONDARY-ROADS-209","properties":{"canon_status":"REAL_REFERENCE","county_route":null,"federal_lands_route":null,"fictionality":"REAL","globalid":"{16442281-40D4-4C94-844F-D1618D90DCFF}","interstate":null,"interstate_a":null,"interstate_b":null,"interstate_c":null,"loaddate":1474002007000,"mtfcc_code":"S1200","name":"Lee St W","objectid":15978359,"permanent_identifier":"05e2ff54-f557-4d6c-b5ad-f76768447d32","real_world_relation":"REFERENCE_ONLY","shape_Length":127.06745649921801,"source_datadesc":"2016 January MAFTIGER","source_datasetid":"{9298FF95-0FA8-4712-9AA5-9292C907CA63}","source_featureid":"1101747012322","source_id":"REF-KANAWHA-SECONDARY-ROADS","source_originator":"U.S. Department of Commerce, U.S. Census Bureau, Geography Division","state_route":null,"state_route_a":null,"state_route_b":null,"state_route_c":null,"stco_fipscode":"54039","tnmfrc":2,"us_route":"60","us_route_a":"60","us_route_b":null,"us_route_c":null},"type":"Feature"},{"geometry":{"coordinates":[[-81.611092,38.335178],[-81.608725,38.33505]],"type":"LineString"},"id":"REF-KANAWHA-SECONDARY-ROADS-210","properties":{"canon_status":"REAL_REFERENCE","county_route":null,"federal_lands_route":null,"fictionality":"REAL","globalid":"{CC61704B-2B07-4049-828D-065DF0337696}","interstate":null,"interstate_a":null,"interstate_b":null,"interstate_c":null,"loaddate":1568217705000,"mtfcc_code":"S1200","name":"Kanawha Blvd E","objectid":16065622,"permanent_identifier":"d3813883-c91c-49ba-95ed-5ea7eacad531","real_world_relation":"REFERENCE_ONLY","shape_Length":264.1426697189308,"source_datadesc":"2018 May MAF/TIGER","source_datasetid":"{9298FF95-0FA8-4712-9AA5-9292C907CA63}","source_featureid":"1101747016797","source_id":"REF-KANAWHA-SECONDARY-ROADS","source_originator":"U.S. Department of Commerce, U.S. Census Bureau, Geography Division","state_route":null,"state_route_a":null,"state_route_b":null,"state_route_c":null,"stco_fipscode":"54039","tnmfrc":2,"us_route":"60","us_route_a":"60","us_route_b":null,"us_route_c":null},"type":"Feature"},{"geometry":{"coordinates":[[-81.58036,38.329892],[-81.580051,38.329753]],"type":"LineString"},"id":"REF-KANAWHA-SECONDARY-ROADS-211","properties":{"canon_status":"REAL_REFERENCE","county_route":null,"federal_lands_route":null,"fictionality":"REAL","globalid":"{2A0F7E6E-6D13-4265-91B1-6BCCAB216448}","interstate":null,"interstate_a":null,"interstate_b":null,"interstate_c":null,"loaddate":1474002524000,"mtfcc_code":"S1200","name":"Kanawha Blvd E","objectid":16106125,"permanent_identifier":"86858762-b55a-4b8f-b93b-ceb4f585f12b","real_world_relation":"REFERENCE_ONLY","shape_Length":39.65200291498241,"source_datadesc":"2016 January MAFTIGER","source_datasetid":"{9298FF95-0FA8-4712-9AA5-9292C907CA63}","source_featureid":"1101747016796","source_id":"REF-KANAWHA-SECONDARY-ROADS","source_originator":"U.S. Department of Commerce, U.S. Census Bureau, Geography Division","state_route":null,"state_route_a":null,"state_route_b":null,"state_route_c":null,"stco_fipscode":"54039","tnmfrc":2,"us_route":"60","us_route_a":"60","us_route_b":null,"us_route_c":null},"type":"Feature"},{"geometry":{"coordinates":[[-81.640926,38.360491],[-81.641137,38.361011]],"type":"LineString"},"id":"REF-KANAWHA-SECONDARY-ROADS-212","properties":{"canon_status":"REAL_REFERENCE","county_route":null,"federal_lands_route":null,"fictionality":"REAL","globalid":"{24463037-1CE2-4968-9C17-3370EA53DB22}","interstate":null,"interstate_a":null,"interstate_b":null,"interstate_c":null,"loaddate":1474002157000,"mtfcc_code":"S1200","name":"Washington St W","objectid":16106516,"permanent_identifier":"b0cf0a14-5692-4ebb-b22d-975f6f12a2af","real_world_relation":"REFERENCE_ONLY","shape_Length":77.46982955181105,"source_datadesc":"2016 January MAFTIGER","source_datasetid":"{9298FF95-0FA8-4712-9AA5-9292C907CA63}","source_featureid":"1101747019661","source_id":"REF-KANAWHA-SECONDARY-ROADS","source_originator":"U.S. Department of Commerce, U.S. Census Bureau, Geography Division","state_route":null,"state_route_a":null,"state_route_b":null,"state_route_c":null,"stco_fipscode":"54039","tnmfrc":2,"us_route":"60","us_route_a":"60","us_route_b":null,"us_route_c":null},"type":"Feature"},{"geometry":{"coordinates":[[-81.676289,38.34295],[-81.675979,38.343066],[-81.675685,38.343165],[-81.675323,38.343267],[-81.674886,38.343369],[-81.674566,38.343429],[-81.674357,38.343458],[-81.674241,38.343474],[-81.673761,38.343516],[-81.673375,38.343538],[-81.673013,38.343536],[-81.672652,38.34352],[-81.672291,38.343491],[-81.672051,38.343461],[-81.671995,38.343454],[-81.671617,38.343391],[-81.671517,38.343371]],"type":"LineString"},"id":"REF-KANAWHA-SECONDARY-ROADS-213","properties":{"canon_status":"REAL_REFERENCE","county_route":null,"federal_lands_route":null,"fictionality":"REAL","globalid":"{FF2BDEF9-FBDD-4308-BFA3-21EE710ACBAF}","interstate":null,"interstate_a":null,"interstate_b":null,"interstate_c":null,"loaddate":1474001298000,"mtfcc_code":"S1200","name":"US Hwy 119","objectid":16233842,"permanent_identifier":"36468a01-f27b-4f7d-8af4-95d78d538eb0","real_world_relation":"REFERENCE_ONLY","shape_Length":546.4571645294083,"source_datadesc":"2016 January MAFTIGER","source_datasetid":"{9298FF95-0FA8-4712-9AA5-9292C907CA63}","source_featureid":"1101747011818","source_id":"REF-KANAWHA-SECONDARY-ROADS","source_originator":"U.S. Department of Commerce, U.S. Census Bureau, Geography Division","state_route":null,"state_route_a":null,"state_route_b":null,"state_route_c":null,"stco_fipscode":"54039","tnmfrc":2,"us_route":"119","us_route_a":"119","us_route_b":null,"us_route_c":null},"type":"Feature"},{"geometry":{"coordinates":[[-81.667698,38.3739],[-81.667636,38.374015],[-81.667607,38.374065],[-81.667557,38.374127]],"type":"LineString"},"id":"REF-KANAWHA-SECONDARY-ROADS-214","properties":{"canon_status":"REAL_REFERENCE","county_route":null,"federal_lands_route":null,"fictionality":"REAL","globalid":"{63F17D6D-8A13-4C8E-B075-9E70C8EECD8D}","interstate":null,"interstate_a":null,"interstate_b":null,"interstate_c":null,"loaddate":1474002440000,"mtfcc_code":"S1200","name":"Iowa St","objectid":16233919,"permanent_identifier":"8fbd46aa-82e7-4274-9ba5-c57b97bd9314","real_world_relation":"REFERENCE_ONLY","shape_Length":35.94259666433272,"source_datadesc":"2016 January MAFTIGER","source_datasetid":"{9298FF95-0FA8-4712-9AA5-9292C907CA63}","source_featureid":"1105013709515","source_id":"REF-KANAWHA-SECONDARY-ROADS","source_originator":"U.S. Department of Commerce, U.S. Census Bureau, Geography Division","state_route":null,"state_route_a":null,"state_route_b":null,"state_route_c":null,"stco_fipscode":"54039","tnmfrc":2,"us_route":"60","us_route_a":"60","us_route_b":null,"us_route_c":null},"type":"Feature"},{"geometry":{"coordinates":[[-81.632917,38.3522],[-81.632832,38.352092],[-81.632181,38.351363]],"type":"LineString"},"id":"REF-KANAWHA-SECONDARY-ROADS-215","properties":{"canon_status":"REAL_REFERENCE","county_route":null,"federal_lands_route":null,"fictionality":"REAL","globalid":"{47340CB4-2A23-4989-B597-817DAC8D371E}","interstate":null,"interstate_a":null,"interstate_b":null,"interstate_c":null,"loaddate":1474002342000,"mtfcc_code":"S1200","name":"Washington St E","objectid":16233936,"permanent_identifier":"0760622c-a61f-4a63-a485-506d5774aaec","real_world_relation":"REFERENCE_ONLY","shape_Length":144.3492418373911,"source_datadesc":"2016 January MAFTIGER","source_datasetid":"{9298FF95-0FA8-4712-9AA5-9292C907CA63}","source_featureid":"1101747019658","source_id":"REF-KANAWHA-SECONDARY-ROADS","source_originator":"U.S. Department of Commerce, U.S. Census Bureau, Geography Division","state_route":null,"state_route_a":null,"state_route_b":null,"state_route_c":null,"stco_fipscode":"54039","tnmfrc":2,"us_route":"60","us_route_a":"60","us_route_b":null,"us_route_c":null},"type":"Feature"},{"geometry":{"coordinates":[[-81.616464,38.336485],[-81.616313,38.336436]],"type":"LineString"},"id":"REF-KANAWHA-SECONDARY-ROADS-216","properties":{"canon_status":"REAL_REFERENCE","county_route":null,"federal_lands_route":null,"fictionality":"REAL","globalid":"{D526C3AC-C79C-41C7-A562-472AA524B16B}","interstate":null,"interstate_a":"","interstate_b":"","interstate_c":"","loaddate":1673511277000,"mtfcc_code":"S1200","name":"Kanawha Blvd E","objectid":16320658,"permanent_identifier":"f304d869-215a-40b2-8c21-d215f85d8155","real_world_relation":"REFERENCE_ONLY","shape_Length":18.19089638860848,"source_datadesc":"2018 May MAF/TIGER","source_datasetid":"{9298FF95-0FA8-4712-9AA5-9292C907CA63}","source_featureid":"1101747016800","source_id":"REF-KANAWHA-SECONDARY-ROADS","source_originator":"U.S. Department of Commerce, U.S. Census Bureau, Geography Division","state_route":null,"state_route_a":"","state_route_b":"","state_route_c":"","stco_fipscode":"54039","tnmfrc":2,"us_route":"60","us_route_a":"60","us_route_b":"","us_route_c":""},"type":"Feature"},{"geometry":{"coordinates":[[-81.500523,38.201934],[-81.500401,38.201795],[-81.499994,38.201385],[-81.499901,38.201299],[-81.499611,38.201056],[-81.49939,38.20089],[-81.499182,38.200747],[-81.498988,38.200626],[-81.498719,38.200479],[-81.49852,38.20038],[-81.498257,38.200264],[-81.497916,38.200134],[-81.497621,38.200036],[-81.497107,38.19989],[-81.49682,38.199822],[-81.496742,38.199803],[-81.496444,38.19974],[-81.496074,38.199673]],"type":"LineString"},"id":"REF-KANAWHA-SECONDARY-ROADS-217","properties":{"canon_status":"REAL_REFERENCE","county_route":null,"federal_lands_route":null,"fictionality":"REAL","globalid":"{5F540A67-529D-4CBE-9828-EC4942327C3E}","interstate":null,"interstate_a":"","interstate_b":"","interstate_c":"","loaddate":1673511277000,"mtfcc_code":"S1200","name":"Sheldon Ln","objectid":16320728,"permanent_identifier":"9684e6f4-5495-4a40-bae9-a3a4ec8a4199","real_world_relation":"REFERENCE_ONLY","shape_Length":607.1574056440003,"source_datadesc":"2022 September MAF/TIGER","source_datasetid":"{9298FF95-0FA8-4712-9AA5-9292C907CA63}","source_featureid":"1104469098402","source_id":"REF-KANAWHA-SECONDARY-ROADS","source_originator":"U.S. Department of Commerce, U.S. Census Bureau, Geography Division","state_route":null,"state_route_a":"","state_route_b":"","state_route_c":"","stco_fipscode":"54039","tnmfrc":2,"us_route":"60","us_route_a":"60","us_route_b":"","us_route_c":""},"type":"Feature"},{"geometry":{"coordinates":[[-81.560843,38.315802],[-81.561018,38.316023],[-81.561298,38.316327],[-81.561422,38.316455]],"type":"LineString"},"id":"REF-KANAWHA-SECONDARY-ROADS-218","properties":{"canon_status":"REAL_REFERENCE","county_route":null,"federal_lands_route":null,"fictionality":"REAL","globalid":"{5934D76D-F60D-40BA-950F-3935FBF0D3B8}","interstate":null,"interstate_a":null,"interstate_b":null,"interstate_c":null,"loaddate":1474002011000,"mtfcc_code":"S1200","name":"Kanawha St","objectid":16361424,"permanent_identifier":"1eb677c8-1baa-4b4f-a99e-62f7f112678c","real_world_relation":"REFERENCE_ONLY","shape_Length":112.94092016886545,"source_datadesc":"2016 January MAFTIGER","source_datasetid":"{9298FF95-0FA8-4712-9AA5-9292C907CA63}","source_featureid":"1101747016794","source_id":"REF-KANAWHA-SECONDARY-ROADS","source_originator":"U.S. Department of Commerce, U.S. Census Bureau, Geography Division","state_route":null,"state_route_a":null,"state_route_b":null,"state_route_c":null,"stco_fipscode":"54039","tnmfrc":2,"us_route":"60","us_route_a":"60","us_route_b":null,"us_route_c":null},"type":"Feature"},{"geometry":{"coordinates":[[-81.625958,38.345949],[-81.625399,38.345486],[-81.624927,38.34512],[-81.624855,38.34506]],"type":"LineString"},"id":"REF-KANAWHA-SECONDARY-ROADS-219","properties":{"canon_status":"REAL_REFERENCE","county_route":null,"federal_lands_route":null,"fictionality":"REAL","globalid":"{A86D1B67-1AE9-4660-ADC5-DB830BA04360}","interstate":null,"interstate_a":null,"interstate_b":null,"interstate_c":null,"loaddate":1474003098000,"mtfcc_code":"S1200","name":"Washington St E","objectid":16361435,"permanent_identifier":"1e9d84bc-3c31-4633-a3d5-8feca00643eb","real_world_relation":"REFERENCE_ONLY","shape_Length":176.0873142023462,"source_datadesc":"2016 January MAFTIGER","source_datasetid":"{9298FF95-0FA8-4712-9AA5-9292C907CA63}","source_featureid":"1101747019658","source_id":"REF-KANAWHA-SECONDARY-ROADS","source_originator":"U.S. Department of Commerce, U.S. Census Bureau, Geography Division","state_route":null,"state_route_a":null,"state_route_b":null,"state_route_c":null,"stco_fipscode":"54039","tnmfrc":2,"us_route":"60","us_route_a":"60","us_route_b":null,"us_route_c":null},"type":"Feature"},{"geometry":{"coordinates":[[-81.638598,38.355922],[-81.638482,38.355851],[-81.637799,38.355366],[-81.636845,38.354689],[-81.636453,38.35441],[-81.636034,38.354015],[-81.635811,38.353806],[-81.635398,38.353354]],"type":"LineString"},"id":"REF-KANAWHA-SECONDARY-ROADS-220","properties":{"canon_status":"REAL_REFERENCE","county_route":null,"federal_lands_route":null,"fictionality":"REAL","globalid":"{0588C0C6-98F7-4B36-ABB0-7B553645FC5A}","interstate":null,"interstate_a":null,"interstate_b":null,"interstate_c":null,"loaddate":1474002625000,"mtfcc_code":"S1200","name":"Lee St E","objectid":16488728,"permanent_identifier":"3434beac-3f06-4cb9-90ee-d68aabb1ae73","real_world_relation":"REFERENCE_ONLY","shape_Length":511.6654370162237,"source_datadesc":"2016 January MAFTIGER","source_datasetid":"{9298FF95-0FA8-4712-9AA5-9292C907CA63}","source_featureid":"1101747012316","source_id":"REF-KANAWHA-SECONDARY-ROADS","source_originator":"U.S. Department of Commerce, U.S. Census Bureau, Geography Division","state_route":null,"state_route_a":null,"state_route_b":null,"state_route_c":null,"stco_fipscode":"54039","tnmfrc":2,"us_route":"60","us_route_a":"60","us_route_b":null,"us_route_c":null},"type":"Feature"},{"geometry":{"coordinates":[[-81.640687,38.357634],[-81.640502,38.3573],[-81.640418,38.357178],[-81.640319,38.357062],[-81.640184,38.356932],[-81.640058,38.356833],[-81.639658,38.356571]],"type":"LineString"},"id":"REF-KANAWHA-SECONDARY-ROADS-221","properties":{"canon_status":"REAL_REFERENCE","county_route":null,"federal_lands_route":null,"fictionality":"REAL","globalid":"{59CD08AA-ECD1-4916-8B34-0A1A5E5B6630}","interstate":null,"interstate_a":null,"interstate_b":null,"interstate_c":null,"loaddate":1474002625000,"mtfcc_code":"S1200","name":"Lee St E","objectid":16488742,"permanent_identifier":"091a7f04-aef7-4c58-a000-50806501080b","real_world_relation":"REFERENCE_ONLY","shape_Length":192.86496278860045,"source_datadesc":"2016 January MAFTIGER","source_datasetid":"{9298FF95-0FA8-4712-9AA5-9292C907CA63}","source_featureid":"1101747012316","source_id":"REF-KANAWHA-SECONDARY-ROADS","source_originator":"U.S. Department of Commerce, U.S. Census Bureau, Geography Division","state_route":null,"state_route_a":null,"state_route_b":null,"state_route_c":null,"stco_fipscode":"54039","tnmfrc":2,"us_route":"60","us_route_a":"60","us_route_b":null,"us_route_c":null},"type":"Feature"},{"geometry":{"coordinates":[[-81.630208,38.348032],[-81.629943,38.347808]],"type":"LineString"},"id":"REF-KANAWHA-SECONDARY-ROADS-222","properties":{"canon_status":"REAL_REFERENCE","county_route":null,"federal_lands_route":null,"fictionality":"REAL","globalid":"{1EA46515-82CA-4367-95B3-EF2436788DD6}","interstate":null,"interstate_a":null,"interstate_b":null,"interstate_c":null,"loaddate":1474002626000,"mtfcc_code":"S1200","name":"Lee St E","objectid":16616513,"permanent_identifier":"3f2d19a4-77c2-4387-a43d-9f3408812749","real_world_relation":"REFERENCE_ONLY","shape_Length":43.37234930088103,"source_datadesc":"2016 January MAFTIGER","source_datasetid":"{9298FF95-0FA8-4712-9AA5-9292C907CA63}","source_featureid":"1101747012316","source_id":"REF-KANAWHA-SECONDARY-ROADS","source_originator":"U.S. Department of Commerce, U.S. Census Bureau, Geography Division","state_route":null,"state_route_a":null,"state_route_b":null,"state_route_c":null,"stco_fipscode":"54039","tnmfrc":2,"us_route":"60","us_route_a":"60","us_route_b":null,"us_route_c":null},"type":"Feature"},{"geometry":{"coordinates":[[-81.639658,38.356571],[-81.639492,38.356462],[-81.639388,38.356403]],"type":"LineString"},"id":"REF-KANAWHA-SECONDARY-ROADS-223","properties":{"canon_status":"REAL_REFERENCE","county_route":null,"federal_lands_route":null,"fictionality":"REAL","globalid":"{CA12979B-4BA0-4F00-A5BB-EE991E38720F}","interstate":null,"interstate_a":null,"interstate_b":null,"interstate_c":null,"loaddate":1474002625000,"mtfcc_code":"S1200","name":"Lee St E","objectid":16616629,"permanent_identifier":"d1f3e8d0-7b23-494e-a0bf-63ac9c374a78","real_world_relation":"REFERENCE_ONLY","shape_Length":38.391221125198825,"source_datadesc":"2016 January MAFTIGER","source_datasetid":"{9298FF95-0FA8-4712-9AA5-9292C907CA63}","source_featureid":"1101747012316","source_id":"REF-KANAWHA-SECONDARY-ROADS","source_originator":"U.S. Department of Commerce, U.S. Census Bureau, Geography Division","state_route":null,"state_route_a":null,"state_route_b":null,"state_route_c":null,"stco_fipscode":"54039","tnmfrc":2,"us_route":"60","us_route_a":"60","us_route_b":null,"us_route_c":null},"type":"Feature"},{"geometry":{"coordinates":[[-81.561422,38.316455],[-81.561714,38.316739],[-81.562029,38.317003],[-81.562081,38.317046],[-81.562132,38.317089],[-81.562261,38.317197],[-81.5626,38.317429],[-81.563462,38.317962],[-81.564063,38.318324],[-81.56442,38.318545],[-81.564764,38.318784],[-81.565097,38.319033],[-81.565407,38.31928],[-81.565859,38.319674],[-81.566072,38.319845],[-81.566169,38.319918]],"type":"LineString"},"id":"REF-KANAWHA-SECONDARY-ROADS-224","properties":{"canon_status":"REAL_REFERENCE","county_route":null,"federal_lands_route":null,"fictionality":"REAL","globalid":"{E54E5FA1-7738-47A4-B42F-89C685995FD0}","interstate":null,"interstate_a":null,"interstate_b":null,"interstate_c":null,"loaddate":1474002011000,"mtfcc_code":"S1200","name":"Kanawha St","objectid":16744704,"permanent_identifier":"2742a844-75e6-4ee9-a38f-61306ae8e2bc","real_world_relation":"REFERENCE_ONLY","shape_Length":723.68569671751,"source_datadesc":"2016 January MAFTIGER","source_datasetid":"{9298FF95-0FA8-4712-9AA5-9292C907CA63}","source_featureid":"1101747016794","source_id":"REF-KANAWHA-SECONDARY-ROADS","source_originator":"U.S. Department of Commerce, U.S. Census Bureau, Geography Division","state_route":null,"state_route_a":null,"state_route_b":null,"state_route_c":null,"stco_fipscode":"54039","tnmfrc":2,"us_route":"60","us_route_a":"60","us_route_b":null,"us_route_c":null},"type":"Feature"},{"geometry":{"coordinates":[[-81.521153,38.218214],[-81.518594,38.216103],[-81.518076,38.215676],[-81.517554,38.21526],[-81.516752,38.21465]],"type":"LineString"},"id":"REF-KANAWHA-SECONDARY-ROADS-225","properties":{"canon_status":"REAL_REFERENCE","county_route":null,"federal_lands_route":null,"fictionality":"REAL","globalid":"{BDCDA87D-92D6-4AC8-92E7-AA9D94F9D423}","interstate":null,"interstate_a":null,"interstate_b":null,"interstate_c":null,"loaddate":1474001292000,"mtfcc_code":"S1200","name":"US Hwy 60","objectid":16744706,"permanent_identifier":"a8521d55-354b-4841-8e25-304463a9889a","real_world_relation":"REFERENCE_ONLY","shape_Length":703.6550286266099,"source_datadesc":"2016 January MAFTIGER","source_datasetid":"{9298FF95-0FA8-4712-9AA5-9292C907CA63}","source_featureid":"1104991890163","source_id":"REF-KANAWHA-SECONDARY-ROADS","source_originator":"U.S. Department of Commerce, U.S. Census Bureau, Geography Division","state_route":null,"state_route_a":null,"state_route_b":null,"state_route_c":null,"stco_fipscode":"54039","tnmfrc":2,"us_route":"60","us_route_a":"60","us_route_b":null,"us_route_c":null},"type":"Feature"},{"geometry":{"coordinates":[[-81.550568,38.242896],[-81.550385,38.242775]],"type":"LineString"},"id":"REF-KANAWHA-SECONDARY-ROADS-226","properties":{"canon_status":"REAL_REFERENCE","county_route":null,"federal_lands_route":null,"fictionality":"REAL","globalid":"{245B9E26-F785-4ECE-902D-E3E6793E2C73}","interstate":null,"interstate_a":null,"interstate_b":null,"interstate_c":null,"loaddate":1474001292000,"mtfcc_code":"S1200","name":"US Hwy 60","objectid":16744796,"permanent_identifier":"236a271d-2d95-4a01-90a3-d43700566f09","real_world_relation":"REFERENCE_ONLY","shape_Length":26.629381179929165,"source_datadesc":"2016 January MAFTIGER","source_datasetid":"{9298FF95-0FA8-4712-9AA5-9292C907CA63}","source_featureid":"1101747011699","source_id":"REF-KANAWHA-SECONDARY-ROADS","source_originator":"U.S. Department of Commerce, U.S. Census Bureau, Geography Division","state_route":null,"state_route_a":null,"state_route_b":null,"state_route_c":null,"stco_fipscode":"54039","tnmfrc":2,"us_route":"60","us_route_a":"60","us_route_b":null,"us_route_c":null},"type":"Feature"},{"geometry":{"coordinates":[[-81.649351,38.366473],[-81.649786,38.366651],[-81.649968,38.366726],[-81.650106,38.366787]],"type":"LineString"},"id":"REF-KANAWHA-SECONDARY-ROADS-227","properties":{"canon_status":"REAL_REFERENCE","county_route":null,"federal_lands_route":null,"fictionality":"REAL","globalid":"{E8F87740-D151-4C4C-854D-A8391009A2C0}","interstate":null,"interstate_a":null,"interstate_b":null,"interstate_c":null,"loaddate":1474002342000,"mtfcc_code":"S1200","name":"Washington St W","objectid":16744798,"permanent_identifier":"8bad5af4-c768-4e75-b6c8-a9d2f5626062","real_world_relation":"REFERENCE_ONLY","shape_Length":95.14532618293349,"source_datadesc":"2016 January MAFTIGER","source_datasetid":"{9298FF95-0FA8-4712-9AA5-9292C907CA63}","source_featureid":"1101747019661","source_id":"REF-KANAWHA-SECONDARY-ROADS","source_originator":"U.S. Department of Commerce, U.S. Census Bureau, Geography Division","state_route":null,"state_route_a":null,"state_route_b":null,"state_route_c":null,"stco_fipscode":"54039","tnmfrc":2,"us_route":"60","us_route_a":"60","us_route_b":null,"us_route_c":null},"type":"Feature"},{"geometry":{"coordinates":[[-81.487376,38.200744],[-81.486868,38.200932],[-81.484036,38.201999],[-81.483723,38.202112],[-81.483049,38.202336],[-81.482716,38.202439]],"type":"LineString"},"id":"REF-KANAWHA-SECONDARY-ROADS-228","properties":{"canon_status":"REAL_REFERENCE","county_route":null,"federal_lands_route":null,"fictionality":"REAL","globalid":"{019AFA43-0A27-439F-BD69-61E742F44BC1}","interstate":null,"interstate_a":null,"interstate_b":null,"interstate_c":null,"loaddate":1474002476000,"mtfcc_code":"S1200","name":"E Dupont Ave","objectid":16999880,"permanent_identifier":"fbf6d76a-851d-4cc8-9cb9-868ca6bcfc87","real_world_relation":"REFERENCE_ONLY","shape_Length":571.7700082749827,"source_datadesc":"2016 January MAFTIGER","source_datasetid":"{9298FF95-0FA8-4712-9AA5-9292C907CA63}","source_featureid":"1101747015239","source_id":"REF-KANAWHA-SECONDARY-ROADS","source_originator":"U.S. Department of Commerce, U.S. Census Bureau, Geography Division","state_route":null,"state_route_a":null,"state_route_b":null,"state_route_c":null,"stco_fipscode":"54039","tnmfrc":2,"us_route":"60","us_route_a":"60","us_route_b":null,"us_route_c":null},"type":"Feature"},{"geometry":{"coordinates":[[-81.670154,38.3638],[-81.669937,38.364128]],"type":"LineString"},"id":"REF-KANAWHA-SECONDARY-ROADS-229","properties":{"canon_status":"REAL_REFERENCE","county_route":null,"federal_lands_route":null,"fictionality":"REAL","globalid":"{9C481138-6556-4900-9F41-DA5B9C1AA190}","interstate":null,"interstate_a":null,"interstate_b":null,"interstate_c":null,"loaddate":1474002417000,"mtfcc_code":"S1200","name":"Patrick St","objectid":16999886,"permanent_identifier":"b008c5df-0b2b-491a-9706-42505b2dd2cc","real_world_relation":"REFERENCE_ONLY","shape_Length":52.459980669927184,"source_datadesc":"2016 January MAFTIGER","source_datasetid":"{9298FF95-0FA8-4712-9AA5-9292C907CA63}","source_featureid":"1101747017054","source_id":"REF-KANAWHA-SECONDARY-ROADS","source_originator":"U.S. Department of Commerce, U.S. Census Bureau, Geography Division","state_route":null,"state_route_a":null,"state_route_b":null,"state_route_c":null,"stco_fipscode":"54039","tnmfrc":2,"us_route":"60","us_route_a":"60","us_route_b":null,"us_route_c":null},"type":"Feature"},{"geometry":{"coordinates":[[-81.63509,38.354483],[-81.634414,38.354036]],"type":"LineString"},"id":"REF-KANAWHA-SECONDARY-ROADS-230","properties":{"canon_status":"REAL_REFERENCE","county_route":null,"federal_lands_route":null,"fictionality":"REAL","globalid":"{3D1CCD7B-477F-429F-997B-6280A5BE40D4}","interstate":null,"interstate_a":null,"interstate_b":null,"interstate_c":null,"loaddate":1474002342000,"mtfcc_code":"S1200","name":"Washington St E","objectid":16999941,"permanent_identifier":"51cb1a75-a5f5-43d9-a88c-fc14b6c4f785","real_world_relation":"REFERENCE_ONLY","shape_Length":98.43397908507565,"source_datadesc":"2016 January MAFTIGER","source_datasetid":"{9298FF95-0FA8-4712-9AA5-9292C907CA63}","source_featureid":"1101747019658","source_id":"REF-KANAWHA-SECONDARY-ROADS","source_originator":"U.S. Department of Commerce, U.S. Census Bureau, Geography Division","state_route":null,"state_route_a":null,"state_route_b":null,"state_route_c":null,"stco_fipscode":"54039","tnmfrc":2,"us_route":"60","us_route_a":"60","us_route_b":null,"us_route_c":null},"type":"Feature"},{"geometry":{"coordinates":[[-81.604119,38.334727],[-81.603389,38.334669],[-81.60174,38.334518],[-81.6009,38.334436],[-81.598768,38.334191],[-81.598539,38.334183],[-81.598355,38.334187]],"type":"LineString"},"id":"REF-KANAWHA-SECONDARY-ROADS-231","properties":{"canon_status":"REAL_REFERENCE","county_route":null,"federal_lands_route":null,"fictionality":"REAL","globalid":"{FF8F00B3-CB1F-4007-BB62-094CA625E0F0}","interstate":null,"interstate_a":null,"interstate_b":null,"interstate_c":null,"loaddate":1568217705000,"mtfcc_code":"S1200","name":"Kanawha Blvd E","objectid":17087465,"permanent_identifier":"b6c788a3-dc4d-485f-961f-9ead72e68058","real_world_relation":"REFERENCE_ONLY","shape_Length":646.6017614156535,"source_datadesc":"2018 May MAF/TIGER","source_datasetid":"{9298FF95-0FA8-4712-9AA5-9292C907CA63}","source_featureid":"1101747016797","source_id":"REF-KANAWHA-SECONDARY-ROADS","source_originator":"U.S. Department of Commerce, U.S. Census Bureau, Geography Division","state_route":null,"state_route_a":null,"state_route_b":null,"state_route_c":null,"stco_fipscode":"54039","tnmfrc":2,"us_route":"60","us_route_a":"60","us_route_b":null,"us_route_c":null},"type":"Feature"},{"geometry":{"coordinates":[[-81.649994,38.349134],[-81.650035,38.349078],[-81.650106,38.34899],[-81.650293,38.348772]],"type":"LineString"},"id":"REF-KANAWHA-SECONDARY-ROADS-232","properties":{"canon_status":"REAL_REFERENCE","county_route":null,"federal_lands_route":null,"fictionality":"REAL","globalid":"{0085DE98-73B6-4912-856D-E1ACF84C71CD}","interstate":null,"interstate_a":null,"interstate_b":null,"interstate_c":null,"loaddate":1568217705000,"mtfcc_code":"S1200","name":"US Hwy 119","objectid":17215558,"permanent_identifier":"c16c360c-ac70-4b5c-8a12-91d23a85e74c","real_world_relation":"REFERENCE_ONLY","shape_Length":61.338567824747805,"source_datadesc":"2018 May MAF/TIGER","source_datasetid":"{9298FF95-0FA8-4712-9AA5-9292C907CA63}","source_featureid":"1101747011827","source_id":"REF-KANAWHA-SECONDARY-ROADS","source_originator":"U.S. Department of Commerce, U.S. Census Bureau, Geography Division","state_route":null,"state_route_a":null,"state_route_b":null,"state_route_c":null,"stco_fipscode":"54039","tnmfrc":2,"us_route":"119","us_route_a":"119","us_route_b":null,"us_route_c":null},"type":"Feature"},{"geometry":{"coordinates":[[-81.59803,38.334171],[-81.597917,38.334166]],"type":"LineString"},"id":"REF-KANAWHA-SECONDARY-ROADS-233","properties":{"canon_status":"REAL_REFERENCE","county_route":null,"federal_lands_route":null,"fictionality":"REAL","globalid":"{FF7E2231-89D8-4FDC-9340-9877C9D310B2}","interstate":null,"interstate_a":null,"interstate_b":null,"interstate_c":null,"loaddate":1474002524000,"mtfcc_code":"S1200","name":"Kanawha Blvd E","objectid":17256236,"permanent_identifier":"8c15c5ab-fb32-4229-8444-46229fe5e852","real_world_relation":"REFERENCE_ONLY","shape_Length":12.599098736247374,"source_datadesc":"2016 January MAFTIGER","source_datasetid":"{9298FF95-0FA8-4712-9AA5-9292C907CA63}","source_featureid":"1101747016796","source_id":"REF-KANAWHA-SECONDARY-ROADS","source_originator":"U.S. Department of Commerce, U.S. Census Bureau, Geography Division","state_route":null,"state_route_a":null,"state_route_b":null,"state_route_c":null,"stco_fipscode":"54039","tnmfrc":2,"us_route":"60","us_route_a":"60","us_route_b":null,"us_route_c":null},"type":"Feature"},{"geometry":{"coordinates":[[-81.615115,38.363617],[-81.615296,38.363552],[-81.616341,38.363226],[-81.616928,38.363053],[-81.617091,38.362998]],"type":"LineString"},"id":"REF-KANAWHA-SECONDARY-ROADS-234","properties":{"canon_status":"REAL_REFERENCE","county_route":null,"federal_lands_route":null,"fictionality":"REAL","globalid":"{19434A3F-B410-414D-95AA-8ED327A159A2}","interstate":null,"interstate_a":null,"interstate_b":null,"interstate_c":null,"loaddate":1474001912000,"mtfcc_code":"S1200","name":"Bigley Ave","objectid":17256246,"permanent_identifier":"467d09d7-968e-4192-9c55-35f8a072b93e","real_world_relation":"REFERENCE_ONLY","shape_Length":236.92158298093204,"source_datadesc":"2016 January MAFTIGER","source_datasetid":"{9298FF95-0FA8-4712-9AA5-9292C907CA63}","source_featureid":"1101747015031","source_id":"REF-KANAWHA-SECONDARY-ROADS","source_originator":"U.S. Department of Commerce, U.S. Census Bureau, Geography Division","state_route":null,"state_route_a":null,"state_route_b":null,"state_route_c":null,"stco_fipscode":"54039","tnmfrc":2,"us_route":"119","us_route_a":"119","us_route_b":null,"us_route_c":null},"type":"Feature"},{"geometry":{"coordinates":[[-81.532987,38.228685],[-81.529984,38.226063],[-81.529075,38.225248],[-81.529042,38.225219],[-81.529007,38.225187]],"type":"LineString"},"id":"REF-KANAWHA-SECONDARY-ROADS-235","properties":{"canon_status":"REAL_REFERENCE","county_route":null,"federal_lands_route":null,"fictionality":"REAL","globalid":"{77F0E0EF-0B55-454F-8053-CF4A027E642A}","interstate":null,"interstate_a":null,"interstate_b":null,"interstate_c":null,"loaddate":1474001292000,"mtfcc_code":"S1200","name":"US Hwy 60","objectid":17256252,"permanent_identifier":"d8e043c8-f68a-476b-a4d2-05e25c18bcaa","real_world_relation":"REFERENCE_ONLY","shape_Length":664.8431010039205,"source_datadesc":"2016 January MAFTIGER","source_datasetid":"{9298FF95-0FA8-4712-9AA5-9292C907CA63}","source_featureid":"1101747011699","source_id":"REF-KANAWHA-SECONDARY-ROADS","source_originator":"U.S. Department of Commerce, U.S. Census Bureau, Geography Division","state_route":null,"state_route_a":null,"state_route_b":null,"state_route_c":null,"stco_fipscode":"54039","tnmfrc":2,"us_route":"60","us_route_a":"60","us_route_b":null,"us_route_c":null},"type":"Feature"},{"geometry":{"coordinates":[[-81.617495,38.340928],[-81.617162,38.340768]],"type":"LineString"},"id":"REF-KANAWHA-SECONDARY-ROADS-236","properties":{"canon_status":"REAL_REFERENCE","county_route":null,"federal_lands_route":null,"fictionality":"REAL","globalid":"{EC34A36D-4255-4BD2-A072-53FB6EC2D3F6}","interstate":null,"interstate_a":null,"interstate_b":null,"interstate_c":null,"loaddate":1474003098000,"mtfcc_code":"S1200","name":"Washington St E","objectid":17256279,"permanent_identifier":"49ac9f6c-a34e-4255-97de-f0bc363563cd","real_world_relation":"REFERENCE_ONLY","shape_Length":43.47207069368891,"source_datadesc":"2016 January MAFTIGER","source_datasetid":"{9298FF95-0FA8-4712-9AA5-9292C907CA63}","source_featureid":"1101747019658","source_id":"REF-KANAWHA-SECONDARY-ROADS","source_originator":"U.S. Department of Commerce, U.S. Census Bureau, Geography Division","state_route":null,"state_route_a":null,"state_route_b":null,"state_route_c":null,"stco_fipscode":"54039","tnmfrc":2,"us_route":"60","us_route_a":"60","us_route_b":null,"us_route_c":null},"type":"Feature"},{"geometry":{"coordinates":[[-81.678643,38.341628],[-81.678532,38.34169],[-81.678207,38.341891],[-81.67808,38.341974],[-81.677236,38.34249],[-81.67693,38.342655],[-81.676565,38.342831],[-81.676289,38.34295]],"type":"LineString"},"id":"REF-KANAWHA-SECONDARY-ROADS-237","properties":{"canon_status":"REAL_REFERENCE","county_route":null,"federal_lands_route":null,"fictionality":"REAL","globalid":"{FACE0A0D-9BB4-49CB-822E-9F2A3DB49DD8}","interstate":null,"interstate_a":null,"interstate_b":null,"interstate_c":null,"loaddate":1474001292000,"mtfcc_code":"S1200","name":"US Hwy 119","objectid":17513263,"permanent_identifier":"d40d06ea-3e91-4dea-88f9-9c3cabc5e6e5","real_world_relation":"REFERENCE_ONLY","shape_Length":322.86520765636186,"source_datadesc":"2016 January MAFTIGER","source_datasetid":"{9298FF95-0FA8-4712-9AA5-9292C907CA63}","source_featureid":"1101747011818","source_id":"REF-KANAWHA-SECONDARY-ROADS","source_originator":"U.S. Department of Commerce, U.S. Census Bureau, Geography Division","state_route":null,"state_route_a":null,"state_route_b":null,"state_route_c":null,"stco_fipscode":"54039","tnmfrc":2,"us_route":"119","us_route_a":"119","us_route_b":null,"us_route_c":null},"type":"Feature"},{"geometry":{"coordinates":[[-81.641268,38.361336],[-81.641315,38.361454]],"type":"LineString"},"id":"REF-KANAWHA-SECONDARY-ROADS-238","properties":{"canon_status":"REAL_REFERENCE","county_route":null,"federal_lands_route":null,"fictionality":"REAL","globalid":"{20011046-BB12-4E68-AD08-0A4323EE65D0}","interstate":null,"interstate_a":null,"interstate_b":null,"interstate_c":null,"loaddate":1474002157000,"mtfcc_code":"S1200","name":"Washington St W","objectid":17513398,"permanent_identifier":"e677765e-ddc2-4c50-984f-3882eccf0b77","real_world_relation":"REFERENCE_ONLY","shape_Length":17.55040539736959,"source_datadesc":"2016 January MAFTIGER","source_datasetid":"{9298FF95-0FA8-4712-9AA5-9292C907CA63}","source_featureid":"1101747019661","source_id":"REF-KANAWHA-SECONDARY-ROADS","source_originator":"U.S. Department of Commerce, U.S. Census Bureau, Geography Division","state_route":null,"state_route_a":null,"state_route_b":null,"state_route_c":null,"stco_fipscode":"54039","tnmfrc":2,"us_route":"60","us_route_a":"60","us_route_b":null,"us_route_c":null},"type":"Feature"},{"geometry":{"coordinates":[[-81.606628,38.372305],[-81.607181,38.371424],[-81.607833,38.3704]],"type":"LineString"},"id":"REF-KANAWHA-SECONDARY-ROADS-239","properties":{"canon_status":"REAL_REFERENCE","county_route":null,"federal_lands_route":null,"fictionality":"REAL","globalid":"{D46B0551-31AB-40EA-BBAC-727C8F80E1B5}","interstate":null,"interstate_a":null,"interstate_b":null,"interstate_c":null,"loaddate":1474002125000,"mtfcc_code":"S1200","name":"Pennsylvania Ave","objectid":17641681,"permanent_identifier":"2a630a13-9e04-40ca-b998-046b2f3fb530","real_world_relation":"REFERENCE_ONLY","shape_Length":301.9239703368603,"source_datadesc":"2016 January MAFTIGER","source_datasetid":"{9298FF95-0FA8-4712-9AA5-9292C907CA63}","source_featureid":"1101747020373","source_id":"REF-KANAWHA-SECONDARY-ROADS","source_originator":"U.S. Department of Commerce, U.S. Census Bureau, Geography Division","state_route":null,"state_route_a":null,"state_route_b":null,"state_route_c":null,"stco_fipscode":"54039","tnmfrc":2,"us_route":"119","us_route_a":"119","us_route_b":null,"us_route_c":null},"type":"Feature"},{"geometry":{"coordinates":[[-81.639056,38.357003],[-81.638672,38.356746],[-81.63807,38.356371]],"type":"LineString"},"id":"REF-KANAWHA-SECONDARY-ROADS-240","properties":{"canon_status":"REAL_REFERENCE","county_route":null,"federal_lands_route":null,"fictionality":"REAL","globalid":"{010A6EA1-06AD-490F-8848-F530352F499B}","interstate":null,"interstate_a":null,"interstate_b":null,"interstate_c":null,"loaddate":1474002342000,"mtfcc_code":"S1200","name":"Washington St E","objectid":17642044,"permanent_identifier":"daa47d4d-425c-4bcc-b3fa-7749a523faa7","real_world_relation":"REFERENCE_ONLY","shape_Length":141.78459570921973,"source_datadesc":"2016 January MAFTIGER","source_datasetid":"{9298FF95-0FA8-4712-9AA5-9292C907CA63}","source_featureid":"1101747019658","source_id":"REF-KANAWHA-SECONDARY-ROADS","source_originator":"U.S. Department of Commerce, U.S. Census Bureau, Geography Division","state_route":null,"state_route_a":null,"state_route_b":null,"state_route_c":null,"stco_fipscode":"54039","tnmfrc":2,"us_route":"60","us_route_a":"60","us_route_b":null,"us_route_c":null},"type":"Feature"},{"geometry":{"coordinates":[[-81.633283,38.350821],[-81.632789,38.350202]],"type":"LineString"},"id":"REF-KANAWHA-SECONDARY-ROADS-241","properties":{"canon_status":"REAL_REFERENCE","county_route":null,"federal_lands_route":null,"fictionality":"REAL","globalid":"{E6C3A482-B6B7-4A2E-A2F7-6622DAAA81BF}","interstate":null,"interstate_a":null,"interstate_b":null,"interstate_c":null,"loaddate":1474002626000,"mtfcc_code":"S1200","name":"Lee St E","objectid":17769866,"permanent_identifier":"4e82faf7-30af-46a4-8fe3-73afe43255c0","real_world_relation":"REFERENCE_ONLY","shape_Length":103.65549542274778,"source_datadesc":"2016 January MAFTIGER","source_datasetid":"{9298FF95-0FA8-4712-9AA5-9292C907CA63}","source_featureid":"1101747012316","source_id":"REF-KANAWHA-SECONDARY-ROADS","source_originator":"U.S. Department of Commerce, U.S. Census Bureau, Geography Division","state_route":null,"state_route_a":null,"state_route_b":null,"state_route_c":null,"stco_fipscode":"54039","tnmfrc":2,"us_route":"60","us_route_a":"60","us_route_b":null,"us_route_c":null},"type":"Feature"},{"geometry":{"coordinates":[[-81.641552,38.359274],[-81.641255,38.359437],[-81.640974,38.359579],[-81.640615,38.359737]],"type":"LineString"},"id":"REF-KANAWHA-SECONDARY-ROADS-242","properties":{"canon_status":"REAL_REFERENCE","county_route":null,"federal_lands_route":null,"fictionality":"REAL","globalid":"{DCA38F06-872F-4B6D-8DB4-C947673A4F92}","interstate":null,"interstate_a":null,"interstate_b":null,"interstate_c":null,"loaddate":1474002410000,"mtfcc_code":"S1200","name":"Pennsylvania Ave","objectid":17769878,"permanent_identifier":"4edfede1-5257-48a7-9faf-99c834dcbaf5","real_world_relation":"REFERENCE_ONLY","shape_Length":123.39751909750285,"source_datadesc":"2016 January MAFTIGER","source_datasetid":"{9298FF95-0FA8-4712-9AA5-9292C907CA63}","source_featureid":"1101747020371","source_id":"REF-KANAWHA-SECONDARY-ROADS","source_originator":"U.S. Department of Commerce, U.S. Census Bureau, Geography Division","state_route":null,"state_route_a":null,"state_route_b":null,"state_route_c":null,"stco_fipscode":"54039","tnmfrc":2,"us_route":"119","us_route_a":"119","us_route_b":null,"us_route_c":null},"type":"Feature"},{"geometry":{"coordinates":[[-81.650293,38.348772],[-81.650349,38.348706]],"type":"LineString"},"id":"REF-KANAWHA-SECONDARY-ROADS-243","properties":{"canon_status":"REAL_REFERENCE","county_route":null,"federal_lands_route":null,"fictionality":"REAL","globalid":"{70E49D05-8B34-466D-8DEB-19363D1B581B}","interstate":null,"interstate_a":null,"interstate_b":null,"interstate_c":null,"loaddate":1568217705000,"mtfcc_code":"S1200","name":"US Hwy 119","objectid":17856796,"permanent_identifier":"67b044de-95a5-4160-901a-23d8ecb9370b","real_world_relation":"REFERENCE_ONLY","shape_Length":11.156125349326647,"source_datadesc":"2018 May MAF/TIGER","source_datasetid":"{9298FF95-0FA8-4712-9AA5-9292C907CA63}","source_featureid":"1101747011827","source_id":"REF-KANAWHA-SECONDARY-ROADS","source_originator":"U.S. Department of Commerce, U.S. Census Bureau, Geography Division","state_route":null,"state_route_a":null,"state_route_b":null,"state_route_c":null,"stco_fipscode":"54039","tnmfrc":2,"us_route":"119","us_route_a":"119","us_route_b":null,"us_route_c":null},"type":"Feature"},{"geometry":{"coordinates":[[-81.640615,38.359737],[-81.640667,38.359845],[-81.640791,38.360159]],"type":"LineString"},"id":"REF-KANAWHA-SECONDARY-ROADS-244","properties":{"canon_status":"REAL_REFERENCE","county_route":null,"federal_lands_route":null,"fictionality":"REAL","globalid":"{8DC77D8C-DCA4-4D9C-9546-D0E11621A22E}","interstate":null,"interstate_a":null,"interstate_b":null,"interstate_c":null,"loaddate":1474002157000,"mtfcc_code":"S1200","name":"Washington St W","objectid":17897838,"permanent_identifier":"944915f1-fd91-42e3-9b56-d4dc25f08ef3","real_world_relation":"REFERENCE_ONLY","shape_Length":63.05429517122913,"source_datadesc":"2016 January MAFTIGER","source_datasetid":"{9298FF95-0FA8-4712-9AA5-9292C907CA63}","source_featureid":"1101747019661","source_id":"REF-KANAWHA-SECONDARY-ROADS","source_originator":"U.S. Department of Commerce, U.S. Census Bureau, Geography Division","state_route":null,"state_route_a":null,"state_route_b":null,"state_route_c":null,"stco_fipscode":"54039","tnmfrc":2,"us_route":"60","us_route_a":"60","us_route_b":null,"us_route_c":null},"type":"Feature"},{"geometry":{"coordinates":[[-81.639659,38.35783],[-81.639537,38.357603],[-81.639389,38.357361],[-81.639288,38.357228],[-81.639169,38.357099],[-81.639056,38.357003]],"type":"LineString"},"id":"REF-KANAWHA-SECONDARY-ROADS-245","properties":{"canon_status":"REAL_REFERENCE","county_route":null,"federal_lands_route":null,"fictionality":"REAL","globalid":"{83D11029-6D10-4CD1-844C-B772B66E56B4}","interstate":null,"interstate_a":null,"interstate_b":null,"interstate_c":null,"loaddate":1474002342000,"mtfcc_code":"S1200","name":"Washington St E","objectid":17898292,"permanent_identifier":"1dac7257-d6b8-4c09-a443-a8fcd878bd52","real_world_relation":"REFERENCE_ONLY","shape_Length":136.19401394494346,"source_datadesc":"2016 January MAFTIGER","source_datasetid":"{9298FF95-0FA8-4712-9AA5-9292C907CA63}","source_featureid":"1101747019658","source_id":"REF-KANAWHA-SECONDARY-ROADS","source_originator":"U.S. Department of Commerce, U.S. Census Bureau, Geography Division","state_route":null,"state_route_a":null,"state_route_b":null,"state_route_c":null,"stco_fipscode":"54039","tnmfrc":2,"us_route":"60","us_route_a":"60","us_route_b":null,"us_route_c":null},"type":"Feature"},{"geometry":{"coordinates":[[-81.657961,38.34387],[-81.657687,38.344069],[-81.657093,38.344515],[-81.656685,38.344831],[-81.65639,38.345031],[-81.656084,38.34522],[-81.655897,38.345329],[-81.654937,38.345764],[-81.65401,38.346149],[-81.653665,38.346296],[-81.653449,38.346379]],"type":"LineString"},"id":"REF-KANAWHA-SECONDARY-ROADS-246","properties":{"canon_status":"REAL_REFERENCE","county_route":null,"federal_lands_route":null,"fictionality":"REAL","globalid":"{921DBB64-4603-47F2-930D-B8CDA37AA1E0}","interstate":null,"interstate_a":null,"interstate_b":null,"interstate_c":null,"loaddate":1568217705000,"mtfcc_code":"S1200","name":"US Hwy 119","objectid":17985180,"permanent_identifier":"d82550f4-51d4-4366-9aef-a8e5076f5d99","real_world_relation":"REFERENCE_ONLY","shape_Length":620.3193992001825,"source_datadesc":"2016 January MAFTIGER","source_datasetid":"{9298FF95-0FA8-4712-9AA5-9292C907CA63}","source_featureid":"1101747011818","source_id":"REF-KANAWHA-SECONDARY-ROADS","source_originator":"U.S. Department of Commerce, U.S. Census Bureau, Geography Division","state_route":null,"state_route_a":null,"state_route_b":null,"state_route_c":null,"stco_fipscode":"54039","tnmfrc":2,"us_route":"119","us_route_a":"119","us_route_b":null,"us_route_c":null},"type":"Feature"},{"geometry":{"coordinates":[[-81.500523,38.201934],[-81.500025,38.201547],[-81.499829,38.201392],[-81.499496,38.201162],[-81.499252,38.201013],[-81.499117,38.200935],[-81.498934,38.200836],[-81.498552,38.20065],[-81.498246,38.20052],[-81.497966,38.200415],[-81.497777,38.200351],[-81.497597,38.200295],[-81.497354,38.200226],[-81.497085,38.200158],[-81.496694,38.200069],[-81.496257,38.199979],[-81.49603,38.199923]],"type":"LineString"},"id":"REF-KANAWHA-SECONDARY-ROADS-247","properties":{"canon_status":"REAL_REFERENCE","county_route":null,"federal_lands_route":null,"fictionality":"REAL","globalid":"{29C4D48D-A066-46F2-B683-F33F7A441A4A}","interstate":null,"interstate_a":null,"interstate_b":null,"interstate_c":null,"loaddate":1568217705000,"mtfcc_code":"S1200","name":"E Dupont Ave","objectid":17985233,"permanent_identifier":"0a9777d9-b1e8-45fb-a007-6fc87c3f3302","real_world_relation":"REFERENCE_ONLY","shape_Length":586.1080801110031,"source_datadesc":"2016 January MAFTIGER","source_datasetid":"{9298FF95-0FA8-4712-9AA5-9292C907CA63}","source_featureid":"1101747015239","source_id":"REF-KANAWHA-SECONDARY-ROADS","source_originator":"U.S. Department of Commerce, U.S. Census Bureau, Geography Division","state_route":null,"state_route_a":null,"state_route_b":null,"state_route_c":null,"stco_fipscode":"54039","tnmfrc":2,"us_route":"60","us_route_a":"60","us_route_b":null,"us_route_c":null},"type":"Feature"},{"geometry":{"coordinates":[[-81.638805,38.36039],[-81.638548,38.360471]],"type":"LineString"},"id":"REF-KANAWHA-SECONDARY-ROADS-248","properties":{"canon_status":"REAL_REFERENCE","county_route":null,"federal_lands_route":null,"fictionality":"REAL","globalid":"{EB294A7A-3839-4D30-97DB-BCFDF7011432}","interstate":null,"interstate_a":null,"interstate_b":null,"interstate_c":null,"loaddate":1474001695000,"mtfcc_code":"S1200","name":null,"objectid":18025956,"permanent_identifier":"ad1b6b8d-ff1b-423c-86af-a96d51265b36","real_world_relation":"REFERENCE_ONLY","shape_Length":30.83369590325754,"source_datadesc":"2016 January MAFTIGER","source_datasetid":"{9298FF95-0FA8-4712-9AA5-9292C907CA63}","source_featureid":"1101747031481","source_id":"REF-KANAWHA-SECONDARY-ROADS","source_originator":"U.S. Department of Commerce, U.S. Census Bureau, Geography Division","state_route":null,"state_route_a":null,"state_route_b":null,"state_route_c":null,"stco_fipscode":"54039","tnmfrc":2,"us_route":"119","us_route_a":"119","us_route_b":null,"us_route_c":null},"type":"Feature"},{"geometry":{"coordinates":[[-81.662011,38.372532],[-81.662221,38.372674]],"type":"LineString"},"id":"REF-KANAWHA-SECONDARY-ROADS-249","properties":{"canon_status":"REAL_REFERENCE","county_route":null,"federal_lands_route":null,"fictionality":"REAL","globalid":"{34130EB9-0480-4511-B4F7-C453461F9CF7}","interstate":null,"interstate_a":null,"interstate_b":null,"interstate_c":null,"loaddate":1568217705000,"mtfcc_code":"S1200","name":"Washington St W","objectid":18242046,"permanent_identifier":"d7cedd58-f51a-41e7-9c92-e9875cd2e83f","real_world_relation":"REFERENCE_ONLY","shape_Length":30.87107506394214,"source_datadesc":"2016 January MAFTIGER","source_datasetid":"{9298FF95-0FA8-4712-9AA5-9292C907CA63}","source_featureid":"1101747019661","source_id":"REF-KANAWHA-SECONDARY-ROADS","source_originator":"U.S. Department of Commerce, U.S. Census Bureau, Geography Division","state_route":null,"state_route_a":null,"state_route_b":null,"state_route_c":null,"stco_fipscode":"54039","tnmfrc":2,"us_route":"60","us_route_a":"60","us_route_b":null,"us_route_c":null},"type":"Feature"},{"geometry":{"coordinates":[[-81.665645,38.370591],[-81.665634,38.370658],[-81.665643,38.370713],[-81.665669,38.370765],[-81.665712,38.370809],[-81.665733,38.370824]],"type":"LineString"},"id":"REF-KANAWHA-SECONDARY-ROADS-250","properties":{"canon_status":"REAL_REFERENCE","county_route":null,"federal_lands_route":null,"fictionality":"REAL","globalid":"{5A16778E-EEAC-43E1-8CA3-02F7543FB73D}","interstate":null,"interstate_a":null,"interstate_b":null,"interstate_c":null,"loaddate":1474002445000,"mtfcc_code":"S1200","name":"5th Ave","objectid":18282783,"permanent_identifier":"75530574-c775-4bbe-965e-13ce0d3a414b","real_world_relation":"REFERENCE_ONLY","shape_Length":36.428071802473326,"source_datadesc":"2016 January MAFTIGER","source_datasetid":"{9298FF95-0FA8-4712-9AA5-9292C907CA63}","source_featureid":"1101747012030","source_id":"REF-KANAWHA-SECONDARY-ROADS","source_originator":"U.S. Department of Commerce, U.S. Census Bureau, Geography Division","state_route":null,"state_route_a":null,"state_route_b":null,"state_route_c":null,"stco_fipscode":"54039","tnmfrc":2,"us_route":"60","us_route_a":"60","us_route_b":null,"us_route_c":null},"type":"Feature"},{"geometry":{"coordinates":[[-81.615537,38.337326],[-81.614997,38.337946],[-81.614341,38.338679],[-81.614047,38.339032],[-81.61402,38.339072]],"type":"LineString"},"id":"REF-KANAWHA-SECONDARY-ROADS-251","properties":{"canon_status":"REAL_REFERENCE","county_route":null,"federal_lands_route":null,"fictionality":"REAL","globalid":"{80CA6EEA-01E8-4B39-BA68-E5A95090F57A}","interstate":null,"interstate_a":null,"interstate_b":null,"interstate_c":null,"loaddate":1474002869000,"mtfcc_code":"S1200","name":"Greenbrier St","objectid":18411214,"permanent_identifier":"d4df7498-24e0-43c5-9cc7-4ba2058a527b","real_world_relation":"REFERENCE_ONLY","shape_Length":299.9328726262789,"source_datadesc":"2016 January MAFTIGER","source_datasetid":"{9298FF95-0FA8-4712-9AA5-9292C907CA63}","source_featureid":"1101747019400","source_id":"REF-KANAWHA-SECONDARY-ROADS","source_originator":"U.S. Department of Commerce, U.S. Census Bureau, Geography Division","state_route":"114","state_route_a":"114","state_route_b":null,"state_route_c":null,"stco_fipscode":"54039","tnmfrc":2,"us_route":"60","us_route_a":"60","us_route_b":null,"us_route_c":null},"type":"Feature"},{"geometry":{"coordinates":[[-81.642446,38.36039],[-81.642793,38.360811]],"type":"LineString"},"id":"REF-KANAWHA-SECONDARY-ROADS-252","properties":{"canon_status":"REAL_REFERENCE","county_route":null,"federal_lands_route":null,"fictionality":"REAL","globalid":"{BAD8BB2E-707A-4308-86F6-22F9AB8CB8E9}","interstate":null,"interstate_a":null,"interstate_b":null,"interstate_c":null,"loaddate":1474002007000,"mtfcc_code":"S1200","name":"Lee St W","objectid":18411215,"permanent_identifier":"d7fee89d-80e4-43d1-bb0d-b5874bcd7702","real_world_relation":"REFERENCE_ONLY","shape_Length":71.16434741480397,"source_datadesc":"2016 January MAFTIGER","source_datasetid":"{9298FF95-0FA8-4712-9AA5-9292C907CA63}","source_featureid":"1101747012322","source_id":"REF-KANAWHA-SECONDARY-ROADS","source_originator":"U.S. Department of Commerce, U.S. Census Bureau, Geography Division","state_route":null,"state_route_a":null,"state_route_b":null,"state_route_c":null,"stco_fipscode":"54039","tnmfrc":2,"us_route":"60","us_route_a":"60","us_route_b":null,"us_route_c":null},"type":"Feature"},{"geometry":{"coordinates":[[-81.607339,38.334996],[-81.60671,38.334951],[-81.606449,38.334936]],"type":"LineString"},"id":"REF-KANAWHA-SECONDARY-ROADS-253","properties":{"canon_status":"REAL_REFERENCE","county_route":null,"federal_lands_route":null,"fictionality":"REAL","globalid":"{34AEE2F9-A597-49D5-A777-80150A99A348}","interstate":null,"interstate_a":null,"interstate_b":null,"interstate_c":null,"loaddate":1568217705000,"mtfcc_code":"S1200","name":"Kanawha Blvd E","objectid":18498435,"permanent_identifier":"c302188a-4420-4ae8-9e8f-335b8d36550f","real_world_relation":"REFERENCE_ONLY","shape_Length":99.44291012768073,"source_datadesc":"2016 January MAFTIGER","source_datasetid":"{9298FF95-0FA8-4712-9AA5-9292C907CA63}","source_featureid":"1101747016798","source_id":"REF-KANAWHA-SECONDARY-ROADS","source_originator":"U.S. Department of Commerce, U.S. Census Bureau, Geography Division","state_route":null,"state_route_a":null,"state_route_b":null,"state_route_c":null,"stco_fipscode":"54039","tnmfrc":2,"us_route":"60","us_route_a":"60","us_route_b":null,"us_route_c":null},"type":"Feature"},{"geometry":{"coordinates":[[-81.636207,38.355217],[-81.635459,38.354727]],"type":"LineString"},"id":"REF-KANAWHA-SECONDARY-ROADS-254","properties":{"canon_status":"REAL_REFERENCE","county_route":null,"federal_lands_route":null,"fictionality":"REAL","globalid":"{7B80E053-D290-43D5-9A56-1FCCC1AEA968}","interstate":null,"interstate_a":null,"interstate_b":null,"interstate_c":null,"loaddate":1474002342000,"mtfcc_code":"S1200","name":"Washington St E","objectid":18539591,"permanent_identifier":"411fc308-8652-4506-bd9b-cdb3d8f7a3ae","real_world_relation":"REFERENCE_ONLY","shape_Length":108.49796669357379,"source_datadesc":"2016 January MAFTIGER","source_datasetid":"{9298FF95-0FA8-4712-9AA5-9292C907CA63}","source_featureid":"1101747019658","source_id":"REF-KANAWHA-SECONDARY-ROADS","source_originator":"U.S. Department of Commerce, U.S. Census Bureau, Geography Division","state_route":null,"state_route_a":null,"state_route_b":null,"state_route_c":null,"stco_fipscode":"54039","tnmfrc":2,"us_route":"60","us_route_a":"60","us_route_b":null,"us_route_c":null},"type":"Feature"},{"geometry":{"coordinates":[[-81.661049,38.371886],[-81.661178,38.371973]],"type":"LineString"},"id":"REF-KANAWHA-SECONDARY-ROADS-255","properties":{"canon_status":"REAL_REFERENCE","county_route":null,"federal_lands_route":null,"fictionality":"REAL","globalid":"{D12104EF-A2A1-4921-93FF-8BFD79D80FB4}","interstate":null,"interstate_a":null,"interstate_b":null,"interstate_c":null,"loaddate":1568217705000,"mtfcc_code":"S1200","name":"Washington St W","objectid":18626943,"permanent_identifier":"18332b58-59e7-484c-bf38-739fec33c9c8","real_world_relation":"REFERENCE_ONLY","shape_Length":18.942397517774427,"source_datadesc":"2016 January MAFTIGER","source_datasetid":"{9298FF95-0FA8-4712-9AA5-9292C907CA63}","source_featureid":"1101747019661","source_id":"REF-KANAWHA-SECONDARY-ROADS","source_originator":"U.S. Department of Commerce, U.S. Census Bureau, Geography Division","state_route":null,"state_route_a":null,"state_route_b":null,"state_route_c":null,"stco_fipscode":"54039","tnmfrc":2,"us_route":"60","us_route_a":"60","us_route_b":null,"us_route_c":null},"type":"Feature"},{"geometry":{"coordinates":[[-81.62293,38.36134],[-81.622983,38.361328],[-81.623042,38.361307],[-81.623256,38.36121],[-81.623931,38.360863],[-81.624055,38.360807],[-81.624187,38.360764],[-81.624301,38.360739]],"type":"LineString"},"id":"REF-KANAWHA-SECONDARY-ROADS-256","properties":{"canon_status":"REAL_REFERENCE","county_route":null,"federal_lands_route":null,"fictionality":"REAL","globalid":"{24725F5E-4C45-46B3-A455-A2D02966773C}","interstate":null,"interstate_a":null,"interstate_b":null,"interstate_c":null,"loaddate":1474001912000,"mtfcc_code":"S1200","name":"Bigley Ave","objectid":18667545,"permanent_identifier":"0a2b2a6f-48f2-488a-9856-d8dc91d3ce76","real_world_relation":"REFERENCE_ONLY","shape_Length":175.73826612520406,"source_datadesc":"2016 January MAFTIGER","source_datasetid":"{9298FF95-0FA8-4712-9AA5-9292C907CA63}","source_featureid":"1101747015031","source_id":"REF-KANAWHA-SECONDARY-ROADS","source_originator":"U.S. Department of Commerce, U.S. Census Bureau, Geography Division","state_route":null,"state_route_a":null,"state_route_b":null,"state_route_c":null,"stco_fipscode":"54039","tnmfrc":2,"us_route":"119","us_route_a":"119","us_route_b":null,"us_route_c":null},"type":"Feature"},{"geometry":{"coordinates":[[-81.658424,38.370623],[-81.658615,38.370695]],"type":"LineString"},"id":"REF-KANAWHA-SECONDARY-ROADS-257","properties":{"canon_status":"REAL_REFERENCE","county_route":null,"federal_lands_route":null,"fictionality":"REAL","globalid":"{6B8A655F-537E-463E-A5CD-A8A859387C37}","interstate":null,"interstate_a":null,"interstate_b":null,"interstate_c":null,"loaddate":1568217705000,"mtfcc_code":"S1200","name":"Washington St W","objectid":18754912,"permanent_identifier":"8254c25e-8fce-4b66-9bf1-dab5ad8dfae7","real_world_relation":"REFERENCE_ONLY","shape_Length":23.592131527257536,"source_datadesc":"2016 January MAFTIGER","source_datasetid":"{9298FF95-0FA8-4712-9AA5-9292C907CA63}","source_featureid":"1101747019661","source_id":"REF-KANAWHA-SECONDARY-ROADS","source_originator":"U.S. Department of Commerce, U.S. Census Bureau, Geography Division","state_route":null,"state_route_a":null,"state_route_b":null,"state_route_c":null,"stco_fipscode":"54039","tnmfrc":2,"us_route":"60","us_route_a":"60","us_route_b":null,"us_route_c":null},"type":"Feature"},{"geometry":{"coordinates":[[-81.533713,38.229319],[-81.533116,38.228797],[-81.532987,38.228685]],"type":"LineString"},"id":"REF-KANAWHA-SECONDARY-ROADS-258","properties":{"canon_status":"REAL_REFERENCE","county_route":null,"federal_lands_route":null,"fictionality":"REAL","globalid":"{C21C43CB-0ED2-4110-A920-EC2B9F749A0E}","interstate":null,"interstate_a":null,"interstate_b":null,"interstate_c":null,"loaddate":1474001292000,"mtfcc_code":"S1200","name":"US Hwy 60","objectid":19052735,"permanent_identifier":"a932ba44-5a0c-479a-a00e-31a15b071bc1","real_world_relation":"REFERENCE_ONLY","shape_Length":120.84517230554633,"source_datadesc":"2016 January MAFTIGER","source_datasetid":"{9298FF95-0FA8-4712-9AA5-9292C907CA63}","source_featureid":"1101747011699","source_id":"REF-KANAWHA-SECONDARY-ROADS","source_originator":"U.S. Department of Commerce, U.S. Census Bureau, Geography Division","state_route":null,"state_route_a":null,"state_route_b":null,"state_route_c":null,"stco_fipscode":"54039","tnmfrc":2,"us_route":"60","us_route_a":"60","us_route_b":null,"us_route_c":null},"type":"Feature"},{"geometry":{"coordinates":[[-81.625827,38.360749],[-81.625907,38.360751],[-81.626597,38.360768],[-81.627345,38.360777],[-81.627397,38.36077]],"type":"LineString"},"id":"REF-KANAWHA-SECONDARY-ROADS-259","properties":{"canon_status":"REAL_REFERENCE","county_route":null,"federal_lands_route":null,"fictionality":"REAL","globalid":"{1937815F-AF21-459C-BE44-5A5AC9951796}","interstate":null,"interstate_a":null,"interstate_b":null,"interstate_c":null,"loaddate":1474001912000,"mtfcc_code":"S1200","name":"Bigley Ave","objectid":19052750,"permanent_identifier":"b02bf9a6-90fe-43ec-b4aa-eb6749daf658","real_world_relation":"REFERENCE_ONLY","shape_Length":174.9086226961871,"source_datadesc":"2016 January MAFTIGER","source_datasetid":"{9298FF95-0FA8-4712-9AA5-9292C907CA63}","source_featureid":"1101747015031","source_id":"REF-KANAWHA-SECONDARY-ROADS","source_originator":"U.S. Department of Commerce, U.S. Census Bureau, Geography Division","state_route":null,"state_route_a":null,"state_route_b":null,"state_route_c":null,"stco_fipscode":"54039","tnmfrc":2,"us_route":"119","us_route_a":"119","us_route_b":null,"us_route_c":null},"type":"Feature"},{"geometry":{"coordinates":[[-81.469709,38.207323],[-81.46946,38.207498],[-81.468911,38.207922],[-81.468628,38.208144],[-81.468549,38.208207]],"type":"LineString"},"id":"REF-KANAWHA-SECONDARY-ROADS-260","properties":{"canon_status":"REAL_REFERENCE","county_route":null,"federal_lands_route":null,"fictionality":"REAL","globalid":"{AFAA8F31-33AC-49EC-BEB2-25FBEF1E4EA3}","interstate":null,"interstate_a":null,"interstate_b":null,"interstate_c":null,"loaddate":1474003130000,"mtfcc_code":"S1200","name":"E Dupont Ave","objectid":19180523,"permanent_identifier":"32c61615-e1e4-4e44-93ce-8a548bf196af","real_world_relation":"REFERENCE_ONLY","shape_Length":179.9250352142406,"source_datadesc":"2016 January MAFTIGER","source_datasetid":"{9298FF95-0FA8-4712-9AA5-9292C907CA63}","source_featureid":"1104469613929","source_id":"REF-KANAWHA-SECONDARY-ROADS","source_originator":"U.S. Department of Commerce, U.S. Census Bureau, Geography Division","state_route":null,"state_route_a":null,"state_route_b":null,"state_route_c":null,"stco_fipscode":"54039","tnmfrc":2,"us_route":"60","us_route_a":"60","us_route_b":null,"us_route_c":null},"type":"Feature"},{"geometry":{"coordinates":[[-81.668959,38.342414],[-81.668472,38.342177],[-81.667814,38.341865],[-81.667416,38.341677]],"type":"LineString"},"id":"REF-KANAWHA-SECONDARY-ROADS-261","properties":{"canon_status":"REAL_REFERENCE","county_route":null,"federal_lands_route":null,"fictionality":"REAL","globalid":"{2B80FC67-4204-41EB-AAEF-E251A139AEC1}","interstate":null,"interstate_a":null,"interstate_b":null,"interstate_c":null,"loaddate":1474001298000,"mtfcc_code":"S1200","name":"US Hwy 119","objectid":19308713,"permanent_identifier":"9b5ba8c0-b74a-4607-a155-bc23b9381ef1","real_world_relation":"REFERENCE_ONLY","shape_Length":201.11363166206456,"source_datadesc":"2016 January MAFTIGER","source_datasetid":"{9298FF95-0FA8-4712-9AA5-9292C907CA63}","source_featureid":"1101747011818","source_id":"REF-KANAWHA-SECONDARY-ROADS","source_originator":"U.S. Department of Commerce, U.S. Census Bureau, Geography Division","state_route":null,"state_route_a":null,"state_route_b":null,"state_route_c":null,"stco_fipscode":"54039","tnmfrc":2,"us_route":"119","us_route_a":"119","us_route_b":null,"us_route_c":null},"type":"Feature"},{"geometry":{"coordinates":[[-81.556337,38.309176],[-81.556358,38.309219],[-81.556526,38.309487],[-81.556751,38.309846]],"type":"LineString"},"id":"REF-KANAWHA-SECONDARY-ROADS-262","properties":{"canon_status":"REAL_REFERENCE","county_route":null,"federal_lands_route":null,"fictionality":"REAL","globalid":"{C5998CE0-2799-4549-93D1-2051D5D3032F}","interstate":null,"interstate_a":null,"interstate_b":null,"interstate_c":null,"loaddate":1568217705000,"mtfcc_code":"S1200","name":"Kanawha Ave","objectid":19524072,"permanent_identifier":"bf5d04e8-af9a-4e80-b211-bb46aced97a7","real_world_relation":"REFERENCE_ONLY","shape_Length":105.65999303336469,"source_datadesc":"2016 January MAFTIGER","source_datasetid":"{9298FF95-0FA8-4712-9AA5-9292C907CA63}","source_featureid":"1101747016795","source_id":"REF-KANAWHA-SECONDARY-ROADS","source_originator":"U.S. Department of Commerce, U.S. Census Bureau, Geography Division","state_route":null,"state_route_a":null,"state_route_b":null,"state_route_c":null,"stco_fipscode":"54039","tnmfrc":2,"us_route":"60","us_route_a":"60","us_route_b":null,"us_route_c":null},"type":"Feature"},{"geometry":{"coordinates":[[-81.650901,38.349056],[-81.650412,38.348828]],"type":"LineString"},"id":"REF-KANAWHA-SECONDARY-ROADS-263","properties":{"canon_status":"REAL_REFERENCE","county_route":null,"federal_lands_route":null,"fictionality":"REAL","globalid":"{76E5EABE-77D1-411B-9C82-5F04A8F6EB52}","interstate":null,"interstate_a":"","interstate_b":"","interstate_c":"","loaddate":1673511277000,"mtfcc_code":"S1200","name":"US Hwy 119","objectid":19524073,"permanent_identifier":"1d21c3b5-1c69-42f6-beac-a1aa9048bf5f","real_world_relation":"REFERENCE_ONLY","shape_Length":63.36924576675269,"source_datadesc":"2018 May MAF/TIGER","source_datasetid":"{9298FF95-0FA8-4712-9AA5-9292C907CA63}","source_featureid":null,"source_id":"REF-KANAWHA-SECONDARY-ROADS","source_originator":"U.S. Department of Commerce, U.S. Census Bureau, Geography Division","state_route":null,"state_route_a":"","state_route_b":"","state_route_c":"","stco_fipscode":"54039","tnmfrc":2,"us_route":"119","us_route_a":"119","us_route_b":"","us_route_c":""},"type":"Feature"},{"geometry":{"coordinates":[[-81.663907,38.372611],[-81.663851,38.372678]],"type":"LineString"},"id":"REF-KANAWHA-SECONDARY-ROADS-264","properties":{"canon_status":"REAL_REFERENCE","county_route":null,"federal_lands_route":null,"fictionality":"REAL","globalid":"{63ACD4AC-39AA-4214-BFB6-E3E2B244F4DD}","interstate":null,"interstate_a":null,"interstate_b":null,"interstate_c":null,"loaddate":1568217705000,"mtfcc_code":"S1200","name":"Patrick St","objectid":19652414,"permanent_identifier":"fb789b7a-d834-4586-8fbc-e4ae02b2823d","real_world_relation":"REFERENCE_ONLY","shape_Length":11.373930221516984,"source_datadesc":"2016 January MAFTIGER","source_datasetid":"{9298FF95-0FA8-4712-9AA5-9292C907CA63}","source_featureid":"1101747017055","source_id":"REF-KANAWHA-SECONDARY-ROADS","source_originator":"U.S. Department of Commerce, U.S. Census Bureau, Geography Division","state_route":null,"state_route_a":null,"state_route_b":null,"state_route_c":null,"stco_fipscode":"54039","tnmfrc":2,"us_route":"60","us_route_a":"60","us_route_b":null,"us_route_c":null},"type":"Feature"},{"geometry":{"coordinates":[[-81.641552,38.359274],[-81.641672,38.359435],[-81.641857,38.359655]],"type":"LineString"},"id":"REF-KANAWHA-SECONDARY-ROADS-265","properties":{"canon_status":"REAL_REFERENCE","county_route":null,"federal_lands_route":null,"fictionality":"REAL","globalid":"{25592A9E-5801-42C7-AD24-E62AD3262201}","interstate":null,"interstate_a":null,"interstate_b":null,"interstate_c":null,"loaddate":1474002007000,"mtfcc_code":"S1200","name":"Lee St W","objectid":19693081,"permanent_identifier":"2f42bbdc-ed75-4dfc-8810-ff50eeacc7db","real_world_relation":"REFERENCE_ONLY","shape_Length":63.884670267739025,"source_datadesc":"2016 January MAFTIGER","source_datasetid":"{9298FF95-0FA8-4712-9AA5-9292C907CA63}","source_featureid":"1101747012322","source_id":"REF-KANAWHA-SECONDARY-ROADS","source_originator":"U.S. Department of Commerce, U.S. Census Bureau, Geography Division","state_route":null,"state_route_a":null,"state_route_b":null,"state_route_c":null,"stco_fipscode":"54039","tnmfrc":2,"us_route":"60","us_route_a":"60","us_route_b":null,"us_route_c":null},"type":"Feature"},{"geometry":{"coordinates":[[-81.618136,38.362635],[-81.618904,38.362365]],"type":"LineString"},"id":"REF-KANAWHA-SECONDARY-ROADS-266","properties":{"canon_status":"REAL_REFERENCE","county_route":null,"federal_lands_route":null,"fictionality":"REAL","globalid":"{7CC6DE60-29EA-4429-BDB4-DF6BA7604067}","interstate":null,"interstate_a":null,"interstate_b":null,"interstate_c":null,"loaddate":1474001912000,"mtfcc_code":"S1200","name":"Bigley Ave","objectid":19693082,"permanent_identifier":"0afc54c5-a2f6-4b19-9193-9b069e9453e0","real_world_relation":"REFERENCE_ONLY","shape_Length":93.69353766545542,"source_datadesc":"2016 January MAFTIGER","source_datasetid":"{9298FF95-0FA8-4712-9AA5-9292C907CA63}","source_featureid":"1101747015031","source_id":"REF-KANAWHA-SECONDARY-ROADS","source_originator":"U.S. Department of Commerce, U.S. Census Bureau, Geography Division","state_route":null,"state_route_a":null,"state_route_b":null,"state_route_c":null,"stco_fipscode":"54039","tnmfrc":2,"us_route":"119","us_route_a":"119","us_route_b":null,"us_route_c":null},"type":"Feature"},{"geometry":{"coordinates":[[-81.666858,38.369071],[-81.6667,38.36929]],"type":"LineString"},"id":"REF-KANAWHA-SECONDARY-ROADS-267","properties":{"canon_status":"REAL_REFERENCE","county_route":null,"federal_lands_route":null,"fictionality":"REAL","globalid":"{224D29BF-3F07-4571-A63B-2339C01E0DFC}","interstate":null,"interstate_a":null,"interstate_b":null,"interstate_c":null,"loaddate":1474002007000,"mtfcc_code":"S1200","name":"Patrick St","objectid":19693139,"permanent_identifier":"5282a693-c79f-469d-9382-35dad25b72c4","real_world_relation":"REFERENCE_ONLY","shape_Length":35.724354177465436,"source_datadesc":"2016 January MAFTIGER","source_datasetid":"{9298FF95-0FA8-4712-9AA5-9292C907CA63}","source_featureid":"1101747017055","source_id":"REF-KANAWHA-SECONDARY-ROADS","source_originator":"U.S. Department of Commerce, U.S. Census Bureau, Geography Division","state_route":null,"state_route_a":null,"state_route_b":null,"state_route_c":null,"stco_fipscode":"54039","tnmfrc":2,"us_route":"60","us_route_a":"60","us_route_b":null,"us_route_c":null},"type":"Feature"},{"geometry":{"coordinates":[[-81.534165,38.229716],[-81.534011,38.229486],[-81.533785,38.229267],[-81.530518,38.226411],[-81.529887,38.225841],[-81.529156,38.225163],[-81.529133,38.225142],[-81.529106,38.225117]],"type":"LineString"},"id":"REF-KANAWHA-SECONDARY-ROADS-268","properties":{"canon_status":"REAL_REFERENCE","county_route":null,"federal_lands_route":null,"fictionality":"REAL","globalid":"{44F47D37-15E8-4CB3-80AA-E4230C7E3EAF}","interstate":null,"interstate_a":null,"interstate_b":null,"interstate_c":null,"loaddate":1568217705000,"mtfcc_code":"S1200","name":"US Hwy 60","objectid":19780436,"permanent_identifier":"1a98187a-fd85-4d64-b10e-0040a925e445","real_world_relation":"REFERENCE_ONLY","shape_Length":862.4085684053694,"source_datadesc":"2018 May MAF/TIGER","source_datasetid":"{9298FF95-0FA8-4712-9AA5-9292C907CA63}","source_featureid":"1104991890163","source_id":"REF-KANAWHA-SECONDARY-ROADS","source_originator":"U.S. Department of Commerce, U.S. Census Bureau, Geography Division","state_route":null,"state_route_a":null,"state_route_b":null,"state_route_c":null,"stco_fipscode":"54039","tnmfrc":2,"us_route":"60","us_route_a":"60","us_route_b":null,"us_route_c":null},"type":"Feature"},{"geometry":{"coordinates":[[-81.638677,38.359564],[-81.638113,38.359759],[-81.63798,38.359794],[-81.637774,38.35983],[-81.6374,38.359856],[-81.637284,38.359861]],"type":"LineString"},"id":"REF-KANAWHA-SECONDARY-ROADS-269","properties":{"canon_status":"REAL_REFERENCE","county_route":null,"federal_lands_route":null,"fictionality":"REAL","globalid":"{D42E5E10-5BD2-4651-A47D-2ADDF3B00E42}","interstate":null,"interstate_a":null,"interstate_b":null,"interstate_c":null,"loaddate":1474002471000,"mtfcc_code":"S1200","name":"Pennsylvania Ave","objectid":19821260,"permanent_identifier":"d3f727b8-5e2b-4cb6-8872-86818f20f34f","real_world_relation":"REFERENCE_ONLY","shape_Length":162.45731234260592,"source_datadesc":"2016 January MAFTIGER","source_datasetid":"{9298FF95-0FA8-4712-9AA5-9292C907CA63}","source_featureid":"1101747020370","source_id":"REF-KANAWHA-SECONDARY-ROADS","source_originator":"U.S. Department of Commerce, U.S. Census Bureau, Geography Division","state_route":null,"state_route_a":null,"state_route_b":null,"state_route_c":null,"stco_fipscode":"54039","tnmfrc":2,"us_route":"119","us_route_a":"119","us_route_b":null,"us_route_c":null},"type":"Feature"},{"geometry":{"coordinates":[[-81.60412,38.334812],[-81.60382,38.33479]],"type":"LineString"},"id":"REF-KANAWHA-SECONDARY-ROADS-270","properties":{"canon_status":"REAL_REFERENCE","county_route":null,"federal_lands_route":null,"fictionality":"REAL","globalid":"{8A521422-34F1-411F-95E1-7FC8DBCC7C79}","interstate":null,"interstate_a":null,"interstate_b":null,"interstate_c":null,"loaddate":1568217705000,"mtfcc_code":"S1200","name":"Kanawha Blvd E","objectid":20037017,"permanent_identifier":"7ad87423-7be4-47a7-b1ad-0bcc1fcca9b5","real_world_relation":"REFERENCE_ONLY","shape_Length":33.541430954372814,"source_datadesc":"2016 January MAFTIGER","source_datasetid":"{9298FF95-0FA8-4712-9AA5-9292C907CA63}","source_featureid":"1101747016798","source_id":"REF-KANAWHA-SECONDARY-ROADS","source_originator":"U.S. Department of Commerce, U.S. Census Bureau, Geography Division","state_route":null,"state_route_a":null,"state_route_b":null,"state_route_c":null,"stco_fipscode":"54039","tnmfrc":2,"us_route":"60","us_route_a":"60","us_route_b":null,"us_route_c":null},"type":"Feature"},{"geometry":{"coordinates":[[-81.600752,38.334507],[-81.599993,38.334414],[-81.598619,38.334258],[-81.598484,38.33423],[-81.598355,38.334187]],"type":"LineString"},"id":"REF-KANAWHA-SECONDARY-ROADS-271","properties":{"canon_status":"REAL_REFERENCE","county_route":null,"federal_lands_route":null,"fictionality":"REAL","globalid":"{40656135-6C5B-48A9-BA6B-850494150655}","interstate":null,"interstate_a":null,"interstate_b":null,"interstate_c":null,"loaddate":1474002804000,"mtfcc_code":"S1200","name":"Kanawha Blvd E","objectid":20077835,"permanent_identifier":"0907f642-b110-4fbf-b8ba-9a7c9ff7e593","real_world_relation":"REFERENCE_ONLY","shape_Length":271.2107138393315,"source_datadesc":"2016 January MAFTIGER","source_datasetid":"{9298FF95-0FA8-4712-9AA5-9292C907CA63}","source_featureid":"1101747016798","source_id":"REF-KANAWHA-SECONDARY-ROADS","source_originator":"U.S. Department of Commerce, U.S. Census Bureau, Geography Division","state_route":null,"state_route_a":null,"state_route_b":null,"state_route_c":null,"stco_fipscode":"54039","tnmfrc":2,"us_route":"60","us_route_a":"60","us_route_b":null,"us_route_c":null},"type":"Feature"},{"geometry":{"coordinates":[[-81.669748,38.364434],[-81.669551,38.364751],[-81.669451,38.364912],[-81.669337,38.365108],[-81.669178,38.365361],[-81.668802,38.365962],[-81.668527,38.366402],[-81.668307,38.366778],[-81.668224,38.366912],[-81.66804,38.367208]],"type":"LineString"},"id":"REF-KANAWHA-SECONDARY-ROADS-272","properties":{"canon_status":"REAL_REFERENCE","county_route":null,"federal_lands_route":null,"fictionality":"REAL","globalid":"{FB990034-C222-4ED3-BCAA-E66A950794AA}","interstate":null,"interstate_a":null,"interstate_b":null,"interstate_c":null,"loaddate":1474002417000,"mtfcc_code":"S1200","name":"Patrick St","objectid":20206552,"permanent_identifier":"cf91126f-cbfa-4e2d-8ae2-b3bc208c612e","real_world_relation":"REFERENCE_ONLY","shape_Length":437.36294064888205,"source_datadesc":"2016 January MAFTIGER","source_datasetid":"{9298FF95-0FA8-4712-9AA5-9292C907CA63}","source_featureid":"1101747017054","source_id":"REF-KANAWHA-SECONDARY-ROADS","source_originator":"U.S. Department of Commerce, U.S. Census Bureau, Geography Division","state_route":null,"state_route_a":null,"state_route_b":null,"state_route_c":null,"stco_fipscode":"54039","tnmfrc":2,"us_route":"60","us_route_a":"60","us_route_b":null,"us_route_c":null},"type":"Feature"},{"geometry":{"coordinates":[[-81.651858,38.354677],[-81.651932,38.354608],[-81.651967,38.354564]],"type":"LineString"},"id":"REF-KANAWHA-SECONDARY-ROADS-273","properties":{"canon_status":"REAL_REFERENCE","county_route":null,"federal_lands_route":null,"fictionality":"REAL","globalid":"{E014C7A8-BD68-45B6-A1AF-D04DE07C72FD}","interstate":null,"interstate_a":null,"interstate_b":null,"interstate_c":null,"loaddate":1568217705000,"mtfcc_code":"S1200","name":"US Hwy 119","objectid":20293484,"permanent_identifier":"df87caa3-dca2-48aa-9568-f7fdc4eb0562","real_world_relation":"REFERENCE_ONLY","shape_Length":20.160095216238464,"source_datadesc":"2016 January MAFTIGER","source_datasetid":"{9298FF95-0FA8-4712-9AA5-9292C907CA63}","source_featureid":"1101747011819","source_id":"REF-KANAWHA-SECONDARY-ROADS","source_originator":"U.S. Department of Commerce, U.S. Census Bureau, Geography Division","state_route":null,"state_route_a":null,"state_route_b":null,"state_route_c":null,"stco_fipscode":"54039","tnmfrc":2,"us_route":"119","us_route_a":"119","us_route_b":null,"us_route_c":null},"type":"Feature"},{"geometry":{"coordinates":[[-81.650901,38.349056],[-81.650818,38.349019],[-81.650746,38.348999],[-81.650652,38.348986],[-81.650557,38.348988],[-81.650465,38.349004],[-81.650378,38.349033],[-81.650299,38.349073],[-81.650219,38.349136],[-81.649984,38.349419]],"type":"LineString"},"id":"REF-KANAWHA-SECONDARY-ROADS-274","properties":{"canon_status":"REAL_REFERENCE","county_route":null,"federal_lands_route":null,"fictionality":"REAL","globalid":"{E6DDD2A6-50A6-4910-8FB9-1BC53F04CC45}","interstate":null,"interstate_a":null,"interstate_b":null,"interstate_c":null,"loaddate":1568217705000,"mtfcc_code":"S1200","name":"US Hwy 119","objectid":20293505,"permanent_identifier":"89acc74a-e682-456c-9d8e-d9f991698eec","real_world_relation":"REFERENCE_ONLY","shape_Length":132.37500548508675,"source_datadesc":"2018 May MAF/TIGER","source_datasetid":"{9298FF95-0FA8-4712-9AA5-9292C907CA63}","source_featureid":"1101747011831","source_id":"REF-KANAWHA-SECONDARY-ROADS","source_originator":"U.S. Department of Commerce, U.S. Census Bureau, Geography Division","state_route":null,"state_route_a":null,"state_route_b":null,"state_route_c":null,"stco_fipscode":"54039","tnmfrc":2,"us_route":"119","us_route_a":"119","us_route_b":null,"us_route_c":null},"type":"Feature"},{"geometry":{"coordinates":[[-81.622021,38.361472],[-81.622161,38.361457],[-81.622412,38.36142]],"type":"LineString"},"id":"REF-KANAWHA-SECONDARY-ROADS-275","properties":{"canon_status":"REAL_REFERENCE","county_route":null,"federal_lands_route":null,"fictionality":"REAL","globalid":"{B6EEC986-6A24-4696-979D-10E50DA7E1BE}","interstate":null,"interstate_a":null,"interstate_b":null,"interstate_c":null,"loaddate":1474001912000,"mtfcc_code":"S1200","name":"Bigley Ave","objectid":20334164,"permanent_identifier":"6b49c152-4e2a-4212-8e1e-2d7df0729027","real_world_relation":"REFERENCE_ONLY","shape_Length":44.160295037448776,"source_datadesc":"2016 January MAFTIGER","source_datasetid":"{9298FF95-0FA8-4712-9AA5-9292C907CA63}","source_featureid":"1101747015031","source_id":"REF-KANAWHA-SECONDARY-ROADS","source_originator":"U.S. Department of Commerce, U.S. Census Bureau, Geography Division","state_route":null,"state_route_a":null,"state_route_b":null,"state_route_c":null,"stco_fipscode":"54039","tnmfrc":2,"us_route":"119","us_route_a":"119","us_route_b":null,"us_route_c":null},"type":"Feature"},{"geometry":{"coordinates":[[-81.634447,38.360553],[-81.634281,38.360583],[-81.634079,38.360601],[-81.63391,38.3606],[-81.633299,38.360568],[-81.632623,38.360544],[-81.632416,38.360551],[-81.63221,38.360574],[-81.632048,38.360602],[-81.631824,38.360669]],"type":"LineString"},"id":"REF-KANAWHA-SECONDARY-ROADS-276","properties":{"canon_status":"REAL_REFERENCE","county_route":null,"federal_lands_route":null,"fictionality":"REAL","globalid":"{6817291C-403F-42C7-8DF3-747196404D4C}","interstate":null,"interstate_a":null,"interstate_b":null,"interstate_c":null,"loaddate":1474001917000,"mtfcc_code":"S1200","name":"Bigley Ave","objectid":20462162,"permanent_identifier":"a4298869-67d8-4980-b70e-97e2fa7ae724","real_world_relation":"REFERENCE_ONLY","shape_Length":295.2876631722698,"source_datadesc":"2016 January MAFTIGER","source_datasetid":"{9298FF95-0FA8-4712-9AA5-9292C907CA63}","source_featureid":"1101747015032","source_id":"REF-KANAWHA-SECONDARY-ROADS","source_originator":"U.S. Department of Commerce, U.S. Census Bureau, Geography Division","state_route":null,"state_route_a":null,"state_route_b":null,"state_route_c":null,"stco_fipscode":"54039","tnmfrc":2,"us_route":"119","us_route_a":"119","us_route_b":null,"us_route_c":null},"type":"Feature"},{"geometry":{"coordinates":[[-81.622247,38.343252],[-81.622121,38.343161],[-81.62193,38.343032],[-81.621808,38.342962],[-81.621443,38.342791],[-81.620572,38.342381]],"type":"LineString"},"id":"REF-KANAWHA-SECONDARY-ROADS-277","properties":{"canon_status":"REAL_REFERENCE","county_route":null,"federal_lands_route":null,"fictionality":"REAL","globalid":"{8466C009-BBF5-4F2D-B460-F844491A07C7}","interstate":null,"interstate_a":null,"interstate_b":null,"interstate_c":null,"loaddate":1474003098000,"mtfcc_code":"S1200","name":"Washington St E","objectid":20590666,"permanent_identifier":"8c64ec11-efe0-4544-a7ac-41450b2ebd90","real_world_relation":"REFERENCE_ONLY","shape_Length":224.3633191337957,"source_datadesc":"2016 January MAFTIGER","source_datasetid":"{9298FF95-0FA8-4712-9AA5-9292C907CA63}","source_featureid":"1101747019658","source_id":"REF-KANAWHA-SECONDARY-ROADS","source_originator":"U.S. Department of Commerce, U.S. Census Bureau, Geography Division","state_route":null,"state_route_a":null,"state_route_b":null,"state_route_c":null,"stco_fipscode":"54039","tnmfrc":2,"us_route":"60","us_route_a":"60","us_route_b":null,"us_route_c":null},"type":"Feature"},{"geometry":{"coordinates":[[-81.629151,38.348604],[-81.62829,38.347902]],"type":"LineString"},"id":"REF-KANAWHA-SECONDARY-ROADS-278","properties":{"canon_status":"REAL_REFERENCE","county_route":null,"federal_lands_route":null,"fictionality":"REAL","globalid":"{E26D2639-6A5E-4D92-92D8-1FA99D2A864E}","interstate":null,"interstate_a":null,"interstate_b":null,"interstate_c":null,"loaddate":1474002346000,"mtfcc_code":"S1200","name":"Washington St E","objectid":20718737,"permanent_identifier":"08f75941-81a1-4500-a22e-cb5e46d5af07","real_world_relation":"REFERENCE_ONLY","shape_Length":138.25853156451916,"source_datadesc":"2016 January MAFTIGER","source_datasetid":"{9298FF95-0FA8-4712-9AA5-9292C907CA63}","source_featureid":"1101747019658","source_id":"REF-KANAWHA-SECONDARY-ROADS","source_originator":"U.S. Department of Commerce, U.S. Census Bureau, Geography Division","state_route":null,"state_route_a":null,"state_route_b":null,"state_route_c":null,"stco_fipscode":"54039","tnmfrc":2,"us_route":"60","us_route_a":"60","us_route_b":null,"us_route_c":null},"type":"Feature"},{"geometry":{"coordinates":[[-81.561398,38.316784],[-81.560352,38.315282]],"type":"LineString"},"id":"REF-KANAWHA-SECONDARY-ROADS-279","properties":{"canon_status":"REAL_REFERENCE","county_route":null,"federal_lands_route":null,"fictionality":"REAL","globalid":"{8FE4CC0D-DE7F-4FD9-A96C-690F04B8B840}","interstate":null,"interstate_a":null,"interstate_b":null,"interstate_c":null,"loaddate":1474001297000,"mtfcc_code":"S1200","name":"US Hwy 60","objectid":20718769,"permanent_identifier":"8164e40d-43ec-490a-a0bd-b763e906a166","real_world_relation":"REFERENCE_ONLY","shape_Length":242.84072076092738,"source_datadesc":"2016 January MAFTIGER","source_datasetid":"{9298FF95-0FA8-4712-9AA5-9292C907CA63}","source_featureid":"1101747011699","source_id":"REF-KANAWHA-SECONDARY-ROADS","source_originator":"U.S. Department of Commerce, U.S. Census Bureau, Geography Division","state_route":null,"state_route_a":null,"state_route_b":null,"state_route_c":null,"stco_fipscode":"54039","tnmfrc":2,"us_route":"60","us_route_a":"60","us_route_b":null,"us_route_c":null},"type":"Feature"},{"geometry":{"coordinates":[[-81.596953,38.334119],[-81.596858,38.334111]],"type":"LineString"},"id":"REF-KANAWHA-SECONDARY-ROADS-280","properties":{"canon_status":"REAL_REFERENCE","county_route":null,"federal_lands_route":null,"fictionality":"REAL","globalid":"{97FE5F55-76C5-4CA9-BD4F-3EDCFD6D74B1}","interstate":null,"interstate_a":null,"interstate_b":null,"interstate_c":null,"loaddate":1474002524000,"mtfcc_code":"S1200","name":"Kanawha Blvd E","objectid":20847416,"permanent_identifier":"4ac8f08e-aff3-464f-a935-ccb892e48d21","real_world_relation":"REFERENCE_ONLY","shape_Length":10.636164311727232,"source_datadesc":"2016 January MAFTIGER","source_datasetid":"{9298FF95-0FA8-4712-9AA5-9292C907CA63}","source_featureid":"1101747016796","source_id":"REF-KANAWHA-SECONDARY-ROADS","source_originator":"U.S. Department of Commerce, U.S. Census Bureau, Geography Division","state_route":null,"state_route_a":null,"state_route_b":null,"state_route_c":null,"stco_fipscode":"54039","tnmfrc":2,"us_route":"60","us_route_a":"60","us_route_b":null,"us_route_c":null},"type":"Feature"},{"geometry":{"coordinates":[[-81.637366,38.360579],[-81.637131,38.360604],[-81.636941,38.360614],[-81.636555,38.360614],[-81.635544,38.360605]],"type":"LineString"},"id":"REF-KANAWHA-SECONDARY-ROADS-281","properties":{"canon_status":"REAL_REFERENCE","county_route":null,"federal_lands_route":null,"fictionality":"REAL","globalid":"{D0CAC483-1689-486C-B2EC-45A53034D793}","interstate":null,"interstate_a":null,"interstate_b":null,"interstate_c":null,"loaddate":1474001917000,"mtfcc_code":"S1200","name":"Bigley Ave","objectid":20975495,"permanent_identifier":"b22cfacb-ab55-4187-acb9-ed2aaf281411","real_world_relation":"REFERENCE_ONLY","shape_Length":203.11861247445572,"source_datadesc":"2016 January MAFTIGER","source_datasetid":"{9298FF95-0FA8-4712-9AA5-9292C907CA63}","source_featureid":"1101747015032","source_id":"REF-KANAWHA-SECONDARY-ROADS","source_originator":"U.S. Department of Commerce, U.S. Census Bureau, Geography Division","state_route":null,"state_route_a":null,"state_route_b":null,"state_route_c":null,"stco_fipscode":"54039","tnmfrc":2,"us_route":"119","us_route_a":"119","us_route_b":null,"us_route_c":null},"type":"Feature"},{"geometry":{"coordinates":[[-81.624855,38.34506],[-81.624801,38.345016]],"type":"LineString"},"id":"REF-KANAWHA-SECONDARY-ROADS-282","properties":{"canon_status":"REAL_REFERENCE","county_route":null,"federal_lands_route":null,"fictionality":"REAL","globalid":"{8B9A8D59-92F5-47EF-B895-6B6CDC386637}","interstate":null,"interstate_a":null,"interstate_b":null,"interstate_c":null,"loaddate":1474003098000,"mtfcc_code":"S1200","name":"Washington St E","objectid":20975497,"permanent_identifier":"b48ec7e9-17a9-4fad-969c-0755b9baf3c9","real_world_relation":"REFERENCE_ONLY","shape_Length":8.668162919034405,"source_datadesc":"2016 January MAFTIGER","source_datasetid":"{9298FF95-0FA8-4712-9AA5-9292C907CA63}","source_featureid":"1101747019658","source_id":"REF-KANAWHA-SECONDARY-ROADS","source_originator":"U.S. Department of Commerce, U.S. Census Bureau, Geography Division","state_route":null,"state_route_a":null,"state_route_b":null,"state_route_c":null,"stco_fipscode":"54039","tnmfrc":2,"us_route":"60","us_route_a":"60","us_route_b":null,"us_route_c":null},"type":"Feature"},{"geometry":{"coordinates":[[-81.642458,38.35882],[-81.641552,38.359274]],"type":"LineString"},"id":"REF-KANAWHA-SECONDARY-ROADS-283","properties":{"canon_status":"REAL_REFERENCE","county_route":null,"federal_lands_route":null,"fictionality":"REAL","globalid":"{CC8614BB-CBC9-4069-BE59-7295BC74DE99}","interstate":null,"interstate_a":null,"interstate_b":null,"interstate_c":null,"loaddate":1474002410000,"mtfcc_code":"S1200","name":"Pennsylvania Ave","objectid":20975595,"permanent_identifier":"b0812a2f-5427-4ad4-80e3-02c714bee91f","real_world_relation":"REFERENCE_ONLY","shape_Length":119.69071143526159,"source_datadesc":"2016 January MAFTIGER","source_datasetid":"{9298FF95-0FA8-4712-9AA5-9292C907CA63}","source_featureid":"1101747020371","source_id":"REF-KANAWHA-SECONDARY-ROADS","source_originator":"U.S. Department of Commerce, U.S. Census Bureau, Geography Division","state_route":null,"state_route_a":null,"state_route_b":null,"state_route_c":null,"stco_fipscode":"54039","tnmfrc":2,"us_route":"119","us_route_a":"119","us_route_b":null,"us_route_c":null},"type":"Feature"},{"geometry":{"coordinates":[[-81.596858,38.334111],[-81.596769,38.334103]],"type":"LineString"},"id":"REF-KANAWHA-SECONDARY-ROADS-284","properties":{"canon_status":"REAL_REFERENCE","county_route":null,"federal_lands_route":null,"fictionality":"REAL","globalid":"{CBA8A45C-6DC8-4929-AE98-CDF5583DB356}","interstate":null,"interstate_a":null,"interstate_b":null,"interstate_c":null,"loaddate":1474002524000,"mtfcc_code":"S1200","name":"Kanawha Blvd E","objectid":21103178,"permanent_identifier":"ea45887f-b5f9-44c2-bbfa-d58669ab2669","real_world_relation":"REFERENCE_ONLY","shape_Length":9.972235500300163,"source_datadesc":"2016 January MAFTIGER","source_datasetid":"{9298FF95-0FA8-4712-9AA5-9292C907CA63}","source_featureid":"1101747016796","source_id":"REF-KANAWHA-SECONDARY-ROADS","source_originator":"U.S. Department of Commerce, U.S. Census Bureau, Geography Division","state_route":null,"state_route_a":null,"state_route_b":null,"state_route_c":null,"stco_fipscode":"54039","tnmfrc":2,"us_route":"60","us_route_a":"60","us_route_b":null,"us_route_c":null},"type":"Feature"},{"geometry":{"coordinates":[[-81.630703,38.359783],[-81.63043,38.359755],[-81.630394,38.359755]],"type":"LineString"},"id":"REF-KANAWHA-SECONDARY-ROADS-285","properties":{"canon_status":"REAL_REFERENCE","county_route":null,"federal_lands_route":null,"fictionality":"REAL","globalid":"{A5A35739-20A1-424A-AE1E-468FB6AFEF4E}","interstate":null,"interstate_a":null,"interstate_b":null,"interstate_c":null,"loaddate":1474002471000,"mtfcc_code":"S1200","name":"Pennsylvania Ave","objectid":21103208,"permanent_identifier":"5f058bcd-9db3-4eee-ba8d-f4925e026b35","real_world_relation":"REFERENCE_ONLY","shape_Length":34.65657300474057,"source_datadesc":"2016 January MAFTIGER","source_datasetid":"{9298FF95-0FA8-4712-9AA5-9292C907CA63}","source_featureid":"1101747020370","source_id":"REF-KANAWHA-SECONDARY-ROADS","source_originator":"U.S. Department of Commerce, U.S. Census Bureau, Geography Division","state_route":null,"state_route_a":null,"state_route_b":null,"state_route_c":null,"stco_fipscode":"54039","tnmfrc":2,"us_route":"119","us_route_a":"119","us_route_b":null,"us_route_c":null},"type":"Feature"},{"geometry":{"coordinates":[[-81.664716,38.37168],[-81.664311,38.37217]],"type":"LineString"},"id":"REF-KANAWHA-SECONDARY-ROADS-286","properties":{"canon_status":"REAL_REFERENCE","county_route":null,"federal_lands_route":null,"fictionality":"REAL","globalid":"{A73C1A62-E104-4479-9A31-2CC42BA8A251}","interstate":null,"interstate_a":null,"interstate_b":null,"interstate_c":null,"loaddate":1568217705000,"mtfcc_code":"S1200","name":"Patrick St","objectid":21190699,"permanent_identifier":"6ddafcae-eeb6-4297-bf09-11c2b6e683d0","real_world_relation":"REFERENCE_ONLY","shape_Length":82.90518580615883,"source_datadesc":"2016 January MAFTIGER","source_datasetid":"{9298FF95-0FA8-4712-9AA5-9292C907CA63}","source_featureid":"1101747017055","source_id":"REF-KANAWHA-SECONDARY-ROADS","source_originator":"U.S. Department of Commerce, U.S. Census Bureau, Geography Division","state_route":null,"state_route_a":null,"state_route_b":null,"state_route_c":null,"stco_fipscode":"54039","tnmfrc":2,"us_route":"60","us_route_a":"60","us_route_b":null,"us_route_c":null},"type":"Feature"},{"geometry":{"coordinates":[[-81.556751,38.309846],[-81.556982,38.310214],[-81.557163,38.310469],[-81.557343,38.310687]],"type":"LineString"},"id":"REF-KANAWHA-SECONDARY-ROADS-287","properties":{"canon_status":"REAL_REFERENCE","county_route":null,"federal_lands_route":null,"fictionality":"REAL","globalid":"{7AAAC95B-DE6E-4B3E-9AF2-3E3101CD86C1}","interstate":null,"interstate_a":null,"interstate_b":null,"interstate_c":null,"loaddate":1474003190000,"mtfcc_code":"S1200","name":"Kanawha Ave","objectid":21231398,"permanent_identifier":"5b83f3a0-269c-4fb1-a2ea-125ba5a804c1","real_world_relation":"REFERENCE_ONLY","shape_Length":136.4573038218615,"source_datadesc":"2016 January MAFTIGER","source_datasetid":"{9298FF95-0FA8-4712-9AA5-9292C907CA63}","source_featureid":"1101747016795","source_id":"REF-KANAWHA-SECONDARY-ROADS","source_originator":"U.S. Department of Commerce, U.S. Census Bureau, Geography Division","state_route":null,"state_route_a":null,"state_route_b":null,"state_route_c":null,"stco_fipscode":"54039","tnmfrc":2,"us_route":"60","us_route_a":"60","us_route_b":null,"us_route_c":null},"type":"Feature"},{"geometry":{"coordinates":[[-81.650545,38.366957],[-81.650698,38.367007]],"type":"LineString"},"id":"REF-KANAWHA-SECONDARY-ROADS-288","properties":{"canon_status":"REAL_REFERENCE","county_route":null,"federal_lands_route":null,"fictionality":"REAL","globalid":"{7D9D1E33-1EEF-428D-8E37-F17DAD4F45E3}","interstate":null,"interstate_a":null,"interstate_b":null,"interstate_c":null,"loaddate":1474002342000,"mtfcc_code":"S1200","name":"Washington St W","objectid":21231419,"permanent_identifier":"61594a1e-bd3b-4567-8725-e7e032feec2a","real_world_relation":"REFERENCE_ONLY","shape_Length":18.45213859140711,"source_datadesc":"2016 January MAFTIGER","source_datasetid":"{9298FF95-0FA8-4712-9AA5-9292C907CA63}","source_featureid":"1101747019661","source_id":"REF-KANAWHA-SECONDARY-ROADS","source_originator":"U.S. Department of Commerce, U.S. Census Bureau, Geography Division","state_route":null,"state_route_a":null,"state_route_b":null,"state_route_c":null,"stco_fipscode":"54039","tnmfrc":2,"us_route":"60","us_route_a":"60","us_route_b":null,"us_route_c":null},"type":"Feature"},{"geometry":{"coordinates":[[-81.616313,38.336436],[-81.616221,38.336571],[-81.615537,38.337326]],"type":"LineString"},"id":"REF-KANAWHA-SECONDARY-ROADS-289","properties":{"canon_status":"REAL_REFERENCE","county_route":null,"federal_lands_route":null,"fictionality":"REAL","globalid":"{E4F6717C-757C-48F5-BCCC-776E3780C2D2}","interstate":null,"interstate_a":null,"interstate_b":null,"interstate_c":null,"loaddate":1474002869000,"mtfcc_code":"S1200","name":"Greenbrier St","objectid":21231425,"permanent_identifier":"8d1d9d77-477b-4898-a53e-af5ca93a1b82","real_world_relation":"REFERENCE_ONLY","shape_Length":153.17385453722784,"source_datadesc":"2016 January MAFTIGER","source_datasetid":"{9298FF95-0FA8-4712-9AA5-9292C907CA63}","source_featureid":"1101747019400","source_id":"REF-KANAWHA-SECONDARY-ROADS","source_originator":"U.S. Department of Commerce, U.S. Census Bureau, Geography Division","state_route":"114","state_route_a":"114","state_route_b":null,"state_route_c":null,"stco_fipscode":"54039","tnmfrc":2,"us_route":"60","us_route_a":"60","us_route_b":null,"us_route_c":null},"type":"Feature"},{"geometry":{"coordinates":[[-81.502188,38.203906],[-81.500474,38.202107]],"type":"LineString"},"id":"REF-KANAWHA-SECONDARY-ROADS-290","properties":{"canon_status":"REAL_REFERENCE","county_route":null,"federal_lands_route":null,"fictionality":"REAL","globalid":"{5AE6C10B-7177-4B9C-A62B-1F8346605207}","interstate":null,"interstate_a":null,"interstate_b":null,"interstate_c":null,"loaddate":1568217705000,"mtfcc_code":"S1200","name":"E Dupont Ave","objectid":21318263,"permanent_identifier":"c566013b-9a34-456f-b172-00f41b1f0f8d","real_world_relation":"REFERENCE_ONLY","shape_Length":318.3574510247705,"source_datadesc":"2016 January MAFTIGER","source_datasetid":"{9298FF95-0FA8-4712-9AA5-9292C907CA63}","source_featureid":"1101747015238","source_id":"REF-KANAWHA-SECONDARY-ROADS","source_originator":"U.S. Department of Commerce, U.S. Census Bureau, Geography Division","state_route":null,"state_route_a":null,"state_route_b":null,"state_route_c":null,"stco_fipscode":"54039","tnmfrc":2,"us_route":"60","us_route_a":"60","us_route_b":null,"us_route_c":null},"type":"Feature"},{"geometry":{"coordinates":[[-81.640303,38.359024],[-81.640381,38.359178],[-81.640424,38.359286]],"type":"LineString"},"id":"REF-KANAWHA-SECONDARY-ROADS-291","properties":{"canon_status":"REAL_REFERENCE","county_route":null,"federal_lands_route":null,"fictionality":"REAL","globalid":"{BC9EDC80-3FBD-4644-8491-2250A88A7550}","interstate":null,"interstate_a":null,"interstate_b":null,"interstate_c":null,"loaddate":1474002157000,"mtfcc_code":"S1200","name":"Washington St W","objectid":21359161,"permanent_identifier":"ae871bcf-2d3a-4126-879a-54101a8c83d3","real_world_relation":"REFERENCE_ONLY","shape_Length":39.58567184855862,"source_datadesc":"2016 January MAFTIGER","source_datasetid":"{9298FF95-0FA8-4712-9AA5-9292C907CA63}","source_featureid":"1101747019661","source_id":"REF-KANAWHA-SECONDARY-ROADS","source_originator":"U.S. Department of Commerce, U.S. Census Bureau, Geography Division","state_route":null,"state_route_a":null,"state_route_b":null,"state_route_c":null,"stco_fipscode":"54039","tnmfrc":2,"us_route":"60","us_route_a":"60","us_route_b":null,"us_route_c":null},"type":"Feature"},{"geometry":{"coordinates":[[-81.637432,38.360582],[-81.637366,38.360579]],"type":"LineString"},"id":"REF-KANAWHA-SECONDARY-ROADS-292","properties":{"canon_status":"REAL_REFERENCE","county_route":null,"federal_lands_route":null,"fictionality":"REAL","globalid":"{B7D160A4-F8C3-4CBC-90F5-751ABBEF8C79}","interstate":null,"interstate_a":null,"interstate_b":null,"interstate_c":null,"loaddate":1474001917000,"mtfcc_code":"S1200","name":"Bigley Ave","objectid":21615148,"permanent_identifier":"95f1c5c4-1f36-4a3b-8dcd-c861cba9e95e","real_world_relation":"REFERENCE_ONLY","shape_Length":7.359434029615754,"source_datadesc":"2016 January MAFTIGER","source_datasetid":"{9298FF95-0FA8-4712-9AA5-9292C907CA63}","source_featureid":"1101747015032","source_id":"REF-KANAWHA-SECONDARY-ROADS","source_originator":"U.S. Department of Commerce, U.S. Census Bureau, Geography Division","state_route":null,"state_route_a":null,"state_route_b":null,"state_route_c":null,"stco_fipscode":"54039","tnmfrc":2,"us_route":"119","us_route_a":"119","us_route_b":null,"us_route_c":null},"type":"Feature"},{"geometry":{"coordinates":[[-81.62436,38.344675],[-81.623958,38.344392]],"type":"LineString"},"id":"REF-KANAWHA-SECONDARY-ROADS-293","properties":{"canon_status":"REAL_REFERENCE","county_route":null,"federal_lands_route":null,"fictionality":"REAL","globalid":"{E19B8E38-F7AF-4284-B375-C7C3AFBA1B02}","interstate":null,"interstate_a":null,"interstate_b":null,"interstate_c":null,"loaddate":1474003098000,"mtfcc_code":"S1200","name":"Washington St E","objectid":21615212,"permanent_identifier":"567f7588-0bc8-4637-8995-ce5a10d07aa7","real_world_relation":"REFERENCE_ONLY","shape_Length":60.1336794760249,"source_datadesc":"2016 January MAFTIGER","source_datasetid":"{9298FF95-0FA8-4712-9AA5-9292C907CA63}","source_featureid":"1101747019658","source_id":"REF-KANAWHA-SECONDARY-ROADS","source_originator":"U.S. Department of Commerce, U.S. Census Bureau, Geography Division","state_route":null,"state_route_a":null,"state_route_b":null,"state_route_c":null,"stco_fipscode":"54039","tnmfrc":2,"us_route":"60","us_route_a":"60","us_route_b":null,"us_route_c":null},"type":"Feature"},{"geometry":{"coordinates":[[-81.650981,38.354902],[-81.651134,38.354911],[-81.651297,38.354906],[-81.651427,38.35489],[-81.651443,38.354884],[-81.651557,38.354859],[-81.651638,38.354823]],"type":"LineString"},"id":"REF-KANAWHA-SECONDARY-ROADS-294","properties":{"canon_status":"REAL_REFERENCE","county_route":null,"federal_lands_route":null,"fictionality":"REAL","globalid":"{B58CC590-FF49-4BD7-9379-80F0B8A7B03E}","interstate":null,"interstate_a":null,"interstate_b":null,"interstate_c":null,"loaddate":1568217705000,"mtfcc_code":"S1200","name":"US Hwy 119","objectid":21702186,"permanent_identifier":"98cea364-b336-4d8c-843e-3940f8f2998f","real_world_relation":"REFERENCE_ONLY","shape_Length":75.40332936516317,"source_datadesc":"2016 January MAFTIGER","source_datasetid":"{9298FF95-0FA8-4712-9AA5-9292C907CA63}","source_featureid":"1101747011819","source_id":"REF-KANAWHA-SECONDARY-ROADS","source_originator":"U.S. Department of Commerce, U.S. Census Bureau, Geography Division","state_route":null,"state_route_a":null,"state_route_b":null,"state_route_c":null,"stco_fipscode":"54039","tnmfrc":2,"us_route":"119","us_route_a":"119","us_route_b":null,"us_route_c":null},"type":"Feature"},{"geometry":{"coordinates":[[-81.616313,38.336436],[-81.615106,38.336048],[-81.61475,38.335937],[-81.6143,38.335811],[-81.613935,38.33572],[-81.613616,38.335654],[-81.612023,38.335345],[-81.611748,38.33531],[-81.611472,38.335285],[-81.61105,38.335262]],"type":"LineString"},"id":"REF-KANAWHA-SECONDARY-ROADS-295","properties":{"canon_status":"REAL_REFERENCE","county_route":null,"federal_lands_route":null,"fictionality":"REAL","globalid":"{C8446B5A-C205-45B7-8D10-C966CD2FD7C7}","interstate":null,"interstate_a":null,"interstate_b":null,"interstate_c":null,"loaddate":1568217705000,"mtfcc_code":"S1200","name":"Kanawha Blvd E","objectid":21702187,"permanent_identifier":"900c87cd-a8e7-42ef-95e6-2955f920fc11","real_world_relation":"REFERENCE_ONLY","shape_Length":612.1095837959225,"source_datadesc":"2016 January MAFTIGER","source_datasetid":"{9298FF95-0FA8-4712-9AA5-9292C907CA63}","source_featureid":"1101747016798","source_id":"REF-KANAWHA-SECONDARY-ROADS","source_originator":"U.S. Department of Commerce, U.S. Census Bureau, Geography Division","state_route":null,"state_route_a":null,"state_route_b":null,"state_route_c":null,"stco_fipscode":"54039","tnmfrc":2,"us_route":"60","us_route_a":"60","us_route_b":null,"us_route_c":null},"type":"Feature"},{"geometry":{"coordinates":[[-81.556157,38.308576],[-81.556199,38.308785],[-81.556233,38.308911],[-81.556308,38.309112],[-81.556337,38.309176]],"type":"LineString"},"id":"REF-KANAWHA-SECONDARY-ROADS-296","properties":{"canon_status":"REAL_REFERENCE","county_route":null,"federal_lands_route":null,"fictionality":"REAL","globalid":"{789EA6ED-0ED7-4806-A145-B4A925B16A2F}","interstate":null,"interstate_a":null,"interstate_b":null,"interstate_c":null,"loaddate":1568217705000,"mtfcc_code":"S1200","name":"Kanawha Ave","objectid":21702191,"permanent_identifier":"f1ee3e9c-0280-4e56-82c5-7c2f37ab63e1","real_world_relation":"REFERENCE_ONLY","shape_Length":87.63623174612411,"source_datadesc":"2016 January MAFTIGER","source_datasetid":"{9298FF95-0FA8-4712-9AA5-9292C907CA63}","source_featureid":"1101747016795","source_id":"REF-KANAWHA-SECONDARY-ROADS","source_originator":"U.S. Department of Commerce, U.S. Census Bureau, Geography Division","state_route":null,"state_route_a":null,"state_route_b":null,"state_route_c":null,"stco_fipscode":"54039","tnmfrc":2,"us_route":"60","us_route_a":"60","us_route_b":null,"us_route_c":null},"type":"Feature"},{"geometry":{"coordinates":[[-81.667557,38.374127],[-81.667241,38.374296],[-81.666937,38.374479],[-81.666327,38.374868],[-81.665715,38.375243],[-81.665593,38.375304],[-81.665432,38.375368]],"type":"LineString"},"id":"REF-KANAWHA-SECONDARY-ROADS-297","properties":{"canon_status":"REAL_REFERENCE","county_route":null,"federal_lands_route":null,"fictionality":"REAL","globalid":"{FE6E3E3B-6C96-40C5-AD59-55AA5C37F112}","interstate":null,"interstate_a":null,"interstate_b":null,"interstate_c":null,"loaddate":1474002440000,"mtfcc_code":"S1200","name":"Iowa St","objectid":21743110,"permanent_identifier":"a05e4dae-3556-4b7d-a9bf-a14a4927692a","real_world_relation":"REFERENCE_ONLY","shape_Length":295.45373627905764,"source_datadesc":"2016 January MAFTIGER","source_datasetid":"{9298FF95-0FA8-4712-9AA5-9292C907CA63}","source_featureid":"1105013709515","source_id":"REF-KANAWHA-SECONDARY-ROADS","source_originator":"U.S. Department of Commerce, U.S. Census Bureau, Geography Division","state_route":null,"state_route_a":null,"state_route_b":null,"state_route_c":null,"stco_fipscode":"54039","tnmfrc":2,"us_route":"60","us_route_a":"60","us_route_b":null,"us_route_c":null},"type":"Feature"},{"geometry":{"coordinates":[[-81.645131,38.363722],[-81.645346,38.36399],[-81.645655,38.364359],[-81.645797,38.364529],[-81.645898,38.364656],[-81.645982,38.36479],[-81.646024,38.364874],[-81.646091,38.365056],[-81.646178,38.365237],[-81.646282,38.365412]],"type":"LineString"},"id":"REF-KANAWHA-SECONDARY-ROADS-298","properties":{"canon_status":"REAL_REFERENCE","county_route":null,"federal_lands_route":null,"fictionality":"REAL","globalid":"{9343A252-9A67-469A-A57B-47D1A8AC2382}","interstate":null,"interstate_a":null,"interstate_b":null,"interstate_c":null,"loaddate":1474002007000,"mtfcc_code":"S1200","name":"Lee St W","objectid":21743114,"permanent_identifier":"df4f8039-7884-4170-886d-bef1e74b11bb","real_world_relation":"REFERENCE_ONLY","shape_Length":273.49845692938015,"source_datadesc":"2016 January MAFTIGER","source_datasetid":"{9298FF95-0FA8-4712-9AA5-9292C907CA63}","source_featureid":"1101747012322","source_id":"REF-KANAWHA-SECONDARY-ROADS","source_originator":"U.S. Department of Commerce, U.S. Census Bureau, Geography Division","state_route":null,"state_route_a":null,"state_route_b":null,"state_route_c":null,"stco_fipscode":"54039","tnmfrc":2,"us_route":"60","us_route_a":"60","us_route_b":null,"us_route_c":null},"type":"Feature"},{"geometry":{"coordinates":[[-81.614476,38.338692],[-81.614199,38.339003],[-81.614106,38.339151]],"type":"LineString"},"id":"REF-KANAWHA-SECONDARY-ROADS-299","properties":{"canon_status":"REAL_REFERENCE","county_route":null,"federal_lands_route":null,"fictionality":"REAL","globalid":"{D486938B-56F4-48C6-813F-57C0182DDFDD}","interstate":null,"interstate_a":null,"interstate_b":null,"interstate_c":null,"loaddate":1474002563000,"mtfcc_code":"S1200","name":"Greenbrier St","objectid":21743128,"permanent_identifier":"5987f552-1758-4be3-8bac-0a6d09f135ce","real_world_relation":"REFERENCE_ONLY","shape_Length":77.26043396748597,"source_datadesc":"2016 January MAFTIGER","source_datasetid":"{9298FF95-0FA8-4712-9AA5-9292C907CA63}","source_featureid":"1101747019401","source_id":"REF-KANAWHA-SECONDARY-ROADS","source_originator":"U.S. Department of Commerce, U.S. Census Bureau, Geography Division","state_route":"114","state_route_a":"114","state_route_b":null,"state_route_c":null,"stco_fipscode":"54039","tnmfrc":2,"us_route":"60","us_route_a":"60","us_route_b":null,"us_route_c":null},"type":"Feature"},{"geometry":{"coordinates":[[-81.640791,38.360159],[-81.640926,38.360491]],"type":"LineString"},"id":"REF-KANAWHA-SECONDARY-ROADS-300","properties":{"canon_status":"REAL_REFERENCE","county_route":null,"federal_lands_route":null,"fictionality":"REAL","globalid":"{A9AFACEB-33BE-4B0A-915F-B56D9C0F2BC6}","interstate":null,"interstate_a":null,"interstate_b":null,"interstate_c":null,"loaddate":1474002157000,"mtfcc_code":"S1200","name":"Washington St W","objectid":21743133,"permanent_identifier":"0fa55cd6-761c-4abc-a2ae-586c1021a4e0","real_world_relation":"REFERENCE_ONLY","shape_Length":49.470834620533196,"source_datadesc":"2016 January MAFTIGER","source_datasetid":"{9298FF95-0FA8-4712-9AA5-9292C907CA63}","source_featureid":"1101747019661","source_id":"REF-KANAWHA-SECONDARY-ROADS","source_originator":"U.S. Department of Commerce, U.S. Census Bureau, Geography Division","state_route":null,"state_route_a":null,"state_route_b":null,"state_route_c":null,"stco_fipscode":"54039","tnmfrc":2,"us_route":"60","us_route_a":"60","us_route_b":null,"us_route_c":null},"type":"Feature"},{"geometry":{"coordinates":[[-81.641525,38.361989],[-81.641665,38.362336]],"type":"LineString"},"id":"REF-KANAWHA-SECONDARY-ROADS-301","properties":{"canon_status":"REAL_REFERENCE","county_route":null,"federal_lands_route":null,"fictionality":"REAL","globalid":"{A35325DC-6EF8-4311-92CC-56A1A1BC6EC8}","interstate":null,"interstate_a":null,"interstate_b":null,"interstate_c":null,"loaddate":1474002157000,"mtfcc_code":"S1200","name":"Washington St W","objectid":21743186,"permanent_identifier":"9468dbc2-41ac-4015-aef5-094dca7b0510","real_world_relation":"REFERENCE_ONLY","shape_Length":51.6700892980562,"source_datadesc":"2016 January MAFTIGER","source_datasetid":"{9298FF95-0FA8-4712-9AA5-9292C907CA63}","source_featureid":"1101747019661","source_id":"REF-KANAWHA-SECONDARY-ROADS","source_originator":"U.S. Department of Commerce, U.S. Census Bureau, Geography Division","state_route":null,"state_route_a":null,"state_route_b":null,"state_route_c":null,"stco_fipscode":"54039","tnmfrc":2,"us_route":"60","us_route_a":"60","us_route_b":null,"us_route_c":null},"type":"Feature"},{"geometry":{"coordinates":[[-81.606343,38.37276],[-81.606628,38.372305]],"type":"LineString"},"id":"REF-KANAWHA-SECONDARY-ROADS-302","properties":{"canon_status":"REAL_REFERENCE","county_route":null,"federal_lands_route":null,"fictionality":"REAL","globalid":"{466C4633-DD1B-4CEE-8514-B3D9BAF59069}","interstate":null,"interstate_a":null,"interstate_b":null,"interstate_c":null,"loaddate":1474002125000,"mtfcc_code":"S1200","name":"Pennsylvania Ave","objectid":21999355,"permanent_identifier":"ea571f03-1722-46a5-8b67-3b22029de890","real_world_relation":"REFERENCE_ONLY","shape_Length":71.97537644380054,"source_datadesc":"2016 January MAFTIGER","source_datasetid":"{9298FF95-0FA8-4712-9AA5-9292C907CA63}","source_featureid":"1101747020373","source_id":"REF-KANAWHA-SECONDARY-ROADS","source_originator":"U.S. Department of Commerce, U.S. Census Bureau, Geography Division","state_route":null,"state_route_a":null,"state_route_b":null,"state_route_c":null,"stco_fipscode":"54039","tnmfrc":2,"us_route":"119","us_route_a":"119","us_route_b":null,"us_route_c":null},"type":"Feature"},{"geometry":{"coordinates":[[-81.671556,38.343204],[-81.671701,38.343234],[-81.672015,38.343284],[-81.672398,38.343325],[-81.672783,38.343352],[-81.673019,38.343361],[-81.673156,38.343363],[-81.6734,38.34336],[-81.673789,38.343342],[-81.6741,38.343317],[-81.674408,38.343276],[-81.674902,38.343185],[-81.67521,38.343113],[-81.675507,38.34303],[-81.675845,38.342922],[-81.676177,38.342799]],"type":"LineString"},"id":"REF-KANAWHA-SECONDARY-ROADS-303","properties":{"canon_status":"REAL_REFERENCE","county_route":null,"federal_lands_route":null,"fictionality":"REAL","globalid":"{F6AFD15A-8C42-4B23-859B-8FB6D216AB25}","interstate":null,"interstate_a":null,"interstate_b":null,"interstate_c":null,"loaddate":1568217705000,"mtfcc_code":"S1200","name":"US Hwy 119","objectid":22086573,"permanent_identifier":"831d15e4-5e24-495c-b6f8-af6ced85421f","real_world_relation":"REFERENCE_ONLY","shape_Length":528.9645714061222,"source_datadesc":"2018 May MAF/TIGER","source_datasetid":"{9298FF95-0FA8-4712-9AA5-9292C907CA63}","source_featureid":"1101747011827","source_id":"REF-KANAWHA-SECONDARY-ROADS","source_originator":"U.S. Department of Commerce, U.S. Census Bureau, Geography Division","state_route":null,"state_route_a":null,"state_route_b":null,"state_route_c":null,"stco_fipscode":"54039","tnmfrc":2,"us_route":"119","us_route_a":"119","us_route_b":null,"us_route_c":null},"type":"Feature"},{"geometry":{"coordinates":[[-81.63143,38.350492],[-81.630775,38.349944]],"type":"LineString"},"id":"REF-KANAWHA-SECONDARY-ROADS-304","properties":{"canon_status":"REAL_REFERENCE","county_route":null,"federal_lands_route":null,"fictionality":"REAL","globalid":"{24E494DC-F26A-4471-902D-5519695BDF30}","interstate":null,"interstate_a":null,"interstate_b":null,"interstate_c":null,"loaddate":1474002342000,"mtfcc_code":"S1200","name":"Washington St E","objectid":22127590,"permanent_identifier":"77c0d197-f7bb-4e2e-a34f-77bc816fbc64","real_world_relation":"REFERENCE_ONLY","shape_Length":106.61752649392234,"source_datadesc":"2016 January MAFTIGER","source_datasetid":"{9298FF95-0FA8-4712-9AA5-9292C907CA63}","source_featureid":"1101747019658","source_id":"REF-KANAWHA-SECONDARY-ROADS","source_originator":"U.S. Department of Commerce, U.S. Census Bureau, Geography Division","state_route":null,"state_route_a":null,"state_route_b":null,"state_route_c":null,"stco_fipscode":"54039","tnmfrc":2,"us_route":"60","us_route_a":"60","us_route_b":null,"us_route_c":null},"type":"Feature"},{"geometry":{"coordinates":[[-81.666018,38.370148],[-81.665864,38.370323],[-81.665645,38.370591]],"type":"LineString"},"id":"REF-KANAWHA-SECONDARY-ROADS-305","properties":{"canon_status":"REAL_REFERENCE","county_route":null,"federal_lands_route":null,"fictionality":"REAL","globalid":"{F1597357-5E65-4447-B064-1D2940292661}","interstate":null,"interstate_a":null,"interstate_b":null,"interstate_c":null,"loaddate":1474002007000,"mtfcc_code":"S1200","name":"Patrick St","objectid":22127620,"permanent_identifier":"c8260728-eb4a-4559-8db6-c5b41a17f9a1","real_world_relation":"REFERENCE_ONLY","shape_Length":75.37974976796775,"source_datadesc":"2016 January MAFTIGER","source_datasetid":"{9298FF95-0FA8-4712-9AA5-9292C907CA63}","source_featureid":"1101747017055","source_id":"REF-KANAWHA-SECONDARY-ROADS","source_originator":"U.S. Department of Commerce, U.S. Census Bureau, Geography Division","state_route":null,"state_route_a":null,"state_route_b":null,"state_route_c":null,"stco_fipscode":"54039","tnmfrc":2,"us_route":"60","us_route_a":"60","us_route_b":null,"us_route_c":null},"type":"Feature"},{"geometry":{"coordinates":[[-81.641251,38.358721],[-81.641321,38.358859]],"type":"LineString"},"id":"REF-KANAWHA-SECONDARY-ROADS-306","properties":{"canon_status":"REAL_REFERENCE","county_route":null,"federal_lands_route":null,"fictionality":"REAL","globalid":"{E02A08C6-441D-48E4-B965-A21970032CD1}","interstate":null,"interstate_a":null,"interstate_b":null,"interstate_c":null,"loaddate":1474002007000,"mtfcc_code":"S1200","name":"Lee St W","objectid":22127648,"permanent_identifier":"60c0d684-bda9-41e2-9074-075c89c9d7e9","real_world_relation":"REFERENCE_ONLY","shape_Length":21.08381417582774,"source_datadesc":"2016 January MAFTIGER","source_datasetid":"{9298FF95-0FA8-4712-9AA5-9292C907CA63}","source_featureid":"1101747012322","source_id":"REF-KANAWHA-SECONDARY-ROADS","source_originator":"U.S. Department of Commerce, U.S. Census Bureau, Geography Division","state_route":null,"state_route_a":null,"state_route_b":null,"state_route_c":null,"stco_fipscode":"54039","tnmfrc":2,"us_route":"60","us_route_a":"60","us_route_b":null,"us_route_c":null},"type":"Feature"},{"geometry":{"coordinates":[[-81.661178,38.371973],[-81.661529,38.372206],[-81.661715,38.372329],[-81.662011,38.372532]],"type":"LineString"},"id":"REF-KANAWHA-SECONDARY-ROADS-307","properties":{"canon_status":"REAL_REFERENCE","county_route":null,"federal_lands_route":null,"fictionality":"REAL","globalid":"{0BFC00E8-AE41-4140-9072-692B7550000F}","interstate":null,"interstate_a":null,"interstate_b":null,"interstate_c":null,"loaddate":1568217705000,"mtfcc_code":"S1200","name":"Washington St W","objectid":22215133,"permanent_identifier":"852ccffa-e994-4fa1-92dc-139bd1ddc35b","real_world_relation":"REFERENCE_ONLY","shape_Length":122.06420227651209,"source_datadesc":"2016 January MAFTIGER","source_datasetid":"{9298FF95-0FA8-4712-9AA5-9292C907CA63}","source_featureid":"1101747019661","source_id":"REF-KANAWHA-SECONDARY-ROADS","source_originator":"U.S. Department of Commerce, U.S. Census Bureau, Geography Division","state_route":null,"state_route_a":null,"state_route_b":null,"state_route_c":null,"stco_fipscode":"54039","tnmfrc":2,"us_route":"60","us_route_a":"60","us_route_b":null,"us_route_c":null},"type":"Feature"},{"geometry":{"coordinates":[[-81.640615,38.359737],[-81.640237,38.359864],[-81.639227,38.360244],[-81.638805,38.36039]],"type":"LineString"},"id":"REF-KANAWHA-SECONDARY-ROADS-308","properties":{"canon_status":"REAL_REFERENCE","county_route":null,"federal_lands_route":null,"fictionality":"REAL","globalid":"{E297D088-1C83-4276-81EF-223526E98A7C}","interstate":null,"interstate_a":null,"interstate_b":null,"interstate_c":null,"loaddate":1474002410000,"mtfcc_code":"S1200","name":"Pennsylvania Ave","objectid":22256160,"permanent_identifier":"a0e2039a-9819-448d-b16c-86ac4669687b","real_world_relation":"REFERENCE_ONLY","shape_Length":221.83036213457993,"source_datadesc":"2016 January MAFTIGER","source_datasetid":"{9298FF95-0FA8-4712-9AA5-9292C907CA63}","source_featureid":"1101747020371","source_id":"REF-KANAWHA-SECONDARY-ROADS","source_originator":"U.S. Department of Commerce, U.S. Census Bureau, Geography Division","state_route":null,"state_route_a":null,"state_route_b":null,"state_route_c":null,"stco_fipscode":"54039","tnmfrc":2,"us_route":"119","us_route_a":"119","us_route_b":null,"us_route_c":null},"type":"Feature"},{"geometry":{"coordinates":[[-81.631542,38.360444],[-81.631492,38.360373],[-81.631464,38.360316],[-81.631449,38.360248],[-81.631453,38.360179],[-81.631477,38.360113],[-81.631495,38.360084]],"type":"LineString"},"id":"REF-KANAWHA-SECONDARY-ROADS-309","properties":{"canon_status":"REAL_REFERENCE","county_route":null,"federal_lands_route":null,"fictionality":"REAL","globalid":"{E6235D80-9609-44AF-8A3F-B7DBF14550FB}","interstate":null,"interstate_a":"","interstate_b":"","interstate_c":"","loaddate":1673511277000,"mtfcc_code":"S1200","name":null,"objectid":22343205,"permanent_identifier":"06df6945-f41f-4ab3-8fba-3cccae47b01b","real_world_relation":"REFERENCE_ONLY","shape_Length":54.11084124485262,"source_datadesc":"2018 May MAF/TIGER","source_datasetid":"{9298FF95-0FA8-4712-9AA5-9292C907CA63}","source_featureid":"1101747040347","source_id":"REF-KANAWHA-SECONDARY-ROADS","source_originator":"U.S. Department of Commerce, U.S. Census Bureau, Geography Division","state_route":null,"state_route_a":"","state_route_b":"","state_route_c":"","stco_fipscode":"54039","tnmfrc":2,"us_route":"119","us_route_a":"119","us_route_b":"","us_route_c":""},"type":"Feature"},{"geometry":{"coordinates":[[-81.630121,38.360038],[-81.630167,38.35992],[-81.630191,38.359867],[-81.630275,38.359755]],"type":"LineString"},"id":"REF-KANAWHA-SECONDARY-ROADS-310","properties":{"canon_status":"REAL_REFERENCE","county_route":null,"federal_lands_route":null,"fictionality":"REAL","globalid":"{F8649F9E-6096-40FE-BFB1-4D06E4214571}","interstate":null,"interstate_a":"","interstate_b":"","interstate_c":"","loaddate":1673511277000,"mtfcc_code":"S1200","name":"US Hwy 119","objectid":22343208,"permanent_identifier":"57a3ae89-f55e-4299-bc54-00a062f2bf5b","real_world_relation":"REFERENCE_ONLY","shape_Length":43.93476682058773,"source_datadesc":"2018 May MAF/TIGER","source_datasetid":"{9298FF95-0FA8-4712-9AA5-9292C907CA63}","source_featureid":null,"source_id":"REF-KANAWHA-SECONDARY-ROADS","source_originator":"U.S. Department of Commerce, U.S. Census Bureau, Geography Division","state_route":null,"state_route_a":"","state_route_b":"","state_route_c":"","stco_fipscode":"54039","tnmfrc":2,"us_route":"119","us_route_a":"119","us_route_b":"","us_route_c":""},"type":"Feature"},{"geometry":{"coordinates":[[-81.646437,38.365459],[-81.646792,38.365565]],"type":"LineString"},"id":"REF-KANAWHA-SECONDARY-ROADS-311","properties":{"canon_status":"REAL_REFERENCE","county_route":null,"federal_lands_route":null,"fictionality":"REAL","globalid":"{32AF6F43-7328-445C-A185-218C2BF742DC}","interstate":null,"interstate_a":null,"interstate_b":null,"interstate_c":null,"loaddate":1474002342000,"mtfcc_code":"S1200","name":"Washington St W","objectid":22384033,"permanent_identifier":"9d018eca-9471-4b5a-b9df-704fe6b0847e","real_world_relation":"REFERENCE_ONLY","shape_Length":42.28704764945498,"source_datadesc":"2016 January MAFTIGER","source_datasetid":"{9298FF95-0FA8-4712-9AA5-9292C907CA63}","source_featureid":"1101747019661","source_id":"REF-KANAWHA-SECONDARY-ROADS","source_originator":"U.S. Department of Commerce, U.S. Census Bureau, Geography Division","state_route":null,"state_route_a":null,"state_route_b":null,"state_route_c":null,"stco_fipscode":"54039","tnmfrc":2,"us_route":"60","us_route_a":"60","us_route_b":null,"us_route_c":null},"type":"Feature"},{"geometry":{"coordinates":[[-81.556128,38.299604],[-81.556081,38.299762],[-81.556004,38.300077]],"type":"LineString"},"id":"REF-KANAWHA-SECONDARY-ROADS-312","properties":{"canon_status":"REAL_REFERENCE","county_route":null,"federal_lands_route":null,"fictionality":"REAL","globalid":"{CC06C41A-4B70-420F-988E-5DB5527CE4F6}","interstate":null,"interstate_a":null,"interstate_b":null,"interstate_c":null,"loaddate":1474003190000,"mtfcc_code":"S1200","name":"Kanawha Ave","objectid":22511963,"permanent_identifier":"066f348c-dbbe-46e1-be9d-fdbb2ea432eb","real_world_relation":"REFERENCE_ONLY","shape_Length":68.51165313517208,"source_datadesc":"2016 January MAFTIGER","source_datasetid":"{9298FF95-0FA8-4712-9AA5-9292C907CA63}","source_featureid":"1101747016795","source_id":"REF-KANAWHA-SECONDARY-ROADS","source_originator":"U.S. Department of Commerce, U.S. Census Bureau, Geography Division","state_route":null,"state_route_a":null,"state_route_b":null,"state_route_c":null,"stco_fipscode":"54039","tnmfrc":2,"us_route":"60","us_route_a":"60","us_route_b":null,"us_route_c":null},"type":"Feature"},{"geometry":{"coordinates":[[-81.676177,38.342799],[-81.676461,38.342681],[-81.676736,38.34255]],"type":"LineString"},"id":"REF-KANAWHA-SECONDARY-ROADS-313","properties":{"canon_status":"REAL_REFERENCE","county_route":null,"federal_lands_route":null,"fictionality":"REAL","globalid":"{F571C31E-2F10-406F-A3DC-D1E8B4D62A0A}","interstate":null,"interstate_a":null,"interstate_b":null,"interstate_c":null,"loaddate":1474001297000,"mtfcc_code":"S1200","name":"US Hwy 119","objectid":22511992,"permanent_identifier":"97660023-df1e-49d6-a46b-408c39b55004","real_world_relation":"REFERENCE_ONLY","shape_Length":71.59390055166463,"source_datadesc":"2016 January MAFTIGER","source_datasetid":"{9298FF95-0FA8-4712-9AA5-9292C907CA63}","source_featureid":"1101747011827","source_id":"REF-KANAWHA-SECONDARY-ROADS","source_originator":"U.S. Department of Commerce, U.S. Census Bureau, Geography Division","state_route":null,"state_route_a":null,"state_route_b":null,"state_route_c":null,"stco_fipscode":"54039","tnmfrc":2,"us_route":"119","us_route_a":"119","us_route_b":null,"us_route_c":null},"type":"Feature"},{"geometry":{"coordinates":[[-81.657817,38.343804],[-81.658277,38.343496],[-81.658499,38.343361],[-81.658585,38.343309],[-81.658903,38.343133],[-81.659291,38.342939],[-81.659533,38.342824],[-81.659843,38.342691],[-81.660044,38.342615],[-81.660161,38.342571],[-81.660487,38.342463],[-81.660807,38.342338],[-81.661455,38.342099],[-81.662564,38.341714],[-81.663283,38.341451]],"type":"LineString"},"id":"REF-KANAWHA-SECONDARY-ROADS-314","properties":{"canon_status":"REAL_REFERENCE","county_route":null,"federal_lands_route":null,"fictionality":"REAL","globalid":"{6FF9325C-AB36-486A-8DE8-6913EFCB323A}","interstate":null,"interstate_a":null,"interstate_b":null,"interstate_c":null,"loaddate":1568217705000,"mtfcc_code":"S1200","name":"US Hwy 119","objectid":22983817,"permanent_identifier":"b579c1af-cfcf-40a3-95ee-d8aa870f6956","real_world_relation":"REFERENCE_ONLY","shape_Length":697.5779036513708,"source_datadesc":"2016 January MAFTIGER","source_datasetid":"{9298FF95-0FA8-4712-9AA5-9292C907CA63}","source_featureid":"1101747011827","source_id":"REF-KANAWHA-SECONDARY-ROADS","source_originator":"U.S. Department of Commerce, U.S. Census Bureau, Geography Division","state_route":null,"state_route_a":null,"state_route_b":null,"state_route_c":null,"stco_fipscode":"54039","tnmfrc":2,"us_route":"119","us_route_a":"119","us_route_b":null,"us_route_c":null},"type":"Feature"},{"geometry":{"coordinates":[[-81.644615,38.363074],[-81.644699,38.363181]],"type":"LineString"},"id":"REF-KANAWHA-SECONDARY-ROADS-315","properties":{"canon_status":"REAL_REFERENCE","county_route":null,"federal_lands_route":null,"fictionality":"REAL","globalid":"{D0DCA96A-B02F-4082-ACF6-3A1C10E3F6B2}","interstate":null,"interstate_a":null,"interstate_b":null,"interstate_c":null,"loaddate":1474002007000,"mtfcc_code":"S1200","name":"Lee St W","objectid":23024819,"permanent_identifier":"963c7e2f-d4f7-4379-8660-687b0d4f9e29","real_world_relation":"REFERENCE_ONLY","shape_Length":17.838271822033445,"source_datadesc":"2016 January MAFTIGER","source_datasetid":"{9298FF95-0FA8-4712-9AA5-9292C907CA63}","source_featureid":"1101747012322","source_id":"REF-KANAWHA-SECONDARY-ROADS","source_originator":"U.S. Department of Commerce, U.S. Census Bureau, Geography Division","state_route":null,"state_route_a":null,"state_route_b":null,"state_route_c":null,"stco_fipscode":"54039","tnmfrc":2,"us_route":"60","us_route_a":"60","us_route_b":null,"us_route_c":null},"type":"Feature"},{"geometry":{"coordinates":[[-81.676736,38.34255],[-81.677648,38.342028],[-81.677936,38.341842],[-81.67826,38.341639],[-81.678485,38.34151]],"type":"LineString"},"id":"REF-KANAWHA-SECONDARY-ROADS-316","properties":{"canon_status":"REAL_REFERENCE","county_route":null,"federal_lands_route":null,"fictionality":"REAL","globalid":"{748A6699-A3E0-44AD-B123-D994A2B27B0B}","interstate":null,"interstate_a":null,"interstate_b":null,"interstate_c":null,"loaddate":1474001292000,"mtfcc_code":"S1200","name":"US Hwy 119","objectid":23024885,"permanent_identifier":"7dd0108b-6d0a-4be1-8407-8de5aa8716f8","real_world_relation":"REFERENCE_ONLY","shape_Length":244.40047615973359,"source_datadesc":"2016 January MAFTIGER","source_datasetid":"{9298FF95-0FA8-4712-9AA5-9292C907CA63}","source_featureid":"1101747011827","source_id":"REF-KANAWHA-SECONDARY-ROADS","source_originator":"U.S. Department of Commerce, U.S. Census Bureau, Geography Division","state_route":null,"state_route_a":null,"state_route_b":null,"state_route_c":null,"stco_fipscode":"54039","tnmfrc":2,"us_route":"119","us_route_a":"119","us_route_b":null,"us_route_c":null},"type":"Feature"},{"geometry":{"coordinates":[[-81.642538,38.36357],[-81.642649,38.363703],[-81.642804,38.363852],[-81.642937,38.363962]],"type":"LineString"},"id":"REF-KANAWHA-SECONDARY-ROADS-317","properties":{"canon_status":"REAL_REFERENCE","county_route":null,"federal_lands_route":null,"fictionality":"REAL","globalid":"{D8B93009-1264-48DE-997E-614C538FA51D}","interstate":null,"interstate_a":null,"interstate_b":null,"interstate_c":null,"loaddate":1474002150000,"mtfcc_code":"S1200","name":"Washington St W","objectid":23152791,"permanent_identifier":"34c64168-1d57-4a29-b03e-b5e85e353562","real_world_relation":"REFERENCE_ONLY","shape_Length":71.38445031922899,"source_datadesc":"2016 January MAFTIGER","source_datasetid":"{9298FF95-0FA8-4712-9AA5-9292C907CA63}","source_featureid":"1101747019661","source_id":"REF-KANAWHA-SECONDARY-ROADS","source_originator":"U.S. Department of Commerce, U.S. Census Bureau, Geography Division","state_route":null,"state_route_a":null,"state_route_b":null,"state_route_c":null,"stco_fipscode":"54039","tnmfrc":2,"us_route":"60","us_route_a":"60","us_route_b":null,"us_route_c":null},"type":"Feature"},{"geometry":{"coordinates":[[-81.6633,38.373323],[-81.66351,38.373444]],"type":"LineString"},"id":"REF-KANAWHA-SECONDARY-ROADS-318","properties":{"canon_status":"REAL_REFERENCE","county_route":null,"federal_lands_route":null,"fictionality":"REAL","globalid":"{54344127-05B3-48B6-81C0-1D0EFF0B481F}","interstate":null,"interstate_a":null,"interstate_b":null,"interstate_c":null,"loaddate":1568217705000,"mtfcc_code":"S1200","name":"Washington St W","objectid":23240420,"permanent_identifier":"be745428-7ffb-425b-a66a-b92e9ba92aed","real_world_relation":"REFERENCE_ONLY","shape_Length":29.011704564622683,"source_datadesc":"2016 January MAFTIGER","source_datasetid":"{9298FF95-0FA8-4712-9AA5-9292C907CA63}","source_featureid":"1101747019661","source_id":"REF-KANAWHA-SECONDARY-ROADS","source_originator":"U.S. Department of Commerce, U.S. Census Bureau, Geography Division","state_route":null,"state_route_a":null,"state_route_b":null,"state_route_c":null,"stco_fipscode":"54039","tnmfrc":2,"us_route":"60","us_route_a":"60","us_route_b":null,"us_route_c":null},"type":"Feature"},{"geometry":{"coordinates":[[-81.653705,38.368321],[-81.6538,38.368367],[-81.653858,38.368395]],"type":"LineString"},"id":"REF-KANAWHA-SECONDARY-ROADS-319","properties":{"canon_status":"REAL_REFERENCE","county_route":null,"federal_lands_route":null,"fictionality":"REAL","globalid":"{A0346978-D279-4A8B-B206-1065219C89D5}","interstate":null,"interstate_a":null,"interstate_b":null,"interstate_c":null,"loaddate":1568217705000,"mtfcc_code":"S1200","name":"Washington St W","objectid":23240422,"permanent_identifier":"176dff02-7aec-4933-8854-47d43e6cc515","real_world_relation":"REFERENCE_ONLY","shape_Length":20.01190981183021,"source_datadesc":"2016 January MAFTIGER","source_datasetid":"{9298FF95-0FA8-4712-9AA5-9292C907CA63}","source_featureid":"1101747019661","source_id":"REF-KANAWHA-SECONDARY-ROADS","source_originator":"U.S. Department of Commerce, U.S. Census Bureau, Geography Division","state_route":null,"state_route_a":null,"state_route_b":null,"state_route_c":null,"stco_fipscode":"54039","tnmfrc":2,"us_route":"60","us_route_a":"60","us_route_b":null,"us_route_c":null},"type":"Feature"},{"geometry":{"coordinates":[[-81.549448,38.242112],[-81.546651,38.240129],[-81.546192,38.23982],[-81.545769,38.239542],[-81.545361,38.239283],[-81.544814,38.238948],[-81.543745,38.238322],[-81.543458,38.238142],[-81.543215,38.237967],[-81.543202,38.237958],[-81.543046,38.237829],[-81.542954,38.237745]],"type":"LineString"},"id":"REF-KANAWHA-SECONDARY-ROADS-320","properties":{"canon_status":"REAL_REFERENCE","county_route":null,"federal_lands_route":null,"fictionality":"REAL","globalid":"{22272951-2890-47B7-8E7E-C706AC373F6D}","interstate":null,"interstate_a":null,"interstate_b":null,"interstate_c":null,"loaddate":1474001297000,"mtfcc_code":"S1200","name":"US Hwy 60","objectid":23281192,"permanent_identifier":"c68ac0e7-ee03-4b1d-8294-8dfdb95844b8","real_world_relation":"REFERENCE_ONLY","shape_Length":952.6257976889304,"source_datadesc":"2016 January MAFTIGER","source_datasetid":"{9298FF95-0FA8-4712-9AA5-9292C907CA63}","source_featureid":"1101747011699","source_id":"REF-KANAWHA-SECONDARY-ROADS","source_originator":"U.S. Department of Commerce, U.S. Census Bureau, Geography Division","state_route":null,"state_route_a":null,"state_route_b":null,"state_route_c":null,"stco_fipscode":"54039","tnmfrc":2,"us_route":"60","us_route_a":"60","us_route_b":null,"us_route_c":null},"type":"Feature"},{"geometry":{"coordinates":[[-81.634604,38.352432],[-81.634002,38.351707]],"type":"LineString"},"id":"REF-KANAWHA-SECONDARY-ROADS-321","properties":{"canon_status":"REAL_REFERENCE","county_route":null,"federal_lands_route":null,"fictionality":"REAL","globalid":"{64B6ECFA-8A76-4816-B323-A9518A015D06}","interstate":null,"interstate_a":null,"interstate_b":null,"interstate_c":null,"loaddate":1474002626000,"mtfcc_code":"S1200","name":"Lee St E","objectid":23281201,"permanent_identifier":"90a41c1e-b330-47f5-8b8a-9d3403e67e38","real_world_relation":"REFERENCE_ONLY","shape_Length":122.80980810267276,"source_datadesc":"2016 January MAFTIGER","source_datasetid":"{9298FF95-0FA8-4712-9AA5-9292C907CA63}","source_featureid":"1101747012316","source_id":"REF-KANAWHA-SECONDARY-ROADS","source_originator":"U.S. Department of Commerce, U.S. Census Bureau, Geography Division","state_route":null,"state_route_a":null,"state_route_b":null,"state_route_c":null,"stco_fipscode":"54039","tnmfrc":2,"us_route":"60","us_route_a":"60","us_route_b":null,"us_route_c":null},"type":"Feature"},{"geometry":{"coordinates":[[-81.646371,38.365438],[-81.646437,38.365459]],"type":"LineString"},"id":"REF-KANAWHA-SECONDARY-ROADS-322","properties":{"canon_status":"REAL_REFERENCE","county_route":null,"federal_lands_route":null,"fictionality":"REAL","globalid":"{7422DAC5-A5A7-4C56-BEBE-6C60138F50CD}","interstate":null,"interstate_a":null,"interstate_b":null,"interstate_c":null,"loaddate":1474002342000,"mtfcc_code":"S1200","name":"Washington St W","objectid":23408943,"permanent_identifier":"b2e0b5e5-cd5a-481b-accf-7ed26e95ab4d","real_world_relation":"REFERENCE_ONLY","shape_Length":7.9290113282415255,"source_datadesc":"2016 January MAFTIGER","source_datasetid":"{9298FF95-0FA8-4712-9AA5-9292C907CA63}","source_featureid":"1101747019661","source_id":"REF-KANAWHA-SECONDARY-ROADS","source_originator":"U.S. Department of Commerce, U.S. Census Bureau, Geography Division","state_route":null,"state_route_a":null,"state_route_b":null,"state_route_c":null,"stco_fipscode":"54039","tnmfrc":2,"us_route":"60","us_route_a":"60","us_route_b":null,"us_route_c":null},"type":"Feature"},{"geometry":{"coordinates":[[-81.650106,38.366787],[-81.650386,38.366902],[-81.650545,38.366957]],"type":"LineString"},"id":"REF-KANAWHA-SECONDARY-ROADS-323","properties":{"canon_status":"REAL_REFERENCE","county_route":null,"federal_lands_route":null,"fictionality":"REAL","globalid":"{790BCCA4-5CC2-4477-A90A-09EF0CF04A26}","interstate":null,"interstate_a":null,"interstate_b":null,"interstate_c":null,"loaddate":1474002342000,"mtfcc_code":"S1200","name":"Washington St W","objectid":23409011,"permanent_identifier":"848aad60-f94d-4a5f-8b50-1ce8f6f3605c","real_world_relation":"REFERENCE_ONLY","shape_Length":54.53294116725269,"source_datadesc":"2016 January MAFTIGER","source_datasetid":"{9298FF95-0FA8-4712-9AA5-9292C907CA63}","source_featureid":"1101747019661","source_id":"REF-KANAWHA-SECONDARY-ROADS","source_originator":"U.S. Department of Commerce, U.S. Census Bureau, Geography Division","state_route":null,"state_route_a":null,"state_route_b":null,"state_route_c":null,"stco_fipscode":"54039","tnmfrc":2,"us_route":"60","us_route_a":"60","us_route_b":null,"us_route_c":null},"type":"Feature"},{"geometry":{"coordinates":[[-81.606449,38.334936],[-81.605086,38.334868],[-81.60412,38.334812]],"type":"LineString"},"id":"REF-KANAWHA-SECONDARY-ROADS-324","properties":{"canon_status":"REAL_REFERENCE","county_route":null,"federal_lands_route":null,"fictionality":"REAL","globalid":"{CD2F7FBF-61E9-43CA-AEE9-4FE7220AC057}","interstate":null,"interstate_a":null,"interstate_b":null,"interstate_c":null,"loaddate":1568217705000,"mtfcc_code":"S1200","name":"Kanawha Blvd E","objectid":23496075,"permanent_identifier":"ea327c98-a0d6-4740-8b3c-529cdc6b2408","real_world_relation":"REFERENCE_ONLY","shape_Length":259.86305860766424,"source_datadesc":"2016 January MAFTIGER","source_datasetid":"{9298FF95-0FA8-4712-9AA5-9292C907CA63}","source_featureid":"1101747016798","source_id":"REF-KANAWHA-SECONDARY-ROADS","source_originator":"U.S. Department of Commerce, U.S. Census Bureau, Geography Division","state_route":null,"state_route_a":null,"state_route_b":null,"state_route_c":null,"stco_fipscode":"54039","tnmfrc":2,"us_route":"60","us_route_a":"60","us_route_b":null,"us_route_c":null},"type":"Feature"},{"geometry":{"coordinates":[[-81.638548,38.360471],[-81.638411,38.360515],[-81.638256,38.36054],[-81.638058,38.360556],[-81.637705,38.360554],[-81.637552,38.360564],[-81.637432,38.360582]],"type":"LineString"},"id":"REF-KANAWHA-SECONDARY-ROADS-325","properties":{"canon_status":"REAL_REFERENCE","county_route":null,"federal_lands_route":null,"fictionality":"REAL","globalid":"{C9D31723-22B2-4B4A-804B-2BDCDDC52214}","interstate":null,"interstate_a":null,"interstate_b":null,"interstate_c":null,"loaddate":1474001676000,"mtfcc_code":"S1200","name":null,"objectid":23665097,"permanent_identifier":"fb54368a-76d1-43d5-b4bc-459b5c19d729","real_world_relation":"REFERENCE_ONLY","shape_Length":126.2425647728229,"source_datadesc":"2016 January MAFTIGER","source_datasetid":"{9298FF95-0FA8-4712-9AA5-9292C907CA63}","source_featureid":"1101747031479","source_id":"REF-KANAWHA-SECONDARY-ROADS","source_originator":"U.S. Department of Commerce, U.S. Census Bureau, Geography Division","state_route":null,"state_route_a":null,"state_route_b":null,"state_route_c":null,"stco_fipscode":"54039","tnmfrc":2,"us_route":"119","us_route_a":"119","us_route_b":null,"us_route_c":null},"type":"Feature"},{"geometry":{"coordinates":[[-81.613117,38.364325],[-81.613175,38.364281],[-81.613249,38.364237],[-81.613345,38.364199],[-81.613811,38.364053]],"type":"LineString"},"id":"REF-KANAWHA-SECONDARY-ROADS-326","properties":{"canon_status":"REAL_REFERENCE","county_route":null,"federal_lands_route":null,"fictionality":"REAL","globalid":"{BA631D56-08F7-4699-BD5A-45459AE774EC}","interstate":null,"interstate_a":null,"interstate_b":null,"interstate_c":null,"loaddate":1474001912000,"mtfcc_code":"S1200","name":"Bigley Ave","objectid":23665187,"permanent_identifier":"5e3d3f9f-c504-47fb-b5cd-23dc53246d76","real_world_relation":"REFERENCE_ONLY","shape_Length":87.15648510507167,"source_datadesc":"2016 January MAFTIGER","source_datasetid":"{9298FF95-0FA8-4712-9AA5-9292C907CA63}","source_featureid":"1101747015031","source_id":"REF-KANAWHA-SECONDARY-ROADS","source_originator":"U.S. Department of Commerce, U.S. Census Bureau, Geography Division","state_route":null,"state_route_a":null,"state_route_b":null,"state_route_c":null,"stco_fipscode":"54039","tnmfrc":2,"us_route":"119","us_route_a":"119","us_route_b":null,"us_route_c":null},"type":"Feature"},{"geometry":{"coordinates":[[-81.643828,38.357352],[-81.643462,38.357528]],"type":"LineString"},"id":"REF-KANAWHA-SECONDARY-ROADS-327","properties":{"canon_status":"REAL_REFERENCE","county_route":null,"federal_lands_route":null,"fictionality":"REAL","globalid":"{538F0C7C-8AA6-4DA3-970B-E3DD83FC42A6}","interstate":null,"interstate_a":null,"interstate_b":null,"interstate_c":null,"loaddate":1568217705000,"mtfcc_code":"S1200","name":"Pennsylvania Ave","objectid":23752588,"permanent_identifier":"36546222-c44b-4599-9990-0dfa70e20ba5","real_world_relation":"REFERENCE_ONLY","shape_Length":47.79385178281487,"source_datadesc":"2016 January MAFTIGER","source_datasetid":"{9298FF95-0FA8-4712-9AA5-9292C907CA63}","source_featureid":"1101747020370","source_id":"REF-KANAWHA-SECONDARY-ROADS","source_originator":"U.S. Department of Commerce, U.S. Census Bureau, Geography Division","state_route":null,"state_route_a":null,"state_route_b":null,"state_route_c":null,"stco_fipscode":"54039","tnmfrc":2,"us_route":"119","us_route_a":"119","us_route_b":null,"us_route_c":null},"type":"Feature"},{"geometry":{"coordinates":[[-81.614106,38.339151],[-81.61402,38.339072]],"type":"LineString"},"id":"REF-KANAWHA-SECONDARY-ROADS-328","properties":{"canon_status":"REAL_REFERENCE","county_route":null,"federal_lands_route":null,"fictionality":"REAL","globalid":"{C2D492E6-4828-4B66-A025-71D19D153CE7}","interstate":null,"interstate_a":null,"interstate_b":null,"interstate_c":null,"loaddate":1474002346000,"mtfcc_code":"S1200","name":"Washington St E","objectid":23793679,"permanent_identifier":"5adc4799-caf4-4b36-bad2-b35a260365d8","real_world_relation":"REFERENCE_ONLY","shape_Length":14.743173808713431,"source_datadesc":"2016 January MAFTIGER","source_datasetid":"{9298FF95-0FA8-4712-9AA5-9292C907CA63}","source_featureid":"1101747019658","source_id":"REF-KANAWHA-SECONDARY-ROADS","source_originator":"U.S. Department of Commerce, U.S. Census Bureau, Geography Division","state_route":null,"state_route_a":null,"state_route_b":null,"state_route_c":null,"stco_fipscode":"54039","tnmfrc":2,"us_route":"60","us_route_a":"60","us_route_b":null,"us_route_c":null},"type":"Feature"},{"geometry":{"coordinates":[[-81.556509,38.309167],[-81.556893,38.309827]],"type":"LineString"},"id":"REF-KANAWHA-SECONDARY-ROADS-329","properties":{"canon_status":"REAL_REFERENCE","county_route":null,"federal_lands_route":null,"fictionality":"REAL","globalid":"{4307446C-980C-4B65-A086-1AD15EAAF479}","interstate":null,"interstate_a":null,"interstate_b":null,"interstate_c":null,"loaddate":1568217705000,"mtfcc_code":"S1200","name":"Kanawha St","objectid":23880678,"permanent_identifier":"acffc1f7-fc69-40ce-9463-7460286eb3a1","real_world_relation":"REFERENCE_ONLY","shape_Length":102.92864854735815,"source_datadesc":"2018 May MAF/TIGER","source_datasetid":"{9298FF95-0FA8-4712-9AA5-9292C907CA63}","source_featureid":"1101747016794","source_id":"REF-KANAWHA-SECONDARY-ROADS","source_originator":"U.S. Department of Commerce, U.S. Census Bureau, Geography Division","state_route":null,"state_route_a":null,"state_route_b":null,"state_route_c":null,"stco_fipscode":"54039","tnmfrc":2,"us_route":"60","us_route_a":"60","us_route_b":null,"us_route_c":null},"type":"Feature"},{"geometry":{"coordinates":[[-81.633513,38.352962],[-81.632917,38.3522]],"type":"LineString"},"id":"REF-KANAWHA-SECONDARY-ROADS-330","properties":{"canon_status":"REAL_REFERENCE","county_route":null,"federal_lands_route":null,"fictionality":"REAL","globalid":"{7ECD7A26-75B8-4869-ACB3-D8F306CB7F78}","interstate":null,"interstate_a":null,"interstate_b":null,"interstate_c":null,"loaddate":1474002342000,"mtfcc_code":"S1200","name":"Washington St E","objectid":24050223,"permanent_identifier":"8767f574-b4c2-474d-8c45-7ad17b54ad32","real_world_relation":"REFERENCE_ONLY","shape_Length":126.89360877768654,"source_datadesc":"2016 January MAFTIGER","source_datasetid":"{9298FF95-0FA8-4712-9AA5-9292C907CA63}","source_featureid":"1101747019658","source_id":"REF-KANAWHA-SECONDARY-ROADS","source_originator":"U.S. Department of Commerce, U.S. Census Bureau, Geography Division","state_route":null,"state_route_a":null,"state_route_b":null,"state_route_c":null,"stco_fipscode":"54039","tnmfrc":2,"us_route":"60","us_route_a":"60","us_route_b":null,"us_route_c":null},"type":"Feature"},{"geometry":{"coordinates":[[-81.510113,38.211094],[-81.509961,38.211003],[-81.509893,38.210956],[-81.509834,38.210915],[-81.509316,38.210573],[-81.509076,38.21041],[-81.508703,38.210144],[-81.507957,38.209582],[-81.507595,38.209295],[-81.507241,38.209003],[-81.5067,38.208532],[-81.506308,38.208175],[-81.505952,38.207836],[-81.505606,38.207489],[-81.50445,38.20628],[-81.502298,38.204021]],"type":"LineString"},"id":"REF-KANAWHA-SECONDARY-ROADS-331","properties":{"canon_status":"REAL_REFERENCE","county_route":null,"federal_lands_route":null,"fictionality":"REAL","globalid":"{A461F019-DFB4-4B1E-AA1A-6069D82CF1CF}","interstate":null,"interstate_a":null,"interstate_b":null,"interstate_c":null,"loaddate":1568217705000,"mtfcc_code":"S1200","name":"E Dupont Ave","objectid":24137517,"permanent_identifier":"ded4bd8e-14db-4699-a13e-631c215c2996","real_world_relation":"REFERENCE_ONLY","shape_Length":1331.6374186355265,"source_datadesc":"2016 January MAFTIGER","source_datasetid":"{9298FF95-0FA8-4712-9AA5-9292C907CA63}","source_featureid":"1101747015238","source_id":"REF-KANAWHA-SECONDARY-ROADS","source_originator":"U.S. Department of Commerce, U.S. Census Bureau, Geography Division","state_route":null,"state_route_a":null,"state_route_b":null,"state_route_c":null,"stco_fipscode":"54039","tnmfrc":2,"us_route":"60","us_route_a":"60","us_route_b":null,"us_route_c":null},"type":"Feature"},{"geometry":{"coordinates":[[-81.648731,38.350682],[-81.648913,38.350447],[-81.6493,38.349969],[-81.649704,38.349499],[-81.64993,38.349206],[-81.649994,38.349134]],"type":"LineString"},"id":"REF-KANAWHA-SECONDARY-ROADS-332","properties":{"canon_status":"REAL_REFERENCE","county_route":null,"federal_lands_route":null,"fictionality":"REAL","globalid":"{DB0AD4E6-E7DE-4F79-8097-47CDC654930D}","interstate":null,"interstate_a":null,"interstate_b":null,"interstate_c":null,"loaddate":1474001292000,"mtfcc_code":"S1200","name":"US Hwy 119","objectid":24178488,"permanent_identifier":"7fae00b2-c0a7-4833-a7fb-24d56d09f0af","real_world_relation":"REFERENCE_ONLY","shape_Length":260.9233202056081,"source_datadesc":"2016 January MAFTIGER","source_datasetid":"{9298FF95-0FA8-4712-9AA5-9292C907CA63}","source_featureid":"1101747011827","source_id":"REF-KANAWHA-SECONDARY-ROADS","source_originator":"U.S. Department of Commerce, U.S. Census Bureau, Geography Division","state_route":null,"state_route_a":null,"state_route_b":null,"state_route_c":null,"stco_fipscode":"54039","tnmfrc":2,"us_route":"119","us_route_a":"119","us_route_b":null,"us_route_c":null},"type":"Feature"},{"geometry":{"coordinates":[[-81.476862,38.204685],[-81.47662,38.20476],[-81.476383,38.204822]],"type":"LineString"},"id":"REF-KANAWHA-SECONDARY-ROADS-333","properties":{"canon_status":"REAL_REFERENCE","county_route":null,"federal_lands_route":null,"fictionality":"REAL","globalid":"{53F572AA-FA13-419F-A5A7-39BEA5BE9A6A}","interstate":null,"interstate_a":null,"interstate_b":null,"interstate_c":null,"loaddate":1474003130000,"mtfcc_code":"S1200","name":"E Dupont Ave","objectid":24178540,"permanent_identifier":"3f1ffef6-5e07-4659-a838-3b0a57903671","real_world_relation":"REFERENCE_ONLY","shape_Length":56.7650550547446,"source_datadesc":"2016 January MAFTIGER","source_datasetid":"{9298FF95-0FA8-4712-9AA5-9292C907CA63}","source_featureid":"1104469613929","source_id":"REF-KANAWHA-SECONDARY-ROADS","source_originator":"U.S. Department of Commerce, U.S. Census Bureau, Geography Division","state_route":null,"state_route_a":null,"state_route_b":null,"state_route_c":null,"stco_fipscode":"54039","tnmfrc":2,"us_route":"60","us_route_a":"60","us_route_b":null,"us_route_c":null},"type":"Feature"},{"geometry":{"coordinates":[[-81.560148,38.289524],[-81.559598,38.290837],[-81.559151,38.291859],[-81.558228,38.29412],[-81.557502,38.295914],[-81.557279,38.296506],[-81.557093,38.297032],[-81.556547,38.298632]],"type":"LineString"},"id":"REF-KANAWHA-SECONDARY-ROADS-334","properties":{"canon_status":"REAL_REFERENCE","county_route":null,"federal_lands_route":null,"fictionality":"REAL","globalid":"{97D1919B-7AC7-4511-9A5A-212BF2616B72}","interstate":null,"interstate_a":null,"interstate_b":null,"interstate_c":null,"loaddate":1568217705000,"mtfcc_code":"S1200","name":"Kanawha St","objectid":24265735,"permanent_identifier":"d8e6f1da-4441-46a9-a5fd-0442eb3c5804","real_world_relation":"REFERENCE_ONLY","shape_Length":1352.956557093341,"source_datadesc":"2018 May MAF/TIGER","source_datasetid":"{9298FF95-0FA8-4712-9AA5-9292C907CA63}","source_featureid":"1101747016794","source_id":"REF-KANAWHA-SECONDARY-ROADS","source_originator":"U.S. Department of Commerce, U.S. Census Bureau, Geography Division","state_route":null,"state_route_a":null,"state_route_b":null,"state_route_c":null,"stco_fipscode":"54039","tnmfrc":2,"us_route":"60","us_route_a":"60","us_route_b":null,"us_route_c":null},"type":"Feature"},{"geometry":{"coordinates":[[-81.644699,38.363181],[-81.6449,38.363438],[-81.645084,38.36366],[-81.645131,38.363722]],"type":"LineString"},"id":"REF-KANAWHA-SECONDARY-ROADS-335","properties":{"canon_status":"REAL_REFERENCE","county_route":null,"federal_lands_route":null,"fictionality":"REAL","globalid":"{75A77B12-AFA7-4150-9C9A-349BDAB5E9FE}","interstate":null,"interstate_a":null,"interstate_b":null,"interstate_c":null,"loaddate":1474002007000,"mtfcc_code":"S1200","name":"Lee St W","objectid":24306811,"permanent_identifier":"75865321-f158-4881-97a7-4f30a1058c4d","real_world_relation":"REFERENCE_ONLY","shape_Length":90.63022352013218,"source_datadesc":"2016 January MAFTIGER","source_datasetid":"{9298FF95-0FA8-4712-9AA5-9292C907CA63}","source_featureid":"1101747012322","source_id":"REF-KANAWHA-SECONDARY-ROADS","source_originator":"U.S. Department of Commerce, U.S. Census Bureau, Geography Division","state_route":null,"state_route_a":null,"state_route_b":null,"state_route_c":null,"stco_fipscode":"54039","tnmfrc":2,"us_route":"60","us_route_a":"60","us_route_b":null,"us_route_c":null},"type":"Feature"},{"geometry":{"coordinates":[[-81.64429,38.357117],[-81.644434,38.356971],[-81.644674,38.356755]],"type":"LineString"},"id":"REF-KANAWHA-SECONDARY-ROADS-336","properties":{"canon_status":"REAL_REFERENCE","county_route":null,"federal_lands_route":null,"fictionality":"REAL","globalid":"{EC0D9678-0197-4013-B6F3-63E14CF12439}","interstate":null,"interstate_a":"","interstate_b":"","interstate_c":"","loaddate":1673511277000,"mtfcc_code":"S1200","name":"Pennsylvania Ave","objectid":24393739,"permanent_identifier":"657b8077-e783-4bd7-adf0-062448091d3f","real_world_relation":"REFERENCE_ONLY","shape_Length":66.87155749502956,"source_datadesc":"2022 September MAF/TIGER","source_datasetid":"{9298FF95-0FA8-4712-9AA5-9292C907CA63}","source_featureid":"1105089007675","source_id":"REF-KANAWHA-SECONDARY-ROADS","source_originator":"U.S. Department of Commerce, U.S. Census Bureau, Geography Division","state_route":null,"state_route_a":"","state_route_b":"","state_route_c":"","stco_fipscode":"54039","tnmfrc":2,"us_route":"119","us_route_a":"119","us_route_b":"","us_route_c":""},"type":"Feature"},{"geometry":{"coordinates":[[-81.630381,38.360213],[-81.630272,38.360124],[-81.630191,38.360074]],"type":"LineString"},"id":"REF-KANAWHA-SECONDARY-ROADS-337","properties":{"canon_status":"REAL_REFERENCE","county_route":null,"federal_lands_route":null,"fictionality":"REAL","globalid":"{2A5ECC49-F796-4388-BCE0-D04C28D46F61}","interstate":null,"interstate_a":null,"interstate_b":null,"interstate_c":null,"loaddate":1474001292000,"mtfcc_code":"S1200","name":"US Hwy 119","objectid":24434453,"permanent_identifier":"12bfa175-9799-4f25-aacf-b33036bb640e","real_world_relation":"REFERENCE_ONLY","shape_Length":28.993485416562905,"source_datadesc":"2016 January MAFTIGER","source_datasetid":"{9298FF95-0FA8-4712-9AA5-9292C907CA63}","source_featureid":"1101747011823","source_id":"REF-KANAWHA-SECONDARY-ROADS","source_originator":"U.S. Department of Commerce, U.S. Census Bureau, Geography Division","state_route":null,"state_route_a":null,"state_route_b":null,"state_route_c":null,"stco_fipscode":"54039","tnmfrc":2,"us_route":"119","us_route_a":"119","us_route_b":null,"us_route_c":null},"type":"Feature"},{"geometry":{"coordinates":[[-81.640687,38.357634],[-81.640755,38.357755],[-81.640811,38.35787],[-81.640848,38.357944],[-81.640934,38.35812],[-81.641005,38.358254]],"type":"LineString"},"id":"REF-KANAWHA-SECONDARY-ROADS-338","properties":{"canon_status":"REAL_REFERENCE","county_route":null,"federal_lands_route":null,"fictionality":"REAL","globalid":"{35A6891B-80B2-4CA1-AB57-B13E057FFB51}","interstate":null,"interstate_a":null,"interstate_b":null,"interstate_c":null,"loaddate":1474001700000,"mtfcc_code":"S1200","name":"Lee St Brg","objectid":24434480,"permanent_identifier":"e18eac23-6c76-4083-a374-50f5ba252ead","real_world_relation":"REFERENCE_ONLY","shape_Length":94.88679442523153,"source_datadesc":"2016 January MAFTIGER","source_datasetid":"{9298FF95-0FA8-4712-9AA5-9292C907CA63}","source_featureid":"1101747015568","source_id":"REF-KANAWHA-SECONDARY-ROADS","source_originator":"U.S. Department of Commerce, U.S. Census Bureau, Geography Division","state_route":null,"state_route_a":null,"state_route_b":null,"state_route_c":null,"stco_fipscode":"54039","tnmfrc":2,"us_route":"60","us_route_a":"60","us_route_b":null,"us_route_c":null},"type":"Feature"},{"geometry":{"coordinates":[[-81.665408,38.370854],[-81.665142,38.37116],[-81.664999,38.371334]],"type":"LineString"},"id":"REF-KANAWHA-SECONDARY-ROADS-339","properties":{"canon_status":"REAL_REFERENCE","county_route":null,"federal_lands_route":null,"fictionality":"REAL","globalid":"{630212B6-1AD7-4BBE-ABA2-BEE2B24FF47A}","interstate":null,"interstate_a":null,"interstate_b":null,"interstate_c":null,"loaddate":1474001464000,"mtfcc_code":"S1200","name":"Patrick St","objectid":24434572,"permanent_identifier":"0bb114ff-ced0-4bab-8057-cb0163878833","real_world_relation":"REFERENCE_ONLY","shape_Length":81.96938630217957,"source_datadesc":"2016 January MAFTIGER","source_datasetid":"{9298FF95-0FA8-4712-9AA5-9292C907CA63}","source_featureid":"1101747017055","source_id":"REF-KANAWHA-SECONDARY-ROADS","source_originator":"U.S. Department of Commerce, U.S. Census Bureau, Geography Division","state_route":null,"state_route_a":null,"state_route_b":null,"state_route_c":null,"stco_fipscode":"54039","tnmfrc":2,"us_route":"60","us_route_a":"60","us_route_b":null,"us_route_c":null},"type":"Feature"},{"geometry":{"coordinates":[[-81.616061,38.3402],[-81.615595,38.339944]],"type":"LineString"},"id":"REF-KANAWHA-SECONDARY-ROADS-340","properties":{"canon_status":"REAL_REFERENCE","county_route":null,"federal_lands_route":null,"fictionality":"REAL","globalid":"{2CF6C0BA-E7BA-4E99-95C2-E3961E693BEF}","interstate":null,"interstate_a":null,"interstate_b":null,"interstate_c":null,"loaddate":1474003098000,"mtfcc_code":"S1200","name":"Washington St E","objectid":24434573,"permanent_identifier":"88ed89d4-3ba6-40ae-91c8-4b66a61ee985","real_world_relation":"REFERENCE_ONLY","shape_Length":63.33335565921871,"source_datadesc":"2016 January MAFTIGER","source_datasetid":"{9298FF95-0FA8-4712-9AA5-9292C907CA63}","source_featureid":"1101747019658","source_id":"REF-KANAWHA-SECONDARY-ROADS","source_originator":"U.S. Department of Commerce, U.S. Census Bureau, Geography Division","state_route":null,"state_route_a":null,"state_route_b":null,"state_route_c":null,"stco_fipscode":"54039","tnmfrc":2,"us_route":"60","us_route_a":"60","us_route_b":null,"us_route_c":null},"type":"Feature"},{"geometry":{"coordinates":[[-81.556004,38.300077],[-81.555937,38.300401],[-81.55591,38.300579]],"type":"LineString"},"id":"REF-KANAWHA-SECONDARY-ROADS-341","properties":{"canon_status":"REAL_REFERENCE","county_route":null,"federal_lands_route":null,"fictionality":"REAL","globalid":"{FEA0449B-FFD0-4E53-8A45-CF5230BAC3D3}","interstate":null,"interstate_a":null,"interstate_b":null,"interstate_c":null,"loaddate":1474003190000,"mtfcc_code":"S1200","name":"Kanawha Ave","objectid":24562775,"permanent_identifier":"62dd9b5d-94bb-4e18-839a-9aeead86acb6","real_world_relation":"REFERENCE_ONLY","shape_Length":71.9879139069996,"source_datadesc":"2016 January MAFTIGER","source_datasetid":"{9298FF95-0FA8-4712-9AA5-9292C907CA63}","source_featureid":"1101747016795","source_id":"REF-KANAWHA-SECONDARY-ROADS","source_originator":"U.S. Department of Commerce, U.S. Census Bureau, Geography Division","state_route":null,"state_route_a":null,"state_route_b":null,"state_route_c":null,"stco_fipscode":"54039","tnmfrc":2,"us_route":"60","us_route_a":"60","us_route_b":null,"us_route_c":null},"type":"Feature"},{"geometry":{"coordinates":[[-81.653378,38.346266],[-81.654934,38.345612]],"type":"LineString"},"id":"REF-KANAWHA-SECONDARY-ROADS-342","properties":{"canon_status":"REAL_REFERENCE","county_route":null,"federal_lands_route":null,"fictionality":"REAL","globalid":"{8C3AED85-ACBC-4A24-A771-E6B0FE768848}","interstate":null,"interstate_a":null,"interstate_b":null,"interstate_c":null,"loaddate":1568217705000,"mtfcc_code":"S1200","name":"US Hwy 119","objectid":24649801,"permanent_identifier":"4bd50124-35d1-4a5e-a6a2-ea6e63f03b9c","real_world_relation":"REFERENCE_ONLY","shape_Length":196.51929084024198,"source_datadesc":"2018 May MAF/TIGER","source_datasetid":"{9298FF95-0FA8-4712-9AA5-9292C907CA63}","source_featureid":"1101747011827","source_id":"REF-KANAWHA-SECONDARY-ROADS","source_originator":"U.S. Department of Commerce, U.S. Census Bureau, Geography Division","state_route":null,"state_route_a":null,"state_route_b":null,"state_route_c":null,"stco_fipscode":"54039","tnmfrc":2,"us_route":"119","us_route_a":"119","us_route_b":null,"us_route_c":null},"type":"Feature"},{"geometry":{"coordinates":[[-81.64429,38.357117],[-81.643828,38.357352]],"type":"LineString"},"id":"REF-KANAWHA-SECONDARY-ROADS-343","properties":{"canon_status":"REAL_REFERENCE","county_route":null,"federal_lands_route":null,"fictionality":"REAL","globalid":"{6708DA97-E105-4B70-AEF1-64915E7EA1A7}","interstate":null,"interstate_a":null,"interstate_b":null,"interstate_c":null,"loaddate":1568217705000,"mtfcc_code":"S1200","name":"Pennsylvania Ave","objectid":24649808,"permanent_identifier":"c6d59d90-55fb-451b-9750-d402865e6199","real_world_relation":"REFERENCE_ONLY","shape_Length":61.302094030442426,"source_datadesc":"2016 January MAFTIGER","source_datasetid":"{9298FF95-0FA8-4712-9AA5-9292C907CA63}","source_featureid":"1101747020370","source_id":"REF-KANAWHA-SECONDARY-ROADS","source_originator":"U.S. Department of Commerce, U.S. Census Bureau, Geography Division","state_route":null,"state_route_a":null,"state_route_b":null,"state_route_c":null,"stco_fipscode":"54039","tnmfrc":2,"us_route":"119","us_route_a":"119","us_route_b":null,"us_route_c":null},"type":"Feature"},{"geometry":{"coordinates":[[-81.669065,38.342271],[-81.669263,38.342368],[-81.670076,38.342743],[-81.670407,38.342874],[-81.670746,38.342992],[-81.671269,38.34314],[-81.671392,38.34317],[-81.671556,38.343204]],"type":"LineString"},"id":"REF-KANAWHA-SECONDARY-ROADS-344","properties":{"canon_status":"REAL_REFERENCE","county_route":null,"federal_lands_route":null,"fictionality":"REAL","globalid":"{2D8D947C-A785-483D-B326-CB22544127CE}","interstate":null,"interstate_a":null,"interstate_b":null,"interstate_c":null,"loaddate":1568217705000,"mtfcc_code":"S1200","name":"US Hwy 119","objectid":24649833,"permanent_identifier":"de6b587d-660a-4c2e-b765-5f1a3817b25f","real_world_relation":"REFERENCE_ONLY","shape_Length":308.65620451798327,"source_datadesc":"2018 May MAF/TIGER","source_datasetid":"{9298FF95-0FA8-4712-9AA5-9292C907CA63}","source_featureid":"1101747011827","source_id":"REF-KANAWHA-SECONDARY-ROADS","source_originator":"U.S. Department of Commerce, U.S. Census Bureau, Geography Division","state_route":null,"state_route_a":null,"state_route_b":null,"state_route_c":null,"stco_fipscode":"54039","tnmfrc":2,"us_route":"119","us_route_a":"119","us_route_b":null,"us_route_c":null},"type":"Feature"},{"geometry":{"coordinates":[[-81.66804,38.367208],[-81.667903,38.367433],[-81.667558,38.367894]],"type":"LineString"},"id":"REF-KANAWHA-SECONDARY-ROADS-345","properties":{"canon_status":"REAL_REFERENCE","county_route":null,"federal_lands_route":null,"fictionality":"REAL","globalid":"{8B19C2B3-1C2D-4885-9FF1-45940D22B68A}","interstate":null,"interstate_a":null,"interstate_b":null,"interstate_c":null,"loaddate":1474002417000,"mtfcc_code":"S1200","name":"Patrick St","objectid":24690656,"permanent_identifier":"8246e340-72da-44e0-99a3-8ce01a570932","real_world_relation":"REFERENCE_ONLY","shape_Length":111.28796314346759,"source_datadesc":"2016 January MAFTIGER","source_datasetid":"{9298FF95-0FA8-4712-9AA5-9292C907CA63}","source_featureid":"1101747017054","source_id":"REF-KANAWHA-SECONDARY-ROADS","source_originator":"U.S. Department of Commerce, U.S. Census Bureau, Geography Division","state_route":null,"state_route_a":null,"state_route_b":null,"state_route_c":null,"stco_fipscode":"54039","tnmfrc":2,"us_route":"60","us_route_a":"60","us_route_b":null,"us_route_c":null},"type":"Feature"},{"geometry":{"coordinates":[[-81.622412,38.36142],[-81.622869,38.361353],[-81.62293,38.36134]],"type":"LineString"},"id":"REF-KANAWHA-SECONDARY-ROADS-346","properties":{"canon_status":"REAL_REFERENCE","county_route":null,"federal_lands_route":null,"fictionality":"REAL","globalid":"{E32B20AA-2B23-452F-82F5-F11C9606ED60}","interstate":null,"interstate_a":null,"interstate_b":null,"interstate_c":null,"loaddate":1474001912000,"mtfcc_code":"S1200","name":"Bigley Ave","objectid":24690679,"permanent_identifier":"beebf604-651c-4037-8045-2df633a72571","real_world_relation":"REFERENCE_ONLY","shape_Length":58.791438462526884,"source_datadesc":"2016 January MAFTIGER","source_datasetid":"{9298FF95-0FA8-4712-9AA5-9292C907CA63}","source_featureid":"1101747015031","source_id":"REF-KANAWHA-SECONDARY-ROADS","source_originator":"U.S. Department of Commerce, U.S. Census Bureau, Geography Division","state_route":null,"state_route_a":null,"state_route_b":null,"state_route_c":null,"stco_fipscode":"54039","tnmfrc":2,"us_route":"119","us_route_a":"119","us_route_b":null,"us_route_c":null},"type":"Feature"},{"geometry":{"coordinates":[[-81.464921,38.211135],[-81.464806,38.211229],[-81.464559,38.211409]],"type":"LineString"},"id":"REF-KANAWHA-SECONDARY-ROADS-347","properties":{"canon_status":"REAL_REFERENCE","county_route":null,"federal_lands_route":null,"fictionality":"REAL","globalid":"{080E03CF-4B30-4A8C-88F1-1E21CE52C918}","interstate":null,"interstate_a":null,"interstate_b":null,"interstate_c":null,"loaddate":1474003130000,"mtfcc_code":"S1200","name":"E Dupont Ave","objectid":24691019,"permanent_identifier":"93c6a9b5-6396-4443-a9a2-4aa2bb1adc1d","real_world_relation":"REFERENCE_ONLY","shape_Length":55.97414727647393,"source_datadesc":"2016 January MAFTIGER","source_datasetid":"{9298FF95-0FA8-4712-9AA5-9292C907CA63}","source_featureid":"1104469613929","source_id":"REF-KANAWHA-SECONDARY-ROADS","source_originator":"U.S. Department of Commerce, U.S. Census Bureau, Geography Division","state_route":null,"state_route_a":null,"state_route_b":null,"state_route_c":null,"stco_fipscode":"54039","tnmfrc":2,"us_route":"60","us_route_a":"60","us_route_b":null,"us_route_c":null},"type":"Feature"},{"geometry":{"coordinates":[[-81.630598,38.360389],[-81.630381,38.360213]],"type":"LineString"},"id":"REF-KANAWHA-SECONDARY-ROADS-348","properties":{"canon_status":"REAL_REFERENCE","county_route":null,"federal_lands_route":null,"fictionality":"REAL","globalid":"{948F07EA-7120-4A5D-B674-B30084E39724}","interstate":null,"interstate_a":null,"interstate_b":null,"interstate_c":null,"loaddate":1474001917000,"mtfcc_code":"S1200","name":"Bigley Ave","objectid":24947242,"permanent_identifier":"eaf249f8-36c2-4ec9-b1df-38d0a74eba3d","real_world_relation":"REFERENCE_ONLY","shape_Length":34.753947315181904,"source_datadesc":"2016 January MAFTIGER","source_datasetid":"{9298FF95-0FA8-4712-9AA5-9292C907CA63}","source_featureid":"1101747015032","source_id":"REF-KANAWHA-SECONDARY-ROADS","source_originator":"U.S. Department of Commerce, U.S. Census Bureau, Geography Division","state_route":null,"state_route_a":null,"state_route_b":null,"state_route_c":null,"stco_fipscode":"54039","tnmfrc":2,"us_route":"119","us_route_a":"119","us_route_b":null,"us_route_c":null},"type":"Feature"},{"geometry":{"coordinates":[[-81.665408,38.370854],[-81.665547,38.370823],[-81.665609,38.370818],[-81.665671,38.370818],[-81.665733,38.370824]],"type":"LineString"},"id":"REF-KANAWHA-SECONDARY-ROADS-349","properties":{"canon_status":"REAL_REFERENCE","county_route":null,"federal_lands_route":null,"fictionality":"REAL","globalid":"{A21441A3-D7F5-4282-8724-D13F80C54849}","interstate":null,"interstate_a":null,"interstate_b":null,"interstate_c":null,"loaddate":1474001944000,"mtfcc_code":"S1200","name":"5th Ave","objectid":24947329,"permanent_identifier":"f23a7f82-69b7-4219-bb2f-46027d53bbe9","real_world_relation":"REFERENCE_ONLY","shape_Length":36.88145800100176,"source_datadesc":"2016 January MAFTIGER","source_datasetid":"{9298FF95-0FA8-4712-9AA5-9292C907CA63}","source_featureid":"1101747012031","source_id":"REF-KANAWHA-SECONDARY-ROADS","source_originator":"U.S. Department of Commerce, U.S. Census Bureau, Geography Division","state_route":null,"state_route_a":null,"state_route_b":null,"state_route_c":null,"stco_fipscode":"54039","tnmfrc":2,"us_route":"60","us_route_a":"60","us_route_b":null,"us_route_c":null},"type":"Feature"},{"geometry":{"coordinates":[[-81.564302,38.269322],[-81.564326,38.268989],[-81.564424,38.26798]],"type":"LineString"},"id":"REF-KANAWHA-SECONDARY-ROADS-350","properties":{"canon_status":"REAL_REFERENCE","county_route":null,"federal_lands_route":null,"fictionality":"REAL","globalid":"{237B5597-77B7-41CC-80CD-B9C0238EFE78}","interstate":null,"interstate_a":null,"interstate_b":null,"interstate_c":null,"loaddate":1568217705000,"mtfcc_code":"S1200","name":"US Hwy 60","objectid":25034760,"permanent_identifier":"adcfd6d8-3ad9-4bbf-92b8-8ba9b73d0d44","real_world_relation":"REFERENCE_ONLY","shape_Length":190.8349018409275,"source_datadesc":"2018 May MAF/TIGER","source_datasetid":"{9298FF95-0FA8-4712-9AA5-9292C907CA63}","source_featureid":"1101747011699","source_id":"REF-KANAWHA-SECONDARY-ROADS","source_originator":"U.S. Department of Commerce, U.S. Census Bureau, Geography Division","state_route":null,"state_route_a":null,"state_route_b":null,"state_route_c":null,"stco_fipscode":"54039","tnmfrc":2,"us_route":"60","us_route_a":"60","us_route_b":null,"us_route_c":null},"type":"Feature"},{"geometry":{"coordinates":[[-81.650349,38.348706],[-81.650666,38.348358],[-81.650963,38.347991]],"type":"LineString"},"id":"REF-KANAWHA-SECONDARY-ROADS-351","properties":{"canon_status":"REAL_REFERENCE","county_route":null,"federal_lands_route":null,"fictionality":"REAL","globalid":"{3EC36E97-D7D7-4DFD-943C-F491774EADA3}","interstate":null,"interstate_a":null,"interstate_b":null,"interstate_c":null,"loaddate":1568217705000,"mtfcc_code":"S1200","name":"US Hwy 119","objectid":25162658,"permanent_identifier":"80152fc6-3962-4694-8675-46516eaec623","real_world_relation":"REFERENCE_ONLY","shape_Length":122.40552294231696,"source_datadesc":"2018 May MAF/TIGER","source_datasetid":"{9298FF95-0FA8-4712-9AA5-9292C907CA63}","source_featureid":"1101747011827","source_id":"REF-KANAWHA-SECONDARY-ROADS","source_originator":"U.S. Department of Commerce, U.S. Census Bureau, Geography Division","state_route":null,"state_route_a":null,"state_route_b":null,"state_route_c":null,"stco_fipscode":"54039","tnmfrc":2,"us_route":"119","us_route_a":"119","us_route_b":null,"us_route_c":null},"type":"Feature"},{"geometry":{"coordinates":[[-81.650931,38.348207],[-81.650674,38.348507],[-81.650505,38.348714]],"type":"LineString"},"id":"REF-KANAWHA-SECONDARY-ROADS-352","properties":{"canon_status":"REAL_REFERENCE","county_route":null,"federal_lands_route":null,"fictionality":"REAL","globalid":"{DA89E183-F74F-4737-941F-245B7167F818}","interstate":null,"interstate_a":null,"interstate_b":null,"interstate_c":null,"loaddate":1568217705000,"mtfcc_code":"S1200","name":"US Hwy 119","objectid":25162659,"permanent_identifier":"66ae4a30-98e0-4a50-9f74-86142daf6377","real_world_relation":"REFERENCE_ONLY","shape_Length":86.08723604300151,"source_datadesc":"2018 May MAF/TIGER","source_datasetid":"{9298FF95-0FA8-4712-9AA5-9292C907CA63}","source_featureid":"1101747011817","source_id":"REF-KANAWHA-SECONDARY-ROADS","source_originator":"U.S. Department of Commerce, U.S. Census Bureau, Geography Division","state_route":null,"state_route_a":null,"state_route_b":null,"state_route_c":null,"stco_fipscode":"54039","tnmfrc":2,"us_route":"119","us_route_a":"119","us_route_b":null,"us_route_c":null},"type":"Feature"},{"geometry":{"coordinates":[[-81.487998,38.200514],[-81.487376,38.200744]],"type":"LineString"},"id":"REF-KANAWHA-SECONDARY-ROADS-353","properties":{"canon_status":"REAL_REFERENCE","county_route":null,"federal_lands_route":null,"fictionality":"REAL","globalid":"{EC5A817E-FD0F-4C24-9388-0632899E502E}","interstate":null,"interstate_a":null,"interstate_b":null,"interstate_c":null,"loaddate":1474002476000,"mtfcc_code":"S1200","name":"E Dupont Ave","objectid":25203672,"permanent_identifier":"abe6cf46-47fd-487e-a894-75b6d0bebcb0","real_world_relation":"REFERENCE_ONLY","shape_Length":76.52300329334989,"source_datadesc":"2016 January MAFTIGER","source_datasetid":"{9298FF95-0FA8-4712-9AA5-9292C907CA63}","source_featureid":"1101747015239","source_id":"REF-KANAWHA-SECONDARY-ROADS","source_originator":"U.S. Department of Commerce, U.S. Census Bureau, Geography Division","state_route":null,"state_route_a":null,"state_route_b":null,"state_route_c":null,"stco_fipscode":"54039","tnmfrc":2,"us_route":"60","us_route_a":"60","us_route_b":null,"us_route_c":null},"type":"Feature"},{"geometry":{"coordinates":[[-81.663375,38.341559],[-81.662518,38.341877],[-81.660583,38.342548],[-81.660165,38.342706],[-81.659755,38.342877],[-81.659234,38.343118],[-81.658908,38.343286],[-81.658593,38.343464],[-81.65822,38.343695],[-81.657961,38.34387]],"type":"LineString"},"id":"REF-KANAWHA-SECONDARY-ROADS-354","properties":{"canon_status":"REAL_REFERENCE","county_route":null,"federal_lands_route":null,"fictionality":"REAL","globalid":"{1FDEF4BB-3D8C-4F57-BEF0-8AC9486C54A0}","interstate":null,"interstate_a":null,"interstate_b":null,"interstate_c":null,"loaddate":1568217705000,"mtfcc_code":"S1200","name":"US Hwy 119","objectid":25290877,"permanent_identifier":"e8c6bc2d-70e8-4e9a-bf8d-e886881d099d","real_world_relation":"REFERENCE_ONLY","shape_Length":689.3389928483517,"source_datadesc":"2016 January MAFTIGER","source_datasetid":"{9298FF95-0FA8-4712-9AA5-9292C907CA63}","source_featureid":"1101747011818","source_id":"REF-KANAWHA-SECONDARY-ROADS","source_originator":"U.S. Department of Commerce, U.S. Census Bureau, Geography Division","state_route":null,"state_route_a":null,"state_route_b":null,"state_route_c":null,"stco_fipscode":"54039","tnmfrc":2,"us_route":"119","us_route_a":"119","us_route_b":null,"us_route_c":null},"type":"Feature"},{"geometry":{"coordinates":[[-81.660603,38.371626],[-81.661049,38.371886]],"type":"LineString"},"id":"REF-KANAWHA-SECONDARY-ROADS-355","properties":{"canon_status":"REAL_REFERENCE","county_route":null,"federal_lands_route":null,"fictionality":"REAL","globalid":"{FD806F3E-C698-4B7C-A549-B6D343876426}","interstate":null,"interstate_a":null,"interstate_b":null,"interstate_c":null,"loaddate":1568217705000,"mtfcc_code":"S1200","name":"Washington St W","objectid":25290953,"permanent_identifier":"6ef2641d-bd15-47f1-8c86-d4b698f5fcb5","real_world_relation":"REFERENCE_ONLY","shape_Length":61.86964690333384,"source_datadesc":"2016 January MAFTIGER","source_datasetid":"{9298FF95-0FA8-4712-9AA5-9292C907CA63}","source_featureid":"1101747019661","source_id":"REF-KANAWHA-SECONDARY-ROADS","source_originator":"U.S. Department of Commerce, U.S. Census Bureau, Geography Division","state_route":null,"state_route_a":null,"state_route_b":null,"state_route_c":null,"stco_fipscode":"54039","tnmfrc":2,"us_route":"60","us_route_a":"60","us_route_b":null,"us_route_c":null},"type":"Feature"},{"geometry":{"coordinates":[[-81.634719,38.360577],[-81.634447,38.360553]],"type":"LineString"},"id":"REF-KANAWHA-SECONDARY-ROADS-356","properties":{"canon_status":"REAL_REFERENCE","county_route":null,"federal_lands_route":null,"fictionality":"REAL","globalid":"{1BD9CE5A-10B5-4765-AD36-1B3173696399}","interstate":null,"interstate_a":null,"interstate_b":null,"interstate_c":null,"loaddate":1474001917000,"mtfcc_code":"S1200","name":"Bigley Ave","objectid":25332199,"permanent_identifier":"b4aad5bb-1e78-4003-b94f-78c79107532e","real_world_relation":"REFERENCE_ONLY","shape_Length":30.469998311955873,"source_datadesc":"2016 January MAFTIGER","source_datasetid":"{9298FF95-0FA8-4712-9AA5-9292C907CA63}","source_featureid":"1101747015032","source_id":"REF-KANAWHA-SECONDARY-ROADS","source_originator":"U.S. Department of Commerce, U.S. Census Bureau, Geography Division","state_route":null,"state_route_a":null,"state_route_b":null,"state_route_c":null,"stco_fipscode":"54039","tnmfrc":2,"us_route":"119","us_route_a":"119","us_route_b":null,"us_route_c":null},"type":"Feature"},{"geometry":{"coordinates":[[-81.642153,38.360021],[-81.642446,38.36039]],"type":"LineString"},"id":"REF-KANAWHA-SECONDARY-ROADS-357","properties":{"canon_status":"REAL_REFERENCE","county_route":null,"federal_lands_route":null,"fictionality":"REAL","globalid":"{3C00BEAE-30B5-40F2-9BC0-34965CDA218B}","interstate":null,"interstate_a":null,"interstate_b":null,"interstate_c":null,"loaddate":1474002007000,"mtfcc_code":"S1200","name":"Lee St W","objectid":25332265,"permanent_identifier":"09b2c123-c59f-4b25-b5dd-4fe77f9833ad","real_world_relation":"REFERENCE_ONLY","shape_Length":61.7098384396774,"source_datadesc":"2016 January MAFTIGER","source_datasetid":"{9298FF95-0FA8-4712-9AA5-9292C907CA63}","source_featureid":"1101747012322","source_id":"REF-KANAWHA-SECONDARY-ROADS","source_originator":"U.S. Department of Commerce, U.S. Census Bureau, Geography Division","state_route":null,"state_route_a":null,"state_route_b":null,"state_route_c":null,"stco_fipscode":"54039","tnmfrc":2,"us_route":"60","us_route_a":"60","us_route_b":null,"us_route_c":null},"type":"Feature"},{"geometry":{"coordinates":[[-81.649064,38.355064],[-81.649115,38.355053],[-81.64923,38.355005],[-81.649445,38.354932],[-81.64969,38.354864],[-81.649941,38.354811],[-81.650126,38.354809],[-81.650356,38.354819],[-81.650395,38.354823],[-81.650585,38.354842],[-81.650794,38.354876]],"type":"LineString"},"id":"REF-KANAWHA-SECONDARY-ROADS-358","properties":{"canon_status":"REAL_REFERENCE","county_route":null,"federal_lands_route":null,"fictionality":"REAL","globalid":"{80F4C78D-7980-4680-8AB2-1F846C39A756}","interstate":null,"interstate_a":null,"interstate_b":null,"interstate_c":null,"loaddate":1568217705000,"mtfcc_code":"S1200","name":"US Hwy 119","objectid":25419192,"permanent_identifier":"866a33ed-4704-4e15-ae58-4dcbe607eaa1","real_world_relation":"REFERENCE_ONLY","shape_Length":200.03920687683203,"source_datadesc":"2016 January MAFTIGER","source_datasetid":"{9298FF95-0FA8-4712-9AA5-9292C907CA63}","source_featureid":"1101747011819","source_id":"REF-KANAWHA-SECONDARY-ROADS","source_originator":"U.S. Department of Commerce, U.S. Census Bureau, Geography Division","state_route":null,"state_route_a":null,"state_route_b":null,"state_route_c":null,"stco_fipscode":"54039","tnmfrc":2,"us_route":"119","us_route_a":"119","us_route_b":null,"us_route_c":null},"type":"Feature"},{"geometry":{"coordinates":[[-81.564424,38.26798],[-81.564425,38.267997],[-81.56446,38.269331],[-81.564345,38.270927],[-81.564243,38.272566],[-81.564183,38.273331],[-81.564051,38.274762],[-81.564008,38.275273],[-81.563842,38.278078],[-81.56381,38.278505],[-81.563759,38.278934],[-81.563688,38.279369],[-81.563563,38.280011],[-81.56342,38.280651],[-81.563314,38.281073]],"type":"LineString"},"id":"REF-KANAWHA-SECONDARY-ROADS-359","properties":{"canon_status":"REAL_REFERENCE","county_route":null,"federal_lands_route":null,"fictionality":"REAL","globalid":"{4DA0E3C4-501F-4A52-A943-1B10127F85A2}","interstate":null,"interstate_a":null,"interstate_b":null,"interstate_c":null,"loaddate":1568217705000,"mtfcc_code":"S1200","name":"Kanawha St","objectid":25547489,"permanent_identifier":"c5e397c3-d62c-4280-9a87-e21d6a7d3be2","real_world_relation":"REFERENCE_ONLY","shape_Length":1863.1101592925716,"source_datadesc":"2018 May MAF/TIGER","source_datasetid":"{9298FF95-0FA8-4712-9AA5-9292C907CA63}","source_featureid":"1101747016794","source_id":"REF-KANAWHA-SECONDARY-ROADS","source_originator":"U.S. Department of Commerce, U.S. Census Bureau, Geography Division","state_route":null,"state_route_a":null,"state_route_b":null,"state_route_c":null,"stco_fipscode":"54039","tnmfrc":2,"us_route":"60","us_route_a":"60","us_route_b":null,"us_route_c":null},"type":"Feature"},{"geometry":{"coordinates":[[-81.632493,38.349829],[-81.632078,38.349499],[-81.63122,38.34884],[-81.630783,38.348496]],"type":"LineString"},"id":"REF-KANAWHA-SECONDARY-ROADS-360","properties":{"canon_status":"REAL_REFERENCE","county_route":null,"federal_lands_route":null,"fictionality":"REAL","globalid":"{E3DCEC1B-3581-4D97-8EE1-FD4179426332}","interstate":null,"interstate_a":null,"interstate_b":null,"interstate_c":null,"loaddate":1474002626000,"mtfcc_code":"S1200","name":"Lee St E","objectid":25588311,"permanent_identifier":"5f42600a-d87a-4ea8-a8a4-7c1a839a09db","real_world_relation":"REFERENCE_ONLY","shape_Length":268.40477390817944,"source_datadesc":"2016 January MAFTIGER","source_datasetid":"{9298FF95-0FA8-4712-9AA5-9292C907CA63}","source_featureid":"1101747012316","source_id":"REF-KANAWHA-SECONDARY-ROADS","source_originator":"U.S. Department of Commerce, U.S. Census Bureau, Geography Division","state_route":null,"state_route_a":null,"state_route_b":null,"state_route_c":null,"stco_fipscode":"54039","tnmfrc":2,"us_route":"60","us_route_a":"60","us_route_b":null,"us_route_c":null},"type":"Feature"},{"geometry":{"coordinates":[[-81.671855,38.363466],[-81.671677,38.363429],[-81.67127,38.36333],[-81.671119,38.363308],[-81.670966,38.363301],[-81.670904,38.363302],[-81.670792,38.363314],[-81.670639,38.36335],[-81.67055,38.363382],[-81.670518,38.363394],[-81.670406,38.363451],[-81.670305,38.363519],[-81.670216,38.363597]],"type":"LineString"},"id":"REF-KANAWHA-SECONDARY-ROADS-361","properties":{"canon_status":"REAL_REFERENCE","county_route":null,"federal_lands_route":null,"fictionality":"REAL","globalid":"{FEFCB9DE-EFB4-44D6-8331-396C3481366A}","interstate":null,"interstate_a":null,"interstate_b":null,"interstate_c":null,"loaddate":1474002150000,"mtfcc_code":"S1200","name":"Maccorkle Ave SW","objectid":25588639,"permanent_identifier":"0d0780c0-a111-4f50-b981-e98ebb3ef581","real_world_relation":"REFERENCE_ONLY","shape_Length":198.75373836633995,"source_datadesc":"2016 January MAFTIGER","source_datasetid":"{9298FF95-0FA8-4712-9AA5-9292C907CA63}","source_featureid":"1101747018889","source_id":"REF-KANAWHA-SECONDARY-ROADS","source_originator":"U.S. Department of Commerce, U.S. Census Bureau, Geography Division","state_route":null,"state_route_a":null,"state_route_b":null,"state_route_c":null,"stco_fipscode":"54039","tnmfrc":2,"us_route":"60","us_route_a":"60","us_route_b":null,"us_route_c":null},"type":"Feature"},{"geometry":{"coordinates":[[-81.482716,38.202439],[-81.481143,38.202883],[-81.480856,38.202976],[-81.480561,38.203093],[-81.480475,38.203131]],"type":"LineString"},"id":"REF-KANAWHA-SECONDARY-ROADS-362","properties":{"canon_status":"REAL_REFERENCE","county_route":null,"federal_lands_route":null,"fictionality":"REAL","globalid":"{2639708E-2307-4727-981B-8AEC1DCF12CD}","interstate":null,"interstate_a":null,"interstate_b":null,"interstate_c":null,"loaddate":1474003130000,"mtfcc_code":"S1200","name":"E Dupont Ave","objectid":25716527,"permanent_identifier":"d4dfc28b-9360-4346-99f4-b3022ae34e3a","real_world_relation":"REFERENCE_ONLY","shape_Length":268.3852480541992,"source_datadesc":"2016 January MAFTIGER","source_datasetid":"{9298FF95-0FA8-4712-9AA5-9292C907CA63}","source_featureid":"1104469613929","source_id":"REF-KANAWHA-SECONDARY-ROADS","source_originator":"U.S. Department of Commerce, U.S. Census Bureau, Geography Division","state_route":null,"state_route_a":null,"state_route_b":null,"state_route_c":null,"stco_fipscode":"54039","tnmfrc":2,"us_route":"60","us_route_a":"60","us_route_b":null,"us_route_c":null},"type":"Feature"},{"geometry":{"coordinates":[[-81.563171,38.281057],[-81.56288,38.282135],[-81.562872,38.28216]],"type":"LineString"},"id":"REF-KANAWHA-SECONDARY-ROADS-363","properties":{"canon_status":"REAL_REFERENCE","county_route":null,"federal_lands_route":null,"fictionality":"REAL","globalid":"{1CADF214-3FE3-48AB-B2BD-23B2AEAD99DD}","interstate":null,"interstate_a":null,"interstate_b":null,"interstate_c":null,"loaddate":1474003190000,"mtfcc_code":"S1200","name":"Kanawha Ave","objectid":25844642,"permanent_identifier":"6be99ffb-4af1-41c7-918c-87047ce4f83e","real_world_relation":"REFERENCE_ONLY","shape_Length":159.92408418117856,"source_datadesc":"2016 January MAFTIGER","source_datasetid":"{9298FF95-0FA8-4712-9AA5-9292C907CA63}","source_featureid":"1101747016795","source_id":"REF-KANAWHA-SECONDARY-ROADS","source_originator":"U.S. Department of Commerce, U.S. Census Bureau, Geography Division","state_route":null,"state_route_a":null,"state_route_b":null,"state_route_c":null,"stco_fipscode":"54039","tnmfrc":2,"us_route":"60","us_route_a":"60","us_route_b":null,"us_route_c":null},"type":"Feature"},{"geometry":{"coordinates":[[-81.654934,38.345612],[-81.65533,38.345443],[-81.655642,38.345299],[-81.655944,38.345144],[-81.656157,38.34501],[-81.656435,38.344825],[-81.65677,38.344584],[-81.657104,38.344324],[-81.657461,38.344054],[-81.657484,38.344037],[-81.657817,38.343804]],"type":"LineString"},"id":"REF-KANAWHA-SECONDARY-ROADS-364","properties":{"canon_status":"REAL_REFERENCE","county_route":null,"federal_lands_route":null,"fictionality":"REAL","globalid":"{2CB92FC4-DA92-4794-B6B8-74BD891B6229}","interstate":null,"interstate_a":null,"interstate_b":null,"interstate_c":null,"loaddate":1568217705000,"mtfcc_code":"S1200","name":"US Hwy 119","objectid":25931709,"permanent_identifier":"e1477f5e-fcbd-44db-9c20-6780201345b2","real_world_relation":"REFERENCE_ONLY","shape_Length":413.039101152484,"source_datadesc":"2016 January MAFTIGER","source_datasetid":"{9298FF95-0FA8-4712-9AA5-9292C907CA63}","source_featureid":"1101747011827","source_id":"REF-KANAWHA-SECONDARY-ROADS","source_originator":"U.S. Department of Commerce, U.S. Census Bureau, Geography Division","state_route":null,"state_route_a":null,"state_route_b":null,"state_route_c":null,"stco_fipscode":"54039","tnmfrc":2,"us_route":"119","us_route_a":"119","us_route_b":null,"us_route_c":null},"type":"Feature"},{"geometry":{"coordinates":[[-81.639388,38.356403],[-81.638598,38.355922]],"type":"LineString"},"id":"REF-KANAWHA-SECONDARY-ROADS-365","properties":{"canon_status":"REAL_REFERENCE","county_route":null,"federal_lands_route":null,"fictionality":"REAL","globalid":"{C892AC41-D7A3-49C5-AF14-725BD19C0262}","interstate":null,"interstate_a":null,"interstate_b":null,"interstate_c":null,"loaddate":1474002625000,"mtfcc_code":"S1200","name":"Lee St E","objectid":25972762,"permanent_identifier":"10555ce6-7829-4a06-8e6e-ad01ca4d2793","real_world_relation":"REFERENCE_ONLY","shape_Length":111.3388004548915,"source_datadesc":"2016 January MAFTIGER","source_datasetid":"{9298FF95-0FA8-4712-9AA5-9292C907CA63}","source_featureid":"1101747012316","source_id":"REF-KANAWHA-SECONDARY-ROADS","source_originator":"U.S. Department of Commerce, U.S. Census Bureau, Geography Division","state_route":null,"state_route_a":null,"state_route_b":null,"state_route_c":null,"stco_fipscode":"54039","tnmfrc":2,"us_route":"60","us_route_a":"60","us_route_b":null,"us_route_c":null},"type":"Feature"},{"geometry":{"coordinates":[[-81.6667,38.36929],[-81.66662,38.369396]],"type":"LineString"},"id":"REF-KANAWHA-SECONDARY-ROADS-366","properties":{"canon_status":"REAL_REFERENCE","county_route":null,"federal_lands_route":null,"fictionality":"REAL","globalid":"{DDF4D618-86DD-4099-8A4B-70C45CFE0283}","interstate":null,"interstate_a":null,"interstate_b":null,"interstate_c":null,"loaddate":1474002007000,"mtfcc_code":"S1200","name":"Patrick St","objectid":25972764,"permanent_identifier":"2838509a-794e-4142-ab9a-3313f0e19684","real_world_relation":"REFERENCE_ONLY","shape_Length":17.487694542427768,"source_datadesc":"2016 January MAFTIGER","source_datasetid":"{9298FF95-0FA8-4712-9AA5-9292C907CA63}","source_featureid":"1101747017055","source_id":"REF-KANAWHA-SECONDARY-ROADS","source_originator":"U.S. Department of Commerce, U.S. Census Bureau, Geography Division","state_route":null,"state_route_a":null,"state_route_b":null,"state_route_c":null,"stco_fipscode":"54039","tnmfrc":2,"us_route":"60","us_route_a":"60","us_route_b":null,"us_route_c":null},"type":"Feature"},{"geometry":{"coordinates":[[-81.580051,38.329753],[-81.579667,38.329579],[-81.579498,38.329484],[-81.579337,38.329379],[-81.579105,38.329218],[-81.578524,38.328774],[-81.577993,38.328377],[-81.577753,38.328204],[-81.577327,38.32791],[-81.576847,38.327607],[-81.576162,38.327191],[-81.575507,38.326816],[-81.574946,38.326502],[-81.574777,38.326412],[-81.57387,38.32591]],"type":"LineString"},"id":"REF-KANAWHA-SECONDARY-ROADS-367","properties":{"canon_status":"REAL_REFERENCE","county_route":null,"federal_lands_route":null,"fictionality":"REAL","globalid":"{63B92B06-12A0-4D83-8742-DC2380096684}","interstate":null,"interstate_a":null,"interstate_b":null,"interstate_c":null,"loaddate":1568217705000,"mtfcc_code":"S1200","name":"Co Rte 60/58","objectid":26059902,"permanent_identifier":"5bacea94-d90d-4e2b-abf4-3f9a3ccf3a41","real_world_relation":"REFERENCE_ONLY","shape_Length":879.9980584289044,"source_datadesc":"2018 May MAF/TIGER","source_datasetid":"{9298FF95-0FA8-4712-9AA5-9292C907CA63}","source_featureid":"1101747013760","source_id":"REF-KANAWHA-SECONDARY-ROADS","source_originator":"U.S. Department of Commerce, U.S. Census Bureau, Geography Division","state_route":null,"state_route_a":null,"state_route_b":null,"state_route_c":null,"stco_fipscode":"54039","tnmfrc":2,"us_route":"60","us_route_a":"60","us_route_b":null,"us_route_c":null},"type":"Feature"},{"geometry":{"coordinates":[[-81.656732,38.369824],[-81.657088,38.369992],[-81.65772,38.370307]],"type":"LineString"},"id":"REF-KANAWHA-SECONDARY-ROADS-368","properties":{"canon_status":"REAL_REFERENCE","county_route":null,"federal_lands_route":null,"fictionality":"REAL","globalid":"{C489E850-C793-41BB-93B5-FD80C861D778}","interstate":null,"interstate_a":null,"interstate_b":null,"interstate_c":null,"loaddate":1568217705000,"mtfcc_code":"S1200","name":"Washington St W","objectid":26059952,"permanent_identifier":"8a14a79b-0f4d-4856-b3f3-b2f1c8a7918c","real_world_relation":"REFERENCE_ONLY","shape_Length":129.62185779452682,"source_datadesc":"2016 January MAFTIGER","source_datasetid":"{9298FF95-0FA8-4712-9AA5-9292C907CA63}","source_featureid":"1101747019661","source_id":"REF-KANAWHA-SECONDARY-ROADS","source_originator":"U.S. Department of Commerce, U.S. Census Bureau, Geography Division","state_route":null,"state_route_a":null,"state_route_b":null,"state_route_c":null,"stco_fipscode":"54039","tnmfrc":2,"us_route":"60","us_route_a":"60","us_route_b":null,"us_route_c":null},"type":"Feature"},{"geometry":{"coordinates":[[-81.663851,38.372678],[-81.663551,38.373036],[-81.6633,38.373323]],"type":"LineString"},"id":"REF-KANAWHA-SECONDARY-ROADS-369","properties":{"canon_status":"REAL_REFERENCE","county_route":null,"federal_lands_route":null,"fictionality":"REAL","globalid":"{50FA36DF-F196-43FB-BA03-8AE2EA8095D6}","interstate":null,"interstate_a":null,"interstate_b":null,"interstate_c":null,"loaddate":1568217705000,"mtfcc_code":"S1200","name":"Patrick St","objectid":26187961,"permanent_identifier":"e656fcfd-2431-4879-906f-716426e617b3","real_world_relation":"REFERENCE_ONLY","shape_Length":110.23221207551325,"source_datadesc":"2016 January MAFTIGER","source_datasetid":"{9298FF95-0FA8-4712-9AA5-9292C907CA63}","source_featureid":"1101747017055","source_id":"REF-KANAWHA-SECONDARY-ROADS","source_originator":"U.S. Department of Commerce, U.S. Census Bureau, Geography Division","state_route":null,"state_route_a":null,"state_route_b":null,"state_route_c":null,"stco_fipscode":"54039","tnmfrc":2,"us_route":"60","us_route_a":"60","us_route_b":null,"us_route_c":null},"type":"Feature"},{"geometry":{"coordinates":[[-81.67102,38.363361],[-81.670879,38.363359],[-81.670758,38.363377],[-81.670641,38.363409],[-81.670531,38.363452],[-81.670479,38.363481]],"type":"LineString"},"id":"REF-KANAWHA-SECONDARY-ROADS-370","properties":{"canon_status":"REAL_REFERENCE","county_route":null,"federal_lands_route":null,"fictionality":"REAL","globalid":"{8704E098-EE96-47B0-B292-FA19A5E2D2AF}","interstate":null,"interstate_a":null,"interstate_b":null,"interstate_c":null,"loaddate":1474002417000,"mtfcc_code":"S1200","name":"Maccorkle Ave SW","objectid":26228627,"permanent_identifier":"12c29b1a-be93-4e48-af1d-cd072348785d","real_world_relation":"REFERENCE_ONLY","shape_Length":63.98857273838195,"source_datadesc":"2016 January MAFTIGER","source_datasetid":"{9298FF95-0FA8-4712-9AA5-9292C907CA63}","source_featureid":"1101747018892","source_id":"REF-KANAWHA-SECONDARY-ROADS","source_originator":"U.S. Department of Commerce, U.S. Census Bureau, Geography Division","state_route":null,"state_route_a":null,"state_route_b":null,"state_route_c":null,"stco_fipscode":"54039","tnmfrc":2,"us_route":"60","us_route_a":"60","us_route_b":null,"us_route_c":null},"type":"Feature"},{"geometry":{"coordinates":[[-81.464391,38.211527],[-81.464358,38.211548],[-81.464098,38.211705],[-81.46406,38.211725],[-81.463999,38.211757],[-81.463956,38.211778]],"type":"LineString"},"id":"REF-KANAWHA-SECONDARY-ROADS-371","properties":{"canon_status":"REAL_REFERENCE","county_route":null,"federal_lands_route":null,"fictionality":"REAL","globalid":"{6E7DF418-CDA0-48AD-92EB-C624D0626B4F}","interstate":null,"interstate_a":null,"interstate_b":null,"interstate_c":null,"loaddate":1474003130000,"mtfcc_code":"S1200","name":"E Dupont Ave","objectid":26228634,"permanent_identifier":"11a5e274-6db6-4b47-9609-66c65511f28c","real_world_relation":"REFERENCE_ONLY","shape_Length":60.12247730727993,"source_datadesc":"2016 January MAFTIGER","source_datasetid":"{9298FF95-0FA8-4712-9AA5-9292C907CA63}","source_featureid":"1104469613929","source_id":"REF-KANAWHA-SECONDARY-ROADS","source_originator":"U.S. Department of Commerce, U.S. Census Bureau, Geography Division","state_route":null,"state_route_a":null,"state_route_b":null,"state_route_c":null,"stco_fipscode":"54039","tnmfrc":2,"us_route":"60","us_route_a":"60","us_route_b":null,"us_route_c":null},"type":"Feature"},{"geometry":{"coordinates":[[-81.631824,38.360669],[-81.631558,38.360746]],"type":"LineString"},"id":"REF-KANAWHA-SECONDARY-ROADS-372","properties":{"canon_status":"REAL_REFERENCE","county_route":null,"federal_lands_route":null,"fictionality":"REAL","globalid":"{A73D26FF-66FC-4E52-A981-49A8FA70DFAD}","interstate":null,"interstate_a":null,"interstate_b":null,"interstate_c":null,"loaddate":1474001917000,"mtfcc_code":"S1200","name":"Bigley Ave","objectid":26484696,"permanent_identifier":"d46d65cb-dde4-4906-8ba5-0a796be92a40","real_world_relation":"REFERENCE_ONLY","shape_Length":31.564363025915316,"source_datadesc":"2016 January MAFTIGER","source_datasetid":"{9298FF95-0FA8-4712-9AA5-9292C907CA63}","source_featureid":"1101747015032","source_id":"REF-KANAWHA-SECONDARY-ROADS","source_originator":"U.S. Department of Commerce, U.S. Census Bureau, Geography Division","state_route":null,"state_route_a":null,"state_route_b":null,"state_route_c":null,"stco_fipscode":"54039","tnmfrc":2,"us_route":"119","us_route_a":"119","us_route_b":null,"us_route_c":null},"type":"Feature"},{"geometry":{"coordinates":[[-81.655761,38.369344],[-81.656007,38.369476],[-81.656248,38.369595],[-81.656732,38.369824]],"type":"LineString"},"id":"REF-KANAWHA-SECONDARY-ROADS-373","properties":{"canon_status":"REAL_REFERENCE","county_route":null,"federal_lands_route":null,"fictionality":"REAL","globalid":"{D2ECD11A-A1B9-4A16-AC5D-A3C35AF3FFF2}","interstate":null,"interstate_a":null,"interstate_b":null,"interstate_c":null,"loaddate":1568217705000,"mtfcc_code":"S1200","name":"Washington St W","objectid":26571963,"permanent_identifier":"72bd86e9-9b2f-4c0b-aec9-b72e3a35f03d","real_world_relation":"REFERENCE_ONLY","shape_Length":127.8187027918645,"source_datadesc":"2016 January MAFTIGER","source_datasetid":"{9298FF95-0FA8-4712-9AA5-9292C907CA63}","source_featureid":"1101747019661","source_id":"REF-KANAWHA-SECONDARY-ROADS","source_originator":"U.S. Department of Commerce, U.S. Census Bureau, Geography Division","state_route":null,"state_route_a":null,"state_route_b":null,"state_route_c":null,"stco_fipscode":"54039","tnmfrc":2,"us_route":"60","us_route_a":"60","us_route_b":null,"us_route_c":null},"type":"Feature"},{"geometry":{"coordinates":[[-81.649241,38.35284],[-81.648854,38.352521],[-81.648815,38.352482],[-81.648727,38.352381],[-81.648655,38.352272],[-81.648635,38.35223],[-81.648609,38.352132],[-81.6486,38.352032],[-81.648609,38.351931],[-81.648635,38.351833],[-81.648678,38.351738],[-81.648736,38.351649],[-81.649323,38.351133],[-81.649417,38.351055],[-81.649945,38.350615],[-81.650648,38.35002],[-81.65112,38.349604],[-81.651165,38.349531],[-81.651194,38.349454],[-81.651205,38.349374],[-81.651198,38.349293],[-81.651174,38.349215],[-81.651133,38.349141],[-81.65098,38.349001]],"type":"LineString"},"id":"REF-KANAWHA-SECONDARY-ROADS-374","properties":{"canon_status":"REAL_REFERENCE","county_route":null,"federal_lands_route":null,"fictionality":"REAL","globalid":"{DE7D0657-0DE5-4644-ACCE-BAF118CAD47F}","interstate":null,"interstate_a":null,"interstate_b":null,"interstate_c":null,"loaddate":1568217705000,"mtfcc_code":"S1200","name":"US Hwy 119","objectid":26828031,"permanent_identifier":"16b1bc62-4d6a-4b6d-8116-310d86515b7f","real_world_relation":"REFERENCE_ONLY","shape_Length":684.4663607658808,"source_datadesc":"2018 May MAF/TIGER","source_datasetid":"{9298FF95-0FA8-4712-9AA5-9292C907CA63}","source_featureid":"1101747011819","source_id":"REF-KANAWHA-SECONDARY-ROADS","source_originator":"U.S. Department of Commerce, U.S. Census Bureau, Geography Division","state_route":null,"state_route_a":null,"state_route_b":null,"state_route_c":null,"stco_fipscode":"54039","tnmfrc":2,"us_route":"119","us_route_a":"119","us_route_b":null,"us_route_c":null},"type":"Feature"},{"geometry":{"coordinates":[[-81.643034,38.357729],[-81.642371,38.358052],[-81.641679,38.358401],[-81.641205,38.358628]],"type":"LineString"},"id":"REF-KANAWHA-SECONDARY-ROADS-375","properties":{"canon_status":"REAL_REFERENCE","county_route":null,"federal_lands_route":null,"fictionality":"REAL","globalid":"{24E35723-9E4D-4B66-A03E-C6030EFB29FE}","interstate":null,"interstate_a":null,"interstate_b":null,"interstate_c":null,"loaddate":1474002471000,"mtfcc_code":"S1200","name":"Pennsylvania Ave","objectid":26869084,"permanent_identifier":"20830f6e-4f25-449c-a76e-9228413cee9e","real_world_relation":"REFERENCE_ONLY","shape_Length":240.30742770635516,"source_datadesc":"2016 January MAFTIGER","source_datasetid":"{9298FF95-0FA8-4712-9AA5-9292C907CA63}","source_featureid":"1101747020370","source_id":"REF-KANAWHA-SECONDARY-ROADS","source_originator":"U.S. Department of Commerce, U.S. Census Bureau, Geography Division","state_route":null,"state_route_a":null,"state_route_b":null,"state_route_c":null,"stco_fipscode":"54039","tnmfrc":2,"us_route":"119","us_route_a":"119","us_route_b":null,"us_route_c":null},"type":"Feature"},{"geometry":{"coordinates":[[-81.634414,38.354036],[-81.634303,38.353962]],"type":"LineString"},"id":"REF-KANAWHA-SECONDARY-ROADS-376","properties":{"canon_status":"REAL_REFERENCE","county_route":null,"federal_lands_route":null,"fictionality":"REAL","globalid":"{F25BC041-6A03-439E-B9FB-2DA8C0FAD64E}","interstate":null,"interstate_a":null,"interstate_b":null,"interstate_c":null,"loaddate":1474002342000,"mtfcc_code":"S1200","name":"Washington St E","objectid":26996924,"permanent_identifier":"b7438aef-17e5-402e-a541-eb42bc07ef4f","real_world_relation":"REFERENCE_ONLY","shape_Length":16.2181794032036,"source_datadesc":"2016 January MAFTIGER","source_datasetid":"{9298FF95-0FA8-4712-9AA5-9292C907CA63}","source_featureid":"1101747019658","source_id":"REF-KANAWHA-SECONDARY-ROADS","source_originator":"U.S. Department of Commerce, U.S. Census Bureau, Geography Division","state_route":null,"state_route_a":null,"state_route_b":null,"state_route_c":null,"stco_fipscode":"54039","tnmfrc":2,"us_route":"60","us_route_a":"60","us_route_b":null,"us_route_c":null},"type":"Feature"},{"geometry":{"coordinates":[[-81.650794,38.354876],[-81.650939,38.354899],[-81.650981,38.354902]],"type":"LineString"},"id":"REF-KANAWHA-SECONDARY-ROADS-377","properties":{"canon_status":"REAL_REFERENCE","county_route":null,"federal_lands_route":null,"fictionality":"REAL","globalid":"{B0246015-3E05-4943-909C-0A6FE6B1C1DE}","interstate":null,"interstate_a":null,"interstate_b":null,"interstate_c":null,"loaddate":1568217705000,"mtfcc_code":"S1200","name":"US Hwy 119","objectid":27084206,"permanent_identifier":"d6d9b270-8a34-4393-9f03-8aa54f106a4c","real_world_relation":"REFERENCE_ONLY","shape_Length":21.162963797961112,"source_datadesc":"2016 January MAFTIGER","source_datasetid":"{9298FF95-0FA8-4712-9AA5-9292C907CA63}","source_featureid":"1101747011819","source_id":"REF-KANAWHA-SECONDARY-ROADS","source_originator":"U.S. Department of Commerce, U.S. Census Bureau, Geography Division","state_route":null,"state_route_a":null,"state_route_b":null,"state_route_c":null,"stco_fipscode":"54039","tnmfrc":2,"us_route":"119","us_route_a":"119","us_route_b":null,"us_route_c":null},"type":"Feature"},{"geometry":{"coordinates":[[-81.653858,38.368395],[-81.654087,38.368505]],"type":"LineString"},"id":"REF-KANAWHA-SECONDARY-ROADS-378","properties":{"canon_status":"REAL_REFERENCE","county_route":null,"federal_lands_route":null,"fictionality":"REAL","globalid":"{3F9CF74E-F8A3-4DE7-AD8E-F8F030E6EDE6}","interstate":null,"interstate_a":null,"interstate_b":null,"interstate_c":null,"loaddate":1568217705000,"mtfcc_code":"S1200","name":"Washington St W","objectid":27084303,"permanent_identifier":"a7faf79e-aa64-455b-be9b-a652f1c37ccb","real_world_relation":"REFERENCE_ONLY","shape_Length":29.896023316064404,"source_datadesc":"2016 January MAFTIGER","source_datasetid":"{9298FF95-0FA8-4712-9AA5-9292C907CA63}","source_featureid":"1101747019661","source_id":"REF-KANAWHA-SECONDARY-ROADS","source_originator":"U.S. Department of Commerce, U.S. Census Bureau, Geography Division","state_route":null,"state_route_a":null,"state_route_b":null,"state_route_c":null,"stco_fipscode":"54039","tnmfrc":2,"us_route":"60","us_route_a":"60","us_route_b":null,"us_route_c":null},"type":"Feature"},{"geometry":{"coordinates":[[-81.616464,38.336485],[-81.616397,38.336569],[-81.615644,38.337387]],"type":"LineString"},"id":"REF-KANAWHA-SECONDARY-ROADS-379","properties":{"canon_status":"REAL_REFERENCE","county_route":null,"federal_lands_route":null,"fictionality":"REAL","globalid":"{674AB7DA-D3E8-4F38-B59F-54AB1AD582A1}","interstate":null,"interstate_a":null,"interstate_b":null,"interstate_c":null,"loaddate":1474002563000,"mtfcc_code":"S1200","name":"Greenbrier St","objectid":27125045,"permanent_identifier":"8db47b24-e365-47b8-b36e-03e966fa0aff","real_world_relation":"REFERENCE_ONLY","shape_Length":157.25300124707158,"source_datadesc":"2016 January MAFTIGER","source_datasetid":"{9298FF95-0FA8-4712-9AA5-9292C907CA63}","source_featureid":"1101747019401","source_id":"REF-KANAWHA-SECONDARY-ROADS","source_originator":"U.S. Department of Commerce, U.S. Census Bureau, Geography Division","state_route":"114","state_route_a":"114","state_route_b":null,"state_route_c":null,"stco_fipscode":"54039","tnmfrc":2,"us_route":"60","us_route_a":"60","us_route_b":null,"us_route_c":null},"type":"Feature"},{"geometry":{"coordinates":[[-81.557455,38.310655],[-81.557601,38.310826]],"type":"LineString"},"id":"REF-KANAWHA-SECONDARY-ROADS-380","properties":{"canon_status":"REAL_REFERENCE","county_route":null,"federal_lands_route":null,"fictionality":"REAL","globalid":"{D9230BDD-F63D-41F0-953C-0E1839729A4D}","interstate":null,"interstate_a":null,"interstate_b":null,"interstate_c":null,"loaddate":1474002011000,"mtfcc_code":"S1200","name":"Kanawha St","objectid":27253093,"permanent_identifier":"941148ee-d12c-4518-bad3-972980bc3994","real_world_relation":"REFERENCE_ONLY","shape_Length":29.20074145233105,"source_datadesc":"2016 January MAFTIGER","source_datasetid":"{9298FF95-0FA8-4712-9AA5-9292C907CA63}","source_featureid":"1101747016794","source_id":"REF-KANAWHA-SECONDARY-ROADS","source_originator":"U.S. Department of Commerce, U.S. Census Bureau, Geography Division","state_route":null,"state_route_a":null,"state_route_b":null,"state_route_c":null,"stco_fipscode":"54039","tnmfrc":2,"us_route":"60","us_route_a":"60","us_route_b":null,"us_route_c":null},"type":"Feature"},{"geometry":{"coordinates":[[-81.651509,38.347565],[-81.651413,38.347651],[-81.650931,38.348207]],"type":"LineString"},"id":"REF-KANAWHA-SECONDARY-ROADS-381","properties":{"canon_status":"REAL_REFERENCE","county_route":null,"federal_lands_route":null,"fictionality":"REAL","globalid":"{2C4F0EAF-91B5-4F0D-855E-6A701789590D}","interstate":null,"interstate_a":null,"interstate_b":null,"interstate_c":null,"loaddate":1474001297000,"mtfcc_code":"S1200","name":"US Hwy 119","objectid":27381641,"permanent_identifier":"6785c4c7-79e9-41cc-833d-faf4ec407f74","real_world_relation":"REFERENCE_ONLY","shape_Length":111.6563745260338,"source_datadesc":"2016 January MAFTIGER","source_datasetid":"{9298FF95-0FA8-4712-9AA5-9292C907CA63}","source_featureid":"1101747011818","source_id":"REF-KANAWHA-SECONDARY-ROADS","source_originator":"U.S. Department of Commerce, U.S. Census Bureau, Geography Division","state_route":null,"state_route_a":null,"state_route_b":null,"state_route_c":null,"stco_fipscode":"54039","tnmfrc":2,"us_route":"119","us_route_a":"119","us_route_b":null,"us_route_c":null},"type":"Feature"},{"geometry":{"coordinates":[[-81.565165,38.260913],[-81.565327,38.259519],[-81.565357,38.259069],[-81.565358,38.258676],[-81.565339,38.258268],[-81.565306,38.257943],[-81.565274,38.25771],[-81.565194,38.257272],[-81.565072,38.256749],[-81.564925,38.256218],[-81.564755,38.255685],[-81.564623,38.255322],[-81.564458,38.254905],[-81.564274,38.254482]],"type":"LineString"},"id":"REF-KANAWHA-SECONDARY-ROADS-382","properties":{"canon_status":"REAL_REFERENCE","county_route":null,"federal_lands_route":null,"fictionality":"REAL","globalid":"{CC002F7B-C7B7-4C6F-A102-2110BA8E6A6E}","interstate":null,"interstate_a":null,"interstate_b":null,"interstate_c":null,"loaddate":1474001297000,"mtfcc_code":"S1200","name":"US Hwy 60","objectid":27509449,"permanent_identifier":"0e70925a-0f48-4541-b3e6-82ea385362db","real_world_relation":"REFERENCE_ONLY","shape_Length":927.1899644207855,"source_datadesc":"2016 January MAFTIGER","source_datasetid":"{9298FF95-0FA8-4712-9AA5-9292C907CA63}","source_featureid":"1101747011699","source_id":"REF-KANAWHA-SECONDARY-ROADS","source_originator":"U.S. Department of Commerce, U.S. Census Bureau, Geography Division","state_route":null,"state_route_a":null,"state_route_b":null,"state_route_c":null,"stco_fipscode":"54039","tnmfrc":2,"us_route":"60","us_route_a":"60","us_route_b":null,"us_route_c":null},"type":"Feature"},{"geometry":{"coordinates":[[-81.649984,38.349419],[-81.649969,38.349433],[-81.649887,38.349536],[-81.649523,38.349951],[-81.649374,38.350107]],"type":"LineString"},"id":"REF-KANAWHA-SECONDARY-ROADS-383","properties":{"canon_status":"REAL_REFERENCE","county_route":null,"federal_lands_route":null,"fictionality":"REAL","globalid":"{5886D0B8-E873-4963-AF5F-98797E82F417}","interstate":null,"interstate_a":null,"interstate_b":null,"interstate_c":null,"loaddate":1474001292000,"mtfcc_code":"S1200","name":"US Hwy 119","objectid":27509812,"permanent_identifier":"c6b359aa-5475-49c8-92fd-e203ca39f0a5","real_world_relation":"REFERENCE_ONLY","shape_Length":118.99687734294378,"source_datadesc":"2016 January MAFTIGER","source_datasetid":"{9298FF95-0FA8-4712-9AA5-9292C907CA63}","source_featureid":"1101747011831","source_id":"REF-KANAWHA-SECONDARY-ROADS","source_originator":"U.S. Department of Commerce, U.S. Census Bureau, Geography Division","state_route":null,"state_route_a":null,"state_route_b":null,"state_route_c":null,"stco_fipscode":"54039","tnmfrc":2,"us_route":"119","us_route_a":"119","us_route_b":null,"us_route_c":null},"type":"Feature"},{"geometry":{"coordinates":[[-81.529007,38.225187],[-81.528663,38.224874],[-81.527956,38.224231],[-81.527578,38.223901],[-81.526639,38.22308],[-81.526278,38.222763],[-81.525955,38.222481],[-81.525389,38.22199],[-81.524759,38.221444],[-81.524655,38.221355],[-81.524336,38.221084],[-81.524207,38.220974]],"type":"LineString"},"id":"REF-KANAWHA-SECONDARY-ROADS-384","properties":{"canon_status":"REAL_REFERENCE","county_route":null,"federal_lands_route":null,"fictionality":"REAL","globalid":"{FA4A5472-DB80-41B5-9C20-88DB00368FF7}","interstate":null,"interstate_a":null,"interstate_b":null,"interstate_c":null,"loaddate":1474001292000,"mtfcc_code":"S1200","name":"US Hwy 60","objectid":27766701,"permanent_identifier":"0df699df-2cc8-4d72-8454-50bb4117520f","real_world_relation":"REFERENCE_ONLY","shape_Length":801.225286771851,"source_datadesc":"2016 January MAFTIGER","source_datasetid":"{9298FF95-0FA8-4712-9AA5-9292C907CA63}","source_featureid":"1101747011699","source_id":"REF-KANAWHA-SECONDARY-ROADS","source_originator":"U.S. Department of Commerce, U.S. Census Bureau, Geography Division","state_route":null,"state_route_a":null,"state_route_b":null,"state_route_c":null,"stco_fipscode":"54039","tnmfrc":2,"us_route":"60","us_route_a":"60","us_route_b":null,"us_route_c":null},"type":"Feature"},{"geometry":{"coordinates":[[-81.615595,38.339944],[-81.614813,38.339516],[-81.614663,38.339438]],"type":"LineString"},"id":"REF-KANAWHA-SECONDARY-ROADS-385","properties":{"canon_status":"REAL_REFERENCE","county_route":null,"federal_lands_route":null,"fictionality":"REAL","globalid":"{F684533B-DFF9-4858-8B46-7EE5B6D253C4}","interstate":null,"interstate_a":null,"interstate_b":null,"interstate_c":null,"loaddate":1474003102000,"mtfcc_code":"S1200","name":"Washington St E","objectid":27766765,"permanent_identifier":"a7ac9e52-29d0-4797-b060-b6153a24591d","real_world_relation":"REFERENCE_ONLY","shape_Length":126.18475075699438,"source_datadesc":"2016 January MAFTIGER","source_datasetid":"{9298FF95-0FA8-4712-9AA5-9292C907CA63}","source_featureid":"1101747019658","source_id":"REF-KANAWHA-SECONDARY-ROADS","source_originator":"U.S. Department of Commerce, U.S. Census Bureau, Geography Division","state_route":null,"state_route_a":null,"state_route_b":null,"state_route_c":null,"stco_fipscode":"54039","tnmfrc":2,"us_route":"60","us_route_a":"60","us_route_b":null,"us_route_c":null},"type":"Feature"},{"geometry":{"coordinates":[[-81.45806,38.214758],[-81.457657,38.214961],[-81.457354,38.215104],[-81.456974,38.215284],[-81.456729,38.215413],[-81.456564,38.215509],[-81.456421,38.215602],[-81.455841,38.216015],[-81.45536,38.216366],[-81.45502,38.216597],[-81.454757,38.216754],[-81.454235,38.217028],[-81.453967,38.21718],[-81.453858,38.21725]],"type":"LineString"},"id":"REF-KANAWHA-SECONDARY-ROADS-386","properties":{"canon_status":"REAL_REFERENCE","county_route":null,"federal_lands_route":null,"fictionality":"REAL","globalid":"{0D76BEB6-8D9B-45A7-960D-9633271861A9}","interstate":null,"interstate_a":null,"interstate_b":null,"interstate_c":null,"loaddate":1474003130000,"mtfcc_code":"S1200","name":"E Dupont Ave","objectid":27767082,"permanent_identifier":"e762a968-1b50-442b-9cb6-045df64ce2cd","real_world_relation":"REFERENCE_ONLY","shape_Length":587.753400783609,"source_datadesc":"2016 January MAFTIGER","source_datasetid":"{9298FF95-0FA8-4712-9AA5-9292C907CA63}","source_featureid":"1104469613929","source_id":"REF-KANAWHA-SECONDARY-ROADS","source_originator":"U.S. Department of Commerce, U.S. Census Bureau, Geography Division","state_route":null,"state_route_a":null,"state_route_b":null,"state_route_c":null,"stco_fipscode":"54039","tnmfrc":2,"us_route":"60","us_route_a":"60","us_route_b":null,"us_route_c":null},"type":"Feature"},{"geometry":{"coordinates":[[-81.448237,38.220534],[-81.448112,38.220589],[-81.447919,38.220674],[-81.447017,38.221047],[-81.446509,38.221234],[-81.445668,38.221526],[-81.445143,38.221692],[-81.444564,38.221862],[-81.444113,38.221986],[-81.443698,38.22209],[-81.443176,38.2222],[-81.442725,38.222277],[-81.442301,38.22233],[-81.442065,38.222353],[-81.441703,38.222381],[-81.441573,38.222387],[-81.441069,38.222411],[-81.439081,38.222462],[-81.43883,38.222465],[-81.438468,38.222463],[-81.438287,38.222454],[-81.438131,38.222447]],"type":"LineString"},"id":"REF-KANAWHA-SECONDARY-ROADS-387","properties":{"canon_status":"REAL_REFERENCE","county_route":null,"federal_lands_route":null,"fictionality":"REAL","globalid":"{6027C6A2-8E0B-498C-93D4-029B26A2F6D6}","interstate":null,"interstate_a":null,"interstate_b":null,"interstate_c":null,"loaddate":1474003130000,"mtfcc_code":"S1200","name":"E Dupont Ave","objectid":27894995,"permanent_identifier":"cb4e4ce9-f365-48ad-9c18-10abb3d9435f","real_world_relation":"REFERENCE_ONLY","shape_Length":1176.5935702286108,"source_datadesc":"2016 January MAFTIGER","source_datasetid":"{9298FF95-0FA8-4712-9AA5-9292C907CA63}","source_featureid":"1104469613929","source_id":"REF-KANAWHA-SECONDARY-ROADS","source_originator":"U.S. Department of Commerce, U.S. Census Bureau, Geography Division","state_route":null,"state_route_a":null,"state_route_b":null,"state_route_c":null,"stco_fipscode":"54039","tnmfrc":2,"us_route":"60","us_route_a":"60","us_route_b":null,"us_route_c":null},"type":"Feature"},{"geometry":{"coordinates":[[-81.529106,38.225117],[-81.528757,38.224794],[-81.528288,38.224359],[-81.527737,38.223869],[-81.52564,38.222042],[-81.525152,38.221617],[-81.524311,38.220899]],"type":"LineString"},"id":"REF-KANAWHA-SECONDARY-ROADS-388","properties":{"canon_status":"REAL_REFERENCE","county_route":null,"federal_lands_route":null,"fictionality":"REAL","globalid":"{A3C6D933-C52E-4633-84D1-59A2C43D52C2}","interstate":null,"interstate_a":null,"interstate_b":null,"interstate_c":null,"loaddate":1474001292000,"mtfcc_code":"S1200","name":"US Hwy 60","objectid":27895011,"permanent_identifier":"98398c8e-764f-4590-8ade-dfdcc8aca276","real_world_relation":"REFERENCE_ONLY","shape_Length":801.4075330797837,"source_datadesc":"2016 January MAFTIGER","source_datasetid":"{9298FF95-0FA8-4712-9AA5-9292C907CA63}","source_featureid":"1104991890163","source_id":"REF-KANAWHA-SECONDARY-ROADS","source_originator":"U.S. Department of Commerce, U.S. Census Bureau, Geography Division","state_route":null,"state_route_a":null,"state_route_b":null,"state_route_c":null,"stco_fipscode":"54039","tnmfrc":2,"us_route":"60","us_route_a":"60","us_route_b":null,"us_route_c":null},"type":"Feature"},{"geometry":{"coordinates":[[-81.644244,38.362619],[-81.644491,38.362916],[-81.644615,38.363074]],"type":"LineString"},"id":"REF-KANAWHA-SECONDARY-ROADS-389","properties":{"canon_status":"REAL_REFERENCE","county_route":null,"federal_lands_route":null,"fictionality":"REAL","globalid":"{FB84D72D-2893-4CC2-9A19-4404DEA7B0E6}","interstate":null,"interstate_a":null,"interstate_b":null,"interstate_c":null,"loaddate":1474002007000,"mtfcc_code":"S1200","name":"Lee St W","objectid":28152161,"permanent_identifier":"6e02b6a7-5196-43b3-934a-19b6fe482c6f","real_world_relation":"REFERENCE_ONLY","shape_Length":76.67702228295687,"source_datadesc":"2016 January MAFTIGER","source_datasetid":"{9298FF95-0FA8-4712-9AA5-9292C907CA63}","source_featureid":"1101747012322","source_id":"REF-KANAWHA-SECONDARY-ROADS","source_originator":"U.S. Department of Commerce, U.S. Census Bureau, Geography Division","state_route":null,"state_route_a":null,"state_route_b":null,"state_route_c":null,"stco_fipscode":"54039","tnmfrc":2,"us_route":"60","us_route_a":"60","us_route_b":null,"us_route_c":null},"type":"Feature"},{"geometry":{"coordinates":[[-81.665192,38.374545],[-81.665282,38.374664],[-81.665375,38.374846],[-81.665392,38.374892],[-81.665425,38.374981],[-81.665454,38.375135],[-81.665452,38.37516],[-81.665432,38.375368]],"type":"LineString"},"id":"REF-KANAWHA-SECONDARY-ROADS-390","properties":{"canon_status":"REAL_REFERENCE","county_route":null,"federal_lands_route":null,"fictionality":"REAL","globalid":"{CE1945BA-BB80-4D2A-BDC6-81913211761E}","interstate":null,"interstate_a":null,"interstate_b":null,"interstate_c":null,"loaddate":1474001774000,"mtfcc_code":"S1200","name":"Washington St W","objectid":28152169,"permanent_identifier":"5e609bbd-1812-48e2-abf2-7595d0e72508","real_world_relation":"REFERENCE_ONLY","shape_Length":122.72520314203915,"source_datadesc":"2016 January MAFTIGER","source_datasetid":"{9298FF95-0FA8-4712-9AA5-9292C907CA63}","source_featureid":"1101747019661","source_id":"REF-KANAWHA-SECONDARY-ROADS","source_originator":"U.S. Department of Commerce, U.S. Census Bureau, Geography Division","state_route":null,"state_route_a":null,"state_route_b":null,"state_route_c":null,"stco_fipscode":"54039","tnmfrc":2,"us_route":"60","us_route_a":"60","us_route_b":null,"us_route_c":null},"type":"Feature"},{"geometry":{"coordinates":[[-81.665733,38.370824],[-81.666424,38.371149],[-81.66706,38.371445]],"type":"LineString"},"id":"REF-KANAWHA-SECONDARY-ROADS-391","properties":{"canon_status":"REAL_REFERENCE","county_route":null,"federal_lands_route":null,"fictionality":"REAL","globalid":"{8B45A651-4168-4219-9523-942E006C6BF6}","interstate":null,"interstate_a":null,"interstate_b":null,"interstate_c":null,"loaddate":1474002410000,"mtfcc_code":"S1200","name":"5th Ave","objectid":28152228,"permanent_identifier":"45316dcc-5154-49a1-bb77-a96fd2c10437","real_world_relation":"REFERENCE_ONLY","shape_Length":172.03611299470276,"source_datadesc":"2016 January MAFTIGER","source_datasetid":"{9298FF95-0FA8-4712-9AA5-9292C907CA63}","source_featureid":"1101747012032","source_id":"REF-KANAWHA-SECONDARY-ROADS","source_originator":"U.S. Department of Commerce, U.S. Census Bureau, Geography Division","state_route":null,"state_route_a":null,"state_route_b":null,"state_route_c":null,"stco_fipscode":"54039","tnmfrc":2,"us_route":"60","us_route_a":"60","us_route_b":null,"us_route_c":null},"type":"Feature"},{"geometry":{"coordinates":[[-81.680593,38.340662],[-81.680207,38.340764],[-81.67989,38.340863],[-81.67958,38.340975],[-81.679292,38.341092],[-81.679017,38.341219],[-81.678751,38.341358],[-81.678485,38.34151]],"type":"LineString"},"id":"REF-KANAWHA-SECONDARY-ROADS-392","properties":{"canon_status":"REAL_REFERENCE","county_route":null,"federal_lands_route":null,"fictionality":"REAL","globalid":"{68961249-4A95-4651-9E28-E01915D0EC1E}","interstate":null,"interstate_a":null,"interstate_b":null,"interstate_c":null,"loaddate":1474002403000,"mtfcc_code":"S1200","name":"Oakhurst Dr","objectid":28280613,"permanent_identifier":"c9c8f8d1-776a-481e-a4d2-936b9fa4754a","real_world_relation":"REFERENCE_ONLY","shape_Length":265.16742359286104,"source_datadesc":"2016 January MAFTIGER","source_datasetid":"{9298FF95-0FA8-4712-9AA5-9292C907CA63}","source_featureid":"1101747018066","source_id":"REF-KANAWHA-SECONDARY-ROADS","source_originator":"U.S. Department of Commerce, U.S. Census Bureau, Geography Division","state_route":null,"state_route_a":null,"state_route_b":null,"state_route_c":null,"stco_fipscode":"54039","tnmfrc":2,"us_route":"119","us_route_a":"119","us_route_b":null,"us_route_c":null},"type":"Feature"},{"geometry":{"coordinates":[[-81.563314,38.281073],[-81.563097,38.28185],[-81.563,38.282161],[-81.562756,38.28289],[-81.562541,38.283483],[-81.562025,38.284781],[-81.561887,38.285172],[-81.56176,38.285516],[-81.56162,38.285859]],"type":"LineString"},"id":"REF-KANAWHA-SECONDARY-ROADS-393","properties":{"canon_status":"REAL_REFERENCE","county_route":null,"federal_lands_route":null,"fictionality":"REAL","globalid":"{33E309FD-2682-4777-A5AC-0ECE6A6220F6}","interstate":null,"interstate_a":null,"interstate_b":null,"interstate_c":null,"loaddate":1474002011000,"mtfcc_code":"S1200","name":"Kanawha St","objectid":28280673,"permanent_identifier":"08b8dd1f-ee3d-4924-902c-88cc2f175834","real_world_relation":"REFERENCE_ONLY","shape_Length":704.7859218176258,"source_datadesc":"2016 January MAFTIGER","source_datasetid":"{9298FF95-0FA8-4712-9AA5-9292C907CA63}","source_featureid":"1101747016794","source_id":"REF-KANAWHA-SECONDARY-ROADS","source_originator":"U.S. Department of Commerce, U.S. Census Bureau, Geography Division","state_route":null,"state_route_a":null,"state_route_b":null,"state_route_c":null,"stco_fipscode":"54039","tnmfrc":2,"us_route":"60","us_route_a":"60","us_route_b":null,"us_route_c":null},"type":"Feature"},{"geometry":{"coordinates":[[-81.669875,38.364107],[-81.669685,38.364411]],"type":"LineString"},"id":"REF-KANAWHA-SECONDARY-ROADS-394","properties":{"canon_status":"REAL_REFERENCE","county_route":null,"federal_lands_route":null,"fictionality":"REAL","globalid":"{C985D98E-EC51-4C64-BE51-8778AAFDDB26}","interstate":null,"interstate_a":null,"interstate_b":null,"interstate_c":null,"loaddate":1474001788000,"mtfcc_code":"S1200","name":"Patrick St","objectid":28280690,"permanent_identifier":"f8bf3718-3d63-4e09-85f2-66167634435e","real_world_relation":"REFERENCE_ONLY","shape_Length":48.06407155618202,"source_datadesc":"2016 January MAFTIGER","source_datasetid":"{9298FF95-0FA8-4712-9AA5-9292C907CA63}","source_featureid":"1101747017056","source_id":"REF-KANAWHA-SECONDARY-ROADS","source_originator":"U.S. Department of Commerce, U.S. Census Bureau, Geography Division","state_route":null,"state_route_a":null,"state_route_b":null,"state_route_c":null,"stco_fipscode":"54039","tnmfrc":2,"us_route":"60","us_route_a":"60","us_route_b":null,"us_route_c":null},"type":"Feature"},{"geometry":{"coordinates":[[-81.55591,38.300579],[-81.555883,38.300789],[-81.555877,38.300831],[-81.555858,38.301048],[-81.555845,38.301477],[-81.555847,38.301619],[-81.556026,38.304496],[-81.55606,38.305174],[-81.556088,38.306004],[-81.556138,38.308375],[-81.556157,38.308576]],"type":"LineString"},"id":"REF-KANAWHA-SECONDARY-ROADS-395","properties":{"canon_status":"REAL_REFERENCE","county_route":null,"federal_lands_route":null,"fictionality":"REAL","globalid":"{2B7792FF-B177-4215-B441-00DA3D9B9778}","interstate":null,"interstate_a":null,"interstate_b":null,"interstate_c":null,"loaddate":1568217705000,"mtfcc_code":"S1200","name":"Kanawha Ave","objectid":28496628,"permanent_identifier":"10b42454-79a7-4adc-8e5e-0e9541aa68cd","real_world_relation":"REFERENCE_ONLY","shape_Length":1135.4415206533106,"source_datadesc":"2016 January MAFTIGER","source_datasetid":"{9298FF95-0FA8-4712-9AA5-9292C907CA63}","source_featureid":"1101747016795","source_id":"REF-KANAWHA-SECONDARY-ROADS","source_originator":"U.S. Department of Commerce, U.S. Census Bureau, Geography Division","state_route":null,"state_route_a":null,"state_route_b":null,"state_route_c":null,"stco_fipscode":"54039","tnmfrc":2,"us_route":"60","us_route_a":"60","us_route_b":null,"us_route_c":null},"type":"Feature"},{"geometry":{"coordinates":[[-81.641205,38.358628],[-81.640699,38.358873]],"type":"LineString"},"id":"REF-KANAWHA-SECONDARY-ROADS-396","properties":{"canon_status":"REAL_REFERENCE","county_route":null,"federal_lands_route":null,"fictionality":"REAL","globalid":"{49493D9A-6A62-4755-B12A-82F2D1EBB323}","interstate":null,"interstate_a":null,"interstate_b":null,"interstate_c":null,"loaddate":1474002471000,"mtfcc_code":"S1200","name":"Pennsylvania Ave","objectid":28537678,"permanent_identifier":"e4fa9705-27fc-4922-9f06-c2116d048d43","real_world_relation":"REFERENCE_ONLY","shape_Length":66.20071528971967,"source_datadesc":"2016 January MAFTIGER","source_datasetid":"{9298FF95-0FA8-4712-9AA5-9292C907CA63}","source_featureid":"1101747020370","source_id":"REF-KANAWHA-SECONDARY-ROADS","source_originator":"U.S. Department of Commerce, U.S. Census Bureau, Geography Division","state_route":null,"state_route_a":null,"state_route_b":null,"state_route_c":null,"stco_fipscode":"54039","tnmfrc":2,"us_route":"119","us_route_a":"119","us_route_b":null,"us_route_c":null},"type":"Feature"},{"geometry":{"coordinates":[[-81.641665,38.362336],[-81.64179,38.362606],[-81.641952,38.362844],[-81.642057,38.362983],[-81.642258,38.363221],[-81.642463,38.36348]],"type":"LineString"},"id":"REF-KANAWHA-SECONDARY-ROADS-397","properties":{"canon_status":"REAL_REFERENCE","county_route":null,"federal_lands_route":null,"fictionality":"REAL","globalid":"{C57E6B9C-C9AF-461F-ABD6-A4E397063A7A}","interstate":null,"interstate_a":null,"interstate_b":null,"interstate_c":null,"loaddate":1474002150000,"mtfcc_code":"S1200","name":"Washington St W","objectid":28794725,"permanent_identifier":"44cf159a-1bd7-41aa-bfcb-38cfde3dcbc1","real_world_relation":"REFERENCE_ONLY","shape_Length":185.81913802842837,"source_datadesc":"2016 January MAFTIGER","source_datasetid":"{9298FF95-0FA8-4712-9AA5-9292C907CA63}","source_featureid":"1101747019661","source_id":"REF-KANAWHA-SECONDARY-ROADS","source_originator":"U.S. Department of Commerce, U.S. Census Bureau, Geography Division","state_route":null,"state_route_a":null,"state_route_b":null,"state_route_c":null,"stco_fipscode":"54039","tnmfrc":2,"us_route":"60","us_route_a":"60","us_route_b":null,"us_route_c":null},"type":"Feature"},{"geometry":{"coordinates":[[-81.557492,38.310856],[-81.557818,38.311235],[-81.558186,38.311662]],"type":"LineString"},"id":"REF-KANAWHA-SECONDARY-ROADS-398","properties":{"canon_status":"REAL_REFERENCE","county_route":null,"federal_lands_route":null,"fictionality":"REAL","globalid":"{ACFA9E3C-2B8A-4226-8D38-B83406527D3C}","interstate":null,"interstate_a":null,"interstate_b":null,"interstate_c":null,"loaddate":1474003190000,"mtfcc_code":"S1200","name":"Kanawha Ave","objectid":28923753,"permanent_identifier":"975db18c-6963-4bf7-b1f4-37e046be15e0","real_world_relation":"REFERENCE_ONLY","shape_Length":137.9995158505793,"source_datadesc":"2016 January MAFTIGER","source_datasetid":"{9298FF95-0FA8-4712-9AA5-9292C907CA63}","source_featureid":"1101747016795","source_id":"REF-KANAWHA-SECONDARY-ROADS","source_originator":"U.S. Department of Commerce, U.S. Census Bureau, Geography Division","state_route":null,"state_route_a":null,"state_route_b":null,"state_route_c":null,"stco_fipscode":"54039","tnmfrc":2,"us_route":"60","us_route_a":"60","us_route_b":null,"us_route_c":null},"type":"Feature"},{"geometry":{"coordinates":[[-81.686716,38.367736],[-81.685474,38.367511],[-81.685318,38.367483],[-81.685154,38.367434],[-81.68462,38.367318],[-81.68411,38.367174],[-81.683365,38.366936],[-81.682534,38.366674],[-81.681793,38.366438],[-81.680987,38.366164],[-81.680289,38.365937],[-81.679421,38.365656],[-81.678803,38.365466],[-81.677843,38.365188],[-81.677255,38.365028],[-81.67665,38.364864],[-81.674162,38.36418]],"type":"LineString"},"id":"REF-KANAWHA-SECONDARY-ROADS-399","properties":{"canon_status":"REAL_REFERENCE","county_route":null,"federal_lands_route":null,"fictionality":"REAL","globalid":"{46163809-A12F-4478-9D24-67FACA5EB245}","interstate":null,"interstate_a":"","interstate_b":"","interstate_c":"","loaddate":1673511277000,"mtfcc_code":"S1200","name":"Maccorkle Ave SW","objectid":29011342,"permanent_identifier":"7af61994-b2d3-42a6-ae45-b46d5f7828e7","real_world_relation":"REFERENCE_ONLY","shape_Length":1487.8552197554664,"source_datadesc":"2022 September MAF/TIGER","source_datasetid":"{9298FF95-0FA8-4712-9AA5-9292C907CA63}","source_featureid":"1101747018892","source_id":"REF-KANAWHA-SECONDARY-ROADS","source_originator":"U.S. Department of Commerce, U.S. Census Bureau, Geography Division","state_route":null,"state_route_a":"","state_route_b":"","state_route_c":"","stco_fipscode":"54039","tnmfrc":2,"us_route":"60","us_route_a":"60","us_route_b":"","us_route_c":""},"type":"Feature"},{"geometry":{"coordinates":[[-81.516752,38.21465],[-81.516422,38.214405],[-81.51596,38.214084],[-81.515677,38.213897],[-81.515457,38.213762],[-81.515198,38.213615],[-81.514882,38.213449],[-81.51326,38.212661],[-81.512638,38.212359],[-81.51234,38.212211],[-81.511625,38.211833],[-81.51115,38.211568],[-81.510496,38.211186],[-81.510364,38.211099],[-81.510215,38.211012]],"type":"LineString"},"id":"REF-KANAWHA-SECONDARY-ROADS-400","properties":{"canon_status":"REAL_REFERENCE","county_route":null,"federal_lands_route":null,"fictionality":"REAL","globalid":"{BB9D514F-2466-4193-8D94-1ACE5821825A}","interstate":null,"interstate_a":null,"interstate_b":null,"interstate_c":null,"loaddate":1474002626000,"mtfcc_code":"S1200","name":"E Dupont Ave","objectid":29180865,"permanent_identifier":"3f6ec286-6579-426a-8d9b-f597fc69da7b","real_world_relation":"REFERENCE_ONLY","shape_Length":893.5844312377528,"source_datadesc":"2016 January MAFTIGER","source_datasetid":"{9298FF95-0FA8-4712-9AA5-9292C907CA63}","source_featureid":"1101747015239","source_id":"REF-KANAWHA-SECONDARY-ROADS","source_originator":"U.S. Department of Commerce, U.S. Census Bureau, Geography Division","state_route":null,"state_route_a":null,"state_route_b":null,"state_route_c":null,"stco_fipscode":"54039","tnmfrc":2,"us_route":"60","us_route_a":"60","us_route_b":null,"us_route_c":null},"type":"Feature"},{"geometry":{"coordinates":[[-81.629576,38.359963],[-81.629627,38.359925],[-81.629682,38.359891],[-81.629762,38.359853]],"type":"LineString"},"id":"REF-KANAWHA-SECONDARY-ROADS-401","properties":{"canon_status":"REAL_REFERENCE","county_route":null,"federal_lands_route":null,"fictionality":"REAL","globalid":"{C95AB59A-040E-421B-855F-D127886FEF03}","interstate":null,"interstate_a":null,"interstate_b":null,"interstate_c":null,"loaddate":1474002991000,"mtfcc_code":"S1200","name":"Pennsylvania Ave","objectid":29180872,"permanent_identifier":"3deccd22-7baa-4eb8-9aa8-24ef75266a2b","real_world_relation":"REFERENCE_ONLY","shape_Length":26.040254408349476,"source_datadesc":"2016 January MAFTIGER","source_datasetid":"{9298FF95-0FA8-4712-9AA5-9292C907CA63}","source_featureid":"1101747020368","source_id":"REF-KANAWHA-SECONDARY-ROADS","source_originator":"U.S. Department of Commerce, U.S. Census Bureau, Geography Division","state_route":null,"state_route_a":null,"state_route_b":null,"state_route_c":null,"stco_fipscode":"54039","tnmfrc":2,"us_route":"119","us_route_a":"119","us_route_b":null,"us_route_c":null},"type":"Feature"},{"geometry":{"coordinates":[[-81.60382,38.33479],[-81.603538,38.334765]],"type":"LineString"},"id":"REF-KANAWHA-SECONDARY-ROADS-402","properties":{"canon_status":"REAL_REFERENCE","county_route":null,"federal_lands_route":null,"fictionality":"REAL","globalid":"{B5FB3D85-1CC1-4AD5-8955-03D1FFF81ACB}","interstate":null,"interstate_a":null,"interstate_b":null,"interstate_c":null,"loaddate":1474002804000,"mtfcc_code":"S1200","name":"Kanawha Blvd E","objectid":29180948,"permanent_identifier":"706768bd-1153-452a-956e-3d90132650d9","real_world_relation":"REFERENCE_ONLY","shape_Length":31.591953672704197,"source_datadesc":"2016 January MAFTIGER","source_datasetid":"{9298FF95-0FA8-4712-9AA5-9292C907CA63}","source_featureid":"1101747016798","source_id":"REF-KANAWHA-SECONDARY-ROADS","source_originator":"U.S. Department of Commerce, U.S. Census Bureau, Geography Division","state_route":null,"state_route_a":null,"state_route_b":null,"state_route_c":null,"stco_fipscode":"54039","tnmfrc":2,"us_route":"60","us_route_a":"60","us_route_b":null,"us_route_c":null},"type":"Feature"},{"geometry":{"coordinates":[[-81.57387,38.32591],[-81.573518,38.325737],[-81.573126,38.325531],[-81.572744,38.325315],[-81.572527,38.325181],[-81.57227,38.325021]],"type":"LineString"},"id":"REF-KANAWHA-SECONDARY-ROADS-403","properties":{"canon_status":"REAL_REFERENCE","county_route":null,"federal_lands_route":null,"fictionality":"REAL","globalid":"{1A75E7F0-86BB-4058-87A5-B23D618F0FB8}","interstate":null,"interstate_a":null,"interstate_b":null,"interstate_c":null,"loaddate":1568217705000,"mtfcc_code":"S1200","name":"Co Rte 60/58","objectid":29268315,"permanent_identifier":"a346811a-ea2c-4792-9897-d324802a52f9","real_world_relation":"REFERENCE_ONLY","shape_Length":218.4460960743861,"source_datadesc":"2018 May MAF/TIGER","source_datasetid":"{9298FF95-0FA8-4712-9AA5-9292C907CA63}","source_featureid":"1101747013760","source_id":"REF-KANAWHA-SECONDARY-ROADS","source_originator":"U.S. Department of Commerce, U.S. Census Bureau, Geography Division","state_route":null,"state_route_a":null,"state_route_b":null,"state_route_c":null,"stco_fipscode":"54039","tnmfrc":2,"us_route":"60","us_route_a":"60","us_route_b":null,"us_route_c":null},"type":"Feature"},{"geometry":{"coordinates":[[-81.643732,38.364418],[-81.644394,38.364704],[-81.645021,38.364961],[-81.645499,38.365142],[-81.64619,38.365384],[-81.646282,38.365412]],"type":"LineString"},"id":"REF-KANAWHA-SECONDARY-ROADS-404","properties":{"canon_status":"REAL_REFERENCE","county_route":null,"federal_lands_route":null,"fictionality":"REAL","globalid":"{EAA8C918-146B-44CB-9F60-9F915E8CA223}","interstate":null,"interstate_a":null,"interstate_b":null,"interstate_c":null,"loaddate":1474002150000,"mtfcc_code":"S1200","name":"Washington St W","objectid":29437924,"permanent_identifier":"f3330480-2a58-4cf1-b0a8-3718eee3e75f","real_world_relation":"REFERENCE_ONLY","shape_Length":317.22235516710066,"source_datadesc":"2016 January MAFTIGER","source_datasetid":"{9298FF95-0FA8-4712-9AA5-9292C907CA63}","source_featureid":"1101747019661","source_id":"REF-KANAWHA-SECONDARY-ROADS","source_originator":"U.S. Department of Commerce, U.S. Census Bureau, Geography Division","state_route":null,"state_route_a":null,"state_route_b":null,"state_route_c":null,"stco_fipscode":"54039","tnmfrc":2,"us_route":"60","us_route_a":"60","us_route_b":null,"us_route_c":null},"type":"Feature"},{"geometry":{"coordinates":[[-81.646282,38.365412],[-81.646371,38.365438]],"type":"LineString"},"id":"REF-KANAWHA-SECONDARY-ROADS-405","properties":{"canon_status":"REAL_REFERENCE","county_route":null,"federal_lands_route":null,"fictionality":"REAL","globalid":"{D0E92AB1-2F96-4042-BDC8-BC31EB76B632}","interstate":null,"interstate_a":null,"interstate_b":null,"interstate_c":null,"loaddate":1474002342000,"mtfcc_code":"S1200","name":"Washington St W","objectid":29438327,"permanent_identifier":"1ebbf1e7-c143-4018-9ad7-0614747011c3","real_world_relation":"REFERENCE_ONLY","shape_Length":10.572842106814523,"source_datadesc":"2016 January MAFTIGER","source_datasetid":"{9298FF95-0FA8-4712-9AA5-9292C907CA63}","source_featureid":"1101747019661","source_id":"REF-KANAWHA-SECONDARY-ROADS","source_originator":"U.S. Department of Commerce, U.S. Census Bureau, Geography Division","state_route":null,"state_route_a":null,"state_route_b":null,"state_route_c":null,"stco_fipscode":"54039","tnmfrc":2,"us_route":"60","us_route_a":"60","us_route_b":null,"us_route_c":null},"type":"Feature"},{"geometry":{"coordinates":[[-81.476383,38.204822],[-81.476019,38.204912]],"type":"LineString"},"id":"REF-KANAWHA-SECONDARY-ROADS-406","properties":{"canon_status":"REAL_REFERENCE","county_route":null,"federal_lands_route":null,"fictionality":"REAL","globalid":"{ED649A41-2CB1-4806-98DC-669E5930CFB7}","interstate":null,"interstate_a":null,"interstate_b":null,"interstate_c":null,"loaddate":1474003130000,"mtfcc_code":"S1200","name":"E Dupont Ave","objectid":29566092,"permanent_identifier":"28ffd9c4-3235-4a3e-ab66-45cea4194d7b","real_world_relation":"REFERENCE_ONLY","shape_Length":42.47881309916643,"source_datadesc":"2016 January MAFTIGER","source_datasetid":"{9298FF95-0FA8-4712-9AA5-9292C907CA63}","source_featureid":"1104469613929","source_id":"REF-KANAWHA-SECONDARY-ROADS","source_originator":"U.S. Department of Commerce, U.S. Census Bureau, Geography Division","state_route":null,"state_route_a":null,"state_route_b":null,"state_route_c":null,"stco_fipscode":"54039","tnmfrc":2,"us_route":"60","us_route_a":"60","us_route_b":null,"us_route_c":null},"type":"Feature"},{"geometry":{"coordinates":[[-81.618464,38.341384],[-81.617495,38.340928]],"type":"LineString"},"id":"REF-KANAWHA-SECONDARY-ROADS-407","properties":{"canon_status":"REAL_REFERENCE","county_route":null,"federal_lands_route":null,"fictionality":"REAL","globalid":"{948188EF-2831-4907-95C0-F22DB34727A4}","interstate":null,"interstate_a":null,"interstate_b":null,"interstate_c":null,"loaddate":1474003098000,"mtfcc_code":"S1200","name":"Washington St E","objectid":29566118,"permanent_identifier":"f6ce9d69-cd97-4abe-b355-edc245ab6736","real_world_relation":"REFERENCE_ONLY","shape_Length":125.79457235563537,"source_datadesc":"2016 January MAFTIGER","source_datasetid":"{9298FF95-0FA8-4712-9AA5-9292C907CA63}","source_featureid":"1101747019658","source_id":"REF-KANAWHA-SECONDARY-ROADS","source_originator":"U.S. Department of Commerce, U.S. Census Bureau, Geography Division","state_route":null,"state_route_a":null,"state_route_b":null,"state_route_c":null,"stco_fipscode":"54039","tnmfrc":2,"us_route":"60","us_route_a":"60","us_route_b":null,"us_route_c":null},"type":"Feature"},{"geometry":{"coordinates":[[-81.463956,38.211778],[-81.463765,38.211864]],"type":"LineString"},"id":"REF-KANAWHA-SECONDARY-ROADS-408","properties":{"canon_status":"REAL_REFERENCE","county_route":null,"federal_lands_route":null,"fictionality":"REAL","globalid":"{8C48C44C-5186-421E-ACFD-EDFC6CE0E136}","interstate":null,"interstate_a":null,"interstate_b":null,"interstate_c":null,"loaddate":1474003130000,"mtfcc_code":"S1200","name":"E Dupont Ave","objectid":29694839,"permanent_identifier":"2a72b9c7-676f-4246-ac8b-a740d0112422","real_world_relation":"REFERENCE_ONLY","shape_Length":24.505660034686898,"source_datadesc":"2016 January MAFTIGER","source_datasetid":"{9298FF95-0FA8-4712-9AA5-9292C907CA63}","source_featureid":"1104469613929","source_id":"REF-KANAWHA-SECONDARY-ROADS","source_originator":"U.S. Department of Commerce, U.S. Census Bureau, Geography Division","state_route":null,"state_route_a":null,"state_route_b":null,"state_route_c":null,"stco_fipscode":"54039","tnmfrc":2,"us_route":"60","us_route_a":"60","us_route_b":null,"us_route_c":null},"type":"Feature"},{"geometry":{"coordinates":[[-81.58508,38.331887],[-81.584335,38.33158]],"type":"LineString"},"id":"REF-KANAWHA-SECONDARY-ROADS-409","properties":{"canon_status":"REAL_REFERENCE","county_route":null,"federal_lands_route":null,"fictionality":"REAL","globalid":"{D7EDEEB6-E1E2-4FA3-AE7E-A7B6AE03AEE0}","interstate":null,"interstate_a":null,"interstate_b":null,"interstate_c":null,"loaddate":1474001381000,"mtfcc_code":"S1200","name":"Kanawha Blvd E","objectid":29694845,"permanent_identifier":"ac634ce2-5ba3-4fbe-8b95-9614265b2d80","real_world_relation":"REFERENCE_ONLY","shape_Length":93.68002834505009,"source_datadesc":"2016 January MAFTIGER","source_datasetid":"{9298FF95-0FA8-4712-9AA5-9292C907CA63}","source_featureid":"1101747016796","source_id":"REF-KANAWHA-SECONDARY-ROADS","source_originator":"U.S. Department of Commerce, U.S. Census Bureau, Geography Division","state_route":null,"state_route_a":null,"state_route_b":null,"state_route_c":null,"stco_fipscode":"54039","tnmfrc":2,"us_route":"60","us_route_a":"60","us_route_b":null,"us_route_c":null},"type":"Feature"},{"geometry":{"coordinates":[[-81.629441,38.34884],[-81.629151,38.348604]],"type":"LineString"},"id":"REF-KANAWHA-SECONDARY-ROADS-410","properties":{"canon_status":"REAL_REFERENCE","county_route":null,"federal_lands_route":null,"fictionality":"REAL","globalid":"{0C247AC5-6E82-44E7-A2B5-7CC383DE795A}","interstate":null,"interstate_a":null,"interstate_b":null,"interstate_c":null,"loaddate":1474002346000,"mtfcc_code":"S1200","name":"Washington St E","objectid":29694928,"permanent_identifier":"77e0e189-a168-47f3-87f2-503628d8edb5","real_world_relation":"REFERENCE_ONLY","shape_Length":46.522492634078965,"source_datadesc":"2016 January MAFTIGER","source_datasetid":"{9298FF95-0FA8-4712-9AA5-9292C907CA63}","source_featureid":"1101747019658","source_id":"REF-KANAWHA-SECONDARY-ROADS","source_originator":"U.S. Department of Commerce, U.S. Census Bureau, Geography Division","state_route":null,"state_route_a":null,"state_route_b":null,"state_route_c":null,"stco_fipscode":"54039","tnmfrc":2,"us_route":"60","us_route_a":"60","us_route_b":null,"us_route_c":null},"type":"Feature"},{"geometry":{"coordinates":[[-81.632806,38.359849],[-81.632664,38.359843],[-81.631739,38.35983]],"type":"LineString"},"id":"REF-KANAWHA-SECONDARY-ROADS-411","properties":{"canon_status":"REAL_REFERENCE","county_route":null,"federal_lands_route":null,"fictionality":"REAL","globalid":"{2D68AF1D-3132-458B-9D31-C25811399267}","interstate":null,"interstate_a":null,"interstate_b":null,"interstate_c":null,"loaddate":1474002471000,"mtfcc_code":"S1200","name":"Pennsylvania Ave","objectid":29823614,"permanent_identifier":"f1cdfd2c-d1ca-4646-a9de-5640cd99f261","real_world_relation":"REFERENCE_ONLY","shape_Length":118.81737023758552,"source_datadesc":"2016 January MAFTIGER","source_datasetid":"{9298FF95-0FA8-4712-9AA5-9292C907CA63}","source_featureid":"1101747020370","source_id":"REF-KANAWHA-SECONDARY-ROADS","source_originator":"U.S. Department of Commerce, U.S. Census Bureau, Geography Division","state_route":null,"state_route_a":null,"state_route_b":null,"state_route_c":null,"stco_fipscode":"54039","tnmfrc":2,"us_route":"119","us_route_a":"119","us_route_b":null,"us_route_c":null},"type":"Feature"},{"geometry":{"coordinates":[[-81.650698,38.367007],[-81.651436,38.367241]],"type":"LineString"},"id":"REF-KANAWHA-SECONDARY-ROADS-412","properties":{"canon_status":"REAL_REFERENCE","county_route":null,"federal_lands_route":null,"fictionality":"REAL","globalid":"{2CE4E48E-9D30-486C-8A85-20D39625D218}","interstate":null,"interstate_a":null,"interstate_b":null,"interstate_c":null,"loaddate":1474002342000,"mtfcc_code":"S1200","name":"Washington St W","objectid":30080562,"permanent_identifier":"ac1e54cc-1ff1-477c-9daf-3c7e523ca871","real_world_relation":"REFERENCE_ONLY","shape_Length":88.61734885293001,"source_datadesc":"2016 January MAFTIGER","source_datasetid":"{9298FF95-0FA8-4712-9AA5-9292C907CA63}","source_featureid":"1101747019661","source_id":"REF-KANAWHA-SECONDARY-ROADS","source_originator":"U.S. Department of Commerce, U.S. Census Bureau, Geography Division","state_route":null,"state_route_a":null,"state_route_b":null,"state_route_c":null,"stco_fipscode":"54039","tnmfrc":2,"us_route":"60","us_route_a":"60","us_route_b":null,"us_route_c":null},"type":"Feature"},{"geometry":{"coordinates":[[-81.666347,38.369738],[-81.666051,38.37011],[-81.666018,38.370148]],"type":"LineString"},"id":"REF-KANAWHA-SECONDARY-ROADS-413","properties":{"canon_status":"REAL_REFERENCE","county_route":null,"federal_lands_route":null,"fictionality":"REAL","globalid":"{0CBC9FF2-16BD-4700-B62E-E2890F3EA3C7}","interstate":null,"interstate_a":null,"interstate_b":null,"interstate_c":null,"loaddate":1474002007000,"mtfcc_code":"S1200","name":"Patrick Street Plz","objectid":30209526,"permanent_identifier":"a99efdd9-aedf-4a60-9bf4-1814c01f38d0","real_world_relation":"REFERENCE_ONLY","shape_Length":68.78121888204895,"source_datadesc":"2016 January MAFTIGER","source_datasetid":"{9298FF95-0FA8-4712-9AA5-9292C907CA63}","source_featureid":"1101747020752","source_id":"REF-KANAWHA-SECONDARY-ROADS","source_originator":"U.S. Department of Commerce, U.S. Census Bureau, Geography Division","state_route":null,"state_route_a":null,"state_route_b":null,"state_route_c":null,"stco_fipscode":"54039","tnmfrc":2,"us_route":"60","us_route_a":"60","us_route_b":null,"us_route_c":null},"type":"Feature"},{"geometry":{"coordinates":[[-81.49603,38.199923],[-81.495592,38.199858],[-81.494818,38.199734],[-81.494525,38.1997],[-81.49412,38.199677],[-81.493748,38.199666],[-81.493251,38.199673],[-81.49277,38.199698],[-81.492142,38.199767],[-81.491802,38.199808]],"type":"LineString"},"id":"REF-KANAWHA-SECONDARY-ROADS-414","properties":{"canon_status":"REAL_REFERENCE","county_route":null,"federal_lands_route":null,"fictionality":"REAL","globalid":"{88519748-C64C-4847-9E67-1DE35D6C146E}","interstate":null,"interstate_a":null,"interstate_b":null,"interstate_c":null,"loaddate":1474002626000,"mtfcc_code":"S1200","name":"E Dupont Ave","objectid":30209546,"permanent_identifier":"bbb4f930-88c3-45ac-9d66-eea373f5982a","real_world_relation":"REFERENCE_ONLY","shape_Length":475.0422205892876,"source_datadesc":"2016 January MAFTIGER","source_datasetid":"{9298FF95-0FA8-4712-9AA5-9292C907CA63}","source_featureid":"1101747015239","source_id":"REF-KANAWHA-SECONDARY-ROADS","source_originator":"U.S. Department of Commerce, U.S. Census Bureau, Geography Division","state_route":null,"state_route_a":null,"state_route_b":null,"state_route_c":null,"stco_fipscode":"54039","tnmfrc":2,"us_route":"60","us_route_a":"60","us_route_b":null,"us_route_c":null},"type":"Feature"},{"geometry":{"coordinates":[[-81.565683,38.319816],[-81.565386,38.319658],[-81.564522,38.319153],[-81.563757,38.318771],[-81.563063,38.318449],[-81.562532,38.31811],[-81.562298,38.317938],[-81.562163,38.317798]],"type":"LineString"},"id":"REF-KANAWHA-SECONDARY-ROADS-415","properties":{"canon_status":"REAL_REFERENCE","county_route":null,"federal_lands_route":null,"fictionality":"REAL","globalid":"{CB597E5D-E79C-4ECE-A63A-4FB82ABCF3F5}","interstate":null,"interstate_a":null,"interstate_b":null,"interstate_c":null,"loaddate":1474001292000,"mtfcc_code":"S1200","name":"US Hwy 60","objectid":30209548,"permanent_identifier":"e499116e-a3d0-4599-af28-85e2f20a53a6","real_world_relation":"REFERENCE_ONLY","shape_Length":487.39053278765255,"source_datadesc":"2016 January MAFTIGER","source_datasetid":"{9298FF95-0FA8-4712-9AA5-9292C907CA63}","source_featureid":"1101747011699","source_id":"REF-KANAWHA-SECONDARY-ROADS","source_originator":"U.S. Department of Commerce, U.S. Census Bureau, Geography Division","state_route":null,"state_route_a":null,"state_route_b":null,"state_route_c":null,"stco_fipscode":"54039","tnmfrc":2,"us_route":"60","us_route_a":"60","us_route_b":null,"us_route_c":null},"type":"Feature"},{"geometry":{"coordinates":[[-81.653071,38.36801],[-81.65339,38.368169],[-81.653705,38.368321]],"type":"LineString"},"id":"REF-KANAWHA-SECONDARY-ROADS-416","properties":{"canon_status":"REAL_REFERENCE","county_route":null,"federal_lands_route":null,"fictionality":"REAL","globalid":"{8F6A42D2-A6B7-4298-9036-561F20695629}","interstate":null,"interstate_a":null,"interstate_b":null,"interstate_c":null,"loaddate":1568217705000,"mtfcc_code":"S1200","name":"Washington St W","objectid":30425974,"permanent_identifier":"3f21549a-1939-4c22-bbb2-5c5e8bada436","real_world_relation":"REFERENCE_ONLY","shape_Length":83.25395353131327,"source_datadesc":"2016 January MAFTIGER","source_datasetid":"{9298FF95-0FA8-4712-9AA5-9292C907CA63}","source_featureid":"1101747019661","source_id":"REF-KANAWHA-SECONDARY-ROADS","source_originator":"U.S. Department of Commerce, U.S. Census Bureau, Geography Division","state_route":null,"state_route_a":null,"state_route_b":null,"state_route_c":null,"stco_fipscode":"54039","tnmfrc":2,"us_route":"60","us_route_a":"60","us_route_b":null,"us_route_c":null},"type":"Feature"},{"geometry":{"coordinates":[[-81.471294,38.20636],[-81.469852,38.207231],[-81.469709,38.207323]],"type":"LineString"},"id":"REF-KANAWHA-SECONDARY-ROADS-417","properties":{"canon_status":"REAL_REFERENCE","county_route":null,"federal_lands_route":null,"fictionality":"REAL","globalid":"{B603D26B-0EBE-4828-88F4-D52359560C1D}","interstate":null,"interstate_a":null,"interstate_b":null,"interstate_c":null,"loaddate":1474003130000,"mtfcc_code":"S1200","name":"E Dupont Ave","objectid":30466562,"permanent_identifier":"26f1330e-9144-4e83-af17-4deaec7a4446","real_world_relation":"REFERENCE_ONLY","shape_Length":223.04122382682723,"source_datadesc":"2016 January MAFTIGER","source_datasetid":"{9298FF95-0FA8-4712-9AA5-9292C907CA63}","source_featureid":"1104469613929","source_id":"REF-KANAWHA-SECONDARY-ROADS","source_originator":"U.S. Department of Commerce, U.S. Census Bureau, Geography Division","state_route":null,"state_route_a":null,"state_route_b":null,"state_route_c":null,"stco_fipscode":"54039","tnmfrc":2,"us_route":"60","us_route_a":"60","us_route_b":null,"us_route_c":null},"type":"Feature"},{"geometry":{"coordinates":[[-81.56162,38.285859],[-81.561275,38.286731],[-81.561105,38.287137],[-81.560784,38.287938],[-81.560618,38.288369],[-81.560444,38.288766],[-81.560148,38.289524]],"type":"LineString"},"id":"REF-KANAWHA-SECONDARY-ROADS-418","properties":{"canon_status":"REAL_REFERENCE","county_route":null,"federal_lands_route":null,"fictionality":"REAL","globalid":"{6755C4BC-6E87-4D3A-9878-0D9980433B34}","interstate":null,"interstate_a":null,"interstate_b":null,"interstate_c":null,"loaddate":1568217705000,"mtfcc_code":"S1200","name":"Kanawha St","objectid":30554452,"permanent_identifier":"e43667b6-f2cb-48d5-86c5-188857863b03","real_world_relation":"REFERENCE_ONLY","shape_Length":545.0380593329388,"source_datadesc":"2018 May MAF/TIGER","source_datasetid":"{9298FF95-0FA8-4712-9AA5-9292C907CA63}","source_featureid":"1101747016794","source_id":"REF-KANAWHA-SECONDARY-ROADS","source_originator":"U.S. Department of Commerce, U.S. Census Bureau, Geography Division","state_route":null,"state_route_a":null,"state_route_b":null,"state_route_c":null,"stco_fipscode":"54039","tnmfrc":2,"us_route":"60","us_route_a":"60","us_route_b":null,"us_route_c":null},"type":"Feature"},{"geometry":{"coordinates":[[-81.500474,38.202107],[-81.500204,38.201851],[-81.500019,38.201687],[-81.499724,38.201451],[-81.499392,38.201222],[-81.499077,38.201032],[-81.498929,38.200952],[-81.498607,38.200789],[-81.498237,38.200627],[-81.497743,38.200446],[-81.497492,38.200369],[-81.497203,38.200292],[-81.496835,38.200203],[-81.496656,38.200163],[-81.496442,38.200116],[-81.496006,38.200027]],"type":"LineString"},"id":"REF-KANAWHA-SECONDARY-ROADS-419","properties":{"canon_status":"REAL_REFERENCE","county_route":null,"federal_lands_route":null,"fictionality":"REAL","globalid":"{25E4AFD4-B4A3-4852-B28A-0ED3B7E4BA49}","interstate":null,"interstate_a":null,"interstate_b":null,"interstate_c":null,"loaddate":1568217705000,"mtfcc_code":"S1200","name":"Sheldon Ln","objectid":30554510,"permanent_identifier":"4505b498-5090-4c07-a816-c1a23a371eaf","real_world_relation":"REFERENCE_ONLY","shape_Length":591.2707841857572,"source_datadesc":"2016 January MAFTIGER","source_datasetid":"{9298FF95-0FA8-4712-9AA5-9292C907CA63}","source_featureid":"1104469097844","source_id":"REF-KANAWHA-SECONDARY-ROADS","source_originator":"U.S. Department of Commerce, U.S. Census Bureau, Geography Division","state_route":null,"state_route_a":null,"state_route_b":null,"state_route_c":null,"stco_fipscode":"54039","tnmfrc":2,"us_route":"60","us_route_a":"60","us_route_b":null,"us_route_c":null},"type":"Feature"},{"geometry":{"coordinates":[[-81.62829,38.347902],[-81.627732,38.347445],[-81.626779,38.346643]],"type":"LineString"},"id":"REF-KANAWHA-SECONDARY-ROADS-420","properties":{"canon_status":"REAL_REFERENCE","county_route":null,"federal_lands_route":null,"fictionality":"REAL","globalid":"{39517B9C-FFA4-4366-B096-5C1DCF922B37}","interstate":null,"interstate_a":null,"interstate_b":null,"interstate_c":null,"loaddate":1474003098000,"mtfcc_code":"S1200","name":"Washington St E","objectid":30595455,"permanent_identifier":"64db4425-bbfc-4e26-8ebf-08553c9ea634","real_world_relation":"REFERENCE_ONLY","shape_Length":245.41843213768374,"source_datadesc":"2016 January MAFTIGER","source_datasetid":"{9298FF95-0FA8-4712-9AA5-9292C907CA63}","source_featureid":"1101747019658","source_id":"REF-KANAWHA-SECONDARY-ROADS","source_originator":"U.S. Department of Commerce, U.S. Census Bureau, Geography Division","state_route":null,"state_route_a":null,"state_route_b":null,"state_route_c":null,"stco_fipscode":"54039","tnmfrc":2,"us_route":"60","us_route_a":"60","us_route_b":null,"us_route_c":null},"type":"Feature"},{"geometry":{"coordinates":[[-81.608172,38.335086],[-81.607339,38.334996]],"type":"LineString"},"id":"REF-KANAWHA-SECONDARY-ROADS-421","properties":{"canon_status":"REAL_REFERENCE","county_route":null,"federal_lands_route":null,"fictionality":"REAL","globalid":"{72DE5D5A-BF34-4FFF-ADBD-D8FB717596F3}","interstate":null,"interstate_a":null,"interstate_b":null,"interstate_c":null,"loaddate":1474002804000,"mtfcc_code":"S1200","name":"Kanawha Blvd E","objectid":30723808,"permanent_identifier":"9e6cb120-68ae-47b6-bafe-fbfe4a20f563","real_world_relation":"REFERENCE_ONLY","shape_Length":93.60460855697139,"source_datadesc":"2016 January MAFTIGER","source_datasetid":"{9298FF95-0FA8-4712-9AA5-9292C907CA63}","source_featureid":"1101747016798","source_id":"REF-KANAWHA-SECONDARY-ROADS","source_originator":"U.S. Department of Commerce, U.S. Census Bureau, Geography Division","state_route":null,"state_route_a":null,"state_route_b":null,"state_route_c":null,"stco_fipscode":"54039","tnmfrc":2,"us_route":"60","us_route_a":"60","us_route_b":null,"us_route_c":null},"type":"Feature"},{"geometry":{"coordinates":[[-81.642463,38.36348],[-81.642538,38.36357]],"type":"LineString"},"id":"REF-KANAWHA-SECONDARY-ROADS-422","properties":{"canon_status":"REAL_REFERENCE","county_route":null,"federal_lands_route":null,"fictionality":"REAL","globalid":"{BA49E107-B085-468A-B771-3A477599E39F}","interstate":null,"interstate_a":null,"interstate_b":null,"interstate_c":null,"loaddate":1474002150000,"mtfcc_code":"S1200","name":"Washington St W","objectid":30852958,"permanent_identifier":"8943469f-fdfc-49b1-87c6-5b8ea267d282","real_world_relation":"REFERENCE_ONLY","shape_Length":15.263310176540045,"source_datadesc":"2016 January MAFTIGER","source_datasetid":"{9298FF95-0FA8-4712-9AA5-9292C907CA63}","source_featureid":"1101747019661","source_id":"REF-KANAWHA-SECONDARY-ROADS","source_originator":"U.S. Department of Commerce, U.S. Census Bureau, Geography Division","state_route":null,"state_route_a":null,"state_route_b":null,"state_route_c":null,"stco_fipscode":"54039","tnmfrc":2,"us_route":"60","us_route_a":"60","us_route_b":null,"us_route_c":null},"type":"Feature"},{"geometry":{"coordinates":[[-81.664556,38.373991],[-81.664604,38.374017],[-81.664716,38.374088],[-81.664906,38.374238],[-81.66501,38.374335],[-81.665112,38.374448],[-81.665192,38.374545]],"type":"LineString"},"id":"REF-KANAWHA-SECONDARY-ROADS-423","properties":{"canon_status":"REAL_REFERENCE","county_route":null,"federal_lands_route":null,"fictionality":"REAL","globalid":"{B7A2C5BD-7FEA-4970-91B4-A9B153926370}","interstate":null,"interstate_a":null,"interstate_b":null,"interstate_c":null,"loaddate":1474001774000,"mtfcc_code":"S1200","name":"Washington St W","objectid":30981124,"permanent_identifier":"e77096cf-cc0c-456d-a617-356461184c55","real_world_relation":"REFERENCE_ONLY","shape_Length":106.59634388399638,"source_datadesc":"2016 January MAFTIGER","source_datasetid":"{9298FF95-0FA8-4712-9AA5-9292C907CA63}","source_featureid":"1101747019661","source_id":"REF-KANAWHA-SECONDARY-ROADS","source_originator":"U.S. Department of Commerce, U.S. Census Bureau, Geography Division","state_route":null,"state_route_a":null,"state_route_b":null,"state_route_c":null,"stco_fipscode":"54039","tnmfrc":2,"us_route":"60","us_route_a":"60","us_route_b":null,"us_route_c":null},"type":"Feature"},{"geometry":{"coordinates":[[-81.58362,38.331305],[-81.5833,38.331175],[-81.582374,38.330776]],"type":"LineString"},"id":"REF-KANAWHA-SECONDARY-ROADS-424","properties":{"canon_status":"REAL_REFERENCE","county_route":null,"federal_lands_route":null,"fictionality":"REAL","globalid":"{0DB88B25-34BD-4FA4-9624-1029A2645F25}","interstate":null,"interstate_a":null,"interstate_b":null,"interstate_c":null,"loaddate":1474002524000,"mtfcc_code":"S1200","name":"Kanawha Blvd E","objectid":31367305,"permanent_identifier":"db031ab2-23ab-4393-9f2f-abdb970711bf","real_world_relation":"REFERENCE_ONLY","shape_Length":157.72505762368357,"source_datadesc":"2016 January MAFTIGER","source_datasetid":"{9298FF95-0FA8-4712-9AA5-9292C907CA63}","source_featureid":"1101747016796","source_id":"REF-KANAWHA-SECONDARY-ROADS","source_originator":"U.S. Department of Commerce, U.S. Census Bureau, Geography Division","state_route":null,"state_route_a":null,"state_route_b":null,"state_route_c":null,"stco_fipscode":"54039","tnmfrc":2,"us_route":"60","us_route_a":"60","us_route_b":null,"us_route_c":null},"type":"Feature"},{"geometry":{"coordinates":[[-81.619153,38.362275],[-81.619611,38.362109]],"type":"LineString"},"id":"REF-KANAWHA-SECONDARY-ROADS-425","properties":{"canon_status":"REAL_REFERENCE","county_route":null,"federal_lands_route":null,"fictionality":"REAL","globalid":"{52A04D5B-4FB8-46FD-AABF-C10E692A179F}","interstate":null,"interstate_a":null,"interstate_b":null,"interstate_c":null,"loaddate":1474001912000,"mtfcc_code":"S1200","name":"Bigley Ave","objectid":31367356,"permanent_identifier":"9d530f4b-cf2a-4dd5-a741-78e8dcc41498","real_world_relation":"REFERENCE_ONLY","shape_Length":56.16775984157127,"source_datadesc":"2016 January MAFTIGER","source_datasetid":"{9298FF95-0FA8-4712-9AA5-9292C907CA63}","source_featureid":"1101747015031","source_id":"REF-KANAWHA-SECONDARY-ROADS","source_originator":"U.S. Department of Commerce, U.S. Census Bureau, Geography Division","state_route":null,"state_route_a":null,"state_route_b":null,"state_route_c":null,"stco_fipscode":"54039","tnmfrc":2,"us_route":"119","us_route_a":"119","us_route_b":null,"us_route_c":null},"type":"Feature"},{"geometry":{"coordinates":[[-81.617162,38.340768],[-81.616536,38.340447]],"type":"LineString"},"id":"REF-KANAWHA-SECONDARY-ROADS-426","properties":{"canon_status":"REAL_REFERENCE","county_route":null,"federal_lands_route":null,"fictionality":"REAL","globalid":"{754958F1-16AB-4607-915A-0E9F40C406D9}","interstate":null,"interstate_a":null,"interstate_b":null,"interstate_c":null,"loaddate":1474003098000,"mtfcc_code":"S1200","name":"Washington St E","objectid":31367401,"permanent_identifier":"3ab8832b-44c5-4e89-b4cf-ee56bc0b9260","real_world_relation":"REFERENCE_ONLY","shape_Length":83.25719834866244,"source_datadesc":"2016 January MAFTIGER","source_datasetid":"{9298FF95-0FA8-4712-9AA5-9292C907CA63}","source_featureid":"1101747019658","source_id":"REF-KANAWHA-SECONDARY-ROADS","source_originator":"U.S. Department of Commerce, U.S. Census Bureau, Geography Division","state_route":null,"state_route_a":null,"state_route_b":null,"state_route_c":null,"stco_fipscode":"54039","tnmfrc":2,"us_route":"60","us_route_a":"60","us_route_b":null,"us_route_c":null},"type":"Feature"},{"geometry":{"coordinates":[[-81.631507,38.359824],[-81.631238,38.359814]],"type":"LineString"},"id":"REF-KANAWHA-SECONDARY-ROADS-427","properties":{"canon_status":"REAL_REFERENCE","county_route":null,"federal_lands_route":null,"fictionality":"REAL","globalid":"{A88C18CC-D1B7-4A34-8ACD-0F521FF0018A}","interstate":null,"interstate_a":null,"interstate_b":null,"interstate_c":null,"loaddate":1474002471000,"mtfcc_code":"S1200","name":"Pennsylvania Ave","objectid":31367677,"permanent_identifier":"99d024c6-eda0-416e-adbe-a4593f1dd233","real_world_relation":"REFERENCE_ONLY","shape_Length":29.97853539017267,"source_datadesc":"2016 January MAFTIGER","source_datasetid":"{9298FF95-0FA8-4712-9AA5-9292C907CA63}","source_featureid":"1101747020370","source_id":"REF-KANAWHA-SECONDARY-ROADS","source_originator":"U.S. Department of Commerce, U.S. Census Bureau, Geography Division","state_route":null,"state_route_a":null,"state_route_b":null,"state_route_c":null,"stco_fipscode":"54039","tnmfrc":2,"us_route":"119","us_route_a":"119","us_route_b":null,"us_route_c":null},"type":"Feature"},{"geometry":{"coordinates":[[-81.516448,38.214578],[-81.51597,38.214239],[-81.515651,38.214029],[-81.515429,38.21389],[-81.515175,38.213743],[-81.514858,38.213574],[-81.514463,38.213377],[-81.512556,38.212455],[-81.511997,38.21217],[-81.511473,38.211889],[-81.510667,38.211433],[-81.510113,38.211094]],"type":"LineString"},"id":"REF-KANAWHA-SECONDARY-ROADS-428","properties":{"canon_status":"REAL_REFERENCE","county_route":null,"federal_lands_route":null,"fictionality":"REAL","globalid":"{71F29DC0-9588-484B-A774-49EEFF9B8F9E}","interstate":null,"interstate_a":null,"interstate_b":null,"interstate_c":null,"loaddate":1474003190000,"mtfcc_code":"S1200","name":"E Dupont Ave","objectid":31496285,"permanent_identifier":"804f289e-3cd4-43bc-96ef-8994fdabd229","real_world_relation":"REFERENCE_ONLY","shape_Length":862.2419456780833,"source_datadesc":"2016 January MAFTIGER","source_datasetid":"{9298FF95-0FA8-4712-9AA5-9292C907CA63}","source_featureid":"1101747015238","source_id":"REF-KANAWHA-SECONDARY-ROADS","source_originator":"U.S. Department of Commerce, U.S. Census Bureau, Geography Division","state_route":null,"state_route_a":null,"state_route_b":null,"state_route_c":null,"stco_fipscode":"54039","tnmfrc":2,"us_route":"60","us_route_a":"60","us_route_b":null,"us_route_c":null},"type":"Feature"},{"geometry":{"coordinates":[[-81.667558,38.367894],[-81.667505,38.367983]],"type":"LineString"},"id":"REF-KANAWHA-SECONDARY-ROADS-429","properties":{"canon_status":"REAL_REFERENCE","county_route":null,"federal_lands_route":null,"fictionality":"REAL","globalid":"{910678CE-8027-4A30-B147-47471F2B7301}","interstate":null,"interstate_a":null,"interstate_b":null,"interstate_c":null,"loaddate":1474002007000,"mtfcc_code":"S1200","name":"Patrick St","objectid":31624834,"permanent_identifier":"f02443eb-188a-4fa5-a6af-0c627ef28452","real_world_relation":"REFERENCE_ONLY","shape_Length":13.945917142508655,"source_datadesc":"2016 January MAFTIGER","source_datasetid":"{9298FF95-0FA8-4712-9AA5-9292C907CA63}","source_featureid":"1101747017055","source_id":"REF-KANAWHA-SECONDARY-ROADS","source_originator":"U.S. Department of Commerce, U.S. Census Bureau, Geography Division","state_route":null,"state_route_a":null,"state_route_b":null,"state_route_c":null,"stco_fipscode":"54039","tnmfrc":2,"us_route":"60","us_route_a":"60","us_route_b":null,"us_route_c":null},"type":"Feature"},{"geometry":{"coordinates":[[-81.620572,38.342381],[-81.619032,38.341652]],"type":"LineString"},"id":"REF-KANAWHA-SECONDARY-ROADS-430","properties":{"canon_status":"REAL_REFERENCE","county_route":null,"federal_lands_route":null,"fictionality":"REAL","globalid":"{E4FB650C-7CCC-40D2-8452-9015A00BC2AD}","interstate":null,"interstate_a":null,"interstate_b":null,"interstate_c":null,"loaddate":1474003098000,"mtfcc_code":"S1200","name":"Washington St E","objectid":31625227,"permanent_identifier":"49f953fe-305b-4ead-bbd8-bdc82b77913a","real_world_relation":"REFERENCE_ONLY","shape_Length":200.23618517405254,"source_datadesc":"2016 January MAFTIGER","source_datasetid":"{9298FF95-0FA8-4712-9AA5-9292C907CA63}","source_featureid":"1101747019658","source_id":"REF-KANAWHA-SECONDARY-ROADS","source_originator":"U.S. Department of Commerce, U.S. Census Bureau, Geography Division","state_route":null,"state_route_a":null,"state_route_b":null,"state_route_c":null,"stco_fipscode":"54039","tnmfrc":2,"us_route":"60","us_route_a":"60","us_route_b":null,"us_route_c":null},"type":"Feature"},{"geometry":{"coordinates":[[-81.648731,38.350682],[-81.648541,38.350933],[-81.64788,38.351841],[-81.647699,38.352116],[-81.647254,38.35279]],"type":"LineString"},"id":"REF-KANAWHA-SECONDARY-ROADS-431","properties":{"canon_status":"REAL_REFERENCE","county_route":null,"federal_lands_route":null,"fictionality":"REAL","globalid":"{F896CBDB-5DCE-4259-9F08-F471104500BE}","interstate":null,"interstate_a":null,"interstate_b":null,"interstate_c":null,"loaddate":1568217705000,"mtfcc_code":"S1200","name":"US Hwy 119","objectid":31712334,"permanent_identifier":"91a45072-9362-4a5d-a95c-1384f65c9fb9","real_world_relation":"REFERENCE_ONLY","shape_Length":341.51747290957786,"source_datadesc":"2016 January MAFTIGER","source_datasetid":"{9298FF95-0FA8-4712-9AA5-9292C907CA63}","source_featureid":"1101747011827","source_id":"REF-KANAWHA-SECONDARY-ROADS","source_originator":"U.S. Department of Commerce, U.S. Census Bureau, Geography Division","state_route":null,"state_route_a":null,"state_route_b":null,"state_route_c":null,"stco_fipscode":"54039","tnmfrc":2,"us_route":"119","us_route_a":"119","us_route_b":null,"us_route_c":null},"type":"Feature"},{"geometry":{"coordinates":[[-81.65098,38.349001],[-81.650466,38.348761]],"type":"LineString"},"id":"REF-KANAWHA-SECONDARY-ROADS-432","properties":{"canon_status":"REAL_REFERENCE","county_route":null,"federal_lands_route":null,"fictionality":"REAL","globalid":"{45C2517E-8DAF-44F2-A2BA-1754C434BCA4}","interstate":null,"interstate_a":null,"interstate_b":null,"interstate_c":null,"loaddate":1568217705000,"mtfcc_code":"S1200","name":"US Hwy 119","objectid":31712381,"permanent_identifier":"8e28a1a7-aac0-473d-8056-2e1ccd0b24c3","real_world_relation":"REFERENCE_ONLY","shape_Length":66.5324529549161,"source_datadesc":"2018 May MAF/TIGER","source_datasetid":"{9298FF95-0FA8-4712-9AA5-9292C907CA63}","source_featureid":"1101747011816","source_id":"REF-KANAWHA-SECONDARY-ROADS","source_originator":"U.S. Department of Commerce, U.S. Census Bureau, Geography Division","state_route":null,"state_route_a":null,"state_route_b":null,"state_route_c":null,"stco_fipscode":"54039","tnmfrc":2,"us_route":"119","us_route_a":"119","us_route_b":null,"us_route_c":null},"type":"Feature"},{"geometry":{"coordinates":[[-81.560421,38.315238],[-81.560574,38.31545],[-81.560843,38.315802]],"type":"LineString"},"id":"REF-KANAWHA-SECONDARY-ROADS-433","properties":{"canon_status":"REAL_REFERENCE","county_route":null,"federal_lands_route":null,"fictionality":"REAL","globalid":"{3FDD3BF0-F092-45CC-8910-E979DF32CFEB}","interstate":null,"interstate_a":null,"interstate_b":null,"interstate_c":null,"loaddate":1474002011000,"mtfcc_code":"S1200","name":"Kanawha St","objectid":31881840,"permanent_identifier":"a86b8be4-5adb-411d-9067-03322e57484c","real_world_relation":"REFERENCE_ONLY","shape_Length":92.79674026066104,"source_datadesc":"2016 January MAFTIGER","source_datasetid":"{9298FF95-0FA8-4712-9AA5-9292C907CA63}","source_featureid":"1101747016794","source_id":"REF-KANAWHA-SECONDARY-ROADS","source_originator":"U.S. Department of Commerce, U.S. Census Bureau, Geography Division","state_route":null,"state_route_a":null,"state_route_b":null,"state_route_c":null,"stco_fipscode":"54039","tnmfrc":2,"us_route":"60","us_route_a":"60","us_route_b":null,"us_route_c":null},"type":"Feature"},{"geometry":{"coordinates":[[-81.640303,38.359024],[-81.640275,38.359033]],"type":"LineString"},"id":"REF-KANAWHA-SECONDARY-ROADS-434","properties":{"canon_status":"REAL_REFERENCE","county_route":null,"federal_lands_route":null,"fictionality":"REAL","globalid":"{9C1C42C4-032C-4898-AD17-0A4B02288D80}","interstate":null,"interstate_a":null,"interstate_b":null,"interstate_c":null,"loaddate":1474002471000,"mtfcc_code":"S1200","name":"Pennsylvania Ave","objectid":31882098,"permanent_identifier":"a2cdd4f8-77c7-4272-bf58-574f84c82bf2","real_world_relation":"REFERENCE_ONLY","shape_Length":3.368709885429153,"source_datadesc":"2016 January MAFTIGER","source_datasetid":"{9298FF95-0FA8-4712-9AA5-9292C907CA63}","source_featureid":"1101747020370","source_id":"REF-KANAWHA-SECONDARY-ROADS","source_originator":"U.S. Department of Commerce, U.S. Census Bureau, Geography Division","state_route":null,"state_route_a":null,"state_route_b":null,"state_route_c":null,"stco_fipscode":"54039","tnmfrc":2,"us_route":"119","us_route_a":"119","us_route_b":null,"us_route_c":null},"type":"Feature"},{"geometry":{"coordinates":[[-81.587141,38.332579],[-81.586537,38.332402],[-81.586492,38.332387],[-81.58587,38.332184],[-81.58508,38.331887]],"type":"LineString"},"id":"REF-KANAWHA-SECONDARY-ROADS-435","properties":{"canon_status":"REAL_REFERENCE","county_route":null,"federal_lands_route":null,"fictionality":"REAL","globalid":"{98DBEFB7-58EE-4474-8819-4453E6653B54}","interstate":null,"interstate_a":null,"interstate_b":null,"interstate_c":null,"loaddate":1474002524000,"mtfcc_code":"S1200","name":"Kanawha Blvd E","objectid":32140457,"permanent_identifier":"cf411978-98af-4b91-8c5a-f55e6f833ad3","real_world_relation":"REFERENCE_ONLY","shape_Length":249.73392027223628,"source_datadesc":"2016 January MAFTIGER","source_datasetid":"{9298FF95-0FA8-4712-9AA5-9292C907CA63}","source_featureid":"1101747016796","source_id":"REF-KANAWHA-SECONDARY-ROADS","source_originator":"U.S. Department of Commerce, U.S. Census Bureau, Geography Division","state_route":null,"state_route_a":null,"state_route_b":null,"state_route_c":null,"stco_fipscode":"54039","tnmfrc":2,"us_route":"60","us_route_a":"60","us_route_b":null,"us_route_c":null},"type":"Feature"},{"geometry":{"coordinates":[[-81.641137,38.361011],[-81.641268,38.361336]],"type":"LineString"},"id":"REF-KANAWHA-SECONDARY-ROADS-436","properties":{"canon_status":"REAL_REFERENCE","county_route":null,"federal_lands_route":null,"fictionality":"REAL","globalid":"{B5F8768F-CAC0-4AED-BE28-77AFD5CE5ADC}","interstate":null,"interstate_a":null,"interstate_b":null,"interstate_c":null,"loaddate":1474002157000,"mtfcc_code":"S1200","name":"Washington St W","objectid":32527819,"permanent_identifier":"cf84f29d-3bba-482e-b3c4-0edd5a81cc5a","real_world_relation":"REFERENCE_ONLY","shape_Length":48.389358047305585,"source_datadesc":"2016 January MAFTIGER","source_datasetid":"{9298FF95-0FA8-4712-9AA5-9292C907CA63}","source_featureid":"1101747019661","source_id":"REF-KANAWHA-SECONDARY-ROADS","source_originator":"U.S. Department of Commerce, U.S. Census Bureau, Geography Division","state_route":null,"state_route_a":null,"state_route_b":null,"state_route_c":null,"stco_fipscode":"54039","tnmfrc":2,"us_route":"60","us_route_a":"60","us_route_b":null,"us_route_c":null},"type":"Feature"},{"geometry":{"coordinates":[[-81.670479,38.363481],[-81.670409,38.363519]],"type":"LineString"},"id":"REF-KANAWHA-SECONDARY-ROADS-437","properties":{"canon_status":"REAL_REFERENCE","county_route":null,"federal_lands_route":null,"fictionality":"REAL","globalid":"{BA6C1EA1-845E-4831-9B6A-A6C5F9BCA100}","interstate":null,"interstate_a":null,"interstate_b":null,"interstate_c":null,"loaddate":1474001939000,"mtfcc_code":"S1200","name":"Patrick St","objectid":32656940,"permanent_identifier":"0a8a889d-589e-4e9a-bb5b-8045dead58e9","real_world_relation":"REFERENCE_ONLY","shape_Length":9.477681351296921,"source_datadesc":"2016 January MAFTIGER","source_datasetid":"{9298FF95-0FA8-4712-9AA5-9292C907CA63}","source_featureid":"1101747017054","source_id":"REF-KANAWHA-SECONDARY-ROADS","source_originator":"U.S. Department of Commerce, U.S. Census Bureau, Geography Division","state_route":null,"state_route_a":null,"state_route_b":null,"state_route_c":null,"stco_fipscode":"54039","tnmfrc":2,"us_route":"60","us_route_a":"60","us_route_b":null,"us_route_c":null},"type":"Feature"}],"type":"FeatureCollection"}
