{"features":[{"geometry":{"coordinates":[[-121.475565,38.610351],[-121.475583,38.608543]],"type":"LineString"},"id":"REF-SACRAMENTO-LOCAL-ROADS-1","properties":{"canon_status":"REAL_REFERENCE","county_route":null,"federal_lands_route":null,"fictionality":"REAL","globalid":"{660EB0A3-B104-4CCE-A008-0332EF5828A0}","interstate":null,"interstate_a":null,"interstate_b":null,"interstate_c":null,"loaddate":1533980503000,"mtfcc_code":"S1400","name":"Northgate Blvd","objectid":97832,"permanent_identifier":"a4bd3cbb-8c5e-4bce-976e-92da056c6813","real_world_relation":"REFERENCE_ONLY","shape_Length":257.57259444768545,"source_datadesc":"2016 October MAFTIGER","source_datasetid":"{155E1578-FAD5-4709-A194-6F828C31A01F}","source_featureid":"110874149115","source_id":"REF-SACRAMENTO-LOCAL-ROADS","source_originator":"U.S. Department of Commerce, U.S. Census Bureau, Geography Division","state_route":null,"state_route_a":null,"state_route_b":null,"state_route_c":null,"stco_fipscode":"06067","tnmfrc":4,"us_route":null,"us_route_a":null,"us_route_b":null,"us_route_c":null},"type":"Feature"},{"geometry":{"coordinates":[[-121.504614,38.582046],[-121.504835,38.58154]],"type":"LineString"},"id":"REF-SACRAMENTO-LOCAL-ROADS-2","properties":{"canon_status":"REAL_REFERENCE","county_route":null,"federal_lands_route":null,"fictionality":"REAL","globalid":"{59B7C966-360F-4426-B5ED-84EE8C84F26D}","interstate":null,"interstate_a":null,"interstate_b":null,"interstate_c":null,"loaddate":1533980624000,"mtfcc_code":"S1400","name":"2nd St","objectid":98018,"permanent_identifier":"e94a281c-aa76-44e6-a04b-a5a86a7d05f3","real_world_relation":"REFERENCE_ONLY","shape_Length":76.14023036932916,"source_datadesc":"2016 October MAFTIGER","source_datasetid":"{155E1578-FAD5-4709-A194-6F828C31A01F}","source_featureid":"1105598239669","source_id":"REF-SACRAMENTO-LOCAL-ROADS","source_originator":"U.S. Department of Commerce, U.S. Census Bureau, Geography Division","state_route":null,"state_route_a":null,"state_route_b":null,"state_route_c":null,"stco_fipscode":"06067","tnmfrc":4,"us_route":null,"us_route_a":null,"us_route_b":null,"us_route_c":null},"type":"Feature"},{"geometry":{"coordinates":[[-121.495194,38.583211],[-121.493881,38.582861]],"type":"LineString"},"id":"REF-SACRAMENTO-LOCAL-ROADS-3","properties":{"canon_status":"REAL_REFERENCE","county_route":null,"federal_lands_route":null,"fictionality":"REAL","globalid":"{729BDF6A-45F3-47BE-9205-F8573EB48FA4}","interstate":null,"interstate_a":null,"interstate_b":null,"interstate_c":null,"loaddate":1533980466000,"mtfcc_code":"S1400","name":"H St","objectid":98439,"permanent_identifier":"c7a1f7bb-5c7b-401f-be64-62d976013ce6","real_world_relation":"REFERENCE_ONLY","shape_Length":154.427042121966,"source_datadesc":"2016 October MAFTIGER","source_datasetid":"{155E1578-FAD5-4709-A194-6F828C31A01F}","source_featureid":"1104994081186","source_id":"REF-SACRAMENTO-LOCAL-ROADS","source_originator":"U.S. Department of Commerce, U.S. Census Bureau, Geography Division","state_route":null,"state_route_a":null,"state_route_b":null,"state_route_c":null,"stco_fipscode":"06067","tnmfrc":4,"us_route":null,"us_route_a":null,"us_route_b":null,"us_route_c":null},"type":"Feature"},{"geometry":{"coordinates":[[-121.480818,38.584873],[-121.481056,38.584323]],"type":"LineString"},"id":"REF-SACRAMENTO-LOCAL-ROADS-4","properties":{"canon_status":"REAL_REFERENCE","county_route":null,"federal_lands_route":null,"fictionality":"REAL","globalid":"{1908D359-A16F-4762-9562-23A5CE68C7A3}","interstate":null,"interstate_a":null,"interstate_b":null,"interstate_c":null,"loaddate":1533980508000,"mtfcc_code":"S1400","name":"17th St","objectid":98538,"permanent_identifier":"8f1619bd-dfc4-4728-bd72-b7733ba6ed0e","real_world_relation":"REFERENCE_ONLY","shape_Length":82.68456724351654,"source_datadesc":"2016 October MAFTIGER","source_datasetid":"{155E1578-FAD5-4709-A194-6F828C31A01F}","source_featureid":"110873857870","source_id":"REF-SACRAMENTO-LOCAL-ROADS","source_originator":"U.S. Department of Commerce, U.S. Census Bureau, Geography Division","state_route":null,"state_route_a":null,"state_route_b":null,"state_route_c":null,"stco_fipscode":"06067","tnmfrc":4,"us_route":null,"us_route_a":null,"us_route_b":null,"us_route_c":null},"type":"Feature"},{"geometry":{"coordinates":[[-121.47178,38.605779],[-121.475614,38.60582]],"type":"LineString"},"id":"REF-SACRAMENTO-LOCAL-ROADS-5","properties":{"canon_status":"REAL_REFERENCE","county_route":null,"federal_lands_route":null,"fictionality":"REAL","globalid":"{D6596972-0070-4907-8A92-18941C8A6192}","interstate":null,"interstate_a":null,"interstate_b":null,"interstate_c":null,"loaddate":1533980423000,"mtfcc_code":"S1400","name":"Columbus Ave","objectid":98689,"permanent_identifier":"cabc83a9-c784-4bb8-be17-86617963562d","real_world_relation":"REFERENCE_ONLY","shape_Length":426.83895871123326,"source_datadesc":"2016 October MAFTIGER","source_datasetid":"{155E1578-FAD5-4709-A194-6F828C31A01F}","source_featureid":"110873972021","source_id":"REF-SACRAMENTO-LOCAL-ROADS","source_originator":"U.S. Department of Commerce, U.S. Census Bureau, Geography Division","state_route":null,"state_route_a":null,"state_route_b":null,"state_route_c":null,"stco_fipscode":"06067","tnmfrc":4,"us_route":null,"us_route_a":null,"us_route_b":null,"us_route_c":null},"type":"Feature"},{"geometry":{"coordinates":[[-121.496523,38.583565],[-121.495194,38.583211]],"type":"LineString"},"id":"REF-SACRAMENTO-LOCAL-ROADS-6","properties":{"canon_status":"REAL_REFERENCE","county_route":null,"federal_lands_route":null,"fictionality":"REAL","globalid":"{506D4868-3258-4C03-A6B9-6B50448A3FFD}","interstate":null,"interstate_a":null,"interstate_b":null,"interstate_c":null,"loaddate":1533980466000,"mtfcc_code":"S1400","name":"H St","objectid":225227,"permanent_identifier":"808d43ab-6987-452a-9640-d3411d5d2a7f","real_world_relation":"REFERENCE_ONLY","shape_Length":156.29673202641507,"source_datadesc":"2016 October MAFTIGER","source_datasetid":"{155E1578-FAD5-4709-A194-6F828C31A01F}","source_featureid":"1104994081186","source_id":"REF-SACRAMENTO-LOCAL-ROADS","source_originator":"U.S. Department of Commerce, U.S. Census Bureau, Geography Division","state_route":null,"state_route_a":null,"state_route_b":null,"state_route_c":null,"stco_fipscode":"06067","tnmfrc":4,"us_route":null,"us_route_a":null,"us_route_b":null,"us_route_c":null},"type":"Feature"},{"geometry":{"coordinates":[[-121.485602,38.598511],[-121.484769,38.598265],[-121.484574,38.598198],[-121.484405,38.598128],[-121.483072,38.597433]],"type":"LineString"},"id":"REF-SACRAMENTO-LOCAL-ROADS-7","properties":{"canon_status":"REAL_REFERENCE","county_route":null,"federal_lands_route":null,"fictionality":"REAL","globalid":"{ADB1E5A1-D07F-4309-9066-7819C6CBDD9F}","interstate":null,"interstate_a":null,"interstate_b":null,"interstate_c":null,"loaddate":1533980493000,"mtfcc_code":"S1400","name":"Vine St","objectid":225528,"permanent_identifier":"360caacc-4d86-4bbc-8491-f8d8aeb4270b","real_world_relation":"REFERENCE_ONLY","shape_Length":322.51093661483765,"source_datadesc":"2016 October MAFTIGER","source_datasetid":"{155E1578-FAD5-4709-A194-6F828C31A01F}","source_featureid":"110873936092","source_id":"REF-SACRAMENTO-LOCAL-ROADS","source_originator":"U.S. Department of Commerce, U.S. Census Bureau, Geography Division","state_route":null,"state_route_a":null,"state_route_b":null,"state_route_c":null,"stco_fipscode":"06067","tnmfrc":4,"us_route":null,"us_route_a":null,"us_route_b":null,"us_route_c":null},"type":"Feature"},{"geometry":{"coordinates":[[-121.497439,38.597213],[-121.497432,38.597467],[-121.497418,38.59755],[-121.497394,38.597632],[-121.496518,38.599611]],"type":"LineString"},"id":"REF-SACRAMENTO-LOCAL-ROADS-8","properties":{"canon_status":"REAL_REFERENCE","county_route":null,"federal_lands_route":null,"fictionality":"REAL","globalid":"{193EAC15-5272-43EE-A97B-5DA014B2C195}","interstate":null,"interstate_a":null,"interstate_b":null,"interstate_c":null,"loaddate":1533980488000,"mtfcc_code":"S1400","name":"Sequoia Pacific Blvd","objectid":225577,"permanent_identifier":"69f19b11-7d94-46e8-906e-dcd064415e46","real_world_relation":"REFERENCE_ONLY","shape_Length":358.3661537719879,"source_datadesc":"2016 October MAFTIGER","source_datasetid":"{155E1578-FAD5-4709-A194-6F828C31A01F}","source_featureid":"110874211342","source_id":"REF-SACRAMENTO-LOCAL-ROADS","source_originator":"U.S. Department of Commerce, U.S. Census Bureau, Geography Division","state_route":null,"state_route_a":null,"state_route_b":null,"state_route_c":null,"stco_fipscode":"06067","tnmfrc":4,"us_route":null,"us_route_a":null,"us_route_b":null,"us_route_c":null},"type":"Feature"},{"geometry":{"coordinates":[[-121.503708,38.580584],[-121.502378,38.580229]],"type":"LineString"},"id":"REF-SACRAMENTO-LOCAL-ROADS-9","properties":{"canon_status":"REAL_REFERENCE","county_route":null,"federal_lands_route":null,"fictionality":"REAL","globalid":"{E595BE12-2729-40B6-9299-9AF35C281408}","interstate":null,"interstate_a":null,"interstate_b":null,"interstate_c":null,"loaddate":1533980552000,"mtfcc_code":"S1400","name":"L St","objectid":225802,"permanent_identifier":"183ea113-b71d-4483-9a48-3e424bbc98e2","real_world_relation":"REFERENCE_ONLY","shape_Length":156.44739834567616,"source_datadesc":"2016 October MAFTIGER","source_datasetid":"{155E1578-FAD5-4709-A194-6F828C31A01F}","source_featureid":"110873834539","source_id":"REF-SACRAMENTO-LOCAL-ROADS","source_originator":"U.S. Department of Commerce, U.S. Census Bureau, Geography Division","state_route":null,"state_route_a":null,"state_route_b":null,"state_route_c":null,"stco_fipscode":"06067","tnmfrc":4,"us_route":null,"us_route_a":null,"us_route_b":null,"us_route_c":null},"type":"Feature"},{"geometry":{"coordinates":[[-121.466563,38.603859],[-121.466553,38.605685],[-121.466551,38.606116]],"type":"LineString"},"id":"REF-SACRAMENTO-LOCAL-ROADS-10","properties":{"canon_status":"REAL_REFERENCE","county_route":null,"federal_lands_route":null,"fictionality":"REAL","globalid":"{F41A4420-CA9A-4A0D-A7C4-DEAB6CCC923E}","interstate":null,"interstate_a":null,"interstate_b":null,"interstate_c":null,"loaddate":1533980484000,"mtfcc_code":"S1400","name":"Acoma St","objectid":225907,"permanent_identifier":"519e7ba5-f19b-467f-ba59-f8076d497735","real_world_relation":"REFERENCE_ONLY","shape_Length":321.5113855271119,"source_datadesc":"2016 October MAFTIGER","source_datasetid":"{155E1578-FAD5-4709-A194-6F828C31A01F}","source_featureid":"110873936214","source_id":"REF-SACRAMENTO-LOCAL-ROADS","source_originator":"U.S. Department of Commerce, U.S. Census Bureau, Geography Division","state_route":null,"state_route_a":null,"state_route_b":null,"state_route_c":null,"stco_fipscode":"06067","tnmfrc":4,"us_route":null,"us_route_a":null,"us_route_b":null,"us_route_c":null},"type":"Feature"},{"geometry":{"coordinates":[[-121.493005,38.581405],[-121.493238,38.580868]],"type":"LineString"},"id":"REF-SACRAMENTO-LOCAL-ROADS-11","properties":{"canon_status":"REAL_REFERENCE","county_route":null,"federal_lands_route":null,"fictionality":"REAL","globalid":"{372C3DA6-E6CC-4A4E-88B5-F6B454169A31}","interstate":null,"interstate_a":null,"interstate_b":null,"interstate_c":null,"loaddate":1533980606000,"mtfcc_code":"S1400","name":"10th St","objectid":352339,"permanent_identifier":"67fda947-4366-4961-be8b-8602c5100ea7","real_world_relation":"REFERENCE_ONLY","shape_Length":80.74905336031188,"source_datadesc":"2016 October MAFTIGER","source_datasetid":"{155E1578-FAD5-4709-A194-6F828C31A01F}","source_featureid":"110873853074","source_id":"REF-SACRAMENTO-LOCAL-ROADS","source_originator":"U.S. Department of Commerce, U.S. Census Bureau, Geography Division","state_route":null,"state_route_a":null,"state_route_b":null,"state_route_c":null,"stco_fipscode":"06067","tnmfrc":4,"us_route":null,"us_route_a":null,"us_route_b":null,"us_route_c":null},"type":"Feature"},{"geometry":{"coordinates":[[-121.490238,38.58433],[-121.488912,38.583976]],"type":"LineString"},"id":"REF-SACRAMENTO-LOCAL-ROADS-12","properties":{"canon_status":"REAL_REFERENCE","county_route":null,"federal_lands_route":null,"fictionality":"REAL","globalid":"{72F55E4F-B941-4216-89F5-C0A8E28A10B6}","interstate":null,"interstate_a":null,"interstate_b":null,"interstate_c":null,"loaddate":1533980614000,"mtfcc_code":"S1400","name":"F St","objectid":352368,"permanent_identifier":"6df1593c-3928-49a8-94fc-39c82397dc90","real_world_relation":"REFERENCE_ONLY","shape_Length":155.98090809603823,"source_datadesc":"2016 October MAFTIGER","source_datasetid":"{155E1578-FAD5-4709-A194-6F828C31A01F}","source_featureid":"110873834384","source_id":"REF-SACRAMENTO-LOCAL-ROADS","source_originator":"U.S. Department of Commerce, U.S. Census Bureau, Geography Division","state_route":null,"state_route_a":null,"state_route_b":null,"state_route_c":null,"stco_fipscode":"06067","tnmfrc":4,"us_route":null,"us_route_a":null,"us_route_b":null,"us_route_c":null},"type":"Feature"},{"geometry":{"coordinates":[[-121.489567,38.599615],[-121.487528,38.599078]],"type":"LineString"},"id":"REF-SACRAMENTO-LOCAL-ROADS-13","properties":{"canon_status":"REAL_REFERENCE","county_route":null,"federal_lands_route":null,"fictionality":"REAL","globalid":"{E589B69E-5B14-464E-A949-679F08DC56B6}","interstate":null,"interstate_a":null,"interstate_b":null,"interstate_c":null,"loaddate":1533980513000,"mtfcc_code":"S1400","name":"Vine St","objectid":352399,"permanent_identifier":"6ec53a20-22e5-4108-988b-275f4696e0ef","real_world_relation":"REFERENCE_ONLY","shape_Length":239.52197329750882,"source_datadesc":"2016 October MAFTIGER","source_datasetid":"{155E1578-FAD5-4709-A194-6F828C31A01F}","source_featureid":"1104981937654","source_id":"REF-SACRAMENTO-LOCAL-ROADS","source_originator":"U.S. Department of Commerce, U.S. Census Bureau, Geography Division","state_route":null,"state_route_a":null,"state_route_b":null,"state_route_c":null,"stco_fipscode":"06067","tnmfrc":4,"us_route":null,"us_route_a":null,"us_route_b":null,"us_route_c":null},"type":"Feature"},{"geometry":{"coordinates":[[-121.506224,38.58374],[-121.505951,38.583665],[-121.505452,38.583534]],"type":"LineString"},"id":"REF-SACRAMENTO-LOCAL-ROADS-14","properties":{"canon_status":"REAL_REFERENCE","county_route":null,"federal_lands_route":null,"fictionality":"REAL","globalid":"{46066F19-CAFC-4FF3-83D8-1B102C01D40A}","interstate":null,"interstate_a":null,"interstate_b":null,"interstate_c":null,"loaddate":1533980656000,"mtfcc_code":"S1400","name":"J St","objectid":352644,"permanent_identifier":"b52e6aa3-82a1-4466-b448-c0422f1dfe19","real_world_relation":"REFERENCE_ONLY","shape_Length":90.80981800828155,"source_datadesc":"2016 October MAFTIGER","source_datasetid":"{155E1578-FAD5-4709-A194-6F828C31A01F}","source_featureid":"110873834493","source_id":"REF-SACRAMENTO-LOCAL-ROADS","source_originator":"U.S. Department of Commerce, U.S. Census Bureau, Geography Division","state_route":null,"state_route_a":null,"state_route_b":null,"state_route_c":null,"stco_fipscode":"06067","tnmfrc":4,"us_route":null,"us_route_a":null,"us_route_b":null,"us_route_c":null},"type":"Feature"},{"geometry":{"coordinates":[[-121.510758,38.584562],[-121.511036,38.584592],[-121.511874,38.584683],[-121.512153,38.584714]],"type":"LineString"},"id":"REF-SACRAMENTO-LOCAL-ROADS-15","properties":{"canon_status":"REAL_REFERENCE","county_route":null,"federal_lands_route":null,"fictionality":"REAL","globalid":"{6ED9B0B6-C1D8-4B5C-B94D-8B7E8FF469F1}","interstate":null,"interstate_a":null,"interstate_b":null,"interstate_c":null,"loaddate":1533980997000,"mtfcc_code":"S1400","name":"F St","objectid":353039,"permanent_identifier":"bccd2b4d-1096-4ee9-a3b3-e1da4367f5f1","real_world_relation":"REFERENCE_ONLY","shape_Length":156.79224122309847,"source_datadesc":"2016 October MAFTIGER","source_datasetid":"{155E1578-FAD5-4709-A194-6F828C31A01F}","source_featureid":"110758799869","source_id":"REF-SACRAMENTO-LOCAL-ROADS","source_originator":"U.S. Department of Commerce, U.S. Census Bureau, Geography Division","state_route":null,"state_route_a":null,"state_route_b":null,"state_route_c":null,"stco_fipscode":"06113","tnmfrc":4,"us_route":null,"us_route_a":null,"us_route_b":null,"us_route_c":null},"type":"Feature"},{"geometry":{"coordinates":[[-121.497719,38.580795],[-121.496382,38.580468]],"type":"LineString"},"id":"REF-SACRAMENTO-LOCAL-ROADS-16","properties":{"canon_status":"REAL_REFERENCE","county_route":null,"federal_lands_route":null,"fictionality":"REAL","globalid":"{DD282816-639B-4F8D-BFED-D941D52B375C}","interstate":null,"interstate_a":null,"interstate_b":null,"interstate_c":null,"loaddate":1533980571000,"mtfcc_code":"S1400","name":"Merchant St","objectid":480133,"permanent_identifier":"43e06df7-4479-41d0-b56d-4f3a41cef429","real_world_relation":"REFERENCE_ONLY","shape_Length":155.94850733735814,"source_datadesc":"2016 October MAFTIGER","source_datasetid":"{155E1578-FAD5-4709-A194-6F828C31A01F}","source_featureid":"110874067121","source_id":"REF-SACRAMENTO-LOCAL-ROADS","source_originator":"U.S. Department of Commerce, U.S. Census Bureau, Geography Division","state_route":null,"state_route_a":null,"state_route_b":null,"state_route_c":null,"stco_fipscode":"06067","tnmfrc":4,"us_route":null,"us_route_a":null,"us_route_b":null,"us_route_c":null},"type":"Feature"},{"geometry":{"coordinates":[[-121.499186,38.584337],[-121.498771,38.585138],[-121.498588,38.585384],[-121.498047,38.585848],[-121.497886,38.586017],[-121.497731,38.586235],[-121.497618,38.586523],[-121.497555,38.586818],[-121.497506,38.588997],[-121.497541,38.590199]],"type":"LineString"},"id":"REF-SACRAMENTO-LOCAL-ROADS-17","properties":{"canon_status":"REAL_REFERENCE","county_route":null,"federal_lands_route":null,"fictionality":"REAL","globalid":"{05D2CFCF-4944-45D1-B0F2-0BC642A12F9A}","interstate":null,"interstate_a":null,"interstate_b":null,"interstate_c":null,"loaddate":1533980662000,"mtfcc_code":"S1400","name":null,"objectid":480164,"permanent_identifier":"{0AA554DA-8285-4155-9A85-530D15D8A408}","real_world_relation":"REFERENCE_ONLY","shape_Length":885.5970565653786,"source_datadesc":"2016 October MAFTIGER","source_datasetid":"{155E1578-FAD5-4709-A194-6F828C31A01F}","source_featureid":"110873834384","source_id":"REF-SACRAMENTO-LOCAL-ROADS","source_originator":"U.S. Department of Commerce, U.S. Census Bureau, Geography Division","state_route":null,"state_route_a":null,"state_route_b":null,"state_route_c":null,"stco_fipscode":"06067","tnmfrc":4,"us_route":null,"us_route_a":null,"us_route_b":null,"us_route_c":null},"type":"Feature"},{"geometry":{"coordinates":[[-121.497465,38.581383],[-121.496138,38.581029]],"type":"LineString"},"id":"REF-SACRAMENTO-LOCAL-ROADS-18","properties":{"canon_status":"REAL_REFERENCE","county_route":null,"federal_lands_route":null,"fictionality":"REAL","globalid":"{A1D147CA-1D4A-4B68-AFF4-996FCA2117A7}","interstate":null,"interstate_a":null,"interstate_b":null,"interstate_c":null,"loaddate":1533980577000,"mtfcc_code":"S1400","name":"J St","objectid":607321,"permanent_identifier":"a80196e9-d791-4836-9b6e-2f4df59154f9","real_world_relation":"REFERENCE_ONLY","shape_Length":156.08556073185457,"source_datadesc":"2016 October MAFTIGER","source_datasetid":"{155E1578-FAD5-4709-A194-6F828C31A01F}","source_featureid":"110873834491","source_id":"REF-SACRAMENTO-LOCAL-ROADS","source_originator":"U.S. Department of Commerce, U.S. Census Bureau, Geography Division","state_route":null,"state_route_a":null,"state_route_b":null,"state_route_c":null,"stco_fipscode":"06067","tnmfrc":4,"us_route":null,"us_route_a":null,"us_route_b":null,"us_route_c":null},"type":"Feature"},{"geometry":{"coordinates":[[-121.511149,38.589951],[-121.511421,38.589986],[-121.511775,38.590031]],"type":"LineString"},"id":"REF-SACRAMENTO-LOCAL-ROADS-19","properties":{"canon_status":"REAL_REFERENCE","county_route":null,"federal_lands_route":null,"fictionality":"REAL","globalid":"{343895B1-1B8C-4EAA-A8C7-DBE09CD92BA4}","interstate":null,"interstate_a":null,"interstate_b":null,"interstate_c":null,"loaddate":1533980955000,"mtfcc_code":"S1400","name":"B St","objectid":607390,"permanent_identifier":"f09dd73d-ac59-4fc8-ad80-ead9f26e4a9f","real_world_relation":"REFERENCE_ONLY","shape_Length":70.61131165233537,"source_datadesc":"2016 October MAFTIGER","source_datasetid":"{155E1578-FAD5-4709-A194-6F828C31A01F}","source_featureid":"110758799856","source_id":"REF-SACRAMENTO-LOCAL-ROADS","source_originator":"U.S. Department of Commerce, U.S. Census Bureau, Geography Division","state_route":null,"state_route_a":null,"state_route_b":null,"state_route_c":null,"stco_fipscode":"06113","tnmfrc":4,"us_route":null,"us_route_a":null,"us_route_b":null,"us_route_c":null},"type":"Feature"},{"geometry":{"coordinates":[[-121.482003,38.582133],[-121.482243,38.581579]],"type":"LineString"},"id":"REF-SACRAMENTO-LOCAL-ROADS-20","properties":{"canon_status":"REAL_REFERENCE","county_route":null,"federal_lands_route":null,"fictionality":"REAL","globalid":"{0805445C-33D7-41D7-BEB0-94D51DF7C15B}","interstate":null,"interstate_a":null,"interstate_b":null,"interstate_c":null,"loaddate":1533980445000,"mtfcc_code":"S1400","name":"17th St","objectid":607760,"permanent_identifier":"4ca3152a-d48e-4757-8fb4-428eabda2cff","real_world_relation":"REFERENCE_ONLY","shape_Length":83.29265639330069,"source_datadesc":"2016 October MAFTIGER","source_datasetid":"{155E1578-FAD5-4709-A194-6F828C31A01F}","source_featureid":"110873857859","source_id":"REF-SACRAMENTO-LOCAL-ROADS","source_originator":"U.S. Department of Commerce, U.S. Census Bureau, Geography Division","state_route":null,"state_route_a":null,"state_route_b":null,"state_route_c":null,"stco_fipscode":"06067","tnmfrc":4,"us_route":null,"us_route_a":null,"us_route_b":null,"us_route_c":null},"type":"Feature"},{"geometry":{"coordinates":[[-121.493297,38.587586],[-121.493651,38.587679],[-121.493759,38.587697],[-121.493889,38.587704],[-121.494018,38.587699],[-121.494144,38.587684],[-121.49427,38.587659],[-121.49439,38.587624],[-121.494505,38.587579],[-121.494614,38.587524],[-121.494714,38.587462],[-121.494809,38.587388]],"type":"LineString"},"id":"REF-SACRAMENTO-LOCAL-ROADS-21","properties":{"canon_status":"REAL_REFERENCE","county_route":null,"federal_lands_route":null,"fictionality":"REAL","globalid":"{F980D80E-6FFD-4541-89B1-FB7E34F15445}","interstate":null,"interstate_a":null,"interstate_b":null,"interstate_c":null,"loaddate":1533980643000,"mtfcc_code":"S1400","name":"N D St","objectid":734465,"permanent_identifier":"f912c1b4-43e5-4e85-a5a6-296307e08d3b","real_world_relation":"REFERENCE_ONLY","shape_Length":183.564115354327,"source_datadesc":"2016 October MAFTIGER","source_datasetid":"{155E1578-FAD5-4709-A194-6F828C31A01F}","source_featureid":"110873834338","source_id":"REF-SACRAMENTO-LOCAL-ROADS","source_originator":"U.S. Department of Commerce, U.S. Census Bureau, Geography Division","state_route":null,"state_route_a":null,"state_route_b":null,"state_route_c":null,"stco_fipscode":"06067","tnmfrc":4,"us_route":null,"us_route_a":null,"us_route_b":null,"us_route_c":null},"type":"Feature"},{"geometry":{"coordinates":[[-121.505308,38.585967],[-121.505611,38.58605]],"type":"LineString"},"id":"REF-SACRAMENTO-LOCAL-ROADS-22","properties":{"canon_status":"REAL_REFERENCE","county_route":null,"federal_lands_route":null,"fictionality":"REAL","globalid":"{270E9C4F-AA5F-4DF7-A602-28E62ED22355}","interstate":null,"interstate_a":null,"interstate_b":null,"interstate_c":null,"loaddate":1533980565000,"mtfcc_code":"S1400","name":"N St Viaduct St","objectid":734490,"permanent_identifier":"79c9b399-a0b1-419f-b290-c24c6fe1a649","real_world_relation":"REFERENCE_ONLY","shape_Length":35.74096439969348,"source_datadesc":"2016 October MAFTIGER","source_datasetid":"{155E1578-FAD5-4709-A194-6F828C31A01F}","source_featureid":"110874168559","source_id":"REF-SACRAMENTO-LOCAL-ROADS","source_originator":"U.S. Department of Commerce, U.S. Census Bureau, Geography Division","state_route":null,"state_route_a":null,"state_route_b":null,"state_route_c":null,"stco_fipscode":"06067","tnmfrc":4,"us_route":null,"us_route_a":null,"us_route_b":null,"us_route_c":null},"type":"Feature"},{"geometry":{"coordinates":[[-121.480581,38.58542],[-121.479256,38.585067]],"type":"LineString"},"id":"REF-SACRAMENTO-LOCAL-ROADS-23","properties":{"canon_status":"REAL_REFERENCE","county_route":null,"federal_lands_route":null,"fictionality":"REAL","globalid":"{9FF757B4-B8BE-4848-B8D5-B3474B31A3B4}","interstate":null,"interstate_a":null,"interstate_b":null,"interstate_c":null,"loaddate":1533980488000,"mtfcc_code":"S1400","name":"C St","objectid":734766,"permanent_identifier":"b93c49de-32c2-490f-863d-1e4d1bdb3af1","real_world_relation":"REFERENCE_ONLY","shape_Length":155.82975290061594,"source_datadesc":"2016 October MAFTIGER","source_datasetid":"{155E1578-FAD5-4709-A194-6F828C31A01F}","source_featureid":"110873834267","source_id":"REF-SACRAMENTO-LOCAL-ROADS","source_originator":"U.S. Department of Commerce, U.S. Census Bureau, Geography Division","state_route":null,"state_route_a":null,"state_route_b":null,"state_route_c":null,"stco_fipscode":"06067","tnmfrc":4,"us_route":null,"us_route_a":null,"us_route_b":null,"us_route_c":null},"type":"Feature"},{"geometry":{"coordinates":[[-121.492692,38.592361],[-121.492773,38.592198],[-121.493863,38.590032],[-121.494308,38.58915],[-121.494384,38.589013],[-121.494467,38.588845],[-121.494494,38.588785],[-121.494595,38.588514],[-121.494722,38.588178],[-121.494753,38.588095],[-121.494804,38.587961],[-121.494819,38.587922],[-121.494832,38.587886],[-121.494838,38.587871],[-121.494884,38.58775],[-121.494896,38.587718],[-121.495365,38.586475],[-121.49542,38.586329]],"type":"LineString"},"id":"REF-SACRAMENTO-LOCAL-ROADS-24","properties":{"canon_status":"REAL_REFERENCE","county_route":null,"federal_lands_route":null,"fictionality":"REAL","globalid":"{E9473E05-CF2D-484B-8CE1-6188B2467030}","interstate":null,"interstate_a":null,"interstate_b":null,"interstate_c":null,"loaddate":1533980448000,"mtfcc_code":"S1400","name":"7th St","objectid":735214,"permanent_identifier":"68a9cd61-b85b-4820-8a47-a36988e23516","real_world_relation":"REFERENCE_ONLY","shape_Length":912.0436891914012,"source_datadesc":"2016 October MAFTIGER","source_datasetid":"{155E1578-FAD5-4709-A194-6F828C31A01F}","source_featureid":"1102781889555","source_id":"REF-SACRAMENTO-LOCAL-ROADS","source_originator":"U.S. Department of Commerce, U.S. Census Bureau, Geography Division","state_route":null,"state_route_a":null,"state_route_b":null,"state_route_c":null,"stco_fipscode":"06067","tnmfrc":4,"us_route":null,"us_route_a":null,"us_route_b":null,"us_route_c":null},"type":"Feature"},{"geometry":{"coordinates":[[-121.487484,38.587261],[-121.485894,38.586837]],"type":"LineString"},"id":"REF-SACRAMENTO-LOCAL-ROADS-25","properties":{"canon_status":"REAL_REFERENCE","county_route":null,"federal_lands_route":null,"fictionality":"REAL","globalid":"{A0BD7E40-87E5-456B-A0E3-C83571432B36}","interstate":null,"interstate_a":null,"interstate_b":null,"interstate_c":null,"loaddate":1533980488000,"mtfcc_code":"S1400","name":"C St","objectid":861600,"permanent_identifier":"a667b2c5-75f0-482f-86e0-2d490a1e3c64","real_world_relation":"REFERENCE_ONLY","shape_Length":187.01459589137605,"source_datadesc":"2016 October MAFTIGER","source_datasetid":"{155E1578-FAD5-4709-A194-6F828C31A01F}","source_featureid":"110873834267","source_id":"REF-SACRAMENTO-LOCAL-ROADS","source_originator":"U.S. Department of Commerce, U.S. Census Bureau, Geography Division","state_route":null,"state_route_a":null,"state_route_b":null,"state_route_c":null,"stco_fipscode":"06067","tnmfrc":4,"us_route":null,"us_route_a":null,"us_route_b":null,"us_route_c":null},"type":"Feature"},{"geometry":{"coordinates":[[-121.482277,38.588307],[-121.480949,38.587953]],"type":"LineString"},"id":"REF-SACRAMENTO-LOCAL-ROADS-26","properties":{"canon_status":"REAL_REFERENCE","county_route":null,"federal_lands_route":null,"fictionality":"REAL","globalid":"{0FC69BDC-727D-4CBF-B002-947FD08954E9}","interstate":null,"interstate_a":null,"interstate_b":null,"interstate_c":null,"loaddate":1533980497000,"mtfcc_code":"S1400","name":"A St","objectid":861836,"permanent_identifier":"95dbda6f-2c02-4588-bfac-ed5dbf62e028","real_world_relation":"REFERENCE_ONLY","shape_Length":156.19248188619764,"source_datadesc":"2016 October MAFTIGER","source_datasetid":"{155E1578-FAD5-4709-A194-6F828C31A01F}","source_featureid":"110873834194","source_id":"REF-SACRAMENTO-LOCAL-ROADS","source_originator":"U.S. Department of Commerce, U.S. Census Bureau, Geography Division","state_route":null,"state_route_a":null,"state_route_b":null,"state_route_c":null,"stco_fipscode":"06067","tnmfrc":4,"us_route":null,"us_route_a":null,"us_route_b":null,"us_route_c":null},"type":"Feature"},{"geometry":{"coordinates":[[-121.49115,38.599121],[-121.489919,38.598796]],"type":"LineString"},"id":"REF-SACRAMENTO-LOCAL-ROADS-27","properties":{"canon_status":"REAL_REFERENCE","county_route":null,"federal_lands_route":null,"fictionality":"REAL","globalid":"{C5ECA6F3-6255-442D-909F-37122A9E57A6}","interstate":null,"interstate_a":null,"interstate_b":null,"interstate_c":null,"loaddate":1533980600000,"mtfcc_code":"S1400","name":"Chill Ave","objectid":988108,"permanent_identifier":"ccee8253-4f83-4bc7-9e9c-118f96087ed0","real_world_relation":"REFERENCE_ONLY","shape_Length":144.64220393022285,"source_datadesc":"2016 October MAFTIGER","source_datasetid":"{155E1578-FAD5-4709-A194-6F828C31A01F}","source_featureid":"1104981930624","source_id":"REF-SACRAMENTO-LOCAL-ROADS","source_originator":"U.S. Department of Commerce, U.S. Census Bureau, Geography Division","state_route":null,"state_route_a":null,"state_route_b":null,"state_route_c":null,"stco_fipscode":"06067","tnmfrc":4,"us_route":null,"us_route_a":null,"us_route_b":null,"us_route_c":null},"type":"Feature"},{"geometry":{"coordinates":[[-121.499722,38.579522],[-121.499656,38.579504]],"type":"LineString"},"id":"REF-SACRAMENTO-LOCAL-ROADS-28","properties":{"canon_status":"REAL_REFERENCE","county_route":null,"federal_lands_route":null,"fictionality":"REAL","globalid":"{E94A7603-2FC8-474C-9BEC-9BDA84D47501}","interstate":null,"interstate_a":null,"interstate_b":null,"interstate_c":null,"loaddate":1533980552000,"mtfcc_code":"S1400","name":"L St","objectid":988172,"permanent_identifier":"58bf3513-aaef-4cab-855a-55c766dd572e","real_world_relation":"REFERENCE_ONLY","shape_Length":7.7813798702238115,"source_datadesc":"2016 October MAFTIGER","source_datasetid":"{155E1578-FAD5-4709-A194-6F828C31A01F}","source_featureid":"110873834539","source_id":"REF-SACRAMENTO-LOCAL-ROADS","source_originator":"U.S. Department of Commerce, U.S. Census Bureau, Geography Division","state_route":null,"state_route_a":null,"state_route_b":null,"state_route_c":null,"stco_fipscode":"06067","tnmfrc":4,"us_route":null,"us_route_a":null,"us_route_b":null,"us_route_c":null},"type":"Feature"},{"geometry":{"coordinates":[[-121.491055,38.57905],[-121.491272,38.578549],[-121.491294,38.578501]],"type":"LineString"},"id":"REF-SACRAMENTO-LOCAL-ROADS-29","properties":{"canon_status":"REAL_REFERENCE","county_route":null,"federal_lands_route":null,"fictionality":"REAL","globalid":"{0B6F67E4-2500-437D-8B48-165996A63174}","interstate":null,"interstate_a":null,"interstate_b":null,"interstate_c":null,"loaddate":1533980565000,"mtfcc_code":"S1400","name":"12th St","objectid":988190,"permanent_identifier":"bc93814a-5d1c-4a12-9580-0010cd9d498d","real_world_relation":"REFERENCE_ONLY","shape_Length":82.58053367264665,"source_datadesc":"2016 October MAFTIGER","source_datasetid":"{155E1578-FAD5-4709-A194-6F828C31A01F}","source_featureid":"110873853146","source_id":"REF-SACRAMENTO-LOCAL-ROADS","source_originator":"U.S. Department of Commerce, U.S. Census Bureau, Geography Division","state_route":null,"state_route_a":null,"state_route_b":null,"state_route_c":null,"stco_fipscode":"06067","tnmfrc":4,"us_route":null,"us_route_a":null,"us_route_b":null,"us_route_c":null},"type":"Feature"},{"geometry":{"coordinates":[[-121.491324,38.601246],[-121.491324,38.601106],[-121.491306,38.600972],[-121.491285,38.600906],[-121.491219,38.600782],[-121.490721,38.600059],[-121.490636,38.59997],[-121.49053,38.599895],[-121.490408,38.599839],[-121.490342,38.599819],[-121.489567,38.599615]],"type":"LineString"},"id":"REF-SACRAMENTO-LOCAL-ROADS-30","properties":{"canon_status":"REAL_REFERENCE","county_route":null,"federal_lands_route":null,"fictionality":"REAL","globalid":"{EDE846BD-5286-4712-94D2-F3BB1E068426}","interstate":null,"interstate_a":null,"interstate_b":null,"interstate_c":null,"loaddate":1533980513000,"mtfcc_code":"S1400","name":"Vine St","objectid":988747,"permanent_identifier":"05bf3a93-656b-4640-8cde-a2d7863eb5de","real_world_relation":"REFERENCE_ONLY","shape_Length":331.3101761383327,"source_datadesc":"2016 October MAFTIGER","source_datasetid":"{155E1578-FAD5-4709-A194-6F828C31A01F}","source_featureid":"1104981937654","source_id":"REF-SACRAMENTO-LOCAL-ROADS","source_originator":"U.S. Department of Commerce, U.S. Census Bureau, Geography Division","state_route":null,"state_route_a":null,"state_route_b":null,"state_route_c":null,"stco_fipscode":"06067","tnmfrc":4,"us_route":null,"us_route_a":null,"us_route_b":null,"us_route_c":null},"type":"Feature"},{"geometry":{"coordinates":[[-121.499796,38.610423],[-121.499387,38.609562],[-121.499352,38.60935],[-121.500562,38.60922],[-121.501145,38.609168],[-121.501199,38.609172],[-121.501252,38.609182],[-121.501302,38.609198],[-121.501349,38.609219],[-121.501925,38.609564]],"type":"LineString"},"id":"REF-SACRAMENTO-LOCAL-ROADS-31","properties":{"canon_status":"REAL_REFERENCE","county_route":null,"federal_lands_route":null,"fictionality":"REAL","globalid":"{D4673C3F-6E00-4ECB-AE0F-C338B6FB81A6}","interstate":null,"interstate_a":null,"interstate_b":null,"interstate_c":null,"loaddate":1533980508000,"mtfcc_code":"S1400","name":"Creekside Oaks Dr","objectid":988853,"permanent_identifier":"339d26e5-448a-47d1-94bd-496ee1bb86b1","real_world_relation":"REFERENCE_ONLY","shape_Length":467.50943039988067,"source_datadesc":"2016 October MAFTIGER","source_datasetid":"{155E1578-FAD5-4709-A194-6F828C31A01F}","source_featureid":"110874210725","source_id":"REF-SACRAMENTO-LOCAL-ROADS","source_originator":"U.S. Department of Commerce, U.S. Census Bureau, Geography Division","state_route":null,"state_route_a":null,"state_route_b":null,"state_route_c":null,"stco_fipscode":"06067","tnmfrc":4,"us_route":null,"us_route_a":null,"us_route_b":null,"us_route_c":null},"type":"Feature"},{"geometry":{"coordinates":[[-121.465694,38.601726],[-121.465079,38.602032]],"type":"LineString"},"id":"REF-SACRAMENTO-LOCAL-ROADS-32","properties":{"canon_status":"REAL_REFERENCE","county_route":null,"federal_lands_route":null,"fictionality":"REAL","globalid":"{76085711-2650-4E55-93B2-1D81A697960C}","interstate":null,"interstate_a":null,"interstate_b":null,"interstate_c":null,"loaddate":1533980570000,"mtfcc_code":"S1400","name":"Lochbrae Rd","objectid":1116030,"permanent_identifier":"ea8fae88-cdce-47ec-a83c-a474df6735a8","real_world_relation":"REFERENCE_ONLY","shape_Length":81.15950082235474,"source_datadesc":"2016 October MAFTIGER","source_datasetid":"{155E1578-FAD5-4709-A194-6F828C31A01F}","source_featureid":"110874038533","source_id":"REF-SACRAMENTO-LOCAL-ROADS","source_originator":"U.S. Department of Commerce, U.S. Census Bureau, Geography Division","state_route":null,"state_route_a":null,"state_route_b":null,"state_route_c":null,"stco_fipscode":"06067","tnmfrc":4,"us_route":null,"us_route_a":null,"us_route_b":null,"us_route_c":null},"type":"Feature"},{"geometry":{"coordinates":[[-121.481056,38.584323],[-121.481291,38.583779]],"type":"LineString"},"id":"REF-SACRAMENTO-LOCAL-ROADS-33","properties":{"canon_status":"REAL_REFERENCE","county_route":null,"federal_lands_route":null,"fictionality":"REAL","globalid":"{57091D2E-CCB8-4EE5-9410-F36398FF6AF3}","interstate":null,"interstate_a":null,"interstate_b":null,"interstate_c":null,"loaddate":1533980508000,"mtfcc_code":"S1400","name":"17th St","objectid":1116063,"permanent_identifier":"5f7be9a7-ee95-4104-86d3-8dfdc1734d7f","real_world_relation":"REFERENCE_ONLY","shape_Length":81.76757449457774,"source_datadesc":"2016 October MAFTIGER","source_datasetid":"{155E1578-FAD5-4709-A194-6F828C31A01F}","source_featureid":"110873857870","source_id":"REF-SACRAMENTO-LOCAL-ROADS","source_originator":"U.S. Department of Commerce, U.S. Census Bureau, Geography Division","state_route":null,"state_route_a":null,"state_route_b":null,"state_route_c":null,"stco_fipscode":"06067","tnmfrc":4,"us_route":null,"us_route_a":null,"us_route_b":null,"us_route_c":null},"type":"Feature"},{"geometry":{"coordinates":[[-121.488274,38.581366],[-121.488514,38.580816]],"type":"LineString"},"id":"REF-SACRAMENTO-LOCAL-ROADS-34","properties":{"canon_status":"REAL_REFERENCE","county_route":null,"federal_lands_route":null,"fictionality":"REAL","globalid":"{D149542C-FAC2-4756-B56D-2871BF3DB98E}","interstate":null,"interstate_a":null,"interstate_b":null,"interstate_c":null,"loaddate":1533980655000,"mtfcc_code":"S1400","name":"13th St","objectid":1116762,"permanent_identifier":"9aefd3ae-857b-4ff6-a1bc-ac63e73d6fa7","real_world_relation":"REFERENCE_ONLY","shape_Length":82.75256542714088,"source_datadesc":"2016 October MAFTIGER","source_datasetid":"{155E1578-FAD5-4709-A194-6F828C31A01F}","source_featureid":"110873853976","source_id":"REF-SACRAMENTO-LOCAL-ROADS","source_originator":"U.S. Department of Commerce, U.S. Census Bureau, Geography Division","state_route":null,"state_route_a":null,"state_route_b":null,"state_route_c":null,"stco_fipscode":"06067","tnmfrc":4,"us_route":null,"us_route_a":null,"us_route_b":null,"us_route_c":null},"type":"Feature"},{"geometry":{"coordinates":[[-121.464157,38.60618],[-121.46296,38.60618]],"type":"LineString"},"id":"REF-SACRAMENTO-LOCAL-ROADS-35","properties":{"canon_status":"REAL_REFERENCE","county_route":null,"federal_lands_route":null,"fictionality":"REAL","globalid":"{5759BD86-C1B0-4E08-B3B8-077E27816338}","interstate":null,"interstate_a":null,"interstate_b":null,"interstate_c":null,"loaddate":1533980651000,"mtfcc_code":"S1400","name":"Arden Way","objectid":1242788,"permanent_identifier":"f24f5429-f424-465e-bdc1-e4646c98d4d7","real_world_relation":"REFERENCE_ONLY","shape_Length":133.24940000101924,"source_datadesc":"2016 October MAFTIGER","source_datasetid":"{155E1578-FAD5-4709-A194-6F828C31A01F}","source_featureid":"110873936844","source_id":"REF-SACRAMENTO-LOCAL-ROADS","source_originator":"U.S. Department of Commerce, U.S. Census Bureau, Geography Division","state_route":null,"state_route_a":null,"state_route_b":null,"state_route_c":null,"stco_fipscode":"06067","tnmfrc":4,"us_route":null,"us_route_a":null,"us_route_b":null,"us_route_c":null},"type":"Feature"},{"geometry":{"coordinates":[[-121.479503,38.591228],[-121.476916,38.590537]],"type":"LineString"},"id":"REF-SACRAMENTO-LOCAL-ROADS-36","properties":{"canon_status":"REAL_REFERENCE","county_route":null,"federal_lands_route":null,"fictionality":"REAL","globalid":"{E7D075A0-2FC5-4E46-86DD-4AF1430C83D1}","interstate":null,"interstate_a":null,"interstate_b":null,"interstate_c":null,"loaddate":1533980655000,"mtfcc_code":"S1400","name":"Dreher St","objectid":1243130,"permanent_identifier":"8bd0d8f0-7e5d-46b4-9db1-e3a9dc6b5b56","real_world_relation":"REFERENCE_ONLY","shape_Length":304.3349002117606,"source_datadesc":"2016 October MAFTIGER","source_datasetid":"{155E1578-FAD5-4709-A194-6F828C31A01F}","source_featureid":"110873949431","source_id":"REF-SACRAMENTO-LOCAL-ROADS","source_originator":"U.S. Department of Commerce, U.S. Census Bureau, Geography Division","state_route":null,"state_route_a":null,"state_route_b":null,"state_route_c":null,"stco_fipscode":"06067","tnmfrc":4,"us_route":null,"us_route_a":null,"us_route_b":null,"us_route_c":null},"type":"Feature"},{"geometry":{"coordinates":[[-121.493173,38.5845],[-121.49341,38.583953]],"type":"LineString"},"id":"REF-SACRAMENTO-LOCAL-ROADS-37","properties":{"canon_status":"REAL_REFERENCE","county_route":null,"federal_lands_route":null,"fictionality":"REAL","globalid":"{CB23FC89-A4F5-4E65-BB90-E00EABEFAA46}","interstate":null,"interstate_a":null,"interstate_b":null,"interstate_c":null,"loaddate":1533980534000,"mtfcc_code":"S1400","name":"9th St","objectid":1243515,"permanent_identifier":"678739f6-defe-4c3d-9c53-912c1fe53c55","real_world_relation":"REFERENCE_ONLY","shape_Length":82.24385561197484,"source_datadesc":"2016 October MAFTIGER","source_datasetid":"{155E1578-FAD5-4709-A194-6F828C31A01F}","source_featureid":"110873852404","source_id":"REF-SACRAMENTO-LOCAL-ROADS","source_originator":"U.S. Department of Commerce, U.S. Census Bureau, Geography Division","state_route":null,"state_route_a":null,"state_route_b":null,"state_route_c":null,"stco_fipscode":"06067","tnmfrc":4,"us_route":null,"us_route_a":null,"us_route_b":null,"us_route_c":null},"type":"Feature"},{"geometry":{"coordinates":[[-121.495479,38.59531],[-121.494837,38.596873]],"type":"LineString"},"id":"REF-SACRAMENTO-LOCAL-ROADS-38","properties":{"canon_status":"REAL_REFERENCE","county_route":null,"federal_lands_route":null,"fictionality":"REAL","globalid":"{2A645EFD-97FF-48AB-BE6C-C702D5FBBCD5}","interstate":null,"interstate_a":null,"interstate_b":null,"interstate_c":null,"loaddate":1533980516000,"mtfcc_code":"S1400","name":"N 5th St","objectid":1370042,"permanent_identifier":"81fdda22-f1c7-42ea-8282-09c858c56b0c","real_world_relation":"REFERENCE_ONLY","shape_Length":233.81124982507947,"source_datadesc":"2016 October MAFTIGER","source_datasetid":"{155E1578-FAD5-4709-A194-6F828C31A01F}","source_featureid":"110873852164","source_id":"REF-SACRAMENTO-LOCAL-ROADS","source_originator":"U.S. Department of Commerce, U.S. Census Bureau, Geography Division","state_route":null,"state_route_a":null,"state_route_b":null,"state_route_c":null,"stco_fipscode":"06067","tnmfrc":4,"us_route":null,"us_route_a":null,"us_route_b":null,"us_route_c":null},"type":"Feature"},{"geometry":{"coordinates":[[-121.477224,38.589816],[-121.477377,38.589457]],"type":"LineString"},"id":"REF-SACRAMENTO-LOCAL-ROADS-39","properties":{"canon_status":"REAL_REFERENCE","county_route":null,"federal_lands_route":null,"fictionality":"REAL","globalid":"{22D6C33B-FBD5-4FBA-B842-8357F41C8586}","interstate":null,"interstate_a":null,"interstate_b":null,"interstate_c":null,"loaddate":1533980636000,"mtfcc_code":"S1400","name":"N 18th St","objectid":1370207,"permanent_identifier":"16ba0409-877f-4fac-982a-a00d4637d23f","real_world_relation":"REFERENCE_ONLY","shape_Length":53.8907146901722,"source_datadesc":"2016 October MAFTIGER","source_datasetid":"{155E1578-FAD5-4709-A194-6F828C31A01F}","source_featureid":"110873859146","source_id":"REF-SACRAMENTO-LOCAL-ROADS","source_originator":"U.S. Department of Commerce, U.S. Census Bureau, Geography Division","state_route":null,"state_route_a":null,"state_route_b":null,"state_route_c":null,"stco_fipscode":"06067","tnmfrc":4,"us_route":null,"us_route_a":null,"us_route_b":null,"us_route_c":null},"type":"Feature"},{"geometry":{"coordinates":[[-121.481972,38.590677],[-121.481873,38.590651],[-121.481711,38.590606],[-121.480006,38.590142]],"type":"LineString"},"id":"REF-SACRAMENTO-LOCAL-ROADS-40","properties":{"canon_status":"REAL_REFERENCE","county_route":null,"federal_lands_route":null,"fictionality":"REAL","globalid":"{8E15E341-9076-4E7E-B477-88313AAD6F21}","interstate":null,"interstate_a":null,"interstate_b":null,"interstate_c":null,"loaddate":1533980468000,"mtfcc_code":"S1400","name":"N C St","objectid":1370321,"permanent_identifier":"85ad960c-3a58-4b8a-86af-6e61a5b0c407","real_world_relation":"REFERENCE_ONLY","shape_Length":231.7397189478557,"source_datadesc":"2016 October MAFTIGER","source_datasetid":"{155E1578-FAD5-4709-A194-6F828C31A01F}","source_featureid":"110873834280","source_id":"REF-SACRAMENTO-LOCAL-ROADS","source_originator":"U.S. Department of Commerce, U.S. Census Bureau, Geography Division","state_route":null,"state_route_a":null,"state_route_b":null,"state_route_c":null,"stco_fipscode":"06067","tnmfrc":4,"us_route":null,"us_route_a":null,"us_route_b":null,"us_route_c":null},"type":"Feature"},{"geometry":{"coordinates":[[-121.494721,38.584302],[-121.49341,38.583953]],"type":"LineString"},"id":"REF-SACRAMENTO-LOCAL-ROADS-41","properties":{"canon_status":"REAL_REFERENCE","county_route":null,"federal_lands_route":null,"fictionality":"REAL","globalid":"{CD0279B9-2BB1-40FE-88DD-3FDF767B60BC}","interstate":null,"interstate_a":null,"interstate_b":null,"interstate_c":null,"loaddate":1533980630000,"mtfcc_code":"S1400","name":"G St","objectid":1370706,"permanent_identifier":"8efb2136-b9d4-4941-8964-3daf449a9b58","real_world_relation":"REFERENCE_ONLY","shape_Length":154.17066553840363,"source_datadesc":"2016 October MAFTIGER","source_datasetid":"{155E1578-FAD5-4709-A194-6F828C31A01F}","source_featureid":"110873834423","source_id":"REF-SACRAMENTO-LOCAL-ROADS","source_originator":"U.S. Department of Commerce, U.S. Census Bureau, Geography Division","state_route":null,"state_route_a":null,"state_route_b":null,"state_route_c":null,"stco_fipscode":"06067","tnmfrc":4,"us_route":null,"us_route_a":null,"us_route_b":null,"us_route_c":null},"type":"Feature"},{"geometry":{"coordinates":[[-121.484127,38.607903],[-121.487578,38.608221],[-121.49084,38.608521]],"type":"LineString"},"id":"REF-SACRAMENTO-LOCAL-ROADS-42","properties":{"canon_status":"REAL_REFERENCE","county_route":null,"federal_lands_route":null,"fictionality":"REAL","globalid":"{963C658E-CF19-43A3-96D6-2EF3EC133DA6}","interstate":null,"interstate_a":null,"interstate_b":null,"interstate_c":null,"loaddate":1533980565000,"mtfcc_code":"S1400","name":"Garden Hwy","objectid":1496902,"permanent_identifier":"653b6cdd-3a97-4b50-8957-af7fa94519a6","real_world_relation":"REFERENCE_ONLY","shape_Length":752.4558786276566,"source_datadesc":"2016 October MAFTIGER","source_datasetid":"{155E1578-FAD5-4709-A194-6F828C31A01F}","source_featureid":"110873949976","source_id":"REF-SACRAMENTO-LOCAL-ROADS","source_originator":"U.S. Department of Commerce, U.S. Census Bureau, Geography Division","state_route":null,"state_route_a":null,"state_route_b":null,"state_route_c":null,"stco_fipscode":"06067","tnmfrc":4,"us_route":null,"us_route_a":null,"us_route_b":null,"us_route_c":null},"type":"Feature"},{"geometry":{"coordinates":[[-121.489919,38.598796],[-121.489567,38.599615]],"type":"LineString"},"id":"REF-SACRAMENTO-LOCAL-ROADS-43","properties":{"canon_status":"REAL_REFERENCE","county_route":null,"federal_lands_route":null,"fictionality":"REAL","globalid":"{B4EF899D-349F-4605-BD74-785861257B20}","interstate":null,"interstate_a":null,"interstate_b":null,"interstate_c":null,"loaddate":1533980480000,"mtfcc_code":"S1400","name":"N 7th St","objectid":1496906,"permanent_identifier":"c026239c-c8d8-47af-b445-696d77f144f7","real_world_relation":"REFERENCE_ONLY","shape_Length":123.06191135719186,"source_datadesc":"2016 October MAFTIGER","source_datasetid":"{155E1578-FAD5-4709-A194-6F828C31A01F}","source_featureid":"110873852308","source_id":"REF-SACRAMENTO-LOCAL-ROADS","source_originator":"U.S. Department of Commerce, U.S. Census Bureau, Geography Division","state_route":null,"state_route_a":null,"state_route_b":null,"state_route_c":null,"stco_fipscode":"06067","tnmfrc":4,"us_route":null,"us_route_a":null,"us_route_b":null,"us_route_c":null},"type":"Feature"},{"geometry":{"coordinates":[[-121.492532,38.582501],[-121.491184,38.582142]],"type":"LineString"},"id":"REF-SACRAMENTO-LOCAL-ROADS-44","properties":{"canon_status":"REAL_REFERENCE","county_route":null,"federal_lands_route":null,"fictionality":"REAL","globalid":"{1E235F77-B1B8-4950-A399-B6E24EC3D2AD}","interstate":null,"interstate_a":null,"interstate_b":null,"interstate_c":null,"loaddate":1533980466000,"mtfcc_code":"S1400","name":"H St","objectid":1497201,"permanent_identifier":"c3aa27a1-4cdf-4b85-bcce-43a5941e0adb","real_world_relation":"REFERENCE_ONLY","shape_Length":158.5282152285927,"source_datadesc":"2016 October MAFTIGER","source_datasetid":"{155E1578-FAD5-4709-A194-6F828C31A01F}","source_featureid":"1104994081186","source_id":"REF-SACRAMENTO-LOCAL-ROADS","source_originator":"U.S. Department of Commerce, U.S. Census Bureau, Geography Division","state_route":null,"state_route_a":null,"state_route_b":null,"state_route_c":null,"stco_fipscode":"06067","tnmfrc":4,"us_route":null,"us_route_a":null,"us_route_b":null,"us_route_c":null},"type":"Feature"},{"geometry":{"coordinates":[[-121.503608,38.583185],[-121.50366,38.583272],[-121.503691,38.583354],[-121.503707,38.583439],[-121.503707,38.583546],[-121.503685,38.58364],[-121.503355,38.584376]],"type":"LineString"},"id":"REF-SACRAMENTO-LOCAL-ROADS-45","properties":{"canon_status":"REAL_REFERENCE","county_route":null,"federal_lands_route":null,"fictionality":"REAL","globalid":"{98EA10A4-3416-4CEC-9796-20498D6D6BEF}","interstate":null,"interstate_a":null,"interstate_b":null,"interstate_c":null,"loaddate":1533980452000,"mtfcc_code":"S1400","name":null,"objectid":1497271,"permanent_identifier":"8ceb3254-4c47-4d4f-9cd7-b3afceaefbf2","real_world_relation":"REFERENCE_ONLY","shape_Length":177.99589950535082,"source_datadesc":"2016 October MAFTIGER","source_datasetid":"{155E1578-FAD5-4709-A194-6F828C31A01F}","source_featureid":"110874218005","source_id":"REF-SACRAMENTO-LOCAL-ROADS","source_originator":"U.S. Department of Commerce, U.S. Census Bureau, Geography Division","state_route":null,"state_route_a":null,"state_route_b":null,"state_route_c":null,"stco_fipscode":"06067","tnmfrc":4,"us_route":null,"us_route_a":null,"us_route_b":null,"us_route_c":null},"type":"Feature"},{"geometry":{"coordinates":[[-121.491107,38.585785],[-121.489763,38.585427]],"type":"LineString"},"id":"REF-SACRAMENTO-LOCAL-ROADS-46","properties":{"canon_status":"REAL_REFERENCE","county_route":null,"federal_lands_route":null,"fictionality":"REAL","globalid":"{B0B68613-5999-41CE-BD37-644299DC8F39}","interstate":null,"interstate_a":null,"interstate_b":null,"interstate_c":null,"loaddate":1533980634000,"mtfcc_code":"S1400","name":"E St","objectid":1497490,"permanent_identifier":"e154b0d7-7dac-4a3c-841d-e944f0bc664d","real_world_relation":"REFERENCE_ONLY","shape_Length":158.06152582444304,"source_datadesc":"2016 October MAFTIGER","source_datasetid":"{155E1578-FAD5-4709-A194-6F828C31A01F}","source_featureid":"110873834356","source_id":"REF-SACRAMENTO-LOCAL-ROADS","source_originator":"U.S. Department of Commerce, U.S. Census Bureau, Geography Division","state_route":null,"state_route_a":null,"state_route_b":null,"state_route_c":null,"stco_fipscode":"06067","tnmfrc":4,"us_route":null,"us_route_a":null,"us_route_b":null,"us_route_c":null},"type":"Feature"},{"geometry":{"coordinates":[[-121.479824,38.580332],[-121.480061,38.579789]],"type":"LineString"},"id":"REF-SACRAMENTO-LOCAL-ROADS-47","properties":{"canon_status":"REAL_REFERENCE","county_route":null,"federal_lands_route":null,"fictionality":"REAL","globalid":"{888F9B6B-A9E2-4E87-BA7C-460C465704F3}","interstate":null,"interstate_a":null,"interstate_b":null,"interstate_c":null,"loaddate":1533980454000,"mtfcc_code":"S1400","name":"19th St","objectid":1624415,"permanent_identifier":"e429c594-0066-43b3-aa29-55e5f98a69c4","real_world_relation":"REFERENCE_ONLY","shape_Length":81.7002087995217,"source_datadesc":"2016 October MAFTIGER","source_datasetid":"{155E1578-FAD5-4709-A194-6F828C31A01F}","source_featureid":"1104469987952","source_id":"REF-SACRAMENTO-LOCAL-ROADS","source_originator":"U.S. Department of Commerce, U.S. Census Bureau, Geography Division","state_route":null,"state_route_a":null,"state_route_b":null,"state_route_c":null,"stco_fipscode":"06067","tnmfrc":4,"us_route":null,"us_route_a":null,"us_route_b":null,"us_route_c":null},"type":"Feature"},{"geometry":{"coordinates":[[-121.511902,38.585991],[-121.512171,38.586029],[-121.512981,38.586143],[-121.513251,38.586181]],"type":"LineString"},"id":"REF-SACRAMENTO-LOCAL-ROADS-48","properties":{"canon_status":"REAL_REFERENCE","county_route":null,"federal_lands_route":null,"fictionality":"REAL","globalid":"{53EFCA8B-6AEA-4895-B5A5-7E6714B5A6E8}","interstate":null,"interstate_a":null,"interstate_b":null,"interstate_c":null,"loaddate":1533980967000,"mtfcc_code":"S1400","name":"E St","objectid":1625047,"permanent_identifier":"f8cb90fa-e31b-4109-8f78-19222d977580","real_world_relation":"REFERENCE_ONLY","shape_Length":152.58827625676997,"source_datadesc":"2016 October MAFTIGER","source_datasetid":"{155E1578-FAD5-4709-A194-6F828C31A01F}","source_featureid":"110758799865","source_id":"REF-SACRAMENTO-LOCAL-ROADS","source_originator":"U.S. Department of Commerce, U.S. Census Bureau, Geography Division","state_route":null,"state_route_a":null,"state_route_b":null,"state_route_c":null,"stco_fipscode":"06113","tnmfrc":4,"us_route":null,"us_route_a":null,"us_route_b":null,"us_route_c":null},"type":"Feature"},{"geometry":{"coordinates":[[-121.499634,38.583174],[-121.500105,38.582087]],"type":"LineString"},"id":"REF-SACRAMENTO-LOCAL-ROADS-49","properties":{"canon_status":"REAL_REFERENCE","county_route":null,"federal_lands_route":null,"fictionality":"REAL","globalid":"{E787B42E-BE60-4011-85F7-2AFEFF563AE8}","interstate":null,"interstate_a":null,"interstate_b":null,"interstate_c":null,"loaddate":1533980464000,"mtfcc_code":"S1400","name":"5th St","objectid":1752222,"permanent_identifier":"c75d3ae3-a604-4132-b80c-490ad248b6d2","real_world_relation":"REFERENCE_ONLY","shape_Length":163.433070286349,"source_datadesc":"2016 October MAFTIGER","source_datasetid":"{155E1578-FAD5-4709-A194-6F828C31A01F}","source_featureid":"110873852123","source_id":"REF-SACRAMENTO-LOCAL-ROADS","source_originator":"U.S. Department of Commerce, U.S. Census Bureau, Geography Division","state_route":null,"state_route_a":null,"state_route_b":null,"state_route_c":null,"stco_fipscode":"06067","tnmfrc":4,"us_route":null,"us_route_a":null,"us_route_b":null,"us_route_c":null},"type":"Feature"},{"geometry":{"coordinates":[[-121.487656,38.579379],[-121.487895,38.578829]],"type":"LineString"},"id":"REF-SACRAMENTO-LOCAL-ROADS-50","properties":{"canon_status":"REAL_REFERENCE","county_route":null,"federal_lands_route":null,"fictionality":"REAL","globalid":"{26E819EE-4B36-4587-A5F8-08E5422CAD3D}","interstate":null,"interstate_a":null,"interstate_b":null,"interstate_c":null,"loaddate":1533980436000,"mtfcc_code":"S1400","name":"14th St","objectid":1752422,"permanent_identifier":"bc2f4b08-c977-4fae-a316-3eff6c1707b7","real_world_relation":"REFERENCE_ONLY","shape_Length":82.7146162943213,"source_datadesc":"2016 October MAFTIGER","source_datasetid":"{155E1578-FAD5-4709-A194-6F828C31A01F}","source_featureid":"110873854979","source_id":"REF-SACRAMENTO-LOCAL-ROADS","source_originator":"U.S. Department of Commerce, U.S. Census Bureau, Geography Division","state_route":null,"state_route_a":null,"state_route_b":null,"state_route_c":null,"stco_fipscode":"06067","tnmfrc":4,"us_route":null,"us_route_a":null,"us_route_b":null,"us_route_c":null},"type":"Feature"},{"geometry":{"coordinates":[[-121.503605,38.58176],[-121.50349,38.58173]],"type":"LineString"},"id":"REF-SACRAMENTO-LOCAL-ROADS-51","properties":{"canon_status":"REAL_REFERENCE","county_route":null,"federal_lands_route":null,"fictionality":"REAL","globalid":"{D5162270-F70E-4C1B-8754-A617D6DBEB81}","interstate":null,"interstate_a":null,"interstate_b":null,"interstate_c":null,"loaddate":1533980464000,"mtfcc_code":"S1400","name":"K St","objectid":1752449,"permanent_identifier":"667a7b0d-69cc-4c18-a0cc-05a8b6d6cef1","real_world_relation":"REFERENCE_ONLY","shape_Length":13.495716405818264,"source_datadesc":"2016 October MAFTIGER","source_datasetid":"{155E1578-FAD5-4709-A194-6F828C31A01F}","source_featureid":"110873834522","source_id":"REF-SACRAMENTO-LOCAL-ROADS","source_originator":"U.S. Department of Commerce, U.S. Census Bureau, Geography Division","state_route":null,"state_route_a":null,"state_route_b":null,"state_route_c":null,"stco_fipscode":"06067","tnmfrc":4,"us_route":null,"us_route_a":null,"us_route_b":null,"us_route_c":null},"type":"Feature"},{"geometry":{"coordinates":[[-121.510013,38.588515],[-121.510279,38.588543],[-121.511078,38.58863],[-121.511345,38.588659]],"type":"LineString"},"id":"REF-SACRAMENTO-LOCAL-ROADS-52","properties":{"canon_status":"REAL_REFERENCE","county_route":null,"federal_lands_route":null,"fictionality":"REAL","globalid":"{2E7D4D13-D15D-4897-BEF5-06F56B0DD94D}","interstate":null,"interstate_a":null,"interstate_b":null,"interstate_c":null,"loaddate":1533980958000,"mtfcc_code":"S1400","name":"C St","objectid":1879236,"permanent_identifier":"782ca945-4d44-46ba-88b1-0868f0647471","real_world_relation":"REFERENCE_ONLY","shape_Length":149.6893329944678,"source_datadesc":"2016 October MAFTIGER","source_datasetid":"{155E1578-FAD5-4709-A194-6F828C31A01F}","source_featureid":"110758799858","source_id":"REF-SACRAMENTO-LOCAL-ROADS","source_originator":"U.S. Department of Commerce, U.S. Census Bureau, Geography Division","state_route":null,"state_route_a":null,"state_route_b":null,"state_route_c":null,"stco_fipscode":"06113","tnmfrc":4,"us_route":null,"us_route_a":null,"us_route_b":null,"us_route_c":null},"type":"Feature"},{"geometry":{"coordinates":[[-121.511293,38.591301],[-121.511216,38.591295],[-121.510985,38.591277],[-121.510909,38.591271]],"type":"LineString"},"id":"REF-SACRAMENTO-LOCAL-ROADS-53","properties":{"canon_status":"REAL_REFERENCE","county_route":null,"federal_lands_route":null,"fictionality":"REAL","globalid":"{3CDCBD22-7A04-4B40-BB2E-76C7EFAA4E58}","interstate":null,"interstate_a":null,"interstate_b":null,"interstate_c":null,"loaddate":1533980947000,"mtfcc_code":"S1400","name":"Co Rd 136","objectid":1879589,"permanent_identifier":"4174a252-4601-488f-a9f9-b3fa4bd76324","real_world_relation":"REFERENCE_ONLY","shape_Length":42.95961204785314,"source_datadesc":"2016 October MAFTIGER","source_datasetid":"{155E1578-FAD5-4709-A194-6F828C31A01F}","source_featureid":"110758800174","source_id":"REF-SACRAMENTO-LOCAL-ROADS","source_originator":"U.S. Department of Commerce, U.S. Census Bureau, Geography Division","state_route":null,"state_route_a":null,"state_route_b":null,"state_route_c":null,"stco_fipscode":"06113","tnmfrc":4,"us_route":null,"us_route_a":null,"us_route_b":null,"us_route_c":null},"type":"Feature"},{"geometry":{"coordinates":[[-121.496523,38.583565],[-121.496996,38.58247]],"type":"LineString"},"id":"REF-SACRAMENTO-LOCAL-ROADS-54","properties":{"canon_status":"REAL_REFERENCE","county_route":null,"federal_lands_route":null,"fictionality":"REAL","globalid":"{2962602E-55B0-4852-A0AF-397F0CD89B47}","interstate":null,"interstate_a":null,"interstate_b":null,"interstate_c":null,"loaddate":1533980448000,"mtfcc_code":"S1400","name":"7th St","objectid":1879680,"permanent_identifier":"d657950a-58ea-4ace-91d6-b90f743a4821","real_world_relation":"REFERENCE_ONLY","shape_Length":164.5843933526333,"source_datadesc":"2016 October MAFTIGER","source_datasetid":"{155E1578-FAD5-4709-A194-6F828C31A01F}","source_featureid":"1102781889555","source_id":"REF-SACRAMENTO-LOCAL-ROADS","source_originator":"U.S. Department of Commerce, U.S. Census Bureau, Geography Division","state_route":null,"state_route_a":null,"state_route_b":null,"state_route_c":null,"stco_fipscode":"06067","tnmfrc":4,"us_route":null,"us_route_a":null,"us_route_b":null,"us_route_c":null},"type":"Feature"},{"geometry":{"coordinates":[[-121.505979,38.579929],[-121.506905,38.579094],[-121.506972,38.579058],[-121.507047,38.579041],[-121.507115,38.579042],[-121.507388,38.579081]],"type":"LineString"},"id":"REF-SACRAMENTO-LOCAL-ROADS-55","properties":{"canon_status":"REAL_REFERENCE","county_route":null,"federal_lands_route":null,"fictionality":"REAL","globalid":"{BAEA70EE-10FD-46F8-AD9D-138DD59202FF}","interstate":null,"interstate_a":null,"interstate_b":null,"interstate_c":null,"loaddate":1533980620000,"mtfcc_code":"S1400","name":null,"objectid":2006359,"permanent_identifier":"9792bd1f-f2cb-42fb-8c1d-c62ee79cd6ad","real_world_relation":"REFERENCE_ONLY","shape_Length":213.5729593791457,"source_datadesc":"2016 October MAFTIGER","source_datasetid":"{155E1578-FAD5-4709-A194-6F828C31A01F}","source_featureid":"110874218034","source_id":"REF-SACRAMENTO-LOCAL-ROADS","source_originator":"U.S. Department of Commerce, U.S. Census Bureau, Geography Division","state_route":null,"state_route_a":null,"state_route_b":null,"state_route_c":null,"stco_fipscode":"06067","tnmfrc":4,"us_route":null,"us_route_a":null,"us_route_b":null,"us_route_c":null},"type":"Feature"},{"geometry":{"coordinates":[[-121.484127,38.607903],[-121.484111,38.608218]],"type":"LineString"},"id":"REF-SACRAMENTO-LOCAL-ROADS-56","properties":{"canon_status":"REAL_REFERENCE","county_route":null,"federal_lands_route":null,"fictionality":"REAL","globalid":"{60F8BFBB-83A9-4D04-8C59-DA7C2FFC4A99}","interstate":null,"interstate_a":null,"interstate_b":null,"interstate_c":null,"loaddate":1533980558000,"mtfcc_code":"S1400","name":"Morell St","objectid":2006435,"permanent_identifier":"452aaf78-d61d-421e-a879-10460220fdb2","real_world_relation":"REFERENCE_ONLY","shape_Length":44.90883342051326,"source_datadesc":"2016 October MAFTIGER","source_datasetid":"{155E1578-FAD5-4709-A194-6F828C31A01F}","source_featureid":"110873951920","source_id":"REF-SACRAMENTO-LOCAL-ROADS","source_originator":"U.S. Department of Commerce, U.S. Census Bureau, Geography Division","state_route":null,"state_route_a":null,"state_route_b":null,"state_route_c":null,"stco_fipscode":"06067","tnmfrc":4,"us_route":null,"us_route_a":null,"us_route_b":null,"us_route_c":null},"type":"Feature"},{"geometry":{"coordinates":[[-121.464146,38.606942],[-121.464145,38.607376],[-121.464164,38.607412],[-121.464197,38.607452]],"type":"LineString"},"id":"REF-SACRAMENTO-LOCAL-ROADS-57","properties":{"canon_status":"REAL_REFERENCE","county_route":null,"federal_lands_route":null,"fictionality":"REAL","globalid":"{8DD82210-3660-4CD1-9FB5-5B65446A0164}","interstate":null,"interstate_a":null,"interstate_b":null,"interstate_c":null,"loaddate":1533980614000,"mtfcc_code":"S1400","name":"Colfax St","objectid":2007124,"permanent_identifier":"5754a2ac-5fcb-45b0-848f-0ea11adfe3d5","real_world_relation":"REFERENCE_ONLY","shape_Length":74.15214191642619,"source_datadesc":"2016 October MAFTIGER","source_datasetid":"{155E1578-FAD5-4709-A194-6F828C31A01F}","source_featureid":"110873948911","source_id":"REF-SACRAMENTO-LOCAL-ROADS","source_originator":"U.S. Department of Commerce, U.S. Census Bureau, Geography Division","state_route":null,"state_route_a":null,"state_route_b":null,"state_route_c":null,"stco_fipscode":"06067","tnmfrc":4,"us_route":null,"us_route_a":null,"us_route_b":null,"us_route_c":null},"type":"Feature"},{"geometry":{"coordinates":[[-121.508037,38.605929],[-121.508241,38.605826],[-121.508438,38.60572],[-121.508652,38.605594],[-121.508944,38.605415]],"type":"LineString"},"id":"REF-SACRAMENTO-LOCAL-ROADS-58","properties":{"canon_status":"REAL_REFERENCE","county_route":null,"federal_lands_route":null,"fictionality":"REAL","globalid":"{7CCD17EC-C172-4596-B202-31ABF7867898}","interstate":null,"interstate_a":null,"interstate_b":null,"interstate_c":null,"loaddate":1533980474000,"mtfcc_code":"S1400","name":"Garden Hwy","objectid":2007150,"permanent_identifier":"a634b5bf-48e9-4489-a07c-b1252d80ce81","real_world_relation":"REFERENCE_ONLY","shape_Length":124.80284823461974,"source_datadesc":"2016 October MAFTIGER","source_datasetid":"{155E1578-FAD5-4709-A194-6F828C31A01F}","source_featureid":"110873949979","source_id":"REF-SACRAMENTO-LOCAL-ROADS","source_originator":"U.S. Department of Commerce, U.S. Census Bureau, Geography Division","state_route":null,"state_route_a":null,"state_route_b":null,"state_route_c":null,"stco_fipscode":"06067","tnmfrc":4,"us_route":null,"us_route_a":null,"us_route_b":null,"us_route_c":null},"type":"Feature"},{"geometry":{"coordinates":[[-121.503265,38.582943],[-121.503006,38.582867]],"type":"LineString"},"id":"REF-SACRAMENTO-LOCAL-ROADS-59","properties":{"canon_status":"REAL_REFERENCE","county_route":null,"federal_lands_route":null,"fictionality":"REAL","globalid":"{DA516E36-BF06-4508-A02F-89970C2B58CE}","interstate":null,"interstate_a":null,"interstate_b":null,"interstate_c":null,"loaddate":1533980532000,"mtfcc_code":"S1400","name":null,"objectid":2132986,"permanent_identifier":"fd23faaa-0d88-4702-8013-deefff2775d2","real_world_relation":"REFERENCE_ONLY","shape_Length":30.796137571012398,"source_datadesc":"2016 October MAFTIGER","source_datasetid":"{155E1578-FAD5-4709-A194-6F828C31A01F}","source_featureid":"110874218011","source_id":"REF-SACRAMENTO-LOCAL-ROADS","source_originator":"U.S. Department of Commerce, U.S. Census Bureau, Geography Division","state_route":null,"state_route_a":null,"state_route_b":null,"state_route_c":null,"stco_fipscode":"06067","tnmfrc":4,"us_route":null,"us_route_a":null,"us_route_b":null,"us_route_c":null},"type":"Feature"},{"geometry":{"coordinates":[[-121.505973,38.580727],[-121.506601,38.580894]],"type":"LineString"},"id":"REF-SACRAMENTO-LOCAL-ROADS-60","properties":{"canon_status":"REAL_REFERENCE","county_route":null,"federal_lands_route":null,"fictionality":"REAL","globalid":"{B5FE39B3-A918-494D-A421-9913B8220FAE}","interstate":null,"interstate_a":null,"interstate_b":null,"interstate_c":null,"loaddate":1533980526000,"mtfcc_code":"S1400","name":"Neasham Cir","objectid":2388045,"permanent_identifier":"b2f1c3d7-3f7e-498e-aa52-3c9a3e2df9a1","real_world_relation":"REFERENCE_ONLY","shape_Length":73.84285376790345,"source_datadesc":"2016 October MAFTIGER","source_datasetid":"{155E1578-FAD5-4709-A194-6F828C31A01F}","source_featureid":"110873967519","source_id":"REF-SACRAMENTO-LOCAL-ROADS","source_originator":"U.S. Department of Commerce, U.S. Census Bureau, Geography Division","state_route":null,"state_route_a":null,"state_route_b":null,"state_route_c":null,"stco_fipscode":"06067","tnmfrc":4,"us_route":null,"us_route_a":null,"us_route_b":null,"us_route_c":null},"type":"Feature"},{"geometry":{"coordinates":[[-121.487081,38.595083],[-121.485602,38.598511]],"type":"LineString"},"id":"REF-SACRAMENTO-LOCAL-ROADS-61","properties":{"canon_status":"REAL_REFERENCE","county_route":null,"federal_lands_route":null,"fictionality":"REAL","globalid":"{2223238F-3428-4B0E-80C3-8C148E7F2391}","interstate":null,"interstate_a":null,"interstate_b":null,"interstate_c":null,"loaddate":1533980470000,"mtfcc_code":"S1400","name":"N 10th St","objectid":2388096,"permanent_identifier":"c9d58d36-3056-43c2-9577-24d7ece43775","real_world_relation":"REFERENCE_ONLY","shape_Length":515.2726662633572,"source_datadesc":"2016 October MAFTIGER","source_datasetid":"{155E1578-FAD5-4709-A194-6F828C31A01F}","source_featureid":"110873853081","source_id":"REF-SACRAMENTO-LOCAL-ROADS","source_originator":"U.S. Department of Commerce, U.S. Census Bureau, Geography Division","state_route":null,"state_route_a":null,"state_route_b":null,"state_route_c":null,"stco_fipscode":"06067","tnmfrc":4,"us_route":null,"us_route_a":null,"us_route_b":null,"us_route_c":null},"type":"Feature"},{"geometry":{"coordinates":[[-121.479591,38.580871],[-121.479824,38.580332]],"type":"LineString"},"id":"REF-SACRAMENTO-LOCAL-ROADS-62","properties":{"canon_status":"REAL_REFERENCE","county_route":null,"federal_lands_route":null,"fictionality":"REAL","globalid":"{BBBE0DF7-1730-4910-9137-B9FB3B4E7E71}","interstate":null,"interstate_a":null,"interstate_b":null,"interstate_c":null,"loaddate":1533980454000,"mtfcc_code":"S1400","name":"19th St","objectid":2388456,"permanent_identifier":"fb5970e7-2d28-4d54-aa71-076eab61954a","real_world_relation":"REFERENCE_ONLY","shape_Length":81.01824446252103,"source_datadesc":"2016 October MAFTIGER","source_datasetid":"{155E1578-FAD5-4709-A194-6F828C31A01F}","source_featureid":"1104469987952","source_id":"REF-SACRAMENTO-LOCAL-ROADS","source_originator":"U.S. Department of Commerce, U.S. Census Bureau, Geography Division","state_route":null,"state_route_a":null,"state_route_b":null,"state_route_c":null,"stco_fipscode":"06067","tnmfrc":4,"us_route":null,"us_route_a":null,"us_route_b":null,"us_route_c":null},"type":"Feature"},{"geometry":{"coordinates":[[-121.47093,38.605774],[-121.471229,38.605619],[-121.471488,38.6055],[-121.471759,38.605392],[-121.472034,38.605295],[-121.472315,38.605209],[-121.472602,38.605136],[-121.472895,38.605074],[-121.473189,38.605024],[-121.473489,38.604986],[-121.473788,38.60496],[-121.474091,38.604947],[-121.474392,38.604947],[-121.474694,38.604958],[-121.474995,38.604982],[-121.475292,38.605019],[-121.475619,38.605065]],"type":"LineString"},"id":"REF-SACRAMENTO-LOCAL-ROADS-63","properties":{"canon_status":"REAL_REFERENCE","county_route":null,"federal_lands_route":null,"fictionality":"REAL","globalid":"{8421C1BC-5651-4033-A8C1-ED2FB1D74E0D}","interstate":null,"interstate_a":null,"interstate_b":null,"interstate_c":null,"loaddate":1533980481000,"mtfcc_code":"S1400","name":"Arden Garden Con","objectid":2514974,"permanent_identifier":"68ef9750-5573-44ee-baae-78c4749337fb","real_world_relation":"REFERENCE_ONLY","shape_Length":547.728204753674,"source_datadesc":"2016 October MAFTIGER","source_datasetid":"{155E1578-FAD5-4709-A194-6F828C31A01F}","source_featureid":"110874184115","source_id":"REF-SACRAMENTO-LOCAL-ROADS","source_originator":"U.S. Department of Commerce, U.S. Census Bureau, Geography Division","state_route":null,"state_route_a":null,"state_route_b":null,"state_route_c":null,"stco_fipscode":"06067","tnmfrc":4,"us_route":null,"us_route_a":null,"us_route_b":null,"us_route_c":null},"type":"Feature"},{"geometry":{"coordinates":[[-121.505979,38.579929],[-121.505784,38.579878]],"type":"LineString"},"id":"REF-SACRAMENTO-LOCAL-ROADS-64","properties":{"canon_status":"REAL_REFERENCE","county_route":null,"federal_lands_route":null,"fictionality":"REAL","globalid":"{7AD9D238-B81D-420C-AA54-72F701668D13}","interstate":null,"interstate_a":null,"interstate_b":null,"interstate_c":null,"loaddate":1533980490000,"mtfcc_code":"S1400","name":"Capitol Mall","objectid":2515038,"permanent_identifier":"ec0788e6-c76e-49f1-a93c-ebd0557336a2","real_world_relation":"REFERENCE_ONLY","shape_Length":22.889939426652575,"source_datadesc":"2016 October MAFTIGER","source_datasetid":"{155E1578-FAD5-4709-A194-6F828C31A01F}","source_featureid":"110874184384","source_id":"REF-SACRAMENTO-LOCAL-ROADS","source_originator":"U.S. Department of Commerce, U.S. Census Bureau, Geography Division","state_route":null,"state_route_a":null,"state_route_b":null,"state_route_c":null,"stco_fipscode":"06067","tnmfrc":4,"us_route":null,"us_route_a":null,"us_route_b":null,"us_route_c":null},"type":"Feature"},{"geometry":{"coordinates":[[-121.487422,38.579915],[-121.486086,38.579559]],"type":"LineString"},"id":"REF-SACRAMENTO-LOCAL-ROADS-65","properties":{"canon_status":"REAL_REFERENCE","county_route":null,"federal_lands_route":null,"fictionality":"REAL","globalid":"{A052E971-164E-4D71-ABD8-9B0935E684BD}","interstate":null,"interstate_a":null,"interstate_b":null,"interstate_c":null,"loaddate":1533980547000,"mtfcc_code":"S1400","name":"I St","objectid":2515376,"permanent_identifier":"9ecb3acb-c1fe-420c-b923-57a7205cfbe5","real_world_relation":"REFERENCE_ONLY","shape_Length":157.12534217237314,"source_datadesc":"2016 October MAFTIGER","source_datasetid":"{155E1578-FAD5-4709-A194-6F828C31A01F}","source_featureid":"110873834453","source_id":"REF-SACRAMENTO-LOCAL-ROADS","source_originator":"U.S. Department of Commerce, U.S. Census Bureau, Geography Division","state_route":null,"state_route_a":null,"state_route_b":null,"state_route_c":null,"stco_fipscode":"06067","tnmfrc":4,"us_route":null,"us_route_a":null,"us_route_b":null,"us_route_c":null},"type":"Feature"},{"geometry":{"coordinates":[[-121.480581,38.58542],[-121.480818,38.584873]],"type":"LineString"},"id":"REF-SACRAMENTO-LOCAL-ROADS-66","properties":{"canon_status":"REAL_REFERENCE","county_route":null,"federal_lands_route":null,"fictionality":"REAL","globalid":"{3B8FF572-8CE4-4207-9A25-0B640D4440D5}","interstate":null,"interstate_a":null,"interstate_b":null,"interstate_c":null,"loaddate":1533980508000,"mtfcc_code":"S1400","name":"17th St","objectid":2515610,"permanent_identifier":"53233852-73de-4df2-99b6-1a339b070542","real_world_relation":"REFERENCE_ONLY","shape_Length":82.2448348449823,"source_datadesc":"2016 October MAFTIGER","source_datasetid":"{155E1578-FAD5-4709-A194-6F828C31A01F}","source_featureid":"110873857870","source_id":"REF-SACRAMENTO-LOCAL-ROADS","source_originator":"U.S. Department of Commerce, U.S. Census Bureau, Geography Division","state_route":null,"state_route_a":null,"state_route_b":null,"state_route_c":null,"stco_fipscode":"06067","tnmfrc":4,"us_route":null,"us_route_a":null,"us_route_b":null,"us_route_c":null},"type":"Feature"},{"geometry":{"coordinates":[[-121.486945,38.581011],[-121.485609,38.580655]],"type":"LineString"},"id":"REF-SACRAMENTO-LOCAL-ROADS-67","properties":{"canon_status":"REAL_REFERENCE","county_route":null,"federal_lands_route":null,"fictionality":"REAL","globalid":"{90ECF079-55F9-4C90-899F-8E427A559C09}","interstate":null,"interstate_a":null,"interstate_b":null,"interstate_c":null,"loaddate":1533980466000,"mtfcc_code":"S1400","name":"H St","objectid":2641945,"permanent_identifier":"c41ea03f-d6b6-44f5-8fec-12cfe40c50f1","real_world_relation":"REFERENCE_ONLY","shape_Length":157.12556801997988,"source_datadesc":"2016 October MAFTIGER","source_datasetid":"{155E1578-FAD5-4709-A194-6F828C31A01F}","source_featureid":"1104994081186","source_id":"REF-SACRAMENTO-LOCAL-ROADS","source_originator":"U.S. Department of Commerce, U.S. Census Bureau, Geography Division","state_route":null,"state_route_a":null,"state_route_b":null,"state_route_c":null,"stco_fipscode":"06067","tnmfrc":4,"us_route":null,"us_route_a":null,"us_route_b":null,"us_route_c":null},"type":"Feature"},{"geometry":{"coordinates":[[-121.504835,38.58154],[-121.505091,38.580952]],"type":"LineString"},"id":"REF-SACRAMENTO-LOCAL-ROADS-68","properties":{"canon_status":"REAL_REFERENCE","county_route":null,"federal_lands_route":null,"fictionality":"REAL","globalid":"{2E9D7BBF-FE04-4480-9680-DE29772CD2C2}","interstate":null,"interstate_a":null,"interstate_b":null,"interstate_c":null,"loaddate":1533980624000,"mtfcc_code":"S1400","name":"2nd St","objectid":2641950,"permanent_identifier":"accbc1b1-b105-48e8-bf8e-b3b08bb68b48","real_world_relation":"REFERENCE_ONLY","shape_Length":88.44926742592959,"source_datadesc":"2016 October MAFTIGER","source_datasetid":"{155E1578-FAD5-4709-A194-6F828C31A01F}","source_featureid":"1105598239669","source_id":"REF-SACRAMENTO-LOCAL-ROADS","source_originator":"U.S. Department of Commerce, U.S. Census Bureau, Geography Division","state_route":null,"state_route_a":null,"state_route_b":null,"state_route_c":null,"stco_fipscode":"06067","tnmfrc":4,"us_route":null,"us_route_a":null,"us_route_b":null,"us_route_c":null},"type":"Feature"},{"geometry":{"coordinates":[[-121.496855,38.579378],[-121.497097,38.578822]],"type":"LineString"},"id":"REF-SACRAMENTO-LOCAL-ROADS-69","properties":{"canon_status":"REAL_REFERENCE","county_route":null,"federal_lands_route":null,"fictionality":"REAL","globalid":"{0BB7B25A-7FB9-4B8E-9C2E-B1AD2D11936D}","interstate":null,"interstate_a":null,"interstate_b":null,"interstate_c":null,"loaddate":1533980530000,"mtfcc_code":"S1400","name":"8th St","objectid":2769833,"permanent_identifier":"3805c8f9-fc6f-46ea-8a60-f6c265e20071","real_world_relation":"REFERENCE_ONLY","shape_Length":83.63105375423916,"source_datadesc":"2016 October MAFTIGER","source_datasetid":"{155E1578-FAD5-4709-A194-6F828C31A01F}","source_featureid":"110873852359","source_id":"REF-SACRAMENTO-LOCAL-ROADS","source_originator":"U.S. Department of Commerce, U.S. Census Bureau, Geography Division","state_route":null,"state_route_a":null,"state_route_b":null,"state_route_c":null,"stco_fipscode":"06067","tnmfrc":4,"us_route":null,"us_route_a":null,"us_route_b":null,"us_route_c":null},"type":"Feature"},{"geometry":{"coordinates":[[-121.46393,38.57915],[-121.464172,38.578593]],"type":"LineString"},"id":"REF-SACRAMENTO-LOCAL-ROADS-70","properties":{"canon_status":"REAL_REFERENCE","county_route":null,"federal_lands_route":null,"fictionality":"REAL","globalid":"{59631BD5-B82C-4132-A529-DD5CC5FDE6A6}","interstate":null,"interstate_a":null,"interstate_b":null,"interstate_c":null,"loaddate":1533980520000,"mtfcc_code":"S1400","name":"30th St","objectid":2896841,"permanent_identifier":"139236b7-74de-4c1f-9f96-ea0b3be17834","real_world_relation":"REFERENCE_ONLY","shape_Length":83.76559212802414,"source_datadesc":"2016 October MAFTIGER","source_datasetid":"{155E1578-FAD5-4709-A194-6F828C31A01F}","source_featureid":"110873910160","source_id":"REF-SACRAMENTO-LOCAL-ROADS","source_originator":"U.S. Department of Commerce, U.S. Census Bureau, Geography Division","state_route":null,"state_route_a":null,"state_route_b":null,"state_route_c":null,"stco_fipscode":"06067","tnmfrc":4,"us_route":null,"us_route_a":null,"us_route_b":null,"us_route_c":null},"type":"Feature"},{"geometry":{"coordinates":[[-121.471779,38.606686],[-121.471774,38.608502]],"type":"LineString"},"id":"REF-SACRAMENTO-LOCAL-ROADS-71","properties":{"canon_status":"REAL_REFERENCE","county_route":null,"federal_lands_route":null,"fictionality":"REAL","globalid":"{4904E096-B1AC-4F39-AB78-AEB9C8AF53DD}","interstate":null,"interstate_a":null,"interstate_b":null,"interstate_c":null,"loaddate":1533980572000,"mtfcc_code":"S1400","name":"American Ave","objectid":2897225,"permanent_identifier":"0610d5ee-be29-4921-bd7f-d5bfab23c119","real_world_relation":"REFERENCE_ONLY","shape_Length":258.69839856218096,"source_datadesc":"2016 October MAFTIGER","source_datasetid":"{155E1578-FAD5-4709-A194-6F828C31A01F}","source_featureid":"110873970679","source_id":"REF-SACRAMENTO-LOCAL-ROADS","source_originator":"U.S. Department of Commerce, U.S. Census Bureau, Geography Division","state_route":null,"state_route_a":null,"state_route_b":null,"state_route_c":null,"stco_fipscode":"06067","tnmfrc":4,"us_route":null,"us_route_a":null,"us_route_b":null,"us_route_c":null},"type":"Feature"},{"geometry":{"coordinates":[[-121.499159,38.584268],[-121.497837,38.583916]],"type":"LineString"},"id":"REF-SACRAMENTO-LOCAL-ROADS-72","properties":{"canon_status":"REAL_REFERENCE","county_route":null,"federal_lands_route":null,"fictionality":"REAL","globalid":"{39B87A0D-560C-4B66-9D50-543541BDD125}","interstate":null,"interstate_a":null,"interstate_b":null,"interstate_c":null,"loaddate":1533980466000,"mtfcc_code":"S1400","name":"H St","objectid":2897273,"permanent_identifier":"8be457ce-632c-4145-b2ee-a36df2f2d1d0","real_world_relation":"REFERENCE_ONLY","shape_Length":155.46747862201767,"source_datadesc":"2016 October MAFTIGER","source_datasetid":"{155E1578-FAD5-4709-A194-6F828C31A01F}","source_featureid":"1104994081186","source_id":"REF-SACRAMENTO-LOCAL-ROADS","source_originator":"U.S. Department of Commerce, U.S. Census Bureau, Geography Division","state_route":null,"state_route_a":null,"state_route_b":null,"state_route_c":null,"stco_fipscode":"06067","tnmfrc":4,"us_route":null,"us_route_a":null,"us_route_b":null,"us_route_c":null},"type":"Feature"},{"geometry":{"coordinates":[[-121.499656,38.579504],[-121.49842,38.579175]],"type":"LineString"},"id":"REF-SACRAMENTO-LOCAL-ROADS-73","properties":{"canon_status":"REAL_REFERENCE","county_route":null,"federal_lands_route":null,"fictionality":"REAL","globalid":"{94B9EE48-D01A-451F-A07B-FCACCBB47E48}","interstate":null,"interstate_a":null,"interstate_b":null,"interstate_c":null,"loaddate":1533980552000,"mtfcc_code":"S1400","name":"L St","objectid":3024425,"permanent_identifier":"4aec0753-cd3c-43aa-8a01-62f877dbfd54","real_world_relation":"REFERENCE_ONLY","shape_Length":145.34818173361035,"source_datadesc":"2016 October MAFTIGER","source_datasetid":"{155E1578-FAD5-4709-A194-6F828C31A01F}","source_featureid":"110873834539","source_id":"REF-SACRAMENTO-LOCAL-ROADS","source_originator":"U.S. Department of Commerce, U.S. Census Bureau, Geography Division","state_route":null,"state_route_a":null,"state_route_b":null,"state_route_c":null,"stco_fipscode":"06067","tnmfrc":4,"us_route":null,"us_route_a":null,"us_route_b":null,"us_route_c":null},"type":"Feature"},{"geometry":{"coordinates":[[-121.482441,38.589565],[-121.48183,38.589403],[-121.480479,38.589046]],"type":"LineString"},"id":"REF-SACRAMENTO-LOCAL-ROADS-74","properties":{"canon_status":"REAL_REFERENCE","county_route":null,"federal_lands_route":null,"fictionality":"REAL","globalid":"{49010CAF-A3D1-4278-8D12-CE4645D45B0D}","interstate":null,"interstate_a":null,"interstate_b":null,"interstate_c":null,"loaddate":1533980554000,"mtfcc_code":"S1400","name":"N B St","objectid":3151456,"permanent_identifier":"42861311-48f5-488f-8a05-0a4c91d2a4d7","real_world_relation":"REFERENCE_ONLY","shape_Length":230.5773542761401,"source_datadesc":"2016 October MAFTIGER","source_datasetid":"{155E1578-FAD5-4709-A194-6F828C31A01F}","source_featureid":"110873834253","source_id":"REF-SACRAMENTO-LOCAL-ROADS","source_originator":"U.S. Department of Commerce, U.S. Census Bureau, Geography Division","state_route":null,"state_route_a":null,"state_route_b":null,"state_route_c":null,"stco_fipscode":"06067","tnmfrc":4,"us_route":null,"us_route_a":null,"us_route_b":null,"us_route_c":null},"type":"Feature"},{"geometry":{"coordinates":[[-121.465363,38.597282],[-121.459322,38.597281]],"type":"LineString"},"id":"REF-SACRAMENTO-LOCAL-ROADS-75","properties":{"canon_status":"REAL_REFERENCE","county_route":null,"federal_lands_route":null,"fictionality":"REAL","globalid":"{99752972-2ED6-45FF-9169-30A3E04B7F6A}","interstate":null,"interstate_a":null,"interstate_b":null,"interstate_c":null,"loaddate":1533980543000,"mtfcc_code":"S1400","name":"Commerce Cir","objectid":3151475,"permanent_identifier":"6ae7a808-c58f-4839-84ec-820b11c81238","real_world_relation":"REFERENCE_ONLY","shape_Length":672.481115054236,"source_datadesc":"2016 October MAFTIGER","source_datasetid":"{155E1578-FAD5-4709-A194-6F828C31A01F}","source_featureid":"110873972031","source_id":"REF-SACRAMENTO-LOCAL-ROADS","source_originator":"U.S. Department of Commerce, U.S. Census Bureau, Geography Division","state_route":null,"state_route_a":null,"state_route_b":null,"state_route_c":null,"stco_fipscode":"06067","tnmfrc":4,"us_route":null,"us_route_a":null,"us_route_b":null,"us_route_c":null},"type":"Feature"},{"geometry":{"coordinates":[[-121.464157,38.60618],[-121.464154,38.60631],[-121.464152,38.606369],[-121.46415,38.606445]],"type":"LineString"},"id":"REF-SACRAMENTO-LOCAL-ROADS-76","properties":{"canon_status":"REAL_REFERENCE","county_route":null,"federal_lands_route":null,"fictionality":"REAL","globalid":"{C320F90E-9C4C-403B-B26F-F11EF176D265}","interstate":null,"interstate_a":null,"interstate_b":null,"interstate_c":null,"loaddate":1533980614000,"mtfcc_code":"S1400","name":"Colfax St","objectid":3151696,"permanent_identifier":"22d6fc69-04cb-44ef-a0a9-ecc81caf215a","real_world_relation":"REFERENCE_ONLY","shape_Length":37.75804806301663,"source_datadesc":"2016 October MAFTIGER","source_datasetid":"{155E1578-FAD5-4709-A194-6F828C31A01F}","source_featureid":"110873948911","source_id":"REF-SACRAMENTO-LOCAL-ROADS","source_originator":"U.S. Department of Commerce, U.S. Census Bureau, Geography Division","state_route":null,"state_route_a":null,"state_route_b":null,"state_route_c":null,"stco_fipscode":"06067","tnmfrc":4,"us_route":null,"us_route_a":null,"us_route_b":null,"us_route_c":null},"type":"Feature"},{"geometry":{"coordinates":[[-121.492059,38.583592],[-121.490712,38.583234]],"type":"LineString"},"id":"REF-SACRAMENTO-LOCAL-ROADS-77","properties":{"canon_status":"REAL_REFERENCE","county_route":null,"federal_lands_route":null,"fictionality":"REAL","globalid":"{253BCE81-FD66-434C-8EB7-F7AF286B50D0}","interstate":null,"interstate_a":null,"interstate_b":null,"interstate_c":null,"loaddate":1533980630000,"mtfcc_code":"S1400","name":"G St","objectid":3278842,"permanent_identifier":"5f0d13c0-2243-4414-b02f-a0cd6b1f03a4","real_world_relation":"REFERENCE_ONLY","shape_Length":158.37722786023411,"source_datadesc":"2016 October MAFTIGER","source_datasetid":"{155E1578-FAD5-4709-A194-6F828C31A01F}","source_featureid":"110873834423","source_id":"REF-SACRAMENTO-LOCAL-ROADS","source_originator":"U.S. Department of Commerce, U.S. Census Bureau, Geography Division","state_route":null,"state_route_a":null,"state_route_b":null,"state_route_c":null,"stco_fipscode":"06067","tnmfrc":4,"us_route":null,"us_route_a":null,"us_route_b":null,"us_route_c":null},"type":"Feature"},{"geometry":{"coordinates":[[-121.498729,38.58172],[-121.498971,38.581171],[-121.498665,38.581089]],"type":"LineString"},"id":"REF-SACRAMENTO-LOCAL-ROADS-78","properties":{"canon_status":"REAL_REFERENCE","county_route":null,"federal_lands_route":null,"fictionality":"REAL","globalid":"{C6E3B5C6-E0FB-4877-AEE8-96FE9CE09C4A}","interstate":null,"interstate_a":null,"interstate_b":null,"interstate_c":null,"loaddate":1533980592000,"mtfcc_code":"S1400","name":"6th St","objectid":3279114,"permanent_identifier":"fce10f31-928f-4988-8d70-2558787d218a","real_world_relation":"REFERENCE_ONLY","shape_Length":118.70002027991036,"source_datadesc":"2016 October MAFTIGER","source_datasetid":"{155E1578-FAD5-4709-A194-6F828C31A01F}","source_featureid":"110873852204","source_id":"REF-SACRAMENTO-LOCAL-ROADS","source_originator":"U.S. Department of Commerce, U.S. Census Bureau, Geography Division","state_route":null,"state_route_a":null,"state_route_b":null,"state_route_c":null,"stco_fipscode":"06067","tnmfrc":4,"us_route":null,"us_route_a":null,"us_route_b":null,"us_route_c":null},"type":"Feature"},{"geometry":{"coordinates":[[-121.483987,38.595314],[-121.483072,38.597433]],"type":"LineString"},"id":"REF-SACRAMENTO-LOCAL-ROADS-79","properties":{"canon_status":"REAL_REFERENCE","county_route":null,"federal_lands_route":null,"fictionality":"REAL","globalid":"{B6254936-C8D5-4493-ABAC-12376002277E}","interstate":null,"interstate_a":null,"interstate_b":null,"interstate_c":null,"loaddate":1533980452000,"mtfcc_code":"S1400","name":"Dos Rios St","objectid":3279229,"permanent_identifier":"da431ff7-31e6-45b5-8d13-70db194fdbdf","real_world_relation":"REFERENCE_ONLY","shape_Length":318.5385082664519,"source_datadesc":"2016 October MAFTIGER","source_datasetid":"{155E1578-FAD5-4709-A194-6F828C31A01F}","source_featureid":"110873972427","source_id":"REF-SACRAMENTO-LOCAL-ROADS","source_originator":"U.S. Department of Commerce, U.S. Census Bureau, Geography Division","state_route":null,"state_route_a":null,"state_route_b":null,"state_route_c":null,"stco_fipscode":"06067","tnmfrc":4,"us_route":null,"us_route_a":null,"us_route_b":null,"us_route_c":null},"type":"Feature"},{"geometry":{"coordinates":[[-121.471774,38.608502],[-121.471771,38.610315]],"type":"LineString"},"id":"REF-SACRAMENTO-LOCAL-ROADS-80","properties":{"canon_status":"REAL_REFERENCE","county_route":null,"federal_lands_route":null,"fictionality":"REAL","globalid":"{1B2051F7-717E-4503-8CA9-CFD4593767DF}","interstate":null,"interstate_a":null,"interstate_b":null,"interstate_c":null,"loaddate":1533980572000,"mtfcc_code":"S1400","name":"American Ave","objectid":3405877,"permanent_identifier":"02796ab1-e6cc-41d1-9fd7-71235f3aa55a","real_world_relation":"REFERENCE_ONLY","shape_Length":258.27711595534623,"source_datadesc":"2016 October MAFTIGER","source_datasetid":"{155E1578-FAD5-4709-A194-6F828C31A01F}","source_featureid":"110873970679","source_id":"REF-SACRAMENTO-LOCAL-ROADS","source_originator":"U.S. Department of Commerce, U.S. Census Bureau, Geography Division","state_route":null,"state_route_a":null,"state_route_b":null,"state_route_c":null,"stco_fipscode":"06067","tnmfrc":4,"us_route":null,"us_route_a":null,"us_route_b":null,"us_route_c":null},"type":"Feature"},{"geometry":{"coordinates":[[-121.493661,38.610625],[-121.493604,38.610352],[-121.493569,38.61026],[-121.493516,38.610175],[-121.493481,38.610135],[-121.493401,38.610064],[-121.493305,38.610004],[-121.493199,38.609959],[-121.493084,38.609928],[-121.492346,38.609835]],"type":"LineString"},"id":"REF-SACRAMENTO-LOCAL-ROADS-81","properties":{"canon_status":"REAL_REFERENCE","county_route":null,"federal_lands_route":null,"fictionality":"REAL","globalid":"{6F0691B8-243E-4289-9C27-292677BC2327}","interstate":null,"interstate_a":null,"interstate_b":null,"interstate_c":null,"loaddate":1533980481000,"mtfcc_code":"S1400","name":"Helmsman Way","objectid":3405940,"permanent_identifier":"76fc2ca6-dd07-46cb-942d-1e26e2ac37f0","real_world_relation":"REFERENCE_ONLY","shape_Length":210.7991534584624,"source_datadesc":"2016 October MAFTIGER","source_datasetid":"{155E1578-FAD5-4709-A194-6F828C31A01F}","source_featureid":"110874011544","source_id":"REF-SACRAMENTO-LOCAL-ROADS","source_originator":"U.S. Department of Commerce, U.S. Census Bureau, Geography Division","state_route":null,"state_route_a":null,"state_route_b":null,"state_route_c":null,"stco_fipscode":"06067","tnmfrc":4,"us_route":null,"us_route_a":null,"us_route_b":null,"us_route_c":null},"type":"Feature"},{"geometry":{"coordinates":[[-121.490476,38.583779],[-121.490712,38.583234]],"type":"LineString"},"id":"REF-SACRAMENTO-LOCAL-ROADS-82","properties":{"canon_status":"REAL_REFERENCE","county_route":null,"federal_lands_route":null,"fictionality":"REAL","globalid":"{F84430B1-5C3E-4113-AB7D-60BE82A55EB0}","interstate":null,"interstate_a":null,"interstate_b":null,"interstate_c":null,"loaddate":1533980529000,"mtfcc_code":"S1400","name":"11th St","objectid":3406034,"permanent_identifier":"deb4c0c9-0998-41a2-a123-e68e3521f9af","real_world_relation":"REFERENCE_ONLY","shape_Length":81.93764676362463,"source_datadesc":"2016 October MAFTIGER","source_datasetid":"{155E1578-FAD5-4709-A194-6F828C31A01F}","source_featureid":"110873853109","source_id":"REF-SACRAMENTO-LOCAL-ROADS","source_originator":"U.S. Department of Commerce, U.S. Census Bureau, Geography Division","state_route":null,"state_route_a":null,"state_route_b":null,"state_route_c":null,"stco_fipscode":"06067","tnmfrc":4,"us_route":null,"us_route_a":null,"us_route_b":null,"us_route_c":null},"type":"Feature"},{"geometry":{"coordinates":[[-121.465079,38.602032],[-121.463737,38.602685]],"type":"LineString"},"id":"REF-SACRAMENTO-LOCAL-ROADS-83","properties":{"canon_status":"REAL_REFERENCE","county_route":null,"federal_lands_route":null,"fictionality":"REAL","globalid":"{4938E06B-88F6-44CF-AB3F-A41991267310}","interstate":null,"interstate_a":null,"interstate_b":null,"interstate_c":null,"loaddate":1533980570000,"mtfcc_code":"S1400","name":"Lochbrae Rd","objectid":3406449,"permanent_identifier":"ac71c3cd-6a01-4215-b933-2a52902553b7","real_world_relation":"REFERENCE_ONLY","shape_Length":175.9818870980298,"source_datadesc":"2016 October MAFTIGER","source_datasetid":"{155E1578-FAD5-4709-A194-6F828C31A01F}","source_featureid":"110874038533","source_id":"REF-SACRAMENTO-LOCAL-ROADS","source_originator":"U.S. Department of Commerce, U.S. Census Bureau, Geography Division","state_route":null,"state_route_a":null,"state_route_b":null,"state_route_c":null,"stco_fipscode":"06067","tnmfrc":4,"us_route":null,"us_route_a":null,"us_route_b":null,"us_route_c":null},"type":"Feature"},{"geometry":{"coordinates":[[-121.501925,38.609564],[-121.502049,38.609485],[-121.50219,38.609408],[-121.502337,38.60934],[-121.502567,38.609253],[-121.502855,38.609169]],"type":"LineString"},"id":"REF-SACRAMENTO-LOCAL-ROADS-84","properties":{"canon_status":"REAL_REFERENCE","county_route":null,"federal_lands_route":null,"fictionality":"REAL","globalid":"{D82D0DED-7D7A-456F-A7C4-4522E3F7EB95}","interstate":null,"interstate_a":null,"interstate_b":null,"interstate_c":null,"loaddate":1533980627000,"mtfcc_code":"S1400","name":"Capital Park Dr","objectid":3406689,"permanent_identifier":"297a0d0f-1920-4dd7-b803-d642acf8086e","real_world_relation":"REFERENCE_ONLY","shape_Length":118.64156136170757,"source_datadesc":"2016 October MAFTIGER","source_datasetid":"{155E1578-FAD5-4709-A194-6F828C31A01F}","source_featureid":"110874184380","source_id":"REF-SACRAMENTO-LOCAL-ROADS","source_originator":"U.S. Department of Commerce, U.S. Census Bureau, Geography Division","state_route":null,"state_route_a":null,"state_route_b":null,"state_route_c":null,"stco_fipscode":"06067","tnmfrc":4,"us_route":null,"us_route_a":null,"us_route_b":null,"us_route_c":null},"type":"Feature"},{"geometry":{"coordinates":[[-121.483708,38.58503],[-121.482381,38.584676]],"type":"LineString"},"id":"REF-SACRAMENTO-LOCAL-ROADS-85","properties":{"canon_status":"REAL_REFERENCE","county_route":null,"federal_lands_route":null,"fictionality":"REAL","globalid":"{37F1B429-ECC5-4091-8F41-CD701F0B67F5}","interstate":null,"interstate_a":null,"interstate_b":null,"interstate_c":null,"loaddate":1533980434000,"mtfcc_code":"S1400","name":"D St","objectid":3660696,"permanent_identifier":"ddb1406a-c2f0-4ba6-84db-63f24e19c308","real_world_relation":"REFERENCE_ONLY","shape_Length":156.08640046204354,"source_datadesc":"2016 October MAFTIGER","source_datasetid":"{155E1578-FAD5-4709-A194-6F828C31A01F}","source_featureid":"110873834322","source_id":"REF-SACRAMENTO-LOCAL-ROADS","source_originator":"U.S. Department of Commerce, U.S. Census Bureau, Geography Division","state_route":null,"state_route_a":null,"state_route_b":null,"state_route_c":null,"stco_fipscode":"06067","tnmfrc":4,"us_route":null,"us_route_a":null,"us_route_b":null,"us_route_c":null},"type":"Feature"},{"geometry":{"coordinates":[[-121.471332,38.605774],[-121.47178,38.605779]],"type":"LineString"},"id":"REF-SACRAMENTO-LOCAL-ROADS-86","properties":{"canon_status":"REAL_REFERENCE","county_route":null,"federal_lands_route":null,"fictionality":"REAL","globalid":"{64DE6444-D067-4E88-84BB-8B5368DEECA9}","interstate":null,"interstate_a":null,"interstate_b":null,"interstate_c":null,"loaddate":1533980423000,"mtfcc_code":"S1400","name":"Columbus Ave","objectid":3661489,"permanent_identifier":"164cb2a4-4c0c-4ac3-8a57-789761186c31","real_world_relation":"REFERENCE_ONLY","shape_Length":49.876186566443856,"source_datadesc":"2016 October MAFTIGER","source_datasetid":"{155E1578-FAD5-4709-A194-6F828C31A01F}","source_featureid":"110873972021","source_id":"REF-SACRAMENTO-LOCAL-ROADS","source_originator":"U.S. Department of Commerce, U.S. Census Bureau, Geography Division","state_route":null,"state_route_a":null,"state_route_b":null,"state_route_c":null,"stco_fipscode":"06067","tnmfrc":4,"us_route":null,"us_route_a":null,"us_route_b":null,"us_route_c":null},"type":"Feature"},{"geometry":{"coordinates":[[-121.505709,38.59668],[-121.505731,38.596546],[-121.505739,38.596452],[-121.505731,38.596311],[-121.505706,38.596172],[-121.505663,38.596035],[-121.505598,38.595896],[-121.50495,38.594719],[-121.504877,38.594552],[-121.504828,38.594381],[-121.504803,38.594206],[-121.504795,38.594018],[-121.504802,38.59376],[-121.504827,38.593501],[-121.504886,38.593127],[-121.505051,38.591346],[-121.505071,38.591133],[-121.505108,38.590513],[-121.505098,38.590302],[-121.505076,38.590162],[-121.505018,38.589956],[-121.504966,38.589821],[-121.504864,38.589617],[-121.504777,38.589398],[-121.504721,38.589214],[-121.504678,38.588993],[-121.50466,38.58881],[-121.504658,38.588672],[-121.504666,38.588535],[-121.504713,38.587983],[-121.504846,38.586827],[-121.504842,38.586565],[-121.504842,38.586526],[-121.504841,38.586482],[-121.504873,38.585869],[-121.504876,38.585822],[-121.504879,38.58576]],"type":"LineString"},"id":"REF-SACRAMENTO-LOCAL-ROADS-87","properties":{"canon_status":"REAL_REFERENCE","county_route":null,"federal_lands_route":null,"fictionality":"REAL","globalid":"{89FA211B-3737-4BCE-8F91-C523AB5A692C}","interstate":null,"interstate_a":null,"interstate_b":null,"interstate_c":null,"loaddate":1533980456000,"mtfcc_code":"S1400","name":"Jibboom St","objectid":3787873,"permanent_identifier":"7bb3b397-13c5-4e50-bf20-4b84591e909f","real_world_relation":"REFERENCE_ONLY","shape_Length":1583.3076712459367,"source_datadesc":"2016 October MAFTIGER","source_datasetid":"{155E1578-FAD5-4709-A194-6F828C31A01F}","source_featureid":"110873966211","source_id":"REF-SACRAMENTO-LOCAL-ROADS","source_originator":"U.S. Department of Commerce, U.S. Census Bureau, Geography Division","state_route":null,"state_route_a":null,"state_route_b":null,"state_route_c":null,"stco_fipscode":"06067","tnmfrc":4,"us_route":null,"us_route_a":null,"us_route_b":null,"us_route_c":null},"type":"Feature"},{"geometry":{"coordinates":[[-121.491592,38.598094],[-121.491569,38.59815],[-121.49115,38.599121]],"type":"LineString"},"id":"REF-SACRAMENTO-LOCAL-ROADS-88","properties":{"canon_status":"REAL_REFERENCE","county_route":null,"federal_lands_route":null,"fictionality":"REAL","globalid":"{84271992-DD59-4A8D-9995-28CF81B01BB4}","interstate":null,"interstate_a":null,"interstate_b":null,"interstate_c":null,"loaddate":1533980578000,"mtfcc_code":"S1400","name":"Scalehouse St","objectid":3788536,"permanent_identifier":"a3d7b3d5-8c39-4e32-89d3-5c708c686a4b","real_world_relation":"REFERENCE_ONLY","shape_Length":154.33679517968838,"source_datadesc":"2016 October MAFTIGER","source_datasetid":"{155E1578-FAD5-4709-A194-6F828C31A01F}","source_featureid":"1104981926695","source_id":"REF-SACRAMENTO-LOCAL-ROADS","source_originator":"U.S. Department of Commerce, U.S. Census Bureau, Geography Division","state_route":null,"state_route_a":null,"state_route_b":null,"state_route_c":null,"stco_fipscode":"06067","tnmfrc":4,"us_route":null,"us_route_a":null,"us_route_b":null,"us_route_c":null},"type":"Feature"},{"geometry":{"coordinates":[[-121.482693,38.590874],[-121.482073,38.590704]],"type":"LineString"},"id":"REF-SACRAMENTO-LOCAL-ROADS-89","properties":{"canon_status":"REAL_REFERENCE","county_route":null,"federal_lands_route":null,"fictionality":"REAL","globalid":"{DF76E601-78D4-415C-90F1-1429A15C0531}","interstate":null,"interstate_a":null,"interstate_b":null,"interstate_c":null,"loaddate":1533980468000,"mtfcc_code":"S1400","name":"N C St","objectid":3788537,"permanent_identifier":"926a6b7b-0004-483e-9123-8be52a645ecc","real_world_relation":"REFERENCE_ONLY","shape_Length":73.14164136763185,"source_datadesc":"2016 October MAFTIGER","source_datasetid":"{155E1578-FAD5-4709-A194-6F828C31A01F}","source_featureid":"110873834280","source_id":"REF-SACRAMENTO-LOCAL-ROADS","source_originator":"U.S. Department of Commerce, U.S. Census Bureau, Geography Division","state_route":null,"state_route_a":null,"state_route_b":null,"state_route_c":null,"stco_fipscode":"06067","tnmfrc":4,"us_route":null,"us_route_a":null,"us_route_b":null,"us_route_c":null},"type":"Feature"},{"geometry":{"coordinates":[[-121.488985,38.579732],[-121.489223,38.579185]],"type":"LineString"},"id":"REF-SACRAMENTO-LOCAL-ROADS-90","properties":{"canon_status":"REAL_REFERENCE","county_route":null,"federal_lands_route":null,"fictionality":"REAL","globalid":"{8D2361FF-7FBF-4F31-9AC7-53F33A665BC7}","interstate":null,"interstate_a":null,"interstate_b":null,"interstate_c":null,"loaddate":1533980655000,"mtfcc_code":"S1400","name":"13th St","objectid":3788644,"permanent_identifier":"d691482c-a8c6-4f16-b2b3-864b6c75d5e1","real_world_relation":"REFERENCE_ONLY","shape_Length":82.27470362680674,"source_datadesc":"2016 October MAFTIGER","source_datasetid":"{155E1578-FAD5-4709-A194-6F828C31A01F}","source_featureid":"110873853976","source_id":"REF-SACRAMENTO-LOCAL-ROADS","source_originator":"U.S. Department of Commerce, U.S. Census Bureau, Geography Division","state_route":null,"state_route_a":null,"state_route_b":null,"state_route_c":null,"stco_fipscode":"06067","tnmfrc":4,"us_route":null,"us_route_a":null,"us_route_b":null,"us_route_c":null},"type":"Feature"},{"geometry":{"coordinates":[[-121.475588,38.608094],[-121.478563,38.608102]],"type":"LineString"},"id":"REF-SACRAMENTO-LOCAL-ROADS-91","properties":{"canon_status":"REAL_REFERENCE","county_route":null,"federal_lands_route":null,"fictionality":"REAL","globalid":"{487B5CDD-6B54-45EE-A9D2-9B305EA95DFE}","interstate":null,"interstate_a":null,"interstate_b":null,"interstate_c":null,"loaddate":1533980589000,"mtfcc_code":"S1400","name":"Northfield Dr","objectid":3915102,"permanent_identifier":"15b7eb11-9c2e-4c40-83d8-e28fac9dee4d","real_world_relation":"REFERENCE_ONLY","shape_Length":331.1774607172265,"source_datadesc":"2016 October MAFTIGER","source_datasetid":"{155E1578-FAD5-4709-A194-6F828C31A01F}","source_featureid":"110874160006","source_id":"REF-SACRAMENTO-LOCAL-ROADS","source_originator":"U.S. Department of Commerce, U.S. Census Bureau, Geography Division","state_route":null,"state_route_a":null,"state_route_b":null,"state_route_c":null,"stco_fipscode":"06067","tnmfrc":4,"us_route":null,"us_route_a":null,"us_route_b":null,"us_route_c":null},"type":"Feature"},{"geometry":{"coordinates":[[-121.509132,38.585685],[-121.509406,38.585716],[-121.510231,38.585812],[-121.510506,38.585844]],"type":"LineString"},"id":"REF-SACRAMENTO-LOCAL-ROADS-92","properties":{"canon_status":"REAL_REFERENCE","county_route":null,"federal_lands_route":null,"fictionality":"REAL","globalid":"{028C0028-41B5-48B7-9713-90F2697DF4A8}","interstate":null,"interstate_a":null,"interstate_b":null,"interstate_c":null,"loaddate":1533980967000,"mtfcc_code":"S1400","name":"E St","objectid":3915838,"permanent_identifier":"63cfbc95-46bf-493e-8190-b16f456e3aed","real_world_relation":"REFERENCE_ONLY","shape_Length":154.62019945061817,"source_datadesc":"2016 October MAFTIGER","source_datasetid":"{155E1578-FAD5-4709-A194-6F828C31A01F}","source_featureid":"110758799865","source_id":"REF-SACRAMENTO-LOCAL-ROADS","source_originator":"U.S. Department of Commerce, U.S. Census Bureau, Geography Division","state_route":null,"state_route_a":null,"state_route_b":null,"state_route_c":null,"stco_fipscode":"06113","tnmfrc":4,"us_route":null,"us_route_a":null,"us_route_b":null,"us_route_c":null},"type":"Feature"},{"geometry":{"coordinates":[[-121.510958,38.583638],[-121.51123,38.583673],[-121.512048,38.583778],[-121.512321,38.583814]],"type":"LineString"},"id":"REF-SACRAMENTO-LOCAL-ROADS-93","properties":{"canon_status":"REAL_REFERENCE","county_route":null,"federal_lands_route":null,"fictionality":"REAL","globalid":"{409A6CB3-509E-48E4-A95E-293F80AEA49D}","interstate":null,"interstate_a":null,"interstate_b":null,"interstate_c":null,"loaddate":1533980990000,"mtfcc_code":"S1400","name":"G St","objectid":3915847,"permanent_identifier":"34179ec5-c581-4db1-8ea2-d7fd88561ad3","real_world_relation":"REFERENCE_ONLY","shape_Length":153.78490286829393,"source_datadesc":"2016 October MAFTIGER","source_datasetid":"{155E1578-FAD5-4709-A194-6F828C31A01F}","source_featureid":"110758799872","source_id":"REF-SACRAMENTO-LOCAL-ROADS","source_originator":"U.S. Department of Commerce, U.S. Census Bureau, Geography Division","state_route":null,"state_route_a":null,"state_route_b":null,"state_route_c":null,"stco_fipscode":"06113","tnmfrc":4,"us_route":null,"us_route_a":null,"us_route_b":null,"us_route_c":null},"type":"Feature"},{"geometry":{"coordinates":[[-121.463693,38.579693],[-121.46393,38.57915]],"type":"LineString"},"id":"REF-SACRAMENTO-LOCAL-ROADS-94","properties":{"canon_status":"REAL_REFERENCE","county_route":null,"federal_lands_route":null,"fictionality":"REAL","globalid":"{E90651B9-F4B9-48D8-A6B4-A3A1638DA26F}","interstate":null,"interstate_a":null,"interstate_b":null,"interstate_c":null,"loaddate":1533980520000,"mtfcc_code":"S1400","name":"30th St","objectid":3916090,"permanent_identifier":"e6f7b90f-af5e-413e-b4a3-396f9a4518fe","real_world_relation":"REFERENCE_ONLY","shape_Length":81.69964094160368,"source_datadesc":"2016 October MAFTIGER","source_datasetid":"{155E1578-FAD5-4709-A194-6F828C31A01F}","source_featureid":"110873910160","source_id":"REF-SACRAMENTO-LOCAL-ROADS","source_originator":"U.S. Department of Commerce, U.S. Census Bureau, Geography Division","state_route":null,"state_route_a":null,"state_route_b":null,"state_route_c":null,"stco_fipscode":"06067","tnmfrc":4,"us_route":null,"us_route_a":null,"us_route_b":null,"us_route_c":null},"type":"Feature"},{"geometry":{"coordinates":[[-121.495194,38.583211],[-121.495667,38.582116]],"type":"LineString"},"id":"REF-SACRAMENTO-LOCAL-ROADS-95","properties":{"canon_status":"REAL_REFERENCE","county_route":null,"federal_lands_route":null,"fictionality":"REAL","globalid":"{EAAC119B-108B-4601-AAF5-9DFAB94FCC1B}","interstate":null,"interstate_a":null,"interstate_b":null,"interstate_c":null,"loaddate":1533980530000,"mtfcc_code":"S1400","name":"8th St","objectid":4042762,"permanent_identifier":"a8b19d01-b216-4090-876a-262fd20e6bbd","real_world_relation":"REFERENCE_ONLY","shape_Length":164.58373014485994,"source_datadesc":"2016 October MAFTIGER","source_datasetid":"{155E1578-FAD5-4709-A194-6F828C31A01F}","source_featureid":"110873852359","source_id":"REF-SACRAMENTO-LOCAL-ROADS","source_originator":"U.S. Department of Commerce, U.S. Census Bureau, Geography Division","state_route":null,"state_route_a":null,"state_route_b":null,"state_route_c":null,"stco_fipscode":"06067","tnmfrc":4,"us_route":null,"us_route_a":null,"us_route_b":null,"us_route_c":null},"type":"Feature"},{"geometry":{"coordinates":[[-121.462978,38.581339],[-121.463216,38.580792]],"type":"LineString"},"id":"REF-SACRAMENTO-LOCAL-ROADS-96","properties":{"canon_status":"REAL_REFERENCE","county_route":null,"federal_lands_route":null,"fictionality":"REAL","globalid":"{875BB587-86C5-412B-A68D-E15F836EC7FA}","interstate":null,"interstate_a":null,"interstate_b":null,"interstate_c":null,"loaddate":1533980520000,"mtfcc_code":"S1400","name":"30th St","objectid":4170165,"permanent_identifier":"830acad4-6a3e-4805-ae80-5a0e323de496","real_world_relation":"REFERENCE_ONLY","shape_Length":82.27631307423282,"source_datadesc":"2016 October MAFTIGER","source_datasetid":"{155E1578-FAD5-4709-A194-6F828C31A01F}","source_featureid":"110873910160","source_id":"REF-SACRAMENTO-LOCAL-ROADS","source_originator":"U.S. Department of Commerce, U.S. Census Bureau, Geography Division","state_route":null,"state_route_a":null,"state_route_b":null,"state_route_c":null,"stco_fipscode":"06067","tnmfrc":4,"us_route":null,"us_route_a":null,"us_route_b":null,"us_route_c":null},"type":"Feature"},{"geometry":{"coordinates":[[-121.488436,38.585074],[-121.488333,38.585045],[-121.486845,38.584648]],"type":"LineString"},"id":"REF-SACRAMENTO-LOCAL-ROADS-97","properties":{"canon_status":"REAL_REFERENCE","county_route":null,"federal_lands_route":null,"fictionality":"REAL","globalid":"{DECEA999-FA23-4E89-AF98-28E596B2CD0A}","interstate":null,"interstate_a":null,"interstate_b":null,"interstate_c":null,"loaddate":1533980634000,"mtfcc_code":"S1400","name":"E St","objectid":4170576,"permanent_identifier":"a453d0e6-a3a6-4e8e-b44f-32843a894706","real_world_relation":"REFERENCE_ONLY","shape_Length":187.21315738808332,"source_datadesc":"2016 October MAFTIGER","source_datasetid":"{155E1578-FAD5-4709-A194-6F828C31A01F}","source_featureid":"110873834356","source_id":"REF-SACRAMENTO-LOCAL-ROADS","source_originator":"U.S. Department of Commerce, U.S. Census Bureau, Geography Division","state_route":null,"state_route_a":null,"state_route_b":null,"state_route_c":null,"stco_fipscode":"06067","tnmfrc":4,"us_route":null,"us_route_a":null,"us_route_b":null,"us_route_c":null},"type":"Feature"},{"geometry":{"coordinates":[[-121.475583,38.608543],[-121.475588,38.608094]],"type":"LineString"},"id":"REF-SACRAMENTO-LOCAL-ROADS-98","properties":{"canon_status":"REAL_REFERENCE","county_route":null,"federal_lands_route":null,"fictionality":"REAL","globalid":"{D04008EB-A537-451B-92D9-9B8239093585}","interstate":null,"interstate_a":null,"interstate_b":null,"interstate_c":null,"loaddate":1533980503000,"mtfcc_code":"S1400","name":"Northgate Blvd","objectid":4170870,"permanent_identifier":"5e536547-82ae-4bb7-8b80-25dfbfc08d96","real_world_relation":"REFERENCE_ONLY","shape_Length":63.96522170570358,"source_datadesc":"2016 October MAFTIGER","source_datasetid":"{155E1578-FAD5-4709-A194-6F828C31A01F}","source_featureid":"110874149115","source_id":"REF-SACRAMENTO-LOCAL-ROADS","source_originator":"U.S. Department of Commerce, U.S. Census Bureau, Geography Division","state_route":null,"state_route_a":null,"state_route_b":null,"state_route_c":null,"stco_fipscode":"06067","tnmfrc":4,"us_route":null,"us_route_a":null,"us_route_b":null,"us_route_c":null},"type":"Feature"},{"geometry":{"coordinates":[[-121.485462,38.587828],[-121.485657,38.587378]],"type":"LineString"},"id":"REF-SACRAMENTO-LOCAL-ROADS-99","properties":{"canon_status":"REAL_REFERENCE","county_route":null,"federal_lands_route":null,"fictionality":"REAL","globalid":"{B4B5C0F1-CCC2-4922-AA58-F25D3DDE7505}","interstate":null,"interstate_a":null,"interstate_b":null,"interstate_c":null,"loaddate":1533980655000,"mtfcc_code":"S1400","name":"13th St","objectid":4297458,"permanent_identifier":"a0a97a75-44f3-4c94-8f6a-ef92651657b6","real_world_relation":"REFERENCE_ONLY","shape_Length":67.6634142233268,"source_datadesc":"2016 October MAFTIGER","source_datasetid":"{155E1578-FAD5-4709-A194-6F828C31A01F}","source_featureid":"110873853976","source_id":"REF-SACRAMENTO-LOCAL-ROADS","source_originator":"U.S. Department of Commerce, U.S. Census Bureau, Geography Division","state_route":null,"state_route_a":null,"state_route_b":null,"state_route_c":null,"stco_fipscode":"06067","tnmfrc":4,"us_route":null,"us_route_a":null,"us_route_b":null,"us_route_c":null},"type":"Feature"},{"geometry":{"coordinates":[[-121.482003,38.582133],[-121.480678,38.581781]],"type":"LineString"},"id":"REF-SACRAMENTO-LOCAL-ROADS-100","properties":{"canon_status":"REAL_REFERENCE","county_route":null,"federal_lands_route":null,"fictionality":"REAL","globalid":"{430547F2-36C7-43DB-81D1-F9A117B610A6}","interstate":null,"interstate_a":null,"interstate_b":null,"interstate_c":null,"loaddate":1533980513000,"mtfcc_code":"S1400","name":"F St","objectid":4297464,"permanent_identifier":"b43f2bbc-62e6-4c5d-b47a-423658429552","real_world_relation":"REFERENCE_ONLY","shape_Length":155.78310050845812,"source_datadesc":"2016 October MAFTIGER","source_datasetid":"{155E1578-FAD5-4709-A194-6F828C31A01F}","source_featureid":"110873834387","source_id":"REF-SACRAMENTO-LOCAL-ROADS","source_originator":"U.S. Department of Commerce, U.S. Census Bureau, Geography Division","state_route":null,"state_route_a":null,"state_route_b":null,"state_route_c":null,"stco_fipscode":"06067","tnmfrc":4,"us_route":null,"us_route_a":null,"us_route_b":null,"us_route_c":null},"type":"Feature"},{"geometry":{"coordinates":[[-121.49182,38.584139],[-121.492059,38.583592]],"type":"LineString"},"id":"REF-SACRAMENTO-LOCAL-ROADS-101","properties":{"canon_status":"REAL_REFERENCE","county_route":null,"federal_lands_route":null,"fictionality":"REAL","globalid":"{5C764B72-D6F2-4D32-A473-B3B623E5A07C}","interstate":null,"interstate_a":null,"interstate_b":null,"interstate_c":null,"loaddate":1533980606000,"mtfcc_code":"S1400","name":"10th St","objectid":4297486,"permanent_identifier":"354a87e8-0303-476d-a43f-c4d3aac70057","real_world_relation":"REFERENCE_ONLY","shape_Length":82.3151541155582,"source_datadesc":"2016 October MAFTIGER","source_datasetid":"{155E1578-FAD5-4709-A194-6F828C31A01F}","source_featureid":"110873853074","source_id":"REF-SACRAMENTO-LOCAL-ROADS","source_originator":"U.S. Department of Commerce, U.S. Census Bureau, Geography Division","state_route":null,"state_route_a":null,"state_route_b":null,"state_route_c":null,"stco_fipscode":"06067","tnmfrc":4,"us_route":null,"us_route_a":null,"us_route_b":null,"us_route_c":null},"type":"Feature"},{"geometry":{"coordinates":[[-121.496051,38.584656],[-121.496283,38.584119]],"type":"LineString"},"id":"REF-SACRAMENTO-LOCAL-ROADS-102","properties":{"canon_status":"REAL_REFERENCE","county_route":null,"federal_lands_route":null,"fictionality":"REAL","globalid":"{7236301D-2E33-45B2-8D06-480F74779927}","interstate":null,"interstate_a":null,"interstate_b":null,"interstate_c":null,"loaddate":1533980448000,"mtfcc_code":"S1400","name":"7th St","objectid":4298091,"permanent_identifier":"1e4361bd-c469-4726-b18d-6ed86cd12853","real_world_relation":"REFERENCE_ONLY","shape_Length":80.71668751369931,"source_datadesc":"2016 October MAFTIGER","source_datasetid":"{155E1578-FAD5-4709-A194-6F828C31A01F}","source_featureid":"1102781889555","source_id":"REF-SACRAMENTO-LOCAL-ROADS","source_originator":"U.S. Department of Commerce, U.S. Census Bureau, Geography Division","state_route":null,"state_route_a":null,"state_route_b":null,"state_route_c":null,"stco_fipscode":"06067","tnmfrc":4,"us_route":null,"us_route_a":null,"us_route_b":null,"us_route_c":null},"type":"Feature"},{"geometry":{"coordinates":[[-121.482616,38.607951],[-121.482405,38.607891],[-121.482348,38.607878],[-121.48229,38.607872],[-121.482231,38.607873],[-121.482174,38.607882]],"type":"LineString"},"id":"REF-SACRAMENTO-LOCAL-ROADS-103","properties":{"canon_status":"REAL_REFERENCE","county_route":null,"federal_lands_route":null,"fictionality":"REAL","globalid":"{F868A4DC-D7F1-40BF-8179-9F9218934D33}","interstate":null,"interstate_a":null,"interstate_b":null,"interstate_c":null,"loaddate":1533980437000,"mtfcc_code":"S1400","name":"Morell Ct","objectid":4298419,"permanent_identifier":"549da884-8bab-49f8-83b4-0ae3fa6554d8","real_world_relation":"REFERENCE_ONLY","shape_Length":51.160852415454386,"source_datadesc":"2016 October MAFTIGER","source_datasetid":"{155E1578-FAD5-4709-A194-6F828C31A01F}","source_featureid":"1102782666298","source_id":"REF-SACRAMENTO-LOCAL-ROADS","source_originator":"U.S. Department of Commerce, U.S. Census Bureau, Geography Division","state_route":null,"state_route_a":null,"state_route_b":null,"state_route_c":null,"stco_fipscode":"06067","tnmfrc":4,"us_route":null,"us_route_a":null,"us_route_b":null,"us_route_c":null},"type":"Feature"},{"geometry":{"coordinates":[[-121.498554,38.582287],[-121.498795,38.581737]],"type":"LineString"},"id":"REF-SACRAMENTO-LOCAL-ROADS-104","properties":{"canon_status":"REAL_REFERENCE","county_route":null,"federal_lands_route":null,"fictionality":"REAL","globalid":"{5BA92FBC-3730-4644-A3CB-9BC8DF11236B}","interstate":null,"interstate_a":null,"interstate_b":null,"interstate_c":null,"loaddate":1533980527000,"mtfcc_code":"S1400","name":"6th St","objectid":4425219,"permanent_identifier":"6f259bb2-f115-43e5-8445-3da857d43155","real_world_relation":"REFERENCE_ONLY","shape_Length":82.7895440063012,"source_datadesc":"2016 October MAFTIGER","source_datasetid":"{155E1578-FAD5-4709-A194-6F828C31A01F}","source_featureid":"110873852206","source_id":"REF-SACRAMENTO-LOCAL-ROADS","source_originator":"U.S. Department of Commerce, U.S. Census Bureau, Geography Division","state_route":null,"state_route_a":null,"state_route_b":null,"state_route_c":null,"stco_fipscode":"06067","tnmfrc":4,"us_route":null,"us_route_a":null,"us_route_b":null,"us_route_c":null},"type":"Feature"},{"geometry":{"coordinates":[[-121.475603,38.60673],[-121.475614,38.60582]],"type":"LineString"},"id":"REF-SACRAMENTO-LOCAL-ROADS-105","properties":{"canon_status":"REAL_REFERENCE","county_route":null,"federal_lands_route":null,"fictionality":"REAL","globalid":"{3D651230-0FC2-44F3-83B8-8EBEDF6FC630}","interstate":null,"interstate_a":null,"interstate_b":null,"interstate_c":null,"loaddate":1533980503000,"mtfcc_code":"S1400","name":"Northgate Blvd","objectid":4552765,"permanent_identifier":"ad70cefc-a55c-40e6-8040-f7b8b4c83a6f","real_world_relation":"REFERENCE_ONLY","shape_Length":129.63718318954477,"source_datadesc":"2016 October MAFTIGER","source_datasetid":"{155E1578-FAD5-4709-A194-6F828C31A01F}","source_featureid":"110874149115","source_id":"REF-SACRAMENTO-LOCAL-ROADS","source_originator":"U.S. Department of Commerce, U.S. Census Bureau, Geography Division","state_route":null,"state_route_a":null,"state_route_b":null,"state_route_c":null,"stco_fipscode":"06067","tnmfrc":4,"us_route":null,"us_route_a":null,"us_route_b":null,"us_route_c":null},"type":"Feature"},{"geometry":{"coordinates":[[-121.495631,38.58577],[-121.496066,38.584706],[-121.496051,38.584656]],"type":"LineString"},"id":"REF-SACRAMENTO-LOCAL-ROADS-106","properties":{"canon_status":"REAL_REFERENCE","county_route":null,"federal_lands_route":null,"fictionality":"REAL","globalid":"{13E392A3-0523-48AB-AB5E-80113B3D22B0}","interstate":null,"interstate_a":null,"interstate_b":null,"interstate_c":null,"loaddate":1533980448000,"mtfcc_code":"S1400","name":"7th St","objectid":4680297,"permanent_identifier":"28db943f-7267-424f-bfda-ae5bc31005f7","real_world_relation":"REFERENCE_ONLY","shape_Length":166.38782823936327,"source_datadesc":"2016 October MAFTIGER","source_datasetid":"{155E1578-FAD5-4709-A194-6F828C31A01F}","source_featureid":"1102781889555","source_id":"REF-SACRAMENTO-LOCAL-ROADS","source_originator":"U.S. Department of Commerce, U.S. Census Bureau, Geography Division","state_route":null,"state_route_a":null,"state_route_b":null,"state_route_c":null,"stco_fipscode":"06067","tnmfrc":4,"us_route":null,"us_route_a":null,"us_route_b":null,"us_route_c":null},"type":"Feature"},{"geometry":{"coordinates":[[-121.463155,38.604218],[-121.462411,38.603896]],"type":"LineString"},"id":"REF-SACRAMENTO-LOCAL-ROADS-107","properties":{"canon_status":"REAL_REFERENCE","county_route":null,"federal_lands_route":null,"fictionality":"REAL","globalid":"{A5D276FB-934D-4AA6-A1A7-247CE62D178E}","interstate":null,"interstate_a":null,"interstate_b":null,"interstate_c":null,"loaddate":1533980612000,"mtfcc_code":"S1400","name":"Southgate Rd","objectid":4680419,"permanent_identifier":"c6eb1c91-67a5-4fb6-8157-481f5be5c868","real_world_relation":"REFERENCE_ONLY","shape_Length":94.67492976869643,"source_datadesc":"2016 October MAFTIGER","source_datasetid":"{155E1578-FAD5-4709-A194-6F828C31A01F}","source_featureid":"110874152697","source_id":"REF-SACRAMENTO-LOCAL-ROADS","source_originator":"U.S. Department of Commerce, U.S. Census Bureau, Geography Division","state_route":null,"state_route_a":null,"state_route_b":null,"state_route_c":null,"stco_fipscode":"06067","tnmfrc":4,"us_route":null,"us_route_a":null,"us_route_b":null,"us_route_c":null},"type":"Feature"},{"geometry":{"coordinates":[[-121.51173,38.590302],[-121.511735,38.590246],[-121.511748,38.590185],[-121.511756,38.590133],[-121.511766,38.590081],[-121.511775,38.590031]],"type":"LineString"},"id":"REF-SACRAMENTO-LOCAL-ROADS-108","properties":{"canon_status":"REAL_REFERENCE","county_route":null,"federal_lands_route":null,"fictionality":"REAL","globalid":"{317FD74F-0A9C-4DC2-BE2A-9DD4457C0CA3}","interstate":null,"interstate_a":null,"interstate_b":null,"interstate_c":null,"loaddate":1533980997000,"mtfcc_code":"S1400","name":"Tributary Ln","objectid":4681139,"permanent_identifier":"bf9ba57e-1bac-4b81-b659-5bfaba50a0e1","real_world_relation":"REFERENCE_ONLY","shape_Length":38.94167357459444,"source_datadesc":"2016 October MAFTIGER","source_datasetid":"{155E1578-FAD5-4709-A194-6F828C31A01F}","source_featureid":"1103593478174","source_id":"REF-SACRAMENTO-LOCAL-ROADS","source_originator":"U.S. Department of Commerce, U.S. Census Bureau, Geography Division","state_route":null,"state_route_a":null,"state_route_b":null,"state_route_c":null,"stco_fipscode":"06113","tnmfrc":4,"us_route":null,"us_route_a":null,"us_route_b":null,"us_route_c":null},"type":"Feature"},{"geometry":{"coordinates":[[-121.475619,38.605065],[-121.47595,38.605119],[-121.476189,38.605173],[-121.476423,38.60524],[-121.47665,38.60532],[-121.476815,38.605388],[-121.48051,38.607001],[-121.480834,38.607131],[-121.480998,38.607193],[-121.481283,38.607293]],"type":"LineString"},"id":"REF-SACRAMENTO-LOCAL-ROADS-109","properties":{"canon_status":"REAL_REFERENCE","county_route":null,"federal_lands_route":null,"fictionality":"REAL","globalid":"{86E785C3-8FE3-406D-A3E4-79B45E026843}","interstate":null,"interstate_a":null,"interstate_b":null,"interstate_c":null,"loaddate":1533980481000,"mtfcc_code":"S1400","name":"Arden Garden Con","objectid":4681159,"permanent_identifier":"e5637511-9920-4b25-b615-9a448d957a78","real_world_relation":"REFERENCE_ONLY","shape_Length":708.3194283461341,"source_datadesc":"2016 October MAFTIGER","source_datasetid":"{155E1578-FAD5-4709-A194-6F828C31A01F}","source_featureid":"110874184115","source_id":"REF-SACRAMENTO-LOCAL-ROADS","source_originator":"U.S. Department of Commerce, U.S. Census Bureau, Geography Division","state_route":null,"state_route_a":null,"state_route_b":null,"state_route_c":null,"stco_fipscode":"06067","tnmfrc":4,"us_route":null,"us_route_a":null,"us_route_b":null,"us_route_c":null},"type":"Feature"},{"geometry":{"coordinates":[[-121.485894,38.586837],[-121.486132,38.58629]],"type":"LineString"},"id":"REF-SACRAMENTO-LOCAL-ROADS-110","properties":{"canon_status":"REAL_REFERENCE","county_route":null,"federal_lands_route":null,"fictionality":"REAL","globalid":"{EC2C1279-CD8C-4AD5-AEC8-40A4EDD2C5ED}","interstate":null,"interstate_a":null,"interstate_b":null,"interstate_c":null,"loaddate":1533980655000,"mtfcc_code":"S1400","name":"13th St","objectid":4681379,"permanent_identifier":"fe21e716-e38b-43f4-9be1-e87dad820257","real_world_relation":"REFERENCE_ONLY","shape_Length":82.28199350745393,"source_datadesc":"2016 October MAFTIGER","source_datasetid":"{155E1578-FAD5-4709-A194-6F828C31A01F}","source_featureid":"110873853976","source_id":"REF-SACRAMENTO-LOCAL-ROADS","source_originator":"U.S. Department of Commerce, U.S. Census Bureau, Geography Division","state_route":null,"state_route_a":null,"state_route_b":null,"state_route_c":null,"stco_fipscode":"06067","tnmfrc":4,"us_route":null,"us_route_a":null,"us_route_b":null,"us_route_c":null},"type":"Feature"},{"geometry":{"coordinates":[[-121.486086,38.609189],[-121.487516,38.609234],[-121.490843,38.609341],[-121.49084,38.608521]],"type":"LineString"},"id":"REF-SACRAMENTO-LOCAL-ROADS-111","properties":{"canon_status":"REAL_REFERENCE","county_route":null,"federal_lands_route":null,"fictionality":"REAL","globalid":"{4EC4036D-A45C-431A-A2AA-A293D1818C10}","interstate":null,"interstate_a":null,"interstate_b":null,"interstate_c":null,"loaddate":1533980420000,"mtfcc_code":"S1400","name":"Azusa St","objectid":4808308,"permanent_identifier":"38631df6-ccf5-4516-b59b-33b2c8ffc036","real_world_relation":"REFERENCE_ONLY","shape_Length":646.804948775122,"source_datadesc":"2016 October MAFTIGER","source_datasetid":"{155E1578-FAD5-4709-A194-6F828C31A01F}","source_featureid":"110873937121","source_id":"REF-SACRAMENTO-LOCAL-ROADS","source_originator":"U.S. Department of Commerce, U.S. Census Bureau, Geography Division","state_route":null,"state_route_a":null,"state_route_b":null,"state_route_c":null,"stco_fipscode":"06067","tnmfrc":4,"us_route":null,"us_route_a":null,"us_route_b":null,"us_route_c":null},"type":"Feature"},{"geometry":{"coordinates":[[-121.505756,38.581129],[-121.505091,38.580952]],"type":"LineString"},"id":"REF-SACRAMENTO-LOCAL-ROADS-112","properties":{"canon_status":"REAL_REFERENCE","county_route":null,"federal_lands_route":null,"fictionality":"REAL","globalid":"{483E9A17-2DF5-421B-AF6A-23B129DCD388}","interstate":null,"interstate_a":null,"interstate_b":null,"interstate_c":null,"loaddate":1533980437000,"mtfcc_code":"S1400","name":"L St","objectid":4808741,"permanent_identifier":"d98d11a5-1423-439a-ac21-3fdf4f375254","real_world_relation":"REFERENCE_ONLY","shape_Length":78.20084950528647,"source_datadesc":"2016 October MAFTIGER","source_datasetid":"{155E1578-FAD5-4709-A194-6F828C31A01F}","source_featureid":"110873834537","source_id":"REF-SACRAMENTO-LOCAL-ROADS","source_originator":"U.S. Department of Commerce, U.S. Census Bureau, Geography Division","state_route":null,"state_route_a":null,"state_route_b":null,"state_route_c":null,"stco_fipscode":"06067","tnmfrc":4,"us_route":null,"us_route_a":null,"us_route_b":null,"us_route_c":null},"type":"Feature"},{"geometry":{"coordinates":[[-121.473401,38.606705],[-121.475603,38.60673]],"type":"LineString"},"id":"REF-SACRAMENTO-LOCAL-ROADS-113","properties":{"canon_status":"REAL_REFERENCE","county_route":null,"federal_lands_route":null,"fictionality":"REAL","globalid":"{EBDD185A-7A0F-4D47-988D-44E6D93466C6}","interstate":null,"interstate_a":null,"interstate_b":null,"interstate_c":null,"loaddate":1533980571000,"mtfcc_code":"S1400","name":"Jefferson Ave","objectid":4935941,"permanent_identifier":"0d196061-3500-4e7e-8096-a992aedc1708","real_world_relation":"REFERENCE_ONLY","shape_Length":245.15136876713174,"source_datadesc":"2016 October MAFTIGER","source_datasetid":"{155E1578-FAD5-4709-A194-6F828C31A01F}","source_featureid":"110874134324","source_id":"REF-SACRAMENTO-LOCAL-ROADS","source_originator":"U.S. Department of Commerce, U.S. Census Bureau, Geography Division","state_route":null,"state_route_a":null,"state_route_b":null,"state_route_c":null,"stco_fipscode":"06067","tnmfrc":4,"us_route":null,"us_route_a":null,"us_route_b":null,"us_route_c":null},"type":"Feature"},{"geometry":{"coordinates":[[-121.489864,38.58179],[-121.489815,38.581776],[-121.488274,38.581366]],"type":"LineString"},"id":"REF-SACRAMENTO-LOCAL-ROADS-114","properties":{"canon_status":"REAL_REFERENCE","county_route":null,"federal_lands_route":null,"fictionality":"REAL","globalid":"{BA344782-0C3B-4434-9999-AA60ABF0CDF0}","interstate":null,"interstate_a":null,"interstate_b":null,"interstate_c":null,"loaddate":1533980466000,"mtfcc_code":"S1400","name":"H St","objectid":4936013,"permanent_identifier":"e602d6da-34d2-4795-9d84-50e45f1c44bc","real_world_relation":"REFERENCE_ONLY","shape_Length":187.01451559573616,"source_datadesc":"2016 October MAFTIGER","source_datasetid":"{155E1578-FAD5-4709-A194-6F828C31A01F}","source_featureid":"1104994081186","source_id":"REF-SACRAMENTO-LOCAL-ROADS","source_originator":"U.S. Department of Commerce, U.S. Census Bureau, Geography Division","state_route":null,"state_route_a":null,"state_route_b":null,"state_route_c":null,"stco_fipscode":"06067","tnmfrc":4,"us_route":null,"us_route_a":null,"us_route_b":null,"us_route_c":null},"type":"Feature"},{"geometry":{"coordinates":[[-121.484292,38.591319],[-121.483957,38.591225],[-121.482693,38.590874]],"type":"LineString"},"id":"REF-SACRAMENTO-LOCAL-ROADS-115","properties":{"canon_status":"REAL_REFERENCE","county_route":null,"federal_lands_route":null,"fictionality":"REAL","globalid":"{609C7F77-0813-498B-AC54-EBA59DDD9729}","interstate":null,"interstate_a":null,"interstate_b":null,"interstate_c":null,"loaddate":1533980468000,"mtfcc_code":"S1400","name":"N C St","objectid":4936047,"permanent_identifier":"713179c7-6e02-4ea0-a1dc-5e31f7174a11","real_world_relation":"REFERENCE_ONLY","shape_Length":188.94645165805875,"source_datadesc":"2016 October MAFTIGER","source_datasetid":"{155E1578-FAD5-4709-A194-6F828C31A01F}","source_featureid":"110873834280","source_id":"REF-SACRAMENTO-LOCAL-ROADS","source_originator":"U.S. Department of Commerce, U.S. Census Bureau, Geography Division","state_route":null,"state_route_a":null,"state_route_b":null,"state_route_c":null,"stco_fipscode":"06067","tnmfrc":4,"us_route":null,"us_route_a":null,"us_route_b":null,"us_route_c":null},"type":"Feature"},{"geometry":{"coordinates":[[-121.479823,38.590503],[-121.477224,38.589816]],"type":"LineString"},"id":"REF-SACRAMENTO-LOCAL-ROADS-116","properties":{"canon_status":"REAL_REFERENCE","county_route":null,"federal_lands_route":null,"fictionality":"REAL","globalid":"{A67CD6B3-39B7-4F0A-8E9F-4EDCA7D898F0}","interstate":null,"interstate_a":null,"interstate_b":null,"interstate_c":null,"loaddate":1533980661000,"mtfcc_code":"S1400","name":"N C St","objectid":4936261,"permanent_identifier":"481b6044-cfa8-40e2-be6a-8aa1db55edac","real_world_relation":"REFERENCE_ONLY","shape_Length":305.4159288435509,"source_datadesc":"2016 October MAFTIGER","source_datasetid":"{155E1578-FAD5-4709-A194-6F828C31A01F}","source_featureid":"110873834279","source_id":"REF-SACRAMENTO-LOCAL-ROADS","source_originator":"U.S. Department of Commerce, U.S. Census Bureau, Geography Division","state_route":null,"state_route_a":null,"state_route_b":null,"state_route_c":null,"stco_fipscode":"06067","tnmfrc":4,"us_route":null,"us_route_a":null,"us_route_b":null,"us_route_c":null},"type":"Feature"},{"geometry":{"coordinates":[[-121.49341,38.583953],[-121.492059,38.583592]],"type":"LineString"},"id":"REF-SACRAMENTO-LOCAL-ROADS-117","properties":{"canon_status":"REAL_REFERENCE","county_route":null,"federal_lands_route":null,"fictionality":"REAL","globalid":"{6666DCE9-578D-48E4-A1CB-3816B3695F51}","interstate":null,"interstate_a":null,"interstate_b":null,"interstate_c":null,"loaddate":1533980630000,"mtfcc_code":"S1400","name":"G St","objectid":4936308,"permanent_identifier":"eb62bbc4-cce3-42d5-aab2-63202884da09","real_world_relation":"REFERENCE_ONLY","shape_Length":158.9366209984351,"source_datadesc":"2016 October MAFTIGER","source_datasetid":"{155E1578-FAD5-4709-A194-6F828C31A01F}","source_featureid":"110873834423","source_id":"REF-SACRAMENTO-LOCAL-ROADS","source_originator":"U.S. Department of Commerce, U.S. Census Bureau, Geography Division","state_route":null,"state_route_a":null,"state_route_b":null,"state_route_c":null,"stco_fipscode":"06067","tnmfrc":4,"us_route":null,"us_route_a":null,"us_route_b":null,"us_route_c":null},"type":"Feature"},{"geometry":{"coordinates":[[-121.506421,38.581306],[-121.505756,38.581129]],"type":"LineString"},"id":"REF-SACRAMENTO-LOCAL-ROADS-118","properties":{"canon_status":"REAL_REFERENCE","county_route":null,"federal_lands_route":null,"fictionality":"REAL","globalid":"{3B6971C9-FE83-47B9-B3DE-30AFDB3C1642}","interstate":null,"interstate_a":null,"interstate_b":null,"interstate_c":null,"loaddate":1533980437000,"mtfcc_code":"S1400","name":"L St","objectid":4936340,"permanent_identifier":"6d84a4b3-05d3-42d9-800b-fc1284451549","real_world_relation":"REFERENCE_ONLY","shape_Length":78.20084950528647,"source_datadesc":"2016 October MAFTIGER","source_datasetid":"{155E1578-FAD5-4709-A194-6F828C31A01F}","source_featureid":"110873834537","source_id":"REF-SACRAMENTO-LOCAL-ROADS","source_originator":"U.S. Department of Commerce, U.S. Census Bureau, Geography Division","state_route":null,"state_route_a":null,"state_route_b":null,"state_route_c":null,"stco_fipscode":"06067","tnmfrc":4,"us_route":null,"us_route_a":null,"us_route_b":null,"us_route_c":null},"type":"Feature"},{"geometry":{"coordinates":[[-121.487322,38.583553],[-121.485993,38.583199]],"type":"LineString"},"id":"REF-SACRAMENTO-LOCAL-ROADS-119","properties":{"canon_status":"REAL_REFERENCE","county_route":null,"federal_lands_route":null,"fictionality":"REAL","globalid":"{8FD3906E-686F-42E0-8F1D-138D278D7B89}","interstate":null,"interstate_a":null,"interstate_b":null,"interstate_c":null,"loaddate":1748519528000,"mtfcc_code":"S1400","name":"F St","objectid":4936998,"permanent_identifier":"30297133-b5c4-4aea-a495-b5ae39ecf464","real_world_relation":"REFERENCE_ONLY","shape_Length":156.29673202817818,"source_datadesc":"2021 February MAF/TIGER","source_datasetid":"{7AD8F908-E576-4667-ABBE-3F904F423D64}","source_featureid":"110873834381","source_id":"REF-SACRAMENTO-LOCAL-ROADS","source_originator":"U.S. Department of Commerce, U.S. Census Bureau, Geography Division","state_route":null,"state_route_a":null,"state_route_b":null,"state_route_c":null,"stco_fipscode":"06067","tnmfrc":4,"us_route":null,"us_route_a":null,"us_route_b":null,"us_route_c":null},"type":"Feature"},{"geometry":{"coordinates":[[-121.507845,38.606358],[-121.508098,38.606238]],"type":"LineString"},"id":"REF-SACRAMENTO-LOCAL-ROADS-120","properties":{"canon_status":"REAL_REFERENCE","county_route":null,"federal_lands_route":null,"fictionality":"REAL","globalid":"{1E6CBD54-70CE-4DCA-AF4A-E4EED5349755}","interstate":null,"interstate_a":null,"interstate_b":null,"interstate_c":null,"loaddate":1533980459000,"mtfcc_code":"S1400","name":"Garden Hwy","objectid":5063924,"permanent_identifier":"0ba44c92-df93-4a59-9f05-a281639c0e56","real_world_relation":"REFERENCE_ONLY","shape_Length":32.9456328374193,"source_datadesc":"2016 October MAFTIGER","source_datasetid":"{155E1578-FAD5-4709-A194-6F828C31A01F}","source_featureid":"110873949978","source_id":"REF-SACRAMENTO-LOCAL-ROADS","source_originator":"U.S. Department of Commerce, U.S. Census Bureau, Geography Division","state_route":null,"state_route_a":null,"state_route_b":null,"state_route_c":null,"stco_fipscode":"06067","tnmfrc":4,"us_route":null,"us_route_a":null,"us_route_b":null,"us_route_c":null},"type":"Feature"},{"geometry":{"coordinates":[[-121.493881,38.582861],[-121.494354,38.581765]],"type":"LineString"},"id":"REF-SACRAMENTO-LOCAL-ROADS-121","properties":{"canon_status":"REAL_REFERENCE","county_route":null,"federal_lands_route":null,"fictionality":"REAL","globalid":"{99857812-9397-493A-BCAB-16E45B0280BB}","interstate":null,"interstate_a":null,"interstate_b":null,"interstate_c":null,"loaddate":1533980534000,"mtfcc_code":"S1400","name":"9th St","objectid":5064163,"permanent_identifier":"204e85a1-6ca9-48a3-bd78-67bf079047c5","real_world_relation":"REFERENCE_ONLY","shape_Length":164.71789439152798,"source_datadesc":"2016 October MAFTIGER","source_datasetid":"{155E1578-FAD5-4709-A194-6F828C31A01F}","source_featureid":"110873852404","source_id":"REF-SACRAMENTO-LOCAL-ROADS","source_originator":"U.S. Department of Commerce, U.S. Census Bureau, Geography Division","state_route":null,"state_route_a":null,"state_route_b":null,"state_route_c":null,"stco_fipscode":"06067","tnmfrc":4,"us_route":null,"us_route_a":null,"us_route_b":null,"us_route_c":null},"type":"Feature"},{"geometry":{"coordinates":[[-121.48929,38.586518],[-121.48796,38.586164]],"type":"LineString"},"id":"REF-SACRAMENTO-LOCAL-ROADS-122","properties":{"canon_status":"REAL_REFERENCE","county_route":null,"federal_lands_route":null,"fictionality":"REAL","globalid":"{07D4E89E-4845-421D-85A7-A3100ACB9292}","interstate":null,"interstate_a":null,"interstate_b":null,"interstate_c":null,"loaddate":1533980434000,"mtfcc_code":"S1400","name":"D St","objectid":5192119,"permanent_identifier":"ae643841-b4d9-4f46-a6ae-09f5cfcb71b7","real_world_relation":"REFERENCE_ONLY","shape_Length":156.40289161057572,"source_datadesc":"2016 October MAFTIGER","source_datasetid":"{155E1578-FAD5-4709-A194-6F828C31A01F}","source_featureid":"110873834322","source_id":"REF-SACRAMENTO-LOCAL-ROADS","source_originator":"U.S. Department of Commerce, U.S. Census Bureau, Geography Division","state_route":null,"state_route_a":null,"state_route_b":null,"state_route_c":null,"stco_fipscode":"06067","tnmfrc":4,"us_route":null,"us_route_a":null,"us_route_b":null,"us_route_c":null},"type":"Feature"},{"geometry":{"coordinates":[[-121.496553,38.610938],[-121.496547,38.610781],[-121.49655,38.610731],[-121.496559,38.610682],[-121.496602,38.610543],[-121.496609,38.610497],[-121.496603,38.609889],[-121.496598,38.609836],[-121.496576,38.609731],[-121.496535,38.60963],[-121.496507,38.609581],[-121.496441,38.609489],[-121.496358,38.609404],[-121.496255,38.609325],[-121.496089,38.609231],[-121.495969,38.60918],[-121.495843,38.609139],[-121.495714,38.609109],[-121.49558,38.609089],[-121.495443,38.609081],[-121.495319,38.609082],[-121.495195,38.609091],[-121.495009,38.609117],[-121.494828,38.609159],[-121.494653,38.609214],[-121.494488,38.609284],[-121.494332,38.609367],[-121.494188,38.609463],[-121.494047,38.609578]],"type":"LineString"},"id":"REF-SACRAMENTO-LOCAL-ROADS-123","properties":{"canon_status":"REAL_REFERENCE","county_route":null,"federal_lands_route":null,"fictionality":"REAL","globalid":"{F7045208-2B91-4F99-9C63-90B271AC3D6B}","interstate":null,"interstate_a":null,"interstate_b":null,"interstate_c":null,"loaddate":1533980662000,"mtfcc_code":"S1400","name":"Mossy Bank Dr","objectid":5192682,"permanent_identifier":"871db9cb-2f76-4adf-91cd-e7ad7c47a0f8","real_world_relation":"REFERENCE_ONLY","shape_Length":517.0092544941607,"source_datadesc":"2016 October MAFTIGER","source_datasetid":"{155E1578-FAD5-4709-A194-6F828C31A01F}","source_featureid":"110874159928","source_id":"REF-SACRAMENTO-LOCAL-ROADS","source_originator":"U.S. Department of Commerce, U.S. Census Bureau, Geography Division","state_route":null,"state_route_a":null,"state_route_b":null,"state_route_c":null,"stco_fipscode":"06067","tnmfrc":4,"us_route":null,"us_route_a":null,"us_route_b":null,"us_route_c":null},"type":"Feature"},{"geometry":{"coordinates":[[-121.510909,38.591271],[-121.51097,38.591009],[-121.511014,38.590823],[-121.511083,38.590371]],"type":"LineString"},"id":"REF-SACRAMENTO-LOCAL-ROADS-124","properties":{"canon_status":"REAL_REFERENCE","county_route":null,"federal_lands_route":null,"fictionality":"REAL","globalid":"{666BC921-D52A-4D73-99F9-E7B583085F3E}","interstate":null,"interstate_a":null,"interstate_b":null,"interstate_c":null,"loaddate":1533980970000,"mtfcc_code":"S1400","name":"4th St","objectid":5192879,"permanent_identifier":"90c1aed3-3627-45c5-a6b9-1c8d25a09150","real_world_relation":"REFERENCE_ONLY","shape_Length":129.69776289200257,"source_datadesc":"2016 October MAFTIGER","source_datasetid":"{155E1578-FAD5-4709-A194-6F828C31A01F}","source_featureid":"110758800283","source_id":"REF-SACRAMENTO-LOCAL-ROADS","source_originator":"U.S. Department of Commerce, U.S. Census Bureau, Geography Division","state_route":null,"state_route_a":null,"state_route_b":null,"state_route_c":null,"stco_fipscode":"06113","tnmfrc":4,"us_route":null,"us_route_a":null,"us_route_b":null,"us_route_c":null},"type":"Feature"},{"geometry":{"coordinates":[[-121.491659,38.581046],[-121.491892,38.580508]],"type":"LineString"},"id":"REF-SACRAMENTO-LOCAL-ROADS-125","properties":{"canon_status":"REAL_REFERENCE","county_route":null,"federal_lands_route":null,"fictionality":"REAL","globalid":"{03EF1A96-C58F-4C8D-8D1A-000C40E00650}","interstate":null,"interstate_a":null,"interstate_b":null,"interstate_c":null,"loaddate":1533980529000,"mtfcc_code":"S1400","name":"11th St","objectid":5192901,"permanent_identifier":"b9932469-e13d-4f8f-bf54-bc914bfd31b4","real_world_relation":"REFERENCE_ONLY","shape_Length":80.88354136165091,"source_datadesc":"2016 October MAFTIGER","source_datasetid":"{155E1578-FAD5-4709-A194-6F828C31A01F}","source_featureid":"110873853109","source_id":"REF-SACRAMENTO-LOCAL-ROADS","source_originator":"U.S. Department of Commerce, U.S. Census Bureau, Geography Division","state_route":null,"state_route_a":null,"state_route_b":null,"state_route_c":null,"stco_fipscode":"06067","tnmfrc":4,"us_route":null,"us_route_a":null,"us_route_b":null,"us_route_c":null},"type":"Feature"},{"geometry":{"coordinates":[[-121.485609,38.580655],[-121.484277,38.5803]],"type":"LineString"},"id":"REF-SACRAMENTO-LOCAL-ROADS-126","properties":{"canon_status":"REAL_REFERENCE","county_route":null,"federal_lands_route":null,"fictionality":"REAL","globalid":"{B3B667E2-8899-4CDA-8273-8C907C3D05E3}","interstate":null,"interstate_a":null,"interstate_b":null,"interstate_c":null,"loaddate":1533980466000,"mtfcc_code":"S1400","name":"H St","objectid":5319593,"permanent_identifier":"0b88e1b3-354f-4ad4-8eca-8e70be4c87a8","real_world_relation":"REFERENCE_ONLY","shape_Length":156.65820057521793,"source_datadesc":"2016 October MAFTIGER","source_datasetid":"{155E1578-FAD5-4709-A194-6F828C31A01F}","source_featureid":"1104994081186","source_id":"REF-SACRAMENTO-LOCAL-ROADS","source_originator":"U.S. Department of Commerce, U.S. Census Bureau, Geography Division","state_route":null,"state_route_a":null,"state_route_b":null,"state_route_c":null,"stco_fipscode":"06067","tnmfrc":4,"us_route":null,"us_route_a":null,"us_route_b":null,"us_route_c":null},"type":"Feature"},{"geometry":{"coordinates":[[-121.471774,38.608502],[-121.473369,38.608519],[-121.475583,38.608543]],"type":"LineString"},"id":"REF-SACRAMENTO-LOCAL-ROADS-127","properties":{"canon_status":"REAL_REFERENCE","county_route":null,"federal_lands_route":null,"fictionality":"REAL","globalid":"{90F4309A-3229-4980-8B00-1CBF54D0F9F6}","interstate":null,"interstate_a":null,"interstate_b":null,"interstate_c":null,"loaddate":1533980601000,"mtfcc_code":"S1400","name":"Harding Ave","objectid":5319745,"permanent_identifier":"c7a56277-665f-48ad-9ddb-ddf5f4af3ed3","real_world_relation":"REFERENCE_ONLY","shape_Length":424.0562278876323,"source_datadesc":"2016 October MAFTIGER","source_datasetid":"{155E1578-FAD5-4709-A194-6F828C31A01F}","source_featureid":"110873965866","source_id":"REF-SACRAMENTO-LOCAL-ROADS","source_originator":"U.S. Department of Commerce, U.S. Census Bureau, Geography Division","state_route":null,"state_route_a":null,"state_route_b":null,"state_route_c":null,"stco_fipscode":"06067","tnmfrc":4,"us_route":null,"us_route_a":null,"us_route_b":null,"us_route_c":null},"type":"Feature"},{"geometry":{"coordinates":[[-121.466055,38.606448],[-121.46415,38.606445]],"type":"LineString"},"id":"REF-SACRAMENTO-LOCAL-ROADS-128","properties":{"canon_status":"REAL_REFERENCE","county_route":null,"federal_lands_route":null,"fictionality":"REAL","globalid":"{67202A11-B909-4F67-8920-DF3D876260C4}","interstate":null,"interstate_a":null,"interstate_b":null,"interstate_c":null,"loaddate":1533980443000,"mtfcc_code":"S1400","name":"Arden Way","objectid":5319762,"permanent_identifier":"11a9b2cc-c7e5-404f-909d-82a814a815ad","real_world_relation":"REFERENCE_ONLY","shape_Length":212.06413069723922,"source_datadesc":"2016 October MAFTIGER","source_datasetid":"{155E1578-FAD5-4709-A194-6F828C31A01F}","source_featureid":"110873936843","source_id":"REF-SACRAMENTO-LOCAL-ROADS","source_originator":"U.S. Department of Commerce, U.S. Census Bureau, Geography Division","state_route":null,"state_route_a":null,"state_route_b":null,"state_route_c":null,"stco_fipscode":"06067","tnmfrc":4,"us_route":null,"us_route_a":null,"us_route_b":null,"us_route_c":null},"type":"Feature"},{"geometry":{"coordinates":[[-121.506288,38.586293],[-121.505986,38.586153],[-121.505611,38.58605]],"type":"LineString"},"id":"REF-SACRAMENTO-LOCAL-ROADS-129","properties":{"canon_status":"REAL_REFERENCE","county_route":null,"federal_lands_route":null,"fictionality":"REAL","globalid":"{30D3F877-0EF2-4F9D-A11A-BB0F958BC25E}","interstate":null,"interstate_a":null,"interstate_b":null,"interstate_c":null,"loaddate":1533980662000,"mtfcc_code":"S1400","name":"I St Viaduct St","objectid":5319770,"permanent_identifier":"7a191ad4-76c0-4657-8797-4635363ed398","real_world_relation":"REFERENCE_ONLY","shape_Length":83.33292437680048,"source_datadesc":"2016 October MAFTIGER","source_datasetid":"{155E1578-FAD5-4709-A194-6F828C31A01F}","source_featureid":"110874185111","source_id":"REF-SACRAMENTO-LOCAL-ROADS","source_originator":"U.S. Department of Commerce, U.S. Census Bureau, Geography Division","state_route":null,"state_route_a":null,"state_route_b":null,"state_route_c":null,"stco_fipscode":"06067","tnmfrc":4,"us_route":null,"us_route_a":null,"us_route_b":null,"us_route_c":null},"type":"Feature"},{"geometry":{"coordinates":[[-121.496996,38.58247],[-121.497229,38.581932]],"type":"LineString"},"id":"REF-SACRAMENTO-LOCAL-ROADS-130","properties":{"canon_status":"REAL_REFERENCE","county_route":null,"federal_lands_route":null,"fictionality":"REAL","globalid":"{31995471-696E-4250-9A90-77F77E651763}","interstate":null,"interstate_a":null,"interstate_b":null,"interstate_c":null,"loaddate":1533980448000,"mtfcc_code":"S1400","name":"7th St","objectid":5448065,"permanent_identifier":"20f28431-0b51-45fb-9f42-52f2e2501117","real_world_relation":"REFERENCE_ONLY","shape_Length":80.88499421001322,"source_datadesc":"2016 October MAFTIGER","source_datasetid":"{155E1578-FAD5-4709-A194-6F828C31A01F}","source_featureid":"1102781889555","source_id":"REF-SACRAMENTO-LOCAL-ROADS","source_originator":"U.S. Department of Commerce, U.S. Census Bureau, Geography Division","state_route":null,"state_route_a":null,"state_route_b":null,"state_route_c":null,"stco_fipscode":"06067","tnmfrc":4,"us_route":null,"us_route_a":null,"us_route_b":null,"us_route_c":null},"type":"Feature"},{"geometry":{"coordinates":[[-121.50275,38.582792],[-121.501453,38.582446]],"type":"LineString"},"id":"REF-SACRAMENTO-LOCAL-ROADS-131","properties":{"canon_status":"REAL_REFERENCE","county_route":null,"federal_lands_route":null,"fictionality":"REAL","globalid":"{849896D6-8A83-4358-8EF4-0249A4CC3339}","interstate":null,"interstate_a":null,"interstate_b":null,"interstate_c":null,"loaddate":1533980577000,"mtfcc_code":"S1400","name":"J St","objectid":5575293,"permanent_identifier":"ec083f5a-ddaa-45f6-902c-63c27f69c7aa","real_world_relation":"REFERENCE_ONLY","shape_Length":152.55732810303667,"source_datadesc":"2016 October MAFTIGER","source_datasetid":"{155E1578-FAD5-4709-A194-6F828C31A01F}","source_featureid":"110873834491","source_id":"REF-SACRAMENTO-LOCAL-ROADS","source_originator":"U.S. Department of Commerce, U.S. Census Bureau, Geography Division","state_route":null,"state_route_a":null,"state_route_b":null,"state_route_c":null,"stco_fipscode":"06067","tnmfrc":4,"us_route":null,"us_route_a":null,"us_route_b":null,"us_route_c":null},"type":"Feature"},{"geometry":{"coordinates":[[-121.480439,38.582331],[-121.480678,38.581781]],"type":"LineString"},"id":"REF-SACRAMENTO-LOCAL-ROADS-132","properties":{"canon_status":"REAL_REFERENCE","county_route":null,"federal_lands_route":null,"fictionality":"REAL","globalid":"{354E152B-F2E9-4F7D-8F33-C833C59A512E}","interstate":null,"interstate_a":null,"interstate_b":null,"interstate_c":null,"loaddate":1533980611000,"mtfcc_code":"S1400","name":"18th St","objectid":5575823,"permanent_identifier":"1b6e74ee-363c-44f1-88bc-6e6c05385157","real_world_relation":"REFERENCE_ONLY","shape_Length":82.71767841297559,"source_datadesc":"2016 October MAFTIGER","source_datasetid":"{155E1578-FAD5-4709-A194-6F828C31A01F}","source_featureid":"110873858902","source_id":"REF-SACRAMENTO-LOCAL-ROADS","source_originator":"U.S. Department of Commerce, U.S. Census Bureau, Geography Division","state_route":null,"state_route_a":null,"state_route_b":null,"state_route_c":null,"stco_fipscode":"06067","tnmfrc":4,"us_route":null,"us_route_a":null,"us_route_b":null,"us_route_c":null},"type":"Feature"},{"geometry":{"coordinates":[[-121.483624,38.588621],[-121.483602,38.58866]],"type":"LineString"},"id":"REF-SACRAMENTO-LOCAL-ROADS-133","properties":{"canon_status":"REAL_REFERENCE","county_route":null,"federal_lands_route":null,"fictionality":"REAL","globalid":"{34809518-F91F-4002-B7A6-0C11BC4DF19A}","interstate":null,"interstate_a":null,"interstate_b":null,"interstate_c":null,"loaddate":1533980502000,"mtfcc_code":"S1400","name":"N 14th St","objectid":5575824,"permanent_identifier":"f85a80bc-2c6a-42b1-86e0-0491170a65fa","real_world_relation":"REFERENCE_ONLY","shape_Length":6.070151452513907,"source_datadesc":"2016 October MAFTIGER","source_datasetid":"{155E1578-FAD5-4709-A194-6F828C31A01F}","source_featureid":"110873855283","source_id":"REF-SACRAMENTO-LOCAL-ROADS","source_originator":"U.S. Department of Commerce, U.S. Census Bureau, Geography Division","state_route":null,"state_route_a":null,"state_route_b":null,"state_route_c":null,"stco_fipscode":"06067","tnmfrc":4,"us_route":null,"us_route_a":null,"us_route_b":null,"us_route_c":null},"type":"Feature"},{"geometry":{"coordinates":[[-121.482949,38.579946],[-121.483186,38.579395]],"type":"LineString"},"id":"REF-SACRAMENTO-LOCAL-ROADS-134","properties":{"canon_status":"REAL_REFERENCE","county_route":null,"federal_lands_route":null,"fictionality":"REAL","globalid":"{170E9B61-D0D2-4450-8A8B-C56E897FE81C}","interstate":null,"interstate_a":null,"interstate_b":null,"interstate_c":null,"loaddate":1533980445000,"mtfcc_code":"S1400","name":"17th St","objectid":5702935,"permanent_identifier":"7811655e-e3ed-4af8-8fff-080e221ab912","real_world_relation":"REFERENCE_ONLY","shape_Length":82.77891033089644,"source_datadesc":"2016 October MAFTIGER","source_datasetid":"{155E1578-FAD5-4709-A194-6F828C31A01F}","source_featureid":"110873857859","source_id":"REF-SACRAMENTO-LOCAL-ROADS","source_originator":"U.S. Department of Commerce, U.S. Census Bureau, Geography Division","state_route":null,"state_route_a":null,"state_route_b":null,"state_route_c":null,"stco_fipscode":"06067","tnmfrc":4,"us_route":null,"us_route_a":null,"us_route_b":null,"us_route_c":null},"type":"Feature"},{"geometry":{"coordinates":[[-121.480987,38.59284],[-121.480435,38.594217],[-121.480339,38.594397],[-121.480219,38.594552],[-121.480108,38.594665],[-121.479608,38.595104]],"type":"LineString"},"id":"REF-SACRAMENTO-LOCAL-ROADS-135","properties":{"canon_status":"REAL_REFERENCE","county_route":null,"federal_lands_route":null,"fictionality":"REAL","globalid":"{7EF310D4-EAAF-41F0-8FEA-1D95B55DB356}","interstate":null,"interstate_a":null,"interstate_b":null,"interstate_c":null,"loaddate":1533980558000,"mtfcc_code":"S1400","name":"Sunbeam Ave","objectid":5703303,"permanent_identifier":"84a141b4-6af5-4ca6-8f3f-d919268a09ee","real_world_relation":"REFERENCE_ONLY","shape_Length":363.1034945710971,"source_datadesc":"2016 October MAFTIGER","source_datasetid":"{155E1578-FAD5-4709-A194-6F828C31A01F}","source_featureid":"110873969489","source_id":"REF-SACRAMENTO-LOCAL-ROADS","source_originator":"U.S. Department of Commerce, U.S. Census Bureau, Geography Division","state_route":null,"state_route_a":null,"state_route_b":null,"state_route_c":null,"stco_fipscode":"06067","tnmfrc":4,"us_route":null,"us_route_a":null,"us_route_b":null,"us_route_c":null},"type":"Feature"},{"geometry":{"coordinates":[[-121.491324,38.601246],[-121.491228,38.601248],[-121.491132,38.601254],[-121.491016,38.60126],[-121.490899,38.60126],[-121.490783,38.601253],[-121.490667,38.60124],[-121.490441,38.601196],[-121.490225,38.601127],[-121.490023,38.601036],[-121.489839,38.600923],[-121.489464,38.600663],[-121.489391,38.600623],[-121.489319,38.600591],[-121.489245,38.600563],[-121.489168,38.60054]],"type":"LineString"},"id":"REF-SACRAMENTO-LOCAL-ROADS-136","properties":{"canon_status":"REAL_REFERENCE","county_route":null,"federal_lands_route":null,"fictionality":"REAL","globalid":"{FAB59BE1-C0AF-4516-AA74-C6DBC16AB60C}","interstate":null,"interstate_a":null,"interstate_b":null,"interstate_c":null,"loaddate":1533980558000,"mtfcc_code":"S1400","name":"Riverine Way","objectid":5830555,"permanent_identifier":"c43f7373-c0ce-4c3f-8f0d-c463029c5afa","real_world_relation":"REFERENCE_ONLY","shape_Length":270.5611712752738,"source_datadesc":"2016 October MAFTIGER","source_datasetid":"{155E1578-FAD5-4709-A194-6F828C31A01F}","source_featureid":"1104981942492","source_id":"REF-SACRAMENTO-LOCAL-ROADS","source_originator":"U.S. Department of Commerce, U.S. Census Bureau, Geography Division","state_route":null,"state_route_a":null,"state_route_b":null,"state_route_c":null,"stco_fipscode":"06067","tnmfrc":4,"us_route":null,"us_route_a":null,"us_route_b":null,"us_route_c":null},"type":"Feature"},{"geometry":{"coordinates":[[-121.494004,38.585951],[-121.494244,38.585399]],"type":"LineString"},"id":"REF-SACRAMENTO-LOCAL-ROADS-137","properties":{"canon_status":"REAL_REFERENCE","county_route":null,"federal_lands_route":null,"fictionality":"REAL","globalid":"{62E6E0FB-B0E8-424A-BB48-CBB82E44A91F}","interstate":null,"interstate_a":null,"interstate_b":null,"interstate_c":null,"loaddate":1533980530000,"mtfcc_code":"S1400","name":"8th St","objectid":5830976,"permanent_identifier":"95cdcddd-212c-4b4d-98cd-b181c3cdbd9b","real_world_relation":"REFERENCE_ONLY","shape_Length":83.0269316556483,"source_datadesc":"2016 October MAFTIGER","source_datasetid":"{155E1578-FAD5-4709-A194-6F828C31A01F}","source_featureid":"110873852359","source_id":"REF-SACRAMENTO-LOCAL-ROADS","source_originator":"U.S. Department of Commerce, U.S. Census Bureau, Geography Division","state_route":null,"state_route_a":null,"state_route_b":null,"state_route_c":null,"stco_fipscode":"06067","tnmfrc":4,"us_route":null,"us_route_a":null,"us_route_b":null,"us_route_c":null},"type":"Feature"},{"geometry":{"coordinates":[[-121.504017,38.582496],[-121.504376,38.582594]],"type":"LineString"},"id":"REF-SACRAMENTO-LOCAL-ROADS-138","properties":{"canon_status":"REAL_REFERENCE","county_route":null,"federal_lands_route":null,"fictionality":"REAL","globalid":"{61AE63C5-CD09-4BC4-9737-13BAD003C85E}","interstate":null,"interstate_a":null,"interstate_b":null,"interstate_c":null,"loaddate":1533980601000,"mtfcc_code":"S1400","name":"Oak Ave","objectid":5831231,"permanent_identifier":"cc90eaa1-b388-42d5-aeac-ca6f7df06088","real_world_relation":"REFERENCE_ONLY","shape_Length":42.33032115085486,"source_datadesc":"2016 October MAFTIGER","source_datasetid":"{155E1578-FAD5-4709-A194-6F828C31A01F}","source_featureid":"1103666701736","source_id":"REF-SACRAMENTO-LOCAL-ROADS","source_originator":"U.S. Department of Commerce, U.S. Census Bureau, Geography Division","state_route":null,"state_route_a":null,"state_route_b":null,"state_route_c":null,"stco_fipscode":"06067","tnmfrc":4,"us_route":null,"us_route_a":null,"us_route_b":null,"us_route_c":null},"type":"Feature"},{"geometry":{"coordinates":[[-121.511083,38.590371],[-121.511142,38.590391],[-121.511202,38.590403],[-121.511268,38.5904],[-121.511333,38.59042],[-121.511393,38.590435],[-121.51146,38.590446],[-121.51152,38.590454],[-121.5116,38.59046],[-121.511664,38.590466],[-121.51173,38.590483],[-121.511788,38.590494],[-121.511847,38.590502],[-121.511906,38.590506],[-121.511975,38.590507],[-121.512037,38.590524],[-121.512105,38.590537],[-121.512172,38.590543],[-121.51223,38.590522]],"type":"LineString"},"id":"REF-SACRAMENTO-LOCAL-ROADS-139","properties":{"canon_status":"REAL_REFERENCE","county_route":null,"federal_lands_route":null,"fictionality":"REAL","globalid":"{C981B284-3DDC-4551-A1EE-EE330334DD74}","interstate":null,"interstate_a":null,"interstate_b":null,"interstate_c":null,"loaddate":1533980972000,"mtfcc_code":"S1400","name":"Midstream Ln","objectid":5831334,"permanent_identifier":"00600ff6-b962-49e3-82d1-6d7e710637e0","real_world_relation":"REFERENCE_ONLY","shape_Length":131.77058789549625,"source_datadesc":"2016 October MAFTIGER","source_datasetid":"{155E1578-FAD5-4709-A194-6F828C31A01F}","source_featureid":"1103593477813","source_id":"REF-SACRAMENTO-LOCAL-ROADS","source_originator":"U.S. Department of Commerce, U.S. Census Bureau, Geography Division","state_route":null,"state_route_a":null,"state_route_b":null,"state_route_c":null,"stco_fipscode":"06113","tnmfrc":4,"us_route":null,"us_route_a":null,"us_route_b":null,"us_route_c":null},"type":"Feature"},{"geometry":{"coordinates":[[-121.465743,38.600595],[-121.466067,38.601006]],"type":"LineString"},"id":"REF-SACRAMENTO-LOCAL-ROADS-140","properties":{"canon_status":"REAL_REFERENCE","county_route":null,"federal_lands_route":null,"fictionality":"REAL","globalid":"{1B70D4D1-8C5E-4F4A-A0FF-894E89847957}","interstate":null,"interstate_a":null,"interstate_b":null,"interstate_c":null,"loaddate":1748519528000,"mtfcc_code":"S1400","name":"N Sac Mhp","objectid":5958322,"permanent_identifier":"96886812-d9e1-4677-96b1-21e68a67b784","real_world_relation":"REFERENCE_ONLY","shape_Length":68.76178103271121,"source_datadesc":"2016 October MAFTIGER","source_datasetid":"{7AD8F908-E576-4667-ABBE-3F904F423D64}","source_featureid":"110873968818","source_id":"REF-SACRAMENTO-LOCAL-ROADS","source_originator":"U.S. Department of Commerce, U.S. Census Bureau, Geography Division","state_route":null,"state_route_a":null,"state_route_b":null,"state_route_c":null,"stco_fipscode":"06067","tnmfrc":4,"us_route":null,"us_route_a":null,"us_route_b":null,"us_route_c":null},"type":"Feature"},{"geometry":{"coordinates":[[-121.465694,38.601726],[-121.46479,38.600562]],"type":"LineString"},"id":"REF-SACRAMENTO-LOCAL-ROADS-141","properties":{"canon_status":"REAL_REFERENCE","county_route":null,"federal_lands_route":null,"fictionality":"REAL","globalid":"{7CC567E7-A00C-434C-8930-F1614C6D1375}","interstate":null,"interstate_a":null,"interstate_b":null,"interstate_c":null,"loaddate":1748519528000,"mtfcc_code":"S1400","name":"N Sac Mhp","objectid":5958353,"permanent_identifier":"1539b1d5-d3bd-4b16-8ef1-fdc75c8c3c9c","real_world_relation":"REFERENCE_ONLY","shape_Length":193.95201274333903,"source_datadesc":"2016 October MAFTIGER","source_datasetid":"{7AD8F908-E576-4667-ABBE-3F904F423D64}","source_featureid":"110873968825","source_id":"REF-SACRAMENTO-LOCAL-ROADS","source_originator":"U.S. Department of Commerce, U.S. Census Bureau, Geography Division","state_route":null,"state_route_a":null,"state_route_b":null,"state_route_c":null,"stco_fipscode":"06067","tnmfrc":4,"us_route":null,"us_route_a":null,"us_route_b":null,"us_route_c":null},"type":"Feature"},{"geometry":{"coordinates":[[-121.485042,38.585386],[-121.485278,38.584843]],"type":"LineString"},"id":"REF-SACRAMENTO-LOCAL-ROADS-142","properties":{"canon_status":"REAL_REFERENCE","county_route":null,"federal_lands_route":null,"fictionality":"REAL","globalid":"{CB79843E-52E0-4BC9-B97C-7CA61C40AB68}","interstate":null,"interstate_a":null,"interstate_b":null,"interstate_c":null,"loaddate":1533980436000,"mtfcc_code":"S1400","name":"14th St","objectid":5958362,"permanent_identifier":"9534e0aa-9b57-4d7f-8767-601498ccedcb","real_world_relation":"REFERENCE_ONLY","shape_Length":81.669543291696,"source_datadesc":"2016 October MAFTIGER","source_datasetid":"{155E1578-FAD5-4709-A194-6F828C31A01F}","source_featureid":"110873854979","source_id":"REF-SACRAMENTO-LOCAL-ROADS","source_originator":"U.S. Department of Commerce, U.S. Census Bureau, Geography Division","state_route":null,"state_route_a":null,"state_route_b":null,"state_route_c":null,"stco_fipscode":"06067","tnmfrc":4,"us_route":null,"us_route_a":null,"us_route_b":null,"us_route_c":null},"type":"Feature"},{"geometry":{"coordinates":[[-121.484277,38.5803],[-121.482949,38.579946]],"type":"LineString"},"id":"REF-SACRAMENTO-LOCAL-ROADS-143","properties":{"canon_status":"REAL_REFERENCE","county_route":null,"federal_lands_route":null,"fictionality":"REAL","globalid":"{F4959B8A-7DAE-4B28-97D9-FF333DD730D0}","interstate":null,"interstate_a":null,"interstate_b":null,"interstate_c":null,"loaddate":1533980466000,"mtfcc_code":"S1400","name":"H St","objectid":6086169,"permanent_identifier":"c9ac8d61-56dd-4739-9a9b-0c4453232300","real_world_relation":"REFERENCE_ONLY","shape_Length":156.19064214966986,"source_datadesc":"2016 October MAFTIGER","source_datasetid":"{155E1578-FAD5-4709-A194-6F828C31A01F}","source_featureid":"1104994081186","source_id":"REF-SACRAMENTO-LOCAL-ROADS","source_originator":"U.S. Department of Commerce, U.S. Census Bureau, Geography Division","state_route":null,"state_route_a":null,"state_route_b":null,"state_route_c":null,"stco_fipscode":"06067","tnmfrc":4,"us_route":null,"us_route_a":null,"us_route_b":null,"us_route_c":null},"type":"Feature"},{"geometry":{"coordinates":[[-121.492346,38.609835],[-121.492224,38.60982],[-121.492157,38.609815],[-121.492106,38.60981],[-121.491349,38.609809]],"type":"LineString"},"id":"REF-SACRAMENTO-LOCAL-ROADS-144","properties":{"canon_status":"REAL_REFERENCE","county_route":null,"federal_lands_route":null,"fictionality":"REAL","globalid":"{DBF02219-1FE5-4D28-91C2-E7983DBC1844}","interstate":null,"interstate_a":null,"interstate_b":null,"interstate_c":null,"loaddate":1533980481000,"mtfcc_code":"S1400","name":"Helmsman Way","objectid":6086201,"permanent_identifier":"5e7a9c2a-6fd3-4043-bb1d-892152c747e4","real_world_relation":"REFERENCE_ONLY","shape_Length":111.23125349021184,"source_datadesc":"2016 October MAFTIGER","source_datasetid":"{155E1578-FAD5-4709-A194-6F828C31A01F}","source_featureid":"110874011544","source_id":"REF-SACRAMENTO-LOCAL-ROADS","source_originator":"U.S. Department of Commerce, U.S. Census Bureau, Geography Division","state_route":null,"state_route_a":null,"state_route_b":null,"state_route_c":null,"stco_fipscode":"06067","tnmfrc":4,"us_route":null,"us_route_a":null,"us_route_b":null,"us_route_c":null},"type":"Feature"},{"geometry":{"coordinates":[[-121.485901,38.590507],[-121.484854,38.590221],[-121.484427,38.590104],[-121.48313,38.58975]],"type":"LineString"},"id":"REF-SACRAMENTO-LOCAL-ROADS-145","properties":{"canon_status":"REAL_REFERENCE","county_route":null,"federal_lands_route":null,"fictionality":"REAL","globalid":"{9288EE3F-490E-4242-AB1D-E639DC794BC3}","interstate":null,"interstate_a":null,"interstate_b":null,"interstate_c":null,"loaddate":1533980554000,"mtfcc_code":"S1400","name":"N B St","objectid":6086595,"permanent_identifier":"75865775-a8cb-4e5e-a20e-2a85748f42bd","real_world_relation":"REFERENCE_ONLY","shape_Length":326.7643885417501,"source_datadesc":"2016 October MAFTIGER","source_datasetid":"{155E1578-FAD5-4709-A194-6F828C31A01F}","source_featureid":"110873834253","source_id":"REF-SACRAMENTO-LOCAL-ROADS","source_originator":"U.S. Department of Commerce, U.S. Census Bureau, Geography Division","state_route":null,"state_route_a":null,"state_route_b":null,"state_route_c":null,"stco_fipscode":"06067","tnmfrc":4,"us_route":null,"us_route_a":null,"us_route_b":null,"us_route_c":null},"type":"Feature"},{"geometry":{"coordinates":[[-121.4849,38.582289],[-121.485135,38.581747]],"type":"LineString"},"id":"REF-SACRAMENTO-LOCAL-ROADS-146","properties":{"canon_status":"REAL_REFERENCE","county_route":null,"federal_lands_route":null,"fictionality":"REAL","globalid":"{72DB4894-86A6-491F-B2F6-8BE8F927BDDE}","interstate":null,"interstate_a":null,"interstate_b":null,"interstate_c":null,"loaddate":1748519528000,"mtfcc_code":"S1400","name":"15th St","objectid":6087095,"permanent_identifier":"77b0651f-92c0-471d-96d0-b1299ac5533c","real_world_relation":"REFERENCE_ONLY","shape_Length":81.49577344807696,"source_datadesc":"2021 February MAF/TIGER","source_datasetid":"{7AD8F908-E576-4667-ABBE-3F904F423D64}","source_featureid":"110873855853","source_id":"REF-SACRAMENTO-LOCAL-ROADS","source_originator":"U.S. Department of Commerce, U.S. Census Bureau, Geography Division","state_route":null,"state_route_a":null,"state_route_b":null,"state_route_c":null,"stco_fipscode":"06067","tnmfrc":4,"us_route":null,"us_route_a":null,"us_route_b":null,"us_route_c":null},"type":"Feature"},{"geometry":{"coordinates":[[-121.48347,38.58558],[-121.483708,38.58503]],"type":"LineString"},"id":"REF-SACRAMENTO-LOCAL-ROADS-147","properties":{"canon_status":"REAL_REFERENCE","county_route":null,"federal_lands_route":null,"fictionality":"REAL","globalid":"{013965A5-8A7B-4D4F-8D97-DC7802ADF24A}","interstate":null,"interstate_a":null,"interstate_b":null,"interstate_c":null,"loaddate":1533980542000,"mtfcc_code":"S1400","name":"15th St","objectid":6214207,"permanent_identifier":"e08cacad-523c-46b1-83af-e404c06e7ef5","real_world_relation":"REFERENCE_ONLY","shape_Length":82.68532507005433,"source_datadesc":"2016 October MAFTIGER","source_datasetid":"{155E1578-FAD5-4709-A194-6F828C31A01F}","source_featureid":"110873856151","source_id":"REF-SACRAMENTO-LOCAL-ROADS","source_originator":"U.S. Department of Commerce, U.S. Census Bureau, Geography Division","state_route":null,"state_route_a":null,"state_route_b":null,"state_route_c":null,"stco_fipscode":"06067","tnmfrc":4,"us_route":null,"us_route_a":null,"us_route_b":null,"us_route_c":null},"type":"Feature"},{"geometry":{"coordinates":[[-121.487081,38.595083],[-121.483987,38.595314]],"type":"LineString"},"id":"REF-SACRAMENTO-LOCAL-ROADS-148","properties":{"canon_status":"REAL_REFERENCE","county_route":null,"federal_lands_route":null,"fictionality":"REAL","globalid":"{A7A4BEA6-B84C-43F2-BC25-E8B657C7C43E}","interstate":null,"interstate_a":null,"interstate_b":null,"interstate_c":null,"loaddate":1533980419000,"mtfcc_code":"S1400","name":"Richards Blvd","objectid":6469635,"permanent_identifier":"edcb835a-fc90-4178-8f73-b96e6917aad8","real_world_relation":"REFERENCE_ONLY","shape_Length":345.9905049451256,"source_datadesc":"2016 October MAFTIGER","source_datasetid":"{155E1578-FAD5-4709-A194-6F828C31A01F}","source_featureid":"110874105498","source_id":"REF-SACRAMENTO-LOCAL-ROADS","source_originator":"U.S. Department of Commerce, U.S. Census Bureau, Geography Division","state_route":null,"state_route_a":null,"state_route_b":null,"state_route_c":null,"stco_fipscode":"06067","tnmfrc":4,"us_route":null,"us_route_a":null,"us_route_b":null,"us_route_c":null},"type":"Feature"},{"geometry":{"coordinates":[[-121.484095,38.59507],[-121.483987,38.595314]],"type":"LineString"},"id":"REF-SACRAMENTO-LOCAL-ROADS-149","properties":{"canon_status":"REAL_REFERENCE","county_route":null,"federal_lands_route":null,"fictionality":"REAL","globalid":"{BD5A941A-F81F-469A-B511-5CCEB5DBA344}","interstate":null,"interstate_a":null,"interstate_b":null,"interstate_c":null,"loaddate":1533980452000,"mtfcc_code":"S1400","name":"Dos Rios St","objectid":6470063,"permanent_identifier":"25ed7fa8-a8d2-420c-8502-2c056f21a9b0","real_world_relation":"REFERENCE_ONLY","shape_Length":36.77378842506472,"source_datadesc":"2016 October MAFTIGER","source_datasetid":"{155E1578-FAD5-4709-A194-6F828C31A01F}","source_featureid":"110873972427","source_id":"REF-SACRAMENTO-LOCAL-ROADS","source_originator":"U.S. Department of Commerce, U.S. Census Bureau, Geography Division","state_route":null,"state_route_a":null,"state_route_b":null,"state_route_c":null,"stco_fipscode":"06067","tnmfrc":4,"us_route":null,"us_route_a":null,"us_route_b":null,"us_route_c":null},"type":"Feature"},{"geometry":{"coordinates":[[-121.509132,38.585685],[-121.508296,38.585573],[-121.508161,38.586787]],"type":"LineString"},"id":"REF-SACRAMENTO-LOCAL-ROADS-150","properties":{"canon_status":"REAL_REFERENCE","county_route":null,"federal_lands_route":null,"fictionality":"REAL","globalid":"{2A99F306-3E7D-4E11-825E-69717B6256F4}","interstate":null,"interstate_a":null,"interstate_b":null,"interstate_c":null,"loaddate":1533980992000,"mtfcc_code":"S1400","name":"I St Brg","objectid":6597307,"permanent_identifier":"4f97f54b-23f4-4bce-81a8-1e37deea2658","real_world_relation":"REFERENCE_ONLY","shape_Length":267.96047183364874,"source_datadesc":"2016 October MAFTIGER","source_datasetid":"{155E1578-FAD5-4709-A194-6F828C31A01F}","source_featureid":"1104469849413","source_id":"REF-SACRAMENTO-LOCAL-ROADS","source_originator":"U.S. Department of Commerce, U.S. Census Bureau, Geography Division","state_route":null,"state_route_a":null,"state_route_b":null,"state_route_c":null,"stco_fipscode":"06113","tnmfrc":4,"us_route":null,"us_route_a":null,"us_route_b":null,"us_route_c":null},"type":"Feature"},{"geometry":{"coordinates":[[-121.486086,38.579559],[-121.484754,38.579204]],"type":"LineString"},"id":"REF-SACRAMENTO-LOCAL-ROADS-151","properties":{"canon_status":"REAL_REFERENCE","county_route":null,"federal_lands_route":null,"fictionality":"REAL","globalid":"{CBB31067-FABD-4B99-B380-2043BC8DCEDD}","interstate":null,"interstate_a":null,"interstate_b":null,"interstate_c":null,"loaddate":1533980547000,"mtfcc_code":"S1400","name":"I St","objectid":6597408,"permanent_identifier":"e2509e8e-12e6-4fcb-adaa-17db1e4a9621","real_world_relation":"REFERENCE_ONLY","shape_Length":156.65791015609085,"source_datadesc":"2016 October MAFTIGER","source_datasetid":"{155E1578-FAD5-4709-A194-6F828C31A01F}","source_featureid":"110873834453","source_id":"REF-SACRAMENTO-LOCAL-ROADS","source_originator":"U.S. Department of Commerce, U.S. Census Bureau, Geography Division","state_route":null,"state_route_a":null,"state_route_b":null,"state_route_c":null,"stco_fipscode":"06067","tnmfrc":4,"us_route":null,"us_route_a":null,"us_route_b":null,"us_route_c":null},"type":"Feature"},{"geometry":{"coordinates":[[-121.48796,38.586164],[-121.48637,38.58574]],"type":"LineString"},"id":"REF-SACRAMENTO-LOCAL-ROADS-152","properties":{"canon_status":"REAL_REFERENCE","county_route":null,"federal_lands_route":null,"fictionality":"REAL","globalid":"{69E6A6BE-F2B9-438C-AD15-EB9697E8001E}","interstate":null,"interstate_a":null,"interstate_b":null,"interstate_c":null,"loaddate":1533980434000,"mtfcc_code":"S1400","name":"D St","objectid":6597500,"permanent_identifier":"608f8dbc-0605-4a4e-95c0-d0fbae9c2dc5","real_world_relation":"REFERENCE_ONLY","shape_Length":187.01427301190128,"source_datadesc":"2016 October MAFTIGER","source_datasetid":"{155E1578-FAD5-4709-A194-6F828C31A01F}","source_featureid":"110873834322","source_id":"REF-SACRAMENTO-LOCAL-ROADS","source_originator":"U.S. Department of Commerce, U.S. Census Bureau, Geography Division","state_route":null,"state_route_a":null,"state_route_b":null,"state_route_c":null,"stco_fipscode":"06067","tnmfrc":4,"us_route":null,"us_route_a":null,"us_route_b":null,"us_route_c":null},"type":"Feature"},{"geometry":{"coordinates":[[-121.511886,38.591348],[-121.511976,38.591355],[-121.51225,38.591376],[-121.512341,38.591384]],"type":"LineString"},"id":"REF-SACRAMENTO-LOCAL-ROADS-153","properties":{"canon_status":"REAL_REFERENCE","county_route":null,"federal_lands_route":null,"fictionality":"REAL","globalid":"{69BF6038-A81F-44F7-9DA3-84CDE6327FFE}","interstate":null,"interstate_a":null,"interstate_b":null,"interstate_c":null,"loaddate":1533980952000,"mtfcc_code":"S1400","name":"A St","objectid":6597518,"permanent_identifier":"ccac37fd-909c-43f3-a498-adea3f02007a","real_world_relation":"REFERENCE_ONLY","shape_Length":50.91004102825359,"source_datadesc":"2016 October MAFTIGER","source_datasetid":"{155E1578-FAD5-4709-A194-6F828C31A01F}","source_featureid":"110758799854","source_id":"REF-SACRAMENTO-LOCAL-ROADS","source_originator":"U.S. Department of Commerce, U.S. Census Bureau, Geography Division","state_route":null,"state_route_a":null,"state_route_b":null,"state_route_c":null,"stco_fipscode":"06113","tnmfrc":4,"us_route":null,"us_route_a":null,"us_route_b":null,"us_route_c":null},"type":"Feature"},{"geometry":{"coordinates":[[-121.489763,38.585427],[-121.488436,38.585074]],"type":"LineString"},"id":"REF-SACRAMENTO-LOCAL-ROADS-154","properties":{"canon_status":"REAL_REFERENCE","county_route":null,"federal_lands_route":null,"fictionality":"REAL","globalid":"{5716750C-1168-4383-9FB5-16034E8AA8DC}","interstate":null,"interstate_a":null,"interstate_b":null,"interstate_c":null,"loaddate":1533980634000,"mtfcc_code":"S1400","name":"E St","objectid":6724639,"permanent_identifier":"0ae1933a-d83e-4f33-9cf4-af2baee2a3dc","real_world_relation":"REFERENCE_ONLY","shape_Length":156.0405627621238,"source_datadesc":"2016 October MAFTIGER","source_datasetid":"{155E1578-FAD5-4709-A194-6F828C31A01F}","source_featureid":"110873834356","source_id":"REF-SACRAMENTO-LOCAL-ROADS","source_originator":"U.S. Department of Commerce, U.S. Census Bureau, Geography Division","state_route":null,"state_route_a":null,"state_route_b":null,"state_route_c":null,"stco_fipscode":"06067","tnmfrc":4,"us_route":null,"us_route_a":null,"us_route_b":null,"us_route_c":null},"type":"Feature"},{"geometry":{"coordinates":[[-121.489146,38.595359],[-121.488159,38.595097],[-121.487995,38.595066],[-121.487826,38.595048],[-121.487713,38.595043],[-121.487539,38.595049],[-121.487081,38.595083]],"type":"LineString"},"id":"REF-SACRAMENTO-LOCAL-ROADS-155","properties":{"canon_status":"REAL_REFERENCE","county_route":null,"federal_lands_route":null,"fictionality":"REAL","globalid":"{E3F77629-CFA9-4A42-9A09-8F78145D6102}","interstate":null,"interstate_a":null,"interstate_b":null,"interstate_c":null,"loaddate":1533980419000,"mtfcc_code":"S1400","name":"Richards Blvd","objectid":6725179,"permanent_identifier":"340e3b44-74b9-47bf-bb7f-89a6e3d3c129","real_world_relation":"REFERENCE_ONLY","shape_Length":237.00761806274468,"source_datadesc":"2016 October MAFTIGER","source_datasetid":"{155E1578-FAD5-4709-A194-6F828C31A01F}","source_featureid":"110874105498","source_id":"REF-SACRAMENTO-LOCAL-ROADS","source_originator":"U.S. Department of Commerce, U.S. Census Bureau, Geography Division","state_route":null,"state_route_a":null,"state_route_b":null,"state_route_c":null,"stco_fipscode":"06067","tnmfrc":4,"us_route":null,"us_route_a":null,"us_route_b":null,"us_route_c":null},"type":"Feature"},{"geometry":{"coordinates":[[-121.492059,38.583592],[-121.492292,38.583054]],"type":"LineString"},"id":"REF-SACRAMENTO-LOCAL-ROADS-156","properties":{"canon_status":"REAL_REFERENCE","county_route":null,"federal_lands_route":null,"fictionality":"REAL","globalid":"{F2FAD680-100B-4137-A1F6-706BD34F03DF}","interstate":null,"interstate_a":null,"interstate_b":null,"interstate_c":null,"loaddate":1533980606000,"mtfcc_code":"S1400","name":"10th St","objectid":6725194,"permanent_identifier":"62201231-4794-4244-b5c3-e56202f7721d","real_world_relation":"REFERENCE_ONLY","shape_Length":80.8862255584404,"source_datadesc":"2016 October MAFTIGER","source_datasetid":"{155E1578-FAD5-4709-A194-6F828C31A01F}","source_featureid":"110873853074","source_id":"REF-SACRAMENTO-LOCAL-ROADS","source_originator":"U.S. Department of Commerce, U.S. Census Bureau, Geography Division","state_route":null,"state_route_a":null,"state_route_b":null,"state_route_c":null,"stco_fipscode":"06067","tnmfrc":4,"us_route":null,"us_route_a":null,"us_route_b":null,"us_route_c":null},"type":"Feature"},{"geometry":{"coordinates":[[-121.511083,38.590371],[-121.511107,38.590216],[-121.511149,38.589951]],"type":"LineString"},"id":"REF-SACRAMENTO-LOCAL-ROADS-157","properties":{"canon_status":"REAL_REFERENCE","county_route":null,"federal_lands_route":null,"fictionality":"REAL","globalid":"{ED766FF0-2409-47C5-8383-CF745214217A}","interstate":null,"interstate_a":null,"interstate_b":null,"interstate_c":null,"loaddate":1533980970000,"mtfcc_code":"S1400","name":"4th St","objectid":6725261,"permanent_identifier":"381ec663-f27d-4ebd-bd5d-9df02e249303","real_world_relation":"REFERENCE_ONLY","shape_Length":60.266078618111166,"source_datadesc":"2016 October MAFTIGER","source_datasetid":"{155E1578-FAD5-4709-A194-6F828C31A01F}","source_featureid":"110758800283","source_id":"REF-SACRAMENTO-LOCAL-ROADS","source_originator":"U.S. Department of Commerce, U.S. Census Bureau, Geography Division","state_route":null,"state_route_a":null,"state_route_b":null,"state_route_c":null,"stco_fipscode":"06113","tnmfrc":4,"us_route":null,"us_route_a":null,"us_route_b":null,"us_route_c":null},"type":"Feature"},{"geometry":{"coordinates":[[-121.481283,38.607293],[-121.481499,38.607365],[-121.48184,38.607468],[-121.482184,38.607562],[-121.482531,38.607645],[-121.482882,38.60772],[-121.483237,38.607785],[-121.483595,38.60784],[-121.483954,38.607885],[-121.484127,38.607903]],"type":"LineString"},"id":"REF-SACRAMENTO-LOCAL-ROADS-158","properties":{"canon_status":"REAL_REFERENCE","county_route":null,"federal_lands_route":null,"fictionality":"REAL","globalid":"{991B6209-63E2-457C-8DEF-2523D1D15548}","interstate":null,"interstate_a":null,"interstate_b":null,"interstate_c":null,"loaddate":1533980565000,"mtfcc_code":"S1400","name":"Garden Hwy","objectid":6725357,"permanent_identifier":"93088030-dd23-4523-b346-9403dc113f42","real_world_relation":"REFERENCE_ONLY","shape_Length":329.417243872845,"source_datadesc":"2016 October MAFTIGER","source_datasetid":"{155E1578-FAD5-4709-A194-6F828C31A01F}","source_featureid":"110873949976","source_id":"REF-SACRAMENTO-LOCAL-ROADS","source_originator":"U.S. Department of Commerce, U.S. Census Bureau, Geography Division","state_route":null,"state_route_a":null,"state_route_b":null,"state_route_c":null,"stco_fipscode":"06067","tnmfrc":4,"us_route":null,"us_route_a":null,"us_route_b":null,"us_route_c":null},"type":"Feature"},{"geometry":{"coordinates":[[-121.503049,38.584804],[-121.502805,38.584679]],"type":"LineString"},"id":"REF-SACRAMENTO-LOCAL-ROADS-159","properties":{"canon_status":"REAL_REFERENCE","county_route":null,"federal_lands_route":null,"fictionality":"REAL","globalid":"{9F3A111D-D41C-4694-99F6-149CD4489EB5}","interstate":null,"interstate_a":null,"interstate_b":null,"interstate_c":null,"loaddate":1533980544000,"mtfcc_code":"S1400","name":null,"objectid":6851819,"permanent_identifier":"cea270b7-ab28-4e9f-b6a9-23b6ac07a707","real_world_relation":"REFERENCE_ONLY","shape_Length":32.475398887564936,"source_datadesc":"2016 October MAFTIGER","source_datasetid":"{155E1578-FAD5-4709-A194-6F828C31A01F}","source_featureid":"110874217767","source_id":"REF-SACRAMENTO-LOCAL-ROADS","source_originator":"U.S. Department of Commerce, U.S. Census Bureau, Geography Division","state_route":null,"state_route_a":null,"state_route_b":null,"state_route_c":null,"stco_fipscode":"06067","tnmfrc":4,"us_route":null,"us_route_a":null,"us_route_b":null,"us_route_c":null},"type":"Feature"},{"geometry":{"coordinates":[[-121.478251,38.59408],[-121.476641,38.593607]],"type":"LineString"},"id":"REF-SACRAMENTO-LOCAL-ROADS-160","properties":{"canon_status":"REAL_REFERENCE","county_route":null,"federal_lands_route":null,"fictionality":"REAL","globalid":"{1FA087D5-4CA9-4CF4-B6FE-06A7EB508ED1}","interstate":null,"interstate_a":null,"interstate_b":null,"interstate_c":null,"loaddate":1533980558000,"mtfcc_code":"S1400","name":"Richards Blvd","objectid":6851848,"permanent_identifier":"805313cb-bd94-4e50-a8c1-5cd83903f013","real_world_relation":"REFERENCE_ONLY","shape_Length":191.46764720630134,"source_datadesc":"2016 October MAFTIGER","source_datasetid":"{155E1578-FAD5-4709-A194-6F828C31A01F}","source_featureid":"110874105497","source_id":"REF-SACRAMENTO-LOCAL-ROADS","source_originator":"U.S. Department of Commerce, U.S. Census Bureau, Geography Division","state_route":null,"state_route_a":null,"state_route_b":null,"state_route_c":null,"stco_fipscode":"06067","tnmfrc":4,"us_route":null,"us_route_a":null,"us_route_b":null,"us_route_c":null},"type":"Feature"},{"geometry":{"coordinates":[[-121.492692,38.592361],[-121.492136,38.592209],[-121.49052,38.591768],[-121.48872,38.591277]],"type":"LineString"},"id":"REF-SACRAMENTO-LOCAL-ROADS-161","properties":{"canon_status":"REAL_REFERENCE","county_route":null,"federal_lands_route":null,"fictionality":"REAL","globalid":"{8AA0D52B-354F-4280-B081-3BDCC5E2091D}","interstate":null,"interstate_a":null,"interstate_b":null,"interstate_c":null,"loaddate":1533980554000,"mtfcc_code":"S1400","name":"N B St","objectid":6979473,"permanent_identifier":"02294167-1c5f-4597-9c1f-af8763fa3eed","real_world_relation":"REFERENCE_ONLY","shape_Length":468.3393689313805,"source_datadesc":"2016 October MAFTIGER","source_datasetid":"{155E1578-FAD5-4709-A194-6F828C31A01F}","source_featureid":"110873834253","source_id":"REF-SACRAMENTO-LOCAL-ROADS","source_originator":"U.S. Department of Commerce, U.S. Census Bureau, Geography Division","state_route":null,"state_route_a":null,"state_route_b":null,"state_route_c":null,"stco_fipscode":"06067","tnmfrc":4,"us_route":null,"us_route_a":null,"us_route_b":null,"us_route_c":null},"type":"Feature"},{"geometry":{"coordinates":[[-121.479493,38.584519],[-121.479731,38.58397]],"type":"LineString"},"id":"REF-SACRAMENTO-LOCAL-ROADS-162","properties":{"canon_status":"REAL_REFERENCE","county_route":null,"federal_lands_route":null,"fictionality":"REAL","globalid":"{EF8DD2A0-3FCE-48B8-A15A-91641E84571E}","interstate":null,"interstate_a":null,"interstate_b":null,"interstate_c":null,"loaddate":1533980611000,"mtfcc_code":"S1400","name":"18th St","objectid":7107388,"permanent_identifier":"7dd4b98e-499a-4151-ae08-c241f2b97949","real_world_relation":"REFERENCE_ONLY","shape_Length":82.54930909970186,"source_datadesc":"2016 October MAFTIGER","source_datasetid":"{155E1578-FAD5-4709-A194-6F828C31A01F}","source_featureid":"110873858902","source_id":"REF-SACRAMENTO-LOCAL-ROADS","source_originator":"U.S. Department of Commerce, U.S. Census Bureau, Geography Division","state_route":null,"state_route_a":null,"state_route_b":null,"state_route_c":null,"stco_fipscode":"06067","tnmfrc":4,"us_route":null,"us_route_a":null,"us_route_b":null,"us_route_c":null},"type":"Feature"},{"geometry":{"coordinates":[[-121.464197,38.607452],[-121.464295,38.607599]],"type":"LineString"},"id":"REF-SACRAMENTO-LOCAL-ROADS-163","properties":{"canon_status":"REAL_REFERENCE","county_route":null,"federal_lands_route":null,"fictionality":"REAL","globalid":"{A8A7D56A-26D6-4151-B7C9-B5535FDDF876}","interstate":null,"interstate_a":null,"interstate_b":null,"interstate_c":null,"loaddate":1533980615000,"mtfcc_code":"S1400","name":"Colfax St","objectid":7234034,"permanent_identifier":"27141c79-86bf-41ac-82e3-9e7b1134e9cd","real_world_relation":"REFERENCE_ONLY","shape_Length":23.61216041694121,"source_datadesc":"2016 October MAFTIGER","source_datasetid":"{155E1578-FAD5-4709-A194-6F828C31A01F}","source_featureid":"110873948911","source_id":"REF-SACRAMENTO-LOCAL-ROADS","source_originator":"U.S. Department of Commerce, U.S. Census Bureau, Geography Division","state_route":null,"state_route_a":null,"state_route_b":null,"state_route_c":null,"stco_fipscode":"06067","tnmfrc":4,"us_route":null,"us_route_a":null,"us_route_b":null,"us_route_c":null},"type":"Feature"},{"geometry":{"coordinates":[[-121.46344,38.604083],[-121.463818,38.604573]],"type":"LineString"},"id":"REF-SACRAMENTO-LOCAL-ROADS-164","properties":{"canon_status":"REAL_REFERENCE","county_route":null,"federal_lands_route":null,"fictionality":"REAL","globalid":"{12C3C89E-0308-4C04-A943-3BC2C3F1F0E7}","interstate":null,"interstate_a":null,"interstate_b":null,"interstate_c":null,"loaddate":1533980614000,"mtfcc_code":"S1400","name":"Colfax St","objectid":7234053,"permanent_identifier":"d452f04b-360a-4c50-8f5a-b53008594b2a","real_world_relation":"REFERENCE_ONLY","shape_Length":81.50220592315267,"source_datadesc":"2016 October MAFTIGER","source_datasetid":"{155E1578-FAD5-4709-A194-6F828C31A01F}","source_featureid":"110873948911","source_id":"REF-SACRAMENTO-LOCAL-ROADS","source_originator":"U.S. Department of Commerce, U.S. Census Bureau, Geography Division","state_route":null,"state_route_a":null,"state_route_b":null,"state_route_c":null,"stco_fipscode":"06067","tnmfrc":4,"us_route":null,"us_route_a":null,"us_route_b":null,"us_route_c":null},"type":"Feature"},{"geometry":{"coordinates":[[-121.509401,38.584404],[-121.509672,38.584435],[-121.510486,38.58453],[-121.510758,38.584562]],"type":"LineString"},"id":"REF-SACRAMENTO-LOCAL-ROADS-165","properties":{"canon_status":"REAL_REFERENCE","county_route":null,"federal_lands_route":null,"fictionality":"REAL","globalid":"{36C415B3-E1FF-4848-B929-98728AE69C1D}","interstate":null,"interstate_a":null,"interstate_b":null,"interstate_c":null,"loaddate":1533980987000,"mtfcc_code":"S1400","name":"F St","objectid":7234674,"permanent_identifier":"d3b9d8fa-8f81-419c-a476-49898ecca0ec","real_world_relation":"REFERENCE_ONLY","shape_Length":152.7272887620464,"source_datadesc":"2016 October MAFTIGER","source_datasetid":"{155E1578-FAD5-4709-A194-6F828C31A01F}","source_featureid":"1103677714524","source_id":"REF-SACRAMENTO-LOCAL-ROADS","source_originator":"U.S. Department of Commerce, U.S. Census Bureau, Geography Division","state_route":null,"state_route_a":null,"state_route_b":null,"state_route_c":null,"stco_fipscode":"06113","tnmfrc":4,"us_route":null,"us_route_a":null,"us_route_b":null,"us_route_c":null},"type":"Feature"},{"geometry":{"coordinates":[[-121.485135,38.581747],[-121.483804,38.581393]],"type":"LineString"},"id":"REF-SACRAMENTO-LOCAL-ROADS-166","properties":{"canon_status":"REAL_REFERENCE","county_route":null,"federal_lands_route":null,"fictionality":"REAL","globalid":"{5788973C-FEC1-4948-8783-802C8A8B48F3}","interstate":null,"interstate_a":null,"interstate_b":null,"interstate_c":null,"loaddate":1533980630000,"mtfcc_code":"S1400","name":"G St","objectid":7235017,"permanent_identifier":"2ccf6d8a-c654-4356-a915-4b882f414be3","real_world_relation":"REFERENCE_ONLY","shape_Length":156.5070653245299,"source_datadesc":"2016 October MAFTIGER","source_datasetid":"{155E1578-FAD5-4709-A194-6F828C31A01F}","source_featureid":"110873834423","source_id":"REF-SACRAMENTO-LOCAL-ROADS","source_originator":"U.S. Department of Commerce, U.S. Census Bureau, Geography Division","state_route":null,"state_route_a":null,"state_route_b":null,"state_route_c":null,"stco_fipscode":"06067","tnmfrc":4,"us_route":null,"us_route_a":null,"us_route_b":null,"us_route_c":null},"type":"Feature"},{"geometry":{"coordinates":[[-121.485848,38.580105],[-121.486086,38.579559]],"type":"LineString"},"id":"REF-SACRAMENTO-LOCAL-ROADS-167","properties":{"canon_status":"REAL_REFERENCE","county_route":null,"federal_lands_route":null,"fictionality":"REAL","globalid":"{8F821EBF-77BD-4092-BCCF-0F1F1CA7E71C}","interstate":null,"interstate_a":null,"interstate_b":null,"interstate_c":null,"loaddate":1748519528000,"mtfcc_code":"S1400","name":"15th St","objectid":7361949,"permanent_identifier":"c51a66d7-b2b8-4236-a4d8-85afc639ecf1","real_world_relation":"REFERENCE_ONLY","shape_Length":82.14031247965563,"source_datadesc":"2021 February MAF/TIGER","source_datasetid":"{7AD8F908-E576-4667-ABBE-3F904F423D64}","source_featureid":"110873855853","source_id":"REF-SACRAMENTO-LOCAL-ROADS","source_originator":"U.S. Department of Commerce, U.S. Census Bureau, Geography Division","state_route":null,"state_route_a":null,"state_route_b":null,"state_route_c":null,"stco_fipscode":"06067","tnmfrc":4,"us_route":null,"us_route_a":null,"us_route_b":null,"us_route_c":null},"type":"Feature"},{"geometry":{"coordinates":[[-121.507342,38.606564],[-121.50748,38.606515],[-121.507677,38.606433]],"type":"LineString"},"id":"REF-SACRAMENTO-LOCAL-ROADS-168","properties":{"canon_status":"REAL_REFERENCE","county_route":null,"federal_lands_route":null,"fictionality":"REAL","globalid":"{F88C1BB6-E095-40BA-998A-37DB726064FA}","interstate":null,"interstate_a":null,"interstate_b":null,"interstate_c":null,"loaddate":1533980459000,"mtfcc_code":"S1400","name":"Garden Hwy","objectid":7361978,"permanent_identifier":"727e5db9-aa8b-4149-a78d-36af5b692b68","real_world_relation":"REFERENCE_ONLY","shape_Length":41.720471788722364,"source_datadesc":"2016 October MAFTIGER","source_datasetid":"{155E1578-FAD5-4709-A194-6F828C31A01F}","source_featureid":"110873949978","source_id":"REF-SACRAMENTO-LOCAL-ROADS","source_originator":"U.S. Department of Commerce, U.S. Census Bureau, Geography Division","state_route":null,"state_route_a":null,"state_route_b":null,"state_route_c":null,"stco_fipscode":"06067","tnmfrc":4,"us_route":null,"us_route_a":null,"us_route_b":null,"us_route_c":null},"type":"Feature"},{"geometry":{"coordinates":[[-121.476604,38.591262],[-121.476916,38.590537]],"type":"LineString"},"id":"REF-SACRAMENTO-LOCAL-ROADS-169","properties":{"canon_status":"REAL_REFERENCE","county_route":null,"federal_lands_route":null,"fictionality":"REAL","globalid":"{0C192F4F-EC35-4555-9F39-D809C992A029}","interstate":null,"interstate_a":null,"interstate_b":null,"interstate_c":null,"loaddate":1533980636000,"mtfcc_code":"S1400","name":"N 18th St","objectid":7362001,"permanent_identifier":"af6bdeff-821a-4951-a4a4-53cb1427d6ab","real_world_relation":"REFERENCE_ONLY","shape_Length":108.94049094465989,"source_datadesc":"2016 October MAFTIGER","source_datasetid":"{155E1578-FAD5-4709-A194-6F828C31A01F}","source_featureid":"110873859146","source_id":"REF-SACRAMENTO-LOCAL-ROADS","source_originator":"U.S. Department of Commerce, U.S. Census Bureau, Geography Division","state_route":null,"state_route_a":null,"state_route_b":null,"state_route_c":null,"stco_fipscode":"06067","tnmfrc":4,"us_route":null,"us_route_a":null,"us_route_b":null,"us_route_c":null},"type":"Feature"},{"geometry":{"coordinates":[[-121.49117,38.595897],[-121.489146,38.595359]],"type":"LineString"},"id":"REF-SACRAMENTO-LOCAL-ROADS-170","properties":{"canon_status":"REAL_REFERENCE","county_route":null,"federal_lands_route":null,"fictionality":"REAL","globalid":"{792C287A-9AEB-4D21-98A8-B1AA10AA7642}","interstate":null,"interstate_a":null,"interstate_b":null,"interstate_c":null,"loaddate":1533980419000,"mtfcc_code":"S1400","name":"Richards Blvd","objectid":7362028,"permanent_identifier":"bc62ad3d-4fa8-4f62-bb61-467c129c7cfb","real_world_relation":"REFERENCE_ONLY","shape_Length":237.98472906289507,"source_datadesc":"2016 October MAFTIGER","source_datasetid":"{155E1578-FAD5-4709-A194-6F828C31A01F}","source_featureid":"110874105498","source_id":"REF-SACRAMENTO-LOCAL-ROADS","source_originator":"U.S. Department of Commerce, U.S. Census Bureau, Geography Division","state_route":null,"state_route_a":null,"state_route_b":null,"state_route_c":null,"stco_fipscode":"06067","tnmfrc":4,"us_route":null,"us_route_a":null,"us_route_b":null,"us_route_c":null},"type":"Feature"},{"geometry":{"coordinates":[[-121.49842,38.579175],[-121.498368,38.579161],[-121.497141,38.578834],[-121.497097,38.578822]],"type":"LineString"},"id":"REF-SACRAMENTO-LOCAL-ROADS-171","properties":{"canon_status":"REAL_REFERENCE","county_route":null,"federal_lands_route":null,"fictionality":"REAL","globalid":"{4B444664-785D-49CA-A2D2-FD2B20B09193}","interstate":null,"interstate_a":null,"interstate_b":null,"interstate_c":null,"loaddate":1533980552000,"mtfcc_code":"S1400","name":"L St","objectid":7362302,"permanent_identifier":"b7f72329-b8d3-46ea-868d-2d756bc32897","real_world_relation":"REFERENCE_ONLY","shape_Length":155.61789524804897,"source_datadesc":"2016 October MAFTIGER","source_datasetid":"{155E1578-FAD5-4709-A194-6F828C31A01F}","source_featureid":"110873834539","source_id":"REF-SACRAMENTO-LOCAL-ROADS","source_originator":"U.S. Department of Commerce, U.S. Census Bureau, Geography Division","state_route":null,"state_route_a":null,"state_route_b":null,"state_route_c":null,"stco_fipscode":"06067","tnmfrc":4,"us_route":null,"us_route_a":null,"us_route_b":null,"us_route_c":null},"type":"Feature"},{"geometry":{"coordinates":[[-121.479152,38.588696],[-121.477822,38.588344]],"type":"LineString"},"id":"REF-SACRAMENTO-LOCAL-ROADS-172","properties":{"canon_status":"REAL_REFERENCE","county_route":null,"federal_lands_route":null,"fictionality":"REAL","globalid":"{B150AA05-336D-4D22-98F5-650DE269FD0A}","interstate":null,"interstate_a":null,"interstate_b":null,"interstate_c":null,"loaddate":1533980554000,"mtfcc_code":"S1400","name":"N B St","objectid":7362320,"permanent_identifier":"815a80a0-161f-4aa7-96d4-ef3409349615","real_world_relation":"REFERENCE_ONLY","shape_Length":156.3116774136643,"source_datadesc":"2016 October MAFTIGER","source_datasetid":"{155E1578-FAD5-4709-A194-6F828C31A01F}","source_featureid":"110873834253","source_id":"REF-SACRAMENTO-LOCAL-ROADS","source_originator":"U.S. Department of Commerce, U.S. Census Bureau, Geography Division","state_route":null,"state_route_a":null,"state_route_b":null,"state_route_c":null,"stco_fipscode":"06067","tnmfrc":4,"us_route":null,"us_route_a":null,"us_route_b":null,"us_route_c":null},"type":"Feature"},{"geometry":{"coordinates":[[-121.486045,38.590546],[-121.485073,38.592803]],"type":"LineString"},"id":"REF-SACRAMENTO-LOCAL-ROADS-173","properties":{"canon_status":"REAL_REFERENCE","county_route":null,"federal_lands_route":null,"fictionality":"REAL","globalid":"{8B1A6C91-14DF-402C-B1E6-76C1FEDE9160}","interstate":null,"interstate_a":null,"interstate_b":null,"interstate_c":null,"loaddate":1533980452000,"mtfcc_code":"S1400","name":"Dos Rios St","objectid":7362676,"permanent_identifier":"92208cf0-924d-4c07-a9bf-170f3eb0c34d","real_world_relation":"REFERENCE_ONLY","shape_Length":339.17140299263457,"source_datadesc":"2016 October MAFTIGER","source_datasetid":"{155E1578-FAD5-4709-A194-6F828C31A01F}","source_featureid":"110873972427","source_id":"REF-SACRAMENTO-LOCAL-ROADS","source_originator":"U.S. Department of Commerce, U.S. Census Bureau, Geography Division","state_route":null,"state_route_a":null,"state_route_b":null,"state_route_c":null,"stco_fipscode":"06067","tnmfrc":4,"us_route":null,"us_route_a":null,"us_route_b":null,"us_route_c":null},"type":"Feature"},{"geometry":{"coordinates":[[-121.486845,38.584648],[-121.485517,38.584293]],"type":"LineString"},"id":"REF-SACRAMENTO-LOCAL-ROADS-174","properties":{"canon_status":"REAL_REFERENCE","county_route":null,"federal_lands_route":null,"fictionality":"REAL","globalid":"{401D064B-7CEA-4823-8A0E-DA0038787601}","interstate":null,"interstate_a":null,"interstate_b":null,"interstate_c":null,"loaddate":1533980634000,"mtfcc_code":"S1400","name":"E St","objectid":7489587,"permanent_identifier":"8376cdef-687a-4f65-9d98-0082b6c4c30a","real_world_relation":"REFERENCE_ONLY","shape_Length":156.2376621029939,"source_datadesc":"2016 October MAFTIGER","source_datasetid":"{155E1578-FAD5-4709-A194-6F828C31A01F}","source_featureid":"110873834356","source_id":"REF-SACRAMENTO-LOCAL-ROADS","source_originator":"U.S. Department of Commerce, U.S. Census Bureau, Geography Division","state_route":null,"state_route_a":null,"state_route_b":null,"state_route_c":null,"stco_fipscode":"06067","tnmfrc":4,"us_route":null,"us_route_a":null,"us_route_b":null,"us_route_c":null},"type":"Feature"},{"geometry":{"coordinates":[[-121.490812,38.579608],[-121.491055,38.57905]],"type":"LineString"},"id":"REF-SACRAMENTO-LOCAL-ROADS-175","properties":{"canon_status":"REAL_REFERENCE","county_route":null,"federal_lands_route":null,"fictionality":"REAL","globalid":"{C924BADD-993C-40E0-BAB4-EE71FE29B5D7}","interstate":null,"interstate_a":null,"interstate_b":null,"interstate_c":null,"loaddate":1533980565000,"mtfcc_code":"S1400","name":"12th St","objectid":7617790,"permanent_identifier":"a717bba2-772c-4770-b49c-bafc0dedd8ab","real_world_relation":"REFERENCE_ONLY","shape_Length":83.93674821972056,"source_datadesc":"2016 October MAFTIGER","source_datasetid":"{155E1578-FAD5-4709-A194-6F828C31A01F}","source_featureid":"110873853146","source_id":"REF-SACRAMENTO-LOCAL-ROADS","source_originator":"U.S. Department of Commerce, U.S. Census Bureau, Geography Division","state_route":null,"state_route_a":null,"state_route_b":null,"state_route_c":null,"stco_fipscode":"06067","tnmfrc":4,"us_route":null,"us_route_a":null,"us_route_b":null,"us_route_c":null},"type":"Feature"},{"geometry":{"coordinates":[[-121.507958,38.605967],[-121.508037,38.605929]],"type":"LineString"},"id":"REF-SACRAMENTO-LOCAL-ROADS-176","properties":{"canon_status":"REAL_REFERENCE","county_route":null,"federal_lands_route":null,"fictionality":"REAL","globalid":"{6FF3D256-E773-4EBE-898D-A9806189CB58}","interstate":null,"interstate_a":null,"interstate_b":null,"interstate_c":null,"loaddate":1533980474000,"mtfcc_code":"S1400","name":"Garden Hwy","objectid":7745835,"permanent_identifier":"d538b027-c811-4ad0-b330-54abd8182e93","real_world_relation":"REFERENCE_ONLY","shape_Length":10.326697819386604,"source_datadesc":"2016 October MAFTIGER","source_datasetid":"{155E1578-FAD5-4709-A194-6F828C31A01F}","source_featureid":"110873949979","source_id":"REF-SACRAMENTO-LOCAL-ROADS","source_originator":"U.S. Department of Commerce, U.S. Census Bureau, Geography Division","state_route":null,"state_route_a":null,"state_route_b":null,"state_route_c":null,"stco_fipscode":"06067","tnmfrc":4,"us_route":null,"us_route_a":null,"us_route_b":null,"us_route_c":null},"type":"Feature"},{"geometry":{"coordinates":[[-121.497719,38.580795],[-121.497945,38.580271]],"type":"LineString"},"id":"REF-SACRAMENTO-LOCAL-ROADS-177","properties":{"canon_status":"REAL_REFERENCE","county_route":null,"federal_lands_route":null,"fictionality":"REAL","globalid":"{64B0C7EE-38A3-47A8-8126-ABB57D518EC9}","interstate":null,"interstate_a":null,"interstate_b":null,"interstate_c":null,"loaddate":1533980448000,"mtfcc_code":"S1400","name":"7th St","objectid":7872499,"permanent_identifier":"3bd3784e-db5b-4b8e-9bd0-50825db4c648","real_world_relation":"REFERENCE_ONLY","shape_Length":78.74513238335038,"source_datadesc":"2016 October MAFTIGER","source_datasetid":"{155E1578-FAD5-4709-A194-6F828C31A01F}","source_featureid":"1102781889555","source_id":"REF-SACRAMENTO-LOCAL-ROADS","source_originator":"U.S. Department of Commerce, U.S. Census Bureau, Geography Division","state_route":null,"state_route_a":null,"state_route_b":null,"state_route_c":null,"stco_fipscode":"06067","tnmfrc":4,"us_route":null,"us_route_a":null,"us_route_b":null,"us_route_c":null},"type":"Feature"},{"geometry":{"coordinates":[[-121.505945,38.5824],[-121.505281,38.582223]],"type":"LineString"},"id":"REF-SACRAMENTO-LOCAL-ROADS-178","properties":{"canon_status":"REAL_REFERENCE","county_route":null,"federal_lands_route":null,"fictionality":"REAL","globalid":"{055FF96E-0D39-45BB-BCF1-6148DD6F6180}","interstate":null,"interstate_a":null,"interstate_b":null,"interstate_c":null,"loaddate":1533980464000,"mtfcc_code":"S1400","name":"K St","objectid":7872845,"permanent_identifier":"952ec8b1-0953-436b-b30e-d8f7c4157f73","real_world_relation":"REFERENCE_ONLY","shape_Length":78.09562659946756,"source_datadesc":"2016 October MAFTIGER","source_datasetid":"{155E1578-FAD5-4709-A194-6F828C31A01F}","source_featureid":"110873834522","source_id":"REF-SACRAMENTO-LOCAL-ROADS","source_originator":"U.S. Department of Commerce, U.S. Census Bureau, Geography Division","state_route":null,"state_route_a":null,"state_route_b":null,"state_route_c":null,"stco_fipscode":"06067","tnmfrc":4,"us_route":null,"us_route_a":null,"us_route_b":null,"us_route_c":null},"type":"Feature"},{"geometry":{"coordinates":[[-121.49353,38.587047],[-121.49377,38.586496]],"type":"LineString"},"id":"REF-SACRAMENTO-LOCAL-ROADS-179","properties":{"canon_status":"REAL_REFERENCE","county_route":null,"federal_lands_route":null,"fictionality":"REAL","globalid":"{ED85AE6D-170C-465B-AD26-F2410D17EBDE}","interstate":null,"interstate_a":null,"interstate_b":null,"interstate_c":null,"loaddate":1533980530000,"mtfcc_code":"S1400","name":"8th St","objectid":7872962,"permanent_identifier":"59429284-ed12-4f3d-8814-9ad4010b5f42","real_world_relation":"REFERENCE_ONLY","shape_Length":82.89322183886884,"source_datadesc":"2016 October MAFTIGER","source_datasetid":"{155E1578-FAD5-4709-A194-6F828C31A01F}","source_featureid":"110873852359","source_id":"REF-SACRAMENTO-LOCAL-ROADS","source_originator":"U.S. Department of Commerce, U.S. Census Bureau, Geography Division","state_route":null,"state_route_a":null,"state_route_b":null,"state_route_c":null,"stco_fipscode":"06067","tnmfrc":4,"us_route":null,"us_route_a":null,"us_route_b":null,"us_route_c":null},"type":"Feature"},{"geometry":{"coordinates":[[-121.497469,38.595934],[-121.497439,38.597213]],"type":"LineString"},"id":"REF-SACRAMENTO-LOCAL-ROADS-180","properties":{"canon_status":"REAL_REFERENCE","county_route":null,"federal_lands_route":null,"fictionality":"REAL","globalid":"{59560808-F0DB-4CCC-BF20-70EADB8F1814}","interstate":null,"interstate_a":null,"interstate_b":null,"interstate_c":null,"loaddate":1533980488000,"mtfcc_code":"S1400","name":"Sequoia Pacific Blvd","objectid":7872963,"permanent_identifier":"2cc223e6-bab8-4405-bc85-7299dbf4c099","real_world_relation":"REFERENCE_ONLY","shape_Length":182.20220664546272,"source_datadesc":"2016 October MAFTIGER","source_datasetid":"{155E1578-FAD5-4709-A194-6F828C31A01F}","source_featureid":"110874211342","source_id":"REF-SACRAMENTO-LOCAL-ROADS","source_originator":"U.S. Department of Commerce, U.S. Census Bureau, Geography Division","state_route":null,"state_route_a":null,"state_route_b":null,"state_route_c":null,"stco_fipscode":"06067","tnmfrc":4,"us_route":null,"us_route_a":null,"us_route_b":null,"us_route_c":null},"type":"Feature"},{"geometry":{"coordinates":[[-121.466067,38.601006],[-121.46688,38.60113],[-121.466936,38.601148],[-121.466971,38.601187],[-121.466974,38.601235],[-121.466905,38.601527]],"type":"LineString"},"id":"REF-SACRAMENTO-LOCAL-ROADS-181","properties":{"canon_status":"REAL_REFERENCE","county_route":null,"federal_lands_route":null,"fictionality":"REAL","globalid":"{2535070E-22BC-432B-BE65-A0F3A7FDD2C8}","interstate":null,"interstate_a":null,"interstate_b":null,"interstate_c":null,"loaddate":1748519528000,"mtfcc_code":"S1400","name":"N Sac Mhp","objectid":8000304,"permanent_identifier":"18eefa0d-4e3e-49cd-9628-0566520f0d4a","real_world_relation":"REFERENCE_ONLY","shape_Length":154.87800004318302,"source_datadesc":"2016 October MAFTIGER","source_datasetid":"{7AD8F908-E576-4667-ABBE-3F904F423D64}","source_featureid":"110873968829","source_id":"REF-SACRAMENTO-LOCAL-ROADS","source_originator":"U.S. Department of Commerce, U.S. Census Bureau, Geography Division","state_route":null,"state_route_a":null,"state_route_b":null,"state_route_c":null,"stco_fipscode":"06067","tnmfrc":4,"us_route":null,"us_route_a":null,"us_route_b":null,"us_route_c":null},"type":"Feature"},{"geometry":{"coordinates":[[-121.504209,38.585349],[-121.503711,38.585144],[-121.503263,38.584914]],"type":"LineString"},"id":"REF-SACRAMENTO-LOCAL-ROADS-182","properties":{"canon_status":"REAL_REFERENCE","county_route":null,"federal_lands_route":null,"fictionality":"REAL","globalid":"{8B3A7569-B352-4B06-9FFE-76A46C81C067}","interstate":null,"interstate_a":null,"interstate_b":null,"interstate_c":null,"loaddate":1533980650000,"mtfcc_code":"S1400","name":null,"objectid":8000861,"permanent_identifier":"c4e4a334-2130-43b4-b02a-aad3f1393e9d","real_world_relation":"REFERENCE_ONLY","shape_Length":122.31991567077013,"source_datadesc":"2016 October MAFTIGER","source_datasetid":"{155E1578-FAD5-4709-A194-6F828C31A01F}","source_featureid":"110874218022","source_id":"REF-SACRAMENTO-LOCAL-ROADS","source_originator":"U.S. Department of Commerce, U.S. Census Bureau, Geography Division","state_route":null,"state_route_a":null,"state_route_b":null,"state_route_c":null,"stco_fipscode":"06067","tnmfrc":4,"us_route":null,"us_route_a":null,"us_route_b":null,"us_route_c":null},"type":"Feature"},{"geometry":{"coordinates":[[-121.510909,38.591271],[-121.510636,38.591244],[-121.509819,38.591163],[-121.509547,38.591137],[-121.509045,38.591071],[-121.508534,38.591004],[-121.50838,38.590935],[-121.508257,38.59077],[-121.50838,38.590153],[-121.50848,38.589657]],"type":"LineString"},"id":"REF-SACRAMENTO-LOCAL-ROADS-183","properties":{"canon_status":"REAL_REFERENCE","county_route":null,"federal_lands_route":null,"fictionality":"REAL","globalid":"{888B2E4D-F256-459D-A14E-286988301B87}","interstate":null,"interstate_a":null,"interstate_b":null,"interstate_c":null,"loaddate":1533980947000,"mtfcc_code":"S1400","name":"Co Rd 136","objectid":8000960,"permanent_identifier":"26ae7d82-9a04-411e-8936-d9412ca58047","real_world_relation":"REFERENCE_ONLY","shape_Length":474.5638004153982,"source_datadesc":"2016 October MAFTIGER","source_datasetid":"{155E1578-FAD5-4709-A194-6F828C31A01F}","source_featureid":"110758800174","source_id":"REF-SACRAMENTO-LOCAL-ROADS","source_originator":"U.S. Department of Commerce, U.S. Census Bureau, Geography Division","state_route":null,"state_route_a":null,"state_route_b":null,"state_route_c":null,"stco_fipscode":"06113","tnmfrc":4,"us_route":null,"us_route_a":null,"us_route_b":null,"us_route_c":null},"type":"Feature"},{"geometry":{"coordinates":[[-121.502871,38.584151],[-121.502707,38.584076]],"type":"LineString"},"id":"REF-SACRAMENTO-LOCAL-ROADS-184","properties":{"canon_status":"REAL_REFERENCE","county_route":null,"federal_lands_route":null,"fictionality":"REAL","globalid":"{5FEFFA26-9FBC-4759-87D5-FE060A924A6C}","interstate":null,"interstate_a":null,"interstate_b":null,"interstate_c":null,"loaddate":1533980547000,"mtfcc_code":"S1400","name":"I St","objectid":8128045,"permanent_identifier":"a33a681e-eb1c-4bbf-af48-931dedb665bc","real_world_relation":"REFERENCE_ONLY","shape_Length":21.15115498556484,"source_datadesc":"2016 October MAFTIGER","source_datasetid":"{155E1578-FAD5-4709-A194-6F828C31A01F}","source_featureid":"110873834453","source_id":"REF-SACRAMENTO-LOCAL-ROADS","source_originator":"U.S. Department of Commerce, U.S. Census Bureau, Geography Division","state_route":null,"state_route_a":null,"state_route_b":null,"state_route_c":null,"stco_fipscode":"06067","tnmfrc":4,"us_route":null,"us_route_a":null,"us_route_b":null,"us_route_c":null},"type":"Feature"},{"geometry":{"coordinates":[[-121.504131,38.58316],[-121.504376,38.582594]],"type":"LineString"},"id":"REF-SACRAMENTO-LOCAL-ROADS-185","properties":{"canon_status":"REAL_REFERENCE","county_route":null,"federal_lands_route":null,"fictionality":"REAL","globalid":"{CED20227-9A3B-4113-B674-6344A4980906}","interstate":null,"interstate_a":null,"interstate_b":null,"interstate_c":null,"loaddate":1533980624000,"mtfcc_code":"S1400","name":"2nd St","objectid":8128087,"permanent_identifier":"76c9c8f1-ea01-4eab-9e9d-aeb1b2e2af10","real_world_relation":"REFERENCE_ONLY","shape_Length":85.09093333504802,"source_datadesc":"2016 October MAFTIGER","source_datasetid":"{155E1578-FAD5-4709-A194-6F828C31A01F}","source_featureid":"1105598239669","source_id":"REF-SACRAMENTO-LOCAL-ROADS","source_originator":"U.S. Department of Commerce, U.S. Census Bureau, Geography Division","state_route":null,"state_route_a":null,"state_route_b":null,"state_route_c":null,"stco_fipscode":"06067","tnmfrc":4,"us_route":null,"us_route_a":null,"us_route_b":null,"us_route_c":null},"type":"Feature"},{"geometry":{"coordinates":[[-121.503317,38.597094],[-121.502618,38.59721]],"type":"LineString"},"id":"REF-SACRAMENTO-LOCAL-ROADS-186","properties":{"canon_status":"REAL_REFERENCE","county_route":null,"federal_lands_route":null,"fictionality":"REAL","globalid":"{3C774FA9-93F4-430C-9700-7E2591AE6680}","interstate":null,"interstate_a":null,"interstate_b":null,"interstate_c":null,"loaddate":1533980419000,"mtfcc_code":"S1400","name":"Richards Blvd","objectid":8128098,"permanent_identifier":"753871e5-fea5-4557-8378-25e88731adec","real_world_relation":"REFERENCE_ONLY","shape_Length":79.54711643470478,"source_datadesc":"2016 October MAFTIGER","source_datasetid":"{155E1578-FAD5-4709-A194-6F828C31A01F}","source_featureid":"110874105498","source_id":"REF-SACRAMENTO-LOCAL-ROADS","source_originator":"U.S. Department of Commerce, U.S. Census Bureau, Geography Division","state_route":null,"state_route_a":null,"state_route_b":null,"state_route_c":null,"stco_fipscode":"06067","tnmfrc":4,"us_route":null,"us_route_a":null,"us_route_b":null,"us_route_c":null},"type":"Feature"},{"geometry":{"coordinates":[[-121.466551,38.606116],[-121.466306,38.606155],[-121.466141,38.606171],[-121.465975,38.606178],[-121.465359,38.606179]],"type":"LineString"},"id":"REF-SACRAMENTO-LOCAL-ROADS-187","properties":{"canon_status":"REAL_REFERENCE","county_route":null,"federal_lands_route":null,"fictionality":"REAL","globalid":"{FB625F88-A698-4C2F-A174-508851845C4F}","interstate":null,"interstate_a":null,"interstate_b":null,"interstate_c":null,"loaddate":1533980651000,"mtfcc_code":"S1400","name":"Arden Way","objectid":8128116,"permanent_identifier":"debece5e-0e7d-4928-8d25-e97be9e4dfa7","real_world_relation":"REFERENCE_ONLY","shape_Length":133.42081547227212,"source_datadesc":"2016 October MAFTIGER","source_datasetid":"{155E1578-FAD5-4709-A194-6F828C31A01F}","source_featureid":"110873936844","source_id":"REF-SACRAMENTO-LOCAL-ROADS","source_originator":"U.S. Department of Commerce, U.S. Census Bureau, Geography Division","state_route":null,"state_route_a":null,"state_route_b":null,"state_route_c":null,"stco_fipscode":"06067","tnmfrc":4,"us_route":null,"us_route_a":null,"us_route_b":null,"us_route_c":null},"type":"Feature"},{"geometry":{"coordinates":[[-121.489567,38.599615],[-121.489168,38.60054]],"type":"LineString"},"id":"REF-SACRAMENTO-LOCAL-ROADS-188","properties":{"canon_status":"REAL_REFERENCE","county_route":null,"federal_lands_route":null,"fictionality":"REAL","globalid":"{8B8E3E93-977F-4EEB-9BE3-793EFF17ED46}","interstate":null,"interstate_a":null,"interstate_b":null,"interstate_c":null,"loaddate":1533980480000,"mtfcc_code":"S1400","name":"N 7th St","objectid":8128128,"permanent_identifier":"51c70f70-da11-40a4-b05c-0fb143a55cbe","real_world_relation":"REFERENCE_ONLY","shape_Length":139.04197544670802,"source_datadesc":"2016 October MAFTIGER","source_datasetid":"{155E1578-FAD5-4709-A194-6F828C31A01F}","source_featureid":"110873852308","source_id":"REF-SACRAMENTO-LOCAL-ROADS","source_originator":"U.S. Department of Commerce, U.S. Census Bureau, Geography Division","state_route":null,"state_route_a":null,"state_route_b":null,"state_route_c":null,"stco_fipscode":"06067","tnmfrc":4,"us_route":null,"us_route_a":null,"us_route_b":null,"us_route_c":null},"type":"Feature"},{"geometry":{"coordinates":[[-121.511632,38.587364],[-121.511895,38.587401],[-121.512686,38.587512],[-121.51295,38.587549]],"type":"LineString"},"id":"REF-SACRAMENTO-LOCAL-ROADS-189","properties":{"canon_status":"REAL_REFERENCE","county_route":null,"federal_lands_route":null,"fictionality":"REAL","globalid":"{309C62C5-A94E-4602-A193-D5396A06A91E}","interstate":null,"interstate_a":null,"interstate_b":null,"interstate_c":null,"loaddate":1533980965000,"mtfcc_code":"S1400","name":"D St","objectid":8128715,"permanent_identifier":"90d0fee7-4577-4e6f-8e14-5a3c3bf527bf","real_world_relation":"REFERENCE_ONLY","shape_Length":149.06592236872976,"source_datadesc":"2016 October MAFTIGER","source_datasetid":"{155E1578-FAD5-4709-A194-6F828C31A01F}","source_featureid":"110758799861","source_id":"REF-SACRAMENTO-LOCAL-ROADS","source_originator":"U.S. Department of Commerce, U.S. Census Bureau, Geography Division","state_route":null,"state_route_a":null,"state_route_b":null,"state_route_c":null,"stco_fipscode":"06113","tnmfrc":4,"us_route":null,"us_route_a":null,"us_route_b":null,"us_route_c":null},"type":"Feature"},{"geometry":{"coordinates":[[-121.484754,38.579204],[-121.483424,38.578848]],"type":"LineString"},"id":"REF-SACRAMENTO-LOCAL-ROADS-190","properties":{"canon_status":"REAL_REFERENCE","county_route":null,"federal_lands_route":null,"fictionality":"REAL","globalid":"{1306AD77-9A0A-408B-B419-B05A16C83DFE}","interstate":null,"interstate_a":null,"interstate_b":null,"interstate_c":null,"loaddate":1533980547000,"mtfcc_code":"S1400","name":"I St","objectid":8255460,"permanent_identifier":"a5be2648-f1b2-4f84-a24e-3485edd9fcb6","real_world_relation":"REFERENCE_ONLY","shape_Length":156.49324025230936,"source_datadesc":"2016 October MAFTIGER","source_datasetid":"{155E1578-FAD5-4709-A194-6F828C31A01F}","source_featureid":"110873834453","source_id":"REF-SACRAMENTO-LOCAL-ROADS","source_originator":"U.S. Department of Commerce, U.S. Census Bureau, Geography Division","state_route":null,"state_route_a":null,"state_route_b":null,"state_route_c":null,"stco_fipscode":"06067","tnmfrc":4,"us_route":null,"us_route_a":null,"us_route_b":null,"us_route_c":null},"type":"Feature"},{"geometry":{"coordinates":[[-121.484074,38.587776],[-121.483624,38.588621]],"type":"LineString"},"id":"REF-SACRAMENTO-LOCAL-ROADS-191","properties":{"canon_status":"REAL_REFERENCE","county_route":null,"federal_lands_route":null,"fictionality":"REAL","globalid":"{4BA588F3-864C-43A4-B021-A4002648CF0E}","interstate":null,"interstate_a":null,"interstate_b":null,"interstate_c":null,"loaddate":1533980502000,"mtfcc_code":"S1400","name":"N 14th St","objectid":8383183,"permanent_identifier":"a8906dbd-7cd7-4619-90aa-3b329cb1cb1f","real_world_relation":"REFERENCE_ONLY","shape_Length":130.35150001457197,"source_datadesc":"2016 October MAFTIGER","source_datasetid":"{155E1578-FAD5-4709-A194-6F828C31A01F}","source_featureid":"110873855283","source_id":"REF-SACRAMENTO-LOCAL-ROADS","source_originator":"U.S. Department of Commerce, U.S. Census Bureau, Geography Division","state_route":null,"state_route_a":null,"state_route_b":null,"state_route_c":null,"stco_fipscode":"06067","tnmfrc":4,"us_route":null,"us_route_a":null,"us_route_b":null,"us_route_c":null},"type":"Feature"},{"geometry":{"coordinates":[[-121.46344,38.604083],[-121.463155,38.604218]],"type":"LineString"},"id":"REF-SACRAMENTO-LOCAL-ROADS-192","properties":{"canon_status":"REAL_REFERENCE","county_route":null,"federal_lands_route":null,"fictionality":"REAL","globalid":"{909EB184-FFD5-4D88-9DD6-AF46C493A23C}","interstate":null,"interstate_a":null,"interstate_b":null,"interstate_c":null,"loaddate":1533980548000,"mtfcc_code":"S1400","name":"Paso Blvd","objectid":8384182,"permanent_identifier":"f4f8af0c-2651-4055-890e-ab81d98deff2","real_world_relation":"REFERENCE_ONLY","shape_Length":37.099207625449445,"source_datadesc":"2016 October MAFTIGER","source_datasetid":"{155E1578-FAD5-4709-A194-6F828C31A01F}","source_featureid":"110873935611","source_id":"REF-SACRAMENTO-LOCAL-ROADS","source_originator":"U.S. Department of Commerce, U.S. Census Bureau, Geography Division","state_route":null,"state_route_a":null,"state_route_b":null,"state_route_c":null,"stco_fipscode":"06067","tnmfrc":4,"us_route":null,"us_route_a":null,"us_route_b":null,"us_route_c":null},"type":"Feature"},{"geometry":{"coordinates":[[-121.512705,38.595689],[-121.512417,38.594923],[-121.512394,38.594805],[-121.512066,38.593064],[-121.511791,38.592058],[-121.511706,38.591744],[-121.511432,38.591392],[-121.511293,38.591301]],"type":"LineString"},"id":"REF-SACRAMENTO-LOCAL-ROADS-193","properties":{"canon_status":"REAL_REFERENCE","county_route":null,"federal_lands_route":null,"fictionality":"REAL","globalid":"{B789BDDD-4B89-40E8-8423-968EC8F6B19C}","interstate":null,"interstate_a":null,"interstate_b":null,"interstate_c":null,"loaddate":1533980985000,"mtfcc_code":"S1400","name":"Levee Rd","objectid":8384197,"permanent_identifier":"18b761a2-4374-4a36-b3a6-1864132394d0","real_world_relation":"REFERENCE_ONLY","shape_Length":652.4466268828121,"source_datadesc":"2016 October MAFTIGER","source_datasetid":"{155E1578-FAD5-4709-A194-6F828C31A01F}","source_featureid":"110758804541","source_id":"REF-SACRAMENTO-LOCAL-ROADS","source_originator":"U.S. Department of Commerce, U.S. Census Bureau, Geography Division","state_route":null,"state_route_a":null,"state_route_b":null,"state_route_c":null,"stco_fipscode":"06113","tnmfrc":4,"us_route":null,"us_route_a":null,"us_route_b":null,"us_route_c":null},"type":"Feature"},{"geometry":{"coordinates":[[-121.504988,38.584603],[-121.505452,38.583534]],"type":"LineString"},"id":"REF-SACRAMENTO-LOCAL-ROADS-194","properties":{"canon_status":"REAL_REFERENCE","county_route":null,"federal_lands_route":null,"fictionality":"REAL","globalid":"{B0788CF5-EB6E-46CC-9F92-A8CE4AF2F805}","interstate":null,"interstate_a":null,"interstate_b":null,"interstate_c":null,"loaddate":1533980659000,"mtfcc_code":"S1400","name":"Front St","objectid":8638828,"permanent_identifier":"3dec3fae-1ad4-4aad-9983-e3dd0c7c24ff","real_world_relation":"REFERENCE_ONLY","shape_Length":160.75820792342003,"source_datadesc":"2016 October MAFTIGER","source_datasetid":"{155E1578-FAD5-4709-A194-6F828C31A01F}","source_featureid":"110873943196","source_id":"REF-SACRAMENTO-LOCAL-ROADS","source_originator":"U.S. Department of Commerce, U.S. Census Bureau, Geography Division","state_route":null,"state_route_a":null,"state_route_b":null,"state_route_c":null,"stco_fipscode":"06067","tnmfrc":4,"us_route":null,"us_route_a":null,"us_route_b":null,"us_route_c":null},"type":"Feature"},{"geometry":{"coordinates":[[-121.485042,38.585386],[-121.483708,38.58503]],"type":"LineString"},"id":"REF-SACRAMENTO-LOCAL-ROADS-195","properties":{"canon_status":"REAL_REFERENCE","county_route":null,"federal_lands_route":null,"fictionality":"REAL","globalid":"{084D1A32-48D8-4910-B3C4-AE42CE9B4807}","interstate":null,"interstate_a":null,"interstate_b":null,"interstate_c":null,"loaddate":1533980434000,"mtfcc_code":"S1400","name":"D St","objectid":8766217,"permanent_identifier":"b930ea75-7e75-4cf0-b3a5-70a396073250","real_world_relation":"REFERENCE_ONLY","shape_Length":156.91601716718245,"source_datadesc":"2016 October MAFTIGER","source_datasetid":"{155E1578-FAD5-4709-A194-6F828C31A01F}","source_featureid":"110873834322","source_id":"REF-SACRAMENTO-LOCAL-ROADS","source_originator":"U.S. Department of Commerce, U.S. Census Bureau, Geography Division","state_route":null,"state_route_a":null,"state_route_b":null,"state_route_c":null,"stco_fipscode":"06067","tnmfrc":4,"us_route":null,"us_route_a":null,"us_route_b":null,"us_route_c":null},"type":"Feature"},{"geometry":{"coordinates":[[-121.485993,38.583199],[-121.486234,38.582646]],"type":"LineString"},"id":"REF-SACRAMENTO-LOCAL-ROADS-196","properties":{"canon_status":"REAL_REFERENCE","county_route":null,"federal_lands_route":null,"fictionality":"REAL","globalid":"{8395BFBE-6B4B-4E03-A21E-8E7A3C6993AB}","interstate":null,"interstate_a":null,"interstate_b":null,"interstate_c":null,"loaddate":1533980436000,"mtfcc_code":"S1400","name":"14th St","objectid":8766248,"permanent_identifier":"476a14a4-6b7a-48cd-a881-a4357e272864","real_world_relation":"REFERENCE_ONLY","shape_Length":83.19475394542246,"source_datadesc":"2016 October MAFTIGER","source_datasetid":"{155E1578-FAD5-4709-A194-6F828C31A01F}","source_featureid":"110873854979","source_id":"REF-SACRAMENTO-LOCAL-ROADS","source_originator":"U.S. Department of Commerce, U.S. Census Bureau, Geography Division","state_route":null,"state_route_a":null,"state_route_b":null,"state_route_c":null,"stco_fipscode":"06067","tnmfrc":4,"us_route":null,"us_route_a":null,"us_route_b":null,"us_route_c":null},"type":"Feature"},{"geometry":{"coordinates":[[-121.502277,38.583879],[-121.50275,38.582792]],"type":"LineString"},"id":"REF-SACRAMENTO-LOCAL-ROADS-197","properties":{"canon_status":"REAL_REFERENCE","county_route":null,"federal_lands_route":null,"fictionality":"REAL","globalid":"{DC5DA9D7-0433-4B34-8666-6209DD53C798}","interstate":null,"interstate_a":null,"interstate_b":null,"interstate_c":null,"loaddate":1533980455000,"mtfcc_code":"S1400","name":"3rd St","objectid":8766447,"permanent_identifier":"9165a062-1db7-43ab-aace-b2ae8f56b2c8","real_world_relation":"REFERENCE_ONLY","shape_Length":163.50613402525678,"source_datadesc":"2016 October MAFTIGER","source_datasetid":"{155E1578-FAD5-4709-A194-6F828C31A01F}","source_featureid":"110873851943","source_id":"REF-SACRAMENTO-LOCAL-ROADS","source_originator":"U.S. Department of Commerce, U.S. Census Bureau, Geography Division","state_route":null,"state_route_a":null,"state_route_b":null,"state_route_c":null,"stco_fipscode":"06067","tnmfrc":4,"us_route":null,"us_route_a":null,"us_route_b":null,"us_route_c":null},"type":"Feature"},{"geometry":{"coordinates":[[-121.503018,38.607342],[-121.505063,38.607143],[-121.505252,38.607125]],"type":"LineString"},"id":"REF-SACRAMENTO-LOCAL-ROADS-198","properties":{"canon_status":"REAL_REFERENCE","county_route":null,"federal_lands_route":null,"fictionality":"REAL","globalid":"{D19F12A0-911C-42FF-A962-B6001C8B1C12}","interstate":null,"interstate_a":null,"interstate_b":null,"interstate_c":null,"loaddate":1533980459000,"mtfcc_code":"S1400","name":"Garden Hwy","objectid":8766567,"permanent_identifier":"2d961d5d-aab2-4d4e-951a-327bfec477dc","real_world_relation":"REFERENCE_ONLY","shape_Length":250.60175113504576,"source_datadesc":"2016 October MAFTIGER","source_datasetid":"{155E1578-FAD5-4709-A194-6F828C31A01F}","source_featureid":"110873949978","source_id":"REF-SACRAMENTO-LOCAL-ROADS","source_originator":"U.S. Department of Commerce, U.S. Census Bureau, Geography Division","state_route":null,"state_route_a":null,"state_route_b":null,"state_route_c":null,"stco_fipscode":"06067","tnmfrc":4,"us_route":null,"us_route_a":null,"us_route_b":null,"us_route_c":null},"type":"Feature"},{"geometry":{"coordinates":[[-121.466724,38.601773],[-121.466517,38.601997]],"type":"LineString"},"id":"REF-SACRAMENTO-LOCAL-ROADS-199","properties":{"canon_status":"REAL_REFERENCE","county_route":null,"federal_lands_route":null,"fictionality":"REAL","globalid":"{BB44C050-CCAB-42DB-9AB9-30C4958969C1}","interstate":null,"interstate_a":null,"interstate_b":null,"interstate_c":null,"loaddate":1748519528000,"mtfcc_code":"S1400","name":"N Sac Mhp","objectid":8767034,"permanent_identifier":"cccb3a7f-31c4-4410-b4a0-83ec4efe2aa9","real_world_relation":"REFERENCE_ONLY","shape_Length":39.358102730968994,"source_datadesc":"2016 October MAFTIGER","source_datasetid":"{7AD8F908-E576-4667-ABBE-3F904F423D64}","source_featureid":"110873968827","source_id":"REF-SACRAMENTO-LOCAL-ROADS","source_originator":"U.S. Department of Commerce, U.S. Census Bureau, Geography Division","state_route":null,"state_route_a":null,"state_route_b":null,"state_route_c":null,"stco_fipscode":"06067","tnmfrc":4,"us_route":null,"us_route_a":null,"us_route_b":null,"us_route_c":null},"type":"Feature"},{"geometry":{"coordinates":[[-121.46536,38.604435],[-121.46536,38.605683]],"type":"LineString"},"id":"REF-SACRAMENTO-LOCAL-ROADS-200","properties":{"canon_status":"REAL_REFERENCE","county_route":null,"federal_lands_route":null,"fictionality":"REAL","globalid":"{83DE7DCA-A2C5-49CC-B1C4-6D1AEAC7F7AA}","interstate":null,"interstate_a":null,"interstate_b":null,"interstate_c":null,"loaddate":1533980474000,"mtfcc_code":"S1400","name":"Barstow St","objectid":8893994,"permanent_identifier":"9a2ca2af-b5ab-4983-bb79-bbc85c9a9570","real_world_relation":"REFERENCE_ONLY","shape_Length":177.77720000594854,"source_datadesc":"2016 October MAFTIGER","source_datasetid":"{155E1578-FAD5-4709-A194-6F828C31A01F}","source_featureid":"110873963305","source_id":"REF-SACRAMENTO-LOCAL-ROADS","source_originator":"U.S. Department of Commerce, U.S. Census Bureau, Geography Division","state_route":null,"state_route_a":null,"state_route_b":null,"state_route_c":null,"stco_fipscode":"06067","tnmfrc":4,"us_route":null,"us_route_a":null,"us_route_b":null,"us_route_c":null},"type":"Feature"},{"geometry":{"coordinates":[[-121.49136,38.610935],[-121.491349,38.609809]],"type":"LineString"},"id":"REF-SACRAMENTO-LOCAL-ROADS-201","properties":{"canon_status":"REAL_REFERENCE","county_route":null,"federal_lands_route":null,"fictionality":"REAL","globalid":"{476631FE-0411-41C3-B6B6-76746BAFD208}","interstate":null,"interstate_a":null,"interstate_b":null,"interstate_c":null,"loaddate":1533980447000,"mtfcc_code":"S1400","name":"Sandcastle Way","objectid":8894240,"permanent_identifier":"f63f87cf-c727-4276-bb6d-f6721885be55","real_world_relation":"REFERENCE_ONLY","shape_Length":160.4148743388347,"source_datadesc":"2016 October MAFTIGER","source_datasetid":"{155E1578-FAD5-4709-A194-6F828C31A01F}","source_featureid":"110874160953","source_id":"REF-SACRAMENTO-LOCAL-ROADS","source_originator":"U.S. Department of Commerce, U.S. Census Bureau, Geography Division","state_route":null,"state_route_a":null,"state_route_b":null,"state_route_c":null,"stco_fipscode":"06067","tnmfrc":4,"us_route":null,"us_route_a":null,"us_route_b":null,"us_route_c":null},"type":"Feature"},{"geometry":{"coordinates":[[-121.489763,38.585427],[-121.489999,38.584882]],"type":"LineString"},"id":"REF-SACRAMENTO-LOCAL-ROADS-202","properties":{"canon_status":"REAL_REFERENCE","county_route":null,"federal_lands_route":null,"fictionality":"REAL","globalid":"{1CA07C38-EB0A-430C-A6FA-9EDE99EBE5EB}","interstate":null,"interstate_a":null,"interstate_b":null,"interstate_c":null,"loaddate":1533980529000,"mtfcc_code":"S1400","name":"11th St","objectid":8894519,"permanent_identifier":"304a2372-ff4d-4a24-969c-ad3560cddb74","real_world_relation":"REFERENCE_ONLY","shape_Length":81.93935172995626,"source_datadesc":"2016 October MAFTIGER","source_datasetid":"{155E1578-FAD5-4709-A194-6F828C31A01F}","source_featureid":"110873853109","source_id":"REF-SACRAMENTO-LOCAL-ROADS","source_originator":"U.S. Department of Commerce, U.S. Census Bureau, Geography Division","state_route":null,"state_route_a":null,"state_route_b":null,"state_route_c":null,"stco_fipscode":"06067","tnmfrc":4,"us_route":null,"us_route_a":null,"us_route_b":null,"us_route_c":null},"type":"Feature"},{"geometry":{"coordinates":[[-121.478563,38.608102],[-121.478552,38.60911],[-121.478558,38.609205],[-121.478573,38.609298],[-121.478597,38.609391],[-121.478669,38.609571],[-121.478744,38.609699],[-121.478802,38.609782],[-121.479038,38.610071],[-121.479108,38.610169]],"type":"LineString"},"id":"REF-SACRAMENTO-LOCAL-ROADS-203","properties":{"canon_status":"REAL_REFERENCE","county_route":null,"federal_lands_route":null,"fictionality":"REAL","globalid":"{FBB3200D-0E12-4BD3-B817-C089064CC1F3}","interstate":null,"interstate_a":null,"interstate_b":null,"interstate_c":null,"loaddate":1533980599000,"mtfcc_code":"S1400","name":"Northview Dr","objectid":9021192,"permanent_identifier":"6490ce77-06c3-4f0d-a9a9-47ea21bfe167","real_world_relation":"REFERENCE_ONLY","shape_Length":309.2405940433883,"source_datadesc":"2016 October MAFTIGER","source_datasetid":"{155E1578-FAD5-4709-A194-6F828C31A01F}","source_featureid":"110874149146","source_id":"REF-SACRAMENTO-LOCAL-ROADS","source_originator":"U.S. Department of Commerce, U.S. Census Bureau, Geography Division","state_route":null,"state_route_a":null,"state_route_b":null,"state_route_c":null,"stco_fipscode":"06067","tnmfrc":4,"us_route":null,"us_route_a":null,"us_route_b":null,"us_route_c":null},"type":"Feature"},{"geometry":{"coordinates":[[-121.486945,38.581011],[-121.487185,38.580462]],"type":"LineString"},"id":"REF-SACRAMENTO-LOCAL-ROADS-204","properties":{"canon_status":"REAL_REFERENCE","county_route":null,"federal_lands_route":null,"fictionality":"REAL","globalid":"{864D93F3-44D5-4D4A-B81F-CE18A1E9672C}","interstate":null,"interstate_a":null,"interstate_b":null,"interstate_c":null,"loaddate":1533980436000,"mtfcc_code":"S1400","name":"14th St","objectid":9021497,"permanent_identifier":"47e4c01a-23fc-4eba-83df-d0ef3451e7a4","real_world_relation":"REFERENCE_ONLY","shape_Length":82.61745751271435,"source_datadesc":"2016 October MAFTIGER","source_datasetid":"{155E1578-FAD5-4709-A194-6F828C31A01F}","source_featureid":"110873854979","source_id":"REF-SACRAMENTO-LOCAL-ROADS","source_originator":"U.S. Department of Commerce, U.S. Census Bureau, Geography Division","state_route":null,"state_route_a":null,"state_route_b":null,"state_route_c":null,"stco_fipscode":"06067","tnmfrc":4,"us_route":null,"us_route_a":null,"us_route_b":null,"us_route_c":null},"type":"Feature"},{"geometry":{"coordinates":[[-121.478297,38.587254],[-121.477822,38.588344]],"type":"LineString"},"id":"REF-SACRAMENTO-LOCAL-ROADS-205","properties":{"canon_status":"REAL_REFERENCE","county_route":null,"federal_lands_route":null,"fictionality":"REAL","globalid":"{76B6DACC-3062-46A5-A580-3D899BB5491C}","interstate":null,"interstate_a":null,"interstate_b":null,"interstate_c":null,"loaddate":1533980511000,"mtfcc_code":"S1400","name":"N 18th St","objectid":9148480,"permanent_identifier":"456d1c93-be8e-476d-a37a-e46bf3322063","real_world_relation":"REFERENCE_ONLY","shape_Length":163.99155371645875,"source_datadesc":"2016 October MAFTIGER","source_datasetid":"{155E1578-FAD5-4709-A194-6F828C31A01F}","source_featureid":"110873859145","source_id":"REF-SACRAMENTO-LOCAL-ROADS","source_originator":"U.S. Department of Commerce, U.S. Census Bureau, Geography Division","state_route":null,"state_route_a":null,"state_route_b":null,"state_route_c":null,"stco_fipscode":"06067","tnmfrc":4,"us_route":null,"us_route_a":null,"us_route_b":null,"us_route_c":null},"type":"Feature"},{"geometry":{"coordinates":[[-121.481529,38.58323],[-121.480204,38.582875]],"type":"LineString"},"id":"REF-SACRAMENTO-LOCAL-ROADS-206","properties":{"canon_status":"REAL_REFERENCE","county_route":null,"federal_lands_route":null,"fictionality":"REAL","globalid":"{8C8BEAF8-B2BB-4977-9AEF-F49078AF311F}","interstate":null,"interstate_a":null,"interstate_b":null,"interstate_c":null,"loaddate":1533980634000,"mtfcc_code":"S1400","name":"E St","objectid":9148492,"permanent_identifier":"bb505d5a-7d56-4129-8b05-d8d3fe7b7786","real_world_relation":"REFERENCE_ONLY","shape_Length":155.92134404865342,"source_datadesc":"2016 October MAFTIGER","source_datasetid":"{155E1578-FAD5-4709-A194-6F828C31A01F}","source_featureid":"110873834356","source_id":"REF-SACRAMENTO-LOCAL-ROADS","source_originator":"U.S. Department of Commerce, U.S. Census Bureau, Geography Division","state_route":null,"state_route_a":null,"state_route_b":null,"state_route_c":null,"stco_fipscode":"06067","tnmfrc":4,"us_route":null,"us_route_a":null,"us_route_b":null,"us_route_c":null},"type":"Feature"},{"geometry":{"coordinates":[[-121.510506,38.585844],[-121.510556,38.585587],[-121.510707,38.584818],[-121.510758,38.584562]],"type":"LineString"},"id":"REF-SACRAMENTO-LOCAL-ROADS-207","properties":{"canon_status":"REAL_REFERENCE","county_route":null,"federal_lands_route":null,"fictionality":"REAL","globalid":"{E3E88D86-A41D-46CF-B126-F285EA7C0520}","interstate":null,"interstate_a":null,"interstate_b":null,"interstate_c":null,"loaddate":1533980950000,"mtfcc_code":"S1400","name":"3rd St","objectid":9277252,"permanent_identifier":"eb7ed259-55e7-426c-92f4-1720184a2d5f","real_world_relation":"REFERENCE_ONLY","shape_Length":184.71272921584318,"source_datadesc":"2016 October MAFTIGER","source_datasetid":"{155E1578-FAD5-4709-A194-6F828C31A01F}","source_featureid":"110758800270","source_id":"REF-SACRAMENTO-LOCAL-ROADS","source_originator":"U.S. Department of Commerce, U.S. Census Bureau, Geography Division","state_route":null,"state_route_a":null,"state_route_b":null,"state_route_c":null,"stco_fipscode":"06113","tnmfrc":4,"us_route":null,"us_route_a":null,"us_route_b":null,"us_route_c":null},"type":"Feature"},{"geometry":{"coordinates":[[-121.494837,38.596873],[-121.49117,38.595897]],"type":"LineString"},"id":"REF-SACRAMENTO-LOCAL-ROADS-208","properties":{"canon_status":"REAL_REFERENCE","county_route":null,"federal_lands_route":null,"fictionality":"REAL","globalid":"{02276227-DED7-4A2A-9D61-E74F878E5576}","interstate":null,"interstate_a":null,"interstate_b":null,"interstate_c":null,"loaddate":1533980419000,"mtfcc_code":"S1400","name":"Richards Blvd","objectid":9277516,"permanent_identifier":"216250a8-dc7e-41c0-bacb-bc6a01771af3","real_world_relation":"REFERENCE_ONLY","shape_Length":431.2298471957537,"source_datadesc":"2016 October MAFTIGER","source_datasetid":"{155E1578-FAD5-4709-A194-6F828C31A01F}","source_featureid":"110874105498","source_id":"REF-SACRAMENTO-LOCAL-ROADS","source_originator":"U.S. Department of Commerce, U.S. Census Bureau, Geography Division","state_route":null,"state_route_a":null,"state_route_b":null,"state_route_c":null,"stco_fipscode":"06067","tnmfrc":4,"us_route":null,"us_route_a":null,"us_route_b":null,"us_route_c":null},"type":"Feature"},{"geometry":{"coordinates":[[-121.487422,38.579915],[-121.487656,38.579379]],"type":"LineString"},"id":"REF-SACRAMENTO-LOCAL-ROADS-209","properties":{"canon_status":"REAL_REFERENCE","county_route":null,"federal_lands_route":null,"fictionality":"REAL","globalid":"{3D12563E-1ACE-4338-941C-53A5EC56F245}","interstate":null,"interstate_a":null,"interstate_b":null,"interstate_c":null,"loaddate":1533980436000,"mtfcc_code":"S1400","name":"14th St","objectid":9404235,"permanent_identifier":"109985c5-d6cc-4272-8b56-27b8e39f68a2","real_world_relation":"REFERENCE_ONLY","shape_Length":80.64860976554355,"source_datadesc":"2016 October MAFTIGER","source_datasetid":"{155E1578-FAD5-4709-A194-6F828C31A01F}","source_featureid":"110873854979","source_id":"REF-SACRAMENTO-LOCAL-ROADS","source_originator":"U.S. Department of Commerce, U.S. Census Bureau, Geography Division","state_route":null,"state_route_a":null,"state_route_b":null,"state_route_c":null,"stco_fipscode":"06067","tnmfrc":4,"us_route":null,"us_route_a":null,"us_route_b":null,"us_route_c":null},"type":"Feature"},{"geometry":{"coordinates":[[-121.490634,38.586876],[-121.491107,38.585785]],"type":"LineString"},"id":"REF-SACRAMENTO-LOCAL-ROADS-210","properties":{"canon_status":"REAL_REFERENCE","county_route":null,"federal_lands_route":null,"fictionality":"REAL","globalid":"{F7D47EE5-B4D6-4A7B-8835-AC6C46882EFE}","interstate":null,"interstate_a":null,"interstate_b":null,"interstate_c":null,"loaddate":1533980606000,"mtfcc_code":"S1400","name":"10th St","objectid":9404445,"permanent_identifier":"40659c94-7df8-42ab-9394-3986a37062c7","real_world_relation":"REFERENCE_ONLY","shape_Length":164.05164950084222,"source_datadesc":"2016 October MAFTIGER","source_datasetid":"{155E1578-FAD5-4709-A194-6F828C31A01F}","source_featureid":"110873853074","source_id":"REF-SACRAMENTO-LOCAL-ROADS","source_originator":"U.S. Department of Commerce, U.S. Census Bureau, Geography Division","state_route":null,"state_route_a":null,"state_route_b":null,"state_route_c":null,"stco_fipscode":"06067","tnmfrc":4,"us_route":null,"us_route_a":null,"us_route_b":null,"us_route_c":null},"type":"Feature"},{"geometry":{"coordinates":[[-121.493476,38.580319],[-121.493719,38.579759]],"type":"LineString"},"id":"REF-SACRAMENTO-LOCAL-ROADS-211","properties":{"canon_status":"REAL_REFERENCE","county_route":null,"federal_lands_route":null,"fictionality":"REAL","globalid":"{691794C1-901C-47DE-8702-964ADC31CBEF}","interstate":null,"interstate_a":null,"interstate_b":null,"interstate_c":null,"loaddate":1533980606000,"mtfcc_code":"S1400","name":"10th St","objectid":9404708,"permanent_identifier":"aee8e0cc-827e-4825-bb70-b689ca0c43f6","real_world_relation":"REFERENCE_ONLY","shape_Length":84.20716065641778,"source_datadesc":"2016 October MAFTIGER","source_datasetid":"{155E1578-FAD5-4709-A194-6F828C31A01F}","source_featureid":"110873853074","source_id":"REF-SACRAMENTO-LOCAL-ROADS","source_originator":"U.S. Department of Commerce, U.S. Census Bureau, Geography Division","state_route":null,"state_route_a":null,"state_route_b":null,"state_route_c":null,"stco_fipscode":"06067","tnmfrc":4,"us_route":null,"us_route_a":null,"us_route_b":null,"us_route_c":null},"type":"Feature"},{"geometry":{"coordinates":[[-121.485135,38.581747],[-121.485609,38.580655]],"type":"LineString"},"id":"REF-SACRAMENTO-LOCAL-ROADS-212","properties":{"canon_status":"REAL_REFERENCE","county_route":null,"federal_lands_route":null,"fictionality":"REAL","globalid":"{2D9343EA-D105-4FC7-91E5-461DC6E0E953}","interstate":null,"interstate_a":null,"interstate_b":null,"interstate_c":null,"loaddate":1748519528000,"mtfcc_code":"S1400","name":"15th St","objectid":9531710,"permanent_identifier":"b7088ef5-23cf-4781-8ba3-0104db94d1f2","real_world_relation":"REFERENCE_ONLY","shape_Length":164.21167528513044,"source_datadesc":"2021 February MAF/TIGER","source_datasetid":"{7AD8F908-E576-4667-ABBE-3F904F423D64}","source_featureid":"110873855853","source_id":"REF-SACRAMENTO-LOCAL-ROADS","source_originator":"U.S. Department of Commerce, U.S. Census Bureau, Geography Division","state_route":null,"state_route_a":null,"state_route_b":null,"state_route_c":null,"stco_fipscode":"06067","tnmfrc":4,"us_route":null,"us_route_a":null,"us_route_b":null,"us_route_c":null},"type":"Feature"},{"geometry":{"coordinates":[[-121.48929,38.586518],[-121.489524,38.585977]],"type":"LineString"},"id":"REF-SACRAMENTO-LOCAL-ROADS-213","properties":{"canon_status":"REAL_REFERENCE","county_route":null,"federal_lands_route":null,"fictionality":"REAL","globalid":"{AA83F983-5ECE-465B-8775-F8130D3E92A4}","interstate":null,"interstate_a":null,"interstate_b":null,"interstate_c":null,"loaddate":1533980529000,"mtfcc_code":"S1400","name":"11th St","objectid":9531743,"permanent_identifier":"6b8906f9-f75b-4204-8da3-b4a7c7e4681c","real_world_relation":"REFERENCE_ONLY","shape_Length":81.32946702269824,"source_datadesc":"2016 October MAFTIGER","source_datasetid":"{155E1578-FAD5-4709-A194-6F828C31A01F}","source_featureid":"110873853109","source_id":"REF-SACRAMENTO-LOCAL-ROADS","source_originator":"U.S. Department of Commerce, U.S. Census Bureau, Geography Division","state_route":null,"state_route_a":null,"state_route_b":null,"state_route_c":null,"stco_fipscode":"06067","tnmfrc":4,"us_route":null,"us_route_a":null,"us_route_b":null,"us_route_c":null},"type":"Feature"},{"geometry":{"coordinates":[[-121.513964,38.603875],[-121.513693,38.603814],[-121.513474,38.603773],[-121.513251,38.603743],[-121.512971,38.603723],[-121.512745,38.603721],[-121.512519,38.603732],[-121.512297,38.603754],[-121.512074,38.603789],[-121.511857,38.603836],[-121.511592,38.603911],[-121.511336,38.604004],[-121.511105,38.604108],[-121.510947,38.604191],[-121.510411,38.604517]],"type":"LineString"},"id":"REF-SACRAMENTO-LOCAL-ROADS-214","properties":{"canon_status":"REAL_REFERENCE","county_route":null,"federal_lands_route":null,"fictionality":"REAL","globalid":"{BD377677-F679-4B85-8462-395E30047292}","interstate":null,"interstate_a":null,"interstate_b":null,"interstate_c":null,"loaddate":1533980574000,"mtfcc_code":"S1400","name":"Garden Hwy","objectid":9531867,"permanent_identifier":"0602082e-4d9a-4ecf-9519-fba969e838fd","real_world_relation":"REFERENCE_ONLY","shape_Length":427.8959576337743,"source_datadesc":"2016 October MAFTIGER","source_datasetid":"{155E1578-FAD5-4709-A194-6F828C31A01F}","source_featureid":"110873949977","source_id":"REF-SACRAMENTO-LOCAL-ROADS","source_originator":"U.S. Department of Commerce, U.S. Census Bureau, Geography Division","state_route":null,"state_route_a":null,"state_route_b":null,"state_route_c":null,"stco_fipscode":"06067","tnmfrc":4,"us_route":null,"us_route_a":null,"us_route_b":null,"us_route_c":null},"type":"Feature"},{"geometry":{"coordinates":[[-121.504517,38.596886],[-121.504094,38.596959]],"type":"LineString"},"id":"REF-SACRAMENTO-LOCAL-ROADS-215","properties":{"canon_status":"REAL_REFERENCE","county_route":null,"federal_lands_route":null,"fictionality":"REAL","globalid":"{BF57B181-D8FF-4B2C-BED5-C2EFF8E7E76B}","interstate":null,"interstate_a":null,"interstate_b":null,"interstate_c":null,"loaddate":1533980419000,"mtfcc_code":"S1400","name":"Richards Blvd","objectid":9532210,"permanent_identifier":"fd4bdd63-35b9-4f2d-a81e-ad1056dd5177","real_world_relation":"REFERENCE_ONLY","shape_Length":48.22241519198899,"source_datadesc":"2016 October MAFTIGER","source_datasetid":"{155E1578-FAD5-4709-A194-6F828C31A01F}","source_featureid":"110874105498","source_id":"REF-SACRAMENTO-LOCAL-ROADS","source_originator":"U.S. Department of Commerce, U.S. Census Bureau, Geography Division","state_route":null,"state_route_a":null,"state_route_b":null,"state_route_c":null,"stco_fipscode":"06067","tnmfrc":4,"us_route":null,"us_route_a":null,"us_route_b":null,"us_route_c":null},"type":"Feature"},{"geometry":{"coordinates":[[-121.490238,38.58433],[-121.490476,38.583779]],"type":"LineString"},"id":"REF-SACRAMENTO-LOCAL-ROADS-216","properties":{"canon_status":"REAL_REFERENCE","county_route":null,"federal_lands_route":null,"fictionality":"REAL","globalid":"{64DEEB1E-31DE-478F-8747-3674A4515FF3}","interstate":null,"interstate_a":null,"interstate_b":null,"interstate_c":null,"loaddate":1533980529000,"mtfcc_code":"S1400","name":"11th St","objectid":9532280,"permanent_identifier":"a2d1e9b5-8457-4546-afdc-aa6b84a7f3b6","real_world_relation":"REFERENCE_ONLY","shape_Length":82.81890326358676,"source_datadesc":"2016 October MAFTIGER","source_datasetid":"{155E1578-FAD5-4709-A194-6F828C31A01F}","source_featureid":"110873853109","source_id":"REF-SACRAMENTO-LOCAL-ROADS","source_originator":"U.S. Department of Commerce, U.S. Census Bureau, Geography Division","state_route":null,"state_route_a":null,"state_route_b":null,"state_route_c":null,"stco_fipscode":"06067","tnmfrc":4,"us_route":null,"us_route_a":null,"us_route_b":null,"us_route_c":null},"type":"Feature"},{"geometry":{"coordinates":[[-121.480678,38.581781],[-121.480918,38.581225]],"type":"LineString"},"id":"REF-SACRAMENTO-LOCAL-ROADS-217","properties":{"canon_status":"REAL_REFERENCE","county_route":null,"federal_lands_route":null,"fictionality":"REAL","globalid":"{D1D4174A-2493-40B7-B8C3-4417E6835CDB}","interstate":null,"interstate_a":null,"interstate_b":null,"interstate_c":null,"loaddate":1533980611000,"mtfcc_code":"S1400","name":"18th St","objectid":9532287,"permanent_identifier":"ce516f29-26de-4a59-b0d3-5f784bea28e8","real_world_relation":"REFERENCE_ONLY","shape_Length":83.56217368076194,"source_datadesc":"2016 October MAFTIGER","source_datasetid":"{155E1578-FAD5-4709-A194-6F828C31A01F}","source_featureid":"110873858902","source_id":"REF-SACRAMENTO-LOCAL-ROADS","source_originator":"U.S. Department of Commerce, U.S. Census Bureau, Geography Division","state_route":null,"state_route_a":null,"state_route_b":null,"state_route_c":null,"stco_fipscode":"06067","tnmfrc":4,"us_route":null,"us_route_a":null,"us_route_b":null,"us_route_c":null},"type":"Feature"},{"geometry":{"coordinates":[[-121.50405,38.581893],[-121.503782,38.581814]],"type":"LineString"},"id":"REF-SACRAMENTO-LOCAL-ROADS-218","properties":{"canon_status":"REAL_REFERENCE","county_route":null,"federal_lands_route":null,"fictionality":"REAL","globalid":"{4D534DEB-82D1-45E0-9716-73AF7AD02EA0}","interstate":null,"interstate_a":null,"interstate_b":null,"interstate_c":null,"loaddate":1533980464000,"mtfcc_code":"S1400","name":"K St","objectid":9532407,"permanent_identifier":"f30dd6d9-d9c0-484f-9254-2d2d5921ac00","real_world_relation":"REFERENCE_ONLY","shape_Length":31.88419183383511,"source_datadesc":"2016 October MAFTIGER","source_datasetid":"{155E1578-FAD5-4709-A194-6F828C31A01F}","source_featureid":"110873834522","source_id":"REF-SACRAMENTO-LOCAL-ROADS","source_originator":"U.S. Department of Commerce, U.S. Census Bureau, Geography Division","state_route":null,"state_route_a":null,"state_route_b":null,"state_route_c":null,"stco_fipscode":"06067","tnmfrc":4,"us_route":null,"us_route_a":null,"us_route_b":null,"us_route_c":null},"type":"Feature"},{"geometry":{"coordinates":[[-121.497469,38.595934],[-121.497313,38.595468],[-121.497282,38.595386],[-121.49726,38.59529],[-121.497264,38.594017],[-121.497247,38.593919],[-121.497213,38.593823],[-121.497161,38.593732],[-121.497104,38.593657],[-121.497033,38.593586],[-121.49684,38.593417]],"type":"LineString"},"id":"REF-SACRAMENTO-LOCAL-ROADS-219","properties":{"canon_status":"REAL_REFERENCE","county_route":null,"federal_lands_route":null,"fictionality":"REAL","globalid":"{C00468D8-6198-4F23-9D22-F43EA59731CD}","interstate":null,"interstate_a":null,"interstate_b":null,"interstate_c":null,"loaddate":1533980421000,"mtfcc_code":"S1400","name":"Bannon St","objectid":9532870,"permanent_identifier":"af580c5a-d9de-42aa-84c5-e1ed631e9426","real_world_relation":"REFERENCE_ONLY","shape_Length":375.97987143485,"source_datadesc":"2016 October MAFTIGER","source_datasetid":"{155E1578-FAD5-4709-A194-6F828C31A01F}","source_featureid":"110873947977","source_id":"REF-SACRAMENTO-LOCAL-ROADS","source_originator":"U.S. Department of Commerce, U.S. Census Bureau, Geography Division","state_route":null,"state_route_a":null,"state_route_b":null,"state_route_c":null,"stco_fipscode":"06067","tnmfrc":4,"us_route":null,"us_route_a":null,"us_route_b":null,"us_route_c":null},"type":"Feature"},{"geometry":{"coordinates":[[-121.481056,38.584323],[-121.480391,38.584146]],"type":"LineString"},"id":"REF-SACRAMENTO-LOCAL-ROADS-220","properties":{"canon_status":"REAL_REFERENCE","county_route":null,"federal_lands_route":null,"fictionality":"REAL","globalid":"{1106F00B-F551-4CBD-B084-6864C91D40F3}","interstate":null,"interstate_a":null,"interstate_b":null,"interstate_c":null,"loaddate":1533980434000,"mtfcc_code":"S1400","name":"D St","objectid":9659518,"permanent_identifier":"092f88d0-1e07-44fe-8e85-e4f259bc37cc","real_world_relation":"REFERENCE_ONLY","shape_Length":78.20120405841567,"source_datadesc":"2016 October MAFTIGER","source_datasetid":"{155E1578-FAD5-4709-A194-6F828C31A01F}","source_featureid":"110873834322","source_id":"REF-SACRAMENTO-LOCAL-ROADS","source_originator":"U.S. Department of Commerce, U.S. Census Bureau, Geography Division","state_route":null,"state_route_a":null,"state_route_b":null,"state_route_c":null,"stco_fipscode":"06067","tnmfrc":4,"us_route":null,"us_route_a":null,"us_route_b":null,"us_route_c":null},"type":"Feature"},{"geometry":{"coordinates":[[-121.494047,38.609578],[-121.494135,38.60966],[-121.494217,38.609755],[-121.494286,38.609856],[-121.494341,38.609962],[-121.494381,38.610071],[-121.494408,38.610184],[-121.494418,38.610298],[-121.494413,38.610412],[-121.494406,38.610469],[-121.494354,38.610667]],"type":"LineString"},"id":"REF-SACRAMENTO-LOCAL-ROADS-221","properties":{"canon_status":"REAL_REFERENCE","county_route":null,"federal_lands_route":null,"fictionality":"REAL","globalid":"{2DDF64D0-C9F1-4623-A984-EC0AFDA6CF6E}","interstate":null,"interstate_a":null,"interstate_b":null,"interstate_c":null,"loaddate":1533980447000,"mtfcc_code":"S1400","name":"Sandcastle Way","objectid":9660335,"permanent_identifier":"56736100-f1c1-44e3-89be-a67a33e2fd18","real_world_relation":"REFERENCE_ONLY","shape_Length":166.18584775821736,"source_datadesc":"2016 October MAFTIGER","source_datasetid":"{155E1578-FAD5-4709-A194-6F828C31A01F}","source_featureid":"110874160953","source_id":"REF-SACRAMENTO-LOCAL-ROADS","source_originator":"U.S. Department of Commerce, U.S. Census Bureau, Geography Division","state_route":null,"state_route_a":null,"state_route_b":null,"state_route_c":null,"stco_fipscode":"06067","tnmfrc":4,"us_route":null,"us_route_a":null,"us_route_b":null,"us_route_c":null},"type":"Feature"},{"geometry":{"coordinates":[[-121.483231,38.586128],[-121.48347,38.58558]],"type":"LineString"},"id":"REF-SACRAMENTO-LOCAL-ROADS-222","properties":{"canon_status":"REAL_REFERENCE","county_route":null,"federal_lands_route":null,"fictionality":"REAL","globalid":"{89B3FAF3-5C4B-4E26-98B5-416F1F6D3EC6}","interstate":null,"interstate_a":null,"interstate_b":null,"interstate_c":null,"loaddate":1533980542000,"mtfcc_code":"S1400","name":"15th St","objectid":9787166,"permanent_identifier":"81b5ffbd-982e-4f8e-aa78-7ef42fffb704","real_world_relation":"REFERENCE_ONLY","shape_Length":82.45194377170588,"source_datadesc":"2016 October MAFTIGER","source_datasetid":"{155E1578-FAD5-4709-A194-6F828C31A01F}","source_featureid":"110873856151","source_id":"REF-SACRAMENTO-LOCAL-ROADS","source_originator":"U.S. Department of Commerce, U.S. Census Bureau, Geography Division","state_route":null,"state_route_a":null,"state_route_b":null,"state_route_c":null,"stco_fipscode":"06067","tnmfrc":4,"us_route":null,"us_route_a":null,"us_route_b":null,"us_route_c":null},"type":"Feature"},{"geometry":{"coordinates":[[-121.482949,38.579946],[-121.481625,38.579592]],"type":"LineString"},"id":"REF-SACRAMENTO-LOCAL-ROADS-223","properties":{"canon_status":"REAL_REFERENCE","county_route":null,"federal_lands_route":null,"fictionality":"REAL","globalid":"{BA91826C-7705-4AE5-967E-0ED13923A64D}","interstate":null,"interstate_a":null,"interstate_b":null,"interstate_c":null,"loaddate":1533980466000,"mtfcc_code":"S1400","name":"H St","objectid":9787222,"permanent_identifier":"b784b117-0e8e-4e0a-a6eb-2dc2d9587f5e","real_world_relation":"REFERENCE_ONLY","shape_Length":155.76926800517634,"source_datadesc":"2016 October MAFTIGER","source_datasetid":"{155E1578-FAD5-4709-A194-6F828C31A01F}","source_featureid":"1104994081186","source_id":"REF-SACRAMENTO-LOCAL-ROADS","source_originator":"U.S. Department of Commerce, U.S. Census Bureau, Geography Division","state_route":null,"state_route_a":null,"state_route_b":null,"state_route_c":null,"stco_fipscode":"06067","tnmfrc":4,"us_route":null,"us_route_a":null,"us_route_b":null,"us_route_c":null},"type":"Feature"},{"geometry":{"coordinates":[[-121.491422,38.581593],[-121.491659,38.581046]],"type":"LineString"},"id":"REF-SACRAMENTO-LOCAL-ROADS-224","properties":{"canon_status":"REAL_REFERENCE","county_route":null,"federal_lands_route":null,"fictionality":"REAL","globalid":"{3C7004B7-9B06-4FBB-98B5-7B903AA4F8F4}","interstate":null,"interstate_a":null,"interstate_b":null,"interstate_c":null,"loaddate":1533980529000,"mtfcc_code":"S1400","name":"11th St","objectid":9914783,"permanent_identifier":"36649fb4-425e-4342-b30d-da7a53b58e00","real_world_relation":"REFERENCE_ONLY","shape_Length":82.24091944770089,"source_datadesc":"2016 October MAFTIGER","source_datasetid":"{155E1578-FAD5-4709-A194-6F828C31A01F}","source_featureid":"110873853109","source_id":"REF-SACRAMENTO-LOCAL-ROADS","source_originator":"U.S. Department of Commerce, U.S. Census Bureau, Geography Division","state_route":null,"state_route_a":null,"state_route_b":null,"state_route_c":null,"stco_fipscode":"06067","tnmfrc":4,"us_route":null,"us_route_a":null,"us_route_b":null,"us_route_c":null},"type":"Feature"},{"geometry":{"coordinates":[[-121.479351,38.581427],[-121.479591,38.580871]],"type":"LineString"},"id":"REF-SACRAMENTO-LOCAL-ROADS-225","properties":{"canon_status":"REAL_REFERENCE","county_route":null,"federal_lands_route":null,"fictionality":"REAL","globalid":"{30D3B6B4-0B4E-4DA6-AB3A-46C6E8DA5447}","interstate":null,"interstate_a":null,"interstate_b":null,"interstate_c":null,"loaddate":1533980454000,"mtfcc_code":"S1400","name":"19th St","objectid":9914929,"permanent_identifier":"bc39d1e4-2ad1-4bdd-9a3d-900ed69909ea","real_world_relation":"REFERENCE_ONLY","shape_Length":83.56179467700188,"source_datadesc":"2016 October MAFTIGER","source_datasetid":"{155E1578-FAD5-4709-A194-6F828C31A01F}","source_featureid":"1104469987952","source_id":"REF-SACRAMENTO-LOCAL-ROADS","source_originator":"U.S. Department of Commerce, U.S. Census Bureau, Geography Division","state_route":null,"state_route_a":null,"state_route_b":null,"state_route_c":null,"stco_fipscode":"06067","tnmfrc":4,"us_route":null,"us_route_a":null,"us_route_b":null,"us_route_c":null},"type":"Feature"},{"geometry":{"coordinates":[[-121.483231,38.586128],[-121.481906,38.585775]],"type":"LineString"},"id":"REF-SACRAMENTO-LOCAL-ROADS-226","properties":{"canon_status":"REAL_REFERENCE","county_route":null,"federal_lands_route":null,"fictionality":"REAL","globalid":"{9F22A690-9DA9-44D5-82CA-BD52652F6F44}","interstate":null,"interstate_a":null,"interstate_b":null,"interstate_c":null,"loaddate":1533980488000,"mtfcc_code":"S1400","name":"C St","objectid":9914966,"permanent_identifier":"1a33577c-2d89-4328-92f3-1ceac8b1d162","real_world_relation":"REFERENCE_ONLY","shape_Length":155.82988194382938,"source_datadesc":"2016 October MAFTIGER","source_datasetid":"{155E1578-FAD5-4709-A194-6F828C31A01F}","source_featureid":"110873834267","source_id":"REF-SACRAMENTO-LOCAL-ROADS","source_originator":"U.S. Department of Commerce, U.S. Census Bureau, Geography Division","state_route":null,"state_route_a":null,"state_route_b":null,"state_route_c":null,"stco_fipscode":"06067","tnmfrc":4,"us_route":null,"us_route_a":null,"us_route_b":null,"us_route_c":null},"type":"Feature"},{"geometry":{"coordinates":[[-121.463216,38.580792],[-121.461891,38.580439]],"type":"LineString"},"id":"REF-SACRAMENTO-LOCAL-ROADS-227","properties":{"canon_status":"REAL_REFERENCE","county_route":null,"federal_lands_route":null,"fictionality":"REAL","globalid":"{A6D6D4A9-F3FF-4040-828B-86EDA6EA3EB6}","interstate":null,"interstate_a":null,"interstate_b":null,"interstate_c":null,"loaddate":1533980516000,"mtfcc_code":"S1400","name":"C St","objectid":9915185,"permanent_identifier":"5325bd12-08c1-4d25-a3a3-c81db6394e20","real_world_relation":"REFERENCE_ONLY","shape_Length":155.82868835019707,"source_datadesc":"2016 October MAFTIGER","source_datasetid":"{155E1578-FAD5-4709-A194-6F828C31A01F}","source_featureid":"110873834266","source_id":"REF-SACRAMENTO-LOCAL-ROADS","source_originator":"U.S. Department of Commerce, U.S. Census Bureau, Geography Division","state_route":null,"state_route_a":null,"state_route_b":null,"state_route_c":null,"stco_fipscode":"06067","tnmfrc":4,"us_route":null,"us_route_a":null,"us_route_b":null,"us_route_c":null},"type":"Feature"},{"geometry":{"coordinates":[[-121.501453,38.582446],[-121.501707,38.581864]],"type":"LineString"},"id":"REF-SACRAMENTO-LOCAL-ROADS-228","properties":{"canon_status":"REAL_REFERENCE","county_route":null,"federal_lands_route":null,"fictionality":"REAL","globalid":"{DEF745A2-062C-43F5-816D-5599CC114F83}","interstate":null,"interstate_a":null,"interstate_b":null,"interstate_c":null,"loaddate":1533980594000,"mtfcc_code":"S1400","name":"4th St","objectid":9915614,"permanent_identifier":"fb99acc3-d9f7-46f3-b7fa-343d85abf694","real_world_relation":"REFERENCE_ONLY","shape_Length":87.56964698584773,"source_datadesc":"2016 October MAFTIGER","source_datasetid":"{155E1578-FAD5-4709-A194-6F828C31A01F}","source_featureid":"110873852038","source_id":"REF-SACRAMENTO-LOCAL-ROADS","source_originator":"U.S. Department of Commerce, U.S. Census Bureau, Geography Division","state_route":null,"state_route_a":null,"state_route_b":null,"state_route_c":null,"stco_fipscode":"06067","tnmfrc":4,"us_route":null,"us_route_a":null,"us_route_b":null,"us_route_c":null},"type":"Feature"},{"geometry":{"coordinates":[[-121.46619,38.602765],[-121.465793,38.602955]],"type":"LineString"},"id":"REF-SACRAMENTO-LOCAL-ROADS-229","properties":{"canon_status":"REAL_REFERENCE","county_route":null,"federal_lands_route":null,"fictionality":"REAL","globalid":"{6CE43FD3-7DD6-4867-BB0B-42F3CD2CCCA5}","interstate":null,"interstate_a":null,"interstate_b":null,"interstate_c":null,"loaddate":1533980548000,"mtfcc_code":"S1400","name":"Paso Blvd","objectid":9915662,"permanent_identifier":"98264aae-14d8-4dd4-94b7-375790c6b904","real_world_relation":"REFERENCE_ONLY","shape_Length":51.82262567209046,"source_datadesc":"2016 October MAFTIGER","source_datasetid":"{155E1578-FAD5-4709-A194-6F828C31A01F}","source_featureid":"110873935611","source_id":"REF-SACRAMENTO-LOCAL-ROADS","source_originator":"U.S. Department of Commerce, U.S. Census Bureau, Geography Division","state_route":null,"state_route_a":null,"state_route_b":null,"state_route_c":null,"stco_fipscode":"06067","tnmfrc":4,"us_route":null,"us_route_a":null,"us_route_b":null,"us_route_c":null},"type":"Feature"},{"geometry":{"coordinates":[[-121.492128,38.579959],[-121.490812,38.579608]],"type":"LineString"},"id":"REF-SACRAMENTO-LOCAL-ROADS-230","properties":{"canon_status":"REAL_REFERENCE","county_route":null,"federal_lands_route":null,"fictionality":"REAL","globalid":"{6773B968-65B0-4EAA-867C-F52BE2646534}","interstate":null,"interstate_a":null,"interstate_b":null,"interstate_c":null,"loaddate":1533980577000,"mtfcc_code":"S1400","name":"J St","objectid":10042438,"permanent_identifier":"83834122-d6d4-4da7-b957-0c5bbe27b69c","real_world_relation":"REFERENCE_ONLY","shape_Length":154.78841954579516,"source_datadesc":"2016 October MAFTIGER","source_datasetid":"{155E1578-FAD5-4709-A194-6F828C31A01F}","source_featureid":"110873834491","source_id":"REF-SACRAMENTO-LOCAL-ROADS","source_originator":"U.S. Department of Commerce, U.S. Census Bureau, Geography Division","state_route":null,"state_route_a":null,"state_route_b":null,"state_route_c":null,"stco_fipscode":"06067","tnmfrc":4,"us_route":null,"us_route_a":null,"us_route_b":null,"us_route_c":null},"type":"Feature"},{"geometry":{"coordinates":[[-121.486132,38.58629],[-121.48637,38.58574]],"type":"LineString"},"id":"REF-SACRAMENTO-LOCAL-ROADS-231","properties":{"canon_status":"REAL_REFERENCE","county_route":null,"federal_lands_route":null,"fictionality":"REAL","globalid":"{9F4A268E-234F-4C7C-8AAB-65B5998362F8}","interstate":null,"interstate_a":null,"interstate_b":null,"interstate_c":null,"loaddate":1533980655000,"mtfcc_code":"S1400","name":"13th St","objectid":10042791,"permanent_identifier":"573e808d-da06-4d48-8826-18afb621fe3e","real_world_relation":"REFERENCE_ONLY","shape_Length":82.68602020157212,"source_datadesc":"2016 October MAFTIGER","source_datasetid":"{155E1578-FAD5-4709-A194-6F828C31A01F}","source_featureid":"110873853976","source_id":"REF-SACRAMENTO-LOCAL-ROADS","source_originator":"U.S. Department of Commerce, U.S. Census Bureau, Geography Division","state_route":null,"state_route_a":null,"state_route_b":null,"state_route_c":null,"stco_fipscode":"06067","tnmfrc":4,"us_route":null,"us_route_a":null,"us_route_b":null,"us_route_c":null},"type":"Feature"},{"geometry":{"coordinates":[[-121.48313,38.58975],[-121.482441,38.589565]],"type":"LineString"},"id":"REF-SACRAMENTO-LOCAL-ROADS-232","properties":{"canon_status":"REAL_REFERENCE","county_route":null,"federal_lands_route":null,"fictionality":"REAL","globalid":"{0B7E8990-CFB7-4F9A-9C81-0FA595A3B65A}","interstate":null,"interstate_a":null,"interstate_b":null,"interstate_c":null,"loaddate":1533980554000,"mtfcc_code":"S1400","name":"N B St","objectid":10042991,"permanent_identifier":"41c0660a-2170-43fc-907b-0829fc53e2df","real_world_relation":"REFERENCE_ONLY","shape_Length":81.09835199747315,"source_datadesc":"2016 October MAFTIGER","source_datasetid":"{155E1578-FAD5-4709-A194-6F828C31A01F}","source_featureid":"110873834253","source_id":"REF-SACRAMENTO-LOCAL-ROADS","source_originator":"U.S. Department of Commerce, U.S. Census Bureau, Geography Division","state_route":null,"state_route_a":null,"state_route_b":null,"state_route_c":null,"stco_fipscode":"06067","tnmfrc":4,"us_route":null,"us_route_a":null,"us_route_b":null,"us_route_c":null},"type":"Feature"},{"geometry":{"coordinates":[[-121.483602,38.58866],[-121.483024,38.588506],[-121.482922,38.588479]],"type":"LineString"},"id":"REF-SACRAMENTO-LOCAL-ROADS-233","properties":{"canon_status":"REAL_REFERENCE","county_route":null,"federal_lands_route":null,"fictionality":"REAL","globalid":"{B22095A6-1C7B-4B9A-B1AC-486581588DC1}","interstate":null,"interstate_a":null,"interstate_b":null,"interstate_c":null,"loaddate":1533980510000,"mtfcc_code":"S1400","name":"N A St","objectid":10043190,"permanent_identifier":"17e82818-a267-4ce6-8adf-556b0c33833c","real_world_relation":"REFERENCE_ONLY","shape_Length":79.96589056403207,"source_datadesc":"2016 October MAFTIGER","source_datasetid":"{155E1578-FAD5-4709-A194-6F828C31A01F}","source_featureid":"110873834209","source_id":"REF-SACRAMENTO-LOCAL-ROADS","source_originator":"U.S. Department of Commerce, U.S. Census Bureau, Geography Division","state_route":null,"state_route_a":null,"state_route_b":null,"state_route_c":null,"stco_fipscode":"06067","tnmfrc":4,"us_route":null,"us_route_a":null,"us_route_b":null,"us_route_c":null},"type":"Feature"},{"geometry":{"coordinates":[[-121.497837,38.583916],[-121.496523,38.583565]],"type":"LineString"},"id":"REF-SACRAMENTO-LOCAL-ROADS-234","properties":{"canon_status":"REAL_REFERENCE","county_route":null,"federal_lands_route":null,"fictionality":"REAL","globalid":"{7D2D6A2F-0794-4B4C-B58D-2A582854073D}","interstate":null,"interstate_a":null,"interstate_b":null,"interstate_c":null,"loaddate":1533980466000,"mtfcc_code":"S1400","name":"H St","objectid":10170182,"permanent_identifier":"d4b6b947-5445-4f61-80b1-42055f805ddf","real_world_relation":"REFERENCE_ONLY","shape_Length":154.57853923583852,"source_datadesc":"2016 October MAFTIGER","source_datasetid":"{155E1578-FAD5-4709-A194-6F828C31A01F}","source_featureid":"1104994081186","source_id":"REF-SACRAMENTO-LOCAL-ROADS","source_originator":"U.S. Department of Commerce, U.S. Census Bureau, Geography Division","state_route":null,"state_route_a":null,"state_route_b":null,"state_route_c":null,"stco_fipscode":"06067","tnmfrc":4,"us_route":null,"us_route_a":null,"us_route_b":null,"us_route_c":null},"type":"Feature"},{"geometry":{"coordinates":[[-121.464269,38.609188],[-121.464271,38.609669]],"type":"LineString"},"id":"REF-SACRAMENTO-LOCAL-ROADS-235","properties":{"canon_status":"REAL_REFERENCE","county_route":null,"federal_lands_route":null,"fictionality":"REAL","globalid":"{551F0432-8FD2-441F-B272-2799689C743C}","interstate":null,"interstate_a":null,"interstate_b":null,"interstate_c":null,"loaddate":1533980615000,"mtfcc_code":"S1400","name":"Colfax St","objectid":10170184,"permanent_identifier":"4d0b6083-6c2e-4770-bf9e-edf573b6d95f","real_world_relation":"REFERENCE_ONLY","shape_Length":68.52286156555117,"source_datadesc":"2016 October MAFTIGER","source_datasetid":"{155E1578-FAD5-4709-A194-6F828C31A01F}","source_featureid":"110873948911","source_id":"REF-SACRAMENTO-LOCAL-ROADS","source_originator":"U.S. Department of Commerce, U.S. Census Bureau, Geography Division","state_route":null,"state_route_a":null,"state_route_b":null,"state_route_c":null,"stco_fipscode":"06067","tnmfrc":4,"us_route":null,"us_route_a":null,"us_route_b":null,"us_route_c":null},"type":"Feature"},{"geometry":{"coordinates":[[-121.464157,38.605011],[-121.46296,38.605584]],"type":"LineString"},"id":"REF-SACRAMENTO-LOCAL-ROADS-236","properties":{"canon_status":"REAL_REFERENCE","county_route":null,"federal_lands_route":null,"fictionality":"REAL","globalid":"{DBBBD396-4B28-40D1-82BE-DC8D2677A37A}","interstate":null,"interstate_a":null,"interstate_b":null,"interstate_c":null,"loaddate":1533980525000,"mtfcc_code":"S1400","name":"el Monte Ave","objectid":10170541,"permanent_identifier":"81313346-2067-45a2-afe8-1e2a4e2049d0","real_world_relation":"REFERENCE_ONLY","shape_Length":156.2621632144223,"source_datadesc":"2016 October MAFTIGER","source_datasetid":"{155E1578-FAD5-4709-A194-6F828C31A01F}","source_featureid":"110873973955","source_id":"REF-SACRAMENTO-LOCAL-ROADS","source_originator":"U.S. Department of Commerce, U.S. Census Bureau, Geography Division","state_route":null,"state_route_a":null,"state_route_b":null,"state_route_c":null,"stco_fipscode":"06067","tnmfrc":4,"us_route":null,"us_route_a":null,"us_route_b":null,"us_route_c":null},"type":"Feature"},{"geometry":{"coordinates":[[-121.486234,38.582646],[-121.48647,38.582103]],"type":"LineString"},"id":"REF-SACRAMENTO-LOCAL-ROADS-237","properties":{"canon_status":"REAL_REFERENCE","county_route":null,"federal_lands_route":null,"fictionality":"REAL","globalid":"{E694B2B2-FC23-481B-8161-58DC5341C077}","interstate":null,"interstate_a":null,"interstate_b":null,"interstate_c":null,"loaddate":1533980436000,"mtfcc_code":"S1400","name":"14th St","objectid":10170609,"permanent_identifier":"e2af5a46-1fd2-4f89-8da0-cc18a966447b","real_world_relation":"REFERENCE_ONLY","shape_Length":81.6667027526288,"source_datadesc":"2016 October MAFTIGER","source_datasetid":"{155E1578-FAD5-4709-A194-6F828C31A01F}","source_featureid":"110873854979","source_id":"REF-SACRAMENTO-LOCAL-ROADS","source_originator":"U.S. Department of Commerce, U.S. Census Bureau, Geography Division","state_route":null,"state_route_a":null,"state_route_b":null,"state_route_c":null,"stco_fipscode":"06067","tnmfrc":4,"us_route":null,"us_route_a":null,"us_route_b":null,"us_route_c":null},"type":"Feature"},{"geometry":{"coordinates":[[-121.491954,38.597257],[-121.491592,38.598094]],"type":"LineString"},"id":"REF-SACRAMENTO-LOCAL-ROADS-238","properties":{"canon_status":"REAL_REFERENCE","county_route":null,"federal_lands_route":null,"fictionality":"REAL","globalid":"{EB6EA2D4-F937-437C-97F5-3C2DAFFFA97A}","interstate":null,"interstate_a":null,"interstate_b":null,"interstate_c":null,"loaddate":1748519528000,"mtfcc_code":"S1400","name":"Scalehouse St","objectid":10170863,"permanent_identifier":"c65bc366-c075-434b-8384-2101b1a038ee","real_world_relation":"REFERENCE_ONLY","shape_Length":125.82676159082344,"source_datadesc":"2021 February MAF/TIGER","source_datasetid":"{7AD8F908-E576-4667-ABBE-3F904F423D64}","source_featureid":"1104981926695","source_id":"REF-SACRAMENTO-LOCAL-ROADS","source_originator":"U.S. Department of Commerce, U.S. Census Bureau, Geography Division","state_route":null,"state_route_a":null,"state_route_b":null,"state_route_c":null,"stco_fipscode":"06067","tnmfrc":4,"us_route":null,"us_route_a":null,"us_route_b":null,"us_route_c":null},"type":"Feature"},{"geometry":{"coordinates":[[-121.485952,38.589241],[-121.483624,38.588621]],"type":"LineString"},"id":"REF-SACRAMENTO-LOCAL-ROADS-239","properties":{"canon_status":"REAL_REFERENCE","county_route":null,"federal_lands_route":null,"fictionality":"REAL","globalid":"{34EE414D-CC0F-43F4-932F-EACFCF74BD23}","interstate":null,"interstate_a":null,"interstate_b":null,"interstate_c":null,"loaddate":1533980482000,"mtfcc_code":"S1400","name":"A St","objectid":10299012,"permanent_identifier":"6aa9ca84-4c20-402e-9956-28c903df6e7c","real_world_relation":"REFERENCE_ONLY","shape_Length":273.7816703405074,"source_datadesc":"2016 October MAFTIGER","source_datasetid":"{155E1578-FAD5-4709-A194-6F828C31A01F}","source_featureid":"110873834189","source_id":"REF-SACRAMENTO-LOCAL-ROADS","source_originator":"U.S. Department of Commerce, U.S. Census Bureau, Geography Division","state_route":null,"state_route_a":null,"state_route_b":null,"state_route_c":null,"stco_fipscode":"06067","tnmfrc":4,"us_route":null,"us_route_a":null,"us_route_b":null,"us_route_c":null},"type":"Feature"},{"geometry":{"coordinates":[[-121.479256,38.585067],[-121.479493,38.584519]],"type":"LineString"},"id":"REF-SACRAMENTO-LOCAL-ROADS-240","properties":{"canon_status":"REAL_REFERENCE","county_route":null,"federal_lands_route":null,"fictionality":"REAL","globalid":"{0DC74606-25DE-44DF-BA75-5B9C0A5CE495}","interstate":null,"interstate_a":null,"interstate_b":null,"interstate_c":null,"loaddate":1533980611000,"mtfcc_code":"S1400","name":"18th St","objectid":10425503,"permanent_identifier":"d8b2f22a-08a5-40ba-903d-faa03c43a08b","real_world_relation":"REFERENCE_ONLY","shape_Length":82.3793110699834,"source_datadesc":"2016 October MAFTIGER","source_datasetid":"{155E1578-FAD5-4709-A194-6F828C31A01F}","source_featureid":"110873858902","source_id":"REF-SACRAMENTO-LOCAL-ROADS","source_originator":"U.S. Department of Commerce, U.S. Census Bureau, Geography Division","state_route":null,"state_route_a":null,"state_route_b":null,"state_route_c":null,"stco_fipscode":"06067","tnmfrc":4,"us_route":null,"us_route_a":null,"us_route_b":null,"us_route_c":null},"type":"Feature"},{"geometry":{"coordinates":[[-121.480391,38.584146],[-121.479731,38.58397]],"type":"LineString"},"id":"REF-SACRAMENTO-LOCAL-ROADS-241","properties":{"canon_status":"REAL_REFERENCE","county_route":null,"federal_lands_route":null,"fictionality":"REAL","globalid":"{54C7026C-572E-4B87-84F4-80646136D9E5}","interstate":null,"interstate_a":null,"interstate_b":null,"interstate_c":null,"loaddate":1533980434000,"mtfcc_code":"S1400","name":"D St","objectid":10425840,"permanent_identifier":"68685e4e-dfd2-4f95-af32-e3017b803d45","real_world_relation":"REFERENCE_ONLY","shape_Length":77.62839182352388,"source_datadesc":"2016 October MAFTIGER","source_datasetid":"{155E1578-FAD5-4709-A194-6F828C31A01F}","source_featureid":"110873834322","source_id":"REF-SACRAMENTO-LOCAL-ROADS","source_originator":"U.S. Department of Commerce, U.S. Census Bureau, Geography Division","state_route":null,"state_route_a":null,"state_route_b":null,"state_route_c":null,"stco_fipscode":"06067","tnmfrc":4,"us_route":null,"us_route_a":null,"us_route_b":null,"us_route_c":null},"type":"Feature"},{"geometry":{"coordinates":[[-121.499634,38.583174],[-121.498317,38.582823]],"type":"LineString"},"id":"REF-SACRAMENTO-LOCAL-ROADS-242","properties":{"canon_status":"REAL_REFERENCE","county_route":null,"federal_lands_route":null,"fictionality":"REAL","globalid":"{E5280FD0-E0B9-4EB6-9568-88051E95A694}","interstate":null,"interstate_a":null,"interstate_b":null,"interstate_c":null,"loaddate":1533980547000,"mtfcc_code":"S1400","name":"I St","objectid":10425962,"permanent_identifier":"b28b0a9c-84d2-442b-ac3c-1b03181c1908","real_world_relation":"REFERENCE_ONLY","shape_Length":154.89447136924497,"source_datadesc":"2016 October MAFTIGER","source_datasetid":"{155E1578-FAD5-4709-A194-6F828C31A01F}","source_featureid":"110873834453","source_id":"REF-SACRAMENTO-LOCAL-ROADS","source_originator":"U.S. Department of Commerce, U.S. Census Bureau, Geography Division","state_route":null,"state_route_a":null,"state_route_b":null,"state_route_c":null,"stco_fipscode":"06067","tnmfrc":4,"us_route":null,"us_route_a":null,"us_route_b":null,"us_route_c":null},"type":"Feature"},{"geometry":{"coordinates":[[-121.464269,38.609188],[-121.461827,38.609187]],"type":"LineString"},"id":"REF-SACRAMENTO-LOCAL-ROADS-243","properties":{"canon_status":"REAL_REFERENCE","county_route":null,"federal_lands_route":null,"fictionality":"REAL","globalid":"{93543076-D444-4C78-A373-D6656FA351CA}","interstate":null,"interstate_a":null,"interstate_b":null,"interstate_c":null,"loaddate":1533980424000,"mtfcc_code":"S1400","name":"Stanford Ave","objectid":10426021,"permanent_identifier":"89af8faa-643e-4a89-8d4c-5af595cdf59f","real_world_relation":"REFERENCE_ONLY","shape_Length":271.8423372984494,"source_datadesc":"2016 October MAFTIGER","source_datasetid":"{155E1578-FAD5-4709-A194-6F828C31A01F}","source_featureid":"110874107422","source_id":"REF-SACRAMENTO-LOCAL-ROADS","source_originator":"U.S. Department of Commerce, U.S. Census Bureau, Geography Division","state_route":null,"state_route_a":null,"state_route_b":null,"state_route_c":null,"stco_fipscode":"06067","tnmfrc":4,"us_route":null,"us_route_a":null,"us_route_b":null,"us_route_c":null},"type":"Feature"},{"geometry":{"coordinates":[[-121.503008,38.595916],[-121.502285,38.597063],[-121.502267,38.597104],[-121.502243,38.597239]],"type":"LineString"},"id":"REF-SACRAMENTO-LOCAL-ROADS-244","properties":{"canon_status":"REAL_REFERENCE","county_route":null,"federal_lands_route":null,"fictionality":"REAL","globalid":"{AA923C5C-10D8-43D2-BBF1-9291E0936C18}","interstate":null,"interstate_a":null,"interstate_b":null,"interstate_c":null,"loaddate":1533980434000,"mtfcc_code":"S1400","name":"Bercut Dr","objectid":10426553,"permanent_identifier":"91e287d0-c4d2-4543-b498-d1745052bc37","real_world_relation":"REFERENCE_ONLY","shape_Length":207.70687020347273,"source_datadesc":"2016 October MAFTIGER","source_datasetid":"{155E1578-FAD5-4709-A194-6F828C31A01F}","source_featureid":"110873948086","source_id":"REF-SACRAMENTO-LOCAL-ROADS","source_originator":"U.S. Department of Commerce, U.S. Census Bureau, Geography Division","state_route":null,"state_route_a":null,"state_route_b":null,"state_route_c":null,"stco_fipscode":"06067","tnmfrc":4,"us_route":null,"us_route_a":null,"us_route_b":null,"us_route_c":null},"type":"Feature"},{"geometry":{"coordinates":[[-121.502261,38.607515],[-121.503018,38.607342]],"type":"LineString"},"id":"REF-SACRAMENTO-LOCAL-ROADS-245","properties":{"canon_status":"REAL_REFERENCE","county_route":null,"federal_lands_route":null,"fictionality":"REAL","globalid":"{17D30068-26B0-4D23-B379-36737AEAA466}","interstate":null,"interstate_a":null,"interstate_b":null,"interstate_c":null,"loaddate":1533980565000,"mtfcc_code":"S1400","name":"Garden Hwy","objectid":10553591,"permanent_identifier":"ccb7a7b5-26cb-48f9-97bf-7599e3ce0ee3","real_world_relation":"REFERENCE_ONLY","shape_Length":87.79858707156285,"source_datadesc":"2016 October MAFTIGER","source_datasetid":"{155E1578-FAD5-4709-A194-6F828C31A01F}","source_featureid":"110873949976","source_id":"REF-SACRAMENTO-LOCAL-ROADS","source_originator":"U.S. Department of Commerce, U.S. Census Bureau, Geography Division","state_route":null,"state_route_a":null,"state_route_b":null,"state_route_c":null,"stco_fipscode":"06067","tnmfrc":4,"us_route":null,"us_route_a":null,"us_route_b":null,"us_route_c":null},"type":"Feature"},{"geometry":{"coordinates":[[-121.492128,38.579959],[-121.49237,38.5794]],"type":"LineString"},"id":"REF-SACRAMENTO-LOCAL-ROADS-246","properties":{"canon_status":"REAL_REFERENCE","county_route":null,"federal_lands_route":null,"fictionality":"REAL","globalid":"{52F108CB-B200-431B-852A-225DDFCD66A8}","interstate":null,"interstate_a":null,"interstate_b":null,"interstate_c":null,"loaddate":1533980529000,"mtfcc_code":"S1400","name":"11th St","objectid":10553621,"permanent_identifier":"77f8ae53-59cb-4889-802f-ab6663751cdd","real_world_relation":"REFERENCE_ONLY","shape_Length":84.03625911711063,"source_datadesc":"2016 October MAFTIGER","source_datasetid":"{155E1578-FAD5-4709-A194-6F828C31A01F}","source_featureid":"110873853109","source_id":"REF-SACRAMENTO-LOCAL-ROADS","source_originator":"U.S. Department of Commerce, U.S. Census Bureau, Geography Division","state_route":null,"state_route_a":null,"state_route_b":null,"state_route_c":null,"stco_fipscode":"06067","tnmfrc":4,"us_route":null,"us_route_a":null,"us_route_b":null,"us_route_c":null},"type":"Feature"},{"geometry":{"coordinates":[[-121.506531,38.606837],[-121.507342,38.606564]],"type":"LineString"},"id":"REF-SACRAMENTO-LOCAL-ROADS-247","properties":{"canon_status":"REAL_REFERENCE","county_route":null,"federal_lands_route":null,"fictionality":"REAL","globalid":"{EC41FC46-3F58-421F-8876-E3157753592A}","interstate":null,"interstate_a":null,"interstate_b":null,"interstate_c":null,"loaddate":1533980459000,"mtfcc_code":"S1400","name":"Garden Hwy","objectid":10554180,"permanent_identifier":"9d8f3838-0674-4e58-8ee0-f1ed1f7bf4c0","real_world_relation":"REFERENCE_ONLY","shape_Length":98.3000774288375,"source_datadesc":"2016 October MAFTIGER","source_datasetid":"{155E1578-FAD5-4709-A194-6F828C31A01F}","source_featureid":"110873949978","source_id":"REF-SACRAMENTO-LOCAL-ROADS","source_originator":"U.S. Department of Commerce, U.S. Census Bureau, Geography Division","state_route":null,"state_route_a":null,"state_route_b":null,"state_route_c":null,"stco_fipscode":"06067","tnmfrc":4,"us_route":null,"us_route_a":null,"us_route_b":null,"us_route_c":null},"type":"Feature"},{"geometry":{"coordinates":[[-121.463737,38.602685],[-121.463105,38.601875]],"type":"LineString"},"id":"REF-SACRAMENTO-LOCAL-ROADS-248","properties":{"canon_status":"REAL_REFERENCE","county_route":null,"federal_lands_route":null,"fictionality":"REAL","globalid":"{E871B65D-492E-4F46-9FED-C768B788A18F}","interstate":null,"interstate_a":null,"interstate_b":null,"interstate_c":null,"loaddate":1533980605000,"mtfcc_code":"S1400","name":"Baxter Ave","objectid":10681031,"permanent_identifier":"316bb458-0280-40b9-b92c-b2ecb0e89558","real_world_relation":"REFERENCE_ONLY","shape_Length":135.13764673072245,"source_datadesc":"2016 October MAFTIGER","source_datasetid":"{155E1578-FAD5-4709-A194-6F828C31A01F}","source_featureid":"110873948019","source_id":"REF-SACRAMENTO-LOCAL-ROADS","source_originator":"U.S. Department of Commerce, U.S. Census Bureau, Geography Division","state_route":null,"state_route_a":null,"state_route_b":null,"state_route_c":null,"stco_fipscode":"06067","tnmfrc":4,"us_route":null,"us_route_a":null,"us_route_b":null,"us_route_c":null},"type":"Feature"},{"geometry":{"coordinates":[[-121.495302,38.579568],[-121.49531,38.579551],[-121.495537,38.579026]],"type":"LineString"},"id":"REF-SACRAMENTO-LOCAL-ROADS-249","properties":{"canon_status":"REAL_REFERENCE","county_route":null,"federal_lands_route":null,"fictionality":"REAL","globalid":"{902E48FE-AE50-4D7B-A667-F62334362F41}","interstate":null,"interstate_a":null,"interstate_b":null,"interstate_c":null,"loaddate":1533980534000,"mtfcc_code":"S1400","name":"9th St","objectid":10681037,"permanent_identifier":"999b6233-60ed-4116-94f0-b54a7fc203b1","real_world_relation":"REFERENCE_ONLY","shape_Length":81.49384604946047,"source_datadesc":"2016 October MAFTIGER","source_datasetid":"{155E1578-FAD5-4709-A194-6F828C31A01F}","source_featureid":"110873852404","source_id":"REF-SACRAMENTO-LOCAL-ROADS","source_originator":"U.S. Department of Commerce, U.S. Census Bureau, Geography Division","state_route":null,"state_route_a":null,"state_route_b":null,"state_route_c":null,"stco_fipscode":"06067","tnmfrc":4,"us_route":null,"us_route_a":null,"us_route_b":null,"us_route_c":null},"type":"Feature"},{"geometry":{"coordinates":[[-121.503383,38.597087],[-121.503317,38.597094]],"type":"LineString"},"id":"REF-SACRAMENTO-LOCAL-ROADS-250","properties":{"canon_status":"REAL_REFERENCE","county_route":null,"federal_lands_route":null,"fictionality":"REAL","globalid":"{80ADC502-3E05-4873-8D96-DE6E1A1FF623}","interstate":null,"interstate_a":null,"interstate_b":null,"interstate_c":null,"loaddate":1533980419000,"mtfcc_code":"S1400","name":"Richards Blvd","objectid":10681048,"permanent_identifier":"fd187ef5-0755-4877-b3a2-b5c3c4e7410d","real_world_relation":"REFERENCE_ONLY","shape_Length":7.414437766785674,"source_datadesc":"2016 October MAFTIGER","source_datasetid":"{155E1578-FAD5-4709-A194-6F828C31A01F}","source_featureid":"110874105498","source_id":"REF-SACRAMENTO-LOCAL-ROADS","source_originator":"U.S. Department of Commerce, U.S. Census Bureau, Geography Division","state_route":null,"state_route_a":null,"state_route_b":null,"state_route_c":null,"stco_fipscode":"06067","tnmfrc":4,"us_route":null,"us_route_a":null,"us_route_b":null,"us_route_c":null},"type":"Feature"},{"geometry":{"coordinates":[[-121.503708,38.580584],[-121.504199,38.579457]],"type":"LineString"},"id":"REF-SACRAMENTO-LOCAL-ROADS-251","properties":{"canon_status":"REAL_REFERENCE","county_route":null,"federal_lands_route":null,"fictionality":"REAL","globalid":"{03CCBB17-08DE-4350-97C8-176AB102148D}","interstate":null,"interstate_a":null,"interstate_b":null,"interstate_c":null,"loaddate":1533980455000,"mtfcc_code":"S1400","name":"3rd St","objectid":10808670,"permanent_identifier":"d8d178e7-47a8-4603-9ef4-9517417c4de5","real_world_relation":"REFERENCE_ONLY","shape_Length":169.53727955728317,"source_datadesc":"2016 October MAFTIGER","source_datasetid":"{155E1578-FAD5-4709-A194-6F828C31A01F}","source_featureid":"110873851943","source_id":"REF-SACRAMENTO-LOCAL-ROADS","source_originator":"U.S. Department of Commerce, U.S. Census Bureau, Geography Division","state_route":null,"state_route_a":null,"state_route_b":null,"state_route_c":null,"stco_fipscode":"06067","tnmfrc":4,"us_route":null,"us_route_a":null,"us_route_b":null,"us_route_c":null},"type":"Feature"},{"geometry":{"coordinates":[[-121.465926,38.602024],[-121.465694,38.601726]],"type":"LineString"},"id":"REF-SACRAMENTO-LOCAL-ROADS-252","properties":{"canon_status":"REAL_REFERENCE","county_route":null,"federal_lands_route":null,"fictionality":"REAL","globalid":"{118E2E51-8F8E-468E-A845-58C39AD8D5F8}","interstate":null,"interstate_a":null,"interstate_b":null,"interstate_c":null,"loaddate":1748519528000,"mtfcc_code":"S1400","name":"N Sac Mhp","objectid":10808812,"permanent_identifier":"52643e68-e7fb-44e8-a9d6-9ec48abba214","real_world_relation":"REFERENCE_ONLY","shape_Length":49.687394021094974,"source_datadesc":"2016 October MAFTIGER","source_datasetid":"{7AD8F908-E576-4667-ABBE-3F904F423D64}","source_featureid":"110873968825","source_id":"REF-SACRAMENTO-LOCAL-ROADS","source_originator":"U.S. Department of Commerce, U.S. Census Bureau, Geography Division","state_route":null,"state_route_a":null,"state_route_b":null,"state_route_c":null,"stco_fipscode":"06067","tnmfrc":4,"us_route":null,"us_route_a":null,"us_route_b":null,"us_route_c":null},"type":"Feature"},{"geometry":{"coordinates":[[-121.466003,38.602133],[-121.465926,38.602024]],"type":"LineString"},"id":"REF-SACRAMENTO-LOCAL-ROADS-253","properties":{"canon_status":"REAL_REFERENCE","county_route":null,"federal_lands_route":null,"fictionality":"REAL","globalid":"{9002725B-C77F-4718-AB87-5F4797CE8D27}","interstate":null,"interstate_a":null,"interstate_b":null,"interstate_c":null,"loaddate":1748519528000,"mtfcc_code":"S1400","name":"N Sac Mhp","objectid":10809028,"permanent_identifier":"26bf653d-7ac3-40ab-a68d-65ecbc92ff33","real_world_relation":"REFERENCE_ONLY","shape_Length":17.735228169250338,"source_datadesc":"2016 October MAFTIGER","source_datasetid":"{7AD8F908-E576-4667-ABBE-3F904F423D64}","source_featureid":"110873968817","source_id":"REF-SACRAMENTO-LOCAL-ROADS","source_originator":"U.S. Department of Commerce, U.S. Census Bureau, Geography Division","state_route":null,"state_route_a":null,"state_route_b":null,"state_route_c":null,"stco_fipscode":"06067","tnmfrc":4,"us_route":null,"us_route_a":null,"us_route_b":null,"us_route_c":null},"type":"Feature"},{"geometry":{"coordinates":[[-121.488438,38.588491],[-121.488582,38.588155]],"type":"LineString"},"id":"REF-SACRAMENTO-LOCAL-ROADS-254","properties":{"canon_status":"REAL_REFERENCE","county_route":null,"federal_lands_route":null,"fictionality":"REAL","globalid":"{4505DD4D-2B52-4C69-955B-307A3761C2F7}","interstate":null,"interstate_a":null,"interstate_b":null,"interstate_c":null,"loaddate":1533980529000,"mtfcc_code":"S1400","name":"11th St","objectid":10809078,"permanent_identifier":"8160d82c-cf66-4cec-9400-b76902711948","real_world_relation":"REFERENCE_ONLY","shape_Length":50.46548557139826,"source_datadesc":"2016 October MAFTIGER","source_datasetid":"{155E1578-FAD5-4709-A194-6F828C31A01F}","source_featureid":"110873853109","source_id":"REF-SACRAMENTO-LOCAL-ROADS","source_originator":"U.S. Department of Commerce, U.S. Census Bureau, Geography Division","state_route":null,"state_route_a":null,"state_route_b":null,"state_route_c":null,"stco_fipscode":"06067","tnmfrc":4,"us_route":null,"us_route_a":null,"us_route_b":null,"us_route_c":null},"type":"Feature"},{"geometry":{"coordinates":[[-121.480918,38.581225],[-121.481151,38.580685]],"type":"LineString"},"id":"REF-SACRAMENTO-LOCAL-ROADS-255","properties":{"canon_status":"REAL_REFERENCE","county_route":null,"federal_lands_route":null,"fictionality":"REAL","globalid":"{9498DB3E-BB21-42EB-BAB7-316A4BBF4A5D}","interstate":null,"interstate_a":null,"interstate_b":null,"interstate_c":null,"loaddate":1533980611000,"mtfcc_code":"S1400","name":"18th St","objectid":10809473,"permanent_identifier":"0812f83c-8388-4871-8197-09f40d1b48f2","real_world_relation":"REFERENCE_ONLY","shape_Length":81.1535416833454,"source_datadesc":"2016 October MAFTIGER","source_datasetid":"{155E1578-FAD5-4709-A194-6F828C31A01F}","source_featureid":"110873858902","source_id":"REF-SACRAMENTO-LOCAL-ROADS","source_originator":"U.S. Department of Commerce, U.S. Census Bureau, Geography Division","state_route":null,"state_route_a":null,"state_route_b":null,"state_route_c":null,"stco_fipscode":"06067","tnmfrc":4,"us_route":null,"us_route_a":null,"us_route_b":null,"us_route_c":null},"type":"Feature"},{"geometry":{"coordinates":[[-121.481862,38.579041],[-121.482098,38.578494]],"type":"LineString"},"id":"REF-SACRAMENTO-LOCAL-ROADS-256","properties":{"canon_status":"REAL_REFERENCE","county_route":null,"federal_lands_route":null,"fictionality":"REAL","globalid":"{B24C82D5-7329-4E22-BC60-32FDDE47F2B7}","interstate":null,"interstate_a":null,"interstate_b":null,"interstate_c":null,"loaddate":1533980611000,"mtfcc_code":"S1400","name":"18th St","objectid":10936811,"permanent_identifier":"21e63b3e-39e0-43a7-b29a-8c3955d6a0f3","real_world_relation":"REFERENCE_ONLY","shape_Length":82.20253434213566,"source_datadesc":"2016 October MAFTIGER","source_datasetid":"{155E1578-FAD5-4709-A194-6F828C31A01F}","source_featureid":"110873858902","source_id":"REF-SACRAMENTO-LOCAL-ROADS","source_originator":"U.S. Department of Commerce, U.S. Census Bureau, Geography Division","state_route":null,"state_route_a":null,"state_route_b":null,"state_route_c":null,"stco_fipscode":"06067","tnmfrc":4,"us_route":null,"us_route_a":null,"us_route_b":null,"us_route_c":null},"type":"Feature"},{"geometry":{"coordinates":[[-121.483602,38.58866],[-121.48313,38.58975]],"type":"LineString"},"id":"REF-SACRAMENTO-LOCAL-ROADS-257","properties":{"canon_status":"REAL_REFERENCE","county_route":null,"federal_lands_route":null,"fictionality":"REAL","globalid":"{3A7B7508-A7AA-4732-AAD8-7F3C4C521E13}","interstate":null,"interstate_a":null,"interstate_b":null,"interstate_c":null,"loaddate":1533980502000,"mtfcc_code":"S1400","name":"N 14th St","objectid":10936812,"permanent_identifier":"d48a27fe-24bd-47e5-9d5d-3fcabfea3c49","real_world_relation":"REFERENCE_ONLY","shape_Length":163.88694420471003,"source_datadesc":"2016 October MAFTIGER","source_datasetid":"{155E1578-FAD5-4709-A194-6F828C31A01F}","source_featureid":"110873855283","source_id":"REF-SACRAMENTO-LOCAL-ROADS","source_originator":"U.S. Department of Commerce, U.S. Census Bureau, Geography Division","state_route":null,"state_route_a":null,"state_route_b":null,"state_route_c":null,"stco_fipscode":"06067","tnmfrc":4,"us_route":null,"us_route_a":null,"us_route_b":null,"us_route_c":null},"type":"Feature"},{"geometry":{"coordinates":[[-121.487185,38.580462],[-121.487422,38.579915]],"type":"LineString"},"id":"REF-SACRAMENTO-LOCAL-ROADS-258","properties":{"canon_status":"REAL_REFERENCE","county_route":null,"federal_lands_route":null,"fictionality":"REAL","globalid":"{11AB3BC5-A413-4996-B431-B481939C16C8}","interstate":null,"interstate_a":null,"interstate_b":null,"interstate_c":null,"loaddate":1533980436000,"mtfcc_code":"S1400","name":"14th St","objectid":10936818,"permanent_identifier":"aaffb4f5-8482-4b9d-bb79-5964b4ab854f","real_world_relation":"REFERENCE_ONLY","shape_Length":82.2396881570394,"source_datadesc":"2016 October MAFTIGER","source_datasetid":"{155E1578-FAD5-4709-A194-6F828C31A01F}","source_featureid":"110873854979","source_id":"REF-SACRAMENTO-LOCAL-ROADS","source_originator":"U.S. Department of Commerce, U.S. Census Bureau, Geography Division","state_route":null,"state_route_a":null,"state_route_b":null,"state_route_c":null,"stco_fipscode":"06067","tnmfrc":4,"us_route":null,"us_route_a":null,"us_route_b":null,"us_route_c":null},"type":"Feature"},{"geometry":{"coordinates":[[-121.501063,38.579879],[-121.50155,38.578754]],"type":"LineString"},"id":"REF-SACRAMENTO-LOCAL-ROADS-259","properties":{"canon_status":"REAL_REFERENCE","county_route":null,"federal_lands_route":null,"fictionality":"REAL","globalid":"{EA02491E-D619-4913-A6CF-935C57978E90}","interstate":null,"interstate_a":null,"interstate_b":null,"interstate_c":null,"loaddate":1533980465000,"mtfcc_code":"S1400","name":"5th St","objectid":11064762,"permanent_identifier":"25494d6f-026a-417f-a284-bbfb9e9a318b","real_world_relation":"REFERENCE_ONLY","shape_Length":169.12292984989608,"source_datadesc":"2016 October MAFTIGER","source_datasetid":"{155E1578-FAD5-4709-A194-6F828C31A01F}","source_featureid":"110873852123","source_id":"REF-SACRAMENTO-LOCAL-ROADS","source_originator":"U.S. Department of Commerce, U.S. Census Bureau, Geography Division","state_route":null,"state_route_a":null,"state_route_b":null,"state_route_c":null,"stco_fipscode":"06067","tnmfrc":4,"us_route":null,"us_route_a":null,"us_route_b":null,"us_route_c":null},"type":"Feature"},{"geometry":{"coordinates":[[-121.487082,38.584104],[-121.487322,38.583553]],"type":"LineString"},"id":"REF-SACRAMENTO-LOCAL-ROADS-260","properties":{"canon_status":"REAL_REFERENCE","county_route":null,"federal_lands_route":null,"fictionality":"REAL","globalid":"{AB0E5994-E1DC-489B-863B-229914779847}","interstate":null,"interstate_a":null,"interstate_b":null,"interstate_c":null,"loaddate":1533980655000,"mtfcc_code":"S1400","name":"13th St","objectid":11064929,"permanent_identifier":"4061f7aa-704b-4f95-a641-27ab4a84a625","real_world_relation":"REFERENCE_ONLY","shape_Length":82.89022484359347,"source_datadesc":"2016 October MAFTIGER","source_datasetid":"{155E1578-FAD5-4709-A194-6F828C31A01F}","source_featureid":"110873853976","source_id":"REF-SACRAMENTO-LOCAL-ROADS","source_originator":"U.S. Department of Commerce, U.S. Census Bureau, Geography Division","state_route":null,"state_route_a":null,"state_route_b":null,"state_route_c":null,"stco_fipscode":"06067","tnmfrc":4,"us_route":null,"us_route_a":null,"us_route_b":null,"us_route_c":null},"type":"Feature"},{"geometry":{"coordinates":[[-121.464627,38.603514],[-121.465008,38.604001]],"type":"LineString"},"id":"REF-SACRAMENTO-LOCAL-ROADS-261","properties":{"canon_status":"REAL_REFERENCE","county_route":null,"federal_lands_route":null,"fictionality":"REAL","globalid":"{0306966B-9BC0-4ECE-9A47-EAF1231D8D1D}","interstate":null,"interstate_a":null,"interstate_b":null,"interstate_c":null,"loaddate":1533980474000,"mtfcc_code":"S1400","name":"Barstow St","objectid":11191858,"permanent_identifier":"38e049da-ad51-4302-b9d6-c9b64f88accc","real_world_relation":"REFERENCE_ONLY","shape_Length":81.30980110780042,"source_datadesc":"2016 October MAFTIGER","source_datasetid":"{155E1578-FAD5-4709-A194-6F828C31A01F}","source_featureid":"110873963305","source_id":"REF-SACRAMENTO-LOCAL-ROADS","source_originator":"U.S. Department of Commerce, U.S. Census Bureau, Geography Division","state_route":null,"state_route_a":null,"state_route_b":null,"state_route_c":null,"stco_fipscode":"06067","tnmfrc":4,"us_route":null,"us_route_a":null,"us_route_b":null,"us_route_c":null},"type":"Feature"},{"geometry":{"coordinates":[[-121.512511,38.590126],[-121.512792,38.590165],[-121.513637,38.590282],[-121.513919,38.590321]],"type":"LineString"},"id":"REF-SACRAMENTO-LOCAL-ROADS-262","properties":{"canon_status":"REAL_REFERENCE","county_route":null,"federal_lands_route":null,"fictionality":"REAL","globalid":"{9E8A1DCA-4C3F-4265-B978-BF811C234AF6}","interstate":null,"interstate_a":null,"interstate_b":null,"interstate_c":null,"loaddate":1533980955000,"mtfcc_code":"S1400","name":"B St","objectid":11192559,"permanent_identifier":"c5e3c31f-c27e-435f-9790-47cafabc38e4","real_world_relation":"REFERENCE_ONLY","shape_Length":159.17929744079953,"source_datadesc":"2016 October MAFTIGER","source_datasetid":"{155E1578-FAD5-4709-A194-6F828C31A01F}","source_featureid":"110758799856","source_id":"REF-SACRAMENTO-LOCAL-ROADS","source_originator":"U.S. Department of Commerce, U.S. Census Bureau, Geography Division","state_route":null,"state_route_a":null,"state_route_b":null,"state_route_c":null,"stco_fipscode":"06113","tnmfrc":4,"us_route":null,"us_route_a":null,"us_route_b":null,"us_route_c":null},"type":"Feature"},{"geometry":{"coordinates":[[-121.466055,38.606448],[-121.466329,38.606437]],"type":"LineString"},"id":"REF-SACRAMENTO-LOCAL-ROADS-263","properties":{"canon_status":"REAL_REFERENCE","county_route":null,"federal_lands_route":null,"fictionality":"REAL","globalid":"{6DA5320B-E4A2-49A1-A282-F5B80C8D14A3}","interstate":null,"interstate_a":null,"interstate_b":null,"interstate_c":null,"loaddate":1533980481000,"mtfcc_code":"S1400","name":"Arden Garden Con","objectid":11319460,"permanent_identifier":"3c5b113a-c952-4e0c-abb8-d6ac1a796dc0","real_world_relation":"REFERENCE_ONLY","shape_Length":30.541725413169043,"source_datadesc":"2016 October MAFTIGER","source_datasetid":"{155E1578-FAD5-4709-A194-6F828C31A01F}","source_featureid":"110874184115","source_id":"REF-SACRAMENTO-LOCAL-ROADS","source_originator":"U.S. Department of Commerce, U.S. Census Bureau, Geography Division","state_route":null,"state_route_a":null,"state_route_b":null,"state_route_c":null,"stco_fipscode":"06067","tnmfrc":4,"us_route":null,"us_route_a":null,"us_route_b":null,"us_route_c":null},"type":"Feature"},{"geometry":{"coordinates":[[-121.483945,38.584487],[-121.484183,38.583937]],"type":"LineString"},"id":"REF-SACRAMENTO-LOCAL-ROADS-264","properties":{"canon_status":"REAL_REFERENCE","county_route":null,"federal_lands_route":null,"fictionality":"REAL","globalid":"{F8B57D3C-9F32-4A49-AA1B-715DB5EDE689}","interstate":null,"interstate_a":null,"interstate_b":null,"interstate_c":null,"loaddate":1533980542000,"mtfcc_code":"S1400","name":"15th St","objectid":11319560,"permanent_identifier":"4905ac25-dc13-426f-8de4-67ad5e5df3e0","real_world_relation":"REFERENCE_ONLY","shape_Length":82.68418833496978,"source_datadesc":"2016 October MAFTIGER","source_datasetid":"{155E1578-FAD5-4709-A194-6F828C31A01F}","source_featureid":"110873856151","source_id":"REF-SACRAMENTO-LOCAL-ROADS","source_originator":"U.S. Department of Commerce, U.S. Census Bureau, Geography Division","state_route":null,"state_route_a":null,"state_route_b":null,"state_route_c":null,"stco_fipscode":"06067","tnmfrc":4,"us_route":null,"us_route_a":null,"us_route_b":null,"us_route_c":null},"type":"Feature"},{"geometry":{"coordinates":[[-121.511902,38.585991],[-121.511952,38.585735],[-121.512102,38.584969],[-121.512153,38.584714]],"type":"LineString"},"id":"REF-SACRAMENTO-LOCAL-ROADS-265","properties":{"canon_status":"REAL_REFERENCE","county_route":null,"federal_lands_route":null,"fictionality":"REAL","globalid":"{38DE982A-A7C2-49E7-8334-9BBCC56830A5}","interstate":null,"interstate_a":null,"interstate_b":null,"interstate_c":null,"loaddate":1533980970000,"mtfcc_code":"S1400","name":"4th St","objectid":11319761,"permanent_identifier":"fe63d455-6f0d-48e7-b99b-d398c65d97d2","real_world_relation":"REFERENCE_ONLY","shape_Length":183.99240657536893,"source_datadesc":"2016 October MAFTIGER","source_datasetid":"{155E1578-FAD5-4709-A194-6F828C31A01F}","source_featureid":"110758800283","source_id":"REF-SACRAMENTO-LOCAL-ROADS","source_originator":"U.S. Department of Commerce, U.S. Census Bureau, Geography Division","state_route":null,"state_route_a":null,"state_route_b":null,"state_route_c":null,"stco_fipscode":"06113","tnmfrc":4,"us_route":null,"us_route_a":null,"us_route_b":null,"us_route_c":null},"type":"Feature"},{"geometry":{"coordinates":[[-121.470668,38.60006],[-121.470262,38.600317],[-121.469905,38.600542],[-121.468781,38.601252],[-121.467514,38.602052],[-121.467339,38.602156]],"type":"LineString"},"id":"REF-SACRAMENTO-LOCAL-ROADS-266","properties":{"canon_status":"REAL_REFERENCE","county_route":null,"federal_lands_route":null,"fictionality":"REAL","globalid":"{5A9D5681-4F0B-4FE2-BF34-E6A5F7F834B0}","interstate":null,"interstate_a":null,"interstate_b":null,"interstate_c":null,"loaddate":1533980548000,"mtfcc_code":"S1400","name":"Paso Blvd","objectid":11447236,"permanent_identifier":"9572165a-bd82-44c5-a478-482f5f7d6b1a","real_world_relation":"REFERENCE_ONLY","shape_Length":475.8972371447638,"source_datadesc":"2016 October MAFTIGER","source_datasetid":"{155E1578-FAD5-4709-A194-6F828C31A01F}","source_featureid":"110873935611","source_id":"REF-SACRAMENTO-LOCAL-ROADS","source_originator":"U.S. Department of Commerce, U.S. Census Bureau, Geography Division","state_route":null,"state_route_a":null,"state_route_b":null,"state_route_c":null,"stco_fipscode":"06067","tnmfrc":4,"us_route":null,"us_route_a":null,"us_route_b":null,"us_route_c":null},"type":"Feature"},{"geometry":{"coordinates":[[-121.497229,38.581932],[-121.497465,38.581383]],"type":"LineString"},"id":"REF-SACRAMENTO-LOCAL-ROADS-267","properties":{"canon_status":"REAL_REFERENCE","county_route":null,"federal_lands_route":null,"fictionality":"REAL","globalid":"{BDA8F76C-047D-4AD2-87D5-A26F2DB702D6}","interstate":null,"interstate_a":null,"interstate_b":null,"interstate_c":null,"loaddate":1533980448000,"mtfcc_code":"S1400","name":"7th St","objectid":11447587,"permanent_identifier":"dbfeba1a-db08-4d44-bfbf-2354e6094d24","real_world_relation":"REFERENCE_ONLY","shape_Length":82.47548146608506,"source_datadesc":"2016 October MAFTIGER","source_datasetid":"{155E1578-FAD5-4709-A194-6F828C31A01F}","source_featureid":"1102781889555","source_id":"REF-SACRAMENTO-LOCAL-ROADS","source_originator":"U.S. Department of Commerce, U.S. Census Bureau, Geography Division","state_route":null,"state_route_a":null,"state_route_b":null,"state_route_c":null,"stco_fipscode":"06067","tnmfrc":4,"us_route":null,"us_route_a":null,"us_route_b":null,"us_route_c":null},"type":"Feature"},{"geometry":{"coordinates":[[-121.504199,38.579457],[-121.50468,38.578345]],"type":"LineString"},"id":"REF-SACRAMENTO-LOCAL-ROADS-268","properties":{"canon_status":"REAL_REFERENCE","county_route":null,"federal_lands_route":null,"fictionality":"REAL","globalid":"{99D61F66-1789-4C19-9A73-3E25745FB4BA}","interstate":null,"interstate_a":null,"interstate_b":null,"interstate_c":null,"loaddate":1533980455000,"mtfcc_code":"S1400","name":"3rd St","objectid":11575377,"permanent_identifier":"25e10ef4-59bc-4e23-83ae-955f87252347","real_world_relation":"REFERENCE_ONLY","shape_Length":167.15437661377615,"source_datadesc":"2016 October MAFTIGER","source_datasetid":"{155E1578-FAD5-4709-A194-6F828C31A01F}","source_featureid":"110873851943","source_id":"REF-SACRAMENTO-LOCAL-ROADS","source_originator":"U.S. Department of Commerce, U.S. Census Bureau, Geography Division","state_route":null,"state_route_a":null,"state_route_b":null,"state_route_c":null,"stco_fipscode":"06067","tnmfrc":4,"us_route":null,"us_route_a":null,"us_route_b":null,"us_route_c":null},"type":"Feature"},{"geometry":{"coordinates":[[-121.48647,38.582103],[-121.485135,38.581747]],"type":"LineString"},"id":"REF-SACRAMENTO-LOCAL-ROADS-269","properties":{"canon_status":"REAL_REFERENCE","county_route":null,"federal_lands_route":null,"fictionality":"REAL","globalid":"{B0D2E5E0-1D92-4FFE-A043-0121C5EA274D}","interstate":null,"interstate_a":null,"interstate_b":null,"interstate_c":null,"loaddate":1533980630000,"mtfcc_code":"S1400","name":"G St","objectid":11575667,"permanent_identifier":"e6b624f5-59ff-4316-ba75-b4d7492a0655","real_world_relation":"REFERENCE_ONLY","shape_Length":157.02060945293167,"source_datadesc":"2016 October MAFTIGER","source_datasetid":"{155E1578-FAD5-4709-A194-6F828C31A01F}","source_featureid":"110873834423","source_id":"REF-SACRAMENTO-LOCAL-ROADS","source_originator":"U.S. Department of Commerce, U.S. Census Bureau, Geography Division","state_route":null,"state_route_a":null,"state_route_b":null,"state_route_c":null,"stco_fipscode":"06067","tnmfrc":4,"us_route":null,"us_route_a":null,"us_route_b":null,"us_route_c":null},"type":"Feature"},{"geometry":{"coordinates":[[-121.495102,38.586851],[-121.49377,38.586496]],"type":"LineString"},"id":"REF-SACRAMENTO-LOCAL-ROADS-270","properties":{"canon_status":"REAL_REFERENCE","county_route":null,"federal_lands_route":null,"fictionality":"REAL","globalid":"{6CC43396-ADF1-4131-BACB-3084EF1CEE09}","interstate":null,"interstate_a":null,"interstate_b":null,"interstate_c":null,"loaddate":1533980634000,"mtfcc_code":"S1400","name":"E St","objectid":11575673,"permanent_identifier":"e9fcb761-956e-404f-b342-058bf92b3da2","real_world_relation":"REFERENCE_ONLY","shape_Length":156.65958820632082,"source_datadesc":"2016 October MAFTIGER","source_datasetid":"{155E1578-FAD5-4709-A194-6F828C31A01F}","source_featureid":"110873834356","source_id":"REF-SACRAMENTO-LOCAL-ROADS","source_originator":"U.S. Department of Commerce, U.S. Census Bureau, Geography Division","state_route":null,"state_route_a":null,"state_route_b":null,"state_route_c":null,"stco_fipscode":"06067","tnmfrc":4,"us_route":null,"us_route_a":null,"us_route_b":null,"us_route_c":null},"type":"Feature"},{"geometry":{"coordinates":[[-121.495302,38.579568],[-121.493956,38.57921]],"type":"LineString"},"id":"REF-SACRAMENTO-LOCAL-ROADS-271","properties":{"canon_status":"REAL_REFERENCE","county_route":null,"federal_lands_route":null,"fictionality":"REAL","globalid":"{44F41152-3F23-4B97-A7B7-39275A77E02C}","interstate":null,"interstate_a":null,"interstate_b":null,"interstate_c":null,"loaddate":1533980464000,"mtfcc_code":"S1400","name":"K St","objectid":11575802,"permanent_identifier":"df690e6c-c0f3-4b3a-84cd-80e556c1700c","real_world_relation":"REFERENCE_ONLY","shape_Length":158.2708272207796,"source_datadesc":"2016 October MAFTIGER","source_datasetid":"{155E1578-FAD5-4709-A194-6F828C31A01F}","source_featureid":"110873834522","source_id":"REF-SACRAMENTO-LOCAL-ROADS","source_originator":"U.S. Department of Commerce, U.S. Census Bureau, Geography Division","state_route":null,"state_route_a":null,"state_route_b":null,"state_route_c":null,"stco_fipscode":"06067","tnmfrc":4,"us_route":null,"us_route_a":null,"us_route_b":null,"us_route_c":null},"type":"Feature"},{"geometry":{"coordinates":[[-121.50556,38.579818],[-121.504199,38.579457]],"type":"LineString"},"id":"REF-SACRAMENTO-LOCAL-ROADS-272","properties":{"canon_status":"REAL_REFERENCE","county_route":null,"federal_lands_route":null,"fictionality":"REAL","globalid":"{FE242A48-B25F-4027-8AB7-812B417708E4}","interstate":null,"interstate_a":null,"interstate_b":null,"interstate_c":null,"loaddate":1533980490000,"mtfcc_code":"S1400","name":"Capitol Mall","objectid":11703103,"permanent_identifier":"190d1edd-5e56-4d6e-9c1d-36bdad2b8b36","real_world_relation":"REFERENCE_ONLY","shape_Length":159.98948444667374,"source_datadesc":"2016 October MAFTIGER","source_datasetid":"{155E1578-FAD5-4709-A194-6F828C31A01F}","source_featureid":"110874184384","source_id":"REF-SACRAMENTO-LOCAL-ROADS","source_originator":"U.S. Department of Commerce, U.S. Census Bureau, Geography Division","state_route":null,"state_route_a":null,"state_route_b":null,"state_route_c":null,"stco_fipscode":"06067","tnmfrc":4,"us_route":null,"us_route_a":null,"us_route_b":null,"us_route_c":null},"type":"Feature"},{"geometry":{"coordinates":[[-121.509417,38.580882],[-121.509792,38.580987],[-121.509918,38.581022]],"type":"LineString"},"id":"REF-SACRAMENTO-LOCAL-ROADS-273","properties":{"canon_status":"REAL_REFERENCE","county_route":null,"federal_lands_route":null,"fictionality":"REAL","globalid":"{B51836F2-1B65-4301-A195-C4183251C8FB}","interstate":null,"interstate_a":null,"interstate_b":null,"interstate_c":null,"loaddate":1533980944000,"mtfcc_code":"S1400","name":"Tower Bridge Gateway","objectid":11703538,"permanent_identifier":"0374e46c-e538-4b17-8c7b-5c401cf70104","real_world_relation":"REFERENCE_ONLY","shape_Length":59.22732348191097,"source_datadesc":"2016 October MAFTIGER","source_datasetid":"{155E1578-FAD5-4709-A194-6F828C31A01F}","source_featureid":"1104269377270","source_id":"REF-SACRAMENTO-LOCAL-ROADS","source_originator":"U.S. Department of Commerce, U.S. Census Bureau, Geography Division","state_route":null,"state_route_a":null,"state_route_b":null,"state_route_c":null,"stco_fipscode":"06113","tnmfrc":4,"us_route":null,"us_route_a":null,"us_route_b":null,"us_route_c":null},"type":"Feature"},{"geometry":{"coordinates":[[-121.464082,38.582237],[-121.464555,38.581149]],"type":"LineString"},"id":"REF-SACRAMENTO-LOCAL-ROADS-274","properties":{"canon_status":"REAL_REFERENCE","county_route":null,"federal_lands_route":null,"fictionality":"REAL","globalid":"{ED56D8F8-C2F6-42B3-94A3-FCB4A4B05022}","interstate":null,"interstate_a":null,"interstate_b":null,"interstate_c":null,"loaddate":1533980554000,"mtfcc_code":"S1400","name":"29th St","objectid":11830709,"permanent_identifier":"7263413c-f439-4167-bf53-6ca0b87edab7","real_world_relation":"REFERENCE_ONLY","shape_Length":163.63767296509653,"source_datadesc":"2016 October MAFTIGER","source_datasetid":"{155E1578-FAD5-4709-A194-6F828C31A01F}","source_featureid":"110873910150","source_id":"REF-SACRAMENTO-LOCAL-ROADS","source_originator":"U.S. Department of Commerce, U.S. Census Bureau, Geography Division","state_route":null,"state_route_a":null,"state_route_b":null,"state_route_c":null,"stco_fipscode":"06067","tnmfrc":4,"us_route":null,"us_route_a":null,"us_route_b":null,"us_route_c":null},"type":"Feature"},{"geometry":{"coordinates":[[-121.507388,38.579081],[-121.507873,38.577964]],"type":"LineString"},"id":"REF-SACRAMENTO-LOCAL-ROADS-275","properties":{"canon_status":"REAL_REFERENCE","county_route":null,"federal_lands_route":null,"fictionality":"REAL","globalid":"{CA642A9A-7202-40FE-9FDC-E421DC86C6B3}","interstate":null,"interstate_a":null,"interstate_b":null,"interstate_c":null,"loaddate":1533980659000,"mtfcc_code":"S1400","name":"Front St","objectid":11830712,"permanent_identifier":"db5c6437-8a15-41d5-af69-6d04936730a6","real_world_relation":"REFERENCE_ONLY","shape_Length":167.97082367914146,"source_datadesc":"2016 October MAFTIGER","source_datasetid":"{155E1578-FAD5-4709-A194-6F828C31A01F}","source_featureid":"110873943196","source_id":"REF-SACRAMENTO-LOCAL-ROADS","source_originator":"U.S. Department of Commerce, U.S. Census Bureau, Geography Division","state_route":null,"state_route_a":null,"state_route_b":null,"state_route_c":null,"stco_fipscode":"06067","tnmfrc":4,"us_route":null,"us_route_a":null,"us_route_b":null,"us_route_c":null},"type":"Feature"},{"geometry":{"coordinates":[[-121.510498,38.589873],[-121.510877,38.589918],[-121.511149,38.589951]],"type":"LineString"},"id":"REF-SACRAMENTO-LOCAL-ROADS-276","properties":{"canon_status":"REAL_REFERENCE","county_route":null,"federal_lands_route":null,"fictionality":"REAL","globalid":"{C633C3C3-0C6F-4A8F-BC78-1F5293811631}","interstate":null,"interstate_a":null,"interstate_b":null,"interstate_c":null,"loaddate":1533980955000,"mtfcc_code":"S1400","name":"B St","objectid":11831066,"permanent_identifier":"3fe8d82d-12b5-4da0-8e4a-1370d8c4dcd7","real_world_relation":"REFERENCE_ONLY","shape_Length":73.3155704090916,"source_datadesc":"2016 October MAFTIGER","source_datasetid":"{155E1578-FAD5-4709-A194-6F828C31A01F}","source_featureid":"110758799856","source_id":"REF-SACRAMENTO-LOCAL-ROADS","source_originator":"U.S. Department of Commerce, U.S. Census Bureau, Geography Division","state_route":null,"state_route_a":null,"state_route_b":null,"state_route_c":null,"stco_fipscode":"06113","tnmfrc":4,"us_route":null,"us_route_a":null,"us_route_b":null,"us_route_c":null},"type":"Feature"},{"geometry":{"coordinates":[[-121.497439,38.597213],[-121.496794,38.597208],[-121.496526,38.597196],[-121.49626,38.597174],[-121.495907,38.597126],[-121.49556,38.59706],[-121.495305,38.596997],[-121.494837,38.596873]],"type":"LineString"},"id":"REF-SACRAMENTO-LOCAL-ROADS-277","properties":{"canon_status":"REAL_REFERENCE","county_route":null,"federal_lands_route":null,"fictionality":"REAL","globalid":"{AA438F00-967A-4145-A515-A82A5761836B}","interstate":null,"interstate_a":null,"interstate_b":null,"interstate_c":null,"loaddate":1533980419000,"mtfcc_code":"S1400","name":"Richards Blvd","objectid":11831137,"permanent_identifier":"128f9da6-ffbf-4327-b94f-4b1a3881ec4f","real_world_relation":"REFERENCE_ONLY","shape_Length":295.8858387081835,"source_datadesc":"2016 October MAFTIGER","source_datasetid":"{155E1578-FAD5-4709-A194-6F828C31A01F}","source_featureid":"110874105498","source_id":"REF-SACRAMENTO-LOCAL-ROADS","source_originator":"U.S. Department of Commerce, U.S. Census Bureau, Geography Division","state_route":null,"state_route_a":null,"state_route_b":null,"state_route_c":null,"stco_fipscode":"06067","tnmfrc":4,"us_route":null,"us_route_a":null,"us_route_b":null,"us_route_c":null},"type":"Feature"},{"geometry":{"coordinates":[[-121.488274,38.581366],[-121.486945,38.581011]],"type":"LineString"},"id":"REF-SACRAMENTO-LOCAL-ROADS-278","properties":{"canon_status":"REAL_REFERENCE","county_route":null,"federal_lands_route":null,"fictionality":"REAL","globalid":"{7C9B9370-4F34-4265-B824-F06737E250E0}","interstate":null,"interstate_a":null,"interstate_b":null,"interstate_c":null,"loaddate":1533980466000,"mtfcc_code":"S1400","name":"H St","objectid":11958176,"permanent_identifier":"e29f0e07-2a43-41b4-8310-b34a3347e872","real_world_relation":"REFERENCE_ONLY","shape_Length":156.34232938552356,"source_datadesc":"2016 October MAFTIGER","source_datasetid":"{155E1578-FAD5-4709-A194-6F828C31A01F}","source_featureid":"1104994081186","source_id":"REF-SACRAMENTO-LOCAL-ROADS","source_originator":"U.S. Department of Commerce, U.S. Census Bureau, Geography Division","state_route":null,"state_route_a":null,"state_route_b":null,"state_route_c":null,"stco_fipscode":"06067","tnmfrc":4,"us_route":null,"us_route_a":null,"us_route_b":null,"us_route_c":null},"type":"Feature"},{"geometry":{"coordinates":[[-121.49377,38.586496],[-121.494004,38.585951]],"type":"LineString"},"id":"REF-SACRAMENTO-LOCAL-ROADS-279","properties":{"canon_status":"REAL_REFERENCE","county_route":null,"federal_lands_route":null,"fictionality":"REAL","globalid":"{D2DB89A3-319A-4EB0-8FA2-8783B7C2D0CC}","interstate":null,"interstate_a":null,"interstate_b":null,"interstate_c":null,"loaddate":1533980530000,"mtfcc_code":"S1400","name":"8th St","objectid":11958182,"permanent_identifier":"0e76305b-c9ad-411a-ad5c-6011638a6384","real_world_relation":"REFERENCE_ONLY","shape_Length":81.8692960655584,"source_datadesc":"2016 October MAFTIGER","source_datasetid":"{155E1578-FAD5-4709-A194-6F828C31A01F}","source_featureid":"110873852359","source_id":"REF-SACRAMENTO-LOCAL-ROADS","source_originator":"U.S. Department of Commerce, U.S. Census Bureau, Geography Division","state_route":null,"state_route_a":null,"state_route_b":null,"state_route_c":null,"stco_fipscode":"06067","tnmfrc":4,"us_route":null,"us_route_a":null,"us_route_b":null,"us_route_c":null},"type":"Feature"},{"geometry":{"coordinates":[[-121.498317,38.582823],[-121.498554,38.582287]],"type":"LineString"},"id":"REF-SACRAMENTO-LOCAL-ROADS-280","properties":{"canon_status":"REAL_REFERENCE","county_route":null,"federal_lands_route":null,"fictionality":"REAL","globalid":"{2698A740-138C-40B4-83EF-5C0C8459198C}","interstate":null,"interstate_a":null,"interstate_b":null,"interstate_c":null,"loaddate":1533980527000,"mtfcc_code":"S1400","name":"6th St","objectid":11958211,"permanent_identifier":"e2498bce-a3a4-42d7-973d-32708e420b82","real_world_relation":"REFERENCE_ONLY","shape_Length":80.7600047480884,"source_datadesc":"2016 October MAFTIGER","source_datasetid":"{155E1578-FAD5-4709-A194-6F828C31A01F}","source_featureid":"110873852206","source_id":"REF-SACRAMENTO-LOCAL-ROADS","source_originator":"U.S. Department of Commerce, U.S. Census Bureau, Geography Division","state_route":null,"state_route_a":null,"state_route_b":null,"state_route_c":null,"stco_fipscode":"06067","tnmfrc":4,"us_route":null,"us_route_a":null,"us_route_b":null,"us_route_c":null},"type":"Feature"},{"geometry":{"coordinates":[[-121.505281,38.582223],[-121.504614,38.582046]],"type":"LineString"},"id":"REF-SACRAMENTO-LOCAL-ROADS-281","properties":{"canon_status":"REAL_REFERENCE","county_route":null,"federal_lands_route":null,"fictionality":"REAL","globalid":"{605C200C-1E08-4004-913A-43862AE5C16C}","interstate":null,"interstate_a":null,"interstate_b":null,"interstate_c":null,"loaddate":1533980464000,"mtfcc_code":"S1400","name":"K St","objectid":11958272,"permanent_identifier":"470a1ba0-2778-48f3-9b27-5eef7df84993","real_world_relation":"REFERENCE_ONLY","shape_Length":78.41173140156418,"source_datadesc":"2016 October MAFTIGER","source_datasetid":"{155E1578-FAD5-4709-A194-6F828C31A01F}","source_featureid":"110873834522","source_id":"REF-SACRAMENTO-LOCAL-ROADS","source_originator":"U.S. Department of Commerce, U.S. Census Bureau, Geography Division","state_route":null,"state_route_a":null,"state_route_b":null,"state_route_c":null,"stco_fipscode":"06067","tnmfrc":4,"us_route":null,"us_route_a":null,"us_route_b":null,"us_route_c":null},"type":"Feature"},{"geometry":{"coordinates":[[-121.489524,38.585977],[-121.489763,38.585427]],"type":"LineString"},"id":"REF-SACRAMENTO-LOCAL-ROADS-282","properties":{"canon_status":"REAL_REFERENCE","county_route":null,"federal_lands_route":null,"fictionality":"REAL","globalid":"{DAB4813C-6381-4538-99BC-D34DE85344D6}","interstate":null,"interstate_a":null,"interstate_b":null,"interstate_c":null,"loaddate":1533980529000,"mtfcc_code":"S1400","name":"11th St","objectid":11958285,"permanent_identifier":"465e1e0d-bfc0-470c-9bcd-190d30b524f8","real_world_relation":"REFERENCE_ONLY","shape_Length":82.72146587032388,"source_datadesc":"2016 October MAFTIGER","source_datasetid":"{155E1578-FAD5-4709-A194-6F828C31A01F}","source_featureid":"110873853109","source_id":"REF-SACRAMENTO-LOCAL-ROADS","source_originator":"U.S. Department of Commerce, U.S. Census Bureau, Geography Division","state_route":null,"state_route_a":null,"state_route_b":null,"state_route_c":null,"stco_fipscode":"06067","tnmfrc":4,"us_route":null,"us_route_a":null,"us_route_b":null,"us_route_c":null},"type":"Feature"},{"geometry":{"coordinates":[[-121.49842,38.579175],[-121.498653,38.578632]],"type":"LineString"},"id":"REF-SACRAMENTO-LOCAL-ROADS-283","properties":{"canon_status":"REAL_REFERENCE","county_route":null,"federal_lands_route":null,"fictionality":"REAL","globalid":"{4BBD9F65-4A93-44F3-913E-3310B1534C2C}","interstate":null,"interstate_a":null,"interstate_b":null,"interstate_c":null,"loaddate":1533980448000,"mtfcc_code":"S1400","name":"7th St","objectid":11958600,"permanent_identifier":"4b414532-8010-4720-bf67-cf2ce380f231","real_world_relation":"REFERENCE_ONLY","shape_Length":81.55636334580447,"source_datadesc":"2016 October MAFTIGER","source_datasetid":"{155E1578-FAD5-4709-A194-6F828C31A01F}","source_featureid":"1102781889555","source_id":"REF-SACRAMENTO-LOCAL-ROADS","source_originator":"U.S. Department of Commerce, U.S. Census Bureau, Geography Division","state_route":null,"state_route_a":null,"state_route_b":null,"state_route_c":null,"stco_fipscode":"06067","tnmfrc":4,"us_route":null,"us_route_a":null,"us_route_b":null,"us_route_c":null},"type":"Feature"},{"geometry":{"coordinates":[[-121.471516,38.599523],[-121.470668,38.60006]],"type":"LineString"},"id":"REF-SACRAMENTO-LOCAL-ROADS-284","properties":{"canon_status":"REAL_REFERENCE","county_route":null,"federal_lands_route":null,"fictionality":"REAL","globalid":"{B80766D4-8E3A-4A1D-BB6B-1D3821F8E0D3}","interstate":null,"interstate_a":null,"interstate_b":null,"interstate_c":null,"loaddate":1533980548000,"mtfcc_code":"S1400","name":"Paso Blvd","objectid":11959011,"permanent_identifier":"d2070d2e-c250-48ff-b95e-562c4bf581cd","real_world_relation":"REFERENCE_ONLY","shape_Length":121.4983832114649,"source_datadesc":"2016 October MAFTIGER","source_datasetid":"{155E1578-FAD5-4709-A194-6F828C31A01F}","source_featureid":"110873935611","source_id":"REF-SACRAMENTO-LOCAL-ROADS","source_originator":"U.S. Department of Commerce, U.S. Census Bureau, Geography Division","state_route":null,"state_route_a":null,"state_route_b":null,"state_route_c":null,"stco_fipscode":"06067","tnmfrc":4,"us_route":null,"us_route_a":null,"us_route_b":null,"us_route_c":null},"type":"Feature"},{"geometry":{"coordinates":[[-121.504988,38.584603],[-121.504325,38.584425]],"type":"LineString"},"id":"REF-SACRAMENTO-LOCAL-ROADS-285","properties":{"canon_status":"REAL_REFERENCE","county_route":null,"federal_lands_route":null,"fictionality":"REAL","globalid":"{49DF0063-9277-4C85-BE9C-E13602EAAB12}","interstate":null,"interstate_a":null,"interstate_b":null,"interstate_c":null,"loaddate":1533980547000,"mtfcc_code":"S1400","name":"I St","objectid":12086136,"permanent_identifier":"25d884c3-95e8-41d9-9e39-1be50b440c27","real_world_relation":"REFERENCE_ONLY","shape_Length":78.0366896120663,"source_datadesc":"2016 October MAFTIGER","source_datasetid":"{155E1578-FAD5-4709-A194-6F828C31A01F}","source_featureid":"110873834453","source_id":"REF-SACRAMENTO-LOCAL-ROADS","source_originator":"U.S. Department of Commerce, U.S. Census Bureau, Geography Division","state_route":null,"state_route_a":null,"state_route_b":null,"state_route_c":null,"stco_fipscode":"06067","tnmfrc":4,"us_route":null,"us_route_a":null,"us_route_b":null,"us_route_c":null},"type":"Feature"},{"geometry":{"coordinates":[[-121.463737,38.602685],[-121.461797,38.60363]],"type":"LineString"},"id":"REF-SACRAMENTO-LOCAL-ROADS-286","properties":{"canon_status":"REAL_REFERENCE","county_route":null,"federal_lands_route":null,"fictionality":"REAL","globalid":"{74B5D0E3-0EB3-4739-8816-A4608CF32045}","interstate":null,"interstate_a":null,"interstate_b":null,"interstate_c":null,"loaddate":1533980570000,"mtfcc_code":"S1400","name":"Lochbrae Rd","objectid":12086301,"permanent_identifier":"4a969ce9-cde8-4095-98f8-825d24e788ce","real_world_relation":"REFERENCE_ONLY","shape_Length":254.47763011065453,"source_datadesc":"2016 October MAFTIGER","source_datasetid":"{155E1578-FAD5-4709-A194-6F828C31A01F}","source_featureid":"110874038533","source_id":"REF-SACRAMENTO-LOCAL-ROADS","source_originator":"U.S. Department of Commerce, U.S. Census Bureau, Geography Division","state_route":null,"state_route_a":null,"state_route_b":null,"state_route_c":null,"stco_fipscode":"06067","tnmfrc":4,"us_route":null,"us_route_a":null,"us_route_b":null,"us_route_c":null},"type":"Feature"},{"geometry":{"coordinates":[[-121.484183,38.583937],[-121.48442,38.583393]],"type":"LineString"},"id":"REF-SACRAMENTO-LOCAL-ROADS-287","properties":{"canon_status":"REAL_REFERENCE","county_route":null,"federal_lands_route":null,"fictionality":"REAL","globalid":"{C0864BED-0D3E-4FB5-B198-F364E6E487F8}","interstate":null,"interstate_a":null,"interstate_b":null,"interstate_c":null,"loaddate":1533980542000,"mtfcc_code":"S1400","name":"15th St","objectid":12341822,"permanent_identifier":"0a687b46-7623-4f72-aa13-64e922751870","real_world_relation":"REFERENCE_ONLY","shape_Length":81.83868455901822,"source_datadesc":"2016 October MAFTIGER","source_datasetid":"{155E1578-FAD5-4709-A194-6F828C31A01F}","source_featureid":"110873856151","source_id":"REF-SACRAMENTO-LOCAL-ROADS","source_originator":"U.S. Department of Commerce, U.S. Census Bureau, Geography Division","state_route":null,"state_route_a":null,"state_route_b":null,"state_route_c":null,"stco_fipscode":"06067","tnmfrc":4,"us_route":null,"us_route_a":null,"us_route_b":null,"us_route_c":null},"type":"Feature"},{"geometry":{"coordinates":[[-121.494244,38.585399],[-121.492937,38.58505]],"type":"LineString"},"id":"REF-SACRAMENTO-LOCAL-ROADS-288","properties":{"canon_status":"REAL_REFERENCE","county_route":null,"federal_lands_route":null,"fictionality":"REAL","globalid":"{28770BD7-BAF5-46A8-A152-D8F730E24CCC}","interstate":null,"interstate_a":null,"interstate_b":null,"interstate_c":null,"loaddate":1533980614000,"mtfcc_code":"S1400","name":"F St","objectid":12341914,"permanent_identifier":"786b5d32-984b-465b-b602-715743101bb5","real_world_relation":"REFERENCE_ONLY","shape_Length":153.74943223047967,"source_datadesc":"2016 October MAFTIGER","source_datasetid":"{155E1578-FAD5-4709-A194-6F828C31A01F}","source_featureid":"110873834384","source_id":"REF-SACRAMENTO-LOCAL-ROADS","source_originator":"U.S. Department of Commerce, U.S. Census Bureau, Geography Division","state_route":null,"state_route_a":null,"state_route_b":null,"state_route_c":null,"stco_fipscode":"06067","tnmfrc":4,"us_route":null,"us_route_a":null,"us_route_b":null,"us_route_c":null},"type":"Feature"},{"geometry":{"coordinates":[[-121.508859,38.587201],[-121.508883,38.587012],[-121.508939,38.586716],[-121.509132,38.585685]],"type":"LineString"},"id":"REF-SACRAMENTO-LOCAL-ROADS-289","properties":{"canon_status":"REAL_REFERENCE","county_route":null,"federal_lands_route":null,"fictionality":"REAL","globalid":"{5EA61E55-80A9-472A-B41D-C27ABEC23F18}","interstate":null,"interstate_a":null,"interstate_b":null,"interstate_c":null,"loaddate":1533980958000,"mtfcc_code":"S1400","name":"2nd St","objectid":12342466,"permanent_identifier":"92102881-2a53-4846-a0fd-4cd8524e87d6","real_world_relation":"REFERENCE_ONLY","shape_Length":218.05197201312097,"source_datadesc":"2016 October MAFTIGER","source_datasetid":"{155E1578-FAD5-4709-A194-6F828C31A01F}","source_featureid":"110758800251","source_id":"REF-SACRAMENTO-LOCAL-ROADS","source_originator":"U.S. Department of Commerce, U.S. Census Bureau, Geography Division","state_route":null,"state_route_a":null,"state_route_b":null,"state_route_c":null,"stco_fipscode":"06113","tnmfrc":4,"us_route":null,"us_route_a":null,"us_route_b":null,"us_route_c":null},"type":"Feature"},{"geometry":{"coordinates":[[-121.465793,38.602955],[-121.464627,38.603514]],"type":"LineString"},"id":"REF-SACRAMENTO-LOCAL-ROADS-290","properties":{"canon_status":"REAL_REFERENCE","county_route":null,"federal_lands_route":null,"fictionality":"REAL","globalid":"{8E489E06-5384-40D7-98EC-A4CCDBA7451C}","interstate":null,"interstate_a":null,"interstate_b":null,"interstate_c":null,"loaddate":1533980548000,"mtfcc_code":"S1400","name":"Paso Blvd","objectid":12469721,"permanent_identifier":"65846a27-b679-472b-9290-ccda32018725","real_world_relation":"REFERENCE_ONLY","shape_Length":152.27658226955154,"source_datadesc":"2016 October MAFTIGER","source_datasetid":"{155E1578-FAD5-4709-A194-6F828C31A01F}","source_featureid":"110873935611","source_id":"REF-SACRAMENTO-LOCAL-ROADS","source_originator":"U.S. Department of Commerce, U.S. Census Bureau, Geography Division","state_route":null,"state_route_a":null,"state_route_b":null,"state_route_c":null,"stco_fipscode":"06067","tnmfrc":4,"us_route":null,"us_route_a":null,"us_route_b":null,"us_route_c":null},"type":"Feature"},{"geometry":{"coordinates":[[-121.476916,38.590537],[-121.477224,38.589816]],"type":"LineString"},"id":"REF-SACRAMENTO-LOCAL-ROADS-291","properties":{"canon_status":"REAL_REFERENCE","county_route":null,"federal_lands_route":null,"fictionality":"REAL","globalid":"{65D97E13-B1D2-470D-B3FF-CA701092CA5C}","interstate":null,"interstate_a":null,"interstate_b":null,"interstate_c":null,"loaddate":1533980636000,"mtfcc_code":"S1400","name":"N 18th St","objectid":12469871,"permanent_identifier":"8c84ff65-c4da-4bf0-8847-ba81b70fe04d","real_world_relation":"REFERENCE_ONLY","shape_Length":108.25777530142851,"source_datadesc":"2016 October MAFTIGER","source_datasetid":"{155E1578-FAD5-4709-A194-6F828C31A01F}","source_featureid":"110873859146","source_id":"REF-SACRAMENTO-LOCAL-ROADS","source_originator":"U.S. Department of Commerce, U.S. Census Bureau, Geography Division","state_route":null,"state_route_a":null,"state_route_b":null,"state_route_c":null,"stco_fipscode":"06067","tnmfrc":4,"us_route":null,"us_route_a":null,"us_route_b":null,"us_route_c":null},"type":"Feature"},{"geometry":{"coordinates":[[-121.493956,38.57921],[-121.493965,38.579191],[-121.494192,38.578668]],"type":"LineString"},"id":"REF-SACRAMENTO-LOCAL-ROADS-292","properties":{"canon_status":"REAL_REFERENCE","county_route":null,"federal_lands_route":null,"fictionality":"REAL","globalid":"{1059C489-0F1E-4967-A1B3-95603D2262FB}","interstate":null,"interstate_a":null,"interstate_b":null,"interstate_c":null,"loaddate":1533980606000,"mtfcc_code":"S1400","name":"10th St","objectid":12469875,"permanent_identifier":"9771f6ba-43a8-4706-a397-7e3a030241a2","real_world_relation":"REFERENCE_ONLY","shape_Length":81.52952913544034,"source_datadesc":"2016 October MAFTIGER","source_datasetid":"{155E1578-FAD5-4709-A194-6F828C31A01F}","source_featureid":"110873853074","source_id":"REF-SACRAMENTO-LOCAL-ROADS","source_originator":"U.S. Department of Commerce, U.S. Census Bureau, Geography Division","state_route":null,"state_route_a":null,"state_route_b":null,"state_route_c":null,"stco_fipscode":"06067","tnmfrc":4,"us_route":null,"us_route_a":null,"us_route_b":null,"us_route_c":null},"type":"Feature"},{"geometry":{"coordinates":[[-121.49084,38.608521],[-121.49112,38.60854],[-121.491262,38.608544],[-121.49147,38.608551],[-121.49182,38.608547],[-121.491918,38.608542],[-121.492231,38.608524],[-121.497893,38.60807]],"type":"LineString"},"id":"REF-SACRAMENTO-LOCAL-ROADS-293","properties":{"canon_status":"REAL_REFERENCE","county_route":null,"federal_lands_route":null,"fictionality":"REAL","globalid":"{63F48712-742A-42DF-9AC2-A02C759CA29A}","interstate":null,"interstate_a":null,"interstate_b":null,"interstate_c":null,"loaddate":1533980565000,"mtfcc_code":"S1400","name":"Garden Hwy","objectid":12469886,"permanent_identifier":"f27c226e-fae1-418d-b6fa-6a0ad2fa7517","real_world_relation":"REFERENCE_ONLY","shape_Length":788.7166645303062,"source_datadesc":"2016 October MAFTIGER","source_datasetid":"{155E1578-FAD5-4709-A194-6F828C31A01F}","source_featureid":"110873949976","source_id":"REF-SACRAMENTO-LOCAL-ROADS","source_originator":"U.S. Department of Commerce, U.S. Census Bureau, Geography Division","state_route":null,"state_route_a":null,"state_route_b":null,"state_route_c":null,"stco_fipscode":"06067","tnmfrc":4,"us_route":null,"us_route_a":null,"us_route_b":null,"us_route_c":null},"type":"Feature"},{"geometry":{"coordinates":[[-121.494354,38.581765],[-121.493005,38.581405]],"type":"LineString"},"id":"REF-SACRAMENTO-LOCAL-ROADS-294","properties":{"canon_status":"REAL_REFERENCE","county_route":null,"federal_lands_route":null,"fictionality":"REAL","globalid":"{72CFCE02-9D7A-4E02-9B0B-D4AC9AF1BFB1}","interstate":null,"interstate_a":null,"interstate_b":null,"interstate_c":null,"loaddate":1533980547000,"mtfcc_code":"S1400","name":"I St","objectid":12470410,"permanent_identifier":"67fe37ad-b89b-4539-86ed-440d2d53cf78","real_world_relation":"REFERENCE_ONLY","shape_Length":158.67936027795895,"source_datadesc":"2016 October MAFTIGER","source_datasetid":"{155E1578-FAD5-4709-A194-6F828C31A01F}","source_featureid":"110873834453","source_id":"REF-SACRAMENTO-LOCAL-ROADS","source_originator":"U.S. Department of Commerce, U.S. Census Bureau, Geography Division","state_route":null,"state_route_a":null,"state_route_b":null,"state_route_c":null,"stco_fipscode":"06067","tnmfrc":4,"us_route":null,"us_route_a":null,"us_route_b":null,"us_route_c":null},"type":"Feature"},{"geometry":{"coordinates":[[-121.505945,38.5824],[-121.506421,38.581306]],"type":"LineString"},"id":"REF-SACRAMENTO-LOCAL-ROADS-295","properties":{"canon_status":"REAL_REFERENCE","county_route":null,"federal_lands_route":null,"fictionality":"REAL","globalid":"{BAE833EA-47CF-4BA1-997F-D36A162F2D2F}","interstate":null,"interstate_a":null,"interstate_b":null,"interstate_c":null,"loaddate":1533980659000,"mtfcc_code":"S1400","name":"Front St","objectid":12597324,"permanent_identifier":"21005315-0c08-415b-8857-2990b7f79bec","real_world_relation":"REFERENCE_ONLY","shape_Length":164.55436247536582,"source_datadesc":"2016 October MAFTIGER","source_datasetid":"{155E1578-FAD5-4709-A194-6F828C31A01F}","source_featureid":"110873943196","source_id":"REF-SACRAMENTO-LOCAL-ROADS","source_originator":"U.S. Department of Commerce, U.S. Census Bureau, Geography Division","state_route":null,"state_route_a":null,"state_route_b":null,"state_route_c":null,"stco_fipscode":"06067","tnmfrc":4,"us_route":null,"us_route_a":null,"us_route_b":null,"us_route_c":null},"type":"Feature"},{"geometry":{"coordinates":[[-121.484803,38.585936],[-121.485042,38.585386]],"type":"LineString"},"id":"REF-SACRAMENTO-LOCAL-ROADS-296","properties":{"canon_status":"REAL_REFERENCE","county_route":null,"federal_lands_route":null,"fictionality":"REAL","globalid":"{65B0F7EF-D112-4F4D-A49C-71083B89CC24}","interstate":null,"interstate_a":null,"interstate_b":null,"interstate_c":null,"loaddate":1533980436000,"mtfcc_code":"S1400","name":"14th St","objectid":12597439,"permanent_identifier":"d165251a-dc1f-47bd-83f1-c9f26f670765","real_world_relation":"REFERENCE_ONLY","shape_Length":82.721371182059,"source_datadesc":"2016 October MAFTIGER","source_datasetid":"{155E1578-FAD5-4709-A194-6F828C31A01F}","source_featureid":"110873854979","source_id":"REF-SACRAMENTO-LOCAL-ROADS","source_originator":"U.S. Department of Commerce, U.S. Census Bureau, Geography Division","state_route":null,"state_route_a":null,"state_route_b":null,"state_route_c":null,"stco_fipscode":"06067","tnmfrc":4,"us_route":null,"us_route_a":null,"us_route_b":null,"us_route_c":null},"type":"Feature"},{"geometry":{"coordinates":[[-121.464452,38.601221],[-121.464155,38.600842],[-121.464075,38.600776],[-121.463981,38.600725],[-121.463929,38.600705],[-121.463875,38.60069],[-121.463817,38.600679],[-121.463702,38.600671],[-121.460043,38.600736]],"type":"LineString"},"id":"REF-SACRAMENTO-LOCAL-ROADS-297","properties":{"canon_status":"REAL_REFERENCE","county_route":null,"federal_lands_route":null,"fictionality":"REAL","globalid":"{4E153FC5-5710-40E0-90EB-518888667263}","interstate":null,"interstate_a":null,"interstate_b":null,"interstate_c":null,"loaddate":1533980631000,"mtfcc_code":"S1400","name":"Globe Ave","objectid":12597949,"permanent_identifier":"86faa306-1565-4998-b4db-043e5b5980e6","real_world_relation":"REFERENCE_ONLY","shape_Length":528.7438711212393,"source_datadesc":"2016 October MAFTIGER","source_datasetid":"{155E1578-FAD5-4709-A194-6F828C31A01F}","source_featureid":"110873943269","source_id":"REF-SACRAMENTO-LOCAL-ROADS","source_originator":"U.S. Department of Commerce, U.S. Census Bureau, Geography Division","state_route":null,"state_route_a":null,"state_route_b":null,"state_route_c":null,"stco_fipscode":"06067","tnmfrc":4,"us_route":null,"us_route_a":null,"us_route_b":null,"us_route_c":null},"type":"Feature"},{"geometry":{"coordinates":[[-121.508859,38.587201],[-121.509829,38.587196],[-121.51015,38.587195],[-121.51017,38.587197],[-121.51023,38.587206],[-121.51025,38.587209]],"type":"LineString"},"id":"REF-SACRAMENTO-LOCAL-ROADS-298","properties":{"canon_status":"REAL_REFERENCE","county_route":null,"federal_lands_route":null,"fictionality":"REAL","globalid":"{180229E0-980F-4CE1-8E70-5466DD831F67}","interstate":null,"interstate_a":null,"interstate_b":null,"interstate_c":null,"loaddate":1533980965000,"mtfcc_code":"S1400","name":"D St","objectid":12598141,"permanent_identifier":"2e98884b-33d6-465f-8f41-b33159118358","real_world_relation":"REFERENCE_ONLY","shape_Length":155.02867288908766,"source_datadesc":"2016 October MAFTIGER","source_datasetid":"{155E1578-FAD5-4709-A194-6F828C31A01F}","source_featureid":"110758799861","source_id":"REF-SACRAMENTO-LOCAL-ROADS","source_originator":"U.S. Department of Commerce, U.S. Census Bureau, Geography Division","state_route":null,"state_route_a":null,"state_route_b":null,"state_route_c":null,"stco_fipscode":"06113","tnmfrc":4,"us_route":null,"us_route_a":null,"us_route_b":null,"us_route_c":null},"type":"Feature"},{"geometry":{"coordinates":[[-121.482073,38.590704],[-121.481972,38.590677]],"type":"LineString"},"id":"REF-SACRAMENTO-LOCAL-ROADS-299","properties":{"canon_status":"REAL_REFERENCE","county_route":null,"federal_lands_route":null,"fictionality":"REAL","globalid":"{F18EB0FE-1882-42E0-9CB4-EBF0CEB24208}","interstate":null,"interstate_a":null,"interstate_b":null,"interstate_c":null,"loaddate":1533980468000,"mtfcc_code":"S1400","name":"N C St","objectid":12598167,"permanent_identifier":"2feaa2fd-b9df-40d2-8acf-ee565e695992","real_world_relation":"REFERENCE_ONLY","shape_Length":11.882714171523046,"source_datadesc":"2016 October MAFTIGER","source_datasetid":"{155E1578-FAD5-4709-A194-6F828C31A01F}","source_featureid":"110873834280","source_id":"REF-SACRAMENTO-LOCAL-ROADS","source_originator":"U.S. Department of Commerce, U.S. Census Bureau, Geography Division","state_route":null,"state_route_a":null,"state_route_b":null,"state_route_c":null,"stco_fipscode":"06067","tnmfrc":4,"us_route":null,"us_route_a":null,"us_route_b":null,"us_route_c":null},"type":"Feature"},{"geometry":{"coordinates":[[-121.47093,38.605774],[-121.470652,38.605938],[-121.47042,38.606091],[-121.4702,38.606253],[-121.469991,38.606424],[-121.469793,38.606603],[-121.469608,38.606791],[-121.469435,38.606985],[-121.469225,38.607255],[-121.469085,38.607465],[-121.468958,38.60768],[-121.468846,38.6079],[-121.468778,38.608049],[-121.468691,38.608276],[-121.468071,38.61028]],"type":"LineString"},"id":"REF-SACRAMENTO-LOCAL-ROADS-300","properties":{"canon_status":"REAL_REFERENCE","county_route":null,"federal_lands_route":null,"fictionality":"REAL","globalid":"{9A6580B3-2FA2-4344-AC58-DCCE42194E3D}","interstate":null,"interstate_a":null,"interstate_b":null,"interstate_c":null,"loaddate":1533980649000,"mtfcc_code":"S1400","name":"E Levee Rd","objectid":12724893,"permanent_identifier":"56cef365-adf5-4708-ae3a-c15b8b784c77","real_world_relation":"REFERENCE_ONLY","shape_Length":737.2820117072231,"source_datadesc":"2016 October MAFTIGER","source_datasetid":"{155E1578-FAD5-4709-A194-6F828C31A01F}","source_featureid":"110873945182","source_id":"REF-SACRAMENTO-LOCAL-ROADS","source_originator":"U.S. Department of Commerce, U.S. Census Bureau, Geography Division","state_route":null,"state_route_a":null,"state_route_b":null,"state_route_c":null,"stco_fipscode":"06067","tnmfrc":4,"us_route":null,"us_route_a":null,"us_route_b":null,"us_route_c":null},"type":"Feature"},{"geometry":{"coordinates":[[-121.476449,38.591627],[-121.476604,38.591262]],"type":"LineString"},"id":"REF-SACRAMENTO-LOCAL-ROADS-301","properties":{"canon_status":"REAL_REFERENCE","county_route":null,"federal_lands_route":null,"fictionality":"REAL","globalid":"{DA116251-A458-4FF3-8935-8D618BCEA2C6}","interstate":null,"interstate_a":null,"interstate_b":null,"interstate_c":null,"loaddate":1533980636000,"mtfcc_code":"S1400","name":"N 18th St","objectid":12724929,"permanent_identifier":"5a46f5cc-8dd1-47dd-9563-ccb3d635f47a","real_world_relation":"REFERENCE_ONLY","shape_Length":54.77293875594623,"source_datadesc":"2016 October MAFTIGER","source_datasetid":"{155E1578-FAD5-4709-A194-6F828C31A01F}","source_featureid":"110873859146","source_id":"REF-SACRAMENTO-LOCAL-ROADS","source_originator":"U.S. Department of Commerce, U.S. Census Bureau, Geography Division","state_route":null,"state_route_a":null,"state_route_b":null,"state_route_c":null,"stco_fipscode":"06067","tnmfrc":4,"us_route":null,"us_route_a":null,"us_route_b":null,"us_route_c":null},"type":"Feature"},{"geometry":{"coordinates":[[-121.495667,38.582116],[-121.494354,38.581765]],"type":"LineString"},"id":"REF-SACRAMENTO-LOCAL-ROADS-302","properties":{"canon_status":"REAL_REFERENCE","county_route":null,"federal_lands_route":null,"fictionality":"REAL","globalid":"{E92F9DA7-5990-4E1B-909B-AC8CAE5A831C}","interstate":null,"interstate_a":null,"interstate_b":null,"interstate_c":null,"loaddate":1533980547000,"mtfcc_code":"S1400","name":"I St","objectid":12724952,"permanent_identifier":"404ed012-b6af-477d-a64d-556731e0c1de","real_world_relation":"REFERENCE_ONLY","shape_Length":154.47280237100176,"source_datadesc":"2016 October MAFTIGER","source_datasetid":"{155E1578-FAD5-4709-A194-6F828C31A01F}","source_featureid":"110873834453","source_id":"REF-SACRAMENTO-LOCAL-ROADS","source_originator":"U.S. Department of Commerce, U.S. Census Bureau, Geography Division","state_route":null,"state_route_a":null,"state_route_b":null,"state_route_c":null,"stco_fipscode":"06067","tnmfrc":4,"us_route":null,"us_route_a":null,"us_route_b":null,"us_route_c":null},"type":"Feature"},{"geometry":{"coordinates":[[-121.466724,38.601773],[-121.466614,38.601698]],"type":"LineString"},"id":"REF-SACRAMENTO-LOCAL-ROADS-303","properties":{"canon_status":"REAL_REFERENCE","county_route":null,"federal_lands_route":null,"fictionality":"REAL","globalid":"{237AEAB2-C906-4F7A-99AF-80A2CE739C7F}","interstate":null,"interstate_a":null,"interstate_b":null,"interstate_c":null,"loaddate":1748519528000,"mtfcc_code":"S1400","name":"N Sac Mhp","objectid":12724971,"permanent_identifier":"d3431d92-bec5-430e-a844-adcbac2bf7ec","real_world_relation":"REFERENCE_ONLY","shape_Length":16.25039608730298,"source_datadesc":"2016 October MAFTIGER","source_datasetid":"{7AD8F908-E576-4667-ABBE-3F904F423D64}","source_featureid":"110873968822","source_id":"REF-SACRAMENTO-LOCAL-ROADS","source_originator":"U.S. Department of Commerce, U.S. Census Bureau, Geography Division","state_route":null,"state_route_a":null,"state_route_b":null,"state_route_c":null,"stco_fipscode":"06067","tnmfrc":4,"us_route":null,"us_route_a":null,"us_route_b":null,"us_route_c":null},"type":"Feature"},{"geometry":{"coordinates":[[-121.511276,38.589107],[-121.511305,38.588917],[-121.511345,38.588659]],"type":"LineString"},"id":"REF-SACRAMENTO-LOCAL-ROADS-304","properties":{"canon_status":"REAL_REFERENCE","county_route":null,"federal_lands_route":null,"fictionality":"REAL","globalid":"{4535ED1C-22DB-4BA6-AA4D-0AFACACC42AF}","interstate":null,"interstate_a":null,"interstate_b":null,"interstate_c":null,"loaddate":1533980970000,"mtfcc_code":"S1400","name":"4th St","objectid":12725674,"permanent_identifier":"8addaebf-c96d-4a8e-a664-b5c1e1925443","real_world_relation":"REFERENCE_ONLY","shape_Length":64.26380640245094,"source_datadesc":"2016 October MAFTIGER","source_datasetid":"{155E1578-FAD5-4709-A194-6F828C31A01F}","source_featureid":"110758800283","source_id":"REF-SACRAMENTO-LOCAL-ROADS","source_originator":"U.S. Department of Commerce, U.S. Census Bureau, Geography Division","state_route":null,"state_route_a":null,"state_route_b":null,"state_route_c":null,"stco_fipscode":"06113","tnmfrc":4,"us_route":null,"us_route_a":null,"us_route_b":null,"us_route_c":null},"type":"Feature"},{"geometry":{"coordinates":[[-121.490733,38.596908],[-121.490363,38.597766]],"type":"LineString"},"id":"REF-SACRAMENTO-LOCAL-ROADS-305","properties":{"canon_status":"REAL_REFERENCE","county_route":null,"federal_lands_route":null,"fictionality":"REAL","globalid":"{2CAD00BD-55CA-4ABC-AC9F-7B1CA894264F}","interstate":null,"interstate_a":null,"interstate_b":null,"interstate_c":null,"loaddate":1533980480000,"mtfcc_code":"S1400","name":"N 7th St","objectid":12853071,"permanent_identifier":"a56da002-f3a6-41bf-9c0e-5c8f953e38c4","real_world_relation":"REFERENCE_ONLY","shape_Length":128.96291783023716,"source_datadesc":"2016 October MAFTIGER","source_datasetid":"{155E1578-FAD5-4709-A194-6F828C31A01F}","source_featureid":"110873852308","source_id":"REF-SACRAMENTO-LOCAL-ROADS","source_originator":"U.S. Department of Commerce, U.S. Census Bureau, Geography Division","state_route":null,"state_route_a":null,"state_route_b":null,"state_route_c":null,"stco_fipscode":"06067","tnmfrc":4,"us_route":null,"us_route_a":null,"us_route_b":null,"us_route_c":null},"type":"Feature"},{"geometry":{"coordinates":[[-121.49662,38.579919],[-121.495302,38.579568]],"type":"LineString"},"id":"REF-SACRAMENTO-LOCAL-ROADS-306","properties":{"canon_status":"REAL_REFERENCE","county_route":null,"federal_lands_route":null,"fictionality":"REAL","globalid":"{3A23FF02-A0CF-42D6-800C-E0433E26276C}","interstate":null,"interstate_a":null,"interstate_b":null,"interstate_c":null,"loaddate":1533980464000,"mtfcc_code":"S1400","name":"K St","objectid":12853407,"permanent_identifier":"4bd0cda9-81ba-47af-9408-7f9fbe1a2240","real_world_relation":"REFERENCE_ONLY","shape_Length":154.9991740790901,"source_datadesc":"2016 October MAFTIGER","source_datasetid":"{155E1578-FAD5-4709-A194-6F828C31A01F}","source_featureid":"110873834522","source_id":"REF-SACRAMENTO-LOCAL-ROADS","source_originator":"U.S. Department of Commerce, U.S. Census Bureau, Geography Division","state_route":null,"state_route_a":null,"state_route_b":null,"state_route_c":null,"stco_fipscode":"06067","tnmfrc":4,"us_route":null,"us_route_a":null,"us_route_b":null,"us_route_c":null},"type":"Feature"},{"geometry":{"coordinates":[[-121.512153,38.584714],[-121.512422,38.584749],[-121.51323,38.584854],[-121.5135,38.58489]],"type":"LineString"},"id":"REF-SACRAMENTO-LOCAL-ROADS-307","properties":{"canon_status":"REAL_REFERENCE","county_route":null,"federal_lands_route":null,"fictionality":"REAL","globalid":"{572594BF-E1BE-4EC9-8971-124490E15BD8}","interstate":null,"interstate_a":null,"interstate_b":null,"interstate_c":null,"loaddate":1533980997000,"mtfcc_code":"S1400","name":"F St","objectid":12853413,"permanent_identifier":"d4bd0b5b-b97a-4b9d-9078-1ad638864876","real_world_relation":"REFERENCE_ONLY","shape_Length":152.0279284660074,"source_datadesc":"2016 October MAFTIGER","source_datasetid":"{155E1578-FAD5-4709-A194-6F828C31A01F}","source_featureid":"110758799869","source_id":"REF-SACRAMENTO-LOCAL-ROADS","source_originator":"U.S. Department of Commerce, U.S. Census Bureau, Geography Division","state_route":null,"state_route_a":null,"state_route_b":null,"state_route_c":null,"stco_fipscode":"06113","tnmfrc":4,"us_route":null,"us_route_a":null,"us_route_b":null,"us_route_c":null},"type":"Feature"},{"geometry":{"coordinates":[[-121.475619,38.605065],[-121.475584,38.604631],[-121.475573,38.604491],[-121.475563,38.604371]],"type":"LineString"},"id":"REF-SACRAMENTO-LOCAL-ROADS-308","properties":{"canon_status":"REAL_REFERENCE","county_route":null,"federal_lands_route":null,"fictionality":"REAL","globalid":"{B1581788-3DBD-47F0-ABAF-721F47D436F0}","interstate":null,"interstate_a":null,"interstate_b":null,"interstate_c":null,"loaddate":1533980503000,"mtfcc_code":"S1400","name":"Northgate Blvd","objectid":12980918,"permanent_identifier":"24ca7530-fc68-495e-821a-5c91c5a29c13","real_world_relation":"REFERENCE_ONLY","shape_Length":99.0560174897856,"source_datadesc":"2016 October MAFTIGER","source_datasetid":"{155E1578-FAD5-4709-A194-6F828C31A01F}","source_featureid":"110874149115","source_id":"REF-SACRAMENTO-LOCAL-ROADS","source_originator":"U.S. Department of Commerce, U.S. Census Bureau, Geography Division","state_route":null,"state_route_a":null,"state_route_b":null,"state_route_c":null,"stco_fipscode":"06067","tnmfrc":4,"us_route":null,"us_route_a":null,"us_route_b":null,"us_route_c":null},"type":"Feature"},{"geometry":{"coordinates":[[-121.49818,38.579731],[-121.49842,38.579175]],"type":"LineString"},"id":"REF-SACRAMENTO-LOCAL-ROADS-309","properties":{"canon_status":"REAL_REFERENCE","county_route":null,"federal_lands_route":null,"fictionality":"REAL","globalid":"{63E99CAA-3EC7-4D13-985F-0B594D05CECA}","interstate":null,"interstate_a":null,"interstate_b":null,"interstate_c":null,"loaddate":1533980448000,"mtfcc_code":"S1400","name":"7th St","objectid":12980955,"permanent_identifier":"82fb7768-9b14-4c1c-8926-91c263649b68","real_world_relation":"REFERENCE_ONLY","shape_Length":83.5599944071156,"source_datadesc":"2016 October MAFTIGER","source_datasetid":"{155E1578-FAD5-4709-A194-6F828C31A01F}","source_featureid":"1102781889555","source_id":"REF-SACRAMENTO-LOCAL-ROADS","source_originator":"U.S. Department of Commerce, U.S. Census Bureau, Geography Division","state_route":null,"state_route_a":null,"state_route_b":null,"state_route_c":null,"stco_fipscode":"06067","tnmfrc":4,"us_route":null,"us_route_a":null,"us_route_b":null,"us_route_c":null},"type":"Feature"},{"geometry":{"coordinates":[[-121.487799,38.582457],[-121.488033,38.581917]],"type":"LineString"},"id":"REF-SACRAMENTO-LOCAL-ROADS-310","properties":{"canon_status":"REAL_REFERENCE","county_route":null,"federal_lands_route":null,"fictionality":"REAL","globalid":"{EE07F644-CA5A-40D1-9180-9E99C8EF6339}","interstate":null,"interstate_a":null,"interstate_b":null,"interstate_c":null,"loaddate":1533980655000,"mtfcc_code":"S1400","name":"13th St","objectid":13108557,"permanent_identifier":"0a1e4f22-a302-4f27-9637-c87936c43b08","real_world_relation":"REFERENCE_ONLY","shape_Length":81.19044601618145,"source_datadesc":"2016 October MAFTIGER","source_datasetid":"{155E1578-FAD5-4709-A194-6F828C31A01F}","source_featureid":"110873853976","source_id":"REF-SACRAMENTO-LOCAL-ROADS","source_originator":"U.S. Department of Commerce, U.S. Census Bureau, Geography Division","state_route":null,"state_route_a":null,"state_route_b":null,"state_route_c":null,"stco_fipscode":"06067","tnmfrc":4,"us_route":null,"us_route_a":null,"us_route_b":null,"us_route_c":null},"type":"Feature"},{"geometry":{"coordinates":[[-121.505784,38.579878],[-121.50556,38.579818]],"type":"LineString"},"id":"REF-SACRAMENTO-LOCAL-ROADS-311","properties":{"canon_status":"REAL_REFERENCE","county_route":null,"federal_lands_route":null,"fictionality":"REAL","globalid":"{9FDF4BD4-AFF2-4DF5-8045-07DA4E125945}","interstate":null,"interstate_a":null,"interstate_b":null,"interstate_c":null,"loaddate":1533980490000,"mtfcc_code":"S1400","name":"Capitol Mall","objectid":13109023,"permanent_identifier":"379b2be1-1815-4a1c-a9aa-befd24988cff","real_world_relation":"REFERENCE_ONLY","shape_Length":26.35863022878779,"source_datadesc":"2016 October MAFTIGER","source_datasetid":"{155E1578-FAD5-4709-A194-6F828C31A01F}","source_featureid":"110874184384","source_id":"REF-SACRAMENTO-LOCAL-ROADS","source_originator":"U.S. Department of Commerce, U.S. Census Bureau, Geography Division","state_route":null,"state_route_a":null,"state_route_b":null,"state_route_c":null,"stco_fipscode":"06067","tnmfrc":4,"us_route":null,"us_route_a":null,"us_route_b":null,"us_route_c":null},"type":"Feature"},{"geometry":{"coordinates":[[-121.486428,38.593088],[-121.486315,38.593388]],"type":"LineString"},"id":"REF-SACRAMENTO-LOCAL-ROADS-312","properties":{"canon_status":"REAL_REFERENCE","county_route":null,"federal_lands_route":null,"fictionality":"REAL","globalid":"{42F8BD1E-43A4-46F4-8617-2DF440E579E0}","interstate":null,"interstate_a":null,"interstate_b":null,"interstate_c":null,"loaddate":1533980532000,"mtfcc_code":"S1400","name":"N 11th St","objectid":13235662,"permanent_identifier":"17bbe28c-5885-43e3-aa4b-c9ee3af8bc1b","real_world_relation":"REFERENCE_ONLY","shape_Length":44.54107312446577,"source_datadesc":"2016 October MAFTIGER","source_datasetid":"{155E1578-FAD5-4709-A194-6F828C31A01F}","source_featureid":"110873853114","source_id":"REF-SACRAMENTO-LOCAL-ROADS","source_originator":"U.S. Department of Commerce, U.S. Census Bureau, Geography Division","state_route":null,"state_route_a":null,"state_route_b":null,"state_route_c":null,"stco_fipscode":"06067","tnmfrc":4,"us_route":null,"us_route_a":null,"us_route_b":null,"us_route_c":null},"type":"Feature"},{"geometry":{"coordinates":[[-121.49341,38.583953],[-121.493643,38.583414]],"type":"LineString"},"id":"REF-SACRAMENTO-LOCAL-ROADS-313","properties":{"canon_status":"REAL_REFERENCE","county_route":null,"federal_lands_route":null,"fictionality":"REAL","globalid":"{E6DF7CAF-D635-49B3-9FC1-4FCC5D58412A}","interstate":null,"interstate_a":null,"interstate_b":null,"interstate_c":null,"loaddate":1533980534000,"mtfcc_code":"S1400","name":"9th St","objectid":13236084,"permanent_identifier":"816aa1a3-6f62-4812-8655-0dc178874a36","real_world_relation":"REFERENCE_ONLY","shape_Length":81.02137079230741,"source_datadesc":"2016 October MAFTIGER","source_datasetid":"{155E1578-FAD5-4709-A194-6F828C31A01F}","source_featureid":"110873852404","source_id":"REF-SACRAMENTO-LOCAL-ROADS","source_originator":"U.S. Department of Commerce, U.S. Census Bureau, Geography Division","state_route":null,"state_route_a":null,"state_route_b":null,"state_route_c":null,"stco_fipscode":"06067","tnmfrc":4,"us_route":null,"us_route_a":null,"us_route_b":null,"us_route_c":null},"type":"Feature"},{"geometry":{"coordinates":[[-121.501063,38.579879],[-121.499722,38.579522]],"type":"LineString"},"id":"REF-SACRAMENTO-LOCAL-ROADS-314","properties":{"canon_status":"REAL_REFERENCE","county_route":null,"federal_lands_route":null,"fictionality":"REAL","globalid":"{8E299C8F-1F1C-4791-9C25-14511157F67A}","interstate":null,"interstate_a":null,"interstate_b":null,"interstate_c":null,"loaddate":1533980552000,"mtfcc_code":"S1400","name":"L St","objectid":13236430,"permanent_identifier":"ced8690e-c234-4bee-934c-d94bd56e321d","real_world_relation":"REFERENCE_ONLY","shape_Length":157.6981266973031,"source_datadesc":"2016 October MAFTIGER","source_datasetid":"{155E1578-FAD5-4709-A194-6F828C31A01F}","source_featureid":"110873834539","source_id":"REF-SACRAMENTO-LOCAL-ROADS","source_originator":"U.S. Department of Commerce, U.S. Census Bureau, Geography Division","state_route":null,"state_route_a":null,"state_route_b":null,"state_route_c":null,"stco_fipscode":"06067","tnmfrc":4,"us_route":null,"us_route_a":null,"us_route_b":null,"us_route_c":null},"type":"Feature"},{"geometry":{"coordinates":[[-121.48466,38.582843],[-121.483329,38.582489]],"type":"LineString"},"id":"REF-SACRAMENTO-LOCAL-ROADS-315","properties":{"canon_status":"REAL_REFERENCE","county_route":null,"federal_lands_route":null,"fictionality":"REAL","globalid":"{7C28518D-92A8-4D7E-B46F-7780AF3D2B48}","interstate":null,"interstate_a":null,"interstate_b":null,"interstate_c":null,"loaddate":1533980513000,"mtfcc_code":"S1400","name":"F St","objectid":13363807,"permanent_identifier":"67469505-fbfe-41a8-97be-578289098f6d","real_world_relation":"REFERENCE_ONLY","shape_Length":156.5074176774714,"source_datadesc":"2016 October MAFTIGER","source_datasetid":"{155E1578-FAD5-4709-A194-6F828C31A01F}","source_featureid":"110873834387","source_id":"REF-SACRAMENTO-LOCAL-ROADS","source_originator":"U.S. Department of Commerce, U.S. Census Bureau, Geography Division","state_route":null,"state_route_a":null,"state_route_b":null,"state_route_c":null,"stco_fipscode":"06067","tnmfrc":4,"us_route":null,"us_route_a":null,"us_route_b":null,"us_route_c":null},"type":"Feature"},{"geometry":{"coordinates":[[-121.491592,38.598094],[-121.490363,38.597766]],"type":"LineString"},"id":"REF-SACRAMENTO-LOCAL-ROADS-316","properties":{"canon_status":"REAL_REFERENCE","county_route":null,"federal_lands_route":null,"fictionality":"REAL","globalid":"{1D2FE06C-07C3-42C8-8931-6ABC45355537}","interstate":null,"interstate_a":null,"interstate_b":null,"interstate_c":null,"loaddate":1533980503000,"mtfcc_code":"S1400","name":"Cannery Ave","objectid":13363841,"permanent_identifier":"3c40a87a-df39-40a6-aefb-7eef27d3c246","real_world_relation":"REFERENCE_ONLY","shape_Length":144.56862567922866,"source_datadesc":"2016 October MAFTIGER","source_datasetid":"{155E1578-FAD5-4709-A194-6F828C31A01F}","source_featureid":"1104981929087","source_id":"REF-SACRAMENTO-LOCAL-ROADS","source_originator":"U.S. Department of Commerce, U.S. Census Bureau, Geography Division","state_route":null,"state_route_a":null,"state_route_b":null,"state_route_c":null,"stco_fipscode":"06067","tnmfrc":4,"us_route":null,"us_route_a":null,"us_route_b":null,"us_route_c":null},"type":"Feature"},{"geometry":{"coordinates":[[-121.512321,38.583814],[-121.512602,38.583847],[-121.513448,38.583948],[-121.51373,38.583982]],"type":"LineString"},"id":"REF-SACRAMENTO-LOCAL-ROADS-317","properties":{"canon_status":"REAL_REFERENCE","county_route":null,"federal_lands_route":null,"fictionality":"REAL","globalid":"{9857988E-D087-403A-ACFF-08EA6183717C}","interstate":null,"interstate_a":null,"interstate_b":null,"interstate_c":null,"loaddate":1533980990000,"mtfcc_code":"S1400","name":"G St","objectid":13491322,"permanent_identifier":"bf802e98-0675-4727-96d5-6181e1ecece1","real_world_relation":"REFERENCE_ONLY","shape_Length":158.66345883024934,"source_datadesc":"2016 October MAFTIGER","source_datasetid":"{155E1578-FAD5-4709-A194-6F828C31A01F}","source_featureid":"110758799872","source_id":"REF-SACRAMENTO-LOCAL-ROADS","source_originator":"U.S. Department of Commerce, U.S. Census Bureau, Geography Division","state_route":null,"state_route_a":null,"state_route_b":null,"state_route_c":null,"stco_fipscode":"06113","tnmfrc":4,"us_route":null,"us_route_a":null,"us_route_b":null,"us_route_c":null},"type":"Feature"},{"geometry":{"coordinates":[[-121.48637,38.58574],[-121.486607,38.585198]],"type":"LineString"},"id":"REF-SACRAMENTO-LOCAL-ROADS-318","properties":{"canon_status":"REAL_REFERENCE","county_route":null,"federal_lands_route":null,"fictionality":"REAL","globalid":"{6A70861C-C75A-4543-81BA-A4686B9F0B77}","interstate":null,"interstate_a":null,"interstate_b":null,"interstate_c":null,"loaddate":1533980655000,"mtfcc_code":"S1400","name":"13th St","objectid":13491605,"permanent_identifier":"07106b8c-4b8e-4946-beaa-219ca89fdec8","real_world_relation":"REFERENCE_ONLY","shape_Length":81.57103356208985,"source_datadesc":"2016 October MAFTIGER","source_datasetid":"{155E1578-FAD5-4709-A194-6F828C31A01F}","source_featureid":"110873853976","source_id":"REF-SACRAMENTO-LOCAL-ROADS","source_originator":"U.S. Department of Commerce, U.S. Census Bureau, Geography Division","state_route":null,"state_route_a":null,"state_route_b":null,"state_route_c":null,"stco_fipscode":"06067","tnmfrc":4,"us_route":null,"us_route_a":null,"us_route_b":null,"us_route_c":null},"type":"Feature"},{"geometry":{"coordinates":[[-121.488697,38.596376],[-121.489059,38.595553],[-121.489146,38.595359]],"type":"LineString"},"id":"REF-SACRAMENTO-LOCAL-ROADS-319","properties":{"canon_status":"REAL_REFERENCE","county_route":null,"federal_lands_route":null,"fictionality":"REAL","globalid":"{C89EE853-79C8-429C-86AB-54B4534CC8C4}","interstate":null,"interstate_a":null,"interstate_b":null,"interstate_c":null,"loaddate":1533980529000,"mtfcc_code":"S1400","name":"N 8th St","objectid":13618092,"permanent_identifier":"31336fa1-bc7b-4f1a-85e4-bba0ae2437e4","real_world_relation":"REFERENCE_ONLY","shape_Length":153.23418243081983,"source_datadesc":"2016 October MAFTIGER","source_datasetid":"{155E1578-FAD5-4709-A194-6F828C31A01F}","source_featureid":"1104981911275","source_id":"REF-SACRAMENTO-LOCAL-ROADS","source_originator":"U.S. Department of Commerce, U.S. Census Bureau, Geography Division","state_route":null,"state_route_a":null,"state_route_b":null,"state_route_c":null,"stco_fipscode":"06067","tnmfrc":4,"us_route":null,"us_route_a":null,"us_route_b":null,"us_route_c":null},"type":"Feature"},{"geometry":{"coordinates":[[-121.493956,38.57921],[-121.492608,38.578851]],"type":"LineString"},"id":"REF-SACRAMENTO-LOCAL-ROADS-320","properties":{"canon_status":"REAL_REFERENCE","county_route":null,"federal_lands_route":null,"fictionality":"REAL","globalid":"{82A73DD3-BFC3-4359-8C4C-6BC258D0CC14}","interstate":null,"interstate_a":null,"interstate_b":null,"interstate_c":null,"loaddate":1533980464000,"mtfcc_code":"S1400","name":"K St","objectid":13618178,"permanent_identifier":"3a3fe55a-beae-49ce-b29a-e09999d607c9","real_world_relation":"REFERENCE_ONLY","shape_Length":158.52747352658756,"source_datadesc":"2016 October MAFTIGER","source_datasetid":"{155E1578-FAD5-4709-A194-6F828C31A01F}","source_featureid":"110873834522","source_id":"REF-SACRAMENTO-LOCAL-ROADS","source_originator":"U.S. Department of Commerce, U.S. Census Bureau, Geography Division","state_route":null,"state_route_a":null,"state_route_b":null,"state_route_c":null,"stco_fipscode":"06067","tnmfrc":4,"us_route":null,"us_route_a":null,"us_route_b":null,"us_route_c":null},"type":"Feature"},{"geometry":{"coordinates":[[-121.484067,38.609124],[-121.486086,38.609189]],"type":"LineString"},"id":"REF-SACRAMENTO-LOCAL-ROADS-321","properties":{"canon_status":"REAL_REFERENCE","county_route":null,"federal_lands_route":null,"fictionality":"REAL","globalid":"{03B3C574-2E9C-4AD0-B8B1-969AD7600D9D}","interstate":null,"interstate_a":null,"interstate_b":null,"interstate_c":null,"loaddate":1533980420000,"mtfcc_code":"S1400","name":"Azusa St","objectid":13618548,"permanent_identifier":"630a4059-9fc6-439c-904f-b4c51d6b96e4","real_world_relation":"REFERENCE_ONLY","shape_Length":224.94476958162363,"source_datadesc":"2016 October MAFTIGER","source_datasetid":"{155E1578-FAD5-4709-A194-6F828C31A01F}","source_featureid":"110873937121","source_id":"REF-SACRAMENTO-LOCAL-ROADS","source_originator":"U.S. Department of Commerce, U.S. Census Bureau, Geography Division","state_route":null,"state_route_a":null,"state_route_b":null,"state_route_c":null,"stco_fipscode":"06067","tnmfrc":4,"us_route":null,"us_route_a":null,"us_route_b":null,"us_route_c":null},"type":"Feature"},{"geometry":{"coordinates":[[-121.492292,38.583054],[-121.492532,38.582501]],"type":"LineString"},"id":"REF-SACRAMENTO-LOCAL-ROADS-322","properties":{"canon_status":"REAL_REFERENCE","county_route":null,"federal_lands_route":null,"fictionality":"REAL","globalid":"{67DAEE2A-05B3-4126-BAB0-54C68D3C7EAD}","interstate":null,"interstate_a":null,"interstate_b":null,"interstate_c":null,"loaddate":1533980606000,"mtfcc_code":"S1400","name":"10th St","objectid":13746253,"permanent_identifier":"98b44ca9-46a1-4f1d-a585-89355ecbb618","real_world_relation":"REFERENCE_ONLY","shape_Length":83.15870799204428,"source_datadesc":"2016 October MAFTIGER","source_datasetid":"{155E1578-FAD5-4709-A194-6F828C31A01F}","source_featureid":"110873853074","source_id":"REF-SACRAMENTO-LOCAL-ROADS","source_originator":"U.S. Department of Commerce, U.S. Census Bureau, Geography Division","state_route":null,"state_route_a":null,"state_route_b":null,"state_route_c":null,"stco_fipscode":"06067","tnmfrc":4,"us_route":null,"us_route_a":null,"us_route_b":null,"us_route_c":null},"type":"Feature"},{"geometry":{"coordinates":[[-121.46415,38.606445],[-121.464149,38.606527]],"type":"LineString"},"id":"REF-SACRAMENTO-LOCAL-ROADS-323","properties":{"canon_status":"REAL_REFERENCE","county_route":null,"federal_lands_route":null,"fictionality":"REAL","globalid":"{347383FB-CBED-4B97-B426-CD39A2F4F815}","interstate":null,"interstate_a":null,"interstate_b":null,"interstate_c":null,"loaddate":1533980614000,"mtfcc_code":"S1400","name":"Colfax St","objectid":13746275,"permanent_identifier":"1e7dd661-6b87-47ea-b33d-446104c39ffd","real_world_relation":"REFERENCE_ONLY","shape_Length":11.681630236406829,"source_datadesc":"2016 October MAFTIGER","source_datasetid":"{155E1578-FAD5-4709-A194-6F828C31A01F}","source_featureid":"110873948911","source_id":"REF-SACRAMENTO-LOCAL-ROADS","source_originator":"U.S. Department of Commerce, U.S. Census Bureau, Geography Division","state_route":null,"state_route_a":null,"state_route_b":null,"state_route_c":null,"stco_fipscode":"06067","tnmfrc":4,"us_route":null,"us_route_a":null,"us_route_b":null,"us_route_c":null},"type":"Feature"},{"geometry":{"coordinates":[[-121.491422,38.581593],[-121.490102,38.58124]],"type":"LineString"},"id":"REF-SACRAMENTO-LOCAL-ROADS-324","properties":{"canon_status":"REAL_REFERENCE","county_route":null,"federal_lands_route":null,"fictionality":"REAL","globalid":"{64C26FEA-4DFC-416B-8935-0CBBD2B97132}","interstate":null,"interstate_a":null,"interstate_b":null,"interstate_c":null,"loaddate":1533980482000,"mtfcc_code":"S1400","name":"Terminal Way","objectid":13746295,"permanent_identifier":"9afb6efc-9de5-4d6b-98b6-75d8463c9f52","real_world_relation":"REFERENCE_ONLY","shape_Length":155.30223604099456,"source_datadesc":"2016 October MAFTIGER","source_datasetid":"{155E1578-FAD5-4709-A194-6F828C31A01F}","source_featureid":"110874108144","source_id":"REF-SACRAMENTO-LOCAL-ROADS","source_originator":"U.S. Department of Commerce, U.S. Census Bureau, Geography Division","state_route":null,"state_route_a":null,"state_route_b":null,"state_route_c":null,"stco_fipscode":"06067","tnmfrc":4,"us_route":null,"us_route_a":null,"us_route_b":null,"us_route_c":null},"type":"Feature"},{"geometry":{"coordinates":[[-121.467731,38.606356],[-121.467981,38.606335],[-121.46838,38.606293],[-121.468621,38.606261],[-121.468778,38.60624],[-121.468915,38.606218],[-121.469174,38.606176],[-121.469565,38.606102],[-121.470138,38.605971],[-121.470348,38.605919],[-121.47093,38.605774]],"type":"LineString"},"id":"REF-SACRAMENTO-LOCAL-ROADS-325","properties":{"canon_status":"REAL_REFERENCE","county_route":null,"federal_lands_route":null,"fictionality":"REAL","globalid":"{F261F6F5-5ED0-4E4D-9124-07C0886CC0FC}","interstate":null,"interstate_a":null,"interstate_b":null,"interstate_c":null,"loaddate":1533980481000,"mtfcc_code":"S1400","name":"Arden Garden Con","objectid":13873828,"permanent_identifier":"4cc99baa-8260-46b9-8d10-0d20eee168bc","real_world_relation":"REFERENCE_ONLY","shape_Length":366.53469303082437,"source_datadesc":"2016 October MAFTIGER","source_datasetid":"{155E1578-FAD5-4709-A194-6F828C31A01F}","source_featureid":"110874184115","source_id":"REF-SACRAMENTO-LOCAL-ROADS","source_originator":"U.S. Department of Commerce, U.S. Census Bureau, Geography Division","state_route":null,"state_route_a":null,"state_route_b":null,"state_route_c":null,"stco_fipscode":"06067","tnmfrc":4,"us_route":null,"us_route_a":null,"us_route_b":null,"us_route_c":null},"type":"Feature"},{"geometry":{"coordinates":[[-121.502378,38.580229],[-121.502867,38.579103]],"type":"LineString"},"id":"REF-SACRAMENTO-LOCAL-ROADS-326","properties":{"canon_status":"REAL_REFERENCE","county_route":null,"federal_lands_route":null,"fictionality":"REAL","globalid":"{B60C6EAE-BA48-4B44-900B-5D9A05376538}","interstate":null,"interstate_a":null,"interstate_b":null,"interstate_c":null,"loaddate":1533980446000,"mtfcc_code":"S1400","name":"4th St","objectid":13873936,"permanent_identifier":"ee4f9f10-7734-4302-8617-60f349641cfb","real_world_relation":"REFERENCE_ONLY","shape_Length":169.32991374797024,"source_datadesc":"2016 October MAFTIGER","source_datasetid":"{155E1578-FAD5-4709-A194-6F828C31A01F}","source_featureid":"110873852039","source_id":"REF-SACRAMENTO-LOCAL-ROADS","source_originator":"U.S. Department of Commerce, U.S. Census Bureau, Geography Division","state_route":null,"state_route_a":null,"state_route_b":null,"state_route_c":null,"stco_fipscode":"06067","tnmfrc":4,"us_route":null,"us_route_a":null,"us_route_b":null,"us_route_c":null},"type":"Feature"},{"geometry":{"coordinates":[[-121.5051,38.598689],[-121.505068,38.59866],[-121.504995,38.598567],[-121.504939,38.598469],[-121.504915,38.598406],[-121.504881,38.598292],[-121.504868,38.59818],[-121.50487,38.598098],[-121.504885,38.598001],[-121.504928,38.597862],[-121.504988,38.597743],[-121.505017,38.597703],[-121.505495,38.597124],[-121.505578,38.596999],[-121.505626,38.596912],[-121.505681,38.596778],[-121.505709,38.59668]],"type":"LineString"},"id":"REF-SACRAMENTO-LOCAL-ROADS-327","properties":{"canon_status":"REAL_REFERENCE","county_route":null,"federal_lands_route":null,"fictionality":"REAL","globalid":"{6DFA3B02-E9EA-4E12-8FFC-E11C570E9CAD}","interstate":null,"interstate_a":null,"interstate_b":null,"interstate_c":null,"loaddate":1533980456000,"mtfcc_code":"S1400","name":"Jibboom St","objectid":13874273,"permanent_identifier":"19750272-d3e9-441a-889e-c40f544f169f","real_world_relation":"REFERENCE_ONLY","shape_Length":315.1170213819509,"source_datadesc":"2016 October MAFTIGER","source_datasetid":"{155E1578-FAD5-4709-A194-6F828C31A01F}","source_featureid":"110873966211","source_id":"REF-SACRAMENTO-LOCAL-ROADS","source_originator":"U.S. Department of Commerce, U.S. Census Bureau, Geography Division","state_route":null,"state_route_a":null,"state_route_b":null,"state_route_c":null,"stco_fipscode":"06067","tnmfrc":4,"us_route":null,"us_route_a":null,"us_route_b":null,"us_route_c":null},"type":"Feature"},{"geometry":{"coordinates":[[-121.480949,38.587953],[-121.479629,38.587602]],"type":"LineString"},"id":"REF-SACRAMENTO-LOCAL-ROADS-328","properties":{"canon_status":"REAL_REFERENCE","county_route":null,"federal_lands_route":null,"fictionality":"REAL","globalid":"{D16BA14D-F80A-4CA9-B605-FCA0570A9BFC}","interstate":null,"interstate_a":null,"interstate_b":null,"interstate_c":null,"loaddate":1533980497000,"mtfcc_code":"S1400","name":"A St","objectid":13874532,"permanent_identifier":"f2061e39-b9a0-4d56-9a6d-a15cab23258b","real_world_relation":"REFERENCE_ONLY","shape_Length":155.2117351645153,"source_datadesc":"2016 October MAFTIGER","source_datasetid":"{155E1578-FAD5-4709-A194-6F828C31A01F}","source_featureid":"110873834194","source_id":"REF-SACRAMENTO-LOCAL-ROADS","source_originator":"U.S. Department of Commerce, U.S. Census Bureau, Geography Division","state_route":null,"state_route_a":null,"state_route_b":null,"state_route_c":null,"stco_fipscode":"06067","tnmfrc":4,"us_route":null,"us_route_a":null,"us_route_b":null,"us_route_c":null},"type":"Feature"},{"geometry":{"coordinates":[[-121.466563,38.603859],[-121.465947,38.604154]],"type":"LineString"},"id":"REF-SACRAMENTO-LOCAL-ROADS-329","properties":{"canon_status":"REAL_REFERENCE","county_route":null,"federal_lands_route":null,"fictionality":"REAL","globalid":"{10787F88-DF7F-4E00-9FC6-58751AE42B73}","interstate":null,"interstate_a":null,"interstate_b":null,"interstate_c":null,"loaddate":1533980525000,"mtfcc_code":"S1400","name":"el Monte Ave","objectid":13874593,"permanent_identifier":"798034c9-3378-46fd-a4e5-8aa89bffb637","real_world_relation":"REFERENCE_ONLY","shape_Length":80.42441040058486,"source_datadesc":"2016 October MAFTIGER","source_datasetid":"{155E1578-FAD5-4709-A194-6F828C31A01F}","source_featureid":"110873973955","source_id":"REF-SACRAMENTO-LOCAL-ROADS","source_originator":"U.S. Department of Commerce, U.S. Census Bureau, Geography Division","state_route":null,"state_route_a":null,"state_route_b":null,"state_route_c":null,"stco_fipscode":"06067","tnmfrc":4,"us_route":null,"us_route_a":null,"us_route_b":null,"us_route_c":null},"type":"Feature"},{"geometry":{"coordinates":[[-121.494837,38.596873],[-121.493636,38.599664],[-121.493173,38.600738]],"type":"LineString"},"id":"REF-SACRAMENTO-LOCAL-ROADS-330","properties":{"canon_status":"REAL_REFERENCE","county_route":null,"federal_lands_route":null,"fictionality":"REAL","globalid":"{F41E2CAC-7D2B-4BAE-9C1F-6E902B09FD4E}","interstate":null,"interstate_a":null,"interstate_b":null,"interstate_c":null,"loaddate":1533980516000,"mtfcc_code":"S1400","name":"N 5th St","objectid":14001383,"permanent_identifier":"c41946c2-6b72-4a54-900c-1d12f06e06f1","real_world_relation":"REFERENCE_ONLY","shape_Length":580.848197079747,"source_datadesc":"2016 October MAFTIGER","source_datasetid":"{155E1578-FAD5-4709-A194-6F828C31A01F}","source_featureid":"110873852164","source_id":"REF-SACRAMENTO-LOCAL-ROADS","source_originator":"U.S. Department of Commerce, U.S. Census Bureau, Geography Division","state_route":null,"state_route_a":null,"state_route_b":null,"state_route_c":null,"stco_fipscode":"06067","tnmfrc":4,"us_route":null,"us_route_a":null,"us_route_b":null,"us_route_c":null},"type":"Feature"},{"geometry":{"coordinates":[[-121.479966,38.583425],[-121.480204,38.582875]],"type":"LineString"},"id":"REF-SACRAMENTO-LOCAL-ROADS-331","properties":{"canon_status":"REAL_REFERENCE","county_route":null,"federal_lands_route":null,"fictionality":"REAL","globalid":"{2F3FB4AB-B435-4402-AC00-074F859D2EB2}","interstate":null,"interstate_a":null,"interstate_b":null,"interstate_c":null,"loaddate":1533980611000,"mtfcc_code":"S1400","name":"18th St","objectid":14002038,"permanent_identifier":"3ab4edb8-076c-4395-b8b4-79a501a6efe1","real_world_relation":"REFERENCE_ONLY","shape_Length":82.68308365157337,"source_datadesc":"2016 October MAFTIGER","source_datasetid":"{155E1578-FAD5-4709-A194-6F828C31A01F}","source_featureid":"110873858902","source_id":"REF-SACRAMENTO-LOCAL-ROADS","source_originator":"U.S. Department of Commerce, U.S. Census Bureau, Geography Division","state_route":null,"state_route_a":null,"state_route_b":null,"state_route_c":null,"stco_fipscode":"06067","tnmfrc":4,"us_route":null,"us_route_a":null,"us_route_b":null,"us_route_c":null},"type":"Feature"},{"geometry":{"coordinates":[[-121.490341,38.580694],[-121.490292,38.580681],[-121.489649,38.58051]],"type":"LineString"},"id":"REF-SACRAMENTO-LOCAL-ROADS-332","properties":{"canon_status":"REAL_REFERENCE","county_route":null,"federal_lands_route":null,"fictionality":"REAL","globalid":"{97B2D7D4-19A9-4A76-8E83-E900C204BCEF}","interstate":null,"interstate_a":null,"interstate_b":null,"interstate_c":null,"loaddate":1533980547000,"mtfcc_code":"S1400","name":"I St","objectid":14002211,"permanent_identifier":"6a37786f-8e34-4502-8cce-e49347336209","real_world_relation":"REFERENCE_ONLY","shape_Length":81.36730475288361,"source_datadesc":"2016 October MAFTIGER","source_datasetid":"{155E1578-FAD5-4709-A194-6F828C31A01F}","source_featureid":"110873834453","source_id":"REF-SACRAMENTO-LOCAL-ROADS","source_originator":"U.S. Department of Commerce, U.S. Census Bureau, Geography Division","state_route":null,"state_route_a":null,"state_route_b":null,"state_route_c":null,"stco_fipscode":"06067","tnmfrc":4,"us_route":null,"us_route_a":null,"us_route_b":null,"us_route_c":null},"type":"Feature"},{"geometry":{"coordinates":[[-121.489168,38.60054],[-121.489077,38.600519],[-121.488985,38.600505],[-121.488891,38.600498],[-121.488796,38.600497],[-121.488702,38.600503],[-121.488507,38.600522],[-121.488429,38.600559],[-121.488344,38.600591],[-121.488127,38.600664],[-121.487898,38.600712],[-121.487781,38.600725],[-121.487644,38.600732],[-121.487581,38.600739]],"type":"LineString"},"id":"REF-SACRAMENTO-LOCAL-ROADS-333","properties":{"canon_status":"REAL_REFERENCE","county_route":null,"federal_lands_route":null,"fictionality":"REAL","globalid":"{95EF1CD7-653C-420B-84B9-4787601E6447}","interstate":null,"interstate_a":null,"interstate_b":null,"interstate_c":null,"loaddate":1533980558000,"mtfcc_code":"S1400","name":"Riverine Way","objectid":14002452,"permanent_identifier":"e2290521-ebb7-4c51-ab20-e9c797207742","real_world_relation":"REFERENCE_ONLY","shape_Length":183.33298930564146,"source_datadesc":"2016 October MAFTIGER","source_datasetid":"{155E1578-FAD5-4709-A194-6F828C31A01F}","source_featureid":"1104981942492","source_id":"REF-SACRAMENTO-LOCAL-ROADS","source_originator":"U.S. Department of Commerce, U.S. Census Bureau, Geography Division","state_route":null,"state_route_a":null,"state_route_b":null,"state_route_c":null,"stco_fipscode":"06067","tnmfrc":4,"us_route":null,"us_route_a":null,"us_route_b":null,"us_route_c":null},"type":"Feature"},{"geometry":{"coordinates":[[-121.503319,38.584511],[-121.503353,38.584665],[-121.503399,38.584762],[-121.503453,38.584833],[-121.503534,38.584914],[-121.50362,38.584972],[-121.503735,38.58503],[-121.504465,38.585455]],"type":"LineString"},"id":"REF-SACRAMENTO-LOCAL-ROADS-334","properties":{"canon_status":"REAL_REFERENCE","county_route":null,"federal_lands_route":null,"fictionality":"REAL","globalid":"{13309E19-026A-4001-ADB2-BB70698FFDDE}","interstate":null,"interstate_a":null,"interstate_b":null,"interstate_c":null,"loaddate":1533980622000,"mtfcc_code":"S1400","name":null,"objectid":14129457,"permanent_identifier":"61b4f08e-955b-4dbc-80cb-74d9b5736be5","real_world_relation":"REFERENCE_ONLY","shape_Length":192.5968109549233,"source_datadesc":"2016 October MAFTIGER","source_datasetid":"{155E1578-FAD5-4709-A194-6F828C31A01F}","source_featureid":"110874218003","source_id":"REF-SACRAMENTO-LOCAL-ROADS","source_originator":"U.S. Department of Commerce, U.S. Census Bureau, Geography Division","state_route":null,"state_route_a":null,"state_route_b":null,"state_route_c":null,"stco_fipscode":"06067","tnmfrc":4,"us_route":null,"us_route_a":null,"us_route_b":null,"us_route_c":null},"type":"Feature"},{"geometry":{"coordinates":[[-121.503239,38.581664],[-121.500594,38.580962]],"type":"LineString"},"id":"REF-SACRAMENTO-LOCAL-ROADS-335","properties":{"canon_status":"REAL_REFERENCE","county_route":null,"federal_lands_route":null,"fictionality":"REAL","globalid":"{8930844C-4BBC-4D28-8387-33A8979D830B}","interstate":null,"interstate_a":null,"interstate_b":null,"interstate_c":null,"loaddate":1533980464000,"mtfcc_code":"S1400","name":"K St","objectid":14129485,"permanent_identifier":"a9f0ef70-da57-4de7-8661-5d5074873587","real_world_relation":"REFERENCE_ONLY","shape_Length":310.94741292448685,"source_datadesc":"2016 October MAFTIGER","source_datasetid":"{155E1578-FAD5-4709-A194-6F828C31A01F}","source_featureid":"110873834522","source_id":"REF-SACRAMENTO-LOCAL-ROADS","source_originator":"U.S. Department of Commerce, U.S. Census Bureau, Geography Division","state_route":null,"state_route_a":null,"state_route_b":null,"state_route_c":null,"stco_fipscode":"06067","tnmfrc":4,"us_route":null,"us_route_a":null,"us_route_b":null,"us_route_c":null},"type":"Feature"},{"geometry":{"coordinates":[[-121.497837,38.583916],[-121.498317,38.582823]],"type":"LineString"},"id":"REF-SACRAMENTO-LOCAL-ROADS-336","properties":{"canon_status":"REAL_REFERENCE","county_route":null,"federal_lands_route":null,"fictionality":"REAL","globalid":"{63BA1D3B-A61A-4810-8976-57A092BA9F08}","interstate":null,"interstate_a":null,"interstate_b":null,"interstate_c":null,"loaddate":1533980527000,"mtfcc_code":"S1400","name":"6th St","objectid":14129647,"permanent_identifier":"569ac814-8ea4-48b4-8ec0-a27be65833cc","real_world_relation":"REFERENCE_ONLY","shape_Length":164.566723203109,"source_datadesc":"2016 October MAFTIGER","source_datasetid":"{155E1578-FAD5-4709-A194-6F828C31A01F}","source_featureid":"110873852206","source_id":"REF-SACRAMENTO-LOCAL-ROADS","source_originator":"U.S. Department of Commerce, U.S. Census Bureau, Geography Division","state_route":null,"state_route_a":null,"state_route_b":null,"state_route_c":null,"stco_fipscode":"06067","tnmfrc":4,"us_route":null,"us_route_a":null,"us_route_b":null,"us_route_c":null},"type":"Feature"},{"geometry":{"coordinates":[[-121.48637,38.58574],[-121.485042,38.585386]],"type":"LineString"},"id":"REF-SACRAMENTO-LOCAL-ROADS-337","properties":{"canon_status":"REAL_REFERENCE","county_route":null,"federal_lands_route":null,"fictionality":"REAL","globalid":"{28B42804-6542-433A-89BB-012D0E53AE45}","interstate":null,"interstate_a":null,"interstate_b":null,"interstate_c":null,"loaddate":1533980434000,"mtfcc_code":"S1400","name":"D St","objectid":14129748,"permanent_identifier":"c42e695b-339a-4526-906a-9787d1293f21","real_world_relation":"REFERENCE_ONLY","shape_Length":156.19190089714272,"source_datadesc":"2016 October MAFTIGER","source_datasetid":"{155E1578-FAD5-4709-A194-6F828C31A01F}","source_featureid":"110873834322","source_id":"REF-SACRAMENTO-LOCAL-ROADS","source_originator":"U.S. Department of Commerce, U.S. Census Bureau, Geography Division","state_route":null,"state_route_a":null,"state_route_b":null,"state_route_c":null,"stco_fipscode":"06067","tnmfrc":4,"us_route":null,"us_route_a":null,"us_route_b":null,"us_route_c":null},"type":"Feature"},{"geometry":{"coordinates":[[-121.503355,38.584376],[-121.503213,38.584313]],"type":"LineString"},"id":"REF-SACRAMENTO-LOCAL-ROADS-338","properties":{"canon_status":"REAL_REFERENCE","county_route":null,"federal_lands_route":null,"fictionality":"REAL","globalid":"{9EF53534-8994-440E-B62F-F27FCE0BC4B0}","interstate":null,"interstate_a":null,"interstate_b":null,"interstate_c":null,"loaddate":1533980547000,"mtfcc_code":"S1400","name":"I St","objectid":14257725,"permanent_identifier":"42f7e3e6-85ff-44c0-8ee8-46bf651f11cf","real_world_relation":"REFERENCE_ONLY","shape_Length":18.17595377548484,"source_datadesc":"2016 October MAFTIGER","source_datasetid":"{155E1578-FAD5-4709-A194-6F828C31A01F}","source_featureid":"110873834453","source_id":"REF-SACRAMENTO-LOCAL-ROADS","source_originator":"U.S. Department of Commerce, U.S. Census Bureau, Geography Division","state_route":null,"state_route_a":null,"state_route_b":null,"state_route_c":null,"stco_fipscode":"06067","tnmfrc":4,"us_route":null,"us_route_a":null,"us_route_b":null,"us_route_c":null},"type":"Feature"},{"geometry":{"coordinates":[[-121.470668,38.60006],[-121.471436,38.601071],[-121.471457,38.601216],[-121.47143,38.601361],[-121.471357,38.601495],[-121.470176,38.603913],[-121.470034,38.604131],[-121.46984,38.604323],[-121.469603,38.604481]],"type":"LineString"},"id":"REF-SACRAMENTO-LOCAL-ROADS-339","properties":{"canon_status":"REAL_REFERENCE","county_route":null,"federal_lands_route":null,"fictionality":"REAL","globalid":"{18E1D579-3212-4F9B-8D03-2EA7279EEC56}","interstate":null,"interstate_a":null,"interstate_b":null,"interstate_c":null,"loaddate":1533980529000,"mtfcc_code":"S1400","name":"Railroad Dr","objectid":14384715,"permanent_identifier":"978a6930-a311-4827-9b55-ef39f25abb1a","real_world_relation":"REFERENCE_ONLY","shape_Length":702.9181754228464,"source_datadesc":"2016 October MAFTIGER","source_datasetid":"{155E1578-FAD5-4709-A194-6F828C31A01F}","source_featureid":"110874104969","source_id":"REF-SACRAMENTO-LOCAL-ROADS","source_originator":"U.S. Department of Commerce, U.S. Census Bureau, Geography Division","state_route":null,"state_route_a":null,"state_route_b":null,"state_route_c":null,"stco_fipscode":"06067","tnmfrc":4,"us_route":null,"us_route_a":null,"us_route_b":null,"us_route_c":null},"type":"Feature"},{"geometry":{"coordinates":[[-121.508728,38.588386],[-121.508859,38.587201]],"type":"LineString"},"id":"REF-SACRAMENTO-LOCAL-ROADS-340","properties":{"canon_status":"REAL_REFERENCE","county_route":null,"federal_lands_route":null,"fictionality":"REAL","globalid":"{DE6DCCDB-6D29-40F2-B4B7-D07F34C1CBEC}","interstate":null,"interstate_a":null,"interstate_b":null,"interstate_c":null,"loaddate":1533980958000,"mtfcc_code":"S1400","name":"2nd St","objectid":14385177,"permanent_identifier":"457ee8c0-225f-4f13-9288-cd30c707688b","real_world_relation":"REFERENCE_ONLY","shape_Length":169.3913795345193,"source_datadesc":"2016 October MAFTIGER","source_datasetid":"{155E1578-FAD5-4709-A194-6F828C31A01F}","source_featureid":"110758800251","source_id":"REF-SACRAMENTO-LOCAL-ROADS","source_originator":"U.S. Department of Commerce, U.S. Census Bureau, Geography Division","state_route":null,"state_route_a":null,"state_route_b":null,"state_route_c":null,"stco_fipscode":"06113","tnmfrc":4,"us_route":null,"us_route_a":null,"us_route_b":null,"us_route_c":null},"type":"Feature"},{"geometry":{"coordinates":[[-121.503006,38.582867],[-121.50275,38.582792]],"type":"LineString"},"id":"REF-SACRAMENTO-LOCAL-ROADS-341","properties":{"canon_status":"REAL_REFERENCE","county_route":null,"federal_lands_route":null,"fictionality":"REAL","globalid":"{D2BCF2D7-50A9-4016-A139-6816598853B3}","interstate":null,"interstate_a":null,"interstate_b":null,"interstate_c":null,"loaddate":1533980634000,"mtfcc_code":"S1400","name":null,"objectid":14512531,"permanent_identifier":"81011395-ff9f-4668-adc0-c006902f1d60","real_world_relation":"REFERENCE_ONLY","shape_Length":30.433461011507536,"source_datadesc":"2016 October MAFTIGER","source_datasetid":"{155E1578-FAD5-4709-A194-6F828C31A01F}","source_featureid":"110874217759","source_id":"REF-SACRAMENTO-LOCAL-ROADS","source_originator":"U.S. Department of Commerce, U.S. Census Bureau, Geography Division","state_route":null,"state_route_a":null,"state_route_b":null,"state_route_c":null,"stco_fipscode":"06067","tnmfrc":4,"us_route":null,"us_route_a":null,"us_route_b":null,"us_route_c":null},"type":"Feature"},{"geometry":{"coordinates":[[-121.498317,38.582823],[-121.496996,38.58247]],"type":"LineString"},"id":"REF-SACRAMENTO-LOCAL-ROADS-342","properties":{"canon_status":"REAL_REFERENCE","county_route":null,"federal_lands_route":null,"fictionality":"REAL","globalid":"{EE7F1412-46CA-49AC-A435-3D83F6811F15}","interstate":null,"interstate_a":null,"interstate_b":null,"interstate_c":null,"loaddate":1533980547000,"mtfcc_code":"S1400","name":"I St","objectid":14512960,"permanent_identifier":"0693cf0b-83e2-4897-b9fc-b6efa2d79897","real_world_relation":"REFERENCE_ONLY","shape_Length":155.40780733621344,"source_datadesc":"2016 October MAFTIGER","source_datasetid":"{155E1578-FAD5-4709-A194-6F828C31A01F}","source_featureid":"110873834453","source_id":"REF-SACRAMENTO-LOCAL-ROADS","source_originator":"U.S. Department of Commerce, U.S. Census Bureau, Geography Division","state_route":null,"state_route_a":null,"state_route_b":null,"state_route_c":null,"stco_fipscode":"06067","tnmfrc":4,"us_route":null,"us_route_a":null,"us_route_b":null,"us_route_c":null},"type":"Feature"},{"geometry":{"coordinates":[[-121.484067,38.609124],[-121.483996,38.61058],[-121.483965,38.61124],[-121.483976,38.611452],[-121.483999,38.611607]],"type":"LineString"},"id":"REF-SACRAMENTO-LOCAL-ROADS-343","properties":{"canon_status":"REAL_REFERENCE","county_route":null,"federal_lands_route":null,"fictionality":"REAL","globalid":"{BD280B9B-DE8C-4C97-9256-780C6BBDAD5B}","interstate":null,"interstate_a":null,"interstate_b":null,"interstate_c":null,"loaddate":1533980558000,"mtfcc_code":"S1400","name":"Morell St","objectid":14640151,"permanent_identifier":"5314bb91-a10b-45f1-a47a-ff2403776756","real_world_relation":"REFERENCE_ONLY","shape_Length":354.1152943050597,"source_datadesc":"2016 October MAFTIGER","source_datasetid":"{155E1578-FAD5-4709-A194-6F828C31A01F}","source_featureid":"110873951920","source_id":"REF-SACRAMENTO-LOCAL-ROADS","source_originator":"U.S. Department of Commerce, U.S. Census Bureau, Geography Division","state_route":null,"state_route_a":null,"state_route_b":null,"state_route_c":null,"stco_fipscode":"06067","tnmfrc":4,"us_route":null,"us_route_a":null,"us_route_b":null,"us_route_c":null},"type":"Feature"},{"geometry":{"coordinates":[[-121.473151,38.598288],[-121.472918,38.597898],[-121.472831,38.597695],[-121.472815,38.597629],[-121.472812,38.597575],[-121.472844,38.597529]],"type":"LineString"},"id":"REF-SACRAMENTO-LOCAL-ROADS-344","properties":{"canon_status":"REAL_REFERENCE","county_route":null,"federal_lands_route":null,"fictionality":"REAL","globalid":"{A1A05B8C-5678-49B6-8700-C98563E26AB7}","interstate":null,"interstate_a":null,"interstate_b":null,"interstate_c":null,"loaddate":1533980503000,"mtfcc_code":"S1400","name":"Northgate Blvd","objectid":14640193,"permanent_identifier":"a267f47f-3bde-474c-87ad-9e540ac49fa9","real_world_relation":"REFERENCE_ONLY","shape_Length":116.54686971322236,"source_datadesc":"2016 October MAFTIGER","source_datasetid":"{155E1578-FAD5-4709-A194-6F828C31A01F}","source_featureid":"110874149115","source_id":"REF-SACRAMENTO-LOCAL-ROADS","source_originator":"U.S. Department of Commerce, U.S. Census Bureau, Geography Division","state_route":null,"state_route_a":null,"state_route_b":null,"state_route_c":null,"stco_fipscode":"06067","tnmfrc":4,"us_route":null,"us_route_a":null,"us_route_b":null,"us_route_c":null},"type":"Feature"},{"geometry":{"coordinates":[[-121.46461,38.600561],[-121.46479,38.600562]],"type":"LineString"},"id":"REF-SACRAMENTO-LOCAL-ROADS-345","properties":{"canon_status":"REAL_REFERENCE","county_route":null,"federal_lands_route":null,"fictionality":"REAL","globalid":"{D6C915BC-0EF8-4D05-9FEF-FE9845B824A4}","interstate":null,"interstate_a":null,"interstate_b":null,"interstate_c":null,"loaddate":1748519528000,"mtfcc_code":"S1400","name":"N Sac Mhp","objectid":14640199,"permanent_identifier":"b3ab9281-0de8-4bef-9c0d-ef753055a8c8","real_world_relation":"REFERENCE_ONLY","shape_Length":20.03800670124668,"source_datadesc":"2016 October MAFTIGER","source_datasetid":"{7AD8F908-E576-4667-ABBE-3F904F423D64}","source_featureid":"110873968824","source_id":"REF-SACRAMENTO-LOCAL-ROADS","source_originator":"U.S. Department of Commerce, U.S. Census Bureau, Geography Division","state_route":null,"state_route_a":null,"state_route_b":null,"state_route_c":null,"stco_fipscode":"06067","tnmfrc":4,"us_route":null,"us_route_a":null,"us_route_b":null,"us_route_c":null},"type":"Feature"},{"geometry":{"coordinates":[[-121.505252,38.607125],[-121.505574,38.607074],[-121.505892,38.607012],[-121.506267,38.606924],[-121.50641,38.606877]],"type":"LineString"},"id":"REF-SACRAMENTO-LOCAL-ROADS-346","properties":{"canon_status":"REAL_REFERENCE","county_route":null,"federal_lands_route":null,"fictionality":"REAL","globalid":"{4F337D7E-CF33-4BF4-AABD-F619EA2FECF9}","interstate":null,"interstate_a":null,"interstate_b":null,"interstate_c":null,"loaddate":1533980459000,"mtfcc_code":"S1400","name":"Garden Hwy","objectid":14640884,"permanent_identifier":"6db186b9-b2a9-4b77-929c-4791224401e0","real_world_relation":"REFERENCE_ONLY","shape_Length":133.91434943500678,"source_datadesc":"2016 October MAFTIGER","source_datasetid":"{155E1578-FAD5-4709-A194-6F828C31A01F}","source_featureid":"110873949978","source_id":"REF-SACRAMENTO-LOCAL-ROADS","source_originator":"U.S. Department of Commerce, U.S. Census Bureau, Geography Division","state_route":null,"state_route_a":null,"state_route_b":null,"state_route_c":null,"stco_fipscode":"06067","tnmfrc":4,"us_route":null,"us_route_a":null,"us_route_b":null,"us_route_c":null},"type":"Feature"},{"geometry":{"coordinates":[[-121.488514,38.580816],[-121.48875,38.580271]],"type":"LineString"},"id":"REF-SACRAMENTO-LOCAL-ROADS-347","properties":{"canon_status":"REAL_REFERENCE","county_route":null,"federal_lands_route":null,"fictionality":"REAL","globalid":"{8B5B39ED-DCC9-4DCF-B094-150FAB405799}","interstate":null,"interstate_a":null,"interstate_b":null,"interstate_c":null,"loaddate":1533980655000,"mtfcc_code":"S1400","name":"13th St","objectid":14641150,"permanent_identifier":"24967709-ac05-47fe-8a1f-0c31c2da3309","real_world_relation":"REFERENCE_ONLY","shape_Length":81.9345209954359,"source_datadesc":"2016 October MAFTIGER","source_datasetid":"{155E1578-FAD5-4709-A194-6F828C31A01F}","source_featureid":"110873853976","source_id":"REF-SACRAMENTO-LOCAL-ROADS","source_originator":"U.S. Department of Commerce, U.S. Census Bureau, Geography Division","state_route":null,"state_route_a":null,"state_route_b":null,"state_route_c":null,"stco_fipscode":"06067","tnmfrc":4,"us_route":null,"us_route_a":null,"us_route_b":null,"us_route_c":null},"type":"Feature"},{"geometry":{"coordinates":[[-121.46415,38.606445],[-121.46296,38.606443]],"type":"LineString"},"id":"REF-SACRAMENTO-LOCAL-ROADS-348","properties":{"canon_status":"REAL_REFERENCE","county_route":null,"federal_lands_route":null,"fictionality":"REAL","globalid":"{CA6A25AC-B1DF-44FE-BAAE-A26BCB40F3F5}","interstate":null,"interstate_a":null,"interstate_b":null,"interstate_c":null,"loaddate":1533980443000,"mtfcc_code":"S1400","name":"Arden Way","objectid":14768407,"permanent_identifier":"e104a234-3340-4429-ada2-693f577dcc44","real_world_relation":"REFERENCE_ONLY","shape_Length":132.47050636326142,"source_datadesc":"2016 October MAFTIGER","source_datasetid":"{155E1578-FAD5-4709-A194-6F828C31A01F}","source_featureid":"110873936843","source_id":"REF-SACRAMENTO-LOCAL-ROADS","source_originator":"U.S. Department of Commerce, U.S. Census Bureau, Geography Division","state_route":null,"state_route_a":null,"state_route_b":null,"state_route_c":null,"stco_fipscode":"06067","tnmfrc":4,"us_route":null,"us_route_a":null,"us_route_b":null,"us_route_c":null},"type":"Feature"},{"geometry":{"coordinates":[[-121.481652,38.591687],[-121.480209,38.591299],[-121.479548,38.591121]],"type":"LineString"},"id":"REF-SACRAMENTO-LOCAL-ROADS-349","properties":{"canon_status":"REAL_REFERENCE","county_route":null,"federal_lands_route":null,"fictionality":"REAL","globalid":"{FA55511D-97D7-45A1-ACFC-EC149FC3DFF8}","interstate":null,"interstate_a":null,"interstate_b":null,"interstate_c":null,"loaddate":1533980634000,"mtfcc_code":"S1400","name":"McCormack Ave","objectid":14768709,"permanent_identifier":"6b65e2ba-f1dc-4f2c-b861-0444993c79f3","real_world_relation":"REFERENCE_ONLY","shape_Length":247.70021540718352,"source_datadesc":"2016 October MAFTIGER","source_datasetid":"{155E1578-FAD5-4709-A194-6F828C31A01F}","source_featureid":"110874146381","source_id":"REF-SACRAMENTO-LOCAL-ROADS","source_originator":"U.S. Department of Commerce, U.S. Census Bureau, Geography Division","state_route":null,"state_route_a":null,"state_route_b":null,"state_route_c":null,"stco_fipscode":"06067","tnmfrc":4,"us_route":null,"us_route_a":null,"us_route_b":null,"us_route_c":null},"type":"Feature"},{"geometry":{"coordinates":[[-121.504796,38.583338],[-121.504131,38.58316]],"type":"LineString"},"id":"REF-SACRAMENTO-LOCAL-ROADS-350","properties":{"canon_status":"REAL_REFERENCE","county_route":null,"federal_lands_route":null,"fictionality":"REAL","globalid":"{7B9D712C-43A5-44DB-AB57-1CE7A94E2167}","interstate":null,"interstate_a":null,"interstate_b":null,"interstate_c":null,"loaddate":1533980656000,"mtfcc_code":"S1400","name":"J St","objectid":14895659,"permanent_identifier":"b1d2d985-0a7d-4b93-aacd-30413e8eb6ad","real_world_relation":"REFERENCE_ONLY","shape_Length":78.24708984521696,"source_datadesc":"2016 October MAFTIGER","source_datasetid":"{155E1578-FAD5-4709-A194-6F828C31A01F}","source_featureid":"110873834493","source_id":"REF-SACRAMENTO-LOCAL-ROADS","source_originator":"U.S. Department of Commerce, U.S. Census Bureau, Geography Division","state_route":null,"state_route_a":null,"state_route_b":null,"state_route_c":null,"stco_fipscode":"06067","tnmfrc":4,"us_route":null,"us_route_a":null,"us_route_b":null,"us_route_c":null},"type":"Feature"},{"geometry":{"coordinates":[[-121.491349,38.609809],[-121.491343,38.609139],[-121.491372,38.609139],[-121.492028,38.609131],[-121.492182,38.609129],[-121.492358,38.609138],[-121.492533,38.609163],[-121.492726,38.609199],[-121.492932,38.609223],[-121.493189,38.609236],[-121.493334,38.609256],[-121.493474,38.609287],[-121.493608,38.609329],[-121.493737,38.609383],[-121.493859,38.609446],[-121.493971,38.609519],[-121.494047,38.609578]],"type":"LineString"},"id":"REF-SACRAMENTO-LOCAL-ROADS-351","properties":{"canon_status":"REAL_REFERENCE","county_route":null,"federal_lands_route":null,"fictionality":"REAL","globalid":"{5964F386-04FA-457A-9E50-27AE76E339AE}","interstate":null,"interstate_a":null,"interstate_b":null,"interstate_c":null,"loaddate":1533980447000,"mtfcc_code":"S1400","name":"Sandcastle Way","objectid":14895686,"permanent_identifier":"0127f3f9-0fd2-4829-b22a-c11daf661c5b","real_world_relation":"REFERENCE_ONLY","shape_Length":411.63035051037576,"source_datadesc":"2016 October MAFTIGER","source_datasetid":"{155E1578-FAD5-4709-A194-6F828C31A01F}","source_featureid":"110874160953","source_id":"REF-SACRAMENTO-LOCAL-ROADS","source_originator":"U.S. Department of Commerce, U.S. Census Bureau, Geography Division","state_route":null,"state_route_a":null,"state_route_b":null,"state_route_c":null,"stco_fipscode":"06067","tnmfrc":4,"us_route":null,"us_route_a":null,"us_route_b":null,"us_route_c":null},"type":"Feature"},{"geometry":{"coordinates":[[-121.512218,38.592403],[-121.512354,38.593032],[-121.512511,38.593757]],"type":"LineString"},"id":"REF-SACRAMENTO-LOCAL-ROADS-352","properties":{"canon_status":"REAL_REFERENCE","county_route":null,"federal_lands_route":null,"fictionality":"REAL","globalid":"{BAA6DE2C-8A9F-4B1A-A8E2-5E06D282D112}","interstate":null,"interstate_a":null,"interstate_b":null,"interstate_c":null,"loaddate":1533980958000,"mtfcc_code":"S1400","name":"Lighthouse Dr","objectid":15023203,"permanent_identifier":"f7647038-dea2-41a7-b6b9-7c0791f6ea78","real_world_relation":"REFERENCE_ONLY","shape_Length":195.5835410265081,"source_datadesc":"2016 October MAFTIGER","source_datasetid":"{155E1578-FAD5-4709-A194-6F828C31A01F}","source_featureid":"110758810443","source_id":"REF-SACRAMENTO-LOCAL-ROADS","source_originator":"U.S. Department of Commerce, U.S. Census Bureau, Geography Division","state_route":null,"state_route_a":null,"state_route_b":null,"state_route_c":null,"stco_fipscode":"06113","tnmfrc":4,"us_route":null,"us_route_a":null,"us_route_b":null,"us_route_c":null},"type":"Feature"},{"geometry":{"coordinates":[[-121.480204,38.582875],[-121.480439,38.582331]],"type":"LineString"},"id":"REF-SACRAMENTO-LOCAL-ROADS-353","properties":{"canon_status":"REAL_REFERENCE","county_route":null,"federal_lands_route":null,"fictionality":"REAL","globalid":"{CCF0C869-805D-44C8-8DEE-0CB58E642924}","interstate":null,"interstate_a":null,"interstate_b":null,"interstate_c":null,"loaddate":1533980611000,"mtfcc_code":"S1400","name":"18th St","objectid":15023506,"permanent_identifier":"4de865c8-a49a-4551-a4eb-968d25e86d46","real_world_relation":"REFERENCE_ONLY","shape_Length":81.76612133887855,"source_datadesc":"2016 October MAFTIGER","source_datasetid":"{155E1578-FAD5-4709-A194-6F828C31A01F}","source_featureid":"110873858902","source_id":"REF-SACRAMENTO-LOCAL-ROADS","source_originator":"U.S. Department of Commerce, U.S. Census Bureau, Geography Division","state_route":null,"state_route_a":null,"state_route_b":null,"state_route_c":null,"stco_fipscode":"06067","tnmfrc":4,"us_route":null,"us_route_a":null,"us_route_b":null,"us_route_c":null},"type":"Feature"},{"geometry":{"coordinates":[[-121.512394,38.590978],[-121.512476,38.590377],[-121.512511,38.590126]],"type":"LineString"},"id":"REF-SACRAMENTO-LOCAL-ROADS-354","properties":{"canon_status":"REAL_REFERENCE","county_route":null,"federal_lands_route":null,"fictionality":"REAL","globalid":"{3FFC03A8-F996-45DC-B692-55A43DF2BD76}","interstate":null,"interstate_a":null,"interstate_b":null,"interstate_c":null,"loaddate":1533980972000,"mtfcc_code":"S1400","name":"5th St","objectid":15280011,"permanent_identifier":"a58787d2-0518-4243-8ff2-6b4fbd4ee846","real_world_relation":"REFERENCE_ONLY","shape_Length":122.03965850582284,"source_datadesc":"2016 October MAFTIGER","source_datasetid":"{155E1578-FAD5-4709-A194-6F828C31A01F}","source_featureid":"110758800297","source_id":"REF-SACRAMENTO-LOCAL-ROADS","source_originator":"U.S. Department of Commerce, U.S. Census Bureau, Geography Division","state_route":null,"state_route_a":null,"state_route_b":null,"state_route_c":null,"stco_fipscode":"06113","tnmfrc":4,"us_route":null,"us_route_a":null,"us_route_b":null,"us_route_c":null},"type":"Feature"},{"geometry":{"coordinates":[[-121.476158,38.585344],[-121.47635,38.584903]],"type":"LineString"},"id":"REF-SACRAMENTO-LOCAL-ROADS-355","properties":{"canon_status":"REAL_REFERENCE","county_route":null,"federal_lands_route":null,"fictionality":"REAL","globalid":"{D85D83BC-CFC0-49EE-BC4C-82933B20D983}","interstate":null,"interstate_a":null,"interstate_b":null,"interstate_c":null,"loaddate":1533980576000,"mtfcc_code":"S1400","name":"20th St","objectid":15407028,"permanent_identifier":"11f4198b-f1d0-4f11-81a6-a49a38ee6f4a","real_world_relation":"REFERENCE_ONLY","shape_Length":66.34010583044092,"source_datadesc":"2016 October MAFTIGER","source_datasetid":"{155E1578-FAD5-4709-A194-6F828C31A01F}","source_featureid":"110873860653","source_id":"REF-SACRAMENTO-LOCAL-ROADS","source_originator":"U.S. Department of Commerce, U.S. Census Bureau, Geography Division","state_route":null,"state_route_a":null,"state_route_b":null,"state_route_c":null,"stco_fipscode":"06067","tnmfrc":4,"us_route":null,"us_route_a":null,"us_route_b":null,"us_route_c":null},"type":"Feature"},{"geometry":{"coordinates":[[-121.503465,38.583041],[-121.50338,38.582987],[-121.503335,38.582963],[-121.503265,38.582943]],"type":"LineString"},"id":"REF-SACRAMENTO-LOCAL-ROADS-356","properties":{"canon_status":"REAL_REFERENCE","county_route":null,"federal_lands_route":null,"fictionality":"REAL","globalid":"{5894C187-CB3F-436D-8524-AAD956BA4FEC}","interstate":null,"interstate_a":null,"interstate_b":null,"interstate_c":null,"loaddate":1533980532000,"mtfcc_code":"S1400","name":null,"objectid":15407668,"permanent_identifier":"9f1d686b-2db1-408c-b99f-c0e03922fceb","real_world_relation":"REFERENCE_ONLY","shape_Length":26.553658275347605,"source_datadesc":"2016 October MAFTIGER","source_datasetid":"{155E1578-FAD5-4709-A194-6F828C31A01F}","source_featureid":"110874218011","source_id":"REF-SACRAMENTO-LOCAL-ROADS","source_originator":"U.S. Department of Commerce, U.S. Census Bureau, Geography Division","state_route":null,"state_route_a":null,"state_route_b":null,"state_route_c":null,"stco_fipscode":"06067","tnmfrc":4,"us_route":null,"us_route_a":null,"us_route_b":null,"us_route_c":null},"type":"Feature"},{"geometry":{"coordinates":[[-121.480987,38.59284],[-121.480986,38.592722],[-121.480948,38.592642],[-121.480882,38.592574],[-121.480792,38.592526],[-121.479142,38.592075]],"type":"LineString"},"id":"REF-SACRAMENTO-LOCAL-ROADS-357","properties":{"canon_status":"REAL_REFERENCE","county_route":null,"federal_lands_route":null,"fictionality":"REAL","globalid":"{76104336-9538-418A-BF6C-F79B169E3357}","interstate":null,"interstate_a":null,"interstate_b":null,"interstate_c":null,"loaddate":1533980608000,"mtfcc_code":"S1400","name":"Sproule Ave","objectid":15534830,"permanent_identifier":"46ef1a96-6545-4cf3-b36d-bc0068f11e91","real_world_relation":"REFERENCE_ONLY","shape_Length":247.83053817574628,"source_datadesc":"2016 October MAFTIGER","source_datasetid":"{155E1578-FAD5-4709-A194-6F828C31A01F}","source_featureid":"110873969270","source_id":"REF-SACRAMENTO-LOCAL-ROADS","source_originator":"U.S. Department of Commerce, U.S. Census Bureau, Geography Division","state_route":null,"state_route_a":null,"state_route_b":null,"state_route_c":null,"stco_fipscode":"06067","tnmfrc":4,"us_route":null,"us_route_a":null,"us_route_b":null,"us_route_c":null},"type":"Feature"},{"geometry":{"coordinates":[[-121.502867,38.579103],[-121.50155,38.578754]],"type":"LineString"},"id":"REF-SACRAMENTO-LOCAL-ROADS-358","properties":{"canon_status":"REAL_REFERENCE","county_route":null,"federal_lands_route":null,"fictionality":"REAL","globalid":"{AC87E54A-4D84-4043-9713-F32E56FE2B05}","interstate":null,"interstate_a":null,"interstate_b":null,"interstate_c":null,"loaddate":1533980490000,"mtfcc_code":"S1400","name":"Capitol Mall","objectid":15662286,"permanent_identifier":"f16c15e4-66df-4425-a7a0-683eb78f2c0a","real_world_relation":"REFERENCE_ONLY","shape_Length":154.80190208715916,"source_datadesc":"2016 October MAFTIGER","source_datasetid":"{155E1578-FAD5-4709-A194-6F828C31A01F}","source_featureid":"110874184384","source_id":"REF-SACRAMENTO-LOCAL-ROADS","source_originator":"U.S. Department of Commerce, U.S. Census Bureau, Geography Division","state_route":null,"state_route_a":null,"state_route_b":null,"state_route_c":null,"stco_fipscode":"06067","tnmfrc":4,"us_route":null,"us_route_a":null,"us_route_b":null,"us_route_c":null},"type":"Feature"},{"geometry":{"coordinates":[[-121.490945,38.582694],[-121.491184,38.582142]],"type":"LineString"},"id":"REF-SACRAMENTO-LOCAL-ROADS-359","properties":{"canon_status":"REAL_REFERENCE","county_route":null,"federal_lands_route":null,"fictionality":"REAL","globalid":"{8A185808-B2E4-453D-B912-F52BAFA62962}","interstate":null,"interstate_a":null,"interstate_b":null,"interstate_c":null,"loaddate":1533980529000,"mtfcc_code":"S1400","name":"11th St","objectid":15790279,"permanent_identifier":"1de48d59-4a91-435d-ab9b-9779828ca748","real_world_relation":"REFERENCE_ONLY","shape_Length":82.98774200363366,"source_datadesc":"2016 October MAFTIGER","source_datasetid":"{155E1578-FAD5-4709-A194-6F828C31A01F}","source_featureid":"110873853109","source_id":"REF-SACRAMENTO-LOCAL-ROADS","source_originator":"U.S. Department of Commerce, U.S. Census Bureau, Geography Division","state_route":null,"state_route_a":null,"state_route_b":null,"state_route_c":null,"stco_fipscode":"06067","tnmfrc":4,"us_route":null,"us_route_a":null,"us_route_b":null,"us_route_c":null},"type":"Feature"},{"geometry":{"coordinates":[[-121.511276,38.589107],[-121.509937,38.588944]],"type":"LineString"},"id":"REF-SACRAMENTO-LOCAL-ROADS-360","properties":{"canon_status":"REAL_REFERENCE","county_route":null,"federal_lands_route":null,"fictionality":"REAL","globalid":"{C404B977-0500-4026-9DF3-633473703A48}","interstate":null,"interstate_a":null,"interstate_b":null,"interstate_c":null,"loaddate":1533980953000,"mtfcc_code":"S1400","name":"Metro Ln","objectid":15790753,"permanent_identifier":"a38fd14e-e43e-4d61-87e3-86387b0907ee","real_world_relation":"REFERENCE_ONLY","shape_Length":150.8536511482418,"source_datadesc":"2016 October MAFTIGER","source_datasetid":"{155E1578-FAD5-4709-A194-6F828C31A01F}","source_featureid":"1103718080152","source_id":"REF-SACRAMENTO-LOCAL-ROADS","source_originator":"U.S. Department of Commerce, U.S. Census Bureau, Geography Division","state_route":null,"state_route_a":null,"state_route_b":null,"state_route_c":null,"stco_fipscode":"06113","tnmfrc":4,"us_route":null,"us_route_a":null,"us_route_b":null,"us_route_c":null},"type":"Feature"},{"geometry":{"coordinates":[[-121.464753,38.604726],[-121.464157,38.605011]],"type":"LineString"},"id":"REF-SACRAMENTO-LOCAL-ROADS-361","properties":{"canon_status":"REAL_REFERENCE","county_route":null,"federal_lands_route":null,"fictionality":"REAL","globalid":"{41D9F3B2-2B2D-4425-AF3B-395CD73B70E8}","interstate":null,"interstate_a":null,"interstate_b":null,"interstate_c":null,"loaddate":1533980525000,"mtfcc_code":"S1400","name":"el Monte Ave","objectid":15790783,"permanent_identifier":"739b96f0-9378-4615-aaef-38055fb929eb","real_world_relation":"REFERENCE_ONLY","shape_Length":77.78207066233134,"source_datadesc":"2016 October MAFTIGER","source_datasetid":"{155E1578-FAD5-4709-A194-6F828C31A01F}","source_featureid":"110873973955","source_id":"REF-SACRAMENTO-LOCAL-ROADS","source_originator":"U.S. Department of Commerce, U.S. Census Bureau, Geography Division","state_route":null,"state_route_a":null,"state_route_b":null,"state_route_c":null,"stco_fipscode":"06067","tnmfrc":4,"us_route":null,"us_route_a":null,"us_route_b":null,"us_route_c":null},"type":"Feature"},{"geometry":{"coordinates":[[-121.497893,38.60807],[-121.497876,38.610926]],"type":"LineString"},"id":"REF-SACRAMENTO-LOCAL-ROADS-362","properties":{"canon_status":"REAL_REFERENCE","county_route":null,"federal_lands_route":null,"fictionality":"REAL","globalid":"{7446B7B3-252D-4365-869F-CD10F9C88748}","interstate":null,"interstate_a":null,"interstate_b":null,"interstate_c":null,"loaddate":1533980623000,"mtfcc_code":"S1400","name":"Truxel Rd","objectid":15790801,"permanent_identifier":"3dbaf156-b3f0-4839-b549-a114eeed9576","real_world_relation":"REFERENCE_ONLY","shape_Length":406.86590095755076,"source_datadesc":"2016 October MAFTIGER","source_datasetid":"{155E1578-FAD5-4709-A194-6F828C31A01F}","source_featureid":"110873962140","source_id":"REF-SACRAMENTO-LOCAL-ROADS","source_originator":"U.S. Department of Commerce, U.S. Census Bureau, Geography Division","state_route":null,"state_route_a":null,"state_route_b":null,"state_route_c":null,"stco_fipscode":"06067","tnmfrc":4,"us_route":null,"us_route_a":null,"us_route_b":null,"us_route_c":null},"type":"Feature"},{"geometry":{"coordinates":[[-121.505709,38.59668],[-121.504517,38.596886]],"type":"LineString"},"id":"REF-SACRAMENTO-LOCAL-ROADS-363","properties":{"canon_status":"REAL_REFERENCE","county_route":null,"federal_lands_route":null,"fictionality":"REAL","globalid":"{D2FDEA17-ACC3-4189-B65F-14693E35E242}","interstate":null,"interstate_a":null,"interstate_b":null,"interstate_c":null,"loaddate":1533980419000,"mtfcc_code":"S1400","name":"Richards Blvd","objectid":16045576,"permanent_identifier":"95357450-272f-4e43-ae3e-214084d6d1a3","real_world_relation":"REFERENCE_ONLY","shape_Length":135.89818834639567,"source_datadesc":"2016 October MAFTIGER","source_datasetid":"{155E1578-FAD5-4709-A194-6F828C31A01F}","source_featureid":"110874105498","source_id":"REF-SACRAMENTO-LOCAL-ROADS","source_originator":"U.S. Department of Commerce, U.S. Census Bureau, Geography Division","state_route":null,"state_route_a":null,"state_route_b":null,"state_route_c":null,"stco_fipscode":"06067","tnmfrc":4,"us_route":null,"us_route_a":null,"us_route_b":null,"us_route_c":null},"type":"Feature"},{"geometry":{"coordinates":[[-121.466905,38.601527],[-121.466844,38.601641],[-121.466724,38.601773]],"type":"LineString"},"id":"REF-SACRAMENTO-LOCAL-ROADS-364","properties":{"canon_status":"REAL_REFERENCE","county_route":null,"federal_lands_route":null,"fictionality":"REAL","globalid":"{6C107A20-BA74-497E-A812-C0A200827517}","interstate":null,"interstate_a":null,"interstate_b":null,"interstate_c":null,"loaddate":1748519528000,"mtfcc_code":"S1400","name":"N Sac Mhp","objectid":16045888,"permanent_identifier":"f33e7a68-c71d-4346-8742-042ad5d0aec7","real_world_relation":"REFERENCE_ONLY","shape_Length":40.665840069654266,"source_datadesc":"2016 October MAFTIGER","source_datasetid":"{7AD8F908-E576-4667-ABBE-3F904F423D64}","source_featureid":"110873968828","source_id":"REF-SACRAMENTO-LOCAL-ROADS","source_originator":"U.S. Department of Commerce, U.S. Census Bureau, Geography Division","state_route":null,"state_route_a":null,"state_route_b":null,"state_route_c":null,"stco_fipscode":"06067","tnmfrc":4,"us_route":null,"us_route_a":null,"us_route_b":null,"us_route_c":null},"type":"Feature"},{"geometry":{"coordinates":[[-121.481151,38.580685],[-121.479824,38.580332]],"type":"LineString"},"id":"REF-SACRAMENTO-LOCAL-ROADS-365","properties":{"canon_status":"REAL_REFERENCE","county_route":null,"federal_lands_route":null,"fictionality":"REAL","globalid":"{739C5431-443F-4C43-B91D-1BFE53A8C73D}","interstate":null,"interstate_a":null,"interstate_b":null,"interstate_c":null,"loaddate":1533980630000,"mtfcc_code":"S1400","name":"G St","objectid":16300977,"permanent_identifier":"ccb3db63-3b27-4bc5-a97b-20d91f22550c","real_world_relation":"REFERENCE_ONLY","shape_Length":156.03946743473833,"source_datadesc":"2016 October MAFTIGER","source_datasetid":"{155E1578-FAD5-4709-A194-6F828C31A01F}","source_featureid":"110873834423","source_id":"REF-SACRAMENTO-LOCAL-ROADS","source_originator":"U.S. Department of Commerce, U.S. Census Bureau, Geography Division","state_route":null,"state_route_a":null,"state_route_b":null,"state_route_c":null,"stco_fipscode":"06067","tnmfrc":4,"us_route":null,"us_route_a":null,"us_route_b":null,"us_route_c":null},"type":"Feature"},{"geometry":{"coordinates":[[-121.467339,38.602156],[-121.467064,38.602314],[-121.466659,38.602532],[-121.46619,38.602765]],"type":"LineString"},"id":"REF-SACRAMENTO-LOCAL-ROADS-366","properties":{"canon_status":"REAL_REFERENCE","county_route":null,"federal_lands_route":null,"fictionality":"REAL","globalid":"{88F3E285-4F0B-4933-97A0-8AED918D06F6}","interstate":null,"interstate_a":null,"interstate_b":null,"interstate_c":null,"loaddate":1533980548000,"mtfcc_code":"S1400","name":"Paso Blvd","objectid":16300987,"permanent_identifier":"e929c329-f4bd-4b12-ab0e-3610a68c69f9","real_world_relation":"REFERENCE_ONLY","shape_Length":154.6048918703104,"source_datadesc":"2016 October MAFTIGER","source_datasetid":"{155E1578-FAD5-4709-A194-6F828C31A01F}","source_featureid":"110873935611","source_id":"REF-SACRAMENTO-LOCAL-ROADS","source_originator":"U.S. Department of Commerce, U.S. Census Bureau, Geography Division","state_route":null,"state_route_a":null,"state_route_b":null,"state_route_c":null,"stco_fipscode":"06067","tnmfrc":4,"us_route":null,"us_route_a":null,"us_route_b":null,"us_route_c":null},"type":"Feature"},{"geometry":{"coordinates":[[-121.480216,38.589655],[-121.477561,38.588946]],"type":"LineString"},"id":"REF-SACRAMENTO-LOCAL-ROADS-367","properties":{"canon_status":"REAL_REFERENCE","county_route":null,"federal_lands_route":null,"fictionality":"REAL","globalid":"{4E4EA605-7DE3-462E-8A39-907FABD5D9AD}","interstate":null,"interstate_a":null,"interstate_b":null,"interstate_c":null,"loaddate":1533980628000,"mtfcc_code":"S1400","name":"Thornton Ave","objectid":16301023,"permanent_identifier":"b881dc7d-8b7d-49f5-8e94-44c4105d5285","real_world_relation":"REFERENCE_ONLY","shape_Length":312.3261484200738,"source_datadesc":"2016 October MAFTIGER","source_datasetid":"{155E1578-FAD5-4709-A194-6F828C31A01F}","source_featureid":"110874108178","source_id":"REF-SACRAMENTO-LOCAL-ROADS","source_originator":"U.S. Department of Commerce, U.S. Census Bureau, Geography Division","state_route":null,"state_route_a":null,"state_route_b":null,"state_route_c":null,"stco_fipscode":"06067","tnmfrc":4,"us_route":null,"us_route_a":null,"us_route_b":null,"us_route_c":null},"type":"Feature"},{"geometry":{"coordinates":[[-121.493238,38.580868],[-121.493476,38.580319]],"type":"LineString"},"id":"REF-SACRAMENTO-LOCAL-ROADS-368","properties":{"canon_status":"REAL_REFERENCE","county_route":null,"federal_lands_route":null,"fictionality":"REAL","globalid":"{54B7CB48-05F6-4655-881B-4CAC77B01E3B}","interstate":null,"interstate_a":null,"interstate_b":null,"interstate_c":null,"loaddate":1533980606000,"mtfcc_code":"S1400","name":"10th St","objectid":16301041,"permanent_identifier":"cba7fea1-5315-4360-98d7-35e8caa8fae9","real_world_relation":"REFERENCE_ONLY","shape_Length":82.5456154314182,"source_datadesc":"2016 October MAFTIGER","source_datasetid":"{155E1578-FAD5-4709-A194-6F828C31A01F}","source_featureid":"110873853074","source_id":"REF-SACRAMENTO-LOCAL-ROADS","source_originator":"U.S. Department of Commerce, U.S. Census Bureau, Geography Division","state_route":null,"state_route_a":null,"state_route_b":null,"state_route_c":null,"stco_fipscode":"06067","tnmfrc":4,"us_route":null,"us_route_a":null,"us_route_b":null,"us_route_c":null},"type":"Feature"},{"geometry":{"coordinates":[[-121.459313,38.598888],[-121.459309,38.599416],[-121.459312,38.599463],[-121.459338,38.599554],[-121.459385,38.599639],[-121.459417,38.599678],[-121.459496,38.599748],[-121.459591,38.599803],[-121.4597,38.599841],[-121.459817,38.599861],[-121.465354,38.599886],[-121.465363,38.597282]],"type":"LineString"},"id":"REF-SACRAMENTO-LOCAL-ROADS-369","properties":{"canon_status":"REAL_REFERENCE","county_route":null,"federal_lands_route":null,"fictionality":"REAL","globalid":"{73794042-D0A4-4CCA-8126-B16430B53223}","interstate":null,"interstate_a":null,"interstate_b":null,"interstate_c":null,"loaddate":1533980543000,"mtfcc_code":"S1400","name":"Commerce Cir","objectid":16428576,"permanent_identifier":"89f113d8-dc57-4b7a-bc4c-ab359a974397","real_world_relation":"REFERENCE_ONLY","shape_Length":1155.3490683679197,"source_datadesc":"2016 October MAFTIGER","source_datasetid":"{155E1578-FAD5-4709-A194-6F828C31A01F}","source_featureid":"110873972031","source_id":"REF-SACRAMENTO-LOCAL-ROADS","source_originator":"U.S. Department of Commerce, U.S. Census Bureau, Geography Division","state_route":null,"state_route_a":null,"state_route_b":null,"state_route_c":null,"stco_fipscode":"06067","tnmfrc":4,"us_route":null,"us_route_a":null,"us_route_b":null,"us_route_c":null},"type":"Feature"},{"geometry":{"coordinates":[[-121.496138,38.581029],[-121.496382,38.580468]],"type":"LineString"},"id":"REF-SACRAMENTO-LOCAL-ROADS-370","properties":{"canon_status":"REAL_REFERENCE","county_route":null,"federal_lands_route":null,"fictionality":"REAL","globalid":"{E0B5F240-EEE2-4BA3-8DD0-2D2A38C89B37}","interstate":null,"interstate_a":null,"interstate_b":null,"interstate_c":null,"loaddate":1533980530000,"mtfcc_code":"S1400","name":"8th St","objectid":16429221,"permanent_identifier":"bc27a6a2-4dbd-4ff3-80a0-faabe08b43ee","real_world_relation":"REFERENCE_ONLY","shape_Length":84.37860814666942,"source_datadesc":"2016 October MAFTIGER","source_datasetid":"{155E1578-FAD5-4709-A194-6F828C31A01F}","source_featureid":"110873852359","source_id":"REF-SACRAMENTO-LOCAL-ROADS","source_originator":"U.S. Department of Commerce, U.S. Census Bureau, Geography Division","state_route":null,"state_route_a":null,"state_route_b":null,"state_route_c":null,"stco_fipscode":"06067","tnmfrc":4,"us_route":null,"us_route_a":null,"us_route_b":null,"us_route_c":null},"type":"Feature"},{"geometry":{"coordinates":[[-121.508365,38.6061],[-121.508632,38.605951],[-121.508959,38.605751],[-121.509045,38.605694]],"type":"LineString"},"id":"REF-SACRAMENTO-LOCAL-ROADS-371","properties":{"canon_status":"REAL_REFERENCE","county_route":null,"federal_lands_route":null,"fictionality":"REAL","globalid":"{37B86AF5-D08F-48AE-B71C-C84D3D67136C}","interstate":null,"interstate_a":null,"interstate_b":null,"interstate_c":null,"loaddate":1533980459000,"mtfcc_code":"S1400","name":"Garden Hwy","objectid":16556267,"permanent_identifier":"5c6636b8-71b6-46f9-bbc6-eccb2157fea5","real_world_relation":"REFERENCE_ONLY","shape_Length":95.30130043971316,"source_datadesc":"2016 October MAFTIGER","source_datasetid":"{155E1578-FAD5-4709-A194-6F828C31A01F}","source_featureid":"110873949978","source_id":"REF-SACRAMENTO-LOCAL-ROADS","source_originator":"U.S. Department of Commerce, U.S. Census Bureau, Geography Division","state_route":null,"state_route_a":null,"state_route_b":null,"state_route_c":null,"stco_fipscode":"06067","tnmfrc":4,"us_route":null,"us_route_a":null,"us_route_b":null,"us_route_c":null},"type":"Feature"},{"geometry":{"coordinates":[[-121.495667,38.582116],[-121.4959,38.581579]],"type":"LineString"},"id":"REF-SACRAMENTO-LOCAL-ROADS-372","properties":{"canon_status":"REAL_REFERENCE","county_route":null,"federal_lands_route":null,"fictionality":"REAL","globalid":"{F860F962-D8F5-42B6-9AC5-2D2CF2CD01AD}","interstate":null,"interstate_a":null,"interstate_b":null,"interstate_c":null,"loaddate":1533980530000,"mtfcc_code":"S1400","name":"8th St","objectid":16556462,"permanent_identifier":"fe58ed5e-42cf-41ff-86c6-9a2422b080c8","real_world_relation":"REFERENCE_ONLY","shape_Length":80.74971626979645,"source_datadesc":"2016 October MAFTIGER","source_datasetid":"{155E1578-FAD5-4709-A194-6F828C31A01F}","source_featureid":"110873852359","source_id":"REF-SACRAMENTO-LOCAL-ROADS","source_originator":"U.S. Department of Commerce, U.S. Census Bureau, Geography Division","state_route":null,"state_route_a":null,"state_route_b":null,"state_route_c":null,"stco_fipscode":"06067","tnmfrc":4,"us_route":null,"us_route_a":null,"us_route_b":null,"us_route_c":null},"type":"Feature"},{"geometry":{"coordinates":[[-121.503008,38.595916],[-121.497469,38.595934]],"type":"LineString"},"id":"REF-SACRAMENTO-LOCAL-ROADS-373","properties":{"canon_status":"REAL_REFERENCE","county_route":null,"federal_lands_route":null,"fictionality":"REAL","globalid":"{60BB1DB5-D391-44E8-9810-BFE173CCC5B2}","interstate":null,"interstate_a":null,"interstate_b":null,"interstate_c":null,"loaddate":1533980421000,"mtfcc_code":"S1400","name":"Bannon St","objectid":16556554,"permanent_identifier":"772eb7a3-eeb9-4a48-b722-2451b15f384e","real_world_relation":"REFERENCE_ONLY","shape_Length":616.6041300799369,"source_datadesc":"2016 October MAFTIGER","source_datasetid":"{155E1578-FAD5-4709-A194-6F828C31A01F}","source_featureid":"110873947977","source_id":"REF-SACRAMENTO-LOCAL-ROADS","source_originator":"U.S. Department of Commerce, U.S. Census Bureau, Geography Division","state_route":null,"state_route_a":null,"state_route_b":null,"state_route_c":null,"stco_fipscode":"06067","tnmfrc":4,"us_route":null,"us_route_a":null,"us_route_b":null,"us_route_c":null},"type":"Feature"},{"geometry":{"coordinates":[[-121.494244,38.585399],[-121.494721,38.584302]],"type":"LineString"},"id":"REF-SACRAMENTO-LOCAL-ROADS-374","properties":{"canon_status":"REAL_REFERENCE","county_route":null,"federal_lands_route":null,"fictionality":"REAL","globalid":"{BFC9165A-E16E-4008-9A63-A5A43860706F}","interstate":null,"interstate_a":null,"interstate_b":null,"interstate_c":null,"loaddate":1533980530000,"mtfcc_code":"S1400","name":"8th St","objectid":16683994,"permanent_identifier":"ab1ee5c3-600e-43d6-8ec8-52e8ad12515c","real_world_relation":"REFERENCE_ONLY","shape_Length":165.00080527554664,"source_datadesc":"2016 October MAFTIGER","source_datasetid":"{155E1578-FAD5-4709-A194-6F828C31A01F}","source_featureid":"110873852359","source_id":"REF-SACRAMENTO-LOCAL-ROADS","source_originator":"U.S. Department of Commerce, U.S. Census Bureau, Geography Division","state_route":null,"state_route_a":null,"state_route_b":null,"state_route_c":null,"stco_fipscode":"06067","tnmfrc":4,"us_route":null,"us_route_a":null,"us_route_b":null,"us_route_c":null},"type":"Feature"},{"geometry":{"coordinates":[[-121.507889,38.601219],[-121.507112,38.600504]],"type":"LineString"},"id":"REF-SACRAMENTO-LOCAL-ROADS-375","properties":{"canon_status":"REAL_REFERENCE","county_route":null,"federal_lands_route":null,"fictionality":"REAL","globalid":"{EA59A8FD-47F8-434F-B996-BE1AB61C2240}","interstate":null,"interstate_a":null,"interstate_b":null,"interstate_c":null,"loaddate":1533980456000,"mtfcc_code":"S1400","name":"Jibboom St","objectid":16684019,"permanent_identifier":"1c279cff-9e9a-47b8-823d-9b8a4e7a6f6a","real_world_relation":"REFERENCE_ONLY","shape_Length":133.6187230961689,"source_datadesc":"2016 October MAFTIGER","source_datasetid":"{155E1578-FAD5-4709-A194-6F828C31A01F}","source_featureid":"110873966211","source_id":"REF-SACRAMENTO-LOCAL-ROADS","source_originator":"U.S. Department of Commerce, U.S. Census Bureau, Geography Division","state_route":null,"state_route_a":null,"state_route_b":null,"state_route_c":null,"stco_fipscode":"06067","tnmfrc":4,"us_route":null,"us_route_a":null,"us_route_b":null,"us_route_c":null},"type":"Feature"},{"geometry":{"coordinates":[[-121.464157,38.605685],[-121.464157,38.60618]],"type":"LineString"},"id":"REF-SACRAMENTO-LOCAL-ROADS-376","properties":{"canon_status":"REAL_REFERENCE","county_route":null,"federal_lands_route":null,"fictionality":"REAL","globalid":"{621AE13C-E5B5-4FC8-817C-DD053FC56418}","interstate":null,"interstate_a":null,"interstate_b":null,"interstate_c":null,"loaddate":1533980614000,"mtfcc_code":"S1400","name":"Colfax St","objectid":16684602,"permanent_identifier":"5fdcc149-4b5c-4ff9-beae-9253cbfab268","real_world_relation":"REFERENCE_ONLY","shape_Length":70.51350000500679,"source_datadesc":"2016 October MAFTIGER","source_datasetid":"{155E1578-FAD5-4709-A194-6F828C31A01F}","source_featureid":"110873948911","source_id":"REF-SACRAMENTO-LOCAL-ROADS","source_originator":"U.S. Department of Commerce, U.S. Census Bureau, Geography Division","state_route":null,"state_route_a":null,"state_route_b":null,"state_route_c":null,"stco_fipscode":"06067","tnmfrc":4,"us_route":null,"us_route_a":null,"us_route_b":null,"us_route_c":null},"type":"Feature"},{"geometry":{"coordinates":[[-121.463818,38.604573],[-121.464157,38.605011]],"type":"LineString"},"id":"REF-SACRAMENTO-LOCAL-ROADS-377","properties":{"canon_status":"REAL_REFERENCE","county_route":null,"federal_lands_route":null,"fictionality":"REAL","globalid":"{18458FCA-58F9-44FC-88FF-9BFA16A6B145}","interstate":null,"interstate_a":null,"interstate_b":null,"interstate_c":null,"loaddate":1533980614000,"mtfcc_code":"S1400","name":"Colfax St","objectid":16811868,"permanent_identifier":"8e076cdd-e757-4719-8ea7-28a90625f75e","real_world_relation":"REFERENCE_ONLY","shape_Length":72.91752397532926,"source_datadesc":"2016 October MAFTIGER","source_datasetid":"{155E1578-FAD5-4709-A194-6F828C31A01F}","source_featureid":"110873948911","source_id":"REF-SACRAMENTO-LOCAL-ROADS","source_originator":"U.S. Department of Commerce, U.S. Census Bureau, Geography Division","state_route":null,"state_route_a":null,"state_route_b":null,"state_route_c":null,"stco_fipscode":"06067","tnmfrc":4,"us_route":null,"us_route_a":null,"us_route_b":null,"us_route_c":null},"type":"Feature"},{"geometry":{"coordinates":[[-121.484111,38.608218],[-121.484067,38.609124]],"type":"LineString"},"id":"REF-SACRAMENTO-LOCAL-ROADS-378","properties":{"canon_status":"REAL_REFERENCE","county_route":null,"federal_lands_route":null,"fictionality":"REAL","globalid":"{776695D3-4692-4992-96EA-2FBEB912F4EE}","interstate":null,"interstate_a":null,"interstate_b":null,"interstate_c":null,"loaddate":1533980558000,"mtfcc_code":"S1400","name":"Morell St","objectid":16811935,"permanent_identifier":"96ce7639-dc40-455d-b813-bdf5e88f784c","real_world_relation":"REFERENCE_ONLY","shape_Length":129.15880515158906,"source_datadesc":"2016 October MAFTIGER","source_datasetid":"{155E1578-FAD5-4709-A194-6F828C31A01F}","source_featureid":"110873951920","source_id":"REF-SACRAMENTO-LOCAL-ROADS","source_originator":"U.S. Department of Commerce, U.S. Census Bureau, Geography Division","state_route":null,"state_route_a":null,"state_route_b":null,"state_route_c":null,"stco_fipscode":"06067","tnmfrc":4,"us_route":null,"us_route_a":null,"us_route_b":null,"us_route_c":null},"type":"Feature"},{"geometry":{"coordinates":[[-121.509417,38.580882],[-121.509293,38.580847],[-121.50909,38.580779],[-121.508849,38.580699],[-121.508481,38.580577],[-121.508405,38.580552],[-121.508279,38.58051]],"type":"LineString"},"id":"REF-SACRAMENTO-LOCAL-ROADS-379","properties":{"canon_status":"REAL_REFERENCE","county_route":null,"federal_lands_route":null,"fictionality":"REAL","globalid":"{19E67033-8F98-4D57-B892-403067EAEFED}","interstate":null,"interstate_a":null,"interstate_b":null,"interstate_c":null,"loaddate":1533980945000,"mtfcc_code":"S1400","name":"Tower Bridge Gateway","objectid":16812356,"permanent_identifier":"98dbf961-a3fb-4525-bd1b-840aec1475ec","real_world_relation":"REFERENCE_ONLY","shape_Length":137.33168873316293,"source_datadesc":"2016 October MAFTIGER","source_datasetid":"{155E1578-FAD5-4709-A194-6F828C31A01F}","source_featureid":"1104269377269","source_id":"REF-SACRAMENTO-LOCAL-ROADS","source_originator":"U.S. Department of Commerce, U.S. Census Bureau, Geography Division","state_route":null,"state_route_a":null,"state_route_b":null,"state_route_c":null,"stco_fipscode":"06113","tnmfrc":4,"us_route":null,"us_route_a":null,"us_route_b":null,"us_route_c":null},"type":"Feature"},{"geometry":{"coordinates":[[-121.481652,38.591687],[-121.481326,38.592444],[-121.481306,38.592518],[-121.481328,38.592592],[-121.481401,38.592675]],"type":"LineString"},"id":"REF-SACRAMENTO-LOCAL-ROADS-380","properties":{"canon_status":"REAL_REFERENCE","county_route":null,"federal_lands_route":null,"fictionality":"REAL","globalid":"{698E39BB-A64B-4C6C-9FC2-3AD79CEAEF7D}","interstate":null,"interstate_a":null,"interstate_b":null,"interstate_c":null,"loaddate":1533980475000,"mtfcc_code":"S1400","name":"Ahern St","objectid":16812543,"permanent_identifier":"3deff9a2-1747-4b61-be6c-427659546e1e","real_world_relation":"REFERENCE_ONLY","shape_Length":149.69583554496185,"source_datadesc":"2016 October MAFTIGER","source_datasetid":"{155E1578-FAD5-4709-A194-6F828C31A01F}","source_featureid":"110873936315","source_id":"REF-SACRAMENTO-LOCAL-ROADS","source_originator":"U.S. Department of Commerce, U.S. Census Bureau, Geography Division","state_route":null,"state_route_a":null,"state_route_b":null,"state_route_c":null,"stco_fipscode":"06067","tnmfrc":4,"us_route":null,"us_route_a":null,"us_route_b":null,"us_route_c":null},"type":"Feature"},{"geometry":{"coordinates":[[-121.486086,38.579559],[-121.486319,38.579022]],"type":"LineString"},"id":"REF-SACRAMENTO-LOCAL-ROADS-381","properties":{"canon_status":"REAL_REFERENCE","county_route":null,"federal_lands_route":null,"fictionality":"REAL","globalid":"{BC3ACD4D-9D12-46E0-A4B0-12FE75FE8B44}","interstate":null,"interstate_a":null,"interstate_b":null,"interstate_c":null,"loaddate":1748519528000,"mtfcc_code":"S1400","name":"15th St","objectid":17067271,"permanent_identifier":"97747712-87c4-4301-983e-1a8b85e31319","real_world_relation":"REFERENCE_ONLY","shape_Length":80.74715934947476,"source_datadesc":"2021 February MAF/TIGER","source_datasetid":"{7AD8F908-E576-4667-ABBE-3F904F423D64}","source_featureid":"110873855853","source_id":"REF-SACRAMENTO-LOCAL-ROADS","source_originator":"U.S. Department of Commerce, U.S. Census Bureau, Geography Division","state_route":null,"state_route_a":null,"state_route_b":null,"state_route_c":null,"stco_fipscode":"06067","tnmfrc":4,"us_route":null,"us_route_a":null,"us_route_b":null,"us_route_c":null},"type":"Feature"},{"geometry":{"coordinates":[[-121.465363,38.597282],[-121.465368,38.595965],[-121.465375,38.595881],[-121.465413,38.595715],[-121.465492,38.595513],[-121.465286,38.595401],[-121.465002,38.595265],[-121.464781,38.595173],[-121.464477,38.595065],[-121.464245,38.594995],[-121.464006,38.594934],[-121.463684,38.594869],[-121.463438,38.594832],[-121.463107,38.594798],[-121.462859,38.594785],[-121.462525,38.594783],[-121.462192,38.594799],[-121.461945,38.594824],[-121.461699,38.594858],[-121.461374,38.594919],[-121.461057,38.594998],[-121.460824,38.595069],[-121.459231,38.595623],[-121.459297,38.595764],[-121.459321,38.595847],[-121.459329,38.595931],[-121.459322,38.597281]],"type":"LineString"},"id":"REF-SACRAMENTO-LOCAL-ROADS-382","properties":{"canon_status":"REAL_REFERENCE","county_route":null,"federal_lands_route":null,"fictionality":"REAL","globalid":"{A297B8EB-5536-48F4-B586-02AFD416D49C}","interstate":null,"interstate_a":null,"interstate_b":null,"interstate_c":null,"loaddate":1533980497000,"mtfcc_code":"S1400","name":"Lathrop Way","objectid":17195709,"permanent_identifier":"239ef9e7-ae04-4600-a1f7-b6ed629ed300","real_world_relation":"REFERENCE_ONLY","shape_Length":1232.9743033755667,"source_datadesc":"2016 October MAFTIGER","source_datasetid":"{155E1578-FAD5-4709-A194-6F828C31A01F}","source_featureid":"110873966713","source_id":"REF-SACRAMENTO-LOCAL-ROADS","source_originator":"U.S. Department of Commerce, U.S. Census Bureau, Geography Division","state_route":null,"state_route_a":null,"state_route_b":null,"state_route_c":null,"stco_fipscode":"06067","tnmfrc":4,"us_route":null,"us_route_a":null,"us_route_b":null,"us_route_c":null},"type":"Feature"},{"geometry":{"coordinates":[[-121.465079,38.602032],[-121.464452,38.601221]],"type":"LineString"},"id":"REF-SACRAMENTO-LOCAL-ROADS-383","properties":{"canon_status":"REAL_REFERENCE","county_route":null,"federal_lands_route":null,"fictionality":"REAL","globalid":"{7EF98F10-5096-4DF3-B8D4-89B501042297}","interstate":null,"interstate_a":null,"interstate_b":null,"interstate_c":null,"loaddate":1533980631000,"mtfcc_code":"S1400","name":"Globe Ave","objectid":17195774,"permanent_identifier":"1b942c95-2b8c-40fe-9fba-23990b3bf109","real_world_relation":"REFERENCE_ONLY","shape_Length":134.9696321096188,"source_datadesc":"2016 October MAFTIGER","source_datasetid":"{155E1578-FAD5-4709-A194-6F828C31A01F}","source_featureid":"110873943269","source_id":"REF-SACRAMENTO-LOCAL-ROADS","source_originator":"U.S. Department of Commerce, U.S. Census Bureau, Geography Division","state_route":null,"state_route_a":null,"state_route_b":null,"state_route_c":null,"stco_fipscode":"06067","tnmfrc":4,"us_route":null,"us_route_a":null,"us_route_b":null,"us_route_c":null},"type":"Feature"},{"geometry":{"coordinates":[[-121.485609,38.580655],[-121.485848,38.580105]],"type":"LineString"},"id":"REF-SACRAMENTO-LOCAL-ROADS-384","properties":{"canon_status":"REAL_REFERENCE","county_route":null,"federal_lands_route":null,"fictionality":"REAL","globalid":"{00636BAE-13D2-4A4B-BC7B-D048E7F5A4FD}","interstate":null,"interstate_a":null,"interstate_b":null,"interstate_c":null,"loaddate":1748519528000,"mtfcc_code":"S1400","name":"15th St","objectid":17195954,"permanent_identifier":"3b0dab14-0e20-4bbf-98c3-fcca4dac0212","real_world_relation":"REFERENCE_ONLY","shape_Length":82.71603658627554,"source_datadesc":"2021 February MAF/TIGER","source_datasetid":"{7AD8F908-E576-4667-ABBE-3F904F423D64}","source_featureid":"110873855853","source_id":"REF-SACRAMENTO-LOCAL-ROADS","source_originator":"U.S. Department of Commerce, U.S. Census Bureau, Geography Division","state_route":null,"state_route_a":null,"state_route_b":null,"state_route_c":null,"stco_fipscode":"06067","tnmfrc":4,"us_route":null,"us_route_a":null,"us_route_b":null,"us_route_c":null},"type":"Feature"},{"geometry":{"coordinates":[[-121.509417,38.580882],[-121.509934,38.580986]],"type":"LineString"},"id":"REF-SACRAMENTO-LOCAL-ROADS-385","properties":{"canon_status":"REAL_REFERENCE","county_route":null,"federal_lands_route":null,"fictionality":"REAL","globalid":"{04B7B70B-2F7A-4B40-B8D2-C634509E4BBF}","interstate":null,"interstate_a":null,"interstate_b":null,"interstate_c":null,"loaddate":1533980945000,"mtfcc_code":"S1400","name":"Tower Bridge Gateway","objectid":17196356,"permanent_identifier":"f383eb29-1f0a-4f84-a0e9-043442da2591","real_world_relation":"REFERENCE_ONLY","shape_Length":59.42714784452243,"source_datadesc":"2016 October MAFTIGER","source_datasetid":"{155E1578-FAD5-4709-A194-6F828C31A01F}","source_featureid":"1104269377271","source_id":"REF-SACRAMENTO-LOCAL-ROADS","source_originator":"U.S. Department of Commerce, U.S. Census Bureau, Geography Division","state_route":null,"state_route_a":null,"state_route_b":null,"state_route_c":null,"stco_fipscode":"06113","tnmfrc":4,"us_route":null,"us_route_a":null,"us_route_b":null,"us_route_c":null},"type":"Feature"},{"geometry":{"coordinates":[[-121.482441,38.589565],[-121.482213,38.590103],[-121.481972,38.590677]],"type":"LineString"},"id":"REF-SACRAMENTO-LOCAL-ROADS-386","properties":{"canon_status":"REAL_REFERENCE","county_route":null,"federal_lands_route":null,"fictionality":"REAL","globalid":"{47D4DD89-CE78-46DC-8921-0340537F9BAF}","interstate":null,"interstate_a":null,"interstate_b":null,"interstate_c":null,"loaddate":1533980431000,"mtfcc_code":"S1400","name":"Ahern St","objectid":17196633,"permanent_identifier":"a3ecc472-7076-4c6c-bdf7-d3df8a648186","real_world_relation":"REFERENCE_ONLY","shape_Length":166.7549939421325,"source_datadesc":"2016 October MAFTIGER","source_datasetid":"{155E1578-FAD5-4709-A194-6F828C31A01F}","source_featureid":"110873936316","source_id":"REF-SACRAMENTO-LOCAL-ROADS","source_originator":"U.S. Department of Commerce, U.S. Census Bureau, Geography Division","state_route":null,"state_route_a":null,"state_route_b":null,"state_route_c":null,"stco_fipscode":"06067","tnmfrc":4,"us_route":null,"us_route_a":null,"us_route_b":null,"us_route_c":null},"type":"Feature"},{"geometry":{"coordinates":[[-121.494824,38.580678],[-121.495065,38.580118]],"type":"LineString"},"id":"REF-SACRAMENTO-LOCAL-ROADS-387","properties":{"canon_status":"REAL_REFERENCE","county_route":null,"federal_lands_route":null,"fictionality":"REAL","globalid":"{F517DDF9-F27D-4CBA-A4FE-143B6E8B2114}","interstate":null,"interstate_a":null,"interstate_b":null,"interstate_c":null,"loaddate":1533980534000,"mtfcc_code":"S1400","name":"9th St","objectid":17196656,"permanent_identifier":"793d2cb3-24af-4c31-8620-10eb92969b46","real_world_relation":"REFERENCE_ONLY","shape_Length":84.1362639750264,"source_datadesc":"2016 October MAFTIGER","source_datasetid":"{155E1578-FAD5-4709-A194-6F828C31A01F}","source_featureid":"110873852404","source_id":"REF-SACRAMENTO-LOCAL-ROADS","source_originator":"U.S. Department of Commerce, U.S. Census Bureau, Geography Division","state_route":null,"state_route_a":null,"state_route_b":null,"state_route_c":null,"stco_fipscode":"06067","tnmfrc":4,"us_route":null,"us_route_a":null,"us_route_b":null,"us_route_c":null},"type":"Feature"},{"geometry":{"coordinates":[[-121.511345,38.588659],[-121.511398,38.588419],[-121.511557,38.587699],[-121.511611,38.58746],[-121.511615,38.58744],[-121.511627,38.587383],[-121.511632,38.587364]],"type":"LineString"},"id":"REF-SACRAMENTO-LOCAL-ROADS-388","properties":{"canon_status":"REAL_REFERENCE","county_route":null,"federal_lands_route":null,"fictionality":"REAL","globalid":"{BA38A538-EECF-4022-A121-E5E7462ACE06}","interstate":null,"interstate_a":null,"interstate_b":null,"interstate_c":null,"loaddate":1533980970000,"mtfcc_code":"S1400","name":"4th St","objectid":17196667,"permanent_identifier":"962cc093-b59e-47ea-b0aa-2ad2b1b62b61","real_world_relation":"REFERENCE_ONLY","shape_Length":187.17774146553265,"source_datadesc":"2016 October MAFTIGER","source_datasetid":"{155E1578-FAD5-4709-A194-6F828C31A01F}","source_featureid":"110758800283","source_id":"REF-SACRAMENTO-LOCAL-ROADS","source_originator":"U.S. Department of Commerce, U.S. Census Bureau, Geography Division","state_route":null,"state_route_a":null,"state_route_b":null,"state_route_c":null,"stco_fipscode":"06113","tnmfrc":4,"us_route":null,"us_route_a":null,"us_route_b":null,"us_route_c":null},"type":"Feature"},{"geometry":{"coordinates":[[-121.512511,38.590126],[-121.512545,38.589864],[-121.512646,38.58908],[-121.512681,38.588819]],"type":"LineString"},"id":"REF-SACRAMENTO-LOCAL-ROADS-389","properties":{"canon_status":"REAL_REFERENCE","county_route":null,"federal_lands_route":null,"fictionality":"REAL","globalid":"{5560CA13-62CC-492F-9F2D-AB3C864D1DAE}","interstate":null,"interstate_a":null,"interstate_b":null,"interstate_c":null,"loaddate":1533980972000,"mtfcc_code":"S1400","name":"5th St","objectid":17324608,"permanent_identifier":"3f79afff-be25-4875-af3a-b5ea2d110231","real_world_relation":"REFERENCE_ONLY","shape_Length":187.10104356690755,"source_datadesc":"2016 October MAFTIGER","source_datasetid":"{155E1578-FAD5-4709-A194-6F828C31A01F}","source_featureid":"110758800297","source_id":"REF-SACRAMENTO-LOCAL-ROADS","source_originator":"U.S. Department of Commerce, U.S. Census Bureau, Geography Division","state_route":null,"state_route_a":null,"state_route_b":null,"state_route_c":null,"stco_fipscode":"06113","tnmfrc":4,"us_route":null,"us_route_a":null,"us_route_b":null,"us_route_c":null},"type":"Feature"},{"geometry":{"coordinates":[[-121.491659,38.581046],[-121.490341,38.580694]],"type":"LineString"},"id":"REF-SACRAMENTO-LOCAL-ROADS-390","properties":{"canon_status":"REAL_REFERENCE","county_route":null,"federal_lands_route":null,"fictionality":"REAL","globalid":"{9ED2A6F1-5B68-4753-80E2-ED70F880A5E0}","interstate":null,"interstate_a":null,"interstate_b":null,"interstate_c":null,"loaddate":1533980547000,"mtfcc_code":"S1400","name":"I St","objectid":17452196,"permanent_identifier":"88d56a51-6f15-454d-8ccf-c967053189f4","real_world_relation":"REFERENCE_ONLY","shape_Length":155.0452837254585,"source_datadesc":"2016 October MAFTIGER","source_datasetid":"{155E1578-FAD5-4709-A194-6F828C31A01F}","source_featureid":"110873834453","source_id":"REF-SACRAMENTO-LOCAL-ROADS","source_originator":"U.S. Department of Commerce, U.S. Census Bureau, Geography Division","state_route":null,"state_route_a":null,"state_route_b":null,"state_route_c":null,"stco_fipscode":"06067","tnmfrc":4,"us_route":null,"us_route_a":null,"us_route_b":null,"us_route_c":null},"type":"Feature"},{"geometry":{"coordinates":[[-121.496051,38.584656],[-121.494721,38.584302]],"type":"LineString"},"id":"REF-SACRAMENTO-LOCAL-ROADS-391","properties":{"canon_status":"REAL_REFERENCE","county_route":null,"federal_lands_route":null,"fictionality":"REAL","globalid":"{5D2B7F52-F4C7-477C-B236-3CBAEC7EC789}","interstate":null,"interstate_a":null,"interstate_b":null,"interstate_c":null,"loaddate":1533980630000,"mtfcc_code":"S1400","name":"G St","objectid":17452880,"permanent_identifier":"d15c6f02-a01b-4c4d-9473-0e4811aa98f0","real_world_relation":"REFERENCE_ONLY","shape_Length":156.40234568430867,"source_datadesc":"2016 October MAFTIGER","source_datasetid":"{155E1578-FAD5-4709-A194-6F828C31A01F}","source_featureid":"110873834423","source_id":"REF-SACRAMENTO-LOCAL-ROADS","source_originator":"U.S. Department of Commerce, U.S. Census Bureau, Geography Division","state_route":null,"state_route_a":null,"state_route_b":null,"state_route_c":null,"stco_fipscode":"06067","tnmfrc":4,"us_route":null,"us_route_a":null,"us_route_b":null,"us_route_c":null},"type":"Feature"},{"geometry":{"coordinates":[[-121.504614,38.582046],[-121.50425,38.581949],[-121.504099,38.581903]],"type":"LineString"},"id":"REF-SACRAMENTO-LOCAL-ROADS-392","properties":{"canon_status":"REAL_REFERENCE","county_route":null,"federal_lands_route":null,"fictionality":"REAL","globalid":"{FFA24AD8-1D5B-4687-A944-AE75B56A06D4}","interstate":null,"interstate_a":null,"interstate_b":null,"interstate_c":null,"loaddate":1533980464000,"mtfcc_code":"S1400","name":"K St","objectid":17452884,"permanent_identifier":"a9a708dd-5eca-4eaa-a5a1-addb73e62a8a","real_world_relation":"REFERENCE_ONLY","shape_Length":60.85050192854824,"source_datadesc":"2016 October MAFTIGER","source_datasetid":"{155E1578-FAD5-4709-A194-6F828C31A01F}","source_featureid":"110873834522","source_id":"REF-SACRAMENTO-LOCAL-ROADS","source_originator":"U.S. Department of Commerce, U.S. Census Bureau, Geography Division","state_route":null,"state_route_a":null,"state_route_b":null,"state_route_c":null,"stco_fipscode":"06067","tnmfrc":4,"us_route":null,"us_route_a":null,"us_route_b":null,"us_route_c":null},"type":"Feature"},{"geometry":{"coordinates":[[-121.508728,38.588386],[-121.50911,38.588426]],"type":"LineString"},"id":"REF-SACRAMENTO-LOCAL-ROADS-393","properties":{"canon_status":"REAL_REFERENCE","county_route":null,"federal_lands_route":null,"fictionality":"REAL","globalid":"{81E451DC-E2A4-470D-B239-649E6B71D5B1}","interstate":null,"interstate_a":null,"interstate_b":null,"interstate_c":null,"loaddate":1533980958000,"mtfcc_code":"S1400","name":"C St","objectid":17452939,"permanent_identifier":"2b76e8f9-fe56-4081-b0cd-782339647d1c","real_world_relation":"REFERENCE_ONLY","shape_Length":42.90386727965407,"source_datadesc":"2016 October MAFTIGER","source_datasetid":"{155E1578-FAD5-4709-A194-6F828C31A01F}","source_featureid":"110758799858","source_id":"REF-SACRAMENTO-LOCAL-ROADS","source_originator":"U.S. Department of Commerce, U.S. Census Bureau, Geography Division","state_route":null,"state_route_a":null,"state_route_b":null,"state_route_c":null,"stco_fipscode":"06113","tnmfrc":4,"us_route":null,"us_route_a":null,"us_route_b":null,"us_route_c":null},"type":"Feature"},{"geometry":{"coordinates":[[-121.486086,38.609189],[-121.486018,38.610642]],"type":"LineString"},"id":"REF-SACRAMENTO-LOCAL-ROADS-394","properties":{"canon_status":"REAL_REFERENCE","county_route":null,"federal_lands_route":null,"fictionality":"REAL","globalid":"{79D4B666-047B-4249-9700-D4E08B164F8B}","interstate":null,"interstate_a":null,"interstate_b":null,"interstate_c":null,"loaddate":1533980648000,"mtfcc_code":"S1400","name":"Thelma Ave","objectid":17581217,"permanent_identifier":"d4c9d928-5358-4060-beaa-dccfd861940c","real_world_relation":"REFERENCE_ONLY","shape_Length":207.13176483014098,"source_datadesc":"2016 October MAFTIGER","source_datasetid":"{155E1578-FAD5-4709-A194-6F828C31A01F}","source_featureid":"110873961980","source_id":"REF-SACRAMENTO-LOCAL-ROADS","source_originator":"U.S. Department of Commerce, U.S. Census Bureau, Geography Division","state_route":null,"state_route_a":null,"state_route_b":null,"state_route_c":null,"stco_fipscode":"06067","tnmfrc":4,"us_route":null,"us_route_a":null,"us_route_b":null,"us_route_c":null},"type":"Feature"},{"geometry":{"coordinates":[[-121.505452,38.583534],[-121.505945,38.5824]],"type":"LineString"},"id":"REF-SACRAMENTO-LOCAL-ROADS-395","properties":{"canon_status":"REAL_REFERENCE","county_route":null,"federal_lands_route":null,"fictionality":"REAL","globalid":"{90BE075D-F935-49AE-9E68-20EAAEE54518}","interstate":null,"interstate_a":null,"interstate_b":null,"interstate_c":null,"loaddate":1533980659000,"mtfcc_code":"S1400","name":"Front St","objectid":17581256,"permanent_identifier":"27c00a68-359b-43f6-8dc3-627702a8f4a7","real_world_relation":"REFERENCE_ONLY","shape_Length":170.5588110299345,"source_datadesc":"2016 October MAFTIGER","source_datasetid":"{155E1578-FAD5-4709-A194-6F828C31A01F}","source_featureid":"110873943196","source_id":"REF-SACRAMENTO-LOCAL-ROADS","source_originator":"U.S. Department of Commerce, U.S. Census Bureau, Geography Division","state_route":null,"state_route_a":null,"state_route_b":null,"state_route_c":null,"stco_fipscode":"06067","tnmfrc":4,"us_route":null,"us_route_a":null,"us_route_b":null,"us_route_c":null},"type":"Feature"},{"geometry":{"coordinates":[[-121.502277,38.583879],[-121.501327,38.583625]],"type":"LineString"},"id":"REF-SACRAMENTO-LOCAL-ROADS-396","properties":{"canon_status":"REAL_REFERENCE","county_route":null,"federal_lands_route":null,"fictionality":"REAL","globalid":"{95B2F58F-0586-45B4-934B-7B09736D57CE}","interstate":null,"interstate_a":null,"interstate_b":null,"interstate_c":null,"loaddate":1533980547000,"mtfcc_code":"S1400","name":"I St","objectid":17836564,"permanent_identifier":"355837d3-e6d2-4b2f-a859-d28beca1ae3d","real_world_relation":"REFERENCE_ONLY","shape_Length":111.7685166981682,"source_datadesc":"2016 October MAFTIGER","source_datasetid":"{155E1578-FAD5-4709-A194-6F828C31A01F}","source_featureid":"110873834453","source_id":"REF-SACRAMENTO-LOCAL-ROADS","source_originator":"U.S. Department of Commerce, U.S. Census Bureau, Geography Division","state_route":null,"state_route_a":null,"state_route_b":null,"state_route_c":null,"stco_fipscode":"06067","tnmfrc":4,"us_route":null,"us_route_a":null,"us_route_b":null,"us_route_c":null},"type":"Feature"},{"geometry":{"coordinates":[[-121.47178,38.605779],[-121.471779,38.606686]],"type":"LineString"},"id":"REF-SACRAMENTO-LOCAL-ROADS-397","properties":{"canon_status":"REAL_REFERENCE","county_route":null,"federal_lands_route":null,"fictionality":"REAL","globalid":"{3FDCA853-4083-4895-8DB7-657AB3146535}","interstate":null,"interstate_a":null,"interstate_b":null,"interstate_c":null,"loaddate":1533980572000,"mtfcc_code":"S1400","name":"American Ave","objectid":17836581,"permanent_identifier":"6bcb300c-9fdd-4c13-8872-6aca48ca5c9f","real_world_relation":"REFERENCE_ONLY","shape_Length":129.2039479404631,"source_datadesc":"2016 October MAFTIGER","source_datasetid":"{155E1578-FAD5-4709-A194-6F828C31A01F}","source_featureid":"110873970679","source_id":"REF-SACRAMENTO-LOCAL-ROADS","source_originator":"U.S. Department of Commerce, U.S. Census Bureau, Geography Division","state_route":null,"state_route_a":null,"state_route_b":null,"state_route_c":null,"stco_fipscode":"06067","tnmfrc":4,"us_route":null,"us_route_a":null,"us_route_b":null,"us_route_c":null},"type":"Feature"},{"geometry":{"coordinates":[[-121.506601,38.580894],[-121.506828,38.580954],[-121.506968,38.58059],[-121.506959,38.580382],[-121.506912,38.580177]],"type":"LineString"},"id":"REF-SACRAMENTO-LOCAL-ROADS-398","properties":{"canon_status":"REAL_REFERENCE","county_route":null,"federal_lands_route":null,"fictionality":"REAL","globalid":"{BB0B7B2E-795C-40FF-875D-863997589925}","interstate":null,"interstate_a":null,"interstate_b":null,"interstate_c":null,"loaddate":1533980659000,"mtfcc_code":"S1400","name":"Front St","objectid":17836598,"permanent_identifier":"d78ba025-0f35-4e41-9324-68a46a5982ef","real_world_relation":"REFERENCE_ONLY","shape_Length":140.09488613092148,"source_datadesc":"2016 October MAFTIGER","source_datasetid":"{155E1578-FAD5-4709-A194-6F828C31A01F}","source_featureid":"110873943196","source_id":"REF-SACRAMENTO-LOCAL-ROADS","source_originator":"U.S. Department of Commerce, U.S. Census Bureau, Geography Division","state_route":null,"state_route_a":null,"state_route_b":null,"state_route_c":null,"stco_fipscode":"06067","tnmfrc":4,"us_route":null,"us_route_a":null,"us_route_b":null,"us_route_c":null},"type":"Feature"},{"geometry":{"coordinates":[[-121.479256,38.585067],[-121.477927,38.584713]],"type":"LineString"},"id":"REF-SACRAMENTO-LOCAL-ROADS-399","properties":{"canon_status":"REAL_REFERENCE","county_route":null,"federal_lands_route":null,"fictionality":"REAL","globalid":"{2F37C473-E738-4274-9773-EB70DB922478}","interstate":null,"interstate_a":null,"interstate_b":null,"interstate_c":null,"loaddate":1533980488000,"mtfcc_code":"S1400","name":"C St","objectid":17836609,"permanent_identifier":"7ae2b0d2-dbe4-4cb0-8aa2-028a4ee3cf1d","real_world_relation":"REFERENCE_ONLY","shape_Length":156.29708682650852,"source_datadesc":"2016 October MAFTIGER","source_datasetid":"{155E1578-FAD5-4709-A194-6F828C31A01F}","source_featureid":"110873834267","source_id":"REF-SACRAMENTO-LOCAL-ROADS","source_originator":"U.S. Department of Commerce, U.S. Census Bureau, Geography Division","state_route":null,"state_route_a":null,"state_route_b":null,"state_route_c":null,"stco_fipscode":"06067","tnmfrc":4,"us_route":null,"us_route_a":null,"us_route_b":null,"us_route_c":null},"type":"Feature"},{"geometry":{"coordinates":[[-121.48875,38.580271],[-121.487422,38.579915]],"type":"LineString"},"id":"REF-SACRAMENTO-LOCAL-ROADS-400","properties":{"canon_status":"REAL_REFERENCE","county_route":null,"federal_lands_route":null,"fictionality":"REAL","globalid":"{E30D18BD-6B2C-4BBB-88E2-A1DED0C2DC62}","interstate":null,"interstate_a":null,"interstate_b":null,"interstate_c":null,"loaddate":1533980547000,"mtfcc_code":"S1400","name":"I St","objectid":17965265,"permanent_identifier":"22865179-dc37-444f-be9d-174b59e888d1","real_world_relation":"REFERENCE_ONLY","shape_Length":156.2828245631482,"source_datadesc":"2016 October MAFTIGER","source_datasetid":"{155E1578-FAD5-4709-A194-6F828C31A01F}","source_featureid":"110873834453","source_id":"REF-SACRAMENTO-LOCAL-ROADS","source_originator":"U.S. Department of Commerce, U.S. Census Bureau, Geography Division","state_route":null,"state_route_a":null,"state_route_b":null,"state_route_c":null,"stco_fipscode":"06067","tnmfrc":4,"us_route":null,"us_route_a":null,"us_route_b":null,"us_route_c":null},"type":"Feature"},{"geometry":{"coordinates":[[-121.502243,38.597239],[-121.502207,38.597487],[-121.502197,38.597636],[-121.502207,38.597859],[-121.502231,38.598007],[-121.502253,38.598103],[-121.502514,38.599088],[-121.502521,38.599129],[-121.502517,38.599174],[-121.502501,38.599217],[-121.502476,38.599258],[-121.502442,38.599293],[-121.5024,38.599323],[-121.502351,38.599346],[-121.499226,38.600412],[-121.499173,38.600423],[-121.499102,38.600419]],"type":"LineString"},"id":"REF-SACRAMENTO-LOCAL-ROADS-401","properties":{"canon_status":"REAL_REFERENCE","county_route":null,"federal_lands_route":null,"fictionality":"REAL","globalid":"{CF8EE6F5-3741-478D-AC2D-3470A6830B26}","interstate":null,"interstate_a":null,"interstate_b":null,"interstate_c":null,"loaddate":1533980434000,"mtfcc_code":"S1400","name":"Bercut Dr","objectid":17965315,"permanent_identifier":"085981b7-131f-4ece-a64d-8ef5719446c4","real_world_relation":"REFERENCE_ONLY","shape_Length":704.7192077462096,"source_datadesc":"2016 October MAFTIGER","source_datasetid":"{155E1578-FAD5-4709-A194-6F828C31A01F}","source_featureid":"110873948086","source_id":"REF-SACRAMENTO-LOCAL-ROADS","source_originator":"U.S. Department of Commerce, U.S. Census Bureau, Geography Division","state_route":null,"state_route_a":null,"state_route_b":null,"state_route_c":null,"stco_fipscode":"06067","tnmfrc":4,"us_route":null,"us_route_a":null,"us_route_b":null,"us_route_c":null},"type":"Feature"},{"geometry":{"coordinates":[[-121.495631,38.58577],[-121.495577,38.585754],[-121.494244,38.585399]],"type":"LineString"},"id":"REF-SACRAMENTO-LOCAL-ROADS-402","properties":{"canon_status":"REAL_REFERENCE","county_route":null,"federal_lands_route":null,"fictionality":"REAL","globalid":"{081B63BF-63D8-4D1F-9123-ED4413EB5034}","interstate":null,"interstate_a":null,"interstate_b":null,"interstate_c":null,"loaddate":1533980614000,"mtfcc_code":"S1400","name":"F St","objectid":17965448,"permanent_identifier":"{6A25AA6E-E1D5-4A7E-88A4-F3C7E082FC75}","real_world_relation":"REFERENCE_ONLY","shape_Length":163.1932516977738,"source_datadesc":"2016 October MAFTIGER","source_datasetid":"{155E1578-FAD5-4709-A194-6F828C31A01F}","source_featureid":"110873834384","source_id":"REF-SACRAMENTO-LOCAL-ROADS","source_originator":"U.S. Department of Commerce, U.S. Census Bureau, Geography Division","state_route":null,"state_route_a":null,"state_route_b":null,"state_route_c":null,"stco_fipscode":"06067","tnmfrc":4,"us_route":null,"us_route_a":null,"us_route_b":null,"us_route_c":null},"type":"Feature"},{"geometry":{"coordinates":[[-121.497465,38.581383],[-121.497719,38.580795]],"type":"LineString"},"id":"REF-SACRAMENTO-LOCAL-ROADS-403","properties":{"canon_status":"REAL_REFERENCE","county_route":null,"federal_lands_route":null,"fictionality":"REAL","globalid":"{36960611-6C23-4CA0-9A27-B236A8BD3778}","interstate":null,"interstate_a":null,"interstate_b":null,"interstate_c":null,"loaddate":1533980448000,"mtfcc_code":"S1400","name":"7th St","objectid":17965848,"permanent_identifier":"f971abf1-28b1-422d-9911-1b6cb58a7b48","real_world_relation":"REFERENCE_ONLY","shape_Length":88.37767159509754,"source_datadesc":"2016 October MAFTIGER","source_datasetid":"{155E1578-FAD5-4709-A194-6F828C31A01F}","source_featureid":"1102781889555","source_id":"REF-SACRAMENTO-LOCAL-ROADS","source_originator":"U.S. Department of Commerce, U.S. Census Bureau, Geography Division","state_route":null,"state_route_a":null,"state_route_b":null,"state_route_c":null,"stco_fipscode":"06067","tnmfrc":4,"us_route":null,"us_route_a":null,"us_route_b":null,"us_route_c":null},"type":"Feature"},{"geometry":{"coordinates":[[-121.469979,38.606665],[-121.471779,38.606686]],"type":"LineString"},"id":"REF-SACRAMENTO-LOCAL-ROADS-404","properties":{"canon_status":"REAL_REFERENCE","county_route":null,"federal_lands_route":null,"fictionality":"REAL","globalid":"{7525F17E-5572-4DF9-8974-1EFFA7473C9D}","interstate":null,"interstate_a":null,"interstate_b":null,"interstate_c":null,"loaddate":1533980571000,"mtfcc_code":"S1400","name":"Jefferson Ave","objectid":17965907,"permanent_identifier":"4f632920-ce93-4ac5-9be8-f8c01ec67448","real_world_relation":"REFERENCE_ONLY","shape_Length":200.39742955481742,"source_datadesc":"2016 October MAFTIGER","source_datasetid":"{155E1578-FAD5-4709-A194-6F828C31A01F}","source_featureid":"110874134324","source_id":"REF-SACRAMENTO-LOCAL-ROADS","source_originator":"U.S. Department of Commerce, U.S. Census Bureau, Geography Division","state_route":null,"state_route_a":null,"state_route_b":null,"state_route_c":null,"stco_fipscode":"06067","tnmfrc":4,"us_route":null,"us_route_a":null,"us_route_b":null,"us_route_c":null},"type":"Feature"},{"geometry":{"coordinates":[[-121.466614,38.601698],[-121.465926,38.602024]],"type":"LineString"},"id":"REF-SACRAMENTO-LOCAL-ROADS-405","properties":{"canon_status":"REAL_REFERENCE","county_route":null,"federal_lands_route":null,"fictionality":"REAL","globalid":"{8CD0BD0A-D989-4C4B-BE31-E2E23027ED2D}","interstate":null,"interstate_a":null,"interstate_b":null,"interstate_c":null,"loaddate":1748519528000,"mtfcc_code":"S1400","name":"N Sac Mhp","objectid":17966336,"permanent_identifier":"005e9644-9e6c-4745-9350-b56a599fd884","real_world_relation":"REFERENCE_ONLY","shape_Length":89.56589154554317,"source_datadesc":"2016 October MAFTIGER","source_datasetid":"{7AD8F908-E576-4667-ABBE-3F904F423D64}","source_featureid":"110873968821","source_id":"REF-SACRAMENTO-LOCAL-ROADS","source_originator":"U.S. Department of Commerce, U.S. Census Bureau, Geography Division","state_route":null,"state_route_a":null,"state_route_b":null,"state_route_c":null,"stco_fipscode":"06067","tnmfrc":4,"us_route":null,"us_route_a":null,"us_route_b":null,"us_route_c":null},"type":"Feature"},{"geometry":{"coordinates":[[-121.465743,38.600595],[-121.466066,38.600631],[-121.466725,38.600739],[-121.467168,38.600822],[-121.467247,38.600855],[-121.467412,38.601007],[-121.467459,38.601076],[-121.467487,38.601171],[-121.467486,38.601191],[-121.467374,38.601653]],"type":"LineString"},"id":"REF-SACRAMENTO-LOCAL-ROADS-406","properties":{"canon_status":"REAL_REFERENCE","county_route":null,"federal_lands_route":null,"fictionality":"REAL","globalid":"{7654A966-DECE-4677-ADD9-6A313C794502}","interstate":null,"interstate_a":null,"interstate_b":null,"interstate_c":null,"loaddate":1748519528000,"mtfcc_code":"S1400","name":"N Sac Mhp","objectid":18093026,"permanent_identifier":"787c44ab-fcd7-40a0-b34f-4a657caea91d","real_world_relation":"REFERENCE_ONLY","shape_Length":295.20214582039944,"source_datadesc":"2016 October MAFTIGER","source_datasetid":"{7AD8F908-E576-4667-ABBE-3F904F423D64}","source_featureid":"110873968819","source_id":"REF-SACRAMENTO-LOCAL-ROADS","source_originator":"U.S. Department of Commerce, U.S. Census Bureau, Geography Division","state_route":null,"state_route_a":null,"state_route_b":null,"state_route_c":null,"stco_fipscode":"06067","tnmfrc":4,"us_route":null,"us_route_a":null,"us_route_b":null,"us_route_c":null},"type":"Feature"},{"geometry":{"coordinates":[[-121.464067,38.603105],[-121.463737,38.602685]],"type":"LineString"},"id":"REF-SACRAMENTO-LOCAL-ROADS-407","properties":{"canon_status":"REAL_REFERENCE","county_route":null,"federal_lands_route":null,"fictionality":"REAL","globalid":"{12A348C7-10D4-45D8-9803-73EC55A25C28}","interstate":null,"interstate_a":null,"interstate_b":null,"interstate_c":null,"loaddate":1533980605000,"mtfcc_code":"S1400","name":"Baxter Ave","objectid":18093097,"permanent_identifier":"dbbcb706-ab0e-4412-8fed-6b6203f71479","real_world_relation":"REFERENCE_ONLY","shape_Length":70.20512475607718,"source_datadesc":"2016 October MAFTIGER","source_datasetid":"{155E1578-FAD5-4709-A194-6F828C31A01F}","source_featureid":"110873948019","source_id":"REF-SACRAMENTO-LOCAL-ROADS","source_originator":"U.S. Department of Commerce, U.S. Census Bureau, Geography Division","state_route":null,"state_route_a":null,"state_route_b":null,"state_route_c":null,"stco_fipscode":"06067","tnmfrc":4,"us_route":null,"us_route_a":null,"us_route_b":null,"us_route_c":null},"type":"Feature"},{"geometry":{"coordinates":[[-121.486428,38.593088],[-121.48524,38.592779],[-121.485073,38.592803]],"type":"LineString"},"id":"REF-SACRAMENTO-LOCAL-ROADS-408","properties":{"canon_status":"REAL_REFERENCE","county_route":null,"federal_lands_route":null,"fictionality":"REAL","globalid":"{B7E85D07-6F76-46A8-8C4C-06D62EA77F12}","interstate":null,"interstate_a":null,"interstate_b":null,"interstate_c":null,"loaddate":1533980512000,"mtfcc_code":"S1400","name":"N D St","objectid":18093160,"permanent_identifier":"643c669b-2685-4a0b-b6e8-e052df1cc06c","real_world_relation":"REFERENCE_ONLY","shape_Length":158.28007266881696,"source_datadesc":"2016 October MAFTIGER","source_datasetid":"{155E1578-FAD5-4709-A194-6F828C31A01F}","source_featureid":"110873834339","source_id":"REF-SACRAMENTO-LOCAL-ROADS","source_originator":"U.S. Department of Commerce, U.S. Census Bureau, Geography Division","state_route":null,"state_route_a":null,"state_route_b":null,"state_route_c":null,"stco_fipscode":"06067","tnmfrc":4,"us_route":null,"us_route_a":null,"us_route_b":null,"us_route_c":null},"type":"Feature"},{"geometry":{"coordinates":[[-121.51025,38.587209],[-121.510273,38.587202],[-121.510525,38.587232],[-121.511355,38.587331],[-121.511632,38.587364]],"type":"LineString"},"id":"REF-SACRAMENTO-LOCAL-ROADS-409","properties":{"canon_status":"REAL_REFERENCE","county_route":null,"federal_lands_route":null,"fictionality":"REAL","globalid":"{0C1C5B05-4086-4E7D-8500-0A7E108738A4}","interstate":null,"interstate_a":null,"interstate_b":null,"interstate_c":null,"loaddate":1533980965000,"mtfcc_code":"S1400","name":"D St","objectid":18093657,"permanent_identifier":"e21c3bb5-35e3-4ecf-96af-31d46892f8c5","real_world_relation":"REFERENCE_ONLY","shape_Length":155.7799202847378,"source_datadesc":"2016 October MAFTIGER","source_datasetid":"{155E1578-FAD5-4709-A194-6F828C31A01F}","source_featureid":"110758799861","source_id":"REF-SACRAMENTO-LOCAL-ROADS","source_originator":"U.S. Department of Commerce, U.S. Census Bureau, Geography Division","state_route":null,"state_route_a":null,"state_route_b":null,"state_route_c":null,"stco_fipscode":"06113","tnmfrc":4,"us_route":null,"us_route_a":null,"us_route_b":null,"us_route_c":null},"type":"Feature"},{"geometry":{"coordinates":[[-121.49237,38.5794],[-121.492608,38.578851]],"type":"LineString"},"id":"REF-SACRAMENTO-LOCAL-ROADS-410","properties":{"canon_status":"REAL_REFERENCE","county_route":null,"federal_lands_route":null,"fictionality":"REAL","globalid":"{AD4C8B0A-7991-443A-8906-6D997D551C5B}","interstate":null,"interstate_a":null,"interstate_b":null,"interstate_c":null,"loaddate":1533980529000,"mtfcc_code":"S1400","name":"11th St","objectid":18221863,"permanent_identifier":"685d70d8-4d25-497f-be1a-82007e44c8bb","real_world_relation":"REFERENCE_ONLY","shape_Length":82.54403747504463,"source_datadesc":"2016 October MAFTIGER","source_datasetid":"{155E1578-FAD5-4709-A194-6F828C31A01F}","source_featureid":"110873853109","source_id":"REF-SACRAMENTO-LOCAL-ROADS","source_originator":"U.S. Department of Commerce, U.S. Census Bureau, Geography Division","state_route":null,"state_route_a":null,"state_route_b":null,"state_route_c":null,"stco_fipscode":"06067","tnmfrc":4,"us_route":null,"us_route_a":null,"us_route_b":null,"us_route_c":null},"type":"Feature"},{"geometry":{"coordinates":[[-121.487783,38.593453],[-121.486428,38.593088]],"type":"LineString"},"id":"REF-SACRAMENTO-LOCAL-ROADS-411","properties":{"canon_status":"REAL_REFERENCE","county_route":null,"federal_lands_route":null,"fictionality":"REAL","globalid":"{2364DC4F-9F6C-4BAE-95EF-54948E54CDDA}","interstate":null,"interstate_a":null,"interstate_b":null,"interstate_c":null,"loaddate":1533980512000,"mtfcc_code":"S1400","name":"N D St","objectid":18350368,"permanent_identifier":"e642084f-5131-4799-a6fe-4b81d155346d","real_world_relation":"REFERENCE_ONLY","shape_Length":159.5448986457943,"source_datadesc":"2016 October MAFTIGER","source_datasetid":"{155E1578-FAD5-4709-A194-6F828C31A01F}","source_featureid":"110873834339","source_id":"REF-SACRAMENTO-LOCAL-ROADS","source_originator":"U.S. Department of Commerce, U.S. Census Bureau, Geography Division","state_route":null,"state_route_a":null,"state_route_b":null,"state_route_c":null,"stco_fipscode":"06067","tnmfrc":4,"us_route":null,"us_route_a":null,"us_route_b":null,"us_route_c":null},"type":"Feature"},{"geometry":{"coordinates":[[-121.48105,38.595529],[-121.480829,38.595523],[-121.480613,38.5955],[-121.480455,38.595471]],"type":"LineString"},"id":"REF-SACRAMENTO-LOCAL-ROADS-412","properties":{"canon_status":"REAL_REFERENCE","county_route":null,"federal_lands_route":null,"fictionality":"REAL","globalid":"{28FBEBFE-91EC-4ECD-86D8-F130D644DBB3}","interstate":null,"interstate_a":null,"interstate_b":null,"interstate_c":null,"loaddate":1533980420000,"mtfcc_code":"S1400","name":"Richards Blvd","objectid":18478380,"permanent_identifier":"8efc3d2a-4c54-47c0-9f82-79ebb21a2011","real_world_relation":"REFERENCE_ONLY","shape_Length":66.95056430658022,"source_datadesc":"2016 October MAFTIGER","source_datasetid":"{155E1578-FAD5-4709-A194-6F828C31A01F}","source_featureid":"110874105498","source_id":"REF-SACRAMENTO-LOCAL-ROADS","source_originator":"U.S. Department of Commerce, U.S. Census Bureau, Geography Division","state_route":null,"state_route_a":null,"state_route_b":null,"state_route_c":null,"stco_fipscode":"06067","tnmfrc":4,"us_route":null,"us_route_a":null,"us_route_b":null,"us_route_c":null},"type":"Feature"},{"geometry":{"coordinates":[[-121.491184,38.582142],[-121.489864,38.58179]],"type":"LineString"},"id":"REF-SACRAMENTO-LOCAL-ROADS-413","properties":{"canon_status":"REAL_REFERENCE","county_route":null,"federal_lands_route":null,"fictionality":"REAL","globalid":"{A950E2A6-911B-45F5-A1CA-FA5AD519DD52}","interstate":null,"interstate_a":null,"interstate_b":null,"interstate_c":null,"loaddate":1533980466000,"mtfcc_code":"S1400","name":"H St","objectid":18478411,"permanent_identifier":"8bc8cc7e-bc5b-472a-8be3-5787ddd49c46","real_world_relation":"REFERENCE_ONLY","shape_Length":155.2562369953794,"source_datadesc":"2016 October MAFTIGER","source_datasetid":"{155E1578-FAD5-4709-A194-6F828C31A01F}","source_featureid":"1104994081186","source_id":"REF-SACRAMENTO-LOCAL-ROADS","source_originator":"U.S. Department of Commerce, U.S. Census Bureau, Geography Division","state_route":null,"state_route_a":null,"state_route_b":null,"state_route_c":null,"stco_fipscode":"06067","tnmfrc":4,"us_route":null,"us_route_a":null,"us_route_b":null,"us_route_c":null},"type":"Feature"},{"geometry":{"coordinates":[[-121.464149,38.606527],[-121.464146,38.606942]],"type":"LineString"},"id":"REF-SACRAMENTO-LOCAL-ROADS-414","properties":{"canon_status":"REAL_REFERENCE","county_route":null,"federal_lands_route":null,"fictionality":"REAL","globalid":"{9E02D63E-6790-4388-987B-42BFF227BA64}","interstate":null,"interstate_a":null,"interstate_b":null,"interstate_c":null,"loaddate":1533980614000,"mtfcc_code":"S1400","name":"Colfax St","objectid":18606876,"permanent_identifier":"0b585f55-bdc4-4809-847d-b0d67fa65b10","real_world_relation":"REFERENCE_ONLY","shape_Length":59.11894348855437,"source_datadesc":"2016 October MAFTIGER","source_datasetid":"{155E1578-FAD5-4709-A194-6F828C31A01F}","source_featureid":"110873948911","source_id":"REF-SACRAMENTO-LOCAL-ROADS","source_originator":"U.S. Department of Commerce, U.S. Census Bureau, Geography Division","state_route":null,"state_route_a":null,"state_route_b":null,"state_route_c":null,"stco_fipscode":"06067","tnmfrc":4,"us_route":null,"us_route_a":null,"us_route_b":null,"us_route_c":null},"type":"Feature"},{"geometry":{"coordinates":[[-121.483804,38.581393],[-121.482478,38.581039]],"type":"LineString"},"id":"REF-SACRAMENTO-LOCAL-ROADS-415","properties":{"canon_status":"REAL_REFERENCE","county_route":null,"federal_lands_route":null,"fictionality":"REAL","globalid":"{9343589D-7558-4BF5-A30D-767D69868EBE}","interstate":null,"interstate_a":null,"interstate_b":null,"interstate_c":null,"loaddate":1533980630000,"mtfcc_code":"S1400","name":"G St","objectid":18607384,"permanent_identifier":"adb304ea-71bf-4942-9711-4d907999afef","real_world_relation":"REFERENCE_ONLY","shape_Length":155.98022939461495,"source_datadesc":"2016 October MAFTIGER","source_datasetid":"{155E1578-FAD5-4709-A194-6F828C31A01F}","source_featureid":"110873834423","source_id":"REF-SACRAMENTO-LOCAL-ROADS","source_originator":"U.S. Department of Commerce, U.S. Census Bureau, Geography Division","state_route":null,"state_route_a":null,"state_route_b":null,"state_route_c":null,"stco_fipscode":"06067","tnmfrc":4,"us_route":null,"us_route_a":null,"us_route_b":null,"us_route_c":null},"type":"Feature"},{"geometry":{"coordinates":[[-121.503213,38.584313],[-121.503086,38.584249]],"type":"LineString"},"id":"REF-SACRAMENTO-LOCAL-ROADS-416","properties":{"canon_status":"REAL_REFERENCE","county_route":null,"federal_lands_route":null,"fictionality":"REAL","globalid":"{7503F8EA-F900-4902-B04B-E1B3B2479195}","interstate":null,"interstate_a":null,"interstate_b":null,"interstate_c":null,"loaddate":1533980547000,"mtfcc_code":"S1400","name":"I St","objectid":18607417,"permanent_identifier":"b150f7c2-52d8-4e4d-a50d-443c4729170f","real_world_relation":"REFERENCE_ONLY","shape_Length":16.820831591717745,"source_datadesc":"2016 October MAFTIGER","source_datasetid":"{155E1578-FAD5-4709-A194-6F828C31A01F}","source_featureid":"110873834453","source_id":"REF-SACRAMENTO-LOCAL-ROADS","source_originator":"U.S. Department of Commerce, U.S. Census Bureau, Geography Division","state_route":null,"state_route_a":null,"state_route_b":null,"state_route_c":null,"stco_fipscode":"06067","tnmfrc":4,"us_route":null,"us_route_a":null,"us_route_b":null,"us_route_c":null},"type":"Feature"},{"geometry":{"coordinates":[[-121.48872,38.591277],[-121.486045,38.590546]],"type":"LineString"},"id":"REF-SACRAMENTO-LOCAL-ROADS-417","properties":{"canon_status":"REAL_REFERENCE","county_route":null,"federal_lands_route":null,"fictionality":"REAL","globalid":"{F4D7AF8B-343B-4577-BE01-4752370AAF51}","interstate":null,"interstate_a":null,"interstate_b":null,"interstate_c":null,"loaddate":1533980554000,"mtfcc_code":"S1400","name":"N B St","objectid":18734996,"permanent_identifier":"42488f11-cb0b-4cd0-849a-f6e2a3d88bd7","real_world_relation":"REFERENCE_ONLY","shape_Length":315.45472492112657,"source_datadesc":"2016 October MAFTIGER","source_datasetid":"{155E1578-FAD5-4709-A194-6F828C31A01F}","source_featureid":"110873834253","source_id":"REF-SACRAMENTO-LOCAL-ROADS","source_originator":"U.S. Department of Commerce, U.S. Census Bureau, Geography Division","state_route":null,"state_route_a":null,"state_route_b":null,"state_route_c":null,"stco_fipscode":"06067","tnmfrc":4,"us_route":null,"us_route_a":null,"us_route_b":null,"us_route_c":null},"type":"Feature"},{"geometry":{"coordinates":[[-121.505312,38.58055],[-121.505973,38.580727]],"type":"LineString"},"id":"REF-SACRAMENTO-LOCAL-ROADS-418","properties":{"canon_status":"REAL_REFERENCE","county_route":null,"federal_lands_route":null,"fictionality":"REAL","globalid":"{02A96F4F-73BD-4290-8FBD-435F64E78298}","interstate":null,"interstate_a":null,"interstate_b":null,"interstate_c":null,"loaddate":1533980526000,"mtfcc_code":"S1400","name":"Neasham Cir","objectid":18735006,"permanent_identifier":"49734ffc-ccce-4985-8038-14db3d7d9661","real_world_relation":"REFERENCE_ONLY","shape_Length":77.77938147114044,"source_datadesc":"2016 October MAFTIGER","source_datasetid":"{155E1578-FAD5-4709-A194-6F828C31A01F}","source_featureid":"110873967519","source_id":"REF-SACRAMENTO-LOCAL-ROADS","source_originator":"U.S. Department of Commerce, U.S. Census Bureau, Geography Division","state_route":null,"state_route_a":null,"state_route_b":null,"state_route_c":null,"stco_fipscode":"06067","tnmfrc":4,"us_route":null,"us_route_a":null,"us_route_b":null,"us_route_c":null},"type":"Feature"},{"geometry":{"coordinates":[[-121.494721,38.584302],[-121.495194,38.583211]],"type":"LineString"},"id":"REF-SACRAMENTO-LOCAL-ROADS-419","properties":{"canon_status":"REAL_REFERENCE","county_route":null,"federal_lands_route":null,"fictionality":"REAL","globalid":"{1422B22B-8422-45E8-9568-EEAD6E86425F}","interstate":null,"interstate_a":null,"interstate_b":null,"interstate_c":null,"loaddate":1533980530000,"mtfcc_code":"S1400","name":"8th St","objectid":18863383,"permanent_identifier":"19848097-a901-47ed-9f3f-69f7a0db115a","real_world_relation":"REFERENCE_ONLY","shape_Length":164.04634580124971,"source_datadesc":"2016 October MAFTIGER","source_datasetid":"{155E1578-FAD5-4709-A194-6F828C31A01F}","source_featureid":"110873852359","source_id":"REF-SACRAMENTO-LOCAL-ROADS","source_originator":"U.S. Department of Commerce, U.S. Census Bureau, Geography Division","state_route":null,"state_route_a":null,"state_route_b":null,"state_route_c":null,"stco_fipscode":"06067","tnmfrc":4,"us_route":null,"us_route_a":null,"us_route_b":null,"us_route_c":null},"type":"Feature"},{"geometry":{"coordinates":[[-121.479629,38.587602],[-121.479152,38.588696]],"type":"LineString"},"id":"REF-SACRAMENTO-LOCAL-ROADS-420","properties":{"canon_status":"REAL_REFERENCE","county_route":null,"federal_lands_route":null,"fictionality":"REAL","globalid":"{93B6C9E0-11F2-4872-9B25-3EC12BB093FC}","interstate":null,"interstate_a":null,"interstate_b":null,"interstate_c":null,"loaddate":1533980505000,"mtfcc_code":"S1400","name":"N 17th St","objectid":18863421,"permanent_identifier":"9984ac69-e5f8-4685-bfe9-833d7f520c77","real_world_relation":"REFERENCE_ONLY","shape_Length":164.60329805510858,"source_datadesc":"2016 October MAFTIGER","source_datasetid":"{155E1578-FAD5-4709-A194-6F828C31A01F}","source_featureid":"110873858188","source_id":"REF-SACRAMENTO-LOCAL-ROADS","source_originator":"U.S. Department of Commerce, U.S. Census Bureau, Geography Division","state_route":null,"state_route_a":null,"state_route_b":null,"state_route_c":null,"stco_fipscode":"06067","tnmfrc":4,"us_route":null,"us_route_a":null,"us_route_b":null,"us_route_c":null},"type":"Feature"},{"geometry":{"coordinates":[[-121.465793,38.602955],[-121.465412,38.602462]],"type":"LineString"},"id":"REF-SACRAMENTO-LOCAL-ROADS-421","properties":{"canon_status":"REAL_REFERENCE","county_route":null,"federal_lands_route":null,"fictionality":"REAL","globalid":"{47385858-9BEF-4B1B-80A9-F39C3BB7F83B}","interstate":null,"interstate_a":null,"interstate_b":null,"interstate_c":null,"loaddate":1533980631000,"mtfcc_code":"S1400","name":"Globe Ave","objectid":18863655,"permanent_identifier":"a2d48bd4-a156-457e-a038-3f9ff4edc4b4","real_world_relation":"REFERENCE_ONLY","shape_Length":82.03928282538453,"source_datadesc":"2016 October MAFTIGER","source_datasetid":"{155E1578-FAD5-4709-A194-6F828C31A01F}","source_featureid":"110873943269","source_id":"REF-SACRAMENTO-LOCAL-ROADS","source_originator":"U.S. Department of Commerce, U.S. Census Bureau, Geography Division","state_route":null,"state_route_a":null,"state_route_b":null,"state_route_c":null,"stco_fipscode":"06067","tnmfrc":4,"us_route":null,"us_route_a":null,"us_route_b":null,"us_route_c":null},"type":"Feature"},{"geometry":{"coordinates":[[-121.501943,38.58405],[-121.501839,38.583952],[-121.501724,38.583861],[-121.501599,38.583775],[-121.501374,38.583655],[-121.501327,38.583625]],"type":"LineString"},"id":"REF-SACRAMENTO-LOCAL-ROADS-422","properties":{"canon_status":"REAL_REFERENCE","county_route":null,"federal_lands_route":null,"fictionality":"REAL","globalid":"{B4E25226-D082-4891-98EB-45DAECBC0F4D}","interstate":null,"interstate_a":null,"interstate_b":null,"interstate_c":null,"loaddate":1533980509000,"mtfcc_code":"S1400","name":null,"objectid":18863907,"permanent_identifier":"9ec7eb39-c189-4aa7-8fe0-6911b25b72b5","real_world_relation":"REFERENCE_ONLY","shape_Length":91.96165148086362,"source_datadesc":"2016 October MAFTIGER","source_datasetid":"{155E1578-FAD5-4709-A194-6F828C31A01F}","source_featureid":"110874217762","source_id":"REF-SACRAMENTO-LOCAL-ROADS","source_originator":"U.S. Department of Commerce, U.S. Census Bureau, Geography Division","state_route":null,"state_route_a":null,"state_route_b":null,"state_route_c":null,"stco_fipscode":"06067","tnmfrc":4,"us_route":null,"us_route_a":null,"us_route_b":null,"us_route_c":null},"type":"Feature"},{"geometry":{"coordinates":[[-121.474206,38.599282],[-121.473238,38.598434]],"type":"LineString"},"id":"REF-SACRAMENTO-LOCAL-ROADS-423","properties":{"canon_status":"REAL_REFERENCE","county_route":null,"federal_lands_route":null,"fictionality":"REAL","globalid":"{A4F4A2FA-FB3C-4BF3-813B-F58523461CFF}","interstate":null,"interstate_a":null,"interstate_b":null,"interstate_c":null,"loaddate":1533980503000,"mtfcc_code":"S1400","name":"Northgate Blvd","objectid":18863908,"permanent_identifier":"58a1dfa2-8f15-4312-9a55-7f01d754b9d8","real_world_relation":"REFERENCE_ONLY","shape_Length":161.86757215187444,"source_datadesc":"2016 October MAFTIGER","source_datasetid":"{155E1578-FAD5-4709-A194-6F828C31A01F}","source_featureid":"110874149115","source_id":"REF-SACRAMENTO-LOCAL-ROADS","source_originator":"U.S. Department of Commerce, U.S. Census Bureau, Geography Division","state_route":null,"state_route_a":null,"state_route_b":null,"state_route_c":null,"stco_fipscode":"06067","tnmfrc":4,"us_route":null,"us_route_a":null,"us_route_b":null,"us_route_c":null},"type":"Feature"},{"geometry":{"coordinates":[[-121.485602,38.598511],[-121.484715,38.600569]],"type":"LineString"},"id":"REF-SACRAMENTO-LOCAL-ROADS-424","properties":{"canon_status":"REAL_REFERENCE","county_route":null,"federal_lands_route":null,"fictionality":"REAL","globalid":"{2E02DE42-7869-4A52-9984-6C39F2426875}","interstate":null,"interstate_a":null,"interstate_b":null,"interstate_c":null,"loaddate":1533980470000,"mtfcc_code":"S1400","name":"N 10th St","objectid":18863935,"permanent_identifier":"b7aa75a2-8910-4bb7-8579-38fe39efa2b8","real_world_relation":"REFERENCE_ONLY","shape_Length":309.32197026310484,"source_datadesc":"2016 October MAFTIGER","source_datasetid":"{155E1578-FAD5-4709-A194-6F828C31A01F}","source_featureid":"110873853081","source_id":"REF-SACRAMENTO-LOCAL-ROADS","source_originator":"U.S. Department of Commerce, U.S. Census Bureau, Geography Division","state_route":null,"state_route_a":null,"state_route_b":null,"state_route_c":null,"stco_fipscode":"06067","tnmfrc":4,"us_route":null,"us_route_a":null,"us_route_b":null,"us_route_c":null},"type":"Feature"},{"geometry":{"coordinates":[[-121.480479,38.589046],[-121.479152,38.588696]],"type":"LineString"},"id":"REF-SACRAMENTO-LOCAL-ROADS-425","properties":{"canon_status":"REAL_REFERENCE","county_route":null,"federal_lands_route":null,"fictionality":"REAL","globalid":"{576BA241-506B-443A-A242-121FBC6A2C97}","interstate":null,"interstate_a":null,"interstate_b":null,"interstate_c":null,"loaddate":1533980554000,"mtfcc_code":"S1400","name":"N B St","objectid":18864120,"permanent_identifier":"7332e651-583e-44a3-b885-533d989f35d8","real_world_relation":"REFERENCE_ONLY","shape_Length":155.90422549343708,"source_datadesc":"2016 October MAFTIGER","source_datasetid":"{155E1578-FAD5-4709-A194-6F828C31A01F}","source_featureid":"110873834253","source_id":"REF-SACRAMENTO-LOCAL-ROADS","source_originator":"U.S. Department of Commerce, U.S. Census Bureau, Geography Division","state_route":null,"state_route_a":null,"state_route_b":null,"state_route_c":null,"stco_fipscode":"06067","tnmfrc":4,"us_route":null,"us_route_a":null,"us_route_b":null,"us_route_c":null},"type":"Feature"},{"geometry":{"coordinates":[[-121.492698,38.585603],[-121.492937,38.58505]],"type":"LineString"},"id":"REF-SACRAMENTO-LOCAL-ROADS-426","properties":{"canon_status":"REAL_REFERENCE","county_route":null,"federal_lands_route":null,"fictionality":"REAL","globalid":"{3BEF5B57-33FE-44CD-A6DE-FC11C7D4E8D2}","interstate":null,"interstate_a":null,"interstate_b":null,"interstate_c":null,"loaddate":1533980534000,"mtfcc_code":"S1400","name":"9th St","objectid":18992277,"permanent_identifier":"46466cd1-95b2-4076-ad8b-aa935b1ef4c5","real_world_relation":"REFERENCE_ONLY","shape_Length":83.12570191646634,"source_datadesc":"2016 October MAFTIGER","source_datasetid":"{155E1578-FAD5-4709-A194-6F828C31A01F}","source_featureid":"110873852404","source_id":"REF-SACRAMENTO-LOCAL-ROADS","source_originator":"U.S. Department of Commerce, U.S. Census Bureau, Geography Division","state_route":null,"state_route_a":null,"state_route_b":null,"state_route_c":null,"stco_fipscode":"06067","tnmfrc":4,"us_route":null,"us_route_a":null,"us_route_b":null,"us_route_c":null},"type":"Feature"},{"geometry":{"coordinates":[[-121.485517,38.584293],[-121.485753,38.583749]],"type":"LineString"},"id":"REF-SACRAMENTO-LOCAL-ROADS-427","properties":{"canon_status":"REAL_REFERENCE","county_route":null,"federal_lands_route":null,"fictionality":"REAL","globalid":"{163ED951-98B2-4B12-A9A3-E6E964D9C60D}","interstate":null,"interstate_a":null,"interstate_b":null,"interstate_c":null,"loaddate":1533980436000,"mtfcc_code":"S1400","name":"14th St","objectid":19121010,"permanent_identifier":"2105c960-8ba7-41f0-881c-62c1fa91fe9c","real_world_relation":"REFERENCE_ONLY","shape_Length":81.80325093462021,"source_datadesc":"2016 October MAFTIGER","source_datasetid":"{155E1578-FAD5-4709-A194-6F828C31A01F}","source_featureid":"110873854979","source_id":"REF-SACRAMENTO-LOCAL-ROADS","source_originator":"U.S. Department of Commerce, U.S. Census Bureau, Geography Division","state_route":null,"state_route_a":null,"state_route_b":null,"state_route_c":null,"stco_fipscode":"06067","tnmfrc":4,"us_route":null,"us_route_a":null,"us_route_b":null,"us_route_c":null},"type":"Feature"},{"geometry":{"coordinates":[[-121.484565,38.586482],[-121.483231,38.586128]],"type":"LineString"},"id":"REF-SACRAMENTO-LOCAL-ROADS-428","properties":{"canon_status":"REAL_REFERENCE","county_route":null,"federal_lands_route":null,"fictionality":"REAL","globalid":"{5C0FA4C3-D267-4889-8E28-9EA3348CEACC}","interstate":null,"interstate_a":null,"interstate_b":null,"interstate_c":null,"loaddate":1533980488000,"mtfcc_code":"S1400","name":"C St","objectid":19247966,"permanent_identifier":"671ea020-b3a1-4794-8134-7a588c00564d","real_world_relation":"REFERENCE_ONLY","shape_Length":156.8244575829847,"source_datadesc":"2016 October MAFTIGER","source_datasetid":"{155E1578-FAD5-4709-A194-6F828C31A01F}","source_featureid":"110873834267","source_id":"REF-SACRAMENTO-LOCAL-ROADS","source_originator":"U.S. Department of Commerce, U.S. Census Bureau, Geography Division","state_route":null,"state_route_a":null,"state_route_b":null,"state_route_c":null,"stco_fipscode":"06067","tnmfrc":4,"us_route":null,"us_route_a":null,"us_route_b":null,"us_route_c":null},"type":"Feature"},{"geometry":{"coordinates":[[-121.503658,38.584248],[-121.503562,38.584483],[-121.503355,38.584376]],"type":"LineString"},"id":"REF-SACRAMENTO-LOCAL-ROADS-429","properties":{"canon_status":"REAL_REFERENCE","county_route":null,"federal_lands_route":null,"fictionality":"REAL","globalid":"{0BE13510-0FEF-4321-8DA6-2CEE37929806}","interstate":null,"interstate_a":null,"interstate_b":null,"interstate_c":null,"loaddate":1533980547000,"mtfcc_code":"S1400","name":"I St","objectid":19248342,"permanent_identifier":"91ae9114-38e6-4226-8cfb-a2403d4f12c2","real_world_relation":"REFERENCE_ONLY","shape_Length":62.7565973055328,"source_datadesc":"2016 October MAFTIGER","source_datasetid":"{155E1578-FAD5-4709-A194-6F828C31A01F}","source_featureid":"110873834453","source_id":"REF-SACRAMENTO-LOCAL-ROADS","source_originator":"U.S. Department of Commerce, U.S. Census Bureau, Geography Division","state_route":null,"state_route_a":null,"state_route_b":null,"state_route_c":null,"stco_fipscode":"06067","tnmfrc":4,"us_route":null,"us_route_a":null,"us_route_b":null,"us_route_c":null},"type":"Feature"},{"geometry":{"coordinates":[[-121.507112,38.600504],[-121.506572,38.600018],[-121.506291,38.599765],[-121.505837,38.599357],[-121.505605,38.599148],[-121.5051,38.598689]],"type":"LineString"},"id":"REF-SACRAMENTO-LOCAL-ROADS-430","properties":{"canon_status":"REAL_REFERENCE","county_route":null,"federal_lands_route":null,"fictionality":"REAL","globalid":"{D239B413-705B-4B6C-B0A1-87E081FAD772}","interstate":null,"interstate_a":null,"interstate_b":null,"interstate_c":null,"loaddate":1533980456000,"mtfcc_code":"S1400","name":"Jibboom St","objectid":19248652,"permanent_identifier":"2d174c5f-eed1-49de-8cc6-b9835a44ac3f","real_world_relation":"REFERENCE_ONLY","shape_Length":342.05440836006767,"source_datadesc":"2016 October MAFTIGER","source_datasetid":"{155E1578-FAD5-4709-A194-6F828C31A01F}","source_featureid":"110873966211","source_id":"REF-SACRAMENTO-LOCAL-ROADS","source_originator":"U.S. Department of Commerce, U.S. Census Bureau, Geography Division","state_route":null,"state_route_a":null,"state_route_b":null,"state_route_c":null,"stco_fipscode":"06067","tnmfrc":4,"us_route":null,"us_route_a":null,"us_route_b":null,"us_route_c":null},"type":"Feature"},{"geometry":{"coordinates":[[-121.509921,38.589037],[-121.509273,38.588977]],"type":"LineString"},"id":"REF-SACRAMENTO-LOCAL-ROADS-431","properties":{"canon_status":"REAL_REFERENCE","county_route":null,"federal_lands_route":null,"fictionality":"REAL","globalid":"{817D46BB-3E9F-492B-A87E-8E7D2F6033F6}","interstate":null,"interstate_a":null,"interstate_b":null,"interstate_c":null,"loaddate":1533980952000,"mtfcc_code":"S1400","name":"McDowell Ln","objectid":19248715,"permanent_identifier":"e2f685b0-97db-4074-bc76-dba239b8ba90","real_world_relation":"REFERENCE_ONLY","shape_Length":72.63946163087068,"source_datadesc":"2016 October MAFTIGER","source_datasetid":"{155E1578-FAD5-4709-A194-6F828C31A01F}","source_featureid":"1103718080117","source_id":"REF-SACRAMENTO-LOCAL-ROADS","source_originator":"U.S. Department of Commerce, U.S. Census Bureau, Geography Division","state_route":null,"state_route_a":null,"state_route_b":null,"state_route_c":null,"stco_fipscode":"06113","tnmfrc":4,"us_route":null,"us_route_a":null,"us_route_b":null,"us_route_c":null},"type":"Feature"},{"geometry":{"coordinates":[[-121.483072,38.597433],[-121.482935,38.59736],[-121.480462,38.595735],[-121.480415,38.595682],[-121.480414,38.595618],[-121.480455,38.595471]],"type":"LineString"},"id":"REF-SACRAMENTO-LOCAL-ROADS-432","properties":{"canon_status":"REAL_REFERENCE","county_route":null,"federal_lands_route":null,"fictionality":"REAL","globalid":"{5657C1F7-04BF-438C-B0D7-512D316F350A}","interstate":null,"interstate_a":null,"interstate_b":null,"interstate_c":null,"loaddate":1533980493000,"mtfcc_code":"S1400","name":"Vine St","objectid":19249049,"permanent_identifier":"c49943e8-2efa-4e7b-980b-323441f85a0e","real_world_relation":"REFERENCE_ONLY","shape_Length":417.8502819515253,"source_datadesc":"2016 October MAFTIGER","source_datasetid":"{155E1578-FAD5-4709-A194-6F828C31A01F}","source_featureid":"110873936092","source_id":"REF-SACRAMENTO-LOCAL-ROADS","source_originator":"U.S. Department of Commerce, U.S. Census Bureau, Geography Division","state_route":null,"state_route_a":null,"state_route_b":null,"state_route_c":null,"stco_fipscode":"06067","tnmfrc":4,"us_route":null,"us_route_a":null,"us_route_b":null,"us_route_c":null},"type":"Feature"},{"geometry":{"coordinates":[[-121.503263,38.584914],[-121.503049,38.584804]],"type":"LineString"},"id":"REF-SACRAMENTO-LOCAL-ROADS-433","properties":{"canon_status":"REAL_REFERENCE","county_route":null,"federal_lands_route":null,"fictionality":"REAL","globalid":"{11089DC7-0D69-44B2-9CDC-14F349B3C2CC}","interstate":null,"interstate_a":null,"interstate_b":null,"interstate_c":null,"loaddate":1533980544000,"mtfcc_code":"S1400","name":null,"objectid":19376201,"permanent_identifier":"48240c44-9804-41db-8927-95bfc7cc3602","real_world_relation":"REFERENCE_ONLY","shape_Length":28.511438051990076,"source_datadesc":"2016 October MAFTIGER","source_datasetid":"{155E1578-FAD5-4709-A194-6F828C31A01F}","source_featureid":"110874217767","source_id":"REF-SACRAMENTO-LOCAL-ROADS","source_originator":"U.S. Department of Commerce, U.S. Census Bureau, Geography Division","state_route":null,"state_route_a":null,"state_route_b":null,"state_route_c":null,"stco_fipscode":"06067","tnmfrc":4,"us_route":null,"us_route_a":null,"us_route_b":null,"us_route_c":null},"type":"Feature"},{"geometry":{"coordinates":[[-121.46536,38.604435],[-121.464753,38.604726]],"type":"LineString"},"id":"REF-SACRAMENTO-LOCAL-ROADS-434","properties":{"canon_status":"REAL_REFERENCE","county_route":null,"federal_lands_route":null,"fictionality":"REAL","globalid":"{4A47C5F1-58D2-4DA6-BAD5-8F3BBE5ADEDA}","interstate":null,"interstate_a":null,"interstate_b":null,"interstate_c":null,"loaddate":1533980525000,"mtfcc_code":"S1400","name":"el Monte Ave","objectid":19376435,"permanent_identifier":"2a113f79-fd49-46f1-b8af-044bc99fdfe3","real_world_relation":"REFERENCE_ONLY","shape_Length":79.2726818504361,"source_datadesc":"2016 October MAFTIGER","source_datasetid":"{155E1578-FAD5-4709-A194-6F828C31A01F}","source_featureid":"110873973955","source_id":"REF-SACRAMENTO-LOCAL-ROADS","source_originator":"U.S. Department of Commerce, U.S. Census Bureau, Geography Division","state_route":null,"state_route_a":null,"state_route_b":null,"state_route_c":null,"stco_fipscode":"06067","tnmfrc":4,"us_route":null,"us_route_a":null,"us_route_b":null,"us_route_c":null},"type":"Feature"},{"geometry":{"coordinates":[[-121.466392,38.603337],[-121.466744,38.603781]],"type":"LineString"},"id":"REF-SACRAMENTO-LOCAL-ROADS-435","properties":{"canon_status":"REAL_REFERENCE","county_route":null,"federal_lands_route":null,"fictionality":"REAL","globalid":"{1A1E37BB-6C7C-49E1-8C1C-4FAF481D78B0}","interstate":null,"interstate_a":null,"interstate_b":null,"interstate_c":null,"loaddate":1533980513000,"mtfcc_code":"S1400","name":"Acoma St","objectid":19503830,"permanent_identifier":"b27692bb-6157-4eb3-9a4c-d14a4d8ae3cf","real_world_relation":"REFERENCE_ONLY","shape_Length":74.40107192987828,"source_datadesc":"2016 October MAFTIGER","source_datasetid":"{155E1578-FAD5-4709-A194-6F828C31A01F}","source_featureid":"110873936215","source_id":"REF-SACRAMENTO-LOCAL-ROADS","source_originator":"U.S. Department of Commerce, U.S. Census Bureau, Geography Division","state_route":null,"state_route_a":null,"state_route_b":null,"state_route_c":null,"stco_fipscode":"06067","tnmfrc":4,"us_route":null,"us_route_a":null,"us_route_b":null,"us_route_c":null},"type":"Feature"},{"geometry":{"coordinates":[[-121.487322,38.583553],[-121.487562,38.583001]],"type":"LineString"},"id":"REF-SACRAMENTO-LOCAL-ROADS-436","properties":{"canon_status":"REAL_REFERENCE","county_route":null,"federal_lands_route":null,"fictionality":"REAL","globalid":"{2D3A3816-1AE6-4074-9FDF-33915BCDB6C4}","interstate":null,"interstate_a":null,"interstate_b":null,"interstate_c":null,"loaddate":1533980655000,"mtfcc_code":"S1400","name":"13th St","objectid":19504306,"permanent_identifier":"258aa7e9-79c5-4533-97ce-6e7ba055f274","real_world_relation":"REFERENCE_ONLY","shape_Length":83.02437526283909,"source_datadesc":"2016 October MAFTIGER","source_datasetid":"{155E1578-FAD5-4709-A194-6F828C31A01F}","source_featureid":"110873853976","source_id":"REF-SACRAMENTO-LOCAL-ROADS","source_originator":"U.S. Department of Commerce, U.S. Census Bureau, Geography Division","state_route":null,"state_route_a":null,"state_route_b":null,"state_route_c":null,"stco_fipscode":"06067","tnmfrc":4,"us_route":null,"us_route_a":null,"us_route_b":null,"us_route_c":null},"type":"Feature"},{"geometry":{"coordinates":[[-121.503239,38.581664],[-121.503708,38.580584]],"type":"LineString"},"id":"REF-SACRAMENTO-LOCAL-ROADS-437","properties":{"canon_status":"REAL_REFERENCE","county_route":null,"federal_lands_route":null,"fictionality":"REAL","globalid":"{1EA7DFF0-7EC6-4234-A417-842B84FDD5E7}","interstate":null,"interstate_a":null,"interstate_b":null,"interstate_c":null,"loaddate":1533980455000,"mtfcc_code":"S1400","name":"3rd St","objectid":19504717,"permanent_identifier":"50c9aa76-804a-42ce-b9b7-c3ff36ad5d98","real_world_relation":"REFERENCE_ONLY","shape_Length":162.4145198888529,"source_datadesc":"2016 October MAFTIGER","source_datasetid":"{155E1578-FAD5-4709-A194-6F828C31A01F}","source_featureid":"110873851943","source_id":"REF-SACRAMENTO-LOCAL-ROADS","source_originator":"U.S. Department of Commerce, U.S. Census Bureau, Geography Division","state_route":null,"state_route_a":null,"state_route_b":null,"state_route_c":null,"stco_fipscode":"06067","tnmfrc":4,"us_route":null,"us_route_a":null,"us_route_b":null,"us_route_c":null},"type":"Feature"},{"geometry":{"coordinates":[[-121.500594,38.580962],[-121.501063,38.579879]],"type":"LineString"},"id":"REF-SACRAMENTO-LOCAL-ROADS-438","properties":{"canon_status":"REAL_REFERENCE","county_route":null,"federal_lands_route":null,"fictionality":"REAL","globalid":"{03A6885E-E3A5-422B-A1FD-F5533C5FEA40}","interstate":null,"interstate_a":null,"interstate_b":null,"interstate_c":null,"loaddate":1533980465000,"mtfcc_code":"S1400","name":"5th St","objectid":19632409,"permanent_identifier":"a38ef187-8494-475d-8c41-0f86bf84c79b","real_world_relation":"REFERENCE_ONLY","shape_Length":162.81768344291152,"source_datadesc":"2016 October MAFTIGER","source_datasetid":"{155E1578-FAD5-4709-A194-6F828C31A01F}","source_featureid":"110873852123","source_id":"REF-SACRAMENTO-LOCAL-ROADS","source_originator":"U.S. Department of Commerce, U.S. Census Bureau, Geography Division","state_route":null,"state_route_a":null,"state_route_b":null,"state_route_c":null,"stco_fipscode":"06067","tnmfrc":4,"us_route":null,"us_route_a":null,"us_route_b":null,"us_route_c":null},"type":"Feature"},{"geometry":{"coordinates":[[-121.493173,38.600738],[-121.492905,38.601363]],"type":"LineString"},"id":"REF-SACRAMENTO-LOCAL-ROADS-439","properties":{"canon_status":"REAL_REFERENCE","county_route":null,"federal_lands_route":null,"fictionality":"REAL","globalid":"{8AB44A20-F1AB-49E6-A40F-823C0E501201}","interstate":null,"interstate_a":null,"interstate_b":null,"interstate_c":null,"loaddate":1533980516000,"mtfcc_code":"S1400","name":"N 5th St","objectid":19632411,"permanent_identifier":"fb26bcc1-164a-412f-a488-9f66ce173725","real_world_relation":"REFERENCE_ONLY","shape_Length":93.8918120233521,"source_datadesc":"2016 October MAFTIGER","source_datasetid":"{155E1578-FAD5-4709-A194-6F828C31A01F}","source_featureid":"110873852164","source_id":"REF-SACRAMENTO-LOCAL-ROADS","source_originator":"U.S. Department of Commerce, U.S. Census Bureau, Geography Division","state_route":null,"state_route_a":null,"state_route_b":null,"state_route_c":null,"stco_fipscode":"06067","tnmfrc":4,"us_route":null,"us_route_a":null,"us_route_b":null,"us_route_c":null},"type":"Feature"},{"geometry":{"coordinates":[[-121.511345,38.588659],[-121.511612,38.58869],[-121.512413,38.588786],[-121.512681,38.588819]],"type":"LineString"},"id":"REF-SACRAMENTO-LOCAL-ROADS-440","properties":{"canon_status":"REAL_REFERENCE","county_route":null,"federal_lands_route":null,"fictionality":"REAL","globalid":"{CC147F4D-AB70-4F1E-943C-BBC31E7FE143}","interstate":null,"interstate_a":null,"interstate_b":null,"interstate_c":null,"loaddate":1533980958000,"mtfcc_code":"S1400","name":"C St","objectid":19632846,"permanent_identifier":"6714a09f-1c4e-4780-aafc-f27374e4236e","real_world_relation":"REFERENCE_ONLY","shape_Length":150.45901305843034,"source_datadesc":"2016 October MAFTIGER","source_datasetid":"{155E1578-FAD5-4709-A194-6F828C31A01F}","source_featureid":"110758799858","source_id":"REF-SACRAMENTO-LOCAL-ROADS","source_originator":"U.S. Department of Commerce, U.S. Census Bureau, Geography Division","state_route":null,"state_route_a":null,"state_route_b":null,"state_route_c":null,"stco_fipscode":"06113","tnmfrc":4,"us_route":null,"us_route_a":null,"us_route_b":null,"us_route_c":null},"type":"Feature"},{"geometry":{"coordinates":[[-121.503018,38.607342],[-121.50521,38.606841],[-121.505344,38.60681],[-121.506867,38.606381],[-121.507198,38.606275],[-121.507576,38.606134]],"type":"LineString"},"id":"REF-SACRAMENTO-LOCAL-ROADS-441","properties":{"canon_status":"REAL_REFERENCE","county_route":null,"federal_lands_route":null,"fictionality":"REAL","globalid":"{F9EAB047-B487-417C-96C4-CDF5458E1FFE}","interstate":null,"interstate_a":null,"interstate_b":null,"interstate_c":null,"loaddate":1533980474000,"mtfcc_code":"S1400","name":"Garden Hwy","objectid":19760618,"permanent_identifier":"dca436ae-578f-40de-b3b7-e480cb51f497","real_world_relation":"REFERENCE_ONLY","shape_Length":536.4572709296557,"source_datadesc":"2016 October MAFTIGER","source_datasetid":"{155E1578-FAD5-4709-A194-6F828C31A01F}","source_featureid":"110873949979","source_id":"REF-SACRAMENTO-LOCAL-ROADS","source_originator":"U.S. Department of Commerce, U.S. Census Bureau, Geography Division","state_route":null,"state_route_a":null,"state_route_b":null,"state_route_c":null,"stco_fipscode":"06067","tnmfrc":4,"us_route":null,"us_route_a":null,"us_route_b":null,"us_route_c":null},"type":"Feature"},{"geometry":{"coordinates":[[-121.485517,38.584293],[-121.484183,38.583937]],"type":"LineString"},"id":"REF-SACRAMENTO-LOCAL-ROADS-442","properties":{"canon_status":"REAL_REFERENCE","county_route":null,"federal_lands_route":null,"fictionality":"REAL","globalid":"{D8CCDEB3-7614-482E-BF2D-7DE5FE721BC7}","interstate":null,"interstate_a":null,"interstate_b":null,"interstate_c":null,"loaddate":1533980634000,"mtfcc_code":"S1400","name":"E St","objectid":19760804,"permanent_identifier":"126b792a-cd78-49b0-88bc-aa6354f3fb83","real_world_relation":"REFERENCE_ONLY","shape_Length":156.91566405771698,"source_datadesc":"2016 October MAFTIGER","source_datasetid":"{155E1578-FAD5-4709-A194-6F828C31A01F}","source_featureid":"110873834356","source_id":"REF-SACRAMENTO-LOCAL-ROADS","source_originator":"U.S. Department of Commerce, U.S. Census Bureau, Geography Division","state_route":null,"state_route_a":null,"state_route_b":null,"state_route_c":null,"stco_fipscode":"06067","tnmfrc":4,"us_route":null,"us_route_a":null,"us_route_b":null,"us_route_c":null},"type":"Feature"},{"geometry":{"coordinates":[[-121.497945,38.580271],[-121.497751,38.58022],[-121.49662,38.579919]],"type":"LineString"},"id":"REF-SACRAMENTO-LOCAL-ROADS-443","properties":{"canon_status":"REAL_REFERENCE","county_route":null,"federal_lands_route":null,"fictionality":"REAL","globalid":"{62BE2C2B-D69D-4725-9BDD-89C95AF28BF7}","interstate":null,"interstate_a":null,"interstate_b":null,"interstate_c":null,"loaddate":1533980464000,"mtfcc_code":"S1400","name":"K St","objectid":19761257,"permanent_identifier":"57e1c9b5-a6c2-4687-a9a5-bddd1a1c9c2b","real_world_relation":"REFERENCE_ONLY","shape_Length":155.78284977558735,"source_datadesc":"2016 October MAFTIGER","source_datasetid":"{155E1578-FAD5-4709-A194-6F828C31A01F}","source_featureid":"110873834522","source_id":"REF-SACRAMENTO-LOCAL-ROADS","source_originator":"U.S. Department of Commerce, U.S. Census Bureau, Geography Division","state_route":null,"state_route_a":null,"state_route_b":null,"state_route_c":null,"stco_fipscode":"06067","tnmfrc":4,"us_route":null,"us_route_a":null,"us_route_b":null,"us_route_c":null},"type":"Feature"},{"geometry":{"coordinates":[[-121.495065,38.580118],[-121.495302,38.579568]],"type":"LineString"},"id":"REF-SACRAMENTO-LOCAL-ROADS-444","properties":{"canon_status":"REAL_REFERENCE","county_route":null,"federal_lands_route":null,"fictionality":"REAL","globalid":"{2DD20C12-E5ED-4CB8-9917-B44C5DB9CB27}","interstate":null,"interstate_a":null,"interstate_b":null,"interstate_c":null,"loaddate":1533980534000,"mtfcc_code":"S1400","name":"9th St","objectid":19761539,"permanent_identifier":"1bda3922-3414-4618-9920-ad1008bce243","real_world_relation":"REFERENCE_ONLY","shape_Length":82.64413829836528,"source_datadesc":"2016 October MAFTIGER","source_datasetid":"{155E1578-FAD5-4709-A194-6F828C31A01F}","source_featureid":"110873852404","source_id":"REF-SACRAMENTO-LOCAL-ROADS","source_originator":"U.S. Department of Commerce, U.S. Census Bureau, Geography Division","state_route":null,"state_route_a":null,"state_route_b":null,"state_route_c":null,"stco_fipscode":"06067","tnmfrc":4,"us_route":null,"us_route_a":null,"us_route_b":null,"us_route_c":null},"type":"Feature"},{"geometry":{"coordinates":[[-121.463105,38.601875],[-121.46288,38.601586],[-121.462847,38.601549],[-121.462807,38.601515],[-121.462763,38.601485],[-121.462716,38.60146],[-121.462664,38.601439],[-121.46261,38.601424],[-121.462552,38.601414],[-121.462494,38.601409],[-121.462092,38.601416]],"type":"LineString"},"id":"REF-SACRAMENTO-LOCAL-ROADS-445","properties":{"canon_status":"REAL_REFERENCE","county_route":null,"federal_lands_route":null,"fictionality":"REAL","globalid":"{73EA4E02-4CF3-4C83-9230-F280E934DD7E}","interstate":null,"interstate_a":null,"interstate_b":null,"interstate_c":null,"loaddate":1533980605000,"mtfcc_code":"S1400","name":"Baxter Ave","objectid":19888829,"permanent_identifier":"8bf7d122-1f6b-4129-b9bd-ff33dbe4f7a0","real_world_relation":"REFERENCE_ONLY","shape_Length":144.78383193937887,"source_datadesc":"2016 October MAFTIGER","source_datasetid":"{155E1578-FAD5-4709-A194-6F828C31A01F}","source_featureid":"110873948019","source_id":"REF-SACRAMENTO-LOCAL-ROADS","source_originator":"U.S. Department of Commerce, U.S. Census Bureau, Geography Division","state_route":null,"state_route_a":null,"state_route_b":null,"state_route_c":null,"stco_fipscode":"06067","tnmfrc":4,"us_route":null,"us_route_a":null,"us_route_b":null,"us_route_c":null},"type":"Feature"},{"geometry":{"coordinates":[[-121.475588,38.608094],[-121.475603,38.60673]],"type":"LineString"},"id":"REF-SACRAMENTO-LOCAL-ROADS-446","properties":{"canon_status":"REAL_REFERENCE","county_route":null,"federal_lands_route":null,"fictionality":"REAL","globalid":"{D42CB240-9764-4943-AC4C-96353FEDE79C}","interstate":null,"interstate_a":null,"interstate_b":null,"interstate_c":null,"loaddate":1533980503000,"mtfcc_code":"S1400","name":"Northgate Blvd","objectid":19888836,"permanent_identifier":"0cd78e44-ba30-4765-b6b3-edd61b755edf","real_world_relation":"REFERENCE_ONLY","shape_Length":194.31497379219806,"source_datadesc":"2016 October MAFTIGER","source_datasetid":"{155E1578-FAD5-4709-A194-6F828C31A01F}","source_featureid":"110874149115","source_id":"REF-SACRAMENTO-LOCAL-ROADS","source_originator":"U.S. Department of Commerce, U.S. Census Bureau, Geography Division","state_route":null,"state_route_a":null,"state_route_b":null,"state_route_c":null,"stco_fipscode":"06067","tnmfrc":4,"us_route":null,"us_route_a":null,"us_route_b":null,"us_route_c":null},"type":"Feature"},{"geometry":{"coordinates":[[-121.493881,38.582861],[-121.492532,38.582501]],"type":"LineString"},"id":"REF-SACRAMENTO-LOCAL-ROADS-447","properties":{"canon_status":"REAL_REFERENCE","county_route":null,"federal_lands_route":null,"fictionality":"REAL","globalid":"{D0076C80-16D1-465A-BB8E-D74EB7B05377}","interstate":null,"interstate_a":null,"interstate_b":null,"interstate_c":null,"loaddate":1533980466000,"mtfcc_code":"S1400","name":"H St","objectid":19889107,"permanent_identifier":"7e52d186-1c96-4aa6-a63a-507bf900abb2","real_world_relation":"REFERENCE_ONLY","shape_Length":158.6797133752199,"source_datadesc":"2016 October MAFTIGER","source_datasetid":"{155E1578-FAD5-4709-A194-6F828C31A01F}","source_featureid":"1104994081186","source_id":"REF-SACRAMENTO-LOCAL-ROADS","source_originator":"U.S. Department of Commerce, U.S. Census Bureau, Geography Division","state_route":null,"state_route_a":null,"state_route_b":null,"state_route_c":null,"stco_fipscode":"06067","tnmfrc":4,"us_route":null,"us_route_a":null,"us_route_b":null,"us_route_c":null},"type":"Feature"},{"geometry":{"coordinates":[[-121.486607,38.585198],[-121.486845,38.584648]],"type":"LineString"},"id":"REF-SACRAMENTO-LOCAL-ROADS-448","properties":{"canon_status":"REAL_REFERENCE","county_route":null,"federal_lands_route":null,"fictionality":"REAL","globalid":"{79C576AF-9432-46A2-A3A6-9168EF9DA72D}","interstate":null,"interstate_a":null,"interstate_b":null,"interstate_c":null,"loaddate":1533980655000,"mtfcc_code":"S1400","name":"13th St","objectid":20016735,"permanent_identifier":"517708dc-9cda-4c0b-b6ad-e53fdbecae67","real_world_relation":"REFERENCE_ONLY","shape_Length":82.68494616051339,"source_datadesc":"2016 October MAFTIGER","source_datasetid":"{155E1578-FAD5-4709-A194-6F828C31A01F}","source_featureid":"110873853976","source_id":"REF-SACRAMENTO-LOCAL-ROADS","source_originator":"U.S. Department of Commerce, U.S. Census Bureau, Geography Division","state_route":null,"state_route_a":null,"state_route_b":null,"state_route_c":null,"stco_fipscode":"06067","tnmfrc":4,"us_route":null,"us_route_a":null,"us_route_b":null,"us_route_c":null},"type":"Feature"},{"geometry":{"coordinates":[[-121.487562,38.583001],[-121.487799,38.582457]],"type":"LineString"},"id":"REF-SACRAMENTO-LOCAL-ROADS-449","properties":{"canon_status":"REAL_REFERENCE","county_route":null,"federal_lands_route":null,"fictionality":"REAL","globalid":"{F3268384-4BC0-4666-BE43-3A662D226F70}","interstate":null,"interstate_a":null,"interstate_b":null,"interstate_c":null,"loaddate":1533980655000,"mtfcc_code":"S1400","name":"13th St","objectid":20016751,"permanent_identifier":"18196f7c-94b8-43dd-a95b-27ed916cf842","real_world_relation":"REFERENCE_ONLY","shape_Length":81.8378326011533,"source_datadesc":"2016 October MAFTIGER","source_datasetid":"{155E1578-FAD5-4709-A194-6F828C31A01F}","source_featureid":"110873853976","source_id":"REF-SACRAMENTO-LOCAL-ROADS","source_originator":"U.S. Department of Commerce, U.S. Census Bureau, Geography Division","state_route":null,"state_route_a":null,"state_route_b":null,"state_route_c":null,"stco_fipscode":"06067","tnmfrc":4,"us_route":null,"us_route_a":null,"us_route_b":null,"us_route_c":null},"type":"Feature"},{"geometry":{"coordinates":[[-121.512511,38.593757],[-121.512617,38.593721],[-121.512674,38.593702],[-121.512758,38.593679],[-121.512844,38.593661],[-121.51293,38.59365],[-121.513021,38.593645],[-121.513116,38.593646],[-121.513214,38.593656],[-121.513309,38.593668],[-121.513401,38.593681],[-121.513488,38.593693],[-121.513571,38.593705],[-121.51366,38.593719],[-121.513746,38.593737]],"type":"LineString"},"id":"REF-SACRAMENTO-LOCAL-ROADS-450","properties":{"canon_status":"REAL_REFERENCE","county_route":null,"federal_lands_route":null,"fictionality":"REAL","globalid":"{E8FE7B3A-7930-415B-BEE2-A74820DD7A17}","interstate":null,"interstate_a":null,"interstate_b":null,"interstate_c":null,"loaddate":1533980981000,"mtfcc_code":"S1400","name":"Watercolor Ln","objectid":20017397,"permanent_identifier":"073ae472-59a8-430a-941e-e36f88ea4d7a","real_world_relation":"REFERENCE_ONLY","shape_Length":141.38443279504722,"source_datadesc":"2016 October MAFTIGER","source_datasetid":"{155E1578-FAD5-4709-A194-6F828C31A01F}","source_featureid":"1103661830366","source_id":"REF-SACRAMENTO-LOCAL-ROADS","source_originator":"U.S. Department of Commerce, U.S. Census Bureau, Geography Division","state_route":null,"state_route_a":null,"state_route_b":null,"state_route_c":null,"stco_fipscode":"06113","tnmfrc":4,"us_route":null,"us_route_a":null,"us_route_b":null,"us_route_c":null},"type":"Feature"},{"geometry":{"coordinates":[[-121.466373,38.60891],[-121.4663,38.6089],[-121.466243,38.608918],[-121.466206,38.608954],[-121.466125,38.609057],[-121.466046,38.60913],[-121.46594,38.609179],[-121.46582,38.609197],[-121.464269,38.609188]],"type":"LineString"},"id":"REF-SACRAMENTO-LOCAL-ROADS-451","properties":{"canon_status":"REAL_REFERENCE","county_route":null,"federal_lands_route":null,"fictionality":"REAL","globalid":"{3699E0A8-3506-4D61-B9FD-0A4E2542F264}","interstate":null,"interstate_a":null,"interstate_b":null,"interstate_c":null,"loaddate":1533980424000,"mtfcc_code":"S1400","name":"Stanford Ave","objectid":20145849,"permanent_identifier":"51d32eee-e723-44f2-bb91-74b81a0d48c7","real_world_relation":"REFERENCE_ONLY","shape_Length":252.48670721157941,"source_datadesc":"2016 October MAFTIGER","source_datasetid":"{155E1578-FAD5-4709-A194-6F828C31A01F}","source_featureid":"110874107422","source_id":"REF-SACRAMENTO-LOCAL-ROADS","source_originator":"U.S. Department of Commerce, U.S. Census Bureau, Geography Division","state_route":null,"state_route_a":null,"state_route_b":null,"state_route_c":null,"stco_fipscode":"06067","tnmfrc":4,"us_route":null,"us_route_a":null,"us_route_b":null,"us_route_c":null},"type":"Feature"},{"geometry":{"coordinates":[[-121.50641,38.606877],[-121.506531,38.606837]],"type":"LineString"},"id":"REF-SACRAMENTO-LOCAL-ROADS-452","properties":{"canon_status":"REAL_REFERENCE","county_route":null,"federal_lands_route":null,"fictionality":"REAL","globalid":"{2F1E9E62-C3C1-4E81-A092-62CB19E4C759}","interstate":null,"interstate_a":null,"interstate_b":null,"interstate_c":null,"loaddate":1533980459000,"mtfcc_code":"S1400","name":"Garden Hwy","objectid":20145872,"permanent_identifier":"bdbad50c-b3f9-49a7-864f-61f3ebba3574","real_world_relation":"REFERENCE_ONLY","shape_Length":14.625360224236493,"source_datadesc":"2016 October MAFTIGER","source_datasetid":"{155E1578-FAD5-4709-A194-6F828C31A01F}","source_featureid":"110873949978","source_id":"REF-SACRAMENTO-LOCAL-ROADS","source_originator":"U.S. Department of Commerce, U.S. Census Bureau, Geography Division","state_route":null,"state_route_a":null,"state_route_b":null,"state_route_c":null,"stco_fipscode":"06067","tnmfrc":4,"us_route":null,"us_route_a":null,"us_route_b":null,"us_route_c":null},"type":"Feature"},{"geometry":{"coordinates":[[-121.486733,38.592279],[-121.486428,38.593088]],"type":"LineString"},"id":"REF-SACRAMENTO-LOCAL-ROADS-453","properties":{"canon_status":"REAL_REFERENCE","county_route":null,"federal_lands_route":null,"fictionality":"REAL","globalid":"{058F08E6-890A-4CFE-BFAF-45479CA6EFF0}","interstate":null,"interstate_a":null,"interstate_b":null,"interstate_c":null,"loaddate":1533980532000,"mtfcc_code":"S1400","name":"N 11th St","objectid":20145927,"permanent_identifier":"979c8585-6b19-43e6-8dc1-5d2ea8343b9f","real_world_relation":"REFERENCE_ONLY","shape_Length":120.12015528499464,"source_datadesc":"2016 October MAFTIGER","source_datasetid":"{155E1578-FAD5-4709-A194-6F828C31A01F}","source_featureid":"110873853114","source_id":"REF-SACRAMENTO-LOCAL-ROADS","source_originator":"U.S. Department of Commerce, U.S. Census Bureau, Geography Division","state_route":null,"state_route_a":null,"state_route_b":null,"state_route_c":null,"stco_fipscode":"06067","tnmfrc":4,"us_route":null,"us_route_a":null,"us_route_b":null,"us_route_c":null},"type":"Feature"},{"geometry":{"coordinates":[[-121.486845,38.584648],[-121.487082,38.584104]],"type":"LineString"},"id":"REF-SACRAMENTO-LOCAL-ROADS-454","properties":{"canon_status":"REAL_REFERENCE","county_route":null,"federal_lands_route":null,"fictionality":"REAL","globalid":"{EEDE9E48-71BE-4441-BBE1-5B17FA23A028}","interstate":null,"interstate_a":null,"interstate_b":null,"interstate_c":null,"loaddate":1533980655000,"mtfcc_code":"S1400","name":"13th St","objectid":20273541,"permanent_identifier":"ea229577-4807-422c-a0cb-42cb15f2e0dd","real_world_relation":"REFERENCE_ONLY","shape_Length":81.8394418408724,"source_datadesc":"2016 October MAFTIGER","source_datasetid":"{155E1578-FAD5-4709-A194-6F828C31A01F}","source_featureid":"110873853976","source_id":"REF-SACRAMENTO-LOCAL-ROADS","source_originator":"U.S. Department of Commerce, U.S. Census Bureau, Geography Division","state_route":null,"state_route_a":null,"state_route_b":null,"state_route_c":null,"stco_fipscode":"06067","tnmfrc":4,"us_route":null,"us_route_a":null,"us_route_b":null,"us_route_c":null},"type":"Feature"},{"geometry":{"coordinates":[[-121.512341,38.591384],[-121.512606,38.59142],[-121.513404,38.59153],[-121.51367,38.591567]],"type":"LineString"},"id":"REF-SACRAMENTO-LOCAL-ROADS-455","properties":{"canon_status":"REAL_REFERENCE","county_route":null,"federal_lands_route":null,"fictionality":"REAL","globalid":"{EFB21642-BD2E-4F69-A2A6-30B0030121D2}","interstate":null,"interstate_a":null,"interstate_b":null,"interstate_c":null,"loaddate":1533980952000,"mtfcc_code":"S1400","name":"A St","objectid":20273864,"permanent_identifier":"2a8b50d3-95fd-41d7-9772-0cfd019bebad","real_world_relation":"REFERENCE_ONLY","shape_Length":150.22199377536435,"source_datadesc":"2016 October MAFTIGER","source_datasetid":"{155E1578-FAD5-4709-A194-6F828C31A01F}","source_featureid":"110758799854","source_id":"REF-SACRAMENTO-LOCAL-ROADS","source_originator":"U.S. Department of Commerce, U.S. Census Bureau, Geography Division","state_route":null,"state_route_a":null,"state_route_b":null,"state_route_c":null,"stco_fipscode":"06113","tnmfrc":4,"us_route":null,"us_route_a":null,"us_route_b":null,"us_route_c":null},"type":"Feature"},{"geometry":{"coordinates":[[-121.501327,38.583625],[-121.500938,38.58352],[-121.499634,38.583174]],"type":"LineString"},"id":"REF-SACRAMENTO-LOCAL-ROADS-456","properties":{"canon_status":"REAL_REFERENCE","county_route":null,"federal_lands_route":null,"fictionality":"REAL","globalid":"{9309FBF8-431D-40FE-BC59-24123AF197FC}","interstate":null,"interstate_a":null,"interstate_b":null,"interstate_c":null,"loaddate":1533980547000,"mtfcc_code":"S1400","name":"I St","objectid":20273929,"permanent_identifier":"f2770c08-8c1a-4909-b97d-ead233ca91e9","real_world_relation":"REFERENCE_ONLY","shape_Length":199.10735095484313,"source_datadesc":"2016 October MAFTIGER","source_datasetid":"{155E1578-FAD5-4709-A194-6F828C31A01F}","source_featureid":"110873834453","source_id":"REF-SACRAMENTO-LOCAL-ROADS","source_originator":"U.S. Department of Commerce, U.S. Census Bureau, Geography Division","state_route":null,"state_route_a":null,"state_route_b":null,"state_route_c":null,"stco_fipscode":"06067","tnmfrc":4,"us_route":null,"us_route_a":null,"us_route_b":null,"us_route_c":null},"type":"Feature"},{"geometry":{"coordinates":[[-121.464452,38.601221],[-121.463105,38.601875]],"type":"LineString"},"id":"REF-SACRAMENTO-LOCAL-ROADS-457","properties":{"canon_status":"REAL_REFERENCE","county_route":null,"federal_lands_route":null,"fictionality":"REAL","globalid":"{3E86590D-701E-4600-8702-C00A0160CB4C}","interstate":null,"interstate_a":null,"interstate_b":null,"interstate_c":null,"loaddate":1533980436000,"mtfcc_code":"S1400","name":"Dean Rd","objectid":20273957,"permanent_identifier":"257eeef0-0dad-456b-ab11-ef24074d6dc4","real_world_relation":"REFERENCE_ONLY","shape_Length":176.52915502197308,"source_datadesc":"2016 October MAFTIGER","source_datasetid":"{155E1578-FAD5-4709-A194-6F828C31A01F}","source_featureid":"110873924298","source_id":"REF-SACRAMENTO-LOCAL-ROADS","source_originator":"U.S. Department of Commerce, U.S. Census Bureau, Geography Division","state_route":null,"state_route_a":null,"state_route_b":null,"state_route_c":null,"stco_fipscode":"06067","tnmfrc":4,"us_route":null,"us_route_a":null,"us_route_b":null,"us_route_c":null},"type":"Feature"},{"geometry":{"coordinates":[[-121.463216,38.580792],[-121.463455,38.580243]],"type":"LineString"},"id":"REF-SACRAMENTO-LOCAL-ROADS-458","properties":{"canon_status":"REAL_REFERENCE","county_route":null,"federal_lands_route":null,"fictionality":"REAL","globalid":"{E9E69313-27DB-46D0-B279-CA464D3D2573}","interstate":null,"interstate_a":null,"interstate_b":null,"interstate_c":null,"loaddate":1533980520000,"mtfcc_code":"S1400","name":"30th St","objectid":20529509,"permanent_identifier":"e797ad3b-cfd0-482b-bb97-d0946b1de2f2","real_world_relation":"REFERENCE_ONLY","shape_Length":82.58134331818933,"source_datadesc":"2016 October MAFTIGER","source_datasetid":"{155E1578-FAD5-4709-A194-6F828C31A01F}","source_featureid":"110873910160","source_id":"REF-SACRAMENTO-LOCAL-ROADS","source_originator":"U.S. Department of Commerce, U.S. Census Bureau, Geography Division","state_route":null,"state_route_a":null,"state_route_b":null,"state_route_c":null,"stco_fipscode":"06067","tnmfrc":4,"us_route":null,"us_route_a":null,"us_route_b":null,"us_route_c":null},"type":"Feature"},{"geometry":{"coordinates":[[-121.498729,38.58172],[-121.497465,38.581383]],"type":"LineString"},"id":"REF-SACRAMENTO-LOCAL-ROADS-459","properties":{"canon_status":"REAL_REFERENCE","county_route":null,"federal_lands_route":null,"fictionality":"REAL","globalid":"{1BF42CE9-8F59-4F5B-B32B-30C136DE2E50}","interstate":null,"interstate_a":null,"interstate_b":null,"interstate_c":null,"loaddate":1533980577000,"mtfcc_code":"S1400","name":"J St","objectid":20530245,"permanent_identifier":"b4e1e982-c834-4cdd-92e7-c2125cd8df86","real_world_relation":"REFERENCE_ONLY","shape_Length":148.66642487288806,"source_datadesc":"2016 October MAFTIGER","source_datasetid":"{155E1578-FAD5-4709-A194-6F828C31A01F}","source_featureid":"110873834491","source_id":"REF-SACRAMENTO-LOCAL-ROADS","source_originator":"U.S. Department of Commerce, U.S. Census Bureau, Geography Division","state_route":null,"state_route_a":null,"state_route_b":null,"state_route_c":null,"stco_fipscode":"06067","tnmfrc":4,"us_route":null,"us_route_a":null,"us_route_b":null,"us_route_c":null},"type":"Feature"},{"geometry":{"coordinates":[[-121.465008,38.604001],[-121.46536,38.604435]],"type":"LineString"},"id":"REF-SACRAMENTO-LOCAL-ROADS-460","properties":{"canon_status":"REAL_REFERENCE","county_route":null,"federal_lands_route":null,"fictionality":"REAL","globalid":"{C57C37FE-B983-400D-A3E2-350CB23F801C}","interstate":null,"interstate_a":null,"interstate_b":null,"interstate_c":null,"loaddate":1533980474000,"mtfcc_code":"S1400","name":"Barstow St","objectid":20658000,"permanent_identifier":"5acdbfeb-141f-44f2-9a19-ec8efeadc8ae","real_world_relation":"REFERENCE_ONLY","shape_Length":73.19449556834323,"source_datadesc":"2016 October MAFTIGER","source_datasetid":"{155E1578-FAD5-4709-A194-6F828C31A01F}","source_featureid":"110873963305","source_id":"REF-SACRAMENTO-LOCAL-ROADS","source_originator":"U.S. Department of Commerce, U.S. Census Bureau, Geography Division","state_route":null,"state_route_a":null,"state_route_b":null,"state_route_c":null,"stco_fipscode":"06067","tnmfrc":4,"us_route":null,"us_route_a":null,"us_route_b":null,"us_route_c":null},"type":"Feature"},{"geometry":{"coordinates":[[-121.486705,38.581563],[-121.486945,38.581011]],"type":"LineString"},"id":"REF-SACRAMENTO-LOCAL-ROADS-461","properties":{"canon_status":"REAL_REFERENCE","county_route":null,"federal_lands_route":null,"fictionality":"REAL","globalid":"{21652EA3-2FF9-400C-8C58-819398560060}","interstate":null,"interstate_a":null,"interstate_b":null,"interstate_c":null,"loaddate":1533980436000,"mtfcc_code":"S1400","name":"14th St","objectid":20658315,"permanent_identifier":"a00db1ff-4c01-4e96-84ab-5edcd2c1b876","real_world_relation":"REFERENCE_ONLY","shape_Length":83.02235478641764,"source_datadesc":"2016 October MAFTIGER","source_datasetid":"{155E1578-FAD5-4709-A194-6F828C31A01F}","source_featureid":"110873854979","source_id":"REF-SACRAMENTO-LOCAL-ROADS","source_originator":"U.S. Department of Commerce, U.S. Census Bureau, Geography Division","state_route":null,"state_route_a":null,"state_route_b":null,"state_route_c":null,"stco_fipscode":"06067","tnmfrc":4,"us_route":null,"us_route_a":null,"us_route_b":null,"us_route_c":null},"type":"Feature"},{"geometry":{"coordinates":[[-121.481291,38.583779],[-121.481529,38.58323]],"type":"LineString"},"id":"REF-SACRAMENTO-LOCAL-ROADS-462","properties":{"canon_status":"REAL_REFERENCE","county_route":null,"federal_lands_route":null,"fictionality":"REAL","globalid":"{AEAC751E-6055-4C46-9430-500F85DCA598}","interstate":null,"interstate_a":null,"interstate_b":null,"interstate_c":null,"loaddate":1533980508000,"mtfcc_code":"S1400","name":"17th St","objectid":20786587,"permanent_identifier":"aea1c88a-eb6f-48ad-9164-2aaa8910270e","real_world_relation":"REFERENCE_ONLY","shape_Length":82.54864612796692,"source_datadesc":"2016 October MAFTIGER","source_datasetid":"{155E1578-FAD5-4709-A194-6F828C31A01F}","source_featureid":"110873857870","source_id":"REF-SACRAMENTO-LOCAL-ROADS","source_originator":"U.S. Department of Commerce, U.S. Census Bureau, Geography Division","state_route":null,"state_route_a":null,"state_route_b":null,"state_route_c":null,"stco_fipscode":"06067","tnmfrc":4,"us_route":null,"us_route_a":null,"us_route_b":null,"us_route_c":null},"type":"Feature"},{"geometry":{"coordinates":[[-121.514118,38.600057],[-121.513473,38.599253],[-121.513075,38.598758],[-121.513004,38.598579],[-121.512718,38.598159],[-121.512688,38.598012],[-121.513129,38.597514],[-121.51328,38.597172],[-121.513251,38.59699],[-121.513103,38.596638],[-121.512705,38.595689]],"type":"LineString"},"id":"REF-SACRAMENTO-LOCAL-ROADS-463","properties":{"canon_status":"REAL_REFERENCE","county_route":null,"federal_lands_route":null,"fictionality":"REAL","globalid":"{1B455B0B-3CDE-4744-8EF3-3A87FC13B5DB}","interstate":null,"interstate_a":null,"interstate_b":null,"interstate_c":null,"loaddate":1533980985000,"mtfcc_code":"S1400","name":"Levee Rd","objectid":20786596,"permanent_identifier":"4c613f95-5193-4f33-b140-453abb94a911","real_world_relation":"REFERENCE_ONLY","shape_Length":693.0394226335287,"source_datadesc":"2016 October MAFTIGER","source_datasetid":"{155E1578-FAD5-4709-A194-6F828C31A01F}","source_featureid":"110758804541","source_id":"REF-SACRAMENTO-LOCAL-ROADS","source_originator":"U.S. Department of Commerce, U.S. Census Bureau, Geography Division","state_route":null,"state_route_a":null,"state_route_b":null,"state_route_c":null,"stco_fipscode":"06113","tnmfrc":4,"us_route":null,"us_route_a":null,"us_route_b":null,"us_route_c":null},"type":"Feature"},{"geometry":{"coordinates":[[-121.48647,38.582103],[-121.486705,38.581563]],"type":"LineString"},"id":"REF-SACRAMENTO-LOCAL-ROADS-464","properties":{"canon_status":"REAL_REFERENCE","county_route":null,"federal_lands_route":null,"fictionality":"REAL","globalid":"{D37A8233-BEF9-4D1B-A171-8798C06B7FF1}","interstate":null,"interstate_a":null,"interstate_b":null,"interstate_c":null,"loaddate":1533980436000,"mtfcc_code":"S1400","name":"14th St","objectid":20786853,"permanent_identifier":"c09ddbb1-7f19-444a-a084-7a1d12c566c0","real_world_relation":"REFERENCE_ONLY","shape_Length":81.22593943009986,"source_datadesc":"2016 October MAFTIGER","source_datasetid":"{155E1578-FAD5-4709-A194-6F828C31A01F}","source_featureid":"110873854979","source_id":"REF-SACRAMENTO-LOCAL-ROADS","source_originator":"U.S. Department of Commerce, U.S. Census Bureau, Geography Division","state_route":null,"state_route_a":null,"state_route_b":null,"state_route_c":null,"stco_fipscode":"06067","tnmfrc":4,"us_route":null,"us_route_a":null,"us_route_b":null,"us_route_c":null},"type":"Feature"},{"geometry":{"coordinates":[[-121.484111,38.608218],[-121.483564,38.608181],[-121.483534,38.608179],[-121.483421,38.608165],[-121.48331,38.608145],[-121.483207,38.608119],[-121.482616,38.607951]],"type":"LineString"},"id":"REF-SACRAMENTO-LOCAL-ROADS-465","properties":{"canon_status":"REAL_REFERENCE","county_route":null,"federal_lands_route":null,"fictionality":"REAL","globalid":"{609B5C9B-2483-403D-91E2-901503C380C1}","interstate":null,"interstate_a":null,"interstate_b":null,"interstate_c":null,"loaddate":1533980488000,"mtfcc_code":"S1400","name":"Morell Ct","objectid":20915190,"permanent_identifier":"9a232c3d-8e57-4e6e-bcc5-6c70c7d0ccc6","real_world_relation":"REFERENCE_ONLY","shape_Length":171.94505939893727,"source_datadesc":"2016 October MAFTIGER","source_datasetid":"{155E1578-FAD5-4709-A194-6F828C31A01F}","source_featureid":"1102638792124","source_id":"REF-SACRAMENTO-LOCAL-ROADS","source_originator":"U.S. Department of Commerce, U.S. Census Bureau, Geography Division","state_route":null,"state_route_a":null,"state_route_b":null,"state_route_c":null,"stco_fipscode":"06067","tnmfrc":4,"us_route":null,"us_route_a":null,"us_route_b":null,"us_route_c":null},"type":"Feature"},{"geometry":{"coordinates":[[-121.504199,38.579457],[-121.502867,38.579103]],"type":"LineString"},"id":"REF-SACRAMENTO-LOCAL-ROADS-466","properties":{"canon_status":"REAL_REFERENCE","county_route":null,"federal_lands_route":null,"fictionality":"REAL","globalid":"{D57EE13E-BC70-4166-B476-94BACFC976AD}","interstate":null,"interstate_a":null,"interstate_b":null,"interstate_c":null,"loaddate":1533980490000,"mtfcc_code":"S1400","name":"Capitol Mall","objectid":20915634,"permanent_identifier":"9e190447-4fc4-4f8a-ab1e-16d63d403860","real_world_relation":"REFERENCE_ONLY","shape_Length":156.61198531035777,"source_datadesc":"2016 October MAFTIGER","source_datasetid":"{155E1578-FAD5-4709-A194-6F828C31A01F}","source_featureid":"110874184384","source_id":"REF-SACRAMENTO-LOCAL-ROADS","source_originator":"U.S. Department of Commerce, U.S. Census Bureau, Geography Division","state_route":null,"state_route_a":null,"state_route_b":null,"state_route_c":null,"stco_fipscode":"06067","tnmfrc":4,"us_route":null,"us_route_a":null,"us_route_b":null,"us_route_c":null},"type":"Feature"},{"geometry":{"coordinates":[[-121.473401,38.606705],[-121.473399,38.607611]],"type":"LineString"},"id":"REF-SACRAMENTO-LOCAL-ROADS-467","properties":{"canon_status":"REAL_REFERENCE","county_route":null,"federal_lands_route":null,"fictionality":"REAL","globalid":"{A40CCEA6-16D1-43E5-9B47-7A52D50F5B60}","interstate":null,"interstate_a":null,"interstate_b":null,"interstate_c":null,"loaddate":1533980567000,"mtfcc_code":"S1400","name":"Adams Ln","objectid":21042792,"permanent_identifier":"056905da-9177-4e21-9f52-dcab52bb38e1","real_world_relation":"REFERENCE_ONLY","shape_Length":129.06339213247952,"source_datadesc":"2016 October MAFTIGER","source_datasetid":"{155E1578-FAD5-4709-A194-6F828C31A01F}","source_featureid":"110873936234","source_id":"REF-SACRAMENTO-LOCAL-ROADS","source_originator":"U.S. Department of Commerce, U.S. Census Bureau, Geography Division","state_route":null,"state_route_a":null,"state_route_b":null,"state_route_c":null,"stco_fipscode":"06067","tnmfrc":4,"us_route":null,"us_route_a":null,"us_route_b":null,"us_route_c":null},"type":"Feature"},{"geometry":{"coordinates":[[-121.464627,38.603514],[-121.464451,38.603598]],"type":"LineString"},"id":"REF-SACRAMENTO-LOCAL-ROADS-468","properties":{"canon_status":"REAL_REFERENCE","county_route":null,"federal_lands_route":null,"fictionality":"REAL","globalid":"{C5B68306-EFDE-4134-A227-25FCCB59624B}","interstate":null,"interstate_a":null,"interstate_b":null,"interstate_c":null,"loaddate":1533980548000,"mtfcc_code":"S1400","name":"Paso Blvd","objectid":21043497,"permanent_identifier":"a62a4e0c-ede4-43e5-a7b8-ee41d7f829ee","real_world_relation":"REFERENCE_ONLY","shape_Length":22.957216788671637,"source_datadesc":"2016 October MAFTIGER","source_datasetid":"{155E1578-FAD5-4709-A194-6F828C31A01F}","source_featureid":"110873935611","source_id":"REF-SACRAMENTO-LOCAL-ROADS","source_originator":"U.S. Department of Commerce, U.S. Census Bureau, Geography Division","state_route":null,"state_route_a":null,"state_route_b":null,"state_route_c":null,"stco_fipscode":"06067","tnmfrc":4,"us_route":null,"us_route_a":null,"us_route_b":null,"us_route_c":null},"type":"Feature"},{"geometry":{"coordinates":[[-121.504465,38.585455],[-121.504879,38.58576]],"type":"LineString"},"id":"REF-SACRAMENTO-LOCAL-ROADS-469","properties":{"canon_status":"REAL_REFERENCE","county_route":null,"federal_lands_route":null,"fictionality":"REAL","globalid":"{8A4402F5-3CFB-4829-B3DE-62DF95A93E63}","interstate":null,"interstate_a":null,"interstate_b":null,"interstate_c":null,"loaddate":1533980565000,"mtfcc_code":"S1400","name":"N St Viaduct St","objectid":21170389,"permanent_identifier":"9472c619-0f2f-4922-8a8f-79e4e46f4003","real_world_relation":"REFERENCE_ONLY","shape_Length":63.329075499667645,"source_datadesc":"2016 October MAFTIGER","source_datasetid":"{155E1578-FAD5-4709-A194-6F828C31A01F}","source_featureid":"110874168559","source_id":"REF-SACRAMENTO-LOCAL-ROADS","source_originator":"U.S. Department of Commerce, U.S. Census Bureau, Geography Division","state_route":null,"state_route_a":null,"state_route_b":null,"state_route_c":null,"stco_fipscode":"06067","tnmfrc":4,"us_route":null,"us_route_a":null,"us_route_b":null,"us_route_c":null},"type":"Feature"},{"geometry":{"coordinates":[[-121.487799,38.582457],[-121.48647,38.582103]],"type":"LineString"},"id":"REF-SACRAMENTO-LOCAL-ROADS-470","properties":{"canon_status":"REAL_REFERENCE","county_route":null,"federal_lands_route":null,"fictionality":"REAL","globalid":"{5EFAF913-3A1F-4C35-A5D2-5F5B5E1B35F8}","interstate":null,"interstate_a":null,"interstate_b":null,"interstate_c":null,"loaddate":1533980630000,"mtfcc_code":"S1400","name":"G St","objectid":21170528,"permanent_identifier":"389ede36-2b73-48d5-9410-ec20122bdd8c","real_world_relation":"REFERENCE_ONLY","shape_Length":156.29647399693323,"source_datadesc":"2016 October MAFTIGER","source_datasetid":"{155E1578-FAD5-4709-A194-6F828C31A01F}","source_featureid":"110873834423","source_id":"REF-SACRAMENTO-LOCAL-ROADS","source_originator":"U.S. Department of Commerce, U.S. Census Bureau, Geography Division","state_route":null,"state_route_a":null,"state_route_b":null,"state_route_c":null,"stco_fipscode":"06067","tnmfrc":4,"us_route":null,"us_route_a":null,"us_route_b":null,"us_route_c":null},"type":"Feature"},{"geometry":{"coordinates":[[-121.508279,38.58051],[-121.507566,38.58034],[-121.507158,38.580242],[-121.506912,38.580177]],"type":"LineString"},"id":"REF-SACRAMENTO-LOCAL-ROADS-471","properties":{"canon_status":"REAL_REFERENCE","county_route":null,"federal_lands_route":null,"fictionality":"REAL","globalid":"{D89C3837-2B46-49C8-88CA-20A12DC9C257}","interstate":null,"interstate_a":null,"interstate_b":null,"interstate_c":null,"loaddate":1533980490000,"mtfcc_code":"S1400","name":"Capitol Mall","objectid":21298523,"permanent_identifier":"dc4fb3dd-e8ec-4872-b142-06c0781aa96a","real_world_relation":"REFERENCE_ONLY","shape_Length":159.40104254123202,"source_datadesc":"2016 October MAFTIGER","source_datasetid":"{155E1578-FAD5-4709-A194-6F828C31A01F}","source_featureid":"110874184384","source_id":"REF-SACRAMENTO-LOCAL-ROADS","source_originator":"U.S. Department of Commerce, U.S. Census Bureau, Geography Division","state_route":null,"state_route_a":null,"state_route_b":null,"state_route_c":null,"stco_fipscode":"06067","tnmfrc":4,"us_route":null,"us_route_a":null,"us_route_b":null,"us_route_c":null},"type":"Feature"},{"geometry":{"coordinates":[[-121.478297,38.587254],[-121.478699,38.586217],[-121.47873,38.586173],[-121.478761,38.58615]],"type":"LineString"},"id":"REF-SACRAMENTO-LOCAL-ROADS-472","properties":{"canon_status":"REAL_REFERENCE","county_route":null,"federal_lands_route":null,"fictionality":"REAL","globalid":"{2490FDAE-83D5-405E-B543-B45F4F0DF257}","interstate":null,"interstate_a":null,"interstate_b":null,"interstate_c":null,"loaddate":1533980484000,"mtfcc_code":"S1400","name":"18th St","objectid":21298905,"permanent_identifier":"fc75142c-c93c-495d-b282-62a0aebdd7b0","real_world_relation":"REFERENCE_ONLY","shape_Length":166.22522890348395,"source_datadesc":"2016 October MAFTIGER","source_datasetid":"{155E1578-FAD5-4709-A194-6F828C31A01F}","source_featureid":"110873858899","source_id":"REF-SACRAMENTO-LOCAL-ROADS","source_originator":"U.S. Department of Commerce, U.S. Census Bureau, Geography Division","state_route":null,"state_route_a":null,"state_route_b":null,"state_route_c":null,"stco_fipscode":"06067","tnmfrc":4,"us_route":null,"us_route_a":null,"us_route_b":null,"us_route_c":null},"type":"Feature"},{"geometry":{"coordinates":[[-121.512218,38.592403],[-121.51221,38.592367],[-121.512232,38.592199],[-121.512313,38.591587],[-121.512341,38.591384]],"type":"LineString"},"id":"REF-SACRAMENTO-LOCAL-ROADS-473","properties":{"canon_status":"REAL_REFERENCE","county_route":null,"federal_lands_route":null,"fictionality":"REAL","globalid":"{24FD4C17-451F-4273-8FCA-74169CDC383D}","interstate":null,"interstate_a":null,"interstate_b":null,"interstate_c":null,"loaddate":1533980972000,"mtfcc_code":"S1400","name":"5th St","objectid":21299158,"permanent_identifier":"f9b1353a-0d2d-4aa8-9923-68187a5729c2","real_world_relation":"REFERENCE_ONLY","shape_Length":145.96406441995168,"source_datadesc":"2016 October MAFTIGER","source_datasetid":"{155E1578-FAD5-4709-A194-6F828C31A01F}","source_featureid":"110758800297","source_id":"REF-SACRAMENTO-LOCAL-ROADS","source_originator":"U.S. Department of Commerce, U.S. Census Bureau, Geography Division","state_route":null,"state_route_a":null,"state_route_b":null,"state_route_c":null,"stco_fipscode":"06113","tnmfrc":4,"us_route":null,"us_route_a":null,"us_route_b":null,"us_route_c":null},"type":"Feature"},{"geometry":{"coordinates":[[-121.482478,38.581039],[-121.482711,38.580496]],"type":"LineString"},"id":"REF-SACRAMENTO-LOCAL-ROADS-474","properties":{"canon_status":"REAL_REFERENCE","county_route":null,"federal_lands_route":null,"fictionality":"REAL","globalid":"{57ACA832-8F6C-48EC-81C1-992FE2A68EFD}","interstate":null,"interstate_a":null,"interstate_b":null,"interstate_c":null,"loaddate":1533980445000,"mtfcc_code":"S1400","name":"17th St","objectid":21299168,"permanent_identifier":"8a34e78b-a4c5-4ccd-a15a-7ddd49fef088","real_world_relation":"REFERENCE_ONLY","shape_Length":81.55825951318279,"source_datadesc":"2016 October MAFTIGER","source_datasetid":"{155E1578-FAD5-4709-A194-6F828C31A01F}","source_featureid":"110873857859","source_id":"REF-SACRAMENTO-LOCAL-ROADS","source_originator":"U.S. Department of Commerce, U.S. Census Bureau, Geography Division","state_route":null,"state_route_a":null,"state_route_b":null,"state_route_c":null,"stco_fipscode":"06067","tnmfrc":4,"us_route":null,"us_route_a":null,"us_route_b":null,"us_route_c":null},"type":"Feature"},{"geometry":{"coordinates":[[-121.502243,38.597239],[-121.5001,38.597229]],"type":"LineString"},"id":"REF-SACRAMENTO-LOCAL-ROADS-475","properties":{"canon_status":"REAL_REFERENCE","county_route":null,"federal_lands_route":null,"fictionality":"REAL","globalid":"{CD5C71AC-BCC0-476B-B949-A0C888504DF2}","interstate":null,"interstate_a":null,"interstate_b":null,"interstate_c":null,"loaddate":1533980419000,"mtfcc_code":"S1400","name":"Richards Blvd","objectid":21426291,"permanent_identifier":"33c6f1ca-72d5-4270-a21f-d1490860d43b","real_world_relation":"REFERENCE_ONLY","shape_Length":238.56195242347823,"source_datadesc":"2016 October MAFTIGER","source_datasetid":"{155E1578-FAD5-4709-A194-6F828C31A01F}","source_featureid":"110874105498","source_id":"REF-SACRAMENTO-LOCAL-ROADS","source_originator":"U.S. Department of Commerce, U.S. Census Bureau, Geography Division","state_route":null,"state_route_a":null,"state_route_b":null,"state_route_c":null,"stco_fipscode":"06067","tnmfrc":4,"us_route":null,"us_route_a":null,"us_route_b":null,"us_route_c":null},"type":"Feature"},{"geometry":{"coordinates":[[-121.503782,38.581814],[-121.503605,38.58176]],"type":"LineString"},"id":"REF-SACRAMENTO-LOCAL-ROADS-476","properties":{"canon_status":"REAL_REFERENCE","county_route":null,"federal_lands_route":null,"fictionality":"REAL","globalid":"{9174FE1C-8A66-4392-85F1-78EC0624AD57}","interstate":null,"interstate_a":null,"interstate_b":null,"interstate_c":null,"loaddate":1533980464000,"mtfcc_code":"S1400","name":"K St","objectid":21554389,"permanent_identifier":"2adc997d-93f4-479b-8e3d-177c20cc86c2","real_world_relation":"REFERENCE_ONLY","shape_Length":21.151001797766092,"source_datadesc":"2016 October MAFTIGER","source_datasetid":"{155E1578-FAD5-4709-A194-6F828C31A01F}","source_featureid":"110873834522","source_id":"REF-SACRAMENTO-LOCAL-ROADS","source_originator":"U.S. Department of Commerce, U.S. Census Bureau, Geography Division","state_route":null,"state_route_a":null,"state_route_b":null,"state_route_c":null,"stco_fipscode":"06067","tnmfrc":4,"us_route":null,"us_route_a":null,"us_route_b":null,"us_route_c":null},"type":"Feature"},{"geometry":{"coordinates":[[-121.510013,38.588515],[-121.510057,38.588269],[-121.510191,38.587531],[-121.510217,38.587392],[-121.510236,38.587285],[-121.510238,38.587269],[-121.510246,38.587224],[-121.51025,38.587209]],"type":"LineString"},"id":"REF-SACRAMENTO-LOCAL-ROADS-477","properties":{"canon_status":"REAL_REFERENCE","county_route":null,"federal_lands_route":null,"fictionality":"REAL","globalid":"{3D7FB917-2CCE-4303-9CA3-41ED9E922044}","interstate":null,"interstate_a":null,"interstate_b":null,"interstate_c":null,"loaddate":1533980950000,"mtfcc_code":"S1400","name":"3rd St","objectid":21554992,"permanent_identifier":"c9538dc0-1295-461c-90af-cee1ce17d030","real_world_relation":"REFERENCE_ONLY","shape_Length":187.86378868317752,"source_datadesc":"2016 October MAFTIGER","source_datasetid":"{155E1578-FAD5-4709-A194-6F828C31A01F}","source_featureid":"110758800270","source_id":"REF-SACRAMENTO-LOCAL-ROADS","source_originator":"U.S. Department of Commerce, U.S. Census Bureau, Geography Division","state_route":null,"state_route_a":null,"state_route_b":null,"state_route_c":null,"stco_fipscode":"06113","tnmfrc":4,"us_route":null,"us_route_a":null,"us_route_b":null,"us_route_c":null},"type":"Feature"},{"geometry":{"coordinates":[[-121.481625,38.579592],[-121.480299,38.579238]],"type":"LineString"},"id":"REF-SACRAMENTO-LOCAL-ROADS-478","properties":{"canon_status":"REAL_REFERENCE","county_route":null,"federal_lands_route":null,"fictionality":"REAL","globalid":"{ACB3C989-245F-4D63-9133-A1ADD99F8160}","interstate":null,"interstate_a":null,"interstate_b":null,"interstate_c":null,"loaddate":1533980466000,"mtfcc_code":"S1400","name":"H St","objectid":21555091,"permanent_identifier":"4751ab14-5029-4e8b-aa44-14a9becdc77c","real_world_relation":"REFERENCE_ONLY","shape_Length":155.97974694363717,"source_datadesc":"2016 October MAFTIGER","source_datasetid":"{155E1578-FAD5-4709-A194-6F828C31A01F}","source_featureid":"1104994081186","source_id":"REF-SACRAMENTO-LOCAL-ROADS","source_originator":"U.S. Department of Commerce, U.S. Census Bureau, Geography Division","state_route":null,"state_route_a":null,"state_route_b":null,"state_route_c":null,"stco_fipscode":"06067","tnmfrc":4,"us_route":null,"us_route_a":null,"us_route_b":null,"us_route_c":null},"type":"Feature"},{"geometry":{"coordinates":[[-121.494809,38.587388],[-121.494882,38.587319],[-121.494912,38.587281],[-121.494935,38.587241],[-121.495102,38.586851]],"type":"LineString"},"id":"REF-SACRAMENTO-LOCAL-ROADS-479","properties":{"canon_status":"REAL_REFERENCE","county_route":null,"federal_lands_route":null,"fictionality":"REAL","globalid":"{07D9C128-66A3-414D-A5BF-59852F6A7CD4}","interstate":null,"interstate_a":null,"interstate_b":null,"interstate_c":null,"loaddate":1533980433000,"mtfcc_code":"S1400","name":"7th St","objectid":21683086,"permanent_identifier":"9ce39304-6c8a-43ad-b516-5fb22a200ec7","real_world_relation":"REFERENCE_ONLY","shape_Length":83.92627225923042,"source_datadesc":"2016 October MAFTIGER","source_datasetid":"{155E1578-FAD5-4709-A194-6F828C31A01F}","source_featureid":"1102781889625","source_id":"REF-SACRAMENTO-LOCAL-ROADS","source_originator":"U.S. Department of Commerce, U.S. Census Bureau, Geography Division","state_route":null,"state_route_a":null,"state_route_b":null,"state_route_c":null,"stco_fipscode":"06067","tnmfrc":4,"us_route":null,"us_route_a":null,"us_route_b":null,"us_route_c":null},"type":"Feature"},{"geometry":{"coordinates":[[-121.479108,38.610169],[-121.481325,38.609659],[-121.481442,38.609628]],"type":"LineString"},"id":"REF-SACRAMENTO-LOCAL-ROADS-480","properties":{"canon_status":"REAL_REFERENCE","county_route":null,"federal_lands_route":null,"fictionality":"REAL","globalid":"{33B41D79-5CAE-4318-A18E-CF0AB5C843DB}","interstate":null,"interstate_a":null,"interstate_b":null,"interstate_c":null,"loaddate":1533980627000,"mtfcc_code":"S1400","name":"Northfield Dr","objectid":21683352,"permanent_identifier":"16d6b7b8-15d0-4588-bcb9-f81545f122d8","real_world_relation":"REFERENCE_ONLY","shape_Length":271.02033614738184,"source_datadesc":"2016 October MAFTIGER","source_datasetid":"{155E1578-FAD5-4709-A194-6F828C31A01F}","source_featureid":"110874160005","source_id":"REF-SACRAMENTO-LOCAL-ROADS","source_originator":"U.S. Department of Commerce, U.S. Census Bureau, Geography Division","state_route":null,"state_route_a":null,"state_route_b":null,"state_route_c":null,"stco_fipscode":"06067","tnmfrc":4,"us_route":null,"us_route_a":null,"us_route_b":null,"us_route_c":null},"type":"Feature"},{"geometry":{"coordinates":[[-121.490363,38.597766],[-121.489919,38.598796]],"type":"LineString"},"id":"REF-SACRAMENTO-LOCAL-ROADS-481","properties":{"canon_status":"REAL_REFERENCE","county_route":null,"federal_lands_route":null,"fictionality":"REAL","globalid":"{99C022D4-CDD4-4C8E-90C0-B1AAC68CF5E8}","interstate":null,"interstate_a":null,"interstate_b":null,"interstate_c":null,"loaddate":1533980480000,"mtfcc_code":"S1400","name":"N 7th St","objectid":21683365,"permanent_identifier":"e162e0d0-9653-4911-a0d4-4688663b00b9","real_world_relation":"REFERENCE_ONLY","shape_Length":154.81126706748753,"source_datadesc":"2016 October MAFTIGER","source_datasetid":"{155E1578-FAD5-4709-A194-6F828C31A01F}","source_featureid":"110873852308","source_id":"REF-SACRAMENTO-LOCAL-ROADS","source_originator":"U.S. Department of Commerce, U.S. Census Bureau, Geography Division","state_route":null,"state_route_a":null,"state_route_b":null,"state_route_c":null,"stco_fipscode":"06067","tnmfrc":4,"us_route":null,"us_route_a":null,"us_route_b":null,"us_route_c":null},"type":"Feature"},{"geometry":{"coordinates":[[-121.496382,38.580468],[-121.49662,38.579919]],"type":"LineString"},"id":"REF-SACRAMENTO-LOCAL-ROADS-482","properties":{"canon_status":"REAL_REFERENCE","county_route":null,"federal_lands_route":null,"fictionality":"REAL","globalid":"{AF63EE0A-45AC-4C39-B75E-07EEFF63B52E}","interstate":null,"interstate_a":null,"interstate_b":null,"interstate_c":null,"loaddate":1533980530000,"mtfcc_code":"S1400","name":"8th St","objectid":21810499,"permanent_identifier":"60c6f1e6-2d5c-4650-b301-42599415910e","real_world_relation":"REFERENCE_ONLY","shape_Length":82.54517398859724,"source_datadesc":"2016 October MAFTIGER","source_datasetid":"{155E1578-FAD5-4709-A194-6F828C31A01F}","source_featureid":"110873852359","source_id":"REF-SACRAMENTO-LOCAL-ROADS","source_originator":"U.S. Department of Commerce, U.S. Census Bureau, Geography Division","state_route":null,"state_route_a":null,"state_route_b":null,"state_route_c":null,"stco_fipscode":"06067","tnmfrc":4,"us_route":null,"us_route_a":null,"us_route_b":null,"us_route_c":null},"type":"Feature"},{"geometry":{"coordinates":[[-121.479731,38.58397],[-121.479966,38.583425]],"type":"LineString"},"id":"REF-SACRAMENTO-LOCAL-ROADS-483","properties":{"canon_status":"REAL_REFERENCE","county_route":null,"federal_lands_route":null,"fictionality":"REAL","globalid":"{A7870662-2C0A-435A-88C9-D8B9878CCE63}","interstate":null,"interstate_a":null,"interstate_b":null,"interstate_c":null,"loaddate":1533980611000,"mtfcc_code":"S1400","name":"18th St","objectid":21810874,"permanent_identifier":"3e903319-20f6-4737-a196-11a4054c1728","real_world_relation":"REFERENCE_ONLY","shape_Length":81.90221837832945,"source_datadesc":"2016 October MAFTIGER","source_datasetid":"{155E1578-FAD5-4709-A194-6F828C31A01F}","source_featureid":"110873858902","source_id":"REF-SACRAMENTO-LOCAL-ROADS","source_originator":"U.S. Department of Commerce, U.S. Census Bureau, Geography Division","state_route":null,"state_route_a":null,"state_route_b":null,"state_route_c":null,"stco_fipscode":"06067","tnmfrc":4,"us_route":null,"us_route_a":null,"us_route_b":null,"us_route_c":null},"type":"Feature"},{"geometry":{"coordinates":[[-121.49684,38.593417],[-121.496421,38.59332],[-121.496331,38.593299],[-121.495957,38.593205],[-121.494517,38.592845],[-121.492692,38.592361]],"type":"LineString"},"id":"REF-SACRAMENTO-LOCAL-ROADS-484","properties":{"canon_status":"REAL_REFERENCE","county_route":null,"federal_lands_route":null,"fictionality":"REAL","globalid":"{DF052226-A8A3-4110-8138-66189B8A5FBA}","interstate":null,"interstate_a":null,"interstate_b":null,"interstate_c":null,"loaddate":1533980554000,"mtfcc_code":"S1400","name":"N B St","objectid":21811301,"permanent_identifier":"2132fe5f-d82f-4b25-8fc9-9bb22ee48e0d","real_world_relation":"REFERENCE_ONLY","shape_Length":485.6697478663175,"source_datadesc":"2016 October MAFTIGER","source_datasetid":"{155E1578-FAD5-4709-A194-6F828C31A01F}","source_featureid":"110873834253","source_id":"REF-SACRAMENTO-LOCAL-ROADS","source_originator":"U.S. Department of Commerce, U.S. Census Bureau, Geography Division","state_route":null,"state_route_a":null,"state_route_b":null,"state_route_c":null,"stco_fipscode":"06067","tnmfrc":4,"us_route":null,"us_route_a":null,"us_route_b":null,"us_route_c":null},"type":"Feature"},{"geometry":{"coordinates":[[-121.481906,38.585775],[-121.480581,38.58542]],"type":"LineString"},"id":"REF-SACRAMENTO-LOCAL-ROADS-485","properties":{"canon_status":"REAL_REFERENCE","county_route":null,"federal_lands_route":null,"fictionality":"REAL","globalid":"{96A8AF50-7ED9-4061-8BB5-F0C2CF43EFE1}","interstate":null,"interstate_a":null,"interstate_b":null,"interstate_c":null,"loaddate":1533980488000,"mtfcc_code":"S1400","name":"C St","objectid":21938584,"permanent_identifier":"6758eadf-f332-45f8-86a0-5cdfb1b3e2a5","real_world_relation":"REFERENCE_ONLY","shape_Length":155.9220222663429,"source_datadesc":"2016 October MAFTIGER","source_datasetid":"{155E1578-FAD5-4709-A194-6F828C31A01F}","source_featureid":"110873834267","source_id":"REF-SACRAMENTO-LOCAL-ROADS","source_originator":"U.S. Department of Commerce, U.S. Census Bureau, Geography Division","state_route":null,"state_route_a":null,"state_route_b":null,"state_route_c":null,"stco_fipscode":"06067","tnmfrc":4,"us_route":null,"us_route_a":null,"us_route_b":null,"us_route_c":null},"type":"Feature"},{"geometry":{"coordinates":[[-121.464451,38.603598],[-121.46344,38.604083]],"type":"LineString"},"id":"REF-SACRAMENTO-LOCAL-ROADS-486","properties":{"canon_status":"REAL_REFERENCE","county_route":null,"federal_lands_route":null,"fictionality":"REAL","globalid":"{B79A649D-3E47-494C-8362-0AFD05136FD9}","interstate":null,"interstate_a":null,"interstate_b":null,"interstate_c":null,"loaddate":1533980548000,"mtfcc_code":"S1400","name":"Paso Blvd","objectid":21939299,"permanent_identifier":"86e007d2-47aa-43a4-92b2-3f43311c2af5","real_world_relation":"REFERENCE_ONLY","shape_Length":132.05738028212028,"source_datadesc":"2016 October MAFTIGER","source_datasetid":"{155E1578-FAD5-4709-A194-6F828C31A01F}","source_featureid":"110873935611","source_id":"REF-SACRAMENTO-LOCAL-ROADS","source_originator":"U.S. Department of Commerce, U.S. Census Bureau, Geography Division","state_route":null,"state_route_a":null,"state_route_b":null,"state_route_c":null,"stco_fipscode":"06067","tnmfrc":4,"us_route":null,"us_route_a":null,"us_route_b":null,"us_route_c":null},"type":"Feature"},{"geometry":{"coordinates":[[-121.512681,38.588819],[-121.512733,38.588572],[-121.51289,38.58783],[-121.512943,38.587584],[-121.51295,38.587549]],"type":"LineString"},"id":"REF-SACRAMENTO-LOCAL-ROADS-487","properties":{"canon_status":"REAL_REFERENCE","county_route":null,"federal_lands_route":null,"fictionality":"REAL","globalid":"{08EE8C89-A9CF-443E-A140-498736105CEB}","interstate":null,"interstate_a":null,"interstate_b":null,"interstate_c":null,"loaddate":1533980972000,"mtfcc_code":"S1400","name":"5th St","objectid":21939353,"permanent_identifier":"554d5494-7548-4179-8abd-8ed566c4adfd","real_world_relation":"REFERENCE_ONLY","shape_Length":183.33116281101573,"source_datadesc":"2016 October MAFTIGER","source_datasetid":"{155E1578-FAD5-4709-A194-6F828C31A01F}","source_featureid":"110758800297","source_id":"REF-SACRAMENTO-LOCAL-ROADS","source_originator":"U.S. Department of Commerce, U.S. Census Bureau, Geography Division","state_route":null,"state_route_a":null,"state_route_b":null,"state_route_c":null,"stco_fipscode":"06113","tnmfrc":4,"us_route":null,"us_route_a":null,"us_route_b":null,"us_route_c":null},"type":"Feature"},{"geometry":{"coordinates":[[-121.502665,38.58461],[-121.502503,38.584531],[-121.502359,38.584443],[-121.502265,38.584375],[-121.502136,38.584262],[-121.501943,38.58405]],"type":"LineString"},"id":"REF-SACRAMENTO-LOCAL-ROADS-488","properties":{"canon_status":"REAL_REFERENCE","county_route":null,"federal_lands_route":null,"fictionality":"REAL","globalid":"{0C6E1E9F-3FF2-4422-AF27-1CCA7C6B063C}","interstate":null,"interstate_a":null,"interstate_b":null,"interstate_c":null,"loaddate":1533980584000,"mtfcc_code":"S1400","name":null,"objectid":22066412,"permanent_identifier":"d003bf5e-6d68-436b-b41d-4a7493df2787","real_world_relation":"REFERENCE_ONLY","shape_Length":114.48259244689241,"source_datadesc":"2016 October MAFTIGER","source_datasetid":"{155E1578-FAD5-4709-A194-6F828C31A01F}","source_featureid":"110874217763","source_id":"REF-SACRAMENTO-LOCAL-ROADS","source_originator":"U.S. Department of Commerce, U.S. Census Bureau, Geography Division","state_route":null,"state_route_a":null,"state_route_b":null,"state_route_c":null,"stco_fipscode":"06067","tnmfrc":4,"us_route":null,"us_route_a":null,"us_route_b":null,"us_route_c":null},"type":"Feature"},{"geometry":{"coordinates":[[-121.504879,38.58576],[-121.505003,38.585855],[-121.505165,38.585923],[-121.505308,38.585967]],"type":"LineString"},"id":"REF-SACRAMENTO-LOCAL-ROADS-489","properties":{"canon_status":"REAL_REFERENCE","county_route":null,"federal_lands_route":null,"fictionality":"REAL","globalid":"{8A27C4E6-550C-40B9-9CD9-F0612CE8DC5B}","interstate":null,"interstate_a":null,"interstate_b":null,"interstate_c":null,"loaddate":1533980565000,"mtfcc_code":"S1400","name":"N St Viaduct St","objectid":22196117,"permanent_identifier":"387bf484-3562-4f64-a7cd-387e7f2aea7d","real_world_relation":"REFERENCE_ONLY","shape_Length":56.90510316685554,"source_datadesc":"2016 October MAFTIGER","source_datasetid":"{155E1578-FAD5-4709-A194-6F828C31A01F}","source_featureid":"110874168559","source_id":"REF-SACRAMENTO-LOCAL-ROADS","source_originator":"U.S. Department of Commerce, U.S. Census Bureau, Geography Division","state_route":null,"state_route_a":null,"state_route_b":null,"state_route_c":null,"stco_fipscode":"06067","tnmfrc":4,"us_route":null,"us_route_a":null,"us_route_b":null,"us_route_c":null},"type":"Feature"},{"geometry":{"coordinates":[[-121.497893,38.60807],[-121.500052,38.607895],[-121.500442,38.607853],[-121.500831,38.6078],[-121.501218,38.607736],[-121.501602,38.607662],[-121.502261,38.607515]],"type":"LineString"},"id":"REF-SACRAMENTO-LOCAL-ROADS-490","properties":{"canon_status":"REAL_REFERENCE","county_route":null,"federal_lands_route":null,"fictionality":"REAL","globalid":"{F2F0AB7B-5982-4137-9C78-8D82A62B656B}","interstate":null,"interstate_a":null,"interstate_b":null,"interstate_c":null,"loaddate":1533980565000,"mtfcc_code":"S1400","name":"Garden Hwy","objectid":22323600,"permanent_identifier":"498d4885-69ef-4421-a38f-1478db7001ff","real_world_relation":"REFERENCE_ONLY","shape_Length":493.76180472312353,"source_datadesc":"2016 October MAFTIGER","source_datasetid":"{155E1578-FAD5-4709-A194-6F828C31A01F}","source_featureid":"110873949976","source_id":"REF-SACRAMENTO-LOCAL-ROADS","source_originator":"U.S. Department of Commerce, U.S. Census Bureau, Geography Division","state_route":null,"state_route_a":null,"state_route_b":null,"state_route_c":null,"stco_fipscode":"06067","tnmfrc":4,"us_route":null,"us_route_a":null,"us_route_b":null,"us_route_c":null},"type":"Feature"},{"geometry":{"coordinates":[[-121.511941,38.590884],[-121.511993,38.59089],[-121.512066,38.5909],[-121.51213,38.59092],[-121.512186,38.590931],[-121.512251,38.590948],[-121.512306,38.590965],[-121.512394,38.590978]],"type":"LineString"},"id":"REF-SACRAMENTO-LOCAL-ROADS-491","properties":{"canon_status":"REAL_REFERENCE","county_route":null,"federal_lands_route":null,"fictionality":"REAL","globalid":"{16CEF0FC-CA87-4A2A-8F88-F53625B39DD5}","interstate":null,"interstate_a":null,"interstate_b":null,"interstate_c":null,"loaddate":1533980946000,"mtfcc_code":"S1400","name":"Outrigger Ln","objectid":22323708,"permanent_identifier":"e48542ef-0fd8-4ffe-9732-3f06952c013c","real_world_relation":"REFERENCE_ONLY","shape_Length":52.3855532244248,"source_datadesc":"2016 October MAFTIGER","source_datasetid":"{155E1578-FAD5-4709-A194-6F828C31A01F}","source_featureid":"1103593478698","source_id":"REF-SACRAMENTO-LOCAL-ROADS","source_originator":"U.S. Department of Commerce, U.S. Census Bureau, Geography Division","state_route":null,"state_route_a":null,"state_route_b":null,"state_route_c":null,"stco_fipscode":"06113","tnmfrc":4,"us_route":null,"us_route_a":null,"us_route_b":null,"us_route_c":null},"type":"Feature"},{"geometry":{"coordinates":[[-121.488033,38.581917],[-121.488274,38.581366]],"type":"LineString"},"id":"REF-SACRAMENTO-LOCAL-ROADS-492","properties":{"canon_status":"REAL_REFERENCE","county_route":null,"federal_lands_route":null,"fictionality":"REAL","globalid":"{44276314-4B32-403C-A025-D9BBF14B1EBE}","interstate":null,"interstate_a":null,"interstate_b":null,"interstate_c":null,"loaddate":1533980655000,"mtfcc_code":"S1400","name":"13th St","objectid":22451304,"permanent_identifier":"92ca249d-984e-4d10-9834-3aa97e746a16","real_world_relation":"REFERENCE_ONLY","shape_Length":82.92389442374792,"source_datadesc":"2016 October MAFTIGER","source_datasetid":"{155E1578-FAD5-4709-A194-6F828C31A01F}","source_featureid":"110873853976","source_id":"REF-SACRAMENTO-LOCAL-ROADS","source_originator":"U.S. Department of Commerce, U.S. Census Bureau, Geography Division","state_route":null,"state_route_a":null,"state_route_b":null,"state_route_c":null,"stco_fipscode":"06067","tnmfrc":4,"us_route":null,"us_route_a":null,"us_route_b":null,"us_route_c":null},"type":"Feature"},{"geometry":{"coordinates":[[-121.509921,38.589037],[-121.509937,38.588944]],"type":"LineString"},"id":"REF-SACRAMENTO-LOCAL-ROADS-493","properties":{"canon_status":"REAL_REFERENCE","county_route":null,"federal_lands_route":null,"fictionality":"REAL","globalid":"{46F75442-2BC7-49C5-802F-39CDCBE453D8}","interstate":null,"interstate_a":null,"interstate_b":null,"interstate_c":null,"loaddate":1533980950000,"mtfcc_code":"S1400","name":"3rd St","objectid":22451935,"permanent_identifier":"f0810ff6-25de-4bf8-9c7a-9f74a80bb86c","real_world_relation":"REFERENCE_ONLY","shape_Length":13.364119623293456,"source_datadesc":"2016 October MAFTIGER","source_datasetid":"{155E1578-FAD5-4709-A194-6F828C31A01F}","source_featureid":"110758800270","source_id":"REF-SACRAMENTO-LOCAL-ROADS","source_originator":"U.S. Department of Commerce, U.S. Census Bureau, Geography Division","state_route":null,"state_route_a":null,"state_route_b":null,"state_route_c":null,"stco_fipscode":"06113","tnmfrc":4,"us_route":null,"us_route_a":null,"us_route_b":null,"us_route_c":null},"type":"Feature"},{"geometry":{"coordinates":[[-121.492532,38.582501],[-121.493005,38.581405]],"type":"LineString"},"id":"REF-SACRAMENTO-LOCAL-ROADS-494","properties":{"canon_status":"REAL_REFERENCE","county_route":null,"federal_lands_route":null,"fictionality":"REAL","globalid":"{110C4010-FD0B-4531-9EC0-7D02BBC48753}","interstate":null,"interstate_a":null,"interstate_b":null,"interstate_c":null,"loaddate":1533980606000,"mtfcc_code":"S1400","name":"10th St","objectid":22579414,"permanent_identifier":"872a8c86-e26f-4165-bb24-df546ab9b2bb","real_world_relation":"REFERENCE_ONLY","shape_Length":164.7171683341323,"source_datadesc":"2016 October MAFTIGER","source_datasetid":"{155E1578-FAD5-4709-A194-6F828C31A01F}","source_featureid":"110873853074","source_id":"REF-SACRAMENTO-LOCAL-ROADS","source_originator":"U.S. Department of Commerce, U.S. Census Bureau, Geography Division","state_route":null,"state_route_a":null,"state_route_b":null,"state_route_c":null,"stco_fipscode":"06067","tnmfrc":4,"us_route":null,"us_route_a":null,"us_route_b":null,"us_route_c":null},"type":"Feature"},{"geometry":{"coordinates":[[-121.503795,38.597011],[-121.503383,38.597087]],"type":"LineString"},"id":"REF-SACRAMENTO-LOCAL-ROADS-495","properties":{"canon_status":"REAL_REFERENCE","county_route":null,"federal_lands_route":null,"fictionality":"REAL","globalid":"{6070FD8F-9266-4DF9-946E-2A8976158544}","interstate":null,"interstate_a":null,"interstate_b":null,"interstate_c":null,"loaddate":1533980419000,"mtfcc_code":"S1400","name":"Richards Blvd","objectid":22579478,"permanent_identifier":"809a88df-877d-4c91-9240-69f76701e080","real_world_relation":"REFERENCE_ONLY","shape_Length":47.123875080954775,"source_datadesc":"2016 October MAFTIGER","source_datasetid":"{155E1578-FAD5-4709-A194-6F828C31A01F}","source_featureid":"110874105498","source_id":"REF-SACRAMENTO-LOCAL-ROADS","source_originator":"U.S. Department of Commerce, U.S. Census Bureau, Geography Division","state_route":null,"state_route_a":null,"state_route_b":null,"state_route_c":null,"stco_fipscode":"06067","tnmfrc":4,"us_route":null,"us_route_a":null,"us_route_b":null,"us_route_c":null},"type":"Feature"},{"geometry":{"coordinates":[[-121.49662,38.579919],[-121.496677,38.579788],[-121.496855,38.579378]],"type":"LineString"},"id":"REF-SACRAMENTO-LOCAL-ROADS-496","properties":{"canon_status":"REAL_REFERENCE","county_route":null,"federal_lands_route":null,"fictionality":"REAL","globalid":"{6D7EA1AA-8999-4557-8727-8375143F452D}","interstate":null,"interstate_a":null,"interstate_b":null,"interstate_c":null,"loaddate":1533980530000,"mtfcc_code":"S1400","name":"8th St","objectid":22580072,"permanent_identifier":"7c9e884f-33db-403d-84b0-90bcdd4ff7ee","real_world_relation":"REFERENCE_ONLY","shape_Length":81.35846362577553,"source_datadesc":"2016 October MAFTIGER","source_datasetid":"{155E1578-FAD5-4709-A194-6F828C31A01F}","source_featureid":"110873852359","source_id":"REF-SACRAMENTO-LOCAL-ROADS","source_originator":"U.S. Department of Commerce, U.S. Census Bureau, Geography Division","state_route":null,"state_route_a":null,"state_route_b":null,"state_route_c":null,"stco_fipscode":"06067","tnmfrc":4,"us_route":null,"us_route_a":null,"us_route_b":null,"us_route_c":null},"type":"Feature"},{"geometry":{"coordinates":[[-121.500105,38.582087],[-121.500594,38.580962]],"type":"LineString"},"id":"REF-SACRAMENTO-LOCAL-ROADS-497","properties":{"canon_status":"REAL_REFERENCE","county_route":null,"federal_lands_route":null,"fictionality":"REAL","globalid":"{3C169FB4-6591-4FF7-B2A3-0E622D87BA06}","interstate":null,"interstate_a":null,"interstate_b":null,"interstate_c":null,"loaddate":1533980465000,"mtfcc_code":"S1400","name":"5th St","objectid":22707418,"permanent_identifier":"f4503487-2a05-44e2-954c-29d024b4c987","real_world_relation":"REFERENCE_ONLY","shape_Length":169.19905546697865,"source_datadesc":"2016 October MAFTIGER","source_datasetid":"{155E1578-FAD5-4709-A194-6F828C31A01F}","source_featureid":"110873852123","source_id":"REF-SACRAMENTO-LOCAL-ROADS","source_originator":"U.S. Department of Commerce, U.S. Census Bureau, Geography Division","state_route":null,"state_route_a":null,"state_route_b":null,"state_route_c":null,"stco_fipscode":"06067","tnmfrc":4,"us_route":null,"us_route_a":null,"us_route_b":null,"us_route_c":null},"type":"Feature"},{"geometry":{"coordinates":[[-121.497945,38.580271],[-121.49818,38.579731]],"type":"LineString"},"id":"REF-SACRAMENTO-LOCAL-ROADS-498","properties":{"canon_status":"REAL_REFERENCE","county_route":null,"federal_lands_route":null,"fictionality":"REAL","globalid":"{F4A22B24-2248-487F-8F9D-DBCE5BA79E0C}","interstate":null,"interstate_a":null,"interstate_b":null,"interstate_c":null,"loaddate":1533980448000,"mtfcc_code":"S1400","name":"7th St","objectid":22707697,"permanent_identifier":"186b7edb-1c8e-4fd6-955e-b82f4b482839","real_world_relation":"REFERENCE_ONLY","shape_Length":81.22404600072132,"source_datadesc":"2016 October MAFTIGER","source_datasetid":"{155E1578-FAD5-4709-A194-6F828C31A01F}","source_featureid":"1102781889555","source_id":"REF-SACRAMENTO-LOCAL-ROADS","source_originator":"U.S. Department of Commerce, U.S. Census Bureau, Geography Division","state_route":null,"state_route_a":null,"state_route_b":null,"state_route_c":null,"stco_fipscode":"06067","tnmfrc":4,"us_route":null,"us_route_a":null,"us_route_b":null,"us_route_c":null},"type":"Feature"},{"geometry":{"coordinates":[[-121.484565,38.586482],[-121.484803,38.585936]],"type":"LineString"},"id":"REF-SACRAMENTO-LOCAL-ROADS-499","properties":{"canon_status":"REAL_REFERENCE","county_route":null,"federal_lands_route":null,"fictionality":"REAL","globalid":"{92414545-871D-489C-A473-37592B3A7832}","interstate":null,"interstate_a":null,"interstate_b":null,"interstate_c":null,"loaddate":1533980436000,"mtfcc_code":"S1400","name":"14th St","objectid":22835427,"permanent_identifier":"d3de64d9-cdd4-4977-b82a-7c8a8ae6b633","real_world_relation":"REFERENCE_ONLY","shape_Length":82.146811481091,"source_datadesc":"2016 October MAFTIGER","source_datasetid":"{155E1578-FAD5-4709-A194-6F828C31A01F}","source_featureid":"110873854979","source_id":"REF-SACRAMENTO-LOCAL-ROADS","source_originator":"U.S. Department of Commerce, U.S. Census Bureau, Geography Division","state_route":null,"state_route_a":null,"state_route_b":null,"state_route_c":null,"stco_fipscode":"06067","tnmfrc":4,"us_route":null,"us_route_a":null,"us_route_b":null,"us_route_c":null},"type":"Feature"},{"geometry":{"coordinates":[[-121.5001,38.597229],[-121.497439,38.597213]],"type":"LineString"},"id":"REF-SACRAMENTO-LOCAL-ROADS-500","properties":{"canon_status":"REAL_REFERENCE","county_route":null,"federal_lands_route":null,"fictionality":"REAL","globalid":"{A23BEB61-9DA8-4D21-BE51-60CDDB72D712}","interstate":null,"interstate_a":null,"interstate_b":null,"interstate_c":null,"loaddate":1533980419000,"mtfcc_code":"S1400","name":"Richards Blvd","objectid":22835495,"permanent_identifier":"8d84f05f-066b-40c3-bc43-790b700b87e3","real_world_relation":"REFERENCE_ONLY","shape_Length":296.22996593012925,"source_datadesc":"2016 October MAFTIGER","source_datasetid":"{155E1578-FAD5-4709-A194-6F828C31A01F}","source_featureid":"110874105498","source_id":"REF-SACRAMENTO-LOCAL-ROADS","source_originator":"U.S. Department of Commerce, U.S. Census Bureau, Geography Division","state_route":null,"state_route_a":null,"state_route_b":null,"state_route_c":null,"stco_fipscode":"06067","tnmfrc":4,"us_route":null,"us_route_a":null,"us_route_b":null,"us_route_c":null},"type":"Feature"},{"geometry":{"coordinates":[[-121.503608,38.583185],[-121.503547,38.583113],[-121.503465,38.583041]],"type":"LineString"},"id":"REF-SACRAMENTO-LOCAL-ROADS-501","properties":{"canon_status":"REAL_REFERENCE","county_route":null,"federal_lands_route":null,"fictionality":"REAL","globalid":"{AA60AB9C-7822-4FA4-927C-11C56D25763C}","interstate":null,"interstate_a":null,"interstate_b":null,"interstate_c":null,"loaddate":1533980532000,"mtfcc_code":"S1400","name":null,"objectid":22835553,"permanent_identifier":"ed2e54e3-df2a-4c2b-beca-d0b1f0d86716","real_world_relation":"REFERENCE_ONLY","shape_Length":26.02578871009734,"source_datadesc":"2016 October MAFTIGER","source_datasetid":"{155E1578-FAD5-4709-A194-6F828C31A01F}","source_featureid":"110874218011","source_id":"REF-SACRAMENTO-LOCAL-ROADS","source_originator":"U.S. Department of Commerce, U.S. Census Bureau, Geography Division","state_route":null,"state_route_a":null,"state_route_b":null,"state_route_c":null,"stco_fipscode":"06067","tnmfrc":4,"us_route":null,"us_route_a":null,"us_route_b":null,"us_route_c":null},"type":"Feature"},{"geometry":{"coordinates":[[-121.479608,38.595104],[-121.478852,38.594613],[-121.478459,38.594358]],"type":"LineString"},"id":"REF-SACRAMENTO-LOCAL-ROADS-502","properties":{"canon_status":"REAL_REFERENCE","county_route":null,"federal_lands_route":null,"fictionality":"REAL","globalid":"{47D69097-F2CB-44DE-920D-75B3286140CE}","interstate":null,"interstate_a":null,"interstate_b":null,"interstate_c":null,"loaddate":1533980420000,"mtfcc_code":"S1400","name":"Richards Blvd","objectid":23092660,"permanent_identifier":"92fc734c-5028-40e0-8c05-88fc843a2fa7","real_world_relation":"REFERENCE_ONLY","shape_Length":166.28139338930563,"source_datadesc":"2016 October MAFTIGER","source_datasetid":"{155E1578-FAD5-4709-A194-6F828C31A01F}","source_featureid":"110874105498","source_id":"REF-SACRAMENTO-LOCAL-ROADS","source_originator":"U.S. Department of Commerce, U.S. Census Bureau, Geography Division","state_route":null,"state_route_a":null,"state_route_b":null,"state_route_c":null,"stco_fipscode":"06067","tnmfrc":4,"us_route":null,"us_route_a":null,"us_route_b":null,"us_route_c":null},"type":"Feature"},{"geometry":{"coordinates":[[-121.463455,38.580243],[-121.463693,38.579693]],"type":"LineString"},"id":"REF-SACRAMENTO-LOCAL-ROADS-503","properties":{"canon_status":"REAL_REFERENCE","county_route":null,"federal_lands_route":null,"fictionality":"REAL","globalid":"{C494C9F3-9C7C-4A4E-90F6-80309900D0D4}","interstate":null,"interstate_a":null,"interstate_b":null,"interstate_c":null,"loaddate":1533980520000,"mtfcc_code":"S1400","name":"30th St","objectid":23220159,"permanent_identifier":"b38b6818-a606-422d-b1b1-21607a4f7218","real_world_relation":"REFERENCE_ONLY","shape_Length":82.67973616152518,"source_datadesc":"2016 October MAFTIGER","source_datasetid":"{155E1578-FAD5-4709-A194-6F828C31A01F}","source_featureid":"110873910160","source_id":"REF-SACRAMENTO-LOCAL-ROADS","source_originator":"U.S. Department of Commerce, U.S. Census Bureau, Geography Division","state_route":null,"state_route_a":null,"state_route_b":null,"state_route_c":null,"stco_fipscode":"06067","tnmfrc":4,"us_route":null,"us_route_a":null,"us_route_b":null,"us_route_c":null},"type":"Feature"},{"geometry":{"coordinates":[[-121.499722,38.579522],[-121.500208,38.578398]],"type":"LineString"},"id":"REF-SACRAMENTO-LOCAL-ROADS-504","properties":{"canon_status":"REAL_REFERENCE","county_route":null,"federal_lands_route":null,"fictionality":"REAL","globalid":"{5B4431D4-4D16-4E30-90B2-2DAC8F7FE839}","interstate":null,"interstate_a":null,"interstate_b":null,"interstate_c":null,"loaddate":1533980566000,"mtfcc_code":"S1400","name":"6th St","objectid":23220183,"permanent_identifier":"a227dbfa-3ba7-4a2c-8bf1-348c7dad138a","real_world_relation":"REFERENCE_ONLY","shape_Length":168.95149271139636,"source_datadesc":"2016 October MAFTIGER","source_datasetid":"{155E1578-FAD5-4709-A194-6F828C31A01F}","source_featureid":"110873852205","source_id":"REF-SACRAMENTO-LOCAL-ROADS","source_originator":"U.S. Department of Commerce, U.S. Census Bureau, Geography Division","state_route":null,"state_route_a":null,"state_route_b":null,"state_route_c":null,"stco_fipscode":"06067","tnmfrc":4,"us_route":null,"us_route_a":null,"us_route_b":null,"us_route_c":null},"type":"Feature"},{"geometry":{"coordinates":[[-121.489389,38.582881],[-121.489333,38.582867],[-121.487799,38.582457]],"type":"LineString"},"id":"REF-SACRAMENTO-LOCAL-ROADS-505","properties":{"canon_status":"REAL_REFERENCE","county_route":null,"federal_lands_route":null,"fictionality":"REAL","globalid":"{C76FD7A0-BD5B-416A-89C9-41D76B2CC8E3}","interstate":null,"interstate_a":null,"interstate_b":null,"interstate_c":null,"loaddate":1533980630000,"mtfcc_code":"S1400","name":"G St","objectid":23220710,"permanent_identifier":"26eb60cf-0936-42d4-a69f-d9427efba574","real_world_relation":"REFERENCE_ONLY","shape_Length":187.01468597457585,"source_datadesc":"2016 October MAFTIGER","source_datasetid":"{155E1578-FAD5-4709-A194-6F828C31A01F}","source_featureid":"110873834423","source_id":"REF-SACRAMENTO-LOCAL-ROADS","source_originator":"U.S. Department of Commerce, U.S. Census Bureau, Geography Division","state_route":null,"state_route_a":null,"state_route_b":null,"state_route_c":null,"stco_fipscode":"06067","tnmfrc":4,"us_route":null,"us_route_a":null,"us_route_b":null,"us_route_c":null},"type":"Feature"},{"geometry":{"coordinates":[[-121.509147,38.605626],[-121.509724,38.605218]],"type":"LineString"},"id":"REF-SACRAMENTO-LOCAL-ROADS-506","properties":{"canon_status":"REAL_REFERENCE","county_route":null,"federal_lands_route":null,"fictionality":"REAL","globalid":"{A23B44B7-75C7-4E84-A087-2CC1F491E508}","interstate":null,"interstate_a":null,"interstate_b":null,"interstate_c":null,"loaddate":1533980459000,"mtfcc_code":"S1400","name":"Garden Hwy","objectid":23220769,"permanent_identifier":"6959436c-6a27-49d7-a498-51a3a3eb507a","real_world_relation":"REFERENCE_ONLY","shape_Length":86.62315539760546,"source_datadesc":"2016 October MAFTIGER","source_datasetid":"{155E1578-FAD5-4709-A194-6F828C31A01F}","source_featureid":"110873949978","source_id":"REF-SACRAMENTO-LOCAL-ROADS","source_originator":"U.S. Department of Commerce, U.S. Census Bureau, Geography Division","state_route":null,"state_route_a":null,"state_route_b":null,"state_route_c":null,"stco_fipscode":"06067","tnmfrc":4,"us_route":null,"us_route_a":null,"us_route_b":null,"us_route_c":null},"type":"Feature"},{"geometry":{"coordinates":[[-121.493173,38.600738],[-121.493029,38.6009],[-121.492966,38.600964],[-121.492821,38.601077],[-121.492655,38.60117],[-121.492471,38.60124],[-121.492364,38.601261],[-121.492174,38.601298],[-121.49197,38.601304],[-121.491767,38.601283],[-121.491547,38.601255],[-121.491436,38.601248],[-121.491324,38.601246]],"type":"LineString"},"id":"REF-SACRAMENTO-LOCAL-ROADS-507","properties":{"canon_status":"REAL_REFERENCE","county_route":null,"federal_lands_route":null,"fictionality":"REAL","globalid":"{4FBACEEF-37F0-4D5B-A2FE-75E114A0F96A}","interstate":null,"interstate_a":null,"interstate_b":null,"interstate_c":null,"loaddate":1533980558000,"mtfcc_code":"S1400","name":"Riverine Way","objectid":23220770,"permanent_identifier":"9ce17bb2-9350-45d9-bcdd-acdba3b1c554","real_world_relation":"REFERENCE_ONLY","shape_Length":237.19080296099668,"source_datadesc":"2016 October MAFTIGER","source_datasetid":"{155E1578-FAD5-4709-A194-6F828C31A01F}","source_featureid":"1104981942492","source_id":"REF-SACRAMENTO-LOCAL-ROADS","source_originator":"U.S. Department of Commerce, U.S. Census Bureau, Geography Division","state_route":null,"state_route_a":null,"state_route_b":null,"state_route_c":null,"stco_fipscode":"06067","tnmfrc":4,"us_route":null,"us_route_a":null,"us_route_b":null,"us_route_c":null},"type":"Feature"},{"geometry":{"coordinates":[[-121.480061,38.579789],[-121.480299,38.579238]],"type":"LineString"},"id":"REF-SACRAMENTO-LOCAL-ROADS-508","properties":{"canon_status":"REAL_REFERENCE","county_route":null,"federal_lands_route":null,"fictionality":"REAL","globalid":"{2EB57722-4757-4AE6-92C3-C46A07743288}","interstate":null,"interstate_a":null,"interstate_b":null,"interstate_c":null,"loaddate":1533980454000,"mtfcc_code":"S1400","name":"19th St","objectid":23476237,"permanent_identifier":"00486691-c7ea-4cfa-904c-d864b4e76d63","real_world_relation":"REFERENCE_ONLY","shape_Length":82.81429276277801,"source_datadesc":"2016 October MAFTIGER","source_datasetid":"{155E1578-FAD5-4709-A194-6F828C31A01F}","source_featureid":"1104469987952","source_id":"REF-SACRAMENTO-LOCAL-ROADS","source_originator":"U.S. Department of Commerce, U.S. Census Bureau, Geography Division","state_route":null,"state_route_a":null,"state_route_b":null,"state_route_c":null,"stco_fipscode":"06067","tnmfrc":4,"us_route":null,"us_route_a":null,"us_route_b":null,"us_route_c":null},"type":"Feature"},{"geometry":{"coordinates":[[-121.50911,38.588426],[-121.509629,38.588477],[-121.510013,38.588515]],"type":"LineString"},"id":"REF-SACRAMENTO-LOCAL-ROADS-509","properties":{"canon_status":"REAL_REFERENCE","county_route":null,"federal_lands_route":null,"fictionality":"REAL","globalid":"{B171839B-8EB0-4616-9B34-09E8A623E81B}","interstate":null,"interstate_a":null,"interstate_b":null,"interstate_c":null,"loaddate":1533980958000,"mtfcc_code":"S1400","name":"C St","objectid":23476876,"permanent_identifier":"fb840215-fac6-431b-8c7b-f0089288676b","real_world_relation":"REFERENCE_ONLY","shape_Length":101.31748132922267,"source_datadesc":"2016 October MAFTIGER","source_datasetid":"{155E1578-FAD5-4709-A194-6F828C31A01F}","source_featureid":"110758799858","source_id":"REF-SACRAMENTO-LOCAL-ROADS","source_originator":"U.S. Department of Commerce, U.S. Census Bureau, Geography Division","state_route":null,"state_route_a":null,"state_route_b":null,"state_route_c":null,"stco_fipscode":"06113","tnmfrc":4,"us_route":null,"us_route_a":null,"us_route_b":null,"us_route_c":null},"type":"Feature"},{"geometry":{"coordinates":[[-121.492464,38.586147],[-121.492698,38.585603]],"type":"LineString"},"id":"REF-SACRAMENTO-LOCAL-ROADS-510","properties":{"canon_status":"REAL_REFERENCE","county_route":null,"federal_lands_route":null,"fictionality":"REAL","globalid":"{F3043EFD-1898-4EF6-B7F2-4AB098EBA028}","interstate":null,"interstate_a":null,"interstate_b":null,"interstate_c":null,"loaddate":1533980534000,"mtfcc_code":"S1400","name":"9th St","objectid":23476923,"permanent_identifier":"9ae9aa14-dfb8-4551-bdfb-117b7787670e","real_world_relation":"REFERENCE_ONLY","shape_Length":81.73399265262076,"source_datadesc":"2016 October MAFTIGER","source_datasetid":"{155E1578-FAD5-4709-A194-6F828C31A01F}","source_featureid":"110873852404","source_id":"REF-SACRAMENTO-LOCAL-ROADS","source_originator":"U.S. Department of Commerce, U.S. Census Bureau, Geography Division","state_route":null,"state_route_a":null,"state_route_b":null,"state_route_c":null,"stco_fipscode":"06067","tnmfrc":4,"us_route":null,"us_route_a":null,"us_route_b":null,"us_route_c":null},"type":"Feature"},{"geometry":{"coordinates":[[-121.497807,38.593642],[-121.498668,38.593843]],"type":"LineString"},"id":"REF-SACRAMENTO-LOCAL-ROADS-511","properties":{"canon_status":"REAL_REFERENCE","county_route":null,"federal_lands_route":null,"fictionality":"REAL","globalid":"{E1D96E4E-1B33-4D5D-941C-A9DA4637DA3D}","interstate":null,"interstate_a":null,"interstate_b":null,"interstate_c":null,"loaddate":1748519528000,"mtfcc_code":"S1400","name":"N B St","objectid":23477222,"permanent_identifier":"656a6ff4-cad9-4adf-94a6-c64a3b0fbdcc","real_world_relation":"REFERENCE_ONLY","shape_Length":100.03015317570811,"source_datadesc":"2016 October MAFTIGER","source_datasetid":"{7AD8F908-E576-4667-ABBE-3F904F423D64}","source_featureid":"110873834255","source_id":"REF-SACRAMENTO-LOCAL-ROADS","source_originator":"U.S. Department of Commerce, U.S. Census Bureau, Geography Division","state_route":null,"state_route_a":null,"state_route_b":null,"state_route_c":null,"stco_fipscode":"06067","tnmfrc":4,"us_route":null,"us_route_a":null,"us_route_b":null,"us_route_c":null},"type":"Feature"},{"geometry":{"coordinates":[[-121.463155,38.604218],[-121.462249,38.604652]],"type":"LineString"},"id":"REF-SACRAMENTO-LOCAL-ROADS-512","properties":{"canon_status":"REAL_REFERENCE","county_route":null,"federal_lands_route":null,"fictionality":"REAL","globalid":"{8E1C2C98-32EB-4666-AE1B-855A7E062203}","interstate":null,"interstate_a":null,"interstate_b":null,"interstate_c":null,"loaddate":1533980548000,"mtfcc_code":"S1400","name":"Paso Blvd","objectid":23604335,"permanent_identifier":"2d0c91f2-095b-44cf-a242-4f6ec9b16728","real_world_relation":"REFERENCE_ONLY","shape_Length":118.29567088816144,"source_datadesc":"2016 October MAFTIGER","source_datasetid":"{155E1578-FAD5-4709-A194-6F828C31A01F}","source_featureid":"110873935611","source_id":"REF-SACRAMENTO-LOCAL-ROADS","source_originator":"U.S. Department of Commerce, U.S. Census Bureau, Geography Division","state_route":null,"state_route_a":null,"state_route_b":null,"state_route_c":null,"stco_fipscode":"06067","tnmfrc":4,"us_route":null,"us_route_a":null,"us_route_b":null,"us_route_c":null},"type":"Feature"},{"geometry":{"coordinates":[[-121.504465,38.585455],[-121.504209,38.585349]],"type":"LineString"},"id":"REF-SACRAMENTO-LOCAL-ROADS-513","properties":{"canon_status":"REAL_REFERENCE","county_route":null,"federal_lands_route":null,"fictionality":"REAL","globalid":"{1073AE80-2738-457B-9670-9FD95BFABA70}","interstate":null,"interstate_a":null,"interstate_b":null,"interstate_c":null,"loaddate":1533980518000,"mtfcc_code":"S1400","name":"I Street Brg","objectid":23604601,"permanent_identifier":"5b7902a3-228c-4e61-b8f2-34e2ba2005cb","real_world_relation":"REFERENCE_ONLY","shape_Length":32.24901122647454,"source_datadesc":"2016 October MAFTIGER","source_datasetid":"{155E1578-FAD5-4709-A194-6F828C31A01F}","source_featureid":"110874021821","source_id":"REF-SACRAMENTO-LOCAL-ROADS","source_originator":"U.S. Department of Commerce, U.S. Census Bureau, Geography Division","state_route":null,"state_route_a":null,"state_route_b":null,"state_route_c":null,"stco_fipscode":"06067","tnmfrc":4,"us_route":null,"us_route_a":null,"us_route_b":null,"us_route_c":null},"type":"Feature"},{"geometry":{"coordinates":[[-121.482856,38.583583],[-121.481529,38.58323]],"type":"LineString"},"id":"REF-SACRAMENTO-LOCAL-ROADS-514","properties":{"canon_status":"REAL_REFERENCE","county_route":null,"federal_lands_route":null,"fictionality":"REAL","globalid":"{6176ABE9-A32F-4D7B-9B18-89776A201205}","interstate":null,"interstate_a":null,"interstate_b":null,"interstate_c":null,"loaddate":1533980634000,"mtfcc_code":"S1400","name":"E St","objectid":23604856,"permanent_identifier":"9d3ed52b-2e8d-4b1d-9b54-d1866bac3f60","real_world_relation":"REFERENCE_ONLY","shape_Length":156.04014395358448,"source_datadesc":"2016 October MAFTIGER","source_datasetid":"{155E1578-FAD5-4709-A194-6F828C31A01F}","source_featureid":"110873834356","source_id":"REF-SACRAMENTO-LOCAL-ROADS","source_originator":"U.S. Department of Commerce, U.S. Census Bureau, Geography Division","state_route":null,"state_route_a":null,"state_route_b":null,"state_route_c":null,"stco_fipscode":"06067","tnmfrc":4,"us_route":null,"us_route_a":null,"us_route_b":null,"us_route_c":null},"type":"Feature"},{"geometry":{"coordinates":[[-121.506792,38.611224],[-121.506857,38.61113],[-121.506915,38.611022],[-121.506958,38.610908],[-121.506985,38.610792],[-121.507036,38.61031],[-121.505586,38.61031],[-121.505205,38.61031],[-121.504938,38.6103],[-121.504756,38.61028],[-121.504489,38.610232],[-121.504228,38.610163],[-121.504061,38.610105],[-121.50382,38.610001],[-121.503668,38.609921],[-121.503454,38.609786],[-121.503322,38.609686],[-121.5032,38.60958],[-121.503085,38.609466],[-121.502983,38.609348],[-121.502855,38.609169]],"type":"LineString"},"id":"REF-SACRAMENTO-LOCAL-ROADS-515","properties":{"canon_status":"REAL_REFERENCE","county_route":null,"federal_lands_route":null,"fictionality":"REAL","globalid":"{2D1D98B1-F286-4ABC-AB66-C383326EF5EF}","interstate":null,"interstate_a":null,"interstate_b":null,"interstate_c":null,"loaddate":1533980524000,"mtfcc_code":"S1400","name":"Natomas Park Dr","objectid":23605022,"permanent_identifier":"19d81c42-d6fd-4a3d-a26d-51afb67e193b","real_world_relation":"REFERENCE_ONLY","shape_Length":662.7078153663775,"source_datadesc":"2016 October MAFTIGER","source_datasetid":"{155E1578-FAD5-4709-A194-6F828C31A01F}","source_featureid":"110874185458","source_id":"REF-SACRAMENTO-LOCAL-ROADS","source_originator":"U.S. Department of Commerce, U.S. Census Bureau, Geography Division","state_route":null,"state_route_a":null,"state_route_b":null,"state_route_c":null,"stco_fipscode":"06067","tnmfrc":4,"us_route":null,"us_route_a":null,"us_route_b":null,"us_route_c":null},"type":"Feature"},{"geometry":{"coordinates":[[-121.471779,38.606686],[-121.473401,38.606705]],"type":"LineString"},"id":"REF-SACRAMENTO-LOCAL-ROADS-516","properties":{"canon_status":"REAL_REFERENCE","county_route":null,"federal_lands_route":null,"fictionality":"REAL","globalid":"{8E421C32-6203-4C53-B6F6-12903FD7323E}","interstate":null,"interstate_a":null,"interstate_b":null,"interstate_c":null,"loaddate":1533980571000,"mtfcc_code":"S1400","name":"Jefferson Ave","objectid":23732310,"permanent_identifier":"d3f6e3e2-5f30-4c6a-884c-2dc9cbb508ae","real_world_relation":"REFERENCE_ONLY","shape_Length":180.58058483588496,"source_datadesc":"2016 October MAFTIGER","source_datasetid":"{155E1578-FAD5-4709-A194-6F828C31A01F}","source_featureid":"110874134324","source_id":"REF-SACRAMENTO-LOCAL-ROADS","source_originator":"U.S. Department of Commerce, U.S. Census Bureau, Geography Division","state_route":null,"state_route_a":null,"state_route_b":null,"state_route_c":null,"stco_fipscode":"06067","tnmfrc":4,"us_route":null,"us_route_a":null,"us_route_b":null,"us_route_c":null},"type":"Feature"},{"geometry":{"coordinates":[[-121.482922,38.588479],[-121.482836,38.588661],[-121.482434,38.589527],[-121.482441,38.589565]],"type":"LineString"},"id":"REF-SACRAMENTO-LOCAL-ROADS-517","properties":{"canon_status":"REAL_REFERENCE","county_route":null,"federal_lands_route":null,"fictionality":"REAL","globalid":"{9EF8D041-9053-4C3F-BCA1-A7802702CEEE}","interstate":null,"interstate_a":null,"interstate_b":null,"interstate_c":null,"loaddate":1533980431000,"mtfcc_code":"S1400","name":"Ahern St","objectid":23860511,"permanent_identifier":"fe98cd3e-a861-41f2-a19c-fed3c6f7eb67","real_world_relation":"REFERENCE_ONLY","shape_Length":164.30078749100025,"source_datadesc":"2016 October MAFTIGER","source_datasetid":"{155E1578-FAD5-4709-A194-6F828C31A01F}","source_featureid":"110873936316","source_id":"REF-SACRAMENTO-LOCAL-ROADS","source_originator":"U.S. Department of Commerce, U.S. Census Bureau, Geography Division","state_route":null,"state_route_a":null,"state_route_b":null,"state_route_c":null,"stco_fipscode":"06067","tnmfrc":4,"us_route":null,"us_route_a":null,"us_route_b":null,"us_route_c":null},"type":"Feature"},{"geometry":{"coordinates":[[-121.464157,38.605011],[-121.464157,38.605685]],"type":"LineString"},"id":"REF-SACRAMENTO-LOCAL-ROADS-518","properties":{"canon_status":"REAL_REFERENCE","county_route":null,"federal_lands_route":null,"fictionality":"REAL","globalid":"{0794B705-9AD4-42F2-973A-5A9473033441}","interstate":null,"interstate_a":null,"interstate_b":null,"interstate_c":null,"loaddate":1533980614000,"mtfcc_code":"S1400","name":"Colfax St","objectid":23860676,"permanent_identifier":"04dfc1c4-7b17-41a0-a014-a4b24206b97c","real_world_relation":"REFERENCE_ONLY","shape_Length":96.0113999992609,"source_datadesc":"2016 October MAFTIGER","source_datasetid":"{155E1578-FAD5-4709-A194-6F828C31A01F}","source_featureid":"110873948911","source_id":"REF-SACRAMENTO-LOCAL-ROADS","source_originator":"U.S. Department of Commerce, U.S. Census Bureau, Geography Division","state_route":null,"state_route_a":null,"state_route_b":null,"state_route_c":null,"stco_fipscode":"06067","tnmfrc":4,"us_route":null,"us_route_a":null,"us_route_b":null,"us_route_c":null},"type":"Feature"},{"geometry":{"coordinates":[[-121.502707,38.584076],[-121.502277,38.583879]],"type":"LineString"},"id":"REF-SACRAMENTO-LOCAL-ROADS-519","properties":{"canon_status":"REAL_REFERENCE","county_route":null,"federal_lands_route":null,"fictionality":"REAL","globalid":"{155ED059-985D-49FA-A439-DDA92F984012}","interstate":null,"interstate_a":null,"interstate_b":null,"interstate_c":null,"loaddate":1533980547000,"mtfcc_code":"S1400","name":"I St","objectid":23861126,"permanent_identifier":"f4b23b95-724d-4ed5-bbe8-8853d64d5238","real_world_relation":"REFERENCE_ONLY","shape_Length":55.482715609388116,"source_datadesc":"2016 October MAFTIGER","source_datasetid":"{155E1578-FAD5-4709-A194-6F828C31A01F}","source_featureid":"110873834453","source_id":"REF-SACRAMENTO-LOCAL-ROADS","source_originator":"U.S. Department of Commerce, U.S. Census Bureau, Geography Division","state_route":null,"state_route_a":null,"state_route_b":null,"state_route_c":null,"stco_fipscode":"06067","tnmfrc":4,"us_route":null,"us_route_a":null,"us_route_b":null,"us_route_c":null},"type":"Feature"},{"geometry":{"coordinates":[[-121.492692,38.592361],[-121.492482,38.592848],[-121.492054,38.593844],[-121.491828,38.594368],[-121.49117,38.595897]],"type":"LineString"},"id":"REF-SACRAMENTO-LOCAL-ROADS-520","properties":{"canon_status":"REAL_REFERENCE","county_route":null,"federal_lands_route":null,"fictionality":"REAL","globalid":"{706FD257-CA88-43CE-A742-3DBDBE70F33E}","interstate":null,"interstate_a":null,"interstate_b":null,"interstate_c":null,"loaddate":1533980480000,"mtfcc_code":"S1400","name":"N 7th St","objectid":23990011,"permanent_identifier":"6ac385c0-3f59-41bc-967b-b851513fe225","real_world_relation":"REFERENCE_ONLY","shape_Length":531.360994090194,"source_datadesc":"2016 October MAFTIGER","source_datasetid":"{155E1578-FAD5-4709-A194-6F828C31A01F}","source_featureid":"110873852308","source_id":"REF-SACRAMENTO-LOCAL-ROADS","source_originator":"U.S. Department of Commerce, U.S. Census Bureau, Geography Division","state_route":null,"state_route_a":null,"state_route_b":null,"state_route_c":null,"stco_fipscode":"06067","tnmfrc":4,"us_route":null,"us_route_a":null,"us_route_b":null,"us_route_c":null},"type":"Feature"},{"geometry":{"coordinates":[[-121.482616,38.607951],[-121.482555,38.608084],[-121.482536,38.608126],[-121.482504,38.608217],[-121.48248,38.60831],[-121.482465,38.608404],[-121.48246,38.608499],[-121.482464,38.60859],[-121.482473,38.608674],[-121.482495,38.608807],[-121.482526,38.608939],[-121.482567,38.609069],[-121.48259,38.609133],[-121.482672,38.609113]],"type":"LineString"},"id":"REF-SACRAMENTO-LOCAL-ROADS-521","properties":{"canon_status":"REAL_REFERENCE","county_route":null,"federal_lands_route":null,"fictionality":"REAL","globalid":"{4B7C9809-2EEE-4AEA-A46E-ED59F305F295}","interstate":null,"interstate_a":null,"interstate_b":null,"interstate_c":null,"loaddate":1533980485000,"mtfcc_code":"S1400","name":"Morell Ct","objectid":24117470,"permanent_identifier":"f5d0df5c-fadc-4100-9f5d-277cee60d14a","real_world_relation":"REFERENCE_ONLY","shape_Length":181.77947456625745,"source_datadesc":"2016 October MAFTIGER","source_datasetid":"{155E1578-FAD5-4709-A194-6F828C31A01F}","source_featureid":"1102782666299","source_id":"REF-SACRAMENTO-LOCAL-ROADS","source_originator":"U.S. Department of Commerce, U.S. Census Bureau, Geography Division","state_route":null,"state_route_a":null,"state_route_b":null,"state_route_c":null,"stco_fipscode":"06067","tnmfrc":4,"us_route":null,"us_route_a":null,"us_route_b":null,"us_route_c":null},"type":"Feature"},{"geometry":{"coordinates":[[-121.503355,38.584376],[-121.503331,38.58443],[-121.503319,38.584511]],"type":"LineString"},"id":"REF-SACRAMENTO-LOCAL-ROADS-522","properties":{"canon_status":"REAL_REFERENCE","county_route":null,"federal_lands_route":null,"fictionality":"REAL","globalid":"{295F251C-9076-471E-A87F-2CB7F631FF2D}","interstate":null,"interstate_a":null,"interstate_b":null,"interstate_c":null,"loaddate":1533980452000,"mtfcc_code":"S1400","name":null,"objectid":24117939,"permanent_identifier":"be3d63a2-bad9-4c38-b391-cb26d54d2a01","real_world_relation":"REFERENCE_ONLY","shape_Length":19.753171189779763,"source_datadesc":"2016 October MAFTIGER","source_datasetid":"{155E1578-FAD5-4709-A194-6F828C31A01F}","source_featureid":"110874218005","source_id":"REF-SACRAMENTO-LOCAL-ROADS","source_originator":"U.S. Department of Commerce, U.S. Census Bureau, Geography Division","state_route":null,"state_route_a":null,"state_route_b":null,"state_route_c":null,"stco_fipscode":"06067","tnmfrc":4,"us_route":null,"us_route_a":null,"us_route_b":null,"us_route_c":null},"type":"Feature"},{"geometry":{"coordinates":[[-121.503658,38.584248],[-121.504131,38.58316]],"type":"LineString"},"id":"REF-SACRAMENTO-LOCAL-ROADS-523","properties":{"canon_status":"REAL_REFERENCE","county_route":null,"federal_lands_route":null,"fictionality":"REAL","globalid":"{96FFD780-BB01-49F5-8853-39E9251D22FC}","interstate":null,"interstate_a":null,"interstate_b":null,"interstate_c":null,"loaddate":1533980624000,"mtfcc_code":"S1400","name":"2nd St","objectid":24118038,"permanent_identifier":"ca68cf59-2ae2-4027-af82-1d91b0d5e83a","real_world_relation":"REFERENCE_ONLY","shape_Length":163.6416174357268,"source_datadesc":"2016 October MAFTIGER","source_datasetid":"{155E1578-FAD5-4709-A194-6F828C31A01F}","source_featureid":"1105598239669","source_id":"REF-SACRAMENTO-LOCAL-ROADS","source_originator":"U.S. Department of Commerce, U.S. Census Bureau, Geography Division","state_route":null,"state_route_a":null,"state_route_b":null,"state_route_c":null,"stco_fipscode":"06067","tnmfrc":4,"us_route":null,"us_route_a":null,"us_route_b":null,"us_route_c":null},"type":"Feature"},{"geometry":{"coordinates":[[-121.492937,38.58505],[-121.491582,38.584689]],"type":"LineString"},"id":"REF-SACRAMENTO-LOCAL-ROADS-524","properties":{"canon_status":"REAL_REFERENCE","county_route":null,"federal_lands_route":null,"fictionality":"REAL","globalid":"{C3CF3AC8-64DB-44CE-8CEC-765A2F4F2F18}","interstate":null,"interstate_a":null,"interstate_b":null,"interstate_c":null,"loaddate":1533980614000,"mtfcc_code":"S1400","name":"F St","objectid":24246192,"permanent_identifier":"d0362f02-e368-450e-8fe1-191304fc790b","real_world_relation":"REFERENCE_ONLY","shape_Length":159.35830627848176,"source_datadesc":"2016 October MAFTIGER","source_datasetid":"{155E1578-FAD5-4709-A194-6F828C31A01F}","source_featureid":"110873834384","source_id":"REF-SACRAMENTO-LOCAL-ROADS","source_originator":"U.S. Department of Commerce, U.S. Census Bureau, Geography Division","state_route":null,"state_route_a":null,"state_route_b":null,"state_route_c":null,"stco_fipscode":"06067","tnmfrc":4,"us_route":null,"us_route_a":null,"us_route_b":null,"us_route_c":null},"type":"Feature"},{"geometry":{"coordinates":[[-121.491184,38.582142],[-121.491422,38.581593]],"type":"LineString"},"id":"REF-SACRAMENTO-LOCAL-ROADS-525","properties":{"canon_status":"REAL_REFERENCE","county_route":null,"federal_lands_route":null,"fictionality":"REAL","globalid":"{55F96F39-7884-430D-808C-87B84E6C731C}","interstate":null,"interstate_a":null,"interstate_b":null,"interstate_c":null,"loaddate":1533980529000,"mtfcc_code":"S1400","name":"11th St","objectid":24246404,"permanent_identifier":"8e295bc3-e08d-4364-a5d4-9bb4b0ce29ad","real_world_relation":"REFERENCE_ONLY","shape_Length":82.54687874818302,"source_datadesc":"2016 October MAFTIGER","source_datasetid":"{155E1578-FAD5-4709-A194-6F828C31A01F}","source_featureid":"110873853109","source_id":"REF-SACRAMENTO-LOCAL-ROADS","source_originator":"U.S. Department of Commerce, U.S. Census Bureau, Geography Division","state_route":null,"state_route_a":null,"state_route_b":null,"state_route_c":null,"stco_fipscode":"06067","tnmfrc":4,"us_route":null,"us_route_a":null,"us_route_b":null,"us_route_c":null},"type":"Feature"},{"geometry":{"coordinates":[[-121.46536,38.605683],[-121.465359,38.606179]],"type":"LineString"},"id":"REF-SACRAMENTO-LOCAL-ROADS-526","properties":{"canon_status":"REAL_REFERENCE","county_route":null,"federal_lands_route":null,"fictionality":"REAL","globalid":"{DF219EEE-DD1E-4B1B-B87E-933B42FF15AE}","interstate":null,"interstate_a":null,"interstate_b":null,"interstate_c":null,"loaddate":1533980474000,"mtfcc_code":"S1400","name":"Barstow St","objectid":24374260,"permanent_identifier":"03d7f529-14ee-4441-8894-7b72a6693911","real_world_relation":"REFERENCE_ONLY","shape_Length":70.6559876561255,"source_datadesc":"2016 October MAFTIGER","source_datasetid":"{155E1578-FAD5-4709-A194-6F828C31A01F}","source_featureid":"110873963305","source_id":"REF-SACRAMENTO-LOCAL-ROADS","source_originator":"U.S. Department of Commerce, U.S. Census Bureau, Geography Division","state_route":null,"state_route_a":null,"state_route_b":null,"state_route_c":null,"stco_fipscode":"06067","tnmfrc":4,"us_route":null,"us_route_a":null,"us_route_b":null,"us_route_c":null},"type":"Feature"},{"geometry":{"coordinates":[[-121.493643,38.583414],[-121.493881,38.582861]],"type":"LineString"},"id":"REF-SACRAMENTO-LOCAL-ROADS-527","properties":{"canon_status":"REAL_REFERENCE","county_route":null,"federal_lands_route":null,"fictionality":"REAL","globalid":"{CBB77AB6-3C26-4E52-B90D-A0279C977331}","interstate":null,"interstate_a":null,"interstate_b":null,"interstate_c":null,"loaddate":1533980534000,"mtfcc_code":"S1400","name":"9th St","objectid":24374576,"permanent_identifier":"0d7e8532-c2cb-47fb-a52c-d8f4d4cc1d82","real_world_relation":"REFERENCE_ONLY","shape_Length":83.08787116277331,"source_datadesc":"2016 October MAFTIGER","source_datasetid":"{155E1578-FAD5-4709-A194-6F828C31A01F}","source_featureid":"110873852404","source_id":"REF-SACRAMENTO-LOCAL-ROADS","source_originator":"U.S. Department of Commerce, U.S. Census Bureau, Geography Division","state_route":null,"state_route_a":null,"state_route_b":null,"state_route_c":null,"stco_fipscode":"06067","tnmfrc":4,"us_route":null,"us_route_a":null,"us_route_b":null,"us_route_c":null},"type":"Feature"},{"geometry":{"coordinates":[[-121.491582,38.584689],[-121.490238,38.58433]],"type":"LineString"},"id":"REF-SACRAMENTO-LOCAL-ROADS-528","properties":{"canon_status":"REAL_REFERENCE","county_route":null,"federal_lands_route":null,"fictionality":"REAL","globalid":"{F7937B99-DC34-4425-825A-320065C9C2BE}","interstate":null,"interstate_a":null,"interstate_b":null,"interstate_c":null,"loaddate":1533980614000,"mtfcc_code":"S1400","name":"F St","objectid":24501724,"permanent_identifier":"d97f8ef6-c262-46d7-afcd-95356d1b18f4","real_world_relation":"REFERENCE_ONLY","shape_Length":158.1072883646396,"source_datadesc":"2016 October MAFTIGER","source_datasetid":"{155E1578-FAD5-4709-A194-6F828C31A01F}","source_featureid":"110873834384","source_id":"REF-SACRAMENTO-LOCAL-ROADS","source_originator":"U.S. Department of Commerce, U.S. Census Bureau, Geography Division","state_route":null,"state_route_a":null,"state_route_b":null,"state_route_c":null,"stco_fipscode":"06067","tnmfrc":4,"us_route":null,"us_route_a":null,"us_route_b":null,"us_route_c":null},"type":"Feature"},{"geometry":{"coordinates":[[-121.465412,38.602462],[-121.465079,38.602032]],"type":"LineString"},"id":"REF-SACRAMENTO-LOCAL-ROADS-529","properties":{"canon_status":"REAL_REFERENCE","county_route":null,"federal_lands_route":null,"fictionality":"REAL","globalid":"{36FAEECE-895A-4788-A4BD-6BCFB66DDE51}","interstate":null,"interstate_a":null,"interstate_b":null,"interstate_c":null,"loaddate":1533980631000,"mtfcc_code":"S1400","name":"Globe Ave","objectid":24501746,"permanent_identifier":"546f184f-3105-423f-9660-ff5962b64511","real_world_relation":"REFERENCE_ONLY","shape_Length":71.59487005160298,"source_datadesc":"2016 October MAFTIGER","source_datasetid":"{155E1578-FAD5-4709-A194-6F828C31A01F}","source_featureid":"110873943269","source_id":"REF-SACRAMENTO-LOCAL-ROADS","source_originator":"U.S. Department of Commerce, U.S. Census Bureau, Geography Division","state_route":null,"state_route_a":null,"state_route_b":null,"state_route_c":null,"stco_fipscode":"06067","tnmfrc":4,"us_route":null,"us_route_a":null,"us_route_b":null,"us_route_c":null},"type":"Feature"},{"geometry":{"coordinates":[[-121.497807,38.593642],[-121.49684,38.593417]],"type":"LineString"},"id":"REF-SACRAMENTO-LOCAL-ROADS-530","properties":{"canon_status":"REAL_REFERENCE","county_route":null,"federal_lands_route":null,"fictionality":"REAL","globalid":"{0454B472-64F1-4DCD-AA4D-645AC677EC85}","interstate":null,"interstate_a":null,"interstate_b":null,"interstate_c":null,"loaddate":1533980554000,"mtfcc_code":"S1400","name":"N B St","objectid":24501756,"permanent_identifier":"32527458-189b-4daf-9187-2cc743b90718","real_world_relation":"REFERENCE_ONLY","shape_Length":112.31476942639824,"source_datadesc":"2016 October MAFTIGER","source_datasetid":"{155E1578-FAD5-4709-A194-6F828C31A01F}","source_featureid":"110873834253","source_id":"REF-SACRAMENTO-LOCAL-ROADS","source_originator":"U.S. Department of Commerce, U.S. Census Bureau, Geography Division","state_route":null,"state_route_a":null,"state_route_b":null,"state_route_c":null,"stco_fipscode":"06067","tnmfrc":4,"us_route":null,"us_route_a":null,"us_route_b":null,"us_route_c":null},"type":"Feature"},{"geometry":{"coordinates":[[-121.480455,38.595471],[-121.48026,38.595421],[-121.480059,38.595352],[-121.479869,38.595266],[-121.479751,38.595201],[-121.479663,38.595147],[-121.479608,38.595104]],"type":"LineString"},"id":"REF-SACRAMENTO-LOCAL-ROADS-531","properties":{"canon_status":"REAL_REFERENCE","county_route":null,"federal_lands_route":null,"fictionality":"REAL","globalid":"{BD34CB3B-DEEF-4C50-B517-055BF7E20478}","interstate":null,"interstate_a":null,"interstate_b":null,"interstate_c":null,"loaddate":1533980420000,"mtfcc_code":"S1400","name":"Richards Blvd","objectid":24502057,"permanent_identifier":"e95c5398-ecef-4f53-9ab7-cbc20c7d7967","real_world_relation":"REFERENCE_ONLY","shape_Length":108.9105804031655,"source_datadesc":"2016 October MAFTIGER","source_datasetid":"{155E1578-FAD5-4709-A194-6F828C31A01F}","source_featureid":"110874105498","source_id":"REF-SACRAMENTO-LOCAL-ROADS","source_originator":"U.S. Department of Commerce, U.S. Census Bureau, Geography Division","state_route":null,"state_route_a":null,"state_route_b":null,"state_route_c":null,"stco_fipscode":"06067","tnmfrc":4,"us_route":null,"us_route_a":null,"us_route_b":null,"us_route_c":null},"type":"Feature"},{"geometry":{"coordinates":[[-121.508098,38.606238],[-121.5082,38.606187]],"type":"LineString"},"id":"REF-SACRAMENTO-LOCAL-ROADS-532","properties":{"canon_status":"REAL_REFERENCE","county_route":null,"federal_lands_route":null,"fictionality":"REAL","globalid":"{89926776-47EA-468F-BB25-E9DBE68E1D92}","interstate":null,"interstate_a":null,"interstate_b":null,"interstate_c":null,"loaddate":1533980459000,"mtfcc_code":"S1400","name":"Garden Hwy","objectid":24629719,"permanent_identifier":"af29cc2c-6029-46f5-8689-95c18d1a756a","real_world_relation":"REFERENCE_ONLY","shape_Length":13.47988005118158,"source_datadesc":"2016 October MAFTIGER","source_datasetid":"{155E1578-FAD5-4709-A194-6F828C31A01F}","source_featureid":"110873949978","source_id":"REF-SACRAMENTO-LOCAL-ROADS","source_originator":"U.S. Department of Commerce, U.S. Census Bureau, Geography Division","state_route":null,"state_route_a":null,"state_route_b":null,"state_route_c":null,"stco_fipscode":"06067","tnmfrc":4,"us_route":null,"us_route_a":null,"us_route_b":null,"us_route_c":null},"type":"Feature"},{"geometry":{"coordinates":[[-121.507677,38.606433],[-121.507845,38.606358]],"type":"LineString"},"id":"REF-SACRAMENTO-LOCAL-ROADS-533","properties":{"canon_status":"REAL_REFERENCE","county_route":null,"federal_lands_route":null,"fictionality":"REAL","globalid":"{18FC2262-AAE0-499F-BE19-F6246A9F5DC8}","interstate":null,"interstate_a":null,"interstate_b":null,"interstate_c":null,"loaddate":1533980459000,"mtfcc_code":"S1400","name":"Garden Hwy","objectid":24629772,"permanent_identifier":"6484849c-5f15-4f43-896f-37f1dcee3013","real_world_relation":"REFERENCE_ONLY","shape_Length":21.53832170818463,"source_datadesc":"2016 October MAFTIGER","source_datasetid":"{155E1578-FAD5-4709-A194-6F828C31A01F}","source_featureid":"110873949978","source_id":"REF-SACRAMENTO-LOCAL-ROADS","source_originator":"U.S. Department of Commerce, U.S. Census Bureau, Geography Division","state_route":null,"state_route_a":null,"state_route_b":null,"state_route_c":null,"stco_fipscode":"06067","tnmfrc":4,"us_route":null,"us_route_a":null,"us_route_b":null,"us_route_c":null},"type":"Feature"},{"geometry":{"coordinates":[[-121.465947,38.604154],[-121.46536,38.604435]],"type":"LineString"},"id":"REF-SACRAMENTO-LOCAL-ROADS-534","properties":{"canon_status":"REAL_REFERENCE","county_route":null,"federal_lands_route":null,"fictionality":"REAL","globalid":"{F3ECC4DC-C46F-4A07-9968-5A99E204B7C9}","interstate":null,"interstate_a":null,"interstate_b":null,"interstate_c":null,"loaddate":1533980525000,"mtfcc_code":"S1400","name":"el Monte Ave","objectid":24629943,"permanent_identifier":"27f86e84-0207-4ad8-90cc-533c45f7fd0f","real_world_relation":"REFERENCE_ONLY","shape_Length":76.62986662192542,"source_datadesc":"2016 October MAFTIGER","source_datasetid":"{155E1578-FAD5-4709-A194-6F828C31A01F}","source_featureid":"110873973955","source_id":"REF-SACRAMENTO-LOCAL-ROADS","source_originator":"U.S. Department of Commerce, U.S. Census Bureau, Geography Division","state_route":null,"state_route_a":null,"state_route_b":null,"state_route_c":null,"stco_fipscode":"06067","tnmfrc":4,"us_route":null,"us_route_a":null,"us_route_b":null,"us_route_c":null},"type":"Feature"},{"geometry":{"coordinates":[[-121.475563,38.604371],[-121.474695,38.600138],[-121.474654,38.599984],[-121.474597,38.599832],[-121.474523,38.599685],[-121.474413,38.599516],[-121.474303,38.599383],[-121.474206,38.599282]],"type":"LineString"},"id":"REF-SACRAMENTO-LOCAL-ROADS-535","properties":{"canon_status":"REAL_REFERENCE","county_route":null,"federal_lands_route":null,"fictionality":"REAL","globalid":"{46BCB8A5-483A-45BE-927F-F3DCD1252729}","interstate":null,"interstate_a":null,"interstate_b":null,"interstate_c":null,"loaddate":1533980503000,"mtfcc_code":"S1400","name":"Northgate Blvd","objectid":24630329,"permanent_identifier":"bd83cc6f-1fb6-4641-8c10-1528f48bf81a","real_world_relation":"REFERENCE_ONLY","shape_Length":745.6793910970742,"source_datadesc":"2016 October MAFTIGER","source_datasetid":"{155E1578-FAD5-4709-A194-6F828C31A01F}","source_featureid":"110874149115","source_id":"REF-SACRAMENTO-LOCAL-ROADS","source_originator":"U.S. Department of Commerce, U.S. Census Bureau, Geography Division","state_route":null,"state_route_a":null,"state_route_b":null,"state_route_c":null,"stco_fipscode":"06067","tnmfrc":4,"us_route":null,"us_route_a":null,"us_route_b":null,"us_route_c":null},"type":"Feature"},{"geometry":{"coordinates":[[-121.5082,38.606187],[-121.508365,38.6061]],"type":"LineString"},"id":"REF-SACRAMENTO-LOCAL-ROADS-536","properties":{"canon_status":"REAL_REFERENCE","county_route":null,"federal_lands_route":null,"fictionality":"REAL","globalid":"{5C0DA9F0-5E35-4581-919E-DFC46A05E26C}","interstate":null,"interstate_a":null,"interstate_b":null,"interstate_c":null,"loaddate":1533980459000,"mtfcc_code":"S1400","name":"Garden Hwy","objectid":24630700,"permanent_identifier":"42ac5d5c-f1e1-4414-93fb-092fa2e1fe2f","real_world_relation":"REFERENCE_ONLY","shape_Length":22.157759094244273,"source_datadesc":"2016 October MAFTIGER","source_datasetid":"{155E1578-FAD5-4709-A194-6F828C31A01F}","source_featureid":"110873949978","source_id":"REF-SACRAMENTO-LOCAL-ROADS","source_originator":"U.S. Department of Commerce, U.S. Census Bureau, Geography Division","state_route":null,"state_route_a":null,"state_route_b":null,"state_route_c":null,"stco_fipscode":"06067","tnmfrc":4,"us_route":null,"us_route_a":null,"us_route_b":null,"us_route_c":null},"type":"Feature"},{"geometry":{"coordinates":[[-121.500105,38.582087],[-121.498795,38.581737]],"type":"LineString"},"id":"REF-SACRAMENTO-LOCAL-ROADS-537","properties":{"canon_status":"REAL_REFERENCE","county_route":null,"federal_lands_route":null,"fictionality":"REAL","globalid":"{5DA8981C-8FFB-4DCE-AF67-F065785EA04C}","interstate":null,"interstate_a":null,"interstate_b":null,"interstate_c":null,"loaddate":1533980577000,"mtfcc_code":"S1400","name":"J St","objectid":24758258,"permanent_identifier":"84ca07cd-6a15-438c-83ed-6337cd9c3309","real_world_relation":"REFERENCE_ONLY","shape_Length":154.11082289243308,"source_datadesc":"2016 October MAFTIGER","source_datasetid":"{155E1578-FAD5-4709-A194-6F828C31A01F}","source_featureid":"110873834491","source_id":"REF-SACRAMENTO-LOCAL-ROADS","source_originator":"U.S. Department of Commerce, U.S. Census Bureau, Geography Division","state_route":null,"state_route_a":null,"state_route_b":null,"state_route_c":null,"stco_fipscode":"06067","tnmfrc":4,"us_route":null,"us_route_a":null,"us_route_b":null,"us_route_c":null},"type":"Feature"},{"geometry":{"coordinates":[[-121.509724,38.605218],[-121.510411,38.604517]],"type":"LineString"},"id":"REF-SACRAMENTO-LOCAL-ROADS-538","properties":{"canon_status":"REAL_REFERENCE","county_route":null,"federal_lands_route":null,"fictionality":"REAL","globalid":"{6A58BDF7-1D20-415E-81E1-7021EE1A0108}","interstate":null,"interstate_a":null,"interstate_b":null,"interstate_c":null,"loaddate":1533980459000,"mtfcc_code":"S1400","name":"Garden Hwy","objectid":24886262,"permanent_identifier":"45414504-4107-42ef-bbea-272060dc3d8c","real_world_relation":"REFERENCE_ONLY","shape_Length":125.77788160693369,"source_datadesc":"2016 October MAFTIGER","source_datasetid":"{155E1578-FAD5-4709-A194-6F828C31A01F}","source_featureid":"110873949978","source_id":"REF-SACRAMENTO-LOCAL-ROADS","source_originator":"U.S. Department of Commerce, U.S. Census Bureau, Geography Division","state_route":null,"state_route_a":null,"state_route_b":null,"state_route_c":null,"stco_fipscode":"06067","tnmfrc":4,"us_route":null,"us_route_a":null,"us_route_b":null,"us_route_c":null},"type":"Feature"},{"geometry":{"coordinates":[[-121.503086,38.584249],[-121.502871,38.584151]],"type":"LineString"},"id":"REF-SACRAMENTO-LOCAL-ROADS-539","properties":{"canon_status":"REAL_REFERENCE","county_route":null,"federal_lands_route":null,"fictionality":"REAL","globalid":"{900608AF-E122-4B06-8CB4-5F488C28B4A8}","interstate":null,"interstate_a":null,"interstate_b":null,"interstate_c":null,"loaddate":1533980547000,"mtfcc_code":"S1400","name":"I St","objectid":25015263,"permanent_identifier":"6296dcfe-9846-4e62-93b1-8dd29a089b67","real_world_relation":"REFERENCE_ONLY","shape_Length":27.705363109266386,"source_datadesc":"2016 October MAFTIGER","source_datasetid":"{155E1578-FAD5-4709-A194-6F828C31A01F}","source_featureid":"110873834453","source_id":"REF-SACRAMENTO-LOCAL-ROADS","source_originator":"U.S. Department of Commerce, U.S. Census Bureau, Geography Division","state_route":null,"state_route_a":null,"state_route_b":null,"state_route_c":null,"stco_fipscode":"06067","tnmfrc":4,"us_route":null,"us_route_a":null,"us_route_b":null,"us_route_c":null},"type":"Feature"},{"geometry":{"coordinates":[[-121.512705,38.595689],[-121.5129,38.595587],[-121.513292,38.595383],[-121.513467,38.595251],[-121.513644,38.595119]],"type":"LineString"},"id":"REF-SACRAMENTO-LOCAL-ROADS-540","properties":{"canon_status":"REAL_REFERENCE","county_route":null,"federal_lands_route":null,"fictionality":"REAL","globalid":"{FBF6E2B8-7DCA-4732-869B-5B092EA9149B}","interstate":null,"interstate_a":null,"interstate_b":null,"interstate_c":null,"loaddate":1533980987000,"mtfcc_code":"S1400","name":"Marina Way","objectid":25015603,"permanent_identifier":"43f0511f-3750-4f28-839d-777e1aa5f520","real_world_relation":"REFERENCE_ONLY","shape_Length":132.85361624154834,"source_datadesc":"2016 October MAFTIGER","source_datasetid":"{155E1578-FAD5-4709-A194-6F828C31A01F}","source_featureid":"110758807710","source_id":"REF-SACRAMENTO-LOCAL-ROADS","source_originator":"U.S. Department of Commerce, U.S. Census Bureau, Geography Division","state_route":null,"state_route_a":null,"state_route_b":null,"state_route_c":null,"stco_fipscode":"06113","tnmfrc":4,"us_route":null,"us_route_a":null,"us_route_b":null,"us_route_c":null},"type":"Feature"},{"geometry":{"coordinates":[[-121.510506,38.585844],[-121.510785,38.585873],[-121.511622,38.585961],[-121.511902,38.585991]],"type":"LineString"},"id":"REF-SACRAMENTO-LOCAL-ROADS-541","properties":{"canon_status":"REAL_REFERENCE","county_route":null,"federal_lands_route":null,"fictionality":"REAL","globalid":"{A9589301-71D9-4172-A6A6-E36995844E07}","interstate":null,"interstate_a":null,"interstate_b":null,"interstate_c":null,"loaddate":1533980967000,"mtfcc_code":"S1400","name":"E St","objectid":25015606,"permanent_identifier":"25c467f9-7f7b-4371-aea3-5984c9ef72ae","real_world_relation":"REFERENCE_ONLY","shape_Length":156.80595454320874,"source_datadesc":"2016 October MAFTIGER","source_datasetid":"{155E1578-FAD5-4709-A194-6F828C31A01F}","source_featureid":"110758799865","source_id":"REF-SACRAMENTO-LOCAL-ROADS","source_originator":"U.S. Department of Commerce, U.S. Census Bureau, Geography Division","state_route":null,"state_route_a":null,"state_route_b":null,"state_route_c":null,"stco_fipscode":"06113","tnmfrc":4,"us_route":null,"us_route_a":null,"us_route_b":null,"us_route_c":null},"type":"Feature"},{"geometry":{"coordinates":[[-121.490733,38.596908],[-121.488697,38.596376]],"type":"LineString"},"id":"REF-SACRAMENTO-LOCAL-ROADS-542","properties":{"canon_status":"REAL_REFERENCE","county_route":null,"federal_lands_route":null,"fictionality":"REAL","globalid":"{1565DE21-260C-4AA7-A69C-996FEEF3A8CA}","interstate":null,"interstate_a":null,"interstate_b":null,"interstate_c":null,"loaddate":1533980450000,"mtfcc_code":"S1400","name":"Signature St","objectid":25142835,"permanent_identifier":"325c07d4-ad95-45ec-9ec0-9a94df6b58f0","real_world_relation":"REFERENCE_ONLY","shape_Length":238.97778244527944,"source_datadesc":"2016 October MAFTIGER","source_datasetid":"{155E1578-FAD5-4709-A194-6F828C31A01F}","source_featureid":"1104981912733","source_id":"REF-SACRAMENTO-LOCAL-ROADS","source_originator":"U.S. Department of Commerce, U.S. Census Bureau, Geography Division","state_route":null,"state_route_a":null,"state_route_b":null,"state_route_c":null,"stco_fipscode":"06067","tnmfrc":4,"us_route":null,"us_route_a":null,"us_route_b":null,"us_route_c":null},"type":"Feature"},{"geometry":{"coordinates":[[-121.51295,38.587549],[-121.513002,38.587273],[-121.513008,38.587244],[-121.513107,38.586809]],"type":"LineString"},"id":"REF-SACRAMENTO-LOCAL-ROADS-543","properties":{"canon_status":"REAL_REFERENCE","county_route":null,"federal_lands_route":null,"fictionality":"REAL","globalid":"{C15B5B09-F239-4CD3-BA1E-56B78311F655}","interstate":null,"interstate_a":null,"interstate_b":null,"interstate_c":null,"loaddate":1533980972000,"mtfcc_code":"S1400","name":"5th St","objectid":25143258,"permanent_identifier":"1e6f40af-0816-41e9-a87d-76fb55c76b95","real_world_relation":"REFERENCE_ONLY","shape_Length":106.83684584627746,"source_datadesc":"2016 October MAFTIGER","source_datasetid":"{155E1578-FAD5-4709-A194-6F828C31A01F}","source_featureid":"110758800297","source_id":"REF-SACRAMENTO-LOCAL-ROADS","source_originator":"U.S. Department of Commerce, U.S. Census Bureau, Geography Division","state_route":null,"state_route_a":null,"state_route_b":null,"state_route_c":null,"stco_fipscode":"06113","tnmfrc":4,"us_route":null,"us_route_a":null,"us_route_b":null,"us_route_c":null},"type":"Feature"},{"geometry":{"coordinates":[[-121.49542,38.586329],[-121.495631,38.58577]],"type":"LineString"},"id":"REF-SACRAMENTO-LOCAL-ROADS-544","properties":{"canon_status":"REAL_REFERENCE","county_route":null,"federal_lands_route":null,"fictionality":"REAL","globalid":"{F50EC91A-F23D-4244-9EE3-215253983D43}","interstate":null,"interstate_a":null,"interstate_b":null,"interstate_c":null,"loaddate":1533980448000,"mtfcc_code":"S1400","name":"7th St","objectid":25270781,"permanent_identifier":"7a553b46-5624-4c68-adfe-32b5aabf7880","real_world_relation":"REFERENCE_ONLY","shape_Length":83.00112266450984,"source_datadesc":"2016 October MAFTIGER","source_datasetid":"{155E1578-FAD5-4709-A194-6F828C31A01F}","source_featureid":"1102781889555","source_id":"REF-SACRAMENTO-LOCAL-ROADS","source_originator":"U.S. Department of Commerce, U.S. Census Bureau, Geography Division","state_route":null,"state_route_a":null,"state_route_b":null,"state_route_c":null,"stco_fipscode":"06067","tnmfrc":4,"us_route":null,"us_route_a":null,"us_route_b":null,"us_route_c":null},"type":"Feature"},{"geometry":{"coordinates":[[-121.480299,38.579238],[-121.480537,38.578687]],"type":"LineString"},"id":"REF-SACRAMENTO-LOCAL-ROADS-545","properties":{"canon_status":"REAL_REFERENCE","county_route":null,"federal_lands_route":null,"fictionality":"REAL","globalid":"{F65B56DB-0ED5-40C9-AC1E-0D977D7CD74F}","interstate":null,"interstate_a":null,"interstate_b":null,"interstate_c":null,"loaddate":1533980454000,"mtfcc_code":"S1400","name":"19th St","objectid":25270790,"permanent_identifier":"06b1b322-cf25-4a28-a7ab-6b6623bec7cd","real_world_relation":"REFERENCE_ONLY","shape_Length":82.81369230824053,"source_datadesc":"2016 October MAFTIGER","source_datasetid":"{155E1578-FAD5-4709-A194-6F828C31A01F}","source_featureid":"1104469987952","source_id":"REF-SACRAMENTO-LOCAL-ROADS","source_originator":"U.S. Department of Commerce, U.S. Census Bureau, Geography Division","state_route":null,"state_route_a":null,"state_route_b":null,"state_route_c":null,"stco_fipscode":"06067","tnmfrc":4,"us_route":null,"us_route_a":null,"us_route_b":null,"us_route_c":null},"type":"Feature"},{"geometry":{"coordinates":[[-121.507576,38.606134],[-121.507704,38.606081]],"type":"LineString"},"id":"REF-SACRAMENTO-LOCAL-ROADS-546","properties":{"canon_status":"REAL_REFERENCE","county_route":null,"federal_lands_route":null,"fictionality":"REAL","globalid":"{ED2BC6C3-9089-49C7-B89E-4D9FABAFBEDD}","interstate":null,"interstate_a":null,"interstate_b":null,"interstate_c":null,"loaddate":1533980474000,"mtfcc_code":"S1400","name":"Garden Hwy","objectid":25399547,"permanent_identifier":"f5b2bc31-f093-46fd-b093-f2c65602cb67","real_world_relation":"REFERENCE_ONLY","shape_Length":16.125512124026038,"source_datadesc":"2016 October MAFTIGER","source_datasetid":"{155E1578-FAD5-4709-A194-6F828C31A01F}","source_featureid":"110873949979","source_id":"REF-SACRAMENTO-LOCAL-ROADS","source_originator":"U.S. Department of Commerce, U.S. Census Bureau, Geography Division","state_route":null,"state_route_a":null,"state_route_b":null,"state_route_c":null,"stco_fipscode":"06067","tnmfrc":4,"us_route":null,"us_route_a":null,"us_route_b":null,"us_route_c":null},"type":"Feature"},{"geometry":{"coordinates":[[-121.496283,38.584119],[-121.496523,38.583565]],"type":"LineString"},"id":"REF-SACRAMENTO-LOCAL-ROADS-547","properties":{"canon_status":"REAL_REFERENCE","county_route":null,"federal_lands_route":null,"fictionality":"REAL","globalid":"{690FCFE3-EAB6-4F72-B8AF-5D527A3B5597}","interstate":null,"interstate_a":null,"interstate_b":null,"interstate_c":null,"loaddate":1533980448000,"mtfcc_code":"S1400","name":"7th St","objectid":25528498,"permanent_identifier":"d061d0fd-0a4c-4809-8deb-796984607d8c","real_world_relation":"REFERENCE_ONLY","shape_Length":83.29474015870494,"source_datadesc":"2016 October MAFTIGER","source_datasetid":"{155E1578-FAD5-4709-A194-6F828C31A01F}","source_featureid":"1102781889555","source_id":"REF-SACRAMENTO-LOCAL-ROADS","source_originator":"U.S. Department of Commerce, U.S. Census Bureau, Geography Division","state_route":null,"state_route_a":null,"state_route_b":null,"state_route_c":null,"stco_fipscode":"06067","tnmfrc":4,"us_route":null,"us_route_a":null,"us_route_b":null,"us_route_c":null},"type":"Feature"},{"geometry":{"coordinates":[[-121.504376,38.582594],[-121.504614,38.582046]],"type":"LineString"},"id":"REF-SACRAMENTO-LOCAL-ROADS-548","properties":{"canon_status":"REAL_REFERENCE","county_route":null,"federal_lands_route":null,"fictionality":"REAL","globalid":"{7A1A9F43-E115-40DE-BAE9-5D6597E6E1FF}","interstate":null,"interstate_a":null,"interstate_b":null,"interstate_c":null,"loaddate":1533980624000,"mtfcc_code":"S1400","name":"2nd St","objectid":25655602,"permanent_identifier":"43f02755-cd55-4469-8279-8537b17a784c","real_world_relation":"REFERENCE_ONLY","shape_Length":82.41246663542297,"source_datadesc":"2016 October MAFTIGER","source_datasetid":"{155E1578-FAD5-4709-A194-6F828C31A01F}","source_featureid":"1105598239669","source_id":"REF-SACRAMENTO-LOCAL-ROADS","source_originator":"U.S. Department of Commerce, U.S. Census Bureau, Geography Division","state_route":null,"state_route_a":null,"state_route_b":null,"state_route_c":null,"stco_fipscode":"06067","tnmfrc":4,"us_route":null,"us_route_a":null,"us_route_b":null,"us_route_c":null},"type":"Feature"},{"geometry":{"coordinates":[[-121.490712,38.583234],[-121.490945,38.582694]],"type":"LineString"},"id":"REF-SACRAMENTO-LOCAL-ROADS-549","properties":{"canon_status":"REAL_REFERENCE","county_route":null,"federal_lands_route":null,"fictionality":"REAL","globalid":"{1555FB1C-4DD1-4703-9990-E8FDDCBA5714}","interstate":null,"interstate_a":null,"interstate_b":null,"interstate_c":null,"loaddate":1533980529000,"mtfcc_code":"S1400","name":"11th St","objectid":25655690,"permanent_identifier":"7a53f241-5c64-46bf-b6a3-0ec0606899ab","real_world_relation":"REFERENCE_ONLY","shape_Length":81.15565825541576,"source_datadesc":"2016 October MAFTIGER","source_datasetid":"{155E1578-FAD5-4709-A194-6F828C31A01F}","source_featureid":"110873853109","source_id":"REF-SACRAMENTO-LOCAL-ROADS","source_originator":"U.S. Department of Commerce, U.S. Census Bureau, Geography Division","state_route":null,"state_route_a":null,"state_route_b":null,"state_route_c":null,"stco_fipscode":"06067","tnmfrc":4,"us_route":null,"us_route_a":null,"us_route_b":null,"us_route_c":null},"type":"Feature"},{"geometry":{"coordinates":[[-121.504094,38.596959],[-121.503795,38.597011]],"type":"LineString"},"id":"REF-SACRAMENTO-LOCAL-ROADS-550","properties":{"canon_status":"REAL_REFERENCE","county_route":null,"federal_lands_route":null,"fictionality":"REAL","globalid":"{9F8E508C-A9B1-4202-8BCA-CDC2D24D5D4B}","interstate":null,"interstate_a":null,"interstate_b":null,"interstate_c":null,"loaddate":1533980419000,"mtfcc_code":"S1400","name":"Richards Blvd","objectid":25655880,"permanent_identifier":"92f0dfb9-2445-4289-b2ae-48d289b93cd2","real_world_relation":"REFERENCE_ONLY","shape_Length":34.0985950224515,"source_datadesc":"2016 October MAFTIGER","source_datasetid":"{155E1578-FAD5-4709-A194-6F828C31A01F}","source_featureid":"110874105498","source_id":"REF-SACRAMENTO-LOCAL-ROADS","source_originator":"U.S. Department of Commerce, U.S. Census Bureau, Geography Division","state_route":null,"state_route_a":null,"state_route_b":null,"state_route_c":null,"stco_fipscode":"06067","tnmfrc":4,"us_route":null,"us_route_a":null,"us_route_b":null,"us_route_c":null},"type":"Feature"},{"geometry":{"coordinates":[[-121.496138,38.581029],[-121.494824,38.580678]],"type":"LineString"},"id":"REF-SACRAMENTO-LOCAL-ROADS-551","properties":{"canon_status":"REAL_REFERENCE","county_route":null,"federal_lands_route":null,"fictionality":"REAL","globalid":"{C1B3EFE8-95F7-44ED-9BD4-36666ECC616A}","interstate":null,"interstate_a":null,"interstate_b":null,"interstate_c":null,"loaddate":1533980577000,"mtfcc_code":"S1400","name":"J St","objectid":25655891,"permanent_identifier":"3b220fd0-dde7-482d-8816-9bd916df1896","real_world_relation":"REFERENCE_ONLY","shape_Length":154.57798714759087,"source_datadesc":"2016 October MAFTIGER","source_datasetid":"{155E1578-FAD5-4709-A194-6F828C31A01F}","source_featureid":"110873834491","source_id":"REF-SACRAMENTO-LOCAL-ROADS","source_originator":"U.S. Department of Commerce, U.S. Census Bureau, Geography Division","state_route":null,"state_route_a":null,"state_route_b":null,"state_route_c":null,"stco_fipscode":"06067","tnmfrc":4,"us_route":null,"us_route_a":null,"us_route_b":null,"us_route_c":null},"type":"Feature"},{"geometry":{"coordinates":[[-121.485753,38.583749],[-121.485993,38.583199]],"type":"LineString"},"id":"REF-SACRAMENTO-LOCAL-ROADS-552","properties":{"canon_status":"REAL_REFERENCE","county_route":null,"federal_lands_route":null,"fictionality":"REAL","globalid":"{0C433E95-FE75-4740-9C63-61630405022B}","interstate":null,"interstate_a":null,"interstate_b":null,"interstate_c":null,"loaddate":1533980436000,"mtfcc_code":"S1400","name":"14th St","objectid":25655970,"permanent_identifier":"b085a7bc-6999-44c8-92a0-c6749562d266","real_world_relation":"REFERENCE_ONLY","shape_Length":82.75505848578587,"source_datadesc":"2016 October MAFTIGER","source_datasetid":"{155E1578-FAD5-4709-A194-6F828C31A01F}","source_featureid":"110873854979","source_id":"REF-SACRAMENTO-LOCAL-ROADS","source_originator":"U.S. Department of Commerce, U.S. Census Bureau, Geography Division","state_route":null,"state_route_a":null,"state_route_b":null,"state_route_c":null,"stco_fipscode":"06067","tnmfrc":4,"us_route":null,"us_route_a":null,"us_route_b":null,"us_route_c":null},"type":"Feature"},{"geometry":{"coordinates":[[-121.512341,38.591384],[-121.512374,38.591132],[-121.512394,38.590978]],"type":"LineString"},"id":"REF-SACRAMENTO-LOCAL-ROADS-553","properties":{"canon_status":"REAL_REFERENCE","county_route":null,"federal_lands_route":null,"fictionality":"REAL","globalid":"{C0EAAA62-83E4-4BA3-978F-023020FE80A4}","interstate":null,"interstate_a":null,"interstate_b":null,"interstate_c":null,"loaddate":1533980972000,"mtfcc_code":"S1400","name":"5th St","objectid":25656038,"permanent_identifier":"f00d0f0a-2976-4cc3-af79-0349dd158edd","real_world_relation":"REFERENCE_ONLY","shape_Length":58.12361794817381,"source_datadesc":"2016 October MAFTIGER","source_datasetid":"{155E1578-FAD5-4709-A194-6F828C31A01F}","source_featureid":"110758800297","source_id":"REF-SACRAMENTO-LOCAL-ROADS","source_originator":"U.S. Department of Commerce, U.S. Census Bureau, Geography Division","state_route":null,"state_route_a":null,"state_route_b":null,"state_route_c":null,"stco_fipscode":"06113","tnmfrc":4,"us_route":null,"us_route_a":null,"us_route_b":null,"us_route_c":null},"type":"Feature"},{"geometry":{"coordinates":[[-121.509937,38.588944],[-121.509968,38.58877],[-121.510013,38.588515]],"type":"LineString"},"id":"REF-SACRAMENTO-LOCAL-ROADS-554","properties":{"canon_status":"REAL_REFERENCE","county_route":null,"federal_lands_route":null,"fictionality":"REAL","globalid":"{5B75B11B-A51F-4594-B966-46837245A1E3}","interstate":null,"interstate_a":null,"interstate_b":null,"interstate_c":null,"loaddate":1533980950000,"mtfcc_code":"S1400","name":"3rd St","objectid":25783782,"permanent_identifier":"9ff65e7c-6794-403f-9248-fbc18fcce4fe","real_world_relation":"REFERENCE_ONLY","shape_Length":61.679980045684616,"source_datadesc":"2016 October MAFTIGER","source_datasetid":"{155E1578-FAD5-4709-A194-6F828C31A01F}","source_featureid":"110758800270","source_id":"REF-SACRAMENTO-LOCAL-ROADS","source_originator":"U.S. Department of Commerce, U.S. Census Bureau, Geography Division","state_route":null,"state_route_a":null,"state_route_b":null,"state_route_c":null,"stco_fipscode":"06113","tnmfrc":4,"us_route":null,"us_route_a":null,"us_route_b":null,"us_route_c":null},"type":"Feature"},{"geometry":{"coordinates":[[-121.50848,38.589657],[-121.508742,38.589683],[-121.509528,38.589764],[-121.509791,38.589791]],"type":"LineString"},"id":"REF-SACRAMENTO-LOCAL-ROADS-555","properties":{"canon_status":"REAL_REFERENCE","county_route":null,"federal_lands_route":null,"fictionality":"REAL","globalid":"{F272ABE2-E095-4FA8-802C-091E0ACD0789}","interstate":null,"interstate_a":null,"interstate_b":null,"interstate_c":null,"loaddate":1533980955000,"mtfcc_code":"S1400","name":"B St","objectid":25912373,"permanent_identifier":"df1146aa-0bc3-45c6-99cf-93b652b7da58","real_world_relation":"REFERENCE_ONLY","shape_Length":147.18265483549453,"source_datadesc":"2016 October MAFTIGER","source_datasetid":"{155E1578-FAD5-4709-A194-6F828C31A01F}","source_featureid":"110758799856","source_id":"REF-SACRAMENTO-LOCAL-ROADS","source_originator":"U.S. Department of Commerce, U.S. Census Bureau, Geography Division","state_route":null,"state_route_a":null,"state_route_b":null,"state_route_c":null,"stco_fipscode":"06113","tnmfrc":4,"us_route":null,"us_route_a":null,"us_route_b":null,"us_route_c":null},"type":"Feature"},{"geometry":{"coordinates":[[-121.480678,38.581781],[-121.479351,38.581427]],"type":"LineString"},"id":"REF-SACRAMENTO-LOCAL-ROADS-556","properties":{"canon_status":"REAL_REFERENCE","county_route":null,"federal_lands_route":null,"fictionality":"REAL","globalid":"{695CA137-62B4-4BE4-BA61-487F67B6445D}","interstate":null,"interstate_a":null,"interstate_b":null,"interstate_c":null,"loaddate":1533980513000,"mtfcc_code":"S1400","name":"F St","objectid":26040435,"permanent_identifier":"46239ed7-a475-4aeb-bf0d-3c1874826eeb","real_world_relation":"REFERENCE_ONLY","shape_Length":156.08565762192617,"source_datadesc":"2016 October MAFTIGER","source_datasetid":"{155E1578-FAD5-4709-A194-6F828C31A01F}","source_featureid":"110873834387","source_id":"REF-SACRAMENTO-LOCAL-ROADS","source_originator":"U.S. Department of Commerce, U.S. Census Bureau, Geography Division","state_route":null,"state_route_a":null,"state_route_b":null,"state_route_c":null,"stco_fipscode":"06067","tnmfrc":4,"us_route":null,"us_route_a":null,"us_route_b":null,"us_route_c":null},"type":"Feature"},{"geometry":{"coordinates":[[-121.504099,38.581903],[-121.50405,38.581893]],"type":"LineString"},"id":"REF-SACRAMENTO-LOCAL-ROADS-557","properties":{"canon_status":"REAL_REFERENCE","county_route":null,"federal_lands_route":null,"fictionality":"REAL","globalid":"{368B5A00-67D6-49F8-933D-011C75BD6AD2}","interstate":null,"interstate_a":null,"interstate_b":null,"interstate_c":null,"loaddate":1533980464000,"mtfcc_code":"S1400","name":"K St","objectid":26167584,"permanent_identifier":"a017b326-31c3-46b3-a6f3-f25a7ace5d73","real_world_relation":"REFERENCE_ONLY","shape_Length":5.637536066131504,"source_datadesc":"2016 October MAFTIGER","source_datasetid":"{155E1578-FAD5-4709-A194-6F828C31A01F}","source_featureid":"110873834522","source_id":"REF-SACRAMENTO-LOCAL-ROADS","source_originator":"U.S. Department of Commerce, U.S. Census Bureau, Geography Division","state_route":null,"state_route_a":null,"state_route_b":null,"state_route_c":null,"stco_fipscode":"06067","tnmfrc":4,"us_route":null,"us_route_a":null,"us_route_b":null,"us_route_c":null},"type":"Feature"},{"geometry":{"coordinates":[[-121.492937,38.58505],[-121.493173,38.5845]],"type":"LineString"},"id":"REF-SACRAMENTO-LOCAL-ROADS-558","properties":{"canon_status":"REAL_REFERENCE","county_route":null,"federal_lands_route":null,"fictionality":"REAL","globalid":"{2A0C85CE-DA54-4473-8C86-346AB1F21131}","interstate":null,"interstate_a":null,"interstate_b":null,"interstate_c":null,"loaddate":1533980534000,"mtfcc_code":"S1400","name":"9th St","objectid":26168617,"permanent_identifier":"4b22330d-044f-4bf9-be7e-78b227f7e8ec","real_world_relation":"REFERENCE_ONLY","shape_Length":82.61369991034995,"source_datadesc":"2016 October MAFTIGER","source_datasetid":"{155E1578-FAD5-4709-A194-6F828C31A01F}","source_featureid":"110873852404","source_id":"REF-SACRAMENTO-LOCAL-ROADS","source_originator":"U.S. Department of Commerce, U.S. Census Bureau, Geography Division","state_route":null,"state_route_a":null,"state_route_b":null,"state_route_c":null,"stco_fipscode":"06067","tnmfrc":4,"us_route":null,"us_route_a":null,"us_route_b":null,"us_route_c":null},"type":"Feature"},{"geometry":{"coordinates":[[-121.47919,38.591961],[-121.476604,38.591262]],"type":"LineString"},"id":"REF-SACRAMENTO-LOCAL-ROADS-559","properties":{"canon_status":"REAL_REFERENCE","county_route":null,"federal_lands_route":null,"fictionality":"REAL","globalid":"{9202C269-F596-463B-B4E5-D2BCF41D29F2}","interstate":null,"interstate_a":null,"interstate_b":null,"interstate_c":null,"loaddate":1533980661000,"mtfcc_code":"S1400","name":"Basler St","objectid":26296070,"permanent_identifier":"b68bac09-4b89-428b-b2a9-944c0f72c489","real_world_relation":"REFERENCE_ONLY","shape_Length":304.60036175183035,"source_datadesc":"2016 October MAFTIGER","source_datasetid":"{155E1578-FAD5-4709-A194-6F828C31A01F}","source_featureid":"110873948010","source_id":"REF-SACRAMENTO-LOCAL-ROADS","source_originator":"U.S. Department of Commerce, U.S. Census Bureau, Geography Division","state_route":null,"state_route_a":null,"state_route_b":null,"state_route_c":null,"stco_fipscode":"06067","tnmfrc":4,"us_route":null,"us_route_a":null,"us_route_b":null,"us_route_c":null},"type":"Feature"},{"geometry":{"coordinates":[[-121.489223,38.579185],[-121.489465,38.578628]],"type":"LineString"},"id":"REF-SACRAMENTO-LOCAL-ROADS-560","properties":{"canon_status":"REAL_REFERENCE","county_route":null,"federal_lands_route":null,"fictionality":"REAL","globalid":"{7DB02156-0044-45A1-A9F2-786D67509362}","interstate":null,"interstate_a":null,"interstate_b":null,"interstate_c":null,"loaddate":1533980655000,"mtfcc_code":"S1400","name":"13th St","objectid":26296171,"permanent_identifier":"10066f56-d5d8-40bb-b9aa-24227c4e073d","real_world_relation":"REFERENCE_ONLY","shape_Length":83.76571897798186,"source_datadesc":"2016 October MAFTIGER","source_datasetid":"{155E1578-FAD5-4709-A194-6F828C31A01F}","source_featureid":"110873853976","source_id":"REF-SACRAMENTO-LOCAL-ROADS","source_originator":"U.S. Department of Commerce, U.S. Census Bureau, Geography Division","state_route":null,"state_route_a":null,"state_route_b":null,"state_route_c":null,"stco_fipscode":"06067","tnmfrc":4,"us_route":null,"us_route_a":null,"us_route_b":null,"us_route_c":null},"type":"Feature"},{"geometry":{"coordinates":[[-121.493297,38.587586],[-121.49353,38.587047]],"type":"LineString"},"id":"REF-SACRAMENTO-LOCAL-ROADS-561","properties":{"canon_status":"REAL_REFERENCE","county_route":null,"federal_lands_route":null,"fictionality":"REAL","globalid":"{1BB57ACA-774E-4854-A9BD-86A3D0D4B3F0}","interstate":null,"interstate_a":null,"interstate_b":null,"interstate_c":null,"loaddate":1533980530000,"mtfcc_code":"S1400","name":"8th St","objectid":26296646,"permanent_identifier":"a086d16f-b49c-4abd-b1c9-882b542088bc","real_world_relation":"REFERENCE_ONLY","shape_Length":81.0250975691886,"source_datadesc":"2016 October MAFTIGER","source_datasetid":"{155E1578-FAD5-4709-A194-6F828C31A01F}","source_featureid":"110873852359","source_id":"REF-SACRAMENTO-LOCAL-ROADS","source_originator":"U.S. Department of Commerce, U.S. Census Bureau, Geography Division","state_route":null,"state_route_a":null,"state_route_b":null,"state_route_c":null,"stco_fipscode":"06067","tnmfrc":4,"us_route":null,"us_route_a":null,"us_route_b":null,"us_route_c":null},"type":"Feature"},{"geometry":{"coordinates":[[-121.512511,38.593757],[-121.512534,38.59386],[-121.512782,38.594229],[-121.513098,38.594598],[-121.513218,38.594694],[-121.513533,38.594947],[-121.513714,38.595105],[-121.513867,38.595128],[-121.514327,38.595198],[-121.514481,38.595222],[-121.514556,38.595232],[-121.514781,38.595263],[-121.514857,38.595274]],"type":"LineString"},"id":"REF-SACRAMENTO-LOCAL-ROADS-562","properties":{"canon_status":"REAL_REFERENCE","county_route":null,"federal_lands_route":null,"fictionality":"REAL","globalid":"{0055E46B-744B-4678-B34A-9021010B9BA9}","interstate":null,"interstate_a":null,"interstate_b":null,"interstate_c":null,"loaddate":1533980958000,"mtfcc_code":"S1400","name":"Lighthouse Dr","objectid":26296797,"permanent_identifier":"49162f40-ec1e-4906-92ca-e7f44e462571","real_world_relation":"REFERENCE_ONLY","shape_Length":366.6011984400494,"source_datadesc":"2016 October MAFTIGER","source_datasetid":"{155E1578-FAD5-4709-A194-6F828C31A01F}","source_featureid":"110758810443","source_id":"REF-SACRAMENTO-LOCAL-ROADS","source_originator":"U.S. Department of Commerce, U.S. Census Bureau, Geography Division","state_route":null,"state_route_a":null,"state_route_b":null,"state_route_c":null,"stco_fipscode":"06113","tnmfrc":4,"us_route":null,"us_route_a":null,"us_route_b":null,"us_route_c":null},"type":"Feature"},{"geometry":{"coordinates":[[-121.501453,38.582446],[-121.500105,38.582087]],"type":"LineString"},"id":"REF-SACRAMENTO-LOCAL-ROADS-563","properties":{"canon_status":"REAL_REFERENCE","county_route":null,"federal_lands_route":null,"fictionality":"REAL","globalid":"{551F9D53-A9EA-447A-887C-4D0FD4184449}","interstate":null,"interstate_a":null,"interstate_b":null,"interstate_c":null,"loaddate":1533980577000,"mtfcc_code":"S1400","name":"J St","objectid":26423957,"permanent_identifier":"53cce665-44f3-416c-a1ac-5e902d148fc1","real_world_relation":"REFERENCE_ONLY","shape_Length":158.52818298119405,"source_datadesc":"2016 October MAFTIGER","source_datasetid":"{155E1578-FAD5-4709-A194-6F828C31A01F}","source_featureid":"110873834491","source_id":"REF-SACRAMENTO-LOCAL-ROADS","source_originator":"U.S. Department of Commerce, U.S. Census Bureau, Geography Division","state_route":null,"state_route_a":null,"state_route_b":null,"state_route_c":null,"stco_fipscode":"06067","tnmfrc":4,"us_route":null,"us_route_a":null,"us_route_b":null,"us_route_c":null},"type":"Feature"},{"geometry":{"coordinates":[[-121.48466,38.582843],[-121.4849,38.582289]],"type":"LineString"},"id":"REF-SACRAMENTO-LOCAL-ROADS-564","properties":{"canon_status":"REAL_REFERENCE","county_route":null,"federal_lands_route":null,"fictionality":"REAL","globalid":"{76ABD8D7-23EA-41B1-B9BD-28F4B861FC18}","interstate":null,"interstate_a":null,"interstate_b":null,"interstate_c":null,"loaddate":1748519528000,"mtfcc_code":"S1400","name":"15th St","objectid":26424571,"permanent_identifier":"6e0c03d8-e703-422d-8226-a407ebe9538f","real_world_relation":"REFERENCE_ONLY","shape_Length":83.29341412163403,"source_datadesc":"2021 February MAF/TIGER","source_datasetid":"{7AD8F908-E576-4667-ABBE-3F904F423D64}","source_featureid":"110873855853","source_id":"REF-SACRAMENTO-LOCAL-ROADS","source_originator":"U.S. Department of Commerce, U.S. Census Bureau, Geography Division","state_route":null,"state_route_a":null,"state_route_b":null,"state_route_c":null,"stco_fipscode":"06067","tnmfrc":4,"us_route":null,"us_route_a":null,"us_route_b":null,"us_route_c":null},"type":"Feature"},{"geometry":{"coordinates":[[-121.477506,38.585666],[-121.477701,38.585237],[-121.477927,38.584713]],"type":"LineString"},"id":"REF-SACRAMENTO-LOCAL-ROADS-565","properties":{"canon_status":"REAL_REFERENCE","county_route":null,"federal_lands_route":null,"fictionality":"REAL","globalid":"{25818349-9636-424A-B7E0-9045C70A3107}","interstate":null,"interstate_a":null,"interstate_b":null,"interstate_c":null,"loaddate":1748519528000,"mtfcc_code":"S1400","name":"19th St","objectid":26551651,"permanent_identifier":"1949745f-4810-4847-88cf-c136afac8350","real_world_relation":"REFERENCE_ONLY","shape_Length":143.55455596160195,"source_datadesc":"2021 February MAF/TIGER","source_datasetid":"{7AD8F908-E576-4667-ABBE-3F904F423D64}","source_featureid":"1104469987952","source_id":"REF-SACRAMENTO-LOCAL-ROADS","source_originator":"U.S. Department of Commerce, U.S. Census Bureau, Geography Division","state_route":null,"state_route_a":null,"state_route_b":null,"state_route_c":null,"stco_fipscode":"06067","tnmfrc":4,"us_route":null,"us_route_a":null,"us_route_b":null,"us_route_c":null},"type":"Feature"},{"geometry":{"coordinates":[[-121.486319,38.579022],[-121.486557,38.578473]],"type":"LineString"},"id":"REF-SACRAMENTO-LOCAL-ROADS-566","properties":{"canon_status":"REAL_REFERENCE","county_route":null,"federal_lands_route":null,"fictionality":"REAL","globalid":"{F5C7B903-B1FD-4F57-B289-082B5B9799A3}","interstate":null,"interstate_a":null,"interstate_b":null,"interstate_c":null,"loaddate":1748519528000,"mtfcc_code":"S1400","name":"15th St","objectid":26680133,"permanent_identifier":"7ae43b08-4512-4820-a9be-302b37a227dc","real_world_relation":"REFERENCE_ONLY","shape_Length":82.543626543577,"source_datadesc":"2021 February MAF/TIGER","source_datasetid":"{7AD8F908-E576-4667-ABBE-3F904F423D64}","source_featureid":"110873855853","source_id":"REF-SACRAMENTO-LOCAL-ROADS","source_originator":"U.S. Department of Commerce, U.S. Census Bureau, Geography Division","state_route":null,"state_route_a":null,"state_route_b":null,"state_route_c":null,"stco_fipscode":"06067","tnmfrc":4,"us_route":null,"us_route_a":null,"us_route_b":null,"us_route_c":null},"type":"Feature"},{"geometry":{"coordinates":[[-121.473238,38.598434],[-121.473151,38.598288]],"type":"LineString"},"id":"REF-SACRAMENTO-LOCAL-ROADS-567","properties":{"canon_status":"REAL_REFERENCE","county_route":null,"federal_lands_route":null,"fictionality":"REAL","globalid":"{57490B22-5A2D-496C-8EE0-D6096FC87B17}","interstate":null,"interstate_a":null,"interstate_b":null,"interstate_c":null,"loaddate":1533980503000,"mtfcc_code":"S1400","name":"Northgate Blvd","objectid":26680134,"permanent_identifier":"219fed89-beef-4686-99db-6a8a8d90d4fa","real_world_relation":"REFERENCE_ONLY","shape_Length":22.940280937558875,"source_datadesc":"2016 October MAFTIGER","source_datasetid":"{155E1578-FAD5-4709-A194-6F828C31A01F}","source_featureid":"110874149115","source_id":"REF-SACRAMENTO-LOCAL-ROADS","source_originator":"U.S. Department of Commerce, U.S. Census Bureau, Geography Division","state_route":null,"state_route_a":null,"state_route_b":null,"state_route_c":null,"stco_fipscode":"06067","tnmfrc":4,"us_route":null,"us_route_a":null,"us_route_b":null,"us_route_c":null},"type":"Feature"},{"geometry":{"coordinates":[[-121.505312,38.58055],[-121.505409,38.580447],[-121.505979,38.579929]],"type":"LineString"},"id":"REF-SACRAMENTO-LOCAL-ROADS-568","properties":{"canon_status":"REAL_REFERENCE","county_route":null,"federal_lands_route":null,"fictionality":"REAL","globalid":"{3F055135-EBA3-40D9-955A-DCEF06AF681E}","interstate":null,"interstate_a":null,"interstate_b":null,"interstate_c":null,"loaddate":1533980624000,"mtfcc_code":"S1400","name":"2nd St","objectid":26680443,"permanent_identifier":"9081f95b-3715-47cb-ba79-7256a4afc6c5","real_world_relation":"REFERENCE_ONLY","shape_Length":115.51293981661692,"source_datadesc":"2016 October MAFTIGER","source_datasetid":"{155E1578-FAD5-4709-A194-6F828C31A01F}","source_featureid":"1105598239669","source_id":"REF-SACRAMENTO-LOCAL-ROADS","source_originator":"U.S. Department of Commerce, U.S. Census Bureau, Geography Division","state_route":null,"state_route_a":null,"state_route_b":null,"state_route_c":null,"stco_fipscode":"06067","tnmfrc":4,"us_route":null,"us_route_a":null,"us_route_b":null,"us_route_c":null},"type":"Feature"},{"geometry":{"coordinates":[[-121.464451,38.603598],[-121.464067,38.603105]],"type":"LineString"},"id":"REF-SACRAMENTO-LOCAL-ROADS-569","properties":{"canon_status":"REAL_REFERENCE","county_route":null,"federal_lands_route":null,"fictionality":"REAL","globalid":"{CB83A078-F588-49DA-93C2-49D1D3E28487}","interstate":null,"interstate_a":null,"interstate_b":null,"interstate_c":null,"loaddate":1533980605000,"mtfcc_code":"S1400","name":"Baxter Ave","objectid":26808386,"permanent_identifier":"ef631ca7-786b-4722-95d8-0547597d22bf","real_world_relation":"REFERENCE_ONLY","shape_Length":82.2130493463976,"source_datadesc":"2016 October MAFTIGER","source_datasetid":"{155E1578-FAD5-4709-A194-6F828C31A01F}","source_featureid":"110873948019","source_id":"REF-SACRAMENTO-LOCAL-ROADS","source_originator":"U.S. Department of Commerce, U.S. Census Bureau, Geography Division","state_route":null,"state_route_a":null,"state_route_b":null,"state_route_c":null,"stco_fipscode":"06067","tnmfrc":4,"us_route":null,"us_route_a":null,"us_route_b":null,"us_route_c":null},"type":"Feature"},{"geometry":{"coordinates":[[-121.480391,38.584146],[-121.480437,38.584042],[-121.480624,38.5836]],"type":"LineString"},"id":"REF-SACRAMENTO-LOCAL-ROADS-570","properties":{"canon_status":"REAL_REFERENCE","county_route":null,"federal_lands_route":null,"fictionality":"REAL","globalid":"{3F12C96D-394B-48FB-A12C-5D77E75FC6C8}","interstate":null,"interstate_a":null,"interstate_b":null,"interstate_c":null,"loaddate":1533980512000,"mtfcc_code":"S1400","name":"Washington Sq","objectid":26808483,"permanent_identifier":"a94fe24e-68d9-43d5-ad9f-e533df52c9d4","real_world_relation":"REFERENCE_ONLY","shape_Length":81.96770818357977,"source_datadesc":"2016 October MAFTIGER","source_datasetid":"{155E1578-FAD5-4709-A194-6F828C31A01F}","source_featureid":"1102638811326","source_id":"REF-SACRAMENTO-LOCAL-ROADS","source_originator":"U.S. Department of Commerce, U.S. Census Bureau, Geography Division","state_route":null,"state_route_a":null,"state_route_b":null,"state_route_c":null,"stco_fipscode":"06067","tnmfrc":4,"us_route":null,"us_route_a":null,"us_route_b":null,"us_route_c":null},"type":"Feature"},{"geometry":{"coordinates":[[-121.463938,38.582568],[-121.464082,38.582237]],"type":"LineString"},"id":"REF-SACRAMENTO-LOCAL-ROADS-571","properties":{"canon_status":"REAL_REFERENCE","county_route":null,"federal_lands_route":null,"fictionality":"REAL","globalid":"{4F3C83E4-27B3-483A-A59F-0E918B287DE9}","interstate":null,"interstate_a":null,"interstate_b":null,"interstate_c":null,"loaddate":1533980554000,"mtfcc_code":"S1400","name":"29th St","objectid":26808982,"permanent_identifier":"6dc43016-bb62-44fd-9714-aacaf1307d99","real_world_relation":"REFERENCE_ONLY","shape_Length":49.78708637172292,"source_datadesc":"2016 October MAFTIGER","source_datasetid":"{155E1578-FAD5-4709-A194-6F828C31A01F}","source_featureid":"110873910150","source_id":"REF-SACRAMENTO-LOCAL-ROADS","source_originator":"U.S. Department of Commerce, U.S. Census Bureau, Geography Division","state_route":null,"state_route_a":null,"state_route_b":null,"state_route_c":null,"stco_fipscode":"06067","tnmfrc":4,"us_route":null,"us_route_a":null,"us_route_b":null,"us_route_c":null},"type":"Feature"},{"geometry":{"coordinates":[[-121.466744,38.603781],[-121.466563,38.603859]],"type":"LineString"},"id":"REF-SACRAMENTO-LOCAL-ROADS-572","properties":{"canon_status":"REAL_REFERENCE","county_route":null,"federal_lands_route":null,"fictionality":"REAL","globalid":"{7972A1AB-E6BE-4F86-BFA5-3DC5545FA660}","interstate":null,"interstate_a":null,"interstate_b":null,"interstate_c":null,"loaddate":1533980525000,"mtfcc_code":"S1400","name":"el Monte Ave","objectid":26809204,"permanent_identifier":"e164a1fc-4e21-45ce-a407-cdd6fe92bee2","real_world_relation":"REFERENCE_ONLY","shape_Length":23.009351793441812,"source_datadesc":"2016 October MAFTIGER","source_datasetid":"{155E1578-FAD5-4709-A194-6F828C31A01F}","source_featureid":"110873973955","source_id":"REF-SACRAMENTO-LOCAL-ROADS","source_originator":"U.S. Department of Commerce, U.S. Census Bureau, Geography Division","state_route":null,"state_route_a":null,"state_route_b":null,"state_route_c":null,"stco_fipscode":"06067","tnmfrc":4,"us_route":null,"us_route_a":null,"us_route_b":null,"us_route_c":null},"type":"Feature"},{"geometry":{"coordinates":[[-121.504131,38.58316],[-121.50397,38.583117]],"type":"LineString"},"id":"REF-SACRAMENTO-LOCAL-ROADS-573","properties":{"canon_status":"REAL_REFERENCE","county_route":null,"federal_lands_route":null,"fictionality":"REAL","globalid":"{C48251BD-0401-4CDB-8DFD-EC65A88E28B5}","interstate":null,"interstate_a":null,"interstate_b":null,"interstate_c":null,"loaddate":1533980656000,"mtfcc_code":"S1400","name":"J St","objectid":26936404,"permanent_identifier":"b9af2e13-927d-41e4-bff6-c8a72b957073","real_world_relation":"REFERENCE_ONLY","shape_Length":18.93963236067414,"source_datadesc":"2016 October MAFTIGER","source_datasetid":"{155E1578-FAD5-4709-A194-6F828C31A01F}","source_featureid":"110873834493","source_id":"REF-SACRAMENTO-LOCAL-ROADS","source_originator":"U.S. Department of Commerce, U.S. Census Bureau, Geography Division","state_route":null,"state_route_a":null,"state_route_b":null,"state_route_c":null,"stco_fipscode":"06067","tnmfrc":4,"us_route":null,"us_route_a":null,"us_route_b":null,"us_route_c":null},"type":"Feature"},{"geometry":{"coordinates":[[-121.463548,38.607797],[-121.462956,38.608115]],"type":"LineString"},"id":"REF-SACRAMENTO-LOCAL-ROADS-574","properties":{"canon_status":"REAL_REFERENCE","county_route":null,"federal_lands_route":null,"fictionality":"REAL","globalid":"{13951778-53C9-41BD-9A84-AA25FD2C9361}","interstate":null,"interstate_a":null,"interstate_b":null,"interstate_c":null,"loaddate":1533980578000,"mtfcc_code":"S1400","name":"Traction Ave","objectid":27064409,"permanent_identifier":"697abd86-a758-4db2-b900-6cb8f67e0f51","real_world_relation":"REFERENCE_ONLY","shape_Length":79.96961736832402,"source_datadesc":"2016 October MAFTIGER","source_datasetid":"{155E1578-FAD5-4709-A194-6F828C31A01F}","source_featureid":"110874108284","source_id":"REF-SACRAMENTO-LOCAL-ROADS","source_originator":"U.S. Department of Commerce, U.S. Census Bureau, Geography Division","state_route":null,"state_route_a":null,"state_route_b":null,"state_route_c":null,"stco_fipscode":"06067","tnmfrc":4,"us_route":null,"us_route_a":null,"us_route_b":null,"us_route_c":null},"type":"Feature"},{"geometry":{"coordinates":[[-121.463693,38.579693],[-121.462368,38.579339]],"type":"LineString"},"id":"REF-SACRAMENTO-LOCAL-ROADS-575","properties":{"canon_status":"REAL_REFERENCE","county_route":null,"federal_lands_route":null,"fictionality":"REAL","globalid":"{869DFF92-432B-494E-9386-D342B88DDEF1}","interstate":null,"interstate_a":null,"interstate_b":null,"interstate_c":null,"loaddate":1533980612000,"mtfcc_code":"S1400","name":"D St","objectid":27064507,"permanent_identifier":"3d9ad96d-ed7b-4a35-b099-96fd0c45de3d","real_world_relation":"REFERENCE_ONLY","shape_Length":155.87445598647673,"source_datadesc":"2016 October MAFTIGER","source_datasetid":"{155E1578-FAD5-4709-A194-6F828C31A01F}","source_featureid":"110873834318","source_id":"REF-SACRAMENTO-LOCAL-ROADS","source_originator":"U.S. Department of Commerce, U.S. Census Bureau, Geography Division","state_route":null,"state_route_a":null,"state_route_b":null,"state_route_c":null,"stco_fipscode":"06067","tnmfrc":4,"us_route":null,"us_route_a":null,"us_route_b":null,"us_route_c":null},"type":"Feature"},{"geometry":{"coordinates":[[-121.474206,38.599282],[-121.475091,38.59872],[-121.475411,38.598545],[-121.47572,38.598358],[-121.476269,38.597966]],"type":"LineString"},"id":"REF-SACRAMENTO-LOCAL-ROADS-576","properties":{"canon_status":"REAL_REFERENCE","county_route":null,"federal_lands_route":null,"fictionality":"REAL","globalid":"{FF68E828-FDED-4540-8D9E-A749B0F280D5}","interstate":null,"interstate_a":null,"interstate_b":null,"interstate_c":null,"loaddate":1533980488000,"mtfcc_code":"S1400","name":null,"objectid":27064949,"permanent_identifier":"723dca36-57ef-4ff4-a526-28fe0ec8cab1","real_world_relation":"REFERENCE_ONLY","shape_Length":296.7017865508227,"source_datadesc":"2016 October MAFTIGER","source_datasetid":"{155E1578-FAD5-4709-A194-6F828C31A01F}","source_featureid":"110874216105","source_id":"REF-SACRAMENTO-LOCAL-ROADS","source_originator":"U.S. Department of Commerce, U.S. Census Bureau, Geography Division","state_route":null,"state_route_a":null,"state_route_b":null,"state_route_c":null,"stco_fipscode":"06067","tnmfrc":4,"us_route":null,"us_route_a":null,"us_route_b":null,"us_route_c":null},"type":"Feature"},{"geometry":{"coordinates":[[-121.483186,38.579395],[-121.483424,38.578848]],"type":"LineString"},"id":"REF-SACRAMENTO-LOCAL-ROADS-577","properties":{"canon_status":"REAL_REFERENCE","county_route":null,"federal_lands_route":null,"fictionality":"REAL","globalid":"{90688186-D31B-400D-B367-50E51EB737F7}","interstate":null,"interstate_a":null,"interstate_b":null,"interstate_c":null,"loaddate":1533980445000,"mtfcc_code":"S1400","name":"17th St","objectid":27192299,"permanent_identifier":"01db7881-3192-4753-82be-5384728003cf","real_world_relation":"REFERENCE_ONLY","shape_Length":82.27432493423899,"source_datadesc":"2016 October MAFTIGER","source_datasetid":"{155E1578-FAD5-4709-A194-6F828C31A01F}","source_featureid":"110873857859","source_id":"REF-SACRAMENTO-LOCAL-ROADS","source_originator":"U.S. Department of Commerce, U.S. Census Bureau, Geography Division","state_route":null,"state_route_a":null,"state_route_b":null,"state_route_c":null,"stco_fipscode":"06067","tnmfrc":4,"us_route":null,"us_route_a":null,"us_route_b":null,"us_route_c":null},"type":"Feature"},{"geometry":{"coordinates":[[-121.482277,38.588307],[-121.482701,38.587305],[-121.482725,38.587246],[-121.48274,38.587212]],"type":"LineString"},"id":"REF-SACRAMENTO-LOCAL-ROADS-578","properties":{"canon_status":"REAL_REFERENCE","county_route":null,"federal_lands_route":null,"fictionality":"REAL","globalid":"{9D020743-19E7-423F-8537-F933FAAB5DDB}","interstate":null,"interstate_a":null,"interstate_b":null,"interstate_c":null,"loaddate":1533980431000,"mtfcc_code":"S1400","name":"15th St","objectid":27192305,"permanent_identifier":"bde565dd-1c82-4aa2-9052-11c822028f9b","real_world_relation":"REFERENCE_ONLY","shape_Length":164.24251452431008,"source_datadesc":"2016 October MAFTIGER","source_datasetid":"{155E1578-FAD5-4709-A194-6F828C31A01F}","source_featureid":"110873856157","source_id":"REF-SACRAMENTO-LOCAL-ROADS","source_originator":"U.S. Department of Commerce, U.S. Census Bureau, Geography Division","state_route":null,"state_route_a":null,"state_route_b":null,"state_route_c":null,"stco_fipscode":"06067","tnmfrc":4,"us_route":null,"us_route_a":null,"us_route_b":null,"us_route_c":null},"type":"Feature"},{"geometry":{"coordinates":[[-121.475603,38.60673],[-121.478576,38.607014]],"type":"LineString"},"id":"REF-SACRAMENTO-LOCAL-ROADS-579","properties":{"canon_status":"REAL_REFERENCE","county_route":null,"federal_lands_route":null,"fictionality":"REAL","globalid":"{2F45A6C6-D09E-4B58-9C39-007FF4E92BE9}","interstate":null,"interstate_a":null,"interstate_b":null,"interstate_c":null,"loaddate":1533980565000,"mtfcc_code":"S1400","name":"Garden Hwy","objectid":27192649,"permanent_identifier":"d1b81125-c258-4598-a99a-be86d8ea705e","real_world_relation":"REFERENCE_ONLY","shape_Length":333.4165061805129,"source_datadesc":"2016 October MAFTIGER","source_datasetid":"{155E1578-FAD5-4709-A194-6F828C31A01F}","source_featureid":"110873949976","source_id":"REF-SACRAMENTO-LOCAL-ROADS","source_originator":"U.S. Department of Commerce, U.S. Census Bureau, Geography Division","state_route":null,"state_route_a":null,"state_route_b":null,"state_route_c":null,"stco_fipscode":"06067","tnmfrc":4,"us_route":null,"us_route_a":null,"us_route_b":null,"us_route_c":null},"type":"Feature"},{"geometry":{"coordinates":[[-121.482711,38.580496],[-121.482949,38.579946]],"type":"LineString"},"id":"REF-SACRAMENTO-LOCAL-ROADS-580","properties":{"canon_status":"REAL_REFERENCE","county_route":null,"federal_lands_route":null,"fictionality":"REAL","globalid":"{DAA8BBDC-F82B-4A1E-B9AD-CA399C236444}","interstate":null,"interstate_a":null,"interstate_b":null,"interstate_c":null,"loaddate":1533980445000,"mtfcc_code":"S1400","name":"17th St","objectid":27192703,"permanent_identifier":"ba9f4bcb-c735-4399-8113-2b9a9348d290","real_world_relation":"REFERENCE_ONLY","shape_Length":82.68005238446284,"source_datadesc":"2016 October MAFTIGER","source_datasetid":"{155E1578-FAD5-4709-A194-6F828C31A01F}","source_featureid":"110873857859","source_id":"REF-SACRAMENTO-LOCAL-ROADS","source_originator":"U.S. Department of Commerce, U.S. Census Bureau, Geography Division","state_route":null,"state_route_a":null,"state_route_b":null,"state_route_c":null,"stco_fipscode":"06067","tnmfrc":4,"us_route":null,"us_route_a":null,"us_route_b":null,"us_route_c":null},"type":"Feature"},{"geometry":{"coordinates":[[-121.464271,38.609669],[-121.464272,38.610167]],"type":"LineString"},"id":"REF-SACRAMENTO-LOCAL-ROADS-581","properties":{"canon_status":"REAL_REFERENCE","county_route":null,"federal_lands_route":null,"fictionality":"REAL","globalid":"{B50DB47D-E244-4C69-B227-BF8116302EA9}","interstate":null,"interstate_a":null,"interstate_b":null,"interstate_c":null,"loaddate":1533980615000,"mtfcc_code":"S1400","name":"Colfax St","objectid":27193332,"permanent_identifier":"f3154db9-619b-4c08-bbf7-1f4f238157e3","real_world_relation":"REFERENCE_ONLY","shape_Length":70.94478730042069,"source_datadesc":"2016 October MAFTIGER","source_datasetid":"{155E1578-FAD5-4709-A194-6F828C31A01F}","source_featureid":"110873948911","source_id":"REF-SACRAMENTO-LOCAL-ROADS","source_originator":"U.S. Department of Commerce, U.S. Census Bureau, Geography Division","state_route":null,"state_route_a":null,"state_route_b":null,"state_route_c":null,"stco_fipscode":"06067","tnmfrc":4,"us_route":null,"us_route_a":null,"us_route_b":null,"us_route_c":null},"type":"Feature"},{"geometry":{"coordinates":[[-121.506421,38.581306],[-121.506601,38.580894]],"type":"LineString"},"id":"REF-SACRAMENTO-LOCAL-ROADS-582","properties":{"canon_status":"REAL_REFERENCE","county_route":null,"federal_lands_route":null,"fictionality":"REAL","globalid":"{EA8BD554-3572-4701-A28D-CFC3FB0D0ED9}","interstate":null,"interstate_a":null,"interstate_b":null,"interstate_c":null,"loaddate":1533980659000,"mtfcc_code":"S1400","name":"Front St","objectid":27320394,"permanent_identifier":"c76f7548-9cc4-449b-8b50-8ddba8b2179a","real_world_relation":"REFERENCE_ONLY","shape_Length":61.99705722704305,"source_datadesc":"2016 October MAFTIGER","source_datasetid":"{155E1578-FAD5-4709-A194-6F828C31A01F}","source_featureid":"110873943196","source_id":"REF-SACRAMENTO-LOCAL-ROADS","source_originator":"U.S. Department of Commerce, U.S. Census Bureau, Geography Division","state_route":null,"state_route_a":null,"state_route_b":null,"state_route_c":null,"stco_fipscode":"06067","tnmfrc":4,"us_route":null,"us_route_a":null,"us_route_b":null,"us_route_c":null},"type":"Feature"},{"geometry":{"coordinates":[[-121.50349,38.58173],[-121.503239,38.581664]],"type":"LineString"},"id":"REF-SACRAMENTO-LOCAL-ROADS-583","properties":{"canon_status":"REAL_REFERENCE","county_route":null,"federal_lands_route":null,"fictionality":"REAL","globalid":"{9154922A-8392-4B34-A3CF-A44706D61893}","interstate":null,"interstate_a":null,"interstate_b":null,"interstate_c":null,"loaddate":1533980464000,"mtfcc_code":"S1400","name":"K St","objectid":27320406,"permanent_identifier":"57d236da-3b50-4ad9-9565-cbbc502e8e78","real_world_relation":"REFERENCE_ONLY","shape_Length":29.47955799037187,"source_datadesc":"2016 October MAFTIGER","source_datasetid":"{155E1578-FAD5-4709-A194-6F828C31A01F}","source_featureid":"110873834522","source_id":"REF-SACRAMENTO-LOCAL-ROADS","source_originator":"U.S. Department of Commerce, U.S. Census Bureau, Geography Division","state_route":null,"state_route_a":null,"state_route_b":null,"state_route_c":null,"stco_fipscode":"06067","tnmfrc":4,"us_route":null,"us_route_a":null,"us_route_b":null,"us_route_c":null},"type":"Feature"},{"geometry":{"coordinates":[[-121.504325,38.584425],[-121.503658,38.584248]],"type":"LineString"},"id":"REF-SACRAMENTO-LOCAL-ROADS-584","properties":{"canon_status":"REAL_REFERENCE","county_route":null,"federal_lands_route":null,"fictionality":"REAL","globalid":"{DB92B4FD-B52E-4477-A67E-5D42C213D0A2}","interstate":null,"interstate_a":null,"interstate_b":null,"interstate_c":null,"loaddate":1533980547000,"mtfcc_code":"S1400","name":"I St","objectid":27449326,"permanent_identifier":"0d8ba629-97e7-4cfb-9b4b-57e33d2bee9c","real_world_relation":"REFERENCE_ONLY","shape_Length":78.41195641971447,"source_datadesc":"2016 October MAFTIGER","source_datasetid":"{155E1578-FAD5-4709-A194-6F828C31A01F}","source_featureid":"110873834453","source_id":"REF-SACRAMENTO-LOCAL-ROADS","source_originator":"U.S. Department of Commerce, U.S. Census Bureau, Geography Division","state_route":null,"state_route_a":null,"state_route_b":null,"state_route_c":null,"stco_fipscode":"06067","tnmfrc":4,"us_route":null,"us_route_a":null,"us_route_b":null,"us_route_c":null},"type":"Feature"},{"geometry":{"coordinates":[[-121.50556,38.579818],[-121.505388,38.579824],[-121.505022,38.579837],[-121.504867,38.57986],[-121.504711,38.579923],[-121.504662,38.579949],[-121.504578,38.580012],[-121.504201,38.580433],[-121.504058,38.580521],[-121.50389,38.580573],[-121.503708,38.580584]],"type":"LineString"},"id":"REF-SACRAMENTO-LOCAL-ROADS-585","properties":{"canon_status":"REAL_REFERENCE","county_route":null,"federal_lands_route":null,"fictionality":"REAL","globalid":"{FDC0D2EC-92D4-49D8-B44C-65D8C4D86382}","interstate":null,"interstate_a":null,"interstate_b":null,"interstate_c":null,"loaddate":1533980460000,"mtfcc_code":"S1400","name":null,"objectid":27577685,"permanent_identifier":"68a4e78b-b9ee-4e24-ae03-ecd6efdcd76d","real_world_relation":"REFERENCE_ONLY","shape_Length":250.4851646213899,"source_datadesc":"2016 October MAFTIGER","source_datasetid":"{155E1578-FAD5-4709-A194-6F828C31A01F}","source_featureid":"110874217761","source_id":"REF-SACRAMENTO-LOCAL-ROADS","source_originator":"U.S. Department of Commerce, U.S. Census Bureau, Geography Division","state_route":null,"state_route_a":null,"state_route_b":null,"state_route_c":null,"stco_fipscode":"06067","tnmfrc":4,"us_route":null,"us_route_a":null,"us_route_b":null,"us_route_c":null},"type":"Feature"},{"geometry":{"coordinates":[[-121.482478,38.581039],[-121.481151,38.580685]],"type":"LineString"},"id":"REF-SACRAMENTO-LOCAL-ROADS-586","properties":{"canon_status":"REAL_REFERENCE","county_route":null,"federal_lands_route":null,"fictionality":"REAL","globalid":"{897B5012-7C79-4BB5-A906-3ABBEE4DA715}","interstate":null,"interstate_a":null,"interstate_b":null,"interstate_c":null,"loaddate":1533980630000,"mtfcc_code":"S1400","name":"G St","objectid":27705577,"permanent_identifier":"c223d6ff-a812-41d8-81f7-4497e679c5a3","real_world_relation":"REFERENCE_ONLY","shape_Length":156.0854961399915,"source_datadesc":"2016 October MAFTIGER","source_datasetid":"{155E1578-FAD5-4709-A194-6F828C31A01F}","source_featureid":"110873834423","source_id":"REF-SACRAMENTO-LOCAL-ROADS","source_originator":"U.S. Department of Commerce, U.S. Census Bureau, Geography Division","state_route":null,"state_route_a":null,"state_route_b":null,"state_route_c":null,"stco_fipscode":"06067","tnmfrc":4,"us_route":null,"us_route_a":null,"us_route_b":null,"us_route_c":null},"type":"Feature"},{"geometry":{"coordinates":[[-121.508944,38.605415],[-121.510411,38.604517]],"type":"LineString"},"id":"REF-SACRAMENTO-LOCAL-ROADS-587","properties":{"canon_status":"REAL_REFERENCE","county_route":null,"federal_lands_route":null,"fictionality":"REAL","globalid":"{D00A2F7F-21D8-4523-BD3F-ABF748F39528}","interstate":null,"interstate_a":null,"interstate_b":null,"interstate_c":null,"loaddate":1533980474000,"mtfcc_code":"S1400","name":"Garden Hwy","objectid":27706177,"permanent_identifier":"15a21f1f-1cfe-4066-87fe-463ab72f8d8e","real_world_relation":"REFERENCE_ONLY","shape_Length":207.44204323102124,"source_datadesc":"2016 October MAFTIGER","source_datasetid":"{155E1578-FAD5-4709-A194-6F828C31A01F}","source_featureid":"110873949979","source_id":"REF-SACRAMENTO-LOCAL-ROADS","source_originator":"U.S. Department of Commerce, U.S. Census Bureau, Geography Division","state_route":null,"state_route_a":null,"state_route_b":null,"state_route_c":null,"stco_fipscode":"06067","tnmfrc":4,"us_route":null,"us_route_a":null,"us_route_b":null,"us_route_c":null},"type":"Feature"},{"geometry":{"coordinates":[[-121.478576,38.607014],[-121.47857,38.607541],[-121.478563,38.608102]],"type":"LineString"},"id":"REF-SACRAMENTO-LOCAL-ROADS-588","properties":{"canon_status":"REAL_REFERENCE","county_route":null,"federal_lands_route":null,"fictionality":"REAL","globalid":"{894793D7-358D-47A7-BB52-09F63DEE3057}","interstate":null,"interstate_a":null,"interstate_b":null,"interstate_c":null,"loaddate":1533980599000,"mtfcc_code":"S1400","name":"Northview Dr","objectid":27834294,"permanent_identifier":"f472ff3c-0820-4886-a4d3-616877b470b8","real_world_relation":"REFERENCE_ONLY","shape_Length":154.99746950845557,"source_datadesc":"2016 October MAFTIGER","source_datasetid":"{155E1578-FAD5-4709-A194-6F828C31A01F}","source_featureid":"110874149146","source_id":"REF-SACRAMENTO-LOCAL-ROADS","source_originator":"U.S. Department of Commerce, U.S. Census Bureau, Geography Division","state_route":null,"state_route_a":null,"state_route_b":null,"state_route_c":null,"stco_fipscode":"06067","tnmfrc":4,"us_route":null,"us_route_a":null,"us_route_b":null,"us_route_c":null},"type":"Feature"},{"geometry":{"coordinates":[[-121.4959,38.581579],[-121.496138,38.581029]],"type":"LineString"},"id":"REF-SACRAMENTO-LOCAL-ROADS-589","properties":{"canon_status":"REAL_REFERENCE","county_route":null,"federal_lands_route":null,"fictionality":"REAL","globalid":"{64343B64-091F-4922-A1B7-EBD0EE8CA09C}","interstate":null,"interstate_a":null,"interstate_b":null,"interstate_c":null,"loaddate":1533980530000,"mtfcc_code":"S1400","name":"8th St","objectid":27834685,"permanent_identifier":"dab7e394-c3b3-48ff-acc9-70dbd907d2ec","real_world_relation":"REFERENCE_ONLY","shape_Length":82.6811891054924,"source_datadesc":"2016 October MAFTIGER","source_datasetid":"{155E1578-FAD5-4709-A194-6F828C31A01F}","source_featureid":"110873852359","source_id":"REF-SACRAMENTO-LOCAL-ROADS","source_originator":"U.S. Department of Commerce, U.S. Census Bureau, Geography Division","state_route":null,"state_route_a":null,"state_route_b":null,"state_route_c":null,"stco_fipscode":"06067","tnmfrc":4,"us_route":null,"us_route_a":null,"us_route_b":null,"us_route_c":null},"type":"Feature"},{"geometry":{"coordinates":[[-121.482381,38.584676],[-121.481056,38.584323]],"type":"LineString"},"id":"REF-SACRAMENTO-LOCAL-ROADS-590","properties":{"canon_status":"REAL_REFERENCE","county_route":null,"federal_lands_route":null,"fictionality":"REAL","globalid":"{573782E2-D5D3-4A85-9163-CB6188A74E43}","interstate":null,"interstate_a":null,"interstate_b":null,"interstate_c":null,"loaddate":1533980434000,"mtfcc_code":"S1400","name":"D St","objectid":27834689,"permanent_identifier":"4d3c08c2-0255-4603-afcb-e025014d554c","real_world_relation":"REFERENCE_ONLY","shape_Length":155.8295593440908,"source_datadesc":"2016 October MAFTIGER","source_datasetid":"{155E1578-FAD5-4709-A194-6F828C31A01F}","source_featureid":"110873834322","source_id":"REF-SACRAMENTO-LOCAL-ROADS","source_originator":"U.S. Department of Commerce, U.S. Census Bureau, Geography Division","state_route":null,"state_route_a":null,"state_route_b":null,"state_route_c":null,"stco_fipscode":"06067","tnmfrc":4,"us_route":null,"us_route_a":null,"us_route_b":null,"us_route_c":null},"type":"Feature"},{"geometry":{"coordinates":[[-121.506912,38.580177],[-121.505979,38.579929]],"type":"LineString"},"id":"REF-SACRAMENTO-LOCAL-ROADS-591","properties":{"canon_status":"REAL_REFERENCE","county_route":null,"federal_lands_route":null,"fictionality":"REAL","globalid":"{13DDBA8B-C371-4F3A-9A74-7B7421F1DE30}","interstate":null,"interstate_a":null,"interstate_b":null,"interstate_c":null,"loaddate":1533980490000,"mtfcc_code":"S1400","name":"Capitol Mall","objectid":27834748,"permanent_identifier":"43ded47b-ea2e-4a73-9041-b80f51715a43","real_world_relation":"REFERENCE_ONLY","shape_Length":109.70091815566393,"source_datadesc":"2016 October MAFTIGER","source_datasetid":"{155E1578-FAD5-4709-A194-6F828C31A01F}","source_featureid":"110874184384","source_id":"REF-SACRAMENTO-LOCAL-ROADS","source_originator":"U.S. Department of Commerce, U.S. Census Bureau, Geography Division","state_route":null,"state_route_a":null,"state_route_b":null,"state_route_c":null,"stco_fipscode":"06067","tnmfrc":4,"us_route":null,"us_route_a":null,"us_route_b":null,"us_route_c":null},"type":"Feature"},{"geometry":{"coordinates":[[-121.490634,38.586876],[-121.492023,38.587246],[-121.493297,38.587586]],"type":"LineString"},"id":"REF-SACRAMENTO-LOCAL-ROADS-592","properties":{"canon_status":"REAL_REFERENCE","county_route":null,"federal_lands_route":null,"fictionality":"REAL","globalid":"{4C19E22B-CBE9-4E34-A866-009FB4ABD32E}","interstate":null,"interstate_a":null,"interstate_b":null,"interstate_c":null,"loaddate":1533980643000,"mtfcc_code":"S1400","name":"N D St","objectid":27834984,"permanent_identifier":"e3aacd72-3e27-4eb4-a017-26d9b6af5448","real_world_relation":"REFERENCE_ONLY","shape_Length":313.21397763696257,"source_datadesc":"2016 October MAFTIGER","source_datasetid":"{155E1578-FAD5-4709-A194-6F828C31A01F}","source_featureid":"110873834338","source_id":"REF-SACRAMENTO-LOCAL-ROADS","source_originator":"U.S. Department of Commerce, U.S. Census Bureau, Geography Division","state_route":null,"state_route_a":null,"state_route_b":null,"state_route_c":null,"stco_fipscode":"06067","tnmfrc":4,"us_route":null,"us_route_a":null,"us_route_b":null,"us_route_c":null},"type":"Feature"},{"geometry":{"coordinates":[[-121.479629,38.587602],[-121.478297,38.587254]],"type":"LineString"},"id":"REF-SACRAMENTO-LOCAL-ROADS-593","properties":{"canon_status":"REAL_REFERENCE","county_route":null,"federal_lands_route":null,"fictionality":"REAL","globalid":"{061183B7-7DBC-4A5A-A28E-4F1A215F2304}","interstate":null,"interstate_a":null,"interstate_b":null,"interstate_c":null,"loaddate":1533980497000,"mtfcc_code":"S1400","name":"A St","objectid":27835386,"permanent_identifier":"25a92306-3337-469a-8f4e-a5717fb5a8b1","real_world_relation":"REFERENCE_ONLY","shape_Length":156.340877566646,"source_datadesc":"2016 October MAFTIGER","source_datasetid":"{155E1578-FAD5-4709-A194-6F828C31A01F}","source_featureid":"110873834194","source_id":"REF-SACRAMENTO-LOCAL-ROADS","source_originator":"U.S. Department of Commerce, U.S. Census Bureau, Geography Division","state_route":null,"state_route_a":null,"state_route_b":null,"state_route_c":null,"stco_fipscode":"06067","tnmfrc":4,"us_route":null,"us_route_a":null,"us_route_b":null,"us_route_c":null},"type":"Feature"},{"geometry":{"coordinates":[[-121.48442,38.583393],[-121.48466,38.582843]],"type":"LineString"},"id":"REF-SACRAMENTO-LOCAL-ROADS-594","properties":{"canon_status":"REAL_REFERENCE","county_route":null,"federal_lands_route":null,"fictionality":"REAL","globalid":"{95275CFE-BFD8-42A2-A760-E59CB4B252B0}","interstate":null,"interstate_a":null,"interstate_b":null,"interstate_c":null,"loaddate":1533980542000,"mtfcc_code":"S1400","name":"15th St","objectid":27963057,"permanent_identifier":"4ba0a4fa-cd16-4e4b-8ceb-b4be3dc5ed24","real_world_relation":"REFERENCE_ONLY","shape_Length":82.75467990520102,"source_datadesc":"2016 October MAFTIGER","source_datasetid":"{155E1578-FAD5-4709-A194-6F828C31A01F}","source_featureid":"110873856151","source_id":"REF-SACRAMENTO-LOCAL-ROADS","source_originator":"U.S. Department of Commerce, U.S. Census Bureau, Geography Division","state_route":null,"state_route_a":null,"state_route_b":null,"state_route_c":null,"stco_fipscode":"06067","tnmfrc":4,"us_route":null,"us_route_a":null,"us_route_b":null,"us_route_c":null},"type":"Feature"},{"geometry":{"coordinates":[[-121.509045,38.605694],[-121.509147,38.605626]],"type":"LineString"},"id":"REF-SACRAMENTO-LOCAL-ROADS-595","properties":{"canon_status":"REAL_REFERENCE","county_route":null,"federal_lands_route":null,"fictionality":"REAL","globalid":"{2E854982-B926-4B0E-AA7B-9CF1636533D0}","interstate":null,"interstate_a":null,"interstate_b":null,"interstate_c":null,"loaddate":1533980459000,"mtfcc_code":"S1400","name":"Garden Hwy","objectid":27963083,"permanent_identifier":"407336fd-aad7-48d2-a621-cce59ce2c0e7","real_world_relation":"REFERENCE_ONLY","shape_Length":14.925051448457927,"source_datadesc":"2016 October MAFTIGER","source_datasetid":"{155E1578-FAD5-4709-A194-6F828C31A01F}","source_featureid":"110873949978","source_id":"REF-SACRAMENTO-LOCAL-ROADS","source_originator":"U.S. Department of Commerce, U.S. Census Bureau, Geography Division","state_route":null,"state_route_a":null,"state_route_b":null,"state_route_c":null,"stco_fipscode":"06067","tnmfrc":4,"us_route":null,"us_route_a":null,"us_route_b":null,"us_route_c":null},"type":"Feature"},{"geometry":{"coordinates":[[-121.50275,38.582792],[-121.503239,38.581664]],"type":"LineString"},"id":"REF-SACRAMENTO-LOCAL-ROADS-596","properties":{"canon_status":"REAL_REFERENCE","county_route":null,"federal_lands_route":null,"fictionality":"REAL","globalid":"{F5A4B5E2-3E7A-438B-8696-870472B93281}","interstate":null,"interstate_a":null,"interstate_b":null,"interstate_c":null,"loaddate":1533980455000,"mtfcc_code":"S1400","name":"3rd St","objectid":27963302,"permanent_identifier":"92d41e97-9867-4b91-926f-4d0f5f2e14d3","real_world_relation":"REFERENCE_ONLY","shape_Length":169.60501922877464,"source_datadesc":"2016 October MAFTIGER","source_datasetid":"{155E1578-FAD5-4709-A194-6F828C31A01F}","source_featureid":"110873851943","source_id":"REF-SACRAMENTO-LOCAL-ROADS","source_originator":"U.S. Department of Commerce, U.S. Census Bureau, Geography Division","state_route":null,"state_route_a":null,"state_route_b":null,"state_route_c":null,"stco_fipscode":"06067","tnmfrc":4,"us_route":null,"us_route_a":null,"us_route_b":null,"us_route_c":null},"type":"Feature"},{"geometry":{"coordinates":[[-121.489999,38.584882],[-121.490238,38.58433]],"type":"LineString"},"id":"REF-SACRAMENTO-LOCAL-ROADS-597","properties":{"canon_status":"REAL_REFERENCE","county_route":null,"federal_lands_route":null,"fictionality":"REAL","globalid":"{53A6FFE7-E452-449F-8973-8A10DAA860DE}","interstate":null,"interstate_a":null,"interstate_b":null,"interstate_c":null,"loaddate":1533980529000,"mtfcc_code":"S1400","name":"11th St","objectid":28090702,"permanent_identifier":"1cb69d7d-27b4-4ae9-8206-77f6ccc54ef9","real_world_relation":"REFERENCE_ONLY","shape_Length":82.9900153311955,"source_datadesc":"2016 October MAFTIGER","source_datasetid":"{155E1578-FAD5-4709-A194-6F828C31A01F}","source_featureid":"110873853109","source_id":"REF-SACRAMENTO-LOCAL-ROADS","source_originator":"U.S. Department of Commerce, U.S. Census Bureau, Geography Division","state_route":null,"state_route_a":null,"state_route_b":null,"state_route_c":null,"stco_fipscode":"06067","tnmfrc":4,"us_route":null,"us_route_a":null,"us_route_b":null,"us_route_c":null},"type":"Feature"},{"geometry":{"coordinates":[[-121.511632,38.587364],[-121.511686,38.587089],[-121.511847,38.586265],[-121.511902,38.585991]],"type":"LineString"},"id":"REF-SACRAMENTO-LOCAL-ROADS-598","properties":{"canon_status":"REAL_REFERENCE","county_route":null,"federal_lands_route":null,"fictionality":"REAL","globalid":"{EB9EC51D-4158-4CC2-AD3E-D04633BCADFB}","interstate":null,"interstate_a":null,"interstate_b":null,"interstate_c":null,"loaddate":1533980970000,"mtfcc_code":"S1400","name":"4th St","objectid":28091502,"permanent_identifier":"4747a829-075f-48c5-a711-491de3608897","real_world_relation":"REFERENCE_ONLY","shape_Length":197.83010549306763,"source_datadesc":"2016 October MAFTIGER","source_datasetid":"{155E1578-FAD5-4709-A194-6F828C31A01F}","source_featureid":"110758800283","source_id":"REF-SACRAMENTO-LOCAL-ROADS","source_originator":"U.S. Department of Commerce, U.S. Census Bureau, Geography Division","state_route":null,"state_route_a":null,"state_route_b":null,"state_route_c":null,"stco_fipscode":"06113","tnmfrc":4,"us_route":null,"us_route_a":null,"us_route_b":null,"us_route_c":null},"type":"Feature"},{"geometry":{"coordinates":[[-121.494354,38.581765],[-121.494824,38.580678]],"type":"LineString"},"id":"REF-SACRAMENTO-LOCAL-ROADS-599","properties":{"canon_status":"REAL_REFERENCE","county_route":null,"federal_lands_route":null,"fictionality":"REAL","globalid":"{C9B34939-ACE2-491D-AA2D-A5B40524C6F9}","interstate":null,"interstate_a":null,"interstate_b":null,"interstate_c":null,"loaddate":1533980534000,"mtfcc_code":"S1400","name":"9th St","objectid":28219735,"permanent_identifier":"6352ebfb-7dd4-43fb-a8e6-96a0631b878f","real_world_relation":"REFERENCE_ONLY","shape_Length":163.3945237091,"source_datadesc":"2016 October MAFTIGER","source_datasetid":"{155E1578-FAD5-4709-A194-6F828C31A01F}","source_featureid":"110873852404","source_id":"REF-SACRAMENTO-LOCAL-ROADS","source_originator":"U.S. Department of Commerce, U.S. Census Bureau, Geography Division","state_route":null,"state_route_a":null,"state_route_b":null,"state_route_c":null,"stco_fipscode":"06067","tnmfrc":4,"us_route":null,"us_route_a":null,"us_route_b":null,"us_route_c":null},"type":"Feature"},{"geometry":{"coordinates":[[-121.494824,38.580678],[-121.493476,38.580319]],"type":"LineString"},"id":"REF-SACRAMENTO-LOCAL-ROADS-600","properties":{"canon_status":"REAL_REFERENCE","county_route":null,"federal_lands_route":null,"fictionality":"REAL","globalid":"{B0AB6789-75A1-4FFC-8F7B-40D52290CCC4}","interstate":null,"interstate_a":null,"interstate_b":null,"interstate_c":null,"loaddate":1533980577000,"mtfcc_code":"S1400","name":"J St","objectid":28219888,"permanent_identifier":"53c7c1da-0ab7-4025-8033-3cdb2fae9cda","real_world_relation":"REFERENCE_ONLY","shape_Length":158.5278282513529,"source_datadesc":"2016 October MAFTIGER","source_datasetid":"{155E1578-FAD5-4709-A194-6F828C31A01F}","source_featureid":"110873834491","source_id":"REF-SACRAMENTO-LOCAL-ROADS","source_originator":"U.S. Department of Commerce, U.S. Census Bureau, Geography Division","state_route":null,"state_route_a":null,"state_route_b":null,"state_route_c":null,"stco_fipscode":"06067","tnmfrc":4,"us_route":null,"us_route_a":null,"us_route_b":null,"us_route_c":null},"type":"Feature"},{"geometry":{"coordinates":[[-121.464295,38.607599],[-121.464317,38.607632],[-121.464342,38.607686],[-121.464372,38.607837],[-121.464377,38.60792],[-121.464374,38.608004],[-121.464269,38.609188]],"type":"LineString"},"id":"REF-SACRAMENTO-LOCAL-ROADS-601","properties":{"canon_status":"REAL_REFERENCE","county_route":null,"federal_lands_route":null,"fictionality":"REAL","globalid":"{F0AF1DBC-C871-40E3-B796-9EDEA918FE19}","interstate":null,"interstate_a":null,"interstate_b":null,"interstate_c":null,"loaddate":1533980615000,"mtfcc_code":"S1400","name":"Colfax St","objectid":28348238,"permanent_identifier":"ca4050d7-c0b3-4abb-9632-9129d7a834fa","real_world_relation":"REFERENCE_ONLY","shape_Length":228.13059630064265,"source_datadesc":"2016 October MAFTIGER","source_datasetid":"{155E1578-FAD5-4709-A194-6F828C31A01F}","source_featureid":"110873948911","source_id":"REF-SACRAMENTO-LOCAL-ROADS","source_originator":"U.S. Department of Commerce, U.S. Census Bureau, Geography Division","state_route":null,"state_route_a":null,"state_route_b":null,"state_route_c":null,"stco_fipscode":"06067","tnmfrc":4,"us_route":null,"us_route_a":null,"us_route_b":null,"us_route_c":null},"type":"Feature"},{"geometry":{"coordinates":[[-121.488912,38.583976],[-121.488839,38.583958],[-121.487322,38.583553]],"type":"LineString"},"id":"REF-SACRAMENTO-LOCAL-ROADS-602","properties":{"canon_status":"REAL_REFERENCE","county_route":null,"federal_lands_route":null,"fictionality":"REAL","globalid":"{83DC214D-FFF3-4E1B-8E48-A029761BB8B3}","interstate":null,"interstate_a":null,"interstate_b":null,"interstate_c":null,"loaddate":1748519528000,"mtfcc_code":"S1400","name":"F St","objectid":28477004,"permanent_identifier":"8b1d6022-da3c-4f3b-a05c-45bd3443785b","real_world_relation":"REFERENCE_ONLY","shape_Length":186.97005043637978,"source_datadesc":"2021 February MAF/TIGER","source_datasetid":"{7AD8F908-E576-4667-ABBE-3F904F423D64}","source_featureid":"110873834381","source_id":"REF-SACRAMENTO-LOCAL-ROADS","source_originator":"U.S. Department of Commerce, U.S. Census Bureau, Geography Division","state_route":null,"state_route_a":null,"state_route_b":null,"state_route_c":null,"stco_fipscode":"06067","tnmfrc":4,"us_route":null,"us_route_a":null,"us_route_b":null,"us_route_c":null},"type":"Feature"},{"geometry":{"coordinates":[[-121.490712,38.583234],[-121.489389,38.582881]],"type":"LineString"},"id":"REF-SACRAMENTO-LOCAL-ROADS-603","properties":{"canon_status":"REAL_REFERENCE","county_route":null,"federal_lands_route":null,"fictionality":"REAL","globalid":"{9907A18A-FE95-4D7A-B61F-9EFFDBFC86FB}","interstate":null,"interstate_a":null,"interstate_b":null,"interstate_c":null,"loaddate":1533980630000,"mtfcc_code":"S1400","name":"G St","objectid":28477017,"permanent_identifier":"2808ac79-4a8f-43f4-b718-4058e5eb33d0","real_world_relation":"REFERENCE_ONLY","shape_Length":155.61855395139915,"source_datadesc":"2016 October MAFTIGER","source_datasetid":"{155E1578-FAD5-4709-A194-6F828C31A01F}","source_featureid":"110873834423","source_id":"REF-SACRAMENTO-LOCAL-ROADS","source_originator":"U.S. Department of Commerce, U.S. Census Bureau, Geography Division","state_route":null,"state_route_a":null,"state_route_b":null,"state_route_c":null,"stco_fipscode":"06067","tnmfrc":4,"us_route":null,"us_route_a":null,"us_route_b":null,"us_route_c":null},"type":"Feature"},{"geometry":{"coordinates":[[-121.497837,38.583916],[-121.496656,38.586621],[-121.496564,38.586874],[-121.496543,38.587057],[-121.49655,38.587359],[-121.496445,38.587746],[-121.495461,38.58996]],"type":"LineString"},"id":"REF-SACRAMENTO-LOCAL-ROADS-604","properties":{"canon_status":"REAL_REFERENCE","county_route":null,"federal_lands_route":null,"fictionality":"REAL","globalid":"{1DB1647D-8FD8-4100-B617-904316BC294D}","interstate":null,"interstate_a":null,"interstate_b":null,"interstate_c":null,"loaddate":1533980662000,"mtfcc_code":"S1400","name":null,"objectid":28477151,"permanent_identifier":"{D9886B5C-90D9-469B-9FBE-838827415326}","real_world_relation":"REFERENCE_ONLY","shape_Length":903.7927436419561,"source_datadesc":"2016 October MAFTIGER","source_datasetid":"{155E1578-FAD5-4709-A194-6F828C31A01F}","source_featureid":"110873834384","source_id":"REF-SACRAMENTO-LOCAL-ROADS","source_originator":"U.S. Department of Commerce, U.S. Census Bureau, Geography Division","state_route":null,"state_route_a":null,"state_route_b":null,"state_route_c":null,"stco_fipscode":"06067","tnmfrc":4,"us_route":null,"us_route_a":null,"us_route_b":null,"us_route_c":null},"type":"Feature"},{"geometry":{"coordinates":[[-121.465359,38.606179],[-121.464157,38.60618]],"type":"LineString"},"id":"REF-SACRAMENTO-LOCAL-ROADS-605","properties":{"canon_status":"REAL_REFERENCE","county_route":null,"federal_lands_route":null,"fictionality":"REAL","globalid":"{CA502DC3-E64F-40E4-8D1D-AE38CE391CD7}","interstate":null,"interstate_a":null,"interstate_b":null,"interstate_c":null,"loaddate":1533980651000,"mtfcc_code":"S1400","name":"Arden Way","objectid":28477189,"permanent_identifier":"0d65c558-7319-40fd-b35f-c56cf93a5478","real_world_relation":"REFERENCE_ONLY","shape_Length":133.8061758790687,"source_datadesc":"2016 October MAFTIGER","source_datasetid":"{155E1578-FAD5-4709-A194-6F828C31A01F}","source_featureid":"110873936844","source_id":"REF-SACRAMENTO-LOCAL-ROADS","source_originator":"U.S. Department of Commerce, U.S. Census Bureau, Geography Division","state_route":null,"state_route_a":null,"state_route_b":null,"state_route_c":null,"stco_fipscode":"06067","tnmfrc":4,"us_route":null,"us_route_a":null,"us_route_b":null,"us_route_c":null},"type":"Feature"},{"geometry":{"coordinates":[[-121.485894,38.586837],[-121.484565,38.586482]],"type":"LineString"},"id":"REF-SACRAMENTO-LOCAL-ROADS-606","properties":{"canon_status":"REAL_REFERENCE","county_route":null,"federal_lands_route":null,"fictionality":"REAL","globalid":"{9FFA5C9A-F967-4045-8A78-FB3554CC069E}","interstate":null,"interstate_a":null,"interstate_b":null,"interstate_c":null,"loaddate":1533980488000,"mtfcc_code":"S1400","name":"C St","objectid":28605506,"permanent_identifier":"71f147c0-5eec-4530-847c-456e34bba3e6","real_world_relation":"REFERENCE_ONLY","shape_Length":156.34349585258033,"source_datadesc":"2016 October MAFTIGER","source_datasetid":"{155E1578-FAD5-4709-A194-6F828C31A01F}","source_featureid":"110873834267","source_id":"REF-SACRAMENTO-LOCAL-ROADS","source_originator":"U.S. Department of Commerce, U.S. Census Bureau, Geography Division","state_route":null,"state_route_a":null,"state_route_b":null,"state_route_c":null,"stco_fipscode":"06067","tnmfrc":4,"us_route":null,"us_route_a":null,"us_route_b":null,"us_route_c":null},"type":"Feature"},{"geometry":{"coordinates":[[-121.509791,38.589791],[-121.510062,38.589822],[-121.510498,38.589873]],"type":"LineString"},"id":"REF-SACRAMENTO-LOCAL-ROADS-607","properties":{"canon_status":"REAL_REFERENCE","county_route":null,"federal_lands_route":null,"fictionality":"REAL","globalid":"{4023580B-7EAF-43D3-8F3D-1645C7E0D716}","interstate":null,"interstate_a":null,"interstate_b":null,"interstate_c":null,"loaddate":1533980955000,"mtfcc_code":"S1400","name":"B St","objectid":28606166,"permanent_identifier":"1e9c8880-bed0-4941-bde2-c3f7fea02ca5","real_world_relation":"REFERENCE_ONLY","shape_Length":79.56473543706531,"source_datadesc":"2016 October MAFTIGER","source_datasetid":"{155E1578-FAD5-4709-A194-6F828C31A01F}","source_featureid":"110758799856","source_id":"REF-SACRAMENTO-LOCAL-ROADS","source_originator":"U.S. Department of Commerce, U.S. Census Bureau, Geography Division","state_route":null,"state_route_a":null,"state_route_b":null,"state_route_c":null,"stco_fipscode":"06113","tnmfrc":4,"us_route":null,"us_route_a":null,"us_route_b":null,"us_route_c":null},"type":"Feature"},{"geometry":{"coordinates":[[-121.492464,38.586147],[-121.491107,38.585785]],"type":"LineString"},"id":"REF-SACRAMENTO-LOCAL-ROADS-608","properties":{"canon_status":"REAL_REFERENCE","county_route":null,"federal_lands_route":null,"fictionality":"REAL","globalid":"{2A48C82E-10EA-4C7E-AC10-0B3449F5D6F2}","interstate":null,"interstate_a":null,"interstate_b":null,"interstate_c":null,"loaddate":1533980634000,"mtfcc_code":"S1400","name":"E St","objectid":28733963,"permanent_identifier":"564ac3ef-04d2-4a39-8cad-e5b0cfb7ef67","real_world_relation":"REFERENCE_ONLY","shape_Length":159.61524673898023,"source_datadesc":"2016 October MAFTIGER","source_datasetid":"{155E1578-FAD5-4709-A194-6F828C31A01F}","source_featureid":"110873834356","source_id":"REF-SACRAMENTO-LOCAL-ROADS","source_originator":"U.S. Department of Commerce, U.S. Census Bureau, Geography Division","state_route":null,"state_route_a":null,"state_route_b":null,"state_route_c":null,"stco_fipscode":"06067","tnmfrc":4,"us_route":null,"us_route_a":null,"us_route_b":null,"us_route_c":null},"type":"Feature"},{"geometry":{"coordinates":[[-121.464197,38.607452],[-121.464142,38.607477],[-121.463548,38.607797]],"type":"LineString"},"id":"REF-SACRAMENTO-LOCAL-ROADS-609","properties":{"canon_status":"REAL_REFERENCE","county_route":null,"federal_lands_route":null,"fictionality":"REAL","globalid":"{1540F116-1DA7-4AC7-B79C-A1631D8D31FA}","interstate":null,"interstate_a":null,"interstate_b":null,"interstate_c":null,"loaddate":1533980578000,"mtfcc_code":"S1400","name":"Traction Ave","objectid":28734041,"permanent_identifier":"ca503da1-45d3-4bc5-a8eb-c5c5b05adf52","real_world_relation":"REFERENCE_ONLY","shape_Length":87.39732742831171,"source_datadesc":"2016 October MAFTIGER","source_datasetid":"{155E1578-FAD5-4709-A194-6F828C31A01F}","source_featureid":"110874108284","source_id":"REF-SACRAMENTO-LOCAL-ROADS","source_originator":"U.S. Department of Commerce, U.S. Census Bureau, Geography Division","state_route":null,"state_route_a":null,"state_route_b":null,"state_route_c":null,"stco_fipscode":"06067","tnmfrc":4,"us_route":null,"us_route_a":null,"us_route_b":null,"us_route_c":null},"type":"Feature"},{"geometry":{"coordinates":[[-121.489649,38.58051],[-121.48875,38.580271]],"type":"LineString"},"id":"REF-SACRAMENTO-LOCAL-ROADS-610","properties":{"canon_status":"REAL_REFERENCE","county_route":null,"federal_lands_route":null,"fictionality":"REAL","globalid":"{3E3B0DD8-DE00-4005-8D54-4EB209A97AB3}","interstate":null,"interstate_a":null,"interstate_b":null,"interstate_c":null,"loaddate":1533980547000,"mtfcc_code":"S1400","name":"I St","objectid":28862315,"permanent_identifier":"1b7fc402-34bc-45dc-ac28-461bee3fbe2c","real_world_relation":"REFERENCE_ONLY","shape_Length":105.7050545519075,"source_datadesc":"2016 October MAFTIGER","source_datasetid":"{155E1578-FAD5-4709-A194-6F828C31A01F}","source_featureid":"110873834453","source_id":"REF-SACRAMENTO-LOCAL-ROADS","source_originator":"U.S. Department of Commerce, U.S. Census Bureau, Geography Division","state_route":null,"state_route_a":null,"state_route_b":null,"state_route_c":null,"stco_fipscode":"06067","tnmfrc":4,"us_route":null,"us_route_a":null,"us_route_b":null,"us_route_c":null},"type":"Feature"},{"geometry":{"coordinates":[[-121.502618,38.59721],[-121.502411,38.597231],[-121.502243,38.597239]],"type":"LineString"},"id":"REF-SACRAMENTO-LOCAL-ROADS-611","properties":{"canon_status":"REAL_REFERENCE","county_route":null,"federal_lands_route":null,"fictionality":"REAL","globalid":"{A704F26D-D908-43F2-B889-4AD8DFDAD9D1}","interstate":null,"interstate_a":null,"interstate_b":null,"interstate_c":null,"loaddate":1533980419000,"mtfcc_code":"S1400","name":"Richards Blvd","objectid":28862732,"permanent_identifier":"fe5925bf-3bb2-4af9-a102-13b7337722a0","real_world_relation":"REFERENCE_ONLY","shape_Length":41.972801204253784,"source_datadesc":"2016 October MAFTIGER","source_datasetid":"{155E1578-FAD5-4709-A194-6F828C31A01F}","source_featureid":"110874105498","source_id":"REF-SACRAMENTO-LOCAL-ROADS","source_originator":"U.S. Department of Commerce, U.S. Census Bureau, Geography Division","state_route":null,"state_route_a":null,"state_route_b":null,"state_route_c":null,"stco_fipscode":"06067","tnmfrc":4,"us_route":null,"us_route_a":null,"us_route_b":null,"us_route_c":null},"type":"Feature"},{"geometry":{"coordinates":[[-121.510498,38.589873],[-121.510577,38.589485]],"type":"LineString"},"id":"REF-SACRAMENTO-LOCAL-ROADS-612","properties":{"canon_status":"REAL_REFERENCE","county_route":null,"federal_lands_route":null,"fictionality":"REAL","globalid":"{54CFAE41-07A7-42DC-8A9F-0FC623F2AF2F}","interstate":null,"interstate_a":null,"interstate_b":null,"interstate_c":null,"loaddate":1533980953000,"mtfcc_code":"S1400","name":"Washington Pl","objectid":28863433,"permanent_identifier":"77ed65b4-6a30-4a47-881d-0183e776e38c","real_world_relation":"REFERENCE_ONLY","shape_Length":55.954022072503186,"source_datadesc":"2016 October MAFTIGER","source_datasetid":"{155E1578-FAD5-4709-A194-6F828C31A01F}","source_featureid":"1103718080191","source_id":"REF-SACRAMENTO-LOCAL-ROADS","source_originator":"U.S. Department of Commerce, U.S. Census Bureau, Geography Division","state_route":null,"state_route_a":null,"state_route_b":null,"state_route_c":null,"stco_fipscode":"06113","tnmfrc":4,"us_route":null,"us_route_a":null,"us_route_b":null,"us_route_c":null},"type":"Feature"},{"geometry":{"coordinates":[[-121.485278,38.584843],[-121.485517,38.584293]],"type":"LineString"},"id":"REF-SACRAMENTO-LOCAL-ROADS-613","properties":{"canon_status":"REAL_REFERENCE","county_route":null,"federal_lands_route":null,"fictionality":"REAL","globalid":"{E0319C3D-89AB-4C5B-BD16-E2B2C293C436}","interstate":null,"interstate_a":null,"interstate_b":null,"interstate_c":null,"loaddate":1533980436000,"mtfcc_code":"S1400","name":"14th St","objectid":28991539,"permanent_identifier":"66416094-5dcf-4f6e-a69a-caeb3b8eda50","real_world_relation":"REFERENCE_ONLY","shape_Length":82.72029747017066,"source_datadesc":"2016 October MAFTIGER","source_datasetid":"{155E1578-FAD5-4709-A194-6F828C31A01F}","source_featureid":"110873854979","source_id":"REF-SACRAMENTO-LOCAL-ROADS","source_originator":"U.S. Department of Commerce, U.S. Census Bureau, Geography Division","state_route":null,"state_route_a":null,"state_route_b":null,"state_route_c":null,"stco_fipscode":"06067","tnmfrc":4,"us_route":null,"us_route_a":null,"us_route_b":null,"us_route_c":null},"type":"Feature"},{"geometry":{"coordinates":[[-121.511775,38.590031],[-121.512238,38.590091],[-121.512511,38.590126]],"type":"LineString"},"id":"REF-SACRAMENTO-LOCAL-ROADS-614","properties":{"canon_status":"REAL_REFERENCE","county_route":null,"federal_lands_route":null,"fictionality":"REAL","globalid":"{31F902D2-C89B-4529-9B6A-E5E4A026FFE4}","interstate":null,"interstate_a":null,"interstate_b":null,"interstate_c":null,"loaddate":1533980955000,"mtfcc_code":"S1400","name":"B St","objectid":28991810,"permanent_identifier":"ef342537-5319-4c18-9c25-68e081e74e25","real_world_relation":"REFERENCE_ONLY","shape_Length":83.04086048123276,"source_datadesc":"2016 October MAFTIGER","source_datasetid":"{155E1578-FAD5-4709-A194-6F828C31A01F}","source_featureid":"110758799856","source_id":"REF-SACRAMENTO-LOCAL-ROADS","source_originator":"U.S. Department of Commerce, U.S. Census Bureau, Geography Division","state_route":null,"state_route_a":null,"state_route_b":null,"state_route_c":null,"stco_fipscode":"06113","tnmfrc":4,"us_route":null,"us_route_a":null,"us_route_b":null,"us_route_c":null},"type":"Feature"},{"geometry":{"coordinates":[[-121.491892,38.580508],[-121.492128,38.579959]],"type":"LineString"},"id":"REF-SACRAMENTO-LOCAL-ROADS-615","properties":{"canon_status":"REAL_REFERENCE","county_route":null,"federal_lands_route":null,"fictionality":"REAL","globalid":"{08F448A0-8B53-41F8-A066-6ABA55670ADA}","interstate":null,"interstate_a":null,"interstate_b":null,"interstate_c":null,"loaddate":1533980529000,"mtfcc_code":"S1400","name":"11th St","objectid":28991948,"permanent_identifier":"704f5ea3-0fd1-43db-9c35-32643b658479","real_world_relation":"REFERENCE_ONLY","shape_Length":82.4739648058862,"source_datadesc":"2016 October MAFTIGER","source_datasetid":"{155E1578-FAD5-4709-A194-6F828C31A01F}","source_featureid":"110873853109","source_id":"REF-SACRAMENTO-LOCAL-ROADS","source_originator":"U.S. Department of Commerce, U.S. Census Bureau, Geography Division","state_route":null,"state_route_a":null,"state_route_b":null,"state_route_c":null,"stco_fipscode":"06067","tnmfrc":4,"us_route":null,"us_route_a":null,"us_route_b":null,"us_route_c":null},"type":"Feature"},{"geometry":{"coordinates":[[-121.475614,38.60582],[-121.475619,38.605065]],"type":"LineString"},"id":"REF-SACRAMENTO-LOCAL-ROADS-616","properties":{"canon_status":"REAL_REFERENCE","county_route":null,"federal_lands_route":null,"fictionality":"REAL","globalid":"{006BC0CE-3824-41B7-9FEA-52DEEBA6D6C6}","interstate":null,"interstate_a":null,"interstate_b":null,"interstate_c":null,"loaddate":1533980503000,"mtfcc_code":"S1400","name":"Northgate Blvd","objectid":29120119,"permanent_identifier":"e22b469f-e6dc-4ee1-a730-986816c1e430","real_world_relation":"REFERENCE_ONLY","shape_Length":107.55154026461815,"source_datadesc":"2016 October MAFTIGER","source_datasetid":"{155E1578-FAD5-4709-A194-6F828C31A01F}","source_featureid":"110874149115","source_id":"REF-SACRAMENTO-LOCAL-ROADS","source_originator":"U.S. Department of Commerce, U.S. Census Bureau, Geography Division","state_route":null,"state_route_a":null,"state_route_b":null,"state_route_c":null,"stco_fipscode":"06067","tnmfrc":4,"us_route":null,"us_route_a":null,"us_route_b":null,"us_route_c":null},"type":"Feature"},{"geometry":{"coordinates":[[-121.473238,38.598434],[-121.471516,38.599523]],"type":"LineString"},"id":"REF-SACRAMENTO-LOCAL-ROADS-617","properties":{"canon_status":"REAL_REFERENCE","county_route":null,"federal_lands_route":null,"fictionality":"REAL","globalid":"{D6190F2B-1FE7-4FE1-9050-622EE5D703DA}","interstate":null,"interstate_a":null,"interstate_b":null,"interstate_c":null,"loaddate":1533980548000,"mtfcc_code":"S1400","name":"Paso Blvd","objectid":29376919,"permanent_identifier":"90fe0fd3-9560-4dab-94fd-1c4074d60367","real_world_relation":"REFERENCE_ONLY","shape_Length":246.5896159114726,"source_datadesc":"2016 October MAFTIGER","source_datasetid":"{155E1578-FAD5-4709-A194-6F828C31A01F}","source_featureid":"110873935611","source_id":"REF-SACRAMENTO-LOCAL-ROADS","source_originator":"U.S. Department of Commerce, U.S. Census Bureau, Geography Division","state_route":null,"state_route_a":null,"state_route_b":null,"state_route_c":null,"stco_fipscode":"06067","tnmfrc":4,"us_route":null,"us_route_a":null,"us_route_b":null,"us_route_c":null},"type":"Feature"},{"geometry":{"coordinates":[[-121.482073,38.590704],[-121.481652,38.591687]],"type":"LineString"},"id":"REF-SACRAMENTO-LOCAL-ROADS-618","properties":{"canon_status":"REAL_REFERENCE","county_route":null,"federal_lands_route":null,"fictionality":"REAL","globalid":"{E3503809-AEA3-4886-BFD1-BA0AA2CB8135}","interstate":null,"interstate_a":null,"interstate_b":null,"interstate_c":null,"loaddate":1533980475000,"mtfcc_code":"S1400","name":"Ahern St","objectid":29376996,"permanent_identifier":"1b260b91-6a0e-4ca6-bc78-ed56a5b1e69a","real_world_relation":"REFERENCE_ONLY","shape_Length":147.63690287977923,"source_datadesc":"2016 October MAFTIGER","source_datasetid":"{155E1578-FAD5-4709-A194-6F828C31A01F}","source_featureid":"110873936315","source_id":"REF-SACRAMENTO-LOCAL-ROADS","source_originator":"U.S. Department of Commerce, U.S. Census Bureau, Geography Division","state_route":null,"state_route_a":null,"state_route_b":null,"state_route_c":null,"stco_fipscode":"06067","tnmfrc":4,"us_route":null,"us_route_a":null,"us_route_b":null,"us_route_c":null},"type":"Feature"},{"geometry":{"coordinates":[[-121.512681,38.588819],[-121.512853,38.58884],[-121.513324,38.588899],[-121.513371,38.588901],[-121.513495,38.588909],[-121.513544,38.5889],[-121.513621,38.588886],[-121.513644,38.588883],[-121.513839,38.588797],[-121.513911,38.588766]],"type":"LineString"},"id":"REF-SACRAMENTO-LOCAL-ROADS-619","properties":{"canon_status":"REAL_REFERENCE","county_route":null,"federal_lands_route":null,"fictionality":"REAL","globalid":"{4E12D691-FC12-4228-87FB-86813AA6ACCC}","interstate":null,"interstate_a":null,"interstate_b":null,"interstate_c":null,"loaddate":1533980958000,"mtfcc_code":"S1400","name":"C St","objectid":29377122,"permanent_identifier":"7f46b9b3-e8be-4009-8d96-276a29e84c57","real_world_relation":"REFERENCE_ONLY","shape_Length":142.64420720537217,"source_datadesc":"2016 October MAFTIGER","source_datasetid":"{155E1578-FAD5-4709-A194-6F828C31A01F}","source_featureid":"110758799858","source_id":"REF-SACRAMENTO-LOCAL-ROADS","source_originator":"U.S. Department of Commerce, U.S. Census Bureau, Geography Division","state_route":null,"state_route_a":null,"state_route_b":null,"state_route_c":null,"stco_fipscode":"06113","tnmfrc":4,"us_route":null,"us_route_a":null,"us_route_b":null,"us_route_c":null},"type":"Feature"},{"geometry":{"coordinates":[[-121.505091,38.580952],[-121.505169,38.580772],[-121.505259,38.58062],[-121.505312,38.58055]],"type":"LineString"},"id":"REF-SACRAMENTO-LOCAL-ROADS-620","properties":{"canon_status":"REAL_REFERENCE","county_route":null,"federal_lands_route":null,"fictionality":"REAL","globalid":"{A1BBCCA7-41CE-411E-9C2E-A159EDBEEDAD}","interstate":null,"interstate_a":null,"interstate_b":null,"interstate_c":null,"loaddate":1533980624000,"mtfcc_code":"S1400","name":"2nd St","objectid":29505111,"permanent_identifier":"dfb58c5f-5699-4241-9758-d52625001dff","real_world_relation":"REFERENCE_ONLY","shape_Length":62.49754137092049,"source_datadesc":"2016 October MAFTIGER","source_datasetid":"{155E1578-FAD5-4709-A194-6F828C31A01F}","source_featureid":"1105598239669","source_id":"REF-SACRAMENTO-LOCAL-ROADS","source_originator":"U.S. Department of Commerce, U.S. Census Bureau, Geography Division","state_route":null,"state_route_a":null,"state_route_b":null,"state_route_c":null,"stco_fipscode":"06067","tnmfrc":4,"us_route":null,"us_route_a":null,"us_route_b":null,"us_route_c":null},"type":"Feature"},{"geometry":{"coordinates":[[-121.502867,38.579103],[-121.50335,38.57799]],"type":"LineString"},"id":"REF-SACRAMENTO-LOCAL-ROADS-621","properties":{"canon_status":"REAL_REFERENCE","county_route":null,"federal_lands_route":null,"fictionality":"REAL","globalid":"{4F50E163-ADE7-42FA-96C2-ECC29865C4FB}","interstate":null,"interstate_a":null,"interstate_b":null,"interstate_c":null,"loaddate":1533980446000,"mtfcc_code":"S1400","name":"4th St","objectid":29634168,"permanent_identifier":"9e3eacdc-38ad-4227-b407-83d2f71f3830","real_world_relation":"REFERENCE_ONLY","shape_Length":167.35999728881083,"source_datadesc":"2016 October MAFTIGER","source_datasetid":"{155E1578-FAD5-4709-A194-6F828C31A01F}","source_featureid":"110873852039","source_id":"REF-SACRAMENTO-LOCAL-ROADS","source_originator":"U.S. Department of Commerce, U.S. Census Bureau, Geography Division","state_route":null,"state_route_a":null,"state_route_b":null,"state_route_c":null,"stco_fipscode":"06067","tnmfrc":4,"us_route":null,"us_route_a":null,"us_route_b":null,"us_route_c":null},"type":"Feature"},{"geometry":{"coordinates":[[-121.495537,38.579026],[-121.495777,38.57847]],"type":"LineString"},"id":"REF-SACRAMENTO-LOCAL-ROADS-622","properties":{"canon_status":"REAL_REFERENCE","county_route":null,"federal_lands_route":null,"fictionality":"REAL","globalid":"{0FCE67BB-6CDB-485B-B0D5-A48EB897D14C}","interstate":null,"interstate_a":null,"interstate_b":null,"interstate_c":null,"loaddate":1533980534000,"mtfcc_code":"S1400","name":"9th St","objectid":29762485,"permanent_identifier":"a8746895-c648-4223-9108-0981513e3447","real_world_relation":"REFERENCE_ONLY","shape_Length":83.55923640085113,"source_datadesc":"2016 October MAFTIGER","source_datasetid":"{155E1578-FAD5-4709-A194-6F828C31A01F}","source_featureid":"110873852404","source_id":"REF-SACRAMENTO-LOCAL-ROADS","source_originator":"U.S. Department of Commerce, U.S. Census Bureau, Geography Division","state_route":null,"state_route_a":null,"state_route_b":null,"state_route_c":null,"stco_fipscode":"06067","tnmfrc":4,"us_route":null,"us_route_a":null,"us_route_b":null,"us_route_c":null},"type":"Feature"},{"geometry":{"coordinates":[[-121.468287,38.603818],[-121.466744,38.603781]],"type":"LineString"},"id":"REF-SACRAMENTO-LOCAL-ROADS-623","properties":{"canon_status":"REAL_REFERENCE","county_route":null,"federal_lands_route":null,"fictionality":"REAL","globalid":"{2A641A80-E090-4FF7-99A3-712D2EF2D3E9}","interstate":null,"interstate_a":null,"interstate_b":null,"interstate_c":null,"loaddate":1533980525000,"mtfcc_code":"S1400","name":"el Monte Ave","objectid":29762490,"permanent_identifier":"bc251b56-20d5-4b11-8f17-e7fb6e546448","real_world_relation":"REFERENCE_ONLY","shape_Length":171.8468445484103,"source_datadesc":"2016 October MAFTIGER","source_datasetid":"{155E1578-FAD5-4709-A194-6F828C31A01F}","source_featureid":"110873973955","source_id":"REF-SACRAMENTO-LOCAL-ROADS","source_originator":"U.S. Department of Commerce, U.S. Census Bureau, Geography Division","state_route":null,"state_route_a":null,"state_route_b":null,"state_route_c":null,"stco_fipscode":"06067","tnmfrc":4,"us_route":null,"us_route_a":null,"us_route_b":null,"us_route_c":null},"type":"Feature"},{"geometry":{"coordinates":[[-121.49377,38.586496],[-121.492464,38.586147]],"type":"LineString"},"id":"REF-SACRAMENTO-LOCAL-ROADS-624","properties":{"canon_status":"REAL_REFERENCE","county_route":null,"federal_lands_route":null,"fictionality":"REAL","globalid":"{75E0A370-5780-4C84-B5CB-E5F8DD0329EB}","interstate":null,"interstate_a":null,"interstate_b":null,"interstate_c":null,"loaddate":1533980634000,"mtfcc_code":"S1400","name":"E St","objectid":29763119,"permanent_identifier":"78ba095a-cdc2-4486-86d5-34d01790baa8","real_world_relation":"REFERENCE_ONLY","shape_Length":153.6442439732832,"source_datadesc":"2016 October MAFTIGER","source_datasetid":"{155E1578-FAD5-4709-A194-6F828C31A01F}","source_featureid":"110873834356","source_id":"REF-SACRAMENTO-LOCAL-ROADS","source_originator":"U.S. Department of Commerce, U.S. Census Bureau, Geography Division","state_route":null,"state_route_a":null,"state_route_b":null,"state_route_c":null,"stco_fipscode":"06067","tnmfrc":4,"us_route":null,"us_route_a":null,"us_route_b":null,"us_route_c":null},"type":"Feature"},{"geometry":{"coordinates":[[-121.484183,38.583937],[-121.482856,38.583583]],"type":"LineString"},"id":"REF-SACRAMENTO-LOCAL-ROADS-625","properties":{"canon_status":"REAL_REFERENCE","county_route":null,"federal_lands_route":null,"fictionality":"REAL","globalid":"{17079D7E-E39D-403A-B3C4-9FCEF871FF82}","interstate":null,"interstate_a":null,"interstate_b":null,"interstate_c":null,"loaddate":1533980634000,"mtfcc_code":"S1400","name":"E St","objectid":29891679,"permanent_identifier":"3e970e3f-3d93-48b2-934c-39e784f71677","real_world_relation":"REFERENCE_ONLY","shape_Length":156.08614208162638,"source_datadesc":"2016 October MAFTIGER","source_datasetid":"{155E1578-FAD5-4709-A194-6F828C31A01F}","source_featureid":"110873834356","source_id":"REF-SACRAMENTO-LOCAL-ROADS","source_originator":"U.S. Department of Commerce, U.S. Census Bureau, Geography Division","state_route":null,"state_route_a":null,"state_route_b":null,"state_route_c":null,"stco_fipscode":"06067","tnmfrc":4,"us_route":null,"us_route_a":null,"us_route_b":null,"us_route_c":null},"type":"Feature"},{"geometry":{"coordinates":[[-121.482803,38.587116],[-121.483231,38.586128]],"type":"LineString"},"id":"REF-SACRAMENTO-LOCAL-ROADS-626","properties":{"canon_status":"REAL_REFERENCE","county_route":null,"federal_lands_route":null,"fictionality":"REAL","globalid":"{1ED3996D-9970-43AA-BE19-D913710506E2}","interstate":null,"interstate_a":null,"interstate_b":null,"interstate_c":null,"loaddate":1533980542000,"mtfcc_code":"S1400","name":"15th St","objectid":30019828,"permanent_identifier":"f85ceeef-f6c8-4dfb-98a9-28cf9c1a5730","real_world_relation":"REFERENCE_ONLY","shape_Length":148.5519751987085,"source_datadesc":"2016 October MAFTIGER","source_datasetid":"{155E1578-FAD5-4709-A194-6F828C31A01F}","source_featureid":"110873856151","source_id":"REF-SACRAMENTO-LOCAL-ROADS","source_originator":"U.S. Department of Commerce, U.S. Census Bureau, Geography Division","state_route":null,"state_route_a":null,"state_route_b":null,"state_route_c":null,"stco_fipscode":"06067","tnmfrc":4,"us_route":null,"us_route_a":null,"us_route_b":null,"us_route_c":null},"type":"Feature"},{"geometry":{"coordinates":[[-121.49117,38.595897],[-121.490733,38.596908]],"type":"LineString"},"id":"REF-SACRAMENTO-LOCAL-ROADS-627","properties":{"canon_status":"REAL_REFERENCE","county_route":null,"federal_lands_route":null,"fictionality":"REAL","globalid":"{794626FC-2526-4643-A3D0-27F27D745FE1}","interstate":null,"interstate_a":null,"interstate_b":null,"interstate_c":null,"loaddate":1533980480000,"mtfcc_code":"S1400","name":"N 7th St","objectid":30020023,"permanent_identifier":"0a289245-122a-474f-84ab-0dfca8033cce","real_world_relation":"REFERENCE_ONLY","shape_Length":151.99440720729459,"source_datadesc":"2016 October MAFTIGER","source_datasetid":"{155E1578-FAD5-4709-A194-6F828C31A01F}","source_featureid":"110873852308","source_id":"REF-SACRAMENTO-LOCAL-ROADS","source_originator":"U.S. Department of Commerce, U.S. Census Bureau, Geography Division","state_route":null,"state_route_a":null,"state_route_b":null,"state_route_c":null,"stco_fipscode":"06067","tnmfrc":4,"us_route":null,"us_route_a":null,"us_route_b":null,"us_route_c":null},"type":"Feature"},{"geometry":{"coordinates":[[-121.498795,38.581737],[-121.498729,38.58172]],"type":"LineString"},"id":"REF-SACRAMENTO-LOCAL-ROADS-628","properties":{"canon_status":"REAL_REFERENCE","county_route":null,"federal_lands_route":null,"fictionality":"REAL","globalid":"{046DAE1F-8874-4D63-B3CA-F6B4C9CBD8DC}","interstate":null,"interstate_a":null,"interstate_b":null,"interstate_c":null,"loaddate":1533980577000,"mtfcc_code":"S1400","name":"J St","objectid":30020041,"permanent_identifier":"423178e6-3551-4cbd-a154-286d1a1e6d24","real_world_relation":"REFERENCE_ONLY","shape_Length":7.735641604733374,"source_datadesc":"2016 October MAFTIGER","source_datasetid":"{155E1578-FAD5-4709-A194-6F828C31A01F}","source_featureid":"110873834491","source_id":"REF-SACRAMENTO-LOCAL-ROADS","source_originator":"U.S. Department of Commerce, U.S. Census Bureau, Geography Division","state_route":null,"state_route_a":null,"state_route_b":null,"state_route_c":null,"stco_fipscode":"06067","tnmfrc":4,"us_route":null,"us_route_a":null,"us_route_b":null,"us_route_c":null},"type":"Feature"},{"geometry":{"coordinates":[[-121.502378,38.580229],[-121.501063,38.579879]],"type":"LineString"},"id":"REF-SACRAMENTO-LOCAL-ROADS-629","properties":{"canon_status":"REAL_REFERENCE","county_route":null,"federal_lands_route":null,"fictionality":"REAL","globalid":"{ED131EC1-C2F5-4327-AF00-1CE366682798}","interstate":null,"interstate_a":null,"interstate_b":null,"interstate_c":null,"loaddate":1533980552000,"mtfcc_code":"S1400","name":"L St","objectid":30020166,"permanent_identifier":"30cfde44-5ea2-48e5-ad95-e7fe347dba9f","real_world_relation":"REFERENCE_ONLY","shape_Length":154.63716363956271,"source_datadesc":"2016 October MAFTIGER","source_datasetid":"{155E1578-FAD5-4709-A194-6F828C31A01F}","source_featureid":"110873834539","source_id":"REF-SACRAMENTO-LOCAL-ROADS","source_originator":"U.S. Department of Commerce, U.S. Census Bureau, Geography Division","state_route":null,"state_route_a":null,"state_route_b":null,"state_route_c":null,"stco_fipscode":"06067","tnmfrc":4,"us_route":null,"us_route_a":null,"us_route_b":null,"us_route_c":null},"type":"Feature"},{"geometry":{"coordinates":[[-121.48872,38.591277],[-121.488128,38.592652],[-121.487783,38.593453]],"type":"LineString"},"id":"REF-SACRAMENTO-LOCAL-ROADS-630","properties":{"canon_status":"REAL_REFERENCE","county_route":null,"federal_lands_route":null,"fictionality":"REAL","globalid":"{F5942B9C-942F-46EF-9997-5B4613D17B49}","interstate":null,"interstate_a":null,"interstate_b":null,"interstate_c":null,"loaddate":1533980470000,"mtfcc_code":"S1400","name":"N 10th St","objectid":30148005,"permanent_identifier":"00f1af40-6f98-4663-8bda-5a0c809d379b","real_world_relation":"REFERENCE_ONLY","shape_Length":326.9978081071042,"source_datadesc":"2016 October MAFTIGER","source_datasetid":"{155E1578-FAD5-4709-A194-6F828C31A01F}","source_featureid":"110873853081","source_id":"REF-SACRAMENTO-LOCAL-ROADS","source_originator":"U.S. Department of Commerce, U.S. Census Bureau, Geography Division","state_route":null,"state_route_a":null,"state_route_b":null,"state_route_c":null,"stco_fipscode":"06067","tnmfrc":4,"us_route":null,"us_route_a":null,"us_route_b":null,"us_route_c":null},"type":"Feature"},{"geometry":{"coordinates":[[-121.50848,38.589657],[-121.508728,38.588386]],"type":"LineString"},"id":"REF-SACRAMENTO-LOCAL-ROADS-631","properties":{"canon_status":"REAL_REFERENCE","county_route":null,"federal_lands_route":null,"fictionality":"REAL","globalid":"{65462D23-7B8D-4A58-8F05-57DAE749A920}","interstate":null,"interstate_a":null,"interstate_b":null,"interstate_c":null,"loaddate":1533980958000,"mtfcc_code":"S1400","name":"2nd St","objectid":30148660,"permanent_identifier":"b83a84ad-2728-4f2a-ad00-8ed4817251bd","real_world_relation":"REFERENCE_ONLY","shape_Length":183.1062680089709,"source_datadesc":"2016 October MAFTIGER","source_datasetid":"{155E1578-FAD5-4709-A194-6F828C31A01F}","source_featureid":"110758800251","source_id":"REF-SACRAMENTO-LOCAL-ROADS","source_originator":"U.S. Department of Commerce, U.S. Census Bureau, Geography Division","state_route":null,"state_route_a":null,"state_route_b":null,"state_route_c":null,"stco_fipscode":"06113","tnmfrc":4,"us_route":null,"us_route_a":null,"us_route_b":null,"us_route_c":null},"type":"Feature"},{"geometry":{"coordinates":[[-121.466329,38.606437],[-121.466554,38.606428],[-121.467197,38.606402],[-121.467639,38.606364],[-121.467731,38.606356]],"type":"LineString"},"id":"REF-SACRAMENTO-LOCAL-ROADS-632","properties":{"canon_status":"REAL_REFERENCE","county_route":null,"federal_lands_route":null,"fictionality":"REAL","globalid":"{4C8A3529-063A-4ACC-B5D3-F44CF1658469}","interstate":null,"interstate_a":null,"interstate_b":null,"interstate_c":null,"loaddate":1533980481000,"mtfcc_code":"S1400","name":"Arden Garden Con","objectid":30277106,"permanent_identifier":"c547d581-5fd9-439b-aafc-59d34f6e51f8","real_world_relation":"REFERENCE_ONLY","shape_Length":156.55863965678907,"source_datadesc":"2016 October MAFTIGER","source_datasetid":"{155E1578-FAD5-4709-A194-6F828C31A01F}","source_featureid":"110874184115","source_id":"REF-SACRAMENTO-LOCAL-ROADS","source_originator":"U.S. Department of Commerce, U.S. Census Bureau, Geography Division","state_route":null,"state_route_a":null,"state_route_b":null,"state_route_c":null,"stco_fipscode":"06067","tnmfrc":4,"us_route":null,"us_route_a":null,"us_route_b":null,"us_route_c":null},"type":"Feature"},{"geometry":{"coordinates":[[-121.468899,38.608471],[-121.471774,38.608502]],"type":"LineString"},"id":"REF-SACRAMENTO-LOCAL-ROADS-633","properties":{"canon_status":"REAL_REFERENCE","county_route":null,"federal_lands_route":null,"fictionality":"REAL","globalid":"{3A72DC90-E235-420C-8118-2D993ADA37A4}","interstate":null,"interstate_a":null,"interstate_b":null,"interstate_c":null,"loaddate":1533980601000,"mtfcc_code":"S1400","name":"Harding Ave","objectid":30277141,"permanent_identifier":"f07a34d9-8ecc-4c6a-b1d7-b9bf6209621a","real_world_relation":"REFERENCE_ONLY","shape_Length":320.07406617918497,"source_datadesc":"2016 October MAFTIGER","source_datasetid":"{155E1578-FAD5-4709-A194-6F828C31A01F}","source_featureid":"110873965866","source_id":"REF-SACRAMENTO-LOCAL-ROADS","source_originator":"U.S. Department of Commerce, U.S. Census Bureau, Geography Division","state_route":null,"state_route_a":null,"state_route_b":null,"state_route_c":null,"stco_fipscode":"06067","tnmfrc":4,"us_route":null,"us_route_a":null,"us_route_b":null,"us_route_c":null},"type":"Feature"},{"geometry":{"coordinates":[[-121.464082,38.582237],[-121.463307,38.582028]],"type":"LineString"},"id":"REF-SACRAMENTO-LOCAL-ROADS-634","properties":{"canon_status":"REAL_REFERENCE","county_route":null,"federal_lands_route":null,"fictionality":"REAL","globalid":"{7B072B87-C2A0-4412-903D-07386BF33AA6}","interstate":null,"interstate_a":null,"interstate_b":null,"interstate_c":null,"loaddate":1533980582000,"mtfcc_code":"S1400","name":"B St","objectid":30277603,"permanent_identifier":"8e5a05bd-c2f8-452a-ad35-b2094345c6a0","real_world_relation":"REFERENCE_ONLY","shape_Length":91.26208367414952,"source_datadesc":"2016 October MAFTIGER","source_datasetid":"{155E1578-FAD5-4709-A194-6F828C31A01F}","source_featureid":"110873834229","source_id":"REF-SACRAMENTO-LOCAL-ROADS","source_originator":"U.S. Department of Commerce, U.S. Census Bureau, Geography Division","state_route":null,"state_route_a":null,"state_route_b":null,"state_route_c":null,"stco_fipscode":"06067","tnmfrc":4,"us_route":null,"us_route_a":null,"us_route_b":null,"us_route_c":null},"type":"Feature"},{"geometry":{"coordinates":[[-121.482243,38.581579],[-121.482478,38.581039]],"type":"LineString"},"id":"REF-SACRAMENTO-LOCAL-ROADS-635","properties":{"canon_status":"REAL_REFERENCE","county_route":null,"federal_lands_route":null,"fictionality":"REAL","globalid":"{567026F9-FB34-402F-9670-C78F2CA02B22}","interstate":null,"interstate_a":null,"interstate_b":null,"interstate_c":null,"loaddate":1533980445000,"mtfcc_code":"S1400","name":"17th St","objectid":30278083,"permanent_identifier":"fac31d78-2091-49bc-a961-bd813c295b43","real_world_relation":"REFERENCE_ONLY","shape_Length":81.22537139800302,"source_datadesc":"2016 October MAFTIGER","source_datasetid":"{155E1578-FAD5-4709-A194-6F828C31A01F}","source_featureid":"110873857859","source_id":"REF-SACRAMENTO-LOCAL-ROADS","source_originator":"U.S. Department of Commerce, U.S. Census Bureau, Geography Division","state_route":null,"state_route_a":null,"state_route_b":null,"state_route_c":null,"stco_fipscode":"06067","tnmfrc":4,"us_route":null,"us_route_a":null,"us_route_b":null,"us_route_c":null},"type":"Feature"},{"geometry":{"coordinates":[[-121.46619,38.602765],[-121.466213,38.60294],[-121.466233,38.603036],[-121.466267,38.603131],[-121.466312,38.603222],[-121.466392,38.603337]],"type":"LineString"},"id":"REF-SACRAMENTO-LOCAL-ROADS-636","properties":{"canon_status":"REAL_REFERENCE","county_route":null,"federal_lands_route":null,"fictionality":"REAL","globalid":"{06E576FD-199A-49AC-AF94-2F89F172330B}","interstate":null,"interstate_a":null,"interstate_b":null,"interstate_c":null,"loaddate":1533980513000,"mtfcc_code":"S1400","name":"Acoma St","objectid":30405869,"permanent_identifier":"10fb8ee4-6980-434b-8d75-232984ce797c","real_world_relation":"REFERENCE_ONLY","shape_Length":85.50794405605716,"source_datadesc":"2016 October MAFTIGER","source_datasetid":"{155E1578-FAD5-4709-A194-6F828C31A01F}","source_featureid":"110873936215","source_id":"REF-SACRAMENTO-LOCAL-ROADS","source_originator":"U.S. Department of Commerce, U.S. Census Bureau, Geography Division","state_route":null,"state_route_a":null,"state_route_b":null,"state_route_c":null,"stco_fipscode":"06067","tnmfrc":4,"us_route":null,"us_route_a":null,"us_route_b":null,"us_route_c":null},"type":"Feature"},{"geometry":{"coordinates":[[-121.50468,38.578345],[-121.504901,38.578518],[-121.504945,38.578583],[-121.504981,38.578667],[-121.505003,38.578753],[-121.505009,38.578841],[-121.504961,38.579307],[-121.504993,38.579421],[-121.505066,38.579523],[-121.505172,38.579605],[-121.505346,38.579701],[-121.50556,38.579818]],"type":"LineString"},"id":"REF-SACRAMENTO-LOCAL-ROADS-637","properties":{"canon_status":"REAL_REFERENCE","county_route":null,"federal_lands_route":null,"fictionality":"REAL","globalid":"{2BD9B271-A060-4590-848B-D0D353FB0840}","interstate":null,"interstate_a":null,"interstate_b":null,"interstate_c":null,"loaddate":1533980460000,"mtfcc_code":"S1400","name":null,"objectid":30406554,"permanent_identifier":"e8a2a815-05e5-4032-9a1e-2ad8e94abece","real_world_relation":"REFERENCE_ONLY","shape_Length":252.15381933805193,"source_datadesc":"2016 October MAFTIGER","source_datasetid":"{155E1578-FAD5-4709-A194-6F828C31A01F}","source_featureid":"110874217761","source_id":"REF-SACRAMENTO-LOCAL-ROADS","source_originator":"U.S. Department of Commerce, U.S. Census Bureau, Geography Division","state_route":null,"state_route_a":null,"state_route_b":null,"state_route_c":null,"stco_fipscode":"06067","tnmfrc":4,"us_route":null,"us_route_a":null,"us_route_b":null,"us_route_c":null},"type":"Feature"},{"geometry":{"coordinates":[[-121.483708,38.58503],[-121.483945,38.584487]],"type":"LineString"},"id":"REF-SACRAMENTO-LOCAL-ROADS-638","properties":{"canon_status":"REAL_REFERENCE","county_route":null,"federal_lands_route":null,"fictionality":"REAL","globalid":"{E1B0FB0B-34E3-458B-8A07-E840A7D06313}","interstate":null,"interstate_a":null,"interstate_b":null,"interstate_c":null,"loaddate":1533980542000,"mtfcc_code":"S1400","name":"15th St","objectid":30534172,"permanent_identifier":"1787be52-d0f3-49d8-a282-ad03cd61c15b","real_world_relation":"REFERENCE_ONLY","shape_Length":81.70506787587195,"source_datadesc":"2016 October MAFTIGER","source_datasetid":"{155E1578-FAD5-4709-A194-6F828C31A01F}","source_featureid":"110873856151","source_id":"REF-SACRAMENTO-LOCAL-ROADS","source_originator":"U.S. Department of Commerce, U.S. Census Bureau, Geography Division","state_route":null,"state_route_a":null,"state_route_b":null,"state_route_c":null,"stco_fipscode":"06067","tnmfrc":4,"us_route":null,"us_route_a":null,"us_route_b":null,"us_route_c":null},"type":"Feature"},{"geometry":{"coordinates":[[-121.510758,38.584562],[-121.510798,38.584377],[-121.510917,38.583822],[-121.510958,38.583638]],"type":"LineString"},"id":"REF-SACRAMENTO-LOCAL-ROADS-639","properties":{"canon_status":"REAL_REFERENCE","county_route":null,"federal_lands_route":null,"fictionality":"REAL","globalid":"{7B5E68CD-475E-4F56-917F-164160E6A536}","interstate":null,"interstate_a":null,"interstate_b":null,"interstate_c":null,"loaddate":1533980950000,"mtfcc_code":"S1400","name":"3rd St","objectid":30534937,"permanent_identifier":"75c464d7-f80e-4648-bea6-f30f19e06757","real_world_relation":"REFERENCE_ONLY","shape_Length":133.4557182429854,"source_datadesc":"2016 October MAFTIGER","source_datasetid":"{155E1578-FAD5-4709-A194-6F828C31A01F}","source_featureid":"110758800270","source_id":"REF-SACRAMENTO-LOCAL-ROADS","source_originator":"U.S. Department of Commerce, U.S. Census Bureau, Geography Division","state_route":null,"state_route_a":null,"state_route_b":null,"state_route_c":null,"stco_fipscode":"06113","tnmfrc":4,"us_route":null,"us_route_a":null,"us_route_b":null,"us_route_c":null},"type":"Feature"},{"geometry":{"coordinates":[[-121.502855,38.609169],[-121.50281,38.609095],[-121.502741,38.608961],[-121.502684,38.608825],[-121.502261,38.607515]],"type":"LineString"},"id":"REF-SACRAMENTO-LOCAL-ROADS-640","properties":{"canon_status":"REAL_REFERENCE","county_route":null,"federal_lands_route":null,"fictionality":"REAL","globalid":"{B2D0E22B-9060-4CD0-BCF4-F68CD553D333}","interstate":null,"interstate_a":null,"interstate_b":null,"interstate_c":null,"loaddate":1533980524000,"mtfcc_code":"S1400","name":"Natomas Park Dr","objectid":30662841,"permanent_identifier":"c278a66b-af96-40ae-ab43-6b893a0ac5a1","real_world_relation":"REFERENCE_ONLY","shape_Length":245.10124587821645,"source_datadesc":"2016 October MAFTIGER","source_datasetid":"{155E1578-FAD5-4709-A194-6F828C31A01F}","source_featureid":"110874185458","source_id":"REF-SACRAMENTO-LOCAL-ROADS","source_originator":"U.S. Department of Commerce, U.S. Census Bureau, Geography Division","state_route":null,"state_route_a":null,"state_route_b":null,"state_route_c":null,"stco_fipscode":"06067","tnmfrc":4,"us_route":null,"us_route_a":null,"us_route_b":null,"us_route_c":null},"type":"Feature"},{"geometry":{"coordinates":[[-121.502805,38.584679],[-121.502665,38.58461]],"type":"LineString"},"id":"REF-SACRAMENTO-LOCAL-ROADS-641","properties":{"canon_status":"REAL_REFERENCE","county_route":null,"federal_lands_route":null,"fictionality":"REAL","globalid":"{BEB1DC41-1A0F-4D7B-B75F-73774975889C}","interstate":null,"interstate_a":null,"interstate_b":null,"interstate_c":null,"loaddate":1533980544000,"mtfcc_code":"S1400","name":null,"objectid":30663135,"permanent_identifier":"2f18820a-555d-4ea2-abc4-5b4a1be1d76b","real_world_relation":"REFERENCE_ONLY","shape_Length":18.423902883995762,"source_datadesc":"2016 October MAFTIGER","source_datasetid":"{155E1578-FAD5-4709-A194-6F828C31A01F}","source_featureid":"110874217767","source_id":"REF-SACRAMENTO-LOCAL-ROADS","source_originator":"U.S. Department of Commerce, U.S. Census Bureau, Geography Division","state_route":null,"state_route_a":null,"state_route_b":null,"state_route_c":null,"stco_fipscode":"06067","tnmfrc":4,"us_route":null,"us_route_a":null,"us_route_b":null,"us_route_c":null},"type":"Feature"},{"geometry":{"coordinates":[[-121.508161,38.586787],[-121.508753,38.587129],[-121.508859,38.587201]],"type":"LineString"},"id":"REF-SACRAMENTO-LOCAL-ROADS-642","properties":{"canon_status":"REAL_REFERENCE","county_route":null,"federal_lands_route":null,"fictionality":"REAL","globalid":"{967038C9-CBD7-47C2-9D63-C214F8886024}","interstate":null,"interstate_a":null,"interstate_b":null,"interstate_c":null,"loaddate":1533980967000,"mtfcc_code":"S1400","name":"I St Brg","objectid":30792190,"permanent_identifier":"2da4b6d6-8c8f-4c18-881d-4fe5a0d0d19d","real_world_relation":"REFERENCE_ONLY","shape_Length":97.57880210520142,"source_datadesc":"2016 October MAFTIGER","source_datasetid":"{155E1578-FAD5-4709-A194-6F828C31A01F}","source_featureid":"1104469899154","source_id":"REF-SACRAMENTO-LOCAL-ROADS","source_originator":"U.S. Department of Commerce, U.S. Census Bureau, Geography Division","state_route":null,"state_route_a":null,"state_route_b":null,"state_route_c":null,"stco_fipscode":"06113","tnmfrc":4,"us_route":null,"us_route_a":null,"us_route_b":null,"us_route_c":null},"type":"Feature"},{"geometry":{"coordinates":[[-121.496996,38.58247],[-121.495667,38.582116]],"type":"LineString"},"id":"REF-SACRAMENTO-LOCAL-ROADS-643","properties":{"canon_status":"REAL_REFERENCE","county_route":null,"federal_lands_route":null,"fictionality":"REAL","globalid":"{55F1194D-656A-4B7F-9EE2-1BD653D7E8BB}","interstate":null,"interstate_a":null,"interstate_b":null,"interstate_c":null,"loaddate":1533980547000,"mtfcc_code":"S1400","name":"I St","objectid":30920617,"permanent_identifier":"7a7224ac-4ad4-457f-8d73-c195f974c518","real_world_relation":"REFERENCE_ONLY","shape_Length":156.2965062510186,"source_datadesc":"2016 October MAFTIGER","source_datasetid":"{155E1578-FAD5-4709-A194-6F828C31A01F}","source_featureid":"110873834453","source_id":"REF-SACRAMENTO-LOCAL-ROADS","source_originator":"U.S. Department of Commerce, U.S. Census Bureau, Geography Division","state_route":null,"state_route_a":null,"state_route_b":null,"state_route_c":null,"stco_fipscode":"06067","tnmfrc":4,"us_route":null,"us_route_a":null,"us_route_b":null,"us_route_c":null},"type":"Feature"},{"geometry":{"coordinates":[[-121.507704,38.606081],[-121.507958,38.605967]],"type":"LineString"},"id":"REF-SACRAMENTO-LOCAL-ROADS-644","properties":{"canon_status":"REAL_REFERENCE","county_route":null,"federal_lands_route":null,"fictionality":"REAL","globalid":"{0759A374-6234-47E7-AAFA-EDB82B690929}","interstate":null,"interstate_a":null,"interstate_b":null,"interstate_c":null,"loaddate":1533980474000,"mtfcc_code":"S1400","name":"Garden Hwy","objectid":30920645,"permanent_identifier":"c1ce6884-c95a-4669-bfff-607b8713cd87","real_world_relation":"REFERENCE_ONLY","shape_Length":32.60687497188336,"source_datadesc":"2016 October MAFTIGER","source_datasetid":"{155E1578-FAD5-4709-A194-6F828C31A01F}","source_featureid":"110873949979","source_id":"REF-SACRAMENTO-LOCAL-ROADS","source_originator":"U.S. Department of Commerce, U.S. Census Bureau, Geography Division","state_route":null,"state_route_a":null,"state_route_b":null,"state_route_c":null,"stco_fipscode":"06067","tnmfrc":4,"us_route":null,"us_route_a":null,"us_route_b":null,"us_route_c":null},"type":"Feature"},{"geometry":{"coordinates":[[-121.491582,38.584689],[-121.49182,38.584139]],"type":"LineString"},"id":"REF-SACRAMENTO-LOCAL-ROADS-645","properties":{"canon_status":"REAL_REFERENCE","county_route":null,"federal_lands_route":null,"fictionality":"REAL","globalid":"{85A19452-7663-4250-B594-164548E33ADF}","interstate":null,"interstate_a":null,"interstate_b":null,"interstate_c":null,"loaddate":1533980606000,"mtfcc_code":"S1400","name":"10th St","objectid":31048632,"permanent_identifier":"86c6685e-ad97-434f-bea0-3fdd376e4204","real_world_relation":"REFERENCE_ONLY","shape_Length":82.684409835374,"source_datadesc":"2016 October MAFTIGER","source_datasetid":"{155E1578-FAD5-4709-A194-6F828C31A01F}","source_featureid":"110873853074","source_id":"REF-SACRAMENTO-LOCAL-ROADS","source_originator":"U.S. Department of Commerce, U.S. Census Bureau, Geography Division","state_route":null,"state_route_a":null,"state_route_b":null,"state_route_c":null,"stco_fipscode":"06067","tnmfrc":4,"us_route":null,"us_route_a":null,"us_route_b":null,"us_route_c":null},"type":"Feature"},{"geometry":{"coordinates":[[-121.484135,38.58747],[-121.484565,38.586482]],"type":"LineString"},"id":"REF-SACRAMENTO-LOCAL-ROADS-646","properties":{"canon_status":"REAL_REFERENCE","county_route":null,"federal_lands_route":null,"fictionality":"REAL","globalid":"{4FD79D73-EF1A-4014-B0A5-7C205A86E88E}","interstate":null,"interstate_a":null,"interstate_b":null,"interstate_c":null,"loaddate":1533980436000,"mtfcc_code":"S1400","name":"14th St","objectid":31048652,"permanent_identifier":"94674f85-55f0-4a8c-8f9e-77e32ea23cfa","real_world_relation":"REFERENCE_ONLY","shape_Length":148.624213599444,"source_datadesc":"2016 October MAFTIGER","source_datasetid":"{155E1578-FAD5-4709-A194-6F828C31A01F}","source_featureid":"110873854979","source_id":"REF-SACRAMENTO-LOCAL-ROADS","source_originator":"U.S. Department of Commerce, U.S. Census Bureau, Geography Division","state_route":null,"state_route_a":null,"state_route_b":null,"state_route_c":null,"stco_fipscode":"06067","tnmfrc":4,"us_route":null,"us_route_a":null,"us_route_b":null,"us_route_c":null},"type":"Feature"},{"geometry":{"coordinates":[[-121.485657,38.587378],[-121.485894,38.586837]],"type":"LineString"},"id":"REF-SACRAMENTO-LOCAL-ROADS-647","properties":{"canon_status":"REAL_REFERENCE","county_route":null,"federal_lands_route":null,"fictionality":"REAL","globalid":"{C09D9D85-B140-44AA-9D59-102A27BDFAC8}","interstate":null,"interstate_a":null,"interstate_b":null,"interstate_c":null,"loaddate":1533980655000,"mtfcc_code":"S1400","name":"13th St","objectid":31049140,"permanent_identifier":"4265913f-6e5d-4755-9340-b6b819ff440f","real_world_relation":"REFERENCE_ONLY","shape_Length":81.43790871501805,"source_datadesc":"2016 October MAFTIGER","source_datasetid":"{155E1578-FAD5-4709-A194-6F828C31A01F}","source_featureid":"110873853976","source_id":"REF-SACRAMENTO-LOCAL-ROADS","source_originator":"U.S. Department of Commerce, U.S. Census Bureau, Geography Division","state_route":null,"state_route_a":null,"state_route_b":null,"state_route_c":null,"stco_fipscode":"06067","tnmfrc":4,"us_route":null,"us_route_a":null,"us_route_b":null,"us_route_c":null},"type":"Feature"},{"geometry":{"coordinates":[[-121.487783,38.593453],[-121.487197,38.594816],[-121.487081,38.595083]],"type":"LineString"},"id":"REF-SACRAMENTO-LOCAL-ROADS-648","properties":{"canon_status":"REAL_REFERENCE","county_route":null,"federal_lands_route":null,"fictionality":"REAL","globalid":"{825EADD8-9809-4B35-94A9-661A1C890A6E}","interstate":null,"interstate_a":null,"interstate_b":null,"interstate_c":null,"loaddate":1533980470000,"mtfcc_code":"S1400","name":"N 10th St","objectid":31177599,"permanent_identifier":"c1e3f64e-972f-428f-8c7b-f781878be472","real_world_relation":"REFERENCE_ONLY","shape_Length":244.95774030398212,"source_datadesc":"2016 October MAFTIGER","source_datasetid":"{155E1578-FAD5-4709-A194-6F828C31A01F}","source_featureid":"110873853081","source_id":"REF-SACRAMENTO-LOCAL-ROADS","source_originator":"U.S. Department of Commerce, U.S. Census Bureau, Geography Division","state_route":null,"state_route_a":null,"state_route_b":null,"state_route_c":null,"stco_fipscode":"06067","tnmfrc":4,"us_route":null,"us_route_a":null,"us_route_b":null,"us_route_c":null},"type":"Feature"},{"geometry":{"coordinates":[[-121.481625,38.579592],[-121.481862,38.579041]],"type":"LineString"},"id":"REF-SACRAMENTO-LOCAL-ROADS-649","properties":{"canon_status":"REAL_REFERENCE","county_route":null,"federal_lands_route":null,"fictionality":"REAL","globalid":"{B97AFA37-F868-4D1C-8DE7-4101C68282A0}","interstate":null,"interstate_a":null,"interstate_b":null,"interstate_c":null,"loaddate":1533980611000,"mtfcc_code":"S1400","name":"18th St","objectid":31178193,"permanent_identifier":"2bb68f5b-00b6-4cc8-b069-14de039ae6a8","real_world_relation":"REFERENCE_ONLY","shape_Length":82.77853119110789,"source_datadesc":"2016 October MAFTIGER","source_datasetid":"{155E1578-FAD5-4709-A194-6F828C31A01F}","source_featureid":"110873858902","source_id":"REF-SACRAMENTO-LOCAL-ROADS","source_originator":"U.S. Department of Commerce, U.S. Census Bureau, Geography Division","state_route":null,"state_route_a":null,"state_route_b":null,"state_route_c":null,"stco_fipscode":"06067","tnmfrc":4,"us_route":null,"us_route_a":null,"us_route_b":null,"us_route_c":null},"type":"Feature"},{"geometry":{"coordinates":[[-121.505452,38.583534],[-121.504796,38.583338]],"type":"LineString"},"id":"REF-SACRAMENTO-LOCAL-ROADS-650","properties":{"canon_status":"REAL_REFERENCE","county_route":null,"federal_lands_route":null,"fictionality":"REAL","globalid":"{603C969C-DBBF-4680-9E36-669F0B63A6C7}","interstate":null,"interstate_a":null,"interstate_b":null,"interstate_c":null,"loaddate":1533980656000,"mtfcc_code":"S1400","name":"J St","objectid":31305841,"permanent_identifier":"162cdd3a-551d-418f-b04d-2c94f1e3bd4b","real_world_relation":"REFERENCE_ONLY","shape_Length":78.17801003214801,"source_datadesc":"2016 October MAFTIGER","source_datasetid":"{155E1578-FAD5-4709-A194-6F828C31A01F}","source_featureid":"110873834493","source_id":"REF-SACRAMENTO-LOCAL-ROADS","source_originator":"U.S. Department of Commerce, U.S. Census Bureau, Geography Division","state_route":null,"state_route_a":null,"state_route_b":null,"state_route_c":null,"stco_fipscode":"06067","tnmfrc":4,"us_route":null,"us_route_a":null,"us_route_b":null,"us_route_c":null},"type":"Feature"},{"geometry":{"coordinates":[[-121.491107,38.585785],[-121.491344,38.585241]],"type":"LineString"},"id":"REF-SACRAMENTO-LOCAL-ROADS-651","properties":{"canon_status":"REAL_REFERENCE","county_route":null,"federal_lands_route":null,"fictionality":"REAL","globalid":"{7BD60417-C7EA-4B60-88A2-14C04018CD84}","interstate":null,"interstate_a":null,"interstate_b":null,"interstate_c":null,"loaddate":1533980606000,"mtfcc_code":"S1400","name":"10th St","objectid":31306037,"permanent_identifier":"0754cd5c-1104-47ac-8b4f-d07176b395c1","real_world_relation":"REFERENCE_ONLY","shape_Length":81.84057778280952,"source_datadesc":"2016 October MAFTIGER","source_datasetid":"{155E1578-FAD5-4709-A194-6F828C31A01F}","source_featureid":"110873853074","source_id":"REF-SACRAMENTO-LOCAL-ROADS","source_originator":"U.S. Department of Commerce, U.S. Census Bureau, Geography Division","state_route":null,"state_route_a":null,"state_route_b":null,"state_route_c":null,"stco_fipscode":"06067","tnmfrc":4,"us_route":null,"us_route_a":null,"us_route_b":null,"us_route_c":null},"type":"Feature"},{"geometry":{"coordinates":[[-121.493719,38.579759],[-121.493956,38.57921]],"type":"LineString"},"id":"REF-SACRAMENTO-LOCAL-ROADS-652","properties":{"canon_status":"REAL_REFERENCE","county_route":null,"federal_lands_route":null,"fictionality":"REAL","globalid":"{E04C475E-916B-4699-ACD7-1B80559FFFEB}","interstate":null,"interstate_a":null,"interstate_b":null,"interstate_c":null,"loaddate":1533980606000,"mtfcc_code":"S1400","name":"10th St","objectid":31306271,"permanent_identifier":"d82a3142-648c-4ad2-90c3-7c014d9beee1","real_world_relation":"REFERENCE_ONLY","shape_Length":82.50872795320231,"source_datadesc":"2016 October MAFTIGER","source_datasetid":"{155E1578-FAD5-4709-A194-6F828C31A01F}","source_featureid":"110873853074","source_id":"REF-SACRAMENTO-LOCAL-ROADS","source_originator":"U.S. Department of Commerce, U.S. Census Bureau, Geography Division","state_route":null,"state_route_a":null,"state_route_b":null,"state_route_c":null,"stco_fipscode":"06067","tnmfrc":4,"us_route":null,"us_route_a":null,"us_route_b":null,"us_route_c":null},"type":"Feature"},{"geometry":{"coordinates":[[-121.479112,38.581976],[-121.479351,38.581427]],"type":"LineString"},"id":"REF-SACRAMENTO-LOCAL-ROADS-653","properties":{"canon_status":"REAL_REFERENCE","county_route":null,"federal_lands_route":null,"fictionality":"REAL","globalid":"{3DA75217-665A-4452-AA23-219926F6CB90}","interstate":null,"interstate_a":null,"interstate_b":null,"interstate_c":null,"loaddate":1533980454000,"mtfcc_code":"S1400","name":"19th St","objectid":31306557,"permanent_identifier":"82c7eca6-ae3e-4689-9a81-0d729414624d","real_world_relation":"REFERENCE_ONLY","shape_Length":82.58247933512914,"source_datadesc":"2016 October MAFTIGER","source_datasetid":"{155E1578-FAD5-4709-A194-6F828C31A01F}","source_featureid":"1104469987952","source_id":"REF-SACRAMENTO-LOCAL-ROADS","source_originator":"U.S. Department of Commerce, U.S. Census Bureau, Geography Division","state_route":null,"state_route_a":null,"state_route_b":null,"state_route_c":null,"stco_fipscode":"06067","tnmfrc":4,"us_route":null,"us_route_a":null,"us_route_b":null,"us_route_c":null},"type":"Feature"},{"geometry":{"coordinates":[[-121.51025,38.587209],[-121.510301,38.586935],[-121.510454,38.586116],[-121.510506,38.585844]],"type":"LineString"},"id":"REF-SACRAMENTO-LOCAL-ROADS-654","properties":{"canon_status":"REAL_REFERENCE","county_route":null,"federal_lands_route":null,"fictionality":"REAL","globalid":"{362DB340-44FD-4611-9735-0159E6422CD4}","interstate":null,"interstate_a":null,"interstate_b":null,"interstate_c":null,"loaddate":1533980950000,"mtfcc_code":"S1400","name":"3rd St","objectid":31435665,"permanent_identifier":"94eb311f-641b-4454-aae6-6c2a536b9322","real_world_relation":"REFERENCE_ONLY","shape_Length":196.4715553925202,"source_datadesc":"2016 October MAFTIGER","source_datasetid":"{155E1578-FAD5-4709-A194-6F828C31A01F}","source_featureid":"110758800270","source_id":"REF-SACRAMENTO-LOCAL-ROADS","source_originator":"U.S. Department of Commerce, U.S. Census Bureau, Geography Division","state_route":null,"state_route_a":null,"state_route_b":null,"state_route_c":null,"stco_fipscode":"06113","tnmfrc":4,"us_route":null,"us_route_a":null,"us_route_b":null,"us_route_c":null},"type":"Feature"},{"geometry":{"coordinates":[[-121.493005,38.581405],[-121.491659,38.581046]],"type":"LineString"},"id":"REF-SACRAMENTO-LOCAL-ROADS-655","properties":{"canon_status":"REAL_REFERENCE","county_route":null,"federal_lands_route":null,"fictionality":"REAL","globalid":"{D6E993C4-5FA1-40CE-B6C9-0BD1B7CF1502}","interstate":null,"interstate_a":null,"interstate_b":null,"interstate_c":null,"loaddate":1533980547000,"mtfcc_code":"S1400","name":"I St","objectid":31563374,"permanent_identifier":"aafd67c0-efd2-4950-84cf-e5f30d50d5d8","real_world_relation":"REFERENCE_ONLY","shape_Length":158.3172980714677,"source_datadesc":"2016 October MAFTIGER","source_datasetid":"{155E1578-FAD5-4709-A194-6F828C31A01F}","source_featureid":"110873834453","source_id":"REF-SACRAMENTO-LOCAL-ROADS","source_originator":"U.S. Department of Commerce, U.S. Census Bureau, Geography Division","state_route":null,"state_route_a":null,"state_route_b":null,"state_route_c":null,"stco_fipscode":"06067","tnmfrc":4,"us_route":null,"us_route_a":null,"us_route_b":null,"us_route_c":null},"type":"Feature"},{"geometry":{"coordinates":[[-121.46479,38.600562],[-121.465367,38.600563],[-121.465743,38.600595]],"type":"LineString"},"id":"REF-SACRAMENTO-LOCAL-ROADS-656","properties":{"canon_status":"REAL_REFERENCE","county_route":null,"federal_lands_route":null,"fictionality":"REAL","globalid":"{427CD6F4-6A1B-4918-A180-852549760C70}","interstate":null,"interstate_a":null,"interstate_b":null,"interstate_c":null,"loaddate":1748519528000,"mtfcc_code":"S1400","name":"N Sac Mhp","objectid":31563785,"permanent_identifier":"fb0bdac7-56bb-467e-991e-2fe0e86a689f","real_world_relation":"REFERENCE_ONLY","shape_Length":106.3351133129167,"source_datadesc":"2016 October MAFTIGER","source_datasetid":"{7AD8F908-E576-4667-ABBE-3F904F423D64}","source_featureid":"110873968820","source_id":"REF-SACRAMENTO-LOCAL-ROADS","source_originator":"U.S. Department of Commerce, U.S. Census Bureau, Geography Division","state_route":null,"state_route_a":null,"state_route_b":null,"state_route_c":null,"stco_fipscode":"06067","tnmfrc":4,"us_route":null,"us_route_a":null,"us_route_b":null,"us_route_c":null},"type":"Feature"},{"geometry":{"coordinates":[[-121.481386,38.580144],[-121.481625,38.579592]],"type":"LineString"},"id":"REF-SACRAMENTO-LOCAL-ROADS-657","properties":{"canon_status":"REAL_REFERENCE","county_route":null,"federal_lands_route":null,"fictionality":"REAL","globalid":"{C8464BD4-AA7E-41AC-9D2A-429F83ECC6ED}","interstate":null,"interstate_a":null,"interstate_b":null,"interstate_c":null,"loaddate":1533980611000,"mtfcc_code":"S1400","name":"18th St","objectid":31563900,"permanent_identifier":"0b65998b-b58c-4d04-8b4f-d81230b32a06","real_world_relation":"REFERENCE_ONLY","shape_Length":82.98508979833738,"source_datadesc":"2016 October MAFTIGER","source_datasetid":"{155E1578-FAD5-4709-A194-6F828C31A01F}","source_featureid":"110873858902","source_id":"REF-SACRAMENTO-LOCAL-ROADS","source_originator":"U.S. Department of Commerce, U.S. Census Bureau, Geography Division","state_route":null,"state_route_a":null,"state_route_b":null,"state_route_c":null,"stco_fipscode":"06067","tnmfrc":4,"us_route":null,"us_route_a":null,"us_route_b":null,"us_route_c":null},"type":"Feature"},{"geometry":{"coordinates":[[-121.501187,38.61041],[-121.501283,38.610233],[-121.501359,38.610113],[-121.501446,38.609997],[-121.501541,38.609887],[-121.501647,38.609782],[-121.501761,38.609683],[-121.501925,38.609564]],"type":"LineString"},"id":"REF-SACRAMENTO-LOCAL-ROADS-658","properties":{"canon_status":"REAL_REFERENCE","county_route":null,"federal_lands_route":null,"fictionality":"REAL","globalid":"{B1EDF5D9-30D7-45CD-B154-C0BE9F4CE0CB}","interstate":null,"interstate_a":null,"interstate_b":null,"interstate_c":null,"loaddate":1533980627000,"mtfcc_code":"S1400","name":"Capital Park Dr","objectid":31692578,"permanent_identifier":"5d2e5799-9e53-4f61-a919-f72447af2f3b","real_world_relation":"REFERENCE_ONLY","shape_Length":147.45805256541917,"source_datadesc":"2016 October MAFTIGER","source_datasetid":"{155E1578-FAD5-4709-A194-6F828C31A01F}","source_featureid":"110874184380","source_id":"REF-SACRAMENTO-LOCAL-ROADS","source_originator":"U.S. Department of Commerce, U.S. Census Bureau, Geography Division","state_route":null,"state_route_a":null,"state_route_b":null,"state_route_c":null,"stco_fipscode":"06067","tnmfrc":4,"us_route":null,"us_route_a":null,"us_route_b":null,"us_route_c":null},"type":"Feature"},{"geometry":{"coordinates":[[-121.509791,38.589791],[-121.509835,38.589535],[-121.509921,38.589037]],"type":"LineString"},"id":"REF-SACRAMENTO-LOCAL-ROADS-659","properties":{"canon_status":"REAL_REFERENCE","county_route":null,"federal_lands_route":null,"fictionality":"REAL","globalid":"{A1162301-D046-46CD-A38E-AAF045C594B7}","interstate":null,"interstate_a":null,"interstate_b":null,"interstate_c":null,"loaddate":1533980950000,"mtfcc_code":"S1400","name":"3rd St","objectid":31693508,"permanent_identifier":"c29cd4aa-f9b8-452f-9e75-3114a5e401db","real_world_relation":"REFERENCE_ONLY","shape_Length":108.35435287684491,"source_datadesc":"2016 October MAFTIGER","source_datasetid":"{155E1578-FAD5-4709-A194-6F828C31A01F}","source_featureid":"110758800270","source_id":"REF-SACRAMENTO-LOCAL-ROADS","source_originator":"U.S. Department of Commerce, U.S. Census Bureau, Geography Division","state_route":null,"state_route_a":null,"state_route_b":null,"state_route_c":null,"stco_fipscode":"06113","tnmfrc":4,"us_route":null,"us_route_a":null,"us_route_b":null,"us_route_c":null},"type":"Feature"},{"geometry":{"coordinates":[[-121.508859,38.587201],[-121.508897,38.587509],[-121.508908,38.587682],[-121.508993,38.588046],[-121.50911,38.588426]],"type":"LineString"},"id":"REF-SACRAMENTO-LOCAL-ROADS-660","properties":{"canon_status":"REAL_REFERENCE","county_route":null,"federal_lands_route":null,"fictionality":"REAL","globalid":"{E712266F-A192-4ECD-A7B7-45BCDDE6A2CE}","interstate":null,"interstate_a":null,"interstate_b":null,"interstate_c":null,"loaddate":1533980961000,"mtfcc_code":"S1400","name":"Kiline St","objectid":31820694,"permanent_identifier":"03989b55-f9f6-428d-8569-221b4600ab0a","real_world_relation":"REFERENCE_ONLY","shape_Length":177.09469182848187,"source_datadesc":"2016 October MAFTIGER","source_datasetid":"{155E1578-FAD5-4709-A194-6F828C31A01F}","source_featureid":"110758807659","source_id":"REF-SACRAMENTO-LOCAL-ROADS","source_originator":"U.S. Department of Commerce, U.S. Census Bureau, Geography Division","state_route":null,"state_route_a":null,"state_route_b":null,"state_route_c":null,"stco_fipscode":"06113","tnmfrc":4,"us_route":null,"us_route_a":null,"us_route_b":null,"us_route_c":null},"type":"Feature"},{"geometry":{"coordinates":[[-121.5001,38.597229],[-121.498932,38.599922],[-121.498925,38.599963],[-121.498924,38.600009],[-121.498971,38.600324],[-121.498983,38.600344],[-121.499013,38.600377],[-121.499053,38.600403],[-121.499102,38.600419]],"type":"LineString"},"id":"REF-SACRAMENTO-LOCAL-ROADS-661","properties":{"canon_status":"REAL_REFERENCE","county_route":null,"federal_lands_route":null,"fictionality":"REAL","globalid":"{B72B3383-E158-4DFD-A9E2-7405E009FC19}","interstate":null,"interstate_a":null,"interstate_b":null,"interstate_c":null,"loaddate":1533980500000,"mtfcc_code":"S1400","name":"N 3rd St","objectid":31820707,"permanent_identifier":"c59e296e-ab04-4002-9128-7bf7cd0853d5","real_world_relation":"REFERENCE_ONLY","shape_Length":483.253110027073,"source_datadesc":"2016 October MAFTIGER","source_datasetid":"{155E1578-FAD5-4709-A194-6F828C31A01F}","source_featureid":"110873851963","source_id":"REF-SACRAMENTO-LOCAL-ROADS","source_originator":"U.S. Department of Commerce, U.S. Census Bureau, Geography Division","state_route":null,"state_route_a":null,"state_route_b":null,"state_route_c":null,"stco_fipscode":"06067","tnmfrc":4,"us_route":null,"us_route_a":null,"us_route_b":null,"us_route_c":null},"type":"Feature"},{"geometry":{"coordinates":[[-121.486045,38.590546],[-121.485901,38.590507]],"type":"LineString"},"id":"REF-SACRAMENTO-LOCAL-ROADS-662","properties":{"canon_status":"REAL_REFERENCE","county_route":null,"federal_lands_route":null,"fictionality":"REAL","globalid":"{8C0295F5-D1BE-47E9-992B-3B9EAEABAD0F}","interstate":null,"interstate_a":null,"interstate_b":null,"interstate_c":null,"loaddate":1533980554000,"mtfcc_code":"S1400","name":"N B St","objectid":31950176,"permanent_identifier":"4dafd507-3b58-4766-b8bb-25fd3c1e28a1","real_world_relation":"REFERENCE_ONLY","shape_Length":16.965030487671214,"source_datadesc":"2016 October MAFTIGER","source_datasetid":"{155E1578-FAD5-4709-A194-6F828C31A01F}","source_featureid":"110873834253","source_id":"REF-SACRAMENTO-LOCAL-ROADS","source_originator":"U.S. Department of Commerce, U.S. Census Bureau, Geography Division","state_route":null,"state_route_a":null,"state_route_b":null,"state_route_c":null,"stco_fipscode":"06067","tnmfrc":4,"us_route":null,"us_route_a":null,"us_route_b":null,"us_route_c":null},"type":"Feature"},{"geometry":{"coordinates":[[-121.482922,38.588479],[-121.482277,38.588307]],"type":"LineString"},"id":"REF-SACRAMENTO-LOCAL-ROADS-663","properties":{"canon_status":"REAL_REFERENCE","county_route":null,"federal_lands_route":null,"fictionality":"REAL","globalid":"{37BC3D80-65D3-4040-963A-DA420C317906}","interstate":null,"interstate_a":null,"interstate_b":null,"interstate_c":null,"loaddate":1533980510000,"mtfcc_code":"S1400","name":"N A St","objectid":31950385,"permanent_identifier":"f1f2361b-93a9-43b2-91e1-08db70b4845b","real_world_relation":"REFERENCE_ONLY","shape_Length":75.86459832837198,"source_datadesc":"2016 October MAFTIGER","source_datasetid":"{155E1578-FAD5-4709-A194-6F828C31A01F}","source_featureid":"110873834209","source_id":"REF-SACRAMENTO-LOCAL-ROADS","source_originator":"U.S. Department of Commerce, U.S. Census Bureau, Geography Division","state_route":null,"state_route_a":null,"state_route_b":null,"state_route_c":null,"stco_fipscode":"06067","tnmfrc":4,"us_route":null,"us_route_a":null,"us_route_b":null,"us_route_c":null},"type":"Feature"},{"geometry":{"coordinates":[[-121.512153,38.584714],[-121.512186,38.584534],[-121.512287,38.583993],[-121.512321,38.583814]],"type":"LineString"},"id":"REF-SACRAMENTO-LOCAL-ROADS-664","properties":{"canon_status":"REAL_REFERENCE","county_route":null,"federal_lands_route":null,"fictionality":"REAL","globalid":"{B35958EB-5FA7-47C5-8E16-CE56BBFEA82D}","interstate":null,"interstate_a":null,"interstate_b":null,"interstate_c":null,"loaddate":1533980970000,"mtfcc_code":"S1400","name":"4th St","objectid":32079193,"permanent_identifier":"7f9fdecd-dcb1-4fd7-8ff2-c48d8deaa2ab","real_world_relation":"REFERENCE_ONLY","shape_Length":129.52501738427054,"source_datadesc":"2016 October MAFTIGER","source_datasetid":"{155E1578-FAD5-4709-A194-6F828C31A01F}","source_featureid":"110758800283","source_id":"REF-SACRAMENTO-LOCAL-ROADS","source_originator":"U.S. Department of Commerce, U.S. Census Bureau, Geography Division","state_route":null,"state_route_a":null,"state_route_b":null,"state_route_c":null,"stco_fipscode":"06113","tnmfrc":4,"us_route":null,"us_route_a":null,"us_route_b":null,"us_route_c":null},"type":"Feature"},{"geometry":{"coordinates":[[-121.478576,38.607014],[-121.481283,38.607293]],"type":"LineString"},"id":"REF-SACRAMENTO-LOCAL-ROADS-665","properties":{"canon_status":"REAL_REFERENCE","county_route":null,"federal_lands_route":null,"fictionality":"REAL","globalid":"{4EA74888-C28C-4380-8298-34C6F533127C}","interstate":null,"interstate_a":null,"interstate_b":null,"interstate_c":null,"loaddate":1533980565000,"mtfcc_code":"S1400","name":"Garden Hwy","objectid":32079202,"permanent_identifier":"d82c6e6f-aa10-4d63-bdb7-689e78788bf4","real_world_relation":"REFERENCE_ONLY","shape_Length":303.9515979949741,"source_datadesc":"2016 October MAFTIGER","source_datasetid":"{155E1578-FAD5-4709-A194-6F828C31A01F}","source_featureid":"110873949976","source_id":"REF-SACRAMENTO-LOCAL-ROADS","source_originator":"U.S. Department of Commerce, U.S. Census Bureau, Geography Division","state_route":null,"state_route_a":null,"state_route_b":null,"state_route_c":null,"stco_fipscode":"06067","tnmfrc":4,"us_route":null,"us_route_a":null,"us_route_b":null,"us_route_c":null},"type":"Feature"},{"geometry":{"coordinates":[[-121.485993,38.583199],[-121.48466,38.582843]],"type":"LineString"},"id":"REF-SACRAMENTO-LOCAL-ROADS-666","properties":{"canon_status":"REAL_REFERENCE","county_route":null,"federal_lands_route":null,"fictionality":"REAL","globalid":"{7E1E597F-410A-4B0F-8EC4-CBD639623ECB}","interstate":null,"interstate_a":null,"interstate_b":null,"interstate_c":null,"loaddate":1748519528000,"mtfcc_code":"S1400","name":"F St","objectid":32079323,"permanent_identifier":"64122eb1-f117-48f1-8380-41bc4db69d1a","real_world_relation":"REFERENCE_ONLY","shape_Length":156.81007861557976,"source_datadesc":"2021 February MAF/TIGER","source_datasetid":"{7AD8F908-E576-4667-ABBE-3F904F423D64}","source_featureid":"110873834381","source_id":"REF-SACRAMENTO-LOCAL-ROADS","source_originator":"U.S. Department of Commerce, U.S. Census Bureau, Geography Division","state_route":null,"state_route_a":null,"state_route_b":null,"state_route_c":null,"stco_fipscode":"06067","tnmfrc":4,"us_route":null,"us_route_a":null,"us_route_b":null,"us_route_c":null},"type":"Feature"},{"geometry":{"coordinates":[[-121.467374,38.601653],[-121.466905,38.601527]],"type":"LineString"},"id":"REF-SACRAMENTO-LOCAL-ROADS-667","properties":{"canon_status":"REAL_REFERENCE","county_route":null,"federal_lands_route":null,"fictionality":"REAL","globalid":"{0B943F89-5481-4A3B-B0B2-7DD7D7285578}","interstate":null,"interstate_a":null,"interstate_b":null,"interstate_c":null,"loaddate":1748519528000,"mtfcc_code":"S1400","name":"N Sac Mhp","objectid":32079354,"permanent_identifier":"59a29062-44c5-4e22-ab79-eeecdcc31a4a","real_world_relation":"REFERENCE_ONLY","shape_Length":55.20762920138109,"source_datadesc":"2016 October MAFTIGER","source_datasetid":"{7AD8F908-E576-4667-ABBE-3F904F423D64}","source_featureid":"110873968830","source_id":"REF-SACRAMENTO-LOCAL-ROADS","source_originator":"U.S. Department of Commerce, U.S. Census Bureau, Geography Division","state_route":null,"state_route_a":null,"state_route_b":null,"state_route_c":null,"stco_fipscode":"06067","tnmfrc":4,"us_route":null,"us_route_a":null,"us_route_b":null,"us_route_c":null},"type":"Feature"},{"geometry":{"coordinates":[[-121.511149,38.589951],[-121.511188,38.589692],[-121.511276,38.589107]],"type":"LineString"},"id":"REF-SACRAMENTO-LOCAL-ROADS-668","properties":{"canon_status":"REAL_REFERENCE","county_route":null,"federal_lands_route":null,"fictionality":"REAL","globalid":"{C52B26AA-D7EA-4B65-9461-E408C5CE2042}","interstate":null,"interstate_a":null,"interstate_b":null,"interstate_c":null,"loaddate":1533980970000,"mtfcc_code":"S1400","name":"4th St","objectid":32079642,"permanent_identifier":"3779cfe6-6eb0-436b-9528-d4839afeec83","real_world_relation":"REFERENCE_ONLY","shape_Length":121.0300474213968,"source_datadesc":"2016 October MAFTIGER","source_datasetid":"{155E1578-FAD5-4709-A194-6F828C31A01F}","source_featureid":"110758800283","source_id":"REF-SACRAMENTO-LOCAL-ROADS","source_originator":"U.S. Department of Commerce, U.S. Census Bureau, Geography Division","state_route":null,"state_route_a":null,"state_route_b":null,"state_route_c":null,"stco_fipscode":"06113","tnmfrc":4,"us_route":null,"us_route_a":null,"us_route_b":null,"us_route_c":null},"type":"Feature"},{"geometry":{"coordinates":[[-121.48875,38.580271],[-121.488985,38.579732]],"type":"LineString"},"id":"REF-SACRAMENTO-LOCAL-ROADS-669","properties":{"canon_status":"REAL_REFERENCE","county_route":null,"federal_lands_route":null,"fictionality":"REAL","globalid":"{0B50241D-9717-48BE-9F20-0BBA7FEFD3E2}","interstate":null,"interstate_a":null,"interstate_b":null,"interstate_c":null,"loaddate":1533980655000,"mtfcc_code":"S1400","name":"13th St","objectid":32207585,"permanent_identifier":"8d30306c-6343-45ab-89b3-b152d2ed9d5f","real_world_relation":"REFERENCE_ONLY","shape_Length":81.08924678420773,"source_datadesc":"2016 October MAFTIGER","source_datasetid":"{155E1578-FAD5-4709-A194-6F828C31A01F}","source_featureid":"110873853976","source_id":"REF-SACRAMENTO-LOCAL-ROADS","source_originator":"U.S. Department of Commerce, U.S. Census Bureau, Geography Division","state_route":null,"state_route_a":null,"state_route_b":null,"state_route_c":null,"stco_fipscode":"06067","tnmfrc":4,"us_route":null,"us_route_a":null,"us_route_b":null,"us_route_c":null},"type":"Feature"},{"geometry":{"coordinates":[[-121.50975,38.590015],[-121.509758,38.58997],[-121.509782,38.589835],[-121.509791,38.589791]],"type":"LineString"},"id":"REF-SACRAMENTO-LOCAL-ROADS-670","properties":{"canon_status":"REAL_REFERENCE","county_route":null,"federal_lands_route":null,"fictionality":"REAL","globalid":"{401BD12B-D2E2-4954-8635-97B59FEC98D3}","interstate":null,"interstate_a":null,"interstate_b":null,"interstate_c":null,"loaddate":1533980950000,"mtfcc_code":"S1400","name":"3rd St","objectid":32207881,"permanent_identifier":"38c5f418-4f0d-421c-bcbe-78a37365751c","real_world_relation":"REFERENCE_ONLY","shape_Length":32.22789620124608,"source_datadesc":"2016 October MAFTIGER","source_datasetid":"{155E1578-FAD5-4709-A194-6F828C31A01F}","source_featureid":"110758800270","source_id":"REF-SACRAMENTO-LOCAL-ROADS","source_originator":"U.S. Department of Commerce, U.S. Census Bureau, Geography Division","state_route":null,"state_route_a":null,"state_route_b":null,"state_route_c":null,"stco_fipscode":"06113","tnmfrc":4,"us_route":null,"us_route_a":null,"us_route_b":null,"us_route_c":null},"type":"Feature"},{"geometry":{"coordinates":[[-121.492346,38.609835],[-121.49229,38.610114],[-121.492289,38.610161],[-121.492296,38.610208],[-121.492316,38.610278]],"type":"LineString"},"id":"REF-SACRAMENTO-LOCAL-ROADS-671","properties":{"canon_status":"REAL_REFERENCE","county_route":null,"federal_lands_route":null,"fictionality":"REAL","globalid":"{1BCC9EA7-BF98-454B-B411-252396280281}","interstate":null,"interstate_a":null,"interstate_b":null,"interstate_c":null,"loaddate":1533980621000,"mtfcc_code":"S1400","name":"Tide Ct","objectid":32208173,"permanent_identifier":"3329dc56-37c9-42d4-9460-878e0c98b8ed","real_world_relation":"REFERENCE_ONLY","shape_Length":63.887124427500616,"source_datadesc":"2016 October MAFTIGER","source_datasetid":"{155E1578-FAD5-4709-A194-6F828C31A01F}","source_featureid":"110873936012","source_id":"REF-SACRAMENTO-LOCAL-ROADS","source_originator":"U.S. Department of Commerce, U.S. Census Bureau, Geography Division","state_route":null,"state_route_a":null,"state_route_b":null,"state_route_c":null,"stco_fipscode":"06067","tnmfrc":4,"us_route":null,"us_route_a":null,"us_route_b":null,"us_route_c":null},"type":"Feature"},{"geometry":{"coordinates":[[-121.490733,38.596908],[-121.491954,38.597257]],"type":"LineString"},"id":"REF-SACRAMENTO-LOCAL-ROADS-672","properties":{"canon_status":"REAL_REFERENCE","county_route":null,"federal_lands_route":null,"fictionality":"REAL","globalid":"{E32E8122-5555-482B-890E-6C211AA21947}","interstate":null,"interstate_a":null,"interstate_b":null,"interstate_c":null,"loaddate":1748519528000,"mtfcc_code":"S1400","name":"Township Nine Ave","objectid":32208371,"permanent_identifier":"e35199b6-7a86-4a97-bfb4-3aba7bca927a","real_world_relation":"REFERENCE_ONLY","shape_Length":144.67362765293402,"source_datadesc":"2021 February MAF/TIGER","source_datasetid":"{7AD8F908-E576-4667-ABBE-3F904F423D64}","source_featureid":"1104981913861","source_id":"REF-SACRAMENTO-LOCAL-ROADS","source_originator":"U.S. Department of Commerce, U.S. Census Bureau, Geography Division","state_route":null,"state_route_a":null,"state_route_b":null,"state_route_c":null,"stco_fipscode":"06067","tnmfrc":4,"us_route":null,"us_route_a":null,"us_route_b":null,"us_route_c":null},"type":"Feature"},{"geometry":{"coordinates":[[-121.483329,38.582489],[-121.482003,38.582133]],"type":"LineString"},"id":"REF-SACRAMENTO-LOCAL-ROADS-673","properties":{"canon_status":"REAL_REFERENCE","county_route":null,"federal_lands_route":null,"fictionality":"REAL","globalid":"{D6C19578-57F2-4E24-B336-B868F06D9918}","interstate":null,"interstate_a":null,"interstate_b":null,"interstate_c":null,"loaddate":1533980513000,"mtfcc_code":"S1400","name":"F St","objectid":32337377,"permanent_identifier":"b22f792b-bd4f-4284-b64c-7ad78ca42564","real_world_relation":"REFERENCE_ONLY","shape_Length":156.07276492168702,"source_datadesc":"2016 October MAFTIGER","source_datasetid":"{155E1578-FAD5-4709-A194-6F828C31A01F}","source_featureid":"110873834387","source_id":"REF-SACRAMENTO-LOCAL-ROADS","source_originator":"U.S. Department of Commerce, U.S. Census Bureau, Geography Division","state_route":null,"state_route_a":null,"state_route_b":null,"state_route_c":null,"stco_fipscode":"06067","tnmfrc":4,"us_route":null,"us_route_a":null,"us_route_b":null,"us_route_c":null},"type":"Feature"},{"geometry":{"coordinates":[[-121.481151,38.580685],[-121.481386,38.580144]],"type":"LineString"},"id":"REF-SACRAMENTO-LOCAL-ROADS-674","properties":{"canon_status":"REAL_REFERENCE","county_route":null,"federal_lands_route":null,"fictionality":"REAL","globalid":"{981759B5-C732-4E00-AA62-68CDA09869E0}","interstate":null,"interstate_a":null,"interstate_b":null,"interstate_c":null,"loaddate":1533980611000,"mtfcc_code":"S1400","name":"18th St","objectid":32466637,"permanent_identifier":"2bd7f560-023b-44d5-9fc2-1ef2a12c6d4d","real_world_relation":"REFERENCE_ONLY","shape_Length":81.35924985903715,"source_datadesc":"2016 October MAFTIGER","source_datasetid":"{155E1578-FAD5-4709-A194-6F828C31A01F}","source_featureid":"110873858902","source_id":"REF-SACRAMENTO-LOCAL-ROADS","source_originator":"U.S. Department of Commerce, U.S. Census Bureau, Geography Division","state_route":null,"state_route_a":null,"state_route_b":null,"state_route_c":null,"stco_fipscode":"06067","tnmfrc":4,"us_route":null,"us_route_a":null,"us_route_b":null,"us_route_c":null},"type":"Feature"},{"geometry":{"coordinates":[[-121.493476,38.580319],[-121.492128,38.579959]],"type":"LineString"},"id":"REF-SACRAMENTO-LOCAL-ROADS-675","properties":{"canon_status":"REAL_REFERENCE","county_route":null,"federal_lands_route":null,"fictionality":"REAL","globalid":"{18057DB7-379F-42AC-BAB3-91F3F35FE781}","interstate":null,"interstate_a":null,"interstate_b":null,"interstate_c":null,"loaddate":1533980577000,"mtfcc_code":"S1400","name":"J St","objectid":32466733,"permanent_identifier":"4d008b9c-a4e3-4f7a-b25a-5674e39345e0","real_world_relation":"REFERENCE_ONLY","shape_Length":158.57367732774756,"source_datadesc":"2016 October MAFTIGER","source_datasetid":"{155E1578-FAD5-4709-A194-6F828C31A01F}","source_featureid":"110873834491","source_id":"REF-SACRAMENTO-LOCAL-ROADS","source_originator":"U.S. Department of Commerce, U.S. Census Bureau, Geography Division","state_route":null,"state_route_a":null,"state_route_b":null,"state_route_c":null,"stco_fipscode":"06067","tnmfrc":4,"us_route":null,"us_route_a":null,"us_route_b":null,"us_route_c":null},"type":"Feature"},{"geometry":{"coordinates":[[-121.466067,38.601006],[-121.466614,38.601698]],"type":"LineString"},"id":"REF-SACRAMENTO-LOCAL-ROADS-676","properties":{"canon_status":"REAL_REFERENCE","county_route":null,"federal_lands_route":null,"fictionality":"REAL","globalid":"{DC35F65D-EBA6-4E7B-9B61-40EB08B3E917}","interstate":null,"interstate_a":null,"interstate_b":null,"interstate_c":null,"loaddate":1748519528000,"mtfcc_code":"S1400","name":"N Sac Mhp","objectid":32467120,"permanent_identifier":"88742153-c4d8-40c1-ac47-9d79b0cd0453","real_world_relation":"REFERENCE_ONLY","shape_Length":115.86145140357372,"source_datadesc":"2016 October MAFTIGER","source_datasetid":"{7AD8F908-E576-4667-ABBE-3F904F423D64}","source_featureid":"110873968823","source_id":"REF-SACRAMENTO-LOCAL-ROADS","source_originator":"U.S. Department of Commerce, U.S. Census Bureau, Geography Division","state_route":null,"state_route_a":null,"state_route_b":null,"state_route_c":null,"stco_fipscode":"06067","tnmfrc":4,"us_route":null,"us_route_a":null,"us_route_b":null,"us_route_c":null},"type":"Feature"},{"geometry":{"coordinates":[[-121.506288,38.586293],[-121.506334,38.586302],[-121.506454,38.586324],[-121.506992,38.586425],[-121.50753,38.586526],[-121.507935,38.586656],[-121.508161,38.586787]],"type":"LineString"},"id":"REF-SACRAMENTO-LOCAL-ROADS-677","properties":{"canon_status":"REAL_REFERENCE","county_route":null,"federal_lands_route":null,"fictionality":"REAL","globalid":"{C7EAD435-8F6E-462A-B0D9-C158C93680BE}","interstate":null,"interstate_a":null,"interstate_b":null,"interstate_c":null,"loaddate":1533980968000,"mtfcc_code":"S1400","name":"I St Brg","objectid":32596038,"permanent_identifier":"e7daf880-9f9c-4d0d-a27f-eddecc55c2c8","real_world_relation":"REFERENCE_ONLY","shape_Length":222.24380939286632,"source_datadesc":"2016 October MAFTIGER","source_datasetid":"{155E1578-FAD5-4709-A194-6F828C31A01F}","source_featureid":"1104469899155","source_id":"REF-SACRAMENTO-LOCAL-ROADS","source_originator":"U.S. Department of Commerce, U.S. Census Bureau, Geography Division","state_route":null,"state_route_a":null,"state_route_b":null,"state_route_c":null,"stco_fipscode":"06113","tnmfrc":4,"us_route":null,"us_route_a":null,"us_route_b":null,"us_route_c":null},"type":"Feature"},{"geometry":{"coordinates":[[-121.499159,38.584268],[-121.499634,38.583174]],"type":"LineString"},"id":"REF-SACRAMENTO-LOCAL-ROADS-678","properties":{"canon_status":"REAL_REFERENCE","county_route":null,"federal_lands_route":null,"fictionality":"REAL","globalid":"{9D39FFBB-1912-4CC2-ADBE-B64979209FA3}","interstate":null,"interstate_a":null,"interstate_b":null,"interstate_c":null,"loaddate":1533980464000,"mtfcc_code":"S1400","name":"5th St","objectid":32724789,"permanent_identifier":"b2d6a101-4b8e-4ccb-ab2f-0e1ddf227bd0","real_world_relation":"REFERENCE_ONLY","shape_Length":164.52234431653358,"source_datadesc":"2016 October MAFTIGER","source_datasetid":"{155E1578-FAD5-4709-A194-6F828C31A01F}","source_featureid":"110873852123","source_id":"REF-SACRAMENTO-LOCAL-ROADS","source_originator":"U.S. Department of Commerce, U.S. Census Bureau, Geography Division","state_route":null,"state_route_a":null,"state_route_b":null,"state_route_c":null,"stco_fipscode":"06067","tnmfrc":4,"us_route":null,"us_route_a":null,"us_route_b":null,"us_route_c":null},"type":"Feature"},{"geometry":{"coordinates":[[-121.491344,38.585241],[-121.491582,38.584689]],"type":"LineString"},"id":"REF-SACRAMENTO-LOCAL-ROADS-679","properties":{"canon_status":"REAL_REFERENCE","county_route":null,"federal_lands_route":null,"fictionality":"REAL","globalid":"{51D1F2AD-4ED0-4BBB-8E3C-4E9590497A88}","interstate":null,"interstate_a":null,"interstate_b":null,"interstate_c":null,"loaddate":1533980606000,"mtfcc_code":"S1400","name":"10th St","objectid":32725325,"permanent_identifier":"f5b18906-73f6-4325-a7da-c5d6524d95cf","real_world_relation":"REFERENCE_ONLY","shape_Length":82.95478033499006,"source_datadesc":"2016 October MAFTIGER","source_datasetid":"{155E1578-FAD5-4709-A194-6F828C31A01F}","source_featureid":"110873853074","source_id":"REF-SACRAMENTO-LOCAL-ROADS","source_originator":"U.S. Department of Commerce, U.S. Census Bureau, Geography Division","state_route":null,"state_route_a":null,"state_route_b":null,"state_route_c":null,"stco_fipscode":"06067","tnmfrc":4,"us_route":null,"us_route_a":null,"us_route_b":null,"us_route_c":null},"type":"Feature"},{"geometry":{"coordinates":[[-121.511728,38.57983],[-121.512972,38.579614],[-121.513592,38.579471],[-121.513829,38.579435],[-121.514319,38.579423],[-121.514683,38.579416],[-121.515161,38.579414],[-121.515486,38.579443]],"type":"LineString"},"id":"REF-SACRAMENTO-LOCAL-ROADS-680","properties":{"canon_status":"REAL_REFERENCE","county_route":null,"federal_lands_route":null,"fictionality":"REAL","globalid":"{83B06836-9092-4365-82B3-0A164B675D60}","interstate":null,"interstate_a":null,"interstate_b":null,"interstate_c":null,"loaddate":1748461534000,"mtfcc_code":"S1400","name":"Ballpark Dr","objectid":33299768,"permanent_identifier":"47737a71-2f4d-4599-99d1-db9a375bb7dd","real_world_relation":"REFERENCE_ONLY","shape_Length":425.3957148720491,"source_datadesc":"2021 February MAF/TIGER","source_datasetid":"{7CE8BA04-9EA0-41EF-BDBF-8B7FAD228776}","source_featureid":"110758808455","source_id":"REF-SACRAMENTO-LOCAL-ROADS","source_originator":"U.S. Department of Commerce, U.S. Census Bureau, Geography Division","state_route":null,"state_route_a":null,"state_route_b":null,"state_route_c":null,"stco_fipscode":"06113","tnmfrc":4,"us_route":null,"us_route_a":null,"us_route_b":null,"us_route_c":null},"type":"Feature"},{"geometry":{"coordinates":[[-121.511728,38.57983],[-121.512121,38.579148],[-121.513245,38.577207],[-121.513319,38.577101],[-121.513778,38.576457],[-121.514117,38.575979],[-121.514479,38.576081],[-121.514726,38.57615],[-121.514943,38.576198],[-121.515779,38.576385],[-121.51632,38.576604],[-121.516765,38.576784]],"type":"LineString"},"id":"REF-SACRAMENTO-LOCAL-ROADS-681","properties":{"canon_status":"REAL_REFERENCE","county_route":null,"federal_lands_route":null,"fictionality":"REAL","globalid":"{3EE3332E-043F-416B-9DD7-862F8C3512E8}","interstate":null,"interstate_a":null,"interstate_b":null,"interstate_c":null,"loaddate":1748461534000,"mtfcc_code":"S1400","name":"S River Rd","objectid":33299769,"permanent_identifier":"6e1117ac-131f-4558-91bb-714a0f08fcdb","real_world_relation":"REFERENCE_ONLY","shape_Length":927.3843849120418,"source_datadesc":"2021 February MAF/TIGER","source_datasetid":"{7CE8BA04-9EA0-41EF-BDBF-8B7FAD228776}","source_featureid":"1102218798959","source_id":"REF-SACRAMENTO-LOCAL-ROADS","source_originator":"U.S. Department of Commerce, U.S. Census Bureau, Geography Division","state_route":null,"state_route_a":null,"state_route_b":null,"state_route_c":null,"stco_fipscode":"06113","tnmfrc":4,"us_route":null,"us_route_a":null,"us_route_b":null,"us_route_c":null},"type":"Feature"},{"geometry":{"coordinates":[[-121.51181,38.579931],[-121.511728,38.57983]],"type":"LineString"},"id":"REF-SACRAMENTO-LOCAL-ROADS-682","properties":{"canon_status":"REAL_REFERENCE","county_route":null,"federal_lands_route":null,"fictionality":"REAL","globalid":"{A7E3A187-8B6F-403A-A0D3-2714CB07F1E8}","interstate":null,"interstate_a":null,"interstate_b":null,"interstate_c":null,"loaddate":1748461534000,"mtfcc_code":"S1400","name":"3rd St","objectid":33299770,"permanent_identifier":"33b6525b-9f30-418f-ba94-274c6ce5d955","real_world_relation":"REFERENCE_ONLY","shape_Length":17.08544711831661,"source_datadesc":"2021 February MAF/TIGER","source_datasetid":"{7CE8BA04-9EA0-41EF-BDBF-8B7FAD228776}","source_featureid":"110758800273","source_id":"REF-SACRAMENTO-LOCAL-ROADS","source_originator":"U.S. Department of Commerce, U.S. Census Bureau, Geography Division","state_route":null,"state_route_a":null,"state_route_b":null,"state_route_c":null,"stco_fipscode":"06113","tnmfrc":4,"us_route":null,"us_route_a":null,"us_route_b":null,"us_route_c":null},"type":"Feature"},{"geometry":{"coordinates":[[-121.509934,38.580986],[-121.511287,38.581306]],"type":"LineString"},"id":"REF-SACRAMENTO-LOCAL-ROADS-683","properties":{"canon_status":"REAL_REFERENCE","county_route":null,"federal_lands_route":null,"fictionality":"REAL","globalid":"{ABB9E11C-5F4B-40F4-8D81-DDFA56591A09}","interstate":null,"interstate_a":null,"interstate_b":null,"interstate_c":null,"loaddate":1748461534000,"mtfcc_code":"S1400","name":"Tower Bridge Gateway","objectid":33299773,"permanent_identifier":"4054f8ce-cd18-448d-8c04-d14ac52202b9","real_world_relation":"REFERENCE_ONLY","shape_Length":157.3577929870411,"source_datadesc":"2016 October MAFTIGER","source_datasetid":"{7CE8BA04-9EA0-41EF-BDBF-8B7FAD228776}","source_featureid":"1104269377271","source_id":"REF-SACRAMENTO-LOCAL-ROADS","source_originator":"U.S. Department of Commerce, U.S. Census Bureau, Geography Division","state_route":null,"state_route_a":null,"state_route_b":null,"state_route_c":null,"stco_fipscode":"06113","tnmfrc":4,"us_route":null,"us_route_a":null,"us_route_b":null,"us_route_c":null},"type":"Feature"},{"geometry":{"coordinates":[[-121.511564,38.581372],[-121.511566,38.581283],[-121.511568,38.581234],[-121.511572,38.581118],[-121.511656,38.580854],[-121.511722,38.58058],[-121.511782,38.58033],[-121.511818,38.580104],[-121.51181,38.579931]],"type":"LineString"},"id":"REF-SACRAMENTO-LOCAL-ROADS-684","properties":{"canon_status":"REAL_REFERENCE","county_route":null,"federal_lands_route":null,"fictionality":"REAL","globalid":"{EA05B808-D95D-4807-9763-97B0D5B6765F}","interstate":null,"interstate_a":null,"interstate_b":null,"interstate_c":null,"loaddate":1748461534000,"mtfcc_code":"S1400","name":"3rd St","objectid":33299774,"permanent_identifier":"9794d3f6-d9d2-401a-97a3-2125cf4b322f","real_world_relation":"REFERENCE_ONLY","shape_Length":207.91708711374878,"source_datadesc":"2016 October MAFTIGER","source_datasetid":"{7CE8BA04-9EA0-41EF-BDBF-8B7FAD228776}","source_featureid":"110758800273","source_id":"REF-SACRAMENTO-LOCAL-ROADS","source_originator":"U.S. Department of Commerce, U.S. Census Bureau, Geography Division","state_route":null,"state_route_a":null,"state_route_b":null,"state_route_c":null,"stco_fipscode":"06113","tnmfrc":4,"us_route":null,"us_route_a":null,"us_route_b":null,"us_route_c":null},"type":"Feature"},{"geometry":{"coordinates":[[-121.511287,38.581306],[-121.511564,38.581372]],"type":"LineString"},"id":"REF-SACRAMENTO-LOCAL-ROADS-685","properties":{"canon_status":"REAL_REFERENCE","county_route":null,"federal_lands_route":null,"fictionality":"REAL","globalid":"{EA9FEA67-07C5-47A0-81A0-76CC6CDF2B92}","interstate":null,"interstate_a":null,"interstate_b":null,"interstate_c":null,"loaddate":1748461534000,"mtfcc_code":"S1400","name":"Tower Bridge Gateway","objectid":33299775,"permanent_identifier":"531eeb35-8131-4be6-8c1e-f79bd5b222ee","real_world_relation":"REFERENCE_ONLY","shape_Length":32.23603173716371,"source_datadesc":"2016 October MAFTIGER","source_datasetid":"{7CE8BA04-9EA0-41EF-BDBF-8B7FAD228776}","source_featureid":"1104269377271","source_id":"REF-SACRAMENTO-LOCAL-ROADS","source_originator":"U.S. Department of Commerce, U.S. Census Bureau, Geography Division","state_route":null,"state_route_a":null,"state_route_b":null,"state_route_c":null,"stco_fipscode":"06113","tnmfrc":4,"us_route":null,"us_route_a":null,"us_route_b":null,"us_route_c":null},"type":"Feature"},{"geometry":{"coordinates":[[-121.511561,38.581479],[-121.511562,38.581429],[-121.511564,38.581372]],"type":"LineString"},"id":"REF-SACRAMENTO-LOCAL-ROADS-686","properties":{"canon_status":"REAL_REFERENCE","county_route":null,"federal_lands_route":null,"fictionality":"REAL","globalid":"{CCB45058-041A-470E-9278-35FF06AAC728}","interstate":null,"interstate_a":null,"interstate_b":null,"interstate_c":null,"loaddate":1748461534000,"mtfcc_code":"S1400","name":"3rd St","objectid":33299776,"permanent_identifier":"f9d9b695-2043-4d4e-b7ee-6d32264bad18","real_world_relation":"REFERENCE_ONLY","shape_Length":15.241023160089078,"source_datadesc":"2016 October MAFTIGER","source_datasetid":"{7CE8BA04-9EA0-41EF-BDBF-8B7FAD228776}","source_featureid":"110758800273","source_id":"REF-SACRAMENTO-LOCAL-ROADS","source_originator":"U.S. Department of Commerce, U.S. Census Bureau, Geography Division","state_route":null,"state_route_a":null,"state_route_b":null,"state_route_c":null,"stco_fipscode":"06113","tnmfrc":4,"us_route":null,"us_route_a":null,"us_route_b":null,"us_route_c":null},"type":"Feature"},{"geometry":{"coordinates":[[-121.509918,38.581022],[-121.510032,38.581055],[-121.510346,38.581149],[-121.510374,38.581156],[-121.510489,38.581188],[-121.510703,38.581246],[-121.511,38.581328],[-121.511346,38.581421],[-121.511561,38.581479]],"type":"LineString"},"id":"REF-SACRAMENTO-LOCAL-ROADS-687","properties":{"canon_status":"REAL_REFERENCE","county_route":null,"federal_lands_route":null,"fictionality":"REAL","globalid":"{4F450667-B2AC-45EB-8AB4-701667C8886D}","interstate":null,"interstate_a":null,"interstate_b":null,"interstate_c":null,"loaddate":1748461534000,"mtfcc_code":"S1400","name":"Tower Bridge Gateway","objectid":33299777,"permanent_identifier":"200cbdfd-c061-4b04-9c90-a684f6f7b8dc","real_world_relation":"REFERENCE_ONLY","shape_Length":194.14870505941659,"source_datadesc":"2016 October MAFTIGER","source_datasetid":"{7CE8BA04-9EA0-41EF-BDBF-8B7FAD228776}","source_featureid":"1104269377270","source_id":"REF-SACRAMENTO-LOCAL-ROADS","source_originator":"U.S. Department of Commerce, U.S. Census Bureau, Geography Division","state_route":null,"state_route_a":null,"state_route_b":null,"state_route_c":null,"stco_fipscode":"06113","tnmfrc":4,"us_route":null,"us_route_a":null,"us_route_b":null,"us_route_c":null},"type":"Feature"},{"geometry":{"coordinates":[[-121.511585,38.581818],[-121.511574,38.58175],[-121.511556,38.581628],[-121.511558,38.581547],[-121.511561,38.581479]],"type":"LineString"},"id":"REF-SACRAMENTO-LOCAL-ROADS-688","properties":{"canon_status":"REAL_REFERENCE","county_route":null,"federal_lands_route":null,"fictionality":"REAL","globalid":"{548D054F-B17C-4295-9661-8416BBF48682}","interstate":null,"interstate_a":null,"interstate_b":null,"interstate_c":null,"loaddate":1748461534000,"mtfcc_code":"S1400","name":"3rd St","objectid":33299778,"permanent_identifier":"5eaf511e-c9fb-4c02-a974-1d54eaad3707","real_world_relation":"REFERENCE_ONLY","shape_Length":48.47489404529579,"source_datadesc":"2016 October MAFTIGER","source_datasetid":"{7CE8BA04-9EA0-41EF-BDBF-8B7FAD228776}","source_featureid":"110758800273","source_id":"REF-SACRAMENTO-LOCAL-ROADS","source_originator":"U.S. Department of Commerce, U.S. Census Bureau, Geography Division","state_route":null,"state_route_a":null,"state_route_b":null,"state_route_c":null,"stco_fipscode":"06113","tnmfrc":4,"us_route":null,"us_route_a":null,"us_route_b":null,"us_route_c":null},"type":"Feature"},{"geometry":{"coordinates":[[-121.511564,38.581372],[-121.511827,38.581458],[-121.512459,38.581606],[-121.513142,38.581779],[-121.513605,38.581856],[-121.513906,38.581897],[-121.514177,38.581932],[-121.514294,38.581934]],"type":"LineString"},"id":"REF-SACRAMENTO-LOCAL-ROADS-689","properties":{"canon_status":"REAL_REFERENCE","county_route":null,"federal_lands_route":null,"fictionality":"REAL","globalid":"{D8A7EFFA-768D-4062-96AB-B3BC7FB56965}","interstate":null,"interstate_a":null,"interstate_b":null,"interstate_c":null,"loaddate":1748461534000,"mtfcc_code":"S1400","name":"Tower Bridge Gateway","objectid":33299780,"permanent_identifier":"7f3228d5-31f2-4ec4-a06d-4d1a2e492e67","real_world_relation":"REFERENCE_ONLY","shape_Length":315.3578077055554,"source_datadesc":"2021 February MAF/TIGER","source_datasetid":"{7CE8BA04-9EA0-41EF-BDBF-8B7FAD228776}","source_featureid":"1104269377271","source_id":"REF-SACRAMENTO-LOCAL-ROADS","source_originator":"U.S. Department of Commerce, U.S. Census Bureau, Geography Division","state_route":null,"state_route_a":null,"state_route_b":null,"state_route_c":null,"stco_fipscode":"06113","tnmfrc":4,"us_route":null,"us_route_a":null,"us_route_b":null,"us_route_c":null},"type":"Feature"},{"geometry":{"coordinates":[[-121.511561,38.581479],[-121.512375,38.581698],[-121.512912,38.581843],[-121.513303,38.581935],[-121.513822,38.582011],[-121.514109,38.582042],[-121.514244,38.582049]],"type":"LineString"},"id":"REF-SACRAMENTO-LOCAL-ROADS-690","properties":{"canon_status":"REAL_REFERENCE","county_route":null,"federal_lands_route":null,"fictionality":"REAL","globalid":"{B580F8D2-B585-4292-869E-44C95DBE073D}","interstate":null,"interstate_a":null,"interstate_b":null,"interstate_c":null,"loaddate":1748461534000,"mtfcc_code":"S1400","name":"Tower Bridge Gateway","objectid":33299784,"permanent_identifier":"9034886c-7c58-4ef8-a3e6-9b3b049e78b1","real_world_relation":"REFERENCE_ONLY","shape_Length":310.63272821574674,"source_datadesc":"2021 February MAF/TIGER","source_datasetid":"{7CE8BA04-9EA0-41EF-BDBF-8B7FAD228776}","source_featureid":"1104269377270","source_id":"REF-SACRAMENTO-LOCAL-ROADS","source_originator":"U.S. Department of Commerce, U.S. Census Bureau, Geography Division","state_route":null,"state_route_a":null,"state_route_b":null,"state_route_c":null,"stco_fipscode":"06113","tnmfrc":4,"us_route":null,"us_route_a":null,"us_route_b":null,"us_route_c":null},"type":"Feature"},{"geometry":{"coordinates":[[-121.511501,38.582212],[-121.511517,38.582133],[-121.511567,38.581896],[-121.511585,38.581818]],"type":"LineString"},"id":"REF-SACRAMENTO-LOCAL-ROADS-691","properties":{"canon_status":"REAL_REFERENCE","county_route":null,"federal_lands_route":null,"fictionality":"REAL","globalid":"{5C2C6CDE-1079-425F-BACF-3D9C76C18B1B}","interstate":null,"interstate_a":null,"interstate_b":null,"interstate_c":null,"loaddate":1748461534000,"mtfcc_code":"S1400","name":"3rd St","objectid":33299788,"permanent_identifier":"a4d4995a-38f7-4d1e-b2a7-a7f75816baf9","real_world_relation":"REFERENCE_ONLY","shape_Length":56.88249102130253,"source_datadesc":"2016 October MAFTIGER","source_datasetid":"{7CE8BA04-9EA0-41EF-BDBF-8B7FAD228776}","source_featureid":"110758800273","source_id":"REF-SACRAMENTO-LOCAL-ROADS","source_originator":"U.S. Department of Commerce, U.S. Census Bureau, Geography Division","state_route":null,"state_route_a":null,"state_route_b":null,"state_route_c":null,"stco_fipscode":"06113","tnmfrc":4,"us_route":null,"us_route_a":null,"us_route_b":null,"us_route_c":null},"type":"Feature"},{"geometry":{"coordinates":[[-121.510958,38.583638],[-121.511029,38.583339],[-121.511068,38.583178],[-121.511251,38.582788],[-121.511383,38.582494],[-121.511491,38.582258],[-121.511501,38.582212]],"type":"LineString"},"id":"REF-SACRAMENTO-LOCAL-ROADS-692","properties":{"canon_status":"REAL_REFERENCE","county_route":null,"federal_lands_route":null,"fictionality":"REAL","globalid":"{6326CAD5-71B5-4421-BA68-8D7B94ACA843}","interstate":null,"interstate_a":null,"interstate_b":null,"interstate_c":null,"loaddate":1748461534000,"mtfcc_code":"S1400","name":"3rd St","objectid":33299790,"permanent_identifier":"626819ae-622b-45b7-986a-96a5848c1fc1","real_world_relation":"REFERENCE_ONLY","shape_Length":212.50700463223504,"source_datadesc":"2016 October MAFTIGER","source_datasetid":"{7CE8BA04-9EA0-41EF-BDBF-8B7FAD228776}","source_featureid":"110758800270","source_id":"REF-SACRAMENTO-LOCAL-ROADS","source_originator":"U.S. Department of Commerce, U.S. Census Bureau, Geography Division","state_route":null,"state_route_a":null,"state_route_b":null,"state_route_c":null,"stco_fipscode":"06113","tnmfrc":4,"us_route":null,"us_route_a":null,"us_route_b":null,"us_route_c":null},"type":"Feature"},{"geometry":{"coordinates":[[-121.512321,38.583814],[-121.512417,38.583484],[-121.51252,38.583136],[-121.512569,38.582905],[-121.512707,38.582498],[-121.512715,38.582476],[-121.512875,38.582199]],"type":"LineString"},"id":"REF-SACRAMENTO-LOCAL-ROADS-693","properties":{"canon_status":"REAL_REFERENCE","county_route":null,"federal_lands_route":null,"fictionality":"REAL","globalid":"{5B69B94E-85C6-4794-BD6F-F36A37B3A147}","interstate":null,"interstate_a":null,"interstate_b":null,"interstate_c":null,"loaddate":1748461534000,"mtfcc_code":"S1400","name":"4th St","objectid":33299791,"permanent_identifier":"a19dc59c-37dc-4411-9fe0-84b62b2834ce","real_world_relation":"REFERENCE_ONLY","shape_Length":238.90383592342312,"source_datadesc":"2016 October MAFTIGER","source_datasetid":"{7CE8BA04-9EA0-41EF-BDBF-8B7FAD228776}","source_featureid":"110758800283","source_id":"REF-SACRAMENTO-LOCAL-ROADS","source_originator":"U.S. Department of Commerce, U.S. Census Bureau, Geography Division","state_route":null,"state_route_a":null,"state_route_b":null,"state_route_c":null,"stco_fipscode":"06113","tnmfrc":4,"us_route":null,"us_route_a":null,"us_route_b":null,"us_route_c":null},"type":"Feature"},{"geometry":{"coordinates":[[-121.504809,38.589479],[-121.503887,38.589596]],"type":"LineString"},"id":"REF-SACRAMENTO-LOCAL-ROADS-694","properties":{"canon_status":"REAL_REFERENCE","county_route":null,"federal_lands_route":null,"fictionality":"REAL","globalid":"{E1A01C78-64DF-4DA7-9BB3-EAC98B55F9E9}","interstate":null,"interstate_a":null,"interstate_b":null,"interstate_c":null,"loaddate":1748519528000,"mtfcc_code":"S1400","name":null,"objectid":33330909,"permanent_identifier":"{61AD22EC-46BE-4B9E-8247-8C82B96B630B}","real_world_relation":"REFERENCE_ONLY","shape_Length":104.0570108610864,"source_datadesc":"2021 February MAF/TIGER","source_datasetid":"{7AD8F908-E576-4667-ABBE-3F904F423D64}","source_featureid":"110873834384","source_id":"REF-SACRAMENTO-LOCAL-ROADS","source_originator":"U.S. Department of Commerce, U.S. Census Bureau, Geography Division","state_route":null,"state_route_a":null,"state_route_b":null,"state_route_c":null,"stco_fipscode":"06067","tnmfrc":4,"us_route":null,"us_route_a":null,"us_route_b":null,"us_route_c":null},"type":"Feature"},{"geometry":{"coordinates":[[-121.503887,38.589596],[-121.499586,38.590143],[-121.498623,38.590213],[-121.497991,38.590206],[-121.497541,38.590199],[-121.496529,38.590114],[-121.495461,38.58996],[-121.494094,38.589575]],"type":"LineString"},"id":"REF-SACRAMENTO-LOCAL-ROADS-695","properties":{"canon_status":"REAL_REFERENCE","county_route":null,"federal_lands_route":null,"fictionality":"REAL","globalid":"{4FFF3638-3503-4692-B116-017117DE6039}","interstate":null,"interstate_a":null,"interstate_b":null,"interstate_c":null,"loaddate":1748519528000,"mtfcc_code":"S1400","name":null,"objectid":33330910,"permanent_identifier":"4aa3ecbe-5487-4ae1-9a35-9e67dfe93466","real_world_relation":"REFERENCE_ONLY","shape_Length":1109.1310189205938,"source_datadesc":"2021 February MAF/TIGER","source_datasetid":"{7AD8F908-E576-4667-ABBE-3F904F423D64}","source_featureid":"110873834384","source_id":"REF-SACRAMENTO-LOCAL-ROADS","source_originator":"U.S. Department of Commerce, U.S. Census Bureau, Geography Division","state_route":null,"state_route_a":null,"state_route_b":null,"state_route_c":null,"stco_fipscode":"06067","tnmfrc":4,"us_route":null,"us_route_a":null,"us_route_b":null,"us_route_c":null},"type":"Feature"},{"geometry":{"coordinates":[[-121.503809,38.591316],[-121.503745,38.591767],[-121.50364,38.592062],[-121.503493,38.592859],[-121.503512,38.592953],[-121.503716,38.593743],[-121.503736,38.59391],[-121.503737,38.594021],[-121.50372,38.594188],[-121.50368,38.594353],[-121.503595,38.594625],[-121.503532,38.594826],[-121.503323,38.59542],[-121.503304,38.595464],[-121.503008,38.595916]],"type":"LineString"},"id":"REF-SACRAMENTO-LOCAL-ROADS-696","properties":{"canon_status":"REAL_REFERENCE","county_route":null,"federal_lands_route":null,"fictionality":"REAL","globalid":"{8C84C4DB-89C4-4F46-8DEB-274CDDBD3DF3}","interstate":null,"interstate_a":null,"interstate_b":null,"interstate_c":null,"loaddate":1748519528000,"mtfcc_code":"S1400","name":"Bercut Dr","objectid":33330911,"permanent_identifier":"c8b8a0fa-e4eb-496c-9314-c668d6b9e3ec","real_world_relation":"REFERENCE_ONLY","shape_Length":674.7681530137407,"source_datadesc":"2024 September MAF/TIGER","source_datasetid":"{7AD8F908-E576-4667-ABBE-3F904F423D64}","source_featureid":"110873948086","source_id":"REF-SACRAMENTO-LOCAL-ROADS","source_originator":"U.S. Department of Commerce, U.S. Census Bureau, Geography Division","state_route":null,"state_route_a":null,"state_route_b":null,"state_route_c":null,"stco_fipscode":"06067","tnmfrc":4,"us_route":null,"us_route_a":null,"us_route_b":null,"us_route_c":null},"type":"Feature"},{"geometry":{"coordinates":[[-121.511378,38.605313],[-121.512587,38.605118],[-121.512708,38.605112],[-121.512827,38.605118],[-121.512944,38.605139],[-121.513057,38.605171],[-121.513413,38.60534]],"type":"LineString"},"id":"REF-SACRAMENTO-LOCAL-ROADS-697","properties":{"canon_status":"REAL_REFERENCE","county_route":null,"federal_lands_route":null,"fictionality":"REAL","globalid":"{61E3F173-2227-4A7A-A60F-5BB65104A1F1}","interstate":null,"interstate_a":null,"interstate_b":null,"interstate_c":null,"loaddate":1748519528000,"mtfcc_code":"S1400","name":"River Plaza Dr","objectid":33330998,"permanent_identifier":"5d060325-6b7f-4bfc-b56a-77ee1fb709cb","real_world_relation":"REFERENCE_ONLY","shape_Length":237.30529623459677,"source_datadesc":"2016 October MAFTIGER","source_datasetid":"{7AD8F908-E576-4667-ABBE-3F904F423D64}","source_featureid":"110874182922","source_id":"REF-SACRAMENTO-LOCAL-ROADS","source_originator":"U.S. Department of Commerce, U.S. Census Bureau, Geography Division","state_route":null,"state_route_a":null,"state_route_b":null,"state_route_c":null,"stco_fipscode":"06067","tnmfrc":4,"us_route":null,"us_route_a":null,"us_route_b":null,"us_route_c":null},"type":"Feature"},{"geometry":{"coordinates":[[-121.513541,38.606983],[-121.512965,38.606988]],"type":"LineString"},"id":"REF-SACRAMENTO-LOCAL-ROADS-698","properties":{"canon_status":"REAL_REFERENCE","county_route":null,"federal_lands_route":null,"fictionality":"REAL","globalid":"{290AE5B3-CDB5-4287-940F-6EA1D0273541}","interstate":null,"interstate_a":null,"interstate_b":null,"interstate_c":null,"loaddate":1748519528000,"mtfcc_code":"S1400","name":null,"objectid":33331023,"permanent_identifier":"97ef5255-fb9c-436f-9e8b-31a9082bed64","real_world_relation":"REFERENCE_ONLY","shape_Length":64.12395629698743,"source_datadesc":"2021 February MAF/TIGER","source_datasetid":"{7AD8F908-E576-4667-ABBE-3F904F423D64}","source_featureid":"110874217428","source_id":"REF-SACRAMENTO-LOCAL-ROADS","source_originator":"U.S. Department of Commerce, U.S. Census Bureau, Geography Division","state_route":null,"state_route_a":null,"state_route_b":null,"state_route_c":null,"stco_fipscode":"06067","tnmfrc":4,"us_route":null,"us_route_a":null,"us_route_b":null,"us_route_c":null},"type":"Feature"},{"geometry":{"coordinates":[[-121.512939,38.607592],[-121.512851,38.607448],[-121.512775,38.607285],[-121.512737,38.607174],[-121.51271,38.60706],[-121.512701,38.606996],[-121.512687,38.606888],[-121.512686,38.606715],[-121.512699,38.606599],[-121.512737,38.606429],[-121.512798,38.606262],[-121.512851,38.606154],[-121.512913,38.60605],[-121.513413,38.60534]],"type":"LineString"},"id":"REF-SACRAMENTO-LOCAL-ROADS-699","properties":{"canon_status":"REAL_REFERENCE","county_route":null,"federal_lands_route":null,"fictionality":"REAL","globalid":"{413500C0-DC6C-4B1E-98F5-3FF2049E0AFB}","interstate":null,"interstate_a":null,"interstate_b":null,"interstate_c":null,"loaddate":1748519528000,"mtfcc_code":"S1400","name":"Gateway Oaks Dr","objectid":33331036,"permanent_identifier":"c951ec9d-196b-4336-9000-09570d64e7f1","real_world_relation":"REFERENCE_ONLY","shape_Length":343.78620857768476,"source_datadesc":"2016 October MAFTIGER","source_datasetid":"{7AD8F908-E576-4667-ABBE-3F904F423D64}","source_featureid":"110874184863","source_id":"REF-SACRAMENTO-LOCAL-ROADS","source_originator":"U.S. Department of Commerce, U.S. Census Bureau, Geography Division","state_route":null,"state_route_a":null,"state_route_b":null,"state_route_c":null,"stco_fipscode":"06067","tnmfrc":4,"us_route":null,"us_route_a":null,"us_route_b":null,"us_route_c":null},"type":"Feature"},{"geometry":{"coordinates":[[-121.515769,38.608675],[-121.515179,38.608569],[-121.514522,38.608451],[-121.514283,38.608408],[-121.514141,38.608376],[-121.513935,38.608314],[-121.513798,38.608261],[-121.513675,38.608205],[-121.513494,38.608106],[-121.513328,38.607992],[-121.513226,38.607909],[-121.51313,38.60782],[-121.513003,38.607678],[-121.512939,38.607592]],"type":"LineString"},"id":"REF-SACRAMENTO-LOCAL-ROADS-700","properties":{"canon_status":"REAL_REFERENCE","county_route":null,"federal_lands_route":null,"fictionality":"REAL","globalid":"{6F582256-43F8-4B05-AA92-C33C49302269}","interstate":null,"interstate_a":null,"interstate_b":null,"interstate_c":null,"loaddate":1748519528000,"mtfcc_code":"S1400","name":"Gateway Oaks Dr","objectid":33331083,"permanent_identifier":"f30cf631-3bcf-453f-afce-19ae55238c37","real_world_relation":"REFERENCE_ONLY","shape_Length":364.6481515892265,"source_datadesc":"2016 October MAFTIGER","source_datasetid":"{7AD8F908-E576-4667-ABBE-3F904F423D64}","source_featureid":"110874184863","source_id":"REF-SACRAMENTO-LOCAL-ROADS","source_originator":"U.S. Department of Commerce, U.S. Census Bureau, Geography Division","state_route":null,"state_route_a":null,"state_route_b":null,"state_route_c":null,"stco_fipscode":"06067","tnmfrc":4,"us_route":null,"us_route_a":null,"us_route_b":null,"us_route_c":null},"type":"Feature"},{"geometry":{"coordinates":[[-121.517195,38.612214],[-121.516423,38.612002],[-121.514227,38.61122],[-121.514023,38.611143],[-121.513754,38.611024],[-121.513496,38.610891],[-121.51325,38.610744],[-121.513144,38.610671],[-121.513018,38.610584],[-121.512801,38.610414],[-121.512649,38.610286],[-121.51254,38.61018],[-121.512436,38.610069],[-121.512309,38.609915],[-121.51217,38.609714],[-121.512056,38.609504],[-121.511981,38.609331],[-121.511945,38.609227],[-121.511905,38.609065],[-121.511889,38.608901],[-121.511894,38.608736],[-121.511921,38.608572],[-121.511952,38.608465],[-121.511991,38.60836],[-121.512035,38.608267],[-121.512104,38.608154],[-121.512189,38.608046],[-121.512323,38.607915],[-121.512439,38.607827],[-121.512565,38.607749],[-121.512701,38.607682],[-121.512939,38.607592]],"type":"LineString"},"id":"REF-SACRAMENTO-LOCAL-ROADS-701","properties":{"canon_status":"REAL_REFERENCE","county_route":null,"federal_lands_route":null,"fictionality":"REAL","globalid":"{B02FF4E2-A310-4EF5-8D94-C97B4A3F5344}","interstate":null,"interstate_a":null,"interstate_b":null,"interstate_c":null,"loaddate":1748519528000,"mtfcc_code":"S1400","name":"Venture Oaks Way","objectid":33331133,"permanent_identifier":"0824cd27-8060-4476-862c-735b42885f6c","real_world_relation":"REFERENCE_ONLY","shape_Length":1035.6020378478727,"source_datadesc":"2016 October MAFTIGER","source_datasetid":"{7AD8F908-E576-4667-ABBE-3F904F423D64}","source_featureid":"110874193232","source_id":"REF-SACRAMENTO-LOCAL-ROADS","source_originator":"U.S. Department of Commerce, U.S. Census Bureau, Geography Division","state_route":null,"state_route_a":null,"state_route_b":null,"state_route_c":null,"stco_fipscode":"06067","tnmfrc":4,"us_route":null,"us_route_a":null,"us_route_b":null,"us_route_c":null},"type":"Feature"},{"geometry":{"coordinates":[[-121.47739,38.579075],[-121.477626,38.578525]],"type":"LineString"},"id":"REF-SACRAMENTO-LOCAL-ROADS-702","properties":{"canon_status":"REAL_REFERENCE","county_route":null,"federal_lands_route":null,"fictionality":"REAL","globalid":"{D79AD654-505A-4DA3-8D43-0F58B5866DD8}","interstate":null,"interstate_a":null,"interstate_b":null,"interstate_c":null,"loaddate":1748519528000,"mtfcc_code":"S1400","name":"21st St","objectid":33335406,"permanent_identifier":"45a7c772-4522-4cb5-8963-f51efe7b39da","real_world_relation":"REFERENCE_ONLY","shape_Length":82.6075373540469,"source_datadesc":"2016 October MAFTIGER","source_datasetid":"{7AD8F908-E576-4667-ABBE-3F904F423D64}","source_featureid":"110873861591","source_id":"REF-SACRAMENTO-LOCAL-ROADS","source_originator":"U.S. Department of Commerce, U.S. Census Bureau, Geography Division","state_route":null,"state_route_a":null,"state_route_b":null,"state_route_c":null,"stco_fipscode":"06067","tnmfrc":4,"us_route":null,"us_route_a":null,"us_route_b":null,"us_route_c":null},"type":"Feature"},{"geometry":{"coordinates":[[-121.472917,38.579087],[-121.473149,38.578552]],"type":"LineString"},"id":"REF-SACRAMENTO-LOCAL-ROADS-703","properties":{"canon_status":"REAL_REFERENCE","county_route":null,"federal_lands_route":null,"fictionality":"REAL","globalid":"{37393C33-8DD5-432A-AA59-B9212BC0402E}","interstate":null,"interstate_a":null,"interstate_b":null,"interstate_c":null,"loaddate":1748519528000,"mtfcc_code":"S1400","name":"24th St","objectid":33335407,"permanent_identifier":"edcd4433-3e6b-411a-8c4f-d18b38e7bdde","real_world_relation":"REFERENCE_ONLY","shape_Length":80.44126046867737,"source_datadesc":"2016 October MAFTIGER","source_datasetid":"{7AD8F908-E576-4667-ABBE-3F904F423D64}","source_featureid":"110873863996","source_id":"REF-SACRAMENTO-LOCAL-ROADS","source_originator":"U.S. Department of Commerce, U.S. Census Bureau, Geography Division","state_route":null,"state_route_a":null,"state_route_b":null,"state_route_c":null,"stco_fipscode":"06067","tnmfrc":4,"us_route":null,"us_route_a":null,"us_route_b":null,"us_route_c":null},"type":"Feature"},{"geometry":{"coordinates":[[-121.468424,38.579121],[-121.468662,38.578575]],"type":"LineString"},"id":"REF-SACRAMENTO-LOCAL-ROADS-704","properties":{"canon_status":"REAL_REFERENCE","county_route":null,"federal_lands_route":null,"fictionality":"REAL","globalid":"{445B7D1B-161E-43D2-B87A-23817352E305}","interstate":null,"interstate_a":null,"interstate_b":null,"interstate_c":null,"loaddate":1748519528000,"mtfcc_code":"S1400","name":"27th St","objectid":33335408,"permanent_identifier":"e88cca80-4893-4bfb-861c-e4c1975e8a98","real_world_relation":"REFERENCE_ONLY","shape_Length":82.1392390195209,"source_datadesc":"2016 October MAFTIGER","source_datasetid":"{7AD8F908-E576-4667-ABBE-3F904F423D64}","source_featureid":"110873910113","source_id":"REF-SACRAMENTO-LOCAL-ROADS","source_originator":"U.S. Department of Commerce, U.S. Census Bureau, Geography Division","state_route":null,"state_route_a":null,"state_route_b":null,"state_route_c":null,"stco_fipscode":"06067","tnmfrc":4,"us_route":null,"us_route_a":null,"us_route_b":null,"us_route_c":null},"type":"Feature"},{"geometry":{"coordinates":[[-121.467088,38.578765],[-121.468424,38.579121]],"type":"LineString"},"id":"REF-SACRAMENTO-LOCAL-ROADS-705","properties":{"canon_status":"REAL_REFERENCE","county_route":null,"federal_lands_route":null,"fictionality":"REAL","globalid":"{E591EFCA-3B32-4CD5-959E-D54688720901}","interstate":null,"interstate_a":null,"interstate_b":null,"interstate_c":null,"loaddate":1748519528000,"mtfcc_code":"S1400","name":null,"objectid":33335409,"permanent_identifier":"077af60c-b242-43a1-99c7-9c6015193e27","real_world_relation":"REFERENCE_ONLY","shape_Length":157.12524324597194,"source_datadesc":"2021 February MAF/TIGER","source_datasetid":"{7AD8F908-E576-4667-ABBE-3F904F423D64}","source_featureid":null,"source_id":"REF-SACRAMENTO-LOCAL-ROADS","source_originator":"U.S. Department of Commerce, U.S. Census Bureau, Geography Division","state_route":null,"state_route_a":null,"state_route_b":null,"state_route_c":null,"stco_fipscode":"06067","tnmfrc":4,"us_route":null,"us_route_a":null,"us_route_b":null,"us_route_c":null},"type":"Feature"},{"geometry":{"coordinates":[[-121.480299,38.579238],[-121.479484,38.57902],[-121.478964,38.578882]],"type":"LineString"},"id":"REF-SACRAMENTO-LOCAL-ROADS-706","properties":{"canon_status":"REAL_REFERENCE","county_route":null,"federal_lands_route":null,"fictionality":"REAL","globalid":"{3BA7A14E-1121-4B7C-985D-867165255EFA}","interstate":null,"interstate_a":null,"interstate_b":null,"interstate_c":null,"loaddate":1748519528000,"mtfcc_code":"S1400","name":"H St","objectid":33335410,"permanent_identifier":"3dd92d8a-1a4f-4482-aa42-c4ea99400204","real_world_relation":"REFERENCE_ONLY","shape_Length":157.02003967011206,"source_datadesc":"2016 October MAFTIGER","source_datasetid":"{7AD8F908-E576-4667-ABBE-3F904F423D64}","source_featureid":"1104994081186","source_id":"REF-SACRAMENTO-LOCAL-ROADS","source_originator":"U.S. Department of Commerce, U.S. Census Bureau, Geography Division","state_route":null,"state_route_a":null,"state_route_b":null,"state_route_c":null,"stco_fipscode":"06067","tnmfrc":4,"us_route":null,"us_route_a":null,"us_route_b":null,"us_route_c":null},"type":"Feature"},{"geometry":{"coordinates":[[-121.475825,38.579266],[-121.476061,38.578721]],"type":"LineString"},"id":"REF-SACRAMENTO-LOCAL-ROADS-707","properties":{"canon_status":"REAL_REFERENCE","county_route":null,"federal_lands_route":null,"fictionality":"REAL","globalid":"{5521E3C7-25C1-4FF9-BF04-4C8C0E5AD5F4}","interstate":null,"interstate_a":null,"interstate_b":null,"interstate_c":null,"loaddate":1748519528000,"mtfcc_code":"S1400","name":"22nd St","objectid":33335411,"permanent_identifier":"227c69d3-ba5f-464f-a6f7-baa628f4ecab","real_world_relation":"REFERENCE_ONLY","shape_Length":81.93300547723965,"source_datadesc":"2016 October MAFTIGER","source_datasetid":"{7AD8F908-E576-4667-ABBE-3F904F423D64}","source_featureid":"1103690237119","source_id":"REF-SACRAMENTO-LOCAL-ROADS","source_originator":"U.S. Department of Commerce, U.S. Census Bureau, Geography Division","state_route":null,"state_route_a":null,"state_route_b":null,"state_route_c":null,"stco_fipscode":"06067","tnmfrc":4,"us_route":null,"us_route_a":null,"us_route_b":null,"us_route_c":null},"type":"Feature"},{"geometry":{"coordinates":[[-121.475825,38.579266],[-121.474491,38.578909]],"type":"LineString"},"id":"REF-SACRAMENTO-LOCAL-ROADS-708","properties":{"canon_status":"REAL_REFERENCE","county_route":null,"federal_lands_route":null,"fictionality":"REAL","globalid":"{3935D508-8962-4611-B30F-9A38268FD1BB}","interstate":null,"interstate_a":null,"interstate_b":null,"interstate_c":null,"loaddate":1748519528000,"mtfcc_code":"S1400","name":"G St","objectid":33335412,"permanent_identifier":"c405a35a-17b2-4c3d-8b1b-20580c901d0d","real_world_relation":"REFERENCE_ONLY","shape_Length":156.960658013946,"source_datadesc":"2016 October MAFTIGER","source_datasetid":"{7AD8F908-E576-4667-ABBE-3F904F423D64}","source_featureid":"110873834423","source_id":"REF-SACRAMENTO-LOCAL-ROADS","source_originator":"U.S. Department of Commerce, U.S. Census Bureau, Geography Division","state_route":null,"state_route_a":null,"state_route_b":null,"state_route_c":null,"stco_fipscode":"06067","tnmfrc":4,"us_route":null,"us_route_a":null,"us_route_b":null,"us_route_c":null},"type":"Feature"},{"geometry":{"coordinates":[[-121.471333,38.579287],[-121.471575,38.578728]],"type":"LineString"},"id":"REF-SACRAMENTO-LOCAL-ROADS-709","properties":{"canon_status":"REAL_REFERENCE","county_route":null,"federal_lands_route":null,"fictionality":"REAL","globalid":"{ECAEE796-425E-45E4-AFCF-78CEE0487C04}","interstate":null,"interstate_a":null,"interstate_b":null,"interstate_c":null,"loaddate":1748519528000,"mtfcc_code":"S1400","name":"25th St","objectid":33335413,"permanent_identifier":"6220dc13-ba23-423a-a5de-dcf9c2cddffc","real_world_relation":"REFERENCE_ONLY","shape_Length":84.03553338825915,"source_datadesc":"2016 October MAFTIGER","source_datasetid":"{7AD8F908-E576-4667-ABBE-3F904F423D64}","source_featureid":"110873865358","source_id":"REF-SACRAMENTO-LOCAL-ROADS","source_originator":"U.S. Department of Commerce, U.S. Census Bureau, Geography Division","state_route":null,"state_route_a":null,"state_route_b":null,"state_route_c":null,"stco_fipscode":"06067","tnmfrc":4,"us_route":null,"us_route_a":null,"us_route_b":null,"us_route_c":null},"type":"Feature"},{"geometry":{"coordinates":[[-121.471333,38.579287],[-121.469996,38.578931]],"type":"LineString"},"id":"REF-SACRAMENTO-LOCAL-ROADS-710","properties":{"canon_status":"REAL_REFERENCE","county_route":null,"federal_lands_route":null,"fictionality":"REAL","globalid":"{45FE8491-63E7-4FD7-82CC-D7C75F0D1213}","interstate":null,"interstate_a":null,"interstate_b":null,"interstate_c":null,"loaddate":1748519528000,"mtfcc_code":"S1400","name":"F St","objectid":33335414,"permanent_identifier":"da41f749-003b-43c6-85a5-b8853c3f125f","real_world_relation":"REFERENCE_ONLY","shape_Length":157.23053311039047,"source_datadesc":"2016 October MAFTIGER","source_datasetid":"{7AD8F908-E576-4667-ABBE-3F904F423D64}","source_featureid":"110873834387","source_id":"REF-SACRAMENTO-LOCAL-ROADS","source_originator":"U.S. Department of Commerce, U.S. Census Bureau, Geography Division","state_route":null,"state_route_a":null,"state_route_b":null,"state_route_c":null,"stco_fipscode":"06067","tnmfrc":4,"us_route":null,"us_route_a":null,"us_route_b":null,"us_route_c":null},"type":"Feature"},{"geometry":{"coordinates":[[-121.466853,38.579309],[-121.467088,38.578765]],"type":"LineString"},"id":"REF-SACRAMENTO-LOCAL-ROADS-711","properties":{"canon_status":"REAL_REFERENCE","county_route":null,"federal_lands_route":null,"fictionality":"REAL","globalid":"{E8C8ABD7-897D-4138-A0C3-AB5E03E46F9A}","interstate":null,"interstate_a":null,"interstate_b":null,"interstate_c":null,"loaddate":1748519528000,"mtfcc_code":"S1400","name":"28th St","objectid":33335415,"permanent_identifier":"5c3c0331-5044-418a-8676-77e79281712f","real_world_relation":"REFERENCE_ONLY","shape_Length":81.76242633786548,"source_datadesc":"2016 October MAFTIGER","source_datasetid":"{7AD8F908-E576-4667-ABBE-3F904F423D64}","source_featureid":"110873910136","source_id":"REF-SACRAMENTO-LOCAL-ROADS","source_originator":"U.S. Department of Commerce, U.S. Census Bureau, Geography Division","state_route":null,"state_route_a":null,"state_route_b":null,"state_route_c":null,"stco_fipscode":"06067","tnmfrc":4,"us_route":null,"us_route_a":null,"us_route_b":null,"us_route_c":null},"type":"Feature"},{"geometry":{"coordinates":[[-121.466853,38.579309],[-121.465511,38.578951]],"type":"LineString"},"id":"REF-SACRAMENTO-LOCAL-ROADS-712","properties":{"canon_status":"REAL_REFERENCE","county_route":null,"federal_lands_route":null,"fictionality":"REAL","globalid":"{4CA8F522-0DFC-4987-BE89-DFC565C672AE}","interstate":null,"interstate_a":null,"interstate_b":null,"interstate_c":null,"loaddate":1748519528000,"mtfcc_code":"S1400","name":"E St","objectid":33335416,"permanent_identifier":"d054e153-97a0-4b6d-8e3e-654e302024b3","real_world_relation":"REFERENCE_ONLY","shape_Length":157.84935409222945,"source_datadesc":"2016 October MAFTIGER","source_datasetid":"{7AD8F908-E576-4667-ABBE-3F904F423D64}","source_featureid":"110873834356","source_id":"REF-SACRAMENTO-LOCAL-ROADS","source_originator":"U.S. Department of Commerce, U.S. Census Bureau, Geography Division","state_route":null,"state_route_a":null,"state_route_b":null,"state_route_c":null,"stco_fipscode":"06067","tnmfrc":4,"us_route":null,"us_route_a":null,"us_route_b":null,"us_route_c":null},"type":"Feature"},{"geometry":{"coordinates":[[-121.478725,38.579432],[-121.478964,38.578882]],"type":"LineString"},"id":"REF-SACRAMENTO-LOCAL-ROADS-713","properties":{"canon_status":"REAL_REFERENCE","county_route":null,"federal_lands_route":null,"fictionality":"REAL","globalid":"{78E43C45-4168-4A4C-B350-85A5BD190B70}","interstate":null,"interstate_a":null,"interstate_b":null,"interstate_c":null,"loaddate":1748519528000,"mtfcc_code":"S1400","name":"20th St","objectid":33335417,"permanent_identifier":"2b95ea09-ada0-4fca-a9cb-f726bed6a885","real_world_relation":"REFERENCE_ONLY","shape_Length":82.71471098233414,"source_datadesc":"2016 October MAFTIGER","source_datasetid":"{7AD8F908-E576-4667-ABBE-3F904F423D64}","source_featureid":"110873860653","source_id":"REF-SACRAMENTO-LOCAL-ROADS","source_originator":"U.S. Department of Commerce, U.S. Census Bureau, Geography Division","state_route":null,"state_route_a":null,"state_route_b":null,"state_route_c":null,"stco_fipscode":"06067","tnmfrc":4,"us_route":null,"us_route_a":null,"us_route_b":null,"us_route_c":null},"type":"Feature"},{"geometry":{"coordinates":[[-121.474258,38.579445],[-121.474491,38.578909]],"type":"LineString"},"id":"REF-SACRAMENTO-LOCAL-ROADS-714","properties":{"canon_status":"REAL_REFERENCE","county_route":null,"federal_lands_route":null,"fictionality":"REAL","globalid":"{4C060B4D-C035-40FD-9730-08EEB4553DD8}","interstate":null,"interstate_a":null,"interstate_b":null,"interstate_c":null,"loaddate":1748519528000,"mtfcc_code":"S1400","name":"23rd St","objectid":33335418,"permanent_identifier":"a88d0aa6-7ac3-4766-a13c-15d9cd085620","real_world_relation":"REFERENCE_ONLY","shape_Length":80.61222407072283,"source_datadesc":"2016 October MAFTIGER","source_datasetid":"{7AD8F908-E576-4667-ABBE-3F904F423D64}","source_featureid":"110873863117","source_id":"REF-SACRAMENTO-LOCAL-ROADS","source_originator":"U.S. Department of Commerce, U.S. Census Bureau, Geography Division","state_route":null,"state_route_a":null,"state_route_b":null,"state_route_c":null,"stco_fipscode":"06067","tnmfrc":4,"us_route":null,"us_route_a":null,"us_route_b":null,"us_route_c":null},"type":"Feature"},{"geometry":{"coordinates":[[-121.469759,38.579478],[-121.469996,38.578931]],"type":"LineString"},"id":"REF-SACRAMENTO-LOCAL-ROADS-715","properties":{"canon_status":"REAL_REFERENCE","county_route":null,"federal_lands_route":null,"fictionality":"REAL","globalid":"{CF60AE23-67C9-4493-89F3-D11DB6F82CEA}","interstate":null,"interstate_a":null,"interstate_b":null,"interstate_c":null,"loaddate":1748519528000,"mtfcc_code":"S1400","name":"26th St","objectid":33335419,"permanent_identifier":"b4556277-4a8f-44ba-ac26-b298b3f8b3f5","real_world_relation":"REFERENCE_ONLY","shape_Length":82.23867838187623,"source_datadesc":"2016 October MAFTIGER","source_datasetid":"{7AD8F908-E576-4667-ABBE-3F904F423D64}","source_featureid":"110873910078","source_id":"REF-SACRAMENTO-LOCAL-ROADS","source_originator":"U.S. Department of Commerce, U.S. Census Bureau, Geography Division","state_route":null,"state_route_a":null,"state_route_b":null,"state_route_c":null,"stco_fipscode":"06067","tnmfrc":4,"us_route":null,"us_route_a":null,"us_route_b":null,"us_route_c":null},"type":"Feature"},{"geometry":{"coordinates":[[-121.468424,38.579121],[-121.469759,38.579478]],"type":"LineString"},"id":"REF-SACRAMENTO-LOCAL-ROADS-716","properties":{"canon_status":"REAL_REFERENCE","county_route":null,"federal_lands_route":null,"fictionality":"REAL","globalid":"{F7F8A13F-2FE8-4F09-8151-969D14256E9C}","interstate":null,"interstate_a":null,"interstate_b":null,"interstate_c":null,"loaddate":1748519528000,"mtfcc_code":"S1400","name":null,"objectid":33335420,"permanent_identifier":"2ccfea12-c1c9-4a0e-ae51-5283106604e1","real_world_relation":"REFERENCE_ONLY","shape_Length":157.06593306511397,"source_datadesc":"2021 February MAF/TIGER","source_datasetid":"{7AD8F908-E576-4667-ABBE-3F904F423D64}","source_featureid":null,"source_id":"REF-SACRAMENTO-LOCAL-ROADS","source_originator":"U.S. Department of Commerce, U.S. Census Bureau, Geography Division","state_route":null,"state_route_a":null,"state_route_b":null,"state_route_c":null,"stco_fipscode":"06067","tnmfrc":4,"us_route":null,"us_route_a":null,"us_route_b":null,"us_route_c":null},"type":"Feature"},{"geometry":{"coordinates":[[-121.465272,38.579499],[-121.465511,38.578951]],"type":"LineString"},"id":"REF-SACRAMENTO-LOCAL-ROADS-717","properties":{"canon_status":"REAL_REFERENCE","county_route":null,"federal_lands_route":null,"fictionality":"REAL","globalid":"{B189439B-2E5D-4227-AB30-EF855E0640C2}","interstate":null,"interstate_a":null,"interstate_b":null,"interstate_c":null,"loaddate":1748519528000,"mtfcc_code":"S1400","name":"29th St","objectid":33335421,"permanent_identifier":"f25e3d2b-c7f9-4a8a-a7a8-7aa3e1167672","real_world_relation":"REFERENCE_ONLY","shape_Length":82.44512893771086,"source_datadesc":"2016 October MAFTIGER","source_datasetid":"{7AD8F908-E576-4667-ABBE-3F904F423D64}","source_featureid":"110873910150","source_id":"REF-SACRAMENTO-LOCAL-ROADS","source_originator":"U.S. Department of Commerce, U.S. Census Bureau, Geography Division","state_route":null,"state_route_a":null,"state_route_b":null,"state_route_c":null,"stco_fipscode":"06067","tnmfrc":4,"us_route":null,"us_route_a":null,"us_route_b":null,"us_route_c":null},"type":"Feature"},{"geometry":{"coordinates":[[-121.477153,38.57962],[-121.47739,38.579075]],"type":"LineString"},"id":"REF-SACRAMENTO-LOCAL-ROADS-718","properties":{"canon_status":"REAL_REFERENCE","county_route":null,"federal_lands_route":null,"fictionality":"REAL","globalid":"{E3556D55-CCA4-4727-95C9-79A7FDDEB343}","interstate":null,"interstate_a":null,"interstate_b":null,"interstate_c":null,"loaddate":1748519528000,"mtfcc_code":"S1400","name":"21st St","objectid":33335422,"permanent_identifier":"9ad646ca-671a-457c-8e44-9cc371fdd9c0","real_world_relation":"REFERENCE_ONLY","shape_Length":81.96913975594632,"source_datadesc":"2016 October MAFTIGER","source_datasetid":"{7AD8F908-E576-4667-ABBE-3F904F423D64}","source_featureid":"110873861591","source_id":"REF-SACRAMENTO-LOCAL-ROADS","source_originator":"U.S. Department of Commerce, U.S. Census Bureau, Geography Division","state_route":null,"state_route_a":null,"state_route_b":null,"state_route_c":null,"stco_fipscode":"06067","tnmfrc":4,"us_route":null,"us_route_a":null,"us_route_b":null,"us_route_c":null},"type":"Feature"},{"geometry":{"coordinates":[[-121.477153,38.57962],[-121.475825,38.579266]],"type":"LineString"},"id":"REF-SACRAMENTO-LOCAL-ROADS-719","properties":{"canon_status":"REAL_REFERENCE","county_route":null,"federal_lands_route":null,"fictionality":"REAL","globalid":"{15944E24-DF32-4AA1-8554-190EBBC98F95}","interstate":null,"interstate_a":null,"interstate_b":null,"interstate_c":null,"loaddate":1748519528000,"mtfcc_code":"S1400","name":"G St","objectid":33335423,"permanent_identifier":"e757cba3-fc63-4d15-9eeb-e0302873a867","real_world_relation":"REFERENCE_ONLY","shape_Length":156.19051305272907,"source_datadesc":"2016 October MAFTIGER","source_datasetid":"{7AD8F908-E576-4667-ABBE-3F904F423D64}","source_featureid":"110873834423","source_id":"REF-SACRAMENTO-LOCAL-ROADS","source_originator":"U.S. Department of Commerce, U.S. Census Bureau, Geography Division","state_route":null,"state_route_a":null,"state_route_b":null,"state_route_c":null,"stco_fipscode":"06067","tnmfrc":4,"us_route":null,"us_route_a":null,"us_route_b":null,"us_route_c":null},"type":"Feature"},{"geometry":{"coordinates":[[-121.472675,38.579646],[-121.472917,38.579087]],"type":"LineString"},"id":"REF-SACRAMENTO-LOCAL-ROADS-720","properties":{"canon_status":"REAL_REFERENCE","county_route":null,"federal_lands_route":null,"fictionality":"REAL","globalid":"{8D9AA630-A7F4-4CD2-99DF-AA8AC6FF2732}","interstate":null,"interstate_a":null,"interstate_b":null,"interstate_c":null,"loaddate":1748519528000,"mtfcc_code":"S1400","name":"24th St","objectid":33335424,"permanent_identifier":"7a239144-8da3-431f-9dc5-77e9e630a6eb","real_world_relation":"REFERENCE_ONLY","shape_Length":84.03588022699577,"source_datadesc":"2016 October MAFTIGER","source_datasetid":"{7AD8F908-E576-4667-ABBE-3F904F423D64}","source_featureid":"110873863996","source_id":"REF-SACRAMENTO-LOCAL-ROADS","source_originator":"U.S. Department of Commerce, U.S. Census Bureau, Geography Division","state_route":null,"state_route_a":null,"state_route_b":null,"state_route_c":null,"stco_fipscode":"06067","tnmfrc":4,"us_route":null,"us_route_a":null,"us_route_b":null,"us_route_c":null},"type":"Feature"},{"geometry":{"coordinates":[[-121.472675,38.579646],[-121.471333,38.579287]],"type":"LineString"},"id":"REF-SACRAMENTO-LOCAL-ROADS-721","properties":{"canon_status":"REAL_REFERENCE","county_route":null,"federal_lands_route":null,"fictionality":"REAL","globalid":"{C8EDBDAB-3768-4D44-A4DE-40D14C97AE9D}","interstate":null,"interstate_a":null,"interstate_b":null,"interstate_c":null,"loaddate":1748519528000,"mtfcc_code":"S1400","name":"F St","objectid":33335425,"permanent_identifier":"5c885c80-d0ac-4e9c-94f4-ab4210f71713","real_world_relation":"REFERENCE_ONLY","shape_Length":157.8954977657301,"source_datadesc":"2016 October MAFTIGER","source_datasetid":"{7AD8F908-E576-4667-ABBE-3F904F423D64}","source_featureid":"110873834387","source_id":"REF-SACRAMENTO-LOCAL-ROADS","source_originator":"U.S. Department of Commerce, U.S. Census Bureau, Geography Division","state_route":null,"state_route_a":null,"state_route_b":null,"state_route_c":null,"stco_fipscode":"06067","tnmfrc":4,"us_route":null,"us_route_a":null,"us_route_b":null,"us_route_c":null},"type":"Feature"},{"geometry":{"coordinates":[[-121.468187,38.579666],[-121.468424,38.579121]],"type":"LineString"},"id":"REF-SACRAMENTO-LOCAL-ROADS-722","properties":{"canon_status":"REAL_REFERENCE","county_route":null,"federal_lands_route":null,"fictionality":"REAL","globalid":"{7C86AEC1-488C-4129-94C8-0AB435E80BC4}","interstate":null,"interstate_a":null,"interstate_b":null,"interstate_c":null,"loaddate":1748519528000,"mtfcc_code":"S1400","name":"27th St","objectid":33335426,"permanent_identifier":"bf2105ca-210b-49b5-9d6b-234d3653c128","real_world_relation":"REFERENCE_ONLY","shape_Length":81.96913975594632,"source_datadesc":"2016 October MAFTIGER","source_datasetid":"{7AD8F908-E576-4667-ABBE-3F904F423D64}","source_featureid":"110873910113","source_id":"REF-SACRAMENTO-LOCAL-ROADS","source_originator":"U.S. Department of Commerce, U.S. Census Bureau, Geography Division","state_route":null,"state_route_a":null,"state_route_b":null,"state_route_c":null,"stco_fipscode":"06067","tnmfrc":4,"us_route":null,"us_route_a":null,"us_route_b":null,"us_route_c":null},"type":"Feature"},{"geometry":{"coordinates":[[-121.468187,38.579666],[-121.466853,38.579309]],"type":"LineString"},"id":"REF-SACRAMENTO-LOCAL-ROADS-723","properties":{"canon_status":"REAL_REFERENCE","county_route":null,"federal_lands_route":null,"fictionality":"REAL","globalid":"{51DA9B27-BD39-4DAD-98F8-8961D371D720}","interstate":null,"interstate_a":null,"interstate_b":null,"interstate_c":null,"loaddate":1748519528000,"mtfcc_code":"S1400","name":"E St","objectid":33335427,"permanent_identifier":"1f2858c6-868c-4ba0-a513-2f0990b7d50a","real_world_relation":"REFERENCE_ONLY","shape_Length":156.96066056298767,"source_datadesc":"2016 October MAFTIGER","source_datasetid":"{7AD8F908-E576-4667-ABBE-3F904F423D64}","source_featureid":"110873834356","source_id":"REF-SACRAMENTO-LOCAL-ROADS","source_originator":"U.S. Department of Commerce, U.S. Census Bureau, Geography Division","state_route":null,"state_route_a":null,"state_route_b":null,"state_route_c":null,"stco_fipscode":"06067","tnmfrc":4,"us_route":null,"us_route_a":null,"us_route_b":null,"us_route_c":null},"type":"Feature"},{"geometry":{"coordinates":[[-121.475592,38.579802],[-121.475825,38.579266]],"type":"LineString"},"id":"REF-SACRAMENTO-LOCAL-ROADS-724","properties":{"canon_status":"REAL_REFERENCE","county_route":null,"federal_lands_route":null,"fictionality":"REAL","globalid":"{A079ED2F-B2CA-4BC3-90E4-4D85BEA4C529}","interstate":null,"interstate_a":null,"interstate_b":null,"interstate_c":null,"loaddate":1748519528000,"mtfcc_code":"S1400","name":"22nd St","objectid":33335428,"permanent_identifier":"99fd0490-1d02-4211-a33c-aa030ed3b346","real_world_relation":"REFERENCE_ONLY","shape_Length":80.61263496765595,"source_datadesc":"2016 October MAFTIGER","source_datasetid":"{7AD8F908-E576-4667-ABBE-3F904F423D64}","source_featureid":"1103690237119","source_id":"REF-SACRAMENTO-LOCAL-ROADS","source_originator":"U.S. Department of Commerce, U.S. Census Bureau, Geography Division","state_route":null,"state_route_a":null,"state_route_b":null,"state_route_c":null,"stco_fipscode":"06067","tnmfrc":4,"us_route":null,"us_route_a":null,"us_route_b":null,"us_route_c":null},"type":"Feature"},{"geometry":{"coordinates":[[-121.471096,38.579835],[-121.471333,38.579287]],"type":"LineString"},"id":"REF-SACRAMENTO-LOCAL-ROADS-725","properties":{"canon_status":"REAL_REFERENCE","county_route":null,"federal_lands_route":null,"fictionality":"REAL","globalid":"{3700AA4B-CD26-4E22-9BDF-FBC560DADFBC}","interstate":null,"interstate_a":null,"interstate_b":null,"interstate_c":null,"loaddate":1748519528000,"mtfcc_code":"S1400","name":"25th St","objectid":33335429,"permanent_identifier":"89c8e53a-6adf-4245-85d7-630e20f06acd","real_world_relation":"REFERENCE_ONLY","shape_Length":82.37391130905887,"source_datadesc":"2016 October MAFTIGER","source_datasetid":"{7AD8F908-E576-4667-ABBE-3F904F423D64}","source_featureid":"110873865358","source_id":"REF-SACRAMENTO-LOCAL-ROADS","source_originator":"U.S. Department of Commerce, U.S. Census Bureau, Geography Division","state_route":null,"state_route_a":null,"state_route_b":null,"state_route_c":null,"stco_fipscode":"06067","tnmfrc":4,"us_route":null,"us_route_a":null,"us_route_b":null,"us_route_c":null},"type":"Feature"},{"geometry":{"coordinates":[[-121.469759,38.579478],[-121.471096,38.579835]],"type":"LineString"},"id":"REF-SACRAMENTO-LOCAL-ROADS-726","properties":{"canon_status":"REAL_REFERENCE","county_route":null,"federal_lands_route":null,"fictionality":"REAL","globalid":"{76D7C43E-08DD-483C-81AC-2F8B77DD4B11}","interstate":null,"interstate_a":null,"interstate_b":null,"interstate_c":null,"loaddate":1748519528000,"mtfcc_code":"S1400","name":null,"objectid":33335430,"permanent_identifier":"66c3c10c-e2ff-40bc-97e5-84be550cdc1a","real_world_relation":"REFERENCE_ONLY","shape_Length":157.27672689373398,"source_datadesc":"2021 February MAF/TIGER","source_datasetid":"{7AD8F908-E576-4667-ABBE-3F904F423D64}","source_featureid":null,"source_id":"REF-SACRAMENTO-LOCAL-ROADS","source_originator":"U.S. Department of Commerce, U.S. Census Bureau, Geography Division","state_route":null,"state_route_a":null,"state_route_b":null,"state_route_c":null,"stco_fipscode":"06067","tnmfrc":4,"us_route":null,"us_route_a":null,"us_route_b":null,"us_route_c":null},"type":"Feature"},{"geometry":{"coordinates":[[-121.466615,38.579858],[-121.466853,38.579309]],"type":"LineString"},"id":"REF-SACRAMENTO-LOCAL-ROADS-727","properties":{"canon_status":"REAL_REFERENCE","county_route":null,"federal_lands_route":null,"fictionality":"REAL","globalid":"{323493AC-FAF8-4BD7-84A1-FC27B92B9628}","interstate":null,"interstate_a":null,"interstate_b":null,"interstate_c":null,"loaddate":1748519528000,"mtfcc_code":"S1400","name":"28th St","objectid":33335431,"permanent_identifier":"fed22fd4-bf44-4635-a0cb-7c935e171883","real_world_relation":"REFERENCE_ONLY","shape_Length":82.5446057245399,"source_datadesc":"2016 October MAFTIGER","source_datasetid":"{7AD8F908-E576-4667-ABBE-3F904F423D64}","source_featureid":"110873910136","source_id":"REF-SACRAMENTO-LOCAL-ROADS","source_originator":"U.S. Department of Commerce, U.S. Census Bureau, Geography Division","state_route":null,"state_route_a":null,"state_route_b":null,"state_route_c":null,"stco_fipscode":"06067","tnmfrc":4,"us_route":null,"us_route_a":null,"us_route_b":null,"us_route_c":null},"type":"Feature"},{"geometry":{"coordinates":[[-121.478489,38.579976],[-121.478725,38.579432]],"type":"LineString"},"id":"REF-SACRAMENTO-LOCAL-ROADS-728","properties":{"canon_status":"REAL_REFERENCE","county_route":null,"federal_lands_route":null,"fictionality":"REAL","globalid":"{0B3515F1-3D8A-46D3-8246-765261466612}","interstate":null,"interstate_a":null,"interstate_b":null,"interstate_c":null,"loaddate":1748519528000,"mtfcc_code":"S1400","name":"20th St","objectid":33335432,"permanent_identifier":"36a6135f-a2b0-4298-8110-a60f3764dfae","real_world_relation":"REFERENCE_ONLY","shape_Length":81.79879992318774,"source_datadesc":"2016 October MAFTIGER","source_datasetid":"{7AD8F908-E576-4667-ABBE-3F904F423D64}","source_featureid":"110873860653","source_id":"REF-SACRAMENTO-LOCAL-ROADS","source_originator":"U.S. Department of Commerce, U.S. Census Bureau, Geography Division","state_route":null,"state_route_a":null,"state_route_b":null,"state_route_c":null,"stco_fipscode":"06067","tnmfrc":4,"us_route":null,"us_route_a":null,"us_route_b":null,"us_route_c":null},"type":"Feature"},{"geometry":{"coordinates":[[-121.478489,38.579976],[-121.477153,38.57962]],"type":"LineString"},"id":"REF-SACRAMENTO-LOCAL-ROADS-729","properties":{"canon_status":"REAL_REFERENCE","county_route":null,"federal_lands_route":null,"fictionality":"REAL","globalid":"{6ABFAD1D-A539-4E3D-BEA7-1910398FC22F}","interstate":null,"interstate_a":null,"interstate_b":null,"interstate_c":null,"loaddate":1748519528000,"mtfcc_code":"S1400","name":"G St","objectid":33335433,"permanent_identifier":"077563ae-3a74-4594-a34c-842badeccbc8","real_world_relation":"REFERENCE_ONLY","shape_Length":157.12543682695113,"source_datadesc":"2016 October MAFTIGER","source_datasetid":"{7AD8F908-E576-4667-ABBE-3F904F423D64}","source_featureid":"110873834423","source_id":"REF-SACRAMENTO-LOCAL-ROADS","source_originator":"U.S. Department of Commerce, U.S. Census Bureau, Geography Division","state_route":null,"state_route_a":null,"state_route_b":null,"state_route_c":null,"stco_fipscode":"06067","tnmfrc":4,"us_route":null,"us_route_a":null,"us_route_b":null,"us_route_c":null},"type":"Feature"},{"geometry":{"coordinates":[[-121.474016,38.580004],[-121.474258,38.579445]],"type":"LineString"},"id":"REF-SACRAMENTO-LOCAL-ROADS-730","properties":{"canon_status":"REAL_REFERENCE","county_route":null,"federal_lands_route":null,"fictionality":"REAL","globalid":"{10FF640E-A16C-49CC-B06F-C0664835DC12}","interstate":null,"interstate_a":null,"interstate_b":null,"interstate_c":null,"loaddate":1748519528000,"mtfcc_code":"S1400","name":"23rd St","objectid":33335434,"permanent_identifier":"3567b45d-919d-4802-b88f-b97196b945a9","real_world_relation":"REFERENCE_ONLY","shape_Length":84.03625911651353,"source_datadesc":"2016 October MAFTIGER","source_datasetid":"{7AD8F908-E576-4667-ABBE-3F904F423D64}","source_featureid":"110873863117","source_id":"REF-SACRAMENTO-LOCAL-ROADS","source_originator":"U.S. Department of Commerce, U.S. Census Bureau, Geography Division","state_route":null,"state_route_a":null,"state_route_b":null,"state_route_c":null,"stco_fipscode":"06067","tnmfrc":4,"us_route":null,"us_route_a":null,"us_route_b":null,"us_route_c":null},"type":"Feature"},{"geometry":{"coordinates":[[-121.474016,38.580004],[-121.472675,38.579646]],"type":"LineString"},"id":"REF-SACRAMENTO-LOCAL-ROADS-731","properties":{"canon_status":"REAL_REFERENCE","county_route":null,"federal_lands_route":null,"fictionality":"REAL","globalid":"{211BBCDD-78E3-4305-80C1-79C9DCFB6DE2}","interstate":null,"interstate_a":null,"interstate_b":null,"interstate_c":null,"loaddate":1748519528000,"mtfcc_code":"S1400","name":"F St","objectid":33335435,"permanent_identifier":"3cdfef73-3be0-46ea-b670-f41020945515","real_world_relation":"REFERENCE_ONLY","shape_Length":157.7442162410551,"source_datadesc":"2016 October MAFTIGER","source_datasetid":"{7AD8F908-E576-4667-ABBE-3F904F423D64}","source_featureid":"110873834387","source_id":"REF-SACRAMENTO-LOCAL-ROADS","source_originator":"U.S. Department of Commerce, U.S. Census Bureau, Geography Division","state_route":null,"state_route_a":null,"state_route_b":null,"state_route_c":null,"stco_fipscode":"06067","tnmfrc":4,"us_route":null,"us_route_a":null,"us_route_b":null,"us_route_c":null},"type":"Feature"},{"geometry":{"coordinates":[[-121.469522,38.580022],[-121.469759,38.579478]],"type":"LineString"},"id":"REF-SACRAMENTO-LOCAL-ROADS-732","properties":{"canon_status":"REAL_REFERENCE","county_route":null,"federal_lands_route":null,"fictionality":"REAL","globalid":"{5C1C7BB9-DC4E-4842-AE8E-F3AB2D49B7DD}","interstate":null,"interstate_a":null,"interstate_b":null,"interstate_c":null,"loaddate":1748519528000,"mtfcc_code":"S1400","name":"26th St","objectid":33335436,"permanent_identifier":"61405b63-4949-4384-b825-18665981ab52","real_world_relation":"REFERENCE_ONLY","shape_Length":81.83470879501152,"source_datadesc":"2016 October MAFTIGER","source_datasetid":"{7AD8F908-E576-4667-ABBE-3F904F423D64}","source_featureid":"110873910078","source_id":"REF-SACRAMENTO-LOCAL-ROADS","source_originator":"U.S. Department of Commerce, U.S. Census Bureau, Geography Division","state_route":null,"state_route_a":null,"state_route_b":null,"state_route_c":null,"stco_fipscode":"06067","tnmfrc":4,"us_route":null,"us_route_a":null,"us_route_b":null,"us_route_c":null},"type":"Feature"},{"geometry":{"coordinates":[[-121.469522,38.580022],[-121.468187,38.579666]],"type":"LineString"},"id":"REF-SACRAMENTO-LOCAL-ROADS-733","properties":{"canon_status":"REAL_REFERENCE","county_route":null,"federal_lands_route":null,"fictionality":"REAL","globalid":"{985A38E7-78FD-4E80-B0B7-EBBB87D6F745}","interstate":null,"interstate_a":null,"interstate_b":null,"interstate_c":null,"loaddate":1748519528000,"mtfcc_code":"S1400","name":"E St","objectid":33335437,"permanent_identifier":"8e6fd467-0ce8-4f97-b802-7ab47a63264e","real_world_relation":"REFERENCE_ONLY","shape_Length":157.02003052062733,"source_datadesc":"2016 October MAFTIGER","source_datasetid":"{7AD8F908-E576-4667-ABBE-3F904F423D64}","source_featureid":"110873834356","source_id":"REF-SACRAMENTO-LOCAL-ROADS","source_originator":"U.S. Department of Commerce, U.S. Census Bureau, Geography Division","state_route":null,"state_route_a":null,"state_route_b":null,"state_route_c":null,"stco_fipscode":"06067","tnmfrc":4,"us_route":null,"us_route_a":null,"us_route_b":null,"us_route_c":null},"type":"Feature"},{"geometry":{"coordinates":[[-121.465032,38.58005],[-121.465272,38.579499]],"type":"LineString"},"id":"REF-SACRAMENTO-LOCAL-ROADS-734","properties":{"canon_status":"REAL_REFERENCE","county_route":null,"federal_lands_route":null,"fictionality":"REAL","globalid":"{4BD8292D-4192-4883-A59D-6404CD9A48FD}","interstate":null,"interstate_a":null,"interstate_b":null,"interstate_c":null,"loaddate":1748519528000,"mtfcc_code":"S1400","name":"29th St","objectid":33335438,"permanent_identifier":"42c5f42b-1f4f-4da0-b110-daddc427dfec","real_world_relation":"REFERENCE_ONLY","shape_Length":82.88605967172776,"source_datadesc":"2016 October MAFTIGER","source_datasetid":"{7AD8F908-E576-4667-ABBE-3F904F423D64}","source_featureid":"110873910150","source_id":"REF-SACRAMENTO-LOCAL-ROADS","source_originator":"U.S. Department of Commerce, U.S. Census Bureau, Geography Division","state_route":null,"state_route_a":null,"state_route_b":null,"state_route_c":null,"stco_fipscode":"06067","tnmfrc":4,"us_route":null,"us_route_a":null,"us_route_b":null,"us_route_c":null},"type":"Feature"},{"geometry":{"coordinates":[[-121.47692,38.580157],[-121.477153,38.57962]],"type":"LineString"},"id":"REF-SACRAMENTO-LOCAL-ROADS-735","properties":{"canon_status":"REAL_REFERENCE","county_route":null,"federal_lands_route":null,"fictionality":"REAL","globalid":"{3989AEDB-9B50-4E8A-B95C-7FF174DDB85B}","interstate":null,"interstate_a":null,"interstate_b":null,"interstate_c":null,"loaddate":1748519528000,"mtfcc_code":"S1400","name":"21st St","objectid":33335439,"permanent_identifier":"17f93e8e-cdd9-457a-81f6-78b7d4fd8176","real_world_relation":"REFERENCE_ONLY","shape_Length":80.74782225190964,"source_datadesc":"2016 October MAFTIGER","source_datasetid":"{7AD8F908-E576-4667-ABBE-3F904F423D64}","source_featureid":"110873861591","source_id":"REF-SACRAMENTO-LOCAL-ROADS","source_originator":"U.S. Department of Commerce, U.S. Census Bureau, Geography Division","state_route":null,"state_route_a":null,"state_route_b":null,"state_route_c":null,"stco_fipscode":"06067","tnmfrc":4,"us_route":null,"us_route_a":null,"us_route_b":null,"us_route_c":null},"type":"Feature"},{"geometry":{"coordinates":[[-121.472439,38.580194],[-121.472675,38.579646]],"type":"LineString"},"id":"REF-SACRAMENTO-LOCAL-ROADS-736","properties":{"canon_status":"REAL_REFERENCE","county_route":null,"federal_lands_route":null,"fictionality":"REAL","globalid":"{C98AA108-D753-48A8-989E-DBBF768DA493}","interstate":null,"interstate_a":null,"interstate_b":null,"interstate_c":null,"loaddate":1748519528000,"mtfcc_code":"S1400","name":"24th St","objectid":33335440,"permanent_identifier":"e92ed256-b883-45f5-9d41-4f4802602d93","real_world_relation":"REFERENCE_ONLY","shape_Length":82.33871076063392,"source_datadesc":"2016 October MAFTIGER","source_datasetid":"{7AD8F908-E576-4667-ABBE-3F904F423D64}","source_featureid":"110873863996","source_id":"REF-SACRAMENTO-LOCAL-ROADS","source_originator":"U.S. Department of Commerce, U.S. Census Bureau, Geography Division","state_route":null,"state_route_a":null,"state_route_b":null,"state_route_c":null,"stco_fipscode":"06067","tnmfrc":4,"us_route":null,"us_route_a":null,"us_route_b":null,"us_route_c":null},"type":"Feature"},{"geometry":{"coordinates":[[-121.471096,38.579835],[-121.472439,38.580194]],"type":"LineString"},"id":"REF-SACRAMENTO-LOCAL-ROADS-737","properties":{"canon_status":"REAL_REFERENCE","county_route":null,"federal_lands_route":null,"fictionality":"REAL","globalid":"{9194A41A-D81F-45C5-8221-6D19F26A72B3}","interstate":null,"interstate_a":null,"interstate_b":null,"interstate_c":null,"loaddate":1748519528000,"mtfcc_code":"S1400","name":null,"objectid":33335441,"permanent_identifier":"5c8d490f-2220-44e5-9110-14ea16d92e12","real_world_relation":"REFERENCE_ONLY","shape_Length":158.00093635945674,"source_datadesc":"2021 February MAF/TIGER","source_datasetid":"{7AD8F908-E576-4667-ABBE-3F904F423D64}","source_featureid":null,"source_id":"REF-SACRAMENTO-LOCAL-ROADS","source_originator":"U.S. Department of Commerce, U.S. Census Bureau, Geography Division","state_route":null,"state_route_a":null,"state_route_b":null,"state_route_c":null,"stco_fipscode":"06067","tnmfrc":4,"us_route":null,"us_route_a":null,"us_route_b":null,"us_route_c":null},"type":"Feature"},{"geometry":{"coordinates":[[-121.467948,38.580214],[-121.468187,38.579666]],"type":"LineString"},"id":"REF-SACRAMENTO-LOCAL-ROADS-738","properties":{"canon_status":"REAL_REFERENCE","county_route":null,"federal_lands_route":null,"fictionality":"REAL","globalid":"{AEFB0E2D-54B5-4799-BC53-7FE8D2DE8C57}","interstate":null,"interstate_a":null,"interstate_b":null,"interstate_c":null,"loaddate":1748519528000,"mtfcc_code":"S1400","name":"27th St","objectid":33335442,"permanent_identifier":"0f405df6-954d-4c70-9477-6533b49e0c8f","real_world_relation":"REFERENCE_ONLY","shape_Length":82.44598078837963,"source_datadesc":"2016 October MAFTIGER","source_datasetid":"{7AD8F908-E576-4667-ABBE-3F904F423D64}","source_featureid":"110873910113","source_id":"REF-SACRAMENTO-LOCAL-ROADS","source_originator":"U.S. Department of Commerce, U.S. Census Bureau, Geography Division","state_route":null,"state_route_a":null,"state_route_b":null,"state_route_c":null,"stco_fipscode":"06067","tnmfrc":4,"us_route":null,"us_route_a":null,"us_route_b":null,"us_route_c":null},"type":"Feature"},{"geometry":{"coordinates":[[-121.479824,38.580332],[-121.478995,38.580111],[-121.478489,38.579976]],"type":"LineString"},"id":"REF-SACRAMENTO-LOCAL-ROADS-739","properties":{"canon_status":"REAL_REFERENCE","county_route":null,"federal_lands_route":null,"fictionality":"REAL","globalid":"{9A567966-A8E8-4B89-A7AC-6FE00EA46080}","interstate":null,"interstate_a":null,"interstate_b":null,"interstate_c":null,"loaddate":1748519528000,"mtfcc_code":"S1400","name":"G St","objectid":33335443,"permanent_identifier":"e69f8db9-156b-4c93-8ce6-8053af757aff","real_world_relation":"REFERENCE_ONLY","shape_Length":157.02009617767564,"source_datadesc":"2016 October MAFTIGER","source_datasetid":"{7AD8F908-E576-4667-ABBE-3F904F423D64}","source_featureid":"110873834423","source_id":"REF-SACRAMENTO-LOCAL-ROADS","source_originator":"U.S. Department of Commerce, U.S. Census Bureau, Geography Division","state_route":null,"state_route_a":null,"state_route_b":null,"state_route_c":null,"stco_fipscode":"06067","tnmfrc":4,"us_route":null,"us_route_a":null,"us_route_b":null,"us_route_c":null},"type":"Feature"},{"geometry":{"coordinates":[[-121.475351,38.58036],[-121.475592,38.579802]],"type":"LineString"},"id":"REF-SACRAMENTO-LOCAL-ROADS-740","properties":{"canon_status":"REAL_REFERENCE","county_route":null,"federal_lands_route":null,"fictionality":"REAL","globalid":"{D1C0D95B-BF64-4DD7-91BB-E2D2DFBCCBBE}","interstate":null,"interstate_a":null,"interstate_b":null,"interstate_c":null,"loaddate":1748519528000,"mtfcc_code":"S1400","name":"22nd St","objectid":33335444,"permanent_identifier":"93b8494c-42c3-42de-9382-f14114970def","real_world_relation":"REFERENCE_ONLY","shape_Length":83.86609530199564,"source_datadesc":"2016 October MAFTIGER","source_datasetid":"{7AD8F908-E576-4667-ABBE-3F904F423D64}","source_featureid":"1103690237119","source_id":"REF-SACRAMENTO-LOCAL-ROADS","source_originator":"U.S. Department of Commerce, U.S. Census Bureau, Geography Division","state_route":null,"state_route_a":null,"state_route_b":null,"state_route_c":null,"stco_fipscode":"06067","tnmfrc":4,"us_route":null,"us_route_a":null,"us_route_b":null,"us_route_c":null},"type":"Feature"},{"geometry":{"coordinates":[[-121.475351,38.58036],[-121.474016,38.580004]],"type":"LineString"},"id":"REF-SACRAMENTO-LOCAL-ROADS-741","properties":{"canon_status":"REAL_REFERENCE","county_route":null,"federal_lands_route":null,"fictionality":"REAL","globalid":"{0F5E84E3-CA46-4756-993E-E025BE184F16}","interstate":null,"interstate_a":null,"interstate_b":null,"interstate_c":null,"loaddate":1748519528000,"mtfcc_code":"S1400","name":"F St","objectid":33335445,"permanent_identifier":"4478552d-4a45-4f56-b267-0f6d100473aa","real_world_relation":"REFERENCE_ONLY","shape_Length":157.02009508991705,"source_datadesc":"2016 October MAFTIGER","source_datasetid":"{7AD8F908-E576-4667-ABBE-3F904F423D64}","source_featureid":"110873834387","source_id":"REF-SACRAMENTO-LOCAL-ROADS","source_originator":"U.S. Department of Commerce, U.S. Census Bureau, Geography Division","state_route":null,"state_route_a":null,"state_route_b":null,"state_route_c":null,"stco_fipscode":"06067","tnmfrc":4,"us_route":null,"us_route_a":null,"us_route_b":null,"us_route_c":null},"type":"Feature"},{"geometry":{"coordinates":[[-121.470859,38.580379],[-121.471096,38.579835]],"type":"LineString"},"id":"REF-SACRAMENTO-LOCAL-ROADS-742","properties":{"canon_status":"REAL_REFERENCE","county_route":null,"federal_lands_route":null,"fictionality":"REAL","globalid":"{B566E4B2-CD0D-4E3B-B69E-7EC9ED7C6246}","interstate":null,"interstate_a":null,"interstate_b":null,"interstate_c":null,"loaddate":1748519528000,"mtfcc_code":"S1400","name":"25th St","objectid":33335446,"permanent_identifier":"f1de9391-7ed5-42d7-a58b-49e483eff930","real_world_relation":"REFERENCE_ONLY","shape_Length":81.83508743017713,"source_datadesc":"2016 October MAFTIGER","source_datasetid":"{7AD8F908-E576-4667-ABBE-3F904F423D64}","source_featureid":"110873865358","source_id":"REF-SACRAMENTO-LOCAL-ROADS","source_originator":"U.S. Department of Commerce, U.S. Census Bureau, Geography Division","state_route":null,"state_route_a":null,"state_route_b":null,"state_route_c":null,"stco_fipscode":"06067","tnmfrc":4,"us_route":null,"us_route_a":null,"us_route_b":null,"us_route_c":null},"type":"Feature"},{"geometry":{"coordinates":[[-121.470859,38.580379],[-121.469522,38.580022]],"type":"LineString"},"id":"REF-SACRAMENTO-LOCAL-ROADS-743","properties":{"canon_status":"REAL_REFERENCE","county_route":null,"federal_lands_route":null,"fictionality":"REAL","globalid":"{78B99E22-538E-41F7-B5F4-FBA017078A72}","interstate":null,"interstate_a":null,"interstate_b":null,"interstate_c":null,"loaddate":1748519528000,"mtfcc_code":"S1400","name":"E St","objectid":33335447,"permanent_identifier":"5a1cfe1c-8b09-4936-a606-e09bbd6a3658","real_world_relation":"REFERENCE_ONLY","shape_Length":157.27685618341806,"source_datadesc":"2016 October MAFTIGER","source_datasetid":"{7AD8F908-E576-4667-ABBE-3F904F423D64}","source_featureid":"110873834356","source_id":"REF-SACRAMENTO-LOCAL-ROADS","source_originator":"U.S. Department of Commerce, U.S. Census Bureau, Geography Division","state_route":null,"state_route_a":null,"state_route_b":null,"state_route_c":null,"stco_fipscode":"06067","tnmfrc":4,"us_route":null,"us_route_a":null,"us_route_b":null,"us_route_c":null},"type":"Feature"},{"geometry":{"coordinates":[[-121.466376,38.580408],[-121.466615,38.579858]],"type":"LineString"},"id":"REF-SACRAMENTO-LOCAL-ROADS-744","properties":{"canon_status":"REAL_REFERENCE","county_route":null,"federal_lands_route":null,"fictionality":"REAL","globalid":"{8E83F7C1-3443-4F02-9FB3-01B418A235F9}","interstate":null,"interstate_a":null,"interstate_b":null,"interstate_c":null,"loaddate":1748519528000,"mtfcc_code":"S1400","name":"28th St","objectid":33335448,"permanent_identifier":"c446b71b-d04a-4c1c-b5f8-204ae4e44042","real_world_relation":"REFERENCE_ONLY","shape_Length":82.71565784304994,"source_datadesc":"2016 October MAFTIGER","source_datasetid":"{7AD8F908-E576-4667-ABBE-3F904F423D64}","source_featureid":"110873910136","source_id":"REF-SACRAMENTO-LOCAL-ROADS","source_originator":"U.S. Department of Commerce, U.S. Census Bureau, Geography Division","state_route":null,"state_route_a":null,"state_route_b":null,"state_route_c":null,"stco_fipscode":"06067","tnmfrc":4,"us_route":null,"us_route_a":null,"us_route_b":null,"us_route_c":null},"type":"Feature"},{"geometry":{"coordinates":[[-121.466376,38.580408],[-121.465032,38.58005]],"type":"LineString"},"id":"REF-SACRAMENTO-LOCAL-ROADS-745","properties":{"canon_status":"REAL_REFERENCE","county_route":null,"federal_lands_route":null,"fictionality":"REAL","globalid":"{411886AC-3046-4674-9336-FC2241E49929}","interstate":null,"interstate_a":null,"interstate_b":null,"interstate_c":null,"loaddate":1748519528000,"mtfcc_code":"S1400","name":"D St","objectid":33335449,"permanent_identifier":"d2500ddb-023f-4141-8ef1-6f5ab0d85b32","real_world_relation":"REFERENCE_ONLY","shape_Length":158.06039482105848,"source_datadesc":"2016 October MAFTIGER","source_datasetid":"{7AD8F908-E576-4667-ABBE-3F904F423D64}","source_featureid":"110873834322","source_id":"REF-SACRAMENTO-LOCAL-ROADS","source_originator":"U.S. Department of Commerce, U.S. Census Bureau, Geography Division","state_route":null,"state_route_a":null,"state_route_b":null,"state_route_c":null,"stco_fipscode":"06067","tnmfrc":4,"us_route":null,"us_route_a":null,"us_route_b":null,"us_route_c":null},"type":"Feature"},{"geometry":{"coordinates":[[-121.478255,38.580514],[-121.478489,38.579976]],"type":"LineString"},"id":"REF-SACRAMENTO-LOCAL-ROADS-746","properties":{"canon_status":"REAL_REFERENCE","county_route":null,"federal_lands_route":null,"fictionality":"REAL","globalid":"{EC4C2355-4983-46A7-A646-FB7205D0BA8A}","interstate":null,"interstate_a":null,"interstate_b":null,"interstate_c":null,"loaddate":1748519528000,"mtfcc_code":"S1400","name":"20th St","objectid":33335450,"permanent_identifier":"793d1dd7-4d6a-4bc7-ba63-b5c433031286","real_world_relation":"REFERENCE_ONLY","shape_Length":80.91886005728715,"source_datadesc":"2016 October MAFTIGER","source_datasetid":"{7AD8F908-E576-4667-ABBE-3F904F423D64}","source_featureid":"110873860653","source_id":"REF-SACRAMENTO-LOCAL-ROADS","source_originator":"U.S. Department of Commerce, U.S. Census Bureau, Geography Division","state_route":null,"state_route_a":null,"state_route_b":null,"state_route_c":null,"stco_fipscode":"06067","tnmfrc":4,"us_route":null,"us_route_a":null,"us_route_b":null,"us_route_c":null},"type":"Feature"},{"geometry":{"coordinates":[[-121.473779,38.580552],[-121.474016,38.580004]],"type":"LineString"},"id":"REF-SACRAMENTO-LOCAL-ROADS-747","properties":{"canon_status":"REAL_REFERENCE","county_route":null,"federal_lands_route":null,"fictionality":"REAL","globalid":"{485969E0-79A4-4BB2-A477-6E06F18FBACD}","interstate":null,"interstate_a":null,"interstate_b":null,"interstate_c":null,"loaddate":1748519528000,"mtfcc_code":"S1400","name":"23rd St","objectid":33335451,"permanent_identifier":"1cf68219-f700-43ce-a5c8-99e6de854498","real_world_relation":"REFERENCE_ONLY","shape_Length":82.37466915950431,"source_datadesc":"2016 October MAFTIGER","source_datasetid":"{7AD8F908-E576-4667-ABBE-3F904F423D64}","source_featureid":"110873863117","source_id":"REF-SACRAMENTO-LOCAL-ROADS","source_originator":"U.S. Department of Commerce, U.S. Census Bureau, Geography Division","state_route":null,"state_route_a":null,"state_route_b":null,"state_route_c":null,"stco_fipscode":"06067","tnmfrc":4,"us_route":null,"us_route_a":null,"us_route_b":null,"us_route_c":null},"type":"Feature"},{"geometry":{"coordinates":[[-121.472439,38.580194],[-121.473779,38.580552]],"type":"LineString"},"id":"REF-SACRAMENTO-LOCAL-ROADS-748","properties":{"canon_status":"REAL_REFERENCE","county_route":null,"federal_lands_route":null,"fictionality":"REAL","globalid":"{1B149758-EE78-4FB0-8012-3BBF78586C3D}","interstate":null,"interstate_a":null,"interstate_b":null,"interstate_c":null,"loaddate":1748519528000,"mtfcc_code":"S1400","name":null,"objectid":33335452,"permanent_identifier":"100870ee-ca95-4075-b132-21b7875eb4c4","real_world_relation":"REFERENCE_ONLY","shape_Length":157.6390221745441,"source_datadesc":"2021 February MAF/TIGER","source_datasetid":"{7AD8F908-E576-4667-ABBE-3F904F423D64}","source_featureid":null,"source_id":"REF-SACRAMENTO-LOCAL-ROADS","source_originator":"U.S. Department of Commerce, U.S. Census Bureau, Geography Division","state_route":null,"state_route_a":null,"state_route_b":null,"state_route_c":null,"stco_fipscode":"06067","tnmfrc":4,"us_route":null,"us_route_a":null,"us_route_b":null,"us_route_c":null},"type":"Feature"},{"geometry":{"coordinates":[[-121.469284,38.580571],[-121.469522,38.580022]],"type":"LineString"},"id":"REF-SACRAMENTO-LOCAL-ROADS-749","properties":{"canon_status":"REAL_REFERENCE","county_route":null,"federal_lands_route":null,"fictionality":"REAL","globalid":"{EC58B9BB-50FF-4B79-A163-9D3359FB7E52}","interstate":null,"interstate_a":null,"interstate_b":null,"interstate_c":null,"loaddate":1748519528000,"mtfcc_code":"S1400","name":"26th St","objectid":33335453,"permanent_identifier":"a0dc2220-e8fd-49b3-8bcf-b215ae4bc21a","real_world_relation":"REFERENCE_ONLY","shape_Length":82.54523659532286,"source_datadesc":"2016 October MAFTIGER","source_datasetid":"{7AD8F908-E576-4667-ABBE-3F904F423D64}","source_featureid":"110873910078","source_id":"REF-SACRAMENTO-LOCAL-ROADS","source_originator":"U.S. Department of Commerce, U.S. Census Bureau, Geography Division","state_route":null,"state_route_a":null,"state_route_b":null,"state_route_c":null,"stco_fipscode":"06067","tnmfrc":4,"us_route":null,"us_route_a":null,"us_route_b":null,"us_route_c":null},"type":"Feature"},{"geometry":{"coordinates":[[-121.464794,38.580597],[-121.465032,38.58005]],"type":"LineString"},"id":"REF-SACRAMENTO-LOCAL-ROADS-750","properties":{"canon_status":"REAL_REFERENCE","county_route":null,"federal_lands_route":null,"fictionality":"REAL","globalid":"{C323441C-FCBC-41AD-A4A6-AA553EE5FB8A}","interstate":null,"interstate_a":null,"interstate_b":null,"interstate_c":null,"loaddate":1748519528000,"mtfcc_code":"S1400","name":"29th St","objectid":33335454,"permanent_identifier":"714fafd0-5f6c-45f0-8deb-d6fde32f58f9","real_world_relation":"REFERENCE_ONLY","shape_Length":82.27555568758491,"source_datadesc":"2016 October MAFTIGER","source_datasetid":"{7AD8F908-E576-4667-ABBE-3F904F423D64}","source_featureid":"110873910150","source_id":"REF-SACRAMENTO-LOCAL-ROADS","source_originator":"U.S. Department of Commerce, U.S. Census Bureau, Geography Division","state_route":null,"state_route_a":null,"state_route_b":null,"state_route_c":null,"stco_fipscode":"06067","tnmfrc":4,"us_route":null,"us_route_a":null,"us_route_b":null,"us_route_c":null},"type":"Feature"},{"geometry":{"coordinates":[[-121.47668,38.580714],[-121.47692,38.580157]],"type":"LineString"},"id":"REF-SACRAMENTO-LOCAL-ROADS-751","properties":{"canon_status":"REAL_REFERENCE","county_route":null,"federal_lands_route":null,"fictionality":"REAL","globalid":"{8F258B35-18E5-42F2-835A-32BE5BE68FD7}","interstate":null,"interstate_a":null,"interstate_b":null,"interstate_c":null,"loaddate":1748519528000,"mtfcc_code":"S1400","name":"21st St","objectid":33335455,"permanent_identifier":"16f8a7eb-4a79-4cd2-bcf2-ed81e90f1201","real_world_relation":"REFERENCE_ONLY","shape_Length":83.69587967329785,"source_datadesc":"2016 October MAFTIGER","source_datasetid":"{7AD8F908-E576-4667-ABBE-3F904F423D64}","source_featureid":"110873861591","source_id":"REF-SACRAMENTO-LOCAL-ROADS","source_originator":"U.S. Department of Commerce, U.S. Census Bureau, Geography Division","state_route":null,"state_route_a":null,"state_route_b":null,"state_route_c":null,"stco_fipscode":"06067","tnmfrc":4,"us_route":null,"us_route_a":null,"us_route_b":null,"us_route_c":null},"type":"Feature"},{"geometry":{"coordinates":[[-121.47668,38.580714],[-121.475351,38.58036]],"type":"LineString"},"id":"REF-SACRAMENTO-LOCAL-ROADS-752","properties":{"canon_status":"REAL_REFERENCE","county_route":null,"federal_lands_route":null,"fictionality":"REAL","globalid":"{B83857EB-CE3D-4E9A-9519-1873E7786C2A}","interstate":null,"interstate_a":null,"interstate_b":null,"interstate_c":null,"loaddate":1748519528000,"mtfcc_code":"S1400","name":"F St","objectid":33335456,"permanent_identifier":"5f212f94-f026-43e7-811d-ba079944f1ae","real_world_relation":"REFERENCE_ONLY","shape_Length":156.29618161477666,"source_datadesc":"2016 October MAFTIGER","source_datasetid":"{7AD8F908-E576-4667-ABBE-3F904F423D64}","source_featureid":"110873834387","source_id":"REF-SACRAMENTO-LOCAL-ROADS","source_originator":"U.S. Department of Commerce, U.S. Census Bureau, Geography Division","state_route":null,"state_route_a":null,"state_route_b":null,"state_route_c":null,"stco_fipscode":"06067","tnmfrc":4,"us_route":null,"us_route_a":null,"us_route_b":null,"us_route_c":null},"type":"Feature"},{"geometry":{"coordinates":[[-121.472204,38.580738],[-121.472439,38.580194]],"type":"LineString"},"id":"REF-SACRAMENTO-LOCAL-ROADS-753","properties":{"canon_status":"REAL_REFERENCE","county_route":null,"federal_lands_route":null,"fictionality":"REAL","globalid":"{CD591020-DA97-48C8-B9DF-FB57C4C53245}","interstate":null,"interstate_a":null,"interstate_b":null,"interstate_c":null,"loaddate":1748519528000,"mtfcc_code":"S1400","name":"24th St","objectid":33335457,"permanent_identifier":"b3ed09d5-f483-46f1-b006-50df21aa974a","real_world_relation":"REFERENCE_ONLY","shape_Length":81.76394223124143,"source_datadesc":"2016 October MAFTIGER","source_datasetid":"{7AD8F908-E576-4667-ABBE-3F904F423D64}","source_featureid":"110873863996","source_id":"REF-SACRAMENTO-LOCAL-ROADS","source_originator":"U.S. Department of Commerce, U.S. Census Bureau, Geography Division","state_route":null,"state_route_a":null,"state_route_b":null,"state_route_c":null,"stco_fipscode":"06067","tnmfrc":4,"us_route":null,"us_route_a":null,"us_route_b":null,"us_route_c":null},"type":"Feature"},{"geometry":{"coordinates":[[-121.472204,38.580738],[-121.470859,38.580379]],"type":"LineString"},"id":"REF-SACRAMENTO-LOCAL-ROADS-754","properties":{"canon_status":"REAL_REFERENCE","county_route":null,"federal_lands_route":null,"fictionality":"REAL","globalid":"{D33DB5FC-CDE0-4292-9B6D-257BE9060F85}","interstate":null,"interstate_a":null,"interstate_b":null,"interstate_c":null,"loaddate":1748519528000,"mtfcc_code":"S1400","name":"E St","objectid":33335458,"permanent_identifier":"ddf0000c-12ce-46ed-bf20-c886774c95a5","real_world_relation":"REFERENCE_ONLY","shape_Length":158.21180303368757,"source_datadesc":"2016 October MAFTIGER","source_datasetid":"{7AD8F908-E576-4667-ABBE-3F904F423D64}","source_featureid":"110873834356","source_id":"REF-SACRAMENTO-LOCAL-ROADS","source_originator":"U.S. Department of Commerce, U.S. Census Bureau, Geography Division","state_route":null,"state_route_a":null,"state_route_b":null,"state_route_c":null,"stco_fipscode":"06067","tnmfrc":4,"us_route":null,"us_route_a":null,"us_route_b":null,"us_route_c":null},"type":"Feature"},{"geometry":{"coordinates":[[-121.467708,38.580763],[-121.467948,38.580214]],"type":"LineString"},"id":"REF-SACRAMENTO-LOCAL-ROADS-755","properties":{"canon_status":"REAL_REFERENCE","county_route":null,"federal_lands_route":null,"fictionality":"REAL","globalid":"{61574593-1B65-428E-9E0A-00F85EAD3D0D}","interstate":null,"interstate_a":null,"interstate_b":null,"interstate_c":null,"loaddate":1748519528000,"mtfcc_code":"S1400","name":"27th St","objectid":33335459,"permanent_identifier":"0a046d1c-4f76-4cbd-ac1d-04c3ecc5d945","real_world_relation":"REFERENCE_ONLY","shape_Length":82.61714129625373,"source_datadesc":"2016 October MAFTIGER","source_datasetid":"{7AD8F908-E576-4667-ABBE-3F904F423D64}","source_featureid":"110873910113","source_id":"REF-SACRAMENTO-LOCAL-ROADS","source_originator":"U.S. Department of Commerce, U.S. Census Bureau, Geography Division","state_route":null,"state_route_a":null,"state_route_b":null,"state_route_c":null,"stco_fipscode":"06067","tnmfrc":4,"us_route":null,"us_route_a":null,"us_route_b":null,"us_route_c":null},"type":"Feature"},{"geometry":{"coordinates":[[-121.467708,38.580763],[-121.466376,38.580408]],"type":"LineString"},"id":"REF-SACRAMENTO-LOCAL-ROADS-756","properties":{"canon_status":"REAL_REFERENCE","county_route":null,"federal_lands_route":null,"fictionality":"REAL","globalid":"{7523BC02-40F7-44C6-A5A5-8C60497B6594}","interstate":null,"interstate_a":null,"interstate_b":null,"interstate_c":null,"loaddate":1748519528000,"mtfcc_code":"S1400","name":"D St","objectid":33335460,"permanent_identifier":"326166d2-84b1-4ff9-ae38-1134f115c3fc","real_world_relation":"REFERENCE_ONLY","shape_Length":156.65820057521793,"source_datadesc":"2016 October MAFTIGER","source_datasetid":"{7AD8F908-E576-4667-ABBE-3F904F423D64}","source_featureid":"110873834322","source_id":"REF-SACRAMENTO-LOCAL-ROADS","source_originator":"U.S. Department of Commerce, U.S. Census Bureau, Geography Division","state_route":null,"state_route_a":null,"state_route_b":null,"state_route_c":null,"stco_fipscode":"06067","tnmfrc":4,"us_route":null,"us_route_a":null,"us_route_b":null,"us_route_c":null},"type":"Feature"},{"geometry":{"coordinates":[[-121.475114,38.580908],[-121.475351,38.58036]],"type":"LineString"},"id":"REF-SACRAMENTO-LOCAL-ROADS-757","properties":{"canon_status":"REAL_REFERENCE","county_route":null,"federal_lands_route":null,"fictionality":"REAL","globalid":"{FF376D86-D40E-4B82-9BAA-E3BFFE293036}","interstate":null,"interstate_a":null,"interstate_b":null,"interstate_c":null,"loaddate":1748519528000,"mtfcc_code":"S1400","name":"22nd St","objectid":33335461,"permanent_identifier":"3de5543c-68ea-4e9e-8e0b-3a2a05cbdeb0","real_world_relation":"REFERENCE_ONLY","shape_Length":82.37495335450906,"source_datadesc":"2016 October MAFTIGER","source_datasetid":"{7AD8F908-E576-4667-ABBE-3F904F423D64}","source_featureid":"1103690237119","source_id":"REF-SACRAMENTO-LOCAL-ROADS","source_originator":"U.S. Department of Commerce, U.S. Census Bureau, Geography Division","state_route":null,"state_route_a":null,"state_route_b":null,"state_route_c":null,"stco_fipscode":"06067","tnmfrc":4,"us_route":null,"us_route_a":null,"us_route_b":null,"us_route_c":null},"type":"Feature"},{"geometry":{"coordinates":[[-121.473779,38.580552],[-121.475114,38.580908]],"type":"LineString"},"id":"REF-SACRAMENTO-LOCAL-ROADS-758","properties":{"canon_status":"REAL_REFERENCE","county_route":null,"federal_lands_route":null,"fictionality":"REAL","globalid":"{C52F7363-C999-4BAE-8B9C-1966588BDC5F}","interstate":null,"interstate_a":null,"interstate_b":null,"interstate_c":null,"loaddate":1748519528000,"mtfcc_code":"S1400","name":null,"objectid":33335462,"permanent_identifier":"0407cef9-a403-4d10-ba70-5eae822a6cb7","real_world_relation":"REFERENCE_ONLY","shape_Length":157.02019194548217,"source_datadesc":"2021 February MAF/TIGER","source_datasetid":"{7AD8F908-E576-4667-ABBE-3F904F423D64}","source_featureid":null,"source_id":"REF-SACRAMENTO-LOCAL-ROADS","source_originator":"U.S. Department of Commerce, U.S. Census Bureau, Geography Division","state_route":null,"state_route_a":null,"state_route_b":null,"state_route_c":null,"stco_fipscode":"06067","tnmfrc":4,"us_route":null,"us_route_a":null,"us_route_b":null,"us_route_c":null},"type":"Feature"},{"geometry":{"coordinates":[[-121.470621,38.580929],[-121.470859,38.580379]],"type":"LineString"},"id":"REF-SACRAMENTO-LOCAL-ROADS-759","properties":{"canon_status":"REAL_REFERENCE","county_route":null,"federal_lands_route":null,"fictionality":"REAL","globalid":"{31A2253D-37AF-458B-A871-659D8ED5EAAE}","interstate":null,"interstate_a":null,"interstate_b":null,"interstate_c":null,"loaddate":1748519528000,"mtfcc_code":"S1400","name":"25th St","objectid":33335463,"permanent_identifier":"93694fba-3c77-4b1e-a597-d974f66bb1d7","real_world_relation":"REFERENCE_ONLY","shape_Length":82.68049398299641,"source_datadesc":"2016 October MAFTIGER","source_datasetid":"{7AD8F908-E576-4667-ABBE-3F904F423D64}","source_featureid":"110873865358","source_id":"REF-SACRAMENTO-LOCAL-ROADS","source_originator":"U.S. Department of Commerce, U.S. Census Bureau, Geography Division","state_route":null,"state_route_a":null,"state_route_b":null,"state_route_c":null,"stco_fipscode":"06067","tnmfrc":4,"us_route":null,"us_route_a":null,"us_route_b":null,"us_route_c":null},"type":"Feature"},{"geometry":{"coordinates":[[-121.466138,38.580956],[-121.466376,38.580408]],"type":"LineString"},"id":"REF-SACRAMENTO-LOCAL-ROADS-760","properties":{"canon_status":"REAL_REFERENCE","county_route":null,"federal_lands_route":null,"fictionality":"REAL","globalid":"{DD2657A7-BA24-403E-83DC-3577A5CED00A}","interstate":null,"interstate_a":null,"interstate_b":null,"interstate_c":null,"loaddate":1748519528000,"mtfcc_code":"S1400","name":"28th St","objectid":33335464,"permanent_identifier":"707b5577-8ef1-4d35-9fbb-4153f1b20f3c","real_world_relation":"REFERENCE_ONLY","shape_Length":82.4107943363703,"source_datadesc":"2016 October MAFTIGER","source_datasetid":"{7AD8F908-E576-4667-ABBE-3F904F423D64}","source_featureid":"110873910136","source_id":"REF-SACRAMENTO-LOCAL-ROADS","source_originator":"U.S. Department of Commerce, U.S. Census Bureau, Geography Division","state_route":null,"state_route_a":null,"state_route_b":null,"state_route_c":null,"stco_fipscode":"06067","tnmfrc":4,"us_route":null,"us_route_a":null,"us_route_b":null,"us_route_c":null},"type":"Feature"},{"geometry":{"coordinates":[[-121.466138,38.580956],[-121.464794,38.580597]],"type":"LineString"},"id":"REF-SACRAMENTO-LOCAL-ROADS-761","properties":{"canon_status":"REAL_REFERENCE","county_route":null,"federal_lands_route":null,"fictionality":"REAL","globalid":"{07968F18-292B-43C2-8776-3275BE1498C6}","interstate":null,"interstate_a":null,"interstate_b":null,"interstate_c":null,"loaddate":1748519528000,"mtfcc_code":"S1400","name":null,"objectid":33335465,"permanent_identifier":"54cd0c2b-c0d8-4769-bc51-a2d291a21922","real_world_relation":"REFERENCE_ONLY","shape_Length":158.10641532615597,"source_datadesc":"2021 February MAF/TIGER","source_datasetid":"{7AD8F908-E576-4667-ABBE-3F904F423D64}","source_featureid":null,"source_id":"REF-SACRAMENTO-LOCAL-ROADS","source_originator":"U.S. Department of Commerce, U.S. Census Bureau, Geography Division","state_route":null,"state_route_a":null,"state_route_b":null,"state_route_c":null,"stco_fipscode":"06067","tnmfrc":4,"us_route":null,"us_route_a":null,"us_route_b":null,"us_route_c":null},"type":"Feature"},{"geometry":{"coordinates":[[-121.478014,38.58107],[-121.478255,38.580514]],"type":"LineString"},"id":"REF-SACRAMENTO-LOCAL-ROADS-762","properties":{"canon_status":"REAL_REFERENCE","county_route":null,"federal_lands_route":null,"fictionality":"REAL","globalid":"{C413F257-F8EF-4851-8BB7-3AD469D05A5B}","interstate":null,"interstate_a":null,"interstate_b":null,"interstate_c":null,"loaddate":1748519528000,"mtfcc_code":"S1400","name":"20th St","objectid":33335466,"permanent_identifier":"c6f18fcc-4105-47ad-999c-b30d7c091511","real_world_relation":"REFERENCE_ONLY","shape_Length":83.59697290626372,"source_datadesc":"2016 October MAFTIGER","source_datasetid":"{7AD8F908-E576-4667-ABBE-3F904F423D64}","source_featureid":"110873860653","source_id":"REF-SACRAMENTO-LOCAL-ROADS","source_originator":"U.S. Department of Commerce, U.S. Census Bureau, Geography Division","state_route":null,"state_route_a":null,"state_route_b":null,"state_route_c":null,"stco_fipscode":"06067","tnmfrc":4,"us_route":null,"us_route_a":null,"us_route_b":null,"us_route_c":null},"type":"Feature"},{"geometry":{"coordinates":[[-121.478014,38.58107],[-121.47668,38.580714]],"type":"LineString"},"id":"REF-SACRAMENTO-LOCAL-ROADS-763","properties":{"canon_status":"REAL_REFERENCE","county_route":null,"federal_lands_route":null,"fictionality":"REAL","globalid":"{14A9A17E-30E1-4AF0-915F-48235057C90A}","interstate":null,"interstate_a":null,"interstate_b":null,"interstate_c":null,"loaddate":1748519528000,"mtfcc_code":"S1400","name":"F St","objectid":33335467,"permanent_identifier":"c632e533-460d-43d1-818b-fea7c7b5a8aa","real_world_relation":"REFERENCE_ONLY","shape_Length":156.91492097620707,"source_datadesc":"2016 October MAFTIGER","source_datasetid":"{7AD8F908-E576-4667-ABBE-3F904F423D64}","source_featureid":"110873834387","source_id":"REF-SACRAMENTO-LOCAL-ROADS","source_originator":"U.S. Department of Commerce, U.S. Census Bureau, Geography Division","state_route":null,"state_route_a":null,"state_route_b":null,"state_route_c":null,"stco_fipscode":"06067","tnmfrc":4,"us_route":null,"us_route_a":null,"us_route_b":null,"us_route_c":null},"type":"Feature"},{"geometry":{"coordinates":[[-121.473544,38.581096],[-121.473779,38.580552]],"type":"LineString"},"id":"REF-SACRAMENTO-LOCAL-ROADS-764","properties":{"canon_status":"REAL_REFERENCE","county_route":null,"federal_lands_route":null,"fictionality":"REAL","globalid":"{BEAE0B8E-5603-45DE-812D-A06D9C22F8E9}","interstate":null,"interstate_a":null,"interstate_b":null,"interstate_c":null,"loaddate":1748519528000,"mtfcc_code":"S1400","name":"23rd St","objectid":33335468,"permanent_identifier":"0de38c74-f28a-4311-87ec-ddee52e660ce","real_world_relation":"REFERENCE_ONLY","shape_Length":81.76425845487019,"source_datadesc":"2016 October MAFTIGER","source_datasetid":"{7AD8F908-E576-4667-ABBE-3F904F423D64}","source_featureid":"110873863117","source_id":"REF-SACRAMENTO-LOCAL-ROADS","source_originator":"U.S. Department of Commerce, U.S. Census Bureau, Geography Division","state_route":null,"state_route_a":null,"state_route_b":null,"state_route_c":null,"stco_fipscode":"06067","tnmfrc":4,"us_route":null,"us_route_a":null,"us_route_b":null,"us_route_c":null},"type":"Feature"},{"geometry":{"coordinates":[[-121.473544,38.581096],[-121.472204,38.580738]],"type":"LineString"},"id":"REF-SACRAMENTO-LOCAL-ROADS-765","properties":{"canon_status":"REAL_REFERENCE","county_route":null,"federal_lands_route":null,"fictionality":"REAL","globalid":"{0EFC3405-A329-489E-A0C6-5E33D0259D41}","interstate":null,"interstate_a":null,"interstate_b":null,"interstate_c":null,"loaddate":1748519528000,"mtfcc_code":"S1400","name":"E St","objectid":33335469,"permanent_identifier":"2285fcd3-9a7c-4375-9104-ffa9421f3c8e","real_world_relation":"REFERENCE_ONLY","shape_Length":157.63902456422238,"source_datadesc":"2016 October MAFTIGER","source_datasetid":"{7AD8F908-E576-4667-ABBE-3F904F423D64}","source_featureid":"110873834356","source_id":"REF-SACRAMENTO-LOCAL-ROADS","source_originator":"U.S. Department of Commerce, U.S. Census Bureau, Geography Division","state_route":null,"state_route_a":null,"state_route_b":null,"state_route_c":null,"stco_fipscode":"06067","tnmfrc":4,"us_route":null,"us_route_a":null,"us_route_b":null,"us_route_c":null},"type":"Feature"},{"geometry":{"coordinates":[[-121.469045,38.58112],[-121.469284,38.580571]],"type":"LineString"},"id":"REF-SACRAMENTO-LOCAL-ROADS-766","properties":{"canon_status":"REAL_REFERENCE","county_route":null,"federal_lands_route":null,"fictionality":"REAL","globalid":"{67AC1881-C4B0-4EEB-B838-E535EFED7980}","interstate":null,"interstate_a":null,"interstate_b":null,"interstate_c":null,"loaddate":1748519528000,"mtfcc_code":"S1400","name":"26th St","objectid":33335470,"permanent_identifier":"550b0957-22bc-4402-ab6d-20c55fbcac85","real_world_relation":"REFERENCE_ONLY","shape_Length":82.58162732034125,"source_datadesc":"2016 October MAFTIGER","source_datasetid":"{7AD8F908-E576-4667-ABBE-3F904F423D64}","source_featureid":"110873910078","source_id":"REF-SACRAMENTO-LOCAL-ROADS","source_originator":"U.S. Department of Commerce, U.S. Census Bureau, Geography Division","state_route":null,"state_route_a":null,"state_route_b":null,"state_route_c":null,"stco_fipscode":"06067","tnmfrc":4,"us_route":null,"us_route_a":null,"us_route_b":null,"us_route_c":null},"type":"Feature"},{"geometry":{"coordinates":[[-121.469045,38.58112],[-121.467708,38.580763]],"type":"LineString"},"id":"REF-SACRAMENTO-LOCAL-ROADS-767","properties":{"canon_status":"REAL_REFERENCE","county_route":null,"federal_lands_route":null,"fictionality":"REAL","globalid":"{9107F14E-FBC5-4733-808E-54573F7CE101}","interstate":null,"interstate_a":null,"interstate_b":null,"interstate_c":null,"loaddate":1748519528000,"mtfcc_code":"S1400","name":"D St","objectid":33335471,"permanent_identifier":"4504845e-4b98-4ad7-9ca7-03dad0b42755","real_world_relation":"REFERENCE_ONLY","shape_Length":157.2769231687,"source_datadesc":"2016 October MAFTIGER","source_datasetid":"{7AD8F908-E576-4667-ABBE-3F904F423D64}","source_featureid":"110873834322","source_id":"REF-SACRAMENTO-LOCAL-ROADS","source_originator":"U.S. Department of Commerce, U.S. Census Bureau, Geography Division","state_route":null,"state_route_a":null,"state_route_b":null,"state_route_c":null,"stco_fipscode":"06067","tnmfrc":4,"us_route":null,"us_route_a":null,"us_route_b":null,"us_route_c":null},"type":"Feature"},{"geometry":{"coordinates":[[-121.464555,38.581149],[-121.464794,38.580597]],"type":"LineString"},"id":"REF-SACRAMENTO-LOCAL-ROADS-768","properties":{"canon_status":"REAL_REFERENCE","county_route":null,"federal_lands_route":null,"fictionality":"REAL","globalid":"{F924C02D-9560-4C22-B112-921A916F2362}","interstate":null,"interstate_a":null,"interstate_b":null,"interstate_c":null,"loaddate":1748519528000,"mtfcc_code":"S1400","name":"29th St","objectid":33335472,"permanent_identifier":"cac29a82-97e9-444e-b460-3a119266a63e","real_world_relation":"REFERENCE_ONLY","shape_Length":82.98613173809193,"source_datadesc":"2016 October MAFTIGER","source_datasetid":"{7AD8F908-E576-4667-ABBE-3F904F423D64}","source_featureid":"110873910150","source_id":"REF-SACRAMENTO-LOCAL-ROADS","source_originator":"U.S. Department of Commerce, U.S. Census Bureau, Geography Division","state_route":null,"state_route_a":null,"state_route_b":null,"state_route_c":null,"stco_fipscode":"06067","tnmfrc":4,"us_route":null,"us_route_a":null,"us_route_b":null,"us_route_c":null},"type":"Feature"},{"geometry":{"coordinates":[[-121.476441,38.581263],[-121.47668,38.580714]],"type":"LineString"},"id":"REF-SACRAMENTO-LOCAL-ROADS-769","properties":{"canon_status":"REAL_REFERENCE","county_route":null,"federal_lands_route":null,"fictionality":"REAL","globalid":"{3D398BBB-D462-4DDB-92D5-ED1E960A07C5}","interstate":null,"interstate_a":null,"interstate_b":null,"interstate_c":null,"loaddate":1748519528000,"mtfcc_code":"S1400","name":"21st St","objectid":33335473,"permanent_identifier":"c8a4ec39-4f5e-4b9a-985f-c7f94173350b","real_world_relation":"REFERENCE_ONLY","shape_Length":82.58181665987426,"source_datadesc":"2016 October MAFTIGER","source_datasetid":"{7AD8F908-E576-4667-ABBE-3F904F423D64}","source_featureid":"110873861591","source_id":"REF-SACRAMENTO-LOCAL-ROADS","source_originator":"U.S. Department of Commerce, U.S. Census Bureau, Geography Division","state_route":null,"state_route_a":null,"state_route_b":null,"state_route_c":null,"stco_fipscode":"06067","tnmfrc":4,"us_route":null,"us_route_a":null,"us_route_b":null,"us_route_c":null},"type":"Feature"},{"geometry":{"coordinates":[[-121.475114,38.580908],[-121.476441,38.581263]],"type":"LineString"},"id":"REF-SACRAMENTO-LOCAL-ROADS-770","properties":{"canon_status":"REAL_REFERENCE","county_route":null,"federal_lands_route":null,"fictionality":"REAL","globalid":"{64B4FDEF-AE7C-45EE-8594-668593C15BC3}","interstate":null,"interstate_a":null,"interstate_b":null,"interstate_c":null,"loaddate":1748519528000,"mtfcc_code":"S1400","name":null,"objectid":33335474,"permanent_identifier":"cb890165-d969-4bbf-be46-ed1863bb0b41","real_world_relation":"REFERENCE_ONLY","shape_Length":156.1316093206549,"source_datadesc":"2021 February MAF/TIGER","source_datasetid":"{7AD8F908-E576-4667-ABBE-3F904F423D64}","source_featureid":null,"source_id":"REF-SACRAMENTO-LOCAL-ROADS","source_originator":"U.S. Department of Commerce, U.S. Census Bureau, Geography Division","state_route":null,"state_route_a":null,"state_route_b":null,"state_route_c":null,"stco_fipscode":"06067","tnmfrc":4,"us_route":null,"us_route_a":null,"us_route_b":null,"us_route_c":null},"type":"Feature"},{"geometry":{"coordinates":[[-121.471965,38.581288],[-121.472204,38.580738]],"type":"LineString"},"id":"REF-SACRAMENTO-LOCAL-ROADS-771","properties":{"canon_status":"REAL_REFERENCE","county_route":null,"federal_lands_route":null,"fictionality":"REAL","globalid":"{19D91B9F-E9F7-45E2-A1A2-D69AE63BD92C}","interstate":null,"interstate_a":null,"interstate_b":null,"interstate_c":null,"loaddate":1748519528000,"mtfcc_code":"S1400","name":"24th St","objectid":33335475,"permanent_identifier":"4d0dc47d-45ff-4f7b-ade3-6b98861cca9c","real_world_relation":"REFERENCE_ONLY","shape_Length":82.71663686941653,"source_datadesc":"2016 October MAFTIGER","source_datasetid":"{7AD8F908-E576-4667-ABBE-3F904F423D64}","source_featureid":"110873863996","source_id":"REF-SACRAMENTO-LOCAL-ROADS","source_originator":"U.S. Department of Commerce, U.S. Census Bureau, Geography Division","state_route":null,"state_route_a":null,"state_route_b":null,"state_route_c":null,"stco_fipscode":"06067","tnmfrc":4,"us_route":null,"us_route_a":null,"us_route_b":null,"us_route_c":null},"type":"Feature"},{"geometry":{"coordinates":[[-121.46747,38.581311],[-121.467708,38.580763]],"type":"LineString"},"id":"REF-SACRAMENTO-LOCAL-ROADS-772","properties":{"canon_status":"REAL_REFERENCE","county_route":null,"federal_lands_route":null,"fictionality":"REAL","globalid":"{AF02C711-6DC4-45EE-88EB-895025778D53}","interstate":null,"interstate_a":null,"interstate_b":null,"interstate_c":null,"loaddate":1748519528000,"mtfcc_code":"S1400","name":"27th St","objectid":33335476,"permanent_identifier":"60bdf96e-5032-42ba-8ced-2c1ac487545d","real_world_relation":"REFERENCE_ONLY","shape_Length":82.41117310125776,"source_datadesc":"2016 October MAFTIGER","source_datasetid":"{7AD8F908-E576-4667-ABBE-3F904F423D64}","source_featureid":"110873910113","source_id":"REF-SACRAMENTO-LOCAL-ROADS","source_originator":"U.S. Department of Commerce, U.S. Census Bureau, Geography Division","state_route":null,"state_route_a":null,"state_route_b":null,"state_route_c":null,"stco_fipscode":"06067","tnmfrc":4,"us_route":null,"us_route_a":null,"us_route_b":null,"us_route_c":null},"type":"Feature"},{"geometry":{"coordinates":[[-121.46747,38.581311],[-121.466138,38.580956]],"type":"LineString"},"id":"REF-SACRAMENTO-LOCAL-ROADS-773","properties":{"canon_status":"REAL_REFERENCE","county_route":null,"federal_lands_route":null,"fictionality":"REAL","globalid":"{7F2C795C-2F17-473A-973C-EFB02A682A79}","interstate":null,"interstate_a":null,"interstate_b":null,"interstate_c":null,"loaddate":1748519528000,"mtfcc_code":"S1400","name":null,"objectid":33335477,"permanent_identifier":"bb4ea4f2-1460-45fc-871c-927d00c6c7de","real_world_relation":"REFERENCE_ONLY","shape_Length":156.65832965238877,"source_datadesc":"2021 February MAF/TIGER","source_datasetid":"{7AD8F908-E576-4667-ABBE-3F904F423D64}","source_featureid":null,"source_id":"REF-SACRAMENTO-LOCAL-ROADS","source_originator":"U.S. Department of Commerce, U.S. Census Bureau, Geography Division","state_route":null,"state_route_a":null,"state_route_b":null,"state_route_c":null,"stco_fipscode":"06067","tnmfrc":4,"us_route":null,"us_route_a":null,"us_route_b":null,"us_route_c":null},"type":"Feature"},{"geometry":{"coordinates":[[-121.479351,38.581427],[-121.478508,38.581202],[-121.478014,38.58107]],"type":"LineString"},"id":"REF-SACRAMENTO-LOCAL-ROADS-774","properties":{"canon_status":"REAL_REFERENCE","county_route":null,"federal_lands_route":null,"fictionality":"REAL","globalid":"{370741A7-E97B-4639-846B-6FA0104D1DCD}","interstate":null,"interstate_a":null,"interstate_b":null,"interstate_c":null,"loaddate":1748519528000,"mtfcc_code":"S1400","name":"F St","objectid":33335478,"permanent_identifier":"7052404d-5122-4ca5-980c-1dc8be0230d9","real_world_relation":"REFERENCE_ONLY","shape_Length":157.2771169677108,"source_datadesc":"2016 October MAFTIGER","source_datasetid":"{7AD8F908-E576-4667-ABBE-3F904F423D64}","source_featureid":"110873834387","source_id":"REF-SACRAMENTO-LOCAL-ROADS","source_originator":"U.S. Department of Commerce, U.S. Census Bureau, Geography Division","state_route":null,"state_route_a":null,"state_route_b":null,"state_route_c":null,"stco_fipscode":"06067","tnmfrc":4,"us_route":null,"us_route_a":null,"us_route_b":null,"us_route_c":null},"type":"Feature"},{"geometry":{"coordinates":[[-121.474878,38.581453],[-121.475114,38.580908]],"type":"LineString"},"id":"REF-SACRAMENTO-LOCAL-ROADS-775","properties":{"canon_status":"REAL_REFERENCE","county_route":null,"federal_lands_route":null,"fictionality":"REAL","globalid":"{F80735A7-3086-4887-8EE8-138C5CCC6EDE}","interstate":null,"interstate_a":null,"interstate_b":null,"interstate_c":null,"loaddate":1748519528000,"mtfcc_code":"S1400","name":"22nd St","objectid":33335479,"permanent_identifier":"7224a949-d9ba-4ea5-82bc-19fbd84a88f7","real_world_relation":"REFERENCE_ONLY","shape_Length":81.93527875633585,"source_datadesc":"2016 October MAFTIGER","source_datasetid":"{7AD8F908-E576-4667-ABBE-3F904F423D64}","source_featureid":"1103690237119","source_id":"REF-SACRAMENTO-LOCAL-ROADS","source_originator":"U.S. Department of Commerce, U.S. Census Bureau, Geography Division","state_route":null,"state_route_a":null,"state_route_b":null,"state_route_c":null,"stco_fipscode":"06067","tnmfrc":4,"us_route":null,"us_route_a":null,"us_route_b":null,"us_route_c":null},"type":"Feature"},{"geometry":{"coordinates":[[-121.474878,38.581453],[-121.473544,38.581096]],"type":"LineString"},"id":"REF-SACRAMENTO-LOCAL-ROADS-776","properties":{"canon_status":"REAL_REFERENCE","county_route":null,"federal_lands_route":null,"fictionality":"REAL","globalid":"{49A2ED9F-48F5-4F46-AAF4-113C2BDF1F0F}","interstate":null,"interstate_a":null,"interstate_b":null,"interstate_c":null,"loaddate":1748519528000,"mtfcc_code":"S1400","name":"E St","objectid":33335480,"permanent_identifier":"40ebba78-2db0-4130-8de2-19c5ea7334e0","real_world_relation":"REFERENCE_ONLY","shape_Length":156.96108161395236,"source_datadesc":"2016 October MAFTIGER","source_datasetid":"{7AD8F908-E576-4667-ABBE-3F904F423D64}","source_featureid":"110873834356","source_id":"REF-SACRAMENTO-LOCAL-ROADS","source_originator":"U.S. Department of Commerce, U.S. Census Bureau, Geography Division","state_route":null,"state_route_a":null,"state_route_b":null,"state_route_c":null,"stco_fipscode":"06067","tnmfrc":4,"us_route":null,"us_route_a":null,"us_route_b":null,"us_route_c":null},"type":"Feature"},{"geometry":{"coordinates":[[-121.470384,38.581477],[-121.470621,38.580929]],"type":"LineString"},"id":"REF-SACRAMENTO-LOCAL-ROADS-777","properties":{"canon_status":"REAL_REFERENCE","county_route":null,"federal_lands_route":null,"fictionality":"REAL","globalid":"{5F9069B2-48EC-466C-BFE2-8F27EA89C4D4}","interstate":null,"interstate_a":null,"interstate_b":null,"interstate_c":null,"loaddate":1748519528000,"mtfcc_code":"S1400","name":"25th St","objectid":33335481,"permanent_identifier":"bbbe90ed-df56-4486-8341-bdf52ed695c5","real_world_relation":"REFERENCE_ONLY","shape_Length":82.37561648603351,"source_datadesc":"2016 October MAFTIGER","source_datasetid":"{7AD8F908-E576-4667-ABBE-3F904F423D64}","source_featureid":"110873865358","source_id":"REF-SACRAMENTO-LOCAL-ROADS","source_originator":"U.S. Department of Commerce, U.S. Census Bureau, Geography Division","state_route":null,"state_route_a":null,"state_route_b":null,"state_route_c":null,"stco_fipscode":"06067","tnmfrc":4,"us_route":null,"us_route_a":null,"us_route_b":null,"us_route_c":null},"type":"Feature"},{"geometry":{"coordinates":[[-121.470384,38.581477],[-121.469045,38.58112]],"type":"LineString"},"id":"REF-SACRAMENTO-LOCAL-ROADS-778","properties":{"canon_status":"REAL_REFERENCE","county_route":null,"federal_lands_route":null,"fictionality":"REAL","globalid":"{0B379153-4690-4193-A48A-21CF0BA09239}","interstate":null,"interstate_a":null,"interstate_b":null,"interstate_c":null,"loaddate":1748519528000,"mtfcc_code":"S1400","name":"D St","objectid":33335482,"permanent_identifier":"2f258552-ba0e-43dc-b639-57c9694daf43","real_world_relation":"REFERENCE_ONLY","shape_Length":157.48787629083378,"source_datadesc":"2016 October MAFTIGER","source_datasetid":"{7AD8F908-E576-4667-ABBE-3F904F423D64}","source_featureid":"110873834322","source_id":"REF-SACRAMENTO-LOCAL-ROADS","source_originator":"U.S. Department of Commerce, U.S. Census Bureau, Geography Division","state_route":null,"state_route_a":null,"state_route_b":null,"state_route_c":null,"stco_fipscode":"06067","tnmfrc":4,"us_route":null,"us_route_a":null,"us_route_b":null,"us_route_c":null},"type":"Feature"},{"geometry":{"coordinates":[[-121.465898,38.581508],[-121.466138,38.580956]],"type":"LineString"},"id":"REF-SACRAMENTO-LOCAL-ROADS-779","properties":{"canon_status":"REAL_REFERENCE","county_route":null,"federal_lands_route":null,"fictionality":"REAL","globalid":"{8795E7B6-DE9F-4634-9489-1B95254B53F0}","interstate":null,"interstate_a":null,"interstate_b":null,"interstate_c":null,"loaddate":1748519528000,"mtfcc_code":"S1400","name":"28th St","objectid":33335483,"permanent_identifier":"f765119c-57c8-42f8-b984-2a5ef8d573a1","real_world_relation":"REFERENCE_ONLY","shape_Length":83.02235478641764,"source_datadesc":"2016 October MAFTIGER","source_datasetid":"{7AD8F908-E576-4667-ABBE-3F904F423D64}","source_featureid":"110873910136","source_id":"REF-SACRAMENTO-LOCAL-ROADS","source_originator":"U.S. Department of Commerce, U.S. Census Bureau, Geography Division","state_route":null,"state_route_a":null,"state_route_b":null,"state_route_c":null,"stco_fipscode":"06067","tnmfrc":4,"us_route":null,"us_route_a":null,"us_route_b":null,"us_route_c":null},"type":"Feature"},{"geometry":{"coordinates":[[-121.465898,38.581508],[-121.464555,38.581149]],"type":"LineString"},"id":"REF-SACRAMENTO-LOCAL-ROADS-780","properties":{"canon_status":"REAL_REFERENCE","county_route":null,"federal_lands_route":null,"fictionality":"REAL","globalid":"{B310102D-7C5F-41ED-84BF-2BA25FB8CEE9}","interstate":null,"interstate_a":null,"interstate_b":null,"interstate_c":null,"loaddate":1748519528000,"mtfcc_code":"S1400","name":"C St","objectid":33335484,"permanent_identifier":"af15a157-b3e5-4e69-ab10-b50f290fb912","real_world_relation":"REFERENCE_ONLY","shape_Length":158.001259917221,"source_datadesc":"2016 October MAFTIGER","source_datasetid":"{7AD8F908-E576-4667-ABBE-3F904F423D64}","source_featureid":"110873834267","source_id":"REF-SACRAMENTO-LOCAL-ROADS","source_originator":"U.S. Department of Commerce, U.S. Census Bureau, Geography Division","state_route":null,"state_route_a":null,"state_route_b":null,"state_route_c":null,"stco_fipscode":"06067","tnmfrc":4,"us_route":null,"us_route_a":null,"us_route_b":null,"us_route_c":null},"type":"Feature"},{"geometry":{"coordinates":[[-121.477775,38.581619],[-121.478014,38.58107]],"type":"LineString"},"id":"REF-SACRAMENTO-LOCAL-ROADS-781","properties":{"canon_status":"REAL_REFERENCE","county_route":null,"federal_lands_route":null,"fictionality":"REAL","globalid":"{585906C4-2799-4C00-8D53-F99A41BE1C85}","interstate":null,"interstate_a":null,"interstate_b":null,"interstate_c":null,"loaddate":1748519528000,"mtfcc_code":"S1400","name":"20th St","objectid":33335485,"permanent_identifier":"264530aa-f80d-4d06-ae69-ec5ab270ae12","real_world_relation":"REFERENCE_ONLY","shape_Length":82.58216311527497,"source_datadesc":"2016 October MAFTIGER","source_datasetid":"{7AD8F908-E576-4667-ABBE-3F904F423D64}","source_featureid":"110873860653","source_id":"REF-SACRAMENTO-LOCAL-ROADS","source_originator":"U.S. Department of Commerce, U.S. Census Bureau, Geography Division","state_route":null,"state_route_a":null,"state_route_b":null,"state_route_c":null,"stco_fipscode":"06067","tnmfrc":4,"us_route":null,"us_route_a":null,"us_route_b":null,"us_route_c":null},"type":"Feature"},{"geometry":{"coordinates":[[-121.476441,38.581263],[-121.477775,38.581619]],"type":"LineString"},"id":"REF-SACRAMENTO-LOCAL-ROADS-782","properties":{"canon_status":"REAL_REFERENCE","county_route":null,"federal_lands_route":null,"fictionality":"REAL","globalid":"{E885B250-DC1F-4511-9D3B-7DE0A3593B38}","interstate":null,"interstate_a":null,"interstate_b":null,"interstate_c":null,"loaddate":1748519528000,"mtfcc_code":"S1400","name":null,"objectid":33335486,"permanent_identifier":"b8e81f3b-b143-4a96-ad3a-3dca6f3308f8","real_world_relation":"REFERENCE_ONLY","shape_Length":156.9151448428735,"source_datadesc":"2021 February MAF/TIGER","source_datasetid":"{7AD8F908-E576-4667-ABBE-3F904F423D64}","source_featureid":null,"source_id":"REF-SACRAMENTO-LOCAL-ROADS","source_originator":"U.S. Department of Commerce, U.S. Census Bureau, Geography Division","state_route":null,"state_route_a":null,"state_route_b":null,"state_route_c":null,"stco_fipscode":"06067","tnmfrc":4,"us_route":null,"us_route_a":null,"us_route_b":null,"us_route_c":null},"type":"Feature"},{"geometry":{"coordinates":[[-121.473306,38.581646],[-121.473544,38.581096]],"type":"LineString"},"id":"REF-SACRAMENTO-LOCAL-ROADS-783","properties":{"canon_status":"REAL_REFERENCE","county_route":null,"federal_lands_route":null,"fictionality":"REAL","globalid":"{0592B3D4-BDC4-4D70-AA22-C4F136E96655}","interstate":null,"interstate_a":null,"interstate_b":null,"interstate_c":null,"loaddate":1748519528000,"mtfcc_code":"S1400","name":"23rd St","objectid":33335487,"permanent_identifier":"12e9d827-b401-4742-aaa6-d7c3a2b69ada","real_world_relation":"REFERENCE_ONLY","shape_Length":82.68125179701103,"source_datadesc":"2016 October MAFTIGER","source_datasetid":"{7AD8F908-E576-4667-ABBE-3F904F423D64}","source_featureid":"110873863117","source_id":"REF-SACRAMENTO-LOCAL-ROADS","source_originator":"U.S. Department of Commerce, U.S. Census Bureau, Geography Division","state_route":null,"state_route_a":null,"state_route_b":null,"state_route_c":null,"stco_fipscode":"06067","tnmfrc":4,"us_route":null,"us_route_a":null,"us_route_b":null,"us_route_c":null},"type":"Feature"},{"geometry":{"coordinates":[[-121.468807,38.581668],[-121.469045,38.58112]],"type":"LineString"},"id":"REF-SACRAMENTO-LOCAL-ROADS-784","properties":{"canon_status":"REAL_REFERENCE","county_route":null,"federal_lands_route":null,"fictionality":"REAL","globalid":"{FD8CA56B-1FB1-4901-A644-090E0C6811E4}","interstate":null,"interstate_a":null,"interstate_b":null,"interstate_c":null,"loaddate":1748519528000,"mtfcc_code":"S1400","name":"26th St","objectid":33335488,"permanent_identifier":"59223abb-5eed-455b-9a04-bced21c4eee6","real_world_relation":"REFERENCE_ONLY","shape_Length":82.41151972498295,"source_datadesc":"2016 October MAFTIGER","source_datasetid":"{7AD8F908-E576-4667-ABBE-3F904F423D64}","source_featureid":"110873910078","source_id":"REF-SACRAMENTO-LOCAL-ROADS","source_originator":"U.S. Department of Commerce, U.S. Census Bureau, Geography Division","state_route":null,"state_route_a":null,"state_route_b":null,"state_route_c":null,"stco_fipscode":"06067","tnmfrc":4,"us_route":null,"us_route_a":null,"us_route_b":null,"us_route_c":null},"type":"Feature"},{"geometry":{"coordinates":[[-121.468807,38.581668],[-121.46747,38.581311]],"type":"LineString"},"id":"REF-SACRAMENTO-LOCAL-ROADS-785","properties":{"canon_status":"REAL_REFERENCE","county_route":null,"federal_lands_route":null,"fictionality":"REAL","globalid":"{F58C2CF5-6DFA-4B3E-92C1-4B717EC69E0A}","interstate":null,"interstate_a":null,"interstate_b":null,"interstate_c":null,"loaddate":1748519528000,"mtfcc_code":"S1400","name":null,"objectid":33335489,"permanent_identifier":"a144b543-5944-465a-b18f-5fb824189790","real_world_relation":"REFERENCE_ONLY","shape_Length":157.27714709696716,"source_datadesc":"2021 February MAF/TIGER","source_datasetid":"{7AD8F908-E576-4667-ABBE-3F904F423D64}","source_featureid":null,"source_id":"REF-SACRAMENTO-LOCAL-ROADS","source_originator":"U.S. Department of Commerce, U.S. Census Bureau, Geography Division","state_route":null,"state_route_a":null,"state_route_b":null,"state_route_c":null,"stco_fipscode":"06067","tnmfrc":4,"us_route":null,"us_route_a":null,"us_route_b":null,"us_route_c":null},"type":"Feature"},{"geometry":{"coordinates":[[-121.476205,38.581807],[-121.476441,38.581263]],"type":"LineString"},"id":"REF-SACRAMENTO-LOCAL-ROADS-786","properties":{"canon_status":"REAL_REFERENCE","county_route":null,"federal_lands_route":null,"fictionality":"REAL","globalid":"{EB297F0D-7018-4C2F-97B8-48057DD083D7}","interstate":null,"interstate_a":null,"interstate_b":null,"interstate_c":null,"loaddate":1748519528000,"mtfcc_code":"S1400","name":"21st St","objectid":33335490,"permanent_identifier":"3cbf8187-020d-462c-9363-eb9f8f428e1a","real_world_relation":"REFERENCE_ONLY","shape_Length":81.80069397260351,"source_datadesc":"2016 October MAFTIGER","source_datasetid":"{7AD8F908-E576-4667-ABBE-3F904F423D64}","source_featureid":"110873861591","source_id":"REF-SACRAMENTO-LOCAL-ROADS","source_originator":"U.S. Department of Commerce, U.S. Census Bureau, Geography Division","state_route":null,"state_route_a":null,"state_route_b":null,"state_route_c":null,"stco_fipscode":"06067","tnmfrc":4,"us_route":null,"us_route_a":null,"us_route_b":null,"us_route_c":null},"type":"Feature"},{"geometry":{"coordinates":[[-121.476205,38.581807],[-121.474878,38.581453]],"type":"LineString"},"id":"REF-SACRAMENTO-LOCAL-ROADS-787","properties":{"canon_status":"REAL_REFERENCE","county_route":null,"federal_lands_route":null,"fictionality":"REAL","globalid":"{DB4065D8-94FF-4E2E-A1F7-98BCEC7BB154}","interstate":null,"interstate_a":null,"interstate_b":null,"interstate_c":null,"loaddate":1748519528000,"mtfcc_code":"S1400","name":"E St","objectid":33335491,"permanent_identifier":"aba63659-05dc-4db5-b922-0669f53c3883","real_world_relation":"REFERENCE_ONLY","shape_Length":156.085657623689,"source_datadesc":"2016 October MAFTIGER","source_datasetid":"{7AD8F908-E576-4667-ABBE-3F904F423D64}","source_featureid":"110873834356","source_id":"REF-SACRAMENTO-LOCAL-ROADS","source_originator":"U.S. Department of Commerce, U.S. Census Bureau, Geography Division","state_route":null,"state_route_a":null,"state_route_b":null,"state_route_c":null,"stco_fipscode":"06067","tnmfrc":4,"us_route":null,"us_route_a":null,"us_route_b":null,"us_route_c":null},"type":"Feature"},{"geometry":{"coordinates":[[-121.471728,38.581836],[-121.471965,38.581288]],"type":"LineString"},"id":"REF-SACRAMENTO-LOCAL-ROADS-788","properties":{"canon_status":"REAL_REFERENCE","county_route":null,"federal_lands_route":null,"fictionality":"REAL","globalid":"{32C35240-B25B-464E-81BA-1EBE61B47967}","interstate":null,"interstate_a":null,"interstate_b":null,"interstate_c":null,"loaddate":1748519528000,"mtfcc_code":"S1400","name":"24th St","objectid":33335492,"permanent_identifier":"bf23e290-3cdc-44d0-96d6-4dbb3ffde58b","real_world_relation":"REFERENCE_ONLY","shape_Length":82.37599541558222,"source_datadesc":"2016 October MAFTIGER","source_datasetid":"{7AD8F908-E576-4667-ABBE-3F904F423D64}","source_featureid":"110873863996","source_id":"REF-SACRAMENTO-LOCAL-ROADS","source_originator":"U.S. Department of Commerce, U.S. Census Bureau, Geography Division","state_route":null,"state_route_a":null,"state_route_b":null,"state_route_c":null,"stco_fipscode":"06067","tnmfrc":4,"us_route":null,"us_route_a":null,"us_route_b":null,"us_route_c":null},"type":"Feature"},{"geometry":{"coordinates":[[-121.471728,38.581836],[-121.470384,38.581477]],"type":"LineString"},"id":"REF-SACRAMENTO-LOCAL-ROADS-789","properties":{"canon_status":"REAL_REFERENCE","county_route":null,"federal_lands_route":null,"fictionality":"REAL","globalid":"{7485B3C4-C855-4B58-BAD1-AAF7DA5D004E}","interstate":null,"interstate_a":null,"interstate_b":null,"interstate_c":null,"loaddate":1748519528000,"mtfcc_code":"S1400","name":"D St","objectid":33335493,"permanent_identifier":"36f5128c-3d0b-4a9e-807e-53a80ac6d89f","real_world_relation":"REFERENCE_ONLY","shape_Length":158.10664166860303,"source_datadesc":"2016 October MAFTIGER","source_datasetid":"{7AD8F908-E576-4667-ABBE-3F904F423D64}","source_featureid":"110873834322","source_id":"REF-SACRAMENTO-LOCAL-ROADS","source_originator":"U.S. Department of Commerce, U.S. Census Bureau, Geography Division","state_route":null,"state_route_a":null,"state_route_b":null,"state_route_c":null,"stco_fipscode":"06067","tnmfrc":4,"us_route":null,"us_route_a":null,"us_route_b":null,"us_route_c":null},"type":"Feature"},{"geometry":{"coordinates":[[-121.467229,38.581862],[-121.46747,38.581311]],"type":"LineString"},"id":"REF-SACRAMENTO-LOCAL-ROADS-790","properties":{"canon_status":"REAL_REFERENCE","county_route":null,"federal_lands_route":null,"fictionality":"REAL","globalid":"{E481A754-9500-449D-982E-880F14FC69C7}","interstate":null,"interstate_a":null,"interstate_b":null,"interstate_c":null,"loaddate":1748519528000,"mtfcc_code":"S1400","name":"27th St","objectid":33335494,"permanent_identifier":"df7b8311-01bd-42cf-a166-4891495d2b85","real_world_relation":"REFERENCE_ONLY","shape_Length":82.92379980020962,"source_datadesc":"2016 October MAFTIGER","source_datasetid":"{7AD8F908-E576-4667-ABBE-3F904F423D64}","source_featureid":"110873910113","source_id":"REF-SACRAMENTO-LOCAL-ROADS","source_originator":"U.S. Department of Commerce, U.S. Census Bureau, Geography Division","state_route":null,"state_route_a":null,"state_route_b":null,"state_route_c":null,"stco_fipscode":"06067","tnmfrc":4,"us_route":null,"us_route_a":null,"us_route_b":null,"us_route_c":null},"type":"Feature"},{"geometry":{"coordinates":[[-121.467229,38.581862],[-121.465898,38.581508]],"type":"LineString"},"id":"REF-SACRAMENTO-LOCAL-ROADS-791","properties":{"canon_status":"REAL_REFERENCE","county_route":null,"federal_lands_route":null,"fictionality":"REAL","globalid":"{CB2C8DDB-4927-4154-8829-84598967B1A0}","interstate":null,"interstate_a":null,"interstate_b":null,"interstate_c":null,"loaddate":1748519528000,"mtfcc_code":"S1400","name":"C St","objectid":33335495,"permanent_identifier":"5def2a0c-0fcb-49a9-bc06-c99452c13024","real_world_relation":"REFERENCE_ONLY","shape_Length":156.50706532516634,"source_datadesc":"2016 October MAFTIGER","source_datasetid":"{7AD8F908-E576-4667-ABBE-3F904F423D64}","source_featureid":"110873834267","source_id":"REF-SACRAMENTO-LOCAL-ROADS","source_originator":"U.S. Department of Commerce, U.S. Census Bureau, Geography Division","state_route":null,"state_route_a":null,"state_route_b":null,"state_route_c":null,"stco_fipscode":"06067","tnmfrc":4,"us_route":null,"us_route_a":null,"us_route_b":null,"us_route_c":null},"type":"Feature"},{"geometry":{"coordinates":[[-121.477775,38.581619],[-121.479112,38.581976]],"type":"LineString"},"id":"REF-SACRAMENTO-LOCAL-ROADS-792","properties":{"canon_status":"REAL_REFERENCE","county_route":null,"federal_lands_route":null,"fictionality":"REAL","globalid":"{FE644130-BF65-44C7-8EF9-F38273723A20}","interstate":null,"interstate_a":null,"interstate_b":null,"interstate_c":null,"loaddate":1748519528000,"mtfcc_code":"S1400","name":null,"objectid":33335496,"permanent_identifier":"56dd7b81-1d3e-4dca-917d-16e19e3fc0f2","real_world_relation":"REFERENCE_ONLY","shape_Length":157.27711710981305,"source_datadesc":"2021 February MAF/TIGER","source_datasetid":"{7AD8F908-E576-4667-ABBE-3F904F423D64}","source_featureid":null,"source_id":"REF-SACRAMENTO-LOCAL-ROADS","source_originator":"U.S. Department of Commerce, U.S. Census Bureau, Geography Division","state_route":null,"state_route_a":null,"state_route_b":null,"state_route_c":null,"stco_fipscode":"06067","tnmfrc":4,"us_route":null,"us_route_a":null,"us_route_b":null,"us_route_c":null},"type":"Feature"},{"geometry":{"coordinates":[[-121.47464,38.582002],[-121.474878,38.581453]],"type":"LineString"},"id":"REF-SACRAMENTO-LOCAL-ROADS-793","properties":{"canon_status":"REAL_REFERENCE","county_route":null,"federal_lands_route":null,"fictionality":"REAL","globalid":"{90EFE963-9AA0-40EF-86C3-001329CC2904}","interstate":null,"interstate_a":null,"interstate_b":null,"interstate_c":null,"loaddate":1748519528000,"mtfcc_code":"S1400","name":"22nd St","objectid":33335497,"permanent_identifier":"d9ae1f4e-d02c-4ecd-9a52-15a491500050","real_world_relation":"REFERENCE_ONLY","shape_Length":82.54675194090228,"source_datadesc":"2016 October MAFTIGER","source_datasetid":"{7AD8F908-E576-4667-ABBE-3F904F423D64}","source_featureid":"1103690237119","source_id":"REF-SACRAMENTO-LOCAL-ROADS","source_originator":"U.S. Department of Commerce, U.S. Census Bureau, Geography Division","state_route":null,"state_route_a":null,"state_route_b":null,"state_route_c":null,"stco_fipscode":"06067","tnmfrc":4,"us_route":null,"us_route_a":null,"us_route_b":null,"us_route_c":null},"type":"Feature"},{"geometry":{"coordinates":[[-121.470148,38.582026],[-121.470384,38.581477]],"type":"LineString"},"id":"REF-SACRAMENTO-LOCAL-ROADS-794","properties":{"canon_status":"REAL_REFERENCE","county_route":null,"federal_lands_route":null,"fictionality":"REAL","globalid":"{C1363158-6312-4A3A-AC52-4C8A954B25F7}","interstate":null,"interstate_a":null,"interstate_b":null,"interstate_c":null,"loaddate":1748519528000,"mtfcc_code":"S1400","name":"25th St","objectid":33335498,"permanent_identifier":"a062e1c3-f013-4c6d-b2b7-e6b6e4b6843e","real_world_relation":"REFERENCE_ONLY","shape_Length":82.47557625112047,"source_datadesc":"2016 October MAFTIGER","source_datasetid":"{7AD8F908-E576-4667-ABBE-3F904F423D64}","source_featureid":"110873865358","source_id":"REF-SACRAMENTO-LOCAL-ROADS","source_originator":"U.S. Department of Commerce, U.S. Census Bureau, Geography Division","state_route":null,"state_route_a":null,"state_route_b":null,"state_route_c":null,"stco_fipscode":"06067","tnmfrc":4,"us_route":null,"us_route_a":null,"us_route_b":null,"us_route_c":null},"type":"Feature"},{"geometry":{"coordinates":[[-121.470148,38.582026],[-121.468807,38.581668]],"type":"LineString"},"id":"REF-SACRAMENTO-LOCAL-ROADS-795","properties":{"canon_status":"REAL_REFERENCE","county_route":null,"federal_lands_route":null,"fictionality":"REAL","globalid":"{2D98131E-BE7D-4A1C-83F7-DC12B8BC47C4}","interstate":null,"interstate_a":null,"interstate_b":null,"interstate_c":null,"loaddate":1748519528000,"mtfcc_code":"S1400","name":null,"objectid":33335499,"permanent_identifier":"3f352d59-e547-4bfd-9485-d0af4d3381c0","real_world_relation":"REFERENCE_ONLY","shape_Length":157.74466869064844,"source_datadesc":"2021 February MAF/TIGER","source_datasetid":"{7AD8F908-E576-4667-ABBE-3F904F423D64}","source_featureid":null,"source_id":"REF-SACRAMENTO-LOCAL-ROADS","source_originator":"U.S. Department of Commerce, U.S. Census Bureau, Geography Division","state_route":null,"state_route_a":null,"state_route_b":null,"state_route_c":null,"stco_fipscode":"06067","tnmfrc":4,"us_route":null,"us_route_a":null,"us_route_b":null,"us_route_c":null},"type":"Feature"},{"geometry":{"coordinates":[[-121.477538,38.582163],[-121.477775,38.581619]],"type":"LineString"},"id":"REF-SACRAMENTO-LOCAL-ROADS-796","properties":{"canon_status":"REAL_REFERENCE","county_route":null,"federal_lands_route":null,"fictionality":"REAL","globalid":"{65110688-539C-44D3-92C6-A921788FD491}","interstate":null,"interstate_a":null,"interstate_b":null,"interstate_c":null,"loaddate":1748519528000,"mtfcc_code":"S1400","name":"20th St","objectid":33335500,"permanent_identifier":"4d11e5c0-cd7f-4681-95fc-7c2b9a731b5e","real_world_relation":"REFERENCE_ONLY","shape_Length":81.83691823398412,"source_datadesc":"2016 October MAFTIGER","source_datasetid":"{7AD8F908-E576-4667-ABBE-3F904F423D64}","source_featureid":"110873860653","source_id":"REF-SACRAMENTO-LOCAL-ROADS","source_originator":"U.S. Department of Commerce, U.S. Census Bureau, Geography Division","state_route":null,"state_route_a":null,"state_route_b":null,"state_route_c":null,"stco_fipscode":"06067","tnmfrc":4,"us_route":null,"us_route_a":null,"us_route_b":null,"us_route_c":null},"type":"Feature"},{"geometry":{"coordinates":[[-121.477538,38.582163],[-121.476205,38.581807]],"type":"LineString"},"id":"REF-SACRAMENTO-LOCAL-ROADS-797","properties":{"canon_status":"REAL_REFERENCE","county_route":null,"federal_lands_route":null,"fictionality":"REAL","globalid":"{BA45FCD8-6914-4E7E-AB6A-58A8C7D4A977}","interstate":null,"interstate_a":null,"interstate_b":null,"interstate_c":null,"loaddate":1748519528000,"mtfcc_code":"S1400","name":"E St","objectid":33335501,"permanent_identifier":"417fefae-973e-4bc9-9bb7-a919a2e291f7","real_world_relation":"REFERENCE_ONLY","shape_Length":156.80985230820508,"source_datadesc":"2016 October MAFTIGER","source_datasetid":"{7AD8F908-E576-4667-ABBE-3F904F423D64}","source_featureid":"110873834356","source_id":"REF-SACRAMENTO-LOCAL-ROADS","source_originator":"U.S. Department of Commerce, U.S. Census Bureau, Geography Division","state_route":null,"state_route_a":null,"state_route_b":null,"state_route_c":null,"stco_fipscode":"06067","tnmfrc":4,"us_route":null,"us_route_a":null,"us_route_b":null,"us_route_c":null},"type":"Feature"},{"geometry":{"coordinates":[[-121.473069,38.582193],[-121.473306,38.581646]],"type":"LineString"},"id":"REF-SACRAMENTO-LOCAL-ROADS-798","properties":{"canon_status":"REAL_REFERENCE","county_route":null,"federal_lands_route":null,"fictionality":"REAL","globalid":"{CC87FE67-9166-44CD-B0D5-46B4468BABCE}","interstate":null,"interstate_a":null,"interstate_b":null,"interstate_c":null,"loaddate":1748519528000,"mtfcc_code":"S1400","name":"23rd St","objectid":33335502,"permanent_identifier":"df02b6f5-ade1-4b6e-850a-8f8fcfd8ca54","real_world_relation":"REFERENCE_ONLY","shape_Length":82.24148773912593,"source_datadesc":"2016 October MAFTIGER","source_datasetid":"{7AD8F908-E576-4667-ABBE-3F904F423D64}","source_featureid":"110873863117","source_id":"REF-SACRAMENTO-LOCAL-ROADS","source_originator":"U.S. Department of Commerce, U.S. Census Bureau, Geography Division","state_route":null,"state_route_a":null,"state_route_b":null,"state_route_c":null,"stco_fipscode":"06067","tnmfrc":4,"us_route":null,"us_route_a":null,"us_route_b":null,"us_route_c":null},"type":"Feature"},{"geometry":{"coordinates":[[-121.473069,38.582193],[-121.471728,38.581836]],"type":"LineString"},"id":"REF-SACRAMENTO-LOCAL-ROADS-799","properties":{"canon_status":"REAL_REFERENCE","county_route":null,"federal_lands_route":null,"fictionality":"REAL","globalid":"{2EA8F224-8B83-47AF-929D-DBD4983C8D16}","interstate":null,"interstate_a":null,"interstate_b":null,"interstate_c":null,"loaddate":1748519528000,"mtfcc_code":"S1400","name":"D St","objectid":33335503,"permanent_identifier":"289fcb6c-d5e8-4268-8896-614ee69590dd","real_world_relation":"REFERENCE_ONLY","shape_Length":157.69873715359654,"source_datadesc":"2016 October MAFTIGER","source_datasetid":"{7AD8F908-E576-4667-ABBE-3F904F423D64}","source_featureid":"110873834322","source_id":"REF-SACRAMENTO-LOCAL-ROADS","source_originator":"U.S. Department of Commerce, U.S. Census Bureau, Geography Division","state_route":null,"state_route_a":null,"state_route_b":null,"state_route_c":null,"stco_fipscode":"06067","tnmfrc":4,"us_route":null,"us_route_a":null,"us_route_b":null,"us_route_c":null},"type":"Feature"},{"geometry":{"coordinates":[[-121.468567,38.582219],[-121.468807,38.581668]],"type":"LineString"},"id":"REF-SACRAMENTO-LOCAL-ROADS-800","properties":{"canon_status":"REAL_REFERENCE","county_route":null,"federal_lands_route":null,"fictionality":"REAL","globalid":"{B425A932-9535-40B8-8C18-B97E5DE8BE90}","interstate":null,"interstate_a":null,"interstate_b":null,"interstate_c":null,"loaddate":1748519528000,"mtfcc_code":"S1400","name":"26th St","objectid":33335505,"permanent_identifier":"78fa3afb-affd-4e71-b533-33c0c4669b10","real_world_relation":"REFERENCE_ONLY","shape_Length":82.88833157679932,"source_datadesc":"2016 October MAFTIGER","source_datasetid":"{7AD8F908-E576-4667-ABBE-3F904F423D64}","source_featureid":"110873910078","source_id":"REF-SACRAMENTO-LOCAL-ROADS","source_originator":"U.S. Department of Commerce, U.S. Census Bureau, Geography Division","state_route":null,"state_route_a":null,"state_route_b":null,"state_route_c":null,"stco_fipscode":"06067","tnmfrc":4,"us_route":null,"us_route_a":null,"us_route_b":null,"us_route_c":null},"type":"Feature"},{"geometry":{"coordinates":[[-121.468567,38.582219],[-121.467229,38.581862]],"type":"LineString"},"id":"REF-SACRAMENTO-LOCAL-ROADS-801","properties":{"canon_status":"REAL_REFERENCE","county_route":null,"federal_lands_route":null,"fictionality":"REAL","globalid":"{BE043203-FC65-42FE-B587-105FB5075AB4}","interstate":null,"interstate_a":null,"interstate_b":null,"interstate_c":null,"loaddate":1748519528000,"mtfcc_code":"S1400","name":"C St","objectid":33335506,"permanent_identifier":"94427165-a55f-494a-bf76-c8acb740c307","real_world_relation":"REFERENCE_ONLY","shape_Length":157.38263791373583,"source_datadesc":"2016 October MAFTIGER","source_datasetid":"{7AD8F908-E576-4667-ABBE-3F904F423D64}","source_featureid":"110873834267","source_id":"REF-SACRAMENTO-LOCAL-ROADS","source_originator":"U.S. Department of Commerce, U.S. Census Bureau, Geography Division","state_route":null,"state_route_a":null,"state_route_b":null,"state_route_c":null,"stco_fipscode":"06067","tnmfrc":4,"us_route":null,"us_route_a":null,"us_route_b":null,"us_route_c":null},"type":"Feature"},{"geometry":{"coordinates":[[-121.479112,38.581976],[-121.480439,38.582331]],"type":"LineString"},"id":"REF-SACRAMENTO-LOCAL-ROADS-802","properties":{"canon_status":"REAL_REFERENCE","county_route":null,"federal_lands_route":null,"fictionality":"REAL","globalid":"{83B43656-BE4F-492D-AF18-4A839A64AAE2}","interstate":null,"interstate_a":null,"interstate_b":null,"interstate_c":null,"loaddate":1748519528000,"mtfcc_code":"S1400","name":null,"objectid":33335509,"permanent_identifier":"e91071f0-a6e2-4ac9-b907-dbf57951ee0c","real_world_relation":"REFERENCE_ONLY","shape_Length":156.13183597175933,"source_datadesc":"2021 February MAF/TIGER","source_datasetid":"{7AD8F908-E576-4667-ABBE-3F904F423D64}","source_featureid":null,"source_id":"REF-SACRAMENTO-LOCAL-ROADS","source_originator":"U.S. Department of Commerce, U.S. Census Bureau, Geography Division","state_route":null,"state_route_a":null,"state_route_b":null,"state_route_c":null,"stco_fipscode":"06067","tnmfrc":4,"us_route":null,"us_route_a":null,"us_route_b":null,"us_route_c":null},"type":"Feature"},{"geometry":{"coordinates":[[-121.475968,38.582357],[-121.476205,38.581807]],"type":"LineString"},"id":"REF-SACRAMENTO-LOCAL-ROADS-803","properties":{"canon_status":"REAL_REFERENCE","county_route":null,"federal_lands_route":null,"fictionality":"REAL","globalid":"{4D6A37C8-478A-484C-A313-8E5227C67DB4}","interstate":null,"interstate_a":null,"interstate_b":null,"interstate_c":null,"loaddate":1748519528000,"mtfcc_code":"S1400","name":"21st St","objectid":33335510,"permanent_identifier":"dae7fcc6-ec7d-426b-8fdb-005f02e60aac","real_world_relation":"REFERENCE_ONLY","shape_Length":82.64641272848918,"source_datadesc":"2016 October MAFTIGER","source_datasetid":"{7AD8F908-E576-4667-ABBE-3F904F423D64}","source_featureid":"110873861591","source_id":"REF-SACRAMENTO-LOCAL-ROADS","source_originator":"U.S. Department of Commerce, U.S. Census Bureau, Geography Division","state_route":null,"state_route_a":null,"state_route_b":null,"state_route_c":null,"stco_fipscode":"06067","tnmfrc":4,"us_route":null,"us_route_a":null,"us_route_b":null,"us_route_c":null},"type":"Feature"},{"geometry":{"coordinates":[[-121.47149,38.582384],[-121.471728,38.581836]],"type":"LineString"},"id":"REF-SACRAMENTO-LOCAL-ROADS-804","properties":{"canon_status":"REAL_REFERENCE","county_route":null,"federal_lands_route":null,"fictionality":"REAL","globalid":"{859316CA-DF6D-412B-9054-85955D0DD91E}","interstate":null,"interstate_a":null,"interstate_b":null,"interstate_c":null,"loaddate":1748519528000,"mtfcc_code":"S1400","name":"24th St","objectid":33335511,"permanent_identifier":"e25557d1-a483-41e4-a7fe-1d8cb053f797","real_world_relation":"REFERENCE_ONLY","shape_Length":82.41227725545787,"source_datadesc":"2016 October MAFTIGER","source_datasetid":"{7AD8F908-E576-4667-ABBE-3F904F423D64}","source_featureid":"110873863996","source_id":"REF-SACRAMENTO-LOCAL-ROADS","source_originator":"U.S. Department of Commerce, U.S. Census Bureau, Geography Division","state_route":null,"state_route_a":null,"state_route_b":null,"state_route_c":null,"stco_fipscode":"06067","tnmfrc":4,"us_route":null,"us_route_a":null,"us_route_b":null,"us_route_c":null},"type":"Feature"},{"geometry":{"coordinates":[[-121.47149,38.582384],[-121.470148,38.582026]],"type":"LineString"},"id":"REF-SACRAMENTO-LOCAL-ROADS-805","properties":{"canon_status":"REAL_REFERENCE","county_route":null,"federal_lands_route":null,"fictionality":"REAL","globalid":"{64AB4448-E9E7-4B80-B8E7-C426743AE476}","interstate":null,"interstate_a":null,"interstate_b":null,"interstate_c":null,"loaddate":1748519528000,"mtfcc_code":"S1400","name":null,"objectid":33335512,"permanent_identifier":"48176537-421f-460a-8d4d-208fc4bba630","real_world_relation":"REFERENCE_ONLY","shape_Length":157.8500969080964,"source_datadesc":"2021 February MAF/TIGER","source_datasetid":"{7AD8F908-E576-4667-ABBE-3F904F423D64}","source_featureid":null,"source_id":"REF-SACRAMENTO-LOCAL-ROADS","source_originator":"U.S. Department of Commerce, U.S. Census Bureau, Geography Division","state_route":null,"state_route_a":null,"state_route_b":null,"state_route_c":null,"stco_fipscode":"06067","tnmfrc":4,"us_route":null,"us_route_a":null,"us_route_b":null,"us_route_c":null},"type":"Feature"},{"geometry":{"coordinates":[[-121.466989,38.582414],[-121.467229,38.581862]],"type":"LineString"},"id":"REF-SACRAMENTO-LOCAL-ROADS-806","properties":{"canon_status":"REAL_REFERENCE","county_route":null,"federal_lands_route":null,"fictionality":"REAL","globalid":"{BDFEEC42-582B-48C2-B72D-3E128158157E}","interstate":null,"interstate_a":null,"interstate_b":null,"interstate_c":null,"loaddate":1748519528000,"mtfcc_code":"S1400","name":"27th St","objectid":33335513,"permanent_identifier":"eb22d1ce-b76b-4c01-a0c2-5ce95d339fdb","real_world_relation":"REFERENCE_ONLY","shape_Length":83.02333376978741,"source_datadesc":"2016 October MAFTIGER","source_datasetid":"{7AD8F908-E576-4667-ABBE-3F904F423D64}","source_featureid":"110873910113","source_id":"REF-SACRAMENTO-LOCAL-ROADS","source_originator":"U.S. Department of Commerce, U.S. Census Bureau, Geography Division","state_route":null,"state_route_a":null,"state_route_b":null,"state_route_c":null,"stco_fipscode":"06067","tnmfrc":4,"us_route":null,"us_route_a":null,"us_route_b":null,"us_route_c":null},"type":"Feature"},{"geometry":{"coordinates":[[-121.478877,38.582521],[-121.479112,38.581976]],"type":"LineString"},"id":"REF-SACRAMENTO-LOCAL-ROADS-807","properties":{"canon_status":"REAL_REFERENCE","county_route":null,"federal_lands_route":null,"fictionality":"REAL","globalid":"{2A754D28-F592-4737-91F7-04EA3734CDCD}","interstate":null,"interstate_a":null,"interstate_b":null,"interstate_c":null,"loaddate":1748519528000,"mtfcc_code":"S1400","name":"19th St","objectid":33335514,"permanent_identifier":"9dd8402e-cbb9-40d9-873a-99b6a6a71943","real_world_relation":"REFERENCE_ONLY","shape_Length":81.90076501671129,"source_datadesc":"2016 October MAFTIGER","source_datasetid":"{7AD8F908-E576-4667-ABBE-3F904F423D64}","source_featureid":"1104469987952","source_id":"REF-SACRAMENTO-LOCAL-ROADS","source_originator":"U.S. Department of Commerce, U.S. Census Bureau, Geography Division","state_route":null,"state_route_a":null,"state_route_b":null,"state_route_c":null,"stco_fipscode":"06067","tnmfrc":4,"us_route":null,"us_route_a":null,"us_route_b":null,"us_route_c":null},"type":"Feature"},{"geometry":{"coordinates":[[-121.478877,38.582521],[-121.47805,38.5823],[-121.477538,38.582163]],"type":"LineString"},"id":"REF-SACRAMENTO-LOCAL-ROADS-808","properties":{"canon_status":"REAL_REFERENCE","county_route":null,"federal_lands_route":null,"fictionality":"REAL","globalid":"{6AE09124-5324-4F07-BD1F-79E02C5B187A}","interstate":null,"interstate_a":null,"interstate_b":null,"interstate_c":null,"loaddate":1748519528000,"mtfcc_code":"S1400","name":"E St","objectid":33335515,"permanent_identifier":"28c22acc-9007-4006-a43f-7c4bf056d678","real_world_relation":"REFERENCE_ONLY","shape_Length":157.53416303419945,"source_datadesc":"2016 October MAFTIGER","source_datasetid":"{7AD8F908-E576-4667-ABBE-3F904F423D64}","source_featureid":"110873834356","source_id":"REF-SACRAMENTO-LOCAL-ROADS","source_originator":"U.S. Department of Commerce, U.S. Census Bureau, Geography Division","state_route":null,"state_route_a":null,"state_route_b":null,"state_route_c":null,"stco_fipscode":"06067","tnmfrc":4,"us_route":null,"us_route_a":null,"us_route_b":null,"us_route_c":null},"type":"Feature"},{"geometry":{"coordinates":[[-121.474403,38.582549],[-121.47464,38.582002]],"type":"LineString"},"id":"REF-SACRAMENTO-LOCAL-ROADS-809","properties":{"canon_status":"REAL_REFERENCE","county_route":null,"federal_lands_route":null,"fictionality":"REAL","globalid":"{0865D21F-04B1-41F0-A563-BD3E6CBF7683}","interstate":null,"interstate_a":null,"interstate_b":null,"interstate_c":null,"loaddate":1748519528000,"mtfcc_code":"S1400","name":"22nd St","objectid":33335516,"permanent_identifier":"5281e77d-e068-47cb-a625-0b4baed69892","real_world_relation":"REFERENCE_ONLY","shape_Length":82.24177188147898,"source_datadesc":"2016 October MAFTIGER","source_datasetid":"{7AD8F908-E576-4667-ABBE-3F904F423D64}","source_featureid":"1103690237119","source_id":"REF-SACRAMENTO-LOCAL-ROADS","source_originator":"U.S. Department of Commerce, U.S. Census Bureau, Geography Division","state_route":null,"state_route_a":null,"state_route_b":null,"state_route_c":null,"stco_fipscode":"06067","tnmfrc":4,"us_route":null,"us_route_a":null,"us_route_b":null,"us_route_c":null},"type":"Feature"},{"geometry":{"coordinates":[[-121.474403,38.582549],[-121.473069,38.582193]],"type":"LineString"},"id":"REF-SACRAMENTO-LOCAL-ROADS-810","properties":{"canon_status":"REAL_REFERENCE","county_route":null,"federal_lands_route":null,"fictionality":"REAL","globalid":"{74DF01F9-ECDA-4F5A-8A77-F33CE6E4F804}","interstate":null,"interstate_a":null,"interstate_b":null,"interstate_c":null,"loaddate":1748519528000,"mtfcc_code":"S1400","name":"D St","objectid":33335517,"permanent_identifier":"9426a6bc-f341-49cc-9dab-ce4d747b08d0","real_world_relation":"REFERENCE_ONLY","shape_Length":156.91524405047255,"source_datadesc":"2016 October MAFTIGER","source_datasetid":"{7AD8F908-E576-4667-ABBE-3F904F423D64}","source_featureid":"110873834322","source_id":"REF-SACRAMENTO-LOCAL-ROADS","source_originator":"U.S. Department of Commerce, U.S. Census Bureau, Geography Division","state_route":null,"state_route_a":null,"state_route_b":null,"state_route_c":null,"stco_fipscode":"06067","tnmfrc":4,"us_route":null,"us_route_a":null,"us_route_b":null,"us_route_c":null},"type":"Feature"},{"geometry":{"coordinates":[[-121.469909,38.582577],[-121.470148,38.582026]],"type":"LineString"},"id":"REF-SACRAMENTO-LOCAL-ROADS-811","properties":{"canon_status":"REAL_REFERENCE","county_route":null,"federal_lands_route":null,"fictionality":"REAL","globalid":"{60DBD40F-1147-49AC-8581-3EAFF1CF3324}","interstate":null,"interstate_a":null,"interstate_b":null,"interstate_c":null,"loaddate":1748519528000,"mtfcc_code":"S1400","name":"25th St","objectid":33335518,"permanent_identifier":"d730d52d-dff8-4849-bd4e-ef6265091473","real_world_relation":"REFERENCE_ONLY","shape_Length":82.8528082894793,"source_datadesc":"2016 October MAFTIGER","source_datasetid":"{7AD8F908-E576-4667-ABBE-3F904F423D64}","source_featureid":"110873865358","source_id":"REF-SACRAMENTO-LOCAL-ROADS","source_originator":"U.S. Department of Commerce, U.S. Census Bureau, Geography Division","state_route":null,"state_route_a":null,"state_route_b":null,"state_route_c":null,"stco_fipscode":"06067","tnmfrc":4,"us_route":null,"us_route_a":null,"us_route_b":null,"us_route_c":null},"type":"Feature"},{"geometry":{"coordinates":[[-121.469909,38.582577],[-121.468567,38.582219]],"type":"LineString"},"id":"REF-SACRAMENTO-LOCAL-ROADS-812","properties":{"canon_status":"REAL_REFERENCE","county_route":null,"federal_lands_route":null,"fictionality":"REAL","globalid":"{7DC72EDB-0AEF-4111-94DF-5958787956FE}","interstate":null,"interstate_a":null,"interstate_b":null,"interstate_c":null,"loaddate":1748519528000,"mtfcc_code":"S1400","name":"C St","objectid":33335519,"permanent_identifier":"c68746ac-ab93-49a6-aa1b-b5933511bf07","real_world_relation":"REFERENCE_ONLY","shape_Length":157.8500969080964,"source_datadesc":"2016 October MAFTIGER","source_datasetid":"{7AD8F908-E576-4667-ABBE-3F904F423D64}","source_featureid":"110873834267","source_id":"REF-SACRAMENTO-LOCAL-ROADS","source_originator":"U.S. Department of Commerce, U.S. Census Bureau, Geography Division","state_route":null,"state_route_a":null,"state_route_b":null,"state_route_c":null,"stco_fipscode":"06067","tnmfrc":4,"us_route":null,"us_route_a":null,"us_route_b":null,"us_route_c":null},"type":"Feature"},{"geometry":{"coordinates":[[-121.465424,38.582601],[-121.465898,38.581508]],"type":"LineString"},"id":"REF-SACRAMENTO-LOCAL-ROADS-813","properties":{"canon_status":"REAL_REFERENCE","county_route":null,"federal_lands_route":null,"fictionality":"REAL","globalid":"{5B734BFD-53BF-4CB4-B5BB-BE228F30AD45}","interstate":null,"interstate_a":null,"interstate_b":null,"interstate_c":null,"loaddate":1748519528000,"mtfcc_code":"S1400","name":"28th St","objectid":33335520,"permanent_identifier":"82dd6be8-fc51-494d-abc2-b14ee41f38b1","real_world_relation":"REFERENCE_ONLY","shape_Length":164.34832940126014,"source_datadesc":"2016 October MAFTIGER","source_datasetid":"{7AD8F908-E576-4667-ABBE-3F904F423D64}","source_featureid":"110873910136","source_id":"REF-SACRAMENTO-LOCAL-ROADS","source_originator":"U.S. Department of Commerce, U.S. Census Bureau, Geography Division","state_route":null,"state_route_a":null,"state_route_b":null,"state_route_c":null,"stco_fipscode":"06067","tnmfrc":4,"us_route":null,"us_route_a":null,"us_route_b":null,"us_route_c":null},"type":"Feature"},{"geometry":{"coordinates":[[-121.465424,38.582601],[-121.464082,38.582237]],"type":"LineString"},"id":"REF-SACRAMENTO-LOCAL-ROADS-814","properties":{"canon_status":"REAL_REFERENCE","county_route":null,"federal_lands_route":null,"fictionality":"REAL","globalid":"{76E0C395-F7DD-4AD6-8290-F32B61089F41}","interstate":null,"interstate_a":null,"interstate_b":null,"interstate_c":null,"loaddate":1748519528000,"mtfcc_code":"S1400","name":"B St","objectid":33335521,"permanent_identifier":"120ece4a-6bdf-4866-93d0-5ad3f54742e9","real_world_relation":"REFERENCE_ONLY","shape_Length":158.12814250196328,"source_datadesc":"2016 October MAFTIGER","source_datasetid":"{7AD8F908-E576-4667-ABBE-3F904F423D64}","source_featureid":"110873834229","source_id":"REF-SACRAMENTO-LOCAL-ROADS","source_originator":"U.S. Department of Commerce, U.S. Census Bureau, Geography Division","state_route":null,"state_route_a":null,"state_route_b":null,"state_route_c":null,"stco_fipscode":"06067","tnmfrc":4,"us_route":null,"us_route_a":null,"us_route_b":null,"us_route_c":null},"type":"Feature"},{"geometry":{"coordinates":[[-121.4773,38.582713],[-121.477538,38.582163]],"type":"LineString"},"id":"REF-SACRAMENTO-LOCAL-ROADS-815","properties":{"canon_status":"REAL_REFERENCE","county_route":null,"federal_lands_route":null,"fictionality":"REAL","globalid":"{FD422E76-A42A-487C-8937-47D67E0BC1ED}","interstate":null,"interstate_a":null,"interstate_b":null,"interstate_c":null,"loaddate":1748519528000,"mtfcc_code":"S1400","name":"20th St","objectid":33335522,"permanent_identifier":"870050fe-801a-4be5-9ba0-fa73fe09ebf1","real_world_relation":"REFERENCE_ONLY","shape_Length":82.68238852041848,"source_datadesc":"2016 October MAFTIGER","source_datasetid":"{7AD8F908-E576-4667-ABBE-3F904F423D64}","source_featureid":"110873860653","source_id":"REF-SACRAMENTO-LOCAL-ROADS","source_originator":"U.S. Department of Commerce, U.S. Census Bureau, Geography Division","state_route":null,"state_route_a":null,"state_route_b":null,"state_route_c":null,"stco_fipscode":"06067","tnmfrc":4,"us_route":null,"us_route_a":null,"us_route_b":null,"us_route_c":null},"type":"Feature"},{"geometry":{"coordinates":[[-121.472831,38.582742],[-121.473069,38.582193]],"type":"LineString"},"id":"REF-SACRAMENTO-LOCAL-ROADS-816","properties":{"canon_status":"REAL_REFERENCE","county_route":null,"federal_lands_route":null,"fictionality":"REAL","globalid":"{13A3242E-2741-4166-B893-2C5D9538F1D3}","interstate":null,"interstate_a":null,"interstate_b":null,"interstate_c":null,"loaddate":1748519528000,"mtfcc_code":"S1400","name":"23rd St","objectid":33335523,"permanent_identifier":"f718d110-29ed-4c2f-9bcd-5d2daaead370","real_world_relation":"REFERENCE_ONLY","shape_Length":82.5475417109441,"source_datadesc":"2016 October MAFTIGER","source_datasetid":"{7AD8F908-E576-4667-ABBE-3F904F423D64}","source_featureid":"110873863117","source_id":"REF-SACRAMENTO-LOCAL-ROADS","source_originator":"U.S. Department of Commerce, U.S. Census Bureau, Geography Division","state_route":null,"state_route_a":null,"state_route_b":null,"state_route_c":null,"stco_fipscode":"06067","tnmfrc":4,"us_route":null,"us_route_a":null,"us_route_b":null,"us_route_c":null},"type":"Feature"},{"geometry":{"coordinates":[[-121.472831,38.582742],[-121.47149,38.582384]],"type":"LineString"},"id":"REF-SACRAMENTO-LOCAL-ROADS-817","properties":{"canon_status":"REAL_REFERENCE","county_route":null,"federal_lands_route":null,"fictionality":"REAL","globalid":"{3EB319A5-B44D-479A-9346-A3732E8BD717}","interstate":null,"interstate_a":null,"interstate_b":null,"interstate_c":null,"loaddate":1748519528000,"mtfcc_code":"S1400","name":null,"objectid":33335524,"permanent_identifier":"51b6d3c1-bc3f-4c07-9da6-328b35458721","real_world_relation":"REFERENCE_ONLY","shape_Length":157.74473564838976,"source_datadesc":"2021 February MAF/TIGER","source_datasetid":"{7AD8F908-E576-4667-ABBE-3F904F423D64}","source_featureid":null,"source_id":"REF-SACRAMENTO-LOCAL-ROADS","source_originator":"U.S. Department of Commerce, U.S. Census Bureau, Geography Division","state_route":null,"state_route_a":null,"state_route_b":null,"state_route_c":null,"stco_fipscode":"06067","tnmfrc":4,"us_route":null,"us_route_a":null,"us_route_b":null,"us_route_c":null},"type":"Feature"},{"geometry":{"coordinates":[[-121.468328,38.58277],[-121.468567,38.582219]],"type":"LineString"},"id":"REF-SACRAMENTO-LOCAL-ROADS-818","properties":{"canon_status":"REAL_REFERENCE","county_route":null,"federal_lands_route":null,"fictionality":"REAL","globalid":"{F020F208-C041-481B-8D62-D56566E22314}","interstate":null,"interstate_a":null,"interstate_b":null,"interstate_c":null,"loaddate":1748519528000,"mtfcc_code":"S1400","name":"26th St","objectid":33335525,"permanent_identifier":"d14e1648-a01f-4a53-8b6a-97bd042f6d7f","real_world_relation":"REFERENCE_ONLY","shape_Length":82.85296558859213,"source_datadesc":"2016 October MAFTIGER","source_datasetid":"{7AD8F908-E576-4667-ABBE-3F904F423D64}","source_featureid":"110873910078","source_id":"REF-SACRAMENTO-LOCAL-ROADS","source_originator":"U.S. Department of Commerce, U.S. Census Bureau, Geography Division","state_route":null,"state_route_a":null,"state_route_b":null,"state_route_c":null,"stco_fipscode":"06067","tnmfrc":4,"us_route":null,"us_route_a":null,"us_route_b":null,"us_route_c":null},"type":"Feature"},{"geometry":{"coordinates":[[-121.480204,38.582875],[-121.478877,38.582521]],"type":"LineString"},"id":"REF-SACRAMENTO-LOCAL-ROADS-819","properties":{"canon_status":"REAL_REFERENCE","county_route":null,"federal_lands_route":null,"fictionality":"REAL","globalid":"{FEFF0510-92D6-4D66-AE79-B9BB354E71F9}","interstate":null,"interstate_a":null,"interstate_b":null,"interstate_c":null,"loaddate":1748519528000,"mtfcc_code":"S1400","name":"E St","objectid":33335526,"permanent_identifier":"20c20306-a808-43f4-b88d-6b9a5375952c","real_world_relation":"REFERENCE_ONLY","shape_Length":156.08588370423817,"source_datadesc":"2016 October MAFTIGER","source_datasetid":"{7AD8F908-E576-4667-ABBE-3F904F423D64}","source_featureid":"110873834356","source_id":"REF-SACRAMENTO-LOCAL-ROADS","source_originator":"U.S. Department of Commerce, U.S. Census Bureau, Geography Division","state_route":null,"state_route_a":null,"state_route_b":null,"state_route_c":null,"stco_fipscode":"06067","tnmfrc":4,"us_route":null,"us_route_a":null,"us_route_b":null,"us_route_c":null},"type":"Feature"},{"geometry":{"coordinates":[[-121.475731,38.582903],[-121.475968,38.582357]],"type":"LineString"},"id":"REF-SACRAMENTO-LOCAL-ROADS-820","properties":{"canon_status":"REAL_REFERENCE","county_route":null,"federal_lands_route":null,"fictionality":"REAL","globalid":"{45E80824-A8CF-4448-9019-631BE8CFA09D}","interstate":null,"interstate_a":null,"interstate_b":null,"interstate_c":null,"loaddate":1748519528000,"mtfcc_code":"S1400","name":"21st St","objectid":33335527,"permanent_identifier":"dd8212f3-04c7-4af4-a6c1-f84c483aa137","real_world_relation":"REFERENCE_ONLY","shape_Length":82.10728937605037,"source_datadesc":"2016 October MAFTIGER","source_datasetid":"{7AD8F908-E576-4667-ABBE-3F904F423D64}","source_featureid":"110873861591","source_id":"REF-SACRAMENTO-LOCAL-ROADS","source_originator":"U.S. Department of Commerce, U.S. Census Bureau, Geography Division","state_route":null,"state_route_a":null,"state_route_b":null,"state_route_c":null,"stco_fipscode":"06067","tnmfrc":4,"us_route":null,"us_route_a":null,"us_route_b":null,"us_route_c":null},"type":"Feature"},{"geometry":{"coordinates":[[-121.475731,38.582903],[-121.474403,38.582549]],"type":"LineString"},"id":"REF-SACRAMENTO-LOCAL-ROADS-821","properties":{"canon_status":"REAL_REFERENCE","county_route":null,"federal_lands_route":null,"fictionality":"REAL","globalid":"{61F13AD3-D43F-404B-BA3C-A3D2C0489D0E}","interstate":null,"interstate_a":null,"interstate_b":null,"interstate_c":null,"loaddate":1748519528000,"mtfcc_code":"S1400","name":"D St","objectid":33335528,"permanent_identifier":"0c027311-eb68-4c6c-a4de-088522eed319","real_world_relation":"REFERENCE_ONLY","shape_Length":156.19125537447414,"source_datadesc":"2016 October MAFTIGER","source_datasetid":"{7AD8F908-E576-4667-ABBE-3F904F423D64}","source_featureid":"110873834322","source_id":"REF-SACRAMENTO-LOCAL-ROADS","source_originator":"U.S. Department of Commerce, U.S. Census Bureau, Geography Division","state_route":null,"state_route_a":null,"state_route_b":null,"state_route_c":null,"stco_fipscode":"06067","tnmfrc":4,"us_route":null,"us_route_a":null,"us_route_b":null,"us_route_c":null},"type":"Feature"},{"geometry":{"coordinates":[[-121.471253,38.582935],[-121.47149,38.582384]],"type":"LineString"},"id":"REF-SACRAMENTO-LOCAL-ROADS-822","properties":{"canon_status":"REAL_REFERENCE","county_route":null,"federal_lands_route":null,"fictionality":"REAL","globalid":"{DC07CE92-95ED-4B0A-874D-75FBA17D9581}","interstate":null,"interstate_a":null,"interstate_b":null,"interstate_c":null,"loaddate":1748519528000,"mtfcc_code":"S1400","name":"24th St","objectid":33335529,"permanent_identifier":"06d72858-dfd5-4f1e-af52-56c1b9936171","real_world_relation":"REFERENCE_ONLY","shape_Length":82.78197533404277,"source_datadesc":"2016 October MAFTIGER","source_datasetid":"{7AD8F908-E576-4667-ABBE-3F904F423D64}","source_featureid":"110873863996","source_id":"REF-SACRAMENTO-LOCAL-ROADS","source_originator":"U.S. Department of Commerce, U.S. Census Bureau, Geography Division","state_route":null,"state_route_a":null,"state_route_b":null,"state_route_c":null,"stco_fipscode":"06067","tnmfrc":4,"us_route":null,"us_route_a":null,"us_route_b":null,"us_route_c":null},"type":"Feature"},{"geometry":{"coordinates":[[-121.471253,38.582935],[-121.469909,38.582577]],"type":"LineString"},"id":"REF-SACRAMENTO-LOCAL-ROADS-823","properties":{"canon_status":"REAL_REFERENCE","county_route":null,"federal_lands_route":null,"fictionality":"REAL","globalid":"{39B04DB4-5EF9-4CFC-BD82-A85032C103A2}","interstate":null,"interstate_a":null,"interstate_b":null,"interstate_c":null,"loaddate":1748519528000,"mtfcc_code":"S1400","name":"C St","objectid":33335530,"permanent_identifier":"ceb65ecf-b5e4-4a40-bc99-fdf09303140a","real_world_relation":"REFERENCE_ONLY","shape_Length":158.06091298288464,"source_datadesc":"2016 October MAFTIGER","source_datasetid":"{7AD8F908-E576-4667-ABBE-3F904F423D64}","source_featureid":"110873834267","source_id":"REF-SACRAMENTO-LOCAL-ROADS","source_originator":"U.S. Department of Commerce, U.S. Census Bureau, Geography Division","state_route":null,"state_route_a":null,"state_route_b":null,"state_route_c":null,"stco_fipscode":"06067","tnmfrc":4,"us_route":null,"us_route_a":null,"us_route_b":null,"us_route_c":null},"type":"Feature"},{"geometry":{"coordinates":[[-121.466753,38.58296],[-121.466989,38.582414]],"type":"LineString"},"id":"REF-SACRAMENTO-LOCAL-ROADS-824","properties":{"canon_status":"REAL_REFERENCE","county_route":null,"federal_lands_route":null,"fictionality":"REAL","globalid":"{66BD5CF5-E120-40E4-8F8D-9CE4456F8F0E}","interstate":null,"interstate_a":null,"interstate_b":null,"interstate_c":null,"loaddate":1748519528000,"mtfcc_code":"S1400","name":"27th St","objectid":33335531,"permanent_identifier":"241a6d60-4384-4d8f-9c84-afa4f6b7f666","real_world_relation":"REFERENCE_ONLY","shape_Length":82.07165689271098,"source_datadesc":"2016 October MAFTIGER","source_datasetid":"{7AD8F908-E576-4667-ABBE-3F904F423D64}","source_featureid":"110873910113","source_id":"REF-SACRAMENTO-LOCAL-ROADS","source_originator":"U.S. Department of Commerce, U.S. Census Bureau, Geography Division","state_route":null,"state_route_a":null,"state_route_b":null,"state_route_c":null,"stco_fipscode":"06067","tnmfrc":4,"us_route":null,"us_route_a":null,"us_route_b":null,"us_route_c":null},"type":"Feature"},{"geometry":{"coordinates":[[-121.466753,38.58296],[-121.466421,38.582871]],"type":"LineString"},"id":"REF-SACRAMENTO-LOCAL-ROADS-825","properties":{"canon_status":"REAL_REFERENCE","county_route":null,"federal_lands_route":null,"fictionality":"REAL","globalid":"{8F5D137F-16EB-41D5-9B3E-5EE2B23096CA}","interstate":null,"interstate_a":null,"interstate_b":null,"interstate_c":null,"loaddate":1748519528000,"mtfcc_code":"S1400","name":"B St","objectid":33335532,"permanent_identifier":"9154244c-9f8e-4ba5-8b89-cdf14193fb45","real_world_relation":"REFERENCE_ONLY","shape_Length":39.07091630740854,"source_datadesc":"2016 October MAFTIGER","source_datasetid":"{7AD8F908-E576-4667-ABBE-3F904F423D64}","source_featureid":"110873834228","source_id":"REF-SACRAMENTO-LOCAL-ROADS","source_originator":"U.S. Department of Commerce, U.S. Census Bureau, Geography Division","state_route":null,"state_route_a":null,"state_route_b":null,"state_route_c":null,"stco_fipscode":"06067","tnmfrc":4,"us_route":null,"us_route_a":null,"us_route_b":null,"us_route_c":null},"type":"Feature"},{"geometry":{"coordinates":[[-121.468237,38.582978],[-121.468328,38.58277]],"type":"LineString"},"id":"REF-SACRAMENTO-LOCAL-ROADS-826","properties":{"canon_status":"REAL_REFERENCE","county_route":null,"federal_lands_route":null,"fictionality":"REAL","globalid":"{5D1FCBC9-47D9-49EF-9F25-CE27874F20E5}","interstate":null,"interstate_a":null,"interstate_b":null,"interstate_c":null,"loaddate":1748519528000,"mtfcc_code":"S1400","name":"26th St","objectid":33335533,"permanent_identifier":"fc580a82-a84b-42f5-860b-61f567a7faa8","real_world_relation":"REFERENCE_ONLY","shape_Length":31.30464977944543,"source_datadesc":"2016 October MAFTIGER","source_datasetid":"{7AD8F908-E576-4667-ABBE-3F904F423D64}","source_featureid":"110873910078","source_id":"REF-SACRAMENTO-LOCAL-ROADS","source_originator":"U.S. Department of Commerce, U.S. Census Bureau, Geography Division","state_route":null,"state_route_a":null,"state_route_b":null,"state_route_c":null,"stco_fipscode":"06067","tnmfrc":4,"us_route":null,"us_route_a":null,"us_route_b":null,"us_route_c":null},"type":"Feature"},{"geometry":{"coordinates":[[-121.478639,38.58307],[-121.478877,38.582521]],"type":"LineString"},"id":"REF-SACRAMENTO-LOCAL-ROADS-827","properties":{"canon_status":"REAL_REFERENCE","county_route":null,"federal_lands_route":null,"fictionality":"REAL","globalid":"{ECE581C4-4ECC-4428-9C60-51D1FD755413}","interstate":null,"interstate_a":null,"interstate_b":null,"interstate_c":null,"loaddate":1748519528000,"mtfcc_code":"S1400","name":"19th St","objectid":33335534,"permanent_identifier":"32b8c47c-1f39-4cb5-b10e-05e146f90e9e","real_world_relation":"REFERENCE_ONLY","shape_Length":82.54782584347942,"source_datadesc":"2016 October MAFTIGER","source_datasetid":"{7AD8F908-E576-4667-ABBE-3F904F423D64}","source_featureid":"1104469987952","source_id":"REF-SACRAMENTO-LOCAL-ROADS","source_originator":"U.S. Department of Commerce, U.S. Census Bureau, Geography Division","state_route":null,"state_route_a":null,"state_route_b":null,"state_route_c":null,"stco_fipscode":"06067","tnmfrc":4,"us_route":null,"us_route_a":null,"us_route_b":null,"us_route_c":null},"type":"Feature"},{"geometry":{"coordinates":[[-121.474164,38.583098],[-121.474403,38.582549]],"type":"LineString"},"id":"REF-SACRAMENTO-LOCAL-ROADS-828","properties":{"canon_status":"REAL_REFERENCE","county_route":null,"federal_lands_route":null,"fictionality":"REAL","globalid":"{EC703441-81ED-48A3-986C-8ED7B02778C6}","interstate":null,"interstate_a":null,"interstate_b":null,"interstate_c":null,"loaddate":1748519528000,"mtfcc_code":"S1400","name":"22nd St","objectid":33335535,"permanent_identifier":"d12131d2-1262-464e-a07c-d7c977641652","real_world_relation":"REFERENCE_ONLY","shape_Length":82.58371002975609,"source_datadesc":"2016 October MAFTIGER","source_datasetid":"{7AD8F908-E576-4667-ABBE-3F904F423D64}","source_featureid":"1103690237119","source_id":"REF-SACRAMENTO-LOCAL-ROADS","source_originator":"U.S. Department of Commerce, U.S. Census Bureau, Geography Division","state_route":null,"state_route_a":null,"state_route_b":null,"state_route_c":null,"stco_fipscode":"06067","tnmfrc":4,"us_route":null,"us_route_a":null,"us_route_b":null,"us_route_c":null},"type":"Feature"},{"geometry":{"coordinates":[[-121.474164,38.583098],[-121.472831,38.582742]],"type":"LineString"},"id":"REF-SACRAMENTO-LOCAL-ROADS-829","properties":{"canon_status":"REAL_REFERENCE","county_route":null,"federal_lands_route":null,"fictionality":"REAL","globalid":"{F7ABC694-79C5-4BC2-B3B2-7F696FABC9CB}","interstate":null,"interstate_a":null,"interstate_b":null,"interstate_c":null,"loaddate":1748519528000,"mtfcc_code":"S1400","name":null,"objectid":33335536,"permanent_identifier":"d14c9666-e6d0-4822-ad39-e32ddf632c90","real_world_relation":"REFERENCE_ONLY","shape_Length":156.81004628695018,"source_datadesc":"2021 February MAF/TIGER","source_datasetid":"{7AD8F908-E576-4667-ABBE-3F904F423D64}","source_featureid":null,"source_id":"REF-SACRAMENTO-LOCAL-ROADS","source_originator":"U.S. Department of Commerce, U.S. Census Bureau, Geography Division","state_route":null,"state_route_a":null,"state_route_b":null,"state_route_c":null,"stco_fipscode":"06067","tnmfrc":4,"us_route":null,"us_route_a":null,"us_route_b":null,"us_route_c":null},"type":"Feature"},{"geometry":{"coordinates":[[-121.469671,38.583127],[-121.469909,38.582577]],"type":"LineString"},"id":"REF-SACRAMENTO-LOCAL-ROADS-830","properties":{"canon_status":"REAL_REFERENCE","county_route":null,"federal_lands_route":null,"fictionality":"REAL","globalid":"{EDAA5041-9FA1-4BF7-BC92-6C7AA04B7E50}","interstate":null,"interstate_a":null,"interstate_b":null,"interstate_c":null,"loaddate":1748519528000,"mtfcc_code":"S1400","name":"25th St","objectid":33335537,"permanent_identifier":"91cca64a-b499-46c6-b89f-cd931e952316","real_world_relation":"REFERENCE_ONLY","shape_Length":82.68276742921519,"source_datadesc":"2016 October MAFTIGER","source_datasetid":"{7AD8F908-E576-4667-ABBE-3F904F423D64}","source_featureid":"110873865358","source_id":"REF-SACRAMENTO-LOCAL-ROADS","source_originator":"U.S. Department of Commerce, U.S. Census Bureau, Geography Division","state_route":null,"state_route_a":null,"state_route_b":null,"state_route_c":null,"stco_fipscode":"06067","tnmfrc":4,"us_route":null,"us_route_a":null,"us_route_b":null,"us_route_c":null},"type":"Feature"},{"geometry":{"coordinates":[[-121.468328,38.58277],[-121.469671,38.583127]],"type":"LineString"},"id":"REF-SACRAMENTO-LOCAL-ROADS-831","properties":{"canon_status":"REAL_REFERENCE","county_route":null,"federal_lands_route":null,"fictionality":"REAL","globalid":"{4CCEC148-A5C8-478C-AB42-41E94E1988C5}","interstate":null,"interstate_a":null,"interstate_b":null,"interstate_c":null,"loaddate":1748519528000,"mtfcc_code":"S1400","name":"B and C Aly","objectid":33335538,"permanent_identifier":"6e8c4218-297e-4c46-b37a-d96e5a5300fa","real_world_relation":"REFERENCE_ONLY","shape_Length":157.9096624312573,"source_datadesc":"2016 October MAFTIGER","source_datasetid":"{7AD8F908-E576-4667-ABBE-3F904F423D64}","source_featureid":"110873963204","source_id":"REF-SACRAMENTO-LOCAL-ROADS","source_originator":"U.S. Department of Commerce, U.S. Census Bureau, Geography Division","state_route":null,"state_route_a":null,"state_route_b":null,"state_route_c":null,"stco_fipscode":"06067","tnmfrc":4,"us_route":null,"us_route_a":null,"us_route_b":null,"us_route_c":null},"type":"Feature"},{"geometry":{"coordinates":[[-121.477063,38.583259],[-121.4773,38.582713]],"type":"LineString"},"id":"REF-SACRAMENTO-LOCAL-ROADS-832","properties":{"canon_status":"REAL_REFERENCE","county_route":null,"federal_lands_route":null,"fictionality":"REAL","globalid":"{A7DA4976-F057-446B-87DB-7D582BB28224}","interstate":null,"interstate_a":null,"interstate_b":null,"interstate_c":null,"loaddate":1748519528000,"mtfcc_code":"S1400","name":"20th St","objectid":33335539,"permanent_identifier":"8d3d7ec2-aef9-4a3d-86b4-dc00475a1edd","real_world_relation":"REFERENCE_ONLY","shape_Length":82.10766817085614,"source_datadesc":"2016 October MAFTIGER","source_datasetid":"{7AD8F908-E576-4667-ABBE-3F904F423D64}","source_featureid":"110873860653","source_id":"REF-SACRAMENTO-LOCAL-ROADS","source_originator":"U.S. Department of Commerce, U.S. Census Bureau, Geography Division","state_route":null,"state_route_a":null,"state_route_b":null,"state_route_c":null,"stco_fipscode":"06067","tnmfrc":4,"us_route":null,"us_route_a":null,"us_route_b":null,"us_route_c":null},"type":"Feature"},{"geometry":{"coordinates":[[-121.477063,38.583259],[-121.475731,38.582903]],"type":"LineString"},"id":"REF-SACRAMENTO-LOCAL-ROADS-833","properties":{"canon_status":"REAL_REFERENCE","county_route":null,"federal_lands_route":null,"fictionality":"REAL","globalid":"{52A7E69B-FDC6-4E82-885B-5B07673AC7D4}","interstate":null,"interstate_a":null,"interstate_b":null,"interstate_c":null,"loaddate":1748519528000,"mtfcc_code":"S1400","name":"D St","objectid":33335540,"permanent_identifier":"8c1efd67-b2ed-457f-8ad8-cec5bcc19cb9","real_world_relation":"REFERENCE_ONLY","shape_Length":156.70479225054953,"source_datadesc":"2016 October MAFTIGER","source_datasetid":"{7AD8F908-E576-4667-ABBE-3F904F423D64}","source_featureid":"110873834322","source_id":"REF-SACRAMENTO-LOCAL-ROADS","source_originator":"U.S. Department of Commerce, U.S. Census Bureau, Geography Division","state_route":null,"state_route_a":null,"state_route_b":null,"state_route_c":null,"stco_fipscode":"06067","tnmfrc":4,"us_route":null,"us_route_a":null,"us_route_b":null,"us_route_c":null},"type":"Feature"},{"geometry":{"coordinates":[[-121.472594,38.583292],[-121.472831,38.582742]],"type":"LineString"},"id":"REF-SACRAMENTO-LOCAL-ROADS-834","properties":{"canon_status":"REAL_REFERENCE","county_route":null,"federal_lands_route":null,"fictionality":"REAL","globalid":"{A70EFBD7-0BCF-4AD1-A770-559B05E6C1D8}","interstate":null,"interstate_a":null,"interstate_b":null,"interstate_c":null,"loaddate":1748519528000,"mtfcc_code":"S1400","name":"23rd St","objectid":33335541,"permanent_identifier":"ffddfaea-0649-4e34-9b7b-87dab7cfa3bf","real_world_relation":"REFERENCE_ONLY","shape_Length":82.6472656407341,"source_datadesc":"2016 October MAFTIGER","source_datasetid":"{7AD8F908-E576-4667-ABBE-3F904F423D64}","source_featureid":"110873863117","source_id":"REF-SACRAMENTO-LOCAL-ROADS","source_originator":"U.S. Department of Commerce, U.S. Census Bureau, Geography Division","state_route":null,"state_route_a":null,"state_route_b":null,"state_route_c":null,"stco_fipscode":"06067","tnmfrc":4,"us_route":null,"us_route_a":null,"us_route_b":null,"us_route_c":null},"type":"Feature"},{"geometry":{"coordinates":[[-121.472594,38.583292],[-121.471253,38.582935]],"type":"LineString"},"id":"REF-SACRAMENTO-LOCAL-ROADS-835","properties":{"canon_status":"REAL_REFERENCE","county_route":null,"federal_lands_route":null,"fictionality":"REAL","globalid":"{E6F2A171-D6A2-4E14-8BCD-9EE213D080E1}","interstate":null,"interstate_a":null,"interstate_b":null,"interstate_c":null,"loaddate":1748519528000,"mtfcc_code":"S1400","name":"C St","objectid":33335542,"permanent_identifier":"8e12dd9a-4190-4b82-af69-46fd8a9fd81f","real_world_relation":"REFERENCE_ONLY","shape_Length":157.69896281681386,"source_datadesc":"2016 October MAFTIGER","source_datasetid":"{7AD8F908-E576-4667-ABBE-3F904F423D64}","source_featureid":"110873834267","source_id":"REF-SACRAMENTO-LOCAL-ROADS","source_originator":"U.S. Department of Commerce, U.S. Census Bureau, Geography Division","state_route":null,"state_route_a":null,"state_route_b":null,"state_route_c":null,"stco_fipscode":"06067","tnmfrc":4,"us_route":null,"us_route_a":null,"us_route_b":null,"us_route_c":null},"type":"Feature"},{"geometry":{"coordinates":[[-121.475493,38.583452],[-121.475731,38.582903]],"type":"LineString"},"id":"REF-SACRAMENTO-LOCAL-ROADS-836","properties":{"canon_status":"REAL_REFERENCE","county_route":null,"federal_lands_route":null,"fictionality":"REAL","globalid":"{E5275B15-D3F6-412E-BF63-6324A40737F5}","interstate":null,"interstate_a":null,"interstate_b":null,"interstate_c":null,"loaddate":1748519528000,"mtfcc_code":"S1400","name":"21st St","objectid":33335543,"permanent_identifier":"4d87c9f9-ce73-4da4-90a3-61138c91ac51","real_world_relation":"REFERENCE_ONLY","shape_Length":82.54826729673283,"source_datadesc":"2016 October MAFTIGER","source_datasetid":"{7AD8F908-E576-4667-ABBE-3F904F423D64}","source_featureid":"110873861591","source_id":"REF-SACRAMENTO-LOCAL-ROADS","source_originator":"U.S. Department of Commerce, U.S. Census Bureau, Geography Division","state_route":null,"state_route_a":null,"state_route_b":null,"state_route_c":null,"stco_fipscode":"06067","tnmfrc":4,"us_route":null,"us_route_a":null,"us_route_b":null,"us_route_c":null},"type":"Feature"},{"geometry":{"coordinates":[[-121.475493,38.583452],[-121.474164,38.583098]],"type":"LineString"},"id":"REF-SACRAMENTO-LOCAL-ROADS-837","properties":{"canon_status":"REAL_REFERENCE","county_route":null,"federal_lands_route":null,"fictionality":"REAL","globalid":"{93E6B128-CE5A-49D4-A2B1-8439E7C5567E}","interstate":null,"interstate_a":null,"interstate_b":null,"interstate_c":null,"loaddate":1748519528000,"mtfcc_code":"S1400","name":null,"objectid":33335544,"permanent_identifier":"19e305b1-fbab-495a-afff-b2f4a3f7b349","real_world_relation":"REFERENCE_ONLY","shape_Length":156.29682668361465,"source_datadesc":"2021 February MAF/TIGER","source_datasetid":"{7AD8F908-E576-4667-ABBE-3F904F423D64}","source_featureid":null,"source_id":"REF-SACRAMENTO-LOCAL-ROADS","source_originator":"U.S. Department of Commerce, U.S. Census Bureau, Geography Division","state_route":null,"state_route_a":null,"state_route_b":null,"state_route_c":null,"stco_fipscode":"06067","tnmfrc":4,"us_route":null,"us_route_a":null,"us_route_b":null,"us_route_c":null},"type":"Feature"},{"geometry":{"coordinates":[[-121.471015,38.583484],[-121.471253,38.582935]],"type":"LineString"},"id":"REF-SACRAMENTO-LOCAL-ROADS-838","properties":{"canon_status":"REAL_REFERENCE","county_route":null,"federal_lands_route":null,"fictionality":"REAL","globalid":"{7D02A47B-1EE1-4566-8C26-939982D1F0CC}","interstate":null,"interstate_a":null,"interstate_b":null,"interstate_c":null,"loaddate":1748519528000,"mtfcc_code":"S1400","name":"24th St","objectid":33335545,"permanent_identifier":"096caaa3-0907-4176-9a0a-478b0183b5df","real_world_relation":"REFERENCE_ONLY","shape_Length":82.54817257852034,"source_datadesc":"2016 October MAFTIGER","source_datasetid":"{7AD8F908-E576-4667-ABBE-3F904F423D64}","source_featureid":"110873863996","source_id":"REF-SACRAMENTO-LOCAL-ROADS","source_originator":"U.S. Department of Commerce, U.S. Census Bureau, Geography Division","state_route":null,"state_route_a":null,"state_route_b":null,"state_route_c":null,"stco_fipscode":"06067","tnmfrc":4,"us_route":null,"us_route_a":null,"us_route_b":null,"us_route_c":null},"type":"Feature"},{"geometry":{"coordinates":[[-121.469498,38.583553],[-121.469671,38.583127]],"type":"LineString"},"id":"REF-SACRAMENTO-LOCAL-ROADS-839","properties":{"canon_status":"REAL_REFERENCE","county_route":null,"federal_lands_route":null,"fictionality":"REAL","globalid":"{3E2E53DB-847A-46A3-9EE9-DBE95CDA0166}","interstate":null,"interstate_a":null,"interstate_b":null,"interstate_c":null,"loaddate":1748519528000,"mtfcc_code":"S1400","name":"25th St","objectid":33335546,"permanent_identifier":"f50eb4af-42f7-430c-bd73-97597cb30ccc","real_world_relation":"REFERENCE_ONLY","shape_Length":63.6486339938843,"source_datadesc":"2016 October MAFTIGER","source_datasetid":"{7AD8F908-E576-4667-ABBE-3F904F423D64}","source_featureid":"110873865358","source_id":"REF-SACRAMENTO-LOCAL-ROADS","source_originator":"U.S. Department of Commerce, U.S. Census Bureau, Geography Division","state_route":null,"state_route_a":null,"state_route_b":null,"state_route_c":null,"stco_fipscode":"06067","tnmfrc":4,"us_route":null,"us_route_a":null,"us_route_b":null,"us_route_c":null},"type":"Feature"},{"geometry":{"coordinates":[[-121.478402,38.583616],[-121.478639,38.58307]],"type":"LineString"},"id":"REF-SACRAMENTO-LOCAL-ROADS-840","properties":{"canon_status":"REAL_REFERENCE","county_route":null,"federal_lands_route":null,"fictionality":"REAL","globalid":"{87CD4CAE-586C-4132-8713-B0A1B72F8198}","interstate":null,"interstate_a":null,"interstate_b":null,"interstate_c":null,"loaddate":1748519528000,"mtfcc_code":"S1400","name":"19th St","objectid":33335547,"permanent_identifier":"aebfb568-056e-457b-bf0a-1843c8c42289","real_world_relation":"REFERENCE_ONLY","shape_Length":82.10804695880762,"source_datadesc":"2016 October MAFTIGER","source_datasetid":"{7AD8F908-E576-4667-ABBE-3F904F423D64}","source_featureid":"1104469987952","source_id":"REF-SACRAMENTO-LOCAL-ROADS","source_originator":"U.S. Department of Commerce, U.S. Census Bureau, Geography Division","state_route":null,"state_route_a":null,"state_route_b":null,"state_route_c":null,"stco_fipscode":"06067","tnmfrc":4,"us_route":null,"us_route_a":null,"us_route_b":null,"us_route_c":null},"type":"Feature"},{"geometry":{"coordinates":[[-121.478402,38.583616],[-121.477589,38.583399],[-121.477063,38.583259]],"type":"LineString"},"id":"REF-SACRAMENTO-LOCAL-ROADS-841","properties":{"canon_status":"REAL_REFERENCE","county_route":null,"federal_lands_route":null,"fictionality":"REAL","globalid":"{78356747-A639-4052-9703-C1F102535ACF}","interstate":null,"interstate_a":null,"interstate_b":null,"interstate_c":null,"loaddate":1748519528000,"mtfcc_code":"S1400","name":"D St","objectid":33335548,"permanent_identifier":"f20f4f8c-ba3a-40ca-9835-1b4d540d3a13","real_world_relation":"REFERENCE_ONLY","shape_Length":157.48827985912266,"source_datadesc":"2016 October MAFTIGER","source_datasetid":"{7AD8F908-E576-4667-ABBE-3F904F423D64}","source_featureid":"110873834322","source_id":"REF-SACRAMENTO-LOCAL-ROADS","source_originator":"U.S. Department of Commerce, U.S. Census Bureau, Geography Division","state_route":null,"state_route_a":null,"state_route_b":null,"state_route_c":null,"stco_fipscode":"06067","tnmfrc":4,"us_route":null,"us_route_a":null,"us_route_b":null,"us_route_c":null},"type":"Feature"},{"geometry":{"coordinates":[[-121.473928,38.583648],[-121.474164,38.583098]],"type":"LineString"},"id":"REF-SACRAMENTO-LOCAL-ROADS-842","properties":{"canon_status":"REAL_REFERENCE","county_route":null,"federal_lands_route":null,"fictionality":"REAL","globalid":"{04C874FF-6EE8-4C8F-B43E-7F0CC45F6112}","interstate":null,"interstate_a":null,"interstate_b":null,"interstate_c":null,"loaddate":1748519528000,"mtfcc_code":"S1400","name":"22nd St","objectid":33335549,"permanent_identifier":"bd46e95b-3365-4a90-b924-7d7393860bd1","real_world_relation":"REFERENCE_ONLY","shape_Length":82.61227777425808,"source_datadesc":"2016 October MAFTIGER","source_datasetid":"{7AD8F908-E576-4667-ABBE-3F904F423D64}","source_featureid":"1103690237119","source_id":"REF-SACRAMENTO-LOCAL-ROADS","source_originator":"U.S. Department of Commerce, U.S. Census Bureau, Geography Division","state_route":null,"state_route_a":null,"state_route_b":null,"state_route_c":null,"stco_fipscode":"06067","tnmfrc":4,"us_route":null,"us_route_a":null,"us_route_b":null,"us_route_c":null},"type":"Feature"},{"geometry":{"coordinates":[[-121.473928,38.583648],[-121.472594,38.583292]],"type":"LineString"},"id":"REF-SACRAMENTO-LOCAL-ROADS-843","properties":{"canon_status":"REAL_REFERENCE","county_route":null,"federal_lands_route":null,"fictionality":"REAL","globalid":"{FCAF6EF1-B26C-43C1-B7E9-910C69502B56}","interstate":null,"interstate_a":null,"interstate_b":null,"interstate_c":null,"loaddate":1748519528000,"mtfcc_code":"S1400","name":"C St","objectid":33335550,"permanent_identifier":"4610303a-95c6-4018-969d-6f8d83553271","real_world_relation":"REFERENCE_ONLY","shape_Length":156.9155348238765,"source_datadesc":"2016 October MAFTIGER","source_datasetid":"{7AD8F908-E576-4667-ABBE-3F904F423D64}","source_featureid":"110873834267","source_id":"REF-SACRAMENTO-LOCAL-ROADS","source_originator":"U.S. Department of Commerce, U.S. Census Bureau, Geography Division","state_route":null,"state_route_a":null,"state_route_b":null,"state_route_c":null,"stco_fipscode":"06067","tnmfrc":4,"us_route":null,"us_route_a":null,"us_route_b":null,"us_route_c":null},"type":"Feature"},{"geometry":{"coordinates":[[-121.464953,38.58365],[-121.465205,38.583096],[-121.465221,38.583061],[-121.465236,38.583029],[-121.465424,38.582601]],"type":"LineString"},"id":"REF-SACRAMENTO-LOCAL-ROADS-844","properties":{"canon_status":"REAL_REFERENCE","county_route":null,"federal_lands_route":null,"fictionality":"REAL","globalid":"{E7806962-F22D-46FE-BDE1-4BF0F04CE998}","interstate":null,"interstate_a":null,"interstate_b":null,"interstate_c":null,"loaddate":1748519528000,"mtfcc_code":"S1400","name":"28th St","objectid":33335551,"permanent_identifier":"0c98d1ab-2681-453e-b2a1-832e89eb65d5","real_world_relation":"REFERENCE_ONLY","shape_Length":158.37879906747457,"source_datadesc":"2021 February MAF/TIGER","source_datasetid":"{7AD8F908-E576-4667-ABBE-3F904F423D64}","source_featureid":"110873910136","source_id":"REF-SACRAMENTO-LOCAL-ROADS","source_originator":"U.S. Department of Commerce, U.S. Census Bureau, Geography Division","state_route":null,"state_route_a":null,"state_route_b":null,"state_route_c":null,"stco_fipscode":"06067","tnmfrc":4,"us_route":null,"us_route_a":null,"us_route_b":null,"us_route_c":null},"type":"Feature"},{"geometry":{"coordinates":[[-121.464953,38.58365],[-121.462316,38.582843],[-121.461908,38.582703],[-121.461682,38.582614],[-121.461621,38.582589]],"type":"LineString"},"id":"REF-SACRAMENTO-LOCAL-ROADS-845","properties":{"canon_status":"REAL_REFERENCE","county_route":null,"federal_lands_route":null,"fictionality":"REAL","globalid":"{BD66867A-BBD9-46D7-B4A8-972C0FC12205}","interstate":null,"interstate_a":null,"interstate_b":null,"interstate_c":null,"loaddate":1748519528000,"mtfcc_code":"S1400","name":null,"objectid":33335552,"permanent_identifier":"{C8A4FAFE-FBC8-4A64-8689-FBF567A54526}","real_world_relation":"REFERENCE_ONLY","shape_Length":400.62859231315565,"source_datadesc":"2016 October MAFTIGER","source_datasetid":"{7AD8F908-E576-4667-ABBE-3F904F423D64}","source_featureid":"1103940555393","source_id":"REF-SACRAMENTO-LOCAL-ROADS","source_originator":"U.S. Department of Commerce, U.S. Census Bureau, Geography Division","state_route":null,"state_route_a":null,"state_route_b":null,"state_route_c":null,"stco_fipscode":"06067","tnmfrc":4,"us_route":null,"us_route_a":null,"us_route_b":null,"us_route_c":null},"type":"Feature"},{"geometry":{"coordinates":[[-121.476825,38.583808],[-121.477063,38.583259]],"type":"LineString"},"id":"REF-SACRAMENTO-LOCAL-ROADS-846","properties":{"canon_status":"REAL_REFERENCE","county_route":null,"federal_lands_route":null,"fictionality":"REAL","globalid":"{3605350E-6D03-4F72-B7D1-EC2C3D5A79B9}","interstate":null,"interstate_a":null,"interstate_b":null,"interstate_c":null,"loaddate":1748519528000,"mtfcc_code":"S1400","name":"20th St","objectid":33335553,"permanent_identifier":"155b4152-ac1f-41f7-8161-eb2ba0d81709","real_world_relation":"REFERENCE_ONLY","shape_Length":82.54858351181213,"source_datadesc":"2016 October MAFTIGER","source_datasetid":"{7AD8F908-E576-4667-ABBE-3F904F423D64}","source_featureid":"110873860653","source_id":"REF-SACRAMENTO-LOCAL-ROADS","source_originator":"U.S. Department of Commerce, U.S. Census Bureau, Geography Division","state_route":null,"state_route_a":null,"state_route_b":null,"state_route_c":null,"stco_fipscode":"06067","tnmfrc":4,"us_route":null,"us_route_a":null,"us_route_b":null,"us_route_c":null},"type":"Feature"},{"geometry":{"coordinates":[[-121.476825,38.583808],[-121.475493,38.583452]],"type":"LineString"},"id":"REF-SACRAMENTO-LOCAL-ROADS-847","properties":{"canon_status":"REAL_REFERENCE","county_route":null,"federal_lands_route":null,"fictionality":"REAL","globalid":"{6052F3F2-7FC6-4E18-8603-995DC1B952F8}","interstate":null,"interstate_a":null,"interstate_b":null,"interstate_c":null,"loaddate":1748519528000,"mtfcc_code":"S1400","name":null,"objectid":33335554,"permanent_identifier":"515974e3-c532-4299-86a9-c08af9663ddc","real_world_relation":"REFERENCE_ONLY","shape_Length":156.70479467881609,"source_datadesc":"2021 February MAF/TIGER","source_datasetid":"{7AD8F908-E576-4667-ABBE-3F904F423D64}","source_featureid":null,"source_id":"REF-SACRAMENTO-LOCAL-ROADS","source_originator":"U.S. Department of Commerce, U.S. Census Bureau, Geography Division","state_route":null,"state_route_a":null,"state_route_b":null,"state_route_c":null,"stco_fipscode":"06067","tnmfrc":4,"us_route":null,"us_route_a":null,"us_route_b":null,"us_route_c":null},"type":"Feature"},{"geometry":{"coordinates":[[-121.472356,38.583841],[-121.472594,38.583292]],"type":"LineString"},"id":"REF-SACRAMENTO-LOCAL-ROADS-848","properties":{"canon_status":"REAL_REFERENCE","county_route":null,"federal_lands_route":null,"fictionality":"REAL","globalid":"{9F9D085E-4D33-42D6-9FF8-CFE997BF2407}","interstate":null,"interstate_a":null,"interstate_b":null,"interstate_c":null,"loaddate":1748519528000,"mtfcc_code":"S1400","name":"23rd St","objectid":33335555,"permanent_identifier":"5bfc7f8c-41bb-45f2-bfa9-38bdafc8d2cd","real_world_relation":"REFERENCE_ONLY","shape_Length":82.54864612736911,"source_datadesc":"2016 October MAFTIGER","source_datasetid":"{7AD8F908-E576-4667-ABBE-3F904F423D64}","source_featureid":"110873863117","source_id":"REF-SACRAMENTO-LOCAL-ROADS","source_originator":"U.S. Department of Commerce, U.S. Census Bureau, Geography Division","state_route":null,"state_route_a":null,"state_route_b":null,"state_route_c":null,"stco_fipscode":"06067","tnmfrc":4,"us_route":null,"us_route_a":null,"us_route_b":null,"us_route_c":null},"type":"Feature"},{"geometry":{"coordinates":[[-121.470841,38.583877],[-121.471015,38.583484]],"type":"LineString"},"id":"REF-SACRAMENTO-LOCAL-ROADS-849","properties":{"canon_status":"REAL_REFERENCE","county_route":null,"federal_lands_route":null,"fictionality":"REAL","globalid":"{DFE2058F-DBF5-4606-9CD0-F059EE5CF9B2}","interstate":null,"interstate_a":null,"interstate_b":null,"interstate_c":null,"loaddate":1748519528000,"mtfcc_code":"S1400","name":"24th St","objectid":33335556,"permanent_identifier":"e68de549-57d0-49ee-ba47-011f105ff865","real_world_relation":"REFERENCE_ONLY","shape_Length":59.22318594452163,"source_datadesc":"2016 October MAFTIGER","source_datasetid":"{7AD8F908-E576-4667-ABBE-3F904F423D64}","source_featureid":"110873863996","source_id":"REF-SACRAMENTO-LOCAL-ROADS","source_originator":"U.S. Department of Commerce, U.S. Census Bureau, Geography Division","state_route":null,"state_route_a":null,"state_route_b":null,"state_route_c":null,"stco_fipscode":"06067","tnmfrc":4,"us_route":null,"us_route_a":null,"us_route_b":null,"us_route_c":null},"type":"Feature"},{"geometry":{"coordinates":[[-121.477228,38.583915],[-121.476825,38.583808]],"type":"LineString"},"id":"REF-SACRAMENTO-LOCAL-ROADS-850","properties":{"canon_status":"REAL_REFERENCE","county_route":null,"federal_lands_route":null,"fictionality":"REAL","globalid":"{2CFAFCD5-9AB9-4809-8FBE-A5C999CD6F17}","interstate":null,"interstate_a":null,"interstate_b":null,"interstate_c":null,"loaddate":1748519528000,"mtfcc_code":"S1400","name":null,"objectid":33335557,"permanent_identifier":"1c951b81-a2b5-4ab1-a265-335f252a4f5f","real_world_relation":"REFERENCE_ONLY","shape_Length":47.378956860554034,"source_datadesc":"2021 February MAF/TIGER","source_datasetid":"{7AD8F908-E576-4667-ABBE-3F904F423D64}","source_featureid":null,"source_id":"REF-SACRAMENTO-LOCAL-ROADS","source_originator":"U.S. Department of Commerce, U.S. Census Bureau, Geography Division","state_route":null,"state_route_a":null,"state_route_b":null,"state_route_c":null,"stco_fipscode":"06067","tnmfrc":4,"us_route":null,"us_route_a":null,"us_route_b":null,"us_route_c":null},"type":"Feature"},{"geometry":{"coordinates":[[-121.479731,38.58397],[-121.478402,38.583616]],"type":"LineString"},"id":"REF-SACRAMENTO-LOCAL-ROADS-851","properties":{"canon_status":"REAL_REFERENCE","county_route":null,"federal_lands_route":null,"fictionality":"REAL","globalid":"{33A62D62-2CDD-4B84-A6CA-13C6D227B164}","interstate":null,"interstate_a":null,"interstate_b":null,"interstate_c":null,"loaddate":1748519528000,"mtfcc_code":"S1400","name":"D St","objectid":33335558,"permanent_identifier":"3a0b9e24-b4d9-4927-8f90-b8da98125642","real_world_relation":"REFERENCE_ONLY","shape_Length":156.29682878957897,"source_datadesc":"2016 October MAFTIGER","source_datasetid":"{7AD8F908-E576-4667-ABBE-3F904F423D64}","source_featureid":"110873834322","source_id":"REF-SACRAMENTO-LOCAL-ROADS","source_originator":"U.S. Department of Commerce, U.S. Census Bureau, Geography Division","state_route":null,"state_route_a":null,"state_route_b":null,"state_route_c":null,"stco_fipscode":"06067","tnmfrc":4,"us_route":null,"us_route_a":null,"us_route_b":null,"us_route_c":null},"type":"Feature"},{"geometry":{"coordinates":[[-121.475255,38.584001],[-121.475493,38.583452]],"type":"LineString"},"id":"REF-SACRAMENTO-LOCAL-ROADS-852","properties":{"canon_status":"REAL_REFERENCE","county_route":null,"federal_lands_route":null,"fictionality":"REAL","globalid":"{C6CE0538-9A5F-4063-885B-1A07FE3026CA}","interstate":null,"interstate_a":null,"interstate_b":null,"interstate_c":null,"loaddate":1748519528000,"mtfcc_code":"S1400","name":"21st St","objectid":33335559,"permanent_identifier":"988382ce-bde3-470d-8521-519b07b9368f","real_world_relation":"REFERENCE_ONLY","shape_Length":82.54877293416295,"source_datadesc":"2016 October MAFTIGER","source_datasetid":"{7AD8F908-E576-4667-ABBE-3F904F423D64}","source_featureid":"110873861591","source_id":"REF-SACRAMENTO-LOCAL-ROADS","source_originator":"U.S. Department of Commerce, U.S. Census Bureau, Geography Division","state_route":null,"state_route_a":null,"state_route_b":null,"state_route_c":null,"stco_fipscode":"06067","tnmfrc":4,"us_route":null,"us_route_a":null,"us_route_b":null,"us_route_c":null},"type":"Feature"},{"geometry":{"coordinates":[[-121.475255,38.584001],[-121.473928,38.583648]],"type":"LineString"},"id":"REF-SACRAMENTO-LOCAL-ROADS-853","properties":{"canon_status":"REAL_REFERENCE","county_route":null,"federal_lands_route":null,"fictionality":"REAL","globalid":"{605FFC8A-1A17-479C-9343-CFC45CACB72E}","interstate":null,"interstate_a":null,"interstate_b":null,"interstate_c":null,"loaddate":1748519528000,"mtfcc_code":"S1400","name":"C St","objectid":33335560,"permanent_identifier":"92143240-ee55-40f9-a2d1-3340202ebc46","real_world_relation":"REFERENCE_ONLY","shape_Length":156.04020838641478,"source_datadesc":"2016 October MAFTIGER","source_datasetid":"{7AD8F908-E576-4667-ABBE-3F904F423D64}","source_featureid":"110873834267","source_id":"REF-SACRAMENTO-LOCAL-ROADS","source_originator":"U.S. Department of Commerce, U.S. Census Bureau, Geography Division","state_route":null,"state_route_a":null,"state_route_b":null,"state_route_c":null,"stco_fipscode":"06067","tnmfrc":4,"us_route":null,"us_route_a":null,"us_route_b":null,"us_route_c":null},"type":"Feature"},{"geometry":{"coordinates":[[-121.473689,38.584196],[-121.473928,38.583648]],"type":"LineString"},"id":"REF-SACRAMENTO-LOCAL-ROADS-854","properties":{"canon_status":"REAL_REFERENCE","county_route":null,"federal_lands_route":null,"fictionality":"REAL","globalid":"{97922AD8-62DB-41C4-B3AF-F77AEC956F9E}","interstate":null,"interstate_a":null,"interstate_b":null,"interstate_c":null,"loaddate":1748519528000,"mtfcc_code":"S1400","name":"22nd St","objectid":33335561,"permanent_identifier":"086a4855-d859-49dd-b712-16e04ff3bc8a","real_world_relation":"REFERENCE_ONLY","shape_Length":82.44992383834283,"source_datadesc":"2016 October MAFTIGER","source_datasetid":"{7AD8F908-E576-4667-ABBE-3F904F423D64}","source_featureid":"1103690237119","source_id":"REF-SACRAMENTO-LOCAL-ROADS","source_originator":"U.S. Department of Commerce, U.S. Census Bureau, Geography Division","state_route":null,"state_route_a":null,"state_route_b":null,"state_route_c":null,"stco_fipscode":"06067","tnmfrc":4,"us_route":null,"us_route_a":null,"us_route_b":null,"us_route_c":null},"type":"Feature"},{"geometry":{"coordinates":[[-121.472181,38.584248],[-121.472356,38.583841]],"type":"LineString"},"id":"REF-SACRAMENTO-LOCAL-ROADS-855","properties":{"canon_status":"REAL_REFERENCE","county_route":null,"federal_lands_route":null,"fictionality":"REAL","globalid":"{DB8A2624-5CE8-4964-ABAE-012A12FA32F8}","interstate":null,"interstate_a":null,"interstate_b":null,"interstate_c":null,"loaddate":1748519528000,"mtfcc_code":"S1400","name":"23rd St","objectid":33335562,"permanent_identifier":"7aa259a7-561b-4ee4-9a14-fb4df1b73ffe","real_world_relation":"REFERENCE_ONLY","shape_Length":61.14637076025272,"source_datadesc":"2016 October MAFTIGER","source_datasetid":"{7AD8F908-E576-4667-ABBE-3F904F423D64}","source_featureid":"110873863117","source_id":"REF-SACRAMENTO-LOCAL-ROADS","source_originator":"U.S. Department of Commerce, U.S. Census Bureau, Geography Division","state_route":null,"state_route_a":null,"state_route_b":null,"state_route_c":null,"stco_fipscode":"06067","tnmfrc":4,"us_route":null,"us_route_a":null,"us_route_b":null,"us_route_c":null},"type":"Feature"},{"geometry":{"coordinates":[[-121.476587,38.584356],[-121.476825,38.583808]],"type":"LineString"},"id":"REF-SACRAMENTO-LOCAL-ROADS-856","properties":{"canon_status":"REAL_REFERENCE","county_route":null,"federal_lands_route":null,"fictionality":"REAL","globalid":"{39BDDE1B-3424-47E4-BFCB-798BFAEFD307}","interstate":null,"interstate_a":null,"interstate_b":null,"interstate_c":null,"loaddate":1748519528000,"mtfcc_code":"S1400","name":"20th St","objectid":33335563,"permanent_identifier":"8ce05ca0-143c-45c2-92c9-4b62db7ee716","real_world_relation":"REFERENCE_ONLY","shape_Length":82.41426578776259,"source_datadesc":"2016 October MAFTIGER","source_datasetid":"{7AD8F908-E576-4667-ABBE-3F904F423D64}","source_featureid":"110873860653","source_id":"REF-SACRAMENTO-LOCAL-ROADS","source_originator":"U.S. Department of Commerce, U.S. Census Bureau, Geography Division","state_route":null,"state_route_a":null,"state_route_b":null,"state_route_c":null,"stco_fipscode":"06067","tnmfrc":4,"us_route":null,"us_route_a":null,"us_route_b":null,"us_route_c":null},"type":"Feature"},{"geometry":{"coordinates":[[-121.476587,38.584356],[-121.475255,38.584001]],"type":"LineString"},"id":"REF-SACRAMENTO-LOCAL-ROADS-857","properties":{"canon_status":"REAL_REFERENCE","county_route":null,"federal_lands_route":null,"fictionality":"REAL","globalid":"{91050CB9-2987-4BCA-8A30-CB0986B3BC39}","interstate":null,"interstate_a":null,"interstate_b":null,"interstate_c":null,"loaddate":1748519528000,"mtfcc_code":"S1400","name":"C St","objectid":33335564,"permanent_identifier":"1ef18d47-47a5-4a75-9009-0029bc83bb3b","real_world_relation":"REFERENCE_ONLY","shape_Length":156.65900732555238,"source_datadesc":"2016 October MAFTIGER","source_datasetid":"{7AD8F908-E576-4667-ABBE-3F904F423D64}","source_featureid":"110873834267","source_id":"REF-SACRAMENTO-LOCAL-ROADS","source_originator":"U.S. Department of Commerce, U.S. Census Bureau, Geography Division","state_route":null,"state_route_a":null,"state_route_b":null,"state_route_c":null,"stco_fipscode":"06067","tnmfrc":4,"us_route":null,"us_route_a":null,"us_route_b":null,"us_route_c":null},"type":"Feature"},{"geometry":{"coordinates":[[-121.475018,38.584549],[-121.475255,38.584001]],"type":"LineString"},"id":"REF-SACRAMENTO-LOCAL-ROADS-858","properties":{"canon_status":"REAL_REFERENCE","county_route":null,"federal_lands_route":null,"fictionality":"REAL","globalid":"{67FE6955-D460-404F-91C7-D7B35A44B755}","interstate":null,"interstate_a":null,"interstate_b":null,"interstate_c":null,"loaddate":1748519528000,"mtfcc_code":"S1400","name":"21st St","objectid":33335565,"permanent_identifier":"8d7e4790-27b1-4e37-9519-dbd3d02736aa","real_world_relation":"REFERENCE_ONLY","shape_Length":82.37883740413511,"source_datadesc":"2016 October MAFTIGER","source_datasetid":"{7AD8F908-E576-4667-ABBE-3F904F423D64}","source_featureid":"110873861591","source_id":"REF-SACRAMENTO-LOCAL-ROADS","source_originator":"U.S. Department of Commerce, U.S. Census Bureau, Geography Division","state_route":null,"state_route_a":null,"state_route_b":null,"state_route_c":null,"stco_fipscode":"06067","tnmfrc":4,"us_route":null,"us_route_a":null,"us_route_b":null,"us_route_c":null},"type":"Feature"},{"geometry":{"coordinates":[[-121.473499,38.584636],[-121.473689,38.584196]],"type":"LineString"},"id":"REF-SACRAMENTO-LOCAL-ROADS-859","properties":{"canon_status":"REAL_REFERENCE","county_route":null,"federal_lands_route":null,"fictionality":"REAL","globalid":"{29D359F8-9475-4170-BA54-57B5E4115876}","interstate":null,"interstate_a":null,"interstate_b":null,"interstate_c":null,"loaddate":1748519528000,"mtfcc_code":"S1400","name":"22nd St","objectid":33335566,"permanent_identifier":"8ce70e88-ece2-4cf8-b247-3ed82a4fb31e","real_world_relation":"REFERENCE_ONLY","shape_Length":66.13331367687493,"source_datadesc":"2016 October MAFTIGER","source_datasetid":"{7AD8F908-E576-4667-ABBE-3F904F423D64}","source_featureid":"1103690237119","source_id":"REF-SACRAMENTO-LOCAL-ROADS","source_originator":"U.S. Department of Commerce, U.S. Census Bureau, Geography Division","state_route":null,"state_route_a":null,"state_route_b":null,"state_route_c":null,"stco_fipscode":"06067","tnmfrc":4,"us_route":null,"us_route_a":null,"us_route_b":null,"us_route_c":null},"type":"Feature"},{"geometry":{"coordinates":[[-121.477927,38.584713],[-121.478402,38.583616]],"type":"LineString"},"id":"REF-SACRAMENTO-LOCAL-ROADS-860","properties":{"canon_status":"REAL_REFERENCE","county_route":null,"federal_lands_route":null,"fictionality":"REAL","globalid":"{6C0AD2C1-937D-4EC5-87A1-7FC4E49278CC}","interstate":null,"interstate_a":null,"interstate_b":null,"interstate_c":null,"loaddate":1748519528000,"mtfcc_code":"S1400","name":"19th St","objectid":33335567,"permanent_identifier":"140d7043-2be4-4db9-bf7f-18d9ce985377","real_world_relation":"REFERENCE_ONLY","shape_Length":164.92785149287153,"source_datadesc":"2016 October MAFTIGER","source_datasetid":"{7AD8F908-E576-4667-ABBE-3F904F423D64}","source_featureid":"1104469987952","source_id":"REF-SACRAMENTO-LOCAL-ROADS","source_originator":"U.S. Department of Commerce, U.S. Census Bureau, Geography Division","state_route":null,"state_route_a":null,"state_route_b":null,"state_route_c":null,"stco_fipscode":"06067","tnmfrc":4,"us_route":null,"us_route_a":null,"us_route_b":null,"us_route_c":null},"type":"Feature"},{"geometry":{"coordinates":[[-121.477927,38.584713],[-121.477114,38.584497],[-121.476587,38.584356]],"type":"LineString"},"id":"REF-SACRAMENTO-LOCAL-ROADS-861","properties":{"canon_status":"REAL_REFERENCE","county_route":null,"federal_lands_route":null,"fictionality":"REAL","globalid":"{219CF63B-B4FA-49F5-A7C5-708DB62502E2}","interstate":null,"interstate_a":null,"interstate_b":null,"interstate_c":null,"loaddate":1748519528000,"mtfcc_code":"S1400","name":"C St","objectid":33335568,"permanent_identifier":"11dedeb9-71f0-4c30-92bf-6a730339889a","real_world_relation":"REFERENCE_ONLY","shape_Length":157.59405039313944,"source_datadesc":"2016 October MAFTIGER","source_datasetid":"{7AD8F908-E576-4667-ABBE-3F904F423D64}","source_featureid":"110873834267","source_id":"REF-SACRAMENTO-LOCAL-ROADS","source_originator":"U.S. Department of Commerce, U.S. Census Bureau, Geography Division","state_route":null,"state_route_a":null,"state_route_b":null,"state_route_c":null,"stco_fipscode":"06067","tnmfrc":4,"us_route":null,"us_route_a":null,"us_route_b":null,"us_route_c":null},"type":"Feature"},{"geometry":{"coordinates":[[-121.464419,38.584821],[-121.464953,38.58365]],"type":"LineString"},"id":"REF-SACRAMENTO-LOCAL-ROADS-862","properties":{"canon_status":"REAL_REFERENCE","county_route":null,"federal_lands_route":null,"fictionality":"REAL","globalid":"{C1F0AA07-B49A-4529-B8FD-CA4BF6665C2B}","interstate":null,"interstate_a":null,"interstate_b":null,"interstate_c":null,"loaddate":1748519528000,"mtfcc_code":"S1400","name":"28th St","objectid":33335569,"permanent_identifier":"9baefa27-c69a-40a3-86fb-c6262e4de55e","real_world_relation":"REFERENCE_ONLY","shape_Length":176.98065340460306,"source_datadesc":"2021 February MAF/TIGER","source_datasetid":"{7AD8F908-E576-4667-ABBE-3F904F423D64}","source_featureid":"110873910136","source_id":"REF-SACRAMENTO-LOCAL-ROADS","source_originator":"U.S. Department of Commerce, U.S. Census Bureau, Geography Division","state_route":null,"state_route_a":null,"state_route_b":null,"state_route_c":null,"stco_fipscode":"06067","tnmfrc":4,"us_route":null,"us_route_a":null,"us_route_b":null,"us_route_c":null},"type":"Feature"},{"geometry":{"coordinates":[[-121.47635,38.584903],[-121.476587,38.584356]],"type":"LineString"},"id":"REF-SACRAMENTO-LOCAL-ROADS-863","properties":{"canon_status":"REAL_REFERENCE","county_route":null,"federal_lands_route":null,"fictionality":"REAL","globalid":"{423F975C-73CE-459F-BA7B-22E59EA640C4}","interstate":null,"interstate_a":null,"interstate_b":null,"interstate_c":null,"loaddate":1748519528000,"mtfcc_code":"S1400","name":"20th St","objectid":33335570,"permanent_identifier":"0c0c6b6e-c452-43e9-9a7d-8a8b1bc10f12","real_world_relation":"REFERENCE_ONLY","shape_Length":82.24432918183757,"source_datadesc":"2016 October MAFTIGER","source_datasetid":"{7AD8F908-E576-4667-ABBE-3F904F423D64}","source_featureid":"110873860653","source_id":"REF-SACRAMENTO-LOCAL-ROADS","source_originator":"U.S. Department of Commerce, U.S. Census Bureau, Geography Division","state_route":null,"state_route_a":null,"state_route_b":null,"state_route_c":null,"stco_fipscode":"06067","tnmfrc":4,"us_route":null,"us_route_a":null,"us_route_b":null,"us_route_c":null},"type":"Feature"},{"geometry":{"coordinates":[[-121.474828,38.584986],[-121.475018,38.584549]],"type":"LineString"},"id":"REF-SACRAMENTO-LOCAL-ROADS-864","properties":{"canon_status":"REAL_REFERENCE","county_route":null,"federal_lands_route":null,"fictionality":"REAL","globalid":"{86EE9C1C-26BE-496E-A950-21EE1E727E2F}","interstate":null,"interstate_a":null,"interstate_b":null,"interstate_c":null,"loaddate":1748519528000,"mtfcc_code":"S1400","name":"21st St","objectid":33335571,"permanent_identifier":"cc962e58-dd4a-4b1e-8caa-88214b4ba089","real_world_relation":"REFERENCE_ONLY","shape_Length":65.72888217576885,"source_datadesc":"2016 October MAFTIGER","source_datasetid":"{7AD8F908-E576-4667-ABBE-3F904F423D64}","source_featureid":"110873861591","source_id":"REF-SACRAMENTO-LOCAL-ROADS","source_originator":"U.S. Department of Commerce, U.S. Census Bureau, Geography Division","state_route":null,"state_route_a":null,"state_route_b":null,"state_route_c":null,"stco_fipscode":"06067","tnmfrc":4,"us_route":null,"us_route_a":null,"us_route_b":null,"us_route_c":null},"type":"Feature"},{"geometry":{"coordinates":[[-121.489638,38.586611],[-121.48929,38.586518]],"type":"LineString"},"id":"REF-SACRAMENTO-LOCAL-ROADS-865","properties":{"canon_status":"REAL_REFERENCE","county_route":null,"federal_lands_route":null,"fictionality":"REAL","globalid":"{758EC6B1-E0E5-4DD1-854D-F58DB832921A}","interstate":null,"interstate_a":null,"interstate_b":null,"interstate_c":null,"loaddate":1748519528000,"mtfcc_code":"S1400","name":"D St","objectid":33335572,"permanent_identifier":"44ab7acd-5f60-4828-a8e1-c959bcac31fc","real_world_relation":"REFERENCE_ONLY","shape_Length":40.893557817580195,"source_datadesc":"2021 February MAF/TIGER","source_datasetid":"{7AD8F908-E576-4667-ABBE-3F904F423D64}","source_featureid":"110873834322","source_id":"REF-SACRAMENTO-LOCAL-ROADS","source_originator":"U.S. Department of Commerce, U.S. Census Bureau, Geography Division","state_route":null,"state_route_a":null,"state_route_b":null,"state_route_c":null,"stco_fipscode":"06067","tnmfrc":4,"us_route":null,"us_route_a":null,"us_route_b":null,"us_route_c":null},"type":"Feature"},{"geometry":{"coordinates":[[-121.490262,38.586777],[-121.489638,38.586611]],"type":"LineString"},"id":"REF-SACRAMENTO-LOCAL-ROADS-866","properties":{"canon_status":"REAL_REFERENCE","county_route":null,"federal_lands_route":null,"fictionality":"REAL","globalid":"{CEAE2B65-63E4-4777-86CC-5155AF3E2328}","interstate":null,"interstate_a":null,"interstate_b":null,"interstate_c":null,"loaddate":1748519528000,"mtfcc_code":"S1400","name":"D St","objectid":33335573,"permanent_identifier":"a93055f9-86e8-491a-a487-35ef96a0e21a","real_world_relation":"REFERENCE_ONLY","shape_Length":73.42303901544138,"source_datadesc":"2021 February MAF/TIGER","source_datasetid":"{7AD8F908-E576-4667-ABBE-3F904F423D64}","source_featureid":"110873834322","source_id":"REF-SACRAMENTO-LOCAL-ROADS","source_originator":"U.S. Department of Commerce, U.S. Census Bureau, Geography Division","state_route":null,"state_route_a":null,"state_route_b":null,"state_route_c":null,"stco_fipscode":"06067","tnmfrc":4,"us_route":null,"us_route_a":null,"us_route_b":null,"us_route_c":null},"type":"Feature"},{"geometry":{"coordinates":[[-121.490634,38.586876],[-121.490262,38.586777]],"type":"LineString"},"id":"REF-SACRAMENTO-LOCAL-ROADS-867","properties":{"canon_status":"REAL_REFERENCE","county_route":null,"federal_lands_route":null,"fictionality":"REAL","globalid":"{955DFA7A-4A81-40E5-9D4E-DC31B878F29E}","interstate":null,"interstate_a":null,"interstate_b":null,"interstate_c":null,"loaddate":1748519528000,"mtfcc_code":"S1400","name":"D St","objectid":33335574,"permanent_identifier":"252b38b4-53c8-419b-b7e0-5882b82f318e","real_world_relation":"REFERENCE_ONLY","shape_Length":43.74518967837638,"source_datadesc":"2021 February MAF/TIGER","source_datasetid":"{7AD8F908-E576-4667-ABBE-3F904F423D64}","source_featureid":"110873834322","source_id":"REF-SACRAMENTO-LOCAL-ROADS","source_originator":"U.S. Department of Commerce, U.S. Census Bureau, Geography Division","state_route":null,"state_route_a":null,"state_route_b":null,"state_route_c":null,"stco_fipscode":"06067","tnmfrc":4,"us_route":null,"us_route_a":null,"us_route_b":null,"us_route_c":null},"type":"Feature"},{"geometry":{"coordinates":[[-121.489053,38.587069],[-121.48929,38.586518]],"type":"LineString"},"id":"REF-SACRAMENTO-LOCAL-ROADS-868","properties":{"canon_status":"REAL_REFERENCE","county_route":null,"federal_lands_route":null,"fictionality":"REAL","globalid":"{315643A7-8A16-400E-A29E-E2C4347EEBE2}","interstate":null,"interstate_a":null,"interstate_b":null,"interstate_c":null,"loaddate":1748519528000,"mtfcc_code":"S1400","name":"11th St","objectid":33335575,"permanent_identifier":"9b0e8b85-d78f-4dc7-86f3-b97d591786f6","real_world_relation":"REFERENCE_ONLY","shape_Length":82.78624068738974,"source_datadesc":"2016 October MAFTIGER","source_datasetid":"{7AD8F908-E576-4667-ABBE-3F904F423D64}","source_featureid":"110873853109","source_id":"REF-SACRAMENTO-LOCAL-ROADS","source_originator":"U.S. Department of Commerce, U.S. Census Bureau, Geography Division","state_route":null,"state_route_a":null,"state_route_b":null,"state_route_c":null,"stco_fipscode":"06067","tnmfrc":4,"us_route":null,"us_route_a":null,"us_route_b":null,"us_route_c":null},"type":"Feature"},{"geometry":{"coordinates":[[-121.489638,38.586611],[-121.48939,38.587157]],"type":"LineString"},"id":"REF-SACRAMENTO-LOCAL-ROADS-869","properties":{"canon_status":"REAL_REFERENCE","county_route":null,"federal_lands_route":null,"fictionality":"REAL","globalid":"{915C5BCB-3D88-4C67-BA7E-09E5C5316BC1}","interstate":null,"interstate_a":null,"interstate_b":null,"interstate_c":null,"loaddate":1748519528000,"mtfcc_code":"S1400","name":"City Flat Ln","objectid":33335576,"permanent_identifier":"352b1a46-6a4e-4038-ab69-2bc6106d755b","real_world_relation":"REFERENCE_ONLY","shape_Length":82.55356393208477,"source_datadesc":"2021 February MAF/TIGER","source_datasetid":"{7AD8F908-E576-4667-ABBE-3F904F423D64}","source_featureid":"11015482477699","source_id":"REF-SACRAMENTO-LOCAL-ROADS","source_originator":"U.S. Department of Commerce, U.S. Census Bureau, Geography Division","state_route":null,"state_route_a":null,"state_route_b":null,"state_route_c":null,"stco_fipscode":"06067","tnmfrc":4,"us_route":null,"us_route_a":null,"us_route_b":null,"us_route_c":null},"type":"Feature"},{"geometry":{"coordinates":[[-121.489053,38.587069],[-121.48939,38.587157]],"type":"LineString"},"id":"REF-SACRAMENTO-LOCAL-ROADS-870","properties":{"canon_status":"REAL_REFERENCE","county_route":null,"federal_lands_route":null,"fictionality":"REAL","globalid":"{C00D4EC3-ED1D-476E-BD8C-069BF26CC9A8}","interstate":null,"interstate_a":null,"interstate_b":null,"interstate_c":null,"loaddate":1748519528000,"mtfcc_code":"S1400","name":"Mint Chip Ln","objectid":33335577,"permanent_identifier":"15870505-2a97-4e58-ace5-440038f9e138","real_world_relation":"REFERENCE_ONLY","shape_Length":39.55267078096804,"source_datadesc":"2021 February MAF/TIGER","source_datasetid":"{7AD8F908-E576-4667-ABBE-3F904F423D64}","source_featureid":"11015482477861","source_id":"REF-SACRAMENTO-LOCAL-ROADS","source_originator":"U.S. Department of Commerce, U.S. Census Bureau, Geography Division","state_route":null,"state_route_a":null,"state_route_b":null,"state_route_c":null,"stco_fipscode":"06067","tnmfrc":4,"us_route":null,"us_route_a":null,"us_route_b":null,"us_route_c":null},"type":"Feature"},{"geometry":{"coordinates":[[-121.490262,38.586777],[-121.490014,38.587328]],"type":"LineString"},"id":"REF-SACRAMENTO-LOCAL-ROADS-871","properties":{"canon_status":"REAL_REFERENCE","county_route":null,"federal_lands_route":null,"fictionality":"REAL","globalid":"{993BCE6E-25CD-4B4C-BF74-837EA1C12B65}","interstate":null,"interstate_a":null,"interstate_b":null,"interstate_c":null,"loaddate":1748519528000,"mtfcc_code":"S1400","name":"Creamery Ln","objectid":33335578,"permanent_identifier":"4daa928e-82b4-4ace-a8cd-8315dec2e930","real_world_relation":"REFERENCE_ONLY","shape_Length":83.18472450861452,"source_datadesc":"2021 February MAF/TIGER","source_datasetid":"{7AD8F908-E576-4667-ABBE-3F904F423D64}","source_featureid":"11015482477840","source_id":"REF-SACRAMENTO-LOCAL-ROADS","source_originator":"U.S. Department of Commerce, U.S. Census Bureau, Geography Division","state_route":null,"state_route_a":null,"state_route_b":null,"state_route_c":null,"stco_fipscode":"06067","tnmfrc":4,"us_route":null,"us_route_a":null,"us_route_b":null,"us_route_c":null},"type":"Feature"},{"geometry":{"coordinates":[[-121.48939,38.587157],[-121.490014,38.587328]],"type":"LineString"},"id":"REF-SACRAMENTO-LOCAL-ROADS-872","properties":{"canon_status":"REAL_REFERENCE","county_route":null,"federal_lands_route":null,"fictionality":"REAL","globalid":"{60CA2032-0612-4AA7-98B2-9DBD7CF87BC7}","interstate":null,"interstate_a":null,"interstate_b":null,"interstate_c":null,"loaddate":1748519528000,"mtfcc_code":"S1400","name":"Mint Chip Ln","objectid":33335579,"permanent_identifier":"6acea7c0-2418-40df-a53f-0e2a016a22dc","real_world_relation":"REFERENCE_ONLY","shape_Length":73.60857835428584,"source_datadesc":"2021 February MAF/TIGER","source_datasetid":"{7AD8F908-E576-4667-ABBE-3F904F423D64}","source_featureid":"11015482477861","source_id":"REF-SACRAMENTO-LOCAL-ROADS","source_originator":"U.S. Department of Commerce, U.S. Census Bureau, Geography Division","state_route":null,"state_route_a":null,"state_route_b":null,"state_route_c":null,"stco_fipscode":"06067","tnmfrc":4,"us_route":null,"us_route_a":null,"us_route_b":null,"us_route_c":null},"type":"Feature"},{"geometry":{"coordinates":[[-121.490014,38.587328],[-121.490394,38.58744],[-121.490395,38.58744]],"type":"LineString"},"id":"REF-SACRAMENTO-LOCAL-ROADS-873","properties":{"canon_status":"REAL_REFERENCE","county_route":null,"federal_lands_route":null,"fictionality":"REAL","globalid":"{4C3A8189-7D74-4D2C-8B57-2C55BDC440C2}","interstate":null,"interstate_a":null,"interstate_b":null,"interstate_c":null,"loaddate":1748519528000,"mtfcc_code":"S1400","name":"Mint Chip Ln","objectid":33335580,"permanent_identifier":"5cf2341c-daa3-4984-abcc-a9a76c892dfb","real_world_relation":"REFERENCE_ONLY","shape_Length":45.303893323587616,"source_datadesc":"2021 February MAF/TIGER","source_datasetid":"{7AD8F908-E576-4667-ABBE-3F904F423D64}","source_featureid":"11015482477861","source_id":"REF-SACRAMENTO-LOCAL-ROADS","source_originator":"U.S. Department of Commerce, U.S. Census Bureau, Geography Division","state_route":null,"state_route_a":null,"state_route_b":null,"state_route_c":null,"stco_fipscode":"06067","tnmfrc":4,"us_route":null,"us_route_a":null,"us_route_b":null,"us_route_c":null},"type":"Feature"},{"geometry":{"coordinates":[[-121.490395,38.58744],[-121.490634,38.586876]],"type":"LineString"},"id":"REF-SACRAMENTO-LOCAL-ROADS-874","properties":{"canon_status":"REAL_REFERENCE","county_route":null,"federal_lands_route":null,"fictionality":"REAL","globalid":"{D8D9EDC4-7B52-44B4-A737-21DA3004106A}","interstate":null,"interstate_a":null,"interstate_b":null,"interstate_c":null,"loaddate":1748519528000,"mtfcc_code":"S1400","name":"Television Cir","objectid":33335581,"permanent_identifier":"bde77f08-5319-4f3f-8f3f-f05fec125372","real_world_relation":"REFERENCE_ONLY","shape_Length":84.64728352289114,"source_datadesc":"2021 February MAF/TIGER","source_datasetid":"{7AD8F908-E576-4667-ABBE-3F904F423D64}","source_featureid":"110874168836","source_id":"REF-SACRAMENTO-LOCAL-ROADS","source_originator":"U.S. Department of Commerce, U.S. Census Bureau, Geography Division","state_route":null,"state_route_a":null,"state_route_b":null,"state_route_c":null,"stco_fipscode":"06067","tnmfrc":4,"us_route":null,"us_route_a":null,"us_route_b":null,"us_route_c":null},"type":"Feature"},{"geometry":{"coordinates":[[-121.490395,38.58744],[-121.490982,38.587587]],"type":"LineString"},"id":"REF-SACRAMENTO-LOCAL-ROADS-875","properties":{"canon_status":"REAL_REFERENCE","county_route":null,"federal_lands_route":null,"fictionality":"REAL","globalid":"{2C8566C4-CB0F-4D99-AEA8-4DF5E83EFEE0}","interstate":null,"interstate_a":null,"interstate_b":null,"interstate_c":null,"loaddate":1748519528000,"mtfcc_code":"S1400","name":"Television Cir","objectid":33335582,"permanent_identifier":"e4537c06-e314-4bee-8c8e-276fe11461f7","real_world_relation":"REFERENCE_ONLY","shape_Length":68.62766940452057,"source_datadesc":"2021 February MAF/TIGER","source_datasetid":"{7AD8F908-E576-4667-ABBE-3F904F423D64}","source_featureid":"11015482477794","source_id":"REF-SACRAMENTO-LOCAL-ROADS","source_originator":"U.S. Department of Commerce, U.S. Census Bureau, Geography Division","state_route":null,"state_route_a":null,"state_route_b":null,"state_route_c":null,"stco_fipscode":"06067","tnmfrc":4,"us_route":null,"us_route_a":null,"us_route_b":null,"us_route_c":null},"type":"Feature"},{"geometry":{"coordinates":[[-121.488816,38.587614],[-121.489053,38.587069]],"type":"LineString"},"id":"REF-SACRAMENTO-LOCAL-ROADS-876","properties":{"canon_status":"REAL_REFERENCE","county_route":null,"federal_lands_route":null,"fictionality":"REAL","globalid":"{A37E46A2-B48B-4CC0-98CC-831619C1FC1F}","interstate":null,"interstate_a":null,"interstate_b":null,"interstate_c":null,"loaddate":1748519528000,"mtfcc_code":"S1400","name":"11th St","objectid":33335583,"permanent_identifier":"baa05775-9938-40b1-b23c-c9edcb165801","real_world_relation":"REFERENCE_ONLY","shape_Length":81.9772821730109,"source_datadesc":"2016 October MAFTIGER","source_datasetid":"{7AD8F908-E576-4667-ABBE-3F904F423D64}","source_featureid":"110873853109","source_id":"REF-SACRAMENTO-LOCAL-ROADS","source_originator":"U.S. Department of Commerce, U.S. Census Bureau, Geography Division","state_route":null,"state_route_a":null,"state_route_b":null,"state_route_c":null,"stco_fipscode":"06067","tnmfrc":4,"us_route":null,"us_route_a":null,"us_route_b":null,"us_route_c":null},"type":"Feature"},{"geometry":{"coordinates":[[-121.488816,38.587614],[-121.487484,38.587261]],"type":"LineString"},"id":"REF-SACRAMENTO-LOCAL-ROADS-877","properties":{"canon_status":"REAL_REFERENCE","county_route":null,"federal_lands_route":null,"fictionality":"REAL","globalid":"{90FC3A0E-E70C-4C46-93EB-F4F3611CB34E}","interstate":null,"interstate_a":null,"interstate_b":null,"interstate_c":null,"loaddate":1748519528000,"mtfcc_code":"S1400","name":"C St","objectid":33335584,"permanent_identifier":"2ca6f2d1-b55f-424c-b8aa-f3eccba02a7f","real_world_relation":"REFERENCE_ONLY","shape_Length":156.56807102310964,"source_datadesc":"2016 October MAFTIGER","source_datasetid":"{7AD8F908-E576-4667-ABBE-3F904F423D64}","source_featureid":"110873834267","source_id":"REF-SACRAMENTO-LOCAL-ROADS","source_originator":"U.S. Department of Commerce, U.S. Census Bureau, Geography Division","state_route":null,"state_route_a":null,"state_route_b":null,"state_route_c":null,"stco_fipscode":"06067","tnmfrc":4,"us_route":null,"us_route_a":null,"us_route_b":null,"us_route_c":null},"type":"Feature"},{"geometry":{"coordinates":[[-121.48939,38.587157],[-121.489394,38.587228],[-121.489294,38.587455],[-121.489192,38.58769]],"type":"LineString"},"id":"REF-SACRAMENTO-LOCAL-ROADS-878","properties":{"canon_status":"REAL_REFERENCE","county_route":null,"federal_lands_route":null,"fictionality":"REAL","globalid":"{D8AF14F8-AC35-48AF-9BEE-AEB359CFBFFF}","interstate":null,"interstate_a":null,"interstate_b":null,"interstate_c":null,"loaddate":1748519528000,"mtfcc_code":"S1400","name":"City Flat Ln","objectid":33335585,"permanent_identifier":"9101e856-609a-48dc-9d9b-0d4f7f0eae7c","real_world_relation":"REFERENCE_ONLY","shape_Length":79.66954077264856,"source_datadesc":"2021 February MAF/TIGER","source_datasetid":"{7AD8F908-E576-4667-ABBE-3F904F423D64}","source_featureid":"11015482477699","source_id":"REF-SACRAMENTO-LOCAL-ROADS","source_originator":"U.S. Department of Commerce, U.S. Census Bureau, Geography Division","state_route":null,"state_route_a":null,"state_route_b":null,"state_route_c":null,"stco_fipscode":"06067","tnmfrc":4,"us_route":null,"us_route_a":null,"us_route_b":null,"us_route_c":null},"type":"Feature"},{"geometry":{"coordinates":[[-121.489192,38.58769],[-121.488816,38.587614]],"type":"LineString"},"id":"REF-SACRAMENTO-LOCAL-ROADS-879","properties":{"canon_status":"REAL_REFERENCE","county_route":null,"federal_lands_route":null,"fictionality":"REAL","globalid":"{287CEDEF-653A-439B-B4E8-43FA456126BF}","interstate":null,"interstate_a":null,"interstate_b":null,"interstate_c":null,"loaddate":1748519528000,"mtfcc_code":"S1400","name":"C St","objectid":33335586,"permanent_identifier":"fc27333b-c59d-4804-92e3-47039955e98a","real_world_relation":"REFERENCE_ONLY","shape_Length":43.23186506014427,"source_datadesc":"2021 February MAF/TIGER","source_datasetid":"{7AD8F908-E576-4667-ABBE-3F904F423D64}","source_featureid":"110873834267","source_id":"REF-SACRAMENTO-LOCAL-ROADS","source_originator":"U.S. Department of Commerce, U.S. Census Bureau, Geography Division","state_route":null,"state_route_a":null,"state_route_b":null,"state_route_c":null,"stco_fipscode":"06067","tnmfrc":4,"us_route":null,"us_route_a":null,"us_route_b":null,"us_route_c":null},"type":"Feature"},{"geometry":{"coordinates":[[-121.490014,38.587328],[-121.489796,38.587813]],"type":"LineString"},"id":"REF-SACRAMENTO-LOCAL-ROADS-880","properties":{"canon_status":"REAL_REFERENCE","county_route":null,"federal_lands_route":null,"fictionality":"REAL","globalid":"{99F0A744-827A-4D61-ACEA-D52473A667FD}","interstate":null,"interstate_a":null,"interstate_b":null,"interstate_c":null,"loaddate":1748519528000,"mtfcc_code":"S1400","name":"Creamery Ln","objectid":33335587,"permanent_identifier":"a692d4e6-1259-48f7-a78a-f558140e4d4d","real_world_relation":"REFERENCE_ONLY","shape_Length":73.17018480253027,"source_datadesc":"2021 February MAF/TIGER","source_datasetid":"{7AD8F908-E576-4667-ABBE-3F904F423D64}","source_featureid":"11015482477840","source_id":"REF-SACRAMENTO-LOCAL-ROADS","source_originator":"U.S. Department of Commerce, U.S. Census Bureau, Geography Division","state_route":null,"state_route_a":null,"state_route_b":null,"state_route_c":null,"stco_fipscode":"06067","tnmfrc":4,"us_route":null,"us_route_a":null,"us_route_b":null,"us_route_c":null},"type":"Feature"},{"geometry":{"coordinates":[[-121.489796,38.587813],[-121.489192,38.58769]],"type":"LineString"},"id":"REF-SACRAMENTO-LOCAL-ROADS-881","properties":{"canon_status":"REAL_REFERENCE","county_route":null,"federal_lands_route":null,"fictionality":"REAL","globalid":"{B896A682-8CBB-4078-A0B2-4150A90ACF72}","interstate":null,"interstate_a":null,"interstate_b":null,"interstate_c":null,"loaddate":1748519528000,"mtfcc_code":"S1400","name":"C St","objectid":33335588,"permanent_identifier":"c6bcac11-229e-4315-b70e-eae2af3c90f2","real_world_relation":"REFERENCE_ONLY","shape_Length":69.44956161608704,"source_datadesc":"2021 February MAF/TIGER","source_datasetid":"{7AD8F908-E576-4667-ABBE-3F904F423D64}","source_featureid":"110873834267","source_id":"REF-SACRAMENTO-LOCAL-ROADS","source_originator":"U.S. Department of Commerce, U.S. Census Bureau, Geography Division","state_route":null,"state_route_a":null,"state_route_b":null,"state_route_c":null,"stco_fipscode":"06067","tnmfrc":4,"us_route":null,"us_route_a":null,"us_route_b":null,"us_route_c":null},"type":"Feature"},{"geometry":{"coordinates":[[-121.489192,38.58769],[-121.489121,38.587856]],"type":"LineString"},"id":"REF-SACRAMENTO-LOCAL-ROADS-882","properties":{"canon_status":"REAL_REFERENCE","county_route":null,"federal_lands_route":null,"fictionality":"REAL","globalid":"{6186D939-BE84-4E67-9543-1A3C497133D1}","interstate":null,"interstate_a":null,"interstate_b":null,"interstate_c":null,"loaddate":1748519528000,"mtfcc_code":"S1400","name":"City Flat Ln","objectid":33335589,"permanent_identifier":"4c0f5a54-7837-4eba-9585-fcefbe3cac89","real_world_relation":"REFERENCE_ONLY","shape_Length":24.911168336158838,"source_datadesc":"2021 February MAF/TIGER","source_datasetid":"{7AD8F908-E576-4667-ABBE-3F904F423D64}","source_featureid":"11015482477699","source_id":"REF-SACRAMENTO-LOCAL-ROADS","source_originator":"U.S. Department of Commerce, U.S. Census Bureau, Geography Division","state_route":null,"state_route_a":null,"state_route_b":null,"state_route_c":null,"stco_fipscode":"06067","tnmfrc":4,"us_route":null,"us_route_a":null,"us_route_b":null,"us_route_c":null},"type":"Feature"},{"geometry":{"coordinates":[[-121.490202,38.587895],[-121.490395,38.58744]],"type":"LineString"},"id":"REF-SACRAMENTO-LOCAL-ROADS-883","properties":{"canon_status":"REAL_REFERENCE","county_route":null,"federal_lands_route":null,"fictionality":"REAL","globalid":"{4A3F05E3-A4DA-4D38-8AAD-C4EC93504113}","interstate":null,"interstate_a":null,"interstate_b":null,"interstate_c":null,"loaddate":1748519528000,"mtfcc_code":"S1400","name":"Television Cir","objectid":33335590,"permanent_identifier":"732a584f-4b7c-4813-b841-bc36a24df993","real_world_relation":"REFERENCE_ONLY","shape_Length":68.23383579668081,"source_datadesc":"2021 February MAF/TIGER","source_datasetid":"{7AD8F908-E576-4667-ABBE-3F904F423D64}","source_featureid":"110874168836","source_id":"REF-SACRAMENTO-LOCAL-ROADS","source_originator":"U.S. Department of Commerce, U.S. Census Bureau, Geography Division","state_route":null,"state_route_a":null,"state_route_b":null,"state_route_c":null,"stco_fipscode":"06067","tnmfrc":4,"us_route":null,"us_route_a":null,"us_route_b":null,"us_route_c":null},"type":"Feature"},{"geometry":{"coordinates":[[-121.490202,38.587895],[-121.489796,38.587813]],"type":"LineString"},"id":"REF-SACRAMENTO-LOCAL-ROADS-884","properties":{"canon_status":"REAL_REFERENCE","county_route":null,"federal_lands_route":null,"fictionality":"REAL","globalid":"{56F519F6-84B8-4694-AA0F-17D42BC02F37}","interstate":null,"interstate_a":null,"interstate_b":null,"interstate_c":null,"loaddate":1748519528000,"mtfcc_code":"S1400","name":"C St","objectid":33335591,"permanent_identifier":"1f0353b5-e979-4a21-9191-fae2c0da34c6","real_world_relation":"REFERENCE_ONLY","shape_Length":46.71296002108256,"source_datadesc":"2021 February MAF/TIGER","source_datasetid":"{7AD8F908-E576-4667-ABBE-3F904F423D64}","source_featureid":"110873834267","source_id":"REF-SACRAMENTO-LOCAL-ROADS","source_originator":"U.S. Department of Commerce, U.S. Census Bureau, Geography Division","state_route":null,"state_route_a":null,"state_route_b":null,"state_route_c":null,"stco_fipscode":"06067","tnmfrc":4,"us_route":null,"us_route_a":null,"us_route_b":null,"us_route_c":null},"type":"Feature"},{"geometry":{"coordinates":[[-121.490168,38.587973],[-121.490202,38.587895]],"type":"LineString"},"id":"REF-SACRAMENTO-LOCAL-ROADS-885","properties":{"canon_status":"REAL_REFERENCE","county_route":null,"federal_lands_route":null,"fictionality":"REAL","globalid":"{98F96704-A7BB-4D89-BA1F-AA56C929BB99}","interstate":null,"interstate_a":null,"interstate_b":null,"interstate_c":null,"loaddate":1748519528000,"mtfcc_code":"S1400","name":"Television Cir","objectid":33335592,"permanent_identifier":"fd4d5eb0-a1c9-417d-9fe6-39b56342aa57","real_world_relation":"REFERENCE_ONLY","shape_Length":11.735597144289898,"source_datadesc":"2016 October MAFTIGER","source_datasetid":"{7AD8F908-E576-4667-ABBE-3F904F423D64}","source_featureid":"110874168836","source_id":"REF-SACRAMENTO-LOCAL-ROADS","source_originator":"U.S. Department of Commerce, U.S. Census Bureau, Geography Division","state_route":null,"state_route_a":null,"state_route_b":null,"state_route_c":null,"stco_fipscode":"06067","tnmfrc":4,"us_route":null,"us_route_a":null,"us_route_b":null,"us_route_c":null},"type":"Feature"},{"geometry":{"coordinates":[[-121.489796,38.587813],[-121.489788,38.58783],[-121.489713,38.587998]],"type":"LineString"},"id":"REF-SACRAMENTO-LOCAL-ROADS-886","properties":{"canon_status":"REAL_REFERENCE","county_route":null,"federal_lands_route":null,"fictionality":"REAL","globalid":"{F34E7F84-128C-4498-907A-75AC5C664F4E}","interstate":null,"interstate_a":null,"interstate_b":null,"interstate_c":null,"loaddate":1748519528000,"mtfcc_code":"S1400","name":"Creamery Ln","objectid":33335593,"permanent_identifier":"c6062046-05a0-4b77-9642-2be17ecded0e","real_world_relation":"REFERENCE_ONLY","shape_Length":27.960506613493102,"source_datadesc":"2021 February MAF/TIGER","source_datasetid":"{7AD8F908-E576-4667-ABBE-3F904F423D64}","source_featureid":"11015482477840","source_id":"REF-SACRAMENTO-LOCAL-ROADS","source_originator":"U.S. Department of Commerce, U.S. Census Bureau, Geography Division","state_route":null,"state_route_a":null,"state_route_b":null,"state_route_c":null,"stco_fipscode":"06067","tnmfrc":4,"us_route":null,"us_route_a":null,"us_route_b":null,"us_route_c":null},"type":"Feature"},{"geometry":{"coordinates":[[-121.489713,38.587998],[-121.489121,38.587856]],"type":"LineString"},"id":"REF-SACRAMENTO-LOCAL-ROADS-887","properties":{"canon_status":"REAL_REFERENCE","county_route":null,"federal_lands_route":null,"fictionality":"REAL","globalid":"{5B4A6AF2-4C95-4E15-BAF4-2504EA2CD327}","interstate":null,"interstate_a":null,"interstate_b":null,"interstate_c":null,"loaddate":1748519528000,"mtfcc_code":"S1400","name":"Vanilla Bean Ln","objectid":33335594,"permanent_identifier":"acd81163-c314-4636-acf2-aa12dfb35f48","real_world_relation":"REFERENCE_ONLY","shape_Length":68.93423499675336,"source_datadesc":"2021 February MAF/TIGER","source_datasetid":"{7AD8F908-E576-4667-ABBE-3F904F423D64}","source_featureid":"11015482477663","source_id":"REF-SACRAMENTO-LOCAL-ROADS","source_originator":"U.S. Department of Commerce, U.S. Census Bureau, Geography Division","state_route":null,"state_route_a":null,"state_route_b":null,"state_route_c":null,"stco_fipscode":"06067","tnmfrc":4,"us_route":null,"us_route_a":null,"us_route_b":null,"us_route_c":null},"type":"Feature"},{"geometry":{"coordinates":[[-121.488582,38.588155],[-121.488816,38.587614]],"type":"LineString"},"id":"REF-SACRAMENTO-LOCAL-ROADS-888","properties":{"canon_status":"REAL_REFERENCE","county_route":null,"federal_lands_route":null,"fictionality":"REAL","globalid":"{670D54F3-03F2-41B6-9D59-DCF7EC308CDB}","interstate":null,"interstate_a":null,"interstate_b":null,"interstate_c":null,"loaddate":1748519528000,"mtfcc_code":"S1400","name":"11th St","objectid":33335595,"permanent_identifier":"d9a53714-e987-4426-a336-0f771db3ffff","real_world_relation":"REFERENCE_ONLY","shape_Length":81.33126693036841,"source_datadesc":"2016 October MAFTIGER","source_datasetid":"{7AD8F908-E576-4667-ABBE-3F904F423D64}","source_featureid":"110873853109","source_id":"REF-SACRAMENTO-LOCAL-ROADS","source_originator":"U.S. Department of Commerce, U.S. Census Bureau, Geography Division","state_route":null,"state_route_a":null,"state_route_b":null,"state_route_c":null,"stco_fipscode":"06067","tnmfrc":4,"us_route":null,"us_route_a":null,"us_route_b":null,"us_route_c":null},"type":"Feature"},{"geometry":{"coordinates":[[-121.489121,38.587856],[-121.488987,38.588175],[-121.489075,38.588221],[-121.489715,38.588371],[-121.489755,38.588356],[-121.489876,38.588079]],"type":"LineString"},"id":"REF-SACRAMENTO-LOCAL-ROADS-889","properties":{"canon_status":"REAL_REFERENCE","county_route":null,"federal_lands_route":null,"fictionality":"REAL","globalid":"{227C5B77-BB57-4113-923E-D23CBB70CE31}","interstate":null,"interstate_a":null,"interstate_b":null,"interstate_c":null,"loaddate":1748519528000,"mtfcc_code":"S1400","name":"Mud Pie Ln","objectid":33335596,"permanent_identifier":"acbccdeb-9d61-4291-9a37-21ef4e869358","real_world_relation":"REFERENCE_ONLY","shape_Length":180.60414675445878,"source_datadesc":"2021 February MAF/TIGER","source_datasetid":"{7AD8F908-E576-4667-ABBE-3F904F423D64}","source_featureid":"11015482477687","source_id":"REF-SACRAMENTO-LOCAL-ROADS","source_originator":"U.S. Department of Commerce, U.S. Census Bureau, Geography Division","state_route":null,"state_route_a":null,"state_route_b":null,"state_route_c":null,"stco_fipscode":"06067","tnmfrc":4,"us_route":null,"us_route_a":null,"us_route_b":null,"us_route_c":null},"type":"Feature"},{"geometry":{"coordinates":[[-121.482818,38.593233],[-121.48262,38.593431],[-121.482429,38.593664],[-121.482328,38.593839],[-121.48223,38.59409]],"type":"LineString"},"id":"REF-SACRAMENTO-LOCAL-ROADS-890","properties":{"canon_status":"REAL_REFERENCE","county_route":null,"federal_lands_route":null,"fictionality":"REAL","globalid":"{A50EA116-807F-416F-8285-0C07D04FFA25}","interstate":null,"interstate_a":null,"interstate_b":null,"interstate_c":null,"loaddate":1748519528000,"mtfcc_code":"S1400","name":"Pipevine St","objectid":37633324,"permanent_identifier":"6525c496-9004-467d-8925-36ba180d8eab","real_world_relation":"REFERENCE_ONLY","shape_Length":139.9248873645302,"source_datadesc":"2024 September MAF/TIGER","source_datasetid":"{7AD8F908-E576-4667-ABBE-3F904F423D64}","source_featureid":"11033198906294","source_id":"REF-SACRAMENTO-LOCAL-ROADS","source_originator":"U.S. Department of Commerce, U.S. Census Bureau, Geography Division","state_route":null,"state_route_a":null,"state_route_b":null,"state_route_c":null,"stco_fipscode":"06067","tnmfrc":4,"us_route":null,"us_route_a":null,"us_route_b":null,"us_route_c":null},"type":"Feature"},{"geometry":{"coordinates":[[-121.483879,38.592599],[-121.483693,38.592753],[-121.483553,38.592852],[-121.483019,38.59309],[-121.482882,38.593165],[-121.482818,38.593233]],"type":"LineString"},"id":"REF-SACRAMENTO-LOCAL-ROADS-891","properties":{"canon_status":"REAL_REFERENCE","county_route":null,"federal_lands_route":null,"fictionality":"REAL","globalid":"{D38E4E2A-E856-4444-B4F3-675875AD9445}","interstate":null,"interstate_a":null,"interstate_b":null,"interstate_c":null,"loaddate":1748519528000,"mtfcc_code":"S1400","name":"Pipevine St","objectid":37633325,"permanent_identifier":"565e729f-8495-47b2-93ce-0ad97424fb3d","real_world_relation":"REFERENCE_ONLY","shape_Length":150.2523165002208,"source_datadesc":"2024 September MAF/TIGER","source_datasetid":"{7AD8F908-E576-4667-ABBE-3F904F423D64}","source_featureid":"11033198906294","source_id":"REF-SACRAMENTO-LOCAL-ROADS","source_originator":"U.S. Department of Commerce, U.S. Census Bureau, Geography Division","state_route":null,"state_route_a":null,"state_route_b":null,"state_route_c":null,"stco_fipscode":"06067","tnmfrc":4,"us_route":null,"us_route_a":null,"us_route_b":null,"us_route_c":null},"type":"Feature"},{"geometry":{"coordinates":[[-121.482818,38.593233],[-121.482627,38.593054],[-121.482356,38.592638],[-121.482157,38.592376]],"type":"LineString"},"id":"REF-SACRAMENTO-LOCAL-ROADS-892","properties":{"canon_status":"REAL_REFERENCE","county_route":null,"federal_lands_route":null,"fictionality":"REAL","globalid":"{156413B0-3174-43FF-B769-31D95D7E6E69}","interstate":null,"interstate_a":null,"interstate_b":null,"interstate_c":null,"loaddate":1748519528000,"mtfcc_code":"S1400","name":"Swallowtail Ave","objectid":37633328,"permanent_identifier":"f90c70d5-b65c-481d-88f1-099921f77b40","real_world_relation":"REFERENCE_ONLY","shape_Length":143.07934084930594,"source_datadesc":"2024 September MAF/TIGER","source_datasetid":"{7AD8F908-E576-4667-ABBE-3F904F423D64}","source_featureid":"11033198906272","source_id":"REF-SACRAMENTO-LOCAL-ROADS","source_originator":"U.S. Department of Commerce, U.S. Census Bureau, Geography Division","state_route":null,"state_route_a":null,"state_route_b":null,"state_route_c":null,"stco_fipscode":"06067","tnmfrc":4,"us_route":null,"us_route_a":null,"us_route_b":null,"us_route_c":null},"type":"Feature"},{"geometry":{"coordinates":[[-121.484283,38.594634],[-121.48223,38.59409]],"type":"LineString"},"id":"REF-SACRAMENTO-LOCAL-ROADS-893","properties":{"canon_status":"REAL_REFERENCE","county_route":null,"federal_lands_route":null,"fictionality":"REAL","globalid":"{65A6131E-57A1-46A3-8470-E3DBBB53722E}","interstate":null,"interstate_a":null,"interstate_b":null,"interstate_c":null,"loaddate":1748519528000,"mtfcc_code":"S1400","name":"Ringlet Ave","objectid":37633329,"permanent_identifier":"e0ccc3e9-6029-4261-993e-47c8f7a6ec03","real_world_relation":"REFERENCE_ONLY","shape_Length":241.31596585938144,"source_datadesc":"2024 September MAF/TIGER","source_datasetid":"{7AD8F908-E576-4667-ABBE-3F904F423D64}","source_featureid":"11033198906302","source_id":"REF-SACRAMENTO-LOCAL-ROADS","source_originator":"U.S. Department of Commerce, U.S. Census Bureau, Geography Division","state_route":null,"state_route_a":null,"state_route_b":null,"state_route_c":null,"stco_fipscode":"06067","tnmfrc":4,"us_route":null,"us_route_a":null,"us_route_b":null,"us_route_c":null},"type":"Feature"},{"geometry":{"coordinates":[[-121.484283,38.594634],[-121.484095,38.59507]],"type":"LineString"},"id":"REF-SACRAMENTO-LOCAL-ROADS-894","properties":{"canon_status":"REAL_REFERENCE","county_route":null,"federal_lands_route":null,"fictionality":"REAL","globalid":"{1B8896A2-54EE-4910-A390-2C856DF09281}","interstate":null,"interstate_a":null,"interstate_b":null,"interstate_c":null,"loaddate":1748519528000,"mtfcc_code":"S1400","name":"Dos Rios St","objectid":37633330,"permanent_identifier":"cb1226a9-0e90-4abf-b074-20e49fedc8ff","real_world_relation":"REFERENCE_ONLY","shape_Length":65.53087829848268,"source_datadesc":"2024 September MAF/TIGER","source_datasetid":"{7AD8F908-E576-4667-ABBE-3F904F423D64}","source_featureid":"110873972427","source_id":"REF-SACRAMENTO-LOCAL-ROADS","source_originator":"U.S. Department of Commerce, U.S. Census Bureau, Geography Division","state_route":null,"state_route_a":null,"state_route_b":null,"state_route_c":null,"stco_fipscode":"06067","tnmfrc":4,"us_route":null,"us_route_a":null,"us_route_b":null,"us_route_c":null},"type":"Feature"},{"geometry":{"coordinates":[[-121.483987,38.595314],[-121.482757,38.595405]],"type":"LineString"},"id":"REF-SACRAMENTO-LOCAL-ROADS-895","properties":{"canon_status":"REAL_REFERENCE","county_route":null,"federal_lands_route":null,"fictionality":"REAL","globalid":"{25ACC7A7-3BCF-42FD-9247-D167DDE98CEB}","interstate":null,"interstate_a":null,"interstate_b":null,"interstate_c":null,"loaddate":1748519528000,"mtfcc_code":"S1400","name":"Richards Blvd","objectid":37633331,"permanent_identifier":"a18e50cc-22b1-4644-b4d1-05bd02c7f846","real_world_relation":"REFERENCE_ONLY","shape_Length":137.53507931524493,"source_datadesc":"2024 September MAF/TIGER","source_datasetid":"{7AD8F908-E576-4667-ABBE-3F904F423D64}","source_featureid":"110874105498","source_id":"REF-SACRAMENTO-LOCAL-ROADS","source_originator":"U.S. Department of Commerce, U.S. Census Bureau, Geography Division","state_route":null,"state_route_a":null,"state_route_b":null,"state_route_c":null,"stco_fipscode":"06067","tnmfrc":4,"us_route":null,"us_route_a":null,"us_route_b":null,"us_route_c":null},"type":"Feature"},{"geometry":{"coordinates":[[-121.48223,38.59409],[-121.482087,38.594382],[-121.481991,38.594534],[-121.481836,38.594745],[-121.482015,38.594855],[-121.482388,38.595007],[-121.482632,38.595088],[-121.482677,38.595109],[-121.482709,38.595147],[-121.48273,38.595216],[-121.482757,38.595405]],"type":"LineString"},"id":"REF-SACRAMENTO-LOCAL-ROADS-896","properties":{"canon_status":"REAL_REFERENCE","county_route":null,"federal_lands_route":null,"fictionality":"REAL","globalid":"{11142F48-A8EE-4CCC-94DF-1FCA3FF53444}","interstate":null,"interstate_a":null,"interstate_b":null,"interstate_c":null,"loaddate":1748519528000,"mtfcc_code":"S1400","name":"Pipevine St","objectid":37633332,"permanent_identifier":"fa9456bc-260f-4854-acba-c7432097bef6","real_world_relation":"REFERENCE_ONLY","shape_Length":254.51599925488995,"source_datadesc":"2024 September MAF/TIGER","source_datasetid":"{7AD8F908-E576-4667-ABBE-3F904F423D64}","source_featureid":"11033198906294","source_id":"REF-SACRAMENTO-LOCAL-ROADS","source_originator":"U.S. Department of Commerce, U.S. Census Bureau, Geography Division","state_route":null,"state_route_a":null,"state_route_b":null,"state_route_c":null,"stco_fipscode":"06067","tnmfrc":4,"us_route":null,"us_route_a":null,"us_route_b":null,"us_route_c":null},"type":"Feature"},{"geometry":{"coordinates":[[-121.482757,38.595405],[-121.481123,38.595526],[-121.48105,38.595529]],"type":"LineString"},"id":"REF-SACRAMENTO-LOCAL-ROADS-897","properties":{"canon_status":"REAL_REFERENCE","county_route":null,"federal_lands_route":null,"fictionality":"REAL","globalid":"{6869B623-3C39-45E6-A39E-6092E9837482}","interstate":null,"interstate_a":null,"interstate_b":null,"interstate_c":null,"loaddate":1748519528000,"mtfcc_code":"S1400","name":"Richards Blvd","objectid":37633333,"permanent_identifier":"e9f19780-fdec-4cf9-8f4f-070ca5999966","real_world_relation":"REFERENCE_ONLY","shape_Length":190.8482512679155,"source_datadesc":"2024 September MAF/TIGER","source_datasetid":"{7AD8F908-E576-4667-ABBE-3F904F423D64}","source_featureid":"110874105498","source_id":"REF-SACRAMENTO-LOCAL-ROADS","source_originator":"U.S. Department of Commerce, U.S. Census Bureau, Geography Division","state_route":null,"state_route_a":null,"state_route_b":null,"state_route_c":null,"stco_fipscode":"06067","tnmfrc":4,"us_route":null,"us_route_a":null,"us_route_b":null,"us_route_c":null},"type":"Feature"},{"geometry":{"coordinates":[[-121.485073,38.592803],[-121.484624,38.593843]],"type":"LineString"},"id":"REF-SACRAMENTO-LOCAL-ROADS-898","properties":{"canon_status":"REAL_REFERENCE","county_route":null,"federal_lands_route":null,"fictionality":"REAL","globalid":"{EE820C8F-3B5D-4403-ACC0-459253088DF8}","interstate":null,"interstate_a":null,"interstate_b":null,"interstate_c":null,"loaddate":1748519528000,"mtfcc_code":"S1400","name":"Dos Rios St","objectid":37633334,"permanent_identifier":"4de739d1-9e2a-47fc-9bc0-b089915f0a90","real_world_relation":"REFERENCE_ONLY","shape_Length":156.3632533421864,"source_datadesc":"2024 September MAF/TIGER","source_datasetid":"{7AD8F908-E576-4667-ABBE-3F904F423D64}","source_featureid":"110873972427","source_id":"REF-SACRAMENTO-LOCAL-ROADS","source_originator":"U.S. Department of Commerce, U.S. Census Bureau, Geography Division","state_route":null,"state_route_a":null,"state_route_b":null,"state_route_c":null,"stco_fipscode":"06067","tnmfrc":4,"us_route":null,"us_route_a":null,"us_route_b":null,"us_route_c":null},"type":"Feature"},{"geometry":{"coordinates":[[-121.484624,38.593843],[-121.483195,38.593461],[-121.483082,38.59341],[-121.482978,38.593345],[-121.482818,38.593233]],"type":"LineString"},"id":"REF-SACRAMENTO-LOCAL-ROADS-899","properties":{"canon_status":"REAL_REFERENCE","county_route":null,"federal_lands_route":null,"fictionality":"REAL","globalid":"{E9D58153-5823-4955-A6AF-45A1F6AF6873}","interstate":null,"interstate_a":null,"interstate_b":null,"interstate_c":null,"loaddate":1748519528000,"mtfcc_code":"S1400","name":"Swallowtail Ave","objectid":37633335,"permanent_identifier":"e72d073e-fe11-4624-906f-0f7a2b54b610","real_world_relation":"REFERENCE_ONLY","shape_Length":221.41218771587955,"source_datadesc":"2024 September MAF/TIGER","source_datasetid":"{7AD8F908-E576-4667-ABBE-3F904F423D64}","source_featureid":"11033198906272","source_id":"REF-SACRAMENTO-LOCAL-ROADS","source_originator":"U.S. Department of Commerce, U.S. Census Bureau, Geography Division","state_route":null,"state_route_a":null,"state_route_b":null,"state_route_c":null,"stco_fipscode":"06067","tnmfrc":4,"us_route":null,"us_route_a":null,"us_route_b":null,"us_route_c":null},"type":"Feature"},{"geometry":{"coordinates":[[-121.484624,38.593843],[-121.484283,38.594634]],"type":"LineString"},"id":"REF-SACRAMENTO-LOCAL-ROADS-900","properties":{"canon_status":"REAL_REFERENCE","county_route":null,"federal_lands_route":null,"fictionality":"REAL","globalid":"{E145DF60-5E39-4AD4-AF67-158FE41F519A}","interstate":null,"interstate_a":null,"interstate_b":null,"interstate_c":null,"loaddate":1748519528000,"mtfcc_code":"S1400","name":"Dos Rios St","objectid":37633336,"permanent_identifier":"7cc237c5-5721-487f-a489-67030f4210b4","real_world_relation":"REFERENCE_ONLY","shape_Length":118.84987259192025,"source_datadesc":"2024 September MAF/TIGER","source_datasetid":"{7AD8F908-E576-4667-ABBE-3F904F423D64}","source_featureid":"110873972427","source_id":"REF-SACRAMENTO-LOCAL-ROADS","source_originator":"U.S. Department of Commerce, U.S. Census Bureau, Geography Division","state_route":null,"state_route_a":null,"state_route_b":null,"state_route_c":null,"stco_fipscode":"06067","tnmfrc":4,"us_route":null,"us_route_a":null,"us_route_b":null,"us_route_c":null},"type":"Feature"},{"geometry":{"coordinates":[[-121.503887,38.589596],[-121.50384,38.589883],[-121.503768,38.590609],[-121.503818,38.591253],[-121.503809,38.591316]],"type":"LineString"},"id":"REF-SACRAMENTO-LOCAL-ROADS-901","properties":{"canon_status":"REAL_REFERENCE","county_route":null,"federal_lands_route":null,"fictionality":"REAL","globalid":"{D07CA199-0BD5-438F-BD36-84746149BD6F}","interstate":null,"interstate_a":null,"interstate_b":null,"interstate_c":null,"loaddate":1748519528000,"mtfcc_code":"S1400","name":"Bercut Dr","objectid":37634686,"permanent_identifier":"c18b7fc3-71df-4058-92e7-e6fae361eeca","real_world_relation":"REFERENCE_ONLY","shape_Length":245.81567614236235,"source_datadesc":"2024 September MAF/TIGER","source_datasetid":"{7AD8F908-E576-4667-ABBE-3F904F423D64}","source_featureid":"110873948086","source_id":"REF-SACRAMENTO-LOCAL-ROADS","source_originator":"U.S. Department of Commerce, U.S. Census Bureau, Geography Division","state_route":null,"state_route_a":null,"state_route_b":null,"state_route_c":null,"stco_fipscode":"06067","tnmfrc":4,"us_route":null,"us_route_a":null,"us_route_b":null,"us_route_c":null},"type":"Feature"},{"geometry":{"coordinates":[[-121.503809,38.591316],[-121.503618,38.591292],[-121.503284,38.591327],[-121.500666,38.591577],[-121.500428,38.591542],[-121.500071,38.591461],[-121.499803,38.591426],[-121.498992,38.591432],[-121.498315,38.591473],[-121.497319,38.591583]],"type":"LineString"},"id":"REF-SACRAMENTO-LOCAL-ROADS-902","properties":{"canon_status":"REAL_REFERENCE","county_route":null,"federal_lands_route":null,"fictionality":"REAL","globalid":"{5964C3D3-D210-4E5A-B235-23CE1A64B8F1}","interstate":null,"interstate_a":null,"interstate_b":null,"interstate_c":null,"loaddate":1748519528000,"mtfcc_code":"S1400","name":null,"objectid":37634687,"permanent_identifier":"04731a4d-cc8a-46ee-a708-e5c20c76303a","real_world_relation":"REFERENCE_ONLY","shape_Length":729.1020418249125,"source_datadesc":"2024 September MAF/TIGER","source_datasetid":"{7AD8F908-E576-4667-ABBE-3F904F423D64}","source_featureid":null,"source_id":"REF-SACRAMENTO-LOCAL-ROADS","source_originator":"U.S. Department of Commerce, U.S. Census Bureau, Geography Division","state_route":null,"state_route_a":null,"state_route_b":null,"state_route_c":null,"stco_fipscode":"06067","tnmfrc":4,"us_route":null,"us_route_a":null,"us_route_b":null,"us_route_c":null},"type":"Feature"},{"geometry":{"coordinates":[[-121.497541,38.590199],[-121.497557,38.590694],[-121.497527,38.590961],[-121.497475,38.591211],[-121.497319,38.591583]],"type":"LineString"},"id":"REF-SACRAMENTO-LOCAL-ROADS-903","properties":{"canon_status":"REAL_REFERENCE","county_route":null,"federal_lands_route":null,"fictionality":"REAL","globalid":"{44A0D9F4-6F59-4691-9FA1-36C5066483D5}","interstate":null,"interstate_a":null,"interstate_b":null,"interstate_c":null,"loaddate":1748519528000,"mtfcc_code":"S1400","name":null,"objectid":37634688,"permanent_identifier":"6c7223bc-33c8-44b0-ab31-8f476ada225d","real_world_relation":"REFERENCE_ONLY","shape_Length":200.56936413914042,"source_datadesc":"2024 September MAF/TIGER","source_datasetid":"{7AD8F908-E576-4667-ABBE-3F904F423D64}","source_featureid":null,"source_id":"REF-SACRAMENTO-LOCAL-ROADS","source_originator":"U.S. Department of Commerce, U.S. Census Bureau, Geography Division","state_route":null,"state_route_a":null,"state_route_b":null,"state_route_c":null,"stco_fipscode":"06067","tnmfrc":4,"us_route":null,"us_route_a":null,"us_route_b":null,"us_route_c":null},"type":"Feature"}],"type":"FeatureCollection"}
