{"features":[{"geometry":{"coordinates":[[-108.000749,41.65818],[-107.999665,41.658141],[-107.999285,41.658136],[-107.999093,41.658147],[-107.995625,41.658337],[-107.992879,41.658547],[-107.991242,41.658807],[-107.990417,41.658989],[-107.989733,41.659123],[-107.988116,41.659703],[-107.986663,41.660334],[-107.986427,41.660437],[-107.985705,41.660809],[-107.985514,41.660907],[-107.9855,41.660915],[-107.984825,41.661351],[-107.983794,41.662064],[-107.98174,41.663433],[-107.980829,41.664041],[-107.977156,41.66649],[-107.976156,41.667574]],"type":"LineString"},"id":"REF-WAMSUTTER-RAIL-1","properties":{"canon_status":"REAL_REFERENCE","fcode":20201,"fictionality":"REAL","globalid":"{838D1ED2-C4AA-4F37-B550-0E2211F19E53}","lengthkm":2.3465665899999997,"loaddate":1758113402000,"name":null,"objectid":921652,"permanent_identifier":"6e14aca8-7ad7-4daa-a2ca-f86b7fa3c724","railclassification":null,"railowner":"Union Pacific Railroad Company","railownercode":"UP","railsubdivision":null,"railusage":"O","real_world_relation":"REFERENCE_ONLY","shape_Length":3224.6348385382803,"source_datadesc":"FRA Rail Lines 07/2025","source_datasetid":"{14EEFC21-039C-4AB1-8866-0FA5FC6A7AEB}","source_featureid":"309739","source_id":"REF-WAMSUTTER-RAIL","source_originator":"Federal Railroad Administration"},"type":"Feature"},{"geometry":{"coordinates":[[-107.974191,41.67123],[-107.973429,41.670861],[-107.972532,41.670614],[-107.972319,41.670644],[-107.971788,41.670718]],"type":"LineString"},"id":"REF-WAMSUTTER-RAIL-2","properties":{"canon_status":"REAL_REFERENCE","fcode":20201,"fictionality":"REAL","globalid":"{B6891792-B562-4635-82E1-C6FB431B2B09}","lengthkm":0.20946847,"loaddate":1758113402000,"name":null,"objectid":921653,"permanent_identifier":"0c47b86a-953c-44b5-9781-cfec87d070b0","railclassification":null,"railowner":"Union Pacific Railroad Company","railownercode":"UP","railsubdivision":null,"railusage":"O","real_world_relation":"REFERENCE_ONLY","shape_Length":291.7658326959938,"source_datadesc":"FRA Rail Lines 07/2025","source_datasetid":"{14EEFC21-039C-4AB1-8866-0FA5FC6A7AEB}","source_featureid":"309741","source_id":"REF-WAMSUTTER-RAIL","source_originator":"Federal Railroad Administration"},"type":"Feature"},{"geometry":{"coordinates":[[-107.974951,41.668418],[-107.974191,41.669029]],"type":"LineString"},"id":"REF-WAMSUTTER-RAIL-3","properties":{"canon_status":"REAL_REFERENCE","fcode":20201,"fictionality":"REAL","globalid":"{52FA0E78-383B-45EB-B32B-FAA8C48C7065}","lengthkm":0.09352109,"loaddate":1758113402000,"name":null,"objectid":921654,"permanent_identifier":"d4e4dd78-4bde-45e5-8e15-60c653c33311","railclassification":null,"railowner":"Union Pacific Railroad Company","railownercode":"UP","railsubdivision":null,"railusage":"O","real_world_relation":"REFERENCE_ONLY","shape_Length":124.25834242468268,"source_datadesc":"FRA Rail Lines 07/2025","source_datasetid":"{14EEFC21-039C-4AB1-8866-0FA5FC6A7AEB}","source_featureid":"309744","source_id":"REF-WAMSUTTER-RAIL","source_originator":"Federal Railroad Administration"},"type":"Feature"},{"geometry":{"coordinates":[[-107.551284,41.735061],[-107.550397,41.735282],[-107.549324,41.735491],[-107.548267,41.735697],[-107.546453,41.736051],[-107.539043,41.737519],[-107.531772,41.73897],[-107.529331,41.73943],[-107.527902,41.739662]],"type":"LineString"},"id":"REF-WAMSUTTER-RAIL-4","properties":{"canon_status":"REAL_REFERENCE","fcode":20201,"fictionality":"REAL","globalid":"{D4C3D6D6-2A8E-453D-A452-23CFD203DB22}","lengthkm":1.9082007799999998,"loaddate":1758113402000,"name":null,"objectid":921655,"permanent_identifier":"b585278b-cb52-466a-9e36-d827a55b540a","railclassification":null,"railowner":"Union Pacific Railroad Company","railownercode":"UP","railsubdivision":null,"railusage":"O","real_world_relation":"REFERENCE_ONLY","shape_Length":2692.1886904523326,"source_datadesc":"FRA Rail Lines 07/2025","source_datasetid":"{14EEFC21-039C-4AB1-8866-0FA5FC6A7AEB}","source_featureid":"309750","source_id":"REF-WAMSUTTER-RAIL","source_originator":"Federal Railroad Administration"},"type":"Feature"},{"geometry":{"coordinates":[[-107.096339,41.778128],[-107.090574,41.778325],[-107.090094,41.778334],[-107.089765,41.778341],[-107.088252,41.778373],[-107.084187,41.778457],[-107.081002,41.778541],[-107.067251,41.778908],[-107.036532,41.779727],[-107.032931,41.779823],[-107.032202,41.779843],[-107.027532,41.779967],[-107.009301,41.780453],[-107.005265,41.780561],[-107.002371,41.780638],[-106.999198,41.780722],[-106.998205,41.780749],[-106.997481,41.780768],[-106.996008,41.780808],[-106.99542,41.780795],[-106.994807,41.780783],[-106.99424,41.780759],[-106.989014,41.780539],[-106.982738,41.780276],[-106.981149,41.780208],[-106.9781,41.78008],[-106.973633,41.779891],[-106.972917,41.779861],[-106.97276,41.779851],[-106.972152,41.779814],[-106.97168,41.779786],[-106.971444,41.779772],[-106.970024,41.779631],[-106.969904,41.779614],[-106.969486,41.779557],[-106.968932,41.779482],[-106.968841,41.779467],[-106.968257,41.77937],[-106.958908,41.777826],[-106.95859,41.777774],[-106.958137,41.777718],[-106.957079,41.777588],[-106.956847,41.77757],[-106.956507,41.777544],[-106.955326,41.777456],[-106.955219,41.777452],[-106.954129,41.777418],[-106.95392,41.777416],[-106.950731,41.777394],[-106.946601,41.777365],[-106.945441,41.777363],[-106.944201,41.777362],[-106.937385,41.777355],[-106.931311,41.777348],[-106.930201,41.777347],[-106.927162,41.777344],[-106.926639,41.77732],[-106.926296,41.777305],[-106.925689,41.777278],[-106.925623,41.777275],[-106.925089,41.777219],[-106.924889,41.777198],[-106.924634,41.777159],[-106.924001,41.777064],[-106.923355,41.776933],[-106.923096,41.776881],[-106.922346,41.776687],[-106.922164,41.77664],[-106.921353,41.776381],[-106.921298,41.776364],[-106.92063,41.776113],[-106.9203,41.775971],[-106.919855,41.775779],[-106.919495,41.775599],[-106.919047,41.775375],[-106.918925,41.775304],[-106.918368,41.774979],[-106.91826,41.774917],[-106.91775,41.774573],[-106.9176,41.774472],[-106.917509,41.774411],[-106.917451,41.774369],[-106.916291,41.773528],[-106.911872,41.770326],[-106.910545,41.769365],[-106.909524,41.768625],[-106.908585,41.767979],[-106.908428,41.767886],[-106.907779,41.767504],[-106.907771,41.7675],[-106.9069,41.767069],[-106.90671,41.766975],[-106.906403,41.766849],[-106.906183,41.766759],[-106.905832,41.766615],[-106.905675,41.766561],[-106.905445,41.766482],[-106.90489,41.766292],[-106.904683,41.766236],[-106.903833,41.766006],[-106.903793,41.765996],[-106.903674,41.765964],[-106.903645,41.765958],[-106.903103,41.765856],[-106.902307,41.765706],[-106.902297,41.765704],[-106.899738,41.765399],[-106.896863,41.765057],[-106.894416,41.764765],[-106.89227,41.76451],[-106.891455,41.764413],[-106.89141,41.764406],[-106.89094,41.764334],[-106.890663,41.764292],[-106.890496,41.764267],[-106.890136,41.764189],[-106.889375,41.764024],[-106.889303,41.764009],[-106.88818,41.76368],[-106.888133,41.763667],[-106.887761,41.763527],[-106.887423,41.763401],[-106.887135,41.763293],[-106.886992,41.76324],[-106.886939,41.763215],[-106.886794,41.763149],[-106.88618,41.762868],[-106.886076,41.762816],[-106.885091,41.762332],[-106.883264,41.761433],[-106.883068,41.761346],[-106.882253,41.760985],[-106.882251,41.760984],[-106.881173,41.760619],[-106.881093,41.760592],[-106.880053,41.760348],[-106.879918,41.760317],[-106.878215,41.760022],[-106.876767,41.759771],[-106.875867,41.759616],[-106.874567,41.759391],[-106.87108,41.758787],[-106.871021,41.758777],[-106.870933,41.758762],[-106.869873,41.758579],[-106.868956,41.758434],[-106.868911,41.758427],[-106.8689,41.758425],[-106.868382,41.758344],[-106.867784,41.758287],[-106.86762,41.758271],[-106.867481,41.758258],[-106.867213,41.758233],[-106.866809,41.758217],[-106.866331,41.758199],[-106.866311,41.758199],[-106.865533,41.758212],[-106.865142,41.758219],[-106.865,41.758229],[-106.864782,41.758246],[-106.864186,41.758292],[-106.863375,41.758396],[-106.857766,41.759119],[-106.85761,41.759139],[-106.857078,41.759207],[-106.854539,41.759535],[-106.853583,41.759658],[-106.850416,41.760066],[-106.845519,41.760697],[-106.840984,41.761281],[-106.837791,41.761693]],"type":"LineString"},"id":"REF-WAMSUTTER-RAIL-5","properties":{"canon_status":"REAL_REFERENCE","fcode":20200,"fictionality":"REAL","globalid":"{2428D076-FE8F-42CD-AFC8-FBC16508DFD3}","lengthkm":20.976235889999998,"loaddate":1758113402000,"name":null,"objectid":933363,"permanent_identifier":"5feb8277-20e4-485b-9a0b-f03b1adb4efe","railclassification":null,"railowner":"Union Pacific Railroad Company","railownercode":"UP","railsubdivision":"LARAMIE","railusage":"M","real_world_relation":"REFERENCE_ONLY","shape_Length":29660.329352832985,"source_datadesc":"FRA Rail Lines 07/2025","source_datasetid":"{14EEFC21-039C-4AB1-8866-0FA5FC6A7AEB}","source_featureid":"309532","source_id":"REF-WAMSUTTER-RAIL","source_originator":"Federal Railroad Administration"},"type":"Feature"},{"geometry":{"coordinates":[[-107.215327,41.789674],[-107.215249,41.789676],[-107.214814,41.789663],[-107.214275,41.789648],[-107.213866,41.78962],[-107.213165,41.789574],[-107.212728,41.789526],[-107.211996,41.789447],[-107.211093,41.789313],[-107.211026,41.789304],[-107.209963,41.789104],[-107.209089,41.788901],[-107.208766,41.788827],[-107.207186,41.788385],[-107.207011,41.788336],[-107.20626,41.788126],[-107.204343,41.787518],[-107.204158,41.78746],[-107.203992,41.787416],[-107.201782,41.786833],[-107.201332,41.786715],[-107.200203,41.786394],[-107.195231,41.784982],[-107.194834,41.784883],[-107.194773,41.784868],[-107.193697,41.784601],[-107.192305,41.784324]],"type":"LineString"},"id":"REF-WAMSUTTER-RAIL-6","properties":{"canon_status":"REAL_REFERENCE","fcode":20200,"fictionality":"REAL","globalid":"{D1FEF5C2-9787-4CBE-BEC5-295EABE05EA6}","lengthkm":1.9183188599999998,"loaddate":1758113402000,"name":null,"objectid":933369,"permanent_identifier":"9d21b8ca-fb8f-4bff-85cb-8ab880adf042","railclassification":null,"railowner":"Union Pacific Railroad Company","railownercode":"UP","railsubdivision":"LARAMIE","railusage":"M","real_world_relation":"REFERENCE_ONLY","shape_Length":2697.3857263268937,"source_datadesc":"FRA Rail Lines 07/2025","source_datasetid":"{14EEFC21-039C-4AB1-8866-0FA5FC6A7AEB}","source_featureid":"309673","source_id":"REF-WAMSUTTER-RAIL","source_originator":"Federal Railroad Administration"},"type":"Feature"},{"geometry":{"coordinates":[[-108.321264,41.629028],[-108.321095,41.629064],[-108.321035,41.629076],[-108.320249,41.629242],[-108.319572,41.629353],[-108.319073,41.629434],[-108.318906,41.629461],[-108.318802,41.629478],[-108.318401,41.629505],[-108.317839,41.629543],[-108.3178,41.629546],[-108.317673,41.629554],[-108.317647,41.629556],[-108.317608,41.629558],[-108.31748,41.629555],[-108.317424,41.629554],[-108.317378,41.629553],[-108.316872,41.629542],[-108.31682,41.62954],[-108.316731,41.629538],[-108.316625,41.629536],[-108.316385,41.62953],[-108.31523,41.629401],[-108.3152,41.629397],[-108.314312,41.629236],[-108.313994,41.629171],[-108.313922,41.629156],[-108.311752,41.628707],[-108.309931,41.628331],[-108.30473,41.627257],[-108.303843,41.627073],[-108.302703,41.626838],[-108.300567,41.626396],[-108.30028,41.626342],[-108.299997,41.626288],[-108.299895,41.626268],[-108.299621,41.626216],[-108.299104,41.626117],[-108.298711,41.626067],[-108.298272,41.626011],[-108.297457,41.625906],[-108.297283,41.625883],[-108.297191,41.625877],[-108.296939,41.625858],[-108.295654,41.625763],[-108.292153,41.625503],[-108.292045,41.625491],[-108.291854,41.625469],[-108.290037,41.625261],[-108.289934,41.625244],[-108.28931,41.625136],[-108.28884,41.625055],[-108.287623,41.6248],[-108.286292,41.624489],[-108.286271,41.624484],[-108.285519,41.624308],[-108.285432,41.624288],[-108.278789,41.622734],[-108.278156,41.622602],[-108.277873,41.622543],[-108.277837,41.622538],[-108.276915,41.622403],[-108.276843,41.622398],[-108.27681,41.622395]],"type":"LineString"},"id":"REF-WAMSUTTER-RAIL-7","properties":{"canon_status":"REAL_REFERENCE","fcode":20200,"fictionality":"REAL","globalid":"{2532674F-B05B-4791-9E46-9F54CE56B72C}","lengthkm":3.61296319,"loaddate":1758113402000,"name":null,"objectid":933372,"permanent_identifier":"1d5c62b5-b963-481f-af38-062d1eaf3272","railclassification":null,"railowner":"Union Pacific Railroad Company","railownercode":"UP","railsubdivision":"RAWLINS","railusage":"M","real_world_relation":"REFERENCE_ONLY","shape_Length":5094.520108908793,"source_datadesc":"FRA Rail Lines 07/2025","source_datasetid":"{14EEFC21-039C-4AB1-8866-0FA5FC6A7AEB}","source_featureid":"309813","source_id":"REF-WAMSUTTER-RAIL","source_originator":"Federal Railroad Administration"},"type":"Feature"},{"geometry":{"coordinates":[[-107.110424,41.778074],[-107.10881,41.778143],[-107.107945,41.77818],[-107.101782,41.778322],[-107.100859,41.778497],[-107.100427,41.778509],[-107.100131,41.778517],[-107.099498,41.778496]],"type":"LineString"},"id":"REF-WAMSUTTER-RAIL-8","properties":{"canon_status":"REAL_REFERENCE","fcode":20201,"fictionality":"REAL","globalid":"{00A1FC41-059D-4EBE-A2D4-CBF0E77A90D2}","lengthkm":0.85777096,"loaddate":1758113402000,"name":null,"objectid":935942,"permanent_identifier":"3b74072c-d351-418b-978d-e0c440763fc1","railclassification":null,"railowner":"Union Pacific Railroad Company","railownercode":"UP","railsubdivision":null,"railusage":"O","real_world_relation":"REFERENCE_ONLY","shape_Length":1220.495285838343,"source_datadesc":"FRA Rail Lines 07/2025","source_datasetid":"{14EEFC21-039C-4AB1-8866-0FA5FC6A7AEB}","source_featureid":"308817","source_id":"REF-WAMSUTTER-RAIL","source_originator":"Federal Railroad Administration"},"type":"Feature"},{"geometry":{"coordinates":[[-107.112586,41.777688],[-107.111893,41.777784]],"type":"LineString"},"id":"REF-WAMSUTTER-RAIL-9","properties":{"canon_status":"REAL_REFERENCE","fcode":20201,"fictionality":"REAL","globalid":"{AAA419AA-2DAF-4E94-B357-416220D6B7AE}","lengthkm":0.05531266,"loaddate":1758113402000,"name":null,"objectid":935943,"permanent_identifier":"4f655e45-4547-4d4c-9b6b-cd58f28cf455","railclassification":null,"railowner":"Union Pacific Railroad Company","railownercode":"UP","railsubdivision":null,"railusage":"O","real_world_relation":"REFERENCE_ONLY","shape_Length":78.42531769994181,"source_datadesc":"FRA Rail Lines 07/2025","source_datasetid":"{14EEFC21-039C-4AB1-8866-0FA5FC6A7AEB}","source_featureid":"308818","source_id":"REF-WAMSUTTER-RAIL","source_originator":"Federal Railroad Administration"},"type":"Feature"},{"geometry":{"coordinates":[[-107.251336,41.783445],[-107.249676,41.783971],[-107.248188,41.784421],[-107.246238,41.784883],[-107.24237,41.785748],[-107.240835,41.786079],[-107.238034,41.786724]],"type":"LineString"},"id":"REF-WAMSUTTER-RAIL-10","properties":{"canon_status":"REAL_REFERENCE","fcode":20201,"fictionality":"REAL","globalid":"{48A8EF56-EA47-4ACF-B2AC-38ACD47E9B45}","lengthkm":1.1107063,"loaddate":1758113402000,"name":"RAWLINS YARD","objectid":935990,"permanent_identifier":"19095cb5-48ab-4ad9-8756-b2325b1cc603","railclassification":null,"railowner":"Union Pacific Railroad Company","railownercode":"UP","railsubdivision":null,"railusage":"O","real_world_relation":"REFERENCE_ONLY","shape_Length":1561.0575143694614,"source_datadesc":"FRA Rail Lines 07/2025","source_datasetid":"{14EEFC21-039C-4AB1-8866-0FA5FC6A7AEB}","source_featureid":"309752","source_id":"REF-WAMSUTTER-RAIL","source_originator":"Federal Railroad Administration"},"type":"Feature"},{"geometry":{"coordinates":[[-107.213253,41.78935],[-107.213115,41.789352],[-107.21125,41.789176],[-107.20967,41.788895],[-107.209647,41.788891],[-107.207508,41.788424],[-107.204437,41.787493],[-107.202355,41.786873]],"type":"LineString"},"id":"REF-WAMSUTTER-RAIL-11","properties":{"canon_status":"REAL_REFERENCE","fcode":20201,"fictionality":"REAL","globalid":"{10215EA4-C289-4ABD-B251-80058CA53BE4}","lengthkm":0.90619128,"loaddate":1758113402000,"name":"RAWLINS YARD","objectid":935991,"permanent_identifier":"3487f7a8-dfd5-4835-b62e-7f4f5c95dbc0","railclassification":null,"railowner":"Union Pacific Railroad Company","railownercode":"UP","railsubdivision":null,"railusage":"O","real_world_relation":"REFERENCE_ONLY","shape_Length":1274.7521593279378,"source_datadesc":"FRA Rail Lines 07/2025","source_datasetid":"{14EEFC21-039C-4AB1-8866-0FA5FC6A7AEB}","source_featureid":"309761","source_id":"REF-WAMSUTTER-RAIL","source_originator":"Federal Railroad Administration"},"type":"Feature"},{"geometry":{"coordinates":[[-107.213253,41.78935],[-107.214507,41.789256]],"type":"LineString"},"id":"REF-WAMSUTTER-RAIL-12","properties":{"canon_status":"REAL_REFERENCE","fcode":20201,"fictionality":"REAL","globalid":"{C3B32321-A5C4-499C-9A02-388BC3AFC7C4}","lengthkm":0.09862248000000001,"loaddate":1758113402000,"name":"RAWLINS YARD","objectid":936689,"permanent_identifier":"ed322f37-919a-4b34-82e2-2da4f36fe1e3","railclassification":null,"railowner":"Union Pacific Railroad Company","railownercode":"UP","railsubdivision":null,"railusage":"O","real_world_relation":"REFERENCE_ONLY","shape_Length":140.2906957590591,"source_datadesc":"FRA Rail Lines 07/2025","source_datasetid":"{14EEFC21-039C-4AB1-8866-0FA5FC6A7AEB}","source_featureid":"321478","source_id":"REF-WAMSUTTER-RAIL","source_originator":"Federal Railroad Administration"},"type":"Feature"},{"geometry":{"coordinates":[[-107.240584,41.785698],[-107.238741,41.786216],[-107.238068,41.786406],[-107.237568,41.786596],[-107.236586,41.786969]],"type":"LineString"},"id":"REF-WAMSUTTER-RAIL-13","properties":{"canon_status":"REAL_REFERENCE","fcode":20201,"fictionality":"REAL","globalid":"{2BB80531-DDA1-4A97-93B7-5FD70F264158}","lengthkm":0.34728947,"loaddate":1758113402000,"name":"RAWLINS YARD","objectid":936721,"permanent_identifier":"a7bec792-8949-420b-8432-62a60e84cd13","railclassification":null,"railowner":"Union Pacific Railroad Company","railownercode":"UP","railsubdivision":null,"railusage":"O","real_world_relation":"REFERENCE_ONLY","shape_Length":484.5720682771677,"source_datadesc":"FRA Rail Lines 07/2025","source_datasetid":"{14EEFC21-039C-4AB1-8866-0FA5FC6A7AEB}","source_featureid":"322044","source_id":"REF-WAMSUTTER-RAIL","source_originator":"Federal Railroad Administration"},"type":"Feature"},{"geometry":{"coordinates":[[-107.551284,41.735061],[-107.548216,41.735665],[-107.546931,41.735918],[-107.546875,41.735929],[-107.546466,41.736009],[-107.531577,41.738939],[-107.531425,41.738969],[-107.529356,41.739376],[-107.527902,41.739662]],"type":"LineString"},"id":"REF-WAMSUTTER-RAIL-14","properties":{"canon_status":"REAL_REFERENCE","fcode":20200,"fictionality":"REAL","globalid":"{B3B3E938-23D6-4887-9BFA-32B9E272A239}","lengthkm":1.9078639499999999,"loaddate":1758113402000,"name":null,"objectid":947784,"permanent_identifier":"232590ad-1c96-4f53-be82-6d3c3b2b631d","railclassification":null,"railowner":"Union Pacific Railroad Company","railownercode":"UP","railsubdivision":"RAWLINS","railusage":"M","real_world_relation":"REFERENCE_ONLY","shape_Length":2691.799262994588,"source_datadesc":"FRA Rail Lines 07/2025","source_datasetid":"{14EEFC21-039C-4AB1-8866-0FA5FC6A7AEB}","source_featureid":"309490","source_id":"REF-WAMSUTTER-RAIL","source_originator":"Federal Railroad Administration"},"type":"Feature"},{"geometry":{"coordinates":[[-107.553067,41.734711],[-107.551284,41.735061]],"type":"LineString"},"id":"REF-WAMSUTTER-RAIL-15","properties":{"canon_status":"REAL_REFERENCE","fcode":20200,"fictionality":"REAL","globalid":"{5D18CA38-3F62-47BB-9A1E-46373E3ACB40}","lengthkm":0.14547086,"loaddate":1758113402000,"name":null,"objectid":947785,"permanent_identifier":"85beaebe-2403-4620-b6ee-67bc532ff3db","railclassification":null,"railowner":"Union Pacific Railroad Company","railownercode":"UP","railsubdivision":"RAWLINS","railusage":"M","real_world_relation":"REFERENCE_ONLY","shape_Length":205.23642108082151,"source_datadesc":"FRA Rail Lines 07/2025","source_datasetid":"{14EEFC21-039C-4AB1-8866-0FA5FC6A7AEB}","source_featureid":"309491","source_id":"REF-WAMSUTTER-RAIL","source_originator":"Federal Railroad Administration"},"type":"Feature"},{"geometry":{"coordinates":[[-107.974951,41.668418],[-107.974686,41.668603],[-107.972563,41.670089],[-107.97252,41.670119],[-107.971793,41.670629]],"type":"LineString"},"id":"REF-WAMSUTTER-RAIL-16","properties":{"canon_status":"REAL_REFERENCE","fcode":20200,"fictionality":"REAL","globalid":"{39A69F2C-F8C0-4CAD-85F0-66D671D6C639}","lengthkm":0.35963542000000004,"loaddate":1758113402000,"name":null,"objectid":947787,"permanent_identifier":"bc0a11f3-b53d-4dcd-92c3-8ef5d33db549","railclassification":null,"railowner":"Union Pacific Railroad Company","railownercode":"UP","railsubdivision":"RAWLINS","railusage":"M","real_world_relation":"REFERENCE_ONLY","shape_Length":481.77852952444437,"source_datadesc":"FRA Rail Lines 07/2025","source_datasetid":"{14EEFC21-039C-4AB1-8866-0FA5FC6A7AEB}","source_featureid":"309594","source_id":"REF-WAMSUTTER-RAIL","source_originator":"Federal Railroad Administration"},"type":"Feature"},{"geometry":{"coordinates":[[-106.793668,41.811735],[-106.78546,41.814132],[-106.785399,41.814154],[-106.784438,41.814499],[-106.783385,41.814942],[-106.783376,41.814947],[-106.782804,41.815225],[-106.782678,41.815286],[-106.782518,41.815365],[-106.782156,41.815563],[-106.781725,41.815799],[-106.781455,41.815968],[-106.780827,41.81636],[-106.780699,41.816441],[-106.780263,41.816758],[-106.780049,41.816913],[-106.77976,41.817124],[-106.779412,41.817412],[-106.779069,41.817697],[-106.779032,41.817731],[-106.778461,41.818271],[-106.778266,41.818456],[-106.777927,41.81882],[-106.777729,41.819034],[-106.777217,41.819653],[-106.776601,41.820459],[-106.775039,41.822504],[-106.774921,41.822657],[-106.774893,41.822695],[-106.774743,41.822891],[-106.774716,41.822926],[-106.774596,41.823084],[-106.774036,41.823694],[-106.773919,41.823796],[-106.773622,41.824058],[-106.773357,41.824291],[-106.773227,41.824385],[-106.772315,41.825046],[-106.771084,41.825892],[-106.76505,41.830042],[-106.76503,41.830053],[-106.764375,41.830435],[-106.764048,41.830626],[-106.763718,41.830791],[-106.763238,41.831033],[-106.763029,41.831124],[-106.7624,41.8314],[-106.761752,41.831645],[-106.761629,41.831692],[-106.761546,41.831723],[-106.76154,41.831726],[-106.761498,41.831738],[-106.76076,41.831962],[-106.760653,41.831995],[-106.760384,41.832076],[-106.760257,41.832115],[-106.760226,41.832124],[-106.760072,41.832171],[-106.759978,41.8322],[-106.759152,41.832394],[-106.759071,41.832409],[-106.758883,41.832444],[-106.758686,41.832481],[-106.758213,41.83257],[-106.757582,41.832659],[-106.757574,41.83266],[-106.757293,41.8327],[-106.757191,41.832709],[-106.756363,41.832788],[-106.755901,41.83281],[-106.755387,41.832835],[-106.754831,41.832837],[-106.754449,41.832839],[-106.75343,41.83279],[-106.753229,41.832781],[-106.752226,41.832673],[-106.752151,41.832665],[-106.752116,41.832661],[-106.751998,41.832649],[-106.751941,41.83264],[-106.751632,41.832591],[-106.75021,41.832369],[-106.750001,41.832336],[-106.749831,41.832309],[-106.744333,41.831449],[-106.743947,41.831395],[-106.743207,41.831293],[-106.74319,41.831291],[-106.742018,41.831213],[-106.741716,41.831193],[-106.741441,41.831194],[-106.740844,41.831198],[-106.740112,41.831241],[-106.739961,41.831251],[-106.739013,41.831375],[-106.738866,41.831395],[-106.73868,41.831419],[-106.738517,41.831441],[-106.737719,41.831623],[-106.737105,41.831763],[-106.737066,41.831774],[-106.7363,41.832006],[-106.736106,41.832065],[-106.734612,41.832548],[-106.73444,41.832603],[-106.729734,41.834126],[-106.728751,41.834444],[-106.726279,41.835243],[-106.725774,41.835407],[-106.725717,41.835422],[-106.725341,41.835524],[-106.724739,41.835687],[-106.723829,41.835893],[-106.723658,41.835932],[-106.722723,41.836107],[-106.722317,41.836167],[-106.721656,41.836266],[-106.721495,41.836281],[-106.719935,41.836433],[-106.719812,41.836437],[-106.718163,41.836496],[-106.718151,41.836496],[-106.717845,41.836495]],"type":"LineString"},"id":"REF-WAMSUTTER-RAIL-17","properties":{"canon_status":"REAL_REFERENCE","fcode":20200,"fictionality":"REAL","globalid":"{CA5ABBFC-5CCB-4BBB-96BD-7B9D18275F80}","lengthkm":7.11926085,"loaddate":1758113402000,"name":null,"objectid":947788,"permanent_identifier":"24ab2e0c-121b-470c-b624-cd75677a1ee0","railclassification":null,"railowner":"Union Pacific Railroad Company","railownercode":"UP","railsubdivision":"LARAMIE","railusage":"M","real_world_relation":"REFERENCE_ONLY","shape_Length":9835.164112720835,"source_datadesc":"FRA Rail Lines 07/2025","source_datasetid":"{14EEFC21-039C-4AB1-8866-0FA5FC6A7AEB}","source_featureid":"309626","source_id":"REF-WAMSUTTER-RAIL","source_originator":"Federal Railroad Administration"},"type":"Feature"},{"geometry":{"coordinates":[[-107.974191,41.669029],[-107.971788,41.670718]],"type":"LineString"},"id":"REF-WAMSUTTER-RAIL-18","properties":{"canon_status":"REAL_REFERENCE","fcode":20201,"fictionality":"REAL","globalid":"{45443305-DD3E-4C71-BA4F-F32928E66670}","lengthkm":0.274293,"loaddate":1758113402000,"name":null,"objectid":950454,"permanent_identifier":"6dd61eec-8682-46d3-a303-805ac9cb3056","railclassification":null,"railowner":"Union Pacific Railroad Company","railownercode":"UP","railsubdivision":null,"railusage":"O","real_world_relation":"REFERENCE_ONLY","shape_Length":367.36539986856815,"source_datadesc":"FRA Rail Lines 07/2025","source_datasetid":"{14EEFC21-039C-4AB1-8866-0FA5FC6A7AEB}","source_featureid":"309743","source_id":"REF-WAMSUTTER-RAIL","source_originator":"Federal Railroad Administration"},"type":"Feature"},{"geometry":{"coordinates":[[-107.098104,41.778274],[-107.097571,41.778232],[-107.096339,41.778128]],"type":"LineString"},"id":"REF-WAMSUTTER-RAIL-19","properties":{"canon_status":"REAL_REFERENCE","fcode":20201,"fictionality":"REAL","globalid":"{76945936-8AA4-4BA6-A0EE-17E0CE434105}","lengthkm":0.13900718,"loaddate":1758113402000,"name":null,"objectid":950469,"permanent_identifier":"11dcd031-1586-4c05-ac55-9f3e9269fb2b","railclassification":null,"railowner":"Union Pacific Railroad Company","railownercode":"UP","railsubdivision":null,"railusage":"O","real_world_relation":"REFERENCE_ONLY","shape_Length":197.6427949674118,"source_datadesc":"FRA Rail Lines 07/2025","source_datasetid":"{14EEFC21-039C-4AB1-8866-0FA5FC6A7AEB}","source_featureid":"310047","source_id":"REF-WAMSUTTER-RAIL","source_originator":"Federal Railroad Administration"},"type":"Feature"},{"geometry":{"coordinates":[[-106.803189,41.953992],[-106.803141,41.954073],[-106.802468,41.955198],[-106.802409,41.955294],[-106.802133,41.955741],[-106.801935,41.956064],[-106.801552,41.95665]],"type":"LineString"},"id":"REF-WAMSUTTER-RAIL-20","properties":{"canon_status":"REAL_REFERENCE","fcode":20200,"fictionality":"REAL","globalid":"{2196EA03-CF0E-4B7D-A1F1-200CA7270069}","lengthkm":0.33902243000000004,"loaddate":1758113402000,"name":null,"objectid":950471,"permanent_identifier":"73166c08-9731-4e80-8beb-8a4521fdaab4","railclassification":null,"railowner":"Union Pacific Railroad Company","railownercode":"UP","railsubdivision":null,"railusage":"X","real_world_relation":"REFERENCE_ONLY","shape_Length":437.70173542147893,"source_datadesc":"FRA Rail Lines 07/2025","source_datasetid":"{14EEFC21-039C-4AB1-8866-0FA5FC6A7AEB}","source_featureid":"310065","source_id":"REF-WAMSUTTER-RAIL","source_originator":"Federal Railroad Administration"},"type":"Feature"},{"geometry":{"coordinates":[[-107.526956,41.739848],[-107.52654,41.73993],[-107.522843,41.740658],[-107.521298,41.740962],[-107.508803,41.74342],[-107.50775,41.743627],[-107.507253,41.743746],[-107.506249,41.743984],[-107.505493,41.744178],[-107.505482,41.74418]],"type":"LineString"},"id":"REF-WAMSUTTER-RAIL-21","properties":{"canon_status":"REAL_REFERENCE","fcode":20200,"fictionality":"REAL","globalid":"{D38F3C41-376F-4A97-A1F5-BEF4B8CA1313}","lengthkm":1.75608514,"loaddate":1758113402000,"name":null,"objectid":962122,"permanent_identifier":"b38b76e6-3ea6-4a1e-9feb-27d7281290a1","railclassification":null,"railowner":"Union Pacific Railroad Company","railownercode":"UP","railsubdivision":"RAWLINS","railusage":"M","real_world_relation":"REFERENCE_ONLY","shape_Length":2476.725375018493,"source_datadesc":"FRA Rail Lines 07/2025","source_datasetid":"{14EEFC21-039C-4AB1-8866-0FA5FC6A7AEB}","source_featureid":"309474","source_id":"REF-WAMSUTTER-RAIL","source_originator":"Federal Railroad Administration"},"type":"Feature"},{"geometry":{"coordinates":[[-106.717845,41.836495],[-106.704591,41.836492]],"type":"LineString"},"id":"REF-WAMSUTTER-RAIL-22","properties":{"canon_status":"REAL_REFERENCE","fcode":20200,"fictionality":"REAL","globalid":"{7532FF1A-B274-49C5-AE94-7E3E8ABC6509}","lengthkm":1.0349967,"loaddate":1758113402000,"name":null,"objectid":962126,"permanent_identifier":"f4ec3b36-a32e-4d1e-a282-5a9eed577edf","railclassification":null,"railowner":"Union Pacific Railroad Company","railownercode":"UP","railsubdivision":"LARAMIE","railusage":"M","real_world_relation":"REFERENCE_ONLY","shape_Length":1475.3728723043162,"source_datadesc":"FRA Rail Lines 07/2025","source_datasetid":"{14EEFC21-039C-4AB1-8866-0FA5FC6A7AEB}","source_featureid":"309638","source_id":"REF-WAMSUTTER-RAIL","source_originator":"Federal Railroad Administration"},"type":"Feature"},{"geometry":{"coordinates":[[-107.237365,41.78703],[-107.234286,41.787724],[-107.232463,41.788091],[-107.231723,41.78824]],"type":"LineString"},"id":"REF-WAMSUTTER-RAIL-23","properties":{"canon_status":"REAL_REFERENCE","fcode":20200,"fictionality":"REAL","globalid":"{CEA0EF5E-95EC-4A06-845E-D35E9488A886}","lengthkm":0.46355988000000004,"loaddate":1758113402000,"name":null,"objectid":962131,"permanent_identifier":"84478342-649c-45e9-a4d3-14549c7783ef","railclassification":null,"railowner":"Union Pacific Railroad Company","railownercode":"UP","railsubdivision":"LARAMIE","railusage":"M","real_world_relation":"REFERENCE_ONLY","shape_Length":653.5582781427851,"source_datadesc":"FRA Rail Lines 07/2025","source_datasetid":"{14EEFC21-039C-4AB1-8866-0FA5FC6A7AEB}","source_featureid":"309676","source_id":"REF-WAMSUTTER-RAIL","source_originator":"Federal Railroad Administration"},"type":"Feature"},{"geometry":{"coordinates":[[-107.231723,41.78824],[-107.230953,41.788395],[-107.230836,41.788418],[-107.230755,41.788435],[-107.230614,41.788457],[-107.230457,41.788483]],"type":"LineString"},"id":"REF-WAMSUTTER-RAIL-24","properties":{"canon_status":"REAL_REFERENCE","fcode":20200,"fictionality":"REAL","globalid":"{5A07D4C2-727D-4972-9D71-510C54038032}","lengthkm":0.10307208000000001,"loaddate":1758113402000,"name":null,"objectid":962132,"permanent_identifier":"cc60d76a-fdda-443a-9c02-5ebcce36d185","railclassification":null,"railowner":"Union Pacific Railroad Company","railownercode":"UP","railsubdivision":"LARAMIE","railusage":"M","real_world_relation":"REFERENCE_ONLY","shape_Length":145.5865347672351,"source_datadesc":"FRA Rail Lines 07/2025","source_datasetid":"{14EEFC21-039C-4AB1-8866-0FA5FC6A7AEB}","source_featureid":"309677","source_id":"REF-WAMSUTTER-RAIL","source_originator":"Federal Railroad Administration"},"type":"Feature"},{"geometry":{"coordinates":[[-108.27681,41.622395],[-108.276625,41.622381],[-108.276254,41.622353],[-108.276185,41.622347],[-108.275538,41.622321],[-108.275472,41.622319],[-108.275193,41.622322],[-108.274998,41.622324],[-108.27498,41.622324],[-108.274825,41.622334],[-108.274211,41.622371],[-108.274033,41.622381],[-108.27355,41.622439],[-108.273367,41.62246],[-108.272715,41.622575],[-108.272469,41.622618],[-108.2722,41.622684],[-108.271864,41.622766],[-108.271272,41.622932],[-108.27102,41.623025],[-108.270551,41.623198],[-108.270081,41.62337],[-108.270068,41.623376],[-108.269585,41.623596],[-108.269425,41.623681],[-108.268832,41.623996],[-108.268742,41.624054],[-108.268138,41.624439],[-108.267894,41.624595],[-108.265756,41.626104],[-108.263701,41.627553],[-108.263452,41.627738]],"type":"LineString"},"id":"REF-WAMSUTTER-RAIL-25","properties":{"canon_status":"REAL_REFERENCE","fcode":20200,"fictionality":"REAL","globalid":"{C07D5AA8-5922-45C4-9C07-4FFD269A1745}","lengthkm":1.28539191,"loaddate":1758113402000,"name":null,"objectid":962162,"permanent_identifier":"5f612360-72fd-476b-82c8-4aa21451f869","railclassification":null,"railowner":"Union Pacific Railroad Company","railownercode":"UP","railsubdivision":"RAWLINS","railusage":"M","real_world_relation":"REFERENCE_ONLY","shape_Length":1762.418822566704,"source_datadesc":"FRA Rail Lines 07/2025","source_datasetid":"{14EEFC21-039C-4AB1-8866-0FA5FC6A7AEB}","source_featureid":"318340","source_id":"REF-WAMSUTTER-RAIL","source_originator":"Federal Railroad Administration"},"type":"Feature"},{"geometry":{"coordinates":[[-107.241889,41.785406],[-107.241689,41.785452],[-107.241227,41.785559],[-107.240757,41.785664],[-107.240584,41.785698]],"type":"LineString"},"id":"REF-WAMSUTTER-RAIL-26","properties":{"canon_status":"REAL_REFERENCE","fcode":20201,"fictionality":"REAL","globalid":"{6D40BC67-CFC3-44FE-BC3B-3AD8A7AC7632}","lengthkm":0.10763607,"loaddate":1758113402000,"name":"RAWLINS YARD","objectid":964724,"permanent_identifier":"a551dba5-6990-4b9a-a5ba-a09e916aa5c2","railclassification":null,"railowner":"Union Pacific Railroad Company","railownercode":"UP","railsubdivision":null,"railusage":"O","real_world_relation":"REFERENCE_ONLY","shape_Length":151.620119417765,"source_datadesc":"FRA Rail Lines 07/2025","source_datasetid":"{14EEFC21-039C-4AB1-8866-0FA5FC6A7AEB}","source_featureid":"307762","source_id":"REF-WAMSUTTER-RAIL","source_originator":"Federal Railroad Administration"},"type":"Feature"},{"geometry":{"coordinates":[[-107.231723,41.78824],[-107.230499,41.788653],[-107.229688,41.789012]],"type":"LineString"},"id":"REF-WAMSUTTER-RAIL-27","properties":{"canon_status":"REAL_REFERENCE","fcode":20201,"fictionality":"REAL","globalid":"{F15E3AAF-30A5-47EF-B96B-AE7334054579}","lengthkm":0.18368997,"loaddate":1758113402000,"name":null,"objectid":964817,"permanent_identifier":"93e512c4-e07f-425d-9c09-f9162215e87c","railclassification":null,"railowner":"Union Pacific Railroad Company","railownercode":"UP","railsubdivision":null,"railusage":"O","real_world_relation":"REFERENCE_ONLY","shape_Length":254.60353995082937,"source_datadesc":"FRA Rail Lines 07/2025","source_datasetid":"{14EEFC21-039C-4AB1-8866-0FA5FC6A7AEB}","source_featureid":"309708","source_id":"REF-WAMSUTTER-RAIL","source_originator":"Federal Railroad Administration"},"type":"Feature"},{"geometry":{"coordinates":[[-107.971788,41.670718],[-107.971222,41.671099],[-107.970229,41.671847],[-107.968816,41.672782],[-107.967831,41.673367],[-107.966743,41.673849]],"type":"LineString"},"id":"REF-WAMSUTTER-RAIL-28","properties":{"canon_status":"REAL_REFERENCE","fcode":20201,"fictionality":"REAL","globalid":"{306408FF-D407-4DC2-BC18-8DAB3C64D8E3}","lengthkm":0.54321958,"loaddate":1758113402000,"name":null,"objectid":964819,"permanent_identifier":"0a613da0-9bf7-454d-8d82-5295dfa2c513","railclassification":null,"railowner":"Union Pacific Railroad Company","railownercode":"UP","railsubdivision":null,"railusage":"O","real_world_relation":"REFERENCE_ONLY","shape_Length":732.8648719207991,"source_datadesc":"FRA Rail Lines 07/2025","source_datasetid":"{14EEFC21-039C-4AB1-8866-0FA5FC6A7AEB}","source_featureid":"309745","source_id":"REF-WAMSUTTER-RAIL","source_originator":"Federal Railroad Administration"},"type":"Feature"},{"geometry":{"coordinates":[[-108.34899,41.623024],[-108.34703,41.623514],[-108.346354,41.623682],[-108.345281,41.62395],[-108.343762,41.624272],[-108.340758,41.624907],[-108.340511,41.624959],[-108.34051,41.624959],[-108.340187,41.625027]],"type":"LineString"},"id":"REF-WAMSUTTER-RAIL-29","properties":{"canon_status":"REAL_REFERENCE","fcode":20200,"fictionality":"REAL","globalid":"{A28AF3C1-A7B3-4A81-94DF-ADDE1A897C53}","lengthkm":0.7294805900000001,"loaddate":1758113402000,"name":null,"objectid":976378,"permanent_identifier":"bf3f3802-bd86-4958-bba3-21bf907d8647","railclassification":null,"railowner":"Union Pacific Railroad Company","railownercode":"UP","railsubdivision":"RAWLINS","railusage":"M","real_world_relation":"REFERENCE_ONLY","shape_Length":1024.633813157562,"source_datadesc":"FRA Rail Lines 07/2025","source_datasetid":"{14EEFC21-039C-4AB1-8866-0FA5FC6A7AEB}","source_featureid":"308811","source_id":"REF-WAMSUTTER-RAIL","source_originator":"Federal Railroad Administration"},"type":"Feature"},{"geometry":{"coordinates":[[-107.192305,41.784324],[-107.190455,41.783956],[-107.180788,41.782034],[-107.179455,41.781769],[-107.178673,41.781581],[-107.177579,41.781343],[-107.174522,41.780743],[-107.166691,41.779205],[-107.156946,41.777292],[-107.156309,41.777167],[-107.155088,41.776943],[-107.154184,41.776822],[-107.154005,41.776805],[-107.15317,41.776726],[-107.152927,41.776713],[-107.151967,41.776664],[-107.151659,41.776649],[-107.15077,41.776643],[-107.15054,41.776642],[-107.148704,41.776686],[-107.139723,41.776942],[-107.129294,41.77724],[-107.122422,41.777424],[-107.122062,41.777434],[-107.113067,41.777675],[-107.112586,41.777688]],"type":"LineString"},"id":"REF-WAMSUTTER-RAIL-30","properties":{"canon_status":"REAL_REFERENCE","fcode":20200,"fictionality":"REAL","globalid":"{62C1841C-1534-4AB0-AA1A-49F5A480288D}","lengthkm":6.36442185,"loaddate":1758113402000,"name":null,"objectid":976380,"permanent_identifier":"c2555078-5400-41ef-9a14-432da7a4b10d","railclassification":null,"railowner":"Union Pacific Railroad Company","railownercode":"UP","railsubdivision":"LARAMIE","railusage":"M","real_world_relation":"REFERENCE_ONLY","shape_Length":9024.336005438065,"source_datadesc":"FRA Rail Lines 07/2025","source_datasetid":"{14EEFC21-039C-4AB1-8866-0FA5FC6A7AEB}","source_featureid":"309535","source_id":"REF-WAMSUTTER-RAIL","source_originator":"Federal Railroad Administration"},"type":"Feature"},{"geometry":{"coordinates":[[-108.460616,41.594899],[-108.459092,41.595258],[-108.458743,41.595345],[-108.458291,41.595458],[-108.457033,41.595771],[-108.453674,41.59666],[-108.450612,41.59747],[-108.435759,41.6014],[-108.433848,41.601906],[-108.432238,41.602332],[-108.431124,41.602627],[-108.42878,41.603247],[-108.425319,41.604163],[-108.424786,41.604304],[-108.424351,41.604419],[-108.422723,41.60485]],"type":"LineString"},"id":"REF-WAMSUTTER-RAIL-31","properties":{"canon_status":"REAL_REFERENCE","fcode":20200,"fictionality":"REAL","globalid":"{0D0781CB-E9FE-4B79-B448-43258136CD0E}","lengthkm":3.19456635,"loaddate":1758113402000,"name":null,"objectid":978416,"permanent_identifier":"ebfd4a33-b2e5-4823-9106-238e01f3d3ee","railclassification":null,"railowner":"Union Pacific Railroad Company","railownercode":"UP","railsubdivision":"RAWLINS","railusage":"M","real_world_relation":"REFERENCE_ONLY","shape_Length":4470.9147391823,"source_datadesc":"FRA Rail Lines 07/2025","source_datasetid":"{14EEFC21-039C-4AB1-8866-0FA5FC6A7AEB}","source_featureid":"528990","source_id":"REF-WAMSUTTER-RAIL","source_originator":"Federal Railroad Administration"},"type":"Feature"},{"geometry":{"coordinates":[[-108.461958,41.594582],[-108.461507,41.594688],[-108.460671,41.594886],[-108.460616,41.594899]],"type":"LineString"},"id":"REF-WAMSUTTER-RAIL-32","properties":{"canon_status":"REAL_REFERENCE","fcode":20200,"fictionality":"REAL","globalid":"{47260ADF-CB2C-4911-AABA-E58C1E06506F}","lengthkm":0.11168733,"loaddate":1758113402000,"name":null,"objectid":978417,"permanent_identifier":"4e6ca4f6-34ad-4952-9578-e897051c0328","railclassification":null,"railowner":"Union Pacific Railroad Company","railownercode":"UP","railsubdivision":"RAWLINS","railusage":"M","real_world_relation":"REFERENCE_ONLY","shape_Length":156.69286696987072,"source_datadesc":"FRA Rail Lines 07/2025","source_datasetid":"{14EEFC21-039C-4AB1-8866-0FA5FC6A7AEB}","source_featureid":"528993","source_id":"REF-WAMSUTTER-RAIL","source_originator":"Federal Railroad Administration"},"type":"Feature"},{"geometry":{"coordinates":[[-107.099498,41.778496],[-107.098104,41.778274]],"type":"LineString"},"id":"REF-WAMSUTTER-RAIL-33","properties":{"canon_status":"REAL_REFERENCE","fcode":20201,"fictionality":"REAL","globalid":"{87AF9C9C-6CE7-4F47-B2BE-301BC4F9033F}","lengthkm":0.1120742,"loaddate":1758113402000,"name":null,"objectid":978987,"permanent_identifier":"7b27dc31-c634-41f4-a7d3-c029d768b8a1","railclassification":null,"railowner":"Union Pacific Railroad Company","railownercode":"UP","railsubdivision":null,"railusage":"O","real_world_relation":"REFERENCE_ONLY","shape_Length":158.68415992403732,"source_datadesc":"FRA Rail Lines 07/2025","source_datasetid":"{14EEFC21-039C-4AB1-8866-0FA5FC6A7AEB}","source_featureid":"308816","source_id":"REF-WAMSUTTER-RAIL","source_originator":"Federal Railroad Administration"},"type":"Feature"},{"geometry":{"coordinates":[[-106.803111,41.951297],[-106.802341,41.950427],[-106.796201,41.942597],[-106.795861,41.941947],[-106.795671,41.941447],[-106.795571,41.941017],[-106.795531,41.940497],[-106.795551,41.939977],[-106.795621,41.939627],[-106.795659,41.939495],[-106.795805,41.938992],[-106.795821,41.938937],[-106.796481,41.937167],[-106.79665,41.93666],[-106.796831,41.936117],[-106.796901,41.935687],[-106.796931,41.935257],[-106.796931,41.934157],[-106.796862,41.932945],[-106.796791,41.931687],[-106.796761,41.930347],[-106.796671,41.928997],[-106.796541,41.928497],[-106.796401,41.928087],[-106.796221,41.927677],[-106.796031,41.927357],[-106.795751,41.926967],[-106.795491,41.926667],[-106.795131,41.926317],[-106.794731,41.925987],[-106.794301,41.925687],[-106.793741,41.925357],[-106.790309,41.923566],[-106.789601,41.923197],[-106.788891,41.922907],[-106.788702,41.922842],[-106.787841,41.922547],[-106.786661,41.922267],[-106.785851,41.922137],[-106.785141,41.922067],[-106.784431,41.922027],[-106.783721,41.922027],[-106.782671,41.922097],[-106.781851,41.922197],[-106.778721,41.922527],[-106.778041,41.922547],[-106.777261,41.922477],[-106.776621,41.922347],[-106.775991,41.922147],[-106.775381,41.921877],[-106.774901,41.921617],[-106.774551,41.921377],[-106.774161,41.921057],[-106.772971,41.919837],[-106.770561,41.917277],[-106.769801,41.916417],[-106.769461,41.915937],[-106.768681,41.914637],[-106.767588,41.912695],[-106.767241,41.912077],[-106.766681,41.911147],[-106.766568,41.911003],[-106.766271,41.910627],[-106.765871,41.910217],[-106.765271,41.909677],[-106.764781,41.909287],[-106.763891,41.908697],[-106.750461,41.901217],[-106.749901,41.900977],[-106.748141,41.900387],[-106.747601,41.900237],[-106.746081,41.899877],[-106.744831,41.899527],[-106.744091,41.899237],[-106.743261,41.898807],[-106.742961,41.898607],[-106.742271,41.898057],[-106.741761,41.897497],[-106.741521,41.897197],[-106.741331,41.896907],[-106.740291,41.895117],[-106.739371,41.893507],[-106.739151,41.893167],[-106.738711,41.892637],[-106.738191,41.892197],[-106.737551,41.891797],[-106.737191,41.891617],[-106.736811,41.891457],[-106.735721,41.891087],[-106.734801,41.890717],[-106.734511,41.890557],[-106.733611,41.889967],[-106.733101,41.889517],[-106.732601,41.888927],[-106.732191,41.888267],[-106.731881,41.887487],[-106.731827,41.887321],[-106.731221,41.885467],[-106.731061,41.885047],[-106.730631,41.884217],[-106.730348,41.883806],[-106.730121,41.883477],[-106.729841,41.883127],[-106.729181,41.882457],[-106.728441,41.881857],[-106.728021,41.881567],[-106.727081,41.881017],[-106.726192,41.880574],[-106.726127,41.880541],[-106.726081,41.880526],[-106.725051,41.880187],[-106.724481,41.880017],[-106.718381,41.878407],[-106.716159,41.877769],[-106.714429,41.877273],[-106.712558,41.876797],[-106.712008,41.876667],[-106.709551,41.876087],[-106.708385,41.875705],[-106.706891,41.875297],[-106.703468,41.874388],[-106.701811,41.873977],[-106.701487,41.873912],[-106.700901,41.873797],[-106.700151,41.873727],[-106.699791,41.873737],[-106.699087,41.873814],[-106.695781,41.874177],[-106.693775,41.874352],[-106.693263,41.874361],[-106.692855,41.874368],[-106.692624,41.874373],[-106.691805,41.874359],[-106.689771,41.874327],[-106.688591,41.874227],[-106.687861,41.874067],[-106.686841,41.873717],[-106.686696,41.873653],[-106.685751,41.873237],[-106.684921,41.872767],[-106.682711,41.871247],[-106.681911,41.870747],[-106.680881,41.870247],[-106.679771,41.869797],[-106.679471,41.869687],[-106.678891,41.869537],[-106.678041,41.869237],[-106.674051,41.867977],[-106.673882,41.867923],[-106.672211,41.867394],[-106.66758,41.865929],[-106.666181,41.865447],[-106.665231,41.865187],[-106.664601,41.865067],[-106.663431,41.864907],[-106.662671,41.864857],[-106.659411,41.864567],[-106.656611,41.864297],[-106.6554,41.86422],[-106.654561,41.864167],[-106.647911,41.863607],[-106.643901,41.863247],[-106.643361,41.863177],[-106.642801,41.863087],[-106.64235,41.862981]],"type":"LineString"},"id":"REF-WAMSUTTER-RAIL-34","properties":{"canon_status":"REAL_REFERENCE","fcode":20200,"fictionality":"REAL","globalid":"{E5C4AA92-52E0-46B6-8CF7-3EFBEBD760D3}","lengthkm":18.3308063,"loaddate":1758113402000,"name":null,"objectid":979029,"permanent_identifier":"4611b20e-51e6-4f8e-8bc5-ee8f61c5d1fd","railclassification":null,"railowner":"Union Pacific Railroad Company","railownercode":"UP","railsubdivision":"MEDICINE BOW INDUSTRIAL LEAD","railusage":"X","real_world_relation":"REFERENCE_ONLY","shape_Length":24901.45150032341,"source_datadesc":"FRA Rail Lines 07/2025","source_datasetid":"{14EEFC21-039C-4AB1-8866-0FA5FC6A7AEB}","source_featureid":"309634","source_id":"REF-WAMSUTTER-RAIL","source_originator":"Federal Railroad Administration"},"type":"Feature"},{"geometry":{"coordinates":[[-107.754479,41.704374],[-107.754027,41.704486],[-107.753346,41.704632],[-107.753304,41.704641],[-107.752724,41.704765]],"type":"LineString"},"id":"REF-WAMSUTTER-RAIL-35","properties":{"canon_status":"REAL_REFERENCE","fcode":20201,"fictionality":"REAL","globalid":"{CF7BDE76-D725-4271-84E6-8EFA740511BE}","lengthkm":0.14491133,"loaddate":1758113402000,"name":null,"objectid":979033,"permanent_identifier":"dcdce547-3dcb-48ea-8713-982af37f45f2","railclassification":null,"railowner":"Union Pacific Railroad Company","railownercode":"UP","railsubdivision":null,"railusage":"O","real_world_relation":"REFERENCE_ONLY","shape_Length":203.89029107278435,"source_datadesc":"FRA Rail Lines 07/2025","source_datasetid":"{14EEFC21-039C-4AB1-8866-0FA5FC6A7AEB}","source_featureid":"309748","source_id":"REF-WAMSUTTER-RAIL","source_originator":"Federal Railroad Administration"},"type":"Feature"},{"geometry":{"coordinates":[[-106.803189,41.953992],[-106.803242,41.953664],[-106.803311,41.953237],[-106.803391,41.952157],[-106.803301,41.951717],[-106.803111,41.951297]],"type":"LineString"},"id":"REF-WAMSUTTER-RAIL-36","properties":{"canon_status":"REAL_REFERENCE","fcode":20200,"fictionality":"REAL","globalid":"{5250FAFA-7524-4C46-9512-8B2901625D0D}","lengthkm":0.32174804000000007,"loaddate":1758113402000,"name":null,"objectid":979046,"permanent_identifier":"6a6d1a7c-c42c-4da6-8aca-370763249be8","railclassification":null,"railowner":"Union Pacific Railroad Company","railownercode":"UP","railsubdivision":"MEDICINE BOW INDUSTRIAL LEAD","railusage":"X","real_world_relation":"REFERENCE_ONLY","shape_Length":408.7387832675445,"source_datadesc":"FRA Rail Lines 07/2025","source_datasetid":"{14EEFC21-039C-4AB1-8866-0FA5FC6A7AEB}","source_featureid":"310064","source_id":"REF-WAMSUTTER-RAIL","source_originator":"Federal Railroad Administration"},"type":"Feature"},{"geometry":{"coordinates":[[-107.954329,41.681132],[-107.952413,41.682254],[-107.949024,41.684239],[-107.947735,41.684993],[-107.946742,41.685556],[-107.946585,41.685635],[-107.946002,41.685928],[-107.945751,41.686053],[-107.945311,41.686247],[-107.944853,41.686448],[-107.944696,41.68651],[-107.943574,41.686951],[-107.939826,41.688386],[-107.938356,41.688949],[-107.938315,41.688965],[-107.938299,41.688971],[-107.938261,41.688985],[-107.938147,41.689029],[-107.934892,41.690275],[-107.927965,41.692927],[-107.924217,41.694361],[-107.923928,41.694466],[-107.922425,41.695007],[-107.922,41.695143],[-107.920121,41.695742],[-107.919569,41.695913],[-107.909928,41.6989],[-107.904321,41.700638],[-107.902327,41.701255],[-107.900329,41.701874],[-107.900088,41.701942],[-107.898868,41.702281],[-107.898228,41.702459],[-107.898208,41.702464],[-107.898022,41.702502],[-107.897496,41.702611],[-107.897381,41.702635],[-107.89734,41.702644],[-107.896454,41.702827],[-107.896295,41.70285],[-107.896049,41.702884],[-107.895677,41.702935],[-107.895671,41.702936],[-107.895635,41.702941],[-107.894992,41.703031],[-107.894863,41.703048],[-107.89432,41.703095],[-107.894301,41.703096],[-107.894267,41.703099],[-107.892871,41.703217],[-107.892712,41.703227],[-107.888885,41.703459],[-107.887671,41.703533],[-107.885403,41.703671],[-107.875002,41.704302],[-107.872309,41.704465],[-107.871391,41.704521],[-107.8705,41.704575],[-107.869381,41.704643],[-107.868799,41.704678],[-107.867602,41.70472],[-107.867268,41.704731],[-107.86679,41.704727],[-107.866201,41.704722],[-107.865864,41.704718],[-107.865839,41.704717],[-107.865405,41.704691],[-107.86521,41.704679],[-107.864474,41.704635],[-107.864457,41.704634],[-107.864342,41.704621],[-107.863392,41.704513],[-107.863049,41.704474],[-107.86298,41.704466],[-107.862634,41.704407],[-107.862583,41.704398],[-107.861925,41.704284],[-107.8616,41.704228],[-107.861499,41.704211],[-107.861287,41.704174],[-107.860768,41.70406],[-107.859535,41.703789],[-107.859082,41.703684],[-107.858242,41.703487],[-107.85741,41.703292],[-107.854924,41.702711],[-107.853698,41.702424],[-107.851582,41.701929],[-107.84632,41.700698],[-107.845363,41.700474],[-107.844803,41.700343],[-107.840934,41.699438],[-107.840181,41.699262],[-107.839331,41.699063],[-107.838424,41.69885],[-107.83839,41.698842],[-107.837415,41.698582],[-107.837069,41.69849],[-107.836601,41.698343],[-107.836098,41.698183],[-107.835688,41.698037],[-107.835127,41.697836],[-107.834748,41.697695]],"type":"LineString"},"id":"REF-WAMSUTTER-RAIL-37","properties":{"canon_status":"REAL_REFERENCE","fcode":20200,"fictionality":"REAL","globalid":"{E769F9DC-B428-460E-8180-4B07FD6505E7}","lengthkm":10.21889825,"loaddate":1758113402000,"name":null,"objectid":990678,"permanent_identifier":"362e9afd-9d6b-4716-9837-18240f83de4c","railclassification":null,"railowner":"Union Pacific Railroad Company","railownercode":"UP","railsubdivision":"RAWLINS","railusage":"M","real_world_relation":"REFERENCE_ONLY","shape_Length":14289.42942468151,"source_datadesc":"FRA Rail Lines 07/2025","source_datasetid":"{14EEFC21-039C-4AB1-8866-0FA5FC6A7AEB}","source_featureid":"309584","source_id":"REF-WAMSUTTER-RAIL","source_originator":"Federal Railroad Administration"},"type":"Feature"},{"geometry":{"coordinates":[[-107.202355,41.786873],[-107.201858,41.786649],[-107.201722,41.786587],[-107.201332,41.786278],[-107.201289,41.786217],[-107.200994,41.785802],[-107.20088,41.785445],[-107.200861,41.785012],[-107.200994,41.784488]],"type":"LineString"},"id":"REF-WAMSUTTER-RAIL-38","properties":{"canon_status":"REAL_REFERENCE","fcode":20201,"fictionality":"REAL","globalid":"{842F19E7-2EAC-4636-8487-A5463B541E38}","lengthkm":0.32670176,"loaddate":1758113402000,"name":null,"objectid":993245,"permanent_identifier":"d645b314-d6ae-4882-8593-63cd11741564","railclassification":null,"railowner":"Union Pacific Railroad Company","railownercode":"UP","railsubdivision":null,"railusage":"O","real_world_relation":"REFERENCE_ONLY","shape_Length":425.31393480005465,"source_datadesc":"FRA Rail Lines 07/2025","source_datasetid":"{14EEFC21-039C-4AB1-8866-0FA5FC6A7AEB}","source_featureid":"307763","source_id":"REF-WAMSUTTER-RAIL","source_originator":"Federal Railroad Administration"},"type":"Feature"},{"geometry":{"coordinates":[[-107.103017,41.779093],[-107.100247,41.778623]],"type":"LineString"},"id":"REF-WAMSUTTER-RAIL-39","properties":{"canon_status":"REAL_REFERENCE","fcode":20201,"fictionality":"REAL","globalid":"{03DF5230-3C2B-4397-BC88-6CE4D4AB7828}","lengthkm":0.22351978,"loaddate":1758113402000,"name":null,"objectid":993305,"permanent_identifier":"e2e807c2-81ed-46e9-b7fe-f4613e65a800","railclassification":null,"railowner":"Union Pacific Railroad Company","railownercode":"UP","railsubdivision":null,"railusage":"O","real_world_relation":"REFERENCE_ONLY","shape_Length":316.23775831065643,"source_datadesc":"FRA Rail Lines 07/2025","source_datasetid":"{14EEFC21-039C-4AB1-8866-0FA5FC6A7AEB}","source_featureid":"308819","source_id":"REF-WAMSUTTER-RAIL","source_originator":"Federal Railroad Administration"},"type":"Feature"},{"geometry":{"coordinates":[[-107.971793,41.670629],[-107.970791,41.671054],[-107.97003,41.671567],[-107.96798,41.672896],[-107.964604,41.674853],[-107.960454,41.677258],[-107.954939,41.680542],[-107.954329,41.681132]],"type":"LineString"},"id":"REF-WAMSUTTER-RAIL-40","properties":{"canon_status":"REAL_REFERENCE","fcode":20201,"fictionality":"REAL","globalid":"{B4D7E38E-7D9A-4D1A-B5EC-7741F5C0B18B}","lengthkm":1.85031776,"loaddate":1758113402000,"name":null,"objectid":993357,"permanent_identifier":"32a4bec1-b249-493f-9952-76114967a7fb","railclassification":null,"railowner":"Union Pacific Railroad Company","railownercode":"UP","railsubdivision":null,"railusage":"O","real_world_relation":"REFERENCE_ONLY","shape_Length":2501.2299093045353,"source_datadesc":"FRA Rail Lines 07/2025","source_datasetid":"{14EEFC21-039C-4AB1-8866-0FA5FC6A7AEB}","source_featureid":"309746","source_id":"REF-WAMSUTTER-RAIL","source_originator":"Federal Railroad Administration"},"type":"Feature"},{"geometry":{"coordinates":[[-107.231267,41.788166],[-107.230971,41.788298],[-107.230457,41.788483]],"type":"LineString"},"id":"REF-WAMSUTTER-RAIL-41","properties":{"canon_status":"REAL_REFERENCE","fcode":20201,"fictionality":"REAL","globalid":"{42306993-F1ED-44ED-B398-7B7635079055}","lengthkm":0.07360258,"loaddate":1758113402000,"name":"RAWLINS YARD","objectid":993358,"permanent_identifier":"2b1b40c4-0625-449a-94cf-787fd2730f0b","railclassification":null,"railowner":"Union Pacific Railroad Company","railownercode":"UP","railsubdivision":null,"railusage":"O","real_world_relation":"REFERENCE_ONLY","shape_Length":101.89843255221645,"source_datadesc":"FRA Rail Lines 07/2025","source_datasetid":"{14EEFC21-039C-4AB1-8866-0FA5FC6A7AEB}","source_featureid":"309755","source_id":"REF-WAMSUTTER-RAIL","source_originator":"Federal Railroad Administration"},"type":"Feature"},{"geometry":{"coordinates":[[-107.231741,41.788039],[-107.231438,41.787966],[-107.230999,41.787862]],"type":"LineString"},"id":"REF-WAMSUTTER-RAIL-42","properties":{"canon_status":"REAL_REFERENCE","fcode":20201,"fictionality":"REAL","globalid":"{77AE20FC-2259-4342-87F7-93B20AEA9655}","lengthkm":0.061697680000000005,"loaddate":1758113402000,"name":"RAWLINS YARD","objectid":993359,"permanent_identifier":"b0b50d30-4f5d-481f-992d-259b484d5f09","railclassification":null,"railowner":"Union Pacific Railroad Company","railownercode":"UP","railsubdivision":null,"railusage":"O","real_world_relation":"REFERENCE_ONLY","shape_Length":86.79631289042914,"source_datadesc":"FRA Rail Lines 07/2025","source_datasetid":"{14EEFC21-039C-4AB1-8866-0FA5FC6A7AEB}","source_featureid":"309756","source_id":"REF-WAMSUTTER-RAIL","source_originator":"Federal Railroad Administration"},"type":"Feature"},{"geometry":{"coordinates":[[-108.510837,41.580188],[-108.510686,41.580318],[-108.510593,41.580398],[-108.510468,41.580506],[-108.509651,41.581207],[-108.50858,41.582107],[-108.508411,41.58224],[-108.507736,41.582768],[-108.507446,41.582971],[-108.507107,41.583208],[-108.506651,41.583527],[-108.506637,41.583536],[-108.505239,41.58437],[-108.505233,41.584374],[-108.503982,41.585006],[-108.503391,41.58526],[-108.5026,41.585599],[-108.501787,41.585883],[-108.501477,41.585991],[-108.501296,41.586054],[-108.501276,41.586061],[-108.501261,41.586066],[-108.500878,41.586199],[-108.498864,41.586751],[-108.498494,41.58684],[-108.498125,41.586929],[-108.489772,41.588941],[-108.485977,41.589855],[-108.481676,41.59089],[-108.481647,41.590897],[-108.4797,41.591279],[-108.479215,41.591374],[-108.473788,41.592281],[-108.468834,41.593108],[-108.468631,41.593142],[-108.468107,41.59323],[-108.467648,41.593306],[-108.467025,41.59341],[-108.466697,41.593482],[-108.466225,41.593585],[-108.465605,41.59372],[-108.465401,41.593769],[-108.464781,41.593915],[-108.464078,41.594081],[-108.461958,41.594582]],"type":"LineString"},"id":"REF-WAMSUTTER-RAIL-43","properties":{"canon_status":"REAL_REFERENCE","fcode":20200,"fictionality":"REAL","globalid":"{B2BC0E39-EC6E-4CAD-BB08-CF70E1946CF1}","lengthkm":4.27953197,"loaddate":1758113402000,"name":null,"objectid":1005077,"permanent_identifier":"71a6ca9f-1e3e-4bcc-85af-17659504c024","railclassification":null,"railowner":"Union Pacific Railroad Company","railownercode":"UP","railsubdivision":"RAWLINS","railusage":"M","real_world_relation":"REFERENCE_ONLY","shape_Length":5953.606815127454,"source_datadesc":"FRA Rail Lines 07/2025","source_datasetid":"{14EEFC21-039C-4AB1-8866-0FA5FC6A7AEB}","source_featureid":"308813","source_id":"REF-WAMSUTTER-RAIL","source_originator":"Federal Railroad Administration"},"type":"Feature"},{"geometry":{"coordinates":[[-108.263452,41.627738],[-108.262905,41.628142],[-108.262443,41.628483],[-108.262254,41.628651],[-108.26194,41.628871],[-108.260718,41.629725],[-108.260449,41.629886],[-108.260198,41.630035],[-108.259048,41.630851],[-108.258385,41.631292],[-108.258351,41.631316],[-108.258331,41.631329],[-108.258286,41.631358],[-108.257772,41.631668],[-108.257434,41.631872],[-108.257155,41.632024],[-108.256681,41.632283],[-108.255891,41.632675],[-108.255869,41.632685],[-108.255044,41.633055],[-108.255012,41.633068],[-108.254949,41.633092],[-108.25428,41.633346],[-108.253344,41.633702],[-108.252965,41.633817],[-108.251978,41.634115],[-108.251767,41.634178],[-108.251754,41.634182],[-108.251702,41.634194],[-108.25124,41.6343],[-108.250831,41.634393],[-108.250014,41.63458],[-108.249905,41.634604],[-108.249384,41.634693],[-108.248904,41.634775],[-108.248341,41.634849],[-108.247615,41.634943],[-108.232584,41.636723],[-108.227402,41.637337],[-108.225396,41.637574],[-108.223163,41.637839],[-108.221655,41.638017],[-108.220621,41.638139],[-108.218174,41.638421],[-108.217864,41.638456],[-108.216392,41.638574],[-108.216018,41.638603],[-108.215421,41.638617],[-108.214476,41.638637],[-108.214301,41.638632],[-108.21317,41.638595],[-108.212679,41.638578],[-108.21162,41.638506],[-108.208479,41.638291],[-108.205581,41.638092],[-108.201858,41.637837],[-108.200184,41.637722],[-108.19848,41.637632],[-108.19818,41.637628],[-108.1974,41.637617],[-108.197229,41.637614],[-108.196052,41.637649],[-108.195953,41.637651],[-108.195654,41.637673],[-108.194885,41.637727],[-108.194826,41.637734],[-108.194394,41.637781],[-108.194056,41.637818],[-108.193818,41.637844],[-108.192948,41.637981],[-108.19239,41.638068],[-108.191801,41.638193],[-108.190926,41.638377],[-108.189895,41.63864],[-108.184479,41.640016],[-108.178929,41.641427],[-108.17879,41.641462],[-108.177406,41.641776],[-108.177194,41.641824],[-108.176474,41.641952],[-108.175807,41.642069],[-108.175684,41.642084],[-108.174854,41.642184],[-108.174356,41.642243],[-108.173953,41.642273],[-108.172983,41.642343],[-108.172544,41.642374],[-108.169333,41.642536],[-108.165524,41.642727],[-108.161144,41.642948],[-108.157404,41.643136],[-108.157308,41.64314],[-108.156328,41.643229],[-108.155498,41.643303],[-108.155231,41.643344],[-108.155082,41.643367],[-108.154405,41.64347],[-108.154323,41.643482],[-108.154235,41.643496],[-108.153743,41.64357],[-108.153526,41.643616],[-108.153195,41.643685],[-108.152649,41.643798],[-108.152328,41.643877],[-108.150995,41.644203],[-108.149676,41.644545],[-108.146582,41.645347],[-108.142531,41.646396],[-108.138584,41.647419],[-108.138068,41.647552],[-108.129924,41.649663],[-108.129381,41.649803],[-108.127667,41.650247],[-108.127585,41.650268],[-108.126178,41.650633],[-108.124995,41.65094],[-108.124694,41.651017],[-108.123243,41.651339],[-108.122977,41.651397],[-108.122319,41.651503],[-108.121749,41.651594]],"type":"LineString"},"id":"REF-WAMSUTTER-RAIL-44","properties":{"canon_status":"REAL_REFERENCE","fcode":20200,"fictionality":"REAL","globalid":"{DED12A50-9682-4C18-96CD-05CCC6696E86}","lengthkm":11.71842389,"loaddate":1758113402000,"name":null,"objectid":1005081,"permanent_identifier":"0c2b90be-1cb8-497d-b907-368dedebf6cf","railclassification":null,"railowner":"Union Pacific Railroad Company","railownercode":"UP","railsubdivision":"RAWLINS","railusage":"M","real_world_relation":"REFERENCE_ONLY","shape_Length":16477.638399295516,"source_datadesc":"FRA Rail Lines 07/2025","source_datasetid":"{14EEFC21-039C-4AB1-8866-0FA5FC6A7AEB}","source_featureid":"309461","source_id":"REF-WAMSUTTER-RAIL","source_originator":"Federal Railroad Administration"},"type":"Feature"},{"geometry":{"coordinates":[[-107.505482,41.74418],[-107.502867,41.744848],[-107.500014,41.745576],[-107.493159,41.747326],[-107.485249,41.749345],[-107.48476,41.749462],[-107.482717,41.74995],[-107.477331,41.751235],[-107.468673,41.753301],[-107.461284,41.755064],[-107.458427,41.755746],[-107.45832,41.755772],[-107.457582,41.755911],[-107.456888,41.756041],[-107.455639,41.756209],[-107.455448,41.756234],[-107.454749,41.756289],[-107.448021,41.756812],[-107.447579,41.756856],[-107.446569,41.756959],[-107.446531,41.756963],[-107.445797,41.757083],[-107.445194,41.757182],[-107.444739,41.757257],[-107.444577,41.757283],[-107.44449,41.757303],[-107.443514,41.75752],[-107.44305,41.757642],[-107.442515,41.757784],[-107.441477,41.758105],[-107.441214,41.758199],[-107.439945,41.758654],[-107.437494,41.759558],[-107.435523,41.760287],[-107.430747,41.76205],[-107.428618,41.762836],[-107.427152,41.763378],[-107.426408,41.763653],[-107.426291,41.763701],[-107.42479,41.764316],[-107.424468,41.764471],[-107.423817,41.764787],[-107.423651,41.764868],[-107.423527,41.764936],[-107.423334,41.765042],[-107.422873,41.765297],[-107.422714,41.765385],[-107.422547,41.765482],[-107.421071,41.766344],[-107.410409,41.772571],[-107.406621,41.774784],[-107.406335,41.774942],[-107.405491,41.775412],[-107.405327,41.775504],[-107.404741,41.775779],[-107.403783,41.77623],[-107.403377,41.776392],[-107.402808,41.776621],[-107.402027,41.776899],[-107.402025,41.776899],[-107.401267,41.777143],[-107.400616,41.777323],[-107.400078,41.777473],[-107.398995,41.777705],[-107.398233,41.777869],[-107.397416,41.777997],[-107.397139,41.778041],[-107.395955,41.778173],[-107.395883,41.778182],[-107.395133,41.778231],[-107.394616,41.778266],[-107.393533,41.778295],[-107.393071,41.778297],[-107.388991,41.778321],[-107.386588,41.778335],[-107.385679,41.778332],[-107.385391,41.778331],[-107.384557,41.778328],[-107.383665,41.778326],[-107.383531,41.778318],[-107.383371,41.778309],[-107.382858,41.778281],[-107.38186,41.778226],[-107.38179,41.778217],[-107.381145,41.778141],[-107.381001,41.778124],[-107.380896,41.778112],[-107.380293,41.778041],[-107.380219,41.778027],[-107.378678,41.777753],[-107.378654,41.777749],[-107.377127,41.777372],[-107.376869,41.777309],[-107.376259,41.777113],[-107.375243,41.776787],[-107.373524,41.776236],[-107.373437,41.776208]],"type":"LineString"},"id":"REF-WAMSUTTER-RAIL-45","properties":{"canon_status":"REAL_REFERENCE","fcode":20200,"fictionality":"REAL","globalid":"{C21D6B46-0CB4-4BAB-B558-AEDAC74DEC6A}","lengthkm":11.413560740000001,"loaddate":1758113402000,"name":null,"objectid":1005083,"permanent_identifier":"33d75387-f009-47cf-9e15-8ead374d5e9f","railclassification":null,"railowner":"Union Pacific Railroad Company","railownercode":"UP","railsubdivision":"RAWLINS","railusage":"M","real_world_relation":"REFERENCE_ONLY","shape_Length":15942.561726184025,"source_datadesc":"FRA Rail Lines 07/2025","source_datasetid":"{14EEFC21-039C-4AB1-8866-0FA5FC6A7AEB}","source_featureid":"309534","source_id":"REF-WAMSUTTER-RAIL","source_originator":"Federal Railroad Administration"},"type":"Feature"},{"geometry":{"coordinates":[[-107.976156,41.667574],[-107.975911,41.667745],[-107.974951,41.668418]],"type":"LineString"},"id":"REF-WAMSUTTER-RAIL-46","properties":{"canon_status":"REAL_REFERENCE","fcode":20200,"fictionality":"REAL","globalid":"{ACF32E03-B4AD-4E3B-B54D-CE557F6D1FC8}","lengthkm":0.13731148,"loaddate":1758113402000,"name":null,"objectid":1005085,"permanent_identifier":"2172790c-cbd3-4746-9af5-d82da8debf2c","railclassification":null,"railowner":"Union Pacific Railroad Company","railownercode":"UP","railsubdivision":"RAWLINS","railusage":"M","real_world_relation":"REFERENCE_ONLY","shape_Length":183.94243408482467,"source_datadesc":"FRA Rail Lines 07/2025","source_datasetid":"{14EEFC21-039C-4AB1-8866-0FA5FC6A7AEB}","source_featureid":"309624","source_id":"REF-WAMSUTTER-RAIL","source_originator":"Federal Railroad Administration"},"type":"Feature"},{"geometry":{"coordinates":[[-106.704591,41.836492],[-106.703083,41.836492],[-106.701114,41.836492],[-106.70102,41.836492],[-106.700922,41.836494],[-106.700068,41.836514],[-106.699599,41.836525],[-106.699225,41.836551],[-106.699036,41.836564],[-106.698417,41.836607],[-106.698075,41.836645],[-106.697826,41.836672],[-106.697474,41.836712],[-106.697439,41.836716],[-106.697191,41.836752],[-106.696698,41.836824],[-106.690276,41.837766],[-106.690045,41.8378],[-106.689564,41.837851],[-106.689208,41.837889],[-106.688443,41.837925],[-106.688346,41.83793],[-106.687691,41.837915],[-106.687285,41.837907],[-106.687247,41.837903],[-106.686945,41.837872],[-106.686555,41.837833],[-106.686233,41.8378],[-106.686137,41.837791],[-106.685054,41.837581],[-106.684852,41.837542],[-106.684033,41.837304],[-106.68383,41.837245],[-106.683097,41.836973],[-106.683022,41.836939],[-106.682731,41.83681],[-106.682472,41.836695]],"type":"LineString"},"id":"REF-WAMSUTTER-RAIL-47","properties":{"canon_status":"REAL_REFERENCE","fcode":20200,"fictionality":"REAL","globalid":"{E5880CF4-A265-4A37-B298-AF7A9D2A850F}","lengthkm":1.7750459299999999,"loaddate":1758113402000,"name":null,"objectid":1005086,"permanent_identifier":"79e6fcbc-cb57-484e-8ab5-71d8f1f810de","railclassification":null,"railowner":"Union Pacific Railroad Company","railownercode":"UP","railsubdivision":"LARAMIE","railusage":"M","real_world_relation":"REFERENCE_ONLY","shape_Length":2516.3191776166,"source_datadesc":"FRA Rail Lines 07/2025","source_datasetid":"{14EEFC21-039C-4AB1-8866-0FA5FC6A7AEB}","source_featureid":"309625","source_id":"REF-WAMSUTTER-RAIL","source_originator":"Federal Railroad Administration"},"type":"Feature"},{"geometry":{"coordinates":[[-108.000749,41.65818],[-107.998018,41.658326],[-107.99548,41.658461],[-107.9938,41.658569],[-107.993331,41.658621],[-107.993295,41.658625],[-107.993183,41.658637],[-107.992583,41.658703],[-107.992398,41.658723],[-107.99141,41.658889],[-107.991259,41.658922],[-107.990598,41.659064],[-107.990168,41.659177],[-107.989745,41.659288],[-107.989687,41.659303],[-107.989093,41.659492],[-107.988688,41.65962],[-107.988501,41.65969],[-107.987984,41.659881],[-107.987373,41.660142],[-107.987235,41.660201],[-107.987171,41.660228],[-107.987112,41.660253],[-107.986218,41.660694],[-107.986166,41.660723],[-107.985666,41.661002],[-107.985646,41.661012],[-107.98511,41.661357],[-107.984723,41.661606],[-107.984237,41.661918],[-107.984193,41.661946],[-107.981872,41.663572],[-107.978934,41.665629],[-107.977087,41.666922],[-107.977037,41.666957],[-107.976156,41.667574]],"type":"LineString"},"id":"REF-WAMSUTTER-RAIL-48","properties":{"canon_status":"REAL_REFERENCE","fcode":20200,"fictionality":"REAL","globalid":"{EB71421B-8ED6-4DF4-8791-9B29F3968ED7}","lengthkm":2.3316003,"loaddate":1758113402000,"name":null,"objectid":1005088,"permanent_identifier":"6f9eb789-af61-4a7e-8648-a1f8ad55cddc","railclassification":null,"railowner":"Union Pacific Railroad Company","railownercode":"UP","railsubdivision":"RAWLINS","railusage":"M","real_world_relation":"REFERENCE_ONLY","shape_Length":3206.110319054247,"source_datadesc":"FRA Rail Lines 07/2025","source_datasetid":"{14EEFC21-039C-4AB1-8866-0FA5FC6A7AEB}","source_featureid":"309644","source_id":"REF-WAMSUTTER-RAIL","source_originator":"Federal Railroad Administration"},"type":"Feature"},{"geometry":{"coordinates":[[-106.837791,41.761693],[-106.837755,41.761698],[-106.836659,41.76187],[-106.836223,41.761939],[-106.835544,41.76209],[-106.8353,41.762145],[-106.834665,41.762323],[-106.834391,41.762401],[-106.833674,41.762645],[-106.833575,41.762679],[-106.833042,41.762892],[-106.832936,41.762935],[-106.832834,41.762976],[-106.832748,41.763011],[-106.832638,41.763062],[-106.832571,41.763094],[-106.832027,41.76335],[-106.831951,41.763386],[-106.831211,41.763789],[-106.831155,41.763823],[-106.830647,41.764138],[-106.830422,41.764292],[-106.830022,41.764568],[-106.829731,41.76479],[-106.818834,41.773112],[-106.814574,41.776365],[-106.812555,41.777908],[-106.812447,41.777992],[-106.811557,41.778684],[-106.810659,41.779383],[-106.810576,41.779448],[-106.80958,41.780311],[-106.809521,41.780363],[-106.809015,41.780871],[-106.808749,41.781139],[-106.808539,41.781378],[-106.808364,41.781579],[-106.808048,41.781981],[-106.807962,41.782092],[-106.807508,41.782772],[-106.80737,41.78298],[-106.807126,41.783413],[-106.807075,41.783506],[-106.806806,41.78406],[-106.806763,41.784166],[-106.806568,41.784645],[-106.806529,41.784762],[-106.806334,41.785362],[-106.806331,41.785373],[-106.806154,41.78612],[-106.806119,41.786339],[-106.806064,41.786692],[-106.806031,41.787045],[-106.80601,41.787274],[-106.805997,41.788018],[-106.805997,41.788021],[-106.806052,41.788881],[-106.806057,41.788962],[-106.806207,41.790097],[-106.806534,41.791974],[-106.806607,41.792392],[-106.806699,41.792924],[-106.806806,41.793536],[-106.807173,41.795643],[-106.807373,41.796788],[-106.807382,41.79685],[-106.807431,41.797166],[-106.807529,41.797799],[-106.807597,41.798406],[-106.807606,41.798482],[-106.807646,41.799104],[-106.80765,41.799646],[-106.807651,41.799685],[-106.807614,41.800348],[-106.807601,41.800438],[-106.8076,41.800446],[-106.807596,41.800477],[-106.807504,41.801134],[-106.807437,41.801419],[-106.807428,41.801456],[-106.807423,41.801478],[-106.807325,41.801897],[-106.807309,41.801969],[-106.80711,41.802554],[-106.807102,41.802577],[-106.807096,41.802594],[-106.806991,41.802905],[-106.806813,41.803301],[-106.806671,41.80362],[-106.806597,41.803755],[-106.806257,41.804376],[-106.806051,41.804687],[-106.805765,41.805121],[-106.805741,41.805151],[-106.80573,41.805166],[-106.805667,41.805246],[-106.805376,41.805621],[-106.805216,41.805827],[-106.804653,41.806437],[-106.804497,41.806608],[-106.804079,41.807006],[-106.804036,41.807047],[-106.803458,41.807538],[-106.803355,41.807626],[-106.802703,41.808097],[-106.802279,41.808405],[-106.801905,41.808636],[-106.801501,41.808886],[-106.801165,41.80907],[-106.80096,41.809183],[-106.800899,41.809217],[-106.800486,41.809418],[-106.800018,41.809647],[-106.799696,41.809785],[-106.799382,41.80992],[-106.798876,41.810108],[-106.798088,41.810402],[-106.796883,41.810784],[-106.796412,41.810934],[-106.796341,41.810954],[-106.793668,41.811735]],"type":"LineString"},"id":"REF-WAMSUTTER-RAIL-49","properties":{"canon_status":"REAL_REFERENCE","fcode":20200,"fictionality":"REAL","globalid":"{C73E9ED5-3011-4C5D-BF0C-9CB2FE472F66}","lengthkm":7.44022898,"loaddate":1758113402000,"name":null,"objectid":1005127,"permanent_identifier":"c26a9694-e35e-4d6a-b5e7-309cc3f9a0f2","railclassification":null,"railowner":"Union Pacific Railroad Company","railownercode":"UP","railsubdivision":"LARAMIE","railusage":"M","real_world_relation":"REFERENCE_ONLY","shape_Length":9810.277376951553,"source_datadesc":"FRA Rail Lines 07/2025","source_datasetid":"{14EEFC21-039C-4AB1-8866-0FA5FC6A7AEB}","source_featureid":"318348","source_id":"REF-WAMSUTTER-RAIL","source_originator":"Federal Railroad Administration"},"type":"Feature"},{"geometry":{"coordinates":[[-107.974191,41.67123],[-107.974112,41.671093],[-107.973947,41.670807],[-107.973822,41.670278],[-107.973858,41.669641],[-107.973901,41.669561],[-107.974191,41.669029]],"type":"LineString"},"id":"REF-WAMSUTTER-RAIL-50","properties":{"canon_status":"REAL_REFERENCE","fcode":20201,"fictionality":"REAL","globalid":"{3773885A-5DF0-4E7C-AF66-3C538014FC78}","lengthkm":0.26889762000000006,"loaddate":1758113402000,"name":null,"objectid":1007767,"permanent_identifier":"cfb62385-199f-461b-900c-f0957cdb5ced","railclassification":null,"railowner":"Union Pacific Railroad Company","railownercode":"UP","railsubdivision":null,"railusage":"O","real_world_relation":"REFERENCE_ONLY","shape_Length":342.15281541388447,"source_datadesc":"FRA Rail Lines 07/2025","source_datasetid":"{14EEFC21-039C-4AB1-8866-0FA5FC6A7AEB}","source_featureid":"309742","source_id":"REF-WAMSUTTER-RAIL","source_originator":"Federal Railroad Administration"},"type":"Feature"},{"geometry":{"coordinates":[[-107.231741,41.788039],[-107.231267,41.788166]],"type":"LineString"},"id":"REF-WAMSUTTER-RAIL-51","properties":{"canon_status":"REAL_REFERENCE","fcode":20201,"fictionality":"REAL","globalid":"{257FAD22-D6D2-4866-B5D6-135F4DF27873}","lengthkm":0.04002747,"loaddate":1758113402000,"name":"RAWLINS YARD","objectid":1007768,"permanent_identifier":"2a5c8754-8901-440c-ae2e-cfa4380281fd","railclassification":null,"railowner":"Union Pacific Railroad Company","railownercode":"UP","railsubdivision":null,"railusage":"O","real_world_relation":"REFERENCE_ONLY","shape_Length":56.14950878568251,"source_datadesc":"FRA Rail Lines 07/2025","source_datasetid":"{14EEFC21-039C-4AB1-8866-0FA5FC6A7AEB}","source_featureid":"309754","source_id":"REF-WAMSUTTER-RAIL","source_originator":"Federal Railroad Administration"},"type":"Feature"},{"geometry":{"coordinates":[[-107.714602,41.716295],[-107.713385,41.716662],[-107.706645,41.718691],[-107.704742,41.719264],[-107.704125,41.719428],[-107.70403,41.719454],[-107.703991,41.719464],[-107.703511,41.719591],[-107.703287,41.719632],[-107.702603,41.719754],[-107.702444,41.719782],[-107.701668,41.719859],[-107.701375,41.719888],[-107.700712,41.719903],[-107.700397,41.71991],[-107.700238,41.719903],[-107.699644,41.719876],[-107.699417,41.719865],[-107.699356,41.719862],[-107.694356,41.719389],[-107.686908,41.718683],[-107.679989,41.718027],[-107.67875,41.71791],[-107.672379,41.717306],[-107.661308,41.716257],[-107.660995,41.716238],[-107.660085,41.716182],[-107.659626,41.716153],[-107.659587,41.716153],[-107.658291,41.716153],[-107.657921,41.716152],[-107.656874,41.716219],[-107.656164,41.716264],[-107.656078,41.716269],[-107.655767,41.716309],[-107.654615,41.716455],[-107.654556,41.716463],[-107.654379,41.716485],[-107.653124,41.716693],[-107.648572,41.717444],[-107.647704,41.717587],[-107.6439,41.71824],[-107.642551,41.718471],[-107.639903,41.718908],[-107.63711,41.719369],[-107.633903,41.719897],[-107.632803,41.720078],[-107.629187,41.720674],[-107.628878,41.720725],[-107.626154,41.721157],[-107.623185,41.721627],[-107.620534,41.722065],[-107.613173,41.723278],[-107.612915,41.72332],[-107.612115,41.723425],[-107.611793,41.723466],[-107.611403,41.723489],[-107.610873,41.723518],[-107.61069,41.723515],[-107.610101,41.723504],[-107.609682,41.723495],[-107.60938,41.723475],[-107.606428,41.723274],[-107.604983,41.723176],[-107.595254,41.722514],[-107.5952,41.722514],[-107.594671,41.722507],[-107.5946,41.722506],[-107.594522,41.722504],[-107.594015,41.722527],[-107.593616,41.722545],[-107.593419,41.722566],[-107.592913,41.722619],[-107.592721,41.72265],[-107.592226,41.722728],[-107.592144,41.722747],[-107.591572,41.722875],[-107.591318,41.722932],[-107.590259,41.723245],[-107.590079,41.723303],[-107.587366,41.724172],[-107.56612,41.730976],[-107.558518,41.73341],[-107.558254,41.733494],[-107.557288,41.733788],[-107.557133,41.733829],[-107.556256,41.734059],[-107.55579,41.734157],[-107.554261,41.734475],[-107.553339,41.734657],[-107.553067,41.734711]],"type":"LineString"},"id":"REF-WAMSUTTER-RAIL-52","properties":{"canon_status":"REAL_REFERENCE","fcode":20200,"fictionality":"REAL","globalid":"{1B95823B-05D6-4D6F-B341-397E75E66E65}","lengthkm":13.18327034,"loaddate":1758113402000,"name":null,"objectid":1019631,"permanent_identifier":"aef51147-5fbf-4551-af7b-d3a6c0e7a2ef","railclassification":null,"railowner":"Union Pacific Railroad Company","railownercode":"UP","railsubdivision":"RAWLINS","railusage":"M","real_world_relation":"REFERENCE_ONLY","shape_Length":18598.158742432348,"source_datadesc":"FRA Rail Lines 07/2025","source_datasetid":"{14EEFC21-039C-4AB1-8866-0FA5FC6A7AEB}","source_featureid":"309454","source_id":"REF-WAMSUTTER-RAIL","source_originator":"Federal Railroad Administration"},"type":"Feature"},{"geometry":{"coordinates":[[-108.452926,41.596269],[-108.450461,41.596836],[-108.443571,41.598366],[-108.436178,41.600088],[-108.435004,41.600362],[-108.433695,41.600667],[-108.433611,41.600686],[-108.430511,41.601366],[-108.426604,41.602217],[-108.421869,41.603321],[-108.408111,41.606434],[-108.405775,41.606976],[-108.402467,41.607709],[-108.398571,41.608606],[-108.391851,41.610146],[-108.385091,41.611648],[-108.384012,41.611887]],"type":"LineString"},"id":"REF-WAMSUTTER-RAIL-53","properties":{"canon_status":"REAL_REFERENCE","fcode":20200,"fictionality":"REAL","globalid":"{80FAC1FF-CA36-45FF-98C5-81A7FF322275}","lengthkm":5.7081095699999995,"loaddate":1758113402000,"name":null,"objectid":1019632,"permanent_identifier":"bd427087-29a5-44e4-b3d6-7afaaf81f71a","railclassification":null,"railowner":"Union Pacific Railroad Company","railownercode":"UP","railsubdivision":"RAWLINS","railusage":"M","real_world_relation":"REFERENCE_ONLY","shape_Length":8016.247265422185,"source_datadesc":"FRA Rail Lines 07/2025","source_datasetid":"{14EEFC21-039C-4AB1-8866-0FA5FC6A7AEB}","source_featureid":"309472","source_id":"REF-WAMSUTTER-RAIL","source_originator":"Federal Railroad Administration"},"type":"Feature"},{"geometry":{"coordinates":[[-107.527902,41.739662],[-107.526956,41.739848]],"type":"LineString"},"id":"REF-WAMSUTTER-RAIL-54","properties":{"canon_status":"REAL_REFERENCE","fcode":20200,"fictionality":"REAL","globalid":"{82979646-EA90-4A95-B56B-8D8D9D7485C1}","lengthkm":0.07722588000000001,"loaddate":1758113402000,"name":null,"objectid":1019633,"permanent_identifier":"c1166eb1-9fe4-4a11-a404-9c94e2614c61","railclassification":null,"railowner":"Union Pacific Railroad Company","railownercode":"UP","railsubdivision":"RAWLINS","railusage":"M","real_world_relation":"REFERENCE_ONLY","shape_Length":108.96177835654778,"source_datadesc":"FRA Rail Lines 07/2025","source_datasetid":"{14EEFC21-039C-4AB1-8866-0FA5FC6A7AEB}","source_featureid":"309489","source_id":"REF-WAMSUTTER-RAIL","source_originator":"Federal Railroad Administration"},"type":"Feature"},{"geometry":{"coordinates":[[-106.682472,41.836695],[-106.68244,41.836681],[-106.682399,41.836663],[-106.68237,41.836648],[-106.678819,41.83489],[-106.678334,41.83465],[-106.674787,41.832894],[-106.674419,41.832712],[-106.674366,41.832686],[-106.673694,41.832375],[-106.673449,41.832262],[-106.67253,41.831885],[-106.672465,41.831862],[-106.672013,41.831706],[-106.671566,41.831552],[-106.671027,41.831367],[-106.670879,41.831316],[-106.670586,41.831237],[-106.669273,41.830884],[-106.669142,41.830849],[-106.667956,41.830613],[-106.66745,41.830513],[-106.667181,41.830478],[-106.666347,41.830369],[-106.666291,41.830361],[-106.665605,41.830272],[-106.664756,41.830211],[-106.664429,41.830188],[-106.664183,41.830171],[-106.663438,41.830155],[-106.66317,41.83015],[-106.662776,41.830142],[-106.661472,41.830179],[-106.661421,41.830181],[-106.660662,41.830242],[-106.660284,41.830273],[-106.660084,41.830289],[-106.65992,41.830303],[-106.657379,41.83065],[-106.65364,41.831161],[-106.651205,41.831494],[-106.648636,41.831846],[-106.641575,41.832812],[-106.64157,41.832812],[-106.640567,41.832972],[-106.640165,41.833056],[-106.639847,41.833124],[-106.639245,41.833287],[-106.639137,41.833317],[-106.638441,41.83355],[-106.638039,41.833712],[-106.63774,41.833833],[-106.63715,41.834116],[-106.637065,41.834157],[-106.636689,41.834368],[-106.636452,41.834502],[-106.636219,41.834654],[-106.635859,41.834891],[-106.635471,41.835187],[-106.635462,41.835194],[-106.635455,41.835199],[-106.63528,41.835334],[-106.634764,41.835798],[-106.634739,41.835824],[-106.633731,41.836906],[-106.633499,41.837156],[-106.631722,41.839129],[-106.631049,41.839878],[-106.629648,41.841433],[-106.627243,41.844106],[-106.625271,41.846297],[-106.6205,41.851598],[-106.620343,41.851759],[-106.619938,41.852174],[-106.619626,41.852443],[-106.619324,41.852704],[-106.618787,41.853076],[-106.618404,41.853343],[-106.617845,41.853662],[-106.617789,41.853694],[-106.617614,41.853794],[-106.617213,41.854024],[-106.607505,41.859384],[-106.606125,41.860147],[-106.605363,41.860539],[-106.605077,41.860662],[-106.604542,41.860893],[-106.604509,41.860908],[-106.604283,41.860984],[-106.603837,41.861134],[-106.603626,41.861206],[-106.603147,41.861331],[-106.602483,41.861506],[-106.590983,41.864284],[-106.590241,41.864463],[-106.588879,41.864792],[-106.585707,41.865558],[-106.577179,41.867619],[-106.576028,41.867897],[-106.575437,41.86804],[-106.574543,41.868232],[-106.574105,41.868302],[-106.573907,41.868335],[-106.573831,41.868342],[-106.57335,41.868392],[-106.573244,41.868404],[-106.573023,41.868427],[-106.572848,41.868432],[-106.572491,41.868442],[-106.571966,41.868458],[-106.57129,41.868445],[-106.569375,41.86841],[-106.566671,41.86836]],"type":"LineString"},"id":"REF-WAMSUTTER-RAIL-55","properties":{"canon_status":"REAL_REFERENCE","fcode":20200,"fictionality":"REAL","globalid":"{B2480DB2-F6E2-4C01-B022-7F2BDCCEB0E2}","lengthkm":11.05881372,"loaddate":1758113402000,"name":null,"objectid":1034218,"permanent_identifier":"5b0b4141-b431-49b9-a1fc-625f5e5536ae","railclassification":null,"railowner":"Union Pacific Railroad Company","railownercode":"UP","railsubdivision":"LARAMIE","railusage":"M","real_world_relation":"REFERENCE_ONLY","shape_Length":15247.556029640498,"source_datadesc":"FRA Rail Lines 07/2025","source_datasetid":"{14EEFC21-039C-4AB1-8866-0FA5FC6A7AEB}","source_featureid":"309557","source_id":"REF-WAMSUTTER-RAIL","source_originator":"Federal Railroad Administration"},"type":"Feature"},{"geometry":{"coordinates":[[-108.121749,41.651594],[-108.121479,41.651637],[-108.120096,41.651786],[-108.119943,41.651796],[-108.118991,41.651853],[-108.118735,41.651868],[-108.118606,41.651876],[-108.118398,41.651888],[-108.116963,41.651965],[-108.110832,41.652293],[-108.110003,41.652337],[-108.105872,41.652558],[-108.100013,41.652872],[-108.090497,41.65338],[-108.089692,41.653423],[-108.088802,41.653471],[-108.083113,41.653775],[-108.079316,41.653978],[-108.075102,41.654204],[-108.072093,41.654365],[-108.064932,41.654748],[-108.052323,41.655422],[-108.046992,41.655707],[-108.039343,41.656116],[-108.037051,41.656238],[-108.022763,41.657002],[-108.003853,41.658014],[-108.000749,41.65818]],"type":"LineString"},"id":"REF-WAMSUTTER-RAIL-56","properties":{"canon_status":"REAL_REFERENCE","fcode":20200,"fictionality":"REAL","globalid":"{1DBF48D3-6974-4330-A8F8-F6687E1B6A0D}","lengthkm":9.50897915,"loaddate":1758113402000,"name":null,"objectid":1034242,"permanent_identifier":"71ecaf15-f985-4267-b9cf-50a980e71ab7","railclassification":null,"railowner":"Union Pacific Railroad Company","railownercode":"UP","railsubdivision":"RAWLINS","railusage":"M","real_world_relation":"REFERENCE_ONLY","shape_Length":13505.955744456722,"source_datadesc":"FRA Rail Lines 07/2025","source_datasetid":"{14EEFC21-039C-4AB1-8866-0FA5FC6A7AEB}","source_featureid":"318339","source_id":"REF-WAMSUTTER-RAIL","source_originator":"Federal Railroad Administration"},"type":"Feature"},{"geometry":{"coordinates":[[-107.200994,41.784488],[-107.200794,41.784808],[-107.200313,41.785231],[-107.1996,41.78555],[-107.199236,41.785638],[-107.19909,41.785674],[-107.198637,41.78572],[-107.198629,41.785721],[-107.197677,41.785631]],"type":"LineString"},"id":"REF-WAMSUTTER-RAIL-57","properties":{"canon_status":"REAL_REFERENCE","fcode":20201,"fictionality":"REAL","globalid":"{228E7A71-C11E-4747-8553-B2CE1151DDC6}","lengthkm":0.32483806000000004,"loaddate":1758113402000,"name":null,"objectid":1036766,"permanent_identifier":"b579ce28-62ca-417d-a4eb-066713a532a9","railclassification":null,"railowner":"Union Pacific Railroad Company","railownercode":"UP","railsubdivision":null,"railusage":"O","real_world_relation":"REFERENCE_ONLY","shape_Length":446.4524746878236,"source_datadesc":"FRA Rail Lines 07/2025","source_datasetid":"{14EEFC21-039C-4AB1-8866-0FA5FC6A7AEB}","source_featureid":"307765","source_id":"REF-WAMSUTTER-RAIL","source_originator":"Federal Railroad Administration"},"type":"Feature"},{"geometry":{"coordinates":[[-108.34899,41.623024],[-108.349868,41.622684],[-108.350195,41.622448],[-108.350504,41.622029],[-108.350619,41.621515],[-108.350481,41.620944],[-108.35018,41.6205],[-108.3496,41.62022],[-108.349051,41.620069],[-108.348062,41.620101]],"type":"LineString"},"id":"REF-WAMSUTTER-RAIL-58","properties":{"canon_status":"REAL_REFERENCE","fcode":20201,"fictionality":"REAL","globalid":"{7AD82ED0-F3C1-43F6-8C05-7E933AB17F8A}","lengthkm":0.5401826000000001,"loaddate":1758113402000,"name":null,"objectid":1036865,"permanent_identifier":"4416e8e8-b746-4dd6-aaa1-8f877c931259","railclassification":null,"railowner":"Union Pacific Railroad Company","railownercode":"UP","railsubdivision":null,"railusage":"O","real_world_relation":"REFERENCE_ONLY","shape_Length":722.2015595637461,"source_datadesc":"FRA Rail Lines 07/2025","source_datasetid":"{14EEFC21-039C-4AB1-8866-0FA5FC6A7AEB}","source_featureid":"309700","source_id":"REF-WAMSUTTER-RAIL","source_originator":"Federal Railroad Administration"},"type":"Feature"},{"geometry":{"coordinates":[[-107.100247,41.778623],[-107.101292,41.778646],[-107.102082,41.778624],[-107.106189,41.778513],[-107.107959,41.778494],[-107.108683,41.778418],[-107.110424,41.778074]],"type":"LineString"},"id":"REF-WAMSUTTER-RAIL-59","properties":{"canon_status":"REAL_REFERENCE","fcode":20201,"fictionality":"REAL","globalid":"{4BD7963A-E245-46EA-9BE2-2359579F6083}","lengthkm":0.8025634,"loaddate":1758113402000,"name":null,"objectid":1037582,"permanent_identifier":"2ced5ea0-e5c1-4c1f-aaf5-2ef35904ac65","railclassification":null,"railowner":"Union Pacific Railroad Company","railownercode":"UP","railsubdivision":null,"railusage":"O","real_world_relation":"REFERENCE_ONLY","shape_Length":1140.8852640096682,"source_datadesc":"FRA Rail Lines 07/2025","source_datasetid":"{14EEFC21-039C-4AB1-8866-0FA5FC6A7AEB}","source_featureid":"321476","source_id":"REF-WAMSUTTER-RAIL","source_originator":"Federal Railroad Administration"},"type":"Feature"},{"geometry":{"coordinates":[[-107.214072,41.789388],[-107.214899,41.789329],[-107.215723,41.789271],[-107.231093,41.788179],[-107.231267,41.788166]],"type":"LineString"},"id":"REF-WAMSUTTER-RAIL-60","properties":{"canon_status":"REAL_REFERENCE","fcode":20201,"fictionality":"REAL","globalid":"{737F608D-A007-4C7E-A4AA-160BADD3EF86}","lengthkm":1.3515634,"loaddate":1758113402000,"name":"RAWLINS YARD","objectid":1037675,"permanent_identifier":"235275fc-46ed-4f21-b3fa-2886bcc48d3e","railclassification":null,"railowner":"Union Pacific Railroad Company","railownercode":"UP","railsubdivision":null,"railusage":"O","real_world_relation":"REFERENCE_ONLY","shape_Length":1922.8318178259813,"source_datadesc":"FRA Rail Lines 07/2025","source_datasetid":"{14EEFC21-039C-4AB1-8866-0FA5FC6A7AEB}","source_featureid":"323874","source_id":"REF-WAMSUTTER-RAIL","source_originator":"Federal Railroad Administration"},"type":"Feature"},{"geometry":{"coordinates":[[-107.752724,41.704765],[-107.751678,41.705082],[-107.750002,41.70559],[-107.748481,41.706052],[-107.740745,41.708397],[-107.739805,41.708681],[-107.734886,41.710135],[-107.7345,41.710253],[-107.734005,41.710403],[-107.733322,41.710611],[-107.724046,41.713435],[-107.71893,41.714991],[-107.718764,41.715041],[-107.714602,41.716295]],"type":"LineString"},"id":"REF-WAMSUTTER-RAIL-61","properties":{"canon_status":"REAL_REFERENCE","fcode":20200,"fictionality":"REAL","globalid":"{DF50CDEC-514A-43B7-9FB5-75559F1EBD7A}","lengthkm":3.2792352399999998,"loaddate":1758113402000,"name":null,"objectid":1048396,"permanent_identifier":"a954935b-831c-4f5b-98d8-619f375ce530","railclassification":null,"railowner":"Union Pacific Railroad Company","railownercode":"UP","railsubdivision":"RAWLINS","railusage":"M","real_world_relation":"REFERENCE_ONLY","shape_Length":4578.748629509864,"source_datadesc":"FRA Rail Lines 07/2025","source_datasetid":"{14EEFC21-039C-4AB1-8866-0FA5FC6A7AEB}","source_featureid":"309456","source_id":"REF-WAMSUTTER-RAIL","source_originator":"Federal Railroad Administration"},"type":"Feature"},{"geometry":{"coordinates":[[-107.275951,41.773363],[-107.274863,41.773768],[-107.270056,41.775558],[-107.265526,41.777245],[-107.262432,41.778398],[-107.261275,41.77884],[-107.260446,41.779157],[-107.260358,41.779191],[-107.259296,41.779675],[-107.258702,41.779947],[-107.258632,41.779984],[-107.256955,41.780886],[-107.256674,41.781038],[-107.254982,41.781949],[-107.253724,41.782626],[-107.253284,41.782847],[-107.253035,41.782973],[-107.252847,41.783054],[-107.25238,41.783257],[-107.252317,41.783278],[-107.251702,41.783491],[-107.251227,41.783656],[-107.249745,41.784087],[-107.247795,41.784654],[-107.247764,41.784662],[-107.247023,41.784855],[-107.246487,41.784976],[-107.240895,41.786235],[-107.237365,41.78703]],"type":"LineString"},"id":"REF-WAMSUTTER-RAIL-62","properties":{"canon_status":"REAL_REFERENCE","fcode":20200,"fictionality":"REAL","globalid":"{14E6E8CE-409D-4A32-B6EF-14394A7CCD3D}","lengthkm":3.4444646199999998,"loaddate":1758113402000,"name":null,"objectid":1048398,"permanent_identifier":"108b0017-1b64-40db-8832-1eebb3961297","railclassification":null,"railowner":"Union Pacific Railroad Company","railownercode":"UP","railsubdivision":"RAWLINS","railusage":"M","real_world_relation":"REFERENCE_ONLY","shape_Length":4783.720019369626,"source_datadesc":"FRA Rail Lines 07/2025","source_datasetid":"{14EEFC21-039C-4AB1-8866-0FA5FC6A7AEB}","source_featureid":"309533","source_id":"REF-WAMSUTTER-RAIL","source_originator":"Federal Railroad Administration"},"type":"Feature"},{"geometry":{"coordinates":[[-108.537407,41.559781],[-108.536127,41.560345],[-108.533244,41.561944],[-108.530611,41.563416],[-108.527461,41.565126],[-108.524161,41.567006],[-108.519291,41.569726],[-108.510131,41.574806],[-108.507574,41.576157],[-108.504404,41.577934],[-108.498541,41.581196],[-108.496441,41.582376],[-108.492101,41.584806],[-108.489317,41.586336],[-108.487491,41.587336],[-108.486219,41.588032],[-108.485141,41.588506],[-108.484868,41.588621],[-108.484281,41.588866],[-108.483481,41.589156],[-108.482511,41.589466],[-108.481711,41.589706],[-108.474181,41.591416],[-108.467887,41.59288]],"type":"LineString"},"id":"REF-WAMSUTTER-RAIL-63","properties":{"canon_status":"REAL_REFERENCE","fcode":20200,"fictionality":"REAL","globalid":"{DD59F727-4D6B-4AEC-9F2D-08AD2B03B81A}","lengthkm":6.773470370000001,"loaddate":1758113402000,"name":null,"objectid":1050484,"permanent_identifier":"54b72da0-9100-49a7-be1a-19095cf99f81","railclassification":null,"railowner":"Union Pacific Railroad Company","railownercode":"UP","railsubdivision":"RAWLINS","railusage":"M","real_world_relation":"REFERENCE_ONLY","shape_Length":9253.150750087596,"source_datadesc":"FRA Rail Lines 07/2025","source_datasetid":"{14EEFC21-039C-4AB1-8866-0FA5FC6A7AEB}","source_featureid":"528988","source_id":"REF-WAMSUTTER-RAIL","source_originator":"Federal Railroad Administration"},"type":"Feature"},{"geometry":{"coordinates":[[-107.197677,41.785631],[-107.195374,41.784974],[-107.193837,41.78456],[-107.192305,41.784324]],"type":"LineString"},"id":"REF-WAMSUTTER-RAIL-64","properties":{"canon_status":"REAL_REFERENCE","fcode":20201,"fictionality":"REAL","globalid":"{61B712C1-F194-42D1-A9C0-1C36B291E7A4}","lengthkm":0.44863567,"loaddate":1758113402000,"name":"RAWLINS YARD","objectid":1051029,"permanent_identifier":"486f9b22-f0df-44f5-8ac5-c5e42b418462","railclassification":null,"railowner":"Union Pacific Railroad Company","railownercode":"UP","railsubdivision":null,"railusage":"O","real_world_relation":"REFERENCE_ONLY","shape_Length":630.5259164581738,"source_datadesc":"FRA Rail Lines 07/2025","source_datasetid":"{14EEFC21-039C-4AB1-8866-0FA5FC6A7AEB}","source_featureid":"308815","source_id":"REF-WAMSUTTER-RAIL","source_originator":"Federal Railroad Administration"},"type":"Feature"},{"geometry":{"coordinates":[[-107.251336,41.783445],[-107.249868,41.783773],[-107.249092,41.783946],[-107.247062,41.784399],[-107.244083,41.785064],[-107.242326,41.785317],[-107.242248,41.785328],[-107.241889,41.785406]],"type":"LineString"},"id":"REF-WAMSUTTER-RAIL-65","properties":{"canon_status":"REAL_REFERENCE","fcode":20201,"fictionality":"REAL","globalid":"{0433DE37-3560-4DEA-9A11-EDA199F748D0}","lengthkm":0.7745965600000001,"loaddate":1758113402000,"name":"RAWLINS YARD","objectid":1051075,"permanent_identifier":"480e505c-7e8d-460e-9717-bae21d7df9b5","railclassification":null,"railowner":"Union Pacific Railroad Company","railownercode":"UP","railsubdivision":null,"railusage":"O","real_world_relation":"REFERENCE_ONLY","shape_Length":1092.5041134954608,"source_datadesc":"FRA Rail Lines 07/2025","source_datasetid":"{14EEFC21-039C-4AB1-8866-0FA5FC6A7AEB}","source_featureid":"309762","source_id":"REF-WAMSUTTER-RAIL","source_originator":"Federal Railroad Administration"},"type":"Feature"},{"geometry":{"coordinates":[[-108.340187,41.625027],[-108.339486,41.625175],[-108.336048,41.625902],[-108.335738,41.625968],[-108.335522,41.626014],[-108.332642,41.626622],[-108.328702,41.627455],[-108.325976,41.628032],[-108.324117,41.628425],[-108.321315,41.629017],[-108.321264,41.629028]],"type":"LineString"},"id":"REF-WAMSUTTER-RAIL-66","properties":{"canon_status":"REAL_REFERENCE","fcode":20200,"fictionality":"REAL","globalid":"{B8A509A8-206D-4EC1-905E-2002BBD94098}","lengthkm":1.55618171,"loaddate":1758113402000,"name":null,"objectid":1062771,"permanent_identifier":"97643571-20a5-44bd-9085-e2a490ddbc17","railclassification":null,"railowner":"Union Pacific Railroad Company","railownercode":"UP","railsubdivision":"RAWLINS","railusage":"M","real_world_relation":"REFERENCE_ONLY","shape_Length":2189.152043202297,"source_datadesc":"FRA Rail Lines 07/2025","source_datasetid":"{14EEFC21-039C-4AB1-8866-0FA5FC6A7AEB}","source_featureid":"308810","source_id":"REF-WAMSUTTER-RAIL","source_originator":"Federal Railroad Administration"},"type":"Feature"},{"geometry":{"coordinates":[[-107.112586,41.777688],[-107.11235,41.777695],[-107.111317,41.777722],[-107.111056,41.777729],[-107.11092,41.777733],[-107.098942,41.778055],[-107.097672,41.778089],[-107.097611,41.77809],[-107.096828,41.778112],[-107.096541,41.778121],[-107.096339,41.778128]],"type":"LineString"},"id":"REF-WAMSUTTER-RAIL-67","properties":{"canon_status":"REAL_REFERENCE","fcode":20200,"fictionality":"REAL","globalid":"{8ABF4011-70E1-4A88-BFE8-41FFFC1458B0}","lengthkm":1.2709929500000001,"loaddate":1758113402000,"name":null,"objectid":1062781,"permanent_identifier":"7f7b064a-b9cd-4360-b74c-5e0e1fa498ba","railclassification":null,"railowner":"Union Pacific Railroad Company","railownercode":"UP","railsubdivision":"LARAMIE","railusage":"M","real_world_relation":"REFERENCE_ONLY","shape_Length":1809.767408798189,"source_datadesc":"FRA Rail Lines 07/2025","source_datasetid":"{14EEFC21-039C-4AB1-8866-0FA5FC6A7AEB}","source_featureid":"309672","source_id":"REF-WAMSUTTER-RAIL","source_originator":"Federal Railroad Administration"},"type":"Feature"},{"geometry":{"coordinates":[[-107.241889,41.785406],[-107.241855,41.785417],[-107.241369,41.785574],[-107.240676,41.785755],[-107.23966,41.786128],[-107.238034,41.786724]],"type":"LineString"},"id":"REF-WAMSUTTER-RAIL-68","properties":{"canon_status":"REAL_REFERENCE","fcode":20201,"fictionality":"REAL","globalid":"{9FD7C647-5AEA-42B5-BD4F-7E308F2059D9}","lengthkm":0.33954581,"loaddate":1758113402000,"name":"RAWLINS YARD","objectid":1065264,"permanent_identifier":"017f01ea-a70d-4a1d-9a33-2779b43ef9eb","railclassification":null,"railowner":"Union Pacific Railroad Company","railownercode":"UP","railsubdivision":null,"railusage":"O","real_world_relation":"REFERENCE_ONLY","shape_Length":472.57186506912217,"source_datadesc":"FRA Rail Lines 07/2025","source_datasetid":"{14EEFC21-039C-4AB1-8866-0FA5FC6A7AEB}","source_featureid":"307761","source_id":"REF-WAMSUTTER-RAIL","source_originator":"Federal Railroad Administration"},"type":"Feature"},{"geometry":{"coordinates":[[-107.201503,41.783485],[-107.200994,41.784488]],"type":"LineString"},"id":"REF-WAMSUTTER-RAIL-69","properties":{"canon_status":"REAL_REFERENCE","fcode":20201,"fictionality":"REAL","globalid":"{C449AAC7-6D3E-4CF9-BCCB-7DAA560E8828}","lengthkm":0.12500341,"loaddate":1758113402000,"name":null,"objectid":1065265,"permanent_identifier":"08407e0f-5ccc-45bc-8af2-361e43cd1443","railclassification":null,"railowner":"Union Pacific Railroad Company","railownercode":"UP","railsubdivision":null,"railusage":"O","real_world_relation":"REFERENCE_ONLY","shape_Length":160.1180924190761,"source_datadesc":"FRA Rail Lines 07/2025","source_datasetid":"{14EEFC21-039C-4AB1-8866-0FA5FC6A7AEB}","source_featureid":"307764","source_id":"REF-WAMSUTTER-RAIL","source_originator":"Federal Railroad Administration"},"type":"Feature"},{"geometry":{"coordinates":[[-107.202355,41.786873],[-107.197677,41.785631]],"type":"LineString"},"id":"REF-WAMSUTTER-RAIL-70","properties":{"canon_status":"REAL_REFERENCE","fcode":20201,"fictionality":"REAL","globalid":"{855C15DC-59E1-4A73-9788-67DBCDECD924}","lengthkm":0.39395676,"loaddate":1758113402000,"name":"RAWLINS YARD","objectid":1065313,"permanent_identifier":"dffaf517-c3c6-47c4-8a7f-762ec684ff4b","railclassification":null,"railowner":"Union Pacific Railroad Company","railownercode":"UP","railsubdivision":null,"railusage":"O","real_world_relation":"REFERENCE_ONLY","shape_Length":552.7859596684996,"source_datadesc":"FRA Rail Lines 07/2025","source_datasetid":"{14EEFC21-039C-4AB1-8866-0FA5FC6A7AEB}","source_featureid":"308814","source_id":"REF-WAMSUTTER-RAIL","source_originator":"Federal Railroad Administration"},"type":"Feature"},{"geometry":{"coordinates":[[-107.765655,41.700307],[-107.765,41.700721],[-107.764351,41.701046],[-107.764026,41.701209],[-107.7617,41.702123],[-107.761483,41.702208],[-107.757539,41.703455]],"type":"LineString"},"id":"REF-WAMSUTTER-RAIL-71","properties":{"canon_status":"REAL_REFERENCE","fcode":20201,"fictionality":"REAL","globalid":"{5997E6D1-53DD-4DE7-9FC2-86E3A3E6BD9D}","lengthkm":0.73979425,"loaddate":1758113402000,"name":null,"objectid":1065347,"permanent_identifier":"96a89c36-cada-4434-8981-6cba0446be96","railclassification":null,"railowner":"Union Pacific Railroad Company","railownercode":"UP","railsubdivision":null,"railusage":"O","real_world_relation":"REFERENCE_ONLY","shape_Length":1022.7715654267915,"source_datadesc":"FRA Rail Lines 07/2025","source_datasetid":"{14EEFC21-039C-4AB1-8866-0FA5FC6A7AEB}","source_featureid":"309747","source_id":"REF-WAMSUTTER-RAIL","source_originator":"Federal Railroad Administration"},"type":"Feature"},{"geometry":{"coordinates":[[-107.238034,41.786724],[-107.237983,41.786744],[-107.237365,41.78703]],"type":"LineString"},"id":"REF-WAMSUTTER-RAIL-72","properties":{"canon_status":"REAL_REFERENCE","fcode":20201,"fictionality":"REAL","globalid":"{B8940C42-62CB-46DE-BD9A-F103CA827C9F}","lengthkm":0.06359069,"loaddate":1758113402000,"name":"RAWLINS YARD","objectid":1065858,"permanent_identifier":"5a63c5f5-c108-4ae2-adbc-f44a63baf8ad","railclassification":null,"railowner":"Union Pacific Railroad Company","railownercode":"UP","railsubdivision":null,"railusage":"O","real_world_relation":"REFERENCE_ONLY","shape_Length":87.40304941968624,"source_datadesc":"FRA Rail Lines 07/2025","source_datasetid":"{14EEFC21-039C-4AB1-8866-0FA5FC6A7AEB}","source_featureid":"318344","source_id":"REF-WAMSUTTER-RAIL","source_originator":"Federal Railroad Administration"},"type":"Feature"},{"geometry":{"coordinates":[[-107.373437,41.776208],[-107.367981,41.774458],[-107.362367,41.772657],[-107.362025,41.772548],[-107.360717,41.772181],[-107.360488,41.772117],[-107.359198,41.77184],[-107.358898,41.771775],[-107.358858,41.771767],[-107.358593,41.771723],[-107.357019,41.771467],[-107.356125,41.771321],[-107.354444,41.771047],[-107.350618,41.770424],[-107.329438,41.767085],[-107.313747,41.764611],[-107.309971,41.764016],[-107.306733,41.763506],[-107.306332,41.763458],[-107.305063,41.763309],[-107.304813,41.763293],[-107.30458,41.763279],[-107.303626,41.76322],[-107.303071,41.763213],[-107.302209,41.763204],[-107.301673,41.763225],[-107.301662,41.763226],[-107.301643,41.763226],[-107.300929,41.763255],[-107.300911,41.763256],[-107.300751,41.763263],[-107.299773,41.763345],[-107.298969,41.763444],[-107.298941,41.763447],[-107.298913,41.763451],[-107.298688,41.763479],[-107.297988,41.76359],[-107.29769,41.763638],[-107.297285,41.763719],[-107.296632,41.76385],[-107.29583,41.764043],[-107.295639,41.76409],[-107.295082,41.764247],[-107.294649,41.76437],[-107.294366,41.764462],[-107.294348,41.764468],[-107.293696,41.764683],[-107.292943,41.764965],[-107.292904,41.76498],[-107.292721,41.765049],[-107.291636,41.765525],[-107.291252,41.765694],[-107.290435,41.766113],[-107.290162,41.766253],[-107.289096,41.766878],[-107.288649,41.767155],[-107.284121,41.769972],[-107.284037,41.770016],[-107.282861,41.770646],[-107.282834,41.770661],[-107.281625,41.771219],[-107.281574,41.771239],[-107.280582,41.771633],[-107.280367,41.771719],[-107.277253,41.772878],[-107.275951,41.773363]],"type":"LineString"},"id":"REF-WAMSUTTER-RAIL-73","properties":{"canon_status":"REAL_REFERENCE","fcode":20200,"fictionality":"REAL","globalid":"{F3D7DF27-C591-4EA3-BCA7-DB7E31213E23}","lengthkm":8.2304356,"loaddate":1758113402000,"name":null,"objectid":1076960,"permanent_identifier":"db8a3d08-faa8-4cb4-8e33-1b226c225d18","railclassification":null,"railowner":"Union Pacific Railroad Company","railownercode":"UP","railsubdivision":"RAWLINS","railusage":"M","real_world_relation":"REFERENCE_ONLY","shape_Length":11546.472753773036,"source_datadesc":"FRA Rail Lines 07/2025","source_datasetid":"{14EEFC21-039C-4AB1-8866-0FA5FC6A7AEB}","source_featureid":"318349","source_id":"REF-WAMSUTTER-RAIL","source_originator":"Federal Railroad Administration"},"type":"Feature"},{"geometry":{"coordinates":[[-108.384012,41.611887],[-108.380941,41.612591],[-108.378301,41.613196],[-108.372557,41.614486],[-108.3652,41.616156],[-108.357643,41.617869],[-108.354171,41.618656],[-108.348828,41.619871],[-108.346416,41.620419]],"type":"LineString"},"id":"REF-WAMSUTTER-RAIL-74","properties":{"canon_status":"REAL_REFERENCE","fcode":20200,"fictionality":"REAL","globalid":"{4BD364EB-B1C5-40DC-BB70-55CF66AEBAFD}","lengthkm":3.11385686,"loaddate":1758113402000,"name":null,"objectid":1078988,"permanent_identifier":"aae420a9-c8cb-453a-8160-7405c1cf31e4","railclassification":null,"railowner":"Union Pacific Railroad Company","railownercode":"UP","railsubdivision":"RAWLINS","railusage":"M","real_world_relation":"REFERENCE_ONLY","shape_Length":4373.698155925992,"source_datadesc":"FRA Rail Lines 07/2025","source_datasetid":"{14EEFC21-039C-4AB1-8866-0FA5FC6A7AEB}","source_featureid":"528985","source_id":"REF-WAMSUTTER-RAIL","source_originator":"Federal Railroad Administration"},"type":"Feature"},{"geometry":{"coordinates":[[-107.229688,41.789012],[-107.228834,41.789324],[-107.227535,41.789457],[-107.223656,41.789747]],"type":"LineString"},"id":"REF-WAMSUTTER-RAIL-75","properties":{"canon_status":"REAL_REFERENCE","fcode":20201,"fictionality":"REAL","globalid":"{CF825BE5-F79F-446B-9FE2-5904C57C72ED}","lengthkm":0.48402465000000006,"loaddate":1758113402000,"name":null,"objectid":1079572,"permanent_identifier":"5965b5d3-aaa2-46ab-9f30-01791b1f0052","railclassification":null,"railowner":"Union Pacific Railroad Company","railownercode":"UP","railsubdivision":null,"railusage":"O","real_world_relation":"REFERENCE_ONLY","shape_Length":685.7766057647375,"source_datadesc":"FRA Rail Lines 07/2025","source_datasetid":"{14EEFC21-039C-4AB1-8866-0FA5FC6A7AEB}","source_featureid":"309709","source_id":"REF-WAMSUTTER-RAIL","source_originator":"Federal Railroad Administration"},"type":"Feature"},{"geometry":{"coordinates":[[-107.757539,41.703455],[-107.754479,41.704374]],"type":"LineString"},"id":"REF-WAMSUTTER-RAIL-76","properties":{"canon_status":"REAL_REFERENCE","fcode":20201,"fictionality":"REAL","globalid":"{E8028A40-A4C4-4DCD-8826-D055BF2AFF94}","lengthkm":0.26294804000000005,"loaddate":1758113402000,"name":null,"objectid":1079576,"permanent_identifier":"3eee7b64-96b2-4a1c-9f59-d7dfd442ff8b","railclassification":null,"railowner":"Union Pacific Railroad Company","railownercode":"UP","railsubdivision":null,"railusage":"O","real_world_relation":"REFERENCE_ONLY","shape_Length":367.1947298021722,"source_datadesc":"FRA Rail Lines 07/2025","source_datasetid":"{14EEFC21-039C-4AB1-8866-0FA5FC6A7AEB}","source_featureid":"309749","source_id":"REF-WAMSUTTER-RAIL","source_originator":"Federal Railroad Administration"},"type":"Feature"},{"geometry":{"coordinates":[[-107.100247,41.778623],[-107.099498,41.778496]],"type":"LineString"},"id":"REF-WAMSUTTER-RAIL-77","properties":{"canon_status":"REAL_REFERENCE","fcode":20201,"fictionality":"REAL","globalid":"{9615F845-AB4B-4BB6-B197-3323DC58785C}","lengthkm":0.06041938,"loaddate":1758113402000,"name":null,"objectid":1080270,"permanent_identifier":"e5864d6d-11df-4256-9a07-557d658f4760","railclassification":null,"railowner":"Union Pacific Railroad Company","railownercode":"UP","railsubdivision":null,"railusage":"O","real_world_relation":"REFERENCE_ONLY","shape_Length":85.48140973448571,"source_datadesc":"FRA Rail Lines 07/2025","source_datasetid":"{14EEFC21-039C-4AB1-8866-0FA5FC6A7AEB}","source_featureid":"321475","source_id":"REF-WAMSUTTER-RAIL","source_originator":"Federal Railroad Administration"},"type":"Feature"},{"geometry":{"coordinates":[[-107.110424,41.778074],[-107.111893,41.777784]],"type":"LineString"},"id":"REF-WAMSUTTER-RAIL-78","properties":{"canon_status":"REAL_REFERENCE","fcode":20201,"fictionality":"REAL","globalid":"{6A65B0A8-08AF-4A8C-BCEE-3F0281498F29}","lengthkm":0.11980060000000001,"loaddate":1758113402000,"name":null,"objectid":1080271,"permanent_identifier":"7a03ae03-2686-44f4-ba22-8f5cd4550251","railclassification":null,"railowner":"Union Pacific Railroad Company","railownercode":"UP","railsubdivision":null,"railusage":"O","real_world_relation":"REFERENCE_ONLY","shape_Length":169.12386032889535,"source_datadesc":"FRA Rail Lines 07/2025","source_datasetid":"{14EEFC21-039C-4AB1-8866-0FA5FC6A7AEB}","source_featureid":"321477","source_id":"REF-WAMSUTTER-RAIL","source_originator":"Federal Railroad Administration"},"type":"Feature"},{"geometry":{"coordinates":[[-108.348062,41.620101],[-108.346931,41.620358],[-108.346416,41.620419]],"type":"LineString"},"id":"REF-WAMSUTTER-RAIL-79","properties":{"canon_status":"REAL_REFERENCE","fcode":20201,"fictionality":"REAL","globalid":"{F2337FD4-6F8C-4869-AC13-41AF0A3C1F01}","lengthkm":0.13466783,"loaddate":1758113402000,"name":null,"objectid":1090846,"permanent_identifier":"300994f0-4c5a-4e98-b721-5916248fba2a","railclassification":null,"railowner":"Union Pacific Railroad Company","railownercode":"UP","railsubdivision":null,"railusage":"O","real_world_relation":"REFERENCE_ONLY","shape_Length":189.61540414371314,"source_datadesc":"FRA Rail Lines 07/2025","source_datasetid":"{14EEFC21-039C-4AB1-8866-0FA5FC6A7AEB}","source_featureid":"528987","source_id":"REF-WAMSUTTER-RAIL","source_originator":"Federal Railroad Administration"},"type":"Feature"},{"geometry":{"coordinates":[[-107.765655,41.700307],[-107.764877,41.700695],[-107.764848,41.700709],[-107.764655,41.700798],[-107.763959,41.701121],[-107.763417,41.701372],[-107.762863,41.701589],[-107.762116,41.70188],[-107.761666,41.702027],[-107.761636,41.702036],[-107.761309,41.702142],[-107.760344,41.702455],[-107.758874,41.702901],[-107.756184,41.703716],[-107.753324,41.704583],[-107.753291,41.704594],[-107.753233,41.704611],[-107.752724,41.704765]],"type":"LineString"},"id":"REF-WAMSUTTER-RAIL-80","properties":{"canon_status":"REAL_REFERENCE","fcode":20200,"fictionality":"REAL","globalid":"{39F1099B-6D6D-40BD-89A1-F1C813465C9B}","lengthkm":1.1440957600000001,"loaddate":1758113402000,"name":null,"objectid":1091336,"permanent_identifier":"b5622144-7e63-4b13-91bc-dc656463813a","railclassification":null,"railowner":"Union Pacific Railroad Company","railownercode":"UP","railsubdivision":"RAWLINS","railusage":"M","real_world_relation":"REFERENCE_ONLY","shape_Length":1589.5238649784094,"source_datadesc":"FRA Rail Lines 07/2025","source_datasetid":"{14EEFC21-039C-4AB1-8866-0FA5FC6A7AEB}","source_featureid":"309519","source_id":"REF-WAMSUTTER-RAIL","source_originator":"Federal Railroad Administration"},"type":"Feature"},{"geometry":{"coordinates":[[-107.821563,41.692791],[-107.819073,41.691865],[-107.817668,41.691342],[-107.817314,41.69121],[-107.816803,41.691041],[-107.816188,41.690836],[-107.815519,41.690613],[-107.814873,41.690442],[-107.813903,41.690185],[-107.812709,41.68995],[-107.812202,41.689849],[-107.8108,41.689657],[-107.810353,41.689595],[-107.809394,41.689495],[-107.809104,41.689464],[-107.808204,41.68937],[-107.807255,41.68927],[-107.806584,41.689199],[-107.806043,41.689143],[-107.805034,41.689037],[-107.801807,41.688697],[-107.800605,41.688571],[-107.799737,41.68848],[-107.798744,41.688376],[-107.796895,41.688181],[-107.796821,41.688174],[-107.796258,41.688114],[-107.795488,41.688063],[-107.795055,41.688034],[-107.79453,41.688029],[-107.794425,41.688028],[-107.794065,41.688024],[-107.793313,41.688056],[-107.79313,41.688063],[-107.792409,41.688134],[-107.792389,41.688136],[-107.792085,41.688165],[-107.791884,41.688199],[-107.791513,41.688261],[-107.790669,41.688402],[-107.790667,41.688403],[-107.79044,41.688459],[-107.789685,41.688644],[-107.789461,41.688699],[-107.788338,41.689059],[-107.788061,41.689171],[-107.78787,41.689249],[-107.787231,41.689507],[-107.786818,41.689713],[-107.786492,41.689874],[-107.786303,41.689969],[-107.783871,41.691177],[-107.780882,41.692661],[-107.778883,41.693679],[-107.777914,41.694172],[-107.776818,41.69473],[-107.776391,41.694947],[-107.775607,41.695339],[-107.768937,41.698669],[-107.767296,41.699488],[-107.765964,41.700153],[-107.76578,41.700245],[-107.765655,41.700307]],"type":"LineString"},"id":"REF-WAMSUTTER-RAIL-81","properties":{"canon_status":"REAL_REFERENCE","fcode":20200,"fictionality":"REAL","globalid":"{89E1938C-333B-4ECD-8796-D5E0C7706D32}","lengthkm":4.9376169999999995,"loaddate":1758113402000,"name":null,"objectid":1091337,"permanent_identifier":"31e9cc0c-0383-4495-bf76-da6d2b784897","railclassification":null,"railowner":"Union Pacific Railroad Company","railownercode":"UP","railsubdivision":"RAWLINS","railusage":"M","real_world_relation":"REFERENCE_ONLY","shape_Length":6864.761500603351,"source_datadesc":"FRA Rail Lines 07/2025","source_datasetid":"{14EEFC21-039C-4AB1-8866-0FA5FC6A7AEB}","source_featureid":"309538","source_id":"REF-WAMSUTTER-RAIL","source_originator":"Federal Railroad Administration"},"type":"Feature"},{"geometry":{"coordinates":[[-107.975042,41.672134],[-107.974191,41.67123]],"type":"LineString"},"id":"REF-WAMSUTTER-RAIL-82","properties":{"canon_status":"REAL_REFERENCE","fcode":20201,"fictionality":"REAL","globalid":"{DA721E65-FCA0-4C90-AFF6-CE2082D7B2D9}","lengthkm":0.12587557,"loaddate":1758113402000,"name":null,"objectid":1094004,"permanent_identifier":"51f81c46-3320-48ff-bee5-26c04d9c1b31","railclassification":null,"railowner":"Union Pacific Railroad Company","railownercode":"UP","railsubdivision":null,"railusage":"O","real_world_relation":"REFERENCE_ONLY","shape_Length":164.69661510365842,"source_datadesc":"FRA Rail Lines 07/2025","source_datasetid":"{14EEFC21-039C-4AB1-8866-0FA5FC6A7AEB}","source_featureid":"309740","source_id":"REF-WAMSUTTER-RAIL","source_originator":"Federal Railroad Administration"},"type":"Feature"},{"geometry":{"coordinates":[[-107.214072,41.789388],[-107.213253,41.78935]],"type":"LineString"},"id":"REF-WAMSUTTER-RAIL-83","properties":{"canon_status":"REAL_REFERENCE","fcode":20201,"fictionality":"REAL","globalid":"{16D294AB-F1CB-499A-8074-D60DD5FB9CA3}","lengthkm":0.06416749000000001,"loaddate":1758113402000,"name":"RAWLINS YARD","objectid":1094005,"permanent_identifier":"17c3d36e-34d5-4ef5-b47f-a5fd76effb53","railclassification":null,"railowner":"Union Pacific Railroad Company","railownercode":"UP","railsubdivision":null,"railusage":"O","real_world_relation":"REFERENCE_ONLY","shape_Length":91.35403204521684,"source_datadesc":"FRA Rail Lines 07/2025","source_datasetid":"{14EEFC21-039C-4AB1-8866-0FA5FC6A7AEB}","source_featureid":"309760","source_id":"REF-WAMSUTTER-RAIL","source_originator":"Federal Railroad Administration"},"type":"Feature"},{"geometry":{"coordinates":[[-108.384012,41.611887],[-108.383684,41.611977],[-108.382846,41.612206],[-108.374513,41.61411],[-108.360646,41.617251],[-108.34892,41.619906],[-108.348153,41.62008],[-108.348062,41.620101]],"type":"LineString"},"id":"REF-WAMSUTTER-RAIL-84","properties":{"canon_status":"REAL_REFERENCE","fcode":20201,"fictionality":"REAL","globalid":"{F4567D6D-3761-489C-9A1F-B579BED1FAAA}","lengthkm":2.97985226,"loaddate":1758113402000,"name":null,"objectid":1105183,"permanent_identifier":"d8e90ac8-0d64-4fc0-ab96-c0830aba4fca","railclassification":null,"railowner":"Union Pacific Railroad Company","railownercode":"UP","railsubdivision":null,"railusage":"O","real_world_relation":"REFERENCE_ONLY","shape_Length":4184.849004715351,"source_datadesc":"FRA Rail Lines 07/2025","source_datasetid":"{14EEFC21-039C-4AB1-8866-0FA5FC6A7AEB}","source_featureid":"528986","source_id":"REF-WAMSUTTER-RAIL","source_originator":"Federal Railroad Administration"},"type":"Feature"},{"geometry":{"coordinates":[[-108.467887,41.59288],[-108.466011,41.593362],[-108.464211,41.593915],[-108.463243,41.594198],[-108.461958,41.594582]],"type":"LineString"},"id":"REF-WAMSUTTER-RAIL-85","properties":{"canon_status":"REAL_REFERENCE","fcode":20201,"fictionality":"REAL","globalid":"{1065A003-9C47-4155-BF5E-118D9D3C8221}","lengthkm":0.5066272,"loaddate":1758113402000,"name":null,"objectid":1105184,"permanent_identifier":"51c056c7-d149-48d8-ac6b-5d1a9c357fb6","railclassification":null,"railowner":"Union Pacific Railroad Company","railownercode":"UP","railsubdivision":null,"railusage":"O","real_world_relation":"REFERENCE_ONLY","shape_Length":707.2125692336604,"source_datadesc":"FRA Rail Lines 07/2025","source_datasetid":"{14EEFC21-039C-4AB1-8866-0FA5FC6A7AEB}","source_featureid":"528989","source_id":"REF-WAMSUTTER-RAIL","source_originator":"Federal Railroad Administration"},"type":"Feature"},{"geometry":{"coordinates":[[-107.228994,41.788676],[-107.228367,41.788741],[-107.226719,41.788872],[-107.217661,41.789597],[-107.217224,41.789632],[-107.216317,41.789652],[-107.215327,41.789674]],"type":"LineString"},"id":"REF-WAMSUTTER-RAIL-86","properties":{"canon_status":"REAL_REFERENCE","fcode":20200,"fictionality":"REAL","globalid":"{CA1B30A7-4FAD-4A02-88E7-ABD19DD75534}","lengthkm":1.0751011499999998,"loaddate":1758113402000,"name":null,"objectid":1105699,"permanent_identifier":"b54d63f7-d2e3-45cc-a1cf-ebc9eb14b15e","railclassification":null,"railowner":"Union Pacific Railroad Company","railownercode":"UP","railsubdivision":"LARAMIE","railusage":"M","real_world_relation":"REFERENCE_ONLY","shape_Length":1529.2671891459408,"source_datadesc":"FRA Rail Lines 07/2025","source_datasetid":"{14EEFC21-039C-4AB1-8866-0FA5FC6A7AEB}","source_featureid":"309674","source_id":"REF-WAMSUTTER-RAIL","source_originator":"Federal Railroad Administration"},"type":"Feature"},{"geometry":{"coordinates":[[-108.422723,41.60485],[-108.421811,41.605091],[-108.42042,41.605459],[-108.409376,41.608381],[-108.407278,41.608936],[-108.406117,41.609243],[-108.405625,41.609354],[-108.404617,41.609582],[-108.404074,41.609704],[-108.399988,41.610521],[-108.393123,41.611892],[-108.392731,41.61197],[-108.392677,41.611983],[-108.392357,41.61206],[-108.391986,41.612148],[-108.385226,41.61376],[-108.381146,41.614733],[-108.380285,41.61495],[-108.379418,41.615169],[-108.3794,41.615173],[-108.377692,41.61564],[-108.374513,41.616509],[-108.37405,41.616636],[-108.370276,41.617667],[-108.369972,41.617751],[-108.36849,41.618155],[-108.362347,41.619689],[-108.362092,41.619753],[-108.358517,41.620646],[-108.354598,41.621624],[-108.34913,41.622989],[-108.34899,41.623024]],"type":"LineString"},"id":"REF-WAMSUTTER-RAIL-87","properties":{"canon_status":"REAL_REFERENCE","fcode":20200,"fictionality":"REAL","globalid":"{9322E0C2-0365-4464-88E2-E9A6B42D15E9}","lengthkm":6.16728914,"loaddate":1758113402000,"name":null,"objectid":1105734,"permanent_identifier":"1f085fd0-74c2-4af4-a541-4c6c8857a053","railclassification":null,"railowner":"Union Pacific Railroad Company","railownercode":"UP","railsubdivision":"RAWLINS","railusage":"M","real_world_relation":"REFERENCE_ONLY","shape_Length":8645.910014296234,"source_datadesc":"FRA Rail Lines 07/2025","source_datasetid":"{14EEFC21-039C-4AB1-8866-0FA5FC6A7AEB}","source_featureid":"318341","source_id":"REF-WAMSUTTER-RAIL","source_originator":"Federal Railroad Administration"},"type":"Feature"},{"geometry":{"coordinates":[[-108.467887,41.59288],[-108.465151,41.593486],[-108.458411,41.595006],[-108.452926,41.596269]],"type":"LineString"},"id":"REF-WAMSUTTER-RAIL-88","properties":{"canon_status":"REAL_REFERENCE","fcode":20200,"fictionality":"REAL","globalid":"{7E91F620-EA46-4D92-BF80-123DEE15A124}","lengthkm":1.23933489,"loaddate":1758113402000,"name":null,"objectid":1107804,"permanent_identifier":"47696833-f783-45f1-87fa-89ae668e862b","railclassification":null,"railowner":"Union Pacific Railroad Company","railownercode":"UP","railsubdivision":"RAWLINS","railusage":"M","real_world_relation":"REFERENCE_ONLY","shape_Length":1740.237647413563,"source_datadesc":"FRA Rail Lines 07/2025","source_datasetid":"{14EEFC21-039C-4AB1-8866-0FA5FC6A7AEB}","source_featureid":"528991","source_id":"REF-WAMSUTTER-RAIL","source_originator":"Federal Railroad Administration"},"type":"Feature"},{"geometry":{"coordinates":[[-107.236586,41.786969],[-107.235553,41.787206],[-107.23216,41.787963],[-107.231741,41.788039]],"type":"LineString"},"id":"REF-WAMSUTTER-RAIL-89","properties":{"canon_status":"REAL_REFERENCE","fcode":20201,"fictionality":"REAL","globalid":"{2493A310-BB2A-43C6-83B6-110BFF4EB8F0}","lengthkm":0.39920967,"loaddate":1758113402000,"name":"RAWLINS YARD","objectid":1108388,"permanent_identifier":"12f63b50-dd09-4e16-bf16-63061560d037","railclassification":null,"railowner":"Union Pacific Railroad Company","railownercode":"UP","railsubdivision":null,"railusage":"O","real_world_relation":"REFERENCE_ONLY","shape_Length":562.50872960015,"source_datadesc":"FRA Rail Lines 07/2025","source_datasetid":"{14EEFC21-039C-4AB1-8866-0FA5FC6A7AEB}","source_featureid":"309753","source_id":"REF-WAMSUTTER-RAIL","source_originator":"Federal Railroad Administration"},"type":"Feature"},{"geometry":{"coordinates":[[-107.240584,41.785698],[-107.240515,41.785702],[-107.239506,41.785755],[-107.238638,41.785713],[-107.237712,41.785755],[-107.23676,41.785955]],"type":"LineString"},"id":"REF-WAMSUTTER-RAIL-90","properties":{"canon_status":"REAL_REFERENCE","fcode":20201,"fictionality":"REAL","globalid":"{04F1E786-AEDD-44AE-93EF-E2E009B3B92D}","lengthkm":0.30317500000000003,"loaddate":1758113402000,"name":null,"objectid":1109089,"permanent_identifier":"ea217169-405f-416c-bc89-a59d956f2d34","railclassification":null,"railowner":"Union Pacific Railroad Company","railownercode":"UP","railsubdivision":null,"railusage":"O","real_world_relation":"REFERENCE_ONLY","shape_Length":430.5437213968098,"source_datadesc":"FRA Rail Lines 07/2025","source_datasetid":"{14EEFC21-039C-4AB1-8866-0FA5FC6A7AEB}","source_featureid":"322043","source_id":"REF-WAMSUTTER-RAIL","source_originator":"Federal Railroad Administration"},"type":"Feature"},{"geometry":{"coordinates":[[-107.971793,41.670629],[-107.971243,41.671014],[-107.970769,41.671345],[-107.970411,41.671582],[-107.970175,41.671738],[-107.969888,41.671928],[-107.969805,41.671983],[-107.969271,41.672336],[-107.969042,41.672487],[-107.968987,41.67252],[-107.968755,41.672657],[-107.968249,41.672957],[-107.966945,41.673729],[-107.966932,41.673737],[-107.966915,41.673747],[-107.966764,41.673837],[-107.966743,41.673849]],"type":"LineString"},"id":"REF-WAMSUTTER-RAIL-91","properties":{"canon_status":"REAL_REFERENCE","fcode":20200,"fictionality":"REAL","globalid":"{2D5D7783-59F2-46F1-AFA3-28341C39ADC7}","lengthkm":0.5490417400000001,"loaddate":1758113402000,"name":null,"objectid":1120161,"permanent_identifier":"26d3b097-3de0-4e7f-bbc6-57eaff169240","railclassification":null,"railowner":"Union Pacific Railroad Company","railownercode":"UP","railsubdivision":"RAWLINS","railusage":"M","real_world_relation":"REFERENCE_ONLY","shape_Length":739.6348344150979,"source_datadesc":"FRA Rail Lines 07/2025","source_datasetid":"{14EEFC21-039C-4AB1-8866-0FA5FC6A7AEB}","source_featureid":"309261","source_id":"REF-WAMSUTTER-RAIL","source_originator":"Federal Railroad Administration"},"type":"Feature"},{"geometry":{"coordinates":[[-107.111893,41.777784],[-107.111,41.777857],[-107.110207,41.777886],[-107.099292,41.778274],[-107.098887,41.778274],[-107.098104,41.778274]],"type":"LineString"},"id":"REF-WAMSUTTER-RAIL-92","properties":{"canon_status":"REAL_REFERENCE","fcode":20201,"fictionality":"REAL","globalid":"{6278C127-134E-4968-8919-AB977500A26C}","lengthkm":1.07970629,"loaddate":1758113402000,"name":null,"objectid":1122750,"permanent_identifier":"d2deafdd-2158-4c55-8ded-d803f5ff44a9","railclassification":null,"railowner":"Union Pacific Railroad Company","railownercode":"UP","railsubdivision":null,"railusage":"O","real_world_relation":"REFERENCE_ONLY","shape_Length":1537.1081016171386,"source_datadesc":"FRA Rail Lines 07/2025","source_datasetid":"{14EEFC21-039C-4AB1-8866-0FA5FC6A7AEB}","source_featureid":"308822","source_id":"REF-WAMSUTTER-RAIL","source_originator":"Federal Railroad Administration"},"type":"Feature"},{"geometry":{"coordinates":[[-107.275951,41.773363],[-107.274452,41.773784],[-107.274175,41.773869],[-107.273503,41.774111],[-107.267922,41.77621],[-107.266977,41.776565],[-107.264438,41.777532],[-107.261176,41.778734],[-107.261142,41.778747],[-107.26015,41.779126],[-107.259221,41.779529],[-107.258548,41.779869],[-107.256832,41.780811],[-107.256268,41.781115],[-107.25479,41.78191],[-107.253183,41.78275],[-107.25267,41.782964],[-107.252337,41.783102],[-107.25179,41.783303],[-107.251336,41.783445]],"type":"LineString"},"id":"REF-WAMSUTTER-RAIL-93","properties":{"canon_status":"REAL_REFERENCE","fcode":20201,"fictionality":"REAL","globalid":"{92CABDE4-9EF8-48C2-B6C1-3F3D2B82FA74}","lengthkm":2.27051443,"loaddate":1758113402000,"name":"RAWLINS YARD","objectid":1122799,"permanent_identifier":"da37a38d-29e9-4b2e-b359-533711c7c1b4","railclassification":null,"railowner":"Union Pacific Railroad Company","railownercode":"UP","railsubdivision":null,"railusage":"O","real_world_relation":"REFERENCE_ONLY","shape_Length":3135.6808381891306,"source_datadesc":"FRA Rail Lines 07/2025","source_datasetid":"{14EEFC21-039C-4AB1-8866-0FA5FC6A7AEB}","source_featureid":"309751","source_id":"REF-WAMSUTTER-RAIL","source_originator":"Federal Railroad Administration"},"type":"Feature"},{"geometry":{"coordinates":[[-107.230999,41.787862],[-107.216405,41.788985]],"type":"LineString"},"id":"REF-WAMSUTTER-RAIL-94","properties":{"canon_status":"REAL_REFERENCE","fcode":20201,"fictionality":"REAL","globalid":"{36295D36-216E-46CD-89CC-365F18EB42EB}","lengthkm":1.14822233,"loaddate":1758113402000,"name":"RAWLINS YARD","objectid":1122800,"permanent_identifier":"7cc7d4b1-4d6f-4930-82e9-f61d80fb0da6","railclassification":null,"railowner":"Union Pacific Railroad Company","railownercode":"UP","railsubdivision":null,"railusage":"O","real_world_relation":"REFERENCE_ONLY","shape_Length":1633.1927699581183,"source_datadesc":"FRA Rail Lines 07/2025","source_datasetid":"{14EEFC21-039C-4AB1-8866-0FA5FC6A7AEB}","source_featureid":"309757","source_id":"REF-WAMSUTTER-RAIL","source_originator":"Federal Railroad Administration"},"type":"Feature"},{"geometry":{"coordinates":[[-106.803189,41.953992],[-106.803011,41.955517],[-106.802888,41.957093],[-106.802861,41.957437],[-106.802881,41.957687],[-106.802991,41.958007],[-106.803231,41.958397],[-106.803501,41.958677],[-106.803891,41.958947],[-106.804341,41.959187],[-106.804901,41.959337],[-106.805481,41.959407],[-106.805961,41.959397],[-106.806242,41.959348],[-106.806402,41.959321],[-106.806541,41.959297],[-106.806991,41.959157],[-106.807216,41.959048],[-106.807491,41.958917],[-106.807751,41.958737],[-106.808071,41.958377],[-106.808311,41.957987],[-106.808451,41.957557],[-106.808481,41.957297],[-106.808461,41.957117],[-106.808361,41.956767],[-106.808231,41.956527],[-106.807841,41.955997],[-106.805011,41.953217],[-106.803395,41.951584],[-106.803111,41.951297]],"type":"LineString"},"id":"REF-WAMSUTTER-RAIL-95","properties":{"canon_status":"REAL_REFERENCE","fcode":20200,"fictionality":"REAL","globalid":"{AD13A9E4-10AF-4B48-8297-B837D71A95F4}","lengthkm":1.9592848600000001,"loaddate":1758113402000,"name":null,"objectid":1122820,"permanent_identifier":"26f1a33a-b687-411f-b9f1-4ae5d6bfbd2c","railclassification":null,"railowner":"Union Pacific Railroad Company","railownercode":"UP","railsubdivision":"MEDICINE BOW INDUSTRIAL LEAD","railusage":"X","real_world_relation":"REFERENCE_ONLY","shape_Length":2574.7698593315645,"source_datadesc":"FRA Rail Lines 07/2025","source_datasetid":"{14EEFC21-039C-4AB1-8866-0FA5FC6A7AEB}","source_featureid":"310063","source_id":"REF-WAMSUTTER-RAIL","source_originator":"Federal Railroad Administration"},"type":"Feature"},{"geometry":{"coordinates":[[-108.452926,41.596269],[-108.454686,41.595937],[-108.457746,41.595457],[-108.458097,41.595394],[-108.458843,41.595262],[-108.460616,41.594899]],"type":"LineString"},"id":"REF-WAMSUTTER-RAIL-96","properties":{"canon_status":"REAL_REFERENCE","fcode":20201,"fictionality":"REAL","globalid":"{CCA713F9-BD08-4963-9E85-C5E2399C7958}","lengthkm":0.6244011700000001,"loaddate":1758113402000,"name":null,"objectid":1133960,"permanent_identifier":"1cec80d9-936a-4821-a428-630d6af81c7c","railclassification":null,"railowner":"Union Pacific Railroad Company","railownercode":"UP","railsubdivision":null,"railusage":"O","real_world_relation":"REFERENCE_ONLY","shape_Length":880.2504937980897,"source_datadesc":"FRA Rail Lines 07/2025","source_datasetid":"{14EEFC21-039C-4AB1-8866-0FA5FC6A7AEB}","source_featureid":"528992","source_id":"REF-WAMSUTTER-RAIL","source_originator":"Federal Railroad Administration"},"type":"Feature"},{"geometry":{"coordinates":[[-108.346416,41.620419],[-108.345389,41.620649],[-108.34364,41.621034],[-108.339951,41.621893],[-108.339271,41.622046],[-108.335871,41.622806],[-108.333611,41.623286],[-108.331557,41.62375],[-108.327891,41.624576],[-108.324175,41.625442],[-108.322966,41.625724],[-108.321688,41.625985],[-108.320764,41.626145],[-108.319686,41.62627],[-108.318861,41.626316],[-108.317921,41.626376],[-108.317101,41.626406],[-108.316131,41.626396],[-108.315291,41.626366],[-108.314181,41.626276],[-108.313476,41.626209],[-108.310698,41.625942],[-108.308157,41.625653],[-108.304256,41.625242],[-108.301722,41.624967],[-108.298774,41.624657],[-108.298402,41.624617],[-108.289094,41.623611],[-108.285761,41.623251],[-108.280421,41.622676],[-108.278498,41.622501],[-108.278404,41.622492],[-108.277461,41.622406],[-108.27681,41.622395]],"type":"LineString"},"id":"REF-WAMSUTTER-RAIL-97","properties":{"canon_status":"REAL_REFERENCE","fcode":20200,"fictionality":"REAL","globalid":"{6A4BF39F-60D2-4EB1-AE7C-9EB288247F4B}","lengthkm":5.6040924,"loaddate":1758113402000,"name":null,"objectid":1134475,"permanent_identifier":"ca61e5b7-cc25-4d75-bcfa-b8c1685e846f","railclassification":null,"railowner":"Union Pacific Railroad Company","railownercode":"UP","railsubdivision":"RAWLINS","railusage":"M","real_world_relation":"REFERENCE_ONLY","shape_Length":7917.055956210605,"source_datadesc":"FRA Rail Lines 07/2025","source_datasetid":"{14EEFC21-039C-4AB1-8866-0FA5FC6A7AEB}","source_featureid":"309558","source_id":"REF-WAMSUTTER-RAIL","source_originator":"Federal Railroad Administration"},"type":"Feature"},{"geometry":{"coordinates":[[-107.966743,41.673849],[-107.965039,41.674857],[-107.964786,41.675007],[-107.955188,41.680629],[-107.95516,41.680645],[-107.954329,41.681132]],"type":"LineString"},"id":"REF-WAMSUTTER-RAIL-98","properties":{"canon_status":"REAL_REFERENCE","fcode":20200,"fictionality":"REAL","globalid":"{7BF2B127-5926-4B10-BCF8-FA52B665A3CA}","lengthkm":1.29790983,"loaddate":1758113402000,"name":null,"objectid":1134476,"permanent_identifier":"46a34aa6-197c-415b-ba42-340fc2a98d50","railclassification":null,"railowner":"Union Pacific Railroad Company","railownercode":"UP","railsubdivision":"RAWLINS","railusage":"M","real_world_relation":"REFERENCE_ONLY","shape_Length":1757.166445611982,"source_datadesc":"FRA Rail Lines 07/2025","source_datasetid":"{14EEFC21-039C-4AB1-8866-0FA5FC6A7AEB}","source_featureid":"309593","source_id":"REF-WAMSUTTER-RAIL","source_originator":"Federal Railroad Administration"},"type":"Feature"},{"geometry":{"coordinates":[[-107.107155,41.780359],[-107.105927,41.78015],[-107.104482,41.779643],[-107.103017,41.779093]],"type":"LineString"},"id":"REF-WAMSUTTER-RAIL-99","properties":{"canon_status":"REAL_REFERENCE","fcode":20201,"fictionality":"REAL","globalid":"{5D2C0359-89B8-4F01-907B-1D1C7B167B10}","lengthkm":0.35865807000000005,"loaddate":1758113402000,"name":null,"objectid":1137119,"permanent_identifier":"2a0bc98c-32fd-4977-aa72-00dc40aa1a32","railclassification":null,"railowner":"Union Pacific Railroad Company","railownercode":"UP","railsubdivision":null,"railusage":"O","real_world_relation":"REFERENCE_ONLY","shape_Length":500.63372996243413,"source_datadesc":"FRA Rail Lines 07/2025","source_datasetid":"{14EEFC21-039C-4AB1-8866-0FA5FC6A7AEB}","source_featureid":"308820","source_id":"REF-WAMSUTTER-RAIL","source_originator":"Federal Railroad Administration"},"type":"Feature"},{"geometry":{"coordinates":[[-107.109782,41.779136],[-107.103927,41.779166],[-107.103017,41.779093]],"type":"LineString"},"id":"REF-WAMSUTTER-RAIL-100","properties":{"canon_status":"REAL_REFERENCE","fcode":20201,"fictionality":"REAL","globalid":"{C8626B55-5E4C-447E-A9C3-91747CBC2111}","lengthkm":0.52933552,"loaddate":1758113402000,"name":null,"objectid":1137120,"permanent_identifier":"6248a143-f547-4a5c-8ed4-994e81e9a9d6","railclassification":null,"railowner":"Union Pacific Railroad Company","railownercode":"UP","railsubdivision":null,"railusage":"O","real_world_relation":"REFERENCE_ONLY","shape_Length":753.7083720284127,"source_datadesc":"FRA Rail Lines 07/2025","source_datasetid":"{14EEFC21-039C-4AB1-8866-0FA5FC6A7AEB}","source_featureid":"308821","source_id":"REF-WAMSUTTER-RAIL","source_originator":"Federal Railroad Administration"},"type":"Feature"},{"geometry":{"coordinates":[[-108.340187,41.625027],[-108.33941,41.62526],[-108.336612,41.625835],[-108.33416,41.626352],[-108.331543,41.626921],[-108.329048,41.627462],[-108.3247,41.628362],[-108.321677,41.629004],[-108.321264,41.629028]],"type":"LineString"},"id":"REF-WAMSUTTER-RAIL-101","properties":{"canon_status":"REAL_REFERENCE","fcode":20201,"fictionality":"REAL","globalid":"{DAD85287-E718-43E7-94C7-0F2430A0F593}","lengthkm":1.5574539799999998,"loaddate":1758113402000,"name":null,"objectid":1137170,"permanent_identifier":"cb963ea2-527b-441d-8c84-1bd230933c65","railclassification":null,"railowner":"Union Pacific Railroad Company","railownercode":"UP","railsubdivision":null,"railusage":"O","real_world_relation":"REFERENCE_ONLY","shape_Length":2190.6134046090624,"source_datadesc":"FRA Rail Lines 07/2025","source_datasetid":"{14EEFC21-039C-4AB1-8866-0FA5FC6A7AEB}","source_featureid":"309701","source_id":"REF-WAMSUTTER-RAIL","source_originator":"Federal Railroad Administration"},"type":"Feature"},{"geometry":{"coordinates":[[-107.219915,41.787823],[-107.218511,41.787931],[-107.217318,41.788025],[-107.217237,41.788031],[-107.216781,41.788115],[-107.216411,41.788265],[-107.215437,41.78898],[-107.214615,41.789224],[-107.214507,41.789256]],"type":"LineString"},"id":"REF-WAMSUTTER-RAIL-102","properties":{"canon_status":"REAL_REFERENCE","fcode":20201,"fictionality":"REAL","globalid":"{777C8ADF-6303-4EAA-8E0D-F85FAA3072BD}","lengthkm":0.47506779000000005,"loaddate":1758113402000,"name":"RAWLINS YARD","objectid":1137172,"permanent_identifier":"2f243654-9eba-4275-a76e-5deeaf40ea34","railclassification":null,"railowner":"Union Pacific Railroad Company","railownercode":"UP","railsubdivision":null,"railusage":"O","real_world_relation":"REFERENCE_ONLY","shape_Length":662.5653142526683,"source_datadesc":"FRA Rail Lines 07/2025","source_datasetid":"{14EEFC21-039C-4AB1-8866-0FA5FC6A7AEB}","source_featureid":"309758","source_id":"REF-WAMSUTTER-RAIL","source_originator":"Federal Railroad Administration"},"type":"Feature"},{"geometry":{"coordinates":[[-107.216405,41.788985],[-107.214507,41.789256]],"type":"LineString"},"id":"REF-WAMSUTTER-RAIL-103","properties":{"canon_status":"REAL_REFERENCE","fcode":20201,"fictionality":"REAL","globalid":"{26341067-5A09-4739-B4D8-A2ED7E0C0354}","lengthkm":0.15180573000000003,"loaddate":1758113402000,"name":"RAWLINS YARD","objectid":1137173,"permanent_identifier":"98161d35-258b-4798-bb2f-ed55335b10ec","railclassification":null,"railowner":"Union Pacific Railroad Company","railownercode":"UP","railsubdivision":null,"railusage":"O","real_world_relation":"REFERENCE_ONLY","shape_Length":215.20644604706948,"source_datadesc":"FRA Rail Lines 07/2025","source_datasetid":"{14EEFC21-039C-4AB1-8866-0FA5FC6A7AEB}","source_featureid":"309759","source_id":"REF-WAMSUTTER-RAIL","source_originator":"Federal Railroad Administration"},"type":"Feature"},{"geometry":{"coordinates":[[-107.238034,41.786724],[-107.236586,41.786969]],"type":"LineString"},"id":"REF-WAMSUTTER-RAIL-104","properties":{"canon_status":"REAL_REFERENCE","fcode":20201,"fictionality":"REAL","globalid":"{3358BA5B-6B72-4C9E-855D-572DD400893D}","lengthkm":0.11682072,"loaddate":1758113402000,"name":"RAWLINS YARD","objectid":1137940,"permanent_identifier":"e7e26cb6-c4e2-49b3-8b35-a0128a80a6e7","railclassification":null,"railowner":"Union Pacific Railroad Company","railownercode":"UP","railsubdivision":null,"railusage":"O","real_world_relation":"REFERENCE_ONLY","shape_Length":165.30668972236145,"source_datadesc":"FRA Rail Lines 07/2025","source_datasetid":"{14EEFC21-039C-4AB1-8866-0FA5FC6A7AEB}","source_featureid":"322045","source_id":"REF-WAMSUTTER-RAIL","source_originator":"Federal Railroad Administration"},"type":"Feature"},{"geometry":{"coordinates":[[-107.834748,41.697695],[-107.833898,41.697379],[-107.831096,41.696337],[-107.83056,41.696138],[-107.829579,41.695773],[-107.828915,41.695526],[-107.828808,41.695486],[-107.828629,41.695419],[-107.82828,41.69529],[-107.826313,41.694558],[-107.826055,41.694462],[-107.825566,41.69428],[-107.824371,41.693835],[-107.822452,41.693122],[-107.821563,41.692791]],"type":"LineString"},"id":"REF-WAMSUTTER-RAIL-105","properties":{"canon_status":"REAL_REFERENCE","fcode":20200,"fictionality":"REAL","globalid":"{6AD85EE8-4BBC-49EE-8D4C-3FA2F9350DD7}","lengthkm":1.18349934,"loaddate":1758113402000,"name":null,"objectid":1148779,"permanent_identifier":"6672bb42-92bd-4948-8e3a-ac40bdd2bb71","railclassification":null,"railowner":"Union Pacific Railroad Company","railownercode":"UP","railsubdivision":"RAWLINS","railusage":"M","real_world_relation":"REFERENCE_ONLY","shape_Length":1639.8162758204533,"source_datadesc":"FRA Rail Lines 07/2025","source_datasetid":"{14EEFC21-039C-4AB1-8866-0FA5FC6A7AEB}","source_featureid":"309537","source_id":"REF-WAMSUTTER-RAIL","source_originator":"Federal Railroad Administration"},"type":"Feature"},{"geometry":{"coordinates":[[-107.230457,41.788483],[-107.229746,41.788599],[-107.229743,41.788599],[-107.228994,41.788676]],"type":"LineString"},"id":"REF-WAMSUTTER-RAIL-106","properties":{"canon_status":"REAL_REFERENCE","fcode":20200,"fictionality":"REAL","globalid":"{93244569-51EC-499F-9BA3-7FEF870D1D95}","lengthkm":0.11667922000000001,"loaddate":1758113402000,"name":null,"objectid":1148782,"permanent_identifier":"51fc3c8a-10bd-4f27-96d4-0c6581b21f70","railclassification":null,"railowner":"Union Pacific Railroad Company","railownercode":"UP","railsubdivision":"LARAMIE","railusage":"M","real_world_relation":"REFERENCE_ONLY","shape_Length":165.48888357109115,"source_datadesc":"FRA Rail Lines 07/2025","source_datasetid":"{14EEFC21-039C-4AB1-8866-0FA5FC6A7AEB}","source_featureid":"309675","source_id":"REF-WAMSUTTER-RAIL","source_originator":"Federal Railroad Administration"},"type":"Feature"}],"type":"FeatureCollection"}
