{"features":[{"geometry":{"coordinates":[[-108.036581,41.665029],[-108.035631,41.665166],[-108.033421,41.665456],[-108.032081,41.665626],[-108.031714,41.665676]],"type":"LineString"},"id":"REF-WAMSUTTER-HIGHWAYS-1","properties":{"canon_status":"REAL_REFERENCE","county_route":null,"federal_lands_route":null,"fictionality":"REAL","globalid":"{1C4B94D0-328D-47FE-8099-78097B324D74}","interstate":"80","interstate_a":"80","interstate_b":null,"interstate_c":null,"loaddate":1506094583000,"mtfcc_code":"S1100","name":"I- 80","objectid":312815,"permanent_identifier":"cc97ba99-0ba8-4db2-83f2-091982547ad2","real_world_relation":"REFERENCE_ONLY","shape_Length":550.3207130209324,"source_datadesc":"2017 July MAFTIGER","source_datasetid":"{B41E6A36-7E6B-487C-BFBD-A70E5E7C4156}","source_featureid":"1104475543690","source_id":"REF-WAMSUTTER-HIGHWAYS","source_originator":"U.S. Department of Commerce, U.S. Census Bureau, Geography Division","state_route":null,"state_route_a":null,"state_route_b":null,"state_route_c":null,"stco_fipscode":"56037","tnmfrc":1,"us_route":"30","us_route_a":"30","us_route_b":null,"us_route_c":null},"type":"Feature"},{"geometry":{"coordinates":[[-107.371806,41.787095],[-107.371225,41.786929],[-107.369483,41.786429],[-107.369034,41.7863]],"type":"LineString"},"id":"REF-WAMSUTTER-HIGHWAYS-2","properties":{"canon_status":"REAL_REFERENCE","county_route":null,"federal_lands_route":null,"fictionality":"REAL","globalid":"{BB3CF118-5EED-410B-8110-FE54E6A00028}","interstate":"80","interstate_a":"80","interstate_b":null,"interstate_c":null,"loaddate":1506626360000,"mtfcc_code":"S1100","name":"I- 80","objectid":566736,"permanent_identifier":"acebbc61-be08-469f-8dab-6f6c43f99606","real_world_relation":"REFERENCE_ONLY","shape_Length":330.61697533227846,"source_datadesc":"2017 July MAFTIGER","source_datasetid":"{84D2183D-8BB4-4DBB-8848-8FBC90DB5400}","source_featureid":"1105321138234","source_id":"REF-WAMSUTTER-HIGHWAYS","source_originator":"U.S. Department of Commerce, U.S. Census Bureau, Geography Division","state_route":"789","state_route_a":"789","state_route_b":null,"state_route_c":null,"stco_fipscode":"56007","tnmfrc":1,"us_route":"30","us_route_a":"30","us_route_b":null,"us_route_c":null},"type":"Feature"},{"geometry":{"coordinates":[[-107.732731,41.727666],[-107.731904,41.727841],[-107.731881,41.727846],[-107.730631,41.728166],[-107.729436,41.728426],[-107.728611,41.728606]],"type":"LineString"},"id":"REF-WAMSUTTER-HIGHWAYS-3","properties":{"canon_status":"REAL_REFERENCE","county_route":null,"federal_lands_route":null,"fictionality":"REAL","globalid":"{D3BF7F2F-EC37-43E1-B2AE-F3BB2EB39EF1}","interstate":"80","interstate_a":"80","interstate_b":null,"interstate_c":null,"loaddate":1506094584000,"mtfcc_code":"S1100","name":"I- 80","objectid":567406,"permanent_identifier":"8ab4fe30-e127-4d18-9f86-7faecda0a353","real_world_relation":"REFERENCE_ONLY","shape_Length":479.712425924829,"source_datadesc":"2017 July MAFTIGER","source_datasetid":"{B41E6A36-7E6B-487C-BFBD-A70E5E7C4156}","source_featureid":"1104475543690","source_id":"REF-WAMSUTTER-HIGHWAYS","source_originator":"U.S. Department of Commerce, U.S. Census Bureau, Geography Division","state_route":null,"state_route_a":null,"state_route_b":null,"state_route_c":null,"stco_fipscode":"56037","tnmfrc":1,"us_route":"30","us_route_a":"30","us_route_b":null,"us_route_c":null},"type":"Feature"},{"geometry":{"coordinates":[[-107.972962,41.678424],[-107.970451,41.679556],[-107.967481,41.680926],[-107.965791,41.681686],[-107.963501,41.682726],[-107.961731,41.683546],[-107.960745,41.683996],[-107.959428,41.684598],[-107.959061,41.684766],[-107.957501,41.685496],[-107.956381,41.685996],[-107.953151,41.687466],[-107.952131,41.687936],[-107.950941,41.688476],[-107.950211,41.688796],[-107.949141,41.689196],[-107.948281,41.689486],[-107.947421,41.689756],[-107.946291,41.690076],[-107.943251,41.69099],[-107.940534,41.691797],[-107.937511,41.692696],[-107.935771,41.693206],[-107.931821,41.694376],[-107.929881,41.694956],[-107.927141,41.695766],[-107.925506,41.696253],[-107.923581,41.696826],[-107.922607,41.697114],[-107.921451,41.697456],[-107.915301,41.699296],[-107.913581,41.699796],[-107.911971,41.700286],[-107.909699,41.700964],[-107.907581,41.701596],[-107.906691,41.701846],[-107.905941,41.702066],[-107.904291,41.702566],[-107.903441,41.702816],[-107.902971,41.702956],[-107.901851,41.703286],[-107.900461,41.703676],[-107.899161,41.704016],[-107.897151,41.704446],[-107.895301,41.704776],[-107.893351,41.705056],[-107.892311,41.705166],[-107.890071,41.705386],[-107.888031,41.705476],[-107.886501,41.705556],[-107.884871,41.705656],[-107.884147,41.705689],[-107.883571,41.705716],[-107.877631,41.706036],[-107.877161,41.706056],[-107.875651,41.706156],[-107.875275,41.706176],[-107.873361,41.706276],[-107.870301,41.706416],[-107.869101,41.706446],[-107.867261,41.706466],[-107.864461,41.706446],[-107.861661,41.706356],[-107.860011,41.706256],[-107.859123,41.706206],[-107.856791,41.706076],[-107.853911,41.705926],[-107.852249,41.705834],[-107.850851,41.705756],[-107.847161,41.705536]],"type":"LineString"},"id":"REF-WAMSUTTER-HIGHWAYS-4","properties":{"canon_status":"REAL_REFERENCE","county_route":null,"federal_lands_route":null,"fictionality":"REAL","globalid":"{A0D051FB-11B5-42B3-AE43-D44C51F2E3AB}","interstate":"80","interstate_a":"80","interstate_b":null,"interstate_c":null,"loaddate":1506094584000,"mtfcc_code":"S1100","name":"I- 80","objectid":694533,"permanent_identifier":"36563fe9-0743-49fc-8628-6cd92b039178","real_world_relation":"REFERENCE_ONLY","shape_Length":14908.401487037998,"source_datadesc":"2017 July MAFTIGER","source_datasetid":"{B41E6A36-7E6B-487C-BFBD-A70E5E7C4156}","source_featureid":"1104475543690","source_id":"REF-WAMSUTTER-HIGHWAYS","source_originator":"U.S. Department of Commerce, U.S. Census Bureau, Geography Division","state_route":null,"state_route_a":null,"state_route_b":null,"state_route_c":null,"stco_fipscode":"56037","tnmfrc":1,"us_route":"30","us_route_a":"30","us_route_b":null,"us_route_c":null},"type":"Feature"},{"geometry":{"coordinates":[[-107.680601,41.739526],[-107.678541,41.739996],[-107.676201,41.740536],[-107.673571,41.741116],[-107.671251,41.741496],[-107.669731,41.741716],[-107.668421,41.741856],[-107.666731,41.742026],[-107.665501,41.742116],[-107.663951,41.742206],[-107.659314,41.742544],[-107.658601,41.742596],[-107.655271,41.742826],[-107.649631,41.743206],[-107.646251,41.743466],[-107.642732,41.743705],[-107.638741,41.743976],[-107.637876,41.744038],[-107.635301,41.744226],[-107.630211,41.744576],[-107.626451,41.744856],[-107.624291,41.744995],[-107.623314,41.745074],[-107.621039,41.745215],[-107.618457,41.745397]],"type":"LineString"},"id":"REF-WAMSUTTER-HIGHWAYS-5","properties":{"canon_status":"REAL_REFERENCE","county_route":null,"federal_lands_route":null,"fictionality":"REAL","globalid":"{5FB22C11-70DB-4FA9-842A-51A361EC3973}","interstate":"80","interstate_a":"80","interstate_b":null,"interstate_c":null,"loaddate":1506094584000,"mtfcc_code":"S1100","name":"I- 80","objectid":1202976,"permanent_identifier":"618a8488-aa86-4f45-817b-f38aefb67321","real_world_relation":"REFERENCE_ONLY","shape_Length":6989.0841062397385,"source_datadesc":"2017 July MAFTIGER","source_datasetid":"{B41E6A36-7E6B-487C-BFBD-A70E5E7C4156}","source_featureid":"1104475543690","source_id":"REF-WAMSUTTER-HIGHWAYS","source_originator":"U.S. Department of Commerce, U.S. Census Bureau, Geography Division","state_route":"789","state_route_a":"789","state_route_b":null,"state_route_c":null,"stco_fipscode":"56037","tnmfrc":1,"us_route":"30","us_route_a":"30","us_route_b":null,"us_route_c":null},"type":"Feature"},{"geometry":{"coordinates":[[-107.463071,41.773957],[-107.460105,41.774628],[-107.455251,41.775727],[-107.451192,41.776628],[-107.44951,41.777002],[-107.448215,41.777283],[-107.442706,41.778523],[-107.437761,41.779637],[-107.434933,41.780271],[-107.426169,41.782218],[-107.423023,41.782917],[-107.420656,41.78345],[-107.419276,41.783761],[-107.415432,41.78463],[-107.415141,41.784689],[-107.413756,41.784972],[-107.413103,41.785104],[-107.411854,41.785358],[-107.411138,41.785477],[-107.41048,41.785588]],"type":"LineString"},"id":"REF-WAMSUTTER-HIGHWAYS-6","properties":{"canon_status":"REAL_REFERENCE","county_route":null,"federal_lands_route":null,"fictionality":"REAL","globalid":"{DA91EE75-62D4-4D04-A5F6-138DC82364F8}","interstate":"80","interstate_a":"80","interstate_b":null,"interstate_c":null,"loaddate":1506626360000,"mtfcc_code":"S1100","name":"I- 80","objectid":1203236,"permanent_identifier":"238296dd-5e75-4da7-a9d1-0d159a61f3a3","real_world_relation":"REFERENCE_ONLY","shape_Length":6106.955986274174,"source_datadesc":"2017 July MAFTIGER","source_datasetid":"{84D2183D-8BB4-4DBB-8848-8FBC90DB5400}","source_featureid":"1105321138234","source_id":"REF-WAMSUTTER-HIGHWAYS","source_originator":"U.S. Department of Commerce, U.S. Census Bureau, Geography Division","state_route":"789","state_route_a":"789","state_route_b":null,"state_route_c":null,"stco_fipscode":"56007","tnmfrc":1,"us_route":"30","us_route_a":"30","us_route_b":null,"us_route_c":null},"type":"Feature"},{"geometry":{"coordinates":[[-107.082311,41.772457],[-107.08214,41.772492],[-107.081627,41.772599],[-107.081457,41.772635],[-107.080847,41.772761],[-107.080391,41.772857],[-107.079015,41.773129],[-107.078404,41.77325],[-107.078321,41.773267],[-107.077673,41.773361],[-107.076821,41.773487],[-107.075468,41.773584],[-107.074731,41.773637]],"type":"LineString"},"id":"REF-WAMSUTTER-HIGHWAYS-7","properties":{"canon_status":"REAL_REFERENCE","county_route":null,"federal_lands_route":null,"fictionality":"REAL","globalid":"{74033890-9636-4B54-80FE-F11B69A9DC39}","interstate":"80","interstate_a":"80","interstate_b":null,"interstate_c":null,"loaddate":1506626360000,"mtfcc_code":"S1100","name":"I- 80","objectid":1712106,"permanent_identifier":"b7d26562-7249-4284-8cf6-0a164601aded","real_world_relation":"REFERENCE_ONLY","shape_Length":864.2471584779144,"source_datadesc":"2017 July MAFTIGER","source_datasetid":"{84D2183D-8BB4-4DBB-8848-8FBC90DB5400}","source_featureid":"1105321138235","source_id":"REF-WAMSUTTER-HIGHWAYS","source_originator":"U.S. Department of Commerce, U.S. Census Bureau, Geography Division","state_route":null,"state_route_a":null,"state_route_b":null,"state_route_c":null,"stco_fipscode":"56007","tnmfrc":1,"us_route":"30,287","us_route_a":"30,287","us_route_b":null,"us_route_c":null},"type":"Feature"},{"geometry":{"coordinates":[[-107.985141,41.672836],[-107.984912,41.672943],[-107.984227,41.673265],[-107.984141,41.673306],[-107.983998,41.673371],[-107.983351,41.673662],[-107.982611,41.673996],[-107.981415,41.674541],[-107.980771,41.674836]],"type":"LineString"},"id":"REF-WAMSUTTER-HIGHWAYS-8","properties":{"canon_status":"REAL_REFERENCE","county_route":null,"federal_lands_route":null,"fictionality":"REAL","globalid":"{CF72C7F2-78CD-4F27-944A-8C8A189DDB13}","interstate":"80","interstate_a":"80","interstate_b":null,"interstate_c":null,"loaddate":1506094583000,"mtfcc_code":"S1100","name":"I- 80","objectid":1839462,"permanent_identifier":"5e9fbf23-d817-42cc-97d5-469ac7bdae81","real_world_relation":"REFERENCE_ONLY","shape_Length":570.5349459453499,"source_datadesc":"2017 July MAFTIGER","source_datasetid":"{B41E6A36-7E6B-487C-BFBD-A70E5E7C4156}","source_featureid":"1104475543690","source_id":"REF-WAMSUTTER-HIGHWAYS","source_originator":"U.S. Department of Commerce, U.S. Census Bureau, Geography Division","state_route":null,"state_route_a":null,"state_route_b":null,"state_route_c":null,"stco_fipscode":"56037","tnmfrc":1,"us_route":"30","us_route_a":"30","us_route_b":null,"us_route_c":null},"type":"Feature"},{"geometry":{"coordinates":[[-107.847161,41.705536],[-107.845831,41.705456],[-107.843501,41.705336],[-107.843055,41.705311],[-107.840791,41.705186],[-107.838661,41.705116],[-107.837681,41.705126],[-107.835981,41.705136],[-107.834651,41.705206],[-107.833261,41.705306],[-107.832011,41.705416],[-107.831211,41.705496],[-107.830743,41.705559],[-107.829951,41.705666],[-107.828861,41.705826],[-107.827711,41.706036],[-107.826691,41.706246],[-107.824911,41.706656],[-107.822351,41.707206],[-107.821021,41.707516],[-107.819291,41.707906],[-107.81885,41.708007],[-107.817615,41.708294],[-107.817131,41.708406],[-107.814931,41.708886],[-107.813211,41.709316],[-107.810321,41.709966],[-107.808621,41.710366],[-107.803551,41.711506],[-107.795701,41.713296],[-107.795347,41.713376],[-107.791371,41.714276],[-107.78752,41.715196],[-107.787301,41.715248],[-107.787101,41.715296],[-107.786641,41.71539],[-107.786421,41.715436]],"type":"LineString"},"id":"REF-WAMSUTTER-HIGHWAYS-9","properties":{"canon_status":"REAL_REFERENCE","county_route":null,"federal_lands_route":null,"fictionality":"REAL","globalid":"{5EF52164-8253-408E-9C9C-BE6FAC0974DD}","interstate":"80","interstate_a":"80","interstate_b":null,"interstate_c":null,"loaddate":1506094584000,"mtfcc_code":"S1100","name":"I- 80","objectid":2348112,"permanent_identifier":"73437719-3df6-437e-ba60-c8f9fdd4ab1a","real_world_relation":"REFERENCE_ONLY","shape_Length":6984.183815305718,"source_datadesc":"2017 July MAFTIGER","source_datasetid":"{B41E6A36-7E6B-487C-BFBD-A70E5E7C4156}","source_featureid":"1104475543690","source_id":"REF-WAMSUTTER-HIGHWAYS","source_originator":"U.S. Department of Commerce, U.S. Census Bureau, Geography Division","state_route":null,"state_route_a":null,"state_route_b":null,"state_route_c":null,"stco_fipscode":"56037","tnmfrc":1,"us_route":"30","us_route_a":"30","us_route_b":null,"us_route_c":null},"type":"Feature"},{"geometry":{"coordinates":[[-107.779881,41.716456],[-107.781461,41.716106],[-107.782711,41.715816]],"type":"LineString"},"id":"REF-WAMSUTTER-HIGHWAYS-10","properties":{"canon_status":"REAL_REFERENCE","county_route":null,"federal_lands_route":null,"fictionality":"REAL","globalid":"{E50C53BA-4BB4-4DDF-8021-277D2C91B080}","interstate":"80","interstate_a":"80","interstate_b":null,"interstate_c":null,"loaddate":1506094583000,"mtfcc_code":"S1100","name":"I- 80","objectid":2602639,"permanent_identifier":"62feaad2-21e3-4a5a-b8cb-8fefd4e9c563","real_world_relation":"REFERENCE_ONLY","shape_Length":329.18170853620023,"source_datadesc":"2017 July MAFTIGER","source_datasetid":"{B41E6A36-7E6B-487C-BFBD-A70E5E7C4156}","source_featureid":"1104475605869","source_id":"REF-WAMSUTTER-HIGHWAYS","source_originator":"U.S. Department of Commerce, U.S. Census Bureau, Geography Division","state_route":null,"state_route_a":null,"state_route_b":null,"state_route_c":null,"stco_fipscode":"56037","tnmfrc":1,"us_route":"30","us_route_a":"30","us_route_b":null,"us_route_c":null},"type":"Feature"},{"geometry":{"coordinates":[[-107.311061,41.776597],[-107.3078,41.776832],[-107.306101,41.776957],[-107.305713,41.776988],[-107.305069,41.77704]],"type":"LineString"},"id":"REF-WAMSUTTER-HIGHWAYS-11","properties":{"canon_status":"REAL_REFERENCE","county_route":null,"federal_lands_route":null,"fictionality":"REAL","globalid":"{B4714F5A-FEB2-46E6-AFBB-E3CF6E6FC97E}","interstate":"80","interstate_a":"80","interstate_b":null,"interstate_c":null,"loaddate":1506626360000,"mtfcc_code":"S1100","name":"I- 80","objectid":2602977,"permanent_identifier":"889a6768-3a8f-48e0-b012-2a8bbf6aa98c","real_world_relation":"REFERENCE_ONLY","shape_Length":670.3018414744148,"source_datadesc":"2017 July MAFTIGER","source_datasetid":"{84D2183D-8BB4-4DBB-8848-8FBC90DB5400}","source_featureid":"1104483923163","source_id":"REF-WAMSUTTER-HIGHWAYS","source_originator":"U.S. Department of Commerce, U.S. Census Bureau, Geography Division","state_route":"789","state_route_a":"789","state_route_b":null,"state_route_c":null,"stco_fipscode":"56007","tnmfrc":1,"us_route":"30","us_route_a":"30","us_route_b":null,"us_route_c":null},"type":"Feature"},{"geometry":{"coordinates":[[-107.728611,41.728606],[-107.727777,41.728809],[-107.727381,41.728906],[-107.725551,41.729326],[-107.725268,41.729389],[-107.724431,41.729576]],"type":"LineString"},"id":"REF-WAMSUTTER-HIGHWAYS-12","properties":{"canon_status":"REAL_REFERENCE","county_route":null,"federal_lands_route":null,"fictionality":"REAL","globalid":"{B273F24C-BC0F-404C-B852-28316203C13E}","interstate":"80","interstate_a":"80","interstate_b":null,"interstate_c":null,"loaddate":1506094583000,"mtfcc_code":"S1100","name":"I- 80","objectid":2730023,"permanent_identifier":"5b315d18-8f1f-4a56-9a82-e2572633fc1a","real_world_relation":"REFERENCE_ONLY","shape_Length":487.315215494663,"source_datadesc":"2017 July MAFTIGER","source_datasetid":"{B41E6A36-7E6B-487C-BFBD-A70E5E7C4156}","source_featureid":"1104475543690","source_id":"REF-WAMSUTTER-HIGHWAYS","source_originator":"U.S. Department of Commerce, U.S. Census Bureau, Geography Division","state_route":"789","state_route_a":"789","state_route_b":null,"state_route_c":null,"stco_fipscode":"56037","tnmfrc":1,"us_route":"30","us_route_a":"30","us_route_b":null,"us_route_c":null},"type":"Feature"},{"geometry":{"coordinates":[[-108.30986,41.630543],[-108.308778,41.630527],[-108.307841,41.630513],[-108.307661,41.630509]],"type":"LineString"},"id":"REF-WAMSUTTER-HIGHWAYS-13","properties":{"canon_status":"REAL_REFERENCE","county_route":null,"federal_lands_route":null,"fictionality":"REAL","globalid":"{2BEDC794-1538-418F-9780-5D65EA1C5374}","interstate":"80","interstate_a":"80","interstate_b":null,"interstate_c":null,"loaddate":1506094583000,"mtfcc_code":"S1100","name":"I- 80","objectid":2858119,"permanent_identifier":"ca76bea4-e5a4-4491-8501-2445e278d413","real_world_relation":"REFERENCE_ONLY","shape_Length":244.84486051958487,"source_datadesc":"2017 July MAFTIGER","source_datasetid":"{B41E6A36-7E6B-487C-BFBD-A70E5E7C4156}","source_featureid":"1104475543690","source_id":"REF-WAMSUTTER-HIGHWAYS","source_originator":"U.S. Department of Commerce, U.S. Census Bureau, Geography Division","state_route":null,"state_route_a":null,"state_route_b":null,"state_route_c":null,"stco_fipscode":"56037","tnmfrc":1,"us_route":"30","us_route_a":"30","us_route_b":null,"us_route_c":null},"type":"Feature"},{"geometry":{"coordinates":[[-107.200321,41.789047],[-107.199837,41.789147],[-107.19927,41.789232],[-107.19883,41.78928],[-107.198353,41.789311],[-107.197591,41.789327]],"type":"LineString"},"id":"REF-WAMSUTTER-HIGHWAYS-14","properties":{"canon_status":"REAL_REFERENCE","county_route":null,"federal_lands_route":null,"fictionality":"REAL","globalid":"{99E839B8-0D1E-4159-A941-BF9C0822A255}","interstate":"80","interstate_a":"80","interstate_b":null,"interstate_c":null,"loaddate":1749656015000,"mtfcc_code":"S1100","name":"I- 80","objectid":3747818,"permanent_identifier":"93227f0c-c2e5-4740-b1dc-e67db341fa76","real_world_relation":"REFERENCE_ONLY","shape_Length":307.97343850429684,"source_datadesc":"2021 February MAF/TIGER","source_datasetid":"{E0D31206-F7BC-49A5-ABD6-A45460094F50}","source_featureid":"1104483923163","source_id":"REF-WAMSUTTER-HIGHWAYS","source_originator":"U.S. Department of Commerce, U.S. Census Bureau, Geography Division","state_route":null,"state_route_a":null,"state_route_b":null,"state_route_c":null,"stco_fipscode":"56007","tnmfrc":1,"us_route":"30","us_route_a":"30","us_route_b":null,"us_route_c":null},"type":"Feature"},{"geometry":{"coordinates":[[-108.133611,41.650414],[-108.136981,41.649686],[-108.139111,41.649236],[-108.141011,41.648846],[-108.143781,41.648246],[-108.146001,41.647776],[-108.147461,41.647476],[-108.149101,41.647126],[-108.151181,41.646676],[-108.152831,41.646306],[-108.154651,41.645966],[-108.155651,41.645786],[-108.156461,41.645656],[-108.157561,41.645486],[-108.159031,41.645316],[-108.162421,41.644986],[-108.164031,41.644816],[-108.166711,41.644546],[-108.169321,41.644276],[-108.171371,41.644096],[-108.173911,41.643846],[-108.176111,41.643616],[-108.177441,41.643466],[-108.179301,41.643286],[-108.180751,41.643156],[-108.182641,41.642946],[-108.184133,41.642803],[-108.185251,41.642696],[-108.189311,41.642276],[-108.190601,41.642136],[-108.191671,41.642026],[-108.192351,41.641946],[-108.197551,41.641446],[-108.199491,41.641246],[-108.201241,41.641056],[-108.202721,41.640906],[-108.204371,41.640746],[-108.206641,41.640516],[-108.208208,41.640363],[-108.209921,41.640196],[-108.212051,41.639976],[-108.213811,41.639806],[-108.215851,41.639626],[-108.215899,41.639621],[-108.218501,41.639376],[-108.220951,41.639106],[-108.222821,41.638906],[-108.22408,41.63879],[-108.224341,41.638766],[-108.226371,41.638566],[-108.228291,41.638366],[-108.229831,41.638216],[-108.231161,41.638076],[-108.233091,41.637886],[-108.236361,41.637536],[-108.237761,41.637336],[-108.241701,41.636746],[-108.243661,41.636446],[-108.248801,41.635656],[-108.251001,41.635296],[-108.252981,41.634996],[-108.254901,41.634686],[-108.25659,41.634425],[-108.257361,41.634306],[-108.257936,41.634213]],"type":"LineString"},"id":"REF-WAMSUTTER-HIGHWAYS-15","properties":{"canon_status":"REAL_REFERENCE","county_route":null,"federal_lands_route":null,"fictionality":"REAL","globalid":"{BF5D74EC-0665-4AE0-80FC-F3C374FD9029}","interstate":"80","interstate_a":"80","interstate_b":null,"interstate_c":null,"loaddate":1506094583000,"mtfcc_code":"S1100","name":"I- 80","objectid":4385529,"permanent_identifier":"694d9f63-dc43-41fa-b9e4-a84c87066346","real_world_relation":"REFERENCE_ONLY","shape_Length":14070.121144841693,"source_datadesc":"2017 July MAFTIGER","source_datasetid":"{B41E6A36-7E6B-487C-BFBD-A70E5E7C4156}","source_featureid":"1104475605869","source_id":"REF-WAMSUTTER-HIGHWAYS","source_originator":"U.S. Department of Commerce, U.S. Census Bureau, Geography Division","state_route":null,"state_route_a":null,"state_route_b":null,"state_route_c":null,"stco_fipscode":"56037","tnmfrc":1,"us_route":"30","us_route_a":"30","us_route_b":null,"us_route_c":null},"type":"Feature"},{"geometry":{"coordinates":[[-108.462671,41.638416],[-108.463461,41.638476],[-108.465151,41.638566],[-108.466651,41.638656],[-108.467941,41.638726],[-108.468501,41.638766],[-108.470204,41.638869],[-108.476941,41.639276],[-108.478071,41.639336],[-108.479821,41.639446],[-108.482991,41.639656],[-108.483278,41.639665]],"type":"LineString"},"id":"REF-WAMSUTTER-HIGHWAYS-16","properties":{"canon_status":"REAL_REFERENCE","county_route":null,"federal_lands_route":null,"fictionality":"REAL","globalid":"{9EB2318C-19F7-4AF8-99A2-6F74C106566C}","interstate":"80","interstate_a":"80","interstate_b":null,"interstate_c":null,"loaddate":1506094583000,"mtfcc_code":"S1100","name":"I- 80","objectid":4512752,"permanent_identifier":"c956be3e-22c7-47a0-a8b9-5145fb48a418","real_world_relation":"REFERENCE_ONLY","shape_Length":2301.5734482700245,"source_datadesc":"2017 July MAFTIGER","source_datasetid":"{B41E6A36-7E6B-487C-BFBD-A70E5E7C4156}","source_featureid":"1104475605869","source_id":"REF-WAMSUTTER-HIGHWAYS","source_originator":"U.S. Department of Commerce, U.S. Census Bureau, Geography Division","state_route":null,"state_route_a":null,"state_route_b":null,"state_route_c":null,"stco_fipscode":"56037","tnmfrc":1,"us_route":"30","us_route_a":"30","us_route_b":null,"us_route_c":null},"type":"Feature"},{"geometry":{"coordinates":[[-108.378691,41.633296],[-108.379361,41.633326],[-108.380241,41.633386],[-108.380731,41.633426],[-108.381265,41.633454]],"type":"LineString"},"id":"REF-WAMSUTTER-HIGHWAYS-17","properties":{"canon_status":"REAL_REFERENCE","county_route":null,"federal_lands_route":null,"fictionality":"REAL","globalid":"{E835646C-9912-4AF6-85C0-D9EAC23235FF}","interstate":"80","interstate_a":"80","interstate_b":null,"interstate_c":null,"loaddate":1506094584000,"mtfcc_code":"S1100","name":"I- 80","objectid":4512820,"permanent_identifier":"296a8def-70b4-4813-880c-946a911a8897","real_world_relation":"REFERENCE_ONLY","shape_Length":287.54736828239703,"source_datadesc":"2017 July MAFTIGER","source_datasetid":"{B41E6A36-7E6B-487C-BFBD-A70E5E7C4156}","source_featureid":"1104475605869","source_id":"REF-WAMSUTTER-HIGHWAYS","source_originator":"U.S. Department of Commerce, U.S. Census Bureau, Geography Division","state_route":null,"state_route_a":null,"state_route_b":null,"state_route_c":null,"stco_fipscode":"56037","tnmfrc":1,"us_route":"30","us_route_a":"30","us_route_b":null,"us_route_c":null},"type":"Feature"},{"geometry":{"coordinates":[[-107.311101,41.777027],[-107.309929,41.77711],[-107.307721,41.777268],[-107.306416,41.77737],[-107.305246,41.777464]],"type":"LineString"},"id":"REF-WAMSUTTER-HIGHWAYS-18","properties":{"canon_status":"REAL_REFERENCE","county_route":null,"federal_lands_route":null,"fictionality":"REAL","globalid":"{02727B1A-C611-46F1-A65C-0383E1BE4A43}","interstate":"80","interstate_a":"80","interstate_b":null,"interstate_c":null,"loaddate":1506626360000,"mtfcc_code":"S1100","name":"I- 80","objectid":4767665,"permanent_identifier":"051cbf3a-abf4-48e7-be0b-f4739673c399","real_world_relation":"REFERENCE_ONLY","shape_Length":655.0411591685045,"source_datadesc":"2017 July MAFTIGER","source_datasetid":"{84D2183D-8BB4-4DBB-8848-8FBC90DB5400}","source_featureid":"1105321138234","source_id":"REF-WAMSUTTER-HIGHWAYS","source_originator":"U.S. Department of Commerce, U.S. Census Bureau, Geography Division","state_route":"789","state_route_a":"789","state_route_b":null,"state_route_c":null,"stco_fipscode":"56007","tnmfrc":1,"us_route":"30","us_route_a":"30","us_route_b":null,"us_route_c":null},"type":"Feature"},{"geometry":{"coordinates":[[-108.257936,41.634213],[-108.258601,41.634106],[-108.259391,41.633996],[-108.260591,41.633816],[-108.261811,41.633626]],"type":"LineString"},"id":"REF-WAMSUTTER-HIGHWAYS-19","properties":{"canon_status":"REAL_REFERENCE","county_route":null,"federal_lands_route":null,"fictionality":"REAL","globalid":"{CBBFDD2B-095B-45E0-8628-FA633A755263}","interstate":"80","interstate_a":"80","interstate_b":null,"interstate_c":null,"loaddate":1506094584000,"mtfcc_code":"S1100","name":"I- 80","objectid":5280458,"permanent_identifier":"6a71a8a5-7de6-4870-bda7-67fd43df9d84","real_world_relation":"REFERENCE_ONLY","shape_Length":440.1529185957978,"source_datadesc":"2017 July MAFTIGER","source_datasetid":"{B41E6A36-7E6B-487C-BFBD-A70E5E7C4156}","source_featureid":"1104475605869","source_id":"REF-WAMSUTTER-HIGHWAYS","source_originator":"U.S. Department of Commerce, U.S. Census Bureau, Geography Division","state_route":null,"state_route_a":null,"state_route_b":null,"state_route_c":null,"stco_fipscode":"56037","tnmfrc":1,"us_route":"30","us_route_a":"30","us_route_b":null,"us_route_c":null},"type":"Feature"},{"geometry":{"coordinates":[[-108.265821,41.633323],[-108.265341,41.633396],[-108.26519,41.633418],[-108.264736,41.633484],[-108.264586,41.633507],[-108.264046,41.633585],[-108.263771,41.633626],[-108.262429,41.63384],[-108.261891,41.633926]],"type":"LineString"},"id":"REF-WAMSUTTER-HIGHWAYS-20","properties":{"canon_status":"REAL_REFERENCE","county_route":null,"federal_lands_route":null,"fictionality":"REAL","globalid":"{4D5033B1-410E-4743-80AB-B153E70BB285}","interstate":"80","interstate_a":"80","interstate_b":null,"interstate_c":null,"loaddate":1506094584000,"mtfcc_code":"S1100","name":"I- 80","objectid":5407320,"permanent_identifier":"78fe93d4-50b0-43da-8407-375b611b2783","real_world_relation":"REFERENCE_ONLY","shape_Length":446.62415043255885,"source_datadesc":"2017 July MAFTIGER","source_datasetid":"{B41E6A36-7E6B-487C-BFBD-A70E5E7C4156}","source_featureid":"1104475543690","source_id":"REF-WAMSUTTER-HIGHWAYS","source_originator":"U.S. Department of Commerce, U.S. Census Bureau, Geography Division","state_route":null,"state_route_a":null,"state_route_b":null,"state_route_c":null,"stco_fipscode":"56037","tnmfrc":1,"us_route":"30","us_route_a":"30","us_route_b":null,"us_route_c":null},"type":"Feature"},{"geometry":{"coordinates":[[-108.12833,41.651835],[-108.127862,41.651939],[-108.127341,41.652056],[-108.126333,41.652265],[-108.126091,41.652316],[-108.125824,41.652374],[-108.125317,41.652485],[-108.124888,41.652578],[-108.124391,41.652686],[-108.122853,41.653015]],"type":"LineString"},"id":"REF-WAMSUTTER-HIGHWAYS-21","properties":{"canon_status":"REAL_REFERENCE","county_route":null,"federal_lands_route":null,"fictionality":"REAL","globalid":"{ADE317E6-16A8-4EC0-B52D-948EB07713F5}","interstate":"80","interstate_a":"80","interstate_b":null,"interstate_c":null,"loaddate":1749656015000,"mtfcc_code":"S1100","name":"I- 80","objectid":5535001,"permanent_identifier":"da2b80ae-54f3-4087-a7c3-3fe84579d5fb","real_world_relation":"REFERENCE_ONLY","shape_Length":634.5650625755682,"source_datadesc":"2021 February MAF/TIGER","source_datasetid":"{E0D31206-F7BC-49A5-ABD6-A45460094F50}","source_featureid":"1104475543690","source_id":"REF-WAMSUTTER-HIGHWAYS","source_originator":"U.S. Department of Commerce, U.S. Census Bureau, Geography Division","state_route":null,"state_route_a":null,"state_route_b":null,"state_route_c":null,"stco_fipscode":"56037","tnmfrc":1,"us_route":"30","us_route_a":"30","us_route_b":null,"us_route_c":null},"type":"Feature"},{"geometry":{"coordinates":[[-108.313249,41.630394],[-108.314451,41.630436],[-108.315023,41.630454],[-108.316011,41.630486],[-108.319101,41.630606],[-108.320681,41.630656],[-108.322181,41.630716],[-108.323511,41.630746],[-108.324391,41.630796],[-108.326231,41.630846],[-108.327881,41.630906],[-108.329741,41.630986],[-108.331271,41.631026],[-108.332751,41.631086],[-108.333891,41.631116],[-108.335891,41.631196],[-108.337571,41.631256],[-108.339591,41.631336],[-108.341451,41.631386],[-108.343591,41.631476],[-108.346181,41.631556],[-108.347541,41.631606],[-108.34786,41.631615]],"type":"LineString"},"id":"REF-WAMSUTTER-HIGHWAYS-22","properties":{"canon_status":"REAL_REFERENCE","county_route":null,"federal_lands_route":null,"fictionality":"REAL","globalid":"{38D643F1-5DF8-4824-A5C5-8BAC2AB02125}","interstate":"80","interstate_a":"80","interstate_b":null,"interstate_c":null,"loaddate":1506094584000,"mtfcc_code":"S1100","name":"I- 80","objectid":5918256,"permanent_identifier":"37443bf2-ba33-46a3-aec1-c10eb7b24cbd","real_world_relation":"REFERENCE_ONLY","shape_Length":3857.3285942177,"source_datadesc":"2017 July MAFTIGER","source_datasetid":"{B41E6A36-7E6B-487C-BFBD-A70E5E7C4156}","source_featureid":"1104475605869","source_id":"REF-WAMSUTTER-HIGHWAYS","source_originator":"U.S. Department of Commerce, U.S. Census Bureau, Geography Division","state_route":null,"state_route_a":null,"state_route_b":null,"state_route_c":null,"stco_fipscode":"56037","tnmfrc":1,"us_route":"30","us_route_a":"30","us_route_b":null,"us_route_c":null},"type":"Feature"},{"geometry":{"coordinates":[[-106.961541,41.754141],[-106.958361,41.753497],[-106.9574,41.753255]],"type":"LineString"},"id":"REF-WAMSUTTER-HIGHWAYS-23","properties":{"canon_status":"REAL_REFERENCE","county_route":null,"federal_lands_route":null,"fictionality":"REAL","globalid":"{460BA8BA-ECC5-4E5B-B9B0-CBC16D1CA176}","interstate":"80","interstate_a":"80","interstate_b":null,"interstate_c":null,"loaddate":1506626360000,"mtfcc_code":"S1100","name":"I- 80","objectid":6173423,"permanent_identifier":"39552454-e5c8-4c06-b09a-27b028b879e0","real_world_relation":"REFERENCE_ONLY","shape_Length":479.71602164365197,"source_datadesc":"2017 July MAFTIGER","source_datasetid":"{84D2183D-8BB4-4DBB-8848-8FBC90DB5400}","source_featureid":"1104483923163","source_id":"REF-WAMSUTTER-HIGHWAYS","source_originator":"U.S. Department of Commerce, U.S. Census Bureau, Geography Division","state_route":null,"state_route_a":null,"state_route_b":null,"state_route_c":null,"stco_fipscode":"56007","tnmfrc":1,"us_route":"30,287","us_route_a":"30,287","us_route_b":null,"us_route_c":null},"type":"Feature"},{"geometry":{"coordinates":[[-107.782901,41.716236],[-107.782352,41.71636],[-107.781091,41.716646],[-107.780708,41.716736],[-107.780161,41.716866]],"type":"LineString"},"id":"REF-WAMSUTTER-HIGHWAYS-24","properties":{"canon_status":"REAL_REFERENCE","county_route":null,"federal_lands_route":null,"fictionality":"REAL","globalid":"{D6633C5A-E326-4E9A-BFD6-E8AB04899BE5}","interstate":"80","interstate_a":"80","interstate_b":null,"interstate_c":null,"loaddate":1506094583000,"mtfcc_code":"S1100","name":"I- 80","objectid":6301679,"permanent_identifier":"fd5ce760-6e59-4137-9922-1761b239e846","real_world_relation":"REFERENCE_ONLY","shape_Length":319.1634440661543,"source_datadesc":"2017 July MAFTIGER","source_datasetid":"{B41E6A36-7E6B-487C-BFBD-A70E5E7C4156}","source_featureid":"1104475543690","source_id":"REF-WAMSUTTER-HIGHWAYS","source_originator":"U.S. Department of Commerce, U.S. Census Bureau, Geography Division","state_route":null,"state_route_a":null,"state_route_b":null,"state_route_c":null,"stco_fipscode":"56037","tnmfrc":1,"us_route":"30","us_route_a":"30","us_route_b":null,"us_route_c":null},"type":"Feature"},{"geometry":{"coordinates":[[-107.785831,41.715116],[-107.787901,41.714626],[-107.790871,41.713946],[-107.792091,41.713686],[-107.794971,41.713016],[-107.797511,41.712446],[-107.800731,41.711706],[-107.803491,41.711066],[-107.806251,41.710446],[-107.808441,41.709946],[-107.809901,41.709626],[-107.813695,41.708751],[-107.815241,41.708396],[-107.816031,41.708226],[-107.818207,41.707711],[-107.818821,41.707566],[-107.820991,41.707066],[-107.822321,41.706766],[-107.823461,41.706516],[-107.826511,41.705796],[-107.829451,41.705137],[-107.829501,41.705126],[-107.831571,41.704656],[-107.833961,41.704096],[-107.834702,41.703926],[-107.835831,41.703666],[-107.838911,41.702976],[-107.840851,41.702696],[-107.842621,41.702546],[-107.844291,41.702536],[-107.845421,41.702576],[-107.846991,41.702696],[-107.848491,41.702896],[-107.849821,41.703136]],"type":"LineString"},"id":"REF-WAMSUTTER-HIGHWAYS-25","properties":{"canon_status":"REAL_REFERENCE","county_route":null,"federal_lands_route":null,"fictionality":"REAL","globalid":"{2E7A6941-58DC-4267-9997-4540850EE7BA}","interstate":"80","interstate_a":"80","interstate_b":null,"interstate_c":null,"loaddate":1506094584000,"mtfcc_code":"S1100","name":"I- 80","objectid":6429650,"permanent_identifier":"b9457e89-9f58-4fdd-b2c2-12e5d3713ce2","real_world_relation":"REFERENCE_ONLY","shape_Length":7407.783296797917,"source_datadesc":"2017 July MAFTIGER","source_datasetid":"{B41E6A36-7E6B-487C-BFBD-A70E5E7C4156}","source_featureid":"1104475605869","source_id":"REF-WAMSUTTER-HIGHWAYS","source_originator":"U.S. Department of Commerce, U.S. Census Bureau, Geography Division","state_route":null,"state_route_a":null,"state_route_b":null,"state_route_c":null,"stco_fipscode":"56037","tnmfrc":1,"us_route":"30","us_route_a":"30","us_route_b":null,"us_route_c":null},"type":"Feature"},{"geometry":{"coordinates":[[-107.505414,41.764459],[-107.50395,41.764784],[-107.503453,41.764891],[-107.502641,41.765066],[-107.500708,41.765506],[-107.498791,41.765932],[-107.497568,41.766207],[-107.496302,41.76649],[-107.494918,41.766808],[-107.494433,41.766917],[-107.492716,41.767301],[-107.487688,41.768427],[-107.483531,41.769374],[-107.476157,41.771033],[-107.474137,41.771489],[-107.468851,41.772687]],"type":"LineString"},"id":"REF-WAMSUTTER-HIGHWAYS-26","properties":{"canon_status":"REAL_REFERENCE","county_route":null,"federal_lands_route":null,"fictionality":"REAL","globalid":"{98F2B8F7-11CF-4437-8F2B-54FA9F2346D7}","interstate":"80","interstate_a":"80","interstate_b":null,"interstate_c":null,"loaddate":1506626360000,"mtfcc_code":"S1100","name":"I- 80","objectid":6556331,"permanent_identifier":"843a3cef-0f31-4872-93c3-1cc89364ef68","real_world_relation":"REFERENCE_ONLY","shape_Length":4251.385335471279,"source_datadesc":"2017 July MAFTIGER","source_datasetid":"{84D2183D-8BB4-4DBB-8848-8FBC90DB5400}","source_featureid":"1105321138234","source_id":"REF-WAMSUTTER-HIGHWAYS","source_originator":"U.S. Department of Commerce, U.S. Census Bureau, Geography Division","state_route":"789","state_route_a":"789","state_route_b":null,"state_route_c":null,"stco_fipscode":"56007","tnmfrc":1,"us_route":"30","us_route_a":"30","us_route_b":null,"us_route_c":null},"type":"Feature"},{"geometry":{"coordinates":[[-108.483403,41.640104],[-108.482991,41.640086],[-108.481711,41.640016],[-108.48115,41.639973],[-108.479981,41.639886],[-108.475521,41.639606],[-108.473021,41.639466],[-108.472872,41.639457],[-108.470461,41.639316],[-108.470113,41.639292],[-108.469001,41.639216],[-108.468615,41.639191],[-108.467911,41.639146],[-108.464119,41.638933],[-108.463631,41.638906],[-108.462621,41.638846]],"type":"LineString"},"id":"REF-WAMSUTTER-HIGHWAYS-27","properties":{"canon_status":"REAL_REFERENCE","county_route":null,"federal_lands_route":null,"fictionality":"REAL","globalid":"{7C192CA2-23AB-4803-A9D1-FEBAAF8C5F7C}","interstate":"80","interstate_a":"80","interstate_b":null,"interstate_c":null,"loaddate":1506094583000,"mtfcc_code":"S1100","name":"I- 80","objectid":6684921,"permanent_identifier":"c405d4e5-2393-4ec9-bcfb-1ff62e2460d1","real_world_relation":"REFERENCE_ONLY","shape_Length":2321.0984782680443,"source_datadesc":"2017 July MAFTIGER","source_datasetid":"{B41E6A36-7E6B-487C-BFBD-A70E5E7C4156}","source_featureid":"1104475543690","source_id":"REF-WAMSUTTER-HIGHWAYS","source_originator":"U.S. Department of Commerce, U.S. Census Bureau, Geography Division","state_route":null,"state_route_a":null,"state_route_b":null,"state_route_c":null,"stco_fipscode":"56037","tnmfrc":1,"us_route":"30","us_route_a":"30","us_route_b":null,"us_route_c":null},"type":"Feature"},{"geometry":{"coordinates":[[-108.406628,41.635572],[-108.406404,41.635562],[-108.406276,41.635556],[-108.405641,41.635526],[-108.404311,41.635446],[-108.403871,41.635396],[-108.401521,41.635216],[-108.4011,41.635185],[-108.399881,41.635096],[-108.396301,41.634816],[-108.395735,41.634775],[-108.394631,41.634696],[-108.392771,41.634576],[-108.390831,41.634456],[-108.388691,41.634306],[-108.386631,41.634196],[-108.385569,41.634129],[-108.385511,41.634126],[-108.384301,41.634056],[-108.382908,41.633969],[-108.382381,41.633936],[-108.380981,41.633866]],"type":"LineString"},"id":"REF-WAMSUTTER-HIGHWAYS-28","properties":{"canon_status":"REAL_REFERENCE","county_route":null,"federal_lands_route":null,"fictionality":"REAL","globalid":"{F94656BE-83B9-4ECA-9301-C5B97813D93A}","interstate":"80","interstate_a":"80","interstate_b":null,"interstate_c":null,"loaddate":1506094584000,"mtfcc_code":"S1100","name":"I- 80","objectid":7067665,"permanent_identifier":"95078272-4cd1-4462-8710-c12171502dbd","real_world_relation":"REFERENCE_ONLY","shape_Length":2866.6146689381067,"source_datadesc":"2017 July MAFTIGER","source_datasetid":"{B41E6A36-7E6B-487C-BFBD-A70E5E7C4156}","source_featureid":"1104475543690","source_id":"REF-WAMSUTTER-HIGHWAYS","source_originator":"U.S. Department of Commerce, U.S. Census Bureau, Geography Division","state_route":null,"state_route_a":null,"state_route_b":null,"state_route_c":null,"stco_fipscode":"56037","tnmfrc":1,"us_route":"30","us_route_a":"30","us_route_b":null,"us_route_c":null},"type":"Feature"},{"geometry":{"coordinates":[[-107.074731,41.773637],[-107.073921,41.773641],[-107.072817,41.773628],[-107.071489,41.773556],[-107.070154,41.773412],[-107.067866,41.773073],[-107.065972,41.772746],[-107.062093,41.772074],[-107.058767,41.771498],[-107.055541,41.770935],[-107.05452,41.770749],[-107.052161,41.770359],[-107.051871,41.770305],[-107.04869,41.769756],[-107.04859,41.769733],[-107.045205,41.769148],[-107.044747,41.769071],[-107.041775,41.768553],[-107.041086,41.768426],[-107.038309,41.767941],[-107.037628,41.767818],[-107.034579,41.767292],[-107.031149,41.766684],[-107.029675,41.766416],[-107.027683,41.766076],[-107.025682,41.765731],[-107.024148,41.765468],[-107.023418,41.765323],[-107.020827,41.76488],[-107.020627,41.764846],[-107.020364,41.764796],[-107.018894,41.764538],[-107.016648,41.764143],[-107.010078,41.763034],[-107.007401,41.762567],[-107.004479,41.762028],[-106.998248,41.760945],[-106.995479,41.760469],[-106.993488,41.760115],[-106.988792,41.759308],[-106.986548,41.7589],[-106.984882,41.758599],[-106.981618,41.758046],[-106.978342,41.757486],[-106.976923,41.757272],[-106.975445,41.756987],[-106.969662,41.755949],[-106.965305,41.755214],[-106.964501,41.755087]],"type":"LineString"},"id":"REF-WAMSUTTER-HIGHWAYS-29","properties":{"canon_status":"REAL_REFERENCE","county_route":null,"federal_lands_route":null,"fictionality":"REAL","globalid":"{4B83AEC6-75AF-493B-89CC-581FDB7C0951}","interstate":"80","interstate_a":"80","interstate_b":null,"interstate_c":null,"loaddate":1749656015000,"mtfcc_code":"S1100","name":"I- 80","objectid":7193743,"permanent_identifier":"cbe3a27a-84f0-4ef3-8ed4-511df4f67fb4","real_world_relation":"REFERENCE_ONLY","shape_Length":12587.034102193415,"source_datadesc":"2021 February MAF/TIGER","source_datasetid":"{E0D31206-F7BC-49A5-ABD6-A45460094F50}","source_featureid":"1105321138235","source_id":"REF-WAMSUTTER-HIGHWAYS","source_originator":"U.S. Department of Commerce, U.S. Census Bureau, Geography Division","state_route":null,"state_route_a":null,"state_route_b":null,"state_route_c":null,"stco_fipscode":"56007","tnmfrc":1,"us_route":"30,287","us_route_a":"30,287","us_route_b":null,"us_route_c":null},"type":"Feature"},{"geometry":{"coordinates":[[-107.125261,41.779593],[-107.125143,41.779515],[-107.124647,41.779191],[-107.124482,41.779084]],"type":"LineString"},"id":"REF-WAMSUTTER-HIGHWAYS-30","properties":{"canon_status":"REAL_REFERENCE","county_route":null,"federal_lands_route":null,"fictionality":"REAL","globalid":"{B104E3B7-208C-4C99-AB71-FB9C19F33547}","interstate":"80","interstate_a":"80","interstate_b":null,"interstate_c":null,"loaddate":1506626360000,"mtfcc_code":"S1100","name":"I- 80","objectid":7321759,"permanent_identifier":"2eed1ace-25a2-445e-bc7e-0dd9feabed15","real_world_relation":"REFERENCE_ONLY","shape_Length":115.29738225256273,"source_datadesc":"2017 July MAFTIGER","source_datasetid":"{84D2183D-8BB4-4DBB-8848-8FBC90DB5400}","source_featureid":"1105321138235","source_id":"REF-WAMSUTTER-HIGHWAYS","source_originator":"U.S. Department of Commerce, U.S. Census Bureau, Geography Division","state_route":null,"state_route_a":null,"state_route_b":null,"state_route_c":null,"stco_fipscode":"56007","tnmfrc":1,"us_route":"30,287","us_route_a":"30,287","us_route_b":null,"us_route_c":null},"type":"Feature"},{"geometry":{"coordinates":[[-108.031622,41.66534],[-108.036092,41.664749],[-108.036975,41.664632]],"type":"LineString"},"id":"REF-WAMSUTTER-HIGHWAYS-31","properties":{"canon_status":"REAL_REFERENCE","county_route":null,"federal_lands_route":null,"fictionality":"REAL","globalid":"{B437D2FB-61E3-476B-AC3B-B07D72D91830}","interstate":"80","interstate_a":"80","interstate_b":null,"interstate_c":null,"loaddate":1506094584000,"mtfcc_code":"S1100","name":"I- 80","objectid":7322292,"permanent_identifier":"585c24e6-b986-4148-953e-78e4d378134c","real_world_relation":"REFERENCE_ONLY","shape_Length":605.1607370674717,"source_datadesc":"2017 July MAFTIGER","source_datasetid":"{B41E6A36-7E6B-487C-BFBD-A70E5E7C4156}","source_featureid":"1104475605869","source_id":"REF-WAMSUTTER-HIGHWAYS","source_originator":"U.S. Department of Commerce, U.S. Census Bureau, Geography Division","state_route":null,"state_route_a":null,"state_route_b":null,"state_route_c":null,"stco_fipscode":"56037","tnmfrc":1,"us_route":"30","us_route_a":"30","us_route_b":null,"us_route_c":null},"type":"Feature"},{"geometry":{"coordinates":[[-107.368561,41.786166],[-107.366783,41.785671],[-107.362846,41.784539],[-107.360574,41.783906],[-107.359578,41.783629],[-107.355031,41.782327],[-107.345996,41.779753],[-107.343238,41.778972],[-107.34245,41.778748],[-107.341357,41.778436],[-107.339343,41.777883],[-107.338019,41.777548],[-107.336245,41.777184],[-107.335997,41.777116],[-107.334797,41.776893],[-107.332826,41.776606],[-107.33256,41.776563],[-107.331065,41.776383],[-107.329608,41.776254],[-107.329102,41.776224],[-107.328103,41.776156],[-107.32694,41.776121],[-107.325742,41.776084],[-107.324661,41.776107],[-107.322803,41.776148],[-107.320938,41.776241],[-107.320336,41.776292],[-107.319919,41.776324],[-107.318758,41.776429],[-107.318443,41.776455],[-107.316956,41.776575],[-107.31651,41.776605],[-107.315557,41.776669]],"type":"LineString"},"id":"REF-WAMSUTTER-HIGHWAYS-32","properties":{"canon_status":"REAL_REFERENCE","county_route":null,"federal_lands_route":null,"fictionality":"REAL","globalid":"{CD0FC2F1-7D49-4F68-BFDC-D272E4D7CB69}","interstate":"80","interstate_a":"80","interstate_b":null,"interstate_c":null,"loaddate":1506626360000,"mtfcc_code":"S1100","name":"I- 80","objectid":7576986,"permanent_identifier":"9b787150-1c7c-4225-9f5b-3e5b58dde604","real_world_relation":"REFERENCE_ONLY","shape_Length":6162.036728387187,"source_datadesc":"2017 July MAFTIGER","source_datasetid":"{84D2183D-8BB4-4DBB-8848-8FBC90DB5400}","source_featureid":"1105321138234","source_id":"REF-WAMSUTTER-HIGHWAYS","source_originator":"U.S. Department of Commerce, U.S. Census Bureau, Geography Division","state_route":"789","state_route_a":"789","state_route_b":null,"state_route_c":null,"stco_fipscode":"56007","tnmfrc":1,"us_route":"30","us_route_a":"30","us_route_b":null,"us_route_c":null},"type":"Feature"},{"geometry":{"coordinates":[[-108.124521,41.652356],[-108.125468,41.652141],[-108.126591,41.651886],[-108.128236,41.651559]],"type":"LineString"},"id":"REF-WAMSUTTER-HIGHWAYS-33","properties":{"canon_status":"REAL_REFERENCE","county_route":null,"federal_lands_route":null,"fictionality":"REAL","globalid":"{FC2241FA-558C-4D05-9C41-2BE61E6E347C}","interstate":"80","interstate_a":"80","interstate_b":null,"interstate_c":null,"loaddate":1506094584000,"mtfcc_code":"S1100","name":"I- 80","objectid":7577591,"permanent_identifier":"31534171-7aaf-4667-9776-20d6b76fe469","real_world_relation":"REFERENCE_ONLY","shape_Length":430.3256842073464,"source_datadesc":"2017 July MAFTIGER","source_datasetid":"{B41E6A36-7E6B-487C-BFBD-A70E5E7C4156}","source_featureid":"1104475605869","source_id":"REF-WAMSUTTER-HIGHWAYS","source_originator":"U.S. Department of Commerce, U.S. Census Bureau, Geography Division","state_route":null,"state_route_a":null,"state_route_b":null,"state_route_c":null,"stco_fipscode":"56037","tnmfrc":1,"us_route":"30","us_route_a":"30","us_route_b":null,"us_route_c":null},"type":"Feature"},{"geometry":{"coordinates":[[-106.836321,41.741367],[-106.834267,41.741321],[-106.83028,41.741159]],"type":"LineString"},"id":"REF-WAMSUTTER-HIGHWAYS-34","properties":{"canon_status":"REAL_REFERENCE","county_route":null,"federal_lands_route":null,"fictionality":"REAL","globalid":"{A5EDC45E-FBEB-42DF-B27E-783C4A535CB4}","interstate":"80","interstate_a":"80","interstate_b":null,"interstate_c":null,"loaddate":1749656015000,"mtfcc_code":"S1100","name":"I- 80","objectid":7831902,"permanent_identifier":"f7331941-88f2-4593-938c-a71c203008a0","real_world_relation":"REFERENCE_ONLY","shape_Length":673.2417283328396,"source_datadesc":"2024 September MAF/TIGER","source_datasetid":"{E0D31206-F7BC-49A5-ABD6-A45460094F50}","source_featureid":"1104483923163","source_id":"REF-WAMSUTTER-HIGHWAYS","source_originator":"U.S. Department of Commerce, U.S. Census Bureau, Geography Division","state_route":null,"state_route_a":null,"state_route_b":null,"state_route_c":null,"stco_fipscode":"56007","tnmfrc":1,"us_route":null,"us_route_a":null,"us_route_b":null,"us_route_c":null},"type":"Feature"},{"geometry":{"coordinates":[[-107.218481,41.780117],[-107.215811,41.781487],[-107.21553,41.781629],[-107.210421,41.784217],[-107.209148,41.784866],[-107.207791,41.785557],[-107.206551,41.786167],[-107.205181,41.786877],[-107.204353,41.787289],[-107.204176,41.787376],[-107.203531,41.787697],[-107.202818,41.788076],[-107.202072,41.788437],[-107.201708,41.788592],[-107.201279,41.788757],[-107.200931,41.788877],[-107.200321,41.789047]],"type":"LineString"},"id":"REF-WAMSUTTER-HIGHWAYS-35","properties":{"canon_status":"REAL_REFERENCE","county_route":null,"federal_lands_route":null,"fictionality":"REAL","globalid":"{AEAEF421-3DAF-4BF2-AF79-96778DDC6EF6}","interstate":"80","interstate_a":"80","interstate_b":null,"interstate_c":null,"loaddate":1749656015000,"mtfcc_code":"S1100","name":"I- 80","objectid":7960038,"permanent_identifier":"9db5f298-b545-401c-973b-c0167b9dbd90","real_world_relation":"REFERENCE_ONLY","shape_Length":2424.616633093726,"source_datadesc":"2021 February MAF/TIGER","source_datasetid":"{E0D31206-F7BC-49A5-ABD6-A45460094F50}","source_featureid":"1104483923163","source_id":"REF-WAMSUTTER-HIGHWAYS","source_originator":"U.S. Department of Commerce, U.S. Census Bureau, Geography Division","state_route":null,"state_route_a":null,"state_route_b":null,"state_route_c":null,"stco_fipscode":"56007","tnmfrc":1,"us_route":"30","us_route_a":"30","us_route_b":null,"us_route_c":null},"type":"Feature"},{"geometry":{"coordinates":[[-108.031714,41.665676],[-108.030771,41.665805],[-108.027944,41.666194],[-108.027931,41.666196],[-108.027001,41.666316]],"type":"LineString"},"id":"REF-WAMSUTTER-HIGHWAYS-36","properties":{"canon_status":"REAL_REFERENCE","county_route":null,"federal_lands_route":null,"fictionality":"REAL","globalid":"{7BE1CE7D-EC60-4ACD-B32D-7377739E8BF0}","interstate":"80","interstate_a":"80","interstate_b":null,"interstate_c":null,"loaddate":1506094584000,"mtfcc_code":"S1100","name":"I- 80","objectid":7960731,"permanent_identifier":"5b818a8a-c41d-4e52-af37-4187ec7f999f","real_world_relation":"REFERENCE_ONLY","shape_Length":533.2518836432356,"source_datadesc":"2017 July MAFTIGER","source_datasetid":"{B41E6A36-7E6B-487C-BFBD-A70E5E7C4156}","source_featureid":"1104475543690","source_id":"REF-WAMSUTTER-HIGHWAYS","source_originator":"U.S. Department of Commerce, U.S. Census Bureau, Geography Division","state_route":null,"state_route_a":null,"state_route_b":null,"state_route_c":null,"stco_fipscode":"56037","tnmfrc":1,"us_route":"30","us_route_a":"30","us_route_b":null,"us_route_c":null},"type":"Feature"},{"geometry":{"coordinates":[[-107.372021,41.786607],[-107.369351,41.785957],[-107.365651,41.784927],[-107.361791,41.783787],[-107.349661,41.780377],[-107.343381,41.778587],[-107.340261,41.777707],[-107.337481,41.777007],[-107.334501,41.776447],[-107.331251,41.776007],[-107.32913,41.775812],[-107.327744,41.775729],[-107.327081,41.775712],[-107.325761,41.775677],[-107.323221,41.775717],[-107.320281,41.775897],[-107.317471,41.776107],[-107.315581,41.776217]],"type":"LineString"},"id":"REF-WAMSUTTER-HIGHWAYS-37","properties":{"canon_status":"REAL_REFERENCE","county_route":null,"federal_lands_route":null,"fictionality":"REAL","globalid":"{E83B22F9-3D5F-4CA1-8EF1-29850600EDF2}","interstate":"80","interstate_a":"80","interstate_b":null,"interstate_c":null,"loaddate":1749656015000,"mtfcc_code":"S1100","name":"I- 80","objectid":8087579,"permanent_identifier":"a1f68e43-5119-4953-ba57-65360c5fe9f7","real_world_relation":"REFERENCE_ONLY","shape_Length":6563.900456583829,"source_datadesc":"2021 February MAF/TIGER","source_datasetid":"{E0D31206-F7BC-49A5-ABD6-A45460094F50}","source_featureid":"1104483923163","source_id":"REF-WAMSUTTER-HIGHWAYS","source_originator":"U.S. Department of Commerce, U.S. Census Bureau, Geography Division","state_route":"789","state_route_a":"789","state_route_b":null,"state_route_c":null,"stco_fipscode":"56007","tnmfrc":1,"us_route":"30","us_route_a":"30","us_route_b":null,"us_route_c":null},"type":"Feature"},{"geometry":{"coordinates":[[-106.965497,41.754824],[-106.964612,41.754679],[-106.962783,41.754342],[-106.961541,41.754141]],"type":"LineString"},"id":"REF-WAMSUTTER-HIGHWAYS-38","properties":{"canon_status":"REAL_REFERENCE","county_route":null,"federal_lands_route":null,"fictionality":"REAL","globalid":"{D44BF974-BC0C-4723-A5CC-AB5111783E7E}","interstate":"80","interstate_a":"80","interstate_b":null,"interstate_c":null,"loaddate":1506626360000,"mtfcc_code":"S1100","name":"I- 80","objectid":8597329,"permanent_identifier":"c8d5aa5f-d60c-4c8d-b36d-5223df7efb6c","real_world_relation":"REFERENCE_ONLY","shape_Length":452.06220934472015,"source_datadesc":"2017 July MAFTIGER","source_datasetid":"{84D2183D-8BB4-4DBB-8848-8FBC90DB5400}","source_featureid":"1104483923163","source_id":"REF-WAMSUTTER-HIGHWAYS","source_originator":"U.S. Department of Commerce, U.S. Census Bureau, Geography Division","state_route":null,"state_route_a":null,"state_route_b":null,"state_route_c":null,"stco_fipscode":"56007","tnmfrc":1,"us_route":"30,287","us_route_a":"30,287","us_route_b":null,"us_route_c":null},"type":"Feature"},{"geometry":{"coordinates":[[-107.231161,41.777727],[-107.229601,41.777717],[-107.229446,41.77772],[-107.228276,41.777762],[-107.227754,41.777797],[-107.226772,41.77788],[-107.225913,41.777971],[-107.224421,41.778187]],"type":"LineString"},"id":"REF-WAMSUTTER-HIGHWAYS-39","properties":{"canon_status":"REAL_REFERENCE","county_route":null,"federal_lands_route":null,"fictionality":"REAL","globalid":"{F22F845C-CAA8-4235-8BC8-D94D20698691}","interstate":"80","interstate_a":"80","interstate_b":null,"interstate_c":null,"loaddate":1749656015000,"mtfcc_code":"S1100","name":"I- 80","objectid":8597335,"permanent_identifier":"1ee55ff5-43ca-4a90-9896-99f5076a82c0","real_world_relation":"REFERENCE_ONLY","shape_Length":755.4449397556501,"source_datadesc":"2021 February MAF/TIGER","source_datasetid":"{E0D31206-F7BC-49A5-ABD6-A45460094F50}","source_featureid":"1104483923163","source_id":"REF-WAMSUTTER-HIGHWAYS","source_originator":"U.S. Department of Commerce, U.S. Census Bureau, Geography Division","state_route":null,"state_route_a":null,"state_route_b":null,"state_route_c":null,"stco_fipscode":"56007","tnmfrc":1,"us_route":"30","us_route_a":"30","us_route_b":null,"us_route_c":null},"type":"Feature"},{"geometry":{"coordinates":[[-108.307661,41.630509],[-108.30357,41.630349],[-108.302441,41.630306],[-108.299721,41.630206],[-108.294551,41.630026],[-108.292631,41.629966],[-108.290756,41.629902],[-108.290261,41.629886],[-108.289291,41.629896],[-108.288491,41.629936],[-108.287741,41.629986],[-108.286971,41.630056],[-108.286494,41.630127],[-108.285701,41.630246],[-108.284061,41.630486],[-108.282311,41.630766],[-108.282262,41.630773],[-108.279391,41.631226],[-108.276881,41.631616],[-108.271851,41.632376],[-108.269601,41.632736],[-108.269571,41.63274],[-108.267571,41.633056],[-108.266009,41.633294],[-108.265821,41.633323]],"type":"LineString"},"id":"REF-WAMSUTTER-HIGHWAYS-40","properties":{"canon_status":"REAL_REFERENCE","county_route":null,"federal_lands_route":null,"fictionality":"REAL","globalid":"{420DFE89-FB00-45B9-9B08-A450D0EC7AA4}","interstate":"80","interstate_a":"80","interstate_b":null,"interstate_c":null,"loaddate":1506094583000,"mtfcc_code":"S1100","name":"I- 80","objectid":8597984,"permanent_identifier":"3bb2c389-6093-41b7-a283-cd6158f906ef","real_world_relation":"REFERENCE_ONLY","shape_Length":4710.804013594061,"source_datadesc":"2017 July MAFTIGER","source_datasetid":"{B41E6A36-7E6B-487C-BFBD-A70E5E7C4156}","source_featureid":"1104475543690","source_id":"REF-WAMSUTTER-HIGHWAYS","source_originator":"U.S. Department of Commerce, U.S. Census Bureau, Geography Division","state_route":null,"state_route_a":null,"state_route_b":null,"state_route_c":null,"stco_fipscode":"56037","tnmfrc":1,"us_route":"30","us_route_a":"30","us_route_b":null,"us_route_c":null},"type":"Feature"},{"geometry":{"coordinates":[[-107.780161,41.716866],[-107.778881,41.717156],[-107.776941,41.717606],[-107.774121,41.718246],[-107.770672,41.719013],[-107.766331,41.720016],[-107.763711,41.720626],[-107.756621,41.722246],[-107.753341,41.722996],[-107.749021,41.723976],[-107.746711,41.724506],[-107.742931,41.725366],[-107.742221,41.725525],[-107.738611,41.726336],[-107.734631,41.727256],[-107.732731,41.727666]],"type":"LineString"},"id":"REF-WAMSUTTER-HIGHWAYS-41","properties":{"canon_status":"REAL_REFERENCE","county_route":null,"federal_lands_route":null,"fictionality":"REAL","globalid":"{CCBBF94D-8330-4BAC-B17E-D1E3674BB524}","interstate":"80","interstate_a":"80","interstate_b":null,"interstate_c":null,"loaddate":1506094584000,"mtfcc_code":"S1100","name":"I- 80","objectid":8726375,"permanent_identifier":"3f2a451a-308c-496f-be04-91a310cad977","real_world_relation":"REFERENCE_ONLY","shape_Length":5520.180484854898,"source_datadesc":"2017 July MAFTIGER","source_datasetid":"{B41E6A36-7E6B-487C-BFBD-A70E5E7C4156}","source_featureid":"1104475543690","source_id":"REF-WAMSUTTER-HIGHWAYS","source_originator":"U.S. Department of Commerce, U.S. Census Bureau, Geography Division","state_route":null,"state_route_a":null,"state_route_b":null,"state_route_c":null,"stco_fipscode":"56037","tnmfrc":1,"us_route":"30","us_route_a":"30","us_route_b":null,"us_route_c":null},"type":"Feature"},{"geometry":{"coordinates":[[-107.087741,41.771617],[-107.086161,41.771657],[-107.085433,41.771707],[-107.084501,41.771808],[-107.083936,41.771905],[-107.083056,41.772074],[-107.082161,41.772267]],"type":"LineString"},"id":"REF-WAMSUTTER-HIGHWAYS-42","properties":{"canon_status":"REAL_REFERENCE","county_route":null,"federal_lands_route":null,"fictionality":"REAL","globalid":"{3F0ADFC7-2ABF-462D-9848-19709C59A49A}","interstate":"80","interstate_a":"80","interstate_b":null,"interstate_c":null,"loaddate":1749656015000,"mtfcc_code":"S1100","name":"I- 80","objectid":8853953,"permanent_identifier":"a5a16d6d-d118-4a6c-affd-ca1636304bc9","real_world_relation":"REFERENCE_ONLY","shape_Length":631.6036178040233,"source_datadesc":"2021 February MAF/TIGER","source_datasetid":"{E0D31206-F7BC-49A5-ABD6-A45460094F50}","source_featureid":"1104483923163","source_id":"REF-WAMSUTTER-HIGHWAYS","source_originator":"U.S. Department of Commerce, U.S. Census Bureau, Geography Division","state_route":null,"state_route_a":null,"state_route_b":null,"state_route_c":null,"stco_fipscode":"56007","tnmfrc":1,"us_route":"30,287","us_route_a":"30,287","us_route_b":null,"us_route_c":null},"type":"Feature"},{"geometry":{"coordinates":[[-107.37505,41.787151],[-107.374626,41.787083],[-107.373711,41.786937],[-107.372877,41.786776],[-107.372571,41.786717],[-107.372297,41.786662],[-107.372021,41.786607]],"type":"LineString"},"id":"REF-WAMSUTTER-HIGHWAYS-43","properties":{"canon_status":"REAL_REFERENCE","county_route":null,"federal_lands_route":null,"fictionality":"REAL","globalid":"{2DA94166-9E38-464F-AEC0-83C61EA7C766}","interstate":"80","interstate_a":"80","interstate_b":null,"interstate_c":null,"loaddate":1506626360000,"mtfcc_code":"S1100","name":"I- 80","objectid":8980620,"permanent_identifier":"2a43f712-692f-4e6f-a8fa-f777bf1615b6","real_world_relation":"REFERENCE_ONLY","shape_Length":346.9182731872364,"source_datadesc":"2017 July MAFTIGER","source_datasetid":"{84D2183D-8BB4-4DBB-8848-8FBC90DB5400}","source_featureid":"1104483923163","source_id":"REF-WAMSUTTER-HIGHWAYS","source_originator":"U.S. Department of Commerce, U.S. Census Bureau, Geography Division","state_route":"789","state_route_a":"789","state_route_b":null,"state_route_c":null,"stco_fipscode":"56007","tnmfrc":1,"us_route":"30","us_route_a":"30","us_route_b":null,"us_route_c":null},"type":"Feature"},{"geometry":{"coordinates":[[-108.381265,41.633454],[-108.381891,41.633486],[-108.382962,41.633537],[-108.383361,41.633556],[-108.385951,41.633716],[-108.387751,41.633836],[-108.389831,41.633966],[-108.392021,41.634096],[-108.393901,41.634216],[-108.395511,41.634326],[-108.395745,41.634345],[-108.398031,41.634526],[-108.398991,41.634596],[-108.400141,41.634696],[-108.402001,41.634826],[-108.402359,41.634853],[-108.403061,41.634906],[-108.404441,41.635026],[-108.405811,41.635116],[-108.40773,41.635207],[-108.407851,41.635213]],"type":"LineString"},"id":"REF-WAMSUTTER-HIGHWAYS-44","properties":{"canon_status":"REAL_REFERENCE","county_route":null,"federal_lands_route":null,"fictionality":"REAL","globalid":"{221FA674-4C05-48B3-A4D2-E60426F48FEA}","interstate":"80","interstate_a":"80","interstate_b":null,"interstate_c":null,"loaddate":1506094584000,"mtfcc_code":"S1100","name":"I- 80","objectid":9236419,"permanent_identifier":"15e76545-39eb-429f-aa1f-7b8e9da75b79","real_world_relation":"REFERENCE_ONLY","shape_Length":2971.4340345892792,"source_datadesc":"2017 July MAFTIGER","source_datasetid":"{B41E6A36-7E6B-487C-BFBD-A70E5E7C4156}","source_featureid":"1104475605869","source_id":"REF-WAMSUTTER-HIGHWAYS","source_originator":"U.S. Department of Commerce, U.S. Census Bureau, Geography Division","state_route":null,"state_route_a":null,"state_route_b":null,"state_route_c":null,"stco_fipscode":"56037","tnmfrc":1,"us_route":"30","us_route_a":"30","us_route_b":null,"us_route_c":null},"type":"Feature"},{"geometry":{"coordinates":[[-108.307609,41.630191],[-108.308786,41.63022],[-108.309871,41.630265]],"type":"LineString"},"id":"REF-WAMSUTTER-HIGHWAYS-45","properties":{"canon_status":"REAL_REFERENCE","county_route":null,"federal_lands_route":null,"fictionality":"REAL","globalid":"{987039AA-3060-4A24-8933-2CEE3DA38C08}","interstate":"80","interstate_a":"80","interstate_b":null,"interstate_c":null,"loaddate":1506094584000,"mtfcc_code":"S1100","name":"I- 80","objectid":9491938,"permanent_identifier":"50ec394e-d9fb-4106-bfec-859a638c2f01","real_world_relation":"REFERENCE_ONLY","shape_Length":252.06176486585122,"source_datadesc":"2017 July MAFTIGER","source_datasetid":"{B41E6A36-7E6B-487C-BFBD-A70E5E7C4156}","source_featureid":"1104475605869","source_id":"REF-WAMSUTTER-HIGHWAYS","source_originator":"U.S. Department of Commerce, U.S. Census Bureau, Geography Division","state_route":null,"state_route_a":null,"state_route_b":null,"state_route_c":null,"stco_fipscode":"56037","tnmfrc":1,"us_route":"30","us_route_a":"30","us_route_b":null,"us_route_c":null},"type":"Feature"},{"geometry":{"coordinates":[[-107.305069,41.77704],[-107.301501,41.777327],[-107.294671,41.777857],[-107.291531,41.778087],[-107.290491,41.778157],[-107.287051,41.778417],[-107.285201,41.778567],[-107.283741,41.778717],[-107.282703,41.778863],[-107.282321,41.778917]],"type":"LineString"},"id":"REF-WAMSUTTER-HIGHWAYS-46","properties":{"canon_status":"REAL_REFERENCE","county_route":null,"federal_lands_route":null,"fictionality":"REAL","globalid":"{8360BB6B-7C74-41FC-B46C-27AF03DF3596}","interstate":"80","interstate_a":"80","interstate_b":null,"interstate_c":null,"loaddate":1506626360000,"mtfcc_code":"S1100","name":"I- 80","objectid":10002124,"permanent_identifier":"d1a187b7-347e-4c0b-8563-ced14fc70d39","real_world_relation":"REFERENCE_ONLY","shape_Length":2548.3635811912995,"source_datadesc":"2017 July MAFTIGER","source_datasetid":"{84D2183D-8BB4-4DBB-8848-8FBC90DB5400}","source_featureid":"1104483923163","source_id":"REF-WAMSUTTER-HIGHWAYS","source_originator":"U.S. Department of Commerce, U.S. Census Bureau, Geography Division","state_route":"789","state_route_a":"789","state_route_b":null,"state_route_c":null,"stco_fipscode":"56007","tnmfrc":1,"us_route":"30","us_route_a":"30","us_route_b":null,"us_route_c":null},"type":"Feature"},{"geometry":{"coordinates":[[-108.407851,41.635213],[-108.408141,41.635226],[-108.410361,41.635326]],"type":"LineString"},"id":"REF-WAMSUTTER-HIGHWAYS-47","properties":{"canon_status":"REAL_REFERENCE","county_route":null,"federal_lands_route":null,"fictionality":"REAL","globalid":"{DC4938D7-3D03-4BED-A325-9F6E4A9E13BA}","interstate":"80","interstate_a":"80","interstate_b":null,"interstate_c":null,"loaddate":1506094584000,"mtfcc_code":"S1100","name":"I- 80","objectid":10002602,"permanent_identifier":"f798bb11-607d-4a36-a297-283bd7b00432","real_world_relation":"REFERENCE_ONLY","shape_Length":279.91835058052294,"source_datadesc":"2017 July MAFTIGER","source_datasetid":"{B41E6A36-7E6B-487C-BFBD-A70E5E7C4156}","source_featureid":"1104475605869","source_id":"REF-WAMSUTTER-HIGHWAYS","source_originator":"U.S. Department of Commerce, U.S. Census Bureau, Geography Division","state_route":null,"state_route_a":null,"state_route_b":null,"state_route_c":null,"stco_fipscode":"56037","tnmfrc":1,"us_route":"30","us_route_a":"30","us_route_b":null,"us_route_c":null},"type":"Feature"},{"geometry":{"coordinates":[[-106.665156,41.731441],[-106.661701,41.731527],[-106.661621,41.731528],[-106.658311,41.731587],[-106.657391,41.731647],[-106.656361,41.731757],[-106.655221,41.731897],[-106.654121,41.732107],[-106.653231,41.732317],[-106.651142,41.73285],[-106.650881,41.732917],[-106.647723,41.733748],[-106.646281,41.734127],[-106.643804,41.734775],[-106.637651,41.736387],[-106.632041,41.737836],[-106.631461,41.737987],[-106.628271,41.738827],[-106.628124,41.738868],[-106.626526,41.739263],[-106.625413,41.739483],[-106.625173,41.739521],[-106.624454,41.739636],[-106.623086,41.739769],[-106.621248,41.739854],[-106.619119,41.739839],[-106.618348,41.739767],[-106.61797,41.739732],[-106.61638,41.739514],[-106.616085,41.739483],[-106.613918,41.739005],[-106.611461,41.738454],[-106.607432,41.737558],[-106.605959,41.737238],[-106.605256,41.737049],[-106.60501,41.737004],[-106.604915,41.736984],[-106.604022,41.736811],[-106.603715,41.736771],[-106.602852,41.736648],[-106.601606,41.736532],[-106.600671,41.73647],[-106.600198,41.736465],[-106.599307,41.736459],[-106.59896,41.73647],[-106.598811,41.736467],[-106.597908,41.736524],[-106.597721,41.736537],[-106.597559,41.736553],[-106.595961,41.736707],[-106.593531,41.737097],[-106.590701,41.737587],[-106.589778,41.737745],[-106.584171,41.738707],[-106.581611,41.739157],[-106.578461,41.739667],[-106.575651,41.740147],[-106.573741,41.740457],[-106.571711,41.740797],[-106.569591,41.741167],[-106.568761,41.741317],[-106.567771,41.741527],[-106.56651,41.741809],[-106.566251,41.741867],[-106.559941,41.743417],[-106.558861,41.743679],[-106.556521,41.744247],[-106.553462,41.744989],[-106.549995,41.745853],[-106.548953,41.746108],[-106.543238,41.747525],[-106.540286,41.748251],[-106.54003,41.74831],[-106.538731,41.748574],[-106.538514,41.748611],[-106.536896,41.748866],[-106.534554,41.749215],[-106.531204,41.749703],[-106.529746,41.749912],[-106.528434,41.750139],[-106.527288,41.750399],[-106.525775,41.750821],[-106.524119,41.751397],[-106.523405,41.751712],[-106.52243,41.75215],[-106.520093,41.753269],[-106.519368,41.753573],[-106.518443,41.753867],[-106.517462,41.754077],[-106.516333,41.754227],[-106.515071,41.754267],[-106.514819,41.754244],[-106.514071,41.754177],[-106.513314,41.754034],[-106.513221,41.754017],[-106.512471,41.753837],[-106.511751,41.753557],[-106.510731,41.753137],[-106.509123,41.752282],[-106.507781,41.751569],[-106.504067,41.749596],[-106.503071,41.749067],[-106.498179,41.746429],[-106.497321,41.745899],[-106.496581,41.745369],[-106.495918,41.744838],[-106.495423,41.744385],[-106.495095,41.744064],[-106.494132,41.742996],[-106.493789,41.742559],[-106.493661,41.742377],[-106.493041,41.741407],[-106.492631,41.740647],[-106.492082,41.739657],[-106.491843,41.739256],[-106.491608,41.738973],[-106.490275,41.737365],[-106.489507,41.736654],[-106.489124,41.736355],[-106.488817,41.736114],[-106.487988,41.735503],[-106.487379,41.735122],[-106.48637,41.734561],[-106.48562,41.7342],[-106.484161,41.733609],[-106.481463,41.732596],[-106.479332,41.731784],[-106.475948,41.730497],[-106.474714,41.730033],[-106.473806,41.729687],[-106.469047,41.727875],[-106.468761,41.727767],[-106.467384,41.727256],[-106.465241,41.726461],[-106.465169,41.726434],[-106.464953,41.726353],[-106.464881,41.726327]],"type":"LineString"},"id":"REF-WAMSUTTER-HIGHWAYS-48","properties":{"canon_status":"REAL_REFERENCE","county_route":null,"federal_lands_route":null,"fictionality":"REAL","globalid":"{5EF0EC0A-77C1-403B-9AF2-DCCFABAD088F}","interstate":"80","interstate_a":"80","interstate_b":null,"interstate_c":null,"loaddate":1749656015000,"mtfcc_code":"S1100","name":"I- 80","objectid":10258286,"permanent_identifier":"177ac1ad-7356-4b84-baaf-7ff898556455","real_world_relation":"REFERENCE_ONLY","shape_Length":24551.034348200745,"source_datadesc":"2021 February MAF/TIGER","source_datasetid":"{E0D31206-F7BC-49A5-ABD6-A45460094F50}","source_featureid":"1105321138235","source_id":"REF-WAMSUTTER-HIGHWAYS","source_originator":"U.S. Department of Commerce, U.S. Census Bureau, Geography Division","state_route":null,"state_route_a":null,"state_route_b":null,"state_route_c":null,"stco_fipscode":"56007","tnmfrc":1,"us_route":null,"us_route_a":null,"us_route_b":null,"us_route_c":null},"type":"Feature"},{"geometry":{"coordinates":[[-107.505422,41.764015],[-107.502431,41.764681],[-107.49929,41.765406],[-107.49624,41.766091],[-107.494259,41.766518],[-107.493543,41.766677],[-107.4879,41.767932],[-107.48143,41.769387],[-107.468661,41.772247]],"type":"LineString"},"id":"REF-WAMSUTTER-HIGHWAYS-49","properties":{"canon_status":"REAL_REFERENCE","county_route":null,"federal_lands_route":null,"fictionality":"REAL","globalid":"{B21DDCF1-74F6-4AC5-8AB9-0FF9DF43C1BC}","interstate":"80","interstate_a":"80","interstate_b":null,"interstate_c":null,"loaddate":1506626360000,"mtfcc_code":"S1100","name":"I- 80","objectid":10513227,"permanent_identifier":"c679d351-c988-4259-ba54-6f279c4bb542","real_world_relation":"REFERENCE_ONLY","shape_Length":4272.66679377181,"source_datadesc":"2017 July MAFTIGER","source_datasetid":"{84D2183D-8BB4-4DBB-8848-8FBC90DB5400}","source_featureid":"1104483923163","source_id":"REF-WAMSUTTER-HIGHWAYS","source_originator":"U.S. Department of Commerce, U.S. Census Bureau, Geography Division","state_route":"789","state_route_a":"789","state_route_b":null,"state_route_c":null,"stco_fipscode":"56007","tnmfrc":1,"us_route":"30","us_route_a":"30","us_route_b":null,"us_route_c":null},"type":"Feature"},{"geometry":{"coordinates":[[-107.369034,41.7863],[-107.368902,41.786262],[-107.368561,41.786166]],"type":"LineString"},"id":"REF-WAMSUTTER-HIGHWAYS-50","properties":{"canon_status":"REAL_REFERENCE","county_route":null,"federal_lands_route":null,"fictionality":"REAL","globalid":"{B09400BF-4256-46DA-A207-41641B779BD0}","interstate":"80","interstate_a":"80","interstate_b":null,"interstate_c":null,"loaddate":1506626360000,"mtfcc_code":"S1100","name":"I- 80","objectid":10640624,"permanent_identifier":"120c3fc6-a594-45b6-b766-1be09e950711","real_world_relation":"REFERENCE_ONLY","shape_Length":56.32681080850098,"source_datadesc":"2017 July MAFTIGER","source_datasetid":"{84D2183D-8BB4-4DBB-8848-8FBC90DB5400}","source_featureid":"1105321138234","source_id":"REF-WAMSUTTER-HIGHWAYS","source_originator":"U.S. Department of Commerce, U.S. Census Bureau, Geography Division","state_route":"789","state_route_a":"789","state_route_b":null,"state_route_c":null,"stco_fipscode":"56007","tnmfrc":1,"us_route":"30","us_route_a":"30","us_route_b":null,"us_route_c":null},"type":"Feature"},{"geometry":{"coordinates":[[-108.484468,41.640169],[-108.483403,41.640104]],"type":"LineString"},"id":"REF-WAMSUTTER-HIGHWAYS-51","properties":{"canon_status":"REAL_REFERENCE","county_route":null,"federal_lands_route":null,"fictionality":"REAL","globalid":"{9F23C51C-B669-4250-A2CA-9169182E4A57}","interstate":"80","interstate_a":"80","interstate_b":null,"interstate_c":null,"loaddate":1506094584000,"mtfcc_code":"S1100","name":"I- 80","objectid":10641352,"permanent_identifier":"8e87f9b9-690d-4ffb-a20b-09da67b36eef","real_world_relation":"REFERENCE_ONLY","shape_Length":118.94999881576173,"source_datadesc":"2017 July MAFTIGER","source_datasetid":"{B41E6A36-7E6B-487C-BFBD-A70E5E7C4156}","source_featureid":"1104475543690","source_id":"REF-WAMSUTTER-HIGHWAYS","source_originator":"U.S. Department of Commerce, U.S. Census Bureau, Geography Division","state_route":null,"state_route_a":null,"state_route_b":null,"state_route_c":null,"stco_fipscode":"56037","tnmfrc":1,"us_route":"30","us_route_a":"30","us_route_b":null,"us_route_c":null},"type":"Feature"},{"geometry":{"coordinates":[[-107.197591,41.789327],[-107.196758,41.789289],[-107.19623,41.789246],[-107.196009,41.789217],[-107.19526,41.789096],[-107.194374,41.788929],[-107.192921,41.788597],[-107.190391,41.788037]],"type":"LineString"},"id":"REF-WAMSUTTER-HIGHWAYS-52","properties":{"canon_status":"REAL_REFERENCE","county_route":null,"federal_lands_route":null,"fictionality":"REAL","globalid":"{8E01ACCD-662C-4DB7-B85E-D5D9585ABD03}","interstate":"80","interstate_a":"80","interstate_b":null,"interstate_c":null,"loaddate":1749656015000,"mtfcc_code":"S1100","name":"I- 80","objectid":10768208,"permanent_identifier":"7f4bf137-1520-4451-8c4f-ff4be3f8f173","real_world_relation":"REFERENCE_ONLY","shape_Length":827.0253623702479,"source_datadesc":"2021 February MAF/TIGER","source_datasetid":"{E0D31206-F7BC-49A5-ABD6-A45460094F50}","source_featureid":"1104483923163","source_id":"REF-WAMSUTTER-HIGHWAYS","source_originator":"U.S. Department of Commerce, U.S. Census Bureau, Geography Division","state_route":null,"state_route_a":null,"state_route_b":null,"state_route_c":null,"stco_fipscode":"56007","tnmfrc":1,"us_route":"30","us_route_a":"30","us_route_b":null,"us_route_c":null},"type":"Feature"},{"geometry":{"coordinates":[[-108.380981,41.633866],[-108.380391,41.633806],[-108.380045,41.633785],[-108.379711,41.633766],[-108.379007,41.633732],[-108.378661,41.633716]],"type":"LineString"},"id":"REF-WAMSUTTER-HIGHWAYS-53","properties":{"canon_status":"REAL_REFERENCE","county_route":null,"federal_lands_route":null,"fictionality":"REAL","globalid":"{63E3EBA3-4302-4FF8-9747-4DACF634ACA5}","interstate":"80","interstate_a":"80","interstate_b":null,"interstate_c":null,"loaddate":1506094584000,"mtfcc_code":"S1100","name":"I- 80","objectid":10768875,"permanent_identifier":"28282af5-ce35-4536-a82a-0a9af4f95509","real_world_relation":"REFERENCE_ONLY","shape_Length":259.33779760074685,"source_datadesc":"2017 July MAFTIGER","source_datasetid":"{B41E6A36-7E6B-487C-BFBD-A70E5E7C4156}","source_featureid":"1104475543690","source_id":"REF-WAMSUTTER-HIGHWAYS","source_originator":"U.S. Department of Commerce, U.S. Census Bureau, Geography Division","state_route":null,"state_route_a":null,"state_route_b":null,"state_route_c":null,"stco_fipscode":"56037","tnmfrc":1,"us_route":"30","us_route_a":"30","us_route_b":null,"us_route_c":null},"type":"Feature"},{"geometry":{"coordinates":[[-107.530348,41.758552],[-107.531387,41.758328],[-107.532828,41.758018],[-107.53395,41.757768],[-107.535597,41.757409],[-107.537961,41.756883],[-107.540192,41.75639],[-107.54396,41.755575],[-107.545848,41.755165],[-107.550485,41.754138],[-107.553501,41.753476],[-107.55523,41.7531],[-107.555574,41.753028]],"type":"LineString"},"id":"REF-WAMSUTTER-HIGHWAYS-54","properties":{"canon_status":"REAL_REFERENCE","county_route":null,"federal_lands_route":null,"fictionality":"REAL","globalid":"{244E109D-02E3-4C38-88BC-3A18B964179C}","interstate":"80","interstate_a":"80","interstate_b":null,"interstate_c":null,"loaddate":1506094584000,"mtfcc_code":"S1100","name":"I- 80","objectid":10768937,"permanent_identifier":"37d7fd57-30fd-460b-8172-d23649506bf2","real_world_relation":"REFERENCE_ONLY","shape_Length":2926.6488327195293,"source_datadesc":"2017 July MAFTIGER","source_datasetid":"{B41E6A36-7E6B-487C-BFBD-A70E5E7C4156}","source_featureid":"1104475605869","source_id":"REF-WAMSUTTER-HIGHWAYS","source_originator":"U.S. Department of Commerce, U.S. Census Bureau, Geography Division","state_route":"789","state_route_a":"789","state_route_b":null,"state_route_c":null,"stco_fipscode":"56037","tnmfrc":1,"us_route":"30","us_route_a":"30","us_route_b":null,"us_route_c":null},"type":"Feature"},{"geometry":{"coordinates":[[-108.412993,41.635451],[-108.413341,41.635466],[-108.414491,41.635506],[-108.415841,41.635566],[-108.417521,41.635666],[-108.418631,41.635726],[-108.420041,41.635816],[-108.424321,41.636076],[-108.426061,41.636196],[-108.427871,41.636306],[-108.429181,41.636376],[-108.430251,41.636446],[-108.434581,41.636706],[-108.436681,41.636826],[-108.438941,41.636976],[-108.440861,41.637096],[-108.445431,41.637356],[-108.447671,41.637506],[-108.450401,41.637666],[-108.452751,41.637816],[-108.454681,41.637926],[-108.456341,41.638026],[-108.457891,41.638126],[-108.458721,41.638186],[-108.460111,41.638266],[-108.461621,41.638366],[-108.462671,41.638416]],"type":"LineString"},"id":"REF-WAMSUTTER-HIGHWAYS-55","properties":{"canon_status":"REAL_REFERENCE","county_route":null,"federal_lands_route":null,"fictionality":"REAL","globalid":"{A616310A-16DE-4114-9FC7-406D1E3A9D99}","interstate":"80","interstate_a":"80","interstate_b":null,"interstate_c":null,"loaddate":1506094583000,"mtfcc_code":"S1100","name":"I- 80","objectid":10897135,"permanent_identifier":"d241b9de-81ff-406d-98ed-d27808906ad4","real_world_relation":"REFERENCE_ONLY","shape_Length":5547.9503714415005,"source_datadesc":"2017 July MAFTIGER","source_datasetid":"{B41E6A36-7E6B-487C-BFBD-A70E5E7C4156}","source_featureid":"1104475605869","source_id":"REF-WAMSUTTER-HIGHWAYS","source_originator":"U.S. Department of Commerce, U.S. Census Bureau, Geography Division","state_route":null,"state_route_a":null,"state_route_b":null,"state_route_c":null,"stco_fipscode":"56037","tnmfrc":1,"us_route":"30","us_route_a":"30","us_route_b":null,"us_route_c":null},"type":"Feature"},{"geometry":{"coordinates":[[-107.559263,41.752649],[-107.555785,41.753398]],"type":"LineString"},"id":"REF-WAMSUTTER-HIGHWAYS-56","properties":{"canon_status":"REAL_REFERENCE","county_route":null,"federal_lands_route":null,"fictionality":"REAL","globalid":"{B03B2EDC-4317-4D1C-8296-CB3279084BA5}","interstate":"80","interstate_a":"80","interstate_b":null,"interstate_c":null,"loaddate":1506094584000,"mtfcc_code":"S1100","name":"I- 80","objectid":11279258,"permanent_identifier":"5de21a50-963d-4227-86ac-251324978fb6","real_world_relation":"REFERENCE_ONLY","shape_Length":402.977932215822,"source_datadesc":"2017 July MAFTIGER","source_datasetid":"{B41E6A36-7E6B-487C-BFBD-A70E5E7C4156}","source_featureid":"1104475543690","source_id":"REF-WAMSUTTER-HIGHWAYS","source_originator":"U.S. Department of Commerce, U.S. Census Bureau, Geography Division","state_route":"789","state_route_a":"789","state_route_b":null,"state_route_c":null,"stco_fipscode":"56037","tnmfrc":1,"us_route":"30","us_route_a":"30","us_route_b":null,"us_route_c":null},"type":"Feature"},{"geometry":{"coordinates":[[-106.9574,41.753255],[-106.955101,41.752677],[-106.951131,41.751627],[-106.94907,41.751075],[-106.948639,41.750959],[-106.948154,41.75083],[-106.946476,41.750384],[-106.944081,41.749747],[-106.940381,41.748757],[-106.934071,41.747077],[-106.932547,41.746674],[-106.930141,41.746037],[-106.927851,41.745487],[-106.926574,41.745253],[-106.926009,41.745149],[-106.925671,41.745087],[-106.924761,41.744937],[-106.922571,41.744647],[-106.921001,41.744487],[-106.918531,41.744357],[-106.911381,41.744117],[-106.903881,41.743857],[-106.898531,41.743637],[-106.891711,41.743397],[-106.877761,41.742897],[-106.876196,41.742835],[-106.875981,41.742827],[-106.87574,41.742818],[-106.8717,41.742672],[-106.869091,41.742577],[-106.866473,41.742489],[-106.864041,41.742407],[-106.860281,41.742257],[-106.856611,41.742157],[-106.852411,41.741997],[-106.849561,41.741877],[-106.848333,41.741836],[-106.843931,41.741687],[-106.843012,41.741652]],"type":"LineString"},"id":"REF-WAMSUTTER-HIGHWAYS-57","properties":{"canon_status":"REAL_REFERENCE","county_route":null,"federal_lands_route":null,"fictionality":"REAL","globalid":"{47A1880B-32BF-4429-A3DC-80CEADB817D2}","interstate":"80","interstate_a":"80","interstate_b":null,"interstate_c":null,"loaddate":1506626360000,"mtfcc_code":"S1100","name":"I- 80","objectid":11662655,"permanent_identifier":"2fa153ef-4e74-40ea-b175-81d7380e08cb","real_world_relation":"REFERENCE_ONLY","shape_Length":12957.541221664695,"source_datadesc":"2017 July MAFTIGER","source_datasetid":"{84D2183D-8BB4-4DBB-8848-8FBC90DB5400}","source_featureid":"1104483923163","source_id":"REF-WAMSUTTER-HIGHWAYS","source_originator":"U.S. Department of Commerce, U.S. Census Bureau, Geography Division","state_route":null,"state_route_a":null,"state_route_b":null,"state_route_c":null,"stco_fipscode":"56007","tnmfrc":1,"us_route":"30,287","us_route_a":"30,287","us_route_b":null,"us_route_c":null},"type":"Feature"},{"geometry":{"coordinates":[[-107.468851,41.772687],[-107.468353,41.772795],[-107.466859,41.773119],[-107.466361,41.773227]],"type":"LineString"},"id":"REF-WAMSUTTER-HIGHWAYS-58","properties":{"canon_status":"REAL_REFERENCE","county_route":null,"federal_lands_route":null,"fictionality":"REAL","globalid":"{D4538EB7-500D-4AFA-AB07-4F6C1D47F13E}","interstate":"80","interstate_a":"80","interstate_b":null,"interstate_c":null,"loaddate":1506626360000,"mtfcc_code":"S1100","name":"I- 80","objectid":11663370,"permanent_identifier":"e3887d00-8b28-4432-a2ec-f6d718c391d9","real_world_relation":"REFERENCE_ONLY","shape_Length":288.6669704924391,"source_datadesc":"2017 July MAFTIGER","source_datasetid":"{84D2183D-8BB4-4DBB-8848-8FBC90DB5400}","source_featureid":"1105321138234","source_id":"REF-WAMSUTTER-HIGHWAYS","source_originator":"U.S. Department of Commerce, U.S. Census Bureau, Geography Division","state_route":"789","state_route_a":"789","state_route_b":null,"state_route_c":null,"stco_fipscode":"56007","tnmfrc":1,"us_route":"30","us_route_a":"30","us_route_b":null,"us_route_c":null},"type":"Feature"},{"geometry":{"coordinates":[[-107.305246,41.777464],[-107.301545,41.777727],[-107.300786,41.777777],[-107.299011,41.777931],[-107.296078,41.778162],[-107.292489,41.778425],[-107.290551,41.778597],[-107.287751,41.778797],[-107.287327,41.778831],[-107.285071,41.779017],[-107.283161,41.779187],[-107.282844,41.779227],[-107.282361,41.779287]],"type":"LineString"},"id":"REF-WAMSUTTER-HIGHWAYS-59","properties":{"canon_status":"REAL_REFERENCE","county_route":null,"federal_lands_route":null,"fictionality":"REAL","globalid":"{3A5C496D-4B35-411A-B5A7-DDD5179F7420}","interstate":"80","interstate_a":"80","interstate_b":null,"interstate_c":null,"loaddate":1506626360000,"mtfcc_code":"S1100","name":"I- 80","objectid":11790104,"permanent_identifier":"464f986e-f35b-44fd-b40c-93c3629b1096","real_world_relation":"REFERENCE_ONLY","shape_Length":2562.3183983406293,"source_datadesc":"2017 July MAFTIGER","source_datasetid":"{84D2183D-8BB4-4DBB-8848-8FBC90DB5400}","source_featureid":"1105321138234","source_id":"REF-WAMSUTTER-HIGHWAYS","source_originator":"U.S. Department of Commerce, U.S. Census Bureau, Geography Division","state_route":"789","state_route_a":"789","state_route_b":null,"state_route_c":null,"stco_fipscode":"56007","tnmfrc":1,"us_route":"30","us_route_a":"30","us_route_b":null,"us_route_c":null},"type":"Feature"},{"geometry":{"coordinates":[[-107.41048,41.785588],[-107.409954,41.785663],[-107.408376,41.785885],[-107.407954,41.785946]],"type":"LineString"},"id":"REF-WAMSUTTER-HIGHWAYS-60","properties":{"canon_status":"REAL_REFERENCE","county_route":null,"federal_lands_route":null,"fictionality":"REAL","globalid":"{7D305386-3888-4BE2-8692-321068BC8947}","interstate":"80","interstate_a":"80","interstate_b":null,"interstate_c":null,"loaddate":1506626360000,"mtfcc_code":"S1100","name":"I- 80","objectid":11790350,"permanent_identifier":"16663438-f5ec-41ae-b1b5-5fc10e1c4905","real_world_relation":"REFERENCE_ONLY","shape_Length":286.22786830832547,"source_datadesc":"2017 July MAFTIGER","source_datasetid":"{84D2183D-8BB4-4DBB-8848-8FBC90DB5400}","source_featureid":"1105321138234","source_id":"REF-WAMSUTTER-HIGHWAYS","source_originator":"U.S. Department of Commerce, U.S. Census Bureau, Geography Division","state_route":"789","state_route_a":"789","state_route_b":null,"state_route_c":null,"stco_fipscode":"56007","tnmfrc":1,"us_route":"30","us_route_a":"30","us_route_b":null,"us_route_c":null},"type":"Feature"},{"geometry":{"coordinates":[[-106.822521,41.741037],[-106.81956,41.741177],[-106.819351,41.741187],[-106.818001,41.741237],[-106.813321,41.741427],[-106.807831,41.741607],[-106.806293,41.741662]],"type":"LineString"},"id":"REF-WAMSUTTER-HIGHWAYS-61","properties":{"canon_status":"REAL_REFERENCE","county_route":null,"federal_lands_route":null,"fictionality":"REAL","globalid":"{89907099-5AA3-4F45-A1E6-9F1AB3356BA4}","interstate":"80","interstate_a":"80","interstate_b":null,"interstate_c":null,"loaddate":1506626360000,"mtfcc_code":"S1100","name":"I- 80","objectid":11918050,"permanent_identifier":"534cd8cc-4c02-4351-a3f2-ed869da5c5d1","real_world_relation":"REFERENCE_ONLY","shape_Length":1808.9438212273265,"source_datadesc":"2017 July MAFTIGER","source_datasetid":"{84D2183D-8BB4-4DBB-8848-8FBC90DB5400}","source_featureid":"1104483923163","source_id":"REF-WAMSUTTER-HIGHWAYS","source_originator":"U.S. Department of Commerce, U.S. Census Bureau, Geography Division","state_route":null,"state_route_a":null,"state_route_b":null,"state_route_c":null,"stco_fipscode":"56007","tnmfrc":1,"us_route":null,"us_route_a":null,"us_route_b":null,"us_route_c":null},"type":"Feature"},{"geometry":{"coordinates":[[-107.413263,41.784619],[-107.413121,41.784647],[-107.412849,41.784697]],"type":"LineString"},"id":"REF-WAMSUTTER-HIGHWAYS-62","properties":{"canon_status":"REAL_REFERENCE","county_route":null,"federal_lands_route":null,"fictionality":"REAL","globalid":"{ADE08EB0-9ECC-4AEE-95F4-938C68B41004}","interstate":"80","interstate_a":"80","interstate_b":null,"interstate_c":null,"loaddate":1506626360000,"mtfcc_code":"S1100","name":"I- 80","objectid":12301479,"permanent_identifier":"4c3431a4-7b75-4b81-84a7-ccccb3299e3b","real_world_relation":"REFERENCE_ONLY","shape_Length":47.53610410842782,"source_datadesc":"2017 July MAFTIGER","source_datasetid":"{84D2183D-8BB4-4DBB-8848-8FBC90DB5400}","source_featureid":"1104483923163","source_id":"REF-WAMSUTTER-HIGHWAYS","source_originator":"U.S. Department of Commerce, U.S. Census Bureau, Geography Division","state_route":"789","state_route_a":"789","state_route_b":null,"state_route_c":null,"stco_fipscode":"56007","tnmfrc":1,"us_route":"30","us_route_a":"30","us_route_b":null,"us_route_c":null},"type":"Feature"},{"geometry":{"coordinates":[[-107.505422,41.764015],[-107.509616,41.7631],[-107.514359,41.762066],[-107.516578,41.76158],[-107.521461,41.760513],[-107.5234,41.760093],[-107.525729,41.759568],[-107.526184,41.759479],[-107.527866,41.759102],[-107.529157,41.75882],[-107.529999,41.758636],[-107.530293,41.758564],[-107.530348,41.758552]],"type":"LineString"},"id":"REF-WAMSUTTER-HIGHWAYS-63","properties":{"canon_status":"REAL_REFERENCE","county_route":null,"federal_lands_route":null,"fictionality":"REAL","globalid":"{4B311E17-3714-4896-B4E4-6FA15DB68AD8}","interstate":"80","interstate_a":"80","interstate_b":null,"interstate_c":null,"loaddate":1506094584000,"mtfcc_code":"S1100","name":"I- 80","objectid":12940745,"permanent_identifier":"d86c9ac9-6b63-4b8e-940d-e82e0592be78","real_world_relation":"REFERENCE_ONLY","shape_Length":2892.0977053267534,"source_datadesc":"2017 July MAFTIGER","source_datasetid":"{B41E6A36-7E6B-487C-BFBD-A70E5E7C4156}","source_featureid":"1104475605869","source_id":"REF-WAMSUTTER-HIGHWAYS","source_originator":"U.S. Department of Commerce, U.S. Census Bureau, Geography Division","state_route":"789","state_route_a":"789","state_route_b":null,"state_route_c":null,"stco_fipscode":"56037","tnmfrc":1,"us_route":"30","us_route_a":"30","us_route_b":null,"us_route_c":null},"type":"Feature"},{"geometry":{"coordinates":[[-107.200579,41.789202],[-107.200521,41.789217],[-107.200165,41.789299],[-107.19973,41.789384],[-107.199267,41.789456],[-107.198693,41.789511],[-107.197944,41.789551],[-107.197166,41.789535],[-107.196674,41.789499],[-107.195992,41.789414],[-107.195507,41.789333],[-107.195111,41.789267],[-107.19454,41.789164],[-107.193831,41.789037]],"type":"LineString"},"id":"REF-WAMSUTTER-HIGHWAYS-64","properties":{"canon_status":"REAL_REFERENCE","county_route":null,"federal_lands_route":null,"fictionality":"REAL","globalid":"{F72DC84E-35A8-4A2D-AF15-AB651E188FA3}","interstate":"80","interstate_a":"80","interstate_b":null,"interstate_c":null,"loaddate":1749656015000,"mtfcc_code":"S1100","name":"I- 80","objectid":13068184,"permanent_identifier":"9731e4fb-af59-4b45-989f-e17063d2e87c","real_world_relation":"REFERENCE_ONLY","shape_Length":764.7894965411986,"source_datadesc":"2021 February MAF/TIGER","source_datasetid":"{E0D31206-F7BC-49A5-ABD6-A45460094F50}","source_featureid":"1105321138235","source_id":"REF-WAMSUTTER-HIGHWAYS","source_originator":"U.S. Department of Commerce, U.S. Census Bureau, Geography Division","state_route":null,"state_route_a":null,"state_route_b":null,"state_route_c":null,"stco_fipscode":"56007","tnmfrc":1,"us_route":"30","us_route_a":"30","us_route_b":null,"us_route_c":null},"type":"Feature"},{"geometry":{"coordinates":[[-107.082161,41.772267],[-107.080341,41.772667],[-107.078651,41.772987],[-107.077441,41.773157],[-107.075891,41.773297]],"type":"LineString"},"id":"REF-WAMSUTTER-HIGHWAYS-65","properties":{"canon_status":"REAL_REFERENCE","county_route":null,"federal_lands_route":null,"fictionality":"REAL","globalid":"{10FADB5B-AE5F-4812-B15D-FE5CC084F165}","interstate":"80","interstate_a":"80","interstate_b":null,"interstate_c":null,"loaddate":1506626360000,"mtfcc_code":"S1100","name":"I- 80","objectid":13069038,"permanent_identifier":"dfbea725-e91a-44b0-ac58-633bbe39aa35","real_world_relation":"REFERENCE_ONLY","shape_Length":716.1864442388198,"source_datadesc":"2017 July MAFTIGER","source_datasetid":"{84D2183D-8BB4-4DBB-8848-8FBC90DB5400}","source_featureid":"1104483923163","source_id":"REF-WAMSUTTER-HIGHWAYS","source_originator":"U.S. Department of Commerce, U.S. Census Bureau, Geography Division","state_route":null,"state_route_a":null,"state_route_b":null,"state_route_c":null,"stco_fipscode":"56007","tnmfrc":1,"us_route":"30,287","us_route_a":"30,287","us_route_b":null,"us_route_c":null},"type":"Feature"},{"geometry":{"coordinates":[[-107.190391,41.788037],[-107.186573,41.787226],[-107.183392,41.786547],[-107.181731,41.786227],[-107.179156,41.78567],[-107.178171,41.785457],[-107.174971,41.784827],[-107.172481,41.784477],[-107.169851,41.784237],[-107.166581,41.783967],[-107.164491,41.783837],[-107.158551,41.783377],[-107.153851,41.783063],[-107.153601,41.783047],[-107.150721,41.782847],[-107.145621,41.782447],[-107.141461,41.782147],[-107.139846,41.782033],[-107.137641,41.781877],[-107.136918,41.78182],[-107.134701,41.781647]],"type":"LineString"},"id":"REF-WAMSUTTER-HIGHWAYS-66","properties":{"canon_status":"REAL_REFERENCE","county_route":null,"federal_lands_route":null,"fictionality":"REAL","globalid":"{8028715D-8DFC-4D89-A090-7E15AD83F613}","interstate":"80","interstate_a":"80","interstate_b":null,"interstate_c":null,"loaddate":1506626360000,"mtfcc_code":"S1100","name":"I- 80","objectid":13195426,"permanent_identifier":"94894a44-546e-49f0-b612-5214ea8dd9c6","real_world_relation":"REFERENCE_ONLY","shape_Length":6291.370338637959,"source_datadesc":"2017 July MAFTIGER","source_datasetid":"{84D2183D-8BB4-4DBB-8848-8FBC90DB5400}","source_featureid":"1104483923163","source_id":"REF-WAMSUTTER-HIGHWAYS","source_originator":"U.S. Department of Commerce, U.S. Census Bureau, Geography Division","state_route":null,"state_route_a":null,"state_route_b":null,"state_route_c":null,"stco_fipscode":"56007","tnmfrc":1,"us_route":"30,287","us_route_a":"30,287","us_route_b":null,"us_route_c":null},"type":"Feature"},{"geometry":{"coordinates":[[-107.723911,41.729246],[-107.724681,41.729066],[-107.726391,41.728686],[-107.728431,41.728206]],"type":"LineString"},"id":"REF-WAMSUTTER-HIGHWAYS-67","properties":{"canon_status":"REAL_REFERENCE","county_route":null,"federal_lands_route":null,"fictionality":"REAL","globalid":"{C52919B0-D281-432B-B205-A7AF191F6656}","interstate":"80","interstate_a":"80","interstate_b":null,"interstate_c":null,"loaddate":1506094584000,"mtfcc_code":"S1100","name":"I- 80","objectid":13195946,"permanent_identifier":"419ec7d6-cae0-4cdb-9c08-573834cd37d5","real_world_relation":"REFERENCE_ONLY","shape_Length":526.5497320419495,"source_datadesc":"2017 July MAFTIGER","source_datasetid":"{B41E6A36-7E6B-487C-BFBD-A70E5E7C4156}","source_featureid":"1104475605869","source_id":"REF-WAMSUTTER-HIGHWAYS","source_originator":"U.S. Department of Commerce, U.S. Census Bureau, Geography Division","state_route":"789","state_route_a":"789","state_route_b":null,"state_route_c":null,"stco_fipscode":"56037","tnmfrc":1,"us_route":"30","us_route_a":"30","us_route_b":null,"us_route_c":null},"type":"Feature"},{"geometry":{"coordinates":[[-107.407617,41.785993],[-107.406914,41.786094],[-107.406681,41.786127],[-107.405285,41.786334],[-107.404045,41.786548],[-107.403483,41.786651],[-107.402296,41.786895],[-107.400844,41.787225],[-107.399245,41.787581],[-107.398285,41.787795],[-107.395753,41.788352],[-107.394193,41.788657],[-107.393058,41.788841],[-107.391704,41.789025],[-107.390384,41.789167],[-107.389544,41.789239],[-107.387444,41.789338],[-107.386557,41.789351],[-107.385122,41.789347],[-107.384316,41.789317],[-107.383562,41.789291],[-107.382598,41.789205],[-107.382058,41.789162],[-107.381072,41.789068],[-107.379924,41.788922],[-107.379032,41.788794],[-107.378222,41.788657],[-107.37758,41.788537],[-107.376855,41.788391],[-107.376191,41.78825],[-107.375424,41.78807],[-107.374841,41.78792],[-107.374327,41.787787],[-107.373307,41.7875],[-107.372686,41.787324],[-107.372076,41.787165],[-107.372022,41.787151],[-107.371859,41.787109],[-107.371806,41.787095]],"type":"LineString"},"id":"REF-WAMSUTTER-HIGHWAYS-68","properties":{"canon_status":"REAL_REFERENCE","county_route":null,"federal_lands_route":null,"fictionality":"REAL","globalid":"{1013C778-F212-4F2D-9733-E1AB3C50D321}","interstate":"80","interstate_a":"80","interstate_b":null,"interstate_c":null,"loaddate":1506626360000,"mtfcc_code":"S1100","name":"I- 80","objectid":13195980,"permanent_identifier":"0ea67d59-f40f-4ac4-8eec-af8b12ce46f5","real_world_relation":"REFERENCE_ONLY","shape_Length":4093.445719120761,"source_datadesc":"2017 July MAFTIGER","source_datasetid":"{84D2183D-8BB4-4DBB-8848-8FBC90DB5400}","source_featureid":"1105321138234","source_id":"REF-WAMSUTTER-HIGHWAYS","source_originator":"U.S. Department of Commerce, U.S. Census Bureau, Geography Division","state_route":"789","state_route_a":"789","state_route_b":null,"state_route_c":null,"stco_fipscode":"56007","tnmfrc":1,"us_route":"30","us_route_a":"30","us_route_b":null,"us_route_c":null},"type":"Feature"},{"geometry":{"coordinates":[[-107.412849,41.784697],[-107.411981,41.784857],[-107.410351,41.785107]],"type":"LineString"},"id":"REF-WAMSUTTER-HIGHWAYS-69","properties":{"canon_status":"REAL_REFERENCE","county_route":null,"federal_lands_route":null,"fictionality":"REAL","globalid":"{34F1FFD3-DB33-4D37-AEAB-0C34B6C5E715}","interstate":"80","interstate_a":"80","interstate_b":null,"interstate_c":null,"loaddate":1506626360000,"mtfcc_code":"S1100","name":"I- 80","objectid":13450768,"permanent_identifier":"2ffe70cb-def4-437d-87df-255e86742e81","real_world_relation":"REFERENCE_ONLY","shape_Length":284.78366557994616,"source_datadesc":"2017 July MAFTIGER","source_datasetid":"{84D2183D-8BB4-4DBB-8848-8FBC90DB5400}","source_featureid":"1104483923163","source_id":"REF-WAMSUTTER-HIGHWAYS","source_originator":"U.S. Department of Commerce, U.S. Census Bureau, Geography Division","state_route":"789","state_route_a":"789","state_route_b":null,"state_route_c":null,"stco_fipscode":"56007","tnmfrc":1,"us_route":"30","us_route_a":"30","us_route_b":null,"us_route_c":null},"type":"Feature"},{"geometry":{"coordinates":[[-107.224421,41.778187],[-107.223221,41.778487],[-107.222463,41.77869],[-107.221784,41.778881],[-107.221261,41.779046],[-107.220191,41.779417],[-107.219161,41.779827],[-107.218481,41.780117]],"type":"LineString"},"id":"REF-WAMSUTTER-HIGHWAYS-70","properties":{"canon_status":"REAL_REFERENCE","county_route":null,"federal_lands_route":null,"fictionality":"REAL","globalid":"{CE1FB060-3671-474B-AC6D-B682533F91FB}","interstate":"80","interstate_a":"80","interstate_b":null,"interstate_c":null,"loaddate":1749656015000,"mtfcc_code":"S1100","name":"I- 80","objectid":13833480,"permanent_identifier":"7f62f4d3-151d-42d0-a985-8e598624bd48","real_world_relation":"REFERENCE_ONLY","shape_Length":723.0736891009816,"source_datadesc":"2021 February MAF/TIGER","source_datasetid":"{E0D31206-F7BC-49A5-ABD6-A45460094F50}","source_featureid":"1104483923163","source_id":"REF-WAMSUTTER-HIGHWAYS","source_originator":"U.S. Department of Commerce, U.S. Census Bureau, Geography Division","state_route":null,"state_route_a":null,"state_route_b":null,"state_route_c":null,"stco_fipscode":"56007","tnmfrc":1,"us_route":"30","us_route_a":"30","us_route_b":null,"us_route_c":null},"type":"Feature"},{"geometry":{"coordinates":[[-106.83028,41.741159],[-106.827234,41.741056],[-106.824209,41.741033],[-106.822521,41.741037]],"type":"LineString"},"id":"REF-WAMSUTTER-HIGHWAYS-71","properties":{"canon_status":"REAL_REFERENCE","county_route":null,"federal_lands_route":null,"fictionality":"REAL","globalid":"{EBFABDA8-EF3D-4A70-A1B7-A6FB60B3273B}","interstate":"80","interstate_a":"80","interstate_b":null,"interstate_c":null,"loaddate":1506626360000,"mtfcc_code":"S1100","name":"I- 80","objectid":13834240,"permanent_identifier":"3eb69557-c88a-4a02-8b3e-ed43f4b12c53","real_world_relation":"REFERENCE_ONLY","shape_Length":864.0945423368066,"source_datadesc":"2017 July MAFTIGER","source_datasetid":"{84D2183D-8BB4-4DBB-8848-8FBC90DB5400}","source_featureid":"1104483923163","source_id":"REF-WAMSUTTER-HIGHWAYS","source_originator":"U.S. Department of Commerce, U.S. Census Bureau, Geography Division","state_route":null,"state_route_a":null,"state_route_b":null,"state_route_c":null,"stco_fipscode":"56007","tnmfrc":1,"us_route":null,"us_route_a":null,"us_route_b":null,"us_route_c":null},"type":"Feature"},{"geometry":{"coordinates":[[-107.466361,41.773227],[-107.465703,41.773373],[-107.463729,41.773811],[-107.463071,41.773957]],"type":"LineString"},"id":"REF-WAMSUTTER-HIGHWAYS-72","properties":{"canon_status":"REAL_REFERENCE","county_route":null,"federal_lands_route":null,"fictionality":"REAL","globalid":"{3B80071E-2A78-42B7-B503-92E5FA28D335}","interstate":"80","interstate_a":"80","interstate_b":null,"interstate_c":null,"loaddate":1506626360000,"mtfcc_code":"S1100","name":"I- 80","objectid":13960792,"permanent_identifier":"2d7664dd-6a35-4411-8050-682f547b32a5","real_world_relation":"REFERENCE_ONLY","shape_Length":382.1068995752545,"source_datadesc":"2017 July MAFTIGER","source_datasetid":"{84D2183D-8BB4-4DBB-8848-8FBC90DB5400}","source_featureid":"1105321138234","source_id":"REF-WAMSUTTER-HIGHWAYS","source_originator":"U.S. Department of Commerce, U.S. Census Bureau, Geography Division","state_route":"789","state_route_a":"789","state_route_b":null,"state_route_c":null,"stco_fipscode":"56007","tnmfrc":1,"us_route":"30","us_route_a":"30","us_route_b":null,"us_route_c":null},"type":"Feature"},{"geometry":{"coordinates":[[-106.837751,41.741877],[-106.837143,41.74185],[-106.835758,41.741792],[-106.835321,41.741774],[-106.834714,41.74175],[-106.833881,41.741716],[-106.832558,41.741663],[-106.831387,41.741613],[-106.830555,41.741578]],"type":"LineString"},"id":"REF-WAMSUTTER-HIGHWAYS-73","properties":{"canon_status":"REAL_REFERENCE","county_route":null,"federal_lands_route":null,"fictionality":"REAL","globalid":"{E83D07F1-287B-4DD6-9921-EB60D9725112}","interstate":"80","interstate_a":"80","interstate_b":null,"interstate_c":null,"loaddate":1749656015000,"mtfcc_code":"S1100","name":"I- 80","objectid":14088943,"permanent_identifier":"9d86f5a2-e5dd-4a42-9271-c5251de82ae9","real_world_relation":"REFERENCE_ONLY","shape_Length":802.2975485317638,"source_datadesc":"2024 September MAF/TIGER","source_datasetid":"{E0D31206-F7BC-49A5-ABD6-A45460094F50}","source_featureid":"1105321138235","source_id":"REF-WAMSUTTER-HIGHWAYS","source_originator":"U.S. Department of Commerce, U.S. Census Bureau, Geography Division","state_route":null,"state_route_a":null,"state_route_b":null,"state_route_c":null,"stco_fipscode":"56007","tnmfrc":1,"us_route":null,"us_route_a":null,"us_route_b":null,"us_route_c":null},"type":"Feature"},{"geometry":{"coordinates":[[-108.484724,41.639743],[-108.485021,41.639766],[-108.486511,41.639856]],"type":"LineString"},"id":"REF-WAMSUTTER-HIGHWAYS-74","properties":{"canon_status":"REAL_REFERENCE","county_route":null,"federal_lands_route":null,"fictionality":"REAL","globalid":"{5E0027F6-EFF7-47A4-A9BC-779E2E2C1E1F}","interstate":"80","interstate_a":"80","interstate_b":null,"interstate_c":null,"loaddate":1506094583000,"mtfcc_code":"S1100","name":"I- 80","objectid":14345347,"permanent_identifier":"c6331f37-83fc-4e4c-83fd-2c871532a3de","real_world_relation":"REFERENCE_ONLY","shape_Length":199.64590847650533,"source_datadesc":"2017 July MAFTIGER","source_datasetid":"{B41E6A36-7E6B-487C-BFBD-A70E5E7C4156}","source_featureid":"1104475605869","source_id":"REF-WAMSUTTER-HIGHWAYS","source_originator":"U.S. Department of Commerce, U.S. Census Bureau, Geography Division","state_route":null,"state_route_a":null,"state_route_b":null,"state_route_c":null,"stco_fipscode":"56037","tnmfrc":1,"us_route":"30","us_route_a":"30","us_route_b":null,"us_route_c":null},"type":"Feature"},{"geometry":{"coordinates":[[-107.250739,41.779055],[-107.249886,41.778856],[-107.248401,41.778608],[-107.247261,41.778485],[-107.247106,41.778469],[-107.246063,41.778391],[-107.242582,41.778277],[-107.240445,41.77821],[-107.238047,41.778154],[-107.236686,41.77811],[-107.236271,41.778097],[-107.233236,41.777985]],"type":"LineString"},"id":"REF-WAMSUTTER-HIGHWAYS-75","properties":{"canon_status":"REAL_REFERENCE","county_route":null,"federal_lands_route":null,"fictionality":"REAL","globalid":"{171C822A-6023-4229-8A88-7B7CA88A4D71}","interstate":"80","interstate_a":"80","interstate_b":null,"interstate_c":null,"loaddate":1506626360000,"mtfcc_code":"S1100","name":"I- 80","objectid":14599909,"permanent_identifier":"b2d8aec5-f7b3-4548-ab41-4d154f917047","real_world_relation":"REFERENCE_ONLY","shape_Length":1960.4376508333462,"source_datadesc":"2017 July MAFTIGER","source_datasetid":"{84D2183D-8BB4-4DBB-8848-8FBC90DB5400}","source_featureid":"1105321138234","source_id":"REF-WAMSUTTER-HIGHWAYS","source_originator":"U.S. Department of Commerce, U.S. Census Bureau, Geography Division","state_route":null,"state_route_a":null,"state_route_b":null,"state_route_c":null,"stco_fipscode":"56007","tnmfrc":1,"us_route":"30","us_route_a":"30","us_route_b":null,"us_route_c":null},"type":"Feature"},{"geometry":{"coordinates":[[-107.466191,41.772807],[-107.462911,41.773587]],"type":"LineString"},"id":"REF-WAMSUTTER-HIGHWAYS-76","properties":{"canon_status":"REAL_REFERENCE","county_route":null,"federal_lands_route":null,"fictionality":"REAL","globalid":"{F7CD5EAA-3503-44D7-9600-94E50F4FBD5C}","interstate":"80","interstate_a":"80","interstate_b":null,"interstate_c":null,"loaddate":1506626360000,"mtfcc_code":"S1100","name":"I- 80","objectid":14727780,"permanent_identifier":"69b1a3ea-8c7c-4100-ae8a-140ee1cde14b","real_world_relation":"REFERENCE_ONLY","shape_Length":383.24080736707225,"source_datadesc":"2017 July MAFTIGER","source_datasetid":"{84D2183D-8BB4-4DBB-8848-8FBC90DB5400}","source_featureid":"1104483923163","source_id":"REF-WAMSUTTER-HIGHWAYS","source_originator":"U.S. Department of Commerce, U.S. Census Bureau, Geography Division","state_route":"789","state_route_a":"789","state_route_b":null,"state_route_c":null,"stco_fipscode":"56007","tnmfrc":1,"us_route":"30","us_route_a":"30","us_route_b":null,"us_route_c":null},"type":"Feature"},{"geometry":{"coordinates":[[-108.261891,41.633926],[-108.261226,41.634027],[-108.260781,41.634096],[-108.259234,41.63434],[-108.258571,41.634446],[-108.258008,41.634533]],"type":"LineString"},"id":"REF-WAMSUTTER-HIGHWAYS-77","properties":{"canon_status":"REAL_REFERENCE","county_route":null,"federal_lands_route":null,"fictionality":"REAL","globalid":"{CFDD1D1D-59FC-41CB-887C-56745F148378}","interstate":"80","interstate_a":"80","interstate_b":null,"interstate_c":null,"loaddate":1506094584000,"mtfcc_code":"S1100","name":"I- 80","objectid":15111337,"permanent_identifier":"266e1756-0071-48b8-9791-c1cf14ae6244","real_world_relation":"REFERENCE_ONLY","shape_Length":441.6096527164715,"source_datadesc":"2017 July MAFTIGER","source_datasetid":"{B41E6A36-7E6B-487C-BFBD-A70E5E7C4156}","source_featureid":"1104475543690","source_id":"REF-WAMSUTTER-HIGHWAYS","source_originator":"U.S. Department of Commerce, U.S. Census Bureau, Geography Division","state_route":null,"state_route_a":null,"state_route_b":null,"state_route_c":null,"stco_fipscode":"56037","tnmfrc":1,"us_route":"30","us_route_a":"30","us_route_b":null,"us_route_c":null},"type":"Feature"},{"geometry":{"coordinates":[[-107.975751,41.676656],[-107.976621,41.676266],[-107.978031,41.675616],[-107.979771,41.674826],[-107.980521,41.674476]],"type":"LineString"},"id":"REF-WAMSUTTER-HIGHWAYS-78","properties":{"canon_status":"REAL_REFERENCE","county_route":null,"federal_lands_route":null,"fictionality":"REAL","globalid":"{479D9F9F-37EE-4DDA-A47F-2AA6760C7128}","interstate":"80","interstate_a":"80","interstate_b":null,"interstate_c":null,"loaddate":1506094584000,"mtfcc_code":"S1100","name":"I- 80","objectid":15366876,"permanent_identifier":"7d4c48fa-cc31-4626-8b0f-73d5d6264b89","real_world_relation":"REFERENCE_ONLY","shape_Length":622.5186578448915,"source_datadesc":"2017 July MAFTIGER","source_datasetid":"{B41E6A36-7E6B-487C-BFBD-A70E5E7C4156}","source_featureid":"1104475605869","source_id":"REF-WAMSUTTER-HIGHWAYS","source_originator":"U.S. Department of Commerce, U.S. Census Bureau, Geography Division","state_route":null,"state_route_a":null,"state_route_b":null,"state_route_c":null,"stco_fipscode":"56037","tnmfrc":1,"us_route":"30","us_route_a":"30","us_route_b":null,"us_route_c":null},"type":"Feature"},{"geometry":{"coordinates":[[-106.843103,41.742059],[-106.842032,41.742023],[-106.840051,41.741957],[-106.838821,41.741914],[-106.837751,41.741877]],"type":"LineString"},"id":"REF-WAMSUTTER-HIGHWAYS-79","properties":{"canon_status":"REAL_REFERENCE","county_route":null,"federal_lands_route":null,"fictionality":"REAL","globalid":"{DE98B128-1187-4A2B-B593-F1E699BC1ADE}","interstate":"80","interstate_a":"80","interstate_b":null,"interstate_c":null,"loaddate":1506626360000,"mtfcc_code":"S1100","name":"I- 80","objectid":15367314,"permanent_identifier":"e33542ba-90fc-40ab-abad-e3cc791afda9","real_world_relation":"REFERENCE_ONLY","shape_Length":596.4007809556957,"source_datadesc":"2017 July MAFTIGER","source_datasetid":"{84D2183D-8BB4-4DBB-8848-8FBC90DB5400}","source_featureid":"1105321138235","source_id":"REF-WAMSUTTER-HIGHWAYS","source_originator":"U.S. Department of Commerce, U.S. Census Bureau, Geography Division","state_route":null,"state_route_a":null,"state_route_b":null,"state_route_c":null,"stco_fipscode":"56007","tnmfrc":1,"us_route":"30,287","us_route_a":"30,287","us_route_b":null,"us_route_c":null},"type":"Feature"},{"geometry":{"coordinates":[[-107.134701,41.781647],[-107.131951,41.781457],[-107.130386,41.781327],[-107.130024,41.781287],[-107.129676,41.781241],[-107.12937,41.781188],[-107.128894,41.781081],[-107.128541,41.780987]],"type":"LineString"},"id":"REF-WAMSUTTER-HIGHWAYS-80","properties":{"canon_status":"REAL_REFERENCE","county_route":null,"federal_lands_route":null,"fictionality":"REAL","globalid":"{32920DE9-61C7-47B6-9071-CE40A93ACCFF}","interstate":"80","interstate_a":"80","interstate_b":null,"interstate_c":null,"loaddate":1749656015000,"mtfcc_code":"S1100","name":"I- 80","objectid":15621752,"permanent_identifier":"a990c651-82f1-4529-9a8a-ed0bcbaea8e3","real_world_relation":"REFERENCE_ONLY","shape_Length":694.8696908893746,"source_datadesc":"2021 February MAF/TIGER","source_datasetid":"{E0D31206-F7BC-49A5-ABD6-A45460094F50}","source_featureid":"1104483923163","source_id":"REF-WAMSUTTER-HIGHWAYS","source_originator":"U.S. Department of Commerce, U.S. Census Bureau, Geography Division","state_route":null,"state_route_a":null,"state_route_b":null,"state_route_c":null,"stco_fipscode":"56007","tnmfrc":1,"us_route":"30,287","us_route_a":"30,287","us_route_b":null,"us_route_c":null},"type":"Feature"},{"geometry":{"coordinates":[[-108.410351,41.635746],[-108.410067,41.635729],[-108.409661,41.635706],[-108.409215,41.635684],[-108.408931,41.635671],[-108.408529,41.635652],[-108.408401,41.635646],[-108.407323,41.635602],[-108.406921,41.635586],[-108.406791,41.63558],[-108.406628,41.635572]],"type":"LineString"},"id":"REF-WAMSUTTER-HIGHWAYS-81","properties":{"canon_status":"REAL_REFERENCE","county_route":null,"federal_lands_route":null,"fictionality":"REAL","globalid":"{0EC14620-64A4-475B-947F-A73EAA9F8E92}","interstate":"80","interstate_a":"80","interstate_b":null,"interstate_c":null,"loaddate":1506094583000,"mtfcc_code":"S1100","name":"I- 80","objectid":15622392,"permanent_identifier":"3b5897d9-b09a-48af-aed9-e02600989696","real_world_relation":"REFERENCE_ONLY","shape_Length":415.2670024200746,"source_datadesc":"2017 July MAFTIGER","source_datasetid":"{B41E6A36-7E6B-487C-BFBD-A70E5E7C4156}","source_featureid":"1104475543690","source_id":"REF-WAMSUTTER-HIGHWAYS","source_originator":"U.S. Department of Commerce, U.S. Census Bureau, Geography Division","state_route":null,"state_route_a":null,"state_route_b":null,"state_route_c":null,"stco_fipscode":"56037","tnmfrc":1,"us_route":"30","us_route_a":"30","us_route_b":null,"us_route_c":null},"type":"Feature"},{"geometry":{"coordinates":[[-107.685674,41.738367],[-107.685131,41.738486],[-107.683741,41.738806],[-107.682944,41.738985],[-107.681781,41.739246],[-107.680601,41.739526]],"type":"LineString"},"id":"REF-WAMSUTTER-HIGHWAYS-82","properties":{"canon_status":"REAL_REFERENCE","county_route":null,"federal_lands_route":null,"fictionality":"REAL","globalid":"{6C1735A7-812E-4F58-9A1E-75E0D4324191}","interstate":"80","interstate_a":"80","interstate_b":null,"interstate_c":null,"loaddate":1506094583000,"mtfcc_code":"S1100","name":"I- 80","objectid":15750619,"permanent_identifier":"3d4e00f8-527a-45d9-9237-71a42a605d1c","real_world_relation":"REFERENCE_ONLY","shape_Length":590.6159770841723,"source_datadesc":"2017 July MAFTIGER","source_datasetid":"{B41E6A36-7E6B-487C-BFBD-A70E5E7C4156}","source_featureid":"1104475543690","source_id":"REF-WAMSUTTER-HIGHWAYS","source_originator":"U.S. Department of Commerce, U.S. Census Bureau, Geography Division","state_route":"789","state_route_a":"789","state_route_b":null,"state_route_c":null,"stco_fipscode":"56037","tnmfrc":1,"us_route":"30","us_route_a":"30","us_route_b":null,"us_route_c":null},"type":"Feature"},{"geometry":{"coordinates":[[-107.203511,41.787997],[-107.20306,41.788219],[-107.202259,41.788596],[-107.201938,41.788742],[-107.201451,41.788937],[-107.201144,41.789044],[-107.201051,41.789077],[-107.200579,41.789202]],"type":"LineString"},"id":"REF-WAMSUTTER-HIGHWAYS-83","properties":{"canon_status":"REAL_REFERENCE","county_route":null,"federal_lands_route":null,"fictionality":"REAL","globalid":"{1AC8BF04-D14A-4692-906B-4CCAEF2EB096}","interstate":"80","interstate_a":"80","interstate_b":null,"interstate_c":null,"loaddate":1749656015000,"mtfcc_code":"S1100","name":"I- 80","objectid":16133575,"permanent_identifier":"96f1568c-9e77-4b4b-a979-7a6ea55caf4d","real_world_relation":"REFERENCE_ONLY","shape_Length":373.95128286678244,"source_datadesc":"2021 February MAF/TIGER","source_datasetid":"{E0D31206-F7BC-49A5-ABD6-A45460094F50}","source_featureid":"1105321138234","source_id":"REF-WAMSUTTER-HIGHWAYS","source_originator":"U.S. Department of Commerce, U.S. Census Bureau, Geography Division","state_route":null,"state_route_a":null,"state_route_b":null,"state_route_c":null,"stco_fipscode":"56007","tnmfrc":1,"us_route":"30","us_route_a":"30","us_route_b":null,"us_route_c":null},"type":"Feature"},{"geometry":{"coordinates":[[-107.986501,41.671886],[-107.987785,41.671512],[-107.988081,41.671426],[-107.989331,41.671116],[-107.990321,41.670936],[-107.994211,41.670396],[-107.995571,41.670236],[-107.99961,41.669684],[-108.000331,41.669586],[-108.002601,41.669286],[-108.005081,41.668936],[-108.007301,41.668656],[-108.008491,41.668496],[-108.010641,41.668196],[-108.012431,41.667976],[-108.014621,41.667676],[-108.017181,41.667316],[-108.019741,41.666986],[-108.021661,41.666716],[-108.024651,41.666316],[-108.026971,41.666016]],"type":"LineString"},"id":"REF-WAMSUTTER-HIGHWAYS-84","properties":{"canon_status":"REAL_REFERENCE","county_route":null,"federal_lands_route":null,"fictionality":"REAL","globalid":"{A4D5108B-747D-4620-B386-5A75CECCDFEA}","interstate":"80","interstate_a":"80","interstate_b":null,"interstate_c":null,"loaddate":1506094584000,"mtfcc_code":"S1100","name":"I- 80","objectid":16516361,"permanent_identifier":"9e77f4af-59f2-4b68-81fc-711511e5be5b","real_world_relation":"REFERENCE_ONLY","shape_Length":4594.161903629267,"source_datadesc":"2017 July MAFTIGER","source_datasetid":"{B41E6A36-7E6B-487C-BFBD-A70E5E7C4156}","source_featureid":"1104475605869","source_id":"REF-WAMSUTTER-HIGHWAYS","source_originator":"U.S. Department of Commerce, U.S. Census Bureau, Geography Division","state_route":null,"state_route_a":null,"state_route_b":null,"state_route_c":null,"stco_fipscode":"56037","tnmfrc":1,"us_route":"30","us_route_a":"30","us_route_b":null,"us_route_c":null},"type":"Feature"},{"geometry":{"coordinates":[[-107.696565,41.735438],[-107.697191,41.735296],[-107.698611,41.734976],[-107.700641,41.734506],[-107.701851,41.734256]],"type":"LineString"},"id":"REF-WAMSUTTER-HIGHWAYS-85","properties":{"canon_status":"REAL_REFERENCE","county_route":null,"federal_lands_route":null,"fictionality":"REAL","globalid":"{AF2B3BD7-343C-4E34-B34C-C9CE2FB3571D}","interstate":"80","interstate_a":"80","interstate_b":null,"interstate_c":null,"loaddate":1506094584000,"mtfcc_code":"S1100","name":"I- 80","objectid":16643770,"permanent_identifier":"c252131e-cc03-4bcd-8122-f465c1bceec0","real_world_relation":"REFERENCE_ONLY","shape_Length":614.3281011049078,"source_datadesc":"2017 July MAFTIGER","source_datasetid":"{B41E6A36-7E6B-487C-BFBD-A70E5E7C4156}","source_featureid":"1104475605869","source_id":"REF-WAMSUTTER-HIGHWAYS","source_originator":"U.S. Department of Commerce, U.S. Census Bureau, Geography Division","state_route":"789","state_route_a":"789","state_route_b":null,"state_route_c":null,"stco_fipscode":"56037","tnmfrc":1,"us_route":"30","us_route_a":"30","us_route_b":null,"us_route_c":null},"type":"Feature"},{"geometry":{"coordinates":[[-108.258008,41.634533],[-108.256718,41.634733],[-108.254311,41.635106],[-108.251704,41.635502],[-108.250631,41.635666],[-108.248481,41.636016],[-108.245911,41.636406],[-108.243661,41.636756],[-108.241331,41.637106],[-108.238971,41.637476],[-108.237631,41.637676],[-108.236791,41.637786],[-108.234701,41.638026],[-108.233311,41.638166],[-108.231811,41.638306],[-108.231068,41.638384],[-108.229641,41.638536],[-108.228361,41.638666],[-108.226601,41.638846],[-108.224951,41.638976],[-108.224154,41.639056],[-108.223651,41.639106],[-108.221671,41.639326],[-108.220685,41.639421],[-108.219511,41.639536],[-108.217171,41.639756],[-108.215921,41.639896],[-108.215899,41.639898],[-108.210273,41.640465],[-108.209371,41.640556],[-108.208247,41.640663],[-108.207261,41.640756],[-108.206802,41.640806],[-108.204951,41.641006],[-108.20227,41.641267],[-108.201771,41.641316],[-108.198111,41.641696],[-108.194511,41.642056],[-108.192121,41.642286],[-108.190631,41.642446],[-108.188676,41.642656],[-108.188591,41.642666],[-108.187431,41.642766],[-108.185361,41.642986],[-108.184143,41.643103],[-108.183171,41.643196],[-108.181061,41.643416],[-108.177251,41.643796],[-108.174841,41.644026],[-108.173405,41.644175],[-108.169461,41.644586],[-108.164181,41.645116],[-108.162931,41.645236],[-108.161201,41.645426],[-108.159471,41.645576],[-108.158301,41.645706],[-108.156511,41.645966],[-108.155861,41.646056],[-108.155041,41.646206],[-108.153111,41.646596],[-108.149431,41.647386],[-108.147831,41.647716],[-108.145551,41.648196],[-108.143831,41.648566],[-108.141961,41.648986],[-108.141451,41.649087],[-108.139711,41.649436],[-108.137411,41.649936],[-108.135481,41.650346],[-108.135072,41.65043],[-108.133971,41.650656],[-108.133878,41.650676]],"type":"LineString"},"id":"REF-WAMSUTTER-HIGHWAYS-86","properties":{"canon_status":"REAL_REFERENCE","county_route":null,"federal_lands_route":null,"fictionality":"REAL","globalid":"{224AC101-3E7F-4E2F-9D37-3D18DD6858E1}","interstate":"80","interstate_a":"80","interstate_b":null,"interstate_c":null,"loaddate":1506094584000,"mtfcc_code":"S1100","name":"I- 80","objectid":17283550,"permanent_identifier":"03a55dd8-b276-4db9-9f7a-54a1c3480fc3","real_world_relation":"REFERENCE_ONLY","shape_Length":14047.030638686567,"source_datadesc":"2017 July MAFTIGER","source_datasetid":"{B41E6A36-7E6B-487C-BFBD-A70E5E7C4156}","source_featureid":"1104475543690","source_id":"REF-WAMSUTTER-HIGHWAYS","source_originator":"U.S. Department of Commerce, U.S. Census Bureau, Geography Division","state_route":null,"state_route_a":null,"state_route_b":null,"state_route_c":null,"stco_fipscode":"56037","tnmfrc":1,"us_route":"30","us_route_a":"30","us_route_b":null,"us_route_c":null},"type":"Feature"},{"geometry":{"coordinates":[[-108.410361,41.635326],[-108.411881,41.635396],[-108.412641,41.635436],[-108.412993,41.635451]],"type":"LineString"},"id":"REF-WAMSUTTER-HIGHWAYS-87","properties":{"canon_status":"REAL_REFERENCE","county_route":null,"federal_lands_route":null,"fictionality":"REAL","globalid":"{447FE7A4-BD0D-4E91-B3AF-5CB52584DD07}","interstate":"80","interstate_a":"80","interstate_b":null,"interstate_c":null,"loaddate":1506094584000,"mtfcc_code":"S1100","name":"I- 80","objectid":17412278,"permanent_identifier":"f481d484-d373-4f0d-a139-ff5a3256c95e","real_world_relation":"REFERENCE_ONLY","shape_Length":293.5870725798274,"source_datadesc":"2017 July MAFTIGER","source_datasetid":"{B41E6A36-7E6B-487C-BFBD-A70E5E7C4156}","source_featureid":"1104475605869","source_id":"REF-WAMSUTTER-HIGHWAYS","source_originator":"U.S. Department of Commerce, U.S. Census Bureau, Geography Division","state_route":null,"state_route_a":null,"state_route_b":null,"state_route_c":null,"stco_fipscode":"56037","tnmfrc":1,"us_route":"30","us_route_a":"30","us_route_b":null,"us_route_c":null},"type":"Feature"},{"geometry":{"coordinates":[[-107.407954,41.785946],[-107.407851,41.785961],[-107.407617,41.785993]],"type":"LineString"},"id":"REF-WAMSUTTER-HIGHWAYS-88","properties":{"canon_status":"REAL_REFERENCE","county_route":null,"federal_lands_route":null,"fictionality":"REAL","globalid":"{FE06EE79-69D8-4809-B846-32F804093973}","interstate":"80","interstate_a":"80","interstate_b":null,"interstate_c":null,"loaddate":1506626360000,"mtfcc_code":"S1100","name":"I- 80","objectid":17539869,"permanent_identifier":"3cc02c63-b76f-4687-9a50-33da22d20602","real_world_relation":"REFERENCE_ONLY","shape_Length":38.165810167020965,"source_datadesc":"2017 July MAFTIGER","source_datasetid":"{84D2183D-8BB4-4DBB-8848-8FBC90DB5400}","source_featureid":"1105321138234","source_id":"REF-WAMSUTTER-HIGHWAYS","source_originator":"U.S. Department of Commerce, U.S. Census Bureau, Geography Division","state_route":"789","state_route_a":"789","state_route_b":null,"state_route_c":null,"stco_fipscode":"56007","tnmfrc":1,"us_route":"30","us_route_a":"30","us_route_b":null,"us_route_c":null},"type":"Feature"},{"geometry":{"coordinates":[[-108.486481,41.640306],[-108.485967,41.640264],[-108.485611,41.640236],[-108.484468,41.640169]],"type":"LineString"},"id":"REF-WAMSUTTER-HIGHWAYS-89","properties":{"canon_status":"REAL_REFERENCE","county_route":null,"federal_lands_route":null,"fictionality":"REAL","globalid":"{D9B408CE-A26D-46C3-9173-8B035010EC5D}","interstate":"80","interstate_a":"80","interstate_b":null,"interstate_c":null,"loaddate":1506094584000,"mtfcc_code":"S1100","name":"I- 80","objectid":18310249,"permanent_identifier":"9c940ffd-5b7e-4087-8dd1-ad1926e86ad9","real_world_relation":"REFERENCE_ONLY","shape_Length":225.03686217894355,"source_datadesc":"2017 July MAFTIGER","source_datasetid":"{B41E6A36-7E6B-487C-BFBD-A70E5E7C4156}","source_featureid":"1104475543690","source_id":"REF-WAMSUTTER-HIGHWAYS","source_originator":"U.S. Department of Commerce, U.S. Census Bureau, Geography Division","state_route":null,"state_route_a":null,"state_route_b":null,"state_route_c":null,"stco_fipscode":"56037","tnmfrc":1,"us_route":"30","us_route_a":"30","us_route_b":null,"us_route_c":null},"type":"Feature"},{"geometry":{"coordinates":[[-108.268078,41.632648],[-108.268321,41.632606],[-108.270081,41.632336],[-108.271971,41.632036],[-108.273481,41.631816],[-108.274721,41.631616],[-108.276421,41.631366],[-108.278591,41.631016],[-108.279991,41.630796],[-108.281781,41.630536],[-108.282991,41.630346],[-108.285691,41.629916],[-108.286445,41.62982],[-108.286871,41.629766],[-108.287841,41.629666],[-108.288551,41.629606],[-108.289371,41.629586],[-108.290281,41.629586],[-108.291471,41.629616],[-108.292651,41.629666],[-108.293871,41.629696],[-108.295691,41.629766],[-108.297351,41.629836],[-108.300281,41.629926],[-108.302961,41.630026],[-108.304001,41.630056],[-108.305661,41.630116],[-108.307101,41.630176],[-108.307609,41.630191]],"type":"LineString"},"id":"REF-WAMSUTTER-HIGHWAYS-90","properties":{"canon_status":"REAL_REFERENCE","county_route":null,"federal_lands_route":null,"fictionality":"REAL","globalid":"{4475FEE8-8EC1-468F-83E3-14B494F245E9}","interstate":"80","interstate_a":"80","interstate_b":null,"interstate_c":null,"loaddate":1506094583000,"mtfcc_code":"S1100","name":"I- 80","objectid":18438773,"permanent_identifier":"271acc3e-24ba-4592-9999-a51bedcdcd86","real_world_relation":"REFERENCE_ONLY","shape_Length":4448.037592959788,"source_datadesc":"2017 July MAFTIGER","source_datasetid":"{B41E6A36-7E6B-487C-BFBD-A70E5E7C4156}","source_featureid":"1104475605869","source_id":"REF-WAMSUTTER-HIGHWAYS","source_originator":"U.S. Department of Commerce, U.S. Census Bureau, Geography Division","state_route":null,"state_route_a":null,"state_route_b":null,"state_route_c":null,"stco_fipscode":"56037","tnmfrc":1,"us_route":"30","us_route_a":"30","us_route_b":null,"us_route_c":null},"type":"Feature"},{"geometry":{"coordinates":[[-107.701851,41.734256],[-107.703951,41.733766],[-107.706701,41.733176],[-107.708871,41.732686],[-107.711381,41.732106],[-107.712651,41.731806],[-107.714851,41.731326],[-107.718311,41.730516],[-107.722051,41.729656],[-107.723911,41.729246]],"type":"LineString"},"id":"REF-WAMSUTTER-HIGHWAYS-91","properties":{"canon_status":"REAL_REFERENCE","county_route":null,"federal_lands_route":null,"fictionality":"REAL","globalid":"{B9742B2C-30D1-4D1A-B997-8A97437E8CA8}","interstate":"80","interstate_a":"80","interstate_b":null,"interstate_c":null,"loaddate":1506094584000,"mtfcc_code":"S1100","name":"I- 80","objectid":18695305,"permanent_identifier":"663a0849-3134-41f9-9d78-7b413227d541","real_world_relation":"REFERENCE_ONLY","shape_Length":2567.0047162465767,"source_datadesc":"2017 July MAFTIGER","source_datasetid":"{B41E6A36-7E6B-487C-BFBD-A70E5E7C4156}","source_featureid":"1104475605869","source_id":"REF-WAMSUTTER-HIGHWAYS","source_originator":"U.S. Department of Commerce, U.S. Census Bureau, Geography Division","state_route":"789","state_route_a":"789","state_route_b":null,"state_route_c":null,"stco_fipscode":"56037","tnmfrc":1,"us_route":"30","us_route_a":"30","us_route_b":null,"us_route_c":null},"type":"Feature"},{"geometry":{"coordinates":[[-107.972701,41.678046],[-107.973681,41.677586],[-107.974049,41.677421],[-107.975671,41.676696],[-107.975751,41.676656]],"type":"LineString"},"id":"REF-WAMSUTTER-HIGHWAYS-92","properties":{"canon_status":"REAL_REFERENCE","county_route":null,"federal_lands_route":null,"fictionality":"REAL","globalid":"{E85FB4FF-00C3-402B-A9B5-AE3C0DD95229}","interstate":"80","interstate_a":"80","interstate_b":null,"interstate_c":null,"loaddate":1506094584000,"mtfcc_code":"S1100","name":"I- 80","objectid":18951276,"permanent_identifier":"ab6a33fe-743a-4314-90d3-bd1c3f9a4bf3","real_world_relation":"REFERENCE_ONLY","shape_Length":397.7677694560309,"source_datadesc":"2017 July MAFTIGER","source_datasetid":"{B41E6A36-7E6B-487C-BFBD-A70E5E7C4156}","source_featureid":"1104475605869","source_id":"REF-WAMSUTTER-HIGHWAYS","source_originator":"U.S. Department of Commerce, U.S. Census Bureau, Geography Division","state_route":null,"state_route_a":null,"state_route_b":null,"state_route_c":null,"stco_fipscode":"56037","tnmfrc":1,"us_route":"30","us_route_a":"30","us_route_b":null,"us_route_c":null},"type":"Feature"},{"geometry":{"coordinates":[[-107.786421,41.715436],[-107.785716,41.715593],[-107.785081,41.715736],[-107.783791,41.716036],[-107.783605,41.716077],[-107.782901,41.716236]],"type":"LineString"},"id":"REF-WAMSUTTER-HIGHWAYS-93","properties":{"canon_status":"REAL_REFERENCE","county_route":null,"federal_lands_route":null,"fictionality":"REAL","globalid":"{E86FE1D9-2C55-485E-9C07-2ECFD821F854}","interstate":"80","interstate_a":"80","interstate_b":null,"interstate_c":null,"loaddate":1506094584000,"mtfcc_code":"S1100","name":"I- 80","objectid":19207768,"permanent_identifier":"c205fc26-57b0-4179-83f5-281284d17a40","real_world_relation":"REFERENCE_ONLY","shape_Length":409.61004280977056,"source_datadesc":"2017 July MAFTIGER","source_datasetid":"{B41E6A36-7E6B-487C-BFBD-A70E5E7C4156}","source_featureid":"1104475543690","source_id":"REF-WAMSUTTER-HIGHWAYS","source_originator":"U.S. Department of Commerce, U.S. Census Bureau, Geography Division","state_route":null,"state_route_a":null,"state_route_b":null,"state_route_c":null,"stco_fipscode":"56037","tnmfrc":1,"us_route":"30","us_route_a":"30","us_route_b":null,"us_route_c":null},"type":"Feature"},{"geometry":{"coordinates":[[-107.122511,41.777677],[-107.122371,41.77758],[-107.121951,41.777292],[-107.121812,41.777196],[-107.120941,41.776597],[-107.119731,41.775727],[-107.118911,41.775207],[-107.118372,41.774928],[-107.117827,41.774683],[-107.117147,41.774449],[-107.116533,41.774275],[-107.115611,41.774077],[-107.114401,41.773937],[-107.112311,41.773897],[-107.109161,41.773867],[-107.105321,41.773817],[-107.103752,41.773777],[-107.102551,41.773747],[-107.100843,41.773622],[-107.100482,41.773588],[-107.099047,41.773411],[-107.098367,41.773319],[-107.098026,41.773272],[-107.096617,41.773068],[-107.096125,41.772994],[-107.095781,41.772937],[-107.094111,41.772667],[-107.090801,41.772147],[-107.090323,41.77208],[-107.089221,41.771927],[-107.08813,41.771853],[-107.088082,41.771849],[-107.087938,41.77184],[-107.087891,41.771837]],"type":"LineString"},"id":"REF-WAMSUTTER-HIGHWAYS-94","properties":{"canon_status":"REAL_REFERENCE","county_route":null,"federal_lands_route":null,"fictionality":"REAL","globalid":"{4CF7868D-6C2C-468A-BBB3-6A0292C36126}","interstate":"80","interstate_a":"80","interstate_b":null,"interstate_c":null,"loaddate":1749656015000,"mtfcc_code":"S1100","name":"I- 80","objectid":19208016,"permanent_identifier":"96c9f370-f50d-4ef1-8752-0c60a4ae6c15","real_world_relation":"REFERENCE_ONLY","shape_Length":4065.909348880006,"source_datadesc":"2021 February MAF/TIGER","source_datasetid":"{E0D31206-F7BC-49A5-ABD6-A45460094F50}","source_featureid":"1105321138235","source_id":"REF-WAMSUTTER-HIGHWAYS","source_originator":"U.S. Department of Commerce, U.S. Census Bureau, Geography Division","state_route":null,"state_route_a":null,"state_route_b":null,"state_route_c":null,"stco_fipscode":"56007","tnmfrc":1,"us_route":"30,287","us_route_a":"30,287","us_route_b":null,"us_route_c":null},"type":"Feature"},{"geometry":{"coordinates":[[-108.486511,41.639856],[-108.488109,41.63997],[-108.490541,41.640116],[-108.492321,41.640206],[-108.494301,41.640336],[-108.495511,41.640396],[-108.497255,41.640511],[-108.497941,41.640556],[-108.500651,41.640706],[-108.502911,41.640856],[-108.505101,41.640986],[-108.508191,41.641186],[-108.510201,41.641296],[-108.511831,41.641396],[-108.513711,41.641506],[-108.515001,41.641566],[-108.517151,41.641706]],"type":"LineString"},"id":"REF-WAMSUTTER-HIGHWAYS-95","properties":{"canon_status":"REAL_REFERENCE","county_route":null,"federal_lands_route":null,"fictionality":"REAL","globalid":"{6446F084-2C3F-4FE0-860A-94551EA50AFF}","interstate":"80","interstate_a":"80","interstate_b":null,"interstate_c":null,"loaddate":1506094584000,"mtfcc_code":"S1100","name":"I- 80","objectid":19336431,"permanent_identifier":"91fc285e-7ceb-4b62-923c-b2c4e0977c25","real_world_relation":"REFERENCE_ONLY","shape_Length":3422.063441448062,"source_datadesc":"2017 July MAFTIGER","source_datasetid":"{B41E6A36-7E6B-487C-BFBD-A70E5E7C4156}","source_featureid":"1104475605869","source_id":"REF-WAMSUTTER-HIGHWAYS","source_originator":"U.S. Department of Commerce, U.S. Census Bureau, Geography Division","state_route":null,"state_route_a":null,"state_route_b":null,"state_route_c":null,"stco_fipscode":"56037","tnmfrc":1,"us_route":"30","us_route_a":"30","us_route_b":null,"us_route_c":null},"type":"Feature"},{"geometry":{"coordinates":[[-108.313122,41.630683],[-108.312691,41.630662],[-108.312521,41.63066],[-108.311586,41.630619],[-108.310112,41.630557],[-108.309912,41.630546],[-108.30986,41.630543]],"type":"LineString"},"id":"REF-WAMSUTTER-HIGHWAYS-96","properties":{"canon_status":"REAL_REFERENCE","county_route":null,"federal_lands_route":null,"fictionality":"REAL","globalid":"{48B2E542-D731-40EC-9853-4819254A0C9B}","interstate":"80","interstate_a":"80","interstate_b":null,"interstate_c":null,"loaddate":1506094584000,"mtfcc_code":"S1100","name":"I- 80","objectid":19463841,"permanent_identifier":"4193d632-d7b0-4ccc-9363-4cb7990a9384","real_world_relation":"REFERENCE_ONLY","shape_Length":363.74436455479656,"source_datadesc":"2017 July MAFTIGER","source_datasetid":"{B41E6A36-7E6B-487C-BFBD-A70E5E7C4156}","source_featureid":"1104475543690","source_id":"REF-WAMSUTTER-HIGHWAYS","source_originator":"U.S. Department of Commerce, U.S. Census Bureau, Geography Division","state_route":null,"state_route_a":null,"state_route_b":null,"state_route_c":null,"stco_fipscode":"56037","tnmfrc":1,"us_route":"30","us_route_a":"30","us_route_b":null,"us_route_c":null},"type":"Feature"},{"geometry":{"coordinates":[[-106.830555,41.741578],[-106.828974,41.741523],[-106.827817,41.741484],[-106.824918,41.741421],[-106.824232,41.741441],[-106.822651,41.741487]],"type":"LineString"},"id":"REF-WAMSUTTER-HIGHWAYS-97","properties":{"canon_status":"REAL_REFERENCE","county_route":null,"federal_lands_route":null,"fictionality":"REAL","globalid":"{62BE562D-28BC-4C82-B423-14552CED2519}","interstate":"80","interstate_a":"80","interstate_b":null,"interstate_c":null,"loaddate":1506626360000,"mtfcc_code":"S1100","name":"I- 80","objectid":19976368,"permanent_identifier":"c2418867-9cae-417f-8489-c69514e39fe8","real_world_relation":"REFERENCE_ONLY","shape_Length":880.5207992364205,"source_datadesc":"2017 July MAFTIGER","source_datasetid":"{84D2183D-8BB4-4DBB-8848-8FBC90DB5400}","source_featureid":"1105321138235","source_id":"REF-WAMSUTTER-HIGHWAYS","source_originator":"U.S. Department of Commerce, U.S. Census Bureau, Geography Division","state_route":null,"state_route_a":null,"state_route_b":null,"state_route_c":null,"stco_fipscode":"56007","tnmfrc":1,"us_route":null,"us_route_a":null,"us_route_b":null,"us_route_c":null},"type":"Feature"},{"geometry":{"coordinates":[[-107.410351,41.785107],[-107.408521,41.785347],[-107.406267,41.785601],[-107.405987,41.785632],[-107.40515,41.785726],[-107.405061,41.785737],[-107.404872,41.785765],[-107.404261,41.785857],[-107.401971,41.786097],[-107.40133,41.786167],[-107.39767,41.786571],[-107.391991,41.787197],[-107.390699,41.787344],[-107.389461,41.787487],[-107.387851,41.787637],[-107.387151,41.787676],[-107.385541,41.787767],[-107.384758,41.787782],[-107.383091,41.787817],[-107.380491,41.787727],[-107.378461,41.787557],[-107.377586,41.787475],[-107.376751,41.787397],[-107.375513,41.78722]],"type":"LineString"},"id":"REF-WAMSUTTER-HIGHWAYS-98","properties":{"canon_status":"REAL_REFERENCE","county_route":null,"federal_lands_route":null,"fictionality":"REAL","globalid":"{7B953692-4EC9-404B-85C0-C9F6BE42413A}","interstate":"80","interstate_a":"80","interstate_b":null,"interstate_c":null,"loaddate":1506626360000,"mtfcc_code":"S1100","name":"I- 80","objectid":20104500,"permanent_identifier":"c02714bb-dce9-45fe-9e1c-65417bd664f9","real_world_relation":"REFERENCE_ONLY","shape_Length":3913.2881754644104,"source_datadesc":"2017 July MAFTIGER","source_datasetid":"{84D2183D-8BB4-4DBB-8848-8FBC90DB5400}","source_featureid":"1104483923163","source_id":"REF-WAMSUTTER-HIGHWAYS","source_originator":"U.S. Department of Commerce, U.S. Census Bureau, Geography Division","state_route":"789","state_route_a":"789","state_route_b":null,"state_route_c":null,"stco_fipscode":"56007","tnmfrc":1,"us_route":"30","us_route_a":"30","us_route_b":null,"us_route_c":null},"type":"Feature"},{"geometry":{"coordinates":[[-107.224571,41.778397],[-107.223653,41.778609],[-107.222711,41.778827],[-107.221261,41.779247],[-107.220933,41.779368],[-107.220261,41.779617],[-107.220052,41.779699],[-107.219607,41.779873],[-107.218754,41.780244],[-107.218312,41.780481],[-107.217891,41.780707]],"type":"LineString"},"id":"REF-WAMSUTTER-HIGHWAYS-99","properties":{"canon_status":"REAL_REFERENCE","county_route":null,"federal_lands_route":null,"fictionality":"REAL","globalid":"{9F50B00F-C541-4764-991F-C2C12C28AB17}","interstate":"80","interstate_a":"80","interstate_b":null,"interstate_c":null,"loaddate":1749656015000,"mtfcc_code":"S1100","name":"I- 80","objectid":20234003,"permanent_identifier":"2cfdaf61-434f-479a-8797-9bb84abb291d","real_world_relation":"REFERENCE_ONLY","shape_Length":824.6992099685988,"source_datadesc":"2021 February MAF/TIGER","source_datasetid":"{E0D31206-F7BC-49A5-ABD6-A45460094F50}","source_featureid":"1105321138234","source_id":"REF-WAMSUTTER-HIGHWAYS","source_originator":"U.S. Department of Commerce, U.S. Census Bureau, Geography Division","state_route":null,"state_route_a":null,"state_route_b":null,"state_route_c":null,"stco_fipscode":"56007","tnmfrc":1,"us_route":"30","us_route_a":"30","us_route_b":null,"us_route_c":null},"type":"Feature"},{"geometry":{"coordinates":[[-107.562837,41.751422],[-107.57426,41.748914],[-107.575479,41.748662],[-107.576173,41.748522],[-107.577121,41.748353],[-107.57794,41.748212],[-107.578921,41.748049],[-107.579764,41.747926],[-107.581352,41.747722],[-107.581778,41.747664],[-107.58322,41.747503],[-107.5851,41.747335],[-107.585961,41.747283],[-107.586833,41.74722],[-107.587717,41.747153],[-107.588588,41.747088],[-107.589319,41.747039],[-107.590322,41.746968],[-107.591491,41.74689],[-107.593521,41.746738],[-107.594548,41.746678],[-107.596132,41.746556],[-107.596432,41.746533],[-107.597144,41.746489],[-107.597881,41.746443],[-107.598744,41.746371],[-107.600347,41.746271],[-107.60092,41.746215],[-107.601801,41.746156],[-107.602221,41.746133],[-107.602798,41.746086],[-107.603535,41.746041],[-107.603989,41.746004],[-107.604989,41.745941],[-107.605398,41.745903],[-107.606421,41.745833],[-107.607694,41.745747],[-107.608747,41.745673],[-107.609618,41.745613],[-107.610786,41.745534],[-107.611656,41.745471],[-107.612245,41.745435],[-107.612971,41.745384],[-107.613647,41.745335],[-107.613987,41.745313],[-107.614421,41.745274],[-107.614856,41.74525],[-107.615278,41.745214],[-107.615848,41.745176],[-107.616685,41.745118],[-107.617697,41.74504],[-107.61842,41.744988]],"type":"LineString"},"id":"REF-WAMSUTTER-HIGHWAYS-100","properties":{"canon_status":"REAL_REFERENCE","county_route":null,"federal_lands_route":null,"fictionality":"REAL","globalid":"{473753F5-7481-46F9-9CB4-AF8B92F49786}","interstate":"80","interstate_a":"80","interstate_b":null,"interstate_c":null,"loaddate":1506094584000,"mtfcc_code":"S1100","name":"I- 80","objectid":21130193,"permanent_identifier":"79e55d4f-fbb1-4d18-851f-5daeb50287c0","real_world_relation":"REFERENCE_ONLY","shape_Length":6282.486222507339,"source_datadesc":"2017 July MAFTIGER","source_datasetid":"{B41E6A36-7E6B-487C-BFBD-A70E5E7C4156}","source_featureid":"1104475605869","source_id":"REF-WAMSUTTER-HIGHWAYS","source_originator":"U.S. Department of Commerce, U.S. Census Bureau, Geography Division","state_route":"789","state_route_a":"789","state_route_b":null,"state_route_c":null,"stco_fipscode":"56037","tnmfrc":1,"us_route":"30","us_route_a":"30","us_route_b":null,"us_route_c":null},"type":"Feature"},{"geometry":{"coordinates":[[-107.251001,41.778937],[-107.249474,41.778573],[-107.248348,41.7784],[-107.247102,41.778279],[-107.245713,41.778196],[-107.243903,41.778122],[-107.236263,41.777876],[-107.234083,41.777829],[-107.232292,41.77778],[-107.231161,41.777727]],"type":"LineString"},"id":"REF-WAMSUTTER-HIGHWAYS-101","properties":{"canon_status":"REAL_REFERENCE","county_route":null,"federal_lands_route":null,"fictionality":"REAL","globalid":"{5B786872-00B4-4346-8019-D82DABDD3C8A}","interstate":"80","interstate_a":"80","interstate_b":null,"interstate_c":null,"loaddate":1506626360000,"mtfcc_code":"S1100","name":"I- 80","objectid":21258051,"permanent_identifier":"a736884c-2f70-4306-bd21-cb8c707c9dee","real_world_relation":"REFERENCE_ONLY","shape_Length":2222.9308539378762,"source_datadesc":"2017 July MAFTIGER","source_datasetid":"{84D2183D-8BB4-4DBB-8848-8FBC90DB5400}","source_featureid":"1104483923163","source_id":"REF-WAMSUTTER-HIGHWAYS","source_originator":"U.S. Department of Commerce, U.S. Census Bureau, Geography Division","state_route":null,"state_route_a":null,"state_route_b":null,"state_route_c":null,"stco_fipscode":"56007","tnmfrc":1,"us_route":"30","us_route_a":"30","us_route_b":null,"us_route_c":null},"type":"Feature"},{"geometry":{"coordinates":[[-106.957058,41.753379],[-106.956087,41.753123],[-106.953841,41.752532],[-106.952553,41.752166],[-106.950806,41.751712],[-106.949043,41.751253],[-106.948956,41.751231],[-106.948697,41.751168],[-106.948611,41.751147],[-106.94851,41.75112],[-106.948209,41.75104],[-106.948109,41.751014],[-106.947771,41.750932],[-106.947085,41.750765],[-106.94676,41.750684],[-106.946424,41.750601],[-106.943619,41.749849],[-106.942751,41.749617],[-106.937271,41.748117],[-106.935212,41.747575],[-106.934081,41.747277],[-106.932406,41.746833],[-106.931591,41.746617],[-106.931254,41.74653],[-106.930771,41.746407],[-106.929001,41.745997],[-106.92777,41.745739],[-106.927421,41.745667],[-106.926598,41.745531],[-106.926486,41.745512],[-106.926153,41.745457],[-106.926042,41.745439],[-106.925611,41.745367],[-106.922551,41.745017],[-106.919561,41.744817],[-106.916441,41.744707],[-106.916189,41.744698],[-106.909911,41.744497],[-106.896981,41.744017],[-106.891371,41.743837],[-106.886544,41.743654],[-106.877871,41.743327],[-106.876664,41.743285],[-106.876578,41.743282],[-106.87632,41.743273],[-106.876234,41.74327],[-106.875364,41.743239],[-106.872757,41.743149],[-106.871888,41.743119],[-106.870739,41.743079],[-106.868071,41.742987],[-106.867295,41.742956],[-106.866147,41.742912],[-106.863691,41.742817],[-106.862581,41.742782],[-106.859881,41.742697],[-106.858477,41.74263],[-106.856721,41.742547],[-106.852721,41.742417],[-106.851883,41.742385],[-106.849551,41.742297],[-106.848318,41.742249],[-106.847275,41.742208],[-106.845451,41.742137],[-106.844146,41.742093],[-106.843103,41.742059]],"type":"LineString"},"id":"REF-WAMSUTTER-HIGHWAYS-102","properties":{"canon_status":"REAL_REFERENCE","county_route":null,"federal_lands_route":null,"fictionality":"REAL","globalid":"{24CBFC92-54CF-4BEC-B73E-558497261298}","interstate":"80","interstate_a":"80","interstate_b":null,"interstate_c":null,"loaddate":1506626360000,"mtfcc_code":"S1100","name":"I- 80","objectid":21514037,"permanent_identifier":"acfcb701-48bb-4632-b005-ba6cec7d8f28","real_world_relation":"REFERENCE_ONLY","shape_Length":12901.288940968383,"source_datadesc":"2017 July MAFTIGER","source_datasetid":"{84D2183D-8BB4-4DBB-8848-8FBC90DB5400}","source_featureid":"1105321138235","source_id":"REF-WAMSUTTER-HIGHWAYS","source_originator":"U.S. Department of Commerce, U.S. Census Bureau, Geography Division","state_route":null,"state_route_a":null,"state_route_b":null,"state_route_c":null,"stco_fipscode":"56007","tnmfrc":1,"us_route":"30,287","us_route_a":"30,287","us_route_b":null,"us_route_c":null},"type":"Feature"},{"geometry":{"coordinates":[[-107.555785,41.753398],[-107.554569,41.753663],[-107.553837,41.753836],[-107.55242,41.754145],[-107.550454,41.754584],[-107.547458,41.755232],[-107.546498,41.755451],[-107.545366,41.755696],[-107.542829,41.756253],[-107.540048,41.756855],[-107.537984,41.757322],[-107.536327,41.757678],[-107.534929,41.757985],[-107.533956,41.758194],[-107.53228,41.758569],[-107.531702,41.758688],[-107.530496,41.75896]],"type":"LineString"},"id":"REF-WAMSUTTER-HIGHWAYS-103","properties":{"canon_status":"REAL_REFERENCE","county_route":null,"federal_lands_route":null,"fictionality":"REAL","globalid":"{1A2E758B-9FCE-4178-A22B-1FEDE961D046}","interstate":"80","interstate_a":"80","interstate_b":null,"interstate_c":null,"loaddate":1506094584000,"mtfcc_code":"S1100","name":"I- 80","objectid":21514722,"permanent_identifier":"87d47bed-36bc-4ff2-b07f-32cf22c0a7a5","real_world_relation":"REFERENCE_ONLY","shape_Length":2935.0243792828537,"source_datadesc":"2017 July MAFTIGER","source_datasetid":"{B41E6A36-7E6B-487C-BFBD-A70E5E7C4156}","source_featureid":"1104475543690","source_id":"REF-WAMSUTTER-HIGHWAYS","source_originator":"U.S. Department of Commerce, U.S. Census Bureau, Geography Division","state_route":"789","state_route_a":"789","state_route_b":null,"state_route_c":null,"stco_fipscode":"56037","tnmfrc":1,"us_route":"30","us_route_a":"30","us_route_b":null,"us_route_c":null},"type":"Feature"},{"geometry":{"coordinates":[[-108.128236,41.651559],[-108.128251,41.651556],[-108.128501,41.651506],[-108.129439,41.651304],[-108.133611,41.650414]],"type":"LineString"},"id":"REF-WAMSUTTER-HIGHWAYS-104","properties":{"canon_status":"REAL_REFERENCE","county_route":null,"federal_lands_route":null,"fictionality":"REAL","globalid":"{B56B726F-CF33-4012-9189-724191B566DA}","interstate":"80","interstate_a":"80","interstate_b":null,"interstate_c":null,"loaddate":1749656015000,"mtfcc_code":"S1100","name":"I- 80","objectid":21642284,"permanent_identifier":"f5c9e987-d4f2-4261-90d4-46512a20e2d7","real_world_relation":"REFERENCE_ONLY","shape_Length":622.1878319298893,"source_datadesc":"2021 February MAF/TIGER","source_datasetid":"{E0D31206-F7BC-49A5-ABD6-A45460094F50}","source_featureid":"1104475605869","source_id":"REF-WAMSUTTER-HIGHWAYS","source_originator":"U.S. Department of Commerce, U.S. Census Bureau, Geography Division","state_route":null,"state_route_a":null,"state_route_b":null,"state_route_c":null,"stco_fipscode":"56037","tnmfrc":1,"us_route":"30","us_route_a":"30","us_route_b":null,"us_route_c":null},"type":"Feature"},{"geometry":{"coordinates":[[-108.376204,41.633564],[-108.376041,41.633556],[-108.374351,41.633446],[-108.371334,41.633258],[-108.370821,41.633226],[-108.369741,41.633166],[-108.365151,41.632886],[-108.363141,41.632756],[-108.361441,41.632636],[-108.359671,41.632496],[-108.358251,41.632366],[-108.357748,41.632328],[-108.356651,41.632246],[-108.355393,41.632173],[-108.355261,41.632166],[-108.354731,41.632136],[-108.353001,41.632066],[-108.350426,41.631987]],"type":"LineString"},"id":"REF-WAMSUTTER-HIGHWAYS-105","properties":{"canon_status":"REAL_REFERENCE","county_route":null,"federal_lands_route":null,"fictionality":"REAL","globalid":"{D6C94372-3CC9-4E7D-A848-A5422C7E92DE}","interstate":"80","interstate_a":"80","interstate_b":null,"interstate_c":null,"loaddate":1506094584000,"mtfcc_code":"S1100","name":"I- 80","objectid":21642312,"permanent_identifier":"c4244590-9f4f-4114-bda0-5dbc8d86dd75","real_world_relation":"REFERENCE_ONLY","shape_Length":2879.745070943881,"source_datadesc":"2017 July MAFTIGER","source_datasetid":"{B41E6A36-7E6B-487C-BFBD-A70E5E7C4156}","source_featureid":"1104475543690","source_id":"REF-WAMSUTTER-HIGHWAYS","source_originator":"U.S. Department of Commerce, U.S. Census Bureau, Geography Division","state_route":null,"state_route_a":null,"state_route_b":null,"state_route_c":null,"stco_fipscode":"56037","tnmfrc":1,"us_route":"30","us_route_a":"30","us_route_b":null,"us_route_c":null},"type":"Feature"},{"geometry":{"coordinates":[[-107.375513,41.78722],[-107.375211,41.787177],[-107.37505,41.787151]],"type":"LineString"},"id":"REF-WAMSUTTER-HIGHWAYS-106","properties":{"canon_status":"REAL_REFERENCE","county_route":null,"federal_lands_route":null,"fictionality":"REAL","globalid":"{9F2B0F4D-DD45-469A-9774-687261149F3F}","interstate":"80","interstate_a":"80","interstate_b":null,"interstate_c":null,"loaddate":1506626360000,"mtfcc_code":"S1100","name":"I- 80","objectid":21642482,"permanent_identifier":"5d0a2eae-5a6c-4660-9584-059f5e9408a7","real_world_relation":"REFERENCE_ONLY","shape_Length":52.564014553700304,"source_datadesc":"2017 July MAFTIGER","source_datasetid":"{84D2183D-8BB4-4DBB-8848-8FBC90DB5400}","source_featureid":"1104483923163","source_id":"REF-WAMSUTTER-HIGHWAYS","source_originator":"U.S. Department of Commerce, U.S. Census Bureau, Geography Division","state_route":"789","state_route_a":"789","state_route_b":null,"state_route_c":null,"stco_fipscode":"56007","tnmfrc":1,"us_route":"30","us_route_a":"30","us_route_b":null,"us_route_c":null},"type":"Feature"},{"geometry":{"coordinates":[[-108.350244,41.6317],[-108.350781,41.631716],[-108.352001,41.631746],[-108.353251,41.631786],[-108.354481,41.631836],[-108.355281,41.631856],[-108.356261,41.631906],[-108.357753,41.631993],[-108.357981,41.632006],[-108.359631,41.632116],[-108.360851,41.632186],[-108.362871,41.632316],[-108.364681,41.632426],[-108.366051,41.632516],[-108.367521,41.632606],[-108.370411,41.632766],[-108.371981,41.632866],[-108.374161,41.633016],[-108.375701,41.633116],[-108.376045,41.633134]],"type":"LineString"},"id":"REF-WAMSUTTER-HIGHWAYS-107","properties":{"canon_status":"REAL_REFERENCE","county_route":null,"federal_lands_route":null,"fictionality":"REAL","globalid":"{A16A342C-CF04-4719-9F1B-DE3E50A6AAC3}","interstate":"80","interstate_a":"80","interstate_b":null,"interstate_c":null,"loaddate":1506094583000,"mtfcc_code":"S1100","name":"I- 80","objectid":21770466,"permanent_identifier":"db57cb4e-b077-46be-9e4e-b7aadb2c43f6","real_world_relation":"REFERENCE_ONLY","shape_Length":2880.5299932241314,"source_datadesc":"2017 July MAFTIGER","source_datasetid":"{B41E6A36-7E6B-487C-BFBD-A70E5E7C4156}","source_featureid":"1104475605869","source_id":"REF-WAMSUTTER-HIGHWAYS","source_originator":"U.S. Department of Commerce, U.S. Census Bureau, Geography Division","state_route":null,"state_route_a":null,"state_route_b":null,"state_route_c":null,"stco_fipscode":"56037","tnmfrc":1,"us_route":"30","us_route_a":"30","us_route_b":null,"us_route_c":null},"type":"Feature"},{"geometry":{"coordinates":[[-108.350426,41.631987],[-108.350071,41.631976],[-108.349956,41.631968],[-108.349911,41.631966],[-108.349722,41.631962]],"type":"LineString"},"id":"REF-WAMSUTTER-HIGHWAYS-108","properties":{"canon_status":"REAL_REFERENCE","county_route":null,"federal_lands_route":null,"fictionality":"REAL","globalid":"{3587DF1F-EC77-4863-8669-C329871791BB}","interstate":"80","interstate_a":"80","interstate_b":null,"interstate_c":null,"loaddate":1506094584000,"mtfcc_code":"S1100","name":"I- 80","objectid":21770542,"permanent_identifier":"84a78341-f976-4814-8add-1da322f222b9","real_world_relation":"REFERENCE_ONLY","shape_Length":78.47545511312322,"source_datadesc":"2017 July MAFTIGER","source_datasetid":"{B41E6A36-7E6B-487C-BFBD-A70E5E7C4156}","source_featureid":"1104475543690","source_id":"REF-WAMSUTTER-HIGHWAYS","source_originator":"U.S. Department of Commerce, U.S. Census Bureau, Geography Division","state_route":null,"state_route_a":null,"state_route_b":null,"state_route_c":null,"stco_fipscode":"56037","tnmfrc":1,"us_route":"30","us_route_a":"30","us_route_b":null,"us_route_c":null},"type":"Feature"},{"geometry":{"coordinates":[[-107.728431,41.728206],[-107.730951,41.727636],[-107.732571,41.727276]],"type":"LineString"},"id":"REF-WAMSUTTER-HIGHWAYS-109","properties":{"canon_status":"REAL_REFERENCE","county_route":null,"federal_lands_route":null,"fictionality":"REAL","globalid":"{7A89A231-EC5C-4643-A441-6843BBF71C88}","interstate":"80","interstate_a":"80","interstate_b":null,"interstate_c":null,"loaddate":1506094583000,"mtfcc_code":"S1100","name":"I- 80","objectid":22154844,"permanent_identifier":"018b9b74-63bf-4662-b3a9-3149036f13b5","real_world_relation":"REFERENCE_ONLY","shape_Length":481.28827729601346,"source_datadesc":"2017 July MAFTIGER","source_datasetid":"{B41E6A36-7E6B-487C-BFBD-A70E5E7C4156}","source_featureid":"1104475605869","source_id":"REF-WAMSUTTER-HIGHWAYS","source_originator":"U.S. Department of Commerce, U.S. Census Bureau, Geography Division","state_route":null,"state_route_a":null,"state_route_b":null,"state_route_c":null,"stco_fipscode":"56037","tnmfrc":1,"us_route":"30","us_route_a":"30","us_route_b":null,"us_route_c":null},"type":"Feature"},{"geometry":{"coordinates":[[-107.61842,41.744988],[-107.619981,41.744906],[-107.621941,41.744756],[-107.624263,41.744581],[-107.628341,41.744306],[-107.631811,41.744046],[-107.635251,41.743806],[-107.639501,41.743496],[-107.642641,41.743296],[-107.642733,41.743289],[-107.646391,41.743006],[-107.649971,41.742776],[-107.653791,41.742496],[-107.656711,41.742306],[-107.662621,41.741876],[-107.664831,41.741726],[-107.667491,41.741516],[-107.668801,41.741396],[-107.670171,41.741226],[-107.671561,41.741026],[-107.674171,41.740536],[-107.675361,41.740256],[-107.676341,41.740046],[-107.677801,41.739726],[-107.679861,41.739246],[-107.681821,41.738796],[-107.684681,41.738166],[-107.686801,41.737666],[-107.689421,41.737056],[-107.691841,41.736516],[-107.693921,41.736036],[-107.695192,41.735748],[-107.696565,41.735438]],"type":"LineString"},"id":"REF-WAMSUTTER-HIGHWAYS-110","properties":{"canon_status":"REAL_REFERENCE","county_route":null,"federal_lands_route":null,"fictionality":"REAL","globalid":"{32A50E35-F860-41B4-A48E-C12D120019F9}","interstate":"80","interstate_a":"80","interstate_b":null,"interstate_c":null,"loaddate":1506094584000,"mtfcc_code":"S1100","name":"I- 80","objectid":22411190,"permanent_identifier":"bb76bc3f-8254-4761-880f-d2d56ca0b6ea","real_world_relation":"REFERENCE_ONLY","shape_Length":8852.326253785772,"source_datadesc":"2017 July MAFTIGER","source_datasetid":"{B41E6A36-7E6B-487C-BFBD-A70E5E7C4156}","source_featureid":"1104475605869","source_id":"REF-WAMSUTTER-HIGHWAYS","source_originator":"U.S. Department of Commerce, U.S. Census Bureau, Geography Division","state_route":"789","state_route_a":"789","state_route_b":null,"state_route_c":null,"stco_fipscode":"56037","tnmfrc":1,"us_route":"30","us_route_a":"30","us_route_b":null,"us_route_c":null},"type":"Feature"},{"geometry":{"coordinates":[[-108.349722,41.631962],[-108.349613,41.631959],[-108.349499,41.631957],[-108.349168,41.631949],[-108.348551,41.631936],[-108.348175,41.631918],[-108.347845,41.631904]],"type":"LineString"},"id":"REF-WAMSUTTER-HIGHWAYS-111","properties":{"canon_status":"REAL_REFERENCE","county_route":null,"federal_lands_route":null,"fictionality":"REAL","globalid":"{5E4E4BAB-8DCF-41B7-996E-EC0AF1397276}","interstate":"80","interstate_a":"80","interstate_b":null,"interstate_c":null,"loaddate":1506094584000,"mtfcc_code":"S1100","name":"I- 80","objectid":22411325,"permanent_identifier":"a802fc35-347f-4d3d-92a0-0883b0c80cce","real_world_relation":"REFERENCE_ONLY","shape_Length":209.1498573682199,"source_datadesc":"2017 July MAFTIGER","source_datasetid":"{B41E6A36-7E6B-487C-BFBD-A70E5E7C4156}","source_featureid":"1104475543690","source_id":"REF-WAMSUTTER-HIGHWAYS","source_originator":"U.S. Department of Commerce, U.S. Census Bureau, Geography Division","state_route":null,"state_route_a":null,"state_route_b":null,"state_route_c":null,"stco_fipscode":"56037","tnmfrc":1,"us_route":"30","us_route_a":"30","us_route_b":null,"us_route_c":null},"type":"Feature"},{"geometry":{"coordinates":[[-106.822651,41.741487],[-106.8226,41.741488],[-106.822449,41.741493],[-106.822399,41.741496],[-106.821881,41.741514],[-106.82033,41.74157],[-106.819813,41.741589],[-106.819591,41.741597],[-106.818041,41.741657],[-106.817215,41.741687],[-106.814261,41.741797],[-106.810631,41.741917],[-106.809423,41.741958],[-106.806826,41.742049]],"type":"LineString"},"id":"REF-WAMSUTTER-HIGHWAYS-112","properties":{"canon_status":"REAL_REFERENCE","county_route":null,"federal_lands_route":null,"fictionality":"REAL","globalid":"{EE009B1F-F7FD-45D9-9764-27CED5E52055}","interstate":"80","interstate_a":"80","interstate_b":null,"interstate_c":null,"loaddate":1506626360000,"mtfcc_code":"S1100","name":"I- 80","objectid":22538798,"permanent_identifier":"f01c2777-f47c-448d-9725-fb6e35f9cd94","real_world_relation":"REFERENCE_ONLY","shape_Length":1763.635172345784,"source_datadesc":"2017 July MAFTIGER","source_datasetid":"{84D2183D-8BB4-4DBB-8848-8FBC90DB5400}","source_featureid":"1105321138235","source_id":"REF-WAMSUTTER-HIGHWAYS","source_originator":"U.S. Department of Commerce, U.S. Census Bureau, Geography Division","state_route":null,"state_route_a":null,"state_route_b":null,"state_route_c":null,"stco_fipscode":"56007","tnmfrc":1,"us_route":null,"us_route_a":null,"us_route_b":null,"us_route_c":null},"type":"Feature"},{"geometry":{"coordinates":[[-106.964501,41.755087],[-106.964382,41.755064],[-106.964025,41.754999],[-106.963907,41.754977],[-106.963408,41.754885],[-106.962847,41.754782],[-106.961919,41.754586],[-106.961424,41.754481]],"type":"LineString"},"id":"REF-WAMSUTTER-HIGHWAYS-113","properties":{"canon_status":"REAL_REFERENCE","county_route":null,"federal_lands_route":null,"fictionality":"REAL","globalid":"{97014E3D-6E7E-47C0-8B51-FAF639321D07}","interstate":"80","interstate_a":"80","interstate_b":null,"interstate_c":null,"loaddate":1506626360000,"mtfcc_code":"S1100","name":"I- 80","objectid":22666770,"permanent_identifier":"5eb05181-12cd-4b08-b98b-854f34864dd2","real_world_relation":"REFERENCE_ONLY","shape_Length":354.31765562509025,"source_datadesc":"2017 July MAFTIGER","source_datasetid":"{84D2183D-8BB4-4DBB-8848-8FBC90DB5400}","source_featureid":"1105321138235","source_id":"REF-WAMSUTTER-HIGHWAYS","source_originator":"U.S. Department of Commerce, U.S. Census Bureau, Geography Division","state_route":null,"state_route_a":null,"state_route_b":null,"state_route_c":null,"stco_fipscode":"56007","tnmfrc":1,"us_route":"30,287","us_route_a":"30,287","us_route_b":null,"us_route_c":null},"type":"Feature"},{"geometry":{"coordinates":[[-107.530496,41.75896],[-107.529918,41.759085],[-107.526631,41.759799],[-107.525855,41.759974],[-107.522895,41.760619],[-107.5218,41.760863],[-107.516775,41.761967],[-107.51595,41.762144],[-107.508837,41.763698],[-107.507718,41.763945],[-107.505414,41.764459]],"type":"LineString"},"id":"REF-WAMSUTTER-HIGHWAYS-114","properties":{"canon_status":"REAL_REFERENCE","county_route":null,"federal_lands_route":null,"fictionality":"REAL","globalid":"{4F8F28B2-DA5C-419C-B6E3-05F329A5FD01}","interstate":"80","interstate_a":"80","interstate_b":null,"interstate_c":null,"loaddate":1506094584000,"mtfcc_code":"S1100","name":"I- 80","objectid":22667449,"permanent_identifier":"d1d75944-f863-4d10-9670-f402bfc25dda","real_world_relation":"REFERENCE_ONLY","shape_Length":2910.2331800237216,"source_datadesc":"2017 July MAFTIGER","source_datasetid":"{B41E6A36-7E6B-487C-BFBD-A70E5E7C4156}","source_featureid":"1104475543690","source_id":"REF-WAMSUTTER-HIGHWAYS","source_originator":"U.S. Department of Commerce, U.S. Census Bureau, Geography Division","state_route":"789","state_route_a":"789","state_route_b":null,"state_route_c":null,"stco_fipscode":"56037","tnmfrc":1,"us_route":"30","us_route_a":"30","us_route_b":null,"us_route_c":null},"type":"Feature"},{"geometry":{"coordinates":[[-108.34786,41.631615],[-108.34788,41.631616],[-108.348521,41.631636],[-108.34916,41.631662]],"type":"LineString"},"id":"REF-WAMSUTTER-HIGHWAYS-115","properties":{"canon_status":"REAL_REFERENCE","county_route":null,"federal_lands_route":null,"fictionality":"REAL","globalid":"{3FCE47A9-72F2-424D-97DE-9FA16D467DD7}","interstate":"80","interstate_a":"80","interstate_b":null,"interstate_c":null,"loaddate":1506094583000,"mtfcc_code":"S1100","name":"I- 80","objectid":23308628,"permanent_identifier":"34940afb-9c97-4ccc-b60c-7eea4ecbe410","real_world_relation":"REFERENCE_ONLY","shape_Length":144.88774500650214,"source_datadesc":"2017 July MAFTIGER","source_datasetid":"{B41E6A36-7E6B-487C-BFBD-A70E5E7C4156}","source_featureid":"1104475605869","source_id":"REF-WAMSUTTER-HIGHWAYS","source_originator":"U.S. Department of Commerce, U.S. Census Bureau, Geography Division","state_route":null,"state_route_a":null,"state_route_b":null,"state_route_c":null,"stco_fipscode":"56037","tnmfrc":1,"us_route":"30","us_route_a":"30","us_route_b":null,"us_route_c":null},"type":"Feature"},{"geometry":{"coordinates":[[-107.980521,41.674476],[-107.983041,41.673306],[-107.984131,41.672816],[-107.984831,41.672506],[-107.985731,41.672166],[-107.986501,41.671886]],"type":"LineString"},"id":"REF-WAMSUTTER-HIGHWAYS-116","properties":{"canon_status":"REAL_REFERENCE","county_route":null,"federal_lands_route":null,"fictionality":"REAL","globalid":"{D12D6747-7CE4-48E5-9D62-09CCF45D3F27}","interstate":"80","interstate_a":"80","interstate_b":null,"interstate_c":null,"loaddate":1506094584000,"mtfcc_code":"S1100","name":"I- 80","objectid":23436276,"permanent_identifier":"edf0a762-c2e9-4df9-a2c3-fa4cd1a33e62","real_world_relation":"REFERENCE_ONLY","shape_Length":770.1151947971233,"source_datadesc":"2017 July MAFTIGER","source_datasetid":"{B41E6A36-7E6B-487C-BFBD-A70E5E7C4156}","source_featureid":"1104475605869","source_id":"REF-WAMSUTTER-HIGHWAYS","source_originator":"U.S. Department of Commerce, U.S. Census Bureau, Geography Division","state_route":null,"state_route_a":null,"state_route_b":null,"state_route_c":null,"stco_fipscode":"56037","tnmfrc":1,"us_route":"30","us_route_a":"30","us_route_b":null,"us_route_c":null},"type":"Feature"},{"geometry":{"coordinates":[[-107.315557,41.776669],[-107.314664,41.776741],[-107.311991,41.776954],[-107.311101,41.777027]],"type":"LineString"},"id":"REF-WAMSUTTER-HIGHWAYS-117","properties":{"canon_status":"REAL_REFERENCE","county_route":null,"federal_lands_route":null,"fictionality":"REAL","globalid":"{C41DBE02-6A35-4FAA-9995-E98BD56C5970}","interstate":"80","interstate_a":"80","interstate_b":null,"interstate_c":null,"loaddate":1506626360000,"mtfcc_code":"S1100","name":"I- 80","objectid":23691663,"permanent_identifier":"2b79fbcd-3619-44d0-a09d-5fc48ac24487","real_world_relation":"REFERENCE_ONLY","shape_Length":498.91036515943944,"source_datadesc":"2017 July MAFTIGER","source_datasetid":"{84D2183D-8BB4-4DBB-8848-8FBC90DB5400}","source_featureid":"1105321138234","source_id":"REF-WAMSUTTER-HIGHWAYS","source_originator":"U.S. Department of Commerce, U.S. Census Bureau, Geography Division","state_route":"789","state_route_a":"789","state_route_b":null,"state_route_c":null,"stco_fipscode":"56007","tnmfrc":1,"us_route":"30","us_route_a":"30","us_route_b":null,"us_route_c":null},"type":"Feature"},{"geometry":{"coordinates":[[-108.483278,41.639665],[-108.483991,41.639686],[-108.484724,41.639743]],"type":"LineString"},"id":"REF-WAMSUTTER-HIGHWAYS-118","properties":{"canon_status":"REAL_REFERENCE","county_route":null,"federal_lands_route":null,"fictionality":"REAL","globalid":"{F5506732-5765-48C2-B15C-2CA3E25AC354}","interstate":"80","interstate_a":"80","interstate_b":null,"interstate_c":null,"loaddate":1506094584000,"mtfcc_code":"S1100","name":"I- 80","objectid":23692309,"permanent_identifier":"8c6e69c3-1b5f-48d1-97b5-614ba8d36037","real_world_relation":"REFERENCE_ONLY","shape_Length":161.4701481166756,"source_datadesc":"2017 July MAFTIGER","source_datasetid":"{B41E6A36-7E6B-487C-BFBD-A70E5E7C4156}","source_featureid":"1104475605869","source_id":"REF-WAMSUTTER-HIGHWAYS","source_originator":"U.S. Department of Commerce, U.S. Census Bureau, Geography Division","state_route":null,"state_route_a":null,"state_route_b":null,"state_route_c":null,"stco_fipscode":"56037","tnmfrc":1,"us_route":"30","us_route_a":"30","us_route_b":null,"us_route_c":null},"type":"Feature"},{"geometry":{"coordinates":[[-108.309871,41.630265],[-108.313249,41.630394]],"type":"LineString"},"id":"REF-WAMSUTTER-HIGHWAYS-119","properties":{"canon_status":"REAL_REFERENCE","county_route":null,"federal_lands_route":null,"fictionality":"REAL","globalid":"{4AF6EB1F-E035-46D4-B199-3378B2A6C89E}","interstate":"80","interstate_a":"80","interstate_b":null,"interstate_c":null,"loaddate":1506094584000,"mtfcc_code":"S1100","name":"I- 80","objectid":23692630,"permanent_identifier":"bb530e18-5515-489e-a960-15030be1b403","real_world_relation":"REFERENCE_ONLY","shape_Length":376.5277724980828,"source_datadesc":"2017 July MAFTIGER","source_datasetid":"{B41E6A36-7E6B-487C-BFBD-A70E5E7C4156}","source_featureid":"1104475605869","source_id":"REF-WAMSUTTER-HIGHWAYS","source_originator":"U.S. Department of Commerce, U.S. Census Bureau, Geography Division","state_route":null,"state_route_a":null,"state_route_b":null,"state_route_c":null,"stco_fipscode":"56037","tnmfrc":1,"us_route":"30","us_route_a":"30","us_route_b":null,"us_route_c":null},"type":"Feature"},{"geometry":{"coordinates":[[-107.217891,41.780707],[-107.217415,41.78093],[-107.216701,41.781267],[-107.215999,41.781625],[-107.215531,41.781865],[-107.215422,41.78192],[-107.214391,41.782447],[-107.214289,41.782499],[-107.211561,41.783907],[-107.210901,41.78424],[-107.210568,41.78441],[-107.209325,41.785041],[-107.208955,41.785227],[-107.208802,41.785306],[-107.208171,41.785627],[-107.207227,41.786089],[-107.206701,41.786347],[-107.206296,41.786554],[-107.205082,41.787176],[-107.204711,41.787367],[-107.204678,41.787384],[-107.204645,41.787401],[-107.204548,41.787452],[-107.204516,41.78747],[-107.204465,41.787496],[-107.204311,41.787576],[-107.204261,41.787603],[-107.204111,41.787681],[-107.20366,41.787918],[-107.203511,41.787997]],"type":"LineString"},"id":"REF-WAMSUTTER-HIGHWAYS-120","properties":{"canon_status":"REAL_REFERENCE","county_route":null,"federal_lands_route":null,"fictionality":"REAL","globalid":"{444FA07E-51CF-4F37-B943-8C7B62AB7855}","interstate":"80","interstate_a":"80","interstate_b":null,"interstate_c":null,"loaddate":1506626360000,"mtfcc_code":"S1100","name":"I- 80","objectid":23948859,"permanent_identifier":"5f823893-1b23-44ff-8086-738b879c8fa9","real_world_relation":"REFERENCE_ONLY","shape_Length":1935.8633035441549,"source_datadesc":"2017 July MAFTIGER","source_datasetid":"{84D2183D-8BB4-4DBB-8848-8FBC90DB5400}","source_featureid":"1105321138234","source_id":"REF-WAMSUTTER-HIGHWAYS","source_originator":"U.S. Department of Commerce, U.S. Census Bureau, Geography Division","state_route":null,"state_route_a":null,"state_route_b":null,"state_route_c":null,"stco_fipscode":"56007","tnmfrc":1,"us_route":"30","us_route_a":"30","us_route_b":null,"us_route_c":null},"type":"Feature"},{"geometry":{"coordinates":[[-108.34916,41.631662],[-108.349498,41.631676],[-108.349741,41.631686],[-108.350244,41.6317]],"type":"LineString"},"id":"REF-WAMSUTTER-HIGHWAYS-121","properties":{"canon_status":"REAL_REFERENCE","county_route":null,"federal_lands_route":null,"fictionality":"REAL","globalid":"{40AEF840-0D95-4E3C-8346-6179F4210439}","interstate":"80","interstate_a":"80","interstate_b":null,"interstate_c":null,"loaddate":1506094584000,"mtfcc_code":"S1100","name":"I- 80","objectid":23949416,"permanent_identifier":"80aace5c-51ac-4d0b-884e-a88c40453b73","real_world_relation":"REFERENCE_ONLY","shape_Length":120.80790563793826,"source_datadesc":"2017 July MAFTIGER","source_datasetid":"{B41E6A36-7E6B-487C-BFBD-A70E5E7C4156}","source_featureid":"1104475605869","source_id":"REF-WAMSUTTER-HIGHWAYS","source_originator":"U.S. Department of Commerce, U.S. Census Bureau, Geography Division","state_route":null,"state_route_a":null,"state_route_b":null,"state_route_c":null,"stco_fipscode":"56037","tnmfrc":1,"us_route":"30","us_route_a":"30","us_route_b":null,"us_route_c":null},"type":"Feature"},{"geometry":{"coordinates":[[-107.075891,41.773297],[-107.074581,41.773337],[-107.073321,41.773327],[-107.072111,41.773267],[-107.070231,41.773047],[-107.068341,41.772737],[-107.065301,41.772207],[-107.061511,41.771517],[-107.057501,41.770817],[-107.052921,41.770047],[-107.044251,41.768527],[-107.039311,41.767687],[-107.031211,41.766287],[-107.026331,41.765447],[-107.022471,41.764767],[-107.020909,41.764496],[-107.016351,41.763707],[-107.007491,41.762167],[-107.004192,41.761562],[-106.999802,41.760809],[-106.995654,41.760076],[-106.986521,41.758507],[-106.980341,41.757409],[-106.979181,41.757227],[-106.977821,41.756987],[-106.976861,41.756797],[-106.975931,41.756647],[-106.968911,41.755407],[-106.965641,41.754847],[-106.965497,41.754824]],"type":"LineString"},"id":"REF-WAMSUTTER-HIGHWAYS-122","properties":{"canon_status":"REAL_REFERENCE","county_route":null,"federal_lands_route":null,"fictionality":"REAL","globalid":"{ADAB3A72-7387-4BF7-9852-E75850848D65}","interstate":"80","interstate_a":"80","interstate_b":null,"interstate_c":null,"loaddate":1506626360000,"mtfcc_code":"S1100","name":"I- 80","objectid":24205184,"permanent_identifier":"8d2a5b69-43a9-4a75-8be5-8591d27c08a7","real_world_relation":"REFERENCE_ONLY","shape_Length":12605.214447021663,"source_datadesc":"2017 July MAFTIGER","source_datasetid":"{84D2183D-8BB4-4DBB-8848-8FBC90DB5400}","source_featureid":"1104483923163","source_id":"REF-WAMSUTTER-HIGHWAYS","source_originator":"U.S. Department of Commerce, U.S. Census Bureau, Geography Division","state_route":null,"state_route_a":null,"state_route_b":null,"state_route_c":null,"stco_fipscode":"56007","tnmfrc":1,"us_route":"30,287","us_route_a":"30,287","us_route_b":null,"us_route_c":null},"type":"Feature"},{"geometry":{"coordinates":[[-107.980771,41.674836],[-107.979875,41.675243],[-107.979321,41.675496],[-107.977651,41.676246],[-107.977187,41.676468],[-107.976301,41.676896]],"type":"LineString"},"id":"REF-WAMSUTTER-HIGHWAYS-123","properties":{"canon_status":"REAL_REFERENCE","county_route":null,"federal_lands_route":null,"fictionality":"REAL","globalid":"{7D9F0359-3268-46EB-9B91-1119C6721CF6}","interstate":"80","interstate_a":"80","interstate_b":null,"interstate_c":null,"loaddate":1506094584000,"mtfcc_code":"S1100","name":"I- 80","objectid":24205807,"permanent_identifier":"8bb196cc-eafc-4431-b3bc-6731f66bf13d","real_world_relation":"REFERENCE_ONLY","shape_Length":584.7445650832077,"source_datadesc":"2017 July MAFTIGER","source_datasetid":"{B41E6A36-7E6B-487C-BFBD-A70E5E7C4156}","source_featureid":"1104475543690","source_id":"REF-WAMSUTTER-HIGHWAYS","source_originator":"U.S. Department of Commerce, U.S. Census Bureau, Geography Division","state_route":null,"state_route_a":null,"state_route_b":null,"state_route_c":null,"stco_fipscode":"56037","tnmfrc":1,"us_route":"30","us_route_a":"30","us_route_b":null,"us_route_c":null},"type":"Feature"},{"geometry":{"coordinates":[[-107.782711,41.715816],[-107.785831,41.715116]],"type":"LineString"},"id":"REF-WAMSUTTER-HIGHWAYS-124","properties":{"canon_status":"REAL_REFERENCE","county_route":null,"federal_lands_route":null,"fictionality":"REAL","globalid":"{31F87A4E-D745-470F-B172-EEE580D4223D}","interstate":"80","interstate_a":"80","interstate_b":null,"interstate_c":null,"loaddate":1506094583000,"mtfcc_code":"S1100","name":"I- 80","objectid":24205829,"permanent_identifier":"7f8bd75b-b932-475f-a249-9875360f7dc2","real_world_relation":"REFERENCE_ONLY","shape_Length":362.66586658658446,"source_datadesc":"2017 July MAFTIGER","source_datasetid":"{B41E6A36-7E6B-487C-BFBD-A70E5E7C4156}","source_featureid":"1104475605869","source_id":"REF-WAMSUTTER-HIGHWAYS","source_originator":"U.S. Department of Commerce, U.S. Census Bureau, Geography Division","state_route":null,"state_route_a":null,"state_route_b":null,"state_route_c":null,"stco_fipscode":"56037","tnmfrc":1,"us_route":"30","us_route_a":"30","us_route_b":null,"us_route_c":null},"type":"Feature"},{"geometry":{"coordinates":[[-107.562965,41.751824],[-107.561252,41.752198],[-107.559263,41.752649]],"type":"LineString"},"id":"REF-WAMSUTTER-HIGHWAYS-125","properties":{"canon_status":"REAL_REFERENCE","county_route":null,"federal_lands_route":null,"fictionality":"REAL","globalid":"{2465A8D5-33A0-436B-82B3-1B41BEEF2039}","interstate":"80","interstate_a":"80","interstate_b":null,"interstate_c":null,"loaddate":1506094583000,"mtfcc_code":"S1100","name":"I- 80","objectid":24206002,"permanent_identifier":"9d663b9d-e3a9-47ba-af2d-b618d2841c05","real_world_relation":"REFERENCE_ONLY","shape_Length":430.10420509243806,"source_datadesc":"2017 July MAFTIGER","source_datasetid":"{B41E6A36-7E6B-487C-BFBD-A70E5E7C4156}","source_featureid":"1104475543690","source_id":"REF-WAMSUTTER-HIGHWAYS","source_originator":"U.S. Department of Commerce, U.S. Census Bureau, Geography Division","state_route":"789","state_route_a":"789","state_route_b":null,"state_route_c":null,"stco_fipscode":"56037","tnmfrc":1,"us_route":"30","us_route_a":"30","us_route_b":null,"us_route_c":null},"type":"Feature"},{"geometry":{"coordinates":[[-108.462621,41.638846],[-108.461811,41.638786],[-108.452591,41.638236],[-108.452167,41.638208],[-108.450911,41.638126],[-108.446541,41.637856],[-108.443531,41.637676],[-108.441421,41.637556],[-108.438141,41.637336],[-108.436111,41.637226],[-108.433581,41.637076],[-108.429131,41.636796],[-108.428091,41.636736],[-108.427161,41.636676],[-108.423531,41.636456],[-108.421791,41.636356],[-108.420808,41.636294],[-108.418091,41.636126],[-108.416411,41.636036],[-108.413281,41.635896],[-108.413189,41.635888]],"type":"LineString"},"id":"REF-WAMSUTTER-HIGHWAYS-126","properties":{"canon_status":"REAL_REFERENCE","county_route":null,"federal_lands_route":null,"fictionality":"REAL","globalid":"{ED8755E6-A8F8-4A95-B18D-94CECAC7258E}","interstate":"80","interstate_a":"80","interstate_b":null,"interstate_c":null,"loaddate":1506094583000,"mtfcc_code":"S1100","name":"I- 80","objectid":24334077,"permanent_identifier":"36e99b57-8ad6-4e88-9c64-d82cbf3d15c8","real_world_relation":"REFERENCE_ONLY","shape_Length":5520.498867571722,"source_datadesc":"2017 July MAFTIGER","source_datasetid":"{B41E6A36-7E6B-487C-BFBD-A70E5E7C4156}","source_featureid":"1104475543690","source_id":"REF-WAMSUTTER-HIGHWAYS","source_originator":"U.S. Department of Commerce, U.S. Census Bureau, Geography Division","state_route":null,"state_route_a":null,"state_route_b":null,"state_route_c":null,"stco_fipscode":"56037","tnmfrc":1,"us_route":"30","us_route_a":"30","us_route_b":null,"us_route_c":null},"type":"Feature"},{"geometry":{"coordinates":[[-107.724431,41.729576],[-107.722341,41.730056],[-107.716361,41.731416],[-107.712801,41.732236],[-107.709371,41.733006],[-107.708219,41.73325],[-107.706831,41.733546],[-107.704791,41.734006],[-107.700961,41.734886],[-107.698411,41.735456],[-107.696291,41.735946],[-107.692901,41.736716],[-107.68703,41.738059],[-107.685861,41.738326],[-107.685674,41.738367]],"type":"LineString"},"id":"REF-WAMSUTTER-HIGHWAYS-127","properties":{"canon_status":"REAL_REFERENCE","county_route":null,"federal_lands_route":null,"fictionality":"REAL","globalid":"{D6414F20-F802-4626-9A91-2F6DE61C5B6A}","interstate":"80","interstate_a":"80","interstate_b":null,"interstate_c":null,"loaddate":1506094583000,"mtfcc_code":"S1100","name":"I- 80","objectid":24461728,"permanent_identifier":"8826b128-4e3d-40e5-9549-5d64bdf1f0c2","real_world_relation":"REFERENCE_ONLY","shape_Length":4509.372616752049,"source_datadesc":"2017 July MAFTIGER","source_datasetid":"{B41E6A36-7E6B-487C-BFBD-A70E5E7C4156}","source_featureid":"1104475543690","source_id":"REF-WAMSUTTER-HIGHWAYS","source_originator":"U.S. Department of Commerce, U.S. Census Bureau, Geography Division","state_route":"789","state_route_a":"789","state_route_b":null,"state_route_c":null,"stco_fipscode":"56037","tnmfrc":1,"us_route":"30","us_route_a":"30","us_route_b":null,"us_route_c":null},"type":"Feature"},{"geometry":{"coordinates":[[-107.128541,41.780987],[-107.127853,41.780735],[-107.127708,41.780676],[-107.127141,41.780425],[-107.126854,41.780282],[-107.12637,41.780013],[-107.125763,41.779643],[-107.124956,41.77907]],"type":"LineString"},"id":"REF-WAMSUTTER-HIGHWAYS-128","properties":{"canon_status":"REAL_REFERENCE","county_route":null,"federal_lands_route":null,"fictionality":"REAL","globalid":"{4E694EA3-F07C-4A1A-A8B9-7E005F332CC1}","interstate":"80","interstate_a":"80","interstate_b":null,"interstate_c":null,"loaddate":1749656015000,"mtfcc_code":"S1100","name":"I- 80","objectid":24590516,"permanent_identifier":"348f0ee1-9cbd-4b04-9352-a990e5460ecf","real_world_relation":"REFERENCE_ONLY","shape_Length":494.0638551839097,"source_datadesc":"2021 February MAF/TIGER","source_datasetid":"{E0D31206-F7BC-49A5-ABD6-A45460094F50}","source_featureid":"1104483923163","source_id":"REF-WAMSUTTER-HIGHWAYS","source_originator":"U.S. Department of Commerce, U.S. Census Bureau, Geography Division","state_route":null,"state_route_a":null,"state_route_b":null,"state_route_c":null,"stco_fipscode":"56007","tnmfrc":1,"us_route":"30,287","us_route_a":"30,287","us_route_b":null,"us_route_c":null},"type":"Feature"},{"geometry":{"coordinates":[[-107.976301,41.676896],[-107.97607,41.676998],[-107.975941,41.677056],[-107.975381,41.677315],[-107.975152,41.677422],[-107.974722,41.677621],[-107.974281,41.677826],[-107.973431,41.67821],[-107.973001,41.678406],[-107.972962,41.678424]],"type":"LineString"},"id":"REF-WAMSUTTER-HIGHWAYS-129","properties":{"canon_status":"REAL_REFERENCE","county_route":null,"federal_lands_route":null,"fictionality":"REAL","globalid":"{6A5EF847-E4AC-4A4B-ABD9-244177D5C9D3}","interstate":"80","interstate_a":"80","interstate_b":null,"interstate_c":null,"loaddate":1506094583000,"mtfcc_code":"S1100","name":"I- 80","objectid":24845968,"permanent_identifier":"dd484b93-7d28-4404-a52f-7e32e0bfdb21","real_world_relation":"REFERENCE_ONLY","shape_Length":435.92550248458946,"source_datadesc":"2017 July MAFTIGER","source_datasetid":"{B41E6A36-7E6B-487C-BFBD-A70E5E7C4156}","source_featureid":"1104475543690","source_id":"REF-WAMSUTTER-HIGHWAYS","source_originator":"U.S. Department of Commerce, U.S. Census Bureau, Geography Division","state_route":null,"state_route_a":null,"state_route_b":null,"state_route_c":null,"stco_fipscode":"56037","tnmfrc":1,"us_route":"30","us_route_a":"30","us_route_b":null,"us_route_c":null},"type":"Feature"},{"geometry":{"coordinates":[[-106.961424,41.754481],[-106.959942,41.754133],[-106.958792,41.753822],[-106.958234,41.753682],[-106.957557,41.753504],[-106.957058,41.753379]],"type":"LineString"},"id":"REF-WAMSUTTER-HIGHWAYS-130","properties":{"canon_status":"REAL_REFERENCE","county_route":null,"federal_lands_route":null,"fictionality":"REAL","globalid":"{F444A751-348A-4E9B-B94C-23E74641BA0B}","interstate":"80","interstate_a":"80","interstate_b":null,"interstate_c":null,"loaddate":1506626360000,"mtfcc_code":"S1100","name":"I- 80","objectid":25999291,"permanent_identifier":"2663760a-8ba4-400a-83f3-f4d84c7ccd17","real_world_relation":"REFERENCE_ONLY","shape_Length":513.163038627731,"source_datadesc":"2017 July MAFTIGER","source_datasetid":"{84D2183D-8BB4-4DBB-8848-8FBC90DB5400}","source_featureid":"1105321138235","source_id":"REF-WAMSUTTER-HIGHWAYS","source_originator":"U.S. Department of Commerce, U.S. Census Bureau, Geography Division","state_route":null,"state_route_a":null,"state_route_b":null,"state_route_c":null,"stco_fipscode":"56007","tnmfrc":1,"us_route":"30,287","us_route_a":"30,287","us_route_b":null,"us_route_c":null},"type":"Feature"},{"geometry":{"coordinates":[[-107.233236,41.777985],[-107.232457,41.777963],[-107.231321,41.777931],[-107.230121,41.777919],[-107.229571,41.777914],[-107.228509,41.777944],[-107.227702,41.777988],[-107.226972,41.778042],[-107.226039,41.778145],[-107.225451,41.778235],[-107.224731,41.778363],[-107.224571,41.778397]],"type":"LineString"},"id":"REF-WAMSUTTER-HIGHWAYS-131","properties":{"canon_status":"REAL_REFERENCE","county_route":null,"federal_lands_route":null,"fictionality":"REAL","globalid":"{DBAEFE8F-27D3-4076-B5CA-C204BAA269EA}","interstate":"80","interstate_a":"80","interstate_b":null,"interstate_c":null,"loaddate":1749656015000,"mtfcc_code":"S1100","name":"I- 80","objectid":25999992,"permanent_identifier":"de00e521-4b93-46a8-9b36-4ee9dd596b89","real_world_relation":"REFERENCE_ONLY","shape_Length":970.911229023307,"source_datadesc":"2021 February MAF/TIGER","source_datasetid":"{E0D31206-F7BC-49A5-ABD6-A45460094F50}","source_featureid":"1105321138234","source_id":"REF-WAMSUTTER-HIGHWAYS","source_originator":"U.S. Department of Commerce, U.S. Census Bureau, Geography Division","state_route":null,"state_route_a":null,"state_route_b":null,"state_route_c":null,"stco_fipscode":"56007","tnmfrc":1,"us_route":"30","us_route_a":"30","us_route_b":null,"us_route_c":null},"type":"Feature"},{"geometry":{"coordinates":[[-108.376045,41.633134],[-108.376651,41.633166],[-108.378691,41.633296]],"type":"LineString"},"id":"REF-WAMSUTTER-HIGHWAYS-132","properties":{"canon_status":"REAL_REFERENCE","county_route":null,"federal_lands_route":null,"fictionality":"REAL","globalid":"{9AA60D0D-5099-4C87-B363-C37EA8E09AFD}","interstate":"80","interstate_a":"80","interstate_b":null,"interstate_c":null,"loaddate":1506094583000,"mtfcc_code":"S1100","name":"I- 80","objectid":26255810,"permanent_identifier":"6b48158d-0647-4fbb-ba0b-ecea34013093","real_world_relation":"REFERENCE_ONLY","shape_Length":295.5435862943995,"source_datadesc":"2017 July MAFTIGER","source_datasetid":"{B41E6A36-7E6B-487C-BFBD-A70E5E7C4156}","source_featureid":"1104475605869","source_id":"REF-WAMSUTTER-HIGHWAYS","source_originator":"U.S. Department of Commerce, U.S. Census Bureau, Geography Division","state_route":null,"state_route_a":null,"state_route_b":null,"state_route_c":null,"stco_fipscode":"56037","tnmfrc":1,"us_route":"30","us_route_a":"30","us_route_b":null,"us_route_c":null},"type":"Feature"},{"geometry":{"coordinates":[[-107.087891,41.771837],[-107.087023,41.77183],[-107.086734,41.771828],[-107.086096,41.771851],[-107.085507,41.771887],[-107.084636,41.771992],[-107.083958,41.7721],[-107.083019,41.772291],[-107.082563,41.772397],[-107.082311,41.772457]],"type":"LineString"},"id":"REF-WAMSUTTER-HIGHWAYS-133","properties":{"canon_status":"REAL_REFERENCE","county_route":null,"federal_lands_route":null,"fictionality":"REAL","globalid":"{7F98895F-BF01-47C7-8370-DB86959C0191}","interstate":"80","interstate_a":"80","interstate_b":null,"interstate_c":null,"loaddate":1749656015000,"mtfcc_code":"S1100","name":"I- 80","objectid":26512154,"permanent_identifier":"15c31d51-d34b-4302-ac7a-3f1fe95b53ae","real_world_relation":"REFERENCE_ONLY","shape_Length":632.0437011582595,"source_datadesc":"2021 February MAF/TIGER","source_datasetid":"{E0D31206-F7BC-49A5-ABD6-A45460094F50}","source_featureid":"1105321138235","source_id":"REF-WAMSUTTER-HIGHWAYS","source_originator":"U.S. Department of Commerce, U.S. Census Bureau, Geography Division","state_route":null,"state_route_a":null,"state_route_b":null,"state_route_c":null,"stco_fipscode":"56007","tnmfrc":1,"us_route":"30,287","us_route_a":"30,287","us_route_b":null,"us_route_c":null},"type":"Feature"},{"geometry":{"coordinates":[[-108.027001,41.666316],[-108.025938,41.66646],[-108.025081,41.666576],[-108.022801,41.666876],[-108.021532,41.667046],[-108.020341,41.667206],[-108.015371,41.667886],[-108.010651,41.668516],[-108.009051,41.668716],[-108.006411,41.669076],[-108.005126,41.669237],[-108.004421,41.669326],[-108.001881,41.669656],[-107.999658,41.669971],[-107.997781,41.670236],[-107.997274,41.670298],[-107.994061,41.670696],[-107.991871,41.670996],[-107.990391,41.671216],[-107.990122,41.671275],[-107.989171,41.671486],[-107.98779,41.671862],[-107.987591,41.671916],[-107.987252,41.672035],[-107.986291,41.672376],[-107.985665,41.672626],[-107.985141,41.672836]],"type":"LineString"},"id":"REF-WAMSUTTER-HIGHWAYS-134","properties":{"canon_status":"REAL_REFERENCE","county_route":null,"federal_lands_route":null,"fictionality":"REAL","globalid":"{B3B61606-8D04-4339-9FC0-A75E77C0A487}","interstate":"80","interstate_a":"80","interstate_b":null,"interstate_c":null,"loaddate":1506094584000,"mtfcc_code":"S1100","name":"I- 80","objectid":27152233,"permanent_identifier":"9972d8d1-5208-4c75-b98a-75121e82ee7f","real_world_relation":"REFERENCE_ONLY","shape_Length":4774.626132719551,"source_datadesc":"2017 July MAFTIGER","source_datasetid":"{B41E6A36-7E6B-487C-BFBD-A70E5E7C4156}","source_featureid":"1104475543690","source_id":"REF-WAMSUTTER-HIGHWAYS","source_originator":"U.S. Department of Commerce, U.S. Census Bureau, Geography Division","state_route":null,"state_route_a":null,"state_route_b":null,"state_route_c":null,"stco_fipscode":"56037","tnmfrc":1,"us_route":"30","us_route_a":"30","us_route_b":null,"us_route_c":null},"type":"Feature"},{"geometry":{"coordinates":[[-107.618457,41.745397],[-107.617718,41.745449],[-107.616705,41.745519],[-107.616004,41.745575],[-107.613707,41.745736],[-107.612961,41.745796],[-107.611363,41.745907],[-107.610186,41.74598],[-107.609451,41.746046],[-107.607424,41.746174],[-107.605819,41.746285],[-107.605087,41.74635],[-107.604385,41.746387],[-107.603075,41.746483],[-107.601742,41.746583],[-107.600916,41.746642],[-107.599291,41.746759],[-107.597841,41.746853],[-107.59607,41.746976],[-107.595055,41.747048],[-107.594021,41.74712],[-107.592078,41.747261],[-107.591055,41.747332],[-107.589897,41.74741],[-107.589436,41.747452],[-107.587984,41.747554],[-107.586679,41.747647],[-107.585506,41.747718],[-107.58404,41.74784],[-107.583605,41.747889],[-107.582459,41.748009],[-107.58129,41.748148],[-107.579874,41.748336],[-107.579322,41.748414],[-107.578496,41.748545],[-107.577087,41.748778],[-107.576416,41.748911],[-107.574441,41.749304],[-107.573648,41.749477],[-107.572583,41.749719],[-107.569362,41.750419],[-107.568215,41.750671],[-107.567326,41.750859],[-107.566124,41.751127],[-107.565337,41.751301],[-107.564625,41.751464],[-107.562965,41.751824]],"type":"LineString"},"id":"REF-WAMSUTTER-HIGHWAYS-135","properties":{"canon_status":"REAL_REFERENCE","county_route":null,"federal_lands_route":null,"fictionality":"REAL","globalid":"{B533D678-06DE-4199-98D1-93C237F68691}","interstate":"80","interstate_a":"80","interstate_b":null,"interstate_c":null,"loaddate":1506094584000,"mtfcc_code":"S1100","name":"I- 80","objectid":27409312,"permanent_identifier":"6bae882c-9ff2-4473-85a5-86802b62277b","real_world_relation":"REFERENCE_ONLY","shape_Length":6272.169381569068,"source_datadesc":"2017 July MAFTIGER","source_datasetid":"{B41E6A36-7E6B-487C-BFBD-A70E5E7C4156}","source_featureid":"1104475543690","source_id":"REF-WAMSUTTER-HIGHWAYS","source_originator":"U.S. Department of Commerce, U.S. Census Bureau, Geography Division","state_route":"789","state_route_a":"789","state_route_b":null,"state_route_c":null,"stco_fipscode":"56037","tnmfrc":1,"us_route":"30","us_route_a":"30","us_route_b":null,"us_route_c":null},"type":"Feature"},{"geometry":{"coordinates":[[-108.261811,41.633626],[-108.262881,41.633456],[-108.264581,41.633196],[-108.264697,41.633178],[-108.266003,41.632972],[-108.266811,41.632846],[-108.267401,41.632766],[-108.268078,41.632648]],"type":"LineString"},"id":"REF-WAMSUTTER-HIGHWAYS-136","properties":{"canon_status":"REAL_REFERENCE","county_route":null,"federal_lands_route":null,"fictionality":"REAL","globalid":"{E3BC080D-B9CE-4715-BFD3-F8DBBBE761F9}","interstate":"80","interstate_a":"80","interstate_b":null,"interstate_c":null,"loaddate":1506094584000,"mtfcc_code":"S1100","name":"I- 80","objectid":27665211,"permanent_identifier":"af19ecee-d558-4b8c-bdad-6fa924bfecb8","real_world_relation":"REFERENCE_ONLY","shape_Length":712.7308023536048,"source_datadesc":"2017 July MAFTIGER","source_datasetid":"{B41E6A36-7E6B-487C-BFBD-A70E5E7C4156}","source_featureid":"1104475605869","source_id":"REF-WAMSUTTER-HIGHWAYS","source_originator":"U.S. Department of Commerce, U.S. Census Bureau, Geography Division","state_route":null,"state_route_a":null,"state_route_b":null,"state_route_c":null,"stco_fipscode":"56037","tnmfrc":1,"us_route":"30","us_route_a":"30","us_route_b":null,"us_route_c":null},"type":"Feature"},{"geometry":{"coordinates":[[-107.124482,41.779084],[-107.124088,41.778802],[-107.122905,41.777958],[-107.122511,41.777677]],"type":"LineString"},"id":"REF-WAMSUTTER-HIGHWAYS-137","properties":{"canon_status":"REAL_REFERENCE","county_route":null,"federal_lands_route":null,"fictionality":"REAL","globalid":"{BCAB489A-D0EA-48D1-8E76-D3023F8817F6}","interstate":"80","interstate_a":"80","interstate_b":null,"interstate_c":null,"loaddate":1506626360000,"mtfcc_code":"S1100","name":"I- 80","objectid":27793746,"permanent_identifier":"12d0f8e2-7447-403e-b5b7-90f4c0ab0d10","real_world_relation":"REFERENCE_ONLY","shape_Length":303.73425379503567,"source_datadesc":"2017 July MAFTIGER","source_datasetid":"{84D2183D-8BB4-4DBB-8848-8FBC90DB5400}","source_featureid":"1105321138235","source_id":"REF-WAMSUTTER-HIGHWAYS","source_originator":"U.S. Department of Commerce, U.S. Census Bureau, Geography Division","state_route":null,"state_route_a":null,"state_route_b":null,"state_route_c":null,"stco_fipscode":"56007","tnmfrc":1,"us_route":"30,287","us_route_a":"30,287","us_route_b":null,"us_route_c":null},"type":"Feature"},{"geometry":{"coordinates":[[-106.769381,41.743217],[-106.769327,41.743209],[-106.769165,41.743185],[-106.769112,41.743178],[-106.769055,41.743169],[-106.768884,41.743144],[-106.768828,41.743136],[-106.768561,41.743097],[-106.767261,41.742817],[-106.765033,41.742178],[-106.761891,41.741277],[-106.755591,41.739477],[-106.753734,41.738953],[-106.751941,41.738447],[-106.749968,41.737879],[-106.748711,41.737517],[-106.747182,41.73707],[-106.746761,41.736947],[-106.744471,41.736397],[-106.741911,41.736007],[-106.738621,41.735574],[-106.736281,41.735267],[-106.735746,41.735199],[-106.735567,41.735176],[-106.735031,41.735109],[-106.734853,41.735087],[-106.734212,41.735006],[-106.732291,41.734763],[-106.731651,41.734683],[-106.731403,41.734651],[-106.730659,41.734557],[-106.730412,41.734526],[-106.729217,41.734375],[-106.729151,41.734367],[-106.725891,41.733917],[-106.72564,41.733883],[-106.724447,41.733725],[-106.721521,41.733337],[-106.71862,41.732965],[-106.715821,41.732607],[-106.714521,41.732447],[-106.711931,41.732087],[-106.709041,41.731717],[-106.706411,41.731387],[-106.703521,41.730997],[-106.701741,41.730747],[-106.701138,41.730705],[-106.701021,41.730697],[-106.699721,41.730647],[-106.696911,41.730687],[-106.695265,41.730729],[-106.691797,41.730809],[-106.690241,41.730846],[-106.682757,41.730959],[-106.681395,41.731002],[-106.678915,41.73108],[-106.677929,41.731113],[-106.677354,41.731124],[-106.676095,41.731165],[-106.674101,41.731199],[-106.673907,41.731203],[-106.670209,41.731296],[-106.667343,41.731378],[-106.665156,41.731441]],"type":"LineString"},"id":"REF-WAMSUTTER-HIGHWAYS-138","properties":{"canon_status":"REAL_REFERENCE","county_route":null,"federal_lands_route":null,"fictionality":"REAL","globalid":"{C2C1533A-D942-4846-8A68-1508F0319406}","interstate":"80","interstate_a":"80","interstate_b":null,"interstate_c":null,"loaddate":1506626360000,"mtfcc_code":"S1100","name":"I- 80","objectid":28308417,"permanent_identifier":"3fb5c085-d3e5-4267-a9c7-bd6d7119f547","real_world_relation":"REFERENCE_ONLY","shape_Length":11861.870037127552,"source_datadesc":"2017 July MAFTIGER","source_datasetid":"{84D2183D-8BB4-4DBB-8848-8FBC90DB5400}","source_featureid":"1105321138235","source_id":"REF-WAMSUTTER-HIGHWAYS","source_originator":"U.S. Department of Commerce, U.S. Census Bureau, Geography Division","state_route":null,"state_route_a":null,"state_route_b":null,"state_route_c":null,"stco_fipscode":"56007","tnmfrc":1,"us_route":null,"us_route_a":null,"us_route_b":null,"us_route_c":null},"type":"Feature"},{"geometry":{"coordinates":[[-108.517101,41.642126],[-108.514841,41.641996],[-108.51314,41.641886],[-108.512971,41.641876],[-108.510901,41.641766],[-108.506821,41.641506],[-108.502821,41.641276],[-108.501257,41.641177],[-108.501231,41.641176],[-108.499861,41.641096],[-108.498761,41.641036],[-108.497297,41.64094],[-108.497091,41.640926],[-108.49544,41.640824],[-108.493661,41.640716],[-108.491881,41.640616],[-108.490021,41.640496],[-108.48987,41.640487],[-108.488014,41.64038],[-108.487941,41.640376],[-108.487707,41.640364],[-108.486787,41.64032],[-108.486481,41.640306]],"type":"LineString"},"id":"REF-WAMSUTTER-HIGHWAYS-139","properties":{"canon_status":"REAL_REFERENCE","county_route":null,"federal_lands_route":null,"fictionality":"REAL","globalid":"{AA90F1DC-D64A-4585-8568-8EF0DFEBE829}","interstate":"80","interstate_a":"80","interstate_b":null,"interstate_c":null,"loaddate":1506094584000,"mtfcc_code":"S1100","name":"I- 80","objectid":28436250,"permanent_identifier":"0f701ed1-ecc5-4c0d-96f8-8234aea45c7a","real_world_relation":"REFERENCE_ONLY","shape_Length":3419.4312126236064,"source_datadesc":"2017 July MAFTIGER","source_datasetid":"{B41E6A36-7E6B-487C-BFBD-A70E5E7C4156}","source_featureid":"1104475543690","source_id":"REF-WAMSUTTER-HIGHWAYS","source_originator":"U.S. Department of Commerce, U.S. Census Bureau, Geography Division","state_route":null,"state_route_a":null,"state_route_b":null,"state_route_c":null,"stco_fipscode":"56037","tnmfrc":1,"us_route":"30","us_route_a":"30","us_route_b":null,"us_route_c":null},"type":"Feature"},{"geometry":{"coordinates":[[-108.413189,41.635888],[-108.412801,41.635856],[-108.412301,41.635836],[-108.410351,41.635746]],"type":"LineString"},"id":"REF-WAMSUTTER-HIGHWAYS-140","properties":{"canon_status":"REAL_REFERENCE","county_route":null,"federal_lands_route":null,"fictionality":"REAL","globalid":"{A617E313-9B5B-4838-A5B8-EC27EAE00405}","interstate":"80","interstate_a":"80","interstate_b":null,"interstate_c":null,"loaddate":1506094584000,"mtfcc_code":"S1100","name":"I- 80","objectid":29593682,"permanent_identifier":"bce095c7-8898-47e3-a732-c07b9100ba43","real_world_relation":"REFERENCE_ONLY","shape_Length":316.6800615229877,"source_datadesc":"2017 July MAFTIGER","source_datasetid":"{B41E6A36-7E6B-487C-BFBD-A70E5E7C4156}","source_featureid":"1104475543690","source_id":"REF-WAMSUTTER-HIGHWAYS","source_originator":"U.S. Department of Commerce, U.S. Census Bureau, Geography Division","state_route":null,"state_route_a":null,"state_route_b":null,"state_route_c":null,"stco_fipscode":"56037","tnmfrc":1,"us_route":"30","us_route_a":"30","us_route_b":null,"us_route_c":null},"type":"Feature"},{"geometry":{"coordinates":[[-107.124956,41.77907],[-107.12288,41.777672]],"type":"LineString"},"id":"REF-WAMSUTTER-HIGHWAYS-141","properties":{"canon_status":"REAL_REFERENCE","county_route":null,"federal_lands_route":null,"fictionality":"REAL","globalid":"{91254C4B-1A0C-4114-BEF2-B1919524D3E6}","interstate":"80","interstate_a":"80","interstate_b":null,"interstate_c":null,"loaddate":1506626360000,"mtfcc_code":"S1100","name":"I- 80","objectid":30107498,"permanent_identifier":"a9f8b06f-58b8-4486-a296-33e37d75b28d","real_world_relation":"REFERENCE_ONLY","shape_Length":311.38037709043533,"source_datadesc":"2017 July MAFTIGER","source_datasetid":"{84D2183D-8BB4-4DBB-8848-8FBC90DB5400}","source_featureid":"1104483923163","source_id":"REF-WAMSUTTER-HIGHWAYS","source_originator":"U.S. Department of Commerce, U.S. Census Bureau, Geography Division","state_route":null,"state_route_a":null,"state_route_b":null,"state_route_c":null,"stco_fipscode":"56007","tnmfrc":1,"us_route":"30,287","us_route_a":"30,287","us_route_b":null,"us_route_c":null},"type":"Feature"},{"geometry":{"coordinates":[[-106.843012,41.741652],[-106.838111,41.741467],[-106.836321,41.741367]],"type":"LineString"},"id":"REF-WAMSUTTER-HIGHWAYS-142","properties":{"canon_status":"REAL_REFERENCE","county_route":null,"federal_lands_route":null,"fictionality":"REAL","globalid":"{BB3542B0-EE5B-4F24-9A5D-5024747123A8}","interstate":"80","interstate_a":"80","interstate_b":null,"interstate_c":null,"loaddate":1506626360000,"mtfcc_code":"S1100","name":"I- 80","objectid":30236389,"permanent_identifier":"3863b897-1f2c-46d0-9fe9-6b057f9aa615","real_world_relation":"REFERENCE_ONLY","shape_Length":746.0943166413547,"source_datadesc":"2017 July MAFTIGER","source_datasetid":"{84D2183D-8BB4-4DBB-8848-8FBC90DB5400}","source_featureid":"1104483923163","source_id":"REF-WAMSUTTER-HIGHWAYS","source_originator":"U.S. Department of Commerce, U.S. Census Bureau, Geography Division","state_route":null,"state_route_a":null,"state_route_b":null,"state_route_c":null,"stco_fipscode":"56007","tnmfrc":1,"us_route":"30,287","us_route_a":"30,287","us_route_b":null,"us_route_c":null},"type":"Feature"},{"geometry":{"coordinates":[[-108.378661,41.633716],[-108.378258,41.633692],[-108.377821,41.633666],[-108.377052,41.633613],[-108.376651,41.633586],[-108.376204,41.633564]],"type":"LineString"},"id":"REF-WAMSUTTER-HIGHWAYS-143","properties":{"canon_status":"REAL_REFERENCE","county_route":null,"federal_lands_route":null,"fictionality":"REAL","globalid":"{A73C88DC-4FCF-4722-82B4-2DC8F437AF7B}","interstate":"80","interstate_a":"80","interstate_b":null,"interstate_c":null,"loaddate":1506094584000,"mtfcc_code":"S1100","name":"I- 80","objectid":30365766,"permanent_identifier":"f7e8050e-f782-48bd-9115-c5b4846d2b01","real_world_relation":"REFERENCE_ONLY","shape_Length":274.4598933588507,"source_datadesc":"2017 July MAFTIGER","source_datasetid":"{B41E6A36-7E6B-487C-BFBD-A70E5E7C4156}","source_featureid":"1104475543690","source_id":"REF-WAMSUTTER-HIGHWAYS","source_originator":"U.S. Department of Commerce, U.S. Census Bureau, Geography Division","state_route":null,"state_route_a":null,"state_route_b":null,"state_route_c":null,"stco_fipscode":"56037","tnmfrc":1,"us_route":"30","us_route_a":"30","us_route_b":null,"us_route_c":null},"type":"Feature"},{"geometry":{"coordinates":[[-107.315581,41.776217],[-107.311061,41.776597]],"type":"LineString"},"id":"REF-WAMSUTTER-HIGHWAYS-144","properties":{"canon_status":"REAL_REFERENCE","county_route":null,"federal_lands_route":null,"fictionality":"REAL","globalid":"{ADBD5CBE-A374-47B8-BAD3-40AD062B6404}","interstate":"80","interstate_a":"80","interstate_b":null,"interstate_c":null,"loaddate":1506626360000,"mtfcc_code":"S1100","name":"I- 80","objectid":30365996,"permanent_identifier":"eb348ef1-954e-4e59-a666-8cdd1b6da0ba","real_world_relation":"REFERENCE_ONLY","shape_Length":506.35140458322894,"source_datadesc":"2017 July MAFTIGER","source_datasetid":"{84D2183D-8BB4-4DBB-8848-8FBC90DB5400}","source_featureid":"1104483923163","source_id":"REF-WAMSUTTER-HIGHWAYS","source_originator":"U.S. Department of Commerce, U.S. Census Bureau, Geography Division","state_route":"789","state_route_a":"789","state_route_b":null,"state_route_c":null,"stco_fipscode":"56007","tnmfrc":1,"us_route":"30","us_route_a":"30","us_route_b":null,"us_route_c":null},"type":"Feature"},{"geometry":{"coordinates":[[-106.665167,41.731237],[-106.664061,41.731267],[-106.658041,41.731397],[-106.656471,41.731467],[-106.654981,41.731637],[-106.653541,41.731877],[-106.652431,41.732107],[-106.650991,41.732457],[-106.647557,41.733343],[-106.645911,41.733767],[-106.643861,41.734317],[-106.636371,41.736277],[-106.632701,41.737207],[-106.630211,41.737887],[-106.628931,41.738207],[-106.628269,41.738381],[-106.627713,41.738512],[-106.627263,41.73864],[-106.626904,41.73874],[-106.626154,41.738911],[-106.625344,41.739032],[-106.623284,41.739315],[-106.621044,41.739428],[-106.619594,41.7394],[-106.618184,41.739291],[-106.616774,41.739133],[-106.615274,41.738875],[-106.609972,41.737702],[-106.60751,41.737133],[-106.606002,41.736788],[-106.605749,41.73672],[-106.604071,41.736407],[-106.602451,41.736187],[-106.600721,41.736057],[-106.599301,41.736027],[-106.597955,41.736086],[-106.597691,41.736097],[-106.596551,41.736207],[-106.595461,41.736357],[-106.593761,41.736627],[-106.592111,41.736897],[-106.590581,41.737167],[-106.587171,41.737747],[-106.579041,41.739117],[-106.574721,41.739867],[-106.569431,41.740757],[-106.568791,41.740867],[-106.566441,41.741357],[-106.564931,41.741727],[-106.563301,41.742137],[-106.558991,41.743197],[-106.558313,41.743366],[-106.551939,41.744922],[-106.550011,41.74541],[-106.542121,41.747367],[-106.540524,41.747764],[-106.539401,41.748027],[-106.53822,41.74824],[-106.533061,41.749007],[-106.531081,41.749307],[-106.529341,41.749577],[-106.527851,41.749897],[-106.527077,41.750101],[-106.526251,41.750357],[-106.525191,41.750727],[-106.524491,41.750997],[-106.523601,41.751367],[-106.522596,41.751845],[-106.520171,41.753008],[-106.519201,41.753417],[-106.518581,41.753637],[-106.517921,41.753807],[-106.517331,41.753927],[-106.516751,41.753997],[-106.516121,41.754057],[-106.515571,41.754067],[-106.514998,41.75405],[-106.514901,41.754047],[-106.514181,41.753977],[-106.513471,41.753877],[-106.512951,41.753747],[-106.512231,41.753537],[-106.511471,41.753247],[-106.511043,41.753064],[-106.509122,41.752078],[-106.507981,41.751432],[-106.50743,41.751138],[-106.505364,41.750072],[-106.501817,41.748174],[-106.498934,41.746635],[-106.49822,41.746195],[-106.497184,41.745491],[-106.496492,41.74492],[-106.495889,41.744341],[-106.495231,41.743643],[-106.49476,41.743038],[-106.494062,41.742026],[-106.493152,41.740489],[-106.492487,41.739339],[-106.492,41.738599],[-106.491963,41.738556],[-106.491542,41.738069],[-106.490527,41.736958],[-106.489691,41.736187],[-106.488556,41.735304],[-106.4875,41.734632],[-106.485875,41.733829],[-106.485098,41.733487],[-106.483603,41.732914],[-106.478647,41.731041],[-106.476308,41.73015],[-106.474358,41.729422],[-106.469177,41.727469],[-106.469041,41.727417],[-106.465381,41.726027]],"type":"LineString"},"id":"REF-WAMSUTTER-HIGHWAYS-145","properties":{"canon_status":"REAL_REFERENCE","county_route":null,"federal_lands_route":null,"fictionality":"REAL","globalid":"{BADA4EA2-9092-48CA-9F53-70E981B7B0DF}","interstate":"80","interstate_a":"80","interstate_b":null,"interstate_c":null,"loaddate":1506626360000,"mtfcc_code":"S1100","name":"I- 80","objectid":30493308,"permanent_identifier":"8c716a4c-7fde-417b-91f2-1c5f861d2371","real_world_relation":"REFERENCE_ONLY","shape_Length":24529.06242610837,"source_datadesc":"2017 July MAFTIGER","source_datasetid":"{84D2183D-8BB4-4DBB-8848-8FBC90DB5400}","source_featureid":"1104483923163","source_id":"REF-WAMSUTTER-HIGHWAYS","source_originator":"U.S. Department of Commerce, U.S. Census Bureau, Geography Division","state_route":null,"state_route_a":null,"state_route_b":null,"state_route_c":null,"stco_fipscode":"56007","tnmfrc":1,"us_route":null,"us_route_a":null,"us_route_b":null,"us_route_c":null},"type":"Feature"},{"geometry":{"coordinates":[[-108.347845,41.631904],[-108.347441,41.631886],[-108.343581,41.631736],[-108.341911,41.631686],[-108.34078,41.631646],[-108.338481,41.631566],[-108.334961,41.631456],[-108.328551,41.631236],[-108.325401,41.631116],[-108.319585,41.630907],[-108.318971,41.630886],[-108.315921,41.630796],[-108.314971,41.630758],[-108.313122,41.630683]],"type":"LineString"},"id":"REF-WAMSUTTER-HIGHWAYS-146","properties":{"canon_status":"REAL_REFERENCE","county_route":null,"federal_lands_route":null,"fictionality":"REAL","globalid":"{E2AB6138-FCA0-4FF4-9FA0-0A512AC9EF68}","interstate":"80","interstate_a":"80","interstate_b":null,"interstate_c":null,"loaddate":1506094583000,"mtfcc_code":"S1100","name":"I- 80","objectid":30622974,"permanent_identifier":"8f33a6c3-94a6-4ea7-a591-e185ee17f512","real_world_relation":"REFERENCE_ONLY","shape_Length":3869.6623682580184,"source_datadesc":"2017 July MAFTIGER","source_datasetid":"{B41E6A36-7E6B-487C-BFBD-A70E5E7C4156}","source_featureid":"1104475543690","source_id":"REF-WAMSUTTER-HIGHWAYS","source_originator":"U.S. Department of Commerce, U.S. Census Bureau, Geography Division","state_route":null,"state_route_a":null,"state_route_b":null,"state_route_c":null,"stco_fipscode":"56037","tnmfrc":1,"us_route":"30","us_route_a":"30","us_route_b":null,"us_route_c":null},"type":"Feature"},{"geometry":{"coordinates":[[-107.12288,41.777672],[-107.122153,41.777187],[-107.120164,41.775799],[-107.119102,41.775099],[-107.11855,41.774797],[-107.118282,41.774667],[-107.117728,41.774437],[-107.117049,41.77421],[-107.116453,41.774042],[-107.115637,41.773876],[-107.115067,41.773783],[-107.114911,41.77377],[-107.114068,41.773715],[-107.112234,41.77368],[-107.10751,41.773629],[-107.105133,41.773628],[-107.102467,41.773527],[-107.100379,41.773367],[-107.099045,41.773211],[-107.098671,41.773167],[-107.095981,41.772747],[-107.093321,41.772337],[-107.091501,41.772027],[-107.089881,41.771777],[-107.088681,41.771647],[-107.088192,41.771631],[-107.087741,41.771617]],"type":"LineString"},"id":"REF-WAMSUTTER-HIGHWAYS-147","properties":{"canon_status":"REAL_REFERENCE","county_route":null,"federal_lands_route":null,"fictionality":"REAL","globalid":"{BF360996-2582-428C-ACAD-CEA5185131E6}","interstate":"80","interstate_a":"80","interstate_b":null,"interstate_c":null,"loaddate":1749656015000,"mtfcc_code":"S1100","name":"I- 80","objectid":30879769,"permanent_identifier":"f12f2888-5a3b-4984-9029-9ca7bb245995","real_world_relation":"REFERENCE_ONLY","shape_Length":4134.543611228174,"source_datadesc":"2021 February MAF/TIGER","source_datasetid":"{E0D31206-F7BC-49A5-ABD6-A45460094F50}","source_featureid":"1104483923163","source_id":"REF-WAMSUTTER-HIGHWAYS","source_originator":"U.S. Department of Commerce, U.S. Census Bureau, Geography Division","state_route":null,"state_route_a":null,"state_route_b":null,"state_route_c":null,"stco_fipscode":"56007","tnmfrc":1,"us_route":"30,287","us_route_a":"30,287","us_route_b":null,"us_route_c":null},"type":"Feature"},{"geometry":{"coordinates":[[-107.462911,41.773587],[-107.455131,41.775297],[-107.448063,41.776879],[-107.437571,41.779227],[-107.431621,41.780567],[-107.422031,41.782707],[-107.420748,41.782994],[-107.414701,41.784347],[-107.413263,41.784619]],"type":"LineString"},"id":"REF-WAMSUTTER-HIGHWAYS-148","properties":{"canon_status":"REAL_REFERENCE","county_route":null,"federal_lands_route":null,"fictionality":"REAL","globalid":"{5EEDD46D-56D1-4A5C-811F-457ACD79BDF7}","interstate":"80","interstate_a":"80","interstate_b":null,"interstate_c":null,"loaddate":1506626360000,"mtfcc_code":"S1100","name":"I- 80","objectid":31008012,"permanent_identifier":"ee19be08-b476-46b1-b0d2-2214274b32cc","real_world_relation":"REFERENCE_ONLY","shape_Length":5767.08572384896,"source_datadesc":"2017 July MAFTIGER","source_datasetid":"{84D2183D-8BB4-4DBB-8848-8FBC90DB5400}","source_featureid":"1104483923163","source_id":"REF-WAMSUTTER-HIGHWAYS","source_originator":"U.S. Department of Commerce, U.S. Census Bureau, Geography Division","state_route":"789","state_route_a":"789","state_route_b":null,"state_route_c":null,"stco_fipscode":"56007","tnmfrc":1,"us_route":"30","us_route_a":"30","us_route_b":null,"us_route_c":null},"type":"Feature"},{"geometry":{"coordinates":[[-107.732571,41.727276],[-107.736051,41.726476],[-107.740161,41.725576],[-107.742611,41.724976],[-107.746601,41.724076],[-107.749481,41.723436],[-107.755491,41.722026],[-107.756401,41.721816],[-107.757191,41.721636],[-107.759351,41.721156],[-107.762041,41.720536],[-107.764801,41.719886],[-107.767451,41.719316],[-107.772871,41.718056],[-107.774451,41.717696],[-107.777001,41.717126],[-107.779881,41.716456]],"type":"LineString"},"id":"REF-WAMSUTTER-HIGHWAYS-149","properties":{"canon_status":"REAL_REFERENCE","county_route":null,"federal_lands_route":null,"fictionality":"REAL","globalid":"{0A10F9CA-7A16-4173-81AA-193E8A39B2E1}","interstate":"80","interstate_a":"80","interstate_b":null,"interstate_c":null,"loaddate":1506094583000,"mtfcc_code":"S1100","name":"I- 80","objectid":31008682,"permanent_identifier":"c7c65565-b4b1-4558-bfa0-72517b4cc934","real_world_relation":"REFERENCE_ONLY","shape_Length":5508.422306486991,"source_datadesc":"2017 July MAFTIGER","source_datasetid":"{B41E6A36-7E6B-487C-BFBD-A70E5E7C4156}","source_featureid":"1104475605869","source_id":"REF-WAMSUTTER-HIGHWAYS","source_originator":"U.S. Department of Commerce, U.S. Census Bureau, Geography Division","state_route":null,"state_route_a":null,"state_route_b":null,"state_route_c":null,"stco_fipscode":"56037","tnmfrc":1,"us_route":"30","us_route_a":"30","us_route_b":null,"us_route_c":null},"type":"Feature"},{"geometry":{"coordinates":[[-107.468661,41.772247],[-107.466191,41.772807]],"type":"LineString"},"id":"REF-WAMSUTTER-HIGHWAYS-150","properties":{"canon_status":"REAL_REFERENCE","county_route":null,"federal_lands_route":null,"fictionality":"REAL","globalid":"{DEFA174D-96E0-4361-BCC3-0AFF3D8875AC}","interstate":"80","interstate_a":"80","interstate_b":null,"interstate_c":null,"loaddate":1506626360000,"mtfcc_code":"S1100","name":"I- 80","objectid":31523744,"permanent_identifier":"6c63b319-713b-4d15-b3e1-23f79a0a3030","real_world_relation":"REFERENCE_ONLY","shape_Length":287.38368371885326,"source_datadesc":"2017 July MAFTIGER","source_datasetid":"{84D2183D-8BB4-4DBB-8848-8FBC90DB5400}","source_featureid":"1104483923163","source_id":"REF-WAMSUTTER-HIGHWAYS","source_originator":"U.S. Department of Commerce, U.S. Census Bureau, Geography Division","state_route":"789","state_route_a":"789","state_route_b":null,"state_route_c":null,"stco_fipscode":"56007","tnmfrc":1,"us_route":"30","us_route_a":"30","us_route_b":null,"us_route_c":null},"type":"Feature"},{"geometry":{"coordinates":[[-107.849821,41.703136],[-107.855493,41.704187],[-107.860285,41.705092],[-107.861988,41.705323],[-107.863728,41.705554],[-107.86575,41.705744],[-107.867703,41.705767],[-107.869473,41.705686],[-107.86993,41.705668],[-107.870436,41.705637],[-107.871403,41.70561],[-107.873799,41.705517],[-107.875201,41.705482],[-107.877016,41.705415],[-107.877996,41.705384],[-107.879398,41.705353],[-107.880476,41.705309],[-107.881799,41.705269],[-107.883919,41.705198],[-107.886058,41.705131],[-107.887979,41.705043],[-107.889124,41.70498],[-107.890965,41.704803],[-107.892345,41.704665],[-107.893561,41.704488],[-107.894661,41.704337],[-107.89593,41.704111],[-107.897154,41.703898],[-107.898148,41.703676],[-107.899217,41.703454],[-107.900185,41.70321],[-107.901644,41.702855],[-107.902953,41.702474],[-107.904994,41.701884],[-107.906463,41.70144],[-107.907545,41.701111],[-107.908673,41.70079],[-107.909609,41.700502],[-107.911291,41.699996],[-107.913221,41.699436],[-107.917291,41.698216],[-107.919511,41.697556],[-107.921161,41.697076],[-107.922821,41.696576],[-107.924981,41.695946],[-107.9253,41.695851],[-107.927231,41.695276],[-107.929231,41.694686],[-107.931051,41.694106],[-107.933091,41.693526],[-107.935381,41.692846],[-107.936801,41.692436],[-107.940267,41.691416],[-107.940981,41.691206],[-107.942871,41.690626],[-107.942922,41.690612],[-107.942973,41.690597],[-107.943029,41.690581],[-107.944381,41.690196],[-107.945691,41.689806],[-107.946961,41.689436],[-107.948521,41.688946],[-107.949601,41.688546],[-107.950741,41.688066],[-107.952081,41.687446],[-107.953301,41.686916],[-107.955151,41.686036],[-107.956081,41.685616],[-107.957701,41.684866],[-107.959241,41.684176],[-107.959546,41.684035],[-107.972701,41.678046]],"type":"LineString"},"id":"REF-WAMSUTTER-HIGHWAYS-151","properties":{"canon_status":"REAL_REFERENCE","county_route":null,"federal_lands_route":null,"fictionality":"REAL","globalid":"{7934EA7D-7E14-459B-8598-7AE660C1AC72}","interstate":"80","interstate_a":"80","interstate_b":null,"interstate_c":null,"loaddate":1506094583000,"mtfcc_code":"S1100","name":"I- 80","objectid":32038908,"permanent_identifier":"2d7ed3b6-a7c1-447e-8989-f04cef034c79","real_world_relation":"REFERENCE_ONLY","shape_Length":14615.07654741698,"source_datadesc":"2017 July MAFTIGER","source_datasetid":"{B41E6A36-7E6B-487C-BFBD-A70E5E7C4156}","source_featureid":"1104475605869","source_id":"REF-WAMSUTTER-HIGHWAYS","source_originator":"U.S. Department of Commerce, U.S. Census Bureau, Geography Division","state_route":null,"state_route_a":null,"state_route_b":null,"state_route_c":null,"stco_fipscode":"56037","tnmfrc":1,"us_route":"30","us_route_a":"30","us_route_b":null,"us_route_c":null},"type":"Feature"},{"geometry":{"coordinates":[[-108.026971,41.666016],[-108.031622,41.66534]],"type":"LineString"},"id":"REF-WAMSUTTER-HIGHWAYS-152","properties":{"canon_status":"REAL_REFERENCE","county_route":null,"federal_lands_route":null,"fictionality":"REAL","globalid":"{8E16BDF7-112A-443B-AD1B-8DBC9B827DD9}","interstate":"80","interstate_a":"80","interstate_b":null,"interstate_c":null,"loaddate":1506094583000,"mtfcc_code":"S1100","name":"I- 80","objectid":32426384,"permanent_identifier":"cd07032a-1cde-48e9-9578-ef49d81671ae","real_world_relation":"REFERENCE_ONLY","shape_Length":527.4554907913,"source_datadesc":"2017 July MAFTIGER","source_datasetid":"{B41E6A36-7E6B-487C-BFBD-A70E5E7C4156}","source_featureid":"1104475605869","source_id":"REF-WAMSUTTER-HIGHWAYS","source_originator":"U.S. Department of Commerce, U.S. Census Bureau, Geography Division","state_route":null,"state_route_a":null,"state_route_b":null,"state_route_c":null,"stco_fipscode":"56037","tnmfrc":1,"us_route":"30","us_route_a":"30","us_route_b":null,"us_route_c":null},"type":"Feature"},{"geometry":{"coordinates":[[-108.133878,41.650676],[-108.13264,41.650938]],"type":"LineString"},"id":"REF-WAMSUTTER-HIGHWAYS-153","properties":{"canon_status":"REAL_REFERENCE","county_route":null,"federal_lands_route":null,"fictionality":"REAL","globalid":"{D0126698-BBBF-4277-802C-60BBBE1997FC}","interstate":"80","interstate_a":"80","interstate_b":null,"interstate_c":null,"loaddate":1749656015000,"mtfcc_code":"S1100","name":"I- 80","objectid":33032845,"permanent_identifier":"bb7a661c-e991-426b-ac41-ada9df143e39","real_world_relation":"REFERENCE_ONLY","shape_Length":143.18760454309148,"source_datadesc":"2021 February MAF/TIGER","source_datasetid":"{E0D31206-F7BC-49A5-ABD6-A45460094F50}","source_featureid":"1104475543690","source_id":"REF-WAMSUTTER-HIGHWAYS","source_originator":"U.S. Department of Commerce, U.S. Census Bureau, Geography Division","state_route":null,"state_route_a":null,"state_route_b":null,"state_route_c":null,"stco_fipscode":"56037","tnmfrc":1,"us_route":"30","us_route_a":"30","us_route_b":null,"us_route_c":null},"type":"Feature"},{"geometry":{"coordinates":[[-108.13264,41.650938],[-108.130891,41.651306],[-108.130387,41.651412],[-108.130181,41.651456],[-108.128961,41.651726],[-108.128878,41.651739],[-108.128371,41.651826],[-108.12833,41.651835]],"type":"LineString"},"id":"REF-WAMSUTTER-HIGHWAYS-154","properties":{"canon_status":"REAL_REFERENCE","county_route":null,"federal_lands_route":null,"fictionality":"REAL","globalid":"{8DDD0244-5EF9-43CE-BAB6-9AC16E2D90D8}","interstate":"80","interstate_a":"80","interstate_b":null,"interstate_c":null,"loaddate":1749656015000,"mtfcc_code":"S1100","name":"I- 80","objectid":33032846,"permanent_identifier":"56fa91ae-967f-4dab-9f2b-b3a7ecb210ff","real_world_relation":"REFERENCE_ONLY","shape_Length":498.19938618131033,"source_datadesc":"2021 February MAF/TIGER","source_datasetid":"{E0D31206-F7BC-49A5-ABD6-A45460094F50}","source_featureid":"1104475543690","source_id":"REF-WAMSUTTER-HIGHWAYS","source_originator":"U.S. Department of Commerce, U.S. Census Bureau, Geography Division","state_route":null,"state_route_a":null,"state_route_b":null,"state_route_c":null,"stco_fipscode":"56037","tnmfrc":1,"us_route":"30","us_route_a":"30","us_route_b":null,"us_route_c":null},"type":"Feature"},{"geometry":{"coordinates":[[-108.122853,41.653015],[-108.122078,41.65318],[-108.122051,41.653186],[-108.121141,41.653376],[-108.120979,41.65341],[-108.120011,41.653616],[-108.119931,41.65363],[-108.119598,41.653691],[-108.118811,41.653836],[-108.117741,41.654006],[-108.116631,41.654196],[-108.116274,41.654244],[-108.115049,41.654411],[-108.112511,41.654756],[-108.109171,41.655186],[-108.106931,41.655516],[-108.10552,41.655708],[-108.105321,41.655736],[-108.103053,41.656041],[-108.100941,41.656326],[-108.100601,41.656366],[-108.098281,41.656676],[-108.096371,41.656936],[-108.094771,41.657166],[-108.093021,41.657406],[-108.091631,41.657586],[-108.090771,41.657706],[-108.088071,41.658056],[-108.085871,41.658366],[-108.083441,41.658686],[-108.080711,41.659056],[-108.079421,41.659236],[-108.076931,41.659574],[-108.074791,41.659866],[-108.072551,41.660156],[-108.070891,41.660386],[-108.069031,41.660626],[-108.067401,41.660856],[-108.06685,41.660934],[-108.066141,41.661036],[-108.065196,41.661158],[-108.064645,41.66123],[-108.064521,41.661246],[-108.064131,41.661299],[-108.062981,41.661456],[-108.062593,41.661511],[-108.062081,41.661586],[-108.059211,41.661976],[-108.057421,41.662226],[-108.056009,41.662416],[-108.054611,41.662606],[-108.053161,41.662786],[-108.051251,41.663056],[-108.050481,41.663156],[-108.048381,41.663446],[-108.045941,41.663766],[-108.044231,41.664006],[-108.042721,41.664206],[-108.040211,41.664546],[-108.038911,41.664706],[-108.037787,41.66486],[-108.037284,41.664929],[-108.037161,41.664946],[-108.036581,41.665029]],"type":"LineString"},"id":"REF-WAMSUTTER-HIGHWAYS-155","properties":{"canon_status":"REAL_REFERENCE","county_route":null,"federal_lands_route":null,"fictionality":"REAL","globalid":"{42FC2B84-3E97-4C0B-AE32-FC9D88EDFDEB}","interstate":"80","interstate_a":"80","interstate_b":null,"interstate_c":null,"loaddate":1749656015000,"mtfcc_code":"S1100","name":"I- 80","objectid":33032849,"permanent_identifier":"e459bff3-7392-415f-93df-d1126f618df8","real_world_relation":"REFERENCE_ONLY","shape_Length":9771.202993983656,"source_datadesc":"2021 February MAF/TIGER","source_datasetid":"{E0D31206-F7BC-49A5-ABD6-A45460094F50}","source_featureid":"1104475543690","source_id":"REF-WAMSUTTER-HIGHWAYS","source_originator":"U.S. Department of Commerce, U.S. Census Bureau, Geography Division","state_route":null,"state_route_a":null,"state_route_b":null,"state_route_c":null,"stco_fipscode":"56037","tnmfrc":1,"us_route":"30","us_route_a":"30","us_route_b":null,"us_route_c":null},"type":"Feature"},{"geometry":{"coordinates":[[-108.036975,41.664632],[-108.061639,41.661312],[-108.06461,41.660941],[-108.065861,41.660756],[-108.066861,41.660616],[-108.068041,41.660456],[-108.069621,41.660256],[-108.072071,41.659916],[-108.077001,41.659266],[-108.078901,41.658996],[-108.081681,41.658626],[-108.084201,41.658296],[-108.087081,41.657886],[-108.089571,41.657566],[-108.091541,41.657276],[-108.092491,41.657156],[-108.095211,41.656796],[-108.100601,41.656056],[-108.10299,41.65573],[-108.105011,41.655456],[-108.115411,41.654046],[-108.116281,41.653936],[-108.117941,41.653686],[-108.119001,41.653496],[-108.120381,41.653226],[-108.121451,41.652996],[-108.123011,41.652676],[-108.124521,41.652356]],"type":"LineString"},"id":"REF-WAMSUTTER-HIGHWAYS-156","properties":{"canon_status":"REAL_REFERENCE","county_route":null,"federal_lands_route":null,"fictionality":"REAL","globalid":"{B3E385FB-5BAC-4EDA-916A-32193B93A2BB}","interstate":"80","interstate_a":"80","interstate_b":null,"interstate_c":null,"loaddate":1749656015000,"mtfcc_code":"S1100","name":"I- 80","objectid":33032853,"permanent_identifier":"96ff9954-c4a0-48fd-b015-d52c076c55d3","real_world_relation":"REFERENCE_ONLY","shape_Length":9918.559521199368,"source_datadesc":"2017 July MAFTIGER","source_datasetid":"{E0D31206-F7BC-49A5-ABD6-A45460094F50}","source_featureid":"1104475605869","source_id":"REF-WAMSUTTER-HIGHWAYS","source_originator":"U.S. Department of Commerce, U.S. Census Bureau, Geography Division","state_route":null,"state_route_a":null,"state_route_b":null,"state_route_c":null,"stco_fipscode":"56037","tnmfrc":1,"us_route":"30","us_route_a":"30","us_route_b":null,"us_route_c":null},"type":"Feature"},{"geometry":{"coordinates":[[-107.559107,41.752242],[-107.560406,41.751967],[-107.56123,41.751776],[-107.562837,41.751422]],"type":"LineString"},"id":"REF-WAMSUTTER-HIGHWAYS-157","properties":{"canon_status":"REAL_REFERENCE","county_route":null,"federal_lands_route":null,"fictionality":"REAL","globalid":"{F2273992-FFDA-4CD4-AE0D-B83310C663DF}","interstate":"80","interstate_a":"80","interstate_b":null,"interstate_c":null,"loaddate":1749656015000,"mtfcc_code":"S1100","name":"I- 80","objectid":33032885,"permanent_identifier":"3729a06d-9c6f-4ba7-b02a-c7fa721cc07a","real_world_relation":"REFERENCE_ONLY","shape_Length":432.89216836416654,"source_datadesc":"2017 July MAFTIGER","source_datasetid":"{E0D31206-F7BC-49A5-ABD6-A45460094F50}","source_featureid":"1104475605869","source_id":"REF-WAMSUTTER-HIGHWAYS","source_originator":"U.S. Department of Commerce, U.S. Census Bureau, Geography Division","state_route":"789","state_route_a":"789","state_route_b":null,"state_route_c":null,"stco_fipscode":"56037","tnmfrc":1,"us_route":"30","us_route_a":"30","us_route_b":null,"us_route_c":null},"type":"Feature"},{"geometry":{"coordinates":[[-107.555574,41.753028],[-107.559107,41.752242]],"type":"LineString"},"id":"REF-WAMSUTTER-HIGHWAYS-158","properties":{"canon_status":"REAL_REFERENCE","county_route":null,"federal_lands_route":null,"fictionality":"REAL","globalid":"{4338BAC6-A645-4C8A-AB19-8742A7FEBC81}","interstate":"80","interstate_a":"80","interstate_b":null,"interstate_c":null,"loaddate":1749656015000,"mtfcc_code":"S1100","name":"I- 80","objectid":33032888,"permanent_identifier":"e1286969-f14b-415c-b59b-4ce1e5a87ce9","real_world_relation":"REFERENCE_ONLY","shape_Length":410.40723942918356,"source_datadesc":"2017 July MAFTIGER","source_datasetid":"{E0D31206-F7BC-49A5-ABD6-A45460094F50}","source_featureid":"1104475605869","source_id":"REF-WAMSUTTER-HIGHWAYS","source_originator":"U.S. Department of Commerce, U.S. Census Bureau, Geography Division","state_route":"789","state_route_a":"789","state_route_b":null,"state_route_c":null,"stco_fipscode":"56037","tnmfrc":1,"us_route":"30","us_route_a":"30","us_route_b":null,"us_route_c":null},"type":"Feature"},{"geometry":{"coordinates":[[-107.282361,41.779287],[-107.281097,41.779481],[-107.278598,41.779901],[-107.27729,41.780136],[-107.277138,41.780163]],"type":"LineString"},"id":"REF-WAMSUTTER-HIGHWAYS-159","properties":{"canon_status":"REAL_REFERENCE","county_route":null,"federal_lands_route":null,"fictionality":"REAL","globalid":"{0049D8A5-EE80-491B-B73F-8CA6A67D9CC1}","interstate":"80","interstate_a":"80","interstate_b":null,"interstate_c":null,"loaddate":1749656015000,"mtfcc_code":"S1100","name":"I- 80","objectid":33042332,"permanent_identifier":"d59bd29a-4873-4da8-a9d5-67882b44669c","real_world_relation":"REFERENCE_ONLY","shape_Length":596.025849376864,"source_datadesc":"2021 February MAF/TIGER","source_datasetid":"{E0D31206-F7BC-49A5-ABD6-A45460094F50}","source_featureid":"1105321138234","source_id":"REF-WAMSUTTER-HIGHWAYS","source_originator":"U.S. Department of Commerce, U.S. Census Bureau, Geography Division","state_route":"789","state_route_a":"789","state_route_b":null,"state_route_c":null,"stco_fipscode":"56007","tnmfrc":1,"us_route":"30","us_route_a":"30","us_route_b":null,"us_route_c":null},"type":"Feature"},{"geometry":{"coordinates":[[-107.282321,41.778917],[-107.2796,41.779421],[-107.277097,41.779925],[-107.276483,41.780044],[-107.274854,41.780366]],"type":"LineString"},"id":"REF-WAMSUTTER-HIGHWAYS-160","properties":{"canon_status":"REAL_REFERENCE","county_route":null,"federal_lands_route":null,"fictionality":"REAL","globalid":"{81075EE6-24BD-44F5-8C7F-EEC42942BA77}","interstate":"80","interstate_a":"80","interstate_b":null,"interstate_c":null,"loaddate":1749656015000,"mtfcc_code":"S1100","name":"I- 80","objectid":33042333,"permanent_identifier":"a9e3ca26-5257-4292-9f15-b6553013b348","real_world_relation":"REFERENCE_ONLY","shape_Length":858.9841821534326,"source_datadesc":"2021 February MAF/TIGER","source_datasetid":"{E0D31206-F7BC-49A5-ABD6-A45460094F50}","source_featureid":"1104483923163","source_id":"REF-WAMSUTTER-HIGHWAYS","source_originator":"U.S. Department of Commerce, U.S. Census Bureau, Geography Division","state_route":null,"state_route_a":null,"state_route_b":null,"state_route_c":null,"stco_fipscode":"56007","tnmfrc":1,"us_route":"30","us_route_a":"30","us_route_b":null,"us_route_c":null},"type":"Feature"},{"geometry":{"coordinates":[[-107.274854,41.780366],[-107.273723,41.78059],[-107.270931,41.781074],[-107.267383,41.781713]],"type":"LineString"},"id":"REF-WAMSUTTER-HIGHWAYS-161","properties":{"canon_status":"REAL_REFERENCE","county_route":null,"federal_lands_route":null,"fictionality":"REAL","globalid":"{E7585C6C-CE8D-448C-AACD-B92EC78C3082}","interstate":"80","interstate_a":"80","interstate_b":null,"interstate_c":null,"loaddate":1749656015000,"mtfcc_code":"S1100","name":"I- 80","objectid":33042335,"permanent_identifier":"c157cba2-408c-45b0-aa0c-3ae0a7e248e3","real_world_relation":"REFERENCE_ONLY","shape_Length":855.6331485967964,"source_datadesc":"2021 February MAF/TIGER","source_datasetid":"{E0D31206-F7BC-49A5-ABD6-A45460094F50}","source_featureid":"1104483923163","source_id":"REF-WAMSUTTER-HIGHWAYS","source_originator":"U.S. Department of Commerce, U.S. Census Bureau, Geography Division","state_route":null,"state_route_a":null,"state_route_b":null,"state_route_c":null,"stco_fipscode":"56007","tnmfrc":1,"us_route":"30","us_route_a":"30","us_route_b":null,"us_route_c":null},"type":"Feature"},{"geometry":{"coordinates":[[-107.277138,41.780163],[-107.274411,41.780641],[-107.270649,41.781303],[-107.269561,41.781499],[-107.267282,41.781923]],"type":"LineString"},"id":"REF-WAMSUTTER-HIGHWAYS-162","properties":{"canon_status":"REAL_REFERENCE","county_route":null,"federal_lands_route":null,"fictionality":"REAL","globalid":"{07D998E3-22F6-4E0D-9DA6-84D846771E3F}","interstate":"80","interstate_a":"80","interstate_b":null,"interstate_c":null,"loaddate":1749656015000,"mtfcc_code":"S1100","name":"I- 80","objectid":33042336,"permanent_identifier":"191c7358-705d-405a-8555-33a2ddd92a3c","real_world_relation":"REFERENCE_ONLY","shape_Length":1128.1639651408743,"source_datadesc":"2021 February MAF/TIGER","source_datasetid":"{E0D31206-F7BC-49A5-ABD6-A45460094F50}","source_featureid":"1105321138234","source_id":"REF-WAMSUTTER-HIGHWAYS","source_originator":"U.S. Department of Commerce, U.S. Census Bureau, Geography Division","state_route":"789","state_route_a":"789","state_route_b":null,"state_route_c":null,"stco_fipscode":"56007","tnmfrc":1,"us_route":"30","us_route_a":"30","us_route_b":null,"us_route_c":null},"type":"Feature"},{"geometry":{"coordinates":[[-107.258577,41.781469],[-107.258505,41.781447],[-107.256754,41.780842],[-107.256488,41.780745],[-107.256002,41.780568],[-107.255041,41.780217],[-107.254463,41.78001],[-107.254248,41.779934],[-107.253641,41.779717],[-107.252371,41.779297],[-107.251691,41.779107],[-107.251001,41.778937]],"type":"LineString"},"id":"REF-WAMSUTTER-HIGHWAYS-163","properties":{"canon_status":"REAL_REFERENCE","county_route":null,"federal_lands_route":null,"fictionality":"REAL","globalid":"{B52938C6-74F4-4B6B-BA01-3BFF2B45F6BD}","interstate":"80","interstate_a":"80","interstate_b":null,"interstate_c":null,"loaddate":1749656015000,"mtfcc_code":"S1100","name":"I- 80","objectid":33042338,"permanent_identifier":"08e29249-aceb-4bf0-85c2-166ac60b4e0c","real_world_relation":"REFERENCE_ONLY","shape_Length":925.0602056637538,"source_datadesc":"2021 February MAF/TIGER","source_datasetid":"{E0D31206-F7BC-49A5-ABD6-A45460094F50}","source_featureid":"1104483923163","source_id":"REF-WAMSUTTER-HIGHWAYS","source_originator":"U.S. Department of Commerce, U.S. Census Bureau, Geography Division","state_route":null,"state_route_a":null,"state_route_b":null,"state_route_c":null,"stco_fipscode":"56007","tnmfrc":1,"us_route":"30","us_route_a":"30","us_route_b":null,"us_route_c":null},"type":"Feature"},{"geometry":{"coordinates":[[-107.259285,41.781875],[-107.258969,41.781792],[-107.258466,41.781642],[-107.25811,41.781527],[-107.25652,41.780962],[-107.256467,41.780942],[-107.256307,41.780885],[-107.256255,41.780867],[-107.256197,41.780846],[-107.256024,41.780785],[-107.255967,41.780765],[-107.25559,41.78063],[-107.25446,41.780228],[-107.254371,41.780197],[-107.254082,41.7801],[-107.25342,41.77987],[-107.252051,41.779394],[-107.251418,41.77923],[-107.250739,41.779055]],"type":"LineString"},"id":"REF-WAMSUTTER-HIGHWAYS-164","properties":{"canon_status":"REAL_REFERENCE","county_route":null,"federal_lands_route":null,"fictionality":"REAL","globalid":"{66D1885F-0B43-400C-98CE-DDE51461F9A9}","interstate":"80","interstate_a":"80","interstate_b":null,"interstate_c":null,"loaddate":1749656015000,"mtfcc_code":"S1100","name":"I- 80","objectid":33042339,"permanent_identifier":"c879800a-b6e4-4406-b439-9e6b2839921b","real_world_relation":"REFERENCE_ONLY","shape_Length":1041.2307163750927,"source_datadesc":"2021 February MAF/TIGER","source_datasetid":"{E0D31206-F7BC-49A5-ABD6-A45460094F50}","source_featureid":"1105321138234","source_id":"REF-WAMSUTTER-HIGHWAYS","source_originator":"U.S. Department of Commerce, U.S. Census Bureau, Geography Division","state_route":null,"state_route_a":null,"state_route_b":null,"state_route_c":null,"stco_fipscode":"56007","tnmfrc":1,"us_route":"30","us_route_a":"30","us_route_b":null,"us_route_c":null},"type":"Feature"},{"geometry":{"coordinates":[[-107.267383,41.781713],[-107.267255,41.781736],[-107.266594,41.781861],[-107.266307,41.781913],[-107.265727,41.782015],[-107.265115,41.782097],[-107.26452,41.782157],[-107.264032,41.782183],[-107.263055,41.782187],[-107.262311,41.782168],[-107.261703,41.782128],[-107.261274,41.782081],[-107.261132,41.782065],[-107.260871,41.782029],[-107.260544,41.781976],[-107.260212,41.781914],[-107.260019,41.781874],[-107.259539,41.781762],[-107.259094,41.78163],[-107.258577,41.781469]],"type":"LineString"},"id":"REF-WAMSUTTER-HIGHWAYS-165","properties":{"canon_status":"REAL_REFERENCE","county_route":null,"federal_lands_route":null,"fictionality":"REAL","globalid":"{5A3A6C44-C4CF-41EF-B7EA-7DCCD5185FEE}","interstate":"80","interstate_a":"80","interstate_b":null,"interstate_c":null,"loaddate":1749656015000,"mtfcc_code":"S1100","name":"I- 80","objectid":33042341,"permanent_identifier":"5996d2ee-6bcb-4702-893c-312e0689bf9f","real_world_relation":"REFERENCE_ONLY","shape_Length":1002.9425478197289,"source_datadesc":"2021 February MAF/TIGER","source_datasetid":"{E0D31206-F7BC-49A5-ABD6-A45460094F50}","source_featureid":"1104483923163","source_id":"REF-WAMSUTTER-HIGHWAYS","source_originator":"U.S. Department of Commerce, U.S. Census Bureau, Geography Division","state_route":null,"state_route_a":null,"state_route_b":null,"state_route_c":null,"stco_fipscode":"56007","tnmfrc":1,"us_route":"30","us_route_a":"30","us_route_b":null,"us_route_c":null},"type":"Feature"},{"geometry":{"coordinates":[[-107.267282,41.781923],[-107.267149,41.781949],[-107.265922,41.782153],[-107.265136,41.78226],[-107.264714,41.782302],[-107.263925,41.782359],[-107.26349,41.782376],[-107.263172,41.782382],[-107.262886,41.782382],[-107.262521,41.78237],[-107.262121,41.782346],[-107.26173,41.782309],[-107.261519,41.782288],[-107.261274,41.782258],[-107.260865,41.782198],[-107.260379,41.782115],[-107.260083,41.782057],[-107.259823,41.782003],[-107.259421,41.781911],[-107.259285,41.781875]],"type":"LineString"},"id":"REF-WAMSUTTER-HIGHWAYS-166","properties":{"canon_status":"REAL_REFERENCE","county_route":null,"federal_lands_route":null,"fictionality":"REAL","globalid":"{268792BD-FC5D-4E5F-A1FD-2DA4B3054AA7}","interstate":"80","interstate_a":"80","interstate_b":null,"interstate_c":null,"loaddate":1749656015000,"mtfcc_code":"S1100","name":"I- 80","objectid":33042342,"permanent_identifier":"178efa76-98ad-4d52-b2e9-73657afefa20","real_world_relation":"REFERENCE_ONLY","shape_Length":905.070773019297,"source_datadesc":"2021 February MAF/TIGER","source_datasetid":"{E0D31206-F7BC-49A5-ABD6-A45460094F50}","source_featureid":"1105321138234","source_id":"REF-WAMSUTTER-HIGHWAYS","source_originator":"U.S. Department of Commerce, U.S. Census Bureau, Geography Division","state_route":null,"state_route_a":null,"state_route_b":null,"state_route_c":null,"stco_fipscode":"56007","tnmfrc":1,"us_route":"30","us_route_a":"30","us_route_b":null,"us_route_c":null},"type":"Feature"},{"geometry":{"coordinates":[[-107.130151,41.781505],[-107.129628,41.781443],[-107.129192,41.781369],[-107.128814,41.78128],[-107.128374,41.781161],[-107.128167,41.781101],[-107.127752,41.780963],[-107.127381,41.780815],[-107.127227,41.780747],[-107.126894,41.780583],[-107.126398,41.780319],[-107.125892,41.780019],[-107.125261,41.779593]],"type":"LineString"},"id":"REF-WAMSUTTER-HIGHWAYS-167","properties":{"canon_status":"REAL_REFERENCE","county_route":null,"federal_lands_route":null,"fictionality":"REAL","globalid":"{564AF674-D2B3-48B7-8A5F-3FFD720EA7BF}","interstate":"80","interstate_a":"80","interstate_b":null,"interstate_c":null,"loaddate":1749656015000,"mtfcc_code":"S1100","name":"I- 80","objectid":33042344,"permanent_identifier":"26218775-0d9f-4f6a-85bd-927f0dfba853","real_world_relation":"REFERENCE_ONLY","shape_Length":626.0585256314533,"source_datadesc":"2021 February MAF/TIGER","source_datasetid":"{E0D31206-F7BC-49A5-ABD6-A45460094F50}","source_featureid":"1105321138235","source_id":"REF-WAMSUTTER-HIGHWAYS","source_originator":"U.S. Department of Commerce, U.S. Census Bureau, Geography Division","state_route":null,"state_route_a":null,"state_route_b":null,"state_route_c":null,"stco_fipscode":"56007","tnmfrc":1,"us_route":"30,287","us_route_a":"30,287","us_route_b":null,"us_route_c":null},"type":"Feature"},{"geometry":{"coordinates":[[-107.193831,41.789037],[-107.19299,41.788815],[-107.192767,41.788757],[-107.192212,41.788641],[-107.191113,41.788413],[-107.190441,41.788257],[-107.189595,41.788061],[-107.187652,41.787641],[-107.186176,41.787344],[-107.185567,41.787216],[-107.183782,41.786821],[-107.181696,41.78641],[-107.181316,41.786331],[-107.179723,41.785991],[-107.179587,41.785965],[-107.179178,41.785889],[-107.179043,41.785863],[-107.177851,41.785607],[-107.175641,41.785186],[-107.174526,41.784992],[-107.173273,41.784813],[-107.17285,41.784753],[-107.171457,41.7846],[-107.168961,41.784387],[-107.16078,41.783796],[-107.156221,41.783457],[-107.156192,41.783455],[-107.155725,41.783421],[-107.154324,41.78332],[-107.153857,41.783287],[-107.153571,41.783267],[-107.151053,41.783073],[-107.147571,41.782807],[-107.143201,41.782447],[-107.142644,41.782406],[-107.13984,41.782202],[-107.139251,41.782159],[-107.139221,41.782157],[-107.137484,41.782055],[-107.136895,41.782021],[-107.136236,41.781982],[-107.135811,41.781957],[-107.134263,41.781841],[-107.133606,41.781793],[-107.132978,41.781746],[-107.131651,41.781647],[-107.131097,41.7816],[-107.130559,41.781554],[-107.130151,41.781505]],"type":"LineString"},"id":"REF-WAMSUTTER-HIGHWAYS-168","properties":{"canon_status":"REAL_REFERENCE","county_route":null,"federal_lands_route":null,"fictionality":"REAL","globalid":"{29466925-74CF-4047-873B-A494E29B7249}","interstate":"80","interstate_a":"80","interstate_b":null,"interstate_c":null,"loaddate":1749656015000,"mtfcc_code":"S1100","name":"I- 80","objectid":33042346,"permanent_identifier":"a95c27fb-7962-4111-a80f-ee19c94d2723","real_world_relation":"REFERENCE_ONLY","shape_Length":7201.133646023035,"source_datadesc":"2021 February MAF/TIGER","source_datasetid":"{E0D31206-F7BC-49A5-ABD6-A45460094F50}","source_featureid":"1105321138235","source_id":"REF-WAMSUTTER-HIGHWAYS","source_originator":"U.S. Department of Commerce, U.S. Census Bureau, Geography Division","state_route":null,"state_route_a":null,"state_route_b":null,"state_route_c":null,"stco_fipscode":"56007","tnmfrc":1,"us_route":"30,287","us_route_a":"30,287","us_route_b":null,"us_route_c":null},"type":"Feature"},{"geometry":{"coordinates":[[-106.767964,41.742543],[-106.767431,41.742427],[-106.761541,41.740757],[-106.758151,41.739777],[-106.756131,41.739207],[-106.752591,41.738197],[-106.750025,41.737461],[-106.749001,41.737167],[-106.746551,41.736457],[-106.745391,41.736167],[-106.744211,41.735927],[-106.743121,41.735737],[-106.740041,41.735357],[-106.735671,41.734777],[-106.735313,41.734733],[-106.732449,41.734377],[-106.731148,41.734216],[-106.730751,41.734167],[-106.725971,41.733507],[-106.724718,41.733344],[-106.716811,41.732317],[-106.708581,41.731257],[-106.702981,41.730517],[-106.701781,41.730447],[-106.700151,41.730397],[-106.696611,41.730477],[-106.695315,41.730503],[-106.684361,41.730727],[-106.67811,41.73092],[-106.677881,41.730927],[-106.676343,41.730978],[-106.675761,41.730997],[-106.670041,41.731107],[-106.665167,41.731237]],"type":"LineString"},"id":"REF-WAMSUTTER-HIGHWAYS-169","properties":{"canon_status":"REAL_REFERENCE","county_route":null,"federal_lands_route":null,"fictionality":"REAL","globalid":"{77F82FF2-CD8E-4208-A28C-33E6A287DFC4}","interstate":"80","interstate_a":"80","interstate_b":null,"interstate_c":null,"loaddate":1749656015000,"mtfcc_code":"S1100","name":"I- 80","objectid":33042350,"permanent_identifier":"6f62dfd0-5323-4f42-b53c-1d1498f2f6b9","real_world_relation":"REFERENCE_ONLY","shape_Length":11695.825035464459,"source_datadesc":"2021 February MAF/TIGER","source_datasetid":"{E0D31206-F7BC-49A5-ABD6-A45460094F50}","source_featureid":"1104483923163","source_id":"REF-WAMSUTTER-HIGHWAYS","source_originator":"U.S. Department of Commerce, U.S. Census Bureau, Geography Division","state_route":null,"state_route_a":null,"state_route_b":null,"state_route_c":null,"stco_fipscode":"56007","tnmfrc":1,"us_route":null,"us_route_a":null,"us_route_b":null,"us_route_c":null},"type":"Feature"},{"geometry":{"coordinates":[[-106.806293,41.741662],[-106.806059,41.741671],[-106.803671,41.741757],[-106.800761,41.741857],[-106.793461,41.742117],[-106.79268,41.742147],[-106.787911,41.742327],[-106.778285,41.742655]],"type":"LineString"},"id":"REF-WAMSUTTER-HIGHWAYS-170","properties":{"canon_status":"REAL_REFERENCE","county_route":null,"federal_lands_route":null,"fictionality":"REAL","globalid":"{D8B93F11-03D1-43D4-A10D-203E08A2FD59}","interstate":"80","interstate_a":"80","interstate_b":null,"interstate_c":null,"loaddate":1749656015000,"mtfcc_code":"S1100","name":"I- 80","objectid":33042351,"permanent_identifier":"892ddebe-985e-4b5d-b986-14edfc1dcfa2","real_world_relation":"REFERENCE_ONLY","shape_Length":3121.323613422459,"source_datadesc":"2021 February MAF/TIGER","source_datasetid":"{E0D31206-F7BC-49A5-ABD6-A45460094F50}","source_featureid":"1104483923163","source_id":"REF-WAMSUTTER-HIGHWAYS","source_originator":"U.S. Department of Commerce, U.S. Census Bureau, Geography Division","state_route":null,"state_route_a":null,"state_route_b":null,"state_route_c":null,"stco_fipscode":"56007","tnmfrc":1,"us_route":null,"us_route_a":null,"us_route_b":null,"us_route_c":null},"type":"Feature"},{"geometry":{"coordinates":[[-106.778285,41.742655],[-106.777641,41.742677]],"type":"LineString"},"id":"REF-WAMSUTTER-HIGHWAYS-171","properties":{"canon_status":"REAL_REFERENCE","county_route":null,"federal_lands_route":null,"fictionality":"REAL","globalid":"{40BF989B-2860-4FBF-BAAF-8C6E5F09961E}","interstate":"80","interstate_a":"80","interstate_b":null,"interstate_c":null,"loaddate":1749656015000,"mtfcc_code":"S1100","name":"I- 80","objectid":33042353,"permanent_identifier":"58d7071d-b21c-4a80-9bf2-593f173a8159","real_world_relation":"REFERENCE_ONLY","shape_Length":71.80157389838917,"source_datadesc":"2021 February MAF/TIGER","source_datasetid":"{E0D31206-F7BC-49A5-ABD6-A45460094F50}","source_featureid":"1104483923163","source_id":"REF-WAMSUTTER-HIGHWAYS","source_originator":"U.S. Department of Commerce, U.S. Census Bureau, Geography Division","state_route":null,"state_route_a":null,"state_route_b":null,"state_route_c":null,"stco_fipscode":"56007","tnmfrc":1,"us_route":null,"us_route_a":null,"us_route_b":null,"us_route_c":null},"type":"Feature"},{"geometry":{"coordinates":[[-106.769441,41.742777],[-106.768661,41.742677],[-106.768071,41.742567],[-106.767964,41.742543]],"type":"LineString"},"id":"REF-WAMSUTTER-HIGHWAYS-172","properties":{"canon_status":"REAL_REFERENCE","county_route":null,"federal_lands_route":null,"fictionality":"REAL","globalid":"{F28920DA-07F3-4690-9159-64740D13B6DE}","interstate":"80","interstate_a":"80","interstate_b":null,"interstate_c":null,"loaddate":1749656015000,"mtfcc_code":"S1100","name":"I- 80","objectid":33042355,"permanent_identifier":"46d2e94d-ffa3-4dda-afda-8658d5b3912d","real_world_relation":"REFERENCE_ONLY","shape_Length":168.17750249008384,"source_datadesc":"2021 February MAF/TIGER","source_datasetid":"{E0D31206-F7BC-49A5-ABD6-A45460094F50}","source_featureid":"1104483923163","source_id":"REF-WAMSUTTER-HIGHWAYS","source_originator":"U.S. Department of Commerce, U.S. Census Bureau, Geography Division","state_route":null,"state_route_a":null,"state_route_b":null,"state_route_c":null,"stco_fipscode":"56007","tnmfrc":1,"us_route":null,"us_route_a":null,"us_route_b":null,"us_route_c":null},"type":"Feature"},{"geometry":{"coordinates":[[-106.777641,41.742677],[-106.773901,41.742817]],"type":"LineString"},"id":"REF-WAMSUTTER-HIGHWAYS-173","properties":{"canon_status":"REAL_REFERENCE","county_route":null,"federal_lands_route":null,"fictionality":"REAL","globalid":"{D3252398-049A-4BEA-91BB-DD469F4D106F}","interstate":"80","interstate_a":"80","interstate_b":null,"interstate_c":null,"loaddate":1749656015000,"mtfcc_code":"S1100","name":"I- 80","objectid":33042356,"permanent_identifier":"600668a4-bf3f-4428-8827-539bf51cd9b7","real_world_relation":"REFERENCE_ONLY","shape_Length":416.8586179383807,"source_datadesc":"2017 July MAFTIGER","source_datasetid":"{E0D31206-F7BC-49A5-ABD6-A45460094F50}","source_featureid":"1104483923163","source_id":"REF-WAMSUTTER-HIGHWAYS","source_originator":"U.S. Department of Commerce, U.S. Census Bureau, Geography Division","state_route":null,"state_route_a":null,"state_route_b":null,"state_route_c":null,"stco_fipscode":"56007","tnmfrc":1,"us_route":null,"us_route_a":null,"us_route_b":null,"us_route_c":null},"type":"Feature"},{"geometry":{"coordinates":[[-106.773901,41.742817],[-106.772693,41.742867],[-106.771721,41.742907],[-106.770591,41.742897],[-106.769441,41.742777]],"type":"LineString"},"id":"REF-WAMSUTTER-HIGHWAYS-174","properties":{"canon_status":"REAL_REFERENCE","county_route":null,"federal_lands_route":null,"fictionality":"REAL","globalid":"{467ED587-61A3-4EAB-8D54-4EFEF4F65505}","interstate":"80","interstate_a":"80","interstate_b":null,"interstate_c":null,"loaddate":1749656015000,"mtfcc_code":"S1100","name":"I- 80","objectid":33042358,"permanent_identifier":"ac698e00-be15-4a20-91b5-63764c7987b6","real_world_relation":"REFERENCE_ONLY","shape_Length":498.11095388882495,"source_datadesc":"2017 July MAFTIGER","source_datasetid":"{E0D31206-F7BC-49A5-ABD6-A45460094F50}","source_featureid":"1104483923163","source_id":"REF-WAMSUTTER-HIGHWAYS","source_originator":"U.S. Department of Commerce, U.S. Census Bureau, Geography Division","state_route":null,"state_route_a":null,"state_route_b":null,"state_route_c":null,"stco_fipscode":"56007","tnmfrc":1,"us_route":null,"us_route_a":null,"us_route_b":null,"us_route_c":null},"type":"Feature"},{"geometry":{"coordinates":[[-106.806826,41.742049],[-106.806767,41.742051],[-106.806591,41.742057],[-106.806533,41.74206],[-106.804881,41.742117],[-106.803656,41.742166],[-106.799151,41.742347],[-106.795027,41.742484],[-106.793471,41.742537],[-106.793331,41.742537],[-106.792151,41.742579],[-106.789232,41.742683],[-106.788001,41.742727],[-106.784461,41.742857],[-106.780478,41.743012],[-106.777561,41.743127]],"type":"LineString"},"id":"REF-WAMSUTTER-HIGHWAYS-175","properties":{"canon_status":"REAL_REFERENCE","county_route":null,"federal_lands_route":null,"fictionality":"REAL","globalid":"{14C4B058-AABA-45C9-B5E3-CDE2CB4E1A07}","interstate":"80","interstate_a":"80","interstate_b":null,"interstate_c":null,"loaddate":1749656015000,"mtfcc_code":"S1100","name":"I- 80","objectid":33042359,"permanent_identifier":"e2892146-8c8a-486a-b163-9304bd9f6a66","real_world_relation":"REFERENCE_ONLY","shape_Length":3261.771683949678,"source_datadesc":"2017 July MAFTIGER","source_datasetid":"{E0D31206-F7BC-49A5-ABD6-A45460094F50}","source_featureid":"1105321138235","source_id":"REF-WAMSUTTER-HIGHWAYS","source_originator":"U.S. Department of Commerce, U.S. Census Bureau, Geography Division","state_route":null,"state_route_a":null,"state_route_b":null,"state_route_c":null,"stco_fipscode":"56007","tnmfrc":1,"us_route":null,"us_route_a":null,"us_route_b":null,"us_route_c":null},"type":"Feature"},{"geometry":{"coordinates":[[-106.777561,41.743127],[-106.776831,41.743148],[-106.77464,41.743214],[-106.773911,41.743237]],"type":"LineString"},"id":"REF-WAMSUTTER-HIGHWAYS-176","properties":{"canon_status":"REAL_REFERENCE","county_route":null,"federal_lands_route":null,"fictionality":"REAL","globalid":"{1E14A475-5AE5-43D6-8ABB-6760C19EB090}","interstate":"80","interstate_a":"80","interstate_b":null,"interstate_c":null,"loaddate":1749656015000,"mtfcc_code":"S1100","name":"I- 80","objectid":33042360,"permanent_identifier":"9b9311c2-d81b-401a-9439-6ffcdcf4384b","real_world_relation":"REFERENCE_ONLY","shape_Length":406.6477808485226,"source_datadesc":"2017 July MAFTIGER","source_datasetid":"{E0D31206-F7BC-49A5-ABD6-A45460094F50}","source_featureid":"1105321138235","source_id":"REF-WAMSUTTER-HIGHWAYS","source_originator":"U.S. Department of Commerce, U.S. Census Bureau, Geography Division","state_route":null,"state_route_a":null,"state_route_b":null,"state_route_c":null,"stco_fipscode":"56007","tnmfrc":1,"us_route":null,"us_route_a":null,"us_route_b":null,"us_route_c":null},"type":"Feature"},{"geometry":{"coordinates":[[-106.773911,41.743237],[-106.773737,41.743242],[-106.773219,41.74326],[-106.773046,41.743266],[-106.772312,41.74329],[-106.771801,41.743307],[-106.770741,41.743297],[-106.770113,41.74326],[-106.769381,41.743217]],"type":"LineString"},"id":"REF-WAMSUTTER-HIGHWAYS-177","properties":{"canon_status":"REAL_REFERENCE","county_route":null,"federal_lands_route":null,"fictionality":"REAL","globalid":"{AD6FB084-C289-4B1F-8404-A2B3E44804E4}","interstate":"80","interstate_a":"80","interstate_b":null,"interstate_c":null,"loaddate":1749656015000,"mtfcc_code":"S1100","name":"I- 80","objectid":33042362,"permanent_identifier":"88a8d879-61ab-436b-adec-b6e522b93ffa","real_world_relation":"REFERENCE_ONLY","shape_Length":504.9891758678135,"source_datadesc":"2017 July MAFTIGER","source_datasetid":"{E0D31206-F7BC-49A5-ABD6-A45460094F50}","source_featureid":"1105321138235","source_id":"REF-WAMSUTTER-HIGHWAYS","source_originator":"U.S. Department of Commerce, U.S. Census Bureau, Geography Division","state_route":null,"state_route_a":null,"state_route_b":null,"state_route_c":null,"stco_fipscode":"56007","tnmfrc":1,"us_route":null,"us_route_a":null,"us_route_b":null,"us_route_c":null},"type":"Feature"}],"type":"FeatureCollection"}
