scenario,entity,year,month,journal_id,event_id,source_id,fact_state,record_origin,available_at,payment_id,posting_date,clearing_date,bank_reference,signed_cash_usd,cash_flow,treasury_scope,evidence_role
base,ARU_GROUP,2027,1,base-ARU_GROUP-2027-000117,EV-base-base-ARU_GROUP-2027-000117,OPEN-AR-base-ARU_GROUP-0,FORECAST,PUBLIC_SYNTHETIC_PLANNING_MODEL,2026-09-06T00:00:00-07:00,PAY-base-base-ARU_GROUP-2027-000117,2027-01-31,2027-02-02,SIMBANK-2260fe8f8d3456b732,4590000,OPERATING,ARU_GROUP,MODELED_BANK_CLEARING_OF_FORECAST_PAYMENT
base,ARU_GROUP,2027,1,base-ARU_GROUP-2027-000121,EV-base-base-ARU_GROUP-2027-000121,OPEN-IC-202612-BST,FORECAST,PUBLIC_SYNTHETIC_PLANNING_MODEL,2026-09-06T00:00:00-07:00,PAY-base-base-ARU_GROUP-2027-000121,2027-01-31,2027-02-02,SIMBANK-d589e807a153067e3f,16550,OPERATING,ARU_GROUP,MODELED_BANK_CLEARING_OF_FORECAST_PAYMENT
base,ARU_GROUP,2027,1,base-ARU_GROUP-2027-000122,EV-base-base-ARU_GROUP-2027-000122,OPEN-IC-202612-TERMINALS,FORECAST,PUBLIC_SYNTHETIC_PLANNING_MODEL,2026-09-06T00:00:00-07:00,PAY-base-base-ARU_GROUP-2027-000122,2027-01-31,2027-02-02,SIMBANK-23477650cd0d188978,10650,OPERATING,ARU_GROUP,MODELED_BANK_CLEARING_OF_FORECAST_PAYMENT
base,ARU_GROUP,2027,1,base-ARU_GROUP-2027-000123,EV-base-base-ARU_GROUP-2027-000123,OPEN-IC-202612-TRUCKING,FORECAST,PUBLIC_SYNTHETIC_PLANNING_MODEL,2026-09-06T00:00:00-07:00,PAY-base-base-ARU_GROUP-2027-000123,2027-01-31,2027-02-02,SIMBANK-1a252878e659df623c,22040,OPERATING,ARU_GROUP,MODELED_BANK_CLEARING_OF_FORECAST_PAYMENT
base,ARU_GROUP,2027,1,base-ARU_GROUP-2027-000125,EV-base-base-ARU_GROUP-2027-000125,FINAL-RETENTION-PAYMENT,FORECAST,PUBLIC_SYNTHETIC_PLANNING_MODEL,2026-09-06T00:00:00-07:00,PAY-base-base-ARU_GROUP-2027-000125,2027-01-31,2027-02-02,SIMBANK-58572d48f279be16cf,-250000,OPERATING,ARU_GROUP,MODELED_BANK_CLEARING_OF_FORECAST_PAYMENT
base,ARU_GROUP,2027,1,base-ARU_GROUP-2027-000126,EV-base-base-ARU_GROUP-2027-000126,PAYROLL-base-202701-ARU,FORECAST,PUBLIC_SYNTHETIC_PLANNING_MODEL,2026-09-06T00:00:00-07:00,PAY-base-base-ARU_GROUP-2027-000126,2027-01-31,2027-02-02,SIMBANK-0fc6b4bc166e069538,-144008,OPERATING,ARU_GROUP,MODELED_BANK_CLEARING_OF_FORECAST_PAYMENT
base,ARU_GROUP,2027,1,base-ARU_GROUP-2027-000127,EV-base-base-ARU_GROUP-2027-000127,PAYROLL-base-202701-BST,FORECAST,PUBLIC_SYNTHETIC_PLANNING_MODEL,2026-09-06T00:00:00-07:00,PAY-base-base-ARU_GROUP-2027-000127,2027-01-31,2027-02-02,SIMBANK-dd2741006c46391ea7,-516154,OPERATING,ARU_GROUP,MODELED_BANK_CLEARING_OF_FORECAST_PAYMENT
base,ARU_GROUP,2027,1,base-ARU_GROUP-2027-000128,EV-base-base-ARU_GROUP-2027-000128,PAYROLL-base-202701-TERMINALS,FORECAST,PUBLIC_SYNTHETIC_PLANNING_MODEL,2026-09-06T00:00:00-07:00,PAY-base-base-ARU_GROUP-2027-000128,2027-01-31,2027-02-02,SIMBANK-b79699d0e12476d78d,-200784,OPERATING,ARU_GROUP,MODELED_BANK_CLEARING_OF_FORECAST_PAYMENT
base,ARU_GROUP,2027,1,base-ARU_GROUP-2027-000129,EV-base-base-ARU_GROUP-2027-000129,PAYROLL-base-202701-TRUCKING,FORECAST,PUBLIC_SYNTHETIC_PLANNING_MODEL,2026-09-06T00:00:00-07:00,PAY-base-base-ARU_GROUP-2027-000129,2027-01-31,2027-02-02,SIMBANK-cd99b858b36222b28e,-194118,OPERATING,ARU_GROUP,MODELED_BANK_CLEARING_OF_FORECAST_PAYMENT
base,ARU_GROUP,2027,1,base-ARU_GROUP-2027-000130,EV-base-base-ARU_GROUP-2027-000130,PAYROLL-base-202701-WAREHOUSE,FORECAST,PUBLIC_SYNTHETIC_PLANNING_MODEL,2026-09-06T00:00:00-07:00,PAY-base-base-ARU_GROUP-2027-000130,2027-01-31,2027-02-02,SIMBANK-9866d31cd53e62200c,-92175,OPERATING,ARU_GROUP,MODELED_BANK_CLEARING_OF_FORECAST_PAYMENT
base,ARU_GROUP,2027,1,base-ARU_GROUP-2027-000131,EV-base-base-ARU_GROUP-2027-000131,INTEREST-202701,FORECAST,PUBLIC_SYNTHETIC_PLANNING_MODEL,2026-09-06T00:00:00-07:00,PAY-base-base-ARU_GROUP-2027-000131,2027-01-31,2027-02-02,SIMBANK-4e4eb86e53b6fbfb63,-132130,OPERATING,ARU_GROUP,MODELED_BANK_CLEARING_OF_FORECAST_PAYMENT
base,ARU_GROUP,2027,1,base-ARU_GROUP-2027-000132,EV-base-base-ARU_GROUP-2027-000132,LEASE-202701,FORECAST,PUBLIC_SYNTHETIC_PLANNING_MODEL,2026-09-06T00:00:00-07:00,PAY-base-base-ARU_GROUP-2027-000132,2027-01-31,2027-02-02,SIMBANK-b3e451424721f61f1a,-41667,FINANCING,ARU_GROUP,MODELED_BANK_CLEARING_OF_FORECAST_PAYMENT
base,ARU_GROUP,2027,1,base-ARU_GROUP-2027-000133,EV-base-base-ARU_GROUP-2027-000133,LEGACY-TERM-202701,FORECAST,PUBLIC_SYNTHETIC_PLANNING_MODEL,2026-09-06T00:00:00-07:00,PAY-base-base-ARU_GROUP-2027-000133,2027-01-31,2027-02-02,SIMBANK-462be60f30d5fd0f63,-375000,FINANCING,ARU_GROUP,MODELED_BANK_CLEARING_OF_FORECAST_PAYMENT
base,ARU_GROUP,2027,1,base-ARU_GROUP-2027-000134,EV-base-base-ARU_GROUP-2027-000134,IC-base-202701-acid-BST-COST,FORECAST,PUBLIC_SYNTHETIC_PLANNING_MODEL,2026-09-06T00:00:00-07:00,PAY-base-base-ARU_GROUP-2027-000134,2027-01-31,2027-02-02,SIMBANK-871296c75b7a0969f7,-1689,OPERATING,ARU_GROUP,MODELED_BANK_CLEARING_OF_FORECAST_PAYMENT
base,ARU_GROUP,2027,1,base-ARU_GROUP-2027-000135,EV-base-base-ARU_GROUP-2027-000135,IC-base-202701-acid-TERMINALS-COST,FORECAST,PUBLIC_SYNTHETIC_PLANNING_MODEL,2026-09-06T00:00:00-07:00,PAY-base-base-ARU_GROUP-2027-000135,2027-01-31,2027-02-02,SIMBANK-a8c1a868cadb52e24b,-1607,OPERATING,ARU_GROUP,MODELED_BANK_CLEARING_OF_FORECAST_PAYMENT
base,ARU_GROUP,2027,1,base-ARU_GROUP-2027-000136,EV-base-base-ARU_GROUP-2027-000136,IC-base-202701-acid-TRUCKING-COST,FORECAST,PUBLIC_SYNTHETIC_PLANNING_MODEL,2026-09-06T00:00:00-07:00,PAY-base-base-ARU_GROUP-2027-000136,2027-01-31,2027-02-02,SIMBANK-e516b67068471bf604,-3790,OPERATING,ARU_GROUP,MODELED_BANK_CLEARING_OF_FORECAST_PAYMENT
base,ARU_GROUP,2027,1,base-ARU_GROUP-2027-000137,EV-base-base-ARU_GROUP-2027-000137,IC-base-202701-binder-BST-COST,FORECAST,PUBLIC_SYNTHETIC_PLANNING_MODEL,2026-09-06T00:00:00-07:00,PAY-base-base-ARU_GROUP-2027-000137,2027-01-31,2027-02-02,SIMBANK-adc0edcdf3fa4e2ace,-1854,OPERATING,ARU_GROUP,MODELED_BANK_CLEARING_OF_FORECAST_PAYMENT
base,ARU_GROUP,2027,1,base-ARU_GROUP-2027-000138,EV-base-base-ARU_GROUP-2027-000138,IC-base-202701-binder-TERMINALS-COST,FORECAST,PUBLIC_SYNTHETIC_PLANNING_MODEL,2026-09-06T00:00:00-07:00,PAY-base-base-ARU_GROUP-2027-000138,2027-01-31,2027-02-02,SIMBANK-4b0435367020cb9eb8,-1185,OPERATING,ARU_GROUP,MODELED_BANK_CLEARING_OF_FORECAST_PAYMENT
base,ARU_GROUP,2027,1,base-ARU_GROUP-2027-000139,EV-base-base-ARU_GROUP-2027-000139,IC-base-202701-binder-TRUCKING-COST,FORECAST,PUBLIC_SYNTHETIC_PLANNING_MODEL,2026-09-06T00:00:00-07:00,PAY-base-base-ARU_GROUP-2027-000139,2027-01-31,2027-02-02,SIMBANK-03100dd08de2a4e586,-3914,OPERATING,ARU_GROUP,MODELED_BANK_CLEARING_OF_FORECAST_PAYMENT
base,ARU_GROUP,2027,1,base-ARU_GROUP-2027-000140,EV-base-base-ARU_GROUP-2027-000140,IC-base-202701-lime-BST-COST,FORECAST,PUBLIC_SYNTHETIC_PLANNING_MODEL,2026-09-06T00:00:00-07:00,PAY-base-base-ARU_GROUP-2027-000140,2027-01-31,2027-02-02,SIMBANK-519be4ed1e3baf89ae,-371,OPERATING,ARU_GROUP,MODELED_BANK_CLEARING_OF_FORECAST_PAYMENT
base,ARU_GROUP,2027,1,base-ARU_GROUP-2027-000141,EV-base-base-ARU_GROUP-2027-000141,IC-base-202701-lime-TERMINALS-COST,FORECAST,PUBLIC_SYNTHETIC_PLANNING_MODEL,2026-09-06T00:00:00-07:00,PAY-base-base-ARU_GROUP-2027-000141,2027-01-31,2027-02-02,SIMBANK-5ffe3ec547e3b0005c,-258,OPERATING,ARU_GROUP,MODELED_BANK_CLEARING_OF_FORECAST_PAYMENT
base,ARU_GROUP,2027,1,base-ARU_GROUP-2027-000142,EV-base-base-ARU_GROUP-2027-000142,IC-base-202701-lime-TRUCKING-COST,FORECAST,PUBLIC_SYNTHETIC_PLANNING_MODEL,2026-09-06T00:00:00-07:00,PAY-base-base-ARU_GROUP-2027-000142,2027-01-31,2027-02-02,SIMBANK-49e33c79973fc7668b,-824,OPERATING,ARU_GROUP,MODELED_BANK_CLEARING_OF_FORECAST_PAYMENT
base,ARU_GROUP,2027,1,base-ARU_GROUP-2027-000143,EV-base-base-ARU_GROUP-2027-000143,IC-base-202701-mro-BST-COST,FORECAST,PUBLIC_SYNTHETIC_PLANNING_MODEL,2026-09-06T00:00:00-07:00,PAY-base-base-ARU_GROUP-2027-000143,2027-01-31,2027-02-02,SIMBANK-c3555e5bc629e020ee,-309,OPERATING,ARU_GROUP,MODELED_BANK_CLEARING_OF_FORECAST_PAYMENT
base,ARU_GROUP,2027,1,base-ARU_GROUP-2027-000144,EV-base-base-ARU_GROUP-2027-000144,IC-base-202701-mro-TERMINALS-COST,FORECAST,PUBLIC_SYNTHETIC_PLANNING_MODEL,2026-09-06T00:00:00-07:00,PAY-base-base-ARU_GROUP-2027-000144,2027-01-31,2027-02-02,SIMBANK-da970845783efaecba,-299,OPERATING,ARU_GROUP,MODELED_BANK_CLEARING_OF_FORECAST_PAYMENT
base,ARU_GROUP,2027,1,base-ARU_GROUP-2027-000145,EV-base-base-ARU_GROUP-2027-000145,IC-base-202701-mro-TRUCKING-COST,FORECAST,PUBLIC_SYNTHETIC_PLANNING_MODEL,2026-09-06T00:00:00-07:00,PAY-base-base-ARU_GROUP-2027-000145,2027-01-31,2027-02-02,SIMBANK-02504de2265e2d91cd,-453,OPERATING,ARU_GROUP,MODELED_BANK_CLEARING_OF_FORECAST_PAYMENT
base,ARU_GROUP,2027,1,base-ARU_GROUP-2027-000146,EV-base-base-ARU_GROUP-2027-000146,IC-base-202701-steel-BST-COST,FORECAST,PUBLIC_SYNTHETIC_PLANNING_MODEL,2026-09-06T00:00:00-07:00,PAY-base-base-ARU_GROUP-2027-000146,2027-01-31,2027-02-02,SIMBANK-3cdbed3ea7d2db4462,-886,OPERATING,ARU_GROUP,MODELED_BANK_CLEARING_OF_FORECAST_PAYMENT
base,ARU_GROUP,2027,1,base-ARU_GROUP-2027-000147,EV-base-base-ARU_GROUP-2027-000147,IC-base-202701-steel-TERMINALS-COST,FORECAST,PUBLIC_SYNTHETIC_PLANNING_MODEL,2026-09-06T00:00:00-07:00,PAY-base-base-ARU_GROUP-2027-000147,2027-01-31,2027-02-02,SIMBANK-77da50db8ec45d4cb3,-762,OPERATING,ARU_GROUP,MODELED_BANK_CLEARING_OF_FORECAST_PAYMENT
base,ARU_GROUP,2027,1,base-ARU_GROUP-2027-000148,EV-base-base-ARU_GROUP-2027-000148,IC-base-202701-steel-TRUCKING-COST,FORECAST,PUBLIC_SYNTHETIC_PLANNING_MODEL,2026-09-06T00:00:00-07:00,PAY-base-base-ARU_GROUP-2027-000148,2027-01-31,2027-02-02,SIMBANK-a95c136b98b0cba0ac,-1545,OPERATING,ARU_GROUP,MODELED_BANK_CLEARING_OF_FORECAST_PAYMENT
base,ARU_GROUP,2027,1,base-ARU_GROUP-2027-000149,EV-base-base-ARU_GROUP-2027-000149,IF-FIXED-base-202701-BST,FORECAST,PUBLIC_SYNTHETIC_PLANNING_MODEL,2026-09-06T00:00:00-07:00,PAY-base-base-ARU_GROUP-2027-000149,2027-01-31,2027-02-02,SIMBANK-5d7f086ab0acee9e5b,-1030,OPERATING,ARU_GROUP,MODELED_BANK_CLEARING_OF_FORECAST_PAYMENT
base,ARU_GROUP,2027,1,base-ARU_GROUP-2027-000150,EV-base-base-ARU_GROUP-2027-000150,IF-FIXED-base-202701-TERMINALS,FORECAST,PUBLIC_SYNTHETIC_PLANNING_MODEL,2026-09-06T00:00:00-07:00,PAY-base-base-ARU_GROUP-2027-000150,2027-01-31,2027-02-02,SIMBANK-be296f7df48dc2a305,-2060,OPERATING,ARU_GROUP,MODELED_BANK_CLEARING_OF_FORECAST_PAYMENT
base,ARU_GROUP,2027,1,base-ARU_GROUP-2027-000151,EV-base-base-ARU_GROUP-2027-000151,IF-FIXED-base-202701-TRUCKING,FORECAST,PUBLIC_SYNTHETIC_PLANNING_MODEL,2026-09-06T00:00:00-07:00,PAY-base-base-ARU_GROUP-2027-000151,2027-01-31,2027-02-02,SIMBANK-1e7f1ca0367f7c0d35,-1030,OPERATING,ARU_GROUP,MODELED_BANK_CLEARING_OF_FORECAST_PAYMENT
base,ARU_GROUP,2027,1,base-ARU_GROUP-2027-000152,EV-base-base-ARU_GROUP-2027-000152,OPEN-AP,FORECAST,PUBLIC_SYNTHETIC_PLANNING_MODEL,2026-09-06T00:00:00-07:00,PAY-base-base-ARU_GROUP-2027-000152,2027-01-31,2027-02-02,SIMBANK-3302aa482da679260f,-3090000,OPERATING,ARU_GROUP,MODELED_BANK_CLEARING_OF_FORECAST_PAYMENT
base,ARU_GROUP,2027,1,base-ARU_GROUP-2027-000153,EV-base-base-ARU_GROUP-2027-000153,CAPEX-base-ARU_GROUP-202701-replacement,FORECAST,PUBLIC_SYNTHETIC_PLANNING_MODEL,2026-09-06T00:00:00-07:00,PAY-base-base-ARU_GROUP-2027-000153,2027-01-31,2027-02-02,SIMBANK-903dfd3772018222a3,-283250,INVESTING,ARU_GROUP,MODELED_BANK_CLEARING_OF_FORECAST_PAYMENT
base,ARU_GROUP,2027,2,base-ARU_GROUP-2027-000268,EV-base-base-ARU_GROUP-2027-000268,OPEN-AR-base-ARU_GROUP-1,FORECAST,PUBLIC_SYNTHETIC_PLANNING_MODEL,2026-09-06T00:00:00-07:00,PAY-base-base-ARU_GROUP-2027-000268,2027-02-28,2027-03-02,SIMBANK-cb557dce925e4ea57b,1530000,OPERATING,ARU_GROUP,MODELED_BANK_CLEARING_OF_FORECAST_PAYMENT
base,ARU_GROUP,2027,2,base-ARU_GROUP-2027-000269,EV-base-base-ARU_GROUP-2027-000269,SALE-base-202701-BST-2025-001,FORECAST,PUBLIC_SYNTHETIC_PLANNING_MODEL,2026-09-06T00:00:00-07:00,PAY-base-base-ARU_GROUP-2027-000269,2027-02-28,2027-03-02,SIMBANK-1cfee35c7999047ed2,123487,OPERATING,ARU_GROUP,MODELED_BANK_CLEARING_OF_FORECAST_PAYMENT
base,ARU_GROUP,2027,2,base-ARU_GROUP-2027-000270,EV-base-base-ARU_GROUP-2027-000270,SALE-base-202701-BST-2025-006,FORECAST,PUBLIC_SYNTHETIC_PLANNING_MODEL,2026-09-06T00:00:00-07:00,PAY-base-base-ARU_GROUP-2027-000270,2027-02-28,2027-03-02,SIMBANK-aefd455d792a06bfc3,53337,OPERATING,ARU_GROUP,MODELED_BANK_CLEARING_OF_FORECAST_PAYMENT
base,ARU_GROUP,2027,2,base-ARU_GROUP-2027-000271,EV-base-base-ARU_GROUP-2027-000271,SALE-base-202701-BST-2025-002,FORECAST,PUBLIC_SYNTHETIC_PLANNING_MODEL,2026-09-06T00:00:00-07:00,PAY-base-base-ARU_GROUP-2027-000271,2027-02-28,2027-03-02,SIMBANK-ed193d9ac2ab69f4b0,92710,OPERATING,ARU_GROUP,MODELED_BANK_CLEARING_OF_FORECAST_PAYMENT
base,ARU_GROUP,2027,2,base-ARU_GROUP-2027-000272,EV-base-base-ARU_GROUP-2027-000272,SALE-base-202701-BST-2025-007,FORECAST,PUBLIC_SYNTHETIC_PLANNING_MODEL,2026-09-06T00:00:00-07:00,PAY-base-base-ARU_GROUP-2027-000272,2027-02-28,2027-03-02,SIMBANK-f7a343e1fe33428784,41767,OPERATING,ARU_GROUP,MODELED_BANK_CLEARING_OF_FORECAST_PAYMENT
base,ARU_GROUP,2027,2,base-ARU_GROUP-2027-000273,EV-base-base-ARU_GROUP-2027-000273,SALE-base-202701-BST-2025-004,FORECAST,PUBLIC_SYNTHETIC_PLANNING_MODEL,2026-09-06T00:00:00-07:00,PAY-base-base-ARU_GROUP-2027-000273,2027-02-28,2027-03-02,SIMBANK-f2931e88ea133e8e12,48006,OPERATING,ARU_GROUP,MODELED_BANK_CLEARING_OF_FORECAST_PAYMENT
base,ARU_GROUP,2027,2,base-ARU_GROUP-2027-000274,EV-base-base-ARU_GROUP-2027-000274,SALE-base-202701-BST-2025-008,FORECAST,PUBLIC_SYNTHETIC_PLANNING_MODEL,2026-09-06T00:00:00-07:00,PAY-base-base-ARU_GROUP-2027-000274,2027-02-28,2027-03-02,SIMBANK-4aa31909ee572f2d6e,24556,OPERATING,ARU_GROUP,MODELED_BANK_CLEARING_OF_FORECAST_PAYMENT
base,ARU_GROUP,2027,2,base-ARU_GROUP-2027-000275,EV-base-base-ARU_GROUP-2027-000275,SALE-base-202701-BST-2025-003,FORECAST,PUBLIC_SYNTHETIC_PLANNING_MODEL,2026-09-06T00:00:00-07:00,PAY-base-base-ARU_GROUP-2027-000275,2027-02-28,2027-03-02,SIMBANK-b59a28266ee3ae2cc3,56717,OPERATING,ARU_GROUP,MODELED_BANK_CLEARING_OF_FORECAST_PAYMENT
base,ARU_GROUP,2027,2,base-ARU_GROUP-2027-000276,EV-base-base-ARU_GROUP-2027-000276,SALE-base-202701-BST-2025-009,FORECAST,PUBLIC_SYNTHETIC_PLANNING_MODEL,2026-09-06T00:00:00-07:00,PAY-base-base-ARU_GROUP-2027-000276,2027-02-28,2027-03-02,SIMBANK-b9096c402c93e3db97,30419,OPERATING,ARU_GROUP,MODELED_BANK_CLEARING_OF_FORECAST_PAYMENT
base,ARU_GROUP,2027,2,base-ARU_GROUP-2027-000277,EV-base-base-ARU_GROUP-2027-000277,SALE-base-202701-BST-2025-010,FORECAST,PUBLIC_SYNTHETIC_PLANNING_MODEL,2026-09-06T00:00:00-07:00,PAY-base-base-ARU_GROUP-2027-000277,2027-02-28,2027-03-02,SIMBANK-298e166fff10b485df,27698,OPERATING,ARU_GROUP,MODELED_BANK_CLEARING_OF_FORECAST_PAYMENT
base,ARU_GROUP,2027,2,base-ARU_GROUP-2027-000278,EV-base-base-ARU_GROUP-2027-000278,SALE-base-202701-BST-2025-011,FORECAST,PUBLIC_SYNTHETIC_PLANNING_MODEL,2026-09-06T00:00:00-07:00,PAY-base-base-ARU_GROUP-2027-000278,2027-02-28,2027-03-02,SIMBANK-caacf7f9fe78307ba0,15522,OPERATING,ARU_GROUP,MODELED_BANK_CLEARING_OF_FORECAST_PAYMENT
base,ARU_GROUP,2027,2,base-ARU_GROUP-2027-000279,EV-base-base-ARU_GROUP-2027-000279,SALE-base-202701-BST-2025-012,FORECAST,PUBLIC_SYNTHETIC_PLANNING_MODEL,2026-09-06T00:00:00-07:00,PAY-base-base-ARU_GROUP-2027-000279,2027-02-28,2027-03-02,SIMBANK-fd0800ab963d4644af,46126,OPERATING,ARU_GROUP,MODELED_BANK_CLEARING_OF_FORECAST_PAYMENT
base,ARU_GROUP,2027,2,base-ARU_GROUP-2027-000280,EV-base-base-ARU_GROUP-2027-000280,SALE-base-202701-BST-2025-013,FORECAST,PUBLIC_SYNTHETIC_PLANNING_MODEL,2026-09-06T00:00:00-07:00,PAY-base-base-ARU_GROUP-2027-000280,2027-02-28,2027-03-02,SIMBANK-6703df6866d86b3a2f,29207,OPERATING,ARU_GROUP,MODELED_BANK_CLEARING_OF_FORECAST_PAYMENT
base,ARU_GROUP,2027,2,base-ARU_GROUP-2027-000281,EV-base-base-ARU_GROUP-2027-000281,SALE-base-202701-TRM-2025-001,FORECAST,PUBLIC_SYNTHETIC_PLANNING_MODEL,2026-09-06T00:00:00-07:00,PAY-base-base-ARU_GROUP-2027-000281,2027-02-28,2027-03-02,SIMBANK-67ddc26497ca642c5d,49710,OPERATING,ARU_GROUP,MODELED_BANK_CLEARING_OF_FORECAST_PAYMENT
base,ARU_GROUP,2027,2,base-ARU_GROUP-2027-000282,EV-base-base-ARU_GROUP-2027-000282,SALE-base-202701-TRM-2025-002,FORECAST,PUBLIC_SYNTHETIC_PLANNING_MODEL,2026-09-06T00:00:00-07:00,PAY-base-base-ARU_GROUP-2027-000282,2027-02-28,2027-03-02,SIMBANK-5d9a099b0458098d64,48337,OPERATING,ARU_GROUP,MODELED_BANK_CLEARING_OF_FORECAST_PAYMENT
base,ARU_GROUP,2027,2,base-ARU_GROUP-2027-000283,EV-base-base-ARU_GROUP-2027-000283,SALE-base-202701-TRM-2025-003,FORECAST,PUBLIC_SYNTHETIC_PLANNING_MODEL,2026-09-06T00:00:00-07:00,PAY-base-base-ARU_GROUP-2027-000283,2027-02-28,2027-03-02,SIMBANK-5eb38c1027ef52c1d4,66632,OPERATING,ARU_GROUP,MODELED_BANK_CLEARING_OF_FORECAST_PAYMENT
base,ARU_GROUP,2027,2,base-ARU_GROUP-2027-000284,EV-base-base-ARU_GROUP-2027-000284,SALE-base-202701-TRM-2025-014,FORECAST,PUBLIC_SYNTHETIC_PLANNING_MODEL,2026-09-06T00:00:00-07:00,PAY-base-base-ARU_GROUP-2027-000284,2027-02-28,2027-03-02,SIMBANK-348ef4f4cfffa6163b,66526,OPERATING,ARU_GROUP,MODELED_BANK_CLEARING_OF_FORECAST_PAYMENT
base,ARU_GROUP,2027,2,base-ARU_GROUP-2027-000285,EV-base-base-ARU_GROUP-2027-000285,SALE-base-202701-TRM-2025-015,FORECAST,PUBLIC_SYNTHETIC_PLANNING_MODEL,2026-09-06T00:00:00-07:00,PAY-base-base-ARU_GROUP-2027-000285,2027-02-28,2027-03-02,SIMBANK-d282669a9c0d4c1669,65602,OPERATING,ARU_GROUP,MODELED_BANK_CLEARING_OF_FORECAST_PAYMENT
base,ARU_GROUP,2027,2,base-ARU_GROUP-2027-000286,EV-base-base-ARU_GROUP-2027-000286,SALE-base-202701-TRM-2025-016,FORECAST,PUBLIC_SYNTHETIC_PLANNING_MODEL,2026-09-06T00:00:00-07:00,PAY-base-base-ARU_GROUP-2027-000286,2027-02-28,2027-03-02,SIMBANK-f478387bf55a5e49c1,63569,OPERATING,ARU_GROUP,MODELED_BANK_CLEARING_OF_FORECAST_PAYMENT
base,ARU_GROUP,2027,2,base-ARU_GROUP-2027-000287,EV-base-base-ARU_GROUP-2027-000287,SALE-base-202701-TRM-2025-017,FORECAST,PUBLIC_SYNTHETIC_PLANNING_MODEL,2026-09-06T00:00:00-07:00,PAY-base-base-ARU_GROUP-2027-000287,2027-02-28,2027-03-02,SIMBANK-e1942039ba3abee4e9,60982,OPERATING,ARU_GROUP,MODELED_BANK_CLEARING_OF_FORECAST_PAYMENT
base,ARU_GROUP,2027,2,base-ARU_GROUP-2027-000288,EV-base-base-ARU_GROUP-2027-000288,SALE-base-202701-TRM-2025-018,FORECAST,PUBLIC_SYNTHETIC_PLANNING_MODEL,2026-09-06T00:00:00-07:00,PAY-base-base-ARU_GROUP-2027-000288,2027-02-28,2027-03-02,SIMBANK-768d21008ed9f4bf3f,59134,OPERATING,ARU_GROUP,MODELED_BANK_CLEARING_OF_FORECAST_PAYMENT
base,ARU_GROUP,2027,2,base-ARU_GROUP-2027-000289,EV-base-base-ARU_GROUP-2027-000289,SALE-base-202701-TRK-2025-004,FORECAST,PUBLIC_SYNTHETIC_PLANNING_MODEL,2026-09-06T00:00:00-07:00,PAY-base-base-ARU_GROUP-2027-000289,2027-02-28,2027-03-02,SIMBANK-6619fc71277c66e494,53077,OPERATING,ARU_GROUP,MODELED_BANK_CLEARING_OF_FORECAST_PAYMENT
base,ARU_GROUP,2027,2,base-ARU_GROUP-2027-000290,EV-base-base-ARU_GROUP-2027-000290,SALE-base-202701-TRK-2025-019,FORECAST,PUBLIC_SYNTHETIC_PLANNING_MODEL,2026-09-06T00:00:00-07:00,PAY-base-base-ARU_GROUP-2027-000290,2027-02-28,2027-03-02,SIMBANK-6a8a0ecb0fa50c5f0c,60207,OPERATING,ARU_GROUP,MODELED_BANK_CLEARING_OF_FORECAST_PAYMENT
base,ARU_GROUP,2027,2,base-ARU_GROUP-2027-000291,EV-base-base-ARU_GROUP-2027-000291,SALE-base-202701-TRK-2025-020,FORECAST,PUBLIC_SYNTHETIC_PLANNING_MODEL,2026-09-06T00:00:00-07:00,PAY-base-base-ARU_GROUP-2027-000291,2027-02-28,2027-03-02,SIMBANK-9c6de762a876c10375,57566,OPERATING,ARU_GROUP,MODELED_BANK_CLEARING_OF_FORECAST_PAYMENT
base,ARU_GROUP,2027,2,base-ARU_GROUP-2027-000292,EV-base-base-ARU_GROUP-2027-000292,SALE-base-202701-TRK-2025-021,FORECAST,PUBLIC_SYNTHETIC_PLANNING_MODEL,2026-09-06T00:00:00-07:00,PAY-base-base-ARU_GROUP-2027-000292,2027-02-28,2027-03-02,SIMBANK-5afe4b787b5242d519,54661,OPERATING,ARU_GROUP,MODELED_BANK_CLEARING_OF_FORECAST_PAYMENT
base,ARU_GROUP,2027,2,base-ARU_GROUP-2027-000293,EV-base-base-ARU_GROUP-2027-000293,SALE-base-202701-TRK-2025-022,FORECAST,PUBLIC_SYNTHETIC_PLANNING_MODEL,2026-09-06T00:00:00-07:00,PAY-base-base-ARU_GROUP-2027-000293,2027-02-28,2027-03-02,SIMBANK-a71f13f9c97957f825,51757,OPERATING,ARU_GROUP,MODELED_BANK_CLEARING_OF_FORECAST_PAYMENT
base,ARU_GROUP,2027,2,base-ARU_GROUP-2027-000294,EV-base-base-ARU_GROUP-2027-000294,SALE-base-202701-WHS-2025-005,FORECAST,PUBLIC_SYNTHETIC_PLANNING_MODEL,2026-09-06T00:00:00-07:00,PAY-base-base-ARU_GROUP-2027-000294,2027-02-28,2027-03-02,SIMBANK-22bb6ab0b1be7ad1e4,89813,OPERATING,ARU_GROUP,MODELED_BANK_CLEARING_OF_FORECAST_PAYMENT
base,ARU_GROUP,2027,2,base-ARU_GROUP-2027-000295,EV-base-base-ARU_GROUP-2027-000295,SALE-base-202701-WHS-2025-023,FORECAST,PUBLIC_SYNTHETIC_PLANNING_MODEL,2026-09-06T00:00:00-07:00,PAY-base-base-ARU_GROUP-2027-000295,2027-02-28,2027-03-02,SIMBANK-0e6ddbcf4c358edf37,47679,OPERATING,ARU_GROUP,MODELED_BANK_CLEARING_OF_FORECAST_PAYMENT
base,ARU_GROUP,2027,2,base-ARU_GROUP-2027-000296,EV-base-base-ARU_GROUP-2027-000296,SALE-base-202701-WHS-2025-024,FORECAST,PUBLIC_SYNTHETIC_PLANNING_MODEL,2026-09-06T00:00:00-07:00,PAY-base-base-ARU_GROUP-2027-000296,2027-02-28,2027-03-02,SIMBANK-330ec68ba9142615fc,44352,OPERATING,ARU_GROUP,MODELED_BANK_CLEARING_OF_FORECAST_PAYMENT
base,ARU_GROUP,2027,2,base-ARU_GROUP-2027-000297,EV-base-base-ARU_GROUP-2027-000297,SALE-base-202701-WHS-2025-025,FORECAST,PUBLIC_SYNTHETIC_PLANNING_MODEL,2026-09-06T00:00:00-07:00,PAY-base-base-ARU_GROUP-2027-000297,2027-02-28,2027-03-02,SIMBANK-d1f8d6a5b5ca7caae3,39917,OPERATING,ARU_GROUP,MODELED_BANK_CLEARING_OF_FORECAST_PAYMENT
base,ARU_GROUP,2027,2,base-ARU_GROUP-2027-000301,EV-base-base-ARU_GROUP-2027-000301,IC-base-202701-acid-BST,FORECAST,PUBLIC_SYNTHETIC_PLANNING_MODEL,2026-09-06T00:00:00-07:00,PAY-base-base-ARU_GROUP-2027-000301,2027-02-28,2027-03-02,SIMBANK-65ae8fb0c2695b9e95,3876,OPERATING,ARU_GROUP,MODELED_BANK_CLEARING_OF_FORECAST_PAYMENT
base,ARU_GROUP,2027,2,base-ARU_GROUP-2027-000302,EV-base-base-ARU_GROUP-2027-000302,IC-base-202701-acid-TERMINALS,FORECAST,PUBLIC_SYNTHETIC_PLANNING_MODEL,2026-09-06T00:00:00-07:00,PAY-base-base-ARU_GROUP-2027-000302,2027-02-28,2027-03-02,SIMBANK-4811ed97ccd2f908c0,2856,OPERATING,ARU_GROUP,MODELED_BANK_CLEARING_OF_FORECAST_PAYMENT
base,ARU_GROUP,2027,2,base-ARU_GROUP-2027-000303,EV-base-base-ARU_GROUP-2027-000303,IC-base-202701-acid-TRUCKING,FORECAST,PUBLIC_SYNTHETIC_PLANNING_MODEL,2026-09-06T00:00:00-07:00,PAY-base-base-ARU_GROUP-2027-000303,2027-02-28,2027-03-02,SIMBANK-7f11e3d10024a053fd,5549,OPERATING,ARU_GROUP,MODELED_BANK_CLEARING_OF_FORECAST_PAYMENT
base,ARU_GROUP,2027,2,base-ARU_GROUP-2027-000304,EV-base-base-ARU_GROUP-2027-000304,IC-base-202701-binder-BST,FORECAST,PUBLIC_SYNTHETIC_PLANNING_MODEL,2026-09-06T00:00:00-07:00,PAY-base-base-ARU_GROUP-2027-000304,2027-02-28,2027-03-02,SIMBANK-6072b125ef88d852e4,4335,OPERATING,ARU_GROUP,MODELED_BANK_CLEARING_OF_FORECAST_PAYMENT
base,ARU_GROUP,2027,2,base-ARU_GROUP-2027-000305,EV-base-base-ARU_GROUP-2027-000305,IC-base-202701-binder-TERMINALS,FORECAST,PUBLIC_SYNTHETIC_PLANNING_MODEL,2026-09-06T00:00:00-07:00,PAY-base-base-ARU_GROUP-2027-000305,2027-02-28,2027-03-02,SIMBANK-255d1bd629e9fa743d,2040,OPERATING,ARU_GROUP,MODELED_BANK_CLEARING_OF_FORECAST_PAYMENT
base,ARU_GROUP,2027,2,base-ARU_GROUP-2027-000306,EV-base-base-ARU_GROUP-2027-000306,IC-base-202701-binder-TRUCKING,FORECAST,PUBLIC_SYNTHETIC_PLANNING_MODEL,2026-09-06T00:00:00-07:00,PAY-base-base-ARU_GROUP-2027-000306,2027-02-28,2027-03-02,SIMBANK-1766430abc8803912f,5814,OPERATING,ARU_GROUP,MODELED_BANK_CLEARING_OF_FORECAST_PAYMENT
base,ARU_GROUP,2027,2,base-ARU_GROUP-2027-000307,EV-base-base-ARU_GROUP-2027-000307,IC-base-202701-lime-BST,FORECAST,PUBLIC_SYNTHETIC_PLANNING_MODEL,2026-09-06T00:00:00-07:00,PAY-base-base-ARU_GROUP-2027-000307,2027-02-28,2027-03-02,SIMBANK-a846b9421161d0b542,867,OPERATING,ARU_GROUP,MODELED_BANK_CLEARING_OF_FORECAST_PAYMENT
base,ARU_GROUP,2027,2,base-ARU_GROUP-2027-000308,EV-base-base-ARU_GROUP-2027-000308,IC-base-202701-lime-TERMINALS,FORECAST,PUBLIC_SYNTHETIC_PLANNING_MODEL,2026-09-06T00:00:00-07:00,PAY-base-base-ARU_GROUP-2027-000308,2027-02-28,2027-03-02,SIMBANK-49d2316a0994e865e4,459,OPERATING,ARU_GROUP,MODELED_BANK_CLEARING_OF_FORECAST_PAYMENT
base,ARU_GROUP,2027,2,base-ARU_GROUP-2027-000309,EV-base-base-ARU_GROUP-2027-000309,IC-base-202701-lime-TRUCKING,FORECAST,PUBLIC_SYNTHETIC_PLANNING_MODEL,2026-09-06T00:00:00-07:00,PAY-base-base-ARU_GROUP-2027-000309,2027-02-28,2027-03-02,SIMBANK-07eedd258ef75df455,1224,OPERATING,ARU_GROUP,MODELED_BANK_CLEARING_OF_FORECAST_PAYMENT
base,ARU_GROUP,2027,2,base-ARU_GROUP-2027-000310,EV-base-base-ARU_GROUP-2027-000310,IC-base-202701-mro-BST,FORECAST,PUBLIC_SYNTHETIC_PLANNING_MODEL,2026-09-06T00:00:00-07:00,PAY-base-base-ARU_GROUP-2027-000310,2027-02-28,2027-03-02,SIMBANK-9bab80fdcc48cdfafe,765,OPERATING,ARU_GROUP,MODELED_BANK_CLEARING_OF_FORECAST_PAYMENT
base,ARU_GROUP,2027,2,base-ARU_GROUP-2027-000311,EV-base-base-ARU_GROUP-2027-000311,IC-base-202701-mro-TERMINALS,FORECAST,PUBLIC_SYNTHETIC_PLANNING_MODEL,2026-09-06T00:00:00-07:00,PAY-base-base-ARU_GROUP-2027-000311,2027-02-28,2027-03-02,SIMBANK-d7305e41188e40ee77,510,OPERATING,ARU_GROUP,MODELED_BANK_CLEARING_OF_FORECAST_PAYMENT
base,ARU_GROUP,2027,2,base-ARU_GROUP-2027-000312,EV-base-base-ARU_GROUP-2027-000312,IC-base-202701-mro-TRUCKING,FORECAST,PUBLIC_SYNTHETIC_PLANNING_MODEL,2026-09-06T00:00:00-07:00,PAY-base-base-ARU_GROUP-2027-000312,2027-02-28,2027-03-02,SIMBANK-5f1f1b8a02d93300da,663,OPERATING,ARU_GROUP,MODELED_BANK_CLEARING_OF_FORECAST_PAYMENT
base,ARU_GROUP,2027,2,base-ARU_GROUP-2027-000313,EV-base-base-ARU_GROUP-2027-000313,IC-base-202701-steel-BST,FORECAST,PUBLIC_SYNTHETIC_PLANNING_MODEL,2026-09-06T00:00:00-07:00,PAY-base-base-ARU_GROUP-2027-000313,2027-02-28,2027-03-02,SIMBANK-24f8ecb754e4bb741e,1938,OPERATING,ARU_GROUP,MODELED_BANK_CLEARING_OF_FORECAST_PAYMENT
base,ARU_GROUP,2027,2,base-ARU_GROUP-2027-000314,EV-base-base-ARU_GROUP-2027-000314,IC-base-202701-steel-TERMINALS,FORECAST,PUBLIC_SYNTHETIC_PLANNING_MODEL,2026-09-06T00:00:00-07:00,PAY-base-base-ARU_GROUP-2027-000314,2027-02-28,2027-03-02,SIMBANK-22ffa9c1c6da7a1dea,1326,OPERATING,ARU_GROUP,MODELED_BANK_CLEARING_OF_FORECAST_PAYMENT
base,ARU_GROUP,2027,2,base-ARU_GROUP-2027-000315,EV-base-base-ARU_GROUP-2027-000315,IC-base-202701-steel-TRUCKING,FORECAST,PUBLIC_SYNTHETIC_PLANNING_MODEL,2026-09-06T00:00:00-07:00,PAY-base-base-ARU_GROUP-2027-000315,2027-02-28,2027-03-02,SIMBANK-9e63f3f537c77c8ac8,2295,OPERATING,ARU_GROUP,MODELED_BANK_CLEARING_OF_FORECAST_PAYMENT
base,ARU_GROUP,2027,2,base-ARU_GROUP-2027-000317,EV-base-base-ARU_GROUP-2027-000317,PAYROLL-base-202702-ARU,FORECAST,PUBLIC_SYNTHETIC_PLANNING_MODEL,2026-09-06T00:00:00-07:00,PAY-base-base-ARU_GROUP-2027-000317,2027-02-28,2027-03-02,SIMBANK-800557f3729dd749e7,-144008,OPERATING,ARU_GROUP,MODELED_BANK_CLEARING_OF_FORECAST_PAYMENT
base,ARU_GROUP,2027,2,base-ARU_GROUP-2027-000318,EV-base-base-ARU_GROUP-2027-000318,PAYROLL-base-202702-BST,FORECAST,PUBLIC_SYNTHETIC_PLANNING_MODEL,2026-09-06T00:00:00-07:00,PAY-base-base-ARU_GROUP-2027-000318,2027-02-28,2027-03-02,SIMBANK-957d85e3fb8972c639,-516154,OPERATING,ARU_GROUP,MODELED_BANK_CLEARING_OF_FORECAST_PAYMENT
base,ARU_GROUP,2027,2,base-ARU_GROUP-2027-000319,EV-base-base-ARU_GROUP-2027-000319,PAYROLL-base-202702-TERMINALS,FORECAST,PUBLIC_SYNTHETIC_PLANNING_MODEL,2026-09-06T00:00:00-07:00,PAY-base-base-ARU_GROUP-2027-000319,2027-02-28,2027-03-02,SIMBANK-8c9b4450d9deab800c,-200784,OPERATING,ARU_GROUP,MODELED_BANK_CLEARING_OF_FORECAST_PAYMENT
base,ARU_GROUP,2027,2,base-ARU_GROUP-2027-000320,EV-base-base-ARU_GROUP-2027-000320,PAYROLL-base-202702-TRUCKING,FORECAST,PUBLIC_SYNTHETIC_PLANNING_MODEL,2026-09-06T00:00:00-07:00,PAY-base-base-ARU_GROUP-2027-000320,2027-02-28,2027-03-02,SIMBANK-5ae3ad1674d15f1a71,-194118,OPERATING,ARU_GROUP,MODELED_BANK_CLEARING_OF_FORECAST_PAYMENT
base,ARU_GROUP,2027,2,base-ARU_GROUP-2027-000321,EV-base-base-ARU_GROUP-2027-000321,PAYROLL-base-202702-WAREHOUSE,FORECAST,PUBLIC_SYNTHETIC_PLANNING_MODEL,2026-09-06T00:00:00-07:00,PAY-base-base-ARU_GROUP-2027-000321,2027-02-28,2027-03-02,SIMBANK-0cf6628e132df11ae3,-92175,OPERATING,ARU_GROUP,MODELED_BANK_CLEARING_OF_FORECAST_PAYMENT
base,ARU_GROUP,2027,2,base-ARU_GROUP-2027-000322,EV-base-base-ARU_GROUP-2027-000322,INTEREST-202702,FORECAST,PUBLIC_SYNTHETIC_PLANNING_MODEL,2026-09-06T00:00:00-07:00,PAY-base-base-ARU_GROUP-2027-000322,2027-02-28,2027-03-02,SIMBANK-8d0bf7ff41e26d6fc1,-117242,OPERATING,ARU_GROUP,MODELED_BANK_CLEARING_OF_FORECAST_PAYMENT
base,ARU_GROUP,2027,2,base-ARU_GROUP-2027-000323,EV-base-base-ARU_GROUP-2027-000323,LEASE-202702,FORECAST,PUBLIC_SYNTHETIC_PLANNING_MODEL,2026-09-06T00:00:00-07:00,PAY-base-base-ARU_GROUP-2027-000323,2027-02-28,2027-03-02,SIMBANK-42e58b279fe199f3a0,-41667,FINANCING,ARU_GROUP,MODELED_BANK_CLEARING_OF_FORECAST_PAYMENT
base,ARU_GROUP,2027,2,base-ARU_GROUP-2027-000324,EV-base-base-ARU_GROUP-2027-000324,OPEN-ACCRUAL,FORECAST,PUBLIC_SYNTHETIC_PLANNING_MODEL,2026-09-06T00:00:00-07:00,PAY-base-base-ARU_GROUP-2027-000324,2027-02-28,2027-03-02,SIMBANK-3d629c985483963ed8,-1030000,OPERATING,ARU_GROUP,MODELED_BANK_CLEARING_OF_FORECAST_PAYMENT
base,ARU_GROUP,2027,2,base-ARU_GROUP-2027-000325,EV-base-base-ARU_GROUP-2027-000325,IC-base-202702-acid-BST-COST,FORECAST,PUBLIC_SYNTHETIC_PLANNING_MODEL,2026-09-06T00:00:00-07:00,PAY-base-base-ARU_GROUP-2027-000325,2027-02-28,2027-03-02,SIMBANK-4c87cf9f24fbe0e7f8,-1689,OPERATING,ARU_GROUP,MODELED_BANK_CLEARING_OF_FORECAST_PAYMENT
base,ARU_GROUP,2027,2,base-ARU_GROUP-2027-000326,EV-base-base-ARU_GROUP-2027-000326,IC-base-202702-acid-TERMINALS-COST,FORECAST,PUBLIC_SYNTHETIC_PLANNING_MODEL,2026-09-06T00:00:00-07:00,PAY-base-base-ARU_GROUP-2027-000326,2027-02-28,2027-03-02,SIMBANK-d32eb0396914dcc927,-1607,OPERATING,ARU_GROUP,MODELED_BANK_CLEARING_OF_FORECAST_PAYMENT
base,ARU_GROUP,2027,2,base-ARU_GROUP-2027-000327,EV-base-base-ARU_GROUP-2027-000327,IC-base-202702-acid-TRUCKING-COST,FORECAST,PUBLIC_SYNTHETIC_PLANNING_MODEL,2026-09-06T00:00:00-07:00,PAY-base-base-ARU_GROUP-2027-000327,2027-02-28,2027-03-02,SIMBANK-f2c9a66e237c68ad5e,-3790,OPERATING,ARU_GROUP,MODELED_BANK_CLEARING_OF_FORECAST_PAYMENT
base,ARU_GROUP,2027,2,base-ARU_GROUP-2027-000328,EV-base-base-ARU_GROUP-2027-000328,IC-base-202702-binder-BST-COST,FORECAST,PUBLIC_SYNTHETIC_PLANNING_MODEL,2026-09-06T00:00:00-07:00,PAY-base-base-ARU_GROUP-2027-000328,2027-02-28,2027-03-02,SIMBANK-eb343c12b3e47dcf44,-1854,OPERATING,ARU_GROUP,MODELED_BANK_CLEARING_OF_FORECAST_PAYMENT
base,ARU_GROUP,2027,2,base-ARU_GROUP-2027-000329,EV-base-base-ARU_GROUP-2027-000329,IC-base-202702-binder-TERMINALS-COST,FORECAST,PUBLIC_SYNTHETIC_PLANNING_MODEL,2026-09-06T00:00:00-07:00,PAY-base-base-ARU_GROUP-2027-000329,2027-02-28,2027-03-02,SIMBANK-a812f039a33d280b7e,-1185,OPERATING,ARU_GROUP,MODELED_BANK_CLEARING_OF_FORECAST_PAYMENT
base,ARU_GROUP,2027,2,base-ARU_GROUP-2027-000330,EV-base-base-ARU_GROUP-2027-000330,IC-base-202702-binder-TRUCKING-COST,FORECAST,PUBLIC_SYNTHETIC_PLANNING_MODEL,2026-09-06T00:00:00-07:00,PAY-base-base-ARU_GROUP-2027-000330,2027-02-28,2027-03-02,SIMBANK-6a62f99012015d0996,-3914,OPERATING,ARU_GROUP,MODELED_BANK_CLEARING_OF_FORECAST_PAYMENT
base,ARU_GROUP,2027,2,base-ARU_GROUP-2027-000331,EV-base-base-ARU_GROUP-2027-000331,IC-base-202702-lime-BST-COST,FORECAST,PUBLIC_SYNTHETIC_PLANNING_MODEL,2026-09-06T00:00:00-07:00,PAY-base-base-ARU_GROUP-2027-000331,2027-02-28,2027-03-02,SIMBANK-863f9f7b72c38b0733,-371,OPERATING,ARU_GROUP,MODELED_BANK_CLEARING_OF_FORECAST_PAYMENT
base,ARU_GROUP,2027,2,base-ARU_GROUP-2027-000332,EV-base-base-ARU_GROUP-2027-000332,IC-base-202702-lime-TERMINALS-COST,FORECAST,PUBLIC_SYNTHETIC_PLANNING_MODEL,2026-09-06T00:00:00-07:00,PAY-base-base-ARU_GROUP-2027-000332,2027-02-28,2027-03-02,SIMBANK-7682b52dead9307afb,-258,OPERATING,ARU_GROUP,MODELED_BANK_CLEARING_OF_FORECAST_PAYMENT
base,ARU_GROUP,2027,2,base-ARU_GROUP-2027-000333,EV-base-base-ARU_GROUP-2027-000333,IC-base-202702-lime-TRUCKING-COST,FORECAST,PUBLIC_SYNTHETIC_PLANNING_MODEL,2026-09-06T00:00:00-07:00,PAY-base-base-ARU_GROUP-2027-000333,2027-02-28,2027-03-02,SIMBANK-a582bddc8bee3bfaf9,-824,OPERATING,ARU_GROUP,MODELED_BANK_CLEARING_OF_FORECAST_PAYMENT
base,ARU_GROUP,2027,2,base-ARU_GROUP-2027-000334,EV-base-base-ARU_GROUP-2027-000334,IC-base-202702-mro-BST-COST,FORECAST,PUBLIC_SYNTHETIC_PLANNING_MODEL,2026-09-06T00:00:00-07:00,PAY-base-base-ARU_GROUP-2027-000334,2027-02-28,2027-03-02,SIMBANK-93929401233dd422bc,-309,OPERATING,ARU_GROUP,MODELED_BANK_CLEARING_OF_FORECAST_PAYMENT
base,ARU_GROUP,2027,2,base-ARU_GROUP-2027-000335,EV-base-base-ARU_GROUP-2027-000335,IC-base-202702-mro-TERMINALS-COST,FORECAST,PUBLIC_SYNTHETIC_PLANNING_MODEL,2026-09-06T00:00:00-07:00,PAY-base-base-ARU_GROUP-2027-000335,2027-02-28,2027-03-02,SIMBANK-2426f3881c5db8c02d,-299,OPERATING,ARU_GROUP,MODELED_BANK_CLEARING_OF_FORECAST_PAYMENT
base,ARU_GROUP,2027,2,base-ARU_GROUP-2027-000336,EV-base-base-ARU_GROUP-2027-000336,IC-base-202702-mro-TRUCKING-COST,FORECAST,PUBLIC_SYNTHETIC_PLANNING_MODEL,2026-09-06T00:00:00-07:00,PAY-base-base-ARU_GROUP-2027-000336,2027-02-28,2027-03-02,SIMBANK-bfc61f42ab7e03cdff,-453,OPERATING,ARU_GROUP,MODELED_BANK_CLEARING_OF_FORECAST_PAYMENT
base,ARU_GROUP,2027,2,base-ARU_GROUP-2027-000337,EV-base-base-ARU_GROUP-2027-000337,IC-base-202702-project-BST-COST,FORECAST,PUBLIC_SYNTHETIC_PLANNING_MODEL,2026-09-06T00:00:00-07:00,PAY-base-base-ARU_GROUP-2027-000337,2027-02-28,2027-03-02,SIMBANK-560ea2d68881d35e3d,-670,OPERATING,ARU_GROUP,MODELED_BANK_CLEARING_OF_FORECAST_PAYMENT
base,ARU_GROUP,2027,2,base-ARU_GROUP-2027-000338,EV-base-base-ARU_GROUP-2027-000338,IC-base-202702-project-TERMINALS-COST,FORECAST,PUBLIC_SYNTHETIC_PLANNING_MODEL,2026-09-06T00:00:00-07:00,PAY-base-base-ARU_GROUP-2027-000338,2027-02-28,2027-03-02,SIMBANK-234b9f414a0ec68445,-824,OPERATING,ARU_GROUP,MODELED_BANK_CLEARING_OF_FORECAST_PAYMENT
base,ARU_GROUP,2027,2,base-ARU_GROUP-2027-000339,EV-base-base-ARU_GROUP-2027-000339,IC-base-202702-project-TRUCKING-COST,FORECAST,PUBLIC_SYNTHETIC_PLANNING_MODEL,2026-09-06T00:00:00-07:00,PAY-base-base-ARU_GROUP-2027-000339,2027-02-28,2027-03-02,SIMBANK-25fbb67fbcb0fb90f2,-1339,OPERATING,ARU_GROUP,MODELED_BANK_CLEARING_OF_FORECAST_PAYMENT
base,ARU_GROUP,2027,2,base-ARU_GROUP-2027-000340,EV-base-base-ARU_GROUP-2027-000340,IC-base-202702-steel-BST-COST,FORECAST,PUBLIC_SYNTHETIC_PLANNING_MODEL,2026-09-06T00:00:00-07:00,PAY-base-base-ARU_GROUP-2027-000340,2027-02-28,2027-03-02,SIMBANK-1acec24a5832669678,-886,OPERATING,ARU_GROUP,MODELED_BANK_CLEARING_OF_FORECAST_PAYMENT
base,ARU_GROUP,2027,2,base-ARU_GROUP-2027-000341,EV-base-base-ARU_GROUP-2027-000341,IC-base-202702-steel-TERMINALS-COST,FORECAST,PUBLIC_SYNTHETIC_PLANNING_MODEL,2026-09-06T00:00:00-07:00,PAY-base-base-ARU_GROUP-2027-000341,2027-02-28,2027-03-02,SIMBANK-ee6b319745791d834e,-762,OPERATING,ARU_GROUP,MODELED_BANK_CLEARING_OF_FORECAST_PAYMENT
base,ARU_GROUP,2027,2,base-ARU_GROUP-2027-000342,EV-base-base-ARU_GROUP-2027-000342,IC-base-202702-steel-TRUCKING-COST,FORECAST,PUBLIC_SYNTHETIC_PLANNING_MODEL,2026-09-06T00:00:00-07:00,PAY-base-base-ARU_GROUP-2027-000342,2027-02-28,2027-03-02,SIMBANK-568b37831ed5133e18,-1545,OPERATING,ARU_GROUP,MODELED_BANK_CLEARING_OF_FORECAST_PAYMENT
base,ARU_GROUP,2027,2,base-ARU_GROUP-2027-000343,EV-base-base-ARU_GROUP-2027-000343,IF-FIXED-base-202702-BST,FORECAST,PUBLIC_SYNTHETIC_PLANNING_MODEL,2026-09-06T00:00:00-07:00,PAY-base-base-ARU_GROUP-2027-000343,2027-02-28,2027-03-02,SIMBANK-e2ced76d2eae6abf49,-1030,OPERATING,ARU_GROUP,MODELED_BANK_CLEARING_OF_FORECAST_PAYMENT
base,ARU_GROUP,2027,2,base-ARU_GROUP-2027-000344,EV-base-base-ARU_GROUP-2027-000344,IF-FIXED-base-202702-TERMINALS,FORECAST,PUBLIC_SYNTHETIC_PLANNING_MODEL,2026-09-06T00:00:00-07:00,PAY-base-base-ARU_GROUP-2027-000344,2027-02-28,2027-03-02,SIMBANK-3ef9cf69e045735cf2,-2060,OPERATING,ARU_GROUP,MODELED_BANK_CLEARING_OF_FORECAST_PAYMENT
base,ARU_GROUP,2027,2,base-ARU_GROUP-2027-000345,EV-base-base-ARU_GROUP-2027-000345,IF-FIXED-base-202702-TRUCKING,FORECAST,PUBLIC_SYNTHETIC_PLANNING_MODEL,2026-09-06T00:00:00-07:00,PAY-base-base-ARU_GROUP-2027-000345,2027-02-28,2027-03-02,SIMBANK-245bbca01455a0b23f,-1030,OPERATING,ARU_GROUP,MODELED_BANK_CLEARING_OF_FORECAST_PAYMENT
base,ARU_GROUP,2027,2,base-ARU_GROUP-2027-000346,EV-base-base-ARU_GROUP-2027-000346,PROC-base-202701-ARU-INS,FORECAST,PUBLIC_SYNTHETIC_PLANNING_MODEL,2026-09-06T00:00:00-07:00,PAY-base-base-ARU_GROUP-2027-000346,2027-02-28,2027-03-02,SIMBANK-f85351ea9f941d4c4c,-9745,OPERATING,ARU_GROUP,MODELED_BANK_CLEARING_OF_FORECAST_PAYMENT
base,ARU_GROUP,2027,2,base-ARU_GROUP-2027-000347,EV-base-base-ARU_GROUP-2027-000347,PROC-base-202701-ARU-MAINT,FORECAST,PUBLIC_SYNTHETIC_PLANNING_MODEL,2026-09-06T00:00:00-07:00,PAY-base-base-ARU_GROUP-2027-000347,2027-02-28,2027-03-02,SIMBANK-ec9506b6013914dba8,-12181,OPERATING,ARU_GROUP,MODELED_BANK_CLEARING_OF_FORECAST_PAYMENT
base,ARU_GROUP,2027,2,base-ARU_GROUP-2027-000348,EV-base-base-ARU_GROUP-2027-000348,PROC-base-202701-ARU-MAT,FORECAST,PUBLIC_SYNTHETIC_PLANNING_MODEL,2026-09-06T00:00:00-07:00,PAY-base-base-ARU_GROUP-2027-000348,2027-02-28,2027-03-02,SIMBANK-84d0ccc759b55183f3,-12181,OPERATING,ARU_GROUP,MODELED_BANK_CLEARING_OF_FORECAST_PAYMENT
base,ARU_GROUP,2027,2,base-ARU_GROUP-2027-000349,EV-base-base-ARU_GROUP-2027-000349,PROC-base-202701-ARU-OCC,FORECAST,PUBLIC_SYNTHETIC_PLANNING_MODEL,2026-09-06T00:00:00-07:00,PAY-base-base-ARU_GROUP-2027-000349,2027-02-28,2027-03-02,SIMBANK-c43648f2ba27ef1f30,-9745,OPERATING,ARU_GROUP,MODELED_BANK_CLEARING_OF_FORECAST_PAYMENT
base,ARU_GROUP,2027,2,base-ARU_GROUP-2027-000350,EV-base-base-ARU_GROUP-2027-000350,PROC-base-202701-ARU-SERV,FORECAST,PUBLIC_SYNTHETIC_PLANNING_MODEL,2026-09-06T00:00:00-07:00,PAY-base-base-ARU_GROUP-2027-000350,2027-02-28,2027-03-02,SIMBANK-6a529d7883edb12c2b,-4872,OPERATING,ARU_GROUP,MODELED_BANK_CLEARING_OF_FORECAST_PAYMENT
base,ARU_GROUP,2027,2,base-ARU_GROUP-2027-000351,EV-base-base-ARU_GROUP-2027-000351,PROC-base-202701-BST-INS,FORECAST,PUBLIC_SYNTHETIC_PLANNING_MODEL,2026-09-06T00:00:00-07:00,PAY-base-base-ARU_GROUP-2027-000351,2027-02-28,2027-03-02,SIMBANK-5eaca830b14cba8f97,-110192,OPERATING,ARU_GROUP,MODELED_BANK_CLEARING_OF_FORECAST_PAYMENT
base,ARU_GROUP,2027,2,base-ARU_GROUP-2027-000352,EV-base-base-ARU_GROUP-2027-000352,PROC-base-202701-BST-MAINT,FORECAST,PUBLIC_SYNTHETIC_PLANNING_MODEL,2026-09-06T00:00:00-07:00,PAY-base-base-ARU_GROUP-2027-000352,2027-02-28,2027-03-02,SIMBANK-75108a38e56f8ed906,-150487,OPERATING,ARU_GROUP,MODELED_BANK_CLEARING_OF_FORECAST_PAYMENT
base,ARU_GROUP,2027,2,base-ARU_GROUP-2027-000353,EV-base-base-ARU_GROUP-2027-000353,PROC-base-202701-BST-MAT,FORECAST,PUBLIC_SYNTHETIC_PLANNING_MODEL,2026-09-06T00:00:00-07:00,PAY-base-base-ARU_GROUP-2027-000353,2027-02-28,2027-03-02,SIMBANK-44f9dc28ecb84df439,-112992,OPERATING,ARU_GROUP,MODELED_BANK_CLEARING_OF_FORECAST_PAYMENT
base,ARU_GROUP,2027,2,base-ARU_GROUP-2027-000354,EV-base-base-ARU_GROUP-2027-000354,PROC-base-202701-BST-OCC,FORECAST,PUBLIC_SYNTHETIC_PLANNING_MODEL,2026-09-06T00:00:00-07:00,PAY-base-base-ARU_GROUP-2027-000354,2027-02-28,2027-03-02,SIMBANK-324a028c3b1ac6f5c9,-114177,OPERATING,ARU_GROUP,MODELED_BANK_CLEARING_OF_FORECAST_PAYMENT
base,ARU_GROUP,2027,2,base-ARU_GROUP-2027-000355,EV-base-base-ARU_GROUP-2027-000355,PROC-base-202701-BST-SERV,FORECAST,PUBLIC_SYNTHETIC_PLANNING_MODEL,2026-09-06T00:00:00-07:00,PAY-base-base-ARU_GROUP-2027-000355,2027-02-28,2027-03-02,SIMBANK-8cd9dc73db3202899f,-123164,OPERATING,ARU_GROUP,MODELED_BANK_CLEARING_OF_FORECAST_PAYMENT
base,ARU_GROUP,2027,2,base-ARU_GROUP-2027-000356,EV-base-base-ARU_GROUP-2027-000356,PROC-base-202701-TERMINALS-INS,FORECAST,PUBLIC_SYNTHETIC_PLANNING_MODEL,2026-09-06T00:00:00-07:00,PAY-base-base-ARU_GROUP-2027-000356,2027-02-28,2027-03-02,SIMBANK-37572459c27dc94647,-77962,OPERATING,ARU_GROUP,MODELED_BANK_CLEARING_OF_FORECAST_PAYMENT
base,ARU_GROUP,2027,2,base-ARU_GROUP-2027-000357,EV-base-base-ARU_GROUP-2027-000357,PROC-base-202701-TERMINALS-MAINT,FORECAST,PUBLIC_SYNTHETIC_PLANNING_MODEL,2026-09-06T00:00:00-07:00,PAY-base-base-ARU_GROUP-2027-000357,2027-02-28,2027-03-02,SIMBANK-c90612b9a5ae7a068a,-120358,OPERATING,ARU_GROUP,MODELED_BANK_CLEARING_OF_FORECAST_PAYMENT
base,ARU_GROUP,2027,2,base-ARU_GROUP-2027-000358,EV-base-base-ARU_GROUP-2027-000358,PROC-base-202701-TERMINALS-MAT,FORECAST,PUBLIC_SYNTHETIC_PLANNING_MODEL,2026-09-06T00:00:00-07:00,PAY-base-base-ARU_GROUP-2027-000358,2027-02-28,2027-03-02,SIMBANK-db5716181e07fcbdec,-112695,OPERATING,ARU_GROUP,MODELED_BANK_CLEARING_OF_FORECAST_PAYMENT
base,ARU_GROUP,2027,2,base-ARU_GROUP-2027-000359,EV-base-base-ARU_GROUP-2027-000359,PROC-base-202701-TERMINALS-OCC,FORECAST,PUBLIC_SYNTHETIC_PLANNING_MODEL,2026-09-06T00:00:00-07:00,PAY-base-base-ARU_GROUP-2027-000359,2027-02-28,2027-03-02,SIMBANK-0926741927948ae609,-101650,OPERATING,ARU_GROUP,MODELED_BANK_CLEARING_OF_FORECAST_PAYMENT
base,ARU_GROUP,2027,2,base-ARU_GROUP-2027-000360,EV-base-base-ARU_GROUP-2027-000360,PROC-base-202701-TERMINALS-SERV,FORECAST,PUBLIC_SYNTHETIC_PLANNING_MODEL,2026-09-06T00:00:00-07:00,PAY-base-base-ARU_GROUP-2027-000360,2027-02-28,2027-03-02,SIMBANK-f3d510b154427b52fb,-73939,OPERATING,ARU_GROUP,MODELED_BANK_CLEARING_OF_FORECAST_PAYMENT
base,ARU_GROUP,2027,2,base-ARU_GROUP-2027-000361,EV-base-base-ARU_GROUP-2027-000361,PROC-base-202701-TRUCKING-INS,FORECAST,PUBLIC_SYNTHETIC_PLANNING_MODEL,2026-09-06T00:00:00-07:00,PAY-base-base-ARU_GROUP-2027-000361,2027-02-28,2027-03-02,SIMBANK-2e60c14055c4f37f59,-30805,OPERATING,ARU_GROUP,MODELED_BANK_CLEARING_OF_FORECAST_PAYMENT
base,ARU_GROUP,2027,2,base-ARU_GROUP-2027-000362,EV-base-base-ARU_GROUP-2027-000362,PROC-base-202701-TRUCKING-MAINT,FORECAST,PUBLIC_SYNTHETIC_PLANNING_MODEL,2026-09-06T00:00:00-07:00,PAY-base-base-ARU_GROUP-2027-000362,2027-02-28,2027-03-02,SIMBANK-4a167a74f36ece2209,-71343,OPERATING,ARU_GROUP,MODELED_BANK_CLEARING_OF_FORECAST_PAYMENT
base,ARU_GROUP,2027,2,base-ARU_GROUP-2027-000363,EV-base-base-ARU_GROUP-2027-000363,PROC-base-202701-TRUCKING-MAT,FORECAST,PUBLIC_SYNTHETIC_PLANNING_MODEL,2026-09-06T00:00:00-07:00,PAY-base-base-ARU_GROUP-2027-000363,2027-02-28,2027-03-02,SIMBANK-b04ec94abb3fe29e6a,-93532,OPERATING,ARU_GROUP,MODELED_BANK_CLEARING_OF_FORECAST_PAYMENT
base,ARU_GROUP,2027,2,base-ARU_GROUP-2027-000364,EV-base-base-ARU_GROUP-2027-000364,PROC-base-202701-TRUCKING-OCC,FORECAST,PUBLIC_SYNTHETIC_PLANNING_MODEL,2026-09-06T00:00:00-07:00,PAY-base-base-ARU_GROUP-2027-000364,2027-02-28,2027-03-02,SIMBANK-5f54c0f9aa3bdbbc48,-60248,OPERATING,ARU_GROUP,MODELED_BANK_CLEARING_OF_FORECAST_PAYMENT
base,ARU_GROUP,2027,2,base-ARU_GROUP-2027-000365,EV-base-base-ARU_GROUP-2027-000365,PROC-base-202701-TRUCKING-SERV,FORECAST,PUBLIC_SYNTHETIC_PLANNING_MODEL,2026-09-06T00:00:00-07:00,PAY-base-base-ARU_GROUP-2027-000365,2027-02-28,2027-03-02,SIMBANK-32fb06780398c8a374,-29217,OPERATING,ARU_GROUP,MODELED_BANK_CLEARING_OF_FORECAST_PAYMENT
base,ARU_GROUP,2027,2,base-ARU_GROUP-2027-000366,EV-base-base-ARU_GROUP-2027-000366,PROC-base-202701-WAREHOUSE-INS,FORECAST,PUBLIC_SYNTHETIC_PLANNING_MODEL,2026-09-06T00:00:00-07:00,PAY-base-base-ARU_GROUP-2027-000366,2027-02-28,2027-03-02,SIMBANK-cbd336fe1482fc0676,-26223,OPERATING,ARU_GROUP,MODELED_BANK_CLEARING_OF_FORECAST_PAYMENT
base,ARU_GROUP,2027,2,base-ARU_GROUP-2027-000367,EV-base-base-ARU_GROUP-2027-000367,PROC-base-202701-WAREHOUSE-MAINT,FORECAST,PUBLIC_SYNTHETIC_PLANNING_MODEL,2026-09-06T00:00:00-07:00,PAY-base-base-ARU_GROUP-2027-000367,2027-02-28,2027-03-02,SIMBANK-58bdf55846d763d8c9,-32387,OPERATING,ARU_GROUP,MODELED_BANK_CLEARING_OF_FORECAST_PAYMENT
base,ARU_GROUP,2027,2,base-ARU_GROUP-2027-000368,EV-base-base-ARU_GROUP-2027-000368,PROC-base-202701-WAREHOUSE-MAT,FORECAST,PUBLIC_SYNTHETIC_PLANNING_MODEL,2026-09-06T00:00:00-07:00,PAY-base-base-ARU_GROUP-2027-000368,2027-02-28,2027-03-02,SIMBANK-4bffee419d9a8eb497,-53070,OPERATING,ARU_GROUP,MODELED_BANK_CLEARING_OF_FORECAST_PAYMENT
base,ARU_GROUP,2027,2,base-ARU_GROUP-2027-000369,EV-base-base-ARU_GROUP-2027-000369,PROC-base-202701-WAREHOUSE-OCC,FORECAST,PUBLIC_SYNTHETIC_PLANNING_MODEL,2026-09-06T00:00:00-07:00,PAY-base-base-ARU_GROUP-2027-000369,2027-02-28,2027-03-02,SIMBANK-57b0a943b4b0ef8b11,-25644,OPERATING,ARU_GROUP,MODELED_BANK_CLEARING_OF_FORECAST_PAYMENT
base,ARU_GROUP,2027,2,base-ARU_GROUP-2027-000370,EV-base-base-ARU_GROUP-2027-000370,PROC-base-202701-WAREHOUSE-SERV,FORECAST,PUBLIC_SYNTHETIC_PLANNING_MODEL,2026-09-06T00:00:00-07:00,PAY-base-base-ARU_GROUP-2027-000370,2027-02-28,2027-03-02,SIMBANK-78174c286346f95e5f,-24870,OPERATING,ARU_GROUP,MODELED_BANK_CLEARING_OF_FORECAST_PAYMENT
base,ARU_GROUP,2027,2,base-ARU_GROUP-2027-000371,EV-base-base-ARU_GROUP-2027-000371,SPARES-base-202701,FORECAST,PUBLIC_SYNTHETIC_PLANNING_MODEL,2026-09-06T00:00:00-07:00,PAY-base-base-ARU_GROUP-2027-000371,2027-02-28,2027-03-02,SIMBANK-c89eaa70812b6a6291,-13905,OPERATING,ARU_GROUP,MODELED_BANK_CLEARING_OF_FORECAST_PAYMENT
base,ARU_GROUP,2027,2,base-ARU_GROUP-2027-000372,EV-base-base-ARU_GROUP-2027-000372,CAPEX-base-ARU_GROUP-202702-replacement,FORECAST,PUBLIC_SYNTHETIC_PLANNING_MODEL,2026-09-06T00:00:00-07:00,PAY-base-base-ARU_GROUP-2027-000372,2027-02-28,2027-03-02,SIMBANK-95ac6c2e794add15b3,-283250,INVESTING,ARU_GROUP,MODELED_BANK_CLEARING_OF_FORECAST_PAYMENT
base,ARU_GROUP,2027,3,base-ARU_GROUP-2027-000488,EV-base-base-ARU_GROUP-2027-000488,SALE-base-202701-BST-2025-001,FORECAST,PUBLIC_SYNTHETIC_PLANNING_MODEL,2026-09-06T00:00:00-07:00,PAY-base-base-ARU_GROUP-2027-000488,2027-03-31,2027-04-02,SIMBANK-800e5da80113c80428,123487,OPERATING,ARU_GROUP,MODELED_BANK_CLEARING_OF_FORECAST_PAYMENT
base,ARU_GROUP,2027,3,base-ARU_GROUP-2027-000489,EV-base-base-ARU_GROUP-2027-000489,SALE-base-202701-BST-2025-006,FORECAST,PUBLIC_SYNTHETIC_PLANNING_MODEL,2026-09-06T00:00:00-07:00,PAY-base-base-ARU_GROUP-2027-000489,2027-03-31,2027-04-02,SIMBANK-9b04071d98590ea53b,53337,OPERATING,ARU_GROUP,MODELED_BANK_CLEARING_OF_FORECAST_PAYMENT
base,ARU_GROUP,2027,3,base-ARU_GROUP-2027-000490,EV-base-base-ARU_GROUP-2027-000490,SALE-base-202701-BST-2025-002,FORECAST,PUBLIC_SYNTHETIC_PLANNING_MODEL,2026-09-06T00:00:00-07:00,PAY-base-base-ARU_GROUP-2027-000490,2027-03-31,2027-04-02,SIMBANK-9b3479db959e7f00fc,92710,OPERATING,ARU_GROUP,MODELED_BANK_CLEARING_OF_FORECAST_PAYMENT
base,ARU_GROUP,2027,3,base-ARU_GROUP-2027-000491,EV-base-base-ARU_GROUP-2027-000491,SALE-base-202701-BST-2025-007,FORECAST,PUBLIC_SYNTHETIC_PLANNING_MODEL,2026-09-06T00:00:00-07:00,PAY-base-base-ARU_GROUP-2027-000491,2027-03-31,2027-04-02,SIMBANK-4fe3cb2d52e0246d7e,41767,OPERATING,ARU_GROUP,MODELED_BANK_CLEARING_OF_FORECAST_PAYMENT
base,ARU_GROUP,2027,3,base-ARU_GROUP-2027-000492,EV-base-base-ARU_GROUP-2027-000492,SALE-base-202701-BST-2025-004,FORECAST,PUBLIC_SYNTHETIC_PLANNING_MODEL,2026-09-06T00:00:00-07:00,PAY-base-base-ARU_GROUP-2027-000492,2027-03-31,2027-04-02,SIMBANK-dc556fa33c3a881a49,48005,OPERATING,ARU_GROUP,MODELED_BANK_CLEARING_OF_FORECAST_PAYMENT
base,ARU_GROUP,2027,3,base-ARU_GROUP-2027-000493,EV-base-base-ARU_GROUP-2027-000493,SALE-base-202701-BST-2025-008,FORECAST,PUBLIC_SYNTHETIC_PLANNING_MODEL,2026-09-06T00:00:00-07:00,PAY-base-base-ARU_GROUP-2027-000493,2027-03-31,2027-04-02,SIMBANK-30def26060ce465590,24555,OPERATING,ARU_GROUP,MODELED_BANK_CLEARING_OF_FORECAST_PAYMENT
base,ARU_GROUP,2027,3,base-ARU_GROUP-2027-000494,EV-base-base-ARU_GROUP-2027-000494,SALE-base-202701-BST-2025-003,FORECAST,PUBLIC_SYNTHETIC_PLANNING_MODEL,2026-09-06T00:00:00-07:00,PAY-base-base-ARU_GROUP-2027-000494,2027-03-31,2027-04-02,SIMBANK-82a173e9b807e09d50,56717,OPERATING,ARU_GROUP,MODELED_BANK_CLEARING_OF_FORECAST_PAYMENT
base,ARU_GROUP,2027,3,base-ARU_GROUP-2027-000495,EV-base-base-ARU_GROUP-2027-000495,SALE-base-202701-BST-2025-009,FORECAST,PUBLIC_SYNTHETIC_PLANNING_MODEL,2026-09-06T00:00:00-07:00,PAY-base-base-ARU_GROUP-2027-000495,2027-03-31,2027-04-02,SIMBANK-bf56870a61c93d7b65,30418,OPERATING,ARU_GROUP,MODELED_BANK_CLEARING_OF_FORECAST_PAYMENT
base,ARU_GROUP,2027,3,base-ARU_GROUP-2027-000496,EV-base-base-ARU_GROUP-2027-000496,SALE-base-202701-BST-2025-010,FORECAST,PUBLIC_SYNTHETIC_PLANNING_MODEL,2026-09-06T00:00:00-07:00,PAY-base-base-ARU_GROUP-2027-000496,2027-03-31,2027-04-02,SIMBANK-f2f0b9b5bcaf81872c,27697,OPERATING,ARU_GROUP,MODELED_BANK_CLEARING_OF_FORECAST_PAYMENT
base,ARU_GROUP,2027,3,base-ARU_GROUP-2027-000497,EV-base-base-ARU_GROUP-2027-000497,SALE-base-202701-BST-2025-011,FORECAST,PUBLIC_SYNTHETIC_PLANNING_MODEL,2026-09-06T00:00:00-07:00,PAY-base-base-ARU_GROUP-2027-000497,2027-03-31,2027-04-02,SIMBANK-e8c597fc15d65bdf1f,15521,OPERATING,ARU_GROUP,MODELED_BANK_CLEARING_OF_FORECAST_PAYMENT
base,ARU_GROUP,2027,3,base-ARU_GROUP-2027-000498,EV-base-base-ARU_GROUP-2027-000498,SALE-base-202701-BST-2025-012,FORECAST,PUBLIC_SYNTHETIC_PLANNING_MODEL,2026-09-06T00:00:00-07:00,PAY-base-base-ARU_GROUP-2027-000498,2027-03-31,2027-04-02,SIMBANK-e7cc1f1bf167803f7e,46126,OPERATING,ARU_GROUP,MODELED_BANK_CLEARING_OF_FORECAST_PAYMENT
base,ARU_GROUP,2027,3,base-ARU_GROUP-2027-000499,EV-base-base-ARU_GROUP-2027-000499,SALE-base-202701-BST-2025-013,FORECAST,PUBLIC_SYNTHETIC_PLANNING_MODEL,2026-09-06T00:00:00-07:00,PAY-base-base-ARU_GROUP-2027-000499,2027-03-31,2027-04-02,SIMBANK-ca658a4250857d2ef2,29206,OPERATING,ARU_GROUP,MODELED_BANK_CLEARING_OF_FORECAST_PAYMENT
base,ARU_GROUP,2027,3,base-ARU_GROUP-2027-000500,EV-base-base-ARU_GROUP-2027-000500,SALE-base-202701-TRM-2025-001,FORECAST,PUBLIC_SYNTHETIC_PLANNING_MODEL,2026-09-06T00:00:00-07:00,PAY-base-base-ARU_GROUP-2027-000500,2027-03-31,2027-04-02,SIMBANK-13f07beec387b9113a,49709,OPERATING,ARU_GROUP,MODELED_BANK_CLEARING_OF_FORECAST_PAYMENT
base,ARU_GROUP,2027,3,base-ARU_GROUP-2027-000501,EV-base-base-ARU_GROUP-2027-000501,SALE-base-202701-TRM-2025-002,FORECAST,PUBLIC_SYNTHETIC_PLANNING_MODEL,2026-09-06T00:00:00-07:00,PAY-base-base-ARU_GROUP-2027-000501,2027-03-31,2027-04-02,SIMBANK-8767001245b0f63010,48337,OPERATING,ARU_GROUP,MODELED_BANK_CLEARING_OF_FORECAST_PAYMENT
base,ARU_GROUP,2027,3,base-ARU_GROUP-2027-000502,EV-base-base-ARU_GROUP-2027-000502,SALE-base-202701-TRM-2025-003,FORECAST,PUBLIC_SYNTHETIC_PLANNING_MODEL,2026-09-06T00:00:00-07:00,PAY-base-base-ARU_GROUP-2027-000502,2027-03-31,2027-04-02,SIMBANK-74379b3cde343fc8f4,66631,OPERATING,ARU_GROUP,MODELED_BANK_CLEARING_OF_FORECAST_PAYMENT
base,ARU_GROUP,2027,3,base-ARU_GROUP-2027-000503,EV-base-base-ARU_GROUP-2027-000503,SALE-base-202701-TRM-2025-014,FORECAST,PUBLIC_SYNTHETIC_PLANNING_MODEL,2026-09-06T00:00:00-07:00,PAY-base-base-ARU_GROUP-2027-000503,2027-03-31,2027-04-02,SIMBANK-af99b4a5aea4403d39,66525,OPERATING,ARU_GROUP,MODELED_BANK_CLEARING_OF_FORECAST_PAYMENT
base,ARU_GROUP,2027,3,base-ARU_GROUP-2027-000504,EV-base-base-ARU_GROUP-2027-000504,SALE-base-202701-TRM-2025-015,FORECAST,PUBLIC_SYNTHETIC_PLANNING_MODEL,2026-09-06T00:00:00-07:00,PAY-base-base-ARU_GROUP-2027-000504,2027-03-31,2027-04-02,SIMBANK-4d40c8b1ed15824a39,65602,OPERATING,ARU_GROUP,MODELED_BANK_CLEARING_OF_FORECAST_PAYMENT
base,ARU_GROUP,2027,3,base-ARU_GROUP-2027-000505,EV-base-base-ARU_GROUP-2027-000505,SALE-base-202701-TRM-2025-016,FORECAST,PUBLIC_SYNTHETIC_PLANNING_MODEL,2026-09-06T00:00:00-07:00,PAY-base-base-ARU_GROUP-2027-000505,2027-03-31,2027-04-02,SIMBANK-fcf754bd76aef5a9cf,63569,OPERATING,ARU_GROUP,MODELED_BANK_CLEARING_OF_FORECAST_PAYMENT
base,ARU_GROUP,2027,3,base-ARU_GROUP-2027-000506,EV-base-base-ARU_GROUP-2027-000506,SALE-base-202701-TRM-2025-017,FORECAST,PUBLIC_SYNTHETIC_PLANNING_MODEL,2026-09-06T00:00:00-07:00,PAY-base-base-ARU_GROUP-2027-000506,2027-03-31,2027-04-02,SIMBANK-0b5adee80bb1acb0a9,60982,OPERATING,ARU_GROUP,MODELED_BANK_CLEARING_OF_FORECAST_PAYMENT
base,ARU_GROUP,2027,3,base-ARU_GROUP-2027-000507,EV-base-base-ARU_GROUP-2027-000507,SALE-base-202701-TRM-2025-018,FORECAST,PUBLIC_SYNTHETIC_PLANNING_MODEL,2026-09-06T00:00:00-07:00,PAY-base-base-ARU_GROUP-2027-000507,2027-03-31,2027-04-02,SIMBANK-ade0917d988f31b09d,59134,OPERATING,ARU_GROUP,MODELED_BANK_CLEARING_OF_FORECAST_PAYMENT
base,ARU_GROUP,2027,3,base-ARU_GROUP-2027-000508,EV-base-base-ARU_GROUP-2027-000508,SALE-base-202701-TRK-2025-004,FORECAST,PUBLIC_SYNTHETIC_PLANNING_MODEL,2026-09-06T00:00:00-07:00,PAY-base-base-ARU_GROUP-2027-000508,2027-03-31,2027-04-02,SIMBANK-54f48904f056063170,53076,OPERATING,ARU_GROUP,MODELED_BANK_CLEARING_OF_FORECAST_PAYMENT
base,ARU_GROUP,2027,3,base-ARU_GROUP-2027-000509,EV-base-base-ARU_GROUP-2027-000509,SALE-base-202701-TRK-2025-019,FORECAST,PUBLIC_SYNTHETIC_PLANNING_MODEL,2026-09-06T00:00:00-07:00,PAY-base-base-ARU_GROUP-2027-000509,2027-03-31,2027-04-02,SIMBANK-e3582cc01b20a3b851,60206,OPERATING,ARU_GROUP,MODELED_BANK_CLEARING_OF_FORECAST_PAYMENT
base,ARU_GROUP,2027,3,base-ARU_GROUP-2027-000510,EV-base-base-ARU_GROUP-2027-000510,SALE-base-202701-TRK-2025-020,FORECAST,PUBLIC_SYNTHETIC_PLANNING_MODEL,2026-09-06T00:00:00-07:00,PAY-base-base-ARU_GROUP-2027-000510,2027-03-31,2027-04-02,SIMBANK-4e2bd5bc6e04753c8c,57566,OPERATING,ARU_GROUP,MODELED_BANK_CLEARING_OF_FORECAST_PAYMENT
base,ARU_GROUP,2027,3,base-ARU_GROUP-2027-000511,EV-base-base-ARU_GROUP-2027-000511,SALE-base-202701-TRK-2025-021,FORECAST,PUBLIC_SYNTHETIC_PLANNING_MODEL,2026-09-06T00:00:00-07:00,PAY-base-base-ARU_GROUP-2027-000511,2027-03-31,2027-04-02,SIMBANK-c505c62a6a3dea59a2,54661,OPERATING,ARU_GROUP,MODELED_BANK_CLEARING_OF_FORECAST_PAYMENT
base,ARU_GROUP,2027,3,base-ARU_GROUP-2027-000512,EV-base-base-ARU_GROUP-2027-000512,SALE-base-202701-TRK-2025-022,FORECAST,PUBLIC_SYNTHETIC_PLANNING_MODEL,2026-09-06T00:00:00-07:00,PAY-base-base-ARU_GROUP-2027-000512,2027-03-31,2027-04-02,SIMBANK-ebec564b9b85bbad56,51756,OPERATING,ARU_GROUP,MODELED_BANK_CLEARING_OF_FORECAST_PAYMENT
base,ARU_GROUP,2027,3,base-ARU_GROUP-2027-000513,EV-base-base-ARU_GROUP-2027-000513,SALE-base-202701-WHS-2025-005,FORECAST,PUBLIC_SYNTHETIC_PLANNING_MODEL,2026-09-06T00:00:00-07:00,PAY-base-base-ARU_GROUP-2027-000513,2027-03-31,2027-04-02,SIMBANK-b1d7bcd49809e29048,89813,OPERATING,ARU_GROUP,MODELED_BANK_CLEARING_OF_FORECAST_PAYMENT
base,ARU_GROUP,2027,3,base-ARU_GROUP-2027-000514,EV-base-base-ARU_GROUP-2027-000514,SALE-base-202701-WHS-2025-023,FORECAST,PUBLIC_SYNTHETIC_PLANNING_MODEL,2026-09-06T00:00:00-07:00,PAY-base-base-ARU_GROUP-2027-000514,2027-03-31,2027-04-02,SIMBANK-f7d5579e60ea2a8216,47678,OPERATING,ARU_GROUP,MODELED_BANK_CLEARING_OF_FORECAST_PAYMENT
base,ARU_GROUP,2027,3,base-ARU_GROUP-2027-000515,EV-base-base-ARU_GROUP-2027-000515,SALE-base-202701-WHS-2025-024,FORECAST,PUBLIC_SYNTHETIC_PLANNING_MODEL,2026-09-06T00:00:00-07:00,PAY-base-base-ARU_GROUP-2027-000515,2027-03-31,2027-04-02,SIMBANK-321735a88aeb1e6b48,44352,OPERATING,ARU_GROUP,MODELED_BANK_CLEARING_OF_FORECAST_PAYMENT
base,ARU_GROUP,2027,3,base-ARU_GROUP-2027-000516,EV-base-base-ARU_GROUP-2027-000516,SALE-base-202701-WHS-2025-025,FORECAST,PUBLIC_SYNTHETIC_PLANNING_MODEL,2026-09-06T00:00:00-07:00,PAY-base-base-ARU_GROUP-2027-000516,2027-03-31,2027-04-02,SIMBANK-f0d1587854ca91b775,39916,OPERATING,ARU_GROUP,MODELED_BANK_CLEARING_OF_FORECAST_PAYMENT
base,ARU_GROUP,2027,3,base-ARU_GROUP-2027-000517,EV-base-base-ARU_GROUP-2027-000517,SALE-base-202702-BST-2025-001,FORECAST,PUBLIC_SYNTHETIC_PLANNING_MODEL,2026-09-06T00:00:00-07:00,PAY-base-base-ARU_GROUP-2027-000517,2027-03-31,2027-04-02,SIMBANK-85bd5261ec0da5f39d,123487,OPERATING,ARU_GROUP,MODELED_BANK_CLEARING_OF_FORECAST_PAYMENT
base,ARU_GROUP,2027,3,base-ARU_GROUP-2027-000518,EV-base-base-ARU_GROUP-2027-000518,SALE-base-202702-BST-2025-006,FORECAST,PUBLIC_SYNTHETIC_PLANNING_MODEL,2026-09-06T00:00:00-07:00,PAY-base-base-ARU_GROUP-2027-000518,2027-03-31,2027-04-02,SIMBANK-86f00b81fa49d07bae,53337,OPERATING,ARU_GROUP,MODELED_BANK_CLEARING_OF_FORECAST_PAYMENT
base,ARU_GROUP,2027,3,base-ARU_GROUP-2027-000519,EV-base-base-ARU_GROUP-2027-000519,SALE-base-202702-BST-2025-002,FORECAST,PUBLIC_SYNTHETIC_PLANNING_MODEL,2026-09-06T00:00:00-07:00,PAY-base-base-ARU_GROUP-2027-000519,2027-03-31,2027-04-02,SIMBANK-d40e0a68721e300553,92710,OPERATING,ARU_GROUP,MODELED_BANK_CLEARING_OF_FORECAST_PAYMENT
base,ARU_GROUP,2027,3,base-ARU_GROUP-2027-000520,EV-base-base-ARU_GROUP-2027-000520,SALE-base-202702-BST-2025-007,FORECAST,PUBLIC_SYNTHETIC_PLANNING_MODEL,2026-09-06T00:00:00-07:00,PAY-base-base-ARU_GROUP-2027-000520,2027-03-31,2027-04-02,SIMBANK-f6214a35c8bd76f8dd,41767,OPERATING,ARU_GROUP,MODELED_BANK_CLEARING_OF_FORECAST_PAYMENT
base,ARU_GROUP,2027,3,base-ARU_GROUP-2027-000521,EV-base-base-ARU_GROUP-2027-000521,SALE-base-202702-BST-2025-004,FORECAST,PUBLIC_SYNTHETIC_PLANNING_MODEL,2026-09-06T00:00:00-07:00,PAY-base-base-ARU_GROUP-2027-000521,2027-03-31,2027-04-02,SIMBANK-1a7ec204a517ccedf9,48006,OPERATING,ARU_GROUP,MODELED_BANK_CLEARING_OF_FORECAST_PAYMENT
base,ARU_GROUP,2027,3,base-ARU_GROUP-2027-000522,EV-base-base-ARU_GROUP-2027-000522,SALE-base-202702-BST-2025-008,FORECAST,PUBLIC_SYNTHETIC_PLANNING_MODEL,2026-09-06T00:00:00-07:00,PAY-base-base-ARU_GROUP-2027-000522,2027-03-31,2027-04-02,SIMBANK-61af9288c2ce410a36,24556,OPERATING,ARU_GROUP,MODELED_BANK_CLEARING_OF_FORECAST_PAYMENT
base,ARU_GROUP,2027,3,base-ARU_GROUP-2027-000523,EV-base-base-ARU_GROUP-2027-000523,SALE-base-202702-BST-2025-003,FORECAST,PUBLIC_SYNTHETIC_PLANNING_MODEL,2026-09-06T00:00:00-07:00,PAY-base-base-ARU_GROUP-2027-000523,2027-03-31,2027-04-02,SIMBANK-621e471c1998c8549c,56717,OPERATING,ARU_GROUP,MODELED_BANK_CLEARING_OF_FORECAST_PAYMENT
base,ARU_GROUP,2027,3,base-ARU_GROUP-2027-000524,EV-base-base-ARU_GROUP-2027-000524,SALE-base-202702-BST-2025-009,FORECAST,PUBLIC_SYNTHETIC_PLANNING_MODEL,2026-09-06T00:00:00-07:00,PAY-base-base-ARU_GROUP-2027-000524,2027-03-31,2027-04-02,SIMBANK-dddba3a772267d23dd,30419,OPERATING,ARU_GROUP,MODELED_BANK_CLEARING_OF_FORECAST_PAYMENT
base,ARU_GROUP,2027,3,base-ARU_GROUP-2027-000525,EV-base-base-ARU_GROUP-2027-000525,SALE-base-202702-BST-2025-010,FORECAST,PUBLIC_SYNTHETIC_PLANNING_MODEL,2026-09-06T00:00:00-07:00,PAY-base-base-ARU_GROUP-2027-000525,2027-03-31,2027-04-02,SIMBANK-1e2d5c28fe716107c3,27698,OPERATING,ARU_GROUP,MODELED_BANK_CLEARING_OF_FORECAST_PAYMENT
base,ARU_GROUP,2027,3,base-ARU_GROUP-2027-000526,EV-base-base-ARU_GROUP-2027-000526,SALE-base-202702-BST-2025-011,FORECAST,PUBLIC_SYNTHETIC_PLANNING_MODEL,2026-09-06T00:00:00-07:00,PAY-base-base-ARU_GROUP-2027-000526,2027-03-31,2027-04-02,SIMBANK-bddf6789bdcfd1a159,15522,OPERATING,ARU_GROUP,MODELED_BANK_CLEARING_OF_FORECAST_PAYMENT
base,ARU_GROUP,2027,3,base-ARU_GROUP-2027-000527,EV-base-base-ARU_GROUP-2027-000527,SALE-base-202702-BST-2025-012,FORECAST,PUBLIC_SYNTHETIC_PLANNING_MODEL,2026-09-06T00:00:00-07:00,PAY-base-base-ARU_GROUP-2027-000527,2027-03-31,2027-04-02,SIMBANK-0e2887420ff99543b1,46126,OPERATING,ARU_GROUP,MODELED_BANK_CLEARING_OF_FORECAST_PAYMENT
base,ARU_GROUP,2027,3,base-ARU_GROUP-2027-000528,EV-base-base-ARU_GROUP-2027-000528,SALE-base-202702-BST-2025-013,FORECAST,PUBLIC_SYNTHETIC_PLANNING_MODEL,2026-09-06T00:00:00-07:00,PAY-base-base-ARU_GROUP-2027-000528,2027-03-31,2027-04-02,SIMBANK-f987051c8d06e3485e,29207,OPERATING,ARU_GROUP,MODELED_BANK_CLEARING_OF_FORECAST_PAYMENT
base,ARU_GROUP,2027,3,base-ARU_GROUP-2027-000529,EV-base-base-ARU_GROUP-2027-000529,SALE-base-202702-TRM-2025-001,FORECAST,PUBLIC_SYNTHETIC_PLANNING_MODEL,2026-09-06T00:00:00-07:00,PAY-base-base-ARU_GROUP-2027-000529,2027-03-31,2027-04-02,SIMBANK-1d60bb000139b006ee,49710,OPERATING,ARU_GROUP,MODELED_BANK_CLEARING_OF_FORECAST_PAYMENT
base,ARU_GROUP,2027,3,base-ARU_GROUP-2027-000530,EV-base-base-ARU_GROUP-2027-000530,SALE-base-202702-TRM-2025-002,FORECAST,PUBLIC_SYNTHETIC_PLANNING_MODEL,2026-09-06T00:00:00-07:00,PAY-base-base-ARU_GROUP-2027-000530,2027-03-31,2027-04-02,SIMBANK-f133b17f2a40270fb1,48337,OPERATING,ARU_GROUP,MODELED_BANK_CLEARING_OF_FORECAST_PAYMENT
base,ARU_GROUP,2027,3,base-ARU_GROUP-2027-000531,EV-base-base-ARU_GROUP-2027-000531,SALE-base-202702-TRM-2025-003,FORECAST,PUBLIC_SYNTHETIC_PLANNING_MODEL,2026-09-06T00:00:00-07:00,PAY-base-base-ARU_GROUP-2027-000531,2027-03-31,2027-04-02,SIMBANK-8576344dfbc0c93213,66632,OPERATING,ARU_GROUP,MODELED_BANK_CLEARING_OF_FORECAST_PAYMENT
base,ARU_GROUP,2027,3,base-ARU_GROUP-2027-000532,EV-base-base-ARU_GROUP-2027-000532,SALE-base-202702-TRM-2025-014,FORECAST,PUBLIC_SYNTHETIC_PLANNING_MODEL,2026-09-06T00:00:00-07:00,PAY-base-base-ARU_GROUP-2027-000532,2027-03-31,2027-04-02,SIMBANK-8da2d42c22d323f124,66526,OPERATING,ARU_GROUP,MODELED_BANK_CLEARING_OF_FORECAST_PAYMENT
base,ARU_GROUP,2027,3,base-ARU_GROUP-2027-000533,EV-base-base-ARU_GROUP-2027-000533,SALE-base-202702-TRM-2025-015,FORECAST,PUBLIC_SYNTHETIC_PLANNING_MODEL,2026-09-06T00:00:00-07:00,PAY-base-base-ARU_GROUP-2027-000533,2027-03-31,2027-04-02,SIMBANK-e5eb15f46445322f6e,65602,OPERATING,ARU_GROUP,MODELED_BANK_CLEARING_OF_FORECAST_PAYMENT
base,ARU_GROUP,2027,3,base-ARU_GROUP-2027-000534,EV-base-base-ARU_GROUP-2027-000534,SALE-base-202702-TRM-2025-016,FORECAST,PUBLIC_SYNTHETIC_PLANNING_MODEL,2026-09-06T00:00:00-07:00,PAY-base-base-ARU_GROUP-2027-000534,2027-03-31,2027-04-02,SIMBANK-9f5a8bcb3cdf1aa853,63569,OPERATING,ARU_GROUP,MODELED_BANK_CLEARING_OF_FORECAST_PAYMENT
base,ARU_GROUP,2027,3,base-ARU_GROUP-2027-000535,EV-base-base-ARU_GROUP-2027-000535,SALE-base-202702-TRM-2025-017,FORECAST,PUBLIC_SYNTHETIC_PLANNING_MODEL,2026-09-06T00:00:00-07:00,PAY-base-base-ARU_GROUP-2027-000535,2027-03-31,2027-04-02,SIMBANK-a839be661812c75722,60982,OPERATING,ARU_GROUP,MODELED_BANK_CLEARING_OF_FORECAST_PAYMENT
base,ARU_GROUP,2027,3,base-ARU_GROUP-2027-000536,EV-base-base-ARU_GROUP-2027-000536,SALE-base-202702-TRM-2025-018,FORECAST,PUBLIC_SYNTHETIC_PLANNING_MODEL,2026-09-06T00:00:00-07:00,PAY-base-base-ARU_GROUP-2027-000536,2027-03-31,2027-04-02,SIMBANK-d228e36820c70cc994,59134,OPERATING,ARU_GROUP,MODELED_BANK_CLEARING_OF_FORECAST_PAYMENT
base,ARU_GROUP,2027,3,base-ARU_GROUP-2027-000537,EV-base-base-ARU_GROUP-2027-000537,SALE-base-202702-TRK-2025-004,FORECAST,PUBLIC_SYNTHETIC_PLANNING_MODEL,2026-09-06T00:00:00-07:00,PAY-base-base-ARU_GROUP-2027-000537,2027-03-31,2027-04-02,SIMBANK-bc6e019ef638c68949,53077,OPERATING,ARU_GROUP,MODELED_BANK_CLEARING_OF_FORECAST_PAYMENT
base,ARU_GROUP,2027,3,base-ARU_GROUP-2027-000538,EV-base-base-ARU_GROUP-2027-000538,SALE-base-202702-TRK-2025-019,FORECAST,PUBLIC_SYNTHETIC_PLANNING_MODEL,2026-09-06T00:00:00-07:00,PAY-base-base-ARU_GROUP-2027-000538,2027-03-31,2027-04-02,SIMBANK-8ce9f45499f7521166,60207,OPERATING,ARU_GROUP,MODELED_BANK_CLEARING_OF_FORECAST_PAYMENT
base,ARU_GROUP,2027,3,base-ARU_GROUP-2027-000539,EV-base-base-ARU_GROUP-2027-000539,SALE-base-202702-TRK-2025-020,FORECAST,PUBLIC_SYNTHETIC_PLANNING_MODEL,2026-09-06T00:00:00-07:00,PAY-base-base-ARU_GROUP-2027-000539,2027-03-31,2027-04-02,SIMBANK-35d7aa0932cfc21fba,57566,OPERATING,ARU_GROUP,MODELED_BANK_CLEARING_OF_FORECAST_PAYMENT
base,ARU_GROUP,2027,3,base-ARU_GROUP-2027-000540,EV-base-base-ARU_GROUP-2027-000540,SALE-base-202702-TRK-2025-021,FORECAST,PUBLIC_SYNTHETIC_PLANNING_MODEL,2026-09-06T00:00:00-07:00,PAY-base-base-ARU_GROUP-2027-000540,2027-03-31,2027-04-02,SIMBANK-85741330f1ea47ae3d,54661,OPERATING,ARU_GROUP,MODELED_BANK_CLEARING_OF_FORECAST_PAYMENT
base,ARU_GROUP,2027,3,base-ARU_GROUP-2027-000541,EV-base-base-ARU_GROUP-2027-000541,SALE-base-202702-TRK-2025-022,FORECAST,PUBLIC_SYNTHETIC_PLANNING_MODEL,2026-09-06T00:00:00-07:00,PAY-base-base-ARU_GROUP-2027-000541,2027-03-31,2027-04-02,SIMBANK-9f92565815981e5964,51757,OPERATING,ARU_GROUP,MODELED_BANK_CLEARING_OF_FORECAST_PAYMENT
base,ARU_GROUP,2027,3,base-ARU_GROUP-2027-000542,EV-base-base-ARU_GROUP-2027-000542,SALE-base-202702-WHS-2025-005,FORECAST,PUBLIC_SYNTHETIC_PLANNING_MODEL,2026-09-06T00:00:00-07:00,PAY-base-base-ARU_GROUP-2027-000542,2027-03-31,2027-04-02,SIMBANK-856c9e9998cf6714ed,89813,OPERATING,ARU_GROUP,MODELED_BANK_CLEARING_OF_FORECAST_PAYMENT
base,ARU_GROUP,2027,3,base-ARU_GROUP-2027-000543,EV-base-base-ARU_GROUP-2027-000543,SALE-base-202702-WHS-2025-023,FORECAST,PUBLIC_SYNTHETIC_PLANNING_MODEL,2026-09-06T00:00:00-07:00,PAY-base-base-ARU_GROUP-2027-000543,2027-03-31,2027-04-02,SIMBANK-42971f3adaa152675d,47679,OPERATING,ARU_GROUP,MODELED_BANK_CLEARING_OF_FORECAST_PAYMENT
base,ARU_GROUP,2027,3,base-ARU_GROUP-2027-000544,EV-base-base-ARU_GROUP-2027-000544,SALE-base-202702-WHS-2025-024,FORECAST,PUBLIC_SYNTHETIC_PLANNING_MODEL,2026-09-06T00:00:00-07:00,PAY-base-base-ARU_GROUP-2027-000544,2027-03-31,2027-04-02,SIMBANK-c5c56f3b32b9acf2d1,44352,OPERATING,ARU_GROUP,MODELED_BANK_CLEARING_OF_FORECAST_PAYMENT
base,ARU_GROUP,2027,3,base-ARU_GROUP-2027-000545,EV-base-base-ARU_GROUP-2027-000545,SALE-base-202702-WHS-2025-025,FORECAST,PUBLIC_SYNTHETIC_PLANNING_MODEL,2026-09-06T00:00:00-07:00,PAY-base-base-ARU_GROUP-2027-000545,2027-03-31,2027-04-02,SIMBANK-0040a2aa1700c4b1d5,39917,OPERATING,ARU_GROUP,MODELED_BANK_CLEARING_OF_FORECAST_PAYMENT
base,ARU_GROUP,2027,3,base-ARU_GROUP-2027-000549,EV-base-base-ARU_GROUP-2027-000549,IC-base-202702-acid-BST,FORECAST,PUBLIC_SYNTHETIC_PLANNING_MODEL,2026-09-06T00:00:00-07:00,PAY-base-base-ARU_GROUP-2027-000549,2027-03-31,2027-04-02,SIMBANK-879b63d3cb48610e7c,3876,OPERATING,ARU_GROUP,MODELED_BANK_CLEARING_OF_FORECAST_PAYMENT
base,ARU_GROUP,2027,3,base-ARU_GROUP-2027-000550,EV-base-base-ARU_GROUP-2027-000550,IC-base-202702-acid-TERMINALS,FORECAST,PUBLIC_SYNTHETIC_PLANNING_MODEL,2026-09-06T00:00:00-07:00,PAY-base-base-ARU_GROUP-2027-000550,2027-03-31,2027-04-02,SIMBANK-a54538c6d2df49f706,2856,OPERATING,ARU_GROUP,MODELED_BANK_CLEARING_OF_FORECAST_PAYMENT
base,ARU_GROUP,2027,3,base-ARU_GROUP-2027-000551,EV-base-base-ARU_GROUP-2027-000551,IC-base-202702-acid-TRUCKING,FORECAST,PUBLIC_SYNTHETIC_PLANNING_MODEL,2026-09-06T00:00:00-07:00,PAY-base-base-ARU_GROUP-2027-000551,2027-03-31,2027-04-02,SIMBANK-a8ff8bd0f494331e9d,5549,OPERATING,ARU_GROUP,MODELED_BANK_CLEARING_OF_FORECAST_PAYMENT
base,ARU_GROUP,2027,3,base-ARU_GROUP-2027-000552,EV-base-base-ARU_GROUP-2027-000552,IC-base-202702-binder-BST,FORECAST,PUBLIC_SYNTHETIC_PLANNING_MODEL,2026-09-06T00:00:00-07:00,PAY-base-base-ARU_GROUP-2027-000552,2027-03-31,2027-04-02,SIMBANK-43be1edb4e123cfbfe,4335,OPERATING,ARU_GROUP,MODELED_BANK_CLEARING_OF_FORECAST_PAYMENT
base,ARU_GROUP,2027,3,base-ARU_GROUP-2027-000553,EV-base-base-ARU_GROUP-2027-000553,IC-base-202702-binder-TERMINALS,FORECAST,PUBLIC_SYNTHETIC_PLANNING_MODEL,2026-09-06T00:00:00-07:00,PAY-base-base-ARU_GROUP-2027-000553,2027-03-31,2027-04-02,SIMBANK-29ff09a642edf1e4ab,2040,OPERATING,ARU_GROUP,MODELED_BANK_CLEARING_OF_FORECAST_PAYMENT
base,ARU_GROUP,2027,3,base-ARU_GROUP-2027-000554,EV-base-base-ARU_GROUP-2027-000554,IC-base-202702-binder-TRUCKING,FORECAST,PUBLIC_SYNTHETIC_PLANNING_MODEL,2026-09-06T00:00:00-07:00,PAY-base-base-ARU_GROUP-2027-000554,2027-03-31,2027-04-02,SIMBANK-d34604cf2321940bb1,5814,OPERATING,ARU_GROUP,MODELED_BANK_CLEARING_OF_FORECAST_PAYMENT
base,ARU_GROUP,2027,3,base-ARU_GROUP-2027-000555,EV-base-base-ARU_GROUP-2027-000555,IC-base-202702-lime-BST,FORECAST,PUBLIC_SYNTHETIC_PLANNING_MODEL,2026-09-06T00:00:00-07:00,PAY-base-base-ARU_GROUP-2027-000555,2027-03-31,2027-04-02,SIMBANK-307f0aff40f213478c,867,OPERATING,ARU_GROUP,MODELED_BANK_CLEARING_OF_FORECAST_PAYMENT
base,ARU_GROUP,2027,3,base-ARU_GROUP-2027-000556,EV-base-base-ARU_GROUP-2027-000556,IC-base-202702-lime-TERMINALS,FORECAST,PUBLIC_SYNTHETIC_PLANNING_MODEL,2026-09-06T00:00:00-07:00,PAY-base-base-ARU_GROUP-2027-000556,2027-03-31,2027-04-02,SIMBANK-521b5689155954de25,459,OPERATING,ARU_GROUP,MODELED_BANK_CLEARING_OF_FORECAST_PAYMENT
base,ARU_GROUP,2027,3,base-ARU_GROUP-2027-000557,EV-base-base-ARU_GROUP-2027-000557,IC-base-202702-lime-TRUCKING,FORECAST,PUBLIC_SYNTHETIC_PLANNING_MODEL,2026-09-06T00:00:00-07:00,PAY-base-base-ARU_GROUP-2027-000557,2027-03-31,2027-04-02,SIMBANK-e95458061092499f6c,1224,OPERATING,ARU_GROUP,MODELED_BANK_CLEARING_OF_FORECAST_PAYMENT
base,ARU_GROUP,2027,3,base-ARU_GROUP-2027-000558,EV-base-base-ARU_GROUP-2027-000558,IC-base-202702-mro-BST,FORECAST,PUBLIC_SYNTHETIC_PLANNING_MODEL,2026-09-06T00:00:00-07:00,PAY-base-base-ARU_GROUP-2027-000558,2027-03-31,2027-04-02,SIMBANK-5f5794feba1ccf73e6,765,OPERATING,ARU_GROUP,MODELED_BANK_CLEARING_OF_FORECAST_PAYMENT
base,ARU_GROUP,2027,3,base-ARU_GROUP-2027-000559,EV-base-base-ARU_GROUP-2027-000559,IC-base-202702-mro-TERMINALS,FORECAST,PUBLIC_SYNTHETIC_PLANNING_MODEL,2026-09-06T00:00:00-07:00,PAY-base-base-ARU_GROUP-2027-000559,2027-03-31,2027-04-02,SIMBANK-da567a5fb6fc70a022,510,OPERATING,ARU_GROUP,MODELED_BANK_CLEARING_OF_FORECAST_PAYMENT
base,ARU_GROUP,2027,3,base-ARU_GROUP-2027-000560,EV-base-base-ARU_GROUP-2027-000560,IC-base-202702-mro-TRUCKING,FORECAST,PUBLIC_SYNTHETIC_PLANNING_MODEL,2026-09-06T00:00:00-07:00,PAY-base-base-ARU_GROUP-2027-000560,2027-03-31,2027-04-02,SIMBANK-2307248bc56affbbb1,663,OPERATING,ARU_GROUP,MODELED_BANK_CLEARING_OF_FORECAST_PAYMENT
base,ARU_GROUP,2027,3,base-ARU_GROUP-2027-000561,EV-base-base-ARU_GROUP-2027-000561,IC-base-202702-project-BST,FORECAST,PUBLIC_SYNTHETIC_PLANNING_MODEL,2026-09-06T00:00:00-07:00,PAY-base-base-ARU_GROUP-2027-000561,2027-03-31,2027-04-02,SIMBANK-e12248f7ebe024b40e,1428,OPERATING,ARU_GROUP,MODELED_BANK_CLEARING_OF_FORECAST_PAYMENT
base,ARU_GROUP,2027,3,base-ARU_GROUP-2027-000562,EV-base-base-ARU_GROUP-2027-000562,IC-base-202702-project-TERMINALS,FORECAST,PUBLIC_SYNTHETIC_PLANNING_MODEL,2026-09-06T00:00:00-07:00,PAY-base-base-ARU_GROUP-2027-000562,2027-03-31,2027-04-02,SIMBANK-22dc9537f869595e75,1428,OPERATING,ARU_GROUP,MODELED_BANK_CLEARING_OF_FORECAST_PAYMENT
base,ARU_GROUP,2027,3,base-ARU_GROUP-2027-000563,EV-base-base-ARU_GROUP-2027-000563,IC-base-202702-project-TRUCKING,FORECAST,PUBLIC_SYNTHETIC_PLANNING_MODEL,2026-09-06T00:00:00-07:00,PAY-base-base-ARU_GROUP-2027-000563,2027-03-31,2027-04-02,SIMBANK-1da301f0f370b38673,1836,OPERATING,ARU_GROUP,MODELED_BANK_CLEARING_OF_FORECAST_PAYMENT
base,ARU_GROUP,2027,3,base-ARU_GROUP-2027-000564,EV-base-base-ARU_GROUP-2027-000564,IC-base-202702-steel-BST,FORECAST,PUBLIC_SYNTHETIC_PLANNING_MODEL,2026-09-06T00:00:00-07:00,PAY-base-base-ARU_GROUP-2027-000564,2027-03-31,2027-04-02,SIMBANK-73a2b31a5ca4f2533d,1938,OPERATING,ARU_GROUP,MODELED_BANK_CLEARING_OF_FORECAST_PAYMENT
base,ARU_GROUP,2027,3,base-ARU_GROUP-2027-000565,EV-base-base-ARU_GROUP-2027-000565,IC-base-202702-steel-TERMINALS,FORECAST,PUBLIC_SYNTHETIC_PLANNING_MODEL,2026-09-06T00:00:00-07:00,PAY-base-base-ARU_GROUP-2027-000565,2027-03-31,2027-04-02,SIMBANK-764409f1835c5899dd,1326,OPERATING,ARU_GROUP,MODELED_BANK_CLEARING_OF_FORECAST_PAYMENT
base,ARU_GROUP,2027,3,base-ARU_GROUP-2027-000566,EV-base-base-ARU_GROUP-2027-000566,IC-base-202702-steel-TRUCKING,FORECAST,PUBLIC_SYNTHETIC_PLANNING_MODEL,2026-09-06T00:00:00-07:00,PAY-base-base-ARU_GROUP-2027-000566,2027-03-31,2027-04-02,SIMBANK-06eaa808e3079944f5,2295,OPERATING,ARU_GROUP,MODELED_BANK_CLEARING_OF_FORECAST_PAYMENT
base,ARU_GROUP,2027,3,base-ARU_GROUP-2027-000568,EV-base-base-ARU_GROUP-2027-000568,PAYROLL-base-202703-ARU,FORECAST,PUBLIC_SYNTHETIC_PLANNING_MODEL,2026-09-06T00:00:00-07:00,PAY-base-base-ARU_GROUP-2027-000568,2027-03-31,2027-04-02,SIMBANK-09d9847f0231efbc47,-144008,OPERATING,ARU_GROUP,MODELED_BANK_CLEARING_OF_FORECAST_PAYMENT
base,ARU_GROUP,2027,3,base-ARU_GROUP-2027-000569,EV-base-base-ARU_GROUP-2027-000569,PAYROLL-base-202703-BST,FORECAST,PUBLIC_SYNTHETIC_PLANNING_MODEL,2026-09-06T00:00:00-07:00,PAY-base-base-ARU_GROUP-2027-000569,2027-03-31,2027-04-02,SIMBANK-dd3eede97e8105a9c7,-516154,OPERATING,ARU_GROUP,MODELED_BANK_CLEARING_OF_FORECAST_PAYMENT
base,ARU_GROUP,2027,3,base-ARU_GROUP-2027-000570,EV-base-base-ARU_GROUP-2027-000570,PAYROLL-base-202703-TERMINALS,FORECAST,PUBLIC_SYNTHETIC_PLANNING_MODEL,2026-09-06T00:00:00-07:00,PAY-base-base-ARU_GROUP-2027-000570,2027-03-31,2027-04-02,SIMBANK-5091ae08faf433bdb7,-200784,OPERATING,ARU_GROUP,MODELED_BANK_CLEARING_OF_FORECAST_PAYMENT
base,ARU_GROUP,2027,3,base-ARU_GROUP-2027-000571,EV-base-base-ARU_GROUP-2027-000571,PAYROLL-base-202703-TRUCKING,FORECAST,PUBLIC_SYNTHETIC_PLANNING_MODEL,2026-09-06T00:00:00-07:00,PAY-base-base-ARU_GROUP-2027-000571,2027-03-31,2027-04-02,SIMBANK-a4b66383e33f0e00d7,-194118,OPERATING,ARU_GROUP,MODELED_BANK_CLEARING_OF_FORECAST_PAYMENT
base,ARU_GROUP,2027,3,base-ARU_GROUP-2027-000572,EV-base-base-ARU_GROUP-2027-000572,PAYROLL-base-202703-WAREHOUSE,FORECAST,PUBLIC_SYNTHETIC_PLANNING_MODEL,2026-09-06T00:00:00-07:00,PAY-base-base-ARU_GROUP-2027-000572,2027-03-31,2027-04-02,SIMBANK-24c7881b0afde49c43,-92175,OPERATING,ARU_GROUP,MODELED_BANK_CLEARING_OF_FORECAST_PAYMENT
base,ARU_GROUP,2027,3,base-ARU_GROUP-2027-000573,EV-base-base-ARU_GROUP-2027-000573,INTEREST-202703,FORECAST,PUBLIC_SYNTHETIC_PLANNING_MODEL,2026-09-06T00:00:00-07:00,PAY-base-base-ARU_GROUP-2027-000573,2027-03-31,2027-04-02,SIMBANK-7b74f03e260eca1bb5,-129626,OPERATING,ARU_GROUP,MODELED_BANK_CLEARING_OF_FORECAST_PAYMENT
base,ARU_GROUP,2027,3,base-ARU_GROUP-2027-000574,EV-base-base-ARU_GROUP-2027-000574,LEASE-202703,FORECAST,PUBLIC_SYNTHETIC_PLANNING_MODEL,2026-09-06T00:00:00-07:00,PAY-base-base-ARU_GROUP-2027-000574,2027-03-31,2027-04-02,SIMBANK-3fd79d849c5660a062,-41667,FINANCING,ARU_GROUP,MODELED_BANK_CLEARING_OF_FORECAST_PAYMENT
base,ARU_GROUP,2027,3,base-ARU_GROUP-2027-000575,EV-base-base-ARU_GROUP-2027-000575,IC-base-202703-acid-BST-COST,FORECAST,PUBLIC_SYNTHETIC_PLANNING_MODEL,2026-09-06T00:00:00-07:00,PAY-base-base-ARU_GROUP-2027-000575,2027-03-31,2027-04-02,SIMBANK-b84f41e8705100aac7,-2112,OPERATING,ARU_GROUP,MODELED_BANK_CLEARING_OF_FORECAST_PAYMENT
base,ARU_GROUP,2027,3,base-ARU_GROUP-2027-000576,EV-base-base-ARU_GROUP-2027-000576,IC-base-202703-acid-TERMINALS-COST,FORECAST,PUBLIC_SYNTHETIC_PLANNING_MODEL,2026-09-06T00:00:00-07:00,PAY-base-base-ARU_GROUP-2027-000576,2027-03-31,2027-04-02,SIMBANK-9267653a9ee80866b0,-2009,OPERATING,ARU_GROUP,MODELED_BANK_CLEARING_OF_FORECAST_PAYMENT
base,ARU_GROUP,2027,3,base-ARU_GROUP-2027-000577,EV-base-base-ARU_GROUP-2027-000577,IC-base-202703-acid-TRUCKING-COST,FORECAST,PUBLIC_SYNTHETIC_PLANNING_MODEL,2026-09-06T00:00:00-07:00,PAY-base-base-ARU_GROUP-2027-000577,2027-03-31,2027-04-02,SIMBANK-0afbc9bdd89a5ae053,-4738,OPERATING,ARU_GROUP,MODELED_BANK_CLEARING_OF_FORECAST_PAYMENT
base,ARU_GROUP,2027,3,base-ARU_GROUP-2027-000578,EV-base-base-ARU_GROUP-2027-000578,IC-base-202703-binder-BST-COST,FORECAST,PUBLIC_SYNTHETIC_PLANNING_MODEL,2026-09-06T00:00:00-07:00,PAY-base-base-ARU_GROUP-2027-000578,2027-03-31,2027-04-02,SIMBANK-fd01949a2f46bc7e98,-1854,OPERATING,ARU_GROUP,MODELED_BANK_CLEARING_OF_FORECAST_PAYMENT
base,ARU_GROUP,2027,3,base-ARU_GROUP-2027-000579,EV-base-base-ARU_GROUP-2027-000579,IC-base-202703-binder-TERMINALS-COST,FORECAST,PUBLIC_SYNTHETIC_PLANNING_MODEL,2026-09-06T00:00:00-07:00,PAY-base-base-ARU_GROUP-2027-000579,2027-03-31,2027-04-02,SIMBANK-23e8ca41c2c3f1e889,-1185,OPERATING,ARU_GROUP,MODELED_BANK_CLEARING_OF_FORECAST_PAYMENT
base,ARU_GROUP,2027,3,base-ARU_GROUP-2027-000580,EV-base-base-ARU_GROUP-2027-000580,IC-base-202703-binder-TRUCKING-COST,FORECAST,PUBLIC_SYNTHETIC_PLANNING_MODEL,2026-09-06T00:00:00-07:00,PAY-base-base-ARU_GROUP-2027-000580,2027-03-31,2027-04-02,SIMBANK-5c43a04446aadd968d,-3914,OPERATING,ARU_GROUP,MODELED_BANK_CLEARING_OF_FORECAST_PAYMENT
base,ARU_GROUP,2027,3,base-ARU_GROUP-2027-000581,EV-base-base-ARU_GROUP-2027-000581,IC-base-202703-lime-BST-COST,FORECAST,PUBLIC_SYNTHETIC_PLANNING_MODEL,2026-09-06T00:00:00-07:00,PAY-base-base-ARU_GROUP-2027-000581,2027-03-31,2027-04-02,SIMBANK-4c2243a543d35d1bef,-371,OPERATING,ARU_GROUP,MODELED_BANK_CLEARING_OF_FORECAST_PAYMENT
base,ARU_GROUP,2027,3,base-ARU_GROUP-2027-000582,EV-base-base-ARU_GROUP-2027-000582,IC-base-202703-lime-TERMINALS-COST,FORECAST,PUBLIC_SYNTHETIC_PLANNING_MODEL,2026-09-06T00:00:00-07:00,PAY-base-base-ARU_GROUP-2027-000582,2027-03-31,2027-04-02,SIMBANK-939895679d146b8a1d,-258,OPERATING,ARU_GROUP,MODELED_BANK_CLEARING_OF_FORECAST_PAYMENT
base,ARU_GROUP,2027,3,base-ARU_GROUP-2027-000583,EV-base-base-ARU_GROUP-2027-000583,IC-base-202703-lime-TRUCKING-COST,FORECAST,PUBLIC_SYNTHETIC_PLANNING_MODEL,2026-09-06T00:00:00-07:00,PAY-base-base-ARU_GROUP-2027-000583,2027-03-31,2027-04-02,SIMBANK-f8ccba8610c9b5b983,-824,OPERATING,ARU_GROUP,MODELED_BANK_CLEARING_OF_FORECAST_PAYMENT
base,ARU_GROUP,2027,3,base-ARU_GROUP-2027-000584,EV-base-base-ARU_GROUP-2027-000584,IC-base-202703-mro-BST-COST,FORECAST,PUBLIC_SYNTHETIC_PLANNING_MODEL,2026-09-06T00:00:00-07:00,PAY-base-base-ARU_GROUP-2027-000584,2027-03-31,2027-04-02,SIMBANK-24ecae5e6171de7161,-309,OPERATING,ARU_GROUP,MODELED_BANK_CLEARING_OF_FORECAST_PAYMENT
base,ARU_GROUP,2027,3,base-ARU_GROUP-2027-000585,EV-base-base-ARU_GROUP-2027-000585,IC-base-202703-mro-TERMINALS-COST,FORECAST,PUBLIC_SYNTHETIC_PLANNING_MODEL,2026-09-06T00:00:00-07:00,PAY-base-base-ARU_GROUP-2027-000585,2027-03-31,2027-04-02,SIMBANK-7a79c49a7c639e3163,-299,OPERATING,ARU_GROUP,MODELED_BANK_CLEARING_OF_FORECAST_PAYMENT
base,ARU_GROUP,2027,3,base-ARU_GROUP-2027-000586,EV-base-base-ARU_GROUP-2027-000586,IC-base-202703-mro-TRUCKING-COST,FORECAST,PUBLIC_SYNTHETIC_PLANNING_MODEL,2026-09-06T00:00:00-07:00,PAY-base-base-ARU_GROUP-2027-000586,2027-03-31,2027-04-02,SIMBANK-5dc75acfb1866c645d,-453,OPERATING,ARU_GROUP,MODELED_BANK_CLEARING_OF_FORECAST_PAYMENT
base,ARU_GROUP,2027,3,base-ARU_GROUP-2027-000587,EV-base-base-ARU_GROUP-2027-000587,IC-base-202703-project-BST-COST,FORECAST,PUBLIC_SYNTHETIC_PLANNING_MODEL,2026-09-06T00:00:00-07:00,PAY-base-base-ARU_GROUP-2027-000587,2027-03-31,2027-04-02,SIMBANK-5f824d916566e8803a,-670,OPERATING,ARU_GROUP,MODELED_BANK_CLEARING_OF_FORECAST_PAYMENT
base,ARU_GROUP,2027,3,base-ARU_GROUP-2027-000588,EV-base-base-ARU_GROUP-2027-000588,IC-base-202703-project-TERMINALS-COST,FORECAST,PUBLIC_SYNTHETIC_PLANNING_MODEL,2026-09-06T00:00:00-07:00,PAY-base-base-ARU_GROUP-2027-000588,2027-03-31,2027-04-02,SIMBANK-ca3592fc8a84a042d8,-824,OPERATING,ARU_GROUP,MODELED_BANK_CLEARING_OF_FORECAST_PAYMENT
base,ARU_GROUP,2027,3,base-ARU_GROUP-2027-000589,EV-base-base-ARU_GROUP-2027-000589,IC-base-202703-project-TRUCKING-COST,FORECAST,PUBLIC_SYNTHETIC_PLANNING_MODEL,2026-09-06T00:00:00-07:00,PAY-base-base-ARU_GROUP-2027-000589,2027-03-31,2027-04-02,SIMBANK-82232f3bb5a58b2a59,-1339,OPERATING,ARU_GROUP,MODELED_BANK_CLEARING_OF_FORECAST_PAYMENT
base,ARU_GROUP,2027,3,base-ARU_GROUP-2027-000590,EV-base-base-ARU_GROUP-2027-000590,IC-base-202703-steel-BST-COST,FORECAST,PUBLIC_SYNTHETIC_PLANNING_MODEL,2026-09-06T00:00:00-07:00,PAY-base-base-ARU_GROUP-2027-000590,2027-03-31,2027-04-02,SIMBANK-778bed7c3843753d95,-886,OPERATING,ARU_GROUP,MODELED_BANK_CLEARING_OF_FORECAST_PAYMENT
base,ARU_GROUP,2027,3,base-ARU_GROUP-2027-000591,EV-base-base-ARU_GROUP-2027-000591,IC-base-202703-steel-TERMINALS-COST,FORECAST,PUBLIC_SYNTHETIC_PLANNING_MODEL,2026-09-06T00:00:00-07:00,PAY-base-base-ARU_GROUP-2027-000591,2027-03-31,2027-04-02,SIMBANK-3463be07f880a8eeef,-762,OPERATING,ARU_GROUP,MODELED_BANK_CLEARING_OF_FORECAST_PAYMENT
base,ARU_GROUP,2027,3,base-ARU_GROUP-2027-000592,EV-base-base-ARU_GROUP-2027-000592,IC-base-202703-steel-TRUCKING-COST,FORECAST,PUBLIC_SYNTHETIC_PLANNING_MODEL,2026-09-06T00:00:00-07:00,PAY-base-base-ARU_GROUP-2027-000592,2027-03-31,2027-04-02,SIMBANK-ecc9042055efdf4b55,-1545,OPERATING,ARU_GROUP,MODELED_BANK_CLEARING_OF_FORECAST_PAYMENT
base,ARU_GROUP,2027,3,base-ARU_GROUP-2027-000593,EV-base-base-ARU_GROUP-2027-000593,IF-FIXED-base-202703-BST,FORECAST,PUBLIC_SYNTHETIC_PLANNING_MODEL,2026-09-06T00:00:00-07:00,PAY-base-base-ARU_GROUP-2027-000593,2027-03-31,2027-04-02,SIMBANK-e6bd760b847ad9ca4e,-1030,OPERATING,ARU_GROUP,MODELED_BANK_CLEARING_OF_FORECAST_PAYMENT
base,ARU_GROUP,2027,3,base-ARU_GROUP-2027-000594,EV-base-base-ARU_GROUP-2027-000594,IF-FIXED-base-202703-TERMINALS,FORECAST,PUBLIC_SYNTHETIC_PLANNING_MODEL,2026-09-06T00:00:00-07:00,PAY-base-base-ARU_GROUP-2027-000594,2027-03-31,2027-04-02,SIMBANK-35db174b50693a31a6,-2060,OPERATING,ARU_GROUP,MODELED_BANK_CLEARING_OF_FORECAST_PAYMENT
base,ARU_GROUP,2027,3,base-ARU_GROUP-2027-000595,EV-base-base-ARU_GROUP-2027-000595,IF-FIXED-base-202703-TRUCKING,FORECAST,PUBLIC_SYNTHETIC_PLANNING_MODEL,2026-09-06T00:00:00-07:00,PAY-base-base-ARU_GROUP-2027-000595,2027-03-31,2027-04-02,SIMBANK-d86cf9423b5c747cb1,-1030,OPERATING,ARU_GROUP,MODELED_BANK_CLEARING_OF_FORECAST_PAYMENT
base,ARU_GROUP,2027,3,base-ARU_GROUP-2027-000596,EV-base-base-ARU_GROUP-2027-000596,PROC-base-202702-ARU-INS,FORECAST,PUBLIC_SYNTHETIC_PLANNING_MODEL,2026-09-06T00:00:00-07:00,PAY-base-base-ARU_GROUP-2027-000596,2027-03-31,2027-04-02,SIMBANK-2cab5987f3a13885bd,-9745,OPERATING,ARU_GROUP,MODELED_BANK_CLEARING_OF_FORECAST_PAYMENT
base,ARU_GROUP,2027,3,base-ARU_GROUP-2027-000597,EV-base-base-ARU_GROUP-2027-000597,PROC-base-202702-ARU-MAINT,FORECAST,PUBLIC_SYNTHETIC_PLANNING_MODEL,2026-09-06T00:00:00-07:00,PAY-base-base-ARU_GROUP-2027-000597,2027-03-31,2027-04-02,SIMBANK-5f3c0f1660555cfd1a,-12181,OPERATING,ARU_GROUP,MODELED_BANK_CLEARING_OF_FORECAST_PAYMENT
base,ARU_GROUP,2027,3,base-ARU_GROUP-2027-000598,EV-base-base-ARU_GROUP-2027-000598,PROC-base-202702-ARU-MAT,FORECAST,PUBLIC_SYNTHETIC_PLANNING_MODEL,2026-09-06T00:00:00-07:00,PAY-base-base-ARU_GROUP-2027-000598,2027-03-31,2027-04-02,SIMBANK-66af4873e0bde39861,-12180,OPERATING,ARU_GROUP,MODELED_BANK_CLEARING_OF_FORECAST_PAYMENT
base,ARU_GROUP,2027,3,base-ARU_GROUP-2027-000599,EV-base-base-ARU_GROUP-2027-000599,PROC-base-202702-ARU-OCC,FORECAST,PUBLIC_SYNTHETIC_PLANNING_MODEL,2026-09-06T00:00:00-07:00,PAY-base-base-ARU_GROUP-2027-000599,2027-03-31,2027-04-02,SIMBANK-9bfb505bff1e2b719d,-9745,OPERATING,ARU_GROUP,MODELED_BANK_CLEARING_OF_FORECAST_PAYMENT
base,ARU_GROUP,2027,3,base-ARU_GROUP-2027-000600,EV-base-base-ARU_GROUP-2027-000600,PROC-base-202702-ARU-SERV,FORECAST,PUBLIC_SYNTHETIC_PLANNING_MODEL,2026-09-06T00:00:00-07:00,PAY-base-base-ARU_GROUP-2027-000600,2027-03-31,2027-04-02,SIMBANK-64e8b80969123d91a9,-4872,OPERATING,ARU_GROUP,MODELED_BANK_CLEARING_OF_FORECAST_PAYMENT
base,ARU_GROUP,2027,3,base-ARU_GROUP-2027-000601,EV-base-base-ARU_GROUP-2027-000601,PROC-base-202702-BST-INS,FORECAST,PUBLIC_SYNTHETIC_PLANNING_MODEL,2026-09-06T00:00:00-07:00,PAY-base-base-ARU_GROUP-2027-000601,2027-03-31,2027-04-02,SIMBANK-dccfce2daae262bd17,-110192,OPERATING,ARU_GROUP,MODELED_BANK_CLEARING_OF_FORECAST_PAYMENT
base,ARU_GROUP,2027,3,base-ARU_GROUP-2027-000602,EV-base-base-ARU_GROUP-2027-000602,PROC-base-202702-BST-MAINT,FORECAST,PUBLIC_SYNTHETIC_PLANNING_MODEL,2026-09-06T00:00:00-07:00,PAY-base-base-ARU_GROUP-2027-000602,2027-03-31,2027-04-02,SIMBANK-2ac9e112a9553e71c2,-150487,OPERATING,ARU_GROUP,MODELED_BANK_CLEARING_OF_FORECAST_PAYMENT
base,ARU_GROUP,2027,3,base-ARU_GROUP-2027-000603,EV-base-base-ARU_GROUP-2027-000603,PROC-base-202702-BST-MAT,FORECAST,PUBLIC_SYNTHETIC_PLANNING_MODEL,2026-09-06T00:00:00-07:00,PAY-base-base-ARU_GROUP-2027-000603,2027-03-31,2027-04-02,SIMBANK-d165bff81c98399727,-112992,OPERATING,ARU_GROUP,MODELED_BANK_CLEARING_OF_FORECAST_PAYMENT
base,ARU_GROUP,2027,3,base-ARU_GROUP-2027-000604,EV-base-base-ARU_GROUP-2027-000604,PROC-base-202702-BST-OCC,FORECAST,PUBLIC_SYNTHETIC_PLANNING_MODEL,2026-09-06T00:00:00-07:00,PAY-base-base-ARU_GROUP-2027-000604,2027-03-31,2027-04-02,SIMBANK-b621e32444e674f262,-114176,OPERATING,ARU_GROUP,MODELED_BANK_CLEARING_OF_FORECAST_PAYMENT
base,ARU_GROUP,2027,3,base-ARU_GROUP-2027-000605,EV-base-base-ARU_GROUP-2027-000605,PROC-base-202702-BST-SERV,FORECAST,PUBLIC_SYNTHETIC_PLANNING_MODEL,2026-09-06T00:00:00-07:00,PAY-base-base-ARU_GROUP-2027-000605,2027-03-31,2027-04-02,SIMBANK-08fafa229751e19fcf,-123164,OPERATING,ARU_GROUP,MODELED_BANK_CLEARING_OF_FORECAST_PAYMENT
base,ARU_GROUP,2027,3,base-ARU_GROUP-2027-000606,EV-base-base-ARU_GROUP-2027-000606,PROC-base-202702-TERMINALS-INS,FORECAST,PUBLIC_SYNTHETIC_PLANNING_MODEL,2026-09-06T00:00:00-07:00,PAY-base-base-ARU_GROUP-2027-000606,2027-03-31,2027-04-02,SIMBANK-015d8f307e1eb3fe1e,-77962,OPERATING,ARU_GROUP,MODELED_BANK_CLEARING_OF_FORECAST_PAYMENT
base,ARU_GROUP,2027,3,base-ARU_GROUP-2027-000607,EV-base-base-ARU_GROUP-2027-000607,PROC-base-202702-TERMINALS-MAINT,FORECAST,PUBLIC_SYNTHETIC_PLANNING_MODEL,2026-09-06T00:00:00-07:00,PAY-base-base-ARU_GROUP-2027-000607,2027-03-31,2027-04-02,SIMBANK-9ece990307a0338a31,-120358,OPERATING,ARU_GROUP,MODELED_BANK_CLEARING_OF_FORECAST_PAYMENT
base,ARU_GROUP,2027,3,base-ARU_GROUP-2027-000608,EV-base-base-ARU_GROUP-2027-000608,PROC-base-202702-TERMINALS-MAT,FORECAST,PUBLIC_SYNTHETIC_PLANNING_MODEL,2026-09-06T00:00:00-07:00,PAY-base-base-ARU_GROUP-2027-000608,2027-03-31,2027-04-02,SIMBANK-43680b9c02cd340312,-112695,OPERATING,ARU_GROUP,MODELED_BANK_CLEARING_OF_FORECAST_PAYMENT
base,ARU_GROUP,2027,3,base-ARU_GROUP-2027-000609,EV-base-base-ARU_GROUP-2027-000609,PROC-base-202702-TERMINALS-OCC,FORECAST,PUBLIC_SYNTHETIC_PLANNING_MODEL,2026-09-06T00:00:00-07:00,PAY-base-base-ARU_GROUP-2027-000609,2027-03-31,2027-04-02,SIMBANK-b25a277485cb7c7d54,-101650,OPERATING,ARU_GROUP,MODELED_BANK_CLEARING_OF_FORECAST_PAYMENT
base,ARU_GROUP,2027,3,base-ARU_GROUP-2027-000610,EV-base-base-ARU_GROUP-2027-000610,PROC-base-202702-TERMINALS-SERV,FORECAST,PUBLIC_SYNTHETIC_PLANNING_MODEL,2026-09-06T00:00:00-07:00,PAY-base-base-ARU_GROUP-2027-000610,2027-03-31,2027-04-02,SIMBANK-2bb950dcb73c097261,-73939,OPERATING,ARU_GROUP,MODELED_BANK_CLEARING_OF_FORECAST_PAYMENT
base,ARU_GROUP,2027,3,base-ARU_GROUP-2027-000611,EV-base-base-ARU_GROUP-2027-000611,PROC-base-202702-TRUCKING-INS,FORECAST,PUBLIC_SYNTHETIC_PLANNING_MODEL,2026-09-06T00:00:00-07:00,PAY-base-base-ARU_GROUP-2027-000611,2027-03-31,2027-04-02,SIMBANK-1317ddf59ce9489a69,-30804,OPERATING,ARU_GROUP,MODELED_BANK_CLEARING_OF_FORECAST_PAYMENT
base,ARU_GROUP,2027,3,base-ARU_GROUP-2027-000612,EV-base-base-ARU_GROUP-2027-000612,PROC-base-202702-TRUCKING-MAINT,FORECAST,PUBLIC_SYNTHETIC_PLANNING_MODEL,2026-09-06T00:00:00-07:00,PAY-base-base-ARU_GROUP-2027-000612,2027-03-31,2027-04-02,SIMBANK-7bf5bc4aa28494878e,-71343,OPERATING,ARU_GROUP,MODELED_BANK_CLEARING_OF_FORECAST_PAYMENT
base,ARU_GROUP,2027,3,base-ARU_GROUP-2027-000613,EV-base-base-ARU_GROUP-2027-000613,PROC-base-202702-TRUCKING-MAT,FORECAST,PUBLIC_SYNTHETIC_PLANNING_MODEL,2026-09-06T00:00:00-07:00,PAY-base-base-ARU_GROUP-2027-000613,2027-03-31,2027-04-02,SIMBANK-6b96ee180469f27fda,-93532,OPERATING,ARU_GROUP,MODELED_BANK_CLEARING_OF_FORECAST_PAYMENT
base,ARU_GROUP,2027,3,base-ARU_GROUP-2027-000614,EV-base-base-ARU_GROUP-2027-000614,PROC-base-202702-TRUCKING-OCC,FORECAST,PUBLIC_SYNTHETIC_PLANNING_MODEL,2026-09-06T00:00:00-07:00,PAY-base-base-ARU_GROUP-2027-000614,2027-03-31,2027-04-02,SIMBANK-4c339d49d2ff6fbfe9,-60248,OPERATING,ARU_GROUP,MODELED_BANK_CLEARING_OF_FORECAST_PAYMENT
base,ARU_GROUP,2027,3,base-ARU_GROUP-2027-000615,EV-base-base-ARU_GROUP-2027-000615,PROC-base-202702-TRUCKING-SERV,FORECAST,PUBLIC_SYNTHETIC_PLANNING_MODEL,2026-09-06T00:00:00-07:00,PAY-base-base-ARU_GROUP-2027-000615,2027-03-31,2027-04-02,SIMBANK-79b6b284587c6f8bfd,-29217,OPERATING,ARU_GROUP,MODELED_BANK_CLEARING_OF_FORECAST_PAYMENT
base,ARU_GROUP,2027,3,base-ARU_GROUP-2027-000616,EV-base-base-ARU_GROUP-2027-000616,PROC-base-202702-WAREHOUSE-INS,FORECAST,PUBLIC_SYNTHETIC_PLANNING_MODEL,2026-09-06T00:00:00-07:00,PAY-base-base-ARU_GROUP-2027-000616,2027-03-31,2027-04-02,SIMBANK-ca234a6963dce55d22,-26223,OPERATING,ARU_GROUP,MODELED_BANK_CLEARING_OF_FORECAST_PAYMENT
base,ARU_GROUP,2027,3,base-ARU_GROUP-2027-000617,EV-base-base-ARU_GROUP-2027-000617,PROC-base-202702-WAREHOUSE-MAINT,FORECAST,PUBLIC_SYNTHETIC_PLANNING_MODEL,2026-09-06T00:00:00-07:00,PAY-base-base-ARU_GROUP-2027-000617,2027-03-31,2027-04-02,SIMBANK-fa330b04f874d2b3f5,-32387,OPERATING,ARU_GROUP,MODELED_BANK_CLEARING_OF_FORECAST_PAYMENT
base,ARU_GROUP,2027,3,base-ARU_GROUP-2027-000618,EV-base-base-ARU_GROUP-2027-000618,PROC-base-202702-WAREHOUSE-MAT,FORECAST,PUBLIC_SYNTHETIC_PLANNING_MODEL,2026-09-06T00:00:00-07:00,PAY-base-base-ARU_GROUP-2027-000618,2027-03-31,2027-04-02,SIMBANK-2483a4890ef8c8a7f0,-53070,OPERATING,ARU_GROUP,MODELED_BANK_CLEARING_OF_FORECAST_PAYMENT
base,ARU_GROUP,2027,3,base-ARU_GROUP-2027-000619,EV-base-base-ARU_GROUP-2027-000619,PROC-base-202702-WAREHOUSE-OCC,FORECAST,PUBLIC_SYNTHETIC_PLANNING_MODEL,2026-09-06T00:00:00-07:00,PAY-base-base-ARU_GROUP-2027-000619,2027-03-31,2027-04-02,SIMBANK-3692b830a48ee441d5,-25644,OPERATING,ARU_GROUP,MODELED_BANK_CLEARING_OF_FORECAST_PAYMENT
base,ARU_GROUP,2027,3,base-ARU_GROUP-2027-000620,EV-base-base-ARU_GROUP-2027-000620,PROC-base-202702-WAREHOUSE-SERV,FORECAST,PUBLIC_SYNTHETIC_PLANNING_MODEL,2026-09-06T00:00:00-07:00,PAY-base-base-ARU_GROUP-2027-000620,2027-03-31,2027-04-02,SIMBANK-a8f47d1a53fc091a98,-24870,OPERATING,ARU_GROUP,MODELED_BANK_CLEARING_OF_FORECAST_PAYMENT
base,ARU_GROUP,2027,3,base-ARU_GROUP-2027-000621,EV-base-base-ARU_GROUP-2027-000621,CAPEX-base-ARU_GROUP-202703-replacement,FORECAST,PUBLIC_SYNTHETIC_PLANNING_MODEL,2026-09-06T00:00:00-07:00,PAY-base-base-ARU_GROUP-2027-000621,2027-03-31,2027-04-02,SIMBANK-8f3ac60e68844ecf31,-283250,INVESTING,ARU_GROUP,MODELED_BANK_CLEARING_OF_FORECAST_PAYMENT
base,ARU_GROUP,2027,4,base-ARU_GROUP-2027-000738,EV-base-base-ARU_GROUP-2027-000738,SALE-base-202702-BST-2025-001,FORECAST,PUBLIC_SYNTHETIC_PLANNING_MODEL,2026-09-06T00:00:00-07:00,PAY-base-base-ARU_GROUP-2027-000738,2027-04-30,2027-05-02,SIMBANK-f092769714cd0b8069,123487,OPERATING,ARU_GROUP,MODELED_BANK_CLEARING_OF_FORECAST_PAYMENT
base,ARU_GROUP,2027,4,base-ARU_GROUP-2027-000739,EV-base-base-ARU_GROUP-2027-000739,SALE-base-202702-BST-2025-006,FORECAST,PUBLIC_SYNTHETIC_PLANNING_MODEL,2026-09-06T00:00:00-07:00,PAY-base-base-ARU_GROUP-2027-000739,2027-04-30,2027-05-02,SIMBANK-75c360fd74b00f5a9d,53337,OPERATING,ARU_GROUP,MODELED_BANK_CLEARING_OF_FORECAST_PAYMENT
base,ARU_GROUP,2027,4,base-ARU_GROUP-2027-000740,EV-base-base-ARU_GROUP-2027-000740,SALE-base-202702-BST-2025-002,FORECAST,PUBLIC_SYNTHETIC_PLANNING_MODEL,2026-09-06T00:00:00-07:00,PAY-base-base-ARU_GROUP-2027-000740,2027-04-30,2027-05-02,SIMBANK-32a8066c7d3899651f,92710,OPERATING,ARU_GROUP,MODELED_BANK_CLEARING_OF_FORECAST_PAYMENT
base,ARU_GROUP,2027,4,base-ARU_GROUP-2027-000741,EV-base-base-ARU_GROUP-2027-000741,SALE-base-202702-BST-2025-007,FORECAST,PUBLIC_SYNTHETIC_PLANNING_MODEL,2026-09-06T00:00:00-07:00,PAY-base-base-ARU_GROUP-2027-000741,2027-04-30,2027-05-02,SIMBANK-a555d746a4aeee9451,41767,OPERATING,ARU_GROUP,MODELED_BANK_CLEARING_OF_FORECAST_PAYMENT
base,ARU_GROUP,2027,4,base-ARU_GROUP-2027-000742,EV-base-base-ARU_GROUP-2027-000742,SALE-base-202702-BST-2025-004,FORECAST,PUBLIC_SYNTHETIC_PLANNING_MODEL,2026-09-06T00:00:00-07:00,PAY-base-base-ARU_GROUP-2027-000742,2027-04-30,2027-05-02,SIMBANK-041a7c966fb17d64ae,48005,OPERATING,ARU_GROUP,MODELED_BANK_CLEARING_OF_FORECAST_PAYMENT
base,ARU_GROUP,2027,4,base-ARU_GROUP-2027-000743,EV-base-base-ARU_GROUP-2027-000743,SALE-base-202702-BST-2025-008,FORECAST,PUBLIC_SYNTHETIC_PLANNING_MODEL,2026-09-06T00:00:00-07:00,PAY-base-base-ARU_GROUP-2027-000743,2027-04-30,2027-05-02,SIMBANK-ab31c65c71433351cc,24555,OPERATING,ARU_GROUP,MODELED_BANK_CLEARING_OF_FORECAST_PAYMENT
base,ARU_GROUP,2027,4,base-ARU_GROUP-2027-000744,EV-base-base-ARU_GROUP-2027-000744,SALE-base-202702-BST-2025-003,FORECAST,PUBLIC_SYNTHETIC_PLANNING_MODEL,2026-09-06T00:00:00-07:00,PAY-base-base-ARU_GROUP-2027-000744,2027-04-30,2027-05-02,SIMBANK-1d32bbf20fcb709b02,56717,OPERATING,ARU_GROUP,MODELED_BANK_CLEARING_OF_FORECAST_PAYMENT
base,ARU_GROUP,2027,4,base-ARU_GROUP-2027-000745,EV-base-base-ARU_GROUP-2027-000745,SALE-base-202702-BST-2025-009,FORECAST,PUBLIC_SYNTHETIC_PLANNING_MODEL,2026-09-06T00:00:00-07:00,PAY-base-base-ARU_GROUP-2027-000745,2027-04-30,2027-05-02,SIMBANK-8340d8302fd2cdd097,30418,OPERATING,ARU_GROUP,MODELED_BANK_CLEARING_OF_FORECAST_PAYMENT
base,ARU_GROUP,2027,4,base-ARU_GROUP-2027-000746,EV-base-base-ARU_GROUP-2027-000746,SALE-base-202702-BST-2025-010,FORECAST,PUBLIC_SYNTHETIC_PLANNING_MODEL,2026-09-06T00:00:00-07:00,PAY-base-base-ARU_GROUP-2027-000746,2027-04-30,2027-05-02,SIMBANK-d288f126132528de37,27697,OPERATING,ARU_GROUP,MODELED_BANK_CLEARING_OF_FORECAST_PAYMENT
base,ARU_GROUP,2027,4,base-ARU_GROUP-2027-000747,EV-base-base-ARU_GROUP-2027-000747,SALE-base-202702-BST-2025-011,FORECAST,PUBLIC_SYNTHETIC_PLANNING_MODEL,2026-09-06T00:00:00-07:00,PAY-base-base-ARU_GROUP-2027-000747,2027-04-30,2027-05-02,SIMBANK-44a3e3c4232d6bdfde,15521,OPERATING,ARU_GROUP,MODELED_BANK_CLEARING_OF_FORECAST_PAYMENT
base,ARU_GROUP,2027,4,base-ARU_GROUP-2027-000748,EV-base-base-ARU_GROUP-2027-000748,SALE-base-202702-BST-2025-012,FORECAST,PUBLIC_SYNTHETIC_PLANNING_MODEL,2026-09-06T00:00:00-07:00,PAY-base-base-ARU_GROUP-2027-000748,2027-04-30,2027-05-02,SIMBANK-6228d88932f1233828,46126,OPERATING,ARU_GROUP,MODELED_BANK_CLEARING_OF_FORECAST_PAYMENT
base,ARU_GROUP,2027,4,base-ARU_GROUP-2027-000749,EV-base-base-ARU_GROUP-2027-000749,SALE-base-202702-BST-2025-013,FORECAST,PUBLIC_SYNTHETIC_PLANNING_MODEL,2026-09-06T00:00:00-07:00,PAY-base-base-ARU_GROUP-2027-000749,2027-04-30,2027-05-02,SIMBANK-9cc58dbcbfbbcf5e1c,29206,OPERATING,ARU_GROUP,MODELED_BANK_CLEARING_OF_FORECAST_PAYMENT
base,ARU_GROUP,2027,4,base-ARU_GROUP-2027-000750,EV-base-base-ARU_GROUP-2027-000750,SALE-base-202702-TRM-2025-001,FORECAST,PUBLIC_SYNTHETIC_PLANNING_MODEL,2026-09-06T00:00:00-07:00,PAY-base-base-ARU_GROUP-2027-000750,2027-04-30,2027-05-02,SIMBANK-ad96daa9a893b090d4,49709,OPERATING,ARU_GROUP,MODELED_BANK_CLEARING_OF_FORECAST_PAYMENT
base,ARU_GROUP,2027,4,base-ARU_GROUP-2027-000751,EV-base-base-ARU_GROUP-2027-000751,SALE-base-202702-TRM-2025-002,FORECAST,PUBLIC_SYNTHETIC_PLANNING_MODEL,2026-09-06T00:00:00-07:00,PAY-base-base-ARU_GROUP-2027-000751,2027-04-30,2027-05-02,SIMBANK-70c8fe2e95e9946fba,48337,OPERATING,ARU_GROUP,MODELED_BANK_CLEARING_OF_FORECAST_PAYMENT
base,ARU_GROUP,2027,4,base-ARU_GROUP-2027-000752,EV-base-base-ARU_GROUP-2027-000752,SALE-base-202702-TRM-2025-003,FORECAST,PUBLIC_SYNTHETIC_PLANNING_MODEL,2026-09-06T00:00:00-07:00,PAY-base-base-ARU_GROUP-2027-000752,2027-04-30,2027-05-02,SIMBANK-97de9983ae49532b42,66631,OPERATING,ARU_GROUP,MODELED_BANK_CLEARING_OF_FORECAST_PAYMENT
base,ARU_GROUP,2027,4,base-ARU_GROUP-2027-000753,EV-base-base-ARU_GROUP-2027-000753,SALE-base-202702-TRM-2025-014,FORECAST,PUBLIC_SYNTHETIC_PLANNING_MODEL,2026-09-06T00:00:00-07:00,PAY-base-base-ARU_GROUP-2027-000753,2027-04-30,2027-05-02,SIMBANK-2803cdaf5c6eacc074,66525,OPERATING,ARU_GROUP,MODELED_BANK_CLEARING_OF_FORECAST_PAYMENT
base,ARU_GROUP,2027,4,base-ARU_GROUP-2027-000754,EV-base-base-ARU_GROUP-2027-000754,SALE-base-202702-TRM-2025-015,FORECAST,PUBLIC_SYNTHETIC_PLANNING_MODEL,2026-09-06T00:00:00-07:00,PAY-base-base-ARU_GROUP-2027-000754,2027-04-30,2027-05-02,SIMBANK-5d3763cbde37f0c3ae,65602,OPERATING,ARU_GROUP,MODELED_BANK_CLEARING_OF_FORECAST_PAYMENT
base,ARU_GROUP,2027,4,base-ARU_GROUP-2027-000755,EV-base-base-ARU_GROUP-2027-000755,SALE-base-202702-TRM-2025-016,FORECAST,PUBLIC_SYNTHETIC_PLANNING_MODEL,2026-09-06T00:00:00-07:00,PAY-base-base-ARU_GROUP-2027-000755,2027-04-30,2027-05-02,SIMBANK-e7d67f140f6aa23005,63569,OPERATING,ARU_GROUP,MODELED_BANK_CLEARING_OF_FORECAST_PAYMENT
base,ARU_GROUP,2027,4,base-ARU_GROUP-2027-000756,EV-base-base-ARU_GROUP-2027-000756,SALE-base-202702-TRM-2025-017,FORECAST,PUBLIC_SYNTHETIC_PLANNING_MODEL,2026-09-06T00:00:00-07:00,PAY-base-base-ARU_GROUP-2027-000756,2027-04-30,2027-05-02,SIMBANK-1c8fa15210ed9dbb40,60982,OPERATING,ARU_GROUP,MODELED_BANK_CLEARING_OF_FORECAST_PAYMENT
base,ARU_GROUP,2027,4,base-ARU_GROUP-2027-000757,EV-base-base-ARU_GROUP-2027-000757,SALE-base-202702-TRM-2025-018,FORECAST,PUBLIC_SYNTHETIC_PLANNING_MODEL,2026-09-06T00:00:00-07:00,PAY-base-base-ARU_GROUP-2027-000757,2027-04-30,2027-05-02,SIMBANK-250a4904c7a35ed0b5,59134,OPERATING,ARU_GROUP,MODELED_BANK_CLEARING_OF_FORECAST_PAYMENT
base,ARU_GROUP,2027,4,base-ARU_GROUP-2027-000758,EV-base-base-ARU_GROUP-2027-000758,SALE-base-202702-TRK-2025-004,FORECAST,PUBLIC_SYNTHETIC_PLANNING_MODEL,2026-09-06T00:00:00-07:00,PAY-base-base-ARU_GROUP-2027-000758,2027-04-30,2027-05-02,SIMBANK-7fcdc9b6e15ce6e5c7,53076,OPERATING,ARU_GROUP,MODELED_BANK_CLEARING_OF_FORECAST_PAYMENT
base,ARU_GROUP,2027,4,base-ARU_GROUP-2027-000759,EV-base-base-ARU_GROUP-2027-000759,SALE-base-202702-TRK-2025-019,FORECAST,PUBLIC_SYNTHETIC_PLANNING_MODEL,2026-09-06T00:00:00-07:00,PAY-base-base-ARU_GROUP-2027-000759,2027-04-30,2027-05-02,SIMBANK-bd05080e46b4a59ca9,60206,OPERATING,ARU_GROUP,MODELED_BANK_CLEARING_OF_FORECAST_PAYMENT
base,ARU_GROUP,2027,4,base-ARU_GROUP-2027-000760,EV-base-base-ARU_GROUP-2027-000760,SALE-base-202702-TRK-2025-020,FORECAST,PUBLIC_SYNTHETIC_PLANNING_MODEL,2026-09-06T00:00:00-07:00,PAY-base-base-ARU_GROUP-2027-000760,2027-04-30,2027-05-02,SIMBANK-ebc617a71a0ef9b9c0,57566,OPERATING,ARU_GROUP,MODELED_BANK_CLEARING_OF_FORECAST_PAYMENT
base,ARU_GROUP,2027,4,base-ARU_GROUP-2027-000761,EV-base-base-ARU_GROUP-2027-000761,SALE-base-202702-TRK-2025-021,FORECAST,PUBLIC_SYNTHETIC_PLANNING_MODEL,2026-09-06T00:00:00-07:00,PAY-base-base-ARU_GROUP-2027-000761,2027-04-30,2027-05-02,SIMBANK-745429372cddafed33,54661,OPERATING,ARU_GROUP,MODELED_BANK_CLEARING_OF_FORECAST_PAYMENT
base,ARU_GROUP,2027,4,base-ARU_GROUP-2027-000762,EV-base-base-ARU_GROUP-2027-000762,SALE-base-202702-TRK-2025-022,FORECAST,PUBLIC_SYNTHETIC_PLANNING_MODEL,2026-09-06T00:00:00-07:00,PAY-base-base-ARU_GROUP-2027-000762,2027-04-30,2027-05-02,SIMBANK-bdf249fc3ca67e938f,51756,OPERATING,ARU_GROUP,MODELED_BANK_CLEARING_OF_FORECAST_PAYMENT
base,ARU_GROUP,2027,4,base-ARU_GROUP-2027-000763,EV-base-base-ARU_GROUP-2027-000763,SALE-base-202702-WHS-2025-005,FORECAST,PUBLIC_SYNTHETIC_PLANNING_MODEL,2026-09-06T00:00:00-07:00,PAY-base-base-ARU_GROUP-2027-000763,2027-04-30,2027-05-02,SIMBANK-f69e849c4103316d4c,89813,OPERATING,ARU_GROUP,MODELED_BANK_CLEARING_OF_FORECAST_PAYMENT
base,ARU_GROUP,2027,4,base-ARU_GROUP-2027-000764,EV-base-base-ARU_GROUP-2027-000764,SALE-base-202702-WHS-2025-023,FORECAST,PUBLIC_SYNTHETIC_PLANNING_MODEL,2026-09-06T00:00:00-07:00,PAY-base-base-ARU_GROUP-2027-000764,2027-04-30,2027-05-02,SIMBANK-374014ceb11ce7e681,47678,OPERATING,ARU_GROUP,MODELED_BANK_CLEARING_OF_FORECAST_PAYMENT
base,ARU_GROUP,2027,4,base-ARU_GROUP-2027-000765,EV-base-base-ARU_GROUP-2027-000765,SALE-base-202702-WHS-2025-024,FORECAST,PUBLIC_SYNTHETIC_PLANNING_MODEL,2026-09-06T00:00:00-07:00,PAY-base-base-ARU_GROUP-2027-000765,2027-04-30,2027-05-02,SIMBANK-ef7f3ab014cfb8df99,44352,OPERATING,ARU_GROUP,MODELED_BANK_CLEARING_OF_FORECAST_PAYMENT
base,ARU_GROUP,2027,4,base-ARU_GROUP-2027-000766,EV-base-base-ARU_GROUP-2027-000766,SALE-base-202702-WHS-2025-025,FORECAST,PUBLIC_SYNTHETIC_PLANNING_MODEL,2026-09-06T00:00:00-07:00,PAY-base-base-ARU_GROUP-2027-000766,2027-04-30,2027-05-02,SIMBANK-3647061de630560496,39916,OPERATING,ARU_GROUP,MODELED_BANK_CLEARING_OF_FORECAST_PAYMENT
base,ARU_GROUP,2027,4,base-ARU_GROUP-2027-000767,EV-base-base-ARU_GROUP-2027-000767,SALE-base-202703-BST-2025-001,FORECAST,PUBLIC_SYNTHETIC_PLANNING_MODEL,2026-09-06T00:00:00-07:00,PAY-base-base-ARU_GROUP-2027-000767,2027-04-30,2027-05-02,SIMBANK-9278e993482b4b819b,139575,OPERATING,ARU_GROUP,MODELED_BANK_CLEARING_OF_FORECAST_PAYMENT
base,ARU_GROUP,2027,4,base-ARU_GROUP-2027-000768,EV-base-base-ARU_GROUP-2027-000768,SALE-base-202703-BST-2025-006,FORECAST,PUBLIC_SYNTHETIC_PLANNING_MODEL,2026-09-06T00:00:00-07:00,PAY-base-base-ARU_GROUP-2027-000768,2027-04-30,2027-05-02,SIMBANK-118655d970669cdf5b,59919,OPERATING,ARU_GROUP,MODELED_BANK_CLEARING_OF_FORECAST_PAYMENT
base,ARU_GROUP,2027,4,base-ARU_GROUP-2027-000769,EV-base-base-ARU_GROUP-2027-000769,SALE-base-202703-BST-2025-002,FORECAST,PUBLIC_SYNTHETIC_PLANNING_MODEL,2026-09-06T00:00:00-07:00,PAY-base-base-ARU_GROUP-2027-000769,2027-04-30,2027-05-02,SIMBANK-108318b5163594249e,104119,OPERATING,ARU_GROUP,MODELED_BANK_CLEARING_OF_FORECAST_PAYMENT
base,ARU_GROUP,2027,4,base-ARU_GROUP-2027-000770,EV-base-base-ARU_GROUP-2027-000770,SALE-base-202703-BST-2025-007,FORECAST,PUBLIC_SYNTHETIC_PLANNING_MODEL,2026-09-06T00:00:00-07:00,PAY-base-base-ARU_GROUP-2027-000770,2027-04-30,2027-05-02,SIMBANK-21aeb3ab1775f956b7,46953,OPERATING,ARU_GROUP,MODELED_BANK_CLEARING_OF_FORECAST_PAYMENT
base,ARU_GROUP,2027,4,base-ARU_GROUP-2027-000771,EV-base-base-ARU_GROUP-2027-000771,SALE-base-202703-BST-2025-004,FORECAST,PUBLIC_SYNTHETIC_PLANNING_MODEL,2026-09-06T00:00:00-07:00,PAY-base-base-ARU_GROUP-2027-000771,2027-04-30,2027-05-02,SIMBANK-1883488dff050608a1,53989,OPERATING,ARU_GROUP,MODELED_BANK_CLEARING_OF_FORECAST_PAYMENT
base,ARU_GROUP,2027,4,base-ARU_GROUP-2027-000772,EV-base-base-ARU_GROUP-2027-000772,SALE-base-202703-BST-2025-008,FORECAST,PUBLIC_SYNTHETIC_PLANNING_MODEL,2026-09-06T00:00:00-07:00,PAY-base-base-ARU_GROUP-2027-000772,2027-04-30,2027-05-02,SIMBANK-f83c6f9b583182bd0a,27216,OPERATING,ARU_GROUP,MODELED_BANK_CLEARING_OF_FORECAST_PAYMENT
base,ARU_GROUP,2027,4,base-ARU_GROUP-2027-000773,EV-base-base-ARU_GROUP-2027-000773,SALE-base-202703-BST-2025-003,FORECAST,PUBLIC_SYNTHETIC_PLANNING_MODEL,2026-09-06T00:00:00-07:00,PAY-base-base-ARU_GROUP-2027-000773,2027-04-30,2027-05-02,SIMBANK-4e4735dffb46cedf5c,63884,OPERATING,ARU_GROUP,MODELED_BANK_CLEARING_OF_FORECAST_PAYMENT
base,ARU_GROUP,2027,4,base-ARU_GROUP-2027-000774,EV-base-base-ARU_GROUP-2027-000774,SALE-base-202703-BST-2025-009,FORECAST,PUBLIC_SYNTHETIC_PLANNING_MODEL,2026-09-06T00:00:00-07:00,PAY-base-base-ARU_GROUP-2027-000774,2027-04-30,2027-05-02,SIMBANK-f159bbd64e5b4d14d7,33491,OPERATING,ARU_GROUP,MODELED_BANK_CLEARING_OF_FORECAST_PAYMENT
base,ARU_GROUP,2027,4,base-ARU_GROUP-2027-000775,EV-base-base-ARU_GROUP-2027-000775,SALE-base-202703-BST-2025-010,FORECAST,PUBLIC_SYNTHETIC_PLANNING_MODEL,2026-09-06T00:00:00-07:00,PAY-base-base-ARU_GROUP-2027-000775,2027-04-30,2027-05-02,SIMBANK-ab58966b554e44c251,31155,OPERATING,ARU_GROUP,MODELED_BANK_CLEARING_OF_FORECAST_PAYMENT
base,ARU_GROUP,2027,4,base-ARU_GROUP-2027-000776,EV-base-base-ARU_GROUP-2027-000776,SALE-base-202703-BST-2025-011,FORECAST,PUBLIC_SYNTHETIC_PLANNING_MODEL,2026-09-06T00:00:00-07:00,PAY-base-base-ARU_GROUP-2027-000776,2027-04-30,2027-05-02,SIMBANK-7051ab9ba361e6c128,16905,OPERATING,ARU_GROUP,MODELED_BANK_CLEARING_OF_FORECAST_PAYMENT
base,ARU_GROUP,2027,4,base-ARU_GROUP-2027-000777,EV-base-base-ARU_GROUP-2027-000777,SALE-base-202703-BST-2025-012,FORECAST,PUBLIC_SYNTHETIC_PLANNING_MODEL,2026-09-06T00:00:00-07:00,PAY-base-base-ARU_GROUP-2027-000777,2027-04-30,2027-05-02,SIMBANK-9d18c361b280e2c7c2,51345,OPERATING,ARU_GROUP,MODELED_BANK_CLEARING_OF_FORECAST_PAYMENT
base,ARU_GROUP,2027,4,base-ARU_GROUP-2027-000778,EV-base-base-ARU_GROUP-2027-000778,SALE-base-202703-BST-2025-013,FORECAST,PUBLIC_SYNTHETIC_PLANNING_MODEL,2026-09-06T00:00:00-07:00,PAY-base-base-ARU_GROUP-2027-000778,2027-04-30,2027-05-02,SIMBANK-6e055ba8bcd3cb6c4b,32685,OPERATING,ARU_GROUP,MODELED_BANK_CLEARING_OF_FORECAST_PAYMENT
base,ARU_GROUP,2027,4,base-ARU_GROUP-2027-000779,EV-base-base-ARU_GROUP-2027-000779,SALE-base-202703-TRM-2025-001,FORECAST,PUBLIC_SYNTHETIC_PLANNING_MODEL,2026-09-06T00:00:00-07:00,PAY-base-base-ARU_GROUP-2027-000779,2027-04-30,2027-05-02,SIMBANK-e38ff835bfab164a2b,56814,OPERATING,ARU_GROUP,MODELED_BANK_CLEARING_OF_FORECAST_PAYMENT
base,ARU_GROUP,2027,4,base-ARU_GROUP-2027-000780,EV-base-base-ARU_GROUP-2027-000780,SALE-base-202703-TRM-2025-002,FORECAST,PUBLIC_SYNTHETIC_PLANNING_MODEL,2026-09-06T00:00:00-07:00,PAY-base-base-ARU_GROUP-2027-000780,2027-04-30,2027-05-02,SIMBANK-e7dc3e135eb360ad0a,55230,OPERATING,ARU_GROUP,MODELED_BANK_CLEARING_OF_FORECAST_PAYMENT
base,ARU_GROUP,2027,4,base-ARU_GROUP-2027-000781,EV-base-base-ARU_GROUP-2027-000781,SALE-base-202703-TRM-2025-003,FORECAST,PUBLIC_SYNTHETIC_PLANNING_MODEL,2026-09-06T00:00:00-07:00,PAY-base-base-ARU_GROUP-2027-000781,2027-04-30,2027-05-02,SIMBANK-0bf736ffb8ccadd932,76139,OPERATING,ARU_GROUP,MODELED_BANK_CLEARING_OF_FORECAST_PAYMENT
base,ARU_GROUP,2027,4,base-ARU_GROUP-2027-000782,EV-base-base-ARU_GROUP-2027-000782,SALE-base-202703-TRM-2025-014,FORECAST,PUBLIC_SYNTHETIC_PLANNING_MODEL,2026-09-06T00:00:00-07:00,PAY-base-base-ARU_GROUP-2027-000782,2027-04-30,2027-05-02,SIMBANK-a8d0225448c95ec4d0,76033,OPERATING,ARU_GROUP,MODELED_BANK_CLEARING_OF_FORECAST_PAYMENT
base,ARU_GROUP,2027,4,base-ARU_GROUP-2027-000783,EV-base-base-ARU_GROUP-2027-000783,SALE-base-202703-TRM-2025-015,FORECAST,PUBLIC_SYNTHETIC_PLANNING_MODEL,2026-09-06T00:00:00-07:00,PAY-base-base-ARU_GROUP-2027-000783,2027-04-30,2027-05-02,SIMBANK-dbc19ee0253d638089,74977,OPERATING,ARU_GROUP,MODELED_BANK_CLEARING_OF_FORECAST_PAYMENT
base,ARU_GROUP,2027,4,base-ARU_GROUP-2027-000784,EV-base-base-ARU_GROUP-2027-000784,SALE-base-202703-TRM-2025-016,FORECAST,PUBLIC_SYNTHETIC_PLANNING_MODEL,2026-09-06T00:00:00-07:00,PAY-base-base-ARU_GROUP-2027-000784,2027-04-30,2027-05-02,SIMBANK-d15fa15e1e017b5a74,72654,OPERATING,ARU_GROUP,MODELED_BANK_CLEARING_OF_FORECAST_PAYMENT
base,ARU_GROUP,2027,4,base-ARU_GROUP-2027-000785,EV-base-base-ARU_GROUP-2027-000785,SALE-base-202703-TRM-2025-017,FORECAST,PUBLIC_SYNTHETIC_PLANNING_MODEL,2026-09-06T00:00:00-07:00,PAY-base-base-ARU_GROUP-2027-000785,2027-04-30,2027-05-02,SIMBANK-8193bc0a01d76c89c2,69697,OPERATING,ARU_GROUP,MODELED_BANK_CLEARING_OF_FORECAST_PAYMENT
base,ARU_GROUP,2027,4,base-ARU_GROUP-2027-000786,EV-base-base-ARU_GROUP-2027-000786,SALE-base-202703-TRM-2025-018,FORECAST,PUBLIC_SYNTHETIC_PLANNING_MODEL,2026-09-06T00:00:00-07:00,PAY-base-base-ARU_GROUP-2027-000786,2027-04-30,2027-05-02,SIMBANK-b38135996565afad6f,67585,OPERATING,ARU_GROUP,MODELED_BANK_CLEARING_OF_FORECAST_PAYMENT
base,ARU_GROUP,2027,4,base-ARU_GROUP-2027-000787,EV-base-base-ARU_GROUP-2027-000787,SALE-base-202703-TRK-2025-004,FORECAST,PUBLIC_SYNTHETIC_PLANNING_MODEL,2026-09-06T00:00:00-07:00,PAY-base-base-ARU_GROUP-2027-000787,2027-04-30,2027-05-02,SIMBANK-b295d6a469ceb4f971,60721,OPERATING,ARU_GROUP,MODELED_BANK_CLEARING_OF_FORECAST_PAYMENT
base,ARU_GROUP,2027,4,base-ARU_GROUP-2027-000788,EV-base-base-ARU_GROUP-2027-000788,SALE-base-202703-TRK-2025-019,FORECAST,PUBLIC_SYNTHETIC_PLANNING_MODEL,2026-09-06T00:00:00-07:00,PAY-base-base-ARU_GROUP-2027-000788,2027-04-30,2027-05-02,SIMBANK-f8c85f521ff826a14b,68641,OPERATING,ARU_GROUP,MODELED_BANK_CLEARING_OF_FORECAST_PAYMENT
base,ARU_GROUP,2027,4,base-ARU_GROUP-2027-000789,EV-base-base-ARU_GROUP-2027-000789,SALE-base-202703-TRK-2025-020,FORECAST,PUBLIC_SYNTHETIC_PLANNING_MODEL,2026-09-06T00:00:00-07:00,PAY-base-base-ARU_GROUP-2027-000789,2027-04-30,2027-05-02,SIMBANK-15f0423339f3021d7b,66001,OPERATING,ARU_GROUP,MODELED_BANK_CLEARING_OF_FORECAST_PAYMENT
base,ARU_GROUP,2027,4,base-ARU_GROUP-2027-000790,EV-base-base-ARU_GROUP-2027-000790,SALE-base-202703-TRK-2025-021,FORECAST,PUBLIC_SYNTHETIC_PLANNING_MODEL,2026-09-06T00:00:00-07:00,PAY-base-base-ARU_GROUP-2027-000790,2027-04-30,2027-05-02,SIMBANK-dd213958b4941347aa,62569,OPERATING,ARU_GROUP,MODELED_BANK_CLEARING_OF_FORECAST_PAYMENT
base,ARU_GROUP,2027,4,base-ARU_GROUP-2027-000791,EV-base-base-ARU_GROUP-2027-000791,SALE-base-202703-TRK-2025-022,FORECAST,PUBLIC_SYNTHETIC_PLANNING_MODEL,2026-09-06T00:00:00-07:00,PAY-base-base-ARU_GROUP-2027-000791,2027-04-30,2027-05-02,SIMBANK-2d66b9417826a46231,59136,OPERATING,ARU_GROUP,MODELED_BANK_CLEARING_OF_FORECAST_PAYMENT
base,ARU_GROUP,2027,4,base-ARU_GROUP-2027-000792,EV-base-base-ARU_GROUP-2027-000792,SALE-base-202703-WHS-2025-005,FORECAST,PUBLIC_SYNTHETIC_PLANNING_MODEL,2026-09-06T00:00:00-07:00,PAY-base-base-ARU_GROUP-2027-000792,2027-04-30,2027-05-02,SIMBANK-93ada5afcd42a05183,102642,OPERATING,ARU_GROUP,MODELED_BANK_CLEARING_OF_FORECAST_PAYMENT
base,ARU_GROUP,2027,4,base-ARU_GROUP-2027-000793,EV-base-base-ARU_GROUP-2027-000793,SALE-base-202703-WHS-2025-023,FORECAST,PUBLIC_SYNTHETIC_PLANNING_MODEL,2026-09-06T00:00:00-07:00,PAY-base-base-ARU_GROUP-2027-000793,2027-04-30,2027-05-02,SIMBANK-375c51c1b8c6b9023f,54489,OPERATING,ARU_GROUP,MODELED_BANK_CLEARING_OF_FORECAST_PAYMENT
base,ARU_GROUP,2027,4,base-ARU_GROUP-2027-000794,EV-base-base-ARU_GROUP-2027-000794,SALE-base-202703-WHS-2025-024,FORECAST,PUBLIC_SYNTHETIC_PLANNING_MODEL,2026-09-06T00:00:00-07:00,PAY-base-base-ARU_GROUP-2027-000794,2027-04-30,2027-05-02,SIMBANK-8e41fab59210dc546a,50688,OPERATING,ARU_GROUP,MODELED_BANK_CLEARING_OF_FORECAST_PAYMENT
base,ARU_GROUP,2027,4,base-ARU_GROUP-2027-000795,EV-base-base-ARU_GROUP-2027-000795,SALE-base-202703-WHS-2025-025,FORECAST,PUBLIC_SYNTHETIC_PLANNING_MODEL,2026-09-06T00:00:00-07:00,PAY-base-base-ARU_GROUP-2027-000795,2027-04-30,2027-05-02,SIMBANK-d1abf56ba81bd8058c,45619,OPERATING,ARU_GROUP,MODELED_BANK_CLEARING_OF_FORECAST_PAYMENT
base,ARU_GROUP,2027,4,base-ARU_GROUP-2027-000799,EV-base-base-ARU_GROUP-2027-000799,IC-base-202703-acid-BST,FORECAST,PUBLIC_SYNTHETIC_PLANNING_MODEL,2026-09-06T00:00:00-07:00,PAY-base-base-ARU_GROUP-2027-000799,2027-04-30,2027-05-02,SIMBANK-253b31f303666a8a0b,4845,OPERATING,ARU_GROUP,MODELED_BANK_CLEARING_OF_FORECAST_PAYMENT
base,ARU_GROUP,2027,4,base-ARU_GROUP-2027-000800,EV-base-base-ARU_GROUP-2027-000800,IC-base-202703-acid-TERMINALS,FORECAST,PUBLIC_SYNTHETIC_PLANNING_MODEL,2026-09-06T00:00:00-07:00,PAY-base-base-ARU_GROUP-2027-000800,2027-04-30,2027-05-02,SIMBANK-18614b486248d87cdd,3570,OPERATING,ARU_GROUP,MODELED_BANK_CLEARING_OF_FORECAST_PAYMENT
base,ARU_GROUP,2027,4,base-ARU_GROUP-2027-000801,EV-base-base-ARU_GROUP-2027-000801,IC-base-202703-acid-TRUCKING,FORECAST,PUBLIC_SYNTHETIC_PLANNING_MODEL,2026-09-06T00:00:00-07:00,PAY-base-base-ARU_GROUP-2027-000801,2027-04-30,2027-05-02,SIMBANK-6b6881409201d811a2,6936,OPERATING,ARU_GROUP,MODELED_BANK_CLEARING_OF_FORECAST_PAYMENT
base,ARU_GROUP,2027,4,base-ARU_GROUP-2027-000802,EV-base-base-ARU_GROUP-2027-000802,IC-base-202703-binder-BST,FORECAST,PUBLIC_SYNTHETIC_PLANNING_MODEL,2026-09-06T00:00:00-07:00,PAY-base-base-ARU_GROUP-2027-000802,2027-04-30,2027-05-02,SIMBANK-dd4551aadd0b1649c8,4335,OPERATING,ARU_GROUP,MODELED_BANK_CLEARING_OF_FORECAST_PAYMENT
base,ARU_GROUP,2027,4,base-ARU_GROUP-2027-000803,EV-base-base-ARU_GROUP-2027-000803,IC-base-202703-binder-TERMINALS,FORECAST,PUBLIC_SYNTHETIC_PLANNING_MODEL,2026-09-06T00:00:00-07:00,PAY-base-base-ARU_GROUP-2027-000803,2027-04-30,2027-05-02,SIMBANK-cd7e99804cbccd2199,2040,OPERATING,ARU_GROUP,MODELED_BANK_CLEARING_OF_FORECAST_PAYMENT
base,ARU_GROUP,2027,4,base-ARU_GROUP-2027-000804,EV-base-base-ARU_GROUP-2027-000804,IC-base-202703-binder-TRUCKING,FORECAST,PUBLIC_SYNTHETIC_PLANNING_MODEL,2026-09-06T00:00:00-07:00,PAY-base-base-ARU_GROUP-2027-000804,2027-04-30,2027-05-02,SIMBANK-c422f2af6e9d6ed6a8,5814,OPERATING,ARU_GROUP,MODELED_BANK_CLEARING_OF_FORECAST_PAYMENT
base,ARU_GROUP,2027,4,base-ARU_GROUP-2027-000805,EV-base-base-ARU_GROUP-2027-000805,IC-base-202703-lime-BST,FORECAST,PUBLIC_SYNTHETIC_PLANNING_MODEL,2026-09-06T00:00:00-07:00,PAY-base-base-ARU_GROUP-2027-000805,2027-04-30,2027-05-02,SIMBANK-f4157e1821e7ced506,867,OPERATING,ARU_GROUP,MODELED_BANK_CLEARING_OF_FORECAST_PAYMENT
base,ARU_GROUP,2027,4,base-ARU_GROUP-2027-000806,EV-base-base-ARU_GROUP-2027-000806,IC-base-202703-lime-TERMINALS,FORECAST,PUBLIC_SYNTHETIC_PLANNING_MODEL,2026-09-06T00:00:00-07:00,PAY-base-base-ARU_GROUP-2027-000806,2027-04-30,2027-05-02,SIMBANK-3d701d7af0a2f298c1,459,OPERATING,ARU_GROUP,MODELED_BANK_CLEARING_OF_FORECAST_PAYMENT
base,ARU_GROUP,2027,4,base-ARU_GROUP-2027-000807,EV-base-base-ARU_GROUP-2027-000807,IC-base-202703-lime-TRUCKING,FORECAST,PUBLIC_SYNTHETIC_PLANNING_MODEL,2026-09-06T00:00:00-07:00,PAY-base-base-ARU_GROUP-2027-000807,2027-04-30,2027-05-02,SIMBANK-d0306fee75ab038735,1224,OPERATING,ARU_GROUP,MODELED_BANK_CLEARING_OF_FORECAST_PAYMENT
base,ARU_GROUP,2027,4,base-ARU_GROUP-2027-000808,EV-base-base-ARU_GROUP-2027-000808,IC-base-202703-mro-BST,FORECAST,PUBLIC_SYNTHETIC_PLANNING_MODEL,2026-09-06T00:00:00-07:00,PAY-base-base-ARU_GROUP-2027-000808,2027-04-30,2027-05-02,SIMBANK-a4b3165edd384233e8,765,OPERATING,ARU_GROUP,MODELED_BANK_CLEARING_OF_FORECAST_PAYMENT
base,ARU_GROUP,2027,4,base-ARU_GROUP-2027-000809,EV-base-base-ARU_GROUP-2027-000809,IC-base-202703-mro-TERMINALS,FORECAST,PUBLIC_SYNTHETIC_PLANNING_MODEL,2026-09-06T00:00:00-07:00,PAY-base-base-ARU_GROUP-2027-000809,2027-04-30,2027-05-02,SIMBANK-a7b6521e406c7782c5,510,OPERATING,ARU_GROUP,MODELED_BANK_CLEARING_OF_FORECAST_PAYMENT
base,ARU_GROUP,2027,4,base-ARU_GROUP-2027-000810,EV-base-base-ARU_GROUP-2027-000810,IC-base-202703-mro-TRUCKING,FORECAST,PUBLIC_SYNTHETIC_PLANNING_MODEL,2026-09-06T00:00:00-07:00,PAY-base-base-ARU_GROUP-2027-000810,2027-04-30,2027-05-02,SIMBANK-abd5ac028131752dbe,663,OPERATING,ARU_GROUP,MODELED_BANK_CLEARING_OF_FORECAST_PAYMENT
base,ARU_GROUP,2027,4,base-ARU_GROUP-2027-000811,EV-base-base-ARU_GROUP-2027-000811,IC-base-202703-project-BST,FORECAST,PUBLIC_SYNTHETIC_PLANNING_MODEL,2026-09-06T00:00:00-07:00,PAY-base-base-ARU_GROUP-2027-000811,2027-04-30,2027-05-02,SIMBANK-c40aac8915d40ad68e,1428,OPERATING,ARU_GROUP,MODELED_BANK_CLEARING_OF_FORECAST_PAYMENT
base,ARU_GROUP,2027,4,base-ARU_GROUP-2027-000812,EV-base-base-ARU_GROUP-2027-000812,IC-base-202703-project-TERMINALS,FORECAST,PUBLIC_SYNTHETIC_PLANNING_MODEL,2026-09-06T00:00:00-07:00,PAY-base-base-ARU_GROUP-2027-000812,2027-04-30,2027-05-02,SIMBANK-c74861f64554ce499c,1428,OPERATING,ARU_GROUP,MODELED_BANK_CLEARING_OF_FORECAST_PAYMENT
base,ARU_GROUP,2027,4,base-ARU_GROUP-2027-000813,EV-base-base-ARU_GROUP-2027-000813,IC-base-202703-project-TRUCKING,FORECAST,PUBLIC_SYNTHETIC_PLANNING_MODEL,2026-09-06T00:00:00-07:00,PAY-base-base-ARU_GROUP-2027-000813,2027-04-30,2027-05-02,SIMBANK-d8933a0b69e5ba6d77,1836,OPERATING,ARU_GROUP,MODELED_BANK_CLEARING_OF_FORECAST_PAYMENT
base,ARU_GROUP,2027,4,base-ARU_GROUP-2027-000814,EV-base-base-ARU_GROUP-2027-000814,IC-base-202703-steel-BST,FORECAST,PUBLIC_SYNTHETIC_PLANNING_MODEL,2026-09-06T00:00:00-07:00,PAY-base-base-ARU_GROUP-2027-000814,2027-04-30,2027-05-02,SIMBANK-9273715f54b9307537,1938,OPERATING,ARU_GROUP,MODELED_BANK_CLEARING_OF_FORECAST_PAYMENT
base,ARU_GROUP,2027,4,base-ARU_GROUP-2027-000815,EV-base-base-ARU_GROUP-2027-000815,IC-base-202703-steel-TERMINALS,FORECAST,PUBLIC_SYNTHETIC_PLANNING_MODEL,2026-09-06T00:00:00-07:00,PAY-base-base-ARU_GROUP-2027-000815,2027-04-30,2027-05-02,SIMBANK-47a597644a28d80175,1326,OPERATING,ARU_GROUP,MODELED_BANK_CLEARING_OF_FORECAST_PAYMENT
base,ARU_GROUP,2027,4,base-ARU_GROUP-2027-000816,EV-base-base-ARU_GROUP-2027-000816,IC-base-202703-steel-TRUCKING,FORECAST,PUBLIC_SYNTHETIC_PLANNING_MODEL,2026-09-06T00:00:00-07:00,PAY-base-base-ARU_GROUP-2027-000816,2027-04-30,2027-05-02,SIMBANK-a2c938c904153a76f5,2295,OPERATING,ARU_GROUP,MODELED_BANK_CLEARING_OF_FORECAST_PAYMENT
base,ARU_GROUP,2027,4,base-ARU_GROUP-2027-000818,EV-base-base-ARU_GROUP-2027-000818,PAYROLL-base-202704-ARU,FORECAST,PUBLIC_SYNTHETIC_PLANNING_MODEL,2026-09-06T00:00:00-07:00,PAY-base-base-ARU_GROUP-2027-000818,2027-04-30,2027-05-02,SIMBANK-93543778796c413d8b,-144008,OPERATING,ARU_GROUP,MODELED_BANK_CLEARING_OF_FORECAST_PAYMENT
base,ARU_GROUP,2027,4,base-ARU_GROUP-2027-000819,EV-base-base-ARU_GROUP-2027-000819,PAYROLL-base-202704-BST,FORECAST,PUBLIC_SYNTHETIC_PLANNING_MODEL,2026-09-06T00:00:00-07:00,PAY-base-base-ARU_GROUP-2027-000819,2027-04-30,2027-05-02,SIMBANK-5a92f9cda75b35ce37,-516154,OPERATING,ARU_GROUP,MODELED_BANK_CLEARING_OF_FORECAST_PAYMENT
base,ARU_GROUP,2027,4,base-ARU_GROUP-2027-000820,EV-base-base-ARU_GROUP-2027-000820,PAYROLL-base-202704-TERMINALS,FORECAST,PUBLIC_SYNTHETIC_PLANNING_MODEL,2026-09-06T00:00:00-07:00,PAY-base-base-ARU_GROUP-2027-000820,2027-04-30,2027-05-02,SIMBANK-71960029d7aebf7801,-200784,OPERATING,ARU_GROUP,MODELED_BANK_CLEARING_OF_FORECAST_PAYMENT
base,ARU_GROUP,2027,4,base-ARU_GROUP-2027-000821,EV-base-base-ARU_GROUP-2027-000821,PAYROLL-base-202704-TRUCKING,FORECAST,PUBLIC_SYNTHETIC_PLANNING_MODEL,2026-09-06T00:00:00-07:00,PAY-base-base-ARU_GROUP-2027-000821,2027-04-30,2027-05-02,SIMBANK-6ba8da61a1cf514aca,-194118,OPERATING,ARU_GROUP,MODELED_BANK_CLEARING_OF_FORECAST_PAYMENT
base,ARU_GROUP,2027,4,base-ARU_GROUP-2027-000822,EV-base-base-ARU_GROUP-2027-000822,PAYROLL-base-202704-WAREHOUSE,FORECAST,PUBLIC_SYNTHETIC_PLANNING_MODEL,2026-09-06T00:00:00-07:00,PAY-base-base-ARU_GROUP-2027-000822,2027-04-30,2027-05-02,SIMBANK-d2cc88ee5792fba941,-92175,OPERATING,ARU_GROUP,MODELED_BANK_CLEARING_OF_FORECAST_PAYMENT
base,ARU_GROUP,2027,4,base-ARU_GROUP-2027-000823,EV-base-base-ARU_GROUP-2027-000823,INTEREST-202704,FORECAST,PUBLIC_SYNTHETIC_PLANNING_MODEL,2026-09-06T00:00:00-07:00,PAY-base-base-ARU_GROUP-2027-000823,2027-04-30,2027-05-02,SIMBANK-9e8dba53df792b3e93,-125273,OPERATING,ARU_GROUP,MODELED_BANK_CLEARING_OF_FORECAST_PAYMENT
base,ARU_GROUP,2027,4,base-ARU_GROUP-2027-000824,EV-base-base-ARU_GROUP-2027-000824,LEASE-202704,FORECAST,PUBLIC_SYNTHETIC_PLANNING_MODEL,2026-09-06T00:00:00-07:00,PAY-base-base-ARU_GROUP-2027-000824,2027-04-30,2027-05-02,SIMBANK-f8df6c3a22f1a05bad,-41667,FINANCING,ARU_GROUP,MODELED_BANK_CLEARING_OF_FORECAST_PAYMENT
base,ARU_GROUP,2027,4,base-ARU_GROUP-2027-000825,EV-base-base-ARU_GROUP-2027-000825,LEGACY-TERM-202704,FORECAST,PUBLIC_SYNTHETIC_PLANNING_MODEL,2026-09-06T00:00:00-07:00,PAY-base-base-ARU_GROUP-2027-000825,2027-04-30,2027-05-02,SIMBANK-3444e4b5cda237a0f4,-375000,FINANCING,ARU_GROUP,MODELED_BANK_CLEARING_OF_FORECAST_PAYMENT
base,ARU_GROUP,2027,4,base-ARU_GROUP-2027-000826,EV-base-base-ARU_GROUP-2027-000826,IC-base-202704-acid-BST-COST,FORECAST,PUBLIC_SYNTHETIC_PLANNING_MODEL,2026-09-06T00:00:00-07:00,PAY-base-base-ARU_GROUP-2027-000826,2027-04-30,2027-05-02,SIMBANK-4a06e322384e456095,-2112,OPERATING,ARU_GROUP,MODELED_BANK_CLEARING_OF_FORECAST_PAYMENT
base,ARU_GROUP,2027,4,base-ARU_GROUP-2027-000827,EV-base-base-ARU_GROUP-2027-000827,IC-base-202704-acid-TERMINALS-COST,FORECAST,PUBLIC_SYNTHETIC_PLANNING_MODEL,2026-09-06T00:00:00-07:00,PAY-base-base-ARU_GROUP-2027-000827,2027-04-30,2027-05-02,SIMBANK-28ed3b62f5d3185db4,-2009,OPERATING,ARU_GROUP,MODELED_BANK_CLEARING_OF_FORECAST_PAYMENT
base,ARU_GROUP,2027,4,base-ARU_GROUP-2027-000828,EV-base-base-ARU_GROUP-2027-000828,IC-base-202704-acid-TRUCKING-COST,FORECAST,PUBLIC_SYNTHETIC_PLANNING_MODEL,2026-09-06T00:00:00-07:00,PAY-base-base-ARU_GROUP-2027-000828,2027-04-30,2027-05-02,SIMBANK-d5a814f9380ad1cd0f,-4738,OPERATING,ARU_GROUP,MODELED_BANK_CLEARING_OF_FORECAST_PAYMENT
base,ARU_GROUP,2027,4,base-ARU_GROUP-2027-000829,EV-base-base-ARU_GROUP-2027-000829,IC-base-202704-binder-BST-COST,FORECAST,PUBLIC_SYNTHETIC_PLANNING_MODEL,2026-09-06T00:00:00-07:00,PAY-base-base-ARU_GROUP-2027-000829,2027-04-30,2027-05-02,SIMBANK-1131f1cd11fa612040,-2225,OPERATING,ARU_GROUP,MODELED_BANK_CLEARING_OF_FORECAST_PAYMENT
base,ARU_GROUP,2027,4,base-ARU_GROUP-2027-000830,EV-base-base-ARU_GROUP-2027-000830,IC-base-202704-binder-TERMINALS-COST,FORECAST,PUBLIC_SYNTHETIC_PLANNING_MODEL,2026-09-06T00:00:00-07:00,PAY-base-base-ARU_GROUP-2027-000830,2027-04-30,2027-05-02,SIMBANK-5ae5fb5549714fefed,-1421,OPERATING,ARU_GROUP,MODELED_BANK_CLEARING_OF_FORECAST_PAYMENT
base,ARU_GROUP,2027,4,base-ARU_GROUP-2027-000831,EV-base-base-ARU_GROUP-2027-000831,IC-base-202704-binder-TRUCKING-COST,FORECAST,PUBLIC_SYNTHETIC_PLANNING_MODEL,2026-09-06T00:00:00-07:00,PAY-base-base-ARU_GROUP-2027-000831,2027-04-30,2027-05-02,SIMBANK-d716b0a371480e2b79,-4697,OPERATING,ARU_GROUP,MODELED_BANK_CLEARING_OF_FORECAST_PAYMENT
base,ARU_GROUP,2027,4,base-ARU_GROUP-2027-000832,EV-base-base-ARU_GROUP-2027-000832,IC-base-202704-lime-BST-COST,FORECAST,PUBLIC_SYNTHETIC_PLANNING_MODEL,2026-09-06T00:00:00-07:00,PAY-base-base-ARU_GROUP-2027-000832,2027-04-30,2027-05-02,SIMBANK-33c5fd2fac3ed08914,-371,OPERATING,ARU_GROUP,MODELED_BANK_CLEARING_OF_FORECAST_PAYMENT
base,ARU_GROUP,2027,4,base-ARU_GROUP-2027-000833,EV-base-base-ARU_GROUP-2027-000833,IC-base-202704-lime-TERMINALS-COST,FORECAST,PUBLIC_SYNTHETIC_PLANNING_MODEL,2026-09-06T00:00:00-07:00,PAY-base-base-ARU_GROUP-2027-000833,2027-04-30,2027-05-02,SIMBANK-647c13410ed7659fd0,-258,OPERATING,ARU_GROUP,MODELED_BANK_CLEARING_OF_FORECAST_PAYMENT
base,ARU_GROUP,2027,4,base-ARU_GROUP-2027-000834,EV-base-base-ARU_GROUP-2027-000834,IC-base-202704-lime-TRUCKING-COST,FORECAST,PUBLIC_SYNTHETIC_PLANNING_MODEL,2026-09-06T00:00:00-07:00,PAY-base-base-ARU_GROUP-2027-000834,2027-04-30,2027-05-02,SIMBANK-5fd6dc2c8748e4c144,-824,OPERATING,ARU_GROUP,MODELED_BANK_CLEARING_OF_FORECAST_PAYMENT
base,ARU_GROUP,2027,4,base-ARU_GROUP-2027-000835,EV-base-base-ARU_GROUP-2027-000835,IC-base-202704-mro-BST-COST,FORECAST,PUBLIC_SYNTHETIC_PLANNING_MODEL,2026-09-06T00:00:00-07:00,PAY-base-base-ARU_GROUP-2027-000835,2027-04-30,2027-05-02,SIMBANK-c1e158c604610e811d,-309,OPERATING,ARU_GROUP,MODELED_BANK_CLEARING_OF_FORECAST_PAYMENT
base,ARU_GROUP,2027,4,base-ARU_GROUP-2027-000836,EV-base-base-ARU_GROUP-2027-000836,IC-base-202704-mro-TERMINALS-COST,FORECAST,PUBLIC_SYNTHETIC_PLANNING_MODEL,2026-09-06T00:00:00-07:00,PAY-base-base-ARU_GROUP-2027-000836,2027-04-30,2027-05-02,SIMBANK-68b3f07d3bb940b4fb,-299,OPERATING,ARU_GROUP,MODELED_BANK_CLEARING_OF_FORECAST_PAYMENT
base,ARU_GROUP,2027,4,base-ARU_GROUP-2027-000837,EV-base-base-ARU_GROUP-2027-000837,IC-base-202704-mro-TRUCKING-COST,FORECAST,PUBLIC_SYNTHETIC_PLANNING_MODEL,2026-09-06T00:00:00-07:00,PAY-base-base-ARU_GROUP-2027-000837,2027-04-30,2027-05-02,SIMBANK-27478fefe9e4f0af3f,-453,OPERATING,ARU_GROUP,MODELED_BANK_CLEARING_OF_FORECAST_PAYMENT
base,ARU_GROUP,2027,4,base-ARU_GROUP-2027-000838,EV-base-base-ARU_GROUP-2027-000838,IC-base-202704-project-BST-COST,FORECAST,PUBLIC_SYNTHETIC_PLANNING_MODEL,2026-09-06T00:00:00-07:00,PAY-base-base-ARU_GROUP-2027-000838,2027-04-30,2027-05-02,SIMBANK-1d36dcec4e2b8fca8a,-670,OPERATING,ARU_GROUP,MODELED_BANK_CLEARING_OF_FORECAST_PAYMENT
base,ARU_GROUP,2027,4,base-ARU_GROUP-2027-000839,EV-base-base-ARU_GROUP-2027-000839,IC-base-202704-project-TERMINALS-COST,FORECAST,PUBLIC_SYNTHETIC_PLANNING_MODEL,2026-09-06T00:00:00-07:00,PAY-base-base-ARU_GROUP-2027-000839,2027-04-30,2027-05-02,SIMBANK-0a10cc8c2284496a62,-824,OPERATING,ARU_GROUP,MODELED_BANK_CLEARING_OF_FORECAST_PAYMENT
base,ARU_GROUP,2027,4,base-ARU_GROUP-2027-000840,EV-base-base-ARU_GROUP-2027-000840,IC-base-202704-project-TRUCKING-COST,FORECAST,PUBLIC_SYNTHETIC_PLANNING_MODEL,2026-09-06T00:00:00-07:00,PAY-base-base-ARU_GROUP-2027-000840,2027-04-30,2027-05-02,SIMBANK-31f5c95e353af5a7f1,-1339,OPERATING,ARU_GROUP,MODELED_BANK_CLEARING_OF_FORECAST_PAYMENT
base,ARU_GROUP,2027,4,base-ARU_GROUP-2027-000841,EV-base-base-ARU_GROUP-2027-000841,IC-base-202704-steel-BST-COST,FORECAST,PUBLIC_SYNTHETIC_PLANNING_MODEL,2026-09-06T00:00:00-07:00,PAY-base-base-ARU_GROUP-2027-000841,2027-04-30,2027-05-02,SIMBANK-8d5a20589c0b98f4d6,-886,OPERATING,ARU_GROUP,MODELED_BANK_CLEARING_OF_FORECAST_PAYMENT
base,ARU_GROUP,2027,4,base-ARU_GROUP-2027-000842,EV-base-base-ARU_GROUP-2027-000842,IC-base-202704-steel-TERMINALS-COST,FORECAST,PUBLIC_SYNTHETIC_PLANNING_MODEL,2026-09-06T00:00:00-07:00,PAY-base-base-ARU_GROUP-2027-000842,2027-04-30,2027-05-02,SIMBANK-bae7997ae2946f7c98,-762,OPERATING,ARU_GROUP,MODELED_BANK_CLEARING_OF_FORECAST_PAYMENT
base,ARU_GROUP,2027,4,base-ARU_GROUP-2027-000843,EV-base-base-ARU_GROUP-2027-000843,IC-base-202704-steel-TRUCKING-COST,FORECAST,PUBLIC_SYNTHETIC_PLANNING_MODEL,2026-09-06T00:00:00-07:00,PAY-base-base-ARU_GROUP-2027-000843,2027-04-30,2027-05-02,SIMBANK-3a6894f7c727350eaa,-1545,OPERATING,ARU_GROUP,MODELED_BANK_CLEARING_OF_FORECAST_PAYMENT
base,ARU_GROUP,2027,4,base-ARU_GROUP-2027-000844,EV-base-base-ARU_GROUP-2027-000844,IF-FIXED-base-202704-BST,FORECAST,PUBLIC_SYNTHETIC_PLANNING_MODEL,2026-09-06T00:00:00-07:00,PAY-base-base-ARU_GROUP-2027-000844,2027-04-30,2027-05-02,SIMBANK-2cf97e84aa5f009515,-1030,OPERATING,ARU_GROUP,MODELED_BANK_CLEARING_OF_FORECAST_PAYMENT
base,ARU_GROUP,2027,4,base-ARU_GROUP-2027-000845,EV-base-base-ARU_GROUP-2027-000845,IF-FIXED-base-202704-TERMINALS,FORECAST,PUBLIC_SYNTHETIC_PLANNING_MODEL,2026-09-06T00:00:00-07:00,PAY-base-base-ARU_GROUP-2027-000845,2027-04-30,2027-05-02,SIMBANK-88ab6e0f21e5c9ccb8,-2060,OPERATING,ARU_GROUP,MODELED_BANK_CLEARING_OF_FORECAST_PAYMENT
base,ARU_GROUP,2027,4,base-ARU_GROUP-2027-000846,EV-base-base-ARU_GROUP-2027-000846,IF-FIXED-base-202704-TRUCKING,FORECAST,PUBLIC_SYNTHETIC_PLANNING_MODEL,2026-09-06T00:00:00-07:00,PAY-base-base-ARU_GROUP-2027-000846,2027-04-30,2027-05-02,SIMBANK-e3cbe17e5232635b0e,-1030,OPERATING,ARU_GROUP,MODELED_BANK_CLEARING_OF_FORECAST_PAYMENT
base,ARU_GROUP,2027,4,base-ARU_GROUP-2027-000847,EV-base-base-ARU_GROUP-2027-000847,PROC-base-202703-ARU-INS,FORECAST,PUBLIC_SYNTHETIC_PLANNING_MODEL,2026-09-06T00:00:00-07:00,PAY-base-base-ARU_GROUP-2027-000847,2027-04-30,2027-05-02,SIMBANK-da9050c2798169a4ea,-9745,OPERATING,ARU_GROUP,MODELED_BANK_CLEARING_OF_FORECAST_PAYMENT
base,ARU_GROUP,2027,4,base-ARU_GROUP-2027-000848,EV-base-base-ARU_GROUP-2027-000848,PROC-base-202703-ARU-MAINT,FORECAST,PUBLIC_SYNTHETIC_PLANNING_MODEL,2026-09-06T00:00:00-07:00,PAY-base-base-ARU_GROUP-2027-000848,2027-04-30,2027-05-02,SIMBANK-c18a466d3f8bd83936,-12181,OPERATING,ARU_GROUP,MODELED_BANK_CLEARING_OF_FORECAST_PAYMENT
base,ARU_GROUP,2027,4,base-ARU_GROUP-2027-000849,EV-base-base-ARU_GROUP-2027-000849,PROC-base-202703-ARU-MAT,FORECAST,PUBLIC_SYNTHETIC_PLANNING_MODEL,2026-09-06T00:00:00-07:00,PAY-base-base-ARU_GROUP-2027-000849,2027-04-30,2027-05-02,SIMBANK-83d2821ec4dc9afa1d,-12180,OPERATING,ARU_GROUP,MODELED_BANK_CLEARING_OF_FORECAST_PAYMENT
base,ARU_GROUP,2027,4,base-ARU_GROUP-2027-000850,EV-base-base-ARU_GROUP-2027-000850,PROC-base-202703-ARU-OCC,FORECAST,PUBLIC_SYNTHETIC_PLANNING_MODEL,2026-09-06T00:00:00-07:00,PAY-base-base-ARU_GROUP-2027-000850,2027-04-30,2027-05-02,SIMBANK-bcd43b67307c264841,-9745,OPERATING,ARU_GROUP,MODELED_BANK_CLEARING_OF_FORECAST_PAYMENT
base,ARU_GROUP,2027,4,base-ARU_GROUP-2027-000851,EV-base-base-ARU_GROUP-2027-000851,PROC-base-202703-ARU-SERV,FORECAST,PUBLIC_SYNTHETIC_PLANNING_MODEL,2026-09-06T00:00:00-07:00,PAY-base-base-ARU_GROUP-2027-000851,2027-04-30,2027-05-02,SIMBANK-5b7e46897cc7c3fe12,-4872,OPERATING,ARU_GROUP,MODELED_BANK_CLEARING_OF_FORECAST_PAYMENT
base,ARU_GROUP,2027,4,base-ARU_GROUP-2027-000852,EV-base-base-ARU_GROUP-2027-000852,PROC-base-202703-BST-INS,FORECAST,PUBLIC_SYNTHETIC_PLANNING_MODEL,2026-09-06T00:00:00-07:00,PAY-base-base-ARU_GROUP-2027-000852,2027-04-30,2027-05-02,SIMBANK-f2bbfb31de96e11535,-110191,OPERATING,ARU_GROUP,MODELED_BANK_CLEARING_OF_FORECAST_PAYMENT
base,ARU_GROUP,2027,4,base-ARU_GROUP-2027-000853,EV-base-base-ARU_GROUP-2027-000853,PROC-base-202703-BST-MAINT,FORECAST,PUBLIC_SYNTHETIC_PLANNING_MODEL,2026-09-06T00:00:00-07:00,PAY-base-base-ARU_GROUP-2027-000853,2027-04-30,2027-05-02,SIMBANK-3d10cd0a7fc90a7716,-160425,OPERATING,ARU_GROUP,MODELED_BANK_CLEARING_OF_FORECAST_PAYMENT
base,ARU_GROUP,2027,4,base-ARU_GROUP-2027-000854,EV-base-base-ARU_GROUP-2027-000854,PROC-base-202703-BST-MAT,FORECAST,PUBLIC_SYNTHETIC_PLANNING_MODEL,2026-09-06T00:00:00-07:00,PAY-base-base-ARU_GROUP-2027-000854,2027-04-30,2027-05-02,SIMBANK-955fedab5e8420dbed,-127304,OPERATING,ARU_GROUP,MODELED_BANK_CLEARING_OF_FORECAST_PAYMENT
base,ARU_GROUP,2027,4,base-ARU_GROUP-2027-000855,EV-base-base-ARU_GROUP-2027-000855,PROC-base-202703-BST-OCC,FORECAST,PUBLIC_SYNTHETIC_PLANNING_MODEL,2026-09-06T00:00:00-07:00,PAY-base-base-ARU_GROUP-2027-000855,2027-04-30,2027-05-02,SIMBANK-b81f0f65b4f85ecc29,-116323,OPERATING,ARU_GROUP,MODELED_BANK_CLEARING_OF_FORECAST_PAYMENT
base,ARU_GROUP,2027,4,base-ARU_GROUP-2027-000856,EV-base-base-ARU_GROUP-2027-000856,PROC-base-202703-BST-SERV,FORECAST,PUBLIC_SYNTHETIC_PLANNING_MODEL,2026-09-06T00:00:00-07:00,PAY-base-base-ARU_GROUP-2027-000856,2027-04-30,2027-05-02,SIMBANK-fdf43cea102519d8fb,-128729,OPERATING,ARU_GROUP,MODELED_BANK_CLEARING_OF_FORECAST_PAYMENT
base,ARU_GROUP,2027,4,base-ARU_GROUP-2027-000857,EV-base-base-ARU_GROUP-2027-000857,PROC-base-202703-TERMINALS-INS,FORECAST,PUBLIC_SYNTHETIC_PLANNING_MODEL,2026-09-06T00:00:00-07:00,PAY-base-base-ARU_GROUP-2027-000857,2027-04-30,2027-05-02,SIMBANK-0f30351125dc384a8d,-77962,OPERATING,ARU_GROUP,MODELED_BANK_CLEARING_OF_FORECAST_PAYMENT
base,ARU_GROUP,2027,4,base-ARU_GROUP-2027-000858,EV-base-base-ARU_GROUP-2027-000858,PROC-base-202703-TERMINALS-MAINT,FORECAST,PUBLIC_SYNTHETIC_PLANNING_MODEL,2026-09-06T00:00:00-07:00,PAY-base-base-ARU_GROUP-2027-000858,2027-04-30,2027-05-02,SIMBANK-ec93969d313df116a2,-128273,OPERATING,ARU_GROUP,MODELED_BANK_CLEARING_OF_FORECAST_PAYMENT
base,ARU_GROUP,2027,4,base-ARU_GROUP-2027-000859,EV-base-base-ARU_GROUP-2027-000859,PROC-base-202703-TERMINALS-MAT,FORECAST,PUBLIC_SYNTHETIC_PLANNING_MODEL,2026-09-06T00:00:00-07:00,PAY-base-base-ARU_GROUP-2027-000859,2027-04-30,2027-05-02,SIMBANK-0957dc542349fb01e9,-126944,OPERATING,ARU_GROUP,MODELED_BANK_CLEARING_OF_FORECAST_PAYMENT
base,ARU_GROUP,2027,4,base-ARU_GROUP-2027-000860,EV-base-base-ARU_GROUP-2027-000860,PROC-base-202703-TERMINALS-OCC,FORECAST,PUBLIC_SYNTHETIC_PLANNING_MODEL,2026-09-06T00:00:00-07:00,PAY-base-base-ARU_GROUP-2027-000860,2027-04-30,2027-05-02,SIMBANK-acc48539104cd73868,-103550,OPERATING,ARU_GROUP,MODELED_BANK_CLEARING_OF_FORECAST_PAYMENT
base,ARU_GROUP,2027,4,base-ARU_GROUP-2027-000861,EV-base-base-ARU_GROUP-2027-000861,PROC-base-202703-TERMINALS-SERV,FORECAST,PUBLIC_SYNTHETIC_PLANNING_MODEL,2026-09-06T00:00:00-07:00,PAY-base-base-ARU_GROUP-2027-000861,2027-04-30,2027-05-02,SIMBANK-28fcf2d011c74a6bc6,-77263,OPERATING,ARU_GROUP,MODELED_BANK_CLEARING_OF_FORECAST_PAYMENT
base,ARU_GROUP,2027,4,base-ARU_GROUP-2027-000862,EV-base-base-ARU_GROUP-2027-000862,PROC-base-202703-TRUCKING-INS,FORECAST,PUBLIC_SYNTHETIC_PLANNING_MODEL,2026-09-06T00:00:00-07:00,PAY-base-base-ARU_GROUP-2027-000862,2027-04-30,2027-05-02,SIMBANK-51c67699f9f47bc067,-30804,OPERATING,ARU_GROUP,MODELED_BANK_CLEARING_OF_FORECAST_PAYMENT
base,ARU_GROUP,2027,4,base-ARU_GROUP-2027-000863,EV-base-base-ARU_GROUP-2027-000863,PROC-base-202703-TRUCKING-MAINT,FORECAST,PUBLIC_SYNTHETIC_PLANNING_MODEL,2026-09-06T00:00:00-07:00,PAY-base-base-ARU_GROUP-2027-000863,2027-04-30,2027-05-02,SIMBANK-893d5b6eb9431d1838,-76024,OPERATING,ARU_GROUP,MODELED_BANK_CLEARING_OF_FORECAST_PAYMENT
base,ARU_GROUP,2027,4,base-ARU_GROUP-2027-000864,EV-base-base-ARU_GROUP-2027-000864,PROC-base-202703-TRUCKING-MAT,FORECAST,PUBLIC_SYNTHETIC_PLANNING_MODEL,2026-09-06T00:00:00-07:00,PAY-base-base-ARU_GROUP-2027-000864,2027-04-30,2027-05-02,SIMBANK-c34120c09ee99534c5,-105331,OPERATING,ARU_GROUP,MODELED_BANK_CLEARING_OF_FORECAST_PAYMENT
base,ARU_GROUP,2027,4,base-ARU_GROUP-2027-000865,EV-base-base-ARU_GROUP-2027-000865,PROC-base-202703-TRUCKING-OCC,FORECAST,PUBLIC_SYNTHETIC_PLANNING_MODEL,2026-09-06T00:00:00-07:00,PAY-base-base-ARU_GROUP-2027-000865,2027-04-30,2027-05-02,SIMBANK-05c1bd8d9d432e9094,-61372,OPERATING,ARU_GROUP,MODELED_BANK_CLEARING_OF_FORECAST_PAYMENT
base,ARU_GROUP,2027,4,base-ARU_GROUP-2027-000866,EV-base-base-ARU_GROUP-2027-000866,PROC-base-202703-TRUCKING-SERV,FORECAST,PUBLIC_SYNTHETIC_PLANNING_MODEL,2026-09-06T00:00:00-07:00,PAY-base-base-ARU_GROUP-2027-000866,2027-04-30,2027-05-02,SIMBANK-58af5f3f1b82502460,-30528,OPERATING,ARU_GROUP,MODELED_BANK_CLEARING_OF_FORECAST_PAYMENT
base,ARU_GROUP,2027,4,base-ARU_GROUP-2027-000867,EV-base-base-ARU_GROUP-2027-000867,PROC-base-202703-WAREHOUSE-INS,FORECAST,PUBLIC_SYNTHETIC_PLANNING_MODEL,2026-09-06T00:00:00-07:00,PAY-base-base-ARU_GROUP-2027-000867,2027-04-30,2027-05-02,SIMBANK-fc875040ad32809fa7,-26223,OPERATING,ARU_GROUP,MODELED_BANK_CLEARING_OF_FORECAST_PAYMENT
base,ARU_GROUP,2027,4,base-ARU_GROUP-2027-000868,EV-base-base-ARU_GROUP-2027-000868,PROC-base-202703-WAREHOUSE-MAINT,FORECAST,PUBLIC_SYNTHETIC_PLANNING_MODEL,2026-09-06T00:00:00-07:00,PAY-base-base-ARU_GROUP-2027-000868,2027-04-30,2027-05-02,SIMBANK-bef5f80fe88fc305c2,-34516,OPERATING,ARU_GROUP,MODELED_BANK_CLEARING_OF_FORECAST_PAYMENT
base,ARU_GROUP,2027,4,base-ARU_GROUP-2027-000869,EV-base-base-ARU_GROUP-2027-000869,PROC-base-202703-WAREHOUSE-MAT,FORECAST,PUBLIC_SYNTHETIC_PLANNING_MODEL,2026-09-06T00:00:00-07:00,PAY-base-base-ARU_GROUP-2027-000869,2027-04-30,2027-05-02,SIMBANK-1cf8c308b3351a0a52,-59776,OPERATING,ARU_GROUP,MODELED_BANK_CLEARING_OF_FORECAST_PAYMENT
base,ARU_GROUP,2027,4,base-ARU_GROUP-2027-000870,EV-base-base-ARU_GROUP-2027-000870,PROC-base-202703-WAREHOUSE-OCC,FORECAST,PUBLIC_SYNTHETIC_PLANNING_MODEL,2026-09-06T00:00:00-07:00,PAY-base-base-ARU_GROUP-2027-000870,2027-04-30,2027-05-02,SIMBANK-2582fa6153c64a6b5b,-26123,OPERATING,ARU_GROUP,MODELED_BANK_CLEARING_OF_FORECAST_PAYMENT
base,ARU_GROUP,2027,4,base-ARU_GROUP-2027-000871,EV-base-base-ARU_GROUP-2027-000871,PROC-base-202703-WAREHOUSE-SERV,FORECAST,PUBLIC_SYNTHETIC_PLANNING_MODEL,2026-09-06T00:00:00-07:00,PAY-base-base-ARU_GROUP-2027-000871,2027-04-30,2027-05-02,SIMBANK-2b288667f297f8a40d,-25988,OPERATING,ARU_GROUP,MODELED_BANK_CLEARING_OF_FORECAST_PAYMENT
base,ARU_GROUP,2027,4,base-ARU_GROUP-2027-000872,EV-base-base-ARU_GROUP-2027-000872,CAPEX-base-ARU_GROUP-202704-replacement,FORECAST,PUBLIC_SYNTHETIC_PLANNING_MODEL,2026-09-06T00:00:00-07:00,PAY-base-base-ARU_GROUP-2027-000872,2027-04-30,2027-05-02,SIMBANK-f19c8cef0d476da980,-283250,INVESTING,ARU_GROUP,MODELED_BANK_CLEARING_OF_FORECAST_PAYMENT
base,ARU_GROUP,2027,5,base-ARU_GROUP-2027-000990,EV-base-base-ARU_GROUP-2027-000990,SALE-base-202703-BST-2025-001,FORECAST,PUBLIC_SYNTHETIC_PLANNING_MODEL,2026-09-06T00:00:00-07:00,PAY-base-base-ARU_GROUP-2027-000990,2027-05-31,2027-06-02,SIMBANK-45b18ac79b430b04ac,139574,OPERATING,ARU_GROUP,MODELED_BANK_CLEARING_OF_FORECAST_PAYMENT
base,ARU_GROUP,2027,5,base-ARU_GROUP-2027-000991,EV-base-base-ARU_GROUP-2027-000991,SALE-base-202703-BST-2025-006,FORECAST,PUBLIC_SYNTHETIC_PLANNING_MODEL,2026-09-06T00:00:00-07:00,PAY-base-base-ARU_GROUP-2027-000991,2027-05-31,2027-06-02,SIMBANK-25426197172a2ed412,59919,OPERATING,ARU_GROUP,MODELED_BANK_CLEARING_OF_FORECAST_PAYMENT
base,ARU_GROUP,2027,5,base-ARU_GROUP-2027-000992,EV-base-base-ARU_GROUP-2027-000992,SALE-base-202703-BST-2025-002,FORECAST,PUBLIC_SYNTHETIC_PLANNING_MODEL,2026-09-06T00:00:00-07:00,PAY-base-base-ARU_GROUP-2027-000992,2027-05-31,2027-06-02,SIMBANK-de4f207eeb50fc3474,104119,OPERATING,ARU_GROUP,MODELED_BANK_CLEARING_OF_FORECAST_PAYMENT
base,ARU_GROUP,2027,5,base-ARU_GROUP-2027-000993,EV-base-base-ARU_GROUP-2027-000993,SALE-base-202703-BST-2025-007,FORECAST,PUBLIC_SYNTHETIC_PLANNING_MODEL,2026-09-06T00:00:00-07:00,PAY-base-base-ARU_GROUP-2027-000993,2027-05-31,2027-06-02,SIMBANK-db901affe3ac373af2,46952,OPERATING,ARU_GROUP,MODELED_BANK_CLEARING_OF_FORECAST_PAYMENT
base,ARU_GROUP,2027,5,base-ARU_GROUP-2027-000994,EV-base-base-ARU_GROUP-2027-000994,SALE-base-202703-BST-2025-004,FORECAST,PUBLIC_SYNTHETIC_PLANNING_MODEL,2026-09-06T00:00:00-07:00,PAY-base-base-ARU_GROUP-2027-000994,2027-05-31,2027-06-02,SIMBANK-e9b3b8fee557749c8d,53989,OPERATING,ARU_GROUP,MODELED_BANK_CLEARING_OF_FORECAST_PAYMENT
base,ARU_GROUP,2027,5,base-ARU_GROUP-2027-000995,EV-base-base-ARU_GROUP-2027-000995,SALE-base-202703-BST-2025-008,FORECAST,PUBLIC_SYNTHETIC_PLANNING_MODEL,2026-09-06T00:00:00-07:00,PAY-base-base-ARU_GROUP-2027-000995,2027-05-31,2027-06-02,SIMBANK-39ca55122a142ccfec,27215,OPERATING,ARU_GROUP,MODELED_BANK_CLEARING_OF_FORECAST_PAYMENT
base,ARU_GROUP,2027,5,base-ARU_GROUP-2027-000996,EV-base-base-ARU_GROUP-2027-000996,SALE-base-202703-BST-2025-003,FORECAST,PUBLIC_SYNTHETIC_PLANNING_MODEL,2026-09-06T00:00:00-07:00,PAY-base-base-ARU_GROUP-2027-000996,2027-05-31,2027-06-02,SIMBANK-ad34bbf9b9af33dafc,63884,OPERATING,ARU_GROUP,MODELED_BANK_CLEARING_OF_FORECAST_PAYMENT
base,ARU_GROUP,2027,5,base-ARU_GROUP-2027-000997,EV-base-base-ARU_GROUP-2027-000997,SALE-base-202703-BST-2025-009,FORECAST,PUBLIC_SYNTHETIC_PLANNING_MODEL,2026-09-06T00:00:00-07:00,PAY-base-base-ARU_GROUP-2027-000997,2027-05-31,2027-06-02,SIMBANK-7fbd63ae60fe05cc73,33491,OPERATING,ARU_GROUP,MODELED_BANK_CLEARING_OF_FORECAST_PAYMENT
base,ARU_GROUP,2027,5,base-ARU_GROUP-2027-000998,EV-base-base-ARU_GROUP-2027-000998,SALE-base-202703-BST-2025-010,FORECAST,PUBLIC_SYNTHETIC_PLANNING_MODEL,2026-09-06T00:00:00-07:00,PAY-base-base-ARU_GROUP-2027-000998,2027-05-31,2027-06-02,SIMBANK-e739876fd75c59787b,31154,OPERATING,ARU_GROUP,MODELED_BANK_CLEARING_OF_FORECAST_PAYMENT
base,ARU_GROUP,2027,5,base-ARU_GROUP-2027-000999,EV-base-base-ARU_GROUP-2027-000999,SALE-base-202703-BST-2025-011,FORECAST,PUBLIC_SYNTHETIC_PLANNING_MODEL,2026-09-06T00:00:00-07:00,PAY-base-base-ARU_GROUP-2027-000999,2027-05-31,2027-06-02,SIMBANK-134965633b0cd564eb,16905,OPERATING,ARU_GROUP,MODELED_BANK_CLEARING_OF_FORECAST_PAYMENT
base,ARU_GROUP,2027,5,base-ARU_GROUP-2027-001000,EV-base-base-ARU_GROUP-2027-001000,SALE-base-202703-BST-2025-012,FORECAST,PUBLIC_SYNTHETIC_PLANNING_MODEL,2026-09-06T00:00:00-07:00,PAY-base-base-ARU_GROUP-2027-001000,2027-05-31,2027-06-02,SIMBANK-7d902d3fd5740bb1f1,51344,OPERATING,ARU_GROUP,MODELED_BANK_CLEARING_OF_FORECAST_PAYMENT
base,ARU_GROUP,2027,5,base-ARU_GROUP-2027-001001,EV-base-base-ARU_GROUP-2027-001001,SALE-base-202703-BST-2025-013,FORECAST,PUBLIC_SYNTHETIC_PLANNING_MODEL,2026-09-06T00:00:00-07:00,PAY-base-base-ARU_GROUP-2027-001001,2027-05-31,2027-06-02,SIMBANK-d3d7334a265ef5e22a,32685,OPERATING,ARU_GROUP,MODELED_BANK_CLEARING_OF_FORECAST_PAYMENT
base,ARU_GROUP,2027,5,base-ARU_GROUP-2027-001002,EV-base-base-ARU_GROUP-2027-001002,SALE-base-202703-TRM-2025-001,FORECAST,PUBLIC_SYNTHETIC_PLANNING_MODEL,2026-09-06T00:00:00-07:00,PAY-base-base-ARU_GROUP-2027-001002,2027-05-31,2027-06-02,SIMBANK-4e707fb1e83f8cf304,56814,OPERATING,ARU_GROUP,MODELED_BANK_CLEARING_OF_FORECAST_PAYMENT
base,ARU_GROUP,2027,5,base-ARU_GROUP-2027-001003,EV-base-base-ARU_GROUP-2027-001003,SALE-base-202703-TRM-2025-002,FORECAST,PUBLIC_SYNTHETIC_PLANNING_MODEL,2026-09-06T00:00:00-07:00,PAY-base-base-ARU_GROUP-2027-001003,2027-05-31,2027-06-02,SIMBANK-c72dd2c153cd8b73ed,55229,OPERATING,ARU_GROUP,MODELED_BANK_CLEARING_OF_FORECAST_PAYMENT
base,ARU_GROUP,2027,5,base-ARU_GROUP-2027-001004,EV-base-base-ARU_GROUP-2027-001004,SALE-base-202703-TRM-2025-003,FORECAST,PUBLIC_SYNTHETIC_PLANNING_MODEL,2026-09-06T00:00:00-07:00,PAY-base-base-ARU_GROUP-2027-001004,2027-05-31,2027-06-02,SIMBANK-29b8d899916668ea41,76139,OPERATING,ARU_GROUP,MODELED_BANK_CLEARING_OF_FORECAST_PAYMENT
base,ARU_GROUP,2027,5,base-ARU_GROUP-2027-001005,EV-base-base-ARU_GROUP-2027-001005,SALE-base-202703-TRM-2025-014,FORECAST,PUBLIC_SYNTHETIC_PLANNING_MODEL,2026-09-06T00:00:00-07:00,PAY-base-base-ARU_GROUP-2027-001005,2027-05-31,2027-06-02,SIMBANK-bd236ce81523ae98a7,76033,OPERATING,ARU_GROUP,MODELED_BANK_CLEARING_OF_FORECAST_PAYMENT
base,ARU_GROUP,2027,5,base-ARU_GROUP-2027-001006,EV-base-base-ARU_GROUP-2027-001006,SALE-base-202703-TRM-2025-015,FORECAST,PUBLIC_SYNTHETIC_PLANNING_MODEL,2026-09-06T00:00:00-07:00,PAY-base-base-ARU_GROUP-2027-001006,2027-05-31,2027-06-02,SIMBANK-73dbe0cfb6abbce686,74977,OPERATING,ARU_GROUP,MODELED_BANK_CLEARING_OF_FORECAST_PAYMENT
base,ARU_GROUP,2027,5,base-ARU_GROUP-2027-001007,EV-base-base-ARU_GROUP-2027-001007,SALE-base-202703-TRM-2025-016,FORECAST,PUBLIC_SYNTHETIC_PLANNING_MODEL,2026-09-06T00:00:00-07:00,PAY-base-base-ARU_GROUP-2027-001007,2027-05-31,2027-06-02,SIMBANK-a028db733e5215633d,72654,OPERATING,ARU_GROUP,MODELED_BANK_CLEARING_OF_FORECAST_PAYMENT
base,ARU_GROUP,2027,5,base-ARU_GROUP-2027-001008,EV-base-base-ARU_GROUP-2027-001008,SALE-base-202703-TRM-2025-017,FORECAST,PUBLIC_SYNTHETIC_PLANNING_MODEL,2026-09-06T00:00:00-07:00,PAY-base-base-ARU_GROUP-2027-001008,2027-05-31,2027-06-02,SIMBANK-d4aeafb521b26898fb,69697,OPERATING,ARU_GROUP,MODELED_BANK_CLEARING_OF_FORECAST_PAYMENT
base,ARU_GROUP,2027,5,base-ARU_GROUP-2027-001009,EV-base-base-ARU_GROUP-2027-001009,SALE-base-202703-TRM-2025-018,FORECAST,PUBLIC_SYNTHETIC_PLANNING_MODEL,2026-09-06T00:00:00-07:00,PAY-base-base-ARU_GROUP-2027-001009,2027-05-31,2027-06-02,SIMBANK-20a79d9da6fbda127f,67585,OPERATING,ARU_GROUP,MODELED_BANK_CLEARING_OF_FORECAST_PAYMENT
base,ARU_GROUP,2027,5,base-ARU_GROUP-2027-001010,EV-base-base-ARU_GROUP-2027-001010,SALE-base-202703-TRK-2025-004,FORECAST,PUBLIC_SYNTHETIC_PLANNING_MODEL,2026-09-06T00:00:00-07:00,PAY-base-base-ARU_GROUP-2027-001010,2027-05-31,2027-06-02,SIMBANK-0f08c38714f2c86261,60720,OPERATING,ARU_GROUP,MODELED_BANK_CLEARING_OF_FORECAST_PAYMENT
base,ARU_GROUP,2027,5,base-ARU_GROUP-2027-001011,EV-base-base-ARU_GROUP-2027-001011,SALE-base-202703-TRK-2025-019,FORECAST,PUBLIC_SYNTHETIC_PLANNING_MODEL,2026-09-06T00:00:00-07:00,PAY-base-base-ARU_GROUP-2027-001011,2027-05-31,2027-06-02,SIMBANK-a8a53298b8fe4f523c,68640,OPERATING,ARU_GROUP,MODELED_BANK_CLEARING_OF_FORECAST_PAYMENT
base,ARU_GROUP,2027,5,base-ARU_GROUP-2027-001012,EV-base-base-ARU_GROUP-2027-001012,SALE-base-202703-TRK-2025-020,FORECAST,PUBLIC_SYNTHETIC_PLANNING_MODEL,2026-09-06T00:00:00-07:00,PAY-base-base-ARU_GROUP-2027-001012,2027-05-31,2027-06-02,SIMBANK-47343f7597875b909e,66000,OPERATING,ARU_GROUP,MODELED_BANK_CLEARING_OF_FORECAST_PAYMENT
base,ARU_GROUP,2027,5,base-ARU_GROUP-2027-001013,EV-base-base-ARU_GROUP-2027-001013,SALE-base-202703-TRK-2025-021,FORECAST,PUBLIC_SYNTHETIC_PLANNING_MODEL,2026-09-06T00:00:00-07:00,PAY-base-base-ARU_GROUP-2027-001013,2027-05-31,2027-06-02,SIMBANK-1f98258af0b0254f0c,62568,OPERATING,ARU_GROUP,MODELED_BANK_CLEARING_OF_FORECAST_PAYMENT
base,ARU_GROUP,2027,5,base-ARU_GROUP-2027-001014,EV-base-base-ARU_GROUP-2027-001014,SALE-base-202703-TRK-2025-022,FORECAST,PUBLIC_SYNTHETIC_PLANNING_MODEL,2026-09-06T00:00:00-07:00,PAY-base-base-ARU_GROUP-2027-001014,2027-05-31,2027-06-02,SIMBANK-ff6ec9fc3b3d7c5665,59136,OPERATING,ARU_GROUP,MODELED_BANK_CLEARING_OF_FORECAST_PAYMENT
base,ARU_GROUP,2027,5,base-ARU_GROUP-2027-001015,EV-base-base-ARU_GROUP-2027-001015,SALE-base-202703-WHS-2025-005,FORECAST,PUBLIC_SYNTHETIC_PLANNING_MODEL,2026-09-06T00:00:00-07:00,PAY-base-base-ARU_GROUP-2027-001015,2027-05-31,2027-06-02,SIMBANK-9214ab2db4f09f310e,102642,OPERATING,ARU_GROUP,MODELED_BANK_CLEARING_OF_FORECAST_PAYMENT
base,ARU_GROUP,2027,5,base-ARU_GROUP-2027-001016,EV-base-base-ARU_GROUP-2027-001016,SALE-base-202703-WHS-2025-023,FORECAST,PUBLIC_SYNTHETIC_PLANNING_MODEL,2026-09-06T00:00:00-07:00,PAY-base-base-ARU_GROUP-2027-001016,2027-05-31,2027-06-02,SIMBANK-7000ba5dbb960966ec,54489,OPERATING,ARU_GROUP,MODELED_BANK_CLEARING_OF_FORECAST_PAYMENT
base,ARU_GROUP,2027,5,base-ARU_GROUP-2027-001017,EV-base-base-ARU_GROUP-2027-001017,SALE-base-202703-WHS-2025-024,FORECAST,PUBLIC_SYNTHETIC_PLANNING_MODEL,2026-09-06T00:00:00-07:00,PAY-base-base-ARU_GROUP-2027-001017,2027-05-31,2027-06-02,SIMBANK-75b246bab094b0cf66,50687,OPERATING,ARU_GROUP,MODELED_BANK_CLEARING_OF_FORECAST_PAYMENT
base,ARU_GROUP,2027,5,base-ARU_GROUP-2027-001018,EV-base-base-ARU_GROUP-2027-001018,SALE-base-202703-WHS-2025-025,FORECAST,PUBLIC_SYNTHETIC_PLANNING_MODEL,2026-09-06T00:00:00-07:00,PAY-base-base-ARU_GROUP-2027-001018,2027-05-31,2027-06-02,SIMBANK-2259bccf439f8cd64d,45618,OPERATING,ARU_GROUP,MODELED_BANK_CLEARING_OF_FORECAST_PAYMENT
base,ARU_GROUP,2027,5,base-ARU_GROUP-2027-001019,EV-base-base-ARU_GROUP-2027-001019,SALE-base-202704-BST-2025-001,FORECAST,PUBLIC_SYNTHETIC_PLANNING_MODEL,2026-09-06T00:00:00-07:00,PAY-base-base-ARU_GROUP-2027-001019,2027-05-31,2027-06-02,SIMBANK-395932277c305e6bc6,139575,OPERATING,ARU_GROUP,MODELED_BANK_CLEARING_OF_FORECAST_PAYMENT
base,ARU_GROUP,2027,5,base-ARU_GROUP-2027-001020,EV-base-base-ARU_GROUP-2027-001020,SALE-base-202704-BST-2025-006,FORECAST,PUBLIC_SYNTHETIC_PLANNING_MODEL,2026-09-06T00:00:00-07:00,PAY-base-base-ARU_GROUP-2027-001020,2027-05-31,2027-06-02,SIMBANK-7bfcdb1a22fc0f20f7,59919,OPERATING,ARU_GROUP,MODELED_BANK_CLEARING_OF_FORECAST_PAYMENT
base,ARU_GROUP,2027,5,base-ARU_GROUP-2027-001021,EV-base-base-ARU_GROUP-2027-001021,SALE-base-202704-BST-2025-002,FORECAST,PUBLIC_SYNTHETIC_PLANNING_MODEL,2026-09-06T00:00:00-07:00,PAY-base-base-ARU_GROUP-2027-001021,2027-05-31,2027-06-02,SIMBANK-3f88eda59fe27a7cce,104119,OPERATING,ARU_GROUP,MODELED_BANK_CLEARING_OF_FORECAST_PAYMENT
base,ARU_GROUP,2027,5,base-ARU_GROUP-2027-001022,EV-base-base-ARU_GROUP-2027-001022,SALE-base-202704-BST-2025-007,FORECAST,PUBLIC_SYNTHETIC_PLANNING_MODEL,2026-09-06T00:00:00-07:00,PAY-base-base-ARU_GROUP-2027-001022,2027-05-31,2027-06-02,SIMBANK-1ad9c4d014a3375886,46953,OPERATING,ARU_GROUP,MODELED_BANK_CLEARING_OF_FORECAST_PAYMENT
base,ARU_GROUP,2027,5,base-ARU_GROUP-2027-001023,EV-base-base-ARU_GROUP-2027-001023,SALE-base-202704-BST-2025-004,FORECAST,PUBLIC_SYNTHETIC_PLANNING_MODEL,2026-09-06T00:00:00-07:00,PAY-base-base-ARU_GROUP-2027-001023,2027-05-31,2027-06-02,SIMBANK-33c7558c74ac79e1ae,53989,OPERATING,ARU_GROUP,MODELED_BANK_CLEARING_OF_FORECAST_PAYMENT
base,ARU_GROUP,2027,5,base-ARU_GROUP-2027-001024,EV-base-base-ARU_GROUP-2027-001024,SALE-base-202704-BST-2025-008,FORECAST,PUBLIC_SYNTHETIC_PLANNING_MODEL,2026-09-06T00:00:00-07:00,PAY-base-base-ARU_GROUP-2027-001024,2027-05-31,2027-06-02,SIMBANK-6972c645be495313d3,27216,OPERATING,ARU_GROUP,MODELED_BANK_CLEARING_OF_FORECAST_PAYMENT
base,ARU_GROUP,2027,5,base-ARU_GROUP-2027-001025,EV-base-base-ARU_GROUP-2027-001025,SALE-base-202704-BST-2025-003,FORECAST,PUBLIC_SYNTHETIC_PLANNING_MODEL,2026-09-06T00:00:00-07:00,PAY-base-base-ARU_GROUP-2027-001025,2027-05-31,2027-06-02,SIMBANK-2e1328a9eeac28ddcf,63884,OPERATING,ARU_GROUP,MODELED_BANK_CLEARING_OF_FORECAST_PAYMENT
base,ARU_GROUP,2027,5,base-ARU_GROUP-2027-001026,EV-base-base-ARU_GROUP-2027-001026,SALE-base-202704-BST-2025-009,FORECAST,PUBLIC_SYNTHETIC_PLANNING_MODEL,2026-09-06T00:00:00-07:00,PAY-base-base-ARU_GROUP-2027-001026,2027-05-31,2027-06-02,SIMBANK-9af6ace481bf437ba8,33491,OPERATING,ARU_GROUP,MODELED_BANK_CLEARING_OF_FORECAST_PAYMENT
base,ARU_GROUP,2027,5,base-ARU_GROUP-2027-001027,EV-base-base-ARU_GROUP-2027-001027,SALE-base-202704-BST-2025-010,FORECAST,PUBLIC_SYNTHETIC_PLANNING_MODEL,2026-09-06T00:00:00-07:00,PAY-base-base-ARU_GROUP-2027-001027,2027-05-31,2027-06-02,SIMBANK-922d486d370275a7e2,31155,OPERATING,ARU_GROUP,MODELED_BANK_CLEARING_OF_FORECAST_PAYMENT
base,ARU_GROUP,2027,5,base-ARU_GROUP-2027-001028,EV-base-base-ARU_GROUP-2027-001028,SALE-base-202704-BST-2025-011,FORECAST,PUBLIC_SYNTHETIC_PLANNING_MODEL,2026-09-06T00:00:00-07:00,PAY-base-base-ARU_GROUP-2027-001028,2027-05-31,2027-06-02,SIMBANK-6ca15847cbeea3bf68,16905,OPERATING,ARU_GROUP,MODELED_BANK_CLEARING_OF_FORECAST_PAYMENT
base,ARU_GROUP,2027,5,base-ARU_GROUP-2027-001029,EV-base-base-ARU_GROUP-2027-001029,SALE-base-202704-BST-2025-012,FORECAST,PUBLIC_SYNTHETIC_PLANNING_MODEL,2026-09-06T00:00:00-07:00,PAY-base-base-ARU_GROUP-2027-001029,2027-05-31,2027-06-02,SIMBANK-9b692adfed6fd94b99,51345,OPERATING,ARU_GROUP,MODELED_BANK_CLEARING_OF_FORECAST_PAYMENT
base,ARU_GROUP,2027,5,base-ARU_GROUP-2027-001030,EV-base-base-ARU_GROUP-2027-001030,SALE-base-202704-BST-2025-013,FORECAST,PUBLIC_SYNTHETIC_PLANNING_MODEL,2026-09-06T00:00:00-07:00,PAY-base-base-ARU_GROUP-2027-001030,2027-05-31,2027-06-02,SIMBANK-fefb8e1a85b1744879,32685,OPERATING,ARU_GROUP,MODELED_BANK_CLEARING_OF_FORECAST_PAYMENT
base,ARU_GROUP,2027,5,base-ARU_GROUP-2027-001031,EV-base-base-ARU_GROUP-2027-001031,SALE-base-202704-TRM-2025-001,FORECAST,PUBLIC_SYNTHETIC_PLANNING_MODEL,2026-09-06T00:00:00-07:00,PAY-base-base-ARU_GROUP-2027-001031,2027-05-31,2027-06-02,SIMBANK-b063edd26720be65f9,56814,OPERATING,ARU_GROUP,MODELED_BANK_CLEARING_OF_FORECAST_PAYMENT
base,ARU_GROUP,2027,5,base-ARU_GROUP-2027-001032,EV-base-base-ARU_GROUP-2027-001032,SALE-base-202704-TRM-2025-002,FORECAST,PUBLIC_SYNTHETIC_PLANNING_MODEL,2026-09-06T00:00:00-07:00,PAY-base-base-ARU_GROUP-2027-001032,2027-05-31,2027-06-02,SIMBANK-ca72216136724c45df,55230,OPERATING,ARU_GROUP,MODELED_BANK_CLEARING_OF_FORECAST_PAYMENT
base,ARU_GROUP,2027,5,base-ARU_GROUP-2027-001033,EV-base-base-ARU_GROUP-2027-001033,SALE-base-202704-TRM-2025-003,FORECAST,PUBLIC_SYNTHETIC_PLANNING_MODEL,2026-09-06T00:00:00-07:00,PAY-base-base-ARU_GROUP-2027-001033,2027-05-31,2027-06-02,SIMBANK-9cbd71d183c287321b,76139,OPERATING,ARU_GROUP,MODELED_BANK_CLEARING_OF_FORECAST_PAYMENT
base,ARU_GROUP,2027,5,base-ARU_GROUP-2027-001034,EV-base-base-ARU_GROUP-2027-001034,SALE-base-202704-TRM-2025-014,FORECAST,PUBLIC_SYNTHETIC_PLANNING_MODEL,2026-09-06T00:00:00-07:00,PAY-base-base-ARU_GROUP-2027-001034,2027-05-31,2027-06-02,SIMBANK-c2e522c911cbd68458,76033,OPERATING,ARU_GROUP,MODELED_BANK_CLEARING_OF_FORECAST_PAYMENT
base,ARU_GROUP,2027,5,base-ARU_GROUP-2027-001035,EV-base-base-ARU_GROUP-2027-001035,SALE-base-202704-TRM-2025-015,FORECAST,PUBLIC_SYNTHETIC_PLANNING_MODEL,2026-09-06T00:00:00-07:00,PAY-base-base-ARU_GROUP-2027-001035,2027-05-31,2027-06-02,SIMBANK-851b21e5e201b869fd,74977,OPERATING,ARU_GROUP,MODELED_BANK_CLEARING_OF_FORECAST_PAYMENT
base,ARU_GROUP,2027,5,base-ARU_GROUP-2027-001036,EV-base-base-ARU_GROUP-2027-001036,SALE-base-202704-TRM-2025-016,FORECAST,PUBLIC_SYNTHETIC_PLANNING_MODEL,2026-09-06T00:00:00-07:00,PAY-base-base-ARU_GROUP-2027-001036,2027-05-31,2027-06-02,SIMBANK-ce215a7f133cf8b635,72654,OPERATING,ARU_GROUP,MODELED_BANK_CLEARING_OF_FORECAST_PAYMENT
base,ARU_GROUP,2027,5,base-ARU_GROUP-2027-001037,EV-base-base-ARU_GROUP-2027-001037,SALE-base-202704-TRM-2025-017,FORECAST,PUBLIC_SYNTHETIC_PLANNING_MODEL,2026-09-06T00:00:00-07:00,PAY-base-base-ARU_GROUP-2027-001037,2027-05-31,2027-06-02,SIMBANK-397f88b1e0024fd392,69697,OPERATING,ARU_GROUP,MODELED_BANK_CLEARING_OF_FORECAST_PAYMENT
base,ARU_GROUP,2027,5,base-ARU_GROUP-2027-001038,EV-base-base-ARU_GROUP-2027-001038,SALE-base-202704-TRM-2025-018,FORECAST,PUBLIC_SYNTHETIC_PLANNING_MODEL,2026-09-06T00:00:00-07:00,PAY-base-base-ARU_GROUP-2027-001038,2027-05-31,2027-06-02,SIMBANK-04ba3fd045be856a16,67585,OPERATING,ARU_GROUP,MODELED_BANK_CLEARING_OF_FORECAST_PAYMENT
base,ARU_GROUP,2027,5,base-ARU_GROUP-2027-001039,EV-base-base-ARU_GROUP-2027-001039,SALE-base-202704-TRK-2025-004,FORECAST,PUBLIC_SYNTHETIC_PLANNING_MODEL,2026-09-06T00:00:00-07:00,PAY-base-base-ARU_GROUP-2027-001039,2027-05-31,2027-06-02,SIMBANK-fd6f560eeedd14133c,60721,OPERATING,ARU_GROUP,MODELED_BANK_CLEARING_OF_FORECAST_PAYMENT
base,ARU_GROUP,2027,5,base-ARU_GROUP-2027-001040,EV-base-base-ARU_GROUP-2027-001040,SALE-base-202704-TRK-2025-019,FORECAST,PUBLIC_SYNTHETIC_PLANNING_MODEL,2026-09-06T00:00:00-07:00,PAY-base-base-ARU_GROUP-2027-001040,2027-05-31,2027-06-02,SIMBANK-8bfaafc602877d9cbf,68641,OPERATING,ARU_GROUP,MODELED_BANK_CLEARING_OF_FORECAST_PAYMENT
base,ARU_GROUP,2027,5,base-ARU_GROUP-2027-001041,EV-base-base-ARU_GROUP-2027-001041,SALE-base-202704-TRK-2025-020,FORECAST,PUBLIC_SYNTHETIC_PLANNING_MODEL,2026-09-06T00:00:00-07:00,PAY-base-base-ARU_GROUP-2027-001041,2027-05-31,2027-06-02,SIMBANK-2d6f2f03802fcf8280,66001,OPERATING,ARU_GROUP,MODELED_BANK_CLEARING_OF_FORECAST_PAYMENT
base,ARU_GROUP,2027,5,base-ARU_GROUP-2027-001042,EV-base-base-ARU_GROUP-2027-001042,SALE-base-202704-TRK-2025-021,FORECAST,PUBLIC_SYNTHETIC_PLANNING_MODEL,2026-09-06T00:00:00-07:00,PAY-base-base-ARU_GROUP-2027-001042,2027-05-31,2027-06-02,SIMBANK-d306da7de778a5a808,62569,OPERATING,ARU_GROUP,MODELED_BANK_CLEARING_OF_FORECAST_PAYMENT
base,ARU_GROUP,2027,5,base-ARU_GROUP-2027-001043,EV-base-base-ARU_GROUP-2027-001043,SALE-base-202704-TRK-2025-022,FORECAST,PUBLIC_SYNTHETIC_PLANNING_MODEL,2026-09-06T00:00:00-07:00,PAY-base-base-ARU_GROUP-2027-001043,2027-05-31,2027-06-02,SIMBANK-93d1d877563f030225,59136,OPERATING,ARU_GROUP,MODELED_BANK_CLEARING_OF_FORECAST_PAYMENT
base,ARU_GROUP,2027,5,base-ARU_GROUP-2027-001044,EV-base-base-ARU_GROUP-2027-001044,SALE-base-202704-WHS-2025-005,FORECAST,PUBLIC_SYNTHETIC_PLANNING_MODEL,2026-09-06T00:00:00-07:00,PAY-base-base-ARU_GROUP-2027-001044,2027-05-31,2027-06-02,SIMBANK-d91423b687e3a946d3,102642,OPERATING,ARU_GROUP,MODELED_BANK_CLEARING_OF_FORECAST_PAYMENT
base,ARU_GROUP,2027,5,base-ARU_GROUP-2027-001045,EV-base-base-ARU_GROUP-2027-001045,SALE-base-202704-WHS-2025-023,FORECAST,PUBLIC_SYNTHETIC_PLANNING_MODEL,2026-09-06T00:00:00-07:00,PAY-base-base-ARU_GROUP-2027-001045,2027-05-31,2027-06-02,SIMBANK-e1d6a1caf71d169905,54489,OPERATING,ARU_GROUP,MODELED_BANK_CLEARING_OF_FORECAST_PAYMENT
base,ARU_GROUP,2027,5,base-ARU_GROUP-2027-001046,EV-base-base-ARU_GROUP-2027-001046,SALE-base-202704-WHS-2025-024,FORECAST,PUBLIC_SYNTHETIC_PLANNING_MODEL,2026-09-06T00:00:00-07:00,PAY-base-base-ARU_GROUP-2027-001046,2027-05-31,2027-06-02,SIMBANK-8194ce4b8323092632,50688,OPERATING,ARU_GROUP,MODELED_BANK_CLEARING_OF_FORECAST_PAYMENT
base,ARU_GROUP,2027,5,base-ARU_GROUP-2027-001047,EV-base-base-ARU_GROUP-2027-001047,SALE-base-202704-WHS-2025-025,FORECAST,PUBLIC_SYNTHETIC_PLANNING_MODEL,2026-09-06T00:00:00-07:00,PAY-base-base-ARU_GROUP-2027-001047,2027-05-31,2027-06-02,SIMBANK-a3c5a750011c1fe4ce,45619,OPERATING,ARU_GROUP,MODELED_BANK_CLEARING_OF_FORECAST_PAYMENT
base,ARU_GROUP,2027,5,base-ARU_GROUP-2027-001051,EV-base-base-ARU_GROUP-2027-001051,IC-base-202704-acid-BST,FORECAST,PUBLIC_SYNTHETIC_PLANNING_MODEL,2026-09-06T00:00:00-07:00,PAY-base-base-ARU_GROUP-2027-001051,2027-05-31,2027-06-02,SIMBANK-6f6d5908569a5de0d8,4845,OPERATING,ARU_GROUP,MODELED_BANK_CLEARING_OF_FORECAST_PAYMENT
base,ARU_GROUP,2027,5,base-ARU_GROUP-2027-001052,EV-base-base-ARU_GROUP-2027-001052,IC-base-202704-acid-TERMINALS,FORECAST,PUBLIC_SYNTHETIC_PLANNING_MODEL,2026-09-06T00:00:00-07:00,PAY-base-base-ARU_GROUP-2027-001052,2027-05-31,2027-06-02,SIMBANK-bcb1691db8c88b69a5,3570,OPERATING,ARU_GROUP,MODELED_BANK_CLEARING_OF_FORECAST_PAYMENT
base,ARU_GROUP,2027,5,base-ARU_GROUP-2027-001053,EV-base-base-ARU_GROUP-2027-001053,IC-base-202704-acid-TRUCKING,FORECAST,PUBLIC_SYNTHETIC_PLANNING_MODEL,2026-09-06T00:00:00-07:00,PAY-base-base-ARU_GROUP-2027-001053,2027-05-31,2027-06-02,SIMBANK-64fa77c65faa8db6d7,6936,OPERATING,ARU_GROUP,MODELED_BANK_CLEARING_OF_FORECAST_PAYMENT
base,ARU_GROUP,2027,5,base-ARU_GROUP-2027-001054,EV-base-base-ARU_GROUP-2027-001054,IC-base-202704-binder-BST,FORECAST,PUBLIC_SYNTHETIC_PLANNING_MODEL,2026-09-06T00:00:00-07:00,PAY-base-base-ARU_GROUP-2027-001054,2027-05-31,2027-06-02,SIMBANK-9f46f48478a41cdca7,5202,OPERATING,ARU_GROUP,MODELED_BANK_CLEARING_OF_FORECAST_PAYMENT
base,ARU_GROUP,2027,5,base-ARU_GROUP-2027-001055,EV-base-base-ARU_GROUP-2027-001055,IC-base-202704-binder-TERMINALS,FORECAST,PUBLIC_SYNTHETIC_PLANNING_MODEL,2026-09-06T00:00:00-07:00,PAY-base-base-ARU_GROUP-2027-001055,2027-05-31,2027-06-02,SIMBANK-9b3056d6f1a44bbaef,2448,OPERATING,ARU_GROUP,MODELED_BANK_CLEARING_OF_FORECAST_PAYMENT
base,ARU_GROUP,2027,5,base-ARU_GROUP-2027-001056,EV-base-base-ARU_GROUP-2027-001056,IC-base-202704-binder-TRUCKING,FORECAST,PUBLIC_SYNTHETIC_PLANNING_MODEL,2026-09-06T00:00:00-07:00,PAY-base-base-ARU_GROUP-2027-001056,2027-05-31,2027-06-02,SIMBANK-0aab6d8e13c581f8d2,6977,OPERATING,ARU_GROUP,MODELED_BANK_CLEARING_OF_FORECAST_PAYMENT
base,ARU_GROUP,2027,5,base-ARU_GROUP-2027-001057,EV-base-base-ARU_GROUP-2027-001057,IC-base-202704-lime-BST,FORECAST,PUBLIC_SYNTHETIC_PLANNING_MODEL,2026-09-06T00:00:00-07:00,PAY-base-base-ARU_GROUP-2027-001057,2027-05-31,2027-06-02,SIMBANK-a0e131bfc232045e0a,867,OPERATING,ARU_GROUP,MODELED_BANK_CLEARING_OF_FORECAST_PAYMENT
base,ARU_GROUP,2027,5,base-ARU_GROUP-2027-001058,EV-base-base-ARU_GROUP-2027-001058,IC-base-202704-lime-TERMINALS,FORECAST,PUBLIC_SYNTHETIC_PLANNING_MODEL,2026-09-06T00:00:00-07:00,PAY-base-base-ARU_GROUP-2027-001058,2027-05-31,2027-06-02,SIMBANK-ede9d5b70afb692173,459,OPERATING,ARU_GROUP,MODELED_BANK_CLEARING_OF_FORECAST_PAYMENT
base,ARU_GROUP,2027,5,base-ARU_GROUP-2027-001059,EV-base-base-ARU_GROUP-2027-001059,IC-base-202704-lime-TRUCKING,FORECAST,PUBLIC_SYNTHETIC_PLANNING_MODEL,2026-09-06T00:00:00-07:00,PAY-base-base-ARU_GROUP-2027-001059,2027-05-31,2027-06-02,SIMBANK-ac9fa8edd34d79a9e3,1224,OPERATING,ARU_GROUP,MODELED_BANK_CLEARING_OF_FORECAST_PAYMENT
base,ARU_GROUP,2027,5,base-ARU_GROUP-2027-001060,EV-base-base-ARU_GROUP-2027-001060,IC-base-202704-mro-BST,FORECAST,PUBLIC_SYNTHETIC_PLANNING_MODEL,2026-09-06T00:00:00-07:00,PAY-base-base-ARU_GROUP-2027-001060,2027-05-31,2027-06-02,SIMBANK-47de663e72e8ae2343,765,OPERATING,ARU_GROUP,MODELED_BANK_CLEARING_OF_FORECAST_PAYMENT
base,ARU_GROUP,2027,5,base-ARU_GROUP-2027-001061,EV-base-base-ARU_GROUP-2027-001061,IC-base-202704-mro-TERMINALS,FORECAST,PUBLIC_SYNTHETIC_PLANNING_MODEL,2026-09-06T00:00:00-07:00,PAY-base-base-ARU_GROUP-2027-001061,2027-05-31,2027-06-02,SIMBANK-e7dbc79e6bacc75f93,510,OPERATING,ARU_GROUP,MODELED_BANK_CLEARING_OF_FORECAST_PAYMENT
base,ARU_GROUP,2027,5,base-ARU_GROUP-2027-001062,EV-base-base-ARU_GROUP-2027-001062,IC-base-202704-mro-TRUCKING,FORECAST,PUBLIC_SYNTHETIC_PLANNING_MODEL,2026-09-06T00:00:00-07:00,PAY-base-base-ARU_GROUP-2027-001062,2027-05-31,2027-06-02,SIMBANK-3c6886c78c326f6655,663,OPERATING,ARU_GROUP,MODELED_BANK_CLEARING_OF_FORECAST_PAYMENT
base,ARU_GROUP,2027,5,base-ARU_GROUP-2027-001063,EV-base-base-ARU_GROUP-2027-001063,IC-base-202704-project-BST,FORECAST,PUBLIC_SYNTHETIC_PLANNING_MODEL,2026-09-06T00:00:00-07:00,PAY-base-base-ARU_GROUP-2027-001063,2027-05-31,2027-06-02,SIMBANK-e0d138f3940d3ff878,1428,OPERATING,ARU_GROUP,MODELED_BANK_CLEARING_OF_FORECAST_PAYMENT
base,ARU_GROUP,2027,5,base-ARU_GROUP-2027-001064,EV-base-base-ARU_GROUP-2027-001064,IC-base-202704-project-TERMINALS,FORECAST,PUBLIC_SYNTHETIC_PLANNING_MODEL,2026-09-06T00:00:00-07:00,PAY-base-base-ARU_GROUP-2027-001064,2027-05-31,2027-06-02,SIMBANK-60a8e6ae106df8d59d,1428,OPERATING,ARU_GROUP,MODELED_BANK_CLEARING_OF_FORECAST_PAYMENT
base,ARU_GROUP,2027,5,base-ARU_GROUP-2027-001065,EV-base-base-ARU_GROUP-2027-001065,IC-base-202704-project-TRUCKING,FORECAST,PUBLIC_SYNTHETIC_PLANNING_MODEL,2026-09-06T00:00:00-07:00,PAY-base-base-ARU_GROUP-2027-001065,2027-05-31,2027-06-02,SIMBANK-6c6592cda7d1de5ede,1836,OPERATING,ARU_GROUP,MODELED_BANK_CLEARING_OF_FORECAST_PAYMENT
base,ARU_GROUP,2027,5,base-ARU_GROUP-2027-001066,EV-base-base-ARU_GROUP-2027-001066,IC-base-202704-steel-BST,FORECAST,PUBLIC_SYNTHETIC_PLANNING_MODEL,2026-09-06T00:00:00-07:00,PAY-base-base-ARU_GROUP-2027-001066,2027-05-31,2027-06-02,SIMBANK-12e6e91b76ce3b8120,1938,OPERATING,ARU_GROUP,MODELED_BANK_CLEARING_OF_FORECAST_PAYMENT
base,ARU_GROUP,2027,5,base-ARU_GROUP-2027-001067,EV-base-base-ARU_GROUP-2027-001067,IC-base-202704-steel-TERMINALS,FORECAST,PUBLIC_SYNTHETIC_PLANNING_MODEL,2026-09-06T00:00:00-07:00,PAY-base-base-ARU_GROUP-2027-001067,2027-05-31,2027-06-02,SIMBANK-a3d54139f81810d1e9,1326,OPERATING,ARU_GROUP,MODELED_BANK_CLEARING_OF_FORECAST_PAYMENT
base,ARU_GROUP,2027,5,base-ARU_GROUP-2027-001068,EV-base-base-ARU_GROUP-2027-001068,IC-base-202704-steel-TRUCKING,FORECAST,PUBLIC_SYNTHETIC_PLANNING_MODEL,2026-09-06T00:00:00-07:00,PAY-base-base-ARU_GROUP-2027-001068,2027-05-31,2027-06-02,SIMBANK-5570c0e81d9f927a08,2295,OPERATING,ARU_GROUP,MODELED_BANK_CLEARING_OF_FORECAST_PAYMENT
base,ARU_GROUP,2027,5,base-ARU_GROUP-2027-001070,EV-base-base-ARU_GROUP-2027-001070,PAYROLL-base-202705-ARU,FORECAST,PUBLIC_SYNTHETIC_PLANNING_MODEL,2026-09-06T00:00:00-07:00,PAY-base-base-ARU_GROUP-2027-001070,2027-05-31,2027-06-02,SIMBANK-076fd92820e1a046b0,-144008,OPERATING,ARU_GROUP,MODELED_BANK_CLEARING_OF_FORECAST_PAYMENT
base,ARU_GROUP,2027,5,base-ARU_GROUP-2027-001071,EV-base-base-ARU_GROUP-2027-001071,PAYROLL-base-202705-BST,FORECAST,PUBLIC_SYNTHETIC_PLANNING_MODEL,2026-09-06T00:00:00-07:00,PAY-base-base-ARU_GROUP-2027-001071,2027-05-31,2027-06-02,SIMBANK-05103db823cc71ce41,-516154,OPERATING,ARU_GROUP,MODELED_BANK_CLEARING_OF_FORECAST_PAYMENT
base,ARU_GROUP,2027,5,base-ARU_GROUP-2027-001072,EV-base-base-ARU_GROUP-2027-001072,PAYROLL-base-202705-TERMINALS,FORECAST,PUBLIC_SYNTHETIC_PLANNING_MODEL,2026-09-06T00:00:00-07:00,PAY-base-base-ARU_GROUP-2027-001072,2027-05-31,2027-06-02,SIMBANK-761948691772ed65cd,-200784,OPERATING,ARU_GROUP,MODELED_BANK_CLEARING_OF_FORECAST_PAYMENT
base,ARU_GROUP,2027,5,base-ARU_GROUP-2027-001073,EV-base-base-ARU_GROUP-2027-001073,PAYROLL-base-202705-TRUCKING,FORECAST,PUBLIC_SYNTHETIC_PLANNING_MODEL,2026-09-06T00:00:00-07:00,PAY-base-base-ARU_GROUP-2027-001073,2027-05-31,2027-06-02,SIMBANK-c63c51cae804d3b707,-194118,OPERATING,ARU_GROUP,MODELED_BANK_CLEARING_OF_FORECAST_PAYMENT
base,ARU_GROUP,2027,5,base-ARU_GROUP-2027-001074,EV-base-base-ARU_GROUP-2027-001074,PAYROLL-base-202705-WAREHOUSE,FORECAST,PUBLIC_SYNTHETIC_PLANNING_MODEL,2026-09-06T00:00:00-07:00,PAY-base-base-ARU_GROUP-2027-001074,2027-05-31,2027-06-02,SIMBANK-8e817f7c1df3d6b928,-92175,OPERATING,ARU_GROUP,MODELED_BANK_CLEARING_OF_FORECAST_PAYMENT
base,ARU_GROUP,2027,5,base-ARU_GROUP-2027-001075,EV-base-base-ARU_GROUP-2027-001075,INTEREST-202705,FORECAST,PUBLIC_SYNTHETIC_PLANNING_MODEL,2026-09-06T00:00:00-07:00,PAY-base-base-ARU_GROUP-2027-001075,2027-05-31,2027-06-02,SIMBANK-7649731c0bfa29a9e6,-127123,OPERATING,ARU_GROUP,MODELED_BANK_CLEARING_OF_FORECAST_PAYMENT
base,ARU_GROUP,2027,5,base-ARU_GROUP-2027-001076,EV-base-base-ARU_GROUP-2027-001076,LEASE-202705,FORECAST,PUBLIC_SYNTHETIC_PLANNING_MODEL,2026-09-06T00:00:00-07:00,PAY-base-base-ARU_GROUP-2027-001076,2027-05-31,2027-06-02,SIMBANK-241df92864ef9353f1,-41667,FINANCING,ARU_GROUP,MODELED_BANK_CLEARING_OF_FORECAST_PAYMENT
base,ARU_GROUP,2027,5,base-ARU_GROUP-2027-001077,EV-base-base-ARU_GROUP-2027-001077,IC-base-202705-acid-BST-COST,FORECAST,PUBLIC_SYNTHETIC_PLANNING_MODEL,2026-09-06T00:00:00-07:00,PAY-base-base-ARU_GROUP-2027-001077,2027-05-31,2027-06-02,SIMBANK-602e02aa73d7fdddfd,-1689,OPERATING,ARU_GROUP,MODELED_BANK_CLEARING_OF_FORECAST_PAYMENT
base,ARU_GROUP,2027,5,base-ARU_GROUP-2027-001078,EV-base-base-ARU_GROUP-2027-001078,IC-base-202705-acid-TERMINALS-COST,FORECAST,PUBLIC_SYNTHETIC_PLANNING_MODEL,2026-09-06T00:00:00-07:00,PAY-base-base-ARU_GROUP-2027-001078,2027-05-31,2027-06-02,SIMBANK-8ae3d6d6c5e059d0d3,-1607,OPERATING,ARU_GROUP,MODELED_BANK_CLEARING_OF_FORECAST_PAYMENT
base,ARU_GROUP,2027,5,base-ARU_GROUP-2027-001079,EV-base-base-ARU_GROUP-2027-001079,IC-base-202705-acid-TRUCKING-COST,FORECAST,PUBLIC_SYNTHETIC_PLANNING_MODEL,2026-09-06T00:00:00-07:00,PAY-base-base-ARU_GROUP-2027-001079,2027-05-31,2027-06-02,SIMBANK-7ddcb7a747b7fd6721,-3790,OPERATING,ARU_GROUP,MODELED_BANK_CLEARING_OF_FORECAST_PAYMENT
base,ARU_GROUP,2027,5,base-ARU_GROUP-2027-001080,EV-base-base-ARU_GROUP-2027-001080,IC-base-202705-binder-BST-COST,FORECAST,PUBLIC_SYNTHETIC_PLANNING_MODEL,2026-09-06T00:00:00-07:00,PAY-base-base-ARU_GROUP-2027-001080,2027-05-31,2027-06-02,SIMBANK-8d16e7199aeb302a01,-1854,OPERATING,ARU_GROUP,MODELED_BANK_CLEARING_OF_FORECAST_PAYMENT
base,ARU_GROUP,2027,5,base-ARU_GROUP-2027-001081,EV-base-base-ARU_GROUP-2027-001081,IC-base-202705-binder-TERMINALS-COST,FORECAST,PUBLIC_SYNTHETIC_PLANNING_MODEL,2026-09-06T00:00:00-07:00,PAY-base-base-ARU_GROUP-2027-001081,2027-05-31,2027-06-02,SIMBANK-988f1ed7dadea0c4b5,-1185,OPERATING,ARU_GROUP,MODELED_BANK_CLEARING_OF_FORECAST_PAYMENT
base,ARU_GROUP,2027,5,base-ARU_GROUP-2027-001082,EV-base-base-ARU_GROUP-2027-001082,IC-base-202705-binder-TRUCKING-COST,FORECAST,PUBLIC_SYNTHETIC_PLANNING_MODEL,2026-09-06T00:00:00-07:00,PAY-base-base-ARU_GROUP-2027-001082,2027-05-31,2027-06-02,SIMBANK-3c174b4659894c4620,-3914,OPERATING,ARU_GROUP,MODELED_BANK_CLEARING_OF_FORECAST_PAYMENT
base,ARU_GROUP,2027,5,base-ARU_GROUP-2027-001083,EV-base-base-ARU_GROUP-2027-001083,IC-base-202705-lime-BST-COST,FORECAST,PUBLIC_SYNTHETIC_PLANNING_MODEL,2026-09-06T00:00:00-07:00,PAY-base-base-ARU_GROUP-2027-001083,2027-05-31,2027-06-02,SIMBANK-5d0afe907216bd9a8a,-371,OPERATING,ARU_GROUP,MODELED_BANK_CLEARING_OF_FORECAST_PAYMENT
base,ARU_GROUP,2027,5,base-ARU_GROUP-2027-001084,EV-base-base-ARU_GROUP-2027-001084,IC-base-202705-lime-TERMINALS-COST,FORECAST,PUBLIC_SYNTHETIC_PLANNING_MODEL,2026-09-06T00:00:00-07:00,PAY-base-base-ARU_GROUP-2027-001084,2027-05-31,2027-06-02,SIMBANK-6501b011aa5b2f8aee,-258,OPERATING,ARU_GROUP,MODELED_BANK_CLEARING_OF_FORECAST_PAYMENT
base,ARU_GROUP,2027,5,base-ARU_GROUP-2027-001085,EV-base-base-ARU_GROUP-2027-001085,IC-base-202705-lime-TRUCKING-COST,FORECAST,PUBLIC_SYNTHETIC_PLANNING_MODEL,2026-09-06T00:00:00-07:00,PAY-base-base-ARU_GROUP-2027-001085,2027-05-31,2027-06-02,SIMBANK-9adcec84a095d7cf41,-824,OPERATING,ARU_GROUP,MODELED_BANK_CLEARING_OF_FORECAST_PAYMENT
base,ARU_GROUP,2027,5,base-ARU_GROUP-2027-001086,EV-base-base-ARU_GROUP-2027-001086,IC-base-202705-mro-BST-COST,FORECAST,PUBLIC_SYNTHETIC_PLANNING_MODEL,2026-09-06T00:00:00-07:00,PAY-base-base-ARU_GROUP-2027-001086,2027-05-31,2027-06-02,SIMBANK-bfb551244c16f3595f,-309,OPERATING,ARU_GROUP,MODELED_BANK_CLEARING_OF_FORECAST_PAYMENT
base,ARU_GROUP,2027,5,base-ARU_GROUP-2027-001087,EV-base-base-ARU_GROUP-2027-001087,IC-base-202705-mro-TERMINALS-COST,FORECAST,PUBLIC_SYNTHETIC_PLANNING_MODEL,2026-09-06T00:00:00-07:00,PAY-base-base-ARU_GROUP-2027-001087,2027-05-31,2027-06-02,SIMBANK-f13453e70614d65a70,-299,OPERATING,ARU_GROUP,MODELED_BANK_CLEARING_OF_FORECAST_PAYMENT
base,ARU_GROUP,2027,5,base-ARU_GROUP-2027-001088,EV-base-base-ARU_GROUP-2027-001088,IC-base-202705-mro-TRUCKING-COST,FORECAST,PUBLIC_SYNTHETIC_PLANNING_MODEL,2026-09-06T00:00:00-07:00,PAY-base-base-ARU_GROUP-2027-001088,2027-05-31,2027-06-02,SIMBANK-d9f815e53c1c34d2cc,-453,OPERATING,ARU_GROUP,MODELED_BANK_CLEARING_OF_FORECAST_PAYMENT
base,ARU_GROUP,2027,5,base-ARU_GROUP-2027-001089,EV-base-base-ARU_GROUP-2027-001089,IC-base-202705-project-BST-COST,FORECAST,PUBLIC_SYNTHETIC_PLANNING_MODEL,2026-09-06T00:00:00-07:00,PAY-base-base-ARU_GROUP-2027-001089,2027-05-31,2027-06-02,SIMBANK-df8f2283df4582aba8,-670,OPERATING,ARU_GROUP,MODELED_BANK_CLEARING_OF_FORECAST_PAYMENT
base,ARU_GROUP,2027,5,base-ARU_GROUP-2027-001090,EV-base-base-ARU_GROUP-2027-001090,IC-base-202705-project-TERMINALS-COST,FORECAST,PUBLIC_SYNTHETIC_PLANNING_MODEL,2026-09-06T00:00:00-07:00,PAY-base-base-ARU_GROUP-2027-001090,2027-05-31,2027-06-02,SIMBANK-c5fe4ab5d085c92f81,-824,OPERATING,ARU_GROUP,MODELED_BANK_CLEARING_OF_FORECAST_PAYMENT
base,ARU_GROUP,2027,5,base-ARU_GROUP-2027-001091,EV-base-base-ARU_GROUP-2027-001091,IC-base-202705-project-TRUCKING-COST,FORECAST,PUBLIC_SYNTHETIC_PLANNING_MODEL,2026-09-06T00:00:00-07:00,PAY-base-base-ARU_GROUP-2027-001091,2027-05-31,2027-06-02,SIMBANK-11d05e4d50a7fa0a41,-1339,OPERATING,ARU_GROUP,MODELED_BANK_CLEARING_OF_FORECAST_PAYMENT
base,ARU_GROUP,2027,5,base-ARU_GROUP-2027-001092,EV-base-base-ARU_GROUP-2027-001092,IC-base-202705-steel-BST-COST,FORECAST,PUBLIC_SYNTHETIC_PLANNING_MODEL,2026-09-06T00:00:00-07:00,PAY-base-base-ARU_GROUP-2027-001092,2027-05-31,2027-06-02,SIMBANK-829326a3d15b743285,-886,OPERATING,ARU_GROUP,MODELED_BANK_CLEARING_OF_FORECAST_PAYMENT
base,ARU_GROUP,2027,5,base-ARU_GROUP-2027-001093,EV-base-base-ARU_GROUP-2027-001093,IC-base-202705-steel-TERMINALS-COST,FORECAST,PUBLIC_SYNTHETIC_PLANNING_MODEL,2026-09-06T00:00:00-07:00,PAY-base-base-ARU_GROUP-2027-001093,2027-05-31,2027-06-02,SIMBANK-14eebf3c0a761358b8,-762,OPERATING,ARU_GROUP,MODELED_BANK_CLEARING_OF_FORECAST_PAYMENT
base,ARU_GROUP,2027,5,base-ARU_GROUP-2027-001094,EV-base-base-ARU_GROUP-2027-001094,IC-base-202705-steel-TRUCKING-COST,FORECAST,PUBLIC_SYNTHETIC_PLANNING_MODEL,2026-09-06T00:00:00-07:00,PAY-base-base-ARU_GROUP-2027-001094,2027-05-31,2027-06-02,SIMBANK-86cf2797da10229ec5,-1545,OPERATING,ARU_GROUP,MODELED_BANK_CLEARING_OF_FORECAST_PAYMENT
base,ARU_GROUP,2027,5,base-ARU_GROUP-2027-001095,EV-base-base-ARU_GROUP-2027-001095,IF-FIXED-base-202705-BST,FORECAST,PUBLIC_SYNTHETIC_PLANNING_MODEL,2026-09-06T00:00:00-07:00,PAY-base-base-ARU_GROUP-2027-001095,2027-05-31,2027-06-02,SIMBANK-945a2c8245fdd45204,-1030,OPERATING,ARU_GROUP,MODELED_BANK_CLEARING_OF_FORECAST_PAYMENT
base,ARU_GROUP,2027,5,base-ARU_GROUP-2027-001096,EV-base-base-ARU_GROUP-2027-001096,IF-FIXED-base-202705-TERMINALS,FORECAST,PUBLIC_SYNTHETIC_PLANNING_MODEL,2026-09-06T00:00:00-07:00,PAY-base-base-ARU_GROUP-2027-001096,2027-05-31,2027-06-02,SIMBANK-57314812d6f8e654c4,-2060,OPERATING,ARU_GROUP,MODELED_BANK_CLEARING_OF_FORECAST_PAYMENT
base,ARU_GROUP,2027,5,base-ARU_GROUP-2027-001097,EV-base-base-ARU_GROUP-2027-001097,IF-FIXED-base-202705-TRUCKING,FORECAST,PUBLIC_SYNTHETIC_PLANNING_MODEL,2026-09-06T00:00:00-07:00,PAY-base-base-ARU_GROUP-2027-001097,2027-05-31,2027-06-02,SIMBANK-5fcec48dd4c3d3b74a,-1030,OPERATING,ARU_GROUP,MODELED_BANK_CLEARING_OF_FORECAST_PAYMENT
base,ARU_GROUP,2027,5,base-ARU_GROUP-2027-001098,EV-base-base-ARU_GROUP-2027-001098,PROC-base-202704-ARU-INS,FORECAST,PUBLIC_SYNTHETIC_PLANNING_MODEL,2026-09-06T00:00:00-07:00,PAY-base-base-ARU_GROUP-2027-001098,2027-05-31,2027-06-02,SIMBANK-7be859bb6dc378680e,-9745,OPERATING,ARU_GROUP,MODELED_BANK_CLEARING_OF_FORECAST_PAYMENT
base,ARU_GROUP,2027,5,base-ARU_GROUP-2027-001099,EV-base-base-ARU_GROUP-2027-001099,PROC-base-202704-ARU-MAINT,FORECAST,PUBLIC_SYNTHETIC_PLANNING_MODEL,2026-09-06T00:00:00-07:00,PAY-base-base-ARU_GROUP-2027-001099,2027-05-31,2027-06-02,SIMBANK-2fac6ff123205a845a,-12180,OPERATING,ARU_GROUP,MODELED_BANK_CLEARING_OF_FORECAST_PAYMENT
base,ARU_GROUP,2027,5,base-ARU_GROUP-2027-001100,EV-base-base-ARU_GROUP-2027-001100,PROC-base-202704-ARU-MAT,FORECAST,PUBLIC_SYNTHETIC_PLANNING_MODEL,2026-09-06T00:00:00-07:00,PAY-base-base-ARU_GROUP-2027-001100,2027-05-31,2027-06-02,SIMBANK-116698a0f9b536bdcd,-12180,OPERATING,ARU_GROUP,MODELED_BANK_CLEARING_OF_FORECAST_PAYMENT
base,ARU_GROUP,2027,5,base-ARU_GROUP-2027-001101,EV-base-base-ARU_GROUP-2027-001101,PROC-base-202704-ARU-OCC,FORECAST,PUBLIC_SYNTHETIC_PLANNING_MODEL,2026-09-06T00:00:00-07:00,PAY-base-base-ARU_GROUP-2027-001101,2027-05-31,2027-06-02,SIMBANK-9a94f01670f904e7c9,-9745,OPERATING,ARU_GROUP,MODELED_BANK_CLEARING_OF_FORECAST_PAYMENT
base,ARU_GROUP,2027,5,base-ARU_GROUP-2027-001102,EV-base-base-ARU_GROUP-2027-001102,PROC-base-202704-ARU-SERV,FORECAST,PUBLIC_SYNTHETIC_PLANNING_MODEL,2026-09-06T00:00:00-07:00,PAY-base-base-ARU_GROUP-2027-001102,2027-05-31,2027-06-02,SIMBANK-54711fd6378c139577,-4872,OPERATING,ARU_GROUP,MODELED_BANK_CLEARING_OF_FORECAST_PAYMENT
base,ARU_GROUP,2027,5,base-ARU_GROUP-2027-001103,EV-base-base-ARU_GROUP-2027-001103,PROC-base-202704-BST-INS,FORECAST,PUBLIC_SYNTHETIC_PLANNING_MODEL,2026-09-06T00:00:00-07:00,PAY-base-base-ARU_GROUP-2027-001103,2027-05-31,2027-06-02,SIMBANK-ee2f3fd94f0005ae72,-110191,OPERATING,ARU_GROUP,MODELED_BANK_CLEARING_OF_FORECAST_PAYMENT
base,ARU_GROUP,2027,5,base-ARU_GROUP-2027-001104,EV-base-base-ARU_GROUP-2027-001104,PROC-base-202704-BST-MAINT,FORECAST,PUBLIC_SYNTHETIC_PLANNING_MODEL,2026-09-06T00:00:00-07:00,PAY-base-base-ARU_GROUP-2027-001104,2027-05-31,2027-06-02,SIMBANK-1295d0ed58da17a8ac,-160425,OPERATING,ARU_GROUP,MODELED_BANK_CLEARING_OF_FORECAST_PAYMENT
base,ARU_GROUP,2027,5,base-ARU_GROUP-2027-001105,EV-base-base-ARU_GROUP-2027-001105,PROC-base-202704-BST-MAT,FORECAST,PUBLIC_SYNTHETIC_PLANNING_MODEL,2026-09-06T00:00:00-07:00,PAY-base-base-ARU_GROUP-2027-001105,2027-05-31,2027-06-02,SIMBANK-d0671b64e9ff75357e,-127304,OPERATING,ARU_GROUP,MODELED_BANK_CLEARING_OF_FORECAST_PAYMENT
base,ARU_GROUP,2027,5,base-ARU_GROUP-2027-001106,EV-base-base-ARU_GROUP-2027-001106,PROC-base-202704-BST-OCC,FORECAST,PUBLIC_SYNTHETIC_PLANNING_MODEL,2026-09-06T00:00:00-07:00,PAY-base-base-ARU_GROUP-2027-001106,2027-05-31,2027-06-02,SIMBANK-5eab21aa57e1442977,-116323,OPERATING,ARU_GROUP,MODELED_BANK_CLEARING_OF_FORECAST_PAYMENT
base,ARU_GROUP,2027,5,base-ARU_GROUP-2027-001107,EV-base-base-ARU_GROUP-2027-001107,PROC-base-202704-BST-SERV,FORECAST,PUBLIC_SYNTHETIC_PLANNING_MODEL,2026-09-06T00:00:00-07:00,PAY-base-base-ARU_GROUP-2027-001107,2027-05-31,2027-06-02,SIMBANK-b8b6d6d808982f90de,-128729,OPERATING,ARU_GROUP,MODELED_BANK_CLEARING_OF_FORECAST_PAYMENT
base,ARU_GROUP,2027,5,base-ARU_GROUP-2027-001108,EV-base-base-ARU_GROUP-2027-001108,PROC-base-202704-TERMINALS-INS,FORECAST,PUBLIC_SYNTHETIC_PLANNING_MODEL,2026-09-06T00:00:00-07:00,PAY-base-base-ARU_GROUP-2027-001108,2027-05-31,2027-06-02,SIMBANK-28a79aa3b6b1f71d78,-77962,OPERATING,ARU_GROUP,MODELED_BANK_CLEARING_OF_FORECAST_PAYMENT
base,ARU_GROUP,2027,5,base-ARU_GROUP-2027-001109,EV-base-base-ARU_GROUP-2027-001109,PROC-base-202704-TERMINALS-MAINT,FORECAST,PUBLIC_SYNTHETIC_PLANNING_MODEL,2026-09-06T00:00:00-07:00,PAY-base-base-ARU_GROUP-2027-001109,2027-05-31,2027-06-02,SIMBANK-36454c7d1e1d09aa80,-128273,OPERATING,ARU_GROUP,MODELED_BANK_CLEARING_OF_FORECAST_PAYMENT
base,ARU_GROUP,2027,5,base-ARU_GROUP-2027-001110,EV-base-base-ARU_GROUP-2027-001110,PROC-base-202704-TERMINALS-MAT,FORECAST,PUBLIC_SYNTHETIC_PLANNING_MODEL,2026-09-06T00:00:00-07:00,PAY-base-base-ARU_GROUP-2027-001110,2027-05-31,2027-06-02,SIMBANK-62eac930c656ba6d9c,-126944,OPERATING,ARU_GROUP,MODELED_BANK_CLEARING_OF_FORECAST_PAYMENT
base,ARU_GROUP,2027,5,base-ARU_GROUP-2027-001111,EV-base-base-ARU_GROUP-2027-001111,PROC-base-202704-TERMINALS-OCC,FORECAST,PUBLIC_SYNTHETIC_PLANNING_MODEL,2026-09-06T00:00:00-07:00,PAY-base-base-ARU_GROUP-2027-001111,2027-05-31,2027-06-02,SIMBANK-a7c8622f4b52c87c26,-103550,OPERATING,ARU_GROUP,MODELED_BANK_CLEARING_OF_FORECAST_PAYMENT
base,ARU_GROUP,2027,5,base-ARU_GROUP-2027-001112,EV-base-base-ARU_GROUP-2027-001112,PROC-base-202704-TERMINALS-SERV,FORECAST,PUBLIC_SYNTHETIC_PLANNING_MODEL,2026-09-06T00:00:00-07:00,PAY-base-base-ARU_GROUP-2027-001112,2027-05-31,2027-06-02,SIMBANK-47fbe5b0e40c5d221d,-77263,OPERATING,ARU_GROUP,MODELED_BANK_CLEARING_OF_FORECAST_PAYMENT
base,ARU_GROUP,2027,5,base-ARU_GROUP-2027-001113,EV-base-base-ARU_GROUP-2027-001113,PROC-base-202704-TRUCKING-INS,FORECAST,PUBLIC_SYNTHETIC_PLANNING_MODEL,2026-09-06T00:00:00-07:00,PAY-base-base-ARU_GROUP-2027-001113,2027-05-31,2027-06-02,SIMBANK-d4c75b72b8030b0cb3,-30804,OPERATING,ARU_GROUP,MODELED_BANK_CLEARING_OF_FORECAST_PAYMENT
base,ARU_GROUP,2027,5,base-ARU_GROUP-2027-001114,EV-base-base-ARU_GROUP-2027-001114,PROC-base-202704-TRUCKING-MAINT,FORECAST,PUBLIC_SYNTHETIC_PLANNING_MODEL,2026-09-06T00:00:00-07:00,PAY-base-base-ARU_GROUP-2027-001114,2027-05-31,2027-06-02,SIMBANK-456d2508df37f19306,-76024,OPERATING,ARU_GROUP,MODELED_BANK_CLEARING_OF_FORECAST_PAYMENT
base,ARU_GROUP,2027,5,base-ARU_GROUP-2027-001115,EV-base-base-ARU_GROUP-2027-001115,PROC-base-202704-TRUCKING-MAT,FORECAST,PUBLIC_SYNTHETIC_PLANNING_MODEL,2026-09-06T00:00:00-07:00,PAY-base-base-ARU_GROUP-2027-001115,2027-05-31,2027-06-02,SIMBANK-c8967ebf7d9c1e954c,-105331,OPERATING,ARU_GROUP,MODELED_BANK_CLEARING_OF_FORECAST_PAYMENT
base,ARU_GROUP,2027,5,base-ARU_GROUP-2027-001116,EV-base-base-ARU_GROUP-2027-001116,PROC-base-202704-TRUCKING-OCC,FORECAST,PUBLIC_SYNTHETIC_PLANNING_MODEL,2026-09-06T00:00:00-07:00,PAY-base-base-ARU_GROUP-2027-001116,2027-05-31,2027-06-02,SIMBANK-db177e3f17c8be6aaf,-61372,OPERATING,ARU_GROUP,MODELED_BANK_CLEARING_OF_FORECAST_PAYMENT
base,ARU_GROUP,2027,5,base-ARU_GROUP-2027-001117,EV-base-base-ARU_GROUP-2027-001117,PROC-base-202704-TRUCKING-SERV,FORECAST,PUBLIC_SYNTHETIC_PLANNING_MODEL,2026-09-06T00:00:00-07:00,PAY-base-base-ARU_GROUP-2027-001117,2027-05-31,2027-06-02,SIMBANK-feb9664749d9679953,-30528,OPERATING,ARU_GROUP,MODELED_BANK_CLEARING_OF_FORECAST_PAYMENT
base,ARU_GROUP,2027,5,base-ARU_GROUP-2027-001118,EV-base-base-ARU_GROUP-2027-001118,PROC-base-202704-WAREHOUSE-INS,FORECAST,PUBLIC_SYNTHETIC_PLANNING_MODEL,2026-09-06T00:00:00-07:00,PAY-base-base-ARU_GROUP-2027-001118,2027-05-31,2027-06-02,SIMBANK-0a2e8109b6b35ae027,-26223,OPERATING,ARU_GROUP,MODELED_BANK_CLEARING_OF_FORECAST_PAYMENT
base,ARU_GROUP,2027,5,base-ARU_GROUP-2027-001119,EV-base-base-ARU_GROUP-2027-001119,PROC-base-202704-WAREHOUSE-MAINT,FORECAST,PUBLIC_SYNTHETIC_PLANNING_MODEL,2026-09-06T00:00:00-07:00,PAY-base-base-ARU_GROUP-2027-001119,2027-05-31,2027-06-02,SIMBANK-615e62b0212a8d1512,-34516,OPERATING,ARU_GROUP,MODELED_BANK_CLEARING_OF_FORECAST_PAYMENT
base,ARU_GROUP,2027,5,base-ARU_GROUP-2027-001120,EV-base-base-ARU_GROUP-2027-001120,PROC-base-202704-WAREHOUSE-MAT,FORECAST,PUBLIC_SYNTHETIC_PLANNING_MODEL,2026-09-06T00:00:00-07:00,PAY-base-base-ARU_GROUP-2027-001120,2027-05-31,2027-06-02,SIMBANK-62d961b52c0ee4b699,-59776,OPERATING,ARU_GROUP,MODELED_BANK_CLEARING_OF_FORECAST_PAYMENT
base,ARU_GROUP,2027,5,base-ARU_GROUP-2027-001121,EV-base-base-ARU_GROUP-2027-001121,PROC-base-202704-WAREHOUSE-OCC,FORECAST,PUBLIC_SYNTHETIC_PLANNING_MODEL,2026-09-06T00:00:00-07:00,PAY-base-base-ARU_GROUP-2027-001121,2027-05-31,2027-06-02,SIMBANK-c2e04bc8fb84e77615,-26123,OPERATING,ARU_GROUP,MODELED_BANK_CLEARING_OF_FORECAST_PAYMENT
base,ARU_GROUP,2027,5,base-ARU_GROUP-2027-001122,EV-base-base-ARU_GROUP-2027-001122,PROC-base-202704-WAREHOUSE-SERV,FORECAST,PUBLIC_SYNTHETIC_PLANNING_MODEL,2026-09-06T00:00:00-07:00,PAY-base-base-ARU_GROUP-2027-001122,2027-05-31,2027-06-02,SIMBANK-5a0a1340f4615f654c,-25988,OPERATING,ARU_GROUP,MODELED_BANK_CLEARING_OF_FORECAST_PAYMENT
base,ARU_GROUP,2027,5,base-ARU_GROUP-2027-001123,EV-base-base-ARU_GROUP-2027-001123,CAPEX-base-ARU_GROUP-202705-replacement,FORECAST,PUBLIC_SYNTHETIC_PLANNING_MODEL,2026-09-06T00:00:00-07:00,PAY-base-base-ARU_GROUP-2027-001123,2027-05-31,2027-06-02,SIMBANK-aa57efc7e356dedcda,-283250,INVESTING,ARU_GROUP,MODELED_BANK_CLEARING_OF_FORECAST_PAYMENT
base,ARU_GROUP,2027,6,base-ARU_GROUP-2027-001242,EV-base-base-ARU_GROUP-2027-001242,SALE-base-202704-BST-2025-001,FORECAST,PUBLIC_SYNTHETIC_PLANNING_MODEL,2026-09-06T00:00:00-07:00,PAY-base-base-ARU_GROUP-2027-001242,2027-06-30,2027-07-02,SIMBANK-ad3460455e9214d0a8,139574,OPERATING,ARU_GROUP,MODELED_BANK_CLEARING_OF_FORECAST_PAYMENT
base,ARU_GROUP,2027,6,base-ARU_GROUP-2027-001243,EV-base-base-ARU_GROUP-2027-001243,SALE-base-202704-BST-2025-006,FORECAST,PUBLIC_SYNTHETIC_PLANNING_MODEL,2026-09-06T00:00:00-07:00,PAY-base-base-ARU_GROUP-2027-001243,2027-06-30,2027-07-02,SIMBANK-e3f266dc879208abc5,59919,OPERATING,ARU_GROUP,MODELED_BANK_CLEARING_OF_FORECAST_PAYMENT
base,ARU_GROUP,2027,6,base-ARU_GROUP-2027-001244,EV-base-base-ARU_GROUP-2027-001244,SALE-base-202704-BST-2025-002,FORECAST,PUBLIC_SYNTHETIC_PLANNING_MODEL,2026-09-06T00:00:00-07:00,PAY-base-base-ARU_GROUP-2027-001244,2027-06-30,2027-07-02,SIMBANK-118c54294a1ebe3438,104119,OPERATING,ARU_GROUP,MODELED_BANK_CLEARING_OF_FORECAST_PAYMENT
base,ARU_GROUP,2027,6,base-ARU_GROUP-2027-001245,EV-base-base-ARU_GROUP-2027-001245,SALE-base-202704-BST-2025-007,FORECAST,PUBLIC_SYNTHETIC_PLANNING_MODEL,2026-09-06T00:00:00-07:00,PAY-base-base-ARU_GROUP-2027-001245,2027-06-30,2027-07-02,SIMBANK-640858237f121ff102,46952,OPERATING,ARU_GROUP,MODELED_BANK_CLEARING_OF_FORECAST_PAYMENT
base,ARU_GROUP,2027,6,base-ARU_GROUP-2027-001246,EV-base-base-ARU_GROUP-2027-001246,SALE-base-202704-BST-2025-004,FORECAST,PUBLIC_SYNTHETIC_PLANNING_MODEL,2026-09-06T00:00:00-07:00,PAY-base-base-ARU_GROUP-2027-001246,2027-06-30,2027-07-02,SIMBANK-6c26f27c9e890a3b8f,53989,OPERATING,ARU_GROUP,MODELED_BANK_CLEARING_OF_FORECAST_PAYMENT
base,ARU_GROUP,2027,6,base-ARU_GROUP-2027-001247,EV-base-base-ARU_GROUP-2027-001247,SALE-base-202704-BST-2025-008,FORECAST,PUBLIC_SYNTHETIC_PLANNING_MODEL,2026-09-06T00:00:00-07:00,PAY-base-base-ARU_GROUP-2027-001247,2027-06-30,2027-07-02,SIMBANK-bcd72dce7b8d1a681f,27215,OPERATING,ARU_GROUP,MODELED_BANK_CLEARING_OF_FORECAST_PAYMENT
base,ARU_GROUP,2027,6,base-ARU_GROUP-2027-001248,EV-base-base-ARU_GROUP-2027-001248,SALE-base-202704-BST-2025-003,FORECAST,PUBLIC_SYNTHETIC_PLANNING_MODEL,2026-09-06T00:00:00-07:00,PAY-base-base-ARU_GROUP-2027-001248,2027-06-30,2027-07-02,SIMBANK-2680987130f50984eb,63884,OPERATING,ARU_GROUP,MODELED_BANK_CLEARING_OF_FORECAST_PAYMENT
base,ARU_GROUP,2027,6,base-ARU_GROUP-2027-001249,EV-base-base-ARU_GROUP-2027-001249,SALE-base-202704-BST-2025-009,FORECAST,PUBLIC_SYNTHETIC_PLANNING_MODEL,2026-09-06T00:00:00-07:00,PAY-base-base-ARU_GROUP-2027-001249,2027-06-30,2027-07-02,SIMBANK-774750b0ffdc605b39,33491,OPERATING,ARU_GROUP,MODELED_BANK_CLEARING_OF_FORECAST_PAYMENT
base,ARU_GROUP,2027,6,base-ARU_GROUP-2027-001250,EV-base-base-ARU_GROUP-2027-001250,SALE-base-202704-BST-2025-010,FORECAST,PUBLIC_SYNTHETIC_PLANNING_MODEL,2026-09-06T00:00:00-07:00,PAY-base-base-ARU_GROUP-2027-001250,2027-06-30,2027-07-02,SIMBANK-1ea76e0498f3e73231,31154,OPERATING,ARU_GROUP,MODELED_BANK_CLEARING_OF_FORECAST_PAYMENT
base,ARU_GROUP,2027,6,base-ARU_GROUP-2027-001251,EV-base-base-ARU_GROUP-2027-001251,SALE-base-202704-BST-2025-011,FORECAST,PUBLIC_SYNTHETIC_PLANNING_MODEL,2026-09-06T00:00:00-07:00,PAY-base-base-ARU_GROUP-2027-001251,2027-06-30,2027-07-02,SIMBANK-5fdaab5497895d0514,16905,OPERATING,ARU_GROUP,MODELED_BANK_CLEARING_OF_FORECAST_PAYMENT
base,ARU_GROUP,2027,6,base-ARU_GROUP-2027-001252,EV-base-base-ARU_GROUP-2027-001252,SALE-base-202704-BST-2025-012,FORECAST,PUBLIC_SYNTHETIC_PLANNING_MODEL,2026-09-06T00:00:00-07:00,PAY-base-base-ARU_GROUP-2027-001252,2027-06-30,2027-07-02,SIMBANK-3cdbb70815f227abee,51344,OPERATING,ARU_GROUP,MODELED_BANK_CLEARING_OF_FORECAST_PAYMENT
base,ARU_GROUP,2027,6,base-ARU_GROUP-2027-001253,EV-base-base-ARU_GROUP-2027-001253,SALE-base-202704-BST-2025-013,FORECAST,PUBLIC_SYNTHETIC_PLANNING_MODEL,2026-09-06T00:00:00-07:00,PAY-base-base-ARU_GROUP-2027-001253,2027-06-30,2027-07-02,SIMBANK-cf3d4bc1a4a1a2ed12,32685,OPERATING,ARU_GROUP,MODELED_BANK_CLEARING_OF_FORECAST_PAYMENT
base,ARU_GROUP,2027,6,base-ARU_GROUP-2027-001254,EV-base-base-ARU_GROUP-2027-001254,SALE-base-202704-TRM-2025-001,FORECAST,PUBLIC_SYNTHETIC_PLANNING_MODEL,2026-09-06T00:00:00-07:00,PAY-base-base-ARU_GROUP-2027-001254,2027-06-30,2027-07-02,SIMBANK-948e203d15f77e25c8,56814,OPERATING,ARU_GROUP,MODELED_BANK_CLEARING_OF_FORECAST_PAYMENT
base,ARU_GROUP,2027,6,base-ARU_GROUP-2027-001255,EV-base-base-ARU_GROUP-2027-001255,SALE-base-202704-TRM-2025-002,FORECAST,PUBLIC_SYNTHETIC_PLANNING_MODEL,2026-09-06T00:00:00-07:00,PAY-base-base-ARU_GROUP-2027-001255,2027-06-30,2027-07-02,SIMBANK-00ccb54590cf77ae61,55229,OPERATING,ARU_GROUP,MODELED_BANK_CLEARING_OF_FORECAST_PAYMENT
base,ARU_GROUP,2027,6,base-ARU_GROUP-2027-001256,EV-base-base-ARU_GROUP-2027-001256,SALE-base-202704-TRM-2025-003,FORECAST,PUBLIC_SYNTHETIC_PLANNING_MODEL,2026-09-06T00:00:00-07:00,PAY-base-base-ARU_GROUP-2027-001256,2027-06-30,2027-07-02,SIMBANK-6a154196d778794d34,76139,OPERATING,ARU_GROUP,MODELED_BANK_CLEARING_OF_FORECAST_PAYMENT
base,ARU_GROUP,2027,6,base-ARU_GROUP-2027-001257,EV-base-base-ARU_GROUP-2027-001257,SALE-base-202704-TRM-2025-014,FORECAST,PUBLIC_SYNTHETIC_PLANNING_MODEL,2026-09-06T00:00:00-07:00,PAY-base-base-ARU_GROUP-2027-001257,2027-06-30,2027-07-02,SIMBANK-182b231fefa655d291,76033,OPERATING,ARU_GROUP,MODELED_BANK_CLEARING_OF_FORECAST_PAYMENT
base,ARU_GROUP,2027,6,base-ARU_GROUP-2027-001258,EV-base-base-ARU_GROUP-2027-001258,SALE-base-202704-TRM-2025-015,FORECAST,PUBLIC_SYNTHETIC_PLANNING_MODEL,2026-09-06T00:00:00-07:00,PAY-base-base-ARU_GROUP-2027-001258,2027-06-30,2027-07-02,SIMBANK-61135cf4ef9bfbaafd,74977,OPERATING,ARU_GROUP,MODELED_BANK_CLEARING_OF_FORECAST_PAYMENT
base,ARU_GROUP,2027,6,base-ARU_GROUP-2027-001259,EV-base-base-ARU_GROUP-2027-001259,SALE-base-202704-TRM-2025-016,FORECAST,PUBLIC_SYNTHETIC_PLANNING_MODEL,2026-09-06T00:00:00-07:00,PAY-base-base-ARU_GROUP-2027-001259,2027-06-30,2027-07-02,SIMBANK-df153197be3af999f9,72654,OPERATING,ARU_GROUP,MODELED_BANK_CLEARING_OF_FORECAST_PAYMENT
base,ARU_GROUP,2027,6,base-ARU_GROUP-2027-001260,EV-base-base-ARU_GROUP-2027-001260,SALE-base-202704-TRM-2025-017,FORECAST,PUBLIC_SYNTHETIC_PLANNING_MODEL,2026-09-06T00:00:00-07:00,PAY-base-base-ARU_GROUP-2027-001260,2027-06-30,2027-07-02,SIMBANK-b7e376ff05f2c44c5d,69697,OPERATING,ARU_GROUP,MODELED_BANK_CLEARING_OF_FORECAST_PAYMENT
base,ARU_GROUP,2027,6,base-ARU_GROUP-2027-001261,EV-base-base-ARU_GROUP-2027-001261,SALE-base-202704-TRM-2025-018,FORECAST,PUBLIC_SYNTHETIC_PLANNING_MODEL,2026-09-06T00:00:00-07:00,PAY-base-base-ARU_GROUP-2027-001261,2027-06-30,2027-07-02,SIMBANK-8face3acd5946c9cd2,67585,OPERATING,ARU_GROUP,MODELED_BANK_CLEARING_OF_FORECAST_PAYMENT
base,ARU_GROUP,2027,6,base-ARU_GROUP-2027-001262,EV-base-base-ARU_GROUP-2027-001262,SALE-base-202704-TRK-2025-004,FORECAST,PUBLIC_SYNTHETIC_PLANNING_MODEL,2026-09-06T00:00:00-07:00,PAY-base-base-ARU_GROUP-2027-001262,2027-06-30,2027-07-02,SIMBANK-8b6a701c15b5ed8495,60720,OPERATING,ARU_GROUP,MODELED_BANK_CLEARING_OF_FORECAST_PAYMENT
base,ARU_GROUP,2027,6,base-ARU_GROUP-2027-001263,EV-base-base-ARU_GROUP-2027-001263,SALE-base-202704-TRK-2025-019,FORECAST,PUBLIC_SYNTHETIC_PLANNING_MODEL,2026-09-06T00:00:00-07:00,PAY-base-base-ARU_GROUP-2027-001263,2027-06-30,2027-07-02,SIMBANK-19641c94c75643c963,68640,OPERATING,ARU_GROUP,MODELED_BANK_CLEARING_OF_FORECAST_PAYMENT
base,ARU_GROUP,2027,6,base-ARU_GROUP-2027-001264,EV-base-base-ARU_GROUP-2027-001264,SALE-base-202704-TRK-2025-020,FORECAST,PUBLIC_SYNTHETIC_PLANNING_MODEL,2026-09-06T00:00:00-07:00,PAY-base-base-ARU_GROUP-2027-001264,2027-06-30,2027-07-02,SIMBANK-82913b4ef75e16c690,66000,OPERATING,ARU_GROUP,MODELED_BANK_CLEARING_OF_FORECAST_PAYMENT
base,ARU_GROUP,2027,6,base-ARU_GROUP-2027-001265,EV-base-base-ARU_GROUP-2027-001265,SALE-base-202704-TRK-2025-021,FORECAST,PUBLIC_SYNTHETIC_PLANNING_MODEL,2026-09-06T00:00:00-07:00,PAY-base-base-ARU_GROUP-2027-001265,2027-06-30,2027-07-02,SIMBANK-7518d1a3631c9b4c4a,62568,OPERATING,ARU_GROUP,MODELED_BANK_CLEARING_OF_FORECAST_PAYMENT
base,ARU_GROUP,2027,6,base-ARU_GROUP-2027-001266,EV-base-base-ARU_GROUP-2027-001266,SALE-base-202704-TRK-2025-022,FORECAST,PUBLIC_SYNTHETIC_PLANNING_MODEL,2026-09-06T00:00:00-07:00,PAY-base-base-ARU_GROUP-2027-001266,2027-06-30,2027-07-02,SIMBANK-c03bd506c33415cf1a,59136,OPERATING,ARU_GROUP,MODELED_BANK_CLEARING_OF_FORECAST_PAYMENT
base,ARU_GROUP,2027,6,base-ARU_GROUP-2027-001267,EV-base-base-ARU_GROUP-2027-001267,SALE-base-202704-WHS-2025-005,FORECAST,PUBLIC_SYNTHETIC_PLANNING_MODEL,2026-09-06T00:00:00-07:00,PAY-base-base-ARU_GROUP-2027-001267,2027-06-30,2027-07-02,SIMBANK-658f813efe8dd5b469,102642,OPERATING,ARU_GROUP,MODELED_BANK_CLEARING_OF_FORECAST_PAYMENT
base,ARU_GROUP,2027,6,base-ARU_GROUP-2027-001268,EV-base-base-ARU_GROUP-2027-001268,SALE-base-202704-WHS-2025-023,FORECAST,PUBLIC_SYNTHETIC_PLANNING_MODEL,2026-09-06T00:00:00-07:00,PAY-base-base-ARU_GROUP-2027-001268,2027-06-30,2027-07-02,SIMBANK-dcb38b558e16d1fa68,54489,OPERATING,ARU_GROUP,MODELED_BANK_CLEARING_OF_FORECAST_PAYMENT
base,ARU_GROUP,2027,6,base-ARU_GROUP-2027-001269,EV-base-base-ARU_GROUP-2027-001269,SALE-base-202704-WHS-2025-024,FORECAST,PUBLIC_SYNTHETIC_PLANNING_MODEL,2026-09-06T00:00:00-07:00,PAY-base-base-ARU_GROUP-2027-001269,2027-06-30,2027-07-02,SIMBANK-e4362cb4e45725228c,50687,OPERATING,ARU_GROUP,MODELED_BANK_CLEARING_OF_FORECAST_PAYMENT
base,ARU_GROUP,2027,6,base-ARU_GROUP-2027-001270,EV-base-base-ARU_GROUP-2027-001270,SALE-base-202704-WHS-2025-025,FORECAST,PUBLIC_SYNTHETIC_PLANNING_MODEL,2026-09-06T00:00:00-07:00,PAY-base-base-ARU_GROUP-2027-001270,2027-06-30,2027-07-02,SIMBANK-760c76ffa3f129ba4e,45618,OPERATING,ARU_GROUP,MODELED_BANK_CLEARING_OF_FORECAST_PAYMENT
base,ARU_GROUP,2027,6,base-ARU_GROUP-2027-001271,EV-base-base-ARU_GROUP-2027-001271,SALE-base-202705-BST-2025-001,FORECAST,PUBLIC_SYNTHETIC_PLANNING_MODEL,2026-09-06T00:00:00-07:00,PAY-base-base-ARU_GROUP-2027-001271,2027-06-30,2027-07-02,SIMBANK-1985792436ad07fa24,155474,OPERATING,ARU_GROUP,MODELED_BANK_CLEARING_OF_FORECAST_PAYMENT
base,ARU_GROUP,2027,6,base-ARU_GROUP-2027-001272,EV-base-base-ARU_GROUP-2027-001272,SALE-base-202705-BST-2025-006,FORECAST,PUBLIC_SYNTHETIC_PLANNING_MODEL,2026-09-06T00:00:00-07:00,PAY-base-base-ARU_GROUP-2027-001272,2027-06-30,2027-07-02,SIMBANK-331fafb7c30305c6f4,67149,OPERATING,ARU_GROUP,MODELED_BANK_CLEARING_OF_FORECAST_PAYMENT
base,ARU_GROUP,2027,6,base-ARU_GROUP-2027-001273,EV-base-base-ARU_GROUP-2027-001273,SALE-base-202705-BST-2025-002,FORECAST,PUBLIC_SYNTHETIC_PLANNING_MODEL,2026-09-06T00:00:00-07:00,PAY-base-base-ARU_GROUP-2027-001273,2027-06-30,2027-07-02,SIMBANK-a64639ce503bb479dd,116422,OPERATING,ARU_GROUP,MODELED_BANK_CLEARING_OF_FORECAST_PAYMENT
base,ARU_GROUP,2027,6,base-ARU_GROUP-2027-001274,EV-base-base-ARU_GROUP-2027-001274,SALE-base-202705-BST-2025-007,FORECAST,PUBLIC_SYNTHETIC_PLANNING_MODEL,2026-09-06T00:00:00-07:00,PAY-base-base-ARU_GROUP-2027-001274,2027-06-30,2027-07-02,SIMBANK-ec3d151d904484a0ed,52075,OPERATING,ARU_GROUP,MODELED_BANK_CLEARING_OF_FORECAST_PAYMENT
base,ARU_GROUP,2027,6,base-ARU_GROUP-2027-001275,EV-base-base-ARU_GROUP-2027-001275,SALE-base-202705-BST-2025-004,FORECAST,PUBLIC_SYNTHETIC_PLANNING_MODEL,2026-09-06T00:00:00-07:00,PAY-base-base-ARU_GROUP-2027-001275,2027-06-30,2027-07-02,SIMBANK-ac0829623d46d5b9ee,59900,OPERATING,ARU_GROUP,MODELED_BANK_CLEARING_OF_FORECAST_PAYMENT
base,ARU_GROUP,2027,6,base-ARU_GROUP-2027-001276,EV-base-base-ARU_GROUP-2027-001276,SALE-base-202705-BST-2025-008,FORECAST,PUBLIC_SYNTHETIC_PLANNING_MODEL,2026-09-06T00:00:00-07:00,PAY-base-base-ARU_GROUP-2027-001276,2027-06-30,2027-07-02,SIMBANK-a58316f493acefce1b,30503,OPERATING,ARU_GROUP,MODELED_BANK_CLEARING_OF_FORECAST_PAYMENT
base,ARU_GROUP,2027,6,base-ARU_GROUP-2027-001277,EV-base-base-ARU_GROUP-2027-001277,SALE-base-202705-BST-2025-003,FORECAST,PUBLIC_SYNTHETIC_PLANNING_MODEL,2026-09-06T00:00:00-07:00,PAY-base-base-ARU_GROUP-2027-001277,2027-06-30,2027-07-02,SIMBANK-ae58555418ce382195,70965,OPERATING,ARU_GROUP,MODELED_BANK_CLEARING_OF_FORECAST_PAYMENT
base,ARU_GROUP,2027,6,base-ARU_GROUP-2027-001278,EV-base-base-ARU_GROUP-2027-001278,SALE-base-202705-BST-2025-009,FORECAST,PUBLIC_SYNTHETIC_PLANNING_MODEL,2026-09-06T00:00:00-07:00,PAY-base-base-ARU_GROUP-2027-001278,2027-06-30,2027-07-02,SIMBANK-efc0feaa2be453a280,37540,OPERATING,ARU_GROUP,MODELED_BANK_CLEARING_OF_FORECAST_PAYMENT
base,ARU_GROUP,2027,6,base-ARU_GROUP-2027-001279,EV-base-base-ARU_GROUP-2027-001279,SALE-base-202705-BST-2025-010,FORECAST,PUBLIC_SYNTHETIC_PLANNING_MODEL,2026-09-06T00:00:00-07:00,PAY-base-base-ARU_GROUP-2027-001279,2027-06-30,2027-07-02,SIMBANK-2cf3d970d15ccb8c8c,34570,OPERATING,ARU_GROUP,MODELED_BANK_CLEARING_OF_FORECAST_PAYMENT
base,ARU_GROUP,2027,6,base-ARU_GROUP-2027-001280,EV-base-base-ARU_GROUP-2027-001280,SALE-base-202705-BST-2025-011,FORECAST,PUBLIC_SYNTHETIC_PLANNING_MODEL,2026-09-06T00:00:00-07:00,PAY-base-base-ARU_GROUP-2027-001280,2027-06-30,2027-07-02,SIMBANK-d050b3606af2c69a86,18956,OPERATING,ARU_GROUP,MODELED_BANK_CLEARING_OF_FORECAST_PAYMENT
base,ARU_GROUP,2027,6,base-ARU_GROUP-2027-001281,EV-base-base-ARU_GROUP-2027-001281,SALE-base-202705-BST-2025-012,FORECAST,PUBLIC_SYNTHETIC_PLANNING_MODEL,2026-09-06T00:00:00-07:00,PAY-base-base-ARU_GROUP-2027-001281,2027-06-30,2027-07-02,SIMBANK-038d0bf78a6f0c3e1b,57362,OPERATING,ARU_GROUP,MODELED_BANK_CLEARING_OF_FORECAST_PAYMENT
base,ARU_GROUP,2027,6,base-ARU_GROUP-2027-001282,EV-base-base-ARU_GROUP-2027-001282,SALE-base-202705-BST-2025-013,FORECAST,PUBLIC_SYNTHETIC_PLANNING_MODEL,2026-09-06T00:00:00-07:00,PAY-base-base-ARU_GROUP-2027-001282,2027-06-30,2027-07-02,SIMBANK-3f003b601a9dd0a2c7,36120,OPERATING,ARU_GROUP,MODELED_BANK_CLEARING_OF_FORECAST_PAYMENT
base,ARU_GROUP,2027,6,base-ARU_GROUP-2027-001283,EV-base-base-ARU_GROUP-2027-001283,SALE-base-202705-TRM-2025-001,FORECAST,PUBLIC_SYNTHETIC_PLANNING_MODEL,2026-09-06T00:00:00-07:00,PAY-base-base-ARU_GROUP-2027-001283,2027-06-30,2027-07-02,SIMBANK-6d732b256bb17731fa,63915,OPERATING,ARU_GROUP,MODELED_BANK_CLEARING_OF_FORECAST_PAYMENT
base,ARU_GROUP,2027,6,base-ARU_GROUP-2027-001284,EV-base-base-ARU_GROUP-2027-001284,SALE-base-202705-TRM-2025-002,FORECAST,PUBLIC_SYNTHETIC_PLANNING_MODEL,2026-09-06T00:00:00-07:00,PAY-base-base-ARU_GROUP-2027-001284,2027-06-30,2027-07-02,SIMBANK-ff25906f792979b9e8,62146,OPERATING,ARU_GROUP,MODELED_BANK_CLEARING_OF_FORECAST_PAYMENT
base,ARU_GROUP,2027,6,base-ARU_GROUP-2027-001285,EV-base-base-ARU_GROUP-2027-001285,SALE-base-202705-TRM-2025-003,FORECAST,PUBLIC_SYNTHETIC_PLANNING_MODEL,2026-09-06T00:00:00-07:00,PAY-base-base-ARU_GROUP-2027-001285,2027-06-30,2027-07-02,SIMBANK-d2c1f72008f3a0e06d,85669,OPERATING,ARU_GROUP,MODELED_BANK_CLEARING_OF_FORECAST_PAYMENT
base,ARU_GROUP,2027,6,base-ARU_GROUP-2027-001286,EV-base-base-ARU_GROUP-2027-001286,SALE-base-202705-TRM-2025-014,FORECAST,PUBLIC_SYNTHETIC_PLANNING_MODEL,2026-09-06T00:00:00-07:00,PAY-base-base-ARU_GROUP-2027-001286,2027-06-30,2027-07-02,SIMBANK-dcc2881540ae42a408,85537,OPERATING,ARU_GROUP,MODELED_BANK_CLEARING_OF_FORECAST_PAYMENT
base,ARU_GROUP,2027,6,base-ARU_GROUP-2027-001287,EV-base-base-ARU_GROUP-2027-001287,SALE-base-202705-TRM-2025-015,FORECAST,PUBLIC_SYNTHETIC_PLANNING_MODEL,2026-09-06T00:00:00-07:00,PAY-base-base-ARU_GROUP-2027-001287,2027-06-30,2027-07-02,SIMBANK-4cdca492a70bdc32e5,84349,OPERATING,ARU_GROUP,MODELED_BANK_CLEARING_OF_FORECAST_PAYMENT
base,ARU_GROUP,2027,6,base-ARU_GROUP-2027-001288,EV-base-base-ARU_GROUP-2027-001288,SALE-base-202705-TRM-2025-016,FORECAST,PUBLIC_SYNTHETIC_PLANNING_MODEL,2026-09-06T00:00:00-07:00,PAY-base-base-ARU_GROUP-2027-001288,2027-06-30,2027-07-02,SIMBANK-7c8ebd46696c352a82,81735,OPERATING,ARU_GROUP,MODELED_BANK_CLEARING_OF_FORECAST_PAYMENT
base,ARU_GROUP,2027,6,base-ARU_GROUP-2027-001289,EV-base-base-ARU_GROUP-2027-001289,SALE-base-202705-TRM-2025-017,FORECAST,PUBLIC_SYNTHETIC_PLANNING_MODEL,2026-09-06T00:00:00-07:00,PAY-base-base-ARU_GROUP-2027-001289,2027-06-30,2027-07-02,SIMBANK-d3906e3dad52f0649b,78409,OPERATING,ARU_GROUP,MODELED_BANK_CLEARING_OF_FORECAST_PAYMENT
base,ARU_GROUP,2027,6,base-ARU_GROUP-2027-001290,EV-base-base-ARU_GROUP-2027-001290,SALE-base-202705-TRM-2025-018,FORECAST,PUBLIC_SYNTHETIC_PLANNING_MODEL,2026-09-06T00:00:00-07:00,PAY-base-base-ARU_GROUP-2027-001290,2027-06-30,2027-07-02,SIMBANK-71463d2d95b7217584,76033,OPERATING,ARU_GROUP,MODELED_BANK_CLEARING_OF_FORECAST_PAYMENT
base,ARU_GROUP,2027,6,base-ARU_GROUP-2027-001291,EV-base-base-ARU_GROUP-2027-001291,SALE-base-202705-TRK-2025-004,FORECAST,PUBLIC_SYNTHETIC_PLANNING_MODEL,2026-09-06T00:00:00-07:00,PAY-base-base-ARU_GROUP-2027-001291,2027-06-30,2027-07-02,SIMBANK-61a807c566b8f8bd1c,68150,OPERATING,ARU_GROUP,MODELED_BANK_CLEARING_OF_FORECAST_PAYMENT
base,ARU_GROUP,2027,6,base-ARU_GROUP-2027-001292,EV-base-base-ARU_GROUP-2027-001292,SALE-base-202705-TRK-2025-019,FORECAST,PUBLIC_SYNTHETIC_PLANNING_MODEL,2026-09-06T00:00:00-07:00,PAY-base-base-ARU_GROUP-2027-001292,2027-06-30,2027-07-02,SIMBANK-80e96806e736e34822,77395,OPERATING,ARU_GROUP,MODELED_BANK_CLEARING_OF_FORECAST_PAYMENT
base,ARU_GROUP,2027,6,base-ARU_GROUP-2027-001293,EV-base-base-ARU_GROUP-2027-001293,SALE-base-202705-TRK-2025-020,FORECAST,PUBLIC_SYNTHETIC_PLANNING_MODEL,2026-09-06T00:00:00-07:00,PAY-base-base-ARU_GROUP-2027-001293,2027-06-30,2027-07-02,SIMBANK-b81e5c5f964e56db6f,74225,OPERATING,ARU_GROUP,MODELED_BANK_CLEARING_OF_FORECAST_PAYMENT
base,ARU_GROUP,2027,6,base-ARU_GROUP-2027-001294,EV-base-base-ARU_GROUP-2027-001294,SALE-base-202705-TRK-2025-021,FORECAST,PUBLIC_SYNTHETIC_PLANNING_MODEL,2026-09-06T00:00:00-07:00,PAY-base-base-ARU_GROUP-2027-001294,2027-06-30,2027-07-02,SIMBANK-94e868d658f4ea6632,70527,OPERATING,ARU_GROUP,MODELED_BANK_CLEARING_OF_FORECAST_PAYMENT
base,ARU_GROUP,2027,6,base-ARU_GROUP-2027-001295,EV-base-base-ARU_GROUP-2027-001295,SALE-base-202705-TRK-2025-022,FORECAST,PUBLIC_SYNTHETIC_PLANNING_MODEL,2026-09-06T00:00:00-07:00,PAY-base-base-ARU_GROUP-2027-001295,2027-06-30,2027-07-02,SIMBANK-788b6d283a28c06a6d,66565,OPERATING,ARU_GROUP,MODELED_BANK_CLEARING_OF_FORECAST_PAYMENT
base,ARU_GROUP,2027,6,base-ARU_GROUP-2027-001296,EV-base-base-ARU_GROUP-2027-001296,SALE-base-202705-WHS-2025-005,FORECAST,PUBLIC_SYNTHETIC_PLANNING_MODEL,2026-09-06T00:00:00-07:00,PAY-base-base-ARU_GROUP-2027-001296,2027-06-30,2027-07-02,SIMBANK-37e9f9dffa5e4119d1,115480,OPERATING,ARU_GROUP,MODELED_BANK_CLEARING_OF_FORECAST_PAYMENT
base,ARU_GROUP,2027,6,base-ARU_GROUP-2027-001297,EV-base-base-ARU_GROUP-2027-001297,SALE-base-202705-WHS-2025-023,FORECAST,PUBLIC_SYNTHETIC_PLANNING_MODEL,2026-09-06T00:00:00-07:00,PAY-base-base-ARU_GROUP-2027-001297,2027-06-30,2027-07-02,SIMBANK-632e66e99e0481de68,61305,OPERATING,ARU_GROUP,MODELED_BANK_CLEARING_OF_FORECAST_PAYMENT
base,ARU_GROUP,2027,6,base-ARU_GROUP-2027-001298,EV-base-base-ARU_GROUP-2027-001298,SALE-base-202705-WHS-2025-024,FORECAST,PUBLIC_SYNTHETIC_PLANNING_MODEL,2026-09-06T00:00:00-07:00,PAY-base-base-ARU_GROUP-2027-001298,2027-06-30,2027-07-02,SIMBANK-6ad16eac1bac3dfb1d,57027,OPERATING,ARU_GROUP,MODELED_BANK_CLEARING_OF_FORECAST_PAYMENT
base,ARU_GROUP,2027,6,base-ARU_GROUP-2027-001299,EV-base-base-ARU_GROUP-2027-001299,SALE-base-202705-WHS-2025-025,FORECAST,PUBLIC_SYNTHETIC_PLANNING_MODEL,2026-09-06T00:00:00-07:00,PAY-base-base-ARU_GROUP-2027-001299,2027-06-30,2027-07-02,SIMBANK-f78be0bafb1c5094b8,51325,OPERATING,ARU_GROUP,MODELED_BANK_CLEARING_OF_FORECAST_PAYMENT
base,ARU_GROUP,2027,6,base-ARU_GROUP-2027-001303,EV-base-base-ARU_GROUP-2027-001303,IC-base-202705-acid-BST,FORECAST,PUBLIC_SYNTHETIC_PLANNING_MODEL,2026-09-06T00:00:00-07:00,PAY-base-base-ARU_GROUP-2027-001303,2027-06-30,2027-07-02,SIMBANK-83a2fdbaa14bc4e5c8,3876,OPERATING,ARU_GROUP,MODELED_BANK_CLEARING_OF_FORECAST_PAYMENT
base,ARU_GROUP,2027,6,base-ARU_GROUP-2027-001304,EV-base-base-ARU_GROUP-2027-001304,IC-base-202705-acid-TERMINALS,FORECAST,PUBLIC_SYNTHETIC_PLANNING_MODEL,2026-09-06T00:00:00-07:00,PAY-base-base-ARU_GROUP-2027-001304,2027-06-30,2027-07-02,SIMBANK-b4de59ba539cdcd5e0,2856,OPERATING,ARU_GROUP,MODELED_BANK_CLEARING_OF_FORECAST_PAYMENT
base,ARU_GROUP,2027,6,base-ARU_GROUP-2027-001305,EV-base-base-ARU_GROUP-2027-001305,IC-base-202705-acid-TRUCKING,FORECAST,PUBLIC_SYNTHETIC_PLANNING_MODEL,2026-09-06T00:00:00-07:00,PAY-base-base-ARU_GROUP-2027-001305,2027-06-30,2027-07-02,SIMBANK-09789ad94f1f9f45cd,5549,OPERATING,ARU_GROUP,MODELED_BANK_CLEARING_OF_FORECAST_PAYMENT
base,ARU_GROUP,2027,6,base-ARU_GROUP-2027-001306,EV-base-base-ARU_GROUP-2027-001306,IC-base-202705-binder-BST,FORECAST,PUBLIC_SYNTHETIC_PLANNING_MODEL,2026-09-06T00:00:00-07:00,PAY-base-base-ARU_GROUP-2027-001306,2027-06-30,2027-07-02,SIMBANK-16e7a471e3ed52fde7,4335,OPERATING,ARU_GROUP,MODELED_BANK_CLEARING_OF_FORECAST_PAYMENT
base,ARU_GROUP,2027,6,base-ARU_GROUP-2027-001307,EV-base-base-ARU_GROUP-2027-001307,IC-base-202705-binder-TERMINALS,FORECAST,PUBLIC_SYNTHETIC_PLANNING_MODEL,2026-09-06T00:00:00-07:00,PAY-base-base-ARU_GROUP-2027-001307,2027-06-30,2027-07-02,SIMBANK-d2ab0efaa465e69d17,2040,OPERATING,ARU_GROUP,MODELED_BANK_CLEARING_OF_FORECAST_PAYMENT
base,ARU_GROUP,2027,6,base-ARU_GROUP-2027-001308,EV-base-base-ARU_GROUP-2027-001308,IC-base-202705-binder-TRUCKING,FORECAST,PUBLIC_SYNTHETIC_PLANNING_MODEL,2026-09-06T00:00:00-07:00,PAY-base-base-ARU_GROUP-2027-001308,2027-06-30,2027-07-02,SIMBANK-5980b3605e3c854be2,5814,OPERATING,ARU_GROUP,MODELED_BANK_CLEARING_OF_FORECAST_PAYMENT
base,ARU_GROUP,2027,6,base-ARU_GROUP-2027-001309,EV-base-base-ARU_GROUP-2027-001309,IC-base-202705-lime-BST,FORECAST,PUBLIC_SYNTHETIC_PLANNING_MODEL,2026-09-06T00:00:00-07:00,PAY-base-base-ARU_GROUP-2027-001309,2027-06-30,2027-07-02,SIMBANK-769c7cac5dbd23988b,867,OPERATING,ARU_GROUP,MODELED_BANK_CLEARING_OF_FORECAST_PAYMENT
base,ARU_GROUP,2027,6,base-ARU_GROUP-2027-001310,EV-base-base-ARU_GROUP-2027-001310,IC-base-202705-lime-TERMINALS,FORECAST,PUBLIC_SYNTHETIC_PLANNING_MODEL,2026-09-06T00:00:00-07:00,PAY-base-base-ARU_GROUP-2027-001310,2027-06-30,2027-07-02,SIMBANK-c4230bf4f9e1cc9675,459,OPERATING,ARU_GROUP,MODELED_BANK_CLEARING_OF_FORECAST_PAYMENT
base,ARU_GROUP,2027,6,base-ARU_GROUP-2027-001311,EV-base-base-ARU_GROUP-2027-001311,IC-base-202705-lime-TRUCKING,FORECAST,PUBLIC_SYNTHETIC_PLANNING_MODEL,2026-09-06T00:00:00-07:00,PAY-base-base-ARU_GROUP-2027-001311,2027-06-30,2027-07-02,SIMBANK-f51f40455010c676dc,1224,OPERATING,ARU_GROUP,MODELED_BANK_CLEARING_OF_FORECAST_PAYMENT
base,ARU_GROUP,2027,6,base-ARU_GROUP-2027-001312,EV-base-base-ARU_GROUP-2027-001312,IC-base-202705-mro-BST,FORECAST,PUBLIC_SYNTHETIC_PLANNING_MODEL,2026-09-06T00:00:00-07:00,PAY-base-base-ARU_GROUP-2027-001312,2027-06-30,2027-07-02,SIMBANK-4e36b8a05909ed6a96,765,OPERATING,ARU_GROUP,MODELED_BANK_CLEARING_OF_FORECAST_PAYMENT
base,ARU_GROUP,2027,6,base-ARU_GROUP-2027-001313,EV-base-base-ARU_GROUP-2027-001313,IC-base-202705-mro-TERMINALS,FORECAST,PUBLIC_SYNTHETIC_PLANNING_MODEL,2026-09-06T00:00:00-07:00,PAY-base-base-ARU_GROUP-2027-001313,2027-06-30,2027-07-02,SIMBANK-3b95d399865a553b1f,510,OPERATING,ARU_GROUP,MODELED_BANK_CLEARING_OF_FORECAST_PAYMENT
base,ARU_GROUP,2027,6,base-ARU_GROUP-2027-001314,EV-base-base-ARU_GROUP-2027-001314,IC-base-202705-mro-TRUCKING,FORECAST,PUBLIC_SYNTHETIC_PLANNING_MODEL,2026-09-06T00:00:00-07:00,PAY-base-base-ARU_GROUP-2027-001314,2027-06-30,2027-07-02,SIMBANK-42644f07d7b7ec79ba,663,OPERATING,ARU_GROUP,MODELED_BANK_CLEARING_OF_FORECAST_PAYMENT
base,ARU_GROUP,2027,6,base-ARU_GROUP-2027-001315,EV-base-base-ARU_GROUP-2027-001315,IC-base-202705-project-BST,FORECAST,PUBLIC_SYNTHETIC_PLANNING_MODEL,2026-09-06T00:00:00-07:00,PAY-base-base-ARU_GROUP-2027-001315,2027-06-30,2027-07-02,SIMBANK-63d3a1034f7204e0c9,1428,OPERATING,ARU_GROUP,MODELED_BANK_CLEARING_OF_FORECAST_PAYMENT
base,ARU_GROUP,2027,6,base-ARU_GROUP-2027-001316,EV-base-base-ARU_GROUP-2027-001316,IC-base-202705-project-TERMINALS,FORECAST,PUBLIC_SYNTHETIC_PLANNING_MODEL,2026-09-06T00:00:00-07:00,PAY-base-base-ARU_GROUP-2027-001316,2027-06-30,2027-07-02,SIMBANK-7afee30584e8e44ca7,1428,OPERATING,ARU_GROUP,MODELED_BANK_CLEARING_OF_FORECAST_PAYMENT
base,ARU_GROUP,2027,6,base-ARU_GROUP-2027-001317,EV-base-base-ARU_GROUP-2027-001317,IC-base-202705-project-TRUCKING,FORECAST,PUBLIC_SYNTHETIC_PLANNING_MODEL,2026-09-06T00:00:00-07:00,PAY-base-base-ARU_GROUP-2027-001317,2027-06-30,2027-07-02,SIMBANK-67e379403434853b6a,1836,OPERATING,ARU_GROUP,MODELED_BANK_CLEARING_OF_FORECAST_PAYMENT
base,ARU_GROUP,2027,6,base-ARU_GROUP-2027-001318,EV-base-base-ARU_GROUP-2027-001318,IC-base-202705-steel-BST,FORECAST,PUBLIC_SYNTHETIC_PLANNING_MODEL,2026-09-06T00:00:00-07:00,PAY-base-base-ARU_GROUP-2027-001318,2027-06-30,2027-07-02,SIMBANK-ff92e4536eb80f4356,1938,OPERATING,ARU_GROUP,MODELED_BANK_CLEARING_OF_FORECAST_PAYMENT
base,ARU_GROUP,2027,6,base-ARU_GROUP-2027-001319,EV-base-base-ARU_GROUP-2027-001319,IC-base-202705-steel-TERMINALS,FORECAST,PUBLIC_SYNTHETIC_PLANNING_MODEL,2026-09-06T00:00:00-07:00,PAY-base-base-ARU_GROUP-2027-001319,2027-06-30,2027-07-02,SIMBANK-ac05821814bcea1795,1326,OPERATING,ARU_GROUP,MODELED_BANK_CLEARING_OF_FORECAST_PAYMENT
base,ARU_GROUP,2027,6,base-ARU_GROUP-2027-001320,EV-base-base-ARU_GROUP-2027-001320,IC-base-202705-steel-TRUCKING,FORECAST,PUBLIC_SYNTHETIC_PLANNING_MODEL,2026-09-06T00:00:00-07:00,PAY-base-base-ARU_GROUP-2027-001320,2027-06-30,2027-07-02,SIMBANK-eb02fc66942eaf1478,2295,OPERATING,ARU_GROUP,MODELED_BANK_CLEARING_OF_FORECAST_PAYMENT
base,ARU_GROUP,2027,6,base-ARU_GROUP-2027-001322,EV-base-base-ARU_GROUP-2027-001322,PAYROLL-base-202706-ARU,FORECAST,PUBLIC_SYNTHETIC_PLANNING_MODEL,2026-09-06T00:00:00-07:00,PAY-base-base-ARU_GROUP-2027-001322,2027-06-30,2027-07-02,SIMBANK-77dc51845a71725eda,-144008,OPERATING,ARU_GROUP,MODELED_BANK_CLEARING_OF_FORECAST_PAYMENT
base,ARU_GROUP,2027,6,base-ARU_GROUP-2027-001323,EV-base-base-ARU_GROUP-2027-001323,PAYROLL-base-202706-BST,FORECAST,PUBLIC_SYNTHETIC_PLANNING_MODEL,2026-09-06T00:00:00-07:00,PAY-base-base-ARU_GROUP-2027-001323,2027-06-30,2027-07-02,SIMBANK-72442714182a6419f4,-516154,OPERATING,ARU_GROUP,MODELED_BANK_CLEARING_OF_FORECAST_PAYMENT
base,ARU_GROUP,2027,6,base-ARU_GROUP-2027-001324,EV-base-base-ARU_GROUP-2027-001324,PAYROLL-base-202706-TERMINALS,FORECAST,PUBLIC_SYNTHETIC_PLANNING_MODEL,2026-09-06T00:00:00-07:00,PAY-base-base-ARU_GROUP-2027-001324,2027-06-30,2027-07-02,SIMBANK-76296e118f6d62d4b4,-200784,OPERATING,ARU_GROUP,MODELED_BANK_CLEARING_OF_FORECAST_PAYMENT
base,ARU_GROUP,2027,6,base-ARU_GROUP-2027-001325,EV-base-base-ARU_GROUP-2027-001325,PAYROLL-base-202706-TRUCKING,FORECAST,PUBLIC_SYNTHETIC_PLANNING_MODEL,2026-09-06T00:00:00-07:00,PAY-base-base-ARU_GROUP-2027-001325,2027-06-30,2027-07-02,SIMBANK-d74c054abc88591774,-194118,OPERATING,ARU_GROUP,MODELED_BANK_CLEARING_OF_FORECAST_PAYMENT
base,ARU_GROUP,2027,6,base-ARU_GROUP-2027-001326,EV-base-base-ARU_GROUP-2027-001326,PAYROLL-base-202706-WAREHOUSE,FORECAST,PUBLIC_SYNTHETIC_PLANNING_MODEL,2026-09-06T00:00:00-07:00,PAY-base-base-ARU_GROUP-2027-001326,2027-06-30,2027-07-02,SIMBANK-2b721294c6218349ab,-92175,OPERATING,ARU_GROUP,MODELED_BANK_CLEARING_OF_FORECAST_PAYMENT
base,ARU_GROUP,2027,6,base-ARU_GROUP-2027-001327,EV-base-base-ARU_GROUP-2027-001327,INTEREST-202706,FORECAST,PUBLIC_SYNTHETIC_PLANNING_MODEL,2026-09-06T00:00:00-07:00,PAY-base-base-ARU_GROUP-2027-001327,2027-06-30,2027-07-02,SIMBANK-a16a8856b0d3eeee98,-122851,OPERATING,ARU_GROUP,MODELED_BANK_CLEARING_OF_FORECAST_PAYMENT
base,ARU_GROUP,2027,6,base-ARU_GROUP-2027-001328,EV-base-base-ARU_GROUP-2027-001328,LEASE-202706,FORECAST,PUBLIC_SYNTHETIC_PLANNING_MODEL,2026-09-06T00:00:00-07:00,PAY-base-base-ARU_GROUP-2027-001328,2027-06-30,2027-07-02,SIMBANK-f79aba64e76ec7954d,-41667,FINANCING,ARU_GROUP,MODELED_BANK_CLEARING_OF_FORECAST_PAYMENT
base,ARU_GROUP,2027,6,base-ARU_GROUP-2027-001329,EV-base-base-ARU_GROUP-2027-001329,TAX-CASH-202706,FORECAST,PUBLIC_SYNTHETIC_PLANNING_MODEL,2026-09-06T00:00:00-07:00,PAY-base-base-ARU_GROUP-2027-001329,2027-06-30,2027-07-02,SIMBANK-3c73f672cdb4e7408c,-318802,OPERATING,ARU_GROUP,MODELED_BANK_CLEARING_OF_FORECAST_PAYMENT
base,ARU_GROUP,2027,6,base-ARU_GROUP-2027-001330,EV-base-base-ARU_GROUP-2027-001330,IC-base-202706-acid-BST-COST,FORECAST,PUBLIC_SYNTHETIC_PLANNING_MODEL,2026-09-06T00:00:00-07:00,PAY-base-base-ARU_GROUP-2027-001330,2027-06-30,2027-07-02,SIMBANK-21ddc0d1b374454f0f,-2112,OPERATING,ARU_GROUP,MODELED_BANK_CLEARING_OF_FORECAST_PAYMENT
base,ARU_GROUP,2027,6,base-ARU_GROUP-2027-001331,EV-base-base-ARU_GROUP-2027-001331,IC-base-202706-acid-TERMINALS-COST,FORECAST,PUBLIC_SYNTHETIC_PLANNING_MODEL,2026-09-06T00:00:00-07:00,PAY-base-base-ARU_GROUP-2027-001331,2027-06-30,2027-07-02,SIMBANK-c50103b36b6854ba84,-2009,OPERATING,ARU_GROUP,MODELED_BANK_CLEARING_OF_FORECAST_PAYMENT
base,ARU_GROUP,2027,6,base-ARU_GROUP-2027-001332,EV-base-base-ARU_GROUP-2027-001332,IC-base-202706-acid-TRUCKING-COST,FORECAST,PUBLIC_SYNTHETIC_PLANNING_MODEL,2026-09-06T00:00:00-07:00,PAY-base-base-ARU_GROUP-2027-001332,2027-06-30,2027-07-02,SIMBANK-49e10fb4a601413fc1,-4738,OPERATING,ARU_GROUP,MODELED_BANK_CLEARING_OF_FORECAST_PAYMENT
base,ARU_GROUP,2027,6,base-ARU_GROUP-2027-001333,EV-base-base-ARU_GROUP-2027-001333,IC-base-202706-binder-BST-COST,FORECAST,PUBLIC_SYNTHETIC_PLANNING_MODEL,2026-09-06T00:00:00-07:00,PAY-base-base-ARU_GROUP-2027-001333,2027-06-30,2027-07-02,SIMBANK-680b659e0a86b83769,-1854,OPERATING,ARU_GROUP,MODELED_BANK_CLEARING_OF_FORECAST_PAYMENT
base,ARU_GROUP,2027,6,base-ARU_GROUP-2027-001334,EV-base-base-ARU_GROUP-2027-001334,IC-base-202706-binder-TERMINALS-COST,FORECAST,PUBLIC_SYNTHETIC_PLANNING_MODEL,2026-09-06T00:00:00-07:00,PAY-base-base-ARU_GROUP-2027-001334,2027-06-30,2027-07-02,SIMBANK-fd728be293e885fb94,-1185,OPERATING,ARU_GROUP,MODELED_BANK_CLEARING_OF_FORECAST_PAYMENT
base,ARU_GROUP,2027,6,base-ARU_GROUP-2027-001335,EV-base-base-ARU_GROUP-2027-001335,IC-base-202706-binder-TRUCKING-COST,FORECAST,PUBLIC_SYNTHETIC_PLANNING_MODEL,2026-09-06T00:00:00-07:00,PAY-base-base-ARU_GROUP-2027-001335,2027-06-30,2027-07-02,SIMBANK-a31c3110acde2a077c,-3914,OPERATING,ARU_GROUP,MODELED_BANK_CLEARING_OF_FORECAST_PAYMENT
base,ARU_GROUP,2027,6,base-ARU_GROUP-2027-001336,EV-base-base-ARU_GROUP-2027-001336,IC-base-202706-lime-BST-COST,FORECAST,PUBLIC_SYNTHETIC_PLANNING_MODEL,2026-09-06T00:00:00-07:00,PAY-base-base-ARU_GROUP-2027-001336,2027-06-30,2027-07-02,SIMBANK-c9d73e99c136116c7f,-371,OPERATING,ARU_GROUP,MODELED_BANK_CLEARING_OF_FORECAST_PAYMENT
base,ARU_GROUP,2027,6,base-ARU_GROUP-2027-001337,EV-base-base-ARU_GROUP-2027-001337,IC-base-202706-lime-TERMINALS-COST,FORECAST,PUBLIC_SYNTHETIC_PLANNING_MODEL,2026-09-06T00:00:00-07:00,PAY-base-base-ARU_GROUP-2027-001337,2027-06-30,2027-07-02,SIMBANK-b5ea290227937c7d08,-258,OPERATING,ARU_GROUP,MODELED_BANK_CLEARING_OF_FORECAST_PAYMENT
base,ARU_GROUP,2027,6,base-ARU_GROUP-2027-001338,EV-base-base-ARU_GROUP-2027-001338,IC-base-202706-lime-TRUCKING-COST,FORECAST,PUBLIC_SYNTHETIC_PLANNING_MODEL,2026-09-06T00:00:00-07:00,PAY-base-base-ARU_GROUP-2027-001338,2027-06-30,2027-07-02,SIMBANK-9ce0a37ca0a886dd6c,-824,OPERATING,ARU_GROUP,MODELED_BANK_CLEARING_OF_FORECAST_PAYMENT
base,ARU_GROUP,2027,6,base-ARU_GROUP-2027-001339,EV-base-base-ARU_GROUP-2027-001339,IC-base-202706-mro-BST-COST,FORECAST,PUBLIC_SYNTHETIC_PLANNING_MODEL,2026-09-06T00:00:00-07:00,PAY-base-base-ARU_GROUP-2027-001339,2027-06-30,2027-07-02,SIMBANK-4b077ed7737d0375f0,-309,OPERATING,ARU_GROUP,MODELED_BANK_CLEARING_OF_FORECAST_PAYMENT
base,ARU_GROUP,2027,6,base-ARU_GROUP-2027-001340,EV-base-base-ARU_GROUP-2027-001340,IC-base-202706-mro-TERMINALS-COST,FORECAST,PUBLIC_SYNTHETIC_PLANNING_MODEL,2026-09-06T00:00:00-07:00,PAY-base-base-ARU_GROUP-2027-001340,2027-06-30,2027-07-02,SIMBANK-806b30b27ba1af16ad,-299,OPERATING,ARU_GROUP,MODELED_BANK_CLEARING_OF_FORECAST_PAYMENT
base,ARU_GROUP,2027,6,base-ARU_GROUP-2027-001341,EV-base-base-ARU_GROUP-2027-001341,IC-base-202706-mro-TRUCKING-COST,FORECAST,PUBLIC_SYNTHETIC_PLANNING_MODEL,2026-09-06T00:00:00-07:00,PAY-base-base-ARU_GROUP-2027-001341,2027-06-30,2027-07-02,SIMBANK-2cb97a1b2dc59a2ad8,-453,OPERATING,ARU_GROUP,MODELED_BANK_CLEARING_OF_FORECAST_PAYMENT
base,ARU_GROUP,2027,6,base-ARU_GROUP-2027-001342,EV-base-base-ARU_GROUP-2027-001342,IC-base-202706-project-BST-COST,FORECAST,PUBLIC_SYNTHETIC_PLANNING_MODEL,2026-09-06T00:00:00-07:00,PAY-base-base-ARU_GROUP-2027-001342,2027-06-30,2027-07-02,SIMBANK-e172a24f8feceba0e5,-670,OPERATING,ARU_GROUP,MODELED_BANK_CLEARING_OF_FORECAST_PAYMENT
base,ARU_GROUP,2027,6,base-ARU_GROUP-2027-001343,EV-base-base-ARU_GROUP-2027-001343,IC-base-202706-project-TERMINALS-COST,FORECAST,PUBLIC_SYNTHETIC_PLANNING_MODEL,2026-09-06T00:00:00-07:00,PAY-base-base-ARU_GROUP-2027-001343,2027-06-30,2027-07-02,SIMBANK-7d1bbb692eee8718ea,-824,OPERATING,ARU_GROUP,MODELED_BANK_CLEARING_OF_FORECAST_PAYMENT
base,ARU_GROUP,2027,6,base-ARU_GROUP-2027-001344,EV-base-base-ARU_GROUP-2027-001344,IC-base-202706-project-TRUCKING-COST,FORECAST,PUBLIC_SYNTHETIC_PLANNING_MODEL,2026-09-06T00:00:00-07:00,PAY-base-base-ARU_GROUP-2027-001344,2027-06-30,2027-07-02,SIMBANK-e162fe1659e343eeec,-1339,OPERATING,ARU_GROUP,MODELED_BANK_CLEARING_OF_FORECAST_PAYMENT
base,ARU_GROUP,2027,6,base-ARU_GROUP-2027-001345,EV-base-base-ARU_GROUP-2027-001345,IC-base-202706-steel-BST-COST,FORECAST,PUBLIC_SYNTHETIC_PLANNING_MODEL,2026-09-06T00:00:00-07:00,PAY-base-base-ARU_GROUP-2027-001345,2027-06-30,2027-07-02,SIMBANK-89a98cd8466a26d9cd,-886,OPERATING,ARU_GROUP,MODELED_BANK_CLEARING_OF_FORECAST_PAYMENT
base,ARU_GROUP,2027,6,base-ARU_GROUP-2027-001346,EV-base-base-ARU_GROUP-2027-001346,IC-base-202706-steel-TERMINALS-COST,FORECAST,PUBLIC_SYNTHETIC_PLANNING_MODEL,2026-09-06T00:00:00-07:00,PAY-base-base-ARU_GROUP-2027-001346,2027-06-30,2027-07-02,SIMBANK-5190ff588d6877131a,-762,OPERATING,ARU_GROUP,MODELED_BANK_CLEARING_OF_FORECAST_PAYMENT
base,ARU_GROUP,2027,6,base-ARU_GROUP-2027-001347,EV-base-base-ARU_GROUP-2027-001347,IC-base-202706-steel-TRUCKING-COST,FORECAST,PUBLIC_SYNTHETIC_PLANNING_MODEL,2026-09-06T00:00:00-07:00,PAY-base-base-ARU_GROUP-2027-001347,2027-06-30,2027-07-02,SIMBANK-b741fd763e775ddc91,-1545,OPERATING,ARU_GROUP,MODELED_BANK_CLEARING_OF_FORECAST_PAYMENT
base,ARU_GROUP,2027,6,base-ARU_GROUP-2027-001348,EV-base-base-ARU_GROUP-2027-001348,IF-FIXED-base-202706-BST,FORECAST,PUBLIC_SYNTHETIC_PLANNING_MODEL,2026-09-06T00:00:00-07:00,PAY-base-base-ARU_GROUP-2027-001348,2027-06-30,2027-07-02,SIMBANK-c449a7c27b26ee94ff,-1030,OPERATING,ARU_GROUP,MODELED_BANK_CLEARING_OF_FORECAST_PAYMENT
base,ARU_GROUP,2027,6,base-ARU_GROUP-2027-001349,EV-base-base-ARU_GROUP-2027-001349,IF-FIXED-base-202706-TERMINALS,FORECAST,PUBLIC_SYNTHETIC_PLANNING_MODEL,2026-09-06T00:00:00-07:00,PAY-base-base-ARU_GROUP-2027-001349,2027-06-30,2027-07-02,SIMBANK-6d254fe2eaf15cdb36,-2060,OPERATING,ARU_GROUP,MODELED_BANK_CLEARING_OF_FORECAST_PAYMENT
base,ARU_GROUP,2027,6,base-ARU_GROUP-2027-001350,EV-base-base-ARU_GROUP-2027-001350,IF-FIXED-base-202706-TRUCKING,FORECAST,PUBLIC_SYNTHETIC_PLANNING_MODEL,2026-09-06T00:00:00-07:00,PAY-base-base-ARU_GROUP-2027-001350,2027-06-30,2027-07-02,SIMBANK-36157797084ac227b8,-1030,OPERATING,ARU_GROUP,MODELED_BANK_CLEARING_OF_FORECAST_PAYMENT
base,ARU_GROUP,2027,6,base-ARU_GROUP-2027-001351,EV-base-base-ARU_GROUP-2027-001351,PROC-base-202705-ARU-INS,FORECAST,PUBLIC_SYNTHETIC_PLANNING_MODEL,2026-09-06T00:00:00-07:00,PAY-base-base-ARU_GROUP-2027-001351,2027-06-30,2027-07-02,SIMBANK-1c80a6f48bce65d1c7,-9744,OPERATING,ARU_GROUP,MODELED_BANK_CLEARING_OF_FORECAST_PAYMENT
base,ARU_GROUP,2027,6,base-ARU_GROUP-2027-001352,EV-base-base-ARU_GROUP-2027-001352,PROC-base-202705-ARU-MAINT,FORECAST,PUBLIC_SYNTHETIC_PLANNING_MODEL,2026-09-06T00:00:00-07:00,PAY-base-base-ARU_GROUP-2027-001352,2027-06-30,2027-07-02,SIMBANK-641a881edcf5e38638,-12180,OPERATING,ARU_GROUP,MODELED_BANK_CLEARING_OF_FORECAST_PAYMENT
base,ARU_GROUP,2027,6,base-ARU_GROUP-2027-001353,EV-base-base-ARU_GROUP-2027-001353,PROC-base-202705-ARU-MAT,FORECAST,PUBLIC_SYNTHETIC_PLANNING_MODEL,2026-09-06T00:00:00-07:00,PAY-base-base-ARU_GROUP-2027-001353,2027-06-30,2027-07-02,SIMBANK-e248e562aa07ebf85d,-12180,OPERATING,ARU_GROUP,MODELED_BANK_CLEARING_OF_FORECAST_PAYMENT
base,ARU_GROUP,2027,6,base-ARU_GROUP-2027-001354,EV-base-base-ARU_GROUP-2027-001354,PROC-base-202705-ARU-OCC,FORECAST,PUBLIC_SYNTHETIC_PLANNING_MODEL,2026-09-06T00:00:00-07:00,PAY-base-base-ARU_GROUP-2027-001354,2027-06-30,2027-07-02,SIMBANK-1d9c7162bcb3f7dfda,-9745,OPERATING,ARU_GROUP,MODELED_BANK_CLEARING_OF_FORECAST_PAYMENT
base,ARU_GROUP,2027,6,base-ARU_GROUP-2027-001355,EV-base-base-ARU_GROUP-2027-001355,PROC-base-202705-ARU-SERV,FORECAST,PUBLIC_SYNTHETIC_PLANNING_MODEL,2026-09-06T00:00:00-07:00,PAY-base-base-ARU_GROUP-2027-001355,2027-06-30,2027-07-02,SIMBANK-c80656e3e3c434a559,-4872,OPERATING,ARU_GROUP,MODELED_BANK_CLEARING_OF_FORECAST_PAYMENT
base,ARU_GROUP,2027,6,base-ARU_GROUP-2027-001356,EV-base-base-ARU_GROUP-2027-001356,PROC-base-202705-BST-INS,FORECAST,PUBLIC_SYNTHETIC_PLANNING_MODEL,2026-09-06T00:00:00-07:00,PAY-base-base-ARU_GROUP-2027-001356,2027-06-30,2027-07-02,SIMBANK-d3b9d9f2da88251960,-110191,OPERATING,ARU_GROUP,MODELED_BANK_CLEARING_OF_FORECAST_PAYMENT
base,ARU_GROUP,2027,6,base-ARU_GROUP-2027-001357,EV-base-base-ARU_GROUP-2027-001357,PROC-base-202705-BST-MAINT,FORECAST,PUBLIC_SYNTHETIC_PLANNING_MODEL,2026-09-06T00:00:00-07:00,PAY-base-base-ARU_GROUP-2027-001357,2027-06-30,2027-07-02,SIMBANK-ee62e542134e9d7ac3,-170256,OPERATING,ARU_GROUP,MODELED_BANK_CLEARING_OF_FORECAST_PAYMENT
base,ARU_GROUP,2027,6,base-ARU_GROUP-2027-001358,EV-base-base-ARU_GROUP-2027-001358,PROC-base-202705-BST-MAT,FORECAST,PUBLIC_SYNTHETIC_PLANNING_MODEL,2026-09-06T00:00:00-07:00,PAY-base-base-ARU_GROUP-2027-001358,2027-06-30,2027-07-02,SIMBANK-f6301734d745f84e39,-141460,OPERATING,ARU_GROUP,MODELED_BANK_CLEARING_OF_FORECAST_PAYMENT
base,ARU_GROUP,2027,6,base-ARU_GROUP-2027-001359,EV-base-base-ARU_GROUP-2027-001359,PROC-base-202705-BST-OCC,FORECAST,PUBLIC_SYNTHETIC_PLANNING_MODEL,2026-09-06T00:00:00-07:00,PAY-base-base-ARU_GROUP-2027-001359,2027-06-30,2027-07-02,SIMBANK-86b4bad5f291455b87,-118446,OPERATING,ARU_GROUP,MODELED_BANK_CLEARING_OF_FORECAST_PAYMENT
base,ARU_GROUP,2027,6,base-ARU_GROUP-2027-001360,EV-base-base-ARU_GROUP-2027-001360,PROC-base-202705-BST-SERV,FORECAST,PUBLIC_SYNTHETIC_PLANNING_MODEL,2026-09-06T00:00:00-07:00,PAY-base-base-ARU_GROUP-2027-001360,2027-06-30,2027-07-02,SIMBANK-39c5ef3aba81f26b4b,-134235,OPERATING,ARU_GROUP,MODELED_BANK_CLEARING_OF_FORECAST_PAYMENT
base,ARU_GROUP,2027,6,base-ARU_GROUP-2027-001361,EV-base-base-ARU_GROUP-2027-001361,PROC-base-202705-TERMINALS-INS,FORECAST,PUBLIC_SYNTHETIC_PLANNING_MODEL,2026-09-06T00:00:00-07:00,PAY-base-base-ARU_GROUP-2027-001361,2027-06-30,2027-07-02,SIMBANK-25ea3f0408ad4a933d,-77962,OPERATING,ARU_GROUP,MODELED_BANK_CLEARING_OF_FORECAST_PAYMENT
base,ARU_GROUP,2027,6,base-ARU_GROUP-2027-001362,EV-base-base-ARU_GROUP-2027-001362,PROC-base-202705-TERMINALS-MAINT,FORECAST,PUBLIC_SYNTHETIC_PLANNING_MODEL,2026-09-06T00:00:00-07:00,PAY-base-base-ARU_GROUP-2027-001362,2027-06-30,2027-07-02,SIMBANK-5381d8eb8e7d37aedd,-136186,OPERATING,ARU_GROUP,MODELED_BANK_CLEARING_OF_FORECAST_PAYMENT
base,ARU_GROUP,2027,6,base-ARU_GROUP-2027-001363,EV-base-base-ARU_GROUP-2027-001363,PROC-base-202705-TERMINALS-MAT,FORECAST,PUBLIC_SYNTHETIC_PLANNING_MODEL,2026-09-06T00:00:00-07:00,PAY-base-base-ARU_GROUP-2027-001363,2027-06-30,2027-07-02,SIMBANK-d58c9e90428a0602fd,-141187,OPERATING,ARU_GROUP,MODELED_BANK_CLEARING_OF_FORECAST_PAYMENT
base,ARU_GROUP,2027,6,base-ARU_GROUP-2027-001364,EV-base-base-ARU_GROUP-2027-001364,PROC-base-202705-TERMINALS-OCC,FORECAST,PUBLIC_SYNTHETIC_PLANNING_MODEL,2026-09-06T00:00:00-07:00,PAY-base-base-ARU_GROUP-2027-001364,2027-06-30,2027-07-02,SIMBANK-4bce088897a08829d0,-105449,OPERATING,ARU_GROUP,MODELED_BANK_CLEARING_OF_FORECAST_PAYMENT
base,ARU_GROUP,2027,6,base-ARU_GROUP-2027-001365,EV-base-base-ARU_GROUP-2027-001365,PROC-base-202705-TERMINALS-SERV,FORECAST,PUBLIC_SYNTHETIC_PLANNING_MODEL,2026-09-06T00:00:00-07:00,PAY-base-base-ARU_GROUP-2027-001365,2027-06-30,2027-07-02,SIMBANK-7ebf3932935bfa7a24,-80587,OPERATING,ARU_GROUP,MODELED_BANK_CLEARING_OF_FORECAST_PAYMENT
base,ARU_GROUP,2027,6,base-ARU_GROUP-2027-001366,EV-base-base-ARU_GROUP-2027-001366,PROC-base-202705-TRUCKING-INS,FORECAST,PUBLIC_SYNTHETIC_PLANNING_MODEL,2026-09-06T00:00:00-07:00,PAY-base-base-ARU_GROUP-2027-001366,2027-06-30,2027-07-02,SIMBANK-f6035337127e008c0e,-30804,OPERATING,ARU_GROUP,MODELED_BANK_CLEARING_OF_FORECAST_PAYMENT
base,ARU_GROUP,2027,6,base-ARU_GROUP-2027-001367,EV-base-base-ARU_GROUP-2027-001367,PROC-base-202705-TRUCKING-MAINT,FORECAST,PUBLIC_SYNTHETIC_PLANNING_MODEL,2026-09-06T00:00:00-07:00,PAY-base-base-ARU_GROUP-2027-001367,2027-06-30,2027-07-02,SIMBANK-3f23d38c2b6ce57127,-80737,OPERATING,ARU_GROUP,MODELED_BANK_CLEARING_OF_FORECAST_PAYMENT
base,ARU_GROUP,2027,6,base-ARU_GROUP-2027-001368,EV-base-base-ARU_GROUP-2027-001368,PROC-base-202705-TRUCKING-MAT,FORECAST,PUBLIC_SYNTHETIC_PLANNING_MODEL,2026-09-06T00:00:00-07:00,PAY-base-base-ARU_GROUP-2027-001368,2027-06-30,2027-07-02,SIMBANK-e9e73b323c1e192cfb,-117208,OPERATING,ARU_GROUP,MODELED_BANK_CLEARING_OF_FORECAST_PAYMENT
base,ARU_GROUP,2027,6,base-ARU_GROUP-2027-001369,EV-base-base-ARU_GROUP-2027-001369,PROC-base-202705-TRUCKING-OCC,FORECAST,PUBLIC_SYNTHETIC_PLANNING_MODEL,2026-09-06T00:00:00-07:00,PAY-base-base-ARU_GROUP-2027-001369,2027-06-30,2027-07-02,SIMBANK-c21846804dd8dfa304,-62503,OPERATING,ARU_GROUP,MODELED_BANK_CLEARING_OF_FORECAST_PAYMENT
base,ARU_GROUP,2027,6,base-ARU_GROUP-2027-001370,EV-base-base-ARU_GROUP-2027-001370,PROC-base-202705-TRUCKING-SERV,FORECAST,PUBLIC_SYNTHETIC_PLANNING_MODEL,2026-09-06T00:00:00-07:00,PAY-base-base-ARU_GROUP-2027-001370,2027-06-30,2027-07-02,SIMBANK-bfe93e318c61e27be8,-31848,OPERATING,ARU_GROUP,MODELED_BANK_CLEARING_OF_FORECAST_PAYMENT
base,ARU_GROUP,2027,6,base-ARU_GROUP-2027-001371,EV-base-base-ARU_GROUP-2027-001371,PROC-base-202705-WAREHOUSE-INS,FORECAST,PUBLIC_SYNTHETIC_PLANNING_MODEL,2026-09-06T00:00:00-07:00,PAY-base-base-ARU_GROUP-2027-001371,2027-06-30,2027-07-02,SIMBANK-5900931200dcfb1917,-26223,OPERATING,ARU_GROUP,MODELED_BANK_CLEARING_OF_FORECAST_PAYMENT
base,ARU_GROUP,2027,6,base-ARU_GROUP-2027-001372,EV-base-base-ARU_GROUP-2027-001372,PROC-base-202705-WAREHOUSE-MAINT,FORECAST,PUBLIC_SYNTHETIC_PLANNING_MODEL,2026-09-06T00:00:00-07:00,PAY-base-base-ARU_GROUP-2027-001372,2027-06-30,2027-07-02,SIMBANK-0b5f64aad0e66cec64,-36647,OPERATING,ARU_GROUP,MODELED_BANK_CLEARING_OF_FORECAST_PAYMENT
base,ARU_GROUP,2027,6,base-ARU_GROUP-2027-001373,EV-base-base-ARU_GROUP-2027-001373,PROC-base-202705-WAREHOUSE-MAT,FORECAST,PUBLIC_SYNTHETIC_PLANNING_MODEL,2026-09-06T00:00:00-07:00,PAY-base-base-ARU_GROUP-2027-001373,2027-06-30,2027-07-02,SIMBANK-26f090be17e0ebad3b,-66487,OPERATING,ARU_GROUP,MODELED_BANK_CLEARING_OF_FORECAST_PAYMENT
base,ARU_GROUP,2027,6,base-ARU_GROUP-2027-001374,EV-base-base-ARU_GROUP-2027-001374,PROC-base-202705-WAREHOUSE-OCC,FORECAST,PUBLIC_SYNTHETIC_PLANNING_MODEL,2026-09-06T00:00:00-07:00,PAY-base-base-ARU_GROUP-2027-001374,2027-06-30,2027-07-02,SIMBANK-ea82b398fd4c31bb8b,-26602,OPERATING,ARU_GROUP,MODELED_BANK_CLEARING_OF_FORECAST_PAYMENT
base,ARU_GROUP,2027,6,base-ARU_GROUP-2027-001375,EV-base-base-ARU_GROUP-2027-001375,PROC-base-202705-WAREHOUSE-SERV,FORECAST,PUBLIC_SYNTHETIC_PLANNING_MODEL,2026-09-06T00:00:00-07:00,PAY-base-base-ARU_GROUP-2027-001375,2027-06-30,2027-07-02,SIMBANK-a6334c1423e9ce89a2,-27106,OPERATING,ARU_GROUP,MODELED_BANK_CLEARING_OF_FORECAST_PAYMENT
base,ARU_GROUP,2027,6,base-ARU_GROUP-2027-001376,EV-base-base-ARU_GROUP-2027-001376,CAPEX-base-ARU_GROUP-202706-replacement,FORECAST,PUBLIC_SYNTHETIC_PLANNING_MODEL,2026-09-06T00:00:00-07:00,PAY-base-base-ARU_GROUP-2027-001376,2027-06-30,2027-07-02,SIMBANK-8df0a4ec0ab3aafa6b,-283250,INVESTING,ARU_GROUP,MODELED_BANK_CLEARING_OF_FORECAST_PAYMENT
base,ARU_GROUP,2027,7,base-ARU_GROUP-2027-001496,EV-base-base-ARU_GROUP-2027-001496,SALE-base-202705-BST-2025-001,FORECAST,PUBLIC_SYNTHETIC_PLANNING_MODEL,2026-09-06T00:00:00-07:00,PAY-base-base-ARU_GROUP-2027-001496,2027-07-31,2027-08-02,SIMBANK-178713e82294d5f20c,155473,OPERATING,ARU_GROUP,MODELED_BANK_CLEARING_OF_FORECAST_PAYMENT
base,ARU_GROUP,2027,7,base-ARU_GROUP-2027-001497,EV-base-base-ARU_GROUP-2027-001497,SALE-base-202705-BST-2025-006,FORECAST,PUBLIC_SYNTHETIC_PLANNING_MODEL,2026-09-06T00:00:00-07:00,PAY-base-base-ARU_GROUP-2027-001497,2027-07-31,2027-08-02,SIMBANK-7cceb22588dee0b3e2,67149,OPERATING,ARU_GROUP,MODELED_BANK_CLEARING_OF_FORECAST_PAYMENT
base,ARU_GROUP,2027,7,base-ARU_GROUP-2027-001498,EV-base-base-ARU_GROUP-2027-001498,SALE-base-202705-BST-2025-002,FORECAST,PUBLIC_SYNTHETIC_PLANNING_MODEL,2026-09-06T00:00:00-07:00,PAY-base-base-ARU_GROUP-2027-001498,2027-07-31,2027-08-02,SIMBANK-a2280b1bc42d4e0d21,116422,OPERATING,ARU_GROUP,MODELED_BANK_CLEARING_OF_FORECAST_PAYMENT
base,ARU_GROUP,2027,7,base-ARU_GROUP-2027-001499,EV-base-base-ARU_GROUP-2027-001499,SALE-base-202705-BST-2025-007,FORECAST,PUBLIC_SYNTHETIC_PLANNING_MODEL,2026-09-06T00:00:00-07:00,PAY-base-base-ARU_GROUP-2027-001499,2027-07-31,2027-08-02,SIMBANK-8af8b794b481b97c65,52075,OPERATING,ARU_GROUP,MODELED_BANK_CLEARING_OF_FORECAST_PAYMENT
base,ARU_GROUP,2027,7,base-ARU_GROUP-2027-001500,EV-base-base-ARU_GROUP-2027-001500,SALE-base-202705-BST-2025-004,FORECAST,PUBLIC_SYNTHETIC_PLANNING_MODEL,2026-09-06T00:00:00-07:00,PAY-base-base-ARU_GROUP-2027-001500,2027-07-31,2027-08-02,SIMBANK-addd602b01fc03abb4,59899,OPERATING,ARU_GROUP,MODELED_BANK_CLEARING_OF_FORECAST_PAYMENT
base,ARU_GROUP,2027,7,base-ARU_GROUP-2027-001501,EV-base-base-ARU_GROUP-2027-001501,SALE-base-202705-BST-2025-008,FORECAST,PUBLIC_SYNTHETIC_PLANNING_MODEL,2026-09-06T00:00:00-07:00,PAY-base-base-ARU_GROUP-2027-001501,2027-07-31,2027-08-02,SIMBANK-1140ef1613f95cfe3d,30502,OPERATING,ARU_GROUP,MODELED_BANK_CLEARING_OF_FORECAST_PAYMENT
base,ARU_GROUP,2027,7,base-ARU_GROUP-2027-001502,EV-base-base-ARU_GROUP-2027-001502,SALE-base-202705-BST-2025-003,FORECAST,PUBLIC_SYNTHETIC_PLANNING_MODEL,2026-09-06T00:00:00-07:00,PAY-base-base-ARU_GROUP-2027-001502,2027-07-31,2027-08-02,SIMBANK-05305ea2f5c9bf62b3,70964,OPERATING,ARU_GROUP,MODELED_BANK_CLEARING_OF_FORECAST_PAYMENT
base,ARU_GROUP,2027,7,base-ARU_GROUP-2027-001503,EV-base-base-ARU_GROUP-2027-001503,SALE-base-202705-BST-2025-009,FORECAST,PUBLIC_SYNTHETIC_PLANNING_MODEL,2026-09-06T00:00:00-07:00,PAY-base-base-ARU_GROUP-2027-001503,2027-07-31,2027-08-02,SIMBANK-bd5835f7bcc8efc3b3,37540,OPERATING,ARU_GROUP,MODELED_BANK_CLEARING_OF_FORECAST_PAYMENT
base,ARU_GROUP,2027,7,base-ARU_GROUP-2027-001504,EV-base-base-ARU_GROUP-2027-001504,SALE-base-202705-BST-2025-010,FORECAST,PUBLIC_SYNTHETIC_PLANNING_MODEL,2026-09-06T00:00:00-07:00,PAY-base-base-ARU_GROUP-2027-001504,2027-07-31,2027-08-02,SIMBANK-d8ff9b49afc1b9ae4e,34569,OPERATING,ARU_GROUP,MODELED_BANK_CLEARING_OF_FORECAST_PAYMENT
base,ARU_GROUP,2027,7,base-ARU_GROUP-2027-001505,EV-base-base-ARU_GROUP-2027-001505,SALE-base-202705-BST-2025-011,FORECAST,PUBLIC_SYNTHETIC_PLANNING_MODEL,2026-09-06T00:00:00-07:00,PAY-base-base-ARU_GROUP-2027-001505,2027-07-31,2027-08-02,SIMBANK-db10c340f469db340e,18955,OPERATING,ARU_GROUP,MODELED_BANK_CLEARING_OF_FORECAST_PAYMENT
base,ARU_GROUP,2027,7,base-ARU_GROUP-2027-001506,EV-base-base-ARU_GROUP-2027-001506,SALE-base-202705-BST-2025-012,FORECAST,PUBLIC_SYNTHETIC_PLANNING_MODEL,2026-09-06T00:00:00-07:00,PAY-base-base-ARU_GROUP-2027-001506,2027-07-31,2027-08-02,SIMBANK-c8fe85870882c16463,57361,OPERATING,ARU_GROUP,MODELED_BANK_CLEARING_OF_FORECAST_PAYMENT
base,ARU_GROUP,2027,7,base-ARU_GROUP-2027-001507,EV-base-base-ARU_GROUP-2027-001507,SALE-base-202705-BST-2025-013,FORECAST,PUBLIC_SYNTHETIC_PLANNING_MODEL,2026-09-06T00:00:00-07:00,PAY-base-base-ARU_GROUP-2027-001507,2027-07-31,2027-08-02,SIMBANK-a42c04f79237d8f743,36119,OPERATING,ARU_GROUP,MODELED_BANK_CLEARING_OF_FORECAST_PAYMENT
base,ARU_GROUP,2027,7,base-ARU_GROUP-2027-001508,EV-base-base-ARU_GROUP-2027-001508,SALE-base-202705-TRM-2025-001,FORECAST,PUBLIC_SYNTHETIC_PLANNING_MODEL,2026-09-06T00:00:00-07:00,PAY-base-base-ARU_GROUP-2027-001508,2027-07-31,2027-08-02,SIMBANK-d8f361cd697029f1e6,63915,OPERATING,ARU_GROUP,MODELED_BANK_CLEARING_OF_FORECAST_PAYMENT
base,ARU_GROUP,2027,7,base-ARU_GROUP-2027-001509,EV-base-base-ARU_GROUP-2027-001509,SALE-base-202705-TRM-2025-002,FORECAST,PUBLIC_SYNTHETIC_PLANNING_MODEL,2026-09-06T00:00:00-07:00,PAY-base-base-ARU_GROUP-2027-001509,2027-07-31,2027-08-02,SIMBANK-81928d87d4eed9bd80,62146,OPERATING,ARU_GROUP,MODELED_BANK_CLEARING_OF_FORECAST_PAYMENT
base,ARU_GROUP,2027,7,base-ARU_GROUP-2027-001510,EV-base-base-ARU_GROUP-2027-001510,SALE-base-202705-TRM-2025-003,FORECAST,PUBLIC_SYNTHETIC_PLANNING_MODEL,2026-09-06T00:00:00-07:00,PAY-base-base-ARU_GROUP-2027-001510,2027-07-31,2027-08-02,SIMBANK-8139d52eeda9a95f7d,85669,OPERATING,ARU_GROUP,MODELED_BANK_CLEARING_OF_FORECAST_PAYMENT
base,ARU_GROUP,2027,7,base-ARU_GROUP-2027-001511,EV-base-base-ARU_GROUP-2027-001511,SALE-base-202705-TRM-2025-014,FORECAST,PUBLIC_SYNTHETIC_PLANNING_MODEL,2026-09-06T00:00:00-07:00,PAY-base-base-ARU_GROUP-2027-001511,2027-07-31,2027-08-02,SIMBANK-5a924ddcf8d41e8bdb,85537,OPERATING,ARU_GROUP,MODELED_BANK_CLEARING_OF_FORECAST_PAYMENT
base,ARU_GROUP,2027,7,base-ARU_GROUP-2027-001512,EV-base-base-ARU_GROUP-2027-001512,SALE-base-202705-TRM-2025-015,FORECAST,PUBLIC_SYNTHETIC_PLANNING_MODEL,2026-09-06T00:00:00-07:00,PAY-base-base-ARU_GROUP-2027-001512,2027-07-31,2027-08-02,SIMBANK-d44b67d7d1b9572bb4,84349,OPERATING,ARU_GROUP,MODELED_BANK_CLEARING_OF_FORECAST_PAYMENT
base,ARU_GROUP,2027,7,base-ARU_GROUP-2027-001513,EV-base-base-ARU_GROUP-2027-001513,SALE-base-202705-TRM-2025-016,FORECAST,PUBLIC_SYNTHETIC_PLANNING_MODEL,2026-09-06T00:00:00-07:00,PAY-base-base-ARU_GROUP-2027-001513,2027-07-31,2027-08-02,SIMBANK-7158ae3973315008a7,81735,OPERATING,ARU_GROUP,MODELED_BANK_CLEARING_OF_FORECAST_PAYMENT
base,ARU_GROUP,2027,7,base-ARU_GROUP-2027-001514,EV-base-base-ARU_GROUP-2027-001514,SALE-base-202705-TRM-2025-017,FORECAST,PUBLIC_SYNTHETIC_PLANNING_MODEL,2026-09-06T00:00:00-07:00,PAY-base-base-ARU_GROUP-2027-001514,2027-07-31,2027-08-02,SIMBANK-9aed04aa9eafb898ef,78409,OPERATING,ARU_GROUP,MODELED_BANK_CLEARING_OF_FORECAST_PAYMENT
base,ARU_GROUP,2027,7,base-ARU_GROUP-2027-001515,EV-base-base-ARU_GROUP-2027-001515,SALE-base-202705-TRM-2025-018,FORECAST,PUBLIC_SYNTHETIC_PLANNING_MODEL,2026-09-06T00:00:00-07:00,PAY-base-base-ARU_GROUP-2027-001515,2027-07-31,2027-08-02,SIMBANK-91c87ad9c35aee6a5e,76032,OPERATING,ARU_GROUP,MODELED_BANK_CLEARING_OF_FORECAST_PAYMENT
base,ARU_GROUP,2027,7,base-ARU_GROUP-2027-001516,EV-base-base-ARU_GROUP-2027-001516,SALE-base-202705-TRK-2025-004,FORECAST,PUBLIC_SYNTHETIC_PLANNING_MODEL,2026-09-06T00:00:00-07:00,PAY-base-base-ARU_GROUP-2027-001516,2027-07-31,2027-08-02,SIMBANK-88dc587c9802d20d59,68149,OPERATING,ARU_GROUP,MODELED_BANK_CLEARING_OF_FORECAST_PAYMENT
base,ARU_GROUP,2027,7,base-ARU_GROUP-2027-001517,EV-base-base-ARU_GROUP-2027-001517,SALE-base-202705-TRK-2025-019,FORECAST,PUBLIC_SYNTHETIC_PLANNING_MODEL,2026-09-06T00:00:00-07:00,PAY-base-base-ARU_GROUP-2027-001517,2027-07-31,2027-08-02,SIMBANK-4462e54d97b66f843c,77394,OPERATING,ARU_GROUP,MODELED_BANK_CLEARING_OF_FORECAST_PAYMENT
base,ARU_GROUP,2027,7,base-ARU_GROUP-2027-001518,EV-base-base-ARU_GROUP-2027-001518,SALE-base-202705-TRK-2025-020,FORECAST,PUBLIC_SYNTHETIC_PLANNING_MODEL,2026-09-06T00:00:00-07:00,PAY-base-base-ARU_GROUP-2027-001518,2027-07-31,2027-08-02,SIMBANK-3e4cfe2780c17a83da,74225,OPERATING,ARU_GROUP,MODELED_BANK_CLEARING_OF_FORECAST_PAYMENT
base,ARU_GROUP,2027,7,base-ARU_GROUP-2027-001519,EV-base-base-ARU_GROUP-2027-001519,SALE-base-202705-TRK-2025-021,FORECAST,PUBLIC_SYNTHETIC_PLANNING_MODEL,2026-09-06T00:00:00-07:00,PAY-base-base-ARU_GROUP-2027-001519,2027-07-31,2027-08-02,SIMBANK-fe63d79e13ba1a3e13,70527,OPERATING,ARU_GROUP,MODELED_BANK_CLEARING_OF_FORECAST_PAYMENT
base,ARU_GROUP,2027,7,base-ARU_GROUP-2027-001520,EV-base-base-ARU_GROUP-2027-001520,SALE-base-202705-TRK-2025-022,FORECAST,PUBLIC_SYNTHETIC_PLANNING_MODEL,2026-09-06T00:00:00-07:00,PAY-base-base-ARU_GROUP-2027-001520,2027-07-31,2027-08-02,SIMBANK-a5968549b00a8f9963,66565,OPERATING,ARU_GROUP,MODELED_BANK_CLEARING_OF_FORECAST_PAYMENT
base,ARU_GROUP,2027,7,base-ARU_GROUP-2027-001521,EV-base-base-ARU_GROUP-2027-001521,SALE-base-202705-WHS-2025-005,FORECAST,PUBLIC_SYNTHETIC_PLANNING_MODEL,2026-09-06T00:00:00-07:00,PAY-base-base-ARU_GROUP-2027-001521,2027-07-31,2027-08-02,SIMBANK-9abf6828097f4d95fa,115480,OPERATING,ARU_GROUP,MODELED_BANK_CLEARING_OF_FORECAST_PAYMENT
base,ARU_GROUP,2027,7,base-ARU_GROUP-2027-001522,EV-base-base-ARU_GROUP-2027-001522,SALE-base-202705-WHS-2025-023,FORECAST,PUBLIC_SYNTHETIC_PLANNING_MODEL,2026-09-06T00:00:00-07:00,PAY-base-base-ARU_GROUP-2027-001522,2027-07-31,2027-08-02,SIMBANK-e6ff57d26bb9e84b69,61304,OPERATING,ARU_GROUP,MODELED_BANK_CLEARING_OF_FORECAST_PAYMENT
base,ARU_GROUP,2027,7,base-ARU_GROUP-2027-001523,EV-base-base-ARU_GROUP-2027-001523,SALE-base-202705-WHS-2025-024,FORECAST,PUBLIC_SYNTHETIC_PLANNING_MODEL,2026-09-06T00:00:00-07:00,PAY-base-base-ARU_GROUP-2027-001523,2027-07-31,2027-08-02,SIMBANK-a4d8af4b5de515f0c5,57027,OPERATING,ARU_GROUP,MODELED_BANK_CLEARING_OF_FORECAST_PAYMENT
base,ARU_GROUP,2027,7,base-ARU_GROUP-2027-001524,EV-base-base-ARU_GROUP-2027-001524,SALE-base-202705-WHS-2025-025,FORECAST,PUBLIC_SYNTHETIC_PLANNING_MODEL,2026-09-06T00:00:00-07:00,PAY-base-base-ARU_GROUP-2027-001524,2027-07-31,2027-08-02,SIMBANK-7c9f8ae07297e01231,51324,OPERATING,ARU_GROUP,MODELED_BANK_CLEARING_OF_FORECAST_PAYMENT
base,ARU_GROUP,2027,7,base-ARU_GROUP-2027-001525,EV-base-base-ARU_GROUP-2027-001525,SALE-base-202706-BST-2025-001,FORECAST,PUBLIC_SYNTHETIC_PLANNING_MODEL,2026-09-06T00:00:00-07:00,PAY-base-base-ARU_GROUP-2027-001525,2027-07-31,2027-08-02,SIMBANK-b404e954399bee8ff2,155474,OPERATING,ARU_GROUP,MODELED_BANK_CLEARING_OF_FORECAST_PAYMENT
base,ARU_GROUP,2027,7,base-ARU_GROUP-2027-001526,EV-base-base-ARU_GROUP-2027-001526,SALE-base-202706-BST-2025-006,FORECAST,PUBLIC_SYNTHETIC_PLANNING_MODEL,2026-09-06T00:00:00-07:00,PAY-base-base-ARU_GROUP-2027-001526,2027-07-31,2027-08-02,SIMBANK-6afcd3b283112ddbbd,67149,OPERATING,ARU_GROUP,MODELED_BANK_CLEARING_OF_FORECAST_PAYMENT
base,ARU_GROUP,2027,7,base-ARU_GROUP-2027-001527,EV-base-base-ARU_GROUP-2027-001527,SALE-base-202706-BST-2025-002,FORECAST,PUBLIC_SYNTHETIC_PLANNING_MODEL,2026-09-06T00:00:00-07:00,PAY-base-base-ARU_GROUP-2027-001527,2027-07-31,2027-08-02,SIMBANK-0b72fb1b20b786e51a,116422,OPERATING,ARU_GROUP,MODELED_BANK_CLEARING_OF_FORECAST_PAYMENT
base,ARU_GROUP,2027,7,base-ARU_GROUP-2027-001528,EV-base-base-ARU_GROUP-2027-001528,SALE-base-202706-BST-2025-007,FORECAST,PUBLIC_SYNTHETIC_PLANNING_MODEL,2026-09-06T00:00:00-07:00,PAY-base-base-ARU_GROUP-2027-001528,2027-07-31,2027-08-02,SIMBANK-bc50635b30634ab278,52075,OPERATING,ARU_GROUP,MODELED_BANK_CLEARING_OF_FORECAST_PAYMENT
base,ARU_GROUP,2027,7,base-ARU_GROUP-2027-001529,EV-base-base-ARU_GROUP-2027-001529,SALE-base-202706-BST-2025-004,FORECAST,PUBLIC_SYNTHETIC_PLANNING_MODEL,2026-09-06T00:00:00-07:00,PAY-base-base-ARU_GROUP-2027-001529,2027-07-31,2027-08-02,SIMBANK-16dc6f70ca7e5e3fbb,59900,OPERATING,ARU_GROUP,MODELED_BANK_CLEARING_OF_FORECAST_PAYMENT
base,ARU_GROUP,2027,7,base-ARU_GROUP-2027-001530,EV-base-base-ARU_GROUP-2027-001530,SALE-base-202706-BST-2025-008,FORECAST,PUBLIC_SYNTHETIC_PLANNING_MODEL,2026-09-06T00:00:00-07:00,PAY-base-base-ARU_GROUP-2027-001530,2027-07-31,2027-08-02,SIMBANK-f6ef424211654211a8,30503,OPERATING,ARU_GROUP,MODELED_BANK_CLEARING_OF_FORECAST_PAYMENT
base,ARU_GROUP,2027,7,base-ARU_GROUP-2027-001531,EV-base-base-ARU_GROUP-2027-001531,SALE-base-202706-BST-2025-003,FORECAST,PUBLIC_SYNTHETIC_PLANNING_MODEL,2026-09-06T00:00:00-07:00,PAY-base-base-ARU_GROUP-2027-001531,2027-07-31,2027-08-02,SIMBANK-adec143b75f6a95b35,70965,OPERATING,ARU_GROUP,MODELED_BANK_CLEARING_OF_FORECAST_PAYMENT
base,ARU_GROUP,2027,7,base-ARU_GROUP-2027-001532,EV-base-base-ARU_GROUP-2027-001532,SALE-base-202706-BST-2025-009,FORECAST,PUBLIC_SYNTHETIC_PLANNING_MODEL,2026-09-06T00:00:00-07:00,PAY-base-base-ARU_GROUP-2027-001532,2027-07-31,2027-08-02,SIMBANK-c7467a868247a5a9d9,37540,OPERATING,ARU_GROUP,MODELED_BANK_CLEARING_OF_FORECAST_PAYMENT
base,ARU_GROUP,2027,7,base-ARU_GROUP-2027-001533,EV-base-base-ARU_GROUP-2027-001533,SALE-base-202706-BST-2025-010,FORECAST,PUBLIC_SYNTHETIC_PLANNING_MODEL,2026-09-06T00:00:00-07:00,PAY-base-base-ARU_GROUP-2027-001533,2027-07-31,2027-08-02,SIMBANK-5af0ed608a83e2d7ce,34570,OPERATING,ARU_GROUP,MODELED_BANK_CLEARING_OF_FORECAST_PAYMENT
base,ARU_GROUP,2027,7,base-ARU_GROUP-2027-001534,EV-base-base-ARU_GROUP-2027-001534,SALE-base-202706-BST-2025-011,FORECAST,PUBLIC_SYNTHETIC_PLANNING_MODEL,2026-09-06T00:00:00-07:00,PAY-base-base-ARU_GROUP-2027-001534,2027-07-31,2027-08-02,SIMBANK-1e0604b38a004a8f04,18956,OPERATING,ARU_GROUP,MODELED_BANK_CLEARING_OF_FORECAST_PAYMENT
base,ARU_GROUP,2027,7,base-ARU_GROUP-2027-001535,EV-base-base-ARU_GROUP-2027-001535,SALE-base-202706-BST-2025-012,FORECAST,PUBLIC_SYNTHETIC_PLANNING_MODEL,2026-09-06T00:00:00-07:00,PAY-base-base-ARU_GROUP-2027-001535,2027-07-31,2027-08-02,SIMBANK-806e5de8c10d2c2b35,57362,OPERATING,ARU_GROUP,MODELED_BANK_CLEARING_OF_FORECAST_PAYMENT
base,ARU_GROUP,2027,7,base-ARU_GROUP-2027-001536,EV-base-base-ARU_GROUP-2027-001536,SALE-base-202706-BST-2025-013,FORECAST,PUBLIC_SYNTHETIC_PLANNING_MODEL,2026-09-06T00:00:00-07:00,PAY-base-base-ARU_GROUP-2027-001536,2027-07-31,2027-08-02,SIMBANK-13487499368a07c41f,36120,OPERATING,ARU_GROUP,MODELED_BANK_CLEARING_OF_FORECAST_PAYMENT
base,ARU_GROUP,2027,7,base-ARU_GROUP-2027-001537,EV-base-base-ARU_GROUP-2027-001537,SALE-base-202706-TRM-2025-001,FORECAST,PUBLIC_SYNTHETIC_PLANNING_MODEL,2026-09-06T00:00:00-07:00,PAY-base-base-ARU_GROUP-2027-001537,2027-07-31,2027-08-02,SIMBANK-c89cb02c894e6077df,63915,OPERATING,ARU_GROUP,MODELED_BANK_CLEARING_OF_FORECAST_PAYMENT
base,ARU_GROUP,2027,7,base-ARU_GROUP-2027-001538,EV-base-base-ARU_GROUP-2027-001538,SALE-base-202706-TRM-2025-002,FORECAST,PUBLIC_SYNTHETIC_PLANNING_MODEL,2026-09-06T00:00:00-07:00,PAY-base-base-ARU_GROUP-2027-001538,2027-07-31,2027-08-02,SIMBANK-9c3f5fd6b414d4e1ad,62146,OPERATING,ARU_GROUP,MODELED_BANK_CLEARING_OF_FORECAST_PAYMENT
base,ARU_GROUP,2027,7,base-ARU_GROUP-2027-001539,EV-base-base-ARU_GROUP-2027-001539,SALE-base-202706-TRM-2025-003,FORECAST,PUBLIC_SYNTHETIC_PLANNING_MODEL,2026-09-06T00:00:00-07:00,PAY-base-base-ARU_GROUP-2027-001539,2027-07-31,2027-08-02,SIMBANK-05c760c34329253ec8,85669,OPERATING,ARU_GROUP,MODELED_BANK_CLEARING_OF_FORECAST_PAYMENT
base,ARU_GROUP,2027,7,base-ARU_GROUP-2027-001540,EV-base-base-ARU_GROUP-2027-001540,SALE-base-202706-TRM-2025-014,FORECAST,PUBLIC_SYNTHETIC_PLANNING_MODEL,2026-09-06T00:00:00-07:00,PAY-base-base-ARU_GROUP-2027-001540,2027-07-31,2027-08-02,SIMBANK-49bda3145a1ff89639,85537,OPERATING,ARU_GROUP,MODELED_BANK_CLEARING_OF_FORECAST_PAYMENT
base,ARU_GROUP,2027,7,base-ARU_GROUP-2027-001541,EV-base-base-ARU_GROUP-2027-001541,SALE-base-202706-TRM-2025-015,FORECAST,PUBLIC_SYNTHETIC_PLANNING_MODEL,2026-09-06T00:00:00-07:00,PAY-base-base-ARU_GROUP-2027-001541,2027-07-31,2027-08-02,SIMBANK-990cb961833ee77fed,84349,OPERATING,ARU_GROUP,MODELED_BANK_CLEARING_OF_FORECAST_PAYMENT
base,ARU_GROUP,2027,7,base-ARU_GROUP-2027-001542,EV-base-base-ARU_GROUP-2027-001542,SALE-base-202706-TRM-2025-016,FORECAST,PUBLIC_SYNTHETIC_PLANNING_MODEL,2026-09-06T00:00:00-07:00,PAY-base-base-ARU_GROUP-2027-001542,2027-07-31,2027-08-02,SIMBANK-cfea7956d00d71f789,81735,OPERATING,ARU_GROUP,MODELED_BANK_CLEARING_OF_FORECAST_PAYMENT
base,ARU_GROUP,2027,7,base-ARU_GROUP-2027-001543,EV-base-base-ARU_GROUP-2027-001543,SALE-base-202706-TRM-2025-017,FORECAST,PUBLIC_SYNTHETIC_PLANNING_MODEL,2026-09-06T00:00:00-07:00,PAY-base-base-ARU_GROUP-2027-001543,2027-07-31,2027-08-02,SIMBANK-c6980315a5d0d6e02b,78409,OPERATING,ARU_GROUP,MODELED_BANK_CLEARING_OF_FORECAST_PAYMENT
base,ARU_GROUP,2027,7,base-ARU_GROUP-2027-001544,EV-base-base-ARU_GROUP-2027-001544,SALE-base-202706-TRM-2025-018,FORECAST,PUBLIC_SYNTHETIC_PLANNING_MODEL,2026-09-06T00:00:00-07:00,PAY-base-base-ARU_GROUP-2027-001544,2027-07-31,2027-08-02,SIMBANK-2ffac17c74fb61b6fb,76033,OPERATING,ARU_GROUP,MODELED_BANK_CLEARING_OF_FORECAST_PAYMENT
base,ARU_GROUP,2027,7,base-ARU_GROUP-2027-001545,EV-base-base-ARU_GROUP-2027-001545,SALE-base-202706-TRK-2025-004,FORECAST,PUBLIC_SYNTHETIC_PLANNING_MODEL,2026-09-06T00:00:00-07:00,PAY-base-base-ARU_GROUP-2027-001545,2027-07-31,2027-08-02,SIMBANK-d52234964b0607f5d0,68100,OPERATING,ARU_GROUP,MODELED_BANK_CLEARING_OF_FORECAST_PAYMENT
base,ARU_GROUP,2027,7,base-ARU_GROUP-2027-001546,EV-base-base-ARU_GROUP-2027-001546,SALE-base-202706-TRK-2025-019,FORECAST,PUBLIC_SYNTHETIC_PLANNING_MODEL,2026-09-06T00:00:00-07:00,PAY-base-base-ARU_GROUP-2027-001546,2027-07-31,2027-08-02,SIMBANK-352819f18a0e25c08a,77339,OPERATING,ARU_GROUP,MODELED_BANK_CLEARING_OF_FORECAST_PAYMENT
base,ARU_GROUP,2027,7,base-ARU_GROUP-2027-001547,EV-base-base-ARU_GROUP-2027-001547,SALE-base-202706-TRK-2025-020,FORECAST,PUBLIC_SYNTHETIC_PLANNING_MODEL,2026-09-06T00:00:00-07:00,PAY-base-base-ARU_GROUP-2027-001547,2027-07-31,2027-08-02,SIMBANK-a1b1c2a03294072728,74171,OPERATING,ARU_GROUP,MODELED_BANK_CLEARING_OF_FORECAST_PAYMENT
base,ARU_GROUP,2027,7,base-ARU_GROUP-2027-001548,EV-base-base-ARU_GROUP-2027-001548,SALE-base-202706-TRK-2025-021,FORECAST,PUBLIC_SYNTHETIC_PLANNING_MODEL,2026-09-06T00:00:00-07:00,PAY-base-base-ARU_GROUP-2027-001548,2027-07-31,2027-08-02,SIMBANK-6f3f04702d3d9a117c,70476,OPERATING,ARU_GROUP,MODELED_BANK_CLEARING_OF_FORECAST_PAYMENT
base,ARU_GROUP,2027,7,base-ARU_GROUP-2027-001549,EV-base-base-ARU_GROUP-2027-001549,SALE-base-202706-TRK-2025-022,FORECAST,PUBLIC_SYNTHETIC_PLANNING_MODEL,2026-09-06T00:00:00-07:00,PAY-base-base-ARU_GROUP-2027-001549,2027-07-31,2027-08-02,SIMBANK-ef7aadac013fd07ed5,66516,OPERATING,ARU_GROUP,MODELED_BANK_CLEARING_OF_FORECAST_PAYMENT
base,ARU_GROUP,2027,7,base-ARU_GROUP-2027-001550,EV-base-base-ARU_GROUP-2027-001550,SALE-base-202706-WHS-2025-005,FORECAST,PUBLIC_SYNTHETIC_PLANNING_MODEL,2026-09-06T00:00:00-07:00,PAY-base-base-ARU_GROUP-2027-001550,2027-07-31,2027-08-02,SIMBANK-9d1add09484278d7fd,115480,OPERATING,ARU_GROUP,MODELED_BANK_CLEARING_OF_FORECAST_PAYMENT
base,ARU_GROUP,2027,7,base-ARU_GROUP-2027-001551,EV-base-base-ARU_GROUP-2027-001551,SALE-base-202706-WHS-2025-023,FORECAST,PUBLIC_SYNTHETIC_PLANNING_MODEL,2026-09-06T00:00:00-07:00,PAY-base-base-ARU_GROUP-2027-001551,2027-07-31,2027-08-02,SIMBANK-6cf1996b2b5ff9da2e,61305,OPERATING,ARU_GROUP,MODELED_BANK_CLEARING_OF_FORECAST_PAYMENT
base,ARU_GROUP,2027,7,base-ARU_GROUP-2027-001552,EV-base-base-ARU_GROUP-2027-001552,SALE-base-202706-WHS-2025-024,FORECAST,PUBLIC_SYNTHETIC_PLANNING_MODEL,2026-09-06T00:00:00-07:00,PAY-base-base-ARU_GROUP-2027-001552,2027-07-31,2027-08-02,SIMBANK-50234e3c179da32c22,57027,OPERATING,ARU_GROUP,MODELED_BANK_CLEARING_OF_FORECAST_PAYMENT
base,ARU_GROUP,2027,7,base-ARU_GROUP-2027-001553,EV-base-base-ARU_GROUP-2027-001553,SALE-base-202706-WHS-2025-025,FORECAST,PUBLIC_SYNTHETIC_PLANNING_MODEL,2026-09-06T00:00:00-07:00,PAY-base-base-ARU_GROUP-2027-001553,2027-07-31,2027-08-02,SIMBANK-d9b2efeff653a1fc3d,51325,OPERATING,ARU_GROUP,MODELED_BANK_CLEARING_OF_FORECAST_PAYMENT
base,ARU_GROUP,2027,7,base-ARU_GROUP-2027-001557,EV-base-base-ARU_GROUP-2027-001557,IC-base-202706-acid-BST,FORECAST,PUBLIC_SYNTHETIC_PLANNING_MODEL,2026-09-06T00:00:00-07:00,PAY-base-base-ARU_GROUP-2027-001557,2027-07-31,2027-08-02,SIMBANK-b44aac83558aceaf3d,4845,OPERATING,ARU_GROUP,MODELED_BANK_CLEARING_OF_FORECAST_PAYMENT
base,ARU_GROUP,2027,7,base-ARU_GROUP-2027-001558,EV-base-base-ARU_GROUP-2027-001558,IC-base-202706-acid-TERMINALS,FORECAST,PUBLIC_SYNTHETIC_PLANNING_MODEL,2026-09-06T00:00:00-07:00,PAY-base-base-ARU_GROUP-2027-001558,2027-07-31,2027-08-02,SIMBANK-738531aa902b46a8c9,3570,OPERATING,ARU_GROUP,MODELED_BANK_CLEARING_OF_FORECAST_PAYMENT
base,ARU_GROUP,2027,7,base-ARU_GROUP-2027-001559,EV-base-base-ARU_GROUP-2027-001559,IC-base-202706-acid-TRUCKING,FORECAST,PUBLIC_SYNTHETIC_PLANNING_MODEL,2026-09-06T00:00:00-07:00,PAY-base-base-ARU_GROUP-2027-001559,2027-07-31,2027-08-02,SIMBANK-8ebd704f76bf242a5e,6936,OPERATING,ARU_GROUP,MODELED_BANK_CLEARING_OF_FORECAST_PAYMENT
base,ARU_GROUP,2027,7,base-ARU_GROUP-2027-001560,EV-base-base-ARU_GROUP-2027-001560,IC-base-202706-binder-BST,FORECAST,PUBLIC_SYNTHETIC_PLANNING_MODEL,2026-09-06T00:00:00-07:00,PAY-base-base-ARU_GROUP-2027-001560,2027-07-31,2027-08-02,SIMBANK-272bb1ad74c5654967,4335,OPERATING,ARU_GROUP,MODELED_BANK_CLEARING_OF_FORECAST_PAYMENT
base,ARU_GROUP,2027,7,base-ARU_GROUP-2027-001561,EV-base-base-ARU_GROUP-2027-001561,IC-base-202706-binder-TERMINALS,FORECAST,PUBLIC_SYNTHETIC_PLANNING_MODEL,2026-09-06T00:00:00-07:00,PAY-base-base-ARU_GROUP-2027-001561,2027-07-31,2027-08-02,SIMBANK-3d8dbb00a316d95aa2,2040,OPERATING,ARU_GROUP,MODELED_BANK_CLEARING_OF_FORECAST_PAYMENT
base,ARU_GROUP,2027,7,base-ARU_GROUP-2027-001562,EV-base-base-ARU_GROUP-2027-001562,IC-base-202706-binder-TRUCKING,FORECAST,PUBLIC_SYNTHETIC_PLANNING_MODEL,2026-09-06T00:00:00-07:00,PAY-base-base-ARU_GROUP-2027-001562,2027-07-31,2027-08-02,SIMBANK-7772777d8303897604,5814,OPERATING,ARU_GROUP,MODELED_BANK_CLEARING_OF_FORECAST_PAYMENT
base,ARU_GROUP,2027,7,base-ARU_GROUP-2027-001563,EV-base-base-ARU_GROUP-2027-001563,IC-base-202706-lime-BST,FORECAST,PUBLIC_SYNTHETIC_PLANNING_MODEL,2026-09-06T00:00:00-07:00,PAY-base-base-ARU_GROUP-2027-001563,2027-07-31,2027-08-02,SIMBANK-03072fc6860a266daa,867,OPERATING,ARU_GROUP,MODELED_BANK_CLEARING_OF_FORECAST_PAYMENT
base,ARU_GROUP,2027,7,base-ARU_GROUP-2027-001564,EV-base-base-ARU_GROUP-2027-001564,IC-base-202706-lime-TERMINALS,FORECAST,PUBLIC_SYNTHETIC_PLANNING_MODEL,2026-09-06T00:00:00-07:00,PAY-base-base-ARU_GROUP-2027-001564,2027-07-31,2027-08-02,SIMBANK-8e9d4b15138405377c,459,OPERATING,ARU_GROUP,MODELED_BANK_CLEARING_OF_FORECAST_PAYMENT
base,ARU_GROUP,2027,7,base-ARU_GROUP-2027-001565,EV-base-base-ARU_GROUP-2027-001565,IC-base-202706-lime-TRUCKING,FORECAST,PUBLIC_SYNTHETIC_PLANNING_MODEL,2026-09-06T00:00:00-07:00,PAY-base-base-ARU_GROUP-2027-001565,2027-07-31,2027-08-02,SIMBANK-4d54d93de41a6aa77e,1224,OPERATING,ARU_GROUP,MODELED_BANK_CLEARING_OF_FORECAST_PAYMENT
base,ARU_GROUP,2027,7,base-ARU_GROUP-2027-001566,EV-base-base-ARU_GROUP-2027-001566,IC-base-202706-mro-BST,FORECAST,PUBLIC_SYNTHETIC_PLANNING_MODEL,2026-09-06T00:00:00-07:00,PAY-base-base-ARU_GROUP-2027-001566,2027-07-31,2027-08-02,SIMBANK-52f6bb95fdfc36b317,765,OPERATING,ARU_GROUP,MODELED_BANK_CLEARING_OF_FORECAST_PAYMENT
base,ARU_GROUP,2027,7,base-ARU_GROUP-2027-001567,EV-base-base-ARU_GROUP-2027-001567,IC-base-202706-mro-TERMINALS,FORECAST,PUBLIC_SYNTHETIC_PLANNING_MODEL,2026-09-06T00:00:00-07:00,PAY-base-base-ARU_GROUP-2027-001567,2027-07-31,2027-08-02,SIMBANK-901149ca0e7bcd6487,510,OPERATING,ARU_GROUP,MODELED_BANK_CLEARING_OF_FORECAST_PAYMENT
base,ARU_GROUP,2027,7,base-ARU_GROUP-2027-001568,EV-base-base-ARU_GROUP-2027-001568,IC-base-202706-mro-TRUCKING,FORECAST,PUBLIC_SYNTHETIC_PLANNING_MODEL,2026-09-06T00:00:00-07:00,PAY-base-base-ARU_GROUP-2027-001568,2027-07-31,2027-08-02,SIMBANK-830a6a67019a8b32e0,663,OPERATING,ARU_GROUP,MODELED_BANK_CLEARING_OF_FORECAST_PAYMENT
base,ARU_GROUP,2027,7,base-ARU_GROUP-2027-001569,EV-base-base-ARU_GROUP-2027-001569,IC-base-202706-project-BST,FORECAST,PUBLIC_SYNTHETIC_PLANNING_MODEL,2026-09-06T00:00:00-07:00,PAY-base-base-ARU_GROUP-2027-001569,2027-07-31,2027-08-02,SIMBANK-876438ba9453bfd9a3,1428,OPERATING,ARU_GROUP,MODELED_BANK_CLEARING_OF_FORECAST_PAYMENT
base,ARU_GROUP,2027,7,base-ARU_GROUP-2027-001570,EV-base-base-ARU_GROUP-2027-001570,IC-base-202706-project-TERMINALS,FORECAST,PUBLIC_SYNTHETIC_PLANNING_MODEL,2026-09-06T00:00:00-07:00,PAY-base-base-ARU_GROUP-2027-001570,2027-07-31,2027-08-02,SIMBANK-8200f0154500b31773,1428,OPERATING,ARU_GROUP,MODELED_BANK_CLEARING_OF_FORECAST_PAYMENT
base,ARU_GROUP,2027,7,base-ARU_GROUP-2027-001571,EV-base-base-ARU_GROUP-2027-001571,IC-base-202706-project-TRUCKING,FORECAST,PUBLIC_SYNTHETIC_PLANNING_MODEL,2026-09-06T00:00:00-07:00,PAY-base-base-ARU_GROUP-2027-001571,2027-07-31,2027-08-02,SIMBANK-4c72e18790beacd454,1836,OPERATING,ARU_GROUP,MODELED_BANK_CLEARING_OF_FORECAST_PAYMENT
base,ARU_GROUP,2027,7,base-ARU_GROUP-2027-001572,EV-base-base-ARU_GROUP-2027-001572,IC-base-202706-steel-BST,FORECAST,PUBLIC_SYNTHETIC_PLANNING_MODEL,2026-09-06T00:00:00-07:00,PAY-base-base-ARU_GROUP-2027-001572,2027-07-31,2027-08-02,SIMBANK-6856df01088f668587,1938,OPERATING,ARU_GROUP,MODELED_BANK_CLEARING_OF_FORECAST_PAYMENT
base,ARU_GROUP,2027,7,base-ARU_GROUP-2027-001573,EV-base-base-ARU_GROUP-2027-001573,IC-base-202706-steel-TERMINALS,FORECAST,PUBLIC_SYNTHETIC_PLANNING_MODEL,2026-09-06T00:00:00-07:00,PAY-base-base-ARU_GROUP-2027-001573,2027-07-31,2027-08-02,SIMBANK-86613210acedb4beaa,1326,OPERATING,ARU_GROUP,MODELED_BANK_CLEARING_OF_FORECAST_PAYMENT
base,ARU_GROUP,2027,7,base-ARU_GROUP-2027-001574,EV-base-base-ARU_GROUP-2027-001574,IC-base-202706-steel-TRUCKING,FORECAST,PUBLIC_SYNTHETIC_PLANNING_MODEL,2026-09-06T00:00:00-07:00,PAY-base-base-ARU_GROUP-2027-001574,2027-07-31,2027-08-02,SIMBANK-13185f0e5db0648bb8,2295,OPERATING,ARU_GROUP,MODELED_BANK_CLEARING_OF_FORECAST_PAYMENT
base,ARU_GROUP,2027,7,base-ARU_GROUP-2027-001576,EV-base-base-ARU_GROUP-2027-001576,PAYROLL-base-202707-ARU,FORECAST,PUBLIC_SYNTHETIC_PLANNING_MODEL,2026-09-06T00:00:00-07:00,PAY-base-base-ARU_GROUP-2027-001576,2027-07-31,2027-08-02,SIMBANK-d0e884090a1ad7d90b,-144008,OPERATING,ARU_GROUP,MODELED_BANK_CLEARING_OF_FORECAST_PAYMENT
base,ARU_GROUP,2027,7,base-ARU_GROUP-2027-001577,EV-base-base-ARU_GROUP-2027-001577,PAYROLL-base-202707-BST,FORECAST,PUBLIC_SYNTHETIC_PLANNING_MODEL,2026-09-06T00:00:00-07:00,PAY-base-base-ARU_GROUP-2027-001577,2027-07-31,2027-08-02,SIMBANK-68cd3b1dd05095ebeb,-516154,OPERATING,ARU_GROUP,MODELED_BANK_CLEARING_OF_FORECAST_PAYMENT
base,ARU_GROUP,2027,7,base-ARU_GROUP-2027-001578,EV-base-base-ARU_GROUP-2027-001578,PAYROLL-base-202707-TERMINALS,FORECAST,PUBLIC_SYNTHETIC_PLANNING_MODEL,2026-09-06T00:00:00-07:00,PAY-base-base-ARU_GROUP-2027-001578,2027-07-31,2027-08-02,SIMBANK-018f961d779e9aef24,-200784,OPERATING,ARU_GROUP,MODELED_BANK_CLEARING_OF_FORECAST_PAYMENT
base,ARU_GROUP,2027,7,base-ARU_GROUP-2027-001579,EV-base-base-ARU_GROUP-2027-001579,PAYROLL-base-202707-TRUCKING,FORECAST,PUBLIC_SYNTHETIC_PLANNING_MODEL,2026-09-06T00:00:00-07:00,PAY-base-base-ARU_GROUP-2027-001579,2027-07-31,2027-08-02,SIMBANK-6df0638c7405a760ba,-194118,OPERATING,ARU_GROUP,MODELED_BANK_CLEARING_OF_FORECAST_PAYMENT
base,ARU_GROUP,2027,7,base-ARU_GROUP-2027-001580,EV-base-base-ARU_GROUP-2027-001580,PAYROLL-base-202707-WAREHOUSE,FORECAST,PUBLIC_SYNTHETIC_PLANNING_MODEL,2026-09-06T00:00:00-07:00,PAY-base-base-ARU_GROUP-2027-001580,2027-07-31,2027-08-02,SIMBANK-1de05d0a998097e661,-92175,OPERATING,ARU_GROUP,MODELED_BANK_CLEARING_OF_FORECAST_PAYMENT
base,ARU_GROUP,2027,7,base-ARU_GROUP-2027-001581,EV-base-base-ARU_GROUP-2027-001581,INTEREST-202707,FORECAST,PUBLIC_SYNTHETIC_PLANNING_MODEL,2026-09-06T00:00:00-07:00,PAY-base-base-ARU_GROUP-2027-001581,2027-07-31,2027-08-02,SIMBANK-f6a56789164845413e,-126769,OPERATING,ARU_GROUP,MODELED_BANK_CLEARING_OF_FORECAST_PAYMENT
base,ARU_GROUP,2027,7,base-ARU_GROUP-2027-001582,EV-base-base-ARU_GROUP-2027-001582,LEASE-202707,FORECAST,PUBLIC_SYNTHETIC_PLANNING_MODEL,2026-09-06T00:00:00-07:00,PAY-base-base-ARU_GROUP-2027-001582,2027-07-31,2027-08-02,SIMBANK-5f75fb85ed0c5d0df7,-41667,FINANCING,ARU_GROUP,MODELED_BANK_CLEARING_OF_FORECAST_PAYMENT
base,ARU_GROUP,2027,7,base-ARU_GROUP-2027-001583,EV-base-base-ARU_GROUP-2027-001583,LEGACY-TERM-202707,FORECAST,PUBLIC_SYNTHETIC_PLANNING_MODEL,2026-09-06T00:00:00-07:00,PAY-base-base-ARU_GROUP-2027-001583,2027-07-31,2027-08-02,SIMBANK-f839d576e54d052528,-375000,FINANCING,ARU_GROUP,MODELED_BANK_CLEARING_OF_FORECAST_PAYMENT
base,ARU_GROUP,2027,7,base-ARU_GROUP-2027-001584,EV-base-base-ARU_GROUP-2027-001584,IC-base-202707-acid-BST-COST,FORECAST,PUBLIC_SYNTHETIC_PLANNING_MODEL,2026-09-06T00:00:00-07:00,PAY-base-base-ARU_GROUP-2027-001584,2027-07-31,2027-08-02,SIMBANK-969496d523e6642932,-1689,OPERATING,ARU_GROUP,MODELED_BANK_CLEARING_OF_FORECAST_PAYMENT
base,ARU_GROUP,2027,7,base-ARU_GROUP-2027-001585,EV-base-base-ARU_GROUP-2027-001585,IC-base-202707-acid-TERMINALS-COST,FORECAST,PUBLIC_SYNTHETIC_PLANNING_MODEL,2026-09-06T00:00:00-07:00,PAY-base-base-ARU_GROUP-2027-001585,2027-07-31,2027-08-02,SIMBANK-fa0b61829c05650178,-1607,OPERATING,ARU_GROUP,MODELED_BANK_CLEARING_OF_FORECAST_PAYMENT
base,ARU_GROUP,2027,7,base-ARU_GROUP-2027-001586,EV-base-base-ARU_GROUP-2027-001586,IC-base-202707-acid-TRUCKING-COST,FORECAST,PUBLIC_SYNTHETIC_PLANNING_MODEL,2026-09-06T00:00:00-07:00,PAY-base-base-ARU_GROUP-2027-001586,2027-07-31,2027-08-02,SIMBANK-603d6cf2e858c78e69,-3790,OPERATING,ARU_GROUP,MODELED_BANK_CLEARING_OF_FORECAST_PAYMENT
base,ARU_GROUP,2027,7,base-ARU_GROUP-2027-001587,EV-base-base-ARU_GROUP-2027-001587,IC-base-202707-binder-BST-COST,FORECAST,PUBLIC_SYNTHETIC_PLANNING_MODEL,2026-09-06T00:00:00-07:00,PAY-base-base-ARU_GROUP-2027-001587,2027-07-31,2027-08-02,SIMBANK-fcf5ba48b17fdf7876,-2225,OPERATING,ARU_GROUP,MODELED_BANK_CLEARING_OF_FORECAST_PAYMENT
base,ARU_GROUP,2027,7,base-ARU_GROUP-2027-001588,EV-base-base-ARU_GROUP-2027-001588,IC-base-202707-binder-TERMINALS-COST,FORECAST,PUBLIC_SYNTHETIC_PLANNING_MODEL,2026-09-06T00:00:00-07:00,PAY-base-base-ARU_GROUP-2027-001588,2027-07-31,2027-08-02,SIMBANK-7221462081a2f0002b,-1421,OPERATING,ARU_GROUP,MODELED_BANK_CLEARING_OF_FORECAST_PAYMENT
base,ARU_GROUP,2027,7,base-ARU_GROUP-2027-001589,EV-base-base-ARU_GROUP-2027-001589,IC-base-202707-binder-TRUCKING-COST,FORECAST,PUBLIC_SYNTHETIC_PLANNING_MODEL,2026-09-06T00:00:00-07:00,PAY-base-base-ARU_GROUP-2027-001589,2027-07-31,2027-08-02,SIMBANK-85f6ce77fae7c2afce,-4697,OPERATING,ARU_GROUP,MODELED_BANK_CLEARING_OF_FORECAST_PAYMENT
base,ARU_GROUP,2027,7,base-ARU_GROUP-2027-001590,EV-base-base-ARU_GROUP-2027-001590,IC-base-202707-lime-BST-COST,FORECAST,PUBLIC_SYNTHETIC_PLANNING_MODEL,2026-09-06T00:00:00-07:00,PAY-base-base-ARU_GROUP-2027-001590,2027-07-31,2027-08-02,SIMBANK-d9ab45aa1f9fff932f,-371,OPERATING,ARU_GROUP,MODELED_BANK_CLEARING_OF_FORECAST_PAYMENT
base,ARU_GROUP,2027,7,base-ARU_GROUP-2027-001591,EV-base-base-ARU_GROUP-2027-001591,IC-base-202707-lime-TERMINALS-COST,FORECAST,PUBLIC_SYNTHETIC_PLANNING_MODEL,2026-09-06T00:00:00-07:00,PAY-base-base-ARU_GROUP-2027-001591,2027-07-31,2027-08-02,SIMBANK-978a06d0a8fb29c1be,-258,OPERATING,ARU_GROUP,MODELED_BANK_CLEARING_OF_FORECAST_PAYMENT
base,ARU_GROUP,2027,7,base-ARU_GROUP-2027-001592,EV-base-base-ARU_GROUP-2027-001592,IC-base-202707-lime-TRUCKING-COST,FORECAST,PUBLIC_SYNTHETIC_PLANNING_MODEL,2026-09-06T00:00:00-07:00,PAY-base-base-ARU_GROUP-2027-001592,2027-07-31,2027-08-02,SIMBANK-3b98dd4110dee9e590,-824,OPERATING,ARU_GROUP,MODELED_BANK_CLEARING_OF_FORECAST_PAYMENT
base,ARU_GROUP,2027,7,base-ARU_GROUP-2027-001593,EV-base-base-ARU_GROUP-2027-001593,IC-base-202707-mro-BST-COST,FORECAST,PUBLIC_SYNTHETIC_PLANNING_MODEL,2026-09-06T00:00:00-07:00,PAY-base-base-ARU_GROUP-2027-001593,2027-07-31,2027-08-02,SIMBANK-8834d0e7871ebf4bac,-309,OPERATING,ARU_GROUP,MODELED_BANK_CLEARING_OF_FORECAST_PAYMENT
base,ARU_GROUP,2027,7,base-ARU_GROUP-2027-001594,EV-base-base-ARU_GROUP-2027-001594,IC-base-202707-mro-TERMINALS-COST,FORECAST,PUBLIC_SYNTHETIC_PLANNING_MODEL,2026-09-06T00:00:00-07:00,PAY-base-base-ARU_GROUP-2027-001594,2027-07-31,2027-08-02,SIMBANK-f06aaf17d217048c49,-299,OPERATING,ARU_GROUP,MODELED_BANK_CLEARING_OF_FORECAST_PAYMENT
base,ARU_GROUP,2027,7,base-ARU_GROUP-2027-001595,EV-base-base-ARU_GROUP-2027-001595,IC-base-202707-mro-TRUCKING-COST,FORECAST,PUBLIC_SYNTHETIC_PLANNING_MODEL,2026-09-06T00:00:00-07:00,PAY-base-base-ARU_GROUP-2027-001595,2027-07-31,2027-08-02,SIMBANK-39cf50ace5570d1bcf,-453,OPERATING,ARU_GROUP,MODELED_BANK_CLEARING_OF_FORECAST_PAYMENT
base,ARU_GROUP,2027,7,base-ARU_GROUP-2027-001596,EV-base-base-ARU_GROUP-2027-001596,IC-base-202707-project-BST-COST,FORECAST,PUBLIC_SYNTHETIC_PLANNING_MODEL,2026-09-06T00:00:00-07:00,PAY-base-base-ARU_GROUP-2027-001596,2027-07-31,2027-08-02,SIMBANK-5bbb0f7b7c5dca3a48,-670,OPERATING,ARU_GROUP,MODELED_BANK_CLEARING_OF_FORECAST_PAYMENT
base,ARU_GROUP,2027,7,base-ARU_GROUP-2027-001597,EV-base-base-ARU_GROUP-2027-001597,IC-base-202707-project-TERMINALS-COST,FORECAST,PUBLIC_SYNTHETIC_PLANNING_MODEL,2026-09-06T00:00:00-07:00,PAY-base-base-ARU_GROUP-2027-001597,2027-07-31,2027-08-02,SIMBANK-74f043ed59b0c464c9,-824,OPERATING,ARU_GROUP,MODELED_BANK_CLEARING_OF_FORECAST_PAYMENT
base,ARU_GROUP,2027,7,base-ARU_GROUP-2027-001598,EV-base-base-ARU_GROUP-2027-001598,IC-base-202707-project-TRUCKING-COST,FORECAST,PUBLIC_SYNTHETIC_PLANNING_MODEL,2026-09-06T00:00:00-07:00,PAY-base-base-ARU_GROUP-2027-001598,2027-07-31,2027-08-02,SIMBANK-31f87e3b02ee023f82,-1339,OPERATING,ARU_GROUP,MODELED_BANK_CLEARING_OF_FORECAST_PAYMENT
base,ARU_GROUP,2027,7,base-ARU_GROUP-2027-001599,EV-base-base-ARU_GROUP-2027-001599,IC-base-202707-steel-BST-COST,FORECAST,PUBLIC_SYNTHETIC_PLANNING_MODEL,2026-09-06T00:00:00-07:00,PAY-base-base-ARU_GROUP-2027-001599,2027-07-31,2027-08-02,SIMBANK-9d733397db5c3b2ee4,-886,OPERATING,ARU_GROUP,MODELED_BANK_CLEARING_OF_FORECAST_PAYMENT
base,ARU_GROUP,2027,7,base-ARU_GROUP-2027-001600,EV-base-base-ARU_GROUP-2027-001600,IC-base-202707-steel-TERMINALS-COST,FORECAST,PUBLIC_SYNTHETIC_PLANNING_MODEL,2026-09-06T00:00:00-07:00,PAY-base-base-ARU_GROUP-2027-001600,2027-07-31,2027-08-02,SIMBANK-fd17ea07ff0ba71769,-762,OPERATING,ARU_GROUP,MODELED_BANK_CLEARING_OF_FORECAST_PAYMENT
base,ARU_GROUP,2027,7,base-ARU_GROUP-2027-001601,EV-base-base-ARU_GROUP-2027-001601,IC-base-202707-steel-TRUCKING-COST,FORECAST,PUBLIC_SYNTHETIC_PLANNING_MODEL,2026-09-06T00:00:00-07:00,PAY-base-base-ARU_GROUP-2027-001601,2027-07-31,2027-08-02,SIMBANK-15f6ec896b7f96f075,-1545,OPERATING,ARU_GROUP,MODELED_BANK_CLEARING_OF_FORECAST_PAYMENT
base,ARU_GROUP,2027,7,base-ARU_GROUP-2027-001602,EV-base-base-ARU_GROUP-2027-001602,IF-FIXED-base-202707-BST,FORECAST,PUBLIC_SYNTHETIC_PLANNING_MODEL,2026-09-06T00:00:00-07:00,PAY-base-base-ARU_GROUP-2027-001602,2027-07-31,2027-08-02,SIMBANK-8e41356d197183637a,-1030,OPERATING,ARU_GROUP,MODELED_BANK_CLEARING_OF_FORECAST_PAYMENT
base,ARU_GROUP,2027,7,base-ARU_GROUP-2027-001603,EV-base-base-ARU_GROUP-2027-001603,IF-FIXED-base-202707-TERMINALS,FORECAST,PUBLIC_SYNTHETIC_PLANNING_MODEL,2026-09-06T00:00:00-07:00,PAY-base-base-ARU_GROUP-2027-001603,2027-07-31,2027-08-02,SIMBANK-c72a94a9fdfb06f5c5,-2060,OPERATING,ARU_GROUP,MODELED_BANK_CLEARING_OF_FORECAST_PAYMENT
base,ARU_GROUP,2027,7,base-ARU_GROUP-2027-001604,EV-base-base-ARU_GROUP-2027-001604,IF-FIXED-base-202707-TRUCKING,FORECAST,PUBLIC_SYNTHETIC_PLANNING_MODEL,2026-09-06T00:00:00-07:00,PAY-base-base-ARU_GROUP-2027-001604,2027-07-31,2027-08-02,SIMBANK-18938af92d674a4e16,-1030,OPERATING,ARU_GROUP,MODELED_BANK_CLEARING_OF_FORECAST_PAYMENT
base,ARU_GROUP,2027,7,base-ARU_GROUP-2027-001605,EV-base-base-ARU_GROUP-2027-001605,PROC-base-202706-ARU-INS,FORECAST,PUBLIC_SYNTHETIC_PLANNING_MODEL,2026-09-06T00:00:00-07:00,PAY-base-base-ARU_GROUP-2027-001605,2027-07-31,2027-08-02,SIMBANK-962ff3f6703db5e974,-9744,OPERATING,ARU_GROUP,MODELED_BANK_CLEARING_OF_FORECAST_PAYMENT
base,ARU_GROUP,2027,7,base-ARU_GROUP-2027-001606,EV-base-base-ARU_GROUP-2027-001606,PROC-base-202706-ARU-MAINT,FORECAST,PUBLIC_SYNTHETIC_PLANNING_MODEL,2026-09-06T00:00:00-07:00,PAY-base-base-ARU_GROUP-2027-001606,2027-07-31,2027-08-02,SIMBANK-dfde7f06bd51c24810,-12180,OPERATING,ARU_GROUP,MODELED_BANK_CLEARING_OF_FORECAST_PAYMENT
base,ARU_GROUP,2027,7,base-ARU_GROUP-2027-001607,EV-base-base-ARU_GROUP-2027-001607,PROC-base-202706-ARU-MAT,FORECAST,PUBLIC_SYNTHETIC_PLANNING_MODEL,2026-09-06T00:00:00-07:00,PAY-base-base-ARU_GROUP-2027-001607,2027-07-31,2027-08-02,SIMBANK-cf8feec9e15e31610f,-12180,OPERATING,ARU_GROUP,MODELED_BANK_CLEARING_OF_FORECAST_PAYMENT
base,ARU_GROUP,2027,7,base-ARU_GROUP-2027-001608,EV-base-base-ARU_GROUP-2027-001608,PROC-base-202706-ARU-OCC,FORECAST,PUBLIC_SYNTHETIC_PLANNING_MODEL,2026-09-06T00:00:00-07:00,PAY-base-base-ARU_GROUP-2027-001608,2027-07-31,2027-08-02,SIMBANK-c9b595822dc642eb2e,-9745,OPERATING,ARU_GROUP,MODELED_BANK_CLEARING_OF_FORECAST_PAYMENT
base,ARU_GROUP,2027,7,base-ARU_GROUP-2027-001609,EV-base-base-ARU_GROUP-2027-001609,PROC-base-202706-ARU-SERV,FORECAST,PUBLIC_SYNTHETIC_PLANNING_MODEL,2026-09-06T00:00:00-07:00,PAY-base-base-ARU_GROUP-2027-001609,2027-07-31,2027-08-02,SIMBANK-c44b5b4fa1be1d2b5d,-4872,OPERATING,ARU_GROUP,MODELED_BANK_CLEARING_OF_FORECAST_PAYMENT
base,ARU_GROUP,2027,7,base-ARU_GROUP-2027-001610,EV-base-base-ARU_GROUP-2027-001610,PROC-base-202706-BST-INS,FORECAST,PUBLIC_SYNTHETIC_PLANNING_MODEL,2026-09-06T00:00:00-07:00,PAY-base-base-ARU_GROUP-2027-001610,2027-07-31,2027-08-02,SIMBANK-4ec6ab7ee7d5d24e93,-110191,OPERATING,ARU_GROUP,MODELED_BANK_CLEARING_OF_FORECAST_PAYMENT
base,ARU_GROUP,2027,7,base-ARU_GROUP-2027-001611,EV-base-base-ARU_GROUP-2027-001611,PROC-base-202706-BST-MAINT,FORECAST,PUBLIC_SYNTHETIC_PLANNING_MODEL,2026-09-06T00:00:00-07:00,PAY-base-base-ARU_GROUP-2027-001611,2027-07-31,2027-08-02,SIMBANK-f6752cc0caaa32054d,-170256,OPERATING,ARU_GROUP,MODELED_BANK_CLEARING_OF_FORECAST_PAYMENT
base,ARU_GROUP,2027,7,base-ARU_GROUP-2027-001612,EV-base-base-ARU_GROUP-2027-001612,PROC-base-202706-BST-MAT,FORECAST,PUBLIC_SYNTHETIC_PLANNING_MODEL,2026-09-06T00:00:00-07:00,PAY-base-base-ARU_GROUP-2027-001612,2027-07-31,2027-08-02,SIMBANK-c786f7a00c225c6f4a,-141460,OPERATING,ARU_GROUP,MODELED_BANK_CLEARING_OF_FORECAST_PAYMENT
base,ARU_GROUP,2027,7,base-ARU_GROUP-2027-001613,EV-base-base-ARU_GROUP-2027-001613,PROC-base-202706-BST-OCC,FORECAST,PUBLIC_SYNTHETIC_PLANNING_MODEL,2026-09-06T00:00:00-07:00,PAY-base-base-ARU_GROUP-2027-001613,2027-07-31,2027-08-02,SIMBANK-5c2971281c620ef9ff,-118446,OPERATING,ARU_GROUP,MODELED_BANK_CLEARING_OF_FORECAST_PAYMENT
base,ARU_GROUP,2027,7,base-ARU_GROUP-2027-001614,EV-base-base-ARU_GROUP-2027-001614,PROC-base-202706-BST-SERV,FORECAST,PUBLIC_SYNTHETIC_PLANNING_MODEL,2026-09-06T00:00:00-07:00,PAY-base-base-ARU_GROUP-2027-001614,2027-07-31,2027-08-02,SIMBANK-9e7e3e6e3a4752959a,-134235,OPERATING,ARU_GROUP,MODELED_BANK_CLEARING_OF_FORECAST_PAYMENT
base,ARU_GROUP,2027,7,base-ARU_GROUP-2027-001615,EV-base-base-ARU_GROUP-2027-001615,PROC-base-202706-TERMINALS-INS,FORECAST,PUBLIC_SYNTHETIC_PLANNING_MODEL,2026-09-06T00:00:00-07:00,PAY-base-base-ARU_GROUP-2027-001615,2027-07-31,2027-08-02,SIMBANK-42f50161314aaa8516,-77962,OPERATING,ARU_GROUP,MODELED_BANK_CLEARING_OF_FORECAST_PAYMENT
base,ARU_GROUP,2027,7,base-ARU_GROUP-2027-001616,EV-base-base-ARU_GROUP-2027-001616,PROC-base-202706-TERMINALS-MAINT,FORECAST,PUBLIC_SYNTHETIC_PLANNING_MODEL,2026-09-06T00:00:00-07:00,PAY-base-base-ARU_GROUP-2027-001616,2027-07-31,2027-08-02,SIMBANK-4e19e136bad03500f7,-136186,OPERATING,ARU_GROUP,MODELED_BANK_CLEARING_OF_FORECAST_PAYMENT
base,ARU_GROUP,2027,7,base-ARU_GROUP-2027-001617,EV-base-base-ARU_GROUP-2027-001617,PROC-base-202706-TERMINALS-MAT,FORECAST,PUBLIC_SYNTHETIC_PLANNING_MODEL,2026-09-06T00:00:00-07:00,PAY-base-base-ARU_GROUP-2027-001617,2027-07-31,2027-08-02,SIMBANK-c9968e4e46b8739851,-141187,OPERATING,ARU_GROUP,MODELED_BANK_CLEARING_OF_FORECAST_PAYMENT
base,ARU_GROUP,2027,7,base-ARU_GROUP-2027-001618,EV-base-base-ARU_GROUP-2027-001618,PROC-base-202706-TERMINALS-OCC,FORECAST,PUBLIC_SYNTHETIC_PLANNING_MODEL,2026-09-06T00:00:00-07:00,PAY-base-base-ARU_GROUP-2027-001618,2027-07-31,2027-08-02,SIMBANK-657bdf06ac71b6bfd8,-105448,OPERATING,ARU_GROUP,MODELED_BANK_CLEARING_OF_FORECAST_PAYMENT
base,ARU_GROUP,2027,7,base-ARU_GROUP-2027-001619,EV-base-base-ARU_GROUP-2027-001619,PROC-base-202706-TERMINALS-SERV,FORECAST,PUBLIC_SYNTHETIC_PLANNING_MODEL,2026-09-06T00:00:00-07:00,PAY-base-base-ARU_GROUP-2027-001619,2027-07-31,2027-08-02,SIMBANK-2d1bf940d3e4f92d27,-80587,OPERATING,ARU_GROUP,MODELED_BANK_CLEARING_OF_FORECAST_PAYMENT
base,ARU_GROUP,2027,7,base-ARU_GROUP-2027-001620,EV-base-base-ARU_GROUP-2027-001620,PROC-base-202706-TRUCKING-INS,FORECAST,PUBLIC_SYNTHETIC_PLANNING_MODEL,2026-09-06T00:00:00-07:00,PAY-base-base-ARU_GROUP-2027-001620,2027-07-31,2027-08-02,SIMBANK-b9ee51926aaf7cec41,-30804,OPERATING,ARU_GROUP,MODELED_BANK_CLEARING_OF_FORECAST_PAYMENT
base,ARU_GROUP,2027,7,base-ARU_GROUP-2027-001621,EV-base-base-ARU_GROUP-2027-001621,PROC-base-202706-TRUCKING-MAINT,FORECAST,PUBLIC_SYNTHETIC_PLANNING_MODEL,2026-09-06T00:00:00-07:00,PAY-base-base-ARU_GROUP-2027-001621,2027-07-31,2027-08-02,SIMBANK-4d2c524103cc7922ca,-80707,OPERATING,ARU_GROUP,MODELED_BANK_CLEARING_OF_FORECAST_PAYMENT
base,ARU_GROUP,2027,7,base-ARU_GROUP-2027-001622,EV-base-base-ARU_GROUP-2027-001622,PROC-base-202706-TRUCKING-MAT,FORECAST,PUBLIC_SYNTHETIC_PLANNING_MODEL,2026-09-06T00:00:00-07:00,PAY-base-base-ARU_GROUP-2027-001622,2027-07-31,2027-08-02,SIMBANK-730b81c2172531faf9,-117129,OPERATING,ARU_GROUP,MODELED_BANK_CLEARING_OF_FORECAST_PAYMENT
base,ARU_GROUP,2027,7,base-ARU_GROUP-2027-001623,EV-base-base-ARU_GROUP-2027-001623,PROC-base-202706-TRUCKING-OCC,FORECAST,PUBLIC_SYNTHETIC_PLANNING_MODEL,2026-09-06T00:00:00-07:00,PAY-base-base-ARU_GROUP-2027-001623,2027-07-31,2027-08-02,SIMBANK-38b78167fddc4ad81a,-62495,OPERATING,ARU_GROUP,MODELED_BANK_CLEARING_OF_FORECAST_PAYMENT
base,ARU_GROUP,2027,7,base-ARU_GROUP-2027-001624,EV-base-base-ARU_GROUP-2027-001624,PROC-base-202706-TRUCKING-SERV,FORECAST,PUBLIC_SYNTHETIC_PLANNING_MODEL,2026-09-06T00:00:00-07:00,PAY-base-base-ARU_GROUP-2027-001624,2027-07-31,2027-08-02,SIMBANK-c9f871f2db580bfd76,-31839,OPERATING,ARU_GROUP,MODELED_BANK_CLEARING_OF_FORECAST_PAYMENT
base,ARU_GROUP,2027,7,base-ARU_GROUP-2027-001625,EV-base-base-ARU_GROUP-2027-001625,PROC-base-202706-WAREHOUSE-INS,FORECAST,PUBLIC_SYNTHETIC_PLANNING_MODEL,2026-09-06T00:00:00-07:00,PAY-base-base-ARU_GROUP-2027-001625,2027-07-31,2027-08-02,SIMBANK-94e708be74c7067375,-26223,OPERATING,ARU_GROUP,MODELED_BANK_CLEARING_OF_FORECAST_PAYMENT
base,ARU_GROUP,2027,7,base-ARU_GROUP-2027-001626,EV-base-base-ARU_GROUP-2027-001626,PROC-base-202706-WAREHOUSE-MAINT,FORECAST,PUBLIC_SYNTHETIC_PLANNING_MODEL,2026-09-06T00:00:00-07:00,PAY-base-base-ARU_GROUP-2027-001626,2027-07-31,2027-08-02,SIMBANK-babe94a850a3cc207a,-36647,OPERATING,ARU_GROUP,MODELED_BANK_CLEARING_OF_FORECAST_PAYMENT
base,ARU_GROUP,2027,7,base-ARU_GROUP-2027-001627,EV-base-base-ARU_GROUP-2027-001627,PROC-base-202706-WAREHOUSE-MAT,FORECAST,PUBLIC_SYNTHETIC_PLANNING_MODEL,2026-09-06T00:00:00-07:00,PAY-base-base-ARU_GROUP-2027-001627,2027-07-31,2027-08-02,SIMBANK-c6b0a787ebf3a2ef77,-66487,OPERATING,ARU_GROUP,MODELED_BANK_CLEARING_OF_FORECAST_PAYMENT
base,ARU_GROUP,2027,7,base-ARU_GROUP-2027-001628,EV-base-base-ARU_GROUP-2027-001628,PROC-base-202706-WAREHOUSE-OCC,FORECAST,PUBLIC_SYNTHETIC_PLANNING_MODEL,2026-09-06T00:00:00-07:00,PAY-base-base-ARU_GROUP-2027-001628,2027-07-31,2027-08-02,SIMBANK-f4fcc8cc4a5b5ddfe7,-26601,OPERATING,ARU_GROUP,MODELED_BANK_CLEARING_OF_FORECAST_PAYMENT
base,ARU_GROUP,2027,7,base-ARU_GROUP-2027-001629,EV-base-base-ARU_GROUP-2027-001629,PROC-base-202706-WAREHOUSE-SERV,FORECAST,PUBLIC_SYNTHETIC_PLANNING_MODEL,2026-09-06T00:00:00-07:00,PAY-base-base-ARU_GROUP-2027-001629,2027-07-31,2027-08-02,SIMBANK-2d7b52842aefbf7952,-27106,OPERATING,ARU_GROUP,MODELED_BANK_CLEARING_OF_FORECAST_PAYMENT
base,ARU_GROUP,2027,7,base-ARU_GROUP-2027-001630,EV-base-base-ARU_GROUP-2027-001630,CAPEX-base-ARU_GROUP-202707-replacement,FORECAST,PUBLIC_SYNTHETIC_PLANNING_MODEL,2026-09-06T00:00:00-07:00,PAY-base-base-ARU_GROUP-2027-001630,2027-07-31,2027-08-02,SIMBANK-fdce9127a7a167334b,-283250,INVESTING,ARU_GROUP,MODELED_BANK_CLEARING_OF_FORECAST_PAYMENT
base,ARU_GROUP,2027,8,base-ARU_GROUP-2027-001751,EV-base-base-ARU_GROUP-2027-001751,SALE-base-202706-BST-2025-001,FORECAST,PUBLIC_SYNTHETIC_PLANNING_MODEL,2026-09-06T00:00:00-07:00,PAY-base-base-ARU_GROUP-2027-001751,2027-08-31,2027-09-02,SIMBANK-d0eb0c122e417c391f,155473,OPERATING,ARU_GROUP,MODELED_BANK_CLEARING_OF_FORECAST_PAYMENT
base,ARU_GROUP,2027,8,base-ARU_GROUP-2027-001752,EV-base-base-ARU_GROUP-2027-001752,SALE-base-202706-BST-2025-006,FORECAST,PUBLIC_SYNTHETIC_PLANNING_MODEL,2026-09-06T00:00:00-07:00,PAY-base-base-ARU_GROUP-2027-001752,2027-08-31,2027-09-02,SIMBANK-504753d58354b0aed1,67149,OPERATING,ARU_GROUP,MODELED_BANK_CLEARING_OF_FORECAST_PAYMENT
base,ARU_GROUP,2027,8,base-ARU_GROUP-2027-001753,EV-base-base-ARU_GROUP-2027-001753,SALE-base-202706-BST-2025-002,FORECAST,PUBLIC_SYNTHETIC_PLANNING_MODEL,2026-09-06T00:00:00-07:00,PAY-base-base-ARU_GROUP-2027-001753,2027-08-31,2027-09-02,SIMBANK-e71905bdd9423ad354,116422,OPERATING,ARU_GROUP,MODELED_BANK_CLEARING_OF_FORECAST_PAYMENT
base,ARU_GROUP,2027,8,base-ARU_GROUP-2027-001754,EV-base-base-ARU_GROUP-2027-001754,SALE-base-202706-BST-2025-007,FORECAST,PUBLIC_SYNTHETIC_PLANNING_MODEL,2026-09-06T00:00:00-07:00,PAY-base-base-ARU_GROUP-2027-001754,2027-08-31,2027-09-02,SIMBANK-34d7eedf8781e1cd06,52075,OPERATING,ARU_GROUP,MODELED_BANK_CLEARING_OF_FORECAST_PAYMENT
base,ARU_GROUP,2027,8,base-ARU_GROUP-2027-001755,EV-base-base-ARU_GROUP-2027-001755,SALE-base-202706-BST-2025-004,FORECAST,PUBLIC_SYNTHETIC_PLANNING_MODEL,2026-09-06T00:00:00-07:00,PAY-base-base-ARU_GROUP-2027-001755,2027-08-31,2027-09-02,SIMBANK-aad1c160063dc1d3c8,59899,OPERATING,ARU_GROUP,MODELED_BANK_CLEARING_OF_FORECAST_PAYMENT
base,ARU_GROUP,2027,8,base-ARU_GROUP-2027-001756,EV-base-base-ARU_GROUP-2027-001756,SALE-base-202706-BST-2025-008,FORECAST,PUBLIC_SYNTHETIC_PLANNING_MODEL,2026-09-06T00:00:00-07:00,PAY-base-base-ARU_GROUP-2027-001756,2027-08-31,2027-09-02,SIMBANK-ffb2462668c44668d2,30502,OPERATING,ARU_GROUP,MODELED_BANK_CLEARING_OF_FORECAST_PAYMENT
base,ARU_GROUP,2027,8,base-ARU_GROUP-2027-001757,EV-base-base-ARU_GROUP-2027-001757,SALE-base-202706-BST-2025-003,FORECAST,PUBLIC_SYNTHETIC_PLANNING_MODEL,2026-09-06T00:00:00-07:00,PAY-base-base-ARU_GROUP-2027-001757,2027-08-31,2027-09-02,SIMBANK-6d5b35c61b45ca1348,70964,OPERATING,ARU_GROUP,MODELED_BANK_CLEARING_OF_FORECAST_PAYMENT
base,ARU_GROUP,2027,8,base-ARU_GROUP-2027-001758,EV-base-base-ARU_GROUP-2027-001758,SALE-base-202706-BST-2025-009,FORECAST,PUBLIC_SYNTHETIC_PLANNING_MODEL,2026-09-06T00:00:00-07:00,PAY-base-base-ARU_GROUP-2027-001758,2027-08-31,2027-09-02,SIMBANK-b6128e8531427014c5,37540,OPERATING,ARU_GROUP,MODELED_BANK_CLEARING_OF_FORECAST_PAYMENT
base,ARU_GROUP,2027,8,base-ARU_GROUP-2027-001759,EV-base-base-ARU_GROUP-2027-001759,SALE-base-202706-BST-2025-010,FORECAST,PUBLIC_SYNTHETIC_PLANNING_MODEL,2026-09-06T00:00:00-07:00,PAY-base-base-ARU_GROUP-2027-001759,2027-08-31,2027-09-02,SIMBANK-d9bffde24538ca7fe0,34569,OPERATING,ARU_GROUP,MODELED_BANK_CLEARING_OF_FORECAST_PAYMENT
base,ARU_GROUP,2027,8,base-ARU_GROUP-2027-001760,EV-base-base-ARU_GROUP-2027-001760,SALE-base-202706-BST-2025-011,FORECAST,PUBLIC_SYNTHETIC_PLANNING_MODEL,2026-09-06T00:00:00-07:00,PAY-base-base-ARU_GROUP-2027-001760,2027-08-31,2027-09-02,SIMBANK-f97011f616bb4da7f6,18955,OPERATING,ARU_GROUP,MODELED_BANK_CLEARING_OF_FORECAST_PAYMENT
base,ARU_GROUP,2027,8,base-ARU_GROUP-2027-001761,EV-base-base-ARU_GROUP-2027-001761,SALE-base-202706-BST-2025-012,FORECAST,PUBLIC_SYNTHETIC_PLANNING_MODEL,2026-09-06T00:00:00-07:00,PAY-base-base-ARU_GROUP-2027-001761,2027-08-31,2027-09-02,SIMBANK-161eace165474ea493,57361,OPERATING,ARU_GROUP,MODELED_BANK_CLEARING_OF_FORECAST_PAYMENT
base,ARU_GROUP,2027,8,base-ARU_GROUP-2027-001762,EV-base-base-ARU_GROUP-2027-001762,SALE-base-202706-BST-2025-013,FORECAST,PUBLIC_SYNTHETIC_PLANNING_MODEL,2026-09-06T00:00:00-07:00,PAY-base-base-ARU_GROUP-2027-001762,2027-08-31,2027-09-02,SIMBANK-963e4a8aa99ef9b1a2,36119,OPERATING,ARU_GROUP,MODELED_BANK_CLEARING_OF_FORECAST_PAYMENT
base,ARU_GROUP,2027,8,base-ARU_GROUP-2027-001763,EV-base-base-ARU_GROUP-2027-001763,SALE-base-202706-TRM-2025-001,FORECAST,PUBLIC_SYNTHETIC_PLANNING_MODEL,2026-09-06T00:00:00-07:00,PAY-base-base-ARU_GROUP-2027-001763,2027-08-31,2027-09-02,SIMBANK-d7c37ceec0fddc7e0d,63915,OPERATING,ARU_GROUP,MODELED_BANK_CLEARING_OF_FORECAST_PAYMENT
base,ARU_GROUP,2027,8,base-ARU_GROUP-2027-001764,EV-base-base-ARU_GROUP-2027-001764,SALE-base-202706-TRM-2025-002,FORECAST,PUBLIC_SYNTHETIC_PLANNING_MODEL,2026-09-06T00:00:00-07:00,PAY-base-base-ARU_GROUP-2027-001764,2027-08-31,2027-09-02,SIMBANK-6cf6b17b31cf980fcf,62146,OPERATING,ARU_GROUP,MODELED_BANK_CLEARING_OF_FORECAST_PAYMENT
base,ARU_GROUP,2027,8,base-ARU_GROUP-2027-001765,EV-base-base-ARU_GROUP-2027-001765,SALE-base-202706-TRM-2025-003,FORECAST,PUBLIC_SYNTHETIC_PLANNING_MODEL,2026-09-06T00:00:00-07:00,PAY-base-base-ARU_GROUP-2027-001765,2027-08-31,2027-09-02,SIMBANK-ed6c45816216f44732,85669,OPERATING,ARU_GROUP,MODELED_BANK_CLEARING_OF_FORECAST_PAYMENT
base,ARU_GROUP,2027,8,base-ARU_GROUP-2027-001766,EV-base-base-ARU_GROUP-2027-001766,SALE-base-202706-TRM-2025-014,FORECAST,PUBLIC_SYNTHETIC_PLANNING_MODEL,2026-09-06T00:00:00-07:00,PAY-base-base-ARU_GROUP-2027-001766,2027-08-31,2027-09-02,SIMBANK-632e12afc458b1c8af,85537,OPERATING,ARU_GROUP,MODELED_BANK_CLEARING_OF_FORECAST_PAYMENT
base,ARU_GROUP,2027,8,base-ARU_GROUP-2027-001767,EV-base-base-ARU_GROUP-2027-001767,SALE-base-202706-TRM-2025-015,FORECAST,PUBLIC_SYNTHETIC_PLANNING_MODEL,2026-09-06T00:00:00-07:00,PAY-base-base-ARU_GROUP-2027-001767,2027-08-31,2027-09-02,SIMBANK-2a2353e1cf5f3b8791,84349,OPERATING,ARU_GROUP,MODELED_BANK_CLEARING_OF_FORECAST_PAYMENT
base,ARU_GROUP,2027,8,base-ARU_GROUP-2027-001768,EV-base-base-ARU_GROUP-2027-001768,SALE-base-202706-TRM-2025-016,FORECAST,PUBLIC_SYNTHETIC_PLANNING_MODEL,2026-09-06T00:00:00-07:00,PAY-base-base-ARU_GROUP-2027-001768,2027-08-31,2027-09-02,SIMBANK-80cc65d1d2feb6ec0c,81735,OPERATING,ARU_GROUP,MODELED_BANK_CLEARING_OF_FORECAST_PAYMENT
base,ARU_GROUP,2027,8,base-ARU_GROUP-2027-001769,EV-base-base-ARU_GROUP-2027-001769,SALE-base-202706-TRM-2025-017,FORECAST,PUBLIC_SYNTHETIC_PLANNING_MODEL,2026-09-06T00:00:00-07:00,PAY-base-base-ARU_GROUP-2027-001769,2027-08-31,2027-09-02,SIMBANK-57778fe05403cabf5f,78409,OPERATING,ARU_GROUP,MODELED_BANK_CLEARING_OF_FORECAST_PAYMENT
base,ARU_GROUP,2027,8,base-ARU_GROUP-2027-001770,EV-base-base-ARU_GROUP-2027-001770,SALE-base-202706-TRM-2025-018,FORECAST,PUBLIC_SYNTHETIC_PLANNING_MODEL,2026-09-06T00:00:00-07:00,PAY-base-base-ARU_GROUP-2027-001770,2027-08-31,2027-09-02,SIMBANK-05bbca5082fb12ea14,76032,OPERATING,ARU_GROUP,MODELED_BANK_CLEARING_OF_FORECAST_PAYMENT
base,ARU_GROUP,2027,8,base-ARU_GROUP-2027-001771,EV-base-base-ARU_GROUP-2027-001771,SALE-base-202706-TRK-2025-004,FORECAST,PUBLIC_SYNTHETIC_PLANNING_MODEL,2026-09-06T00:00:00-07:00,PAY-base-base-ARU_GROUP-2027-001771,2027-08-31,2027-09-02,SIMBANK-4a304b7ea93ff77a6c,68100,OPERATING,ARU_GROUP,MODELED_BANK_CLEARING_OF_FORECAST_PAYMENT
base,ARU_GROUP,2027,8,base-ARU_GROUP-2027-001772,EV-base-base-ARU_GROUP-2027-001772,SALE-base-202706-TRK-2025-019,FORECAST,PUBLIC_SYNTHETIC_PLANNING_MODEL,2026-09-06T00:00:00-07:00,PAY-base-base-ARU_GROUP-2027-001772,2027-08-31,2027-09-02,SIMBANK-eaeef01ef269f9ab12,77338,OPERATING,ARU_GROUP,MODELED_BANK_CLEARING_OF_FORECAST_PAYMENT
base,ARU_GROUP,2027,8,base-ARU_GROUP-2027-001773,EV-base-base-ARU_GROUP-2027-001773,SALE-base-202706-TRK-2025-020,FORECAST,PUBLIC_SYNTHETIC_PLANNING_MODEL,2026-09-06T00:00:00-07:00,PAY-base-base-ARU_GROUP-2027-001773,2027-08-31,2027-09-02,SIMBANK-c5bcc18770a51aec3b,74171,OPERATING,ARU_GROUP,MODELED_BANK_CLEARING_OF_FORECAST_PAYMENT
base,ARU_GROUP,2027,8,base-ARU_GROUP-2027-001774,EV-base-base-ARU_GROUP-2027-001774,SALE-base-202706-TRK-2025-021,FORECAST,PUBLIC_SYNTHETIC_PLANNING_MODEL,2026-09-06T00:00:00-07:00,PAY-base-base-ARU_GROUP-2027-001774,2027-08-31,2027-09-02,SIMBANK-0ad79dd3be92f3ff99,70475,OPERATING,ARU_GROUP,MODELED_BANK_CLEARING_OF_FORECAST_PAYMENT
base,ARU_GROUP,2027,8,base-ARU_GROUP-2027-001775,EV-base-base-ARU_GROUP-2027-001775,SALE-base-202706-TRK-2025-022,FORECAST,PUBLIC_SYNTHETIC_PLANNING_MODEL,2026-09-06T00:00:00-07:00,PAY-base-base-ARU_GROUP-2027-001775,2027-08-31,2027-09-02,SIMBANK-416bc7be0d1963f215,66516,OPERATING,ARU_GROUP,MODELED_BANK_CLEARING_OF_FORECAST_PAYMENT
base,ARU_GROUP,2027,8,base-ARU_GROUP-2027-001776,EV-base-base-ARU_GROUP-2027-001776,SALE-base-202706-WHS-2025-005,FORECAST,PUBLIC_SYNTHETIC_PLANNING_MODEL,2026-09-06T00:00:00-07:00,PAY-base-base-ARU_GROUP-2027-001776,2027-08-31,2027-09-02,SIMBANK-04f169cd8b73cd62fc,115480,OPERATING,ARU_GROUP,MODELED_BANK_CLEARING_OF_FORECAST_PAYMENT
base,ARU_GROUP,2027,8,base-ARU_GROUP-2027-001777,EV-base-base-ARU_GROUP-2027-001777,SALE-base-202706-WHS-2025-023,FORECAST,PUBLIC_SYNTHETIC_PLANNING_MODEL,2026-09-06T00:00:00-07:00,PAY-base-base-ARU_GROUP-2027-001777,2027-08-31,2027-09-02,SIMBANK-961c8958c89d6be0e1,61304,OPERATING,ARU_GROUP,MODELED_BANK_CLEARING_OF_FORECAST_PAYMENT
base,ARU_GROUP,2027,8,base-ARU_GROUP-2027-001778,EV-base-base-ARU_GROUP-2027-001778,SALE-base-202706-WHS-2025-024,FORECAST,PUBLIC_SYNTHETIC_PLANNING_MODEL,2026-09-06T00:00:00-07:00,PAY-base-base-ARU_GROUP-2027-001778,2027-08-31,2027-09-02,SIMBANK-3d7195098b3ad2da3a,57027,OPERATING,ARU_GROUP,MODELED_BANK_CLEARING_OF_FORECAST_PAYMENT
base,ARU_GROUP,2027,8,base-ARU_GROUP-2027-001779,EV-base-base-ARU_GROUP-2027-001779,SALE-base-202706-WHS-2025-025,FORECAST,PUBLIC_SYNTHETIC_PLANNING_MODEL,2026-09-06T00:00:00-07:00,PAY-base-base-ARU_GROUP-2027-001779,2027-08-31,2027-09-02,SIMBANK-709a2f068ecdadbd3c,51324,OPERATING,ARU_GROUP,MODELED_BANK_CLEARING_OF_FORECAST_PAYMENT
base,ARU_GROUP,2027,8,base-ARU_GROUP-2027-001780,EV-base-base-ARU_GROUP-2027-001780,SALE-base-202707-BST-2025-001,FORECAST,PUBLIC_SYNTHETIC_PLANNING_MODEL,2026-09-06T00:00:00-07:00,PAY-base-base-ARU_GROUP-2027-001780,2027-08-31,2027-09-02,SIMBANK-c96895b2f664a9d96a,155474,OPERATING,ARU_GROUP,MODELED_BANK_CLEARING_OF_FORECAST_PAYMENT
base,ARU_GROUP,2027,8,base-ARU_GROUP-2027-001781,EV-base-base-ARU_GROUP-2027-001781,SALE-base-202707-BST-2025-006,FORECAST,PUBLIC_SYNTHETIC_PLANNING_MODEL,2026-09-06T00:00:00-07:00,PAY-base-base-ARU_GROUP-2027-001781,2027-08-31,2027-09-02,SIMBANK-cb8bb9a0f0d735d9a0,66420,OPERATING,ARU_GROUP,MODELED_BANK_CLEARING_OF_FORECAST_PAYMENT
base,ARU_GROUP,2027,8,base-ARU_GROUP-2027-001782,EV-base-base-ARU_GROUP-2027-001782,SALE-base-202707-BST-2025-002,FORECAST,PUBLIC_SYNTHETIC_PLANNING_MODEL,2026-09-06T00:00:00-07:00,PAY-base-base-ARU_GROUP-2027-001782,2027-08-31,2027-09-02,SIMBANK-7c1f3b2618542d1447,115388,OPERATING,ARU_GROUP,MODELED_BANK_CLEARING_OF_FORECAST_PAYMENT
base,ARU_GROUP,2027,8,base-ARU_GROUP-2027-001783,EV-base-base-ARU_GROUP-2027-001783,SALE-base-202707-BST-2025-007,FORECAST,PUBLIC_SYNTHETIC_PLANNING_MODEL,2026-09-06T00:00:00-07:00,PAY-base-base-ARU_GROUP-2027-001783,2027-08-31,2027-09-02,SIMBANK-57d3e4eb932d0121e1,52075,OPERATING,ARU_GROUP,MODELED_BANK_CLEARING_OF_FORECAST_PAYMENT
base,ARU_GROUP,2027,8,base-ARU_GROUP-2027-001784,EV-base-base-ARU_GROUP-2027-001784,SALE-base-202707-BST-2025-004,FORECAST,PUBLIC_SYNTHETIC_PLANNING_MODEL,2026-09-06T00:00:00-07:00,PAY-base-base-ARU_GROUP-2027-001784,2027-08-31,2027-09-02,SIMBANK-5cab6af00e17a65ee5,59900,OPERATING,ARU_GROUP,MODELED_BANK_CLEARING_OF_FORECAST_PAYMENT
base,ARU_GROUP,2027,8,base-ARU_GROUP-2027-001785,EV-base-base-ARU_GROUP-2027-001785,SALE-base-202707-BST-2025-008,FORECAST,PUBLIC_SYNTHETIC_PLANNING_MODEL,2026-09-06T00:00:00-07:00,PAY-base-base-ARU_GROUP-2027-001785,2027-08-31,2027-09-02,SIMBANK-7912ad99619b1f256a,29839,OPERATING,ARU_GROUP,MODELED_BANK_CLEARING_OF_FORECAST_PAYMENT
base,ARU_GROUP,2027,8,base-ARU_GROUP-2027-001786,EV-base-base-ARU_GROUP-2027-001786,SALE-base-202707-BST-2025-003,FORECAST,PUBLIC_SYNTHETIC_PLANNING_MODEL,2026-09-06T00:00:00-07:00,PAY-base-base-ARU_GROUP-2027-001786,2027-08-31,2027-09-02,SIMBANK-9dd8df119cb82f5553,70965,OPERATING,ARU_GROUP,MODELED_BANK_CLEARING_OF_FORECAST_PAYMENT
base,ARU_GROUP,2027,8,base-ARU_GROUP-2027-001787,EV-base-base-ARU_GROUP-2027-001787,SALE-base-202707-BST-2025-009,FORECAST,PUBLIC_SYNTHETIC_PLANNING_MODEL,2026-09-06T00:00:00-07:00,PAY-base-base-ARU_GROUP-2027-001787,2027-08-31,2027-09-02,SIMBANK-1ec5aaa5ab0f60a5b3,36519,OPERATING,ARU_GROUP,MODELED_BANK_CLEARING_OF_FORECAST_PAYMENT
base,ARU_GROUP,2027,8,base-ARU_GROUP-2027-001788,EV-base-base-ARU_GROUP-2027-001788,SALE-base-202707-BST-2025-010,FORECAST,PUBLIC_SYNTHETIC_PLANNING_MODEL,2026-09-06T00:00:00-07:00,PAY-base-base-ARU_GROUP-2027-001788,2027-08-31,2027-09-02,SIMBANK-5655b9e3f228388402,34570,OPERATING,ARU_GROUP,MODELED_BANK_CLEARING_OF_FORECAST_PAYMENT
base,ARU_GROUP,2027,8,base-ARU_GROUP-2027-001789,EV-base-base-ARU_GROUP-2027-001789,SALE-base-202707-BST-2025-011,FORECAST,PUBLIC_SYNTHETIC_PLANNING_MODEL,2026-09-06T00:00:00-07:00,PAY-base-base-ARU_GROUP-2027-001789,2027-08-31,2027-09-02,SIMBANK-6d0f5ee7105a3787d3,18266,OPERATING,ARU_GROUP,MODELED_BANK_CLEARING_OF_FORECAST_PAYMENT
base,ARU_GROUP,2027,8,base-ARU_GROUP-2027-001790,EV-base-base-ARU_GROUP-2027-001790,SALE-base-202707-BST-2025-012,FORECAST,PUBLIC_SYNTHETIC_PLANNING_MODEL,2026-09-06T00:00:00-07:00,PAY-base-base-ARU_GROUP-2027-001790,2027-08-31,2027-09-02,SIMBANK-7dd390346bdc5ba021,56494,OPERATING,ARU_GROUP,MODELED_BANK_CLEARING_OF_FORECAST_PAYMENT
base,ARU_GROUP,2027,8,base-ARU_GROUP-2027-001791,EV-base-base-ARU_GROUP-2027-001791,SALE-base-202707-BST-2025-013,FORECAST,PUBLIC_SYNTHETIC_PLANNING_MODEL,2026-09-06T00:00:00-07:00,PAY-base-base-ARU_GROUP-2027-001791,2027-08-31,2027-09-02,SIMBANK-564c82bba741468cdb,36120,OPERATING,ARU_GROUP,MODELED_BANK_CLEARING_OF_FORECAST_PAYMENT
base,ARU_GROUP,2027,8,base-ARU_GROUP-2027-001792,EV-base-base-ARU_GROUP-2027-001792,SALE-base-202707-TRM-2025-001,FORECAST,PUBLIC_SYNTHETIC_PLANNING_MODEL,2026-09-06T00:00:00-07:00,PAY-base-base-ARU_GROUP-2027-001792,2027-08-31,2027-09-02,SIMBANK-1e105d5595c8d25b1a,63915,OPERATING,ARU_GROUP,MODELED_BANK_CLEARING_OF_FORECAST_PAYMENT
base,ARU_GROUP,2027,8,base-ARU_GROUP-2027-001793,EV-base-base-ARU_GROUP-2027-001793,SALE-base-202707-TRM-2025-002,FORECAST,PUBLIC_SYNTHETIC_PLANNING_MODEL,2026-09-06T00:00:00-07:00,PAY-base-base-ARU_GROUP-2027-001793,2027-08-31,2027-09-02,SIMBANK-134cfdeedbafa7ae28,62120,OPERATING,ARU_GROUP,MODELED_BANK_CLEARING_OF_FORECAST_PAYMENT
base,ARU_GROUP,2027,8,base-ARU_GROUP-2027-001794,EV-base-base-ARU_GROUP-2027-001794,SALE-base-202707-TRM-2025-003,FORECAST,PUBLIC_SYNTHETIC_PLANNING_MODEL,2026-09-06T00:00:00-07:00,PAY-base-base-ARU_GROUP-2027-001794,2027-08-31,2027-09-02,SIMBANK-c4b7f998f7d65c6bb5,85643,OPERATING,ARU_GROUP,MODELED_BANK_CLEARING_OF_FORECAST_PAYMENT
base,ARU_GROUP,2027,8,base-ARU_GROUP-2027-001795,EV-base-base-ARU_GROUP-2027-001795,SALE-base-202707-TRM-2025-014,FORECAST,PUBLIC_SYNTHETIC_PLANNING_MODEL,2026-09-06T00:00:00-07:00,PAY-base-base-ARU_GROUP-2027-001795,2027-08-31,2027-09-02,SIMBANK-34b5ccb3b1500d1808,85537,OPERATING,ARU_GROUP,MODELED_BANK_CLEARING_OF_FORECAST_PAYMENT
base,ARU_GROUP,2027,8,base-ARU_GROUP-2027-001796,EV-base-base-ARU_GROUP-2027-001796,SALE-base-202707-TRM-2025-015,FORECAST,PUBLIC_SYNTHETIC_PLANNING_MODEL,2026-09-06T00:00:00-07:00,PAY-base-base-ARU_GROUP-2027-001796,2027-08-31,2027-09-02,SIMBANK-ce62409fbc945f396f,84349,OPERATING,ARU_GROUP,MODELED_BANK_CLEARING_OF_FORECAST_PAYMENT
base,ARU_GROUP,2027,8,base-ARU_GROUP-2027-001797,EV-base-base-ARU_GROUP-2027-001797,SALE-base-202707-TRM-2025-016,FORECAST,PUBLIC_SYNTHETIC_PLANNING_MODEL,2026-09-06T00:00:00-07:00,PAY-base-base-ARU_GROUP-2027-001797,2027-08-31,2027-09-02,SIMBANK-c5d4d37c172094a6d2,81735,OPERATING,ARU_GROUP,MODELED_BANK_CLEARING_OF_FORECAST_PAYMENT
base,ARU_GROUP,2027,8,base-ARU_GROUP-2027-001798,EV-base-base-ARU_GROUP-2027-001798,SALE-base-202707-TRM-2025-017,FORECAST,PUBLIC_SYNTHETIC_PLANNING_MODEL,2026-09-06T00:00:00-07:00,PAY-base-base-ARU_GROUP-2027-001798,2027-08-31,2027-09-02,SIMBANK-85bb703215d929c767,78409,OPERATING,ARU_GROUP,MODELED_BANK_CLEARING_OF_FORECAST_PAYMENT
base,ARU_GROUP,2027,8,base-ARU_GROUP-2027-001799,EV-base-base-ARU_GROUP-2027-001799,SALE-base-202707-TRM-2025-018,FORECAST,PUBLIC_SYNTHETIC_PLANNING_MODEL,2026-09-06T00:00:00-07:00,PAY-base-base-ARU_GROUP-2027-001799,2027-08-31,2027-09-02,SIMBANK-cf6191e739cff4ca69,76033,OPERATING,ARU_GROUP,MODELED_BANK_CLEARING_OF_FORECAST_PAYMENT
base,ARU_GROUP,2027,8,base-ARU_GROUP-2027-001800,EV-base-base-ARU_GROUP-2027-001800,SALE-base-202707-TRK-2025-004,FORECAST,PUBLIC_SYNTHETIC_PLANNING_MODEL,2026-09-06T00:00:00-07:00,PAY-base-base-ARU_GROUP-2027-001800,2027-08-31,2027-09-02,SIMBANK-3286c09abed83d6ade,68100,OPERATING,ARU_GROUP,MODELED_BANK_CLEARING_OF_FORECAST_PAYMENT
base,ARU_GROUP,2027,8,base-ARU_GROUP-2027-001801,EV-base-base-ARU_GROUP-2027-001801,SALE-base-202707-TRK-2025-019,FORECAST,PUBLIC_SYNTHETIC_PLANNING_MODEL,2026-09-06T00:00:00-07:00,PAY-base-base-ARU_GROUP-2027-001801,2027-08-31,2027-09-02,SIMBANK-4e28b612f0fcccdbbd,77075,OPERATING,ARU_GROUP,MODELED_BANK_CLEARING_OF_FORECAST_PAYMENT
base,ARU_GROUP,2027,8,base-ARU_GROUP-2027-001802,EV-base-base-ARU_GROUP-2027-001802,SALE-base-202707-TRK-2025-020,FORECAST,PUBLIC_SYNTHETIC_PLANNING_MODEL,2026-09-06T00:00:00-07:00,PAY-base-base-ARU_GROUP-2027-001802,2027-08-31,2027-09-02,SIMBANK-5acb81a60df938c208,74171,OPERATING,ARU_GROUP,MODELED_BANK_CLEARING_OF_FORECAST_PAYMENT
base,ARU_GROUP,2027,8,base-ARU_GROUP-2027-001803,EV-base-base-ARU_GROUP-2027-001803,SALE-base-202707-TRK-2025-021,FORECAST,PUBLIC_SYNTHETIC_PLANNING_MODEL,2026-09-06T00:00:00-07:00,PAY-base-base-ARU_GROUP-2027-001803,2027-08-31,2027-09-02,SIMBANK-476457c0ecd50609a2,70212,OPERATING,ARU_GROUP,MODELED_BANK_CLEARING_OF_FORECAST_PAYMENT
base,ARU_GROUP,2027,8,base-ARU_GROUP-2027-001804,EV-base-base-ARU_GROUP-2027-001804,SALE-base-202707-TRK-2025-022,FORECAST,PUBLIC_SYNTHETIC_PLANNING_MODEL,2026-09-06T00:00:00-07:00,PAY-base-base-ARU_GROUP-2027-001804,2027-08-31,2027-09-02,SIMBANK-c50a01bc059f095321,66516,OPERATING,ARU_GROUP,MODELED_BANK_CLEARING_OF_FORECAST_PAYMENT
base,ARU_GROUP,2027,8,base-ARU_GROUP-2027-001805,EV-base-base-ARU_GROUP-2027-001805,SALE-base-202707-WHS-2025-005,FORECAST,PUBLIC_SYNTHETIC_PLANNING_MODEL,2026-09-06T00:00:00-07:00,PAY-base-base-ARU_GROUP-2027-001805,2027-08-31,2027-09-02,SIMBANK-234242d895553f7a7c,115480,OPERATING,ARU_GROUP,MODELED_BANK_CLEARING_OF_FORECAST_PAYMENT
base,ARU_GROUP,2027,8,base-ARU_GROUP-2027-001806,EV-base-base-ARU_GROUP-2027-001806,SALE-base-202707-WHS-2025-023,FORECAST,PUBLIC_SYNTHETIC_PLANNING_MODEL,2026-09-06T00:00:00-07:00,PAY-base-base-ARU_GROUP-2027-001806,2027-08-31,2027-09-02,SIMBANK-44d9669c5d45e796b7,61305,OPERATING,ARU_GROUP,MODELED_BANK_CLEARING_OF_FORECAST_PAYMENT
base,ARU_GROUP,2027,8,base-ARU_GROUP-2027-001807,EV-base-base-ARU_GROUP-2027-001807,SALE-base-202707-WHS-2025-024,FORECAST,PUBLIC_SYNTHETIC_PLANNING_MODEL,2026-09-06T00:00:00-07:00,PAY-base-base-ARU_GROUP-2027-001807,2027-08-31,2027-09-02,SIMBANK-1a77e2dbecbd6d6463,57027,OPERATING,ARU_GROUP,MODELED_BANK_CLEARING_OF_FORECAST_PAYMENT
base,ARU_GROUP,2027,8,base-ARU_GROUP-2027-001808,EV-base-base-ARU_GROUP-2027-001808,SALE-base-202707-WHS-2025-025,FORECAST,PUBLIC_SYNTHETIC_PLANNING_MODEL,2026-09-06T00:00:00-07:00,PAY-base-base-ARU_GROUP-2027-001808,2027-08-31,2027-09-02,SIMBANK-09ca1b413ba20f5f33,51325,OPERATING,ARU_GROUP,MODELED_BANK_CLEARING_OF_FORECAST_PAYMENT
base,ARU_GROUP,2027,8,base-ARU_GROUP-2027-001812,EV-base-base-ARU_GROUP-2027-001812,IC-base-202707-acid-BST,FORECAST,PUBLIC_SYNTHETIC_PLANNING_MODEL,2026-09-06T00:00:00-07:00,PAY-base-base-ARU_GROUP-2027-001812,2027-08-31,2027-09-02,SIMBANK-87e6bd8772db53d8e6,3876,OPERATING,ARU_GROUP,MODELED_BANK_CLEARING_OF_FORECAST_PAYMENT
base,ARU_GROUP,2027,8,base-ARU_GROUP-2027-001813,EV-base-base-ARU_GROUP-2027-001813,IC-base-202707-acid-TERMINALS,FORECAST,PUBLIC_SYNTHETIC_PLANNING_MODEL,2026-09-06T00:00:00-07:00,PAY-base-base-ARU_GROUP-2027-001813,2027-08-31,2027-09-02,SIMBANK-7cc711f00d1154446b,2856,OPERATING,ARU_GROUP,MODELED_BANK_CLEARING_OF_FORECAST_PAYMENT
base,ARU_GROUP,2027,8,base-ARU_GROUP-2027-001814,EV-base-base-ARU_GROUP-2027-001814,IC-base-202707-acid-TRUCKING,FORECAST,PUBLIC_SYNTHETIC_PLANNING_MODEL,2026-09-06T00:00:00-07:00,PAY-base-base-ARU_GROUP-2027-001814,2027-08-31,2027-09-02,SIMBANK-05c071e3a4b692799d,5549,OPERATING,ARU_GROUP,MODELED_BANK_CLEARING_OF_FORECAST_PAYMENT
base,ARU_GROUP,2027,8,base-ARU_GROUP-2027-001815,EV-base-base-ARU_GROUP-2027-001815,IC-base-202707-binder-BST,FORECAST,PUBLIC_SYNTHETIC_PLANNING_MODEL,2026-09-06T00:00:00-07:00,PAY-base-base-ARU_GROUP-2027-001815,2027-08-31,2027-09-02,SIMBANK-a61a378219abf76959,5202,OPERATING,ARU_GROUP,MODELED_BANK_CLEARING_OF_FORECAST_PAYMENT
base,ARU_GROUP,2027,8,base-ARU_GROUP-2027-001816,EV-base-base-ARU_GROUP-2027-001816,IC-base-202707-binder-TERMINALS,FORECAST,PUBLIC_SYNTHETIC_PLANNING_MODEL,2026-09-06T00:00:00-07:00,PAY-base-base-ARU_GROUP-2027-001816,2027-08-31,2027-09-02,SIMBANK-65eefd4820fd1dd37b,2448,OPERATING,ARU_GROUP,MODELED_BANK_CLEARING_OF_FORECAST_PAYMENT
base,ARU_GROUP,2027,8,base-ARU_GROUP-2027-001817,EV-base-base-ARU_GROUP-2027-001817,IC-base-202707-binder-TRUCKING,FORECAST,PUBLIC_SYNTHETIC_PLANNING_MODEL,2026-09-06T00:00:00-07:00,PAY-base-base-ARU_GROUP-2027-001817,2027-08-31,2027-09-02,SIMBANK-49025378d47ce1cabd,6977,OPERATING,ARU_GROUP,MODELED_BANK_CLEARING_OF_FORECAST_PAYMENT
base,ARU_GROUP,2027,8,base-ARU_GROUP-2027-001818,EV-base-base-ARU_GROUP-2027-001818,IC-base-202707-lime-BST,FORECAST,PUBLIC_SYNTHETIC_PLANNING_MODEL,2026-09-06T00:00:00-07:00,PAY-base-base-ARU_GROUP-2027-001818,2027-08-31,2027-09-02,SIMBANK-f6d8fad0c32e4f1a6c,867,OPERATING,ARU_GROUP,MODELED_BANK_CLEARING_OF_FORECAST_PAYMENT
base,ARU_GROUP,2027,8,base-ARU_GROUP-2027-001819,EV-base-base-ARU_GROUP-2027-001819,IC-base-202707-lime-TERMINALS,FORECAST,PUBLIC_SYNTHETIC_PLANNING_MODEL,2026-09-06T00:00:00-07:00,PAY-base-base-ARU_GROUP-2027-001819,2027-08-31,2027-09-02,SIMBANK-116ccff85a15a6c4dc,459,OPERATING,ARU_GROUP,MODELED_BANK_CLEARING_OF_FORECAST_PAYMENT
base,ARU_GROUP,2027,8,base-ARU_GROUP-2027-001820,EV-base-base-ARU_GROUP-2027-001820,IC-base-202707-lime-TRUCKING,FORECAST,PUBLIC_SYNTHETIC_PLANNING_MODEL,2026-09-06T00:00:00-07:00,PAY-base-base-ARU_GROUP-2027-001820,2027-08-31,2027-09-02,SIMBANK-2e41d124d353a6d236,1224,OPERATING,ARU_GROUP,MODELED_BANK_CLEARING_OF_FORECAST_PAYMENT
base,ARU_GROUP,2027,8,base-ARU_GROUP-2027-001821,EV-base-base-ARU_GROUP-2027-001821,IC-base-202707-mro-BST,FORECAST,PUBLIC_SYNTHETIC_PLANNING_MODEL,2026-09-06T00:00:00-07:00,PAY-base-base-ARU_GROUP-2027-001821,2027-08-31,2027-09-02,SIMBANK-997969b0ca78d32162,765,OPERATING,ARU_GROUP,MODELED_BANK_CLEARING_OF_FORECAST_PAYMENT
base,ARU_GROUP,2027,8,base-ARU_GROUP-2027-001822,EV-base-base-ARU_GROUP-2027-001822,IC-base-202707-mro-TERMINALS,FORECAST,PUBLIC_SYNTHETIC_PLANNING_MODEL,2026-09-06T00:00:00-07:00,PAY-base-base-ARU_GROUP-2027-001822,2027-08-31,2027-09-02,SIMBANK-496a0f12b1caad10fd,510,OPERATING,ARU_GROUP,MODELED_BANK_CLEARING_OF_FORECAST_PAYMENT
base,ARU_GROUP,2027,8,base-ARU_GROUP-2027-001823,EV-base-base-ARU_GROUP-2027-001823,IC-base-202707-mro-TRUCKING,FORECAST,PUBLIC_SYNTHETIC_PLANNING_MODEL,2026-09-06T00:00:00-07:00,PAY-base-base-ARU_GROUP-2027-001823,2027-08-31,2027-09-02,SIMBANK-c437adc82cdcc96361,663,OPERATING,ARU_GROUP,MODELED_BANK_CLEARING_OF_FORECAST_PAYMENT
base,ARU_GROUP,2027,8,base-ARU_GROUP-2027-001824,EV-base-base-ARU_GROUP-2027-001824,IC-base-202707-project-BST,FORECAST,PUBLIC_SYNTHETIC_PLANNING_MODEL,2026-09-06T00:00:00-07:00,PAY-base-base-ARU_GROUP-2027-001824,2027-08-31,2027-09-02,SIMBANK-7b9b04da835932b03b,1428,OPERATING,ARU_GROUP,MODELED_BANK_CLEARING_OF_FORECAST_PAYMENT
base,ARU_GROUP,2027,8,base-ARU_GROUP-2027-001825,EV-base-base-ARU_GROUP-2027-001825,IC-base-202707-project-TERMINALS,FORECAST,PUBLIC_SYNTHETIC_PLANNING_MODEL,2026-09-06T00:00:00-07:00,PAY-base-base-ARU_GROUP-2027-001825,2027-08-31,2027-09-02,SIMBANK-1ac26ed9461fb33372,1428,OPERATING,ARU_GROUP,MODELED_BANK_CLEARING_OF_FORECAST_PAYMENT
base,ARU_GROUP,2027,8,base-ARU_GROUP-2027-001826,EV-base-base-ARU_GROUP-2027-001826,IC-base-202707-project-TRUCKING,FORECAST,PUBLIC_SYNTHETIC_PLANNING_MODEL,2026-09-06T00:00:00-07:00,PAY-base-base-ARU_GROUP-2027-001826,2027-08-31,2027-09-02,SIMBANK-035695fc4dc9f852dc,1836,OPERATING,ARU_GROUP,MODELED_BANK_CLEARING_OF_FORECAST_PAYMENT
base,ARU_GROUP,2027,8,base-ARU_GROUP-2027-001827,EV-base-base-ARU_GROUP-2027-001827,IC-base-202707-steel-BST,FORECAST,PUBLIC_SYNTHETIC_PLANNING_MODEL,2026-09-06T00:00:00-07:00,PAY-base-base-ARU_GROUP-2027-001827,2027-08-31,2027-09-02,SIMBANK-81e19a292fe78e448a,1938,OPERATING,ARU_GROUP,MODELED_BANK_CLEARING_OF_FORECAST_PAYMENT
base,ARU_GROUP,2027,8,base-ARU_GROUP-2027-001828,EV-base-base-ARU_GROUP-2027-001828,IC-base-202707-steel-TERMINALS,FORECAST,PUBLIC_SYNTHETIC_PLANNING_MODEL,2026-09-06T00:00:00-07:00,PAY-base-base-ARU_GROUP-2027-001828,2027-08-31,2027-09-02,SIMBANK-58ca3aa2b81073a232,1326,OPERATING,ARU_GROUP,MODELED_BANK_CLEARING_OF_FORECAST_PAYMENT
base,ARU_GROUP,2027,8,base-ARU_GROUP-2027-001829,EV-base-base-ARU_GROUP-2027-001829,IC-base-202707-steel-TRUCKING,FORECAST,PUBLIC_SYNTHETIC_PLANNING_MODEL,2026-09-06T00:00:00-07:00,PAY-base-base-ARU_GROUP-2027-001829,2027-08-31,2027-09-02,SIMBANK-e03102648f4ba1de1b,2295,OPERATING,ARU_GROUP,MODELED_BANK_CLEARING_OF_FORECAST_PAYMENT
base,ARU_GROUP,2027,8,base-ARU_GROUP-2027-001831,EV-base-base-ARU_GROUP-2027-001831,PAYROLL-base-202708-ARU,FORECAST,PUBLIC_SYNTHETIC_PLANNING_MODEL,2026-09-06T00:00:00-07:00,PAY-base-base-ARU_GROUP-2027-001831,2027-08-31,2027-09-02,SIMBANK-777990949f130ecee5,-144008,OPERATING,ARU_GROUP,MODELED_BANK_CLEARING_OF_FORECAST_PAYMENT
base,ARU_GROUP,2027,8,base-ARU_GROUP-2027-001832,EV-base-base-ARU_GROUP-2027-001832,PAYROLL-base-202708-BST,FORECAST,PUBLIC_SYNTHETIC_PLANNING_MODEL,2026-09-06T00:00:00-07:00,PAY-base-base-ARU_GROUP-2027-001832,2027-08-31,2027-09-02,SIMBANK-eb12b4f7f1f22f93e4,-516154,OPERATING,ARU_GROUP,MODELED_BANK_CLEARING_OF_FORECAST_PAYMENT
base,ARU_GROUP,2027,8,base-ARU_GROUP-2027-001833,EV-base-base-ARU_GROUP-2027-001833,PAYROLL-base-202708-TERMINALS,FORECAST,PUBLIC_SYNTHETIC_PLANNING_MODEL,2026-09-06T00:00:00-07:00,PAY-base-base-ARU_GROUP-2027-001833,2027-08-31,2027-09-02,SIMBANK-460cafa85103bc11bb,-200784,OPERATING,ARU_GROUP,MODELED_BANK_CLEARING_OF_FORECAST_PAYMENT
base,ARU_GROUP,2027,8,base-ARU_GROUP-2027-001834,EV-base-base-ARU_GROUP-2027-001834,PAYROLL-base-202708-TRUCKING,FORECAST,PUBLIC_SYNTHETIC_PLANNING_MODEL,2026-09-06T00:00:00-07:00,PAY-base-base-ARU_GROUP-2027-001834,2027-08-31,2027-09-02,SIMBANK-f415bb8a32d924b636,-194118,OPERATING,ARU_GROUP,MODELED_BANK_CLEARING_OF_FORECAST_PAYMENT
base,ARU_GROUP,2027,8,base-ARU_GROUP-2027-001835,EV-base-base-ARU_GROUP-2027-001835,PAYROLL-base-202708-WAREHOUSE,FORECAST,PUBLIC_SYNTHETIC_PLANNING_MODEL,2026-09-06T00:00:00-07:00,PAY-base-base-ARU_GROUP-2027-001835,2027-08-31,2027-09-02,SIMBANK-e65c07e23bfdfaa857,-92175,OPERATING,ARU_GROUP,MODELED_BANK_CLEARING_OF_FORECAST_PAYMENT
base,ARU_GROUP,2027,8,base-ARU_GROUP-2027-001836,EV-base-base-ARU_GROUP-2027-001836,INTEREST-202708,FORECAST,PUBLIC_SYNTHETIC_PLANNING_MODEL,2026-09-06T00:00:00-07:00,PAY-base-base-ARU_GROUP-2027-001836,2027-08-31,2027-09-02,SIMBANK-6a56c5603d52f91844,-124442,OPERATING,ARU_GROUP,MODELED_BANK_CLEARING_OF_FORECAST_PAYMENT
base,ARU_GROUP,2027,8,base-ARU_GROUP-2027-001837,EV-base-base-ARU_GROUP-2027-001837,LEASE-202708,FORECAST,PUBLIC_SYNTHETIC_PLANNING_MODEL,2026-09-06T00:00:00-07:00,PAY-base-base-ARU_GROUP-2027-001837,2027-08-31,2027-09-02,SIMBANK-2d8e82d46e80c906a5,-41667,FINANCING,ARU_GROUP,MODELED_BANK_CLEARING_OF_FORECAST_PAYMENT
base,ARU_GROUP,2027,8,base-ARU_GROUP-2027-001838,EV-base-base-ARU_GROUP-2027-001838,IC-base-202708-acid-BST-COST,FORECAST,PUBLIC_SYNTHETIC_PLANNING_MODEL,2026-09-06T00:00:00-07:00,PAY-base-base-ARU_GROUP-2027-001838,2027-08-31,2027-09-02,SIMBANK-7f5c56a50cb5624070,-2112,OPERATING,ARU_GROUP,MODELED_BANK_CLEARING_OF_FORECAST_PAYMENT
base,ARU_GROUP,2027,8,base-ARU_GROUP-2027-001839,EV-base-base-ARU_GROUP-2027-001839,IC-base-202708-acid-TERMINALS-COST,FORECAST,PUBLIC_SYNTHETIC_PLANNING_MODEL,2026-09-06T00:00:00-07:00,PAY-base-base-ARU_GROUP-2027-001839,2027-08-31,2027-09-02,SIMBANK-19f83b14fe5894c41b,-2009,OPERATING,ARU_GROUP,MODELED_BANK_CLEARING_OF_FORECAST_PAYMENT
base,ARU_GROUP,2027,8,base-ARU_GROUP-2027-001840,EV-base-base-ARU_GROUP-2027-001840,IC-base-202708-acid-TRUCKING-COST,FORECAST,PUBLIC_SYNTHETIC_PLANNING_MODEL,2026-09-06T00:00:00-07:00,PAY-base-base-ARU_GROUP-2027-001840,2027-08-31,2027-09-02,SIMBANK-810999400db5513f2a,-4738,OPERATING,ARU_GROUP,MODELED_BANK_CLEARING_OF_FORECAST_PAYMENT
base,ARU_GROUP,2027,8,base-ARU_GROUP-2027-001841,EV-base-base-ARU_GROUP-2027-001841,IC-base-202708-binder-BST-COST,FORECAST,PUBLIC_SYNTHETIC_PLANNING_MODEL,2026-09-06T00:00:00-07:00,PAY-base-base-ARU_GROUP-2027-001841,2027-08-31,2027-09-02,SIMBANK-b660bf44cd9b3e4eb6,-1854,OPERATING,ARU_GROUP,MODELED_BANK_CLEARING_OF_FORECAST_PAYMENT
base,ARU_GROUP,2027,8,base-ARU_GROUP-2027-001842,EV-base-base-ARU_GROUP-2027-001842,IC-base-202708-binder-TERMINALS-COST,FORECAST,PUBLIC_SYNTHETIC_PLANNING_MODEL,2026-09-06T00:00:00-07:00,PAY-base-base-ARU_GROUP-2027-001842,2027-08-31,2027-09-02,SIMBANK-d5231169fcb6b1205f,-1185,OPERATING,ARU_GROUP,MODELED_BANK_CLEARING_OF_FORECAST_PAYMENT
base,ARU_GROUP,2027,8,base-ARU_GROUP-2027-001843,EV-base-base-ARU_GROUP-2027-001843,IC-base-202708-binder-TRUCKING-COST,FORECAST,PUBLIC_SYNTHETIC_PLANNING_MODEL,2026-09-06T00:00:00-07:00,PAY-base-base-ARU_GROUP-2027-001843,2027-08-31,2027-09-02,SIMBANK-00c6dbd32360493c2b,-3914,OPERATING,ARU_GROUP,MODELED_BANK_CLEARING_OF_FORECAST_PAYMENT
base,ARU_GROUP,2027,8,base-ARU_GROUP-2027-001844,EV-base-base-ARU_GROUP-2027-001844,IC-base-202708-lime-BST-COST,FORECAST,PUBLIC_SYNTHETIC_PLANNING_MODEL,2026-09-06T00:00:00-07:00,PAY-base-base-ARU_GROUP-2027-001844,2027-08-31,2027-09-02,SIMBANK-fb855b575cc29e4546,-371,OPERATING,ARU_GROUP,MODELED_BANK_CLEARING_OF_FORECAST_PAYMENT
base,ARU_GROUP,2027,8,base-ARU_GROUP-2027-001845,EV-base-base-ARU_GROUP-2027-001845,IC-base-202708-lime-TERMINALS-COST,FORECAST,PUBLIC_SYNTHETIC_PLANNING_MODEL,2026-09-06T00:00:00-07:00,PAY-base-base-ARU_GROUP-2027-001845,2027-08-31,2027-09-02,SIMBANK-ebea7b6e8245bb19a3,-258,OPERATING,ARU_GROUP,MODELED_BANK_CLEARING_OF_FORECAST_PAYMENT
base,ARU_GROUP,2027,8,base-ARU_GROUP-2027-001846,EV-base-base-ARU_GROUP-2027-001846,IC-base-202708-lime-TRUCKING-COST,FORECAST,PUBLIC_SYNTHETIC_PLANNING_MODEL,2026-09-06T00:00:00-07:00,PAY-base-base-ARU_GROUP-2027-001846,2027-08-31,2027-09-02,SIMBANK-1aa58832ad652a406f,-824,OPERATING,ARU_GROUP,MODELED_BANK_CLEARING_OF_FORECAST_PAYMENT
base,ARU_GROUP,2027,8,base-ARU_GROUP-2027-001847,EV-base-base-ARU_GROUP-2027-001847,IC-base-202708-mro-BST-COST,FORECAST,PUBLIC_SYNTHETIC_PLANNING_MODEL,2026-09-06T00:00:00-07:00,PAY-base-base-ARU_GROUP-2027-001847,2027-08-31,2027-09-02,SIMBANK-60fbd0cf41365bbbc1,-309,OPERATING,ARU_GROUP,MODELED_BANK_CLEARING_OF_FORECAST_PAYMENT
base,ARU_GROUP,2027,8,base-ARU_GROUP-2027-001848,EV-base-base-ARU_GROUP-2027-001848,IC-base-202708-mro-TERMINALS-COST,FORECAST,PUBLIC_SYNTHETIC_PLANNING_MODEL,2026-09-06T00:00:00-07:00,PAY-base-base-ARU_GROUP-2027-001848,2027-08-31,2027-09-02,SIMBANK-0be712312fda2de13f,-299,OPERATING,ARU_GROUP,MODELED_BANK_CLEARING_OF_FORECAST_PAYMENT
base,ARU_GROUP,2027,8,base-ARU_GROUP-2027-001849,EV-base-base-ARU_GROUP-2027-001849,IC-base-202708-mro-TRUCKING-COST,FORECAST,PUBLIC_SYNTHETIC_PLANNING_MODEL,2026-09-06T00:00:00-07:00,PAY-base-base-ARU_GROUP-2027-001849,2027-08-31,2027-09-02,SIMBANK-367a8a69a9f0741f00,-453,OPERATING,ARU_GROUP,MODELED_BANK_CLEARING_OF_FORECAST_PAYMENT
base,ARU_GROUP,2027,8,base-ARU_GROUP-2027-001850,EV-base-base-ARU_GROUP-2027-001850,IC-base-202708-project-BST-COST,FORECAST,PUBLIC_SYNTHETIC_PLANNING_MODEL,2026-09-06T00:00:00-07:00,PAY-base-base-ARU_GROUP-2027-001850,2027-08-31,2027-09-02,SIMBANK-fb5a3e3c16f3657e4f,-670,OPERATING,ARU_GROUP,MODELED_BANK_CLEARING_OF_FORECAST_PAYMENT
base,ARU_GROUP,2027,8,base-ARU_GROUP-2027-001851,EV-base-base-ARU_GROUP-2027-001851,IC-base-202708-project-TERMINALS-COST,FORECAST,PUBLIC_SYNTHETIC_PLANNING_MODEL,2026-09-06T00:00:00-07:00,PAY-base-base-ARU_GROUP-2027-001851,2027-08-31,2027-09-02,SIMBANK-085384b495989c50b2,-824,OPERATING,ARU_GROUP,MODELED_BANK_CLEARING_OF_FORECAST_PAYMENT
base,ARU_GROUP,2027,8,base-ARU_GROUP-2027-001852,EV-base-base-ARU_GROUP-2027-001852,IC-base-202708-project-TRUCKING-COST,FORECAST,PUBLIC_SYNTHETIC_PLANNING_MODEL,2026-09-06T00:00:00-07:00,PAY-base-base-ARU_GROUP-2027-001852,2027-08-31,2027-09-02,SIMBANK-25d656a025481fd312,-1339,OPERATING,ARU_GROUP,MODELED_BANK_CLEARING_OF_FORECAST_PAYMENT
base,ARU_GROUP,2027,8,base-ARU_GROUP-2027-001853,EV-base-base-ARU_GROUP-2027-001853,IC-base-202708-steel-BST-COST,FORECAST,PUBLIC_SYNTHETIC_PLANNING_MODEL,2026-09-06T00:00:00-07:00,PAY-base-base-ARU_GROUP-2027-001853,2027-08-31,2027-09-02,SIMBANK-1f2b28657d47137282,-886,OPERATING,ARU_GROUP,MODELED_BANK_CLEARING_OF_FORECAST_PAYMENT
base,ARU_GROUP,2027,8,base-ARU_GROUP-2027-001854,EV-base-base-ARU_GROUP-2027-001854,IC-base-202708-steel-TERMINALS-COST,FORECAST,PUBLIC_SYNTHETIC_PLANNING_MODEL,2026-09-06T00:00:00-07:00,PAY-base-base-ARU_GROUP-2027-001854,2027-08-31,2027-09-02,SIMBANK-63f6c760c1adf4d0d0,-762,OPERATING,ARU_GROUP,MODELED_BANK_CLEARING_OF_FORECAST_PAYMENT
base,ARU_GROUP,2027,8,base-ARU_GROUP-2027-001855,EV-base-base-ARU_GROUP-2027-001855,IC-base-202708-steel-TRUCKING-COST,FORECAST,PUBLIC_SYNTHETIC_PLANNING_MODEL,2026-09-06T00:00:00-07:00,PAY-base-base-ARU_GROUP-2027-001855,2027-08-31,2027-09-02,SIMBANK-adaa7046b482919c8c,-1545,OPERATING,ARU_GROUP,MODELED_BANK_CLEARING_OF_FORECAST_PAYMENT
base,ARU_GROUP,2027,8,base-ARU_GROUP-2027-001856,EV-base-base-ARU_GROUP-2027-001856,IF-FIXED-base-202708-BST,FORECAST,PUBLIC_SYNTHETIC_PLANNING_MODEL,2026-09-06T00:00:00-07:00,PAY-base-base-ARU_GROUP-2027-001856,2027-08-31,2027-09-02,SIMBANK-02517b7565ec2e7d36,-1030,OPERATING,ARU_GROUP,MODELED_BANK_CLEARING_OF_FORECAST_PAYMENT
base,ARU_GROUP,2027,8,base-ARU_GROUP-2027-001857,EV-base-base-ARU_GROUP-2027-001857,IF-FIXED-base-202708-TERMINALS,FORECAST,PUBLIC_SYNTHETIC_PLANNING_MODEL,2026-09-06T00:00:00-07:00,PAY-base-base-ARU_GROUP-2027-001857,2027-08-31,2027-09-02,SIMBANK-bf99abee0074939e8a,-2060,OPERATING,ARU_GROUP,MODELED_BANK_CLEARING_OF_FORECAST_PAYMENT
base,ARU_GROUP,2027,8,base-ARU_GROUP-2027-001858,EV-base-base-ARU_GROUP-2027-001858,IF-FIXED-base-202708-TRUCKING,FORECAST,PUBLIC_SYNTHETIC_PLANNING_MODEL,2026-09-06T00:00:00-07:00,PAY-base-base-ARU_GROUP-2027-001858,2027-08-31,2027-09-02,SIMBANK-f1beb9affcd94ac49e,-1030,OPERATING,ARU_GROUP,MODELED_BANK_CLEARING_OF_FORECAST_PAYMENT
base,ARU_GROUP,2027,8,base-ARU_GROUP-2027-001859,EV-base-base-ARU_GROUP-2027-001859,PROC-base-202707-ARU-INS,FORECAST,PUBLIC_SYNTHETIC_PLANNING_MODEL,2026-09-06T00:00:00-07:00,PAY-base-base-ARU_GROUP-2027-001859,2027-08-31,2027-09-02,SIMBANK-907e0d5514f9ccfef6,-9744,OPERATING,ARU_GROUP,MODELED_BANK_CLEARING_OF_FORECAST_PAYMENT
base,ARU_GROUP,2027,8,base-ARU_GROUP-2027-001860,EV-base-base-ARU_GROUP-2027-001860,PROC-base-202707-ARU-MAINT,FORECAST,PUBLIC_SYNTHETIC_PLANNING_MODEL,2026-09-06T00:00:00-07:00,PAY-base-base-ARU_GROUP-2027-001860,2027-08-31,2027-09-02,SIMBANK-659badc969e31ba6d5,-12180,OPERATING,ARU_GROUP,MODELED_BANK_CLEARING_OF_FORECAST_PAYMENT
base,ARU_GROUP,2027,8,base-ARU_GROUP-2027-001861,EV-base-base-ARU_GROUP-2027-001861,PROC-base-202707-ARU-MAT,FORECAST,PUBLIC_SYNTHETIC_PLANNING_MODEL,2026-09-06T00:00:00-07:00,PAY-base-base-ARU_GROUP-2027-001861,2027-08-31,2027-09-02,SIMBANK-56fb4f5de5d5e43d8e,-12180,OPERATING,ARU_GROUP,MODELED_BANK_CLEARING_OF_FORECAST_PAYMENT
base,ARU_GROUP,2027,8,base-ARU_GROUP-2027-001862,EV-base-base-ARU_GROUP-2027-001862,PROC-base-202707-ARU-OCC,FORECAST,PUBLIC_SYNTHETIC_PLANNING_MODEL,2026-09-06T00:00:00-07:00,PAY-base-base-ARU_GROUP-2027-001862,2027-08-31,2027-09-02,SIMBANK-0bb141a08c0da2f724,-9745,OPERATING,ARU_GROUP,MODELED_BANK_CLEARING_OF_FORECAST_PAYMENT
base,ARU_GROUP,2027,8,base-ARU_GROUP-2027-001863,EV-base-base-ARU_GROUP-2027-001863,PROC-base-202707-ARU-SERV,FORECAST,PUBLIC_SYNTHETIC_PLANNING_MODEL,2026-09-06T00:00:00-07:00,PAY-base-base-ARU_GROUP-2027-001863,2027-08-31,2027-09-02,SIMBANK-c95a06923c49a82d4c,-4872,OPERATING,ARU_GROUP,MODELED_BANK_CLEARING_OF_FORECAST_PAYMENT
base,ARU_GROUP,2027,8,base-ARU_GROUP-2027-001864,EV-base-base-ARU_GROUP-2027-001864,PROC-base-202707-BST-INS,FORECAST,PUBLIC_SYNTHETIC_PLANNING_MODEL,2026-09-06T00:00:00-07:00,PAY-base-base-ARU_GROUP-2027-001864,2027-08-31,2027-09-02,SIMBANK-afd2197c5bfbdeea56,-110191,OPERATING,ARU_GROUP,MODELED_BANK_CLEARING_OF_FORECAST_PAYMENT
base,ARU_GROUP,2027,8,base-ARU_GROUP-2027-001865,EV-base-base-ARU_GROUP-2027-001865,PROC-base-202707-BST-MAINT,FORECAST,PUBLIC_SYNTHETIC_PLANNING_MODEL,2026-09-06T00:00:00-07:00,PAY-base-base-ARU_GROUP-2027-001865,2027-08-31,2027-09-02,SIMBANK-cc986487a267523331,-170256,OPERATING,ARU_GROUP,MODELED_BANK_CLEARING_OF_FORECAST_PAYMENT
base,ARU_GROUP,2027,8,base-ARU_GROUP-2027-001866,EV-base-base-ARU_GROUP-2027-001866,PROC-base-202707-BST-MAT,FORECAST,PUBLIC_SYNTHETIC_PLANNING_MODEL,2026-09-06T00:00:00-07:00,PAY-base-base-ARU_GROUP-2027-001866,2027-08-31,2027-09-02,SIMBANK-1401ae975f049aa969,-141460,OPERATING,ARU_GROUP,MODELED_BANK_CLEARING_OF_FORECAST_PAYMENT
base,ARU_GROUP,2027,8,base-ARU_GROUP-2027-001867,EV-base-base-ARU_GROUP-2027-001867,PROC-base-202707-BST-OCC,FORECAST,PUBLIC_SYNTHETIC_PLANNING_MODEL,2026-09-06T00:00:00-07:00,PAY-base-base-ARU_GROUP-2027-001867,2027-08-31,2027-09-02,SIMBANK-7c422d9e6ca7d16d77,-118446,OPERATING,ARU_GROUP,MODELED_BANK_CLEARING_OF_FORECAST_PAYMENT
base,ARU_GROUP,2027,8,base-ARU_GROUP-2027-001868,EV-base-base-ARU_GROUP-2027-001868,PROC-base-202707-BST-SERV,FORECAST,PUBLIC_SYNTHETIC_PLANNING_MODEL,2026-09-06T00:00:00-07:00,PAY-base-base-ARU_GROUP-2027-001868,2027-08-31,2027-09-02,SIMBANK-7042825c582d309be8,-134235,OPERATING,ARU_GROUP,MODELED_BANK_CLEARING_OF_FORECAST_PAYMENT
base,ARU_GROUP,2027,8,base-ARU_GROUP-2027-001869,EV-base-base-ARU_GROUP-2027-001869,PROC-base-202707-TERMINALS-INS,FORECAST,PUBLIC_SYNTHETIC_PLANNING_MODEL,2026-09-06T00:00:00-07:00,PAY-base-base-ARU_GROUP-2027-001869,2027-08-31,2027-09-02,SIMBANK-45fa7c54a7e8f8d325,-77962,OPERATING,ARU_GROUP,MODELED_BANK_CLEARING_OF_FORECAST_PAYMENT
base,ARU_GROUP,2027,8,base-ARU_GROUP-2027-001870,EV-base-base-ARU_GROUP-2027-001870,PROC-base-202707-TERMINALS-MAINT,FORECAST,PUBLIC_SYNTHETIC_PLANNING_MODEL,2026-09-06T00:00:00-07:00,PAY-base-base-ARU_GROUP-2027-001870,2027-08-31,2027-09-02,SIMBANK-dcb0b457bcfdb2c86d,-136186,OPERATING,ARU_GROUP,MODELED_BANK_CLEARING_OF_FORECAST_PAYMENT
base,ARU_GROUP,2027,8,base-ARU_GROUP-2027-001871,EV-base-base-ARU_GROUP-2027-001871,PROC-base-202707-TERMINALS-MAT,FORECAST,PUBLIC_SYNTHETIC_PLANNING_MODEL,2026-09-06T00:00:00-07:00,PAY-base-base-ARU_GROUP-2027-001871,2027-08-31,2027-09-02,SIMBANK-4039cbb84774850a52,-141187,OPERATING,ARU_GROUP,MODELED_BANK_CLEARING_OF_FORECAST_PAYMENT
base,ARU_GROUP,2027,8,base-ARU_GROUP-2027-001872,EV-base-base-ARU_GROUP-2027-001872,PROC-base-202707-TERMINALS-OCC,FORECAST,PUBLIC_SYNTHETIC_PLANNING_MODEL,2026-09-06T00:00:00-07:00,PAY-base-base-ARU_GROUP-2027-001872,2027-08-31,2027-09-02,SIMBANK-97baecc20ef7757950,-105448,OPERATING,ARU_GROUP,MODELED_BANK_CLEARING_OF_FORECAST_PAYMENT
base,ARU_GROUP,2027,8,base-ARU_GROUP-2027-001873,EV-base-base-ARU_GROUP-2027-001873,PROC-base-202707-TERMINALS-SERV,FORECAST,PUBLIC_SYNTHETIC_PLANNING_MODEL,2026-09-06T00:00:00-07:00,PAY-base-base-ARU_GROUP-2027-001873,2027-08-31,2027-09-02,SIMBANK-16876378a56e4da45d,-80587,OPERATING,ARU_GROUP,MODELED_BANK_CLEARING_OF_FORECAST_PAYMENT
base,ARU_GROUP,2027,8,base-ARU_GROUP-2027-001874,EV-base-base-ARU_GROUP-2027-001874,PROC-base-202707-TRUCKING-INS,FORECAST,PUBLIC_SYNTHETIC_PLANNING_MODEL,2026-09-06T00:00:00-07:00,PAY-base-base-ARU_GROUP-2027-001874,2027-08-31,2027-09-02,SIMBANK-2256cf522227543d19,-30804,OPERATING,ARU_GROUP,MODELED_BANK_CLEARING_OF_FORECAST_PAYMENT
base,ARU_GROUP,2027,8,base-ARU_GROUP-2027-001875,EV-base-base-ARU_GROUP-2027-001875,PROC-base-202707-TRUCKING-MAINT,FORECAST,PUBLIC_SYNTHETIC_PLANNING_MODEL,2026-09-06T00:00:00-07:00,PAY-base-base-ARU_GROUP-2027-001875,2027-08-31,2027-09-02,SIMBANK-0c83825709b3ef1a6c,-80707,OPERATING,ARU_GROUP,MODELED_BANK_CLEARING_OF_FORECAST_PAYMENT
base,ARU_GROUP,2027,8,base-ARU_GROUP-2027-001876,EV-base-base-ARU_GROUP-2027-001876,PROC-base-202707-TRUCKING-MAT,FORECAST,PUBLIC_SYNTHETIC_PLANNING_MODEL,2026-09-06T00:00:00-07:00,PAY-base-base-ARU_GROUP-2027-001876,2027-08-31,2027-09-02,SIMBANK-caab78221c425d02f5,-117129,OPERATING,ARU_GROUP,MODELED_BANK_CLEARING_OF_FORECAST_PAYMENT
base,ARU_GROUP,2027,8,base-ARU_GROUP-2027-001877,EV-base-base-ARU_GROUP-2027-001877,PROC-base-202707-TRUCKING-OCC,FORECAST,PUBLIC_SYNTHETIC_PLANNING_MODEL,2026-09-06T00:00:00-07:00,PAY-base-base-ARU_GROUP-2027-001877,2027-08-31,2027-09-02,SIMBANK-767d177178522d115f,-62495,OPERATING,ARU_GROUP,MODELED_BANK_CLEARING_OF_FORECAST_PAYMENT
base,ARU_GROUP,2027,8,base-ARU_GROUP-2027-001878,EV-base-base-ARU_GROUP-2027-001878,PROC-base-202707-TRUCKING-SERV,FORECAST,PUBLIC_SYNTHETIC_PLANNING_MODEL,2026-09-06T00:00:00-07:00,PAY-base-base-ARU_GROUP-2027-001878,2027-08-31,2027-09-02,SIMBANK-425998632500eed549,-31839,OPERATING,ARU_GROUP,MODELED_BANK_CLEARING_OF_FORECAST_PAYMENT
base,ARU_GROUP,2027,8,base-ARU_GROUP-2027-001879,EV-base-base-ARU_GROUP-2027-001879,PROC-base-202707-WAREHOUSE-INS,FORECAST,PUBLIC_SYNTHETIC_PLANNING_MODEL,2026-09-06T00:00:00-07:00,PAY-base-base-ARU_GROUP-2027-001879,2027-08-31,2027-09-02,SIMBANK-7c8c517054fd53d9df,-26223,OPERATING,ARU_GROUP,MODELED_BANK_CLEARING_OF_FORECAST_PAYMENT
base,ARU_GROUP,2027,8,base-ARU_GROUP-2027-001880,EV-base-base-ARU_GROUP-2027-001880,PROC-base-202707-WAREHOUSE-MAINT,FORECAST,PUBLIC_SYNTHETIC_PLANNING_MODEL,2026-09-06T00:00:00-07:00,PAY-base-base-ARU_GROUP-2027-001880,2027-08-31,2027-09-02,SIMBANK-632af905866a796471,-36647,OPERATING,ARU_GROUP,MODELED_BANK_CLEARING_OF_FORECAST_PAYMENT
base,ARU_GROUP,2027,8,base-ARU_GROUP-2027-001881,EV-base-base-ARU_GROUP-2027-001881,PROC-base-202707-WAREHOUSE-MAT,FORECAST,PUBLIC_SYNTHETIC_PLANNING_MODEL,2026-09-06T00:00:00-07:00,PAY-base-base-ARU_GROUP-2027-001881,2027-08-31,2027-09-02,SIMBANK-1032750ed3f447cd79,-66487,OPERATING,ARU_GROUP,MODELED_BANK_CLEARING_OF_FORECAST_PAYMENT
base,ARU_GROUP,2027,8,base-ARU_GROUP-2027-001882,EV-base-base-ARU_GROUP-2027-001882,PROC-base-202707-WAREHOUSE-OCC,FORECAST,PUBLIC_SYNTHETIC_PLANNING_MODEL,2026-09-06T00:00:00-07:00,PAY-base-base-ARU_GROUP-2027-001882,2027-08-31,2027-09-02,SIMBANK-012e96b40c6c001484,-26601,OPERATING,ARU_GROUP,MODELED_BANK_CLEARING_OF_FORECAST_PAYMENT
base,ARU_GROUP,2027,8,base-ARU_GROUP-2027-001883,EV-base-base-ARU_GROUP-2027-001883,PROC-base-202707-WAREHOUSE-SERV,FORECAST,PUBLIC_SYNTHETIC_PLANNING_MODEL,2026-09-06T00:00:00-07:00,PAY-base-base-ARU_GROUP-2027-001883,2027-08-31,2027-09-02,SIMBANK-2ec4b8f68a78d3a751,-27106,OPERATING,ARU_GROUP,MODELED_BANK_CLEARING_OF_FORECAST_PAYMENT
base,ARU_GROUP,2027,8,base-ARU_GROUP-2027-001884,EV-base-base-ARU_GROUP-2027-001884,CAPEX-base-ARU_GROUP-202708-replacement,FORECAST,PUBLIC_SYNTHETIC_PLANNING_MODEL,2026-09-06T00:00:00-07:00,PAY-base-base-ARU_GROUP-2027-001884,2027-08-31,2027-09-02,SIMBANK-216f9c82f7049095b2,-283250,INVESTING,ARU_GROUP,MODELED_BANK_CLEARING_OF_FORECAST_PAYMENT
base,ARU_GROUP,2027,9,base-ARU_GROUP-2027-002006,EV-base-base-ARU_GROUP-2027-002006,SALE-base-202707-BST-2025-001,FORECAST,PUBLIC_SYNTHETIC_PLANNING_MODEL,2026-09-06T00:00:00-07:00,PAY-base-base-ARU_GROUP-2027-002006,2027-09-30,2027-10-02,SIMBANK-35523901df4acab1a1,155473,OPERATING,ARU_GROUP,MODELED_BANK_CLEARING_OF_FORECAST_PAYMENT
base,ARU_GROUP,2027,9,base-ARU_GROUP-2027-002007,EV-base-base-ARU_GROUP-2027-002007,SALE-base-202707-BST-2025-006,FORECAST,PUBLIC_SYNTHETIC_PLANNING_MODEL,2026-09-06T00:00:00-07:00,PAY-base-base-ARU_GROUP-2027-002007,2027-09-30,2027-10-02,SIMBANK-538bb983d1e3930b63,66420,OPERATING,ARU_GROUP,MODELED_BANK_CLEARING_OF_FORECAST_PAYMENT
base,ARU_GROUP,2027,9,base-ARU_GROUP-2027-002008,EV-base-base-ARU_GROUP-2027-002008,SALE-base-202707-BST-2025-002,FORECAST,PUBLIC_SYNTHETIC_PLANNING_MODEL,2026-09-06T00:00:00-07:00,PAY-base-base-ARU_GROUP-2027-002008,2027-09-30,2027-10-02,SIMBANK-41c04e99219b5e7c45,115387,OPERATING,ARU_GROUP,MODELED_BANK_CLEARING_OF_FORECAST_PAYMENT
base,ARU_GROUP,2027,9,base-ARU_GROUP-2027-002009,EV-base-base-ARU_GROUP-2027-002009,SALE-base-202707-BST-2025-007,FORECAST,PUBLIC_SYNTHETIC_PLANNING_MODEL,2026-09-06T00:00:00-07:00,PAY-base-base-ARU_GROUP-2027-002009,2027-09-30,2027-10-02,SIMBANK-e38a5197146dfb3c39,52075,OPERATING,ARU_GROUP,MODELED_BANK_CLEARING_OF_FORECAST_PAYMENT
base,ARU_GROUP,2027,9,base-ARU_GROUP-2027-002010,EV-base-base-ARU_GROUP-2027-002010,SALE-base-202707-BST-2025-004,FORECAST,PUBLIC_SYNTHETIC_PLANNING_MODEL,2026-09-06T00:00:00-07:00,PAY-base-base-ARU_GROUP-2027-002010,2027-09-30,2027-10-02,SIMBANK-0462a98e94889202cf,59899,OPERATING,ARU_GROUP,MODELED_BANK_CLEARING_OF_FORECAST_PAYMENT
base,ARU_GROUP,2027,9,base-ARU_GROUP-2027-002011,EV-base-base-ARU_GROUP-2027-002011,SALE-base-202707-BST-2025-008,FORECAST,PUBLIC_SYNTHETIC_PLANNING_MODEL,2026-09-06T00:00:00-07:00,PAY-base-base-ARU_GROUP-2027-002011,2027-09-30,2027-10-02,SIMBANK-e462d5eee42347e773,29839,OPERATING,ARU_GROUP,MODELED_BANK_CLEARING_OF_FORECAST_PAYMENT
base,ARU_GROUP,2027,9,base-ARU_GROUP-2027-002012,EV-base-base-ARU_GROUP-2027-002012,SALE-base-202707-BST-2025-003,FORECAST,PUBLIC_SYNTHETIC_PLANNING_MODEL,2026-09-06T00:00:00-07:00,PAY-base-base-ARU_GROUP-2027-002012,2027-09-30,2027-10-02,SIMBANK-dc627af064038ece5d,70964,OPERATING,ARU_GROUP,MODELED_BANK_CLEARING_OF_FORECAST_PAYMENT
base,ARU_GROUP,2027,9,base-ARU_GROUP-2027-002013,EV-base-base-ARU_GROUP-2027-002013,SALE-base-202707-BST-2025-009,FORECAST,PUBLIC_SYNTHETIC_PLANNING_MODEL,2026-09-06T00:00:00-07:00,PAY-base-base-ARU_GROUP-2027-002013,2027-09-30,2027-10-02,SIMBANK-3755f133b2fb3ac105,36519,OPERATING,ARU_GROUP,MODELED_BANK_CLEARING_OF_FORECAST_PAYMENT
base,ARU_GROUP,2027,9,base-ARU_GROUP-2027-002014,EV-base-base-ARU_GROUP-2027-002014,SALE-base-202707-BST-2025-010,FORECAST,PUBLIC_SYNTHETIC_PLANNING_MODEL,2026-09-06T00:00:00-07:00,PAY-base-base-ARU_GROUP-2027-002014,2027-09-30,2027-10-02,SIMBANK-6585d8b1a5cff33471,34569,OPERATING,ARU_GROUP,MODELED_BANK_CLEARING_OF_FORECAST_PAYMENT
base,ARU_GROUP,2027,9,base-ARU_GROUP-2027-002015,EV-base-base-ARU_GROUP-2027-002015,SALE-base-202707-BST-2025-011,FORECAST,PUBLIC_SYNTHETIC_PLANNING_MODEL,2026-09-06T00:00:00-07:00,PAY-base-base-ARU_GROUP-2027-002015,2027-09-30,2027-10-02,SIMBANK-a18be4feab0e0efb6b,18266,OPERATING,ARU_GROUP,MODELED_BANK_CLEARING_OF_FORECAST_PAYMENT
base,ARU_GROUP,2027,9,base-ARU_GROUP-2027-002016,EV-base-base-ARU_GROUP-2027-002016,SALE-base-202707-BST-2025-012,FORECAST,PUBLIC_SYNTHETIC_PLANNING_MODEL,2026-09-06T00:00:00-07:00,PAY-base-base-ARU_GROUP-2027-002016,2027-09-30,2027-10-02,SIMBANK-a8935e86b220a42a4f,56494,OPERATING,ARU_GROUP,MODELED_BANK_CLEARING_OF_FORECAST_PAYMENT
base,ARU_GROUP,2027,9,base-ARU_GROUP-2027-002017,EV-base-base-ARU_GROUP-2027-002017,SALE-base-202707-BST-2025-013,FORECAST,PUBLIC_SYNTHETIC_PLANNING_MODEL,2026-09-06T00:00:00-07:00,PAY-base-base-ARU_GROUP-2027-002017,2027-09-30,2027-10-02,SIMBANK-5dfd7233ab65f3d1e9,36119,OPERATING,ARU_GROUP,MODELED_BANK_CLEARING_OF_FORECAST_PAYMENT
base,ARU_GROUP,2027,9,base-ARU_GROUP-2027-002018,EV-base-base-ARU_GROUP-2027-002018,SALE-base-202707-TRM-2025-001,FORECAST,PUBLIC_SYNTHETIC_PLANNING_MODEL,2026-09-06T00:00:00-07:00,PAY-base-base-ARU_GROUP-2027-002018,2027-09-30,2027-10-02,SIMBANK-a38c7ed7036301d167,63915,OPERATING,ARU_GROUP,MODELED_BANK_CLEARING_OF_FORECAST_PAYMENT
base,ARU_GROUP,2027,9,base-ARU_GROUP-2027-002019,EV-base-base-ARU_GROUP-2027-002019,SALE-base-202707-TRM-2025-002,FORECAST,PUBLIC_SYNTHETIC_PLANNING_MODEL,2026-09-06T00:00:00-07:00,PAY-base-base-ARU_GROUP-2027-002019,2027-09-30,2027-10-02,SIMBANK-4f6304edf18a37cd61,62120,OPERATING,ARU_GROUP,MODELED_BANK_CLEARING_OF_FORECAST_PAYMENT
base,ARU_GROUP,2027,9,base-ARU_GROUP-2027-002020,EV-base-base-ARU_GROUP-2027-002020,SALE-base-202707-TRM-2025-003,FORECAST,PUBLIC_SYNTHETIC_PLANNING_MODEL,2026-09-06T00:00:00-07:00,PAY-base-base-ARU_GROUP-2027-002020,2027-09-30,2027-10-02,SIMBANK-79767a51f3df7fc38c,85642,OPERATING,ARU_GROUP,MODELED_BANK_CLEARING_OF_FORECAST_PAYMENT
base,ARU_GROUP,2027,9,base-ARU_GROUP-2027-002021,EV-base-base-ARU_GROUP-2027-002021,SALE-base-202707-TRM-2025-014,FORECAST,PUBLIC_SYNTHETIC_PLANNING_MODEL,2026-09-06T00:00:00-07:00,PAY-base-base-ARU_GROUP-2027-002021,2027-09-30,2027-10-02,SIMBANK-f4d23fa4d2c058275c,85537,OPERATING,ARU_GROUP,MODELED_BANK_CLEARING_OF_FORECAST_PAYMENT
base,ARU_GROUP,2027,9,base-ARU_GROUP-2027-002022,EV-base-base-ARU_GROUP-2027-002022,SALE-base-202707-TRM-2025-015,FORECAST,PUBLIC_SYNTHETIC_PLANNING_MODEL,2026-09-06T00:00:00-07:00,PAY-base-base-ARU_GROUP-2027-002022,2027-09-30,2027-10-02,SIMBANK-97b53a6f42fb3487d4,84349,OPERATING,ARU_GROUP,MODELED_BANK_CLEARING_OF_FORECAST_PAYMENT
base,ARU_GROUP,2027,9,base-ARU_GROUP-2027-002023,EV-base-base-ARU_GROUP-2027-002023,SALE-base-202707-TRM-2025-016,FORECAST,PUBLIC_SYNTHETIC_PLANNING_MODEL,2026-09-06T00:00:00-07:00,PAY-base-base-ARU_GROUP-2027-002023,2027-09-30,2027-10-02,SIMBANK-4d8cea51da7b637e07,81735,OPERATING,ARU_GROUP,MODELED_BANK_CLEARING_OF_FORECAST_PAYMENT
base,ARU_GROUP,2027,9,base-ARU_GROUP-2027-002024,EV-base-base-ARU_GROUP-2027-002024,SALE-base-202707-TRM-2025-017,FORECAST,PUBLIC_SYNTHETIC_PLANNING_MODEL,2026-09-06T00:00:00-07:00,PAY-base-base-ARU_GROUP-2027-002024,2027-09-30,2027-10-02,SIMBANK-41346c6435836afdcc,78409,OPERATING,ARU_GROUP,MODELED_BANK_CLEARING_OF_FORECAST_PAYMENT
base,ARU_GROUP,2027,9,base-ARU_GROUP-2027-002025,EV-base-base-ARU_GROUP-2027-002025,SALE-base-202707-TRM-2025-018,FORECAST,PUBLIC_SYNTHETIC_PLANNING_MODEL,2026-09-06T00:00:00-07:00,PAY-base-base-ARU_GROUP-2027-002025,2027-09-30,2027-10-02,SIMBANK-57bb4c19505fdbfe2c,76032,OPERATING,ARU_GROUP,MODELED_BANK_CLEARING_OF_FORECAST_PAYMENT
base,ARU_GROUP,2027,9,base-ARU_GROUP-2027-002026,EV-base-base-ARU_GROUP-2027-002026,SALE-base-202707-TRK-2025-004,FORECAST,PUBLIC_SYNTHETIC_PLANNING_MODEL,2026-09-06T00:00:00-07:00,PAY-base-base-ARU_GROUP-2027-002026,2027-09-30,2027-10-02,SIMBANK-1116c6e066f5b5044b,68100,OPERATING,ARU_GROUP,MODELED_BANK_CLEARING_OF_FORECAST_PAYMENT
base,ARU_GROUP,2027,9,base-ARU_GROUP-2027-002027,EV-base-base-ARU_GROUP-2027-002027,SALE-base-202707-TRK-2025-019,FORECAST,PUBLIC_SYNTHETIC_PLANNING_MODEL,2026-09-06T00:00:00-07:00,PAY-base-base-ARU_GROUP-2027-002027,2027-09-30,2027-10-02,SIMBANK-267d87d71202847ef0,77074,OPERATING,ARU_GROUP,MODELED_BANK_CLEARING_OF_FORECAST_PAYMENT
base,ARU_GROUP,2027,9,base-ARU_GROUP-2027-002028,EV-base-base-ARU_GROUP-2027-002028,SALE-base-202707-TRK-2025-020,FORECAST,PUBLIC_SYNTHETIC_PLANNING_MODEL,2026-09-06T00:00:00-07:00,PAY-base-base-ARU_GROUP-2027-002028,2027-09-30,2027-10-02,SIMBANK-0ae7f6d5c1c57bced6,74171,OPERATING,ARU_GROUP,MODELED_BANK_CLEARING_OF_FORECAST_PAYMENT
base,ARU_GROUP,2027,9,base-ARU_GROUP-2027-002029,EV-base-base-ARU_GROUP-2027-002029,SALE-base-202707-TRK-2025-021,FORECAST,PUBLIC_SYNTHETIC_PLANNING_MODEL,2026-09-06T00:00:00-07:00,PAY-base-base-ARU_GROUP-2027-002029,2027-09-30,2027-10-02,SIMBANK-ad311e3e1966c6d9e7,70211,OPERATING,ARU_GROUP,MODELED_BANK_CLEARING_OF_FORECAST_PAYMENT
base,ARU_GROUP,2027,9,base-ARU_GROUP-2027-002030,EV-base-base-ARU_GROUP-2027-002030,SALE-base-202707-TRK-2025-022,FORECAST,PUBLIC_SYNTHETIC_PLANNING_MODEL,2026-09-06T00:00:00-07:00,PAY-base-base-ARU_GROUP-2027-002030,2027-09-30,2027-10-02,SIMBANK-23c7ed138da8c1d2da,66516,OPERATING,ARU_GROUP,MODELED_BANK_CLEARING_OF_FORECAST_PAYMENT
base,ARU_GROUP,2027,9,base-ARU_GROUP-2027-002031,EV-base-base-ARU_GROUP-2027-002031,SALE-base-202707-WHS-2025-005,FORECAST,PUBLIC_SYNTHETIC_PLANNING_MODEL,2026-09-06T00:00:00-07:00,PAY-base-base-ARU_GROUP-2027-002031,2027-09-30,2027-10-02,SIMBANK-9680632ed2a7ef9c2e,115480,OPERATING,ARU_GROUP,MODELED_BANK_CLEARING_OF_FORECAST_PAYMENT
base,ARU_GROUP,2027,9,base-ARU_GROUP-2027-002032,EV-base-base-ARU_GROUP-2027-002032,SALE-base-202707-WHS-2025-023,FORECAST,PUBLIC_SYNTHETIC_PLANNING_MODEL,2026-09-06T00:00:00-07:00,PAY-base-base-ARU_GROUP-2027-002032,2027-09-30,2027-10-02,SIMBANK-f7a74b7f554e2306c1,61304,OPERATING,ARU_GROUP,MODELED_BANK_CLEARING_OF_FORECAST_PAYMENT
base,ARU_GROUP,2027,9,base-ARU_GROUP-2027-002033,EV-base-base-ARU_GROUP-2027-002033,SALE-base-202707-WHS-2025-024,FORECAST,PUBLIC_SYNTHETIC_PLANNING_MODEL,2026-09-06T00:00:00-07:00,PAY-base-base-ARU_GROUP-2027-002033,2027-09-30,2027-10-02,SIMBANK-547b91de4eaf2e5483,57027,OPERATING,ARU_GROUP,MODELED_BANK_CLEARING_OF_FORECAST_PAYMENT
base,ARU_GROUP,2027,9,base-ARU_GROUP-2027-002034,EV-base-base-ARU_GROUP-2027-002034,SALE-base-202707-WHS-2025-025,FORECAST,PUBLIC_SYNTHETIC_PLANNING_MODEL,2026-09-06T00:00:00-07:00,PAY-base-base-ARU_GROUP-2027-002034,2027-09-30,2027-10-02,SIMBANK-954a09e5fe8b268e72,51324,OPERATING,ARU_GROUP,MODELED_BANK_CLEARING_OF_FORECAST_PAYMENT
base,ARU_GROUP,2027,9,base-ARU_GROUP-2027-002035,EV-base-base-ARU_GROUP-2027-002035,SALE-base-202708-BST-2025-001,FORECAST,PUBLIC_SYNTHETIC_PLANNING_MODEL,2026-09-06T00:00:00-07:00,PAY-base-base-ARU_GROUP-2027-002035,2027-09-30,2027-10-02,SIMBANK-c15df1534dad3ed57f,155474,OPERATING,ARU_GROUP,MODELED_BANK_CLEARING_OF_FORECAST_PAYMENT
base,ARU_GROUP,2027,9,base-ARU_GROUP-2027-002036,EV-base-base-ARU_GROUP-2027-002036,SALE-base-202708-BST-2025-006,FORECAST,PUBLIC_SYNTHETIC_PLANNING_MODEL,2026-09-06T00:00:00-07:00,PAY-base-base-ARU_GROUP-2027-002036,2027-09-30,2027-10-02,SIMBANK-bd217a82da3732da80,66420,OPERATING,ARU_GROUP,MODELED_BANK_CLEARING_OF_FORECAST_PAYMENT
base,ARU_GROUP,2027,9,base-ARU_GROUP-2027-002037,EV-base-base-ARU_GROUP-2027-002037,SALE-base-202708-BST-2025-002,FORECAST,PUBLIC_SYNTHETIC_PLANNING_MODEL,2026-09-06T00:00:00-07:00,PAY-base-base-ARU_GROUP-2027-002037,2027-09-30,2027-10-02,SIMBANK-ee3640f0b88ece58f4,115388,OPERATING,ARU_GROUP,MODELED_BANK_CLEARING_OF_FORECAST_PAYMENT
base,ARU_GROUP,2027,9,base-ARU_GROUP-2027-002038,EV-base-base-ARU_GROUP-2027-002038,SALE-base-202708-BST-2025-007,FORECAST,PUBLIC_SYNTHETIC_PLANNING_MODEL,2026-09-06T00:00:00-07:00,PAY-base-base-ARU_GROUP-2027-002038,2027-09-30,2027-10-02,SIMBANK-0dc887b58dfb37d615,52075,OPERATING,ARU_GROUP,MODELED_BANK_CLEARING_OF_FORECAST_PAYMENT
base,ARU_GROUP,2027,9,base-ARU_GROUP-2027-002039,EV-base-base-ARU_GROUP-2027-002039,SALE-base-202708-BST-2025-004,FORECAST,PUBLIC_SYNTHETIC_PLANNING_MODEL,2026-09-06T00:00:00-07:00,PAY-base-base-ARU_GROUP-2027-002039,2027-09-30,2027-10-02,SIMBANK-dd979057a5fcd35a2e,59900,OPERATING,ARU_GROUP,MODELED_BANK_CLEARING_OF_FORECAST_PAYMENT
base,ARU_GROUP,2027,9,base-ARU_GROUP-2027-002040,EV-base-base-ARU_GROUP-2027-002040,SALE-base-202708-BST-2025-008,FORECAST,PUBLIC_SYNTHETIC_PLANNING_MODEL,2026-09-06T00:00:00-07:00,PAY-base-base-ARU_GROUP-2027-002040,2027-09-30,2027-10-02,SIMBANK-e49cfc9b9baa125ab1,29839,OPERATING,ARU_GROUP,MODELED_BANK_CLEARING_OF_FORECAST_PAYMENT
base,ARU_GROUP,2027,9,base-ARU_GROUP-2027-002041,EV-base-base-ARU_GROUP-2027-002041,SALE-base-202708-BST-2025-003,FORECAST,PUBLIC_SYNTHETIC_PLANNING_MODEL,2026-09-06T00:00:00-07:00,PAY-base-base-ARU_GROUP-2027-002041,2027-09-30,2027-10-02,SIMBANK-1d0fdad3174cea03d9,70965,OPERATING,ARU_GROUP,MODELED_BANK_CLEARING_OF_FORECAST_PAYMENT
base,ARU_GROUP,2027,9,base-ARU_GROUP-2027-002042,EV-base-base-ARU_GROUP-2027-002042,SALE-base-202708-BST-2025-009,FORECAST,PUBLIC_SYNTHETIC_PLANNING_MODEL,2026-09-06T00:00:00-07:00,PAY-base-base-ARU_GROUP-2027-002042,2027-09-30,2027-10-02,SIMBANK-37c72ebb100a0c3214,36519,OPERATING,ARU_GROUP,MODELED_BANK_CLEARING_OF_FORECAST_PAYMENT
base,ARU_GROUP,2027,9,base-ARU_GROUP-2027-002043,EV-base-base-ARU_GROUP-2027-002043,SALE-base-202708-BST-2025-010,FORECAST,PUBLIC_SYNTHETIC_PLANNING_MODEL,2026-09-06T00:00:00-07:00,PAY-base-base-ARU_GROUP-2027-002043,2027-09-30,2027-10-02,SIMBANK-571315d21aa213e8b1,34570,OPERATING,ARU_GROUP,MODELED_BANK_CLEARING_OF_FORECAST_PAYMENT
base,ARU_GROUP,2027,9,base-ARU_GROUP-2027-002044,EV-base-base-ARU_GROUP-2027-002044,SALE-base-202708-BST-2025-011,FORECAST,PUBLIC_SYNTHETIC_PLANNING_MODEL,2026-09-06T00:00:00-07:00,PAY-base-base-ARU_GROUP-2027-002044,2027-09-30,2027-10-02,SIMBANK-31bf1205e9bd6a2f9f,18266,OPERATING,ARU_GROUP,MODELED_BANK_CLEARING_OF_FORECAST_PAYMENT
base,ARU_GROUP,2027,9,base-ARU_GROUP-2027-002045,EV-base-base-ARU_GROUP-2027-002045,SALE-base-202708-BST-2025-012,FORECAST,PUBLIC_SYNTHETIC_PLANNING_MODEL,2026-09-06T00:00:00-07:00,PAY-base-base-ARU_GROUP-2027-002045,2027-09-30,2027-10-02,SIMBANK-95d8b466a8cade7508,56494,OPERATING,ARU_GROUP,MODELED_BANK_CLEARING_OF_FORECAST_PAYMENT
base,ARU_GROUP,2027,9,base-ARU_GROUP-2027-002046,EV-base-base-ARU_GROUP-2027-002046,SALE-base-202708-BST-2025-013,FORECAST,PUBLIC_SYNTHETIC_PLANNING_MODEL,2026-09-06T00:00:00-07:00,PAY-base-base-ARU_GROUP-2027-002046,2027-09-30,2027-10-02,SIMBANK-c0dc506c2af37fb987,36120,OPERATING,ARU_GROUP,MODELED_BANK_CLEARING_OF_FORECAST_PAYMENT
base,ARU_GROUP,2027,9,base-ARU_GROUP-2027-002047,EV-base-base-ARU_GROUP-2027-002047,SALE-base-202708-TRM-2025-001,FORECAST,PUBLIC_SYNTHETIC_PLANNING_MODEL,2026-09-06T00:00:00-07:00,PAY-base-base-ARU_GROUP-2027-002047,2027-09-30,2027-10-02,SIMBANK-1123d59d9a099b06c9,63915,OPERATING,ARU_GROUP,MODELED_BANK_CLEARING_OF_FORECAST_PAYMENT
base,ARU_GROUP,2027,9,base-ARU_GROUP-2027-002048,EV-base-base-ARU_GROUP-2027-002048,SALE-base-202708-TRM-2025-002,FORECAST,PUBLIC_SYNTHETIC_PLANNING_MODEL,2026-09-06T00:00:00-07:00,PAY-base-base-ARU_GROUP-2027-002048,2027-09-30,2027-10-02,SIMBANK-6f329a9de6e476a437,62120,OPERATING,ARU_GROUP,MODELED_BANK_CLEARING_OF_FORECAST_PAYMENT
base,ARU_GROUP,2027,9,base-ARU_GROUP-2027-002049,EV-base-base-ARU_GROUP-2027-002049,SALE-base-202708-TRM-2025-003,FORECAST,PUBLIC_SYNTHETIC_PLANNING_MODEL,2026-09-06T00:00:00-07:00,PAY-base-base-ARU_GROUP-2027-002049,2027-09-30,2027-10-02,SIMBANK-5775d0811c4a247d8e,85643,OPERATING,ARU_GROUP,MODELED_BANK_CLEARING_OF_FORECAST_PAYMENT
base,ARU_GROUP,2027,9,base-ARU_GROUP-2027-002050,EV-base-base-ARU_GROUP-2027-002050,SALE-base-202708-TRM-2025-014,FORECAST,PUBLIC_SYNTHETIC_PLANNING_MODEL,2026-09-06T00:00:00-07:00,PAY-base-base-ARU_GROUP-2027-002050,2027-09-30,2027-10-02,SIMBANK-fa02eb541951c06548,85537,OPERATING,ARU_GROUP,MODELED_BANK_CLEARING_OF_FORECAST_PAYMENT
base,ARU_GROUP,2027,9,base-ARU_GROUP-2027-002051,EV-base-base-ARU_GROUP-2027-002051,SALE-base-202708-TRM-2025-015,FORECAST,PUBLIC_SYNTHETIC_PLANNING_MODEL,2026-09-06T00:00:00-07:00,PAY-base-base-ARU_GROUP-2027-002051,2027-09-30,2027-10-02,SIMBANK-ea2db5a8917c2d32d8,84349,OPERATING,ARU_GROUP,MODELED_BANK_CLEARING_OF_FORECAST_PAYMENT
base,ARU_GROUP,2027,9,base-ARU_GROUP-2027-002052,EV-base-base-ARU_GROUP-2027-002052,SALE-base-202708-TRM-2025-016,FORECAST,PUBLIC_SYNTHETIC_PLANNING_MODEL,2026-09-06T00:00:00-07:00,PAY-base-base-ARU_GROUP-2027-002052,2027-09-30,2027-10-02,SIMBANK-7f223f1125c25585a4,81735,OPERATING,ARU_GROUP,MODELED_BANK_CLEARING_OF_FORECAST_PAYMENT
base,ARU_GROUP,2027,9,base-ARU_GROUP-2027-002053,EV-base-base-ARU_GROUP-2027-002053,SALE-base-202708-TRM-2025-017,FORECAST,PUBLIC_SYNTHETIC_PLANNING_MODEL,2026-09-06T00:00:00-07:00,PAY-base-base-ARU_GROUP-2027-002053,2027-09-30,2027-10-02,SIMBANK-d17e7077f08d276f3f,78409,OPERATING,ARU_GROUP,MODELED_BANK_CLEARING_OF_FORECAST_PAYMENT
base,ARU_GROUP,2027,9,base-ARU_GROUP-2027-002054,EV-base-base-ARU_GROUP-2027-002054,SALE-base-202708-TRM-2025-018,FORECAST,PUBLIC_SYNTHETIC_PLANNING_MODEL,2026-09-06T00:00:00-07:00,PAY-base-base-ARU_GROUP-2027-002054,2027-09-30,2027-10-02,SIMBANK-235b299a5fdaf0245e,76033,OPERATING,ARU_GROUP,MODELED_BANK_CLEARING_OF_FORECAST_PAYMENT
base,ARU_GROUP,2027,9,base-ARU_GROUP-2027-002055,EV-base-base-ARU_GROUP-2027-002055,SALE-base-202708-TRK-2025-004,FORECAST,PUBLIC_SYNTHETIC_PLANNING_MODEL,2026-09-06T00:00:00-07:00,PAY-base-base-ARU_GROUP-2027-002055,2027-09-30,2027-10-02,SIMBANK-d26d8c51a51305956d,68100,OPERATING,ARU_GROUP,MODELED_BANK_CLEARING_OF_FORECAST_PAYMENT
base,ARU_GROUP,2027,9,base-ARU_GROUP-2027-002056,EV-base-base-ARU_GROUP-2027-002056,SALE-base-202708-TRK-2025-019,FORECAST,PUBLIC_SYNTHETIC_PLANNING_MODEL,2026-09-06T00:00:00-07:00,PAY-base-base-ARU_GROUP-2027-002056,2027-09-30,2027-10-02,SIMBANK-18486555f0dddcdfc1,77075,OPERATING,ARU_GROUP,MODELED_BANK_CLEARING_OF_FORECAST_PAYMENT
base,ARU_GROUP,2027,9,base-ARU_GROUP-2027-002057,EV-base-base-ARU_GROUP-2027-002057,SALE-base-202708-TRK-2025-020,FORECAST,PUBLIC_SYNTHETIC_PLANNING_MODEL,2026-09-06T00:00:00-07:00,PAY-base-base-ARU_GROUP-2027-002057,2027-09-30,2027-10-02,SIMBANK-2f278ceba51703f1a5,74171,OPERATING,ARU_GROUP,MODELED_BANK_CLEARING_OF_FORECAST_PAYMENT
base,ARU_GROUP,2027,9,base-ARU_GROUP-2027-002058,EV-base-base-ARU_GROUP-2027-002058,SALE-base-202708-TRK-2025-021,FORECAST,PUBLIC_SYNTHETIC_PLANNING_MODEL,2026-09-06T00:00:00-07:00,PAY-base-base-ARU_GROUP-2027-002058,2027-09-30,2027-10-02,SIMBANK-d65a490a6b30dcf6e1,70212,OPERATING,ARU_GROUP,MODELED_BANK_CLEARING_OF_FORECAST_PAYMENT
base,ARU_GROUP,2027,9,base-ARU_GROUP-2027-002059,EV-base-base-ARU_GROUP-2027-002059,SALE-base-202708-TRK-2025-022,FORECAST,PUBLIC_SYNTHETIC_PLANNING_MODEL,2026-09-06T00:00:00-07:00,PAY-base-base-ARU_GROUP-2027-002059,2027-09-30,2027-10-02,SIMBANK-2af58f0b87288d22af,66516,OPERATING,ARU_GROUP,MODELED_BANK_CLEARING_OF_FORECAST_PAYMENT
base,ARU_GROUP,2027,9,base-ARU_GROUP-2027-002060,EV-base-base-ARU_GROUP-2027-002060,SALE-base-202708-WHS-2025-005,FORECAST,PUBLIC_SYNTHETIC_PLANNING_MODEL,2026-09-06T00:00:00-07:00,PAY-base-base-ARU_GROUP-2027-002060,2027-09-30,2027-10-02,SIMBANK-f08d27c2e29538fb3d,115471,OPERATING,ARU_GROUP,MODELED_BANK_CLEARING_OF_FORECAST_PAYMENT
base,ARU_GROUP,2027,9,base-ARU_GROUP-2027-002061,EV-base-base-ARU_GROUP-2027-002061,SALE-base-202708-WHS-2025-023,FORECAST,PUBLIC_SYNTHETIC_PLANNING_MODEL,2026-09-06T00:00:00-07:00,PAY-base-base-ARU_GROUP-2027-002061,2027-09-30,2027-10-02,SIMBANK-a5433c77af993d0d99,61300,OPERATING,ARU_GROUP,MODELED_BANK_CLEARING_OF_FORECAST_PAYMENT
base,ARU_GROUP,2027,9,base-ARU_GROUP-2027-002062,EV-base-base-ARU_GROUP-2027-002062,SALE-base-202708-WHS-2025-024,FORECAST,PUBLIC_SYNTHETIC_PLANNING_MODEL,2026-09-06T00:00:00-07:00,PAY-base-base-ARU_GROUP-2027-002062,2027-09-30,2027-10-02,SIMBANK-6056022d80a773d6f2,57023,OPERATING,ARU_GROUP,MODELED_BANK_CLEARING_OF_FORECAST_PAYMENT
base,ARU_GROUP,2027,9,base-ARU_GROUP-2027-002063,EV-base-base-ARU_GROUP-2027-002063,SALE-base-202708-WHS-2025-025,FORECAST,PUBLIC_SYNTHETIC_PLANNING_MODEL,2026-09-06T00:00:00-07:00,PAY-base-base-ARU_GROUP-2027-002063,2027-09-30,2027-10-02,SIMBANK-d41c3c0ae25ed267b1,51321,OPERATING,ARU_GROUP,MODELED_BANK_CLEARING_OF_FORECAST_PAYMENT
base,ARU_GROUP,2027,9,base-ARU_GROUP-2027-002067,EV-base-base-ARU_GROUP-2027-002067,IC-base-202708-acid-BST,FORECAST,PUBLIC_SYNTHETIC_PLANNING_MODEL,2026-09-06T00:00:00-07:00,PAY-base-base-ARU_GROUP-2027-002067,2027-09-30,2027-10-02,SIMBANK-94631f81025687836a,4845,OPERATING,ARU_GROUP,MODELED_BANK_CLEARING_OF_FORECAST_PAYMENT
base,ARU_GROUP,2027,9,base-ARU_GROUP-2027-002068,EV-base-base-ARU_GROUP-2027-002068,IC-base-202708-acid-TERMINALS,FORECAST,PUBLIC_SYNTHETIC_PLANNING_MODEL,2026-09-06T00:00:00-07:00,PAY-base-base-ARU_GROUP-2027-002068,2027-09-30,2027-10-02,SIMBANK-b554b179b025460586,3570,OPERATING,ARU_GROUP,MODELED_BANK_CLEARING_OF_FORECAST_PAYMENT
base,ARU_GROUP,2027,9,base-ARU_GROUP-2027-002069,EV-base-base-ARU_GROUP-2027-002069,IC-base-202708-acid-TRUCKING,FORECAST,PUBLIC_SYNTHETIC_PLANNING_MODEL,2026-09-06T00:00:00-07:00,PAY-base-base-ARU_GROUP-2027-002069,2027-09-30,2027-10-02,SIMBANK-119add9b5a152aa619,6936,OPERATING,ARU_GROUP,MODELED_BANK_CLEARING_OF_FORECAST_PAYMENT
base,ARU_GROUP,2027,9,base-ARU_GROUP-2027-002070,EV-base-base-ARU_GROUP-2027-002070,IC-base-202708-binder-BST,FORECAST,PUBLIC_SYNTHETIC_PLANNING_MODEL,2026-09-06T00:00:00-07:00,PAY-base-base-ARU_GROUP-2027-002070,2027-09-30,2027-10-02,SIMBANK-d2fe1b4f0d3a0d5d4e,4335,OPERATING,ARU_GROUP,MODELED_BANK_CLEARING_OF_FORECAST_PAYMENT
base,ARU_GROUP,2027,9,base-ARU_GROUP-2027-002071,EV-base-base-ARU_GROUP-2027-002071,IC-base-202708-binder-TERMINALS,FORECAST,PUBLIC_SYNTHETIC_PLANNING_MODEL,2026-09-06T00:00:00-07:00,PAY-base-base-ARU_GROUP-2027-002071,2027-09-30,2027-10-02,SIMBANK-c365cd6793524c7391,2040,OPERATING,ARU_GROUP,MODELED_BANK_CLEARING_OF_FORECAST_PAYMENT
base,ARU_GROUP,2027,9,base-ARU_GROUP-2027-002072,EV-base-base-ARU_GROUP-2027-002072,IC-base-202708-binder-TRUCKING,FORECAST,PUBLIC_SYNTHETIC_PLANNING_MODEL,2026-09-06T00:00:00-07:00,PAY-base-base-ARU_GROUP-2027-002072,2027-09-30,2027-10-02,SIMBANK-59b15a97b230b1c8ba,5814,OPERATING,ARU_GROUP,MODELED_BANK_CLEARING_OF_FORECAST_PAYMENT
base,ARU_GROUP,2027,9,base-ARU_GROUP-2027-002073,EV-base-base-ARU_GROUP-2027-002073,IC-base-202708-lime-BST,FORECAST,PUBLIC_SYNTHETIC_PLANNING_MODEL,2026-09-06T00:00:00-07:00,PAY-base-base-ARU_GROUP-2027-002073,2027-09-30,2027-10-02,SIMBANK-85d30951bb970f83d6,867,OPERATING,ARU_GROUP,MODELED_BANK_CLEARING_OF_FORECAST_PAYMENT
base,ARU_GROUP,2027,9,base-ARU_GROUP-2027-002074,EV-base-base-ARU_GROUP-2027-002074,IC-base-202708-lime-TERMINALS,FORECAST,PUBLIC_SYNTHETIC_PLANNING_MODEL,2026-09-06T00:00:00-07:00,PAY-base-base-ARU_GROUP-2027-002074,2027-09-30,2027-10-02,SIMBANK-8a82cdd49b19771603,459,OPERATING,ARU_GROUP,MODELED_BANK_CLEARING_OF_FORECAST_PAYMENT
base,ARU_GROUP,2027,9,base-ARU_GROUP-2027-002075,EV-base-base-ARU_GROUP-2027-002075,IC-base-202708-lime-TRUCKING,FORECAST,PUBLIC_SYNTHETIC_PLANNING_MODEL,2026-09-06T00:00:00-07:00,PAY-base-base-ARU_GROUP-2027-002075,2027-09-30,2027-10-02,SIMBANK-bcbe069ce34d90f9c6,1224,OPERATING,ARU_GROUP,MODELED_BANK_CLEARING_OF_FORECAST_PAYMENT
base,ARU_GROUP,2027,9,base-ARU_GROUP-2027-002076,EV-base-base-ARU_GROUP-2027-002076,IC-base-202708-mro-BST,FORECAST,PUBLIC_SYNTHETIC_PLANNING_MODEL,2026-09-06T00:00:00-07:00,PAY-base-base-ARU_GROUP-2027-002076,2027-09-30,2027-10-02,SIMBANK-81c32995c8d7f2b7c7,765,OPERATING,ARU_GROUP,MODELED_BANK_CLEARING_OF_FORECAST_PAYMENT
base,ARU_GROUP,2027,9,base-ARU_GROUP-2027-002077,EV-base-base-ARU_GROUP-2027-002077,IC-base-202708-mro-TERMINALS,FORECAST,PUBLIC_SYNTHETIC_PLANNING_MODEL,2026-09-06T00:00:00-07:00,PAY-base-base-ARU_GROUP-2027-002077,2027-09-30,2027-10-02,SIMBANK-2dac0a507ee8d45d49,510,OPERATING,ARU_GROUP,MODELED_BANK_CLEARING_OF_FORECAST_PAYMENT
base,ARU_GROUP,2027,9,base-ARU_GROUP-2027-002078,EV-base-base-ARU_GROUP-2027-002078,IC-base-202708-mro-TRUCKING,FORECAST,PUBLIC_SYNTHETIC_PLANNING_MODEL,2026-09-06T00:00:00-07:00,PAY-base-base-ARU_GROUP-2027-002078,2027-09-30,2027-10-02,SIMBANK-1d75d188d2f01b205f,663,OPERATING,ARU_GROUP,MODELED_BANK_CLEARING_OF_FORECAST_PAYMENT
base,ARU_GROUP,2027,9,base-ARU_GROUP-2027-002079,EV-base-base-ARU_GROUP-2027-002079,IC-base-202708-project-BST,FORECAST,PUBLIC_SYNTHETIC_PLANNING_MODEL,2026-09-06T00:00:00-07:00,PAY-base-base-ARU_GROUP-2027-002079,2027-09-30,2027-10-02,SIMBANK-a0f85181e4a5144cbf,1428,OPERATING,ARU_GROUP,MODELED_BANK_CLEARING_OF_FORECAST_PAYMENT
base,ARU_GROUP,2027,9,base-ARU_GROUP-2027-002080,EV-base-base-ARU_GROUP-2027-002080,IC-base-202708-project-TERMINALS,FORECAST,PUBLIC_SYNTHETIC_PLANNING_MODEL,2026-09-06T00:00:00-07:00,PAY-base-base-ARU_GROUP-2027-002080,2027-09-30,2027-10-02,SIMBANK-bfdad502b180ea904b,1428,OPERATING,ARU_GROUP,MODELED_BANK_CLEARING_OF_FORECAST_PAYMENT
base,ARU_GROUP,2027,9,base-ARU_GROUP-2027-002081,EV-base-base-ARU_GROUP-2027-002081,IC-base-202708-project-TRUCKING,FORECAST,PUBLIC_SYNTHETIC_PLANNING_MODEL,2026-09-06T00:00:00-07:00,PAY-base-base-ARU_GROUP-2027-002081,2027-09-30,2027-10-02,SIMBANK-370bded899653437e9,1836,OPERATING,ARU_GROUP,MODELED_BANK_CLEARING_OF_FORECAST_PAYMENT
base,ARU_GROUP,2027,9,base-ARU_GROUP-2027-002082,EV-base-base-ARU_GROUP-2027-002082,IC-base-202708-steel-BST,FORECAST,PUBLIC_SYNTHETIC_PLANNING_MODEL,2026-09-06T00:00:00-07:00,PAY-base-base-ARU_GROUP-2027-002082,2027-09-30,2027-10-02,SIMBANK-e6a5e8978554b352e5,1938,OPERATING,ARU_GROUP,MODELED_BANK_CLEARING_OF_FORECAST_PAYMENT
base,ARU_GROUP,2027,9,base-ARU_GROUP-2027-002083,EV-base-base-ARU_GROUP-2027-002083,IC-base-202708-steel-TERMINALS,FORECAST,PUBLIC_SYNTHETIC_PLANNING_MODEL,2026-09-06T00:00:00-07:00,PAY-base-base-ARU_GROUP-2027-002083,2027-09-30,2027-10-02,SIMBANK-2243c1636cdb40bceb,1326,OPERATING,ARU_GROUP,MODELED_BANK_CLEARING_OF_FORECAST_PAYMENT
base,ARU_GROUP,2027,9,base-ARU_GROUP-2027-002084,EV-base-base-ARU_GROUP-2027-002084,IC-base-202708-steel-TRUCKING,FORECAST,PUBLIC_SYNTHETIC_PLANNING_MODEL,2026-09-06T00:00:00-07:00,PAY-base-base-ARU_GROUP-2027-002084,2027-09-30,2027-10-02,SIMBANK-e26f66fb86c1b812ec,2295,OPERATING,ARU_GROUP,MODELED_BANK_CLEARING_OF_FORECAST_PAYMENT
base,ARU_GROUP,2027,9,base-ARU_GROUP-2027-002086,EV-base-base-ARU_GROUP-2027-002086,PAYROLL-base-202709-ARU,FORECAST,PUBLIC_SYNTHETIC_PLANNING_MODEL,2026-09-06T00:00:00-07:00,PAY-base-base-ARU_GROUP-2027-002086,2027-09-30,2027-10-02,SIMBANK-33b739031322c9cf79,-144008,OPERATING,ARU_GROUP,MODELED_BANK_CLEARING_OF_FORECAST_PAYMENT
base,ARU_GROUP,2027,9,base-ARU_GROUP-2027-002087,EV-base-base-ARU_GROUP-2027-002087,PAYROLL-base-202709-BST,FORECAST,PUBLIC_SYNTHETIC_PLANNING_MODEL,2026-09-06T00:00:00-07:00,PAY-base-base-ARU_GROUP-2027-002087,2027-09-30,2027-10-02,SIMBANK-eabdc125c22e42caf4,-516154,OPERATING,ARU_GROUP,MODELED_BANK_CLEARING_OF_FORECAST_PAYMENT
base,ARU_GROUP,2027,9,base-ARU_GROUP-2027-002088,EV-base-base-ARU_GROUP-2027-002088,PAYROLL-base-202709-TERMINALS,FORECAST,PUBLIC_SYNTHETIC_PLANNING_MODEL,2026-09-06T00:00:00-07:00,PAY-base-base-ARU_GROUP-2027-002088,2027-09-30,2027-10-02,SIMBANK-66274fca3d2960e12e,-200784,OPERATING,ARU_GROUP,MODELED_BANK_CLEARING_OF_FORECAST_PAYMENT
base,ARU_GROUP,2027,9,base-ARU_GROUP-2027-002089,EV-base-base-ARU_GROUP-2027-002089,PAYROLL-base-202709-TRUCKING,FORECAST,PUBLIC_SYNTHETIC_PLANNING_MODEL,2026-09-06T00:00:00-07:00,PAY-base-base-ARU_GROUP-2027-002089,2027-09-30,2027-10-02,SIMBANK-c0533f580d240a09c8,-194118,OPERATING,ARU_GROUP,MODELED_BANK_CLEARING_OF_FORECAST_PAYMENT
base,ARU_GROUP,2027,9,base-ARU_GROUP-2027-002090,EV-base-base-ARU_GROUP-2027-002090,PAYROLL-base-202709-WAREHOUSE,FORECAST,PUBLIC_SYNTHETIC_PLANNING_MODEL,2026-09-06T00:00:00-07:00,PAY-base-base-ARU_GROUP-2027-002090,2027-09-30,2027-10-02,SIMBANK-21511aefa7fd142d26,-92175,OPERATING,ARU_GROUP,MODELED_BANK_CLEARING_OF_FORECAST_PAYMENT
base,ARU_GROUP,2027,9,base-ARU_GROUP-2027-002091,EV-base-base-ARU_GROUP-2027-002091,INTEREST-202709,FORECAST,PUBLIC_SYNTHETIC_PLANNING_MODEL,2026-09-06T00:00:00-07:00,PAY-base-base-ARU_GROUP-2027-002091,2027-09-30,2027-10-02,SIMBANK-0905d2ce272af2bd63,-120256,OPERATING,ARU_GROUP,MODELED_BANK_CLEARING_OF_FORECAST_PAYMENT
base,ARU_GROUP,2027,9,base-ARU_GROUP-2027-002092,EV-base-base-ARU_GROUP-2027-002092,LEASE-202709,FORECAST,PUBLIC_SYNTHETIC_PLANNING_MODEL,2026-09-06T00:00:00-07:00,PAY-base-base-ARU_GROUP-2027-002092,2027-09-30,2027-10-02,SIMBANK-278840c385d3a23b5e,-41666,FINANCING,ARU_GROUP,MODELED_BANK_CLEARING_OF_FORECAST_PAYMENT
base,ARU_GROUP,2027,9,base-ARU_GROUP-2027-002093,EV-base-base-ARU_GROUP-2027-002093,TAX-CASH-202709,FORECAST,PUBLIC_SYNTHETIC_PLANNING_MODEL,2026-09-06T00:00:00-07:00,PAY-base-base-ARU_GROUP-2027-002093,2027-09-30,2027-10-02,SIMBANK-ec81a11a5b3a129da9,-403539,OPERATING,ARU_GROUP,MODELED_BANK_CLEARING_OF_FORECAST_PAYMENT
base,ARU_GROUP,2027,9,base-ARU_GROUP-2027-002094,EV-base-base-ARU_GROUP-2027-002094,IC-base-202709-acid-BST-COST,FORECAST,PUBLIC_SYNTHETIC_PLANNING_MODEL,2026-09-06T00:00:00-07:00,PAY-base-base-ARU_GROUP-2027-002094,2027-09-30,2027-10-02,SIMBANK-03c684c66d120cabc0,-1689,OPERATING,ARU_GROUP,MODELED_BANK_CLEARING_OF_FORECAST_PAYMENT
base,ARU_GROUP,2027,9,base-ARU_GROUP-2027-002095,EV-base-base-ARU_GROUP-2027-002095,IC-base-202709-acid-TERMINALS-COST,FORECAST,PUBLIC_SYNTHETIC_PLANNING_MODEL,2026-09-06T00:00:00-07:00,PAY-base-base-ARU_GROUP-2027-002095,2027-09-30,2027-10-02,SIMBANK-029e8c12bf5940c421,-1607,OPERATING,ARU_GROUP,MODELED_BANK_CLEARING_OF_FORECAST_PAYMENT
base,ARU_GROUP,2027,9,base-ARU_GROUP-2027-002096,EV-base-base-ARU_GROUP-2027-002096,IC-base-202709-acid-TRUCKING-COST,FORECAST,PUBLIC_SYNTHETIC_PLANNING_MODEL,2026-09-06T00:00:00-07:00,PAY-base-base-ARU_GROUP-2027-002096,2027-09-30,2027-10-02,SIMBANK-95f71a0b7d58820c5f,-3790,OPERATING,ARU_GROUP,MODELED_BANK_CLEARING_OF_FORECAST_PAYMENT
base,ARU_GROUP,2027,9,base-ARU_GROUP-2027-002097,EV-base-base-ARU_GROUP-2027-002097,IC-base-202709-binder-BST-COST,FORECAST,PUBLIC_SYNTHETIC_PLANNING_MODEL,2026-09-06T00:00:00-07:00,PAY-base-base-ARU_GROUP-2027-002097,2027-09-30,2027-10-02,SIMBANK-1498979e20ce93e04c,-1854,OPERATING,ARU_GROUP,MODELED_BANK_CLEARING_OF_FORECAST_PAYMENT
base,ARU_GROUP,2027,9,base-ARU_GROUP-2027-002098,EV-base-base-ARU_GROUP-2027-002098,IC-base-202709-binder-TERMINALS-COST,FORECAST,PUBLIC_SYNTHETIC_PLANNING_MODEL,2026-09-06T00:00:00-07:00,PAY-base-base-ARU_GROUP-2027-002098,2027-09-30,2027-10-02,SIMBANK-4c7e13406e1c932a06,-1185,OPERATING,ARU_GROUP,MODELED_BANK_CLEARING_OF_FORECAST_PAYMENT
base,ARU_GROUP,2027,9,base-ARU_GROUP-2027-002099,EV-base-base-ARU_GROUP-2027-002099,IC-base-202709-binder-TRUCKING-COST,FORECAST,PUBLIC_SYNTHETIC_PLANNING_MODEL,2026-09-06T00:00:00-07:00,PAY-base-base-ARU_GROUP-2027-002099,2027-09-30,2027-10-02,SIMBANK-92def4280e8c627245,-3914,OPERATING,ARU_GROUP,MODELED_BANK_CLEARING_OF_FORECAST_PAYMENT
base,ARU_GROUP,2027,9,base-ARU_GROUP-2027-002100,EV-base-base-ARU_GROUP-2027-002100,IC-base-202709-lime-BST-COST,FORECAST,PUBLIC_SYNTHETIC_PLANNING_MODEL,2026-09-06T00:00:00-07:00,PAY-base-base-ARU_GROUP-2027-002100,2027-09-30,2027-10-02,SIMBANK-727681d29f0493d38f,-371,OPERATING,ARU_GROUP,MODELED_BANK_CLEARING_OF_FORECAST_PAYMENT
base,ARU_GROUP,2027,9,base-ARU_GROUP-2027-002101,EV-base-base-ARU_GROUP-2027-002101,IC-base-202709-lime-TERMINALS-COST,FORECAST,PUBLIC_SYNTHETIC_PLANNING_MODEL,2026-09-06T00:00:00-07:00,PAY-base-base-ARU_GROUP-2027-002101,2027-09-30,2027-10-02,SIMBANK-15cf7fa68025114cf9,-258,OPERATING,ARU_GROUP,MODELED_BANK_CLEARING_OF_FORECAST_PAYMENT
base,ARU_GROUP,2027,9,base-ARU_GROUP-2027-002102,EV-base-base-ARU_GROUP-2027-002102,IC-base-202709-lime-TRUCKING-COST,FORECAST,PUBLIC_SYNTHETIC_PLANNING_MODEL,2026-09-06T00:00:00-07:00,PAY-base-base-ARU_GROUP-2027-002102,2027-09-30,2027-10-02,SIMBANK-1b1c725c7109d5e572,-824,OPERATING,ARU_GROUP,MODELED_BANK_CLEARING_OF_FORECAST_PAYMENT
base,ARU_GROUP,2027,9,base-ARU_GROUP-2027-002103,EV-base-base-ARU_GROUP-2027-002103,IC-base-202709-mro-BST-COST,FORECAST,PUBLIC_SYNTHETIC_PLANNING_MODEL,2026-09-06T00:00:00-07:00,PAY-base-base-ARU_GROUP-2027-002103,2027-09-30,2027-10-02,SIMBANK-5d9f9ec0640f33165c,-309,OPERATING,ARU_GROUP,MODELED_BANK_CLEARING_OF_FORECAST_PAYMENT
base,ARU_GROUP,2027,9,base-ARU_GROUP-2027-002104,EV-base-base-ARU_GROUP-2027-002104,IC-base-202709-mro-TERMINALS-COST,FORECAST,PUBLIC_SYNTHETIC_PLANNING_MODEL,2026-09-06T00:00:00-07:00,PAY-base-base-ARU_GROUP-2027-002104,2027-09-30,2027-10-02,SIMBANK-1b55795982ecd7cebe,-299,OPERATING,ARU_GROUP,MODELED_BANK_CLEARING_OF_FORECAST_PAYMENT
base,ARU_GROUP,2027,9,base-ARU_GROUP-2027-002105,EV-base-base-ARU_GROUP-2027-002105,IC-base-202709-mro-TRUCKING-COST,FORECAST,PUBLIC_SYNTHETIC_PLANNING_MODEL,2026-09-06T00:00:00-07:00,PAY-base-base-ARU_GROUP-2027-002105,2027-09-30,2027-10-02,SIMBANK-4708e9cd764a6229fd,-453,OPERATING,ARU_GROUP,MODELED_BANK_CLEARING_OF_FORECAST_PAYMENT
base,ARU_GROUP,2027,9,base-ARU_GROUP-2027-002106,EV-base-base-ARU_GROUP-2027-002106,IC-base-202709-project-BST-COST,FORECAST,PUBLIC_SYNTHETIC_PLANNING_MODEL,2026-09-06T00:00:00-07:00,PAY-base-base-ARU_GROUP-2027-002106,2027-09-30,2027-10-02,SIMBANK-d0cca949d1ac51994f,-670,OPERATING,ARU_GROUP,MODELED_BANK_CLEARING_OF_FORECAST_PAYMENT
base,ARU_GROUP,2027,9,base-ARU_GROUP-2027-002107,EV-base-base-ARU_GROUP-2027-002107,IC-base-202709-project-TERMINALS-COST,FORECAST,PUBLIC_SYNTHETIC_PLANNING_MODEL,2026-09-06T00:00:00-07:00,PAY-base-base-ARU_GROUP-2027-002107,2027-09-30,2027-10-02,SIMBANK-40c5d50be0af893762,-824,OPERATING,ARU_GROUP,MODELED_BANK_CLEARING_OF_FORECAST_PAYMENT
base,ARU_GROUP,2027,9,base-ARU_GROUP-2027-002108,EV-base-base-ARU_GROUP-2027-002108,IC-base-202709-project-TRUCKING-COST,FORECAST,PUBLIC_SYNTHETIC_PLANNING_MODEL,2026-09-06T00:00:00-07:00,PAY-base-base-ARU_GROUP-2027-002108,2027-09-30,2027-10-02,SIMBANK-edb1b2aa89367f6ae8,-1339,OPERATING,ARU_GROUP,MODELED_BANK_CLEARING_OF_FORECAST_PAYMENT
base,ARU_GROUP,2027,9,base-ARU_GROUP-2027-002109,EV-base-base-ARU_GROUP-2027-002109,IC-base-202709-steel-BST-COST,FORECAST,PUBLIC_SYNTHETIC_PLANNING_MODEL,2026-09-06T00:00:00-07:00,PAY-base-base-ARU_GROUP-2027-002109,2027-09-30,2027-10-02,SIMBANK-ae7adfb6872114094e,-886,OPERATING,ARU_GROUP,MODELED_BANK_CLEARING_OF_FORECAST_PAYMENT
base,ARU_GROUP,2027,9,base-ARU_GROUP-2027-002110,EV-base-base-ARU_GROUP-2027-002110,IC-base-202709-steel-TERMINALS-COST,FORECAST,PUBLIC_SYNTHETIC_PLANNING_MODEL,2026-09-06T00:00:00-07:00,PAY-base-base-ARU_GROUP-2027-002110,2027-09-30,2027-10-02,SIMBANK-a02ab97a1d592e3b90,-762,OPERATING,ARU_GROUP,MODELED_BANK_CLEARING_OF_FORECAST_PAYMENT
base,ARU_GROUP,2027,9,base-ARU_GROUP-2027-002111,EV-base-base-ARU_GROUP-2027-002111,IC-base-202709-steel-TRUCKING-COST,FORECAST,PUBLIC_SYNTHETIC_PLANNING_MODEL,2026-09-06T00:00:00-07:00,PAY-base-base-ARU_GROUP-2027-002111,2027-09-30,2027-10-02,SIMBANK-6bb65ee6573ea9ab28,-1545,OPERATING,ARU_GROUP,MODELED_BANK_CLEARING_OF_FORECAST_PAYMENT
base,ARU_GROUP,2027,9,base-ARU_GROUP-2027-002112,EV-base-base-ARU_GROUP-2027-002112,IF-FIXED-base-202709-BST,FORECAST,PUBLIC_SYNTHETIC_PLANNING_MODEL,2026-09-06T00:00:00-07:00,PAY-base-base-ARU_GROUP-2027-002112,2027-09-30,2027-10-02,SIMBANK-ba9558ace17b6ea035,-1030,OPERATING,ARU_GROUP,MODELED_BANK_CLEARING_OF_FORECAST_PAYMENT
base,ARU_GROUP,2027,9,base-ARU_GROUP-2027-002113,EV-base-base-ARU_GROUP-2027-002113,IF-FIXED-base-202709-TERMINALS,FORECAST,PUBLIC_SYNTHETIC_PLANNING_MODEL,2026-09-06T00:00:00-07:00,PAY-base-base-ARU_GROUP-2027-002113,2027-09-30,2027-10-02,SIMBANK-7a62e8433ff04f6ea2,-2060,OPERATING,ARU_GROUP,MODELED_BANK_CLEARING_OF_FORECAST_PAYMENT
base,ARU_GROUP,2027,9,base-ARU_GROUP-2027-002114,EV-base-base-ARU_GROUP-2027-002114,IF-FIXED-base-202709-TRUCKING,FORECAST,PUBLIC_SYNTHETIC_PLANNING_MODEL,2026-09-06T00:00:00-07:00,PAY-base-base-ARU_GROUP-2027-002114,2027-09-30,2027-10-02,SIMBANK-eb58cdab2217beff19,-1030,OPERATING,ARU_GROUP,MODELED_BANK_CLEARING_OF_FORECAST_PAYMENT
base,ARU_GROUP,2027,9,base-ARU_GROUP-2027-002115,EV-base-base-ARU_GROUP-2027-002115,PROC-base-202708-ARU-INS,FORECAST,PUBLIC_SYNTHETIC_PLANNING_MODEL,2026-09-06T00:00:00-07:00,PAY-base-base-ARU_GROUP-2027-002115,2027-09-30,2027-10-02,SIMBANK-fc31bb54c31215f6f8,-9744,OPERATING,ARU_GROUP,MODELED_BANK_CLEARING_OF_FORECAST_PAYMENT
base,ARU_GROUP,2027,9,base-ARU_GROUP-2027-002116,EV-base-base-ARU_GROUP-2027-002116,PROC-base-202708-ARU-MAINT,FORECAST,PUBLIC_SYNTHETIC_PLANNING_MODEL,2026-09-06T00:00:00-07:00,PAY-base-base-ARU_GROUP-2027-002116,2027-09-30,2027-10-02,SIMBANK-3b519a6cf2a52d9553,-12180,OPERATING,ARU_GROUP,MODELED_BANK_CLEARING_OF_FORECAST_PAYMENT
base,ARU_GROUP,2027,9,base-ARU_GROUP-2027-002117,EV-base-base-ARU_GROUP-2027-002117,PROC-base-202708-ARU-MAT,FORECAST,PUBLIC_SYNTHETIC_PLANNING_MODEL,2026-09-06T00:00:00-07:00,PAY-base-base-ARU_GROUP-2027-002117,2027-09-30,2027-10-02,SIMBANK-b8d0cd903bbc5fffb7,-12180,OPERATING,ARU_GROUP,MODELED_BANK_CLEARING_OF_FORECAST_PAYMENT
base,ARU_GROUP,2027,9,base-ARU_GROUP-2027-002118,EV-base-base-ARU_GROUP-2027-002118,PROC-base-202708-ARU-OCC,FORECAST,PUBLIC_SYNTHETIC_PLANNING_MODEL,2026-09-06T00:00:00-07:00,PAY-base-base-ARU_GROUP-2027-002118,2027-09-30,2027-10-02,SIMBANK-980ae16129b3265110,-9745,OPERATING,ARU_GROUP,MODELED_BANK_CLEARING_OF_FORECAST_PAYMENT
base,ARU_GROUP,2027,9,base-ARU_GROUP-2027-002119,EV-base-base-ARU_GROUP-2027-002119,PROC-base-202708-ARU-SERV,FORECAST,PUBLIC_SYNTHETIC_PLANNING_MODEL,2026-09-06T00:00:00-07:00,PAY-base-base-ARU_GROUP-2027-002119,2027-09-30,2027-10-02,SIMBANK-c8805d48a85f1140fc,-4872,OPERATING,ARU_GROUP,MODELED_BANK_CLEARING_OF_FORECAST_PAYMENT
base,ARU_GROUP,2027,9,base-ARU_GROUP-2027-002120,EV-base-base-ARU_GROUP-2027-002120,PROC-base-202708-BST-INS,FORECAST,PUBLIC_SYNTHETIC_PLANNING_MODEL,2026-09-06T00:00:00-07:00,PAY-base-base-ARU_GROUP-2027-002120,2027-09-30,2027-10-02,SIMBANK-c18aaad2cf6341ce14,-110191,OPERATING,ARU_GROUP,MODELED_BANK_CLEARING_OF_FORECAST_PAYMENT
base,ARU_GROUP,2027,9,base-ARU_GROUP-2027-002121,EV-base-base-ARU_GROUP-2027-002121,PROC-base-202708-BST-MAINT,FORECAST,PUBLIC_SYNTHETIC_PLANNING_MODEL,2026-09-06T00:00:00-07:00,PAY-base-base-ARU_GROUP-2027-002121,2027-09-30,2027-10-02,SIMBANK-796e06e190533be59f,-170256,OPERATING,ARU_GROUP,MODELED_BANK_CLEARING_OF_FORECAST_PAYMENT
base,ARU_GROUP,2027,9,base-ARU_GROUP-2027-002122,EV-base-base-ARU_GROUP-2027-002122,PROC-base-202708-BST-MAT,FORECAST,PUBLIC_SYNTHETIC_PLANNING_MODEL,2026-09-06T00:00:00-07:00,PAY-base-base-ARU_GROUP-2027-002122,2027-09-30,2027-10-02,SIMBANK-5100459e5ef8fb3ae2,-141460,OPERATING,ARU_GROUP,MODELED_BANK_CLEARING_OF_FORECAST_PAYMENT
base,ARU_GROUP,2027,9,base-ARU_GROUP-2027-002123,EV-base-base-ARU_GROUP-2027-002123,PROC-base-202708-BST-OCC,FORECAST,PUBLIC_SYNTHETIC_PLANNING_MODEL,2026-09-06T00:00:00-07:00,PAY-base-base-ARU_GROUP-2027-002123,2027-09-30,2027-10-02,SIMBANK-d0e31b330acba60d27,-118446,OPERATING,ARU_GROUP,MODELED_BANK_CLEARING_OF_FORECAST_PAYMENT
base,ARU_GROUP,2027,9,base-ARU_GROUP-2027-002124,EV-base-base-ARU_GROUP-2027-002124,PROC-base-202708-BST-SERV,FORECAST,PUBLIC_SYNTHETIC_PLANNING_MODEL,2026-09-06T00:00:00-07:00,PAY-base-base-ARU_GROUP-2027-002124,2027-09-30,2027-10-02,SIMBANK-81aeca5ca5a3b79298,-134235,OPERATING,ARU_GROUP,MODELED_BANK_CLEARING_OF_FORECAST_PAYMENT
base,ARU_GROUP,2027,9,base-ARU_GROUP-2027-002125,EV-base-base-ARU_GROUP-2027-002125,PROC-base-202708-TERMINALS-INS,FORECAST,PUBLIC_SYNTHETIC_PLANNING_MODEL,2026-09-06T00:00:00-07:00,PAY-base-base-ARU_GROUP-2027-002125,2027-09-30,2027-10-02,SIMBANK-7c886365aa7a377856,-77961,OPERATING,ARU_GROUP,MODELED_BANK_CLEARING_OF_FORECAST_PAYMENT
base,ARU_GROUP,2027,9,base-ARU_GROUP-2027-002126,EV-base-base-ARU_GROUP-2027-002126,PROC-base-202708-TERMINALS-MAINT,FORECAST,PUBLIC_SYNTHETIC_PLANNING_MODEL,2026-09-06T00:00:00-07:00,PAY-base-base-ARU_GROUP-2027-002126,2027-09-30,2027-10-02,SIMBANK-d1a25f5ddea9593b33,-136186,OPERATING,ARU_GROUP,MODELED_BANK_CLEARING_OF_FORECAST_PAYMENT
base,ARU_GROUP,2027,9,base-ARU_GROUP-2027-002127,EV-base-base-ARU_GROUP-2027-002127,PROC-base-202708-TERMINALS-MAT,FORECAST,PUBLIC_SYNTHETIC_PLANNING_MODEL,2026-09-06T00:00:00-07:00,PAY-base-base-ARU_GROUP-2027-002127,2027-09-30,2027-10-02,SIMBANK-587cb4426edd50d140,-141186,OPERATING,ARU_GROUP,MODELED_BANK_CLEARING_OF_FORECAST_PAYMENT
base,ARU_GROUP,2027,9,base-ARU_GROUP-2027-002128,EV-base-base-ARU_GROUP-2027-002128,PROC-base-202708-TERMINALS-OCC,FORECAST,PUBLIC_SYNTHETIC_PLANNING_MODEL,2026-09-06T00:00:00-07:00,PAY-base-base-ARU_GROUP-2027-002128,2027-09-30,2027-10-02,SIMBANK-8c60d6c65b91108569,-105448,OPERATING,ARU_GROUP,MODELED_BANK_CLEARING_OF_FORECAST_PAYMENT
base,ARU_GROUP,2027,9,base-ARU_GROUP-2027-002129,EV-base-base-ARU_GROUP-2027-002129,PROC-base-202708-TERMINALS-SERV,FORECAST,PUBLIC_SYNTHETIC_PLANNING_MODEL,2026-09-06T00:00:00-07:00,PAY-base-base-ARU_GROUP-2027-002129,2027-09-30,2027-10-02,SIMBANK-4454b2d53238dc27a0,-80587,OPERATING,ARU_GROUP,MODELED_BANK_CLEARING_OF_FORECAST_PAYMENT
base,ARU_GROUP,2027,9,base-ARU_GROUP-2027-002130,EV-base-base-ARU_GROUP-2027-002130,PROC-base-202708-TRUCKING-INS,FORECAST,PUBLIC_SYNTHETIC_PLANNING_MODEL,2026-09-06T00:00:00-07:00,PAY-base-base-ARU_GROUP-2027-002130,2027-09-30,2027-10-02,SIMBANK-e18b7d75bcd3534339,-30804,OPERATING,ARU_GROUP,MODELED_BANK_CLEARING_OF_FORECAST_PAYMENT
base,ARU_GROUP,2027,9,base-ARU_GROUP-2027-002131,EV-base-base-ARU_GROUP-2027-002131,PROC-base-202708-TRUCKING-MAINT,FORECAST,PUBLIC_SYNTHETIC_PLANNING_MODEL,2026-09-06T00:00:00-07:00,PAY-base-base-ARU_GROUP-2027-002131,2027-09-30,2027-10-02,SIMBANK-a25c9f770f9ff32edf,-80707,OPERATING,ARU_GROUP,MODELED_BANK_CLEARING_OF_FORECAST_PAYMENT
base,ARU_GROUP,2027,9,base-ARU_GROUP-2027-002132,EV-base-base-ARU_GROUP-2027-002132,PROC-base-202708-TRUCKING-MAT,FORECAST,PUBLIC_SYNTHETIC_PLANNING_MODEL,2026-09-06T00:00:00-07:00,PAY-base-base-ARU_GROUP-2027-002132,2027-09-30,2027-10-02,SIMBANK-649d7384f0ddc674f1,-117129,OPERATING,ARU_GROUP,MODELED_BANK_CLEARING_OF_FORECAST_PAYMENT
base,ARU_GROUP,2027,9,base-ARU_GROUP-2027-002133,EV-base-base-ARU_GROUP-2027-002133,PROC-base-202708-TRUCKING-OCC,FORECAST,PUBLIC_SYNTHETIC_PLANNING_MODEL,2026-09-06T00:00:00-07:00,PAY-base-base-ARU_GROUP-2027-002133,2027-09-30,2027-10-02,SIMBANK-154e1beda1c48338e0,-62495,OPERATING,ARU_GROUP,MODELED_BANK_CLEARING_OF_FORECAST_PAYMENT
base,ARU_GROUP,2027,9,base-ARU_GROUP-2027-002134,EV-base-base-ARU_GROUP-2027-002134,PROC-base-202708-TRUCKING-SERV,FORECAST,PUBLIC_SYNTHETIC_PLANNING_MODEL,2026-09-06T00:00:00-07:00,PAY-base-base-ARU_GROUP-2027-002134,2027-09-30,2027-10-02,SIMBANK-dcc539430751529e67,-31839,OPERATING,ARU_GROUP,MODELED_BANK_CLEARING_OF_FORECAST_PAYMENT
base,ARU_GROUP,2027,9,base-ARU_GROUP-2027-002135,EV-base-base-ARU_GROUP-2027-002135,PROC-base-202708-WAREHOUSE-INS,FORECAST,PUBLIC_SYNTHETIC_PLANNING_MODEL,2026-09-06T00:00:00-07:00,PAY-base-base-ARU_GROUP-2027-002135,2027-09-30,2027-10-02,SIMBANK-c9c64df0675022897a,-26223,OPERATING,ARU_GROUP,MODELED_BANK_CLEARING_OF_FORECAST_PAYMENT
base,ARU_GROUP,2027,9,base-ARU_GROUP-2027-002136,EV-base-base-ARU_GROUP-2027-002136,PROC-base-202708-WAREHOUSE-MAINT,FORECAST,PUBLIC_SYNTHETIC_PLANNING_MODEL,2026-09-06T00:00:00-07:00,PAY-base-base-ARU_GROUP-2027-002136,2027-09-30,2027-10-02,SIMBANK-bdff6bd46fb0d27d40,-36645,OPERATING,ARU_GROUP,MODELED_BANK_CLEARING_OF_FORECAST_PAYMENT
base,ARU_GROUP,2027,9,base-ARU_GROUP-2027-002137,EV-base-base-ARU_GROUP-2027-002137,PROC-base-202708-WAREHOUSE-MAT,FORECAST,PUBLIC_SYNTHETIC_PLANNING_MODEL,2026-09-06T00:00:00-07:00,PAY-base-base-ARU_GROUP-2027-002137,2027-09-30,2027-10-02,SIMBANK-a3e7a8a19fa31e07c2,-66483,OPERATING,ARU_GROUP,MODELED_BANK_CLEARING_OF_FORECAST_PAYMENT
base,ARU_GROUP,2027,9,base-ARU_GROUP-2027-002138,EV-base-base-ARU_GROUP-2027-002138,PROC-base-202708-WAREHOUSE-OCC,FORECAST,PUBLIC_SYNTHETIC_PLANNING_MODEL,2026-09-06T00:00:00-07:00,PAY-base-base-ARU_GROUP-2027-002138,2027-09-30,2027-10-02,SIMBANK-e9229d4cbd05aa5fce,-26601,OPERATING,ARU_GROUP,MODELED_BANK_CLEARING_OF_FORECAST_PAYMENT
base,ARU_GROUP,2027,9,base-ARU_GROUP-2027-002139,EV-base-base-ARU_GROUP-2027-002139,PROC-base-202708-WAREHOUSE-SERV,FORECAST,PUBLIC_SYNTHETIC_PLANNING_MODEL,2026-09-06T00:00:00-07:00,PAY-base-base-ARU_GROUP-2027-002139,2027-09-30,2027-10-02,SIMBANK-29e076c19f53c07ada,-27106,OPERATING,ARU_GROUP,MODELED_BANK_CLEARING_OF_FORECAST_PAYMENT
base,ARU_GROUP,2027,9,base-ARU_GROUP-2027-002140,EV-base-base-ARU_GROUP-2027-002140,CAPEX-base-ARU_GROUP-202709-replacement,FORECAST,PUBLIC_SYNTHETIC_PLANNING_MODEL,2026-09-06T00:00:00-07:00,PAY-base-base-ARU_GROUP-2027-002140,2027-09-30,2027-10-02,SIMBANK-b4da1ee45b0ecc222b,-283250,INVESTING,ARU_GROUP,MODELED_BANK_CLEARING_OF_FORECAST_PAYMENT
base,ARU_GROUP,2027,10,base-ARU_GROUP-2027-002263,EV-base-base-ARU_GROUP-2027-002263,SALE-base-202708-BST-2025-001,FORECAST,PUBLIC_SYNTHETIC_PLANNING_MODEL,2026-09-06T00:00:00-07:00,PAY-base-base-ARU_GROUP-2027-002263,2027-10-31,2027-11-02,SIMBANK-c369d102718d6b8562,155473,OPERATING,ARU_GROUP,MODELED_BANK_CLEARING_OF_FORECAST_PAYMENT
base,ARU_GROUP,2027,10,base-ARU_GROUP-2027-002264,EV-base-base-ARU_GROUP-2027-002264,SALE-base-202708-BST-2025-006,FORECAST,PUBLIC_SYNTHETIC_PLANNING_MODEL,2026-09-06T00:00:00-07:00,PAY-base-base-ARU_GROUP-2027-002264,2027-10-31,2027-11-02,SIMBANK-b1f003065f09d58ac4,66420,OPERATING,ARU_GROUP,MODELED_BANK_CLEARING_OF_FORECAST_PAYMENT
base,ARU_GROUP,2027,10,base-ARU_GROUP-2027-002265,EV-base-base-ARU_GROUP-2027-002265,SALE-base-202708-BST-2025-002,FORECAST,PUBLIC_SYNTHETIC_PLANNING_MODEL,2026-09-06T00:00:00-07:00,PAY-base-base-ARU_GROUP-2027-002265,2027-10-31,2027-11-02,SIMBANK-95ee7578f6546e68aa,115387,OPERATING,ARU_GROUP,MODELED_BANK_CLEARING_OF_FORECAST_PAYMENT
base,ARU_GROUP,2027,10,base-ARU_GROUP-2027-002266,EV-base-base-ARU_GROUP-2027-002266,SALE-base-202708-BST-2025-007,FORECAST,PUBLIC_SYNTHETIC_PLANNING_MODEL,2026-09-06T00:00:00-07:00,PAY-base-base-ARU_GROUP-2027-002266,2027-10-31,2027-11-02,SIMBANK-c1c637a79c476374ad,52075,OPERATING,ARU_GROUP,MODELED_BANK_CLEARING_OF_FORECAST_PAYMENT
base,ARU_GROUP,2027,10,base-ARU_GROUP-2027-002267,EV-base-base-ARU_GROUP-2027-002267,SALE-base-202708-BST-2025-004,FORECAST,PUBLIC_SYNTHETIC_PLANNING_MODEL,2026-09-06T00:00:00-07:00,PAY-base-base-ARU_GROUP-2027-002267,2027-10-31,2027-11-02,SIMBANK-0fd0e735f126014400,59899,OPERATING,ARU_GROUP,MODELED_BANK_CLEARING_OF_FORECAST_PAYMENT
base,ARU_GROUP,2027,10,base-ARU_GROUP-2027-002268,EV-base-base-ARU_GROUP-2027-002268,SALE-base-202708-BST-2025-008,FORECAST,PUBLIC_SYNTHETIC_PLANNING_MODEL,2026-09-06T00:00:00-07:00,PAY-base-base-ARU_GROUP-2027-002268,2027-10-31,2027-11-02,SIMBANK-9c746ae554124dd877,29839,OPERATING,ARU_GROUP,MODELED_BANK_CLEARING_OF_FORECAST_PAYMENT
base,ARU_GROUP,2027,10,base-ARU_GROUP-2027-002269,EV-base-base-ARU_GROUP-2027-002269,SALE-base-202708-BST-2025-003,FORECAST,PUBLIC_SYNTHETIC_PLANNING_MODEL,2026-09-06T00:00:00-07:00,PAY-base-base-ARU_GROUP-2027-002269,2027-10-31,2027-11-02,SIMBANK-47220e11daa51dbe8e,70964,OPERATING,ARU_GROUP,MODELED_BANK_CLEARING_OF_FORECAST_PAYMENT
base,ARU_GROUP,2027,10,base-ARU_GROUP-2027-002270,EV-base-base-ARU_GROUP-2027-002270,SALE-base-202708-BST-2025-009,FORECAST,PUBLIC_SYNTHETIC_PLANNING_MODEL,2026-09-06T00:00:00-07:00,PAY-base-base-ARU_GROUP-2027-002270,2027-10-31,2027-11-02,SIMBANK-4bbae2813d1f947f62,36519,OPERATING,ARU_GROUP,MODELED_BANK_CLEARING_OF_FORECAST_PAYMENT
base,ARU_GROUP,2027,10,base-ARU_GROUP-2027-002271,EV-base-base-ARU_GROUP-2027-002271,SALE-base-202708-BST-2025-010,FORECAST,PUBLIC_SYNTHETIC_PLANNING_MODEL,2026-09-06T00:00:00-07:00,PAY-base-base-ARU_GROUP-2027-002271,2027-10-31,2027-11-02,SIMBANK-069c5c7dc1fb557e71,34569,OPERATING,ARU_GROUP,MODELED_BANK_CLEARING_OF_FORECAST_PAYMENT
base,ARU_GROUP,2027,10,base-ARU_GROUP-2027-002272,EV-base-base-ARU_GROUP-2027-002272,SALE-base-202708-BST-2025-011,FORECAST,PUBLIC_SYNTHETIC_PLANNING_MODEL,2026-09-06T00:00:00-07:00,PAY-base-base-ARU_GROUP-2027-002272,2027-10-31,2027-11-02,SIMBANK-e18e4b21615c336261,18266,OPERATING,ARU_GROUP,MODELED_BANK_CLEARING_OF_FORECAST_PAYMENT
base,ARU_GROUP,2027,10,base-ARU_GROUP-2027-002273,EV-base-base-ARU_GROUP-2027-002273,SALE-base-202708-BST-2025-012,FORECAST,PUBLIC_SYNTHETIC_PLANNING_MODEL,2026-09-06T00:00:00-07:00,PAY-base-base-ARU_GROUP-2027-002273,2027-10-31,2027-11-02,SIMBANK-81cd6c54f51b6449ab,56494,OPERATING,ARU_GROUP,MODELED_BANK_CLEARING_OF_FORECAST_PAYMENT
base,ARU_GROUP,2027,10,base-ARU_GROUP-2027-002274,EV-base-base-ARU_GROUP-2027-002274,SALE-base-202708-BST-2025-013,FORECAST,PUBLIC_SYNTHETIC_PLANNING_MODEL,2026-09-06T00:00:00-07:00,PAY-base-base-ARU_GROUP-2027-002274,2027-10-31,2027-11-02,SIMBANK-6db50e2cf0aec56027,36119,OPERATING,ARU_GROUP,MODELED_BANK_CLEARING_OF_FORECAST_PAYMENT
base,ARU_GROUP,2027,10,base-ARU_GROUP-2027-002275,EV-base-base-ARU_GROUP-2027-002275,SALE-base-202708-TRM-2025-001,FORECAST,PUBLIC_SYNTHETIC_PLANNING_MODEL,2026-09-06T00:00:00-07:00,PAY-base-base-ARU_GROUP-2027-002275,2027-10-31,2027-11-02,SIMBANK-b655d357a9e3c294b1,63915,OPERATING,ARU_GROUP,MODELED_BANK_CLEARING_OF_FORECAST_PAYMENT
base,ARU_GROUP,2027,10,base-ARU_GROUP-2027-002276,EV-base-base-ARU_GROUP-2027-002276,SALE-base-202708-TRM-2025-002,FORECAST,PUBLIC_SYNTHETIC_PLANNING_MODEL,2026-09-06T00:00:00-07:00,PAY-base-base-ARU_GROUP-2027-002276,2027-10-31,2027-11-02,SIMBANK-558177552fd16a1c09,62120,OPERATING,ARU_GROUP,MODELED_BANK_CLEARING_OF_FORECAST_PAYMENT
base,ARU_GROUP,2027,10,base-ARU_GROUP-2027-002277,EV-base-base-ARU_GROUP-2027-002277,SALE-base-202708-TRM-2025-003,FORECAST,PUBLIC_SYNTHETIC_PLANNING_MODEL,2026-09-06T00:00:00-07:00,PAY-base-base-ARU_GROUP-2027-002277,2027-10-31,2027-11-02,SIMBANK-f73f73e1d563f49870,85642,OPERATING,ARU_GROUP,MODELED_BANK_CLEARING_OF_FORECAST_PAYMENT
base,ARU_GROUP,2027,10,base-ARU_GROUP-2027-002278,EV-base-base-ARU_GROUP-2027-002278,SALE-base-202708-TRM-2025-014,FORECAST,PUBLIC_SYNTHETIC_PLANNING_MODEL,2026-09-06T00:00:00-07:00,PAY-base-base-ARU_GROUP-2027-002278,2027-10-31,2027-11-02,SIMBANK-b1a826a6ac145f16eb,85537,OPERATING,ARU_GROUP,MODELED_BANK_CLEARING_OF_FORECAST_PAYMENT
base,ARU_GROUP,2027,10,base-ARU_GROUP-2027-002279,EV-base-base-ARU_GROUP-2027-002279,SALE-base-202708-TRM-2025-015,FORECAST,PUBLIC_SYNTHETIC_PLANNING_MODEL,2026-09-06T00:00:00-07:00,PAY-base-base-ARU_GROUP-2027-002279,2027-10-31,2027-11-02,SIMBANK-5fd6bcb49963885fcf,84349,OPERATING,ARU_GROUP,MODELED_BANK_CLEARING_OF_FORECAST_PAYMENT
base,ARU_GROUP,2027,10,base-ARU_GROUP-2027-002280,EV-base-base-ARU_GROUP-2027-002280,SALE-base-202708-TRM-2025-016,FORECAST,PUBLIC_SYNTHETIC_PLANNING_MODEL,2026-09-06T00:00:00-07:00,PAY-base-base-ARU_GROUP-2027-002280,2027-10-31,2027-11-02,SIMBANK-24a75e8648fc212634,81735,OPERATING,ARU_GROUP,MODELED_BANK_CLEARING_OF_FORECAST_PAYMENT
base,ARU_GROUP,2027,10,base-ARU_GROUP-2027-002281,EV-base-base-ARU_GROUP-2027-002281,SALE-base-202708-TRM-2025-017,FORECAST,PUBLIC_SYNTHETIC_PLANNING_MODEL,2026-09-06T00:00:00-07:00,PAY-base-base-ARU_GROUP-2027-002281,2027-10-31,2027-11-02,SIMBANK-5fee1196e660041605,78409,OPERATING,ARU_GROUP,MODELED_BANK_CLEARING_OF_FORECAST_PAYMENT
base,ARU_GROUP,2027,10,base-ARU_GROUP-2027-002282,EV-base-base-ARU_GROUP-2027-002282,SALE-base-202708-TRM-2025-018,FORECAST,PUBLIC_SYNTHETIC_PLANNING_MODEL,2026-09-06T00:00:00-07:00,PAY-base-base-ARU_GROUP-2027-002282,2027-10-31,2027-11-02,SIMBANK-de41afe3f5d0134869,76032,OPERATING,ARU_GROUP,MODELED_BANK_CLEARING_OF_FORECAST_PAYMENT
base,ARU_GROUP,2027,10,base-ARU_GROUP-2027-002283,EV-base-base-ARU_GROUP-2027-002283,SALE-base-202708-TRK-2025-004,FORECAST,PUBLIC_SYNTHETIC_PLANNING_MODEL,2026-09-06T00:00:00-07:00,PAY-base-base-ARU_GROUP-2027-002283,2027-10-31,2027-11-02,SIMBANK-92de0258ab466c31e5,68100,OPERATING,ARU_GROUP,MODELED_BANK_CLEARING_OF_FORECAST_PAYMENT
base,ARU_GROUP,2027,10,base-ARU_GROUP-2027-002284,EV-base-base-ARU_GROUP-2027-002284,SALE-base-202708-TRK-2025-019,FORECAST,PUBLIC_SYNTHETIC_PLANNING_MODEL,2026-09-06T00:00:00-07:00,PAY-base-base-ARU_GROUP-2027-002284,2027-10-31,2027-11-02,SIMBANK-4c445d26c762f742c4,77074,OPERATING,ARU_GROUP,MODELED_BANK_CLEARING_OF_FORECAST_PAYMENT
base,ARU_GROUP,2027,10,base-ARU_GROUP-2027-002285,EV-base-base-ARU_GROUP-2027-002285,SALE-base-202708-TRK-2025-020,FORECAST,PUBLIC_SYNTHETIC_PLANNING_MODEL,2026-09-06T00:00:00-07:00,PAY-base-base-ARU_GROUP-2027-002285,2027-10-31,2027-11-02,SIMBANK-845aefb153c77d918b,74171,OPERATING,ARU_GROUP,MODELED_BANK_CLEARING_OF_FORECAST_PAYMENT
base,ARU_GROUP,2027,10,base-ARU_GROUP-2027-002286,EV-base-base-ARU_GROUP-2027-002286,SALE-base-202708-TRK-2025-021,FORECAST,PUBLIC_SYNTHETIC_PLANNING_MODEL,2026-09-06T00:00:00-07:00,PAY-base-base-ARU_GROUP-2027-002286,2027-10-31,2027-11-02,SIMBANK-b73f71a9d21e1eb724,70211,OPERATING,ARU_GROUP,MODELED_BANK_CLEARING_OF_FORECAST_PAYMENT
base,ARU_GROUP,2027,10,base-ARU_GROUP-2027-002287,EV-base-base-ARU_GROUP-2027-002287,SALE-base-202708-TRK-2025-022,FORECAST,PUBLIC_SYNTHETIC_PLANNING_MODEL,2026-09-06T00:00:00-07:00,PAY-base-base-ARU_GROUP-2027-002287,2027-10-31,2027-11-02,SIMBANK-a1cf8ba4dae9db777a,66516,OPERATING,ARU_GROUP,MODELED_BANK_CLEARING_OF_FORECAST_PAYMENT
base,ARU_GROUP,2027,10,base-ARU_GROUP-2027-002288,EV-base-base-ARU_GROUP-2027-002288,SALE-base-202708-WHS-2025-005,FORECAST,PUBLIC_SYNTHETIC_PLANNING_MODEL,2026-09-06T00:00:00-07:00,PAY-base-base-ARU_GROUP-2027-002288,2027-10-31,2027-11-02,SIMBANK-25e81ef099cbede1ac,115471,OPERATING,ARU_GROUP,MODELED_BANK_CLEARING_OF_FORECAST_PAYMENT
base,ARU_GROUP,2027,10,base-ARU_GROUP-2027-002289,EV-base-base-ARU_GROUP-2027-002289,SALE-base-202708-WHS-2025-023,FORECAST,PUBLIC_SYNTHETIC_PLANNING_MODEL,2026-09-06T00:00:00-07:00,PAY-base-base-ARU_GROUP-2027-002289,2027-10-31,2027-11-02,SIMBANK-45d40c4174a5583e24,61299,OPERATING,ARU_GROUP,MODELED_BANK_CLEARING_OF_FORECAST_PAYMENT
base,ARU_GROUP,2027,10,base-ARU_GROUP-2027-002290,EV-base-base-ARU_GROUP-2027-002290,SALE-base-202708-WHS-2025-024,FORECAST,PUBLIC_SYNTHETIC_PLANNING_MODEL,2026-09-06T00:00:00-07:00,PAY-base-base-ARU_GROUP-2027-002290,2027-10-31,2027-11-02,SIMBANK-32a09c5c1c01a5f0da,57023,OPERATING,ARU_GROUP,MODELED_BANK_CLEARING_OF_FORECAST_PAYMENT
base,ARU_GROUP,2027,10,base-ARU_GROUP-2027-002291,EV-base-base-ARU_GROUP-2027-002291,SALE-base-202708-WHS-2025-025,FORECAST,PUBLIC_SYNTHETIC_PLANNING_MODEL,2026-09-06T00:00:00-07:00,PAY-base-base-ARU_GROUP-2027-002291,2027-10-31,2027-11-02,SIMBANK-dedadc2a52fc2c0d10,51320,OPERATING,ARU_GROUP,MODELED_BANK_CLEARING_OF_FORECAST_PAYMENT
base,ARU_GROUP,2027,10,base-ARU_GROUP-2027-002292,EV-base-base-ARU_GROUP-2027-002292,SALE-base-202709-BST-2025-001,FORECAST,PUBLIC_SYNTHETIC_PLANNING_MODEL,2026-09-06T00:00:00-07:00,PAY-base-base-ARU_GROUP-2027-002292,2027-10-31,2027-11-02,SIMBANK-f203e873869f44a042,155474,OPERATING,ARU_GROUP,MODELED_BANK_CLEARING_OF_FORECAST_PAYMENT
base,ARU_GROUP,2027,10,base-ARU_GROUP-2027-002293,EV-base-base-ARU_GROUP-2027-002293,SALE-base-202709-BST-2025-006,FORECAST,PUBLIC_SYNTHETIC_PLANNING_MODEL,2026-09-06T00:00:00-07:00,PAY-base-base-ARU_GROUP-2027-002293,2027-10-31,2027-11-02,SIMBANK-9a84e0a298aacd60a0,66420,OPERATING,ARU_GROUP,MODELED_BANK_CLEARING_OF_FORECAST_PAYMENT
base,ARU_GROUP,2027,10,base-ARU_GROUP-2027-002294,EV-base-base-ARU_GROUP-2027-002294,SALE-base-202709-BST-2025-002,FORECAST,PUBLIC_SYNTHETIC_PLANNING_MODEL,2026-09-06T00:00:00-07:00,PAY-base-base-ARU_GROUP-2027-002294,2027-10-31,2027-11-02,SIMBANK-6fd658db66614f5f76,115387,OPERATING,ARU_GROUP,MODELED_BANK_CLEARING_OF_FORECAST_PAYMENT
base,ARU_GROUP,2027,10,base-ARU_GROUP-2027-002295,EV-base-base-ARU_GROUP-2027-002295,SALE-base-202709-BST-2025-007,FORECAST,PUBLIC_SYNTHETIC_PLANNING_MODEL,2026-09-06T00:00:00-07:00,PAY-base-base-ARU_GROUP-2027-002295,2027-10-31,2027-11-02,SIMBANK-5767e83c1f830dfcb4,52075,OPERATING,ARU_GROUP,MODELED_BANK_CLEARING_OF_FORECAST_PAYMENT
base,ARU_GROUP,2027,10,base-ARU_GROUP-2027-002296,EV-base-base-ARU_GROUP-2027-002296,SALE-base-202709-BST-2025-004,FORECAST,PUBLIC_SYNTHETIC_PLANNING_MODEL,2026-09-06T00:00:00-07:00,PAY-base-base-ARU_GROUP-2027-002296,2027-10-31,2027-11-02,SIMBANK-20db0bf495e3d3b773,59899,OPERATING,ARU_GROUP,MODELED_BANK_CLEARING_OF_FORECAST_PAYMENT
base,ARU_GROUP,2027,10,base-ARU_GROUP-2027-002297,EV-base-base-ARU_GROUP-2027-002297,SALE-base-202709-BST-2025-008,FORECAST,PUBLIC_SYNTHETIC_PLANNING_MODEL,2026-09-06T00:00:00-07:00,PAY-base-base-ARU_GROUP-2027-002297,2027-10-31,2027-11-02,SIMBANK-8522a0f5a8bdd5afb6,29839,OPERATING,ARU_GROUP,MODELED_BANK_CLEARING_OF_FORECAST_PAYMENT
base,ARU_GROUP,2027,10,base-ARU_GROUP-2027-002298,EV-base-base-ARU_GROUP-2027-002298,SALE-base-202709-BST-2025-003,FORECAST,PUBLIC_SYNTHETIC_PLANNING_MODEL,2026-09-06T00:00:00-07:00,PAY-base-base-ARU_GROUP-2027-002298,2027-10-31,2027-11-02,SIMBANK-08603b31ace03f3ab2,70965,OPERATING,ARU_GROUP,MODELED_BANK_CLEARING_OF_FORECAST_PAYMENT
base,ARU_GROUP,2027,10,base-ARU_GROUP-2027-002299,EV-base-base-ARU_GROUP-2027-002299,SALE-base-202709-BST-2025-009,FORECAST,PUBLIC_SYNTHETIC_PLANNING_MODEL,2026-09-06T00:00:00-07:00,PAY-base-base-ARU_GROUP-2027-002299,2027-10-31,2027-11-02,SIMBANK-b28b787eea01ff464c,36519,OPERATING,ARU_GROUP,MODELED_BANK_CLEARING_OF_FORECAST_PAYMENT
base,ARU_GROUP,2027,10,base-ARU_GROUP-2027-002300,EV-base-base-ARU_GROUP-2027-002300,SALE-base-202709-BST-2025-010,FORECAST,PUBLIC_SYNTHETIC_PLANNING_MODEL,2026-09-06T00:00:00-07:00,PAY-base-base-ARU_GROUP-2027-002300,2027-10-31,2027-11-02,SIMBANK-65daf4dab4c4606cb3,34569,OPERATING,ARU_GROUP,MODELED_BANK_CLEARING_OF_FORECAST_PAYMENT
base,ARU_GROUP,2027,10,base-ARU_GROUP-2027-002301,EV-base-base-ARU_GROUP-2027-002301,SALE-base-202709-BST-2025-011,FORECAST,PUBLIC_SYNTHETIC_PLANNING_MODEL,2026-09-06T00:00:00-07:00,PAY-base-base-ARU_GROUP-2027-002301,2027-10-31,2027-11-02,SIMBANK-d70fa8c4bc4e9c654e,18266,OPERATING,ARU_GROUP,MODELED_BANK_CLEARING_OF_FORECAST_PAYMENT
base,ARU_GROUP,2027,10,base-ARU_GROUP-2027-002302,EV-base-base-ARU_GROUP-2027-002302,SALE-base-202709-BST-2025-012,FORECAST,PUBLIC_SYNTHETIC_PLANNING_MODEL,2026-09-06T00:00:00-07:00,PAY-base-base-ARU_GROUP-2027-002302,2027-10-31,2027-11-02,SIMBANK-7c59593b0c8ac53f96,56494,OPERATING,ARU_GROUP,MODELED_BANK_CLEARING_OF_FORECAST_PAYMENT
base,ARU_GROUP,2027,10,base-ARU_GROUP-2027-002303,EV-base-base-ARU_GROUP-2027-002303,SALE-base-202709-BST-2025-013,FORECAST,PUBLIC_SYNTHETIC_PLANNING_MODEL,2026-09-06T00:00:00-07:00,PAY-base-base-ARU_GROUP-2027-002303,2027-10-31,2027-11-02,SIMBANK-c5ec212d6dfde8974e,36120,OPERATING,ARU_GROUP,MODELED_BANK_CLEARING_OF_FORECAST_PAYMENT
base,ARU_GROUP,2027,10,base-ARU_GROUP-2027-002304,EV-base-base-ARU_GROUP-2027-002304,SALE-base-202709-TRM-2025-001,FORECAST,PUBLIC_SYNTHETIC_PLANNING_MODEL,2026-09-06T00:00:00-07:00,PAY-base-base-ARU_GROUP-2027-002304,2027-10-31,2027-11-02,SIMBANK-36de78b2cc6e8ee1a8,63915,OPERATING,ARU_GROUP,MODELED_BANK_CLEARING_OF_FORECAST_PAYMENT
base,ARU_GROUP,2027,10,base-ARU_GROUP-2027-002305,EV-base-base-ARU_GROUP-2027-002305,SALE-base-202709-TRM-2025-002,FORECAST,PUBLIC_SYNTHETIC_PLANNING_MODEL,2026-09-06T00:00:00-07:00,PAY-base-base-ARU_GROUP-2027-002305,2027-10-31,2027-11-02,SIMBANK-f05fe4f8429f289a91,62120,OPERATING,ARU_GROUP,MODELED_BANK_CLEARING_OF_FORECAST_PAYMENT
base,ARU_GROUP,2027,10,base-ARU_GROUP-2027-002306,EV-base-base-ARU_GROUP-2027-002306,SALE-base-202709-TRM-2025-003,FORECAST,PUBLIC_SYNTHETIC_PLANNING_MODEL,2026-09-06T00:00:00-07:00,PAY-base-base-ARU_GROUP-2027-002306,2027-10-31,2027-11-02,SIMBANK-061a519a2d580ebb13,85643,OPERATING,ARU_GROUP,MODELED_BANK_CLEARING_OF_FORECAST_PAYMENT
base,ARU_GROUP,2027,10,base-ARU_GROUP-2027-002307,EV-base-base-ARU_GROUP-2027-002307,SALE-base-202709-TRM-2025-014,FORECAST,PUBLIC_SYNTHETIC_PLANNING_MODEL,2026-09-06T00:00:00-07:00,PAY-base-base-ARU_GROUP-2027-002307,2027-10-31,2027-11-02,SIMBANK-35980dd35484aebc0a,85537,OPERATING,ARU_GROUP,MODELED_BANK_CLEARING_OF_FORECAST_PAYMENT
base,ARU_GROUP,2027,10,base-ARU_GROUP-2027-002308,EV-base-base-ARU_GROUP-2027-002308,SALE-base-202709-TRM-2025-015,FORECAST,PUBLIC_SYNTHETIC_PLANNING_MODEL,2026-09-06T00:00:00-07:00,PAY-base-base-ARU_GROUP-2027-002308,2027-10-31,2027-11-02,SIMBANK-6fdfc318fae38d4768,84349,OPERATING,ARU_GROUP,MODELED_BANK_CLEARING_OF_FORECAST_PAYMENT
base,ARU_GROUP,2027,10,base-ARU_GROUP-2027-002309,EV-base-base-ARU_GROUP-2027-002309,SALE-base-202709-TRM-2025-016,FORECAST,PUBLIC_SYNTHETIC_PLANNING_MODEL,2026-09-06T00:00:00-07:00,PAY-base-base-ARU_GROUP-2027-002309,2027-10-31,2027-11-02,SIMBANK-1b870363059a1fa4a5,81735,OPERATING,ARU_GROUP,MODELED_BANK_CLEARING_OF_FORECAST_PAYMENT
base,ARU_GROUP,2027,10,base-ARU_GROUP-2027-002310,EV-base-base-ARU_GROUP-2027-002310,SALE-base-202709-TRM-2025-017,FORECAST,PUBLIC_SYNTHETIC_PLANNING_MODEL,2026-09-06T00:00:00-07:00,PAY-base-base-ARU_GROUP-2027-002310,2027-10-31,2027-11-02,SIMBANK-daed136290d636a99a,78409,OPERATING,ARU_GROUP,MODELED_BANK_CLEARING_OF_FORECAST_PAYMENT
base,ARU_GROUP,2027,10,base-ARU_GROUP-2027-002311,EV-base-base-ARU_GROUP-2027-002311,SALE-base-202709-TRM-2025-018,FORECAST,PUBLIC_SYNTHETIC_PLANNING_MODEL,2026-09-06T00:00:00-07:00,PAY-base-base-ARU_GROUP-2027-002311,2027-10-31,2027-11-02,SIMBANK-5f6606d562f9d7095d,76033,OPERATING,ARU_GROUP,MODELED_BANK_CLEARING_OF_FORECAST_PAYMENT
base,ARU_GROUP,2027,10,base-ARU_GROUP-2027-002312,EV-base-base-ARU_GROUP-2027-002312,SALE-base-202709-TRK-2025-004,FORECAST,PUBLIC_SYNTHETIC_PLANNING_MODEL,2026-09-06T00:00:00-07:00,PAY-base-base-ARU_GROUP-2027-002312,2027-10-31,2027-11-02,SIMBANK-1d5f200e6fbe09d60b,68100,OPERATING,ARU_GROUP,MODELED_BANK_CLEARING_OF_FORECAST_PAYMENT
base,ARU_GROUP,2027,10,base-ARU_GROUP-2027-002313,EV-base-base-ARU_GROUP-2027-002313,SALE-base-202709-TRK-2025-019,FORECAST,PUBLIC_SYNTHETIC_PLANNING_MODEL,2026-09-06T00:00:00-07:00,PAY-base-base-ARU_GROUP-2027-002313,2027-10-31,2027-11-02,SIMBANK-03eb82c775969c232c,77075,OPERATING,ARU_GROUP,MODELED_BANK_CLEARING_OF_FORECAST_PAYMENT
base,ARU_GROUP,2027,10,base-ARU_GROUP-2027-002314,EV-base-base-ARU_GROUP-2027-002314,SALE-base-202709-TRK-2025-020,FORECAST,PUBLIC_SYNTHETIC_PLANNING_MODEL,2026-09-06T00:00:00-07:00,PAY-base-base-ARU_GROUP-2027-002314,2027-10-31,2027-11-02,SIMBANK-eefaf6b9caa4b38799,74171,OPERATING,ARU_GROUP,MODELED_BANK_CLEARING_OF_FORECAST_PAYMENT
base,ARU_GROUP,2027,10,base-ARU_GROUP-2027-002315,EV-base-base-ARU_GROUP-2027-002315,SALE-base-202709-TRK-2025-021,FORECAST,PUBLIC_SYNTHETIC_PLANNING_MODEL,2026-09-06T00:00:00-07:00,PAY-base-base-ARU_GROUP-2027-002315,2027-10-31,2027-11-02,SIMBANK-e16a83178240258e2c,70212,OPERATING,ARU_GROUP,MODELED_BANK_CLEARING_OF_FORECAST_PAYMENT
base,ARU_GROUP,2027,10,base-ARU_GROUP-2027-002316,EV-base-base-ARU_GROUP-2027-002316,SALE-base-202709-TRK-2025-022,FORECAST,PUBLIC_SYNTHETIC_PLANNING_MODEL,2026-09-06T00:00:00-07:00,PAY-base-base-ARU_GROUP-2027-002316,2027-10-31,2027-11-02,SIMBANK-1314a60e91114c7988,66516,OPERATING,ARU_GROUP,MODELED_BANK_CLEARING_OF_FORECAST_PAYMENT
base,ARU_GROUP,2027,10,base-ARU_GROUP-2027-002317,EV-base-base-ARU_GROUP-2027-002317,SALE-base-202709-WHS-2025-005,FORECAST,PUBLIC_SYNTHETIC_PLANNING_MODEL,2026-09-06T00:00:00-07:00,PAY-base-base-ARU_GROUP-2027-002317,2027-10-31,2027-11-02,SIMBANK-ee0dac584a1881489d,115471,OPERATING,ARU_GROUP,MODELED_BANK_CLEARING_OF_FORECAST_PAYMENT
base,ARU_GROUP,2027,10,base-ARU_GROUP-2027-002318,EV-base-base-ARU_GROUP-2027-002318,SALE-base-202709-WHS-2025-023,FORECAST,PUBLIC_SYNTHETIC_PLANNING_MODEL,2026-09-06T00:00:00-07:00,PAY-base-base-ARU_GROUP-2027-002318,2027-10-31,2027-11-02,SIMBANK-c1ac2def15bf30e3d7,61300,OPERATING,ARU_GROUP,MODELED_BANK_CLEARING_OF_FORECAST_PAYMENT
base,ARU_GROUP,2027,10,base-ARU_GROUP-2027-002319,EV-base-base-ARU_GROUP-2027-002319,SALE-base-202709-WHS-2025-024,FORECAST,PUBLIC_SYNTHETIC_PLANNING_MODEL,2026-09-06T00:00:00-07:00,PAY-base-base-ARU_GROUP-2027-002319,2027-10-31,2027-11-02,SIMBANK-adebc85a5ded5c2b70,57023,OPERATING,ARU_GROUP,MODELED_BANK_CLEARING_OF_FORECAST_PAYMENT
base,ARU_GROUP,2027,10,base-ARU_GROUP-2027-002320,EV-base-base-ARU_GROUP-2027-002320,SALE-base-202709-WHS-2025-025,FORECAST,PUBLIC_SYNTHETIC_PLANNING_MODEL,2026-09-06T00:00:00-07:00,PAY-base-base-ARU_GROUP-2027-002320,2027-10-31,2027-11-02,SIMBANK-edee344e7082142467,51321,OPERATING,ARU_GROUP,MODELED_BANK_CLEARING_OF_FORECAST_PAYMENT
base,ARU_GROUP,2027,10,base-ARU_GROUP-2027-002324,EV-base-base-ARU_GROUP-2027-002324,IC-base-202709-acid-BST,FORECAST,PUBLIC_SYNTHETIC_PLANNING_MODEL,2026-09-06T00:00:00-07:00,PAY-base-base-ARU_GROUP-2027-002324,2027-10-31,2027-11-02,SIMBANK-e91a431f4c3decbccd,3876,OPERATING,ARU_GROUP,MODELED_BANK_CLEARING_OF_FORECAST_PAYMENT
base,ARU_GROUP,2027,10,base-ARU_GROUP-2027-002325,EV-base-base-ARU_GROUP-2027-002325,IC-base-202709-acid-TERMINALS,FORECAST,PUBLIC_SYNTHETIC_PLANNING_MODEL,2026-09-06T00:00:00-07:00,PAY-base-base-ARU_GROUP-2027-002325,2027-10-31,2027-11-02,SIMBANK-9260f2500b2b037675,2856,OPERATING,ARU_GROUP,MODELED_BANK_CLEARING_OF_FORECAST_PAYMENT
base,ARU_GROUP,2027,10,base-ARU_GROUP-2027-002326,EV-base-base-ARU_GROUP-2027-002326,IC-base-202709-acid-TRUCKING,FORECAST,PUBLIC_SYNTHETIC_PLANNING_MODEL,2026-09-06T00:00:00-07:00,PAY-base-base-ARU_GROUP-2027-002326,2027-10-31,2027-11-02,SIMBANK-7389e2c61bfd2038d9,5549,OPERATING,ARU_GROUP,MODELED_BANK_CLEARING_OF_FORECAST_PAYMENT
base,ARU_GROUP,2027,10,base-ARU_GROUP-2027-002327,EV-base-base-ARU_GROUP-2027-002327,IC-base-202709-binder-BST,FORECAST,PUBLIC_SYNTHETIC_PLANNING_MODEL,2026-09-06T00:00:00-07:00,PAY-base-base-ARU_GROUP-2027-002327,2027-10-31,2027-11-02,SIMBANK-c83e605e3ade638c55,4335,OPERATING,ARU_GROUP,MODELED_BANK_CLEARING_OF_FORECAST_PAYMENT
base,ARU_GROUP,2027,10,base-ARU_GROUP-2027-002328,EV-base-base-ARU_GROUP-2027-002328,IC-base-202709-binder-TERMINALS,FORECAST,PUBLIC_SYNTHETIC_PLANNING_MODEL,2026-09-06T00:00:00-07:00,PAY-base-base-ARU_GROUP-2027-002328,2027-10-31,2027-11-02,SIMBANK-5733803e1ed9996166,2040,OPERATING,ARU_GROUP,MODELED_BANK_CLEARING_OF_FORECAST_PAYMENT
base,ARU_GROUP,2027,10,base-ARU_GROUP-2027-002329,EV-base-base-ARU_GROUP-2027-002329,IC-base-202709-binder-TRUCKING,FORECAST,PUBLIC_SYNTHETIC_PLANNING_MODEL,2026-09-06T00:00:00-07:00,PAY-base-base-ARU_GROUP-2027-002329,2027-10-31,2027-11-02,SIMBANK-3348b714889131e817,5814,OPERATING,ARU_GROUP,MODELED_BANK_CLEARING_OF_FORECAST_PAYMENT
base,ARU_GROUP,2027,10,base-ARU_GROUP-2027-002330,EV-base-base-ARU_GROUP-2027-002330,IC-base-202709-lime-BST,FORECAST,PUBLIC_SYNTHETIC_PLANNING_MODEL,2026-09-06T00:00:00-07:00,PAY-base-base-ARU_GROUP-2027-002330,2027-10-31,2027-11-02,SIMBANK-5967da873666db7af1,867,OPERATING,ARU_GROUP,MODELED_BANK_CLEARING_OF_FORECAST_PAYMENT
base,ARU_GROUP,2027,10,base-ARU_GROUP-2027-002331,EV-base-base-ARU_GROUP-2027-002331,IC-base-202709-lime-TERMINALS,FORECAST,PUBLIC_SYNTHETIC_PLANNING_MODEL,2026-09-06T00:00:00-07:00,PAY-base-base-ARU_GROUP-2027-002331,2027-10-31,2027-11-02,SIMBANK-1658b319265474c2ec,459,OPERATING,ARU_GROUP,MODELED_BANK_CLEARING_OF_FORECAST_PAYMENT
base,ARU_GROUP,2027,10,base-ARU_GROUP-2027-002332,EV-base-base-ARU_GROUP-2027-002332,IC-base-202709-lime-TRUCKING,FORECAST,PUBLIC_SYNTHETIC_PLANNING_MODEL,2026-09-06T00:00:00-07:00,PAY-base-base-ARU_GROUP-2027-002332,2027-10-31,2027-11-02,SIMBANK-a31659cf1a789f68b1,1224,OPERATING,ARU_GROUP,MODELED_BANK_CLEARING_OF_FORECAST_PAYMENT
base,ARU_GROUP,2027,10,base-ARU_GROUP-2027-002333,EV-base-base-ARU_GROUP-2027-002333,IC-base-202709-mro-BST,FORECAST,PUBLIC_SYNTHETIC_PLANNING_MODEL,2026-09-06T00:00:00-07:00,PAY-base-base-ARU_GROUP-2027-002333,2027-10-31,2027-11-02,SIMBANK-1e8805727e687664ad,765,OPERATING,ARU_GROUP,MODELED_BANK_CLEARING_OF_FORECAST_PAYMENT
base,ARU_GROUP,2027,10,base-ARU_GROUP-2027-002334,EV-base-base-ARU_GROUP-2027-002334,IC-base-202709-mro-TERMINALS,FORECAST,PUBLIC_SYNTHETIC_PLANNING_MODEL,2026-09-06T00:00:00-07:00,PAY-base-base-ARU_GROUP-2027-002334,2027-10-31,2027-11-02,SIMBANK-52094605c38e476295,510,OPERATING,ARU_GROUP,MODELED_BANK_CLEARING_OF_FORECAST_PAYMENT
base,ARU_GROUP,2027,10,base-ARU_GROUP-2027-002335,EV-base-base-ARU_GROUP-2027-002335,IC-base-202709-mro-TRUCKING,FORECAST,PUBLIC_SYNTHETIC_PLANNING_MODEL,2026-09-06T00:00:00-07:00,PAY-base-base-ARU_GROUP-2027-002335,2027-10-31,2027-11-02,SIMBANK-97bb251433357e2276,663,OPERATING,ARU_GROUP,MODELED_BANK_CLEARING_OF_FORECAST_PAYMENT
base,ARU_GROUP,2027,10,base-ARU_GROUP-2027-002336,EV-base-base-ARU_GROUP-2027-002336,IC-base-202709-project-BST,FORECAST,PUBLIC_SYNTHETIC_PLANNING_MODEL,2026-09-06T00:00:00-07:00,PAY-base-base-ARU_GROUP-2027-002336,2027-10-31,2027-11-02,SIMBANK-a5f527215dd887b3b6,1428,OPERATING,ARU_GROUP,MODELED_BANK_CLEARING_OF_FORECAST_PAYMENT
base,ARU_GROUP,2027,10,base-ARU_GROUP-2027-002337,EV-base-base-ARU_GROUP-2027-002337,IC-base-202709-project-TERMINALS,FORECAST,PUBLIC_SYNTHETIC_PLANNING_MODEL,2026-09-06T00:00:00-07:00,PAY-base-base-ARU_GROUP-2027-002337,2027-10-31,2027-11-02,SIMBANK-146a789104b3fd50f7,1428,OPERATING,ARU_GROUP,MODELED_BANK_CLEARING_OF_FORECAST_PAYMENT
base,ARU_GROUP,2027,10,base-ARU_GROUP-2027-002338,EV-base-base-ARU_GROUP-2027-002338,IC-base-202709-project-TRUCKING,FORECAST,PUBLIC_SYNTHETIC_PLANNING_MODEL,2026-09-06T00:00:00-07:00,PAY-base-base-ARU_GROUP-2027-002338,2027-10-31,2027-11-02,SIMBANK-c9d881ef7677a0485a,1836,OPERATING,ARU_GROUP,MODELED_BANK_CLEARING_OF_FORECAST_PAYMENT
base,ARU_GROUP,2027,10,base-ARU_GROUP-2027-002339,EV-base-base-ARU_GROUP-2027-002339,IC-base-202709-steel-BST,FORECAST,PUBLIC_SYNTHETIC_PLANNING_MODEL,2026-09-06T00:00:00-07:00,PAY-base-base-ARU_GROUP-2027-002339,2027-10-31,2027-11-02,SIMBANK-21455cb7092c1982bc,1938,OPERATING,ARU_GROUP,MODELED_BANK_CLEARING_OF_FORECAST_PAYMENT
base,ARU_GROUP,2027,10,base-ARU_GROUP-2027-002340,EV-base-base-ARU_GROUP-2027-002340,IC-base-202709-steel-TERMINALS,FORECAST,PUBLIC_SYNTHETIC_PLANNING_MODEL,2026-09-06T00:00:00-07:00,PAY-base-base-ARU_GROUP-2027-002340,2027-10-31,2027-11-02,SIMBANK-4a8c64503af756251e,1326,OPERATING,ARU_GROUP,MODELED_BANK_CLEARING_OF_FORECAST_PAYMENT
base,ARU_GROUP,2027,10,base-ARU_GROUP-2027-002341,EV-base-base-ARU_GROUP-2027-002341,IC-base-202709-steel-TRUCKING,FORECAST,PUBLIC_SYNTHETIC_PLANNING_MODEL,2026-09-06T00:00:00-07:00,PAY-base-base-ARU_GROUP-2027-002341,2027-10-31,2027-11-02,SIMBANK-2f6a4c120a61341c68,2295,OPERATING,ARU_GROUP,MODELED_BANK_CLEARING_OF_FORECAST_PAYMENT
base,ARU_GROUP,2027,10,base-ARU_GROUP-2027-002343,EV-base-base-ARU_GROUP-2027-002343,PAYROLL-base-202710-ARU,FORECAST,PUBLIC_SYNTHETIC_PLANNING_MODEL,2026-09-06T00:00:00-07:00,PAY-base-base-ARU_GROUP-2027-002343,2027-10-31,2027-11-02,SIMBANK-93dbc7f056897052c6,-144008,OPERATING,ARU_GROUP,MODELED_BANK_CLEARING_OF_FORECAST_PAYMENT
base,ARU_GROUP,2027,10,base-ARU_GROUP-2027-002344,EV-base-base-ARU_GROUP-2027-002344,PAYROLL-base-202710-BST,FORECAST,PUBLIC_SYNTHETIC_PLANNING_MODEL,2026-09-06T00:00:00-07:00,PAY-base-base-ARU_GROUP-2027-002344,2027-10-31,2027-11-02,SIMBANK-054f54d6fa04fa3e61,-516154,OPERATING,ARU_GROUP,MODELED_BANK_CLEARING_OF_FORECAST_PAYMENT
base,ARU_GROUP,2027,10,base-ARU_GROUP-2027-002345,EV-base-base-ARU_GROUP-2027-002345,PAYROLL-base-202710-TERMINALS,FORECAST,PUBLIC_SYNTHETIC_PLANNING_MODEL,2026-09-06T00:00:00-07:00,PAY-base-base-ARU_GROUP-2027-002345,2027-10-31,2027-11-02,SIMBANK-ac2b0cd0c14b5c4560,-200784,OPERATING,ARU_GROUP,MODELED_BANK_CLEARING_OF_FORECAST_PAYMENT
base,ARU_GROUP,2027,10,base-ARU_GROUP-2027-002346,EV-base-base-ARU_GROUP-2027-002346,PAYROLL-base-202710-TRUCKING,FORECAST,PUBLIC_SYNTHETIC_PLANNING_MODEL,2026-09-06T00:00:00-07:00,PAY-base-base-ARU_GROUP-2027-002346,2027-10-31,2027-11-02,SIMBANK-be813a3cf4371e666c,-194118,OPERATING,ARU_GROUP,MODELED_BANK_CLEARING_OF_FORECAST_PAYMENT
base,ARU_GROUP,2027,10,base-ARU_GROUP-2027-002347,EV-base-base-ARU_GROUP-2027-002347,PAYROLL-base-202710-WAREHOUSE,FORECAST,PUBLIC_SYNTHETIC_PLANNING_MODEL,2026-09-06T00:00:00-07:00,PAY-base-base-ARU_GROUP-2027-002347,2027-10-31,2027-11-02,SIMBANK-b9aa9aa3a9b2d08c01,-92175,OPERATING,ARU_GROUP,MODELED_BANK_CLEARING_OF_FORECAST_PAYMENT
base,ARU_GROUP,2027,10,base-ARU_GROUP-2027-002348,EV-base-base-ARU_GROUP-2027-002348,INTEREST-202710,FORECAST,PUBLIC_SYNTHETIC_PLANNING_MODEL,2026-09-06T00:00:00-07:00,PAY-base-base-ARU_GROUP-2027-002348,2027-10-31,2027-11-02,SIMBANK-725bd192b9c0215d03,-124088,OPERATING,ARU_GROUP,MODELED_BANK_CLEARING_OF_FORECAST_PAYMENT
base,ARU_GROUP,2027,10,base-ARU_GROUP-2027-002349,EV-base-base-ARU_GROUP-2027-002349,LEASE-202710,FORECAST,PUBLIC_SYNTHETIC_PLANNING_MODEL,2026-09-06T00:00:00-07:00,PAY-base-base-ARU_GROUP-2027-002349,2027-10-31,2027-11-02,SIMBANK-48b06cfd348133b938,-41666,FINANCING,ARU_GROUP,MODELED_BANK_CLEARING_OF_FORECAST_PAYMENT
base,ARU_GROUP,2027,10,base-ARU_GROUP-2027-002350,EV-base-base-ARU_GROUP-2027-002350,LEGACY-TERM-202710,FORECAST,PUBLIC_SYNTHETIC_PLANNING_MODEL,2026-09-06T00:00:00-07:00,PAY-base-base-ARU_GROUP-2027-002350,2027-10-31,2027-11-02,SIMBANK-b5c79ad3ab078d959c,-375000,FINANCING,ARU_GROUP,MODELED_BANK_CLEARING_OF_FORECAST_PAYMENT
base,ARU_GROUP,2027,10,base-ARU_GROUP-2027-002351,EV-base-base-ARU_GROUP-2027-002351,IC-base-202710-acid-BST-COST,FORECAST,PUBLIC_SYNTHETIC_PLANNING_MODEL,2026-09-06T00:00:00-07:00,PAY-base-base-ARU_GROUP-2027-002351,2027-10-31,2027-11-02,SIMBANK-4bf04dab0e08b62fa2,-2112,OPERATING,ARU_GROUP,MODELED_BANK_CLEARING_OF_FORECAST_PAYMENT
base,ARU_GROUP,2027,10,base-ARU_GROUP-2027-002352,EV-base-base-ARU_GROUP-2027-002352,IC-base-202710-acid-TERMINALS-COST,FORECAST,PUBLIC_SYNTHETIC_PLANNING_MODEL,2026-09-06T00:00:00-07:00,PAY-base-base-ARU_GROUP-2027-002352,2027-10-31,2027-11-02,SIMBANK-046b3d109e706fdcb1,-2009,OPERATING,ARU_GROUP,MODELED_BANK_CLEARING_OF_FORECAST_PAYMENT
base,ARU_GROUP,2027,10,base-ARU_GROUP-2027-002353,EV-base-base-ARU_GROUP-2027-002353,IC-base-202710-acid-TRUCKING-COST,FORECAST,PUBLIC_SYNTHETIC_PLANNING_MODEL,2026-09-06T00:00:00-07:00,PAY-base-base-ARU_GROUP-2027-002353,2027-10-31,2027-11-02,SIMBANK-2a1b61beb0dd73f214,-4738,OPERATING,ARU_GROUP,MODELED_BANK_CLEARING_OF_FORECAST_PAYMENT
base,ARU_GROUP,2027,10,base-ARU_GROUP-2027-002354,EV-base-base-ARU_GROUP-2027-002354,IC-base-202710-binder-BST-COST,FORECAST,PUBLIC_SYNTHETIC_PLANNING_MODEL,2026-09-06T00:00:00-07:00,PAY-base-base-ARU_GROUP-2027-002354,2027-10-31,2027-11-02,SIMBANK-13f5631a01bc0e296a,-2225,OPERATING,ARU_GROUP,MODELED_BANK_CLEARING_OF_FORECAST_PAYMENT
base,ARU_GROUP,2027,10,base-ARU_GROUP-2027-002355,EV-base-base-ARU_GROUP-2027-002355,IC-base-202710-binder-TERMINALS-COST,FORECAST,PUBLIC_SYNTHETIC_PLANNING_MODEL,2026-09-06T00:00:00-07:00,PAY-base-base-ARU_GROUP-2027-002355,2027-10-31,2027-11-02,SIMBANK-c6b7ea57bd1e7f0e01,-1421,OPERATING,ARU_GROUP,MODELED_BANK_CLEARING_OF_FORECAST_PAYMENT
base,ARU_GROUP,2027,10,base-ARU_GROUP-2027-002356,EV-base-base-ARU_GROUP-2027-002356,IC-base-202710-binder-TRUCKING-COST,FORECAST,PUBLIC_SYNTHETIC_PLANNING_MODEL,2026-09-06T00:00:00-07:00,PAY-base-base-ARU_GROUP-2027-002356,2027-10-31,2027-11-02,SIMBANK-606e7a045ac130880a,-4697,OPERATING,ARU_GROUP,MODELED_BANK_CLEARING_OF_FORECAST_PAYMENT
base,ARU_GROUP,2027,10,base-ARU_GROUP-2027-002357,EV-base-base-ARU_GROUP-2027-002357,IC-base-202710-lime-BST-COST,FORECAST,PUBLIC_SYNTHETIC_PLANNING_MODEL,2026-09-06T00:00:00-07:00,PAY-base-base-ARU_GROUP-2027-002357,2027-10-31,2027-11-02,SIMBANK-db91ca26b7e5043adb,-371,OPERATING,ARU_GROUP,MODELED_BANK_CLEARING_OF_FORECAST_PAYMENT
base,ARU_GROUP,2027,10,base-ARU_GROUP-2027-002358,EV-base-base-ARU_GROUP-2027-002358,IC-base-202710-lime-TERMINALS-COST,FORECAST,PUBLIC_SYNTHETIC_PLANNING_MODEL,2026-09-06T00:00:00-07:00,PAY-base-base-ARU_GROUP-2027-002358,2027-10-31,2027-11-02,SIMBANK-8351e3997c43556224,-258,OPERATING,ARU_GROUP,MODELED_BANK_CLEARING_OF_FORECAST_PAYMENT
base,ARU_GROUP,2027,10,base-ARU_GROUP-2027-002359,EV-base-base-ARU_GROUP-2027-002359,IC-base-202710-lime-TRUCKING-COST,FORECAST,PUBLIC_SYNTHETIC_PLANNING_MODEL,2026-09-06T00:00:00-07:00,PAY-base-base-ARU_GROUP-2027-002359,2027-10-31,2027-11-02,SIMBANK-9f8ec9925b76f16991,-824,OPERATING,ARU_GROUP,MODELED_BANK_CLEARING_OF_FORECAST_PAYMENT
base,ARU_GROUP,2027,10,base-ARU_GROUP-2027-002360,EV-base-base-ARU_GROUP-2027-002360,IC-base-202710-mro-BST-COST,FORECAST,PUBLIC_SYNTHETIC_PLANNING_MODEL,2026-09-06T00:00:00-07:00,PAY-base-base-ARU_GROUP-2027-002360,2027-10-31,2027-11-02,SIMBANK-7bfcca6938a5d008ac,-309,OPERATING,ARU_GROUP,MODELED_BANK_CLEARING_OF_FORECAST_PAYMENT
base,ARU_GROUP,2027,10,base-ARU_GROUP-2027-002361,EV-base-base-ARU_GROUP-2027-002361,IC-base-202710-mro-TERMINALS-COST,FORECAST,PUBLIC_SYNTHETIC_PLANNING_MODEL,2026-09-06T00:00:00-07:00,PAY-base-base-ARU_GROUP-2027-002361,2027-10-31,2027-11-02,SIMBANK-0c705aeca72cda0ebd,-299,OPERATING,ARU_GROUP,MODELED_BANK_CLEARING_OF_FORECAST_PAYMENT
base,ARU_GROUP,2027,10,base-ARU_GROUP-2027-002362,EV-base-base-ARU_GROUP-2027-002362,IC-base-202710-mro-TRUCKING-COST,FORECAST,PUBLIC_SYNTHETIC_PLANNING_MODEL,2026-09-06T00:00:00-07:00,PAY-base-base-ARU_GROUP-2027-002362,2027-10-31,2027-11-02,SIMBANK-77e7beb4e16e6e4d5f,-453,OPERATING,ARU_GROUP,MODELED_BANK_CLEARING_OF_FORECAST_PAYMENT
base,ARU_GROUP,2027,10,base-ARU_GROUP-2027-002363,EV-base-base-ARU_GROUP-2027-002363,IC-base-202710-project-BST-COST,FORECAST,PUBLIC_SYNTHETIC_PLANNING_MODEL,2026-09-06T00:00:00-07:00,PAY-base-base-ARU_GROUP-2027-002363,2027-10-31,2027-11-02,SIMBANK-c90918d8f61e2d6d51,-670,OPERATING,ARU_GROUP,MODELED_BANK_CLEARING_OF_FORECAST_PAYMENT
base,ARU_GROUP,2027,10,base-ARU_GROUP-2027-002364,EV-base-base-ARU_GROUP-2027-002364,IC-base-202710-project-TERMINALS-COST,FORECAST,PUBLIC_SYNTHETIC_PLANNING_MODEL,2026-09-06T00:00:00-07:00,PAY-base-base-ARU_GROUP-2027-002364,2027-10-31,2027-11-02,SIMBANK-6bd49230ce0016ef58,-824,OPERATING,ARU_GROUP,MODELED_BANK_CLEARING_OF_FORECAST_PAYMENT
base,ARU_GROUP,2027,10,base-ARU_GROUP-2027-002365,EV-base-base-ARU_GROUP-2027-002365,IC-base-202710-project-TRUCKING-COST,FORECAST,PUBLIC_SYNTHETIC_PLANNING_MODEL,2026-09-06T00:00:00-07:00,PAY-base-base-ARU_GROUP-2027-002365,2027-10-31,2027-11-02,SIMBANK-5a24b329e8bbf5b36a,-1339,OPERATING,ARU_GROUP,MODELED_BANK_CLEARING_OF_FORECAST_PAYMENT
base,ARU_GROUP,2027,10,base-ARU_GROUP-2027-002366,EV-base-base-ARU_GROUP-2027-002366,IC-base-202710-steel-BST-COST,FORECAST,PUBLIC_SYNTHETIC_PLANNING_MODEL,2026-09-06T00:00:00-07:00,PAY-base-base-ARU_GROUP-2027-002366,2027-10-31,2027-11-02,SIMBANK-ccd319b0da02a91eec,-886,OPERATING,ARU_GROUP,MODELED_BANK_CLEARING_OF_FORECAST_PAYMENT
base,ARU_GROUP,2027,10,base-ARU_GROUP-2027-002367,EV-base-base-ARU_GROUP-2027-002367,IC-base-202710-steel-TERMINALS-COST,FORECAST,PUBLIC_SYNTHETIC_PLANNING_MODEL,2026-09-06T00:00:00-07:00,PAY-base-base-ARU_GROUP-2027-002367,2027-10-31,2027-11-02,SIMBANK-4dd4d4834d2e6168dc,-762,OPERATING,ARU_GROUP,MODELED_BANK_CLEARING_OF_FORECAST_PAYMENT
base,ARU_GROUP,2027,10,base-ARU_GROUP-2027-002368,EV-base-base-ARU_GROUP-2027-002368,IC-base-202710-steel-TRUCKING-COST,FORECAST,PUBLIC_SYNTHETIC_PLANNING_MODEL,2026-09-06T00:00:00-07:00,PAY-base-base-ARU_GROUP-2027-002368,2027-10-31,2027-11-02,SIMBANK-6aaf219cf479e490e2,-1545,OPERATING,ARU_GROUP,MODELED_BANK_CLEARING_OF_FORECAST_PAYMENT
base,ARU_GROUP,2027,10,base-ARU_GROUP-2027-002369,EV-base-base-ARU_GROUP-2027-002369,IF-FIXED-base-202710-BST,FORECAST,PUBLIC_SYNTHETIC_PLANNING_MODEL,2026-09-06T00:00:00-07:00,PAY-base-base-ARU_GROUP-2027-002369,2027-10-31,2027-11-02,SIMBANK-8cb1e733ec885d52ed,-1030,OPERATING,ARU_GROUP,MODELED_BANK_CLEARING_OF_FORECAST_PAYMENT
base,ARU_GROUP,2027,10,base-ARU_GROUP-2027-002370,EV-base-base-ARU_GROUP-2027-002370,IF-FIXED-base-202710-TERMINALS,FORECAST,PUBLIC_SYNTHETIC_PLANNING_MODEL,2026-09-06T00:00:00-07:00,PAY-base-base-ARU_GROUP-2027-002370,2027-10-31,2027-11-02,SIMBANK-32487a4a05f095d86b,-2060,OPERATING,ARU_GROUP,MODELED_BANK_CLEARING_OF_FORECAST_PAYMENT
base,ARU_GROUP,2027,10,base-ARU_GROUP-2027-002371,EV-base-base-ARU_GROUP-2027-002371,IF-FIXED-base-202710-TRUCKING,FORECAST,PUBLIC_SYNTHETIC_PLANNING_MODEL,2026-09-06T00:00:00-07:00,PAY-base-base-ARU_GROUP-2027-002371,2027-10-31,2027-11-02,SIMBANK-c95d22613be12fe633,-1030,OPERATING,ARU_GROUP,MODELED_BANK_CLEARING_OF_FORECAST_PAYMENT
base,ARU_GROUP,2027,10,base-ARU_GROUP-2027-002372,EV-base-base-ARU_GROUP-2027-002372,PROC-base-202709-ARU-INS,FORECAST,PUBLIC_SYNTHETIC_PLANNING_MODEL,2026-09-06T00:00:00-07:00,PAY-base-base-ARU_GROUP-2027-002372,2027-10-31,2027-11-02,SIMBANK-a836b09fcbd2bbec09,-9744,OPERATING,ARU_GROUP,MODELED_BANK_CLEARING_OF_FORECAST_PAYMENT
base,ARU_GROUP,2027,10,base-ARU_GROUP-2027-002373,EV-base-base-ARU_GROUP-2027-002373,PROC-base-202709-ARU-MAINT,FORECAST,PUBLIC_SYNTHETIC_PLANNING_MODEL,2026-09-06T00:00:00-07:00,PAY-base-base-ARU_GROUP-2027-002373,2027-10-31,2027-11-02,SIMBANK-fc8bece253aeed49b5,-12180,OPERATING,ARU_GROUP,MODELED_BANK_CLEARING_OF_FORECAST_PAYMENT
base,ARU_GROUP,2027,10,base-ARU_GROUP-2027-002374,EV-base-base-ARU_GROUP-2027-002374,PROC-base-202709-ARU-MAT,FORECAST,PUBLIC_SYNTHETIC_PLANNING_MODEL,2026-09-06T00:00:00-07:00,PAY-base-base-ARU_GROUP-2027-002374,2027-10-31,2027-11-02,SIMBANK-e1cb7625b7c83b5181,-12180,OPERATING,ARU_GROUP,MODELED_BANK_CLEARING_OF_FORECAST_PAYMENT
base,ARU_GROUP,2027,10,base-ARU_GROUP-2027-002375,EV-base-base-ARU_GROUP-2027-002375,PROC-base-202709-ARU-OCC,FORECAST,PUBLIC_SYNTHETIC_PLANNING_MODEL,2026-09-06T00:00:00-07:00,PAY-base-base-ARU_GROUP-2027-002375,2027-10-31,2027-11-02,SIMBANK-2d4dcb9fd2d0540490,-9745,OPERATING,ARU_GROUP,MODELED_BANK_CLEARING_OF_FORECAST_PAYMENT
base,ARU_GROUP,2027,10,base-ARU_GROUP-2027-002376,EV-base-base-ARU_GROUP-2027-002376,PROC-base-202709-ARU-SERV,FORECAST,PUBLIC_SYNTHETIC_PLANNING_MODEL,2026-09-06T00:00:00-07:00,PAY-base-base-ARU_GROUP-2027-002376,2027-10-31,2027-11-02,SIMBANK-7ab50d0eb2356f014d,-4872,OPERATING,ARU_GROUP,MODELED_BANK_CLEARING_OF_FORECAST_PAYMENT
base,ARU_GROUP,2027,10,base-ARU_GROUP-2027-002377,EV-base-base-ARU_GROUP-2027-002377,PROC-base-202709-BST-INS,FORECAST,PUBLIC_SYNTHETIC_PLANNING_MODEL,2026-09-06T00:00:00-07:00,PAY-base-base-ARU_GROUP-2027-002377,2027-10-31,2027-11-02,SIMBANK-8dc7da075bda3b84b4,-110191,OPERATING,ARU_GROUP,MODELED_BANK_CLEARING_OF_FORECAST_PAYMENT
base,ARU_GROUP,2027,10,base-ARU_GROUP-2027-002378,EV-base-base-ARU_GROUP-2027-002378,PROC-base-202709-BST-MAINT,FORECAST,PUBLIC_SYNTHETIC_PLANNING_MODEL,2026-09-06T00:00:00-07:00,PAY-base-base-ARU_GROUP-2027-002378,2027-10-31,2027-11-02,SIMBANK-d718d27198bfdea1de,-170256,OPERATING,ARU_GROUP,MODELED_BANK_CLEARING_OF_FORECAST_PAYMENT
base,ARU_GROUP,2027,10,base-ARU_GROUP-2027-002379,EV-base-base-ARU_GROUP-2027-002379,PROC-base-202709-BST-MAT,FORECAST,PUBLIC_SYNTHETIC_PLANNING_MODEL,2026-09-06T00:00:00-07:00,PAY-base-base-ARU_GROUP-2027-002379,2027-10-31,2027-11-02,SIMBANK-a77ec9e56b89e1875f,-141459,OPERATING,ARU_GROUP,MODELED_BANK_CLEARING_OF_FORECAST_PAYMENT
base,ARU_GROUP,2027,10,base-ARU_GROUP-2027-002380,EV-base-base-ARU_GROUP-2027-002380,PROC-base-202709-BST-OCC,FORECAST,PUBLIC_SYNTHETIC_PLANNING_MODEL,2026-09-06T00:00:00-07:00,PAY-base-base-ARU_GROUP-2027-002380,2027-10-31,2027-11-02,SIMBANK-753032d88e6547b85a,-118446,OPERATING,ARU_GROUP,MODELED_BANK_CLEARING_OF_FORECAST_PAYMENT
base,ARU_GROUP,2027,10,base-ARU_GROUP-2027-002381,EV-base-base-ARU_GROUP-2027-002381,PROC-base-202709-BST-SERV,FORECAST,PUBLIC_SYNTHETIC_PLANNING_MODEL,2026-09-06T00:00:00-07:00,PAY-base-base-ARU_GROUP-2027-002381,2027-10-31,2027-11-02,SIMBANK-19748cd44c02dc1338,-134235,OPERATING,ARU_GROUP,MODELED_BANK_CLEARING_OF_FORECAST_PAYMENT
base,ARU_GROUP,2027,10,base-ARU_GROUP-2027-002382,EV-base-base-ARU_GROUP-2027-002382,PROC-base-202709-TERMINALS-INS,FORECAST,PUBLIC_SYNTHETIC_PLANNING_MODEL,2026-09-06T00:00:00-07:00,PAY-base-base-ARU_GROUP-2027-002382,2027-10-31,2027-11-02,SIMBANK-385a7adc343f641f14,-77961,OPERATING,ARU_GROUP,MODELED_BANK_CLEARING_OF_FORECAST_PAYMENT
base,ARU_GROUP,2027,10,base-ARU_GROUP-2027-002383,EV-base-base-ARU_GROUP-2027-002383,PROC-base-202709-TERMINALS-MAINT,FORECAST,PUBLIC_SYNTHETIC_PLANNING_MODEL,2026-09-06T00:00:00-07:00,PAY-base-base-ARU_GROUP-2027-002383,2027-10-31,2027-11-02,SIMBANK-9fbaa66233181d2172,-136186,OPERATING,ARU_GROUP,MODELED_BANK_CLEARING_OF_FORECAST_PAYMENT
base,ARU_GROUP,2027,10,base-ARU_GROUP-2027-002384,EV-base-base-ARU_GROUP-2027-002384,PROC-base-202709-TERMINALS-MAT,FORECAST,PUBLIC_SYNTHETIC_PLANNING_MODEL,2026-09-06T00:00:00-07:00,PAY-base-base-ARU_GROUP-2027-002384,2027-10-31,2027-11-02,SIMBANK-82d450bbcf280ec229,-141186,OPERATING,ARU_GROUP,MODELED_BANK_CLEARING_OF_FORECAST_PAYMENT
base,ARU_GROUP,2027,10,base-ARU_GROUP-2027-002385,EV-base-base-ARU_GROUP-2027-002385,PROC-base-202709-TERMINALS-OCC,FORECAST,PUBLIC_SYNTHETIC_PLANNING_MODEL,2026-09-06T00:00:00-07:00,PAY-base-base-ARU_GROUP-2027-002385,2027-10-31,2027-11-02,SIMBANK-8b2ae5f231c79e5f63,-105448,OPERATING,ARU_GROUP,MODELED_BANK_CLEARING_OF_FORECAST_PAYMENT
base,ARU_GROUP,2027,10,base-ARU_GROUP-2027-002386,EV-base-base-ARU_GROUP-2027-002386,PROC-base-202709-TERMINALS-SERV,FORECAST,PUBLIC_SYNTHETIC_PLANNING_MODEL,2026-09-06T00:00:00-07:00,PAY-base-base-ARU_GROUP-2027-002386,2027-10-31,2027-11-02,SIMBANK-a918f956783a2b7cb0,-80587,OPERATING,ARU_GROUP,MODELED_BANK_CLEARING_OF_FORECAST_PAYMENT
base,ARU_GROUP,2027,10,base-ARU_GROUP-2027-002387,EV-base-base-ARU_GROUP-2027-002387,PROC-base-202709-TRUCKING-INS,FORECAST,PUBLIC_SYNTHETIC_PLANNING_MODEL,2026-09-06T00:00:00-07:00,PAY-base-base-ARU_GROUP-2027-002387,2027-10-31,2027-11-02,SIMBANK-bb99223b3bea7e07a0,-30804,OPERATING,ARU_GROUP,MODELED_BANK_CLEARING_OF_FORECAST_PAYMENT
base,ARU_GROUP,2027,10,base-ARU_GROUP-2027-002388,EV-base-base-ARU_GROUP-2027-002388,PROC-base-202709-TRUCKING-MAINT,FORECAST,PUBLIC_SYNTHETIC_PLANNING_MODEL,2026-09-06T00:00:00-07:00,PAY-base-base-ARU_GROUP-2027-002388,2027-10-31,2027-11-02,SIMBANK-b501954e4a0f9aa45a,-80707,OPERATING,ARU_GROUP,MODELED_BANK_CLEARING_OF_FORECAST_PAYMENT
base,ARU_GROUP,2027,10,base-ARU_GROUP-2027-002389,EV-base-base-ARU_GROUP-2027-002389,PROC-base-202709-TRUCKING-MAT,FORECAST,PUBLIC_SYNTHETIC_PLANNING_MODEL,2026-09-06T00:00:00-07:00,PAY-base-base-ARU_GROUP-2027-002389,2027-10-31,2027-11-02,SIMBANK-56e4db87c67e19019a,-117129,OPERATING,ARU_GROUP,MODELED_BANK_CLEARING_OF_FORECAST_PAYMENT
base,ARU_GROUP,2027,10,base-ARU_GROUP-2027-002390,EV-base-base-ARU_GROUP-2027-002390,PROC-base-202709-TRUCKING-OCC,FORECAST,PUBLIC_SYNTHETIC_PLANNING_MODEL,2026-09-06T00:00:00-07:00,PAY-base-base-ARU_GROUP-2027-002390,2027-10-31,2027-11-02,SIMBANK-7c6910ee4d3c67f4c4,-62495,OPERATING,ARU_GROUP,MODELED_BANK_CLEARING_OF_FORECAST_PAYMENT
base,ARU_GROUP,2027,10,base-ARU_GROUP-2027-002391,EV-base-base-ARU_GROUP-2027-002391,PROC-base-202709-TRUCKING-SERV,FORECAST,PUBLIC_SYNTHETIC_PLANNING_MODEL,2026-09-06T00:00:00-07:00,PAY-base-base-ARU_GROUP-2027-002391,2027-10-31,2027-11-02,SIMBANK-5eb74cdaee6f8f1acd,-31838,OPERATING,ARU_GROUP,MODELED_BANK_CLEARING_OF_FORECAST_PAYMENT
base,ARU_GROUP,2027,10,base-ARU_GROUP-2027-002392,EV-base-base-ARU_GROUP-2027-002392,PROC-base-202709-WAREHOUSE-INS,FORECAST,PUBLIC_SYNTHETIC_PLANNING_MODEL,2026-09-06T00:00:00-07:00,PAY-base-base-ARU_GROUP-2027-002392,2027-10-31,2027-11-02,SIMBANK-c8c12895ee8e80b5bd,-26223,OPERATING,ARU_GROUP,MODELED_BANK_CLEARING_OF_FORECAST_PAYMENT
base,ARU_GROUP,2027,10,base-ARU_GROUP-2027-002393,EV-base-base-ARU_GROUP-2027-002393,PROC-base-202709-WAREHOUSE-MAINT,FORECAST,PUBLIC_SYNTHETIC_PLANNING_MODEL,2026-09-06T00:00:00-07:00,PAY-base-base-ARU_GROUP-2027-002393,2027-10-31,2027-11-02,SIMBANK-f79c02b9011d80f2ef,-36645,OPERATING,ARU_GROUP,MODELED_BANK_CLEARING_OF_FORECAST_PAYMENT
base,ARU_GROUP,2027,10,base-ARU_GROUP-2027-002394,EV-base-base-ARU_GROUP-2027-002394,PROC-base-202709-WAREHOUSE-MAT,FORECAST,PUBLIC_SYNTHETIC_PLANNING_MODEL,2026-09-06T00:00:00-07:00,PAY-base-base-ARU_GROUP-2027-002394,2027-10-31,2027-11-02,SIMBANK-08614a7abb6dae500b,-66482,OPERATING,ARU_GROUP,MODELED_BANK_CLEARING_OF_FORECAST_PAYMENT
base,ARU_GROUP,2027,10,base-ARU_GROUP-2027-002395,EV-base-base-ARU_GROUP-2027-002395,PROC-base-202709-WAREHOUSE-OCC,FORECAST,PUBLIC_SYNTHETIC_PLANNING_MODEL,2026-09-06T00:00:00-07:00,PAY-base-base-ARU_GROUP-2027-002395,2027-10-31,2027-11-02,SIMBANK-76a16710dcdb1042e2,-26601,OPERATING,ARU_GROUP,MODELED_BANK_CLEARING_OF_FORECAST_PAYMENT
base,ARU_GROUP,2027,10,base-ARU_GROUP-2027-002396,EV-base-base-ARU_GROUP-2027-002396,PROC-base-202709-WAREHOUSE-SERV,FORECAST,PUBLIC_SYNTHETIC_PLANNING_MODEL,2026-09-06T00:00:00-07:00,PAY-base-base-ARU_GROUP-2027-002396,2027-10-31,2027-11-02,SIMBANK-4ca8755659d97c6d33,-27106,OPERATING,ARU_GROUP,MODELED_BANK_CLEARING_OF_FORECAST_PAYMENT
base,ARU_GROUP,2027,10,base-ARU_GROUP-2027-002397,EV-base-base-ARU_GROUP-2027-002397,CAPEX-base-ARU_GROUP-202710-replacement,FORECAST,PUBLIC_SYNTHETIC_PLANNING_MODEL,2026-09-06T00:00:00-07:00,PAY-base-base-ARU_GROUP-2027-002397,2027-10-31,2027-11-02,SIMBANK-339997d2af1ffae842,-283250,INVESTING,ARU_GROUP,MODELED_BANK_CLEARING_OF_FORECAST_PAYMENT
base,ARU_GROUP,2027,11,base-ARU_GROUP-2027-002521,EV-base-base-ARU_GROUP-2027-002521,SALE-base-202709-BST-2025-001,FORECAST,PUBLIC_SYNTHETIC_PLANNING_MODEL,2026-09-06T00:00:00-07:00,PAY-base-base-ARU_GROUP-2027-002521,2027-11-30,2027-12-02,SIMBANK-8047ab2ec8d400a1af,155473,OPERATING,ARU_GROUP,MODELED_BANK_CLEARING_OF_FORECAST_PAYMENT
base,ARU_GROUP,2027,11,base-ARU_GROUP-2027-002522,EV-base-base-ARU_GROUP-2027-002522,SALE-base-202709-BST-2025-006,FORECAST,PUBLIC_SYNTHETIC_PLANNING_MODEL,2026-09-06T00:00:00-07:00,PAY-base-base-ARU_GROUP-2027-002522,2027-11-30,2027-12-02,SIMBANK-b442a94db9073ac0be,66420,OPERATING,ARU_GROUP,MODELED_BANK_CLEARING_OF_FORECAST_PAYMENT
base,ARU_GROUP,2027,11,base-ARU_GROUP-2027-002523,EV-base-base-ARU_GROUP-2027-002523,SALE-base-202709-BST-2025-002,FORECAST,PUBLIC_SYNTHETIC_PLANNING_MODEL,2026-09-06T00:00:00-07:00,PAY-base-base-ARU_GROUP-2027-002523,2027-11-30,2027-12-02,SIMBANK-0049d64959363bb1dc,115387,OPERATING,ARU_GROUP,MODELED_BANK_CLEARING_OF_FORECAST_PAYMENT
base,ARU_GROUP,2027,11,base-ARU_GROUP-2027-002524,EV-base-base-ARU_GROUP-2027-002524,SALE-base-202709-BST-2025-007,FORECAST,PUBLIC_SYNTHETIC_PLANNING_MODEL,2026-09-06T00:00:00-07:00,PAY-base-base-ARU_GROUP-2027-002524,2027-11-30,2027-12-02,SIMBANK-57b11b03520976d98b,52074,OPERATING,ARU_GROUP,MODELED_BANK_CLEARING_OF_FORECAST_PAYMENT
base,ARU_GROUP,2027,11,base-ARU_GROUP-2027-002525,EV-base-base-ARU_GROUP-2027-002525,SALE-base-202709-BST-2025-004,FORECAST,PUBLIC_SYNTHETIC_PLANNING_MODEL,2026-09-06T00:00:00-07:00,PAY-base-base-ARU_GROUP-2027-002525,2027-11-30,2027-12-02,SIMBANK-1b065d2e46a5b23179,59899,OPERATING,ARU_GROUP,MODELED_BANK_CLEARING_OF_FORECAST_PAYMENT
base,ARU_GROUP,2027,11,base-ARU_GROUP-2027-002526,EV-base-base-ARU_GROUP-2027-002526,SALE-base-202709-BST-2025-008,FORECAST,PUBLIC_SYNTHETIC_PLANNING_MODEL,2026-09-06T00:00:00-07:00,PAY-base-base-ARU_GROUP-2027-002526,2027-11-30,2027-12-02,SIMBANK-60f22cd0f18a7d3285,29839,OPERATING,ARU_GROUP,MODELED_BANK_CLEARING_OF_FORECAST_PAYMENT
base,ARU_GROUP,2027,11,base-ARU_GROUP-2027-002527,EV-base-base-ARU_GROUP-2027-002527,SALE-base-202709-BST-2025-003,FORECAST,PUBLIC_SYNTHETIC_PLANNING_MODEL,2026-09-06T00:00:00-07:00,PAY-base-base-ARU_GROUP-2027-002527,2027-11-30,2027-12-02,SIMBANK-be57fa1ea769e24df0,70964,OPERATING,ARU_GROUP,MODELED_BANK_CLEARING_OF_FORECAST_PAYMENT
base,ARU_GROUP,2027,11,base-ARU_GROUP-2027-002528,EV-base-base-ARU_GROUP-2027-002528,SALE-base-202709-BST-2025-009,FORECAST,PUBLIC_SYNTHETIC_PLANNING_MODEL,2026-09-06T00:00:00-07:00,PAY-base-base-ARU_GROUP-2027-002528,2027-11-30,2027-12-02,SIMBANK-0e29ef72e29a246feb,36518,OPERATING,ARU_GROUP,MODELED_BANK_CLEARING_OF_FORECAST_PAYMENT
base,ARU_GROUP,2027,11,base-ARU_GROUP-2027-002529,EV-base-base-ARU_GROUP-2027-002529,SALE-base-202709-BST-2025-010,FORECAST,PUBLIC_SYNTHETIC_PLANNING_MODEL,2026-09-06T00:00:00-07:00,PAY-base-base-ARU_GROUP-2027-002529,2027-11-30,2027-12-02,SIMBANK-36abbf1b257bf4f688,34569,OPERATING,ARU_GROUP,MODELED_BANK_CLEARING_OF_FORECAST_PAYMENT
base,ARU_GROUP,2027,11,base-ARU_GROUP-2027-002530,EV-base-base-ARU_GROUP-2027-002530,SALE-base-202709-BST-2025-011,FORECAST,PUBLIC_SYNTHETIC_PLANNING_MODEL,2026-09-06T00:00:00-07:00,PAY-base-base-ARU_GROUP-2027-002530,2027-11-30,2027-12-02,SIMBANK-1e307a1f8949ec129e,18266,OPERATING,ARU_GROUP,MODELED_BANK_CLEARING_OF_FORECAST_PAYMENT
base,ARU_GROUP,2027,11,base-ARU_GROUP-2027-002531,EV-base-base-ARU_GROUP-2027-002531,SALE-base-202709-BST-2025-012,FORECAST,PUBLIC_SYNTHETIC_PLANNING_MODEL,2026-09-06T00:00:00-07:00,PAY-base-base-ARU_GROUP-2027-002531,2027-11-30,2027-12-02,SIMBANK-13399b36abfb1ca485,56493,OPERATING,ARU_GROUP,MODELED_BANK_CLEARING_OF_FORECAST_PAYMENT
base,ARU_GROUP,2027,11,base-ARU_GROUP-2027-002532,EV-base-base-ARU_GROUP-2027-002532,SALE-base-202709-BST-2025-013,FORECAST,PUBLIC_SYNTHETIC_PLANNING_MODEL,2026-09-06T00:00:00-07:00,PAY-base-base-ARU_GROUP-2027-002532,2027-11-30,2027-12-02,SIMBANK-640c6d1b4631a8d7f9,36119,OPERATING,ARU_GROUP,MODELED_BANK_CLEARING_OF_FORECAST_PAYMENT
base,ARU_GROUP,2027,11,base-ARU_GROUP-2027-002533,EV-base-base-ARU_GROUP-2027-002533,SALE-base-202709-TRM-2025-001,FORECAST,PUBLIC_SYNTHETIC_PLANNING_MODEL,2026-09-06T00:00:00-07:00,PAY-base-base-ARU_GROUP-2027-002533,2027-11-30,2027-12-02,SIMBANK-61cbac41b627ca965a,63915,OPERATING,ARU_GROUP,MODELED_BANK_CLEARING_OF_FORECAST_PAYMENT
base,ARU_GROUP,2027,11,base-ARU_GROUP-2027-002534,EV-base-base-ARU_GROUP-2027-002534,SALE-base-202709-TRM-2025-002,FORECAST,PUBLIC_SYNTHETIC_PLANNING_MODEL,2026-09-06T00:00:00-07:00,PAY-base-base-ARU_GROUP-2027-002534,2027-11-30,2027-12-02,SIMBANK-5bb86031a24294e5b8,62120,OPERATING,ARU_GROUP,MODELED_BANK_CLEARING_OF_FORECAST_PAYMENT
base,ARU_GROUP,2027,11,base-ARU_GROUP-2027-002535,EV-base-base-ARU_GROUP-2027-002535,SALE-base-202709-TRM-2025-003,FORECAST,PUBLIC_SYNTHETIC_PLANNING_MODEL,2026-09-06T00:00:00-07:00,PAY-base-base-ARU_GROUP-2027-002535,2027-11-30,2027-12-02,SIMBANK-e1096b9155d6c0cfa7,85642,OPERATING,ARU_GROUP,MODELED_BANK_CLEARING_OF_FORECAST_PAYMENT
base,ARU_GROUP,2027,11,base-ARU_GROUP-2027-002536,EV-base-base-ARU_GROUP-2027-002536,SALE-base-202709-TRM-2025-014,FORECAST,PUBLIC_SYNTHETIC_PLANNING_MODEL,2026-09-06T00:00:00-07:00,PAY-base-base-ARU_GROUP-2027-002536,2027-11-30,2027-12-02,SIMBANK-a5b9eb28beb7fbfa8e,85537,OPERATING,ARU_GROUP,MODELED_BANK_CLEARING_OF_FORECAST_PAYMENT
base,ARU_GROUP,2027,11,base-ARU_GROUP-2027-002537,EV-base-base-ARU_GROUP-2027-002537,SALE-base-202709-TRM-2025-015,FORECAST,PUBLIC_SYNTHETIC_PLANNING_MODEL,2026-09-06T00:00:00-07:00,PAY-base-base-ARU_GROUP-2027-002537,2027-11-30,2027-12-02,SIMBANK-ccb051a6cda2d8e9ab,84349,OPERATING,ARU_GROUP,MODELED_BANK_CLEARING_OF_FORECAST_PAYMENT
base,ARU_GROUP,2027,11,base-ARU_GROUP-2027-002538,EV-base-base-ARU_GROUP-2027-002538,SALE-base-202709-TRM-2025-016,FORECAST,PUBLIC_SYNTHETIC_PLANNING_MODEL,2026-09-06T00:00:00-07:00,PAY-base-base-ARU_GROUP-2027-002538,2027-11-30,2027-12-02,SIMBANK-b254c9f392398ca987,81735,OPERATING,ARU_GROUP,MODELED_BANK_CLEARING_OF_FORECAST_PAYMENT
base,ARU_GROUP,2027,11,base-ARU_GROUP-2027-002539,EV-base-base-ARU_GROUP-2027-002539,SALE-base-202709-TRM-2025-017,FORECAST,PUBLIC_SYNTHETIC_PLANNING_MODEL,2026-09-06T00:00:00-07:00,PAY-base-base-ARU_GROUP-2027-002539,2027-11-30,2027-12-02,SIMBANK-7512f226de0877816f,78409,OPERATING,ARU_GROUP,MODELED_BANK_CLEARING_OF_FORECAST_PAYMENT
base,ARU_GROUP,2027,11,base-ARU_GROUP-2027-002540,EV-base-base-ARU_GROUP-2027-002540,SALE-base-202709-TRM-2025-018,FORECAST,PUBLIC_SYNTHETIC_PLANNING_MODEL,2026-09-06T00:00:00-07:00,PAY-base-base-ARU_GROUP-2027-002540,2027-11-30,2027-12-02,SIMBANK-aa1c7230e2ec1e1568,76032,OPERATING,ARU_GROUP,MODELED_BANK_CLEARING_OF_FORECAST_PAYMENT
base,ARU_GROUP,2027,11,base-ARU_GROUP-2027-002541,EV-base-base-ARU_GROUP-2027-002541,SALE-base-202709-TRK-2025-004,FORECAST,PUBLIC_SYNTHETIC_PLANNING_MODEL,2026-09-06T00:00:00-07:00,PAY-base-base-ARU_GROUP-2027-002541,2027-11-30,2027-12-02,SIMBANK-37ec442fa3c69754a7,68100,OPERATING,ARU_GROUP,MODELED_BANK_CLEARING_OF_FORECAST_PAYMENT
base,ARU_GROUP,2027,11,base-ARU_GROUP-2027-002542,EV-base-base-ARU_GROUP-2027-002542,SALE-base-202709-TRK-2025-019,FORECAST,PUBLIC_SYNTHETIC_PLANNING_MODEL,2026-09-06T00:00:00-07:00,PAY-base-base-ARU_GROUP-2027-002542,2027-11-30,2027-12-02,SIMBANK-eea4f1975a78080cb6,77074,OPERATING,ARU_GROUP,MODELED_BANK_CLEARING_OF_FORECAST_PAYMENT
base,ARU_GROUP,2027,11,base-ARU_GROUP-2027-002543,EV-base-base-ARU_GROUP-2027-002543,SALE-base-202709-TRK-2025-020,FORECAST,PUBLIC_SYNTHETIC_PLANNING_MODEL,2026-09-06T00:00:00-07:00,PAY-base-base-ARU_GROUP-2027-002543,2027-11-30,2027-12-02,SIMBANK-50d45d6f47ac6aebb5,74171,OPERATING,ARU_GROUP,MODELED_BANK_CLEARING_OF_FORECAST_PAYMENT
base,ARU_GROUP,2027,11,base-ARU_GROUP-2027-002544,EV-base-base-ARU_GROUP-2027-002544,SALE-base-202709-TRK-2025-021,FORECAST,PUBLIC_SYNTHETIC_PLANNING_MODEL,2026-09-06T00:00:00-07:00,PAY-base-base-ARU_GROUP-2027-002544,2027-11-30,2027-12-02,SIMBANK-aadf12ffd9cfec7f70,70211,OPERATING,ARU_GROUP,MODELED_BANK_CLEARING_OF_FORECAST_PAYMENT
base,ARU_GROUP,2027,11,base-ARU_GROUP-2027-002545,EV-base-base-ARU_GROUP-2027-002545,SALE-base-202709-TRK-2025-022,FORECAST,PUBLIC_SYNTHETIC_PLANNING_MODEL,2026-09-06T00:00:00-07:00,PAY-base-base-ARU_GROUP-2027-002545,2027-11-30,2027-12-02,SIMBANK-3a41caee1615ca228c,66516,OPERATING,ARU_GROUP,MODELED_BANK_CLEARING_OF_FORECAST_PAYMENT
base,ARU_GROUP,2027,11,base-ARU_GROUP-2027-002546,EV-base-base-ARU_GROUP-2027-002546,SALE-base-202709-WHS-2025-005,FORECAST,PUBLIC_SYNTHETIC_PLANNING_MODEL,2026-09-06T00:00:00-07:00,PAY-base-base-ARU_GROUP-2027-002546,2027-11-30,2027-12-02,SIMBANK-3ac90e19ea45c9369e,115471,OPERATING,ARU_GROUP,MODELED_BANK_CLEARING_OF_FORECAST_PAYMENT
base,ARU_GROUP,2027,11,base-ARU_GROUP-2027-002547,EV-base-base-ARU_GROUP-2027-002547,SALE-base-202709-WHS-2025-023,FORECAST,PUBLIC_SYNTHETIC_PLANNING_MODEL,2026-09-06T00:00:00-07:00,PAY-base-base-ARU_GROUP-2027-002547,2027-11-30,2027-12-02,SIMBANK-cd9fba9a28008ac069,61299,OPERATING,ARU_GROUP,MODELED_BANK_CLEARING_OF_FORECAST_PAYMENT
base,ARU_GROUP,2027,11,base-ARU_GROUP-2027-002548,EV-base-base-ARU_GROUP-2027-002548,SALE-base-202709-WHS-2025-024,FORECAST,PUBLIC_SYNTHETIC_PLANNING_MODEL,2026-09-06T00:00:00-07:00,PAY-base-base-ARU_GROUP-2027-002548,2027-11-30,2027-12-02,SIMBANK-5478afceef853b2643,57023,OPERATING,ARU_GROUP,MODELED_BANK_CLEARING_OF_FORECAST_PAYMENT
base,ARU_GROUP,2027,11,base-ARU_GROUP-2027-002549,EV-base-base-ARU_GROUP-2027-002549,SALE-base-202709-WHS-2025-025,FORECAST,PUBLIC_SYNTHETIC_PLANNING_MODEL,2026-09-06T00:00:00-07:00,PAY-base-base-ARU_GROUP-2027-002549,2027-11-30,2027-12-02,SIMBANK-963f491c8996bebe26,51320,OPERATING,ARU_GROUP,MODELED_BANK_CLEARING_OF_FORECAST_PAYMENT
base,ARU_GROUP,2027,11,base-ARU_GROUP-2027-002550,EV-base-base-ARU_GROUP-2027-002550,SALE-base-202710-BST-2025-001,FORECAST,PUBLIC_SYNTHETIC_PLANNING_MODEL,2026-09-06T00:00:00-07:00,PAY-base-base-ARU_GROUP-2027-002550,2027-11-30,2027-12-02,SIMBANK-8e5cc7f62823e38856,155474,OPERATING,ARU_GROUP,MODELED_BANK_CLEARING_OF_FORECAST_PAYMENT
base,ARU_GROUP,2027,11,base-ARU_GROUP-2027-002551,EV-base-base-ARU_GROUP-2027-002551,SALE-base-202710-BST-2025-006,FORECAST,PUBLIC_SYNTHETIC_PLANNING_MODEL,2026-09-06T00:00:00-07:00,PAY-base-base-ARU_GROUP-2027-002551,2027-11-30,2027-12-02,SIMBANK-c4b991f2f9c8c64943,66420,OPERATING,ARU_GROUP,MODELED_BANK_CLEARING_OF_FORECAST_PAYMENT
base,ARU_GROUP,2027,11,base-ARU_GROUP-2027-002552,EV-base-base-ARU_GROUP-2027-002552,SALE-base-202710-BST-2025-002,FORECAST,PUBLIC_SYNTHETIC_PLANNING_MODEL,2026-09-06T00:00:00-07:00,PAY-base-base-ARU_GROUP-2027-002552,2027-11-30,2027-12-02,SIMBANK-6268d84c1290da896a,115387,OPERATING,ARU_GROUP,MODELED_BANK_CLEARING_OF_FORECAST_PAYMENT
base,ARU_GROUP,2027,11,base-ARU_GROUP-2027-002553,EV-base-base-ARU_GROUP-2027-002553,SALE-base-202710-BST-2025-007,FORECAST,PUBLIC_SYNTHETIC_PLANNING_MODEL,2026-09-06T00:00:00-07:00,PAY-base-base-ARU_GROUP-2027-002553,2027-11-30,2027-12-02,SIMBANK-a75ac08e5b237a8254,52075,OPERATING,ARU_GROUP,MODELED_BANK_CLEARING_OF_FORECAST_PAYMENT
base,ARU_GROUP,2027,11,base-ARU_GROUP-2027-002554,EV-base-base-ARU_GROUP-2027-002554,SALE-base-202710-BST-2025-004,FORECAST,PUBLIC_SYNTHETIC_PLANNING_MODEL,2026-09-06T00:00:00-07:00,PAY-base-base-ARU_GROUP-2027-002554,2027-11-30,2027-12-02,SIMBANK-d941a6dbedc33cb771,59899,OPERATING,ARU_GROUP,MODELED_BANK_CLEARING_OF_FORECAST_PAYMENT
base,ARU_GROUP,2027,11,base-ARU_GROUP-2027-002555,EV-base-base-ARU_GROUP-2027-002555,SALE-base-202710-BST-2025-008,FORECAST,PUBLIC_SYNTHETIC_PLANNING_MODEL,2026-09-06T00:00:00-07:00,PAY-base-base-ARU_GROUP-2027-002555,2027-11-30,2027-12-02,SIMBANK-a080c83c162d7aff8b,29839,OPERATING,ARU_GROUP,MODELED_BANK_CLEARING_OF_FORECAST_PAYMENT
base,ARU_GROUP,2027,11,base-ARU_GROUP-2027-002556,EV-base-base-ARU_GROUP-2027-002556,SALE-base-202710-BST-2025-003,FORECAST,PUBLIC_SYNTHETIC_PLANNING_MODEL,2026-09-06T00:00:00-07:00,PAY-base-base-ARU_GROUP-2027-002556,2027-11-30,2027-12-02,SIMBANK-8d4fe6093664630549,70965,OPERATING,ARU_GROUP,MODELED_BANK_CLEARING_OF_FORECAST_PAYMENT
base,ARU_GROUP,2027,11,base-ARU_GROUP-2027-002557,EV-base-base-ARU_GROUP-2027-002557,SALE-base-202710-BST-2025-009,FORECAST,PUBLIC_SYNTHETIC_PLANNING_MODEL,2026-09-06T00:00:00-07:00,PAY-base-base-ARU_GROUP-2027-002557,2027-11-30,2027-12-02,SIMBANK-eaee6c684bc495d291,36519,OPERATING,ARU_GROUP,MODELED_BANK_CLEARING_OF_FORECAST_PAYMENT
base,ARU_GROUP,2027,11,base-ARU_GROUP-2027-002558,EV-base-base-ARU_GROUP-2027-002558,SALE-base-202710-BST-2025-010,FORECAST,PUBLIC_SYNTHETIC_PLANNING_MODEL,2026-09-06T00:00:00-07:00,PAY-base-base-ARU_GROUP-2027-002558,2027-11-30,2027-12-02,SIMBANK-17fb47dafd6180ce40,34569,OPERATING,ARU_GROUP,MODELED_BANK_CLEARING_OF_FORECAST_PAYMENT
base,ARU_GROUP,2027,11,base-ARU_GROUP-2027-002559,EV-base-base-ARU_GROUP-2027-002559,SALE-base-202710-BST-2025-011,FORECAST,PUBLIC_SYNTHETIC_PLANNING_MODEL,2026-09-06T00:00:00-07:00,PAY-base-base-ARU_GROUP-2027-002559,2027-11-30,2027-12-02,SIMBANK-920762f6ee67fbd988,18266,OPERATING,ARU_GROUP,MODELED_BANK_CLEARING_OF_FORECAST_PAYMENT
base,ARU_GROUP,2027,11,base-ARU_GROUP-2027-002560,EV-base-base-ARU_GROUP-2027-002560,SALE-base-202710-BST-2025-012,FORECAST,PUBLIC_SYNTHETIC_PLANNING_MODEL,2026-09-06T00:00:00-07:00,PAY-base-base-ARU_GROUP-2027-002560,2027-11-30,2027-12-02,SIMBANK-c254646f59f2475abb,56494,OPERATING,ARU_GROUP,MODELED_BANK_CLEARING_OF_FORECAST_PAYMENT
base,ARU_GROUP,2027,11,base-ARU_GROUP-2027-002561,EV-base-base-ARU_GROUP-2027-002561,SALE-base-202710-BST-2025-013,FORECAST,PUBLIC_SYNTHETIC_PLANNING_MODEL,2026-09-06T00:00:00-07:00,PAY-base-base-ARU_GROUP-2027-002561,2027-11-30,2027-12-02,SIMBANK-867f0128afff53cfc7,36120,OPERATING,ARU_GROUP,MODELED_BANK_CLEARING_OF_FORECAST_PAYMENT
base,ARU_GROUP,2027,11,base-ARU_GROUP-2027-002562,EV-base-base-ARU_GROUP-2027-002562,SALE-base-202710-TRM-2025-001,FORECAST,PUBLIC_SYNTHETIC_PLANNING_MODEL,2026-09-06T00:00:00-07:00,PAY-base-base-ARU_GROUP-2027-002562,2027-11-30,2027-12-02,SIMBANK-3aebf17e972bc239e2,63915,OPERATING,ARU_GROUP,MODELED_BANK_CLEARING_OF_FORECAST_PAYMENT
base,ARU_GROUP,2027,11,base-ARU_GROUP-2027-002563,EV-base-base-ARU_GROUP-2027-002563,SALE-base-202710-TRM-2025-002,FORECAST,PUBLIC_SYNTHETIC_PLANNING_MODEL,2026-09-06T00:00:00-07:00,PAY-base-base-ARU_GROUP-2027-002563,2027-11-30,2027-12-02,SIMBANK-7671e53ae14aa16f97,62120,OPERATING,ARU_GROUP,MODELED_BANK_CLEARING_OF_FORECAST_PAYMENT
base,ARU_GROUP,2027,11,base-ARU_GROUP-2027-002564,EV-base-base-ARU_GROUP-2027-002564,SALE-base-202710-TRM-2025-003,FORECAST,PUBLIC_SYNTHETIC_PLANNING_MODEL,2026-09-06T00:00:00-07:00,PAY-base-base-ARU_GROUP-2027-002564,2027-11-30,2027-12-02,SIMBANK-b24fcae0ec52966f73,85643,OPERATING,ARU_GROUP,MODELED_BANK_CLEARING_OF_FORECAST_PAYMENT
base,ARU_GROUP,2027,11,base-ARU_GROUP-2027-002565,EV-base-base-ARU_GROUP-2027-002565,SALE-base-202710-TRM-2025-014,FORECAST,PUBLIC_SYNTHETIC_PLANNING_MODEL,2026-09-06T00:00:00-07:00,PAY-base-base-ARU_GROUP-2027-002565,2027-11-30,2027-12-02,SIMBANK-709b757f596c4ccccb,85537,OPERATING,ARU_GROUP,MODELED_BANK_CLEARING_OF_FORECAST_PAYMENT
base,ARU_GROUP,2027,11,base-ARU_GROUP-2027-002566,EV-base-base-ARU_GROUP-2027-002566,SALE-base-202710-TRM-2025-015,FORECAST,PUBLIC_SYNTHETIC_PLANNING_MODEL,2026-09-06T00:00:00-07:00,PAY-base-base-ARU_GROUP-2027-002566,2027-11-30,2027-12-02,SIMBANK-a814602e0007ba91dd,84349,OPERATING,ARU_GROUP,MODELED_BANK_CLEARING_OF_FORECAST_PAYMENT
base,ARU_GROUP,2027,11,base-ARU_GROUP-2027-002567,EV-base-base-ARU_GROUP-2027-002567,SALE-base-202710-TRM-2025-016,FORECAST,PUBLIC_SYNTHETIC_PLANNING_MODEL,2026-09-06T00:00:00-07:00,PAY-base-base-ARU_GROUP-2027-002567,2027-11-30,2027-12-02,SIMBANK-42bb344776e3f5bf31,81735,OPERATING,ARU_GROUP,MODELED_BANK_CLEARING_OF_FORECAST_PAYMENT
base,ARU_GROUP,2027,11,base-ARU_GROUP-2027-002568,EV-base-base-ARU_GROUP-2027-002568,SALE-base-202710-TRM-2025-017,FORECAST,PUBLIC_SYNTHETIC_PLANNING_MODEL,2026-09-06T00:00:00-07:00,PAY-base-base-ARU_GROUP-2027-002568,2027-11-30,2027-12-02,SIMBANK-78ce241b8ff0ed284e,78409,OPERATING,ARU_GROUP,MODELED_BANK_CLEARING_OF_FORECAST_PAYMENT
base,ARU_GROUP,2027,11,base-ARU_GROUP-2027-002569,EV-base-base-ARU_GROUP-2027-002569,SALE-base-202710-TRM-2025-018,FORECAST,PUBLIC_SYNTHETIC_PLANNING_MODEL,2026-09-06T00:00:00-07:00,PAY-base-base-ARU_GROUP-2027-002569,2027-11-30,2027-12-02,SIMBANK-18342469243dc3774d,76033,OPERATING,ARU_GROUP,MODELED_BANK_CLEARING_OF_FORECAST_PAYMENT
base,ARU_GROUP,2027,11,base-ARU_GROUP-2027-002570,EV-base-base-ARU_GROUP-2027-002570,SALE-base-202710-TRK-2025-004,FORECAST,PUBLIC_SYNTHETIC_PLANNING_MODEL,2026-09-06T00:00:00-07:00,PAY-base-base-ARU_GROUP-2027-002570,2027-11-30,2027-12-02,SIMBANK-776fd98642883e95d0,68100,OPERATING,ARU_GROUP,MODELED_BANK_CLEARING_OF_FORECAST_PAYMENT
base,ARU_GROUP,2027,11,base-ARU_GROUP-2027-002571,EV-base-base-ARU_GROUP-2027-002571,SALE-base-202710-TRK-2025-019,FORECAST,PUBLIC_SYNTHETIC_PLANNING_MODEL,2026-09-06T00:00:00-07:00,PAY-base-base-ARU_GROUP-2027-002571,2027-11-30,2027-12-02,SIMBANK-799145cd12d8701005,77075,OPERATING,ARU_GROUP,MODELED_BANK_CLEARING_OF_FORECAST_PAYMENT
base,ARU_GROUP,2027,11,base-ARU_GROUP-2027-002572,EV-base-base-ARU_GROUP-2027-002572,SALE-base-202710-TRK-2025-020,FORECAST,PUBLIC_SYNTHETIC_PLANNING_MODEL,2026-09-06T00:00:00-07:00,PAY-base-base-ARU_GROUP-2027-002572,2027-11-30,2027-12-02,SIMBANK-89a528d28184933c71,74171,OPERATING,ARU_GROUP,MODELED_BANK_CLEARING_OF_FORECAST_PAYMENT
base,ARU_GROUP,2027,11,base-ARU_GROUP-2027-002573,EV-base-base-ARU_GROUP-2027-002573,SALE-base-202710-TRK-2025-021,FORECAST,PUBLIC_SYNTHETIC_PLANNING_MODEL,2026-09-06T00:00:00-07:00,PAY-base-base-ARU_GROUP-2027-002573,2027-11-30,2027-12-02,SIMBANK-fc38a128532b5bdf7d,70212,OPERATING,ARU_GROUP,MODELED_BANK_CLEARING_OF_FORECAST_PAYMENT
base,ARU_GROUP,2027,11,base-ARU_GROUP-2027-002574,EV-base-base-ARU_GROUP-2027-002574,SALE-base-202710-TRK-2025-022,FORECAST,PUBLIC_SYNTHETIC_PLANNING_MODEL,2026-09-06T00:00:00-07:00,PAY-base-base-ARU_GROUP-2027-002574,2027-11-30,2027-12-02,SIMBANK-8b84d4ca3a94e83804,66516,OPERATING,ARU_GROUP,MODELED_BANK_CLEARING_OF_FORECAST_PAYMENT
base,ARU_GROUP,2027,11,base-ARU_GROUP-2027-002575,EV-base-base-ARU_GROUP-2027-002575,SALE-base-202710-WHS-2025-005,FORECAST,PUBLIC_SYNTHETIC_PLANNING_MODEL,2026-09-06T00:00:00-07:00,PAY-base-base-ARU_GROUP-2027-002575,2027-11-30,2027-12-02,SIMBANK-4cb7dbd136a04bd2eb,115471,OPERATING,ARU_GROUP,MODELED_BANK_CLEARING_OF_FORECAST_PAYMENT
base,ARU_GROUP,2027,11,base-ARU_GROUP-2027-002576,EV-base-base-ARU_GROUP-2027-002576,SALE-base-202710-WHS-2025-023,FORECAST,PUBLIC_SYNTHETIC_PLANNING_MODEL,2026-09-06T00:00:00-07:00,PAY-base-base-ARU_GROUP-2027-002576,2027-11-30,2027-12-02,SIMBANK-db190efbb403dd87f1,61300,OPERATING,ARU_GROUP,MODELED_BANK_CLEARING_OF_FORECAST_PAYMENT
base,ARU_GROUP,2027,11,base-ARU_GROUP-2027-002577,EV-base-base-ARU_GROUP-2027-002577,SALE-base-202710-WHS-2025-024,FORECAST,PUBLIC_SYNTHETIC_PLANNING_MODEL,2026-09-06T00:00:00-07:00,PAY-base-base-ARU_GROUP-2027-002577,2027-11-30,2027-12-02,SIMBANK-7e7d4ce82c8093850c,57023,OPERATING,ARU_GROUP,MODELED_BANK_CLEARING_OF_FORECAST_PAYMENT
base,ARU_GROUP,2027,11,base-ARU_GROUP-2027-002578,EV-base-base-ARU_GROUP-2027-002578,SALE-base-202710-WHS-2025-025,FORECAST,PUBLIC_SYNTHETIC_PLANNING_MODEL,2026-09-06T00:00:00-07:00,PAY-base-base-ARU_GROUP-2027-002578,2027-11-30,2027-12-02,SIMBANK-7a8ef8a73a5616fa7b,51321,OPERATING,ARU_GROUP,MODELED_BANK_CLEARING_OF_FORECAST_PAYMENT
base,ARU_GROUP,2027,11,base-ARU_GROUP-2027-002582,EV-base-base-ARU_GROUP-2027-002582,IC-base-202710-acid-BST,FORECAST,PUBLIC_SYNTHETIC_PLANNING_MODEL,2026-09-06T00:00:00-07:00,PAY-base-base-ARU_GROUP-2027-002582,2027-11-30,2027-12-02,SIMBANK-d4a1c2c54f79cd2fdd,4845,OPERATING,ARU_GROUP,MODELED_BANK_CLEARING_OF_FORECAST_PAYMENT
base,ARU_GROUP,2027,11,base-ARU_GROUP-2027-002583,EV-base-base-ARU_GROUP-2027-002583,IC-base-202710-acid-TERMINALS,FORECAST,PUBLIC_SYNTHETIC_PLANNING_MODEL,2026-09-06T00:00:00-07:00,PAY-base-base-ARU_GROUP-2027-002583,2027-11-30,2027-12-02,SIMBANK-96dd0d34f9f9c07284,3570,OPERATING,ARU_GROUP,MODELED_BANK_CLEARING_OF_FORECAST_PAYMENT
base,ARU_GROUP,2027,11,base-ARU_GROUP-2027-002584,EV-base-base-ARU_GROUP-2027-002584,IC-base-202710-acid-TRUCKING,FORECAST,PUBLIC_SYNTHETIC_PLANNING_MODEL,2026-09-06T00:00:00-07:00,PAY-base-base-ARU_GROUP-2027-002584,2027-11-30,2027-12-02,SIMBANK-a254e6377de55dc22b,6936,OPERATING,ARU_GROUP,MODELED_BANK_CLEARING_OF_FORECAST_PAYMENT
base,ARU_GROUP,2027,11,base-ARU_GROUP-2027-002585,EV-base-base-ARU_GROUP-2027-002585,IC-base-202710-binder-BST,FORECAST,PUBLIC_SYNTHETIC_PLANNING_MODEL,2026-09-06T00:00:00-07:00,PAY-base-base-ARU_GROUP-2027-002585,2027-11-30,2027-12-02,SIMBANK-272148c1a3a11fadc4,5202,OPERATING,ARU_GROUP,MODELED_BANK_CLEARING_OF_FORECAST_PAYMENT
base,ARU_GROUP,2027,11,base-ARU_GROUP-2027-002586,EV-base-base-ARU_GROUP-2027-002586,IC-base-202710-binder-TERMINALS,FORECAST,PUBLIC_SYNTHETIC_PLANNING_MODEL,2026-09-06T00:00:00-07:00,PAY-base-base-ARU_GROUP-2027-002586,2027-11-30,2027-12-02,SIMBANK-5e54e81dca64b4dc0f,2448,OPERATING,ARU_GROUP,MODELED_BANK_CLEARING_OF_FORECAST_PAYMENT
base,ARU_GROUP,2027,11,base-ARU_GROUP-2027-002587,EV-base-base-ARU_GROUP-2027-002587,IC-base-202710-binder-TRUCKING,FORECAST,PUBLIC_SYNTHETIC_PLANNING_MODEL,2026-09-06T00:00:00-07:00,PAY-base-base-ARU_GROUP-2027-002587,2027-11-30,2027-12-02,SIMBANK-abbdf4fbcdbaabe54d,6977,OPERATING,ARU_GROUP,MODELED_BANK_CLEARING_OF_FORECAST_PAYMENT
base,ARU_GROUP,2027,11,base-ARU_GROUP-2027-002588,EV-base-base-ARU_GROUP-2027-002588,IC-base-202710-lime-BST,FORECAST,PUBLIC_SYNTHETIC_PLANNING_MODEL,2026-09-06T00:00:00-07:00,PAY-base-base-ARU_GROUP-2027-002588,2027-11-30,2027-12-02,SIMBANK-1587ec9ccae46611f2,867,OPERATING,ARU_GROUP,MODELED_BANK_CLEARING_OF_FORECAST_PAYMENT
base,ARU_GROUP,2027,11,base-ARU_GROUP-2027-002589,EV-base-base-ARU_GROUP-2027-002589,IC-base-202710-lime-TERMINALS,FORECAST,PUBLIC_SYNTHETIC_PLANNING_MODEL,2026-09-06T00:00:00-07:00,PAY-base-base-ARU_GROUP-2027-002589,2027-11-30,2027-12-02,SIMBANK-ac1bd2910f695b1b7c,459,OPERATING,ARU_GROUP,MODELED_BANK_CLEARING_OF_FORECAST_PAYMENT
base,ARU_GROUP,2027,11,base-ARU_GROUP-2027-002590,EV-base-base-ARU_GROUP-2027-002590,IC-base-202710-lime-TRUCKING,FORECAST,PUBLIC_SYNTHETIC_PLANNING_MODEL,2026-09-06T00:00:00-07:00,PAY-base-base-ARU_GROUP-2027-002590,2027-11-30,2027-12-02,SIMBANK-f03be5446e9eb15d51,1224,OPERATING,ARU_GROUP,MODELED_BANK_CLEARING_OF_FORECAST_PAYMENT
base,ARU_GROUP,2027,11,base-ARU_GROUP-2027-002591,EV-base-base-ARU_GROUP-2027-002591,IC-base-202710-mro-BST,FORECAST,PUBLIC_SYNTHETIC_PLANNING_MODEL,2026-09-06T00:00:00-07:00,PAY-base-base-ARU_GROUP-2027-002591,2027-11-30,2027-12-02,SIMBANK-816a93ba4569931d5e,765,OPERATING,ARU_GROUP,MODELED_BANK_CLEARING_OF_FORECAST_PAYMENT
base,ARU_GROUP,2027,11,base-ARU_GROUP-2027-002592,EV-base-base-ARU_GROUP-2027-002592,IC-base-202710-mro-TERMINALS,FORECAST,PUBLIC_SYNTHETIC_PLANNING_MODEL,2026-09-06T00:00:00-07:00,PAY-base-base-ARU_GROUP-2027-002592,2027-11-30,2027-12-02,SIMBANK-8bd1b79ff94e517387,510,OPERATING,ARU_GROUP,MODELED_BANK_CLEARING_OF_FORECAST_PAYMENT
base,ARU_GROUP,2027,11,base-ARU_GROUP-2027-002593,EV-base-base-ARU_GROUP-2027-002593,IC-base-202710-mro-TRUCKING,FORECAST,PUBLIC_SYNTHETIC_PLANNING_MODEL,2026-09-06T00:00:00-07:00,PAY-base-base-ARU_GROUP-2027-002593,2027-11-30,2027-12-02,SIMBANK-4d73d2e1a18a52e897,663,OPERATING,ARU_GROUP,MODELED_BANK_CLEARING_OF_FORECAST_PAYMENT
base,ARU_GROUP,2027,11,base-ARU_GROUP-2027-002594,EV-base-base-ARU_GROUP-2027-002594,IC-base-202710-project-BST,FORECAST,PUBLIC_SYNTHETIC_PLANNING_MODEL,2026-09-06T00:00:00-07:00,PAY-base-base-ARU_GROUP-2027-002594,2027-11-30,2027-12-02,SIMBANK-f75f8f9db25051b992,1428,OPERATING,ARU_GROUP,MODELED_BANK_CLEARING_OF_FORECAST_PAYMENT
base,ARU_GROUP,2027,11,base-ARU_GROUP-2027-002595,EV-base-base-ARU_GROUP-2027-002595,IC-base-202710-project-TERMINALS,FORECAST,PUBLIC_SYNTHETIC_PLANNING_MODEL,2026-09-06T00:00:00-07:00,PAY-base-base-ARU_GROUP-2027-002595,2027-11-30,2027-12-02,SIMBANK-150c3019eb9b53ca74,1428,OPERATING,ARU_GROUP,MODELED_BANK_CLEARING_OF_FORECAST_PAYMENT
base,ARU_GROUP,2027,11,base-ARU_GROUP-2027-002596,EV-base-base-ARU_GROUP-2027-002596,IC-base-202710-project-TRUCKING,FORECAST,PUBLIC_SYNTHETIC_PLANNING_MODEL,2026-09-06T00:00:00-07:00,PAY-base-base-ARU_GROUP-2027-002596,2027-11-30,2027-12-02,SIMBANK-8746f2f2356a121509,1836,OPERATING,ARU_GROUP,MODELED_BANK_CLEARING_OF_FORECAST_PAYMENT
base,ARU_GROUP,2027,11,base-ARU_GROUP-2027-002597,EV-base-base-ARU_GROUP-2027-002597,IC-base-202710-steel-BST,FORECAST,PUBLIC_SYNTHETIC_PLANNING_MODEL,2026-09-06T00:00:00-07:00,PAY-base-base-ARU_GROUP-2027-002597,2027-11-30,2027-12-02,SIMBANK-58b94946c6fbf534da,1938,OPERATING,ARU_GROUP,MODELED_BANK_CLEARING_OF_FORECAST_PAYMENT
base,ARU_GROUP,2027,11,base-ARU_GROUP-2027-002598,EV-base-base-ARU_GROUP-2027-002598,IC-base-202710-steel-TERMINALS,FORECAST,PUBLIC_SYNTHETIC_PLANNING_MODEL,2026-09-06T00:00:00-07:00,PAY-base-base-ARU_GROUP-2027-002598,2027-11-30,2027-12-02,SIMBANK-182d530640985ae563,1326,OPERATING,ARU_GROUP,MODELED_BANK_CLEARING_OF_FORECAST_PAYMENT
base,ARU_GROUP,2027,11,base-ARU_GROUP-2027-002599,EV-base-base-ARU_GROUP-2027-002599,IC-base-202710-steel-TRUCKING,FORECAST,PUBLIC_SYNTHETIC_PLANNING_MODEL,2026-09-06T00:00:00-07:00,PAY-base-base-ARU_GROUP-2027-002599,2027-11-30,2027-12-02,SIMBANK-235f42f63c59f88de5,2295,OPERATING,ARU_GROUP,MODELED_BANK_CLEARING_OF_FORECAST_PAYMENT
base,ARU_GROUP,2027,11,base-ARU_GROUP-2027-002601,EV-base-base-ARU_GROUP-2027-002601,PAYROLL-base-202711-ARU,FORECAST,PUBLIC_SYNTHETIC_PLANNING_MODEL,2026-09-06T00:00:00-07:00,PAY-base-base-ARU_GROUP-2027-002601,2027-11-30,2027-12-02,SIMBANK-82fcefc230db11bd8b,-144008,OPERATING,ARU_GROUP,MODELED_BANK_CLEARING_OF_FORECAST_PAYMENT
base,ARU_GROUP,2027,11,base-ARU_GROUP-2027-002602,EV-base-base-ARU_GROUP-2027-002602,PAYROLL-base-202711-BST,FORECAST,PUBLIC_SYNTHETIC_PLANNING_MODEL,2026-09-06T00:00:00-07:00,PAY-base-base-ARU_GROUP-2027-002602,2027-11-30,2027-12-02,SIMBANK-018e7671fd212d38be,-516154,OPERATING,ARU_GROUP,MODELED_BANK_CLEARING_OF_FORECAST_PAYMENT
base,ARU_GROUP,2027,11,base-ARU_GROUP-2027-002603,EV-base-base-ARU_GROUP-2027-002603,PAYROLL-base-202711-TERMINALS,FORECAST,PUBLIC_SYNTHETIC_PLANNING_MODEL,2026-09-06T00:00:00-07:00,PAY-base-base-ARU_GROUP-2027-002603,2027-11-30,2027-12-02,SIMBANK-35ee009a76618b6333,-200784,OPERATING,ARU_GROUP,MODELED_BANK_CLEARING_OF_FORECAST_PAYMENT
base,ARU_GROUP,2027,11,base-ARU_GROUP-2027-002604,EV-base-base-ARU_GROUP-2027-002604,PAYROLL-base-202711-TRUCKING,FORECAST,PUBLIC_SYNTHETIC_PLANNING_MODEL,2026-09-06T00:00:00-07:00,PAY-base-base-ARU_GROUP-2027-002604,2027-11-30,2027-12-02,SIMBANK-02c68f58745d830b6c,-194118,OPERATING,ARU_GROUP,MODELED_BANK_CLEARING_OF_FORECAST_PAYMENT
base,ARU_GROUP,2027,11,base-ARU_GROUP-2027-002605,EV-base-base-ARU_GROUP-2027-002605,PAYROLL-base-202711-WAREHOUSE,FORECAST,PUBLIC_SYNTHETIC_PLANNING_MODEL,2026-09-06T00:00:00-07:00,PAY-base-base-ARU_GROUP-2027-002605,2027-11-30,2027-12-02,SIMBANK-fe3c169e4d6df92b28,-92175,OPERATING,ARU_GROUP,MODELED_BANK_CLEARING_OF_FORECAST_PAYMENT
base,ARU_GROUP,2027,11,base-ARU_GROUP-2027-002606,EV-base-base-ARU_GROUP-2027-002606,INTEREST-202711,FORECAST,PUBLIC_SYNTHETIC_PLANNING_MODEL,2026-09-06T00:00:00-07:00,PAY-base-base-ARU_GROUP-2027-002606,2027-11-30,2027-12-02,SIMBANK-a4210973559db8a1b0,-117833,OPERATING,ARU_GROUP,MODELED_BANK_CLEARING_OF_FORECAST_PAYMENT
base,ARU_GROUP,2027,11,base-ARU_GROUP-2027-002607,EV-base-base-ARU_GROUP-2027-002607,LEASE-202711,FORECAST,PUBLIC_SYNTHETIC_PLANNING_MODEL,2026-09-06T00:00:00-07:00,PAY-base-base-ARU_GROUP-2027-002607,2027-11-30,2027-12-02,SIMBANK-c23d457aae22aeb998,-41666,FINANCING,ARU_GROUP,MODELED_BANK_CLEARING_OF_FORECAST_PAYMENT
base,ARU_GROUP,2027,11,base-ARU_GROUP-2027-002608,EV-base-base-ARU_GROUP-2027-002608,IC-base-202711-acid-BST-COST,FORECAST,PUBLIC_SYNTHETIC_PLANNING_MODEL,2026-09-06T00:00:00-07:00,PAY-base-base-ARU_GROUP-2027-002608,2027-11-30,2027-12-02,SIMBANK-f54eb282b5a36f7bee,-1689,OPERATING,ARU_GROUP,MODELED_BANK_CLEARING_OF_FORECAST_PAYMENT
base,ARU_GROUP,2027,11,base-ARU_GROUP-2027-002609,EV-base-base-ARU_GROUP-2027-002609,IC-base-202711-acid-TERMINALS-COST,FORECAST,PUBLIC_SYNTHETIC_PLANNING_MODEL,2026-09-06T00:00:00-07:00,PAY-base-base-ARU_GROUP-2027-002609,2027-11-30,2027-12-02,SIMBANK-73c6c2904eb2f41db1,-1607,OPERATING,ARU_GROUP,MODELED_BANK_CLEARING_OF_FORECAST_PAYMENT
base,ARU_GROUP,2027,11,base-ARU_GROUP-2027-002610,EV-base-base-ARU_GROUP-2027-002610,IC-base-202711-acid-TRUCKING-COST,FORECAST,PUBLIC_SYNTHETIC_PLANNING_MODEL,2026-09-06T00:00:00-07:00,PAY-base-base-ARU_GROUP-2027-002610,2027-11-30,2027-12-02,SIMBANK-908ef6c892400e892b,-3790,OPERATING,ARU_GROUP,MODELED_BANK_CLEARING_OF_FORECAST_PAYMENT
base,ARU_GROUP,2027,11,base-ARU_GROUP-2027-002611,EV-base-base-ARU_GROUP-2027-002611,IC-base-202711-binder-BST-COST,FORECAST,PUBLIC_SYNTHETIC_PLANNING_MODEL,2026-09-06T00:00:00-07:00,PAY-base-base-ARU_GROUP-2027-002611,2027-11-30,2027-12-02,SIMBANK-f52bad744b16ad1dca,-1854,OPERATING,ARU_GROUP,MODELED_BANK_CLEARING_OF_FORECAST_PAYMENT
base,ARU_GROUP,2027,11,base-ARU_GROUP-2027-002612,EV-base-base-ARU_GROUP-2027-002612,IC-base-202711-binder-TERMINALS-COST,FORECAST,PUBLIC_SYNTHETIC_PLANNING_MODEL,2026-09-06T00:00:00-07:00,PAY-base-base-ARU_GROUP-2027-002612,2027-11-30,2027-12-02,SIMBANK-96c21fabb964c8bbc1,-1185,OPERATING,ARU_GROUP,MODELED_BANK_CLEARING_OF_FORECAST_PAYMENT
base,ARU_GROUP,2027,11,base-ARU_GROUP-2027-002613,EV-base-base-ARU_GROUP-2027-002613,IC-base-202711-binder-TRUCKING-COST,FORECAST,PUBLIC_SYNTHETIC_PLANNING_MODEL,2026-09-06T00:00:00-07:00,PAY-base-base-ARU_GROUP-2027-002613,2027-11-30,2027-12-02,SIMBANK-5da2a811ab9c4c7656,-3914,OPERATING,ARU_GROUP,MODELED_BANK_CLEARING_OF_FORECAST_PAYMENT
base,ARU_GROUP,2027,11,base-ARU_GROUP-2027-002614,EV-base-base-ARU_GROUP-2027-002614,IC-base-202711-lime-BST-COST,FORECAST,PUBLIC_SYNTHETIC_PLANNING_MODEL,2026-09-06T00:00:00-07:00,PAY-base-base-ARU_GROUP-2027-002614,2027-11-30,2027-12-02,SIMBANK-6055c3c39b2a06746f,-371,OPERATING,ARU_GROUP,MODELED_BANK_CLEARING_OF_FORECAST_PAYMENT
base,ARU_GROUP,2027,11,base-ARU_GROUP-2027-002615,EV-base-base-ARU_GROUP-2027-002615,IC-base-202711-lime-TERMINALS-COST,FORECAST,PUBLIC_SYNTHETIC_PLANNING_MODEL,2026-09-06T00:00:00-07:00,PAY-base-base-ARU_GROUP-2027-002615,2027-11-30,2027-12-02,SIMBANK-63899edd7b37808f01,-258,OPERATING,ARU_GROUP,MODELED_BANK_CLEARING_OF_FORECAST_PAYMENT
base,ARU_GROUP,2027,11,base-ARU_GROUP-2027-002616,EV-base-base-ARU_GROUP-2027-002616,IC-base-202711-lime-TRUCKING-COST,FORECAST,PUBLIC_SYNTHETIC_PLANNING_MODEL,2026-09-06T00:00:00-07:00,PAY-base-base-ARU_GROUP-2027-002616,2027-11-30,2027-12-02,SIMBANK-ac1c7a4a91209f708d,-824,OPERATING,ARU_GROUP,MODELED_BANK_CLEARING_OF_FORECAST_PAYMENT
base,ARU_GROUP,2027,11,base-ARU_GROUP-2027-002617,EV-base-base-ARU_GROUP-2027-002617,IC-base-202711-mro-BST-COST,FORECAST,PUBLIC_SYNTHETIC_PLANNING_MODEL,2026-09-06T00:00:00-07:00,PAY-base-base-ARU_GROUP-2027-002617,2027-11-30,2027-12-02,SIMBANK-efa1ba59971d30ff3e,-309,OPERATING,ARU_GROUP,MODELED_BANK_CLEARING_OF_FORECAST_PAYMENT
base,ARU_GROUP,2027,11,base-ARU_GROUP-2027-002618,EV-base-base-ARU_GROUP-2027-002618,IC-base-202711-mro-TERMINALS-COST,FORECAST,PUBLIC_SYNTHETIC_PLANNING_MODEL,2026-09-06T00:00:00-07:00,PAY-base-base-ARU_GROUP-2027-002618,2027-11-30,2027-12-02,SIMBANK-8f6541f31e7784ad13,-299,OPERATING,ARU_GROUP,MODELED_BANK_CLEARING_OF_FORECAST_PAYMENT
base,ARU_GROUP,2027,11,base-ARU_GROUP-2027-002619,EV-base-base-ARU_GROUP-2027-002619,IC-base-202711-mro-TRUCKING-COST,FORECAST,PUBLIC_SYNTHETIC_PLANNING_MODEL,2026-09-06T00:00:00-07:00,PAY-base-base-ARU_GROUP-2027-002619,2027-11-30,2027-12-02,SIMBANK-d55ff2348eed6d0911,-453,OPERATING,ARU_GROUP,MODELED_BANK_CLEARING_OF_FORECAST_PAYMENT
base,ARU_GROUP,2027,11,base-ARU_GROUP-2027-002620,EV-base-base-ARU_GROUP-2027-002620,IC-base-202711-project-BST-COST,FORECAST,PUBLIC_SYNTHETIC_PLANNING_MODEL,2026-09-06T00:00:00-07:00,PAY-base-base-ARU_GROUP-2027-002620,2027-11-30,2027-12-02,SIMBANK-bb3d6df646298afbbd,-670,OPERATING,ARU_GROUP,MODELED_BANK_CLEARING_OF_FORECAST_PAYMENT
base,ARU_GROUP,2027,11,base-ARU_GROUP-2027-002621,EV-base-base-ARU_GROUP-2027-002621,IC-base-202711-project-TERMINALS-COST,FORECAST,PUBLIC_SYNTHETIC_PLANNING_MODEL,2026-09-06T00:00:00-07:00,PAY-base-base-ARU_GROUP-2027-002621,2027-11-30,2027-12-02,SIMBANK-105eb10b96e923dc00,-824,OPERATING,ARU_GROUP,MODELED_BANK_CLEARING_OF_FORECAST_PAYMENT
base,ARU_GROUP,2027,11,base-ARU_GROUP-2027-002622,EV-base-base-ARU_GROUP-2027-002622,IC-base-202711-project-TRUCKING-COST,FORECAST,PUBLIC_SYNTHETIC_PLANNING_MODEL,2026-09-06T00:00:00-07:00,PAY-base-base-ARU_GROUP-2027-002622,2027-11-30,2027-12-02,SIMBANK-6d2181bc7e9bd8f344,-1339,OPERATING,ARU_GROUP,MODELED_BANK_CLEARING_OF_FORECAST_PAYMENT
base,ARU_GROUP,2027,11,base-ARU_GROUP-2027-002623,EV-base-base-ARU_GROUP-2027-002623,IC-base-202711-steel-BST-COST,FORECAST,PUBLIC_SYNTHETIC_PLANNING_MODEL,2026-09-06T00:00:00-07:00,PAY-base-base-ARU_GROUP-2027-002623,2027-11-30,2027-12-02,SIMBANK-a155d664cdd87f46ef,-886,OPERATING,ARU_GROUP,MODELED_BANK_CLEARING_OF_FORECAST_PAYMENT
base,ARU_GROUP,2027,11,base-ARU_GROUP-2027-002624,EV-base-base-ARU_GROUP-2027-002624,IC-base-202711-steel-TERMINALS-COST,FORECAST,PUBLIC_SYNTHETIC_PLANNING_MODEL,2026-09-06T00:00:00-07:00,PAY-base-base-ARU_GROUP-2027-002624,2027-11-30,2027-12-02,SIMBANK-bd86fb1e6b344ff185,-762,OPERATING,ARU_GROUP,MODELED_BANK_CLEARING_OF_FORECAST_PAYMENT
base,ARU_GROUP,2027,11,base-ARU_GROUP-2027-002625,EV-base-base-ARU_GROUP-2027-002625,IC-base-202711-steel-TRUCKING-COST,FORECAST,PUBLIC_SYNTHETIC_PLANNING_MODEL,2026-09-06T00:00:00-07:00,PAY-base-base-ARU_GROUP-2027-002625,2027-11-30,2027-12-02,SIMBANK-0b7b0a0ff3a1d021a6,-1545,OPERATING,ARU_GROUP,MODELED_BANK_CLEARING_OF_FORECAST_PAYMENT
base,ARU_GROUP,2027,11,base-ARU_GROUP-2027-002626,EV-base-base-ARU_GROUP-2027-002626,IF-FIXED-base-202711-BST,FORECAST,PUBLIC_SYNTHETIC_PLANNING_MODEL,2026-09-06T00:00:00-07:00,PAY-base-base-ARU_GROUP-2027-002626,2027-11-30,2027-12-02,SIMBANK-4be4377f4a1ed49a6f,-1030,OPERATING,ARU_GROUP,MODELED_BANK_CLEARING_OF_FORECAST_PAYMENT
base,ARU_GROUP,2027,11,base-ARU_GROUP-2027-002627,EV-base-base-ARU_GROUP-2027-002627,IF-FIXED-base-202711-TERMINALS,FORECAST,PUBLIC_SYNTHETIC_PLANNING_MODEL,2026-09-06T00:00:00-07:00,PAY-base-base-ARU_GROUP-2027-002627,2027-11-30,2027-12-02,SIMBANK-b4a54ef8fa6648b362,-2060,OPERATING,ARU_GROUP,MODELED_BANK_CLEARING_OF_FORECAST_PAYMENT
base,ARU_GROUP,2027,11,base-ARU_GROUP-2027-002628,EV-base-base-ARU_GROUP-2027-002628,IF-FIXED-base-202711-TRUCKING,FORECAST,PUBLIC_SYNTHETIC_PLANNING_MODEL,2026-09-06T00:00:00-07:00,PAY-base-base-ARU_GROUP-2027-002628,2027-11-30,2027-12-02,SIMBANK-9340d4a2b1ee73a663,-1030,OPERATING,ARU_GROUP,MODELED_BANK_CLEARING_OF_FORECAST_PAYMENT
base,ARU_GROUP,2027,11,base-ARU_GROUP-2027-002629,EV-base-base-ARU_GROUP-2027-002629,PROC-base-202710-ARU-INS,FORECAST,PUBLIC_SYNTHETIC_PLANNING_MODEL,2026-09-06T00:00:00-07:00,PAY-base-base-ARU_GROUP-2027-002629,2027-11-30,2027-12-02,SIMBANK-622d3a49a39dcebd5f,-9744,OPERATING,ARU_GROUP,MODELED_BANK_CLEARING_OF_FORECAST_PAYMENT
base,ARU_GROUP,2027,11,base-ARU_GROUP-2027-002630,EV-base-base-ARU_GROUP-2027-002630,PROC-base-202710-ARU-MAINT,FORECAST,PUBLIC_SYNTHETIC_PLANNING_MODEL,2026-09-06T00:00:00-07:00,PAY-base-base-ARU_GROUP-2027-002630,2027-11-30,2027-12-02,SIMBANK-cc07db6546eabad715,-12180,OPERATING,ARU_GROUP,MODELED_BANK_CLEARING_OF_FORECAST_PAYMENT
base,ARU_GROUP,2027,11,base-ARU_GROUP-2027-002631,EV-base-base-ARU_GROUP-2027-002631,PROC-base-202710-ARU-MAT,FORECAST,PUBLIC_SYNTHETIC_PLANNING_MODEL,2026-09-06T00:00:00-07:00,PAY-base-base-ARU_GROUP-2027-002631,2027-11-30,2027-12-02,SIMBANK-3653dfc777cb432a8c,-12180,OPERATING,ARU_GROUP,MODELED_BANK_CLEARING_OF_FORECAST_PAYMENT
base,ARU_GROUP,2027,11,base-ARU_GROUP-2027-002632,EV-base-base-ARU_GROUP-2027-002632,PROC-base-202710-ARU-OCC,FORECAST,PUBLIC_SYNTHETIC_PLANNING_MODEL,2026-09-06T00:00:00-07:00,PAY-base-base-ARU_GROUP-2027-002632,2027-11-30,2027-12-02,SIMBANK-3f15817fc8d4c3b44f,-9744,OPERATING,ARU_GROUP,MODELED_BANK_CLEARING_OF_FORECAST_PAYMENT
base,ARU_GROUP,2027,11,base-ARU_GROUP-2027-002633,EV-base-base-ARU_GROUP-2027-002633,PROC-base-202710-ARU-SERV,FORECAST,PUBLIC_SYNTHETIC_PLANNING_MODEL,2026-09-06T00:00:00-07:00,PAY-base-base-ARU_GROUP-2027-002633,2027-11-30,2027-12-02,SIMBANK-35d65bb8ecf5fae976,-4872,OPERATING,ARU_GROUP,MODELED_BANK_CLEARING_OF_FORECAST_PAYMENT
base,ARU_GROUP,2027,11,base-ARU_GROUP-2027-002634,EV-base-base-ARU_GROUP-2027-002634,PROC-base-202710-BST-INS,FORECAST,PUBLIC_SYNTHETIC_PLANNING_MODEL,2026-09-06T00:00:00-07:00,PAY-base-base-ARU_GROUP-2027-002634,2027-11-30,2027-12-02,SIMBANK-4347d2c8e2c8042e5e,-110191,OPERATING,ARU_GROUP,MODELED_BANK_CLEARING_OF_FORECAST_PAYMENT
base,ARU_GROUP,2027,11,base-ARU_GROUP-2027-002635,EV-base-base-ARU_GROUP-2027-002635,PROC-base-202710-BST-MAINT,FORECAST,PUBLIC_SYNTHETIC_PLANNING_MODEL,2026-09-06T00:00:00-07:00,PAY-base-base-ARU_GROUP-2027-002635,2027-11-30,2027-12-02,SIMBANK-47d7d2f42ac55b6104,-170256,OPERATING,ARU_GROUP,MODELED_BANK_CLEARING_OF_FORECAST_PAYMENT
base,ARU_GROUP,2027,11,base-ARU_GROUP-2027-002636,EV-base-base-ARU_GROUP-2027-002636,PROC-base-202710-BST-MAT,FORECAST,PUBLIC_SYNTHETIC_PLANNING_MODEL,2026-09-06T00:00:00-07:00,PAY-base-base-ARU_GROUP-2027-002636,2027-11-30,2027-12-02,SIMBANK-b47e78a166faf645c8,-141459,OPERATING,ARU_GROUP,MODELED_BANK_CLEARING_OF_FORECAST_PAYMENT
base,ARU_GROUP,2027,11,base-ARU_GROUP-2027-002637,EV-base-base-ARU_GROUP-2027-002637,PROC-base-202710-BST-OCC,FORECAST,PUBLIC_SYNTHETIC_PLANNING_MODEL,2026-09-06T00:00:00-07:00,PAY-base-base-ARU_GROUP-2027-002637,2027-11-30,2027-12-02,SIMBANK-39e27e0eba38a33128,-118446,OPERATING,ARU_GROUP,MODELED_BANK_CLEARING_OF_FORECAST_PAYMENT
base,ARU_GROUP,2027,11,base-ARU_GROUP-2027-002638,EV-base-base-ARU_GROUP-2027-002638,PROC-base-202710-BST-SERV,FORECAST,PUBLIC_SYNTHETIC_PLANNING_MODEL,2026-09-06T00:00:00-07:00,PAY-base-base-ARU_GROUP-2027-002638,2027-11-30,2027-12-02,SIMBANK-e9968a5bcb3e6ab254,-134235,OPERATING,ARU_GROUP,MODELED_BANK_CLEARING_OF_FORECAST_PAYMENT
base,ARU_GROUP,2027,11,base-ARU_GROUP-2027-002639,EV-base-base-ARU_GROUP-2027-002639,PROC-base-202710-TERMINALS-INS,FORECAST,PUBLIC_SYNTHETIC_PLANNING_MODEL,2026-09-06T00:00:00-07:00,PAY-base-base-ARU_GROUP-2027-002639,2027-11-30,2027-12-02,SIMBANK-f20916597cf1f23773,-77961,OPERATING,ARU_GROUP,MODELED_BANK_CLEARING_OF_FORECAST_PAYMENT
base,ARU_GROUP,2027,11,base-ARU_GROUP-2027-002640,EV-base-base-ARU_GROUP-2027-002640,PROC-base-202710-TERMINALS-MAINT,FORECAST,PUBLIC_SYNTHETIC_PLANNING_MODEL,2026-09-06T00:00:00-07:00,PAY-base-base-ARU_GROUP-2027-002640,2027-11-30,2027-12-02,SIMBANK-d7c3084f82023a97dd,-136186,OPERATING,ARU_GROUP,MODELED_BANK_CLEARING_OF_FORECAST_PAYMENT
base,ARU_GROUP,2027,11,base-ARU_GROUP-2027-002641,EV-base-base-ARU_GROUP-2027-002641,PROC-base-202710-TERMINALS-MAT,FORECAST,PUBLIC_SYNTHETIC_PLANNING_MODEL,2026-09-06T00:00:00-07:00,PAY-base-base-ARU_GROUP-2027-002641,2027-11-30,2027-12-02,SIMBANK-9133b8bfe0b24fa1ec,-141186,OPERATING,ARU_GROUP,MODELED_BANK_CLEARING_OF_FORECAST_PAYMENT
base,ARU_GROUP,2027,11,base-ARU_GROUP-2027-002642,EV-base-base-ARU_GROUP-2027-002642,PROC-base-202710-TERMINALS-OCC,FORECAST,PUBLIC_SYNTHETIC_PLANNING_MODEL,2026-09-06T00:00:00-07:00,PAY-base-base-ARU_GROUP-2027-002642,2027-11-30,2027-12-02,SIMBANK-5c314b875a2cbdd65f,-105448,OPERATING,ARU_GROUP,MODELED_BANK_CLEARING_OF_FORECAST_PAYMENT
base,ARU_GROUP,2027,11,base-ARU_GROUP-2027-002643,EV-base-base-ARU_GROUP-2027-002643,PROC-base-202710-TERMINALS-SERV,FORECAST,PUBLIC_SYNTHETIC_PLANNING_MODEL,2026-09-06T00:00:00-07:00,PAY-base-base-ARU_GROUP-2027-002643,2027-11-30,2027-12-02,SIMBANK-407ff929942f8b0c79,-80587,OPERATING,ARU_GROUP,MODELED_BANK_CLEARING_OF_FORECAST_PAYMENT
base,ARU_GROUP,2027,11,base-ARU_GROUP-2027-002644,EV-base-base-ARU_GROUP-2027-002644,PROC-base-202710-TRUCKING-INS,FORECAST,PUBLIC_SYNTHETIC_PLANNING_MODEL,2026-09-06T00:00:00-07:00,PAY-base-base-ARU_GROUP-2027-002644,2027-11-30,2027-12-02,SIMBANK-f02e4576716d084e46,-30804,OPERATING,ARU_GROUP,MODELED_BANK_CLEARING_OF_FORECAST_PAYMENT
base,ARU_GROUP,2027,11,base-ARU_GROUP-2027-002645,EV-base-base-ARU_GROUP-2027-002645,PROC-base-202710-TRUCKING-MAINT,FORECAST,PUBLIC_SYNTHETIC_PLANNING_MODEL,2026-09-06T00:00:00-07:00,PAY-base-base-ARU_GROUP-2027-002645,2027-11-30,2027-12-02,SIMBANK-b3feecec182b594a91,-80707,OPERATING,ARU_GROUP,MODELED_BANK_CLEARING_OF_FORECAST_PAYMENT
base,ARU_GROUP,2027,11,base-ARU_GROUP-2027-002646,EV-base-base-ARU_GROUP-2027-002646,PROC-base-202710-TRUCKING-MAT,FORECAST,PUBLIC_SYNTHETIC_PLANNING_MODEL,2026-09-06T00:00:00-07:00,PAY-base-base-ARU_GROUP-2027-002646,2027-11-30,2027-12-02,SIMBANK-d0e0ae2793cc912f0b,-117129,OPERATING,ARU_GROUP,MODELED_BANK_CLEARING_OF_FORECAST_PAYMENT
base,ARU_GROUP,2027,11,base-ARU_GROUP-2027-002647,EV-base-base-ARU_GROUP-2027-002647,PROC-base-202710-TRUCKING-OCC,FORECAST,PUBLIC_SYNTHETIC_PLANNING_MODEL,2026-09-06T00:00:00-07:00,PAY-base-base-ARU_GROUP-2027-002647,2027-11-30,2027-12-02,SIMBANK-e7614f3e23b4e2fd9f,-62495,OPERATING,ARU_GROUP,MODELED_BANK_CLEARING_OF_FORECAST_PAYMENT
base,ARU_GROUP,2027,11,base-ARU_GROUP-2027-002648,EV-base-base-ARU_GROUP-2027-002648,PROC-base-202710-TRUCKING-SERV,FORECAST,PUBLIC_SYNTHETIC_PLANNING_MODEL,2026-09-06T00:00:00-07:00,PAY-base-base-ARU_GROUP-2027-002648,2027-11-30,2027-12-02,SIMBANK-d8ca0e6199782f6415,-31838,OPERATING,ARU_GROUP,MODELED_BANK_CLEARING_OF_FORECAST_PAYMENT
base,ARU_GROUP,2027,11,base-ARU_GROUP-2027-002649,EV-base-base-ARU_GROUP-2027-002649,PROC-base-202710-WAREHOUSE-INS,FORECAST,PUBLIC_SYNTHETIC_PLANNING_MODEL,2026-09-06T00:00:00-07:00,PAY-base-base-ARU_GROUP-2027-002649,2027-11-30,2027-12-02,SIMBANK-d1f37fb86037464d6b,-26223,OPERATING,ARU_GROUP,MODELED_BANK_CLEARING_OF_FORECAST_PAYMENT
base,ARU_GROUP,2027,11,base-ARU_GROUP-2027-002650,EV-base-base-ARU_GROUP-2027-002650,PROC-base-202710-WAREHOUSE-MAINT,FORECAST,PUBLIC_SYNTHETIC_PLANNING_MODEL,2026-09-06T00:00:00-07:00,PAY-base-base-ARU_GROUP-2027-002650,2027-11-30,2027-12-02,SIMBANK-4ce97f9d9d7e710606,-36645,OPERATING,ARU_GROUP,MODELED_BANK_CLEARING_OF_FORECAST_PAYMENT
base,ARU_GROUP,2027,11,base-ARU_GROUP-2027-002651,EV-base-base-ARU_GROUP-2027-002651,PROC-base-202710-WAREHOUSE-MAT,FORECAST,PUBLIC_SYNTHETIC_PLANNING_MODEL,2026-09-06T00:00:00-07:00,PAY-base-base-ARU_GROUP-2027-002651,2027-11-30,2027-12-02,SIMBANK-818fadc2e6cb0a080f,-66482,OPERATING,ARU_GROUP,MODELED_BANK_CLEARING_OF_FORECAST_PAYMENT
base,ARU_GROUP,2027,11,base-ARU_GROUP-2027-002652,EV-base-base-ARU_GROUP-2027-002652,PROC-base-202710-WAREHOUSE-OCC,FORECAST,PUBLIC_SYNTHETIC_PLANNING_MODEL,2026-09-06T00:00:00-07:00,PAY-base-base-ARU_GROUP-2027-002652,2027-11-30,2027-12-02,SIMBANK-aa1ba3d8f513490c1c,-26601,OPERATING,ARU_GROUP,MODELED_BANK_CLEARING_OF_FORECAST_PAYMENT
base,ARU_GROUP,2027,11,base-ARU_GROUP-2027-002653,EV-base-base-ARU_GROUP-2027-002653,PROC-base-202710-WAREHOUSE-SERV,FORECAST,PUBLIC_SYNTHETIC_PLANNING_MODEL,2026-09-06T00:00:00-07:00,PAY-base-base-ARU_GROUP-2027-002653,2027-11-30,2027-12-02,SIMBANK-768c333c88a96d7152,-27106,OPERATING,ARU_GROUP,MODELED_BANK_CLEARING_OF_FORECAST_PAYMENT
base,ARU_GROUP,2027,11,base-ARU_GROUP-2027-002654,EV-base-base-ARU_GROUP-2027-002654,CAPEX-base-ARU_GROUP-202711-replacement,FORECAST,PUBLIC_SYNTHETIC_PLANNING_MODEL,2026-09-06T00:00:00-07:00,PAY-base-base-ARU_GROUP-2027-002654,2027-11-30,2027-12-02,SIMBANK-41727ce6db1406453e,-283250,INVESTING,ARU_GROUP,MODELED_BANK_CLEARING_OF_FORECAST_PAYMENT
base,ARU_GROUP,2027,12,base-ARU_GROUP-2027-002779,EV-base-base-ARU_GROUP-2027-002779,SALE-base-202710-BST-2025-001,FORECAST,PUBLIC_SYNTHETIC_PLANNING_MODEL,2026-09-06T00:00:00-07:00,PAY-base-base-ARU_GROUP-2027-002779,2027-12-31,2028-01-02,SIMBANK-af6b9ced60a9151300,155473,OPERATING,ARU_GROUP,MODELED_BANK_CLEARING_OF_FORECAST_PAYMENT
base,ARU_GROUP,2027,12,base-ARU_GROUP-2027-002780,EV-base-base-ARU_GROUP-2027-002780,SALE-base-202710-BST-2025-006,FORECAST,PUBLIC_SYNTHETIC_PLANNING_MODEL,2026-09-06T00:00:00-07:00,PAY-base-base-ARU_GROUP-2027-002780,2027-12-31,2028-01-02,SIMBANK-b5e796365e0a9fe162,66420,OPERATING,ARU_GROUP,MODELED_BANK_CLEARING_OF_FORECAST_PAYMENT
base,ARU_GROUP,2027,12,base-ARU_GROUP-2027-002781,EV-base-base-ARU_GROUP-2027-002781,SALE-base-202710-BST-2025-002,FORECAST,PUBLIC_SYNTHETIC_PLANNING_MODEL,2026-09-06T00:00:00-07:00,PAY-base-base-ARU_GROUP-2027-002781,2027-12-31,2028-01-02,SIMBANK-54dec94cce12d8af8f,115387,OPERATING,ARU_GROUP,MODELED_BANK_CLEARING_OF_FORECAST_PAYMENT
base,ARU_GROUP,2027,12,base-ARU_GROUP-2027-002782,EV-base-base-ARU_GROUP-2027-002782,SALE-base-202710-BST-2025-007,FORECAST,PUBLIC_SYNTHETIC_PLANNING_MODEL,2026-09-06T00:00:00-07:00,PAY-base-base-ARU_GROUP-2027-002782,2027-12-31,2028-01-02,SIMBANK-fae0aa35653898cad3,52074,OPERATING,ARU_GROUP,MODELED_BANK_CLEARING_OF_FORECAST_PAYMENT
base,ARU_GROUP,2027,12,base-ARU_GROUP-2027-002783,EV-base-base-ARU_GROUP-2027-002783,SALE-base-202710-BST-2025-004,FORECAST,PUBLIC_SYNTHETIC_PLANNING_MODEL,2026-09-06T00:00:00-07:00,PAY-base-base-ARU_GROUP-2027-002783,2027-12-31,2028-01-02,SIMBANK-8f8e82b20e2ca1186d,59899,OPERATING,ARU_GROUP,MODELED_BANK_CLEARING_OF_FORECAST_PAYMENT
base,ARU_GROUP,2027,12,base-ARU_GROUP-2027-002784,EV-base-base-ARU_GROUP-2027-002784,SALE-base-202710-BST-2025-008,FORECAST,PUBLIC_SYNTHETIC_PLANNING_MODEL,2026-09-06T00:00:00-07:00,PAY-base-base-ARU_GROUP-2027-002784,2027-12-31,2028-01-02,SIMBANK-1886206cba6e2d5e3d,29839,OPERATING,ARU_GROUP,MODELED_BANK_CLEARING_OF_FORECAST_PAYMENT
base,ARU_GROUP,2027,12,base-ARU_GROUP-2027-002785,EV-base-base-ARU_GROUP-2027-002785,SALE-base-202710-BST-2025-003,FORECAST,PUBLIC_SYNTHETIC_PLANNING_MODEL,2026-09-06T00:00:00-07:00,PAY-base-base-ARU_GROUP-2027-002785,2027-12-31,2028-01-02,SIMBANK-fbbda1af46a9bba811,70964,OPERATING,ARU_GROUP,MODELED_BANK_CLEARING_OF_FORECAST_PAYMENT
base,ARU_GROUP,2027,12,base-ARU_GROUP-2027-002786,EV-base-base-ARU_GROUP-2027-002786,SALE-base-202710-BST-2025-009,FORECAST,PUBLIC_SYNTHETIC_PLANNING_MODEL,2026-09-06T00:00:00-07:00,PAY-base-base-ARU_GROUP-2027-002786,2027-12-31,2028-01-02,SIMBANK-0ab547e3488aee1a14,36518,OPERATING,ARU_GROUP,MODELED_BANK_CLEARING_OF_FORECAST_PAYMENT
base,ARU_GROUP,2027,12,base-ARU_GROUP-2027-002787,EV-base-base-ARU_GROUP-2027-002787,SALE-base-202710-BST-2025-010,FORECAST,PUBLIC_SYNTHETIC_PLANNING_MODEL,2026-09-06T00:00:00-07:00,PAY-base-base-ARU_GROUP-2027-002787,2027-12-31,2028-01-02,SIMBANK-bcb675a6761c311f4e,34569,OPERATING,ARU_GROUP,MODELED_BANK_CLEARING_OF_FORECAST_PAYMENT
base,ARU_GROUP,2027,12,base-ARU_GROUP-2027-002788,EV-base-base-ARU_GROUP-2027-002788,SALE-base-202710-BST-2025-011,FORECAST,PUBLIC_SYNTHETIC_PLANNING_MODEL,2026-09-06T00:00:00-07:00,PAY-base-base-ARU_GROUP-2027-002788,2027-12-31,2028-01-02,SIMBANK-057c5e366277bdee4d,18266,OPERATING,ARU_GROUP,MODELED_BANK_CLEARING_OF_FORECAST_PAYMENT
base,ARU_GROUP,2027,12,base-ARU_GROUP-2027-002789,EV-base-base-ARU_GROUP-2027-002789,SALE-base-202710-BST-2025-012,FORECAST,PUBLIC_SYNTHETIC_PLANNING_MODEL,2026-09-06T00:00:00-07:00,PAY-base-base-ARU_GROUP-2027-002789,2027-12-31,2028-01-02,SIMBANK-6297103d2e6a4b5d53,56493,OPERATING,ARU_GROUP,MODELED_BANK_CLEARING_OF_FORECAST_PAYMENT
base,ARU_GROUP,2027,12,base-ARU_GROUP-2027-002790,EV-base-base-ARU_GROUP-2027-002790,SALE-base-202710-BST-2025-013,FORECAST,PUBLIC_SYNTHETIC_PLANNING_MODEL,2026-09-06T00:00:00-07:00,PAY-base-base-ARU_GROUP-2027-002790,2027-12-31,2028-01-02,SIMBANK-e373688591746b6bb9,36119,OPERATING,ARU_GROUP,MODELED_BANK_CLEARING_OF_FORECAST_PAYMENT
base,ARU_GROUP,2027,12,base-ARU_GROUP-2027-002791,EV-base-base-ARU_GROUP-2027-002791,SALE-base-202710-TRM-2025-001,FORECAST,PUBLIC_SYNTHETIC_PLANNING_MODEL,2026-09-06T00:00:00-07:00,PAY-base-base-ARU_GROUP-2027-002791,2027-12-31,2028-01-02,SIMBANK-9efafdf3ebdb30e8a1,63915,OPERATING,ARU_GROUP,MODELED_BANK_CLEARING_OF_FORECAST_PAYMENT
base,ARU_GROUP,2027,12,base-ARU_GROUP-2027-002792,EV-base-base-ARU_GROUP-2027-002792,SALE-base-202710-TRM-2025-002,FORECAST,PUBLIC_SYNTHETIC_PLANNING_MODEL,2026-09-06T00:00:00-07:00,PAY-base-base-ARU_GROUP-2027-002792,2027-12-31,2028-01-02,SIMBANK-5307eb9da2d9b83891,62120,OPERATING,ARU_GROUP,MODELED_BANK_CLEARING_OF_FORECAST_PAYMENT
base,ARU_GROUP,2027,12,base-ARU_GROUP-2027-002793,EV-base-base-ARU_GROUP-2027-002793,SALE-base-202710-TRM-2025-003,FORECAST,PUBLIC_SYNTHETIC_PLANNING_MODEL,2026-09-06T00:00:00-07:00,PAY-base-base-ARU_GROUP-2027-002793,2027-12-31,2028-01-02,SIMBANK-57963d4682bf3d288e,85642,OPERATING,ARU_GROUP,MODELED_BANK_CLEARING_OF_FORECAST_PAYMENT
base,ARU_GROUP,2027,12,base-ARU_GROUP-2027-002794,EV-base-base-ARU_GROUP-2027-002794,SALE-base-202710-TRM-2025-014,FORECAST,PUBLIC_SYNTHETIC_PLANNING_MODEL,2026-09-06T00:00:00-07:00,PAY-base-base-ARU_GROUP-2027-002794,2027-12-31,2028-01-02,SIMBANK-25cf600ff7e303f1bb,85537,OPERATING,ARU_GROUP,MODELED_BANK_CLEARING_OF_FORECAST_PAYMENT
base,ARU_GROUP,2027,12,base-ARU_GROUP-2027-002795,EV-base-base-ARU_GROUP-2027-002795,SALE-base-202710-TRM-2025-015,FORECAST,PUBLIC_SYNTHETIC_PLANNING_MODEL,2026-09-06T00:00:00-07:00,PAY-base-base-ARU_GROUP-2027-002795,2027-12-31,2028-01-02,SIMBANK-125d579387063c5b03,84349,OPERATING,ARU_GROUP,MODELED_BANK_CLEARING_OF_FORECAST_PAYMENT
base,ARU_GROUP,2027,12,base-ARU_GROUP-2027-002796,EV-base-base-ARU_GROUP-2027-002796,SALE-base-202710-TRM-2025-016,FORECAST,PUBLIC_SYNTHETIC_PLANNING_MODEL,2026-09-06T00:00:00-07:00,PAY-base-base-ARU_GROUP-2027-002796,2027-12-31,2028-01-02,SIMBANK-a22b2cb953cb3e4466,81735,OPERATING,ARU_GROUP,MODELED_BANK_CLEARING_OF_FORECAST_PAYMENT
base,ARU_GROUP,2027,12,base-ARU_GROUP-2027-002797,EV-base-base-ARU_GROUP-2027-002797,SALE-base-202710-TRM-2025-017,FORECAST,PUBLIC_SYNTHETIC_PLANNING_MODEL,2026-09-06T00:00:00-07:00,PAY-base-base-ARU_GROUP-2027-002797,2027-12-31,2028-01-02,SIMBANK-e872966befa1bca075,78409,OPERATING,ARU_GROUP,MODELED_BANK_CLEARING_OF_FORECAST_PAYMENT
base,ARU_GROUP,2027,12,base-ARU_GROUP-2027-002798,EV-base-base-ARU_GROUP-2027-002798,SALE-base-202710-TRM-2025-018,FORECAST,PUBLIC_SYNTHETIC_PLANNING_MODEL,2026-09-06T00:00:00-07:00,PAY-base-base-ARU_GROUP-2027-002798,2027-12-31,2028-01-02,SIMBANK-c882b4216efc150dde,76032,OPERATING,ARU_GROUP,MODELED_BANK_CLEARING_OF_FORECAST_PAYMENT
base,ARU_GROUP,2027,12,base-ARU_GROUP-2027-002799,EV-base-base-ARU_GROUP-2027-002799,SALE-base-202710-TRK-2025-004,FORECAST,PUBLIC_SYNTHETIC_PLANNING_MODEL,2026-09-06T00:00:00-07:00,PAY-base-base-ARU_GROUP-2027-002799,2027-12-31,2028-01-02,SIMBANK-a05f235f947192da0d,68100,OPERATING,ARU_GROUP,MODELED_BANK_CLEARING_OF_FORECAST_PAYMENT
base,ARU_GROUP,2027,12,base-ARU_GROUP-2027-002800,EV-base-base-ARU_GROUP-2027-002800,SALE-base-202710-TRK-2025-019,FORECAST,PUBLIC_SYNTHETIC_PLANNING_MODEL,2026-09-06T00:00:00-07:00,PAY-base-base-ARU_GROUP-2027-002800,2027-12-31,2028-01-02,SIMBANK-7bde4324e45ff04484,77074,OPERATING,ARU_GROUP,MODELED_BANK_CLEARING_OF_FORECAST_PAYMENT
base,ARU_GROUP,2027,12,base-ARU_GROUP-2027-002801,EV-base-base-ARU_GROUP-2027-002801,SALE-base-202710-TRK-2025-020,FORECAST,PUBLIC_SYNTHETIC_PLANNING_MODEL,2026-09-06T00:00:00-07:00,PAY-base-base-ARU_GROUP-2027-002801,2027-12-31,2028-01-02,SIMBANK-c27a58d8c8600a67fb,74171,OPERATING,ARU_GROUP,MODELED_BANK_CLEARING_OF_FORECAST_PAYMENT
base,ARU_GROUP,2027,12,base-ARU_GROUP-2027-002802,EV-base-base-ARU_GROUP-2027-002802,SALE-base-202710-TRK-2025-021,FORECAST,PUBLIC_SYNTHETIC_PLANNING_MODEL,2026-09-06T00:00:00-07:00,PAY-base-base-ARU_GROUP-2027-002802,2027-12-31,2028-01-02,SIMBANK-e5b911973cca00e8c7,70211,OPERATING,ARU_GROUP,MODELED_BANK_CLEARING_OF_FORECAST_PAYMENT
base,ARU_GROUP,2027,12,base-ARU_GROUP-2027-002803,EV-base-base-ARU_GROUP-2027-002803,SALE-base-202710-TRK-2025-022,FORECAST,PUBLIC_SYNTHETIC_PLANNING_MODEL,2026-09-06T00:00:00-07:00,PAY-base-base-ARU_GROUP-2027-002803,2027-12-31,2028-01-02,SIMBANK-79fde9d40d90a8ca89,66516,OPERATING,ARU_GROUP,MODELED_BANK_CLEARING_OF_FORECAST_PAYMENT
base,ARU_GROUP,2027,12,base-ARU_GROUP-2027-002804,EV-base-base-ARU_GROUP-2027-002804,SALE-base-202710-WHS-2025-005,FORECAST,PUBLIC_SYNTHETIC_PLANNING_MODEL,2026-09-06T00:00:00-07:00,PAY-base-base-ARU_GROUP-2027-002804,2027-12-31,2028-01-02,SIMBANK-c9a003ce8bb9ff9ff5,115471,OPERATING,ARU_GROUP,MODELED_BANK_CLEARING_OF_FORECAST_PAYMENT
base,ARU_GROUP,2027,12,base-ARU_GROUP-2027-002805,EV-base-base-ARU_GROUP-2027-002805,SALE-base-202710-WHS-2025-023,FORECAST,PUBLIC_SYNTHETIC_PLANNING_MODEL,2026-09-06T00:00:00-07:00,PAY-base-base-ARU_GROUP-2027-002805,2027-12-31,2028-01-02,SIMBANK-c0566c7820cb541706,61299,OPERATING,ARU_GROUP,MODELED_BANK_CLEARING_OF_FORECAST_PAYMENT
base,ARU_GROUP,2027,12,base-ARU_GROUP-2027-002806,EV-base-base-ARU_GROUP-2027-002806,SALE-base-202710-WHS-2025-024,FORECAST,PUBLIC_SYNTHETIC_PLANNING_MODEL,2026-09-06T00:00:00-07:00,PAY-base-base-ARU_GROUP-2027-002806,2027-12-31,2028-01-02,SIMBANK-75ddfedc3b433c38f9,57023,OPERATING,ARU_GROUP,MODELED_BANK_CLEARING_OF_FORECAST_PAYMENT
base,ARU_GROUP,2027,12,base-ARU_GROUP-2027-002807,EV-base-base-ARU_GROUP-2027-002807,SALE-base-202710-WHS-2025-025,FORECAST,PUBLIC_SYNTHETIC_PLANNING_MODEL,2026-09-06T00:00:00-07:00,PAY-base-base-ARU_GROUP-2027-002807,2027-12-31,2028-01-02,SIMBANK-e01d2df327b5bafddd,51320,OPERATING,ARU_GROUP,MODELED_BANK_CLEARING_OF_FORECAST_PAYMENT
base,ARU_GROUP,2027,12,base-ARU_GROUP-2027-002808,EV-base-base-ARU_GROUP-2027-002808,SALE-base-202711-BST-2025-001,FORECAST,PUBLIC_SYNTHETIC_PLANNING_MODEL,2026-09-06T00:00:00-07:00,PAY-base-base-ARU_GROUP-2027-002808,2027-12-31,2028-01-02,SIMBANK-684a414994bbff49b6,139384,OPERATING,ARU_GROUP,MODELED_BANK_CLEARING_OF_FORECAST_PAYMENT
base,ARU_GROUP,2027,12,base-ARU_GROUP-2027-002809,EV-base-base-ARU_GROUP-2027-002809,SALE-base-202711-BST-2025-006,FORECAST,PUBLIC_SYNTHETIC_PLANNING_MODEL,2026-09-06T00:00:00-07:00,PAY-base-base-ARU_GROUP-2027-002809,2027-12-31,2028-01-02,SIMBANK-eb44ffca30d937d488,59837,OPERATING,ARU_GROUP,MODELED_BANK_CLEARING_OF_FORECAST_PAYMENT
base,ARU_GROUP,2027,12,base-ARU_GROUP-2027-002810,EV-base-base-ARU_GROUP-2027-002810,SALE-base-202711-BST-2025-002,FORECAST,PUBLIC_SYNTHETIC_PLANNING_MODEL,2026-09-06T00:00:00-07:00,PAY-base-base-ARU_GROUP-2027-002810,2027-12-31,2028-01-02,SIMBANK-129507e1b5c8b94995,103977,OPERATING,ARU_GROUP,MODELED_BANK_CLEARING_OF_FORECAST_PAYMENT
base,ARU_GROUP,2027,12,base-ARU_GROUP-2027-002811,EV-base-base-ARU_GROUP-2027-002811,SALE-base-202711-BST-2025-007,FORECAST,PUBLIC_SYNTHETIC_PLANNING_MODEL,2026-09-06T00:00:00-07:00,PAY-base-base-ARU_GROUP-2027-002811,2027-12-31,2028-01-02,SIMBANK-7854f941cea0b3697b,46889,OPERATING,ARU_GROUP,MODELED_BANK_CLEARING_OF_FORECAST_PAYMENT
base,ARU_GROUP,2027,12,base-ARU_GROUP-2027-002812,EV-base-base-ARU_GROUP-2027-002812,SALE-base-202711-BST-2025-004,FORECAST,PUBLIC_SYNTHETIC_PLANNING_MODEL,2026-09-06T00:00:00-07:00,PAY-base-base-ARU_GROUP-2027-002812,2027-12-31,2028-01-02,SIMBANK-5fb5cce4d1bbb6d337,53915,OPERATING,ARU_GROUP,MODELED_BANK_CLEARING_OF_FORECAST_PAYMENT
base,ARU_GROUP,2027,12,base-ARU_GROUP-2027-002813,EV-base-base-ARU_GROUP-2027-002813,SALE-base-202711-BST-2025-008,FORECAST,PUBLIC_SYNTHETIC_PLANNING_MODEL,2026-09-06T00:00:00-07:00,PAY-base-base-ARU_GROUP-2027-002813,2027-12-31,2028-01-02,SIMBANK-b58ad5040fa6b02a97,27179,OPERATING,ARU_GROUP,MODELED_BANK_CLEARING_OF_FORECAST_PAYMENT
base,ARU_GROUP,2027,12,base-ARU_GROUP-2027-002814,EV-base-base-ARU_GROUP-2027-002814,SALE-base-202711-BST-2025-003,FORECAST,PUBLIC_SYNTHETIC_PLANNING_MODEL,2026-09-06T00:00:00-07:00,PAY-base-base-ARU_GROUP-2027-002814,2027-12-31,2028-01-02,SIMBANK-6d4cf1a05e17e4eeb5,63797,OPERATING,ARU_GROUP,MODELED_BANK_CLEARING_OF_FORECAST_PAYMENT
base,ARU_GROUP,2027,12,base-ARU_GROUP-2027-002815,EV-base-base-ARU_GROUP-2027-002815,SALE-base-202711-BST-2025-009,FORECAST,PUBLIC_SYNTHETIC_PLANNING_MODEL,2026-09-06T00:00:00-07:00,PAY-base-base-ARU_GROUP-2027-002815,2027-12-31,2028-01-02,SIMBANK-5ca6242747ec578b56,33445,OPERATING,ARU_GROUP,MODELED_BANK_CLEARING_OF_FORECAST_PAYMENT
base,ARU_GROUP,2027,12,base-ARU_GROUP-2027-002816,EV-base-base-ARU_GROUP-2027-002816,SALE-base-202711-BST-2025-010,FORECAST,PUBLIC_SYNTHETIC_PLANNING_MODEL,2026-09-06T00:00:00-07:00,PAY-base-base-ARU_GROUP-2027-002816,2027-12-31,2028-01-02,SIMBANK-9537160cc3b5b4707c,31112,OPERATING,ARU_GROUP,MODELED_BANK_CLEARING_OF_FORECAST_PAYMENT
base,ARU_GROUP,2027,12,base-ARU_GROUP-2027-002817,EV-base-base-ARU_GROUP-2027-002817,SALE-base-202711-BST-2025-011,FORECAST,PUBLIC_SYNTHETIC_PLANNING_MODEL,2026-09-06T00:00:00-07:00,PAY-base-base-ARU_GROUP-2027-002817,2027-12-31,2028-01-02,SIMBANK-85a5bd5aefaf5ebe70,16882,OPERATING,ARU_GROUP,MODELED_BANK_CLEARING_OF_FORECAST_PAYMENT
base,ARU_GROUP,2027,12,base-ARU_GROUP-2027-002818,EV-base-base-ARU_GROUP-2027-002818,SALE-base-202711-BST-2025-012,FORECAST,PUBLIC_SYNTHETIC_PLANNING_MODEL,2026-09-06T00:00:00-07:00,PAY-base-base-ARU_GROUP-2027-002818,2027-12-31,2028-01-02,SIMBANK-a6b7be49b8a01999b1,51274,OPERATING,ARU_GROUP,MODELED_BANK_CLEARING_OF_FORECAST_PAYMENT
base,ARU_GROUP,2027,12,base-ARU_GROUP-2027-002819,EV-base-base-ARU_GROUP-2027-002819,SALE-base-202711-BST-2025-013,FORECAST,PUBLIC_SYNTHETIC_PLANNING_MODEL,2026-09-06T00:00:00-07:00,PAY-base-base-ARU_GROUP-2027-002819,2027-12-31,2028-01-02,SIMBANK-e439045d5b7fdb6dbe,32641,OPERATING,ARU_GROUP,MODELED_BANK_CLEARING_OF_FORECAST_PAYMENT
base,ARU_GROUP,2027,12,base-ARU_GROUP-2027-002820,EV-base-base-ARU_GROUP-2027-002820,SALE-base-202711-TRM-2025-001,FORECAST,PUBLIC_SYNTHETIC_PLANNING_MODEL,2026-09-06T00:00:00-07:00,PAY-base-base-ARU_GROUP-2027-002820,2027-12-31,2028-01-02,SIMBANK-5bf00faed143666f26,56814,OPERATING,ARU_GROUP,MODELED_BANK_CLEARING_OF_FORECAST_PAYMENT
base,ARU_GROUP,2027,12,base-ARU_GROUP-2027-002821,EV-base-base-ARU_GROUP-2027-002821,SALE-base-202711-TRM-2025-002,FORECAST,PUBLIC_SYNTHETIC_PLANNING_MODEL,2026-09-06T00:00:00-07:00,PAY-base-base-ARU_GROUP-2027-002821,2027-12-31,2028-01-02,SIMBANK-a8360e38bddf127043,55230,OPERATING,ARU_GROUP,MODELED_BANK_CLEARING_OF_FORECAST_PAYMENT
base,ARU_GROUP,2027,12,base-ARU_GROUP-2027-002822,EV-base-base-ARU_GROUP-2027-002822,SALE-base-202711-TRM-2025-003,FORECAST,PUBLIC_SYNTHETIC_PLANNING_MODEL,2026-09-06T00:00:00-07:00,PAY-base-base-ARU_GROUP-2027-002822,2027-12-31,2028-01-02,SIMBANK-f19228772d0561946d,76139,OPERATING,ARU_GROUP,MODELED_BANK_CLEARING_OF_FORECAST_PAYMENT
base,ARU_GROUP,2027,12,base-ARU_GROUP-2027-002823,EV-base-base-ARU_GROUP-2027-002823,SALE-base-202711-TRM-2025-014,FORECAST,PUBLIC_SYNTHETIC_PLANNING_MODEL,2026-09-06T00:00:00-07:00,PAY-base-base-ARU_GROUP-2027-002823,2027-12-31,2028-01-02,SIMBANK-718a2b820689cd7015,76033,OPERATING,ARU_GROUP,MODELED_BANK_CLEARING_OF_FORECAST_PAYMENT
base,ARU_GROUP,2027,12,base-ARU_GROUP-2027-002824,EV-base-base-ARU_GROUP-2027-002824,SALE-base-202711-TRM-2025-015,FORECAST,PUBLIC_SYNTHETIC_PLANNING_MODEL,2026-09-06T00:00:00-07:00,PAY-base-base-ARU_GROUP-2027-002824,2027-12-31,2028-01-02,SIMBANK-a3a55aefa4380f02ea,74977,OPERATING,ARU_GROUP,MODELED_BANK_CLEARING_OF_FORECAST_PAYMENT
base,ARU_GROUP,2027,12,base-ARU_GROUP-2027-002825,EV-base-base-ARU_GROUP-2027-002825,SALE-base-202711-TRM-2025-016,FORECAST,PUBLIC_SYNTHETIC_PLANNING_MODEL,2026-09-06T00:00:00-07:00,PAY-base-base-ARU_GROUP-2027-002825,2027-12-31,2028-01-02,SIMBANK-9b88c7f42a9c105c82,72654,OPERATING,ARU_GROUP,MODELED_BANK_CLEARING_OF_FORECAST_PAYMENT
base,ARU_GROUP,2027,12,base-ARU_GROUP-2027-002826,EV-base-base-ARU_GROUP-2027-002826,SALE-base-202711-TRM-2025-017,FORECAST,PUBLIC_SYNTHETIC_PLANNING_MODEL,2026-09-06T00:00:00-07:00,PAY-base-base-ARU_GROUP-2027-002826,2027-12-31,2028-01-02,SIMBANK-b85a45fcd05e56ee52,69697,OPERATING,ARU_GROUP,MODELED_BANK_CLEARING_OF_FORECAST_PAYMENT
base,ARU_GROUP,2027,12,base-ARU_GROUP-2027-002827,EV-base-base-ARU_GROUP-2027-002827,SALE-base-202711-TRM-2025-018,FORECAST,PUBLIC_SYNTHETIC_PLANNING_MODEL,2026-09-06T00:00:00-07:00,PAY-base-base-ARU_GROUP-2027-002827,2027-12-31,2028-01-02,SIMBANK-ec2b036c3464523968,67585,OPERATING,ARU_GROUP,MODELED_BANK_CLEARING_OF_FORECAST_PAYMENT
base,ARU_GROUP,2027,12,base-ARU_GROUP-2027-002828,EV-base-base-ARU_GROUP-2027-002828,SALE-base-202711-TRK-2025-004,FORECAST,PUBLIC_SYNTHETIC_PLANNING_MODEL,2026-09-06T00:00:00-07:00,PAY-base-base-ARU_GROUP-2027-002828,2027-12-31,2028-01-02,SIMBANK-311b2f545be9126b09,60721,OPERATING,ARU_GROUP,MODELED_BANK_CLEARING_OF_FORECAST_PAYMENT
base,ARU_GROUP,2027,12,base-ARU_GROUP-2027-002829,EV-base-base-ARU_GROUP-2027-002829,SALE-base-202711-TRK-2025-019,FORECAST,PUBLIC_SYNTHETIC_PLANNING_MODEL,2026-09-06T00:00:00-07:00,PAY-base-base-ARU_GROUP-2027-002829,2027-12-31,2028-01-02,SIMBANK-c644241a97ebe37548,68641,OPERATING,ARU_GROUP,MODELED_BANK_CLEARING_OF_FORECAST_PAYMENT
base,ARU_GROUP,2027,12,base-ARU_GROUP-2027-002830,EV-base-base-ARU_GROUP-2027-002830,SALE-base-202711-TRK-2025-020,FORECAST,PUBLIC_SYNTHETIC_PLANNING_MODEL,2026-09-06T00:00:00-07:00,PAY-base-base-ARU_GROUP-2027-002830,2027-12-31,2028-01-02,SIMBANK-0564219f886aa697e0,65737,OPERATING,ARU_GROUP,MODELED_BANK_CLEARING_OF_FORECAST_PAYMENT
base,ARU_GROUP,2027,12,base-ARU_GROUP-2027-002831,EV-base-base-ARU_GROUP-2027-002831,SALE-base-202711-TRK-2025-021,FORECAST,PUBLIC_SYNTHETIC_PLANNING_MODEL,2026-09-06T00:00:00-07:00,PAY-base-base-ARU_GROUP-2027-002831,2027-12-31,2028-01-02,SIMBANK-ada0cda2cf6b3d8b84,62569,OPERATING,ARU_GROUP,MODELED_BANK_CLEARING_OF_FORECAST_PAYMENT
base,ARU_GROUP,2027,12,base-ARU_GROUP-2027-002832,EV-base-base-ARU_GROUP-2027-002832,SALE-base-202711-TRK-2025-022,FORECAST,PUBLIC_SYNTHETIC_PLANNING_MODEL,2026-09-06T00:00:00-07:00,PAY-base-base-ARU_GROUP-2027-002832,2027-12-31,2028-01-02,SIMBANK-6c730b36ee57779fce,59136,OPERATING,ARU_GROUP,MODELED_BANK_CLEARING_OF_FORECAST_PAYMENT
base,ARU_GROUP,2027,12,base-ARU_GROUP-2027-002833,EV-base-base-ARU_GROUP-2027-002833,SALE-base-202711-WHS-2025-005,FORECAST,PUBLIC_SYNTHETIC_PLANNING_MODEL,2026-09-06T00:00:00-07:00,PAY-base-base-ARU_GROUP-2027-002833,2027-12-31,2028-01-02,SIMBANK-152a29f6ea0a6112bf,102642,OPERATING,ARU_GROUP,MODELED_BANK_CLEARING_OF_FORECAST_PAYMENT
base,ARU_GROUP,2027,12,base-ARU_GROUP-2027-002834,EV-base-base-ARU_GROUP-2027-002834,SALE-base-202711-WHS-2025-023,FORECAST,PUBLIC_SYNTHETIC_PLANNING_MODEL,2026-09-06T00:00:00-07:00,PAY-base-base-ARU_GROUP-2027-002834,2027-12-31,2028-01-02,SIMBANK-e02f839ded9727cc52,54489,OPERATING,ARU_GROUP,MODELED_BANK_CLEARING_OF_FORECAST_PAYMENT
base,ARU_GROUP,2027,12,base-ARU_GROUP-2027-002835,EV-base-base-ARU_GROUP-2027-002835,SALE-base-202711-WHS-2025-024,FORECAST,PUBLIC_SYNTHETIC_PLANNING_MODEL,2026-09-06T00:00:00-07:00,PAY-base-base-ARU_GROUP-2027-002835,2027-12-31,2028-01-02,SIMBANK-c326c0230333ffde79,50688,OPERATING,ARU_GROUP,MODELED_BANK_CLEARING_OF_FORECAST_PAYMENT
base,ARU_GROUP,2027,12,base-ARU_GROUP-2027-002836,EV-base-base-ARU_GROUP-2027-002836,SALE-base-202711-WHS-2025-025,FORECAST,PUBLIC_SYNTHETIC_PLANNING_MODEL,2026-09-06T00:00:00-07:00,PAY-base-base-ARU_GROUP-2027-002836,2027-12-31,2028-01-02,SIMBANK-805e96f310d327fc3f,45619,OPERATING,ARU_GROUP,MODELED_BANK_CLEARING_OF_FORECAST_PAYMENT
base,ARU_GROUP,2027,12,base-ARU_GROUP-2027-002840,EV-base-base-ARU_GROUP-2027-002840,IC-base-202711-acid-BST,FORECAST,PUBLIC_SYNTHETIC_PLANNING_MODEL,2026-09-06T00:00:00-07:00,PAY-base-base-ARU_GROUP-2027-002840,2027-12-31,2028-01-02,SIMBANK-77b46be3170bdadfbf,3876,OPERATING,ARU_GROUP,MODELED_BANK_CLEARING_OF_FORECAST_PAYMENT
base,ARU_GROUP,2027,12,base-ARU_GROUP-2027-002841,EV-base-base-ARU_GROUP-2027-002841,IC-base-202711-acid-TERMINALS,FORECAST,PUBLIC_SYNTHETIC_PLANNING_MODEL,2026-09-06T00:00:00-07:00,PAY-base-base-ARU_GROUP-2027-002841,2027-12-31,2028-01-02,SIMBANK-7d3e8898ea2dd2a799,2856,OPERATING,ARU_GROUP,MODELED_BANK_CLEARING_OF_FORECAST_PAYMENT
base,ARU_GROUP,2027,12,base-ARU_GROUP-2027-002842,EV-base-base-ARU_GROUP-2027-002842,IC-base-202711-acid-TRUCKING,FORECAST,PUBLIC_SYNTHETIC_PLANNING_MODEL,2026-09-06T00:00:00-07:00,PAY-base-base-ARU_GROUP-2027-002842,2027-12-31,2028-01-02,SIMBANK-923ccce1ed4411174b,5549,OPERATING,ARU_GROUP,MODELED_BANK_CLEARING_OF_FORECAST_PAYMENT
base,ARU_GROUP,2027,12,base-ARU_GROUP-2027-002843,EV-base-base-ARU_GROUP-2027-002843,IC-base-202711-binder-BST,FORECAST,PUBLIC_SYNTHETIC_PLANNING_MODEL,2026-09-06T00:00:00-07:00,PAY-base-base-ARU_GROUP-2027-002843,2027-12-31,2028-01-02,SIMBANK-bd2e17ef9b81c37745,4335,OPERATING,ARU_GROUP,MODELED_BANK_CLEARING_OF_FORECAST_PAYMENT
base,ARU_GROUP,2027,12,base-ARU_GROUP-2027-002844,EV-base-base-ARU_GROUP-2027-002844,IC-base-202711-binder-TERMINALS,FORECAST,PUBLIC_SYNTHETIC_PLANNING_MODEL,2026-09-06T00:00:00-07:00,PAY-base-base-ARU_GROUP-2027-002844,2027-12-31,2028-01-02,SIMBANK-74ee779f15cfdf5bc7,2040,OPERATING,ARU_GROUP,MODELED_BANK_CLEARING_OF_FORECAST_PAYMENT
base,ARU_GROUP,2027,12,base-ARU_GROUP-2027-002845,EV-base-base-ARU_GROUP-2027-002845,IC-base-202711-binder-TRUCKING,FORECAST,PUBLIC_SYNTHETIC_PLANNING_MODEL,2026-09-06T00:00:00-07:00,PAY-base-base-ARU_GROUP-2027-002845,2027-12-31,2028-01-02,SIMBANK-43c924aa5931597d0a,5814,OPERATING,ARU_GROUP,MODELED_BANK_CLEARING_OF_FORECAST_PAYMENT
base,ARU_GROUP,2027,12,base-ARU_GROUP-2027-002846,EV-base-base-ARU_GROUP-2027-002846,IC-base-202711-lime-BST,FORECAST,PUBLIC_SYNTHETIC_PLANNING_MODEL,2026-09-06T00:00:00-07:00,PAY-base-base-ARU_GROUP-2027-002846,2027-12-31,2028-01-02,SIMBANK-a434f41e5ace34b086,867,OPERATING,ARU_GROUP,MODELED_BANK_CLEARING_OF_FORECAST_PAYMENT
base,ARU_GROUP,2027,12,base-ARU_GROUP-2027-002847,EV-base-base-ARU_GROUP-2027-002847,IC-base-202711-lime-TERMINALS,FORECAST,PUBLIC_SYNTHETIC_PLANNING_MODEL,2026-09-06T00:00:00-07:00,PAY-base-base-ARU_GROUP-2027-002847,2027-12-31,2028-01-02,SIMBANK-ace3407269aac7bde7,459,OPERATING,ARU_GROUP,MODELED_BANK_CLEARING_OF_FORECAST_PAYMENT
base,ARU_GROUP,2027,12,base-ARU_GROUP-2027-002848,EV-base-base-ARU_GROUP-2027-002848,IC-base-202711-lime-TRUCKING,FORECAST,PUBLIC_SYNTHETIC_PLANNING_MODEL,2026-09-06T00:00:00-07:00,PAY-base-base-ARU_GROUP-2027-002848,2027-12-31,2028-01-02,SIMBANK-4867be1f100a2d6819,1224,OPERATING,ARU_GROUP,MODELED_BANK_CLEARING_OF_FORECAST_PAYMENT
base,ARU_GROUP,2027,12,base-ARU_GROUP-2027-002849,EV-base-base-ARU_GROUP-2027-002849,IC-base-202711-mro-BST,FORECAST,PUBLIC_SYNTHETIC_PLANNING_MODEL,2026-09-06T00:00:00-07:00,PAY-base-base-ARU_GROUP-2027-002849,2027-12-31,2028-01-02,SIMBANK-50e5cf808551cbae88,765,OPERATING,ARU_GROUP,MODELED_BANK_CLEARING_OF_FORECAST_PAYMENT
base,ARU_GROUP,2027,12,base-ARU_GROUP-2027-002850,EV-base-base-ARU_GROUP-2027-002850,IC-base-202711-mro-TERMINALS,FORECAST,PUBLIC_SYNTHETIC_PLANNING_MODEL,2026-09-06T00:00:00-07:00,PAY-base-base-ARU_GROUP-2027-002850,2027-12-31,2028-01-02,SIMBANK-6570b511feee118dc3,510,OPERATING,ARU_GROUP,MODELED_BANK_CLEARING_OF_FORECAST_PAYMENT
base,ARU_GROUP,2027,12,base-ARU_GROUP-2027-002851,EV-base-base-ARU_GROUP-2027-002851,IC-base-202711-mro-TRUCKING,FORECAST,PUBLIC_SYNTHETIC_PLANNING_MODEL,2026-09-06T00:00:00-07:00,PAY-base-base-ARU_GROUP-2027-002851,2027-12-31,2028-01-02,SIMBANK-4650147a5ca79b3167,663,OPERATING,ARU_GROUP,MODELED_BANK_CLEARING_OF_FORECAST_PAYMENT
base,ARU_GROUP,2027,12,base-ARU_GROUP-2027-002852,EV-base-base-ARU_GROUP-2027-002852,IC-base-202711-project-BST,FORECAST,PUBLIC_SYNTHETIC_PLANNING_MODEL,2026-09-06T00:00:00-07:00,PAY-base-base-ARU_GROUP-2027-002852,2027-12-31,2028-01-02,SIMBANK-3285a9c66aa41eaa89,1428,OPERATING,ARU_GROUP,MODELED_BANK_CLEARING_OF_FORECAST_PAYMENT
base,ARU_GROUP,2027,12,base-ARU_GROUP-2027-002853,EV-base-base-ARU_GROUP-2027-002853,IC-base-202711-project-TERMINALS,FORECAST,PUBLIC_SYNTHETIC_PLANNING_MODEL,2026-09-06T00:00:00-07:00,PAY-base-base-ARU_GROUP-2027-002853,2027-12-31,2028-01-02,SIMBANK-8674a4cd465db6702f,1428,OPERATING,ARU_GROUP,MODELED_BANK_CLEARING_OF_FORECAST_PAYMENT
base,ARU_GROUP,2027,12,base-ARU_GROUP-2027-002854,EV-base-base-ARU_GROUP-2027-002854,IC-base-202711-project-TRUCKING,FORECAST,PUBLIC_SYNTHETIC_PLANNING_MODEL,2026-09-06T00:00:00-07:00,PAY-base-base-ARU_GROUP-2027-002854,2027-12-31,2028-01-02,SIMBANK-3100937db53b36c595,1836,OPERATING,ARU_GROUP,MODELED_BANK_CLEARING_OF_FORECAST_PAYMENT
base,ARU_GROUP,2027,12,base-ARU_GROUP-2027-002855,EV-base-base-ARU_GROUP-2027-002855,IC-base-202711-steel-BST,FORECAST,PUBLIC_SYNTHETIC_PLANNING_MODEL,2026-09-06T00:00:00-07:00,PAY-base-base-ARU_GROUP-2027-002855,2027-12-31,2028-01-02,SIMBANK-aab80338f344e23d52,1938,OPERATING,ARU_GROUP,MODELED_BANK_CLEARING_OF_FORECAST_PAYMENT
base,ARU_GROUP,2027,12,base-ARU_GROUP-2027-002856,EV-base-base-ARU_GROUP-2027-002856,IC-base-202711-steel-TERMINALS,FORECAST,PUBLIC_SYNTHETIC_PLANNING_MODEL,2026-09-06T00:00:00-07:00,PAY-base-base-ARU_GROUP-2027-002856,2027-12-31,2028-01-02,SIMBANK-e677632a97ecaedf52,1326,OPERATING,ARU_GROUP,MODELED_BANK_CLEARING_OF_FORECAST_PAYMENT
base,ARU_GROUP,2027,12,base-ARU_GROUP-2027-002857,EV-base-base-ARU_GROUP-2027-002857,IC-base-202711-steel-TRUCKING,FORECAST,PUBLIC_SYNTHETIC_PLANNING_MODEL,2026-09-06T00:00:00-07:00,PAY-base-base-ARU_GROUP-2027-002857,2027-12-31,2028-01-02,SIMBANK-2dadc2dca08f801108,2295,OPERATING,ARU_GROUP,MODELED_BANK_CLEARING_OF_FORECAST_PAYMENT
base,ARU_GROUP,2027,12,base-ARU_GROUP-2027-002859,EV-base-base-ARU_GROUP-2027-002859,PAYROLL-base-202712-ARU,FORECAST,PUBLIC_SYNTHETIC_PLANNING_MODEL,2026-09-06T00:00:00-07:00,PAY-base-base-ARU_GROUP-2027-002859,2027-12-31,2028-01-02,SIMBANK-b4dd78301fdb6860a9,-144008,OPERATING,ARU_GROUP,MODELED_BANK_CLEARING_OF_FORECAST_PAYMENT
base,ARU_GROUP,2027,12,base-ARU_GROUP-2027-002860,EV-base-base-ARU_GROUP-2027-002860,PAYROLL-base-202712-BST,FORECAST,PUBLIC_SYNTHETIC_PLANNING_MODEL,2026-09-06T00:00:00-07:00,PAY-base-base-ARU_GROUP-2027-002860,2027-12-31,2028-01-02,SIMBANK-1d7680acf13726f45a,-516154,OPERATING,ARU_GROUP,MODELED_BANK_CLEARING_OF_FORECAST_PAYMENT
base,ARU_GROUP,2027,12,base-ARU_GROUP-2027-002861,EV-base-base-ARU_GROUP-2027-002861,PAYROLL-base-202712-TERMINALS,FORECAST,PUBLIC_SYNTHETIC_PLANNING_MODEL,2026-09-06T00:00:00-07:00,PAY-base-base-ARU_GROUP-2027-002861,2027-12-31,2028-01-02,SIMBANK-3122229abbf6147fb7,-200784,OPERATING,ARU_GROUP,MODELED_BANK_CLEARING_OF_FORECAST_PAYMENT
base,ARU_GROUP,2027,12,base-ARU_GROUP-2027-002862,EV-base-base-ARU_GROUP-2027-002862,PAYROLL-base-202712-TRUCKING,FORECAST,PUBLIC_SYNTHETIC_PLANNING_MODEL,2026-09-06T00:00:00-07:00,PAY-base-base-ARU_GROUP-2027-002862,2027-12-31,2028-01-02,SIMBANK-e995744b1ee000252f,-194118,OPERATING,ARU_GROUP,MODELED_BANK_CLEARING_OF_FORECAST_PAYMENT
base,ARU_GROUP,2027,12,base-ARU_GROUP-2027-002863,EV-base-base-ARU_GROUP-2027-002863,PAYROLL-base-202712-WAREHOUSE,FORECAST,PUBLIC_SYNTHETIC_PLANNING_MODEL,2026-09-06T00:00:00-07:00,PAY-base-base-ARU_GROUP-2027-002863,2027-12-31,2028-01-02,SIMBANK-e30d734d56ba089f1b,-92175,OPERATING,ARU_GROUP,MODELED_BANK_CLEARING_OF_FORECAST_PAYMENT
base,ARU_GROUP,2027,12,base-ARU_GROUP-2027-002864,EV-base-base-ARU_GROUP-2027-002864,INTEREST-202712,FORECAST,PUBLIC_SYNTHETIC_PLANNING_MODEL,2026-09-06T00:00:00-07:00,PAY-base-base-ARU_GROUP-2027-002864,2027-12-31,2028-01-02,SIMBANK-7935def7dcbf6b77e2,-121584,OPERATING,ARU_GROUP,MODELED_BANK_CLEARING_OF_FORECAST_PAYMENT
base,ARU_GROUP,2027,12,base-ARU_GROUP-2027-002865,EV-base-base-ARU_GROUP-2027-002865,LEASE-202712,FORECAST,PUBLIC_SYNTHETIC_PLANNING_MODEL,2026-09-06T00:00:00-07:00,PAY-base-base-ARU_GROUP-2027-002865,2027-12-31,2028-01-02,SIMBANK-bad20ddf0249eea441,-41666,FINANCING,ARU_GROUP,MODELED_BANK_CLEARING_OF_FORECAST_PAYMENT
base,ARU_GROUP,2027,12,base-ARU_GROUP-2027-002866,EV-base-base-ARU_GROUP-2027-002866,TAX-CASH-202712,FORECAST,PUBLIC_SYNTHETIC_PLANNING_MODEL,2026-09-06T00:00:00-07:00,PAY-base-base-ARU_GROUP-2027-002866,2027-12-31,2028-01-02,SIMBANK-53454a6d9b7642e49f,-235199,OPERATING,ARU_GROUP,MODELED_BANK_CLEARING_OF_FORECAST_PAYMENT
base,ARU_GROUP,2027,12,base-ARU_GROUP-2027-002867,EV-base-base-ARU_GROUP-2027-002867,IC-base-202712-acid-BST-COST,FORECAST,PUBLIC_SYNTHETIC_PLANNING_MODEL,2026-09-06T00:00:00-07:00,PAY-base-base-ARU_GROUP-2027-002867,2027-12-31,2028-01-02,SIMBANK-e95cb2bf106a06c4a1,-2112,OPERATING,ARU_GROUP,MODELED_BANK_CLEARING_OF_FORECAST_PAYMENT
base,ARU_GROUP,2027,12,base-ARU_GROUP-2027-002868,EV-base-base-ARU_GROUP-2027-002868,IC-base-202712-acid-TERMINALS-COST,FORECAST,PUBLIC_SYNTHETIC_PLANNING_MODEL,2026-09-06T00:00:00-07:00,PAY-base-base-ARU_GROUP-2027-002868,2027-12-31,2028-01-02,SIMBANK-5989510a5816317c01,-2009,OPERATING,ARU_GROUP,MODELED_BANK_CLEARING_OF_FORECAST_PAYMENT
base,ARU_GROUP,2027,12,base-ARU_GROUP-2027-002869,EV-base-base-ARU_GROUP-2027-002869,IC-base-202712-acid-TRUCKING-COST,FORECAST,PUBLIC_SYNTHETIC_PLANNING_MODEL,2026-09-06T00:00:00-07:00,PAY-base-base-ARU_GROUP-2027-002869,2027-12-31,2028-01-02,SIMBANK-199346828cf8897c62,-4738,OPERATING,ARU_GROUP,MODELED_BANK_CLEARING_OF_FORECAST_PAYMENT
base,ARU_GROUP,2027,12,base-ARU_GROUP-2027-002870,EV-base-base-ARU_GROUP-2027-002870,IC-base-202712-binder-BST-COST,FORECAST,PUBLIC_SYNTHETIC_PLANNING_MODEL,2026-09-06T00:00:00-07:00,PAY-base-base-ARU_GROUP-2027-002870,2027-12-31,2028-01-02,SIMBANK-e5dd6e10847da33be6,-2225,OPERATING,ARU_GROUP,MODELED_BANK_CLEARING_OF_FORECAST_PAYMENT
base,ARU_GROUP,2027,12,base-ARU_GROUP-2027-002871,EV-base-base-ARU_GROUP-2027-002871,IC-base-202712-binder-TERMINALS-COST,FORECAST,PUBLIC_SYNTHETIC_PLANNING_MODEL,2026-09-06T00:00:00-07:00,PAY-base-base-ARU_GROUP-2027-002871,2027-12-31,2028-01-02,SIMBANK-a44de47d780f31d7d4,-1421,OPERATING,ARU_GROUP,MODELED_BANK_CLEARING_OF_FORECAST_PAYMENT
base,ARU_GROUP,2027,12,base-ARU_GROUP-2027-002872,EV-base-base-ARU_GROUP-2027-002872,IC-base-202712-binder-TRUCKING-COST,FORECAST,PUBLIC_SYNTHETIC_PLANNING_MODEL,2026-09-06T00:00:00-07:00,PAY-base-base-ARU_GROUP-2027-002872,2027-12-31,2028-01-02,SIMBANK-dc564e8d74e8aa854d,-4697,OPERATING,ARU_GROUP,MODELED_BANK_CLEARING_OF_FORECAST_PAYMENT
base,ARU_GROUP,2027,12,base-ARU_GROUP-2027-002873,EV-base-base-ARU_GROUP-2027-002873,IC-base-202712-lime-BST-COST,FORECAST,PUBLIC_SYNTHETIC_PLANNING_MODEL,2026-09-06T00:00:00-07:00,PAY-base-base-ARU_GROUP-2027-002873,2027-12-31,2028-01-02,SIMBANK-7bf5bb40edbf2012b6,-371,OPERATING,ARU_GROUP,MODELED_BANK_CLEARING_OF_FORECAST_PAYMENT
base,ARU_GROUP,2027,12,base-ARU_GROUP-2027-002874,EV-base-base-ARU_GROUP-2027-002874,IC-base-202712-lime-TERMINALS-COST,FORECAST,PUBLIC_SYNTHETIC_PLANNING_MODEL,2026-09-06T00:00:00-07:00,PAY-base-base-ARU_GROUP-2027-002874,2027-12-31,2028-01-02,SIMBANK-74a61ca06cac0ddbb4,-258,OPERATING,ARU_GROUP,MODELED_BANK_CLEARING_OF_FORECAST_PAYMENT
base,ARU_GROUP,2027,12,base-ARU_GROUP-2027-002875,EV-base-base-ARU_GROUP-2027-002875,IC-base-202712-lime-TRUCKING-COST,FORECAST,PUBLIC_SYNTHETIC_PLANNING_MODEL,2026-09-06T00:00:00-07:00,PAY-base-base-ARU_GROUP-2027-002875,2027-12-31,2028-01-02,SIMBANK-8ea05942bfdd693fe2,-824,OPERATING,ARU_GROUP,MODELED_BANK_CLEARING_OF_FORECAST_PAYMENT
base,ARU_GROUP,2027,12,base-ARU_GROUP-2027-002876,EV-base-base-ARU_GROUP-2027-002876,IC-base-202712-mro-BST-COST,FORECAST,PUBLIC_SYNTHETIC_PLANNING_MODEL,2026-09-06T00:00:00-07:00,PAY-base-base-ARU_GROUP-2027-002876,2027-12-31,2028-01-02,SIMBANK-c38c5d4779cd433bac,-309,OPERATING,ARU_GROUP,MODELED_BANK_CLEARING_OF_FORECAST_PAYMENT
base,ARU_GROUP,2027,12,base-ARU_GROUP-2027-002877,EV-base-base-ARU_GROUP-2027-002877,IC-base-202712-mro-TERMINALS-COST,FORECAST,PUBLIC_SYNTHETIC_PLANNING_MODEL,2026-09-06T00:00:00-07:00,PAY-base-base-ARU_GROUP-2027-002877,2027-12-31,2028-01-02,SIMBANK-d0b7e815f515a09d29,-299,OPERATING,ARU_GROUP,MODELED_BANK_CLEARING_OF_FORECAST_PAYMENT
base,ARU_GROUP,2027,12,base-ARU_GROUP-2027-002878,EV-base-base-ARU_GROUP-2027-002878,IC-base-202712-mro-TRUCKING-COST,FORECAST,PUBLIC_SYNTHETIC_PLANNING_MODEL,2026-09-06T00:00:00-07:00,PAY-base-base-ARU_GROUP-2027-002878,2027-12-31,2028-01-02,SIMBANK-e211be4ff08f7b8f00,-453,OPERATING,ARU_GROUP,MODELED_BANK_CLEARING_OF_FORECAST_PAYMENT
base,ARU_GROUP,2027,12,base-ARU_GROUP-2027-002879,EV-base-base-ARU_GROUP-2027-002879,IC-base-202712-steel-BST-COST,FORECAST,PUBLIC_SYNTHETIC_PLANNING_MODEL,2026-09-06T00:00:00-07:00,PAY-base-base-ARU_GROUP-2027-002879,2027-12-31,2028-01-02,SIMBANK-6f3226490df1304ed6,-886,OPERATING,ARU_GROUP,MODELED_BANK_CLEARING_OF_FORECAST_PAYMENT
base,ARU_GROUP,2027,12,base-ARU_GROUP-2027-002880,EV-base-base-ARU_GROUP-2027-002880,IC-base-202712-steel-TERMINALS-COST,FORECAST,PUBLIC_SYNTHETIC_PLANNING_MODEL,2026-09-06T00:00:00-07:00,PAY-base-base-ARU_GROUP-2027-002880,2027-12-31,2028-01-02,SIMBANK-470a4f1003608fd4af,-762,OPERATING,ARU_GROUP,MODELED_BANK_CLEARING_OF_FORECAST_PAYMENT
base,ARU_GROUP,2027,12,base-ARU_GROUP-2027-002881,EV-base-base-ARU_GROUP-2027-002881,IC-base-202712-steel-TRUCKING-COST,FORECAST,PUBLIC_SYNTHETIC_PLANNING_MODEL,2026-09-06T00:00:00-07:00,PAY-base-base-ARU_GROUP-2027-002881,2027-12-31,2028-01-02,SIMBANK-f9b2b78955beece708,-1545,OPERATING,ARU_GROUP,MODELED_BANK_CLEARING_OF_FORECAST_PAYMENT
base,ARU_GROUP,2027,12,base-ARU_GROUP-2027-002882,EV-base-base-ARU_GROUP-2027-002882,IF-FIXED-base-202712-BST,FORECAST,PUBLIC_SYNTHETIC_PLANNING_MODEL,2026-09-06T00:00:00-07:00,PAY-base-base-ARU_GROUP-2027-002882,2027-12-31,2028-01-02,SIMBANK-ee6a41f87020c719f7,-1030,OPERATING,ARU_GROUP,MODELED_BANK_CLEARING_OF_FORECAST_PAYMENT
base,ARU_GROUP,2027,12,base-ARU_GROUP-2027-002883,EV-base-base-ARU_GROUP-2027-002883,IF-FIXED-base-202712-TERMINALS,FORECAST,PUBLIC_SYNTHETIC_PLANNING_MODEL,2026-09-06T00:00:00-07:00,PAY-base-base-ARU_GROUP-2027-002883,2027-12-31,2028-01-02,SIMBANK-9a12e718b6fff474d3,-2060,OPERATING,ARU_GROUP,MODELED_BANK_CLEARING_OF_FORECAST_PAYMENT
base,ARU_GROUP,2027,12,base-ARU_GROUP-2027-002884,EV-base-base-ARU_GROUP-2027-002884,IF-FIXED-base-202712-TRUCKING,FORECAST,PUBLIC_SYNTHETIC_PLANNING_MODEL,2026-09-06T00:00:00-07:00,PAY-base-base-ARU_GROUP-2027-002884,2027-12-31,2028-01-02,SIMBANK-b671ff6c5f8b47a2f7,-1030,OPERATING,ARU_GROUP,MODELED_BANK_CLEARING_OF_FORECAST_PAYMENT
base,ARU_GROUP,2027,12,base-ARU_GROUP-2027-002885,EV-base-base-ARU_GROUP-2027-002885,PROC-base-202711-ARU-INS,FORECAST,PUBLIC_SYNTHETIC_PLANNING_MODEL,2026-09-06T00:00:00-07:00,PAY-base-base-ARU_GROUP-2027-002885,2027-12-31,2028-01-02,SIMBANK-3a6e5ead8833ee3e8b,-9744,OPERATING,ARU_GROUP,MODELED_BANK_CLEARING_OF_FORECAST_PAYMENT
base,ARU_GROUP,2027,12,base-ARU_GROUP-2027-002886,EV-base-base-ARU_GROUP-2027-002886,PROC-base-202711-ARU-MAINT,FORECAST,PUBLIC_SYNTHETIC_PLANNING_MODEL,2026-09-06T00:00:00-07:00,PAY-base-base-ARU_GROUP-2027-002886,2027-12-31,2028-01-02,SIMBANK-c702f8e8693617d0af,-12180,OPERATING,ARU_GROUP,MODELED_BANK_CLEARING_OF_FORECAST_PAYMENT
base,ARU_GROUP,2027,12,base-ARU_GROUP-2027-002887,EV-base-base-ARU_GROUP-2027-002887,PROC-base-202711-ARU-MAT,FORECAST,PUBLIC_SYNTHETIC_PLANNING_MODEL,2026-09-06T00:00:00-07:00,PAY-base-base-ARU_GROUP-2027-002887,2027-12-31,2028-01-02,SIMBANK-264640914e285e7736,-12180,OPERATING,ARU_GROUP,MODELED_BANK_CLEARING_OF_FORECAST_PAYMENT
base,ARU_GROUP,2027,12,base-ARU_GROUP-2027-002888,EV-base-base-ARU_GROUP-2027-002888,PROC-base-202711-ARU-OCC,FORECAST,PUBLIC_SYNTHETIC_PLANNING_MODEL,2026-09-06T00:00:00-07:00,PAY-base-base-ARU_GROUP-2027-002888,2027-12-31,2028-01-02,SIMBANK-c1d5b8048a50c48ef2,-9744,OPERATING,ARU_GROUP,MODELED_BANK_CLEARING_OF_FORECAST_PAYMENT
base,ARU_GROUP,2027,12,base-ARU_GROUP-2027-002889,EV-base-base-ARU_GROUP-2027-002889,PROC-base-202711-ARU-SERV,FORECAST,PUBLIC_SYNTHETIC_PLANNING_MODEL,2026-09-06T00:00:00-07:00,PAY-base-base-ARU_GROUP-2027-002889,2027-12-31,2028-01-02,SIMBANK-c67fa212c6e3a25b41,-4872,OPERATING,ARU_GROUP,MODELED_BANK_CLEARING_OF_FORECAST_PAYMENT
base,ARU_GROUP,2027,12,base-ARU_GROUP-2027-002890,EV-base-base-ARU_GROUP-2027-002890,PROC-base-202711-BST-INS,FORECAST,PUBLIC_SYNTHETIC_PLANNING_MODEL,2026-09-06T00:00:00-07:00,PAY-base-base-ARU_GROUP-2027-002890,2027-12-31,2028-01-02,SIMBANK-0f7206b721599f909e,-110191,OPERATING,ARU_GROUP,MODELED_BANK_CLEARING_OF_FORECAST_PAYMENT
base,ARU_GROUP,2027,12,base-ARU_GROUP-2027-002891,EV-base-base-ARU_GROUP-2027-002891,PROC-base-202711-BST-MAINT,FORECAST,PUBLIC_SYNTHETIC_PLANNING_MODEL,2026-09-06T00:00:00-07:00,PAY-base-base-ARU_GROUP-2027-002891,2027-12-31,2028-01-02,SIMBANK-00b1a988f00882c3cf,-160317,OPERATING,ARU_GROUP,MODELED_BANK_CLEARING_OF_FORECAST_PAYMENT
base,ARU_GROUP,2027,12,base-ARU_GROUP-2027-002892,EV-base-base-ARU_GROUP-2027-002892,PROC-base-202711-BST-MAT,FORECAST,PUBLIC_SYNTHETIC_PLANNING_MODEL,2026-09-06T00:00:00-07:00,PAY-base-base-ARU_GROUP-2027-002892,2027-12-31,2028-01-02,SIMBANK-4d0853b622d07419c8,-127147,OPERATING,ARU_GROUP,MODELED_BANK_CLEARING_OF_FORECAST_PAYMENT
base,ARU_GROUP,2027,12,base-ARU_GROUP-2027-002893,EV-base-base-ARU_GROUP-2027-002893,PROC-base-202711-BST-OCC,FORECAST,PUBLIC_SYNTHETIC_PLANNING_MODEL,2026-09-06T00:00:00-07:00,PAY-base-base-ARU_GROUP-2027-002893,2027-12-31,2028-01-02,SIMBANK-b9ae14518ad4193db9,-116300,OPERATING,ARU_GROUP,MODELED_BANK_CLEARING_OF_FORECAST_PAYMENT
base,ARU_GROUP,2027,12,base-ARU_GROUP-2027-002894,EV-base-base-ARU_GROUP-2027-002894,PROC-base-202711-BST-SERV,FORECAST,PUBLIC_SYNTHETIC_PLANNING_MODEL,2026-09-06T00:00:00-07:00,PAY-base-base-ARU_GROUP-2027-002894,2027-12-31,2028-01-02,SIMBANK-13350f2e3c197f74b4,-128668,OPERATING,ARU_GROUP,MODELED_BANK_CLEARING_OF_FORECAST_PAYMENT
base,ARU_GROUP,2027,12,base-ARU_GROUP-2027-002895,EV-base-base-ARU_GROUP-2027-002895,PROC-base-202711-TERMINALS-INS,FORECAST,PUBLIC_SYNTHETIC_PLANNING_MODEL,2026-09-06T00:00:00-07:00,PAY-base-base-ARU_GROUP-2027-002895,2027-12-31,2028-01-02,SIMBANK-bd94303d77bcc5360c,-77961,OPERATING,ARU_GROUP,MODELED_BANK_CLEARING_OF_FORECAST_PAYMENT
base,ARU_GROUP,2027,12,base-ARU_GROUP-2027-002896,EV-base-base-ARU_GROUP-2027-002896,PROC-base-202711-TERMINALS-MAINT,FORECAST,PUBLIC_SYNTHETIC_PLANNING_MODEL,2026-09-06T00:00:00-07:00,PAY-base-base-ARU_GROUP-2027-002896,2027-12-31,2028-01-02,SIMBANK-03228d03f3cb7a2de1,-128273,OPERATING,ARU_GROUP,MODELED_BANK_CLEARING_OF_FORECAST_PAYMENT
base,ARU_GROUP,2027,12,base-ARU_GROUP-2027-002897,EV-base-base-ARU_GROUP-2027-002897,PROC-base-202711-TERMINALS-MAT,FORECAST,PUBLIC_SYNTHETIC_PLANNING_MODEL,2026-09-06T00:00:00-07:00,PAY-base-base-ARU_GROUP-2027-002897,2027-12-31,2028-01-02,SIMBANK-da105fd585f46865e7,-126943,OPERATING,ARU_GROUP,MODELED_BANK_CLEARING_OF_FORECAST_PAYMENT
base,ARU_GROUP,2027,12,base-ARU_GROUP-2027-002898,EV-base-base-ARU_GROUP-2027-002898,PROC-base-202711-TERMINALS-OCC,FORECAST,PUBLIC_SYNTHETIC_PLANNING_MODEL,2026-09-06T00:00:00-07:00,PAY-base-base-ARU_GROUP-2027-002898,2027-12-31,2028-01-02,SIMBANK-d4cf63c5343383728d,-103549,OPERATING,ARU_GROUP,MODELED_BANK_CLEARING_OF_FORECAST_PAYMENT
base,ARU_GROUP,2027,12,base-ARU_GROUP-2027-002899,EV-base-base-ARU_GROUP-2027-002899,PROC-base-202711-TERMINALS-SERV,FORECAST,PUBLIC_SYNTHETIC_PLANNING_MODEL,2026-09-06T00:00:00-07:00,PAY-base-base-ARU_GROUP-2027-002899,2027-12-31,2028-01-02,SIMBANK-23d100e7a2281e53e2,-77263,OPERATING,ARU_GROUP,MODELED_BANK_CLEARING_OF_FORECAST_PAYMENT
base,ARU_GROUP,2027,12,base-ARU_GROUP-2027-002900,EV-base-base-ARU_GROUP-2027-002900,PROC-base-202711-TRUCKING-INS,FORECAST,PUBLIC_SYNTHETIC_PLANNING_MODEL,2026-09-06T00:00:00-07:00,PAY-base-base-ARU_GROUP-2027-002900,2027-12-31,2028-01-02,SIMBANK-9e43c2c76714174c2f,-30804,OPERATING,ARU_GROUP,MODELED_BANK_CLEARING_OF_FORECAST_PAYMENT
base,ARU_GROUP,2027,12,base-ARU_GROUP-2027-002901,EV-base-base-ARU_GROUP-2027-002901,PROC-base-202711-TRUCKING-MAINT,FORECAST,PUBLIC_SYNTHETIC_PLANNING_MODEL,2026-09-06T00:00:00-07:00,PAY-base-base-ARU_GROUP-2027-002901,2027-12-31,2028-01-02,SIMBANK-1240015af51faba6dc,-76024,OPERATING,ARU_GROUP,MODELED_BANK_CLEARING_OF_FORECAST_PAYMENT
base,ARU_GROUP,2027,12,base-ARU_GROUP-2027-002902,EV-base-base-ARU_GROUP-2027-002902,PROC-base-202711-TRUCKING-MAT,FORECAST,PUBLIC_SYNTHETIC_PLANNING_MODEL,2026-09-06T00:00:00-07:00,PAY-base-base-ARU_GROUP-2027-002902,2027-12-31,2028-01-02,SIMBANK-306e5ba3b71d33d95b,-105330,OPERATING,ARU_GROUP,MODELED_BANK_CLEARING_OF_FORECAST_PAYMENT
base,ARU_GROUP,2027,12,base-ARU_GROUP-2027-002903,EV-base-base-ARU_GROUP-2027-002903,PROC-base-202711-TRUCKING-OCC,FORECAST,PUBLIC_SYNTHETIC_PLANNING_MODEL,2026-09-06T00:00:00-07:00,PAY-base-base-ARU_GROUP-2027-002903,2027-12-31,2028-01-02,SIMBANK-8947fd82391d09b118,-61372,OPERATING,ARU_GROUP,MODELED_BANK_CLEARING_OF_FORECAST_PAYMENT
base,ARU_GROUP,2027,12,base-ARU_GROUP-2027-002904,EV-base-base-ARU_GROUP-2027-002904,PROC-base-202711-TRUCKING-SERV,FORECAST,PUBLIC_SYNTHETIC_PLANNING_MODEL,2026-09-06T00:00:00-07:00,PAY-base-base-ARU_GROUP-2027-002904,2027-12-31,2028-01-02,SIMBANK-02d022cbba826ace4c,-30527,OPERATING,ARU_GROUP,MODELED_BANK_CLEARING_OF_FORECAST_PAYMENT
base,ARU_GROUP,2027,12,base-ARU_GROUP-2027-002905,EV-base-base-ARU_GROUP-2027-002905,PROC-base-202711-WAREHOUSE-INS,FORECAST,PUBLIC_SYNTHETIC_PLANNING_MODEL,2026-09-06T00:00:00-07:00,PAY-base-base-ARU_GROUP-2027-002905,2027-12-31,2028-01-02,SIMBANK-865b036676ca15276d,-26222,OPERATING,ARU_GROUP,MODELED_BANK_CLEARING_OF_FORECAST_PAYMENT
base,ARU_GROUP,2027,12,base-ARU_GROUP-2027-002906,EV-base-base-ARU_GROUP-2027-002906,PROC-base-202711-WAREHOUSE-MAINT,FORECAST,PUBLIC_SYNTHETIC_PLANNING_MODEL,2026-09-06T00:00:00-07:00,PAY-base-base-ARU_GROUP-2027-002906,2027-12-31,2028-01-02,SIMBANK-9ab171adace0aac956,-34515,OPERATING,ARU_GROUP,MODELED_BANK_CLEARING_OF_FORECAST_PAYMENT
base,ARU_GROUP,2027,12,base-ARU_GROUP-2027-002907,EV-base-base-ARU_GROUP-2027-002907,PROC-base-202711-WAREHOUSE-MAT,FORECAST,PUBLIC_SYNTHETIC_PLANNING_MODEL,2026-09-06T00:00:00-07:00,PAY-base-base-ARU_GROUP-2027-002907,2027-12-31,2028-01-02,SIMBANK-3c3dfede745b8f79a3,-59775,OPERATING,ARU_GROUP,MODELED_BANK_CLEARING_OF_FORECAST_PAYMENT
base,ARU_GROUP,2027,12,base-ARU_GROUP-2027-002908,EV-base-base-ARU_GROUP-2027-002908,PROC-base-202711-WAREHOUSE-OCC,FORECAST,PUBLIC_SYNTHETIC_PLANNING_MODEL,2026-09-06T00:00:00-07:00,PAY-base-base-ARU_GROUP-2027-002908,2027-12-31,2028-01-02,SIMBANK-064ae8acf159dfc3bf,-26122,OPERATING,ARU_GROUP,MODELED_BANK_CLEARING_OF_FORECAST_PAYMENT
base,ARU_GROUP,2027,12,base-ARU_GROUP-2027-002909,EV-base-base-ARU_GROUP-2027-002909,PROC-base-202711-WAREHOUSE-SERV,FORECAST,PUBLIC_SYNTHETIC_PLANNING_MODEL,2026-09-06T00:00:00-07:00,PAY-base-base-ARU_GROUP-2027-002909,2027-12-31,2028-01-02,SIMBANK-45086b1cbfc0723678,-25987,OPERATING,ARU_GROUP,MODELED_BANK_CLEARING_OF_FORECAST_PAYMENT
base,ARU_GROUP,2027,12,base-ARU_GROUP-2027-002910,EV-base-base-ARU_GROUP-2027-002910,CAPEX-base-ARU_GROUP-202712-replacement,FORECAST,PUBLIC_SYNTHETIC_PLANNING_MODEL,2026-09-06T00:00:00-07:00,PAY-base-base-ARU_GROUP-2027-002910,2027-12-31,2028-01-02,SIMBANK-cdc44f0a7045004d97,-283250,INVESTING,ARU_GROUP,MODELED_BANK_CLEARING_OF_FORECAST_PAYMENT
base,RWH_PS,2027,1,base-RWH_PS-2027-000033,EV-base-base-RWH_PS-2027-000033,OPEN-AR-base-RWH_PS-0,FORECAST,PUBLIC_SYNTHETIC_PLANNING_MODEL,2026-09-06T00:00:00-07:00,PAY-base-base-RWH_PS-2027-000033,2027-01-31,2027-02-02,SIMBANK-61c77a581756110b2a,3412500,OPERATING,RWH_PS,MODELED_BANK_CLEARING_OF_FORECAST_PAYMENT
base,RWH_PS,2027,1,base-RWH_PS-2027-000035,EV-base-base-RWH_PS-2027-000035,EQUITY-base-RWH_PS-202701,FORECAST,PUBLIC_SYNTHETIC_PLANNING_MODEL,2026-09-06T00:00:00-07:00,PAY-base-base-RWH_PS-2027-000035,2027-01-31,2027-02-02,SIMBANK-f2cc6b88860e101bcc,3260787,FINANCING,RWH_PS,MODELED_BANK_CLEARING_OF_FORECAST_PAYMENT
base,RWH_PS,2027,1,base-RWH_PS-2027-000036,EV-base-base-RWH_PS-2027-000036,OPEN-IC-202612-BST,FORECAST,PUBLIC_SYNTHETIC_PLANNING_MODEL,2026-09-06T00:00:00-07:00,PAY-base-base-RWH_PS-2027-000036,2027-01-31,2027-02-02,SIMBANK-34263fd7368a9fc085,-16550,OPERATING,RWH_PS,MODELED_BANK_CLEARING_OF_FORECAST_PAYMENT
base,RWH_PS,2027,1,base-RWH_PS-2027-000037,EV-base-base-RWH_PS-2027-000037,OPEN-IC-202612-TERMINALS,FORECAST,PUBLIC_SYNTHETIC_PLANNING_MODEL,2026-09-06T00:00:00-07:00,PAY-base-base-RWH_PS-2027-000037,2027-01-31,2027-02-02,SIMBANK-29946e7c9b1e0b3caa,-10650,OPERATING,RWH_PS,MODELED_BANK_CLEARING_OF_FORECAST_PAYMENT
base,RWH_PS,2027,1,base-RWH_PS-2027-000038,EV-base-base-RWH_PS-2027-000038,OPEN-IC-202612-TRUCKING,FORECAST,PUBLIC_SYNTHETIC_PLANNING_MODEL,2026-09-06T00:00:00-07:00,PAY-base-base-RWH_PS-2027-000038,2027-01-31,2027-02-02,SIMBANK-398063ebf1763505c8,-22040,OPERATING,RWH_PS,MODELED_BANK_CLEARING_OF_FORECAST_PAYMENT
base,RWH_PS,2027,1,base-RWH_PS-2027-000039,EV-base-base-RWH_PS-2027-000039,MINE-PRODUCTION-base-202701,FORECAST,PUBLIC_SYNTHETIC_PLANNING_MODEL,2026-09-06T00:00:00-07:00,PAY-base-base-RWH_PS-2027-000039,2027-01-31,2027-02-02,SIMBANK-ebf86c3c6bacf1e91b,-2474356,OPERATING,RWH_PS,MODELED_BANK_CLEARING_OF_FORECAST_PAYMENT
base,RWH_PS,2027,1,base-RWH_PS-2027-000040,EV-base-base-RWH_PS-2027-000040,MINE_FREIGHT_ASSAY-base-202701,FORECAST,PUBLIC_SYNTHETIC_PLANNING_MODEL,2026-09-06T00:00:00-07:00,PAY-base-base-RWH_PS-2027-000040,2027-01-31,2027-02-02,SIMBANK-f93b3bc20613445a75,-49316,OPERATING,RWH_PS,MODELED_BANK_CLEARING_OF_FORECAST_PAYMENT
base,RWH_PS,2027,1,base-RWH_PS-2027-000041,EV-base-base-RWH_PS-2027-000041,MINE_PLATFORM_SITE_GA-base-202701,FORECAST,PUBLIC_SYNTHETIC_PLANNING_MODEL,2026-09-06T00:00:00-07:00,PAY-base-base-RWH_PS-2027-000041,2027-01-31,2027-02-02,SIMBANK-eff2c4b6c3cb9099e3,-240333,OPERATING,RWH_PS,MODELED_BANK_CLEARING_OF_FORECAST_PAYMENT
base,RWH_PS,2027,1,base-RWH_PS-2027-000042,EV-base-base-RWH_PS-2027-000042,OPEN-AP,FORECAST,PUBLIC_SYNTHETIC_PLANNING_MODEL,2026-09-06T00:00:00-07:00,PAY-base-base-RWH_PS-2027-000042,2027-01-31,2027-02-02,SIMBANK-5e5fc1afa5631aedd7,-3000000,OPERATING,RWH_PS,MODELED_BANK_CLEARING_OF_FORECAST_PAYMENT
base,RWH_PS,2027,1,base-RWH_PS-2027-000043,EV-base-base-RWH_PS-2027-000043,OUTSIDE-LOGISTICS-base-202701,FORECAST,PUBLIC_SYNTHETIC_PLANNING_MODEL,2026-09-06T00:00:00-07:00,PAY-base-base-RWH_PS-2027-000043,2027-01-31,2027-02-02,SIMBANK-6681eed1edd39e6365,-17973,OPERATING,RWH_PS,MODELED_BANK_CLEARING_OF_FORECAST_PAYMENT
base,RWH_PS,2027,1,base-RWH_PS-2027-000044,EV-base-base-RWH_PS-2027-000044,PRODUCTION_MINERAL_TAX-base-202701,FORECAST,PUBLIC_SYNTHETIC_PLANNING_MODEL,2026-09-06T00:00:00-07:00,PAY-base-base-RWH_PS-2027-000044,2027-01-31,2027-02-02,SIMBANK-e2388a013c48fa2fb7,-189358,OPERATING,RWH_PS,MODELED_BANK_CLEARING_OF_FORECAST_PAYMENT
base,RWH_PS,2027,1,base-RWH_PS-2027-000045,EV-base-base-RWH_PS-2027-000045,ROYALTY-base-202701,FORECAST,PUBLIC_SYNTHETIC_PLANNING_MODEL,2026-09-06T00:00:00-07:00,PAY-base-base-RWH_PS-2027-000045,2027-01-31,2027-02-02,SIMBANK-4f9cea64be04bcf6eb,-59378,OPERATING,RWH_PS,MODELED_BANK_CLEARING_OF_FORECAST_PAYMENT
base,RWH_PS,2027,1,base-RWH_PS-2027-000046,EV-base-base-RWH_PS-2027-000046,CAPEX-base-RWH_PS-202701-replacement,FORECAST,PUBLIC_SYNTHETIC_PLANNING_MODEL,2026-09-06T00:00:00-07:00,PAY-base-base-RWH_PS-2027-000046,2027-01-31,2027-02-02,SIMBANK-6d4e37802ff8cdba13,-593333,INVESTING,RWH_PS,MODELED_BANK_CLEARING_OF_FORECAST_PAYMENT
base,RWH_PS,2027,2,base-RWH_PS-2027-000079,EV-base-base-RWH_PS-2027-000079,OPEN-AR-base-RWH_PS-1,FORECAST,PUBLIC_SYNTHETIC_PLANNING_MODEL,2026-09-06T00:00:00-07:00,PAY-base-base-RWH_PS-2027-000079,2027-02-28,2027-03-02,SIMBANK-c2eef5436ce4ed4bce,1137500,OPERATING,RWH_PS,MODELED_BANK_CLEARING_OF_FORECAST_PAYMENT
base,RWH_PS,2027,2,base-RWH_PS-2027-000080,EV-base-base-RWH_PS-2027-000080,MINE-SALE-base-202701,FORECAST,PUBLIC_SYNTHETIC_PLANNING_MODEL,2026-09-06T00:00:00-07:00,PAY-base-base-RWH_PS-2027-000080,2027-02-28,2027-03-02,SIMBANK-44caf887366428c9d3,1484460,OPERATING,RWH_PS,MODELED_BANK_CLEARING_OF_FORECAST_PAYMENT
base,RWH_PS,2027,2,base-RWH_PS-2027-000082,EV-base-base-RWH_PS-2027-000082,EQUITY-base-RWH_PS-202702,FORECAST,PUBLIC_SYNTHETIC_PLANNING_MODEL,2026-09-06T00:00:00-07:00,PAY-base-base-RWH_PS-2027-000082,2027-02-28,2027-03-02,SIMBANK-b30381dba09cf46c80,862349,FINANCING,RWH_PS,MODELED_BANK_CLEARING_OF_FORECAST_PAYMENT
base,RWH_PS,2027,2,base-RWH_PS-2027-000083,EV-base-base-RWH_PS-2027-000083,IC-base-202701-acid-BST,FORECAST,PUBLIC_SYNTHETIC_PLANNING_MODEL,2026-09-06T00:00:00-07:00,PAY-base-base-RWH_PS-2027-000083,2027-02-28,2027-03-02,SIMBANK-7ee374222f6bc77b2e,-3876,OPERATING,RWH_PS,MODELED_BANK_CLEARING_OF_FORECAST_PAYMENT
base,RWH_PS,2027,2,base-RWH_PS-2027-000084,EV-base-base-RWH_PS-2027-000084,IC-base-202701-acid-TERMINALS,FORECAST,PUBLIC_SYNTHETIC_PLANNING_MODEL,2026-09-06T00:00:00-07:00,PAY-base-base-RWH_PS-2027-000084,2027-02-28,2027-03-02,SIMBANK-31e82d9d6e789b0ee1,-2856,OPERATING,RWH_PS,MODELED_BANK_CLEARING_OF_FORECAST_PAYMENT
base,RWH_PS,2027,2,base-RWH_PS-2027-000085,EV-base-base-RWH_PS-2027-000085,IC-base-202701-acid-TRUCKING,FORECAST,PUBLIC_SYNTHETIC_PLANNING_MODEL,2026-09-06T00:00:00-07:00,PAY-base-base-RWH_PS-2027-000085,2027-02-28,2027-03-02,SIMBANK-7bf014502fec109bc4,-5549,OPERATING,RWH_PS,MODELED_BANK_CLEARING_OF_FORECAST_PAYMENT
base,RWH_PS,2027,2,base-RWH_PS-2027-000086,EV-base-base-RWH_PS-2027-000086,IC-base-202701-binder-BST,FORECAST,PUBLIC_SYNTHETIC_PLANNING_MODEL,2026-09-06T00:00:00-07:00,PAY-base-base-RWH_PS-2027-000086,2027-02-28,2027-03-02,SIMBANK-a1881a77f035b8818b,-4335,OPERATING,RWH_PS,MODELED_BANK_CLEARING_OF_FORECAST_PAYMENT
base,RWH_PS,2027,2,base-RWH_PS-2027-000087,EV-base-base-RWH_PS-2027-000087,IC-base-202701-binder-TERMINALS,FORECAST,PUBLIC_SYNTHETIC_PLANNING_MODEL,2026-09-06T00:00:00-07:00,PAY-base-base-RWH_PS-2027-000087,2027-02-28,2027-03-02,SIMBANK-829a044bbf2cb02bd7,-2040,OPERATING,RWH_PS,MODELED_BANK_CLEARING_OF_FORECAST_PAYMENT
base,RWH_PS,2027,2,base-RWH_PS-2027-000088,EV-base-base-RWH_PS-2027-000088,IC-base-202701-binder-TRUCKING,FORECAST,PUBLIC_SYNTHETIC_PLANNING_MODEL,2026-09-06T00:00:00-07:00,PAY-base-base-RWH_PS-2027-000088,2027-02-28,2027-03-02,SIMBANK-b2fab36864fa93c88d,-5814,OPERATING,RWH_PS,MODELED_BANK_CLEARING_OF_FORECAST_PAYMENT
base,RWH_PS,2027,2,base-RWH_PS-2027-000089,EV-base-base-RWH_PS-2027-000089,IC-base-202701-lime-BST,FORECAST,PUBLIC_SYNTHETIC_PLANNING_MODEL,2026-09-06T00:00:00-07:00,PAY-base-base-RWH_PS-2027-000089,2027-02-28,2027-03-02,SIMBANK-768ca69301672b18a7,-867,OPERATING,RWH_PS,MODELED_BANK_CLEARING_OF_FORECAST_PAYMENT
base,RWH_PS,2027,2,base-RWH_PS-2027-000090,EV-base-base-RWH_PS-2027-000090,IC-base-202701-lime-TERMINALS,FORECAST,PUBLIC_SYNTHETIC_PLANNING_MODEL,2026-09-06T00:00:00-07:00,PAY-base-base-RWH_PS-2027-000090,2027-02-28,2027-03-02,SIMBANK-a7b93f891ada41b238,-459,OPERATING,RWH_PS,MODELED_BANK_CLEARING_OF_FORECAST_PAYMENT
base,RWH_PS,2027,2,base-RWH_PS-2027-000091,EV-base-base-RWH_PS-2027-000091,IC-base-202701-lime-TRUCKING,FORECAST,PUBLIC_SYNTHETIC_PLANNING_MODEL,2026-09-06T00:00:00-07:00,PAY-base-base-RWH_PS-2027-000091,2027-02-28,2027-03-02,SIMBANK-85035645d558c4aa2c,-1224,OPERATING,RWH_PS,MODELED_BANK_CLEARING_OF_FORECAST_PAYMENT
base,RWH_PS,2027,2,base-RWH_PS-2027-000092,EV-base-base-RWH_PS-2027-000092,IC-base-202701-mro-BST,FORECAST,PUBLIC_SYNTHETIC_PLANNING_MODEL,2026-09-06T00:00:00-07:00,PAY-base-base-RWH_PS-2027-000092,2027-02-28,2027-03-02,SIMBANK-cf4efd688641ec959a,-765,OPERATING,RWH_PS,MODELED_BANK_CLEARING_OF_FORECAST_PAYMENT
base,RWH_PS,2027,2,base-RWH_PS-2027-000093,EV-base-base-RWH_PS-2027-000093,IC-base-202701-mro-TERMINALS,FORECAST,PUBLIC_SYNTHETIC_PLANNING_MODEL,2026-09-06T00:00:00-07:00,PAY-base-base-RWH_PS-2027-000093,2027-02-28,2027-03-02,SIMBANK-178998ad85b3a51bbf,-510,OPERATING,RWH_PS,MODELED_BANK_CLEARING_OF_FORECAST_PAYMENT
base,RWH_PS,2027,2,base-RWH_PS-2027-000094,EV-base-base-RWH_PS-2027-000094,IC-base-202701-mro-TRUCKING,FORECAST,PUBLIC_SYNTHETIC_PLANNING_MODEL,2026-09-06T00:00:00-07:00,PAY-base-base-RWH_PS-2027-000094,2027-02-28,2027-03-02,SIMBANK-29cb3825d030735608,-663,OPERATING,RWH_PS,MODELED_BANK_CLEARING_OF_FORECAST_PAYMENT
base,RWH_PS,2027,2,base-RWH_PS-2027-000095,EV-base-base-RWH_PS-2027-000095,IC-base-202701-steel-BST,FORECAST,PUBLIC_SYNTHETIC_PLANNING_MODEL,2026-09-06T00:00:00-07:00,PAY-base-base-RWH_PS-2027-000095,2027-02-28,2027-03-02,SIMBANK-c623c305e85ce2277c,-1938,OPERATING,RWH_PS,MODELED_BANK_CLEARING_OF_FORECAST_PAYMENT
base,RWH_PS,2027,2,base-RWH_PS-2027-000096,EV-base-base-RWH_PS-2027-000096,IC-base-202701-steel-TERMINALS,FORECAST,PUBLIC_SYNTHETIC_PLANNING_MODEL,2026-09-06T00:00:00-07:00,PAY-base-base-RWH_PS-2027-000096,2027-02-28,2027-03-02,SIMBANK-a678630318480a1300,-1326,OPERATING,RWH_PS,MODELED_BANK_CLEARING_OF_FORECAST_PAYMENT
base,RWH_PS,2027,2,base-RWH_PS-2027-000097,EV-base-base-RWH_PS-2027-000097,IC-base-202701-steel-TRUCKING,FORECAST,PUBLIC_SYNTHETIC_PLANNING_MODEL,2026-09-06T00:00:00-07:00,PAY-base-base-RWH_PS-2027-000097,2027-02-28,2027-03-02,SIMBANK-d8f47fe64727110071,-2295,OPERATING,RWH_PS,MODELED_BANK_CLEARING_OF_FORECAST_PAYMENT
base,RWH_PS,2027,2,base-RWH_PS-2027-000098,EV-base-base-RWH_PS-2027-000098,MINE-PRODUCTION-base-202702,FORECAST,PUBLIC_SYNTHETIC_PLANNING_MODEL,2026-09-06T00:00:00-07:00,PAY-base-base-RWH_PS-2027-000098,2027-02-28,2027-03-02,SIMBANK-240093c1fc3cca0fde,-2316160,OPERATING,RWH_PS,MODELED_BANK_CLEARING_OF_FORECAST_PAYMENT
base,RWH_PS,2027,2,base-RWH_PS-2027-000099,EV-base-base-RWH_PS-2027-000099,MINE_FREIGHT_ASSAY-base-202702,FORECAST,PUBLIC_SYNTHETIC_PLANNING_MODEL,2026-09-06T00:00:00-07:00,PAY-base-base-RWH_PS-2027-000099,2027-02-28,2027-03-02,SIMBANK-554c47d8b4f9c34ffc,-49316,OPERATING,RWH_PS,MODELED_BANK_CLEARING_OF_FORECAST_PAYMENT
base,RWH_PS,2027,2,base-RWH_PS-2027-000100,EV-base-base-RWH_PS-2027-000100,MINE_PLATFORM_SITE_GA-base-202702,FORECAST,PUBLIC_SYNTHETIC_PLANNING_MODEL,2026-09-06T00:00:00-07:00,PAY-base-base-RWH_PS-2027-000100,2027-02-28,2027-03-02,SIMBANK-a04ee2f16bcd66349a,-240333,OPERATING,RWH_PS,MODELED_BANK_CLEARING_OF_FORECAST_PAYMENT
base,RWH_PS,2027,2,base-RWH_PS-2027-000101,EV-base-base-RWH_PS-2027-000101,OUTSIDE-LOGISTICS-base-202702,FORECAST,PUBLIC_SYNTHETIC_PLANNING_MODEL,2026-09-06T00:00:00-07:00,PAY-base-base-RWH_PS-2027-000101,2027-02-28,2027-03-02,SIMBANK-a826620671a6c952dd,-20239,OPERATING,RWH_PS,MODELED_BANK_CLEARING_OF_FORECAST_PAYMENT
base,RWH_PS,2027,2,base-RWH_PS-2027-000102,EV-base-base-RWH_PS-2027-000102,PRODUCTION_MINERAL_TAX-base-202702,FORECAST,PUBLIC_SYNTHETIC_PLANNING_MODEL,2026-09-06T00:00:00-07:00,PAY-base-base-RWH_PS-2027-000102,2027-02-28,2027-03-02,SIMBANK-99e9159e2aad5638c4,-171033,OPERATING,RWH_PS,MODELED_BANK_CLEARING_OF_FORECAST_PAYMENT
base,RWH_PS,2027,2,base-RWH_PS-2027-000103,EV-base-base-RWH_PS-2027-000103,ROYALTY-base-202702,FORECAST,PUBLIC_SYNTHETIC_PLANNING_MODEL,2026-09-06T00:00:00-07:00,PAY-base-base-RWH_PS-2027-000103,2027-02-28,2027-03-02,SIMBANK-1ca6fd037d91716b04,-59378,OPERATING,RWH_PS,MODELED_BANK_CLEARING_OF_FORECAST_PAYMENT
base,RWH_PS,2027,2,base-RWH_PS-2027-000104,EV-base-base-RWH_PS-2027-000104,CAPEX-base-RWH_PS-202702-replacement,FORECAST,PUBLIC_SYNTHETIC_PLANNING_MODEL,2026-09-06T00:00:00-07:00,PAY-base-base-RWH_PS-2027-000104,2027-02-28,2027-03-02,SIMBANK-3abd1f8860ebab125d,-593333,INVESTING,RWH_PS,MODELED_BANK_CLEARING_OF_FORECAST_PAYMENT
base,RWH_PS,2027,3,base-RWH_PS-2027-000138,EV-base-base-RWH_PS-2027-000138,MINE-SALE-base-202701,FORECAST,PUBLIC_SYNTHETIC_PLANNING_MODEL,2026-09-06T00:00:00-07:00,PAY-base-base-RWH_PS-2027-000138,2027-03-31,2027-04-02,SIMBANK-724971fc96461206b7,1484459,OPERATING,RWH_PS,MODELED_BANK_CLEARING_OF_FORECAST_PAYMENT
base,RWH_PS,2027,3,base-RWH_PS-2027-000139,EV-base-base-RWH_PS-2027-000139,MINE-SALE-base-202702,FORECAST,PUBLIC_SYNTHETIC_PLANNING_MODEL,2026-09-06T00:00:00-07:00,PAY-base-base-RWH_PS-2027-000139,2027-03-31,2027-04-02,SIMBANK-c31a0b5b03b4cd1657,1484460,OPERATING,RWH_PS,MODELED_BANK_CLEARING_OF_FORECAST_PAYMENT
base,RWH_PS,2027,3,base-RWH_PS-2027-000141,EV-base-base-RWH_PS-2027-000141,EQUITY-base-RWH_PS-202703,FORECAST,PUBLIC_SYNTHETIC_PLANNING_MODEL,2026-09-06T00:00:00-07:00,PAY-base-base-RWH_PS-2027-000141,2027-03-31,2027-04-02,SIMBANK-255923ec634d9a153c,719929,FINANCING,RWH_PS,MODELED_BANK_CLEARING_OF_FORECAST_PAYMENT
base,RWH_PS,2027,3,base-RWH_PS-2027-000142,EV-base-base-RWH_PS-2027-000142,TAX-CASH-202703,FORECAST,PUBLIC_SYNTHETIC_PLANNING_MODEL,2026-09-06T00:00:00-07:00,PAY-base-base-RWH_PS-2027-000142,2027-03-31,2027-04-02,SIMBANK-639089b518ce0a786c,-6303,OPERATING,RWH_PS,MODELED_BANK_CLEARING_OF_FORECAST_PAYMENT
base,RWH_PS,2027,3,base-RWH_PS-2027-000143,EV-base-base-RWH_PS-2027-000143,IC-base-202702-acid-BST,FORECAST,PUBLIC_SYNTHETIC_PLANNING_MODEL,2026-09-06T00:00:00-07:00,PAY-base-base-RWH_PS-2027-000143,2027-03-31,2027-04-02,SIMBANK-ad1e9ba41ecf72b6a7,-3876,OPERATING,RWH_PS,MODELED_BANK_CLEARING_OF_FORECAST_PAYMENT
base,RWH_PS,2027,3,base-RWH_PS-2027-000144,EV-base-base-RWH_PS-2027-000144,IC-base-202702-acid-TERMINALS,FORECAST,PUBLIC_SYNTHETIC_PLANNING_MODEL,2026-09-06T00:00:00-07:00,PAY-base-base-RWH_PS-2027-000144,2027-03-31,2027-04-02,SIMBANK-3f54bebb74424f0c03,-2856,OPERATING,RWH_PS,MODELED_BANK_CLEARING_OF_FORECAST_PAYMENT
base,RWH_PS,2027,3,base-RWH_PS-2027-000145,EV-base-base-RWH_PS-2027-000145,IC-base-202702-acid-TRUCKING,FORECAST,PUBLIC_SYNTHETIC_PLANNING_MODEL,2026-09-06T00:00:00-07:00,PAY-base-base-RWH_PS-2027-000145,2027-03-31,2027-04-02,SIMBANK-cd1bec338c0d5dc49d,-5549,OPERATING,RWH_PS,MODELED_BANK_CLEARING_OF_FORECAST_PAYMENT
base,RWH_PS,2027,3,base-RWH_PS-2027-000146,EV-base-base-RWH_PS-2027-000146,IC-base-202702-binder-BST,FORECAST,PUBLIC_SYNTHETIC_PLANNING_MODEL,2026-09-06T00:00:00-07:00,PAY-base-base-RWH_PS-2027-000146,2027-03-31,2027-04-02,SIMBANK-26629f44ddc97e4840,-4335,OPERATING,RWH_PS,MODELED_BANK_CLEARING_OF_FORECAST_PAYMENT
base,RWH_PS,2027,3,base-RWH_PS-2027-000147,EV-base-base-RWH_PS-2027-000147,IC-base-202702-binder-TERMINALS,FORECAST,PUBLIC_SYNTHETIC_PLANNING_MODEL,2026-09-06T00:00:00-07:00,PAY-base-base-RWH_PS-2027-000147,2027-03-31,2027-04-02,SIMBANK-7c425e61f42b469f1b,-2040,OPERATING,RWH_PS,MODELED_BANK_CLEARING_OF_FORECAST_PAYMENT
base,RWH_PS,2027,3,base-RWH_PS-2027-000148,EV-base-base-RWH_PS-2027-000148,IC-base-202702-binder-TRUCKING,FORECAST,PUBLIC_SYNTHETIC_PLANNING_MODEL,2026-09-06T00:00:00-07:00,PAY-base-base-RWH_PS-2027-000148,2027-03-31,2027-04-02,SIMBANK-3b0ffeda547863e30f,-5814,OPERATING,RWH_PS,MODELED_BANK_CLEARING_OF_FORECAST_PAYMENT
base,RWH_PS,2027,3,base-RWH_PS-2027-000149,EV-base-base-RWH_PS-2027-000149,IC-base-202702-lime-BST,FORECAST,PUBLIC_SYNTHETIC_PLANNING_MODEL,2026-09-06T00:00:00-07:00,PAY-base-base-RWH_PS-2027-000149,2027-03-31,2027-04-02,SIMBANK-8d958dd5737082b39b,-867,OPERATING,RWH_PS,MODELED_BANK_CLEARING_OF_FORECAST_PAYMENT
base,RWH_PS,2027,3,base-RWH_PS-2027-000150,EV-base-base-RWH_PS-2027-000150,IC-base-202702-lime-TERMINALS,FORECAST,PUBLIC_SYNTHETIC_PLANNING_MODEL,2026-09-06T00:00:00-07:00,PAY-base-base-RWH_PS-2027-000150,2027-03-31,2027-04-02,SIMBANK-c3fa031c5647ec755e,-459,OPERATING,RWH_PS,MODELED_BANK_CLEARING_OF_FORECAST_PAYMENT
base,RWH_PS,2027,3,base-RWH_PS-2027-000151,EV-base-base-RWH_PS-2027-000151,IC-base-202702-lime-TRUCKING,FORECAST,PUBLIC_SYNTHETIC_PLANNING_MODEL,2026-09-06T00:00:00-07:00,PAY-base-base-RWH_PS-2027-000151,2027-03-31,2027-04-02,SIMBANK-da42fc0443e4c6faf5,-1224,OPERATING,RWH_PS,MODELED_BANK_CLEARING_OF_FORECAST_PAYMENT
base,RWH_PS,2027,3,base-RWH_PS-2027-000152,EV-base-base-RWH_PS-2027-000152,IC-base-202702-mro-BST,FORECAST,PUBLIC_SYNTHETIC_PLANNING_MODEL,2026-09-06T00:00:00-07:00,PAY-base-base-RWH_PS-2027-000152,2027-03-31,2027-04-02,SIMBANK-c6d71efd3e44134ba3,-765,OPERATING,RWH_PS,MODELED_BANK_CLEARING_OF_FORECAST_PAYMENT
base,RWH_PS,2027,3,base-RWH_PS-2027-000153,EV-base-base-RWH_PS-2027-000153,IC-base-202702-mro-TERMINALS,FORECAST,PUBLIC_SYNTHETIC_PLANNING_MODEL,2026-09-06T00:00:00-07:00,PAY-base-base-RWH_PS-2027-000153,2027-03-31,2027-04-02,SIMBANK-1f87e950be3d8e6f71,-510,OPERATING,RWH_PS,MODELED_BANK_CLEARING_OF_FORECAST_PAYMENT
base,RWH_PS,2027,3,base-RWH_PS-2027-000154,EV-base-base-RWH_PS-2027-000154,IC-base-202702-mro-TRUCKING,FORECAST,PUBLIC_SYNTHETIC_PLANNING_MODEL,2026-09-06T00:00:00-07:00,PAY-base-base-RWH_PS-2027-000154,2027-03-31,2027-04-02,SIMBANK-07ab532d39e048fcb8,-663,OPERATING,RWH_PS,MODELED_BANK_CLEARING_OF_FORECAST_PAYMENT
base,RWH_PS,2027,3,base-RWH_PS-2027-000155,EV-base-base-RWH_PS-2027-000155,IC-base-202702-project-BST,FORECAST,PUBLIC_SYNTHETIC_PLANNING_MODEL,2026-09-06T00:00:00-07:00,PAY-base-base-RWH_PS-2027-000155,2027-03-31,2027-04-02,SIMBANK-dbc4751076101668f4,-1428,OPERATING,RWH_PS,MODELED_BANK_CLEARING_OF_FORECAST_PAYMENT
base,RWH_PS,2027,3,base-RWH_PS-2027-000156,EV-base-base-RWH_PS-2027-000156,IC-base-202702-project-TERMINALS,FORECAST,PUBLIC_SYNTHETIC_PLANNING_MODEL,2026-09-06T00:00:00-07:00,PAY-base-base-RWH_PS-2027-000156,2027-03-31,2027-04-02,SIMBANK-a5b01094d0da450d52,-1428,OPERATING,RWH_PS,MODELED_BANK_CLEARING_OF_FORECAST_PAYMENT
base,RWH_PS,2027,3,base-RWH_PS-2027-000157,EV-base-base-RWH_PS-2027-000157,IC-base-202702-project-TRUCKING,FORECAST,PUBLIC_SYNTHETIC_PLANNING_MODEL,2026-09-06T00:00:00-07:00,PAY-base-base-RWH_PS-2027-000157,2027-03-31,2027-04-02,SIMBANK-b5f4889c5c41d7ed13,-1836,OPERATING,RWH_PS,MODELED_BANK_CLEARING_OF_FORECAST_PAYMENT
base,RWH_PS,2027,3,base-RWH_PS-2027-000158,EV-base-base-RWH_PS-2027-000158,IC-base-202702-steel-BST,FORECAST,PUBLIC_SYNTHETIC_PLANNING_MODEL,2026-09-06T00:00:00-07:00,PAY-base-base-RWH_PS-2027-000158,2027-03-31,2027-04-02,SIMBANK-3f519dbd22123dcaa7,-1938,OPERATING,RWH_PS,MODELED_BANK_CLEARING_OF_FORECAST_PAYMENT
base,RWH_PS,2027,3,base-RWH_PS-2027-000159,EV-base-base-RWH_PS-2027-000159,IC-base-202702-steel-TERMINALS,FORECAST,PUBLIC_SYNTHETIC_PLANNING_MODEL,2026-09-06T00:00:00-07:00,PAY-base-base-RWH_PS-2027-000159,2027-03-31,2027-04-02,SIMBANK-47f1d1004d6139f520,-1326,OPERATING,RWH_PS,MODELED_BANK_CLEARING_OF_FORECAST_PAYMENT
base,RWH_PS,2027,3,base-RWH_PS-2027-000160,EV-base-base-RWH_PS-2027-000160,IC-base-202702-steel-TRUCKING,FORECAST,PUBLIC_SYNTHETIC_PLANNING_MODEL,2026-09-06T00:00:00-07:00,PAY-base-base-RWH_PS-2027-000160,2027-03-31,2027-04-02,SIMBANK-3b5e9505c8bc3ba11e,-2295,OPERATING,RWH_PS,MODELED_BANK_CLEARING_OF_FORECAST_PAYMENT
base,RWH_PS,2027,3,base-RWH_PS-2027-000161,EV-base-base-RWH_PS-2027-000161,MINE-PRODUCTION-base-202703,FORECAST,PUBLIC_SYNTHETIC_PLANNING_MODEL,2026-09-06T00:00:00-07:00,PAY-base-base-RWH_PS-2027-000161,2027-03-31,2027-04-02,SIMBANK-11a9361dd08ecaffb4,-2474356,OPERATING,RWH_PS,MODELED_BANK_CLEARING_OF_FORECAST_PAYMENT
base,RWH_PS,2027,3,base-RWH_PS-2027-000162,EV-base-base-RWH_PS-2027-000162,MINE_FREIGHT_ASSAY-base-202703,FORECAST,PUBLIC_SYNTHETIC_PLANNING_MODEL,2026-09-06T00:00:00-07:00,PAY-base-base-RWH_PS-2027-000162,2027-03-31,2027-04-02,SIMBANK-7006cfbd3eace70066,-56362,OPERATING,RWH_PS,MODELED_BANK_CLEARING_OF_FORECAST_PAYMENT
base,RWH_PS,2027,3,base-RWH_PS-2027-000163,EV-base-base-RWH_PS-2027-000163,MINE_PLATFORM_SITE_GA-base-202703,FORECAST,PUBLIC_SYNTHETIC_PLANNING_MODEL,2026-09-06T00:00:00-07:00,PAY-base-base-RWH_PS-2027-000163,2027-03-31,2027-04-02,SIMBANK-a4526728cc60781ea2,-240333,OPERATING,RWH_PS,MODELED_BANK_CLEARING_OF_FORECAST_PAYMENT
base,RWH_PS,2027,3,base-RWH_PS-2027-000164,EV-base-base-RWH_PS-2027-000164,OUTSIDE-LOGISTICS-base-202703,FORECAST,PUBLIC_SYNTHETIC_PLANNING_MODEL,2026-09-06T00:00:00-07:00,PAY-base-base-RWH_PS-2027-000164,2027-03-31,2027-04-02,SIMBANK-f03cb26512f3db4a27,-21733,OPERATING,RWH_PS,MODELED_BANK_CLEARING_OF_FORECAST_PAYMENT
base,RWH_PS,2027,3,base-RWH_PS-2027-000165,EV-base-base-RWH_PS-2027-000165,PRODUCTION_MINERAL_TAX-base-202703,FORECAST,PUBLIC_SYNTHETIC_PLANNING_MODEL,2026-09-06T00:00:00-07:00,PAY-base-base-RWH_PS-2027-000165,2027-03-31,2027-04-02,SIMBANK-e52ebbedacda1b7719,-189358,OPERATING,RWH_PS,MODELED_BANK_CLEARING_OF_FORECAST_PAYMENT
base,RWH_PS,2027,3,base-RWH_PS-2027-000166,EV-base-base-RWH_PS-2027-000166,ROYALTY-base-202703,FORECAST,PUBLIC_SYNTHETIC_PLANNING_MODEL,2026-09-06T00:00:00-07:00,PAY-base-base-RWH_PS-2027-000166,2027-03-31,2027-04-02,SIMBANK-e1b2791074661f19df,-67861,OPERATING,RWH_PS,MODELED_BANK_CLEARING_OF_FORECAST_PAYMENT
base,RWH_PS,2027,3,base-RWH_PS-2027-000167,EV-base-base-RWH_PS-2027-000167,CAPEX-base-RWH_PS-202703-replacement,FORECAST,PUBLIC_SYNTHETIC_PLANNING_MODEL,2026-09-06T00:00:00-07:00,PAY-base-base-RWH_PS-2027-000167,2027-03-31,2027-04-02,SIMBANK-efa109683a51517786,-593333,INVESTING,RWH_PS,MODELED_BANK_CLEARING_OF_FORECAST_PAYMENT
base,RWH_PS,2027,4,base-RWH_PS-2027-000202,EV-base-base-RWH_PS-2027-000202,MINE-SALE-base-202702,FORECAST,PUBLIC_SYNTHETIC_PLANNING_MODEL,2026-09-06T00:00:00-07:00,PAY-base-base-RWH_PS-2027-000202,2027-04-30,2027-05-02,SIMBANK-b350b0a28091f90104,1484459,OPERATING,RWH_PS,MODELED_BANK_CLEARING_OF_FORECAST_PAYMENT
base,RWH_PS,2027,4,base-RWH_PS-2027-000203,EV-base-base-RWH_PS-2027-000203,MINE-SALE-base-202703,FORECAST,PUBLIC_SYNTHETIC_PLANNING_MODEL,2026-09-06T00:00:00-07:00,PAY-base-base-RWH_PS-2027-000203,2027-04-30,2027-05-02,SIMBANK-f0931534eaa4e58a21,1696525,OPERATING,RWH_PS,MODELED_BANK_CLEARING_OF_FORECAST_PAYMENT
base,RWH_PS,2027,4,base-RWH_PS-2027-000205,EV-base-base-RWH_PS-2027-000205,EQUITY-base-RWH_PS-202704,FORECAST,PUBLIC_SYNTHETIC_PLANNING_MODEL,2026-09-06T00:00:00-07:00,PAY-base-base-RWH_PS-2027-000205,2027-04-30,2027-05-02,SIMBANK-823789b6e8aa06d32e,447077,FINANCING,RWH_PS,MODELED_BANK_CLEARING_OF_FORECAST_PAYMENT
base,RWH_PS,2027,4,base-RWH_PS-2027-000206,EV-base-base-RWH_PS-2027-000206,IC-base-202703-acid-BST,FORECAST,PUBLIC_SYNTHETIC_PLANNING_MODEL,2026-09-06T00:00:00-07:00,PAY-base-base-RWH_PS-2027-000206,2027-04-30,2027-05-02,SIMBANK-b80f0a890be8832fbb,-4845,OPERATING,RWH_PS,MODELED_BANK_CLEARING_OF_FORECAST_PAYMENT
base,RWH_PS,2027,4,base-RWH_PS-2027-000207,EV-base-base-RWH_PS-2027-000207,IC-base-202703-acid-TERMINALS,FORECAST,PUBLIC_SYNTHETIC_PLANNING_MODEL,2026-09-06T00:00:00-07:00,PAY-base-base-RWH_PS-2027-000207,2027-04-30,2027-05-02,SIMBANK-1d7b6806aa9e1b6470,-3570,OPERATING,RWH_PS,MODELED_BANK_CLEARING_OF_FORECAST_PAYMENT
base,RWH_PS,2027,4,base-RWH_PS-2027-000208,EV-base-base-RWH_PS-2027-000208,IC-base-202703-acid-TRUCKING,FORECAST,PUBLIC_SYNTHETIC_PLANNING_MODEL,2026-09-06T00:00:00-07:00,PAY-base-base-RWH_PS-2027-000208,2027-04-30,2027-05-02,SIMBANK-2b7a7f245901cfa7fd,-6936,OPERATING,RWH_PS,MODELED_BANK_CLEARING_OF_FORECAST_PAYMENT
base,RWH_PS,2027,4,base-RWH_PS-2027-000209,EV-base-base-RWH_PS-2027-000209,IC-base-202703-binder-BST,FORECAST,PUBLIC_SYNTHETIC_PLANNING_MODEL,2026-09-06T00:00:00-07:00,PAY-base-base-RWH_PS-2027-000209,2027-04-30,2027-05-02,SIMBANK-b031452db657e5d0a4,-4335,OPERATING,RWH_PS,MODELED_BANK_CLEARING_OF_FORECAST_PAYMENT
base,RWH_PS,2027,4,base-RWH_PS-2027-000210,EV-base-base-RWH_PS-2027-000210,IC-base-202703-binder-TERMINALS,FORECAST,PUBLIC_SYNTHETIC_PLANNING_MODEL,2026-09-06T00:00:00-07:00,PAY-base-base-RWH_PS-2027-000210,2027-04-30,2027-05-02,SIMBANK-29490700735f29798c,-2040,OPERATING,RWH_PS,MODELED_BANK_CLEARING_OF_FORECAST_PAYMENT
base,RWH_PS,2027,4,base-RWH_PS-2027-000211,EV-base-base-RWH_PS-2027-000211,IC-base-202703-binder-TRUCKING,FORECAST,PUBLIC_SYNTHETIC_PLANNING_MODEL,2026-09-06T00:00:00-07:00,PAY-base-base-RWH_PS-2027-000211,2027-04-30,2027-05-02,SIMBANK-3bd00b21f39b2d3be6,-5814,OPERATING,RWH_PS,MODELED_BANK_CLEARING_OF_FORECAST_PAYMENT
base,RWH_PS,2027,4,base-RWH_PS-2027-000212,EV-base-base-RWH_PS-2027-000212,IC-base-202703-lime-BST,FORECAST,PUBLIC_SYNTHETIC_PLANNING_MODEL,2026-09-06T00:00:00-07:00,PAY-base-base-RWH_PS-2027-000212,2027-04-30,2027-05-02,SIMBANK-518aea54921ac1673e,-867,OPERATING,RWH_PS,MODELED_BANK_CLEARING_OF_FORECAST_PAYMENT
base,RWH_PS,2027,4,base-RWH_PS-2027-000213,EV-base-base-RWH_PS-2027-000213,IC-base-202703-lime-TERMINALS,FORECAST,PUBLIC_SYNTHETIC_PLANNING_MODEL,2026-09-06T00:00:00-07:00,PAY-base-base-RWH_PS-2027-000213,2027-04-30,2027-05-02,SIMBANK-259653007fd9f63f9c,-459,OPERATING,RWH_PS,MODELED_BANK_CLEARING_OF_FORECAST_PAYMENT
base,RWH_PS,2027,4,base-RWH_PS-2027-000214,EV-base-base-RWH_PS-2027-000214,IC-base-202703-lime-TRUCKING,FORECAST,PUBLIC_SYNTHETIC_PLANNING_MODEL,2026-09-06T00:00:00-07:00,PAY-base-base-RWH_PS-2027-000214,2027-04-30,2027-05-02,SIMBANK-c2c763e0fd96e9d070,-1224,OPERATING,RWH_PS,MODELED_BANK_CLEARING_OF_FORECAST_PAYMENT
base,RWH_PS,2027,4,base-RWH_PS-2027-000215,EV-base-base-RWH_PS-2027-000215,IC-base-202703-mro-BST,FORECAST,PUBLIC_SYNTHETIC_PLANNING_MODEL,2026-09-06T00:00:00-07:00,PAY-base-base-RWH_PS-2027-000215,2027-04-30,2027-05-02,SIMBANK-32b8113b6fb12d90f9,-765,OPERATING,RWH_PS,MODELED_BANK_CLEARING_OF_FORECAST_PAYMENT
base,RWH_PS,2027,4,base-RWH_PS-2027-000216,EV-base-base-RWH_PS-2027-000216,IC-base-202703-mro-TERMINALS,FORECAST,PUBLIC_SYNTHETIC_PLANNING_MODEL,2026-09-06T00:00:00-07:00,PAY-base-base-RWH_PS-2027-000216,2027-04-30,2027-05-02,SIMBANK-c10fbd5392dd08486b,-510,OPERATING,RWH_PS,MODELED_BANK_CLEARING_OF_FORECAST_PAYMENT
base,RWH_PS,2027,4,base-RWH_PS-2027-000217,EV-base-base-RWH_PS-2027-000217,IC-base-202703-mro-TRUCKING,FORECAST,PUBLIC_SYNTHETIC_PLANNING_MODEL,2026-09-06T00:00:00-07:00,PAY-base-base-RWH_PS-2027-000217,2027-04-30,2027-05-02,SIMBANK-85f65e0e151f8fad47,-663,OPERATING,RWH_PS,MODELED_BANK_CLEARING_OF_FORECAST_PAYMENT
base,RWH_PS,2027,4,base-RWH_PS-2027-000218,EV-base-base-RWH_PS-2027-000218,IC-base-202703-project-BST,FORECAST,PUBLIC_SYNTHETIC_PLANNING_MODEL,2026-09-06T00:00:00-07:00,PAY-base-base-RWH_PS-2027-000218,2027-04-30,2027-05-02,SIMBANK-87a3e992b1b3807ca2,-1428,OPERATING,RWH_PS,MODELED_BANK_CLEARING_OF_FORECAST_PAYMENT
base,RWH_PS,2027,4,base-RWH_PS-2027-000219,EV-base-base-RWH_PS-2027-000219,IC-base-202703-project-TERMINALS,FORECAST,PUBLIC_SYNTHETIC_PLANNING_MODEL,2026-09-06T00:00:00-07:00,PAY-base-base-RWH_PS-2027-000219,2027-04-30,2027-05-02,SIMBANK-546e409302d218c470,-1428,OPERATING,RWH_PS,MODELED_BANK_CLEARING_OF_FORECAST_PAYMENT
base,RWH_PS,2027,4,base-RWH_PS-2027-000220,EV-base-base-RWH_PS-2027-000220,IC-base-202703-project-TRUCKING,FORECAST,PUBLIC_SYNTHETIC_PLANNING_MODEL,2026-09-06T00:00:00-07:00,PAY-base-base-RWH_PS-2027-000220,2027-04-30,2027-05-02,SIMBANK-2442e5815d249c7f37,-1836,OPERATING,RWH_PS,MODELED_BANK_CLEARING_OF_FORECAST_PAYMENT
base,RWH_PS,2027,4,base-RWH_PS-2027-000221,EV-base-base-RWH_PS-2027-000221,IC-base-202703-steel-BST,FORECAST,PUBLIC_SYNTHETIC_PLANNING_MODEL,2026-09-06T00:00:00-07:00,PAY-base-base-RWH_PS-2027-000221,2027-04-30,2027-05-02,SIMBANK-b3697fc6f65ec836dc,-1938,OPERATING,RWH_PS,MODELED_BANK_CLEARING_OF_FORECAST_PAYMENT
base,RWH_PS,2027,4,base-RWH_PS-2027-000222,EV-base-base-RWH_PS-2027-000222,IC-base-202703-steel-TERMINALS,FORECAST,PUBLIC_SYNTHETIC_PLANNING_MODEL,2026-09-06T00:00:00-07:00,PAY-base-base-RWH_PS-2027-000222,2027-04-30,2027-05-02,SIMBANK-e8d653d0623598b037,-1326,OPERATING,RWH_PS,MODELED_BANK_CLEARING_OF_FORECAST_PAYMENT
base,RWH_PS,2027,4,base-RWH_PS-2027-000223,EV-base-base-RWH_PS-2027-000223,IC-base-202703-steel-TRUCKING,FORECAST,PUBLIC_SYNTHETIC_PLANNING_MODEL,2026-09-06T00:00:00-07:00,PAY-base-base-RWH_PS-2027-000223,2027-04-30,2027-05-02,SIMBANK-9662977dca0693cc37,-2295,OPERATING,RWH_PS,MODELED_BANK_CLEARING_OF_FORECAST_PAYMENT
base,RWH_PS,2027,4,base-RWH_PS-2027-000224,EV-base-base-RWH_PS-2027-000224,MINE-PRODUCTION-base-202704,FORECAST,PUBLIC_SYNTHETIC_PLANNING_MODEL,2026-09-06T00:00:00-07:00,PAY-base-base-RWH_PS-2027-000224,2027-04-30,2027-05-02,SIMBANK-4075bf763096ec2e25,-2421624,OPERATING,RWH_PS,MODELED_BANK_CLEARING_OF_FORECAST_PAYMENT
base,RWH_PS,2027,4,base-RWH_PS-2027-000225,EV-base-base-RWH_PS-2027-000225,MINE_FREIGHT_ASSAY-base-202704,FORECAST,PUBLIC_SYNTHETIC_PLANNING_MODEL,2026-09-06T00:00:00-07:00,PAY-base-base-RWH_PS-2027-000225,2027-04-30,2027-05-02,SIMBANK-c9dd7256a3762a2b39,-56362,OPERATING,RWH_PS,MODELED_BANK_CLEARING_OF_FORECAST_PAYMENT
base,RWH_PS,2027,4,base-RWH_PS-2027-000226,EV-base-base-RWH_PS-2027-000226,MINE_PLATFORM_SITE_GA-base-202704,FORECAST,PUBLIC_SYNTHETIC_PLANNING_MODEL,2026-09-06T00:00:00-07:00,PAY-base-base-RWH_PS-2027-000226,2027-04-30,2027-05-02,SIMBANK-ae5a22ce112a21fc9b,-240333,OPERATING,RWH_PS,MODELED_BANK_CLEARING_OF_FORECAST_PAYMENT
base,RWH_PS,2027,4,base-RWH_PS-2027-000227,EV-base-base-RWH_PS-2027-000227,OUTSIDE-LOGISTICS-base-202704,FORECAST,PUBLIC_SYNTHETIC_PLANNING_MODEL,2026-09-06T00:00:00-07:00,PAY-base-base-RWH_PS-2027-000227,2027-04-30,2027-05-02,SIMBANK-f2a28beb9b5a669bec,-23020,OPERATING,RWH_PS,MODELED_BANK_CLEARING_OF_FORECAST_PAYMENT
base,RWH_PS,2027,4,base-RWH_PS-2027-000228,EV-base-base-RWH_PS-2027-000228,PRODUCTION_MINERAL_TAX-base-202704,FORECAST,PUBLIC_SYNTHETIC_PLANNING_MODEL,2026-09-06T00:00:00-07:00,PAY-base-base-RWH_PS-2027-000228,2027-04-30,2027-05-02,SIMBANK-38a7a87f6b123092c6,-183249,OPERATING,RWH_PS,MODELED_BANK_CLEARING_OF_FORECAST_PAYMENT
base,RWH_PS,2027,4,base-RWH_PS-2027-000229,EV-base-base-RWH_PS-2027-000229,ROYALTY-base-202704,FORECAST,PUBLIC_SYNTHETIC_PLANNING_MODEL,2026-09-06T00:00:00-07:00,PAY-base-base-RWH_PS-2027-000229,2027-04-30,2027-05-02,SIMBANK-021eb9f34cd3a114c3,-67861,OPERATING,RWH_PS,MODELED_BANK_CLEARING_OF_FORECAST_PAYMENT
base,RWH_PS,2027,4,base-RWH_PS-2027-000230,EV-base-base-RWH_PS-2027-000230,CAPEX-base-RWH_PS-202704-replacement,FORECAST,PUBLIC_SYNTHETIC_PLANNING_MODEL,2026-09-06T00:00:00-07:00,PAY-base-base-RWH_PS-2027-000230,2027-04-30,2027-05-02,SIMBANK-cca1af6730d8d2b48e,-593333,INVESTING,RWH_PS,MODELED_BANK_CLEARING_OF_FORECAST_PAYMENT
base,RWH_PS,2027,5,base-RWH_PS-2027-000266,EV-base-base-RWH_PS-2027-000266,MINE-SALE-base-202703,FORECAST,PUBLIC_SYNTHETIC_PLANNING_MODEL,2026-09-06T00:00:00-07:00,PAY-base-base-RWH_PS-2027-000266,2027-05-31,2027-06-02,SIMBANK-0406124f89cd066a06,1696525,OPERATING,RWH_PS,MODELED_BANK_CLEARING_OF_FORECAST_PAYMENT
base,RWH_PS,2027,5,base-RWH_PS-2027-000267,EV-base-base-RWH_PS-2027-000267,MINE-SALE-base-202704,FORECAST,PUBLIC_SYNTHETIC_PLANNING_MODEL,2026-09-06T00:00:00-07:00,PAY-base-base-RWH_PS-2027-000267,2027-05-31,2027-06-02,SIMBANK-49ce986e514da58184,1696525,OPERATING,RWH_PS,MODELED_BANK_CLEARING_OF_FORECAST_PAYMENT
base,RWH_PS,2027,5,base-RWH_PS-2027-000269,EV-base-base-RWH_PS-2027-000269,EQUITY-base-RWH_PS-202705,FORECAST,PUBLIC_SYNTHETIC_PLANNING_MODEL,2026-09-06T00:00:00-07:00,PAY-base-base-RWH_PS-2027-000269,2027-05-31,2027-06-02,SIMBANK-ce04ff02e3c9218eba,309037,FINANCING,RWH_PS,MODELED_BANK_CLEARING_OF_FORECAST_PAYMENT
base,RWH_PS,2027,5,base-RWH_PS-2027-000270,EV-base-base-RWH_PS-2027-000270,IC-base-202704-acid-BST,FORECAST,PUBLIC_SYNTHETIC_PLANNING_MODEL,2026-09-06T00:00:00-07:00,PAY-base-base-RWH_PS-2027-000270,2027-05-31,2027-06-02,SIMBANK-f5c5b256927272efe9,-4845,OPERATING,RWH_PS,MODELED_BANK_CLEARING_OF_FORECAST_PAYMENT
base,RWH_PS,2027,5,base-RWH_PS-2027-000271,EV-base-base-RWH_PS-2027-000271,IC-base-202704-acid-TERMINALS,FORECAST,PUBLIC_SYNTHETIC_PLANNING_MODEL,2026-09-06T00:00:00-07:00,PAY-base-base-RWH_PS-2027-000271,2027-05-31,2027-06-02,SIMBANK-b61d61d05671c1d1ac,-3570,OPERATING,RWH_PS,MODELED_BANK_CLEARING_OF_FORECAST_PAYMENT
base,RWH_PS,2027,5,base-RWH_PS-2027-000272,EV-base-base-RWH_PS-2027-000272,IC-base-202704-acid-TRUCKING,FORECAST,PUBLIC_SYNTHETIC_PLANNING_MODEL,2026-09-06T00:00:00-07:00,PAY-base-base-RWH_PS-2027-000272,2027-05-31,2027-06-02,SIMBANK-85b49fb64d6e1a921d,-6936,OPERATING,RWH_PS,MODELED_BANK_CLEARING_OF_FORECAST_PAYMENT
base,RWH_PS,2027,5,base-RWH_PS-2027-000273,EV-base-base-RWH_PS-2027-000273,IC-base-202704-binder-BST,FORECAST,PUBLIC_SYNTHETIC_PLANNING_MODEL,2026-09-06T00:00:00-07:00,PAY-base-base-RWH_PS-2027-000273,2027-05-31,2027-06-02,SIMBANK-594c3b7ca59f0e6973,-5202,OPERATING,RWH_PS,MODELED_BANK_CLEARING_OF_FORECAST_PAYMENT
base,RWH_PS,2027,5,base-RWH_PS-2027-000274,EV-base-base-RWH_PS-2027-000274,IC-base-202704-binder-TERMINALS,FORECAST,PUBLIC_SYNTHETIC_PLANNING_MODEL,2026-09-06T00:00:00-07:00,PAY-base-base-RWH_PS-2027-000274,2027-05-31,2027-06-02,SIMBANK-6a4e144b88d37a4bdb,-2448,OPERATING,RWH_PS,MODELED_BANK_CLEARING_OF_FORECAST_PAYMENT
base,RWH_PS,2027,5,base-RWH_PS-2027-000275,EV-base-base-RWH_PS-2027-000275,IC-base-202704-binder-TRUCKING,FORECAST,PUBLIC_SYNTHETIC_PLANNING_MODEL,2026-09-06T00:00:00-07:00,PAY-base-base-RWH_PS-2027-000275,2027-05-31,2027-06-02,SIMBANK-9e7e67af2298a6da69,-6977,OPERATING,RWH_PS,MODELED_BANK_CLEARING_OF_FORECAST_PAYMENT
base,RWH_PS,2027,5,base-RWH_PS-2027-000276,EV-base-base-RWH_PS-2027-000276,IC-base-202704-lime-BST,FORECAST,PUBLIC_SYNTHETIC_PLANNING_MODEL,2026-09-06T00:00:00-07:00,PAY-base-base-RWH_PS-2027-000276,2027-05-31,2027-06-02,SIMBANK-4587a8eb899174e60f,-867,OPERATING,RWH_PS,MODELED_BANK_CLEARING_OF_FORECAST_PAYMENT
base,RWH_PS,2027,5,base-RWH_PS-2027-000277,EV-base-base-RWH_PS-2027-000277,IC-base-202704-lime-TERMINALS,FORECAST,PUBLIC_SYNTHETIC_PLANNING_MODEL,2026-09-06T00:00:00-07:00,PAY-base-base-RWH_PS-2027-000277,2027-05-31,2027-06-02,SIMBANK-f805684e3799fb35d6,-459,OPERATING,RWH_PS,MODELED_BANK_CLEARING_OF_FORECAST_PAYMENT
base,RWH_PS,2027,5,base-RWH_PS-2027-000278,EV-base-base-RWH_PS-2027-000278,IC-base-202704-lime-TRUCKING,FORECAST,PUBLIC_SYNTHETIC_PLANNING_MODEL,2026-09-06T00:00:00-07:00,PAY-base-base-RWH_PS-2027-000278,2027-05-31,2027-06-02,SIMBANK-bed894c6bf7b85198b,-1224,OPERATING,RWH_PS,MODELED_BANK_CLEARING_OF_FORECAST_PAYMENT
base,RWH_PS,2027,5,base-RWH_PS-2027-000279,EV-base-base-RWH_PS-2027-000279,IC-base-202704-mro-BST,FORECAST,PUBLIC_SYNTHETIC_PLANNING_MODEL,2026-09-06T00:00:00-07:00,PAY-base-base-RWH_PS-2027-000279,2027-05-31,2027-06-02,SIMBANK-4d742e50fddc48b154,-765,OPERATING,RWH_PS,MODELED_BANK_CLEARING_OF_FORECAST_PAYMENT
base,RWH_PS,2027,5,base-RWH_PS-2027-000280,EV-base-base-RWH_PS-2027-000280,IC-base-202704-mro-TERMINALS,FORECAST,PUBLIC_SYNTHETIC_PLANNING_MODEL,2026-09-06T00:00:00-07:00,PAY-base-base-RWH_PS-2027-000280,2027-05-31,2027-06-02,SIMBANK-81c2c12891cdf1daa8,-510,OPERATING,RWH_PS,MODELED_BANK_CLEARING_OF_FORECAST_PAYMENT
base,RWH_PS,2027,5,base-RWH_PS-2027-000281,EV-base-base-RWH_PS-2027-000281,IC-base-202704-mro-TRUCKING,FORECAST,PUBLIC_SYNTHETIC_PLANNING_MODEL,2026-09-06T00:00:00-07:00,PAY-base-base-RWH_PS-2027-000281,2027-05-31,2027-06-02,SIMBANK-b599e9c2876641b030,-663,OPERATING,RWH_PS,MODELED_BANK_CLEARING_OF_FORECAST_PAYMENT
base,RWH_PS,2027,5,base-RWH_PS-2027-000282,EV-base-base-RWH_PS-2027-000282,IC-base-202704-project-BST,FORECAST,PUBLIC_SYNTHETIC_PLANNING_MODEL,2026-09-06T00:00:00-07:00,PAY-base-base-RWH_PS-2027-000282,2027-05-31,2027-06-02,SIMBANK-5284989509b6ae50b4,-1428,OPERATING,RWH_PS,MODELED_BANK_CLEARING_OF_FORECAST_PAYMENT
base,RWH_PS,2027,5,base-RWH_PS-2027-000283,EV-base-base-RWH_PS-2027-000283,IC-base-202704-project-TERMINALS,FORECAST,PUBLIC_SYNTHETIC_PLANNING_MODEL,2026-09-06T00:00:00-07:00,PAY-base-base-RWH_PS-2027-000283,2027-05-31,2027-06-02,SIMBANK-94460d91c2aedebe4b,-1428,OPERATING,RWH_PS,MODELED_BANK_CLEARING_OF_FORECAST_PAYMENT
base,RWH_PS,2027,5,base-RWH_PS-2027-000284,EV-base-base-RWH_PS-2027-000284,IC-base-202704-project-TRUCKING,FORECAST,PUBLIC_SYNTHETIC_PLANNING_MODEL,2026-09-06T00:00:00-07:00,PAY-base-base-RWH_PS-2027-000284,2027-05-31,2027-06-02,SIMBANK-5eee36e5e8dab17a79,-1836,OPERATING,RWH_PS,MODELED_BANK_CLEARING_OF_FORECAST_PAYMENT
base,RWH_PS,2027,5,base-RWH_PS-2027-000285,EV-base-base-RWH_PS-2027-000285,IC-base-202704-steel-BST,FORECAST,PUBLIC_SYNTHETIC_PLANNING_MODEL,2026-09-06T00:00:00-07:00,PAY-base-base-RWH_PS-2027-000285,2027-05-31,2027-06-02,SIMBANK-4764648108cbea438f,-1938,OPERATING,RWH_PS,MODELED_BANK_CLEARING_OF_FORECAST_PAYMENT
base,RWH_PS,2027,5,base-RWH_PS-2027-000286,EV-base-base-RWH_PS-2027-000286,IC-base-202704-steel-TERMINALS,FORECAST,PUBLIC_SYNTHETIC_PLANNING_MODEL,2026-09-06T00:00:00-07:00,PAY-base-base-RWH_PS-2027-000286,2027-05-31,2027-06-02,SIMBANK-a1464c4b99f1a3e7df,-1326,OPERATING,RWH_PS,MODELED_BANK_CLEARING_OF_FORECAST_PAYMENT
base,RWH_PS,2027,5,base-RWH_PS-2027-000287,EV-base-base-RWH_PS-2027-000287,IC-base-202704-steel-TRUCKING,FORECAST,PUBLIC_SYNTHETIC_PLANNING_MODEL,2026-09-06T00:00:00-07:00,PAY-base-base-RWH_PS-2027-000287,2027-05-31,2027-06-02,SIMBANK-b822639241a44730e7,-2295,OPERATING,RWH_PS,MODELED_BANK_CLEARING_OF_FORECAST_PAYMENT
base,RWH_PS,2027,5,base-RWH_PS-2027-000288,EV-base-base-RWH_PS-2027-000288,MINE-PRODUCTION-base-202705,FORECAST,PUBLIC_SYNTHETIC_PLANNING_MODEL,2026-09-06T00:00:00-07:00,PAY-base-base-RWH_PS-2027-000288,2027-05-31,2027-06-02,SIMBANK-4aa699ca587acc55c7,-2474356,OPERATING,RWH_PS,MODELED_BANK_CLEARING_OF_FORECAST_PAYMENT
base,RWH_PS,2027,5,base-RWH_PS-2027-000289,EV-base-base-RWH_PS-2027-000289,MINE_FREIGHT_ASSAY-base-202705,FORECAST,PUBLIC_SYNTHETIC_PLANNING_MODEL,2026-09-06T00:00:00-07:00,PAY-base-base-RWH_PS-2027-000289,2027-05-31,2027-06-02,SIMBANK-bcee79c1bc19c9b2c2,-63407,OPERATING,RWH_PS,MODELED_BANK_CLEARING_OF_FORECAST_PAYMENT
base,RWH_PS,2027,5,base-RWH_PS-2027-000290,EV-base-base-RWH_PS-2027-000290,MINE_PLATFORM_SITE_GA-base-202705,FORECAST,PUBLIC_SYNTHETIC_PLANNING_MODEL,2026-09-06T00:00:00-07:00,PAY-base-base-RWH_PS-2027-000290,2027-05-31,2027-06-02,SIMBANK-b301efdd8b51571ced,-240333,OPERATING,RWH_PS,MODELED_BANK_CLEARING_OF_FORECAST_PAYMENT
base,RWH_PS,2027,5,base-RWH_PS-2027-000291,EV-base-base-RWH_PS-2027-000291,OUTSIDE-LOGISTICS-base-202705,FORECAST,PUBLIC_SYNTHETIC_PLANNING_MODEL,2026-09-06T00:00:00-07:00,PAY-base-base-RWH_PS-2027-000291,2027-05-31,2027-06-02,SIMBANK-9035986f18f85ee2c4,-20239,OPERATING,RWH_PS,MODELED_BANK_CLEARING_OF_FORECAST_PAYMENT
base,RWH_PS,2027,5,base-RWH_PS-2027-000292,EV-base-base-RWH_PS-2027-000292,PRODUCTION_MINERAL_TAX-base-202705,FORECAST,PUBLIC_SYNTHETIC_PLANNING_MODEL,2026-09-06T00:00:00-07:00,PAY-base-base-RWH_PS-2027-000292,2027-05-31,2027-06-02,SIMBANK-d381665767fc178e9b,-189358,OPERATING,RWH_PS,MODELED_BANK_CLEARING_OF_FORECAST_PAYMENT
base,RWH_PS,2027,5,base-RWH_PS-2027-000293,EV-base-base-RWH_PS-2027-000293,ROYALTY-base-202705,FORECAST,PUBLIC_SYNTHETIC_PLANNING_MODEL,2026-09-06T00:00:00-07:00,PAY-base-base-RWH_PS-2027-000293,2027-05-31,2027-06-02,SIMBANK-af22be719312233174,-76344,OPERATING,RWH_PS,MODELED_BANK_CLEARING_OF_FORECAST_PAYMENT
base,RWH_PS,2027,5,base-RWH_PS-2027-000294,EV-base-base-RWH_PS-2027-000294,CAPEX-base-RWH_PS-202705-replacement,FORECAST,PUBLIC_SYNTHETIC_PLANNING_MODEL,2026-09-06T00:00:00-07:00,PAY-base-base-RWH_PS-2027-000294,2027-05-31,2027-06-02,SIMBANK-179fd6ff998e789f22,-593333,INVESTING,RWH_PS,MODELED_BANK_CLEARING_OF_FORECAST_PAYMENT
base,RWH_PS,2027,6,base-RWH_PS-2027-000331,EV-base-base-RWH_PS-2027-000331,MINE-SALE-base-202704,FORECAST,PUBLIC_SYNTHETIC_PLANNING_MODEL,2026-09-06T00:00:00-07:00,PAY-base-base-RWH_PS-2027-000331,2027-06-30,2027-07-02,SIMBANK-3e57ce0cc33e0e2d65,1696525,OPERATING,RWH_PS,MODELED_BANK_CLEARING_OF_FORECAST_PAYMENT
base,RWH_PS,2027,6,base-RWH_PS-2027-000332,EV-base-base-RWH_PS-2027-000332,MINE-SALE-base-202705,FORECAST,PUBLIC_SYNTHETIC_PLANNING_MODEL,2026-09-06T00:00:00-07:00,PAY-base-base-RWH_PS-2027-000332,2027-06-30,2027-07-02,SIMBANK-86faf8edf702592d1f,1908591,OPERATING,RWH_PS,MODELED_BANK_CLEARING_OF_FORECAST_PAYMENT
base,RWH_PS,2027,6,base-RWH_PS-2027-000334,EV-base-base-RWH_PS-2027-000334,EQUITY-base-RWH_PS-202706,FORECAST,PUBLIC_SYNTHETIC_PLANNING_MODEL,2026-09-06T00:00:00-07:00,PAY-base-base-RWH_PS-2027-000334,2027-06-30,2027-07-02,SIMBANK-d471d966861c2e9da1,82580,FINANCING,RWH_PS,MODELED_BANK_CLEARING_OF_FORECAST_PAYMENT
base,RWH_PS,2027,6,base-RWH_PS-2027-000335,EV-base-base-RWH_PS-2027-000335,TAX-CASH-202706,FORECAST,PUBLIC_SYNTHETIC_PLANNING_MODEL,2026-09-06T00:00:00-07:00,PAY-base-base-RWH_PS-2027-000335,2027-06-30,2027-07-02,SIMBANK-8cac66ada7c67fcf27,-48464,OPERATING,RWH_PS,MODELED_BANK_CLEARING_OF_FORECAST_PAYMENT
base,RWH_PS,2027,6,base-RWH_PS-2027-000336,EV-base-base-RWH_PS-2027-000336,IC-base-202705-acid-BST,FORECAST,PUBLIC_SYNTHETIC_PLANNING_MODEL,2026-09-06T00:00:00-07:00,PAY-base-base-RWH_PS-2027-000336,2027-06-30,2027-07-02,SIMBANK-59ec74bfae53cf0529,-3876,OPERATING,RWH_PS,MODELED_BANK_CLEARING_OF_FORECAST_PAYMENT
base,RWH_PS,2027,6,base-RWH_PS-2027-000337,EV-base-base-RWH_PS-2027-000337,IC-base-202705-acid-TERMINALS,FORECAST,PUBLIC_SYNTHETIC_PLANNING_MODEL,2026-09-06T00:00:00-07:00,PAY-base-base-RWH_PS-2027-000337,2027-06-30,2027-07-02,SIMBANK-41c289fe626f23a5c1,-2856,OPERATING,RWH_PS,MODELED_BANK_CLEARING_OF_FORECAST_PAYMENT
base,RWH_PS,2027,6,base-RWH_PS-2027-000338,EV-base-base-RWH_PS-2027-000338,IC-base-202705-acid-TRUCKING,FORECAST,PUBLIC_SYNTHETIC_PLANNING_MODEL,2026-09-06T00:00:00-07:00,PAY-base-base-RWH_PS-2027-000338,2027-06-30,2027-07-02,SIMBANK-c3887cdde49f0904f7,-5549,OPERATING,RWH_PS,MODELED_BANK_CLEARING_OF_FORECAST_PAYMENT
base,RWH_PS,2027,6,base-RWH_PS-2027-000339,EV-base-base-RWH_PS-2027-000339,IC-base-202705-binder-BST,FORECAST,PUBLIC_SYNTHETIC_PLANNING_MODEL,2026-09-06T00:00:00-07:00,PAY-base-base-RWH_PS-2027-000339,2027-06-30,2027-07-02,SIMBANK-038473d11db3e698a7,-4335,OPERATING,RWH_PS,MODELED_BANK_CLEARING_OF_FORECAST_PAYMENT
base,RWH_PS,2027,6,base-RWH_PS-2027-000340,EV-base-base-RWH_PS-2027-000340,IC-base-202705-binder-TERMINALS,FORECAST,PUBLIC_SYNTHETIC_PLANNING_MODEL,2026-09-06T00:00:00-07:00,PAY-base-base-RWH_PS-2027-000340,2027-06-30,2027-07-02,SIMBANK-c700088bb2d4033055,-2040,OPERATING,RWH_PS,MODELED_BANK_CLEARING_OF_FORECAST_PAYMENT
base,RWH_PS,2027,6,base-RWH_PS-2027-000341,EV-base-base-RWH_PS-2027-000341,IC-base-202705-binder-TRUCKING,FORECAST,PUBLIC_SYNTHETIC_PLANNING_MODEL,2026-09-06T00:00:00-07:00,PAY-base-base-RWH_PS-2027-000341,2027-06-30,2027-07-02,SIMBANK-5162f17145f7ac97e9,-5814,OPERATING,RWH_PS,MODELED_BANK_CLEARING_OF_FORECAST_PAYMENT
base,RWH_PS,2027,6,base-RWH_PS-2027-000342,EV-base-base-RWH_PS-2027-000342,IC-base-202705-lime-BST,FORECAST,PUBLIC_SYNTHETIC_PLANNING_MODEL,2026-09-06T00:00:00-07:00,PAY-base-base-RWH_PS-2027-000342,2027-06-30,2027-07-02,SIMBANK-0dc9fc777e5d3b8953,-867,OPERATING,RWH_PS,MODELED_BANK_CLEARING_OF_FORECAST_PAYMENT
base,RWH_PS,2027,6,base-RWH_PS-2027-000343,EV-base-base-RWH_PS-2027-000343,IC-base-202705-lime-TERMINALS,FORECAST,PUBLIC_SYNTHETIC_PLANNING_MODEL,2026-09-06T00:00:00-07:00,PAY-base-base-RWH_PS-2027-000343,2027-06-30,2027-07-02,SIMBANK-645ff0ee14e0539d89,-459,OPERATING,RWH_PS,MODELED_BANK_CLEARING_OF_FORECAST_PAYMENT
base,RWH_PS,2027,6,base-RWH_PS-2027-000344,EV-base-base-RWH_PS-2027-000344,IC-base-202705-lime-TRUCKING,FORECAST,PUBLIC_SYNTHETIC_PLANNING_MODEL,2026-09-06T00:00:00-07:00,PAY-base-base-RWH_PS-2027-000344,2027-06-30,2027-07-02,SIMBANK-7361befb093794c148,-1224,OPERATING,RWH_PS,MODELED_BANK_CLEARING_OF_FORECAST_PAYMENT
base,RWH_PS,2027,6,base-RWH_PS-2027-000345,EV-base-base-RWH_PS-2027-000345,IC-base-202705-mro-BST,FORECAST,PUBLIC_SYNTHETIC_PLANNING_MODEL,2026-09-06T00:00:00-07:00,PAY-base-base-RWH_PS-2027-000345,2027-06-30,2027-07-02,SIMBANK-06d51839eccf7dbd26,-765,OPERATING,RWH_PS,MODELED_BANK_CLEARING_OF_FORECAST_PAYMENT
base,RWH_PS,2027,6,base-RWH_PS-2027-000346,EV-base-base-RWH_PS-2027-000346,IC-base-202705-mro-TERMINALS,FORECAST,PUBLIC_SYNTHETIC_PLANNING_MODEL,2026-09-06T00:00:00-07:00,PAY-base-base-RWH_PS-2027-000346,2027-06-30,2027-07-02,SIMBANK-f33ef0963dd97f4d46,-510,OPERATING,RWH_PS,MODELED_BANK_CLEARING_OF_FORECAST_PAYMENT
base,RWH_PS,2027,6,base-RWH_PS-2027-000347,EV-base-base-RWH_PS-2027-000347,IC-base-202705-mro-TRUCKING,FORECAST,PUBLIC_SYNTHETIC_PLANNING_MODEL,2026-09-06T00:00:00-07:00,PAY-base-base-RWH_PS-2027-000347,2027-06-30,2027-07-02,SIMBANK-07e6d5e3f79cab9423,-663,OPERATING,RWH_PS,MODELED_BANK_CLEARING_OF_FORECAST_PAYMENT
base,RWH_PS,2027,6,base-RWH_PS-2027-000348,EV-base-base-RWH_PS-2027-000348,IC-base-202705-project-BST,FORECAST,PUBLIC_SYNTHETIC_PLANNING_MODEL,2026-09-06T00:00:00-07:00,PAY-base-base-RWH_PS-2027-000348,2027-06-30,2027-07-02,SIMBANK-b609aaf939cee526f9,-1428,OPERATING,RWH_PS,MODELED_BANK_CLEARING_OF_FORECAST_PAYMENT
base,RWH_PS,2027,6,base-RWH_PS-2027-000349,EV-base-base-RWH_PS-2027-000349,IC-base-202705-project-TERMINALS,FORECAST,PUBLIC_SYNTHETIC_PLANNING_MODEL,2026-09-06T00:00:00-07:00,PAY-base-base-RWH_PS-2027-000349,2027-06-30,2027-07-02,SIMBANK-4dd1afb0f8bbb421b3,-1428,OPERATING,RWH_PS,MODELED_BANK_CLEARING_OF_FORECAST_PAYMENT
base,RWH_PS,2027,6,base-RWH_PS-2027-000350,EV-base-base-RWH_PS-2027-000350,IC-base-202705-project-TRUCKING,FORECAST,PUBLIC_SYNTHETIC_PLANNING_MODEL,2026-09-06T00:00:00-07:00,PAY-base-base-RWH_PS-2027-000350,2027-06-30,2027-07-02,SIMBANK-92aa38fe27db77b7c1,-1836,OPERATING,RWH_PS,MODELED_BANK_CLEARING_OF_FORECAST_PAYMENT
base,RWH_PS,2027,6,base-RWH_PS-2027-000351,EV-base-base-RWH_PS-2027-000351,IC-base-202705-steel-BST,FORECAST,PUBLIC_SYNTHETIC_PLANNING_MODEL,2026-09-06T00:00:00-07:00,PAY-base-base-RWH_PS-2027-000351,2027-06-30,2027-07-02,SIMBANK-0d06aae585d3fee52b,-1938,OPERATING,RWH_PS,MODELED_BANK_CLEARING_OF_FORECAST_PAYMENT
base,RWH_PS,2027,6,base-RWH_PS-2027-000352,EV-base-base-RWH_PS-2027-000352,IC-base-202705-steel-TERMINALS,FORECAST,PUBLIC_SYNTHETIC_PLANNING_MODEL,2026-09-06T00:00:00-07:00,PAY-base-base-RWH_PS-2027-000352,2027-06-30,2027-07-02,SIMBANK-ab40ec2e1964102215,-1326,OPERATING,RWH_PS,MODELED_BANK_CLEARING_OF_FORECAST_PAYMENT
base,RWH_PS,2027,6,base-RWH_PS-2027-000353,EV-base-base-RWH_PS-2027-000353,IC-base-202705-steel-TRUCKING,FORECAST,PUBLIC_SYNTHETIC_PLANNING_MODEL,2026-09-06T00:00:00-07:00,PAY-base-base-RWH_PS-2027-000353,2027-06-30,2027-07-02,SIMBANK-6a5e9f376e06a37a35,-2295,OPERATING,RWH_PS,MODELED_BANK_CLEARING_OF_FORECAST_PAYMENT
base,RWH_PS,2027,6,base-RWH_PS-2027-000354,EV-base-base-RWH_PS-2027-000354,MINE-PRODUCTION-base-202706,FORECAST,PUBLIC_SYNTHETIC_PLANNING_MODEL,2026-09-06T00:00:00-07:00,PAY-base-base-RWH_PS-2027-000354,2027-06-30,2027-07-02,SIMBANK-371015b19fc23a389a,-2421624,OPERATING,RWH_PS,MODELED_BANK_CLEARING_OF_FORECAST_PAYMENT
base,RWH_PS,2027,6,base-RWH_PS-2027-000355,EV-base-base-RWH_PS-2027-000355,MINE_FREIGHT_ASSAY-base-202706,FORECAST,PUBLIC_SYNTHETIC_PLANNING_MODEL,2026-09-06T00:00:00-07:00,PAY-base-base-RWH_PS-2027-000355,2027-06-30,2027-07-02,SIMBANK-8b85ef7fad71246d8f,-63407,OPERATING,RWH_PS,MODELED_BANK_CLEARING_OF_FORECAST_PAYMENT
base,RWH_PS,2027,6,base-RWH_PS-2027-000356,EV-base-base-RWH_PS-2027-000356,MINE_PLATFORM_SITE_GA-base-202706,FORECAST,PUBLIC_SYNTHETIC_PLANNING_MODEL,2026-09-06T00:00:00-07:00,PAY-base-base-RWH_PS-2027-000356,2027-06-30,2027-07-02,SIMBANK-df1acf315742083d45,-240333,OPERATING,RWH_PS,MODELED_BANK_CLEARING_OF_FORECAST_PAYMENT
base,RWH_PS,2027,6,base-RWH_PS-2027-000357,EV-base-base-RWH_PS-2027-000357,OUTSIDE-LOGISTICS-base-202706,FORECAST,PUBLIC_SYNTHETIC_PLANNING_MODEL,2026-09-06T00:00:00-07:00,PAY-base-base-RWH_PS-2027-000357,2027-06-30,2027-07-02,SIMBANK-6bd16af7a8f60a36c7,-21733,OPERATING,RWH_PS,MODELED_BANK_CLEARING_OF_FORECAST_PAYMENT
base,RWH_PS,2027,6,base-RWH_PS-2027-000358,EV-base-base-RWH_PS-2027-000358,PRODUCTION_MINERAL_TAX-base-202706,FORECAST,PUBLIC_SYNTHETIC_PLANNING_MODEL,2026-09-06T00:00:00-07:00,PAY-base-base-RWH_PS-2027-000358,2027-06-30,2027-07-02,SIMBANK-b876d792d3966a7261,-183249,OPERATING,RWH_PS,MODELED_BANK_CLEARING_OF_FORECAST_PAYMENT
base,RWH_PS,2027,6,base-RWH_PS-2027-000359,EV-base-base-RWH_PS-2027-000359,ROYALTY-base-202706,FORECAST,PUBLIC_SYNTHETIC_PLANNING_MODEL,2026-09-06T00:00:00-07:00,PAY-base-base-RWH_PS-2027-000359,2027-06-30,2027-07-02,SIMBANK-43db2b290ff5b8be67,-76344,OPERATING,RWH_PS,MODELED_BANK_CLEARING_OF_FORECAST_PAYMENT
base,RWH_PS,2027,6,base-RWH_PS-2027-000360,EV-base-base-RWH_PS-2027-000360,CAPEX-base-RWH_PS-202706-replacement,FORECAST,PUBLIC_SYNTHETIC_PLANNING_MODEL,2026-09-06T00:00:00-07:00,PAY-base-base-RWH_PS-2027-000360,2027-06-30,2027-07-02,SIMBANK-577fd26436ccd51810,-593333,INVESTING,RWH_PS,MODELED_BANK_CLEARING_OF_FORECAST_PAYMENT
base,RWH_PS,2027,7,base-RWH_PS-2027-000398,EV-base-base-RWH_PS-2027-000398,MINE-SALE-base-202705,FORECAST,PUBLIC_SYNTHETIC_PLANNING_MODEL,2026-09-06T00:00:00-07:00,PAY-base-base-RWH_PS-2027-000398,2027-07-31,2027-08-02,SIMBANK-06073a90672947a368,1908591,OPERATING,RWH_PS,MODELED_BANK_CLEARING_OF_FORECAST_PAYMENT
base,RWH_PS,2027,7,base-RWH_PS-2027-000399,EV-base-base-RWH_PS-2027-000399,MINE-SALE-base-202706,FORECAST,PUBLIC_SYNTHETIC_PLANNING_MODEL,2026-09-06T00:00:00-07:00,PAY-base-base-RWH_PS-2027-000399,2027-07-31,2027-08-02,SIMBANK-9cc71a25e168e43f7e,1908591,OPERATING,RWH_PS,MODELED_BANK_CLEARING_OF_FORECAST_PAYMENT
base,RWH_PS,2027,7,base-RWH_PS-2027-000402,EV-base-base-RWH_PS-2027-000402,IC-base-202706-acid-BST,FORECAST,PUBLIC_SYNTHETIC_PLANNING_MODEL,2026-09-06T00:00:00-07:00,PAY-base-base-RWH_PS-2027-000402,2027-07-31,2027-08-02,SIMBANK-d29f2b167b9635988a,-4845,OPERATING,RWH_PS,MODELED_BANK_CLEARING_OF_FORECAST_PAYMENT
base,RWH_PS,2027,7,base-RWH_PS-2027-000403,EV-base-base-RWH_PS-2027-000403,IC-base-202706-acid-TERMINALS,FORECAST,PUBLIC_SYNTHETIC_PLANNING_MODEL,2026-09-06T00:00:00-07:00,PAY-base-base-RWH_PS-2027-000403,2027-07-31,2027-08-02,SIMBANK-427b56ca6961b8c4de,-3570,OPERATING,RWH_PS,MODELED_BANK_CLEARING_OF_FORECAST_PAYMENT
base,RWH_PS,2027,7,base-RWH_PS-2027-000404,EV-base-base-RWH_PS-2027-000404,IC-base-202706-acid-TRUCKING,FORECAST,PUBLIC_SYNTHETIC_PLANNING_MODEL,2026-09-06T00:00:00-07:00,PAY-base-base-RWH_PS-2027-000404,2027-07-31,2027-08-02,SIMBANK-cd560c70c380798fcb,-6936,OPERATING,RWH_PS,MODELED_BANK_CLEARING_OF_FORECAST_PAYMENT
base,RWH_PS,2027,7,base-RWH_PS-2027-000405,EV-base-base-RWH_PS-2027-000405,IC-base-202706-binder-BST,FORECAST,PUBLIC_SYNTHETIC_PLANNING_MODEL,2026-09-06T00:00:00-07:00,PAY-base-base-RWH_PS-2027-000405,2027-07-31,2027-08-02,SIMBANK-276b389987a987c8c8,-4335,OPERATING,RWH_PS,MODELED_BANK_CLEARING_OF_FORECAST_PAYMENT
base,RWH_PS,2027,7,base-RWH_PS-2027-000406,EV-base-base-RWH_PS-2027-000406,IC-base-202706-binder-TERMINALS,FORECAST,PUBLIC_SYNTHETIC_PLANNING_MODEL,2026-09-06T00:00:00-07:00,PAY-base-base-RWH_PS-2027-000406,2027-07-31,2027-08-02,SIMBANK-dc13769c03975167fe,-2040,OPERATING,RWH_PS,MODELED_BANK_CLEARING_OF_FORECAST_PAYMENT
base,RWH_PS,2027,7,base-RWH_PS-2027-000407,EV-base-base-RWH_PS-2027-000407,IC-base-202706-binder-TRUCKING,FORECAST,PUBLIC_SYNTHETIC_PLANNING_MODEL,2026-09-06T00:00:00-07:00,PAY-base-base-RWH_PS-2027-000407,2027-07-31,2027-08-02,SIMBANK-81a887e64f361c5ee1,-5814,OPERATING,RWH_PS,MODELED_BANK_CLEARING_OF_FORECAST_PAYMENT
base,RWH_PS,2027,7,base-RWH_PS-2027-000408,EV-base-base-RWH_PS-2027-000408,IC-base-202706-lime-BST,FORECAST,PUBLIC_SYNTHETIC_PLANNING_MODEL,2026-09-06T00:00:00-07:00,PAY-base-base-RWH_PS-2027-000408,2027-07-31,2027-08-02,SIMBANK-3a3bdb36f78cd8a07e,-867,OPERATING,RWH_PS,MODELED_BANK_CLEARING_OF_FORECAST_PAYMENT
base,RWH_PS,2027,7,base-RWH_PS-2027-000409,EV-base-base-RWH_PS-2027-000409,IC-base-202706-lime-TERMINALS,FORECAST,PUBLIC_SYNTHETIC_PLANNING_MODEL,2026-09-06T00:00:00-07:00,PAY-base-base-RWH_PS-2027-000409,2027-07-31,2027-08-02,SIMBANK-1f65da3c3c006ce4bf,-459,OPERATING,RWH_PS,MODELED_BANK_CLEARING_OF_FORECAST_PAYMENT
base,RWH_PS,2027,7,base-RWH_PS-2027-000410,EV-base-base-RWH_PS-2027-000410,IC-base-202706-lime-TRUCKING,FORECAST,PUBLIC_SYNTHETIC_PLANNING_MODEL,2026-09-06T00:00:00-07:00,PAY-base-base-RWH_PS-2027-000410,2027-07-31,2027-08-02,SIMBANK-4b2c1c5aa5ccec4c1d,-1224,OPERATING,RWH_PS,MODELED_BANK_CLEARING_OF_FORECAST_PAYMENT
base,RWH_PS,2027,7,base-RWH_PS-2027-000411,EV-base-base-RWH_PS-2027-000411,IC-base-202706-mro-BST,FORECAST,PUBLIC_SYNTHETIC_PLANNING_MODEL,2026-09-06T00:00:00-07:00,PAY-base-base-RWH_PS-2027-000411,2027-07-31,2027-08-02,SIMBANK-8e04c7223b72204714,-765,OPERATING,RWH_PS,MODELED_BANK_CLEARING_OF_FORECAST_PAYMENT
base,RWH_PS,2027,7,base-RWH_PS-2027-000412,EV-base-base-RWH_PS-2027-000412,IC-base-202706-mro-TERMINALS,FORECAST,PUBLIC_SYNTHETIC_PLANNING_MODEL,2026-09-06T00:00:00-07:00,PAY-base-base-RWH_PS-2027-000412,2027-07-31,2027-08-02,SIMBANK-cb5d76989278021fe7,-510,OPERATING,RWH_PS,MODELED_BANK_CLEARING_OF_FORECAST_PAYMENT
base,RWH_PS,2027,7,base-RWH_PS-2027-000413,EV-base-base-RWH_PS-2027-000413,IC-base-202706-mro-TRUCKING,FORECAST,PUBLIC_SYNTHETIC_PLANNING_MODEL,2026-09-06T00:00:00-07:00,PAY-base-base-RWH_PS-2027-000413,2027-07-31,2027-08-02,SIMBANK-5bb764f44c50dfd4a2,-663,OPERATING,RWH_PS,MODELED_BANK_CLEARING_OF_FORECAST_PAYMENT
base,RWH_PS,2027,7,base-RWH_PS-2027-000414,EV-base-base-RWH_PS-2027-000414,IC-base-202706-project-BST,FORECAST,PUBLIC_SYNTHETIC_PLANNING_MODEL,2026-09-06T00:00:00-07:00,PAY-base-base-RWH_PS-2027-000414,2027-07-31,2027-08-02,SIMBANK-df4b667618da2fdd32,-1428,OPERATING,RWH_PS,MODELED_BANK_CLEARING_OF_FORECAST_PAYMENT
base,RWH_PS,2027,7,base-RWH_PS-2027-000415,EV-base-base-RWH_PS-2027-000415,IC-base-202706-project-TERMINALS,FORECAST,PUBLIC_SYNTHETIC_PLANNING_MODEL,2026-09-06T00:00:00-07:00,PAY-base-base-RWH_PS-2027-000415,2027-07-31,2027-08-02,SIMBANK-dad54ceafabe3761ee,-1428,OPERATING,RWH_PS,MODELED_BANK_CLEARING_OF_FORECAST_PAYMENT
base,RWH_PS,2027,7,base-RWH_PS-2027-000416,EV-base-base-RWH_PS-2027-000416,IC-base-202706-project-TRUCKING,FORECAST,PUBLIC_SYNTHETIC_PLANNING_MODEL,2026-09-06T00:00:00-07:00,PAY-base-base-RWH_PS-2027-000416,2027-07-31,2027-08-02,SIMBANK-7c8069f1b6b4b3ac98,-1836,OPERATING,RWH_PS,MODELED_BANK_CLEARING_OF_FORECAST_PAYMENT
base,RWH_PS,2027,7,base-RWH_PS-2027-000417,EV-base-base-RWH_PS-2027-000417,IC-base-202706-steel-BST,FORECAST,PUBLIC_SYNTHETIC_PLANNING_MODEL,2026-09-06T00:00:00-07:00,PAY-base-base-RWH_PS-2027-000417,2027-07-31,2027-08-02,SIMBANK-b5573d0508c3087bf9,-1938,OPERATING,RWH_PS,MODELED_BANK_CLEARING_OF_FORECAST_PAYMENT
base,RWH_PS,2027,7,base-RWH_PS-2027-000418,EV-base-base-RWH_PS-2027-000418,IC-base-202706-steel-TERMINALS,FORECAST,PUBLIC_SYNTHETIC_PLANNING_MODEL,2026-09-06T00:00:00-07:00,PAY-base-base-RWH_PS-2027-000418,2027-07-31,2027-08-02,SIMBANK-3ff0866aabf08f5b5b,-1326,OPERATING,RWH_PS,MODELED_BANK_CLEARING_OF_FORECAST_PAYMENT
base,RWH_PS,2027,7,base-RWH_PS-2027-000419,EV-base-base-RWH_PS-2027-000419,IC-base-202706-steel-TRUCKING,FORECAST,PUBLIC_SYNTHETIC_PLANNING_MODEL,2026-09-06T00:00:00-07:00,PAY-base-base-RWH_PS-2027-000419,2027-07-31,2027-08-02,SIMBANK-6e22750c67598c52a4,-2295,OPERATING,RWH_PS,MODELED_BANK_CLEARING_OF_FORECAST_PAYMENT
base,RWH_PS,2027,7,base-RWH_PS-2027-000420,EV-base-base-RWH_PS-2027-000420,MINE-PRODUCTION-base-202707,FORECAST,PUBLIC_SYNTHETIC_PLANNING_MODEL,2026-09-06T00:00:00-07:00,PAY-base-base-RWH_PS-2027-000420,2027-07-31,2027-08-02,SIMBANK-09681278870f4dabd7,-2474356,OPERATING,RWH_PS,MODELED_BANK_CLEARING_OF_FORECAST_PAYMENT
base,RWH_PS,2027,7,base-RWH_PS-2027-000421,EV-base-base-RWH_PS-2027-000421,MINE_FREIGHT_ASSAY-base-202707,FORECAST,PUBLIC_SYNTHETIC_PLANNING_MODEL,2026-09-06T00:00:00-07:00,PAY-base-base-RWH_PS-2027-000421,2027-07-31,2027-08-02,SIMBANK-0a4fb930f82b57b2c9,-63407,OPERATING,RWH_PS,MODELED_BANK_CLEARING_OF_FORECAST_PAYMENT
base,RWH_PS,2027,7,base-RWH_PS-2027-000422,EV-base-base-RWH_PS-2027-000422,MINE_PLATFORM_SITE_GA-base-202707,FORECAST,PUBLIC_SYNTHETIC_PLANNING_MODEL,2026-09-06T00:00:00-07:00,PAY-base-base-RWH_PS-2027-000422,2027-07-31,2027-08-02,SIMBANK-0226b60ccf485cbfa6,-240333,OPERATING,RWH_PS,MODELED_BANK_CLEARING_OF_FORECAST_PAYMENT
base,RWH_PS,2027,7,base-RWH_PS-2027-000423,EV-base-base-RWH_PS-2027-000423,OUTSIDE-LOGISTICS-base-202707,FORECAST,PUBLIC_SYNTHETIC_PLANNING_MODEL,2026-09-06T00:00:00-07:00,PAY-base-base-RWH_PS-2027-000423,2027-07-31,2027-08-02,SIMBANK-457db88bbfd14cc4cb,-21527,OPERATING,RWH_PS,MODELED_BANK_CLEARING_OF_FORECAST_PAYMENT
base,RWH_PS,2027,7,base-RWH_PS-2027-000424,EV-base-base-RWH_PS-2027-000424,PRODUCTION_MINERAL_TAX-base-202707,FORECAST,PUBLIC_SYNTHETIC_PLANNING_MODEL,2026-09-06T00:00:00-07:00,PAY-base-base-RWH_PS-2027-000424,2027-07-31,2027-08-02,SIMBANK-194a0cc3b9958b1272,-189358,OPERATING,RWH_PS,MODELED_BANK_CLEARING_OF_FORECAST_PAYMENT
base,RWH_PS,2027,7,base-RWH_PS-2027-000425,EV-base-base-RWH_PS-2027-000425,ROYALTY-base-202707,FORECAST,PUBLIC_SYNTHETIC_PLANNING_MODEL,2026-09-06T00:00:00-07:00,PAY-base-base-RWH_PS-2027-000425,2027-07-31,2027-08-02,SIMBANK-865c77ade289a38160,-76344,OPERATING,RWH_PS,MODELED_BANK_CLEARING_OF_FORECAST_PAYMENT
base,RWH_PS,2027,7,base-RWH_PS-2027-000426,EV-base-base-RWH_PS-2027-000426,CAPEX-base-RWH_PS-202707-replacement,FORECAST,PUBLIC_SYNTHETIC_PLANNING_MODEL,2026-09-06T00:00:00-07:00,PAY-base-base-RWH_PS-2027-000426,2027-07-31,2027-08-02,SIMBANK-5f0435ada742a1af2f,-593333,INVESTING,RWH_PS,MODELED_BANK_CLEARING_OF_FORECAST_PAYMENT
base,RWH_PS,2027,8,base-RWH_PS-2027-000465,EV-base-base-RWH_PS-2027-000465,MINE-SALE-base-202706,FORECAST,PUBLIC_SYNTHETIC_PLANNING_MODEL,2026-09-06T00:00:00-07:00,PAY-base-base-RWH_PS-2027-000465,2027-08-31,2027-09-02,SIMBANK-7c6e5021f829e37337,1908591,OPERATING,RWH_PS,MODELED_BANK_CLEARING_OF_FORECAST_PAYMENT
base,RWH_PS,2027,8,base-RWH_PS-2027-000466,EV-base-base-RWH_PS-2027-000466,MINE-SALE-base-202707,FORECAST,PUBLIC_SYNTHETIC_PLANNING_MODEL,2026-09-06T00:00:00-07:00,PAY-base-base-RWH_PS-2027-000466,2027-08-31,2027-09-02,SIMBANK-0cf271058f64201368,1908591,OPERATING,RWH_PS,MODELED_BANK_CLEARING_OF_FORECAST_PAYMENT
base,RWH_PS,2027,8,base-RWH_PS-2027-000469,EV-base-base-RWH_PS-2027-000469,IC-base-202707-acid-BST,FORECAST,PUBLIC_SYNTHETIC_PLANNING_MODEL,2026-09-06T00:00:00-07:00,PAY-base-base-RWH_PS-2027-000469,2027-08-31,2027-09-02,SIMBANK-fe70b7d1682e59dd15,-3876,OPERATING,RWH_PS,MODELED_BANK_CLEARING_OF_FORECAST_PAYMENT
base,RWH_PS,2027,8,base-RWH_PS-2027-000470,EV-base-base-RWH_PS-2027-000470,IC-base-202707-acid-TERMINALS,FORECAST,PUBLIC_SYNTHETIC_PLANNING_MODEL,2026-09-06T00:00:00-07:00,PAY-base-base-RWH_PS-2027-000470,2027-08-31,2027-09-02,SIMBANK-a6f0771db72b8eb3a3,-2856,OPERATING,RWH_PS,MODELED_BANK_CLEARING_OF_FORECAST_PAYMENT
base,RWH_PS,2027,8,base-RWH_PS-2027-000471,EV-base-base-RWH_PS-2027-000471,IC-base-202707-acid-TRUCKING,FORECAST,PUBLIC_SYNTHETIC_PLANNING_MODEL,2026-09-06T00:00:00-07:00,PAY-base-base-RWH_PS-2027-000471,2027-08-31,2027-09-02,SIMBANK-5cc74a85d2b71768aa,-5549,OPERATING,RWH_PS,MODELED_BANK_CLEARING_OF_FORECAST_PAYMENT
base,RWH_PS,2027,8,base-RWH_PS-2027-000472,EV-base-base-RWH_PS-2027-000472,IC-base-202707-binder-BST,FORECAST,PUBLIC_SYNTHETIC_PLANNING_MODEL,2026-09-06T00:00:00-07:00,PAY-base-base-RWH_PS-2027-000472,2027-08-31,2027-09-02,SIMBANK-460fba52cf978613fa,-5202,OPERATING,RWH_PS,MODELED_BANK_CLEARING_OF_FORECAST_PAYMENT
base,RWH_PS,2027,8,base-RWH_PS-2027-000473,EV-base-base-RWH_PS-2027-000473,IC-base-202707-binder-TERMINALS,FORECAST,PUBLIC_SYNTHETIC_PLANNING_MODEL,2026-09-06T00:00:00-07:00,PAY-base-base-RWH_PS-2027-000473,2027-08-31,2027-09-02,SIMBANK-dcb1997ff949130314,-2448,OPERATING,RWH_PS,MODELED_BANK_CLEARING_OF_FORECAST_PAYMENT
base,RWH_PS,2027,8,base-RWH_PS-2027-000474,EV-base-base-RWH_PS-2027-000474,IC-base-202707-binder-TRUCKING,FORECAST,PUBLIC_SYNTHETIC_PLANNING_MODEL,2026-09-06T00:00:00-07:00,PAY-base-base-RWH_PS-2027-000474,2027-08-31,2027-09-02,SIMBANK-f2c7411ca6dbec248d,-6977,OPERATING,RWH_PS,MODELED_BANK_CLEARING_OF_FORECAST_PAYMENT
base,RWH_PS,2027,8,base-RWH_PS-2027-000475,EV-base-base-RWH_PS-2027-000475,IC-base-202707-lime-BST,FORECAST,PUBLIC_SYNTHETIC_PLANNING_MODEL,2026-09-06T00:00:00-07:00,PAY-base-base-RWH_PS-2027-000475,2027-08-31,2027-09-02,SIMBANK-aded4d203d47d5d508,-867,OPERATING,RWH_PS,MODELED_BANK_CLEARING_OF_FORECAST_PAYMENT
base,RWH_PS,2027,8,base-RWH_PS-2027-000476,EV-base-base-RWH_PS-2027-000476,IC-base-202707-lime-TERMINALS,FORECAST,PUBLIC_SYNTHETIC_PLANNING_MODEL,2026-09-06T00:00:00-07:00,PAY-base-base-RWH_PS-2027-000476,2027-08-31,2027-09-02,SIMBANK-465d0ecddce698c824,-459,OPERATING,RWH_PS,MODELED_BANK_CLEARING_OF_FORECAST_PAYMENT
base,RWH_PS,2027,8,base-RWH_PS-2027-000477,EV-base-base-RWH_PS-2027-000477,IC-base-202707-lime-TRUCKING,FORECAST,PUBLIC_SYNTHETIC_PLANNING_MODEL,2026-09-06T00:00:00-07:00,PAY-base-base-RWH_PS-2027-000477,2027-08-31,2027-09-02,SIMBANK-6897bb4af21085cff0,-1224,OPERATING,RWH_PS,MODELED_BANK_CLEARING_OF_FORECAST_PAYMENT
base,RWH_PS,2027,8,base-RWH_PS-2027-000478,EV-base-base-RWH_PS-2027-000478,IC-base-202707-mro-BST,FORECAST,PUBLIC_SYNTHETIC_PLANNING_MODEL,2026-09-06T00:00:00-07:00,PAY-base-base-RWH_PS-2027-000478,2027-08-31,2027-09-02,SIMBANK-202a9c028a529ee453,-765,OPERATING,RWH_PS,MODELED_BANK_CLEARING_OF_FORECAST_PAYMENT
base,RWH_PS,2027,8,base-RWH_PS-2027-000479,EV-base-base-RWH_PS-2027-000479,IC-base-202707-mro-TERMINALS,FORECAST,PUBLIC_SYNTHETIC_PLANNING_MODEL,2026-09-06T00:00:00-07:00,PAY-base-base-RWH_PS-2027-000479,2027-08-31,2027-09-02,SIMBANK-4c45e47452e11c20d0,-510,OPERATING,RWH_PS,MODELED_BANK_CLEARING_OF_FORECAST_PAYMENT
base,RWH_PS,2027,8,base-RWH_PS-2027-000480,EV-base-base-RWH_PS-2027-000480,IC-base-202707-mro-TRUCKING,FORECAST,PUBLIC_SYNTHETIC_PLANNING_MODEL,2026-09-06T00:00:00-07:00,PAY-base-base-RWH_PS-2027-000480,2027-08-31,2027-09-02,SIMBANK-c88d277bc9dbad646f,-663,OPERATING,RWH_PS,MODELED_BANK_CLEARING_OF_FORECAST_PAYMENT
base,RWH_PS,2027,8,base-RWH_PS-2027-000481,EV-base-base-RWH_PS-2027-000481,IC-base-202707-project-BST,FORECAST,PUBLIC_SYNTHETIC_PLANNING_MODEL,2026-09-06T00:00:00-07:00,PAY-base-base-RWH_PS-2027-000481,2027-08-31,2027-09-02,SIMBANK-1b80304fc53a1f85b7,-1428,OPERATING,RWH_PS,MODELED_BANK_CLEARING_OF_FORECAST_PAYMENT
base,RWH_PS,2027,8,base-RWH_PS-2027-000482,EV-base-base-RWH_PS-2027-000482,IC-base-202707-project-TERMINALS,FORECAST,PUBLIC_SYNTHETIC_PLANNING_MODEL,2026-09-06T00:00:00-07:00,PAY-base-base-RWH_PS-2027-000482,2027-08-31,2027-09-02,SIMBANK-873f8c2471f54be24a,-1428,OPERATING,RWH_PS,MODELED_BANK_CLEARING_OF_FORECAST_PAYMENT
base,RWH_PS,2027,8,base-RWH_PS-2027-000483,EV-base-base-RWH_PS-2027-000483,IC-base-202707-project-TRUCKING,FORECAST,PUBLIC_SYNTHETIC_PLANNING_MODEL,2026-09-06T00:00:00-07:00,PAY-base-base-RWH_PS-2027-000483,2027-08-31,2027-09-02,SIMBANK-a9b900ee77e537ee7a,-1836,OPERATING,RWH_PS,MODELED_BANK_CLEARING_OF_FORECAST_PAYMENT
base,RWH_PS,2027,8,base-RWH_PS-2027-000484,EV-base-base-RWH_PS-2027-000484,IC-base-202707-steel-BST,FORECAST,PUBLIC_SYNTHETIC_PLANNING_MODEL,2026-09-06T00:00:00-07:00,PAY-base-base-RWH_PS-2027-000484,2027-08-31,2027-09-02,SIMBANK-167cbc9a1f8f207249,-1938,OPERATING,RWH_PS,MODELED_BANK_CLEARING_OF_FORECAST_PAYMENT
base,RWH_PS,2027,8,base-RWH_PS-2027-000485,EV-base-base-RWH_PS-2027-000485,IC-base-202707-steel-TERMINALS,FORECAST,PUBLIC_SYNTHETIC_PLANNING_MODEL,2026-09-06T00:00:00-07:00,PAY-base-base-RWH_PS-2027-000485,2027-08-31,2027-09-02,SIMBANK-fef4fa98edbb6d80a9,-1326,OPERATING,RWH_PS,MODELED_BANK_CLEARING_OF_FORECAST_PAYMENT
base,RWH_PS,2027,8,base-RWH_PS-2027-000486,EV-base-base-RWH_PS-2027-000486,IC-base-202707-steel-TRUCKING,FORECAST,PUBLIC_SYNTHETIC_PLANNING_MODEL,2026-09-06T00:00:00-07:00,PAY-base-base-RWH_PS-2027-000486,2027-08-31,2027-09-02,SIMBANK-6d34565f2ea72d5a06,-2295,OPERATING,RWH_PS,MODELED_BANK_CLEARING_OF_FORECAST_PAYMENT
base,RWH_PS,2027,8,base-RWH_PS-2027-000487,EV-base-base-RWH_PS-2027-000487,MINE-PRODUCTION-base-202708,FORECAST,PUBLIC_SYNTHETIC_PLANNING_MODEL,2026-09-06T00:00:00-07:00,PAY-base-base-RWH_PS-2027-000487,2027-08-31,2027-09-02,SIMBANK-4b3c19630349f57062,-2474356,OPERATING,RWH_PS,MODELED_BANK_CLEARING_OF_FORECAST_PAYMENT
base,RWH_PS,2027,8,base-RWH_PS-2027-000488,EV-base-base-RWH_PS-2027-000488,MINE_FREIGHT_ASSAY-base-202708,FORECAST,PUBLIC_SYNTHETIC_PLANNING_MODEL,2026-09-06T00:00:00-07:00,PAY-base-base-RWH_PS-2027-000488,2027-08-31,2027-09-02,SIMBANK-b622f37c49959ce264,-63407,OPERATING,RWH_PS,MODELED_BANK_CLEARING_OF_FORECAST_PAYMENT
base,RWH_PS,2027,8,base-RWH_PS-2027-000489,EV-base-base-RWH_PS-2027-000489,MINE_PLATFORM_SITE_GA-base-202708,FORECAST,PUBLIC_SYNTHETIC_PLANNING_MODEL,2026-09-06T00:00:00-07:00,PAY-base-base-RWH_PS-2027-000489,2027-08-31,2027-09-02,SIMBANK-3f258a93dda2a61c14,-240333,OPERATING,RWH_PS,MODELED_BANK_CLEARING_OF_FORECAST_PAYMENT
base,RWH_PS,2027,8,base-RWH_PS-2027-000490,EV-base-base-RWH_PS-2027-000490,OUTSIDE-LOGISTICS-base-202708,FORECAST,PUBLIC_SYNTHETIC_PLANNING_MODEL,2026-09-06T00:00:00-07:00,PAY-base-base-RWH_PS-2027-000490,2027-08-31,2027-09-02,SIMBANK-4a0c361fba873d81f4,-21733,OPERATING,RWH_PS,MODELED_BANK_CLEARING_OF_FORECAST_PAYMENT
base,RWH_PS,2027,8,base-RWH_PS-2027-000491,EV-base-base-RWH_PS-2027-000491,PRODUCTION_MINERAL_TAX-base-202708,FORECAST,PUBLIC_SYNTHETIC_PLANNING_MODEL,2026-09-06T00:00:00-07:00,PAY-base-base-RWH_PS-2027-000491,2027-08-31,2027-09-02,SIMBANK-8ba51c6f7bf363e6c2,-189358,OPERATING,RWH_PS,MODELED_BANK_CLEARING_OF_FORECAST_PAYMENT
base,RWH_PS,2027,8,base-RWH_PS-2027-000492,EV-base-base-RWH_PS-2027-000492,ROYALTY-base-202708,FORECAST,PUBLIC_SYNTHETIC_PLANNING_MODEL,2026-09-06T00:00:00-07:00,PAY-base-base-RWH_PS-2027-000492,2027-08-31,2027-09-02,SIMBANK-fbdcb3e7810ecd024a,-76344,OPERATING,RWH_PS,MODELED_BANK_CLEARING_OF_FORECAST_PAYMENT
base,RWH_PS,2027,8,base-RWH_PS-2027-000493,EV-base-base-RWH_PS-2027-000493,CAPEX-base-RWH_PS-202708-replacement,FORECAST,PUBLIC_SYNTHETIC_PLANNING_MODEL,2026-09-06T00:00:00-07:00,PAY-base-base-RWH_PS-2027-000493,2027-08-31,2027-09-02,SIMBANK-807a4eff1439bc971d,-593333,INVESTING,RWH_PS,MODELED_BANK_CLEARING_OF_FORECAST_PAYMENT
base,RWH_PS,2027,9,base-RWH_PS-2027-000533,EV-base-base-RWH_PS-2027-000533,MINE-SALE-base-202707,FORECAST,PUBLIC_SYNTHETIC_PLANNING_MODEL,2026-09-06T00:00:00-07:00,PAY-base-base-RWH_PS-2027-000533,2027-09-30,2027-10-02,SIMBANK-d257729c50b3974fec,1908591,OPERATING,RWH_PS,MODELED_BANK_CLEARING_OF_FORECAST_PAYMENT
base,RWH_PS,2027,9,base-RWH_PS-2027-000534,EV-base-base-RWH_PS-2027-000534,MINE-SALE-base-202708,FORECAST,PUBLIC_SYNTHETIC_PLANNING_MODEL,2026-09-06T00:00:00-07:00,PAY-base-base-RWH_PS-2027-000534,2027-09-30,2027-10-02,SIMBANK-54fff88ea7a039249a,1908591,OPERATING,RWH_PS,MODELED_BANK_CLEARING_OF_FORECAST_PAYMENT
base,RWH_PS,2027,9,base-RWH_PS-2027-000537,EV-base-base-RWH_PS-2027-000537,TAX-CASH-202709,FORECAST,PUBLIC_SYNTHETIC_PLANNING_MODEL,2026-09-06T00:00:00-07:00,PAY-base-base-RWH_PS-2027-000537,2027-09-30,2027-10-02,SIMBANK-a85c8279312771ffc3,-49923,OPERATING,RWH_PS,MODELED_BANK_CLEARING_OF_FORECAST_PAYMENT
base,RWH_PS,2027,9,base-RWH_PS-2027-000538,EV-base-base-RWH_PS-2027-000538,IC-base-202708-acid-BST,FORECAST,PUBLIC_SYNTHETIC_PLANNING_MODEL,2026-09-06T00:00:00-07:00,PAY-base-base-RWH_PS-2027-000538,2027-09-30,2027-10-02,SIMBANK-8ce817bb5ebcca6cbb,-4845,OPERATING,RWH_PS,MODELED_BANK_CLEARING_OF_FORECAST_PAYMENT
base,RWH_PS,2027,9,base-RWH_PS-2027-000539,EV-base-base-RWH_PS-2027-000539,IC-base-202708-acid-TERMINALS,FORECAST,PUBLIC_SYNTHETIC_PLANNING_MODEL,2026-09-06T00:00:00-07:00,PAY-base-base-RWH_PS-2027-000539,2027-09-30,2027-10-02,SIMBANK-8077ffda80c48fd899,-3570,OPERATING,RWH_PS,MODELED_BANK_CLEARING_OF_FORECAST_PAYMENT
base,RWH_PS,2027,9,base-RWH_PS-2027-000540,EV-base-base-RWH_PS-2027-000540,IC-base-202708-acid-TRUCKING,FORECAST,PUBLIC_SYNTHETIC_PLANNING_MODEL,2026-09-06T00:00:00-07:00,PAY-base-base-RWH_PS-2027-000540,2027-09-30,2027-10-02,SIMBANK-ecd16bfefef829a1a5,-6936,OPERATING,RWH_PS,MODELED_BANK_CLEARING_OF_FORECAST_PAYMENT
base,RWH_PS,2027,9,base-RWH_PS-2027-000541,EV-base-base-RWH_PS-2027-000541,IC-base-202708-binder-BST,FORECAST,PUBLIC_SYNTHETIC_PLANNING_MODEL,2026-09-06T00:00:00-07:00,PAY-base-base-RWH_PS-2027-000541,2027-09-30,2027-10-02,SIMBANK-4156d5fb21084af35f,-4335,OPERATING,RWH_PS,MODELED_BANK_CLEARING_OF_FORECAST_PAYMENT
base,RWH_PS,2027,9,base-RWH_PS-2027-000542,EV-base-base-RWH_PS-2027-000542,IC-base-202708-binder-TERMINALS,FORECAST,PUBLIC_SYNTHETIC_PLANNING_MODEL,2026-09-06T00:00:00-07:00,PAY-base-base-RWH_PS-2027-000542,2027-09-30,2027-10-02,SIMBANK-5a7d2685652f540e67,-2040,OPERATING,RWH_PS,MODELED_BANK_CLEARING_OF_FORECAST_PAYMENT
base,RWH_PS,2027,9,base-RWH_PS-2027-000543,EV-base-base-RWH_PS-2027-000543,IC-base-202708-binder-TRUCKING,FORECAST,PUBLIC_SYNTHETIC_PLANNING_MODEL,2026-09-06T00:00:00-07:00,PAY-base-base-RWH_PS-2027-000543,2027-09-30,2027-10-02,SIMBANK-958e8c11c9696fde03,-5814,OPERATING,RWH_PS,MODELED_BANK_CLEARING_OF_FORECAST_PAYMENT
base,RWH_PS,2027,9,base-RWH_PS-2027-000544,EV-base-base-RWH_PS-2027-000544,IC-base-202708-lime-BST,FORECAST,PUBLIC_SYNTHETIC_PLANNING_MODEL,2026-09-06T00:00:00-07:00,PAY-base-base-RWH_PS-2027-000544,2027-09-30,2027-10-02,SIMBANK-e9c3ca4a4c5d8cc9e1,-867,OPERATING,RWH_PS,MODELED_BANK_CLEARING_OF_FORECAST_PAYMENT
base,RWH_PS,2027,9,base-RWH_PS-2027-000545,EV-base-base-RWH_PS-2027-000545,IC-base-202708-lime-TERMINALS,FORECAST,PUBLIC_SYNTHETIC_PLANNING_MODEL,2026-09-06T00:00:00-07:00,PAY-base-base-RWH_PS-2027-000545,2027-09-30,2027-10-02,SIMBANK-59b867302dcd6ab9bf,-459,OPERATING,RWH_PS,MODELED_BANK_CLEARING_OF_FORECAST_PAYMENT
base,RWH_PS,2027,9,base-RWH_PS-2027-000546,EV-base-base-RWH_PS-2027-000546,IC-base-202708-lime-TRUCKING,FORECAST,PUBLIC_SYNTHETIC_PLANNING_MODEL,2026-09-06T00:00:00-07:00,PAY-base-base-RWH_PS-2027-000546,2027-09-30,2027-10-02,SIMBANK-0de73bf12a9a0ba220,-1224,OPERATING,RWH_PS,MODELED_BANK_CLEARING_OF_FORECAST_PAYMENT
base,RWH_PS,2027,9,base-RWH_PS-2027-000547,EV-base-base-RWH_PS-2027-000547,IC-base-202708-mro-BST,FORECAST,PUBLIC_SYNTHETIC_PLANNING_MODEL,2026-09-06T00:00:00-07:00,PAY-base-base-RWH_PS-2027-000547,2027-09-30,2027-10-02,SIMBANK-8068f052006acfa5e7,-765,OPERATING,RWH_PS,MODELED_BANK_CLEARING_OF_FORECAST_PAYMENT
base,RWH_PS,2027,9,base-RWH_PS-2027-000548,EV-base-base-RWH_PS-2027-000548,IC-base-202708-mro-TERMINALS,FORECAST,PUBLIC_SYNTHETIC_PLANNING_MODEL,2026-09-06T00:00:00-07:00,PAY-base-base-RWH_PS-2027-000548,2027-09-30,2027-10-02,SIMBANK-ba8c2f3d1b64af2006,-510,OPERATING,RWH_PS,MODELED_BANK_CLEARING_OF_FORECAST_PAYMENT
base,RWH_PS,2027,9,base-RWH_PS-2027-000549,EV-base-base-RWH_PS-2027-000549,IC-base-202708-mro-TRUCKING,FORECAST,PUBLIC_SYNTHETIC_PLANNING_MODEL,2026-09-06T00:00:00-07:00,PAY-base-base-RWH_PS-2027-000549,2027-09-30,2027-10-02,SIMBANK-612380e21422bef4de,-663,OPERATING,RWH_PS,MODELED_BANK_CLEARING_OF_FORECAST_PAYMENT
base,RWH_PS,2027,9,base-RWH_PS-2027-000550,EV-base-base-RWH_PS-2027-000550,IC-base-202708-project-BST,FORECAST,PUBLIC_SYNTHETIC_PLANNING_MODEL,2026-09-06T00:00:00-07:00,PAY-base-base-RWH_PS-2027-000550,2027-09-30,2027-10-02,SIMBANK-d1a9a7072aae4e4993,-1428,OPERATING,RWH_PS,MODELED_BANK_CLEARING_OF_FORECAST_PAYMENT
base,RWH_PS,2027,9,base-RWH_PS-2027-000551,EV-base-base-RWH_PS-2027-000551,IC-base-202708-project-TERMINALS,FORECAST,PUBLIC_SYNTHETIC_PLANNING_MODEL,2026-09-06T00:00:00-07:00,PAY-base-base-RWH_PS-2027-000551,2027-09-30,2027-10-02,SIMBANK-93aafdf787699dfb05,-1428,OPERATING,RWH_PS,MODELED_BANK_CLEARING_OF_FORECAST_PAYMENT
base,RWH_PS,2027,9,base-RWH_PS-2027-000552,EV-base-base-RWH_PS-2027-000552,IC-base-202708-project-TRUCKING,FORECAST,PUBLIC_SYNTHETIC_PLANNING_MODEL,2026-09-06T00:00:00-07:00,PAY-base-base-RWH_PS-2027-000552,2027-09-30,2027-10-02,SIMBANK-b89bfc9d7d048fcfb5,-1836,OPERATING,RWH_PS,MODELED_BANK_CLEARING_OF_FORECAST_PAYMENT
base,RWH_PS,2027,9,base-RWH_PS-2027-000553,EV-base-base-RWH_PS-2027-000553,IC-base-202708-steel-BST,FORECAST,PUBLIC_SYNTHETIC_PLANNING_MODEL,2026-09-06T00:00:00-07:00,PAY-base-base-RWH_PS-2027-000553,2027-09-30,2027-10-02,SIMBANK-98c712d739ba2df684,-1938,OPERATING,RWH_PS,MODELED_BANK_CLEARING_OF_FORECAST_PAYMENT
base,RWH_PS,2027,9,base-RWH_PS-2027-000554,EV-base-base-RWH_PS-2027-000554,IC-base-202708-steel-TERMINALS,FORECAST,PUBLIC_SYNTHETIC_PLANNING_MODEL,2026-09-06T00:00:00-07:00,PAY-base-base-RWH_PS-2027-000554,2027-09-30,2027-10-02,SIMBANK-5e80f6e2c2603c459d,-1326,OPERATING,RWH_PS,MODELED_BANK_CLEARING_OF_FORECAST_PAYMENT
base,RWH_PS,2027,9,base-RWH_PS-2027-000555,EV-base-base-RWH_PS-2027-000555,IC-base-202708-steel-TRUCKING,FORECAST,PUBLIC_SYNTHETIC_PLANNING_MODEL,2026-09-06T00:00:00-07:00,PAY-base-base-RWH_PS-2027-000555,2027-09-30,2027-10-02,SIMBANK-7b6411092a2f176de0,-2295,OPERATING,RWH_PS,MODELED_BANK_CLEARING_OF_FORECAST_PAYMENT
base,RWH_PS,2027,9,base-RWH_PS-2027-000556,EV-base-base-RWH_PS-2027-000556,MINE-PRODUCTION-base-202709,FORECAST,PUBLIC_SYNTHETIC_PLANNING_MODEL,2026-09-06T00:00:00-07:00,PAY-base-base-RWH_PS-2027-000556,2027-09-30,2027-10-02,SIMBANK-7d467abf93e967c754,-2421624,OPERATING,RWH_PS,MODELED_BANK_CLEARING_OF_FORECAST_PAYMENT
base,RWH_PS,2027,9,base-RWH_PS-2027-000557,EV-base-base-RWH_PS-2027-000557,MINE_FREIGHT_ASSAY-base-202709,FORECAST,PUBLIC_SYNTHETIC_PLANNING_MODEL,2026-09-06T00:00:00-07:00,PAY-base-base-RWH_PS-2027-000557,2027-09-30,2027-10-02,SIMBANK-f85224c9acf790f699,-63407,OPERATING,RWH_PS,MODELED_BANK_CLEARING_OF_FORECAST_PAYMENT
base,RWH_PS,2027,9,base-RWH_PS-2027-000558,EV-base-base-RWH_PS-2027-000558,MINE_PLATFORM_SITE_GA-base-202709,FORECAST,PUBLIC_SYNTHETIC_PLANNING_MODEL,2026-09-06T00:00:00-07:00,PAY-base-base-RWH_PS-2027-000558,2027-09-30,2027-10-02,SIMBANK-99c7a6572aa8b72bc9,-240333,OPERATING,RWH_PS,MODELED_BANK_CLEARING_OF_FORECAST_PAYMENT
base,RWH_PS,2027,9,base-RWH_PS-2027-000559,EV-base-base-RWH_PS-2027-000559,OUTSIDE-LOGISTICS-base-202709,FORECAST,PUBLIC_SYNTHETIC_PLANNING_MODEL,2026-09-06T00:00:00-07:00,PAY-base-base-RWH_PS-2027-000559,2027-09-30,2027-10-02,SIMBANK-fe1ba46bff3b0d4373,-20239,OPERATING,RWH_PS,MODELED_BANK_CLEARING_OF_FORECAST_PAYMENT
base,RWH_PS,2027,9,base-RWH_PS-2027-000560,EV-base-base-RWH_PS-2027-000560,PRODUCTION_MINERAL_TAX-base-202709,FORECAST,PUBLIC_SYNTHETIC_PLANNING_MODEL,2026-09-06T00:00:00-07:00,PAY-base-base-RWH_PS-2027-000560,2027-09-30,2027-10-02,SIMBANK-e5a7b8ec10fadeaf28,-183249,OPERATING,RWH_PS,MODELED_BANK_CLEARING_OF_FORECAST_PAYMENT
base,RWH_PS,2027,9,base-RWH_PS-2027-000561,EV-base-base-RWH_PS-2027-000561,ROYALTY-base-202709,FORECAST,PUBLIC_SYNTHETIC_PLANNING_MODEL,2026-09-06T00:00:00-07:00,PAY-base-base-RWH_PS-2027-000561,2027-09-30,2027-10-02,SIMBANK-d096c73fd9a1100102,-76344,OPERATING,RWH_PS,MODELED_BANK_CLEARING_OF_FORECAST_PAYMENT
base,RWH_PS,2027,9,base-RWH_PS-2027-000562,EV-base-base-RWH_PS-2027-000562,CAPEX-base-RWH_PS-202709-replacement,FORECAST,PUBLIC_SYNTHETIC_PLANNING_MODEL,2026-09-06T00:00:00-07:00,PAY-base-base-RWH_PS-2027-000562,2027-09-30,2027-10-02,SIMBANK-926ffc7623ca3562ee,-593333,INVESTING,RWH_PS,MODELED_BANK_CLEARING_OF_FORECAST_PAYMENT
base,RWH_PS,2027,10,base-RWH_PS-2027-000603,EV-base-base-RWH_PS-2027-000603,MINE-SALE-base-202708,FORECAST,PUBLIC_SYNTHETIC_PLANNING_MODEL,2026-09-06T00:00:00-07:00,PAY-base-base-RWH_PS-2027-000603,2027-10-31,2027-11-02,SIMBANK-a02e89d2faca1030d0,1908591,OPERATING,RWH_PS,MODELED_BANK_CLEARING_OF_FORECAST_PAYMENT
base,RWH_PS,2027,10,base-RWH_PS-2027-000604,EV-base-base-RWH_PS-2027-000604,MINE-SALE-base-202709,FORECAST,PUBLIC_SYNTHETIC_PLANNING_MODEL,2026-09-06T00:00:00-07:00,PAY-base-base-RWH_PS-2027-000604,2027-10-31,2027-11-02,SIMBANK-efca87cf353068d322,1908591,OPERATING,RWH_PS,MODELED_BANK_CLEARING_OF_FORECAST_PAYMENT
base,RWH_PS,2027,10,base-RWH_PS-2027-000607,EV-base-base-RWH_PS-2027-000607,IC-base-202709-acid-BST,FORECAST,PUBLIC_SYNTHETIC_PLANNING_MODEL,2026-09-06T00:00:00-07:00,PAY-base-base-RWH_PS-2027-000607,2027-10-31,2027-11-02,SIMBANK-632a45819bb5c834e9,-3876,OPERATING,RWH_PS,MODELED_BANK_CLEARING_OF_FORECAST_PAYMENT
base,RWH_PS,2027,10,base-RWH_PS-2027-000608,EV-base-base-RWH_PS-2027-000608,IC-base-202709-acid-TERMINALS,FORECAST,PUBLIC_SYNTHETIC_PLANNING_MODEL,2026-09-06T00:00:00-07:00,PAY-base-base-RWH_PS-2027-000608,2027-10-31,2027-11-02,SIMBANK-eeab641d41b9aed107,-2856,OPERATING,RWH_PS,MODELED_BANK_CLEARING_OF_FORECAST_PAYMENT
base,RWH_PS,2027,10,base-RWH_PS-2027-000609,EV-base-base-RWH_PS-2027-000609,IC-base-202709-acid-TRUCKING,FORECAST,PUBLIC_SYNTHETIC_PLANNING_MODEL,2026-09-06T00:00:00-07:00,PAY-base-base-RWH_PS-2027-000609,2027-10-31,2027-11-02,SIMBANK-78bf905612ff8d93e9,-5549,OPERATING,RWH_PS,MODELED_BANK_CLEARING_OF_FORECAST_PAYMENT
base,RWH_PS,2027,10,base-RWH_PS-2027-000610,EV-base-base-RWH_PS-2027-000610,IC-base-202709-binder-BST,FORECAST,PUBLIC_SYNTHETIC_PLANNING_MODEL,2026-09-06T00:00:00-07:00,PAY-base-base-RWH_PS-2027-000610,2027-10-31,2027-11-02,SIMBANK-52ca3fd1d55e88dc64,-4335,OPERATING,RWH_PS,MODELED_BANK_CLEARING_OF_FORECAST_PAYMENT
base,RWH_PS,2027,10,base-RWH_PS-2027-000611,EV-base-base-RWH_PS-2027-000611,IC-base-202709-binder-TERMINALS,FORECAST,PUBLIC_SYNTHETIC_PLANNING_MODEL,2026-09-06T00:00:00-07:00,PAY-base-base-RWH_PS-2027-000611,2027-10-31,2027-11-02,SIMBANK-f3209ae557dbb8cc4d,-2040,OPERATING,RWH_PS,MODELED_BANK_CLEARING_OF_FORECAST_PAYMENT
base,RWH_PS,2027,10,base-RWH_PS-2027-000612,EV-base-base-RWH_PS-2027-000612,IC-base-202709-binder-TRUCKING,FORECAST,PUBLIC_SYNTHETIC_PLANNING_MODEL,2026-09-06T00:00:00-07:00,PAY-base-base-RWH_PS-2027-000612,2027-10-31,2027-11-02,SIMBANK-62709b0fafd053c5a7,-5814,OPERATING,RWH_PS,MODELED_BANK_CLEARING_OF_FORECAST_PAYMENT
base,RWH_PS,2027,10,base-RWH_PS-2027-000613,EV-base-base-RWH_PS-2027-000613,IC-base-202709-lime-BST,FORECAST,PUBLIC_SYNTHETIC_PLANNING_MODEL,2026-09-06T00:00:00-07:00,PAY-base-base-RWH_PS-2027-000613,2027-10-31,2027-11-02,SIMBANK-0abaead68ef912e8d1,-867,OPERATING,RWH_PS,MODELED_BANK_CLEARING_OF_FORECAST_PAYMENT
base,RWH_PS,2027,10,base-RWH_PS-2027-000614,EV-base-base-RWH_PS-2027-000614,IC-base-202709-lime-TERMINALS,FORECAST,PUBLIC_SYNTHETIC_PLANNING_MODEL,2026-09-06T00:00:00-07:00,PAY-base-base-RWH_PS-2027-000614,2027-10-31,2027-11-02,SIMBANK-99d2421904ecd842ad,-459,OPERATING,RWH_PS,MODELED_BANK_CLEARING_OF_FORECAST_PAYMENT
base,RWH_PS,2027,10,base-RWH_PS-2027-000615,EV-base-base-RWH_PS-2027-000615,IC-base-202709-lime-TRUCKING,FORECAST,PUBLIC_SYNTHETIC_PLANNING_MODEL,2026-09-06T00:00:00-07:00,PAY-base-base-RWH_PS-2027-000615,2027-10-31,2027-11-02,SIMBANK-6f72f00884ed1f41f9,-1224,OPERATING,RWH_PS,MODELED_BANK_CLEARING_OF_FORECAST_PAYMENT
base,RWH_PS,2027,10,base-RWH_PS-2027-000616,EV-base-base-RWH_PS-2027-000616,IC-base-202709-mro-BST,FORECAST,PUBLIC_SYNTHETIC_PLANNING_MODEL,2026-09-06T00:00:00-07:00,PAY-base-base-RWH_PS-2027-000616,2027-10-31,2027-11-02,SIMBANK-ee4e85481ba9f00356,-765,OPERATING,RWH_PS,MODELED_BANK_CLEARING_OF_FORECAST_PAYMENT
base,RWH_PS,2027,10,base-RWH_PS-2027-000617,EV-base-base-RWH_PS-2027-000617,IC-base-202709-mro-TERMINALS,FORECAST,PUBLIC_SYNTHETIC_PLANNING_MODEL,2026-09-06T00:00:00-07:00,PAY-base-base-RWH_PS-2027-000617,2027-10-31,2027-11-02,SIMBANK-4287daaac1b41358eb,-510,OPERATING,RWH_PS,MODELED_BANK_CLEARING_OF_FORECAST_PAYMENT
base,RWH_PS,2027,10,base-RWH_PS-2027-000618,EV-base-base-RWH_PS-2027-000618,IC-base-202709-mro-TRUCKING,FORECAST,PUBLIC_SYNTHETIC_PLANNING_MODEL,2026-09-06T00:00:00-07:00,PAY-base-base-RWH_PS-2027-000618,2027-10-31,2027-11-02,SIMBANK-cdc4041c21bcace9fa,-663,OPERATING,RWH_PS,MODELED_BANK_CLEARING_OF_FORECAST_PAYMENT
base,RWH_PS,2027,10,base-RWH_PS-2027-000619,EV-base-base-RWH_PS-2027-000619,IC-base-202709-project-BST,FORECAST,PUBLIC_SYNTHETIC_PLANNING_MODEL,2026-09-06T00:00:00-07:00,PAY-base-base-RWH_PS-2027-000619,2027-10-31,2027-11-02,SIMBANK-8f81277927c9d58454,-1428,OPERATING,RWH_PS,MODELED_BANK_CLEARING_OF_FORECAST_PAYMENT
base,RWH_PS,2027,10,base-RWH_PS-2027-000620,EV-base-base-RWH_PS-2027-000620,IC-base-202709-project-TERMINALS,FORECAST,PUBLIC_SYNTHETIC_PLANNING_MODEL,2026-09-06T00:00:00-07:00,PAY-base-base-RWH_PS-2027-000620,2027-10-31,2027-11-02,SIMBANK-2bb1274de82af23c1b,-1428,OPERATING,RWH_PS,MODELED_BANK_CLEARING_OF_FORECAST_PAYMENT
base,RWH_PS,2027,10,base-RWH_PS-2027-000621,EV-base-base-RWH_PS-2027-000621,IC-base-202709-project-TRUCKING,FORECAST,PUBLIC_SYNTHETIC_PLANNING_MODEL,2026-09-06T00:00:00-07:00,PAY-base-base-RWH_PS-2027-000621,2027-10-31,2027-11-02,SIMBANK-782b6096cd09431e12,-1836,OPERATING,RWH_PS,MODELED_BANK_CLEARING_OF_FORECAST_PAYMENT
base,RWH_PS,2027,10,base-RWH_PS-2027-000622,EV-base-base-RWH_PS-2027-000622,IC-base-202709-steel-BST,FORECAST,PUBLIC_SYNTHETIC_PLANNING_MODEL,2026-09-06T00:00:00-07:00,PAY-base-base-RWH_PS-2027-000622,2027-10-31,2027-11-02,SIMBANK-3c4c8efe5a67e5aaa0,-1938,OPERATING,RWH_PS,MODELED_BANK_CLEARING_OF_FORECAST_PAYMENT
base,RWH_PS,2027,10,base-RWH_PS-2027-000623,EV-base-base-RWH_PS-2027-000623,IC-base-202709-steel-TERMINALS,FORECAST,PUBLIC_SYNTHETIC_PLANNING_MODEL,2026-09-06T00:00:00-07:00,PAY-base-base-RWH_PS-2027-000623,2027-10-31,2027-11-02,SIMBANK-9819284aaabcb6663d,-1326,OPERATING,RWH_PS,MODELED_BANK_CLEARING_OF_FORECAST_PAYMENT
base,RWH_PS,2027,10,base-RWH_PS-2027-000624,EV-base-base-RWH_PS-2027-000624,IC-base-202709-steel-TRUCKING,FORECAST,PUBLIC_SYNTHETIC_PLANNING_MODEL,2026-09-06T00:00:00-07:00,PAY-base-base-RWH_PS-2027-000624,2027-10-31,2027-11-02,SIMBANK-28dc7e78f053bcbc61,-2295,OPERATING,RWH_PS,MODELED_BANK_CLEARING_OF_FORECAST_PAYMENT
base,RWH_PS,2027,10,base-RWH_PS-2027-000625,EV-base-base-RWH_PS-2027-000625,MINE-PRODUCTION-base-202710,FORECAST,PUBLIC_SYNTHETIC_PLANNING_MODEL,2026-09-06T00:00:00-07:00,PAY-base-base-RWH_PS-2027-000625,2027-10-31,2027-11-02,SIMBANK-9d4c185a7282ae28c9,-2474356,OPERATING,RWH_PS,MODELED_BANK_CLEARING_OF_FORECAST_PAYMENT
base,RWH_PS,2027,10,base-RWH_PS-2027-000626,EV-base-base-RWH_PS-2027-000626,MINE_FREIGHT_ASSAY-base-202710,FORECAST,PUBLIC_SYNTHETIC_PLANNING_MODEL,2026-09-06T00:00:00-07:00,PAY-base-base-RWH_PS-2027-000626,2027-10-31,2027-11-02,SIMBANK-1a6a51397051de58c3,-63407,OPERATING,RWH_PS,MODELED_BANK_CLEARING_OF_FORECAST_PAYMENT
base,RWH_PS,2027,10,base-RWH_PS-2027-000627,EV-base-base-RWH_PS-2027-000627,MINE_PLATFORM_SITE_GA-base-202710,FORECAST,PUBLIC_SYNTHETIC_PLANNING_MODEL,2026-09-06T00:00:00-07:00,PAY-base-base-RWH_PS-2027-000627,2027-10-31,2027-11-02,SIMBANK-fedb70beb169af8a7b,-240333,OPERATING,RWH_PS,MODELED_BANK_CLEARING_OF_FORECAST_PAYMENT
base,RWH_PS,2027,10,base-RWH_PS-2027-000628,EV-base-base-RWH_PS-2027-000628,OUTSIDE-LOGISTICS-base-202710,FORECAST,PUBLIC_SYNTHETIC_PLANNING_MODEL,2026-09-06T00:00:00-07:00,PAY-base-base-RWH_PS-2027-000628,2027-10-31,2027-11-02,SIMBANK-a93f78bb3ae31db2da,-23020,OPERATING,RWH_PS,MODELED_BANK_CLEARING_OF_FORECAST_PAYMENT
base,RWH_PS,2027,10,base-RWH_PS-2027-000629,EV-base-base-RWH_PS-2027-000629,PRODUCTION_MINERAL_TAX-base-202710,FORECAST,PUBLIC_SYNTHETIC_PLANNING_MODEL,2026-09-06T00:00:00-07:00,PAY-base-base-RWH_PS-2027-000629,2027-10-31,2027-11-02,SIMBANK-41445a1f5b313498a5,-189358,OPERATING,RWH_PS,MODELED_BANK_CLEARING_OF_FORECAST_PAYMENT
base,RWH_PS,2027,10,base-RWH_PS-2027-000630,EV-base-base-RWH_PS-2027-000630,ROYALTY-base-202710,FORECAST,PUBLIC_SYNTHETIC_PLANNING_MODEL,2026-09-06T00:00:00-07:00,PAY-base-base-RWH_PS-2027-000630,2027-10-31,2027-11-02,SIMBANK-ab32d5826b9309fe86,-76344,OPERATING,RWH_PS,MODELED_BANK_CLEARING_OF_FORECAST_PAYMENT
base,RWH_PS,2027,10,base-RWH_PS-2027-000631,EV-base-base-RWH_PS-2027-000631,CAPEX-base-RWH_PS-202710-replacement,FORECAST,PUBLIC_SYNTHETIC_PLANNING_MODEL,2026-09-06T00:00:00-07:00,PAY-base-base-RWH_PS-2027-000631,2027-10-31,2027-11-02,SIMBANK-e5c3a51e5416a5e935,-593333,INVESTING,RWH_PS,MODELED_BANK_CLEARING_OF_FORECAST_PAYMENT
base,RWH_PS,2027,11,base-RWH_PS-2027-000673,EV-base-base-RWH_PS-2027-000673,MINE-SALE-base-202709,FORECAST,PUBLIC_SYNTHETIC_PLANNING_MODEL,2026-09-06T00:00:00-07:00,PAY-base-base-RWH_PS-2027-000673,2027-11-30,2027-12-02,SIMBANK-4664fb803d4c6887d5,1908591,OPERATING,RWH_PS,MODELED_BANK_CLEARING_OF_FORECAST_PAYMENT
base,RWH_PS,2027,11,base-RWH_PS-2027-000674,EV-base-base-RWH_PS-2027-000674,MINE-SALE-base-202710,FORECAST,PUBLIC_SYNTHETIC_PLANNING_MODEL,2026-09-06T00:00:00-07:00,PAY-base-base-RWH_PS-2027-000674,2027-11-30,2027-12-02,SIMBANK-415468bdae780c04ae,1908591,OPERATING,RWH_PS,MODELED_BANK_CLEARING_OF_FORECAST_PAYMENT
base,RWH_PS,2027,11,base-RWH_PS-2027-000677,EV-base-base-RWH_PS-2027-000677,IC-base-202710-acid-BST,FORECAST,PUBLIC_SYNTHETIC_PLANNING_MODEL,2026-09-06T00:00:00-07:00,PAY-base-base-RWH_PS-2027-000677,2027-11-30,2027-12-02,SIMBANK-cae7d48c99e629a9d8,-4845,OPERATING,RWH_PS,MODELED_BANK_CLEARING_OF_FORECAST_PAYMENT
base,RWH_PS,2027,11,base-RWH_PS-2027-000678,EV-base-base-RWH_PS-2027-000678,IC-base-202710-acid-TERMINALS,FORECAST,PUBLIC_SYNTHETIC_PLANNING_MODEL,2026-09-06T00:00:00-07:00,PAY-base-base-RWH_PS-2027-000678,2027-11-30,2027-12-02,SIMBANK-0a1d8929f4162f2bc8,-3570,OPERATING,RWH_PS,MODELED_BANK_CLEARING_OF_FORECAST_PAYMENT
base,RWH_PS,2027,11,base-RWH_PS-2027-000679,EV-base-base-RWH_PS-2027-000679,IC-base-202710-acid-TRUCKING,FORECAST,PUBLIC_SYNTHETIC_PLANNING_MODEL,2026-09-06T00:00:00-07:00,PAY-base-base-RWH_PS-2027-000679,2027-11-30,2027-12-02,SIMBANK-ef46b2d2a8e271c1da,-6936,OPERATING,RWH_PS,MODELED_BANK_CLEARING_OF_FORECAST_PAYMENT
base,RWH_PS,2027,11,base-RWH_PS-2027-000680,EV-base-base-RWH_PS-2027-000680,IC-base-202710-binder-BST,FORECAST,PUBLIC_SYNTHETIC_PLANNING_MODEL,2026-09-06T00:00:00-07:00,PAY-base-base-RWH_PS-2027-000680,2027-11-30,2027-12-02,SIMBANK-a9d37c532fa6282a1e,-5202,OPERATING,RWH_PS,MODELED_BANK_CLEARING_OF_FORECAST_PAYMENT
base,RWH_PS,2027,11,base-RWH_PS-2027-000681,EV-base-base-RWH_PS-2027-000681,IC-base-202710-binder-TERMINALS,FORECAST,PUBLIC_SYNTHETIC_PLANNING_MODEL,2026-09-06T00:00:00-07:00,PAY-base-base-RWH_PS-2027-000681,2027-11-30,2027-12-02,SIMBANK-acc2405020175ccbe9,-2448,OPERATING,RWH_PS,MODELED_BANK_CLEARING_OF_FORECAST_PAYMENT
base,RWH_PS,2027,11,base-RWH_PS-2027-000682,EV-base-base-RWH_PS-2027-000682,IC-base-202710-binder-TRUCKING,FORECAST,PUBLIC_SYNTHETIC_PLANNING_MODEL,2026-09-06T00:00:00-07:00,PAY-base-base-RWH_PS-2027-000682,2027-11-30,2027-12-02,SIMBANK-ebde75a236cf80865f,-6977,OPERATING,RWH_PS,MODELED_BANK_CLEARING_OF_FORECAST_PAYMENT
base,RWH_PS,2027,11,base-RWH_PS-2027-000683,EV-base-base-RWH_PS-2027-000683,IC-base-202710-lime-BST,FORECAST,PUBLIC_SYNTHETIC_PLANNING_MODEL,2026-09-06T00:00:00-07:00,PAY-base-base-RWH_PS-2027-000683,2027-11-30,2027-12-02,SIMBANK-9e447d3f6f4a6d0ce2,-867,OPERATING,RWH_PS,MODELED_BANK_CLEARING_OF_FORECAST_PAYMENT
base,RWH_PS,2027,11,base-RWH_PS-2027-000684,EV-base-base-RWH_PS-2027-000684,IC-base-202710-lime-TERMINALS,FORECAST,PUBLIC_SYNTHETIC_PLANNING_MODEL,2026-09-06T00:00:00-07:00,PAY-base-base-RWH_PS-2027-000684,2027-11-30,2027-12-02,SIMBANK-c0647fb7a45ca9b455,-459,OPERATING,RWH_PS,MODELED_BANK_CLEARING_OF_FORECAST_PAYMENT
base,RWH_PS,2027,11,base-RWH_PS-2027-000685,EV-base-base-RWH_PS-2027-000685,IC-base-202710-lime-TRUCKING,FORECAST,PUBLIC_SYNTHETIC_PLANNING_MODEL,2026-09-06T00:00:00-07:00,PAY-base-base-RWH_PS-2027-000685,2027-11-30,2027-12-02,SIMBANK-a2ee8215a4fb560ed1,-1224,OPERATING,RWH_PS,MODELED_BANK_CLEARING_OF_FORECAST_PAYMENT
base,RWH_PS,2027,11,base-RWH_PS-2027-000686,EV-base-base-RWH_PS-2027-000686,IC-base-202710-mro-BST,FORECAST,PUBLIC_SYNTHETIC_PLANNING_MODEL,2026-09-06T00:00:00-07:00,PAY-base-base-RWH_PS-2027-000686,2027-11-30,2027-12-02,SIMBANK-ee6b9d9c843c1d3f8d,-765,OPERATING,RWH_PS,MODELED_BANK_CLEARING_OF_FORECAST_PAYMENT
base,RWH_PS,2027,11,base-RWH_PS-2027-000687,EV-base-base-RWH_PS-2027-000687,IC-base-202710-mro-TERMINALS,FORECAST,PUBLIC_SYNTHETIC_PLANNING_MODEL,2026-09-06T00:00:00-07:00,PAY-base-base-RWH_PS-2027-000687,2027-11-30,2027-12-02,SIMBANK-a9cc5c1fbb415c2f46,-510,OPERATING,RWH_PS,MODELED_BANK_CLEARING_OF_FORECAST_PAYMENT
base,RWH_PS,2027,11,base-RWH_PS-2027-000688,EV-base-base-RWH_PS-2027-000688,IC-base-202710-mro-TRUCKING,FORECAST,PUBLIC_SYNTHETIC_PLANNING_MODEL,2026-09-06T00:00:00-07:00,PAY-base-base-RWH_PS-2027-000688,2027-11-30,2027-12-02,SIMBANK-ed145c720fda76b9c8,-663,OPERATING,RWH_PS,MODELED_BANK_CLEARING_OF_FORECAST_PAYMENT
base,RWH_PS,2027,11,base-RWH_PS-2027-000689,EV-base-base-RWH_PS-2027-000689,IC-base-202710-project-BST,FORECAST,PUBLIC_SYNTHETIC_PLANNING_MODEL,2026-09-06T00:00:00-07:00,PAY-base-base-RWH_PS-2027-000689,2027-11-30,2027-12-02,SIMBANK-4c93c9bb6885baf23f,-1428,OPERATING,RWH_PS,MODELED_BANK_CLEARING_OF_FORECAST_PAYMENT
base,RWH_PS,2027,11,base-RWH_PS-2027-000690,EV-base-base-RWH_PS-2027-000690,IC-base-202710-project-TERMINALS,FORECAST,PUBLIC_SYNTHETIC_PLANNING_MODEL,2026-09-06T00:00:00-07:00,PAY-base-base-RWH_PS-2027-000690,2027-11-30,2027-12-02,SIMBANK-327af991f4a5c67a7e,-1428,OPERATING,RWH_PS,MODELED_BANK_CLEARING_OF_FORECAST_PAYMENT
base,RWH_PS,2027,11,base-RWH_PS-2027-000691,EV-base-base-RWH_PS-2027-000691,IC-base-202710-project-TRUCKING,FORECAST,PUBLIC_SYNTHETIC_PLANNING_MODEL,2026-09-06T00:00:00-07:00,PAY-base-base-RWH_PS-2027-000691,2027-11-30,2027-12-02,SIMBANK-5edce3a475618ccca0,-1836,OPERATING,RWH_PS,MODELED_BANK_CLEARING_OF_FORECAST_PAYMENT
base,RWH_PS,2027,11,base-RWH_PS-2027-000692,EV-base-base-RWH_PS-2027-000692,IC-base-202710-steel-BST,FORECAST,PUBLIC_SYNTHETIC_PLANNING_MODEL,2026-09-06T00:00:00-07:00,PAY-base-base-RWH_PS-2027-000692,2027-11-30,2027-12-02,SIMBANK-ee4a5844daf3459f95,-1938,OPERATING,RWH_PS,MODELED_BANK_CLEARING_OF_FORECAST_PAYMENT
base,RWH_PS,2027,11,base-RWH_PS-2027-000693,EV-base-base-RWH_PS-2027-000693,IC-base-202710-steel-TERMINALS,FORECAST,PUBLIC_SYNTHETIC_PLANNING_MODEL,2026-09-06T00:00:00-07:00,PAY-base-base-RWH_PS-2027-000693,2027-11-30,2027-12-02,SIMBANK-5909c53fbb3f4a1d18,-1326,OPERATING,RWH_PS,MODELED_BANK_CLEARING_OF_FORECAST_PAYMENT
base,RWH_PS,2027,11,base-RWH_PS-2027-000694,EV-base-base-RWH_PS-2027-000694,IC-base-202710-steel-TRUCKING,FORECAST,PUBLIC_SYNTHETIC_PLANNING_MODEL,2026-09-06T00:00:00-07:00,PAY-base-base-RWH_PS-2027-000694,2027-11-30,2027-12-02,SIMBANK-8d57e2ddd48aba4dcd,-2295,OPERATING,RWH_PS,MODELED_BANK_CLEARING_OF_FORECAST_PAYMENT
base,RWH_PS,2027,11,base-RWH_PS-2027-000695,EV-base-base-RWH_PS-2027-000695,MINE-PRODUCTION-base-202711,FORECAST,PUBLIC_SYNTHETIC_PLANNING_MODEL,2026-09-06T00:00:00-07:00,PAY-base-base-RWH_PS-2027-000695,2027-11-30,2027-12-02,SIMBANK-d9160117996b3b04b1,-2421624,OPERATING,RWH_PS,MODELED_BANK_CLEARING_OF_FORECAST_PAYMENT
base,RWH_PS,2027,11,base-RWH_PS-2027-000696,EV-base-base-RWH_PS-2027-000696,MINE_FREIGHT_ASSAY-base-202711,FORECAST,PUBLIC_SYNTHETIC_PLANNING_MODEL,2026-09-06T00:00:00-07:00,PAY-base-base-RWH_PS-2027-000696,2027-11-30,2027-12-02,SIMBANK-62744dbd4277a4acad,-56362,OPERATING,RWH_PS,MODELED_BANK_CLEARING_OF_FORECAST_PAYMENT
base,RWH_PS,2027,11,base-RWH_PS-2027-000697,EV-base-base-RWH_PS-2027-000697,MINE_PLATFORM_SITE_GA-base-202711,FORECAST,PUBLIC_SYNTHETIC_PLANNING_MODEL,2026-09-06T00:00:00-07:00,PAY-base-base-RWH_PS-2027-000697,2027-11-30,2027-12-02,SIMBANK-58caa0f6767ed9e60c,-240333,OPERATING,RWH_PS,MODELED_BANK_CLEARING_OF_FORECAST_PAYMENT
base,RWH_PS,2027,11,base-RWH_PS-2027-000698,EV-base-base-RWH_PS-2027-000698,OUTSIDE-LOGISTICS-base-202711,FORECAST,PUBLIC_SYNTHETIC_PLANNING_MODEL,2026-09-06T00:00:00-07:00,PAY-base-base-RWH_PS-2027-000698,2027-11-30,2027-12-02,SIMBANK-9e710b446f1e0b7bdb,-20239,OPERATING,RWH_PS,MODELED_BANK_CLEARING_OF_FORECAST_PAYMENT
base,RWH_PS,2027,11,base-RWH_PS-2027-000699,EV-base-base-RWH_PS-2027-000699,PRODUCTION_MINERAL_TAX-base-202711,FORECAST,PUBLIC_SYNTHETIC_PLANNING_MODEL,2026-09-06T00:00:00-07:00,PAY-base-base-RWH_PS-2027-000699,2027-11-30,2027-12-02,SIMBANK-c79c141d38aa5f57e7,-183249,OPERATING,RWH_PS,MODELED_BANK_CLEARING_OF_FORECAST_PAYMENT
base,RWH_PS,2027,11,base-RWH_PS-2027-000700,EV-base-base-RWH_PS-2027-000700,ROYALTY-base-202711,FORECAST,PUBLIC_SYNTHETIC_PLANNING_MODEL,2026-09-06T00:00:00-07:00,PAY-base-base-RWH_PS-2027-000700,2027-11-30,2027-12-02,SIMBANK-109d6ff911163cdb6d,-67861,OPERATING,RWH_PS,MODELED_BANK_CLEARING_OF_FORECAST_PAYMENT
base,RWH_PS,2027,11,base-RWH_PS-2027-000701,EV-base-base-RWH_PS-2027-000701,CAPEX-base-RWH_PS-202711-replacement,FORECAST,PUBLIC_SYNTHETIC_PLANNING_MODEL,2026-09-06T00:00:00-07:00,PAY-base-base-RWH_PS-2027-000701,2027-11-30,2027-12-02,SIMBANK-8b6299f6616faa362b,-593333,INVESTING,RWH_PS,MODELED_BANK_CLEARING_OF_FORECAST_PAYMENT
base,RWH_PS,2027,12,base-RWH_PS-2027-000744,EV-base-base-RWH_PS-2027-000744,MINE-SALE-base-202710,FORECAST,PUBLIC_SYNTHETIC_PLANNING_MODEL,2026-09-06T00:00:00-07:00,PAY-base-base-RWH_PS-2027-000744,2027-12-31,2028-01-02,SIMBANK-82e747654e5a97659d,1908591,OPERATING,RWH_PS,MODELED_BANK_CLEARING_OF_FORECAST_PAYMENT
base,RWH_PS,2027,12,base-RWH_PS-2027-000745,EV-base-base-RWH_PS-2027-000745,MINE-SALE-base-202711,FORECAST,PUBLIC_SYNTHETIC_PLANNING_MODEL,2026-09-06T00:00:00-07:00,PAY-base-base-RWH_PS-2027-000745,2027-12-31,2028-01-02,SIMBANK-8b2b87f4f4429caccd,1696525,OPERATING,RWH_PS,MODELED_BANK_CLEARING_OF_FORECAST_PAYMENT
base,RWH_PS,2027,12,base-RWH_PS-2027-000748,EV-base-base-RWH_PS-2027-000748,CLOSURE-base-2027,FORECAST,PUBLIC_SYNTHETIC_PLANNING_MODEL,2026-09-06T00:00:00-07:00,PAY-base-base-RWH_PS-2027-000748,2027-12-31,2028-01-02,SIMBANK-967874d05d7d59a91f,-262656,OPERATING,RWH_PS,MODELED_BANK_CLEARING_OF_FORECAST_PAYMENT
base,RWH_PS,2027,12,base-RWH_PS-2027-000749,EV-base-base-RWH_PS-2027-000749,TAX-CASH-202712,FORECAST,PUBLIC_SYNTHETIC_PLANNING_MODEL,2026-09-06T00:00:00-07:00,PAY-base-base-RWH_PS-2027-000749,2027-12-31,2028-01-02,SIMBANK-1f6d80f1189c059aaa,-12743,OPERATING,RWH_PS,MODELED_BANK_CLEARING_OF_FORECAST_PAYMENT
base,RWH_PS,2027,12,base-RWH_PS-2027-000750,EV-base-base-RWH_PS-2027-000750,IC-base-202711-acid-BST,FORECAST,PUBLIC_SYNTHETIC_PLANNING_MODEL,2026-09-06T00:00:00-07:00,PAY-base-base-RWH_PS-2027-000750,2027-12-31,2028-01-02,SIMBANK-44d5ae4c2ecb32a068,-3876,OPERATING,RWH_PS,MODELED_BANK_CLEARING_OF_FORECAST_PAYMENT
base,RWH_PS,2027,12,base-RWH_PS-2027-000751,EV-base-base-RWH_PS-2027-000751,IC-base-202711-acid-TERMINALS,FORECAST,PUBLIC_SYNTHETIC_PLANNING_MODEL,2026-09-06T00:00:00-07:00,PAY-base-base-RWH_PS-2027-000751,2027-12-31,2028-01-02,SIMBANK-0e57ce2fcaf2009c33,-2856,OPERATING,RWH_PS,MODELED_BANK_CLEARING_OF_FORECAST_PAYMENT
base,RWH_PS,2027,12,base-RWH_PS-2027-000752,EV-base-base-RWH_PS-2027-000752,IC-base-202711-acid-TRUCKING,FORECAST,PUBLIC_SYNTHETIC_PLANNING_MODEL,2026-09-06T00:00:00-07:00,PAY-base-base-RWH_PS-2027-000752,2027-12-31,2028-01-02,SIMBANK-de7247c8b361917cc1,-5549,OPERATING,RWH_PS,MODELED_BANK_CLEARING_OF_FORECAST_PAYMENT
base,RWH_PS,2027,12,base-RWH_PS-2027-000753,EV-base-base-RWH_PS-2027-000753,IC-base-202711-binder-BST,FORECAST,PUBLIC_SYNTHETIC_PLANNING_MODEL,2026-09-06T00:00:00-07:00,PAY-base-base-RWH_PS-2027-000753,2027-12-31,2028-01-02,SIMBANK-b27554735095a45f7e,-4335,OPERATING,RWH_PS,MODELED_BANK_CLEARING_OF_FORECAST_PAYMENT
base,RWH_PS,2027,12,base-RWH_PS-2027-000754,EV-base-base-RWH_PS-2027-000754,IC-base-202711-binder-TERMINALS,FORECAST,PUBLIC_SYNTHETIC_PLANNING_MODEL,2026-09-06T00:00:00-07:00,PAY-base-base-RWH_PS-2027-000754,2027-12-31,2028-01-02,SIMBANK-3b9946dc471788314e,-2040,OPERATING,RWH_PS,MODELED_BANK_CLEARING_OF_FORECAST_PAYMENT
base,RWH_PS,2027,12,base-RWH_PS-2027-000755,EV-base-base-RWH_PS-2027-000755,IC-base-202711-binder-TRUCKING,FORECAST,PUBLIC_SYNTHETIC_PLANNING_MODEL,2026-09-06T00:00:00-07:00,PAY-base-base-RWH_PS-2027-000755,2027-12-31,2028-01-02,SIMBANK-0f5ff30b3e452f54f5,-5814,OPERATING,RWH_PS,MODELED_BANK_CLEARING_OF_FORECAST_PAYMENT
base,RWH_PS,2027,12,base-RWH_PS-2027-000756,EV-base-base-RWH_PS-2027-000756,IC-base-202711-lime-BST,FORECAST,PUBLIC_SYNTHETIC_PLANNING_MODEL,2026-09-06T00:00:00-07:00,PAY-base-base-RWH_PS-2027-000756,2027-12-31,2028-01-02,SIMBANK-989377a99078a2f3e7,-867,OPERATING,RWH_PS,MODELED_BANK_CLEARING_OF_FORECAST_PAYMENT
base,RWH_PS,2027,12,base-RWH_PS-2027-000757,EV-base-base-RWH_PS-2027-000757,IC-base-202711-lime-TERMINALS,FORECAST,PUBLIC_SYNTHETIC_PLANNING_MODEL,2026-09-06T00:00:00-07:00,PAY-base-base-RWH_PS-2027-000757,2027-12-31,2028-01-02,SIMBANK-e1af328070ce1e3da3,-459,OPERATING,RWH_PS,MODELED_BANK_CLEARING_OF_FORECAST_PAYMENT
base,RWH_PS,2027,12,base-RWH_PS-2027-000758,EV-base-base-RWH_PS-2027-000758,IC-base-202711-lime-TRUCKING,FORECAST,PUBLIC_SYNTHETIC_PLANNING_MODEL,2026-09-06T00:00:00-07:00,PAY-base-base-RWH_PS-2027-000758,2027-12-31,2028-01-02,SIMBANK-8ba705bacef8fd7d22,-1224,OPERATING,RWH_PS,MODELED_BANK_CLEARING_OF_FORECAST_PAYMENT
base,RWH_PS,2027,12,base-RWH_PS-2027-000759,EV-base-base-RWH_PS-2027-000759,IC-base-202711-mro-BST,FORECAST,PUBLIC_SYNTHETIC_PLANNING_MODEL,2026-09-06T00:00:00-07:00,PAY-base-base-RWH_PS-2027-000759,2027-12-31,2028-01-02,SIMBANK-6b69ae512a7a36250e,-765,OPERATING,RWH_PS,MODELED_BANK_CLEARING_OF_FORECAST_PAYMENT
base,RWH_PS,2027,12,base-RWH_PS-2027-000760,EV-base-base-RWH_PS-2027-000760,IC-base-202711-mro-TERMINALS,FORECAST,PUBLIC_SYNTHETIC_PLANNING_MODEL,2026-09-06T00:00:00-07:00,PAY-base-base-RWH_PS-2027-000760,2027-12-31,2028-01-02,SIMBANK-b9664ec7a536cde8c2,-510,OPERATING,RWH_PS,MODELED_BANK_CLEARING_OF_FORECAST_PAYMENT
base,RWH_PS,2027,12,base-RWH_PS-2027-000761,EV-base-base-RWH_PS-2027-000761,IC-base-202711-mro-TRUCKING,FORECAST,PUBLIC_SYNTHETIC_PLANNING_MODEL,2026-09-06T00:00:00-07:00,PAY-base-base-RWH_PS-2027-000761,2027-12-31,2028-01-02,SIMBANK-ae21fac0d26519a997,-663,OPERATING,RWH_PS,MODELED_BANK_CLEARING_OF_FORECAST_PAYMENT
base,RWH_PS,2027,12,base-RWH_PS-2027-000762,EV-base-base-RWH_PS-2027-000762,IC-base-202711-project-BST,FORECAST,PUBLIC_SYNTHETIC_PLANNING_MODEL,2026-09-06T00:00:00-07:00,PAY-base-base-RWH_PS-2027-000762,2027-12-31,2028-01-02,SIMBANK-6bf320cdc80bc65b5d,-1428,OPERATING,RWH_PS,MODELED_BANK_CLEARING_OF_FORECAST_PAYMENT
base,RWH_PS,2027,12,base-RWH_PS-2027-000763,EV-base-base-RWH_PS-2027-000763,IC-base-202711-project-TERMINALS,FORECAST,PUBLIC_SYNTHETIC_PLANNING_MODEL,2026-09-06T00:00:00-07:00,PAY-base-base-RWH_PS-2027-000763,2027-12-31,2028-01-02,SIMBANK-6496f2cd51ab5bc2a9,-1428,OPERATING,RWH_PS,MODELED_BANK_CLEARING_OF_FORECAST_PAYMENT
base,RWH_PS,2027,12,base-RWH_PS-2027-000764,EV-base-base-RWH_PS-2027-000764,IC-base-202711-project-TRUCKING,FORECAST,PUBLIC_SYNTHETIC_PLANNING_MODEL,2026-09-06T00:00:00-07:00,PAY-base-base-RWH_PS-2027-000764,2027-12-31,2028-01-02,SIMBANK-4f70ac8d151a71167c,-1836,OPERATING,RWH_PS,MODELED_BANK_CLEARING_OF_FORECAST_PAYMENT
base,RWH_PS,2027,12,base-RWH_PS-2027-000765,EV-base-base-RWH_PS-2027-000765,IC-base-202711-steel-BST,FORECAST,PUBLIC_SYNTHETIC_PLANNING_MODEL,2026-09-06T00:00:00-07:00,PAY-base-base-RWH_PS-2027-000765,2027-12-31,2028-01-02,SIMBANK-599289a034f0cfe205,-1938,OPERATING,RWH_PS,MODELED_BANK_CLEARING_OF_FORECAST_PAYMENT
base,RWH_PS,2027,12,base-RWH_PS-2027-000766,EV-base-base-RWH_PS-2027-000766,IC-base-202711-steel-TERMINALS,FORECAST,PUBLIC_SYNTHETIC_PLANNING_MODEL,2026-09-06T00:00:00-07:00,PAY-base-base-RWH_PS-2027-000766,2027-12-31,2028-01-02,SIMBANK-d812169f91a69e4c84,-1326,OPERATING,RWH_PS,MODELED_BANK_CLEARING_OF_FORECAST_PAYMENT
base,RWH_PS,2027,12,base-RWH_PS-2027-000767,EV-base-base-RWH_PS-2027-000767,IC-base-202711-steel-TRUCKING,FORECAST,PUBLIC_SYNTHETIC_PLANNING_MODEL,2026-09-06T00:00:00-07:00,PAY-base-base-RWH_PS-2027-000767,2027-12-31,2028-01-02,SIMBANK-e99ced9bc8a473acf9,-2295,OPERATING,RWH_PS,MODELED_BANK_CLEARING_OF_FORECAST_PAYMENT
base,RWH_PS,2027,12,base-RWH_PS-2027-000768,EV-base-base-RWH_PS-2027-000768,MINE-PRODUCTION-base-202712,FORECAST,PUBLIC_SYNTHETIC_PLANNING_MODEL,2026-09-06T00:00:00-07:00,PAY-base-base-RWH_PS-2027-000768,2027-12-31,2028-01-02,SIMBANK-6ea300052ca467814a,-2474356,OPERATING,RWH_PS,MODELED_BANK_CLEARING_OF_FORECAST_PAYMENT
base,RWH_PS,2027,12,base-RWH_PS-2027-000769,EV-base-base-RWH_PS-2027-000769,MINE_FREIGHT_ASSAY-base-202712,FORECAST,PUBLIC_SYNTHETIC_PLANNING_MODEL,2026-09-06T00:00:00-07:00,PAY-base-base-RWH_PS-2027-000769,2027-12-31,2028-01-02,SIMBANK-4e690859f954ad5e11,-56362,OPERATING,RWH_PS,MODELED_BANK_CLEARING_OF_FORECAST_PAYMENT
base,RWH_PS,2027,12,base-RWH_PS-2027-000770,EV-base-base-RWH_PS-2027-000770,MINE_PLATFORM_SITE_GA-base-202712,FORECAST,PUBLIC_SYNTHETIC_PLANNING_MODEL,2026-09-06T00:00:00-07:00,PAY-base-base-RWH_PS-2027-000770,2027-12-31,2028-01-02,SIMBANK-166ec45d6830f74c6d,-240333,OPERATING,RWH_PS,MODELED_BANK_CLEARING_OF_FORECAST_PAYMENT
base,RWH_PS,2027,12,base-RWH_PS-2027-000771,EV-base-base-RWH_PS-2027-000771,OUTSIDE-LOGISTICS-base-202712,FORECAST,PUBLIC_SYNTHETIC_PLANNING_MODEL,2026-09-06T00:00:00-07:00,PAY-base-base-RWH_PS-2027-000771,2027-12-31,2028-01-02,SIMBANK-e5c57a5b00e0cf5de7,-20754,OPERATING,RWH_PS,MODELED_BANK_CLEARING_OF_FORECAST_PAYMENT
base,RWH_PS,2027,12,base-RWH_PS-2027-000772,EV-base-base-RWH_PS-2027-000772,PRODUCTION_MINERAL_TAX-base-202712,FORECAST,PUBLIC_SYNTHETIC_PLANNING_MODEL,2026-09-06T00:00:00-07:00,PAY-base-base-RWH_PS-2027-000772,2027-12-31,2028-01-02,SIMBANK-67728b0564ac0397fe,-189358,OPERATING,RWH_PS,MODELED_BANK_CLEARING_OF_FORECAST_PAYMENT
base,RWH_PS,2027,12,base-RWH_PS-2027-000773,EV-base-base-RWH_PS-2027-000773,ROYALTY-base-202712,FORECAST,PUBLIC_SYNTHETIC_PLANNING_MODEL,2026-09-06T00:00:00-07:00,PAY-base-base-RWH_PS-2027-000773,2027-12-31,2028-01-02,SIMBANK-c4f03397d80fc3f7a8,-67861,OPERATING,RWH_PS,MODELED_BANK_CLEARING_OF_FORECAST_PAYMENT
base,RWH_PS,2027,12,base-RWH_PS-2027-000774,EV-base-base-RWH_PS-2027-000774,CAPEX-base-RWH_PS-202712-replacement,FORECAST,PUBLIC_SYNTHETIC_PLANNING_MODEL,2026-09-06T00:00:00-07:00,PAY-base-base-RWH_PS-2027-000774,2027-12-31,2028-01-02,SIMBANK-19ef2330360d270075,-593333,INVESTING,RWH_PS,MODELED_BANK_CLEARING_OF_FORECAST_PAYMENT
