item_id,source_id,scenario,year,month,segment,category,description,quantity,unit,calibrated_unit_rate_usd,cost_index,variable_cost_usd,fixed_service_cost_usd,amount_usd,vendor_id,purchase_order_id,receipt_id,invoice_id,work_order_id,invoice_date,due_date,evidence_role,rate_state,fact_state,record_origin,available_at,three_way_match_state,payment_state,ledger_expense_usd,ledger_cash_settlement_usd,unpaid_at_forecast_end_usd
PROC-base-202701-BST-MAT,PROC-base-202701-BST-MAT,base,2027,1,BST,MAT,Materials and fuel,642.999999999999978000,loaded_revenue_car,146.634,1.0609,100028,12964,112992,SYN-V-20260906-BST-MAT,PO-PROC-base-202701-BST-MAT,RCV-PROC-base-202701-BST-MAT,INV-PROC-base-202701-BST-MAT,,2027-01-24,2027-02-23,INPUT_TO_FORECAST_PURCHASE_COST,CALIBRATED_SYNTHETIC_RATE_NOT_SUPPLIER_QUOTE,FORECAST,PUBLIC_SYNTHETIC_PLANNING_MODEL,2026-09-06T00:00:00-07:00,MODELED_QUANTITY_AND_AMOUNT_MATCH,SETTLEMENT_LINKED_SEPARATELY_TO_FORECAST_LEDGER,112992,112992,0
PROC-base-202701-BST-MAINT,PROC-base-202701-BST-MAINT,base,2027,1,BST,MAINT,Contract maintenance and equipment services,642.999999999999978000,loaded_revenue_car,101.8291666666666666666666667,1.0609,69464,81023,150487,SYN-V-20260906-BST-MAINT,PO-PROC-base-202701-BST-MAINT,RCV-PROC-base-202701-BST-MAINT,INV-PROC-base-202701-BST-MAINT,WO-PROC-base-202701-BST-MAINT,2027-01-24,2027-02-23,INPUT_TO_FORECAST_PURCHASE_COST,CALIBRATED_SYNTHETIC_RATE_NOT_SUPPLIER_QUOTE,FORECAST,PUBLIC_SYNTHETIC_PLANNING_MODEL,2026-09-06T00:00:00-07:00,MODELED_QUANTITY_AND_AMOUNT_MATCH,SETTLEMENT_LINKED_SEPARATELY_TO_FORECAST_LEDGER,150487,150487,0
PROC-base-202701-BST-OCC,PROC-base-202701-BST-OCC,base,2027,1,BST,OCC,Occupancy and utilities,642.999999999999978000,loaded_revenue_car,21.9951,1.0609,15004,99173,114177,SYN-V-20260906-BST-OCC,PO-PROC-base-202701-BST-OCC,RCV-PROC-base-202701-BST-OCC,INV-PROC-base-202701-BST-OCC,,2027-01-24,2027-02-23,INPUT_TO_FORECAST_PURCHASE_COST,CALIBRATED_SYNTHETIC_RATE_NOT_SUPPLIER_QUOTE,FORECAST,PUBLIC_SYNTHETIC_PLANNING_MODEL,2026-09-06T00:00:00-07:00,MODELED_QUANTITY_AND_AMOUNT_MATCH,SETTLEMENT_LINKED_SEPARATELY_TO_FORECAST_LEDGER,114177,114177,0
PROC-base-202701-BST-INS,PROC-base-202701-BST-INS,base,2027,1,BST,INS,Insurance and environmental services,642.999999999999978000,loaded_revenue_car,0.00,1.0609,0,110192,110192,SYN-V-20260906-BST-INS,PO-PROC-base-202701-BST-INS,RCV-PROC-base-202701-BST-INS,INV-PROC-base-202701-BST-INS,,2027-01-24,2027-02-23,INPUT_TO_FORECAST_PURCHASE_COST,CALIBRATED_SYNTHETIC_RATE_NOT_SUPPLIER_QUOTE,FORECAST,PUBLIC_SYNTHETIC_PLANNING_MODEL,2026-09-06T00:00:00-07:00,MODELED_QUANTITY_AND_AMOUNT_MATCH,SETTLEMENT_LINKED_SEPARATELY_TO_FORECAST_LEDGER,110192,110192,0
PROC-base-202701-BST-SERV,PROC-base-202701-BST-SERV,base,2027,1,BST,SERV,Other purchased operating services,642.999999999999978000,loaded_revenue_car,57.02433333333333333333333333,1.0609,38900,84264,123164,SYN-V-20260906-BST-SERV,PO-PROC-base-202701-BST-SERV,RCV-PROC-base-202701-BST-SERV,INV-PROC-base-202701-BST-SERV,,2027-01-24,2027-02-23,INPUT_TO_FORECAST_PURCHASE_COST,CALIBRATED_SYNTHETIC_RATE_NOT_SUPPLIER_QUOTE,FORECAST,PUBLIC_SYNTHETIC_PLANNING_MODEL,2026-09-06T00:00:00-07:00,MODELED_QUANTITY_AND_AMOUNT_MATCH,SETTLEMENT_LINKED_SEPARATELY_TO_FORECAST_LEDGER,123164,123164,0
PROC-base-202701-TERMINALS-MAT,PROC-base-202701-TERMINALS-MAT,base,2027,1,TERMINALS,MAT,Materials and fuel,18046.0000000000028000,handled_short_ton,5.207687007874015748031496063,1.0609,99701,12994,112695,SYN-V-20260906-TERMINALS-MAT,PO-PROC-base-202701-TERMINALS-MAT,RCV-PROC-base-202701-TERMINALS-MAT,INV-PROC-base-202701-TERMINALS-MAT,,2027-01-24,2027-02-23,INPUT_TO_FORECAST_PURCHASE_COST,CALIBRATED_SYNTHETIC_RATE_NOT_SUPPLIER_QUOTE,FORECAST,PUBLIC_SYNTHETIC_PLANNING_MODEL,2026-09-06T00:00:00-07:00,MODELED_QUANTITY_AND_AMOUNT_MATCH,SETTLEMENT_LINKED_SEPARATELY_TO_FORECAST_LEDGER,112695,112695,0
PROC-base-202701-TERMINALS-MAINT,PROC-base-202701-TERMINALS-MAINT,base,2027,1,TERMINALS,MAINT,Contract maintenance and equipment services,18046.0000000000028000,handled_short_ton,2.893159448818897637795275591,1.0609,55390,64968,120358,SYN-V-20260906-TERMINALS-MAINT,PO-PROC-base-202701-TERMINALS-MAINT,RCV-PROC-base-202701-TERMINALS-MAINT,INV-PROC-base-202701-TERMINALS-MAINT,WO-PROC-base-202701-TERMINALS-MAINT,2027-01-24,2027-02-23,INPUT_TO_FORECAST_PURCHASE_COST,CALIBRATED_SYNTHETIC_RATE_NOT_SUPPLIER_QUOTE,FORECAST,PUBLIC_SYNTHETIC_PLANNING_MODEL,2026-09-06T00:00:00-07:00,MODELED_QUANTITY_AND_AMOUNT_MATCH,SETTLEMENT_LINKED_SEPARATELY_TO_FORECAST_LEDGER,120358,120358,0
PROC-base-202701-TERMINALS-OCC,PROC-base-202701-TERMINALS-OCC,base,2027,1,TERMINALS,OCC,Occupancy and utilities,18046.0000000000028000,handled_short_ton,0.6943582677165354330708661417,1.0609,13293,88357,101650,SYN-V-20260906-TERMINALS-OCC,PO-PROC-base-202701-TERMINALS-OCC,RCV-PROC-base-202701-TERMINALS-OCC,INV-PROC-base-202701-TERMINALS-OCC,,2027-01-24,2027-02-23,INPUT_TO_FORECAST_PURCHASE_COST,CALIBRATED_SYNTHETIC_RATE_NOT_SUPPLIER_QUOTE,FORECAST,PUBLIC_SYNTHETIC_PLANNING_MODEL,2026-09-06T00:00:00-07:00,MODELED_QUANTITY_AND_AMOUNT_MATCH,SETTLEMENT_LINKED_SEPARATELY_TO_FORECAST_LEDGER,101650,101650,0
PROC-base-202701-TERMINALS-INS,PROC-base-202701-TERMINALS-INS,base,2027,1,TERMINALS,INS,Insurance and environmental services,18046.0000000000028000,handled_short_ton,0.00,1.0609,0,77962,77962,SYN-V-20260906-TERMINALS-INS,PO-PROC-base-202701-TERMINALS-INS,RCV-PROC-base-202701-TERMINALS-INS,INV-PROC-base-202701-TERMINALS-INS,,2027-01-24,2027-02-23,INPUT_TO_FORECAST_PURCHASE_COST,CALIBRATED_SYNTHETIC_RATE_NOT_SUPPLIER_QUOTE,FORECAST,PUBLIC_SYNTHETIC_PLANNING_MODEL,2026-09-06T00:00:00-07:00,MODELED_QUANTITY_AND_AMOUNT_MATCH,SETTLEMENT_LINKED_SEPARATELY_TO_FORECAST_LEDGER,77962,77962,0
PROC-base-202701-TERMINALS-SERV,PROC-base-202701-TERMINALS-SERV,base,2027,1,TERMINALS,SERV,Other purchased operating services,18046.0000000000028000,handled_short_ton,1.215126968503937007874015748,1.0609,23264,50675,73939,SYN-V-20260906-TERMINALS-SERV,PO-PROC-base-202701-TERMINALS-SERV,RCV-PROC-base-202701-TERMINALS-SERV,INV-PROC-base-202701-TERMINALS-SERV,,2027-01-24,2027-02-23,INPUT_TO_FORECAST_PURCHASE_COST,CALIBRATED_SYNTHETIC_RATE_NOT_SUPPLIER_QUOTE,FORECAST,PUBLIC_SYNTHETIC_PLANNING_MODEL,2026-09-06T00:00:00-07:00,MODELED_QUANTITY_AND_AMOUNT_MATCH,SETTLEMENT_LINKED_SEPARATELY_TO_FORECAST_LEDGER,73939,73939,0
PROC-base-202701-TRUCKING-MAT,PROC-base-202701-TRUCKING-MAT,base,2027,1,TRUCKING,MAT,Materials and fuel,1066.000000000000065000,billed_dispatch,73.1703,1.0609,82750,10782,93532,SYN-V-20260906-TRUCKING-MAT,PO-PROC-base-202701-TRUCKING-MAT,RCV-PROC-base-202701-TRUCKING-MAT,INV-PROC-base-202701-TRUCKING-MAT,,2027-01-24,2027-02-23,INPUT_TO_FORECAST_PURCHASE_COST,CALIBRATED_SYNTHETIC_RATE_NOT_SUPPLIER_QUOTE,FORECAST,PUBLIC_SYNTHETIC_PLANNING_MODEL,2026-09-06T00:00:00-07:00,MODELED_QUANTITY_AND_AMOUNT_MATCH,SETTLEMENT_LINKED_SEPARATELY_TO_FORECAST_LEDGER,93532,93532,0
PROC-base-202701-TRUCKING-MAINT,PROC-base-202701-TRUCKING-MAINT,base,2027,1,TRUCKING,MAINT,Contract maintenance and equipment services,1066.000000000000065000,billed_dispatch,29.03583333333333333333333333,1.0609,32837,38506,71343,SYN-V-20260906-TRUCKING-MAINT,PO-PROC-base-202701-TRUCKING-MAINT,RCV-PROC-base-202701-TRUCKING-MAINT,INV-PROC-base-202701-TRUCKING-MAINT,WO-PROC-base-202701-TRUCKING-MAINT,2027-01-24,2027-02-23,INPUT_TO_FORECAST_PURCHASE_COST,CALIBRATED_SYNTHETIC_RATE_NOT_SUPPLIER_QUOTE,FORECAST,PUBLIC_SYNTHETIC_PLANNING_MODEL,2026-09-06T00:00:00-07:00,MODELED_QUANTITY_AND_AMOUNT_MATCH,SETTLEMENT_LINKED_SEPARATELY_TO_FORECAST_LEDGER,71343,71343,0
PROC-base-202701-TRUCKING-OCC,PROC-base-202701-TRUCKING-OCC,base,2027,1,TRUCKING,OCC,Occupancy and utilities,1066.000000000000065000,billed_dispatch,6.9686,1.0609,7881,52367,60248,SYN-V-20260906-TRUCKING-OCC,PO-PROC-base-202701-TRUCKING-OCC,RCV-PROC-base-202701-TRUCKING-OCC,INV-PROC-base-202701-TRUCKING-OCC,,2027-01-24,2027-02-23,INPUT_TO_FORECAST_PURCHASE_COST,CALIBRATED_SYNTHETIC_RATE_NOT_SUPPLIER_QUOTE,FORECAST,PUBLIC_SYNTHETIC_PLANNING_MODEL,2026-09-06T00:00:00-07:00,MODELED_QUANTITY_AND_AMOUNT_MATCH,SETTLEMENT_LINKED_SEPARATELY_TO_FORECAST_LEDGER,60248,60248,0
PROC-base-202701-TRUCKING-INS,PROC-base-202701-TRUCKING-INS,base,2027,1,TRUCKING,INS,Insurance and environmental services,1066.000000000000065000,billed_dispatch,0.00,1.0609,0,30805,30805,SYN-V-20260906-TRUCKING-INS,PO-PROC-base-202701-TRUCKING-INS,RCV-PROC-base-202701-TRUCKING-INS,INV-PROC-base-202701-TRUCKING-INS,,2027-01-24,2027-02-23,INPUT_TO_FORECAST_PURCHASE_COST,CALIBRATED_SYNTHETIC_RATE_NOT_SUPPLIER_QUOTE,FORECAST,PUBLIC_SYNTHETIC_PLANNING_MODEL,2026-09-06T00:00:00-07:00,MODELED_QUANTITY_AND_AMOUNT_MATCH,SETTLEMENT_LINKED_SEPARATELY_TO_FORECAST_LEDGER,30805,30805,0
PROC-base-202701-TRUCKING-SERV,PROC-base-202701-TRUCKING-SERV,base,2027,1,TRUCKING,SERV,Other purchased operating services,1066.000000000000065000,billed_dispatch,8.130033333333333333333333333,1.0609,9194,20023,29217,SYN-V-20260906-TRUCKING-SERV,PO-PROC-base-202701-TRUCKING-SERV,RCV-PROC-base-202701-TRUCKING-SERV,INV-PROC-base-202701-TRUCKING-SERV,,2027-01-24,2027-02-23,INPUT_TO_FORECAST_PURCHASE_COST,CALIBRATED_SYNTHETIC_RATE_NOT_SUPPLIER_QUOTE,FORECAST,PUBLIC_SYNTHETIC_PLANNING_MODEL,2026-09-06T00:00:00-07:00,MODELED_QUANTITY_AND_AMOUNT_MATCH,SETTLEMENT_LINKED_SEPARATELY_TO_FORECAST_LEDGER,29217,29217,0
PROC-base-202701-WAREHOUSE-MAT,PROC-base-202701-WAREHOUSE-MAT,base,2027,1,WAREHOUSE,MAT,Materials and fuel,10017.999999999998874000,occupied_slot_month,4.417595744680851063829787234,1.0609,46951,6119,53070,SYN-V-20260906-WAREHOUSE-MAT,PO-PROC-base-202701-WAREHOUSE-MAT,RCV-PROC-base-202701-WAREHOUSE-MAT,INV-PROC-base-202701-WAREHOUSE-MAT,,2027-01-24,2027-02-23,INPUT_TO_FORECAST_PURCHASE_COST,CALIBRATED_SYNTHETIC_RATE_NOT_SUPPLIER_QUOTE,FORECAST,PUBLIC_SYNTHETIC_PLANNING_MODEL,2026-09-06T00:00:00-07:00,MODELED_QUANTITY_AND_AMOUNT_MATCH,SETTLEMENT_LINKED_SEPARATELY_TO_FORECAST_LEDGER,53070,53070,0
PROC-base-202701-WAREHOUSE-MAINT,PROC-base-202701-WAREHOUSE-MAINT,base,2027,1,WAREHOUSE,MAINT,Contract maintenance and equipment services,10017.999999999998874000,occupied_slot_month,1.402411347517730496453900709,1.0609,14905,17482,32387,SYN-V-20260906-WAREHOUSE-MAINT,PO-PROC-base-202701-WAREHOUSE-MAINT,RCV-PROC-base-202701-WAREHOUSE-MAINT,INV-PROC-base-202701-WAREHOUSE-MAINT,WO-PROC-base-202701-WAREHOUSE-MAINT,2027-01-24,2027-02-23,INPUT_TO_FORECAST_PURCHASE_COST,CALIBRATED_SYNTHETIC_RATE_NOT_SUPPLIER_QUOTE,FORECAST,PUBLIC_SYNTHETIC_PLANNING_MODEL,2026-09-06T00:00:00-07:00,MODELED_QUANTITY_AND_AMOUNT_MATCH,SETTLEMENT_LINKED_SEPARATELY_TO_FORECAST_LEDGER,32387,32387,0
PROC-base-202701-WAREHOUSE-OCC,PROC-base-202701-WAREHOUSE-OCC,base,2027,1,WAREHOUSE,OCC,Occupancy and utilities,10017.999999999998874000,occupied_slot_month,0.3155425531914893617021276596,1.0609,3354,22290,25644,SYN-V-20260906-WAREHOUSE-OCC,PO-PROC-base-202701-WAREHOUSE-OCC,RCV-PROC-base-202701-WAREHOUSE-OCC,INV-PROC-base-202701-WAREHOUSE-OCC,,2027-01-24,2027-02-23,INPUT_TO_FORECAST_PURCHASE_COST,CALIBRATED_SYNTHETIC_RATE_NOT_SUPPLIER_QUOTE,FORECAST,PUBLIC_SYNTHETIC_PLANNING_MODEL,2026-09-06T00:00:00-07:00,MODELED_QUANTITY_AND_AMOUNT_MATCH,SETTLEMENT_LINKED_SEPARATELY_TO_FORECAST_LEDGER,25644,25644,0
PROC-base-202701-WAREHOUSE-INS,PROC-base-202701-WAREHOUSE-INS,base,2027,1,WAREHOUSE,INS,Insurance and environmental services,10017.999999999998874000,occupied_slot_month,0.00,1.0609,0,26223,26223,SYN-V-20260906-WAREHOUSE-INS,PO-PROC-base-202701-WAREHOUSE-INS,RCV-PROC-base-202701-WAREHOUSE-INS,INV-PROC-base-202701-WAREHOUSE-INS,,2027-01-24,2027-02-23,INPUT_TO_FORECAST_PURCHASE_COST,CALIBRATED_SYNTHETIC_RATE_NOT_SUPPLIER_QUOTE,FORECAST,PUBLIC_SYNTHETIC_PLANNING_MODEL,2026-09-06T00:00:00-07:00,MODELED_QUANTITY_AND_AMOUNT_MATCH,SETTLEMENT_LINKED_SEPARATELY_TO_FORECAST_LEDGER,26223,26223,0
PROC-base-202701-WAREHOUSE-SERV,PROC-base-202701-WAREHOUSE-SERV,base,2027,1,WAREHOUSE,SERV,Other purchased operating services,10017.999999999998874000,occupied_slot_month,0.7362659574468085106382978723,1.0609,7825,17045,24870,SYN-V-20260906-WAREHOUSE-SERV,PO-PROC-base-202701-WAREHOUSE-SERV,RCV-PROC-base-202701-WAREHOUSE-SERV,INV-PROC-base-202701-WAREHOUSE-SERV,,2027-01-24,2027-02-23,INPUT_TO_FORECAST_PURCHASE_COST,CALIBRATED_SYNTHETIC_RATE_NOT_SUPPLIER_QUOTE,FORECAST,PUBLIC_SYNTHETIC_PLANNING_MODEL,2026-09-06T00:00:00-07:00,MODELED_QUANTITY_AND_AMOUNT_MATCH,SETTLEMENT_LINKED_SEPARATELY_TO_FORECAST_LEDGER,24870,24870,0
PROC-base-202701-ARU-MAT,PROC-base-202701-ARU-MAT,base,2027,1,ARU,MAT,Materials and fuel,1.000000000000000000000000000,corporate_service_month,10333.125,1.0609,10962,1219,12181,SYN-V-20260906-ARU-MAT,PO-PROC-base-202701-ARU-MAT,RCV-PROC-base-202701-ARU-MAT,INV-PROC-base-202701-ARU-MAT,,2027-01-24,2027-02-23,INPUT_TO_FORECAST_PURCHASE_COST,CALIBRATED_SYNTHETIC_RATE_NOT_SUPPLIER_QUOTE,FORECAST,PUBLIC_SYNTHETIC_PLANNING_MODEL,2026-09-06T00:00:00-07:00,MODELED_QUANTITY_AND_AMOUNT_MATCH,SETTLEMENT_LINKED_SEPARATELY_TO_FORECAST_LEDGER,12181,12181,0
PROC-base-202701-ARU-MAINT,PROC-base-202701-ARU-MAINT,base,2027,1,ARU,MAINT,Contract maintenance and equipment services,1.000000000000000000000000000,corporate_service_month,5740.625,1.0609,6090,6091,12181,SYN-V-20260906-ARU-MAINT,PO-PROC-base-202701-ARU-MAINT,RCV-PROC-base-202701-ARU-MAINT,INV-PROC-base-202701-ARU-MAINT,WO-PROC-base-202701-ARU-MAINT,2027-01-24,2027-02-23,INPUT_TO_FORECAST_PURCHASE_COST,CALIBRATED_SYNTHETIC_RATE_NOT_SUPPLIER_QUOTE,FORECAST,PUBLIC_SYNTHETIC_PLANNING_MODEL,2026-09-06T00:00:00-07:00,MODELED_QUANTITY_AND_AMOUNT_MATCH,SETTLEMENT_LINKED_SEPARATELY_TO_FORECAST_LEDGER,12181,12181,0
PROC-base-202701-ARU-OCC,PROC-base-202701-ARU-OCC,base,2027,1,ARU,OCC,Occupancy and utilities,1.000000000000000000000000000,corporate_service_month,1377.75,1.0609,1462,8283,9745,SYN-V-20260906-ARU-OCC,PO-PROC-base-202701-ARU-OCC,RCV-PROC-base-202701-ARU-OCC,INV-PROC-base-202701-ARU-OCC,,2027-01-24,2027-02-23,INPUT_TO_FORECAST_PURCHASE_COST,CALIBRATED_SYNTHETIC_RATE_NOT_SUPPLIER_QUOTE,FORECAST,PUBLIC_SYNTHETIC_PLANNING_MODEL,2026-09-06T00:00:00-07:00,MODELED_QUANTITY_AND_AMOUNT_MATCH,SETTLEMENT_LINKED_SEPARATELY_TO_FORECAST_LEDGER,9745,9745,0
PROC-base-202701-ARU-INS,PROC-base-202701-ARU-INS,base,2027,1,ARU,INS,Insurance and environmental services,1.000000000000000000000000000,corporate_service_month,0.00,1.0609,0,9745,9745,SYN-V-20260906-ARU-INS,PO-PROC-base-202701-ARU-INS,RCV-PROC-base-202701-ARU-INS,INV-PROC-base-202701-ARU-INS,,2027-01-24,2027-02-23,INPUT_TO_FORECAST_PURCHASE_COST,CALIBRATED_SYNTHETIC_RATE_NOT_SUPPLIER_QUOTE,FORECAST,PUBLIC_SYNTHETIC_PLANNING_MODEL,2026-09-06T00:00:00-07:00,MODELED_QUANTITY_AND_AMOUNT_MATCH,SETTLEMENT_LINKED_SEPARATELY_TO_FORECAST_LEDGER,9745,9745,0
PROC-base-202701-ARU-SERV,PROC-base-202701-ARU-SERV,base,2027,1,ARU,SERV,Other purchased operating services,1.000000000000000000000000000,corporate_service_month,1607.375,1.0609,1705,3167,4872,SYN-V-20260906-ARU-SERV,PO-PROC-base-202701-ARU-SERV,RCV-PROC-base-202701-ARU-SERV,INV-PROC-base-202701-ARU-SERV,,2027-01-24,2027-02-23,INPUT_TO_FORECAST_PURCHASE_COST,CALIBRATED_SYNTHETIC_RATE_NOT_SUPPLIER_QUOTE,FORECAST,PUBLIC_SYNTHETIC_PLANNING_MODEL,2026-09-06T00:00:00-07:00,MODELED_QUANTITY_AND_AMOUNT_MATCH,SETTLEMENT_LINKED_SEPARATELY_TO_FORECAST_LEDGER,4872,4872,0
PROC-base-202702-BST-MAT,PROC-base-202702-BST-MAT,base,2027,2,BST,MAT,Materials and fuel,642.999999999999978000,loaded_revenue_car,146.634,1.0609,100028,12964,112992,SYN-V-20260906-BST-MAT,PO-PROC-base-202702-BST-MAT,RCV-PROC-base-202702-BST-MAT,INV-PROC-base-202702-BST-MAT,,2027-02-24,2027-03-26,INPUT_TO_FORECAST_PURCHASE_COST,CALIBRATED_SYNTHETIC_RATE_NOT_SUPPLIER_QUOTE,FORECAST,PUBLIC_SYNTHETIC_PLANNING_MODEL,2026-09-06T00:00:00-07:00,MODELED_QUANTITY_AND_AMOUNT_MATCH,SETTLEMENT_LINKED_SEPARATELY_TO_FORECAST_LEDGER,112992,112992,0
PROC-base-202702-BST-MAINT,PROC-base-202702-BST-MAINT,base,2027,2,BST,MAINT,Contract maintenance and equipment services,642.999999999999978000,loaded_revenue_car,101.8291666666666666666666667,1.0609,69464,81023,150487,SYN-V-20260906-BST-MAINT,PO-PROC-base-202702-BST-MAINT,RCV-PROC-base-202702-BST-MAINT,INV-PROC-base-202702-BST-MAINT,WO-PROC-base-202702-BST-MAINT,2027-02-24,2027-03-26,INPUT_TO_FORECAST_PURCHASE_COST,CALIBRATED_SYNTHETIC_RATE_NOT_SUPPLIER_QUOTE,FORECAST,PUBLIC_SYNTHETIC_PLANNING_MODEL,2026-09-06T00:00:00-07:00,MODELED_QUANTITY_AND_AMOUNT_MATCH,SETTLEMENT_LINKED_SEPARATELY_TO_FORECAST_LEDGER,150487,150487,0
PROC-base-202702-BST-OCC,PROC-base-202702-BST-OCC,base,2027,2,BST,OCC,Occupancy and utilities,642.999999999999978000,loaded_revenue_car,21.9951,1.0609,15004,99172,114176,SYN-V-20260906-BST-OCC,PO-PROC-base-202702-BST-OCC,RCV-PROC-base-202702-BST-OCC,INV-PROC-base-202702-BST-OCC,,2027-02-24,2027-03-26,INPUT_TO_FORECAST_PURCHASE_COST,CALIBRATED_SYNTHETIC_RATE_NOT_SUPPLIER_QUOTE,FORECAST,PUBLIC_SYNTHETIC_PLANNING_MODEL,2026-09-06T00:00:00-07:00,MODELED_QUANTITY_AND_AMOUNT_MATCH,SETTLEMENT_LINKED_SEPARATELY_TO_FORECAST_LEDGER,114176,114176,0
PROC-base-202702-BST-INS,PROC-base-202702-BST-INS,base,2027,2,BST,INS,Insurance and environmental services,642.999999999999978000,loaded_revenue_car,0.00,1.0609,0,110192,110192,SYN-V-20260906-BST-INS,PO-PROC-base-202702-BST-INS,RCV-PROC-base-202702-BST-INS,INV-PROC-base-202702-BST-INS,,2027-02-24,2027-03-26,INPUT_TO_FORECAST_PURCHASE_COST,CALIBRATED_SYNTHETIC_RATE_NOT_SUPPLIER_QUOTE,FORECAST,PUBLIC_SYNTHETIC_PLANNING_MODEL,2026-09-06T00:00:00-07:00,MODELED_QUANTITY_AND_AMOUNT_MATCH,SETTLEMENT_LINKED_SEPARATELY_TO_FORECAST_LEDGER,110192,110192,0
PROC-base-202702-BST-SERV,PROC-base-202702-BST-SERV,base,2027,2,BST,SERV,Other purchased operating services,642.999999999999978000,loaded_revenue_car,57.02433333333333333333333333,1.0609,38900,84264,123164,SYN-V-20260906-BST-SERV,PO-PROC-base-202702-BST-SERV,RCV-PROC-base-202702-BST-SERV,INV-PROC-base-202702-BST-SERV,,2027-02-24,2027-03-26,INPUT_TO_FORECAST_PURCHASE_COST,CALIBRATED_SYNTHETIC_RATE_NOT_SUPPLIER_QUOTE,FORECAST,PUBLIC_SYNTHETIC_PLANNING_MODEL,2026-09-06T00:00:00-07:00,MODELED_QUANTITY_AND_AMOUNT_MATCH,SETTLEMENT_LINKED_SEPARATELY_TO_FORECAST_LEDGER,123164,123164,0
PROC-base-202702-TERMINALS-MAT,PROC-base-202702-TERMINALS-MAT,base,2027,2,TERMINALS,MAT,Materials and fuel,18046.0000000000028000,handled_short_ton,5.207687007874015748031496063,1.0609,99701,12994,112695,SYN-V-20260906-TERMINALS-MAT,PO-PROC-base-202702-TERMINALS-MAT,RCV-PROC-base-202702-TERMINALS-MAT,INV-PROC-base-202702-TERMINALS-MAT,,2027-02-24,2027-03-26,INPUT_TO_FORECAST_PURCHASE_COST,CALIBRATED_SYNTHETIC_RATE_NOT_SUPPLIER_QUOTE,FORECAST,PUBLIC_SYNTHETIC_PLANNING_MODEL,2026-09-06T00:00:00-07:00,MODELED_QUANTITY_AND_AMOUNT_MATCH,SETTLEMENT_LINKED_SEPARATELY_TO_FORECAST_LEDGER,112695,112695,0
PROC-base-202702-TERMINALS-MAINT,PROC-base-202702-TERMINALS-MAINT,base,2027,2,TERMINALS,MAINT,Contract maintenance and equipment services,18046.0000000000028000,handled_short_ton,2.893159448818897637795275591,1.0609,55390,64968,120358,SYN-V-20260906-TERMINALS-MAINT,PO-PROC-base-202702-TERMINALS-MAINT,RCV-PROC-base-202702-TERMINALS-MAINT,INV-PROC-base-202702-TERMINALS-MAINT,WO-PROC-base-202702-TERMINALS-MAINT,2027-02-24,2027-03-26,INPUT_TO_FORECAST_PURCHASE_COST,CALIBRATED_SYNTHETIC_RATE_NOT_SUPPLIER_QUOTE,FORECAST,PUBLIC_SYNTHETIC_PLANNING_MODEL,2026-09-06T00:00:00-07:00,MODELED_QUANTITY_AND_AMOUNT_MATCH,SETTLEMENT_LINKED_SEPARATELY_TO_FORECAST_LEDGER,120358,120358,0
PROC-base-202702-TERMINALS-OCC,PROC-base-202702-TERMINALS-OCC,base,2027,2,TERMINALS,OCC,Occupancy and utilities,18046.0000000000028000,handled_short_ton,0.6943582677165354330708661417,1.0609,13293,88357,101650,SYN-V-20260906-TERMINALS-OCC,PO-PROC-base-202702-TERMINALS-OCC,RCV-PROC-base-202702-TERMINALS-OCC,INV-PROC-base-202702-TERMINALS-OCC,,2027-02-24,2027-03-26,INPUT_TO_FORECAST_PURCHASE_COST,CALIBRATED_SYNTHETIC_RATE_NOT_SUPPLIER_QUOTE,FORECAST,PUBLIC_SYNTHETIC_PLANNING_MODEL,2026-09-06T00:00:00-07:00,MODELED_QUANTITY_AND_AMOUNT_MATCH,SETTLEMENT_LINKED_SEPARATELY_TO_FORECAST_LEDGER,101650,101650,0
PROC-base-202702-TERMINALS-INS,PROC-base-202702-TERMINALS-INS,base,2027,2,TERMINALS,INS,Insurance and environmental services,18046.0000000000028000,handled_short_ton,0.00,1.0609,0,77962,77962,SYN-V-20260906-TERMINALS-INS,PO-PROC-base-202702-TERMINALS-INS,RCV-PROC-base-202702-TERMINALS-INS,INV-PROC-base-202702-TERMINALS-INS,,2027-02-24,2027-03-26,INPUT_TO_FORECAST_PURCHASE_COST,CALIBRATED_SYNTHETIC_RATE_NOT_SUPPLIER_QUOTE,FORECAST,PUBLIC_SYNTHETIC_PLANNING_MODEL,2026-09-06T00:00:00-07:00,MODELED_QUANTITY_AND_AMOUNT_MATCH,SETTLEMENT_LINKED_SEPARATELY_TO_FORECAST_LEDGER,77962,77962,0
PROC-base-202702-TERMINALS-SERV,PROC-base-202702-TERMINALS-SERV,base,2027,2,TERMINALS,SERV,Other purchased operating services,18046.0000000000028000,handled_short_ton,1.215126968503937007874015748,1.0609,23264,50675,73939,SYN-V-20260906-TERMINALS-SERV,PO-PROC-base-202702-TERMINALS-SERV,RCV-PROC-base-202702-TERMINALS-SERV,INV-PROC-base-202702-TERMINALS-SERV,,2027-02-24,2027-03-26,INPUT_TO_FORECAST_PURCHASE_COST,CALIBRATED_SYNTHETIC_RATE_NOT_SUPPLIER_QUOTE,FORECAST,PUBLIC_SYNTHETIC_PLANNING_MODEL,2026-09-06T00:00:00-07:00,MODELED_QUANTITY_AND_AMOUNT_MATCH,SETTLEMENT_LINKED_SEPARATELY_TO_FORECAST_LEDGER,73939,73939,0
PROC-base-202702-TRUCKING-MAT,PROC-base-202702-TRUCKING-MAT,base,2027,2,TRUCKING,MAT,Materials and fuel,1066.000000000000065000,billed_dispatch,73.1703,1.0609,82750,10782,93532,SYN-V-20260906-TRUCKING-MAT,PO-PROC-base-202702-TRUCKING-MAT,RCV-PROC-base-202702-TRUCKING-MAT,INV-PROC-base-202702-TRUCKING-MAT,,2027-02-24,2027-03-26,INPUT_TO_FORECAST_PURCHASE_COST,CALIBRATED_SYNTHETIC_RATE_NOT_SUPPLIER_QUOTE,FORECAST,PUBLIC_SYNTHETIC_PLANNING_MODEL,2026-09-06T00:00:00-07:00,MODELED_QUANTITY_AND_AMOUNT_MATCH,SETTLEMENT_LINKED_SEPARATELY_TO_FORECAST_LEDGER,93532,93532,0
PROC-base-202702-TRUCKING-MAINT,PROC-base-202702-TRUCKING-MAINT,base,2027,2,TRUCKING,MAINT,Contract maintenance and equipment services,1066.000000000000065000,billed_dispatch,29.03583333333333333333333333,1.0609,32837,38506,71343,SYN-V-20260906-TRUCKING-MAINT,PO-PROC-base-202702-TRUCKING-MAINT,RCV-PROC-base-202702-TRUCKING-MAINT,INV-PROC-base-202702-TRUCKING-MAINT,WO-PROC-base-202702-TRUCKING-MAINT,2027-02-24,2027-03-26,INPUT_TO_FORECAST_PURCHASE_COST,CALIBRATED_SYNTHETIC_RATE_NOT_SUPPLIER_QUOTE,FORECAST,PUBLIC_SYNTHETIC_PLANNING_MODEL,2026-09-06T00:00:00-07:00,MODELED_QUANTITY_AND_AMOUNT_MATCH,SETTLEMENT_LINKED_SEPARATELY_TO_FORECAST_LEDGER,71343,71343,0
PROC-base-202702-TRUCKING-OCC,PROC-base-202702-TRUCKING-OCC,base,2027,2,TRUCKING,OCC,Occupancy and utilities,1066.000000000000065000,billed_dispatch,6.9686,1.0609,7881,52367,60248,SYN-V-20260906-TRUCKING-OCC,PO-PROC-base-202702-TRUCKING-OCC,RCV-PROC-base-202702-TRUCKING-OCC,INV-PROC-base-202702-TRUCKING-OCC,,2027-02-24,2027-03-26,INPUT_TO_FORECAST_PURCHASE_COST,CALIBRATED_SYNTHETIC_RATE_NOT_SUPPLIER_QUOTE,FORECAST,PUBLIC_SYNTHETIC_PLANNING_MODEL,2026-09-06T00:00:00-07:00,MODELED_QUANTITY_AND_AMOUNT_MATCH,SETTLEMENT_LINKED_SEPARATELY_TO_FORECAST_LEDGER,60248,60248,0
PROC-base-202702-TRUCKING-INS,PROC-base-202702-TRUCKING-INS,base,2027,2,TRUCKING,INS,Insurance and environmental services,1066.000000000000065000,billed_dispatch,0.00,1.0609,0,30804,30804,SYN-V-20260906-TRUCKING-INS,PO-PROC-base-202702-TRUCKING-INS,RCV-PROC-base-202702-TRUCKING-INS,INV-PROC-base-202702-TRUCKING-INS,,2027-02-24,2027-03-26,INPUT_TO_FORECAST_PURCHASE_COST,CALIBRATED_SYNTHETIC_RATE_NOT_SUPPLIER_QUOTE,FORECAST,PUBLIC_SYNTHETIC_PLANNING_MODEL,2026-09-06T00:00:00-07:00,MODELED_QUANTITY_AND_AMOUNT_MATCH,SETTLEMENT_LINKED_SEPARATELY_TO_FORECAST_LEDGER,30804,30804,0
PROC-base-202702-TRUCKING-SERV,PROC-base-202702-TRUCKING-SERV,base,2027,2,TRUCKING,SERV,Other purchased operating services,1066.000000000000065000,billed_dispatch,8.130033333333333333333333333,1.0609,9194,20023,29217,SYN-V-20260906-TRUCKING-SERV,PO-PROC-base-202702-TRUCKING-SERV,RCV-PROC-base-202702-TRUCKING-SERV,INV-PROC-base-202702-TRUCKING-SERV,,2027-02-24,2027-03-26,INPUT_TO_FORECAST_PURCHASE_COST,CALIBRATED_SYNTHETIC_RATE_NOT_SUPPLIER_QUOTE,FORECAST,PUBLIC_SYNTHETIC_PLANNING_MODEL,2026-09-06T00:00:00-07:00,MODELED_QUANTITY_AND_AMOUNT_MATCH,SETTLEMENT_LINKED_SEPARATELY_TO_FORECAST_LEDGER,29217,29217,0
PROC-base-202702-WAREHOUSE-MAT,PROC-base-202702-WAREHOUSE-MAT,base,2027,2,WAREHOUSE,MAT,Materials and fuel,10017.999999999998874000,occupied_slot_month,4.417595744680851063829787234,1.0609,46951,6119,53070,SYN-V-20260906-WAREHOUSE-MAT,PO-PROC-base-202702-WAREHOUSE-MAT,RCV-PROC-base-202702-WAREHOUSE-MAT,INV-PROC-base-202702-WAREHOUSE-MAT,,2027-02-24,2027-03-26,INPUT_TO_FORECAST_PURCHASE_COST,CALIBRATED_SYNTHETIC_RATE_NOT_SUPPLIER_QUOTE,FORECAST,PUBLIC_SYNTHETIC_PLANNING_MODEL,2026-09-06T00:00:00-07:00,MODELED_QUANTITY_AND_AMOUNT_MATCH,SETTLEMENT_LINKED_SEPARATELY_TO_FORECAST_LEDGER,53070,53070,0
PROC-base-202702-WAREHOUSE-MAINT,PROC-base-202702-WAREHOUSE-MAINT,base,2027,2,WAREHOUSE,MAINT,Contract maintenance and equipment services,10017.999999999998874000,occupied_slot_month,1.402411347517730496453900709,1.0609,14905,17482,32387,SYN-V-20260906-WAREHOUSE-MAINT,PO-PROC-base-202702-WAREHOUSE-MAINT,RCV-PROC-base-202702-WAREHOUSE-MAINT,INV-PROC-base-202702-WAREHOUSE-MAINT,WO-PROC-base-202702-WAREHOUSE-MAINT,2027-02-24,2027-03-26,INPUT_TO_FORECAST_PURCHASE_COST,CALIBRATED_SYNTHETIC_RATE_NOT_SUPPLIER_QUOTE,FORECAST,PUBLIC_SYNTHETIC_PLANNING_MODEL,2026-09-06T00:00:00-07:00,MODELED_QUANTITY_AND_AMOUNT_MATCH,SETTLEMENT_LINKED_SEPARATELY_TO_FORECAST_LEDGER,32387,32387,0
PROC-base-202702-WAREHOUSE-OCC,PROC-base-202702-WAREHOUSE-OCC,base,2027,2,WAREHOUSE,OCC,Occupancy and utilities,10017.999999999998874000,occupied_slot_month,0.3155425531914893617021276596,1.0609,3354,22290,25644,SYN-V-20260906-WAREHOUSE-OCC,PO-PROC-base-202702-WAREHOUSE-OCC,RCV-PROC-base-202702-WAREHOUSE-OCC,INV-PROC-base-202702-WAREHOUSE-OCC,,2027-02-24,2027-03-26,INPUT_TO_FORECAST_PURCHASE_COST,CALIBRATED_SYNTHETIC_RATE_NOT_SUPPLIER_QUOTE,FORECAST,PUBLIC_SYNTHETIC_PLANNING_MODEL,2026-09-06T00:00:00-07:00,MODELED_QUANTITY_AND_AMOUNT_MATCH,SETTLEMENT_LINKED_SEPARATELY_TO_FORECAST_LEDGER,25644,25644,0
PROC-base-202702-WAREHOUSE-INS,PROC-base-202702-WAREHOUSE-INS,base,2027,2,WAREHOUSE,INS,Insurance and environmental services,10017.999999999998874000,occupied_slot_month,0.00,1.0609,0,26223,26223,SYN-V-20260906-WAREHOUSE-INS,PO-PROC-base-202702-WAREHOUSE-INS,RCV-PROC-base-202702-WAREHOUSE-INS,INV-PROC-base-202702-WAREHOUSE-INS,,2027-02-24,2027-03-26,INPUT_TO_FORECAST_PURCHASE_COST,CALIBRATED_SYNTHETIC_RATE_NOT_SUPPLIER_QUOTE,FORECAST,PUBLIC_SYNTHETIC_PLANNING_MODEL,2026-09-06T00:00:00-07:00,MODELED_QUANTITY_AND_AMOUNT_MATCH,SETTLEMENT_LINKED_SEPARATELY_TO_FORECAST_LEDGER,26223,26223,0
PROC-base-202702-WAREHOUSE-SERV,PROC-base-202702-WAREHOUSE-SERV,base,2027,2,WAREHOUSE,SERV,Other purchased operating services,10017.999999999998874000,occupied_slot_month,0.7362659574468085106382978723,1.0609,7825,17045,24870,SYN-V-20260906-WAREHOUSE-SERV,PO-PROC-base-202702-WAREHOUSE-SERV,RCV-PROC-base-202702-WAREHOUSE-SERV,INV-PROC-base-202702-WAREHOUSE-SERV,,2027-02-24,2027-03-26,INPUT_TO_FORECAST_PURCHASE_COST,CALIBRATED_SYNTHETIC_RATE_NOT_SUPPLIER_QUOTE,FORECAST,PUBLIC_SYNTHETIC_PLANNING_MODEL,2026-09-06T00:00:00-07:00,MODELED_QUANTITY_AND_AMOUNT_MATCH,SETTLEMENT_LINKED_SEPARATELY_TO_FORECAST_LEDGER,24870,24870,0
PROC-base-202702-ARU-MAT,PROC-base-202702-ARU-MAT,base,2027,2,ARU,MAT,Materials and fuel,1.000000000000000000000000000,corporate_service_month,10333.125,1.0609,10962,1218,12180,SYN-V-20260906-ARU-MAT,PO-PROC-base-202702-ARU-MAT,RCV-PROC-base-202702-ARU-MAT,INV-PROC-base-202702-ARU-MAT,,2027-02-24,2027-03-26,INPUT_TO_FORECAST_PURCHASE_COST,CALIBRATED_SYNTHETIC_RATE_NOT_SUPPLIER_QUOTE,FORECAST,PUBLIC_SYNTHETIC_PLANNING_MODEL,2026-09-06T00:00:00-07:00,MODELED_QUANTITY_AND_AMOUNT_MATCH,SETTLEMENT_LINKED_SEPARATELY_TO_FORECAST_LEDGER,12180,12180,0
PROC-base-202702-ARU-MAINT,PROC-base-202702-ARU-MAINT,base,2027,2,ARU,MAINT,Contract maintenance and equipment services,1.000000000000000000000000000,corporate_service_month,5740.625,1.0609,6090,6091,12181,SYN-V-20260906-ARU-MAINT,PO-PROC-base-202702-ARU-MAINT,RCV-PROC-base-202702-ARU-MAINT,INV-PROC-base-202702-ARU-MAINT,WO-PROC-base-202702-ARU-MAINT,2027-02-24,2027-03-26,INPUT_TO_FORECAST_PURCHASE_COST,CALIBRATED_SYNTHETIC_RATE_NOT_SUPPLIER_QUOTE,FORECAST,PUBLIC_SYNTHETIC_PLANNING_MODEL,2026-09-06T00:00:00-07:00,MODELED_QUANTITY_AND_AMOUNT_MATCH,SETTLEMENT_LINKED_SEPARATELY_TO_FORECAST_LEDGER,12181,12181,0
PROC-base-202702-ARU-OCC,PROC-base-202702-ARU-OCC,base,2027,2,ARU,OCC,Occupancy and utilities,1.000000000000000000000000000,corporate_service_month,1377.75,1.0609,1462,8283,9745,SYN-V-20260906-ARU-OCC,PO-PROC-base-202702-ARU-OCC,RCV-PROC-base-202702-ARU-OCC,INV-PROC-base-202702-ARU-OCC,,2027-02-24,2027-03-26,INPUT_TO_FORECAST_PURCHASE_COST,CALIBRATED_SYNTHETIC_RATE_NOT_SUPPLIER_QUOTE,FORECAST,PUBLIC_SYNTHETIC_PLANNING_MODEL,2026-09-06T00:00:00-07:00,MODELED_QUANTITY_AND_AMOUNT_MATCH,SETTLEMENT_LINKED_SEPARATELY_TO_FORECAST_LEDGER,9745,9745,0
PROC-base-202702-ARU-INS,PROC-base-202702-ARU-INS,base,2027,2,ARU,INS,Insurance and environmental services,1.000000000000000000000000000,corporate_service_month,0.00,1.0609,0,9745,9745,SYN-V-20260906-ARU-INS,PO-PROC-base-202702-ARU-INS,RCV-PROC-base-202702-ARU-INS,INV-PROC-base-202702-ARU-INS,,2027-02-24,2027-03-26,INPUT_TO_FORECAST_PURCHASE_COST,CALIBRATED_SYNTHETIC_RATE_NOT_SUPPLIER_QUOTE,FORECAST,PUBLIC_SYNTHETIC_PLANNING_MODEL,2026-09-06T00:00:00-07:00,MODELED_QUANTITY_AND_AMOUNT_MATCH,SETTLEMENT_LINKED_SEPARATELY_TO_FORECAST_LEDGER,9745,9745,0
PROC-base-202702-ARU-SERV,PROC-base-202702-ARU-SERV,base,2027,2,ARU,SERV,Other purchased operating services,1.000000000000000000000000000,corporate_service_month,1607.375,1.0609,1705,3167,4872,SYN-V-20260906-ARU-SERV,PO-PROC-base-202702-ARU-SERV,RCV-PROC-base-202702-ARU-SERV,INV-PROC-base-202702-ARU-SERV,,2027-02-24,2027-03-26,INPUT_TO_FORECAST_PURCHASE_COST,CALIBRATED_SYNTHETIC_RATE_NOT_SUPPLIER_QUOTE,FORECAST,PUBLIC_SYNTHETIC_PLANNING_MODEL,2026-09-06T00:00:00-07:00,MODELED_QUANTITY_AND_AMOUNT_MATCH,SETTLEMENT_LINKED_SEPARATELY_TO_FORECAST_LEDGER,4872,4872,0
PROC-base-202703-BST-MAT,PROC-base-202703-BST-MAT,base,2027,3,BST,MAT,Materials and fuel,734.999999999999976000,loaded_revenue_car,146.634,1.0609,114340,12964,127304,SYN-V-20260906-BST-MAT,PO-PROC-base-202703-BST-MAT,RCV-PROC-base-202703-BST-MAT,INV-PROC-base-202703-BST-MAT,,2027-03-24,2027-04-23,INPUT_TO_FORECAST_PURCHASE_COST,CALIBRATED_SYNTHETIC_RATE_NOT_SUPPLIER_QUOTE,FORECAST,PUBLIC_SYNTHETIC_PLANNING_MODEL,2026-09-06T00:00:00-07:00,MODELED_QUANTITY_AND_AMOUNT_MATCH,SETTLEMENT_LINKED_SEPARATELY_TO_FORECAST_LEDGER,127304,127304,0
PROC-base-202703-BST-MAINT,PROC-base-202703-BST-MAINT,base,2027,3,BST,MAINT,Contract maintenance and equipment services,734.999999999999976000,loaded_revenue_car,101.8291666666666666666666667,1.0609,79402,81023,160425,SYN-V-20260906-BST-MAINT,PO-PROC-base-202703-BST-MAINT,RCV-PROC-base-202703-BST-MAINT,INV-PROC-base-202703-BST-MAINT,WO-PROC-base-202703-BST-MAINT,2027-03-24,2027-04-23,INPUT_TO_FORECAST_PURCHASE_COST,CALIBRATED_SYNTHETIC_RATE_NOT_SUPPLIER_QUOTE,FORECAST,PUBLIC_SYNTHETIC_PLANNING_MODEL,2026-09-06T00:00:00-07:00,MODELED_QUANTITY_AND_AMOUNT_MATCH,SETTLEMENT_LINKED_SEPARATELY_TO_FORECAST_LEDGER,160425,160425,0
PROC-base-202703-BST-OCC,PROC-base-202703-BST-OCC,base,2027,3,BST,OCC,Occupancy and utilities,734.999999999999976000,loaded_revenue_car,21.9951,1.0609,17151,99172,116323,SYN-V-20260906-BST-OCC,PO-PROC-base-202703-BST-OCC,RCV-PROC-base-202703-BST-OCC,INV-PROC-base-202703-BST-OCC,,2027-03-24,2027-04-23,INPUT_TO_FORECAST_PURCHASE_COST,CALIBRATED_SYNTHETIC_RATE_NOT_SUPPLIER_QUOTE,FORECAST,PUBLIC_SYNTHETIC_PLANNING_MODEL,2026-09-06T00:00:00-07:00,MODELED_QUANTITY_AND_AMOUNT_MATCH,SETTLEMENT_LINKED_SEPARATELY_TO_FORECAST_LEDGER,116323,116323,0
PROC-base-202703-BST-INS,PROC-base-202703-BST-INS,base,2027,3,BST,INS,Insurance and environmental services,734.999999999999976000,loaded_revenue_car,0.00,1.0609,0,110191,110191,SYN-V-20260906-BST-INS,PO-PROC-base-202703-BST-INS,RCV-PROC-base-202703-BST-INS,INV-PROC-base-202703-BST-INS,,2027-03-24,2027-04-23,INPUT_TO_FORECAST_PURCHASE_COST,CALIBRATED_SYNTHETIC_RATE_NOT_SUPPLIER_QUOTE,FORECAST,PUBLIC_SYNTHETIC_PLANNING_MODEL,2026-09-06T00:00:00-07:00,MODELED_QUANTITY_AND_AMOUNT_MATCH,SETTLEMENT_LINKED_SEPARATELY_TO_FORECAST_LEDGER,110191,110191,0
PROC-base-202703-BST-SERV,PROC-base-202703-BST-SERV,base,2027,3,BST,SERV,Other purchased operating services,734.999999999999976000,loaded_revenue_car,57.02433333333333333333333333,1.0609,44465,84264,128729,SYN-V-20260906-BST-SERV,PO-PROC-base-202703-BST-SERV,RCV-PROC-base-202703-BST-SERV,INV-PROC-base-202703-BST-SERV,,2027-03-24,2027-04-23,INPUT_TO_FORECAST_PURCHASE_COST,CALIBRATED_SYNTHETIC_RATE_NOT_SUPPLIER_QUOTE,FORECAST,PUBLIC_SYNTHETIC_PLANNING_MODEL,2026-09-06T00:00:00-07:00,MODELED_QUANTITY_AND_AMOUNT_MATCH,SETTLEMENT_LINKED_SEPARATELY_TO_FORECAST_LEDGER,128729,128729,0
PROC-base-202703-TERMINALS-MAT,PROC-base-202703-TERMINALS-MAT,base,2027,3,TERMINALS,MAT,Materials and fuel,20624.99999999999920000,handled_short_ton,5.207687007874015748031496063,1.0609,113950,12994,126944,SYN-V-20260906-TERMINALS-MAT,PO-PROC-base-202703-TERMINALS-MAT,RCV-PROC-base-202703-TERMINALS-MAT,INV-PROC-base-202703-TERMINALS-MAT,,2027-03-24,2027-04-23,INPUT_TO_FORECAST_PURCHASE_COST,CALIBRATED_SYNTHETIC_RATE_NOT_SUPPLIER_QUOTE,FORECAST,PUBLIC_SYNTHETIC_PLANNING_MODEL,2026-09-06T00:00:00-07:00,MODELED_QUANTITY_AND_AMOUNT_MATCH,SETTLEMENT_LINKED_SEPARATELY_TO_FORECAST_LEDGER,126944,126944,0
PROC-base-202703-TERMINALS-MAINT,PROC-base-202703-TERMINALS-MAINT,base,2027,3,TERMINALS,MAINT,Contract maintenance and equipment services,20624.99999999999920000,handled_short_ton,2.893159448818897637795275591,1.0609,63305,64968,128273,SYN-V-20260906-TERMINALS-MAINT,PO-PROC-base-202703-TERMINALS-MAINT,RCV-PROC-base-202703-TERMINALS-MAINT,INV-PROC-base-202703-TERMINALS-MAINT,WO-PROC-base-202703-TERMINALS-MAINT,2027-03-24,2027-04-23,INPUT_TO_FORECAST_PURCHASE_COST,CALIBRATED_SYNTHETIC_RATE_NOT_SUPPLIER_QUOTE,FORECAST,PUBLIC_SYNTHETIC_PLANNING_MODEL,2026-09-06T00:00:00-07:00,MODELED_QUANTITY_AND_AMOUNT_MATCH,SETTLEMENT_LINKED_SEPARATELY_TO_FORECAST_LEDGER,128273,128273,0
PROC-base-202703-TERMINALS-OCC,PROC-base-202703-TERMINALS-OCC,base,2027,3,TERMINALS,OCC,Occupancy and utilities,20624.99999999999920000,handled_short_ton,0.6943582677165354330708661417,1.0609,15193,88357,103550,SYN-V-20260906-TERMINALS-OCC,PO-PROC-base-202703-TERMINALS-OCC,RCV-PROC-base-202703-TERMINALS-OCC,INV-PROC-base-202703-TERMINALS-OCC,,2027-03-24,2027-04-23,INPUT_TO_FORECAST_PURCHASE_COST,CALIBRATED_SYNTHETIC_RATE_NOT_SUPPLIER_QUOTE,FORECAST,PUBLIC_SYNTHETIC_PLANNING_MODEL,2026-09-06T00:00:00-07:00,MODELED_QUANTITY_AND_AMOUNT_MATCH,SETTLEMENT_LINKED_SEPARATELY_TO_FORECAST_LEDGER,103550,103550,0
PROC-base-202703-TERMINALS-INS,PROC-base-202703-TERMINALS-INS,base,2027,3,TERMINALS,INS,Insurance and environmental services,20624.99999999999920000,handled_short_ton,0.00,1.0609,0,77962,77962,SYN-V-20260906-TERMINALS-INS,PO-PROC-base-202703-TERMINALS-INS,RCV-PROC-base-202703-TERMINALS-INS,INV-PROC-base-202703-TERMINALS-INS,,2027-03-24,2027-04-23,INPUT_TO_FORECAST_PURCHASE_COST,CALIBRATED_SYNTHETIC_RATE_NOT_SUPPLIER_QUOTE,FORECAST,PUBLIC_SYNTHETIC_PLANNING_MODEL,2026-09-06T00:00:00-07:00,MODELED_QUANTITY_AND_AMOUNT_MATCH,SETTLEMENT_LINKED_SEPARATELY_TO_FORECAST_LEDGER,77962,77962,0
PROC-base-202703-TERMINALS-SERV,PROC-base-202703-TERMINALS-SERV,base,2027,3,TERMINALS,SERV,Other purchased operating services,20624.99999999999920000,handled_short_ton,1.215126968503937007874015748,1.0609,26588,50675,77263,SYN-V-20260906-TERMINALS-SERV,PO-PROC-base-202703-TERMINALS-SERV,RCV-PROC-base-202703-TERMINALS-SERV,INV-PROC-base-202703-TERMINALS-SERV,,2027-03-24,2027-04-23,INPUT_TO_FORECAST_PURCHASE_COST,CALIBRATED_SYNTHETIC_RATE_NOT_SUPPLIER_QUOTE,FORECAST,PUBLIC_SYNTHETIC_PLANNING_MODEL,2026-09-06T00:00:00-07:00,MODELED_QUANTITY_AND_AMOUNT_MATCH,SETTLEMENT_LINKED_SEPARATELY_TO_FORECAST_LEDGER,77263,77263,0
PROC-base-202703-TRUCKING-MAT,PROC-base-202703-TRUCKING-MAT,base,2027,3,TRUCKING,MAT,Materials and fuel,1218.00000,billed_dispatch,73.1703,1.0609,94549,10782,105331,SYN-V-20260906-TRUCKING-MAT,PO-PROC-base-202703-TRUCKING-MAT,RCV-PROC-base-202703-TRUCKING-MAT,INV-PROC-base-202703-TRUCKING-MAT,,2027-03-24,2027-04-23,INPUT_TO_FORECAST_PURCHASE_COST,CALIBRATED_SYNTHETIC_RATE_NOT_SUPPLIER_QUOTE,FORECAST,PUBLIC_SYNTHETIC_PLANNING_MODEL,2026-09-06T00:00:00-07:00,MODELED_QUANTITY_AND_AMOUNT_MATCH,SETTLEMENT_LINKED_SEPARATELY_TO_FORECAST_LEDGER,105331,105331,0
PROC-base-202703-TRUCKING-MAINT,PROC-base-202703-TRUCKING-MAINT,base,2027,3,TRUCKING,MAINT,Contract maintenance and equipment services,1218.00000,billed_dispatch,29.03583333333333333333333333,1.0609,37519,38505,76024,SYN-V-20260906-TRUCKING-MAINT,PO-PROC-base-202703-TRUCKING-MAINT,RCV-PROC-base-202703-TRUCKING-MAINT,INV-PROC-base-202703-TRUCKING-MAINT,WO-PROC-base-202703-TRUCKING-MAINT,2027-03-24,2027-04-23,INPUT_TO_FORECAST_PURCHASE_COST,CALIBRATED_SYNTHETIC_RATE_NOT_SUPPLIER_QUOTE,FORECAST,PUBLIC_SYNTHETIC_PLANNING_MODEL,2026-09-06T00:00:00-07:00,MODELED_QUANTITY_AND_AMOUNT_MATCH,SETTLEMENT_LINKED_SEPARATELY_TO_FORECAST_LEDGER,76024,76024,0
PROC-base-202703-TRUCKING-OCC,PROC-base-202703-TRUCKING-OCC,base,2027,3,TRUCKING,OCC,Occupancy and utilities,1218.00000,billed_dispatch,6.9686,1.0609,9005,52367,61372,SYN-V-20260906-TRUCKING-OCC,PO-PROC-base-202703-TRUCKING-OCC,RCV-PROC-base-202703-TRUCKING-OCC,INV-PROC-base-202703-TRUCKING-OCC,,2027-03-24,2027-04-23,INPUT_TO_FORECAST_PURCHASE_COST,CALIBRATED_SYNTHETIC_RATE_NOT_SUPPLIER_QUOTE,FORECAST,PUBLIC_SYNTHETIC_PLANNING_MODEL,2026-09-06T00:00:00-07:00,MODELED_QUANTITY_AND_AMOUNT_MATCH,SETTLEMENT_LINKED_SEPARATELY_TO_FORECAST_LEDGER,61372,61372,0
PROC-base-202703-TRUCKING-INS,PROC-base-202703-TRUCKING-INS,base,2027,3,TRUCKING,INS,Insurance and environmental services,1218.00000,billed_dispatch,0.00,1.0609,0,30804,30804,SYN-V-20260906-TRUCKING-INS,PO-PROC-base-202703-TRUCKING-INS,RCV-PROC-base-202703-TRUCKING-INS,INV-PROC-base-202703-TRUCKING-INS,,2027-03-24,2027-04-23,INPUT_TO_FORECAST_PURCHASE_COST,CALIBRATED_SYNTHETIC_RATE_NOT_SUPPLIER_QUOTE,FORECAST,PUBLIC_SYNTHETIC_PLANNING_MODEL,2026-09-06T00:00:00-07:00,MODELED_QUANTITY_AND_AMOUNT_MATCH,SETTLEMENT_LINKED_SEPARATELY_TO_FORECAST_LEDGER,30804,30804,0
PROC-base-202703-TRUCKING-SERV,PROC-base-202703-TRUCKING-SERV,base,2027,3,TRUCKING,SERV,Other purchased operating services,1218.00000,billed_dispatch,8.130033333333333333333333333,1.0609,10505,20023,30528,SYN-V-20260906-TRUCKING-SERV,PO-PROC-base-202703-TRUCKING-SERV,RCV-PROC-base-202703-TRUCKING-SERV,INV-PROC-base-202703-TRUCKING-SERV,,2027-03-24,2027-04-23,INPUT_TO_FORECAST_PURCHASE_COST,CALIBRATED_SYNTHETIC_RATE_NOT_SUPPLIER_QUOTE,FORECAST,PUBLIC_SYNTHETIC_PLANNING_MODEL,2026-09-06T00:00:00-07:00,MODELED_QUANTITY_AND_AMOUNT_MATCH,SETTLEMENT_LINKED_SEPARATELY_TO_FORECAST_LEDGER,30528,30528,0
PROC-base-202703-WAREHOUSE-MAT,PROC-base-202703-WAREHOUSE-MAT,base,2027,3,WAREHOUSE,MAT,Materials and fuel,11449.000000000001136000,occupied_slot_month,4.417595744680851063829787234,1.0609,53657,6119,59776,SYN-V-20260906-WAREHOUSE-MAT,PO-PROC-base-202703-WAREHOUSE-MAT,RCV-PROC-base-202703-WAREHOUSE-MAT,INV-PROC-base-202703-WAREHOUSE-MAT,,2027-03-24,2027-04-23,INPUT_TO_FORECAST_PURCHASE_COST,CALIBRATED_SYNTHETIC_RATE_NOT_SUPPLIER_QUOTE,FORECAST,PUBLIC_SYNTHETIC_PLANNING_MODEL,2026-09-06T00:00:00-07:00,MODELED_QUANTITY_AND_AMOUNT_MATCH,SETTLEMENT_LINKED_SEPARATELY_TO_FORECAST_LEDGER,59776,59776,0
PROC-base-202703-WAREHOUSE-MAINT,PROC-base-202703-WAREHOUSE-MAINT,base,2027,3,WAREHOUSE,MAINT,Contract maintenance and equipment services,11449.000000000001136000,occupied_slot_month,1.402411347517730496453900709,1.0609,17034,17482,34516,SYN-V-20260906-WAREHOUSE-MAINT,PO-PROC-base-202703-WAREHOUSE-MAINT,RCV-PROC-base-202703-WAREHOUSE-MAINT,INV-PROC-base-202703-WAREHOUSE-MAINT,WO-PROC-base-202703-WAREHOUSE-MAINT,2027-03-24,2027-04-23,INPUT_TO_FORECAST_PURCHASE_COST,CALIBRATED_SYNTHETIC_RATE_NOT_SUPPLIER_QUOTE,FORECAST,PUBLIC_SYNTHETIC_PLANNING_MODEL,2026-09-06T00:00:00-07:00,MODELED_QUANTITY_AND_AMOUNT_MATCH,SETTLEMENT_LINKED_SEPARATELY_TO_FORECAST_LEDGER,34516,34516,0
PROC-base-202703-WAREHOUSE-OCC,PROC-base-202703-WAREHOUSE-OCC,base,2027,3,WAREHOUSE,OCC,Occupancy and utilities,11449.000000000001136000,occupied_slot_month,0.3155425531914893617021276596,1.0609,3833,22290,26123,SYN-V-20260906-WAREHOUSE-OCC,PO-PROC-base-202703-WAREHOUSE-OCC,RCV-PROC-base-202703-WAREHOUSE-OCC,INV-PROC-base-202703-WAREHOUSE-OCC,,2027-03-24,2027-04-23,INPUT_TO_FORECAST_PURCHASE_COST,CALIBRATED_SYNTHETIC_RATE_NOT_SUPPLIER_QUOTE,FORECAST,PUBLIC_SYNTHETIC_PLANNING_MODEL,2026-09-06T00:00:00-07:00,MODELED_QUANTITY_AND_AMOUNT_MATCH,SETTLEMENT_LINKED_SEPARATELY_TO_FORECAST_LEDGER,26123,26123,0
PROC-base-202703-WAREHOUSE-INS,PROC-base-202703-WAREHOUSE-INS,base,2027,3,WAREHOUSE,INS,Insurance and environmental services,11449.000000000001136000,occupied_slot_month,0.00,1.0609,0,26223,26223,SYN-V-20260906-WAREHOUSE-INS,PO-PROC-base-202703-WAREHOUSE-INS,RCV-PROC-base-202703-WAREHOUSE-INS,INV-PROC-base-202703-WAREHOUSE-INS,,2027-03-24,2027-04-23,INPUT_TO_FORECAST_PURCHASE_COST,CALIBRATED_SYNTHETIC_RATE_NOT_SUPPLIER_QUOTE,FORECAST,PUBLIC_SYNTHETIC_PLANNING_MODEL,2026-09-06T00:00:00-07:00,MODELED_QUANTITY_AND_AMOUNT_MATCH,SETTLEMENT_LINKED_SEPARATELY_TO_FORECAST_LEDGER,26223,26223,0
PROC-base-202703-WAREHOUSE-SERV,PROC-base-202703-WAREHOUSE-SERV,base,2027,3,WAREHOUSE,SERV,Other purchased operating services,11449.000000000001136000,occupied_slot_month,0.7362659574468085106382978723,1.0609,8943,17045,25988,SYN-V-20260906-WAREHOUSE-SERV,PO-PROC-base-202703-WAREHOUSE-SERV,RCV-PROC-base-202703-WAREHOUSE-SERV,INV-PROC-base-202703-WAREHOUSE-SERV,,2027-03-24,2027-04-23,INPUT_TO_FORECAST_PURCHASE_COST,CALIBRATED_SYNTHETIC_RATE_NOT_SUPPLIER_QUOTE,FORECAST,PUBLIC_SYNTHETIC_PLANNING_MODEL,2026-09-06T00:00:00-07:00,MODELED_QUANTITY_AND_AMOUNT_MATCH,SETTLEMENT_LINKED_SEPARATELY_TO_FORECAST_LEDGER,25988,25988,0
PROC-base-202703-ARU-MAT,PROC-base-202703-ARU-MAT,base,2027,3,ARU,MAT,Materials and fuel,1.000000000000000000000000000,corporate_service_month,10333.125,1.0609,10962,1218,12180,SYN-V-20260906-ARU-MAT,PO-PROC-base-202703-ARU-MAT,RCV-PROC-base-202703-ARU-MAT,INV-PROC-base-202703-ARU-MAT,,2027-03-24,2027-04-23,INPUT_TO_FORECAST_PURCHASE_COST,CALIBRATED_SYNTHETIC_RATE_NOT_SUPPLIER_QUOTE,FORECAST,PUBLIC_SYNTHETIC_PLANNING_MODEL,2026-09-06T00:00:00-07:00,MODELED_QUANTITY_AND_AMOUNT_MATCH,SETTLEMENT_LINKED_SEPARATELY_TO_FORECAST_LEDGER,12180,12180,0
PROC-base-202703-ARU-MAINT,PROC-base-202703-ARU-MAINT,base,2027,3,ARU,MAINT,Contract maintenance and equipment services,1.000000000000000000000000000,corporate_service_month,5740.625,1.0609,6090,6091,12181,SYN-V-20260906-ARU-MAINT,PO-PROC-base-202703-ARU-MAINT,RCV-PROC-base-202703-ARU-MAINT,INV-PROC-base-202703-ARU-MAINT,WO-PROC-base-202703-ARU-MAINT,2027-03-24,2027-04-23,INPUT_TO_FORECAST_PURCHASE_COST,CALIBRATED_SYNTHETIC_RATE_NOT_SUPPLIER_QUOTE,FORECAST,PUBLIC_SYNTHETIC_PLANNING_MODEL,2026-09-06T00:00:00-07:00,MODELED_QUANTITY_AND_AMOUNT_MATCH,SETTLEMENT_LINKED_SEPARATELY_TO_FORECAST_LEDGER,12181,12181,0
PROC-base-202703-ARU-OCC,PROC-base-202703-ARU-OCC,base,2027,3,ARU,OCC,Occupancy and utilities,1.000000000000000000000000000,corporate_service_month,1377.75,1.0609,1462,8283,9745,SYN-V-20260906-ARU-OCC,PO-PROC-base-202703-ARU-OCC,RCV-PROC-base-202703-ARU-OCC,INV-PROC-base-202703-ARU-OCC,,2027-03-24,2027-04-23,INPUT_TO_FORECAST_PURCHASE_COST,CALIBRATED_SYNTHETIC_RATE_NOT_SUPPLIER_QUOTE,FORECAST,PUBLIC_SYNTHETIC_PLANNING_MODEL,2026-09-06T00:00:00-07:00,MODELED_QUANTITY_AND_AMOUNT_MATCH,SETTLEMENT_LINKED_SEPARATELY_TO_FORECAST_LEDGER,9745,9745,0
PROC-base-202703-ARU-INS,PROC-base-202703-ARU-INS,base,2027,3,ARU,INS,Insurance and environmental services,1.000000000000000000000000000,corporate_service_month,0.00,1.0609,0,9745,9745,SYN-V-20260906-ARU-INS,PO-PROC-base-202703-ARU-INS,RCV-PROC-base-202703-ARU-INS,INV-PROC-base-202703-ARU-INS,,2027-03-24,2027-04-23,INPUT_TO_FORECAST_PURCHASE_COST,CALIBRATED_SYNTHETIC_RATE_NOT_SUPPLIER_QUOTE,FORECAST,PUBLIC_SYNTHETIC_PLANNING_MODEL,2026-09-06T00:00:00-07:00,MODELED_QUANTITY_AND_AMOUNT_MATCH,SETTLEMENT_LINKED_SEPARATELY_TO_FORECAST_LEDGER,9745,9745,0
PROC-base-202703-ARU-SERV,PROC-base-202703-ARU-SERV,base,2027,3,ARU,SERV,Other purchased operating services,1.000000000000000000000000000,corporate_service_month,1607.375,1.0609,1705,3167,4872,SYN-V-20260906-ARU-SERV,PO-PROC-base-202703-ARU-SERV,RCV-PROC-base-202703-ARU-SERV,INV-PROC-base-202703-ARU-SERV,,2027-03-24,2027-04-23,INPUT_TO_FORECAST_PURCHASE_COST,CALIBRATED_SYNTHETIC_RATE_NOT_SUPPLIER_QUOTE,FORECAST,PUBLIC_SYNTHETIC_PLANNING_MODEL,2026-09-06T00:00:00-07:00,MODELED_QUANTITY_AND_AMOUNT_MATCH,SETTLEMENT_LINKED_SEPARATELY_TO_FORECAST_LEDGER,4872,4872,0
PROC-base-202704-BST-MAT,PROC-base-202704-BST-MAT,base,2027,4,BST,MAT,Materials and fuel,734.999999999999976000,loaded_revenue_car,146.634,1.0609,114340,12964,127304,SYN-V-20260906-BST-MAT,PO-PROC-base-202704-BST-MAT,RCV-PROC-base-202704-BST-MAT,INV-PROC-base-202704-BST-MAT,,2027-04-24,2027-05-24,INPUT_TO_FORECAST_PURCHASE_COST,CALIBRATED_SYNTHETIC_RATE_NOT_SUPPLIER_QUOTE,FORECAST,PUBLIC_SYNTHETIC_PLANNING_MODEL,2026-09-06T00:00:00-07:00,MODELED_QUANTITY_AND_AMOUNT_MATCH,SETTLEMENT_LINKED_SEPARATELY_TO_FORECAST_LEDGER,127304,127304,0
PROC-base-202704-BST-MAINT,PROC-base-202704-BST-MAINT,base,2027,4,BST,MAINT,Contract maintenance and equipment services,734.999999999999976000,loaded_revenue_car,101.8291666666666666666666667,1.0609,79402,81023,160425,SYN-V-20260906-BST-MAINT,PO-PROC-base-202704-BST-MAINT,RCV-PROC-base-202704-BST-MAINT,INV-PROC-base-202704-BST-MAINT,WO-PROC-base-202704-BST-MAINT,2027-04-24,2027-05-24,INPUT_TO_FORECAST_PURCHASE_COST,CALIBRATED_SYNTHETIC_RATE_NOT_SUPPLIER_QUOTE,FORECAST,PUBLIC_SYNTHETIC_PLANNING_MODEL,2026-09-06T00:00:00-07:00,MODELED_QUANTITY_AND_AMOUNT_MATCH,SETTLEMENT_LINKED_SEPARATELY_TO_FORECAST_LEDGER,160425,160425,0
PROC-base-202704-BST-OCC,PROC-base-202704-BST-OCC,base,2027,4,BST,OCC,Occupancy and utilities,734.999999999999976000,loaded_revenue_car,21.9951,1.0609,17151,99172,116323,SYN-V-20260906-BST-OCC,PO-PROC-base-202704-BST-OCC,RCV-PROC-base-202704-BST-OCC,INV-PROC-base-202704-BST-OCC,,2027-04-24,2027-05-24,INPUT_TO_FORECAST_PURCHASE_COST,CALIBRATED_SYNTHETIC_RATE_NOT_SUPPLIER_QUOTE,FORECAST,PUBLIC_SYNTHETIC_PLANNING_MODEL,2026-09-06T00:00:00-07:00,MODELED_QUANTITY_AND_AMOUNT_MATCH,SETTLEMENT_LINKED_SEPARATELY_TO_FORECAST_LEDGER,116323,116323,0
PROC-base-202704-BST-INS,PROC-base-202704-BST-INS,base,2027,4,BST,INS,Insurance and environmental services,734.999999999999976000,loaded_revenue_car,0.00,1.0609,0,110191,110191,SYN-V-20260906-BST-INS,PO-PROC-base-202704-BST-INS,RCV-PROC-base-202704-BST-INS,INV-PROC-base-202704-BST-INS,,2027-04-24,2027-05-24,INPUT_TO_FORECAST_PURCHASE_COST,CALIBRATED_SYNTHETIC_RATE_NOT_SUPPLIER_QUOTE,FORECAST,PUBLIC_SYNTHETIC_PLANNING_MODEL,2026-09-06T00:00:00-07:00,MODELED_QUANTITY_AND_AMOUNT_MATCH,SETTLEMENT_LINKED_SEPARATELY_TO_FORECAST_LEDGER,110191,110191,0
PROC-base-202704-BST-SERV,PROC-base-202704-BST-SERV,base,2027,4,BST,SERV,Other purchased operating services,734.999999999999976000,loaded_revenue_car,57.02433333333333333333333333,1.0609,44465,84264,128729,SYN-V-20260906-BST-SERV,PO-PROC-base-202704-BST-SERV,RCV-PROC-base-202704-BST-SERV,INV-PROC-base-202704-BST-SERV,,2027-04-24,2027-05-24,INPUT_TO_FORECAST_PURCHASE_COST,CALIBRATED_SYNTHETIC_RATE_NOT_SUPPLIER_QUOTE,FORECAST,PUBLIC_SYNTHETIC_PLANNING_MODEL,2026-09-06T00:00:00-07:00,MODELED_QUANTITY_AND_AMOUNT_MATCH,SETTLEMENT_LINKED_SEPARATELY_TO_FORECAST_LEDGER,128729,128729,0
PROC-base-202704-TERMINALS-MAT,PROC-base-202704-TERMINALS-MAT,base,2027,4,TERMINALS,MAT,Materials and fuel,20624.99999999999920000,handled_short_ton,5.207687007874015748031496063,1.0609,113950,12994,126944,SYN-V-20260906-TERMINALS-MAT,PO-PROC-base-202704-TERMINALS-MAT,RCV-PROC-base-202704-TERMINALS-MAT,INV-PROC-base-202704-TERMINALS-MAT,,2027-04-24,2027-05-24,INPUT_TO_FORECAST_PURCHASE_COST,CALIBRATED_SYNTHETIC_RATE_NOT_SUPPLIER_QUOTE,FORECAST,PUBLIC_SYNTHETIC_PLANNING_MODEL,2026-09-06T00:00:00-07:00,MODELED_QUANTITY_AND_AMOUNT_MATCH,SETTLEMENT_LINKED_SEPARATELY_TO_FORECAST_LEDGER,126944,126944,0
PROC-base-202704-TERMINALS-MAINT,PROC-base-202704-TERMINALS-MAINT,base,2027,4,TERMINALS,MAINT,Contract maintenance and equipment services,20624.99999999999920000,handled_short_ton,2.893159448818897637795275591,1.0609,63305,64968,128273,SYN-V-20260906-TERMINALS-MAINT,PO-PROC-base-202704-TERMINALS-MAINT,RCV-PROC-base-202704-TERMINALS-MAINT,INV-PROC-base-202704-TERMINALS-MAINT,WO-PROC-base-202704-TERMINALS-MAINT,2027-04-24,2027-05-24,INPUT_TO_FORECAST_PURCHASE_COST,CALIBRATED_SYNTHETIC_RATE_NOT_SUPPLIER_QUOTE,FORECAST,PUBLIC_SYNTHETIC_PLANNING_MODEL,2026-09-06T00:00:00-07:00,MODELED_QUANTITY_AND_AMOUNT_MATCH,SETTLEMENT_LINKED_SEPARATELY_TO_FORECAST_LEDGER,128273,128273,0
PROC-base-202704-TERMINALS-OCC,PROC-base-202704-TERMINALS-OCC,base,2027,4,TERMINALS,OCC,Occupancy and utilities,20624.99999999999920000,handled_short_ton,0.6943582677165354330708661417,1.0609,15193,88357,103550,SYN-V-20260906-TERMINALS-OCC,PO-PROC-base-202704-TERMINALS-OCC,RCV-PROC-base-202704-TERMINALS-OCC,INV-PROC-base-202704-TERMINALS-OCC,,2027-04-24,2027-05-24,INPUT_TO_FORECAST_PURCHASE_COST,CALIBRATED_SYNTHETIC_RATE_NOT_SUPPLIER_QUOTE,FORECAST,PUBLIC_SYNTHETIC_PLANNING_MODEL,2026-09-06T00:00:00-07:00,MODELED_QUANTITY_AND_AMOUNT_MATCH,SETTLEMENT_LINKED_SEPARATELY_TO_FORECAST_LEDGER,103550,103550,0
PROC-base-202704-TERMINALS-INS,PROC-base-202704-TERMINALS-INS,base,2027,4,TERMINALS,INS,Insurance and environmental services,20624.99999999999920000,handled_short_ton,0.00,1.0609,0,77962,77962,SYN-V-20260906-TERMINALS-INS,PO-PROC-base-202704-TERMINALS-INS,RCV-PROC-base-202704-TERMINALS-INS,INV-PROC-base-202704-TERMINALS-INS,,2027-04-24,2027-05-24,INPUT_TO_FORECAST_PURCHASE_COST,CALIBRATED_SYNTHETIC_RATE_NOT_SUPPLIER_QUOTE,FORECAST,PUBLIC_SYNTHETIC_PLANNING_MODEL,2026-09-06T00:00:00-07:00,MODELED_QUANTITY_AND_AMOUNT_MATCH,SETTLEMENT_LINKED_SEPARATELY_TO_FORECAST_LEDGER,77962,77962,0
PROC-base-202704-TERMINALS-SERV,PROC-base-202704-TERMINALS-SERV,base,2027,4,TERMINALS,SERV,Other purchased operating services,20624.99999999999920000,handled_short_ton,1.215126968503937007874015748,1.0609,26588,50675,77263,SYN-V-20260906-TERMINALS-SERV,PO-PROC-base-202704-TERMINALS-SERV,RCV-PROC-base-202704-TERMINALS-SERV,INV-PROC-base-202704-TERMINALS-SERV,,2027-04-24,2027-05-24,INPUT_TO_FORECAST_PURCHASE_COST,CALIBRATED_SYNTHETIC_RATE_NOT_SUPPLIER_QUOTE,FORECAST,PUBLIC_SYNTHETIC_PLANNING_MODEL,2026-09-06T00:00:00-07:00,MODELED_QUANTITY_AND_AMOUNT_MATCH,SETTLEMENT_LINKED_SEPARATELY_TO_FORECAST_LEDGER,77263,77263,0
PROC-base-202704-TRUCKING-MAT,PROC-base-202704-TRUCKING-MAT,base,2027,4,TRUCKING,MAT,Materials and fuel,1218.00000,billed_dispatch,73.1703,1.0609,94549,10782,105331,SYN-V-20260906-TRUCKING-MAT,PO-PROC-base-202704-TRUCKING-MAT,RCV-PROC-base-202704-TRUCKING-MAT,INV-PROC-base-202704-TRUCKING-MAT,,2027-04-24,2027-05-24,INPUT_TO_FORECAST_PURCHASE_COST,CALIBRATED_SYNTHETIC_RATE_NOT_SUPPLIER_QUOTE,FORECAST,PUBLIC_SYNTHETIC_PLANNING_MODEL,2026-09-06T00:00:00-07:00,MODELED_QUANTITY_AND_AMOUNT_MATCH,SETTLEMENT_LINKED_SEPARATELY_TO_FORECAST_LEDGER,105331,105331,0
PROC-base-202704-TRUCKING-MAINT,PROC-base-202704-TRUCKING-MAINT,base,2027,4,TRUCKING,MAINT,Contract maintenance and equipment services,1218.00000,billed_dispatch,29.03583333333333333333333333,1.0609,37519,38505,76024,SYN-V-20260906-TRUCKING-MAINT,PO-PROC-base-202704-TRUCKING-MAINT,RCV-PROC-base-202704-TRUCKING-MAINT,INV-PROC-base-202704-TRUCKING-MAINT,WO-PROC-base-202704-TRUCKING-MAINT,2027-04-24,2027-05-24,INPUT_TO_FORECAST_PURCHASE_COST,CALIBRATED_SYNTHETIC_RATE_NOT_SUPPLIER_QUOTE,FORECAST,PUBLIC_SYNTHETIC_PLANNING_MODEL,2026-09-06T00:00:00-07:00,MODELED_QUANTITY_AND_AMOUNT_MATCH,SETTLEMENT_LINKED_SEPARATELY_TO_FORECAST_LEDGER,76024,76024,0
PROC-base-202704-TRUCKING-OCC,PROC-base-202704-TRUCKING-OCC,base,2027,4,TRUCKING,OCC,Occupancy and utilities,1218.00000,billed_dispatch,6.9686,1.0609,9005,52367,61372,SYN-V-20260906-TRUCKING-OCC,PO-PROC-base-202704-TRUCKING-OCC,RCV-PROC-base-202704-TRUCKING-OCC,INV-PROC-base-202704-TRUCKING-OCC,,2027-04-24,2027-05-24,INPUT_TO_FORECAST_PURCHASE_COST,CALIBRATED_SYNTHETIC_RATE_NOT_SUPPLIER_QUOTE,FORECAST,PUBLIC_SYNTHETIC_PLANNING_MODEL,2026-09-06T00:00:00-07:00,MODELED_QUANTITY_AND_AMOUNT_MATCH,SETTLEMENT_LINKED_SEPARATELY_TO_FORECAST_LEDGER,61372,61372,0
PROC-base-202704-TRUCKING-INS,PROC-base-202704-TRUCKING-INS,base,2027,4,TRUCKING,INS,Insurance and environmental services,1218.00000,billed_dispatch,0.00,1.0609,0,30804,30804,SYN-V-20260906-TRUCKING-INS,PO-PROC-base-202704-TRUCKING-INS,RCV-PROC-base-202704-TRUCKING-INS,INV-PROC-base-202704-TRUCKING-INS,,2027-04-24,2027-05-24,INPUT_TO_FORECAST_PURCHASE_COST,CALIBRATED_SYNTHETIC_RATE_NOT_SUPPLIER_QUOTE,FORECAST,PUBLIC_SYNTHETIC_PLANNING_MODEL,2026-09-06T00:00:00-07:00,MODELED_QUANTITY_AND_AMOUNT_MATCH,SETTLEMENT_LINKED_SEPARATELY_TO_FORECAST_LEDGER,30804,30804,0
PROC-base-202704-TRUCKING-SERV,PROC-base-202704-TRUCKING-SERV,base,2027,4,TRUCKING,SERV,Other purchased operating services,1218.00000,billed_dispatch,8.130033333333333333333333333,1.0609,10505,20023,30528,SYN-V-20260906-TRUCKING-SERV,PO-PROC-base-202704-TRUCKING-SERV,RCV-PROC-base-202704-TRUCKING-SERV,INV-PROC-base-202704-TRUCKING-SERV,,2027-04-24,2027-05-24,INPUT_TO_FORECAST_PURCHASE_COST,CALIBRATED_SYNTHETIC_RATE_NOT_SUPPLIER_QUOTE,FORECAST,PUBLIC_SYNTHETIC_PLANNING_MODEL,2026-09-06T00:00:00-07:00,MODELED_QUANTITY_AND_AMOUNT_MATCH,SETTLEMENT_LINKED_SEPARATELY_TO_FORECAST_LEDGER,30528,30528,0
PROC-base-202704-WAREHOUSE-MAT,PROC-base-202704-WAREHOUSE-MAT,base,2027,4,WAREHOUSE,MAT,Materials and fuel,11449.000000000001136000,occupied_slot_month,4.417595744680851063829787234,1.0609,53657,6119,59776,SYN-V-20260906-WAREHOUSE-MAT,PO-PROC-base-202704-WAREHOUSE-MAT,RCV-PROC-base-202704-WAREHOUSE-MAT,INV-PROC-base-202704-WAREHOUSE-MAT,,2027-04-24,2027-05-24,INPUT_TO_FORECAST_PURCHASE_COST,CALIBRATED_SYNTHETIC_RATE_NOT_SUPPLIER_QUOTE,FORECAST,PUBLIC_SYNTHETIC_PLANNING_MODEL,2026-09-06T00:00:00-07:00,MODELED_QUANTITY_AND_AMOUNT_MATCH,SETTLEMENT_LINKED_SEPARATELY_TO_FORECAST_LEDGER,59776,59776,0
PROC-base-202704-WAREHOUSE-MAINT,PROC-base-202704-WAREHOUSE-MAINT,base,2027,4,WAREHOUSE,MAINT,Contract maintenance and equipment services,11449.000000000001136000,occupied_slot_month,1.402411347517730496453900709,1.0609,17034,17482,34516,SYN-V-20260906-WAREHOUSE-MAINT,PO-PROC-base-202704-WAREHOUSE-MAINT,RCV-PROC-base-202704-WAREHOUSE-MAINT,INV-PROC-base-202704-WAREHOUSE-MAINT,WO-PROC-base-202704-WAREHOUSE-MAINT,2027-04-24,2027-05-24,INPUT_TO_FORECAST_PURCHASE_COST,CALIBRATED_SYNTHETIC_RATE_NOT_SUPPLIER_QUOTE,FORECAST,PUBLIC_SYNTHETIC_PLANNING_MODEL,2026-09-06T00:00:00-07:00,MODELED_QUANTITY_AND_AMOUNT_MATCH,SETTLEMENT_LINKED_SEPARATELY_TO_FORECAST_LEDGER,34516,34516,0
PROC-base-202704-WAREHOUSE-OCC,PROC-base-202704-WAREHOUSE-OCC,base,2027,4,WAREHOUSE,OCC,Occupancy and utilities,11449.000000000001136000,occupied_slot_month,0.3155425531914893617021276596,1.0609,3833,22290,26123,SYN-V-20260906-WAREHOUSE-OCC,PO-PROC-base-202704-WAREHOUSE-OCC,RCV-PROC-base-202704-WAREHOUSE-OCC,INV-PROC-base-202704-WAREHOUSE-OCC,,2027-04-24,2027-05-24,INPUT_TO_FORECAST_PURCHASE_COST,CALIBRATED_SYNTHETIC_RATE_NOT_SUPPLIER_QUOTE,FORECAST,PUBLIC_SYNTHETIC_PLANNING_MODEL,2026-09-06T00:00:00-07:00,MODELED_QUANTITY_AND_AMOUNT_MATCH,SETTLEMENT_LINKED_SEPARATELY_TO_FORECAST_LEDGER,26123,26123,0
PROC-base-202704-WAREHOUSE-INS,PROC-base-202704-WAREHOUSE-INS,base,2027,4,WAREHOUSE,INS,Insurance and environmental services,11449.000000000001136000,occupied_slot_month,0.00,1.0609,0,26223,26223,SYN-V-20260906-WAREHOUSE-INS,PO-PROC-base-202704-WAREHOUSE-INS,RCV-PROC-base-202704-WAREHOUSE-INS,INV-PROC-base-202704-WAREHOUSE-INS,,2027-04-24,2027-05-24,INPUT_TO_FORECAST_PURCHASE_COST,CALIBRATED_SYNTHETIC_RATE_NOT_SUPPLIER_QUOTE,FORECAST,PUBLIC_SYNTHETIC_PLANNING_MODEL,2026-09-06T00:00:00-07:00,MODELED_QUANTITY_AND_AMOUNT_MATCH,SETTLEMENT_LINKED_SEPARATELY_TO_FORECAST_LEDGER,26223,26223,0
PROC-base-202704-WAREHOUSE-SERV,PROC-base-202704-WAREHOUSE-SERV,base,2027,4,WAREHOUSE,SERV,Other purchased operating services,11449.000000000001136000,occupied_slot_month,0.7362659574468085106382978723,1.0609,8943,17045,25988,SYN-V-20260906-WAREHOUSE-SERV,PO-PROC-base-202704-WAREHOUSE-SERV,RCV-PROC-base-202704-WAREHOUSE-SERV,INV-PROC-base-202704-WAREHOUSE-SERV,,2027-04-24,2027-05-24,INPUT_TO_FORECAST_PURCHASE_COST,CALIBRATED_SYNTHETIC_RATE_NOT_SUPPLIER_QUOTE,FORECAST,PUBLIC_SYNTHETIC_PLANNING_MODEL,2026-09-06T00:00:00-07:00,MODELED_QUANTITY_AND_AMOUNT_MATCH,SETTLEMENT_LINKED_SEPARATELY_TO_FORECAST_LEDGER,25988,25988,0
PROC-base-202704-ARU-MAT,PROC-base-202704-ARU-MAT,base,2027,4,ARU,MAT,Materials and fuel,1.000000000000000000000000000,corporate_service_month,10333.125,1.0609,10962,1218,12180,SYN-V-20260906-ARU-MAT,PO-PROC-base-202704-ARU-MAT,RCV-PROC-base-202704-ARU-MAT,INV-PROC-base-202704-ARU-MAT,,2027-04-24,2027-05-24,INPUT_TO_FORECAST_PURCHASE_COST,CALIBRATED_SYNTHETIC_RATE_NOT_SUPPLIER_QUOTE,FORECAST,PUBLIC_SYNTHETIC_PLANNING_MODEL,2026-09-06T00:00:00-07:00,MODELED_QUANTITY_AND_AMOUNT_MATCH,SETTLEMENT_LINKED_SEPARATELY_TO_FORECAST_LEDGER,12180,12180,0
PROC-base-202704-ARU-MAINT,PROC-base-202704-ARU-MAINT,base,2027,4,ARU,MAINT,Contract maintenance and equipment services,1.000000000000000000000000000,corporate_service_month,5740.625,1.0609,6090,6090,12180,SYN-V-20260906-ARU-MAINT,PO-PROC-base-202704-ARU-MAINT,RCV-PROC-base-202704-ARU-MAINT,INV-PROC-base-202704-ARU-MAINT,WO-PROC-base-202704-ARU-MAINT,2027-04-24,2027-05-24,INPUT_TO_FORECAST_PURCHASE_COST,CALIBRATED_SYNTHETIC_RATE_NOT_SUPPLIER_QUOTE,FORECAST,PUBLIC_SYNTHETIC_PLANNING_MODEL,2026-09-06T00:00:00-07:00,MODELED_QUANTITY_AND_AMOUNT_MATCH,SETTLEMENT_LINKED_SEPARATELY_TO_FORECAST_LEDGER,12180,12180,0
PROC-base-202704-ARU-OCC,PROC-base-202704-ARU-OCC,base,2027,4,ARU,OCC,Occupancy and utilities,1.000000000000000000000000000,corporate_service_month,1377.75,1.0609,1462,8283,9745,SYN-V-20260906-ARU-OCC,PO-PROC-base-202704-ARU-OCC,RCV-PROC-base-202704-ARU-OCC,INV-PROC-base-202704-ARU-OCC,,2027-04-24,2027-05-24,INPUT_TO_FORECAST_PURCHASE_COST,CALIBRATED_SYNTHETIC_RATE_NOT_SUPPLIER_QUOTE,FORECAST,PUBLIC_SYNTHETIC_PLANNING_MODEL,2026-09-06T00:00:00-07:00,MODELED_QUANTITY_AND_AMOUNT_MATCH,SETTLEMENT_LINKED_SEPARATELY_TO_FORECAST_LEDGER,9745,9745,0
PROC-base-202704-ARU-INS,PROC-base-202704-ARU-INS,base,2027,4,ARU,INS,Insurance and environmental services,1.000000000000000000000000000,corporate_service_month,0.00,1.0609,0,9745,9745,SYN-V-20260906-ARU-INS,PO-PROC-base-202704-ARU-INS,RCV-PROC-base-202704-ARU-INS,INV-PROC-base-202704-ARU-INS,,2027-04-24,2027-05-24,INPUT_TO_FORECAST_PURCHASE_COST,CALIBRATED_SYNTHETIC_RATE_NOT_SUPPLIER_QUOTE,FORECAST,PUBLIC_SYNTHETIC_PLANNING_MODEL,2026-09-06T00:00:00-07:00,MODELED_QUANTITY_AND_AMOUNT_MATCH,SETTLEMENT_LINKED_SEPARATELY_TO_FORECAST_LEDGER,9745,9745,0
PROC-base-202704-ARU-SERV,PROC-base-202704-ARU-SERV,base,2027,4,ARU,SERV,Other purchased operating services,1.000000000000000000000000000,corporate_service_month,1607.375,1.0609,1705,3167,4872,SYN-V-20260906-ARU-SERV,PO-PROC-base-202704-ARU-SERV,RCV-PROC-base-202704-ARU-SERV,INV-PROC-base-202704-ARU-SERV,,2027-04-24,2027-05-24,INPUT_TO_FORECAST_PURCHASE_COST,CALIBRATED_SYNTHETIC_RATE_NOT_SUPPLIER_QUOTE,FORECAST,PUBLIC_SYNTHETIC_PLANNING_MODEL,2026-09-06T00:00:00-07:00,MODELED_QUANTITY_AND_AMOUNT_MATCH,SETTLEMENT_LINKED_SEPARATELY_TO_FORECAST_LEDGER,4872,4872,0
PROC-base-202705-BST-MAT,PROC-base-202705-BST-MAT,base,2027,5,BST,MAT,Materials and fuel,825.99999999999993000,loaded_revenue_car,146.634,1.0609,128496,12964,141460,SYN-V-20260906-BST-MAT,PO-PROC-base-202705-BST-MAT,RCV-PROC-base-202705-BST-MAT,INV-PROC-base-202705-BST-MAT,,2027-05-24,2027-06-23,INPUT_TO_FORECAST_PURCHASE_COST,CALIBRATED_SYNTHETIC_RATE_NOT_SUPPLIER_QUOTE,FORECAST,PUBLIC_SYNTHETIC_PLANNING_MODEL,2026-09-06T00:00:00-07:00,MODELED_QUANTITY_AND_AMOUNT_MATCH,SETTLEMENT_LINKED_SEPARATELY_TO_FORECAST_LEDGER,141460,141460,0
PROC-base-202705-BST-MAINT,PROC-base-202705-BST-MAINT,base,2027,5,BST,MAINT,Contract maintenance and equipment services,825.99999999999993000,loaded_revenue_car,101.8291666666666666666666667,1.0609,89233,81023,170256,SYN-V-20260906-BST-MAINT,PO-PROC-base-202705-BST-MAINT,RCV-PROC-base-202705-BST-MAINT,INV-PROC-base-202705-BST-MAINT,WO-PROC-base-202705-BST-MAINT,2027-05-24,2027-06-23,INPUT_TO_FORECAST_PURCHASE_COST,CALIBRATED_SYNTHETIC_RATE_NOT_SUPPLIER_QUOTE,FORECAST,PUBLIC_SYNTHETIC_PLANNING_MODEL,2026-09-06T00:00:00-07:00,MODELED_QUANTITY_AND_AMOUNT_MATCH,SETTLEMENT_LINKED_SEPARATELY_TO_FORECAST_LEDGER,170256,170256,0
PROC-base-202705-BST-OCC,PROC-base-202705-BST-OCC,base,2027,5,BST,OCC,Occupancy and utilities,825.99999999999993000,loaded_revenue_car,21.9951,1.0609,19274,99172,118446,SYN-V-20260906-BST-OCC,PO-PROC-base-202705-BST-OCC,RCV-PROC-base-202705-BST-OCC,INV-PROC-base-202705-BST-OCC,,2027-05-24,2027-06-23,INPUT_TO_FORECAST_PURCHASE_COST,CALIBRATED_SYNTHETIC_RATE_NOT_SUPPLIER_QUOTE,FORECAST,PUBLIC_SYNTHETIC_PLANNING_MODEL,2026-09-06T00:00:00-07:00,MODELED_QUANTITY_AND_AMOUNT_MATCH,SETTLEMENT_LINKED_SEPARATELY_TO_FORECAST_LEDGER,118446,118446,0
PROC-base-202705-BST-INS,PROC-base-202705-BST-INS,base,2027,5,BST,INS,Insurance and environmental services,825.99999999999993000,loaded_revenue_car,0.00,1.0609,0,110191,110191,SYN-V-20260906-BST-INS,PO-PROC-base-202705-BST-INS,RCV-PROC-base-202705-BST-INS,INV-PROC-base-202705-BST-INS,,2027-05-24,2027-06-23,INPUT_TO_FORECAST_PURCHASE_COST,CALIBRATED_SYNTHETIC_RATE_NOT_SUPPLIER_QUOTE,FORECAST,PUBLIC_SYNTHETIC_PLANNING_MODEL,2026-09-06T00:00:00-07:00,MODELED_QUANTITY_AND_AMOUNT_MATCH,SETTLEMENT_LINKED_SEPARATELY_TO_FORECAST_LEDGER,110191,110191,0
PROC-base-202705-BST-SERV,PROC-base-202705-BST-SERV,base,2027,5,BST,SERV,Other purchased operating services,825.99999999999993000,loaded_revenue_car,57.02433333333333333333333333,1.0609,49971,84264,134235,SYN-V-20260906-BST-SERV,PO-PROC-base-202705-BST-SERV,RCV-PROC-base-202705-BST-SERV,INV-PROC-base-202705-BST-SERV,,2027-05-24,2027-06-23,INPUT_TO_FORECAST_PURCHASE_COST,CALIBRATED_SYNTHETIC_RATE_NOT_SUPPLIER_QUOTE,FORECAST,PUBLIC_SYNTHETIC_PLANNING_MODEL,2026-09-06T00:00:00-07:00,MODELED_QUANTITY_AND_AMOUNT_MATCH,SETTLEMENT_LINKED_SEPARATELY_TO_FORECAST_LEDGER,134235,134235,0
PROC-base-202705-TERMINALS-MAT,PROC-base-202705-TERMINALS-MAT,base,2027,5,TERMINALS,MAT,Materials and fuel,23203.000000000001124000,handled_short_ton,5.207687007874015748031496063,1.0609,128193,12994,141187,SYN-V-20260906-TERMINALS-MAT,PO-PROC-base-202705-TERMINALS-MAT,RCV-PROC-base-202705-TERMINALS-MAT,INV-PROC-base-202705-TERMINALS-MAT,,2027-05-24,2027-06-23,INPUT_TO_FORECAST_PURCHASE_COST,CALIBRATED_SYNTHETIC_RATE_NOT_SUPPLIER_QUOTE,FORECAST,PUBLIC_SYNTHETIC_PLANNING_MODEL,2026-09-06T00:00:00-07:00,MODELED_QUANTITY_AND_AMOUNT_MATCH,SETTLEMENT_LINKED_SEPARATELY_TO_FORECAST_LEDGER,141187,141187,0
PROC-base-202705-TERMINALS-MAINT,PROC-base-202705-TERMINALS-MAINT,base,2027,5,TERMINALS,MAINT,Contract maintenance and equipment services,23203.000000000001124000,handled_short_ton,2.893159448818897637795275591,1.0609,71218,64968,136186,SYN-V-20260906-TERMINALS-MAINT,PO-PROC-base-202705-TERMINALS-MAINT,RCV-PROC-base-202705-TERMINALS-MAINT,INV-PROC-base-202705-TERMINALS-MAINT,WO-PROC-base-202705-TERMINALS-MAINT,2027-05-24,2027-06-23,INPUT_TO_FORECAST_PURCHASE_COST,CALIBRATED_SYNTHETIC_RATE_NOT_SUPPLIER_QUOTE,FORECAST,PUBLIC_SYNTHETIC_PLANNING_MODEL,2026-09-06T00:00:00-07:00,MODELED_QUANTITY_AND_AMOUNT_MATCH,SETTLEMENT_LINKED_SEPARATELY_TO_FORECAST_LEDGER,136186,136186,0
PROC-base-202705-TERMINALS-OCC,PROC-base-202705-TERMINALS-OCC,base,2027,5,TERMINALS,OCC,Occupancy and utilities,23203.000000000001124000,handled_short_ton,0.6943582677165354330708661417,1.0609,17092,88357,105449,SYN-V-20260906-TERMINALS-OCC,PO-PROC-base-202705-TERMINALS-OCC,RCV-PROC-base-202705-TERMINALS-OCC,INV-PROC-base-202705-TERMINALS-OCC,,2027-05-24,2027-06-23,INPUT_TO_FORECAST_PURCHASE_COST,CALIBRATED_SYNTHETIC_RATE_NOT_SUPPLIER_QUOTE,FORECAST,PUBLIC_SYNTHETIC_PLANNING_MODEL,2026-09-06T00:00:00-07:00,MODELED_QUANTITY_AND_AMOUNT_MATCH,SETTLEMENT_LINKED_SEPARATELY_TO_FORECAST_LEDGER,105449,105449,0
PROC-base-202705-TERMINALS-INS,PROC-base-202705-TERMINALS-INS,base,2027,5,TERMINALS,INS,Insurance and environmental services,23203.000000000001124000,handled_short_ton,0.00,1.0609,0,77962,77962,SYN-V-20260906-TERMINALS-INS,PO-PROC-base-202705-TERMINALS-INS,RCV-PROC-base-202705-TERMINALS-INS,INV-PROC-base-202705-TERMINALS-INS,,2027-05-24,2027-06-23,INPUT_TO_FORECAST_PURCHASE_COST,CALIBRATED_SYNTHETIC_RATE_NOT_SUPPLIER_QUOTE,FORECAST,PUBLIC_SYNTHETIC_PLANNING_MODEL,2026-09-06T00:00:00-07:00,MODELED_QUANTITY_AND_AMOUNT_MATCH,SETTLEMENT_LINKED_SEPARATELY_TO_FORECAST_LEDGER,77962,77962,0
PROC-base-202705-TERMINALS-SERV,PROC-base-202705-TERMINALS-SERV,base,2027,5,TERMINALS,SERV,Other purchased operating services,23203.000000000001124000,handled_short_ton,1.215126968503937007874015748,1.0609,29912,50675,80587,SYN-V-20260906-TERMINALS-SERV,PO-PROC-base-202705-TERMINALS-SERV,RCV-PROC-base-202705-TERMINALS-SERV,INV-PROC-base-202705-TERMINALS-SERV,,2027-05-24,2027-06-23,INPUT_TO_FORECAST_PURCHASE_COST,CALIBRATED_SYNTHETIC_RATE_NOT_SUPPLIER_QUOTE,FORECAST,PUBLIC_SYNTHETIC_PLANNING_MODEL,2026-09-06T00:00:00-07:00,MODELED_QUANTITY_AND_AMOUNT_MATCH,SETTLEMENT_LINKED_SEPARATELY_TO_FORECAST_LEDGER,80587,80587,0
PROC-base-202705-TRUCKING-MAT,PROC-base-202705-TRUCKING-MAT,base,2027,5,TRUCKING,MAT,Materials and fuel,1370.999999999999925000,billed_dispatch,73.1703,1.0609,106426,10782,117208,SYN-V-20260906-TRUCKING-MAT,PO-PROC-base-202705-TRUCKING-MAT,RCV-PROC-base-202705-TRUCKING-MAT,INV-PROC-base-202705-TRUCKING-MAT,,2027-05-24,2027-06-23,INPUT_TO_FORECAST_PURCHASE_COST,CALIBRATED_SYNTHETIC_RATE_NOT_SUPPLIER_QUOTE,FORECAST,PUBLIC_SYNTHETIC_PLANNING_MODEL,2026-09-06T00:00:00-07:00,MODELED_QUANTITY_AND_AMOUNT_MATCH,SETTLEMENT_LINKED_SEPARATELY_TO_FORECAST_LEDGER,117208,117208,0
PROC-base-202705-TRUCKING-MAINT,PROC-base-202705-TRUCKING-MAINT,base,2027,5,TRUCKING,MAINT,Contract maintenance and equipment services,1370.999999999999925000,billed_dispatch,29.03583333333333333333333333,1.0609,42232,38505,80737,SYN-V-20260906-TRUCKING-MAINT,PO-PROC-base-202705-TRUCKING-MAINT,RCV-PROC-base-202705-TRUCKING-MAINT,INV-PROC-base-202705-TRUCKING-MAINT,WO-PROC-base-202705-TRUCKING-MAINT,2027-05-24,2027-06-23,INPUT_TO_FORECAST_PURCHASE_COST,CALIBRATED_SYNTHETIC_RATE_NOT_SUPPLIER_QUOTE,FORECAST,PUBLIC_SYNTHETIC_PLANNING_MODEL,2026-09-06T00:00:00-07:00,MODELED_QUANTITY_AND_AMOUNT_MATCH,SETTLEMENT_LINKED_SEPARATELY_TO_FORECAST_LEDGER,80737,80737,0
PROC-base-202705-TRUCKING-OCC,PROC-base-202705-TRUCKING-OCC,base,2027,5,TRUCKING,OCC,Occupancy and utilities,1370.999999999999925000,billed_dispatch,6.9686,1.0609,10136,52367,62503,SYN-V-20260906-TRUCKING-OCC,PO-PROC-base-202705-TRUCKING-OCC,RCV-PROC-base-202705-TRUCKING-OCC,INV-PROC-base-202705-TRUCKING-OCC,,2027-05-24,2027-06-23,INPUT_TO_FORECAST_PURCHASE_COST,CALIBRATED_SYNTHETIC_RATE_NOT_SUPPLIER_QUOTE,FORECAST,PUBLIC_SYNTHETIC_PLANNING_MODEL,2026-09-06T00:00:00-07:00,MODELED_QUANTITY_AND_AMOUNT_MATCH,SETTLEMENT_LINKED_SEPARATELY_TO_FORECAST_LEDGER,62503,62503,0
PROC-base-202705-TRUCKING-INS,PROC-base-202705-TRUCKING-INS,base,2027,5,TRUCKING,INS,Insurance and environmental services,1370.999999999999925000,billed_dispatch,0.00,1.0609,0,30804,30804,SYN-V-20260906-TRUCKING-INS,PO-PROC-base-202705-TRUCKING-INS,RCV-PROC-base-202705-TRUCKING-INS,INV-PROC-base-202705-TRUCKING-INS,,2027-05-24,2027-06-23,INPUT_TO_FORECAST_PURCHASE_COST,CALIBRATED_SYNTHETIC_RATE_NOT_SUPPLIER_QUOTE,FORECAST,PUBLIC_SYNTHETIC_PLANNING_MODEL,2026-09-06T00:00:00-07:00,MODELED_QUANTITY_AND_AMOUNT_MATCH,SETTLEMENT_LINKED_SEPARATELY_TO_FORECAST_LEDGER,30804,30804,0
PROC-base-202705-TRUCKING-SERV,PROC-base-202705-TRUCKING-SERV,base,2027,5,TRUCKING,SERV,Other purchased operating services,1370.999999999999925000,billed_dispatch,8.130033333333333333333333333,1.0609,11825,20023,31848,SYN-V-20260906-TRUCKING-SERV,PO-PROC-base-202705-TRUCKING-SERV,RCV-PROC-base-202705-TRUCKING-SERV,INV-PROC-base-202705-TRUCKING-SERV,,2027-05-24,2027-06-23,INPUT_TO_FORECAST_PURCHASE_COST,CALIBRATED_SYNTHETIC_RATE_NOT_SUPPLIER_QUOTE,FORECAST,PUBLIC_SYNTHETIC_PLANNING_MODEL,2026-09-06T00:00:00-07:00,MODELED_QUANTITY_AND_AMOUNT_MATCH,SETTLEMENT_LINKED_SEPARATELY_TO_FORECAST_LEDGER,31848,31848,0
PROC-base-202705-WAREHOUSE-MAT,PROC-base-202705-WAREHOUSE-MAT,base,2027,5,WAREHOUSE,MAT,Materials and fuel,12881.000000000000538000,occupied_slot_month,4.417595744680851063829787234,1.0609,60368,6119,66487,SYN-V-20260906-WAREHOUSE-MAT,PO-PROC-base-202705-WAREHOUSE-MAT,RCV-PROC-base-202705-WAREHOUSE-MAT,INV-PROC-base-202705-WAREHOUSE-MAT,,2027-05-24,2027-06-23,INPUT_TO_FORECAST_PURCHASE_COST,CALIBRATED_SYNTHETIC_RATE_NOT_SUPPLIER_QUOTE,FORECAST,PUBLIC_SYNTHETIC_PLANNING_MODEL,2026-09-06T00:00:00-07:00,MODELED_QUANTITY_AND_AMOUNT_MATCH,SETTLEMENT_LINKED_SEPARATELY_TO_FORECAST_LEDGER,66487,66487,0
PROC-base-202705-WAREHOUSE-MAINT,PROC-base-202705-WAREHOUSE-MAINT,base,2027,5,WAREHOUSE,MAINT,Contract maintenance and equipment services,12881.000000000000538000,occupied_slot_month,1.402411347517730496453900709,1.0609,19165,17482,36647,SYN-V-20260906-WAREHOUSE-MAINT,PO-PROC-base-202705-WAREHOUSE-MAINT,RCV-PROC-base-202705-WAREHOUSE-MAINT,INV-PROC-base-202705-WAREHOUSE-MAINT,WO-PROC-base-202705-WAREHOUSE-MAINT,2027-05-24,2027-06-23,INPUT_TO_FORECAST_PURCHASE_COST,CALIBRATED_SYNTHETIC_RATE_NOT_SUPPLIER_QUOTE,FORECAST,PUBLIC_SYNTHETIC_PLANNING_MODEL,2026-09-06T00:00:00-07:00,MODELED_QUANTITY_AND_AMOUNT_MATCH,SETTLEMENT_LINKED_SEPARATELY_TO_FORECAST_LEDGER,36647,36647,0
PROC-base-202705-WAREHOUSE-OCC,PROC-base-202705-WAREHOUSE-OCC,base,2027,5,WAREHOUSE,OCC,Occupancy and utilities,12881.000000000000538000,occupied_slot_month,0.3155425531914893617021276596,1.0609,4312,22290,26602,SYN-V-20260906-WAREHOUSE-OCC,PO-PROC-base-202705-WAREHOUSE-OCC,RCV-PROC-base-202705-WAREHOUSE-OCC,INV-PROC-base-202705-WAREHOUSE-OCC,,2027-05-24,2027-06-23,INPUT_TO_FORECAST_PURCHASE_COST,CALIBRATED_SYNTHETIC_RATE_NOT_SUPPLIER_QUOTE,FORECAST,PUBLIC_SYNTHETIC_PLANNING_MODEL,2026-09-06T00:00:00-07:00,MODELED_QUANTITY_AND_AMOUNT_MATCH,SETTLEMENT_LINKED_SEPARATELY_TO_FORECAST_LEDGER,26602,26602,0
PROC-base-202705-WAREHOUSE-INS,PROC-base-202705-WAREHOUSE-INS,base,2027,5,WAREHOUSE,INS,Insurance and environmental services,12881.000000000000538000,occupied_slot_month,0.00,1.0609,0,26223,26223,SYN-V-20260906-WAREHOUSE-INS,PO-PROC-base-202705-WAREHOUSE-INS,RCV-PROC-base-202705-WAREHOUSE-INS,INV-PROC-base-202705-WAREHOUSE-INS,,2027-05-24,2027-06-23,INPUT_TO_FORECAST_PURCHASE_COST,CALIBRATED_SYNTHETIC_RATE_NOT_SUPPLIER_QUOTE,FORECAST,PUBLIC_SYNTHETIC_PLANNING_MODEL,2026-09-06T00:00:00-07:00,MODELED_QUANTITY_AND_AMOUNT_MATCH,SETTLEMENT_LINKED_SEPARATELY_TO_FORECAST_LEDGER,26223,26223,0
PROC-base-202705-WAREHOUSE-SERV,PROC-base-202705-WAREHOUSE-SERV,base,2027,5,WAREHOUSE,SERV,Other purchased operating services,12881.000000000000538000,occupied_slot_month,0.7362659574468085106382978723,1.0609,10061,17045,27106,SYN-V-20260906-WAREHOUSE-SERV,PO-PROC-base-202705-WAREHOUSE-SERV,RCV-PROC-base-202705-WAREHOUSE-SERV,INV-PROC-base-202705-WAREHOUSE-SERV,,2027-05-24,2027-06-23,INPUT_TO_FORECAST_PURCHASE_COST,CALIBRATED_SYNTHETIC_RATE_NOT_SUPPLIER_QUOTE,FORECAST,PUBLIC_SYNTHETIC_PLANNING_MODEL,2026-09-06T00:00:00-07:00,MODELED_QUANTITY_AND_AMOUNT_MATCH,SETTLEMENT_LINKED_SEPARATELY_TO_FORECAST_LEDGER,27106,27106,0
PROC-base-202705-ARU-MAT,PROC-base-202705-ARU-MAT,base,2027,5,ARU,MAT,Materials and fuel,1.000000000000000000000000000,corporate_service_month,10333.125,1.0609,10962,1218,12180,SYN-V-20260906-ARU-MAT,PO-PROC-base-202705-ARU-MAT,RCV-PROC-base-202705-ARU-MAT,INV-PROC-base-202705-ARU-MAT,,2027-05-24,2027-06-23,INPUT_TO_FORECAST_PURCHASE_COST,CALIBRATED_SYNTHETIC_RATE_NOT_SUPPLIER_QUOTE,FORECAST,PUBLIC_SYNTHETIC_PLANNING_MODEL,2026-09-06T00:00:00-07:00,MODELED_QUANTITY_AND_AMOUNT_MATCH,SETTLEMENT_LINKED_SEPARATELY_TO_FORECAST_LEDGER,12180,12180,0
PROC-base-202705-ARU-MAINT,PROC-base-202705-ARU-MAINT,base,2027,5,ARU,MAINT,Contract maintenance and equipment services,1.000000000000000000000000000,corporate_service_month,5740.625,1.0609,6090,6090,12180,SYN-V-20260906-ARU-MAINT,PO-PROC-base-202705-ARU-MAINT,RCV-PROC-base-202705-ARU-MAINT,INV-PROC-base-202705-ARU-MAINT,WO-PROC-base-202705-ARU-MAINT,2027-05-24,2027-06-23,INPUT_TO_FORECAST_PURCHASE_COST,CALIBRATED_SYNTHETIC_RATE_NOT_SUPPLIER_QUOTE,FORECAST,PUBLIC_SYNTHETIC_PLANNING_MODEL,2026-09-06T00:00:00-07:00,MODELED_QUANTITY_AND_AMOUNT_MATCH,SETTLEMENT_LINKED_SEPARATELY_TO_FORECAST_LEDGER,12180,12180,0
PROC-base-202705-ARU-OCC,PROC-base-202705-ARU-OCC,base,2027,5,ARU,OCC,Occupancy and utilities,1.000000000000000000000000000,corporate_service_month,1377.75,1.0609,1462,8283,9745,SYN-V-20260906-ARU-OCC,PO-PROC-base-202705-ARU-OCC,RCV-PROC-base-202705-ARU-OCC,INV-PROC-base-202705-ARU-OCC,,2027-05-24,2027-06-23,INPUT_TO_FORECAST_PURCHASE_COST,CALIBRATED_SYNTHETIC_RATE_NOT_SUPPLIER_QUOTE,FORECAST,PUBLIC_SYNTHETIC_PLANNING_MODEL,2026-09-06T00:00:00-07:00,MODELED_QUANTITY_AND_AMOUNT_MATCH,SETTLEMENT_LINKED_SEPARATELY_TO_FORECAST_LEDGER,9745,9745,0
PROC-base-202705-ARU-INS,PROC-base-202705-ARU-INS,base,2027,5,ARU,INS,Insurance and environmental services,1.000000000000000000000000000,corporate_service_month,0.00,1.0609,0,9744,9744,SYN-V-20260906-ARU-INS,PO-PROC-base-202705-ARU-INS,RCV-PROC-base-202705-ARU-INS,INV-PROC-base-202705-ARU-INS,,2027-05-24,2027-06-23,INPUT_TO_FORECAST_PURCHASE_COST,CALIBRATED_SYNTHETIC_RATE_NOT_SUPPLIER_QUOTE,FORECAST,PUBLIC_SYNTHETIC_PLANNING_MODEL,2026-09-06T00:00:00-07:00,MODELED_QUANTITY_AND_AMOUNT_MATCH,SETTLEMENT_LINKED_SEPARATELY_TO_FORECAST_LEDGER,9744,9744,0
PROC-base-202705-ARU-SERV,PROC-base-202705-ARU-SERV,base,2027,5,ARU,SERV,Other purchased operating services,1.000000000000000000000000000,corporate_service_month,1607.375,1.0609,1705,3167,4872,SYN-V-20260906-ARU-SERV,PO-PROC-base-202705-ARU-SERV,RCV-PROC-base-202705-ARU-SERV,INV-PROC-base-202705-ARU-SERV,,2027-05-24,2027-06-23,INPUT_TO_FORECAST_PURCHASE_COST,CALIBRATED_SYNTHETIC_RATE_NOT_SUPPLIER_QUOTE,FORECAST,PUBLIC_SYNTHETIC_PLANNING_MODEL,2026-09-06T00:00:00-07:00,MODELED_QUANTITY_AND_AMOUNT_MATCH,SETTLEMENT_LINKED_SEPARATELY_TO_FORECAST_LEDGER,4872,4872,0
PROC-base-202706-BST-MAT,PROC-base-202706-BST-MAT,base,2027,6,BST,MAT,Materials and fuel,825.99999999999993000,loaded_revenue_car,146.634,1.0609,128496,12964,141460,SYN-V-20260906-BST-MAT,PO-PROC-base-202706-BST-MAT,RCV-PROC-base-202706-BST-MAT,INV-PROC-base-202706-BST-MAT,,2027-06-24,2027-07-24,INPUT_TO_FORECAST_PURCHASE_COST,CALIBRATED_SYNTHETIC_RATE_NOT_SUPPLIER_QUOTE,FORECAST,PUBLIC_SYNTHETIC_PLANNING_MODEL,2026-09-06T00:00:00-07:00,MODELED_QUANTITY_AND_AMOUNT_MATCH,SETTLEMENT_LINKED_SEPARATELY_TO_FORECAST_LEDGER,141460,141460,0
PROC-base-202706-BST-MAINT,PROC-base-202706-BST-MAINT,base,2027,6,BST,MAINT,Contract maintenance and equipment services,825.99999999999993000,loaded_revenue_car,101.8291666666666666666666667,1.0609,89233,81023,170256,SYN-V-20260906-BST-MAINT,PO-PROC-base-202706-BST-MAINT,RCV-PROC-base-202706-BST-MAINT,INV-PROC-base-202706-BST-MAINT,WO-PROC-base-202706-BST-MAINT,2027-06-24,2027-07-24,INPUT_TO_FORECAST_PURCHASE_COST,CALIBRATED_SYNTHETIC_RATE_NOT_SUPPLIER_QUOTE,FORECAST,PUBLIC_SYNTHETIC_PLANNING_MODEL,2026-09-06T00:00:00-07:00,MODELED_QUANTITY_AND_AMOUNT_MATCH,SETTLEMENT_LINKED_SEPARATELY_TO_FORECAST_LEDGER,170256,170256,0
PROC-base-202706-BST-OCC,PROC-base-202706-BST-OCC,base,2027,6,BST,OCC,Occupancy and utilities,825.99999999999993000,loaded_revenue_car,21.9951,1.0609,19274,99172,118446,SYN-V-20260906-BST-OCC,PO-PROC-base-202706-BST-OCC,RCV-PROC-base-202706-BST-OCC,INV-PROC-base-202706-BST-OCC,,2027-06-24,2027-07-24,INPUT_TO_FORECAST_PURCHASE_COST,CALIBRATED_SYNTHETIC_RATE_NOT_SUPPLIER_QUOTE,FORECAST,PUBLIC_SYNTHETIC_PLANNING_MODEL,2026-09-06T00:00:00-07:00,MODELED_QUANTITY_AND_AMOUNT_MATCH,SETTLEMENT_LINKED_SEPARATELY_TO_FORECAST_LEDGER,118446,118446,0
PROC-base-202706-BST-INS,PROC-base-202706-BST-INS,base,2027,6,BST,INS,Insurance and environmental services,825.99999999999993000,loaded_revenue_car,0.00,1.0609,0,110191,110191,SYN-V-20260906-BST-INS,PO-PROC-base-202706-BST-INS,RCV-PROC-base-202706-BST-INS,INV-PROC-base-202706-BST-INS,,2027-06-24,2027-07-24,INPUT_TO_FORECAST_PURCHASE_COST,CALIBRATED_SYNTHETIC_RATE_NOT_SUPPLIER_QUOTE,FORECAST,PUBLIC_SYNTHETIC_PLANNING_MODEL,2026-09-06T00:00:00-07:00,MODELED_QUANTITY_AND_AMOUNT_MATCH,SETTLEMENT_LINKED_SEPARATELY_TO_FORECAST_LEDGER,110191,110191,0
PROC-base-202706-BST-SERV,PROC-base-202706-BST-SERV,base,2027,6,BST,SERV,Other purchased operating services,825.99999999999993000,loaded_revenue_car,57.02433333333333333333333333,1.0609,49971,84264,134235,SYN-V-20260906-BST-SERV,PO-PROC-base-202706-BST-SERV,RCV-PROC-base-202706-BST-SERV,INV-PROC-base-202706-BST-SERV,,2027-06-24,2027-07-24,INPUT_TO_FORECAST_PURCHASE_COST,CALIBRATED_SYNTHETIC_RATE_NOT_SUPPLIER_QUOTE,FORECAST,PUBLIC_SYNTHETIC_PLANNING_MODEL,2026-09-06T00:00:00-07:00,MODELED_QUANTITY_AND_AMOUNT_MATCH,SETTLEMENT_LINKED_SEPARATELY_TO_FORECAST_LEDGER,134235,134235,0
PROC-base-202706-TERMINALS-MAT,PROC-base-202706-TERMINALS-MAT,base,2027,6,TERMINALS,MAT,Materials and fuel,23203.000000000001124000,handled_short_ton,5.207687007874015748031496063,1.0609,128193,12994,141187,SYN-V-20260906-TERMINALS-MAT,PO-PROC-base-202706-TERMINALS-MAT,RCV-PROC-base-202706-TERMINALS-MAT,INV-PROC-base-202706-TERMINALS-MAT,,2027-06-24,2027-07-24,INPUT_TO_FORECAST_PURCHASE_COST,CALIBRATED_SYNTHETIC_RATE_NOT_SUPPLIER_QUOTE,FORECAST,PUBLIC_SYNTHETIC_PLANNING_MODEL,2026-09-06T00:00:00-07:00,MODELED_QUANTITY_AND_AMOUNT_MATCH,SETTLEMENT_LINKED_SEPARATELY_TO_FORECAST_LEDGER,141187,141187,0
PROC-base-202706-TERMINALS-MAINT,PROC-base-202706-TERMINALS-MAINT,base,2027,6,TERMINALS,MAINT,Contract maintenance and equipment services,23203.000000000001124000,handled_short_ton,2.893159448818897637795275591,1.0609,71218,64968,136186,SYN-V-20260906-TERMINALS-MAINT,PO-PROC-base-202706-TERMINALS-MAINT,RCV-PROC-base-202706-TERMINALS-MAINT,INV-PROC-base-202706-TERMINALS-MAINT,WO-PROC-base-202706-TERMINALS-MAINT,2027-06-24,2027-07-24,INPUT_TO_FORECAST_PURCHASE_COST,CALIBRATED_SYNTHETIC_RATE_NOT_SUPPLIER_QUOTE,FORECAST,PUBLIC_SYNTHETIC_PLANNING_MODEL,2026-09-06T00:00:00-07:00,MODELED_QUANTITY_AND_AMOUNT_MATCH,SETTLEMENT_LINKED_SEPARATELY_TO_FORECAST_LEDGER,136186,136186,0
PROC-base-202706-TERMINALS-OCC,PROC-base-202706-TERMINALS-OCC,base,2027,6,TERMINALS,OCC,Occupancy and utilities,23203.000000000001124000,handled_short_ton,0.6943582677165354330708661417,1.0609,17092,88356,105448,SYN-V-20260906-TERMINALS-OCC,PO-PROC-base-202706-TERMINALS-OCC,RCV-PROC-base-202706-TERMINALS-OCC,INV-PROC-base-202706-TERMINALS-OCC,,2027-06-24,2027-07-24,INPUT_TO_FORECAST_PURCHASE_COST,CALIBRATED_SYNTHETIC_RATE_NOT_SUPPLIER_QUOTE,FORECAST,PUBLIC_SYNTHETIC_PLANNING_MODEL,2026-09-06T00:00:00-07:00,MODELED_QUANTITY_AND_AMOUNT_MATCH,SETTLEMENT_LINKED_SEPARATELY_TO_FORECAST_LEDGER,105448,105448,0
PROC-base-202706-TERMINALS-INS,PROC-base-202706-TERMINALS-INS,base,2027,6,TERMINALS,INS,Insurance and environmental services,23203.000000000001124000,handled_short_ton,0.00,1.0609,0,77962,77962,SYN-V-20260906-TERMINALS-INS,PO-PROC-base-202706-TERMINALS-INS,RCV-PROC-base-202706-TERMINALS-INS,INV-PROC-base-202706-TERMINALS-INS,,2027-06-24,2027-07-24,INPUT_TO_FORECAST_PURCHASE_COST,CALIBRATED_SYNTHETIC_RATE_NOT_SUPPLIER_QUOTE,FORECAST,PUBLIC_SYNTHETIC_PLANNING_MODEL,2026-09-06T00:00:00-07:00,MODELED_QUANTITY_AND_AMOUNT_MATCH,SETTLEMENT_LINKED_SEPARATELY_TO_FORECAST_LEDGER,77962,77962,0
PROC-base-202706-TERMINALS-SERV,PROC-base-202706-TERMINALS-SERV,base,2027,6,TERMINALS,SERV,Other purchased operating services,23203.000000000001124000,handled_short_ton,1.215126968503937007874015748,1.0609,29912,50675,80587,SYN-V-20260906-TERMINALS-SERV,PO-PROC-base-202706-TERMINALS-SERV,RCV-PROC-base-202706-TERMINALS-SERV,INV-PROC-base-202706-TERMINALS-SERV,,2027-06-24,2027-07-24,INPUT_TO_FORECAST_PURCHASE_COST,CALIBRATED_SYNTHETIC_RATE_NOT_SUPPLIER_QUOTE,FORECAST,PUBLIC_SYNTHETIC_PLANNING_MODEL,2026-09-06T00:00:00-07:00,MODELED_QUANTITY_AND_AMOUNT_MATCH,SETTLEMENT_LINKED_SEPARATELY_TO_FORECAST_LEDGER,80587,80587,0
PROC-base-202706-TRUCKING-MAT,PROC-base-202706-TRUCKING-MAT,base,2027,6,TRUCKING,MAT,Materials and fuel,1369.999999999999980000,billed_dispatch,73.1703,1.0609,106348,10781,117129,SYN-V-20260906-TRUCKING-MAT,PO-PROC-base-202706-TRUCKING-MAT,RCV-PROC-base-202706-TRUCKING-MAT,INV-PROC-base-202706-TRUCKING-MAT,,2027-06-24,2027-07-24,INPUT_TO_FORECAST_PURCHASE_COST,CALIBRATED_SYNTHETIC_RATE_NOT_SUPPLIER_QUOTE,FORECAST,PUBLIC_SYNTHETIC_PLANNING_MODEL,2026-09-06T00:00:00-07:00,MODELED_QUANTITY_AND_AMOUNT_MATCH,SETTLEMENT_LINKED_SEPARATELY_TO_FORECAST_LEDGER,117129,117129,0
PROC-base-202706-TRUCKING-MAINT,PROC-base-202706-TRUCKING-MAINT,base,2027,6,TRUCKING,MAINT,Contract maintenance and equipment services,1369.999999999999980000,billed_dispatch,29.03583333333333333333333333,1.0609,42202,38505,80707,SYN-V-20260906-TRUCKING-MAINT,PO-PROC-base-202706-TRUCKING-MAINT,RCV-PROC-base-202706-TRUCKING-MAINT,INV-PROC-base-202706-TRUCKING-MAINT,WO-PROC-base-202706-TRUCKING-MAINT,2027-06-24,2027-07-24,INPUT_TO_FORECAST_PURCHASE_COST,CALIBRATED_SYNTHETIC_RATE_NOT_SUPPLIER_QUOTE,FORECAST,PUBLIC_SYNTHETIC_PLANNING_MODEL,2026-09-06T00:00:00-07:00,MODELED_QUANTITY_AND_AMOUNT_MATCH,SETTLEMENT_LINKED_SEPARATELY_TO_FORECAST_LEDGER,80707,80707,0
PROC-base-202706-TRUCKING-OCC,PROC-base-202706-TRUCKING-OCC,base,2027,6,TRUCKING,OCC,Occupancy and utilities,1369.999999999999980000,billed_dispatch,6.9686,1.0609,10128,52367,62495,SYN-V-20260906-TRUCKING-OCC,PO-PROC-base-202706-TRUCKING-OCC,RCV-PROC-base-202706-TRUCKING-OCC,INV-PROC-base-202706-TRUCKING-OCC,,2027-06-24,2027-07-24,INPUT_TO_FORECAST_PURCHASE_COST,CALIBRATED_SYNTHETIC_RATE_NOT_SUPPLIER_QUOTE,FORECAST,PUBLIC_SYNTHETIC_PLANNING_MODEL,2026-09-06T00:00:00-07:00,MODELED_QUANTITY_AND_AMOUNT_MATCH,SETTLEMENT_LINKED_SEPARATELY_TO_FORECAST_LEDGER,62495,62495,0
PROC-base-202706-TRUCKING-INS,PROC-base-202706-TRUCKING-INS,base,2027,6,TRUCKING,INS,Insurance and environmental services,1369.999999999999980000,billed_dispatch,0.00,1.0609,0,30804,30804,SYN-V-20260906-TRUCKING-INS,PO-PROC-base-202706-TRUCKING-INS,RCV-PROC-base-202706-TRUCKING-INS,INV-PROC-base-202706-TRUCKING-INS,,2027-06-24,2027-07-24,INPUT_TO_FORECAST_PURCHASE_COST,CALIBRATED_SYNTHETIC_RATE_NOT_SUPPLIER_QUOTE,FORECAST,PUBLIC_SYNTHETIC_PLANNING_MODEL,2026-09-06T00:00:00-07:00,MODELED_QUANTITY_AND_AMOUNT_MATCH,SETTLEMENT_LINKED_SEPARATELY_TO_FORECAST_LEDGER,30804,30804,0
PROC-base-202706-TRUCKING-SERV,PROC-base-202706-TRUCKING-SERV,base,2027,6,TRUCKING,SERV,Other purchased operating services,1369.999999999999980000,billed_dispatch,8.130033333333333333333333333,1.0609,11816,20023,31839,SYN-V-20260906-TRUCKING-SERV,PO-PROC-base-202706-TRUCKING-SERV,RCV-PROC-base-202706-TRUCKING-SERV,INV-PROC-base-202706-TRUCKING-SERV,,2027-06-24,2027-07-24,INPUT_TO_FORECAST_PURCHASE_COST,CALIBRATED_SYNTHETIC_RATE_NOT_SUPPLIER_QUOTE,FORECAST,PUBLIC_SYNTHETIC_PLANNING_MODEL,2026-09-06T00:00:00-07:00,MODELED_QUANTITY_AND_AMOUNT_MATCH,SETTLEMENT_LINKED_SEPARATELY_TO_FORECAST_LEDGER,31839,31839,0
PROC-base-202706-WAREHOUSE-MAT,PROC-base-202706-WAREHOUSE-MAT,base,2027,6,WAREHOUSE,MAT,Materials and fuel,12881.000000000000538000,occupied_slot_month,4.417595744680851063829787234,1.0609,60368,6119,66487,SYN-V-20260906-WAREHOUSE-MAT,PO-PROC-base-202706-WAREHOUSE-MAT,RCV-PROC-base-202706-WAREHOUSE-MAT,INV-PROC-base-202706-WAREHOUSE-MAT,,2027-06-24,2027-07-24,INPUT_TO_FORECAST_PURCHASE_COST,CALIBRATED_SYNTHETIC_RATE_NOT_SUPPLIER_QUOTE,FORECAST,PUBLIC_SYNTHETIC_PLANNING_MODEL,2026-09-06T00:00:00-07:00,MODELED_QUANTITY_AND_AMOUNT_MATCH,SETTLEMENT_LINKED_SEPARATELY_TO_FORECAST_LEDGER,66487,66487,0
PROC-base-202706-WAREHOUSE-MAINT,PROC-base-202706-WAREHOUSE-MAINT,base,2027,6,WAREHOUSE,MAINT,Contract maintenance and equipment services,12881.000000000000538000,occupied_slot_month,1.402411347517730496453900709,1.0609,19165,17482,36647,SYN-V-20260906-WAREHOUSE-MAINT,PO-PROC-base-202706-WAREHOUSE-MAINT,RCV-PROC-base-202706-WAREHOUSE-MAINT,INV-PROC-base-202706-WAREHOUSE-MAINT,WO-PROC-base-202706-WAREHOUSE-MAINT,2027-06-24,2027-07-24,INPUT_TO_FORECAST_PURCHASE_COST,CALIBRATED_SYNTHETIC_RATE_NOT_SUPPLIER_QUOTE,FORECAST,PUBLIC_SYNTHETIC_PLANNING_MODEL,2026-09-06T00:00:00-07:00,MODELED_QUANTITY_AND_AMOUNT_MATCH,SETTLEMENT_LINKED_SEPARATELY_TO_FORECAST_LEDGER,36647,36647,0
PROC-base-202706-WAREHOUSE-OCC,PROC-base-202706-WAREHOUSE-OCC,base,2027,6,WAREHOUSE,OCC,Occupancy and utilities,12881.000000000000538000,occupied_slot_month,0.3155425531914893617021276596,1.0609,4312,22289,26601,SYN-V-20260906-WAREHOUSE-OCC,PO-PROC-base-202706-WAREHOUSE-OCC,RCV-PROC-base-202706-WAREHOUSE-OCC,INV-PROC-base-202706-WAREHOUSE-OCC,,2027-06-24,2027-07-24,INPUT_TO_FORECAST_PURCHASE_COST,CALIBRATED_SYNTHETIC_RATE_NOT_SUPPLIER_QUOTE,FORECAST,PUBLIC_SYNTHETIC_PLANNING_MODEL,2026-09-06T00:00:00-07:00,MODELED_QUANTITY_AND_AMOUNT_MATCH,SETTLEMENT_LINKED_SEPARATELY_TO_FORECAST_LEDGER,26601,26601,0
PROC-base-202706-WAREHOUSE-INS,PROC-base-202706-WAREHOUSE-INS,base,2027,6,WAREHOUSE,INS,Insurance and environmental services,12881.000000000000538000,occupied_slot_month,0.00,1.0609,0,26223,26223,SYN-V-20260906-WAREHOUSE-INS,PO-PROC-base-202706-WAREHOUSE-INS,RCV-PROC-base-202706-WAREHOUSE-INS,INV-PROC-base-202706-WAREHOUSE-INS,,2027-06-24,2027-07-24,INPUT_TO_FORECAST_PURCHASE_COST,CALIBRATED_SYNTHETIC_RATE_NOT_SUPPLIER_QUOTE,FORECAST,PUBLIC_SYNTHETIC_PLANNING_MODEL,2026-09-06T00:00:00-07:00,MODELED_QUANTITY_AND_AMOUNT_MATCH,SETTLEMENT_LINKED_SEPARATELY_TO_FORECAST_LEDGER,26223,26223,0
PROC-base-202706-WAREHOUSE-SERV,PROC-base-202706-WAREHOUSE-SERV,base,2027,6,WAREHOUSE,SERV,Other purchased operating services,12881.000000000000538000,occupied_slot_month,0.7362659574468085106382978723,1.0609,10061,17045,27106,SYN-V-20260906-WAREHOUSE-SERV,PO-PROC-base-202706-WAREHOUSE-SERV,RCV-PROC-base-202706-WAREHOUSE-SERV,INV-PROC-base-202706-WAREHOUSE-SERV,,2027-06-24,2027-07-24,INPUT_TO_FORECAST_PURCHASE_COST,CALIBRATED_SYNTHETIC_RATE_NOT_SUPPLIER_QUOTE,FORECAST,PUBLIC_SYNTHETIC_PLANNING_MODEL,2026-09-06T00:00:00-07:00,MODELED_QUANTITY_AND_AMOUNT_MATCH,SETTLEMENT_LINKED_SEPARATELY_TO_FORECAST_LEDGER,27106,27106,0
PROC-base-202706-ARU-MAT,PROC-base-202706-ARU-MAT,base,2027,6,ARU,MAT,Materials and fuel,1.000000000000000000000000000,corporate_service_month,10333.125,1.0609,10962,1218,12180,SYN-V-20260906-ARU-MAT,PO-PROC-base-202706-ARU-MAT,RCV-PROC-base-202706-ARU-MAT,INV-PROC-base-202706-ARU-MAT,,2027-06-24,2027-07-24,INPUT_TO_FORECAST_PURCHASE_COST,CALIBRATED_SYNTHETIC_RATE_NOT_SUPPLIER_QUOTE,FORECAST,PUBLIC_SYNTHETIC_PLANNING_MODEL,2026-09-06T00:00:00-07:00,MODELED_QUANTITY_AND_AMOUNT_MATCH,SETTLEMENT_LINKED_SEPARATELY_TO_FORECAST_LEDGER,12180,12180,0
PROC-base-202706-ARU-MAINT,PROC-base-202706-ARU-MAINT,base,2027,6,ARU,MAINT,Contract maintenance and equipment services,1.000000000000000000000000000,corporate_service_month,5740.625,1.0609,6090,6090,12180,SYN-V-20260906-ARU-MAINT,PO-PROC-base-202706-ARU-MAINT,RCV-PROC-base-202706-ARU-MAINT,INV-PROC-base-202706-ARU-MAINT,WO-PROC-base-202706-ARU-MAINT,2027-06-24,2027-07-24,INPUT_TO_FORECAST_PURCHASE_COST,CALIBRATED_SYNTHETIC_RATE_NOT_SUPPLIER_QUOTE,FORECAST,PUBLIC_SYNTHETIC_PLANNING_MODEL,2026-09-06T00:00:00-07:00,MODELED_QUANTITY_AND_AMOUNT_MATCH,SETTLEMENT_LINKED_SEPARATELY_TO_FORECAST_LEDGER,12180,12180,0
PROC-base-202706-ARU-OCC,PROC-base-202706-ARU-OCC,base,2027,6,ARU,OCC,Occupancy and utilities,1.000000000000000000000000000,corporate_service_month,1377.75,1.0609,1462,8283,9745,SYN-V-20260906-ARU-OCC,PO-PROC-base-202706-ARU-OCC,RCV-PROC-base-202706-ARU-OCC,INV-PROC-base-202706-ARU-OCC,,2027-06-24,2027-07-24,INPUT_TO_FORECAST_PURCHASE_COST,CALIBRATED_SYNTHETIC_RATE_NOT_SUPPLIER_QUOTE,FORECAST,PUBLIC_SYNTHETIC_PLANNING_MODEL,2026-09-06T00:00:00-07:00,MODELED_QUANTITY_AND_AMOUNT_MATCH,SETTLEMENT_LINKED_SEPARATELY_TO_FORECAST_LEDGER,9745,9745,0
PROC-base-202706-ARU-INS,PROC-base-202706-ARU-INS,base,2027,6,ARU,INS,Insurance and environmental services,1.000000000000000000000000000,corporate_service_month,0.00,1.0609,0,9744,9744,SYN-V-20260906-ARU-INS,PO-PROC-base-202706-ARU-INS,RCV-PROC-base-202706-ARU-INS,INV-PROC-base-202706-ARU-INS,,2027-06-24,2027-07-24,INPUT_TO_FORECAST_PURCHASE_COST,CALIBRATED_SYNTHETIC_RATE_NOT_SUPPLIER_QUOTE,FORECAST,PUBLIC_SYNTHETIC_PLANNING_MODEL,2026-09-06T00:00:00-07:00,MODELED_QUANTITY_AND_AMOUNT_MATCH,SETTLEMENT_LINKED_SEPARATELY_TO_FORECAST_LEDGER,9744,9744,0
PROC-base-202706-ARU-SERV,PROC-base-202706-ARU-SERV,base,2027,6,ARU,SERV,Other purchased operating services,1.000000000000000000000000000,corporate_service_month,1607.375,1.0609,1705,3167,4872,SYN-V-20260906-ARU-SERV,PO-PROC-base-202706-ARU-SERV,RCV-PROC-base-202706-ARU-SERV,INV-PROC-base-202706-ARU-SERV,,2027-06-24,2027-07-24,INPUT_TO_FORECAST_PURCHASE_COST,CALIBRATED_SYNTHETIC_RATE_NOT_SUPPLIER_QUOTE,FORECAST,PUBLIC_SYNTHETIC_PLANNING_MODEL,2026-09-06T00:00:00-07:00,MODELED_QUANTITY_AND_AMOUNT_MATCH,SETTLEMENT_LINKED_SEPARATELY_TO_FORECAST_LEDGER,4872,4872,0
PROC-base-202707-BST-MAT,PROC-base-202707-BST-MAT,base,2027,7,BST,MAT,Materials and fuel,825.99999999999993000,loaded_revenue_car,146.634,1.0609,128496,12964,141460,SYN-V-20260906-BST-MAT,PO-PROC-base-202707-BST-MAT,RCV-PROC-base-202707-BST-MAT,INV-PROC-base-202707-BST-MAT,,2027-07-24,2027-08-23,INPUT_TO_FORECAST_PURCHASE_COST,CALIBRATED_SYNTHETIC_RATE_NOT_SUPPLIER_QUOTE,FORECAST,PUBLIC_SYNTHETIC_PLANNING_MODEL,2026-09-06T00:00:00-07:00,MODELED_QUANTITY_AND_AMOUNT_MATCH,SETTLEMENT_LINKED_SEPARATELY_TO_FORECAST_LEDGER,141460,141460,0
PROC-base-202707-BST-MAINT,PROC-base-202707-BST-MAINT,base,2027,7,BST,MAINT,Contract maintenance and equipment services,825.99999999999993000,loaded_revenue_car,101.8291666666666666666666667,1.0609,89233,81023,170256,SYN-V-20260906-BST-MAINT,PO-PROC-base-202707-BST-MAINT,RCV-PROC-base-202707-BST-MAINT,INV-PROC-base-202707-BST-MAINT,WO-PROC-base-202707-BST-MAINT,2027-07-24,2027-08-23,INPUT_TO_FORECAST_PURCHASE_COST,CALIBRATED_SYNTHETIC_RATE_NOT_SUPPLIER_QUOTE,FORECAST,PUBLIC_SYNTHETIC_PLANNING_MODEL,2026-09-06T00:00:00-07:00,MODELED_QUANTITY_AND_AMOUNT_MATCH,SETTLEMENT_LINKED_SEPARATELY_TO_FORECAST_LEDGER,170256,170256,0
PROC-base-202707-BST-OCC,PROC-base-202707-BST-OCC,base,2027,7,BST,OCC,Occupancy and utilities,825.99999999999993000,loaded_revenue_car,21.9951,1.0609,19274,99172,118446,SYN-V-20260906-BST-OCC,PO-PROC-base-202707-BST-OCC,RCV-PROC-base-202707-BST-OCC,INV-PROC-base-202707-BST-OCC,,2027-07-24,2027-08-23,INPUT_TO_FORECAST_PURCHASE_COST,CALIBRATED_SYNTHETIC_RATE_NOT_SUPPLIER_QUOTE,FORECAST,PUBLIC_SYNTHETIC_PLANNING_MODEL,2026-09-06T00:00:00-07:00,MODELED_QUANTITY_AND_AMOUNT_MATCH,SETTLEMENT_LINKED_SEPARATELY_TO_FORECAST_LEDGER,118446,118446,0
PROC-base-202707-BST-INS,PROC-base-202707-BST-INS,base,2027,7,BST,INS,Insurance and environmental services,825.99999999999993000,loaded_revenue_car,0.00,1.0609,0,110191,110191,SYN-V-20260906-BST-INS,PO-PROC-base-202707-BST-INS,RCV-PROC-base-202707-BST-INS,INV-PROC-base-202707-BST-INS,,2027-07-24,2027-08-23,INPUT_TO_FORECAST_PURCHASE_COST,CALIBRATED_SYNTHETIC_RATE_NOT_SUPPLIER_QUOTE,FORECAST,PUBLIC_SYNTHETIC_PLANNING_MODEL,2026-09-06T00:00:00-07:00,MODELED_QUANTITY_AND_AMOUNT_MATCH,SETTLEMENT_LINKED_SEPARATELY_TO_FORECAST_LEDGER,110191,110191,0
PROC-base-202707-BST-SERV,PROC-base-202707-BST-SERV,base,2027,7,BST,SERV,Other purchased operating services,825.99999999999993000,loaded_revenue_car,57.02433333333333333333333333,1.0609,49971,84264,134235,SYN-V-20260906-BST-SERV,PO-PROC-base-202707-BST-SERV,RCV-PROC-base-202707-BST-SERV,INV-PROC-base-202707-BST-SERV,,2027-07-24,2027-08-23,INPUT_TO_FORECAST_PURCHASE_COST,CALIBRATED_SYNTHETIC_RATE_NOT_SUPPLIER_QUOTE,FORECAST,PUBLIC_SYNTHETIC_PLANNING_MODEL,2026-09-06T00:00:00-07:00,MODELED_QUANTITY_AND_AMOUNT_MATCH,SETTLEMENT_LINKED_SEPARATELY_TO_FORECAST_LEDGER,134235,134235,0
PROC-base-202707-TERMINALS-MAT,PROC-base-202707-TERMINALS-MAT,base,2027,7,TERMINALS,MAT,Materials and fuel,23203.000000000001124000,handled_short_ton,5.207687007874015748031496063,1.0609,128193,12994,141187,SYN-V-20260906-TERMINALS-MAT,PO-PROC-base-202707-TERMINALS-MAT,RCV-PROC-base-202707-TERMINALS-MAT,INV-PROC-base-202707-TERMINALS-MAT,,2027-07-24,2027-08-23,INPUT_TO_FORECAST_PURCHASE_COST,CALIBRATED_SYNTHETIC_RATE_NOT_SUPPLIER_QUOTE,FORECAST,PUBLIC_SYNTHETIC_PLANNING_MODEL,2026-09-06T00:00:00-07:00,MODELED_QUANTITY_AND_AMOUNT_MATCH,SETTLEMENT_LINKED_SEPARATELY_TO_FORECAST_LEDGER,141187,141187,0
PROC-base-202707-TERMINALS-MAINT,PROC-base-202707-TERMINALS-MAINT,base,2027,7,TERMINALS,MAINT,Contract maintenance and equipment services,23203.000000000001124000,handled_short_ton,2.893159448818897637795275591,1.0609,71218,64968,136186,SYN-V-20260906-TERMINALS-MAINT,PO-PROC-base-202707-TERMINALS-MAINT,RCV-PROC-base-202707-TERMINALS-MAINT,INV-PROC-base-202707-TERMINALS-MAINT,WO-PROC-base-202707-TERMINALS-MAINT,2027-07-24,2027-08-23,INPUT_TO_FORECAST_PURCHASE_COST,CALIBRATED_SYNTHETIC_RATE_NOT_SUPPLIER_QUOTE,FORECAST,PUBLIC_SYNTHETIC_PLANNING_MODEL,2026-09-06T00:00:00-07:00,MODELED_QUANTITY_AND_AMOUNT_MATCH,SETTLEMENT_LINKED_SEPARATELY_TO_FORECAST_LEDGER,136186,136186,0
PROC-base-202707-TERMINALS-OCC,PROC-base-202707-TERMINALS-OCC,base,2027,7,TERMINALS,OCC,Occupancy and utilities,23203.000000000001124000,handled_short_ton,0.6943582677165354330708661417,1.0609,17092,88356,105448,SYN-V-20260906-TERMINALS-OCC,PO-PROC-base-202707-TERMINALS-OCC,RCV-PROC-base-202707-TERMINALS-OCC,INV-PROC-base-202707-TERMINALS-OCC,,2027-07-24,2027-08-23,INPUT_TO_FORECAST_PURCHASE_COST,CALIBRATED_SYNTHETIC_RATE_NOT_SUPPLIER_QUOTE,FORECAST,PUBLIC_SYNTHETIC_PLANNING_MODEL,2026-09-06T00:00:00-07:00,MODELED_QUANTITY_AND_AMOUNT_MATCH,SETTLEMENT_LINKED_SEPARATELY_TO_FORECAST_LEDGER,105448,105448,0
PROC-base-202707-TERMINALS-INS,PROC-base-202707-TERMINALS-INS,base,2027,7,TERMINALS,INS,Insurance and environmental services,23203.000000000001124000,handled_short_ton,0.00,1.0609,0,77962,77962,SYN-V-20260906-TERMINALS-INS,PO-PROC-base-202707-TERMINALS-INS,RCV-PROC-base-202707-TERMINALS-INS,INV-PROC-base-202707-TERMINALS-INS,,2027-07-24,2027-08-23,INPUT_TO_FORECAST_PURCHASE_COST,CALIBRATED_SYNTHETIC_RATE_NOT_SUPPLIER_QUOTE,FORECAST,PUBLIC_SYNTHETIC_PLANNING_MODEL,2026-09-06T00:00:00-07:00,MODELED_QUANTITY_AND_AMOUNT_MATCH,SETTLEMENT_LINKED_SEPARATELY_TO_FORECAST_LEDGER,77962,77962,0
PROC-base-202707-TERMINALS-SERV,PROC-base-202707-TERMINALS-SERV,base,2027,7,TERMINALS,SERV,Other purchased operating services,23203.000000000001124000,handled_short_ton,1.215126968503937007874015748,1.0609,29912,50675,80587,SYN-V-20260906-TERMINALS-SERV,PO-PROC-base-202707-TERMINALS-SERV,RCV-PROC-base-202707-TERMINALS-SERV,INV-PROC-base-202707-TERMINALS-SERV,,2027-07-24,2027-08-23,INPUT_TO_FORECAST_PURCHASE_COST,CALIBRATED_SYNTHETIC_RATE_NOT_SUPPLIER_QUOTE,FORECAST,PUBLIC_SYNTHETIC_PLANNING_MODEL,2026-09-06T00:00:00-07:00,MODELED_QUANTITY_AND_AMOUNT_MATCH,SETTLEMENT_LINKED_SEPARATELY_TO_FORECAST_LEDGER,80587,80587,0
PROC-base-202707-TRUCKING-MAT,PROC-base-202707-TRUCKING-MAT,base,2027,7,TRUCKING,MAT,Materials and fuel,1369.999999999999980000,billed_dispatch,73.1703,1.0609,106348,10781,117129,SYN-V-20260906-TRUCKING-MAT,PO-PROC-base-202707-TRUCKING-MAT,RCV-PROC-base-202707-TRUCKING-MAT,INV-PROC-base-202707-TRUCKING-MAT,,2027-07-24,2027-08-23,INPUT_TO_FORECAST_PURCHASE_COST,CALIBRATED_SYNTHETIC_RATE_NOT_SUPPLIER_QUOTE,FORECAST,PUBLIC_SYNTHETIC_PLANNING_MODEL,2026-09-06T00:00:00-07:00,MODELED_QUANTITY_AND_AMOUNT_MATCH,SETTLEMENT_LINKED_SEPARATELY_TO_FORECAST_LEDGER,117129,117129,0
PROC-base-202707-TRUCKING-MAINT,PROC-base-202707-TRUCKING-MAINT,base,2027,7,TRUCKING,MAINT,Contract maintenance and equipment services,1369.999999999999980000,billed_dispatch,29.03583333333333333333333333,1.0609,42202,38505,80707,SYN-V-20260906-TRUCKING-MAINT,PO-PROC-base-202707-TRUCKING-MAINT,RCV-PROC-base-202707-TRUCKING-MAINT,INV-PROC-base-202707-TRUCKING-MAINT,WO-PROC-base-202707-TRUCKING-MAINT,2027-07-24,2027-08-23,INPUT_TO_FORECAST_PURCHASE_COST,CALIBRATED_SYNTHETIC_RATE_NOT_SUPPLIER_QUOTE,FORECAST,PUBLIC_SYNTHETIC_PLANNING_MODEL,2026-09-06T00:00:00-07:00,MODELED_QUANTITY_AND_AMOUNT_MATCH,SETTLEMENT_LINKED_SEPARATELY_TO_FORECAST_LEDGER,80707,80707,0
PROC-base-202707-TRUCKING-OCC,PROC-base-202707-TRUCKING-OCC,base,2027,7,TRUCKING,OCC,Occupancy and utilities,1369.999999999999980000,billed_dispatch,6.9686,1.0609,10128,52367,62495,SYN-V-20260906-TRUCKING-OCC,PO-PROC-base-202707-TRUCKING-OCC,RCV-PROC-base-202707-TRUCKING-OCC,INV-PROC-base-202707-TRUCKING-OCC,,2027-07-24,2027-08-23,INPUT_TO_FORECAST_PURCHASE_COST,CALIBRATED_SYNTHETIC_RATE_NOT_SUPPLIER_QUOTE,FORECAST,PUBLIC_SYNTHETIC_PLANNING_MODEL,2026-09-06T00:00:00-07:00,MODELED_QUANTITY_AND_AMOUNT_MATCH,SETTLEMENT_LINKED_SEPARATELY_TO_FORECAST_LEDGER,62495,62495,0
PROC-base-202707-TRUCKING-INS,PROC-base-202707-TRUCKING-INS,base,2027,7,TRUCKING,INS,Insurance and environmental services,1369.999999999999980000,billed_dispatch,0.00,1.0609,0,30804,30804,SYN-V-20260906-TRUCKING-INS,PO-PROC-base-202707-TRUCKING-INS,RCV-PROC-base-202707-TRUCKING-INS,INV-PROC-base-202707-TRUCKING-INS,,2027-07-24,2027-08-23,INPUT_TO_FORECAST_PURCHASE_COST,CALIBRATED_SYNTHETIC_RATE_NOT_SUPPLIER_QUOTE,FORECAST,PUBLIC_SYNTHETIC_PLANNING_MODEL,2026-09-06T00:00:00-07:00,MODELED_QUANTITY_AND_AMOUNT_MATCH,SETTLEMENT_LINKED_SEPARATELY_TO_FORECAST_LEDGER,30804,30804,0
PROC-base-202707-TRUCKING-SERV,PROC-base-202707-TRUCKING-SERV,base,2027,7,TRUCKING,SERV,Other purchased operating services,1369.999999999999980000,billed_dispatch,8.130033333333333333333333333,1.0609,11816,20023,31839,SYN-V-20260906-TRUCKING-SERV,PO-PROC-base-202707-TRUCKING-SERV,RCV-PROC-base-202707-TRUCKING-SERV,INV-PROC-base-202707-TRUCKING-SERV,,2027-07-24,2027-08-23,INPUT_TO_FORECAST_PURCHASE_COST,CALIBRATED_SYNTHETIC_RATE_NOT_SUPPLIER_QUOTE,FORECAST,PUBLIC_SYNTHETIC_PLANNING_MODEL,2026-09-06T00:00:00-07:00,MODELED_QUANTITY_AND_AMOUNT_MATCH,SETTLEMENT_LINKED_SEPARATELY_TO_FORECAST_LEDGER,31839,31839,0
PROC-base-202707-WAREHOUSE-MAT,PROC-base-202707-WAREHOUSE-MAT,base,2027,7,WAREHOUSE,MAT,Materials and fuel,12881.000000000000538000,occupied_slot_month,4.417595744680851063829787234,1.0609,60368,6119,66487,SYN-V-20260906-WAREHOUSE-MAT,PO-PROC-base-202707-WAREHOUSE-MAT,RCV-PROC-base-202707-WAREHOUSE-MAT,INV-PROC-base-202707-WAREHOUSE-MAT,,2027-07-24,2027-08-23,INPUT_TO_FORECAST_PURCHASE_COST,CALIBRATED_SYNTHETIC_RATE_NOT_SUPPLIER_QUOTE,FORECAST,PUBLIC_SYNTHETIC_PLANNING_MODEL,2026-09-06T00:00:00-07:00,MODELED_QUANTITY_AND_AMOUNT_MATCH,SETTLEMENT_LINKED_SEPARATELY_TO_FORECAST_LEDGER,66487,66487,0
PROC-base-202707-WAREHOUSE-MAINT,PROC-base-202707-WAREHOUSE-MAINT,base,2027,7,WAREHOUSE,MAINT,Contract maintenance and equipment services,12881.000000000000538000,occupied_slot_month,1.402411347517730496453900709,1.0609,19165,17482,36647,SYN-V-20260906-WAREHOUSE-MAINT,PO-PROC-base-202707-WAREHOUSE-MAINT,RCV-PROC-base-202707-WAREHOUSE-MAINT,INV-PROC-base-202707-WAREHOUSE-MAINT,WO-PROC-base-202707-WAREHOUSE-MAINT,2027-07-24,2027-08-23,INPUT_TO_FORECAST_PURCHASE_COST,CALIBRATED_SYNTHETIC_RATE_NOT_SUPPLIER_QUOTE,FORECAST,PUBLIC_SYNTHETIC_PLANNING_MODEL,2026-09-06T00:00:00-07:00,MODELED_QUANTITY_AND_AMOUNT_MATCH,SETTLEMENT_LINKED_SEPARATELY_TO_FORECAST_LEDGER,36647,36647,0
PROC-base-202707-WAREHOUSE-OCC,PROC-base-202707-WAREHOUSE-OCC,base,2027,7,WAREHOUSE,OCC,Occupancy and utilities,12881.000000000000538000,occupied_slot_month,0.3155425531914893617021276596,1.0609,4312,22289,26601,SYN-V-20260906-WAREHOUSE-OCC,PO-PROC-base-202707-WAREHOUSE-OCC,RCV-PROC-base-202707-WAREHOUSE-OCC,INV-PROC-base-202707-WAREHOUSE-OCC,,2027-07-24,2027-08-23,INPUT_TO_FORECAST_PURCHASE_COST,CALIBRATED_SYNTHETIC_RATE_NOT_SUPPLIER_QUOTE,FORECAST,PUBLIC_SYNTHETIC_PLANNING_MODEL,2026-09-06T00:00:00-07:00,MODELED_QUANTITY_AND_AMOUNT_MATCH,SETTLEMENT_LINKED_SEPARATELY_TO_FORECAST_LEDGER,26601,26601,0
PROC-base-202707-WAREHOUSE-INS,PROC-base-202707-WAREHOUSE-INS,base,2027,7,WAREHOUSE,INS,Insurance and environmental services,12881.000000000000538000,occupied_slot_month,0.00,1.0609,0,26223,26223,SYN-V-20260906-WAREHOUSE-INS,PO-PROC-base-202707-WAREHOUSE-INS,RCV-PROC-base-202707-WAREHOUSE-INS,INV-PROC-base-202707-WAREHOUSE-INS,,2027-07-24,2027-08-23,INPUT_TO_FORECAST_PURCHASE_COST,CALIBRATED_SYNTHETIC_RATE_NOT_SUPPLIER_QUOTE,FORECAST,PUBLIC_SYNTHETIC_PLANNING_MODEL,2026-09-06T00:00:00-07:00,MODELED_QUANTITY_AND_AMOUNT_MATCH,SETTLEMENT_LINKED_SEPARATELY_TO_FORECAST_LEDGER,26223,26223,0
PROC-base-202707-WAREHOUSE-SERV,PROC-base-202707-WAREHOUSE-SERV,base,2027,7,WAREHOUSE,SERV,Other purchased operating services,12881.000000000000538000,occupied_slot_month,0.7362659574468085106382978723,1.0609,10061,17045,27106,SYN-V-20260906-WAREHOUSE-SERV,PO-PROC-base-202707-WAREHOUSE-SERV,RCV-PROC-base-202707-WAREHOUSE-SERV,INV-PROC-base-202707-WAREHOUSE-SERV,,2027-07-24,2027-08-23,INPUT_TO_FORECAST_PURCHASE_COST,CALIBRATED_SYNTHETIC_RATE_NOT_SUPPLIER_QUOTE,FORECAST,PUBLIC_SYNTHETIC_PLANNING_MODEL,2026-09-06T00:00:00-07:00,MODELED_QUANTITY_AND_AMOUNT_MATCH,SETTLEMENT_LINKED_SEPARATELY_TO_FORECAST_LEDGER,27106,27106,0
PROC-base-202707-ARU-MAT,PROC-base-202707-ARU-MAT,base,2027,7,ARU,MAT,Materials and fuel,1.000000000000000000000000000,corporate_service_month,10333.125,1.0609,10962,1218,12180,SYN-V-20260906-ARU-MAT,PO-PROC-base-202707-ARU-MAT,RCV-PROC-base-202707-ARU-MAT,INV-PROC-base-202707-ARU-MAT,,2027-07-24,2027-08-23,INPUT_TO_FORECAST_PURCHASE_COST,CALIBRATED_SYNTHETIC_RATE_NOT_SUPPLIER_QUOTE,FORECAST,PUBLIC_SYNTHETIC_PLANNING_MODEL,2026-09-06T00:00:00-07:00,MODELED_QUANTITY_AND_AMOUNT_MATCH,SETTLEMENT_LINKED_SEPARATELY_TO_FORECAST_LEDGER,12180,12180,0
PROC-base-202707-ARU-MAINT,PROC-base-202707-ARU-MAINT,base,2027,7,ARU,MAINT,Contract maintenance and equipment services,1.000000000000000000000000000,corporate_service_month,5740.625,1.0609,6090,6090,12180,SYN-V-20260906-ARU-MAINT,PO-PROC-base-202707-ARU-MAINT,RCV-PROC-base-202707-ARU-MAINT,INV-PROC-base-202707-ARU-MAINT,WO-PROC-base-202707-ARU-MAINT,2027-07-24,2027-08-23,INPUT_TO_FORECAST_PURCHASE_COST,CALIBRATED_SYNTHETIC_RATE_NOT_SUPPLIER_QUOTE,FORECAST,PUBLIC_SYNTHETIC_PLANNING_MODEL,2026-09-06T00:00:00-07:00,MODELED_QUANTITY_AND_AMOUNT_MATCH,SETTLEMENT_LINKED_SEPARATELY_TO_FORECAST_LEDGER,12180,12180,0
PROC-base-202707-ARU-OCC,PROC-base-202707-ARU-OCC,base,2027,7,ARU,OCC,Occupancy and utilities,1.000000000000000000000000000,corporate_service_month,1377.75,1.0609,1462,8283,9745,SYN-V-20260906-ARU-OCC,PO-PROC-base-202707-ARU-OCC,RCV-PROC-base-202707-ARU-OCC,INV-PROC-base-202707-ARU-OCC,,2027-07-24,2027-08-23,INPUT_TO_FORECAST_PURCHASE_COST,CALIBRATED_SYNTHETIC_RATE_NOT_SUPPLIER_QUOTE,FORECAST,PUBLIC_SYNTHETIC_PLANNING_MODEL,2026-09-06T00:00:00-07:00,MODELED_QUANTITY_AND_AMOUNT_MATCH,SETTLEMENT_LINKED_SEPARATELY_TO_FORECAST_LEDGER,9745,9745,0
PROC-base-202707-ARU-INS,PROC-base-202707-ARU-INS,base,2027,7,ARU,INS,Insurance and environmental services,1.000000000000000000000000000,corporate_service_month,0.00,1.0609,0,9744,9744,SYN-V-20260906-ARU-INS,PO-PROC-base-202707-ARU-INS,RCV-PROC-base-202707-ARU-INS,INV-PROC-base-202707-ARU-INS,,2027-07-24,2027-08-23,INPUT_TO_FORECAST_PURCHASE_COST,CALIBRATED_SYNTHETIC_RATE_NOT_SUPPLIER_QUOTE,FORECAST,PUBLIC_SYNTHETIC_PLANNING_MODEL,2026-09-06T00:00:00-07:00,MODELED_QUANTITY_AND_AMOUNT_MATCH,SETTLEMENT_LINKED_SEPARATELY_TO_FORECAST_LEDGER,9744,9744,0
PROC-base-202707-ARU-SERV,PROC-base-202707-ARU-SERV,base,2027,7,ARU,SERV,Other purchased operating services,1.000000000000000000000000000,corporate_service_month,1607.375,1.0609,1705,3167,4872,SYN-V-20260906-ARU-SERV,PO-PROC-base-202707-ARU-SERV,RCV-PROC-base-202707-ARU-SERV,INV-PROC-base-202707-ARU-SERV,,2027-07-24,2027-08-23,INPUT_TO_FORECAST_PURCHASE_COST,CALIBRATED_SYNTHETIC_RATE_NOT_SUPPLIER_QUOTE,FORECAST,PUBLIC_SYNTHETIC_PLANNING_MODEL,2026-09-06T00:00:00-07:00,MODELED_QUANTITY_AND_AMOUNT_MATCH,SETTLEMENT_LINKED_SEPARATELY_TO_FORECAST_LEDGER,4872,4872,0
PROC-base-202708-BST-MAT,PROC-base-202708-BST-MAT,base,2027,8,BST,MAT,Materials and fuel,825.99999999999993000,loaded_revenue_car,146.634,1.0609,128496,12964,141460,SYN-V-20260906-BST-MAT,PO-PROC-base-202708-BST-MAT,RCV-PROC-base-202708-BST-MAT,INV-PROC-base-202708-BST-MAT,,2027-08-24,2027-09-23,INPUT_TO_FORECAST_PURCHASE_COST,CALIBRATED_SYNTHETIC_RATE_NOT_SUPPLIER_QUOTE,FORECAST,PUBLIC_SYNTHETIC_PLANNING_MODEL,2026-09-06T00:00:00-07:00,MODELED_QUANTITY_AND_AMOUNT_MATCH,SETTLEMENT_LINKED_SEPARATELY_TO_FORECAST_LEDGER,141460,141460,0
PROC-base-202708-BST-MAINT,PROC-base-202708-BST-MAINT,base,2027,8,BST,MAINT,Contract maintenance and equipment services,825.99999999999993000,loaded_revenue_car,101.8291666666666666666666667,1.0609,89233,81023,170256,SYN-V-20260906-BST-MAINT,PO-PROC-base-202708-BST-MAINT,RCV-PROC-base-202708-BST-MAINT,INV-PROC-base-202708-BST-MAINT,WO-PROC-base-202708-BST-MAINT,2027-08-24,2027-09-23,INPUT_TO_FORECAST_PURCHASE_COST,CALIBRATED_SYNTHETIC_RATE_NOT_SUPPLIER_QUOTE,FORECAST,PUBLIC_SYNTHETIC_PLANNING_MODEL,2026-09-06T00:00:00-07:00,MODELED_QUANTITY_AND_AMOUNT_MATCH,SETTLEMENT_LINKED_SEPARATELY_TO_FORECAST_LEDGER,170256,170256,0
PROC-base-202708-BST-OCC,PROC-base-202708-BST-OCC,base,2027,8,BST,OCC,Occupancy and utilities,825.99999999999993000,loaded_revenue_car,21.9951,1.0609,19274,99172,118446,SYN-V-20260906-BST-OCC,PO-PROC-base-202708-BST-OCC,RCV-PROC-base-202708-BST-OCC,INV-PROC-base-202708-BST-OCC,,2027-08-24,2027-09-23,INPUT_TO_FORECAST_PURCHASE_COST,CALIBRATED_SYNTHETIC_RATE_NOT_SUPPLIER_QUOTE,FORECAST,PUBLIC_SYNTHETIC_PLANNING_MODEL,2026-09-06T00:00:00-07:00,MODELED_QUANTITY_AND_AMOUNT_MATCH,SETTLEMENT_LINKED_SEPARATELY_TO_FORECAST_LEDGER,118446,118446,0
PROC-base-202708-BST-INS,PROC-base-202708-BST-INS,base,2027,8,BST,INS,Insurance and environmental services,825.99999999999993000,loaded_revenue_car,0.00,1.0609,0,110191,110191,SYN-V-20260906-BST-INS,PO-PROC-base-202708-BST-INS,RCV-PROC-base-202708-BST-INS,INV-PROC-base-202708-BST-INS,,2027-08-24,2027-09-23,INPUT_TO_FORECAST_PURCHASE_COST,CALIBRATED_SYNTHETIC_RATE_NOT_SUPPLIER_QUOTE,FORECAST,PUBLIC_SYNTHETIC_PLANNING_MODEL,2026-09-06T00:00:00-07:00,MODELED_QUANTITY_AND_AMOUNT_MATCH,SETTLEMENT_LINKED_SEPARATELY_TO_FORECAST_LEDGER,110191,110191,0
PROC-base-202708-BST-SERV,PROC-base-202708-BST-SERV,base,2027,8,BST,SERV,Other purchased operating services,825.99999999999993000,loaded_revenue_car,57.02433333333333333333333333,1.0609,49971,84264,134235,SYN-V-20260906-BST-SERV,PO-PROC-base-202708-BST-SERV,RCV-PROC-base-202708-BST-SERV,INV-PROC-base-202708-BST-SERV,,2027-08-24,2027-09-23,INPUT_TO_FORECAST_PURCHASE_COST,CALIBRATED_SYNTHETIC_RATE_NOT_SUPPLIER_QUOTE,FORECAST,PUBLIC_SYNTHETIC_PLANNING_MODEL,2026-09-06T00:00:00-07:00,MODELED_QUANTITY_AND_AMOUNT_MATCH,SETTLEMENT_LINKED_SEPARATELY_TO_FORECAST_LEDGER,134235,134235,0
PROC-base-202708-TERMINALS-MAT,PROC-base-202708-TERMINALS-MAT,base,2027,8,TERMINALS,MAT,Materials and fuel,23203.000000000001124000,handled_short_ton,5.207687007874015748031496063,1.0609,128193,12993,141186,SYN-V-20260906-TERMINALS-MAT,PO-PROC-base-202708-TERMINALS-MAT,RCV-PROC-base-202708-TERMINALS-MAT,INV-PROC-base-202708-TERMINALS-MAT,,2027-08-24,2027-09-23,INPUT_TO_FORECAST_PURCHASE_COST,CALIBRATED_SYNTHETIC_RATE_NOT_SUPPLIER_QUOTE,FORECAST,PUBLIC_SYNTHETIC_PLANNING_MODEL,2026-09-06T00:00:00-07:00,MODELED_QUANTITY_AND_AMOUNT_MATCH,SETTLEMENT_LINKED_SEPARATELY_TO_FORECAST_LEDGER,141186,141186,0
PROC-base-202708-TERMINALS-MAINT,PROC-base-202708-TERMINALS-MAINT,base,2027,8,TERMINALS,MAINT,Contract maintenance and equipment services,23203.000000000001124000,handled_short_ton,2.893159448818897637795275591,1.0609,71218,64968,136186,SYN-V-20260906-TERMINALS-MAINT,PO-PROC-base-202708-TERMINALS-MAINT,RCV-PROC-base-202708-TERMINALS-MAINT,INV-PROC-base-202708-TERMINALS-MAINT,WO-PROC-base-202708-TERMINALS-MAINT,2027-08-24,2027-09-23,INPUT_TO_FORECAST_PURCHASE_COST,CALIBRATED_SYNTHETIC_RATE_NOT_SUPPLIER_QUOTE,FORECAST,PUBLIC_SYNTHETIC_PLANNING_MODEL,2026-09-06T00:00:00-07:00,MODELED_QUANTITY_AND_AMOUNT_MATCH,SETTLEMENT_LINKED_SEPARATELY_TO_FORECAST_LEDGER,136186,136186,0
PROC-base-202708-TERMINALS-OCC,PROC-base-202708-TERMINALS-OCC,base,2027,8,TERMINALS,OCC,Occupancy and utilities,23203.000000000001124000,handled_short_ton,0.6943582677165354330708661417,1.0609,17092,88356,105448,SYN-V-20260906-TERMINALS-OCC,PO-PROC-base-202708-TERMINALS-OCC,RCV-PROC-base-202708-TERMINALS-OCC,INV-PROC-base-202708-TERMINALS-OCC,,2027-08-24,2027-09-23,INPUT_TO_FORECAST_PURCHASE_COST,CALIBRATED_SYNTHETIC_RATE_NOT_SUPPLIER_QUOTE,FORECAST,PUBLIC_SYNTHETIC_PLANNING_MODEL,2026-09-06T00:00:00-07:00,MODELED_QUANTITY_AND_AMOUNT_MATCH,SETTLEMENT_LINKED_SEPARATELY_TO_FORECAST_LEDGER,105448,105448,0
PROC-base-202708-TERMINALS-INS,PROC-base-202708-TERMINALS-INS,base,2027,8,TERMINALS,INS,Insurance and environmental services,23203.000000000001124000,handled_short_ton,0.00,1.0609,0,77961,77961,SYN-V-20260906-TERMINALS-INS,PO-PROC-base-202708-TERMINALS-INS,RCV-PROC-base-202708-TERMINALS-INS,INV-PROC-base-202708-TERMINALS-INS,,2027-08-24,2027-09-23,INPUT_TO_FORECAST_PURCHASE_COST,CALIBRATED_SYNTHETIC_RATE_NOT_SUPPLIER_QUOTE,FORECAST,PUBLIC_SYNTHETIC_PLANNING_MODEL,2026-09-06T00:00:00-07:00,MODELED_QUANTITY_AND_AMOUNT_MATCH,SETTLEMENT_LINKED_SEPARATELY_TO_FORECAST_LEDGER,77961,77961,0
PROC-base-202708-TERMINALS-SERV,PROC-base-202708-TERMINALS-SERV,base,2027,8,TERMINALS,SERV,Other purchased operating services,23203.000000000001124000,handled_short_ton,1.215126968503937007874015748,1.0609,29912,50675,80587,SYN-V-20260906-TERMINALS-SERV,PO-PROC-base-202708-TERMINALS-SERV,RCV-PROC-base-202708-TERMINALS-SERV,INV-PROC-base-202708-TERMINALS-SERV,,2027-08-24,2027-09-23,INPUT_TO_FORECAST_PURCHASE_COST,CALIBRATED_SYNTHETIC_RATE_NOT_SUPPLIER_QUOTE,FORECAST,PUBLIC_SYNTHETIC_PLANNING_MODEL,2026-09-06T00:00:00-07:00,MODELED_QUANTITY_AND_AMOUNT_MATCH,SETTLEMENT_LINKED_SEPARATELY_TO_FORECAST_LEDGER,80587,80587,0
PROC-base-202708-TRUCKING-MAT,PROC-base-202708-TRUCKING-MAT,base,2027,8,TRUCKING,MAT,Materials and fuel,1369.999999999999980000,billed_dispatch,73.1703,1.0609,106348,10781,117129,SYN-V-20260906-TRUCKING-MAT,PO-PROC-base-202708-TRUCKING-MAT,RCV-PROC-base-202708-TRUCKING-MAT,INV-PROC-base-202708-TRUCKING-MAT,,2027-08-24,2027-09-23,INPUT_TO_FORECAST_PURCHASE_COST,CALIBRATED_SYNTHETIC_RATE_NOT_SUPPLIER_QUOTE,FORECAST,PUBLIC_SYNTHETIC_PLANNING_MODEL,2026-09-06T00:00:00-07:00,MODELED_QUANTITY_AND_AMOUNT_MATCH,SETTLEMENT_LINKED_SEPARATELY_TO_FORECAST_LEDGER,117129,117129,0
PROC-base-202708-TRUCKING-MAINT,PROC-base-202708-TRUCKING-MAINT,base,2027,8,TRUCKING,MAINT,Contract maintenance and equipment services,1369.999999999999980000,billed_dispatch,29.03583333333333333333333333,1.0609,42202,38505,80707,SYN-V-20260906-TRUCKING-MAINT,PO-PROC-base-202708-TRUCKING-MAINT,RCV-PROC-base-202708-TRUCKING-MAINT,INV-PROC-base-202708-TRUCKING-MAINT,WO-PROC-base-202708-TRUCKING-MAINT,2027-08-24,2027-09-23,INPUT_TO_FORECAST_PURCHASE_COST,CALIBRATED_SYNTHETIC_RATE_NOT_SUPPLIER_QUOTE,FORECAST,PUBLIC_SYNTHETIC_PLANNING_MODEL,2026-09-06T00:00:00-07:00,MODELED_QUANTITY_AND_AMOUNT_MATCH,SETTLEMENT_LINKED_SEPARATELY_TO_FORECAST_LEDGER,80707,80707,0
PROC-base-202708-TRUCKING-OCC,PROC-base-202708-TRUCKING-OCC,base,2027,8,TRUCKING,OCC,Occupancy and utilities,1369.999999999999980000,billed_dispatch,6.9686,1.0609,10128,52367,62495,SYN-V-20260906-TRUCKING-OCC,PO-PROC-base-202708-TRUCKING-OCC,RCV-PROC-base-202708-TRUCKING-OCC,INV-PROC-base-202708-TRUCKING-OCC,,2027-08-24,2027-09-23,INPUT_TO_FORECAST_PURCHASE_COST,CALIBRATED_SYNTHETIC_RATE_NOT_SUPPLIER_QUOTE,FORECAST,PUBLIC_SYNTHETIC_PLANNING_MODEL,2026-09-06T00:00:00-07:00,MODELED_QUANTITY_AND_AMOUNT_MATCH,SETTLEMENT_LINKED_SEPARATELY_TO_FORECAST_LEDGER,62495,62495,0
PROC-base-202708-TRUCKING-INS,PROC-base-202708-TRUCKING-INS,base,2027,8,TRUCKING,INS,Insurance and environmental services,1369.999999999999980000,billed_dispatch,0.00,1.0609,0,30804,30804,SYN-V-20260906-TRUCKING-INS,PO-PROC-base-202708-TRUCKING-INS,RCV-PROC-base-202708-TRUCKING-INS,INV-PROC-base-202708-TRUCKING-INS,,2027-08-24,2027-09-23,INPUT_TO_FORECAST_PURCHASE_COST,CALIBRATED_SYNTHETIC_RATE_NOT_SUPPLIER_QUOTE,FORECAST,PUBLIC_SYNTHETIC_PLANNING_MODEL,2026-09-06T00:00:00-07:00,MODELED_QUANTITY_AND_AMOUNT_MATCH,SETTLEMENT_LINKED_SEPARATELY_TO_FORECAST_LEDGER,30804,30804,0
PROC-base-202708-TRUCKING-SERV,PROC-base-202708-TRUCKING-SERV,base,2027,8,TRUCKING,SERV,Other purchased operating services,1369.999999999999980000,billed_dispatch,8.130033333333333333333333333,1.0609,11816,20023,31839,SYN-V-20260906-TRUCKING-SERV,PO-PROC-base-202708-TRUCKING-SERV,RCV-PROC-base-202708-TRUCKING-SERV,INV-PROC-base-202708-TRUCKING-SERV,,2027-08-24,2027-09-23,INPUT_TO_FORECAST_PURCHASE_COST,CALIBRATED_SYNTHETIC_RATE_NOT_SUPPLIER_QUOTE,FORECAST,PUBLIC_SYNTHETIC_PLANNING_MODEL,2026-09-06T00:00:00-07:00,MODELED_QUANTITY_AND_AMOUNT_MATCH,SETTLEMENT_LINKED_SEPARATELY_TO_FORECAST_LEDGER,31839,31839,0
PROC-base-202708-WAREHOUSE-MAT,PROC-base-202708-WAREHOUSE-MAT,base,2027,8,WAREHOUSE,MAT,Materials and fuel,12879.999999999999027000,occupied_slot_month,4.417595744680851063829787234,1.0609,60364,6119,66483,SYN-V-20260906-WAREHOUSE-MAT,PO-PROC-base-202708-WAREHOUSE-MAT,RCV-PROC-base-202708-WAREHOUSE-MAT,INV-PROC-base-202708-WAREHOUSE-MAT,,2027-08-24,2027-09-23,INPUT_TO_FORECAST_PURCHASE_COST,CALIBRATED_SYNTHETIC_RATE_NOT_SUPPLIER_QUOTE,FORECAST,PUBLIC_SYNTHETIC_PLANNING_MODEL,2026-09-06T00:00:00-07:00,MODELED_QUANTITY_AND_AMOUNT_MATCH,SETTLEMENT_LINKED_SEPARATELY_TO_FORECAST_LEDGER,66483,66483,0
PROC-base-202708-WAREHOUSE-MAINT,PROC-base-202708-WAREHOUSE-MAINT,base,2027,8,WAREHOUSE,MAINT,Contract maintenance and equipment services,12879.999999999999027000,occupied_slot_month,1.402411347517730496453900709,1.0609,19163,17482,36645,SYN-V-20260906-WAREHOUSE-MAINT,PO-PROC-base-202708-WAREHOUSE-MAINT,RCV-PROC-base-202708-WAREHOUSE-MAINT,INV-PROC-base-202708-WAREHOUSE-MAINT,WO-PROC-base-202708-WAREHOUSE-MAINT,2027-08-24,2027-09-23,INPUT_TO_FORECAST_PURCHASE_COST,CALIBRATED_SYNTHETIC_RATE_NOT_SUPPLIER_QUOTE,FORECAST,PUBLIC_SYNTHETIC_PLANNING_MODEL,2026-09-06T00:00:00-07:00,MODELED_QUANTITY_AND_AMOUNT_MATCH,SETTLEMENT_LINKED_SEPARATELY_TO_FORECAST_LEDGER,36645,36645,0
PROC-base-202708-WAREHOUSE-OCC,PROC-base-202708-WAREHOUSE-OCC,base,2027,8,WAREHOUSE,OCC,Occupancy and utilities,12879.999999999999027000,occupied_slot_month,0.3155425531914893617021276596,1.0609,4312,22289,26601,SYN-V-20260906-WAREHOUSE-OCC,PO-PROC-base-202708-WAREHOUSE-OCC,RCV-PROC-base-202708-WAREHOUSE-OCC,INV-PROC-base-202708-WAREHOUSE-OCC,,2027-08-24,2027-09-23,INPUT_TO_FORECAST_PURCHASE_COST,CALIBRATED_SYNTHETIC_RATE_NOT_SUPPLIER_QUOTE,FORECAST,PUBLIC_SYNTHETIC_PLANNING_MODEL,2026-09-06T00:00:00-07:00,MODELED_QUANTITY_AND_AMOUNT_MATCH,SETTLEMENT_LINKED_SEPARATELY_TO_FORECAST_LEDGER,26601,26601,0
PROC-base-202708-WAREHOUSE-INS,PROC-base-202708-WAREHOUSE-INS,base,2027,8,WAREHOUSE,INS,Insurance and environmental services,12879.999999999999027000,occupied_slot_month,0.00,1.0609,0,26223,26223,SYN-V-20260906-WAREHOUSE-INS,PO-PROC-base-202708-WAREHOUSE-INS,RCV-PROC-base-202708-WAREHOUSE-INS,INV-PROC-base-202708-WAREHOUSE-INS,,2027-08-24,2027-09-23,INPUT_TO_FORECAST_PURCHASE_COST,CALIBRATED_SYNTHETIC_RATE_NOT_SUPPLIER_QUOTE,FORECAST,PUBLIC_SYNTHETIC_PLANNING_MODEL,2026-09-06T00:00:00-07:00,MODELED_QUANTITY_AND_AMOUNT_MATCH,SETTLEMENT_LINKED_SEPARATELY_TO_FORECAST_LEDGER,26223,26223,0
PROC-base-202708-WAREHOUSE-SERV,PROC-base-202708-WAREHOUSE-SERV,base,2027,8,WAREHOUSE,SERV,Other purchased operating services,12879.999999999999027000,occupied_slot_month,0.7362659574468085106382978723,1.0609,10061,17045,27106,SYN-V-20260906-WAREHOUSE-SERV,PO-PROC-base-202708-WAREHOUSE-SERV,RCV-PROC-base-202708-WAREHOUSE-SERV,INV-PROC-base-202708-WAREHOUSE-SERV,,2027-08-24,2027-09-23,INPUT_TO_FORECAST_PURCHASE_COST,CALIBRATED_SYNTHETIC_RATE_NOT_SUPPLIER_QUOTE,FORECAST,PUBLIC_SYNTHETIC_PLANNING_MODEL,2026-09-06T00:00:00-07:00,MODELED_QUANTITY_AND_AMOUNT_MATCH,SETTLEMENT_LINKED_SEPARATELY_TO_FORECAST_LEDGER,27106,27106,0
PROC-base-202708-ARU-MAT,PROC-base-202708-ARU-MAT,base,2027,8,ARU,MAT,Materials and fuel,1.000000000000000000000000000,corporate_service_month,10333.125,1.0609,10962,1218,12180,SYN-V-20260906-ARU-MAT,PO-PROC-base-202708-ARU-MAT,RCV-PROC-base-202708-ARU-MAT,INV-PROC-base-202708-ARU-MAT,,2027-08-24,2027-09-23,INPUT_TO_FORECAST_PURCHASE_COST,CALIBRATED_SYNTHETIC_RATE_NOT_SUPPLIER_QUOTE,FORECAST,PUBLIC_SYNTHETIC_PLANNING_MODEL,2026-09-06T00:00:00-07:00,MODELED_QUANTITY_AND_AMOUNT_MATCH,SETTLEMENT_LINKED_SEPARATELY_TO_FORECAST_LEDGER,12180,12180,0
PROC-base-202708-ARU-MAINT,PROC-base-202708-ARU-MAINT,base,2027,8,ARU,MAINT,Contract maintenance and equipment services,1.000000000000000000000000000,corporate_service_month,5740.625,1.0609,6090,6090,12180,SYN-V-20260906-ARU-MAINT,PO-PROC-base-202708-ARU-MAINT,RCV-PROC-base-202708-ARU-MAINT,INV-PROC-base-202708-ARU-MAINT,WO-PROC-base-202708-ARU-MAINT,2027-08-24,2027-09-23,INPUT_TO_FORECAST_PURCHASE_COST,CALIBRATED_SYNTHETIC_RATE_NOT_SUPPLIER_QUOTE,FORECAST,PUBLIC_SYNTHETIC_PLANNING_MODEL,2026-09-06T00:00:00-07:00,MODELED_QUANTITY_AND_AMOUNT_MATCH,SETTLEMENT_LINKED_SEPARATELY_TO_FORECAST_LEDGER,12180,12180,0
PROC-base-202708-ARU-OCC,PROC-base-202708-ARU-OCC,base,2027,8,ARU,OCC,Occupancy and utilities,1.000000000000000000000000000,corporate_service_month,1377.75,1.0609,1462,8283,9745,SYN-V-20260906-ARU-OCC,PO-PROC-base-202708-ARU-OCC,RCV-PROC-base-202708-ARU-OCC,INV-PROC-base-202708-ARU-OCC,,2027-08-24,2027-09-23,INPUT_TO_FORECAST_PURCHASE_COST,CALIBRATED_SYNTHETIC_RATE_NOT_SUPPLIER_QUOTE,FORECAST,PUBLIC_SYNTHETIC_PLANNING_MODEL,2026-09-06T00:00:00-07:00,MODELED_QUANTITY_AND_AMOUNT_MATCH,SETTLEMENT_LINKED_SEPARATELY_TO_FORECAST_LEDGER,9745,9745,0
PROC-base-202708-ARU-INS,PROC-base-202708-ARU-INS,base,2027,8,ARU,INS,Insurance and environmental services,1.000000000000000000000000000,corporate_service_month,0.00,1.0609,0,9744,9744,SYN-V-20260906-ARU-INS,PO-PROC-base-202708-ARU-INS,RCV-PROC-base-202708-ARU-INS,INV-PROC-base-202708-ARU-INS,,2027-08-24,2027-09-23,INPUT_TO_FORECAST_PURCHASE_COST,CALIBRATED_SYNTHETIC_RATE_NOT_SUPPLIER_QUOTE,FORECAST,PUBLIC_SYNTHETIC_PLANNING_MODEL,2026-09-06T00:00:00-07:00,MODELED_QUANTITY_AND_AMOUNT_MATCH,SETTLEMENT_LINKED_SEPARATELY_TO_FORECAST_LEDGER,9744,9744,0
PROC-base-202708-ARU-SERV,PROC-base-202708-ARU-SERV,base,2027,8,ARU,SERV,Other purchased operating services,1.000000000000000000000000000,corporate_service_month,1607.375,1.0609,1705,3167,4872,SYN-V-20260906-ARU-SERV,PO-PROC-base-202708-ARU-SERV,RCV-PROC-base-202708-ARU-SERV,INV-PROC-base-202708-ARU-SERV,,2027-08-24,2027-09-23,INPUT_TO_FORECAST_PURCHASE_COST,CALIBRATED_SYNTHETIC_RATE_NOT_SUPPLIER_QUOTE,FORECAST,PUBLIC_SYNTHETIC_PLANNING_MODEL,2026-09-06T00:00:00-07:00,MODELED_QUANTITY_AND_AMOUNT_MATCH,SETTLEMENT_LINKED_SEPARATELY_TO_FORECAST_LEDGER,4872,4872,0
PROC-base-202709-BST-MAT,PROC-base-202709-BST-MAT,base,2027,9,BST,MAT,Materials and fuel,825.99999999999993000,loaded_revenue_car,146.634,1.0609,128496,12963,141459,SYN-V-20260906-BST-MAT,PO-PROC-base-202709-BST-MAT,RCV-PROC-base-202709-BST-MAT,INV-PROC-base-202709-BST-MAT,,2027-09-24,2027-10-24,INPUT_TO_FORECAST_PURCHASE_COST,CALIBRATED_SYNTHETIC_RATE_NOT_SUPPLIER_QUOTE,FORECAST,PUBLIC_SYNTHETIC_PLANNING_MODEL,2026-09-06T00:00:00-07:00,MODELED_QUANTITY_AND_AMOUNT_MATCH,SETTLEMENT_LINKED_SEPARATELY_TO_FORECAST_LEDGER,141459,141459,0
PROC-base-202709-BST-MAINT,PROC-base-202709-BST-MAINT,base,2027,9,BST,MAINT,Contract maintenance and equipment services,825.99999999999993000,loaded_revenue_car,101.8291666666666666666666667,1.0609,89233,81023,170256,SYN-V-20260906-BST-MAINT,PO-PROC-base-202709-BST-MAINT,RCV-PROC-base-202709-BST-MAINT,INV-PROC-base-202709-BST-MAINT,WO-PROC-base-202709-BST-MAINT,2027-09-24,2027-10-24,INPUT_TO_FORECAST_PURCHASE_COST,CALIBRATED_SYNTHETIC_RATE_NOT_SUPPLIER_QUOTE,FORECAST,PUBLIC_SYNTHETIC_PLANNING_MODEL,2026-09-06T00:00:00-07:00,MODELED_QUANTITY_AND_AMOUNT_MATCH,SETTLEMENT_LINKED_SEPARATELY_TO_FORECAST_LEDGER,170256,170256,0
PROC-base-202709-BST-OCC,PROC-base-202709-BST-OCC,base,2027,9,BST,OCC,Occupancy and utilities,825.99999999999993000,loaded_revenue_car,21.9951,1.0609,19274,99172,118446,SYN-V-20260906-BST-OCC,PO-PROC-base-202709-BST-OCC,RCV-PROC-base-202709-BST-OCC,INV-PROC-base-202709-BST-OCC,,2027-09-24,2027-10-24,INPUT_TO_FORECAST_PURCHASE_COST,CALIBRATED_SYNTHETIC_RATE_NOT_SUPPLIER_QUOTE,FORECAST,PUBLIC_SYNTHETIC_PLANNING_MODEL,2026-09-06T00:00:00-07:00,MODELED_QUANTITY_AND_AMOUNT_MATCH,SETTLEMENT_LINKED_SEPARATELY_TO_FORECAST_LEDGER,118446,118446,0
PROC-base-202709-BST-INS,PROC-base-202709-BST-INS,base,2027,9,BST,INS,Insurance and environmental services,825.99999999999993000,loaded_revenue_car,0.00,1.0609,0,110191,110191,SYN-V-20260906-BST-INS,PO-PROC-base-202709-BST-INS,RCV-PROC-base-202709-BST-INS,INV-PROC-base-202709-BST-INS,,2027-09-24,2027-10-24,INPUT_TO_FORECAST_PURCHASE_COST,CALIBRATED_SYNTHETIC_RATE_NOT_SUPPLIER_QUOTE,FORECAST,PUBLIC_SYNTHETIC_PLANNING_MODEL,2026-09-06T00:00:00-07:00,MODELED_QUANTITY_AND_AMOUNT_MATCH,SETTLEMENT_LINKED_SEPARATELY_TO_FORECAST_LEDGER,110191,110191,0
PROC-base-202709-BST-SERV,PROC-base-202709-BST-SERV,base,2027,9,BST,SERV,Other purchased operating services,825.99999999999993000,loaded_revenue_car,57.02433333333333333333333333,1.0609,49971,84264,134235,SYN-V-20260906-BST-SERV,PO-PROC-base-202709-BST-SERV,RCV-PROC-base-202709-BST-SERV,INV-PROC-base-202709-BST-SERV,,2027-09-24,2027-10-24,INPUT_TO_FORECAST_PURCHASE_COST,CALIBRATED_SYNTHETIC_RATE_NOT_SUPPLIER_QUOTE,FORECAST,PUBLIC_SYNTHETIC_PLANNING_MODEL,2026-09-06T00:00:00-07:00,MODELED_QUANTITY_AND_AMOUNT_MATCH,SETTLEMENT_LINKED_SEPARATELY_TO_FORECAST_LEDGER,134235,134235,0
PROC-base-202709-TERMINALS-MAT,PROC-base-202709-TERMINALS-MAT,base,2027,9,TERMINALS,MAT,Materials and fuel,23203.000000000001124000,handled_short_ton,5.207687007874015748031496063,1.0609,128193,12993,141186,SYN-V-20260906-TERMINALS-MAT,PO-PROC-base-202709-TERMINALS-MAT,RCV-PROC-base-202709-TERMINALS-MAT,INV-PROC-base-202709-TERMINALS-MAT,,2027-09-24,2027-10-24,INPUT_TO_FORECAST_PURCHASE_COST,CALIBRATED_SYNTHETIC_RATE_NOT_SUPPLIER_QUOTE,FORECAST,PUBLIC_SYNTHETIC_PLANNING_MODEL,2026-09-06T00:00:00-07:00,MODELED_QUANTITY_AND_AMOUNT_MATCH,SETTLEMENT_LINKED_SEPARATELY_TO_FORECAST_LEDGER,141186,141186,0
PROC-base-202709-TERMINALS-MAINT,PROC-base-202709-TERMINALS-MAINT,base,2027,9,TERMINALS,MAINT,Contract maintenance and equipment services,23203.000000000001124000,handled_short_ton,2.893159448818897637795275591,1.0609,71218,64968,136186,SYN-V-20260906-TERMINALS-MAINT,PO-PROC-base-202709-TERMINALS-MAINT,RCV-PROC-base-202709-TERMINALS-MAINT,INV-PROC-base-202709-TERMINALS-MAINT,WO-PROC-base-202709-TERMINALS-MAINT,2027-09-24,2027-10-24,INPUT_TO_FORECAST_PURCHASE_COST,CALIBRATED_SYNTHETIC_RATE_NOT_SUPPLIER_QUOTE,FORECAST,PUBLIC_SYNTHETIC_PLANNING_MODEL,2026-09-06T00:00:00-07:00,MODELED_QUANTITY_AND_AMOUNT_MATCH,SETTLEMENT_LINKED_SEPARATELY_TO_FORECAST_LEDGER,136186,136186,0
PROC-base-202709-TERMINALS-OCC,PROC-base-202709-TERMINALS-OCC,base,2027,9,TERMINALS,OCC,Occupancy and utilities,23203.000000000001124000,handled_short_ton,0.6943582677165354330708661417,1.0609,17092,88356,105448,SYN-V-20260906-TERMINALS-OCC,PO-PROC-base-202709-TERMINALS-OCC,RCV-PROC-base-202709-TERMINALS-OCC,INV-PROC-base-202709-TERMINALS-OCC,,2027-09-24,2027-10-24,INPUT_TO_FORECAST_PURCHASE_COST,CALIBRATED_SYNTHETIC_RATE_NOT_SUPPLIER_QUOTE,FORECAST,PUBLIC_SYNTHETIC_PLANNING_MODEL,2026-09-06T00:00:00-07:00,MODELED_QUANTITY_AND_AMOUNT_MATCH,SETTLEMENT_LINKED_SEPARATELY_TO_FORECAST_LEDGER,105448,105448,0
PROC-base-202709-TERMINALS-INS,PROC-base-202709-TERMINALS-INS,base,2027,9,TERMINALS,INS,Insurance and environmental services,23203.000000000001124000,handled_short_ton,0.00,1.0609,0,77961,77961,SYN-V-20260906-TERMINALS-INS,PO-PROC-base-202709-TERMINALS-INS,RCV-PROC-base-202709-TERMINALS-INS,INV-PROC-base-202709-TERMINALS-INS,,2027-09-24,2027-10-24,INPUT_TO_FORECAST_PURCHASE_COST,CALIBRATED_SYNTHETIC_RATE_NOT_SUPPLIER_QUOTE,FORECAST,PUBLIC_SYNTHETIC_PLANNING_MODEL,2026-09-06T00:00:00-07:00,MODELED_QUANTITY_AND_AMOUNT_MATCH,SETTLEMENT_LINKED_SEPARATELY_TO_FORECAST_LEDGER,77961,77961,0
PROC-base-202709-TERMINALS-SERV,PROC-base-202709-TERMINALS-SERV,base,2027,9,TERMINALS,SERV,Other purchased operating services,23203.000000000001124000,handled_short_ton,1.215126968503937007874015748,1.0609,29912,50675,80587,SYN-V-20260906-TERMINALS-SERV,PO-PROC-base-202709-TERMINALS-SERV,RCV-PROC-base-202709-TERMINALS-SERV,INV-PROC-base-202709-TERMINALS-SERV,,2027-09-24,2027-10-24,INPUT_TO_FORECAST_PURCHASE_COST,CALIBRATED_SYNTHETIC_RATE_NOT_SUPPLIER_QUOTE,FORECAST,PUBLIC_SYNTHETIC_PLANNING_MODEL,2026-09-06T00:00:00-07:00,MODELED_QUANTITY_AND_AMOUNT_MATCH,SETTLEMENT_LINKED_SEPARATELY_TO_FORECAST_LEDGER,80587,80587,0
PROC-base-202709-TRUCKING-MAT,PROC-base-202709-TRUCKING-MAT,base,2027,9,TRUCKING,MAT,Materials and fuel,1369.999999999999980000,billed_dispatch,73.1703,1.0609,106348,10781,117129,SYN-V-20260906-TRUCKING-MAT,PO-PROC-base-202709-TRUCKING-MAT,RCV-PROC-base-202709-TRUCKING-MAT,INV-PROC-base-202709-TRUCKING-MAT,,2027-09-24,2027-10-24,INPUT_TO_FORECAST_PURCHASE_COST,CALIBRATED_SYNTHETIC_RATE_NOT_SUPPLIER_QUOTE,FORECAST,PUBLIC_SYNTHETIC_PLANNING_MODEL,2026-09-06T00:00:00-07:00,MODELED_QUANTITY_AND_AMOUNT_MATCH,SETTLEMENT_LINKED_SEPARATELY_TO_FORECAST_LEDGER,117129,117129,0
PROC-base-202709-TRUCKING-MAINT,PROC-base-202709-TRUCKING-MAINT,base,2027,9,TRUCKING,MAINT,Contract maintenance and equipment services,1369.999999999999980000,billed_dispatch,29.03583333333333333333333333,1.0609,42202,38505,80707,SYN-V-20260906-TRUCKING-MAINT,PO-PROC-base-202709-TRUCKING-MAINT,RCV-PROC-base-202709-TRUCKING-MAINT,INV-PROC-base-202709-TRUCKING-MAINT,WO-PROC-base-202709-TRUCKING-MAINT,2027-09-24,2027-10-24,INPUT_TO_FORECAST_PURCHASE_COST,CALIBRATED_SYNTHETIC_RATE_NOT_SUPPLIER_QUOTE,FORECAST,PUBLIC_SYNTHETIC_PLANNING_MODEL,2026-09-06T00:00:00-07:00,MODELED_QUANTITY_AND_AMOUNT_MATCH,SETTLEMENT_LINKED_SEPARATELY_TO_FORECAST_LEDGER,80707,80707,0
PROC-base-202709-TRUCKING-OCC,PROC-base-202709-TRUCKING-OCC,base,2027,9,TRUCKING,OCC,Occupancy and utilities,1369.999999999999980000,billed_dispatch,6.9686,1.0609,10128,52367,62495,SYN-V-20260906-TRUCKING-OCC,PO-PROC-base-202709-TRUCKING-OCC,RCV-PROC-base-202709-TRUCKING-OCC,INV-PROC-base-202709-TRUCKING-OCC,,2027-09-24,2027-10-24,INPUT_TO_FORECAST_PURCHASE_COST,CALIBRATED_SYNTHETIC_RATE_NOT_SUPPLIER_QUOTE,FORECAST,PUBLIC_SYNTHETIC_PLANNING_MODEL,2026-09-06T00:00:00-07:00,MODELED_QUANTITY_AND_AMOUNT_MATCH,SETTLEMENT_LINKED_SEPARATELY_TO_FORECAST_LEDGER,62495,62495,0
PROC-base-202709-TRUCKING-INS,PROC-base-202709-TRUCKING-INS,base,2027,9,TRUCKING,INS,Insurance and environmental services,1369.999999999999980000,billed_dispatch,0.00,1.0609,0,30804,30804,SYN-V-20260906-TRUCKING-INS,PO-PROC-base-202709-TRUCKING-INS,RCV-PROC-base-202709-TRUCKING-INS,INV-PROC-base-202709-TRUCKING-INS,,2027-09-24,2027-10-24,INPUT_TO_FORECAST_PURCHASE_COST,CALIBRATED_SYNTHETIC_RATE_NOT_SUPPLIER_QUOTE,FORECAST,PUBLIC_SYNTHETIC_PLANNING_MODEL,2026-09-06T00:00:00-07:00,MODELED_QUANTITY_AND_AMOUNT_MATCH,SETTLEMENT_LINKED_SEPARATELY_TO_FORECAST_LEDGER,30804,30804,0
PROC-base-202709-TRUCKING-SERV,PROC-base-202709-TRUCKING-SERV,base,2027,9,TRUCKING,SERV,Other purchased operating services,1369.999999999999980000,billed_dispatch,8.130033333333333333333333333,1.0609,11816,20022,31838,SYN-V-20260906-TRUCKING-SERV,PO-PROC-base-202709-TRUCKING-SERV,RCV-PROC-base-202709-TRUCKING-SERV,INV-PROC-base-202709-TRUCKING-SERV,,2027-09-24,2027-10-24,INPUT_TO_FORECAST_PURCHASE_COST,CALIBRATED_SYNTHETIC_RATE_NOT_SUPPLIER_QUOTE,FORECAST,PUBLIC_SYNTHETIC_PLANNING_MODEL,2026-09-06T00:00:00-07:00,MODELED_QUANTITY_AND_AMOUNT_MATCH,SETTLEMENT_LINKED_SEPARATELY_TO_FORECAST_LEDGER,31838,31838,0
PROC-base-202709-WAREHOUSE-MAT,PROC-base-202709-WAREHOUSE-MAT,base,2027,9,WAREHOUSE,MAT,Materials and fuel,12879.999999999999027000,occupied_slot_month,4.417595744680851063829787234,1.0609,60364,6118,66482,SYN-V-20260906-WAREHOUSE-MAT,PO-PROC-base-202709-WAREHOUSE-MAT,RCV-PROC-base-202709-WAREHOUSE-MAT,INV-PROC-base-202709-WAREHOUSE-MAT,,2027-09-24,2027-10-24,INPUT_TO_FORECAST_PURCHASE_COST,CALIBRATED_SYNTHETIC_RATE_NOT_SUPPLIER_QUOTE,FORECAST,PUBLIC_SYNTHETIC_PLANNING_MODEL,2026-09-06T00:00:00-07:00,MODELED_QUANTITY_AND_AMOUNT_MATCH,SETTLEMENT_LINKED_SEPARATELY_TO_FORECAST_LEDGER,66482,66482,0
PROC-base-202709-WAREHOUSE-MAINT,PROC-base-202709-WAREHOUSE-MAINT,base,2027,9,WAREHOUSE,MAINT,Contract maintenance and equipment services,12879.999999999999027000,occupied_slot_month,1.402411347517730496453900709,1.0609,19163,17482,36645,SYN-V-20260906-WAREHOUSE-MAINT,PO-PROC-base-202709-WAREHOUSE-MAINT,RCV-PROC-base-202709-WAREHOUSE-MAINT,INV-PROC-base-202709-WAREHOUSE-MAINT,WO-PROC-base-202709-WAREHOUSE-MAINT,2027-09-24,2027-10-24,INPUT_TO_FORECAST_PURCHASE_COST,CALIBRATED_SYNTHETIC_RATE_NOT_SUPPLIER_QUOTE,FORECAST,PUBLIC_SYNTHETIC_PLANNING_MODEL,2026-09-06T00:00:00-07:00,MODELED_QUANTITY_AND_AMOUNT_MATCH,SETTLEMENT_LINKED_SEPARATELY_TO_FORECAST_LEDGER,36645,36645,0
PROC-base-202709-WAREHOUSE-OCC,PROC-base-202709-WAREHOUSE-OCC,base,2027,9,WAREHOUSE,OCC,Occupancy and utilities,12879.999999999999027000,occupied_slot_month,0.3155425531914893617021276596,1.0609,4312,22289,26601,SYN-V-20260906-WAREHOUSE-OCC,PO-PROC-base-202709-WAREHOUSE-OCC,RCV-PROC-base-202709-WAREHOUSE-OCC,INV-PROC-base-202709-WAREHOUSE-OCC,,2027-09-24,2027-10-24,INPUT_TO_FORECAST_PURCHASE_COST,CALIBRATED_SYNTHETIC_RATE_NOT_SUPPLIER_QUOTE,FORECAST,PUBLIC_SYNTHETIC_PLANNING_MODEL,2026-09-06T00:00:00-07:00,MODELED_QUANTITY_AND_AMOUNT_MATCH,SETTLEMENT_LINKED_SEPARATELY_TO_FORECAST_LEDGER,26601,26601,0
PROC-base-202709-WAREHOUSE-INS,PROC-base-202709-WAREHOUSE-INS,base,2027,9,WAREHOUSE,INS,Insurance and environmental services,12879.999999999999027000,occupied_slot_month,0.00,1.0609,0,26223,26223,SYN-V-20260906-WAREHOUSE-INS,PO-PROC-base-202709-WAREHOUSE-INS,RCV-PROC-base-202709-WAREHOUSE-INS,INV-PROC-base-202709-WAREHOUSE-INS,,2027-09-24,2027-10-24,INPUT_TO_FORECAST_PURCHASE_COST,CALIBRATED_SYNTHETIC_RATE_NOT_SUPPLIER_QUOTE,FORECAST,PUBLIC_SYNTHETIC_PLANNING_MODEL,2026-09-06T00:00:00-07:00,MODELED_QUANTITY_AND_AMOUNT_MATCH,SETTLEMENT_LINKED_SEPARATELY_TO_FORECAST_LEDGER,26223,26223,0
PROC-base-202709-WAREHOUSE-SERV,PROC-base-202709-WAREHOUSE-SERV,base,2027,9,WAREHOUSE,SERV,Other purchased operating services,12879.999999999999027000,occupied_slot_month,0.7362659574468085106382978723,1.0609,10061,17045,27106,SYN-V-20260906-WAREHOUSE-SERV,PO-PROC-base-202709-WAREHOUSE-SERV,RCV-PROC-base-202709-WAREHOUSE-SERV,INV-PROC-base-202709-WAREHOUSE-SERV,,2027-09-24,2027-10-24,INPUT_TO_FORECAST_PURCHASE_COST,CALIBRATED_SYNTHETIC_RATE_NOT_SUPPLIER_QUOTE,FORECAST,PUBLIC_SYNTHETIC_PLANNING_MODEL,2026-09-06T00:00:00-07:00,MODELED_QUANTITY_AND_AMOUNT_MATCH,SETTLEMENT_LINKED_SEPARATELY_TO_FORECAST_LEDGER,27106,27106,0
PROC-base-202709-ARU-MAT,PROC-base-202709-ARU-MAT,base,2027,9,ARU,MAT,Materials and fuel,1.000000000000000000000000000,corporate_service_month,10333.125,1.0609,10962,1218,12180,SYN-V-20260906-ARU-MAT,PO-PROC-base-202709-ARU-MAT,RCV-PROC-base-202709-ARU-MAT,INV-PROC-base-202709-ARU-MAT,,2027-09-24,2027-10-24,INPUT_TO_FORECAST_PURCHASE_COST,CALIBRATED_SYNTHETIC_RATE_NOT_SUPPLIER_QUOTE,FORECAST,PUBLIC_SYNTHETIC_PLANNING_MODEL,2026-09-06T00:00:00-07:00,MODELED_QUANTITY_AND_AMOUNT_MATCH,SETTLEMENT_LINKED_SEPARATELY_TO_FORECAST_LEDGER,12180,12180,0
PROC-base-202709-ARU-MAINT,PROC-base-202709-ARU-MAINT,base,2027,9,ARU,MAINT,Contract maintenance and equipment services,1.000000000000000000000000000,corporate_service_month,5740.625,1.0609,6090,6090,12180,SYN-V-20260906-ARU-MAINT,PO-PROC-base-202709-ARU-MAINT,RCV-PROC-base-202709-ARU-MAINT,INV-PROC-base-202709-ARU-MAINT,WO-PROC-base-202709-ARU-MAINT,2027-09-24,2027-10-24,INPUT_TO_FORECAST_PURCHASE_COST,CALIBRATED_SYNTHETIC_RATE_NOT_SUPPLIER_QUOTE,FORECAST,PUBLIC_SYNTHETIC_PLANNING_MODEL,2026-09-06T00:00:00-07:00,MODELED_QUANTITY_AND_AMOUNT_MATCH,SETTLEMENT_LINKED_SEPARATELY_TO_FORECAST_LEDGER,12180,12180,0
PROC-base-202709-ARU-OCC,PROC-base-202709-ARU-OCC,base,2027,9,ARU,OCC,Occupancy and utilities,1.000000000000000000000000000,corporate_service_month,1377.75,1.0609,1462,8283,9745,SYN-V-20260906-ARU-OCC,PO-PROC-base-202709-ARU-OCC,RCV-PROC-base-202709-ARU-OCC,INV-PROC-base-202709-ARU-OCC,,2027-09-24,2027-10-24,INPUT_TO_FORECAST_PURCHASE_COST,CALIBRATED_SYNTHETIC_RATE_NOT_SUPPLIER_QUOTE,FORECAST,PUBLIC_SYNTHETIC_PLANNING_MODEL,2026-09-06T00:00:00-07:00,MODELED_QUANTITY_AND_AMOUNT_MATCH,SETTLEMENT_LINKED_SEPARATELY_TO_FORECAST_LEDGER,9745,9745,0
PROC-base-202709-ARU-INS,PROC-base-202709-ARU-INS,base,2027,9,ARU,INS,Insurance and environmental services,1.000000000000000000000000000,corporate_service_month,0.00,1.0609,0,9744,9744,SYN-V-20260906-ARU-INS,PO-PROC-base-202709-ARU-INS,RCV-PROC-base-202709-ARU-INS,INV-PROC-base-202709-ARU-INS,,2027-09-24,2027-10-24,INPUT_TO_FORECAST_PURCHASE_COST,CALIBRATED_SYNTHETIC_RATE_NOT_SUPPLIER_QUOTE,FORECAST,PUBLIC_SYNTHETIC_PLANNING_MODEL,2026-09-06T00:00:00-07:00,MODELED_QUANTITY_AND_AMOUNT_MATCH,SETTLEMENT_LINKED_SEPARATELY_TO_FORECAST_LEDGER,9744,9744,0
PROC-base-202709-ARU-SERV,PROC-base-202709-ARU-SERV,base,2027,9,ARU,SERV,Other purchased operating services,1.000000000000000000000000000,corporate_service_month,1607.375,1.0609,1705,3167,4872,SYN-V-20260906-ARU-SERV,PO-PROC-base-202709-ARU-SERV,RCV-PROC-base-202709-ARU-SERV,INV-PROC-base-202709-ARU-SERV,,2027-09-24,2027-10-24,INPUT_TO_FORECAST_PURCHASE_COST,CALIBRATED_SYNTHETIC_RATE_NOT_SUPPLIER_QUOTE,FORECAST,PUBLIC_SYNTHETIC_PLANNING_MODEL,2026-09-06T00:00:00-07:00,MODELED_QUANTITY_AND_AMOUNT_MATCH,SETTLEMENT_LINKED_SEPARATELY_TO_FORECAST_LEDGER,4872,4872,0
PROC-base-202710-BST-MAT,PROC-base-202710-BST-MAT,base,2027,10,BST,MAT,Materials and fuel,825.99999999999993000,loaded_revenue_car,146.634,1.0609,128496,12963,141459,SYN-V-20260906-BST-MAT,PO-PROC-base-202710-BST-MAT,RCV-PROC-base-202710-BST-MAT,INV-PROC-base-202710-BST-MAT,,2027-10-24,2027-11-23,INPUT_TO_FORECAST_PURCHASE_COST,CALIBRATED_SYNTHETIC_RATE_NOT_SUPPLIER_QUOTE,FORECAST,PUBLIC_SYNTHETIC_PLANNING_MODEL,2026-09-06T00:00:00-07:00,MODELED_QUANTITY_AND_AMOUNT_MATCH,SETTLEMENT_LINKED_SEPARATELY_TO_FORECAST_LEDGER,141459,141459,0
PROC-base-202710-BST-MAINT,PROC-base-202710-BST-MAINT,base,2027,10,BST,MAINT,Contract maintenance and equipment services,825.99999999999993000,loaded_revenue_car,101.8291666666666666666666667,1.0609,89233,81023,170256,SYN-V-20260906-BST-MAINT,PO-PROC-base-202710-BST-MAINT,RCV-PROC-base-202710-BST-MAINT,INV-PROC-base-202710-BST-MAINT,WO-PROC-base-202710-BST-MAINT,2027-10-24,2027-11-23,INPUT_TO_FORECAST_PURCHASE_COST,CALIBRATED_SYNTHETIC_RATE_NOT_SUPPLIER_QUOTE,FORECAST,PUBLIC_SYNTHETIC_PLANNING_MODEL,2026-09-06T00:00:00-07:00,MODELED_QUANTITY_AND_AMOUNT_MATCH,SETTLEMENT_LINKED_SEPARATELY_TO_FORECAST_LEDGER,170256,170256,0
PROC-base-202710-BST-OCC,PROC-base-202710-BST-OCC,base,2027,10,BST,OCC,Occupancy and utilities,825.99999999999993000,loaded_revenue_car,21.9951,1.0609,19274,99172,118446,SYN-V-20260906-BST-OCC,PO-PROC-base-202710-BST-OCC,RCV-PROC-base-202710-BST-OCC,INV-PROC-base-202710-BST-OCC,,2027-10-24,2027-11-23,INPUT_TO_FORECAST_PURCHASE_COST,CALIBRATED_SYNTHETIC_RATE_NOT_SUPPLIER_QUOTE,FORECAST,PUBLIC_SYNTHETIC_PLANNING_MODEL,2026-09-06T00:00:00-07:00,MODELED_QUANTITY_AND_AMOUNT_MATCH,SETTLEMENT_LINKED_SEPARATELY_TO_FORECAST_LEDGER,118446,118446,0
PROC-base-202710-BST-INS,PROC-base-202710-BST-INS,base,2027,10,BST,INS,Insurance and environmental services,825.99999999999993000,loaded_revenue_car,0.00,1.0609,0,110191,110191,SYN-V-20260906-BST-INS,PO-PROC-base-202710-BST-INS,RCV-PROC-base-202710-BST-INS,INV-PROC-base-202710-BST-INS,,2027-10-24,2027-11-23,INPUT_TO_FORECAST_PURCHASE_COST,CALIBRATED_SYNTHETIC_RATE_NOT_SUPPLIER_QUOTE,FORECAST,PUBLIC_SYNTHETIC_PLANNING_MODEL,2026-09-06T00:00:00-07:00,MODELED_QUANTITY_AND_AMOUNT_MATCH,SETTLEMENT_LINKED_SEPARATELY_TO_FORECAST_LEDGER,110191,110191,0
PROC-base-202710-BST-SERV,PROC-base-202710-BST-SERV,base,2027,10,BST,SERV,Other purchased operating services,825.99999999999993000,loaded_revenue_car,57.02433333333333333333333333,1.0609,49971,84264,134235,SYN-V-20260906-BST-SERV,PO-PROC-base-202710-BST-SERV,RCV-PROC-base-202710-BST-SERV,INV-PROC-base-202710-BST-SERV,,2027-10-24,2027-11-23,INPUT_TO_FORECAST_PURCHASE_COST,CALIBRATED_SYNTHETIC_RATE_NOT_SUPPLIER_QUOTE,FORECAST,PUBLIC_SYNTHETIC_PLANNING_MODEL,2026-09-06T00:00:00-07:00,MODELED_QUANTITY_AND_AMOUNT_MATCH,SETTLEMENT_LINKED_SEPARATELY_TO_FORECAST_LEDGER,134235,134235,0
PROC-base-202710-TERMINALS-MAT,PROC-base-202710-TERMINALS-MAT,base,2027,10,TERMINALS,MAT,Materials and fuel,23203.000000000001124000,handled_short_ton,5.207687007874015748031496063,1.0609,128193,12993,141186,SYN-V-20260906-TERMINALS-MAT,PO-PROC-base-202710-TERMINALS-MAT,RCV-PROC-base-202710-TERMINALS-MAT,INV-PROC-base-202710-TERMINALS-MAT,,2027-10-24,2027-11-23,INPUT_TO_FORECAST_PURCHASE_COST,CALIBRATED_SYNTHETIC_RATE_NOT_SUPPLIER_QUOTE,FORECAST,PUBLIC_SYNTHETIC_PLANNING_MODEL,2026-09-06T00:00:00-07:00,MODELED_QUANTITY_AND_AMOUNT_MATCH,SETTLEMENT_LINKED_SEPARATELY_TO_FORECAST_LEDGER,141186,141186,0
PROC-base-202710-TERMINALS-MAINT,PROC-base-202710-TERMINALS-MAINT,base,2027,10,TERMINALS,MAINT,Contract maintenance and equipment services,23203.000000000001124000,handled_short_ton,2.893159448818897637795275591,1.0609,71218,64968,136186,SYN-V-20260906-TERMINALS-MAINT,PO-PROC-base-202710-TERMINALS-MAINT,RCV-PROC-base-202710-TERMINALS-MAINT,INV-PROC-base-202710-TERMINALS-MAINT,WO-PROC-base-202710-TERMINALS-MAINT,2027-10-24,2027-11-23,INPUT_TO_FORECAST_PURCHASE_COST,CALIBRATED_SYNTHETIC_RATE_NOT_SUPPLIER_QUOTE,FORECAST,PUBLIC_SYNTHETIC_PLANNING_MODEL,2026-09-06T00:00:00-07:00,MODELED_QUANTITY_AND_AMOUNT_MATCH,SETTLEMENT_LINKED_SEPARATELY_TO_FORECAST_LEDGER,136186,136186,0
PROC-base-202710-TERMINALS-OCC,PROC-base-202710-TERMINALS-OCC,base,2027,10,TERMINALS,OCC,Occupancy and utilities,23203.000000000001124000,handled_short_ton,0.6943582677165354330708661417,1.0609,17092,88356,105448,SYN-V-20260906-TERMINALS-OCC,PO-PROC-base-202710-TERMINALS-OCC,RCV-PROC-base-202710-TERMINALS-OCC,INV-PROC-base-202710-TERMINALS-OCC,,2027-10-24,2027-11-23,INPUT_TO_FORECAST_PURCHASE_COST,CALIBRATED_SYNTHETIC_RATE_NOT_SUPPLIER_QUOTE,FORECAST,PUBLIC_SYNTHETIC_PLANNING_MODEL,2026-09-06T00:00:00-07:00,MODELED_QUANTITY_AND_AMOUNT_MATCH,SETTLEMENT_LINKED_SEPARATELY_TO_FORECAST_LEDGER,105448,105448,0
PROC-base-202710-TERMINALS-INS,PROC-base-202710-TERMINALS-INS,base,2027,10,TERMINALS,INS,Insurance and environmental services,23203.000000000001124000,handled_short_ton,0.00,1.0609,0,77961,77961,SYN-V-20260906-TERMINALS-INS,PO-PROC-base-202710-TERMINALS-INS,RCV-PROC-base-202710-TERMINALS-INS,INV-PROC-base-202710-TERMINALS-INS,,2027-10-24,2027-11-23,INPUT_TO_FORECAST_PURCHASE_COST,CALIBRATED_SYNTHETIC_RATE_NOT_SUPPLIER_QUOTE,FORECAST,PUBLIC_SYNTHETIC_PLANNING_MODEL,2026-09-06T00:00:00-07:00,MODELED_QUANTITY_AND_AMOUNT_MATCH,SETTLEMENT_LINKED_SEPARATELY_TO_FORECAST_LEDGER,77961,77961,0
PROC-base-202710-TERMINALS-SERV,PROC-base-202710-TERMINALS-SERV,base,2027,10,TERMINALS,SERV,Other purchased operating services,23203.000000000001124000,handled_short_ton,1.215126968503937007874015748,1.0609,29912,50675,80587,SYN-V-20260906-TERMINALS-SERV,PO-PROC-base-202710-TERMINALS-SERV,RCV-PROC-base-202710-TERMINALS-SERV,INV-PROC-base-202710-TERMINALS-SERV,,2027-10-24,2027-11-23,INPUT_TO_FORECAST_PURCHASE_COST,CALIBRATED_SYNTHETIC_RATE_NOT_SUPPLIER_QUOTE,FORECAST,PUBLIC_SYNTHETIC_PLANNING_MODEL,2026-09-06T00:00:00-07:00,MODELED_QUANTITY_AND_AMOUNT_MATCH,SETTLEMENT_LINKED_SEPARATELY_TO_FORECAST_LEDGER,80587,80587,0
PROC-base-202710-TRUCKING-MAT,PROC-base-202710-TRUCKING-MAT,base,2027,10,TRUCKING,MAT,Materials and fuel,1369.999999999999980000,billed_dispatch,73.1703,1.0609,106348,10781,117129,SYN-V-20260906-TRUCKING-MAT,PO-PROC-base-202710-TRUCKING-MAT,RCV-PROC-base-202710-TRUCKING-MAT,INV-PROC-base-202710-TRUCKING-MAT,,2027-10-24,2027-11-23,INPUT_TO_FORECAST_PURCHASE_COST,CALIBRATED_SYNTHETIC_RATE_NOT_SUPPLIER_QUOTE,FORECAST,PUBLIC_SYNTHETIC_PLANNING_MODEL,2026-09-06T00:00:00-07:00,MODELED_QUANTITY_AND_AMOUNT_MATCH,SETTLEMENT_LINKED_SEPARATELY_TO_FORECAST_LEDGER,117129,117129,0
PROC-base-202710-TRUCKING-MAINT,PROC-base-202710-TRUCKING-MAINT,base,2027,10,TRUCKING,MAINT,Contract maintenance and equipment services,1369.999999999999980000,billed_dispatch,29.03583333333333333333333333,1.0609,42202,38505,80707,SYN-V-20260906-TRUCKING-MAINT,PO-PROC-base-202710-TRUCKING-MAINT,RCV-PROC-base-202710-TRUCKING-MAINT,INV-PROC-base-202710-TRUCKING-MAINT,WO-PROC-base-202710-TRUCKING-MAINT,2027-10-24,2027-11-23,INPUT_TO_FORECAST_PURCHASE_COST,CALIBRATED_SYNTHETIC_RATE_NOT_SUPPLIER_QUOTE,FORECAST,PUBLIC_SYNTHETIC_PLANNING_MODEL,2026-09-06T00:00:00-07:00,MODELED_QUANTITY_AND_AMOUNT_MATCH,SETTLEMENT_LINKED_SEPARATELY_TO_FORECAST_LEDGER,80707,80707,0
PROC-base-202710-TRUCKING-OCC,PROC-base-202710-TRUCKING-OCC,base,2027,10,TRUCKING,OCC,Occupancy and utilities,1369.999999999999980000,billed_dispatch,6.9686,1.0609,10128,52367,62495,SYN-V-20260906-TRUCKING-OCC,PO-PROC-base-202710-TRUCKING-OCC,RCV-PROC-base-202710-TRUCKING-OCC,INV-PROC-base-202710-TRUCKING-OCC,,2027-10-24,2027-11-23,INPUT_TO_FORECAST_PURCHASE_COST,CALIBRATED_SYNTHETIC_RATE_NOT_SUPPLIER_QUOTE,FORECAST,PUBLIC_SYNTHETIC_PLANNING_MODEL,2026-09-06T00:00:00-07:00,MODELED_QUANTITY_AND_AMOUNT_MATCH,SETTLEMENT_LINKED_SEPARATELY_TO_FORECAST_LEDGER,62495,62495,0
PROC-base-202710-TRUCKING-INS,PROC-base-202710-TRUCKING-INS,base,2027,10,TRUCKING,INS,Insurance and environmental services,1369.999999999999980000,billed_dispatch,0.00,1.0609,0,30804,30804,SYN-V-20260906-TRUCKING-INS,PO-PROC-base-202710-TRUCKING-INS,RCV-PROC-base-202710-TRUCKING-INS,INV-PROC-base-202710-TRUCKING-INS,,2027-10-24,2027-11-23,INPUT_TO_FORECAST_PURCHASE_COST,CALIBRATED_SYNTHETIC_RATE_NOT_SUPPLIER_QUOTE,FORECAST,PUBLIC_SYNTHETIC_PLANNING_MODEL,2026-09-06T00:00:00-07:00,MODELED_QUANTITY_AND_AMOUNT_MATCH,SETTLEMENT_LINKED_SEPARATELY_TO_FORECAST_LEDGER,30804,30804,0
PROC-base-202710-TRUCKING-SERV,PROC-base-202710-TRUCKING-SERV,base,2027,10,TRUCKING,SERV,Other purchased operating services,1369.999999999999980000,billed_dispatch,8.130033333333333333333333333,1.0609,11816,20022,31838,SYN-V-20260906-TRUCKING-SERV,PO-PROC-base-202710-TRUCKING-SERV,RCV-PROC-base-202710-TRUCKING-SERV,INV-PROC-base-202710-TRUCKING-SERV,,2027-10-24,2027-11-23,INPUT_TO_FORECAST_PURCHASE_COST,CALIBRATED_SYNTHETIC_RATE_NOT_SUPPLIER_QUOTE,FORECAST,PUBLIC_SYNTHETIC_PLANNING_MODEL,2026-09-06T00:00:00-07:00,MODELED_QUANTITY_AND_AMOUNT_MATCH,SETTLEMENT_LINKED_SEPARATELY_TO_FORECAST_LEDGER,31838,31838,0
PROC-base-202710-WAREHOUSE-MAT,PROC-base-202710-WAREHOUSE-MAT,base,2027,10,WAREHOUSE,MAT,Materials and fuel,12879.999999999999027000,occupied_slot_month,4.417595744680851063829787234,1.0609,60364,6118,66482,SYN-V-20260906-WAREHOUSE-MAT,PO-PROC-base-202710-WAREHOUSE-MAT,RCV-PROC-base-202710-WAREHOUSE-MAT,INV-PROC-base-202710-WAREHOUSE-MAT,,2027-10-24,2027-11-23,INPUT_TO_FORECAST_PURCHASE_COST,CALIBRATED_SYNTHETIC_RATE_NOT_SUPPLIER_QUOTE,FORECAST,PUBLIC_SYNTHETIC_PLANNING_MODEL,2026-09-06T00:00:00-07:00,MODELED_QUANTITY_AND_AMOUNT_MATCH,SETTLEMENT_LINKED_SEPARATELY_TO_FORECAST_LEDGER,66482,66482,0
PROC-base-202710-WAREHOUSE-MAINT,PROC-base-202710-WAREHOUSE-MAINT,base,2027,10,WAREHOUSE,MAINT,Contract maintenance and equipment services,12879.999999999999027000,occupied_slot_month,1.402411347517730496453900709,1.0609,19163,17482,36645,SYN-V-20260906-WAREHOUSE-MAINT,PO-PROC-base-202710-WAREHOUSE-MAINT,RCV-PROC-base-202710-WAREHOUSE-MAINT,INV-PROC-base-202710-WAREHOUSE-MAINT,WO-PROC-base-202710-WAREHOUSE-MAINT,2027-10-24,2027-11-23,INPUT_TO_FORECAST_PURCHASE_COST,CALIBRATED_SYNTHETIC_RATE_NOT_SUPPLIER_QUOTE,FORECAST,PUBLIC_SYNTHETIC_PLANNING_MODEL,2026-09-06T00:00:00-07:00,MODELED_QUANTITY_AND_AMOUNT_MATCH,SETTLEMENT_LINKED_SEPARATELY_TO_FORECAST_LEDGER,36645,36645,0
PROC-base-202710-WAREHOUSE-OCC,PROC-base-202710-WAREHOUSE-OCC,base,2027,10,WAREHOUSE,OCC,Occupancy and utilities,12879.999999999999027000,occupied_slot_month,0.3155425531914893617021276596,1.0609,4312,22289,26601,SYN-V-20260906-WAREHOUSE-OCC,PO-PROC-base-202710-WAREHOUSE-OCC,RCV-PROC-base-202710-WAREHOUSE-OCC,INV-PROC-base-202710-WAREHOUSE-OCC,,2027-10-24,2027-11-23,INPUT_TO_FORECAST_PURCHASE_COST,CALIBRATED_SYNTHETIC_RATE_NOT_SUPPLIER_QUOTE,FORECAST,PUBLIC_SYNTHETIC_PLANNING_MODEL,2026-09-06T00:00:00-07:00,MODELED_QUANTITY_AND_AMOUNT_MATCH,SETTLEMENT_LINKED_SEPARATELY_TO_FORECAST_LEDGER,26601,26601,0
PROC-base-202710-WAREHOUSE-INS,PROC-base-202710-WAREHOUSE-INS,base,2027,10,WAREHOUSE,INS,Insurance and environmental services,12879.999999999999027000,occupied_slot_month,0.00,1.0609,0,26223,26223,SYN-V-20260906-WAREHOUSE-INS,PO-PROC-base-202710-WAREHOUSE-INS,RCV-PROC-base-202710-WAREHOUSE-INS,INV-PROC-base-202710-WAREHOUSE-INS,,2027-10-24,2027-11-23,INPUT_TO_FORECAST_PURCHASE_COST,CALIBRATED_SYNTHETIC_RATE_NOT_SUPPLIER_QUOTE,FORECAST,PUBLIC_SYNTHETIC_PLANNING_MODEL,2026-09-06T00:00:00-07:00,MODELED_QUANTITY_AND_AMOUNT_MATCH,SETTLEMENT_LINKED_SEPARATELY_TO_FORECAST_LEDGER,26223,26223,0
PROC-base-202710-WAREHOUSE-SERV,PROC-base-202710-WAREHOUSE-SERV,base,2027,10,WAREHOUSE,SERV,Other purchased operating services,12879.999999999999027000,occupied_slot_month,0.7362659574468085106382978723,1.0609,10061,17045,27106,SYN-V-20260906-WAREHOUSE-SERV,PO-PROC-base-202710-WAREHOUSE-SERV,RCV-PROC-base-202710-WAREHOUSE-SERV,INV-PROC-base-202710-WAREHOUSE-SERV,,2027-10-24,2027-11-23,INPUT_TO_FORECAST_PURCHASE_COST,CALIBRATED_SYNTHETIC_RATE_NOT_SUPPLIER_QUOTE,FORECAST,PUBLIC_SYNTHETIC_PLANNING_MODEL,2026-09-06T00:00:00-07:00,MODELED_QUANTITY_AND_AMOUNT_MATCH,SETTLEMENT_LINKED_SEPARATELY_TO_FORECAST_LEDGER,27106,27106,0
PROC-base-202710-ARU-MAT,PROC-base-202710-ARU-MAT,base,2027,10,ARU,MAT,Materials and fuel,1.000000000000000000000000000,corporate_service_month,10333.125,1.0609,10962,1218,12180,SYN-V-20260906-ARU-MAT,PO-PROC-base-202710-ARU-MAT,RCV-PROC-base-202710-ARU-MAT,INV-PROC-base-202710-ARU-MAT,,2027-10-24,2027-11-23,INPUT_TO_FORECAST_PURCHASE_COST,CALIBRATED_SYNTHETIC_RATE_NOT_SUPPLIER_QUOTE,FORECAST,PUBLIC_SYNTHETIC_PLANNING_MODEL,2026-09-06T00:00:00-07:00,MODELED_QUANTITY_AND_AMOUNT_MATCH,SETTLEMENT_LINKED_SEPARATELY_TO_FORECAST_LEDGER,12180,12180,0
PROC-base-202710-ARU-MAINT,PROC-base-202710-ARU-MAINT,base,2027,10,ARU,MAINT,Contract maintenance and equipment services,1.000000000000000000000000000,corporate_service_month,5740.625,1.0609,6090,6090,12180,SYN-V-20260906-ARU-MAINT,PO-PROC-base-202710-ARU-MAINT,RCV-PROC-base-202710-ARU-MAINT,INV-PROC-base-202710-ARU-MAINT,WO-PROC-base-202710-ARU-MAINT,2027-10-24,2027-11-23,INPUT_TO_FORECAST_PURCHASE_COST,CALIBRATED_SYNTHETIC_RATE_NOT_SUPPLIER_QUOTE,FORECAST,PUBLIC_SYNTHETIC_PLANNING_MODEL,2026-09-06T00:00:00-07:00,MODELED_QUANTITY_AND_AMOUNT_MATCH,SETTLEMENT_LINKED_SEPARATELY_TO_FORECAST_LEDGER,12180,12180,0
PROC-base-202710-ARU-OCC,PROC-base-202710-ARU-OCC,base,2027,10,ARU,OCC,Occupancy and utilities,1.000000000000000000000000000,corporate_service_month,1377.75,1.0609,1462,8282,9744,SYN-V-20260906-ARU-OCC,PO-PROC-base-202710-ARU-OCC,RCV-PROC-base-202710-ARU-OCC,INV-PROC-base-202710-ARU-OCC,,2027-10-24,2027-11-23,INPUT_TO_FORECAST_PURCHASE_COST,CALIBRATED_SYNTHETIC_RATE_NOT_SUPPLIER_QUOTE,FORECAST,PUBLIC_SYNTHETIC_PLANNING_MODEL,2026-09-06T00:00:00-07:00,MODELED_QUANTITY_AND_AMOUNT_MATCH,SETTLEMENT_LINKED_SEPARATELY_TO_FORECAST_LEDGER,9744,9744,0
PROC-base-202710-ARU-INS,PROC-base-202710-ARU-INS,base,2027,10,ARU,INS,Insurance and environmental services,1.000000000000000000000000000,corporate_service_month,0.00,1.0609,0,9744,9744,SYN-V-20260906-ARU-INS,PO-PROC-base-202710-ARU-INS,RCV-PROC-base-202710-ARU-INS,INV-PROC-base-202710-ARU-INS,,2027-10-24,2027-11-23,INPUT_TO_FORECAST_PURCHASE_COST,CALIBRATED_SYNTHETIC_RATE_NOT_SUPPLIER_QUOTE,FORECAST,PUBLIC_SYNTHETIC_PLANNING_MODEL,2026-09-06T00:00:00-07:00,MODELED_QUANTITY_AND_AMOUNT_MATCH,SETTLEMENT_LINKED_SEPARATELY_TO_FORECAST_LEDGER,9744,9744,0
PROC-base-202710-ARU-SERV,PROC-base-202710-ARU-SERV,base,2027,10,ARU,SERV,Other purchased operating services,1.000000000000000000000000000,corporate_service_month,1607.375,1.0609,1705,3167,4872,SYN-V-20260906-ARU-SERV,PO-PROC-base-202710-ARU-SERV,RCV-PROC-base-202710-ARU-SERV,INV-PROC-base-202710-ARU-SERV,,2027-10-24,2027-11-23,INPUT_TO_FORECAST_PURCHASE_COST,CALIBRATED_SYNTHETIC_RATE_NOT_SUPPLIER_QUOTE,FORECAST,PUBLIC_SYNTHETIC_PLANNING_MODEL,2026-09-06T00:00:00-07:00,MODELED_QUANTITY_AND_AMOUNT_MATCH,SETTLEMENT_LINKED_SEPARATELY_TO_FORECAST_LEDGER,4872,4872,0
PROC-base-202711-BST-MAT,PROC-base-202711-BST-MAT,base,2027,11,BST,MAT,Materials and fuel,733.999999999999968000,loaded_revenue_car,146.634,1.0609,114184,12963,127147,SYN-V-20260906-BST-MAT,PO-PROC-base-202711-BST-MAT,RCV-PROC-base-202711-BST-MAT,INV-PROC-base-202711-BST-MAT,,2027-11-24,2027-12-24,INPUT_TO_FORECAST_PURCHASE_COST,CALIBRATED_SYNTHETIC_RATE_NOT_SUPPLIER_QUOTE,FORECAST,PUBLIC_SYNTHETIC_PLANNING_MODEL,2026-09-06T00:00:00-07:00,MODELED_QUANTITY_AND_AMOUNT_MATCH,SETTLEMENT_LINKED_SEPARATELY_TO_FORECAST_LEDGER,127147,127147,0
PROC-base-202711-BST-MAINT,PROC-base-202711-BST-MAINT,base,2027,11,BST,MAINT,Contract maintenance and equipment services,733.999999999999968000,loaded_revenue_car,101.8291666666666666666666667,1.0609,79294,81023,160317,SYN-V-20260906-BST-MAINT,PO-PROC-base-202711-BST-MAINT,RCV-PROC-base-202711-BST-MAINT,INV-PROC-base-202711-BST-MAINT,WO-PROC-base-202711-BST-MAINT,2027-11-24,2027-12-24,INPUT_TO_FORECAST_PURCHASE_COST,CALIBRATED_SYNTHETIC_RATE_NOT_SUPPLIER_QUOTE,FORECAST,PUBLIC_SYNTHETIC_PLANNING_MODEL,2026-09-06T00:00:00-07:00,MODELED_QUANTITY_AND_AMOUNT_MATCH,SETTLEMENT_LINKED_SEPARATELY_TO_FORECAST_LEDGER,160317,160317,0
PROC-base-202711-BST-OCC,PROC-base-202711-BST-OCC,base,2027,11,BST,OCC,Occupancy and utilities,733.999999999999968000,loaded_revenue_car,21.9951,1.0609,17128,99172,116300,SYN-V-20260906-BST-OCC,PO-PROC-base-202711-BST-OCC,RCV-PROC-base-202711-BST-OCC,INV-PROC-base-202711-BST-OCC,,2027-11-24,2027-12-24,INPUT_TO_FORECAST_PURCHASE_COST,CALIBRATED_SYNTHETIC_RATE_NOT_SUPPLIER_QUOTE,FORECAST,PUBLIC_SYNTHETIC_PLANNING_MODEL,2026-09-06T00:00:00-07:00,MODELED_QUANTITY_AND_AMOUNT_MATCH,SETTLEMENT_LINKED_SEPARATELY_TO_FORECAST_LEDGER,116300,116300,0
PROC-base-202711-BST-INS,PROC-base-202711-BST-INS,base,2027,11,BST,INS,Insurance and environmental services,733.999999999999968000,loaded_revenue_car,0.00,1.0609,0,110191,110191,SYN-V-20260906-BST-INS,PO-PROC-base-202711-BST-INS,RCV-PROC-base-202711-BST-INS,INV-PROC-base-202711-BST-INS,,2027-11-24,2027-12-24,INPUT_TO_FORECAST_PURCHASE_COST,CALIBRATED_SYNTHETIC_RATE_NOT_SUPPLIER_QUOTE,FORECAST,PUBLIC_SYNTHETIC_PLANNING_MODEL,2026-09-06T00:00:00-07:00,MODELED_QUANTITY_AND_AMOUNT_MATCH,SETTLEMENT_LINKED_SEPARATELY_TO_FORECAST_LEDGER,110191,110191,0
PROC-base-202711-BST-SERV,PROC-base-202711-BST-SERV,base,2027,11,BST,SERV,Other purchased operating services,733.999999999999968000,loaded_revenue_car,57.02433333333333333333333333,1.0609,44405,84263,128668,SYN-V-20260906-BST-SERV,PO-PROC-base-202711-BST-SERV,RCV-PROC-base-202711-BST-SERV,INV-PROC-base-202711-BST-SERV,,2027-11-24,2027-12-24,INPUT_TO_FORECAST_PURCHASE_COST,CALIBRATED_SYNTHETIC_RATE_NOT_SUPPLIER_QUOTE,FORECAST,PUBLIC_SYNTHETIC_PLANNING_MODEL,2026-09-06T00:00:00-07:00,MODELED_QUANTITY_AND_AMOUNT_MATCH,SETTLEMENT_LINKED_SEPARATELY_TO_FORECAST_LEDGER,128668,128668,0
PROC-base-202711-TERMINALS-MAT,PROC-base-202711-TERMINALS-MAT,base,2027,11,TERMINALS,MAT,Materials and fuel,20624.99999999999920000,handled_short_ton,5.207687007874015748031496063,1.0609,113950,12993,126943,SYN-V-20260906-TERMINALS-MAT,PO-PROC-base-202711-TERMINALS-MAT,RCV-PROC-base-202711-TERMINALS-MAT,INV-PROC-base-202711-TERMINALS-MAT,,2027-11-24,2027-12-24,INPUT_TO_FORECAST_PURCHASE_COST,CALIBRATED_SYNTHETIC_RATE_NOT_SUPPLIER_QUOTE,FORECAST,PUBLIC_SYNTHETIC_PLANNING_MODEL,2026-09-06T00:00:00-07:00,MODELED_QUANTITY_AND_AMOUNT_MATCH,SETTLEMENT_LINKED_SEPARATELY_TO_FORECAST_LEDGER,126943,126943,0
PROC-base-202711-TERMINALS-MAINT,PROC-base-202711-TERMINALS-MAINT,base,2027,11,TERMINALS,MAINT,Contract maintenance and equipment services,20624.99999999999920000,handled_short_ton,2.893159448818897637795275591,1.0609,63305,64968,128273,SYN-V-20260906-TERMINALS-MAINT,PO-PROC-base-202711-TERMINALS-MAINT,RCV-PROC-base-202711-TERMINALS-MAINT,INV-PROC-base-202711-TERMINALS-MAINT,WO-PROC-base-202711-TERMINALS-MAINT,2027-11-24,2027-12-24,INPUT_TO_FORECAST_PURCHASE_COST,CALIBRATED_SYNTHETIC_RATE_NOT_SUPPLIER_QUOTE,FORECAST,PUBLIC_SYNTHETIC_PLANNING_MODEL,2026-09-06T00:00:00-07:00,MODELED_QUANTITY_AND_AMOUNT_MATCH,SETTLEMENT_LINKED_SEPARATELY_TO_FORECAST_LEDGER,128273,128273,0
PROC-base-202711-TERMINALS-OCC,PROC-base-202711-TERMINALS-OCC,base,2027,11,TERMINALS,OCC,Occupancy and utilities,20624.99999999999920000,handled_short_ton,0.6943582677165354330708661417,1.0609,15193,88356,103549,SYN-V-20260906-TERMINALS-OCC,PO-PROC-base-202711-TERMINALS-OCC,RCV-PROC-base-202711-TERMINALS-OCC,INV-PROC-base-202711-TERMINALS-OCC,,2027-11-24,2027-12-24,INPUT_TO_FORECAST_PURCHASE_COST,CALIBRATED_SYNTHETIC_RATE_NOT_SUPPLIER_QUOTE,FORECAST,PUBLIC_SYNTHETIC_PLANNING_MODEL,2026-09-06T00:00:00-07:00,MODELED_QUANTITY_AND_AMOUNT_MATCH,SETTLEMENT_LINKED_SEPARATELY_TO_FORECAST_LEDGER,103549,103549,0
PROC-base-202711-TERMINALS-INS,PROC-base-202711-TERMINALS-INS,base,2027,11,TERMINALS,INS,Insurance and environmental services,20624.99999999999920000,handled_short_ton,0.00,1.0609,0,77961,77961,SYN-V-20260906-TERMINALS-INS,PO-PROC-base-202711-TERMINALS-INS,RCV-PROC-base-202711-TERMINALS-INS,INV-PROC-base-202711-TERMINALS-INS,,2027-11-24,2027-12-24,INPUT_TO_FORECAST_PURCHASE_COST,CALIBRATED_SYNTHETIC_RATE_NOT_SUPPLIER_QUOTE,FORECAST,PUBLIC_SYNTHETIC_PLANNING_MODEL,2026-09-06T00:00:00-07:00,MODELED_QUANTITY_AND_AMOUNT_MATCH,SETTLEMENT_LINKED_SEPARATELY_TO_FORECAST_LEDGER,77961,77961,0
PROC-base-202711-TERMINALS-SERV,PROC-base-202711-TERMINALS-SERV,base,2027,11,TERMINALS,SERV,Other purchased operating services,20624.99999999999920000,handled_short_ton,1.215126968503937007874015748,1.0609,26588,50675,77263,SYN-V-20260906-TERMINALS-SERV,PO-PROC-base-202711-TERMINALS-SERV,RCV-PROC-base-202711-TERMINALS-SERV,INV-PROC-base-202711-TERMINALS-SERV,,2027-11-24,2027-12-24,INPUT_TO_FORECAST_PURCHASE_COST,CALIBRATED_SYNTHETIC_RATE_NOT_SUPPLIER_QUOTE,FORECAST,PUBLIC_SYNTHETIC_PLANNING_MODEL,2026-09-06T00:00:00-07:00,MODELED_QUANTITY_AND_AMOUNT_MATCH,SETTLEMENT_LINKED_SEPARATELY_TO_FORECAST_LEDGER,77263,77263,0
PROC-base-202711-TRUCKING-MAT,PROC-base-202711-TRUCKING-MAT,base,2027,11,TRUCKING,MAT,Materials and fuel,1218.00000,billed_dispatch,73.1703,1.0609,94549,10781,105330,SYN-V-20260906-TRUCKING-MAT,PO-PROC-base-202711-TRUCKING-MAT,RCV-PROC-base-202711-TRUCKING-MAT,INV-PROC-base-202711-TRUCKING-MAT,,2027-11-24,2027-12-24,INPUT_TO_FORECAST_PURCHASE_COST,CALIBRATED_SYNTHETIC_RATE_NOT_SUPPLIER_QUOTE,FORECAST,PUBLIC_SYNTHETIC_PLANNING_MODEL,2026-09-06T00:00:00-07:00,MODELED_QUANTITY_AND_AMOUNT_MATCH,SETTLEMENT_LINKED_SEPARATELY_TO_FORECAST_LEDGER,105330,105330,0
PROC-base-202711-TRUCKING-MAINT,PROC-base-202711-TRUCKING-MAINT,base,2027,11,TRUCKING,MAINT,Contract maintenance and equipment services,1218.00000,billed_dispatch,29.03583333333333333333333333,1.0609,37519,38505,76024,SYN-V-20260906-TRUCKING-MAINT,PO-PROC-base-202711-TRUCKING-MAINT,RCV-PROC-base-202711-TRUCKING-MAINT,INV-PROC-base-202711-TRUCKING-MAINT,WO-PROC-base-202711-TRUCKING-MAINT,2027-11-24,2027-12-24,INPUT_TO_FORECAST_PURCHASE_COST,CALIBRATED_SYNTHETIC_RATE_NOT_SUPPLIER_QUOTE,FORECAST,PUBLIC_SYNTHETIC_PLANNING_MODEL,2026-09-06T00:00:00-07:00,MODELED_QUANTITY_AND_AMOUNT_MATCH,SETTLEMENT_LINKED_SEPARATELY_TO_FORECAST_LEDGER,76024,76024,0
PROC-base-202711-TRUCKING-OCC,PROC-base-202711-TRUCKING-OCC,base,2027,11,TRUCKING,OCC,Occupancy and utilities,1218.00000,billed_dispatch,6.9686,1.0609,9005,52367,61372,SYN-V-20260906-TRUCKING-OCC,PO-PROC-base-202711-TRUCKING-OCC,RCV-PROC-base-202711-TRUCKING-OCC,INV-PROC-base-202711-TRUCKING-OCC,,2027-11-24,2027-12-24,INPUT_TO_FORECAST_PURCHASE_COST,CALIBRATED_SYNTHETIC_RATE_NOT_SUPPLIER_QUOTE,FORECAST,PUBLIC_SYNTHETIC_PLANNING_MODEL,2026-09-06T00:00:00-07:00,MODELED_QUANTITY_AND_AMOUNT_MATCH,SETTLEMENT_LINKED_SEPARATELY_TO_FORECAST_LEDGER,61372,61372,0
PROC-base-202711-TRUCKING-INS,PROC-base-202711-TRUCKING-INS,base,2027,11,TRUCKING,INS,Insurance and environmental services,1218.00000,billed_dispatch,0.00,1.0609,0,30804,30804,SYN-V-20260906-TRUCKING-INS,PO-PROC-base-202711-TRUCKING-INS,RCV-PROC-base-202711-TRUCKING-INS,INV-PROC-base-202711-TRUCKING-INS,,2027-11-24,2027-12-24,INPUT_TO_FORECAST_PURCHASE_COST,CALIBRATED_SYNTHETIC_RATE_NOT_SUPPLIER_QUOTE,FORECAST,PUBLIC_SYNTHETIC_PLANNING_MODEL,2026-09-06T00:00:00-07:00,MODELED_QUANTITY_AND_AMOUNT_MATCH,SETTLEMENT_LINKED_SEPARATELY_TO_FORECAST_LEDGER,30804,30804,0
PROC-base-202711-TRUCKING-SERV,PROC-base-202711-TRUCKING-SERV,base,2027,11,TRUCKING,SERV,Other purchased operating services,1218.00000,billed_dispatch,8.130033333333333333333333333,1.0609,10505,20022,30527,SYN-V-20260906-TRUCKING-SERV,PO-PROC-base-202711-TRUCKING-SERV,RCV-PROC-base-202711-TRUCKING-SERV,INV-PROC-base-202711-TRUCKING-SERV,,2027-11-24,2027-12-24,INPUT_TO_FORECAST_PURCHASE_COST,CALIBRATED_SYNTHETIC_RATE_NOT_SUPPLIER_QUOTE,FORECAST,PUBLIC_SYNTHETIC_PLANNING_MODEL,2026-09-06T00:00:00-07:00,MODELED_QUANTITY_AND_AMOUNT_MATCH,SETTLEMENT_LINKED_SEPARATELY_TO_FORECAST_LEDGER,30527,30527,0
PROC-base-202711-WAREHOUSE-MAT,PROC-base-202711-WAREHOUSE-MAT,base,2027,11,WAREHOUSE,MAT,Materials and fuel,11449.000000000001136000,occupied_slot_month,4.417595744680851063829787234,1.0609,53657,6118,59775,SYN-V-20260906-WAREHOUSE-MAT,PO-PROC-base-202711-WAREHOUSE-MAT,RCV-PROC-base-202711-WAREHOUSE-MAT,INV-PROC-base-202711-WAREHOUSE-MAT,,2027-11-24,2027-12-24,INPUT_TO_FORECAST_PURCHASE_COST,CALIBRATED_SYNTHETIC_RATE_NOT_SUPPLIER_QUOTE,FORECAST,PUBLIC_SYNTHETIC_PLANNING_MODEL,2026-09-06T00:00:00-07:00,MODELED_QUANTITY_AND_AMOUNT_MATCH,SETTLEMENT_LINKED_SEPARATELY_TO_FORECAST_LEDGER,59775,59775,0
PROC-base-202711-WAREHOUSE-MAINT,PROC-base-202711-WAREHOUSE-MAINT,base,2027,11,WAREHOUSE,MAINT,Contract maintenance and equipment services,11449.000000000001136000,occupied_slot_month,1.402411347517730496453900709,1.0609,17034,17481,34515,SYN-V-20260906-WAREHOUSE-MAINT,PO-PROC-base-202711-WAREHOUSE-MAINT,RCV-PROC-base-202711-WAREHOUSE-MAINT,INV-PROC-base-202711-WAREHOUSE-MAINT,WO-PROC-base-202711-WAREHOUSE-MAINT,2027-11-24,2027-12-24,INPUT_TO_FORECAST_PURCHASE_COST,CALIBRATED_SYNTHETIC_RATE_NOT_SUPPLIER_QUOTE,FORECAST,PUBLIC_SYNTHETIC_PLANNING_MODEL,2026-09-06T00:00:00-07:00,MODELED_QUANTITY_AND_AMOUNT_MATCH,SETTLEMENT_LINKED_SEPARATELY_TO_FORECAST_LEDGER,34515,34515,0
PROC-base-202711-WAREHOUSE-OCC,PROC-base-202711-WAREHOUSE-OCC,base,2027,11,WAREHOUSE,OCC,Occupancy and utilities,11449.000000000001136000,occupied_slot_month,0.3155425531914893617021276596,1.0609,3833,22289,26122,SYN-V-20260906-WAREHOUSE-OCC,PO-PROC-base-202711-WAREHOUSE-OCC,RCV-PROC-base-202711-WAREHOUSE-OCC,INV-PROC-base-202711-WAREHOUSE-OCC,,2027-11-24,2027-12-24,INPUT_TO_FORECAST_PURCHASE_COST,CALIBRATED_SYNTHETIC_RATE_NOT_SUPPLIER_QUOTE,FORECAST,PUBLIC_SYNTHETIC_PLANNING_MODEL,2026-09-06T00:00:00-07:00,MODELED_QUANTITY_AND_AMOUNT_MATCH,SETTLEMENT_LINKED_SEPARATELY_TO_FORECAST_LEDGER,26122,26122,0
PROC-base-202711-WAREHOUSE-INS,PROC-base-202711-WAREHOUSE-INS,base,2027,11,WAREHOUSE,INS,Insurance and environmental services,11449.000000000001136000,occupied_slot_month,0.00,1.0609,0,26222,26222,SYN-V-20260906-WAREHOUSE-INS,PO-PROC-base-202711-WAREHOUSE-INS,RCV-PROC-base-202711-WAREHOUSE-INS,INV-PROC-base-202711-WAREHOUSE-INS,,2027-11-24,2027-12-24,INPUT_TO_FORECAST_PURCHASE_COST,CALIBRATED_SYNTHETIC_RATE_NOT_SUPPLIER_QUOTE,FORECAST,PUBLIC_SYNTHETIC_PLANNING_MODEL,2026-09-06T00:00:00-07:00,MODELED_QUANTITY_AND_AMOUNT_MATCH,SETTLEMENT_LINKED_SEPARATELY_TO_FORECAST_LEDGER,26222,26222,0
PROC-base-202711-WAREHOUSE-SERV,PROC-base-202711-WAREHOUSE-SERV,base,2027,11,WAREHOUSE,SERV,Other purchased operating services,11449.000000000001136000,occupied_slot_month,0.7362659574468085106382978723,1.0609,8943,17044,25987,SYN-V-20260906-WAREHOUSE-SERV,PO-PROC-base-202711-WAREHOUSE-SERV,RCV-PROC-base-202711-WAREHOUSE-SERV,INV-PROC-base-202711-WAREHOUSE-SERV,,2027-11-24,2027-12-24,INPUT_TO_FORECAST_PURCHASE_COST,CALIBRATED_SYNTHETIC_RATE_NOT_SUPPLIER_QUOTE,FORECAST,PUBLIC_SYNTHETIC_PLANNING_MODEL,2026-09-06T00:00:00-07:00,MODELED_QUANTITY_AND_AMOUNT_MATCH,SETTLEMENT_LINKED_SEPARATELY_TO_FORECAST_LEDGER,25987,25987,0
PROC-base-202711-ARU-MAT,PROC-base-202711-ARU-MAT,base,2027,11,ARU,MAT,Materials and fuel,1.000000000000000000000000000,corporate_service_month,10333.125,1.0609,10962,1218,12180,SYN-V-20260906-ARU-MAT,PO-PROC-base-202711-ARU-MAT,RCV-PROC-base-202711-ARU-MAT,INV-PROC-base-202711-ARU-MAT,,2027-11-24,2027-12-24,INPUT_TO_FORECAST_PURCHASE_COST,CALIBRATED_SYNTHETIC_RATE_NOT_SUPPLIER_QUOTE,FORECAST,PUBLIC_SYNTHETIC_PLANNING_MODEL,2026-09-06T00:00:00-07:00,MODELED_QUANTITY_AND_AMOUNT_MATCH,SETTLEMENT_LINKED_SEPARATELY_TO_FORECAST_LEDGER,12180,12180,0
PROC-base-202711-ARU-MAINT,PROC-base-202711-ARU-MAINT,base,2027,11,ARU,MAINT,Contract maintenance and equipment services,1.000000000000000000000000000,corporate_service_month,5740.625,1.0609,6090,6090,12180,SYN-V-20260906-ARU-MAINT,PO-PROC-base-202711-ARU-MAINT,RCV-PROC-base-202711-ARU-MAINT,INV-PROC-base-202711-ARU-MAINT,WO-PROC-base-202711-ARU-MAINT,2027-11-24,2027-12-24,INPUT_TO_FORECAST_PURCHASE_COST,CALIBRATED_SYNTHETIC_RATE_NOT_SUPPLIER_QUOTE,FORECAST,PUBLIC_SYNTHETIC_PLANNING_MODEL,2026-09-06T00:00:00-07:00,MODELED_QUANTITY_AND_AMOUNT_MATCH,SETTLEMENT_LINKED_SEPARATELY_TO_FORECAST_LEDGER,12180,12180,0
PROC-base-202711-ARU-OCC,PROC-base-202711-ARU-OCC,base,2027,11,ARU,OCC,Occupancy and utilities,1.000000000000000000000000000,corporate_service_month,1377.75,1.0609,1462,8282,9744,SYN-V-20260906-ARU-OCC,PO-PROC-base-202711-ARU-OCC,RCV-PROC-base-202711-ARU-OCC,INV-PROC-base-202711-ARU-OCC,,2027-11-24,2027-12-24,INPUT_TO_FORECAST_PURCHASE_COST,CALIBRATED_SYNTHETIC_RATE_NOT_SUPPLIER_QUOTE,FORECAST,PUBLIC_SYNTHETIC_PLANNING_MODEL,2026-09-06T00:00:00-07:00,MODELED_QUANTITY_AND_AMOUNT_MATCH,SETTLEMENT_LINKED_SEPARATELY_TO_FORECAST_LEDGER,9744,9744,0
PROC-base-202711-ARU-INS,PROC-base-202711-ARU-INS,base,2027,11,ARU,INS,Insurance and environmental services,1.000000000000000000000000000,corporate_service_month,0.00,1.0609,0,9744,9744,SYN-V-20260906-ARU-INS,PO-PROC-base-202711-ARU-INS,RCV-PROC-base-202711-ARU-INS,INV-PROC-base-202711-ARU-INS,,2027-11-24,2027-12-24,INPUT_TO_FORECAST_PURCHASE_COST,CALIBRATED_SYNTHETIC_RATE_NOT_SUPPLIER_QUOTE,FORECAST,PUBLIC_SYNTHETIC_PLANNING_MODEL,2026-09-06T00:00:00-07:00,MODELED_QUANTITY_AND_AMOUNT_MATCH,SETTLEMENT_LINKED_SEPARATELY_TO_FORECAST_LEDGER,9744,9744,0
PROC-base-202711-ARU-SERV,PROC-base-202711-ARU-SERV,base,2027,11,ARU,SERV,Other purchased operating services,1.000000000000000000000000000,corporate_service_month,1607.375,1.0609,1705,3167,4872,SYN-V-20260906-ARU-SERV,PO-PROC-base-202711-ARU-SERV,RCV-PROC-base-202711-ARU-SERV,INV-PROC-base-202711-ARU-SERV,,2027-11-24,2027-12-24,INPUT_TO_FORECAST_PURCHASE_COST,CALIBRATED_SYNTHETIC_RATE_NOT_SUPPLIER_QUOTE,FORECAST,PUBLIC_SYNTHETIC_PLANNING_MODEL,2026-09-06T00:00:00-07:00,MODELED_QUANTITY_AND_AMOUNT_MATCH,SETTLEMENT_LINKED_SEPARATELY_TO_FORECAST_LEDGER,4872,4872,0
PROC-base-202712-BST-MAT,PROC-base-202712-BST-MAT,base,2027,12,BST,MAT,Materials and fuel,733.999999999999968000,loaded_revenue_car,146.634,1.0609,114184,12963,127147,SYN-V-20260906-BST-MAT,PO-PROC-base-202712-BST-MAT,RCV-PROC-base-202712-BST-MAT,INV-PROC-base-202712-BST-MAT,,2027-12-24,2028-01-23,INPUT_TO_FORECAST_PURCHASE_COST,CALIBRATED_SYNTHETIC_RATE_NOT_SUPPLIER_QUOTE,FORECAST,PUBLIC_SYNTHETIC_PLANNING_MODEL,2026-09-06T00:00:00-07:00,MODELED_QUANTITY_AND_AMOUNT_MATCH,SETTLEMENT_LINKED_SEPARATELY_TO_FORECAST_LEDGER,127147,127147,0
PROC-base-202712-BST-MAINT,PROC-base-202712-BST-MAINT,base,2027,12,BST,MAINT,Contract maintenance and equipment services,733.999999999999968000,loaded_revenue_car,101.8291666666666666666666667,1.0609,79294,81022,160316,SYN-V-20260906-BST-MAINT,PO-PROC-base-202712-BST-MAINT,RCV-PROC-base-202712-BST-MAINT,INV-PROC-base-202712-BST-MAINT,WO-PROC-base-202712-BST-MAINT,2027-12-24,2028-01-23,INPUT_TO_FORECAST_PURCHASE_COST,CALIBRATED_SYNTHETIC_RATE_NOT_SUPPLIER_QUOTE,FORECAST,PUBLIC_SYNTHETIC_PLANNING_MODEL,2026-09-06T00:00:00-07:00,MODELED_QUANTITY_AND_AMOUNT_MATCH,SETTLEMENT_LINKED_SEPARATELY_TO_FORECAST_LEDGER,160316,160316,0
PROC-base-202712-BST-OCC,PROC-base-202712-BST-OCC,base,2027,12,BST,OCC,Occupancy and utilities,733.999999999999968000,loaded_revenue_car,21.9951,1.0609,17128,99172,116300,SYN-V-20260906-BST-OCC,PO-PROC-base-202712-BST-OCC,RCV-PROC-base-202712-BST-OCC,INV-PROC-base-202712-BST-OCC,,2027-12-24,2028-01-23,INPUT_TO_FORECAST_PURCHASE_COST,CALIBRATED_SYNTHETIC_RATE_NOT_SUPPLIER_QUOTE,FORECAST,PUBLIC_SYNTHETIC_PLANNING_MODEL,2026-09-06T00:00:00-07:00,MODELED_QUANTITY_AND_AMOUNT_MATCH,SETTLEMENT_LINKED_SEPARATELY_TO_FORECAST_LEDGER,116300,116300,0
PROC-base-202712-BST-INS,PROC-base-202712-BST-INS,base,2027,12,BST,INS,Insurance and environmental services,733.999999999999968000,loaded_revenue_car,0.00,1.0609,0,110191,110191,SYN-V-20260906-BST-INS,PO-PROC-base-202712-BST-INS,RCV-PROC-base-202712-BST-INS,INV-PROC-base-202712-BST-INS,,2027-12-24,2028-01-23,INPUT_TO_FORECAST_PURCHASE_COST,CALIBRATED_SYNTHETIC_RATE_NOT_SUPPLIER_QUOTE,FORECAST,PUBLIC_SYNTHETIC_PLANNING_MODEL,2026-09-06T00:00:00-07:00,MODELED_QUANTITY_AND_AMOUNT_MATCH,SETTLEMENT_LINKED_SEPARATELY_TO_FORECAST_LEDGER,110191,110191,0
PROC-base-202712-BST-SERV,PROC-base-202712-BST-SERV,base,2027,12,BST,SERV,Other purchased operating services,733.999999999999968000,loaded_revenue_car,57.02433333333333333333333333,1.0609,44405,84263,128668,SYN-V-20260906-BST-SERV,PO-PROC-base-202712-BST-SERV,RCV-PROC-base-202712-BST-SERV,INV-PROC-base-202712-BST-SERV,,2027-12-24,2028-01-23,INPUT_TO_FORECAST_PURCHASE_COST,CALIBRATED_SYNTHETIC_RATE_NOT_SUPPLIER_QUOTE,FORECAST,PUBLIC_SYNTHETIC_PLANNING_MODEL,2026-09-06T00:00:00-07:00,MODELED_QUANTITY_AND_AMOUNT_MATCH,SETTLEMENT_LINKED_SEPARATELY_TO_FORECAST_LEDGER,128668,128668,0
PROC-base-202712-TERMINALS-MAT,PROC-base-202712-TERMINALS-MAT,base,2027,12,TERMINALS,MAT,Materials and fuel,20624.99999999999920000,handled_short_ton,5.207687007874015748031496063,1.0609,113950,12993,126943,SYN-V-20260906-TERMINALS-MAT,PO-PROC-base-202712-TERMINALS-MAT,RCV-PROC-base-202712-TERMINALS-MAT,INV-PROC-base-202712-TERMINALS-MAT,,2027-12-24,2028-01-23,INPUT_TO_FORECAST_PURCHASE_COST,CALIBRATED_SYNTHETIC_RATE_NOT_SUPPLIER_QUOTE,FORECAST,PUBLIC_SYNTHETIC_PLANNING_MODEL,2026-09-06T00:00:00-07:00,MODELED_QUANTITY_AND_AMOUNT_MATCH,SETTLEMENT_LINKED_SEPARATELY_TO_FORECAST_LEDGER,126943,126943,0
PROC-base-202712-TERMINALS-MAINT,PROC-base-202712-TERMINALS-MAINT,base,2027,12,TERMINALS,MAINT,Contract maintenance and equipment services,20624.99999999999920000,handled_short_ton,2.893159448818897637795275591,1.0609,63305,64968,128273,SYN-V-20260906-TERMINALS-MAINT,PO-PROC-base-202712-TERMINALS-MAINT,RCV-PROC-base-202712-TERMINALS-MAINT,INV-PROC-base-202712-TERMINALS-MAINT,WO-PROC-base-202712-TERMINALS-MAINT,2027-12-24,2028-01-23,INPUT_TO_FORECAST_PURCHASE_COST,CALIBRATED_SYNTHETIC_RATE_NOT_SUPPLIER_QUOTE,FORECAST,PUBLIC_SYNTHETIC_PLANNING_MODEL,2026-09-06T00:00:00-07:00,MODELED_QUANTITY_AND_AMOUNT_MATCH,SETTLEMENT_LINKED_SEPARATELY_TO_FORECAST_LEDGER,128273,128273,0
PROC-base-202712-TERMINALS-OCC,PROC-base-202712-TERMINALS-OCC,base,2027,12,TERMINALS,OCC,Occupancy and utilities,20624.99999999999920000,handled_short_ton,0.6943582677165354330708661417,1.0609,15193,88356,103549,SYN-V-20260906-TERMINALS-OCC,PO-PROC-base-202712-TERMINALS-OCC,RCV-PROC-base-202712-TERMINALS-OCC,INV-PROC-base-202712-TERMINALS-OCC,,2027-12-24,2028-01-23,INPUT_TO_FORECAST_PURCHASE_COST,CALIBRATED_SYNTHETIC_RATE_NOT_SUPPLIER_QUOTE,FORECAST,PUBLIC_SYNTHETIC_PLANNING_MODEL,2026-09-06T00:00:00-07:00,MODELED_QUANTITY_AND_AMOUNT_MATCH,SETTLEMENT_LINKED_SEPARATELY_TO_FORECAST_LEDGER,103549,103549,0
PROC-base-202712-TERMINALS-INS,PROC-base-202712-TERMINALS-INS,base,2027,12,TERMINALS,INS,Insurance and environmental services,20624.99999999999920000,handled_short_ton,0.00,1.0609,0,77961,77961,SYN-V-20260906-TERMINALS-INS,PO-PROC-base-202712-TERMINALS-INS,RCV-PROC-base-202712-TERMINALS-INS,INV-PROC-base-202712-TERMINALS-INS,,2027-12-24,2028-01-23,INPUT_TO_FORECAST_PURCHASE_COST,CALIBRATED_SYNTHETIC_RATE_NOT_SUPPLIER_QUOTE,FORECAST,PUBLIC_SYNTHETIC_PLANNING_MODEL,2026-09-06T00:00:00-07:00,MODELED_QUANTITY_AND_AMOUNT_MATCH,SETTLEMENT_LINKED_SEPARATELY_TO_FORECAST_LEDGER,77961,77961,0
PROC-base-202712-TERMINALS-SERV,PROC-base-202712-TERMINALS-SERV,base,2027,12,TERMINALS,SERV,Other purchased operating services,20624.99999999999920000,handled_short_ton,1.215126968503937007874015748,1.0609,26588,50675,77263,SYN-V-20260906-TERMINALS-SERV,PO-PROC-base-202712-TERMINALS-SERV,RCV-PROC-base-202712-TERMINALS-SERV,INV-PROC-base-202712-TERMINALS-SERV,,2027-12-24,2028-01-23,INPUT_TO_FORECAST_PURCHASE_COST,CALIBRATED_SYNTHETIC_RATE_NOT_SUPPLIER_QUOTE,FORECAST,PUBLIC_SYNTHETIC_PLANNING_MODEL,2026-09-06T00:00:00-07:00,MODELED_QUANTITY_AND_AMOUNT_MATCH,SETTLEMENT_LINKED_SEPARATELY_TO_FORECAST_LEDGER,77263,77263,0
PROC-base-202712-TRUCKING-MAT,PROC-base-202712-TRUCKING-MAT,base,2027,12,TRUCKING,MAT,Materials and fuel,1218.00000,billed_dispatch,73.1703,1.0609,94549,10781,105330,SYN-V-20260906-TRUCKING-MAT,PO-PROC-base-202712-TRUCKING-MAT,RCV-PROC-base-202712-TRUCKING-MAT,INV-PROC-base-202712-TRUCKING-MAT,,2027-12-24,2028-01-23,INPUT_TO_FORECAST_PURCHASE_COST,CALIBRATED_SYNTHETIC_RATE_NOT_SUPPLIER_QUOTE,FORECAST,PUBLIC_SYNTHETIC_PLANNING_MODEL,2026-09-06T00:00:00-07:00,MODELED_QUANTITY_AND_AMOUNT_MATCH,SETTLEMENT_LINKED_SEPARATELY_TO_FORECAST_LEDGER,105330,105330,0
PROC-base-202712-TRUCKING-MAINT,PROC-base-202712-TRUCKING-MAINT,base,2027,12,TRUCKING,MAINT,Contract maintenance and equipment services,1218.00000,billed_dispatch,29.03583333333333333333333333,1.0609,37519,38505,76024,SYN-V-20260906-TRUCKING-MAINT,PO-PROC-base-202712-TRUCKING-MAINT,RCV-PROC-base-202712-TRUCKING-MAINT,INV-PROC-base-202712-TRUCKING-MAINT,WO-PROC-base-202712-TRUCKING-MAINT,2027-12-24,2028-01-23,INPUT_TO_FORECAST_PURCHASE_COST,CALIBRATED_SYNTHETIC_RATE_NOT_SUPPLIER_QUOTE,FORECAST,PUBLIC_SYNTHETIC_PLANNING_MODEL,2026-09-06T00:00:00-07:00,MODELED_QUANTITY_AND_AMOUNT_MATCH,SETTLEMENT_LINKED_SEPARATELY_TO_FORECAST_LEDGER,76024,76024,0
PROC-base-202712-TRUCKING-OCC,PROC-base-202712-TRUCKING-OCC,base,2027,12,TRUCKING,OCC,Occupancy and utilities,1218.00000,billed_dispatch,6.9686,1.0609,9005,52367,61372,SYN-V-20260906-TRUCKING-OCC,PO-PROC-base-202712-TRUCKING-OCC,RCV-PROC-base-202712-TRUCKING-OCC,INV-PROC-base-202712-TRUCKING-OCC,,2027-12-24,2028-01-23,INPUT_TO_FORECAST_PURCHASE_COST,CALIBRATED_SYNTHETIC_RATE_NOT_SUPPLIER_QUOTE,FORECAST,PUBLIC_SYNTHETIC_PLANNING_MODEL,2026-09-06T00:00:00-07:00,MODELED_QUANTITY_AND_AMOUNT_MATCH,SETTLEMENT_LINKED_SEPARATELY_TO_FORECAST_LEDGER,61372,61372,0
PROC-base-202712-TRUCKING-INS,PROC-base-202712-TRUCKING-INS,base,2027,12,TRUCKING,INS,Insurance and environmental services,1218.00000,billed_dispatch,0.00,1.0609,0,30804,30804,SYN-V-20260906-TRUCKING-INS,PO-PROC-base-202712-TRUCKING-INS,RCV-PROC-base-202712-TRUCKING-INS,INV-PROC-base-202712-TRUCKING-INS,,2027-12-24,2028-01-23,INPUT_TO_FORECAST_PURCHASE_COST,CALIBRATED_SYNTHETIC_RATE_NOT_SUPPLIER_QUOTE,FORECAST,PUBLIC_SYNTHETIC_PLANNING_MODEL,2026-09-06T00:00:00-07:00,MODELED_QUANTITY_AND_AMOUNT_MATCH,SETTLEMENT_LINKED_SEPARATELY_TO_FORECAST_LEDGER,30804,30804,0
PROC-base-202712-TRUCKING-SERV,PROC-base-202712-TRUCKING-SERV,base,2027,12,TRUCKING,SERV,Other purchased operating services,1218.00000,billed_dispatch,8.130033333333333333333333333,1.0609,10505,20022,30527,SYN-V-20260906-TRUCKING-SERV,PO-PROC-base-202712-TRUCKING-SERV,RCV-PROC-base-202712-TRUCKING-SERV,INV-PROC-base-202712-TRUCKING-SERV,,2027-12-24,2028-01-23,INPUT_TO_FORECAST_PURCHASE_COST,CALIBRATED_SYNTHETIC_RATE_NOT_SUPPLIER_QUOTE,FORECAST,PUBLIC_SYNTHETIC_PLANNING_MODEL,2026-09-06T00:00:00-07:00,MODELED_QUANTITY_AND_AMOUNT_MATCH,SETTLEMENT_LINKED_SEPARATELY_TO_FORECAST_LEDGER,30527,30527,0
PROC-base-202712-WAREHOUSE-MAT,PROC-base-202712-WAREHOUSE-MAT,base,2027,12,WAREHOUSE,MAT,Materials and fuel,11449.000000000001136000,occupied_slot_month,4.417595744680851063829787234,1.0609,53657,6118,59775,SYN-V-20260906-WAREHOUSE-MAT,PO-PROC-base-202712-WAREHOUSE-MAT,RCV-PROC-base-202712-WAREHOUSE-MAT,INV-PROC-base-202712-WAREHOUSE-MAT,,2027-12-24,2028-01-23,INPUT_TO_FORECAST_PURCHASE_COST,CALIBRATED_SYNTHETIC_RATE_NOT_SUPPLIER_QUOTE,FORECAST,PUBLIC_SYNTHETIC_PLANNING_MODEL,2026-09-06T00:00:00-07:00,MODELED_QUANTITY_AND_AMOUNT_MATCH,SETTLEMENT_LINKED_SEPARATELY_TO_FORECAST_LEDGER,59775,59775,0
PROC-base-202712-WAREHOUSE-MAINT,PROC-base-202712-WAREHOUSE-MAINT,base,2027,12,WAREHOUSE,MAINT,Contract maintenance and equipment services,11449.000000000001136000,occupied_slot_month,1.402411347517730496453900709,1.0609,17034,17481,34515,SYN-V-20260906-WAREHOUSE-MAINT,PO-PROC-base-202712-WAREHOUSE-MAINT,RCV-PROC-base-202712-WAREHOUSE-MAINT,INV-PROC-base-202712-WAREHOUSE-MAINT,WO-PROC-base-202712-WAREHOUSE-MAINT,2027-12-24,2028-01-23,INPUT_TO_FORECAST_PURCHASE_COST,CALIBRATED_SYNTHETIC_RATE_NOT_SUPPLIER_QUOTE,FORECAST,PUBLIC_SYNTHETIC_PLANNING_MODEL,2026-09-06T00:00:00-07:00,MODELED_QUANTITY_AND_AMOUNT_MATCH,SETTLEMENT_LINKED_SEPARATELY_TO_FORECAST_LEDGER,34515,34515,0
PROC-base-202712-WAREHOUSE-OCC,PROC-base-202712-WAREHOUSE-OCC,base,2027,12,WAREHOUSE,OCC,Occupancy and utilities,11449.000000000001136000,occupied_slot_month,0.3155425531914893617021276596,1.0609,3833,22289,26122,SYN-V-20260906-WAREHOUSE-OCC,PO-PROC-base-202712-WAREHOUSE-OCC,RCV-PROC-base-202712-WAREHOUSE-OCC,INV-PROC-base-202712-WAREHOUSE-OCC,,2027-12-24,2028-01-23,INPUT_TO_FORECAST_PURCHASE_COST,CALIBRATED_SYNTHETIC_RATE_NOT_SUPPLIER_QUOTE,FORECAST,PUBLIC_SYNTHETIC_PLANNING_MODEL,2026-09-06T00:00:00-07:00,MODELED_QUANTITY_AND_AMOUNT_MATCH,SETTLEMENT_LINKED_SEPARATELY_TO_FORECAST_LEDGER,26122,26122,0
PROC-base-202712-WAREHOUSE-INS,PROC-base-202712-WAREHOUSE-INS,base,2027,12,WAREHOUSE,INS,Insurance and environmental services,11449.000000000001136000,occupied_slot_month,0.00,1.0609,0,26222,26222,SYN-V-20260906-WAREHOUSE-INS,PO-PROC-base-202712-WAREHOUSE-INS,RCV-PROC-base-202712-WAREHOUSE-INS,INV-PROC-base-202712-WAREHOUSE-INS,,2027-12-24,2028-01-23,INPUT_TO_FORECAST_PURCHASE_COST,CALIBRATED_SYNTHETIC_RATE_NOT_SUPPLIER_QUOTE,FORECAST,PUBLIC_SYNTHETIC_PLANNING_MODEL,2026-09-06T00:00:00-07:00,MODELED_QUANTITY_AND_AMOUNT_MATCH,SETTLEMENT_LINKED_SEPARATELY_TO_FORECAST_LEDGER,26222,26222,0
PROC-base-202712-WAREHOUSE-SERV,PROC-base-202712-WAREHOUSE-SERV,base,2027,12,WAREHOUSE,SERV,Other purchased operating services,11449.000000000001136000,occupied_slot_month,0.7362659574468085106382978723,1.0609,8943,17044,25987,SYN-V-20260906-WAREHOUSE-SERV,PO-PROC-base-202712-WAREHOUSE-SERV,RCV-PROC-base-202712-WAREHOUSE-SERV,INV-PROC-base-202712-WAREHOUSE-SERV,,2027-12-24,2028-01-23,INPUT_TO_FORECAST_PURCHASE_COST,CALIBRATED_SYNTHETIC_RATE_NOT_SUPPLIER_QUOTE,FORECAST,PUBLIC_SYNTHETIC_PLANNING_MODEL,2026-09-06T00:00:00-07:00,MODELED_QUANTITY_AND_AMOUNT_MATCH,SETTLEMENT_LINKED_SEPARATELY_TO_FORECAST_LEDGER,25987,25987,0
PROC-base-202712-ARU-MAT,PROC-base-202712-ARU-MAT,base,2027,12,ARU,MAT,Materials and fuel,1.000000000000000000000000000,corporate_service_month,10333.125,1.0609,10962,1218,12180,SYN-V-20260906-ARU-MAT,PO-PROC-base-202712-ARU-MAT,RCV-PROC-base-202712-ARU-MAT,INV-PROC-base-202712-ARU-MAT,,2027-12-24,2028-01-23,INPUT_TO_FORECAST_PURCHASE_COST,CALIBRATED_SYNTHETIC_RATE_NOT_SUPPLIER_QUOTE,FORECAST,PUBLIC_SYNTHETIC_PLANNING_MODEL,2026-09-06T00:00:00-07:00,MODELED_QUANTITY_AND_AMOUNT_MATCH,SETTLEMENT_LINKED_SEPARATELY_TO_FORECAST_LEDGER,12180,12180,0
PROC-base-202712-ARU-MAINT,PROC-base-202712-ARU-MAINT,base,2027,12,ARU,MAINT,Contract maintenance and equipment services,1.000000000000000000000000000,corporate_service_month,5740.625,1.0609,6090,6090,12180,SYN-V-20260906-ARU-MAINT,PO-PROC-base-202712-ARU-MAINT,RCV-PROC-base-202712-ARU-MAINT,INV-PROC-base-202712-ARU-MAINT,WO-PROC-base-202712-ARU-MAINT,2027-12-24,2028-01-23,INPUT_TO_FORECAST_PURCHASE_COST,CALIBRATED_SYNTHETIC_RATE_NOT_SUPPLIER_QUOTE,FORECAST,PUBLIC_SYNTHETIC_PLANNING_MODEL,2026-09-06T00:00:00-07:00,MODELED_QUANTITY_AND_AMOUNT_MATCH,SETTLEMENT_LINKED_SEPARATELY_TO_FORECAST_LEDGER,12180,12180,0
PROC-base-202712-ARU-OCC,PROC-base-202712-ARU-OCC,base,2027,12,ARU,OCC,Occupancy and utilities,1.000000000000000000000000000,corporate_service_month,1377.75,1.0609,1462,8282,9744,SYN-V-20260906-ARU-OCC,PO-PROC-base-202712-ARU-OCC,RCV-PROC-base-202712-ARU-OCC,INV-PROC-base-202712-ARU-OCC,,2027-12-24,2028-01-23,INPUT_TO_FORECAST_PURCHASE_COST,CALIBRATED_SYNTHETIC_RATE_NOT_SUPPLIER_QUOTE,FORECAST,PUBLIC_SYNTHETIC_PLANNING_MODEL,2026-09-06T00:00:00-07:00,MODELED_QUANTITY_AND_AMOUNT_MATCH,SETTLEMENT_LINKED_SEPARATELY_TO_FORECAST_LEDGER,9744,9744,0
PROC-base-202712-ARU-INS,PROC-base-202712-ARU-INS,base,2027,12,ARU,INS,Insurance and environmental services,1.000000000000000000000000000,corporate_service_month,0.00,1.0609,0,9744,9744,SYN-V-20260906-ARU-INS,PO-PROC-base-202712-ARU-INS,RCV-PROC-base-202712-ARU-INS,INV-PROC-base-202712-ARU-INS,,2027-12-24,2028-01-23,INPUT_TO_FORECAST_PURCHASE_COST,CALIBRATED_SYNTHETIC_RATE_NOT_SUPPLIER_QUOTE,FORECAST,PUBLIC_SYNTHETIC_PLANNING_MODEL,2026-09-06T00:00:00-07:00,MODELED_QUANTITY_AND_AMOUNT_MATCH,SETTLEMENT_LINKED_SEPARATELY_TO_FORECAST_LEDGER,9744,9744,0
PROC-base-202712-ARU-SERV,PROC-base-202712-ARU-SERV,base,2027,12,ARU,SERV,Other purchased operating services,1.000000000000000000000000000,corporate_service_month,1607.375,1.0609,1705,3166,4871,SYN-V-20260906-ARU-SERV,PO-PROC-base-202712-ARU-SERV,RCV-PROC-base-202712-ARU-SERV,INV-PROC-base-202712-ARU-SERV,,2027-12-24,2028-01-23,INPUT_TO_FORECAST_PURCHASE_COST,CALIBRATED_SYNTHETIC_RATE_NOT_SUPPLIER_QUOTE,FORECAST,PUBLIC_SYNTHETIC_PLANNING_MODEL,2026-09-06T00:00:00-07:00,MODELED_QUANTITY_AND_AMOUNT_MATCH,SETTLEMENT_LINKED_SEPARATELY_TO_FORECAST_LEDGER,4871,4871,0
