allocation_basis,cash_flow,due_date,entity,funded_usd,invoice_id,journal_id,month,obligation_id,payable_id,period,request_kind,requested_usd,scenario,source_id,unit,unpaid_usd,year
ILLUSTRATIVE_FIFO_WITHIN_FLOW_NOT_ACTUAL_PAYMENT,OPERATING,2027-01-31,SHI,497024.0000,,ENT-base-0000402,1,OB-base-ENT-base-0000402-1610,,2027-01-31,OTHER_OPERATING_REQUEST,497024.0000,base,CORE-OPEN-SETTLE-LEG_2000,corporate,0.0000,2027
ILLUSTRATIVE_FIFO_WITHIN_FLOW_NOT_ACTUAL_PAYMENT,OPERATING,2027-01-31,SHI,791531.9000,,ENT-base-0000403,1,OB-base-ENT-base-0000403-1612,,2027-01-31,OTHER_OPERATING_REQUEST,791531.9000,base,CORE-OPEN-SETTLE-LEG_2100,corporate,0.0000,2027
ILLUSTRATIVE_FIFO_WITHIN_FLOW_NOT_ACTUAL_PAYMENT,OPERATING,2027-01-31,SHI,191208.3333,,ENT-base-0000406,1,OB-base-ENT-base-0000406-1616,,2027-01-31,OTHER_OPERATING_REQUEST,191208.3333,base,CORE-INTEREST,corporate,0.0000,2027
ILLUSTRATIVE_FIFO_WITHIN_FLOW_NOT_ACTUAL_PAYMENT,OPERATING,2027-01-31,SHI,1933333.3280,,ENT-base-0000408,1,OB-base-ENT-base-0000408-1620,,2027-01-31,PAYROLL_BATCH,1933333.3280,base,base-01-PAYROLL_REQUEST-foundry-field,foundry-field,0.0000,2027
ILLUSTRATIVE_FIFO_WITHIN_FLOW_NOT_ACTUAL_PAYMENT,OPERATING,2027-01-31,SHI,524999.9988,,ENT-base-0000409,1,OB-base-ENT-base-0000409-1622,,2027-01-31,PAYROLL_BATCH,524999.9988,base,base-01-PAYROLL_REQUEST-atlas-meridian,atlas-meridian,0.0000,2027
ILLUSTRATIVE_FIFO_WITHIN_FLOW_NOT_ACTUAL_PAYMENT,OPERATING,2027-01-31,SHI,418333.3344,,ENT-base-0000410,1,OB-base-ENT-base-0000410-1624,,2027-01-31,PAYROLL_BATCH,418333.3344,base,base-01-PAYROLL_REQUEST-advisory,advisory,0.0000,2027
ILLUSTRATIVE_FIFO_WITHIN_FLOW_NOT_ACTUAL_PAYMENT,OPERATING,2027-01-31,SHI,295000.0000,,ENT-base-0000411,1,OB-base-ENT-base-0000411-1626,,2027-01-31,PAYROLL_BATCH,295000.0000,base,base-01-PAYROLL_REQUEST-willow,willow,0.0000,2027
ILLUSTRATIVE_FIFO_WITHIN_FLOW_NOT_ACTUAL_PAYMENT,OPERATING,2027-01-31,SHI,187500.0006,,ENT-base-0000412,1,OB-base-ENT-base-0000412-1628,,2027-01-31,PAYROLL_BATCH,187500.0006,base,base-01-PAYROLL_REQUEST-project-cradle,project-cradle,0.0000,2027
ILLUSTRATIVE_FIFO_WITHIN_FLOW_NOT_ACTUAL_PAYMENT,OPERATING,2027-01-31,SHI,2834999.9956,,ENT-base-0000413,1,OB-base-ENT-base-0000413-1630,,2027-01-31,PAYROLL_BATCH,2834999.9956,base,base-01-PAYROLL_REQUEST-corporate,corporate,0.0000,2027
ILLUSTRATIVE_FIFO_WITHIN_FLOW_NOT_ACTUAL_PAYMENT,OPERATING,2027-02-28,SHI,190666.6667,,ENT-base-0000572,2,OB-base-ENT-base-0000572-2004,,2027-02-28,OTHER_OPERATING_REQUEST,190666.6667,base,CORE-INTEREST,corporate,0.0000,2027
ILLUSTRATIVE_FIFO_WITHIN_FLOW_NOT_ACTUAL_PAYMENT,OPERATING,2027-02-28,SHI,113000.0000,,ENT-base-0000613,2,OB-base-ENT-base-0000613-2086,AP-base-1-ESS-FACILITY-VENDORS,2027-02-28,VENDOR_INVOICE,113000.0000,base,base-02-PAYMENT_REQUEST-AP-base-1-ESS-FACILITY-VENDORS,corporate,0.0000,2027
ILLUSTRATIVE_FIFO_WITHIN_FLOW_NOT_ACTUAL_PAYMENT,OPERATING,2027-02-28,SHI,2400.0000,,ENT-base-0000614,2,OB-base-ENT-base-0000614-2088,AP-base-1-HOSTING-FF-001,2027-02-28,VENDOR_INVOICE,2400.0000,base,base-02-PAYMENT_REQUEST-AP-base-1-HOSTING-FF-001,foundry-field,0.0000,2027
ILLUSTRATIVE_FIFO_WITHIN_FLOW_NOT_ACTUAL_PAYMENT,OPERATING,2027-02-28,SHI,3000.0000,,ENT-base-0000615,2,OB-base-ENT-base-0000615-2090,AP-base-1-HOSTING-FF-002,2027-02-28,VENDOR_INVOICE,3000.0000,base,base-02-PAYMENT_REQUEST-AP-base-1-HOSTING-FF-002,foundry-field,0.0000,2027
ILLUSTRATIVE_FIFO_WITHIN_FLOW_NOT_ACTUAL_PAYMENT,OPERATING,2027-02-28,SHI,3600.0000,,ENT-base-0000616,2,OB-base-ENT-base-0000616-2092,AP-base-1-HOSTING-FF-003,2027-02-28,VENDOR_INVOICE,3600.0000,base,base-02-PAYMENT_REQUEST-AP-base-1-HOSTING-FF-003,foundry-field,0.0000,2027
ILLUSTRATIVE_FIFO_WITHIN_FLOW_NOT_ACTUAL_PAYMENT,OPERATING,2027-02-28,SHI,1800.0000,,ENT-base-0000617,2,OB-base-ENT-base-0000617-2094,AP-base-1-HOSTING-FF-004,2027-02-28,VENDOR_INVOICE,1800.0000,base,base-02-PAYMENT_REQUEST-AP-base-1-HOSTING-FF-004,foundry-field,0.0000,2027
ILLUSTRATIVE_FIFO_WITHIN_FLOW_NOT_ACTUAL_PAYMENT,OPERATING,2027-02-28,SHI,2400.0000,,ENT-base-0000618,2,OB-base-ENT-base-0000618-2096,AP-base-1-HOSTING-FF-005,2027-02-28,VENDOR_INVOICE,2400.0000,base,base-02-PAYMENT_REQUEST-AP-base-1-HOSTING-FF-005,foundry-field,0.0000,2027
ILLUSTRATIVE_FIFO_WITHIN_FLOW_NOT_ACTUAL_PAYMENT,OPERATING,2027-02-28,SHI,3000.0000,,ENT-base-0000619,2,OB-base-ENT-base-0000619-2098,AP-base-1-HOSTING-FF-006,2027-02-28,VENDOR_INVOICE,3000.0000,base,base-02-PAYMENT_REQUEST-AP-base-1-HOSTING-FF-006,foundry-field,0.0000,2027
ILLUSTRATIVE_FIFO_WITHIN_FLOW_NOT_ACTUAL_PAYMENT,OPERATING,2027-02-28,SHI,3600.0000,,ENT-base-0000620,2,OB-base-ENT-base-0000620-2100,AP-base-1-HOSTING-FF-007,2027-02-28,VENDOR_INVOICE,3600.0000,base,base-02-PAYMENT_REQUEST-AP-base-1-HOSTING-FF-007,foundry-field,0.0000,2027
ILLUSTRATIVE_FIFO_WITHIN_FLOW_NOT_ACTUAL_PAYMENT,OPERATING,2027-02-28,SHI,1800.0000,,ENT-base-0000621,2,OB-base-ENT-base-0000621-2102,AP-base-1-HOSTING-FF-008,2027-02-28,VENDOR_INVOICE,1800.0000,base,base-02-PAYMENT_REQUEST-AP-base-1-HOSTING-FF-008,foundry-field,0.0000,2027
ILLUSTRATIVE_FIFO_WITHIN_FLOW_NOT_ACTUAL_PAYMENT,OPERATING,2027-02-28,SHI,2400.0000,,ENT-base-0000622,2,OB-base-ENT-base-0000622-2104,AP-base-1-HOSTING-FF-009,2027-02-28,VENDOR_INVOICE,2400.0000,base,base-02-PAYMENT_REQUEST-AP-base-1-HOSTING-FF-009,foundry-field,0.0000,2027
ILLUSTRATIVE_FIFO_WITHIN_FLOW_NOT_ACTUAL_PAYMENT,OPERATING,2027-02-28,SHI,3000.0000,,ENT-base-0000623,2,OB-base-ENT-base-0000623-2106,AP-base-1-HOSTING-FF-010,2027-02-28,VENDOR_INVOICE,3000.0000,base,base-02-PAYMENT_REQUEST-AP-base-1-HOSTING-FF-010,foundry-field,0.0000,2027
ILLUSTRATIVE_FIFO_WITHIN_FLOW_NOT_ACTUAL_PAYMENT,OPERATING,2027-02-28,SHI,3600.0000,,ENT-base-0000624,2,OB-base-ENT-base-0000624-2108,AP-base-1-HOSTING-FF-011,2027-02-28,VENDOR_INVOICE,3600.0000,base,base-02-PAYMENT_REQUEST-AP-base-1-HOSTING-FF-011,foundry-field,0.0000,2027
ILLUSTRATIVE_FIFO_WITHIN_FLOW_NOT_ACTUAL_PAYMENT,OPERATING,2027-02-28,SHI,1800.0000,,ENT-base-0000625,2,OB-base-ENT-base-0000625-2110,AP-base-1-HOSTING-FF-012,2027-02-28,VENDOR_INVOICE,1800.0000,base,base-02-PAYMENT_REQUEST-AP-base-1-HOSTING-FF-012,foundry-field,0.0000,2027
ILLUSTRATIVE_FIFO_WITHIN_FLOW_NOT_ACTUAL_PAYMENT,OPERATING,2027-02-28,SHI,2400.0000,,ENT-base-0000626,2,OB-base-ENT-base-0000626-2112,AP-base-1-HOSTING-FF-013,2027-02-28,VENDOR_INVOICE,2400.0000,base,base-02-PAYMENT_REQUEST-AP-base-1-HOSTING-FF-013,foundry-field,0.0000,2027
ILLUSTRATIVE_FIFO_WITHIN_FLOW_NOT_ACTUAL_PAYMENT,OPERATING,2027-02-28,SHI,3000.0000,,ENT-base-0000627,2,OB-base-ENT-base-0000627-2114,AP-base-1-HOSTING-FF-014,2027-02-28,VENDOR_INVOICE,3000.0000,base,base-02-PAYMENT_REQUEST-AP-base-1-HOSTING-FF-014,foundry-field,0.0000,2027
ILLUSTRATIVE_FIFO_WITHIN_FLOW_NOT_ACTUAL_PAYMENT,OPERATING,2027-02-28,SHI,3600.0000,,ENT-base-0000628,2,OB-base-ENT-base-0000628-2116,AP-base-1-HOSTING-FF-015,2027-02-28,VENDOR_INVOICE,3600.0000,base,base-02-PAYMENT_REQUEST-AP-base-1-HOSTING-FF-015,foundry-field,0.0000,2027
ILLUSTRATIVE_FIFO_WITHIN_FLOW_NOT_ACTUAL_PAYMENT,OPERATING,2027-02-28,SHI,1800.0000,,ENT-base-0000629,2,OB-base-ENT-base-0000629-2118,AP-base-1-HOSTING-FF-016,2027-02-28,VENDOR_INVOICE,1800.0000,base,base-02-PAYMENT_REQUEST-AP-base-1-HOSTING-FF-016,foundry-field,0.0000,2027
ILLUSTRATIVE_FIFO_WITHIN_FLOW_NOT_ACTUAL_PAYMENT,OPERATING,2027-02-28,SHI,2400.0000,,ENT-base-0000630,2,OB-base-ENT-base-0000630-2120,AP-base-1-HOSTING-FF-017,2027-02-28,VENDOR_INVOICE,2400.0000,base,base-02-PAYMENT_REQUEST-AP-base-1-HOSTING-FF-017,foundry-field,0.0000,2027
ILLUSTRATIVE_FIFO_WITHIN_FLOW_NOT_ACTUAL_PAYMENT,OPERATING,2027-02-28,SHI,3000.0000,,ENT-base-0000631,2,OB-base-ENT-base-0000631-2122,AP-base-1-HOSTING-FF-018,2027-02-28,VENDOR_INVOICE,3000.0000,base,base-02-PAYMENT_REQUEST-AP-base-1-HOSTING-FF-018,foundry-field,0.0000,2027
ILLUSTRATIVE_FIFO_WITHIN_FLOW_NOT_ACTUAL_PAYMENT,OPERATING,2027-02-28,SHI,3600.0000,,ENT-base-0000632,2,OB-base-ENT-base-0000632-2124,AP-base-1-HOSTING-FF-019,2027-02-28,VENDOR_INVOICE,3600.0000,base,base-02-PAYMENT_REQUEST-AP-base-1-HOSTING-FF-019,foundry-field,0.0000,2027
ILLUSTRATIVE_FIFO_WITHIN_FLOW_NOT_ACTUAL_PAYMENT,OPERATING,2027-02-28,SHI,1800.0000,,ENT-base-0000633,2,OB-base-ENT-base-0000633-2126,AP-base-1-HOSTING-FF-020,2027-02-28,VENDOR_INVOICE,1800.0000,base,base-02-PAYMENT_REQUEST-AP-base-1-HOSTING-FF-020,foundry-field,0.0000,2027
ILLUSTRATIVE_FIFO_WITHIN_FLOW_NOT_ACTUAL_PAYMENT,OPERATING,2027-02-28,SHI,2400.0000,,ENT-base-0000634,2,OB-base-ENT-base-0000634-2128,AP-base-1-HOSTING-FF-021,2027-02-28,VENDOR_INVOICE,2400.0000,base,base-02-PAYMENT_REQUEST-AP-base-1-HOSTING-FF-021,foundry-field,0.0000,2027
ILLUSTRATIVE_FIFO_WITHIN_FLOW_NOT_ACTUAL_PAYMENT,OPERATING,2027-02-28,SHI,3000.0000,,ENT-base-0000635,2,OB-base-ENT-base-0000635-2130,AP-base-1-HOSTING-FF-022,2027-02-28,VENDOR_INVOICE,3000.0000,base,base-02-PAYMENT_REQUEST-AP-base-1-HOSTING-FF-022,foundry-field,0.0000,2027
ILLUSTRATIVE_FIFO_WITHIN_FLOW_NOT_ACTUAL_PAYMENT,OPERATING,2027-02-28,SHI,3600.0000,,ENT-base-0000636,2,OB-base-ENT-base-0000636-2132,AP-base-1-HOSTING-FF-023,2027-02-28,VENDOR_INVOICE,3600.0000,base,base-02-PAYMENT_REQUEST-AP-base-1-HOSTING-FF-023,foundry-field,0.0000,2027
ILLUSTRATIVE_FIFO_WITHIN_FLOW_NOT_ACTUAL_PAYMENT,OPERATING,2027-02-28,SHI,1800.0000,,ENT-base-0000637,2,OB-base-ENT-base-0000637-2134,AP-base-1-HOSTING-FF-024,2027-02-28,VENDOR_INVOICE,1800.0000,base,base-02-PAYMENT_REQUEST-AP-base-1-HOSTING-FF-024,foundry-field,0.0000,2027
ILLUSTRATIVE_FIFO_WITHIN_FLOW_NOT_ACTUAL_PAYMENT,OPERATING,2027-02-28,SHI,2400.0000,,ENT-base-0000638,2,OB-base-ENT-base-0000638-2136,AP-base-1-HOSTING-FF-025,2027-02-28,VENDOR_INVOICE,2400.0000,base,base-02-PAYMENT_REQUEST-AP-base-1-HOSTING-FF-025,foundry-field,0.0000,2027
ILLUSTRATIVE_FIFO_WITHIN_FLOW_NOT_ACTUAL_PAYMENT,OPERATING,2027-02-28,SHI,3000.0000,,ENT-base-0000639,2,OB-base-ENT-base-0000639-2138,AP-base-1-HOSTING-FF-026,2027-02-28,VENDOR_INVOICE,3000.0000,base,base-02-PAYMENT_REQUEST-AP-base-1-HOSTING-FF-026,foundry-field,0.0000,2027
ILLUSTRATIVE_FIFO_WITHIN_FLOW_NOT_ACTUAL_PAYMENT,OPERATING,2027-02-28,SHI,3600.0000,,ENT-base-0000640,2,OB-base-ENT-base-0000640-2140,AP-base-1-HOSTING-FF-027,2027-02-28,VENDOR_INVOICE,3600.0000,base,base-02-PAYMENT_REQUEST-AP-base-1-HOSTING-FF-027,foundry-field,0.0000,2027
ILLUSTRATIVE_FIFO_WITHIN_FLOW_NOT_ACTUAL_PAYMENT,OPERATING,2027-02-28,SHI,1800.0000,,ENT-base-0000641,2,OB-base-ENT-base-0000641-2142,AP-base-1-HOSTING-FF-028,2027-02-28,VENDOR_INVOICE,1800.0000,base,base-02-PAYMENT_REQUEST-AP-base-1-HOSTING-FF-028,foundry-field,0.0000,2027
ILLUSTRATIVE_FIFO_WITHIN_FLOW_NOT_ACTUAL_PAYMENT,OPERATING,2027-02-28,SHI,2400.0000,,ENT-base-0000642,2,OB-base-ENT-base-0000642-2144,AP-base-1-HOSTING-FF-029,2027-02-28,VENDOR_INVOICE,2400.0000,base,base-02-PAYMENT_REQUEST-AP-base-1-HOSTING-FF-029,foundry-field,0.0000,2027
ILLUSTRATIVE_FIFO_WITHIN_FLOW_NOT_ACTUAL_PAYMENT,OPERATING,2027-02-28,SHI,3000.0000,,ENT-base-0000643,2,OB-base-ENT-base-0000643-2146,AP-base-1-HOSTING-FF-030,2027-02-28,VENDOR_INVOICE,3000.0000,base,base-02-PAYMENT_REQUEST-AP-base-1-HOSTING-FF-030,foundry-field,0.0000,2027
ILLUSTRATIVE_FIFO_WITHIN_FLOW_NOT_ACTUAL_PAYMENT,OPERATING,2027-02-28,SHI,3600.0000,,ENT-base-0000644,2,OB-base-ENT-base-0000644-2148,AP-base-1-HOSTING-FF-031,2027-02-28,VENDOR_INVOICE,3600.0000,base,base-02-PAYMENT_REQUEST-AP-base-1-HOSTING-FF-031,foundry-field,0.0000,2027
ILLUSTRATIVE_FIFO_WITHIN_FLOW_NOT_ACTUAL_PAYMENT,OPERATING,2027-02-28,SHI,1800.0000,,ENT-base-0000645,2,OB-base-ENT-base-0000645-2150,AP-base-1-HOSTING-FF-032,2027-02-28,VENDOR_INVOICE,1800.0000,base,base-02-PAYMENT_REQUEST-AP-base-1-HOSTING-FF-032,foundry-field,0.0000,2027
ILLUSTRATIVE_FIFO_WITHIN_FLOW_NOT_ACTUAL_PAYMENT,OPERATING,2027-02-28,SHI,2400.0000,,ENT-base-0000646,2,OB-base-ENT-base-0000646-2152,AP-base-1-HOSTING-FF-033,2027-02-28,VENDOR_INVOICE,2400.0000,base,base-02-PAYMENT_REQUEST-AP-base-1-HOSTING-FF-033,foundry-field,0.0000,2027
ILLUSTRATIVE_FIFO_WITHIN_FLOW_NOT_ACTUAL_PAYMENT,OPERATING,2027-02-28,SHI,3000.0000,,ENT-base-0000647,2,OB-base-ENT-base-0000647-2154,AP-base-1-HOSTING-FF-034,2027-02-28,VENDOR_INVOICE,3000.0000,base,base-02-PAYMENT_REQUEST-AP-base-1-HOSTING-FF-034,foundry-field,0.0000,2027
ILLUSTRATIVE_FIFO_WITHIN_FLOW_NOT_ACTUAL_PAYMENT,OPERATING,2027-02-28,SHI,3600.0000,,ENT-base-0000648,2,OB-base-ENT-base-0000648-2156,AP-base-1-HOSTING-FF-035,2027-02-28,VENDOR_INVOICE,3600.0000,base,base-02-PAYMENT_REQUEST-AP-base-1-HOSTING-FF-035,foundry-field,0.0000,2027
ILLUSTRATIVE_FIFO_WITHIN_FLOW_NOT_ACTUAL_PAYMENT,OPERATING,2027-02-28,SHI,1800.0000,,ENT-base-0000649,2,OB-base-ENT-base-0000649-2158,AP-base-1-HOSTING-FF-036,2027-02-28,VENDOR_INVOICE,1800.0000,base,base-02-PAYMENT_REQUEST-AP-base-1-HOSTING-FF-036,foundry-field,0.0000,2027
ILLUSTRATIVE_FIFO_WITHIN_FLOW_NOT_ACTUAL_PAYMENT,OPERATING,2027-02-28,SHI,1400.0000,,ENT-base-0000650,2,OB-base-ENT-base-0000650-2160,AP-base-1-HOSTING-ATL-LIC-001,2027-02-28,VENDOR_INVOICE,1400.0000,base,base-02-PAYMENT_REQUEST-AP-base-1-HOSTING-ATL-LIC-001,atlas-meridian,0.0000,2027
ILLUSTRATIVE_FIFO_WITHIN_FLOW_NOT_ACTUAL_PAYMENT,OPERATING,2027-02-28,SHI,1400.0000,,ENT-base-0000651,2,OB-base-ENT-base-0000651-2162,AP-base-1-HOSTING-ATL-LIC-013,2027-02-28,VENDOR_INVOICE,1400.0000,base,base-02-PAYMENT_REQUEST-AP-base-1-HOSTING-ATL-LIC-013,atlas-meridian,0.0000,2027
ILLUSTRATIVE_FIFO_WITHIN_FLOW_NOT_ACTUAL_PAYMENT,OPERATING,2027-02-28,SHI,9000.0000,,ENT-base-0000652,2,OB-base-ENT-base-0000652-2164,AP-base-1-WIL-VIBRATION,2027-02-28,VENDOR_INVOICE,9000.0000,base,base-02-PAYMENT_REQUEST-AP-base-1-WIL-VIBRATION,willow,0.0000,2027
ILLUSTRATIVE_FIFO_WITHIN_FLOW_NOT_ACTUAL_PAYMENT,OPERATING,2027-02-28,SHI,7000.0000,,ENT-base-0000653,2,OB-base-ENT-base-0000653-2166,AP-base-1-WIL-RF-FIELD,2027-02-28,VENDOR_INVOICE,7000.0000,base,base-02-PAYMENT_REQUEST-AP-base-1-WIL-RF-FIELD,willow,0.0000,2027
ILLUSTRATIVE_FIFO_WITHIN_FLOW_NOT_ACTUAL_PAYMENT,OPERATING,2027-02-28,SHI,18000.0000,,ENT-base-0000654,2,OB-base-ENT-base-0000654-2168,AP-base-1-WIL-CHEMISTRY,2027-02-28,VENDOR_INVOICE,18000.0000,base,base-02-PAYMENT_REQUEST-AP-base-1-WIL-CHEMISTRY,willow,0.0000,2027
ILLUSTRATIVE_FIFO_WITHIN_FLOW_NOT_ACTUAL_PAYMENT,OPERATING,2027-02-28,SHI,4500.0000,,ENT-base-0000655,2,OB-base-ENT-base-0000655-2170,AP-base-1-WIL-INTERFACE,2027-02-28,VENDOR_INVOICE,4500.0000,base,base-02-PAYMENT_REQUEST-AP-base-1-WIL-INTERFACE,willow,0.0000,2027
ILLUSTRATIVE_FIFO_WITHIN_FLOW_NOT_ACTUAL_PAYMENT,OPERATING,2027-02-28,SHI,8580.0000,,ENT-base-0000656,2,OB-base-ENT-base-0000656-2172,AP-base-1-PROCESS-STREAM17-base-01,2027-02-28,VENDOR_INVOICE,8580.0000,base,base-02-PAYMENT_REQUEST-AP-base-1-PROCESS-STREAM17-base-01,project-cradle,0.0000,2027
ILLUSTRATIVE_FIFO_WITHIN_FLOW_NOT_ACTUAL_PAYMENT,OPERATING,2027-02-28,SHI,18500.0000,,ENT-base-0000657,2,OB-base-ENT-base-0000657-2174,AP-base-1-PROCESS-DEMOTTE-base-01,2027-02-28,VENDOR_INVOICE,18500.0000,base,base-02-PAYMENT_REQUEST-AP-base-1-PROCESS-DEMOTTE-base-01,project-cradle,0.0000,2027
ILLUSTRATIVE_FIFO_WITHIN_FLOW_NOT_ACTUAL_PAYMENT,OPERATING,2027-02-28,SHI,1933333.3280,,ENT-base-0000658,2,OB-base-ENT-base-0000658-2176,,2027-02-28,PAYROLL_BATCH,1933333.3280,base,base-02-PAYROLL_REQUEST-foundry-field,foundry-field,0.0000,2027
ILLUSTRATIVE_FIFO_WITHIN_FLOW_NOT_ACTUAL_PAYMENT,OPERATING,2027-02-28,SHI,524999.9988,,ENT-base-0000659,2,OB-base-ENT-base-0000659-2178,,2027-02-28,PAYROLL_BATCH,524999.9988,base,base-02-PAYROLL_REQUEST-atlas-meridian,atlas-meridian,0.0000,2027
ILLUSTRATIVE_FIFO_WITHIN_FLOW_NOT_ACTUAL_PAYMENT,OPERATING,2027-02-28,SHI,418333.3344,,ENT-base-0000660,2,OB-base-ENT-base-0000660-2180,,2027-02-28,PAYROLL_BATCH,418333.3344,base,base-02-PAYROLL_REQUEST-advisory,advisory,0.0000,2027
ILLUSTRATIVE_FIFO_WITHIN_FLOW_NOT_ACTUAL_PAYMENT,OPERATING,2027-02-28,SHI,295000.0000,,ENT-base-0000661,2,OB-base-ENT-base-0000661-2182,,2027-02-28,PAYROLL_BATCH,295000.0000,base,base-02-PAYROLL_REQUEST-willow,willow,0.0000,2027
ILLUSTRATIVE_FIFO_WITHIN_FLOW_NOT_ACTUAL_PAYMENT,OPERATING,2027-02-28,SHI,187500.0006,,ENT-base-0000662,2,OB-base-ENT-base-0000662-2184,,2027-02-28,PAYROLL_BATCH,187500.0006,base,base-02-PAYROLL_REQUEST-project-cradle,project-cradle,0.0000,2027
ILLUSTRATIVE_FIFO_WITHIN_FLOW_NOT_ACTUAL_PAYMENT,OPERATING,2027-02-28,SHI,2834999.9956,,ENT-base-0000663,2,OB-base-ENT-base-0000663-2186,,2027-02-28,PAYROLL_BATCH,2834999.9956,base,base-02-PAYROLL_REQUEST-corporate,corporate,0.0000,2027
ILLUSTRATIVE_FIFO_WITHIN_FLOW_NOT_ACTUAL_PAYMENT,OPERATING,2027-03-31,SHI,190125.0000,,ENT-base-0000801,3,OB-base-ENT-base-0000801-2513,,2027-03-31,OTHER_OPERATING_REQUEST,190125.0000,base,CORE-INTEREST,corporate,0.0000,2027
ILLUSTRATIVE_FIFO_WITHIN_FLOW_NOT_ACTUAL_PAYMENT,OPERATING,2027-03-31,SHI,113000.0000,,ENT-base-0000809,3,OB-base-ENT-base-0000809-2529,AP-base-2-ESS-FACILITY-VENDORS,2027-03-31,VENDOR_INVOICE,113000.0000,base,base-03-PAYMENT_REQUEST-AP-base-2-ESS-FACILITY-VENDORS,corporate,0.0000,2027
ILLUSTRATIVE_FIFO_WITHIN_FLOW_NOT_ACTUAL_PAYMENT,OPERATING,2027-03-31,SHI,2400.0000,,ENT-base-0000810,3,OB-base-ENT-base-0000810-2531,AP-base-2-HOSTING-FF-001,2027-03-31,VENDOR_INVOICE,2400.0000,base,base-03-PAYMENT_REQUEST-AP-base-2-HOSTING-FF-001,foundry-field,0.0000,2027
ILLUSTRATIVE_FIFO_WITHIN_FLOW_NOT_ACTUAL_PAYMENT,OPERATING,2027-03-31,SHI,3000.0000,,ENT-base-0000811,3,OB-base-ENT-base-0000811-2533,AP-base-2-HOSTING-FF-002,2027-03-31,VENDOR_INVOICE,3000.0000,base,base-03-PAYMENT_REQUEST-AP-base-2-HOSTING-FF-002,foundry-field,0.0000,2027
ILLUSTRATIVE_FIFO_WITHIN_FLOW_NOT_ACTUAL_PAYMENT,OPERATING,2027-03-31,SHI,3600.0000,,ENT-base-0000812,3,OB-base-ENT-base-0000812-2535,AP-base-2-HOSTING-FF-003,2027-03-31,VENDOR_INVOICE,3600.0000,base,base-03-PAYMENT_REQUEST-AP-base-2-HOSTING-FF-003,foundry-field,0.0000,2027
ILLUSTRATIVE_FIFO_WITHIN_FLOW_NOT_ACTUAL_PAYMENT,OPERATING,2027-03-31,SHI,1800.0000,,ENT-base-0000813,3,OB-base-ENT-base-0000813-2537,AP-base-2-HOSTING-FF-004,2027-03-31,VENDOR_INVOICE,1800.0000,base,base-03-PAYMENT_REQUEST-AP-base-2-HOSTING-FF-004,foundry-field,0.0000,2027
ILLUSTRATIVE_FIFO_WITHIN_FLOW_NOT_ACTUAL_PAYMENT,OPERATING,2027-03-31,SHI,2400.0000,,ENT-base-0000814,3,OB-base-ENT-base-0000814-2539,AP-base-2-HOSTING-FF-005,2027-03-31,VENDOR_INVOICE,2400.0000,base,base-03-PAYMENT_REQUEST-AP-base-2-HOSTING-FF-005,foundry-field,0.0000,2027
ILLUSTRATIVE_FIFO_WITHIN_FLOW_NOT_ACTUAL_PAYMENT,OPERATING,2027-03-31,SHI,3000.0000,,ENT-base-0000815,3,OB-base-ENT-base-0000815-2541,AP-base-2-HOSTING-FF-006,2027-03-31,VENDOR_INVOICE,3000.0000,base,base-03-PAYMENT_REQUEST-AP-base-2-HOSTING-FF-006,foundry-field,0.0000,2027
ILLUSTRATIVE_FIFO_WITHIN_FLOW_NOT_ACTUAL_PAYMENT,OPERATING,2027-03-31,SHI,3600.0000,,ENT-base-0000816,3,OB-base-ENT-base-0000816-2543,AP-base-2-HOSTING-FF-007,2027-03-31,VENDOR_INVOICE,3600.0000,base,base-03-PAYMENT_REQUEST-AP-base-2-HOSTING-FF-007,foundry-field,0.0000,2027
ILLUSTRATIVE_FIFO_WITHIN_FLOW_NOT_ACTUAL_PAYMENT,OPERATING,2027-03-31,SHI,1800.0000,,ENT-base-0000817,3,OB-base-ENT-base-0000817-2545,AP-base-2-HOSTING-FF-008,2027-03-31,VENDOR_INVOICE,1800.0000,base,base-03-PAYMENT_REQUEST-AP-base-2-HOSTING-FF-008,foundry-field,0.0000,2027
ILLUSTRATIVE_FIFO_WITHIN_FLOW_NOT_ACTUAL_PAYMENT,OPERATING,2027-03-31,SHI,2400.0000,,ENT-base-0000818,3,OB-base-ENT-base-0000818-2547,AP-base-2-HOSTING-FF-009,2027-03-31,VENDOR_INVOICE,2400.0000,base,base-03-PAYMENT_REQUEST-AP-base-2-HOSTING-FF-009,foundry-field,0.0000,2027
ILLUSTRATIVE_FIFO_WITHIN_FLOW_NOT_ACTUAL_PAYMENT,OPERATING,2027-03-31,SHI,3000.0000,,ENT-base-0000819,3,OB-base-ENT-base-0000819-2549,AP-base-2-HOSTING-FF-010,2027-03-31,VENDOR_INVOICE,3000.0000,base,base-03-PAYMENT_REQUEST-AP-base-2-HOSTING-FF-010,foundry-field,0.0000,2027
ILLUSTRATIVE_FIFO_WITHIN_FLOW_NOT_ACTUAL_PAYMENT,OPERATING,2027-03-31,SHI,3600.0000,,ENT-base-0000820,3,OB-base-ENT-base-0000820-2551,AP-base-2-HOSTING-FF-011,2027-03-31,VENDOR_INVOICE,3600.0000,base,base-03-PAYMENT_REQUEST-AP-base-2-HOSTING-FF-011,foundry-field,0.0000,2027
ILLUSTRATIVE_FIFO_WITHIN_FLOW_NOT_ACTUAL_PAYMENT,OPERATING,2027-03-31,SHI,1800.0000,,ENT-base-0000821,3,OB-base-ENT-base-0000821-2553,AP-base-2-HOSTING-FF-012,2027-03-31,VENDOR_INVOICE,1800.0000,base,base-03-PAYMENT_REQUEST-AP-base-2-HOSTING-FF-012,foundry-field,0.0000,2027
ILLUSTRATIVE_FIFO_WITHIN_FLOW_NOT_ACTUAL_PAYMENT,OPERATING,2027-03-31,SHI,2400.0000,,ENT-base-0000822,3,OB-base-ENT-base-0000822-2555,AP-base-2-HOSTING-FF-013,2027-03-31,VENDOR_INVOICE,2400.0000,base,base-03-PAYMENT_REQUEST-AP-base-2-HOSTING-FF-013,foundry-field,0.0000,2027
ILLUSTRATIVE_FIFO_WITHIN_FLOW_NOT_ACTUAL_PAYMENT,OPERATING,2027-03-31,SHI,3000.0000,,ENT-base-0000823,3,OB-base-ENT-base-0000823-2557,AP-base-2-HOSTING-FF-014,2027-03-31,VENDOR_INVOICE,3000.0000,base,base-03-PAYMENT_REQUEST-AP-base-2-HOSTING-FF-014,foundry-field,0.0000,2027
ILLUSTRATIVE_FIFO_WITHIN_FLOW_NOT_ACTUAL_PAYMENT,OPERATING,2027-03-31,SHI,3600.0000,,ENT-base-0000824,3,OB-base-ENT-base-0000824-2559,AP-base-2-HOSTING-FF-015,2027-03-31,VENDOR_INVOICE,3600.0000,base,base-03-PAYMENT_REQUEST-AP-base-2-HOSTING-FF-015,foundry-field,0.0000,2027
ILLUSTRATIVE_FIFO_WITHIN_FLOW_NOT_ACTUAL_PAYMENT,OPERATING,2027-03-31,SHI,1800.0000,,ENT-base-0000825,3,OB-base-ENT-base-0000825-2561,AP-base-2-HOSTING-FF-016,2027-03-31,VENDOR_INVOICE,1800.0000,base,base-03-PAYMENT_REQUEST-AP-base-2-HOSTING-FF-016,foundry-field,0.0000,2027
ILLUSTRATIVE_FIFO_WITHIN_FLOW_NOT_ACTUAL_PAYMENT,OPERATING,2027-03-31,SHI,2400.0000,,ENT-base-0000826,3,OB-base-ENT-base-0000826-2563,AP-base-2-HOSTING-FF-017,2027-03-31,VENDOR_INVOICE,2400.0000,base,base-03-PAYMENT_REQUEST-AP-base-2-HOSTING-FF-017,foundry-field,0.0000,2027
ILLUSTRATIVE_FIFO_WITHIN_FLOW_NOT_ACTUAL_PAYMENT,OPERATING,2027-03-31,SHI,3000.0000,,ENT-base-0000827,3,OB-base-ENT-base-0000827-2565,AP-base-2-HOSTING-FF-018,2027-03-31,VENDOR_INVOICE,3000.0000,base,base-03-PAYMENT_REQUEST-AP-base-2-HOSTING-FF-018,foundry-field,0.0000,2027
ILLUSTRATIVE_FIFO_WITHIN_FLOW_NOT_ACTUAL_PAYMENT,OPERATING,2027-03-31,SHI,3600.0000,,ENT-base-0000828,3,OB-base-ENT-base-0000828-2567,AP-base-2-HOSTING-FF-019,2027-03-31,VENDOR_INVOICE,3600.0000,base,base-03-PAYMENT_REQUEST-AP-base-2-HOSTING-FF-019,foundry-field,0.0000,2027
ILLUSTRATIVE_FIFO_WITHIN_FLOW_NOT_ACTUAL_PAYMENT,OPERATING,2027-03-31,SHI,1800.0000,,ENT-base-0000829,3,OB-base-ENT-base-0000829-2569,AP-base-2-HOSTING-FF-020,2027-03-31,VENDOR_INVOICE,1800.0000,base,base-03-PAYMENT_REQUEST-AP-base-2-HOSTING-FF-020,foundry-field,0.0000,2027
ILLUSTRATIVE_FIFO_WITHIN_FLOW_NOT_ACTUAL_PAYMENT,OPERATING,2027-03-31,SHI,2400.0000,,ENT-base-0000830,3,OB-base-ENT-base-0000830-2571,AP-base-2-HOSTING-FF-021,2027-03-31,VENDOR_INVOICE,2400.0000,base,base-03-PAYMENT_REQUEST-AP-base-2-HOSTING-FF-021,foundry-field,0.0000,2027
ILLUSTRATIVE_FIFO_WITHIN_FLOW_NOT_ACTUAL_PAYMENT,OPERATING,2027-03-31,SHI,3000.0000,,ENT-base-0000831,3,OB-base-ENT-base-0000831-2573,AP-base-2-HOSTING-FF-022,2027-03-31,VENDOR_INVOICE,3000.0000,base,base-03-PAYMENT_REQUEST-AP-base-2-HOSTING-FF-022,foundry-field,0.0000,2027
ILLUSTRATIVE_FIFO_WITHIN_FLOW_NOT_ACTUAL_PAYMENT,OPERATING,2027-03-31,SHI,3600.0000,,ENT-base-0000832,3,OB-base-ENT-base-0000832-2575,AP-base-2-HOSTING-FF-023,2027-03-31,VENDOR_INVOICE,3600.0000,base,base-03-PAYMENT_REQUEST-AP-base-2-HOSTING-FF-023,foundry-field,0.0000,2027
ILLUSTRATIVE_FIFO_WITHIN_FLOW_NOT_ACTUAL_PAYMENT,OPERATING,2027-03-31,SHI,1800.0000,,ENT-base-0000833,3,OB-base-ENT-base-0000833-2577,AP-base-2-HOSTING-FF-024,2027-03-31,VENDOR_INVOICE,1800.0000,base,base-03-PAYMENT_REQUEST-AP-base-2-HOSTING-FF-024,foundry-field,0.0000,2027
ILLUSTRATIVE_FIFO_WITHIN_FLOW_NOT_ACTUAL_PAYMENT,OPERATING,2027-03-31,SHI,2400.0000,,ENT-base-0000834,3,OB-base-ENT-base-0000834-2579,AP-base-2-HOSTING-FF-025,2027-03-31,VENDOR_INVOICE,2400.0000,base,base-03-PAYMENT_REQUEST-AP-base-2-HOSTING-FF-025,foundry-field,0.0000,2027
ILLUSTRATIVE_FIFO_WITHIN_FLOW_NOT_ACTUAL_PAYMENT,OPERATING,2027-03-31,SHI,3000.0000,,ENT-base-0000835,3,OB-base-ENT-base-0000835-2581,AP-base-2-HOSTING-FF-026,2027-03-31,VENDOR_INVOICE,3000.0000,base,base-03-PAYMENT_REQUEST-AP-base-2-HOSTING-FF-026,foundry-field,0.0000,2027
ILLUSTRATIVE_FIFO_WITHIN_FLOW_NOT_ACTUAL_PAYMENT,OPERATING,2027-03-31,SHI,3600.0000,,ENT-base-0000836,3,OB-base-ENT-base-0000836-2583,AP-base-2-HOSTING-FF-027,2027-03-31,VENDOR_INVOICE,3600.0000,base,base-03-PAYMENT_REQUEST-AP-base-2-HOSTING-FF-027,foundry-field,0.0000,2027
ILLUSTRATIVE_FIFO_WITHIN_FLOW_NOT_ACTUAL_PAYMENT,OPERATING,2027-03-31,SHI,1800.0000,,ENT-base-0000837,3,OB-base-ENT-base-0000837-2585,AP-base-2-HOSTING-FF-028,2027-03-31,VENDOR_INVOICE,1800.0000,base,base-03-PAYMENT_REQUEST-AP-base-2-HOSTING-FF-028,foundry-field,0.0000,2027
ILLUSTRATIVE_FIFO_WITHIN_FLOW_NOT_ACTUAL_PAYMENT,OPERATING,2027-03-31,SHI,2400.0000,,ENT-base-0000838,3,OB-base-ENT-base-0000838-2587,AP-base-2-HOSTING-FF-029,2027-03-31,VENDOR_INVOICE,2400.0000,base,base-03-PAYMENT_REQUEST-AP-base-2-HOSTING-FF-029,foundry-field,0.0000,2027
ILLUSTRATIVE_FIFO_WITHIN_FLOW_NOT_ACTUAL_PAYMENT,OPERATING,2027-03-31,SHI,3000.0000,,ENT-base-0000839,3,OB-base-ENT-base-0000839-2589,AP-base-2-HOSTING-FF-030,2027-03-31,VENDOR_INVOICE,3000.0000,base,base-03-PAYMENT_REQUEST-AP-base-2-HOSTING-FF-030,foundry-field,0.0000,2027
ILLUSTRATIVE_FIFO_WITHIN_FLOW_NOT_ACTUAL_PAYMENT,OPERATING,2027-03-31,SHI,3600.0000,,ENT-base-0000840,3,OB-base-ENT-base-0000840-2591,AP-base-2-HOSTING-FF-031,2027-03-31,VENDOR_INVOICE,3600.0000,base,base-03-PAYMENT_REQUEST-AP-base-2-HOSTING-FF-031,foundry-field,0.0000,2027
ILLUSTRATIVE_FIFO_WITHIN_FLOW_NOT_ACTUAL_PAYMENT,OPERATING,2027-03-31,SHI,1800.0000,,ENT-base-0000841,3,OB-base-ENT-base-0000841-2593,AP-base-2-HOSTING-FF-032,2027-03-31,VENDOR_INVOICE,1800.0000,base,base-03-PAYMENT_REQUEST-AP-base-2-HOSTING-FF-032,foundry-field,0.0000,2027
ILLUSTRATIVE_FIFO_WITHIN_FLOW_NOT_ACTUAL_PAYMENT,OPERATING,2027-03-31,SHI,2400.0000,,ENT-base-0000842,3,OB-base-ENT-base-0000842-2595,AP-base-2-HOSTING-FF-033,2027-03-31,VENDOR_INVOICE,2400.0000,base,base-03-PAYMENT_REQUEST-AP-base-2-HOSTING-FF-033,foundry-field,0.0000,2027
ILLUSTRATIVE_FIFO_WITHIN_FLOW_NOT_ACTUAL_PAYMENT,OPERATING,2027-03-31,SHI,3000.0000,,ENT-base-0000843,3,OB-base-ENT-base-0000843-2597,AP-base-2-HOSTING-FF-034,2027-03-31,VENDOR_INVOICE,3000.0000,base,base-03-PAYMENT_REQUEST-AP-base-2-HOSTING-FF-034,foundry-field,0.0000,2027
ILLUSTRATIVE_FIFO_WITHIN_FLOW_NOT_ACTUAL_PAYMENT,OPERATING,2027-03-31,SHI,3600.0000,,ENT-base-0000844,3,OB-base-ENT-base-0000844-2599,AP-base-2-HOSTING-FF-035,2027-03-31,VENDOR_INVOICE,3600.0000,base,base-03-PAYMENT_REQUEST-AP-base-2-HOSTING-FF-035,foundry-field,0.0000,2027
ILLUSTRATIVE_FIFO_WITHIN_FLOW_NOT_ACTUAL_PAYMENT,OPERATING,2027-03-31,SHI,1800.0000,,ENT-base-0000845,3,OB-base-ENT-base-0000845-2601,AP-base-2-HOSTING-FF-036,2027-03-31,VENDOR_INVOICE,1800.0000,base,base-03-PAYMENT_REQUEST-AP-base-2-HOSTING-FF-036,foundry-field,0.0000,2027
ILLUSTRATIVE_FIFO_WITHIN_FLOW_NOT_ACTUAL_PAYMENT,OPERATING,2027-03-31,SHI,1400.0000,,ENT-base-0000846,3,OB-base-ENT-base-0000846-2603,AP-base-2-HOSTING-ATL-LIC-001,2027-03-31,VENDOR_INVOICE,1400.0000,base,base-03-PAYMENT_REQUEST-AP-base-2-HOSTING-ATL-LIC-001,atlas-meridian,0.0000,2027
ILLUSTRATIVE_FIFO_WITHIN_FLOW_NOT_ACTUAL_PAYMENT,OPERATING,2027-03-31,SHI,1600.0000,,ENT-base-0000847,3,OB-base-ENT-base-0000847-2605,AP-base-2-HOSTING-ATL-LIC-002,2027-03-31,VENDOR_INVOICE,1600.0000,base,base-03-PAYMENT_REQUEST-AP-base-2-HOSTING-ATL-LIC-002,atlas-meridian,0.0000,2027
ILLUSTRATIVE_FIFO_WITHIN_FLOW_NOT_ACTUAL_PAYMENT,OPERATING,2027-03-31,SHI,1400.0000,,ENT-base-0000848,3,OB-base-ENT-base-0000848-2607,AP-base-2-HOSTING-ATL-LIC-013,2027-03-31,VENDOR_INVOICE,1400.0000,base,base-03-PAYMENT_REQUEST-AP-base-2-HOSTING-ATL-LIC-013,atlas-meridian,0.0000,2027
ILLUSTRATIVE_FIFO_WITHIN_FLOW_NOT_ACTUAL_PAYMENT,OPERATING,2027-03-31,SHI,1600.0000,,ENT-base-0000849,3,OB-base-ENT-base-0000849-2609,AP-base-2-HOSTING-ATL-LIC-014,2027-03-31,VENDOR_INVOICE,1600.0000,base,base-03-PAYMENT_REQUEST-AP-base-2-HOSTING-ATL-LIC-014,atlas-meridian,0.0000,2027
ILLUSTRATIVE_FIFO_WITHIN_FLOW_NOT_ACTUAL_PAYMENT,OPERATING,2027-03-31,SHI,2100.0000,,ENT-base-0000850,3,OB-base-ENT-base-0000850-2611,AP-base-2-TRAVEL-ADV-2027-01-scope-and-diagnosis,2027-03-31,VENDOR_INVOICE,2100.0000,base,base-03-PAYMENT_REQUEST-AP-base-2-TRAVEL-ADV-2027-01-scope-and-diagnosis,advisory,0.0000,2027
ILLUSTRATIVE_FIFO_WITHIN_FLOW_NOT_ACTUAL_PAYMENT,OPERATING,2027-03-31,SHI,8550.0000,,ENT-base-0000851,3,OB-base-ENT-base-0000851-2613,AP-base-2-COMPUTE-ATL-2027-01-evaluated-workflow,2027-03-31,VENDOR_INVOICE,8550.0000,base,base-03-PAYMENT_REQUEST-AP-base-2-COMPUTE-ATL-2027-01-evaluated-workflow,atlas-meridian,0.0000,2027
ILLUSTRATIVE_FIFO_WITHIN_FLOW_NOT_ACTUAL_PAYMENT,OPERATING,2027-03-31,SHI,9000.0000,,ENT-base-0000852,3,OB-base-ENT-base-0000852-2615,AP-base-2-WIL-VIBRATION,2027-03-31,VENDOR_INVOICE,9000.0000,base,base-03-PAYMENT_REQUEST-AP-base-2-WIL-VIBRATION,willow,0.0000,2027
ILLUSTRATIVE_FIFO_WITHIN_FLOW_NOT_ACTUAL_PAYMENT,OPERATING,2027-03-31,SHI,7000.0000,,ENT-base-0000853,3,OB-base-ENT-base-0000853-2617,AP-base-2-WIL-RF-FIELD,2027-03-31,VENDOR_INVOICE,7000.0000,base,base-03-PAYMENT_REQUEST-AP-base-2-WIL-RF-FIELD,willow,0.0000,2027
ILLUSTRATIVE_FIFO_WITHIN_FLOW_NOT_ACTUAL_PAYMENT,OPERATING,2027-03-31,SHI,18000.0000,,ENT-base-0000854,3,OB-base-ENT-base-0000854-2619,AP-base-2-WIL-CHEMISTRY,2027-03-31,VENDOR_INVOICE,18000.0000,base,base-03-PAYMENT_REQUEST-AP-base-2-WIL-CHEMISTRY,willow,0.0000,2027
ILLUSTRATIVE_FIFO_WITHIN_FLOW_NOT_ACTUAL_PAYMENT,OPERATING,2027-03-31,SHI,4500.0000,,ENT-base-0000855,3,OB-base-ENT-base-0000855-2621,AP-base-2-WIL-INTERFACE,2027-03-31,VENDOR_INVOICE,4500.0000,base,base-03-PAYMENT_REQUEST-AP-base-2-WIL-INTERFACE,willow,0.0000,2027
ILLUSTRATIVE_FIFO_WITHIN_FLOW_NOT_ACTUAL_PAYMENT,OPERATING,2027-03-31,SHI,8580.0000,,ENT-base-0000856,3,OB-base-ENT-base-0000856-2623,AP-base-2-PROCESS-STREAM17-base-02,2027-03-31,VENDOR_INVOICE,8580.0000,base,base-03-PAYMENT_REQUEST-AP-base-2-PROCESS-STREAM17-base-02,project-cradle,0.0000,2027
ILLUSTRATIVE_FIFO_WITHIN_FLOW_NOT_ACTUAL_PAYMENT,OPERATING,2027-03-31,SHI,18500.0000,,ENT-base-0000857,3,OB-base-ENT-base-0000857-2625,AP-base-2-PROCESS-DEMOTTE-base-02,2027-03-31,VENDOR_INVOICE,18500.0000,base,base-03-PAYMENT_REQUEST-AP-base-2-PROCESS-DEMOTTE-base-02,project-cradle,0.0000,2027
ILLUSTRATIVE_FIFO_WITHIN_FLOW_NOT_ACTUAL_PAYMENT,OPERATING,2027-03-31,SHI,3979.8000,,ENT-base-0000858,3,OB-base-ENT-base-0000858-2627,AP-base-2-FREIGHT-STREAM17-base-01,2027-03-31,VENDOR_INVOICE,3979.8000,base,base-03-PAYMENT_REQUEST-AP-base-2-FREIGHT-STREAM17-base-01,project-cradle,0.0000,2027
ILLUSTRATIVE_FIFO_WITHIN_FLOW_NOT_ACTUAL_PAYMENT,OPERATING,2027-03-31,SHI,1933333.3280,,ENT-base-0000859,3,OB-base-ENT-base-0000859-2629,,2027-03-31,PAYROLL_BATCH,1933333.3280,base,base-03-PAYROLL_REQUEST-foundry-field,foundry-field,0.0000,2027
ILLUSTRATIVE_FIFO_WITHIN_FLOW_NOT_ACTUAL_PAYMENT,OPERATING,2027-03-31,SHI,524999.9988,,ENT-base-0000860,3,OB-base-ENT-base-0000860-2631,,2027-03-31,PAYROLL_BATCH,524999.9988,base,base-03-PAYROLL_REQUEST-atlas-meridian,atlas-meridian,0.0000,2027
ILLUSTRATIVE_FIFO_WITHIN_FLOW_NOT_ACTUAL_PAYMENT,OPERATING,2027-03-31,SHI,418333.3344,,ENT-base-0000861,3,OB-base-ENT-base-0000861-2633,,2027-03-31,PAYROLL_BATCH,418333.3344,base,base-03-PAYROLL_REQUEST-advisory,advisory,0.0000,2027
ILLUSTRATIVE_FIFO_WITHIN_FLOW_NOT_ACTUAL_PAYMENT,OPERATING,2027-03-31,SHI,295000.0000,,ENT-base-0000862,3,OB-base-ENT-base-0000862-2635,,2027-03-31,PAYROLL_BATCH,295000.0000,base,base-03-PAYROLL_REQUEST-willow,willow,0.0000,2027
ILLUSTRATIVE_FIFO_WITHIN_FLOW_NOT_ACTUAL_PAYMENT,OPERATING,2027-03-31,SHI,187500.0006,,ENT-base-0000863,3,OB-base-ENT-base-0000863-2637,,2027-03-31,PAYROLL_BATCH,187500.0006,base,base-03-PAYROLL_REQUEST-project-cradle,project-cradle,0.0000,2027
ILLUSTRATIVE_FIFO_WITHIN_FLOW_NOT_ACTUAL_PAYMENT,OPERATING,2027-03-31,SHI,2834999.9956,,ENT-base-0000864,3,OB-base-ENT-base-0000864-2639,,2027-03-31,PAYROLL_BATCH,2834999.9956,base,base-03-PAYROLL_REQUEST-corporate,corporate,0.0000,2027
ILLUSTRATIVE_FIFO_WITHIN_FLOW_NOT_ACTUAL_PAYMENT,OPERATING,2027-04-30,SHI,189583.3333,,ENT-base-0001014,4,OB-base-ENT-base-0001014-2987,,2027-04-30,OTHER_OPERATING_REQUEST,189583.3333,base,CORE-INTEREST,corporate,0.0000,2027
ILLUSTRATIVE_FIFO_WITHIN_FLOW_NOT_ACTUAL_PAYMENT,OPERATING,2027-04-30,SHI,113000.0000,,ENT-base-0001024,4,OB-base-ENT-base-0001024-3007,AP-base-3-ESS-FACILITY-VENDORS,2027-04-30,VENDOR_INVOICE,113000.0000,base,base-04-PAYMENT_REQUEST-AP-base-3-ESS-FACILITY-VENDORS,corporate,0.0000,2027
ILLUSTRATIVE_FIFO_WITHIN_FLOW_NOT_ACTUAL_PAYMENT,OPERATING,2027-04-30,SHI,2400.0000,,ENT-base-0001025,4,OB-base-ENT-base-0001025-3009,AP-base-3-HOSTING-FF-001,2027-04-30,VENDOR_INVOICE,2400.0000,base,base-04-PAYMENT_REQUEST-AP-base-3-HOSTING-FF-001,foundry-field,0.0000,2027
ILLUSTRATIVE_FIFO_WITHIN_FLOW_NOT_ACTUAL_PAYMENT,OPERATING,2027-04-30,SHI,3000.0000,,ENT-base-0001026,4,OB-base-ENT-base-0001026-3011,AP-base-3-HOSTING-FF-002,2027-04-30,VENDOR_INVOICE,3000.0000,base,base-04-PAYMENT_REQUEST-AP-base-3-HOSTING-FF-002,foundry-field,0.0000,2027
ILLUSTRATIVE_FIFO_WITHIN_FLOW_NOT_ACTUAL_PAYMENT,OPERATING,2027-04-30,SHI,3600.0000,,ENT-base-0001027,4,OB-base-ENT-base-0001027-3013,AP-base-3-HOSTING-FF-003,2027-04-30,VENDOR_INVOICE,3600.0000,base,base-04-PAYMENT_REQUEST-AP-base-3-HOSTING-FF-003,foundry-field,0.0000,2027
ILLUSTRATIVE_FIFO_WITHIN_FLOW_NOT_ACTUAL_PAYMENT,OPERATING,2027-04-30,SHI,1800.0000,,ENT-base-0001028,4,OB-base-ENT-base-0001028-3015,AP-base-3-HOSTING-FF-004,2027-04-30,VENDOR_INVOICE,1800.0000,base,base-04-PAYMENT_REQUEST-AP-base-3-HOSTING-FF-004,foundry-field,0.0000,2027
ILLUSTRATIVE_FIFO_WITHIN_FLOW_NOT_ACTUAL_PAYMENT,OPERATING,2027-04-30,SHI,2400.0000,,ENT-base-0001029,4,OB-base-ENT-base-0001029-3017,AP-base-3-HOSTING-FF-005,2027-04-30,VENDOR_INVOICE,2400.0000,base,base-04-PAYMENT_REQUEST-AP-base-3-HOSTING-FF-005,foundry-field,0.0000,2027
ILLUSTRATIVE_FIFO_WITHIN_FLOW_NOT_ACTUAL_PAYMENT,OPERATING,2027-04-30,SHI,3000.0000,,ENT-base-0001030,4,OB-base-ENT-base-0001030-3019,AP-base-3-HOSTING-FF-006,2027-04-30,VENDOR_INVOICE,3000.0000,base,base-04-PAYMENT_REQUEST-AP-base-3-HOSTING-FF-006,foundry-field,0.0000,2027
ILLUSTRATIVE_FIFO_WITHIN_FLOW_NOT_ACTUAL_PAYMENT,OPERATING,2027-04-30,SHI,3600.0000,,ENT-base-0001031,4,OB-base-ENT-base-0001031-3021,AP-base-3-HOSTING-FF-007,2027-04-30,VENDOR_INVOICE,3600.0000,base,base-04-PAYMENT_REQUEST-AP-base-3-HOSTING-FF-007,foundry-field,0.0000,2027
ILLUSTRATIVE_FIFO_WITHIN_FLOW_NOT_ACTUAL_PAYMENT,OPERATING,2027-04-30,SHI,1800.0000,,ENT-base-0001032,4,OB-base-ENT-base-0001032-3023,AP-base-3-HOSTING-FF-008,2027-04-30,VENDOR_INVOICE,1800.0000,base,base-04-PAYMENT_REQUEST-AP-base-3-HOSTING-FF-008,foundry-field,0.0000,2027
ILLUSTRATIVE_FIFO_WITHIN_FLOW_NOT_ACTUAL_PAYMENT,OPERATING,2027-04-30,SHI,2400.0000,,ENT-base-0001033,4,OB-base-ENT-base-0001033-3025,AP-base-3-HOSTING-FF-009,2027-04-30,VENDOR_INVOICE,2400.0000,base,base-04-PAYMENT_REQUEST-AP-base-3-HOSTING-FF-009,foundry-field,0.0000,2027
ILLUSTRATIVE_FIFO_WITHIN_FLOW_NOT_ACTUAL_PAYMENT,OPERATING,2027-04-30,SHI,3000.0000,,ENT-base-0001034,4,OB-base-ENT-base-0001034-3027,AP-base-3-HOSTING-FF-010,2027-04-30,VENDOR_INVOICE,3000.0000,base,base-04-PAYMENT_REQUEST-AP-base-3-HOSTING-FF-010,foundry-field,0.0000,2027
ILLUSTRATIVE_FIFO_WITHIN_FLOW_NOT_ACTUAL_PAYMENT,OPERATING,2027-04-30,SHI,3600.0000,,ENT-base-0001035,4,OB-base-ENT-base-0001035-3029,AP-base-3-HOSTING-FF-011,2027-04-30,VENDOR_INVOICE,3600.0000,base,base-04-PAYMENT_REQUEST-AP-base-3-HOSTING-FF-011,foundry-field,0.0000,2027
ILLUSTRATIVE_FIFO_WITHIN_FLOW_NOT_ACTUAL_PAYMENT,OPERATING,2027-04-30,SHI,1800.0000,,ENT-base-0001036,4,OB-base-ENT-base-0001036-3031,AP-base-3-HOSTING-FF-012,2027-04-30,VENDOR_INVOICE,1800.0000,base,base-04-PAYMENT_REQUEST-AP-base-3-HOSTING-FF-012,foundry-field,0.0000,2027
ILLUSTRATIVE_FIFO_WITHIN_FLOW_NOT_ACTUAL_PAYMENT,OPERATING,2027-04-30,SHI,2400.0000,,ENT-base-0001037,4,OB-base-ENT-base-0001037-3033,AP-base-3-HOSTING-FF-013,2027-04-30,VENDOR_INVOICE,2400.0000,base,base-04-PAYMENT_REQUEST-AP-base-3-HOSTING-FF-013,foundry-field,0.0000,2027
ILLUSTRATIVE_FIFO_WITHIN_FLOW_NOT_ACTUAL_PAYMENT,OPERATING,2027-04-30,SHI,3000.0000,,ENT-base-0001038,4,OB-base-ENT-base-0001038-3035,AP-base-3-HOSTING-FF-014,2027-04-30,VENDOR_INVOICE,3000.0000,base,base-04-PAYMENT_REQUEST-AP-base-3-HOSTING-FF-014,foundry-field,0.0000,2027
ILLUSTRATIVE_FIFO_WITHIN_FLOW_NOT_ACTUAL_PAYMENT,OPERATING,2027-04-30,SHI,3600.0000,,ENT-base-0001039,4,OB-base-ENT-base-0001039-3037,AP-base-3-HOSTING-FF-015,2027-04-30,VENDOR_INVOICE,3600.0000,base,base-04-PAYMENT_REQUEST-AP-base-3-HOSTING-FF-015,foundry-field,0.0000,2027
ILLUSTRATIVE_FIFO_WITHIN_FLOW_NOT_ACTUAL_PAYMENT,OPERATING,2027-04-30,SHI,1800.0000,,ENT-base-0001040,4,OB-base-ENT-base-0001040-3039,AP-base-3-HOSTING-FF-016,2027-04-30,VENDOR_INVOICE,1800.0000,base,base-04-PAYMENT_REQUEST-AP-base-3-HOSTING-FF-016,foundry-field,0.0000,2027
ILLUSTRATIVE_FIFO_WITHIN_FLOW_NOT_ACTUAL_PAYMENT,OPERATING,2027-04-30,SHI,2400.0000,,ENT-base-0001041,4,OB-base-ENT-base-0001041-3041,AP-base-3-HOSTING-FF-017,2027-04-30,VENDOR_INVOICE,2400.0000,base,base-04-PAYMENT_REQUEST-AP-base-3-HOSTING-FF-017,foundry-field,0.0000,2027
ILLUSTRATIVE_FIFO_WITHIN_FLOW_NOT_ACTUAL_PAYMENT,OPERATING,2027-04-30,SHI,3000.0000,,ENT-base-0001042,4,OB-base-ENT-base-0001042-3043,AP-base-3-HOSTING-FF-018,2027-04-30,VENDOR_INVOICE,3000.0000,base,base-04-PAYMENT_REQUEST-AP-base-3-HOSTING-FF-018,foundry-field,0.0000,2027
ILLUSTRATIVE_FIFO_WITHIN_FLOW_NOT_ACTUAL_PAYMENT,OPERATING,2027-04-30,SHI,3600.0000,,ENT-base-0001043,4,OB-base-ENT-base-0001043-3045,AP-base-3-HOSTING-FF-019,2027-04-30,VENDOR_INVOICE,3600.0000,base,base-04-PAYMENT_REQUEST-AP-base-3-HOSTING-FF-019,foundry-field,0.0000,2027
ILLUSTRATIVE_FIFO_WITHIN_FLOW_NOT_ACTUAL_PAYMENT,OPERATING,2027-04-30,SHI,1800.0000,,ENT-base-0001044,4,OB-base-ENT-base-0001044-3047,AP-base-3-HOSTING-FF-020,2027-04-30,VENDOR_INVOICE,1800.0000,base,base-04-PAYMENT_REQUEST-AP-base-3-HOSTING-FF-020,foundry-field,0.0000,2027
ILLUSTRATIVE_FIFO_WITHIN_FLOW_NOT_ACTUAL_PAYMENT,OPERATING,2027-04-30,SHI,2400.0000,,ENT-base-0001045,4,OB-base-ENT-base-0001045-3049,AP-base-3-HOSTING-FF-021,2027-04-30,VENDOR_INVOICE,2400.0000,base,base-04-PAYMENT_REQUEST-AP-base-3-HOSTING-FF-021,foundry-field,0.0000,2027
ILLUSTRATIVE_FIFO_WITHIN_FLOW_NOT_ACTUAL_PAYMENT,OPERATING,2027-04-30,SHI,3000.0000,,ENT-base-0001046,4,OB-base-ENT-base-0001046-3051,AP-base-3-HOSTING-FF-022,2027-04-30,VENDOR_INVOICE,3000.0000,base,base-04-PAYMENT_REQUEST-AP-base-3-HOSTING-FF-022,foundry-field,0.0000,2027
ILLUSTRATIVE_FIFO_WITHIN_FLOW_NOT_ACTUAL_PAYMENT,OPERATING,2027-04-30,SHI,3600.0000,,ENT-base-0001047,4,OB-base-ENT-base-0001047-3053,AP-base-3-HOSTING-FF-023,2027-04-30,VENDOR_INVOICE,3600.0000,base,base-04-PAYMENT_REQUEST-AP-base-3-HOSTING-FF-023,foundry-field,0.0000,2027
ILLUSTRATIVE_FIFO_WITHIN_FLOW_NOT_ACTUAL_PAYMENT,OPERATING,2027-04-30,SHI,1800.0000,,ENT-base-0001048,4,OB-base-ENT-base-0001048-3055,AP-base-3-HOSTING-FF-024,2027-04-30,VENDOR_INVOICE,1800.0000,base,base-04-PAYMENT_REQUEST-AP-base-3-HOSTING-FF-024,foundry-field,0.0000,2027
ILLUSTRATIVE_FIFO_WITHIN_FLOW_NOT_ACTUAL_PAYMENT,OPERATING,2027-04-30,SHI,2400.0000,,ENT-base-0001049,4,OB-base-ENT-base-0001049-3057,AP-base-3-HOSTING-FF-025,2027-04-30,VENDOR_INVOICE,2400.0000,base,base-04-PAYMENT_REQUEST-AP-base-3-HOSTING-FF-025,foundry-field,0.0000,2027
ILLUSTRATIVE_FIFO_WITHIN_FLOW_NOT_ACTUAL_PAYMENT,OPERATING,2027-04-30,SHI,3000.0000,,ENT-base-0001050,4,OB-base-ENT-base-0001050-3059,AP-base-3-HOSTING-FF-026,2027-04-30,VENDOR_INVOICE,3000.0000,base,base-04-PAYMENT_REQUEST-AP-base-3-HOSTING-FF-026,foundry-field,0.0000,2027
ILLUSTRATIVE_FIFO_WITHIN_FLOW_NOT_ACTUAL_PAYMENT,OPERATING,2027-04-30,SHI,3600.0000,,ENT-base-0001051,4,OB-base-ENT-base-0001051-3061,AP-base-3-HOSTING-FF-027,2027-04-30,VENDOR_INVOICE,3600.0000,base,base-04-PAYMENT_REQUEST-AP-base-3-HOSTING-FF-027,foundry-field,0.0000,2027
ILLUSTRATIVE_FIFO_WITHIN_FLOW_NOT_ACTUAL_PAYMENT,OPERATING,2027-04-30,SHI,1800.0000,,ENT-base-0001052,4,OB-base-ENT-base-0001052-3063,AP-base-3-HOSTING-FF-028,2027-04-30,VENDOR_INVOICE,1800.0000,base,base-04-PAYMENT_REQUEST-AP-base-3-HOSTING-FF-028,foundry-field,0.0000,2027
ILLUSTRATIVE_FIFO_WITHIN_FLOW_NOT_ACTUAL_PAYMENT,OPERATING,2027-04-30,SHI,2400.0000,,ENT-base-0001053,4,OB-base-ENT-base-0001053-3065,AP-base-3-HOSTING-FF-029,2027-04-30,VENDOR_INVOICE,2400.0000,base,base-04-PAYMENT_REQUEST-AP-base-3-HOSTING-FF-029,foundry-field,0.0000,2027
ILLUSTRATIVE_FIFO_WITHIN_FLOW_NOT_ACTUAL_PAYMENT,OPERATING,2027-04-30,SHI,3000.0000,,ENT-base-0001054,4,OB-base-ENT-base-0001054-3067,AP-base-3-HOSTING-FF-030,2027-04-30,VENDOR_INVOICE,3000.0000,base,base-04-PAYMENT_REQUEST-AP-base-3-HOSTING-FF-030,foundry-field,0.0000,2027
ILLUSTRATIVE_FIFO_WITHIN_FLOW_NOT_ACTUAL_PAYMENT,OPERATING,2027-04-30,SHI,3600.0000,,ENT-base-0001055,4,OB-base-ENT-base-0001055-3069,AP-base-3-HOSTING-FF-031,2027-04-30,VENDOR_INVOICE,3600.0000,base,base-04-PAYMENT_REQUEST-AP-base-3-HOSTING-FF-031,foundry-field,0.0000,2027
ILLUSTRATIVE_FIFO_WITHIN_FLOW_NOT_ACTUAL_PAYMENT,OPERATING,2027-04-30,SHI,1800.0000,,ENT-base-0001056,4,OB-base-ENT-base-0001056-3071,AP-base-3-HOSTING-FF-032,2027-04-30,VENDOR_INVOICE,1800.0000,base,base-04-PAYMENT_REQUEST-AP-base-3-HOSTING-FF-032,foundry-field,0.0000,2027
ILLUSTRATIVE_FIFO_WITHIN_FLOW_NOT_ACTUAL_PAYMENT,OPERATING,2027-04-30,SHI,2400.0000,,ENT-base-0001057,4,OB-base-ENT-base-0001057-3073,AP-base-3-HOSTING-FF-033,2027-04-30,VENDOR_INVOICE,2400.0000,base,base-04-PAYMENT_REQUEST-AP-base-3-HOSTING-FF-033,foundry-field,0.0000,2027
ILLUSTRATIVE_FIFO_WITHIN_FLOW_NOT_ACTUAL_PAYMENT,OPERATING,2027-04-30,SHI,3000.0000,,ENT-base-0001058,4,OB-base-ENT-base-0001058-3075,AP-base-3-HOSTING-FF-034,2027-04-30,VENDOR_INVOICE,3000.0000,base,base-04-PAYMENT_REQUEST-AP-base-3-HOSTING-FF-034,foundry-field,0.0000,2027
ILLUSTRATIVE_FIFO_WITHIN_FLOW_NOT_ACTUAL_PAYMENT,OPERATING,2027-04-30,SHI,3600.0000,,ENT-base-0001059,4,OB-base-ENT-base-0001059-3077,AP-base-3-HOSTING-FF-035,2027-04-30,VENDOR_INVOICE,3600.0000,base,base-04-PAYMENT_REQUEST-AP-base-3-HOSTING-FF-035,foundry-field,0.0000,2027
ILLUSTRATIVE_FIFO_WITHIN_FLOW_NOT_ACTUAL_PAYMENT,OPERATING,2027-04-30,SHI,1800.0000,,ENT-base-0001060,4,OB-base-ENT-base-0001060-3079,AP-base-3-HOSTING-FF-036,2027-04-30,VENDOR_INVOICE,1800.0000,base,base-04-PAYMENT_REQUEST-AP-base-3-HOSTING-FF-036,foundry-field,0.0000,2027
ILLUSTRATIVE_FIFO_WITHIN_FLOW_NOT_ACTUAL_PAYMENT,OPERATING,2027-04-30,SHI,1400.0000,,ENT-base-0001061,4,OB-base-ENT-base-0001061-3081,AP-base-3-HOSTING-ATL-LIC-001,2027-04-30,VENDOR_INVOICE,1400.0000,base,base-04-PAYMENT_REQUEST-AP-base-3-HOSTING-ATL-LIC-001,atlas-meridian,0.0000,2027
ILLUSTRATIVE_FIFO_WITHIN_FLOW_NOT_ACTUAL_PAYMENT,OPERATING,2027-04-30,SHI,1600.0000,,ENT-base-0001062,4,OB-base-ENT-base-0001062-3083,AP-base-3-HOSTING-ATL-LIC-002,2027-04-30,VENDOR_INVOICE,1600.0000,base,base-04-PAYMENT_REQUEST-AP-base-3-HOSTING-ATL-LIC-002,atlas-meridian,0.0000,2027
ILLUSTRATIVE_FIFO_WITHIN_FLOW_NOT_ACTUAL_PAYMENT,OPERATING,2027-04-30,SHI,1800.0000,,ENT-base-0001063,4,OB-base-ENT-base-0001063-3085,AP-base-3-HOSTING-ATL-LIC-003,2027-04-30,VENDOR_INVOICE,1800.0000,base,base-04-PAYMENT_REQUEST-AP-base-3-HOSTING-ATL-LIC-003,atlas-meridian,0.0000,2027
ILLUSTRATIVE_FIFO_WITHIN_FLOW_NOT_ACTUAL_PAYMENT,OPERATING,2027-04-30,SHI,1400.0000,,ENT-base-0001064,4,OB-base-ENT-base-0001064-3087,AP-base-3-HOSTING-ATL-LIC-013,2027-04-30,VENDOR_INVOICE,1400.0000,base,base-04-PAYMENT_REQUEST-AP-base-3-HOSTING-ATL-LIC-013,atlas-meridian,0.0000,2027
ILLUSTRATIVE_FIFO_WITHIN_FLOW_NOT_ACTUAL_PAYMENT,OPERATING,2027-04-30,SHI,1600.0000,,ENT-base-0001065,4,OB-base-ENT-base-0001065-3089,AP-base-3-HOSTING-ATL-LIC-014,2027-04-30,VENDOR_INVOICE,1600.0000,base,base-04-PAYMENT_REQUEST-AP-base-3-HOSTING-ATL-LIC-014,atlas-meridian,0.0000,2027
ILLUSTRATIVE_FIFO_WITHIN_FLOW_NOT_ACTUAL_PAYMENT,OPERATING,2027-04-30,SHI,1800.0000,,ENT-base-0001066,4,OB-base-ENT-base-0001066-3091,AP-base-3-HOSTING-ATL-LIC-015,2027-04-30,VENDOR_INVOICE,1800.0000,base,base-04-PAYMENT_REQUEST-AP-base-3-HOSTING-ATL-LIC-015,atlas-meridian,0.0000,2027
ILLUSTRATIVE_FIFO_WITHIN_FLOW_NOT_ACTUAL_PAYMENT,OPERATING,2027-04-30,SHI,4830.0000,,ENT-base-0001067,4,OB-base-ENT-base-0001067-3093,AP-base-3-TRAVEL-ADV-2027-01-workflow-acceptance,2027-04-30,VENDOR_INVOICE,4830.0000,base,base-04-PAYMENT_REQUEST-AP-base-3-TRAVEL-ADV-2027-01-workflow-acceptance,advisory,0.0000,2027
ILLUSTRATIVE_FIFO_WITHIN_FLOW_NOT_ACTUAL_PAYMENT,OPERATING,2027-04-30,SHI,2520.0000,,ENT-base-0001068,4,OB-base-ENT-base-0001068-3095,AP-base-3-TRAVEL-ADV-2027-02-scope-and-diagnosis,2027-04-30,VENDOR_INVOICE,2520.0000,base,base-04-PAYMENT_REQUEST-AP-base-3-TRAVEL-ADV-2027-02-scope-and-diagnosis,advisory,0.0000,2027
ILLUSTRATIVE_FIFO_WITHIN_FLOW_NOT_ACTUAL_PAYMENT,OPERATING,2027-04-30,SHI,5040.0000,,ENT-base-0001069,4,OB-base-ENT-base-0001069-3097,AP-base-3-TRAVEL-ADV-2027-02-workflow-acceptance,2027-04-30,VENDOR_INVOICE,5040.0000,base,base-04-PAYMENT_REQUEST-AP-base-3-TRAVEL-ADV-2027-02-workflow-acceptance,advisory,0.0000,2027
ILLUSTRATIVE_FIFO_WITHIN_FLOW_NOT_ACTUAL_PAYMENT,OPERATING,2027-04-30,SHI,2940.0000,,ENT-base-0001070,4,OB-base-ENT-base-0001070-3099,AP-base-3-TRAVEL-ADV-2027-03-scope-and-diagnosis,2027-04-30,VENDOR_INVOICE,2940.0000,base,base-04-PAYMENT_REQUEST-AP-base-3-TRAVEL-ADV-2027-03-scope-and-diagnosis,advisory,0.0000,2027
ILLUSTRATIVE_FIFO_WITHIN_FLOW_NOT_ACTUAL_PAYMENT,OPERATING,2027-04-30,SHI,3360.0000,,ENT-base-0001071,4,OB-base-ENT-base-0001071-3101,AP-base-3-TRAVEL-ADV-2027-04-scope-and-diagnosis,2027-04-30,VENDOR_INVOICE,3360.0000,base,base-04-PAYMENT_REQUEST-AP-base-3-TRAVEL-ADV-2027-04-scope-and-diagnosis,advisory,0.0000,2027
ILLUSTRATIVE_FIFO_WITHIN_FLOW_NOT_ACTUAL_PAYMENT,OPERATING,2027-04-30,SHI,8550.0000,,ENT-base-0001072,4,OB-base-ENT-base-0001072-3103,AP-base-3-COMPUTE-ATL-2027-02-evaluated-workflow,2027-04-30,VENDOR_INVOICE,8550.0000,base,base-04-PAYMENT_REQUEST-AP-base-3-COMPUTE-ATL-2027-02-evaluated-workflow,atlas-meridian,0.0000,2027
ILLUSTRATIVE_FIFO_WITHIN_FLOW_NOT_ACTUAL_PAYMENT,OPERATING,2027-04-30,SHI,9000.0000,,ENT-base-0001073,4,OB-base-ENT-base-0001073-3105,AP-base-3-WIL-VIBRATION,2027-04-30,VENDOR_INVOICE,9000.0000,base,base-04-PAYMENT_REQUEST-AP-base-3-WIL-VIBRATION,willow,0.0000,2027
ILLUSTRATIVE_FIFO_WITHIN_FLOW_NOT_ACTUAL_PAYMENT,OPERATING,2027-04-30,SHI,7000.0000,,ENT-base-0001074,4,OB-base-ENT-base-0001074-3107,AP-base-3-WIL-RF-FIELD,2027-04-30,VENDOR_INVOICE,7000.0000,base,base-04-PAYMENT_REQUEST-AP-base-3-WIL-RF-FIELD,willow,0.0000,2027
ILLUSTRATIVE_FIFO_WITHIN_FLOW_NOT_ACTUAL_PAYMENT,OPERATING,2027-04-30,SHI,18000.0000,,ENT-base-0001075,4,OB-base-ENT-base-0001075-3109,AP-base-3-WIL-CHEMISTRY,2027-04-30,VENDOR_INVOICE,18000.0000,base,base-04-PAYMENT_REQUEST-AP-base-3-WIL-CHEMISTRY,willow,0.0000,2027
ILLUSTRATIVE_FIFO_WITHIN_FLOW_NOT_ACTUAL_PAYMENT,OPERATING,2027-04-30,SHI,4500.0000,,ENT-base-0001076,4,OB-base-ENT-base-0001076-3111,AP-base-3-WIL-INTERFACE,2027-04-30,VENDOR_INVOICE,4500.0000,base,base-04-PAYMENT_REQUEST-AP-base-3-WIL-INTERFACE,willow,0.0000,2027
ILLUSTRATIVE_FIFO_WITHIN_FLOW_NOT_ACTUAL_PAYMENT,OPERATING,2027-04-30,SHI,8580.0000,,ENT-base-0001077,4,OB-base-ENT-base-0001077-3113,AP-base-3-PROCESS-STREAM17-base-03,2027-04-30,VENDOR_INVOICE,8580.0000,base,base-04-PAYMENT_REQUEST-AP-base-3-PROCESS-STREAM17-base-03,project-cradle,0.0000,2027
ILLUSTRATIVE_FIFO_WITHIN_FLOW_NOT_ACTUAL_PAYMENT,OPERATING,2027-04-30,SHI,4625.0000,,ENT-base-0001078,4,OB-base-ENT-base-0001078-3115,AP-base-3-PROCESS-DEMOTTE-base-03,2027-04-30,VENDOR_INVOICE,4625.0000,base,base-04-PAYMENT_REQUEST-AP-base-3-PROCESS-DEMOTTE-base-03,project-cradle,0.0000,2027
ILLUSTRATIVE_FIFO_WITHIN_FLOW_NOT_ACTUAL_PAYMENT,OPERATING,2027-04-30,SHI,3979.8000,,ENT-base-0001079,4,OB-base-ENT-base-0001079-3117,AP-base-3-FREIGHT-STREAM17-base-02,2027-04-30,VENDOR_INVOICE,3979.8000,base,base-04-PAYMENT_REQUEST-AP-base-3-FREIGHT-STREAM17-base-02,project-cradle,0.0000,2027
ILLUSTRATIVE_FIFO_WITHIN_FLOW_NOT_ACTUAL_PAYMENT,OPERATING,2027-04-30,SHI,19952.0640,INV-base-base-02-DOWNSTREAM_ACCEPTANCE-STREAM17-base-01,ENT-base-0001080,4,OB-base-ENT-base-0001080-3119,,2027-04-30,HOST_SETTLEMENT,19952.0640,base,base-04-HOST_SETTLEMENT_REQUEST-INV-base-base-02-DOWNSTREAM_ACCEPTANCE-STREAM17-base-01-4,project-cradle,0.0000,2027
ILLUSTRATIVE_FIFO_WITHIN_FLOW_NOT_ACTUAL_PAYMENT,OPERATING,2027-04-30,SHI,1933333.3280,,ENT-base-0001081,4,OB-base-ENT-base-0001081-3121,,2027-04-30,PAYROLL_BATCH,1933333.3280,base,base-04-PAYROLL_REQUEST-foundry-field,foundry-field,0.0000,2027
ILLUSTRATIVE_FIFO_WITHIN_FLOW_NOT_ACTUAL_PAYMENT,OPERATING,2027-04-30,SHI,524999.9988,,ENT-base-0001082,4,OB-base-ENT-base-0001082-3123,,2027-04-30,PAYROLL_BATCH,524999.9988,base,base-04-PAYROLL_REQUEST-atlas-meridian,atlas-meridian,0.0000,2027
ILLUSTRATIVE_FIFO_WITHIN_FLOW_NOT_ACTUAL_PAYMENT,OPERATING,2027-04-30,SHI,418333.3344,,ENT-base-0001083,4,OB-base-ENT-base-0001083-3125,,2027-04-30,PAYROLL_BATCH,418333.3344,base,base-04-PAYROLL_REQUEST-advisory,advisory,0.0000,2027
ILLUSTRATIVE_FIFO_WITHIN_FLOW_NOT_ACTUAL_PAYMENT,OPERATING,2027-04-30,SHI,295000.0000,,ENT-base-0001084,4,OB-base-ENT-base-0001084-3127,,2027-04-30,PAYROLL_BATCH,295000.0000,base,base-04-PAYROLL_REQUEST-willow,willow,0.0000,2027
ILLUSTRATIVE_FIFO_WITHIN_FLOW_NOT_ACTUAL_PAYMENT,OPERATING,2027-04-30,SHI,187500.0006,,ENT-base-0001085,4,OB-base-ENT-base-0001085-3129,,2027-04-30,PAYROLL_BATCH,187500.0006,base,base-04-PAYROLL_REQUEST-project-cradle,project-cradle,0.0000,2027
ILLUSTRATIVE_FIFO_WITHIN_FLOW_NOT_ACTUAL_PAYMENT,OPERATING,2027-04-30,SHI,2834999.9956,,ENT-base-0001086,4,OB-base-ENT-base-0001086-3131,,2027-04-30,PAYROLL_BATCH,2834999.9956,base,base-04-PAYROLL_REQUEST-corporate,corporate,0.0000,2027
ILLUSTRATIVE_FIFO_WITHIN_FLOW_NOT_ACTUAL_PAYMENT,OPERATING,2027-05-31,SHI,189041.6667,,ENT-base-0001237,5,OB-base-ENT-base-0001237-3484,,2027-05-31,OTHER_OPERATING_REQUEST,189041.6667,base,CORE-INTEREST,corporate,0.0000,2027
ILLUSTRATIVE_FIFO_WITHIN_FLOW_NOT_ACTUAL_PAYMENT,OPERATING,2027-05-31,SHI,113000.0000,,ENT-base-0001248,5,OB-base-ENT-base-0001248-3506,AP-base-4-ESS-FACILITY-VENDORS,2027-05-31,VENDOR_INVOICE,113000.0000,base,base-05-PAYMENT_REQUEST-AP-base-4-ESS-FACILITY-VENDORS,corporate,0.0000,2027
ILLUSTRATIVE_FIFO_WITHIN_FLOW_NOT_ACTUAL_PAYMENT,OPERATING,2027-05-31,SHI,2400.0000,,ENT-base-0001249,5,OB-base-ENT-base-0001249-3508,AP-base-4-HOSTING-FF-001,2027-05-31,VENDOR_INVOICE,2400.0000,base,base-05-PAYMENT_REQUEST-AP-base-4-HOSTING-FF-001,foundry-field,0.0000,2027
ILLUSTRATIVE_FIFO_WITHIN_FLOW_NOT_ACTUAL_PAYMENT,OPERATING,2027-05-31,SHI,3000.0000,,ENT-base-0001250,5,OB-base-ENT-base-0001250-3510,AP-base-4-HOSTING-FF-002,2027-05-31,VENDOR_INVOICE,3000.0000,base,base-05-PAYMENT_REQUEST-AP-base-4-HOSTING-FF-002,foundry-field,0.0000,2027
ILLUSTRATIVE_FIFO_WITHIN_FLOW_NOT_ACTUAL_PAYMENT,OPERATING,2027-05-31,SHI,3600.0000,,ENT-base-0001251,5,OB-base-ENT-base-0001251-3512,AP-base-4-HOSTING-FF-003,2027-05-31,VENDOR_INVOICE,3600.0000,base,base-05-PAYMENT_REQUEST-AP-base-4-HOSTING-FF-003,foundry-field,0.0000,2027
ILLUSTRATIVE_FIFO_WITHIN_FLOW_NOT_ACTUAL_PAYMENT,OPERATING,2027-05-31,SHI,1800.0000,,ENT-base-0001252,5,OB-base-ENT-base-0001252-3514,AP-base-4-HOSTING-FF-004,2027-05-31,VENDOR_INVOICE,1800.0000,base,base-05-PAYMENT_REQUEST-AP-base-4-HOSTING-FF-004,foundry-field,0.0000,2027
ILLUSTRATIVE_FIFO_WITHIN_FLOW_NOT_ACTUAL_PAYMENT,OPERATING,2027-05-31,SHI,2400.0000,,ENT-base-0001253,5,OB-base-ENT-base-0001253-3516,AP-base-4-HOSTING-FF-005,2027-05-31,VENDOR_INVOICE,2400.0000,base,base-05-PAYMENT_REQUEST-AP-base-4-HOSTING-FF-005,foundry-field,0.0000,2027
ILLUSTRATIVE_FIFO_WITHIN_FLOW_NOT_ACTUAL_PAYMENT,OPERATING,2027-05-31,SHI,3000.0000,,ENT-base-0001254,5,OB-base-ENT-base-0001254-3518,AP-base-4-HOSTING-FF-006,2027-05-31,VENDOR_INVOICE,3000.0000,base,base-05-PAYMENT_REQUEST-AP-base-4-HOSTING-FF-006,foundry-field,0.0000,2027
ILLUSTRATIVE_FIFO_WITHIN_FLOW_NOT_ACTUAL_PAYMENT,OPERATING,2027-05-31,SHI,3600.0000,,ENT-base-0001255,5,OB-base-ENT-base-0001255-3520,AP-base-4-HOSTING-FF-007,2027-05-31,VENDOR_INVOICE,3600.0000,base,base-05-PAYMENT_REQUEST-AP-base-4-HOSTING-FF-007,foundry-field,0.0000,2027
ILLUSTRATIVE_FIFO_WITHIN_FLOW_NOT_ACTUAL_PAYMENT,OPERATING,2027-05-31,SHI,1800.0000,,ENT-base-0001256,5,OB-base-ENT-base-0001256-3522,AP-base-4-HOSTING-FF-008,2027-05-31,VENDOR_INVOICE,1800.0000,base,base-05-PAYMENT_REQUEST-AP-base-4-HOSTING-FF-008,foundry-field,0.0000,2027
ILLUSTRATIVE_FIFO_WITHIN_FLOW_NOT_ACTUAL_PAYMENT,OPERATING,2027-05-31,SHI,2400.0000,,ENT-base-0001257,5,OB-base-ENT-base-0001257-3524,AP-base-4-HOSTING-FF-009,2027-05-31,VENDOR_INVOICE,2400.0000,base,base-05-PAYMENT_REQUEST-AP-base-4-HOSTING-FF-009,foundry-field,0.0000,2027
ILLUSTRATIVE_FIFO_WITHIN_FLOW_NOT_ACTUAL_PAYMENT,OPERATING,2027-05-31,SHI,3000.0000,,ENT-base-0001258,5,OB-base-ENT-base-0001258-3526,AP-base-4-HOSTING-FF-010,2027-05-31,VENDOR_INVOICE,3000.0000,base,base-05-PAYMENT_REQUEST-AP-base-4-HOSTING-FF-010,foundry-field,0.0000,2027
ILLUSTRATIVE_FIFO_WITHIN_FLOW_NOT_ACTUAL_PAYMENT,OPERATING,2027-05-31,SHI,3600.0000,,ENT-base-0001259,5,OB-base-ENT-base-0001259-3528,AP-base-4-HOSTING-FF-011,2027-05-31,VENDOR_INVOICE,3600.0000,base,base-05-PAYMENT_REQUEST-AP-base-4-HOSTING-FF-011,foundry-field,0.0000,2027
ILLUSTRATIVE_FIFO_WITHIN_FLOW_NOT_ACTUAL_PAYMENT,OPERATING,2027-05-31,SHI,1800.0000,,ENT-base-0001260,5,OB-base-ENT-base-0001260-3530,AP-base-4-HOSTING-FF-012,2027-05-31,VENDOR_INVOICE,1800.0000,base,base-05-PAYMENT_REQUEST-AP-base-4-HOSTING-FF-012,foundry-field,0.0000,2027
ILLUSTRATIVE_FIFO_WITHIN_FLOW_NOT_ACTUAL_PAYMENT,OPERATING,2027-05-31,SHI,2400.0000,,ENT-base-0001261,5,OB-base-ENT-base-0001261-3532,AP-base-4-HOSTING-FF-013,2027-05-31,VENDOR_INVOICE,2400.0000,base,base-05-PAYMENT_REQUEST-AP-base-4-HOSTING-FF-013,foundry-field,0.0000,2027
ILLUSTRATIVE_FIFO_WITHIN_FLOW_NOT_ACTUAL_PAYMENT,OPERATING,2027-05-31,SHI,3000.0000,,ENT-base-0001262,5,OB-base-ENT-base-0001262-3534,AP-base-4-HOSTING-FF-014,2027-05-31,VENDOR_INVOICE,3000.0000,base,base-05-PAYMENT_REQUEST-AP-base-4-HOSTING-FF-014,foundry-field,0.0000,2027
ILLUSTRATIVE_FIFO_WITHIN_FLOW_NOT_ACTUAL_PAYMENT,OPERATING,2027-05-31,SHI,3600.0000,,ENT-base-0001263,5,OB-base-ENT-base-0001263-3536,AP-base-4-HOSTING-FF-015,2027-05-31,VENDOR_INVOICE,3600.0000,base,base-05-PAYMENT_REQUEST-AP-base-4-HOSTING-FF-015,foundry-field,0.0000,2027
ILLUSTRATIVE_FIFO_WITHIN_FLOW_NOT_ACTUAL_PAYMENT,OPERATING,2027-05-31,SHI,1800.0000,,ENT-base-0001264,5,OB-base-ENT-base-0001264-3538,AP-base-4-HOSTING-FF-016,2027-05-31,VENDOR_INVOICE,1800.0000,base,base-05-PAYMENT_REQUEST-AP-base-4-HOSTING-FF-016,foundry-field,0.0000,2027
ILLUSTRATIVE_FIFO_WITHIN_FLOW_NOT_ACTUAL_PAYMENT,OPERATING,2027-05-31,SHI,2400.0000,,ENT-base-0001265,5,OB-base-ENT-base-0001265-3540,AP-base-4-HOSTING-FF-017,2027-05-31,VENDOR_INVOICE,2400.0000,base,base-05-PAYMENT_REQUEST-AP-base-4-HOSTING-FF-017,foundry-field,0.0000,2027
ILLUSTRATIVE_FIFO_WITHIN_FLOW_NOT_ACTUAL_PAYMENT,OPERATING,2027-05-31,SHI,3000.0000,,ENT-base-0001266,5,OB-base-ENT-base-0001266-3542,AP-base-4-HOSTING-FF-018,2027-05-31,VENDOR_INVOICE,3000.0000,base,base-05-PAYMENT_REQUEST-AP-base-4-HOSTING-FF-018,foundry-field,0.0000,2027
ILLUSTRATIVE_FIFO_WITHIN_FLOW_NOT_ACTUAL_PAYMENT,OPERATING,2027-05-31,SHI,3600.0000,,ENT-base-0001267,5,OB-base-ENT-base-0001267-3544,AP-base-4-HOSTING-FF-019,2027-05-31,VENDOR_INVOICE,3600.0000,base,base-05-PAYMENT_REQUEST-AP-base-4-HOSTING-FF-019,foundry-field,0.0000,2027
ILLUSTRATIVE_FIFO_WITHIN_FLOW_NOT_ACTUAL_PAYMENT,OPERATING,2027-05-31,SHI,1800.0000,,ENT-base-0001268,5,OB-base-ENT-base-0001268-3546,AP-base-4-HOSTING-FF-020,2027-05-31,VENDOR_INVOICE,1800.0000,base,base-05-PAYMENT_REQUEST-AP-base-4-HOSTING-FF-020,foundry-field,0.0000,2027
ILLUSTRATIVE_FIFO_WITHIN_FLOW_NOT_ACTUAL_PAYMENT,OPERATING,2027-05-31,SHI,2400.0000,,ENT-base-0001269,5,OB-base-ENT-base-0001269-3548,AP-base-4-HOSTING-FF-021,2027-05-31,VENDOR_INVOICE,2400.0000,base,base-05-PAYMENT_REQUEST-AP-base-4-HOSTING-FF-021,foundry-field,0.0000,2027
ILLUSTRATIVE_FIFO_WITHIN_FLOW_NOT_ACTUAL_PAYMENT,OPERATING,2027-05-31,SHI,3000.0000,,ENT-base-0001270,5,OB-base-ENT-base-0001270-3550,AP-base-4-HOSTING-FF-022,2027-05-31,VENDOR_INVOICE,3000.0000,base,base-05-PAYMENT_REQUEST-AP-base-4-HOSTING-FF-022,foundry-field,0.0000,2027
ILLUSTRATIVE_FIFO_WITHIN_FLOW_NOT_ACTUAL_PAYMENT,OPERATING,2027-05-31,SHI,3600.0000,,ENT-base-0001271,5,OB-base-ENT-base-0001271-3552,AP-base-4-HOSTING-FF-023,2027-05-31,VENDOR_INVOICE,3600.0000,base,base-05-PAYMENT_REQUEST-AP-base-4-HOSTING-FF-023,foundry-field,0.0000,2027
ILLUSTRATIVE_FIFO_WITHIN_FLOW_NOT_ACTUAL_PAYMENT,OPERATING,2027-05-31,SHI,1800.0000,,ENT-base-0001272,5,OB-base-ENT-base-0001272-3554,AP-base-4-HOSTING-FF-024,2027-05-31,VENDOR_INVOICE,1800.0000,base,base-05-PAYMENT_REQUEST-AP-base-4-HOSTING-FF-024,foundry-field,0.0000,2027
ILLUSTRATIVE_FIFO_WITHIN_FLOW_NOT_ACTUAL_PAYMENT,OPERATING,2027-05-31,SHI,2400.0000,,ENT-base-0001273,5,OB-base-ENT-base-0001273-3556,AP-base-4-HOSTING-FF-025,2027-05-31,VENDOR_INVOICE,2400.0000,base,base-05-PAYMENT_REQUEST-AP-base-4-HOSTING-FF-025,foundry-field,0.0000,2027
ILLUSTRATIVE_FIFO_WITHIN_FLOW_NOT_ACTUAL_PAYMENT,OPERATING,2027-05-31,SHI,3000.0000,,ENT-base-0001274,5,OB-base-ENT-base-0001274-3558,AP-base-4-HOSTING-FF-026,2027-05-31,VENDOR_INVOICE,3000.0000,base,base-05-PAYMENT_REQUEST-AP-base-4-HOSTING-FF-026,foundry-field,0.0000,2027
ILLUSTRATIVE_FIFO_WITHIN_FLOW_NOT_ACTUAL_PAYMENT,OPERATING,2027-05-31,SHI,3600.0000,,ENT-base-0001275,5,OB-base-ENT-base-0001275-3560,AP-base-4-HOSTING-FF-027,2027-05-31,VENDOR_INVOICE,3600.0000,base,base-05-PAYMENT_REQUEST-AP-base-4-HOSTING-FF-027,foundry-field,0.0000,2027
ILLUSTRATIVE_FIFO_WITHIN_FLOW_NOT_ACTUAL_PAYMENT,OPERATING,2027-05-31,SHI,1800.0000,,ENT-base-0001276,5,OB-base-ENT-base-0001276-3562,AP-base-4-HOSTING-FF-028,2027-05-31,VENDOR_INVOICE,1800.0000,base,base-05-PAYMENT_REQUEST-AP-base-4-HOSTING-FF-028,foundry-field,0.0000,2027
ILLUSTRATIVE_FIFO_WITHIN_FLOW_NOT_ACTUAL_PAYMENT,OPERATING,2027-05-31,SHI,2400.0000,,ENT-base-0001277,5,OB-base-ENT-base-0001277-3564,AP-base-4-HOSTING-FF-029,2027-05-31,VENDOR_INVOICE,2400.0000,base,base-05-PAYMENT_REQUEST-AP-base-4-HOSTING-FF-029,foundry-field,0.0000,2027
ILLUSTRATIVE_FIFO_WITHIN_FLOW_NOT_ACTUAL_PAYMENT,OPERATING,2027-05-31,SHI,3000.0000,,ENT-base-0001278,5,OB-base-ENT-base-0001278-3566,AP-base-4-HOSTING-FF-030,2027-05-31,VENDOR_INVOICE,3000.0000,base,base-05-PAYMENT_REQUEST-AP-base-4-HOSTING-FF-030,foundry-field,0.0000,2027
ILLUSTRATIVE_FIFO_WITHIN_FLOW_NOT_ACTUAL_PAYMENT,OPERATING,2027-05-31,SHI,3600.0000,,ENT-base-0001279,5,OB-base-ENT-base-0001279-3568,AP-base-4-HOSTING-FF-031,2027-05-31,VENDOR_INVOICE,3600.0000,base,base-05-PAYMENT_REQUEST-AP-base-4-HOSTING-FF-031,foundry-field,0.0000,2027
ILLUSTRATIVE_FIFO_WITHIN_FLOW_NOT_ACTUAL_PAYMENT,OPERATING,2027-05-31,SHI,1800.0000,,ENT-base-0001280,5,OB-base-ENT-base-0001280-3570,AP-base-4-HOSTING-FF-032,2027-05-31,VENDOR_INVOICE,1800.0000,base,base-05-PAYMENT_REQUEST-AP-base-4-HOSTING-FF-032,foundry-field,0.0000,2027
ILLUSTRATIVE_FIFO_WITHIN_FLOW_NOT_ACTUAL_PAYMENT,OPERATING,2027-05-31,SHI,2400.0000,,ENT-base-0001281,5,OB-base-ENT-base-0001281-3572,AP-base-4-HOSTING-FF-033,2027-05-31,VENDOR_INVOICE,2400.0000,base,base-05-PAYMENT_REQUEST-AP-base-4-HOSTING-FF-033,foundry-field,0.0000,2027
ILLUSTRATIVE_FIFO_WITHIN_FLOW_NOT_ACTUAL_PAYMENT,OPERATING,2027-05-31,SHI,3000.0000,,ENT-base-0001282,5,OB-base-ENT-base-0001282-3574,AP-base-4-HOSTING-FF-034,2027-05-31,VENDOR_INVOICE,3000.0000,base,base-05-PAYMENT_REQUEST-AP-base-4-HOSTING-FF-034,foundry-field,0.0000,2027
ILLUSTRATIVE_FIFO_WITHIN_FLOW_NOT_ACTUAL_PAYMENT,OPERATING,2027-05-31,SHI,3600.0000,,ENT-base-0001283,5,OB-base-ENT-base-0001283-3576,AP-base-4-HOSTING-FF-035,2027-05-31,VENDOR_INVOICE,3600.0000,base,base-05-PAYMENT_REQUEST-AP-base-4-HOSTING-FF-035,foundry-field,0.0000,2027
ILLUSTRATIVE_FIFO_WITHIN_FLOW_NOT_ACTUAL_PAYMENT,OPERATING,2027-05-31,SHI,1800.0000,,ENT-base-0001284,5,OB-base-ENT-base-0001284-3578,AP-base-4-HOSTING-FF-036,2027-05-31,VENDOR_INVOICE,1800.0000,base,base-05-PAYMENT_REQUEST-AP-base-4-HOSTING-FF-036,foundry-field,0.0000,2027
ILLUSTRATIVE_FIFO_WITHIN_FLOW_NOT_ACTUAL_PAYMENT,OPERATING,2027-05-31,SHI,1400.0000,,ENT-base-0001285,5,OB-base-ENT-base-0001285-3580,AP-base-4-HOSTING-ATL-LIC-001,2027-05-31,VENDOR_INVOICE,1400.0000,base,base-05-PAYMENT_REQUEST-AP-base-4-HOSTING-ATL-LIC-001,atlas-meridian,0.0000,2027
ILLUSTRATIVE_FIFO_WITHIN_FLOW_NOT_ACTUAL_PAYMENT,OPERATING,2027-05-31,SHI,1600.0000,,ENT-base-0001286,5,OB-base-ENT-base-0001286-3582,AP-base-4-HOSTING-ATL-LIC-002,2027-05-31,VENDOR_INVOICE,1600.0000,base,base-05-PAYMENT_REQUEST-AP-base-4-HOSTING-ATL-LIC-002,atlas-meridian,0.0000,2027
ILLUSTRATIVE_FIFO_WITHIN_FLOW_NOT_ACTUAL_PAYMENT,OPERATING,2027-05-31,SHI,1800.0000,,ENT-base-0001287,5,OB-base-ENT-base-0001287-3584,AP-base-4-HOSTING-ATL-LIC-003,2027-05-31,VENDOR_INVOICE,1800.0000,base,base-05-PAYMENT_REQUEST-AP-base-4-HOSTING-ATL-LIC-003,atlas-meridian,0.0000,2027
ILLUSTRATIVE_FIFO_WITHIN_FLOW_NOT_ACTUAL_PAYMENT,OPERATING,2027-05-31,SHI,1200.0000,,ENT-base-0001288,5,OB-base-ENT-base-0001288-3586,AP-base-4-HOSTING-ATL-LIC-004,2027-05-31,VENDOR_INVOICE,1200.0000,base,base-05-PAYMENT_REQUEST-AP-base-4-HOSTING-ATL-LIC-004,atlas-meridian,0.0000,2027
ILLUSTRATIVE_FIFO_WITHIN_FLOW_NOT_ACTUAL_PAYMENT,OPERATING,2027-05-31,SHI,1400.0000,,ENT-base-0001289,5,OB-base-ENT-base-0001289-3588,AP-base-4-HOSTING-ATL-LIC-013,2027-05-31,VENDOR_INVOICE,1400.0000,base,base-05-PAYMENT_REQUEST-AP-base-4-HOSTING-ATL-LIC-013,atlas-meridian,0.0000,2027
ILLUSTRATIVE_FIFO_WITHIN_FLOW_NOT_ACTUAL_PAYMENT,OPERATING,2027-05-31,SHI,1600.0000,,ENT-base-0001290,5,OB-base-ENT-base-0001290-3590,AP-base-4-HOSTING-ATL-LIC-014,2027-05-31,VENDOR_INVOICE,1600.0000,base,base-05-PAYMENT_REQUEST-AP-base-4-HOSTING-ATL-LIC-014,atlas-meridian,0.0000,2027
ILLUSTRATIVE_FIFO_WITHIN_FLOW_NOT_ACTUAL_PAYMENT,OPERATING,2027-05-31,SHI,1800.0000,,ENT-base-0001291,5,OB-base-ENT-base-0001291-3592,AP-base-4-HOSTING-ATL-LIC-015,2027-05-31,VENDOR_INVOICE,1800.0000,base,base-05-PAYMENT_REQUEST-AP-base-4-HOSTING-ATL-LIC-015,atlas-meridian,0.0000,2027
ILLUSTRATIVE_FIFO_WITHIN_FLOW_NOT_ACTUAL_PAYMENT,OPERATING,2027-05-31,SHI,2100.0000,,ENT-base-0001292,5,OB-base-ENT-base-0001292-3594,AP-base-4-TRAVEL-ADV-2027-01-transfer-and-handover,2027-05-31,VENDOR_INVOICE,2100.0000,base,base-05-PAYMENT_REQUEST-AP-base-4-TRAVEL-ADV-2027-01-transfer-and-handover,advisory,0.0000,2027
ILLUSTRATIVE_FIFO_WITHIN_FLOW_NOT_ACTUAL_PAYMENT,OPERATING,2027-05-31,SHI,2520.0000,,ENT-base-0001293,5,OB-base-ENT-base-0001293-3596,AP-base-4-TRAVEL-ADV-2027-02-transfer-and-handover,2027-05-31,VENDOR_INVOICE,2520.0000,base,base-05-PAYMENT_REQUEST-AP-base-4-TRAVEL-ADV-2027-02-transfer-and-handover,advisory,0.0000,2027
ILLUSTRATIVE_FIFO_WITHIN_FLOW_NOT_ACTUAL_PAYMENT,OPERATING,2027-05-31,SHI,2100.0000,,ENT-base-0001294,5,OB-base-ENT-base-0001294-3598,AP-base-4-TRAVEL-ADV-2027-05-scope-and-diagnosis,2027-05-31,VENDOR_INVOICE,2100.0000,base,base-05-PAYMENT_REQUEST-AP-base-4-TRAVEL-ADV-2027-05-scope-and-diagnosis,advisory,0.0000,2027
ILLUSTRATIVE_FIFO_WITHIN_FLOW_NOT_ACTUAL_PAYMENT,OPERATING,2027-05-31,SHI,8550.0000,,ENT-base-0001295,5,OB-base-ENT-base-0001295-3600,AP-base-4-COMPUTE-ATL-2027-01-accepted-transfer,2027-05-31,VENDOR_INVOICE,8550.0000,base,base-05-PAYMENT_REQUEST-AP-base-4-COMPUTE-ATL-2027-01-accepted-transfer,atlas-meridian,0.0000,2027
ILLUSTRATIVE_FIFO_WITHIN_FLOW_NOT_ACTUAL_PAYMENT,OPERATING,2027-05-31,SHI,8550.0000,,ENT-base-0001296,5,OB-base-ENT-base-0001296-3602,AP-base-4-COMPUTE-ATL-2027-03-evaluated-workflow,2027-05-31,VENDOR_INVOICE,8550.0000,base,base-05-PAYMENT_REQUEST-AP-base-4-COMPUTE-ATL-2027-03-evaluated-workflow,atlas-meridian,0.0000,2027
ILLUSTRATIVE_FIFO_WITHIN_FLOW_NOT_ACTUAL_PAYMENT,OPERATING,2027-05-31,SHI,9000.0000,,ENT-base-0001297,5,OB-base-ENT-base-0001297-3604,AP-base-4-WIL-VIBRATION,2027-05-31,VENDOR_INVOICE,9000.0000,base,base-05-PAYMENT_REQUEST-AP-base-4-WIL-VIBRATION,willow,0.0000,2027
ILLUSTRATIVE_FIFO_WITHIN_FLOW_NOT_ACTUAL_PAYMENT,OPERATING,2027-05-31,SHI,7000.0000,,ENT-base-0001298,5,OB-base-ENT-base-0001298-3606,AP-base-4-WIL-RF-FIELD,2027-05-31,VENDOR_INVOICE,7000.0000,base,base-05-PAYMENT_REQUEST-AP-base-4-WIL-RF-FIELD,willow,0.0000,2027
ILLUSTRATIVE_FIFO_WITHIN_FLOW_NOT_ACTUAL_PAYMENT,OPERATING,2027-05-31,SHI,18000.0000,,ENT-base-0001299,5,OB-base-ENT-base-0001299-3608,AP-base-4-WIL-CHEMISTRY,2027-05-31,VENDOR_INVOICE,18000.0000,base,base-05-PAYMENT_REQUEST-AP-base-4-WIL-CHEMISTRY,willow,0.0000,2027
ILLUSTRATIVE_FIFO_WITHIN_FLOW_NOT_ACTUAL_PAYMENT,OPERATING,2027-05-31,SHI,4500.0000,,ENT-base-0001300,5,OB-base-ENT-base-0001300-3610,AP-base-4-WIL-INTERFACE,2027-05-31,VENDOR_INVOICE,4500.0000,base,base-05-PAYMENT_REQUEST-AP-base-4-WIL-INTERFACE,willow,0.0000,2027
ILLUSTRATIVE_FIFO_WITHIN_FLOW_NOT_ACTUAL_PAYMENT,OPERATING,2027-05-31,SHI,8580.0000,,ENT-base-0001301,5,OB-base-ENT-base-0001301-3612,AP-base-4-PROCESS-STREAM17-base-04,2027-05-31,VENDOR_INVOICE,8580.0000,base,base-05-PAYMENT_REQUEST-AP-base-4-PROCESS-STREAM17-base-04,project-cradle,0.0000,2027
ILLUSTRATIVE_FIFO_WITHIN_FLOW_NOT_ACTUAL_PAYMENT,OPERATING,2027-05-31,SHI,18500.0000,,ENT-base-0001302,5,OB-base-ENT-base-0001302-3614,AP-base-4-PROCESS-DEMOTTE-base-04,2027-05-31,VENDOR_INVOICE,18500.0000,base,base-05-PAYMENT_REQUEST-AP-base-4-PROCESS-DEMOTTE-base-04,project-cradle,0.0000,2027
ILLUSTRATIVE_FIFO_WITHIN_FLOW_NOT_ACTUAL_PAYMENT,OPERATING,2027-05-31,SHI,3979.8000,,ENT-base-0001303,5,OB-base-ENT-base-0001303-3616,AP-base-4-FREIGHT-STREAM17-base-03,2027-05-31,VENDOR_INVOICE,3979.8000,base,base-05-PAYMENT_REQUEST-AP-base-4-FREIGHT-STREAM17-base-03,project-cradle,0.0000,2027
ILLUSTRATIVE_FIFO_WITHIN_FLOW_NOT_ACTUAL_PAYMENT,OPERATING,2027-05-31,SHI,19952.0640,INV-base-base-03-DOWNSTREAM_ACCEPTANCE-STREAM17-base-02,ENT-base-0001304,5,OB-base-ENT-base-0001304-3618,,2027-05-31,HOST_SETTLEMENT,19952.0640,base,base-05-HOST_SETTLEMENT_REQUEST-INV-base-base-03-DOWNSTREAM_ACCEPTANCE-STREAM17-base-02-5,project-cradle,0.0000,2027
ILLUSTRATIVE_FIFO_WITHIN_FLOW_NOT_ACTUAL_PAYMENT,OPERATING,2027-05-31,SHI,1933333.3280,,ENT-base-0001305,5,OB-base-ENT-base-0001305-3620,,2027-05-31,PAYROLL_BATCH,1933333.3280,base,base-05-PAYROLL_REQUEST-foundry-field,foundry-field,0.0000,2027
ILLUSTRATIVE_FIFO_WITHIN_FLOW_NOT_ACTUAL_PAYMENT,OPERATING,2027-05-31,SHI,524999.9988,,ENT-base-0001306,5,OB-base-ENT-base-0001306-3622,,2027-05-31,PAYROLL_BATCH,524999.9988,base,base-05-PAYROLL_REQUEST-atlas-meridian,atlas-meridian,0.0000,2027
ILLUSTRATIVE_FIFO_WITHIN_FLOW_NOT_ACTUAL_PAYMENT,OPERATING,2027-05-31,SHI,418333.3344,,ENT-base-0001307,5,OB-base-ENT-base-0001307-3624,,2027-05-31,PAYROLL_BATCH,418333.3344,base,base-05-PAYROLL_REQUEST-advisory,advisory,0.0000,2027
ILLUSTRATIVE_FIFO_WITHIN_FLOW_NOT_ACTUAL_PAYMENT,OPERATING,2027-05-31,SHI,295000.0000,,ENT-base-0001308,5,OB-base-ENT-base-0001308-3626,,2027-05-31,PAYROLL_BATCH,295000.0000,base,base-05-PAYROLL_REQUEST-willow,willow,0.0000,2027
ILLUSTRATIVE_FIFO_WITHIN_FLOW_NOT_ACTUAL_PAYMENT,OPERATING,2027-05-31,SHI,187500.0006,,ENT-base-0001309,5,OB-base-ENT-base-0001309-3628,,2027-05-31,PAYROLL_BATCH,187500.0006,base,base-05-PAYROLL_REQUEST-project-cradle,project-cradle,0.0000,2027
ILLUSTRATIVE_FIFO_WITHIN_FLOW_NOT_ACTUAL_PAYMENT,OPERATING,2027-05-31,SHI,2834999.9956,,ENT-base-0001310,5,OB-base-ENT-base-0001310-3630,,2027-05-31,PAYROLL_BATCH,2834999.9956,base,base-05-PAYROLL_REQUEST-corporate,corporate,0.0000,2027
ILLUSTRATIVE_FIFO_WITHIN_FLOW_NOT_ACTUAL_PAYMENT,OPERATING,2027-05-31,SHI,23000.0000,INV-base-FF-001-TERM-0,ENT-base-0001314,5,OB-base-ENT-base-0001314-3638,,2027-05-31,OTHER_OPERATING_REQUEST,23000.0000,base,base-05-CREDIT_NOTE-SYN-INC-FF-001-INV-base-FF-001-TERM-0,foundry-field,0.0000,2027
ILLUSTRATIVE_FIFO_WITHIN_FLOW_NOT_ACTUAL_PAYMENT,OPERATING,2027-06-30,SHI,188500.0000,,ENT-base-0001460,6,OB-base-ENT-base-0001460-3981,,2027-06-30,OTHER_OPERATING_REQUEST,188500.0000,base,CORE-INTEREST,corporate,0.0000,2027
ILLUSTRATIVE_FIFO_WITHIN_FLOW_NOT_ACTUAL_PAYMENT,OPERATING,2027-06-30,SHI,113000.0000,,ENT-base-0001468,6,OB-base-ENT-base-0001468-3997,AP-base-5-ESS-FACILITY-VENDORS,2027-06-30,VENDOR_INVOICE,113000.0000,base,base-06-PAYMENT_REQUEST-AP-base-5-ESS-FACILITY-VENDORS,corporate,0.0000,2027
ILLUSTRATIVE_FIFO_WITHIN_FLOW_NOT_ACTUAL_PAYMENT,OPERATING,2027-06-30,SHI,2400.0000,,ENT-base-0001469,6,OB-base-ENT-base-0001469-3999,AP-base-5-HOSTING-FF-001,2027-06-30,VENDOR_INVOICE,2400.0000,base,base-06-PAYMENT_REQUEST-AP-base-5-HOSTING-FF-001,foundry-field,0.0000,2027
ILLUSTRATIVE_FIFO_WITHIN_FLOW_NOT_ACTUAL_PAYMENT,OPERATING,2027-06-30,SHI,3000.0000,,ENT-base-0001470,6,OB-base-ENT-base-0001470-4001,AP-base-5-HOSTING-FF-002,2027-06-30,VENDOR_INVOICE,3000.0000,base,base-06-PAYMENT_REQUEST-AP-base-5-HOSTING-FF-002,foundry-field,0.0000,2027
ILLUSTRATIVE_FIFO_WITHIN_FLOW_NOT_ACTUAL_PAYMENT,OPERATING,2027-06-30,SHI,3600.0000,,ENT-base-0001471,6,OB-base-ENT-base-0001471-4003,AP-base-5-HOSTING-FF-003,2027-06-30,VENDOR_INVOICE,3600.0000,base,base-06-PAYMENT_REQUEST-AP-base-5-HOSTING-FF-003,foundry-field,0.0000,2027
ILLUSTRATIVE_FIFO_WITHIN_FLOW_NOT_ACTUAL_PAYMENT,OPERATING,2027-06-30,SHI,1800.0000,,ENT-base-0001472,6,OB-base-ENT-base-0001472-4005,AP-base-5-HOSTING-FF-004,2027-06-30,VENDOR_INVOICE,1800.0000,base,base-06-PAYMENT_REQUEST-AP-base-5-HOSTING-FF-004,foundry-field,0.0000,2027
ILLUSTRATIVE_FIFO_WITHIN_FLOW_NOT_ACTUAL_PAYMENT,OPERATING,2027-06-30,SHI,2400.0000,,ENT-base-0001473,6,OB-base-ENT-base-0001473-4007,AP-base-5-HOSTING-FF-005,2027-06-30,VENDOR_INVOICE,2400.0000,base,base-06-PAYMENT_REQUEST-AP-base-5-HOSTING-FF-005,foundry-field,0.0000,2027
ILLUSTRATIVE_FIFO_WITHIN_FLOW_NOT_ACTUAL_PAYMENT,OPERATING,2027-06-30,SHI,3000.0000,,ENT-base-0001474,6,OB-base-ENT-base-0001474-4009,AP-base-5-HOSTING-FF-006,2027-06-30,VENDOR_INVOICE,3000.0000,base,base-06-PAYMENT_REQUEST-AP-base-5-HOSTING-FF-006,foundry-field,0.0000,2027
ILLUSTRATIVE_FIFO_WITHIN_FLOW_NOT_ACTUAL_PAYMENT,OPERATING,2027-06-30,SHI,3600.0000,,ENT-base-0001475,6,OB-base-ENT-base-0001475-4011,AP-base-5-HOSTING-FF-007,2027-06-30,VENDOR_INVOICE,3600.0000,base,base-06-PAYMENT_REQUEST-AP-base-5-HOSTING-FF-007,foundry-field,0.0000,2027
ILLUSTRATIVE_FIFO_WITHIN_FLOW_NOT_ACTUAL_PAYMENT,OPERATING,2027-06-30,SHI,1800.0000,,ENT-base-0001476,6,OB-base-ENT-base-0001476-4013,AP-base-5-HOSTING-FF-008,2027-06-30,VENDOR_INVOICE,1800.0000,base,base-06-PAYMENT_REQUEST-AP-base-5-HOSTING-FF-008,foundry-field,0.0000,2027
ILLUSTRATIVE_FIFO_WITHIN_FLOW_NOT_ACTUAL_PAYMENT,OPERATING,2027-06-30,SHI,2400.0000,,ENT-base-0001477,6,OB-base-ENT-base-0001477-4015,AP-base-5-HOSTING-FF-009,2027-06-30,VENDOR_INVOICE,2400.0000,base,base-06-PAYMENT_REQUEST-AP-base-5-HOSTING-FF-009,foundry-field,0.0000,2027
ILLUSTRATIVE_FIFO_WITHIN_FLOW_NOT_ACTUAL_PAYMENT,OPERATING,2027-06-30,SHI,3000.0000,,ENT-base-0001478,6,OB-base-ENT-base-0001478-4017,AP-base-5-HOSTING-FF-010,2027-06-30,VENDOR_INVOICE,3000.0000,base,base-06-PAYMENT_REQUEST-AP-base-5-HOSTING-FF-010,foundry-field,0.0000,2027
ILLUSTRATIVE_FIFO_WITHIN_FLOW_NOT_ACTUAL_PAYMENT,OPERATING,2027-06-30,SHI,3600.0000,,ENT-base-0001479,6,OB-base-ENT-base-0001479-4019,AP-base-5-HOSTING-FF-011,2027-06-30,VENDOR_INVOICE,3600.0000,base,base-06-PAYMENT_REQUEST-AP-base-5-HOSTING-FF-011,foundry-field,0.0000,2027
ILLUSTRATIVE_FIFO_WITHIN_FLOW_NOT_ACTUAL_PAYMENT,OPERATING,2027-06-30,SHI,1800.0000,,ENT-base-0001480,6,OB-base-ENT-base-0001480-4021,AP-base-5-HOSTING-FF-012,2027-06-30,VENDOR_INVOICE,1800.0000,base,base-06-PAYMENT_REQUEST-AP-base-5-HOSTING-FF-012,foundry-field,0.0000,2027
ILLUSTRATIVE_FIFO_WITHIN_FLOW_NOT_ACTUAL_PAYMENT,OPERATING,2027-06-30,SHI,2400.0000,,ENT-base-0001481,6,OB-base-ENT-base-0001481-4023,AP-base-5-HOSTING-FF-013,2027-06-30,VENDOR_INVOICE,2400.0000,base,base-06-PAYMENT_REQUEST-AP-base-5-HOSTING-FF-013,foundry-field,0.0000,2027
ILLUSTRATIVE_FIFO_WITHIN_FLOW_NOT_ACTUAL_PAYMENT,OPERATING,2027-06-30,SHI,3000.0000,,ENT-base-0001482,6,OB-base-ENT-base-0001482-4025,AP-base-5-HOSTING-FF-014,2027-06-30,VENDOR_INVOICE,3000.0000,base,base-06-PAYMENT_REQUEST-AP-base-5-HOSTING-FF-014,foundry-field,0.0000,2027
ILLUSTRATIVE_FIFO_WITHIN_FLOW_NOT_ACTUAL_PAYMENT,OPERATING,2027-06-30,SHI,3600.0000,,ENT-base-0001483,6,OB-base-ENT-base-0001483-4027,AP-base-5-HOSTING-FF-015,2027-06-30,VENDOR_INVOICE,3600.0000,base,base-06-PAYMENT_REQUEST-AP-base-5-HOSTING-FF-015,foundry-field,0.0000,2027
ILLUSTRATIVE_FIFO_WITHIN_FLOW_NOT_ACTUAL_PAYMENT,OPERATING,2027-06-30,SHI,1800.0000,,ENT-base-0001484,6,OB-base-ENT-base-0001484-4029,AP-base-5-HOSTING-FF-016,2027-06-30,VENDOR_INVOICE,1800.0000,base,base-06-PAYMENT_REQUEST-AP-base-5-HOSTING-FF-016,foundry-field,0.0000,2027
ILLUSTRATIVE_FIFO_WITHIN_FLOW_NOT_ACTUAL_PAYMENT,OPERATING,2027-06-30,SHI,2400.0000,,ENT-base-0001485,6,OB-base-ENT-base-0001485-4031,AP-base-5-HOSTING-FF-017,2027-06-30,VENDOR_INVOICE,2400.0000,base,base-06-PAYMENT_REQUEST-AP-base-5-HOSTING-FF-017,foundry-field,0.0000,2027
ILLUSTRATIVE_FIFO_WITHIN_FLOW_NOT_ACTUAL_PAYMENT,OPERATING,2027-06-30,SHI,3000.0000,,ENT-base-0001486,6,OB-base-ENT-base-0001486-4033,AP-base-5-HOSTING-FF-018,2027-06-30,VENDOR_INVOICE,3000.0000,base,base-06-PAYMENT_REQUEST-AP-base-5-HOSTING-FF-018,foundry-field,0.0000,2027
ILLUSTRATIVE_FIFO_WITHIN_FLOW_NOT_ACTUAL_PAYMENT,OPERATING,2027-06-30,SHI,3600.0000,,ENT-base-0001487,6,OB-base-ENT-base-0001487-4035,AP-base-5-HOSTING-FF-019,2027-06-30,VENDOR_INVOICE,3600.0000,base,base-06-PAYMENT_REQUEST-AP-base-5-HOSTING-FF-019,foundry-field,0.0000,2027
ILLUSTRATIVE_FIFO_WITHIN_FLOW_NOT_ACTUAL_PAYMENT,OPERATING,2027-06-30,SHI,1800.0000,,ENT-base-0001488,6,OB-base-ENT-base-0001488-4037,AP-base-5-HOSTING-FF-020,2027-06-30,VENDOR_INVOICE,1800.0000,base,base-06-PAYMENT_REQUEST-AP-base-5-HOSTING-FF-020,foundry-field,0.0000,2027
ILLUSTRATIVE_FIFO_WITHIN_FLOW_NOT_ACTUAL_PAYMENT,OPERATING,2027-06-30,SHI,2400.0000,,ENT-base-0001489,6,OB-base-ENT-base-0001489-4039,AP-base-5-HOSTING-FF-021,2027-06-30,VENDOR_INVOICE,2400.0000,base,base-06-PAYMENT_REQUEST-AP-base-5-HOSTING-FF-021,foundry-field,0.0000,2027
ILLUSTRATIVE_FIFO_WITHIN_FLOW_NOT_ACTUAL_PAYMENT,OPERATING,2027-06-30,SHI,3000.0000,,ENT-base-0001490,6,OB-base-ENT-base-0001490-4041,AP-base-5-HOSTING-FF-022,2027-06-30,VENDOR_INVOICE,3000.0000,base,base-06-PAYMENT_REQUEST-AP-base-5-HOSTING-FF-022,foundry-field,0.0000,2027
ILLUSTRATIVE_FIFO_WITHIN_FLOW_NOT_ACTUAL_PAYMENT,OPERATING,2027-06-30,SHI,3600.0000,,ENT-base-0001491,6,OB-base-ENT-base-0001491-4043,AP-base-5-HOSTING-FF-023,2027-06-30,VENDOR_INVOICE,3600.0000,base,base-06-PAYMENT_REQUEST-AP-base-5-HOSTING-FF-023,foundry-field,0.0000,2027
ILLUSTRATIVE_FIFO_WITHIN_FLOW_NOT_ACTUAL_PAYMENT,OPERATING,2027-06-30,SHI,1800.0000,,ENT-base-0001492,6,OB-base-ENT-base-0001492-4045,AP-base-5-HOSTING-FF-024,2027-06-30,VENDOR_INVOICE,1800.0000,base,base-06-PAYMENT_REQUEST-AP-base-5-HOSTING-FF-024,foundry-field,0.0000,2027
ILLUSTRATIVE_FIFO_WITHIN_FLOW_NOT_ACTUAL_PAYMENT,OPERATING,2027-06-30,SHI,2400.0000,,ENT-base-0001493,6,OB-base-ENT-base-0001493-4047,AP-base-5-HOSTING-FF-025,2027-06-30,VENDOR_INVOICE,2400.0000,base,base-06-PAYMENT_REQUEST-AP-base-5-HOSTING-FF-025,foundry-field,0.0000,2027
ILLUSTRATIVE_FIFO_WITHIN_FLOW_NOT_ACTUAL_PAYMENT,OPERATING,2027-06-30,SHI,3000.0000,,ENT-base-0001494,6,OB-base-ENT-base-0001494-4049,AP-base-5-HOSTING-FF-026,2027-06-30,VENDOR_INVOICE,3000.0000,base,base-06-PAYMENT_REQUEST-AP-base-5-HOSTING-FF-026,foundry-field,0.0000,2027
ILLUSTRATIVE_FIFO_WITHIN_FLOW_NOT_ACTUAL_PAYMENT,OPERATING,2027-06-30,SHI,3600.0000,,ENT-base-0001495,6,OB-base-ENT-base-0001495-4051,AP-base-5-HOSTING-FF-027,2027-06-30,VENDOR_INVOICE,3600.0000,base,base-06-PAYMENT_REQUEST-AP-base-5-HOSTING-FF-027,foundry-field,0.0000,2027
ILLUSTRATIVE_FIFO_WITHIN_FLOW_NOT_ACTUAL_PAYMENT,OPERATING,2027-06-30,SHI,1800.0000,,ENT-base-0001496,6,OB-base-ENT-base-0001496-4053,AP-base-5-HOSTING-FF-028,2027-06-30,VENDOR_INVOICE,1800.0000,base,base-06-PAYMENT_REQUEST-AP-base-5-HOSTING-FF-028,foundry-field,0.0000,2027
ILLUSTRATIVE_FIFO_WITHIN_FLOW_NOT_ACTUAL_PAYMENT,OPERATING,2027-06-30,SHI,2400.0000,,ENT-base-0001497,6,OB-base-ENT-base-0001497-4055,AP-base-5-HOSTING-FF-029,2027-06-30,VENDOR_INVOICE,2400.0000,base,base-06-PAYMENT_REQUEST-AP-base-5-HOSTING-FF-029,foundry-field,0.0000,2027
ILLUSTRATIVE_FIFO_WITHIN_FLOW_NOT_ACTUAL_PAYMENT,OPERATING,2027-06-30,SHI,3000.0000,,ENT-base-0001498,6,OB-base-ENT-base-0001498-4057,AP-base-5-HOSTING-FF-030,2027-06-30,VENDOR_INVOICE,3000.0000,base,base-06-PAYMENT_REQUEST-AP-base-5-HOSTING-FF-030,foundry-field,0.0000,2027
ILLUSTRATIVE_FIFO_WITHIN_FLOW_NOT_ACTUAL_PAYMENT,OPERATING,2027-06-30,SHI,3600.0000,,ENT-base-0001499,6,OB-base-ENT-base-0001499-4059,AP-base-5-HOSTING-FF-031,2027-06-30,VENDOR_INVOICE,3600.0000,base,base-06-PAYMENT_REQUEST-AP-base-5-HOSTING-FF-031,foundry-field,0.0000,2027
ILLUSTRATIVE_FIFO_WITHIN_FLOW_NOT_ACTUAL_PAYMENT,OPERATING,2027-06-30,SHI,1800.0000,,ENT-base-0001500,6,OB-base-ENT-base-0001500-4061,AP-base-5-HOSTING-FF-032,2027-06-30,VENDOR_INVOICE,1800.0000,base,base-06-PAYMENT_REQUEST-AP-base-5-HOSTING-FF-032,foundry-field,0.0000,2027
ILLUSTRATIVE_FIFO_WITHIN_FLOW_NOT_ACTUAL_PAYMENT,OPERATING,2027-06-30,SHI,2400.0000,,ENT-base-0001501,6,OB-base-ENT-base-0001501-4063,AP-base-5-HOSTING-FF-033,2027-06-30,VENDOR_INVOICE,2400.0000,base,base-06-PAYMENT_REQUEST-AP-base-5-HOSTING-FF-033,foundry-field,0.0000,2027
ILLUSTRATIVE_FIFO_WITHIN_FLOW_NOT_ACTUAL_PAYMENT,OPERATING,2027-06-30,SHI,3000.0000,,ENT-base-0001502,6,OB-base-ENT-base-0001502-4065,AP-base-5-HOSTING-FF-034,2027-06-30,VENDOR_INVOICE,3000.0000,base,base-06-PAYMENT_REQUEST-AP-base-5-HOSTING-FF-034,foundry-field,0.0000,2027
ILLUSTRATIVE_FIFO_WITHIN_FLOW_NOT_ACTUAL_PAYMENT,OPERATING,2027-06-30,SHI,3600.0000,,ENT-base-0001503,6,OB-base-ENT-base-0001503-4067,AP-base-5-HOSTING-FF-035,2027-06-30,VENDOR_INVOICE,3600.0000,base,base-06-PAYMENT_REQUEST-AP-base-5-HOSTING-FF-035,foundry-field,0.0000,2027
ILLUSTRATIVE_FIFO_WITHIN_FLOW_NOT_ACTUAL_PAYMENT,OPERATING,2027-06-30,SHI,1800.0000,,ENT-base-0001504,6,OB-base-ENT-base-0001504-4069,AP-base-5-HOSTING-FF-036,2027-06-30,VENDOR_INVOICE,1800.0000,base,base-06-PAYMENT_REQUEST-AP-base-5-HOSTING-FF-036,foundry-field,0.0000,2027
ILLUSTRATIVE_FIFO_WITHIN_FLOW_NOT_ACTUAL_PAYMENT,OPERATING,2027-06-30,SHI,1400.0000,,ENT-base-0001505,6,OB-base-ENT-base-0001505-4071,AP-base-5-HOSTING-ATL-LIC-001,2027-06-30,VENDOR_INVOICE,1400.0000,base,base-06-PAYMENT_REQUEST-AP-base-5-HOSTING-ATL-LIC-001,atlas-meridian,0.0000,2027
ILLUSTRATIVE_FIFO_WITHIN_FLOW_NOT_ACTUAL_PAYMENT,OPERATING,2027-06-30,SHI,1600.0000,,ENT-base-0001506,6,OB-base-ENT-base-0001506-4073,AP-base-5-HOSTING-ATL-LIC-002,2027-06-30,VENDOR_INVOICE,1600.0000,base,base-06-PAYMENT_REQUEST-AP-base-5-HOSTING-ATL-LIC-002,atlas-meridian,0.0000,2027
ILLUSTRATIVE_FIFO_WITHIN_FLOW_NOT_ACTUAL_PAYMENT,OPERATING,2027-06-30,SHI,1800.0000,,ENT-base-0001507,6,OB-base-ENT-base-0001507-4075,AP-base-5-HOSTING-ATL-LIC-003,2027-06-30,VENDOR_INVOICE,1800.0000,base,base-06-PAYMENT_REQUEST-AP-base-5-HOSTING-ATL-LIC-003,atlas-meridian,0.0000,2027
ILLUSTRATIVE_FIFO_WITHIN_FLOW_NOT_ACTUAL_PAYMENT,OPERATING,2027-06-30,SHI,1200.0000,,ENT-base-0001508,6,OB-base-ENT-base-0001508-4077,AP-base-5-HOSTING-ATL-LIC-004,2027-06-30,VENDOR_INVOICE,1200.0000,base,base-06-PAYMENT_REQUEST-AP-base-5-HOSTING-ATL-LIC-004,atlas-meridian,0.0000,2027
ILLUSTRATIVE_FIFO_WITHIN_FLOW_NOT_ACTUAL_PAYMENT,OPERATING,2027-06-30,SHI,1400.0000,,ENT-base-0001509,6,OB-base-ENT-base-0001509-4079,AP-base-5-HOSTING-ATL-LIC-005,2027-06-30,VENDOR_INVOICE,1400.0000,base,base-06-PAYMENT_REQUEST-AP-base-5-HOSTING-ATL-LIC-005,atlas-meridian,0.0000,2027
ILLUSTRATIVE_FIFO_WITHIN_FLOW_NOT_ACTUAL_PAYMENT,OPERATING,2027-06-30,SHI,1400.0000,,ENT-base-0001510,6,OB-base-ENT-base-0001510-4081,AP-base-5-HOSTING-ATL-LIC-013,2027-06-30,VENDOR_INVOICE,1400.0000,base,base-06-PAYMENT_REQUEST-AP-base-5-HOSTING-ATL-LIC-013,atlas-meridian,0.0000,2027
ILLUSTRATIVE_FIFO_WITHIN_FLOW_NOT_ACTUAL_PAYMENT,OPERATING,2027-06-30,SHI,1600.0000,,ENT-base-0001511,6,OB-base-ENT-base-0001511-4083,AP-base-5-HOSTING-ATL-LIC-014,2027-06-30,VENDOR_INVOICE,1600.0000,base,base-06-PAYMENT_REQUEST-AP-base-5-HOSTING-ATL-LIC-014,atlas-meridian,0.0000,2027
ILLUSTRATIVE_FIFO_WITHIN_FLOW_NOT_ACTUAL_PAYMENT,OPERATING,2027-06-30,SHI,1800.0000,,ENT-base-0001512,6,OB-base-ENT-base-0001512-4085,AP-base-5-HOSTING-ATL-LIC-015,2027-06-30,VENDOR_INVOICE,1800.0000,base,base-06-PAYMENT_REQUEST-AP-base-5-HOSTING-ATL-LIC-015,atlas-meridian,0.0000,2027
ILLUSTRATIVE_FIFO_WITHIN_FLOW_NOT_ACTUAL_PAYMENT,OPERATING,2027-06-30,SHI,2940.0000,,ENT-base-0001513,6,OB-base-ENT-base-0001513-4087,AP-base-5-TRAVEL-ADV-2027-07-scope-and-diagnosis,2027-06-30,VENDOR_INVOICE,2940.0000,base,base-06-PAYMENT_REQUEST-AP-base-5-TRAVEL-ADV-2027-07-scope-and-diagnosis,advisory,0.0000,2027
ILLUSTRATIVE_FIFO_WITHIN_FLOW_NOT_ACTUAL_PAYMENT,OPERATING,2027-06-30,SHI,3360.0000,,ENT-base-0001514,6,OB-base-ENT-base-0001514-4089,AP-base-5-TRAVEL-ADV-2027-08-scope-and-diagnosis,2027-06-30,VENDOR_INVOICE,3360.0000,base,base-06-PAYMENT_REQUEST-AP-base-5-TRAVEL-ADV-2027-08-scope-and-diagnosis,advisory,0.0000,2027
ILLUSTRATIVE_FIFO_WITHIN_FLOW_NOT_ACTUAL_PAYMENT,OPERATING,2027-06-30,SHI,9832.5000,,ENT-base-0001515,6,OB-base-ENT-base-0001515-4091,AP-base-5-COMPUTE-ATL-2027-02-accepted-transfer,2027-06-30,VENDOR_INVOICE,9832.5000,base,base-06-PAYMENT_REQUEST-AP-base-5-COMPUTE-ATL-2027-02-accepted-transfer,atlas-meridian,0.0000,2027
ILLUSTRATIVE_FIFO_WITHIN_FLOW_NOT_ACTUAL_PAYMENT,OPERATING,2027-06-30,SHI,8550.0000,,ENT-base-0001516,6,OB-base-ENT-base-0001516-4093,AP-base-5-COMPUTE-ATL-2027-04-evaluated-workflow,2027-06-30,VENDOR_INVOICE,8550.0000,base,base-06-PAYMENT_REQUEST-AP-base-5-COMPUTE-ATL-2027-04-evaluated-workflow,atlas-meridian,0.0000,2027
ILLUSTRATIVE_FIFO_WITHIN_FLOW_NOT_ACTUAL_PAYMENT,OPERATING,2027-06-30,SHI,9000.0000,,ENT-base-0001517,6,OB-base-ENT-base-0001517-4095,AP-base-5-WIL-VIBRATION,2027-06-30,VENDOR_INVOICE,9000.0000,base,base-06-PAYMENT_REQUEST-AP-base-5-WIL-VIBRATION,willow,0.0000,2027
ILLUSTRATIVE_FIFO_WITHIN_FLOW_NOT_ACTUAL_PAYMENT,OPERATING,2027-06-30,SHI,7000.0000,,ENT-base-0001518,6,OB-base-ENT-base-0001518-4097,AP-base-5-WIL-RF-FIELD,2027-06-30,VENDOR_INVOICE,7000.0000,base,base-06-PAYMENT_REQUEST-AP-base-5-WIL-RF-FIELD,willow,0.0000,2027
ILLUSTRATIVE_FIFO_WITHIN_FLOW_NOT_ACTUAL_PAYMENT,OPERATING,2027-06-30,SHI,18000.0000,,ENT-base-0001519,6,OB-base-ENT-base-0001519-4099,AP-base-5-WIL-CHEMISTRY,2027-06-30,VENDOR_INVOICE,18000.0000,base,base-06-PAYMENT_REQUEST-AP-base-5-WIL-CHEMISTRY,willow,0.0000,2027
ILLUSTRATIVE_FIFO_WITHIN_FLOW_NOT_ACTUAL_PAYMENT,OPERATING,2027-06-30,SHI,4500.0000,,ENT-base-0001520,6,OB-base-ENT-base-0001520-4101,AP-base-5-WIL-INTERFACE,2027-06-30,VENDOR_INVOICE,4500.0000,base,base-06-PAYMENT_REQUEST-AP-base-5-WIL-INTERFACE,willow,0.0000,2027
ILLUSTRATIVE_FIFO_WITHIN_FLOW_NOT_ACTUAL_PAYMENT,OPERATING,2027-06-30,SHI,8580.0000,,ENT-base-0001521,6,OB-base-ENT-base-0001521-4103,AP-base-5-PROCESS-STREAM17-base-05,2027-06-30,VENDOR_INVOICE,8580.0000,base,base-06-PAYMENT_REQUEST-AP-base-5-PROCESS-STREAM17-base-05,project-cradle,0.0000,2027
ILLUSTRATIVE_FIFO_WITHIN_FLOW_NOT_ACTUAL_PAYMENT,OPERATING,2027-06-30,SHI,18500.0000,,ENT-base-0001522,6,OB-base-ENT-base-0001522-4105,AP-base-5-PROCESS-DEMOTTE-base-05,2027-06-30,VENDOR_INVOICE,18500.0000,base,base-06-PAYMENT_REQUEST-AP-base-5-PROCESS-DEMOTTE-base-05,project-cradle,0.0000,2027
ILLUSTRATIVE_FIFO_WITHIN_FLOW_NOT_ACTUAL_PAYMENT,OPERATING,2027-06-30,SHI,3979.8000,,ENT-base-0001523,6,OB-base-ENT-base-0001523-4107,AP-base-5-FREIGHT-STREAM17-base-04,2027-06-30,VENDOR_INVOICE,3979.8000,base,base-06-PAYMENT_REQUEST-AP-base-5-FREIGHT-STREAM17-base-04,project-cradle,0.0000,2027
ILLUSTRATIVE_FIFO_WITHIN_FLOW_NOT_ACTUAL_PAYMENT,OPERATING,2027-06-30,SHI,19952.0640,INV-base-base-04-DOWNSTREAM_ACCEPTANCE-STREAM17-base-03,ENT-base-0001524,6,OB-base-ENT-base-0001524-4109,,2027-06-30,HOST_SETTLEMENT,19952.0640,base,base-06-HOST_SETTLEMENT_REQUEST-INV-base-base-04-DOWNSTREAM_ACCEPTANCE-STREAM17-base-03-6,project-cradle,0.0000,2027
ILLUSTRATIVE_FIFO_WITHIN_FLOW_NOT_ACTUAL_PAYMENT,OPERATING,2027-06-30,SHI,1933333.3280,,ENT-base-0001525,6,OB-base-ENT-base-0001525-4111,,2027-06-30,PAYROLL_BATCH,1933333.3280,base,base-06-PAYROLL_REQUEST-foundry-field,foundry-field,0.0000,2027
ILLUSTRATIVE_FIFO_WITHIN_FLOW_NOT_ACTUAL_PAYMENT,OPERATING,2027-06-30,SHI,524999.9988,,ENT-base-0001526,6,OB-base-ENT-base-0001526-4113,,2027-06-30,PAYROLL_BATCH,524999.9988,base,base-06-PAYROLL_REQUEST-atlas-meridian,atlas-meridian,0.0000,2027
ILLUSTRATIVE_FIFO_WITHIN_FLOW_NOT_ACTUAL_PAYMENT,OPERATING,2027-06-30,SHI,418333.3344,,ENT-base-0001527,6,OB-base-ENT-base-0001527-4115,,2027-06-30,PAYROLL_BATCH,418333.3344,base,base-06-PAYROLL_REQUEST-advisory,advisory,0.0000,2027
ILLUSTRATIVE_FIFO_WITHIN_FLOW_NOT_ACTUAL_PAYMENT,OPERATING,2027-06-30,SHI,295000.0000,,ENT-base-0001528,6,OB-base-ENT-base-0001528-4117,,2027-06-30,PAYROLL_BATCH,295000.0000,base,base-06-PAYROLL_REQUEST-willow,willow,0.0000,2027
ILLUSTRATIVE_FIFO_WITHIN_FLOW_NOT_ACTUAL_PAYMENT,OPERATING,2027-06-30,SHI,187500.0006,,ENT-base-0001529,6,OB-base-ENT-base-0001529-4119,,2027-06-30,PAYROLL_BATCH,187500.0006,base,base-06-PAYROLL_REQUEST-project-cradle,project-cradle,0.0000,2027
ILLUSTRATIVE_FIFO_WITHIN_FLOW_NOT_ACTUAL_PAYMENT,OPERATING,2027-06-30,SHI,2834999.9956,,ENT-base-0001530,6,OB-base-ENT-base-0001530-4121,,2027-06-30,PAYROLL_BATCH,2834999.9956,base,base-06-PAYROLL_REQUEST-corporate,corporate,0.0000,2027
ILLUSTRATIVE_FIFO_WITHIN_FLOW_NOT_ACTUAL_PAYMENT,OPERATING,2027-06-30,SHI,3000.0000,INV-base-ATL-LIC-001-TERM-0,ENT-base-0001607,6,OB-base-ENT-base-0001607-4275,,2027-06-30,OTHER_OPERATING_REQUEST,3000.0000,base,base-06-CREDIT_NOTE-SYN-INC-ATL-001-INV-base-ATL-LIC-001-TERM-0,atlas-meridian,0.0000,2027
ILLUSTRATIVE_FIFO_WITHIN_FLOW_NOT_ACTUAL_PAYMENT,OPERATING,2027-07-31,SHI,187958.3333,,ENT-base-0001689,7,OB-base-ENT-base-0001689-4490,,2027-07-31,OTHER_OPERATING_REQUEST,187958.3333,base,CORE-INTEREST,corporate,0.0000,2027
ILLUSTRATIVE_FIFO_WITHIN_FLOW_NOT_ACTUAL_PAYMENT,OPERATING,2027-07-31,SHI,113000.0000,,ENT-base-0001700,7,OB-base-ENT-base-0001700-4512,AP-base-6-ESS-FACILITY-VENDORS,2027-07-31,VENDOR_INVOICE,113000.0000,base,base-07-PAYMENT_REQUEST-AP-base-6-ESS-FACILITY-VENDORS,corporate,0.0000,2027
ILLUSTRATIVE_FIFO_WITHIN_FLOW_NOT_ACTUAL_PAYMENT,OPERATING,2027-07-31,SHI,2400.0000,,ENT-base-0001701,7,OB-base-ENT-base-0001701-4514,AP-base-6-HOSTING-FF-001,2027-07-31,VENDOR_INVOICE,2400.0000,base,base-07-PAYMENT_REQUEST-AP-base-6-HOSTING-FF-001,foundry-field,0.0000,2027
ILLUSTRATIVE_FIFO_WITHIN_FLOW_NOT_ACTUAL_PAYMENT,OPERATING,2027-07-31,SHI,3000.0000,,ENT-base-0001702,7,OB-base-ENT-base-0001702-4516,AP-base-6-HOSTING-FF-002,2027-07-31,VENDOR_INVOICE,3000.0000,base,base-07-PAYMENT_REQUEST-AP-base-6-HOSTING-FF-002,foundry-field,0.0000,2027
ILLUSTRATIVE_FIFO_WITHIN_FLOW_NOT_ACTUAL_PAYMENT,OPERATING,2027-07-31,SHI,3600.0000,,ENT-base-0001703,7,OB-base-ENT-base-0001703-4518,AP-base-6-HOSTING-FF-003,2027-07-31,VENDOR_INVOICE,3600.0000,base,base-07-PAYMENT_REQUEST-AP-base-6-HOSTING-FF-003,foundry-field,0.0000,2027
ILLUSTRATIVE_FIFO_WITHIN_FLOW_NOT_ACTUAL_PAYMENT,OPERATING,2027-07-31,SHI,1800.0000,,ENT-base-0001704,7,OB-base-ENT-base-0001704-4520,AP-base-6-HOSTING-FF-004,2027-07-31,VENDOR_INVOICE,1800.0000,base,base-07-PAYMENT_REQUEST-AP-base-6-HOSTING-FF-004,foundry-field,0.0000,2027
ILLUSTRATIVE_FIFO_WITHIN_FLOW_NOT_ACTUAL_PAYMENT,OPERATING,2027-07-31,SHI,2400.0000,,ENT-base-0001705,7,OB-base-ENT-base-0001705-4522,AP-base-6-HOSTING-FF-005,2027-07-31,VENDOR_INVOICE,2400.0000,base,base-07-PAYMENT_REQUEST-AP-base-6-HOSTING-FF-005,foundry-field,0.0000,2027
ILLUSTRATIVE_FIFO_WITHIN_FLOW_NOT_ACTUAL_PAYMENT,OPERATING,2027-07-31,SHI,3000.0000,,ENT-base-0001706,7,OB-base-ENT-base-0001706-4524,AP-base-6-HOSTING-FF-006,2027-07-31,VENDOR_INVOICE,3000.0000,base,base-07-PAYMENT_REQUEST-AP-base-6-HOSTING-FF-006,foundry-field,0.0000,2027
ILLUSTRATIVE_FIFO_WITHIN_FLOW_NOT_ACTUAL_PAYMENT,OPERATING,2027-07-31,SHI,3600.0000,,ENT-base-0001707,7,OB-base-ENT-base-0001707-4526,AP-base-6-HOSTING-FF-007,2027-07-31,VENDOR_INVOICE,3600.0000,base,base-07-PAYMENT_REQUEST-AP-base-6-HOSTING-FF-007,foundry-field,0.0000,2027
ILLUSTRATIVE_FIFO_WITHIN_FLOW_NOT_ACTUAL_PAYMENT,OPERATING,2027-07-31,SHI,1800.0000,,ENT-base-0001708,7,OB-base-ENT-base-0001708-4528,AP-base-6-HOSTING-FF-008,2027-07-31,VENDOR_INVOICE,1800.0000,base,base-07-PAYMENT_REQUEST-AP-base-6-HOSTING-FF-008,foundry-field,0.0000,2027
ILLUSTRATIVE_FIFO_WITHIN_FLOW_NOT_ACTUAL_PAYMENT,OPERATING,2027-07-31,SHI,2400.0000,,ENT-base-0001709,7,OB-base-ENT-base-0001709-4530,AP-base-6-HOSTING-FF-009,2027-07-31,VENDOR_INVOICE,2400.0000,base,base-07-PAYMENT_REQUEST-AP-base-6-HOSTING-FF-009,foundry-field,0.0000,2027
ILLUSTRATIVE_FIFO_WITHIN_FLOW_NOT_ACTUAL_PAYMENT,OPERATING,2027-07-31,SHI,3000.0000,,ENT-base-0001710,7,OB-base-ENT-base-0001710-4532,AP-base-6-HOSTING-FF-010,2027-07-31,VENDOR_INVOICE,3000.0000,base,base-07-PAYMENT_REQUEST-AP-base-6-HOSTING-FF-010,foundry-field,0.0000,2027
ILLUSTRATIVE_FIFO_WITHIN_FLOW_NOT_ACTUAL_PAYMENT,OPERATING,2027-07-31,SHI,3600.0000,,ENT-base-0001711,7,OB-base-ENT-base-0001711-4534,AP-base-6-HOSTING-FF-011,2027-07-31,VENDOR_INVOICE,3600.0000,base,base-07-PAYMENT_REQUEST-AP-base-6-HOSTING-FF-011,foundry-field,0.0000,2027
ILLUSTRATIVE_FIFO_WITHIN_FLOW_NOT_ACTUAL_PAYMENT,OPERATING,2027-07-31,SHI,1800.0000,,ENT-base-0001712,7,OB-base-ENT-base-0001712-4536,AP-base-6-HOSTING-FF-012,2027-07-31,VENDOR_INVOICE,1800.0000,base,base-07-PAYMENT_REQUEST-AP-base-6-HOSTING-FF-012,foundry-field,0.0000,2027
ILLUSTRATIVE_FIFO_WITHIN_FLOW_NOT_ACTUAL_PAYMENT,OPERATING,2027-07-31,SHI,2400.0000,,ENT-base-0001713,7,OB-base-ENT-base-0001713-4538,AP-base-6-HOSTING-FF-013,2027-07-31,VENDOR_INVOICE,2400.0000,base,base-07-PAYMENT_REQUEST-AP-base-6-HOSTING-FF-013,foundry-field,0.0000,2027
ILLUSTRATIVE_FIFO_WITHIN_FLOW_NOT_ACTUAL_PAYMENT,OPERATING,2027-07-31,SHI,3000.0000,,ENT-base-0001714,7,OB-base-ENT-base-0001714-4540,AP-base-6-HOSTING-FF-014,2027-07-31,VENDOR_INVOICE,3000.0000,base,base-07-PAYMENT_REQUEST-AP-base-6-HOSTING-FF-014,foundry-field,0.0000,2027
ILLUSTRATIVE_FIFO_WITHIN_FLOW_NOT_ACTUAL_PAYMENT,OPERATING,2027-07-31,SHI,3600.0000,,ENT-base-0001715,7,OB-base-ENT-base-0001715-4542,AP-base-6-HOSTING-FF-015,2027-07-31,VENDOR_INVOICE,3600.0000,base,base-07-PAYMENT_REQUEST-AP-base-6-HOSTING-FF-015,foundry-field,0.0000,2027
ILLUSTRATIVE_FIFO_WITHIN_FLOW_NOT_ACTUAL_PAYMENT,OPERATING,2027-07-31,SHI,1800.0000,,ENT-base-0001716,7,OB-base-ENT-base-0001716-4544,AP-base-6-HOSTING-FF-016,2027-07-31,VENDOR_INVOICE,1800.0000,base,base-07-PAYMENT_REQUEST-AP-base-6-HOSTING-FF-016,foundry-field,0.0000,2027
ILLUSTRATIVE_FIFO_WITHIN_FLOW_NOT_ACTUAL_PAYMENT,OPERATING,2027-07-31,SHI,2400.0000,,ENT-base-0001717,7,OB-base-ENT-base-0001717-4546,AP-base-6-HOSTING-FF-017,2027-07-31,VENDOR_INVOICE,2400.0000,base,base-07-PAYMENT_REQUEST-AP-base-6-HOSTING-FF-017,foundry-field,0.0000,2027
ILLUSTRATIVE_FIFO_WITHIN_FLOW_NOT_ACTUAL_PAYMENT,OPERATING,2027-07-31,SHI,3000.0000,,ENT-base-0001718,7,OB-base-ENT-base-0001718-4548,AP-base-6-HOSTING-FF-018,2027-07-31,VENDOR_INVOICE,3000.0000,base,base-07-PAYMENT_REQUEST-AP-base-6-HOSTING-FF-018,foundry-field,0.0000,2027
ILLUSTRATIVE_FIFO_WITHIN_FLOW_NOT_ACTUAL_PAYMENT,OPERATING,2027-07-31,SHI,3600.0000,,ENT-base-0001719,7,OB-base-ENT-base-0001719-4550,AP-base-6-HOSTING-FF-019,2027-07-31,VENDOR_INVOICE,3600.0000,base,base-07-PAYMENT_REQUEST-AP-base-6-HOSTING-FF-019,foundry-field,0.0000,2027
ILLUSTRATIVE_FIFO_WITHIN_FLOW_NOT_ACTUAL_PAYMENT,OPERATING,2027-07-31,SHI,1800.0000,,ENT-base-0001720,7,OB-base-ENT-base-0001720-4552,AP-base-6-HOSTING-FF-020,2027-07-31,VENDOR_INVOICE,1800.0000,base,base-07-PAYMENT_REQUEST-AP-base-6-HOSTING-FF-020,foundry-field,0.0000,2027
ILLUSTRATIVE_FIFO_WITHIN_FLOW_NOT_ACTUAL_PAYMENT,OPERATING,2027-07-31,SHI,2400.0000,,ENT-base-0001721,7,OB-base-ENT-base-0001721-4554,AP-base-6-HOSTING-FF-021,2027-07-31,VENDOR_INVOICE,2400.0000,base,base-07-PAYMENT_REQUEST-AP-base-6-HOSTING-FF-021,foundry-field,0.0000,2027
ILLUSTRATIVE_FIFO_WITHIN_FLOW_NOT_ACTUAL_PAYMENT,OPERATING,2027-07-31,SHI,3000.0000,,ENT-base-0001722,7,OB-base-ENT-base-0001722-4556,AP-base-6-HOSTING-FF-022,2027-07-31,VENDOR_INVOICE,3000.0000,base,base-07-PAYMENT_REQUEST-AP-base-6-HOSTING-FF-022,foundry-field,0.0000,2027
ILLUSTRATIVE_FIFO_WITHIN_FLOW_NOT_ACTUAL_PAYMENT,OPERATING,2027-07-31,SHI,3600.0000,,ENT-base-0001723,7,OB-base-ENT-base-0001723-4558,AP-base-6-HOSTING-FF-023,2027-07-31,VENDOR_INVOICE,3600.0000,base,base-07-PAYMENT_REQUEST-AP-base-6-HOSTING-FF-023,foundry-field,0.0000,2027
ILLUSTRATIVE_FIFO_WITHIN_FLOW_NOT_ACTUAL_PAYMENT,OPERATING,2027-07-31,SHI,1800.0000,,ENT-base-0001724,7,OB-base-ENT-base-0001724-4560,AP-base-6-HOSTING-FF-024,2027-07-31,VENDOR_INVOICE,1800.0000,base,base-07-PAYMENT_REQUEST-AP-base-6-HOSTING-FF-024,foundry-field,0.0000,2027
ILLUSTRATIVE_FIFO_WITHIN_FLOW_NOT_ACTUAL_PAYMENT,OPERATING,2027-07-31,SHI,2400.0000,,ENT-base-0001725,7,OB-base-ENT-base-0001725-4562,AP-base-6-HOSTING-FF-025,2027-07-31,VENDOR_INVOICE,2400.0000,base,base-07-PAYMENT_REQUEST-AP-base-6-HOSTING-FF-025,foundry-field,0.0000,2027
ILLUSTRATIVE_FIFO_WITHIN_FLOW_NOT_ACTUAL_PAYMENT,OPERATING,2027-07-31,SHI,3000.0000,,ENT-base-0001726,7,OB-base-ENT-base-0001726-4564,AP-base-6-HOSTING-FF-026,2027-07-31,VENDOR_INVOICE,3000.0000,base,base-07-PAYMENT_REQUEST-AP-base-6-HOSTING-FF-026,foundry-field,0.0000,2027
ILLUSTRATIVE_FIFO_WITHIN_FLOW_NOT_ACTUAL_PAYMENT,OPERATING,2027-07-31,SHI,3600.0000,,ENT-base-0001727,7,OB-base-ENT-base-0001727-4566,AP-base-6-HOSTING-FF-027,2027-07-31,VENDOR_INVOICE,3600.0000,base,base-07-PAYMENT_REQUEST-AP-base-6-HOSTING-FF-027,foundry-field,0.0000,2027
ILLUSTRATIVE_FIFO_WITHIN_FLOW_NOT_ACTUAL_PAYMENT,OPERATING,2027-07-31,SHI,1800.0000,,ENT-base-0001728,7,OB-base-ENT-base-0001728-4568,AP-base-6-HOSTING-FF-028,2027-07-31,VENDOR_INVOICE,1800.0000,base,base-07-PAYMENT_REQUEST-AP-base-6-HOSTING-FF-028,foundry-field,0.0000,2027
ILLUSTRATIVE_FIFO_WITHIN_FLOW_NOT_ACTUAL_PAYMENT,OPERATING,2027-07-31,SHI,2400.0000,,ENT-base-0001729,7,OB-base-ENT-base-0001729-4570,AP-base-6-HOSTING-FF-029,2027-07-31,VENDOR_INVOICE,2400.0000,base,base-07-PAYMENT_REQUEST-AP-base-6-HOSTING-FF-029,foundry-field,0.0000,2027
ILLUSTRATIVE_FIFO_WITHIN_FLOW_NOT_ACTUAL_PAYMENT,OPERATING,2027-07-31,SHI,3000.0000,,ENT-base-0001730,7,OB-base-ENT-base-0001730-4572,AP-base-6-HOSTING-FF-030,2027-07-31,VENDOR_INVOICE,3000.0000,base,base-07-PAYMENT_REQUEST-AP-base-6-HOSTING-FF-030,foundry-field,0.0000,2027
ILLUSTRATIVE_FIFO_WITHIN_FLOW_NOT_ACTUAL_PAYMENT,OPERATING,2027-07-31,SHI,3600.0000,,ENT-base-0001731,7,OB-base-ENT-base-0001731-4574,AP-base-6-HOSTING-FF-031,2027-07-31,VENDOR_INVOICE,3600.0000,base,base-07-PAYMENT_REQUEST-AP-base-6-HOSTING-FF-031,foundry-field,0.0000,2027
ILLUSTRATIVE_FIFO_WITHIN_FLOW_NOT_ACTUAL_PAYMENT,OPERATING,2027-07-31,SHI,1800.0000,,ENT-base-0001732,7,OB-base-ENT-base-0001732-4576,AP-base-6-HOSTING-FF-032,2027-07-31,VENDOR_INVOICE,1800.0000,base,base-07-PAYMENT_REQUEST-AP-base-6-HOSTING-FF-032,foundry-field,0.0000,2027
ILLUSTRATIVE_FIFO_WITHIN_FLOW_NOT_ACTUAL_PAYMENT,OPERATING,2027-07-31,SHI,2400.0000,,ENT-base-0001733,7,OB-base-ENT-base-0001733-4578,AP-base-6-HOSTING-FF-033,2027-07-31,VENDOR_INVOICE,2400.0000,base,base-07-PAYMENT_REQUEST-AP-base-6-HOSTING-FF-033,foundry-field,0.0000,2027
ILLUSTRATIVE_FIFO_WITHIN_FLOW_NOT_ACTUAL_PAYMENT,OPERATING,2027-07-31,SHI,3000.0000,,ENT-base-0001734,7,OB-base-ENT-base-0001734-4580,AP-base-6-HOSTING-FF-034,2027-07-31,VENDOR_INVOICE,3000.0000,base,base-07-PAYMENT_REQUEST-AP-base-6-HOSTING-FF-034,foundry-field,0.0000,2027
ILLUSTRATIVE_FIFO_WITHIN_FLOW_NOT_ACTUAL_PAYMENT,OPERATING,2027-07-31,SHI,3600.0000,,ENT-base-0001735,7,OB-base-ENT-base-0001735-4582,AP-base-6-HOSTING-FF-035,2027-07-31,VENDOR_INVOICE,3600.0000,base,base-07-PAYMENT_REQUEST-AP-base-6-HOSTING-FF-035,foundry-field,0.0000,2027
ILLUSTRATIVE_FIFO_WITHIN_FLOW_NOT_ACTUAL_PAYMENT,OPERATING,2027-07-31,SHI,1800.0000,,ENT-base-0001736,7,OB-base-ENT-base-0001736-4584,AP-base-6-HOSTING-FF-036,2027-07-31,VENDOR_INVOICE,1800.0000,base,base-07-PAYMENT_REQUEST-AP-base-6-HOSTING-FF-036,foundry-field,0.0000,2027
ILLUSTRATIVE_FIFO_WITHIN_FLOW_NOT_ACTUAL_PAYMENT,OPERATING,2027-07-31,SHI,1400.0000,,ENT-base-0001737,7,OB-base-ENT-base-0001737-4586,AP-base-6-HOSTING-ATL-LIC-001,2027-07-31,VENDOR_INVOICE,1400.0000,base,base-07-PAYMENT_REQUEST-AP-base-6-HOSTING-ATL-LIC-001,atlas-meridian,0.0000,2027
ILLUSTRATIVE_FIFO_WITHIN_FLOW_NOT_ACTUAL_PAYMENT,OPERATING,2027-07-31,SHI,1600.0000,,ENT-base-0001738,7,OB-base-ENT-base-0001738-4588,AP-base-6-HOSTING-ATL-LIC-002,2027-07-31,VENDOR_INVOICE,1600.0000,base,base-07-PAYMENT_REQUEST-AP-base-6-HOSTING-ATL-LIC-002,atlas-meridian,0.0000,2027
ILLUSTRATIVE_FIFO_WITHIN_FLOW_NOT_ACTUAL_PAYMENT,OPERATING,2027-07-31,SHI,1800.0000,,ENT-base-0001739,7,OB-base-ENT-base-0001739-4590,AP-base-6-HOSTING-ATL-LIC-003,2027-07-31,VENDOR_INVOICE,1800.0000,base,base-07-PAYMENT_REQUEST-AP-base-6-HOSTING-ATL-LIC-003,atlas-meridian,0.0000,2027
ILLUSTRATIVE_FIFO_WITHIN_FLOW_NOT_ACTUAL_PAYMENT,OPERATING,2027-07-31,SHI,1200.0000,,ENT-base-0001740,7,OB-base-ENT-base-0001740-4592,AP-base-6-HOSTING-ATL-LIC-004,2027-07-31,VENDOR_INVOICE,1200.0000,base,base-07-PAYMENT_REQUEST-AP-base-6-HOSTING-ATL-LIC-004,atlas-meridian,0.0000,2027
ILLUSTRATIVE_FIFO_WITHIN_FLOW_NOT_ACTUAL_PAYMENT,OPERATING,2027-07-31,SHI,1400.0000,,ENT-base-0001741,7,OB-base-ENT-base-0001741-4594,AP-base-6-HOSTING-ATL-LIC-005,2027-07-31,VENDOR_INVOICE,1400.0000,base,base-07-PAYMENT_REQUEST-AP-base-6-HOSTING-ATL-LIC-005,atlas-meridian,0.0000,2027
ILLUSTRATIVE_FIFO_WITHIN_FLOW_NOT_ACTUAL_PAYMENT,OPERATING,2027-07-31,SHI,1400.0000,,ENT-base-0001742,7,OB-base-ENT-base-0001742-4596,AP-base-6-HOSTING-ATL-LIC-013,2027-07-31,VENDOR_INVOICE,1400.0000,base,base-07-PAYMENT_REQUEST-AP-base-6-HOSTING-ATL-LIC-013,atlas-meridian,0.0000,2027
ILLUSTRATIVE_FIFO_WITHIN_FLOW_NOT_ACTUAL_PAYMENT,OPERATING,2027-07-31,SHI,1600.0000,,ENT-base-0001743,7,OB-base-ENT-base-0001743-4598,AP-base-6-HOSTING-ATL-LIC-014,2027-07-31,VENDOR_INVOICE,1600.0000,base,base-07-PAYMENT_REQUEST-AP-base-6-HOSTING-ATL-LIC-014,atlas-meridian,0.0000,2027
ILLUSTRATIVE_FIFO_WITHIN_FLOW_NOT_ACTUAL_PAYMENT,OPERATING,2027-07-31,SHI,1800.0000,,ENT-base-0001744,7,OB-base-ENT-base-0001744-4600,AP-base-6-HOSTING-ATL-LIC-015,2027-07-31,VENDOR_INVOICE,1800.0000,base,base-07-PAYMENT_REQUEST-AP-base-6-HOSTING-ATL-LIC-015,atlas-meridian,0.0000,2027
ILLUSTRATIVE_FIFO_WITHIN_FLOW_NOT_ACTUAL_PAYMENT,OPERATING,2027-07-31,SHI,5880.0000,,ENT-base-0001745,7,OB-base-ENT-base-0001745-4602,AP-base-6-TRAVEL-ADV-2027-03-workflow-acceptance,2027-07-31,VENDOR_INVOICE,5880.0000,base,base-07-PAYMENT_REQUEST-AP-base-6-TRAVEL-ADV-2027-03-workflow-acceptance,advisory,0.0000,2027
ILLUSTRATIVE_FIFO_WITHIN_FLOW_NOT_ACTUAL_PAYMENT,OPERATING,2027-07-31,SHI,2940.0000,,ENT-base-0001746,7,OB-base-ENT-base-0001746-4604,AP-base-6-TRAVEL-ADV-2027-03-transfer-and-handover,2027-07-31,VENDOR_INVOICE,2940.0000,base,base-07-PAYMENT_REQUEST-AP-base-6-TRAVEL-ADV-2027-03-transfer-and-handover,advisory,0.0000,2027
ILLUSTRATIVE_FIFO_WITHIN_FLOW_NOT_ACTUAL_PAYMENT,OPERATING,2027-07-31,SHI,5880.0000,,ENT-base-0001747,7,OB-base-ENT-base-0001747-4606,AP-base-6-TRAVEL-ADV-2027-07-workflow-acceptance,2027-07-31,VENDOR_INVOICE,5880.0000,base,base-07-PAYMENT_REQUEST-AP-base-6-TRAVEL-ADV-2027-07-workflow-acceptance,advisory,0.0000,2027
ILLUSTRATIVE_FIFO_WITHIN_FLOW_NOT_ACTUAL_PAYMENT,OPERATING,2027-07-31,SHI,7728.0000,,ENT-base-0001748,7,OB-base-ENT-base-0001748-4608,AP-base-6-TRAVEL-ADV-2027-08-workflow-acceptance,2027-07-31,VENDOR_INVOICE,7728.0000,base,base-07-PAYMENT_REQUEST-AP-base-6-TRAVEL-ADV-2027-08-workflow-acceptance,advisory,0.0000,2027
ILLUSTRATIVE_FIFO_WITHIN_FLOW_NOT_ACTUAL_PAYMENT,OPERATING,2027-07-31,SHI,2100.0000,,ENT-base-0001749,7,OB-base-ENT-base-0001749-4610,AP-base-6-TRAVEL-ADV-2027-09-scope-and-diagnosis,2027-07-31,VENDOR_INVOICE,2100.0000,base,base-07-PAYMENT_REQUEST-AP-base-6-TRAVEL-ADV-2027-09-scope-and-diagnosis,advisory,0.0000,2027
ILLUSTRATIVE_FIFO_WITHIN_FLOW_NOT_ACTUAL_PAYMENT,OPERATING,2027-07-31,SHI,2520.0000,,ENT-base-0001750,7,OB-base-ENT-base-0001750-4612,AP-base-6-TRAVEL-ADV-2027-10-scope-and-diagnosis,2027-07-31,VENDOR_INVOICE,2520.0000,base,base-07-PAYMENT_REQUEST-AP-base-6-TRAVEL-ADV-2027-10-scope-and-diagnosis,advisory,0.0000,2027
ILLUSTRATIVE_FIFO_WITHIN_FLOW_NOT_ACTUAL_PAYMENT,OPERATING,2027-07-31,SHI,8550.0000,,ENT-base-0001751,7,OB-base-ENT-base-0001751-4614,AP-base-6-COMPUTE-ATL-2027-03-accepted-transfer,2027-07-31,VENDOR_INVOICE,8550.0000,base,base-07-PAYMENT_REQUEST-AP-base-6-COMPUTE-ATL-2027-03-accepted-transfer,atlas-meridian,0.0000,2027
ILLUSTRATIVE_FIFO_WITHIN_FLOW_NOT_ACTUAL_PAYMENT,OPERATING,2027-07-31,SHI,8550.0000,,ENT-base-0001752,7,OB-base-ENT-base-0001752-4616,AP-base-6-COMPUTE-ATL-2027-05-evaluated-workflow,2027-07-31,VENDOR_INVOICE,8550.0000,base,base-07-PAYMENT_REQUEST-AP-base-6-COMPUTE-ATL-2027-05-evaluated-workflow,atlas-meridian,0.0000,2027
ILLUSTRATIVE_FIFO_WITHIN_FLOW_NOT_ACTUAL_PAYMENT,OPERATING,2027-07-31,SHI,9000.0000,,ENT-base-0001753,7,OB-base-ENT-base-0001753-4618,AP-base-6-WIL-VIBRATION,2027-07-31,VENDOR_INVOICE,9000.0000,base,base-07-PAYMENT_REQUEST-AP-base-6-WIL-VIBRATION,willow,0.0000,2027
ILLUSTRATIVE_FIFO_WITHIN_FLOW_NOT_ACTUAL_PAYMENT,OPERATING,2027-07-31,SHI,7000.0000,,ENT-base-0001754,7,OB-base-ENT-base-0001754-4620,AP-base-6-WIL-RF-FIELD,2027-07-31,VENDOR_INVOICE,7000.0000,base,base-07-PAYMENT_REQUEST-AP-base-6-WIL-RF-FIELD,willow,0.0000,2027
ILLUSTRATIVE_FIFO_WITHIN_FLOW_NOT_ACTUAL_PAYMENT,OPERATING,2027-07-31,SHI,18000.0000,,ENT-base-0001755,7,OB-base-ENT-base-0001755-4622,AP-base-6-WIL-CHEMISTRY,2027-07-31,VENDOR_INVOICE,18000.0000,base,base-07-PAYMENT_REQUEST-AP-base-6-WIL-CHEMISTRY,willow,0.0000,2027
ILLUSTRATIVE_FIFO_WITHIN_FLOW_NOT_ACTUAL_PAYMENT,OPERATING,2027-07-31,SHI,8580.0000,,ENT-base-0001756,7,OB-base-ENT-base-0001756-4624,AP-base-6-PROCESS-STREAM17-base-06,2027-07-31,VENDOR_INVOICE,8580.0000,base,base-07-PAYMENT_REQUEST-AP-base-6-PROCESS-STREAM17-base-06,project-cradle,0.0000,2027
ILLUSTRATIVE_FIFO_WITHIN_FLOW_NOT_ACTUAL_PAYMENT,OPERATING,2027-07-31,SHI,18500.0000,,ENT-base-0001757,7,OB-base-ENT-base-0001757-4626,AP-base-6-PROCESS-DEMOTTE-base-06,2027-07-31,VENDOR_INVOICE,18500.0000,base,base-07-PAYMENT_REQUEST-AP-base-6-PROCESS-DEMOTTE-base-06,project-cradle,0.0000,2027
ILLUSTRATIVE_FIFO_WITHIN_FLOW_NOT_ACTUAL_PAYMENT,OPERATING,2027-07-31,SHI,3979.8000,,ENT-base-0001758,7,OB-base-ENT-base-0001758-4628,AP-base-6-FREIGHT-STREAM17-base-05,2027-07-31,VENDOR_INVOICE,3979.8000,base,base-07-PAYMENT_REQUEST-AP-base-6-FREIGHT-STREAM17-base-05,project-cradle,0.0000,2027
ILLUSTRATIVE_FIFO_WITHIN_FLOW_NOT_ACTUAL_PAYMENT,OPERATING,2027-07-31,SHI,19952.0640,INV-base-base-05-DOWNSTREAM_ACCEPTANCE-STREAM17-base-04,ENT-base-0001759,7,OB-base-ENT-base-0001759-4630,,2027-07-31,HOST_SETTLEMENT,19952.0640,base,base-07-HOST_SETTLEMENT_REQUEST-INV-base-base-05-DOWNSTREAM_ACCEPTANCE-STREAM17-base-04-7,project-cradle,0.0000,2027
ILLUSTRATIVE_FIFO_WITHIN_FLOW_NOT_ACTUAL_PAYMENT,OPERATING,2027-07-31,SHI,1945416.6613,,ENT-base-0001760,7,OB-base-ENT-base-0001760-4632,,2027-07-31,PAYROLL_BATCH,1945416.6613,base,base-07-PAYROLL_REQUEST-foundry-field,foundry-field,0.0000,2027
ILLUSTRATIVE_FIFO_WITHIN_FLOW_NOT_ACTUAL_PAYMENT,OPERATING,2027-07-31,SHI,524999.9988,,ENT-base-0001761,7,OB-base-ENT-base-0001761-4634,,2027-07-31,PAYROLL_BATCH,524999.9988,base,base-07-PAYROLL_REQUEST-atlas-meridian,atlas-meridian,0.0000,2027
ILLUSTRATIVE_FIFO_WITHIN_FLOW_NOT_ACTUAL_PAYMENT,OPERATING,2027-07-31,SHI,418333.3344,,ENT-base-0001762,7,OB-base-ENT-base-0001762-4636,,2027-07-31,PAYROLL_BATCH,418333.3344,base,base-07-PAYROLL_REQUEST-advisory,advisory,0.0000,2027
ILLUSTRATIVE_FIFO_WITHIN_FLOW_NOT_ACTUAL_PAYMENT,OPERATING,2027-07-31,SHI,295000.0000,,ENT-base-0001763,7,OB-base-ENT-base-0001763-4638,,2027-07-31,PAYROLL_BATCH,295000.0000,base,base-07-PAYROLL_REQUEST-willow,willow,0.0000,2027
ILLUSTRATIVE_FIFO_WITHIN_FLOW_NOT_ACTUAL_PAYMENT,OPERATING,2027-07-31,SHI,187500.0006,,ENT-base-0001764,7,OB-base-ENT-base-0001764-4640,,2027-07-31,PAYROLL_BATCH,187500.0006,base,base-07-PAYROLL_REQUEST-project-cradle,project-cradle,0.0000,2027
ILLUSTRATIVE_FIFO_WITHIN_FLOW_NOT_ACTUAL_PAYMENT,OPERATING,2027-07-31,SHI,2834999.9956,,ENT-base-0001765,7,OB-base-ENT-base-0001765-4642,,2027-07-31,PAYROLL_BATCH,2834999.9956,base,base-07-PAYROLL_REQUEST-corporate,corporate,0.0000,2027
ILLUSTRATIVE_FIFO_WITHIN_FLOW_NOT_ACTUAL_PAYMENT,OPERATING,2027-08-31,SHI,187416.6667,,ENT-base-0001926,8,OB-base-ENT-base-0001926-5001,,2027-08-31,OTHER_OPERATING_REQUEST,187416.6667,base,CORE-INTEREST,corporate,0.0000,2027
ILLUSTRATIVE_FIFO_WITHIN_FLOW_NOT_ACTUAL_PAYMENT,OPERATING,2027-08-31,SHI,113000.0000,,ENT-base-0001937,8,OB-base-ENT-base-0001937-5023,AP-base-7-ESS-FACILITY-VENDORS,2027-08-31,VENDOR_INVOICE,113000.0000,base,base-08-PAYMENT_REQUEST-AP-base-7-ESS-FACILITY-VENDORS,corporate,0.0000,2027
ILLUSTRATIVE_FIFO_WITHIN_FLOW_NOT_ACTUAL_PAYMENT,OPERATING,2027-08-31,SHI,2400.0000,,ENT-base-0001938,8,OB-base-ENT-base-0001938-5025,AP-base-7-HOSTING-FF-001,2027-08-31,VENDOR_INVOICE,2400.0000,base,base-08-PAYMENT_REQUEST-AP-base-7-HOSTING-FF-001,foundry-field,0.0000,2027
ILLUSTRATIVE_FIFO_WITHIN_FLOW_NOT_ACTUAL_PAYMENT,OPERATING,2027-08-31,SHI,3000.0000,,ENT-base-0001939,8,OB-base-ENT-base-0001939-5027,AP-base-7-HOSTING-FF-002,2027-08-31,VENDOR_INVOICE,3000.0000,base,base-08-PAYMENT_REQUEST-AP-base-7-HOSTING-FF-002,foundry-field,0.0000,2027
ILLUSTRATIVE_FIFO_WITHIN_FLOW_NOT_ACTUAL_PAYMENT,OPERATING,2027-08-31,SHI,3600.0000,,ENT-base-0001940,8,OB-base-ENT-base-0001940-5029,AP-base-7-HOSTING-FF-003,2027-08-31,VENDOR_INVOICE,3600.0000,base,base-08-PAYMENT_REQUEST-AP-base-7-HOSTING-FF-003,foundry-field,0.0000,2027
ILLUSTRATIVE_FIFO_WITHIN_FLOW_NOT_ACTUAL_PAYMENT,OPERATING,2027-08-31,SHI,1800.0000,,ENT-base-0001941,8,OB-base-ENT-base-0001941-5031,AP-base-7-HOSTING-FF-004,2027-08-31,VENDOR_INVOICE,1800.0000,base,base-08-PAYMENT_REQUEST-AP-base-7-HOSTING-FF-004,foundry-field,0.0000,2027
ILLUSTRATIVE_FIFO_WITHIN_FLOW_NOT_ACTUAL_PAYMENT,OPERATING,2027-08-31,SHI,2400.0000,,ENT-base-0001942,8,OB-base-ENT-base-0001942-5033,AP-base-7-HOSTING-FF-005,2027-08-31,VENDOR_INVOICE,2400.0000,base,base-08-PAYMENT_REQUEST-AP-base-7-HOSTING-FF-005,foundry-field,0.0000,2027
ILLUSTRATIVE_FIFO_WITHIN_FLOW_NOT_ACTUAL_PAYMENT,OPERATING,2027-08-31,SHI,3000.0000,,ENT-base-0001943,8,OB-base-ENT-base-0001943-5035,AP-base-7-HOSTING-FF-006,2027-08-31,VENDOR_INVOICE,3000.0000,base,base-08-PAYMENT_REQUEST-AP-base-7-HOSTING-FF-006,foundry-field,0.0000,2027
ILLUSTRATIVE_FIFO_WITHIN_FLOW_NOT_ACTUAL_PAYMENT,OPERATING,2027-08-31,SHI,3600.0000,,ENT-base-0001944,8,OB-base-ENT-base-0001944-5037,AP-base-7-HOSTING-FF-007,2027-08-31,VENDOR_INVOICE,3600.0000,base,base-08-PAYMENT_REQUEST-AP-base-7-HOSTING-FF-007,foundry-field,0.0000,2027
ILLUSTRATIVE_FIFO_WITHIN_FLOW_NOT_ACTUAL_PAYMENT,OPERATING,2027-08-31,SHI,1800.0000,,ENT-base-0001945,8,OB-base-ENT-base-0001945-5039,AP-base-7-HOSTING-FF-008,2027-08-31,VENDOR_INVOICE,1800.0000,base,base-08-PAYMENT_REQUEST-AP-base-7-HOSTING-FF-008,foundry-field,0.0000,2027
ILLUSTRATIVE_FIFO_WITHIN_FLOW_NOT_ACTUAL_PAYMENT,OPERATING,2027-08-31,SHI,2400.0000,,ENT-base-0001946,8,OB-base-ENT-base-0001946-5041,AP-base-7-HOSTING-FF-009,2027-08-31,VENDOR_INVOICE,2400.0000,base,base-08-PAYMENT_REQUEST-AP-base-7-HOSTING-FF-009,foundry-field,0.0000,2027
ILLUSTRATIVE_FIFO_WITHIN_FLOW_NOT_ACTUAL_PAYMENT,OPERATING,2027-08-31,SHI,3000.0000,,ENT-base-0001947,8,OB-base-ENT-base-0001947-5043,AP-base-7-HOSTING-FF-010,2027-08-31,VENDOR_INVOICE,3000.0000,base,base-08-PAYMENT_REQUEST-AP-base-7-HOSTING-FF-010,foundry-field,0.0000,2027
ILLUSTRATIVE_FIFO_WITHIN_FLOW_NOT_ACTUAL_PAYMENT,OPERATING,2027-08-31,SHI,3600.0000,,ENT-base-0001948,8,OB-base-ENT-base-0001948-5045,AP-base-7-HOSTING-FF-011,2027-08-31,VENDOR_INVOICE,3600.0000,base,base-08-PAYMENT_REQUEST-AP-base-7-HOSTING-FF-011,foundry-field,0.0000,2027
ILLUSTRATIVE_FIFO_WITHIN_FLOW_NOT_ACTUAL_PAYMENT,OPERATING,2027-08-31,SHI,1800.0000,,ENT-base-0001949,8,OB-base-ENT-base-0001949-5047,AP-base-7-HOSTING-FF-012,2027-08-31,VENDOR_INVOICE,1800.0000,base,base-08-PAYMENT_REQUEST-AP-base-7-HOSTING-FF-012,foundry-field,0.0000,2027
ILLUSTRATIVE_FIFO_WITHIN_FLOW_NOT_ACTUAL_PAYMENT,OPERATING,2027-08-31,SHI,2400.0000,,ENT-base-0001950,8,OB-base-ENT-base-0001950-5049,AP-base-7-HOSTING-FF-013,2027-08-31,VENDOR_INVOICE,2400.0000,base,base-08-PAYMENT_REQUEST-AP-base-7-HOSTING-FF-013,foundry-field,0.0000,2027
ILLUSTRATIVE_FIFO_WITHIN_FLOW_NOT_ACTUAL_PAYMENT,OPERATING,2027-08-31,SHI,3000.0000,,ENT-base-0001951,8,OB-base-ENT-base-0001951-5051,AP-base-7-HOSTING-FF-014,2027-08-31,VENDOR_INVOICE,3000.0000,base,base-08-PAYMENT_REQUEST-AP-base-7-HOSTING-FF-014,foundry-field,0.0000,2027
ILLUSTRATIVE_FIFO_WITHIN_FLOW_NOT_ACTUAL_PAYMENT,OPERATING,2027-08-31,SHI,3600.0000,,ENT-base-0001952,8,OB-base-ENT-base-0001952-5053,AP-base-7-HOSTING-FF-015,2027-08-31,VENDOR_INVOICE,3600.0000,base,base-08-PAYMENT_REQUEST-AP-base-7-HOSTING-FF-015,foundry-field,0.0000,2027
ILLUSTRATIVE_FIFO_WITHIN_FLOW_NOT_ACTUAL_PAYMENT,OPERATING,2027-08-31,SHI,1800.0000,,ENT-base-0001953,8,OB-base-ENT-base-0001953-5055,AP-base-7-HOSTING-FF-016,2027-08-31,VENDOR_INVOICE,1800.0000,base,base-08-PAYMENT_REQUEST-AP-base-7-HOSTING-FF-016,foundry-field,0.0000,2027
ILLUSTRATIVE_FIFO_WITHIN_FLOW_NOT_ACTUAL_PAYMENT,OPERATING,2027-08-31,SHI,2400.0000,,ENT-base-0001954,8,OB-base-ENT-base-0001954-5057,AP-base-7-HOSTING-FF-017,2027-08-31,VENDOR_INVOICE,2400.0000,base,base-08-PAYMENT_REQUEST-AP-base-7-HOSTING-FF-017,foundry-field,0.0000,2027
ILLUSTRATIVE_FIFO_WITHIN_FLOW_NOT_ACTUAL_PAYMENT,OPERATING,2027-08-31,SHI,3000.0000,,ENT-base-0001955,8,OB-base-ENT-base-0001955-5059,AP-base-7-HOSTING-FF-018,2027-08-31,VENDOR_INVOICE,3000.0000,base,base-08-PAYMENT_REQUEST-AP-base-7-HOSTING-FF-018,foundry-field,0.0000,2027
ILLUSTRATIVE_FIFO_WITHIN_FLOW_NOT_ACTUAL_PAYMENT,OPERATING,2027-08-31,SHI,3600.0000,,ENT-base-0001956,8,OB-base-ENT-base-0001956-5061,AP-base-7-HOSTING-FF-019,2027-08-31,VENDOR_INVOICE,3600.0000,base,base-08-PAYMENT_REQUEST-AP-base-7-HOSTING-FF-019,foundry-field,0.0000,2027
ILLUSTRATIVE_FIFO_WITHIN_FLOW_NOT_ACTUAL_PAYMENT,OPERATING,2027-08-31,SHI,1800.0000,,ENT-base-0001957,8,OB-base-ENT-base-0001957-5063,AP-base-7-HOSTING-FF-020,2027-08-31,VENDOR_INVOICE,1800.0000,base,base-08-PAYMENT_REQUEST-AP-base-7-HOSTING-FF-020,foundry-field,0.0000,2027
ILLUSTRATIVE_FIFO_WITHIN_FLOW_NOT_ACTUAL_PAYMENT,OPERATING,2027-08-31,SHI,2400.0000,,ENT-base-0001958,8,OB-base-ENT-base-0001958-5065,AP-base-7-HOSTING-FF-021,2027-08-31,VENDOR_INVOICE,2400.0000,base,base-08-PAYMENT_REQUEST-AP-base-7-HOSTING-FF-021,foundry-field,0.0000,2027
ILLUSTRATIVE_FIFO_WITHIN_FLOW_NOT_ACTUAL_PAYMENT,OPERATING,2027-08-31,SHI,3000.0000,,ENT-base-0001959,8,OB-base-ENT-base-0001959-5067,AP-base-7-HOSTING-FF-022,2027-08-31,VENDOR_INVOICE,3000.0000,base,base-08-PAYMENT_REQUEST-AP-base-7-HOSTING-FF-022,foundry-field,0.0000,2027
ILLUSTRATIVE_FIFO_WITHIN_FLOW_NOT_ACTUAL_PAYMENT,OPERATING,2027-08-31,SHI,3600.0000,,ENT-base-0001960,8,OB-base-ENT-base-0001960-5069,AP-base-7-HOSTING-FF-023,2027-08-31,VENDOR_INVOICE,3600.0000,base,base-08-PAYMENT_REQUEST-AP-base-7-HOSTING-FF-023,foundry-field,0.0000,2027
ILLUSTRATIVE_FIFO_WITHIN_FLOW_NOT_ACTUAL_PAYMENT,OPERATING,2027-08-31,SHI,1800.0000,,ENT-base-0001961,8,OB-base-ENT-base-0001961-5071,AP-base-7-HOSTING-FF-024,2027-08-31,VENDOR_INVOICE,1800.0000,base,base-08-PAYMENT_REQUEST-AP-base-7-HOSTING-FF-024,foundry-field,0.0000,2027
ILLUSTRATIVE_FIFO_WITHIN_FLOW_NOT_ACTUAL_PAYMENT,OPERATING,2027-08-31,SHI,2400.0000,,ENT-base-0001962,8,OB-base-ENT-base-0001962-5073,AP-base-7-HOSTING-FF-025,2027-08-31,VENDOR_INVOICE,2400.0000,base,base-08-PAYMENT_REQUEST-AP-base-7-HOSTING-FF-025,foundry-field,0.0000,2027
ILLUSTRATIVE_FIFO_WITHIN_FLOW_NOT_ACTUAL_PAYMENT,OPERATING,2027-08-31,SHI,3000.0000,,ENT-base-0001963,8,OB-base-ENT-base-0001963-5075,AP-base-7-HOSTING-FF-026,2027-08-31,VENDOR_INVOICE,3000.0000,base,base-08-PAYMENT_REQUEST-AP-base-7-HOSTING-FF-026,foundry-field,0.0000,2027
ILLUSTRATIVE_FIFO_WITHIN_FLOW_NOT_ACTUAL_PAYMENT,OPERATING,2027-08-31,SHI,3600.0000,,ENT-base-0001964,8,OB-base-ENT-base-0001964-5077,AP-base-7-HOSTING-FF-027,2027-08-31,VENDOR_INVOICE,3600.0000,base,base-08-PAYMENT_REQUEST-AP-base-7-HOSTING-FF-027,foundry-field,0.0000,2027
ILLUSTRATIVE_FIFO_WITHIN_FLOW_NOT_ACTUAL_PAYMENT,OPERATING,2027-08-31,SHI,1800.0000,,ENT-base-0001965,8,OB-base-ENT-base-0001965-5079,AP-base-7-HOSTING-FF-028,2027-08-31,VENDOR_INVOICE,1800.0000,base,base-08-PAYMENT_REQUEST-AP-base-7-HOSTING-FF-028,foundry-field,0.0000,2027
ILLUSTRATIVE_FIFO_WITHIN_FLOW_NOT_ACTUAL_PAYMENT,OPERATING,2027-08-31,SHI,2400.0000,,ENT-base-0001966,8,OB-base-ENT-base-0001966-5081,AP-base-7-HOSTING-FF-029,2027-08-31,VENDOR_INVOICE,2400.0000,base,base-08-PAYMENT_REQUEST-AP-base-7-HOSTING-FF-029,foundry-field,0.0000,2027
ILLUSTRATIVE_FIFO_WITHIN_FLOW_NOT_ACTUAL_PAYMENT,OPERATING,2027-08-31,SHI,3000.0000,,ENT-base-0001967,8,OB-base-ENT-base-0001967-5083,AP-base-7-HOSTING-FF-030,2027-08-31,VENDOR_INVOICE,3000.0000,base,base-08-PAYMENT_REQUEST-AP-base-7-HOSTING-FF-030,foundry-field,0.0000,2027
ILLUSTRATIVE_FIFO_WITHIN_FLOW_NOT_ACTUAL_PAYMENT,OPERATING,2027-08-31,SHI,3600.0000,,ENT-base-0001968,8,OB-base-ENT-base-0001968-5085,AP-base-7-HOSTING-FF-031,2027-08-31,VENDOR_INVOICE,3600.0000,base,base-08-PAYMENT_REQUEST-AP-base-7-HOSTING-FF-031,foundry-field,0.0000,2027
ILLUSTRATIVE_FIFO_WITHIN_FLOW_NOT_ACTUAL_PAYMENT,OPERATING,2027-08-31,SHI,1800.0000,,ENT-base-0001969,8,OB-base-ENT-base-0001969-5087,AP-base-7-HOSTING-FF-032,2027-08-31,VENDOR_INVOICE,1800.0000,base,base-08-PAYMENT_REQUEST-AP-base-7-HOSTING-FF-032,foundry-field,0.0000,2027
ILLUSTRATIVE_FIFO_WITHIN_FLOW_NOT_ACTUAL_PAYMENT,OPERATING,2027-08-31,SHI,2400.0000,,ENT-base-0001970,8,OB-base-ENT-base-0001970-5089,AP-base-7-HOSTING-FF-033,2027-08-31,VENDOR_INVOICE,2400.0000,base,base-08-PAYMENT_REQUEST-AP-base-7-HOSTING-FF-033,foundry-field,0.0000,2027
ILLUSTRATIVE_FIFO_WITHIN_FLOW_NOT_ACTUAL_PAYMENT,OPERATING,2027-08-31,SHI,3000.0000,,ENT-base-0001971,8,OB-base-ENT-base-0001971-5091,AP-base-7-HOSTING-FF-034,2027-08-31,VENDOR_INVOICE,3000.0000,base,base-08-PAYMENT_REQUEST-AP-base-7-HOSTING-FF-034,foundry-field,0.0000,2027
ILLUSTRATIVE_FIFO_WITHIN_FLOW_NOT_ACTUAL_PAYMENT,OPERATING,2027-08-31,SHI,3600.0000,,ENT-base-0001972,8,OB-base-ENT-base-0001972-5093,AP-base-7-HOSTING-FF-035,2027-08-31,VENDOR_INVOICE,3600.0000,base,base-08-PAYMENT_REQUEST-AP-base-7-HOSTING-FF-035,foundry-field,0.0000,2027
ILLUSTRATIVE_FIFO_WITHIN_FLOW_NOT_ACTUAL_PAYMENT,OPERATING,2027-08-31,SHI,1800.0000,,ENT-base-0001973,8,OB-base-ENT-base-0001973-5095,AP-base-7-HOSTING-FF-036,2027-08-31,VENDOR_INVOICE,1800.0000,base,base-08-PAYMENT_REQUEST-AP-base-7-HOSTING-FF-036,foundry-field,0.0000,2027
ILLUSTRATIVE_FIFO_WITHIN_FLOW_NOT_ACTUAL_PAYMENT,OPERATING,2027-08-31,SHI,1400.0000,,ENT-base-0001974,8,OB-base-ENT-base-0001974-5097,AP-base-7-HOSTING-ATL-LIC-001,2027-08-31,VENDOR_INVOICE,1400.0000,base,base-08-PAYMENT_REQUEST-AP-base-7-HOSTING-ATL-LIC-001,atlas-meridian,0.0000,2027
ILLUSTRATIVE_FIFO_WITHIN_FLOW_NOT_ACTUAL_PAYMENT,OPERATING,2027-08-31,SHI,1600.0000,,ENT-base-0001975,8,OB-base-ENT-base-0001975-5099,AP-base-7-HOSTING-ATL-LIC-002,2027-08-31,VENDOR_INVOICE,1600.0000,base,base-08-PAYMENT_REQUEST-AP-base-7-HOSTING-ATL-LIC-002,atlas-meridian,0.0000,2027
ILLUSTRATIVE_FIFO_WITHIN_FLOW_NOT_ACTUAL_PAYMENT,OPERATING,2027-08-31,SHI,1800.0000,,ENT-base-0001976,8,OB-base-ENT-base-0001976-5101,AP-base-7-HOSTING-ATL-LIC-003,2027-08-31,VENDOR_INVOICE,1800.0000,base,base-08-PAYMENT_REQUEST-AP-base-7-HOSTING-ATL-LIC-003,atlas-meridian,0.0000,2027
ILLUSTRATIVE_FIFO_WITHIN_FLOW_NOT_ACTUAL_PAYMENT,OPERATING,2027-08-31,SHI,1200.0000,,ENT-base-0001977,8,OB-base-ENT-base-0001977-5103,AP-base-7-HOSTING-ATL-LIC-004,2027-08-31,VENDOR_INVOICE,1200.0000,base,base-08-PAYMENT_REQUEST-AP-base-7-HOSTING-ATL-LIC-004,atlas-meridian,0.0000,2027
ILLUSTRATIVE_FIFO_WITHIN_FLOW_NOT_ACTUAL_PAYMENT,OPERATING,2027-08-31,SHI,1400.0000,,ENT-base-0001978,8,OB-base-ENT-base-0001978-5105,AP-base-7-HOSTING-ATL-LIC-005,2027-08-31,VENDOR_INVOICE,1400.0000,base,base-08-PAYMENT_REQUEST-AP-base-7-HOSTING-ATL-LIC-005,atlas-meridian,0.0000,2027
ILLUSTRATIVE_FIFO_WITHIN_FLOW_NOT_ACTUAL_PAYMENT,OPERATING,2027-08-31,SHI,1600.0000,,ENT-base-0001979,8,OB-base-ENT-base-0001979-5107,AP-base-7-HOSTING-ATL-LIC-006,2027-08-31,VENDOR_INVOICE,1600.0000,base,base-08-PAYMENT_REQUEST-AP-base-7-HOSTING-ATL-LIC-006,atlas-meridian,0.0000,2027
ILLUSTRATIVE_FIFO_WITHIN_FLOW_NOT_ACTUAL_PAYMENT,OPERATING,2027-08-31,SHI,1800.0000,,ENT-base-0001980,8,OB-base-ENT-base-0001980-5109,AP-base-7-HOSTING-ATL-LIC-007,2027-08-31,VENDOR_INVOICE,1800.0000,base,base-08-PAYMENT_REQUEST-AP-base-7-HOSTING-ATL-LIC-007,atlas-meridian,0.0000,2027
ILLUSTRATIVE_FIFO_WITHIN_FLOW_NOT_ACTUAL_PAYMENT,OPERATING,2027-08-31,SHI,1400.0000,,ENT-base-0001981,8,OB-base-ENT-base-0001981-5111,AP-base-7-HOSTING-ATL-LIC-013,2027-08-31,VENDOR_INVOICE,1400.0000,base,base-08-PAYMENT_REQUEST-AP-base-7-HOSTING-ATL-LIC-013,atlas-meridian,0.0000,2027
ILLUSTRATIVE_FIFO_WITHIN_FLOW_NOT_ACTUAL_PAYMENT,OPERATING,2027-08-31,SHI,1600.0000,,ENT-base-0001982,8,OB-base-ENT-base-0001982-5113,AP-base-7-HOSTING-ATL-LIC-014,2027-08-31,VENDOR_INVOICE,1600.0000,base,base-08-PAYMENT_REQUEST-AP-base-7-HOSTING-ATL-LIC-014,atlas-meridian,0.0000,2027
ILLUSTRATIVE_FIFO_WITHIN_FLOW_NOT_ACTUAL_PAYMENT,OPERATING,2027-08-31,SHI,1800.0000,,ENT-base-0001983,8,OB-base-ENT-base-0001983-5115,AP-base-7-HOSTING-ATL-LIC-015,2027-08-31,VENDOR_INVOICE,1800.0000,base,base-08-PAYMENT_REQUEST-AP-base-7-HOSTING-ATL-LIC-015,atlas-meridian,0.0000,2027
ILLUSTRATIVE_FIFO_WITHIN_FLOW_NOT_ACTUAL_PAYMENT,OPERATING,2027-08-31,SHI,6720.0000,,ENT-base-0001984,8,OB-base-ENT-base-0001984-5117,AP-base-7-TRAVEL-ADV-2027-04-workflow-acceptance,2027-08-31,VENDOR_INVOICE,6720.0000,base,base-08-PAYMENT_REQUEST-AP-base-7-TRAVEL-ADV-2027-04-workflow-acceptance,advisory,0.0000,2027
ILLUSTRATIVE_FIFO_WITHIN_FLOW_NOT_ACTUAL_PAYMENT,OPERATING,2027-08-31,SHI,3360.0000,,ENT-base-0001985,8,OB-base-ENT-base-0001985-5119,AP-base-7-TRAVEL-ADV-2027-04-transfer-and-handover,2027-08-31,VENDOR_INVOICE,3360.0000,base,base-08-PAYMENT_REQUEST-AP-base-7-TRAVEL-ADV-2027-04-transfer-and-handover,advisory,0.0000,2027
ILLUSTRATIVE_FIFO_WITHIN_FLOW_NOT_ACTUAL_PAYMENT,OPERATING,2027-08-31,SHI,2940.0000,,ENT-base-0001986,8,OB-base-ENT-base-0001986-5121,AP-base-7-TRAVEL-ADV-2027-07-transfer-and-handover,2027-08-31,VENDOR_INVOICE,2940.0000,base,base-08-PAYMENT_REQUEST-AP-base-7-TRAVEL-ADV-2027-07-transfer-and-handover,advisory,0.0000,2027
ILLUSTRATIVE_FIFO_WITHIN_FLOW_NOT_ACTUAL_PAYMENT,OPERATING,2027-08-31,SHI,3360.0000,,ENT-base-0001987,8,OB-base-ENT-base-0001987-5123,AP-base-7-TRAVEL-ADV-2027-08-transfer-and-handover,2027-08-31,VENDOR_INVOICE,3360.0000,base,base-08-PAYMENT_REQUEST-AP-base-7-TRAVEL-ADV-2027-08-transfer-and-handover,advisory,0.0000,2027
ILLUSTRATIVE_FIFO_WITHIN_FLOW_NOT_ACTUAL_PAYMENT,OPERATING,2027-08-31,SHI,4200.0000,,ENT-base-0001988,8,OB-base-ENT-base-0001988-5125,AP-base-7-TRAVEL-ADV-2027-09-workflow-acceptance,2027-08-31,VENDOR_INVOICE,4200.0000,base,base-08-PAYMENT_REQUEST-AP-base-7-TRAVEL-ADV-2027-09-workflow-acceptance,advisory,0.0000,2027
ILLUSTRATIVE_FIFO_WITHIN_FLOW_NOT_ACTUAL_PAYMENT,OPERATING,2027-08-31,SHI,5040.0000,,ENT-base-0001989,8,OB-base-ENT-base-0001989-5127,AP-base-7-TRAVEL-ADV-2027-10-workflow-acceptance,2027-08-31,VENDOR_INVOICE,5040.0000,base,base-08-PAYMENT_REQUEST-AP-base-7-TRAVEL-ADV-2027-10-workflow-acceptance,advisory,0.0000,2027
ILLUSTRATIVE_FIFO_WITHIN_FLOW_NOT_ACTUAL_PAYMENT,OPERATING,2027-08-31,SHI,2940.0000,,ENT-base-0001990,8,OB-base-ENT-base-0001990-5129,AP-base-7-TRAVEL-ADV-2027-11-scope-and-diagnosis,2027-08-31,VENDOR_INVOICE,2940.0000,base,base-08-PAYMENT_REQUEST-AP-base-7-TRAVEL-ADV-2027-11-scope-and-diagnosis,advisory,0.0000,2027
ILLUSTRATIVE_FIFO_WITHIN_FLOW_NOT_ACTUAL_PAYMENT,OPERATING,2027-08-31,SHI,3360.0000,,ENT-base-0001991,8,OB-base-ENT-base-0001991-5131,AP-base-7-TRAVEL-ADV-2027-12-scope-and-diagnosis,2027-08-31,VENDOR_INVOICE,3360.0000,base,base-08-PAYMENT_REQUEST-AP-base-7-TRAVEL-ADV-2027-12-scope-and-diagnosis,advisory,0.0000,2027
ILLUSTRATIVE_FIFO_WITHIN_FLOW_NOT_ACTUAL_PAYMENT,OPERATING,2027-08-31,SHI,8550.0000,,ENT-base-0001992,8,OB-base-ENT-base-0001992-5133,AP-base-7-COMPUTE-ATL-2027-04-accepted-transfer,2027-08-31,VENDOR_INVOICE,8550.0000,base,base-08-PAYMENT_REQUEST-AP-base-7-COMPUTE-ATL-2027-04-accepted-transfer,atlas-meridian,0.0000,2027
ILLUSTRATIVE_FIFO_WITHIN_FLOW_NOT_ACTUAL_PAYMENT,OPERATING,2027-08-31,SHI,8550.0000,,ENT-base-0001993,8,OB-base-ENT-base-0001993-5135,AP-base-7-COMPUTE-ATL-2027-06-evaluated-workflow,2027-08-31,VENDOR_INVOICE,8550.0000,base,base-08-PAYMENT_REQUEST-AP-base-7-COMPUTE-ATL-2027-06-evaluated-workflow,atlas-meridian,0.0000,2027
ILLUSTRATIVE_FIFO_WITHIN_FLOW_NOT_ACTUAL_PAYMENT,OPERATING,2027-08-31,SHI,9000.0000,,ENT-base-0001994,8,OB-base-ENT-base-0001994-5137,AP-base-7-WIL-VIBRATION,2027-08-31,VENDOR_INVOICE,9000.0000,base,base-08-PAYMENT_REQUEST-AP-base-7-WIL-VIBRATION,willow,0.0000,2027
ILLUSTRATIVE_FIFO_WITHIN_FLOW_NOT_ACTUAL_PAYMENT,OPERATING,2027-08-31,SHI,18000.0000,,ENT-base-0001995,8,OB-base-ENT-base-0001995-5139,AP-base-7-WIL-CHEMISTRY,2027-08-31,VENDOR_INVOICE,18000.0000,base,base-08-PAYMENT_REQUEST-AP-base-7-WIL-CHEMISTRY,willow,0.0000,2027
ILLUSTRATIVE_FIFO_WITHIN_FLOW_NOT_ACTUAL_PAYMENT,OPERATING,2027-08-31,SHI,8000.0000,,ENT-base-0001996,8,OB-base-ENT-base-0001996-5141,AP-base-7-WIL-RF-RETEST-2027,2027-08-31,VENDOR_INVOICE,8000.0000,base,base-08-PAYMENT_REQUEST-AP-base-7-WIL-RF-RETEST-2027,willow,0.0000,2027
ILLUSTRATIVE_FIFO_WITHIN_FLOW_NOT_ACTUAL_PAYMENT,OPERATING,2027-08-31,SHI,8580.0000,,ENT-base-0001997,8,OB-base-ENT-base-0001997-5143,AP-base-7-PROCESS-STREAM17-base-07,2027-08-31,VENDOR_INVOICE,8580.0000,base,base-08-PAYMENT_REQUEST-AP-base-7-PROCESS-STREAM17-base-07,project-cradle,0.0000,2027
ILLUSTRATIVE_FIFO_WITHIN_FLOW_NOT_ACTUAL_PAYMENT,OPERATING,2027-08-31,SHI,18500.0000,,ENT-base-0001998,8,OB-base-ENT-base-0001998-5145,AP-base-7-PROCESS-DEMOTTE-base-07,2027-08-31,VENDOR_INVOICE,18500.0000,base,base-08-PAYMENT_REQUEST-AP-base-7-PROCESS-DEMOTTE-base-07,project-cradle,0.0000,2027
ILLUSTRATIVE_FIFO_WITHIN_FLOW_NOT_ACTUAL_PAYMENT,OPERATING,2027-08-31,SHI,3979.8000,,ENT-base-0001999,8,OB-base-ENT-base-0001999-5147,AP-base-7-FREIGHT-STREAM17-base-06,2027-08-31,VENDOR_INVOICE,3979.8000,base,base-08-PAYMENT_REQUEST-AP-base-7-FREIGHT-STREAM17-base-06,project-cradle,0.0000,2027
ILLUSTRATIVE_FIFO_WITHIN_FLOW_NOT_ACTUAL_PAYMENT,OPERATING,2027-08-31,SHI,19952.0640,INV-base-base-06-DOWNSTREAM_ACCEPTANCE-STREAM17-base-05,ENT-base-0002000,8,OB-base-ENT-base-0002000-5149,,2027-08-31,HOST_SETTLEMENT,19952.0640,base,base-08-HOST_SETTLEMENT_REQUEST-INV-base-base-06-DOWNSTREAM_ACCEPTANCE-STREAM17-base-05-8,project-cradle,0.0000,2027
ILLUSTRATIVE_FIFO_WITHIN_FLOW_NOT_ACTUAL_PAYMENT,OPERATING,2027-08-31,SHI,1945416.6613,,ENT-base-0002001,8,OB-base-ENT-base-0002001-5151,,2027-08-31,PAYROLL_BATCH,1945416.6613,base,base-08-PAYROLL_REQUEST-foundry-field,foundry-field,0.0000,2027
ILLUSTRATIVE_FIFO_WITHIN_FLOW_NOT_ACTUAL_PAYMENT,OPERATING,2027-08-31,SHI,524999.9988,,ENT-base-0002002,8,OB-base-ENT-base-0002002-5153,,2027-08-31,PAYROLL_BATCH,524999.9988,base,base-08-PAYROLL_REQUEST-atlas-meridian,atlas-meridian,0.0000,2027
ILLUSTRATIVE_FIFO_WITHIN_FLOW_NOT_ACTUAL_PAYMENT,OPERATING,2027-08-31,SHI,420833.3344,,ENT-base-0002003,8,OB-base-ENT-base-0002003-5155,,2027-08-31,PAYROLL_BATCH,420833.3344,base,base-08-PAYROLL_REQUEST-advisory,advisory,0.0000,2027
ILLUSTRATIVE_FIFO_WITHIN_FLOW_NOT_ACTUAL_PAYMENT,OPERATING,2027-08-31,SHI,292500.0000,,ENT-base-0002004,8,OB-base-ENT-base-0002004-5157,,2027-08-31,PAYROLL_BATCH,292500.0000,base,base-08-PAYROLL_REQUEST-willow,willow,0.0000,2027
ILLUSTRATIVE_FIFO_WITHIN_FLOW_NOT_ACTUAL_PAYMENT,OPERATING,2027-08-31,SHI,187500.0006,,ENT-base-0002005,8,OB-base-ENT-base-0002005-5159,,2027-08-31,PAYROLL_BATCH,187500.0006,base,base-08-PAYROLL_REQUEST-project-cradle,project-cradle,0.0000,2027
ILLUSTRATIVE_FIFO_WITHIN_FLOW_NOT_ACTUAL_PAYMENT,OPERATING,2027-08-31,SHI,2834999.9956,,ENT-base-0002006,8,OB-base-ENT-base-0002006-5161,,2027-08-31,PAYROLL_BATCH,2834999.9956,base,base-08-PAYROLL_REQUEST-corporate,corporate,0.0000,2027
ILLUSTRATIVE_FIFO_WITHIN_FLOW_NOT_ACTUAL_PAYMENT,OPERATING,2027-09-30,SHI,186875.0000,,ENT-base-0002167,9,OB-base-ENT-base-0002167-5521,,2027-09-30,OTHER_OPERATING_REQUEST,186875.0000,base,CORE-INTEREST,corporate,0.0000,2027
ILLUSTRATIVE_FIFO_WITHIN_FLOW_NOT_ACTUAL_PAYMENT,OPERATING,2027-09-30,SHI,113000.0000,,ENT-base-0002176,9,OB-base-ENT-base-0002176-5539,AP-base-8-ESS-FACILITY-VENDORS,2027-09-30,VENDOR_INVOICE,113000.0000,base,base-09-PAYMENT_REQUEST-AP-base-8-ESS-FACILITY-VENDORS,corporate,0.0000,2027
ILLUSTRATIVE_FIFO_WITHIN_FLOW_NOT_ACTUAL_PAYMENT,OPERATING,2027-09-30,SHI,2400.0000,,ENT-base-0002177,9,OB-base-ENT-base-0002177-5541,AP-base-8-HOSTING-FF-001,2027-09-30,VENDOR_INVOICE,2400.0000,base,base-09-PAYMENT_REQUEST-AP-base-8-HOSTING-FF-001,foundry-field,0.0000,2027
ILLUSTRATIVE_FIFO_WITHIN_FLOW_NOT_ACTUAL_PAYMENT,OPERATING,2027-09-30,SHI,3000.0000,,ENT-base-0002178,9,OB-base-ENT-base-0002178-5543,AP-base-8-HOSTING-FF-002,2027-09-30,VENDOR_INVOICE,3000.0000,base,base-09-PAYMENT_REQUEST-AP-base-8-HOSTING-FF-002,foundry-field,0.0000,2027
ILLUSTRATIVE_FIFO_WITHIN_FLOW_NOT_ACTUAL_PAYMENT,OPERATING,2027-09-30,SHI,3600.0000,,ENT-base-0002179,9,OB-base-ENT-base-0002179-5545,AP-base-8-HOSTING-FF-003,2027-09-30,VENDOR_INVOICE,3600.0000,base,base-09-PAYMENT_REQUEST-AP-base-8-HOSTING-FF-003,foundry-field,0.0000,2027
ILLUSTRATIVE_FIFO_WITHIN_FLOW_NOT_ACTUAL_PAYMENT,OPERATING,2027-09-30,SHI,1800.0000,,ENT-base-0002180,9,OB-base-ENT-base-0002180-5547,AP-base-8-HOSTING-FF-004,2027-09-30,VENDOR_INVOICE,1800.0000,base,base-09-PAYMENT_REQUEST-AP-base-8-HOSTING-FF-004,foundry-field,0.0000,2027
ILLUSTRATIVE_FIFO_WITHIN_FLOW_NOT_ACTUAL_PAYMENT,OPERATING,2027-09-30,SHI,2400.0000,,ENT-base-0002181,9,OB-base-ENT-base-0002181-5549,AP-base-8-HOSTING-FF-005,2027-09-30,VENDOR_INVOICE,2400.0000,base,base-09-PAYMENT_REQUEST-AP-base-8-HOSTING-FF-005,foundry-field,0.0000,2027
ILLUSTRATIVE_FIFO_WITHIN_FLOW_NOT_ACTUAL_PAYMENT,OPERATING,2027-09-30,SHI,3000.0000,,ENT-base-0002182,9,OB-base-ENT-base-0002182-5551,AP-base-8-HOSTING-FF-006,2027-09-30,VENDOR_INVOICE,3000.0000,base,base-09-PAYMENT_REQUEST-AP-base-8-HOSTING-FF-006,foundry-field,0.0000,2027
ILLUSTRATIVE_FIFO_WITHIN_FLOW_NOT_ACTUAL_PAYMENT,OPERATING,2027-09-30,SHI,3600.0000,,ENT-base-0002183,9,OB-base-ENT-base-0002183-5553,AP-base-8-HOSTING-FF-007,2027-09-30,VENDOR_INVOICE,3600.0000,base,base-09-PAYMENT_REQUEST-AP-base-8-HOSTING-FF-007,foundry-field,0.0000,2027
ILLUSTRATIVE_FIFO_WITHIN_FLOW_NOT_ACTUAL_PAYMENT,OPERATING,2027-09-30,SHI,1800.0000,,ENT-base-0002184,9,OB-base-ENT-base-0002184-5555,AP-base-8-HOSTING-FF-008,2027-09-30,VENDOR_INVOICE,1800.0000,base,base-09-PAYMENT_REQUEST-AP-base-8-HOSTING-FF-008,foundry-field,0.0000,2027
ILLUSTRATIVE_FIFO_WITHIN_FLOW_NOT_ACTUAL_PAYMENT,OPERATING,2027-09-30,SHI,2400.0000,,ENT-base-0002185,9,OB-base-ENT-base-0002185-5557,AP-base-8-HOSTING-FF-009,2027-09-30,VENDOR_INVOICE,2400.0000,base,base-09-PAYMENT_REQUEST-AP-base-8-HOSTING-FF-009,foundry-field,0.0000,2027
ILLUSTRATIVE_FIFO_WITHIN_FLOW_NOT_ACTUAL_PAYMENT,OPERATING,2027-09-30,SHI,3000.0000,,ENT-base-0002186,9,OB-base-ENT-base-0002186-5559,AP-base-8-HOSTING-FF-010,2027-09-30,VENDOR_INVOICE,3000.0000,base,base-09-PAYMENT_REQUEST-AP-base-8-HOSTING-FF-010,foundry-field,0.0000,2027
ILLUSTRATIVE_FIFO_WITHIN_FLOW_NOT_ACTUAL_PAYMENT,OPERATING,2027-09-30,SHI,3600.0000,,ENT-base-0002187,9,OB-base-ENT-base-0002187-5561,AP-base-8-HOSTING-FF-011,2027-09-30,VENDOR_INVOICE,3600.0000,base,base-09-PAYMENT_REQUEST-AP-base-8-HOSTING-FF-011,foundry-field,0.0000,2027
ILLUSTRATIVE_FIFO_WITHIN_FLOW_NOT_ACTUAL_PAYMENT,OPERATING,2027-09-30,SHI,1800.0000,,ENT-base-0002188,9,OB-base-ENT-base-0002188-5563,AP-base-8-HOSTING-FF-012,2027-09-30,VENDOR_INVOICE,1800.0000,base,base-09-PAYMENT_REQUEST-AP-base-8-HOSTING-FF-012,foundry-field,0.0000,2027
ILLUSTRATIVE_FIFO_WITHIN_FLOW_NOT_ACTUAL_PAYMENT,OPERATING,2027-09-30,SHI,2400.0000,,ENT-base-0002189,9,OB-base-ENT-base-0002189-5565,AP-base-8-HOSTING-FF-013,2027-09-30,VENDOR_INVOICE,2400.0000,base,base-09-PAYMENT_REQUEST-AP-base-8-HOSTING-FF-013,foundry-field,0.0000,2027
ILLUSTRATIVE_FIFO_WITHIN_FLOW_NOT_ACTUAL_PAYMENT,OPERATING,2027-09-30,SHI,3000.0000,,ENT-base-0002190,9,OB-base-ENT-base-0002190-5567,AP-base-8-HOSTING-FF-014,2027-09-30,VENDOR_INVOICE,3000.0000,base,base-09-PAYMENT_REQUEST-AP-base-8-HOSTING-FF-014,foundry-field,0.0000,2027
ILLUSTRATIVE_FIFO_WITHIN_FLOW_NOT_ACTUAL_PAYMENT,OPERATING,2027-09-30,SHI,3600.0000,,ENT-base-0002191,9,OB-base-ENT-base-0002191-5569,AP-base-8-HOSTING-FF-015,2027-09-30,VENDOR_INVOICE,3600.0000,base,base-09-PAYMENT_REQUEST-AP-base-8-HOSTING-FF-015,foundry-field,0.0000,2027
ILLUSTRATIVE_FIFO_WITHIN_FLOW_NOT_ACTUAL_PAYMENT,OPERATING,2027-09-30,SHI,1800.0000,,ENT-base-0002192,9,OB-base-ENT-base-0002192-5571,AP-base-8-HOSTING-FF-016,2027-09-30,VENDOR_INVOICE,1800.0000,base,base-09-PAYMENT_REQUEST-AP-base-8-HOSTING-FF-016,foundry-field,0.0000,2027
ILLUSTRATIVE_FIFO_WITHIN_FLOW_NOT_ACTUAL_PAYMENT,OPERATING,2027-09-30,SHI,2400.0000,,ENT-base-0002193,9,OB-base-ENT-base-0002193-5573,AP-base-8-HOSTING-FF-017,2027-09-30,VENDOR_INVOICE,2400.0000,base,base-09-PAYMENT_REQUEST-AP-base-8-HOSTING-FF-017,foundry-field,0.0000,2027
ILLUSTRATIVE_FIFO_WITHIN_FLOW_NOT_ACTUAL_PAYMENT,OPERATING,2027-09-30,SHI,3000.0000,,ENT-base-0002194,9,OB-base-ENT-base-0002194-5575,AP-base-8-HOSTING-FF-018,2027-09-30,VENDOR_INVOICE,3000.0000,base,base-09-PAYMENT_REQUEST-AP-base-8-HOSTING-FF-018,foundry-field,0.0000,2027
ILLUSTRATIVE_FIFO_WITHIN_FLOW_NOT_ACTUAL_PAYMENT,OPERATING,2027-09-30,SHI,3600.0000,,ENT-base-0002195,9,OB-base-ENT-base-0002195-5577,AP-base-8-HOSTING-FF-019,2027-09-30,VENDOR_INVOICE,3600.0000,base,base-09-PAYMENT_REQUEST-AP-base-8-HOSTING-FF-019,foundry-field,0.0000,2027
ILLUSTRATIVE_FIFO_WITHIN_FLOW_NOT_ACTUAL_PAYMENT,OPERATING,2027-09-30,SHI,1800.0000,,ENT-base-0002196,9,OB-base-ENT-base-0002196-5579,AP-base-8-HOSTING-FF-020,2027-09-30,VENDOR_INVOICE,1800.0000,base,base-09-PAYMENT_REQUEST-AP-base-8-HOSTING-FF-020,foundry-field,0.0000,2027
ILLUSTRATIVE_FIFO_WITHIN_FLOW_NOT_ACTUAL_PAYMENT,OPERATING,2027-09-30,SHI,2400.0000,,ENT-base-0002197,9,OB-base-ENT-base-0002197-5581,AP-base-8-HOSTING-FF-021,2027-09-30,VENDOR_INVOICE,2400.0000,base,base-09-PAYMENT_REQUEST-AP-base-8-HOSTING-FF-021,foundry-field,0.0000,2027
ILLUSTRATIVE_FIFO_WITHIN_FLOW_NOT_ACTUAL_PAYMENT,OPERATING,2027-09-30,SHI,3000.0000,,ENT-base-0002198,9,OB-base-ENT-base-0002198-5583,AP-base-8-HOSTING-FF-022,2027-09-30,VENDOR_INVOICE,3000.0000,base,base-09-PAYMENT_REQUEST-AP-base-8-HOSTING-FF-022,foundry-field,0.0000,2027
ILLUSTRATIVE_FIFO_WITHIN_FLOW_NOT_ACTUAL_PAYMENT,OPERATING,2027-09-30,SHI,3600.0000,,ENT-base-0002199,9,OB-base-ENT-base-0002199-5585,AP-base-8-HOSTING-FF-023,2027-09-30,VENDOR_INVOICE,3600.0000,base,base-09-PAYMENT_REQUEST-AP-base-8-HOSTING-FF-023,foundry-field,0.0000,2027
ILLUSTRATIVE_FIFO_WITHIN_FLOW_NOT_ACTUAL_PAYMENT,OPERATING,2027-09-30,SHI,1800.0000,,ENT-base-0002200,9,OB-base-ENT-base-0002200-5587,AP-base-8-HOSTING-FF-024,2027-09-30,VENDOR_INVOICE,1800.0000,base,base-09-PAYMENT_REQUEST-AP-base-8-HOSTING-FF-024,foundry-field,0.0000,2027
ILLUSTRATIVE_FIFO_WITHIN_FLOW_NOT_ACTUAL_PAYMENT,OPERATING,2027-09-30,SHI,2400.0000,,ENT-base-0002201,9,OB-base-ENT-base-0002201-5589,AP-base-8-HOSTING-FF-025,2027-09-30,VENDOR_INVOICE,2400.0000,base,base-09-PAYMENT_REQUEST-AP-base-8-HOSTING-FF-025,foundry-field,0.0000,2027
ILLUSTRATIVE_FIFO_WITHIN_FLOW_NOT_ACTUAL_PAYMENT,OPERATING,2027-09-30,SHI,3000.0000,,ENT-base-0002202,9,OB-base-ENT-base-0002202-5591,AP-base-8-HOSTING-FF-026,2027-09-30,VENDOR_INVOICE,3000.0000,base,base-09-PAYMENT_REQUEST-AP-base-8-HOSTING-FF-026,foundry-field,0.0000,2027
ILLUSTRATIVE_FIFO_WITHIN_FLOW_NOT_ACTUAL_PAYMENT,OPERATING,2027-09-30,SHI,3600.0000,,ENT-base-0002203,9,OB-base-ENT-base-0002203-5593,AP-base-8-HOSTING-FF-027,2027-09-30,VENDOR_INVOICE,3600.0000,base,base-09-PAYMENT_REQUEST-AP-base-8-HOSTING-FF-027,foundry-field,0.0000,2027
ILLUSTRATIVE_FIFO_WITHIN_FLOW_NOT_ACTUAL_PAYMENT,OPERATING,2027-09-30,SHI,1800.0000,,ENT-base-0002204,9,OB-base-ENT-base-0002204-5595,AP-base-8-HOSTING-FF-028,2027-09-30,VENDOR_INVOICE,1800.0000,base,base-09-PAYMENT_REQUEST-AP-base-8-HOSTING-FF-028,foundry-field,0.0000,2027
ILLUSTRATIVE_FIFO_WITHIN_FLOW_NOT_ACTUAL_PAYMENT,OPERATING,2027-09-30,SHI,2400.0000,,ENT-base-0002205,9,OB-base-ENT-base-0002205-5597,AP-base-8-HOSTING-FF-029,2027-09-30,VENDOR_INVOICE,2400.0000,base,base-09-PAYMENT_REQUEST-AP-base-8-HOSTING-FF-029,foundry-field,0.0000,2027
ILLUSTRATIVE_FIFO_WITHIN_FLOW_NOT_ACTUAL_PAYMENT,OPERATING,2027-09-30,SHI,3000.0000,,ENT-base-0002206,9,OB-base-ENT-base-0002206-5599,AP-base-8-HOSTING-FF-030,2027-09-30,VENDOR_INVOICE,3000.0000,base,base-09-PAYMENT_REQUEST-AP-base-8-HOSTING-FF-030,foundry-field,0.0000,2027
ILLUSTRATIVE_FIFO_WITHIN_FLOW_NOT_ACTUAL_PAYMENT,OPERATING,2027-09-30,SHI,3600.0000,,ENT-base-0002207,9,OB-base-ENT-base-0002207-5601,AP-base-8-HOSTING-FF-031,2027-09-30,VENDOR_INVOICE,3600.0000,base,base-09-PAYMENT_REQUEST-AP-base-8-HOSTING-FF-031,foundry-field,0.0000,2027
ILLUSTRATIVE_FIFO_WITHIN_FLOW_NOT_ACTUAL_PAYMENT,OPERATING,2027-09-30,SHI,1800.0000,,ENT-base-0002208,9,OB-base-ENT-base-0002208-5603,AP-base-8-HOSTING-FF-032,2027-09-30,VENDOR_INVOICE,1800.0000,base,base-09-PAYMENT_REQUEST-AP-base-8-HOSTING-FF-032,foundry-field,0.0000,2027
ILLUSTRATIVE_FIFO_WITHIN_FLOW_NOT_ACTUAL_PAYMENT,OPERATING,2027-09-30,SHI,2400.0000,,ENT-base-0002209,9,OB-base-ENT-base-0002209-5605,AP-base-8-HOSTING-FF-033,2027-09-30,VENDOR_INVOICE,2400.0000,base,base-09-PAYMENT_REQUEST-AP-base-8-HOSTING-FF-033,foundry-field,0.0000,2027
ILLUSTRATIVE_FIFO_WITHIN_FLOW_NOT_ACTUAL_PAYMENT,OPERATING,2027-09-30,SHI,3000.0000,,ENT-base-0002210,9,OB-base-ENT-base-0002210-5607,AP-base-8-HOSTING-FF-034,2027-09-30,VENDOR_INVOICE,3000.0000,base,base-09-PAYMENT_REQUEST-AP-base-8-HOSTING-FF-034,foundry-field,0.0000,2027
ILLUSTRATIVE_FIFO_WITHIN_FLOW_NOT_ACTUAL_PAYMENT,OPERATING,2027-09-30,SHI,3600.0000,,ENT-base-0002211,9,OB-base-ENT-base-0002211-5609,AP-base-8-HOSTING-FF-035,2027-09-30,VENDOR_INVOICE,3600.0000,base,base-09-PAYMENT_REQUEST-AP-base-8-HOSTING-FF-035,foundry-field,0.0000,2027
ILLUSTRATIVE_FIFO_WITHIN_FLOW_NOT_ACTUAL_PAYMENT,OPERATING,2027-09-30,SHI,1800.0000,,ENT-base-0002212,9,OB-base-ENT-base-0002212-5611,AP-base-8-HOSTING-FF-036,2027-09-30,VENDOR_INVOICE,1800.0000,base,base-09-PAYMENT_REQUEST-AP-base-8-HOSTING-FF-036,foundry-field,0.0000,2027
ILLUSTRATIVE_FIFO_WITHIN_FLOW_NOT_ACTUAL_PAYMENT,OPERATING,2027-09-30,SHI,1400.0000,,ENT-base-0002213,9,OB-base-ENT-base-0002213-5613,AP-base-8-HOSTING-ATL-LIC-001,2027-09-30,VENDOR_INVOICE,1400.0000,base,base-09-PAYMENT_REQUEST-AP-base-8-HOSTING-ATL-LIC-001,atlas-meridian,0.0000,2027
ILLUSTRATIVE_FIFO_WITHIN_FLOW_NOT_ACTUAL_PAYMENT,OPERATING,2027-09-30,SHI,1600.0000,,ENT-base-0002214,9,OB-base-ENT-base-0002214-5615,AP-base-8-HOSTING-ATL-LIC-002,2027-09-30,VENDOR_INVOICE,1600.0000,base,base-09-PAYMENT_REQUEST-AP-base-8-HOSTING-ATL-LIC-002,atlas-meridian,0.0000,2027
ILLUSTRATIVE_FIFO_WITHIN_FLOW_NOT_ACTUAL_PAYMENT,OPERATING,2027-09-30,SHI,1800.0000,,ENT-base-0002215,9,OB-base-ENT-base-0002215-5617,AP-base-8-HOSTING-ATL-LIC-003,2027-09-30,VENDOR_INVOICE,1800.0000,base,base-09-PAYMENT_REQUEST-AP-base-8-HOSTING-ATL-LIC-003,atlas-meridian,0.0000,2027
ILLUSTRATIVE_FIFO_WITHIN_FLOW_NOT_ACTUAL_PAYMENT,OPERATING,2027-09-30,SHI,1200.0000,,ENT-base-0002216,9,OB-base-ENT-base-0002216-5619,AP-base-8-HOSTING-ATL-LIC-004,2027-09-30,VENDOR_INVOICE,1200.0000,base,base-09-PAYMENT_REQUEST-AP-base-8-HOSTING-ATL-LIC-004,atlas-meridian,0.0000,2027
ILLUSTRATIVE_FIFO_WITHIN_FLOW_NOT_ACTUAL_PAYMENT,OPERATING,2027-09-30,SHI,1400.0000,,ENT-base-0002217,9,OB-base-ENT-base-0002217-5621,AP-base-8-HOSTING-ATL-LIC-005,2027-09-30,VENDOR_INVOICE,1400.0000,base,base-09-PAYMENT_REQUEST-AP-base-8-HOSTING-ATL-LIC-005,atlas-meridian,0.0000,2027
ILLUSTRATIVE_FIFO_WITHIN_FLOW_NOT_ACTUAL_PAYMENT,OPERATING,2027-09-30,SHI,1600.0000,,ENT-base-0002218,9,OB-base-ENT-base-0002218-5623,AP-base-8-HOSTING-ATL-LIC-006,2027-09-30,VENDOR_INVOICE,1600.0000,base,base-09-PAYMENT_REQUEST-AP-base-8-HOSTING-ATL-LIC-006,atlas-meridian,0.0000,2027
ILLUSTRATIVE_FIFO_WITHIN_FLOW_NOT_ACTUAL_PAYMENT,OPERATING,2027-09-30,SHI,1800.0000,,ENT-base-0002219,9,OB-base-ENT-base-0002219-5625,AP-base-8-HOSTING-ATL-LIC-007,2027-09-30,VENDOR_INVOICE,1800.0000,base,base-09-PAYMENT_REQUEST-AP-base-8-HOSTING-ATL-LIC-007,atlas-meridian,0.0000,2027
ILLUSTRATIVE_FIFO_WITHIN_FLOW_NOT_ACTUAL_PAYMENT,OPERATING,2027-09-30,SHI,1200.0000,,ENT-base-0002220,9,OB-base-ENT-base-0002220-5627,AP-base-8-HOSTING-ATL-LIC-008,2027-09-30,VENDOR_INVOICE,1200.0000,base,base-09-PAYMENT_REQUEST-AP-base-8-HOSTING-ATL-LIC-008,atlas-meridian,0.0000,2027
ILLUSTRATIVE_FIFO_WITHIN_FLOW_NOT_ACTUAL_PAYMENT,OPERATING,2027-09-30,SHI,1400.0000,,ENT-base-0002221,9,OB-base-ENT-base-0002221-5629,AP-base-8-HOSTING-ATL-LIC-013,2027-09-30,VENDOR_INVOICE,1400.0000,base,base-09-PAYMENT_REQUEST-AP-base-8-HOSTING-ATL-LIC-013,atlas-meridian,0.0000,2027
ILLUSTRATIVE_FIFO_WITHIN_FLOW_NOT_ACTUAL_PAYMENT,OPERATING,2027-09-30,SHI,1600.0000,,ENT-base-0002222,9,OB-base-ENT-base-0002222-5631,AP-base-8-HOSTING-ATL-LIC-014,2027-09-30,VENDOR_INVOICE,1600.0000,base,base-09-PAYMENT_REQUEST-AP-base-8-HOSTING-ATL-LIC-014,atlas-meridian,0.0000,2027
ILLUSTRATIVE_FIFO_WITHIN_FLOW_NOT_ACTUAL_PAYMENT,OPERATING,2027-09-30,SHI,1800.0000,,ENT-base-0002223,9,OB-base-ENT-base-0002223-5633,AP-base-8-HOSTING-ATL-LIC-015,2027-09-30,VENDOR_INVOICE,1800.0000,base,base-09-PAYMENT_REQUEST-AP-base-8-HOSTING-ATL-LIC-015,atlas-meridian,0.0000,2027
ILLUSTRATIVE_FIFO_WITHIN_FLOW_NOT_ACTUAL_PAYMENT,OPERATING,2027-09-30,SHI,4200.0000,,ENT-base-0002224,9,OB-base-ENT-base-0002224-5635,AP-base-8-TRAVEL-ADV-2027-05-workflow-acceptance,2027-09-30,VENDOR_INVOICE,4200.0000,base,base-09-PAYMENT_REQUEST-AP-base-8-TRAVEL-ADV-2027-05-workflow-acceptance,advisory,0.0000,2027
ILLUSTRATIVE_FIFO_WITHIN_FLOW_NOT_ACTUAL_PAYMENT,OPERATING,2027-09-30,SHI,2100.0000,,ENT-base-0002225,9,OB-base-ENT-base-0002225-5637,AP-base-8-TRAVEL-ADV-2027-05-transfer-and-handover,2027-09-30,VENDOR_INVOICE,2100.0000,base,base-09-PAYMENT_REQUEST-AP-base-8-TRAVEL-ADV-2027-05-transfer-and-handover,advisory,0.0000,2027
ILLUSTRATIVE_FIFO_WITHIN_FLOW_NOT_ACTUAL_PAYMENT,OPERATING,2027-09-30,SHI,2100.0000,,ENT-base-0002226,9,OB-base-ENT-base-0002226-5639,AP-base-8-TRAVEL-ADV-2027-09-transfer-and-handover,2027-09-30,VENDOR_INVOICE,2100.0000,base,base-09-PAYMENT_REQUEST-AP-base-8-TRAVEL-ADV-2027-09-transfer-and-handover,advisory,0.0000,2027
ILLUSTRATIVE_FIFO_WITHIN_FLOW_NOT_ACTUAL_PAYMENT,OPERATING,2027-09-30,SHI,2520.0000,,ENT-base-0002227,9,OB-base-ENT-base-0002227-5641,AP-base-8-TRAVEL-ADV-2027-10-transfer-and-handover,2027-09-30,VENDOR_INVOICE,2520.0000,base,base-09-PAYMENT_REQUEST-AP-base-8-TRAVEL-ADV-2027-10-transfer-and-handover,advisory,0.0000,2027
ILLUSTRATIVE_FIFO_WITHIN_FLOW_NOT_ACTUAL_PAYMENT,OPERATING,2027-09-30,SHI,5880.0000,,ENT-base-0002228,9,OB-base-ENT-base-0002228-5643,AP-base-8-TRAVEL-ADV-2027-11-workflow-acceptance,2027-09-30,VENDOR_INVOICE,5880.0000,base,base-09-PAYMENT_REQUEST-AP-base-8-TRAVEL-ADV-2027-11-workflow-acceptance,advisory,0.0000,2027
ILLUSTRATIVE_FIFO_WITHIN_FLOW_NOT_ACTUAL_PAYMENT,OPERATING,2027-09-30,SHI,6720.0000,,ENT-base-0002229,9,OB-base-ENT-base-0002229-5645,AP-base-8-TRAVEL-ADV-2027-12-workflow-acceptance,2027-09-30,VENDOR_INVOICE,6720.0000,base,base-09-PAYMENT_REQUEST-AP-base-8-TRAVEL-ADV-2027-12-workflow-acceptance,advisory,0.0000,2027
ILLUSTRATIVE_FIFO_WITHIN_FLOW_NOT_ACTUAL_PAYMENT,OPERATING,2027-09-30,SHI,2100.0000,,ENT-base-0002230,9,OB-base-ENT-base-0002230-5647,AP-base-8-TRAVEL-ADV-2027-13-scope-and-diagnosis,2027-09-30,VENDOR_INVOICE,2100.0000,base,base-09-PAYMENT_REQUEST-AP-base-8-TRAVEL-ADV-2027-13-scope-and-diagnosis,advisory,0.0000,2027
ILLUSTRATIVE_FIFO_WITHIN_FLOW_NOT_ACTUAL_PAYMENT,OPERATING,2027-09-30,SHI,2520.0000,,ENT-base-0002231,9,OB-base-ENT-base-0002231-5649,AP-base-8-TRAVEL-ADV-2027-14-scope-and-diagnosis,2027-09-30,VENDOR_INVOICE,2520.0000,base,base-09-PAYMENT_REQUEST-AP-base-8-TRAVEL-ADV-2027-14-scope-and-diagnosis,advisory,0.0000,2027
ILLUSTRATIVE_FIFO_WITHIN_FLOW_NOT_ACTUAL_PAYMENT,OPERATING,2027-09-30,SHI,8550.0000,,ENT-base-0002232,9,OB-base-ENT-base-0002232-5651,AP-base-8-COMPUTE-ATL-2027-05-accepted-transfer,2027-09-30,VENDOR_INVOICE,8550.0000,base,base-09-PAYMENT_REQUEST-AP-base-8-COMPUTE-ATL-2027-05-accepted-transfer,atlas-meridian,0.0000,2027
ILLUSTRATIVE_FIFO_WITHIN_FLOW_NOT_ACTUAL_PAYMENT,OPERATING,2027-09-30,SHI,8550.0000,,ENT-base-0002233,9,OB-base-ENT-base-0002233-5653,AP-base-8-COMPUTE-ATL-2027-07-evaluated-workflow,2027-09-30,VENDOR_INVOICE,8550.0000,base,base-09-PAYMENT_REQUEST-AP-base-8-COMPUTE-ATL-2027-07-evaluated-workflow,atlas-meridian,0.0000,2027
ILLUSTRATIVE_FIFO_WITHIN_FLOW_NOT_ACTUAL_PAYMENT,OPERATING,2027-09-30,SHI,9000.0000,,ENT-base-0002234,9,OB-base-ENT-base-0002234-5655,AP-base-8-WIL-VIBRATION,2027-09-30,VENDOR_INVOICE,9000.0000,base,base-09-PAYMENT_REQUEST-AP-base-8-WIL-VIBRATION,willow,0.0000,2027
ILLUSTRATIVE_FIFO_WITHIN_FLOW_NOT_ACTUAL_PAYMENT,OPERATING,2027-09-30,SHI,18000.0000,,ENT-base-0002235,9,OB-base-ENT-base-0002235-5657,AP-base-8-WIL-CHEMISTRY,2027-09-30,VENDOR_INVOICE,18000.0000,base,base-09-PAYMENT_REQUEST-AP-base-8-WIL-CHEMISTRY,willow,0.0000,2027
ILLUSTRATIVE_FIFO_WITHIN_FLOW_NOT_ACTUAL_PAYMENT,OPERATING,2027-09-30,SHI,8000.0000,,ENT-base-0002236,9,OB-base-ENT-base-0002236-5659,AP-base-8-WIL-RF-RETEST-2027,2027-09-30,VENDOR_INVOICE,8000.0000,base,base-09-PAYMENT_REQUEST-AP-base-8-WIL-RF-RETEST-2027,willow,0.0000,2027
ILLUSTRATIVE_FIFO_WITHIN_FLOW_NOT_ACTUAL_PAYMENT,OPERATING,2027-09-30,SHI,8580.0000,,ENT-base-0002237,9,OB-base-ENT-base-0002237-5661,AP-base-8-PROCESS-STREAM17-base-08,2027-09-30,VENDOR_INVOICE,8580.0000,base,base-09-PAYMENT_REQUEST-AP-base-8-PROCESS-STREAM17-base-08,project-cradle,0.0000,2027
ILLUSTRATIVE_FIFO_WITHIN_FLOW_NOT_ACTUAL_PAYMENT,OPERATING,2027-09-30,SHI,18500.0000,,ENT-base-0002238,9,OB-base-ENT-base-0002238-5663,AP-base-8-PROCESS-DEMOTTE-base-08,2027-09-30,VENDOR_INVOICE,18500.0000,base,base-09-PAYMENT_REQUEST-AP-base-8-PROCESS-DEMOTTE-base-08,project-cradle,0.0000,2027
ILLUSTRATIVE_FIFO_WITHIN_FLOW_NOT_ACTUAL_PAYMENT,OPERATING,2027-09-30,SHI,3979.8000,,ENT-base-0002239,9,OB-base-ENT-base-0002239-5665,AP-base-8-FREIGHT-STREAM17-base-07,2027-09-30,VENDOR_INVOICE,3979.8000,base,base-09-PAYMENT_REQUEST-AP-base-8-FREIGHT-STREAM17-base-07,project-cradle,0.0000,2027
ILLUSTRATIVE_FIFO_WITHIN_FLOW_NOT_ACTUAL_PAYMENT,OPERATING,2027-09-30,SHI,19952.0640,INV-base-base-07-DOWNSTREAM_ACCEPTANCE-STREAM17-base-06,ENT-base-0002240,9,OB-base-ENT-base-0002240-5667,,2027-09-30,HOST_SETTLEMENT,19952.0640,base,base-09-HOST_SETTLEMENT_REQUEST-INV-base-base-07-DOWNSTREAM_ACCEPTANCE-STREAM17-base-06-9,project-cradle,0.0000,2027
ILLUSTRATIVE_FIFO_WITHIN_FLOW_NOT_ACTUAL_PAYMENT,OPERATING,2027-09-30,SHI,1933333.3280,,ENT-base-0002241,9,OB-base-ENT-base-0002241-5669,,2027-09-30,PAYROLL_BATCH,1933333.3280,base,base-09-PAYROLL_REQUEST-foundry-field,foundry-field,0.0000,2027
ILLUSTRATIVE_FIFO_WITHIN_FLOW_NOT_ACTUAL_PAYMENT,OPERATING,2027-09-30,SHI,539583.3321,,ENT-base-0002242,9,OB-base-ENT-base-0002242-5671,,2027-09-30,PAYROLL_BATCH,539583.3321,base,base-09-PAYROLL_REQUEST-atlas-meridian,atlas-meridian,0.0000,2027
ILLUSTRATIVE_FIFO_WITHIN_FLOW_NOT_ACTUAL_PAYMENT,OPERATING,2027-09-30,SHI,420833.3344,,ENT-base-0002243,9,OB-base-ENT-base-0002243-5673,,2027-09-30,PAYROLL_BATCH,420833.3344,base,base-09-PAYROLL_REQUEST-advisory,advisory,0.0000,2027
ILLUSTRATIVE_FIFO_WITHIN_FLOW_NOT_ACTUAL_PAYMENT,OPERATING,2027-09-30,SHI,292500.0000,,ENT-base-0002244,9,OB-base-ENT-base-0002244-5675,,2027-09-30,PAYROLL_BATCH,292500.0000,base,base-09-PAYROLL_REQUEST-willow,willow,0.0000,2027
ILLUSTRATIVE_FIFO_WITHIN_FLOW_NOT_ACTUAL_PAYMENT,OPERATING,2027-09-30,SHI,187500.0006,,ENT-base-0002245,9,OB-base-ENT-base-0002245-5677,,2027-09-30,PAYROLL_BATCH,187500.0006,base,base-09-PAYROLL_REQUEST-project-cradle,project-cradle,0.0000,2027
ILLUSTRATIVE_FIFO_WITHIN_FLOW_NOT_ACTUAL_PAYMENT,OPERATING,2027-09-30,SHI,2834999.9956,,ENT-base-0002246,9,OB-base-ENT-base-0002246-5679,,2027-09-30,PAYROLL_BATCH,2834999.9956,base,base-09-PAYROLL_REQUEST-corporate,corporate,0.0000,2027
ILLUSTRATIVE_FIFO_WITHIN_FLOW_NOT_ACTUAL_PAYMENT,OPERATING,2027-09-30,SHI,640000.0000,INV-base-FF-004-TERM-0,ENT-base-0002254,9,OB-base-ENT-base-0002254-5695,,2027-09-30,OTHER_OPERATING_REQUEST,640000.0000,base,base-09-CREDIT_NOTE-SYN-CANCEL-004-INV-base-FF-004-TERM-0,foundry-field,0.0000,2027
ILLUSTRATIVE_FIFO_WITHIN_FLOW_NOT_ACTUAL_PAYMENT,OPERATING,2027-10-31,SHI,186333.3333,,ENT-base-0002411,10,OB-base-ENT-base-0002411-6047,,2027-10-31,OTHER_OPERATING_REQUEST,186333.3333,base,CORE-INTEREST,corporate,0.0000,2027
ILLUSTRATIVE_FIFO_WITHIN_FLOW_NOT_ACTUAL_PAYMENT,OPERATING,2027-10-31,SHI,113000.0000,,ENT-base-0002426,10,OB-base-ENT-base-0002426-6077,AP-base-9-ESS-FACILITY-VENDORS,2027-10-31,VENDOR_INVOICE,113000.0000,base,base-10-PAYMENT_REQUEST-AP-base-9-ESS-FACILITY-VENDORS,corporate,0.0000,2027
ILLUSTRATIVE_FIFO_WITHIN_FLOW_NOT_ACTUAL_PAYMENT,OPERATING,2027-10-31,SHI,2400.0000,,ENT-base-0002427,10,OB-base-ENT-base-0002427-6079,AP-base-9-HOSTING-FF-001,2027-10-31,VENDOR_INVOICE,2400.0000,base,base-10-PAYMENT_REQUEST-AP-base-9-HOSTING-FF-001,foundry-field,0.0000,2027
ILLUSTRATIVE_FIFO_WITHIN_FLOW_NOT_ACTUAL_PAYMENT,OPERATING,2027-10-31,SHI,3000.0000,,ENT-base-0002428,10,OB-base-ENT-base-0002428-6081,AP-base-9-HOSTING-FF-002,2027-10-31,VENDOR_INVOICE,3000.0000,base,base-10-PAYMENT_REQUEST-AP-base-9-HOSTING-FF-002,foundry-field,0.0000,2027
ILLUSTRATIVE_FIFO_WITHIN_FLOW_NOT_ACTUAL_PAYMENT,OPERATING,2027-10-31,SHI,3600.0000,,ENT-base-0002429,10,OB-base-ENT-base-0002429-6083,AP-base-9-HOSTING-FF-003,2027-10-31,VENDOR_INVOICE,3600.0000,base,base-10-PAYMENT_REQUEST-AP-base-9-HOSTING-FF-003,foundry-field,0.0000,2027
ILLUSTRATIVE_FIFO_WITHIN_FLOW_NOT_ACTUAL_PAYMENT,OPERATING,2027-10-31,SHI,2400.0000,,ENT-base-0002430,10,OB-base-ENT-base-0002430-6085,AP-base-9-HOSTING-FF-005,2027-10-31,VENDOR_INVOICE,2400.0000,base,base-10-PAYMENT_REQUEST-AP-base-9-HOSTING-FF-005,foundry-field,0.0000,2027
ILLUSTRATIVE_FIFO_WITHIN_FLOW_NOT_ACTUAL_PAYMENT,OPERATING,2027-10-31,SHI,3000.0000,,ENT-base-0002431,10,OB-base-ENT-base-0002431-6087,AP-base-9-HOSTING-FF-006,2027-10-31,VENDOR_INVOICE,3000.0000,base,base-10-PAYMENT_REQUEST-AP-base-9-HOSTING-FF-006,foundry-field,0.0000,2027
ILLUSTRATIVE_FIFO_WITHIN_FLOW_NOT_ACTUAL_PAYMENT,OPERATING,2027-10-31,SHI,3600.0000,,ENT-base-0002432,10,OB-base-ENT-base-0002432-6089,AP-base-9-HOSTING-FF-007,2027-10-31,VENDOR_INVOICE,3600.0000,base,base-10-PAYMENT_REQUEST-AP-base-9-HOSTING-FF-007,foundry-field,0.0000,2027
ILLUSTRATIVE_FIFO_WITHIN_FLOW_NOT_ACTUAL_PAYMENT,OPERATING,2027-10-31,SHI,1800.0000,,ENT-base-0002433,10,OB-base-ENT-base-0002433-6091,AP-base-9-HOSTING-FF-008,2027-10-31,VENDOR_INVOICE,1800.0000,base,base-10-PAYMENT_REQUEST-AP-base-9-HOSTING-FF-008,foundry-field,0.0000,2027
ILLUSTRATIVE_FIFO_WITHIN_FLOW_NOT_ACTUAL_PAYMENT,OPERATING,2027-10-31,SHI,2400.0000,,ENT-base-0002434,10,OB-base-ENT-base-0002434-6093,AP-base-9-HOSTING-FF-009,2027-10-31,VENDOR_INVOICE,2400.0000,base,base-10-PAYMENT_REQUEST-AP-base-9-HOSTING-FF-009,foundry-field,0.0000,2027
ILLUSTRATIVE_FIFO_WITHIN_FLOW_NOT_ACTUAL_PAYMENT,OPERATING,2027-10-31,SHI,3000.0000,,ENT-base-0002435,10,OB-base-ENT-base-0002435-6095,AP-base-9-HOSTING-FF-010,2027-10-31,VENDOR_INVOICE,3000.0000,base,base-10-PAYMENT_REQUEST-AP-base-9-HOSTING-FF-010,foundry-field,0.0000,2027
ILLUSTRATIVE_FIFO_WITHIN_FLOW_NOT_ACTUAL_PAYMENT,OPERATING,2027-10-31,SHI,3600.0000,,ENT-base-0002436,10,OB-base-ENT-base-0002436-6097,AP-base-9-HOSTING-FF-011,2027-10-31,VENDOR_INVOICE,3600.0000,base,base-10-PAYMENT_REQUEST-AP-base-9-HOSTING-FF-011,foundry-field,0.0000,2027
ILLUSTRATIVE_FIFO_WITHIN_FLOW_NOT_ACTUAL_PAYMENT,OPERATING,2027-10-31,SHI,1800.0000,,ENT-base-0002437,10,OB-base-ENT-base-0002437-6099,AP-base-9-HOSTING-FF-012,2027-10-31,VENDOR_INVOICE,1800.0000,base,base-10-PAYMENT_REQUEST-AP-base-9-HOSTING-FF-012,foundry-field,0.0000,2027
ILLUSTRATIVE_FIFO_WITHIN_FLOW_NOT_ACTUAL_PAYMENT,OPERATING,2027-10-31,SHI,2400.0000,,ENT-base-0002438,10,OB-base-ENT-base-0002438-6101,AP-base-9-HOSTING-FF-013,2027-10-31,VENDOR_INVOICE,2400.0000,base,base-10-PAYMENT_REQUEST-AP-base-9-HOSTING-FF-013,foundry-field,0.0000,2027
ILLUSTRATIVE_FIFO_WITHIN_FLOW_NOT_ACTUAL_PAYMENT,OPERATING,2027-10-31,SHI,3000.0000,,ENT-base-0002439,10,OB-base-ENT-base-0002439-6103,AP-base-9-HOSTING-FF-014,2027-10-31,VENDOR_INVOICE,3000.0000,base,base-10-PAYMENT_REQUEST-AP-base-9-HOSTING-FF-014,foundry-field,0.0000,2027
ILLUSTRATIVE_FIFO_WITHIN_FLOW_NOT_ACTUAL_PAYMENT,OPERATING,2027-10-31,SHI,3600.0000,,ENT-base-0002440,10,OB-base-ENT-base-0002440-6105,AP-base-9-HOSTING-FF-015,2027-10-31,VENDOR_INVOICE,3600.0000,base,base-10-PAYMENT_REQUEST-AP-base-9-HOSTING-FF-015,foundry-field,0.0000,2027
ILLUSTRATIVE_FIFO_WITHIN_FLOW_NOT_ACTUAL_PAYMENT,OPERATING,2027-10-31,SHI,1800.0000,,ENT-base-0002441,10,OB-base-ENT-base-0002441-6107,AP-base-9-HOSTING-FF-016,2027-10-31,VENDOR_INVOICE,1800.0000,base,base-10-PAYMENT_REQUEST-AP-base-9-HOSTING-FF-016,foundry-field,0.0000,2027
ILLUSTRATIVE_FIFO_WITHIN_FLOW_NOT_ACTUAL_PAYMENT,OPERATING,2027-10-31,SHI,2400.0000,,ENT-base-0002442,10,OB-base-ENT-base-0002442-6109,AP-base-9-HOSTING-FF-017,2027-10-31,VENDOR_INVOICE,2400.0000,base,base-10-PAYMENT_REQUEST-AP-base-9-HOSTING-FF-017,foundry-field,0.0000,2027
ILLUSTRATIVE_FIFO_WITHIN_FLOW_NOT_ACTUAL_PAYMENT,OPERATING,2027-10-31,SHI,3000.0000,,ENT-base-0002443,10,OB-base-ENT-base-0002443-6111,AP-base-9-HOSTING-FF-018,2027-10-31,VENDOR_INVOICE,3000.0000,base,base-10-PAYMENT_REQUEST-AP-base-9-HOSTING-FF-018,foundry-field,0.0000,2027
ILLUSTRATIVE_FIFO_WITHIN_FLOW_NOT_ACTUAL_PAYMENT,OPERATING,2027-10-31,SHI,3600.0000,,ENT-base-0002444,10,OB-base-ENT-base-0002444-6113,AP-base-9-HOSTING-FF-019,2027-10-31,VENDOR_INVOICE,3600.0000,base,base-10-PAYMENT_REQUEST-AP-base-9-HOSTING-FF-019,foundry-field,0.0000,2027
ILLUSTRATIVE_FIFO_WITHIN_FLOW_NOT_ACTUAL_PAYMENT,OPERATING,2027-10-31,SHI,1800.0000,,ENT-base-0002445,10,OB-base-ENT-base-0002445-6115,AP-base-9-HOSTING-FF-020,2027-10-31,VENDOR_INVOICE,1800.0000,base,base-10-PAYMENT_REQUEST-AP-base-9-HOSTING-FF-020,foundry-field,0.0000,2027
ILLUSTRATIVE_FIFO_WITHIN_FLOW_NOT_ACTUAL_PAYMENT,OPERATING,2027-10-31,SHI,2400.0000,,ENT-base-0002446,10,OB-base-ENT-base-0002446-6117,AP-base-9-HOSTING-FF-021,2027-10-31,VENDOR_INVOICE,2400.0000,base,base-10-PAYMENT_REQUEST-AP-base-9-HOSTING-FF-021,foundry-field,0.0000,2027
ILLUSTRATIVE_FIFO_WITHIN_FLOW_NOT_ACTUAL_PAYMENT,OPERATING,2027-10-31,SHI,3000.0000,,ENT-base-0002447,10,OB-base-ENT-base-0002447-6119,AP-base-9-HOSTING-FF-022,2027-10-31,VENDOR_INVOICE,3000.0000,base,base-10-PAYMENT_REQUEST-AP-base-9-HOSTING-FF-022,foundry-field,0.0000,2027
ILLUSTRATIVE_FIFO_WITHIN_FLOW_NOT_ACTUAL_PAYMENT,OPERATING,2027-10-31,SHI,3600.0000,,ENT-base-0002448,10,OB-base-ENT-base-0002448-6121,AP-base-9-HOSTING-FF-023,2027-10-31,VENDOR_INVOICE,3600.0000,base,base-10-PAYMENT_REQUEST-AP-base-9-HOSTING-FF-023,foundry-field,0.0000,2027
ILLUSTRATIVE_FIFO_WITHIN_FLOW_NOT_ACTUAL_PAYMENT,OPERATING,2027-10-31,SHI,1800.0000,,ENT-base-0002449,10,OB-base-ENT-base-0002449-6123,AP-base-9-HOSTING-FF-024,2027-10-31,VENDOR_INVOICE,1800.0000,base,base-10-PAYMENT_REQUEST-AP-base-9-HOSTING-FF-024,foundry-field,0.0000,2027
ILLUSTRATIVE_FIFO_WITHIN_FLOW_NOT_ACTUAL_PAYMENT,OPERATING,2027-10-31,SHI,2400.0000,,ENT-base-0002450,10,OB-base-ENT-base-0002450-6125,AP-base-9-HOSTING-FF-025,2027-10-31,VENDOR_INVOICE,2400.0000,base,base-10-PAYMENT_REQUEST-AP-base-9-HOSTING-FF-025,foundry-field,0.0000,2027
ILLUSTRATIVE_FIFO_WITHIN_FLOW_NOT_ACTUAL_PAYMENT,OPERATING,2027-10-31,SHI,3000.0000,,ENT-base-0002451,10,OB-base-ENT-base-0002451-6127,AP-base-9-HOSTING-FF-026,2027-10-31,VENDOR_INVOICE,3000.0000,base,base-10-PAYMENT_REQUEST-AP-base-9-HOSTING-FF-026,foundry-field,0.0000,2027
ILLUSTRATIVE_FIFO_WITHIN_FLOW_NOT_ACTUAL_PAYMENT,OPERATING,2027-10-31,SHI,3600.0000,,ENT-base-0002452,10,OB-base-ENT-base-0002452-6129,AP-base-9-HOSTING-FF-027,2027-10-31,VENDOR_INVOICE,3600.0000,base,base-10-PAYMENT_REQUEST-AP-base-9-HOSTING-FF-027,foundry-field,0.0000,2027
ILLUSTRATIVE_FIFO_WITHIN_FLOW_NOT_ACTUAL_PAYMENT,OPERATING,2027-10-31,SHI,1800.0000,,ENT-base-0002453,10,OB-base-ENT-base-0002453-6131,AP-base-9-HOSTING-FF-028,2027-10-31,VENDOR_INVOICE,1800.0000,base,base-10-PAYMENT_REQUEST-AP-base-9-HOSTING-FF-028,foundry-field,0.0000,2027
ILLUSTRATIVE_FIFO_WITHIN_FLOW_NOT_ACTUAL_PAYMENT,OPERATING,2027-10-31,SHI,2400.0000,,ENT-base-0002454,10,OB-base-ENT-base-0002454-6133,AP-base-9-HOSTING-FF-029,2027-10-31,VENDOR_INVOICE,2400.0000,base,base-10-PAYMENT_REQUEST-AP-base-9-HOSTING-FF-029,foundry-field,0.0000,2027
ILLUSTRATIVE_FIFO_WITHIN_FLOW_NOT_ACTUAL_PAYMENT,OPERATING,2027-10-31,SHI,3000.0000,,ENT-base-0002455,10,OB-base-ENT-base-0002455-6135,AP-base-9-HOSTING-FF-030,2027-10-31,VENDOR_INVOICE,3000.0000,base,base-10-PAYMENT_REQUEST-AP-base-9-HOSTING-FF-030,foundry-field,0.0000,2027
ILLUSTRATIVE_FIFO_WITHIN_FLOW_NOT_ACTUAL_PAYMENT,OPERATING,2027-10-31,SHI,3600.0000,,ENT-base-0002456,10,OB-base-ENT-base-0002456-6137,AP-base-9-HOSTING-FF-031,2027-10-31,VENDOR_INVOICE,3600.0000,base,base-10-PAYMENT_REQUEST-AP-base-9-HOSTING-FF-031,foundry-field,0.0000,2027
ILLUSTRATIVE_FIFO_WITHIN_FLOW_NOT_ACTUAL_PAYMENT,OPERATING,2027-10-31,SHI,1800.0000,,ENT-base-0002457,10,OB-base-ENT-base-0002457-6139,AP-base-9-HOSTING-FF-032,2027-10-31,VENDOR_INVOICE,1800.0000,base,base-10-PAYMENT_REQUEST-AP-base-9-HOSTING-FF-032,foundry-field,0.0000,2027
ILLUSTRATIVE_FIFO_WITHIN_FLOW_NOT_ACTUAL_PAYMENT,OPERATING,2027-10-31,SHI,2400.0000,,ENT-base-0002458,10,OB-base-ENT-base-0002458-6141,AP-base-9-HOSTING-FF-033,2027-10-31,VENDOR_INVOICE,2400.0000,base,base-10-PAYMENT_REQUEST-AP-base-9-HOSTING-FF-033,foundry-field,0.0000,2027
ILLUSTRATIVE_FIFO_WITHIN_FLOW_NOT_ACTUAL_PAYMENT,OPERATING,2027-10-31,SHI,3000.0000,,ENT-base-0002459,10,OB-base-ENT-base-0002459-6143,AP-base-9-HOSTING-FF-034,2027-10-31,VENDOR_INVOICE,3000.0000,base,base-10-PAYMENT_REQUEST-AP-base-9-HOSTING-FF-034,foundry-field,0.0000,2027
ILLUSTRATIVE_FIFO_WITHIN_FLOW_NOT_ACTUAL_PAYMENT,OPERATING,2027-10-31,SHI,3600.0000,,ENT-base-0002460,10,OB-base-ENT-base-0002460-6145,AP-base-9-HOSTING-FF-035,2027-10-31,VENDOR_INVOICE,3600.0000,base,base-10-PAYMENT_REQUEST-AP-base-9-HOSTING-FF-035,foundry-field,0.0000,2027
ILLUSTRATIVE_FIFO_WITHIN_FLOW_NOT_ACTUAL_PAYMENT,OPERATING,2027-10-31,SHI,1800.0000,,ENT-base-0002461,10,OB-base-ENT-base-0002461-6147,AP-base-9-HOSTING-FF-036,2027-10-31,VENDOR_INVOICE,1800.0000,base,base-10-PAYMENT_REQUEST-AP-base-9-HOSTING-FF-036,foundry-field,0.0000,2027
ILLUSTRATIVE_FIFO_WITHIN_FLOW_NOT_ACTUAL_PAYMENT,OPERATING,2027-10-31,SHI,2400.0000,,ENT-base-0002462,10,OB-base-ENT-base-0002462-6149,AP-base-9-HOSTING-FF-037,2027-10-31,VENDOR_INVOICE,2400.0000,base,base-10-PAYMENT_REQUEST-AP-base-9-HOSTING-FF-037,foundry-field,0.0000,2027
ILLUSTRATIVE_FIFO_WITHIN_FLOW_NOT_ACTUAL_PAYMENT,OPERATING,2027-10-31,SHI,3600.0000,,ENT-base-0002463,10,OB-base-ENT-base-0002463-6151,AP-base-9-HOSTING-FF-039,2027-10-31,VENDOR_INVOICE,3600.0000,base,base-10-PAYMENT_REQUEST-AP-base-9-HOSTING-FF-039,foundry-field,0.0000,2027
ILLUSTRATIVE_FIFO_WITHIN_FLOW_NOT_ACTUAL_PAYMENT,OPERATING,2027-10-31,SHI,1400.0000,,ENT-base-0002464,10,OB-base-ENT-base-0002464-6153,AP-base-9-HOSTING-ATL-LIC-001,2027-10-31,VENDOR_INVOICE,1400.0000,base,base-10-PAYMENT_REQUEST-AP-base-9-HOSTING-ATL-LIC-001,atlas-meridian,0.0000,2027
ILLUSTRATIVE_FIFO_WITHIN_FLOW_NOT_ACTUAL_PAYMENT,OPERATING,2027-10-31,SHI,1600.0000,,ENT-base-0002465,10,OB-base-ENT-base-0002465-6155,AP-base-9-HOSTING-ATL-LIC-002,2027-10-31,VENDOR_INVOICE,1600.0000,base,base-10-PAYMENT_REQUEST-AP-base-9-HOSTING-ATL-LIC-002,atlas-meridian,0.0000,2027
ILLUSTRATIVE_FIFO_WITHIN_FLOW_NOT_ACTUAL_PAYMENT,OPERATING,2027-10-31,SHI,1800.0000,,ENT-base-0002466,10,OB-base-ENT-base-0002466-6157,AP-base-9-HOSTING-ATL-LIC-003,2027-10-31,VENDOR_INVOICE,1800.0000,base,base-10-PAYMENT_REQUEST-AP-base-9-HOSTING-ATL-LIC-003,atlas-meridian,0.0000,2027
ILLUSTRATIVE_FIFO_WITHIN_FLOW_NOT_ACTUAL_PAYMENT,OPERATING,2027-10-31,SHI,1200.0000,,ENT-base-0002467,10,OB-base-ENT-base-0002467-6159,AP-base-9-HOSTING-ATL-LIC-004,2027-10-31,VENDOR_INVOICE,1200.0000,base,base-10-PAYMENT_REQUEST-AP-base-9-HOSTING-ATL-LIC-004,atlas-meridian,0.0000,2027
ILLUSTRATIVE_FIFO_WITHIN_FLOW_NOT_ACTUAL_PAYMENT,OPERATING,2027-10-31,SHI,1400.0000,,ENT-base-0002468,10,OB-base-ENT-base-0002468-6161,AP-base-9-HOSTING-ATL-LIC-005,2027-10-31,VENDOR_INVOICE,1400.0000,base,base-10-PAYMENT_REQUEST-AP-base-9-HOSTING-ATL-LIC-005,atlas-meridian,0.0000,2027
ILLUSTRATIVE_FIFO_WITHIN_FLOW_NOT_ACTUAL_PAYMENT,OPERATING,2027-10-31,SHI,1600.0000,,ENT-base-0002469,10,OB-base-ENT-base-0002469-6163,AP-base-9-HOSTING-ATL-LIC-006,2027-10-31,VENDOR_INVOICE,1600.0000,base,base-10-PAYMENT_REQUEST-AP-base-9-HOSTING-ATL-LIC-006,atlas-meridian,0.0000,2027
ILLUSTRATIVE_FIFO_WITHIN_FLOW_NOT_ACTUAL_PAYMENT,OPERATING,2027-10-31,SHI,1800.0000,,ENT-base-0002470,10,OB-base-ENT-base-0002470-6165,AP-base-9-HOSTING-ATL-LIC-007,2027-10-31,VENDOR_INVOICE,1800.0000,base,base-10-PAYMENT_REQUEST-AP-base-9-HOSTING-ATL-LIC-007,atlas-meridian,0.0000,2027
ILLUSTRATIVE_FIFO_WITHIN_FLOW_NOT_ACTUAL_PAYMENT,OPERATING,2027-10-31,SHI,1200.0000,,ENT-base-0002471,10,OB-base-ENT-base-0002471-6167,AP-base-9-HOSTING-ATL-LIC-008,2027-10-31,VENDOR_INVOICE,1200.0000,base,base-10-PAYMENT_REQUEST-AP-base-9-HOSTING-ATL-LIC-008,atlas-meridian,0.0000,2027
ILLUSTRATIVE_FIFO_WITHIN_FLOW_NOT_ACTUAL_PAYMENT,OPERATING,2027-10-31,SHI,1400.0000,,ENT-base-0002472,10,OB-base-ENT-base-0002472-6169,AP-base-9-HOSTING-ATL-LIC-009,2027-10-31,VENDOR_INVOICE,1400.0000,base,base-10-PAYMENT_REQUEST-AP-base-9-HOSTING-ATL-LIC-009,atlas-meridian,0.0000,2027
ILLUSTRATIVE_FIFO_WITHIN_FLOW_NOT_ACTUAL_PAYMENT,OPERATING,2027-10-31,SHI,1400.0000,,ENT-base-0002473,10,OB-base-ENT-base-0002473-6171,AP-base-9-HOSTING-ATL-LIC-013,2027-10-31,VENDOR_INVOICE,1400.0000,base,base-10-PAYMENT_REQUEST-AP-base-9-HOSTING-ATL-LIC-013,atlas-meridian,0.0000,2027
ILLUSTRATIVE_FIFO_WITHIN_FLOW_NOT_ACTUAL_PAYMENT,OPERATING,2027-10-31,SHI,1600.0000,,ENT-base-0002474,10,OB-base-ENT-base-0002474-6173,AP-base-9-HOSTING-ATL-LIC-014,2027-10-31,VENDOR_INVOICE,1600.0000,base,base-10-PAYMENT_REQUEST-AP-base-9-HOSTING-ATL-LIC-014,atlas-meridian,0.0000,2027
ILLUSTRATIVE_FIFO_WITHIN_FLOW_NOT_ACTUAL_PAYMENT,OPERATING,2027-10-31,SHI,1800.0000,,ENT-base-0002475,10,OB-base-ENT-base-0002475-6175,AP-base-9-HOSTING-ATL-LIC-015,2027-10-31,VENDOR_INVOICE,1800.0000,base,base-10-PAYMENT_REQUEST-AP-base-9-HOSTING-ATL-LIC-015,atlas-meridian,0.0000,2027
ILLUSTRATIVE_FIFO_WITHIN_FLOW_NOT_ACTUAL_PAYMENT,OPERATING,2027-10-31,SHI,2940.0000,,ENT-base-0002476,10,OB-base-ENT-base-0002476-6177,AP-base-9-TRAVEL-ADV-2027-11-transfer-and-handover,2027-10-31,VENDOR_INVOICE,2940.0000,base,base-10-PAYMENT_REQUEST-AP-base-9-TRAVEL-ADV-2027-11-transfer-and-handover,advisory,0.0000,2027
ILLUSTRATIVE_FIFO_WITHIN_FLOW_NOT_ACTUAL_PAYMENT,OPERATING,2027-10-31,SHI,3360.0000,,ENT-base-0002477,10,OB-base-ENT-base-0002477-6179,AP-base-9-TRAVEL-ADV-2027-12-transfer-and-handover,2027-10-31,VENDOR_INVOICE,3360.0000,base,base-10-PAYMENT_REQUEST-AP-base-9-TRAVEL-ADV-2027-12-transfer-and-handover,advisory,0.0000,2027
ILLUSTRATIVE_FIFO_WITHIN_FLOW_NOT_ACTUAL_PAYMENT,OPERATING,2027-10-31,SHI,4200.0000,,ENT-base-0002478,10,OB-base-ENT-base-0002478-6181,AP-base-9-TRAVEL-ADV-2027-13-workflow-acceptance,2027-10-31,VENDOR_INVOICE,4200.0000,base,base-10-PAYMENT_REQUEST-AP-base-9-TRAVEL-ADV-2027-13-workflow-acceptance,advisory,0.0000,2027
ILLUSTRATIVE_FIFO_WITHIN_FLOW_NOT_ACTUAL_PAYMENT,OPERATING,2027-10-31,SHI,5040.0000,,ENT-base-0002479,10,OB-base-ENT-base-0002479-6183,AP-base-9-TRAVEL-ADV-2027-14-workflow-acceptance,2027-10-31,VENDOR_INVOICE,5040.0000,base,base-10-PAYMENT_REQUEST-AP-base-9-TRAVEL-ADV-2027-14-workflow-acceptance,advisory,0.0000,2027
ILLUSTRATIVE_FIFO_WITHIN_FLOW_NOT_ACTUAL_PAYMENT,OPERATING,2027-10-31,SHI,2940.0000,,ENT-base-0002480,10,OB-base-ENT-base-0002480-6185,AP-base-9-TRAVEL-ADV-2027-15-scope-and-diagnosis,2027-10-31,VENDOR_INVOICE,2940.0000,base,base-10-PAYMENT_REQUEST-AP-base-9-TRAVEL-ADV-2027-15-scope-and-diagnosis,advisory,0.0000,2027
ILLUSTRATIVE_FIFO_WITHIN_FLOW_NOT_ACTUAL_PAYMENT,OPERATING,2027-10-31,SHI,3360.0000,,ENT-base-0002481,10,OB-base-ENT-base-0002481-6187,AP-base-9-TRAVEL-ADV-2027-16-scope-and-diagnosis,2027-10-31,VENDOR_INVOICE,3360.0000,base,base-10-PAYMENT_REQUEST-AP-base-9-TRAVEL-ADV-2027-16-scope-and-diagnosis,advisory,0.0000,2027
ILLUSTRATIVE_FIFO_WITHIN_FLOW_NOT_ACTUAL_PAYMENT,OPERATING,2027-10-31,SHI,8550.0000,,ENT-base-0002482,10,OB-base-ENT-base-0002482-6189,AP-base-9-COMPUTE-ATL-2027-06-accepted-transfer,2027-10-31,VENDOR_INVOICE,8550.0000,base,base-10-PAYMENT_REQUEST-AP-base-9-COMPUTE-ATL-2027-06-accepted-transfer,atlas-meridian,0.0000,2027
ILLUSTRATIVE_FIFO_WITHIN_FLOW_NOT_ACTUAL_PAYMENT,OPERATING,2027-10-31,SHI,8550.0000,,ENT-base-0002483,10,OB-base-ENT-base-0002483-6191,AP-base-9-COMPUTE-ATL-2027-08-evaluated-workflow,2027-10-31,VENDOR_INVOICE,8550.0000,base,base-10-PAYMENT_REQUEST-AP-base-9-COMPUTE-ATL-2027-08-evaluated-workflow,atlas-meridian,0.0000,2027
ILLUSTRATIVE_FIFO_WITHIN_FLOW_NOT_ACTUAL_PAYMENT,OPERATING,2027-10-31,SHI,9000.0000,,ENT-base-0002484,10,OB-base-ENT-base-0002484-6193,AP-base-9-WIL-VIBRATION,2027-10-31,VENDOR_INVOICE,9000.0000,base,base-10-PAYMENT_REQUEST-AP-base-9-WIL-VIBRATION,willow,0.0000,2027
ILLUSTRATIVE_FIFO_WITHIN_FLOW_NOT_ACTUAL_PAYMENT,OPERATING,2027-10-31,SHI,18000.0000,,ENT-base-0002485,10,OB-base-ENT-base-0002485-6195,AP-base-9-WIL-CHEMISTRY,2027-10-31,VENDOR_INVOICE,18000.0000,base,base-10-PAYMENT_REQUEST-AP-base-9-WIL-CHEMISTRY,willow,0.0000,2027
ILLUSTRATIVE_FIFO_WITHIN_FLOW_NOT_ACTUAL_PAYMENT,OPERATING,2027-10-31,SHI,8000.0000,,ENT-base-0002486,10,OB-base-ENT-base-0002486-6197,AP-base-9-WIL-RF-RETEST-2027,2027-10-31,VENDOR_INVOICE,8000.0000,base,base-10-PAYMENT_REQUEST-AP-base-9-WIL-RF-RETEST-2027,willow,0.0000,2027
ILLUSTRATIVE_FIFO_WITHIN_FLOW_NOT_ACTUAL_PAYMENT,OPERATING,2027-10-31,SHI,8580.0000,,ENT-base-0002487,10,OB-base-ENT-base-0002487-6199,AP-base-9-PROCESS-STREAM17-base-09,2027-10-31,VENDOR_INVOICE,8580.0000,base,base-10-PAYMENT_REQUEST-AP-base-9-PROCESS-STREAM17-base-09,project-cradle,0.0000,2027
ILLUSTRATIVE_FIFO_WITHIN_FLOW_NOT_ACTUAL_PAYMENT,OPERATING,2027-10-31,SHI,18500.0000,,ENT-base-0002488,10,OB-base-ENT-base-0002488-6201,AP-base-9-PROCESS-DEMOTTE-base-09,2027-10-31,VENDOR_INVOICE,18500.0000,base,base-10-PAYMENT_REQUEST-AP-base-9-PROCESS-DEMOTTE-base-09,project-cradle,0.0000,2027
ILLUSTRATIVE_FIFO_WITHIN_FLOW_NOT_ACTUAL_PAYMENT,OPERATING,2027-10-31,SHI,19952.0640,INV-base-base-08-DOWNSTREAM_ACCEPTANCE-STREAM17-base-07,ENT-base-0002489,10,OB-base-ENT-base-0002489-6203,,2027-10-31,HOST_SETTLEMENT,19952.0640,base,base-10-HOST_SETTLEMENT_REQUEST-INV-base-base-08-DOWNSTREAM_ACCEPTANCE-STREAM17-base-07-10,project-cradle,0.0000,2027
ILLUSTRATIVE_FIFO_WITHIN_FLOW_NOT_ACTUAL_PAYMENT,OPERATING,2027-10-31,SHI,1945416.6613,,ENT-base-0002490,10,OB-base-ENT-base-0002490-6205,,2027-10-31,PAYROLL_BATCH,1945416.6613,base,base-10-PAYROLL_REQUEST-foundry-field,foundry-field,0.0000,2027
ILLUSTRATIVE_FIFO_WITHIN_FLOW_NOT_ACTUAL_PAYMENT,OPERATING,2027-10-31,SHI,539583.3321,,ENT-base-0002491,10,OB-base-ENT-base-0002491-6207,,2027-10-31,PAYROLL_BATCH,539583.3321,base,base-10-PAYROLL_REQUEST-atlas-meridian,atlas-meridian,0.0000,2027
ILLUSTRATIVE_FIFO_WITHIN_FLOW_NOT_ACTUAL_PAYMENT,OPERATING,2027-10-31,SHI,420833.3344,,ENT-base-0002492,10,OB-base-ENT-base-0002492-6209,,2027-10-31,PAYROLL_BATCH,420833.3344,base,base-10-PAYROLL_REQUEST-advisory,advisory,0.0000,2027
ILLUSTRATIVE_FIFO_WITHIN_FLOW_NOT_ACTUAL_PAYMENT,OPERATING,2027-10-31,SHI,292500.0000,,ENT-base-0002493,10,OB-base-ENT-base-0002493-6211,,2027-10-31,PAYROLL_BATCH,292500.0000,base,base-10-PAYROLL_REQUEST-willow,willow,0.0000,2027
ILLUSTRATIVE_FIFO_WITHIN_FLOW_NOT_ACTUAL_PAYMENT,OPERATING,2027-10-31,SHI,197916.6673,,ENT-base-0002494,10,OB-base-ENT-base-0002494-6213,,2027-10-31,PAYROLL_BATCH,197916.6673,base,base-10-PAYROLL_REQUEST-project-cradle,project-cradle,0.0000,2027
ILLUSTRATIVE_FIFO_WITHIN_FLOW_NOT_ACTUAL_PAYMENT,OPERATING,2027-10-31,SHI,2834999.9956,,ENT-base-0002495,10,OB-base-ENT-base-0002495-6215,,2027-10-31,PAYROLL_BATCH,2834999.9956,base,base-10-PAYROLL_REQUEST-corporate,corporate,0.0000,2027
ILLUSTRATIVE_FIFO_WITHIN_FLOW_NOT_ACTUAL_PAYMENT,OPERATING,2027-11-30,SHI,185791.6667,,ENT-base-0002661,11,OB-base-ENT-base-0002661-6587,,2027-11-30,OTHER_OPERATING_REQUEST,185791.6667,base,CORE-INTEREST,corporate,0.0000,2027
ILLUSTRATIVE_FIFO_WITHIN_FLOW_NOT_ACTUAL_PAYMENT,OPERATING,2027-11-30,SHI,113000.0000,,ENT-base-0002673,11,OB-base-ENT-base-0002673-6611,AP-base-10-ESS-FACILITY-VENDORS,2027-11-30,VENDOR_INVOICE,113000.0000,base,base-11-PAYMENT_REQUEST-AP-base-10-ESS-FACILITY-VENDORS,corporate,0.0000,2027
ILLUSTRATIVE_FIFO_WITHIN_FLOW_NOT_ACTUAL_PAYMENT,OPERATING,2027-11-30,SHI,2400.0000,,ENT-base-0002674,11,OB-base-ENT-base-0002674-6613,AP-base-10-HOSTING-FF-001,2027-11-30,VENDOR_INVOICE,2400.0000,base,base-11-PAYMENT_REQUEST-AP-base-10-HOSTING-FF-001,foundry-field,0.0000,2027
ILLUSTRATIVE_FIFO_WITHIN_FLOW_NOT_ACTUAL_PAYMENT,OPERATING,2027-11-30,SHI,3000.0000,,ENT-base-0002675,11,OB-base-ENT-base-0002675-6615,AP-base-10-HOSTING-FF-002,2027-11-30,VENDOR_INVOICE,3000.0000,base,base-11-PAYMENT_REQUEST-AP-base-10-HOSTING-FF-002,foundry-field,0.0000,2027
ILLUSTRATIVE_FIFO_WITHIN_FLOW_NOT_ACTUAL_PAYMENT,OPERATING,2027-11-30,SHI,3600.0000,,ENT-base-0002676,11,OB-base-ENT-base-0002676-6617,AP-base-10-HOSTING-FF-003,2027-11-30,VENDOR_INVOICE,3600.0000,base,base-11-PAYMENT_REQUEST-AP-base-10-HOSTING-FF-003,foundry-field,0.0000,2027
ILLUSTRATIVE_FIFO_WITHIN_FLOW_NOT_ACTUAL_PAYMENT,OPERATING,2027-11-30,SHI,2400.0000,,ENT-base-0002677,11,OB-base-ENT-base-0002677-6619,AP-base-10-HOSTING-FF-005,2027-11-30,VENDOR_INVOICE,2400.0000,base,base-11-PAYMENT_REQUEST-AP-base-10-HOSTING-FF-005,foundry-field,0.0000,2027
ILLUSTRATIVE_FIFO_WITHIN_FLOW_NOT_ACTUAL_PAYMENT,OPERATING,2027-11-30,SHI,3000.0000,,ENT-base-0002678,11,OB-base-ENT-base-0002678-6621,AP-base-10-HOSTING-FF-006,2027-11-30,VENDOR_INVOICE,3000.0000,base,base-11-PAYMENT_REQUEST-AP-base-10-HOSTING-FF-006,foundry-field,0.0000,2027
ILLUSTRATIVE_FIFO_WITHIN_FLOW_NOT_ACTUAL_PAYMENT,OPERATING,2027-11-30,SHI,3600.0000,,ENT-base-0002679,11,OB-base-ENT-base-0002679-6623,AP-base-10-HOSTING-FF-007,2027-11-30,VENDOR_INVOICE,3600.0000,base,base-11-PAYMENT_REQUEST-AP-base-10-HOSTING-FF-007,foundry-field,0.0000,2027
ILLUSTRATIVE_FIFO_WITHIN_FLOW_NOT_ACTUAL_PAYMENT,OPERATING,2027-11-30,SHI,1800.0000,,ENT-base-0002680,11,OB-base-ENT-base-0002680-6625,AP-base-10-HOSTING-FF-008,2027-11-30,VENDOR_INVOICE,1800.0000,base,base-11-PAYMENT_REQUEST-AP-base-10-HOSTING-FF-008,foundry-field,0.0000,2027
ILLUSTRATIVE_FIFO_WITHIN_FLOW_NOT_ACTUAL_PAYMENT,OPERATING,2027-11-30,SHI,2400.0000,,ENT-base-0002681,11,OB-base-ENT-base-0002681-6627,AP-base-10-HOSTING-FF-009,2027-11-30,VENDOR_INVOICE,2400.0000,base,base-11-PAYMENT_REQUEST-AP-base-10-HOSTING-FF-009,foundry-field,0.0000,2027
ILLUSTRATIVE_FIFO_WITHIN_FLOW_NOT_ACTUAL_PAYMENT,OPERATING,2027-11-30,SHI,3000.0000,,ENT-base-0002682,11,OB-base-ENT-base-0002682-6629,AP-base-10-HOSTING-FF-010,2027-11-30,VENDOR_INVOICE,3000.0000,base,base-11-PAYMENT_REQUEST-AP-base-10-HOSTING-FF-010,foundry-field,0.0000,2027
ILLUSTRATIVE_FIFO_WITHIN_FLOW_NOT_ACTUAL_PAYMENT,OPERATING,2027-11-30,SHI,3600.0000,,ENT-base-0002683,11,OB-base-ENT-base-0002683-6631,AP-base-10-HOSTING-FF-011,2027-11-30,VENDOR_INVOICE,3600.0000,base,base-11-PAYMENT_REQUEST-AP-base-10-HOSTING-FF-011,foundry-field,0.0000,2027
ILLUSTRATIVE_FIFO_WITHIN_FLOW_NOT_ACTUAL_PAYMENT,OPERATING,2027-11-30,SHI,1800.0000,,ENT-base-0002684,11,OB-base-ENT-base-0002684-6633,AP-base-10-HOSTING-FF-012,2027-11-30,VENDOR_INVOICE,1800.0000,base,base-11-PAYMENT_REQUEST-AP-base-10-HOSTING-FF-012,foundry-field,0.0000,2027
ILLUSTRATIVE_FIFO_WITHIN_FLOW_NOT_ACTUAL_PAYMENT,OPERATING,2027-11-30,SHI,2400.0000,,ENT-base-0002685,11,OB-base-ENT-base-0002685-6635,AP-base-10-HOSTING-FF-013,2027-11-30,VENDOR_INVOICE,2400.0000,base,base-11-PAYMENT_REQUEST-AP-base-10-HOSTING-FF-013,foundry-field,0.0000,2027
ILLUSTRATIVE_FIFO_WITHIN_FLOW_NOT_ACTUAL_PAYMENT,OPERATING,2027-11-30,SHI,3000.0000,,ENT-base-0002686,11,OB-base-ENT-base-0002686-6637,AP-base-10-HOSTING-FF-014,2027-11-30,VENDOR_INVOICE,3000.0000,base,base-11-PAYMENT_REQUEST-AP-base-10-HOSTING-FF-014,foundry-field,0.0000,2027
ILLUSTRATIVE_FIFO_WITHIN_FLOW_NOT_ACTUAL_PAYMENT,OPERATING,2027-11-30,SHI,3600.0000,,ENT-base-0002687,11,OB-base-ENT-base-0002687-6639,AP-base-10-HOSTING-FF-015,2027-11-30,VENDOR_INVOICE,3600.0000,base,base-11-PAYMENT_REQUEST-AP-base-10-HOSTING-FF-015,foundry-field,0.0000,2027
ILLUSTRATIVE_FIFO_WITHIN_FLOW_NOT_ACTUAL_PAYMENT,OPERATING,2027-11-30,SHI,1800.0000,,ENT-base-0002688,11,OB-base-ENT-base-0002688-6641,AP-base-10-HOSTING-FF-016,2027-11-30,VENDOR_INVOICE,1800.0000,base,base-11-PAYMENT_REQUEST-AP-base-10-HOSTING-FF-016,foundry-field,0.0000,2027
ILLUSTRATIVE_FIFO_WITHIN_FLOW_NOT_ACTUAL_PAYMENT,OPERATING,2027-11-30,SHI,2400.0000,,ENT-base-0002689,11,OB-base-ENT-base-0002689-6643,AP-base-10-HOSTING-FF-017,2027-11-30,VENDOR_INVOICE,2400.0000,base,base-11-PAYMENT_REQUEST-AP-base-10-HOSTING-FF-017,foundry-field,0.0000,2027
ILLUSTRATIVE_FIFO_WITHIN_FLOW_NOT_ACTUAL_PAYMENT,OPERATING,2027-11-30,SHI,3000.0000,,ENT-base-0002690,11,OB-base-ENT-base-0002690-6645,AP-base-10-HOSTING-FF-018,2027-11-30,VENDOR_INVOICE,3000.0000,base,base-11-PAYMENT_REQUEST-AP-base-10-HOSTING-FF-018,foundry-field,0.0000,2027
ILLUSTRATIVE_FIFO_WITHIN_FLOW_NOT_ACTUAL_PAYMENT,OPERATING,2027-11-30,SHI,3600.0000,,ENT-base-0002691,11,OB-base-ENT-base-0002691-6647,AP-base-10-HOSTING-FF-019,2027-11-30,VENDOR_INVOICE,3600.0000,base,base-11-PAYMENT_REQUEST-AP-base-10-HOSTING-FF-019,foundry-field,0.0000,2027
ILLUSTRATIVE_FIFO_WITHIN_FLOW_NOT_ACTUAL_PAYMENT,OPERATING,2027-11-30,SHI,1800.0000,,ENT-base-0002692,11,OB-base-ENT-base-0002692-6649,AP-base-10-HOSTING-FF-020,2027-11-30,VENDOR_INVOICE,1800.0000,base,base-11-PAYMENT_REQUEST-AP-base-10-HOSTING-FF-020,foundry-field,0.0000,2027
ILLUSTRATIVE_FIFO_WITHIN_FLOW_NOT_ACTUAL_PAYMENT,OPERATING,2027-11-30,SHI,2400.0000,,ENT-base-0002693,11,OB-base-ENT-base-0002693-6651,AP-base-10-HOSTING-FF-021,2027-11-30,VENDOR_INVOICE,2400.0000,base,base-11-PAYMENT_REQUEST-AP-base-10-HOSTING-FF-021,foundry-field,0.0000,2027
ILLUSTRATIVE_FIFO_WITHIN_FLOW_NOT_ACTUAL_PAYMENT,OPERATING,2027-11-30,SHI,3000.0000,,ENT-base-0002694,11,OB-base-ENT-base-0002694-6653,AP-base-10-HOSTING-FF-022,2027-11-30,VENDOR_INVOICE,3000.0000,base,base-11-PAYMENT_REQUEST-AP-base-10-HOSTING-FF-022,foundry-field,0.0000,2027
ILLUSTRATIVE_FIFO_WITHIN_FLOW_NOT_ACTUAL_PAYMENT,OPERATING,2027-11-30,SHI,3600.0000,,ENT-base-0002695,11,OB-base-ENT-base-0002695-6655,AP-base-10-HOSTING-FF-023,2027-11-30,VENDOR_INVOICE,3600.0000,base,base-11-PAYMENT_REQUEST-AP-base-10-HOSTING-FF-023,foundry-field,0.0000,2027
ILLUSTRATIVE_FIFO_WITHIN_FLOW_NOT_ACTUAL_PAYMENT,OPERATING,2027-11-30,SHI,1800.0000,,ENT-base-0002696,11,OB-base-ENT-base-0002696-6657,AP-base-10-HOSTING-FF-024,2027-11-30,VENDOR_INVOICE,1800.0000,base,base-11-PAYMENT_REQUEST-AP-base-10-HOSTING-FF-024,foundry-field,0.0000,2027
ILLUSTRATIVE_FIFO_WITHIN_FLOW_NOT_ACTUAL_PAYMENT,OPERATING,2027-11-30,SHI,2400.0000,,ENT-base-0002697,11,OB-base-ENT-base-0002697-6659,AP-base-10-HOSTING-FF-025,2027-11-30,VENDOR_INVOICE,2400.0000,base,base-11-PAYMENT_REQUEST-AP-base-10-HOSTING-FF-025,foundry-field,0.0000,2027
ILLUSTRATIVE_FIFO_WITHIN_FLOW_NOT_ACTUAL_PAYMENT,OPERATING,2027-11-30,SHI,3000.0000,,ENT-base-0002698,11,OB-base-ENT-base-0002698-6661,AP-base-10-HOSTING-FF-026,2027-11-30,VENDOR_INVOICE,3000.0000,base,base-11-PAYMENT_REQUEST-AP-base-10-HOSTING-FF-026,foundry-field,0.0000,2027
ILLUSTRATIVE_FIFO_WITHIN_FLOW_NOT_ACTUAL_PAYMENT,OPERATING,2027-11-30,SHI,3600.0000,,ENT-base-0002699,11,OB-base-ENT-base-0002699-6663,AP-base-10-HOSTING-FF-027,2027-11-30,VENDOR_INVOICE,3600.0000,base,base-11-PAYMENT_REQUEST-AP-base-10-HOSTING-FF-027,foundry-field,0.0000,2027
ILLUSTRATIVE_FIFO_WITHIN_FLOW_NOT_ACTUAL_PAYMENT,OPERATING,2027-11-30,SHI,1800.0000,,ENT-base-0002700,11,OB-base-ENT-base-0002700-6665,AP-base-10-HOSTING-FF-028,2027-11-30,VENDOR_INVOICE,1800.0000,base,base-11-PAYMENT_REQUEST-AP-base-10-HOSTING-FF-028,foundry-field,0.0000,2027
ILLUSTRATIVE_FIFO_WITHIN_FLOW_NOT_ACTUAL_PAYMENT,OPERATING,2027-11-30,SHI,2400.0000,,ENT-base-0002701,11,OB-base-ENT-base-0002701-6667,AP-base-10-HOSTING-FF-029,2027-11-30,VENDOR_INVOICE,2400.0000,base,base-11-PAYMENT_REQUEST-AP-base-10-HOSTING-FF-029,foundry-field,0.0000,2027
ILLUSTRATIVE_FIFO_WITHIN_FLOW_NOT_ACTUAL_PAYMENT,OPERATING,2027-11-30,SHI,3000.0000,,ENT-base-0002702,11,OB-base-ENT-base-0002702-6669,AP-base-10-HOSTING-FF-030,2027-11-30,VENDOR_INVOICE,3000.0000,base,base-11-PAYMENT_REQUEST-AP-base-10-HOSTING-FF-030,foundry-field,0.0000,2027
ILLUSTRATIVE_FIFO_WITHIN_FLOW_NOT_ACTUAL_PAYMENT,OPERATING,2027-11-30,SHI,3600.0000,,ENT-base-0002703,11,OB-base-ENT-base-0002703-6671,AP-base-10-HOSTING-FF-031,2027-11-30,VENDOR_INVOICE,3600.0000,base,base-11-PAYMENT_REQUEST-AP-base-10-HOSTING-FF-031,foundry-field,0.0000,2027
ILLUSTRATIVE_FIFO_WITHIN_FLOW_NOT_ACTUAL_PAYMENT,OPERATING,2027-11-30,SHI,1800.0000,,ENT-base-0002704,11,OB-base-ENT-base-0002704-6673,AP-base-10-HOSTING-FF-032,2027-11-30,VENDOR_INVOICE,1800.0000,base,base-11-PAYMENT_REQUEST-AP-base-10-HOSTING-FF-032,foundry-field,0.0000,2027
ILLUSTRATIVE_FIFO_WITHIN_FLOW_NOT_ACTUAL_PAYMENT,OPERATING,2027-11-30,SHI,2400.0000,,ENT-base-0002705,11,OB-base-ENT-base-0002705-6675,AP-base-10-HOSTING-FF-033,2027-11-30,VENDOR_INVOICE,2400.0000,base,base-11-PAYMENT_REQUEST-AP-base-10-HOSTING-FF-033,foundry-field,0.0000,2027
ILLUSTRATIVE_FIFO_WITHIN_FLOW_NOT_ACTUAL_PAYMENT,OPERATING,2027-11-30,SHI,3000.0000,,ENT-base-0002706,11,OB-base-ENT-base-0002706-6677,AP-base-10-HOSTING-FF-034,2027-11-30,VENDOR_INVOICE,3000.0000,base,base-11-PAYMENT_REQUEST-AP-base-10-HOSTING-FF-034,foundry-field,0.0000,2027
ILLUSTRATIVE_FIFO_WITHIN_FLOW_NOT_ACTUAL_PAYMENT,OPERATING,2027-11-30,SHI,3600.0000,,ENT-base-0002707,11,OB-base-ENT-base-0002707-6679,AP-base-10-HOSTING-FF-035,2027-11-30,VENDOR_INVOICE,3600.0000,base,base-11-PAYMENT_REQUEST-AP-base-10-HOSTING-FF-035,foundry-field,0.0000,2027
ILLUSTRATIVE_FIFO_WITHIN_FLOW_NOT_ACTUAL_PAYMENT,OPERATING,2027-11-30,SHI,1800.0000,,ENT-base-0002708,11,OB-base-ENT-base-0002708-6681,AP-base-10-HOSTING-FF-036,2027-11-30,VENDOR_INVOICE,1800.0000,base,base-11-PAYMENT_REQUEST-AP-base-10-HOSTING-FF-036,foundry-field,0.0000,2027
ILLUSTRATIVE_FIFO_WITHIN_FLOW_NOT_ACTUAL_PAYMENT,OPERATING,2027-11-30,SHI,2400.0000,,ENT-base-0002709,11,OB-base-ENT-base-0002709-6683,AP-base-10-HOSTING-FF-037,2027-11-30,VENDOR_INVOICE,2400.0000,base,base-11-PAYMENT_REQUEST-AP-base-10-HOSTING-FF-037,foundry-field,0.0000,2027
ILLUSTRATIVE_FIFO_WITHIN_FLOW_NOT_ACTUAL_PAYMENT,OPERATING,2027-11-30,SHI,3600.0000,,ENT-base-0002710,11,OB-base-ENT-base-0002710-6685,AP-base-10-HOSTING-FF-039,2027-11-30,VENDOR_INVOICE,3600.0000,base,base-11-PAYMENT_REQUEST-AP-base-10-HOSTING-FF-039,foundry-field,0.0000,2027
ILLUSTRATIVE_FIFO_WITHIN_FLOW_NOT_ACTUAL_PAYMENT,OPERATING,2027-11-30,SHI,1800.0000,,ENT-base-0002711,11,OB-base-ENT-base-0002711-6687,AP-base-10-HOSTING-FF-040,2027-11-30,VENDOR_INVOICE,1800.0000,base,base-11-PAYMENT_REQUEST-AP-base-10-HOSTING-FF-040,foundry-field,0.0000,2027
ILLUSTRATIVE_FIFO_WITHIN_FLOW_NOT_ACTUAL_PAYMENT,OPERATING,2027-11-30,SHI,1400.0000,,ENT-base-0002712,11,OB-base-ENT-base-0002712-6689,AP-base-10-HOSTING-ATL-LIC-001,2027-11-30,VENDOR_INVOICE,1400.0000,base,base-11-PAYMENT_REQUEST-AP-base-10-HOSTING-ATL-LIC-001,atlas-meridian,0.0000,2027
ILLUSTRATIVE_FIFO_WITHIN_FLOW_NOT_ACTUAL_PAYMENT,OPERATING,2027-11-30,SHI,1600.0000,,ENT-base-0002713,11,OB-base-ENT-base-0002713-6691,AP-base-10-HOSTING-ATL-LIC-002,2027-11-30,VENDOR_INVOICE,1600.0000,base,base-11-PAYMENT_REQUEST-AP-base-10-HOSTING-ATL-LIC-002,atlas-meridian,0.0000,2027
ILLUSTRATIVE_FIFO_WITHIN_FLOW_NOT_ACTUAL_PAYMENT,OPERATING,2027-11-30,SHI,1800.0000,,ENT-base-0002714,11,OB-base-ENT-base-0002714-6693,AP-base-10-HOSTING-ATL-LIC-003,2027-11-30,VENDOR_INVOICE,1800.0000,base,base-11-PAYMENT_REQUEST-AP-base-10-HOSTING-ATL-LIC-003,atlas-meridian,0.0000,2027
ILLUSTRATIVE_FIFO_WITHIN_FLOW_NOT_ACTUAL_PAYMENT,OPERATING,2027-11-30,SHI,1200.0000,,ENT-base-0002715,11,OB-base-ENT-base-0002715-6695,AP-base-10-HOSTING-ATL-LIC-004,2027-11-30,VENDOR_INVOICE,1200.0000,base,base-11-PAYMENT_REQUEST-AP-base-10-HOSTING-ATL-LIC-004,atlas-meridian,0.0000,2027
ILLUSTRATIVE_FIFO_WITHIN_FLOW_NOT_ACTUAL_PAYMENT,OPERATING,2027-11-30,SHI,1400.0000,,ENT-base-0002716,11,OB-base-ENT-base-0002716-6697,AP-base-10-HOSTING-ATL-LIC-005,2027-11-30,VENDOR_INVOICE,1400.0000,base,base-11-PAYMENT_REQUEST-AP-base-10-HOSTING-ATL-LIC-005,atlas-meridian,0.0000,2027
ILLUSTRATIVE_FIFO_WITHIN_FLOW_NOT_ACTUAL_PAYMENT,OPERATING,2027-11-30,SHI,1600.0000,,ENT-base-0002717,11,OB-base-ENT-base-0002717-6699,AP-base-10-HOSTING-ATL-LIC-006,2027-11-30,VENDOR_INVOICE,1600.0000,base,base-11-PAYMENT_REQUEST-AP-base-10-HOSTING-ATL-LIC-006,atlas-meridian,0.0000,2027
ILLUSTRATIVE_FIFO_WITHIN_FLOW_NOT_ACTUAL_PAYMENT,OPERATING,2027-11-30,SHI,1800.0000,,ENT-base-0002718,11,OB-base-ENT-base-0002718-6701,AP-base-10-HOSTING-ATL-LIC-007,2027-11-30,VENDOR_INVOICE,1800.0000,base,base-11-PAYMENT_REQUEST-AP-base-10-HOSTING-ATL-LIC-007,atlas-meridian,0.0000,2027
ILLUSTRATIVE_FIFO_WITHIN_FLOW_NOT_ACTUAL_PAYMENT,OPERATING,2027-11-30,SHI,1200.0000,,ENT-base-0002719,11,OB-base-ENT-base-0002719-6703,AP-base-10-HOSTING-ATL-LIC-008,2027-11-30,VENDOR_INVOICE,1200.0000,base,base-11-PAYMENT_REQUEST-AP-base-10-HOSTING-ATL-LIC-008,atlas-meridian,0.0000,2027
ILLUSTRATIVE_FIFO_WITHIN_FLOW_NOT_ACTUAL_PAYMENT,OPERATING,2027-11-30,SHI,1400.0000,,ENT-base-0002720,11,OB-base-ENT-base-0002720-6705,AP-base-10-HOSTING-ATL-LIC-009,2027-11-30,VENDOR_INVOICE,1400.0000,base,base-11-PAYMENT_REQUEST-AP-base-10-HOSTING-ATL-LIC-009,atlas-meridian,0.0000,2027
ILLUSTRATIVE_FIFO_WITHIN_FLOW_NOT_ACTUAL_PAYMENT,OPERATING,2027-11-30,SHI,1600.0000,,ENT-base-0002721,11,OB-base-ENT-base-0002721-6707,AP-base-10-HOSTING-ATL-LIC-010,2027-11-30,VENDOR_INVOICE,1600.0000,base,base-11-PAYMENT_REQUEST-AP-base-10-HOSTING-ATL-LIC-010,atlas-meridian,0.0000,2027
ILLUSTRATIVE_FIFO_WITHIN_FLOW_NOT_ACTUAL_PAYMENT,OPERATING,2027-11-30,SHI,1400.0000,,ENT-base-0002722,11,OB-base-ENT-base-0002722-6709,AP-base-10-HOSTING-ATL-LIC-013,2027-11-30,VENDOR_INVOICE,1400.0000,base,base-11-PAYMENT_REQUEST-AP-base-10-HOSTING-ATL-LIC-013,atlas-meridian,0.0000,2027
ILLUSTRATIVE_FIFO_WITHIN_FLOW_NOT_ACTUAL_PAYMENT,OPERATING,2027-11-30,SHI,1600.0000,,ENT-base-0002723,11,OB-base-ENT-base-0002723-6711,AP-base-10-HOSTING-ATL-LIC-014,2027-11-30,VENDOR_INVOICE,1600.0000,base,base-11-PAYMENT_REQUEST-AP-base-10-HOSTING-ATL-LIC-014,atlas-meridian,0.0000,2027
ILLUSTRATIVE_FIFO_WITHIN_FLOW_NOT_ACTUAL_PAYMENT,OPERATING,2027-11-30,SHI,1800.0000,,ENT-base-0002724,11,OB-base-ENT-base-0002724-6713,AP-base-10-HOSTING-ATL-LIC-015,2027-11-30,VENDOR_INVOICE,1800.0000,base,base-11-PAYMENT_REQUEST-AP-base-10-HOSTING-ATL-LIC-015,atlas-meridian,0.0000,2027
ILLUSTRATIVE_FIFO_WITHIN_FLOW_NOT_ACTUAL_PAYMENT,OPERATING,2027-11-30,SHI,2100.0000,,ENT-base-0002725,11,OB-base-ENT-base-0002725-6715,AP-base-10-TRAVEL-ADV-2027-13-transfer-and-handover,2027-11-30,VENDOR_INVOICE,2100.0000,base,base-11-PAYMENT_REQUEST-AP-base-10-TRAVEL-ADV-2027-13-transfer-and-handover,advisory,0.0000,2027
ILLUSTRATIVE_FIFO_WITHIN_FLOW_NOT_ACTUAL_PAYMENT,OPERATING,2027-11-30,SHI,2520.0000,,ENT-base-0002726,11,OB-base-ENT-base-0002726-6717,AP-base-10-TRAVEL-ADV-2027-14-transfer-and-handover,2027-11-30,VENDOR_INVOICE,2520.0000,base,base-11-PAYMENT_REQUEST-AP-base-10-TRAVEL-ADV-2027-14-transfer-and-handover,advisory,0.0000,2027
ILLUSTRATIVE_FIFO_WITHIN_FLOW_NOT_ACTUAL_PAYMENT,OPERATING,2027-11-30,SHI,6762.0000,,ENT-base-0002727,11,OB-base-ENT-base-0002727-6719,AP-base-10-TRAVEL-ADV-2027-15-workflow-acceptance,2027-11-30,VENDOR_INVOICE,6762.0000,base,base-11-PAYMENT_REQUEST-AP-base-10-TRAVEL-ADV-2027-15-workflow-acceptance,advisory,0.0000,2027
ILLUSTRATIVE_FIFO_WITHIN_FLOW_NOT_ACTUAL_PAYMENT,OPERATING,2027-11-30,SHI,6720.0000,,ENT-base-0002728,11,OB-base-ENT-base-0002728-6721,AP-base-10-TRAVEL-ADV-2027-16-workflow-acceptance,2027-11-30,VENDOR_INVOICE,6720.0000,base,base-11-PAYMENT_REQUEST-AP-base-10-TRAVEL-ADV-2027-16-workflow-acceptance,advisory,0.0000,2027
ILLUSTRATIVE_FIFO_WITHIN_FLOW_NOT_ACTUAL_PAYMENT,OPERATING,2027-11-30,SHI,2100.0000,,ENT-base-0002729,11,OB-base-ENT-base-0002729-6723,AP-base-10-TRAVEL-ADV-2027-17-scope-and-diagnosis,2027-11-30,VENDOR_INVOICE,2100.0000,base,base-11-PAYMENT_REQUEST-AP-base-10-TRAVEL-ADV-2027-17-scope-and-diagnosis,advisory,0.0000,2027
ILLUSTRATIVE_FIFO_WITHIN_FLOW_NOT_ACTUAL_PAYMENT,OPERATING,2027-11-30,SHI,2520.0000,,ENT-base-0002730,11,OB-base-ENT-base-0002730-6725,AP-base-10-TRAVEL-ADV-2027-18-scope-and-diagnosis,2027-11-30,VENDOR_INVOICE,2520.0000,base,base-11-PAYMENT_REQUEST-AP-base-10-TRAVEL-ADV-2027-18-scope-and-diagnosis,advisory,0.0000,2027
ILLUSTRATIVE_FIFO_WITHIN_FLOW_NOT_ACTUAL_PAYMENT,OPERATING,2027-11-30,SHI,8550.0000,,ENT-base-0002731,11,OB-base-ENT-base-0002731-6727,AP-base-10-COMPUTE-ATL-2027-07-accepted-transfer,2027-11-30,VENDOR_INVOICE,8550.0000,base,base-11-PAYMENT_REQUEST-AP-base-10-COMPUTE-ATL-2027-07-accepted-transfer,atlas-meridian,0.0000,2027
ILLUSTRATIVE_FIFO_WITHIN_FLOW_NOT_ACTUAL_PAYMENT,OPERATING,2027-11-30,SHI,18000.0000,,ENT-base-0002732,11,OB-base-ENT-base-0002732-6729,AP-base-10-WIL-CHEMISTRY,2027-11-30,VENDOR_INVOICE,18000.0000,base,base-11-PAYMENT_REQUEST-AP-base-10-WIL-CHEMISTRY,willow,0.0000,2027
ILLUSTRATIVE_FIFO_WITHIN_FLOW_NOT_ACTUAL_PAYMENT,OPERATING,2027-11-30,SHI,8000.0000,,ENT-base-0002733,11,OB-base-ENT-base-0002733-6731,AP-base-10-WIL-RF-RETEST-2027,2027-11-30,VENDOR_INVOICE,8000.0000,base,base-11-PAYMENT_REQUEST-AP-base-10-WIL-RF-RETEST-2027,willow,0.0000,2027
ILLUSTRATIVE_FIFO_WITHIN_FLOW_NOT_ACTUAL_PAYMENT,OPERATING,2027-11-30,SHI,8580.0000,,ENT-base-0002734,11,OB-base-ENT-base-0002734-6733,AP-base-10-PROCESS-STREAM17-base-10,2027-11-30,VENDOR_INVOICE,8580.0000,base,base-11-PAYMENT_REQUEST-AP-base-10-PROCESS-STREAM17-base-10,project-cradle,0.0000,2027
ILLUSTRATIVE_FIFO_WITHIN_FLOW_NOT_ACTUAL_PAYMENT,OPERATING,2027-11-30,SHI,18500.0000,,ENT-base-0002735,11,OB-base-ENT-base-0002735-6735,AP-base-10-PROCESS-DEMOTTE-base-10,2027-11-30,VENDOR_INVOICE,18500.0000,base,base-11-PAYMENT_REQUEST-AP-base-10-PROCESS-DEMOTTE-base-10,project-cradle,0.0000,2027
ILLUSTRATIVE_FIFO_WITHIN_FLOW_NOT_ACTUAL_PAYMENT,OPERATING,2027-11-30,SHI,3979.8000,,ENT-base-0002736,11,OB-base-ENT-base-0002736-6737,AP-base-10-FREIGHT-STREAM17-base-09,2027-11-30,VENDOR_INVOICE,3979.8000,base,base-11-PAYMENT_REQUEST-AP-base-10-FREIGHT-STREAM17-base-09,project-cradle,0.0000,2027
ILLUSTRATIVE_FIFO_WITHIN_FLOW_NOT_ACTUAL_PAYMENT,OPERATING,2027-11-30,SHI,1945416.6613,,ENT-base-0002737,11,OB-base-ENT-base-0002737-6739,,2027-11-30,PAYROLL_BATCH,1945416.6613,base,base-11-PAYROLL_REQUEST-foundry-field,foundry-field,0.0000,2027
ILLUSTRATIVE_FIFO_WITHIN_FLOW_NOT_ACTUAL_PAYMENT,OPERATING,2027-11-30,SHI,539583.3321,,ENT-base-0002738,11,OB-base-ENT-base-0002738-6741,,2027-11-30,PAYROLL_BATCH,539583.3321,base,base-11-PAYROLL_REQUEST-atlas-meridian,atlas-meridian,0.0000,2027
ILLUSTRATIVE_FIFO_WITHIN_FLOW_NOT_ACTUAL_PAYMENT,OPERATING,2027-11-30,SHI,420833.3344,,ENT-base-0002739,11,OB-base-ENT-base-0002739-6743,,2027-11-30,PAYROLL_BATCH,420833.3344,base,base-11-PAYROLL_REQUEST-advisory,advisory,0.0000,2027
ILLUSTRATIVE_FIFO_WITHIN_FLOW_NOT_ACTUAL_PAYMENT,OPERATING,2027-11-30,SHI,292500.0000,,ENT-base-0002740,11,OB-base-ENT-base-0002740-6745,,2027-11-30,PAYROLL_BATCH,292500.0000,base,base-11-PAYROLL_REQUEST-willow,willow,0.0000,2027
ILLUSTRATIVE_FIFO_WITHIN_FLOW_NOT_ACTUAL_PAYMENT,OPERATING,2027-11-30,SHI,197916.6673,,ENT-base-0002741,11,OB-base-ENT-base-0002741-6747,,2027-11-30,PAYROLL_BATCH,197916.6673,base,base-11-PAYROLL_REQUEST-project-cradle,project-cradle,0.0000,2027
ILLUSTRATIVE_FIFO_WITHIN_FLOW_NOT_ACTUAL_PAYMENT,OPERATING,2027-11-30,SHI,2834999.9956,,ENT-base-0002742,11,OB-base-ENT-base-0002742-6749,,2027-11-30,PAYROLL_BATCH,2834999.9956,base,base-11-PAYROLL_REQUEST-corporate,corporate,0.0000,2027
ILLUSTRATIVE_FIFO_WITHIN_FLOW_NOT_ACTUAL_PAYMENT,OPERATING,2027-12-31,SHI,185250.0000,,ENT-base-0002906,12,OB-base-ENT-base-0002906-7116,,2027-12-31,OTHER_OPERATING_REQUEST,185250.0000,base,CORE-INTEREST,corporate,0.0000,2027
ILLUSTRATIVE_FIFO_WITHIN_FLOW_NOT_ACTUAL_PAYMENT,OPERATING,2027-12-31,SHI,113000.0000,,ENT-base-0002915,12,OB-base-ENT-base-0002915-7134,AP-base-11-ESS-FACILITY-VENDORS,2027-12-31,VENDOR_INVOICE,113000.0000,base,base-12-PAYMENT_REQUEST-AP-base-11-ESS-FACILITY-VENDORS,corporate,0.0000,2027
ILLUSTRATIVE_FIFO_WITHIN_FLOW_NOT_ACTUAL_PAYMENT,OPERATING,2027-12-31,SHI,2400.0000,,ENT-base-0002916,12,OB-base-ENT-base-0002916-7136,AP-base-11-HOSTING-FF-001,2027-12-31,VENDOR_INVOICE,2400.0000,base,base-12-PAYMENT_REQUEST-AP-base-11-HOSTING-FF-001,foundry-field,0.0000,2027
ILLUSTRATIVE_FIFO_WITHIN_FLOW_NOT_ACTUAL_PAYMENT,OPERATING,2027-12-31,SHI,3000.0000,,ENT-base-0002917,12,OB-base-ENT-base-0002917-7138,AP-base-11-HOSTING-FF-002,2027-12-31,VENDOR_INVOICE,3000.0000,base,base-12-PAYMENT_REQUEST-AP-base-11-HOSTING-FF-002,foundry-field,0.0000,2027
ILLUSTRATIVE_FIFO_WITHIN_FLOW_NOT_ACTUAL_PAYMENT,OPERATING,2027-12-31,SHI,3600.0000,,ENT-base-0002918,12,OB-base-ENT-base-0002918-7140,AP-base-11-HOSTING-FF-003,2027-12-31,VENDOR_INVOICE,3600.0000,base,base-12-PAYMENT_REQUEST-AP-base-11-HOSTING-FF-003,foundry-field,0.0000,2027
ILLUSTRATIVE_FIFO_WITHIN_FLOW_NOT_ACTUAL_PAYMENT,OPERATING,2027-12-31,SHI,2400.0000,,ENT-base-0002919,12,OB-base-ENT-base-0002919-7142,AP-base-11-HOSTING-FF-005,2027-12-31,VENDOR_INVOICE,2400.0000,base,base-12-PAYMENT_REQUEST-AP-base-11-HOSTING-FF-005,foundry-field,0.0000,2027
ILLUSTRATIVE_FIFO_WITHIN_FLOW_NOT_ACTUAL_PAYMENT,OPERATING,2027-12-31,SHI,3000.0000,,ENT-base-0002920,12,OB-base-ENT-base-0002920-7144,AP-base-11-HOSTING-FF-006,2027-12-31,VENDOR_INVOICE,3000.0000,base,base-12-PAYMENT_REQUEST-AP-base-11-HOSTING-FF-006,foundry-field,0.0000,2027
ILLUSTRATIVE_FIFO_WITHIN_FLOW_NOT_ACTUAL_PAYMENT,OPERATING,2027-12-31,SHI,3600.0000,,ENT-base-0002921,12,OB-base-ENT-base-0002921-7146,AP-base-11-HOSTING-FF-007,2027-12-31,VENDOR_INVOICE,3600.0000,base,base-12-PAYMENT_REQUEST-AP-base-11-HOSTING-FF-007,foundry-field,0.0000,2027
ILLUSTRATIVE_FIFO_WITHIN_FLOW_NOT_ACTUAL_PAYMENT,OPERATING,2027-12-31,SHI,1800.0000,,ENT-base-0002922,12,OB-base-ENT-base-0002922-7148,AP-base-11-HOSTING-FF-008,2027-12-31,VENDOR_INVOICE,1800.0000,base,base-12-PAYMENT_REQUEST-AP-base-11-HOSTING-FF-008,foundry-field,0.0000,2027
ILLUSTRATIVE_FIFO_WITHIN_FLOW_NOT_ACTUAL_PAYMENT,OPERATING,2027-12-31,SHI,2400.0000,,ENT-base-0002923,12,OB-base-ENT-base-0002923-7150,AP-base-11-HOSTING-FF-009,2027-12-31,VENDOR_INVOICE,2400.0000,base,base-12-PAYMENT_REQUEST-AP-base-11-HOSTING-FF-009,foundry-field,0.0000,2027
ILLUSTRATIVE_FIFO_WITHIN_FLOW_NOT_ACTUAL_PAYMENT,OPERATING,2027-12-31,SHI,3000.0000,,ENT-base-0002924,12,OB-base-ENT-base-0002924-7152,AP-base-11-HOSTING-FF-010,2027-12-31,VENDOR_INVOICE,3000.0000,base,base-12-PAYMENT_REQUEST-AP-base-11-HOSTING-FF-010,foundry-field,0.0000,2027
ILLUSTRATIVE_FIFO_WITHIN_FLOW_NOT_ACTUAL_PAYMENT,OPERATING,2027-12-31,SHI,3600.0000,,ENT-base-0002925,12,OB-base-ENT-base-0002925-7154,AP-base-11-HOSTING-FF-011,2027-12-31,VENDOR_INVOICE,3600.0000,base,base-12-PAYMENT_REQUEST-AP-base-11-HOSTING-FF-011,foundry-field,0.0000,2027
ILLUSTRATIVE_FIFO_WITHIN_FLOW_NOT_ACTUAL_PAYMENT,OPERATING,2027-12-31,SHI,1800.0000,,ENT-base-0002926,12,OB-base-ENT-base-0002926-7156,AP-base-11-HOSTING-FF-012,2027-12-31,VENDOR_INVOICE,1800.0000,base,base-12-PAYMENT_REQUEST-AP-base-11-HOSTING-FF-012,foundry-field,0.0000,2027
ILLUSTRATIVE_FIFO_WITHIN_FLOW_NOT_ACTUAL_PAYMENT,OPERATING,2027-12-31,SHI,2400.0000,,ENT-base-0002927,12,OB-base-ENT-base-0002927-7158,AP-base-11-HOSTING-FF-013,2027-12-31,VENDOR_INVOICE,2400.0000,base,base-12-PAYMENT_REQUEST-AP-base-11-HOSTING-FF-013,foundry-field,0.0000,2027
ILLUSTRATIVE_FIFO_WITHIN_FLOW_NOT_ACTUAL_PAYMENT,OPERATING,2027-12-31,SHI,3000.0000,,ENT-base-0002928,12,OB-base-ENT-base-0002928-7160,AP-base-11-HOSTING-FF-014,2027-12-31,VENDOR_INVOICE,3000.0000,base,base-12-PAYMENT_REQUEST-AP-base-11-HOSTING-FF-014,foundry-field,0.0000,2027
ILLUSTRATIVE_FIFO_WITHIN_FLOW_NOT_ACTUAL_PAYMENT,OPERATING,2027-12-31,SHI,3600.0000,,ENT-base-0002929,12,OB-base-ENT-base-0002929-7162,AP-base-11-HOSTING-FF-015,2027-12-31,VENDOR_INVOICE,3600.0000,base,base-12-PAYMENT_REQUEST-AP-base-11-HOSTING-FF-015,foundry-field,0.0000,2027
ILLUSTRATIVE_FIFO_WITHIN_FLOW_NOT_ACTUAL_PAYMENT,OPERATING,2027-12-31,SHI,1800.0000,,ENT-base-0002930,12,OB-base-ENT-base-0002930-7164,AP-base-11-HOSTING-FF-016,2027-12-31,VENDOR_INVOICE,1800.0000,base,base-12-PAYMENT_REQUEST-AP-base-11-HOSTING-FF-016,foundry-field,0.0000,2027
ILLUSTRATIVE_FIFO_WITHIN_FLOW_NOT_ACTUAL_PAYMENT,OPERATING,2027-12-31,SHI,2400.0000,,ENT-base-0002931,12,OB-base-ENT-base-0002931-7166,AP-base-11-HOSTING-FF-017,2027-12-31,VENDOR_INVOICE,2400.0000,base,base-12-PAYMENT_REQUEST-AP-base-11-HOSTING-FF-017,foundry-field,0.0000,2027
ILLUSTRATIVE_FIFO_WITHIN_FLOW_NOT_ACTUAL_PAYMENT,OPERATING,2027-12-31,SHI,3000.0000,,ENT-base-0002932,12,OB-base-ENT-base-0002932-7168,AP-base-11-HOSTING-FF-018,2027-12-31,VENDOR_INVOICE,3000.0000,base,base-12-PAYMENT_REQUEST-AP-base-11-HOSTING-FF-018,foundry-field,0.0000,2027
ILLUSTRATIVE_FIFO_WITHIN_FLOW_NOT_ACTUAL_PAYMENT,OPERATING,2027-12-31,SHI,3600.0000,,ENT-base-0002933,12,OB-base-ENT-base-0002933-7170,AP-base-11-HOSTING-FF-019,2027-12-31,VENDOR_INVOICE,3600.0000,base,base-12-PAYMENT_REQUEST-AP-base-11-HOSTING-FF-019,foundry-field,0.0000,2027
ILLUSTRATIVE_FIFO_WITHIN_FLOW_NOT_ACTUAL_PAYMENT,OPERATING,2027-12-31,SHI,1800.0000,,ENT-base-0002934,12,OB-base-ENT-base-0002934-7172,AP-base-11-HOSTING-FF-020,2027-12-31,VENDOR_INVOICE,1800.0000,base,base-12-PAYMENT_REQUEST-AP-base-11-HOSTING-FF-020,foundry-field,0.0000,2027
ILLUSTRATIVE_FIFO_WITHIN_FLOW_NOT_ACTUAL_PAYMENT,OPERATING,2027-12-31,SHI,2400.0000,,ENT-base-0002935,12,OB-base-ENT-base-0002935-7174,AP-base-11-HOSTING-FF-021,2027-12-31,VENDOR_INVOICE,2400.0000,base,base-12-PAYMENT_REQUEST-AP-base-11-HOSTING-FF-021,foundry-field,0.0000,2027
ILLUSTRATIVE_FIFO_WITHIN_FLOW_NOT_ACTUAL_PAYMENT,OPERATING,2027-12-31,SHI,3000.0000,,ENT-base-0002936,12,OB-base-ENT-base-0002936-7176,AP-base-11-HOSTING-FF-022,2027-12-31,VENDOR_INVOICE,3000.0000,base,base-12-PAYMENT_REQUEST-AP-base-11-HOSTING-FF-022,foundry-field,0.0000,2027
ILLUSTRATIVE_FIFO_WITHIN_FLOW_NOT_ACTUAL_PAYMENT,OPERATING,2027-12-31,SHI,3600.0000,,ENT-base-0002937,12,OB-base-ENT-base-0002937-7178,AP-base-11-HOSTING-FF-023,2027-12-31,VENDOR_INVOICE,3600.0000,base,base-12-PAYMENT_REQUEST-AP-base-11-HOSTING-FF-023,foundry-field,0.0000,2027
ILLUSTRATIVE_FIFO_WITHIN_FLOW_NOT_ACTUAL_PAYMENT,OPERATING,2027-12-31,SHI,1800.0000,,ENT-base-0002938,12,OB-base-ENT-base-0002938-7180,AP-base-11-HOSTING-FF-024,2027-12-31,VENDOR_INVOICE,1800.0000,base,base-12-PAYMENT_REQUEST-AP-base-11-HOSTING-FF-024,foundry-field,0.0000,2027
ILLUSTRATIVE_FIFO_WITHIN_FLOW_NOT_ACTUAL_PAYMENT,OPERATING,2027-12-31,SHI,2400.0000,,ENT-base-0002939,12,OB-base-ENT-base-0002939-7182,AP-base-11-HOSTING-FF-025,2027-12-31,VENDOR_INVOICE,2400.0000,base,base-12-PAYMENT_REQUEST-AP-base-11-HOSTING-FF-025,foundry-field,0.0000,2027
ILLUSTRATIVE_FIFO_WITHIN_FLOW_NOT_ACTUAL_PAYMENT,OPERATING,2027-12-31,SHI,3000.0000,,ENT-base-0002940,12,OB-base-ENT-base-0002940-7184,AP-base-11-HOSTING-FF-026,2027-12-31,VENDOR_INVOICE,3000.0000,base,base-12-PAYMENT_REQUEST-AP-base-11-HOSTING-FF-026,foundry-field,0.0000,2027
ILLUSTRATIVE_FIFO_WITHIN_FLOW_NOT_ACTUAL_PAYMENT,OPERATING,2027-12-31,SHI,3600.0000,,ENT-base-0002941,12,OB-base-ENT-base-0002941-7186,AP-base-11-HOSTING-FF-027,2027-12-31,VENDOR_INVOICE,3600.0000,base,base-12-PAYMENT_REQUEST-AP-base-11-HOSTING-FF-027,foundry-field,0.0000,2027
ILLUSTRATIVE_FIFO_WITHIN_FLOW_NOT_ACTUAL_PAYMENT,OPERATING,2027-12-31,SHI,1800.0000,,ENT-base-0002942,12,OB-base-ENT-base-0002942-7188,AP-base-11-HOSTING-FF-028,2027-12-31,VENDOR_INVOICE,1800.0000,base,base-12-PAYMENT_REQUEST-AP-base-11-HOSTING-FF-028,foundry-field,0.0000,2027
ILLUSTRATIVE_FIFO_WITHIN_FLOW_NOT_ACTUAL_PAYMENT,OPERATING,2027-12-31,SHI,2400.0000,,ENT-base-0002943,12,OB-base-ENT-base-0002943-7190,AP-base-11-HOSTING-FF-029,2027-12-31,VENDOR_INVOICE,2400.0000,base,base-12-PAYMENT_REQUEST-AP-base-11-HOSTING-FF-029,foundry-field,0.0000,2027
ILLUSTRATIVE_FIFO_WITHIN_FLOW_NOT_ACTUAL_PAYMENT,OPERATING,2027-12-31,SHI,3000.0000,,ENT-base-0002944,12,OB-base-ENT-base-0002944-7192,AP-base-11-HOSTING-FF-030,2027-12-31,VENDOR_INVOICE,3000.0000,base,base-12-PAYMENT_REQUEST-AP-base-11-HOSTING-FF-030,foundry-field,0.0000,2027
ILLUSTRATIVE_FIFO_WITHIN_FLOW_NOT_ACTUAL_PAYMENT,OPERATING,2027-12-31,SHI,3600.0000,,ENT-base-0002945,12,OB-base-ENT-base-0002945-7194,AP-base-11-HOSTING-FF-031,2027-12-31,VENDOR_INVOICE,3600.0000,base,base-12-PAYMENT_REQUEST-AP-base-11-HOSTING-FF-031,foundry-field,0.0000,2027
ILLUSTRATIVE_FIFO_WITHIN_FLOW_NOT_ACTUAL_PAYMENT,OPERATING,2027-12-31,SHI,1800.0000,,ENT-base-0002946,12,OB-base-ENT-base-0002946-7196,AP-base-11-HOSTING-FF-032,2027-12-31,VENDOR_INVOICE,1800.0000,base,base-12-PAYMENT_REQUEST-AP-base-11-HOSTING-FF-032,foundry-field,0.0000,2027
ILLUSTRATIVE_FIFO_WITHIN_FLOW_NOT_ACTUAL_PAYMENT,OPERATING,2027-12-31,SHI,2400.0000,,ENT-base-0002947,12,OB-base-ENT-base-0002947-7198,AP-base-11-HOSTING-FF-033,2027-12-31,VENDOR_INVOICE,2400.0000,base,base-12-PAYMENT_REQUEST-AP-base-11-HOSTING-FF-033,foundry-field,0.0000,2027
ILLUSTRATIVE_FIFO_WITHIN_FLOW_NOT_ACTUAL_PAYMENT,OPERATING,2027-12-31,SHI,3000.0000,,ENT-base-0002948,12,OB-base-ENT-base-0002948-7200,AP-base-11-HOSTING-FF-034,2027-12-31,VENDOR_INVOICE,3000.0000,base,base-12-PAYMENT_REQUEST-AP-base-11-HOSTING-FF-034,foundry-field,0.0000,2027
ILLUSTRATIVE_FIFO_WITHIN_FLOW_NOT_ACTUAL_PAYMENT,OPERATING,2027-12-31,SHI,3600.0000,,ENT-base-0002949,12,OB-base-ENT-base-0002949-7202,AP-base-11-HOSTING-FF-035,2027-12-31,VENDOR_INVOICE,3600.0000,base,base-12-PAYMENT_REQUEST-AP-base-11-HOSTING-FF-035,foundry-field,0.0000,2027
ILLUSTRATIVE_FIFO_WITHIN_FLOW_NOT_ACTUAL_PAYMENT,OPERATING,2027-12-31,SHI,1800.0000,,ENT-base-0002950,12,OB-base-ENT-base-0002950-7204,AP-base-11-HOSTING-FF-036,2027-12-31,VENDOR_INVOICE,1800.0000,base,base-12-PAYMENT_REQUEST-AP-base-11-HOSTING-FF-036,foundry-field,0.0000,2027
ILLUSTRATIVE_FIFO_WITHIN_FLOW_NOT_ACTUAL_PAYMENT,OPERATING,2027-12-31,SHI,2400.0000,,ENT-base-0002951,12,OB-base-ENT-base-0002951-7206,AP-base-11-HOSTING-FF-037,2027-12-31,VENDOR_INVOICE,2400.0000,base,base-12-PAYMENT_REQUEST-AP-base-11-HOSTING-FF-037,foundry-field,0.0000,2027
ILLUSTRATIVE_FIFO_WITHIN_FLOW_NOT_ACTUAL_PAYMENT,OPERATING,2027-12-31,SHI,3600.0000,,ENT-base-0002952,12,OB-base-ENT-base-0002952-7208,AP-base-11-HOSTING-FF-039,2027-12-31,VENDOR_INVOICE,3600.0000,base,base-12-PAYMENT_REQUEST-AP-base-11-HOSTING-FF-039,foundry-field,0.0000,2027
ILLUSTRATIVE_FIFO_WITHIN_FLOW_NOT_ACTUAL_PAYMENT,OPERATING,2027-12-31,SHI,1800.0000,,ENT-base-0002953,12,OB-base-ENT-base-0002953-7210,AP-base-11-HOSTING-FF-040,2027-12-31,VENDOR_INVOICE,1800.0000,base,base-12-PAYMENT_REQUEST-AP-base-11-HOSTING-FF-040,foundry-field,0.0000,2027
ILLUSTRATIVE_FIFO_WITHIN_FLOW_NOT_ACTUAL_PAYMENT,OPERATING,2027-12-31,SHI,2400.0000,,ENT-base-0002954,12,OB-base-ENT-base-0002954-7212,AP-base-11-HOSTING-FF-041,2027-12-31,VENDOR_INVOICE,2400.0000,base,base-12-PAYMENT_REQUEST-AP-base-11-HOSTING-FF-041,foundry-field,0.0000,2027
ILLUSTRATIVE_FIFO_WITHIN_FLOW_NOT_ACTUAL_PAYMENT,OPERATING,2027-12-31,SHI,1400.0000,,ENT-base-0002955,12,OB-base-ENT-base-0002955-7214,AP-base-11-HOSTING-ATL-LIC-001,2027-12-31,VENDOR_INVOICE,1400.0000,base,base-12-PAYMENT_REQUEST-AP-base-11-HOSTING-ATL-LIC-001,atlas-meridian,0.0000,2027
ILLUSTRATIVE_FIFO_WITHIN_FLOW_NOT_ACTUAL_PAYMENT,OPERATING,2027-12-31,SHI,1600.0000,,ENT-base-0002956,12,OB-base-ENT-base-0002956-7216,AP-base-11-HOSTING-ATL-LIC-002,2027-12-31,VENDOR_INVOICE,1600.0000,base,base-12-PAYMENT_REQUEST-AP-base-11-HOSTING-ATL-LIC-002,atlas-meridian,0.0000,2027
ILLUSTRATIVE_FIFO_WITHIN_FLOW_NOT_ACTUAL_PAYMENT,OPERATING,2027-12-31,SHI,1800.0000,,ENT-base-0002957,12,OB-base-ENT-base-0002957-7218,AP-base-11-HOSTING-ATL-LIC-003,2027-12-31,VENDOR_INVOICE,1800.0000,base,base-12-PAYMENT_REQUEST-AP-base-11-HOSTING-ATL-LIC-003,atlas-meridian,0.0000,2027
ILLUSTRATIVE_FIFO_WITHIN_FLOW_NOT_ACTUAL_PAYMENT,OPERATING,2027-12-31,SHI,1200.0000,,ENT-base-0002958,12,OB-base-ENT-base-0002958-7220,AP-base-11-HOSTING-ATL-LIC-004,2027-12-31,VENDOR_INVOICE,1200.0000,base,base-12-PAYMENT_REQUEST-AP-base-11-HOSTING-ATL-LIC-004,atlas-meridian,0.0000,2027
ILLUSTRATIVE_FIFO_WITHIN_FLOW_NOT_ACTUAL_PAYMENT,OPERATING,2027-12-31,SHI,1400.0000,,ENT-base-0002959,12,OB-base-ENT-base-0002959-7222,AP-base-11-HOSTING-ATL-LIC-005,2027-12-31,VENDOR_INVOICE,1400.0000,base,base-12-PAYMENT_REQUEST-AP-base-11-HOSTING-ATL-LIC-005,atlas-meridian,0.0000,2027
ILLUSTRATIVE_FIFO_WITHIN_FLOW_NOT_ACTUAL_PAYMENT,OPERATING,2027-12-31,SHI,1600.0000,,ENT-base-0002960,12,OB-base-ENT-base-0002960-7224,AP-base-11-HOSTING-ATL-LIC-006,2027-12-31,VENDOR_INVOICE,1600.0000,base,base-12-PAYMENT_REQUEST-AP-base-11-HOSTING-ATL-LIC-006,atlas-meridian,0.0000,2027
ILLUSTRATIVE_FIFO_WITHIN_FLOW_NOT_ACTUAL_PAYMENT,OPERATING,2027-12-31,SHI,1800.0000,,ENT-base-0002961,12,OB-base-ENT-base-0002961-7226,AP-base-11-HOSTING-ATL-LIC-007,2027-12-31,VENDOR_INVOICE,1800.0000,base,base-12-PAYMENT_REQUEST-AP-base-11-HOSTING-ATL-LIC-007,atlas-meridian,0.0000,2027
ILLUSTRATIVE_FIFO_WITHIN_FLOW_NOT_ACTUAL_PAYMENT,OPERATING,2027-12-31,SHI,1200.0000,,ENT-base-0002962,12,OB-base-ENT-base-0002962-7228,AP-base-11-HOSTING-ATL-LIC-008,2027-12-31,VENDOR_INVOICE,1200.0000,base,base-12-PAYMENT_REQUEST-AP-base-11-HOSTING-ATL-LIC-008,atlas-meridian,0.0000,2027
ILLUSTRATIVE_FIFO_WITHIN_FLOW_NOT_ACTUAL_PAYMENT,OPERATING,2027-12-31,SHI,1400.0000,,ENT-base-0002963,12,OB-base-ENT-base-0002963-7230,AP-base-11-HOSTING-ATL-LIC-009,2027-12-31,VENDOR_INVOICE,1400.0000,base,base-12-PAYMENT_REQUEST-AP-base-11-HOSTING-ATL-LIC-009,atlas-meridian,0.0000,2027
ILLUSTRATIVE_FIFO_WITHIN_FLOW_NOT_ACTUAL_PAYMENT,OPERATING,2027-12-31,SHI,1600.0000,,ENT-base-0002964,12,OB-base-ENT-base-0002964-7232,AP-base-11-HOSTING-ATL-LIC-010,2027-12-31,VENDOR_INVOICE,1600.0000,base,base-12-PAYMENT_REQUEST-AP-base-11-HOSTING-ATL-LIC-010,atlas-meridian,0.0000,2027
ILLUSTRATIVE_FIFO_WITHIN_FLOW_NOT_ACTUAL_PAYMENT,OPERATING,2027-12-31,SHI,1800.0000,,ENT-base-0002965,12,OB-base-ENT-base-0002965-7234,AP-base-11-HOSTING-ATL-LIC-011,2027-12-31,VENDOR_INVOICE,1800.0000,base,base-12-PAYMENT_REQUEST-AP-base-11-HOSTING-ATL-LIC-011,atlas-meridian,0.0000,2027
ILLUSTRATIVE_FIFO_WITHIN_FLOW_NOT_ACTUAL_PAYMENT,OPERATING,2027-12-31,SHI,1400.0000,,ENT-base-0002966,12,OB-base-ENT-base-0002966-7236,AP-base-11-HOSTING-ATL-LIC-013,2027-12-31,VENDOR_INVOICE,1400.0000,base,base-12-PAYMENT_REQUEST-AP-base-11-HOSTING-ATL-LIC-013,atlas-meridian,0.0000,2027
ILLUSTRATIVE_FIFO_WITHIN_FLOW_NOT_ACTUAL_PAYMENT,OPERATING,2027-12-31,SHI,1600.0000,,ENT-base-0002967,12,OB-base-ENT-base-0002967-7238,AP-base-11-HOSTING-ATL-LIC-014,2027-12-31,VENDOR_INVOICE,1600.0000,base,base-12-PAYMENT_REQUEST-AP-base-11-HOSTING-ATL-LIC-014,atlas-meridian,0.0000,2027
ILLUSTRATIVE_FIFO_WITHIN_FLOW_NOT_ACTUAL_PAYMENT,OPERATING,2027-12-31,SHI,1800.0000,,ENT-base-0002968,12,OB-base-ENT-base-0002968-7240,AP-base-11-HOSTING-ATL-LIC-015,2027-12-31,VENDOR_INVOICE,1800.0000,base,base-12-PAYMENT_REQUEST-AP-base-11-HOSTING-ATL-LIC-015,atlas-meridian,0.0000,2027
ILLUSTRATIVE_FIFO_WITHIN_FLOW_NOT_ACTUAL_PAYMENT,OPERATING,2027-12-31,SHI,2940.0000,,ENT-base-0002969,12,OB-base-ENT-base-0002969-7242,AP-base-11-TRAVEL-ADV-2027-15-transfer-and-handover,2027-12-31,VENDOR_INVOICE,2940.0000,base,base-12-PAYMENT_REQUEST-AP-base-11-TRAVEL-ADV-2027-15-transfer-and-handover,advisory,0.0000,2027
ILLUSTRATIVE_FIFO_WITHIN_FLOW_NOT_ACTUAL_PAYMENT,OPERATING,2027-12-31,SHI,3360.0000,,ENT-base-0002970,12,OB-base-ENT-base-0002970-7244,AP-base-11-TRAVEL-ADV-2027-16-transfer-and-handover,2027-12-31,VENDOR_INVOICE,3360.0000,base,base-12-PAYMENT_REQUEST-AP-base-11-TRAVEL-ADV-2027-16-transfer-and-handover,advisory,0.0000,2027
ILLUSTRATIVE_FIFO_WITHIN_FLOW_NOT_ACTUAL_PAYMENT,OPERATING,2027-12-31,SHI,4200.0000,,ENT-base-0002971,12,OB-base-ENT-base-0002971-7246,AP-base-11-TRAVEL-ADV-2027-17-workflow-acceptance,2027-12-31,VENDOR_INVOICE,4200.0000,base,base-12-PAYMENT_REQUEST-AP-base-11-TRAVEL-ADV-2027-17-workflow-acceptance,advisory,0.0000,2027
ILLUSTRATIVE_FIFO_WITHIN_FLOW_NOT_ACTUAL_PAYMENT,OPERATING,2027-12-31,SHI,5040.0000,,ENT-base-0002972,12,OB-base-ENT-base-0002972-7248,AP-base-11-TRAVEL-ADV-2027-18-workflow-acceptance,2027-12-31,VENDOR_INVOICE,5040.0000,base,base-12-PAYMENT_REQUEST-AP-base-11-TRAVEL-ADV-2027-18-workflow-acceptance,advisory,0.0000,2027
ILLUSTRATIVE_FIFO_WITHIN_FLOW_NOT_ACTUAL_PAYMENT,OPERATING,2027-12-31,SHI,2940.0000,,ENT-base-0002973,12,OB-base-ENT-base-0002973-7250,AP-base-11-TRAVEL-ADV-2027-19-scope-and-diagnosis,2027-12-31,VENDOR_INVOICE,2940.0000,base,base-12-PAYMENT_REQUEST-AP-base-11-TRAVEL-ADV-2027-19-scope-and-diagnosis,advisory,0.0000,2027
ILLUSTRATIVE_FIFO_WITHIN_FLOW_NOT_ACTUAL_PAYMENT,OPERATING,2027-12-31,SHI,3360.0000,,ENT-base-0002974,12,OB-base-ENT-base-0002974-7252,AP-base-11-TRAVEL-ADV-2027-20-scope-and-diagnosis,2027-12-31,VENDOR_INVOICE,3360.0000,base,base-12-PAYMENT_REQUEST-AP-base-11-TRAVEL-ADV-2027-20-scope-and-diagnosis,advisory,0.0000,2027
ILLUSTRATIVE_FIFO_WITHIN_FLOW_NOT_ACTUAL_PAYMENT,OPERATING,2027-12-31,SHI,8550.0000,,ENT-base-0002975,12,OB-base-ENT-base-0002975-7254,AP-base-11-COMPUTE-ATL-2027-08-accepted-transfer,2027-12-31,VENDOR_INVOICE,8550.0000,base,base-12-PAYMENT_REQUEST-AP-base-11-COMPUTE-ATL-2027-08-accepted-transfer,atlas-meridian,0.0000,2027
ILLUSTRATIVE_FIFO_WITHIN_FLOW_NOT_ACTUAL_PAYMENT,OPERATING,2027-12-31,SHI,8580.0000,,ENT-base-0002976,12,OB-base-ENT-base-0002976-7256,AP-base-11-PROCESS-STREAM17-base-11,2027-12-31,VENDOR_INVOICE,8580.0000,base,base-12-PAYMENT_REQUEST-AP-base-11-PROCESS-STREAM17-base-11,project-cradle,0.0000,2027
ILLUSTRATIVE_FIFO_WITHIN_FLOW_NOT_ACTUAL_PAYMENT,OPERATING,2027-12-31,SHI,18500.0000,,ENT-base-0002977,12,OB-base-ENT-base-0002977-7258,AP-base-11-PROCESS-DEMOTTE-base-11,2027-12-31,VENDOR_INVOICE,18500.0000,base,base-12-PAYMENT_REQUEST-AP-base-11-PROCESS-DEMOTTE-base-11,project-cradle,0.0000,2027
ILLUSTRATIVE_FIFO_WITHIN_FLOW_NOT_ACTUAL_PAYMENT,OPERATING,2027-12-31,SHI,3979.8000,,ENT-base-0002978,12,OB-base-ENT-base-0002978-7260,AP-base-11-FREIGHT-STREAM17-base-10,2027-12-31,VENDOR_INVOICE,3979.8000,base,base-12-PAYMENT_REQUEST-AP-base-11-FREIGHT-STREAM17-base-10,project-cradle,0.0000,2027
ILLUSTRATIVE_FIFO_WITHIN_FLOW_NOT_ACTUAL_PAYMENT,OPERATING,2027-12-31,SHI,19952.0640,INV-base-base-10-DOWNSTREAM_ACCEPTANCE-STREAM17-base-09,ENT-base-0002979,12,OB-base-ENT-base-0002979-7262,,2027-12-31,HOST_SETTLEMENT,19952.0640,base,base-12-HOST_SETTLEMENT_REQUEST-INV-base-base-10-DOWNSTREAM_ACCEPTANCE-STREAM17-base-09-12,project-cradle,0.0000,2027
ILLUSTRATIVE_FIFO_WITHIN_FLOW_NOT_ACTUAL_PAYMENT,OPERATING,2027-12-31,SHI,1945416.6613,,ENT-base-0002980,12,OB-base-ENT-base-0002980-7264,,2027-12-31,PAYROLL_BATCH,1945416.6613,base,base-12-PAYROLL_REQUEST-foundry-field,foundry-field,0.0000,2027
ILLUSTRATIVE_FIFO_WITHIN_FLOW_NOT_ACTUAL_PAYMENT,OPERATING,2027-12-31,SHI,539583.3321,,ENT-base-0002981,12,OB-base-ENT-base-0002981-7266,,2027-12-31,PAYROLL_BATCH,539583.3321,base,base-12-PAYROLL_REQUEST-atlas-meridian,atlas-meridian,0.0000,2027
ILLUSTRATIVE_FIFO_WITHIN_FLOW_NOT_ACTUAL_PAYMENT,OPERATING,2027-12-31,SHI,420833.3344,,ENT-base-0002982,12,OB-base-ENT-base-0002982-7268,,2027-12-31,PAYROLL_BATCH,420833.3344,base,base-12-PAYROLL_REQUEST-advisory,advisory,0.0000,2027
ILLUSTRATIVE_FIFO_WITHIN_FLOW_NOT_ACTUAL_PAYMENT,OPERATING,2027-12-31,SHI,292500.0000,,ENT-base-0002983,12,OB-base-ENT-base-0002983-7270,,2027-12-31,PAYROLL_BATCH,292500.0000,base,base-12-PAYROLL_REQUEST-willow,willow,0.0000,2027
ILLUSTRATIVE_FIFO_WITHIN_FLOW_NOT_ACTUAL_PAYMENT,OPERATING,2027-12-31,SHI,197916.6673,,ENT-base-0002984,12,OB-base-ENT-base-0002984-7272,,2027-12-31,PAYROLL_BATCH,197916.6673,base,base-12-PAYROLL_REQUEST-project-cradle,project-cradle,0.0000,2027
ILLUSTRATIVE_FIFO_WITHIN_FLOW_NOT_ACTUAL_PAYMENT,OPERATING,2027-12-31,SHI,2846666.6623,,ENT-base-0002985,12,OB-base-ENT-base-0002985-7274,,2027-12-31,PAYROLL_BATCH,2846666.6623,base,base-12-PAYROLL_REQUEST-corporate,corporate,0.0000,2027
ILLUSTRATIVE_FIFO_WITHIN_FLOW_NOT_ACTUAL_PAYMENT,INVESTING,2027-01-31,SHI,240000.0000,,ENT-base-0000534,1,OB-base-ENT-base-0000534-1872,,2027-01-31,CAPITAL_REQUEST,240000.0000,base,base-01-ASSET_RECEIPT-FORT-TEST-RIG,willow,0.0000,2027
ILLUSTRATIVE_FIFO_WITHIN_FLOW_NOT_ACTUAL_PAYMENT,INVESTING,2027-01-31,SHI,320000.0000,,ENT-base-0000535,1,OB-base-ENT-base-0000535-1874,,2027-01-31,CAPITAL_REQUEST,320000.0000,base,base-01-ASSET_RECEIPT-STREAM17-MODULE,project-cradle,0.0000,2027
ILLUSTRATIVE_FIFO_WITHIN_FLOW_NOT_ACTUAL_PAYMENT,INVESTING,2027-02-28,SHI,180000.0000,,ENT-base-0000758,2,OB-base-ENT-base-0000758-2376,,2027-02-28,CAPITAL_REQUEST,180000.0000,base,base-02-ASSET_RECEIPT-FORT-ANALYTICAL,willow,0.0000,2027
ILLUSTRATIVE_FIFO_WITHIN_FLOW_NOT_ACTUAL_PAYMENT,INVESTING,2027-02-28,SHI,650000.0000,,ENT-base-0000759,2,OB-base-ENT-base-0000759-2378,,2027-02-28,CAPITAL_REQUEST,650000.0000,base,base-02-ASSET_RECEIPT-BEDFORD-MODULE,project-cradle,0.0000,2027
ILLUSTRATIVE_FIFO_WITHIN_FLOW_NOT_ACTUAL_PAYMENT,INVESTING,2027-05-31,SHI,210000.0000,,ENT-base-0001419,5,OB-base-ENT-base-0001419-3848,,2027-05-31,CAPITAL_REQUEST,210000.0000,base,base-05-ASSET_RECEIPT-DEMOTTE-GEN2,project-cradle,0.0000,2027
ILLUSTRATIVE_FIFO_WITHIN_FLOW_NOT_ACTUAL_PAYMENT,FINANCING,2027-01-31,SHI,100000.0000,,ENT-base-0000407,1,OB-base-ENT-base-0000407-1618,,2027-01-31,DEBT_REQUEST,100000.0000,base,CORE-PRINCIPAL,corporate,0.0000,2027
ILLUSTRATIVE_FIFO_WITHIN_FLOW_NOT_ACTUAL_PAYMENT,FINANCING,2027-02-28,SHI,100000.0000,,ENT-base-0000573,2,OB-base-ENT-base-0000573-2006,,2027-02-28,DEBT_REQUEST,100000.0000,base,CORE-PRINCIPAL,corporate,0.0000,2027
ILLUSTRATIVE_FIFO_WITHIN_FLOW_NOT_ACTUAL_PAYMENT,FINANCING,2027-03-31,SHI,100000.0000,,ENT-base-0000802,3,OB-base-ENT-base-0000802-2515,,2027-03-31,DEBT_REQUEST,100000.0000,base,CORE-PRINCIPAL,corporate,0.0000,2027
ILLUSTRATIVE_FIFO_WITHIN_FLOW_NOT_ACTUAL_PAYMENT,FINANCING,2027-04-30,SHI,100000.0000,,ENT-base-0001015,4,OB-base-ENT-base-0001015-2989,,2027-04-30,DEBT_REQUEST,100000.0000,base,CORE-PRINCIPAL,corporate,0.0000,2027
ILLUSTRATIVE_FIFO_WITHIN_FLOW_NOT_ACTUAL_PAYMENT,FINANCING,2027-05-31,SHI,100000.0000,,ENT-base-0001238,5,OB-base-ENT-base-0001238-3486,,2027-05-31,DEBT_REQUEST,100000.0000,base,CORE-PRINCIPAL,corporate,0.0000,2027
ILLUSTRATIVE_FIFO_WITHIN_FLOW_NOT_ACTUAL_PAYMENT,FINANCING,2027-06-30,SHI,100000.0000,,ENT-base-0001461,6,OB-base-ENT-base-0001461-3983,,2027-06-30,DEBT_REQUEST,100000.0000,base,CORE-PRINCIPAL,corporate,0.0000,2027
ILLUSTRATIVE_FIFO_WITHIN_FLOW_NOT_ACTUAL_PAYMENT,FINANCING,2027-07-31,SHI,100000.0000,,ENT-base-0001690,7,OB-base-ENT-base-0001690-4492,,2027-07-31,DEBT_REQUEST,100000.0000,base,CORE-PRINCIPAL,corporate,0.0000,2027
ILLUSTRATIVE_FIFO_WITHIN_FLOW_NOT_ACTUAL_PAYMENT,FINANCING,2027-08-31,SHI,100000.0000,,ENT-base-0001927,8,OB-base-ENT-base-0001927-5003,,2027-08-31,DEBT_REQUEST,100000.0000,base,CORE-PRINCIPAL,corporate,0.0000,2027
ILLUSTRATIVE_FIFO_WITHIN_FLOW_NOT_ACTUAL_PAYMENT,FINANCING,2027-09-30,SHI,100000.0000,,ENT-base-0002168,9,OB-base-ENT-base-0002168-5523,,2027-09-30,DEBT_REQUEST,100000.0000,base,CORE-PRINCIPAL,corporate,0.0000,2027
ILLUSTRATIVE_FIFO_WITHIN_FLOW_NOT_ACTUAL_PAYMENT,FINANCING,2027-10-31,SHI,100000.0000,,ENT-base-0002412,10,OB-base-ENT-base-0002412-6049,,2027-10-31,DEBT_REQUEST,100000.0000,base,CORE-PRINCIPAL,corporate,0.0000,2027
ILLUSTRATIVE_FIFO_WITHIN_FLOW_NOT_ACTUAL_PAYMENT,FINANCING,2027-11-30,SHI,100000.0000,,ENT-base-0002662,11,OB-base-ENT-base-0002662-6589,,2027-11-30,DEBT_REQUEST,100000.0000,base,CORE-PRINCIPAL,corporate,0.0000,2027
ILLUSTRATIVE_FIFO_WITHIN_FLOW_NOT_ACTUAL_PAYMENT,FINANCING,2027-12-31,SHI,100000.0000,,ENT-base-0002907,12,OB-base-ENT-base-0002907-7118,,2027-12-31,DEBT_REQUEST,100000.0000,base,CORE-PRINCIPAL,corporate,0.0000,2027
