scenario,entity,year,month,source_id,journal_id,payroll_batch_id,segment,payroll_detail_id,census_employee_id,planned_position_pool_id,census_role,census_fte,modeled_role_capacity_fte,employer_cost_usd,allocated_settlement_usd,evidence_role,fact_state,record_origin,available_at
base,ARU_GROUP,2027,1,PAYROLL-base-202701-BST,base-ARU_GROUP-2027-000031,WAGE-base-base-ARU_GROUP-2027-000031,BST,WAGE-base-base-ARU_GROUP-2027-000031-EMP-007,EMP-007,,General Manager,1,1,21837,21837,MODELED_CENSUS_ROLE_ALLOCATION_NOT_INDIVIDUAL_PAYSLIP,FORECAST,PUBLIC_SYNTHETIC_PLANNING_MODEL,2026-09-06T00:00:00-07:00
base,ARU_GROUP,2027,1,PAYROLL-base-202701-BST,base-ARU_GROUP-2027-000031,WAGE-base-base-ARU_GROUP-2027-000031,BST,WAGE-base-base-ARU_GROUP-2027-000031-EMP-008,EMP-008,,Operations and Dispatch Manager,1,1,14366,14366,MODELED_CENSUS_ROLE_ALLOCATION_NOT_INDIVIDUAL_PAYSLIP,FORECAST,PUBLIC_SYNTHETIC_PLANNING_MODEL,2026-09-06T00:00:00-07:00
base,ARU_GROUP,2027,1,PAYROLL-base-202701-BST,base-ARU_GROUP-2027-000031,WAGE-base-base-ARU_GROUP-2027-000031,BST,WAGE-base-base-ARU_GROUP-2027-000031-EMP-009,EMP-009,,Working MOW Foreman,1,1,11493,11493,MODELED_CENSUS_ROLE_ALLOCATION_NOT_INDIVIDUAL_PAYSLIP,FORECAST,PUBLIC_SYNTHETIC_PLANNING_MODEL,2026-09-06T00:00:00-07:00
base,ARU_GROUP,2027,1,PAYROLL-base-202701-BST,base-ARU_GROUP-2027-000031,WAGE-base-base-ARU_GROUP-2027-000031,BST,WAGE-base-base-ARU_GROUP-2027-000031-EMP-010,EMP-010,,Mechanical Foreman,1,1,12642,12642,MODELED_CENSUS_ROLE_ALLOCATION_NOT_INDIVIDUAL_PAYSLIP,FORECAST,PUBLIC_SYNTHETIC_PLANNING_MODEL,2026-09-06T00:00:00-07:00
base,ARU_GROUP,2027,1,PAYROLL-base-202701-BST,base-ARU_GROUP-2027-000031,WAGE-base-base-ARU_GROUP-2027-000031,BST,WAGE-base-base-ARU_GROUP-2027-000031-EMP-011,EMP-011,,Safety and Compliance Manager,1,1,12067,12067,MODELED_CENSUS_ROLE_ALLOCATION_NOT_INDIVIDUAL_PAYSLIP,FORECAST,PUBLIC_SYNTHETIC_PLANNING_MODEL,2026-09-06T00:00:00-07:00
base,ARU_GROUP,2027,1,PAYROLL-base-202701-BST,base-ARU_GROUP-2027-000031,WAGE-base-base-ARU_GROUP-2027-000031,BST,WAGE-base-base-ARU_GROUP-2027-000031-EMP-019,EMP-019,,Train Engine employee,1,1,8390,8390,MODELED_CENSUS_ROLE_ALLOCATION_NOT_INDIVIDUAL_PAYSLIP,FORECAST,PUBLIC_SYNTHETIC_PLANNING_MODEL,2026-09-06T00:00:00-07:00
base,ARU_GROUP,2027,1,PAYROLL-base-202701-BST,base-ARU_GROUP-2027-000031,WAGE-base-base-ARU_GROUP-2027-000031,BST,WAGE-base-base-ARU_GROUP-2027-000031-EMP-020,EMP-020,,Train Engine employee,1,1,8390,8390,MODELED_CENSUS_ROLE_ALLOCATION_NOT_INDIVIDUAL_PAYSLIP,FORECAST,PUBLIC_SYNTHETIC_PLANNING_MODEL,2026-09-06T00:00:00-07:00
base,ARU_GROUP,2027,1,PAYROLL-base-202701-BST,base-ARU_GROUP-2027-000031,WAGE-base-base-ARU_GROUP-2027-000031,BST,WAGE-base-base-ARU_GROUP-2027-000031-EMP-021,EMP-021,,Train Engine employee,1,1,8390,8390,MODELED_CENSUS_ROLE_ALLOCATION_NOT_INDIVIDUAL_PAYSLIP,FORECAST,PUBLIC_SYNTHETIC_PLANNING_MODEL,2026-09-06T00:00:00-07:00
base,ARU_GROUP,2027,1,PAYROLL-base-202701-BST,base-ARU_GROUP-2027-000031,WAGE-base-base-ARU_GROUP-2027-000031,BST,WAGE-base-base-ARU_GROUP-2027-000031-EMP-022,EMP-022,,Train Engine employee,1,1,8390,8390,MODELED_CENSUS_ROLE_ALLOCATION_NOT_INDIVIDUAL_PAYSLIP,FORECAST,PUBLIC_SYNTHETIC_PLANNING_MODEL,2026-09-06T00:00:00-07:00
base,ARU_GROUP,2027,1,PAYROLL-base-202701-BST,base-ARU_GROUP-2027-000031,WAGE-base-base-ARU_GROUP-2027-000031,BST,WAGE-base-base-ARU_GROUP-2027-000031-EMP-023,EMP-023,,Train Engine employee,1,1,8390,8390,MODELED_CENSUS_ROLE_ALLOCATION_NOT_INDIVIDUAL_PAYSLIP,FORECAST,PUBLIC_SYNTHETIC_PLANNING_MODEL,2026-09-06T00:00:00-07:00
base,ARU_GROUP,2027,1,PAYROLL-base-202701-BST,base-ARU_GROUP-2027-000031,WAGE-base-base-ARU_GROUP-2027-000031,BST,WAGE-base-base-ARU_GROUP-2027-000031-EMP-024,EMP-024,,Train Engine employee,1,1,8390,8390,MODELED_CENSUS_ROLE_ALLOCATION_NOT_INDIVIDUAL_PAYSLIP,FORECAST,PUBLIC_SYNTHETIC_PLANNING_MODEL,2026-09-06T00:00:00-07:00
base,ARU_GROUP,2027,1,PAYROLL-base-202701-BST,base-ARU_GROUP-2027-000031,WAGE-base-base-ARU_GROUP-2027-000031,BST,WAGE-base-base-ARU_GROUP-2027-000031-EMP-025,EMP-025,,Train Engine employee,1,1,8390,8390,MODELED_CENSUS_ROLE_ALLOCATION_NOT_INDIVIDUAL_PAYSLIP,FORECAST,PUBLIC_SYNTHETIC_PLANNING_MODEL,2026-09-06T00:00:00-07:00
base,ARU_GROUP,2027,1,PAYROLL-base-202701-BST,base-ARU_GROUP-2027-000031,WAGE-base-base-ARU_GROUP-2027-000031,BST,WAGE-base-base-ARU_GROUP-2027-000031-EMP-026,EMP-026,,Train Engine employee,1,1,8390,8390,MODELED_CENSUS_ROLE_ALLOCATION_NOT_INDIVIDUAL_PAYSLIP,FORECAST,PUBLIC_SYNTHETIC_PLANNING_MODEL,2026-09-06T00:00:00-07:00
base,ARU_GROUP,2027,1,PAYROLL-base-202701-BST,base-ARU_GROUP-2027-000031,WAGE-base-base-ARU_GROUP-2027-000031,BST,WAGE-base-base-ARU_GROUP-2027-000031-EMP-027,EMP-027,,Train Engine employee,1,1,8390,8390,MODELED_CENSUS_ROLE_ALLOCATION_NOT_INDIVIDUAL_PAYSLIP,FORECAST,PUBLIC_SYNTHETIC_PLANNING_MODEL,2026-09-06T00:00:00-07:00
base,ARU_GROUP,2027,1,PAYROLL-base-202701-BST,base-ARU_GROUP-2027-000031,WAGE-base-base-ARU_GROUP-2027-000031,BST,WAGE-base-base-ARU_GROUP-2027-000031-EMP-028,EMP-028,,Train Engine employee,1,1,8390,8390,MODELED_CENSUS_ROLE_ALLOCATION_NOT_INDIVIDUAL_PAYSLIP,FORECAST,PUBLIC_SYNTHETIC_PLANNING_MODEL,2026-09-06T00:00:00-07:00
base,ARU_GROUP,2027,1,PAYROLL-base-202701-BST,base-ARU_GROUP-2027-000031,WAGE-base-base-ARU_GROUP-2027-000031,BST,WAGE-base-base-ARU_GROUP-2027-000031-EMP-029,EMP-029,,Train Engine employee,1,1,8390,8390,MODELED_CENSUS_ROLE_ALLOCATION_NOT_INDIVIDUAL_PAYSLIP,FORECAST,PUBLIC_SYNTHETIC_PLANNING_MODEL,2026-09-06T00:00:00-07:00
base,ARU_GROUP,2027,1,PAYROLL-base-202701-BST,base-ARU_GROUP-2027-000031,WAGE-base-base-ARU_GROUP-2027-000031,BST,WAGE-base-base-ARU_GROUP-2027-000031-EMP-030,EMP-030,,Train Engine employee,1,1,8390,8390,MODELED_CENSUS_ROLE_ALLOCATION_NOT_INDIVIDUAL_PAYSLIP,FORECAST,PUBLIC_SYNTHETIC_PLANNING_MODEL,2026-09-06T00:00:00-07:00
base,ARU_GROUP,2027,1,PAYROLL-base-202701-BST,base-ARU_GROUP-2027-000031,WAGE-base-base-ARU_GROUP-2027-000031,BST,WAGE-base-base-ARU_GROUP-2027-000031-EMP-031,EMP-031,,Train Engine employee,1,1,8390,8390,MODELED_CENSUS_ROLE_ALLOCATION_NOT_INDIVIDUAL_PAYSLIP,FORECAST,PUBLIC_SYNTHETIC_PLANNING_MODEL,2026-09-06T00:00:00-07:00
base,ARU_GROUP,2027,1,PAYROLL-base-202701-BST,base-ARU_GROUP-2027-000031,WAGE-base-base-ARU_GROUP-2027-000031,BST,WAGE-base-base-ARU_GROUP-2027-000031-EMP-032,EMP-032,,Train Engine employee,1,1,8390,8390,MODELED_CENSUS_ROLE_ALLOCATION_NOT_INDIVIDUAL_PAYSLIP,FORECAST,PUBLIC_SYNTHETIC_PLANNING_MODEL,2026-09-06T00:00:00-07:00
base,ARU_GROUP,2027,1,PAYROLL-base-202701-BST,base-ARU_GROUP-2027-000031,WAGE-base-base-ARU_GROUP-2027-000031,BST,WAGE-base-base-ARU_GROUP-2027-000031-EMP-033,EMP-033,,Train Engine employee,1,1,8390,8390,MODELED_CENSUS_ROLE_ALLOCATION_NOT_INDIVIDUAL_PAYSLIP,FORECAST,PUBLIC_SYNTHETIC_PLANNING_MODEL,2026-09-06T00:00:00-07:00
base,ARU_GROUP,2027,1,PAYROLL-base-202701-BST,base-ARU_GROUP-2027-000031,WAGE-base-base-ARU_GROUP-2027-000031,BST,WAGE-base-base-ARU_GROUP-2027-000031-EMP-034,EMP-034,,Train Engine employee,1,1,8390,8390,MODELED_CENSUS_ROLE_ALLOCATION_NOT_INDIVIDUAL_PAYSLIP,FORECAST,PUBLIC_SYNTHETIC_PLANNING_MODEL,2026-09-06T00:00:00-07:00
base,ARU_GROUP,2027,1,PAYROLL-base-202701-BST,base-ARU_GROUP-2027-000031,WAGE-base-base-ARU_GROUP-2027-000031,BST,WAGE-base-base-ARU_GROUP-2027-000031-EMP-035,EMP-035,,Train Engine employee,1,1,8390,8390,MODELED_CENSUS_ROLE_ALLOCATION_NOT_INDIVIDUAL_PAYSLIP,FORECAST,PUBLIC_SYNTHETIC_PLANNING_MODEL,2026-09-06T00:00:00-07:00
base,ARU_GROUP,2027,1,PAYROLL-base-202701-BST,base-ARU_GROUP-2027-000031,WAGE-base-base-ARU_GROUP-2027-000031,BST,WAGE-base-base-ARU_GROUP-2027-000031-EMP-036,EMP-036,,Train Engine employee,1,1,8390,8390,MODELED_CENSUS_ROLE_ALLOCATION_NOT_INDIVIDUAL_PAYSLIP,FORECAST,PUBLIC_SYNTHETIC_PLANNING_MODEL,2026-09-06T00:00:00-07:00
base,ARU_GROUP,2027,1,PAYROLL-base-202701-BST,base-ARU_GROUP-2027-000031,WAGE-base-base-ARU_GROUP-2027-000031,BST,WAGE-base-base-ARU_GROUP-2027-000031-EMP-037,EMP-037,,Train Engine employee,1,1,8390,8390,MODELED_CENSUS_ROLE_ALLOCATION_NOT_INDIVIDUAL_PAYSLIP,FORECAST,PUBLIC_SYNTHETIC_PLANNING_MODEL,2026-09-06T00:00:00-07:00
base,ARU_GROUP,2027,1,PAYROLL-base-202701-BST,base-ARU_GROUP-2027-000031,WAGE-base-base-ARU_GROUP-2027-000031,BST,WAGE-base-base-ARU_GROUP-2027-000031-EMP-038,EMP-038,,Train Engine employee,1,1,8390,8390,MODELED_CENSUS_ROLE_ALLOCATION_NOT_INDIVIDUAL_PAYSLIP,FORECAST,PUBLIC_SYNTHETIC_PLANNING_MODEL,2026-09-06T00:00:00-07:00
base,ARU_GROUP,2027,1,PAYROLL-base-202701-BST,base-ARU_GROUP-2027-000031,WAGE-base-base-ARU_GROUP-2027-000031,BST,WAGE-base-base-ARU_GROUP-2027-000031-EMP-039,EMP-039,,Train Engine employee,1,1,8390,8390,MODELED_CENSUS_ROLE_ALLOCATION_NOT_INDIVIDUAL_PAYSLIP,FORECAST,PUBLIC_SYNTHETIC_PLANNING_MODEL,2026-09-06T00:00:00-07:00
base,ARU_GROUP,2027,1,PAYROLL-base-202701-BST,base-ARU_GROUP-2027-000031,WAGE-base-base-ARU_GROUP-2027-000031,BST,WAGE-base-base-ARU_GROUP-2027-000031-EMP-040,EMP-040,,Train Engine employee,1,1,8390,8390,MODELED_CENSUS_ROLE_ALLOCATION_NOT_INDIVIDUAL_PAYSLIP,FORECAST,PUBLIC_SYNTHETIC_PLANNING_MODEL,2026-09-06T00:00:00-07:00
base,ARU_GROUP,2027,1,PAYROLL-base-202701-BST,base-ARU_GROUP-2027-000031,WAGE-base-base-ARU_GROUP-2027-000031,BST,WAGE-base-base-ARU_GROUP-2027-000031-EMP-041,EMP-041,,Mow employee,1,1,8045,8045,MODELED_CENSUS_ROLE_ALLOCATION_NOT_INDIVIDUAL_PAYSLIP,FORECAST,PUBLIC_SYNTHETIC_PLANNING_MODEL,2026-09-06T00:00:00-07:00
base,ARU_GROUP,2027,1,PAYROLL-base-202701-BST,base-ARU_GROUP-2027-000031,WAGE-base-base-ARU_GROUP-2027-000031,BST,WAGE-base-base-ARU_GROUP-2027-000031-EMP-042,EMP-042,,Mow employee,1,1,8045,8045,MODELED_CENSUS_ROLE_ALLOCATION_NOT_INDIVIDUAL_PAYSLIP,FORECAST,PUBLIC_SYNTHETIC_PLANNING_MODEL,2026-09-06T00:00:00-07:00
base,ARU_GROUP,2027,1,PAYROLL-base-202701-BST,base-ARU_GROUP-2027-000031,WAGE-base-base-ARU_GROUP-2027-000031,BST,WAGE-base-base-ARU_GROUP-2027-000031-EMP-043,EMP-043,,Mow employee,1,1,8045,8045,MODELED_CENSUS_ROLE_ALLOCATION_NOT_INDIVIDUAL_PAYSLIP,FORECAST,PUBLIC_SYNTHETIC_PLANNING_MODEL,2026-09-06T00:00:00-07:00
base,ARU_GROUP,2027,1,PAYROLL-base-202701-BST,base-ARU_GROUP-2027-000031,WAGE-base-base-ARU_GROUP-2027-000031,BST,WAGE-base-base-ARU_GROUP-2027-000031-EMP-044,EMP-044,,Mow employee,1,1,8045,8045,MODELED_CENSUS_ROLE_ALLOCATION_NOT_INDIVIDUAL_PAYSLIP,FORECAST,PUBLIC_SYNTHETIC_PLANNING_MODEL,2026-09-06T00:00:00-07:00
base,ARU_GROUP,2027,1,PAYROLL-base-202701-BST,base-ARU_GROUP-2027-000031,WAGE-base-base-ARU_GROUP-2027-000031,BST,WAGE-base-base-ARU_GROUP-2027-000031-EMP-045,EMP-045,,Mow employee,1,1,8045,8045,MODELED_CENSUS_ROLE_ALLOCATION_NOT_INDIVIDUAL_PAYSLIP,FORECAST,PUBLIC_SYNTHETIC_PLANNING_MODEL,2026-09-06T00:00:00-07:00
base,ARU_GROUP,2027,1,PAYROLL-base-202701-BST,base-ARU_GROUP-2027-000031,WAGE-base-base-ARU_GROUP-2027-000031,BST,WAGE-base-base-ARU_GROUP-2027-000031-EMP-046,EMP-046,,Mow employee,1,1,8045,8045,MODELED_CENSUS_ROLE_ALLOCATION_NOT_INDIVIDUAL_PAYSLIP,FORECAST,PUBLIC_SYNTHETIC_PLANNING_MODEL,2026-09-06T00:00:00-07:00
base,ARU_GROUP,2027,1,PAYROLL-base-202701-BST,base-ARU_GROUP-2027-000031,WAGE-base-base-ARU_GROUP-2027-000031,BST,WAGE-base-base-ARU_GROUP-2027-000031-EMP-047,EMP-047,,Mow employee,1,1,8045,8045,MODELED_CENSUS_ROLE_ALLOCATION_NOT_INDIVIDUAL_PAYSLIP,FORECAST,PUBLIC_SYNTHETIC_PLANNING_MODEL,2026-09-06T00:00:00-07:00
base,ARU_GROUP,2027,1,PAYROLL-base-202701-BST,base-ARU_GROUP-2027-000031,WAGE-base-base-ARU_GROUP-2027-000031,BST,WAGE-base-base-ARU_GROUP-2027-000031-EMP-048,EMP-048,,Mow employee,1,1,8045,8045,MODELED_CENSUS_ROLE_ALLOCATION_NOT_INDIVIDUAL_PAYSLIP,FORECAST,PUBLIC_SYNTHETIC_PLANNING_MODEL,2026-09-06T00:00:00-07:00
base,ARU_GROUP,2027,1,PAYROLL-base-202701-BST,base-ARU_GROUP-2027-000031,WAGE-base-base-ARU_GROUP-2027-000031,BST,WAGE-base-base-ARU_GROUP-2027-000031-EMP-049,EMP-049,,Mow employee,1,1,8045,8045,MODELED_CENSUS_ROLE_ALLOCATION_NOT_INDIVIDUAL_PAYSLIP,FORECAST,PUBLIC_SYNTHETIC_PLANNING_MODEL,2026-09-06T00:00:00-07:00
base,ARU_GROUP,2027,1,PAYROLL-base-202701-BST,base-ARU_GROUP-2027-000031,WAGE-base-base-ARU_GROUP-2027-000031,BST,WAGE-base-base-ARU_GROUP-2027-000031-EMP-050,EMP-050,,Mechanical employee,1,1,8620,8620,MODELED_CENSUS_ROLE_ALLOCATION_NOT_INDIVIDUAL_PAYSLIP,FORECAST,PUBLIC_SYNTHETIC_PLANNING_MODEL,2026-09-06T00:00:00-07:00
base,ARU_GROUP,2027,1,PAYROLL-base-202701-BST,base-ARU_GROUP-2027-000031,WAGE-base-base-ARU_GROUP-2027-000031,BST,WAGE-base-base-ARU_GROUP-2027-000031-EMP-051,EMP-051,,Mechanical employee,1,1,8620,8620,MODELED_CENSUS_ROLE_ALLOCATION_NOT_INDIVIDUAL_PAYSLIP,FORECAST,PUBLIC_SYNTHETIC_PLANNING_MODEL,2026-09-06T00:00:00-07:00
base,ARU_GROUP,2027,1,PAYROLL-base-202701-BST,base-ARU_GROUP-2027-000031,WAGE-base-base-ARU_GROUP-2027-000031,BST,WAGE-base-base-ARU_GROUP-2027-000031-EMP-052,EMP-052,,Mechanical employee,1,1,8620,8620,MODELED_CENSUS_ROLE_ALLOCATION_NOT_INDIVIDUAL_PAYSLIP,FORECAST,PUBLIC_SYNTHETIC_PLANNING_MODEL,2026-09-06T00:00:00-07:00
base,ARU_GROUP,2027,1,PAYROLL-base-202701-BST,base-ARU_GROUP-2027-000031,WAGE-base-base-ARU_GROUP-2027-000031,BST,WAGE-base-base-ARU_GROUP-2027-000031-EMP-053,EMP-053,,Mechanical employee,1,1,8620,8620,MODELED_CENSUS_ROLE_ALLOCATION_NOT_INDIVIDUAL_PAYSLIP,FORECAST,PUBLIC_SYNTHETIC_PLANNING_MODEL,2026-09-06T00:00:00-07:00
base,ARU_GROUP,2027,1,PAYROLL-base-202701-BST,base-ARU_GROUP-2027-000031,WAGE-base-base-ARU_GROUP-2027-000031,BST,WAGE-base-base-ARU_GROUP-2027-000031-EMP-054,EMP-054,,Mechanical employee,1,1,8620,8620,MODELED_CENSUS_ROLE_ALLOCATION_NOT_INDIVIDUAL_PAYSLIP,FORECAST,PUBLIC_SYNTHETIC_PLANNING_MODEL,2026-09-06T00:00:00-07:00
base,ARU_GROUP,2027,1,PAYROLL-base-202701-BST,base-ARU_GROUP-2027-000031,WAGE-base-base-ARU_GROUP-2027-000031,BST,WAGE-base-base-ARU_GROUP-2027-000031-EMP-055,EMP-055,,Mechanical employee,1,1,8620,8620,MODELED_CENSUS_ROLE_ALLOCATION_NOT_INDIVIDUAL_PAYSLIP,FORECAST,PUBLIC_SYNTHETIC_PLANNING_MODEL,2026-09-06T00:00:00-07:00
base,ARU_GROUP,2027,1,PAYROLL-base-202701-BST,base-ARU_GROUP-2027-000031,WAGE-base-base-ARU_GROUP-2027-000031,BST,WAGE-base-base-ARU_GROUP-2027-000031-EMP-056,EMP-056,,Mechanical employee,1,1,8620,8620,MODELED_CENSUS_ROLE_ALLOCATION_NOT_INDIVIDUAL_PAYSLIP,FORECAST,PUBLIC_SYNTHETIC_PLANNING_MODEL,2026-09-06T00:00:00-07:00
base,ARU_GROUP,2027,1,PAYROLL-base-202701-BST,base-ARU_GROUP-2027-000031,WAGE-base-base-ARU_GROUP-2027-000031,BST,WAGE-base-base-ARU_GROUP-2027-000031-EMP-057,EMP-057,,Operations employee,1,1,8045,8045,MODELED_CENSUS_ROLE_ALLOCATION_NOT_INDIVIDUAL_PAYSLIP,FORECAST,PUBLIC_SYNTHETIC_PLANNING_MODEL,2026-09-06T00:00:00-07:00
base,ARU_GROUP,2027,1,PAYROLL-base-202701-BST,base-ARU_GROUP-2027-000031,WAGE-base-base-ARU_GROUP-2027-000031,BST,WAGE-base-base-ARU_GROUP-2027-000031-EMP-058,EMP-058,,Operations employee,1,1,8045,8045,MODELED_CENSUS_ROLE_ALLOCATION_NOT_INDIVIDUAL_PAYSLIP,FORECAST,PUBLIC_SYNTHETIC_PLANNING_MODEL,2026-09-06T00:00:00-07:00
base,ARU_GROUP,2027,1,PAYROLL-base-202701-BST,base-ARU_GROUP-2027-000031,WAGE-base-base-ARU_GROUP-2027-000031,BST,WAGE-base-base-ARU_GROUP-2027-000031-EMP-059,EMP-059,,Operations employee,1,1,8045,8045,MODELED_CENSUS_ROLE_ALLOCATION_NOT_INDIVIDUAL_PAYSLIP,FORECAST,PUBLIC_SYNTHETIC_PLANNING_MODEL,2026-09-06T00:00:00-07:00
base,ARU_GROUP,2027,1,PAYROLL-base-202701-BST,base-ARU_GROUP-2027-000031,WAGE-base-base-ARU_GROUP-2027-000031,BST,WAGE-base-base-ARU_GROUP-2027-000031-EMP-060,EMP-060,,Operations employee,1,1,8045,8045,MODELED_CENSUS_ROLE_ALLOCATION_NOT_INDIVIDUAL_PAYSLIP,FORECAST,PUBLIC_SYNTHETIC_PLANNING_MODEL,2026-09-06T00:00:00-07:00
base,ARU_GROUP,2027,1,PAYROLL-base-202701-BST,base-ARU_GROUP-2027-000031,WAGE-base-base-ARU_GROUP-2027-000031,BST,WAGE-base-base-ARU_GROUP-2027-000031-EMP-061,EMP-061,,Operations employee,1,1,8045,8045,MODELED_CENSUS_ROLE_ALLOCATION_NOT_INDIVIDUAL_PAYSLIP,FORECAST,PUBLIC_SYNTHETIC_PLANNING_MODEL,2026-09-06T00:00:00-07:00
base,ARU_GROUP,2027,1,PAYROLL-base-202701-BST,base-ARU_GROUP-2027-000031,WAGE-base-base-ARU_GROUP-2027-000031,BST,WAGE-base-base-ARU_GROUP-2027-000031-EMP-062,EMP-062,,Safety employee,1,1,8620,8620,MODELED_CENSUS_ROLE_ALLOCATION_NOT_INDIVIDUAL_PAYSLIP,FORECAST,PUBLIC_SYNTHETIC_PLANNING_MODEL,2026-09-06T00:00:00-07:00
base,ARU_GROUP,2027,1,PAYROLL-base-202701-BST,base-ARU_GROUP-2027-000031,WAGE-base-base-ARU_GROUP-2027-000031,BST,WAGE-base-base-ARU_GROUP-2027-000031-EMP-063,EMP-063,,Safety employee,1,1,8620,8620,MODELED_CENSUS_ROLE_ALLOCATION_NOT_INDIVIDUAL_PAYSLIP,FORECAST,PUBLIC_SYNTHETIC_PLANNING_MODEL,2026-09-06T00:00:00-07:00
base,ARU_GROUP,2027,1,PAYROLL-base-202701-BST,base-ARU_GROUP-2027-000031,WAGE-base-base-ARU_GROUP-2027-000031,BST,WAGE-base-base-ARU_GROUP-2027-000031-EMP-064,EMP-064,,Management employee,1,1,8620,8620,MODELED_CENSUS_ROLE_ALLOCATION_NOT_INDIVIDUAL_PAYSLIP,FORECAST,PUBLIC_SYNTHETIC_PLANNING_MODEL,2026-09-06T00:00:00-07:00
base,ARU_GROUP,2027,1,PAYROLL-base-202701-BST,base-ARU_GROUP-2027-000031,WAGE-base-base-ARU_GROUP-2027-000031,BST,WAGE-base-base-ARU_GROUP-2027-000031-EMP-065,EMP-065,,Management employee,1,1,8620,8620,MODELED_CENSUS_ROLE_ALLOCATION_NOT_INDIVIDUAL_PAYSLIP,FORECAST,PUBLIC_SYNTHETIC_PLANNING_MODEL,2026-09-06T00:00:00-07:00
base,ARU_GROUP,2027,1,PAYROLL-base-202701-BST,base-ARU_GROUP-2027-000031,WAGE-base-base-ARU_GROUP-2027-000031,BST,WAGE-base-base-ARU_GROUP-2027-000031-EMP-066,EMP-066,,Management employee,1,1,8620,8620,MODELED_CENSUS_ROLE_ALLOCATION_NOT_INDIVIDUAL_PAYSLIP,FORECAST,PUBLIC_SYNTHETIC_PLANNING_MODEL,2026-09-06T00:00:00-07:00
base,ARU_GROUP,2027,1,PAYROLL-base-202701-BST,base-ARU_GROUP-2027-000031,WAGE-base-base-ARU_GROUP-2027-000031,BST,WAGE-base-base-ARU_GROUP-2027-000031-EMP-067,EMP-067,,Management employee,1,1,8620,8620,MODELED_CENSUS_ROLE_ALLOCATION_NOT_INDIVIDUAL_PAYSLIP,FORECAST,PUBLIC_SYNTHETIC_PLANNING_MODEL,2026-09-06T00:00:00-07:00
base,ARU_GROUP,2027,1,PAYROLL-base-202701-BST,base-ARU_GROUP-2027-000031,WAGE-base-base-ARU_GROUP-2027-000031,BST,WAGE-base-base-ARU_GROUP-2027-000031-EMP-068,EMP-068,,Management employee,1,1,8620,8620,MODELED_CENSUS_ROLE_ALLOCATION_NOT_INDIVIDUAL_PAYSLIP,FORECAST,PUBLIC_SYNTHETIC_PLANNING_MODEL,2026-09-06T00:00:00-07:00
base,ARU_GROUP,2027,1,PAYROLL-base-202701-BST,base-ARU_GROUP-2027-000031,WAGE-base-base-ARU_GROUP-2027-000031,BST,WAGE-base-base-ARU_GROUP-2027-000031-EMP-069,EMP-069,,Management employee,1,1,8620,8620,MODELED_CENSUS_ROLE_ALLOCATION_NOT_INDIVIDUAL_PAYSLIP,FORECAST,PUBLIC_SYNTHETIC_PLANNING_MODEL,2026-09-06T00:00:00-07:00
base,ARU_GROUP,2027,1,PAYROLL-base-202701-BST,base-ARU_GROUP-2027-000031,WAGE-base-base-ARU_GROUP-2027-000031,BST,WAGE-base-base-ARU_GROUP-2027-000031-EMP-070,EMP-070,,Management employee,1,1,8620,8620,MODELED_CENSUS_ROLE_ALLOCATION_NOT_INDIVIDUAL_PAYSLIP,FORECAST,PUBLIC_SYNTHETIC_PLANNING_MODEL,2026-09-06T00:00:00-07:00
base,ARU_GROUP,2027,1,PAYROLL-base-202701-BST,base-ARU_GROUP-2027-000031,WAGE-base-base-ARU_GROUP-2027-000031,BST,WAGE-base-base-ARU_GROUP-2027-000031-EMP-071,EMP-071,,Management employee,1,1,8619,8619,MODELED_CENSUS_ROLE_ALLOCATION_NOT_INDIVIDUAL_PAYSLIP,FORECAST,PUBLIC_SYNTHETIC_PLANNING_MODEL,2026-09-06T00:00:00-07:00
base,ARU_GROUP,2027,1,PAYROLL-base-202701-TERMINALS,base-ARU_GROUP-2027-000038,WAGE-base-base-ARU_GROUP-2027-000038,TERMINALS,WAGE-base-base-ARU_GROUP-2027-000038-EMP-012,EMP-012,,Terminal Manager,1,1,15515,15515,MODELED_CENSUS_ROLE_ALLOCATION_NOT_INDIVIDUAL_PAYSLIP,FORECAST,PUBLIC_SYNTHETIC_PLANNING_MODEL,2026-09-06T00:00:00-07:00
base,ARU_GROUP,2027,1,PAYROLL-base-202701-TERMINALS,base-ARU_GROUP-2027-000038,WAGE-base-base-ARU_GROUP-2027-000038,TERMINALS,WAGE-base-base-ARU_GROUP-2027-000038-EMP-072,EMP-072,,Terminal employee,1,1,7126,7126,MODELED_CENSUS_ROLE_ALLOCATION_NOT_INDIVIDUAL_PAYSLIP,FORECAST,PUBLIC_SYNTHETIC_PLANNING_MODEL,2026-09-06T00:00:00-07:00
base,ARU_GROUP,2027,1,PAYROLL-base-202701-TERMINALS,base-ARU_GROUP-2027-000038,WAGE-base-base-ARU_GROUP-2027-000038,TERMINALS,WAGE-base-base-ARU_GROUP-2027-000038-EMP-073,EMP-073,,Terminal employee,1,1,7126,7126,MODELED_CENSUS_ROLE_ALLOCATION_NOT_INDIVIDUAL_PAYSLIP,FORECAST,PUBLIC_SYNTHETIC_PLANNING_MODEL,2026-09-06T00:00:00-07:00
base,ARU_GROUP,2027,1,PAYROLL-base-202701-TERMINALS,base-ARU_GROUP-2027-000038,WAGE-base-base-ARU_GROUP-2027-000038,TERMINALS,WAGE-base-base-ARU_GROUP-2027-000038-EMP-074,EMP-074,,Terminal employee,1,1,7126,7126,MODELED_CENSUS_ROLE_ALLOCATION_NOT_INDIVIDUAL_PAYSLIP,FORECAST,PUBLIC_SYNTHETIC_PLANNING_MODEL,2026-09-06T00:00:00-07:00
base,ARU_GROUP,2027,1,PAYROLL-base-202701-TERMINALS,base-ARU_GROUP-2027-000038,WAGE-base-base-ARU_GROUP-2027-000038,TERMINALS,WAGE-base-base-ARU_GROUP-2027-000038-EMP-075,EMP-075,,Terminal employee,1,1,7126,7126,MODELED_CENSUS_ROLE_ALLOCATION_NOT_INDIVIDUAL_PAYSLIP,FORECAST,PUBLIC_SYNTHETIC_PLANNING_MODEL,2026-09-06T00:00:00-07:00
base,ARU_GROUP,2027,1,PAYROLL-base-202701-TERMINALS,base-ARU_GROUP-2027-000038,WAGE-base-base-ARU_GROUP-2027-000038,TERMINALS,WAGE-base-base-ARU_GROUP-2027-000038-EMP-076,EMP-076,,Terminal employee,1,1,7126,7126,MODELED_CENSUS_ROLE_ALLOCATION_NOT_INDIVIDUAL_PAYSLIP,FORECAST,PUBLIC_SYNTHETIC_PLANNING_MODEL,2026-09-06T00:00:00-07:00
base,ARU_GROUP,2027,1,PAYROLL-base-202701-TERMINALS,base-ARU_GROUP-2027-000038,WAGE-base-base-ARU_GROUP-2027-000038,TERMINALS,WAGE-base-base-ARU_GROUP-2027-000038-EMP-077,EMP-077,,Terminal employee,1,1,7126,7126,MODELED_CENSUS_ROLE_ALLOCATION_NOT_INDIVIDUAL_PAYSLIP,FORECAST,PUBLIC_SYNTHETIC_PLANNING_MODEL,2026-09-06T00:00:00-07:00
base,ARU_GROUP,2027,1,PAYROLL-base-202701-TERMINALS,base-ARU_GROUP-2027-000038,WAGE-base-base-ARU_GROUP-2027-000038,TERMINALS,WAGE-base-base-ARU_GROUP-2027-000038-EMP-078,EMP-078,,Terminal employee,1,1,7126,7126,MODELED_CENSUS_ROLE_ALLOCATION_NOT_INDIVIDUAL_PAYSLIP,FORECAST,PUBLIC_SYNTHETIC_PLANNING_MODEL,2026-09-06T00:00:00-07:00
base,ARU_GROUP,2027,1,PAYROLL-base-202701-TERMINALS,base-ARU_GROUP-2027-000038,WAGE-base-base-ARU_GROUP-2027-000038,TERMINALS,WAGE-base-base-ARU_GROUP-2027-000038-EMP-079,EMP-079,,Terminal employee,1,1,7126,7126,MODELED_CENSUS_ROLE_ALLOCATION_NOT_INDIVIDUAL_PAYSLIP,FORECAST,PUBLIC_SYNTHETIC_PLANNING_MODEL,2026-09-06T00:00:00-07:00
base,ARU_GROUP,2027,1,PAYROLL-base-202701-TERMINALS,base-ARU_GROUP-2027-000038,WAGE-base-base-ARU_GROUP-2027-000038,TERMINALS,WAGE-base-base-ARU_GROUP-2027-000038-EMP-080,EMP-080,,Terminal employee,1,1,7126,7126,MODELED_CENSUS_ROLE_ALLOCATION_NOT_INDIVIDUAL_PAYSLIP,FORECAST,PUBLIC_SYNTHETIC_PLANNING_MODEL,2026-09-06T00:00:00-07:00
base,ARU_GROUP,2027,1,PAYROLL-base-202701-TERMINALS,base-ARU_GROUP-2027-000038,WAGE-base-base-ARU_GROUP-2027-000038,TERMINALS,WAGE-base-base-ARU_GROUP-2027-000038-EMP-081,EMP-081,,Terminal employee,1,1,7126,7126,MODELED_CENSUS_ROLE_ALLOCATION_NOT_INDIVIDUAL_PAYSLIP,FORECAST,PUBLIC_SYNTHETIC_PLANNING_MODEL,2026-09-06T00:00:00-07:00
base,ARU_GROUP,2027,1,PAYROLL-base-202701-TERMINALS,base-ARU_GROUP-2027-000038,WAGE-base-base-ARU_GROUP-2027-000038,TERMINALS,WAGE-base-base-ARU_GROUP-2027-000038-EMP-082,EMP-082,,Terminal employee,1,1,7126,7126,MODELED_CENSUS_ROLE_ALLOCATION_NOT_INDIVIDUAL_PAYSLIP,FORECAST,PUBLIC_SYNTHETIC_PLANNING_MODEL,2026-09-06T00:00:00-07:00
base,ARU_GROUP,2027,1,PAYROLL-base-202701-TERMINALS,base-ARU_GROUP-2027-000038,WAGE-base-base-ARU_GROUP-2027-000038,TERMINALS,WAGE-base-base-ARU_GROUP-2027-000038-EMP-083,EMP-083,,Terminal employee,1,1,7126,7126,MODELED_CENSUS_ROLE_ALLOCATION_NOT_INDIVIDUAL_PAYSLIP,FORECAST,PUBLIC_SYNTHETIC_PLANNING_MODEL,2026-09-06T00:00:00-07:00
base,ARU_GROUP,2027,1,PAYROLL-base-202701-TERMINALS,base-ARU_GROUP-2027-000038,WAGE-base-base-ARU_GROUP-2027-000038,TERMINALS,WAGE-base-base-ARU_GROUP-2027-000038-EMP-084,EMP-084,,Terminal employee,1,1,7126,7126,MODELED_CENSUS_ROLE_ALLOCATION_NOT_INDIVIDUAL_PAYSLIP,FORECAST,PUBLIC_SYNTHETIC_PLANNING_MODEL,2026-09-06T00:00:00-07:00
base,ARU_GROUP,2027,1,PAYROLL-base-202701-TERMINALS,base-ARU_GROUP-2027-000038,WAGE-base-base-ARU_GROUP-2027-000038,TERMINALS,WAGE-base-base-ARU_GROUP-2027-000038-EMP-085,EMP-085,,Terminal employee,1,1,7126,7126,MODELED_CENSUS_ROLE_ALLOCATION_NOT_INDIVIDUAL_PAYSLIP,FORECAST,PUBLIC_SYNTHETIC_PLANNING_MODEL,2026-09-06T00:00:00-07:00
base,ARU_GROUP,2027,1,PAYROLL-base-202701-TERMINALS,base-ARU_GROUP-2027-000038,WAGE-base-base-ARU_GROUP-2027-000038,TERMINALS,WAGE-base-base-ARU_GROUP-2027-000038-EMP-086,EMP-086,,Terminal employee,1,1,7126,7126,MODELED_CENSUS_ROLE_ALLOCATION_NOT_INDIVIDUAL_PAYSLIP,FORECAST,PUBLIC_SYNTHETIC_PLANNING_MODEL,2026-09-06T00:00:00-07:00
base,ARU_GROUP,2027,1,PAYROLL-base-202701-TERMINALS,base-ARU_GROUP-2027-000038,WAGE-base-base-ARU_GROUP-2027-000038,TERMINALS,WAGE-base-base-ARU_GROUP-2027-000038-EMP-087,EMP-087,,Terminal employee,1,1,7126,7126,MODELED_CENSUS_ROLE_ALLOCATION_NOT_INDIVIDUAL_PAYSLIP,FORECAST,PUBLIC_SYNTHETIC_PLANNING_MODEL,2026-09-06T00:00:00-07:00
base,ARU_GROUP,2027,1,PAYROLL-base-202701-TERMINALS,base-ARU_GROUP-2027-000038,WAGE-base-base-ARU_GROUP-2027-000038,TERMINALS,WAGE-base-base-ARU_GROUP-2027-000038-EMP-088,EMP-088,,Terminal employee,1,1,7126,7126,MODELED_CENSUS_ROLE_ALLOCATION_NOT_INDIVIDUAL_PAYSLIP,FORECAST,PUBLIC_SYNTHETIC_PLANNING_MODEL,2026-09-06T00:00:00-07:00
base,ARU_GROUP,2027,1,PAYROLL-base-202701-TERMINALS,base-ARU_GROUP-2027-000038,WAGE-base-base-ARU_GROUP-2027-000038,TERMINALS,WAGE-base-base-ARU_GROUP-2027-000038-EMP-089,EMP-089,,Terminal employee,1,1,7126,7126,MODELED_CENSUS_ROLE_ALLOCATION_NOT_INDIVIDUAL_PAYSLIP,FORECAST,PUBLIC_SYNTHETIC_PLANNING_MODEL,2026-09-06T00:00:00-07:00
base,ARU_GROUP,2027,1,PAYROLL-base-202701-TERMINALS,base-ARU_GROUP-2027-000038,WAGE-base-base-ARU_GROUP-2027-000038,TERMINALS,WAGE-base-base-ARU_GROUP-2027-000038-EMP-090,EMP-090,,Terminal employee,1,1,7126,7126,MODELED_CENSUS_ROLE_ALLOCATION_NOT_INDIVIDUAL_PAYSLIP,FORECAST,PUBLIC_SYNTHETIC_PLANNING_MODEL,2026-09-06T00:00:00-07:00
base,ARU_GROUP,2027,1,PAYROLL-base-202701-TERMINALS,base-ARU_GROUP-2027-000038,WAGE-base-base-ARU_GROUP-2027-000038,TERMINALS,WAGE-base-base-ARU_GROUP-2027-000038-EMP-091,EMP-091,,Terminal employee,1,1,7125,7125,MODELED_CENSUS_ROLE_ALLOCATION_NOT_INDIVIDUAL_PAYSLIP,FORECAST,PUBLIC_SYNTHETIC_PLANNING_MODEL,2026-09-06T00:00:00-07:00
base,ARU_GROUP,2027,1,PAYROLL-base-202701-TERMINALS,base-ARU_GROUP-2027-000038,WAGE-base-base-ARU_GROUP-2027-000038,TERMINALS,WAGE-base-base-ARU_GROUP-2027-000038-EMP-092,EMP-092,,Terminal employee,1,1,7125,7125,MODELED_CENSUS_ROLE_ALLOCATION_NOT_INDIVIDUAL_PAYSLIP,FORECAST,PUBLIC_SYNTHETIC_PLANNING_MODEL,2026-09-06T00:00:00-07:00
base,ARU_GROUP,2027,1,PAYROLL-base-202701-TERMINALS,base-ARU_GROUP-2027-000038,WAGE-base-base-ARU_GROUP-2027-000038,TERMINALS,WAGE-base-base-ARU_GROUP-2027-000038-EMP-093,EMP-093,,Terminal employee,1,1,7125,7125,MODELED_CENSUS_ROLE_ALLOCATION_NOT_INDIVIDUAL_PAYSLIP,FORECAST,PUBLIC_SYNTHETIC_PLANNING_MODEL,2026-09-06T00:00:00-07:00
base,ARU_GROUP,2027,1,PAYROLL-base-202701-TERMINALS,base-ARU_GROUP-2027-000038,WAGE-base-base-ARU_GROUP-2027-000038,TERMINALS,WAGE-base-base-ARU_GROUP-2027-000038-EMP-094,EMP-094,,Terminal employee,1,1,7125,7125,MODELED_CENSUS_ROLE_ALLOCATION_NOT_INDIVIDUAL_PAYSLIP,FORECAST,PUBLIC_SYNTHETIC_PLANNING_MODEL,2026-09-06T00:00:00-07:00
base,ARU_GROUP,2027,1,PAYROLL-base-202701-TERMINALS,base-ARU_GROUP-2027-000038,WAGE-base-base-ARU_GROUP-2027-000038,TERMINALS,WAGE-base-base-ARU_GROUP-2027-000038-EMP-095,EMP-095,,Terminal employee,1,1,7125,7125,MODELED_CENSUS_ROLE_ALLOCATION_NOT_INDIVIDUAL_PAYSLIP,FORECAST,PUBLIC_SYNTHETIC_PLANNING_MODEL,2026-09-06T00:00:00-07:00
base,ARU_GROUP,2027,1,PAYROLL-base-202701-TERMINALS,base-ARU_GROUP-2027-000038,WAGE-base-base-ARU_GROUP-2027-000038,TERMINALS,WAGE-base-base-ARU_GROUP-2027-000038-EMP-096,EMP-096,,Terminal employee,1,1,7125,7125,MODELED_CENSUS_ROLE_ALLOCATION_NOT_INDIVIDUAL_PAYSLIP,FORECAST,PUBLIC_SYNTHETIC_PLANNING_MODEL,2026-09-06T00:00:00-07:00
base,ARU_GROUP,2027,1,PAYROLL-base-202701-TERMINALS,base-ARU_GROUP-2027-000038,WAGE-base-base-ARU_GROUP-2027-000038,TERMINALS,WAGE-base-base-ARU_GROUP-2027-000038-EMP-097,EMP-097,,Terminal employee,1,1,7125,7125,MODELED_CENSUS_ROLE_ALLOCATION_NOT_INDIVIDUAL_PAYSLIP,FORECAST,PUBLIC_SYNTHETIC_PLANNING_MODEL,2026-09-06T00:00:00-07:00
base,ARU_GROUP,2027,1,PAYROLL-base-202701-TRUCKING,base-ARU_GROUP-2027-000045,WAGE-base-base-ARU_GROUP-2027-000045,TRUCKING,WAGE-base-base-ARU_GROUP-2027-000045-EMP-013,EMP-013,,Trucking Manager,1,1,14367,14367,MODELED_CENSUS_ROLE_ALLOCATION_NOT_INDIVIDUAL_PAYSLIP,FORECAST,PUBLIC_SYNTHETIC_PLANNING_MODEL,2026-09-06T00:00:00-07:00
base,ARU_GROUP,2027,1,PAYROLL-base-202701-TRUCKING,base-ARU_GROUP-2027-000045,WAGE-base-base-ARU_GROUP-2027-000045,TRUCKING,WAGE-base-base-ARU_GROUP-2027-000045-EMP-098,EMP-098,,Qualified regional industrial driver,1,1,7816,7816,MODELED_CENSUS_ROLE_ALLOCATION_NOT_INDIVIDUAL_PAYSLIP,FORECAST,PUBLIC_SYNTHETIC_PLANNING_MODEL,2026-09-06T00:00:00-07:00
base,ARU_GROUP,2027,1,PAYROLL-base-202701-TRUCKING,base-ARU_GROUP-2027-000045,WAGE-base-base-ARU_GROUP-2027-000045,TRUCKING,WAGE-base-base-ARU_GROUP-2027-000045-EMP-099,EMP-099,,Qualified regional industrial driver,1,1,7816,7816,MODELED_CENSUS_ROLE_ALLOCATION_NOT_INDIVIDUAL_PAYSLIP,FORECAST,PUBLIC_SYNTHETIC_PLANNING_MODEL,2026-09-06T00:00:00-07:00
base,ARU_GROUP,2027,1,PAYROLL-base-202701-TRUCKING,base-ARU_GROUP-2027-000045,WAGE-base-base-ARU_GROUP-2027-000045,TRUCKING,WAGE-base-base-ARU_GROUP-2027-000045-EMP-100,EMP-100,,Qualified regional industrial driver,1,1,7816,7816,MODELED_CENSUS_ROLE_ALLOCATION_NOT_INDIVIDUAL_PAYSLIP,FORECAST,PUBLIC_SYNTHETIC_PLANNING_MODEL,2026-09-06T00:00:00-07:00
base,ARU_GROUP,2027,1,PAYROLL-base-202701-TRUCKING,base-ARU_GROUP-2027-000045,WAGE-base-base-ARU_GROUP-2027-000045,TRUCKING,WAGE-base-base-ARU_GROUP-2027-000045-EMP-101,EMP-101,,Qualified regional industrial driver,1,1,7816,7816,MODELED_CENSUS_ROLE_ALLOCATION_NOT_INDIVIDUAL_PAYSLIP,FORECAST,PUBLIC_SYNTHETIC_PLANNING_MODEL,2026-09-06T00:00:00-07:00
base,ARU_GROUP,2027,1,PAYROLL-base-202701-TRUCKING,base-ARU_GROUP-2027-000045,WAGE-base-base-ARU_GROUP-2027-000045,TRUCKING,WAGE-base-base-ARU_GROUP-2027-000045-EMP-102,EMP-102,,Qualified regional industrial driver,1,1,7816,7816,MODELED_CENSUS_ROLE_ALLOCATION_NOT_INDIVIDUAL_PAYSLIP,FORECAST,PUBLIC_SYNTHETIC_PLANNING_MODEL,2026-09-06T00:00:00-07:00
base,ARU_GROUP,2027,1,PAYROLL-base-202701-TRUCKING,base-ARU_GROUP-2027-000045,WAGE-base-base-ARU_GROUP-2027-000045,TRUCKING,WAGE-base-base-ARU_GROUP-2027-000045-EMP-103,EMP-103,,Qualified regional industrial driver,1,1,7816,7816,MODELED_CENSUS_ROLE_ALLOCATION_NOT_INDIVIDUAL_PAYSLIP,FORECAST,PUBLIC_SYNTHETIC_PLANNING_MODEL,2026-09-06T00:00:00-07:00
base,ARU_GROUP,2027,1,PAYROLL-base-202701-TRUCKING,base-ARU_GROUP-2027-000045,WAGE-base-base-ARU_GROUP-2027-000045,TRUCKING,WAGE-base-base-ARU_GROUP-2027-000045-EMP-104,EMP-104,,Qualified regional industrial driver,1,1,7815,7815,MODELED_CENSUS_ROLE_ALLOCATION_NOT_INDIVIDUAL_PAYSLIP,FORECAST,PUBLIC_SYNTHETIC_PLANNING_MODEL,2026-09-06T00:00:00-07:00
base,ARU_GROUP,2027,1,PAYROLL-base-202701-TRUCKING,base-ARU_GROUP-2027-000045,WAGE-base-base-ARU_GROUP-2027-000045,TRUCKING,WAGE-base-base-ARU_GROUP-2027-000045-EMP-105,EMP-105,,Qualified regional industrial driver,1,1,7815,7815,MODELED_CENSUS_ROLE_ALLOCATION_NOT_INDIVIDUAL_PAYSLIP,FORECAST,PUBLIC_SYNTHETIC_PLANNING_MODEL,2026-09-06T00:00:00-07:00
base,ARU_GROUP,2027,1,PAYROLL-base-202701-TRUCKING,base-ARU_GROUP-2027-000045,WAGE-base-base-ARU_GROUP-2027-000045,TRUCKING,WAGE-base-base-ARU_GROUP-2027-000045-EMP-106,EMP-106,,Qualified regional industrial driver,1,1,7815,7815,MODELED_CENSUS_ROLE_ALLOCATION_NOT_INDIVIDUAL_PAYSLIP,FORECAST,PUBLIC_SYNTHETIC_PLANNING_MODEL,2026-09-06T00:00:00-07:00
base,ARU_GROUP,2027,1,PAYROLL-base-202701-TRUCKING,base-ARU_GROUP-2027-000045,WAGE-base-base-ARU_GROUP-2027-000045,TRUCKING,WAGE-base-base-ARU_GROUP-2027-000045-EMP-107,EMP-107,,Qualified regional industrial driver,1,1,7815,7815,MODELED_CENSUS_ROLE_ALLOCATION_NOT_INDIVIDUAL_PAYSLIP,FORECAST,PUBLIC_SYNTHETIC_PLANNING_MODEL,2026-09-06T00:00:00-07:00
base,ARU_GROUP,2027,1,PAYROLL-base-202701-TRUCKING,base-ARU_GROUP-2027-000045,WAGE-base-base-ARU_GROUP-2027-000045,TRUCKING,WAGE-base-base-ARU_GROUP-2027-000045-EMP-108,EMP-108,,Qualified regional industrial driver,1,1,7815,7815,MODELED_CENSUS_ROLE_ALLOCATION_NOT_INDIVIDUAL_PAYSLIP,FORECAST,PUBLIC_SYNTHETIC_PLANNING_MODEL,2026-09-06T00:00:00-07:00
base,ARU_GROUP,2027,1,PAYROLL-base-202701-TRUCKING,base-ARU_GROUP-2027-000045,WAGE-base-base-ARU_GROUP-2027-000045,TRUCKING,WAGE-base-base-ARU_GROUP-2027-000045-EMP-109,EMP-109,,Qualified regional industrial driver,1,1,7815,7815,MODELED_CENSUS_ROLE_ALLOCATION_NOT_INDIVIDUAL_PAYSLIP,FORECAST,PUBLIC_SYNTHETIC_PLANNING_MODEL,2026-09-06T00:00:00-07:00
base,ARU_GROUP,2027,1,PAYROLL-base-202701-TRUCKING,base-ARU_GROUP-2027-000045,WAGE-base-base-ARU_GROUP-2027-000045,TRUCKING,WAGE-base-base-ARU_GROUP-2027-000045-EMP-110,EMP-110,,Qualified regional industrial driver,1,1,7815,7815,MODELED_CENSUS_ROLE_ALLOCATION_NOT_INDIVIDUAL_PAYSLIP,FORECAST,PUBLIC_SYNTHETIC_PLANNING_MODEL,2026-09-06T00:00:00-07:00
base,ARU_GROUP,2027,1,PAYROLL-base-202701-TRUCKING,base-ARU_GROUP-2027-000045,WAGE-base-base-ARU_GROUP-2027-000045,TRUCKING,WAGE-base-base-ARU_GROUP-2027-000045-EMP-111,EMP-111,,Qualified regional industrial driver,1,1,7815,7815,MODELED_CENSUS_ROLE_ALLOCATION_NOT_INDIVIDUAL_PAYSLIP,FORECAST,PUBLIC_SYNTHETIC_PLANNING_MODEL,2026-09-06T00:00:00-07:00
base,ARU_GROUP,2027,1,PAYROLL-base-202701-TRUCKING,base-ARU_GROUP-2027-000045,WAGE-base-base-ARU_GROUP-2027-000045,TRUCKING,WAGE-base-base-ARU_GROUP-2027-000045-EMP-112,EMP-112,,Qualified regional industrial driver,1,1,7815,7815,MODELED_CENSUS_ROLE_ALLOCATION_NOT_INDIVIDUAL_PAYSLIP,FORECAST,PUBLIC_SYNTHETIC_PLANNING_MODEL,2026-09-06T00:00:00-07:00
base,ARU_GROUP,2027,1,PAYROLL-base-202701-TRUCKING,base-ARU_GROUP-2027-000045,WAGE-base-base-ARU_GROUP-2027-000045,TRUCKING,WAGE-base-base-ARU_GROUP-2027-000045-EMP-113,EMP-113,,Qualified regional industrial driver,1,1,7815,7815,MODELED_CENSUS_ROLE_ALLOCATION_NOT_INDIVIDUAL_PAYSLIP,FORECAST,PUBLIC_SYNTHETIC_PLANNING_MODEL,2026-09-06T00:00:00-07:00
base,ARU_GROUP,2027,1,PAYROLL-base-202701-TRUCKING,base-ARU_GROUP-2027-000045,WAGE-base-base-ARU_GROUP-2027-000045,TRUCKING,WAGE-base-base-ARU_GROUP-2027-000045-EMP-114,EMP-114,,Qualified regional industrial driver,1,1,7815,7815,MODELED_CENSUS_ROLE_ALLOCATION_NOT_INDIVIDUAL_PAYSLIP,FORECAST,PUBLIC_SYNTHETIC_PLANNING_MODEL,2026-09-06T00:00:00-07:00
base,ARU_GROUP,2027,1,PAYROLL-base-202701-TRUCKING,base-ARU_GROUP-2027-000045,WAGE-base-base-ARU_GROUP-2027-000045,TRUCKING,WAGE-base-base-ARU_GROUP-2027-000045-EMP-115,EMP-115,,Qualified regional industrial driver,1,1,7815,7815,MODELED_CENSUS_ROLE_ALLOCATION_NOT_INDIVIDUAL_PAYSLIP,FORECAST,PUBLIC_SYNTHETIC_PLANNING_MODEL,2026-09-06T00:00:00-07:00
base,ARU_GROUP,2027,1,PAYROLL-base-202701-TRUCKING,base-ARU_GROUP-2027-000045,WAGE-base-base-ARU_GROUP-2027-000045,TRUCKING,WAGE-base-base-ARU_GROUP-2027-000045-EMP-116,EMP-116,,Qualified regional industrial driver,1,1,7815,7815,MODELED_CENSUS_ROLE_ALLOCATION_NOT_INDIVIDUAL_PAYSLIP,FORECAST,PUBLIC_SYNTHETIC_PLANNING_MODEL,2026-09-06T00:00:00-07:00
base,ARU_GROUP,2027,1,PAYROLL-base-202701-TRUCKING,base-ARU_GROUP-2027-000045,WAGE-base-base-ARU_GROUP-2027-000045,TRUCKING,WAGE-base-base-ARU_GROUP-2027-000045-EMP-117,EMP-117,,Qualified regional industrial driver,1,1,7815,7815,MODELED_CENSUS_ROLE_ALLOCATION_NOT_INDIVIDUAL_PAYSLIP,FORECAST,PUBLIC_SYNTHETIC_PLANNING_MODEL,2026-09-06T00:00:00-07:00
base,ARU_GROUP,2027,1,PAYROLL-base-202701-TRUCKING,base-ARU_GROUP-2027-000045,WAGE-base-base-ARU_GROUP-2027-000045,TRUCKING,WAGE-base-base-ARU_GROUP-2027-000045-EMP-118,EMP-118,,Truck dispatcher,1,1,7815,7815,MODELED_CENSUS_ROLE_ALLOCATION_NOT_INDIVIDUAL_PAYSLIP,FORECAST,PUBLIC_SYNTHETIC_PLANNING_MODEL,2026-09-06T00:00:00-07:00
base,ARU_GROUP,2027,1,PAYROLL-base-202701-TRUCKING,base-ARU_GROUP-2027-000045,WAGE-base-base-ARU_GROUP-2027-000045,TRUCKING,WAGE-base-base-ARU_GROUP-2027-000045-EMP-119,EMP-119,,Truck fleet mechanic,1,1,7815,7815,MODELED_CENSUS_ROLE_ALLOCATION_NOT_INDIVIDUAL_PAYSLIP,FORECAST,PUBLIC_SYNTHETIC_PLANNING_MODEL,2026-09-06T00:00:00-07:00
base,ARU_GROUP,2027,1,PAYROLL-base-202701-TRUCKING,base-ARU_GROUP-2027-000045,WAGE-base-base-ARU_GROUP-2027-000045,TRUCKING,WAGE-base-base-ARU_GROUP-2027-000045-EMP-120,EMP-120,,Truck fleet mechanic,1,1,7815,7815,MODELED_CENSUS_ROLE_ALLOCATION_NOT_INDIVIDUAL_PAYSLIP,FORECAST,PUBLIC_SYNTHETIC_PLANNING_MODEL,2026-09-06T00:00:00-07:00
base,ARU_GROUP,2027,1,PAYROLL-base-202701-WAREHOUSE,base-ARU_GROUP-2027-000052,WAGE-base-base-ARU_GROUP-2027-000052,WAREHOUSE,WAGE-base-base-ARU_GROUP-2027-000052-EMP-014,EMP-014,,Warehouse Manager,1,1,13792,13792,MODELED_CENSUS_ROLE_ALLOCATION_NOT_INDIVIDUAL_PAYSLIP,FORECAST,PUBLIC_SYNTHETIC_PLANNING_MODEL,2026-09-06T00:00:00-07:00
base,ARU_GROUP,2027,1,PAYROLL-base-202701-WAREHOUSE,base-ARU_GROUP-2027-000052,WAGE-base-base-ARU_GROUP-2027-000052,WAREHOUSE,WAGE-base-base-ARU_GROUP-2027-000052-EMP-121,EMP-121,,Warehouse employee,1,1,7126,7126,MODELED_CENSUS_ROLE_ALLOCATION_NOT_INDIVIDUAL_PAYSLIP,FORECAST,PUBLIC_SYNTHETIC_PLANNING_MODEL,2026-09-06T00:00:00-07:00
base,ARU_GROUP,2027,1,PAYROLL-base-202701-WAREHOUSE,base-ARU_GROUP-2027-000052,WAGE-base-base-ARU_GROUP-2027-000052,WAREHOUSE,WAGE-base-base-ARU_GROUP-2027-000052-EMP-122,EMP-122,,Warehouse employee,1,1,7126,7126,MODELED_CENSUS_ROLE_ALLOCATION_NOT_INDIVIDUAL_PAYSLIP,FORECAST,PUBLIC_SYNTHETIC_PLANNING_MODEL,2026-09-06T00:00:00-07:00
base,ARU_GROUP,2027,1,PAYROLL-base-202701-WAREHOUSE,base-ARU_GROUP-2027-000052,WAGE-base-base-ARU_GROUP-2027-000052,WAREHOUSE,WAGE-base-base-ARU_GROUP-2027-000052-EMP-123,EMP-123,,Warehouse employee,1,1,7126,7126,MODELED_CENSUS_ROLE_ALLOCATION_NOT_INDIVIDUAL_PAYSLIP,FORECAST,PUBLIC_SYNTHETIC_PLANNING_MODEL,2026-09-06T00:00:00-07:00
base,ARU_GROUP,2027,1,PAYROLL-base-202701-WAREHOUSE,base-ARU_GROUP-2027-000052,WAGE-base-base-ARU_GROUP-2027-000052,WAREHOUSE,WAGE-base-base-ARU_GROUP-2027-000052-EMP-124,EMP-124,,Warehouse employee,1,1,7126,7126,MODELED_CENSUS_ROLE_ALLOCATION_NOT_INDIVIDUAL_PAYSLIP,FORECAST,PUBLIC_SYNTHETIC_PLANNING_MODEL,2026-09-06T00:00:00-07:00
base,ARU_GROUP,2027,1,PAYROLL-base-202701-WAREHOUSE,base-ARU_GROUP-2027-000052,WAGE-base-base-ARU_GROUP-2027-000052,WAREHOUSE,WAGE-base-base-ARU_GROUP-2027-000052-EMP-125,EMP-125,,Warehouse employee,1,1,7126,7126,MODELED_CENSUS_ROLE_ALLOCATION_NOT_INDIVIDUAL_PAYSLIP,FORECAST,PUBLIC_SYNTHETIC_PLANNING_MODEL,2026-09-06T00:00:00-07:00
base,ARU_GROUP,2027,1,PAYROLL-base-202701-WAREHOUSE,base-ARU_GROUP-2027-000052,WAGE-base-base-ARU_GROUP-2027-000052,WAREHOUSE,WAGE-base-base-ARU_GROUP-2027-000052-EMP-126,EMP-126,,Warehouse employee,1,1,7126,7126,MODELED_CENSUS_ROLE_ALLOCATION_NOT_INDIVIDUAL_PAYSLIP,FORECAST,PUBLIC_SYNTHETIC_PLANNING_MODEL,2026-09-06T00:00:00-07:00
base,ARU_GROUP,2027,1,PAYROLL-base-202701-WAREHOUSE,base-ARU_GROUP-2027-000052,WAGE-base-base-ARU_GROUP-2027-000052,WAREHOUSE,WAGE-base-base-ARU_GROUP-2027-000052-EMP-127,EMP-127,,Warehouse employee,1,1,7126,7126,MODELED_CENSUS_ROLE_ALLOCATION_NOT_INDIVIDUAL_PAYSLIP,FORECAST,PUBLIC_SYNTHETIC_PLANNING_MODEL,2026-09-06T00:00:00-07:00
base,ARU_GROUP,2027,1,PAYROLL-base-202701-WAREHOUSE,base-ARU_GROUP-2027-000052,WAGE-base-base-ARU_GROUP-2027-000052,WAREHOUSE,WAGE-base-base-ARU_GROUP-2027-000052-EMP-128,EMP-128,,Warehouse employee,1,1,7126,7126,MODELED_CENSUS_ROLE_ALLOCATION_NOT_INDIVIDUAL_PAYSLIP,FORECAST,PUBLIC_SYNTHETIC_PLANNING_MODEL,2026-09-06T00:00:00-07:00
base,ARU_GROUP,2027,1,PAYROLL-base-202701-WAREHOUSE,base-ARU_GROUP-2027-000052,WAGE-base-base-ARU_GROUP-2027-000052,WAREHOUSE,WAGE-base-base-ARU_GROUP-2027-000052-EMP-129,EMP-129,,Warehouse employee,1,1,7125,7125,MODELED_CENSUS_ROLE_ALLOCATION_NOT_INDIVIDUAL_PAYSLIP,FORECAST,PUBLIC_SYNTHETIC_PLANNING_MODEL,2026-09-06T00:00:00-07:00
base,ARU_GROUP,2027,1,PAYROLL-base-202701-WAREHOUSE,base-ARU_GROUP-2027-000052,WAGE-base-base-ARU_GROUP-2027-000052,WAREHOUSE,WAGE-base-base-ARU_GROUP-2027-000052-EMP-130,EMP-130,,Warehouse employee,1,1,7125,7125,MODELED_CENSUS_ROLE_ALLOCATION_NOT_INDIVIDUAL_PAYSLIP,FORECAST,PUBLIC_SYNTHETIC_PLANNING_MODEL,2026-09-06T00:00:00-07:00
base,ARU_GROUP,2027,1,PAYROLL-base-202701-WAREHOUSE,base-ARU_GROUP-2027-000052,WAGE-base-base-ARU_GROUP-2027-000052,WAREHOUSE,WAGE-base-base-ARU_GROUP-2027-000052-EMP-131,EMP-131,,Warehouse employee,1,1,7125,7125,MODELED_CENSUS_ROLE_ALLOCATION_NOT_INDIVIDUAL_PAYSLIP,FORECAST,PUBLIC_SYNTHETIC_PLANNING_MODEL,2026-09-06T00:00:00-07:00
base,ARU_GROUP,2027,1,PAYROLL-base-202701-ARU,base-ARU_GROUP-2027-000059,WAGE-base-base-ARU_GROUP-2027-000059,ARU,WAGE-base-base-ARU_GROUP-2027-000059-EMP-001,EMP-001,,President and COO,1,1,27583,27583,MODELED_CENSUS_ROLE_ALLOCATION_NOT_INDIVIDUAL_PAYSLIP,FORECAST,PUBLIC_SYNTHETIC_PLANNING_MODEL,2026-09-06T00:00:00-07:00
base,ARU_GROUP,2027,1,PAYROLL-base-202701-ARU,base-ARU_GROUP-2027-000059,WAGE-base-base-ARU_GROUP-2027-000059,ARU,WAGE-base-base-ARU_GROUP-2027-000059-EMP-002,EMP-002,,Director Industrial Operations,1,1,20113,20113,MODELED_CENSUS_ROLE_ALLOCATION_NOT_INDIVIDUAL_PAYSLIP,FORECAST,PUBLIC_SYNTHETIC_PLANNING_MODEL,2026-09-06T00:00:00-07:00
base,ARU_GROUP,2027,1,PAYROLL-base-202701-ARU,base-ARU_GROUP-2027-000059,WAGE-base-base-ARU_GROUP-2027-000059,ARU,WAGE-base-base-ARU_GROUP-2027-000059-EMP-003,EMP-003,,Controller,1,1,18964,18964,MODELED_CENSUS_ROLE_ALLOCATION_NOT_INDIVIDUAL_PAYSLIP,FORECAST,PUBLIC_SYNTHETIC_PLANNING_MODEL,2026-09-06T00:00:00-07:00
base,ARU_GROUP,2027,1,PAYROLL-base-202701-ARU,base-ARU_GROUP-2027-000059,WAGE-base-base-ARU_GROUP-2027-000059,ARU,WAGE-base-base-ARU_GROUP-2027-000059-EMP-004,EMP-004,,Director Safety and Environment,1,1,17814,17814,MODELED_CENSUS_ROLE_ALLOCATION_NOT_INDIVIDUAL_PAYSLIP,FORECAST,PUBLIC_SYNTHETIC_PLANNING_MODEL,2026-09-06T00:00:00-07:00
base,ARU_GROUP,2027,1,PAYROLL-base-202701-ARU,base-ARU_GROUP-2027-000059,WAGE-base-base-ARU_GROUP-2027-000059,ARU,WAGE-base-base-ARU_GROUP-2027-000059-EMP-005,EMP-005,,People and Administration Manager,1,1,13217,13217,MODELED_CENSUS_ROLE_ALLOCATION_NOT_INDIVIDUAL_PAYSLIP,FORECAST,PUBLIC_SYNTHETIC_PLANNING_MODEL,2026-09-06T00:00:00-07:00
base,ARU_GROUP,2027,1,PAYROLL-base-202701-ARU,base-ARU_GROUP-2027-000059,WAGE-base-base-ARU_GROUP-2027-000059,ARU,WAGE-base-base-ARU_GROUP-2027-000059-EMP-006,EMP-006,,Procurement and Systems Manager,1,1,13217,13217,MODELED_CENSUS_ROLE_ALLOCATION_NOT_INDIVIDUAL_PAYSLIP,FORECAST,PUBLIC_SYNTHETIC_PLANNING_MODEL,2026-09-06T00:00:00-07:00
base,ARU_GROUP,2027,1,PAYROLL-base-202701-ARU,base-ARU_GROUP-2027-000059,WAGE-base-base-ARU_GROUP-2027-000059,ARU,WAGE-base-base-ARU_GROUP-2027-000059-EMP-015,EMP-015,,Corporate employee,1,1,8275,8275,MODELED_CENSUS_ROLE_ALLOCATION_NOT_INDIVIDUAL_PAYSLIP,FORECAST,PUBLIC_SYNTHETIC_PLANNING_MODEL,2026-09-06T00:00:00-07:00
base,ARU_GROUP,2027,1,PAYROLL-base-202701-ARU,base-ARU_GROUP-2027-000059,WAGE-base-base-ARU_GROUP-2027-000059,ARU,WAGE-base-base-ARU_GROUP-2027-000059-EMP-016,EMP-016,,Corporate employee,1,1,8275,8275,MODELED_CENSUS_ROLE_ALLOCATION_NOT_INDIVIDUAL_PAYSLIP,FORECAST,PUBLIC_SYNTHETIC_PLANNING_MODEL,2026-09-06T00:00:00-07:00
base,ARU_GROUP,2027,1,PAYROLL-base-202701-ARU,base-ARU_GROUP-2027-000059,WAGE-base-base-ARU_GROUP-2027-000059,ARU,WAGE-base-base-ARU_GROUP-2027-000059-EMP-017,EMP-017,,Corporate employee,1,1,8275,8275,MODELED_CENSUS_ROLE_ALLOCATION_NOT_INDIVIDUAL_PAYSLIP,FORECAST,PUBLIC_SYNTHETIC_PLANNING_MODEL,2026-09-06T00:00:00-07:00
base,ARU_GROUP,2027,1,PAYROLL-base-202701-ARU,base-ARU_GROUP-2027-000059,WAGE-base-base-ARU_GROUP-2027-000059,ARU,WAGE-base-base-ARU_GROUP-2027-000059-EMP-018,EMP-018,,Corporate employee,1,1,8275,8275,MODELED_CENSUS_ROLE_ALLOCATION_NOT_INDIVIDUAL_PAYSLIP,FORECAST,PUBLIC_SYNTHETIC_PLANNING_MODEL,2026-09-06T00:00:00-07:00
base,ARU_GROUP,2027,2,PAYROLL-base-202702-BST,base-ARU_GROUP-2027-000183,WAGE-base-base-ARU_GROUP-2027-000183,BST,WAGE-base-base-ARU_GROUP-2027-000183-EMP-007,EMP-007,,General Manager,1,1,21837,21837,MODELED_CENSUS_ROLE_ALLOCATION_NOT_INDIVIDUAL_PAYSLIP,FORECAST,PUBLIC_SYNTHETIC_PLANNING_MODEL,2026-09-06T00:00:00-07:00
base,ARU_GROUP,2027,2,PAYROLL-base-202702-BST,base-ARU_GROUP-2027-000183,WAGE-base-base-ARU_GROUP-2027-000183,BST,WAGE-base-base-ARU_GROUP-2027-000183-EMP-008,EMP-008,,Operations and Dispatch Manager,1,1,14366,14366,MODELED_CENSUS_ROLE_ALLOCATION_NOT_INDIVIDUAL_PAYSLIP,FORECAST,PUBLIC_SYNTHETIC_PLANNING_MODEL,2026-09-06T00:00:00-07:00
base,ARU_GROUP,2027,2,PAYROLL-base-202702-BST,base-ARU_GROUP-2027-000183,WAGE-base-base-ARU_GROUP-2027-000183,BST,WAGE-base-base-ARU_GROUP-2027-000183-EMP-009,EMP-009,,Working MOW Foreman,1,1,11493,11493,MODELED_CENSUS_ROLE_ALLOCATION_NOT_INDIVIDUAL_PAYSLIP,FORECAST,PUBLIC_SYNTHETIC_PLANNING_MODEL,2026-09-06T00:00:00-07:00
base,ARU_GROUP,2027,2,PAYROLL-base-202702-BST,base-ARU_GROUP-2027-000183,WAGE-base-base-ARU_GROUP-2027-000183,BST,WAGE-base-base-ARU_GROUP-2027-000183-EMP-010,EMP-010,,Mechanical Foreman,1,1,12642,12642,MODELED_CENSUS_ROLE_ALLOCATION_NOT_INDIVIDUAL_PAYSLIP,FORECAST,PUBLIC_SYNTHETIC_PLANNING_MODEL,2026-09-06T00:00:00-07:00
base,ARU_GROUP,2027,2,PAYROLL-base-202702-BST,base-ARU_GROUP-2027-000183,WAGE-base-base-ARU_GROUP-2027-000183,BST,WAGE-base-base-ARU_GROUP-2027-000183-EMP-011,EMP-011,,Safety and Compliance Manager,1,1,12067,12067,MODELED_CENSUS_ROLE_ALLOCATION_NOT_INDIVIDUAL_PAYSLIP,FORECAST,PUBLIC_SYNTHETIC_PLANNING_MODEL,2026-09-06T00:00:00-07:00
base,ARU_GROUP,2027,2,PAYROLL-base-202702-BST,base-ARU_GROUP-2027-000183,WAGE-base-base-ARU_GROUP-2027-000183,BST,WAGE-base-base-ARU_GROUP-2027-000183-EMP-019,EMP-019,,Train Engine employee,1,1,8390,8390,MODELED_CENSUS_ROLE_ALLOCATION_NOT_INDIVIDUAL_PAYSLIP,FORECAST,PUBLIC_SYNTHETIC_PLANNING_MODEL,2026-09-06T00:00:00-07:00
base,ARU_GROUP,2027,2,PAYROLL-base-202702-BST,base-ARU_GROUP-2027-000183,WAGE-base-base-ARU_GROUP-2027-000183,BST,WAGE-base-base-ARU_GROUP-2027-000183-EMP-020,EMP-020,,Train Engine employee,1,1,8390,8390,MODELED_CENSUS_ROLE_ALLOCATION_NOT_INDIVIDUAL_PAYSLIP,FORECAST,PUBLIC_SYNTHETIC_PLANNING_MODEL,2026-09-06T00:00:00-07:00
base,ARU_GROUP,2027,2,PAYROLL-base-202702-BST,base-ARU_GROUP-2027-000183,WAGE-base-base-ARU_GROUP-2027-000183,BST,WAGE-base-base-ARU_GROUP-2027-000183-EMP-021,EMP-021,,Train Engine employee,1,1,8390,8390,MODELED_CENSUS_ROLE_ALLOCATION_NOT_INDIVIDUAL_PAYSLIP,FORECAST,PUBLIC_SYNTHETIC_PLANNING_MODEL,2026-09-06T00:00:00-07:00
base,ARU_GROUP,2027,2,PAYROLL-base-202702-BST,base-ARU_GROUP-2027-000183,WAGE-base-base-ARU_GROUP-2027-000183,BST,WAGE-base-base-ARU_GROUP-2027-000183-EMP-022,EMP-022,,Train Engine employee,1,1,8390,8390,MODELED_CENSUS_ROLE_ALLOCATION_NOT_INDIVIDUAL_PAYSLIP,FORECAST,PUBLIC_SYNTHETIC_PLANNING_MODEL,2026-09-06T00:00:00-07:00
base,ARU_GROUP,2027,2,PAYROLL-base-202702-BST,base-ARU_GROUP-2027-000183,WAGE-base-base-ARU_GROUP-2027-000183,BST,WAGE-base-base-ARU_GROUP-2027-000183-EMP-023,EMP-023,,Train Engine employee,1,1,8390,8390,MODELED_CENSUS_ROLE_ALLOCATION_NOT_INDIVIDUAL_PAYSLIP,FORECAST,PUBLIC_SYNTHETIC_PLANNING_MODEL,2026-09-06T00:00:00-07:00
base,ARU_GROUP,2027,2,PAYROLL-base-202702-BST,base-ARU_GROUP-2027-000183,WAGE-base-base-ARU_GROUP-2027-000183,BST,WAGE-base-base-ARU_GROUP-2027-000183-EMP-024,EMP-024,,Train Engine employee,1,1,8390,8390,MODELED_CENSUS_ROLE_ALLOCATION_NOT_INDIVIDUAL_PAYSLIP,FORECAST,PUBLIC_SYNTHETIC_PLANNING_MODEL,2026-09-06T00:00:00-07:00
base,ARU_GROUP,2027,2,PAYROLL-base-202702-BST,base-ARU_GROUP-2027-000183,WAGE-base-base-ARU_GROUP-2027-000183,BST,WAGE-base-base-ARU_GROUP-2027-000183-EMP-025,EMP-025,,Train Engine employee,1,1,8390,8390,MODELED_CENSUS_ROLE_ALLOCATION_NOT_INDIVIDUAL_PAYSLIP,FORECAST,PUBLIC_SYNTHETIC_PLANNING_MODEL,2026-09-06T00:00:00-07:00
base,ARU_GROUP,2027,2,PAYROLL-base-202702-BST,base-ARU_GROUP-2027-000183,WAGE-base-base-ARU_GROUP-2027-000183,BST,WAGE-base-base-ARU_GROUP-2027-000183-EMP-026,EMP-026,,Train Engine employee,1,1,8390,8390,MODELED_CENSUS_ROLE_ALLOCATION_NOT_INDIVIDUAL_PAYSLIP,FORECAST,PUBLIC_SYNTHETIC_PLANNING_MODEL,2026-09-06T00:00:00-07:00
base,ARU_GROUP,2027,2,PAYROLL-base-202702-BST,base-ARU_GROUP-2027-000183,WAGE-base-base-ARU_GROUP-2027-000183,BST,WAGE-base-base-ARU_GROUP-2027-000183-EMP-027,EMP-027,,Train Engine employee,1,1,8390,8390,MODELED_CENSUS_ROLE_ALLOCATION_NOT_INDIVIDUAL_PAYSLIP,FORECAST,PUBLIC_SYNTHETIC_PLANNING_MODEL,2026-09-06T00:00:00-07:00
base,ARU_GROUP,2027,2,PAYROLL-base-202702-BST,base-ARU_GROUP-2027-000183,WAGE-base-base-ARU_GROUP-2027-000183,BST,WAGE-base-base-ARU_GROUP-2027-000183-EMP-028,EMP-028,,Train Engine employee,1,1,8390,8390,MODELED_CENSUS_ROLE_ALLOCATION_NOT_INDIVIDUAL_PAYSLIP,FORECAST,PUBLIC_SYNTHETIC_PLANNING_MODEL,2026-09-06T00:00:00-07:00
base,ARU_GROUP,2027,2,PAYROLL-base-202702-BST,base-ARU_GROUP-2027-000183,WAGE-base-base-ARU_GROUP-2027-000183,BST,WAGE-base-base-ARU_GROUP-2027-000183-EMP-029,EMP-029,,Train Engine employee,1,1,8390,8390,MODELED_CENSUS_ROLE_ALLOCATION_NOT_INDIVIDUAL_PAYSLIP,FORECAST,PUBLIC_SYNTHETIC_PLANNING_MODEL,2026-09-06T00:00:00-07:00
base,ARU_GROUP,2027,2,PAYROLL-base-202702-BST,base-ARU_GROUP-2027-000183,WAGE-base-base-ARU_GROUP-2027-000183,BST,WAGE-base-base-ARU_GROUP-2027-000183-EMP-030,EMP-030,,Train Engine employee,1,1,8390,8390,MODELED_CENSUS_ROLE_ALLOCATION_NOT_INDIVIDUAL_PAYSLIP,FORECAST,PUBLIC_SYNTHETIC_PLANNING_MODEL,2026-09-06T00:00:00-07:00
base,ARU_GROUP,2027,2,PAYROLL-base-202702-BST,base-ARU_GROUP-2027-000183,WAGE-base-base-ARU_GROUP-2027-000183,BST,WAGE-base-base-ARU_GROUP-2027-000183-EMP-031,EMP-031,,Train Engine employee,1,1,8390,8390,MODELED_CENSUS_ROLE_ALLOCATION_NOT_INDIVIDUAL_PAYSLIP,FORECAST,PUBLIC_SYNTHETIC_PLANNING_MODEL,2026-09-06T00:00:00-07:00
base,ARU_GROUP,2027,2,PAYROLL-base-202702-BST,base-ARU_GROUP-2027-000183,WAGE-base-base-ARU_GROUP-2027-000183,BST,WAGE-base-base-ARU_GROUP-2027-000183-EMP-032,EMP-032,,Train Engine employee,1,1,8390,8390,MODELED_CENSUS_ROLE_ALLOCATION_NOT_INDIVIDUAL_PAYSLIP,FORECAST,PUBLIC_SYNTHETIC_PLANNING_MODEL,2026-09-06T00:00:00-07:00
base,ARU_GROUP,2027,2,PAYROLL-base-202702-BST,base-ARU_GROUP-2027-000183,WAGE-base-base-ARU_GROUP-2027-000183,BST,WAGE-base-base-ARU_GROUP-2027-000183-EMP-033,EMP-033,,Train Engine employee,1,1,8390,8390,MODELED_CENSUS_ROLE_ALLOCATION_NOT_INDIVIDUAL_PAYSLIP,FORECAST,PUBLIC_SYNTHETIC_PLANNING_MODEL,2026-09-06T00:00:00-07:00
base,ARU_GROUP,2027,2,PAYROLL-base-202702-BST,base-ARU_GROUP-2027-000183,WAGE-base-base-ARU_GROUP-2027-000183,BST,WAGE-base-base-ARU_GROUP-2027-000183-EMP-034,EMP-034,,Train Engine employee,1,1,8390,8390,MODELED_CENSUS_ROLE_ALLOCATION_NOT_INDIVIDUAL_PAYSLIP,FORECAST,PUBLIC_SYNTHETIC_PLANNING_MODEL,2026-09-06T00:00:00-07:00
base,ARU_GROUP,2027,2,PAYROLL-base-202702-BST,base-ARU_GROUP-2027-000183,WAGE-base-base-ARU_GROUP-2027-000183,BST,WAGE-base-base-ARU_GROUP-2027-000183-EMP-035,EMP-035,,Train Engine employee,1,1,8390,8390,MODELED_CENSUS_ROLE_ALLOCATION_NOT_INDIVIDUAL_PAYSLIP,FORECAST,PUBLIC_SYNTHETIC_PLANNING_MODEL,2026-09-06T00:00:00-07:00
base,ARU_GROUP,2027,2,PAYROLL-base-202702-BST,base-ARU_GROUP-2027-000183,WAGE-base-base-ARU_GROUP-2027-000183,BST,WAGE-base-base-ARU_GROUP-2027-000183-EMP-036,EMP-036,,Train Engine employee,1,1,8390,8390,MODELED_CENSUS_ROLE_ALLOCATION_NOT_INDIVIDUAL_PAYSLIP,FORECAST,PUBLIC_SYNTHETIC_PLANNING_MODEL,2026-09-06T00:00:00-07:00
base,ARU_GROUP,2027,2,PAYROLL-base-202702-BST,base-ARU_GROUP-2027-000183,WAGE-base-base-ARU_GROUP-2027-000183,BST,WAGE-base-base-ARU_GROUP-2027-000183-EMP-037,EMP-037,,Train Engine employee,1,1,8390,8390,MODELED_CENSUS_ROLE_ALLOCATION_NOT_INDIVIDUAL_PAYSLIP,FORECAST,PUBLIC_SYNTHETIC_PLANNING_MODEL,2026-09-06T00:00:00-07:00
base,ARU_GROUP,2027,2,PAYROLL-base-202702-BST,base-ARU_GROUP-2027-000183,WAGE-base-base-ARU_GROUP-2027-000183,BST,WAGE-base-base-ARU_GROUP-2027-000183-EMP-038,EMP-038,,Train Engine employee,1,1,8390,8390,MODELED_CENSUS_ROLE_ALLOCATION_NOT_INDIVIDUAL_PAYSLIP,FORECAST,PUBLIC_SYNTHETIC_PLANNING_MODEL,2026-09-06T00:00:00-07:00
base,ARU_GROUP,2027,2,PAYROLL-base-202702-BST,base-ARU_GROUP-2027-000183,WAGE-base-base-ARU_GROUP-2027-000183,BST,WAGE-base-base-ARU_GROUP-2027-000183-EMP-039,EMP-039,,Train Engine employee,1,1,8390,8390,MODELED_CENSUS_ROLE_ALLOCATION_NOT_INDIVIDUAL_PAYSLIP,FORECAST,PUBLIC_SYNTHETIC_PLANNING_MODEL,2026-09-06T00:00:00-07:00
base,ARU_GROUP,2027,2,PAYROLL-base-202702-BST,base-ARU_GROUP-2027-000183,WAGE-base-base-ARU_GROUP-2027-000183,BST,WAGE-base-base-ARU_GROUP-2027-000183-EMP-040,EMP-040,,Train Engine employee,1,1,8390,8390,MODELED_CENSUS_ROLE_ALLOCATION_NOT_INDIVIDUAL_PAYSLIP,FORECAST,PUBLIC_SYNTHETIC_PLANNING_MODEL,2026-09-06T00:00:00-07:00
base,ARU_GROUP,2027,2,PAYROLL-base-202702-BST,base-ARU_GROUP-2027-000183,WAGE-base-base-ARU_GROUP-2027-000183,BST,WAGE-base-base-ARU_GROUP-2027-000183-EMP-041,EMP-041,,Mow employee,1,1,8045,8045,MODELED_CENSUS_ROLE_ALLOCATION_NOT_INDIVIDUAL_PAYSLIP,FORECAST,PUBLIC_SYNTHETIC_PLANNING_MODEL,2026-09-06T00:00:00-07:00
base,ARU_GROUP,2027,2,PAYROLL-base-202702-BST,base-ARU_GROUP-2027-000183,WAGE-base-base-ARU_GROUP-2027-000183,BST,WAGE-base-base-ARU_GROUP-2027-000183-EMP-042,EMP-042,,Mow employee,1,1,8045,8045,MODELED_CENSUS_ROLE_ALLOCATION_NOT_INDIVIDUAL_PAYSLIP,FORECAST,PUBLIC_SYNTHETIC_PLANNING_MODEL,2026-09-06T00:00:00-07:00
base,ARU_GROUP,2027,2,PAYROLL-base-202702-BST,base-ARU_GROUP-2027-000183,WAGE-base-base-ARU_GROUP-2027-000183,BST,WAGE-base-base-ARU_GROUP-2027-000183-EMP-043,EMP-043,,Mow employee,1,1,8045,8045,MODELED_CENSUS_ROLE_ALLOCATION_NOT_INDIVIDUAL_PAYSLIP,FORECAST,PUBLIC_SYNTHETIC_PLANNING_MODEL,2026-09-06T00:00:00-07:00
base,ARU_GROUP,2027,2,PAYROLL-base-202702-BST,base-ARU_GROUP-2027-000183,WAGE-base-base-ARU_GROUP-2027-000183,BST,WAGE-base-base-ARU_GROUP-2027-000183-EMP-044,EMP-044,,Mow employee,1,1,8045,8045,MODELED_CENSUS_ROLE_ALLOCATION_NOT_INDIVIDUAL_PAYSLIP,FORECAST,PUBLIC_SYNTHETIC_PLANNING_MODEL,2026-09-06T00:00:00-07:00
base,ARU_GROUP,2027,2,PAYROLL-base-202702-BST,base-ARU_GROUP-2027-000183,WAGE-base-base-ARU_GROUP-2027-000183,BST,WAGE-base-base-ARU_GROUP-2027-000183-EMP-045,EMP-045,,Mow employee,1,1,8045,8045,MODELED_CENSUS_ROLE_ALLOCATION_NOT_INDIVIDUAL_PAYSLIP,FORECAST,PUBLIC_SYNTHETIC_PLANNING_MODEL,2026-09-06T00:00:00-07:00
base,ARU_GROUP,2027,2,PAYROLL-base-202702-BST,base-ARU_GROUP-2027-000183,WAGE-base-base-ARU_GROUP-2027-000183,BST,WAGE-base-base-ARU_GROUP-2027-000183-EMP-046,EMP-046,,Mow employee,1,1,8045,8045,MODELED_CENSUS_ROLE_ALLOCATION_NOT_INDIVIDUAL_PAYSLIP,FORECAST,PUBLIC_SYNTHETIC_PLANNING_MODEL,2026-09-06T00:00:00-07:00
base,ARU_GROUP,2027,2,PAYROLL-base-202702-BST,base-ARU_GROUP-2027-000183,WAGE-base-base-ARU_GROUP-2027-000183,BST,WAGE-base-base-ARU_GROUP-2027-000183-EMP-047,EMP-047,,Mow employee,1,1,8045,8045,MODELED_CENSUS_ROLE_ALLOCATION_NOT_INDIVIDUAL_PAYSLIP,FORECAST,PUBLIC_SYNTHETIC_PLANNING_MODEL,2026-09-06T00:00:00-07:00
base,ARU_GROUP,2027,2,PAYROLL-base-202702-BST,base-ARU_GROUP-2027-000183,WAGE-base-base-ARU_GROUP-2027-000183,BST,WAGE-base-base-ARU_GROUP-2027-000183-EMP-048,EMP-048,,Mow employee,1,1,8045,8045,MODELED_CENSUS_ROLE_ALLOCATION_NOT_INDIVIDUAL_PAYSLIP,FORECAST,PUBLIC_SYNTHETIC_PLANNING_MODEL,2026-09-06T00:00:00-07:00
base,ARU_GROUP,2027,2,PAYROLL-base-202702-BST,base-ARU_GROUP-2027-000183,WAGE-base-base-ARU_GROUP-2027-000183,BST,WAGE-base-base-ARU_GROUP-2027-000183-EMP-049,EMP-049,,Mow employee,1,1,8045,8045,MODELED_CENSUS_ROLE_ALLOCATION_NOT_INDIVIDUAL_PAYSLIP,FORECAST,PUBLIC_SYNTHETIC_PLANNING_MODEL,2026-09-06T00:00:00-07:00
base,ARU_GROUP,2027,2,PAYROLL-base-202702-BST,base-ARU_GROUP-2027-000183,WAGE-base-base-ARU_GROUP-2027-000183,BST,WAGE-base-base-ARU_GROUP-2027-000183-EMP-050,EMP-050,,Mechanical employee,1,1,8620,8620,MODELED_CENSUS_ROLE_ALLOCATION_NOT_INDIVIDUAL_PAYSLIP,FORECAST,PUBLIC_SYNTHETIC_PLANNING_MODEL,2026-09-06T00:00:00-07:00
base,ARU_GROUP,2027,2,PAYROLL-base-202702-BST,base-ARU_GROUP-2027-000183,WAGE-base-base-ARU_GROUP-2027-000183,BST,WAGE-base-base-ARU_GROUP-2027-000183-EMP-051,EMP-051,,Mechanical employee,1,1,8620,8620,MODELED_CENSUS_ROLE_ALLOCATION_NOT_INDIVIDUAL_PAYSLIP,FORECAST,PUBLIC_SYNTHETIC_PLANNING_MODEL,2026-09-06T00:00:00-07:00
base,ARU_GROUP,2027,2,PAYROLL-base-202702-BST,base-ARU_GROUP-2027-000183,WAGE-base-base-ARU_GROUP-2027-000183,BST,WAGE-base-base-ARU_GROUP-2027-000183-EMP-052,EMP-052,,Mechanical employee,1,1,8620,8620,MODELED_CENSUS_ROLE_ALLOCATION_NOT_INDIVIDUAL_PAYSLIP,FORECAST,PUBLIC_SYNTHETIC_PLANNING_MODEL,2026-09-06T00:00:00-07:00
base,ARU_GROUP,2027,2,PAYROLL-base-202702-BST,base-ARU_GROUP-2027-000183,WAGE-base-base-ARU_GROUP-2027-000183,BST,WAGE-base-base-ARU_GROUP-2027-000183-EMP-053,EMP-053,,Mechanical employee,1,1,8620,8620,MODELED_CENSUS_ROLE_ALLOCATION_NOT_INDIVIDUAL_PAYSLIP,FORECAST,PUBLIC_SYNTHETIC_PLANNING_MODEL,2026-09-06T00:00:00-07:00
base,ARU_GROUP,2027,2,PAYROLL-base-202702-BST,base-ARU_GROUP-2027-000183,WAGE-base-base-ARU_GROUP-2027-000183,BST,WAGE-base-base-ARU_GROUP-2027-000183-EMP-054,EMP-054,,Mechanical employee,1,1,8620,8620,MODELED_CENSUS_ROLE_ALLOCATION_NOT_INDIVIDUAL_PAYSLIP,FORECAST,PUBLIC_SYNTHETIC_PLANNING_MODEL,2026-09-06T00:00:00-07:00
base,ARU_GROUP,2027,2,PAYROLL-base-202702-BST,base-ARU_GROUP-2027-000183,WAGE-base-base-ARU_GROUP-2027-000183,BST,WAGE-base-base-ARU_GROUP-2027-000183-EMP-055,EMP-055,,Mechanical employee,1,1,8620,8620,MODELED_CENSUS_ROLE_ALLOCATION_NOT_INDIVIDUAL_PAYSLIP,FORECAST,PUBLIC_SYNTHETIC_PLANNING_MODEL,2026-09-06T00:00:00-07:00
base,ARU_GROUP,2027,2,PAYROLL-base-202702-BST,base-ARU_GROUP-2027-000183,WAGE-base-base-ARU_GROUP-2027-000183,BST,WAGE-base-base-ARU_GROUP-2027-000183-EMP-056,EMP-056,,Mechanical employee,1,1,8620,8620,MODELED_CENSUS_ROLE_ALLOCATION_NOT_INDIVIDUAL_PAYSLIP,FORECAST,PUBLIC_SYNTHETIC_PLANNING_MODEL,2026-09-06T00:00:00-07:00
base,ARU_GROUP,2027,2,PAYROLL-base-202702-BST,base-ARU_GROUP-2027-000183,WAGE-base-base-ARU_GROUP-2027-000183,BST,WAGE-base-base-ARU_GROUP-2027-000183-EMP-057,EMP-057,,Operations employee,1,1,8045,8045,MODELED_CENSUS_ROLE_ALLOCATION_NOT_INDIVIDUAL_PAYSLIP,FORECAST,PUBLIC_SYNTHETIC_PLANNING_MODEL,2026-09-06T00:00:00-07:00
base,ARU_GROUP,2027,2,PAYROLL-base-202702-BST,base-ARU_GROUP-2027-000183,WAGE-base-base-ARU_GROUP-2027-000183,BST,WAGE-base-base-ARU_GROUP-2027-000183-EMP-058,EMP-058,,Operations employee,1,1,8045,8045,MODELED_CENSUS_ROLE_ALLOCATION_NOT_INDIVIDUAL_PAYSLIP,FORECAST,PUBLIC_SYNTHETIC_PLANNING_MODEL,2026-09-06T00:00:00-07:00
base,ARU_GROUP,2027,2,PAYROLL-base-202702-BST,base-ARU_GROUP-2027-000183,WAGE-base-base-ARU_GROUP-2027-000183,BST,WAGE-base-base-ARU_GROUP-2027-000183-EMP-059,EMP-059,,Operations employee,1,1,8045,8045,MODELED_CENSUS_ROLE_ALLOCATION_NOT_INDIVIDUAL_PAYSLIP,FORECAST,PUBLIC_SYNTHETIC_PLANNING_MODEL,2026-09-06T00:00:00-07:00
base,ARU_GROUP,2027,2,PAYROLL-base-202702-BST,base-ARU_GROUP-2027-000183,WAGE-base-base-ARU_GROUP-2027-000183,BST,WAGE-base-base-ARU_GROUP-2027-000183-EMP-060,EMP-060,,Operations employee,1,1,8045,8045,MODELED_CENSUS_ROLE_ALLOCATION_NOT_INDIVIDUAL_PAYSLIP,FORECAST,PUBLIC_SYNTHETIC_PLANNING_MODEL,2026-09-06T00:00:00-07:00
base,ARU_GROUP,2027,2,PAYROLL-base-202702-BST,base-ARU_GROUP-2027-000183,WAGE-base-base-ARU_GROUP-2027-000183,BST,WAGE-base-base-ARU_GROUP-2027-000183-EMP-061,EMP-061,,Operations employee,1,1,8045,8045,MODELED_CENSUS_ROLE_ALLOCATION_NOT_INDIVIDUAL_PAYSLIP,FORECAST,PUBLIC_SYNTHETIC_PLANNING_MODEL,2026-09-06T00:00:00-07:00
base,ARU_GROUP,2027,2,PAYROLL-base-202702-BST,base-ARU_GROUP-2027-000183,WAGE-base-base-ARU_GROUP-2027-000183,BST,WAGE-base-base-ARU_GROUP-2027-000183-EMP-062,EMP-062,,Safety employee,1,1,8620,8620,MODELED_CENSUS_ROLE_ALLOCATION_NOT_INDIVIDUAL_PAYSLIP,FORECAST,PUBLIC_SYNTHETIC_PLANNING_MODEL,2026-09-06T00:00:00-07:00
base,ARU_GROUP,2027,2,PAYROLL-base-202702-BST,base-ARU_GROUP-2027-000183,WAGE-base-base-ARU_GROUP-2027-000183,BST,WAGE-base-base-ARU_GROUP-2027-000183-EMP-063,EMP-063,,Safety employee,1,1,8620,8620,MODELED_CENSUS_ROLE_ALLOCATION_NOT_INDIVIDUAL_PAYSLIP,FORECAST,PUBLIC_SYNTHETIC_PLANNING_MODEL,2026-09-06T00:00:00-07:00
base,ARU_GROUP,2027,2,PAYROLL-base-202702-BST,base-ARU_GROUP-2027-000183,WAGE-base-base-ARU_GROUP-2027-000183,BST,WAGE-base-base-ARU_GROUP-2027-000183-EMP-064,EMP-064,,Management employee,1,1,8620,8620,MODELED_CENSUS_ROLE_ALLOCATION_NOT_INDIVIDUAL_PAYSLIP,FORECAST,PUBLIC_SYNTHETIC_PLANNING_MODEL,2026-09-06T00:00:00-07:00
base,ARU_GROUP,2027,2,PAYROLL-base-202702-BST,base-ARU_GROUP-2027-000183,WAGE-base-base-ARU_GROUP-2027-000183,BST,WAGE-base-base-ARU_GROUP-2027-000183-EMP-065,EMP-065,,Management employee,1,1,8620,8620,MODELED_CENSUS_ROLE_ALLOCATION_NOT_INDIVIDUAL_PAYSLIP,FORECAST,PUBLIC_SYNTHETIC_PLANNING_MODEL,2026-09-06T00:00:00-07:00
base,ARU_GROUP,2027,2,PAYROLL-base-202702-BST,base-ARU_GROUP-2027-000183,WAGE-base-base-ARU_GROUP-2027-000183,BST,WAGE-base-base-ARU_GROUP-2027-000183-EMP-066,EMP-066,,Management employee,1,1,8620,8620,MODELED_CENSUS_ROLE_ALLOCATION_NOT_INDIVIDUAL_PAYSLIP,FORECAST,PUBLIC_SYNTHETIC_PLANNING_MODEL,2026-09-06T00:00:00-07:00
base,ARU_GROUP,2027,2,PAYROLL-base-202702-BST,base-ARU_GROUP-2027-000183,WAGE-base-base-ARU_GROUP-2027-000183,BST,WAGE-base-base-ARU_GROUP-2027-000183-EMP-067,EMP-067,,Management employee,1,1,8620,8620,MODELED_CENSUS_ROLE_ALLOCATION_NOT_INDIVIDUAL_PAYSLIP,FORECAST,PUBLIC_SYNTHETIC_PLANNING_MODEL,2026-09-06T00:00:00-07:00
base,ARU_GROUP,2027,2,PAYROLL-base-202702-BST,base-ARU_GROUP-2027-000183,WAGE-base-base-ARU_GROUP-2027-000183,BST,WAGE-base-base-ARU_GROUP-2027-000183-EMP-068,EMP-068,,Management employee,1,1,8620,8620,MODELED_CENSUS_ROLE_ALLOCATION_NOT_INDIVIDUAL_PAYSLIP,FORECAST,PUBLIC_SYNTHETIC_PLANNING_MODEL,2026-09-06T00:00:00-07:00
base,ARU_GROUP,2027,2,PAYROLL-base-202702-BST,base-ARU_GROUP-2027-000183,WAGE-base-base-ARU_GROUP-2027-000183,BST,WAGE-base-base-ARU_GROUP-2027-000183-EMP-069,EMP-069,,Management employee,1,1,8620,8620,MODELED_CENSUS_ROLE_ALLOCATION_NOT_INDIVIDUAL_PAYSLIP,FORECAST,PUBLIC_SYNTHETIC_PLANNING_MODEL,2026-09-06T00:00:00-07:00
base,ARU_GROUP,2027,2,PAYROLL-base-202702-BST,base-ARU_GROUP-2027-000183,WAGE-base-base-ARU_GROUP-2027-000183,BST,WAGE-base-base-ARU_GROUP-2027-000183-EMP-070,EMP-070,,Management employee,1,1,8620,8620,MODELED_CENSUS_ROLE_ALLOCATION_NOT_INDIVIDUAL_PAYSLIP,FORECAST,PUBLIC_SYNTHETIC_PLANNING_MODEL,2026-09-06T00:00:00-07:00
base,ARU_GROUP,2027,2,PAYROLL-base-202702-BST,base-ARU_GROUP-2027-000183,WAGE-base-base-ARU_GROUP-2027-000183,BST,WAGE-base-base-ARU_GROUP-2027-000183-EMP-071,EMP-071,,Management employee,1,1,8619,8619,MODELED_CENSUS_ROLE_ALLOCATION_NOT_INDIVIDUAL_PAYSLIP,FORECAST,PUBLIC_SYNTHETIC_PLANNING_MODEL,2026-09-06T00:00:00-07:00
base,ARU_GROUP,2027,2,PAYROLL-base-202702-TERMINALS,base-ARU_GROUP-2027-000190,WAGE-base-base-ARU_GROUP-2027-000190,TERMINALS,WAGE-base-base-ARU_GROUP-2027-000190-EMP-012,EMP-012,,Terminal Manager,1,1,15515,15515,MODELED_CENSUS_ROLE_ALLOCATION_NOT_INDIVIDUAL_PAYSLIP,FORECAST,PUBLIC_SYNTHETIC_PLANNING_MODEL,2026-09-06T00:00:00-07:00
base,ARU_GROUP,2027,2,PAYROLL-base-202702-TERMINALS,base-ARU_GROUP-2027-000190,WAGE-base-base-ARU_GROUP-2027-000190,TERMINALS,WAGE-base-base-ARU_GROUP-2027-000190-EMP-072,EMP-072,,Terminal employee,1,1,7126,7126,MODELED_CENSUS_ROLE_ALLOCATION_NOT_INDIVIDUAL_PAYSLIP,FORECAST,PUBLIC_SYNTHETIC_PLANNING_MODEL,2026-09-06T00:00:00-07:00
base,ARU_GROUP,2027,2,PAYROLL-base-202702-TERMINALS,base-ARU_GROUP-2027-000190,WAGE-base-base-ARU_GROUP-2027-000190,TERMINALS,WAGE-base-base-ARU_GROUP-2027-000190-EMP-073,EMP-073,,Terminal employee,1,1,7126,7126,MODELED_CENSUS_ROLE_ALLOCATION_NOT_INDIVIDUAL_PAYSLIP,FORECAST,PUBLIC_SYNTHETIC_PLANNING_MODEL,2026-09-06T00:00:00-07:00
base,ARU_GROUP,2027,2,PAYROLL-base-202702-TERMINALS,base-ARU_GROUP-2027-000190,WAGE-base-base-ARU_GROUP-2027-000190,TERMINALS,WAGE-base-base-ARU_GROUP-2027-000190-EMP-074,EMP-074,,Terminal employee,1,1,7126,7126,MODELED_CENSUS_ROLE_ALLOCATION_NOT_INDIVIDUAL_PAYSLIP,FORECAST,PUBLIC_SYNTHETIC_PLANNING_MODEL,2026-09-06T00:00:00-07:00
base,ARU_GROUP,2027,2,PAYROLL-base-202702-TERMINALS,base-ARU_GROUP-2027-000190,WAGE-base-base-ARU_GROUP-2027-000190,TERMINALS,WAGE-base-base-ARU_GROUP-2027-000190-EMP-075,EMP-075,,Terminal employee,1,1,7126,7126,MODELED_CENSUS_ROLE_ALLOCATION_NOT_INDIVIDUAL_PAYSLIP,FORECAST,PUBLIC_SYNTHETIC_PLANNING_MODEL,2026-09-06T00:00:00-07:00
base,ARU_GROUP,2027,2,PAYROLL-base-202702-TERMINALS,base-ARU_GROUP-2027-000190,WAGE-base-base-ARU_GROUP-2027-000190,TERMINALS,WAGE-base-base-ARU_GROUP-2027-000190-EMP-076,EMP-076,,Terminal employee,1,1,7126,7126,MODELED_CENSUS_ROLE_ALLOCATION_NOT_INDIVIDUAL_PAYSLIP,FORECAST,PUBLIC_SYNTHETIC_PLANNING_MODEL,2026-09-06T00:00:00-07:00
base,ARU_GROUP,2027,2,PAYROLL-base-202702-TERMINALS,base-ARU_GROUP-2027-000190,WAGE-base-base-ARU_GROUP-2027-000190,TERMINALS,WAGE-base-base-ARU_GROUP-2027-000190-EMP-077,EMP-077,,Terminal employee,1,1,7126,7126,MODELED_CENSUS_ROLE_ALLOCATION_NOT_INDIVIDUAL_PAYSLIP,FORECAST,PUBLIC_SYNTHETIC_PLANNING_MODEL,2026-09-06T00:00:00-07:00
base,ARU_GROUP,2027,2,PAYROLL-base-202702-TERMINALS,base-ARU_GROUP-2027-000190,WAGE-base-base-ARU_GROUP-2027-000190,TERMINALS,WAGE-base-base-ARU_GROUP-2027-000190-EMP-078,EMP-078,,Terminal employee,1,1,7126,7126,MODELED_CENSUS_ROLE_ALLOCATION_NOT_INDIVIDUAL_PAYSLIP,FORECAST,PUBLIC_SYNTHETIC_PLANNING_MODEL,2026-09-06T00:00:00-07:00
base,ARU_GROUP,2027,2,PAYROLL-base-202702-TERMINALS,base-ARU_GROUP-2027-000190,WAGE-base-base-ARU_GROUP-2027-000190,TERMINALS,WAGE-base-base-ARU_GROUP-2027-000190-EMP-079,EMP-079,,Terminal employee,1,1,7126,7126,MODELED_CENSUS_ROLE_ALLOCATION_NOT_INDIVIDUAL_PAYSLIP,FORECAST,PUBLIC_SYNTHETIC_PLANNING_MODEL,2026-09-06T00:00:00-07:00
base,ARU_GROUP,2027,2,PAYROLL-base-202702-TERMINALS,base-ARU_GROUP-2027-000190,WAGE-base-base-ARU_GROUP-2027-000190,TERMINALS,WAGE-base-base-ARU_GROUP-2027-000190-EMP-080,EMP-080,,Terminal employee,1,1,7126,7126,MODELED_CENSUS_ROLE_ALLOCATION_NOT_INDIVIDUAL_PAYSLIP,FORECAST,PUBLIC_SYNTHETIC_PLANNING_MODEL,2026-09-06T00:00:00-07:00
base,ARU_GROUP,2027,2,PAYROLL-base-202702-TERMINALS,base-ARU_GROUP-2027-000190,WAGE-base-base-ARU_GROUP-2027-000190,TERMINALS,WAGE-base-base-ARU_GROUP-2027-000190-EMP-081,EMP-081,,Terminal employee,1,1,7126,7126,MODELED_CENSUS_ROLE_ALLOCATION_NOT_INDIVIDUAL_PAYSLIP,FORECAST,PUBLIC_SYNTHETIC_PLANNING_MODEL,2026-09-06T00:00:00-07:00
base,ARU_GROUP,2027,2,PAYROLL-base-202702-TERMINALS,base-ARU_GROUP-2027-000190,WAGE-base-base-ARU_GROUP-2027-000190,TERMINALS,WAGE-base-base-ARU_GROUP-2027-000190-EMP-082,EMP-082,,Terminal employee,1,1,7126,7126,MODELED_CENSUS_ROLE_ALLOCATION_NOT_INDIVIDUAL_PAYSLIP,FORECAST,PUBLIC_SYNTHETIC_PLANNING_MODEL,2026-09-06T00:00:00-07:00
base,ARU_GROUP,2027,2,PAYROLL-base-202702-TERMINALS,base-ARU_GROUP-2027-000190,WAGE-base-base-ARU_GROUP-2027-000190,TERMINALS,WAGE-base-base-ARU_GROUP-2027-000190-EMP-083,EMP-083,,Terminal employee,1,1,7126,7126,MODELED_CENSUS_ROLE_ALLOCATION_NOT_INDIVIDUAL_PAYSLIP,FORECAST,PUBLIC_SYNTHETIC_PLANNING_MODEL,2026-09-06T00:00:00-07:00
base,ARU_GROUP,2027,2,PAYROLL-base-202702-TERMINALS,base-ARU_GROUP-2027-000190,WAGE-base-base-ARU_GROUP-2027-000190,TERMINALS,WAGE-base-base-ARU_GROUP-2027-000190-EMP-084,EMP-084,,Terminal employee,1,1,7126,7126,MODELED_CENSUS_ROLE_ALLOCATION_NOT_INDIVIDUAL_PAYSLIP,FORECAST,PUBLIC_SYNTHETIC_PLANNING_MODEL,2026-09-06T00:00:00-07:00
base,ARU_GROUP,2027,2,PAYROLL-base-202702-TERMINALS,base-ARU_GROUP-2027-000190,WAGE-base-base-ARU_GROUP-2027-000190,TERMINALS,WAGE-base-base-ARU_GROUP-2027-000190-EMP-085,EMP-085,,Terminal employee,1,1,7126,7126,MODELED_CENSUS_ROLE_ALLOCATION_NOT_INDIVIDUAL_PAYSLIP,FORECAST,PUBLIC_SYNTHETIC_PLANNING_MODEL,2026-09-06T00:00:00-07:00
base,ARU_GROUP,2027,2,PAYROLL-base-202702-TERMINALS,base-ARU_GROUP-2027-000190,WAGE-base-base-ARU_GROUP-2027-000190,TERMINALS,WAGE-base-base-ARU_GROUP-2027-000190-EMP-086,EMP-086,,Terminal employee,1,1,7126,7126,MODELED_CENSUS_ROLE_ALLOCATION_NOT_INDIVIDUAL_PAYSLIP,FORECAST,PUBLIC_SYNTHETIC_PLANNING_MODEL,2026-09-06T00:00:00-07:00
base,ARU_GROUP,2027,2,PAYROLL-base-202702-TERMINALS,base-ARU_GROUP-2027-000190,WAGE-base-base-ARU_GROUP-2027-000190,TERMINALS,WAGE-base-base-ARU_GROUP-2027-000190-EMP-087,EMP-087,,Terminal employee,1,1,7126,7126,MODELED_CENSUS_ROLE_ALLOCATION_NOT_INDIVIDUAL_PAYSLIP,FORECAST,PUBLIC_SYNTHETIC_PLANNING_MODEL,2026-09-06T00:00:00-07:00
base,ARU_GROUP,2027,2,PAYROLL-base-202702-TERMINALS,base-ARU_GROUP-2027-000190,WAGE-base-base-ARU_GROUP-2027-000190,TERMINALS,WAGE-base-base-ARU_GROUP-2027-000190-EMP-088,EMP-088,,Terminal employee,1,1,7126,7126,MODELED_CENSUS_ROLE_ALLOCATION_NOT_INDIVIDUAL_PAYSLIP,FORECAST,PUBLIC_SYNTHETIC_PLANNING_MODEL,2026-09-06T00:00:00-07:00
base,ARU_GROUP,2027,2,PAYROLL-base-202702-TERMINALS,base-ARU_GROUP-2027-000190,WAGE-base-base-ARU_GROUP-2027-000190,TERMINALS,WAGE-base-base-ARU_GROUP-2027-000190-EMP-089,EMP-089,,Terminal employee,1,1,7126,7126,MODELED_CENSUS_ROLE_ALLOCATION_NOT_INDIVIDUAL_PAYSLIP,FORECAST,PUBLIC_SYNTHETIC_PLANNING_MODEL,2026-09-06T00:00:00-07:00
base,ARU_GROUP,2027,2,PAYROLL-base-202702-TERMINALS,base-ARU_GROUP-2027-000190,WAGE-base-base-ARU_GROUP-2027-000190,TERMINALS,WAGE-base-base-ARU_GROUP-2027-000190-EMP-090,EMP-090,,Terminal employee,1,1,7126,7126,MODELED_CENSUS_ROLE_ALLOCATION_NOT_INDIVIDUAL_PAYSLIP,FORECAST,PUBLIC_SYNTHETIC_PLANNING_MODEL,2026-09-06T00:00:00-07:00
base,ARU_GROUP,2027,2,PAYROLL-base-202702-TERMINALS,base-ARU_GROUP-2027-000190,WAGE-base-base-ARU_GROUP-2027-000190,TERMINALS,WAGE-base-base-ARU_GROUP-2027-000190-EMP-091,EMP-091,,Terminal employee,1,1,7125,7125,MODELED_CENSUS_ROLE_ALLOCATION_NOT_INDIVIDUAL_PAYSLIP,FORECAST,PUBLIC_SYNTHETIC_PLANNING_MODEL,2026-09-06T00:00:00-07:00
base,ARU_GROUP,2027,2,PAYROLL-base-202702-TERMINALS,base-ARU_GROUP-2027-000190,WAGE-base-base-ARU_GROUP-2027-000190,TERMINALS,WAGE-base-base-ARU_GROUP-2027-000190-EMP-092,EMP-092,,Terminal employee,1,1,7125,7125,MODELED_CENSUS_ROLE_ALLOCATION_NOT_INDIVIDUAL_PAYSLIP,FORECAST,PUBLIC_SYNTHETIC_PLANNING_MODEL,2026-09-06T00:00:00-07:00
base,ARU_GROUP,2027,2,PAYROLL-base-202702-TERMINALS,base-ARU_GROUP-2027-000190,WAGE-base-base-ARU_GROUP-2027-000190,TERMINALS,WAGE-base-base-ARU_GROUP-2027-000190-EMP-093,EMP-093,,Terminal employee,1,1,7125,7125,MODELED_CENSUS_ROLE_ALLOCATION_NOT_INDIVIDUAL_PAYSLIP,FORECAST,PUBLIC_SYNTHETIC_PLANNING_MODEL,2026-09-06T00:00:00-07:00
base,ARU_GROUP,2027,2,PAYROLL-base-202702-TERMINALS,base-ARU_GROUP-2027-000190,WAGE-base-base-ARU_GROUP-2027-000190,TERMINALS,WAGE-base-base-ARU_GROUP-2027-000190-EMP-094,EMP-094,,Terminal employee,1,1,7125,7125,MODELED_CENSUS_ROLE_ALLOCATION_NOT_INDIVIDUAL_PAYSLIP,FORECAST,PUBLIC_SYNTHETIC_PLANNING_MODEL,2026-09-06T00:00:00-07:00
base,ARU_GROUP,2027,2,PAYROLL-base-202702-TERMINALS,base-ARU_GROUP-2027-000190,WAGE-base-base-ARU_GROUP-2027-000190,TERMINALS,WAGE-base-base-ARU_GROUP-2027-000190-EMP-095,EMP-095,,Terminal employee,1,1,7125,7125,MODELED_CENSUS_ROLE_ALLOCATION_NOT_INDIVIDUAL_PAYSLIP,FORECAST,PUBLIC_SYNTHETIC_PLANNING_MODEL,2026-09-06T00:00:00-07:00
base,ARU_GROUP,2027,2,PAYROLL-base-202702-TERMINALS,base-ARU_GROUP-2027-000190,WAGE-base-base-ARU_GROUP-2027-000190,TERMINALS,WAGE-base-base-ARU_GROUP-2027-000190-EMP-096,EMP-096,,Terminal employee,1,1,7125,7125,MODELED_CENSUS_ROLE_ALLOCATION_NOT_INDIVIDUAL_PAYSLIP,FORECAST,PUBLIC_SYNTHETIC_PLANNING_MODEL,2026-09-06T00:00:00-07:00
base,ARU_GROUP,2027,2,PAYROLL-base-202702-TERMINALS,base-ARU_GROUP-2027-000190,WAGE-base-base-ARU_GROUP-2027-000190,TERMINALS,WAGE-base-base-ARU_GROUP-2027-000190-EMP-097,EMP-097,,Terminal employee,1,1,7125,7125,MODELED_CENSUS_ROLE_ALLOCATION_NOT_INDIVIDUAL_PAYSLIP,FORECAST,PUBLIC_SYNTHETIC_PLANNING_MODEL,2026-09-06T00:00:00-07:00
base,ARU_GROUP,2027,2,PAYROLL-base-202702-TRUCKING,base-ARU_GROUP-2027-000197,WAGE-base-base-ARU_GROUP-2027-000197,TRUCKING,WAGE-base-base-ARU_GROUP-2027-000197-EMP-013,EMP-013,,Trucking Manager,1,1,14367,14367,MODELED_CENSUS_ROLE_ALLOCATION_NOT_INDIVIDUAL_PAYSLIP,FORECAST,PUBLIC_SYNTHETIC_PLANNING_MODEL,2026-09-06T00:00:00-07:00
base,ARU_GROUP,2027,2,PAYROLL-base-202702-TRUCKING,base-ARU_GROUP-2027-000197,WAGE-base-base-ARU_GROUP-2027-000197,TRUCKING,WAGE-base-base-ARU_GROUP-2027-000197-EMP-098,EMP-098,,Qualified regional industrial driver,1,1,7816,7816,MODELED_CENSUS_ROLE_ALLOCATION_NOT_INDIVIDUAL_PAYSLIP,FORECAST,PUBLIC_SYNTHETIC_PLANNING_MODEL,2026-09-06T00:00:00-07:00
base,ARU_GROUP,2027,2,PAYROLL-base-202702-TRUCKING,base-ARU_GROUP-2027-000197,WAGE-base-base-ARU_GROUP-2027-000197,TRUCKING,WAGE-base-base-ARU_GROUP-2027-000197-EMP-099,EMP-099,,Qualified regional industrial driver,1,1,7816,7816,MODELED_CENSUS_ROLE_ALLOCATION_NOT_INDIVIDUAL_PAYSLIP,FORECAST,PUBLIC_SYNTHETIC_PLANNING_MODEL,2026-09-06T00:00:00-07:00
base,ARU_GROUP,2027,2,PAYROLL-base-202702-TRUCKING,base-ARU_GROUP-2027-000197,WAGE-base-base-ARU_GROUP-2027-000197,TRUCKING,WAGE-base-base-ARU_GROUP-2027-000197-EMP-100,EMP-100,,Qualified regional industrial driver,1,1,7816,7816,MODELED_CENSUS_ROLE_ALLOCATION_NOT_INDIVIDUAL_PAYSLIP,FORECAST,PUBLIC_SYNTHETIC_PLANNING_MODEL,2026-09-06T00:00:00-07:00
base,ARU_GROUP,2027,2,PAYROLL-base-202702-TRUCKING,base-ARU_GROUP-2027-000197,WAGE-base-base-ARU_GROUP-2027-000197,TRUCKING,WAGE-base-base-ARU_GROUP-2027-000197-EMP-101,EMP-101,,Qualified regional industrial driver,1,1,7816,7816,MODELED_CENSUS_ROLE_ALLOCATION_NOT_INDIVIDUAL_PAYSLIP,FORECAST,PUBLIC_SYNTHETIC_PLANNING_MODEL,2026-09-06T00:00:00-07:00
base,ARU_GROUP,2027,2,PAYROLL-base-202702-TRUCKING,base-ARU_GROUP-2027-000197,WAGE-base-base-ARU_GROUP-2027-000197,TRUCKING,WAGE-base-base-ARU_GROUP-2027-000197-EMP-102,EMP-102,,Qualified regional industrial driver,1,1,7816,7816,MODELED_CENSUS_ROLE_ALLOCATION_NOT_INDIVIDUAL_PAYSLIP,FORECAST,PUBLIC_SYNTHETIC_PLANNING_MODEL,2026-09-06T00:00:00-07:00
base,ARU_GROUP,2027,2,PAYROLL-base-202702-TRUCKING,base-ARU_GROUP-2027-000197,WAGE-base-base-ARU_GROUP-2027-000197,TRUCKING,WAGE-base-base-ARU_GROUP-2027-000197-EMP-103,EMP-103,,Qualified regional industrial driver,1,1,7816,7816,MODELED_CENSUS_ROLE_ALLOCATION_NOT_INDIVIDUAL_PAYSLIP,FORECAST,PUBLIC_SYNTHETIC_PLANNING_MODEL,2026-09-06T00:00:00-07:00
base,ARU_GROUP,2027,2,PAYROLL-base-202702-TRUCKING,base-ARU_GROUP-2027-000197,WAGE-base-base-ARU_GROUP-2027-000197,TRUCKING,WAGE-base-base-ARU_GROUP-2027-000197-EMP-104,EMP-104,,Qualified regional industrial driver,1,1,7815,7815,MODELED_CENSUS_ROLE_ALLOCATION_NOT_INDIVIDUAL_PAYSLIP,FORECAST,PUBLIC_SYNTHETIC_PLANNING_MODEL,2026-09-06T00:00:00-07:00
base,ARU_GROUP,2027,2,PAYROLL-base-202702-TRUCKING,base-ARU_GROUP-2027-000197,WAGE-base-base-ARU_GROUP-2027-000197,TRUCKING,WAGE-base-base-ARU_GROUP-2027-000197-EMP-105,EMP-105,,Qualified regional industrial driver,1,1,7815,7815,MODELED_CENSUS_ROLE_ALLOCATION_NOT_INDIVIDUAL_PAYSLIP,FORECAST,PUBLIC_SYNTHETIC_PLANNING_MODEL,2026-09-06T00:00:00-07:00
base,ARU_GROUP,2027,2,PAYROLL-base-202702-TRUCKING,base-ARU_GROUP-2027-000197,WAGE-base-base-ARU_GROUP-2027-000197,TRUCKING,WAGE-base-base-ARU_GROUP-2027-000197-EMP-106,EMP-106,,Qualified regional industrial driver,1,1,7815,7815,MODELED_CENSUS_ROLE_ALLOCATION_NOT_INDIVIDUAL_PAYSLIP,FORECAST,PUBLIC_SYNTHETIC_PLANNING_MODEL,2026-09-06T00:00:00-07:00
base,ARU_GROUP,2027,2,PAYROLL-base-202702-TRUCKING,base-ARU_GROUP-2027-000197,WAGE-base-base-ARU_GROUP-2027-000197,TRUCKING,WAGE-base-base-ARU_GROUP-2027-000197-EMP-107,EMP-107,,Qualified regional industrial driver,1,1,7815,7815,MODELED_CENSUS_ROLE_ALLOCATION_NOT_INDIVIDUAL_PAYSLIP,FORECAST,PUBLIC_SYNTHETIC_PLANNING_MODEL,2026-09-06T00:00:00-07:00
base,ARU_GROUP,2027,2,PAYROLL-base-202702-TRUCKING,base-ARU_GROUP-2027-000197,WAGE-base-base-ARU_GROUP-2027-000197,TRUCKING,WAGE-base-base-ARU_GROUP-2027-000197-EMP-108,EMP-108,,Qualified regional industrial driver,1,1,7815,7815,MODELED_CENSUS_ROLE_ALLOCATION_NOT_INDIVIDUAL_PAYSLIP,FORECAST,PUBLIC_SYNTHETIC_PLANNING_MODEL,2026-09-06T00:00:00-07:00
base,ARU_GROUP,2027,2,PAYROLL-base-202702-TRUCKING,base-ARU_GROUP-2027-000197,WAGE-base-base-ARU_GROUP-2027-000197,TRUCKING,WAGE-base-base-ARU_GROUP-2027-000197-EMP-109,EMP-109,,Qualified regional industrial driver,1,1,7815,7815,MODELED_CENSUS_ROLE_ALLOCATION_NOT_INDIVIDUAL_PAYSLIP,FORECAST,PUBLIC_SYNTHETIC_PLANNING_MODEL,2026-09-06T00:00:00-07:00
base,ARU_GROUP,2027,2,PAYROLL-base-202702-TRUCKING,base-ARU_GROUP-2027-000197,WAGE-base-base-ARU_GROUP-2027-000197,TRUCKING,WAGE-base-base-ARU_GROUP-2027-000197-EMP-110,EMP-110,,Qualified regional industrial driver,1,1,7815,7815,MODELED_CENSUS_ROLE_ALLOCATION_NOT_INDIVIDUAL_PAYSLIP,FORECAST,PUBLIC_SYNTHETIC_PLANNING_MODEL,2026-09-06T00:00:00-07:00
base,ARU_GROUP,2027,2,PAYROLL-base-202702-TRUCKING,base-ARU_GROUP-2027-000197,WAGE-base-base-ARU_GROUP-2027-000197,TRUCKING,WAGE-base-base-ARU_GROUP-2027-000197-EMP-111,EMP-111,,Qualified regional industrial driver,1,1,7815,7815,MODELED_CENSUS_ROLE_ALLOCATION_NOT_INDIVIDUAL_PAYSLIP,FORECAST,PUBLIC_SYNTHETIC_PLANNING_MODEL,2026-09-06T00:00:00-07:00
base,ARU_GROUP,2027,2,PAYROLL-base-202702-TRUCKING,base-ARU_GROUP-2027-000197,WAGE-base-base-ARU_GROUP-2027-000197,TRUCKING,WAGE-base-base-ARU_GROUP-2027-000197-EMP-112,EMP-112,,Qualified regional industrial driver,1,1,7815,7815,MODELED_CENSUS_ROLE_ALLOCATION_NOT_INDIVIDUAL_PAYSLIP,FORECAST,PUBLIC_SYNTHETIC_PLANNING_MODEL,2026-09-06T00:00:00-07:00
base,ARU_GROUP,2027,2,PAYROLL-base-202702-TRUCKING,base-ARU_GROUP-2027-000197,WAGE-base-base-ARU_GROUP-2027-000197,TRUCKING,WAGE-base-base-ARU_GROUP-2027-000197-EMP-113,EMP-113,,Qualified regional industrial driver,1,1,7815,7815,MODELED_CENSUS_ROLE_ALLOCATION_NOT_INDIVIDUAL_PAYSLIP,FORECAST,PUBLIC_SYNTHETIC_PLANNING_MODEL,2026-09-06T00:00:00-07:00
base,ARU_GROUP,2027,2,PAYROLL-base-202702-TRUCKING,base-ARU_GROUP-2027-000197,WAGE-base-base-ARU_GROUP-2027-000197,TRUCKING,WAGE-base-base-ARU_GROUP-2027-000197-EMP-114,EMP-114,,Qualified regional industrial driver,1,1,7815,7815,MODELED_CENSUS_ROLE_ALLOCATION_NOT_INDIVIDUAL_PAYSLIP,FORECAST,PUBLIC_SYNTHETIC_PLANNING_MODEL,2026-09-06T00:00:00-07:00
base,ARU_GROUP,2027,2,PAYROLL-base-202702-TRUCKING,base-ARU_GROUP-2027-000197,WAGE-base-base-ARU_GROUP-2027-000197,TRUCKING,WAGE-base-base-ARU_GROUP-2027-000197-EMP-115,EMP-115,,Qualified regional industrial driver,1,1,7815,7815,MODELED_CENSUS_ROLE_ALLOCATION_NOT_INDIVIDUAL_PAYSLIP,FORECAST,PUBLIC_SYNTHETIC_PLANNING_MODEL,2026-09-06T00:00:00-07:00
base,ARU_GROUP,2027,2,PAYROLL-base-202702-TRUCKING,base-ARU_GROUP-2027-000197,WAGE-base-base-ARU_GROUP-2027-000197,TRUCKING,WAGE-base-base-ARU_GROUP-2027-000197-EMP-116,EMP-116,,Qualified regional industrial driver,1,1,7815,7815,MODELED_CENSUS_ROLE_ALLOCATION_NOT_INDIVIDUAL_PAYSLIP,FORECAST,PUBLIC_SYNTHETIC_PLANNING_MODEL,2026-09-06T00:00:00-07:00
base,ARU_GROUP,2027,2,PAYROLL-base-202702-TRUCKING,base-ARU_GROUP-2027-000197,WAGE-base-base-ARU_GROUP-2027-000197,TRUCKING,WAGE-base-base-ARU_GROUP-2027-000197-EMP-117,EMP-117,,Qualified regional industrial driver,1,1,7815,7815,MODELED_CENSUS_ROLE_ALLOCATION_NOT_INDIVIDUAL_PAYSLIP,FORECAST,PUBLIC_SYNTHETIC_PLANNING_MODEL,2026-09-06T00:00:00-07:00
base,ARU_GROUP,2027,2,PAYROLL-base-202702-TRUCKING,base-ARU_GROUP-2027-000197,WAGE-base-base-ARU_GROUP-2027-000197,TRUCKING,WAGE-base-base-ARU_GROUP-2027-000197-EMP-118,EMP-118,,Truck dispatcher,1,1,7815,7815,MODELED_CENSUS_ROLE_ALLOCATION_NOT_INDIVIDUAL_PAYSLIP,FORECAST,PUBLIC_SYNTHETIC_PLANNING_MODEL,2026-09-06T00:00:00-07:00
base,ARU_GROUP,2027,2,PAYROLL-base-202702-TRUCKING,base-ARU_GROUP-2027-000197,WAGE-base-base-ARU_GROUP-2027-000197,TRUCKING,WAGE-base-base-ARU_GROUP-2027-000197-EMP-119,EMP-119,,Truck fleet mechanic,1,1,7815,7815,MODELED_CENSUS_ROLE_ALLOCATION_NOT_INDIVIDUAL_PAYSLIP,FORECAST,PUBLIC_SYNTHETIC_PLANNING_MODEL,2026-09-06T00:00:00-07:00
base,ARU_GROUP,2027,2,PAYROLL-base-202702-TRUCKING,base-ARU_GROUP-2027-000197,WAGE-base-base-ARU_GROUP-2027-000197,TRUCKING,WAGE-base-base-ARU_GROUP-2027-000197-EMP-120,EMP-120,,Truck fleet mechanic,1,1,7815,7815,MODELED_CENSUS_ROLE_ALLOCATION_NOT_INDIVIDUAL_PAYSLIP,FORECAST,PUBLIC_SYNTHETIC_PLANNING_MODEL,2026-09-06T00:00:00-07:00
base,ARU_GROUP,2027,2,PAYROLL-base-202702-WAREHOUSE,base-ARU_GROUP-2027-000204,WAGE-base-base-ARU_GROUP-2027-000204,WAREHOUSE,WAGE-base-base-ARU_GROUP-2027-000204-EMP-014,EMP-014,,Warehouse Manager,1,1,13792,13792,MODELED_CENSUS_ROLE_ALLOCATION_NOT_INDIVIDUAL_PAYSLIP,FORECAST,PUBLIC_SYNTHETIC_PLANNING_MODEL,2026-09-06T00:00:00-07:00
base,ARU_GROUP,2027,2,PAYROLL-base-202702-WAREHOUSE,base-ARU_GROUP-2027-000204,WAGE-base-base-ARU_GROUP-2027-000204,WAREHOUSE,WAGE-base-base-ARU_GROUP-2027-000204-EMP-121,EMP-121,,Warehouse employee,1,1,7126,7126,MODELED_CENSUS_ROLE_ALLOCATION_NOT_INDIVIDUAL_PAYSLIP,FORECAST,PUBLIC_SYNTHETIC_PLANNING_MODEL,2026-09-06T00:00:00-07:00
base,ARU_GROUP,2027,2,PAYROLL-base-202702-WAREHOUSE,base-ARU_GROUP-2027-000204,WAGE-base-base-ARU_GROUP-2027-000204,WAREHOUSE,WAGE-base-base-ARU_GROUP-2027-000204-EMP-122,EMP-122,,Warehouse employee,1,1,7126,7126,MODELED_CENSUS_ROLE_ALLOCATION_NOT_INDIVIDUAL_PAYSLIP,FORECAST,PUBLIC_SYNTHETIC_PLANNING_MODEL,2026-09-06T00:00:00-07:00
base,ARU_GROUP,2027,2,PAYROLL-base-202702-WAREHOUSE,base-ARU_GROUP-2027-000204,WAGE-base-base-ARU_GROUP-2027-000204,WAREHOUSE,WAGE-base-base-ARU_GROUP-2027-000204-EMP-123,EMP-123,,Warehouse employee,1,1,7126,7126,MODELED_CENSUS_ROLE_ALLOCATION_NOT_INDIVIDUAL_PAYSLIP,FORECAST,PUBLIC_SYNTHETIC_PLANNING_MODEL,2026-09-06T00:00:00-07:00
base,ARU_GROUP,2027,2,PAYROLL-base-202702-WAREHOUSE,base-ARU_GROUP-2027-000204,WAGE-base-base-ARU_GROUP-2027-000204,WAREHOUSE,WAGE-base-base-ARU_GROUP-2027-000204-EMP-124,EMP-124,,Warehouse employee,1,1,7126,7126,MODELED_CENSUS_ROLE_ALLOCATION_NOT_INDIVIDUAL_PAYSLIP,FORECAST,PUBLIC_SYNTHETIC_PLANNING_MODEL,2026-09-06T00:00:00-07:00
base,ARU_GROUP,2027,2,PAYROLL-base-202702-WAREHOUSE,base-ARU_GROUP-2027-000204,WAGE-base-base-ARU_GROUP-2027-000204,WAREHOUSE,WAGE-base-base-ARU_GROUP-2027-000204-EMP-125,EMP-125,,Warehouse employee,1,1,7126,7126,MODELED_CENSUS_ROLE_ALLOCATION_NOT_INDIVIDUAL_PAYSLIP,FORECAST,PUBLIC_SYNTHETIC_PLANNING_MODEL,2026-09-06T00:00:00-07:00
base,ARU_GROUP,2027,2,PAYROLL-base-202702-WAREHOUSE,base-ARU_GROUP-2027-000204,WAGE-base-base-ARU_GROUP-2027-000204,WAREHOUSE,WAGE-base-base-ARU_GROUP-2027-000204-EMP-126,EMP-126,,Warehouse employee,1,1,7126,7126,MODELED_CENSUS_ROLE_ALLOCATION_NOT_INDIVIDUAL_PAYSLIP,FORECAST,PUBLIC_SYNTHETIC_PLANNING_MODEL,2026-09-06T00:00:00-07:00
base,ARU_GROUP,2027,2,PAYROLL-base-202702-WAREHOUSE,base-ARU_GROUP-2027-000204,WAGE-base-base-ARU_GROUP-2027-000204,WAREHOUSE,WAGE-base-base-ARU_GROUP-2027-000204-EMP-127,EMP-127,,Warehouse employee,1,1,7126,7126,MODELED_CENSUS_ROLE_ALLOCATION_NOT_INDIVIDUAL_PAYSLIP,FORECAST,PUBLIC_SYNTHETIC_PLANNING_MODEL,2026-09-06T00:00:00-07:00
base,ARU_GROUP,2027,2,PAYROLL-base-202702-WAREHOUSE,base-ARU_GROUP-2027-000204,WAGE-base-base-ARU_GROUP-2027-000204,WAREHOUSE,WAGE-base-base-ARU_GROUP-2027-000204-EMP-128,EMP-128,,Warehouse employee,1,1,7126,7126,MODELED_CENSUS_ROLE_ALLOCATION_NOT_INDIVIDUAL_PAYSLIP,FORECAST,PUBLIC_SYNTHETIC_PLANNING_MODEL,2026-09-06T00:00:00-07:00
base,ARU_GROUP,2027,2,PAYROLL-base-202702-WAREHOUSE,base-ARU_GROUP-2027-000204,WAGE-base-base-ARU_GROUP-2027-000204,WAREHOUSE,WAGE-base-base-ARU_GROUP-2027-000204-EMP-129,EMP-129,,Warehouse employee,1,1,7125,7125,MODELED_CENSUS_ROLE_ALLOCATION_NOT_INDIVIDUAL_PAYSLIP,FORECAST,PUBLIC_SYNTHETIC_PLANNING_MODEL,2026-09-06T00:00:00-07:00
base,ARU_GROUP,2027,2,PAYROLL-base-202702-WAREHOUSE,base-ARU_GROUP-2027-000204,WAGE-base-base-ARU_GROUP-2027-000204,WAREHOUSE,WAGE-base-base-ARU_GROUP-2027-000204-EMP-130,EMP-130,,Warehouse employee,1,1,7125,7125,MODELED_CENSUS_ROLE_ALLOCATION_NOT_INDIVIDUAL_PAYSLIP,FORECAST,PUBLIC_SYNTHETIC_PLANNING_MODEL,2026-09-06T00:00:00-07:00
base,ARU_GROUP,2027,2,PAYROLL-base-202702-WAREHOUSE,base-ARU_GROUP-2027-000204,WAGE-base-base-ARU_GROUP-2027-000204,WAREHOUSE,WAGE-base-base-ARU_GROUP-2027-000204-EMP-131,EMP-131,,Warehouse employee,1,1,7125,7125,MODELED_CENSUS_ROLE_ALLOCATION_NOT_INDIVIDUAL_PAYSLIP,FORECAST,PUBLIC_SYNTHETIC_PLANNING_MODEL,2026-09-06T00:00:00-07:00
base,ARU_GROUP,2027,2,PAYROLL-base-202702-ARU,base-ARU_GROUP-2027-000211,WAGE-base-base-ARU_GROUP-2027-000211,ARU,WAGE-base-base-ARU_GROUP-2027-000211-EMP-001,EMP-001,,President and COO,1,1,27583,27583,MODELED_CENSUS_ROLE_ALLOCATION_NOT_INDIVIDUAL_PAYSLIP,FORECAST,PUBLIC_SYNTHETIC_PLANNING_MODEL,2026-09-06T00:00:00-07:00
base,ARU_GROUP,2027,2,PAYROLL-base-202702-ARU,base-ARU_GROUP-2027-000211,WAGE-base-base-ARU_GROUP-2027-000211,ARU,WAGE-base-base-ARU_GROUP-2027-000211-EMP-002,EMP-002,,Director Industrial Operations,1,1,20113,20113,MODELED_CENSUS_ROLE_ALLOCATION_NOT_INDIVIDUAL_PAYSLIP,FORECAST,PUBLIC_SYNTHETIC_PLANNING_MODEL,2026-09-06T00:00:00-07:00
base,ARU_GROUP,2027,2,PAYROLL-base-202702-ARU,base-ARU_GROUP-2027-000211,WAGE-base-base-ARU_GROUP-2027-000211,ARU,WAGE-base-base-ARU_GROUP-2027-000211-EMP-003,EMP-003,,Controller,1,1,18964,18964,MODELED_CENSUS_ROLE_ALLOCATION_NOT_INDIVIDUAL_PAYSLIP,FORECAST,PUBLIC_SYNTHETIC_PLANNING_MODEL,2026-09-06T00:00:00-07:00
base,ARU_GROUP,2027,2,PAYROLL-base-202702-ARU,base-ARU_GROUP-2027-000211,WAGE-base-base-ARU_GROUP-2027-000211,ARU,WAGE-base-base-ARU_GROUP-2027-000211-EMP-004,EMP-004,,Director Safety and Environment,1,1,17814,17814,MODELED_CENSUS_ROLE_ALLOCATION_NOT_INDIVIDUAL_PAYSLIP,FORECAST,PUBLIC_SYNTHETIC_PLANNING_MODEL,2026-09-06T00:00:00-07:00
base,ARU_GROUP,2027,2,PAYROLL-base-202702-ARU,base-ARU_GROUP-2027-000211,WAGE-base-base-ARU_GROUP-2027-000211,ARU,WAGE-base-base-ARU_GROUP-2027-000211-EMP-005,EMP-005,,People and Administration Manager,1,1,13217,13217,MODELED_CENSUS_ROLE_ALLOCATION_NOT_INDIVIDUAL_PAYSLIP,FORECAST,PUBLIC_SYNTHETIC_PLANNING_MODEL,2026-09-06T00:00:00-07:00
base,ARU_GROUP,2027,2,PAYROLL-base-202702-ARU,base-ARU_GROUP-2027-000211,WAGE-base-base-ARU_GROUP-2027-000211,ARU,WAGE-base-base-ARU_GROUP-2027-000211-EMP-006,EMP-006,,Procurement and Systems Manager,1,1,13217,13217,MODELED_CENSUS_ROLE_ALLOCATION_NOT_INDIVIDUAL_PAYSLIP,FORECAST,PUBLIC_SYNTHETIC_PLANNING_MODEL,2026-09-06T00:00:00-07:00
base,ARU_GROUP,2027,2,PAYROLL-base-202702-ARU,base-ARU_GROUP-2027-000211,WAGE-base-base-ARU_GROUP-2027-000211,ARU,WAGE-base-base-ARU_GROUP-2027-000211-EMP-015,EMP-015,,Corporate employee,1,1,8275,8275,MODELED_CENSUS_ROLE_ALLOCATION_NOT_INDIVIDUAL_PAYSLIP,FORECAST,PUBLIC_SYNTHETIC_PLANNING_MODEL,2026-09-06T00:00:00-07:00
base,ARU_GROUP,2027,2,PAYROLL-base-202702-ARU,base-ARU_GROUP-2027-000211,WAGE-base-base-ARU_GROUP-2027-000211,ARU,WAGE-base-base-ARU_GROUP-2027-000211-EMP-016,EMP-016,,Corporate employee,1,1,8275,8275,MODELED_CENSUS_ROLE_ALLOCATION_NOT_INDIVIDUAL_PAYSLIP,FORECAST,PUBLIC_SYNTHETIC_PLANNING_MODEL,2026-09-06T00:00:00-07:00
base,ARU_GROUP,2027,2,PAYROLL-base-202702-ARU,base-ARU_GROUP-2027-000211,WAGE-base-base-ARU_GROUP-2027-000211,ARU,WAGE-base-base-ARU_GROUP-2027-000211-EMP-017,EMP-017,,Corporate employee,1,1,8275,8275,MODELED_CENSUS_ROLE_ALLOCATION_NOT_INDIVIDUAL_PAYSLIP,FORECAST,PUBLIC_SYNTHETIC_PLANNING_MODEL,2026-09-06T00:00:00-07:00
base,ARU_GROUP,2027,2,PAYROLL-base-202702-ARU,base-ARU_GROUP-2027-000211,WAGE-base-base-ARU_GROUP-2027-000211,ARU,WAGE-base-base-ARU_GROUP-2027-000211-EMP-018,EMP-018,,Corporate employee,1,1,8275,8275,MODELED_CENSUS_ROLE_ALLOCATION_NOT_INDIVIDUAL_PAYSLIP,FORECAST,PUBLIC_SYNTHETIC_PLANNING_MODEL,2026-09-06T00:00:00-07:00
base,ARU_GROUP,2027,3,PAYROLL-base-202703-BST,base-ARU_GROUP-2027-000402,WAGE-base-base-ARU_GROUP-2027-000402,BST,WAGE-base-base-ARU_GROUP-2027-000402-EMP-007,EMP-007,,General Manager,1,1,21837,21837,MODELED_CENSUS_ROLE_ALLOCATION_NOT_INDIVIDUAL_PAYSLIP,FORECAST,PUBLIC_SYNTHETIC_PLANNING_MODEL,2026-09-06T00:00:00-07:00
base,ARU_GROUP,2027,3,PAYROLL-base-202703-BST,base-ARU_GROUP-2027-000402,WAGE-base-base-ARU_GROUP-2027-000402,BST,WAGE-base-base-ARU_GROUP-2027-000402-EMP-008,EMP-008,,Operations and Dispatch Manager,1,1,14366,14366,MODELED_CENSUS_ROLE_ALLOCATION_NOT_INDIVIDUAL_PAYSLIP,FORECAST,PUBLIC_SYNTHETIC_PLANNING_MODEL,2026-09-06T00:00:00-07:00
base,ARU_GROUP,2027,3,PAYROLL-base-202703-BST,base-ARU_GROUP-2027-000402,WAGE-base-base-ARU_GROUP-2027-000402,BST,WAGE-base-base-ARU_GROUP-2027-000402-EMP-009,EMP-009,,Working MOW Foreman,1,1,11493,11493,MODELED_CENSUS_ROLE_ALLOCATION_NOT_INDIVIDUAL_PAYSLIP,FORECAST,PUBLIC_SYNTHETIC_PLANNING_MODEL,2026-09-06T00:00:00-07:00
base,ARU_GROUP,2027,3,PAYROLL-base-202703-BST,base-ARU_GROUP-2027-000402,WAGE-base-base-ARU_GROUP-2027-000402,BST,WAGE-base-base-ARU_GROUP-2027-000402-EMP-010,EMP-010,,Mechanical Foreman,1,1,12642,12642,MODELED_CENSUS_ROLE_ALLOCATION_NOT_INDIVIDUAL_PAYSLIP,FORECAST,PUBLIC_SYNTHETIC_PLANNING_MODEL,2026-09-06T00:00:00-07:00
base,ARU_GROUP,2027,3,PAYROLL-base-202703-BST,base-ARU_GROUP-2027-000402,WAGE-base-base-ARU_GROUP-2027-000402,BST,WAGE-base-base-ARU_GROUP-2027-000402-EMP-011,EMP-011,,Safety and Compliance Manager,1,1,12067,12067,MODELED_CENSUS_ROLE_ALLOCATION_NOT_INDIVIDUAL_PAYSLIP,FORECAST,PUBLIC_SYNTHETIC_PLANNING_MODEL,2026-09-06T00:00:00-07:00
base,ARU_GROUP,2027,3,PAYROLL-base-202703-BST,base-ARU_GROUP-2027-000402,WAGE-base-base-ARU_GROUP-2027-000402,BST,WAGE-base-base-ARU_GROUP-2027-000402-EMP-019,EMP-019,,Train Engine employee,1,1,8390,8390,MODELED_CENSUS_ROLE_ALLOCATION_NOT_INDIVIDUAL_PAYSLIP,FORECAST,PUBLIC_SYNTHETIC_PLANNING_MODEL,2026-09-06T00:00:00-07:00
base,ARU_GROUP,2027,3,PAYROLL-base-202703-BST,base-ARU_GROUP-2027-000402,WAGE-base-base-ARU_GROUP-2027-000402,BST,WAGE-base-base-ARU_GROUP-2027-000402-EMP-020,EMP-020,,Train Engine employee,1,1,8390,8390,MODELED_CENSUS_ROLE_ALLOCATION_NOT_INDIVIDUAL_PAYSLIP,FORECAST,PUBLIC_SYNTHETIC_PLANNING_MODEL,2026-09-06T00:00:00-07:00
base,ARU_GROUP,2027,3,PAYROLL-base-202703-BST,base-ARU_GROUP-2027-000402,WAGE-base-base-ARU_GROUP-2027-000402,BST,WAGE-base-base-ARU_GROUP-2027-000402-EMP-021,EMP-021,,Train Engine employee,1,1,8390,8390,MODELED_CENSUS_ROLE_ALLOCATION_NOT_INDIVIDUAL_PAYSLIP,FORECAST,PUBLIC_SYNTHETIC_PLANNING_MODEL,2026-09-06T00:00:00-07:00
base,ARU_GROUP,2027,3,PAYROLL-base-202703-BST,base-ARU_GROUP-2027-000402,WAGE-base-base-ARU_GROUP-2027-000402,BST,WAGE-base-base-ARU_GROUP-2027-000402-EMP-022,EMP-022,,Train Engine employee,1,1,8390,8390,MODELED_CENSUS_ROLE_ALLOCATION_NOT_INDIVIDUAL_PAYSLIP,FORECAST,PUBLIC_SYNTHETIC_PLANNING_MODEL,2026-09-06T00:00:00-07:00
base,ARU_GROUP,2027,3,PAYROLL-base-202703-BST,base-ARU_GROUP-2027-000402,WAGE-base-base-ARU_GROUP-2027-000402,BST,WAGE-base-base-ARU_GROUP-2027-000402-EMP-023,EMP-023,,Train Engine employee,1,1,8390,8390,MODELED_CENSUS_ROLE_ALLOCATION_NOT_INDIVIDUAL_PAYSLIP,FORECAST,PUBLIC_SYNTHETIC_PLANNING_MODEL,2026-09-06T00:00:00-07:00
base,ARU_GROUP,2027,3,PAYROLL-base-202703-BST,base-ARU_GROUP-2027-000402,WAGE-base-base-ARU_GROUP-2027-000402,BST,WAGE-base-base-ARU_GROUP-2027-000402-EMP-024,EMP-024,,Train Engine employee,1,1,8390,8390,MODELED_CENSUS_ROLE_ALLOCATION_NOT_INDIVIDUAL_PAYSLIP,FORECAST,PUBLIC_SYNTHETIC_PLANNING_MODEL,2026-09-06T00:00:00-07:00
base,ARU_GROUP,2027,3,PAYROLL-base-202703-BST,base-ARU_GROUP-2027-000402,WAGE-base-base-ARU_GROUP-2027-000402,BST,WAGE-base-base-ARU_GROUP-2027-000402-EMP-025,EMP-025,,Train Engine employee,1,1,8390,8390,MODELED_CENSUS_ROLE_ALLOCATION_NOT_INDIVIDUAL_PAYSLIP,FORECAST,PUBLIC_SYNTHETIC_PLANNING_MODEL,2026-09-06T00:00:00-07:00
base,ARU_GROUP,2027,3,PAYROLL-base-202703-BST,base-ARU_GROUP-2027-000402,WAGE-base-base-ARU_GROUP-2027-000402,BST,WAGE-base-base-ARU_GROUP-2027-000402-EMP-026,EMP-026,,Train Engine employee,1,1,8390,8390,MODELED_CENSUS_ROLE_ALLOCATION_NOT_INDIVIDUAL_PAYSLIP,FORECAST,PUBLIC_SYNTHETIC_PLANNING_MODEL,2026-09-06T00:00:00-07:00
base,ARU_GROUP,2027,3,PAYROLL-base-202703-BST,base-ARU_GROUP-2027-000402,WAGE-base-base-ARU_GROUP-2027-000402,BST,WAGE-base-base-ARU_GROUP-2027-000402-EMP-027,EMP-027,,Train Engine employee,1,1,8390,8390,MODELED_CENSUS_ROLE_ALLOCATION_NOT_INDIVIDUAL_PAYSLIP,FORECAST,PUBLIC_SYNTHETIC_PLANNING_MODEL,2026-09-06T00:00:00-07:00
base,ARU_GROUP,2027,3,PAYROLL-base-202703-BST,base-ARU_GROUP-2027-000402,WAGE-base-base-ARU_GROUP-2027-000402,BST,WAGE-base-base-ARU_GROUP-2027-000402-EMP-028,EMP-028,,Train Engine employee,1,1,8390,8390,MODELED_CENSUS_ROLE_ALLOCATION_NOT_INDIVIDUAL_PAYSLIP,FORECAST,PUBLIC_SYNTHETIC_PLANNING_MODEL,2026-09-06T00:00:00-07:00
base,ARU_GROUP,2027,3,PAYROLL-base-202703-BST,base-ARU_GROUP-2027-000402,WAGE-base-base-ARU_GROUP-2027-000402,BST,WAGE-base-base-ARU_GROUP-2027-000402-EMP-029,EMP-029,,Train Engine employee,1,1,8390,8390,MODELED_CENSUS_ROLE_ALLOCATION_NOT_INDIVIDUAL_PAYSLIP,FORECAST,PUBLIC_SYNTHETIC_PLANNING_MODEL,2026-09-06T00:00:00-07:00
base,ARU_GROUP,2027,3,PAYROLL-base-202703-BST,base-ARU_GROUP-2027-000402,WAGE-base-base-ARU_GROUP-2027-000402,BST,WAGE-base-base-ARU_GROUP-2027-000402-EMP-030,EMP-030,,Train Engine employee,1,1,8390,8390,MODELED_CENSUS_ROLE_ALLOCATION_NOT_INDIVIDUAL_PAYSLIP,FORECAST,PUBLIC_SYNTHETIC_PLANNING_MODEL,2026-09-06T00:00:00-07:00
base,ARU_GROUP,2027,3,PAYROLL-base-202703-BST,base-ARU_GROUP-2027-000402,WAGE-base-base-ARU_GROUP-2027-000402,BST,WAGE-base-base-ARU_GROUP-2027-000402-EMP-031,EMP-031,,Train Engine employee,1,1,8390,8390,MODELED_CENSUS_ROLE_ALLOCATION_NOT_INDIVIDUAL_PAYSLIP,FORECAST,PUBLIC_SYNTHETIC_PLANNING_MODEL,2026-09-06T00:00:00-07:00
base,ARU_GROUP,2027,3,PAYROLL-base-202703-BST,base-ARU_GROUP-2027-000402,WAGE-base-base-ARU_GROUP-2027-000402,BST,WAGE-base-base-ARU_GROUP-2027-000402-EMP-032,EMP-032,,Train Engine employee,1,1,8390,8390,MODELED_CENSUS_ROLE_ALLOCATION_NOT_INDIVIDUAL_PAYSLIP,FORECAST,PUBLIC_SYNTHETIC_PLANNING_MODEL,2026-09-06T00:00:00-07:00
base,ARU_GROUP,2027,3,PAYROLL-base-202703-BST,base-ARU_GROUP-2027-000402,WAGE-base-base-ARU_GROUP-2027-000402,BST,WAGE-base-base-ARU_GROUP-2027-000402-EMP-033,EMP-033,,Train Engine employee,1,1,8390,8390,MODELED_CENSUS_ROLE_ALLOCATION_NOT_INDIVIDUAL_PAYSLIP,FORECAST,PUBLIC_SYNTHETIC_PLANNING_MODEL,2026-09-06T00:00:00-07:00
base,ARU_GROUP,2027,3,PAYROLL-base-202703-BST,base-ARU_GROUP-2027-000402,WAGE-base-base-ARU_GROUP-2027-000402,BST,WAGE-base-base-ARU_GROUP-2027-000402-EMP-034,EMP-034,,Train Engine employee,1,1,8390,8390,MODELED_CENSUS_ROLE_ALLOCATION_NOT_INDIVIDUAL_PAYSLIP,FORECAST,PUBLIC_SYNTHETIC_PLANNING_MODEL,2026-09-06T00:00:00-07:00
base,ARU_GROUP,2027,3,PAYROLL-base-202703-BST,base-ARU_GROUP-2027-000402,WAGE-base-base-ARU_GROUP-2027-000402,BST,WAGE-base-base-ARU_GROUP-2027-000402-EMP-035,EMP-035,,Train Engine employee,1,1,8390,8390,MODELED_CENSUS_ROLE_ALLOCATION_NOT_INDIVIDUAL_PAYSLIP,FORECAST,PUBLIC_SYNTHETIC_PLANNING_MODEL,2026-09-06T00:00:00-07:00
base,ARU_GROUP,2027,3,PAYROLL-base-202703-BST,base-ARU_GROUP-2027-000402,WAGE-base-base-ARU_GROUP-2027-000402,BST,WAGE-base-base-ARU_GROUP-2027-000402-EMP-036,EMP-036,,Train Engine employee,1,1,8390,8390,MODELED_CENSUS_ROLE_ALLOCATION_NOT_INDIVIDUAL_PAYSLIP,FORECAST,PUBLIC_SYNTHETIC_PLANNING_MODEL,2026-09-06T00:00:00-07:00
base,ARU_GROUP,2027,3,PAYROLL-base-202703-BST,base-ARU_GROUP-2027-000402,WAGE-base-base-ARU_GROUP-2027-000402,BST,WAGE-base-base-ARU_GROUP-2027-000402-EMP-037,EMP-037,,Train Engine employee,1,1,8390,8390,MODELED_CENSUS_ROLE_ALLOCATION_NOT_INDIVIDUAL_PAYSLIP,FORECAST,PUBLIC_SYNTHETIC_PLANNING_MODEL,2026-09-06T00:00:00-07:00
base,ARU_GROUP,2027,3,PAYROLL-base-202703-BST,base-ARU_GROUP-2027-000402,WAGE-base-base-ARU_GROUP-2027-000402,BST,WAGE-base-base-ARU_GROUP-2027-000402-EMP-038,EMP-038,,Train Engine employee,1,1,8390,8390,MODELED_CENSUS_ROLE_ALLOCATION_NOT_INDIVIDUAL_PAYSLIP,FORECAST,PUBLIC_SYNTHETIC_PLANNING_MODEL,2026-09-06T00:00:00-07:00
base,ARU_GROUP,2027,3,PAYROLL-base-202703-BST,base-ARU_GROUP-2027-000402,WAGE-base-base-ARU_GROUP-2027-000402,BST,WAGE-base-base-ARU_GROUP-2027-000402-EMP-039,EMP-039,,Train Engine employee,1,1,8390,8390,MODELED_CENSUS_ROLE_ALLOCATION_NOT_INDIVIDUAL_PAYSLIP,FORECAST,PUBLIC_SYNTHETIC_PLANNING_MODEL,2026-09-06T00:00:00-07:00
base,ARU_GROUP,2027,3,PAYROLL-base-202703-BST,base-ARU_GROUP-2027-000402,WAGE-base-base-ARU_GROUP-2027-000402,BST,WAGE-base-base-ARU_GROUP-2027-000402-EMP-040,EMP-040,,Train Engine employee,1,1,8390,8390,MODELED_CENSUS_ROLE_ALLOCATION_NOT_INDIVIDUAL_PAYSLIP,FORECAST,PUBLIC_SYNTHETIC_PLANNING_MODEL,2026-09-06T00:00:00-07:00
base,ARU_GROUP,2027,3,PAYROLL-base-202703-BST,base-ARU_GROUP-2027-000402,WAGE-base-base-ARU_GROUP-2027-000402,BST,WAGE-base-base-ARU_GROUP-2027-000402-EMP-041,EMP-041,,Mow employee,1,1,8045,8045,MODELED_CENSUS_ROLE_ALLOCATION_NOT_INDIVIDUAL_PAYSLIP,FORECAST,PUBLIC_SYNTHETIC_PLANNING_MODEL,2026-09-06T00:00:00-07:00
base,ARU_GROUP,2027,3,PAYROLL-base-202703-BST,base-ARU_GROUP-2027-000402,WAGE-base-base-ARU_GROUP-2027-000402,BST,WAGE-base-base-ARU_GROUP-2027-000402-EMP-042,EMP-042,,Mow employee,1,1,8045,8045,MODELED_CENSUS_ROLE_ALLOCATION_NOT_INDIVIDUAL_PAYSLIP,FORECAST,PUBLIC_SYNTHETIC_PLANNING_MODEL,2026-09-06T00:00:00-07:00
base,ARU_GROUP,2027,3,PAYROLL-base-202703-BST,base-ARU_GROUP-2027-000402,WAGE-base-base-ARU_GROUP-2027-000402,BST,WAGE-base-base-ARU_GROUP-2027-000402-EMP-043,EMP-043,,Mow employee,1,1,8045,8045,MODELED_CENSUS_ROLE_ALLOCATION_NOT_INDIVIDUAL_PAYSLIP,FORECAST,PUBLIC_SYNTHETIC_PLANNING_MODEL,2026-09-06T00:00:00-07:00
base,ARU_GROUP,2027,3,PAYROLL-base-202703-BST,base-ARU_GROUP-2027-000402,WAGE-base-base-ARU_GROUP-2027-000402,BST,WAGE-base-base-ARU_GROUP-2027-000402-EMP-044,EMP-044,,Mow employee,1,1,8045,8045,MODELED_CENSUS_ROLE_ALLOCATION_NOT_INDIVIDUAL_PAYSLIP,FORECAST,PUBLIC_SYNTHETIC_PLANNING_MODEL,2026-09-06T00:00:00-07:00
base,ARU_GROUP,2027,3,PAYROLL-base-202703-BST,base-ARU_GROUP-2027-000402,WAGE-base-base-ARU_GROUP-2027-000402,BST,WAGE-base-base-ARU_GROUP-2027-000402-EMP-045,EMP-045,,Mow employee,1,1,8045,8045,MODELED_CENSUS_ROLE_ALLOCATION_NOT_INDIVIDUAL_PAYSLIP,FORECAST,PUBLIC_SYNTHETIC_PLANNING_MODEL,2026-09-06T00:00:00-07:00
base,ARU_GROUP,2027,3,PAYROLL-base-202703-BST,base-ARU_GROUP-2027-000402,WAGE-base-base-ARU_GROUP-2027-000402,BST,WAGE-base-base-ARU_GROUP-2027-000402-EMP-046,EMP-046,,Mow employee,1,1,8045,8045,MODELED_CENSUS_ROLE_ALLOCATION_NOT_INDIVIDUAL_PAYSLIP,FORECAST,PUBLIC_SYNTHETIC_PLANNING_MODEL,2026-09-06T00:00:00-07:00
base,ARU_GROUP,2027,3,PAYROLL-base-202703-BST,base-ARU_GROUP-2027-000402,WAGE-base-base-ARU_GROUP-2027-000402,BST,WAGE-base-base-ARU_GROUP-2027-000402-EMP-047,EMP-047,,Mow employee,1,1,8045,8045,MODELED_CENSUS_ROLE_ALLOCATION_NOT_INDIVIDUAL_PAYSLIP,FORECAST,PUBLIC_SYNTHETIC_PLANNING_MODEL,2026-09-06T00:00:00-07:00
base,ARU_GROUP,2027,3,PAYROLL-base-202703-BST,base-ARU_GROUP-2027-000402,WAGE-base-base-ARU_GROUP-2027-000402,BST,WAGE-base-base-ARU_GROUP-2027-000402-EMP-048,EMP-048,,Mow employee,1,1,8045,8045,MODELED_CENSUS_ROLE_ALLOCATION_NOT_INDIVIDUAL_PAYSLIP,FORECAST,PUBLIC_SYNTHETIC_PLANNING_MODEL,2026-09-06T00:00:00-07:00
base,ARU_GROUP,2027,3,PAYROLL-base-202703-BST,base-ARU_GROUP-2027-000402,WAGE-base-base-ARU_GROUP-2027-000402,BST,WAGE-base-base-ARU_GROUP-2027-000402-EMP-049,EMP-049,,Mow employee,1,1,8045,8045,MODELED_CENSUS_ROLE_ALLOCATION_NOT_INDIVIDUAL_PAYSLIP,FORECAST,PUBLIC_SYNTHETIC_PLANNING_MODEL,2026-09-06T00:00:00-07:00
base,ARU_GROUP,2027,3,PAYROLL-base-202703-BST,base-ARU_GROUP-2027-000402,WAGE-base-base-ARU_GROUP-2027-000402,BST,WAGE-base-base-ARU_GROUP-2027-000402-EMP-050,EMP-050,,Mechanical employee,1,1,8620,8620,MODELED_CENSUS_ROLE_ALLOCATION_NOT_INDIVIDUAL_PAYSLIP,FORECAST,PUBLIC_SYNTHETIC_PLANNING_MODEL,2026-09-06T00:00:00-07:00
base,ARU_GROUP,2027,3,PAYROLL-base-202703-BST,base-ARU_GROUP-2027-000402,WAGE-base-base-ARU_GROUP-2027-000402,BST,WAGE-base-base-ARU_GROUP-2027-000402-EMP-051,EMP-051,,Mechanical employee,1,1,8620,8620,MODELED_CENSUS_ROLE_ALLOCATION_NOT_INDIVIDUAL_PAYSLIP,FORECAST,PUBLIC_SYNTHETIC_PLANNING_MODEL,2026-09-06T00:00:00-07:00
base,ARU_GROUP,2027,3,PAYROLL-base-202703-BST,base-ARU_GROUP-2027-000402,WAGE-base-base-ARU_GROUP-2027-000402,BST,WAGE-base-base-ARU_GROUP-2027-000402-EMP-052,EMP-052,,Mechanical employee,1,1,8620,8620,MODELED_CENSUS_ROLE_ALLOCATION_NOT_INDIVIDUAL_PAYSLIP,FORECAST,PUBLIC_SYNTHETIC_PLANNING_MODEL,2026-09-06T00:00:00-07:00
base,ARU_GROUP,2027,3,PAYROLL-base-202703-BST,base-ARU_GROUP-2027-000402,WAGE-base-base-ARU_GROUP-2027-000402,BST,WAGE-base-base-ARU_GROUP-2027-000402-EMP-053,EMP-053,,Mechanical employee,1,1,8620,8620,MODELED_CENSUS_ROLE_ALLOCATION_NOT_INDIVIDUAL_PAYSLIP,FORECAST,PUBLIC_SYNTHETIC_PLANNING_MODEL,2026-09-06T00:00:00-07:00
base,ARU_GROUP,2027,3,PAYROLL-base-202703-BST,base-ARU_GROUP-2027-000402,WAGE-base-base-ARU_GROUP-2027-000402,BST,WAGE-base-base-ARU_GROUP-2027-000402-EMP-054,EMP-054,,Mechanical employee,1,1,8620,8620,MODELED_CENSUS_ROLE_ALLOCATION_NOT_INDIVIDUAL_PAYSLIP,FORECAST,PUBLIC_SYNTHETIC_PLANNING_MODEL,2026-09-06T00:00:00-07:00
base,ARU_GROUP,2027,3,PAYROLL-base-202703-BST,base-ARU_GROUP-2027-000402,WAGE-base-base-ARU_GROUP-2027-000402,BST,WAGE-base-base-ARU_GROUP-2027-000402-EMP-055,EMP-055,,Mechanical employee,1,1,8620,8620,MODELED_CENSUS_ROLE_ALLOCATION_NOT_INDIVIDUAL_PAYSLIP,FORECAST,PUBLIC_SYNTHETIC_PLANNING_MODEL,2026-09-06T00:00:00-07:00
base,ARU_GROUP,2027,3,PAYROLL-base-202703-BST,base-ARU_GROUP-2027-000402,WAGE-base-base-ARU_GROUP-2027-000402,BST,WAGE-base-base-ARU_GROUP-2027-000402-EMP-056,EMP-056,,Mechanical employee,1,1,8620,8620,MODELED_CENSUS_ROLE_ALLOCATION_NOT_INDIVIDUAL_PAYSLIP,FORECAST,PUBLIC_SYNTHETIC_PLANNING_MODEL,2026-09-06T00:00:00-07:00
base,ARU_GROUP,2027,3,PAYROLL-base-202703-BST,base-ARU_GROUP-2027-000402,WAGE-base-base-ARU_GROUP-2027-000402,BST,WAGE-base-base-ARU_GROUP-2027-000402-EMP-057,EMP-057,,Operations employee,1,1,8045,8045,MODELED_CENSUS_ROLE_ALLOCATION_NOT_INDIVIDUAL_PAYSLIP,FORECAST,PUBLIC_SYNTHETIC_PLANNING_MODEL,2026-09-06T00:00:00-07:00
base,ARU_GROUP,2027,3,PAYROLL-base-202703-BST,base-ARU_GROUP-2027-000402,WAGE-base-base-ARU_GROUP-2027-000402,BST,WAGE-base-base-ARU_GROUP-2027-000402-EMP-058,EMP-058,,Operations employee,1,1,8045,8045,MODELED_CENSUS_ROLE_ALLOCATION_NOT_INDIVIDUAL_PAYSLIP,FORECAST,PUBLIC_SYNTHETIC_PLANNING_MODEL,2026-09-06T00:00:00-07:00
base,ARU_GROUP,2027,3,PAYROLL-base-202703-BST,base-ARU_GROUP-2027-000402,WAGE-base-base-ARU_GROUP-2027-000402,BST,WAGE-base-base-ARU_GROUP-2027-000402-EMP-059,EMP-059,,Operations employee,1,1,8045,8045,MODELED_CENSUS_ROLE_ALLOCATION_NOT_INDIVIDUAL_PAYSLIP,FORECAST,PUBLIC_SYNTHETIC_PLANNING_MODEL,2026-09-06T00:00:00-07:00
base,ARU_GROUP,2027,3,PAYROLL-base-202703-BST,base-ARU_GROUP-2027-000402,WAGE-base-base-ARU_GROUP-2027-000402,BST,WAGE-base-base-ARU_GROUP-2027-000402-EMP-060,EMP-060,,Operations employee,1,1,8045,8045,MODELED_CENSUS_ROLE_ALLOCATION_NOT_INDIVIDUAL_PAYSLIP,FORECAST,PUBLIC_SYNTHETIC_PLANNING_MODEL,2026-09-06T00:00:00-07:00
base,ARU_GROUP,2027,3,PAYROLL-base-202703-BST,base-ARU_GROUP-2027-000402,WAGE-base-base-ARU_GROUP-2027-000402,BST,WAGE-base-base-ARU_GROUP-2027-000402-EMP-061,EMP-061,,Operations employee,1,1,8045,8045,MODELED_CENSUS_ROLE_ALLOCATION_NOT_INDIVIDUAL_PAYSLIP,FORECAST,PUBLIC_SYNTHETIC_PLANNING_MODEL,2026-09-06T00:00:00-07:00
base,ARU_GROUP,2027,3,PAYROLL-base-202703-BST,base-ARU_GROUP-2027-000402,WAGE-base-base-ARU_GROUP-2027-000402,BST,WAGE-base-base-ARU_GROUP-2027-000402-EMP-062,EMP-062,,Safety employee,1,1,8620,8620,MODELED_CENSUS_ROLE_ALLOCATION_NOT_INDIVIDUAL_PAYSLIP,FORECAST,PUBLIC_SYNTHETIC_PLANNING_MODEL,2026-09-06T00:00:00-07:00
base,ARU_GROUP,2027,3,PAYROLL-base-202703-BST,base-ARU_GROUP-2027-000402,WAGE-base-base-ARU_GROUP-2027-000402,BST,WAGE-base-base-ARU_GROUP-2027-000402-EMP-063,EMP-063,,Safety employee,1,1,8620,8620,MODELED_CENSUS_ROLE_ALLOCATION_NOT_INDIVIDUAL_PAYSLIP,FORECAST,PUBLIC_SYNTHETIC_PLANNING_MODEL,2026-09-06T00:00:00-07:00
base,ARU_GROUP,2027,3,PAYROLL-base-202703-BST,base-ARU_GROUP-2027-000402,WAGE-base-base-ARU_GROUP-2027-000402,BST,WAGE-base-base-ARU_GROUP-2027-000402-EMP-064,EMP-064,,Management employee,1,1,8620,8620,MODELED_CENSUS_ROLE_ALLOCATION_NOT_INDIVIDUAL_PAYSLIP,FORECAST,PUBLIC_SYNTHETIC_PLANNING_MODEL,2026-09-06T00:00:00-07:00
base,ARU_GROUP,2027,3,PAYROLL-base-202703-BST,base-ARU_GROUP-2027-000402,WAGE-base-base-ARU_GROUP-2027-000402,BST,WAGE-base-base-ARU_GROUP-2027-000402-EMP-065,EMP-065,,Management employee,1,1,8620,8620,MODELED_CENSUS_ROLE_ALLOCATION_NOT_INDIVIDUAL_PAYSLIP,FORECAST,PUBLIC_SYNTHETIC_PLANNING_MODEL,2026-09-06T00:00:00-07:00
base,ARU_GROUP,2027,3,PAYROLL-base-202703-BST,base-ARU_GROUP-2027-000402,WAGE-base-base-ARU_GROUP-2027-000402,BST,WAGE-base-base-ARU_GROUP-2027-000402-EMP-066,EMP-066,,Management employee,1,1,8620,8620,MODELED_CENSUS_ROLE_ALLOCATION_NOT_INDIVIDUAL_PAYSLIP,FORECAST,PUBLIC_SYNTHETIC_PLANNING_MODEL,2026-09-06T00:00:00-07:00
base,ARU_GROUP,2027,3,PAYROLL-base-202703-BST,base-ARU_GROUP-2027-000402,WAGE-base-base-ARU_GROUP-2027-000402,BST,WAGE-base-base-ARU_GROUP-2027-000402-EMP-067,EMP-067,,Management employee,1,1,8620,8620,MODELED_CENSUS_ROLE_ALLOCATION_NOT_INDIVIDUAL_PAYSLIP,FORECAST,PUBLIC_SYNTHETIC_PLANNING_MODEL,2026-09-06T00:00:00-07:00
base,ARU_GROUP,2027,3,PAYROLL-base-202703-BST,base-ARU_GROUP-2027-000402,WAGE-base-base-ARU_GROUP-2027-000402,BST,WAGE-base-base-ARU_GROUP-2027-000402-EMP-068,EMP-068,,Management employee,1,1,8620,8620,MODELED_CENSUS_ROLE_ALLOCATION_NOT_INDIVIDUAL_PAYSLIP,FORECAST,PUBLIC_SYNTHETIC_PLANNING_MODEL,2026-09-06T00:00:00-07:00
base,ARU_GROUP,2027,3,PAYROLL-base-202703-BST,base-ARU_GROUP-2027-000402,WAGE-base-base-ARU_GROUP-2027-000402,BST,WAGE-base-base-ARU_GROUP-2027-000402-EMP-069,EMP-069,,Management employee,1,1,8620,8620,MODELED_CENSUS_ROLE_ALLOCATION_NOT_INDIVIDUAL_PAYSLIP,FORECAST,PUBLIC_SYNTHETIC_PLANNING_MODEL,2026-09-06T00:00:00-07:00
base,ARU_GROUP,2027,3,PAYROLL-base-202703-BST,base-ARU_GROUP-2027-000402,WAGE-base-base-ARU_GROUP-2027-000402,BST,WAGE-base-base-ARU_GROUP-2027-000402-EMP-070,EMP-070,,Management employee,1,1,8620,8620,MODELED_CENSUS_ROLE_ALLOCATION_NOT_INDIVIDUAL_PAYSLIP,FORECAST,PUBLIC_SYNTHETIC_PLANNING_MODEL,2026-09-06T00:00:00-07:00
base,ARU_GROUP,2027,3,PAYROLL-base-202703-BST,base-ARU_GROUP-2027-000402,WAGE-base-base-ARU_GROUP-2027-000402,BST,WAGE-base-base-ARU_GROUP-2027-000402-EMP-071,EMP-071,,Management employee,1,1,8619,8619,MODELED_CENSUS_ROLE_ALLOCATION_NOT_INDIVIDUAL_PAYSLIP,FORECAST,PUBLIC_SYNTHETIC_PLANNING_MODEL,2026-09-06T00:00:00-07:00
base,ARU_GROUP,2027,3,PAYROLL-base-202703-TERMINALS,base-ARU_GROUP-2027-000409,WAGE-base-base-ARU_GROUP-2027-000409,TERMINALS,WAGE-base-base-ARU_GROUP-2027-000409-EMP-012,EMP-012,,Terminal Manager,1,1,15515,15515,MODELED_CENSUS_ROLE_ALLOCATION_NOT_INDIVIDUAL_PAYSLIP,FORECAST,PUBLIC_SYNTHETIC_PLANNING_MODEL,2026-09-06T00:00:00-07:00
base,ARU_GROUP,2027,3,PAYROLL-base-202703-TERMINALS,base-ARU_GROUP-2027-000409,WAGE-base-base-ARU_GROUP-2027-000409,TERMINALS,WAGE-base-base-ARU_GROUP-2027-000409-EMP-072,EMP-072,,Terminal employee,1,1,7126,7126,MODELED_CENSUS_ROLE_ALLOCATION_NOT_INDIVIDUAL_PAYSLIP,FORECAST,PUBLIC_SYNTHETIC_PLANNING_MODEL,2026-09-06T00:00:00-07:00
base,ARU_GROUP,2027,3,PAYROLL-base-202703-TERMINALS,base-ARU_GROUP-2027-000409,WAGE-base-base-ARU_GROUP-2027-000409,TERMINALS,WAGE-base-base-ARU_GROUP-2027-000409-EMP-073,EMP-073,,Terminal employee,1,1,7126,7126,MODELED_CENSUS_ROLE_ALLOCATION_NOT_INDIVIDUAL_PAYSLIP,FORECAST,PUBLIC_SYNTHETIC_PLANNING_MODEL,2026-09-06T00:00:00-07:00
base,ARU_GROUP,2027,3,PAYROLL-base-202703-TERMINALS,base-ARU_GROUP-2027-000409,WAGE-base-base-ARU_GROUP-2027-000409,TERMINALS,WAGE-base-base-ARU_GROUP-2027-000409-EMP-074,EMP-074,,Terminal employee,1,1,7126,7126,MODELED_CENSUS_ROLE_ALLOCATION_NOT_INDIVIDUAL_PAYSLIP,FORECAST,PUBLIC_SYNTHETIC_PLANNING_MODEL,2026-09-06T00:00:00-07:00
base,ARU_GROUP,2027,3,PAYROLL-base-202703-TERMINALS,base-ARU_GROUP-2027-000409,WAGE-base-base-ARU_GROUP-2027-000409,TERMINALS,WAGE-base-base-ARU_GROUP-2027-000409-EMP-075,EMP-075,,Terminal employee,1,1,7126,7126,MODELED_CENSUS_ROLE_ALLOCATION_NOT_INDIVIDUAL_PAYSLIP,FORECAST,PUBLIC_SYNTHETIC_PLANNING_MODEL,2026-09-06T00:00:00-07:00
base,ARU_GROUP,2027,3,PAYROLL-base-202703-TERMINALS,base-ARU_GROUP-2027-000409,WAGE-base-base-ARU_GROUP-2027-000409,TERMINALS,WAGE-base-base-ARU_GROUP-2027-000409-EMP-076,EMP-076,,Terminal employee,1,1,7126,7126,MODELED_CENSUS_ROLE_ALLOCATION_NOT_INDIVIDUAL_PAYSLIP,FORECAST,PUBLIC_SYNTHETIC_PLANNING_MODEL,2026-09-06T00:00:00-07:00
base,ARU_GROUP,2027,3,PAYROLL-base-202703-TERMINALS,base-ARU_GROUP-2027-000409,WAGE-base-base-ARU_GROUP-2027-000409,TERMINALS,WAGE-base-base-ARU_GROUP-2027-000409-EMP-077,EMP-077,,Terminal employee,1,1,7126,7126,MODELED_CENSUS_ROLE_ALLOCATION_NOT_INDIVIDUAL_PAYSLIP,FORECAST,PUBLIC_SYNTHETIC_PLANNING_MODEL,2026-09-06T00:00:00-07:00
base,ARU_GROUP,2027,3,PAYROLL-base-202703-TERMINALS,base-ARU_GROUP-2027-000409,WAGE-base-base-ARU_GROUP-2027-000409,TERMINALS,WAGE-base-base-ARU_GROUP-2027-000409-EMP-078,EMP-078,,Terminal employee,1,1,7126,7126,MODELED_CENSUS_ROLE_ALLOCATION_NOT_INDIVIDUAL_PAYSLIP,FORECAST,PUBLIC_SYNTHETIC_PLANNING_MODEL,2026-09-06T00:00:00-07:00
base,ARU_GROUP,2027,3,PAYROLL-base-202703-TERMINALS,base-ARU_GROUP-2027-000409,WAGE-base-base-ARU_GROUP-2027-000409,TERMINALS,WAGE-base-base-ARU_GROUP-2027-000409-EMP-079,EMP-079,,Terminal employee,1,1,7126,7126,MODELED_CENSUS_ROLE_ALLOCATION_NOT_INDIVIDUAL_PAYSLIP,FORECAST,PUBLIC_SYNTHETIC_PLANNING_MODEL,2026-09-06T00:00:00-07:00
base,ARU_GROUP,2027,3,PAYROLL-base-202703-TERMINALS,base-ARU_GROUP-2027-000409,WAGE-base-base-ARU_GROUP-2027-000409,TERMINALS,WAGE-base-base-ARU_GROUP-2027-000409-EMP-080,EMP-080,,Terminal employee,1,1,7126,7126,MODELED_CENSUS_ROLE_ALLOCATION_NOT_INDIVIDUAL_PAYSLIP,FORECAST,PUBLIC_SYNTHETIC_PLANNING_MODEL,2026-09-06T00:00:00-07:00
base,ARU_GROUP,2027,3,PAYROLL-base-202703-TERMINALS,base-ARU_GROUP-2027-000409,WAGE-base-base-ARU_GROUP-2027-000409,TERMINALS,WAGE-base-base-ARU_GROUP-2027-000409-EMP-081,EMP-081,,Terminal employee,1,1,7126,7126,MODELED_CENSUS_ROLE_ALLOCATION_NOT_INDIVIDUAL_PAYSLIP,FORECAST,PUBLIC_SYNTHETIC_PLANNING_MODEL,2026-09-06T00:00:00-07:00
base,ARU_GROUP,2027,3,PAYROLL-base-202703-TERMINALS,base-ARU_GROUP-2027-000409,WAGE-base-base-ARU_GROUP-2027-000409,TERMINALS,WAGE-base-base-ARU_GROUP-2027-000409-EMP-082,EMP-082,,Terminal employee,1,1,7126,7126,MODELED_CENSUS_ROLE_ALLOCATION_NOT_INDIVIDUAL_PAYSLIP,FORECAST,PUBLIC_SYNTHETIC_PLANNING_MODEL,2026-09-06T00:00:00-07:00
base,ARU_GROUP,2027,3,PAYROLL-base-202703-TERMINALS,base-ARU_GROUP-2027-000409,WAGE-base-base-ARU_GROUP-2027-000409,TERMINALS,WAGE-base-base-ARU_GROUP-2027-000409-EMP-083,EMP-083,,Terminal employee,1,1,7126,7126,MODELED_CENSUS_ROLE_ALLOCATION_NOT_INDIVIDUAL_PAYSLIP,FORECAST,PUBLIC_SYNTHETIC_PLANNING_MODEL,2026-09-06T00:00:00-07:00
base,ARU_GROUP,2027,3,PAYROLL-base-202703-TERMINALS,base-ARU_GROUP-2027-000409,WAGE-base-base-ARU_GROUP-2027-000409,TERMINALS,WAGE-base-base-ARU_GROUP-2027-000409-EMP-084,EMP-084,,Terminal employee,1,1,7126,7126,MODELED_CENSUS_ROLE_ALLOCATION_NOT_INDIVIDUAL_PAYSLIP,FORECAST,PUBLIC_SYNTHETIC_PLANNING_MODEL,2026-09-06T00:00:00-07:00
base,ARU_GROUP,2027,3,PAYROLL-base-202703-TERMINALS,base-ARU_GROUP-2027-000409,WAGE-base-base-ARU_GROUP-2027-000409,TERMINALS,WAGE-base-base-ARU_GROUP-2027-000409-EMP-085,EMP-085,,Terminal employee,1,1,7126,7126,MODELED_CENSUS_ROLE_ALLOCATION_NOT_INDIVIDUAL_PAYSLIP,FORECAST,PUBLIC_SYNTHETIC_PLANNING_MODEL,2026-09-06T00:00:00-07:00
base,ARU_GROUP,2027,3,PAYROLL-base-202703-TERMINALS,base-ARU_GROUP-2027-000409,WAGE-base-base-ARU_GROUP-2027-000409,TERMINALS,WAGE-base-base-ARU_GROUP-2027-000409-EMP-086,EMP-086,,Terminal employee,1,1,7126,7126,MODELED_CENSUS_ROLE_ALLOCATION_NOT_INDIVIDUAL_PAYSLIP,FORECAST,PUBLIC_SYNTHETIC_PLANNING_MODEL,2026-09-06T00:00:00-07:00
base,ARU_GROUP,2027,3,PAYROLL-base-202703-TERMINALS,base-ARU_GROUP-2027-000409,WAGE-base-base-ARU_GROUP-2027-000409,TERMINALS,WAGE-base-base-ARU_GROUP-2027-000409-EMP-087,EMP-087,,Terminal employee,1,1,7126,7126,MODELED_CENSUS_ROLE_ALLOCATION_NOT_INDIVIDUAL_PAYSLIP,FORECAST,PUBLIC_SYNTHETIC_PLANNING_MODEL,2026-09-06T00:00:00-07:00
base,ARU_GROUP,2027,3,PAYROLL-base-202703-TERMINALS,base-ARU_GROUP-2027-000409,WAGE-base-base-ARU_GROUP-2027-000409,TERMINALS,WAGE-base-base-ARU_GROUP-2027-000409-EMP-088,EMP-088,,Terminal employee,1,1,7126,7126,MODELED_CENSUS_ROLE_ALLOCATION_NOT_INDIVIDUAL_PAYSLIP,FORECAST,PUBLIC_SYNTHETIC_PLANNING_MODEL,2026-09-06T00:00:00-07:00
base,ARU_GROUP,2027,3,PAYROLL-base-202703-TERMINALS,base-ARU_GROUP-2027-000409,WAGE-base-base-ARU_GROUP-2027-000409,TERMINALS,WAGE-base-base-ARU_GROUP-2027-000409-EMP-089,EMP-089,,Terminal employee,1,1,7126,7126,MODELED_CENSUS_ROLE_ALLOCATION_NOT_INDIVIDUAL_PAYSLIP,FORECAST,PUBLIC_SYNTHETIC_PLANNING_MODEL,2026-09-06T00:00:00-07:00
base,ARU_GROUP,2027,3,PAYROLL-base-202703-TERMINALS,base-ARU_GROUP-2027-000409,WAGE-base-base-ARU_GROUP-2027-000409,TERMINALS,WAGE-base-base-ARU_GROUP-2027-000409-EMP-090,EMP-090,,Terminal employee,1,1,7126,7126,MODELED_CENSUS_ROLE_ALLOCATION_NOT_INDIVIDUAL_PAYSLIP,FORECAST,PUBLIC_SYNTHETIC_PLANNING_MODEL,2026-09-06T00:00:00-07:00
base,ARU_GROUP,2027,3,PAYROLL-base-202703-TERMINALS,base-ARU_GROUP-2027-000409,WAGE-base-base-ARU_GROUP-2027-000409,TERMINALS,WAGE-base-base-ARU_GROUP-2027-000409-EMP-091,EMP-091,,Terminal employee,1,1,7125,7125,MODELED_CENSUS_ROLE_ALLOCATION_NOT_INDIVIDUAL_PAYSLIP,FORECAST,PUBLIC_SYNTHETIC_PLANNING_MODEL,2026-09-06T00:00:00-07:00
base,ARU_GROUP,2027,3,PAYROLL-base-202703-TERMINALS,base-ARU_GROUP-2027-000409,WAGE-base-base-ARU_GROUP-2027-000409,TERMINALS,WAGE-base-base-ARU_GROUP-2027-000409-EMP-092,EMP-092,,Terminal employee,1,1,7125,7125,MODELED_CENSUS_ROLE_ALLOCATION_NOT_INDIVIDUAL_PAYSLIP,FORECAST,PUBLIC_SYNTHETIC_PLANNING_MODEL,2026-09-06T00:00:00-07:00
base,ARU_GROUP,2027,3,PAYROLL-base-202703-TERMINALS,base-ARU_GROUP-2027-000409,WAGE-base-base-ARU_GROUP-2027-000409,TERMINALS,WAGE-base-base-ARU_GROUP-2027-000409-EMP-093,EMP-093,,Terminal employee,1,1,7125,7125,MODELED_CENSUS_ROLE_ALLOCATION_NOT_INDIVIDUAL_PAYSLIP,FORECAST,PUBLIC_SYNTHETIC_PLANNING_MODEL,2026-09-06T00:00:00-07:00
base,ARU_GROUP,2027,3,PAYROLL-base-202703-TERMINALS,base-ARU_GROUP-2027-000409,WAGE-base-base-ARU_GROUP-2027-000409,TERMINALS,WAGE-base-base-ARU_GROUP-2027-000409-EMP-094,EMP-094,,Terminal employee,1,1,7125,7125,MODELED_CENSUS_ROLE_ALLOCATION_NOT_INDIVIDUAL_PAYSLIP,FORECAST,PUBLIC_SYNTHETIC_PLANNING_MODEL,2026-09-06T00:00:00-07:00
base,ARU_GROUP,2027,3,PAYROLL-base-202703-TERMINALS,base-ARU_GROUP-2027-000409,WAGE-base-base-ARU_GROUP-2027-000409,TERMINALS,WAGE-base-base-ARU_GROUP-2027-000409-EMP-095,EMP-095,,Terminal employee,1,1,7125,7125,MODELED_CENSUS_ROLE_ALLOCATION_NOT_INDIVIDUAL_PAYSLIP,FORECAST,PUBLIC_SYNTHETIC_PLANNING_MODEL,2026-09-06T00:00:00-07:00
base,ARU_GROUP,2027,3,PAYROLL-base-202703-TERMINALS,base-ARU_GROUP-2027-000409,WAGE-base-base-ARU_GROUP-2027-000409,TERMINALS,WAGE-base-base-ARU_GROUP-2027-000409-EMP-096,EMP-096,,Terminal employee,1,1,7125,7125,MODELED_CENSUS_ROLE_ALLOCATION_NOT_INDIVIDUAL_PAYSLIP,FORECAST,PUBLIC_SYNTHETIC_PLANNING_MODEL,2026-09-06T00:00:00-07:00
base,ARU_GROUP,2027,3,PAYROLL-base-202703-TERMINALS,base-ARU_GROUP-2027-000409,WAGE-base-base-ARU_GROUP-2027-000409,TERMINALS,WAGE-base-base-ARU_GROUP-2027-000409-EMP-097,EMP-097,,Terminal employee,1,1,7125,7125,MODELED_CENSUS_ROLE_ALLOCATION_NOT_INDIVIDUAL_PAYSLIP,FORECAST,PUBLIC_SYNTHETIC_PLANNING_MODEL,2026-09-06T00:00:00-07:00
base,ARU_GROUP,2027,3,PAYROLL-base-202703-TRUCKING,base-ARU_GROUP-2027-000416,WAGE-base-base-ARU_GROUP-2027-000416,TRUCKING,WAGE-base-base-ARU_GROUP-2027-000416-EMP-013,EMP-013,,Trucking Manager,1,1,14367,14367,MODELED_CENSUS_ROLE_ALLOCATION_NOT_INDIVIDUAL_PAYSLIP,FORECAST,PUBLIC_SYNTHETIC_PLANNING_MODEL,2026-09-06T00:00:00-07:00
base,ARU_GROUP,2027,3,PAYROLL-base-202703-TRUCKING,base-ARU_GROUP-2027-000416,WAGE-base-base-ARU_GROUP-2027-000416,TRUCKING,WAGE-base-base-ARU_GROUP-2027-000416-EMP-098,EMP-098,,Qualified regional industrial driver,1,1,7816,7816,MODELED_CENSUS_ROLE_ALLOCATION_NOT_INDIVIDUAL_PAYSLIP,FORECAST,PUBLIC_SYNTHETIC_PLANNING_MODEL,2026-09-06T00:00:00-07:00
base,ARU_GROUP,2027,3,PAYROLL-base-202703-TRUCKING,base-ARU_GROUP-2027-000416,WAGE-base-base-ARU_GROUP-2027-000416,TRUCKING,WAGE-base-base-ARU_GROUP-2027-000416-EMP-099,EMP-099,,Qualified regional industrial driver,1,1,7816,7816,MODELED_CENSUS_ROLE_ALLOCATION_NOT_INDIVIDUAL_PAYSLIP,FORECAST,PUBLIC_SYNTHETIC_PLANNING_MODEL,2026-09-06T00:00:00-07:00
base,ARU_GROUP,2027,3,PAYROLL-base-202703-TRUCKING,base-ARU_GROUP-2027-000416,WAGE-base-base-ARU_GROUP-2027-000416,TRUCKING,WAGE-base-base-ARU_GROUP-2027-000416-EMP-100,EMP-100,,Qualified regional industrial driver,1,1,7816,7816,MODELED_CENSUS_ROLE_ALLOCATION_NOT_INDIVIDUAL_PAYSLIP,FORECAST,PUBLIC_SYNTHETIC_PLANNING_MODEL,2026-09-06T00:00:00-07:00
base,ARU_GROUP,2027,3,PAYROLL-base-202703-TRUCKING,base-ARU_GROUP-2027-000416,WAGE-base-base-ARU_GROUP-2027-000416,TRUCKING,WAGE-base-base-ARU_GROUP-2027-000416-EMP-101,EMP-101,,Qualified regional industrial driver,1,1,7816,7816,MODELED_CENSUS_ROLE_ALLOCATION_NOT_INDIVIDUAL_PAYSLIP,FORECAST,PUBLIC_SYNTHETIC_PLANNING_MODEL,2026-09-06T00:00:00-07:00
base,ARU_GROUP,2027,3,PAYROLL-base-202703-TRUCKING,base-ARU_GROUP-2027-000416,WAGE-base-base-ARU_GROUP-2027-000416,TRUCKING,WAGE-base-base-ARU_GROUP-2027-000416-EMP-102,EMP-102,,Qualified regional industrial driver,1,1,7816,7816,MODELED_CENSUS_ROLE_ALLOCATION_NOT_INDIVIDUAL_PAYSLIP,FORECAST,PUBLIC_SYNTHETIC_PLANNING_MODEL,2026-09-06T00:00:00-07:00
base,ARU_GROUP,2027,3,PAYROLL-base-202703-TRUCKING,base-ARU_GROUP-2027-000416,WAGE-base-base-ARU_GROUP-2027-000416,TRUCKING,WAGE-base-base-ARU_GROUP-2027-000416-EMP-103,EMP-103,,Qualified regional industrial driver,1,1,7816,7816,MODELED_CENSUS_ROLE_ALLOCATION_NOT_INDIVIDUAL_PAYSLIP,FORECAST,PUBLIC_SYNTHETIC_PLANNING_MODEL,2026-09-06T00:00:00-07:00
base,ARU_GROUP,2027,3,PAYROLL-base-202703-TRUCKING,base-ARU_GROUP-2027-000416,WAGE-base-base-ARU_GROUP-2027-000416,TRUCKING,WAGE-base-base-ARU_GROUP-2027-000416-EMP-104,EMP-104,,Qualified regional industrial driver,1,1,7815,7815,MODELED_CENSUS_ROLE_ALLOCATION_NOT_INDIVIDUAL_PAYSLIP,FORECAST,PUBLIC_SYNTHETIC_PLANNING_MODEL,2026-09-06T00:00:00-07:00
base,ARU_GROUP,2027,3,PAYROLL-base-202703-TRUCKING,base-ARU_GROUP-2027-000416,WAGE-base-base-ARU_GROUP-2027-000416,TRUCKING,WAGE-base-base-ARU_GROUP-2027-000416-EMP-105,EMP-105,,Qualified regional industrial driver,1,1,7815,7815,MODELED_CENSUS_ROLE_ALLOCATION_NOT_INDIVIDUAL_PAYSLIP,FORECAST,PUBLIC_SYNTHETIC_PLANNING_MODEL,2026-09-06T00:00:00-07:00
base,ARU_GROUP,2027,3,PAYROLL-base-202703-TRUCKING,base-ARU_GROUP-2027-000416,WAGE-base-base-ARU_GROUP-2027-000416,TRUCKING,WAGE-base-base-ARU_GROUP-2027-000416-EMP-106,EMP-106,,Qualified regional industrial driver,1,1,7815,7815,MODELED_CENSUS_ROLE_ALLOCATION_NOT_INDIVIDUAL_PAYSLIP,FORECAST,PUBLIC_SYNTHETIC_PLANNING_MODEL,2026-09-06T00:00:00-07:00
base,ARU_GROUP,2027,3,PAYROLL-base-202703-TRUCKING,base-ARU_GROUP-2027-000416,WAGE-base-base-ARU_GROUP-2027-000416,TRUCKING,WAGE-base-base-ARU_GROUP-2027-000416-EMP-107,EMP-107,,Qualified regional industrial driver,1,1,7815,7815,MODELED_CENSUS_ROLE_ALLOCATION_NOT_INDIVIDUAL_PAYSLIP,FORECAST,PUBLIC_SYNTHETIC_PLANNING_MODEL,2026-09-06T00:00:00-07:00
base,ARU_GROUP,2027,3,PAYROLL-base-202703-TRUCKING,base-ARU_GROUP-2027-000416,WAGE-base-base-ARU_GROUP-2027-000416,TRUCKING,WAGE-base-base-ARU_GROUP-2027-000416-EMP-108,EMP-108,,Qualified regional industrial driver,1,1,7815,7815,MODELED_CENSUS_ROLE_ALLOCATION_NOT_INDIVIDUAL_PAYSLIP,FORECAST,PUBLIC_SYNTHETIC_PLANNING_MODEL,2026-09-06T00:00:00-07:00
base,ARU_GROUP,2027,3,PAYROLL-base-202703-TRUCKING,base-ARU_GROUP-2027-000416,WAGE-base-base-ARU_GROUP-2027-000416,TRUCKING,WAGE-base-base-ARU_GROUP-2027-000416-EMP-109,EMP-109,,Qualified regional industrial driver,1,1,7815,7815,MODELED_CENSUS_ROLE_ALLOCATION_NOT_INDIVIDUAL_PAYSLIP,FORECAST,PUBLIC_SYNTHETIC_PLANNING_MODEL,2026-09-06T00:00:00-07:00
base,ARU_GROUP,2027,3,PAYROLL-base-202703-TRUCKING,base-ARU_GROUP-2027-000416,WAGE-base-base-ARU_GROUP-2027-000416,TRUCKING,WAGE-base-base-ARU_GROUP-2027-000416-EMP-110,EMP-110,,Qualified regional industrial driver,1,1,7815,7815,MODELED_CENSUS_ROLE_ALLOCATION_NOT_INDIVIDUAL_PAYSLIP,FORECAST,PUBLIC_SYNTHETIC_PLANNING_MODEL,2026-09-06T00:00:00-07:00
base,ARU_GROUP,2027,3,PAYROLL-base-202703-TRUCKING,base-ARU_GROUP-2027-000416,WAGE-base-base-ARU_GROUP-2027-000416,TRUCKING,WAGE-base-base-ARU_GROUP-2027-000416-EMP-111,EMP-111,,Qualified regional industrial driver,1,1,7815,7815,MODELED_CENSUS_ROLE_ALLOCATION_NOT_INDIVIDUAL_PAYSLIP,FORECAST,PUBLIC_SYNTHETIC_PLANNING_MODEL,2026-09-06T00:00:00-07:00
base,ARU_GROUP,2027,3,PAYROLL-base-202703-TRUCKING,base-ARU_GROUP-2027-000416,WAGE-base-base-ARU_GROUP-2027-000416,TRUCKING,WAGE-base-base-ARU_GROUP-2027-000416-EMP-112,EMP-112,,Qualified regional industrial driver,1,1,7815,7815,MODELED_CENSUS_ROLE_ALLOCATION_NOT_INDIVIDUAL_PAYSLIP,FORECAST,PUBLIC_SYNTHETIC_PLANNING_MODEL,2026-09-06T00:00:00-07:00
base,ARU_GROUP,2027,3,PAYROLL-base-202703-TRUCKING,base-ARU_GROUP-2027-000416,WAGE-base-base-ARU_GROUP-2027-000416,TRUCKING,WAGE-base-base-ARU_GROUP-2027-000416-EMP-113,EMP-113,,Qualified regional industrial driver,1,1,7815,7815,MODELED_CENSUS_ROLE_ALLOCATION_NOT_INDIVIDUAL_PAYSLIP,FORECAST,PUBLIC_SYNTHETIC_PLANNING_MODEL,2026-09-06T00:00:00-07:00
base,ARU_GROUP,2027,3,PAYROLL-base-202703-TRUCKING,base-ARU_GROUP-2027-000416,WAGE-base-base-ARU_GROUP-2027-000416,TRUCKING,WAGE-base-base-ARU_GROUP-2027-000416-EMP-114,EMP-114,,Qualified regional industrial driver,1,1,7815,7815,MODELED_CENSUS_ROLE_ALLOCATION_NOT_INDIVIDUAL_PAYSLIP,FORECAST,PUBLIC_SYNTHETIC_PLANNING_MODEL,2026-09-06T00:00:00-07:00
base,ARU_GROUP,2027,3,PAYROLL-base-202703-TRUCKING,base-ARU_GROUP-2027-000416,WAGE-base-base-ARU_GROUP-2027-000416,TRUCKING,WAGE-base-base-ARU_GROUP-2027-000416-EMP-115,EMP-115,,Qualified regional industrial driver,1,1,7815,7815,MODELED_CENSUS_ROLE_ALLOCATION_NOT_INDIVIDUAL_PAYSLIP,FORECAST,PUBLIC_SYNTHETIC_PLANNING_MODEL,2026-09-06T00:00:00-07:00
base,ARU_GROUP,2027,3,PAYROLL-base-202703-TRUCKING,base-ARU_GROUP-2027-000416,WAGE-base-base-ARU_GROUP-2027-000416,TRUCKING,WAGE-base-base-ARU_GROUP-2027-000416-EMP-116,EMP-116,,Qualified regional industrial driver,1,1,7815,7815,MODELED_CENSUS_ROLE_ALLOCATION_NOT_INDIVIDUAL_PAYSLIP,FORECAST,PUBLIC_SYNTHETIC_PLANNING_MODEL,2026-09-06T00:00:00-07:00
base,ARU_GROUP,2027,3,PAYROLL-base-202703-TRUCKING,base-ARU_GROUP-2027-000416,WAGE-base-base-ARU_GROUP-2027-000416,TRUCKING,WAGE-base-base-ARU_GROUP-2027-000416-EMP-117,EMP-117,,Qualified regional industrial driver,1,1,7815,7815,MODELED_CENSUS_ROLE_ALLOCATION_NOT_INDIVIDUAL_PAYSLIP,FORECAST,PUBLIC_SYNTHETIC_PLANNING_MODEL,2026-09-06T00:00:00-07:00
base,ARU_GROUP,2027,3,PAYROLL-base-202703-TRUCKING,base-ARU_GROUP-2027-000416,WAGE-base-base-ARU_GROUP-2027-000416,TRUCKING,WAGE-base-base-ARU_GROUP-2027-000416-EMP-118,EMP-118,,Truck dispatcher,1,1,7815,7815,MODELED_CENSUS_ROLE_ALLOCATION_NOT_INDIVIDUAL_PAYSLIP,FORECAST,PUBLIC_SYNTHETIC_PLANNING_MODEL,2026-09-06T00:00:00-07:00
base,ARU_GROUP,2027,3,PAYROLL-base-202703-TRUCKING,base-ARU_GROUP-2027-000416,WAGE-base-base-ARU_GROUP-2027-000416,TRUCKING,WAGE-base-base-ARU_GROUP-2027-000416-EMP-119,EMP-119,,Truck fleet mechanic,1,1,7815,7815,MODELED_CENSUS_ROLE_ALLOCATION_NOT_INDIVIDUAL_PAYSLIP,FORECAST,PUBLIC_SYNTHETIC_PLANNING_MODEL,2026-09-06T00:00:00-07:00
base,ARU_GROUP,2027,3,PAYROLL-base-202703-TRUCKING,base-ARU_GROUP-2027-000416,WAGE-base-base-ARU_GROUP-2027-000416,TRUCKING,WAGE-base-base-ARU_GROUP-2027-000416-EMP-120,EMP-120,,Truck fleet mechanic,1,1,7815,7815,MODELED_CENSUS_ROLE_ALLOCATION_NOT_INDIVIDUAL_PAYSLIP,FORECAST,PUBLIC_SYNTHETIC_PLANNING_MODEL,2026-09-06T00:00:00-07:00
base,ARU_GROUP,2027,3,PAYROLL-base-202703-WAREHOUSE,base-ARU_GROUP-2027-000423,WAGE-base-base-ARU_GROUP-2027-000423,WAREHOUSE,WAGE-base-base-ARU_GROUP-2027-000423-EMP-014,EMP-014,,Warehouse Manager,1,1,13792,13792,MODELED_CENSUS_ROLE_ALLOCATION_NOT_INDIVIDUAL_PAYSLIP,FORECAST,PUBLIC_SYNTHETIC_PLANNING_MODEL,2026-09-06T00:00:00-07:00
base,ARU_GROUP,2027,3,PAYROLL-base-202703-WAREHOUSE,base-ARU_GROUP-2027-000423,WAGE-base-base-ARU_GROUP-2027-000423,WAREHOUSE,WAGE-base-base-ARU_GROUP-2027-000423-EMP-121,EMP-121,,Warehouse employee,1,1,7126,7126,MODELED_CENSUS_ROLE_ALLOCATION_NOT_INDIVIDUAL_PAYSLIP,FORECAST,PUBLIC_SYNTHETIC_PLANNING_MODEL,2026-09-06T00:00:00-07:00
base,ARU_GROUP,2027,3,PAYROLL-base-202703-WAREHOUSE,base-ARU_GROUP-2027-000423,WAGE-base-base-ARU_GROUP-2027-000423,WAREHOUSE,WAGE-base-base-ARU_GROUP-2027-000423-EMP-122,EMP-122,,Warehouse employee,1,1,7126,7126,MODELED_CENSUS_ROLE_ALLOCATION_NOT_INDIVIDUAL_PAYSLIP,FORECAST,PUBLIC_SYNTHETIC_PLANNING_MODEL,2026-09-06T00:00:00-07:00
base,ARU_GROUP,2027,3,PAYROLL-base-202703-WAREHOUSE,base-ARU_GROUP-2027-000423,WAGE-base-base-ARU_GROUP-2027-000423,WAREHOUSE,WAGE-base-base-ARU_GROUP-2027-000423-EMP-123,EMP-123,,Warehouse employee,1,1,7126,7126,MODELED_CENSUS_ROLE_ALLOCATION_NOT_INDIVIDUAL_PAYSLIP,FORECAST,PUBLIC_SYNTHETIC_PLANNING_MODEL,2026-09-06T00:00:00-07:00
base,ARU_GROUP,2027,3,PAYROLL-base-202703-WAREHOUSE,base-ARU_GROUP-2027-000423,WAGE-base-base-ARU_GROUP-2027-000423,WAREHOUSE,WAGE-base-base-ARU_GROUP-2027-000423-EMP-124,EMP-124,,Warehouse employee,1,1,7126,7126,MODELED_CENSUS_ROLE_ALLOCATION_NOT_INDIVIDUAL_PAYSLIP,FORECAST,PUBLIC_SYNTHETIC_PLANNING_MODEL,2026-09-06T00:00:00-07:00
base,ARU_GROUP,2027,3,PAYROLL-base-202703-WAREHOUSE,base-ARU_GROUP-2027-000423,WAGE-base-base-ARU_GROUP-2027-000423,WAREHOUSE,WAGE-base-base-ARU_GROUP-2027-000423-EMP-125,EMP-125,,Warehouse employee,1,1,7126,7126,MODELED_CENSUS_ROLE_ALLOCATION_NOT_INDIVIDUAL_PAYSLIP,FORECAST,PUBLIC_SYNTHETIC_PLANNING_MODEL,2026-09-06T00:00:00-07:00
base,ARU_GROUP,2027,3,PAYROLL-base-202703-WAREHOUSE,base-ARU_GROUP-2027-000423,WAGE-base-base-ARU_GROUP-2027-000423,WAREHOUSE,WAGE-base-base-ARU_GROUP-2027-000423-EMP-126,EMP-126,,Warehouse employee,1,1,7126,7126,MODELED_CENSUS_ROLE_ALLOCATION_NOT_INDIVIDUAL_PAYSLIP,FORECAST,PUBLIC_SYNTHETIC_PLANNING_MODEL,2026-09-06T00:00:00-07:00
base,ARU_GROUP,2027,3,PAYROLL-base-202703-WAREHOUSE,base-ARU_GROUP-2027-000423,WAGE-base-base-ARU_GROUP-2027-000423,WAREHOUSE,WAGE-base-base-ARU_GROUP-2027-000423-EMP-127,EMP-127,,Warehouse employee,1,1,7126,7126,MODELED_CENSUS_ROLE_ALLOCATION_NOT_INDIVIDUAL_PAYSLIP,FORECAST,PUBLIC_SYNTHETIC_PLANNING_MODEL,2026-09-06T00:00:00-07:00
base,ARU_GROUP,2027,3,PAYROLL-base-202703-WAREHOUSE,base-ARU_GROUP-2027-000423,WAGE-base-base-ARU_GROUP-2027-000423,WAREHOUSE,WAGE-base-base-ARU_GROUP-2027-000423-EMP-128,EMP-128,,Warehouse employee,1,1,7126,7126,MODELED_CENSUS_ROLE_ALLOCATION_NOT_INDIVIDUAL_PAYSLIP,FORECAST,PUBLIC_SYNTHETIC_PLANNING_MODEL,2026-09-06T00:00:00-07:00
base,ARU_GROUP,2027,3,PAYROLL-base-202703-WAREHOUSE,base-ARU_GROUP-2027-000423,WAGE-base-base-ARU_GROUP-2027-000423,WAREHOUSE,WAGE-base-base-ARU_GROUP-2027-000423-EMP-129,EMP-129,,Warehouse employee,1,1,7125,7125,MODELED_CENSUS_ROLE_ALLOCATION_NOT_INDIVIDUAL_PAYSLIP,FORECAST,PUBLIC_SYNTHETIC_PLANNING_MODEL,2026-09-06T00:00:00-07:00
base,ARU_GROUP,2027,3,PAYROLL-base-202703-WAREHOUSE,base-ARU_GROUP-2027-000423,WAGE-base-base-ARU_GROUP-2027-000423,WAREHOUSE,WAGE-base-base-ARU_GROUP-2027-000423-EMP-130,EMP-130,,Warehouse employee,1,1,7125,7125,MODELED_CENSUS_ROLE_ALLOCATION_NOT_INDIVIDUAL_PAYSLIP,FORECAST,PUBLIC_SYNTHETIC_PLANNING_MODEL,2026-09-06T00:00:00-07:00
base,ARU_GROUP,2027,3,PAYROLL-base-202703-WAREHOUSE,base-ARU_GROUP-2027-000423,WAGE-base-base-ARU_GROUP-2027-000423,WAREHOUSE,WAGE-base-base-ARU_GROUP-2027-000423-EMP-131,EMP-131,,Warehouse employee,1,1,7125,7125,MODELED_CENSUS_ROLE_ALLOCATION_NOT_INDIVIDUAL_PAYSLIP,FORECAST,PUBLIC_SYNTHETIC_PLANNING_MODEL,2026-09-06T00:00:00-07:00
base,ARU_GROUP,2027,3,PAYROLL-base-202703-ARU,base-ARU_GROUP-2027-000430,WAGE-base-base-ARU_GROUP-2027-000430,ARU,WAGE-base-base-ARU_GROUP-2027-000430-EMP-001,EMP-001,,President and COO,1,1,27583,27583,MODELED_CENSUS_ROLE_ALLOCATION_NOT_INDIVIDUAL_PAYSLIP,FORECAST,PUBLIC_SYNTHETIC_PLANNING_MODEL,2026-09-06T00:00:00-07:00
base,ARU_GROUP,2027,3,PAYROLL-base-202703-ARU,base-ARU_GROUP-2027-000430,WAGE-base-base-ARU_GROUP-2027-000430,ARU,WAGE-base-base-ARU_GROUP-2027-000430-EMP-002,EMP-002,,Director Industrial Operations,1,1,20113,20113,MODELED_CENSUS_ROLE_ALLOCATION_NOT_INDIVIDUAL_PAYSLIP,FORECAST,PUBLIC_SYNTHETIC_PLANNING_MODEL,2026-09-06T00:00:00-07:00
base,ARU_GROUP,2027,3,PAYROLL-base-202703-ARU,base-ARU_GROUP-2027-000430,WAGE-base-base-ARU_GROUP-2027-000430,ARU,WAGE-base-base-ARU_GROUP-2027-000430-EMP-003,EMP-003,,Controller,1,1,18964,18964,MODELED_CENSUS_ROLE_ALLOCATION_NOT_INDIVIDUAL_PAYSLIP,FORECAST,PUBLIC_SYNTHETIC_PLANNING_MODEL,2026-09-06T00:00:00-07:00
base,ARU_GROUP,2027,3,PAYROLL-base-202703-ARU,base-ARU_GROUP-2027-000430,WAGE-base-base-ARU_GROUP-2027-000430,ARU,WAGE-base-base-ARU_GROUP-2027-000430-EMP-004,EMP-004,,Director Safety and Environment,1,1,17814,17814,MODELED_CENSUS_ROLE_ALLOCATION_NOT_INDIVIDUAL_PAYSLIP,FORECAST,PUBLIC_SYNTHETIC_PLANNING_MODEL,2026-09-06T00:00:00-07:00
base,ARU_GROUP,2027,3,PAYROLL-base-202703-ARU,base-ARU_GROUP-2027-000430,WAGE-base-base-ARU_GROUP-2027-000430,ARU,WAGE-base-base-ARU_GROUP-2027-000430-EMP-005,EMP-005,,People and Administration Manager,1,1,13217,13217,MODELED_CENSUS_ROLE_ALLOCATION_NOT_INDIVIDUAL_PAYSLIP,FORECAST,PUBLIC_SYNTHETIC_PLANNING_MODEL,2026-09-06T00:00:00-07:00
base,ARU_GROUP,2027,3,PAYROLL-base-202703-ARU,base-ARU_GROUP-2027-000430,WAGE-base-base-ARU_GROUP-2027-000430,ARU,WAGE-base-base-ARU_GROUP-2027-000430-EMP-006,EMP-006,,Procurement and Systems Manager,1,1,13217,13217,MODELED_CENSUS_ROLE_ALLOCATION_NOT_INDIVIDUAL_PAYSLIP,FORECAST,PUBLIC_SYNTHETIC_PLANNING_MODEL,2026-09-06T00:00:00-07:00
base,ARU_GROUP,2027,3,PAYROLL-base-202703-ARU,base-ARU_GROUP-2027-000430,WAGE-base-base-ARU_GROUP-2027-000430,ARU,WAGE-base-base-ARU_GROUP-2027-000430-EMP-015,EMP-015,,Corporate employee,1,1,8275,8275,MODELED_CENSUS_ROLE_ALLOCATION_NOT_INDIVIDUAL_PAYSLIP,FORECAST,PUBLIC_SYNTHETIC_PLANNING_MODEL,2026-09-06T00:00:00-07:00
base,ARU_GROUP,2027,3,PAYROLL-base-202703-ARU,base-ARU_GROUP-2027-000430,WAGE-base-base-ARU_GROUP-2027-000430,ARU,WAGE-base-base-ARU_GROUP-2027-000430-EMP-016,EMP-016,,Corporate employee,1,1,8275,8275,MODELED_CENSUS_ROLE_ALLOCATION_NOT_INDIVIDUAL_PAYSLIP,FORECAST,PUBLIC_SYNTHETIC_PLANNING_MODEL,2026-09-06T00:00:00-07:00
base,ARU_GROUP,2027,3,PAYROLL-base-202703-ARU,base-ARU_GROUP-2027-000430,WAGE-base-base-ARU_GROUP-2027-000430,ARU,WAGE-base-base-ARU_GROUP-2027-000430-EMP-017,EMP-017,,Corporate employee,1,1,8275,8275,MODELED_CENSUS_ROLE_ALLOCATION_NOT_INDIVIDUAL_PAYSLIP,FORECAST,PUBLIC_SYNTHETIC_PLANNING_MODEL,2026-09-06T00:00:00-07:00
base,ARU_GROUP,2027,3,PAYROLL-base-202703-ARU,base-ARU_GROUP-2027-000430,WAGE-base-base-ARU_GROUP-2027-000430,ARU,WAGE-base-base-ARU_GROUP-2027-000430-EMP-018,EMP-018,,Corporate employee,1,1,8275,8275,MODELED_CENSUS_ROLE_ALLOCATION_NOT_INDIVIDUAL_PAYSLIP,FORECAST,PUBLIC_SYNTHETIC_PLANNING_MODEL,2026-09-06T00:00:00-07:00
base,ARU_GROUP,2027,4,PAYROLL-base-202704-BST,base-ARU_GROUP-2027-000651,WAGE-base-base-ARU_GROUP-2027-000651,BST,WAGE-base-base-ARU_GROUP-2027-000651-EMP-007,EMP-007,,General Manager,1,1,21837,21837,MODELED_CENSUS_ROLE_ALLOCATION_NOT_INDIVIDUAL_PAYSLIP,FORECAST,PUBLIC_SYNTHETIC_PLANNING_MODEL,2026-09-06T00:00:00-07:00
base,ARU_GROUP,2027,4,PAYROLL-base-202704-BST,base-ARU_GROUP-2027-000651,WAGE-base-base-ARU_GROUP-2027-000651,BST,WAGE-base-base-ARU_GROUP-2027-000651-EMP-008,EMP-008,,Operations and Dispatch Manager,1,1,14366,14366,MODELED_CENSUS_ROLE_ALLOCATION_NOT_INDIVIDUAL_PAYSLIP,FORECAST,PUBLIC_SYNTHETIC_PLANNING_MODEL,2026-09-06T00:00:00-07:00
base,ARU_GROUP,2027,4,PAYROLL-base-202704-BST,base-ARU_GROUP-2027-000651,WAGE-base-base-ARU_GROUP-2027-000651,BST,WAGE-base-base-ARU_GROUP-2027-000651-EMP-009,EMP-009,,Working MOW Foreman,1,1,11493,11493,MODELED_CENSUS_ROLE_ALLOCATION_NOT_INDIVIDUAL_PAYSLIP,FORECAST,PUBLIC_SYNTHETIC_PLANNING_MODEL,2026-09-06T00:00:00-07:00
base,ARU_GROUP,2027,4,PAYROLL-base-202704-BST,base-ARU_GROUP-2027-000651,WAGE-base-base-ARU_GROUP-2027-000651,BST,WAGE-base-base-ARU_GROUP-2027-000651-EMP-010,EMP-010,,Mechanical Foreman,1,1,12642,12642,MODELED_CENSUS_ROLE_ALLOCATION_NOT_INDIVIDUAL_PAYSLIP,FORECAST,PUBLIC_SYNTHETIC_PLANNING_MODEL,2026-09-06T00:00:00-07:00
base,ARU_GROUP,2027,4,PAYROLL-base-202704-BST,base-ARU_GROUP-2027-000651,WAGE-base-base-ARU_GROUP-2027-000651,BST,WAGE-base-base-ARU_GROUP-2027-000651-EMP-011,EMP-011,,Safety and Compliance Manager,1,1,12067,12067,MODELED_CENSUS_ROLE_ALLOCATION_NOT_INDIVIDUAL_PAYSLIP,FORECAST,PUBLIC_SYNTHETIC_PLANNING_MODEL,2026-09-06T00:00:00-07:00
base,ARU_GROUP,2027,4,PAYROLL-base-202704-BST,base-ARU_GROUP-2027-000651,WAGE-base-base-ARU_GROUP-2027-000651,BST,WAGE-base-base-ARU_GROUP-2027-000651-EMP-019,EMP-019,,Train Engine employee,1,1,8390,8390,MODELED_CENSUS_ROLE_ALLOCATION_NOT_INDIVIDUAL_PAYSLIP,FORECAST,PUBLIC_SYNTHETIC_PLANNING_MODEL,2026-09-06T00:00:00-07:00
base,ARU_GROUP,2027,4,PAYROLL-base-202704-BST,base-ARU_GROUP-2027-000651,WAGE-base-base-ARU_GROUP-2027-000651,BST,WAGE-base-base-ARU_GROUP-2027-000651-EMP-020,EMP-020,,Train Engine employee,1,1,8390,8390,MODELED_CENSUS_ROLE_ALLOCATION_NOT_INDIVIDUAL_PAYSLIP,FORECAST,PUBLIC_SYNTHETIC_PLANNING_MODEL,2026-09-06T00:00:00-07:00
base,ARU_GROUP,2027,4,PAYROLL-base-202704-BST,base-ARU_GROUP-2027-000651,WAGE-base-base-ARU_GROUP-2027-000651,BST,WAGE-base-base-ARU_GROUP-2027-000651-EMP-021,EMP-021,,Train Engine employee,1,1,8390,8390,MODELED_CENSUS_ROLE_ALLOCATION_NOT_INDIVIDUAL_PAYSLIP,FORECAST,PUBLIC_SYNTHETIC_PLANNING_MODEL,2026-09-06T00:00:00-07:00
base,ARU_GROUP,2027,4,PAYROLL-base-202704-BST,base-ARU_GROUP-2027-000651,WAGE-base-base-ARU_GROUP-2027-000651,BST,WAGE-base-base-ARU_GROUP-2027-000651-EMP-022,EMP-022,,Train Engine employee,1,1,8390,8390,MODELED_CENSUS_ROLE_ALLOCATION_NOT_INDIVIDUAL_PAYSLIP,FORECAST,PUBLIC_SYNTHETIC_PLANNING_MODEL,2026-09-06T00:00:00-07:00
base,ARU_GROUP,2027,4,PAYROLL-base-202704-BST,base-ARU_GROUP-2027-000651,WAGE-base-base-ARU_GROUP-2027-000651,BST,WAGE-base-base-ARU_GROUP-2027-000651-EMP-023,EMP-023,,Train Engine employee,1,1,8390,8390,MODELED_CENSUS_ROLE_ALLOCATION_NOT_INDIVIDUAL_PAYSLIP,FORECAST,PUBLIC_SYNTHETIC_PLANNING_MODEL,2026-09-06T00:00:00-07:00
base,ARU_GROUP,2027,4,PAYROLL-base-202704-BST,base-ARU_GROUP-2027-000651,WAGE-base-base-ARU_GROUP-2027-000651,BST,WAGE-base-base-ARU_GROUP-2027-000651-EMP-024,EMP-024,,Train Engine employee,1,1,8390,8390,MODELED_CENSUS_ROLE_ALLOCATION_NOT_INDIVIDUAL_PAYSLIP,FORECAST,PUBLIC_SYNTHETIC_PLANNING_MODEL,2026-09-06T00:00:00-07:00
base,ARU_GROUP,2027,4,PAYROLL-base-202704-BST,base-ARU_GROUP-2027-000651,WAGE-base-base-ARU_GROUP-2027-000651,BST,WAGE-base-base-ARU_GROUP-2027-000651-EMP-025,EMP-025,,Train Engine employee,1,1,8390,8390,MODELED_CENSUS_ROLE_ALLOCATION_NOT_INDIVIDUAL_PAYSLIP,FORECAST,PUBLIC_SYNTHETIC_PLANNING_MODEL,2026-09-06T00:00:00-07:00
base,ARU_GROUP,2027,4,PAYROLL-base-202704-BST,base-ARU_GROUP-2027-000651,WAGE-base-base-ARU_GROUP-2027-000651,BST,WAGE-base-base-ARU_GROUP-2027-000651-EMP-026,EMP-026,,Train Engine employee,1,1,8390,8390,MODELED_CENSUS_ROLE_ALLOCATION_NOT_INDIVIDUAL_PAYSLIP,FORECAST,PUBLIC_SYNTHETIC_PLANNING_MODEL,2026-09-06T00:00:00-07:00
base,ARU_GROUP,2027,4,PAYROLL-base-202704-BST,base-ARU_GROUP-2027-000651,WAGE-base-base-ARU_GROUP-2027-000651,BST,WAGE-base-base-ARU_GROUP-2027-000651-EMP-027,EMP-027,,Train Engine employee,1,1,8390,8390,MODELED_CENSUS_ROLE_ALLOCATION_NOT_INDIVIDUAL_PAYSLIP,FORECAST,PUBLIC_SYNTHETIC_PLANNING_MODEL,2026-09-06T00:00:00-07:00
base,ARU_GROUP,2027,4,PAYROLL-base-202704-BST,base-ARU_GROUP-2027-000651,WAGE-base-base-ARU_GROUP-2027-000651,BST,WAGE-base-base-ARU_GROUP-2027-000651-EMP-028,EMP-028,,Train Engine employee,1,1,8390,8390,MODELED_CENSUS_ROLE_ALLOCATION_NOT_INDIVIDUAL_PAYSLIP,FORECAST,PUBLIC_SYNTHETIC_PLANNING_MODEL,2026-09-06T00:00:00-07:00
base,ARU_GROUP,2027,4,PAYROLL-base-202704-BST,base-ARU_GROUP-2027-000651,WAGE-base-base-ARU_GROUP-2027-000651,BST,WAGE-base-base-ARU_GROUP-2027-000651-EMP-029,EMP-029,,Train Engine employee,1,1,8390,8390,MODELED_CENSUS_ROLE_ALLOCATION_NOT_INDIVIDUAL_PAYSLIP,FORECAST,PUBLIC_SYNTHETIC_PLANNING_MODEL,2026-09-06T00:00:00-07:00
base,ARU_GROUP,2027,4,PAYROLL-base-202704-BST,base-ARU_GROUP-2027-000651,WAGE-base-base-ARU_GROUP-2027-000651,BST,WAGE-base-base-ARU_GROUP-2027-000651-EMP-030,EMP-030,,Train Engine employee,1,1,8390,8390,MODELED_CENSUS_ROLE_ALLOCATION_NOT_INDIVIDUAL_PAYSLIP,FORECAST,PUBLIC_SYNTHETIC_PLANNING_MODEL,2026-09-06T00:00:00-07:00
base,ARU_GROUP,2027,4,PAYROLL-base-202704-BST,base-ARU_GROUP-2027-000651,WAGE-base-base-ARU_GROUP-2027-000651,BST,WAGE-base-base-ARU_GROUP-2027-000651-EMP-031,EMP-031,,Train Engine employee,1,1,8390,8390,MODELED_CENSUS_ROLE_ALLOCATION_NOT_INDIVIDUAL_PAYSLIP,FORECAST,PUBLIC_SYNTHETIC_PLANNING_MODEL,2026-09-06T00:00:00-07:00
base,ARU_GROUP,2027,4,PAYROLL-base-202704-BST,base-ARU_GROUP-2027-000651,WAGE-base-base-ARU_GROUP-2027-000651,BST,WAGE-base-base-ARU_GROUP-2027-000651-EMP-032,EMP-032,,Train Engine employee,1,1,8390,8390,MODELED_CENSUS_ROLE_ALLOCATION_NOT_INDIVIDUAL_PAYSLIP,FORECAST,PUBLIC_SYNTHETIC_PLANNING_MODEL,2026-09-06T00:00:00-07:00
base,ARU_GROUP,2027,4,PAYROLL-base-202704-BST,base-ARU_GROUP-2027-000651,WAGE-base-base-ARU_GROUP-2027-000651,BST,WAGE-base-base-ARU_GROUP-2027-000651-EMP-033,EMP-033,,Train Engine employee,1,1,8390,8390,MODELED_CENSUS_ROLE_ALLOCATION_NOT_INDIVIDUAL_PAYSLIP,FORECAST,PUBLIC_SYNTHETIC_PLANNING_MODEL,2026-09-06T00:00:00-07:00
base,ARU_GROUP,2027,4,PAYROLL-base-202704-BST,base-ARU_GROUP-2027-000651,WAGE-base-base-ARU_GROUP-2027-000651,BST,WAGE-base-base-ARU_GROUP-2027-000651-EMP-034,EMP-034,,Train Engine employee,1,1,8390,8390,MODELED_CENSUS_ROLE_ALLOCATION_NOT_INDIVIDUAL_PAYSLIP,FORECAST,PUBLIC_SYNTHETIC_PLANNING_MODEL,2026-09-06T00:00:00-07:00
base,ARU_GROUP,2027,4,PAYROLL-base-202704-BST,base-ARU_GROUP-2027-000651,WAGE-base-base-ARU_GROUP-2027-000651,BST,WAGE-base-base-ARU_GROUP-2027-000651-EMP-035,EMP-035,,Train Engine employee,1,1,8390,8390,MODELED_CENSUS_ROLE_ALLOCATION_NOT_INDIVIDUAL_PAYSLIP,FORECAST,PUBLIC_SYNTHETIC_PLANNING_MODEL,2026-09-06T00:00:00-07:00
base,ARU_GROUP,2027,4,PAYROLL-base-202704-BST,base-ARU_GROUP-2027-000651,WAGE-base-base-ARU_GROUP-2027-000651,BST,WAGE-base-base-ARU_GROUP-2027-000651-EMP-036,EMP-036,,Train Engine employee,1,1,8390,8390,MODELED_CENSUS_ROLE_ALLOCATION_NOT_INDIVIDUAL_PAYSLIP,FORECAST,PUBLIC_SYNTHETIC_PLANNING_MODEL,2026-09-06T00:00:00-07:00
base,ARU_GROUP,2027,4,PAYROLL-base-202704-BST,base-ARU_GROUP-2027-000651,WAGE-base-base-ARU_GROUP-2027-000651,BST,WAGE-base-base-ARU_GROUP-2027-000651-EMP-037,EMP-037,,Train Engine employee,1,1,8390,8390,MODELED_CENSUS_ROLE_ALLOCATION_NOT_INDIVIDUAL_PAYSLIP,FORECAST,PUBLIC_SYNTHETIC_PLANNING_MODEL,2026-09-06T00:00:00-07:00
base,ARU_GROUP,2027,4,PAYROLL-base-202704-BST,base-ARU_GROUP-2027-000651,WAGE-base-base-ARU_GROUP-2027-000651,BST,WAGE-base-base-ARU_GROUP-2027-000651-EMP-038,EMP-038,,Train Engine employee,1,1,8390,8390,MODELED_CENSUS_ROLE_ALLOCATION_NOT_INDIVIDUAL_PAYSLIP,FORECAST,PUBLIC_SYNTHETIC_PLANNING_MODEL,2026-09-06T00:00:00-07:00
base,ARU_GROUP,2027,4,PAYROLL-base-202704-BST,base-ARU_GROUP-2027-000651,WAGE-base-base-ARU_GROUP-2027-000651,BST,WAGE-base-base-ARU_GROUP-2027-000651-EMP-039,EMP-039,,Train Engine employee,1,1,8390,8390,MODELED_CENSUS_ROLE_ALLOCATION_NOT_INDIVIDUAL_PAYSLIP,FORECAST,PUBLIC_SYNTHETIC_PLANNING_MODEL,2026-09-06T00:00:00-07:00
base,ARU_GROUP,2027,4,PAYROLL-base-202704-BST,base-ARU_GROUP-2027-000651,WAGE-base-base-ARU_GROUP-2027-000651,BST,WAGE-base-base-ARU_GROUP-2027-000651-EMP-040,EMP-040,,Train Engine employee,1,1,8390,8390,MODELED_CENSUS_ROLE_ALLOCATION_NOT_INDIVIDUAL_PAYSLIP,FORECAST,PUBLIC_SYNTHETIC_PLANNING_MODEL,2026-09-06T00:00:00-07:00
base,ARU_GROUP,2027,4,PAYROLL-base-202704-BST,base-ARU_GROUP-2027-000651,WAGE-base-base-ARU_GROUP-2027-000651,BST,WAGE-base-base-ARU_GROUP-2027-000651-EMP-041,EMP-041,,Mow employee,1,1,8045,8045,MODELED_CENSUS_ROLE_ALLOCATION_NOT_INDIVIDUAL_PAYSLIP,FORECAST,PUBLIC_SYNTHETIC_PLANNING_MODEL,2026-09-06T00:00:00-07:00
base,ARU_GROUP,2027,4,PAYROLL-base-202704-BST,base-ARU_GROUP-2027-000651,WAGE-base-base-ARU_GROUP-2027-000651,BST,WAGE-base-base-ARU_GROUP-2027-000651-EMP-042,EMP-042,,Mow employee,1,1,8045,8045,MODELED_CENSUS_ROLE_ALLOCATION_NOT_INDIVIDUAL_PAYSLIP,FORECAST,PUBLIC_SYNTHETIC_PLANNING_MODEL,2026-09-06T00:00:00-07:00
base,ARU_GROUP,2027,4,PAYROLL-base-202704-BST,base-ARU_GROUP-2027-000651,WAGE-base-base-ARU_GROUP-2027-000651,BST,WAGE-base-base-ARU_GROUP-2027-000651-EMP-043,EMP-043,,Mow employee,1,1,8045,8045,MODELED_CENSUS_ROLE_ALLOCATION_NOT_INDIVIDUAL_PAYSLIP,FORECAST,PUBLIC_SYNTHETIC_PLANNING_MODEL,2026-09-06T00:00:00-07:00
base,ARU_GROUP,2027,4,PAYROLL-base-202704-BST,base-ARU_GROUP-2027-000651,WAGE-base-base-ARU_GROUP-2027-000651,BST,WAGE-base-base-ARU_GROUP-2027-000651-EMP-044,EMP-044,,Mow employee,1,1,8045,8045,MODELED_CENSUS_ROLE_ALLOCATION_NOT_INDIVIDUAL_PAYSLIP,FORECAST,PUBLIC_SYNTHETIC_PLANNING_MODEL,2026-09-06T00:00:00-07:00
base,ARU_GROUP,2027,4,PAYROLL-base-202704-BST,base-ARU_GROUP-2027-000651,WAGE-base-base-ARU_GROUP-2027-000651,BST,WAGE-base-base-ARU_GROUP-2027-000651-EMP-045,EMP-045,,Mow employee,1,1,8045,8045,MODELED_CENSUS_ROLE_ALLOCATION_NOT_INDIVIDUAL_PAYSLIP,FORECAST,PUBLIC_SYNTHETIC_PLANNING_MODEL,2026-09-06T00:00:00-07:00
base,ARU_GROUP,2027,4,PAYROLL-base-202704-BST,base-ARU_GROUP-2027-000651,WAGE-base-base-ARU_GROUP-2027-000651,BST,WAGE-base-base-ARU_GROUP-2027-000651-EMP-046,EMP-046,,Mow employee,1,1,8045,8045,MODELED_CENSUS_ROLE_ALLOCATION_NOT_INDIVIDUAL_PAYSLIP,FORECAST,PUBLIC_SYNTHETIC_PLANNING_MODEL,2026-09-06T00:00:00-07:00
base,ARU_GROUP,2027,4,PAYROLL-base-202704-BST,base-ARU_GROUP-2027-000651,WAGE-base-base-ARU_GROUP-2027-000651,BST,WAGE-base-base-ARU_GROUP-2027-000651-EMP-047,EMP-047,,Mow employee,1,1,8045,8045,MODELED_CENSUS_ROLE_ALLOCATION_NOT_INDIVIDUAL_PAYSLIP,FORECAST,PUBLIC_SYNTHETIC_PLANNING_MODEL,2026-09-06T00:00:00-07:00
base,ARU_GROUP,2027,4,PAYROLL-base-202704-BST,base-ARU_GROUP-2027-000651,WAGE-base-base-ARU_GROUP-2027-000651,BST,WAGE-base-base-ARU_GROUP-2027-000651-EMP-048,EMP-048,,Mow employee,1,1,8045,8045,MODELED_CENSUS_ROLE_ALLOCATION_NOT_INDIVIDUAL_PAYSLIP,FORECAST,PUBLIC_SYNTHETIC_PLANNING_MODEL,2026-09-06T00:00:00-07:00
base,ARU_GROUP,2027,4,PAYROLL-base-202704-BST,base-ARU_GROUP-2027-000651,WAGE-base-base-ARU_GROUP-2027-000651,BST,WAGE-base-base-ARU_GROUP-2027-000651-EMP-049,EMP-049,,Mow employee,1,1,8045,8045,MODELED_CENSUS_ROLE_ALLOCATION_NOT_INDIVIDUAL_PAYSLIP,FORECAST,PUBLIC_SYNTHETIC_PLANNING_MODEL,2026-09-06T00:00:00-07:00
base,ARU_GROUP,2027,4,PAYROLL-base-202704-BST,base-ARU_GROUP-2027-000651,WAGE-base-base-ARU_GROUP-2027-000651,BST,WAGE-base-base-ARU_GROUP-2027-000651-EMP-050,EMP-050,,Mechanical employee,1,1,8620,8620,MODELED_CENSUS_ROLE_ALLOCATION_NOT_INDIVIDUAL_PAYSLIP,FORECAST,PUBLIC_SYNTHETIC_PLANNING_MODEL,2026-09-06T00:00:00-07:00
base,ARU_GROUP,2027,4,PAYROLL-base-202704-BST,base-ARU_GROUP-2027-000651,WAGE-base-base-ARU_GROUP-2027-000651,BST,WAGE-base-base-ARU_GROUP-2027-000651-EMP-051,EMP-051,,Mechanical employee,1,1,8620,8620,MODELED_CENSUS_ROLE_ALLOCATION_NOT_INDIVIDUAL_PAYSLIP,FORECAST,PUBLIC_SYNTHETIC_PLANNING_MODEL,2026-09-06T00:00:00-07:00
base,ARU_GROUP,2027,4,PAYROLL-base-202704-BST,base-ARU_GROUP-2027-000651,WAGE-base-base-ARU_GROUP-2027-000651,BST,WAGE-base-base-ARU_GROUP-2027-000651-EMP-052,EMP-052,,Mechanical employee,1,1,8620,8620,MODELED_CENSUS_ROLE_ALLOCATION_NOT_INDIVIDUAL_PAYSLIP,FORECAST,PUBLIC_SYNTHETIC_PLANNING_MODEL,2026-09-06T00:00:00-07:00
base,ARU_GROUP,2027,4,PAYROLL-base-202704-BST,base-ARU_GROUP-2027-000651,WAGE-base-base-ARU_GROUP-2027-000651,BST,WAGE-base-base-ARU_GROUP-2027-000651-EMP-053,EMP-053,,Mechanical employee,1,1,8620,8620,MODELED_CENSUS_ROLE_ALLOCATION_NOT_INDIVIDUAL_PAYSLIP,FORECAST,PUBLIC_SYNTHETIC_PLANNING_MODEL,2026-09-06T00:00:00-07:00
base,ARU_GROUP,2027,4,PAYROLL-base-202704-BST,base-ARU_GROUP-2027-000651,WAGE-base-base-ARU_GROUP-2027-000651,BST,WAGE-base-base-ARU_GROUP-2027-000651-EMP-054,EMP-054,,Mechanical employee,1,1,8620,8620,MODELED_CENSUS_ROLE_ALLOCATION_NOT_INDIVIDUAL_PAYSLIP,FORECAST,PUBLIC_SYNTHETIC_PLANNING_MODEL,2026-09-06T00:00:00-07:00
base,ARU_GROUP,2027,4,PAYROLL-base-202704-BST,base-ARU_GROUP-2027-000651,WAGE-base-base-ARU_GROUP-2027-000651,BST,WAGE-base-base-ARU_GROUP-2027-000651-EMP-055,EMP-055,,Mechanical employee,1,1,8620,8620,MODELED_CENSUS_ROLE_ALLOCATION_NOT_INDIVIDUAL_PAYSLIP,FORECAST,PUBLIC_SYNTHETIC_PLANNING_MODEL,2026-09-06T00:00:00-07:00
base,ARU_GROUP,2027,4,PAYROLL-base-202704-BST,base-ARU_GROUP-2027-000651,WAGE-base-base-ARU_GROUP-2027-000651,BST,WAGE-base-base-ARU_GROUP-2027-000651-EMP-056,EMP-056,,Mechanical employee,1,1,8620,8620,MODELED_CENSUS_ROLE_ALLOCATION_NOT_INDIVIDUAL_PAYSLIP,FORECAST,PUBLIC_SYNTHETIC_PLANNING_MODEL,2026-09-06T00:00:00-07:00
base,ARU_GROUP,2027,4,PAYROLL-base-202704-BST,base-ARU_GROUP-2027-000651,WAGE-base-base-ARU_GROUP-2027-000651,BST,WAGE-base-base-ARU_GROUP-2027-000651-EMP-057,EMP-057,,Operations employee,1,1,8045,8045,MODELED_CENSUS_ROLE_ALLOCATION_NOT_INDIVIDUAL_PAYSLIP,FORECAST,PUBLIC_SYNTHETIC_PLANNING_MODEL,2026-09-06T00:00:00-07:00
base,ARU_GROUP,2027,4,PAYROLL-base-202704-BST,base-ARU_GROUP-2027-000651,WAGE-base-base-ARU_GROUP-2027-000651,BST,WAGE-base-base-ARU_GROUP-2027-000651-EMP-058,EMP-058,,Operations employee,1,1,8045,8045,MODELED_CENSUS_ROLE_ALLOCATION_NOT_INDIVIDUAL_PAYSLIP,FORECAST,PUBLIC_SYNTHETIC_PLANNING_MODEL,2026-09-06T00:00:00-07:00
base,ARU_GROUP,2027,4,PAYROLL-base-202704-BST,base-ARU_GROUP-2027-000651,WAGE-base-base-ARU_GROUP-2027-000651,BST,WAGE-base-base-ARU_GROUP-2027-000651-EMP-059,EMP-059,,Operations employee,1,1,8045,8045,MODELED_CENSUS_ROLE_ALLOCATION_NOT_INDIVIDUAL_PAYSLIP,FORECAST,PUBLIC_SYNTHETIC_PLANNING_MODEL,2026-09-06T00:00:00-07:00
base,ARU_GROUP,2027,4,PAYROLL-base-202704-BST,base-ARU_GROUP-2027-000651,WAGE-base-base-ARU_GROUP-2027-000651,BST,WAGE-base-base-ARU_GROUP-2027-000651-EMP-060,EMP-060,,Operations employee,1,1,8045,8045,MODELED_CENSUS_ROLE_ALLOCATION_NOT_INDIVIDUAL_PAYSLIP,FORECAST,PUBLIC_SYNTHETIC_PLANNING_MODEL,2026-09-06T00:00:00-07:00
base,ARU_GROUP,2027,4,PAYROLL-base-202704-BST,base-ARU_GROUP-2027-000651,WAGE-base-base-ARU_GROUP-2027-000651,BST,WAGE-base-base-ARU_GROUP-2027-000651-EMP-061,EMP-061,,Operations employee,1,1,8045,8045,MODELED_CENSUS_ROLE_ALLOCATION_NOT_INDIVIDUAL_PAYSLIP,FORECAST,PUBLIC_SYNTHETIC_PLANNING_MODEL,2026-09-06T00:00:00-07:00
base,ARU_GROUP,2027,4,PAYROLL-base-202704-BST,base-ARU_GROUP-2027-000651,WAGE-base-base-ARU_GROUP-2027-000651,BST,WAGE-base-base-ARU_GROUP-2027-000651-EMP-062,EMP-062,,Safety employee,1,1,8620,8620,MODELED_CENSUS_ROLE_ALLOCATION_NOT_INDIVIDUAL_PAYSLIP,FORECAST,PUBLIC_SYNTHETIC_PLANNING_MODEL,2026-09-06T00:00:00-07:00
base,ARU_GROUP,2027,4,PAYROLL-base-202704-BST,base-ARU_GROUP-2027-000651,WAGE-base-base-ARU_GROUP-2027-000651,BST,WAGE-base-base-ARU_GROUP-2027-000651-EMP-063,EMP-063,,Safety employee,1,1,8620,8620,MODELED_CENSUS_ROLE_ALLOCATION_NOT_INDIVIDUAL_PAYSLIP,FORECAST,PUBLIC_SYNTHETIC_PLANNING_MODEL,2026-09-06T00:00:00-07:00
base,ARU_GROUP,2027,4,PAYROLL-base-202704-BST,base-ARU_GROUP-2027-000651,WAGE-base-base-ARU_GROUP-2027-000651,BST,WAGE-base-base-ARU_GROUP-2027-000651-EMP-064,EMP-064,,Management employee,1,1,8620,8620,MODELED_CENSUS_ROLE_ALLOCATION_NOT_INDIVIDUAL_PAYSLIP,FORECAST,PUBLIC_SYNTHETIC_PLANNING_MODEL,2026-09-06T00:00:00-07:00
base,ARU_GROUP,2027,4,PAYROLL-base-202704-BST,base-ARU_GROUP-2027-000651,WAGE-base-base-ARU_GROUP-2027-000651,BST,WAGE-base-base-ARU_GROUP-2027-000651-EMP-065,EMP-065,,Management employee,1,1,8620,8620,MODELED_CENSUS_ROLE_ALLOCATION_NOT_INDIVIDUAL_PAYSLIP,FORECAST,PUBLIC_SYNTHETIC_PLANNING_MODEL,2026-09-06T00:00:00-07:00
base,ARU_GROUP,2027,4,PAYROLL-base-202704-BST,base-ARU_GROUP-2027-000651,WAGE-base-base-ARU_GROUP-2027-000651,BST,WAGE-base-base-ARU_GROUP-2027-000651-EMP-066,EMP-066,,Management employee,1,1,8620,8620,MODELED_CENSUS_ROLE_ALLOCATION_NOT_INDIVIDUAL_PAYSLIP,FORECAST,PUBLIC_SYNTHETIC_PLANNING_MODEL,2026-09-06T00:00:00-07:00
base,ARU_GROUP,2027,4,PAYROLL-base-202704-BST,base-ARU_GROUP-2027-000651,WAGE-base-base-ARU_GROUP-2027-000651,BST,WAGE-base-base-ARU_GROUP-2027-000651-EMP-067,EMP-067,,Management employee,1,1,8620,8620,MODELED_CENSUS_ROLE_ALLOCATION_NOT_INDIVIDUAL_PAYSLIP,FORECAST,PUBLIC_SYNTHETIC_PLANNING_MODEL,2026-09-06T00:00:00-07:00
base,ARU_GROUP,2027,4,PAYROLL-base-202704-BST,base-ARU_GROUP-2027-000651,WAGE-base-base-ARU_GROUP-2027-000651,BST,WAGE-base-base-ARU_GROUP-2027-000651-EMP-068,EMP-068,,Management employee,1,1,8620,8620,MODELED_CENSUS_ROLE_ALLOCATION_NOT_INDIVIDUAL_PAYSLIP,FORECAST,PUBLIC_SYNTHETIC_PLANNING_MODEL,2026-09-06T00:00:00-07:00
base,ARU_GROUP,2027,4,PAYROLL-base-202704-BST,base-ARU_GROUP-2027-000651,WAGE-base-base-ARU_GROUP-2027-000651,BST,WAGE-base-base-ARU_GROUP-2027-000651-EMP-069,EMP-069,,Management employee,1,1,8620,8620,MODELED_CENSUS_ROLE_ALLOCATION_NOT_INDIVIDUAL_PAYSLIP,FORECAST,PUBLIC_SYNTHETIC_PLANNING_MODEL,2026-09-06T00:00:00-07:00
base,ARU_GROUP,2027,4,PAYROLL-base-202704-BST,base-ARU_GROUP-2027-000651,WAGE-base-base-ARU_GROUP-2027-000651,BST,WAGE-base-base-ARU_GROUP-2027-000651-EMP-070,EMP-070,,Management employee,1,1,8620,8620,MODELED_CENSUS_ROLE_ALLOCATION_NOT_INDIVIDUAL_PAYSLIP,FORECAST,PUBLIC_SYNTHETIC_PLANNING_MODEL,2026-09-06T00:00:00-07:00
base,ARU_GROUP,2027,4,PAYROLL-base-202704-BST,base-ARU_GROUP-2027-000651,WAGE-base-base-ARU_GROUP-2027-000651,BST,WAGE-base-base-ARU_GROUP-2027-000651-EMP-071,EMP-071,,Management employee,1,1,8619,8619,MODELED_CENSUS_ROLE_ALLOCATION_NOT_INDIVIDUAL_PAYSLIP,FORECAST,PUBLIC_SYNTHETIC_PLANNING_MODEL,2026-09-06T00:00:00-07:00
base,ARU_GROUP,2027,4,PAYROLL-base-202704-TERMINALS,base-ARU_GROUP-2027-000658,WAGE-base-base-ARU_GROUP-2027-000658,TERMINALS,WAGE-base-base-ARU_GROUP-2027-000658-EMP-012,EMP-012,,Terminal Manager,1,1,15515,15515,MODELED_CENSUS_ROLE_ALLOCATION_NOT_INDIVIDUAL_PAYSLIP,FORECAST,PUBLIC_SYNTHETIC_PLANNING_MODEL,2026-09-06T00:00:00-07:00
base,ARU_GROUP,2027,4,PAYROLL-base-202704-TERMINALS,base-ARU_GROUP-2027-000658,WAGE-base-base-ARU_GROUP-2027-000658,TERMINALS,WAGE-base-base-ARU_GROUP-2027-000658-EMP-072,EMP-072,,Terminal employee,1,1,7126,7126,MODELED_CENSUS_ROLE_ALLOCATION_NOT_INDIVIDUAL_PAYSLIP,FORECAST,PUBLIC_SYNTHETIC_PLANNING_MODEL,2026-09-06T00:00:00-07:00
base,ARU_GROUP,2027,4,PAYROLL-base-202704-TERMINALS,base-ARU_GROUP-2027-000658,WAGE-base-base-ARU_GROUP-2027-000658,TERMINALS,WAGE-base-base-ARU_GROUP-2027-000658-EMP-073,EMP-073,,Terminal employee,1,1,7126,7126,MODELED_CENSUS_ROLE_ALLOCATION_NOT_INDIVIDUAL_PAYSLIP,FORECAST,PUBLIC_SYNTHETIC_PLANNING_MODEL,2026-09-06T00:00:00-07:00
base,ARU_GROUP,2027,4,PAYROLL-base-202704-TERMINALS,base-ARU_GROUP-2027-000658,WAGE-base-base-ARU_GROUP-2027-000658,TERMINALS,WAGE-base-base-ARU_GROUP-2027-000658-EMP-074,EMP-074,,Terminal employee,1,1,7126,7126,MODELED_CENSUS_ROLE_ALLOCATION_NOT_INDIVIDUAL_PAYSLIP,FORECAST,PUBLIC_SYNTHETIC_PLANNING_MODEL,2026-09-06T00:00:00-07:00
base,ARU_GROUP,2027,4,PAYROLL-base-202704-TERMINALS,base-ARU_GROUP-2027-000658,WAGE-base-base-ARU_GROUP-2027-000658,TERMINALS,WAGE-base-base-ARU_GROUP-2027-000658-EMP-075,EMP-075,,Terminal employee,1,1,7126,7126,MODELED_CENSUS_ROLE_ALLOCATION_NOT_INDIVIDUAL_PAYSLIP,FORECAST,PUBLIC_SYNTHETIC_PLANNING_MODEL,2026-09-06T00:00:00-07:00
base,ARU_GROUP,2027,4,PAYROLL-base-202704-TERMINALS,base-ARU_GROUP-2027-000658,WAGE-base-base-ARU_GROUP-2027-000658,TERMINALS,WAGE-base-base-ARU_GROUP-2027-000658-EMP-076,EMP-076,,Terminal employee,1,1,7126,7126,MODELED_CENSUS_ROLE_ALLOCATION_NOT_INDIVIDUAL_PAYSLIP,FORECAST,PUBLIC_SYNTHETIC_PLANNING_MODEL,2026-09-06T00:00:00-07:00
base,ARU_GROUP,2027,4,PAYROLL-base-202704-TERMINALS,base-ARU_GROUP-2027-000658,WAGE-base-base-ARU_GROUP-2027-000658,TERMINALS,WAGE-base-base-ARU_GROUP-2027-000658-EMP-077,EMP-077,,Terminal employee,1,1,7126,7126,MODELED_CENSUS_ROLE_ALLOCATION_NOT_INDIVIDUAL_PAYSLIP,FORECAST,PUBLIC_SYNTHETIC_PLANNING_MODEL,2026-09-06T00:00:00-07:00
base,ARU_GROUP,2027,4,PAYROLL-base-202704-TERMINALS,base-ARU_GROUP-2027-000658,WAGE-base-base-ARU_GROUP-2027-000658,TERMINALS,WAGE-base-base-ARU_GROUP-2027-000658-EMP-078,EMP-078,,Terminal employee,1,1,7126,7126,MODELED_CENSUS_ROLE_ALLOCATION_NOT_INDIVIDUAL_PAYSLIP,FORECAST,PUBLIC_SYNTHETIC_PLANNING_MODEL,2026-09-06T00:00:00-07:00
base,ARU_GROUP,2027,4,PAYROLL-base-202704-TERMINALS,base-ARU_GROUP-2027-000658,WAGE-base-base-ARU_GROUP-2027-000658,TERMINALS,WAGE-base-base-ARU_GROUP-2027-000658-EMP-079,EMP-079,,Terminal employee,1,1,7126,7126,MODELED_CENSUS_ROLE_ALLOCATION_NOT_INDIVIDUAL_PAYSLIP,FORECAST,PUBLIC_SYNTHETIC_PLANNING_MODEL,2026-09-06T00:00:00-07:00
base,ARU_GROUP,2027,4,PAYROLL-base-202704-TERMINALS,base-ARU_GROUP-2027-000658,WAGE-base-base-ARU_GROUP-2027-000658,TERMINALS,WAGE-base-base-ARU_GROUP-2027-000658-EMP-080,EMP-080,,Terminal employee,1,1,7126,7126,MODELED_CENSUS_ROLE_ALLOCATION_NOT_INDIVIDUAL_PAYSLIP,FORECAST,PUBLIC_SYNTHETIC_PLANNING_MODEL,2026-09-06T00:00:00-07:00
base,ARU_GROUP,2027,4,PAYROLL-base-202704-TERMINALS,base-ARU_GROUP-2027-000658,WAGE-base-base-ARU_GROUP-2027-000658,TERMINALS,WAGE-base-base-ARU_GROUP-2027-000658-EMP-081,EMP-081,,Terminal employee,1,1,7126,7126,MODELED_CENSUS_ROLE_ALLOCATION_NOT_INDIVIDUAL_PAYSLIP,FORECAST,PUBLIC_SYNTHETIC_PLANNING_MODEL,2026-09-06T00:00:00-07:00
base,ARU_GROUP,2027,4,PAYROLL-base-202704-TERMINALS,base-ARU_GROUP-2027-000658,WAGE-base-base-ARU_GROUP-2027-000658,TERMINALS,WAGE-base-base-ARU_GROUP-2027-000658-EMP-082,EMP-082,,Terminal employee,1,1,7126,7126,MODELED_CENSUS_ROLE_ALLOCATION_NOT_INDIVIDUAL_PAYSLIP,FORECAST,PUBLIC_SYNTHETIC_PLANNING_MODEL,2026-09-06T00:00:00-07:00
base,ARU_GROUP,2027,4,PAYROLL-base-202704-TERMINALS,base-ARU_GROUP-2027-000658,WAGE-base-base-ARU_GROUP-2027-000658,TERMINALS,WAGE-base-base-ARU_GROUP-2027-000658-EMP-083,EMP-083,,Terminal employee,1,1,7126,7126,MODELED_CENSUS_ROLE_ALLOCATION_NOT_INDIVIDUAL_PAYSLIP,FORECAST,PUBLIC_SYNTHETIC_PLANNING_MODEL,2026-09-06T00:00:00-07:00
base,ARU_GROUP,2027,4,PAYROLL-base-202704-TERMINALS,base-ARU_GROUP-2027-000658,WAGE-base-base-ARU_GROUP-2027-000658,TERMINALS,WAGE-base-base-ARU_GROUP-2027-000658-EMP-084,EMP-084,,Terminal employee,1,1,7126,7126,MODELED_CENSUS_ROLE_ALLOCATION_NOT_INDIVIDUAL_PAYSLIP,FORECAST,PUBLIC_SYNTHETIC_PLANNING_MODEL,2026-09-06T00:00:00-07:00
base,ARU_GROUP,2027,4,PAYROLL-base-202704-TERMINALS,base-ARU_GROUP-2027-000658,WAGE-base-base-ARU_GROUP-2027-000658,TERMINALS,WAGE-base-base-ARU_GROUP-2027-000658-EMP-085,EMP-085,,Terminal employee,1,1,7126,7126,MODELED_CENSUS_ROLE_ALLOCATION_NOT_INDIVIDUAL_PAYSLIP,FORECAST,PUBLIC_SYNTHETIC_PLANNING_MODEL,2026-09-06T00:00:00-07:00
base,ARU_GROUP,2027,4,PAYROLL-base-202704-TERMINALS,base-ARU_GROUP-2027-000658,WAGE-base-base-ARU_GROUP-2027-000658,TERMINALS,WAGE-base-base-ARU_GROUP-2027-000658-EMP-086,EMP-086,,Terminal employee,1,1,7126,7126,MODELED_CENSUS_ROLE_ALLOCATION_NOT_INDIVIDUAL_PAYSLIP,FORECAST,PUBLIC_SYNTHETIC_PLANNING_MODEL,2026-09-06T00:00:00-07:00
base,ARU_GROUP,2027,4,PAYROLL-base-202704-TERMINALS,base-ARU_GROUP-2027-000658,WAGE-base-base-ARU_GROUP-2027-000658,TERMINALS,WAGE-base-base-ARU_GROUP-2027-000658-EMP-087,EMP-087,,Terminal employee,1,1,7126,7126,MODELED_CENSUS_ROLE_ALLOCATION_NOT_INDIVIDUAL_PAYSLIP,FORECAST,PUBLIC_SYNTHETIC_PLANNING_MODEL,2026-09-06T00:00:00-07:00
base,ARU_GROUP,2027,4,PAYROLL-base-202704-TERMINALS,base-ARU_GROUP-2027-000658,WAGE-base-base-ARU_GROUP-2027-000658,TERMINALS,WAGE-base-base-ARU_GROUP-2027-000658-EMP-088,EMP-088,,Terminal employee,1,1,7126,7126,MODELED_CENSUS_ROLE_ALLOCATION_NOT_INDIVIDUAL_PAYSLIP,FORECAST,PUBLIC_SYNTHETIC_PLANNING_MODEL,2026-09-06T00:00:00-07:00
base,ARU_GROUP,2027,4,PAYROLL-base-202704-TERMINALS,base-ARU_GROUP-2027-000658,WAGE-base-base-ARU_GROUP-2027-000658,TERMINALS,WAGE-base-base-ARU_GROUP-2027-000658-EMP-089,EMP-089,,Terminal employee,1,1,7126,7126,MODELED_CENSUS_ROLE_ALLOCATION_NOT_INDIVIDUAL_PAYSLIP,FORECAST,PUBLIC_SYNTHETIC_PLANNING_MODEL,2026-09-06T00:00:00-07:00
base,ARU_GROUP,2027,4,PAYROLL-base-202704-TERMINALS,base-ARU_GROUP-2027-000658,WAGE-base-base-ARU_GROUP-2027-000658,TERMINALS,WAGE-base-base-ARU_GROUP-2027-000658-EMP-090,EMP-090,,Terminal employee,1,1,7126,7126,MODELED_CENSUS_ROLE_ALLOCATION_NOT_INDIVIDUAL_PAYSLIP,FORECAST,PUBLIC_SYNTHETIC_PLANNING_MODEL,2026-09-06T00:00:00-07:00
base,ARU_GROUP,2027,4,PAYROLL-base-202704-TERMINALS,base-ARU_GROUP-2027-000658,WAGE-base-base-ARU_GROUP-2027-000658,TERMINALS,WAGE-base-base-ARU_GROUP-2027-000658-EMP-091,EMP-091,,Terminal employee,1,1,7125,7125,MODELED_CENSUS_ROLE_ALLOCATION_NOT_INDIVIDUAL_PAYSLIP,FORECAST,PUBLIC_SYNTHETIC_PLANNING_MODEL,2026-09-06T00:00:00-07:00
base,ARU_GROUP,2027,4,PAYROLL-base-202704-TERMINALS,base-ARU_GROUP-2027-000658,WAGE-base-base-ARU_GROUP-2027-000658,TERMINALS,WAGE-base-base-ARU_GROUP-2027-000658-EMP-092,EMP-092,,Terminal employee,1,1,7125,7125,MODELED_CENSUS_ROLE_ALLOCATION_NOT_INDIVIDUAL_PAYSLIP,FORECAST,PUBLIC_SYNTHETIC_PLANNING_MODEL,2026-09-06T00:00:00-07:00
base,ARU_GROUP,2027,4,PAYROLL-base-202704-TERMINALS,base-ARU_GROUP-2027-000658,WAGE-base-base-ARU_GROUP-2027-000658,TERMINALS,WAGE-base-base-ARU_GROUP-2027-000658-EMP-093,EMP-093,,Terminal employee,1,1,7125,7125,MODELED_CENSUS_ROLE_ALLOCATION_NOT_INDIVIDUAL_PAYSLIP,FORECAST,PUBLIC_SYNTHETIC_PLANNING_MODEL,2026-09-06T00:00:00-07:00
base,ARU_GROUP,2027,4,PAYROLL-base-202704-TERMINALS,base-ARU_GROUP-2027-000658,WAGE-base-base-ARU_GROUP-2027-000658,TERMINALS,WAGE-base-base-ARU_GROUP-2027-000658-EMP-094,EMP-094,,Terminal employee,1,1,7125,7125,MODELED_CENSUS_ROLE_ALLOCATION_NOT_INDIVIDUAL_PAYSLIP,FORECAST,PUBLIC_SYNTHETIC_PLANNING_MODEL,2026-09-06T00:00:00-07:00
base,ARU_GROUP,2027,4,PAYROLL-base-202704-TERMINALS,base-ARU_GROUP-2027-000658,WAGE-base-base-ARU_GROUP-2027-000658,TERMINALS,WAGE-base-base-ARU_GROUP-2027-000658-EMP-095,EMP-095,,Terminal employee,1,1,7125,7125,MODELED_CENSUS_ROLE_ALLOCATION_NOT_INDIVIDUAL_PAYSLIP,FORECAST,PUBLIC_SYNTHETIC_PLANNING_MODEL,2026-09-06T00:00:00-07:00
base,ARU_GROUP,2027,4,PAYROLL-base-202704-TERMINALS,base-ARU_GROUP-2027-000658,WAGE-base-base-ARU_GROUP-2027-000658,TERMINALS,WAGE-base-base-ARU_GROUP-2027-000658-EMP-096,EMP-096,,Terminal employee,1,1,7125,7125,MODELED_CENSUS_ROLE_ALLOCATION_NOT_INDIVIDUAL_PAYSLIP,FORECAST,PUBLIC_SYNTHETIC_PLANNING_MODEL,2026-09-06T00:00:00-07:00
base,ARU_GROUP,2027,4,PAYROLL-base-202704-TERMINALS,base-ARU_GROUP-2027-000658,WAGE-base-base-ARU_GROUP-2027-000658,TERMINALS,WAGE-base-base-ARU_GROUP-2027-000658-EMP-097,EMP-097,,Terminal employee,1,1,7125,7125,MODELED_CENSUS_ROLE_ALLOCATION_NOT_INDIVIDUAL_PAYSLIP,FORECAST,PUBLIC_SYNTHETIC_PLANNING_MODEL,2026-09-06T00:00:00-07:00
base,ARU_GROUP,2027,4,PAYROLL-base-202704-TRUCKING,base-ARU_GROUP-2027-000665,WAGE-base-base-ARU_GROUP-2027-000665,TRUCKING,WAGE-base-base-ARU_GROUP-2027-000665-EMP-013,EMP-013,,Trucking Manager,1,1,14367,14367,MODELED_CENSUS_ROLE_ALLOCATION_NOT_INDIVIDUAL_PAYSLIP,FORECAST,PUBLIC_SYNTHETIC_PLANNING_MODEL,2026-09-06T00:00:00-07:00
base,ARU_GROUP,2027,4,PAYROLL-base-202704-TRUCKING,base-ARU_GROUP-2027-000665,WAGE-base-base-ARU_GROUP-2027-000665,TRUCKING,WAGE-base-base-ARU_GROUP-2027-000665-EMP-098,EMP-098,,Qualified regional industrial driver,1,1,7816,7816,MODELED_CENSUS_ROLE_ALLOCATION_NOT_INDIVIDUAL_PAYSLIP,FORECAST,PUBLIC_SYNTHETIC_PLANNING_MODEL,2026-09-06T00:00:00-07:00
base,ARU_GROUP,2027,4,PAYROLL-base-202704-TRUCKING,base-ARU_GROUP-2027-000665,WAGE-base-base-ARU_GROUP-2027-000665,TRUCKING,WAGE-base-base-ARU_GROUP-2027-000665-EMP-099,EMP-099,,Qualified regional industrial driver,1,1,7816,7816,MODELED_CENSUS_ROLE_ALLOCATION_NOT_INDIVIDUAL_PAYSLIP,FORECAST,PUBLIC_SYNTHETIC_PLANNING_MODEL,2026-09-06T00:00:00-07:00
base,ARU_GROUP,2027,4,PAYROLL-base-202704-TRUCKING,base-ARU_GROUP-2027-000665,WAGE-base-base-ARU_GROUP-2027-000665,TRUCKING,WAGE-base-base-ARU_GROUP-2027-000665-EMP-100,EMP-100,,Qualified regional industrial driver,1,1,7816,7816,MODELED_CENSUS_ROLE_ALLOCATION_NOT_INDIVIDUAL_PAYSLIP,FORECAST,PUBLIC_SYNTHETIC_PLANNING_MODEL,2026-09-06T00:00:00-07:00
base,ARU_GROUP,2027,4,PAYROLL-base-202704-TRUCKING,base-ARU_GROUP-2027-000665,WAGE-base-base-ARU_GROUP-2027-000665,TRUCKING,WAGE-base-base-ARU_GROUP-2027-000665-EMP-101,EMP-101,,Qualified regional industrial driver,1,1,7816,7816,MODELED_CENSUS_ROLE_ALLOCATION_NOT_INDIVIDUAL_PAYSLIP,FORECAST,PUBLIC_SYNTHETIC_PLANNING_MODEL,2026-09-06T00:00:00-07:00
base,ARU_GROUP,2027,4,PAYROLL-base-202704-TRUCKING,base-ARU_GROUP-2027-000665,WAGE-base-base-ARU_GROUP-2027-000665,TRUCKING,WAGE-base-base-ARU_GROUP-2027-000665-EMP-102,EMP-102,,Qualified regional industrial driver,1,1,7816,7816,MODELED_CENSUS_ROLE_ALLOCATION_NOT_INDIVIDUAL_PAYSLIP,FORECAST,PUBLIC_SYNTHETIC_PLANNING_MODEL,2026-09-06T00:00:00-07:00
base,ARU_GROUP,2027,4,PAYROLL-base-202704-TRUCKING,base-ARU_GROUP-2027-000665,WAGE-base-base-ARU_GROUP-2027-000665,TRUCKING,WAGE-base-base-ARU_GROUP-2027-000665-EMP-103,EMP-103,,Qualified regional industrial driver,1,1,7816,7816,MODELED_CENSUS_ROLE_ALLOCATION_NOT_INDIVIDUAL_PAYSLIP,FORECAST,PUBLIC_SYNTHETIC_PLANNING_MODEL,2026-09-06T00:00:00-07:00
base,ARU_GROUP,2027,4,PAYROLL-base-202704-TRUCKING,base-ARU_GROUP-2027-000665,WAGE-base-base-ARU_GROUP-2027-000665,TRUCKING,WAGE-base-base-ARU_GROUP-2027-000665-EMP-104,EMP-104,,Qualified regional industrial driver,1,1,7815,7815,MODELED_CENSUS_ROLE_ALLOCATION_NOT_INDIVIDUAL_PAYSLIP,FORECAST,PUBLIC_SYNTHETIC_PLANNING_MODEL,2026-09-06T00:00:00-07:00
base,ARU_GROUP,2027,4,PAYROLL-base-202704-TRUCKING,base-ARU_GROUP-2027-000665,WAGE-base-base-ARU_GROUP-2027-000665,TRUCKING,WAGE-base-base-ARU_GROUP-2027-000665-EMP-105,EMP-105,,Qualified regional industrial driver,1,1,7815,7815,MODELED_CENSUS_ROLE_ALLOCATION_NOT_INDIVIDUAL_PAYSLIP,FORECAST,PUBLIC_SYNTHETIC_PLANNING_MODEL,2026-09-06T00:00:00-07:00
base,ARU_GROUP,2027,4,PAYROLL-base-202704-TRUCKING,base-ARU_GROUP-2027-000665,WAGE-base-base-ARU_GROUP-2027-000665,TRUCKING,WAGE-base-base-ARU_GROUP-2027-000665-EMP-106,EMP-106,,Qualified regional industrial driver,1,1,7815,7815,MODELED_CENSUS_ROLE_ALLOCATION_NOT_INDIVIDUAL_PAYSLIP,FORECAST,PUBLIC_SYNTHETIC_PLANNING_MODEL,2026-09-06T00:00:00-07:00
base,ARU_GROUP,2027,4,PAYROLL-base-202704-TRUCKING,base-ARU_GROUP-2027-000665,WAGE-base-base-ARU_GROUP-2027-000665,TRUCKING,WAGE-base-base-ARU_GROUP-2027-000665-EMP-107,EMP-107,,Qualified regional industrial driver,1,1,7815,7815,MODELED_CENSUS_ROLE_ALLOCATION_NOT_INDIVIDUAL_PAYSLIP,FORECAST,PUBLIC_SYNTHETIC_PLANNING_MODEL,2026-09-06T00:00:00-07:00
base,ARU_GROUP,2027,4,PAYROLL-base-202704-TRUCKING,base-ARU_GROUP-2027-000665,WAGE-base-base-ARU_GROUP-2027-000665,TRUCKING,WAGE-base-base-ARU_GROUP-2027-000665-EMP-108,EMP-108,,Qualified regional industrial driver,1,1,7815,7815,MODELED_CENSUS_ROLE_ALLOCATION_NOT_INDIVIDUAL_PAYSLIP,FORECAST,PUBLIC_SYNTHETIC_PLANNING_MODEL,2026-09-06T00:00:00-07:00
base,ARU_GROUP,2027,4,PAYROLL-base-202704-TRUCKING,base-ARU_GROUP-2027-000665,WAGE-base-base-ARU_GROUP-2027-000665,TRUCKING,WAGE-base-base-ARU_GROUP-2027-000665-EMP-109,EMP-109,,Qualified regional industrial driver,1,1,7815,7815,MODELED_CENSUS_ROLE_ALLOCATION_NOT_INDIVIDUAL_PAYSLIP,FORECAST,PUBLIC_SYNTHETIC_PLANNING_MODEL,2026-09-06T00:00:00-07:00
base,ARU_GROUP,2027,4,PAYROLL-base-202704-TRUCKING,base-ARU_GROUP-2027-000665,WAGE-base-base-ARU_GROUP-2027-000665,TRUCKING,WAGE-base-base-ARU_GROUP-2027-000665-EMP-110,EMP-110,,Qualified regional industrial driver,1,1,7815,7815,MODELED_CENSUS_ROLE_ALLOCATION_NOT_INDIVIDUAL_PAYSLIP,FORECAST,PUBLIC_SYNTHETIC_PLANNING_MODEL,2026-09-06T00:00:00-07:00
base,ARU_GROUP,2027,4,PAYROLL-base-202704-TRUCKING,base-ARU_GROUP-2027-000665,WAGE-base-base-ARU_GROUP-2027-000665,TRUCKING,WAGE-base-base-ARU_GROUP-2027-000665-EMP-111,EMP-111,,Qualified regional industrial driver,1,1,7815,7815,MODELED_CENSUS_ROLE_ALLOCATION_NOT_INDIVIDUAL_PAYSLIP,FORECAST,PUBLIC_SYNTHETIC_PLANNING_MODEL,2026-09-06T00:00:00-07:00
base,ARU_GROUP,2027,4,PAYROLL-base-202704-TRUCKING,base-ARU_GROUP-2027-000665,WAGE-base-base-ARU_GROUP-2027-000665,TRUCKING,WAGE-base-base-ARU_GROUP-2027-000665-EMP-112,EMP-112,,Qualified regional industrial driver,1,1,7815,7815,MODELED_CENSUS_ROLE_ALLOCATION_NOT_INDIVIDUAL_PAYSLIP,FORECAST,PUBLIC_SYNTHETIC_PLANNING_MODEL,2026-09-06T00:00:00-07:00
base,ARU_GROUP,2027,4,PAYROLL-base-202704-TRUCKING,base-ARU_GROUP-2027-000665,WAGE-base-base-ARU_GROUP-2027-000665,TRUCKING,WAGE-base-base-ARU_GROUP-2027-000665-EMP-113,EMP-113,,Qualified regional industrial driver,1,1,7815,7815,MODELED_CENSUS_ROLE_ALLOCATION_NOT_INDIVIDUAL_PAYSLIP,FORECAST,PUBLIC_SYNTHETIC_PLANNING_MODEL,2026-09-06T00:00:00-07:00
base,ARU_GROUP,2027,4,PAYROLL-base-202704-TRUCKING,base-ARU_GROUP-2027-000665,WAGE-base-base-ARU_GROUP-2027-000665,TRUCKING,WAGE-base-base-ARU_GROUP-2027-000665-EMP-114,EMP-114,,Qualified regional industrial driver,1,1,7815,7815,MODELED_CENSUS_ROLE_ALLOCATION_NOT_INDIVIDUAL_PAYSLIP,FORECAST,PUBLIC_SYNTHETIC_PLANNING_MODEL,2026-09-06T00:00:00-07:00
base,ARU_GROUP,2027,4,PAYROLL-base-202704-TRUCKING,base-ARU_GROUP-2027-000665,WAGE-base-base-ARU_GROUP-2027-000665,TRUCKING,WAGE-base-base-ARU_GROUP-2027-000665-EMP-115,EMP-115,,Qualified regional industrial driver,1,1,7815,7815,MODELED_CENSUS_ROLE_ALLOCATION_NOT_INDIVIDUAL_PAYSLIP,FORECAST,PUBLIC_SYNTHETIC_PLANNING_MODEL,2026-09-06T00:00:00-07:00
base,ARU_GROUP,2027,4,PAYROLL-base-202704-TRUCKING,base-ARU_GROUP-2027-000665,WAGE-base-base-ARU_GROUP-2027-000665,TRUCKING,WAGE-base-base-ARU_GROUP-2027-000665-EMP-116,EMP-116,,Qualified regional industrial driver,1,1,7815,7815,MODELED_CENSUS_ROLE_ALLOCATION_NOT_INDIVIDUAL_PAYSLIP,FORECAST,PUBLIC_SYNTHETIC_PLANNING_MODEL,2026-09-06T00:00:00-07:00
base,ARU_GROUP,2027,4,PAYROLL-base-202704-TRUCKING,base-ARU_GROUP-2027-000665,WAGE-base-base-ARU_GROUP-2027-000665,TRUCKING,WAGE-base-base-ARU_GROUP-2027-000665-EMP-117,EMP-117,,Qualified regional industrial driver,1,1,7815,7815,MODELED_CENSUS_ROLE_ALLOCATION_NOT_INDIVIDUAL_PAYSLIP,FORECAST,PUBLIC_SYNTHETIC_PLANNING_MODEL,2026-09-06T00:00:00-07:00
base,ARU_GROUP,2027,4,PAYROLL-base-202704-TRUCKING,base-ARU_GROUP-2027-000665,WAGE-base-base-ARU_GROUP-2027-000665,TRUCKING,WAGE-base-base-ARU_GROUP-2027-000665-EMP-118,EMP-118,,Truck dispatcher,1,1,7815,7815,MODELED_CENSUS_ROLE_ALLOCATION_NOT_INDIVIDUAL_PAYSLIP,FORECAST,PUBLIC_SYNTHETIC_PLANNING_MODEL,2026-09-06T00:00:00-07:00
base,ARU_GROUP,2027,4,PAYROLL-base-202704-TRUCKING,base-ARU_GROUP-2027-000665,WAGE-base-base-ARU_GROUP-2027-000665,TRUCKING,WAGE-base-base-ARU_GROUP-2027-000665-EMP-119,EMP-119,,Truck fleet mechanic,1,1,7815,7815,MODELED_CENSUS_ROLE_ALLOCATION_NOT_INDIVIDUAL_PAYSLIP,FORECAST,PUBLIC_SYNTHETIC_PLANNING_MODEL,2026-09-06T00:00:00-07:00
base,ARU_GROUP,2027,4,PAYROLL-base-202704-TRUCKING,base-ARU_GROUP-2027-000665,WAGE-base-base-ARU_GROUP-2027-000665,TRUCKING,WAGE-base-base-ARU_GROUP-2027-000665-EMP-120,EMP-120,,Truck fleet mechanic,1,1,7815,7815,MODELED_CENSUS_ROLE_ALLOCATION_NOT_INDIVIDUAL_PAYSLIP,FORECAST,PUBLIC_SYNTHETIC_PLANNING_MODEL,2026-09-06T00:00:00-07:00
base,ARU_GROUP,2027,4,PAYROLL-base-202704-WAREHOUSE,base-ARU_GROUP-2027-000672,WAGE-base-base-ARU_GROUP-2027-000672,WAREHOUSE,WAGE-base-base-ARU_GROUP-2027-000672-EMP-014,EMP-014,,Warehouse Manager,1,1,13792,13792,MODELED_CENSUS_ROLE_ALLOCATION_NOT_INDIVIDUAL_PAYSLIP,FORECAST,PUBLIC_SYNTHETIC_PLANNING_MODEL,2026-09-06T00:00:00-07:00
base,ARU_GROUP,2027,4,PAYROLL-base-202704-WAREHOUSE,base-ARU_GROUP-2027-000672,WAGE-base-base-ARU_GROUP-2027-000672,WAREHOUSE,WAGE-base-base-ARU_GROUP-2027-000672-EMP-121,EMP-121,,Warehouse employee,1,1,7126,7126,MODELED_CENSUS_ROLE_ALLOCATION_NOT_INDIVIDUAL_PAYSLIP,FORECAST,PUBLIC_SYNTHETIC_PLANNING_MODEL,2026-09-06T00:00:00-07:00
base,ARU_GROUP,2027,4,PAYROLL-base-202704-WAREHOUSE,base-ARU_GROUP-2027-000672,WAGE-base-base-ARU_GROUP-2027-000672,WAREHOUSE,WAGE-base-base-ARU_GROUP-2027-000672-EMP-122,EMP-122,,Warehouse employee,1,1,7126,7126,MODELED_CENSUS_ROLE_ALLOCATION_NOT_INDIVIDUAL_PAYSLIP,FORECAST,PUBLIC_SYNTHETIC_PLANNING_MODEL,2026-09-06T00:00:00-07:00
base,ARU_GROUP,2027,4,PAYROLL-base-202704-WAREHOUSE,base-ARU_GROUP-2027-000672,WAGE-base-base-ARU_GROUP-2027-000672,WAREHOUSE,WAGE-base-base-ARU_GROUP-2027-000672-EMP-123,EMP-123,,Warehouse employee,1,1,7126,7126,MODELED_CENSUS_ROLE_ALLOCATION_NOT_INDIVIDUAL_PAYSLIP,FORECAST,PUBLIC_SYNTHETIC_PLANNING_MODEL,2026-09-06T00:00:00-07:00
base,ARU_GROUP,2027,4,PAYROLL-base-202704-WAREHOUSE,base-ARU_GROUP-2027-000672,WAGE-base-base-ARU_GROUP-2027-000672,WAREHOUSE,WAGE-base-base-ARU_GROUP-2027-000672-EMP-124,EMP-124,,Warehouse employee,1,1,7126,7126,MODELED_CENSUS_ROLE_ALLOCATION_NOT_INDIVIDUAL_PAYSLIP,FORECAST,PUBLIC_SYNTHETIC_PLANNING_MODEL,2026-09-06T00:00:00-07:00
base,ARU_GROUP,2027,4,PAYROLL-base-202704-WAREHOUSE,base-ARU_GROUP-2027-000672,WAGE-base-base-ARU_GROUP-2027-000672,WAREHOUSE,WAGE-base-base-ARU_GROUP-2027-000672-EMP-125,EMP-125,,Warehouse employee,1,1,7126,7126,MODELED_CENSUS_ROLE_ALLOCATION_NOT_INDIVIDUAL_PAYSLIP,FORECAST,PUBLIC_SYNTHETIC_PLANNING_MODEL,2026-09-06T00:00:00-07:00
base,ARU_GROUP,2027,4,PAYROLL-base-202704-WAREHOUSE,base-ARU_GROUP-2027-000672,WAGE-base-base-ARU_GROUP-2027-000672,WAREHOUSE,WAGE-base-base-ARU_GROUP-2027-000672-EMP-126,EMP-126,,Warehouse employee,1,1,7126,7126,MODELED_CENSUS_ROLE_ALLOCATION_NOT_INDIVIDUAL_PAYSLIP,FORECAST,PUBLIC_SYNTHETIC_PLANNING_MODEL,2026-09-06T00:00:00-07:00
base,ARU_GROUP,2027,4,PAYROLL-base-202704-WAREHOUSE,base-ARU_GROUP-2027-000672,WAGE-base-base-ARU_GROUP-2027-000672,WAREHOUSE,WAGE-base-base-ARU_GROUP-2027-000672-EMP-127,EMP-127,,Warehouse employee,1,1,7126,7126,MODELED_CENSUS_ROLE_ALLOCATION_NOT_INDIVIDUAL_PAYSLIP,FORECAST,PUBLIC_SYNTHETIC_PLANNING_MODEL,2026-09-06T00:00:00-07:00
base,ARU_GROUP,2027,4,PAYROLL-base-202704-WAREHOUSE,base-ARU_GROUP-2027-000672,WAGE-base-base-ARU_GROUP-2027-000672,WAREHOUSE,WAGE-base-base-ARU_GROUP-2027-000672-EMP-128,EMP-128,,Warehouse employee,1,1,7126,7126,MODELED_CENSUS_ROLE_ALLOCATION_NOT_INDIVIDUAL_PAYSLIP,FORECAST,PUBLIC_SYNTHETIC_PLANNING_MODEL,2026-09-06T00:00:00-07:00
base,ARU_GROUP,2027,4,PAYROLL-base-202704-WAREHOUSE,base-ARU_GROUP-2027-000672,WAGE-base-base-ARU_GROUP-2027-000672,WAREHOUSE,WAGE-base-base-ARU_GROUP-2027-000672-EMP-129,EMP-129,,Warehouse employee,1,1,7125,7125,MODELED_CENSUS_ROLE_ALLOCATION_NOT_INDIVIDUAL_PAYSLIP,FORECAST,PUBLIC_SYNTHETIC_PLANNING_MODEL,2026-09-06T00:00:00-07:00
base,ARU_GROUP,2027,4,PAYROLL-base-202704-WAREHOUSE,base-ARU_GROUP-2027-000672,WAGE-base-base-ARU_GROUP-2027-000672,WAREHOUSE,WAGE-base-base-ARU_GROUP-2027-000672-EMP-130,EMP-130,,Warehouse employee,1,1,7125,7125,MODELED_CENSUS_ROLE_ALLOCATION_NOT_INDIVIDUAL_PAYSLIP,FORECAST,PUBLIC_SYNTHETIC_PLANNING_MODEL,2026-09-06T00:00:00-07:00
base,ARU_GROUP,2027,4,PAYROLL-base-202704-WAREHOUSE,base-ARU_GROUP-2027-000672,WAGE-base-base-ARU_GROUP-2027-000672,WAREHOUSE,WAGE-base-base-ARU_GROUP-2027-000672-EMP-131,EMP-131,,Warehouse employee,1,1,7125,7125,MODELED_CENSUS_ROLE_ALLOCATION_NOT_INDIVIDUAL_PAYSLIP,FORECAST,PUBLIC_SYNTHETIC_PLANNING_MODEL,2026-09-06T00:00:00-07:00
base,ARU_GROUP,2027,4,PAYROLL-base-202704-ARU,base-ARU_GROUP-2027-000679,WAGE-base-base-ARU_GROUP-2027-000679,ARU,WAGE-base-base-ARU_GROUP-2027-000679-EMP-001,EMP-001,,President and COO,1,1,27583,27583,MODELED_CENSUS_ROLE_ALLOCATION_NOT_INDIVIDUAL_PAYSLIP,FORECAST,PUBLIC_SYNTHETIC_PLANNING_MODEL,2026-09-06T00:00:00-07:00
base,ARU_GROUP,2027,4,PAYROLL-base-202704-ARU,base-ARU_GROUP-2027-000679,WAGE-base-base-ARU_GROUP-2027-000679,ARU,WAGE-base-base-ARU_GROUP-2027-000679-EMP-002,EMP-002,,Director Industrial Operations,1,1,20113,20113,MODELED_CENSUS_ROLE_ALLOCATION_NOT_INDIVIDUAL_PAYSLIP,FORECAST,PUBLIC_SYNTHETIC_PLANNING_MODEL,2026-09-06T00:00:00-07:00
base,ARU_GROUP,2027,4,PAYROLL-base-202704-ARU,base-ARU_GROUP-2027-000679,WAGE-base-base-ARU_GROUP-2027-000679,ARU,WAGE-base-base-ARU_GROUP-2027-000679-EMP-003,EMP-003,,Controller,1,1,18964,18964,MODELED_CENSUS_ROLE_ALLOCATION_NOT_INDIVIDUAL_PAYSLIP,FORECAST,PUBLIC_SYNTHETIC_PLANNING_MODEL,2026-09-06T00:00:00-07:00
base,ARU_GROUP,2027,4,PAYROLL-base-202704-ARU,base-ARU_GROUP-2027-000679,WAGE-base-base-ARU_GROUP-2027-000679,ARU,WAGE-base-base-ARU_GROUP-2027-000679-EMP-004,EMP-004,,Director Safety and Environment,1,1,17814,17814,MODELED_CENSUS_ROLE_ALLOCATION_NOT_INDIVIDUAL_PAYSLIP,FORECAST,PUBLIC_SYNTHETIC_PLANNING_MODEL,2026-09-06T00:00:00-07:00
base,ARU_GROUP,2027,4,PAYROLL-base-202704-ARU,base-ARU_GROUP-2027-000679,WAGE-base-base-ARU_GROUP-2027-000679,ARU,WAGE-base-base-ARU_GROUP-2027-000679-EMP-005,EMP-005,,People and Administration Manager,1,1,13217,13217,MODELED_CENSUS_ROLE_ALLOCATION_NOT_INDIVIDUAL_PAYSLIP,FORECAST,PUBLIC_SYNTHETIC_PLANNING_MODEL,2026-09-06T00:00:00-07:00
base,ARU_GROUP,2027,4,PAYROLL-base-202704-ARU,base-ARU_GROUP-2027-000679,WAGE-base-base-ARU_GROUP-2027-000679,ARU,WAGE-base-base-ARU_GROUP-2027-000679-EMP-006,EMP-006,,Procurement and Systems Manager,1,1,13217,13217,MODELED_CENSUS_ROLE_ALLOCATION_NOT_INDIVIDUAL_PAYSLIP,FORECAST,PUBLIC_SYNTHETIC_PLANNING_MODEL,2026-09-06T00:00:00-07:00
base,ARU_GROUP,2027,4,PAYROLL-base-202704-ARU,base-ARU_GROUP-2027-000679,WAGE-base-base-ARU_GROUP-2027-000679,ARU,WAGE-base-base-ARU_GROUP-2027-000679-EMP-015,EMP-015,,Corporate employee,1,1,8275,8275,MODELED_CENSUS_ROLE_ALLOCATION_NOT_INDIVIDUAL_PAYSLIP,FORECAST,PUBLIC_SYNTHETIC_PLANNING_MODEL,2026-09-06T00:00:00-07:00
base,ARU_GROUP,2027,4,PAYROLL-base-202704-ARU,base-ARU_GROUP-2027-000679,WAGE-base-base-ARU_GROUP-2027-000679,ARU,WAGE-base-base-ARU_GROUP-2027-000679-EMP-016,EMP-016,,Corporate employee,1,1,8275,8275,MODELED_CENSUS_ROLE_ALLOCATION_NOT_INDIVIDUAL_PAYSLIP,FORECAST,PUBLIC_SYNTHETIC_PLANNING_MODEL,2026-09-06T00:00:00-07:00
base,ARU_GROUP,2027,4,PAYROLL-base-202704-ARU,base-ARU_GROUP-2027-000679,WAGE-base-base-ARU_GROUP-2027-000679,ARU,WAGE-base-base-ARU_GROUP-2027-000679-EMP-017,EMP-017,,Corporate employee,1,1,8275,8275,MODELED_CENSUS_ROLE_ALLOCATION_NOT_INDIVIDUAL_PAYSLIP,FORECAST,PUBLIC_SYNTHETIC_PLANNING_MODEL,2026-09-06T00:00:00-07:00
base,ARU_GROUP,2027,4,PAYROLL-base-202704-ARU,base-ARU_GROUP-2027-000679,WAGE-base-base-ARU_GROUP-2027-000679,ARU,WAGE-base-base-ARU_GROUP-2027-000679-EMP-018,EMP-018,,Corporate employee,1,1,8275,8275,MODELED_CENSUS_ROLE_ALLOCATION_NOT_INDIVIDUAL_PAYSLIP,FORECAST,PUBLIC_SYNTHETIC_PLANNING_MODEL,2026-09-06T00:00:00-07:00
base,ARU_GROUP,2027,5,PAYROLL-base-202705-BST,base-ARU_GROUP-2027-000902,WAGE-base-base-ARU_GROUP-2027-000902,BST,WAGE-base-base-ARU_GROUP-2027-000902-EMP-007,EMP-007,,General Manager,1,1,21837,21837,MODELED_CENSUS_ROLE_ALLOCATION_NOT_INDIVIDUAL_PAYSLIP,FORECAST,PUBLIC_SYNTHETIC_PLANNING_MODEL,2026-09-06T00:00:00-07:00
base,ARU_GROUP,2027,5,PAYROLL-base-202705-BST,base-ARU_GROUP-2027-000902,WAGE-base-base-ARU_GROUP-2027-000902,BST,WAGE-base-base-ARU_GROUP-2027-000902-EMP-008,EMP-008,,Operations and Dispatch Manager,1,1,14366,14366,MODELED_CENSUS_ROLE_ALLOCATION_NOT_INDIVIDUAL_PAYSLIP,FORECAST,PUBLIC_SYNTHETIC_PLANNING_MODEL,2026-09-06T00:00:00-07:00
base,ARU_GROUP,2027,5,PAYROLL-base-202705-BST,base-ARU_GROUP-2027-000902,WAGE-base-base-ARU_GROUP-2027-000902,BST,WAGE-base-base-ARU_GROUP-2027-000902-EMP-009,EMP-009,,Working MOW Foreman,1,1,11493,11493,MODELED_CENSUS_ROLE_ALLOCATION_NOT_INDIVIDUAL_PAYSLIP,FORECAST,PUBLIC_SYNTHETIC_PLANNING_MODEL,2026-09-06T00:00:00-07:00
base,ARU_GROUP,2027,5,PAYROLL-base-202705-BST,base-ARU_GROUP-2027-000902,WAGE-base-base-ARU_GROUP-2027-000902,BST,WAGE-base-base-ARU_GROUP-2027-000902-EMP-010,EMP-010,,Mechanical Foreman,1,1,12642,12642,MODELED_CENSUS_ROLE_ALLOCATION_NOT_INDIVIDUAL_PAYSLIP,FORECAST,PUBLIC_SYNTHETIC_PLANNING_MODEL,2026-09-06T00:00:00-07:00
base,ARU_GROUP,2027,5,PAYROLL-base-202705-BST,base-ARU_GROUP-2027-000902,WAGE-base-base-ARU_GROUP-2027-000902,BST,WAGE-base-base-ARU_GROUP-2027-000902-EMP-011,EMP-011,,Safety and Compliance Manager,1,1,12067,12067,MODELED_CENSUS_ROLE_ALLOCATION_NOT_INDIVIDUAL_PAYSLIP,FORECAST,PUBLIC_SYNTHETIC_PLANNING_MODEL,2026-09-06T00:00:00-07:00
base,ARU_GROUP,2027,5,PAYROLL-base-202705-BST,base-ARU_GROUP-2027-000902,WAGE-base-base-ARU_GROUP-2027-000902,BST,WAGE-base-base-ARU_GROUP-2027-000902-EMP-019,EMP-019,,Train Engine employee,1,1,8390,8390,MODELED_CENSUS_ROLE_ALLOCATION_NOT_INDIVIDUAL_PAYSLIP,FORECAST,PUBLIC_SYNTHETIC_PLANNING_MODEL,2026-09-06T00:00:00-07:00
base,ARU_GROUP,2027,5,PAYROLL-base-202705-BST,base-ARU_GROUP-2027-000902,WAGE-base-base-ARU_GROUP-2027-000902,BST,WAGE-base-base-ARU_GROUP-2027-000902-EMP-020,EMP-020,,Train Engine employee,1,1,8390,8390,MODELED_CENSUS_ROLE_ALLOCATION_NOT_INDIVIDUAL_PAYSLIP,FORECAST,PUBLIC_SYNTHETIC_PLANNING_MODEL,2026-09-06T00:00:00-07:00
base,ARU_GROUP,2027,5,PAYROLL-base-202705-BST,base-ARU_GROUP-2027-000902,WAGE-base-base-ARU_GROUP-2027-000902,BST,WAGE-base-base-ARU_GROUP-2027-000902-EMP-021,EMP-021,,Train Engine employee,1,1,8390,8390,MODELED_CENSUS_ROLE_ALLOCATION_NOT_INDIVIDUAL_PAYSLIP,FORECAST,PUBLIC_SYNTHETIC_PLANNING_MODEL,2026-09-06T00:00:00-07:00
base,ARU_GROUP,2027,5,PAYROLL-base-202705-BST,base-ARU_GROUP-2027-000902,WAGE-base-base-ARU_GROUP-2027-000902,BST,WAGE-base-base-ARU_GROUP-2027-000902-EMP-022,EMP-022,,Train Engine employee,1,1,8390,8390,MODELED_CENSUS_ROLE_ALLOCATION_NOT_INDIVIDUAL_PAYSLIP,FORECAST,PUBLIC_SYNTHETIC_PLANNING_MODEL,2026-09-06T00:00:00-07:00
base,ARU_GROUP,2027,5,PAYROLL-base-202705-BST,base-ARU_GROUP-2027-000902,WAGE-base-base-ARU_GROUP-2027-000902,BST,WAGE-base-base-ARU_GROUP-2027-000902-EMP-023,EMP-023,,Train Engine employee,1,1,8390,8390,MODELED_CENSUS_ROLE_ALLOCATION_NOT_INDIVIDUAL_PAYSLIP,FORECAST,PUBLIC_SYNTHETIC_PLANNING_MODEL,2026-09-06T00:00:00-07:00
base,ARU_GROUP,2027,5,PAYROLL-base-202705-BST,base-ARU_GROUP-2027-000902,WAGE-base-base-ARU_GROUP-2027-000902,BST,WAGE-base-base-ARU_GROUP-2027-000902-EMP-024,EMP-024,,Train Engine employee,1,1,8390,8390,MODELED_CENSUS_ROLE_ALLOCATION_NOT_INDIVIDUAL_PAYSLIP,FORECAST,PUBLIC_SYNTHETIC_PLANNING_MODEL,2026-09-06T00:00:00-07:00
base,ARU_GROUP,2027,5,PAYROLL-base-202705-BST,base-ARU_GROUP-2027-000902,WAGE-base-base-ARU_GROUP-2027-000902,BST,WAGE-base-base-ARU_GROUP-2027-000902-EMP-025,EMP-025,,Train Engine employee,1,1,8390,8390,MODELED_CENSUS_ROLE_ALLOCATION_NOT_INDIVIDUAL_PAYSLIP,FORECAST,PUBLIC_SYNTHETIC_PLANNING_MODEL,2026-09-06T00:00:00-07:00
base,ARU_GROUP,2027,5,PAYROLL-base-202705-BST,base-ARU_GROUP-2027-000902,WAGE-base-base-ARU_GROUP-2027-000902,BST,WAGE-base-base-ARU_GROUP-2027-000902-EMP-026,EMP-026,,Train Engine employee,1,1,8390,8390,MODELED_CENSUS_ROLE_ALLOCATION_NOT_INDIVIDUAL_PAYSLIP,FORECAST,PUBLIC_SYNTHETIC_PLANNING_MODEL,2026-09-06T00:00:00-07:00
base,ARU_GROUP,2027,5,PAYROLL-base-202705-BST,base-ARU_GROUP-2027-000902,WAGE-base-base-ARU_GROUP-2027-000902,BST,WAGE-base-base-ARU_GROUP-2027-000902-EMP-027,EMP-027,,Train Engine employee,1,1,8390,8390,MODELED_CENSUS_ROLE_ALLOCATION_NOT_INDIVIDUAL_PAYSLIP,FORECAST,PUBLIC_SYNTHETIC_PLANNING_MODEL,2026-09-06T00:00:00-07:00
base,ARU_GROUP,2027,5,PAYROLL-base-202705-BST,base-ARU_GROUP-2027-000902,WAGE-base-base-ARU_GROUP-2027-000902,BST,WAGE-base-base-ARU_GROUP-2027-000902-EMP-028,EMP-028,,Train Engine employee,1,1,8390,8390,MODELED_CENSUS_ROLE_ALLOCATION_NOT_INDIVIDUAL_PAYSLIP,FORECAST,PUBLIC_SYNTHETIC_PLANNING_MODEL,2026-09-06T00:00:00-07:00
base,ARU_GROUP,2027,5,PAYROLL-base-202705-BST,base-ARU_GROUP-2027-000902,WAGE-base-base-ARU_GROUP-2027-000902,BST,WAGE-base-base-ARU_GROUP-2027-000902-EMP-029,EMP-029,,Train Engine employee,1,1,8390,8390,MODELED_CENSUS_ROLE_ALLOCATION_NOT_INDIVIDUAL_PAYSLIP,FORECAST,PUBLIC_SYNTHETIC_PLANNING_MODEL,2026-09-06T00:00:00-07:00
base,ARU_GROUP,2027,5,PAYROLL-base-202705-BST,base-ARU_GROUP-2027-000902,WAGE-base-base-ARU_GROUP-2027-000902,BST,WAGE-base-base-ARU_GROUP-2027-000902-EMP-030,EMP-030,,Train Engine employee,1,1,8390,8390,MODELED_CENSUS_ROLE_ALLOCATION_NOT_INDIVIDUAL_PAYSLIP,FORECAST,PUBLIC_SYNTHETIC_PLANNING_MODEL,2026-09-06T00:00:00-07:00
base,ARU_GROUP,2027,5,PAYROLL-base-202705-BST,base-ARU_GROUP-2027-000902,WAGE-base-base-ARU_GROUP-2027-000902,BST,WAGE-base-base-ARU_GROUP-2027-000902-EMP-031,EMP-031,,Train Engine employee,1,1,8390,8390,MODELED_CENSUS_ROLE_ALLOCATION_NOT_INDIVIDUAL_PAYSLIP,FORECAST,PUBLIC_SYNTHETIC_PLANNING_MODEL,2026-09-06T00:00:00-07:00
base,ARU_GROUP,2027,5,PAYROLL-base-202705-BST,base-ARU_GROUP-2027-000902,WAGE-base-base-ARU_GROUP-2027-000902,BST,WAGE-base-base-ARU_GROUP-2027-000902-EMP-032,EMP-032,,Train Engine employee,1,1,8390,8390,MODELED_CENSUS_ROLE_ALLOCATION_NOT_INDIVIDUAL_PAYSLIP,FORECAST,PUBLIC_SYNTHETIC_PLANNING_MODEL,2026-09-06T00:00:00-07:00
base,ARU_GROUP,2027,5,PAYROLL-base-202705-BST,base-ARU_GROUP-2027-000902,WAGE-base-base-ARU_GROUP-2027-000902,BST,WAGE-base-base-ARU_GROUP-2027-000902-EMP-033,EMP-033,,Train Engine employee,1,1,8390,8390,MODELED_CENSUS_ROLE_ALLOCATION_NOT_INDIVIDUAL_PAYSLIP,FORECAST,PUBLIC_SYNTHETIC_PLANNING_MODEL,2026-09-06T00:00:00-07:00
base,ARU_GROUP,2027,5,PAYROLL-base-202705-BST,base-ARU_GROUP-2027-000902,WAGE-base-base-ARU_GROUP-2027-000902,BST,WAGE-base-base-ARU_GROUP-2027-000902-EMP-034,EMP-034,,Train Engine employee,1,1,8390,8390,MODELED_CENSUS_ROLE_ALLOCATION_NOT_INDIVIDUAL_PAYSLIP,FORECAST,PUBLIC_SYNTHETIC_PLANNING_MODEL,2026-09-06T00:00:00-07:00
base,ARU_GROUP,2027,5,PAYROLL-base-202705-BST,base-ARU_GROUP-2027-000902,WAGE-base-base-ARU_GROUP-2027-000902,BST,WAGE-base-base-ARU_GROUP-2027-000902-EMP-035,EMP-035,,Train Engine employee,1,1,8390,8390,MODELED_CENSUS_ROLE_ALLOCATION_NOT_INDIVIDUAL_PAYSLIP,FORECAST,PUBLIC_SYNTHETIC_PLANNING_MODEL,2026-09-06T00:00:00-07:00
base,ARU_GROUP,2027,5,PAYROLL-base-202705-BST,base-ARU_GROUP-2027-000902,WAGE-base-base-ARU_GROUP-2027-000902,BST,WAGE-base-base-ARU_GROUP-2027-000902-EMP-036,EMP-036,,Train Engine employee,1,1,8390,8390,MODELED_CENSUS_ROLE_ALLOCATION_NOT_INDIVIDUAL_PAYSLIP,FORECAST,PUBLIC_SYNTHETIC_PLANNING_MODEL,2026-09-06T00:00:00-07:00
base,ARU_GROUP,2027,5,PAYROLL-base-202705-BST,base-ARU_GROUP-2027-000902,WAGE-base-base-ARU_GROUP-2027-000902,BST,WAGE-base-base-ARU_GROUP-2027-000902-EMP-037,EMP-037,,Train Engine employee,1,1,8390,8390,MODELED_CENSUS_ROLE_ALLOCATION_NOT_INDIVIDUAL_PAYSLIP,FORECAST,PUBLIC_SYNTHETIC_PLANNING_MODEL,2026-09-06T00:00:00-07:00
base,ARU_GROUP,2027,5,PAYROLL-base-202705-BST,base-ARU_GROUP-2027-000902,WAGE-base-base-ARU_GROUP-2027-000902,BST,WAGE-base-base-ARU_GROUP-2027-000902-EMP-038,EMP-038,,Train Engine employee,1,1,8390,8390,MODELED_CENSUS_ROLE_ALLOCATION_NOT_INDIVIDUAL_PAYSLIP,FORECAST,PUBLIC_SYNTHETIC_PLANNING_MODEL,2026-09-06T00:00:00-07:00
base,ARU_GROUP,2027,5,PAYROLL-base-202705-BST,base-ARU_GROUP-2027-000902,WAGE-base-base-ARU_GROUP-2027-000902,BST,WAGE-base-base-ARU_GROUP-2027-000902-EMP-039,EMP-039,,Train Engine employee,1,1,8390,8390,MODELED_CENSUS_ROLE_ALLOCATION_NOT_INDIVIDUAL_PAYSLIP,FORECAST,PUBLIC_SYNTHETIC_PLANNING_MODEL,2026-09-06T00:00:00-07:00
base,ARU_GROUP,2027,5,PAYROLL-base-202705-BST,base-ARU_GROUP-2027-000902,WAGE-base-base-ARU_GROUP-2027-000902,BST,WAGE-base-base-ARU_GROUP-2027-000902-EMP-040,EMP-040,,Train Engine employee,1,1,8390,8390,MODELED_CENSUS_ROLE_ALLOCATION_NOT_INDIVIDUAL_PAYSLIP,FORECAST,PUBLIC_SYNTHETIC_PLANNING_MODEL,2026-09-06T00:00:00-07:00
base,ARU_GROUP,2027,5,PAYROLL-base-202705-BST,base-ARU_GROUP-2027-000902,WAGE-base-base-ARU_GROUP-2027-000902,BST,WAGE-base-base-ARU_GROUP-2027-000902-EMP-041,EMP-041,,Mow employee,1,1,8045,8045,MODELED_CENSUS_ROLE_ALLOCATION_NOT_INDIVIDUAL_PAYSLIP,FORECAST,PUBLIC_SYNTHETIC_PLANNING_MODEL,2026-09-06T00:00:00-07:00
base,ARU_GROUP,2027,5,PAYROLL-base-202705-BST,base-ARU_GROUP-2027-000902,WAGE-base-base-ARU_GROUP-2027-000902,BST,WAGE-base-base-ARU_GROUP-2027-000902-EMP-042,EMP-042,,Mow employee,1,1,8045,8045,MODELED_CENSUS_ROLE_ALLOCATION_NOT_INDIVIDUAL_PAYSLIP,FORECAST,PUBLIC_SYNTHETIC_PLANNING_MODEL,2026-09-06T00:00:00-07:00
base,ARU_GROUP,2027,5,PAYROLL-base-202705-BST,base-ARU_GROUP-2027-000902,WAGE-base-base-ARU_GROUP-2027-000902,BST,WAGE-base-base-ARU_GROUP-2027-000902-EMP-043,EMP-043,,Mow employee,1,1,8045,8045,MODELED_CENSUS_ROLE_ALLOCATION_NOT_INDIVIDUAL_PAYSLIP,FORECAST,PUBLIC_SYNTHETIC_PLANNING_MODEL,2026-09-06T00:00:00-07:00
base,ARU_GROUP,2027,5,PAYROLL-base-202705-BST,base-ARU_GROUP-2027-000902,WAGE-base-base-ARU_GROUP-2027-000902,BST,WAGE-base-base-ARU_GROUP-2027-000902-EMP-044,EMP-044,,Mow employee,1,1,8045,8045,MODELED_CENSUS_ROLE_ALLOCATION_NOT_INDIVIDUAL_PAYSLIP,FORECAST,PUBLIC_SYNTHETIC_PLANNING_MODEL,2026-09-06T00:00:00-07:00
base,ARU_GROUP,2027,5,PAYROLL-base-202705-BST,base-ARU_GROUP-2027-000902,WAGE-base-base-ARU_GROUP-2027-000902,BST,WAGE-base-base-ARU_GROUP-2027-000902-EMP-045,EMP-045,,Mow employee,1,1,8045,8045,MODELED_CENSUS_ROLE_ALLOCATION_NOT_INDIVIDUAL_PAYSLIP,FORECAST,PUBLIC_SYNTHETIC_PLANNING_MODEL,2026-09-06T00:00:00-07:00
base,ARU_GROUP,2027,5,PAYROLL-base-202705-BST,base-ARU_GROUP-2027-000902,WAGE-base-base-ARU_GROUP-2027-000902,BST,WAGE-base-base-ARU_GROUP-2027-000902-EMP-046,EMP-046,,Mow employee,1,1,8045,8045,MODELED_CENSUS_ROLE_ALLOCATION_NOT_INDIVIDUAL_PAYSLIP,FORECAST,PUBLIC_SYNTHETIC_PLANNING_MODEL,2026-09-06T00:00:00-07:00
base,ARU_GROUP,2027,5,PAYROLL-base-202705-BST,base-ARU_GROUP-2027-000902,WAGE-base-base-ARU_GROUP-2027-000902,BST,WAGE-base-base-ARU_GROUP-2027-000902-EMP-047,EMP-047,,Mow employee,1,1,8045,8045,MODELED_CENSUS_ROLE_ALLOCATION_NOT_INDIVIDUAL_PAYSLIP,FORECAST,PUBLIC_SYNTHETIC_PLANNING_MODEL,2026-09-06T00:00:00-07:00
base,ARU_GROUP,2027,5,PAYROLL-base-202705-BST,base-ARU_GROUP-2027-000902,WAGE-base-base-ARU_GROUP-2027-000902,BST,WAGE-base-base-ARU_GROUP-2027-000902-EMP-048,EMP-048,,Mow employee,1,1,8045,8045,MODELED_CENSUS_ROLE_ALLOCATION_NOT_INDIVIDUAL_PAYSLIP,FORECAST,PUBLIC_SYNTHETIC_PLANNING_MODEL,2026-09-06T00:00:00-07:00
base,ARU_GROUP,2027,5,PAYROLL-base-202705-BST,base-ARU_GROUP-2027-000902,WAGE-base-base-ARU_GROUP-2027-000902,BST,WAGE-base-base-ARU_GROUP-2027-000902-EMP-049,EMP-049,,Mow employee,1,1,8045,8045,MODELED_CENSUS_ROLE_ALLOCATION_NOT_INDIVIDUAL_PAYSLIP,FORECAST,PUBLIC_SYNTHETIC_PLANNING_MODEL,2026-09-06T00:00:00-07:00
base,ARU_GROUP,2027,5,PAYROLL-base-202705-BST,base-ARU_GROUP-2027-000902,WAGE-base-base-ARU_GROUP-2027-000902,BST,WAGE-base-base-ARU_GROUP-2027-000902-EMP-050,EMP-050,,Mechanical employee,1,1,8620,8620,MODELED_CENSUS_ROLE_ALLOCATION_NOT_INDIVIDUAL_PAYSLIP,FORECAST,PUBLIC_SYNTHETIC_PLANNING_MODEL,2026-09-06T00:00:00-07:00
base,ARU_GROUP,2027,5,PAYROLL-base-202705-BST,base-ARU_GROUP-2027-000902,WAGE-base-base-ARU_GROUP-2027-000902,BST,WAGE-base-base-ARU_GROUP-2027-000902-EMP-051,EMP-051,,Mechanical employee,1,1,8620,8620,MODELED_CENSUS_ROLE_ALLOCATION_NOT_INDIVIDUAL_PAYSLIP,FORECAST,PUBLIC_SYNTHETIC_PLANNING_MODEL,2026-09-06T00:00:00-07:00
base,ARU_GROUP,2027,5,PAYROLL-base-202705-BST,base-ARU_GROUP-2027-000902,WAGE-base-base-ARU_GROUP-2027-000902,BST,WAGE-base-base-ARU_GROUP-2027-000902-EMP-052,EMP-052,,Mechanical employee,1,1,8620,8620,MODELED_CENSUS_ROLE_ALLOCATION_NOT_INDIVIDUAL_PAYSLIP,FORECAST,PUBLIC_SYNTHETIC_PLANNING_MODEL,2026-09-06T00:00:00-07:00
base,ARU_GROUP,2027,5,PAYROLL-base-202705-BST,base-ARU_GROUP-2027-000902,WAGE-base-base-ARU_GROUP-2027-000902,BST,WAGE-base-base-ARU_GROUP-2027-000902-EMP-053,EMP-053,,Mechanical employee,1,1,8620,8620,MODELED_CENSUS_ROLE_ALLOCATION_NOT_INDIVIDUAL_PAYSLIP,FORECAST,PUBLIC_SYNTHETIC_PLANNING_MODEL,2026-09-06T00:00:00-07:00
base,ARU_GROUP,2027,5,PAYROLL-base-202705-BST,base-ARU_GROUP-2027-000902,WAGE-base-base-ARU_GROUP-2027-000902,BST,WAGE-base-base-ARU_GROUP-2027-000902-EMP-054,EMP-054,,Mechanical employee,1,1,8620,8620,MODELED_CENSUS_ROLE_ALLOCATION_NOT_INDIVIDUAL_PAYSLIP,FORECAST,PUBLIC_SYNTHETIC_PLANNING_MODEL,2026-09-06T00:00:00-07:00
base,ARU_GROUP,2027,5,PAYROLL-base-202705-BST,base-ARU_GROUP-2027-000902,WAGE-base-base-ARU_GROUP-2027-000902,BST,WAGE-base-base-ARU_GROUP-2027-000902-EMP-055,EMP-055,,Mechanical employee,1,1,8620,8620,MODELED_CENSUS_ROLE_ALLOCATION_NOT_INDIVIDUAL_PAYSLIP,FORECAST,PUBLIC_SYNTHETIC_PLANNING_MODEL,2026-09-06T00:00:00-07:00
base,ARU_GROUP,2027,5,PAYROLL-base-202705-BST,base-ARU_GROUP-2027-000902,WAGE-base-base-ARU_GROUP-2027-000902,BST,WAGE-base-base-ARU_GROUP-2027-000902-EMP-056,EMP-056,,Mechanical employee,1,1,8620,8620,MODELED_CENSUS_ROLE_ALLOCATION_NOT_INDIVIDUAL_PAYSLIP,FORECAST,PUBLIC_SYNTHETIC_PLANNING_MODEL,2026-09-06T00:00:00-07:00
base,ARU_GROUP,2027,5,PAYROLL-base-202705-BST,base-ARU_GROUP-2027-000902,WAGE-base-base-ARU_GROUP-2027-000902,BST,WAGE-base-base-ARU_GROUP-2027-000902-EMP-057,EMP-057,,Operations employee,1,1,8045,8045,MODELED_CENSUS_ROLE_ALLOCATION_NOT_INDIVIDUAL_PAYSLIP,FORECAST,PUBLIC_SYNTHETIC_PLANNING_MODEL,2026-09-06T00:00:00-07:00
base,ARU_GROUP,2027,5,PAYROLL-base-202705-BST,base-ARU_GROUP-2027-000902,WAGE-base-base-ARU_GROUP-2027-000902,BST,WAGE-base-base-ARU_GROUP-2027-000902-EMP-058,EMP-058,,Operations employee,1,1,8045,8045,MODELED_CENSUS_ROLE_ALLOCATION_NOT_INDIVIDUAL_PAYSLIP,FORECAST,PUBLIC_SYNTHETIC_PLANNING_MODEL,2026-09-06T00:00:00-07:00
base,ARU_GROUP,2027,5,PAYROLL-base-202705-BST,base-ARU_GROUP-2027-000902,WAGE-base-base-ARU_GROUP-2027-000902,BST,WAGE-base-base-ARU_GROUP-2027-000902-EMP-059,EMP-059,,Operations employee,1,1,8045,8045,MODELED_CENSUS_ROLE_ALLOCATION_NOT_INDIVIDUAL_PAYSLIP,FORECAST,PUBLIC_SYNTHETIC_PLANNING_MODEL,2026-09-06T00:00:00-07:00
base,ARU_GROUP,2027,5,PAYROLL-base-202705-BST,base-ARU_GROUP-2027-000902,WAGE-base-base-ARU_GROUP-2027-000902,BST,WAGE-base-base-ARU_GROUP-2027-000902-EMP-060,EMP-060,,Operations employee,1,1,8045,8045,MODELED_CENSUS_ROLE_ALLOCATION_NOT_INDIVIDUAL_PAYSLIP,FORECAST,PUBLIC_SYNTHETIC_PLANNING_MODEL,2026-09-06T00:00:00-07:00
base,ARU_GROUP,2027,5,PAYROLL-base-202705-BST,base-ARU_GROUP-2027-000902,WAGE-base-base-ARU_GROUP-2027-000902,BST,WAGE-base-base-ARU_GROUP-2027-000902-EMP-061,EMP-061,,Operations employee,1,1,8045,8045,MODELED_CENSUS_ROLE_ALLOCATION_NOT_INDIVIDUAL_PAYSLIP,FORECAST,PUBLIC_SYNTHETIC_PLANNING_MODEL,2026-09-06T00:00:00-07:00
base,ARU_GROUP,2027,5,PAYROLL-base-202705-BST,base-ARU_GROUP-2027-000902,WAGE-base-base-ARU_GROUP-2027-000902,BST,WAGE-base-base-ARU_GROUP-2027-000902-EMP-062,EMP-062,,Safety employee,1,1,8620,8620,MODELED_CENSUS_ROLE_ALLOCATION_NOT_INDIVIDUAL_PAYSLIP,FORECAST,PUBLIC_SYNTHETIC_PLANNING_MODEL,2026-09-06T00:00:00-07:00
base,ARU_GROUP,2027,5,PAYROLL-base-202705-BST,base-ARU_GROUP-2027-000902,WAGE-base-base-ARU_GROUP-2027-000902,BST,WAGE-base-base-ARU_GROUP-2027-000902-EMP-063,EMP-063,,Safety employee,1,1,8620,8620,MODELED_CENSUS_ROLE_ALLOCATION_NOT_INDIVIDUAL_PAYSLIP,FORECAST,PUBLIC_SYNTHETIC_PLANNING_MODEL,2026-09-06T00:00:00-07:00
base,ARU_GROUP,2027,5,PAYROLL-base-202705-BST,base-ARU_GROUP-2027-000902,WAGE-base-base-ARU_GROUP-2027-000902,BST,WAGE-base-base-ARU_GROUP-2027-000902-EMP-064,EMP-064,,Management employee,1,1,8620,8620,MODELED_CENSUS_ROLE_ALLOCATION_NOT_INDIVIDUAL_PAYSLIP,FORECAST,PUBLIC_SYNTHETIC_PLANNING_MODEL,2026-09-06T00:00:00-07:00
base,ARU_GROUP,2027,5,PAYROLL-base-202705-BST,base-ARU_GROUP-2027-000902,WAGE-base-base-ARU_GROUP-2027-000902,BST,WAGE-base-base-ARU_GROUP-2027-000902-EMP-065,EMP-065,,Management employee,1,1,8620,8620,MODELED_CENSUS_ROLE_ALLOCATION_NOT_INDIVIDUAL_PAYSLIP,FORECAST,PUBLIC_SYNTHETIC_PLANNING_MODEL,2026-09-06T00:00:00-07:00
base,ARU_GROUP,2027,5,PAYROLL-base-202705-BST,base-ARU_GROUP-2027-000902,WAGE-base-base-ARU_GROUP-2027-000902,BST,WAGE-base-base-ARU_GROUP-2027-000902-EMP-066,EMP-066,,Management employee,1,1,8620,8620,MODELED_CENSUS_ROLE_ALLOCATION_NOT_INDIVIDUAL_PAYSLIP,FORECAST,PUBLIC_SYNTHETIC_PLANNING_MODEL,2026-09-06T00:00:00-07:00
base,ARU_GROUP,2027,5,PAYROLL-base-202705-BST,base-ARU_GROUP-2027-000902,WAGE-base-base-ARU_GROUP-2027-000902,BST,WAGE-base-base-ARU_GROUP-2027-000902-EMP-067,EMP-067,,Management employee,1,1,8620,8620,MODELED_CENSUS_ROLE_ALLOCATION_NOT_INDIVIDUAL_PAYSLIP,FORECAST,PUBLIC_SYNTHETIC_PLANNING_MODEL,2026-09-06T00:00:00-07:00
base,ARU_GROUP,2027,5,PAYROLL-base-202705-BST,base-ARU_GROUP-2027-000902,WAGE-base-base-ARU_GROUP-2027-000902,BST,WAGE-base-base-ARU_GROUP-2027-000902-EMP-068,EMP-068,,Management employee,1,1,8620,8620,MODELED_CENSUS_ROLE_ALLOCATION_NOT_INDIVIDUAL_PAYSLIP,FORECAST,PUBLIC_SYNTHETIC_PLANNING_MODEL,2026-09-06T00:00:00-07:00
base,ARU_GROUP,2027,5,PAYROLL-base-202705-BST,base-ARU_GROUP-2027-000902,WAGE-base-base-ARU_GROUP-2027-000902,BST,WAGE-base-base-ARU_GROUP-2027-000902-EMP-069,EMP-069,,Management employee,1,1,8620,8620,MODELED_CENSUS_ROLE_ALLOCATION_NOT_INDIVIDUAL_PAYSLIP,FORECAST,PUBLIC_SYNTHETIC_PLANNING_MODEL,2026-09-06T00:00:00-07:00
base,ARU_GROUP,2027,5,PAYROLL-base-202705-BST,base-ARU_GROUP-2027-000902,WAGE-base-base-ARU_GROUP-2027-000902,BST,WAGE-base-base-ARU_GROUP-2027-000902-EMP-070,EMP-070,,Management employee,1,1,8620,8620,MODELED_CENSUS_ROLE_ALLOCATION_NOT_INDIVIDUAL_PAYSLIP,FORECAST,PUBLIC_SYNTHETIC_PLANNING_MODEL,2026-09-06T00:00:00-07:00
base,ARU_GROUP,2027,5,PAYROLL-base-202705-BST,base-ARU_GROUP-2027-000902,WAGE-base-base-ARU_GROUP-2027-000902,BST,WAGE-base-base-ARU_GROUP-2027-000902-EMP-071,EMP-071,,Management employee,1,1,8619,8619,MODELED_CENSUS_ROLE_ALLOCATION_NOT_INDIVIDUAL_PAYSLIP,FORECAST,PUBLIC_SYNTHETIC_PLANNING_MODEL,2026-09-06T00:00:00-07:00
base,ARU_GROUP,2027,5,PAYROLL-base-202705-TERMINALS,base-ARU_GROUP-2027-000909,WAGE-base-base-ARU_GROUP-2027-000909,TERMINALS,WAGE-base-base-ARU_GROUP-2027-000909-EMP-012,EMP-012,,Terminal Manager,1,1,15515,15515,MODELED_CENSUS_ROLE_ALLOCATION_NOT_INDIVIDUAL_PAYSLIP,FORECAST,PUBLIC_SYNTHETIC_PLANNING_MODEL,2026-09-06T00:00:00-07:00
base,ARU_GROUP,2027,5,PAYROLL-base-202705-TERMINALS,base-ARU_GROUP-2027-000909,WAGE-base-base-ARU_GROUP-2027-000909,TERMINALS,WAGE-base-base-ARU_GROUP-2027-000909-EMP-072,EMP-072,,Terminal employee,1,1,7126,7126,MODELED_CENSUS_ROLE_ALLOCATION_NOT_INDIVIDUAL_PAYSLIP,FORECAST,PUBLIC_SYNTHETIC_PLANNING_MODEL,2026-09-06T00:00:00-07:00
base,ARU_GROUP,2027,5,PAYROLL-base-202705-TERMINALS,base-ARU_GROUP-2027-000909,WAGE-base-base-ARU_GROUP-2027-000909,TERMINALS,WAGE-base-base-ARU_GROUP-2027-000909-EMP-073,EMP-073,,Terminal employee,1,1,7126,7126,MODELED_CENSUS_ROLE_ALLOCATION_NOT_INDIVIDUAL_PAYSLIP,FORECAST,PUBLIC_SYNTHETIC_PLANNING_MODEL,2026-09-06T00:00:00-07:00
base,ARU_GROUP,2027,5,PAYROLL-base-202705-TERMINALS,base-ARU_GROUP-2027-000909,WAGE-base-base-ARU_GROUP-2027-000909,TERMINALS,WAGE-base-base-ARU_GROUP-2027-000909-EMP-074,EMP-074,,Terminal employee,1,1,7126,7126,MODELED_CENSUS_ROLE_ALLOCATION_NOT_INDIVIDUAL_PAYSLIP,FORECAST,PUBLIC_SYNTHETIC_PLANNING_MODEL,2026-09-06T00:00:00-07:00
base,ARU_GROUP,2027,5,PAYROLL-base-202705-TERMINALS,base-ARU_GROUP-2027-000909,WAGE-base-base-ARU_GROUP-2027-000909,TERMINALS,WAGE-base-base-ARU_GROUP-2027-000909-EMP-075,EMP-075,,Terminal employee,1,1,7126,7126,MODELED_CENSUS_ROLE_ALLOCATION_NOT_INDIVIDUAL_PAYSLIP,FORECAST,PUBLIC_SYNTHETIC_PLANNING_MODEL,2026-09-06T00:00:00-07:00
base,ARU_GROUP,2027,5,PAYROLL-base-202705-TERMINALS,base-ARU_GROUP-2027-000909,WAGE-base-base-ARU_GROUP-2027-000909,TERMINALS,WAGE-base-base-ARU_GROUP-2027-000909-EMP-076,EMP-076,,Terminal employee,1,1,7126,7126,MODELED_CENSUS_ROLE_ALLOCATION_NOT_INDIVIDUAL_PAYSLIP,FORECAST,PUBLIC_SYNTHETIC_PLANNING_MODEL,2026-09-06T00:00:00-07:00
base,ARU_GROUP,2027,5,PAYROLL-base-202705-TERMINALS,base-ARU_GROUP-2027-000909,WAGE-base-base-ARU_GROUP-2027-000909,TERMINALS,WAGE-base-base-ARU_GROUP-2027-000909-EMP-077,EMP-077,,Terminal employee,1,1,7126,7126,MODELED_CENSUS_ROLE_ALLOCATION_NOT_INDIVIDUAL_PAYSLIP,FORECAST,PUBLIC_SYNTHETIC_PLANNING_MODEL,2026-09-06T00:00:00-07:00
base,ARU_GROUP,2027,5,PAYROLL-base-202705-TERMINALS,base-ARU_GROUP-2027-000909,WAGE-base-base-ARU_GROUP-2027-000909,TERMINALS,WAGE-base-base-ARU_GROUP-2027-000909-EMP-078,EMP-078,,Terminal employee,1,1,7126,7126,MODELED_CENSUS_ROLE_ALLOCATION_NOT_INDIVIDUAL_PAYSLIP,FORECAST,PUBLIC_SYNTHETIC_PLANNING_MODEL,2026-09-06T00:00:00-07:00
base,ARU_GROUP,2027,5,PAYROLL-base-202705-TERMINALS,base-ARU_GROUP-2027-000909,WAGE-base-base-ARU_GROUP-2027-000909,TERMINALS,WAGE-base-base-ARU_GROUP-2027-000909-EMP-079,EMP-079,,Terminal employee,1,1,7126,7126,MODELED_CENSUS_ROLE_ALLOCATION_NOT_INDIVIDUAL_PAYSLIP,FORECAST,PUBLIC_SYNTHETIC_PLANNING_MODEL,2026-09-06T00:00:00-07:00
base,ARU_GROUP,2027,5,PAYROLL-base-202705-TERMINALS,base-ARU_GROUP-2027-000909,WAGE-base-base-ARU_GROUP-2027-000909,TERMINALS,WAGE-base-base-ARU_GROUP-2027-000909-EMP-080,EMP-080,,Terminal employee,1,1,7126,7126,MODELED_CENSUS_ROLE_ALLOCATION_NOT_INDIVIDUAL_PAYSLIP,FORECAST,PUBLIC_SYNTHETIC_PLANNING_MODEL,2026-09-06T00:00:00-07:00
base,ARU_GROUP,2027,5,PAYROLL-base-202705-TERMINALS,base-ARU_GROUP-2027-000909,WAGE-base-base-ARU_GROUP-2027-000909,TERMINALS,WAGE-base-base-ARU_GROUP-2027-000909-EMP-081,EMP-081,,Terminal employee,1,1,7126,7126,MODELED_CENSUS_ROLE_ALLOCATION_NOT_INDIVIDUAL_PAYSLIP,FORECAST,PUBLIC_SYNTHETIC_PLANNING_MODEL,2026-09-06T00:00:00-07:00
base,ARU_GROUP,2027,5,PAYROLL-base-202705-TERMINALS,base-ARU_GROUP-2027-000909,WAGE-base-base-ARU_GROUP-2027-000909,TERMINALS,WAGE-base-base-ARU_GROUP-2027-000909-EMP-082,EMP-082,,Terminal employee,1,1,7126,7126,MODELED_CENSUS_ROLE_ALLOCATION_NOT_INDIVIDUAL_PAYSLIP,FORECAST,PUBLIC_SYNTHETIC_PLANNING_MODEL,2026-09-06T00:00:00-07:00
base,ARU_GROUP,2027,5,PAYROLL-base-202705-TERMINALS,base-ARU_GROUP-2027-000909,WAGE-base-base-ARU_GROUP-2027-000909,TERMINALS,WAGE-base-base-ARU_GROUP-2027-000909-EMP-083,EMP-083,,Terminal employee,1,1,7126,7126,MODELED_CENSUS_ROLE_ALLOCATION_NOT_INDIVIDUAL_PAYSLIP,FORECAST,PUBLIC_SYNTHETIC_PLANNING_MODEL,2026-09-06T00:00:00-07:00
base,ARU_GROUP,2027,5,PAYROLL-base-202705-TERMINALS,base-ARU_GROUP-2027-000909,WAGE-base-base-ARU_GROUP-2027-000909,TERMINALS,WAGE-base-base-ARU_GROUP-2027-000909-EMP-084,EMP-084,,Terminal employee,1,1,7126,7126,MODELED_CENSUS_ROLE_ALLOCATION_NOT_INDIVIDUAL_PAYSLIP,FORECAST,PUBLIC_SYNTHETIC_PLANNING_MODEL,2026-09-06T00:00:00-07:00
base,ARU_GROUP,2027,5,PAYROLL-base-202705-TERMINALS,base-ARU_GROUP-2027-000909,WAGE-base-base-ARU_GROUP-2027-000909,TERMINALS,WAGE-base-base-ARU_GROUP-2027-000909-EMP-085,EMP-085,,Terminal employee,1,1,7126,7126,MODELED_CENSUS_ROLE_ALLOCATION_NOT_INDIVIDUAL_PAYSLIP,FORECAST,PUBLIC_SYNTHETIC_PLANNING_MODEL,2026-09-06T00:00:00-07:00
base,ARU_GROUP,2027,5,PAYROLL-base-202705-TERMINALS,base-ARU_GROUP-2027-000909,WAGE-base-base-ARU_GROUP-2027-000909,TERMINALS,WAGE-base-base-ARU_GROUP-2027-000909-EMP-086,EMP-086,,Terminal employee,1,1,7126,7126,MODELED_CENSUS_ROLE_ALLOCATION_NOT_INDIVIDUAL_PAYSLIP,FORECAST,PUBLIC_SYNTHETIC_PLANNING_MODEL,2026-09-06T00:00:00-07:00
base,ARU_GROUP,2027,5,PAYROLL-base-202705-TERMINALS,base-ARU_GROUP-2027-000909,WAGE-base-base-ARU_GROUP-2027-000909,TERMINALS,WAGE-base-base-ARU_GROUP-2027-000909-EMP-087,EMP-087,,Terminal employee,1,1,7126,7126,MODELED_CENSUS_ROLE_ALLOCATION_NOT_INDIVIDUAL_PAYSLIP,FORECAST,PUBLIC_SYNTHETIC_PLANNING_MODEL,2026-09-06T00:00:00-07:00
base,ARU_GROUP,2027,5,PAYROLL-base-202705-TERMINALS,base-ARU_GROUP-2027-000909,WAGE-base-base-ARU_GROUP-2027-000909,TERMINALS,WAGE-base-base-ARU_GROUP-2027-000909-EMP-088,EMP-088,,Terminal employee,1,1,7126,7126,MODELED_CENSUS_ROLE_ALLOCATION_NOT_INDIVIDUAL_PAYSLIP,FORECAST,PUBLIC_SYNTHETIC_PLANNING_MODEL,2026-09-06T00:00:00-07:00
base,ARU_GROUP,2027,5,PAYROLL-base-202705-TERMINALS,base-ARU_GROUP-2027-000909,WAGE-base-base-ARU_GROUP-2027-000909,TERMINALS,WAGE-base-base-ARU_GROUP-2027-000909-EMP-089,EMP-089,,Terminal employee,1,1,7126,7126,MODELED_CENSUS_ROLE_ALLOCATION_NOT_INDIVIDUAL_PAYSLIP,FORECAST,PUBLIC_SYNTHETIC_PLANNING_MODEL,2026-09-06T00:00:00-07:00
base,ARU_GROUP,2027,5,PAYROLL-base-202705-TERMINALS,base-ARU_GROUP-2027-000909,WAGE-base-base-ARU_GROUP-2027-000909,TERMINALS,WAGE-base-base-ARU_GROUP-2027-000909-EMP-090,EMP-090,,Terminal employee,1,1,7126,7126,MODELED_CENSUS_ROLE_ALLOCATION_NOT_INDIVIDUAL_PAYSLIP,FORECAST,PUBLIC_SYNTHETIC_PLANNING_MODEL,2026-09-06T00:00:00-07:00
base,ARU_GROUP,2027,5,PAYROLL-base-202705-TERMINALS,base-ARU_GROUP-2027-000909,WAGE-base-base-ARU_GROUP-2027-000909,TERMINALS,WAGE-base-base-ARU_GROUP-2027-000909-EMP-091,EMP-091,,Terminal employee,1,1,7125,7125,MODELED_CENSUS_ROLE_ALLOCATION_NOT_INDIVIDUAL_PAYSLIP,FORECAST,PUBLIC_SYNTHETIC_PLANNING_MODEL,2026-09-06T00:00:00-07:00
base,ARU_GROUP,2027,5,PAYROLL-base-202705-TERMINALS,base-ARU_GROUP-2027-000909,WAGE-base-base-ARU_GROUP-2027-000909,TERMINALS,WAGE-base-base-ARU_GROUP-2027-000909-EMP-092,EMP-092,,Terminal employee,1,1,7125,7125,MODELED_CENSUS_ROLE_ALLOCATION_NOT_INDIVIDUAL_PAYSLIP,FORECAST,PUBLIC_SYNTHETIC_PLANNING_MODEL,2026-09-06T00:00:00-07:00
base,ARU_GROUP,2027,5,PAYROLL-base-202705-TERMINALS,base-ARU_GROUP-2027-000909,WAGE-base-base-ARU_GROUP-2027-000909,TERMINALS,WAGE-base-base-ARU_GROUP-2027-000909-EMP-093,EMP-093,,Terminal employee,1,1,7125,7125,MODELED_CENSUS_ROLE_ALLOCATION_NOT_INDIVIDUAL_PAYSLIP,FORECAST,PUBLIC_SYNTHETIC_PLANNING_MODEL,2026-09-06T00:00:00-07:00
base,ARU_GROUP,2027,5,PAYROLL-base-202705-TERMINALS,base-ARU_GROUP-2027-000909,WAGE-base-base-ARU_GROUP-2027-000909,TERMINALS,WAGE-base-base-ARU_GROUP-2027-000909-EMP-094,EMP-094,,Terminal employee,1,1,7125,7125,MODELED_CENSUS_ROLE_ALLOCATION_NOT_INDIVIDUAL_PAYSLIP,FORECAST,PUBLIC_SYNTHETIC_PLANNING_MODEL,2026-09-06T00:00:00-07:00
base,ARU_GROUP,2027,5,PAYROLL-base-202705-TERMINALS,base-ARU_GROUP-2027-000909,WAGE-base-base-ARU_GROUP-2027-000909,TERMINALS,WAGE-base-base-ARU_GROUP-2027-000909-EMP-095,EMP-095,,Terminal employee,1,1,7125,7125,MODELED_CENSUS_ROLE_ALLOCATION_NOT_INDIVIDUAL_PAYSLIP,FORECAST,PUBLIC_SYNTHETIC_PLANNING_MODEL,2026-09-06T00:00:00-07:00
base,ARU_GROUP,2027,5,PAYROLL-base-202705-TERMINALS,base-ARU_GROUP-2027-000909,WAGE-base-base-ARU_GROUP-2027-000909,TERMINALS,WAGE-base-base-ARU_GROUP-2027-000909-EMP-096,EMP-096,,Terminal employee,1,1,7125,7125,MODELED_CENSUS_ROLE_ALLOCATION_NOT_INDIVIDUAL_PAYSLIP,FORECAST,PUBLIC_SYNTHETIC_PLANNING_MODEL,2026-09-06T00:00:00-07:00
base,ARU_GROUP,2027,5,PAYROLL-base-202705-TERMINALS,base-ARU_GROUP-2027-000909,WAGE-base-base-ARU_GROUP-2027-000909,TERMINALS,WAGE-base-base-ARU_GROUP-2027-000909-EMP-097,EMP-097,,Terminal employee,1,1,7125,7125,MODELED_CENSUS_ROLE_ALLOCATION_NOT_INDIVIDUAL_PAYSLIP,FORECAST,PUBLIC_SYNTHETIC_PLANNING_MODEL,2026-09-06T00:00:00-07:00
base,ARU_GROUP,2027,5,PAYROLL-base-202705-TRUCKING,base-ARU_GROUP-2027-000916,WAGE-base-base-ARU_GROUP-2027-000916,TRUCKING,WAGE-base-base-ARU_GROUP-2027-000916-EMP-013,EMP-013,,Trucking Manager,1,1,14367,14367,MODELED_CENSUS_ROLE_ALLOCATION_NOT_INDIVIDUAL_PAYSLIP,FORECAST,PUBLIC_SYNTHETIC_PLANNING_MODEL,2026-09-06T00:00:00-07:00
base,ARU_GROUP,2027,5,PAYROLL-base-202705-TRUCKING,base-ARU_GROUP-2027-000916,WAGE-base-base-ARU_GROUP-2027-000916,TRUCKING,WAGE-base-base-ARU_GROUP-2027-000916-EMP-098,EMP-098,,Qualified regional industrial driver,1,1,7816,7816,MODELED_CENSUS_ROLE_ALLOCATION_NOT_INDIVIDUAL_PAYSLIP,FORECAST,PUBLIC_SYNTHETIC_PLANNING_MODEL,2026-09-06T00:00:00-07:00
base,ARU_GROUP,2027,5,PAYROLL-base-202705-TRUCKING,base-ARU_GROUP-2027-000916,WAGE-base-base-ARU_GROUP-2027-000916,TRUCKING,WAGE-base-base-ARU_GROUP-2027-000916-EMP-099,EMP-099,,Qualified regional industrial driver,1,1,7816,7816,MODELED_CENSUS_ROLE_ALLOCATION_NOT_INDIVIDUAL_PAYSLIP,FORECAST,PUBLIC_SYNTHETIC_PLANNING_MODEL,2026-09-06T00:00:00-07:00
base,ARU_GROUP,2027,5,PAYROLL-base-202705-TRUCKING,base-ARU_GROUP-2027-000916,WAGE-base-base-ARU_GROUP-2027-000916,TRUCKING,WAGE-base-base-ARU_GROUP-2027-000916-EMP-100,EMP-100,,Qualified regional industrial driver,1,1,7816,7816,MODELED_CENSUS_ROLE_ALLOCATION_NOT_INDIVIDUAL_PAYSLIP,FORECAST,PUBLIC_SYNTHETIC_PLANNING_MODEL,2026-09-06T00:00:00-07:00
base,ARU_GROUP,2027,5,PAYROLL-base-202705-TRUCKING,base-ARU_GROUP-2027-000916,WAGE-base-base-ARU_GROUP-2027-000916,TRUCKING,WAGE-base-base-ARU_GROUP-2027-000916-EMP-101,EMP-101,,Qualified regional industrial driver,1,1,7816,7816,MODELED_CENSUS_ROLE_ALLOCATION_NOT_INDIVIDUAL_PAYSLIP,FORECAST,PUBLIC_SYNTHETIC_PLANNING_MODEL,2026-09-06T00:00:00-07:00
base,ARU_GROUP,2027,5,PAYROLL-base-202705-TRUCKING,base-ARU_GROUP-2027-000916,WAGE-base-base-ARU_GROUP-2027-000916,TRUCKING,WAGE-base-base-ARU_GROUP-2027-000916-EMP-102,EMP-102,,Qualified regional industrial driver,1,1,7816,7816,MODELED_CENSUS_ROLE_ALLOCATION_NOT_INDIVIDUAL_PAYSLIP,FORECAST,PUBLIC_SYNTHETIC_PLANNING_MODEL,2026-09-06T00:00:00-07:00
base,ARU_GROUP,2027,5,PAYROLL-base-202705-TRUCKING,base-ARU_GROUP-2027-000916,WAGE-base-base-ARU_GROUP-2027-000916,TRUCKING,WAGE-base-base-ARU_GROUP-2027-000916-EMP-103,EMP-103,,Qualified regional industrial driver,1,1,7816,7816,MODELED_CENSUS_ROLE_ALLOCATION_NOT_INDIVIDUAL_PAYSLIP,FORECAST,PUBLIC_SYNTHETIC_PLANNING_MODEL,2026-09-06T00:00:00-07:00
base,ARU_GROUP,2027,5,PAYROLL-base-202705-TRUCKING,base-ARU_GROUP-2027-000916,WAGE-base-base-ARU_GROUP-2027-000916,TRUCKING,WAGE-base-base-ARU_GROUP-2027-000916-EMP-104,EMP-104,,Qualified regional industrial driver,1,1,7815,7815,MODELED_CENSUS_ROLE_ALLOCATION_NOT_INDIVIDUAL_PAYSLIP,FORECAST,PUBLIC_SYNTHETIC_PLANNING_MODEL,2026-09-06T00:00:00-07:00
base,ARU_GROUP,2027,5,PAYROLL-base-202705-TRUCKING,base-ARU_GROUP-2027-000916,WAGE-base-base-ARU_GROUP-2027-000916,TRUCKING,WAGE-base-base-ARU_GROUP-2027-000916-EMP-105,EMP-105,,Qualified regional industrial driver,1,1,7815,7815,MODELED_CENSUS_ROLE_ALLOCATION_NOT_INDIVIDUAL_PAYSLIP,FORECAST,PUBLIC_SYNTHETIC_PLANNING_MODEL,2026-09-06T00:00:00-07:00
base,ARU_GROUP,2027,5,PAYROLL-base-202705-TRUCKING,base-ARU_GROUP-2027-000916,WAGE-base-base-ARU_GROUP-2027-000916,TRUCKING,WAGE-base-base-ARU_GROUP-2027-000916-EMP-106,EMP-106,,Qualified regional industrial driver,1,1,7815,7815,MODELED_CENSUS_ROLE_ALLOCATION_NOT_INDIVIDUAL_PAYSLIP,FORECAST,PUBLIC_SYNTHETIC_PLANNING_MODEL,2026-09-06T00:00:00-07:00
base,ARU_GROUP,2027,5,PAYROLL-base-202705-TRUCKING,base-ARU_GROUP-2027-000916,WAGE-base-base-ARU_GROUP-2027-000916,TRUCKING,WAGE-base-base-ARU_GROUP-2027-000916-EMP-107,EMP-107,,Qualified regional industrial driver,1,1,7815,7815,MODELED_CENSUS_ROLE_ALLOCATION_NOT_INDIVIDUAL_PAYSLIP,FORECAST,PUBLIC_SYNTHETIC_PLANNING_MODEL,2026-09-06T00:00:00-07:00
base,ARU_GROUP,2027,5,PAYROLL-base-202705-TRUCKING,base-ARU_GROUP-2027-000916,WAGE-base-base-ARU_GROUP-2027-000916,TRUCKING,WAGE-base-base-ARU_GROUP-2027-000916-EMP-108,EMP-108,,Qualified regional industrial driver,1,1,7815,7815,MODELED_CENSUS_ROLE_ALLOCATION_NOT_INDIVIDUAL_PAYSLIP,FORECAST,PUBLIC_SYNTHETIC_PLANNING_MODEL,2026-09-06T00:00:00-07:00
base,ARU_GROUP,2027,5,PAYROLL-base-202705-TRUCKING,base-ARU_GROUP-2027-000916,WAGE-base-base-ARU_GROUP-2027-000916,TRUCKING,WAGE-base-base-ARU_GROUP-2027-000916-EMP-109,EMP-109,,Qualified regional industrial driver,1,1,7815,7815,MODELED_CENSUS_ROLE_ALLOCATION_NOT_INDIVIDUAL_PAYSLIP,FORECAST,PUBLIC_SYNTHETIC_PLANNING_MODEL,2026-09-06T00:00:00-07:00
base,ARU_GROUP,2027,5,PAYROLL-base-202705-TRUCKING,base-ARU_GROUP-2027-000916,WAGE-base-base-ARU_GROUP-2027-000916,TRUCKING,WAGE-base-base-ARU_GROUP-2027-000916-EMP-110,EMP-110,,Qualified regional industrial driver,1,1,7815,7815,MODELED_CENSUS_ROLE_ALLOCATION_NOT_INDIVIDUAL_PAYSLIP,FORECAST,PUBLIC_SYNTHETIC_PLANNING_MODEL,2026-09-06T00:00:00-07:00
base,ARU_GROUP,2027,5,PAYROLL-base-202705-TRUCKING,base-ARU_GROUP-2027-000916,WAGE-base-base-ARU_GROUP-2027-000916,TRUCKING,WAGE-base-base-ARU_GROUP-2027-000916-EMP-111,EMP-111,,Qualified regional industrial driver,1,1,7815,7815,MODELED_CENSUS_ROLE_ALLOCATION_NOT_INDIVIDUAL_PAYSLIP,FORECAST,PUBLIC_SYNTHETIC_PLANNING_MODEL,2026-09-06T00:00:00-07:00
base,ARU_GROUP,2027,5,PAYROLL-base-202705-TRUCKING,base-ARU_GROUP-2027-000916,WAGE-base-base-ARU_GROUP-2027-000916,TRUCKING,WAGE-base-base-ARU_GROUP-2027-000916-EMP-112,EMP-112,,Qualified regional industrial driver,1,1,7815,7815,MODELED_CENSUS_ROLE_ALLOCATION_NOT_INDIVIDUAL_PAYSLIP,FORECAST,PUBLIC_SYNTHETIC_PLANNING_MODEL,2026-09-06T00:00:00-07:00
base,ARU_GROUP,2027,5,PAYROLL-base-202705-TRUCKING,base-ARU_GROUP-2027-000916,WAGE-base-base-ARU_GROUP-2027-000916,TRUCKING,WAGE-base-base-ARU_GROUP-2027-000916-EMP-113,EMP-113,,Qualified regional industrial driver,1,1,7815,7815,MODELED_CENSUS_ROLE_ALLOCATION_NOT_INDIVIDUAL_PAYSLIP,FORECAST,PUBLIC_SYNTHETIC_PLANNING_MODEL,2026-09-06T00:00:00-07:00
base,ARU_GROUP,2027,5,PAYROLL-base-202705-TRUCKING,base-ARU_GROUP-2027-000916,WAGE-base-base-ARU_GROUP-2027-000916,TRUCKING,WAGE-base-base-ARU_GROUP-2027-000916-EMP-114,EMP-114,,Qualified regional industrial driver,1,1,7815,7815,MODELED_CENSUS_ROLE_ALLOCATION_NOT_INDIVIDUAL_PAYSLIP,FORECAST,PUBLIC_SYNTHETIC_PLANNING_MODEL,2026-09-06T00:00:00-07:00
base,ARU_GROUP,2027,5,PAYROLL-base-202705-TRUCKING,base-ARU_GROUP-2027-000916,WAGE-base-base-ARU_GROUP-2027-000916,TRUCKING,WAGE-base-base-ARU_GROUP-2027-000916-EMP-115,EMP-115,,Qualified regional industrial driver,1,1,7815,7815,MODELED_CENSUS_ROLE_ALLOCATION_NOT_INDIVIDUAL_PAYSLIP,FORECAST,PUBLIC_SYNTHETIC_PLANNING_MODEL,2026-09-06T00:00:00-07:00
base,ARU_GROUP,2027,5,PAYROLL-base-202705-TRUCKING,base-ARU_GROUP-2027-000916,WAGE-base-base-ARU_GROUP-2027-000916,TRUCKING,WAGE-base-base-ARU_GROUP-2027-000916-EMP-116,EMP-116,,Qualified regional industrial driver,1,1,7815,7815,MODELED_CENSUS_ROLE_ALLOCATION_NOT_INDIVIDUAL_PAYSLIP,FORECAST,PUBLIC_SYNTHETIC_PLANNING_MODEL,2026-09-06T00:00:00-07:00
base,ARU_GROUP,2027,5,PAYROLL-base-202705-TRUCKING,base-ARU_GROUP-2027-000916,WAGE-base-base-ARU_GROUP-2027-000916,TRUCKING,WAGE-base-base-ARU_GROUP-2027-000916-EMP-117,EMP-117,,Qualified regional industrial driver,1,1,7815,7815,MODELED_CENSUS_ROLE_ALLOCATION_NOT_INDIVIDUAL_PAYSLIP,FORECAST,PUBLIC_SYNTHETIC_PLANNING_MODEL,2026-09-06T00:00:00-07:00
base,ARU_GROUP,2027,5,PAYROLL-base-202705-TRUCKING,base-ARU_GROUP-2027-000916,WAGE-base-base-ARU_GROUP-2027-000916,TRUCKING,WAGE-base-base-ARU_GROUP-2027-000916-EMP-118,EMP-118,,Truck dispatcher,1,1,7815,7815,MODELED_CENSUS_ROLE_ALLOCATION_NOT_INDIVIDUAL_PAYSLIP,FORECAST,PUBLIC_SYNTHETIC_PLANNING_MODEL,2026-09-06T00:00:00-07:00
base,ARU_GROUP,2027,5,PAYROLL-base-202705-TRUCKING,base-ARU_GROUP-2027-000916,WAGE-base-base-ARU_GROUP-2027-000916,TRUCKING,WAGE-base-base-ARU_GROUP-2027-000916-EMP-119,EMP-119,,Truck fleet mechanic,1,1,7815,7815,MODELED_CENSUS_ROLE_ALLOCATION_NOT_INDIVIDUAL_PAYSLIP,FORECAST,PUBLIC_SYNTHETIC_PLANNING_MODEL,2026-09-06T00:00:00-07:00
base,ARU_GROUP,2027,5,PAYROLL-base-202705-TRUCKING,base-ARU_GROUP-2027-000916,WAGE-base-base-ARU_GROUP-2027-000916,TRUCKING,WAGE-base-base-ARU_GROUP-2027-000916-EMP-120,EMP-120,,Truck fleet mechanic,1,1,7815,7815,MODELED_CENSUS_ROLE_ALLOCATION_NOT_INDIVIDUAL_PAYSLIP,FORECAST,PUBLIC_SYNTHETIC_PLANNING_MODEL,2026-09-06T00:00:00-07:00
base,ARU_GROUP,2027,5,PAYROLL-base-202705-WAREHOUSE,base-ARU_GROUP-2027-000923,WAGE-base-base-ARU_GROUP-2027-000923,WAREHOUSE,WAGE-base-base-ARU_GROUP-2027-000923-EMP-014,EMP-014,,Warehouse Manager,1,1,13792,13792,MODELED_CENSUS_ROLE_ALLOCATION_NOT_INDIVIDUAL_PAYSLIP,FORECAST,PUBLIC_SYNTHETIC_PLANNING_MODEL,2026-09-06T00:00:00-07:00
base,ARU_GROUP,2027,5,PAYROLL-base-202705-WAREHOUSE,base-ARU_GROUP-2027-000923,WAGE-base-base-ARU_GROUP-2027-000923,WAREHOUSE,WAGE-base-base-ARU_GROUP-2027-000923-EMP-121,EMP-121,,Warehouse employee,1,1,7126,7126,MODELED_CENSUS_ROLE_ALLOCATION_NOT_INDIVIDUAL_PAYSLIP,FORECAST,PUBLIC_SYNTHETIC_PLANNING_MODEL,2026-09-06T00:00:00-07:00
base,ARU_GROUP,2027,5,PAYROLL-base-202705-WAREHOUSE,base-ARU_GROUP-2027-000923,WAGE-base-base-ARU_GROUP-2027-000923,WAREHOUSE,WAGE-base-base-ARU_GROUP-2027-000923-EMP-122,EMP-122,,Warehouse employee,1,1,7126,7126,MODELED_CENSUS_ROLE_ALLOCATION_NOT_INDIVIDUAL_PAYSLIP,FORECAST,PUBLIC_SYNTHETIC_PLANNING_MODEL,2026-09-06T00:00:00-07:00
base,ARU_GROUP,2027,5,PAYROLL-base-202705-WAREHOUSE,base-ARU_GROUP-2027-000923,WAGE-base-base-ARU_GROUP-2027-000923,WAREHOUSE,WAGE-base-base-ARU_GROUP-2027-000923-EMP-123,EMP-123,,Warehouse employee,1,1,7126,7126,MODELED_CENSUS_ROLE_ALLOCATION_NOT_INDIVIDUAL_PAYSLIP,FORECAST,PUBLIC_SYNTHETIC_PLANNING_MODEL,2026-09-06T00:00:00-07:00
base,ARU_GROUP,2027,5,PAYROLL-base-202705-WAREHOUSE,base-ARU_GROUP-2027-000923,WAGE-base-base-ARU_GROUP-2027-000923,WAREHOUSE,WAGE-base-base-ARU_GROUP-2027-000923-EMP-124,EMP-124,,Warehouse employee,1,1,7126,7126,MODELED_CENSUS_ROLE_ALLOCATION_NOT_INDIVIDUAL_PAYSLIP,FORECAST,PUBLIC_SYNTHETIC_PLANNING_MODEL,2026-09-06T00:00:00-07:00
base,ARU_GROUP,2027,5,PAYROLL-base-202705-WAREHOUSE,base-ARU_GROUP-2027-000923,WAGE-base-base-ARU_GROUP-2027-000923,WAREHOUSE,WAGE-base-base-ARU_GROUP-2027-000923-EMP-125,EMP-125,,Warehouse employee,1,1,7126,7126,MODELED_CENSUS_ROLE_ALLOCATION_NOT_INDIVIDUAL_PAYSLIP,FORECAST,PUBLIC_SYNTHETIC_PLANNING_MODEL,2026-09-06T00:00:00-07:00
base,ARU_GROUP,2027,5,PAYROLL-base-202705-WAREHOUSE,base-ARU_GROUP-2027-000923,WAGE-base-base-ARU_GROUP-2027-000923,WAREHOUSE,WAGE-base-base-ARU_GROUP-2027-000923-EMP-126,EMP-126,,Warehouse employee,1,1,7126,7126,MODELED_CENSUS_ROLE_ALLOCATION_NOT_INDIVIDUAL_PAYSLIP,FORECAST,PUBLIC_SYNTHETIC_PLANNING_MODEL,2026-09-06T00:00:00-07:00
base,ARU_GROUP,2027,5,PAYROLL-base-202705-WAREHOUSE,base-ARU_GROUP-2027-000923,WAGE-base-base-ARU_GROUP-2027-000923,WAREHOUSE,WAGE-base-base-ARU_GROUP-2027-000923-EMP-127,EMP-127,,Warehouse employee,1,1,7126,7126,MODELED_CENSUS_ROLE_ALLOCATION_NOT_INDIVIDUAL_PAYSLIP,FORECAST,PUBLIC_SYNTHETIC_PLANNING_MODEL,2026-09-06T00:00:00-07:00
base,ARU_GROUP,2027,5,PAYROLL-base-202705-WAREHOUSE,base-ARU_GROUP-2027-000923,WAGE-base-base-ARU_GROUP-2027-000923,WAREHOUSE,WAGE-base-base-ARU_GROUP-2027-000923-EMP-128,EMP-128,,Warehouse employee,1,1,7126,7126,MODELED_CENSUS_ROLE_ALLOCATION_NOT_INDIVIDUAL_PAYSLIP,FORECAST,PUBLIC_SYNTHETIC_PLANNING_MODEL,2026-09-06T00:00:00-07:00
base,ARU_GROUP,2027,5,PAYROLL-base-202705-WAREHOUSE,base-ARU_GROUP-2027-000923,WAGE-base-base-ARU_GROUP-2027-000923,WAREHOUSE,WAGE-base-base-ARU_GROUP-2027-000923-EMP-129,EMP-129,,Warehouse employee,1,1,7125,7125,MODELED_CENSUS_ROLE_ALLOCATION_NOT_INDIVIDUAL_PAYSLIP,FORECAST,PUBLIC_SYNTHETIC_PLANNING_MODEL,2026-09-06T00:00:00-07:00
base,ARU_GROUP,2027,5,PAYROLL-base-202705-WAREHOUSE,base-ARU_GROUP-2027-000923,WAGE-base-base-ARU_GROUP-2027-000923,WAREHOUSE,WAGE-base-base-ARU_GROUP-2027-000923-EMP-130,EMP-130,,Warehouse employee,1,1,7125,7125,MODELED_CENSUS_ROLE_ALLOCATION_NOT_INDIVIDUAL_PAYSLIP,FORECAST,PUBLIC_SYNTHETIC_PLANNING_MODEL,2026-09-06T00:00:00-07:00
base,ARU_GROUP,2027,5,PAYROLL-base-202705-WAREHOUSE,base-ARU_GROUP-2027-000923,WAGE-base-base-ARU_GROUP-2027-000923,WAREHOUSE,WAGE-base-base-ARU_GROUP-2027-000923-EMP-131,EMP-131,,Warehouse employee,1,1,7125,7125,MODELED_CENSUS_ROLE_ALLOCATION_NOT_INDIVIDUAL_PAYSLIP,FORECAST,PUBLIC_SYNTHETIC_PLANNING_MODEL,2026-09-06T00:00:00-07:00
base,ARU_GROUP,2027,5,PAYROLL-base-202705-ARU,base-ARU_GROUP-2027-000930,WAGE-base-base-ARU_GROUP-2027-000930,ARU,WAGE-base-base-ARU_GROUP-2027-000930-EMP-001,EMP-001,,President and COO,1,1,27583,27583,MODELED_CENSUS_ROLE_ALLOCATION_NOT_INDIVIDUAL_PAYSLIP,FORECAST,PUBLIC_SYNTHETIC_PLANNING_MODEL,2026-09-06T00:00:00-07:00
base,ARU_GROUP,2027,5,PAYROLL-base-202705-ARU,base-ARU_GROUP-2027-000930,WAGE-base-base-ARU_GROUP-2027-000930,ARU,WAGE-base-base-ARU_GROUP-2027-000930-EMP-002,EMP-002,,Director Industrial Operations,1,1,20113,20113,MODELED_CENSUS_ROLE_ALLOCATION_NOT_INDIVIDUAL_PAYSLIP,FORECAST,PUBLIC_SYNTHETIC_PLANNING_MODEL,2026-09-06T00:00:00-07:00
base,ARU_GROUP,2027,5,PAYROLL-base-202705-ARU,base-ARU_GROUP-2027-000930,WAGE-base-base-ARU_GROUP-2027-000930,ARU,WAGE-base-base-ARU_GROUP-2027-000930-EMP-003,EMP-003,,Controller,1,1,18964,18964,MODELED_CENSUS_ROLE_ALLOCATION_NOT_INDIVIDUAL_PAYSLIP,FORECAST,PUBLIC_SYNTHETIC_PLANNING_MODEL,2026-09-06T00:00:00-07:00
base,ARU_GROUP,2027,5,PAYROLL-base-202705-ARU,base-ARU_GROUP-2027-000930,WAGE-base-base-ARU_GROUP-2027-000930,ARU,WAGE-base-base-ARU_GROUP-2027-000930-EMP-004,EMP-004,,Director Safety and Environment,1,1,17814,17814,MODELED_CENSUS_ROLE_ALLOCATION_NOT_INDIVIDUAL_PAYSLIP,FORECAST,PUBLIC_SYNTHETIC_PLANNING_MODEL,2026-09-06T00:00:00-07:00
base,ARU_GROUP,2027,5,PAYROLL-base-202705-ARU,base-ARU_GROUP-2027-000930,WAGE-base-base-ARU_GROUP-2027-000930,ARU,WAGE-base-base-ARU_GROUP-2027-000930-EMP-005,EMP-005,,People and Administration Manager,1,1,13217,13217,MODELED_CENSUS_ROLE_ALLOCATION_NOT_INDIVIDUAL_PAYSLIP,FORECAST,PUBLIC_SYNTHETIC_PLANNING_MODEL,2026-09-06T00:00:00-07:00
base,ARU_GROUP,2027,5,PAYROLL-base-202705-ARU,base-ARU_GROUP-2027-000930,WAGE-base-base-ARU_GROUP-2027-000930,ARU,WAGE-base-base-ARU_GROUP-2027-000930-EMP-006,EMP-006,,Procurement and Systems Manager,1,1,13217,13217,MODELED_CENSUS_ROLE_ALLOCATION_NOT_INDIVIDUAL_PAYSLIP,FORECAST,PUBLIC_SYNTHETIC_PLANNING_MODEL,2026-09-06T00:00:00-07:00
base,ARU_GROUP,2027,5,PAYROLL-base-202705-ARU,base-ARU_GROUP-2027-000930,WAGE-base-base-ARU_GROUP-2027-000930,ARU,WAGE-base-base-ARU_GROUP-2027-000930-EMP-015,EMP-015,,Corporate employee,1,1,8275,8275,MODELED_CENSUS_ROLE_ALLOCATION_NOT_INDIVIDUAL_PAYSLIP,FORECAST,PUBLIC_SYNTHETIC_PLANNING_MODEL,2026-09-06T00:00:00-07:00
base,ARU_GROUP,2027,5,PAYROLL-base-202705-ARU,base-ARU_GROUP-2027-000930,WAGE-base-base-ARU_GROUP-2027-000930,ARU,WAGE-base-base-ARU_GROUP-2027-000930-EMP-016,EMP-016,,Corporate employee,1,1,8275,8275,MODELED_CENSUS_ROLE_ALLOCATION_NOT_INDIVIDUAL_PAYSLIP,FORECAST,PUBLIC_SYNTHETIC_PLANNING_MODEL,2026-09-06T00:00:00-07:00
base,ARU_GROUP,2027,5,PAYROLL-base-202705-ARU,base-ARU_GROUP-2027-000930,WAGE-base-base-ARU_GROUP-2027-000930,ARU,WAGE-base-base-ARU_GROUP-2027-000930-EMP-017,EMP-017,,Corporate employee,1,1,8275,8275,MODELED_CENSUS_ROLE_ALLOCATION_NOT_INDIVIDUAL_PAYSLIP,FORECAST,PUBLIC_SYNTHETIC_PLANNING_MODEL,2026-09-06T00:00:00-07:00
base,ARU_GROUP,2027,5,PAYROLL-base-202705-ARU,base-ARU_GROUP-2027-000930,WAGE-base-base-ARU_GROUP-2027-000930,ARU,WAGE-base-base-ARU_GROUP-2027-000930-EMP-018,EMP-018,,Corporate employee,1,1,8275,8275,MODELED_CENSUS_ROLE_ALLOCATION_NOT_INDIVIDUAL_PAYSLIP,FORECAST,PUBLIC_SYNTHETIC_PLANNING_MODEL,2026-09-06T00:00:00-07:00
base,ARU_GROUP,2027,6,PAYROLL-base-202706-BST,base-ARU_GROUP-2027-001153,WAGE-base-base-ARU_GROUP-2027-001153,BST,WAGE-base-base-ARU_GROUP-2027-001153-EMP-007,EMP-007,,General Manager,1,1,21837,21837,MODELED_CENSUS_ROLE_ALLOCATION_NOT_INDIVIDUAL_PAYSLIP,FORECAST,PUBLIC_SYNTHETIC_PLANNING_MODEL,2026-09-06T00:00:00-07:00
base,ARU_GROUP,2027,6,PAYROLL-base-202706-BST,base-ARU_GROUP-2027-001153,WAGE-base-base-ARU_GROUP-2027-001153,BST,WAGE-base-base-ARU_GROUP-2027-001153-EMP-008,EMP-008,,Operations and Dispatch Manager,1,1,14366,14366,MODELED_CENSUS_ROLE_ALLOCATION_NOT_INDIVIDUAL_PAYSLIP,FORECAST,PUBLIC_SYNTHETIC_PLANNING_MODEL,2026-09-06T00:00:00-07:00
base,ARU_GROUP,2027,6,PAYROLL-base-202706-BST,base-ARU_GROUP-2027-001153,WAGE-base-base-ARU_GROUP-2027-001153,BST,WAGE-base-base-ARU_GROUP-2027-001153-EMP-009,EMP-009,,Working MOW Foreman,1,1,11493,11493,MODELED_CENSUS_ROLE_ALLOCATION_NOT_INDIVIDUAL_PAYSLIP,FORECAST,PUBLIC_SYNTHETIC_PLANNING_MODEL,2026-09-06T00:00:00-07:00
base,ARU_GROUP,2027,6,PAYROLL-base-202706-BST,base-ARU_GROUP-2027-001153,WAGE-base-base-ARU_GROUP-2027-001153,BST,WAGE-base-base-ARU_GROUP-2027-001153-EMP-010,EMP-010,,Mechanical Foreman,1,1,12642,12642,MODELED_CENSUS_ROLE_ALLOCATION_NOT_INDIVIDUAL_PAYSLIP,FORECAST,PUBLIC_SYNTHETIC_PLANNING_MODEL,2026-09-06T00:00:00-07:00
base,ARU_GROUP,2027,6,PAYROLL-base-202706-BST,base-ARU_GROUP-2027-001153,WAGE-base-base-ARU_GROUP-2027-001153,BST,WAGE-base-base-ARU_GROUP-2027-001153-EMP-011,EMP-011,,Safety and Compliance Manager,1,1,12067,12067,MODELED_CENSUS_ROLE_ALLOCATION_NOT_INDIVIDUAL_PAYSLIP,FORECAST,PUBLIC_SYNTHETIC_PLANNING_MODEL,2026-09-06T00:00:00-07:00
base,ARU_GROUP,2027,6,PAYROLL-base-202706-BST,base-ARU_GROUP-2027-001153,WAGE-base-base-ARU_GROUP-2027-001153,BST,WAGE-base-base-ARU_GROUP-2027-001153-EMP-019,EMP-019,,Train Engine employee,1,1,8390,8390,MODELED_CENSUS_ROLE_ALLOCATION_NOT_INDIVIDUAL_PAYSLIP,FORECAST,PUBLIC_SYNTHETIC_PLANNING_MODEL,2026-09-06T00:00:00-07:00
base,ARU_GROUP,2027,6,PAYROLL-base-202706-BST,base-ARU_GROUP-2027-001153,WAGE-base-base-ARU_GROUP-2027-001153,BST,WAGE-base-base-ARU_GROUP-2027-001153-EMP-020,EMP-020,,Train Engine employee,1,1,8390,8390,MODELED_CENSUS_ROLE_ALLOCATION_NOT_INDIVIDUAL_PAYSLIP,FORECAST,PUBLIC_SYNTHETIC_PLANNING_MODEL,2026-09-06T00:00:00-07:00
base,ARU_GROUP,2027,6,PAYROLL-base-202706-BST,base-ARU_GROUP-2027-001153,WAGE-base-base-ARU_GROUP-2027-001153,BST,WAGE-base-base-ARU_GROUP-2027-001153-EMP-021,EMP-021,,Train Engine employee,1,1,8390,8390,MODELED_CENSUS_ROLE_ALLOCATION_NOT_INDIVIDUAL_PAYSLIP,FORECAST,PUBLIC_SYNTHETIC_PLANNING_MODEL,2026-09-06T00:00:00-07:00
base,ARU_GROUP,2027,6,PAYROLL-base-202706-BST,base-ARU_GROUP-2027-001153,WAGE-base-base-ARU_GROUP-2027-001153,BST,WAGE-base-base-ARU_GROUP-2027-001153-EMP-022,EMP-022,,Train Engine employee,1,1,8390,8390,MODELED_CENSUS_ROLE_ALLOCATION_NOT_INDIVIDUAL_PAYSLIP,FORECAST,PUBLIC_SYNTHETIC_PLANNING_MODEL,2026-09-06T00:00:00-07:00
base,ARU_GROUP,2027,6,PAYROLL-base-202706-BST,base-ARU_GROUP-2027-001153,WAGE-base-base-ARU_GROUP-2027-001153,BST,WAGE-base-base-ARU_GROUP-2027-001153-EMP-023,EMP-023,,Train Engine employee,1,1,8390,8390,MODELED_CENSUS_ROLE_ALLOCATION_NOT_INDIVIDUAL_PAYSLIP,FORECAST,PUBLIC_SYNTHETIC_PLANNING_MODEL,2026-09-06T00:00:00-07:00
base,ARU_GROUP,2027,6,PAYROLL-base-202706-BST,base-ARU_GROUP-2027-001153,WAGE-base-base-ARU_GROUP-2027-001153,BST,WAGE-base-base-ARU_GROUP-2027-001153-EMP-024,EMP-024,,Train Engine employee,1,1,8390,8390,MODELED_CENSUS_ROLE_ALLOCATION_NOT_INDIVIDUAL_PAYSLIP,FORECAST,PUBLIC_SYNTHETIC_PLANNING_MODEL,2026-09-06T00:00:00-07:00
base,ARU_GROUP,2027,6,PAYROLL-base-202706-BST,base-ARU_GROUP-2027-001153,WAGE-base-base-ARU_GROUP-2027-001153,BST,WAGE-base-base-ARU_GROUP-2027-001153-EMP-025,EMP-025,,Train Engine employee,1,1,8390,8390,MODELED_CENSUS_ROLE_ALLOCATION_NOT_INDIVIDUAL_PAYSLIP,FORECAST,PUBLIC_SYNTHETIC_PLANNING_MODEL,2026-09-06T00:00:00-07:00
base,ARU_GROUP,2027,6,PAYROLL-base-202706-BST,base-ARU_GROUP-2027-001153,WAGE-base-base-ARU_GROUP-2027-001153,BST,WAGE-base-base-ARU_GROUP-2027-001153-EMP-026,EMP-026,,Train Engine employee,1,1,8390,8390,MODELED_CENSUS_ROLE_ALLOCATION_NOT_INDIVIDUAL_PAYSLIP,FORECAST,PUBLIC_SYNTHETIC_PLANNING_MODEL,2026-09-06T00:00:00-07:00
base,ARU_GROUP,2027,6,PAYROLL-base-202706-BST,base-ARU_GROUP-2027-001153,WAGE-base-base-ARU_GROUP-2027-001153,BST,WAGE-base-base-ARU_GROUP-2027-001153-EMP-027,EMP-027,,Train Engine employee,1,1,8390,8390,MODELED_CENSUS_ROLE_ALLOCATION_NOT_INDIVIDUAL_PAYSLIP,FORECAST,PUBLIC_SYNTHETIC_PLANNING_MODEL,2026-09-06T00:00:00-07:00
base,ARU_GROUP,2027,6,PAYROLL-base-202706-BST,base-ARU_GROUP-2027-001153,WAGE-base-base-ARU_GROUP-2027-001153,BST,WAGE-base-base-ARU_GROUP-2027-001153-EMP-028,EMP-028,,Train Engine employee,1,1,8390,8390,MODELED_CENSUS_ROLE_ALLOCATION_NOT_INDIVIDUAL_PAYSLIP,FORECAST,PUBLIC_SYNTHETIC_PLANNING_MODEL,2026-09-06T00:00:00-07:00
base,ARU_GROUP,2027,6,PAYROLL-base-202706-BST,base-ARU_GROUP-2027-001153,WAGE-base-base-ARU_GROUP-2027-001153,BST,WAGE-base-base-ARU_GROUP-2027-001153-EMP-029,EMP-029,,Train Engine employee,1,1,8390,8390,MODELED_CENSUS_ROLE_ALLOCATION_NOT_INDIVIDUAL_PAYSLIP,FORECAST,PUBLIC_SYNTHETIC_PLANNING_MODEL,2026-09-06T00:00:00-07:00
base,ARU_GROUP,2027,6,PAYROLL-base-202706-BST,base-ARU_GROUP-2027-001153,WAGE-base-base-ARU_GROUP-2027-001153,BST,WAGE-base-base-ARU_GROUP-2027-001153-EMP-030,EMP-030,,Train Engine employee,1,1,8390,8390,MODELED_CENSUS_ROLE_ALLOCATION_NOT_INDIVIDUAL_PAYSLIP,FORECAST,PUBLIC_SYNTHETIC_PLANNING_MODEL,2026-09-06T00:00:00-07:00
base,ARU_GROUP,2027,6,PAYROLL-base-202706-BST,base-ARU_GROUP-2027-001153,WAGE-base-base-ARU_GROUP-2027-001153,BST,WAGE-base-base-ARU_GROUP-2027-001153-EMP-031,EMP-031,,Train Engine employee,1,1,8390,8390,MODELED_CENSUS_ROLE_ALLOCATION_NOT_INDIVIDUAL_PAYSLIP,FORECAST,PUBLIC_SYNTHETIC_PLANNING_MODEL,2026-09-06T00:00:00-07:00
base,ARU_GROUP,2027,6,PAYROLL-base-202706-BST,base-ARU_GROUP-2027-001153,WAGE-base-base-ARU_GROUP-2027-001153,BST,WAGE-base-base-ARU_GROUP-2027-001153-EMP-032,EMP-032,,Train Engine employee,1,1,8390,8390,MODELED_CENSUS_ROLE_ALLOCATION_NOT_INDIVIDUAL_PAYSLIP,FORECAST,PUBLIC_SYNTHETIC_PLANNING_MODEL,2026-09-06T00:00:00-07:00
base,ARU_GROUP,2027,6,PAYROLL-base-202706-BST,base-ARU_GROUP-2027-001153,WAGE-base-base-ARU_GROUP-2027-001153,BST,WAGE-base-base-ARU_GROUP-2027-001153-EMP-033,EMP-033,,Train Engine employee,1,1,8390,8390,MODELED_CENSUS_ROLE_ALLOCATION_NOT_INDIVIDUAL_PAYSLIP,FORECAST,PUBLIC_SYNTHETIC_PLANNING_MODEL,2026-09-06T00:00:00-07:00
base,ARU_GROUP,2027,6,PAYROLL-base-202706-BST,base-ARU_GROUP-2027-001153,WAGE-base-base-ARU_GROUP-2027-001153,BST,WAGE-base-base-ARU_GROUP-2027-001153-EMP-034,EMP-034,,Train Engine employee,1,1,8390,8390,MODELED_CENSUS_ROLE_ALLOCATION_NOT_INDIVIDUAL_PAYSLIP,FORECAST,PUBLIC_SYNTHETIC_PLANNING_MODEL,2026-09-06T00:00:00-07:00
base,ARU_GROUP,2027,6,PAYROLL-base-202706-BST,base-ARU_GROUP-2027-001153,WAGE-base-base-ARU_GROUP-2027-001153,BST,WAGE-base-base-ARU_GROUP-2027-001153-EMP-035,EMP-035,,Train Engine employee,1,1,8390,8390,MODELED_CENSUS_ROLE_ALLOCATION_NOT_INDIVIDUAL_PAYSLIP,FORECAST,PUBLIC_SYNTHETIC_PLANNING_MODEL,2026-09-06T00:00:00-07:00
base,ARU_GROUP,2027,6,PAYROLL-base-202706-BST,base-ARU_GROUP-2027-001153,WAGE-base-base-ARU_GROUP-2027-001153,BST,WAGE-base-base-ARU_GROUP-2027-001153-EMP-036,EMP-036,,Train Engine employee,1,1,8390,8390,MODELED_CENSUS_ROLE_ALLOCATION_NOT_INDIVIDUAL_PAYSLIP,FORECAST,PUBLIC_SYNTHETIC_PLANNING_MODEL,2026-09-06T00:00:00-07:00
base,ARU_GROUP,2027,6,PAYROLL-base-202706-BST,base-ARU_GROUP-2027-001153,WAGE-base-base-ARU_GROUP-2027-001153,BST,WAGE-base-base-ARU_GROUP-2027-001153-EMP-037,EMP-037,,Train Engine employee,1,1,8390,8390,MODELED_CENSUS_ROLE_ALLOCATION_NOT_INDIVIDUAL_PAYSLIP,FORECAST,PUBLIC_SYNTHETIC_PLANNING_MODEL,2026-09-06T00:00:00-07:00
base,ARU_GROUP,2027,6,PAYROLL-base-202706-BST,base-ARU_GROUP-2027-001153,WAGE-base-base-ARU_GROUP-2027-001153,BST,WAGE-base-base-ARU_GROUP-2027-001153-EMP-038,EMP-038,,Train Engine employee,1,1,8390,8390,MODELED_CENSUS_ROLE_ALLOCATION_NOT_INDIVIDUAL_PAYSLIP,FORECAST,PUBLIC_SYNTHETIC_PLANNING_MODEL,2026-09-06T00:00:00-07:00
base,ARU_GROUP,2027,6,PAYROLL-base-202706-BST,base-ARU_GROUP-2027-001153,WAGE-base-base-ARU_GROUP-2027-001153,BST,WAGE-base-base-ARU_GROUP-2027-001153-EMP-039,EMP-039,,Train Engine employee,1,1,8390,8390,MODELED_CENSUS_ROLE_ALLOCATION_NOT_INDIVIDUAL_PAYSLIP,FORECAST,PUBLIC_SYNTHETIC_PLANNING_MODEL,2026-09-06T00:00:00-07:00
base,ARU_GROUP,2027,6,PAYROLL-base-202706-BST,base-ARU_GROUP-2027-001153,WAGE-base-base-ARU_GROUP-2027-001153,BST,WAGE-base-base-ARU_GROUP-2027-001153-EMP-040,EMP-040,,Train Engine employee,1,1,8390,8390,MODELED_CENSUS_ROLE_ALLOCATION_NOT_INDIVIDUAL_PAYSLIP,FORECAST,PUBLIC_SYNTHETIC_PLANNING_MODEL,2026-09-06T00:00:00-07:00
base,ARU_GROUP,2027,6,PAYROLL-base-202706-BST,base-ARU_GROUP-2027-001153,WAGE-base-base-ARU_GROUP-2027-001153,BST,WAGE-base-base-ARU_GROUP-2027-001153-EMP-041,EMP-041,,Mow employee,1,1,8045,8045,MODELED_CENSUS_ROLE_ALLOCATION_NOT_INDIVIDUAL_PAYSLIP,FORECAST,PUBLIC_SYNTHETIC_PLANNING_MODEL,2026-09-06T00:00:00-07:00
base,ARU_GROUP,2027,6,PAYROLL-base-202706-BST,base-ARU_GROUP-2027-001153,WAGE-base-base-ARU_GROUP-2027-001153,BST,WAGE-base-base-ARU_GROUP-2027-001153-EMP-042,EMP-042,,Mow employee,1,1,8045,8045,MODELED_CENSUS_ROLE_ALLOCATION_NOT_INDIVIDUAL_PAYSLIP,FORECAST,PUBLIC_SYNTHETIC_PLANNING_MODEL,2026-09-06T00:00:00-07:00
base,ARU_GROUP,2027,6,PAYROLL-base-202706-BST,base-ARU_GROUP-2027-001153,WAGE-base-base-ARU_GROUP-2027-001153,BST,WAGE-base-base-ARU_GROUP-2027-001153-EMP-043,EMP-043,,Mow employee,1,1,8045,8045,MODELED_CENSUS_ROLE_ALLOCATION_NOT_INDIVIDUAL_PAYSLIP,FORECAST,PUBLIC_SYNTHETIC_PLANNING_MODEL,2026-09-06T00:00:00-07:00
base,ARU_GROUP,2027,6,PAYROLL-base-202706-BST,base-ARU_GROUP-2027-001153,WAGE-base-base-ARU_GROUP-2027-001153,BST,WAGE-base-base-ARU_GROUP-2027-001153-EMP-044,EMP-044,,Mow employee,1,1,8045,8045,MODELED_CENSUS_ROLE_ALLOCATION_NOT_INDIVIDUAL_PAYSLIP,FORECAST,PUBLIC_SYNTHETIC_PLANNING_MODEL,2026-09-06T00:00:00-07:00
base,ARU_GROUP,2027,6,PAYROLL-base-202706-BST,base-ARU_GROUP-2027-001153,WAGE-base-base-ARU_GROUP-2027-001153,BST,WAGE-base-base-ARU_GROUP-2027-001153-EMP-045,EMP-045,,Mow employee,1,1,8045,8045,MODELED_CENSUS_ROLE_ALLOCATION_NOT_INDIVIDUAL_PAYSLIP,FORECAST,PUBLIC_SYNTHETIC_PLANNING_MODEL,2026-09-06T00:00:00-07:00
base,ARU_GROUP,2027,6,PAYROLL-base-202706-BST,base-ARU_GROUP-2027-001153,WAGE-base-base-ARU_GROUP-2027-001153,BST,WAGE-base-base-ARU_GROUP-2027-001153-EMP-046,EMP-046,,Mow employee,1,1,8045,8045,MODELED_CENSUS_ROLE_ALLOCATION_NOT_INDIVIDUAL_PAYSLIP,FORECAST,PUBLIC_SYNTHETIC_PLANNING_MODEL,2026-09-06T00:00:00-07:00
base,ARU_GROUP,2027,6,PAYROLL-base-202706-BST,base-ARU_GROUP-2027-001153,WAGE-base-base-ARU_GROUP-2027-001153,BST,WAGE-base-base-ARU_GROUP-2027-001153-EMP-047,EMP-047,,Mow employee,1,1,8045,8045,MODELED_CENSUS_ROLE_ALLOCATION_NOT_INDIVIDUAL_PAYSLIP,FORECAST,PUBLIC_SYNTHETIC_PLANNING_MODEL,2026-09-06T00:00:00-07:00
base,ARU_GROUP,2027,6,PAYROLL-base-202706-BST,base-ARU_GROUP-2027-001153,WAGE-base-base-ARU_GROUP-2027-001153,BST,WAGE-base-base-ARU_GROUP-2027-001153-EMP-048,EMP-048,,Mow employee,1,1,8045,8045,MODELED_CENSUS_ROLE_ALLOCATION_NOT_INDIVIDUAL_PAYSLIP,FORECAST,PUBLIC_SYNTHETIC_PLANNING_MODEL,2026-09-06T00:00:00-07:00
base,ARU_GROUP,2027,6,PAYROLL-base-202706-BST,base-ARU_GROUP-2027-001153,WAGE-base-base-ARU_GROUP-2027-001153,BST,WAGE-base-base-ARU_GROUP-2027-001153-EMP-049,EMP-049,,Mow employee,1,1,8045,8045,MODELED_CENSUS_ROLE_ALLOCATION_NOT_INDIVIDUAL_PAYSLIP,FORECAST,PUBLIC_SYNTHETIC_PLANNING_MODEL,2026-09-06T00:00:00-07:00
base,ARU_GROUP,2027,6,PAYROLL-base-202706-BST,base-ARU_GROUP-2027-001153,WAGE-base-base-ARU_GROUP-2027-001153,BST,WAGE-base-base-ARU_GROUP-2027-001153-EMP-050,EMP-050,,Mechanical employee,1,1,8620,8620,MODELED_CENSUS_ROLE_ALLOCATION_NOT_INDIVIDUAL_PAYSLIP,FORECAST,PUBLIC_SYNTHETIC_PLANNING_MODEL,2026-09-06T00:00:00-07:00
base,ARU_GROUP,2027,6,PAYROLL-base-202706-BST,base-ARU_GROUP-2027-001153,WAGE-base-base-ARU_GROUP-2027-001153,BST,WAGE-base-base-ARU_GROUP-2027-001153-EMP-051,EMP-051,,Mechanical employee,1,1,8620,8620,MODELED_CENSUS_ROLE_ALLOCATION_NOT_INDIVIDUAL_PAYSLIP,FORECAST,PUBLIC_SYNTHETIC_PLANNING_MODEL,2026-09-06T00:00:00-07:00
base,ARU_GROUP,2027,6,PAYROLL-base-202706-BST,base-ARU_GROUP-2027-001153,WAGE-base-base-ARU_GROUP-2027-001153,BST,WAGE-base-base-ARU_GROUP-2027-001153-EMP-052,EMP-052,,Mechanical employee,1,1,8620,8620,MODELED_CENSUS_ROLE_ALLOCATION_NOT_INDIVIDUAL_PAYSLIP,FORECAST,PUBLIC_SYNTHETIC_PLANNING_MODEL,2026-09-06T00:00:00-07:00
base,ARU_GROUP,2027,6,PAYROLL-base-202706-BST,base-ARU_GROUP-2027-001153,WAGE-base-base-ARU_GROUP-2027-001153,BST,WAGE-base-base-ARU_GROUP-2027-001153-EMP-053,EMP-053,,Mechanical employee,1,1,8620,8620,MODELED_CENSUS_ROLE_ALLOCATION_NOT_INDIVIDUAL_PAYSLIP,FORECAST,PUBLIC_SYNTHETIC_PLANNING_MODEL,2026-09-06T00:00:00-07:00
base,ARU_GROUP,2027,6,PAYROLL-base-202706-BST,base-ARU_GROUP-2027-001153,WAGE-base-base-ARU_GROUP-2027-001153,BST,WAGE-base-base-ARU_GROUP-2027-001153-EMP-054,EMP-054,,Mechanical employee,1,1,8620,8620,MODELED_CENSUS_ROLE_ALLOCATION_NOT_INDIVIDUAL_PAYSLIP,FORECAST,PUBLIC_SYNTHETIC_PLANNING_MODEL,2026-09-06T00:00:00-07:00
base,ARU_GROUP,2027,6,PAYROLL-base-202706-BST,base-ARU_GROUP-2027-001153,WAGE-base-base-ARU_GROUP-2027-001153,BST,WAGE-base-base-ARU_GROUP-2027-001153-EMP-055,EMP-055,,Mechanical employee,1,1,8620,8620,MODELED_CENSUS_ROLE_ALLOCATION_NOT_INDIVIDUAL_PAYSLIP,FORECAST,PUBLIC_SYNTHETIC_PLANNING_MODEL,2026-09-06T00:00:00-07:00
base,ARU_GROUP,2027,6,PAYROLL-base-202706-BST,base-ARU_GROUP-2027-001153,WAGE-base-base-ARU_GROUP-2027-001153,BST,WAGE-base-base-ARU_GROUP-2027-001153-EMP-056,EMP-056,,Mechanical employee,1,1,8620,8620,MODELED_CENSUS_ROLE_ALLOCATION_NOT_INDIVIDUAL_PAYSLIP,FORECAST,PUBLIC_SYNTHETIC_PLANNING_MODEL,2026-09-06T00:00:00-07:00
base,ARU_GROUP,2027,6,PAYROLL-base-202706-BST,base-ARU_GROUP-2027-001153,WAGE-base-base-ARU_GROUP-2027-001153,BST,WAGE-base-base-ARU_GROUP-2027-001153-EMP-057,EMP-057,,Operations employee,1,1,8045,8045,MODELED_CENSUS_ROLE_ALLOCATION_NOT_INDIVIDUAL_PAYSLIP,FORECAST,PUBLIC_SYNTHETIC_PLANNING_MODEL,2026-09-06T00:00:00-07:00
base,ARU_GROUP,2027,6,PAYROLL-base-202706-BST,base-ARU_GROUP-2027-001153,WAGE-base-base-ARU_GROUP-2027-001153,BST,WAGE-base-base-ARU_GROUP-2027-001153-EMP-058,EMP-058,,Operations employee,1,1,8045,8045,MODELED_CENSUS_ROLE_ALLOCATION_NOT_INDIVIDUAL_PAYSLIP,FORECAST,PUBLIC_SYNTHETIC_PLANNING_MODEL,2026-09-06T00:00:00-07:00
base,ARU_GROUP,2027,6,PAYROLL-base-202706-BST,base-ARU_GROUP-2027-001153,WAGE-base-base-ARU_GROUP-2027-001153,BST,WAGE-base-base-ARU_GROUP-2027-001153-EMP-059,EMP-059,,Operations employee,1,1,8045,8045,MODELED_CENSUS_ROLE_ALLOCATION_NOT_INDIVIDUAL_PAYSLIP,FORECAST,PUBLIC_SYNTHETIC_PLANNING_MODEL,2026-09-06T00:00:00-07:00
base,ARU_GROUP,2027,6,PAYROLL-base-202706-BST,base-ARU_GROUP-2027-001153,WAGE-base-base-ARU_GROUP-2027-001153,BST,WAGE-base-base-ARU_GROUP-2027-001153-EMP-060,EMP-060,,Operations employee,1,1,8045,8045,MODELED_CENSUS_ROLE_ALLOCATION_NOT_INDIVIDUAL_PAYSLIP,FORECAST,PUBLIC_SYNTHETIC_PLANNING_MODEL,2026-09-06T00:00:00-07:00
base,ARU_GROUP,2027,6,PAYROLL-base-202706-BST,base-ARU_GROUP-2027-001153,WAGE-base-base-ARU_GROUP-2027-001153,BST,WAGE-base-base-ARU_GROUP-2027-001153-EMP-061,EMP-061,,Operations employee,1,1,8045,8045,MODELED_CENSUS_ROLE_ALLOCATION_NOT_INDIVIDUAL_PAYSLIP,FORECAST,PUBLIC_SYNTHETIC_PLANNING_MODEL,2026-09-06T00:00:00-07:00
base,ARU_GROUP,2027,6,PAYROLL-base-202706-BST,base-ARU_GROUP-2027-001153,WAGE-base-base-ARU_GROUP-2027-001153,BST,WAGE-base-base-ARU_GROUP-2027-001153-EMP-062,EMP-062,,Safety employee,1,1,8620,8620,MODELED_CENSUS_ROLE_ALLOCATION_NOT_INDIVIDUAL_PAYSLIP,FORECAST,PUBLIC_SYNTHETIC_PLANNING_MODEL,2026-09-06T00:00:00-07:00
base,ARU_GROUP,2027,6,PAYROLL-base-202706-BST,base-ARU_GROUP-2027-001153,WAGE-base-base-ARU_GROUP-2027-001153,BST,WAGE-base-base-ARU_GROUP-2027-001153-EMP-063,EMP-063,,Safety employee,1,1,8620,8620,MODELED_CENSUS_ROLE_ALLOCATION_NOT_INDIVIDUAL_PAYSLIP,FORECAST,PUBLIC_SYNTHETIC_PLANNING_MODEL,2026-09-06T00:00:00-07:00
base,ARU_GROUP,2027,6,PAYROLL-base-202706-BST,base-ARU_GROUP-2027-001153,WAGE-base-base-ARU_GROUP-2027-001153,BST,WAGE-base-base-ARU_GROUP-2027-001153-EMP-064,EMP-064,,Management employee,1,1,8620,8620,MODELED_CENSUS_ROLE_ALLOCATION_NOT_INDIVIDUAL_PAYSLIP,FORECAST,PUBLIC_SYNTHETIC_PLANNING_MODEL,2026-09-06T00:00:00-07:00
base,ARU_GROUP,2027,6,PAYROLL-base-202706-BST,base-ARU_GROUP-2027-001153,WAGE-base-base-ARU_GROUP-2027-001153,BST,WAGE-base-base-ARU_GROUP-2027-001153-EMP-065,EMP-065,,Management employee,1,1,8620,8620,MODELED_CENSUS_ROLE_ALLOCATION_NOT_INDIVIDUAL_PAYSLIP,FORECAST,PUBLIC_SYNTHETIC_PLANNING_MODEL,2026-09-06T00:00:00-07:00
base,ARU_GROUP,2027,6,PAYROLL-base-202706-BST,base-ARU_GROUP-2027-001153,WAGE-base-base-ARU_GROUP-2027-001153,BST,WAGE-base-base-ARU_GROUP-2027-001153-EMP-066,EMP-066,,Management employee,1,1,8620,8620,MODELED_CENSUS_ROLE_ALLOCATION_NOT_INDIVIDUAL_PAYSLIP,FORECAST,PUBLIC_SYNTHETIC_PLANNING_MODEL,2026-09-06T00:00:00-07:00
base,ARU_GROUP,2027,6,PAYROLL-base-202706-BST,base-ARU_GROUP-2027-001153,WAGE-base-base-ARU_GROUP-2027-001153,BST,WAGE-base-base-ARU_GROUP-2027-001153-EMP-067,EMP-067,,Management employee,1,1,8620,8620,MODELED_CENSUS_ROLE_ALLOCATION_NOT_INDIVIDUAL_PAYSLIP,FORECAST,PUBLIC_SYNTHETIC_PLANNING_MODEL,2026-09-06T00:00:00-07:00
base,ARU_GROUP,2027,6,PAYROLL-base-202706-BST,base-ARU_GROUP-2027-001153,WAGE-base-base-ARU_GROUP-2027-001153,BST,WAGE-base-base-ARU_GROUP-2027-001153-EMP-068,EMP-068,,Management employee,1,1,8620,8620,MODELED_CENSUS_ROLE_ALLOCATION_NOT_INDIVIDUAL_PAYSLIP,FORECAST,PUBLIC_SYNTHETIC_PLANNING_MODEL,2026-09-06T00:00:00-07:00
base,ARU_GROUP,2027,6,PAYROLL-base-202706-BST,base-ARU_GROUP-2027-001153,WAGE-base-base-ARU_GROUP-2027-001153,BST,WAGE-base-base-ARU_GROUP-2027-001153-EMP-069,EMP-069,,Management employee,1,1,8620,8620,MODELED_CENSUS_ROLE_ALLOCATION_NOT_INDIVIDUAL_PAYSLIP,FORECAST,PUBLIC_SYNTHETIC_PLANNING_MODEL,2026-09-06T00:00:00-07:00
base,ARU_GROUP,2027,6,PAYROLL-base-202706-BST,base-ARU_GROUP-2027-001153,WAGE-base-base-ARU_GROUP-2027-001153,BST,WAGE-base-base-ARU_GROUP-2027-001153-EMP-070,EMP-070,,Management employee,1,1,8620,8620,MODELED_CENSUS_ROLE_ALLOCATION_NOT_INDIVIDUAL_PAYSLIP,FORECAST,PUBLIC_SYNTHETIC_PLANNING_MODEL,2026-09-06T00:00:00-07:00
base,ARU_GROUP,2027,6,PAYROLL-base-202706-BST,base-ARU_GROUP-2027-001153,WAGE-base-base-ARU_GROUP-2027-001153,BST,WAGE-base-base-ARU_GROUP-2027-001153-EMP-071,EMP-071,,Management employee,1,1,8619,8619,MODELED_CENSUS_ROLE_ALLOCATION_NOT_INDIVIDUAL_PAYSLIP,FORECAST,PUBLIC_SYNTHETIC_PLANNING_MODEL,2026-09-06T00:00:00-07:00
base,ARU_GROUP,2027,6,PAYROLL-base-202706-TERMINALS,base-ARU_GROUP-2027-001160,WAGE-base-base-ARU_GROUP-2027-001160,TERMINALS,WAGE-base-base-ARU_GROUP-2027-001160-EMP-012,EMP-012,,Terminal Manager,1,1,15515,15515,MODELED_CENSUS_ROLE_ALLOCATION_NOT_INDIVIDUAL_PAYSLIP,FORECAST,PUBLIC_SYNTHETIC_PLANNING_MODEL,2026-09-06T00:00:00-07:00
base,ARU_GROUP,2027,6,PAYROLL-base-202706-TERMINALS,base-ARU_GROUP-2027-001160,WAGE-base-base-ARU_GROUP-2027-001160,TERMINALS,WAGE-base-base-ARU_GROUP-2027-001160-EMP-072,EMP-072,,Terminal employee,1,1,7126,7126,MODELED_CENSUS_ROLE_ALLOCATION_NOT_INDIVIDUAL_PAYSLIP,FORECAST,PUBLIC_SYNTHETIC_PLANNING_MODEL,2026-09-06T00:00:00-07:00
base,ARU_GROUP,2027,6,PAYROLL-base-202706-TERMINALS,base-ARU_GROUP-2027-001160,WAGE-base-base-ARU_GROUP-2027-001160,TERMINALS,WAGE-base-base-ARU_GROUP-2027-001160-EMP-073,EMP-073,,Terminal employee,1,1,7126,7126,MODELED_CENSUS_ROLE_ALLOCATION_NOT_INDIVIDUAL_PAYSLIP,FORECAST,PUBLIC_SYNTHETIC_PLANNING_MODEL,2026-09-06T00:00:00-07:00
base,ARU_GROUP,2027,6,PAYROLL-base-202706-TERMINALS,base-ARU_GROUP-2027-001160,WAGE-base-base-ARU_GROUP-2027-001160,TERMINALS,WAGE-base-base-ARU_GROUP-2027-001160-EMP-074,EMP-074,,Terminal employee,1,1,7126,7126,MODELED_CENSUS_ROLE_ALLOCATION_NOT_INDIVIDUAL_PAYSLIP,FORECAST,PUBLIC_SYNTHETIC_PLANNING_MODEL,2026-09-06T00:00:00-07:00
base,ARU_GROUP,2027,6,PAYROLL-base-202706-TERMINALS,base-ARU_GROUP-2027-001160,WAGE-base-base-ARU_GROUP-2027-001160,TERMINALS,WAGE-base-base-ARU_GROUP-2027-001160-EMP-075,EMP-075,,Terminal employee,1,1,7126,7126,MODELED_CENSUS_ROLE_ALLOCATION_NOT_INDIVIDUAL_PAYSLIP,FORECAST,PUBLIC_SYNTHETIC_PLANNING_MODEL,2026-09-06T00:00:00-07:00
base,ARU_GROUP,2027,6,PAYROLL-base-202706-TERMINALS,base-ARU_GROUP-2027-001160,WAGE-base-base-ARU_GROUP-2027-001160,TERMINALS,WAGE-base-base-ARU_GROUP-2027-001160-EMP-076,EMP-076,,Terminal employee,1,1,7126,7126,MODELED_CENSUS_ROLE_ALLOCATION_NOT_INDIVIDUAL_PAYSLIP,FORECAST,PUBLIC_SYNTHETIC_PLANNING_MODEL,2026-09-06T00:00:00-07:00
base,ARU_GROUP,2027,6,PAYROLL-base-202706-TERMINALS,base-ARU_GROUP-2027-001160,WAGE-base-base-ARU_GROUP-2027-001160,TERMINALS,WAGE-base-base-ARU_GROUP-2027-001160-EMP-077,EMP-077,,Terminal employee,1,1,7126,7126,MODELED_CENSUS_ROLE_ALLOCATION_NOT_INDIVIDUAL_PAYSLIP,FORECAST,PUBLIC_SYNTHETIC_PLANNING_MODEL,2026-09-06T00:00:00-07:00
base,ARU_GROUP,2027,6,PAYROLL-base-202706-TERMINALS,base-ARU_GROUP-2027-001160,WAGE-base-base-ARU_GROUP-2027-001160,TERMINALS,WAGE-base-base-ARU_GROUP-2027-001160-EMP-078,EMP-078,,Terminal employee,1,1,7126,7126,MODELED_CENSUS_ROLE_ALLOCATION_NOT_INDIVIDUAL_PAYSLIP,FORECAST,PUBLIC_SYNTHETIC_PLANNING_MODEL,2026-09-06T00:00:00-07:00
base,ARU_GROUP,2027,6,PAYROLL-base-202706-TERMINALS,base-ARU_GROUP-2027-001160,WAGE-base-base-ARU_GROUP-2027-001160,TERMINALS,WAGE-base-base-ARU_GROUP-2027-001160-EMP-079,EMP-079,,Terminal employee,1,1,7126,7126,MODELED_CENSUS_ROLE_ALLOCATION_NOT_INDIVIDUAL_PAYSLIP,FORECAST,PUBLIC_SYNTHETIC_PLANNING_MODEL,2026-09-06T00:00:00-07:00
base,ARU_GROUP,2027,6,PAYROLL-base-202706-TERMINALS,base-ARU_GROUP-2027-001160,WAGE-base-base-ARU_GROUP-2027-001160,TERMINALS,WAGE-base-base-ARU_GROUP-2027-001160-EMP-080,EMP-080,,Terminal employee,1,1,7126,7126,MODELED_CENSUS_ROLE_ALLOCATION_NOT_INDIVIDUAL_PAYSLIP,FORECAST,PUBLIC_SYNTHETIC_PLANNING_MODEL,2026-09-06T00:00:00-07:00
base,ARU_GROUP,2027,6,PAYROLL-base-202706-TERMINALS,base-ARU_GROUP-2027-001160,WAGE-base-base-ARU_GROUP-2027-001160,TERMINALS,WAGE-base-base-ARU_GROUP-2027-001160-EMP-081,EMP-081,,Terminal employee,1,1,7126,7126,MODELED_CENSUS_ROLE_ALLOCATION_NOT_INDIVIDUAL_PAYSLIP,FORECAST,PUBLIC_SYNTHETIC_PLANNING_MODEL,2026-09-06T00:00:00-07:00
base,ARU_GROUP,2027,6,PAYROLL-base-202706-TERMINALS,base-ARU_GROUP-2027-001160,WAGE-base-base-ARU_GROUP-2027-001160,TERMINALS,WAGE-base-base-ARU_GROUP-2027-001160-EMP-082,EMP-082,,Terminal employee,1,1,7126,7126,MODELED_CENSUS_ROLE_ALLOCATION_NOT_INDIVIDUAL_PAYSLIP,FORECAST,PUBLIC_SYNTHETIC_PLANNING_MODEL,2026-09-06T00:00:00-07:00
base,ARU_GROUP,2027,6,PAYROLL-base-202706-TERMINALS,base-ARU_GROUP-2027-001160,WAGE-base-base-ARU_GROUP-2027-001160,TERMINALS,WAGE-base-base-ARU_GROUP-2027-001160-EMP-083,EMP-083,,Terminal employee,1,1,7126,7126,MODELED_CENSUS_ROLE_ALLOCATION_NOT_INDIVIDUAL_PAYSLIP,FORECAST,PUBLIC_SYNTHETIC_PLANNING_MODEL,2026-09-06T00:00:00-07:00
base,ARU_GROUP,2027,6,PAYROLL-base-202706-TERMINALS,base-ARU_GROUP-2027-001160,WAGE-base-base-ARU_GROUP-2027-001160,TERMINALS,WAGE-base-base-ARU_GROUP-2027-001160-EMP-084,EMP-084,,Terminal employee,1,1,7126,7126,MODELED_CENSUS_ROLE_ALLOCATION_NOT_INDIVIDUAL_PAYSLIP,FORECAST,PUBLIC_SYNTHETIC_PLANNING_MODEL,2026-09-06T00:00:00-07:00
base,ARU_GROUP,2027,6,PAYROLL-base-202706-TERMINALS,base-ARU_GROUP-2027-001160,WAGE-base-base-ARU_GROUP-2027-001160,TERMINALS,WAGE-base-base-ARU_GROUP-2027-001160-EMP-085,EMP-085,,Terminal employee,1,1,7126,7126,MODELED_CENSUS_ROLE_ALLOCATION_NOT_INDIVIDUAL_PAYSLIP,FORECAST,PUBLIC_SYNTHETIC_PLANNING_MODEL,2026-09-06T00:00:00-07:00
base,ARU_GROUP,2027,6,PAYROLL-base-202706-TERMINALS,base-ARU_GROUP-2027-001160,WAGE-base-base-ARU_GROUP-2027-001160,TERMINALS,WAGE-base-base-ARU_GROUP-2027-001160-EMP-086,EMP-086,,Terminal employee,1,1,7126,7126,MODELED_CENSUS_ROLE_ALLOCATION_NOT_INDIVIDUAL_PAYSLIP,FORECAST,PUBLIC_SYNTHETIC_PLANNING_MODEL,2026-09-06T00:00:00-07:00
base,ARU_GROUP,2027,6,PAYROLL-base-202706-TERMINALS,base-ARU_GROUP-2027-001160,WAGE-base-base-ARU_GROUP-2027-001160,TERMINALS,WAGE-base-base-ARU_GROUP-2027-001160-EMP-087,EMP-087,,Terminal employee,1,1,7126,7126,MODELED_CENSUS_ROLE_ALLOCATION_NOT_INDIVIDUAL_PAYSLIP,FORECAST,PUBLIC_SYNTHETIC_PLANNING_MODEL,2026-09-06T00:00:00-07:00
base,ARU_GROUP,2027,6,PAYROLL-base-202706-TERMINALS,base-ARU_GROUP-2027-001160,WAGE-base-base-ARU_GROUP-2027-001160,TERMINALS,WAGE-base-base-ARU_GROUP-2027-001160-EMP-088,EMP-088,,Terminal employee,1,1,7126,7126,MODELED_CENSUS_ROLE_ALLOCATION_NOT_INDIVIDUAL_PAYSLIP,FORECAST,PUBLIC_SYNTHETIC_PLANNING_MODEL,2026-09-06T00:00:00-07:00
base,ARU_GROUP,2027,6,PAYROLL-base-202706-TERMINALS,base-ARU_GROUP-2027-001160,WAGE-base-base-ARU_GROUP-2027-001160,TERMINALS,WAGE-base-base-ARU_GROUP-2027-001160-EMP-089,EMP-089,,Terminal employee,1,1,7126,7126,MODELED_CENSUS_ROLE_ALLOCATION_NOT_INDIVIDUAL_PAYSLIP,FORECAST,PUBLIC_SYNTHETIC_PLANNING_MODEL,2026-09-06T00:00:00-07:00
base,ARU_GROUP,2027,6,PAYROLL-base-202706-TERMINALS,base-ARU_GROUP-2027-001160,WAGE-base-base-ARU_GROUP-2027-001160,TERMINALS,WAGE-base-base-ARU_GROUP-2027-001160-EMP-090,EMP-090,,Terminal employee,1,1,7126,7126,MODELED_CENSUS_ROLE_ALLOCATION_NOT_INDIVIDUAL_PAYSLIP,FORECAST,PUBLIC_SYNTHETIC_PLANNING_MODEL,2026-09-06T00:00:00-07:00
base,ARU_GROUP,2027,6,PAYROLL-base-202706-TERMINALS,base-ARU_GROUP-2027-001160,WAGE-base-base-ARU_GROUP-2027-001160,TERMINALS,WAGE-base-base-ARU_GROUP-2027-001160-EMP-091,EMP-091,,Terminal employee,1,1,7125,7125,MODELED_CENSUS_ROLE_ALLOCATION_NOT_INDIVIDUAL_PAYSLIP,FORECAST,PUBLIC_SYNTHETIC_PLANNING_MODEL,2026-09-06T00:00:00-07:00
base,ARU_GROUP,2027,6,PAYROLL-base-202706-TERMINALS,base-ARU_GROUP-2027-001160,WAGE-base-base-ARU_GROUP-2027-001160,TERMINALS,WAGE-base-base-ARU_GROUP-2027-001160-EMP-092,EMP-092,,Terminal employee,1,1,7125,7125,MODELED_CENSUS_ROLE_ALLOCATION_NOT_INDIVIDUAL_PAYSLIP,FORECAST,PUBLIC_SYNTHETIC_PLANNING_MODEL,2026-09-06T00:00:00-07:00
base,ARU_GROUP,2027,6,PAYROLL-base-202706-TERMINALS,base-ARU_GROUP-2027-001160,WAGE-base-base-ARU_GROUP-2027-001160,TERMINALS,WAGE-base-base-ARU_GROUP-2027-001160-EMP-093,EMP-093,,Terminal employee,1,1,7125,7125,MODELED_CENSUS_ROLE_ALLOCATION_NOT_INDIVIDUAL_PAYSLIP,FORECAST,PUBLIC_SYNTHETIC_PLANNING_MODEL,2026-09-06T00:00:00-07:00
base,ARU_GROUP,2027,6,PAYROLL-base-202706-TERMINALS,base-ARU_GROUP-2027-001160,WAGE-base-base-ARU_GROUP-2027-001160,TERMINALS,WAGE-base-base-ARU_GROUP-2027-001160-EMP-094,EMP-094,,Terminal employee,1,1,7125,7125,MODELED_CENSUS_ROLE_ALLOCATION_NOT_INDIVIDUAL_PAYSLIP,FORECAST,PUBLIC_SYNTHETIC_PLANNING_MODEL,2026-09-06T00:00:00-07:00
base,ARU_GROUP,2027,6,PAYROLL-base-202706-TERMINALS,base-ARU_GROUP-2027-001160,WAGE-base-base-ARU_GROUP-2027-001160,TERMINALS,WAGE-base-base-ARU_GROUP-2027-001160-EMP-095,EMP-095,,Terminal employee,1,1,7125,7125,MODELED_CENSUS_ROLE_ALLOCATION_NOT_INDIVIDUAL_PAYSLIP,FORECAST,PUBLIC_SYNTHETIC_PLANNING_MODEL,2026-09-06T00:00:00-07:00
base,ARU_GROUP,2027,6,PAYROLL-base-202706-TERMINALS,base-ARU_GROUP-2027-001160,WAGE-base-base-ARU_GROUP-2027-001160,TERMINALS,WAGE-base-base-ARU_GROUP-2027-001160-EMP-096,EMP-096,,Terminal employee,1,1,7125,7125,MODELED_CENSUS_ROLE_ALLOCATION_NOT_INDIVIDUAL_PAYSLIP,FORECAST,PUBLIC_SYNTHETIC_PLANNING_MODEL,2026-09-06T00:00:00-07:00
base,ARU_GROUP,2027,6,PAYROLL-base-202706-TERMINALS,base-ARU_GROUP-2027-001160,WAGE-base-base-ARU_GROUP-2027-001160,TERMINALS,WAGE-base-base-ARU_GROUP-2027-001160-EMP-097,EMP-097,,Terminal employee,1,1,7125,7125,MODELED_CENSUS_ROLE_ALLOCATION_NOT_INDIVIDUAL_PAYSLIP,FORECAST,PUBLIC_SYNTHETIC_PLANNING_MODEL,2026-09-06T00:00:00-07:00
base,ARU_GROUP,2027,6,PAYROLL-base-202706-TRUCKING,base-ARU_GROUP-2027-001167,WAGE-base-base-ARU_GROUP-2027-001167,TRUCKING,WAGE-base-base-ARU_GROUP-2027-001167-EMP-013,EMP-013,,Trucking Manager,1,1,14367,14367,MODELED_CENSUS_ROLE_ALLOCATION_NOT_INDIVIDUAL_PAYSLIP,FORECAST,PUBLIC_SYNTHETIC_PLANNING_MODEL,2026-09-06T00:00:00-07:00
base,ARU_GROUP,2027,6,PAYROLL-base-202706-TRUCKING,base-ARU_GROUP-2027-001167,WAGE-base-base-ARU_GROUP-2027-001167,TRUCKING,WAGE-base-base-ARU_GROUP-2027-001167-EMP-098,EMP-098,,Qualified regional industrial driver,1,1,7816,7816,MODELED_CENSUS_ROLE_ALLOCATION_NOT_INDIVIDUAL_PAYSLIP,FORECAST,PUBLIC_SYNTHETIC_PLANNING_MODEL,2026-09-06T00:00:00-07:00
base,ARU_GROUP,2027,6,PAYROLL-base-202706-TRUCKING,base-ARU_GROUP-2027-001167,WAGE-base-base-ARU_GROUP-2027-001167,TRUCKING,WAGE-base-base-ARU_GROUP-2027-001167-EMP-099,EMP-099,,Qualified regional industrial driver,1,1,7816,7816,MODELED_CENSUS_ROLE_ALLOCATION_NOT_INDIVIDUAL_PAYSLIP,FORECAST,PUBLIC_SYNTHETIC_PLANNING_MODEL,2026-09-06T00:00:00-07:00
base,ARU_GROUP,2027,6,PAYROLL-base-202706-TRUCKING,base-ARU_GROUP-2027-001167,WAGE-base-base-ARU_GROUP-2027-001167,TRUCKING,WAGE-base-base-ARU_GROUP-2027-001167-EMP-100,EMP-100,,Qualified regional industrial driver,1,1,7816,7816,MODELED_CENSUS_ROLE_ALLOCATION_NOT_INDIVIDUAL_PAYSLIP,FORECAST,PUBLIC_SYNTHETIC_PLANNING_MODEL,2026-09-06T00:00:00-07:00
base,ARU_GROUP,2027,6,PAYROLL-base-202706-TRUCKING,base-ARU_GROUP-2027-001167,WAGE-base-base-ARU_GROUP-2027-001167,TRUCKING,WAGE-base-base-ARU_GROUP-2027-001167-EMP-101,EMP-101,,Qualified regional industrial driver,1,1,7816,7816,MODELED_CENSUS_ROLE_ALLOCATION_NOT_INDIVIDUAL_PAYSLIP,FORECAST,PUBLIC_SYNTHETIC_PLANNING_MODEL,2026-09-06T00:00:00-07:00
base,ARU_GROUP,2027,6,PAYROLL-base-202706-TRUCKING,base-ARU_GROUP-2027-001167,WAGE-base-base-ARU_GROUP-2027-001167,TRUCKING,WAGE-base-base-ARU_GROUP-2027-001167-EMP-102,EMP-102,,Qualified regional industrial driver,1,1,7816,7816,MODELED_CENSUS_ROLE_ALLOCATION_NOT_INDIVIDUAL_PAYSLIP,FORECAST,PUBLIC_SYNTHETIC_PLANNING_MODEL,2026-09-06T00:00:00-07:00
base,ARU_GROUP,2027,6,PAYROLL-base-202706-TRUCKING,base-ARU_GROUP-2027-001167,WAGE-base-base-ARU_GROUP-2027-001167,TRUCKING,WAGE-base-base-ARU_GROUP-2027-001167-EMP-103,EMP-103,,Qualified regional industrial driver,1,1,7816,7816,MODELED_CENSUS_ROLE_ALLOCATION_NOT_INDIVIDUAL_PAYSLIP,FORECAST,PUBLIC_SYNTHETIC_PLANNING_MODEL,2026-09-06T00:00:00-07:00
base,ARU_GROUP,2027,6,PAYROLL-base-202706-TRUCKING,base-ARU_GROUP-2027-001167,WAGE-base-base-ARU_GROUP-2027-001167,TRUCKING,WAGE-base-base-ARU_GROUP-2027-001167-EMP-104,EMP-104,,Qualified regional industrial driver,1,1,7815,7815,MODELED_CENSUS_ROLE_ALLOCATION_NOT_INDIVIDUAL_PAYSLIP,FORECAST,PUBLIC_SYNTHETIC_PLANNING_MODEL,2026-09-06T00:00:00-07:00
base,ARU_GROUP,2027,6,PAYROLL-base-202706-TRUCKING,base-ARU_GROUP-2027-001167,WAGE-base-base-ARU_GROUP-2027-001167,TRUCKING,WAGE-base-base-ARU_GROUP-2027-001167-EMP-105,EMP-105,,Qualified regional industrial driver,1,1,7815,7815,MODELED_CENSUS_ROLE_ALLOCATION_NOT_INDIVIDUAL_PAYSLIP,FORECAST,PUBLIC_SYNTHETIC_PLANNING_MODEL,2026-09-06T00:00:00-07:00
base,ARU_GROUP,2027,6,PAYROLL-base-202706-TRUCKING,base-ARU_GROUP-2027-001167,WAGE-base-base-ARU_GROUP-2027-001167,TRUCKING,WAGE-base-base-ARU_GROUP-2027-001167-EMP-106,EMP-106,,Qualified regional industrial driver,1,1,7815,7815,MODELED_CENSUS_ROLE_ALLOCATION_NOT_INDIVIDUAL_PAYSLIP,FORECAST,PUBLIC_SYNTHETIC_PLANNING_MODEL,2026-09-06T00:00:00-07:00
base,ARU_GROUP,2027,6,PAYROLL-base-202706-TRUCKING,base-ARU_GROUP-2027-001167,WAGE-base-base-ARU_GROUP-2027-001167,TRUCKING,WAGE-base-base-ARU_GROUP-2027-001167-EMP-107,EMP-107,,Qualified regional industrial driver,1,1,7815,7815,MODELED_CENSUS_ROLE_ALLOCATION_NOT_INDIVIDUAL_PAYSLIP,FORECAST,PUBLIC_SYNTHETIC_PLANNING_MODEL,2026-09-06T00:00:00-07:00
base,ARU_GROUP,2027,6,PAYROLL-base-202706-TRUCKING,base-ARU_GROUP-2027-001167,WAGE-base-base-ARU_GROUP-2027-001167,TRUCKING,WAGE-base-base-ARU_GROUP-2027-001167-EMP-108,EMP-108,,Qualified regional industrial driver,1,1,7815,7815,MODELED_CENSUS_ROLE_ALLOCATION_NOT_INDIVIDUAL_PAYSLIP,FORECAST,PUBLIC_SYNTHETIC_PLANNING_MODEL,2026-09-06T00:00:00-07:00
base,ARU_GROUP,2027,6,PAYROLL-base-202706-TRUCKING,base-ARU_GROUP-2027-001167,WAGE-base-base-ARU_GROUP-2027-001167,TRUCKING,WAGE-base-base-ARU_GROUP-2027-001167-EMP-109,EMP-109,,Qualified regional industrial driver,1,1,7815,7815,MODELED_CENSUS_ROLE_ALLOCATION_NOT_INDIVIDUAL_PAYSLIP,FORECAST,PUBLIC_SYNTHETIC_PLANNING_MODEL,2026-09-06T00:00:00-07:00
base,ARU_GROUP,2027,6,PAYROLL-base-202706-TRUCKING,base-ARU_GROUP-2027-001167,WAGE-base-base-ARU_GROUP-2027-001167,TRUCKING,WAGE-base-base-ARU_GROUP-2027-001167-EMP-110,EMP-110,,Qualified regional industrial driver,1,1,7815,7815,MODELED_CENSUS_ROLE_ALLOCATION_NOT_INDIVIDUAL_PAYSLIP,FORECAST,PUBLIC_SYNTHETIC_PLANNING_MODEL,2026-09-06T00:00:00-07:00
base,ARU_GROUP,2027,6,PAYROLL-base-202706-TRUCKING,base-ARU_GROUP-2027-001167,WAGE-base-base-ARU_GROUP-2027-001167,TRUCKING,WAGE-base-base-ARU_GROUP-2027-001167-EMP-111,EMP-111,,Qualified regional industrial driver,1,1,7815,7815,MODELED_CENSUS_ROLE_ALLOCATION_NOT_INDIVIDUAL_PAYSLIP,FORECAST,PUBLIC_SYNTHETIC_PLANNING_MODEL,2026-09-06T00:00:00-07:00
base,ARU_GROUP,2027,6,PAYROLL-base-202706-TRUCKING,base-ARU_GROUP-2027-001167,WAGE-base-base-ARU_GROUP-2027-001167,TRUCKING,WAGE-base-base-ARU_GROUP-2027-001167-EMP-112,EMP-112,,Qualified regional industrial driver,1,1,7815,7815,MODELED_CENSUS_ROLE_ALLOCATION_NOT_INDIVIDUAL_PAYSLIP,FORECAST,PUBLIC_SYNTHETIC_PLANNING_MODEL,2026-09-06T00:00:00-07:00
base,ARU_GROUP,2027,6,PAYROLL-base-202706-TRUCKING,base-ARU_GROUP-2027-001167,WAGE-base-base-ARU_GROUP-2027-001167,TRUCKING,WAGE-base-base-ARU_GROUP-2027-001167-EMP-113,EMP-113,,Qualified regional industrial driver,1,1,7815,7815,MODELED_CENSUS_ROLE_ALLOCATION_NOT_INDIVIDUAL_PAYSLIP,FORECAST,PUBLIC_SYNTHETIC_PLANNING_MODEL,2026-09-06T00:00:00-07:00
base,ARU_GROUP,2027,6,PAYROLL-base-202706-TRUCKING,base-ARU_GROUP-2027-001167,WAGE-base-base-ARU_GROUP-2027-001167,TRUCKING,WAGE-base-base-ARU_GROUP-2027-001167-EMP-114,EMP-114,,Qualified regional industrial driver,1,1,7815,7815,MODELED_CENSUS_ROLE_ALLOCATION_NOT_INDIVIDUAL_PAYSLIP,FORECAST,PUBLIC_SYNTHETIC_PLANNING_MODEL,2026-09-06T00:00:00-07:00
base,ARU_GROUP,2027,6,PAYROLL-base-202706-TRUCKING,base-ARU_GROUP-2027-001167,WAGE-base-base-ARU_GROUP-2027-001167,TRUCKING,WAGE-base-base-ARU_GROUP-2027-001167-EMP-115,EMP-115,,Qualified regional industrial driver,1,1,7815,7815,MODELED_CENSUS_ROLE_ALLOCATION_NOT_INDIVIDUAL_PAYSLIP,FORECAST,PUBLIC_SYNTHETIC_PLANNING_MODEL,2026-09-06T00:00:00-07:00
base,ARU_GROUP,2027,6,PAYROLL-base-202706-TRUCKING,base-ARU_GROUP-2027-001167,WAGE-base-base-ARU_GROUP-2027-001167,TRUCKING,WAGE-base-base-ARU_GROUP-2027-001167-EMP-116,EMP-116,,Qualified regional industrial driver,1,1,7815,7815,MODELED_CENSUS_ROLE_ALLOCATION_NOT_INDIVIDUAL_PAYSLIP,FORECAST,PUBLIC_SYNTHETIC_PLANNING_MODEL,2026-09-06T00:00:00-07:00
base,ARU_GROUP,2027,6,PAYROLL-base-202706-TRUCKING,base-ARU_GROUP-2027-001167,WAGE-base-base-ARU_GROUP-2027-001167,TRUCKING,WAGE-base-base-ARU_GROUP-2027-001167-EMP-117,EMP-117,,Qualified regional industrial driver,1,1,7815,7815,MODELED_CENSUS_ROLE_ALLOCATION_NOT_INDIVIDUAL_PAYSLIP,FORECAST,PUBLIC_SYNTHETIC_PLANNING_MODEL,2026-09-06T00:00:00-07:00
base,ARU_GROUP,2027,6,PAYROLL-base-202706-TRUCKING,base-ARU_GROUP-2027-001167,WAGE-base-base-ARU_GROUP-2027-001167,TRUCKING,WAGE-base-base-ARU_GROUP-2027-001167-EMP-118,EMP-118,,Truck dispatcher,1,1,7815,7815,MODELED_CENSUS_ROLE_ALLOCATION_NOT_INDIVIDUAL_PAYSLIP,FORECAST,PUBLIC_SYNTHETIC_PLANNING_MODEL,2026-09-06T00:00:00-07:00
base,ARU_GROUP,2027,6,PAYROLL-base-202706-TRUCKING,base-ARU_GROUP-2027-001167,WAGE-base-base-ARU_GROUP-2027-001167,TRUCKING,WAGE-base-base-ARU_GROUP-2027-001167-EMP-119,EMP-119,,Truck fleet mechanic,1,1,7815,7815,MODELED_CENSUS_ROLE_ALLOCATION_NOT_INDIVIDUAL_PAYSLIP,FORECAST,PUBLIC_SYNTHETIC_PLANNING_MODEL,2026-09-06T00:00:00-07:00
base,ARU_GROUP,2027,6,PAYROLL-base-202706-TRUCKING,base-ARU_GROUP-2027-001167,WAGE-base-base-ARU_GROUP-2027-001167,TRUCKING,WAGE-base-base-ARU_GROUP-2027-001167-EMP-120,EMP-120,,Truck fleet mechanic,1,1,7815,7815,MODELED_CENSUS_ROLE_ALLOCATION_NOT_INDIVIDUAL_PAYSLIP,FORECAST,PUBLIC_SYNTHETIC_PLANNING_MODEL,2026-09-06T00:00:00-07:00
base,ARU_GROUP,2027,6,PAYROLL-base-202706-WAREHOUSE,base-ARU_GROUP-2027-001174,WAGE-base-base-ARU_GROUP-2027-001174,WAREHOUSE,WAGE-base-base-ARU_GROUP-2027-001174-EMP-014,EMP-014,,Warehouse Manager,1,1,13792,13792,MODELED_CENSUS_ROLE_ALLOCATION_NOT_INDIVIDUAL_PAYSLIP,FORECAST,PUBLIC_SYNTHETIC_PLANNING_MODEL,2026-09-06T00:00:00-07:00
base,ARU_GROUP,2027,6,PAYROLL-base-202706-WAREHOUSE,base-ARU_GROUP-2027-001174,WAGE-base-base-ARU_GROUP-2027-001174,WAREHOUSE,WAGE-base-base-ARU_GROUP-2027-001174-EMP-121,EMP-121,,Warehouse employee,1,1,7126,7126,MODELED_CENSUS_ROLE_ALLOCATION_NOT_INDIVIDUAL_PAYSLIP,FORECAST,PUBLIC_SYNTHETIC_PLANNING_MODEL,2026-09-06T00:00:00-07:00
base,ARU_GROUP,2027,6,PAYROLL-base-202706-WAREHOUSE,base-ARU_GROUP-2027-001174,WAGE-base-base-ARU_GROUP-2027-001174,WAREHOUSE,WAGE-base-base-ARU_GROUP-2027-001174-EMP-122,EMP-122,,Warehouse employee,1,1,7126,7126,MODELED_CENSUS_ROLE_ALLOCATION_NOT_INDIVIDUAL_PAYSLIP,FORECAST,PUBLIC_SYNTHETIC_PLANNING_MODEL,2026-09-06T00:00:00-07:00
base,ARU_GROUP,2027,6,PAYROLL-base-202706-WAREHOUSE,base-ARU_GROUP-2027-001174,WAGE-base-base-ARU_GROUP-2027-001174,WAREHOUSE,WAGE-base-base-ARU_GROUP-2027-001174-EMP-123,EMP-123,,Warehouse employee,1,1,7126,7126,MODELED_CENSUS_ROLE_ALLOCATION_NOT_INDIVIDUAL_PAYSLIP,FORECAST,PUBLIC_SYNTHETIC_PLANNING_MODEL,2026-09-06T00:00:00-07:00
base,ARU_GROUP,2027,6,PAYROLL-base-202706-WAREHOUSE,base-ARU_GROUP-2027-001174,WAGE-base-base-ARU_GROUP-2027-001174,WAREHOUSE,WAGE-base-base-ARU_GROUP-2027-001174-EMP-124,EMP-124,,Warehouse employee,1,1,7126,7126,MODELED_CENSUS_ROLE_ALLOCATION_NOT_INDIVIDUAL_PAYSLIP,FORECAST,PUBLIC_SYNTHETIC_PLANNING_MODEL,2026-09-06T00:00:00-07:00
base,ARU_GROUP,2027,6,PAYROLL-base-202706-WAREHOUSE,base-ARU_GROUP-2027-001174,WAGE-base-base-ARU_GROUP-2027-001174,WAREHOUSE,WAGE-base-base-ARU_GROUP-2027-001174-EMP-125,EMP-125,,Warehouse employee,1,1,7126,7126,MODELED_CENSUS_ROLE_ALLOCATION_NOT_INDIVIDUAL_PAYSLIP,FORECAST,PUBLIC_SYNTHETIC_PLANNING_MODEL,2026-09-06T00:00:00-07:00
base,ARU_GROUP,2027,6,PAYROLL-base-202706-WAREHOUSE,base-ARU_GROUP-2027-001174,WAGE-base-base-ARU_GROUP-2027-001174,WAREHOUSE,WAGE-base-base-ARU_GROUP-2027-001174-EMP-126,EMP-126,,Warehouse employee,1,1,7126,7126,MODELED_CENSUS_ROLE_ALLOCATION_NOT_INDIVIDUAL_PAYSLIP,FORECAST,PUBLIC_SYNTHETIC_PLANNING_MODEL,2026-09-06T00:00:00-07:00
base,ARU_GROUP,2027,6,PAYROLL-base-202706-WAREHOUSE,base-ARU_GROUP-2027-001174,WAGE-base-base-ARU_GROUP-2027-001174,WAREHOUSE,WAGE-base-base-ARU_GROUP-2027-001174-EMP-127,EMP-127,,Warehouse employee,1,1,7126,7126,MODELED_CENSUS_ROLE_ALLOCATION_NOT_INDIVIDUAL_PAYSLIP,FORECAST,PUBLIC_SYNTHETIC_PLANNING_MODEL,2026-09-06T00:00:00-07:00
base,ARU_GROUP,2027,6,PAYROLL-base-202706-WAREHOUSE,base-ARU_GROUP-2027-001174,WAGE-base-base-ARU_GROUP-2027-001174,WAREHOUSE,WAGE-base-base-ARU_GROUP-2027-001174-EMP-128,EMP-128,,Warehouse employee,1,1,7126,7126,MODELED_CENSUS_ROLE_ALLOCATION_NOT_INDIVIDUAL_PAYSLIP,FORECAST,PUBLIC_SYNTHETIC_PLANNING_MODEL,2026-09-06T00:00:00-07:00
base,ARU_GROUP,2027,6,PAYROLL-base-202706-WAREHOUSE,base-ARU_GROUP-2027-001174,WAGE-base-base-ARU_GROUP-2027-001174,WAREHOUSE,WAGE-base-base-ARU_GROUP-2027-001174-EMP-129,EMP-129,,Warehouse employee,1,1,7125,7125,MODELED_CENSUS_ROLE_ALLOCATION_NOT_INDIVIDUAL_PAYSLIP,FORECAST,PUBLIC_SYNTHETIC_PLANNING_MODEL,2026-09-06T00:00:00-07:00
base,ARU_GROUP,2027,6,PAYROLL-base-202706-WAREHOUSE,base-ARU_GROUP-2027-001174,WAGE-base-base-ARU_GROUP-2027-001174,WAREHOUSE,WAGE-base-base-ARU_GROUP-2027-001174-EMP-130,EMP-130,,Warehouse employee,1,1,7125,7125,MODELED_CENSUS_ROLE_ALLOCATION_NOT_INDIVIDUAL_PAYSLIP,FORECAST,PUBLIC_SYNTHETIC_PLANNING_MODEL,2026-09-06T00:00:00-07:00
base,ARU_GROUP,2027,6,PAYROLL-base-202706-WAREHOUSE,base-ARU_GROUP-2027-001174,WAGE-base-base-ARU_GROUP-2027-001174,WAREHOUSE,WAGE-base-base-ARU_GROUP-2027-001174-EMP-131,EMP-131,,Warehouse employee,1,1,7125,7125,MODELED_CENSUS_ROLE_ALLOCATION_NOT_INDIVIDUAL_PAYSLIP,FORECAST,PUBLIC_SYNTHETIC_PLANNING_MODEL,2026-09-06T00:00:00-07:00
base,ARU_GROUP,2027,6,PAYROLL-base-202706-ARU,base-ARU_GROUP-2027-001181,WAGE-base-base-ARU_GROUP-2027-001181,ARU,WAGE-base-base-ARU_GROUP-2027-001181-EMP-001,EMP-001,,President and COO,1,1,27583,27583,MODELED_CENSUS_ROLE_ALLOCATION_NOT_INDIVIDUAL_PAYSLIP,FORECAST,PUBLIC_SYNTHETIC_PLANNING_MODEL,2026-09-06T00:00:00-07:00
base,ARU_GROUP,2027,6,PAYROLL-base-202706-ARU,base-ARU_GROUP-2027-001181,WAGE-base-base-ARU_GROUP-2027-001181,ARU,WAGE-base-base-ARU_GROUP-2027-001181-EMP-002,EMP-002,,Director Industrial Operations,1,1,20113,20113,MODELED_CENSUS_ROLE_ALLOCATION_NOT_INDIVIDUAL_PAYSLIP,FORECAST,PUBLIC_SYNTHETIC_PLANNING_MODEL,2026-09-06T00:00:00-07:00
base,ARU_GROUP,2027,6,PAYROLL-base-202706-ARU,base-ARU_GROUP-2027-001181,WAGE-base-base-ARU_GROUP-2027-001181,ARU,WAGE-base-base-ARU_GROUP-2027-001181-EMP-003,EMP-003,,Controller,1,1,18964,18964,MODELED_CENSUS_ROLE_ALLOCATION_NOT_INDIVIDUAL_PAYSLIP,FORECAST,PUBLIC_SYNTHETIC_PLANNING_MODEL,2026-09-06T00:00:00-07:00
base,ARU_GROUP,2027,6,PAYROLL-base-202706-ARU,base-ARU_GROUP-2027-001181,WAGE-base-base-ARU_GROUP-2027-001181,ARU,WAGE-base-base-ARU_GROUP-2027-001181-EMP-004,EMP-004,,Director Safety and Environment,1,1,17814,17814,MODELED_CENSUS_ROLE_ALLOCATION_NOT_INDIVIDUAL_PAYSLIP,FORECAST,PUBLIC_SYNTHETIC_PLANNING_MODEL,2026-09-06T00:00:00-07:00
base,ARU_GROUP,2027,6,PAYROLL-base-202706-ARU,base-ARU_GROUP-2027-001181,WAGE-base-base-ARU_GROUP-2027-001181,ARU,WAGE-base-base-ARU_GROUP-2027-001181-EMP-005,EMP-005,,People and Administration Manager,1,1,13217,13217,MODELED_CENSUS_ROLE_ALLOCATION_NOT_INDIVIDUAL_PAYSLIP,FORECAST,PUBLIC_SYNTHETIC_PLANNING_MODEL,2026-09-06T00:00:00-07:00
base,ARU_GROUP,2027,6,PAYROLL-base-202706-ARU,base-ARU_GROUP-2027-001181,WAGE-base-base-ARU_GROUP-2027-001181,ARU,WAGE-base-base-ARU_GROUP-2027-001181-EMP-006,EMP-006,,Procurement and Systems Manager,1,1,13217,13217,MODELED_CENSUS_ROLE_ALLOCATION_NOT_INDIVIDUAL_PAYSLIP,FORECAST,PUBLIC_SYNTHETIC_PLANNING_MODEL,2026-09-06T00:00:00-07:00
base,ARU_GROUP,2027,6,PAYROLL-base-202706-ARU,base-ARU_GROUP-2027-001181,WAGE-base-base-ARU_GROUP-2027-001181,ARU,WAGE-base-base-ARU_GROUP-2027-001181-EMP-015,EMP-015,,Corporate employee,1,1,8275,8275,MODELED_CENSUS_ROLE_ALLOCATION_NOT_INDIVIDUAL_PAYSLIP,FORECAST,PUBLIC_SYNTHETIC_PLANNING_MODEL,2026-09-06T00:00:00-07:00
base,ARU_GROUP,2027,6,PAYROLL-base-202706-ARU,base-ARU_GROUP-2027-001181,WAGE-base-base-ARU_GROUP-2027-001181,ARU,WAGE-base-base-ARU_GROUP-2027-001181-EMP-016,EMP-016,,Corporate employee,1,1,8275,8275,MODELED_CENSUS_ROLE_ALLOCATION_NOT_INDIVIDUAL_PAYSLIP,FORECAST,PUBLIC_SYNTHETIC_PLANNING_MODEL,2026-09-06T00:00:00-07:00
base,ARU_GROUP,2027,6,PAYROLL-base-202706-ARU,base-ARU_GROUP-2027-001181,WAGE-base-base-ARU_GROUP-2027-001181,ARU,WAGE-base-base-ARU_GROUP-2027-001181-EMP-017,EMP-017,,Corporate employee,1,1,8275,8275,MODELED_CENSUS_ROLE_ALLOCATION_NOT_INDIVIDUAL_PAYSLIP,FORECAST,PUBLIC_SYNTHETIC_PLANNING_MODEL,2026-09-06T00:00:00-07:00
base,ARU_GROUP,2027,6,PAYROLL-base-202706-ARU,base-ARU_GROUP-2027-001181,WAGE-base-base-ARU_GROUP-2027-001181,ARU,WAGE-base-base-ARU_GROUP-2027-001181-EMP-018,EMP-018,,Corporate employee,1,1,8275,8275,MODELED_CENSUS_ROLE_ALLOCATION_NOT_INDIVIDUAL_PAYSLIP,FORECAST,PUBLIC_SYNTHETIC_PLANNING_MODEL,2026-09-06T00:00:00-07:00
base,ARU_GROUP,2027,7,PAYROLL-base-202707-BST,base-ARU_GROUP-2027-001406,WAGE-base-base-ARU_GROUP-2027-001406,BST,WAGE-base-base-ARU_GROUP-2027-001406-EMP-007,EMP-007,,General Manager,1,1,21837,21837,MODELED_CENSUS_ROLE_ALLOCATION_NOT_INDIVIDUAL_PAYSLIP,FORECAST,PUBLIC_SYNTHETIC_PLANNING_MODEL,2026-09-06T00:00:00-07:00
base,ARU_GROUP,2027,7,PAYROLL-base-202707-BST,base-ARU_GROUP-2027-001406,WAGE-base-base-ARU_GROUP-2027-001406,BST,WAGE-base-base-ARU_GROUP-2027-001406-EMP-008,EMP-008,,Operations and Dispatch Manager,1,1,14366,14366,MODELED_CENSUS_ROLE_ALLOCATION_NOT_INDIVIDUAL_PAYSLIP,FORECAST,PUBLIC_SYNTHETIC_PLANNING_MODEL,2026-09-06T00:00:00-07:00
base,ARU_GROUP,2027,7,PAYROLL-base-202707-BST,base-ARU_GROUP-2027-001406,WAGE-base-base-ARU_GROUP-2027-001406,BST,WAGE-base-base-ARU_GROUP-2027-001406-EMP-009,EMP-009,,Working MOW Foreman,1,1,11493,11493,MODELED_CENSUS_ROLE_ALLOCATION_NOT_INDIVIDUAL_PAYSLIP,FORECAST,PUBLIC_SYNTHETIC_PLANNING_MODEL,2026-09-06T00:00:00-07:00
base,ARU_GROUP,2027,7,PAYROLL-base-202707-BST,base-ARU_GROUP-2027-001406,WAGE-base-base-ARU_GROUP-2027-001406,BST,WAGE-base-base-ARU_GROUP-2027-001406-EMP-010,EMP-010,,Mechanical Foreman,1,1,12642,12642,MODELED_CENSUS_ROLE_ALLOCATION_NOT_INDIVIDUAL_PAYSLIP,FORECAST,PUBLIC_SYNTHETIC_PLANNING_MODEL,2026-09-06T00:00:00-07:00
base,ARU_GROUP,2027,7,PAYROLL-base-202707-BST,base-ARU_GROUP-2027-001406,WAGE-base-base-ARU_GROUP-2027-001406,BST,WAGE-base-base-ARU_GROUP-2027-001406-EMP-011,EMP-011,,Safety and Compliance Manager,1,1,12067,12067,MODELED_CENSUS_ROLE_ALLOCATION_NOT_INDIVIDUAL_PAYSLIP,FORECAST,PUBLIC_SYNTHETIC_PLANNING_MODEL,2026-09-06T00:00:00-07:00
base,ARU_GROUP,2027,7,PAYROLL-base-202707-BST,base-ARU_GROUP-2027-001406,WAGE-base-base-ARU_GROUP-2027-001406,BST,WAGE-base-base-ARU_GROUP-2027-001406-EMP-019,EMP-019,,Train Engine employee,1,1,8390,8390,MODELED_CENSUS_ROLE_ALLOCATION_NOT_INDIVIDUAL_PAYSLIP,FORECAST,PUBLIC_SYNTHETIC_PLANNING_MODEL,2026-09-06T00:00:00-07:00
base,ARU_GROUP,2027,7,PAYROLL-base-202707-BST,base-ARU_GROUP-2027-001406,WAGE-base-base-ARU_GROUP-2027-001406,BST,WAGE-base-base-ARU_GROUP-2027-001406-EMP-020,EMP-020,,Train Engine employee,1,1,8390,8390,MODELED_CENSUS_ROLE_ALLOCATION_NOT_INDIVIDUAL_PAYSLIP,FORECAST,PUBLIC_SYNTHETIC_PLANNING_MODEL,2026-09-06T00:00:00-07:00
base,ARU_GROUP,2027,7,PAYROLL-base-202707-BST,base-ARU_GROUP-2027-001406,WAGE-base-base-ARU_GROUP-2027-001406,BST,WAGE-base-base-ARU_GROUP-2027-001406-EMP-021,EMP-021,,Train Engine employee,1,1,8390,8390,MODELED_CENSUS_ROLE_ALLOCATION_NOT_INDIVIDUAL_PAYSLIP,FORECAST,PUBLIC_SYNTHETIC_PLANNING_MODEL,2026-09-06T00:00:00-07:00
base,ARU_GROUP,2027,7,PAYROLL-base-202707-BST,base-ARU_GROUP-2027-001406,WAGE-base-base-ARU_GROUP-2027-001406,BST,WAGE-base-base-ARU_GROUP-2027-001406-EMP-022,EMP-022,,Train Engine employee,1,1,8390,8390,MODELED_CENSUS_ROLE_ALLOCATION_NOT_INDIVIDUAL_PAYSLIP,FORECAST,PUBLIC_SYNTHETIC_PLANNING_MODEL,2026-09-06T00:00:00-07:00
base,ARU_GROUP,2027,7,PAYROLL-base-202707-BST,base-ARU_GROUP-2027-001406,WAGE-base-base-ARU_GROUP-2027-001406,BST,WAGE-base-base-ARU_GROUP-2027-001406-EMP-023,EMP-023,,Train Engine employee,1,1,8390,8390,MODELED_CENSUS_ROLE_ALLOCATION_NOT_INDIVIDUAL_PAYSLIP,FORECAST,PUBLIC_SYNTHETIC_PLANNING_MODEL,2026-09-06T00:00:00-07:00
base,ARU_GROUP,2027,7,PAYROLL-base-202707-BST,base-ARU_GROUP-2027-001406,WAGE-base-base-ARU_GROUP-2027-001406,BST,WAGE-base-base-ARU_GROUP-2027-001406-EMP-024,EMP-024,,Train Engine employee,1,1,8390,8390,MODELED_CENSUS_ROLE_ALLOCATION_NOT_INDIVIDUAL_PAYSLIP,FORECAST,PUBLIC_SYNTHETIC_PLANNING_MODEL,2026-09-06T00:00:00-07:00
base,ARU_GROUP,2027,7,PAYROLL-base-202707-BST,base-ARU_GROUP-2027-001406,WAGE-base-base-ARU_GROUP-2027-001406,BST,WAGE-base-base-ARU_GROUP-2027-001406-EMP-025,EMP-025,,Train Engine employee,1,1,8390,8390,MODELED_CENSUS_ROLE_ALLOCATION_NOT_INDIVIDUAL_PAYSLIP,FORECAST,PUBLIC_SYNTHETIC_PLANNING_MODEL,2026-09-06T00:00:00-07:00
base,ARU_GROUP,2027,7,PAYROLL-base-202707-BST,base-ARU_GROUP-2027-001406,WAGE-base-base-ARU_GROUP-2027-001406,BST,WAGE-base-base-ARU_GROUP-2027-001406-EMP-026,EMP-026,,Train Engine employee,1,1,8390,8390,MODELED_CENSUS_ROLE_ALLOCATION_NOT_INDIVIDUAL_PAYSLIP,FORECAST,PUBLIC_SYNTHETIC_PLANNING_MODEL,2026-09-06T00:00:00-07:00
base,ARU_GROUP,2027,7,PAYROLL-base-202707-BST,base-ARU_GROUP-2027-001406,WAGE-base-base-ARU_GROUP-2027-001406,BST,WAGE-base-base-ARU_GROUP-2027-001406-EMP-027,EMP-027,,Train Engine employee,1,1,8390,8390,MODELED_CENSUS_ROLE_ALLOCATION_NOT_INDIVIDUAL_PAYSLIP,FORECAST,PUBLIC_SYNTHETIC_PLANNING_MODEL,2026-09-06T00:00:00-07:00
base,ARU_GROUP,2027,7,PAYROLL-base-202707-BST,base-ARU_GROUP-2027-001406,WAGE-base-base-ARU_GROUP-2027-001406,BST,WAGE-base-base-ARU_GROUP-2027-001406-EMP-028,EMP-028,,Train Engine employee,1,1,8390,8390,MODELED_CENSUS_ROLE_ALLOCATION_NOT_INDIVIDUAL_PAYSLIP,FORECAST,PUBLIC_SYNTHETIC_PLANNING_MODEL,2026-09-06T00:00:00-07:00
base,ARU_GROUP,2027,7,PAYROLL-base-202707-BST,base-ARU_GROUP-2027-001406,WAGE-base-base-ARU_GROUP-2027-001406,BST,WAGE-base-base-ARU_GROUP-2027-001406-EMP-029,EMP-029,,Train Engine employee,1,1,8390,8390,MODELED_CENSUS_ROLE_ALLOCATION_NOT_INDIVIDUAL_PAYSLIP,FORECAST,PUBLIC_SYNTHETIC_PLANNING_MODEL,2026-09-06T00:00:00-07:00
base,ARU_GROUP,2027,7,PAYROLL-base-202707-BST,base-ARU_GROUP-2027-001406,WAGE-base-base-ARU_GROUP-2027-001406,BST,WAGE-base-base-ARU_GROUP-2027-001406-EMP-030,EMP-030,,Train Engine employee,1,1,8390,8390,MODELED_CENSUS_ROLE_ALLOCATION_NOT_INDIVIDUAL_PAYSLIP,FORECAST,PUBLIC_SYNTHETIC_PLANNING_MODEL,2026-09-06T00:00:00-07:00
base,ARU_GROUP,2027,7,PAYROLL-base-202707-BST,base-ARU_GROUP-2027-001406,WAGE-base-base-ARU_GROUP-2027-001406,BST,WAGE-base-base-ARU_GROUP-2027-001406-EMP-031,EMP-031,,Train Engine employee,1,1,8390,8390,MODELED_CENSUS_ROLE_ALLOCATION_NOT_INDIVIDUAL_PAYSLIP,FORECAST,PUBLIC_SYNTHETIC_PLANNING_MODEL,2026-09-06T00:00:00-07:00
base,ARU_GROUP,2027,7,PAYROLL-base-202707-BST,base-ARU_GROUP-2027-001406,WAGE-base-base-ARU_GROUP-2027-001406,BST,WAGE-base-base-ARU_GROUP-2027-001406-EMP-032,EMP-032,,Train Engine employee,1,1,8390,8390,MODELED_CENSUS_ROLE_ALLOCATION_NOT_INDIVIDUAL_PAYSLIP,FORECAST,PUBLIC_SYNTHETIC_PLANNING_MODEL,2026-09-06T00:00:00-07:00
base,ARU_GROUP,2027,7,PAYROLL-base-202707-BST,base-ARU_GROUP-2027-001406,WAGE-base-base-ARU_GROUP-2027-001406,BST,WAGE-base-base-ARU_GROUP-2027-001406-EMP-033,EMP-033,,Train Engine employee,1,1,8390,8390,MODELED_CENSUS_ROLE_ALLOCATION_NOT_INDIVIDUAL_PAYSLIP,FORECAST,PUBLIC_SYNTHETIC_PLANNING_MODEL,2026-09-06T00:00:00-07:00
base,ARU_GROUP,2027,7,PAYROLL-base-202707-BST,base-ARU_GROUP-2027-001406,WAGE-base-base-ARU_GROUP-2027-001406,BST,WAGE-base-base-ARU_GROUP-2027-001406-EMP-034,EMP-034,,Train Engine employee,1,1,8390,8390,MODELED_CENSUS_ROLE_ALLOCATION_NOT_INDIVIDUAL_PAYSLIP,FORECAST,PUBLIC_SYNTHETIC_PLANNING_MODEL,2026-09-06T00:00:00-07:00
base,ARU_GROUP,2027,7,PAYROLL-base-202707-BST,base-ARU_GROUP-2027-001406,WAGE-base-base-ARU_GROUP-2027-001406,BST,WAGE-base-base-ARU_GROUP-2027-001406-EMP-035,EMP-035,,Train Engine employee,1,1,8390,8390,MODELED_CENSUS_ROLE_ALLOCATION_NOT_INDIVIDUAL_PAYSLIP,FORECAST,PUBLIC_SYNTHETIC_PLANNING_MODEL,2026-09-06T00:00:00-07:00
base,ARU_GROUP,2027,7,PAYROLL-base-202707-BST,base-ARU_GROUP-2027-001406,WAGE-base-base-ARU_GROUP-2027-001406,BST,WAGE-base-base-ARU_GROUP-2027-001406-EMP-036,EMP-036,,Train Engine employee,1,1,8390,8390,MODELED_CENSUS_ROLE_ALLOCATION_NOT_INDIVIDUAL_PAYSLIP,FORECAST,PUBLIC_SYNTHETIC_PLANNING_MODEL,2026-09-06T00:00:00-07:00
base,ARU_GROUP,2027,7,PAYROLL-base-202707-BST,base-ARU_GROUP-2027-001406,WAGE-base-base-ARU_GROUP-2027-001406,BST,WAGE-base-base-ARU_GROUP-2027-001406-EMP-037,EMP-037,,Train Engine employee,1,1,8390,8390,MODELED_CENSUS_ROLE_ALLOCATION_NOT_INDIVIDUAL_PAYSLIP,FORECAST,PUBLIC_SYNTHETIC_PLANNING_MODEL,2026-09-06T00:00:00-07:00
base,ARU_GROUP,2027,7,PAYROLL-base-202707-BST,base-ARU_GROUP-2027-001406,WAGE-base-base-ARU_GROUP-2027-001406,BST,WAGE-base-base-ARU_GROUP-2027-001406-EMP-038,EMP-038,,Train Engine employee,1,1,8390,8390,MODELED_CENSUS_ROLE_ALLOCATION_NOT_INDIVIDUAL_PAYSLIP,FORECAST,PUBLIC_SYNTHETIC_PLANNING_MODEL,2026-09-06T00:00:00-07:00
base,ARU_GROUP,2027,7,PAYROLL-base-202707-BST,base-ARU_GROUP-2027-001406,WAGE-base-base-ARU_GROUP-2027-001406,BST,WAGE-base-base-ARU_GROUP-2027-001406-EMP-039,EMP-039,,Train Engine employee,1,1,8390,8390,MODELED_CENSUS_ROLE_ALLOCATION_NOT_INDIVIDUAL_PAYSLIP,FORECAST,PUBLIC_SYNTHETIC_PLANNING_MODEL,2026-09-06T00:00:00-07:00
base,ARU_GROUP,2027,7,PAYROLL-base-202707-BST,base-ARU_GROUP-2027-001406,WAGE-base-base-ARU_GROUP-2027-001406,BST,WAGE-base-base-ARU_GROUP-2027-001406-EMP-040,EMP-040,,Train Engine employee,1,1,8390,8390,MODELED_CENSUS_ROLE_ALLOCATION_NOT_INDIVIDUAL_PAYSLIP,FORECAST,PUBLIC_SYNTHETIC_PLANNING_MODEL,2026-09-06T00:00:00-07:00
base,ARU_GROUP,2027,7,PAYROLL-base-202707-BST,base-ARU_GROUP-2027-001406,WAGE-base-base-ARU_GROUP-2027-001406,BST,WAGE-base-base-ARU_GROUP-2027-001406-EMP-041,EMP-041,,Mow employee,1,1,8045,8045,MODELED_CENSUS_ROLE_ALLOCATION_NOT_INDIVIDUAL_PAYSLIP,FORECAST,PUBLIC_SYNTHETIC_PLANNING_MODEL,2026-09-06T00:00:00-07:00
base,ARU_GROUP,2027,7,PAYROLL-base-202707-BST,base-ARU_GROUP-2027-001406,WAGE-base-base-ARU_GROUP-2027-001406,BST,WAGE-base-base-ARU_GROUP-2027-001406-EMP-042,EMP-042,,Mow employee,1,1,8045,8045,MODELED_CENSUS_ROLE_ALLOCATION_NOT_INDIVIDUAL_PAYSLIP,FORECAST,PUBLIC_SYNTHETIC_PLANNING_MODEL,2026-09-06T00:00:00-07:00
base,ARU_GROUP,2027,7,PAYROLL-base-202707-BST,base-ARU_GROUP-2027-001406,WAGE-base-base-ARU_GROUP-2027-001406,BST,WAGE-base-base-ARU_GROUP-2027-001406-EMP-043,EMP-043,,Mow employee,1,1,8045,8045,MODELED_CENSUS_ROLE_ALLOCATION_NOT_INDIVIDUAL_PAYSLIP,FORECAST,PUBLIC_SYNTHETIC_PLANNING_MODEL,2026-09-06T00:00:00-07:00
base,ARU_GROUP,2027,7,PAYROLL-base-202707-BST,base-ARU_GROUP-2027-001406,WAGE-base-base-ARU_GROUP-2027-001406,BST,WAGE-base-base-ARU_GROUP-2027-001406-EMP-044,EMP-044,,Mow employee,1,1,8045,8045,MODELED_CENSUS_ROLE_ALLOCATION_NOT_INDIVIDUAL_PAYSLIP,FORECAST,PUBLIC_SYNTHETIC_PLANNING_MODEL,2026-09-06T00:00:00-07:00
base,ARU_GROUP,2027,7,PAYROLL-base-202707-BST,base-ARU_GROUP-2027-001406,WAGE-base-base-ARU_GROUP-2027-001406,BST,WAGE-base-base-ARU_GROUP-2027-001406-EMP-045,EMP-045,,Mow employee,1,1,8045,8045,MODELED_CENSUS_ROLE_ALLOCATION_NOT_INDIVIDUAL_PAYSLIP,FORECAST,PUBLIC_SYNTHETIC_PLANNING_MODEL,2026-09-06T00:00:00-07:00
base,ARU_GROUP,2027,7,PAYROLL-base-202707-BST,base-ARU_GROUP-2027-001406,WAGE-base-base-ARU_GROUP-2027-001406,BST,WAGE-base-base-ARU_GROUP-2027-001406-EMP-046,EMP-046,,Mow employee,1,1,8045,8045,MODELED_CENSUS_ROLE_ALLOCATION_NOT_INDIVIDUAL_PAYSLIP,FORECAST,PUBLIC_SYNTHETIC_PLANNING_MODEL,2026-09-06T00:00:00-07:00
base,ARU_GROUP,2027,7,PAYROLL-base-202707-BST,base-ARU_GROUP-2027-001406,WAGE-base-base-ARU_GROUP-2027-001406,BST,WAGE-base-base-ARU_GROUP-2027-001406-EMP-047,EMP-047,,Mow employee,1,1,8045,8045,MODELED_CENSUS_ROLE_ALLOCATION_NOT_INDIVIDUAL_PAYSLIP,FORECAST,PUBLIC_SYNTHETIC_PLANNING_MODEL,2026-09-06T00:00:00-07:00
base,ARU_GROUP,2027,7,PAYROLL-base-202707-BST,base-ARU_GROUP-2027-001406,WAGE-base-base-ARU_GROUP-2027-001406,BST,WAGE-base-base-ARU_GROUP-2027-001406-EMP-048,EMP-048,,Mow employee,1,1,8045,8045,MODELED_CENSUS_ROLE_ALLOCATION_NOT_INDIVIDUAL_PAYSLIP,FORECAST,PUBLIC_SYNTHETIC_PLANNING_MODEL,2026-09-06T00:00:00-07:00
base,ARU_GROUP,2027,7,PAYROLL-base-202707-BST,base-ARU_GROUP-2027-001406,WAGE-base-base-ARU_GROUP-2027-001406,BST,WAGE-base-base-ARU_GROUP-2027-001406-EMP-049,EMP-049,,Mow employee,1,1,8045,8045,MODELED_CENSUS_ROLE_ALLOCATION_NOT_INDIVIDUAL_PAYSLIP,FORECAST,PUBLIC_SYNTHETIC_PLANNING_MODEL,2026-09-06T00:00:00-07:00
base,ARU_GROUP,2027,7,PAYROLL-base-202707-BST,base-ARU_GROUP-2027-001406,WAGE-base-base-ARU_GROUP-2027-001406,BST,WAGE-base-base-ARU_GROUP-2027-001406-EMP-050,EMP-050,,Mechanical employee,1,1,8620,8620,MODELED_CENSUS_ROLE_ALLOCATION_NOT_INDIVIDUAL_PAYSLIP,FORECAST,PUBLIC_SYNTHETIC_PLANNING_MODEL,2026-09-06T00:00:00-07:00
base,ARU_GROUP,2027,7,PAYROLL-base-202707-BST,base-ARU_GROUP-2027-001406,WAGE-base-base-ARU_GROUP-2027-001406,BST,WAGE-base-base-ARU_GROUP-2027-001406-EMP-051,EMP-051,,Mechanical employee,1,1,8620,8620,MODELED_CENSUS_ROLE_ALLOCATION_NOT_INDIVIDUAL_PAYSLIP,FORECAST,PUBLIC_SYNTHETIC_PLANNING_MODEL,2026-09-06T00:00:00-07:00
base,ARU_GROUP,2027,7,PAYROLL-base-202707-BST,base-ARU_GROUP-2027-001406,WAGE-base-base-ARU_GROUP-2027-001406,BST,WAGE-base-base-ARU_GROUP-2027-001406-EMP-052,EMP-052,,Mechanical employee,1,1,8620,8620,MODELED_CENSUS_ROLE_ALLOCATION_NOT_INDIVIDUAL_PAYSLIP,FORECAST,PUBLIC_SYNTHETIC_PLANNING_MODEL,2026-09-06T00:00:00-07:00
base,ARU_GROUP,2027,7,PAYROLL-base-202707-BST,base-ARU_GROUP-2027-001406,WAGE-base-base-ARU_GROUP-2027-001406,BST,WAGE-base-base-ARU_GROUP-2027-001406-EMP-053,EMP-053,,Mechanical employee,1,1,8620,8620,MODELED_CENSUS_ROLE_ALLOCATION_NOT_INDIVIDUAL_PAYSLIP,FORECAST,PUBLIC_SYNTHETIC_PLANNING_MODEL,2026-09-06T00:00:00-07:00
base,ARU_GROUP,2027,7,PAYROLL-base-202707-BST,base-ARU_GROUP-2027-001406,WAGE-base-base-ARU_GROUP-2027-001406,BST,WAGE-base-base-ARU_GROUP-2027-001406-EMP-054,EMP-054,,Mechanical employee,1,1,8620,8620,MODELED_CENSUS_ROLE_ALLOCATION_NOT_INDIVIDUAL_PAYSLIP,FORECAST,PUBLIC_SYNTHETIC_PLANNING_MODEL,2026-09-06T00:00:00-07:00
base,ARU_GROUP,2027,7,PAYROLL-base-202707-BST,base-ARU_GROUP-2027-001406,WAGE-base-base-ARU_GROUP-2027-001406,BST,WAGE-base-base-ARU_GROUP-2027-001406-EMP-055,EMP-055,,Mechanical employee,1,1,8620,8620,MODELED_CENSUS_ROLE_ALLOCATION_NOT_INDIVIDUAL_PAYSLIP,FORECAST,PUBLIC_SYNTHETIC_PLANNING_MODEL,2026-09-06T00:00:00-07:00
base,ARU_GROUP,2027,7,PAYROLL-base-202707-BST,base-ARU_GROUP-2027-001406,WAGE-base-base-ARU_GROUP-2027-001406,BST,WAGE-base-base-ARU_GROUP-2027-001406-EMP-056,EMP-056,,Mechanical employee,1,1,8620,8620,MODELED_CENSUS_ROLE_ALLOCATION_NOT_INDIVIDUAL_PAYSLIP,FORECAST,PUBLIC_SYNTHETIC_PLANNING_MODEL,2026-09-06T00:00:00-07:00
base,ARU_GROUP,2027,7,PAYROLL-base-202707-BST,base-ARU_GROUP-2027-001406,WAGE-base-base-ARU_GROUP-2027-001406,BST,WAGE-base-base-ARU_GROUP-2027-001406-EMP-057,EMP-057,,Operations employee,1,1,8045,8045,MODELED_CENSUS_ROLE_ALLOCATION_NOT_INDIVIDUAL_PAYSLIP,FORECAST,PUBLIC_SYNTHETIC_PLANNING_MODEL,2026-09-06T00:00:00-07:00
base,ARU_GROUP,2027,7,PAYROLL-base-202707-BST,base-ARU_GROUP-2027-001406,WAGE-base-base-ARU_GROUP-2027-001406,BST,WAGE-base-base-ARU_GROUP-2027-001406-EMP-058,EMP-058,,Operations employee,1,1,8045,8045,MODELED_CENSUS_ROLE_ALLOCATION_NOT_INDIVIDUAL_PAYSLIP,FORECAST,PUBLIC_SYNTHETIC_PLANNING_MODEL,2026-09-06T00:00:00-07:00
base,ARU_GROUP,2027,7,PAYROLL-base-202707-BST,base-ARU_GROUP-2027-001406,WAGE-base-base-ARU_GROUP-2027-001406,BST,WAGE-base-base-ARU_GROUP-2027-001406-EMP-059,EMP-059,,Operations employee,1,1,8045,8045,MODELED_CENSUS_ROLE_ALLOCATION_NOT_INDIVIDUAL_PAYSLIP,FORECAST,PUBLIC_SYNTHETIC_PLANNING_MODEL,2026-09-06T00:00:00-07:00
base,ARU_GROUP,2027,7,PAYROLL-base-202707-BST,base-ARU_GROUP-2027-001406,WAGE-base-base-ARU_GROUP-2027-001406,BST,WAGE-base-base-ARU_GROUP-2027-001406-EMP-060,EMP-060,,Operations employee,1,1,8045,8045,MODELED_CENSUS_ROLE_ALLOCATION_NOT_INDIVIDUAL_PAYSLIP,FORECAST,PUBLIC_SYNTHETIC_PLANNING_MODEL,2026-09-06T00:00:00-07:00
base,ARU_GROUP,2027,7,PAYROLL-base-202707-BST,base-ARU_GROUP-2027-001406,WAGE-base-base-ARU_GROUP-2027-001406,BST,WAGE-base-base-ARU_GROUP-2027-001406-EMP-061,EMP-061,,Operations employee,1,1,8045,8045,MODELED_CENSUS_ROLE_ALLOCATION_NOT_INDIVIDUAL_PAYSLIP,FORECAST,PUBLIC_SYNTHETIC_PLANNING_MODEL,2026-09-06T00:00:00-07:00
base,ARU_GROUP,2027,7,PAYROLL-base-202707-BST,base-ARU_GROUP-2027-001406,WAGE-base-base-ARU_GROUP-2027-001406,BST,WAGE-base-base-ARU_GROUP-2027-001406-EMP-062,EMP-062,,Safety employee,1,1,8620,8620,MODELED_CENSUS_ROLE_ALLOCATION_NOT_INDIVIDUAL_PAYSLIP,FORECAST,PUBLIC_SYNTHETIC_PLANNING_MODEL,2026-09-06T00:00:00-07:00
base,ARU_GROUP,2027,7,PAYROLL-base-202707-BST,base-ARU_GROUP-2027-001406,WAGE-base-base-ARU_GROUP-2027-001406,BST,WAGE-base-base-ARU_GROUP-2027-001406-EMP-063,EMP-063,,Safety employee,1,1,8620,8620,MODELED_CENSUS_ROLE_ALLOCATION_NOT_INDIVIDUAL_PAYSLIP,FORECAST,PUBLIC_SYNTHETIC_PLANNING_MODEL,2026-09-06T00:00:00-07:00
base,ARU_GROUP,2027,7,PAYROLL-base-202707-BST,base-ARU_GROUP-2027-001406,WAGE-base-base-ARU_GROUP-2027-001406,BST,WAGE-base-base-ARU_GROUP-2027-001406-EMP-064,EMP-064,,Management employee,1,1,8620,8620,MODELED_CENSUS_ROLE_ALLOCATION_NOT_INDIVIDUAL_PAYSLIP,FORECAST,PUBLIC_SYNTHETIC_PLANNING_MODEL,2026-09-06T00:00:00-07:00
base,ARU_GROUP,2027,7,PAYROLL-base-202707-BST,base-ARU_GROUP-2027-001406,WAGE-base-base-ARU_GROUP-2027-001406,BST,WAGE-base-base-ARU_GROUP-2027-001406-EMP-065,EMP-065,,Management employee,1,1,8620,8620,MODELED_CENSUS_ROLE_ALLOCATION_NOT_INDIVIDUAL_PAYSLIP,FORECAST,PUBLIC_SYNTHETIC_PLANNING_MODEL,2026-09-06T00:00:00-07:00
base,ARU_GROUP,2027,7,PAYROLL-base-202707-BST,base-ARU_GROUP-2027-001406,WAGE-base-base-ARU_GROUP-2027-001406,BST,WAGE-base-base-ARU_GROUP-2027-001406-EMP-066,EMP-066,,Management employee,1,1,8620,8620,MODELED_CENSUS_ROLE_ALLOCATION_NOT_INDIVIDUAL_PAYSLIP,FORECAST,PUBLIC_SYNTHETIC_PLANNING_MODEL,2026-09-06T00:00:00-07:00
base,ARU_GROUP,2027,7,PAYROLL-base-202707-BST,base-ARU_GROUP-2027-001406,WAGE-base-base-ARU_GROUP-2027-001406,BST,WAGE-base-base-ARU_GROUP-2027-001406-EMP-067,EMP-067,,Management employee,1,1,8620,8620,MODELED_CENSUS_ROLE_ALLOCATION_NOT_INDIVIDUAL_PAYSLIP,FORECAST,PUBLIC_SYNTHETIC_PLANNING_MODEL,2026-09-06T00:00:00-07:00
base,ARU_GROUP,2027,7,PAYROLL-base-202707-BST,base-ARU_GROUP-2027-001406,WAGE-base-base-ARU_GROUP-2027-001406,BST,WAGE-base-base-ARU_GROUP-2027-001406-EMP-068,EMP-068,,Management employee,1,1,8620,8620,MODELED_CENSUS_ROLE_ALLOCATION_NOT_INDIVIDUAL_PAYSLIP,FORECAST,PUBLIC_SYNTHETIC_PLANNING_MODEL,2026-09-06T00:00:00-07:00
base,ARU_GROUP,2027,7,PAYROLL-base-202707-BST,base-ARU_GROUP-2027-001406,WAGE-base-base-ARU_GROUP-2027-001406,BST,WAGE-base-base-ARU_GROUP-2027-001406-EMP-069,EMP-069,,Management employee,1,1,8620,8620,MODELED_CENSUS_ROLE_ALLOCATION_NOT_INDIVIDUAL_PAYSLIP,FORECAST,PUBLIC_SYNTHETIC_PLANNING_MODEL,2026-09-06T00:00:00-07:00
base,ARU_GROUP,2027,7,PAYROLL-base-202707-BST,base-ARU_GROUP-2027-001406,WAGE-base-base-ARU_GROUP-2027-001406,BST,WAGE-base-base-ARU_GROUP-2027-001406-EMP-070,EMP-070,,Management employee,1,1,8620,8620,MODELED_CENSUS_ROLE_ALLOCATION_NOT_INDIVIDUAL_PAYSLIP,FORECAST,PUBLIC_SYNTHETIC_PLANNING_MODEL,2026-09-06T00:00:00-07:00
base,ARU_GROUP,2027,7,PAYROLL-base-202707-BST,base-ARU_GROUP-2027-001406,WAGE-base-base-ARU_GROUP-2027-001406,BST,WAGE-base-base-ARU_GROUP-2027-001406-EMP-071,EMP-071,,Management employee,1,1,8619,8619,MODELED_CENSUS_ROLE_ALLOCATION_NOT_INDIVIDUAL_PAYSLIP,FORECAST,PUBLIC_SYNTHETIC_PLANNING_MODEL,2026-09-06T00:00:00-07:00
base,ARU_GROUP,2027,7,PAYROLL-base-202707-TERMINALS,base-ARU_GROUP-2027-001413,WAGE-base-base-ARU_GROUP-2027-001413,TERMINALS,WAGE-base-base-ARU_GROUP-2027-001413-EMP-012,EMP-012,,Terminal Manager,1,1,15515,15515,MODELED_CENSUS_ROLE_ALLOCATION_NOT_INDIVIDUAL_PAYSLIP,FORECAST,PUBLIC_SYNTHETIC_PLANNING_MODEL,2026-09-06T00:00:00-07:00
base,ARU_GROUP,2027,7,PAYROLL-base-202707-TERMINALS,base-ARU_GROUP-2027-001413,WAGE-base-base-ARU_GROUP-2027-001413,TERMINALS,WAGE-base-base-ARU_GROUP-2027-001413-EMP-072,EMP-072,,Terminal employee,1,1,7126,7126,MODELED_CENSUS_ROLE_ALLOCATION_NOT_INDIVIDUAL_PAYSLIP,FORECAST,PUBLIC_SYNTHETIC_PLANNING_MODEL,2026-09-06T00:00:00-07:00
base,ARU_GROUP,2027,7,PAYROLL-base-202707-TERMINALS,base-ARU_GROUP-2027-001413,WAGE-base-base-ARU_GROUP-2027-001413,TERMINALS,WAGE-base-base-ARU_GROUP-2027-001413-EMP-073,EMP-073,,Terminal employee,1,1,7126,7126,MODELED_CENSUS_ROLE_ALLOCATION_NOT_INDIVIDUAL_PAYSLIP,FORECAST,PUBLIC_SYNTHETIC_PLANNING_MODEL,2026-09-06T00:00:00-07:00
base,ARU_GROUP,2027,7,PAYROLL-base-202707-TERMINALS,base-ARU_GROUP-2027-001413,WAGE-base-base-ARU_GROUP-2027-001413,TERMINALS,WAGE-base-base-ARU_GROUP-2027-001413-EMP-074,EMP-074,,Terminal employee,1,1,7126,7126,MODELED_CENSUS_ROLE_ALLOCATION_NOT_INDIVIDUAL_PAYSLIP,FORECAST,PUBLIC_SYNTHETIC_PLANNING_MODEL,2026-09-06T00:00:00-07:00
base,ARU_GROUP,2027,7,PAYROLL-base-202707-TERMINALS,base-ARU_GROUP-2027-001413,WAGE-base-base-ARU_GROUP-2027-001413,TERMINALS,WAGE-base-base-ARU_GROUP-2027-001413-EMP-075,EMP-075,,Terminal employee,1,1,7126,7126,MODELED_CENSUS_ROLE_ALLOCATION_NOT_INDIVIDUAL_PAYSLIP,FORECAST,PUBLIC_SYNTHETIC_PLANNING_MODEL,2026-09-06T00:00:00-07:00
base,ARU_GROUP,2027,7,PAYROLL-base-202707-TERMINALS,base-ARU_GROUP-2027-001413,WAGE-base-base-ARU_GROUP-2027-001413,TERMINALS,WAGE-base-base-ARU_GROUP-2027-001413-EMP-076,EMP-076,,Terminal employee,1,1,7126,7126,MODELED_CENSUS_ROLE_ALLOCATION_NOT_INDIVIDUAL_PAYSLIP,FORECAST,PUBLIC_SYNTHETIC_PLANNING_MODEL,2026-09-06T00:00:00-07:00
base,ARU_GROUP,2027,7,PAYROLL-base-202707-TERMINALS,base-ARU_GROUP-2027-001413,WAGE-base-base-ARU_GROUP-2027-001413,TERMINALS,WAGE-base-base-ARU_GROUP-2027-001413-EMP-077,EMP-077,,Terminal employee,1,1,7126,7126,MODELED_CENSUS_ROLE_ALLOCATION_NOT_INDIVIDUAL_PAYSLIP,FORECAST,PUBLIC_SYNTHETIC_PLANNING_MODEL,2026-09-06T00:00:00-07:00
base,ARU_GROUP,2027,7,PAYROLL-base-202707-TERMINALS,base-ARU_GROUP-2027-001413,WAGE-base-base-ARU_GROUP-2027-001413,TERMINALS,WAGE-base-base-ARU_GROUP-2027-001413-EMP-078,EMP-078,,Terminal employee,1,1,7126,7126,MODELED_CENSUS_ROLE_ALLOCATION_NOT_INDIVIDUAL_PAYSLIP,FORECAST,PUBLIC_SYNTHETIC_PLANNING_MODEL,2026-09-06T00:00:00-07:00
base,ARU_GROUP,2027,7,PAYROLL-base-202707-TERMINALS,base-ARU_GROUP-2027-001413,WAGE-base-base-ARU_GROUP-2027-001413,TERMINALS,WAGE-base-base-ARU_GROUP-2027-001413-EMP-079,EMP-079,,Terminal employee,1,1,7126,7126,MODELED_CENSUS_ROLE_ALLOCATION_NOT_INDIVIDUAL_PAYSLIP,FORECAST,PUBLIC_SYNTHETIC_PLANNING_MODEL,2026-09-06T00:00:00-07:00
base,ARU_GROUP,2027,7,PAYROLL-base-202707-TERMINALS,base-ARU_GROUP-2027-001413,WAGE-base-base-ARU_GROUP-2027-001413,TERMINALS,WAGE-base-base-ARU_GROUP-2027-001413-EMP-080,EMP-080,,Terminal employee,1,1,7126,7126,MODELED_CENSUS_ROLE_ALLOCATION_NOT_INDIVIDUAL_PAYSLIP,FORECAST,PUBLIC_SYNTHETIC_PLANNING_MODEL,2026-09-06T00:00:00-07:00
base,ARU_GROUP,2027,7,PAYROLL-base-202707-TERMINALS,base-ARU_GROUP-2027-001413,WAGE-base-base-ARU_GROUP-2027-001413,TERMINALS,WAGE-base-base-ARU_GROUP-2027-001413-EMP-081,EMP-081,,Terminal employee,1,1,7126,7126,MODELED_CENSUS_ROLE_ALLOCATION_NOT_INDIVIDUAL_PAYSLIP,FORECAST,PUBLIC_SYNTHETIC_PLANNING_MODEL,2026-09-06T00:00:00-07:00
base,ARU_GROUP,2027,7,PAYROLL-base-202707-TERMINALS,base-ARU_GROUP-2027-001413,WAGE-base-base-ARU_GROUP-2027-001413,TERMINALS,WAGE-base-base-ARU_GROUP-2027-001413-EMP-082,EMP-082,,Terminal employee,1,1,7126,7126,MODELED_CENSUS_ROLE_ALLOCATION_NOT_INDIVIDUAL_PAYSLIP,FORECAST,PUBLIC_SYNTHETIC_PLANNING_MODEL,2026-09-06T00:00:00-07:00
base,ARU_GROUP,2027,7,PAYROLL-base-202707-TERMINALS,base-ARU_GROUP-2027-001413,WAGE-base-base-ARU_GROUP-2027-001413,TERMINALS,WAGE-base-base-ARU_GROUP-2027-001413-EMP-083,EMP-083,,Terminal employee,1,1,7126,7126,MODELED_CENSUS_ROLE_ALLOCATION_NOT_INDIVIDUAL_PAYSLIP,FORECAST,PUBLIC_SYNTHETIC_PLANNING_MODEL,2026-09-06T00:00:00-07:00
base,ARU_GROUP,2027,7,PAYROLL-base-202707-TERMINALS,base-ARU_GROUP-2027-001413,WAGE-base-base-ARU_GROUP-2027-001413,TERMINALS,WAGE-base-base-ARU_GROUP-2027-001413-EMP-084,EMP-084,,Terminal employee,1,1,7126,7126,MODELED_CENSUS_ROLE_ALLOCATION_NOT_INDIVIDUAL_PAYSLIP,FORECAST,PUBLIC_SYNTHETIC_PLANNING_MODEL,2026-09-06T00:00:00-07:00
base,ARU_GROUP,2027,7,PAYROLL-base-202707-TERMINALS,base-ARU_GROUP-2027-001413,WAGE-base-base-ARU_GROUP-2027-001413,TERMINALS,WAGE-base-base-ARU_GROUP-2027-001413-EMP-085,EMP-085,,Terminal employee,1,1,7126,7126,MODELED_CENSUS_ROLE_ALLOCATION_NOT_INDIVIDUAL_PAYSLIP,FORECAST,PUBLIC_SYNTHETIC_PLANNING_MODEL,2026-09-06T00:00:00-07:00
base,ARU_GROUP,2027,7,PAYROLL-base-202707-TERMINALS,base-ARU_GROUP-2027-001413,WAGE-base-base-ARU_GROUP-2027-001413,TERMINALS,WAGE-base-base-ARU_GROUP-2027-001413-EMP-086,EMP-086,,Terminal employee,1,1,7126,7126,MODELED_CENSUS_ROLE_ALLOCATION_NOT_INDIVIDUAL_PAYSLIP,FORECAST,PUBLIC_SYNTHETIC_PLANNING_MODEL,2026-09-06T00:00:00-07:00
base,ARU_GROUP,2027,7,PAYROLL-base-202707-TERMINALS,base-ARU_GROUP-2027-001413,WAGE-base-base-ARU_GROUP-2027-001413,TERMINALS,WAGE-base-base-ARU_GROUP-2027-001413-EMP-087,EMP-087,,Terminal employee,1,1,7126,7126,MODELED_CENSUS_ROLE_ALLOCATION_NOT_INDIVIDUAL_PAYSLIP,FORECAST,PUBLIC_SYNTHETIC_PLANNING_MODEL,2026-09-06T00:00:00-07:00
base,ARU_GROUP,2027,7,PAYROLL-base-202707-TERMINALS,base-ARU_GROUP-2027-001413,WAGE-base-base-ARU_GROUP-2027-001413,TERMINALS,WAGE-base-base-ARU_GROUP-2027-001413-EMP-088,EMP-088,,Terminal employee,1,1,7126,7126,MODELED_CENSUS_ROLE_ALLOCATION_NOT_INDIVIDUAL_PAYSLIP,FORECAST,PUBLIC_SYNTHETIC_PLANNING_MODEL,2026-09-06T00:00:00-07:00
base,ARU_GROUP,2027,7,PAYROLL-base-202707-TERMINALS,base-ARU_GROUP-2027-001413,WAGE-base-base-ARU_GROUP-2027-001413,TERMINALS,WAGE-base-base-ARU_GROUP-2027-001413-EMP-089,EMP-089,,Terminal employee,1,1,7126,7126,MODELED_CENSUS_ROLE_ALLOCATION_NOT_INDIVIDUAL_PAYSLIP,FORECAST,PUBLIC_SYNTHETIC_PLANNING_MODEL,2026-09-06T00:00:00-07:00
base,ARU_GROUP,2027,7,PAYROLL-base-202707-TERMINALS,base-ARU_GROUP-2027-001413,WAGE-base-base-ARU_GROUP-2027-001413,TERMINALS,WAGE-base-base-ARU_GROUP-2027-001413-EMP-090,EMP-090,,Terminal employee,1,1,7126,7126,MODELED_CENSUS_ROLE_ALLOCATION_NOT_INDIVIDUAL_PAYSLIP,FORECAST,PUBLIC_SYNTHETIC_PLANNING_MODEL,2026-09-06T00:00:00-07:00
base,ARU_GROUP,2027,7,PAYROLL-base-202707-TERMINALS,base-ARU_GROUP-2027-001413,WAGE-base-base-ARU_GROUP-2027-001413,TERMINALS,WAGE-base-base-ARU_GROUP-2027-001413-EMP-091,EMP-091,,Terminal employee,1,1,7125,7125,MODELED_CENSUS_ROLE_ALLOCATION_NOT_INDIVIDUAL_PAYSLIP,FORECAST,PUBLIC_SYNTHETIC_PLANNING_MODEL,2026-09-06T00:00:00-07:00
base,ARU_GROUP,2027,7,PAYROLL-base-202707-TERMINALS,base-ARU_GROUP-2027-001413,WAGE-base-base-ARU_GROUP-2027-001413,TERMINALS,WAGE-base-base-ARU_GROUP-2027-001413-EMP-092,EMP-092,,Terminal employee,1,1,7125,7125,MODELED_CENSUS_ROLE_ALLOCATION_NOT_INDIVIDUAL_PAYSLIP,FORECAST,PUBLIC_SYNTHETIC_PLANNING_MODEL,2026-09-06T00:00:00-07:00
base,ARU_GROUP,2027,7,PAYROLL-base-202707-TERMINALS,base-ARU_GROUP-2027-001413,WAGE-base-base-ARU_GROUP-2027-001413,TERMINALS,WAGE-base-base-ARU_GROUP-2027-001413-EMP-093,EMP-093,,Terminal employee,1,1,7125,7125,MODELED_CENSUS_ROLE_ALLOCATION_NOT_INDIVIDUAL_PAYSLIP,FORECAST,PUBLIC_SYNTHETIC_PLANNING_MODEL,2026-09-06T00:00:00-07:00
base,ARU_GROUP,2027,7,PAYROLL-base-202707-TERMINALS,base-ARU_GROUP-2027-001413,WAGE-base-base-ARU_GROUP-2027-001413,TERMINALS,WAGE-base-base-ARU_GROUP-2027-001413-EMP-094,EMP-094,,Terminal employee,1,1,7125,7125,MODELED_CENSUS_ROLE_ALLOCATION_NOT_INDIVIDUAL_PAYSLIP,FORECAST,PUBLIC_SYNTHETIC_PLANNING_MODEL,2026-09-06T00:00:00-07:00
base,ARU_GROUP,2027,7,PAYROLL-base-202707-TERMINALS,base-ARU_GROUP-2027-001413,WAGE-base-base-ARU_GROUP-2027-001413,TERMINALS,WAGE-base-base-ARU_GROUP-2027-001413-EMP-095,EMP-095,,Terminal employee,1,1,7125,7125,MODELED_CENSUS_ROLE_ALLOCATION_NOT_INDIVIDUAL_PAYSLIP,FORECAST,PUBLIC_SYNTHETIC_PLANNING_MODEL,2026-09-06T00:00:00-07:00
base,ARU_GROUP,2027,7,PAYROLL-base-202707-TERMINALS,base-ARU_GROUP-2027-001413,WAGE-base-base-ARU_GROUP-2027-001413,TERMINALS,WAGE-base-base-ARU_GROUP-2027-001413-EMP-096,EMP-096,,Terminal employee,1,1,7125,7125,MODELED_CENSUS_ROLE_ALLOCATION_NOT_INDIVIDUAL_PAYSLIP,FORECAST,PUBLIC_SYNTHETIC_PLANNING_MODEL,2026-09-06T00:00:00-07:00
base,ARU_GROUP,2027,7,PAYROLL-base-202707-TERMINALS,base-ARU_GROUP-2027-001413,WAGE-base-base-ARU_GROUP-2027-001413,TERMINALS,WAGE-base-base-ARU_GROUP-2027-001413-EMP-097,EMP-097,,Terminal employee,1,1,7125,7125,MODELED_CENSUS_ROLE_ALLOCATION_NOT_INDIVIDUAL_PAYSLIP,FORECAST,PUBLIC_SYNTHETIC_PLANNING_MODEL,2026-09-06T00:00:00-07:00
base,ARU_GROUP,2027,7,PAYROLL-base-202707-TRUCKING,base-ARU_GROUP-2027-001420,WAGE-base-base-ARU_GROUP-2027-001420,TRUCKING,WAGE-base-base-ARU_GROUP-2027-001420-EMP-013,EMP-013,,Trucking Manager,1,1,14367,14367,MODELED_CENSUS_ROLE_ALLOCATION_NOT_INDIVIDUAL_PAYSLIP,FORECAST,PUBLIC_SYNTHETIC_PLANNING_MODEL,2026-09-06T00:00:00-07:00
base,ARU_GROUP,2027,7,PAYROLL-base-202707-TRUCKING,base-ARU_GROUP-2027-001420,WAGE-base-base-ARU_GROUP-2027-001420,TRUCKING,WAGE-base-base-ARU_GROUP-2027-001420-EMP-098,EMP-098,,Qualified regional industrial driver,1,1,7816,7816,MODELED_CENSUS_ROLE_ALLOCATION_NOT_INDIVIDUAL_PAYSLIP,FORECAST,PUBLIC_SYNTHETIC_PLANNING_MODEL,2026-09-06T00:00:00-07:00
base,ARU_GROUP,2027,7,PAYROLL-base-202707-TRUCKING,base-ARU_GROUP-2027-001420,WAGE-base-base-ARU_GROUP-2027-001420,TRUCKING,WAGE-base-base-ARU_GROUP-2027-001420-EMP-099,EMP-099,,Qualified regional industrial driver,1,1,7816,7816,MODELED_CENSUS_ROLE_ALLOCATION_NOT_INDIVIDUAL_PAYSLIP,FORECAST,PUBLIC_SYNTHETIC_PLANNING_MODEL,2026-09-06T00:00:00-07:00
base,ARU_GROUP,2027,7,PAYROLL-base-202707-TRUCKING,base-ARU_GROUP-2027-001420,WAGE-base-base-ARU_GROUP-2027-001420,TRUCKING,WAGE-base-base-ARU_GROUP-2027-001420-EMP-100,EMP-100,,Qualified regional industrial driver,1,1,7816,7816,MODELED_CENSUS_ROLE_ALLOCATION_NOT_INDIVIDUAL_PAYSLIP,FORECAST,PUBLIC_SYNTHETIC_PLANNING_MODEL,2026-09-06T00:00:00-07:00
base,ARU_GROUP,2027,7,PAYROLL-base-202707-TRUCKING,base-ARU_GROUP-2027-001420,WAGE-base-base-ARU_GROUP-2027-001420,TRUCKING,WAGE-base-base-ARU_GROUP-2027-001420-EMP-101,EMP-101,,Qualified regional industrial driver,1,1,7816,7816,MODELED_CENSUS_ROLE_ALLOCATION_NOT_INDIVIDUAL_PAYSLIP,FORECAST,PUBLIC_SYNTHETIC_PLANNING_MODEL,2026-09-06T00:00:00-07:00
base,ARU_GROUP,2027,7,PAYROLL-base-202707-TRUCKING,base-ARU_GROUP-2027-001420,WAGE-base-base-ARU_GROUP-2027-001420,TRUCKING,WAGE-base-base-ARU_GROUP-2027-001420-EMP-102,EMP-102,,Qualified regional industrial driver,1,1,7816,7816,MODELED_CENSUS_ROLE_ALLOCATION_NOT_INDIVIDUAL_PAYSLIP,FORECAST,PUBLIC_SYNTHETIC_PLANNING_MODEL,2026-09-06T00:00:00-07:00
base,ARU_GROUP,2027,7,PAYROLL-base-202707-TRUCKING,base-ARU_GROUP-2027-001420,WAGE-base-base-ARU_GROUP-2027-001420,TRUCKING,WAGE-base-base-ARU_GROUP-2027-001420-EMP-103,EMP-103,,Qualified regional industrial driver,1,1,7816,7816,MODELED_CENSUS_ROLE_ALLOCATION_NOT_INDIVIDUAL_PAYSLIP,FORECAST,PUBLIC_SYNTHETIC_PLANNING_MODEL,2026-09-06T00:00:00-07:00
base,ARU_GROUP,2027,7,PAYROLL-base-202707-TRUCKING,base-ARU_GROUP-2027-001420,WAGE-base-base-ARU_GROUP-2027-001420,TRUCKING,WAGE-base-base-ARU_GROUP-2027-001420-EMP-104,EMP-104,,Qualified regional industrial driver,1,1,7815,7815,MODELED_CENSUS_ROLE_ALLOCATION_NOT_INDIVIDUAL_PAYSLIP,FORECAST,PUBLIC_SYNTHETIC_PLANNING_MODEL,2026-09-06T00:00:00-07:00
base,ARU_GROUP,2027,7,PAYROLL-base-202707-TRUCKING,base-ARU_GROUP-2027-001420,WAGE-base-base-ARU_GROUP-2027-001420,TRUCKING,WAGE-base-base-ARU_GROUP-2027-001420-EMP-105,EMP-105,,Qualified regional industrial driver,1,1,7815,7815,MODELED_CENSUS_ROLE_ALLOCATION_NOT_INDIVIDUAL_PAYSLIP,FORECAST,PUBLIC_SYNTHETIC_PLANNING_MODEL,2026-09-06T00:00:00-07:00
base,ARU_GROUP,2027,7,PAYROLL-base-202707-TRUCKING,base-ARU_GROUP-2027-001420,WAGE-base-base-ARU_GROUP-2027-001420,TRUCKING,WAGE-base-base-ARU_GROUP-2027-001420-EMP-106,EMP-106,,Qualified regional industrial driver,1,1,7815,7815,MODELED_CENSUS_ROLE_ALLOCATION_NOT_INDIVIDUAL_PAYSLIP,FORECAST,PUBLIC_SYNTHETIC_PLANNING_MODEL,2026-09-06T00:00:00-07:00
base,ARU_GROUP,2027,7,PAYROLL-base-202707-TRUCKING,base-ARU_GROUP-2027-001420,WAGE-base-base-ARU_GROUP-2027-001420,TRUCKING,WAGE-base-base-ARU_GROUP-2027-001420-EMP-107,EMP-107,,Qualified regional industrial driver,1,1,7815,7815,MODELED_CENSUS_ROLE_ALLOCATION_NOT_INDIVIDUAL_PAYSLIP,FORECAST,PUBLIC_SYNTHETIC_PLANNING_MODEL,2026-09-06T00:00:00-07:00
base,ARU_GROUP,2027,7,PAYROLL-base-202707-TRUCKING,base-ARU_GROUP-2027-001420,WAGE-base-base-ARU_GROUP-2027-001420,TRUCKING,WAGE-base-base-ARU_GROUP-2027-001420-EMP-108,EMP-108,,Qualified regional industrial driver,1,1,7815,7815,MODELED_CENSUS_ROLE_ALLOCATION_NOT_INDIVIDUAL_PAYSLIP,FORECAST,PUBLIC_SYNTHETIC_PLANNING_MODEL,2026-09-06T00:00:00-07:00
base,ARU_GROUP,2027,7,PAYROLL-base-202707-TRUCKING,base-ARU_GROUP-2027-001420,WAGE-base-base-ARU_GROUP-2027-001420,TRUCKING,WAGE-base-base-ARU_GROUP-2027-001420-EMP-109,EMP-109,,Qualified regional industrial driver,1,1,7815,7815,MODELED_CENSUS_ROLE_ALLOCATION_NOT_INDIVIDUAL_PAYSLIP,FORECAST,PUBLIC_SYNTHETIC_PLANNING_MODEL,2026-09-06T00:00:00-07:00
base,ARU_GROUP,2027,7,PAYROLL-base-202707-TRUCKING,base-ARU_GROUP-2027-001420,WAGE-base-base-ARU_GROUP-2027-001420,TRUCKING,WAGE-base-base-ARU_GROUP-2027-001420-EMP-110,EMP-110,,Qualified regional industrial driver,1,1,7815,7815,MODELED_CENSUS_ROLE_ALLOCATION_NOT_INDIVIDUAL_PAYSLIP,FORECAST,PUBLIC_SYNTHETIC_PLANNING_MODEL,2026-09-06T00:00:00-07:00
base,ARU_GROUP,2027,7,PAYROLL-base-202707-TRUCKING,base-ARU_GROUP-2027-001420,WAGE-base-base-ARU_GROUP-2027-001420,TRUCKING,WAGE-base-base-ARU_GROUP-2027-001420-EMP-111,EMP-111,,Qualified regional industrial driver,1,1,7815,7815,MODELED_CENSUS_ROLE_ALLOCATION_NOT_INDIVIDUAL_PAYSLIP,FORECAST,PUBLIC_SYNTHETIC_PLANNING_MODEL,2026-09-06T00:00:00-07:00
base,ARU_GROUP,2027,7,PAYROLL-base-202707-TRUCKING,base-ARU_GROUP-2027-001420,WAGE-base-base-ARU_GROUP-2027-001420,TRUCKING,WAGE-base-base-ARU_GROUP-2027-001420-EMP-112,EMP-112,,Qualified regional industrial driver,1,1,7815,7815,MODELED_CENSUS_ROLE_ALLOCATION_NOT_INDIVIDUAL_PAYSLIP,FORECAST,PUBLIC_SYNTHETIC_PLANNING_MODEL,2026-09-06T00:00:00-07:00
base,ARU_GROUP,2027,7,PAYROLL-base-202707-TRUCKING,base-ARU_GROUP-2027-001420,WAGE-base-base-ARU_GROUP-2027-001420,TRUCKING,WAGE-base-base-ARU_GROUP-2027-001420-EMP-113,EMP-113,,Qualified regional industrial driver,1,1,7815,7815,MODELED_CENSUS_ROLE_ALLOCATION_NOT_INDIVIDUAL_PAYSLIP,FORECAST,PUBLIC_SYNTHETIC_PLANNING_MODEL,2026-09-06T00:00:00-07:00
base,ARU_GROUP,2027,7,PAYROLL-base-202707-TRUCKING,base-ARU_GROUP-2027-001420,WAGE-base-base-ARU_GROUP-2027-001420,TRUCKING,WAGE-base-base-ARU_GROUP-2027-001420-EMP-114,EMP-114,,Qualified regional industrial driver,1,1,7815,7815,MODELED_CENSUS_ROLE_ALLOCATION_NOT_INDIVIDUAL_PAYSLIP,FORECAST,PUBLIC_SYNTHETIC_PLANNING_MODEL,2026-09-06T00:00:00-07:00
base,ARU_GROUP,2027,7,PAYROLL-base-202707-TRUCKING,base-ARU_GROUP-2027-001420,WAGE-base-base-ARU_GROUP-2027-001420,TRUCKING,WAGE-base-base-ARU_GROUP-2027-001420-EMP-115,EMP-115,,Qualified regional industrial driver,1,1,7815,7815,MODELED_CENSUS_ROLE_ALLOCATION_NOT_INDIVIDUAL_PAYSLIP,FORECAST,PUBLIC_SYNTHETIC_PLANNING_MODEL,2026-09-06T00:00:00-07:00
base,ARU_GROUP,2027,7,PAYROLL-base-202707-TRUCKING,base-ARU_GROUP-2027-001420,WAGE-base-base-ARU_GROUP-2027-001420,TRUCKING,WAGE-base-base-ARU_GROUP-2027-001420-EMP-116,EMP-116,,Qualified regional industrial driver,1,1,7815,7815,MODELED_CENSUS_ROLE_ALLOCATION_NOT_INDIVIDUAL_PAYSLIP,FORECAST,PUBLIC_SYNTHETIC_PLANNING_MODEL,2026-09-06T00:00:00-07:00
base,ARU_GROUP,2027,7,PAYROLL-base-202707-TRUCKING,base-ARU_GROUP-2027-001420,WAGE-base-base-ARU_GROUP-2027-001420,TRUCKING,WAGE-base-base-ARU_GROUP-2027-001420-EMP-117,EMP-117,,Qualified regional industrial driver,1,1,7815,7815,MODELED_CENSUS_ROLE_ALLOCATION_NOT_INDIVIDUAL_PAYSLIP,FORECAST,PUBLIC_SYNTHETIC_PLANNING_MODEL,2026-09-06T00:00:00-07:00
base,ARU_GROUP,2027,7,PAYROLL-base-202707-TRUCKING,base-ARU_GROUP-2027-001420,WAGE-base-base-ARU_GROUP-2027-001420,TRUCKING,WAGE-base-base-ARU_GROUP-2027-001420-EMP-118,EMP-118,,Truck dispatcher,1,1,7815,7815,MODELED_CENSUS_ROLE_ALLOCATION_NOT_INDIVIDUAL_PAYSLIP,FORECAST,PUBLIC_SYNTHETIC_PLANNING_MODEL,2026-09-06T00:00:00-07:00
base,ARU_GROUP,2027,7,PAYROLL-base-202707-TRUCKING,base-ARU_GROUP-2027-001420,WAGE-base-base-ARU_GROUP-2027-001420,TRUCKING,WAGE-base-base-ARU_GROUP-2027-001420-EMP-119,EMP-119,,Truck fleet mechanic,1,1,7815,7815,MODELED_CENSUS_ROLE_ALLOCATION_NOT_INDIVIDUAL_PAYSLIP,FORECAST,PUBLIC_SYNTHETIC_PLANNING_MODEL,2026-09-06T00:00:00-07:00
base,ARU_GROUP,2027,7,PAYROLL-base-202707-TRUCKING,base-ARU_GROUP-2027-001420,WAGE-base-base-ARU_GROUP-2027-001420,TRUCKING,WAGE-base-base-ARU_GROUP-2027-001420-EMP-120,EMP-120,,Truck fleet mechanic,1,1,7815,7815,MODELED_CENSUS_ROLE_ALLOCATION_NOT_INDIVIDUAL_PAYSLIP,FORECAST,PUBLIC_SYNTHETIC_PLANNING_MODEL,2026-09-06T00:00:00-07:00
base,ARU_GROUP,2027,7,PAYROLL-base-202707-WAREHOUSE,base-ARU_GROUP-2027-001427,WAGE-base-base-ARU_GROUP-2027-001427,WAREHOUSE,WAGE-base-base-ARU_GROUP-2027-001427-EMP-014,EMP-014,,Warehouse Manager,1,1,13792,13792,MODELED_CENSUS_ROLE_ALLOCATION_NOT_INDIVIDUAL_PAYSLIP,FORECAST,PUBLIC_SYNTHETIC_PLANNING_MODEL,2026-09-06T00:00:00-07:00
base,ARU_GROUP,2027,7,PAYROLL-base-202707-WAREHOUSE,base-ARU_GROUP-2027-001427,WAGE-base-base-ARU_GROUP-2027-001427,WAREHOUSE,WAGE-base-base-ARU_GROUP-2027-001427-EMP-121,EMP-121,,Warehouse employee,1,1,7126,7126,MODELED_CENSUS_ROLE_ALLOCATION_NOT_INDIVIDUAL_PAYSLIP,FORECAST,PUBLIC_SYNTHETIC_PLANNING_MODEL,2026-09-06T00:00:00-07:00
base,ARU_GROUP,2027,7,PAYROLL-base-202707-WAREHOUSE,base-ARU_GROUP-2027-001427,WAGE-base-base-ARU_GROUP-2027-001427,WAREHOUSE,WAGE-base-base-ARU_GROUP-2027-001427-EMP-122,EMP-122,,Warehouse employee,1,1,7126,7126,MODELED_CENSUS_ROLE_ALLOCATION_NOT_INDIVIDUAL_PAYSLIP,FORECAST,PUBLIC_SYNTHETIC_PLANNING_MODEL,2026-09-06T00:00:00-07:00
base,ARU_GROUP,2027,7,PAYROLL-base-202707-WAREHOUSE,base-ARU_GROUP-2027-001427,WAGE-base-base-ARU_GROUP-2027-001427,WAREHOUSE,WAGE-base-base-ARU_GROUP-2027-001427-EMP-123,EMP-123,,Warehouse employee,1,1,7126,7126,MODELED_CENSUS_ROLE_ALLOCATION_NOT_INDIVIDUAL_PAYSLIP,FORECAST,PUBLIC_SYNTHETIC_PLANNING_MODEL,2026-09-06T00:00:00-07:00
base,ARU_GROUP,2027,7,PAYROLL-base-202707-WAREHOUSE,base-ARU_GROUP-2027-001427,WAGE-base-base-ARU_GROUP-2027-001427,WAREHOUSE,WAGE-base-base-ARU_GROUP-2027-001427-EMP-124,EMP-124,,Warehouse employee,1,1,7126,7126,MODELED_CENSUS_ROLE_ALLOCATION_NOT_INDIVIDUAL_PAYSLIP,FORECAST,PUBLIC_SYNTHETIC_PLANNING_MODEL,2026-09-06T00:00:00-07:00
base,ARU_GROUP,2027,7,PAYROLL-base-202707-WAREHOUSE,base-ARU_GROUP-2027-001427,WAGE-base-base-ARU_GROUP-2027-001427,WAREHOUSE,WAGE-base-base-ARU_GROUP-2027-001427-EMP-125,EMP-125,,Warehouse employee,1,1,7126,7126,MODELED_CENSUS_ROLE_ALLOCATION_NOT_INDIVIDUAL_PAYSLIP,FORECAST,PUBLIC_SYNTHETIC_PLANNING_MODEL,2026-09-06T00:00:00-07:00
base,ARU_GROUP,2027,7,PAYROLL-base-202707-WAREHOUSE,base-ARU_GROUP-2027-001427,WAGE-base-base-ARU_GROUP-2027-001427,WAREHOUSE,WAGE-base-base-ARU_GROUP-2027-001427-EMP-126,EMP-126,,Warehouse employee,1,1,7126,7126,MODELED_CENSUS_ROLE_ALLOCATION_NOT_INDIVIDUAL_PAYSLIP,FORECAST,PUBLIC_SYNTHETIC_PLANNING_MODEL,2026-09-06T00:00:00-07:00
base,ARU_GROUP,2027,7,PAYROLL-base-202707-WAREHOUSE,base-ARU_GROUP-2027-001427,WAGE-base-base-ARU_GROUP-2027-001427,WAREHOUSE,WAGE-base-base-ARU_GROUP-2027-001427-EMP-127,EMP-127,,Warehouse employee,1,1,7126,7126,MODELED_CENSUS_ROLE_ALLOCATION_NOT_INDIVIDUAL_PAYSLIP,FORECAST,PUBLIC_SYNTHETIC_PLANNING_MODEL,2026-09-06T00:00:00-07:00
base,ARU_GROUP,2027,7,PAYROLL-base-202707-WAREHOUSE,base-ARU_GROUP-2027-001427,WAGE-base-base-ARU_GROUP-2027-001427,WAREHOUSE,WAGE-base-base-ARU_GROUP-2027-001427-EMP-128,EMP-128,,Warehouse employee,1,1,7126,7126,MODELED_CENSUS_ROLE_ALLOCATION_NOT_INDIVIDUAL_PAYSLIP,FORECAST,PUBLIC_SYNTHETIC_PLANNING_MODEL,2026-09-06T00:00:00-07:00
base,ARU_GROUP,2027,7,PAYROLL-base-202707-WAREHOUSE,base-ARU_GROUP-2027-001427,WAGE-base-base-ARU_GROUP-2027-001427,WAREHOUSE,WAGE-base-base-ARU_GROUP-2027-001427-EMP-129,EMP-129,,Warehouse employee,1,1,7125,7125,MODELED_CENSUS_ROLE_ALLOCATION_NOT_INDIVIDUAL_PAYSLIP,FORECAST,PUBLIC_SYNTHETIC_PLANNING_MODEL,2026-09-06T00:00:00-07:00
base,ARU_GROUP,2027,7,PAYROLL-base-202707-WAREHOUSE,base-ARU_GROUP-2027-001427,WAGE-base-base-ARU_GROUP-2027-001427,WAREHOUSE,WAGE-base-base-ARU_GROUP-2027-001427-EMP-130,EMP-130,,Warehouse employee,1,1,7125,7125,MODELED_CENSUS_ROLE_ALLOCATION_NOT_INDIVIDUAL_PAYSLIP,FORECAST,PUBLIC_SYNTHETIC_PLANNING_MODEL,2026-09-06T00:00:00-07:00
base,ARU_GROUP,2027,7,PAYROLL-base-202707-WAREHOUSE,base-ARU_GROUP-2027-001427,WAGE-base-base-ARU_GROUP-2027-001427,WAREHOUSE,WAGE-base-base-ARU_GROUP-2027-001427-EMP-131,EMP-131,,Warehouse employee,1,1,7125,7125,MODELED_CENSUS_ROLE_ALLOCATION_NOT_INDIVIDUAL_PAYSLIP,FORECAST,PUBLIC_SYNTHETIC_PLANNING_MODEL,2026-09-06T00:00:00-07:00
base,ARU_GROUP,2027,7,PAYROLL-base-202707-ARU,base-ARU_GROUP-2027-001434,WAGE-base-base-ARU_GROUP-2027-001434,ARU,WAGE-base-base-ARU_GROUP-2027-001434-EMP-001,EMP-001,,President and COO,1,1,27583,27583,MODELED_CENSUS_ROLE_ALLOCATION_NOT_INDIVIDUAL_PAYSLIP,FORECAST,PUBLIC_SYNTHETIC_PLANNING_MODEL,2026-09-06T00:00:00-07:00
base,ARU_GROUP,2027,7,PAYROLL-base-202707-ARU,base-ARU_GROUP-2027-001434,WAGE-base-base-ARU_GROUP-2027-001434,ARU,WAGE-base-base-ARU_GROUP-2027-001434-EMP-002,EMP-002,,Director Industrial Operations,1,1,20113,20113,MODELED_CENSUS_ROLE_ALLOCATION_NOT_INDIVIDUAL_PAYSLIP,FORECAST,PUBLIC_SYNTHETIC_PLANNING_MODEL,2026-09-06T00:00:00-07:00
base,ARU_GROUP,2027,7,PAYROLL-base-202707-ARU,base-ARU_GROUP-2027-001434,WAGE-base-base-ARU_GROUP-2027-001434,ARU,WAGE-base-base-ARU_GROUP-2027-001434-EMP-003,EMP-003,,Controller,1,1,18964,18964,MODELED_CENSUS_ROLE_ALLOCATION_NOT_INDIVIDUAL_PAYSLIP,FORECAST,PUBLIC_SYNTHETIC_PLANNING_MODEL,2026-09-06T00:00:00-07:00
base,ARU_GROUP,2027,7,PAYROLL-base-202707-ARU,base-ARU_GROUP-2027-001434,WAGE-base-base-ARU_GROUP-2027-001434,ARU,WAGE-base-base-ARU_GROUP-2027-001434-EMP-004,EMP-004,,Director Safety and Environment,1,1,17814,17814,MODELED_CENSUS_ROLE_ALLOCATION_NOT_INDIVIDUAL_PAYSLIP,FORECAST,PUBLIC_SYNTHETIC_PLANNING_MODEL,2026-09-06T00:00:00-07:00
base,ARU_GROUP,2027,7,PAYROLL-base-202707-ARU,base-ARU_GROUP-2027-001434,WAGE-base-base-ARU_GROUP-2027-001434,ARU,WAGE-base-base-ARU_GROUP-2027-001434-EMP-005,EMP-005,,People and Administration Manager,1,1,13217,13217,MODELED_CENSUS_ROLE_ALLOCATION_NOT_INDIVIDUAL_PAYSLIP,FORECAST,PUBLIC_SYNTHETIC_PLANNING_MODEL,2026-09-06T00:00:00-07:00
base,ARU_GROUP,2027,7,PAYROLL-base-202707-ARU,base-ARU_GROUP-2027-001434,WAGE-base-base-ARU_GROUP-2027-001434,ARU,WAGE-base-base-ARU_GROUP-2027-001434-EMP-006,EMP-006,,Procurement and Systems Manager,1,1,13217,13217,MODELED_CENSUS_ROLE_ALLOCATION_NOT_INDIVIDUAL_PAYSLIP,FORECAST,PUBLIC_SYNTHETIC_PLANNING_MODEL,2026-09-06T00:00:00-07:00
base,ARU_GROUP,2027,7,PAYROLL-base-202707-ARU,base-ARU_GROUP-2027-001434,WAGE-base-base-ARU_GROUP-2027-001434,ARU,WAGE-base-base-ARU_GROUP-2027-001434-EMP-015,EMP-015,,Corporate employee,1,1,8275,8275,MODELED_CENSUS_ROLE_ALLOCATION_NOT_INDIVIDUAL_PAYSLIP,FORECAST,PUBLIC_SYNTHETIC_PLANNING_MODEL,2026-09-06T00:00:00-07:00
base,ARU_GROUP,2027,7,PAYROLL-base-202707-ARU,base-ARU_GROUP-2027-001434,WAGE-base-base-ARU_GROUP-2027-001434,ARU,WAGE-base-base-ARU_GROUP-2027-001434-EMP-016,EMP-016,,Corporate employee,1,1,8275,8275,MODELED_CENSUS_ROLE_ALLOCATION_NOT_INDIVIDUAL_PAYSLIP,FORECAST,PUBLIC_SYNTHETIC_PLANNING_MODEL,2026-09-06T00:00:00-07:00
base,ARU_GROUP,2027,7,PAYROLL-base-202707-ARU,base-ARU_GROUP-2027-001434,WAGE-base-base-ARU_GROUP-2027-001434,ARU,WAGE-base-base-ARU_GROUP-2027-001434-EMP-017,EMP-017,,Corporate employee,1,1,8275,8275,MODELED_CENSUS_ROLE_ALLOCATION_NOT_INDIVIDUAL_PAYSLIP,FORECAST,PUBLIC_SYNTHETIC_PLANNING_MODEL,2026-09-06T00:00:00-07:00
base,ARU_GROUP,2027,7,PAYROLL-base-202707-ARU,base-ARU_GROUP-2027-001434,WAGE-base-base-ARU_GROUP-2027-001434,ARU,WAGE-base-base-ARU_GROUP-2027-001434-EMP-018,EMP-018,,Corporate employee,1,1,8275,8275,MODELED_CENSUS_ROLE_ALLOCATION_NOT_INDIVIDUAL_PAYSLIP,FORECAST,PUBLIC_SYNTHETIC_PLANNING_MODEL,2026-09-06T00:00:00-07:00
base,ARU_GROUP,2027,8,PAYROLL-base-202708-BST,base-ARU_GROUP-2027-001660,WAGE-base-base-ARU_GROUP-2027-001660,BST,WAGE-base-base-ARU_GROUP-2027-001660-EMP-007,EMP-007,,General Manager,1,1,21837,21837,MODELED_CENSUS_ROLE_ALLOCATION_NOT_INDIVIDUAL_PAYSLIP,FORECAST,PUBLIC_SYNTHETIC_PLANNING_MODEL,2026-09-06T00:00:00-07:00
base,ARU_GROUP,2027,8,PAYROLL-base-202708-BST,base-ARU_GROUP-2027-001660,WAGE-base-base-ARU_GROUP-2027-001660,BST,WAGE-base-base-ARU_GROUP-2027-001660-EMP-008,EMP-008,,Operations and Dispatch Manager,1,1,14366,14366,MODELED_CENSUS_ROLE_ALLOCATION_NOT_INDIVIDUAL_PAYSLIP,FORECAST,PUBLIC_SYNTHETIC_PLANNING_MODEL,2026-09-06T00:00:00-07:00
base,ARU_GROUP,2027,8,PAYROLL-base-202708-BST,base-ARU_GROUP-2027-001660,WAGE-base-base-ARU_GROUP-2027-001660,BST,WAGE-base-base-ARU_GROUP-2027-001660-EMP-009,EMP-009,,Working MOW Foreman,1,1,11493,11493,MODELED_CENSUS_ROLE_ALLOCATION_NOT_INDIVIDUAL_PAYSLIP,FORECAST,PUBLIC_SYNTHETIC_PLANNING_MODEL,2026-09-06T00:00:00-07:00
base,ARU_GROUP,2027,8,PAYROLL-base-202708-BST,base-ARU_GROUP-2027-001660,WAGE-base-base-ARU_GROUP-2027-001660,BST,WAGE-base-base-ARU_GROUP-2027-001660-EMP-010,EMP-010,,Mechanical Foreman,1,1,12642,12642,MODELED_CENSUS_ROLE_ALLOCATION_NOT_INDIVIDUAL_PAYSLIP,FORECAST,PUBLIC_SYNTHETIC_PLANNING_MODEL,2026-09-06T00:00:00-07:00
base,ARU_GROUP,2027,8,PAYROLL-base-202708-BST,base-ARU_GROUP-2027-001660,WAGE-base-base-ARU_GROUP-2027-001660,BST,WAGE-base-base-ARU_GROUP-2027-001660-EMP-011,EMP-011,,Safety and Compliance Manager,1,1,12067,12067,MODELED_CENSUS_ROLE_ALLOCATION_NOT_INDIVIDUAL_PAYSLIP,FORECAST,PUBLIC_SYNTHETIC_PLANNING_MODEL,2026-09-06T00:00:00-07:00
base,ARU_GROUP,2027,8,PAYROLL-base-202708-BST,base-ARU_GROUP-2027-001660,WAGE-base-base-ARU_GROUP-2027-001660,BST,WAGE-base-base-ARU_GROUP-2027-001660-EMP-019,EMP-019,,Train Engine employee,1,1,8390,8390,MODELED_CENSUS_ROLE_ALLOCATION_NOT_INDIVIDUAL_PAYSLIP,FORECAST,PUBLIC_SYNTHETIC_PLANNING_MODEL,2026-09-06T00:00:00-07:00
base,ARU_GROUP,2027,8,PAYROLL-base-202708-BST,base-ARU_GROUP-2027-001660,WAGE-base-base-ARU_GROUP-2027-001660,BST,WAGE-base-base-ARU_GROUP-2027-001660-EMP-020,EMP-020,,Train Engine employee,1,1,8390,8390,MODELED_CENSUS_ROLE_ALLOCATION_NOT_INDIVIDUAL_PAYSLIP,FORECAST,PUBLIC_SYNTHETIC_PLANNING_MODEL,2026-09-06T00:00:00-07:00
base,ARU_GROUP,2027,8,PAYROLL-base-202708-BST,base-ARU_GROUP-2027-001660,WAGE-base-base-ARU_GROUP-2027-001660,BST,WAGE-base-base-ARU_GROUP-2027-001660-EMP-021,EMP-021,,Train Engine employee,1,1,8390,8390,MODELED_CENSUS_ROLE_ALLOCATION_NOT_INDIVIDUAL_PAYSLIP,FORECAST,PUBLIC_SYNTHETIC_PLANNING_MODEL,2026-09-06T00:00:00-07:00
base,ARU_GROUP,2027,8,PAYROLL-base-202708-BST,base-ARU_GROUP-2027-001660,WAGE-base-base-ARU_GROUP-2027-001660,BST,WAGE-base-base-ARU_GROUP-2027-001660-EMP-022,EMP-022,,Train Engine employee,1,1,8390,8390,MODELED_CENSUS_ROLE_ALLOCATION_NOT_INDIVIDUAL_PAYSLIP,FORECAST,PUBLIC_SYNTHETIC_PLANNING_MODEL,2026-09-06T00:00:00-07:00
base,ARU_GROUP,2027,8,PAYROLL-base-202708-BST,base-ARU_GROUP-2027-001660,WAGE-base-base-ARU_GROUP-2027-001660,BST,WAGE-base-base-ARU_GROUP-2027-001660-EMP-023,EMP-023,,Train Engine employee,1,1,8390,8390,MODELED_CENSUS_ROLE_ALLOCATION_NOT_INDIVIDUAL_PAYSLIP,FORECAST,PUBLIC_SYNTHETIC_PLANNING_MODEL,2026-09-06T00:00:00-07:00
base,ARU_GROUP,2027,8,PAYROLL-base-202708-BST,base-ARU_GROUP-2027-001660,WAGE-base-base-ARU_GROUP-2027-001660,BST,WAGE-base-base-ARU_GROUP-2027-001660-EMP-024,EMP-024,,Train Engine employee,1,1,8390,8390,MODELED_CENSUS_ROLE_ALLOCATION_NOT_INDIVIDUAL_PAYSLIP,FORECAST,PUBLIC_SYNTHETIC_PLANNING_MODEL,2026-09-06T00:00:00-07:00
base,ARU_GROUP,2027,8,PAYROLL-base-202708-BST,base-ARU_GROUP-2027-001660,WAGE-base-base-ARU_GROUP-2027-001660,BST,WAGE-base-base-ARU_GROUP-2027-001660-EMP-025,EMP-025,,Train Engine employee,1,1,8390,8390,MODELED_CENSUS_ROLE_ALLOCATION_NOT_INDIVIDUAL_PAYSLIP,FORECAST,PUBLIC_SYNTHETIC_PLANNING_MODEL,2026-09-06T00:00:00-07:00
base,ARU_GROUP,2027,8,PAYROLL-base-202708-BST,base-ARU_GROUP-2027-001660,WAGE-base-base-ARU_GROUP-2027-001660,BST,WAGE-base-base-ARU_GROUP-2027-001660-EMP-026,EMP-026,,Train Engine employee,1,1,8390,8390,MODELED_CENSUS_ROLE_ALLOCATION_NOT_INDIVIDUAL_PAYSLIP,FORECAST,PUBLIC_SYNTHETIC_PLANNING_MODEL,2026-09-06T00:00:00-07:00
base,ARU_GROUP,2027,8,PAYROLL-base-202708-BST,base-ARU_GROUP-2027-001660,WAGE-base-base-ARU_GROUP-2027-001660,BST,WAGE-base-base-ARU_GROUP-2027-001660-EMP-027,EMP-027,,Train Engine employee,1,1,8390,8390,MODELED_CENSUS_ROLE_ALLOCATION_NOT_INDIVIDUAL_PAYSLIP,FORECAST,PUBLIC_SYNTHETIC_PLANNING_MODEL,2026-09-06T00:00:00-07:00
base,ARU_GROUP,2027,8,PAYROLL-base-202708-BST,base-ARU_GROUP-2027-001660,WAGE-base-base-ARU_GROUP-2027-001660,BST,WAGE-base-base-ARU_GROUP-2027-001660-EMP-028,EMP-028,,Train Engine employee,1,1,8390,8390,MODELED_CENSUS_ROLE_ALLOCATION_NOT_INDIVIDUAL_PAYSLIP,FORECAST,PUBLIC_SYNTHETIC_PLANNING_MODEL,2026-09-06T00:00:00-07:00
base,ARU_GROUP,2027,8,PAYROLL-base-202708-BST,base-ARU_GROUP-2027-001660,WAGE-base-base-ARU_GROUP-2027-001660,BST,WAGE-base-base-ARU_GROUP-2027-001660-EMP-029,EMP-029,,Train Engine employee,1,1,8390,8390,MODELED_CENSUS_ROLE_ALLOCATION_NOT_INDIVIDUAL_PAYSLIP,FORECAST,PUBLIC_SYNTHETIC_PLANNING_MODEL,2026-09-06T00:00:00-07:00
base,ARU_GROUP,2027,8,PAYROLL-base-202708-BST,base-ARU_GROUP-2027-001660,WAGE-base-base-ARU_GROUP-2027-001660,BST,WAGE-base-base-ARU_GROUP-2027-001660-EMP-030,EMP-030,,Train Engine employee,1,1,8390,8390,MODELED_CENSUS_ROLE_ALLOCATION_NOT_INDIVIDUAL_PAYSLIP,FORECAST,PUBLIC_SYNTHETIC_PLANNING_MODEL,2026-09-06T00:00:00-07:00
base,ARU_GROUP,2027,8,PAYROLL-base-202708-BST,base-ARU_GROUP-2027-001660,WAGE-base-base-ARU_GROUP-2027-001660,BST,WAGE-base-base-ARU_GROUP-2027-001660-EMP-031,EMP-031,,Train Engine employee,1,1,8390,8390,MODELED_CENSUS_ROLE_ALLOCATION_NOT_INDIVIDUAL_PAYSLIP,FORECAST,PUBLIC_SYNTHETIC_PLANNING_MODEL,2026-09-06T00:00:00-07:00
base,ARU_GROUP,2027,8,PAYROLL-base-202708-BST,base-ARU_GROUP-2027-001660,WAGE-base-base-ARU_GROUP-2027-001660,BST,WAGE-base-base-ARU_GROUP-2027-001660-EMP-032,EMP-032,,Train Engine employee,1,1,8390,8390,MODELED_CENSUS_ROLE_ALLOCATION_NOT_INDIVIDUAL_PAYSLIP,FORECAST,PUBLIC_SYNTHETIC_PLANNING_MODEL,2026-09-06T00:00:00-07:00
base,ARU_GROUP,2027,8,PAYROLL-base-202708-BST,base-ARU_GROUP-2027-001660,WAGE-base-base-ARU_GROUP-2027-001660,BST,WAGE-base-base-ARU_GROUP-2027-001660-EMP-033,EMP-033,,Train Engine employee,1,1,8390,8390,MODELED_CENSUS_ROLE_ALLOCATION_NOT_INDIVIDUAL_PAYSLIP,FORECAST,PUBLIC_SYNTHETIC_PLANNING_MODEL,2026-09-06T00:00:00-07:00
base,ARU_GROUP,2027,8,PAYROLL-base-202708-BST,base-ARU_GROUP-2027-001660,WAGE-base-base-ARU_GROUP-2027-001660,BST,WAGE-base-base-ARU_GROUP-2027-001660-EMP-034,EMP-034,,Train Engine employee,1,1,8390,8390,MODELED_CENSUS_ROLE_ALLOCATION_NOT_INDIVIDUAL_PAYSLIP,FORECAST,PUBLIC_SYNTHETIC_PLANNING_MODEL,2026-09-06T00:00:00-07:00
base,ARU_GROUP,2027,8,PAYROLL-base-202708-BST,base-ARU_GROUP-2027-001660,WAGE-base-base-ARU_GROUP-2027-001660,BST,WAGE-base-base-ARU_GROUP-2027-001660-EMP-035,EMP-035,,Train Engine employee,1,1,8390,8390,MODELED_CENSUS_ROLE_ALLOCATION_NOT_INDIVIDUAL_PAYSLIP,FORECAST,PUBLIC_SYNTHETIC_PLANNING_MODEL,2026-09-06T00:00:00-07:00
base,ARU_GROUP,2027,8,PAYROLL-base-202708-BST,base-ARU_GROUP-2027-001660,WAGE-base-base-ARU_GROUP-2027-001660,BST,WAGE-base-base-ARU_GROUP-2027-001660-EMP-036,EMP-036,,Train Engine employee,1,1,8390,8390,MODELED_CENSUS_ROLE_ALLOCATION_NOT_INDIVIDUAL_PAYSLIP,FORECAST,PUBLIC_SYNTHETIC_PLANNING_MODEL,2026-09-06T00:00:00-07:00
base,ARU_GROUP,2027,8,PAYROLL-base-202708-BST,base-ARU_GROUP-2027-001660,WAGE-base-base-ARU_GROUP-2027-001660,BST,WAGE-base-base-ARU_GROUP-2027-001660-EMP-037,EMP-037,,Train Engine employee,1,1,8390,8390,MODELED_CENSUS_ROLE_ALLOCATION_NOT_INDIVIDUAL_PAYSLIP,FORECAST,PUBLIC_SYNTHETIC_PLANNING_MODEL,2026-09-06T00:00:00-07:00
base,ARU_GROUP,2027,8,PAYROLL-base-202708-BST,base-ARU_GROUP-2027-001660,WAGE-base-base-ARU_GROUP-2027-001660,BST,WAGE-base-base-ARU_GROUP-2027-001660-EMP-038,EMP-038,,Train Engine employee,1,1,8390,8390,MODELED_CENSUS_ROLE_ALLOCATION_NOT_INDIVIDUAL_PAYSLIP,FORECAST,PUBLIC_SYNTHETIC_PLANNING_MODEL,2026-09-06T00:00:00-07:00
base,ARU_GROUP,2027,8,PAYROLL-base-202708-BST,base-ARU_GROUP-2027-001660,WAGE-base-base-ARU_GROUP-2027-001660,BST,WAGE-base-base-ARU_GROUP-2027-001660-EMP-039,EMP-039,,Train Engine employee,1,1,8390,8390,MODELED_CENSUS_ROLE_ALLOCATION_NOT_INDIVIDUAL_PAYSLIP,FORECAST,PUBLIC_SYNTHETIC_PLANNING_MODEL,2026-09-06T00:00:00-07:00
base,ARU_GROUP,2027,8,PAYROLL-base-202708-BST,base-ARU_GROUP-2027-001660,WAGE-base-base-ARU_GROUP-2027-001660,BST,WAGE-base-base-ARU_GROUP-2027-001660-EMP-040,EMP-040,,Train Engine employee,1,1,8390,8390,MODELED_CENSUS_ROLE_ALLOCATION_NOT_INDIVIDUAL_PAYSLIP,FORECAST,PUBLIC_SYNTHETIC_PLANNING_MODEL,2026-09-06T00:00:00-07:00
base,ARU_GROUP,2027,8,PAYROLL-base-202708-BST,base-ARU_GROUP-2027-001660,WAGE-base-base-ARU_GROUP-2027-001660,BST,WAGE-base-base-ARU_GROUP-2027-001660-EMP-041,EMP-041,,Mow employee,1,1,8045,8045,MODELED_CENSUS_ROLE_ALLOCATION_NOT_INDIVIDUAL_PAYSLIP,FORECAST,PUBLIC_SYNTHETIC_PLANNING_MODEL,2026-09-06T00:00:00-07:00
base,ARU_GROUP,2027,8,PAYROLL-base-202708-BST,base-ARU_GROUP-2027-001660,WAGE-base-base-ARU_GROUP-2027-001660,BST,WAGE-base-base-ARU_GROUP-2027-001660-EMP-042,EMP-042,,Mow employee,1,1,8045,8045,MODELED_CENSUS_ROLE_ALLOCATION_NOT_INDIVIDUAL_PAYSLIP,FORECAST,PUBLIC_SYNTHETIC_PLANNING_MODEL,2026-09-06T00:00:00-07:00
base,ARU_GROUP,2027,8,PAYROLL-base-202708-BST,base-ARU_GROUP-2027-001660,WAGE-base-base-ARU_GROUP-2027-001660,BST,WAGE-base-base-ARU_GROUP-2027-001660-EMP-043,EMP-043,,Mow employee,1,1,8045,8045,MODELED_CENSUS_ROLE_ALLOCATION_NOT_INDIVIDUAL_PAYSLIP,FORECAST,PUBLIC_SYNTHETIC_PLANNING_MODEL,2026-09-06T00:00:00-07:00
base,ARU_GROUP,2027,8,PAYROLL-base-202708-BST,base-ARU_GROUP-2027-001660,WAGE-base-base-ARU_GROUP-2027-001660,BST,WAGE-base-base-ARU_GROUP-2027-001660-EMP-044,EMP-044,,Mow employee,1,1,8045,8045,MODELED_CENSUS_ROLE_ALLOCATION_NOT_INDIVIDUAL_PAYSLIP,FORECAST,PUBLIC_SYNTHETIC_PLANNING_MODEL,2026-09-06T00:00:00-07:00
base,ARU_GROUP,2027,8,PAYROLL-base-202708-BST,base-ARU_GROUP-2027-001660,WAGE-base-base-ARU_GROUP-2027-001660,BST,WAGE-base-base-ARU_GROUP-2027-001660-EMP-045,EMP-045,,Mow employee,1,1,8045,8045,MODELED_CENSUS_ROLE_ALLOCATION_NOT_INDIVIDUAL_PAYSLIP,FORECAST,PUBLIC_SYNTHETIC_PLANNING_MODEL,2026-09-06T00:00:00-07:00
base,ARU_GROUP,2027,8,PAYROLL-base-202708-BST,base-ARU_GROUP-2027-001660,WAGE-base-base-ARU_GROUP-2027-001660,BST,WAGE-base-base-ARU_GROUP-2027-001660-EMP-046,EMP-046,,Mow employee,1,1,8045,8045,MODELED_CENSUS_ROLE_ALLOCATION_NOT_INDIVIDUAL_PAYSLIP,FORECAST,PUBLIC_SYNTHETIC_PLANNING_MODEL,2026-09-06T00:00:00-07:00
base,ARU_GROUP,2027,8,PAYROLL-base-202708-BST,base-ARU_GROUP-2027-001660,WAGE-base-base-ARU_GROUP-2027-001660,BST,WAGE-base-base-ARU_GROUP-2027-001660-EMP-047,EMP-047,,Mow employee,1,1,8045,8045,MODELED_CENSUS_ROLE_ALLOCATION_NOT_INDIVIDUAL_PAYSLIP,FORECAST,PUBLIC_SYNTHETIC_PLANNING_MODEL,2026-09-06T00:00:00-07:00
base,ARU_GROUP,2027,8,PAYROLL-base-202708-BST,base-ARU_GROUP-2027-001660,WAGE-base-base-ARU_GROUP-2027-001660,BST,WAGE-base-base-ARU_GROUP-2027-001660-EMP-048,EMP-048,,Mow employee,1,1,8045,8045,MODELED_CENSUS_ROLE_ALLOCATION_NOT_INDIVIDUAL_PAYSLIP,FORECAST,PUBLIC_SYNTHETIC_PLANNING_MODEL,2026-09-06T00:00:00-07:00
base,ARU_GROUP,2027,8,PAYROLL-base-202708-BST,base-ARU_GROUP-2027-001660,WAGE-base-base-ARU_GROUP-2027-001660,BST,WAGE-base-base-ARU_GROUP-2027-001660-EMP-049,EMP-049,,Mow employee,1,1,8045,8045,MODELED_CENSUS_ROLE_ALLOCATION_NOT_INDIVIDUAL_PAYSLIP,FORECAST,PUBLIC_SYNTHETIC_PLANNING_MODEL,2026-09-06T00:00:00-07:00
base,ARU_GROUP,2027,8,PAYROLL-base-202708-BST,base-ARU_GROUP-2027-001660,WAGE-base-base-ARU_GROUP-2027-001660,BST,WAGE-base-base-ARU_GROUP-2027-001660-EMP-050,EMP-050,,Mechanical employee,1,1,8620,8620,MODELED_CENSUS_ROLE_ALLOCATION_NOT_INDIVIDUAL_PAYSLIP,FORECAST,PUBLIC_SYNTHETIC_PLANNING_MODEL,2026-09-06T00:00:00-07:00
base,ARU_GROUP,2027,8,PAYROLL-base-202708-BST,base-ARU_GROUP-2027-001660,WAGE-base-base-ARU_GROUP-2027-001660,BST,WAGE-base-base-ARU_GROUP-2027-001660-EMP-051,EMP-051,,Mechanical employee,1,1,8620,8620,MODELED_CENSUS_ROLE_ALLOCATION_NOT_INDIVIDUAL_PAYSLIP,FORECAST,PUBLIC_SYNTHETIC_PLANNING_MODEL,2026-09-06T00:00:00-07:00
base,ARU_GROUP,2027,8,PAYROLL-base-202708-BST,base-ARU_GROUP-2027-001660,WAGE-base-base-ARU_GROUP-2027-001660,BST,WAGE-base-base-ARU_GROUP-2027-001660-EMP-052,EMP-052,,Mechanical employee,1,1,8620,8620,MODELED_CENSUS_ROLE_ALLOCATION_NOT_INDIVIDUAL_PAYSLIP,FORECAST,PUBLIC_SYNTHETIC_PLANNING_MODEL,2026-09-06T00:00:00-07:00
base,ARU_GROUP,2027,8,PAYROLL-base-202708-BST,base-ARU_GROUP-2027-001660,WAGE-base-base-ARU_GROUP-2027-001660,BST,WAGE-base-base-ARU_GROUP-2027-001660-EMP-053,EMP-053,,Mechanical employee,1,1,8620,8620,MODELED_CENSUS_ROLE_ALLOCATION_NOT_INDIVIDUAL_PAYSLIP,FORECAST,PUBLIC_SYNTHETIC_PLANNING_MODEL,2026-09-06T00:00:00-07:00
base,ARU_GROUP,2027,8,PAYROLL-base-202708-BST,base-ARU_GROUP-2027-001660,WAGE-base-base-ARU_GROUP-2027-001660,BST,WAGE-base-base-ARU_GROUP-2027-001660-EMP-054,EMP-054,,Mechanical employee,1,1,8620,8620,MODELED_CENSUS_ROLE_ALLOCATION_NOT_INDIVIDUAL_PAYSLIP,FORECAST,PUBLIC_SYNTHETIC_PLANNING_MODEL,2026-09-06T00:00:00-07:00
base,ARU_GROUP,2027,8,PAYROLL-base-202708-BST,base-ARU_GROUP-2027-001660,WAGE-base-base-ARU_GROUP-2027-001660,BST,WAGE-base-base-ARU_GROUP-2027-001660-EMP-055,EMP-055,,Mechanical employee,1,1,8620,8620,MODELED_CENSUS_ROLE_ALLOCATION_NOT_INDIVIDUAL_PAYSLIP,FORECAST,PUBLIC_SYNTHETIC_PLANNING_MODEL,2026-09-06T00:00:00-07:00
base,ARU_GROUP,2027,8,PAYROLL-base-202708-BST,base-ARU_GROUP-2027-001660,WAGE-base-base-ARU_GROUP-2027-001660,BST,WAGE-base-base-ARU_GROUP-2027-001660-EMP-056,EMP-056,,Mechanical employee,1,1,8620,8620,MODELED_CENSUS_ROLE_ALLOCATION_NOT_INDIVIDUAL_PAYSLIP,FORECAST,PUBLIC_SYNTHETIC_PLANNING_MODEL,2026-09-06T00:00:00-07:00
base,ARU_GROUP,2027,8,PAYROLL-base-202708-BST,base-ARU_GROUP-2027-001660,WAGE-base-base-ARU_GROUP-2027-001660,BST,WAGE-base-base-ARU_GROUP-2027-001660-EMP-057,EMP-057,,Operations employee,1,1,8045,8045,MODELED_CENSUS_ROLE_ALLOCATION_NOT_INDIVIDUAL_PAYSLIP,FORECAST,PUBLIC_SYNTHETIC_PLANNING_MODEL,2026-09-06T00:00:00-07:00
base,ARU_GROUP,2027,8,PAYROLL-base-202708-BST,base-ARU_GROUP-2027-001660,WAGE-base-base-ARU_GROUP-2027-001660,BST,WAGE-base-base-ARU_GROUP-2027-001660-EMP-058,EMP-058,,Operations employee,1,1,8045,8045,MODELED_CENSUS_ROLE_ALLOCATION_NOT_INDIVIDUAL_PAYSLIP,FORECAST,PUBLIC_SYNTHETIC_PLANNING_MODEL,2026-09-06T00:00:00-07:00
base,ARU_GROUP,2027,8,PAYROLL-base-202708-BST,base-ARU_GROUP-2027-001660,WAGE-base-base-ARU_GROUP-2027-001660,BST,WAGE-base-base-ARU_GROUP-2027-001660-EMP-059,EMP-059,,Operations employee,1,1,8045,8045,MODELED_CENSUS_ROLE_ALLOCATION_NOT_INDIVIDUAL_PAYSLIP,FORECAST,PUBLIC_SYNTHETIC_PLANNING_MODEL,2026-09-06T00:00:00-07:00
base,ARU_GROUP,2027,8,PAYROLL-base-202708-BST,base-ARU_GROUP-2027-001660,WAGE-base-base-ARU_GROUP-2027-001660,BST,WAGE-base-base-ARU_GROUP-2027-001660-EMP-060,EMP-060,,Operations employee,1,1,8045,8045,MODELED_CENSUS_ROLE_ALLOCATION_NOT_INDIVIDUAL_PAYSLIP,FORECAST,PUBLIC_SYNTHETIC_PLANNING_MODEL,2026-09-06T00:00:00-07:00
base,ARU_GROUP,2027,8,PAYROLL-base-202708-BST,base-ARU_GROUP-2027-001660,WAGE-base-base-ARU_GROUP-2027-001660,BST,WAGE-base-base-ARU_GROUP-2027-001660-EMP-061,EMP-061,,Operations employee,1,1,8045,8045,MODELED_CENSUS_ROLE_ALLOCATION_NOT_INDIVIDUAL_PAYSLIP,FORECAST,PUBLIC_SYNTHETIC_PLANNING_MODEL,2026-09-06T00:00:00-07:00
base,ARU_GROUP,2027,8,PAYROLL-base-202708-BST,base-ARU_GROUP-2027-001660,WAGE-base-base-ARU_GROUP-2027-001660,BST,WAGE-base-base-ARU_GROUP-2027-001660-EMP-062,EMP-062,,Safety employee,1,1,8620,8620,MODELED_CENSUS_ROLE_ALLOCATION_NOT_INDIVIDUAL_PAYSLIP,FORECAST,PUBLIC_SYNTHETIC_PLANNING_MODEL,2026-09-06T00:00:00-07:00
base,ARU_GROUP,2027,8,PAYROLL-base-202708-BST,base-ARU_GROUP-2027-001660,WAGE-base-base-ARU_GROUP-2027-001660,BST,WAGE-base-base-ARU_GROUP-2027-001660-EMP-063,EMP-063,,Safety employee,1,1,8620,8620,MODELED_CENSUS_ROLE_ALLOCATION_NOT_INDIVIDUAL_PAYSLIP,FORECAST,PUBLIC_SYNTHETIC_PLANNING_MODEL,2026-09-06T00:00:00-07:00
base,ARU_GROUP,2027,8,PAYROLL-base-202708-BST,base-ARU_GROUP-2027-001660,WAGE-base-base-ARU_GROUP-2027-001660,BST,WAGE-base-base-ARU_GROUP-2027-001660-EMP-064,EMP-064,,Management employee,1,1,8620,8620,MODELED_CENSUS_ROLE_ALLOCATION_NOT_INDIVIDUAL_PAYSLIP,FORECAST,PUBLIC_SYNTHETIC_PLANNING_MODEL,2026-09-06T00:00:00-07:00
base,ARU_GROUP,2027,8,PAYROLL-base-202708-BST,base-ARU_GROUP-2027-001660,WAGE-base-base-ARU_GROUP-2027-001660,BST,WAGE-base-base-ARU_GROUP-2027-001660-EMP-065,EMP-065,,Management employee,1,1,8620,8620,MODELED_CENSUS_ROLE_ALLOCATION_NOT_INDIVIDUAL_PAYSLIP,FORECAST,PUBLIC_SYNTHETIC_PLANNING_MODEL,2026-09-06T00:00:00-07:00
base,ARU_GROUP,2027,8,PAYROLL-base-202708-BST,base-ARU_GROUP-2027-001660,WAGE-base-base-ARU_GROUP-2027-001660,BST,WAGE-base-base-ARU_GROUP-2027-001660-EMP-066,EMP-066,,Management employee,1,1,8620,8620,MODELED_CENSUS_ROLE_ALLOCATION_NOT_INDIVIDUAL_PAYSLIP,FORECAST,PUBLIC_SYNTHETIC_PLANNING_MODEL,2026-09-06T00:00:00-07:00
base,ARU_GROUP,2027,8,PAYROLL-base-202708-BST,base-ARU_GROUP-2027-001660,WAGE-base-base-ARU_GROUP-2027-001660,BST,WAGE-base-base-ARU_GROUP-2027-001660-EMP-067,EMP-067,,Management employee,1,1,8620,8620,MODELED_CENSUS_ROLE_ALLOCATION_NOT_INDIVIDUAL_PAYSLIP,FORECAST,PUBLIC_SYNTHETIC_PLANNING_MODEL,2026-09-06T00:00:00-07:00
base,ARU_GROUP,2027,8,PAYROLL-base-202708-BST,base-ARU_GROUP-2027-001660,WAGE-base-base-ARU_GROUP-2027-001660,BST,WAGE-base-base-ARU_GROUP-2027-001660-EMP-068,EMP-068,,Management employee,1,1,8620,8620,MODELED_CENSUS_ROLE_ALLOCATION_NOT_INDIVIDUAL_PAYSLIP,FORECAST,PUBLIC_SYNTHETIC_PLANNING_MODEL,2026-09-06T00:00:00-07:00
base,ARU_GROUP,2027,8,PAYROLL-base-202708-BST,base-ARU_GROUP-2027-001660,WAGE-base-base-ARU_GROUP-2027-001660,BST,WAGE-base-base-ARU_GROUP-2027-001660-EMP-069,EMP-069,,Management employee,1,1,8620,8620,MODELED_CENSUS_ROLE_ALLOCATION_NOT_INDIVIDUAL_PAYSLIP,FORECAST,PUBLIC_SYNTHETIC_PLANNING_MODEL,2026-09-06T00:00:00-07:00
base,ARU_GROUP,2027,8,PAYROLL-base-202708-BST,base-ARU_GROUP-2027-001660,WAGE-base-base-ARU_GROUP-2027-001660,BST,WAGE-base-base-ARU_GROUP-2027-001660-EMP-070,EMP-070,,Management employee,1,1,8620,8620,MODELED_CENSUS_ROLE_ALLOCATION_NOT_INDIVIDUAL_PAYSLIP,FORECAST,PUBLIC_SYNTHETIC_PLANNING_MODEL,2026-09-06T00:00:00-07:00
base,ARU_GROUP,2027,8,PAYROLL-base-202708-BST,base-ARU_GROUP-2027-001660,WAGE-base-base-ARU_GROUP-2027-001660,BST,WAGE-base-base-ARU_GROUP-2027-001660-EMP-071,EMP-071,,Management employee,1,1,8619,8619,MODELED_CENSUS_ROLE_ALLOCATION_NOT_INDIVIDUAL_PAYSLIP,FORECAST,PUBLIC_SYNTHETIC_PLANNING_MODEL,2026-09-06T00:00:00-07:00
base,ARU_GROUP,2027,8,PAYROLL-base-202708-TERMINALS,base-ARU_GROUP-2027-001667,WAGE-base-base-ARU_GROUP-2027-001667,TERMINALS,WAGE-base-base-ARU_GROUP-2027-001667-EMP-012,EMP-012,,Terminal Manager,1,1,15515,15515,MODELED_CENSUS_ROLE_ALLOCATION_NOT_INDIVIDUAL_PAYSLIP,FORECAST,PUBLIC_SYNTHETIC_PLANNING_MODEL,2026-09-06T00:00:00-07:00
base,ARU_GROUP,2027,8,PAYROLL-base-202708-TERMINALS,base-ARU_GROUP-2027-001667,WAGE-base-base-ARU_GROUP-2027-001667,TERMINALS,WAGE-base-base-ARU_GROUP-2027-001667-EMP-072,EMP-072,,Terminal employee,1,1,7126,7126,MODELED_CENSUS_ROLE_ALLOCATION_NOT_INDIVIDUAL_PAYSLIP,FORECAST,PUBLIC_SYNTHETIC_PLANNING_MODEL,2026-09-06T00:00:00-07:00
base,ARU_GROUP,2027,8,PAYROLL-base-202708-TERMINALS,base-ARU_GROUP-2027-001667,WAGE-base-base-ARU_GROUP-2027-001667,TERMINALS,WAGE-base-base-ARU_GROUP-2027-001667-EMP-073,EMP-073,,Terminal employee,1,1,7126,7126,MODELED_CENSUS_ROLE_ALLOCATION_NOT_INDIVIDUAL_PAYSLIP,FORECAST,PUBLIC_SYNTHETIC_PLANNING_MODEL,2026-09-06T00:00:00-07:00
base,ARU_GROUP,2027,8,PAYROLL-base-202708-TERMINALS,base-ARU_GROUP-2027-001667,WAGE-base-base-ARU_GROUP-2027-001667,TERMINALS,WAGE-base-base-ARU_GROUP-2027-001667-EMP-074,EMP-074,,Terminal employee,1,1,7126,7126,MODELED_CENSUS_ROLE_ALLOCATION_NOT_INDIVIDUAL_PAYSLIP,FORECAST,PUBLIC_SYNTHETIC_PLANNING_MODEL,2026-09-06T00:00:00-07:00
base,ARU_GROUP,2027,8,PAYROLL-base-202708-TERMINALS,base-ARU_GROUP-2027-001667,WAGE-base-base-ARU_GROUP-2027-001667,TERMINALS,WAGE-base-base-ARU_GROUP-2027-001667-EMP-075,EMP-075,,Terminal employee,1,1,7126,7126,MODELED_CENSUS_ROLE_ALLOCATION_NOT_INDIVIDUAL_PAYSLIP,FORECAST,PUBLIC_SYNTHETIC_PLANNING_MODEL,2026-09-06T00:00:00-07:00
base,ARU_GROUP,2027,8,PAYROLL-base-202708-TERMINALS,base-ARU_GROUP-2027-001667,WAGE-base-base-ARU_GROUP-2027-001667,TERMINALS,WAGE-base-base-ARU_GROUP-2027-001667-EMP-076,EMP-076,,Terminal employee,1,1,7126,7126,MODELED_CENSUS_ROLE_ALLOCATION_NOT_INDIVIDUAL_PAYSLIP,FORECAST,PUBLIC_SYNTHETIC_PLANNING_MODEL,2026-09-06T00:00:00-07:00
base,ARU_GROUP,2027,8,PAYROLL-base-202708-TERMINALS,base-ARU_GROUP-2027-001667,WAGE-base-base-ARU_GROUP-2027-001667,TERMINALS,WAGE-base-base-ARU_GROUP-2027-001667-EMP-077,EMP-077,,Terminal employee,1,1,7126,7126,MODELED_CENSUS_ROLE_ALLOCATION_NOT_INDIVIDUAL_PAYSLIP,FORECAST,PUBLIC_SYNTHETIC_PLANNING_MODEL,2026-09-06T00:00:00-07:00
base,ARU_GROUP,2027,8,PAYROLL-base-202708-TERMINALS,base-ARU_GROUP-2027-001667,WAGE-base-base-ARU_GROUP-2027-001667,TERMINALS,WAGE-base-base-ARU_GROUP-2027-001667-EMP-078,EMP-078,,Terminal employee,1,1,7126,7126,MODELED_CENSUS_ROLE_ALLOCATION_NOT_INDIVIDUAL_PAYSLIP,FORECAST,PUBLIC_SYNTHETIC_PLANNING_MODEL,2026-09-06T00:00:00-07:00
base,ARU_GROUP,2027,8,PAYROLL-base-202708-TERMINALS,base-ARU_GROUP-2027-001667,WAGE-base-base-ARU_GROUP-2027-001667,TERMINALS,WAGE-base-base-ARU_GROUP-2027-001667-EMP-079,EMP-079,,Terminal employee,1,1,7126,7126,MODELED_CENSUS_ROLE_ALLOCATION_NOT_INDIVIDUAL_PAYSLIP,FORECAST,PUBLIC_SYNTHETIC_PLANNING_MODEL,2026-09-06T00:00:00-07:00
base,ARU_GROUP,2027,8,PAYROLL-base-202708-TERMINALS,base-ARU_GROUP-2027-001667,WAGE-base-base-ARU_GROUP-2027-001667,TERMINALS,WAGE-base-base-ARU_GROUP-2027-001667-EMP-080,EMP-080,,Terminal employee,1,1,7126,7126,MODELED_CENSUS_ROLE_ALLOCATION_NOT_INDIVIDUAL_PAYSLIP,FORECAST,PUBLIC_SYNTHETIC_PLANNING_MODEL,2026-09-06T00:00:00-07:00
base,ARU_GROUP,2027,8,PAYROLL-base-202708-TERMINALS,base-ARU_GROUP-2027-001667,WAGE-base-base-ARU_GROUP-2027-001667,TERMINALS,WAGE-base-base-ARU_GROUP-2027-001667-EMP-081,EMP-081,,Terminal employee,1,1,7126,7126,MODELED_CENSUS_ROLE_ALLOCATION_NOT_INDIVIDUAL_PAYSLIP,FORECAST,PUBLIC_SYNTHETIC_PLANNING_MODEL,2026-09-06T00:00:00-07:00
base,ARU_GROUP,2027,8,PAYROLL-base-202708-TERMINALS,base-ARU_GROUP-2027-001667,WAGE-base-base-ARU_GROUP-2027-001667,TERMINALS,WAGE-base-base-ARU_GROUP-2027-001667-EMP-082,EMP-082,,Terminal employee,1,1,7126,7126,MODELED_CENSUS_ROLE_ALLOCATION_NOT_INDIVIDUAL_PAYSLIP,FORECAST,PUBLIC_SYNTHETIC_PLANNING_MODEL,2026-09-06T00:00:00-07:00
base,ARU_GROUP,2027,8,PAYROLL-base-202708-TERMINALS,base-ARU_GROUP-2027-001667,WAGE-base-base-ARU_GROUP-2027-001667,TERMINALS,WAGE-base-base-ARU_GROUP-2027-001667-EMP-083,EMP-083,,Terminal employee,1,1,7126,7126,MODELED_CENSUS_ROLE_ALLOCATION_NOT_INDIVIDUAL_PAYSLIP,FORECAST,PUBLIC_SYNTHETIC_PLANNING_MODEL,2026-09-06T00:00:00-07:00
base,ARU_GROUP,2027,8,PAYROLL-base-202708-TERMINALS,base-ARU_GROUP-2027-001667,WAGE-base-base-ARU_GROUP-2027-001667,TERMINALS,WAGE-base-base-ARU_GROUP-2027-001667-EMP-084,EMP-084,,Terminal employee,1,1,7126,7126,MODELED_CENSUS_ROLE_ALLOCATION_NOT_INDIVIDUAL_PAYSLIP,FORECAST,PUBLIC_SYNTHETIC_PLANNING_MODEL,2026-09-06T00:00:00-07:00
base,ARU_GROUP,2027,8,PAYROLL-base-202708-TERMINALS,base-ARU_GROUP-2027-001667,WAGE-base-base-ARU_GROUP-2027-001667,TERMINALS,WAGE-base-base-ARU_GROUP-2027-001667-EMP-085,EMP-085,,Terminal employee,1,1,7126,7126,MODELED_CENSUS_ROLE_ALLOCATION_NOT_INDIVIDUAL_PAYSLIP,FORECAST,PUBLIC_SYNTHETIC_PLANNING_MODEL,2026-09-06T00:00:00-07:00
base,ARU_GROUP,2027,8,PAYROLL-base-202708-TERMINALS,base-ARU_GROUP-2027-001667,WAGE-base-base-ARU_GROUP-2027-001667,TERMINALS,WAGE-base-base-ARU_GROUP-2027-001667-EMP-086,EMP-086,,Terminal employee,1,1,7126,7126,MODELED_CENSUS_ROLE_ALLOCATION_NOT_INDIVIDUAL_PAYSLIP,FORECAST,PUBLIC_SYNTHETIC_PLANNING_MODEL,2026-09-06T00:00:00-07:00
base,ARU_GROUP,2027,8,PAYROLL-base-202708-TERMINALS,base-ARU_GROUP-2027-001667,WAGE-base-base-ARU_GROUP-2027-001667,TERMINALS,WAGE-base-base-ARU_GROUP-2027-001667-EMP-087,EMP-087,,Terminal employee,1,1,7126,7126,MODELED_CENSUS_ROLE_ALLOCATION_NOT_INDIVIDUAL_PAYSLIP,FORECAST,PUBLIC_SYNTHETIC_PLANNING_MODEL,2026-09-06T00:00:00-07:00
base,ARU_GROUP,2027,8,PAYROLL-base-202708-TERMINALS,base-ARU_GROUP-2027-001667,WAGE-base-base-ARU_GROUP-2027-001667,TERMINALS,WAGE-base-base-ARU_GROUP-2027-001667-EMP-088,EMP-088,,Terminal employee,1,1,7126,7126,MODELED_CENSUS_ROLE_ALLOCATION_NOT_INDIVIDUAL_PAYSLIP,FORECAST,PUBLIC_SYNTHETIC_PLANNING_MODEL,2026-09-06T00:00:00-07:00
base,ARU_GROUP,2027,8,PAYROLL-base-202708-TERMINALS,base-ARU_GROUP-2027-001667,WAGE-base-base-ARU_GROUP-2027-001667,TERMINALS,WAGE-base-base-ARU_GROUP-2027-001667-EMP-089,EMP-089,,Terminal employee,1,1,7126,7126,MODELED_CENSUS_ROLE_ALLOCATION_NOT_INDIVIDUAL_PAYSLIP,FORECAST,PUBLIC_SYNTHETIC_PLANNING_MODEL,2026-09-06T00:00:00-07:00
base,ARU_GROUP,2027,8,PAYROLL-base-202708-TERMINALS,base-ARU_GROUP-2027-001667,WAGE-base-base-ARU_GROUP-2027-001667,TERMINALS,WAGE-base-base-ARU_GROUP-2027-001667-EMP-090,EMP-090,,Terminal employee,1,1,7126,7126,MODELED_CENSUS_ROLE_ALLOCATION_NOT_INDIVIDUAL_PAYSLIP,FORECAST,PUBLIC_SYNTHETIC_PLANNING_MODEL,2026-09-06T00:00:00-07:00
base,ARU_GROUP,2027,8,PAYROLL-base-202708-TERMINALS,base-ARU_GROUP-2027-001667,WAGE-base-base-ARU_GROUP-2027-001667,TERMINALS,WAGE-base-base-ARU_GROUP-2027-001667-EMP-091,EMP-091,,Terminal employee,1,1,7125,7125,MODELED_CENSUS_ROLE_ALLOCATION_NOT_INDIVIDUAL_PAYSLIP,FORECAST,PUBLIC_SYNTHETIC_PLANNING_MODEL,2026-09-06T00:00:00-07:00
base,ARU_GROUP,2027,8,PAYROLL-base-202708-TERMINALS,base-ARU_GROUP-2027-001667,WAGE-base-base-ARU_GROUP-2027-001667,TERMINALS,WAGE-base-base-ARU_GROUP-2027-001667-EMP-092,EMP-092,,Terminal employee,1,1,7125,7125,MODELED_CENSUS_ROLE_ALLOCATION_NOT_INDIVIDUAL_PAYSLIP,FORECAST,PUBLIC_SYNTHETIC_PLANNING_MODEL,2026-09-06T00:00:00-07:00
base,ARU_GROUP,2027,8,PAYROLL-base-202708-TERMINALS,base-ARU_GROUP-2027-001667,WAGE-base-base-ARU_GROUP-2027-001667,TERMINALS,WAGE-base-base-ARU_GROUP-2027-001667-EMP-093,EMP-093,,Terminal employee,1,1,7125,7125,MODELED_CENSUS_ROLE_ALLOCATION_NOT_INDIVIDUAL_PAYSLIP,FORECAST,PUBLIC_SYNTHETIC_PLANNING_MODEL,2026-09-06T00:00:00-07:00
base,ARU_GROUP,2027,8,PAYROLL-base-202708-TERMINALS,base-ARU_GROUP-2027-001667,WAGE-base-base-ARU_GROUP-2027-001667,TERMINALS,WAGE-base-base-ARU_GROUP-2027-001667-EMP-094,EMP-094,,Terminal employee,1,1,7125,7125,MODELED_CENSUS_ROLE_ALLOCATION_NOT_INDIVIDUAL_PAYSLIP,FORECAST,PUBLIC_SYNTHETIC_PLANNING_MODEL,2026-09-06T00:00:00-07:00
base,ARU_GROUP,2027,8,PAYROLL-base-202708-TERMINALS,base-ARU_GROUP-2027-001667,WAGE-base-base-ARU_GROUP-2027-001667,TERMINALS,WAGE-base-base-ARU_GROUP-2027-001667-EMP-095,EMP-095,,Terminal employee,1,1,7125,7125,MODELED_CENSUS_ROLE_ALLOCATION_NOT_INDIVIDUAL_PAYSLIP,FORECAST,PUBLIC_SYNTHETIC_PLANNING_MODEL,2026-09-06T00:00:00-07:00
base,ARU_GROUP,2027,8,PAYROLL-base-202708-TERMINALS,base-ARU_GROUP-2027-001667,WAGE-base-base-ARU_GROUP-2027-001667,TERMINALS,WAGE-base-base-ARU_GROUP-2027-001667-EMP-096,EMP-096,,Terminal employee,1,1,7125,7125,MODELED_CENSUS_ROLE_ALLOCATION_NOT_INDIVIDUAL_PAYSLIP,FORECAST,PUBLIC_SYNTHETIC_PLANNING_MODEL,2026-09-06T00:00:00-07:00
base,ARU_GROUP,2027,8,PAYROLL-base-202708-TERMINALS,base-ARU_GROUP-2027-001667,WAGE-base-base-ARU_GROUP-2027-001667,TERMINALS,WAGE-base-base-ARU_GROUP-2027-001667-EMP-097,EMP-097,,Terminal employee,1,1,7125,7125,MODELED_CENSUS_ROLE_ALLOCATION_NOT_INDIVIDUAL_PAYSLIP,FORECAST,PUBLIC_SYNTHETIC_PLANNING_MODEL,2026-09-06T00:00:00-07:00
base,ARU_GROUP,2027,8,PAYROLL-base-202708-TRUCKING,base-ARU_GROUP-2027-001674,WAGE-base-base-ARU_GROUP-2027-001674,TRUCKING,WAGE-base-base-ARU_GROUP-2027-001674-EMP-013,EMP-013,,Trucking Manager,1,1,14367,14367,MODELED_CENSUS_ROLE_ALLOCATION_NOT_INDIVIDUAL_PAYSLIP,FORECAST,PUBLIC_SYNTHETIC_PLANNING_MODEL,2026-09-06T00:00:00-07:00
base,ARU_GROUP,2027,8,PAYROLL-base-202708-TRUCKING,base-ARU_GROUP-2027-001674,WAGE-base-base-ARU_GROUP-2027-001674,TRUCKING,WAGE-base-base-ARU_GROUP-2027-001674-EMP-098,EMP-098,,Qualified regional industrial driver,1,1,7816,7816,MODELED_CENSUS_ROLE_ALLOCATION_NOT_INDIVIDUAL_PAYSLIP,FORECAST,PUBLIC_SYNTHETIC_PLANNING_MODEL,2026-09-06T00:00:00-07:00
base,ARU_GROUP,2027,8,PAYROLL-base-202708-TRUCKING,base-ARU_GROUP-2027-001674,WAGE-base-base-ARU_GROUP-2027-001674,TRUCKING,WAGE-base-base-ARU_GROUP-2027-001674-EMP-099,EMP-099,,Qualified regional industrial driver,1,1,7816,7816,MODELED_CENSUS_ROLE_ALLOCATION_NOT_INDIVIDUAL_PAYSLIP,FORECAST,PUBLIC_SYNTHETIC_PLANNING_MODEL,2026-09-06T00:00:00-07:00
base,ARU_GROUP,2027,8,PAYROLL-base-202708-TRUCKING,base-ARU_GROUP-2027-001674,WAGE-base-base-ARU_GROUP-2027-001674,TRUCKING,WAGE-base-base-ARU_GROUP-2027-001674-EMP-100,EMP-100,,Qualified regional industrial driver,1,1,7816,7816,MODELED_CENSUS_ROLE_ALLOCATION_NOT_INDIVIDUAL_PAYSLIP,FORECAST,PUBLIC_SYNTHETIC_PLANNING_MODEL,2026-09-06T00:00:00-07:00
base,ARU_GROUP,2027,8,PAYROLL-base-202708-TRUCKING,base-ARU_GROUP-2027-001674,WAGE-base-base-ARU_GROUP-2027-001674,TRUCKING,WAGE-base-base-ARU_GROUP-2027-001674-EMP-101,EMP-101,,Qualified regional industrial driver,1,1,7816,7816,MODELED_CENSUS_ROLE_ALLOCATION_NOT_INDIVIDUAL_PAYSLIP,FORECAST,PUBLIC_SYNTHETIC_PLANNING_MODEL,2026-09-06T00:00:00-07:00
base,ARU_GROUP,2027,8,PAYROLL-base-202708-TRUCKING,base-ARU_GROUP-2027-001674,WAGE-base-base-ARU_GROUP-2027-001674,TRUCKING,WAGE-base-base-ARU_GROUP-2027-001674-EMP-102,EMP-102,,Qualified regional industrial driver,1,1,7816,7816,MODELED_CENSUS_ROLE_ALLOCATION_NOT_INDIVIDUAL_PAYSLIP,FORECAST,PUBLIC_SYNTHETIC_PLANNING_MODEL,2026-09-06T00:00:00-07:00
base,ARU_GROUP,2027,8,PAYROLL-base-202708-TRUCKING,base-ARU_GROUP-2027-001674,WAGE-base-base-ARU_GROUP-2027-001674,TRUCKING,WAGE-base-base-ARU_GROUP-2027-001674-EMP-103,EMP-103,,Qualified regional industrial driver,1,1,7816,7816,MODELED_CENSUS_ROLE_ALLOCATION_NOT_INDIVIDUAL_PAYSLIP,FORECAST,PUBLIC_SYNTHETIC_PLANNING_MODEL,2026-09-06T00:00:00-07:00
base,ARU_GROUP,2027,8,PAYROLL-base-202708-TRUCKING,base-ARU_GROUP-2027-001674,WAGE-base-base-ARU_GROUP-2027-001674,TRUCKING,WAGE-base-base-ARU_GROUP-2027-001674-EMP-104,EMP-104,,Qualified regional industrial driver,1,1,7815,7815,MODELED_CENSUS_ROLE_ALLOCATION_NOT_INDIVIDUAL_PAYSLIP,FORECAST,PUBLIC_SYNTHETIC_PLANNING_MODEL,2026-09-06T00:00:00-07:00
base,ARU_GROUP,2027,8,PAYROLL-base-202708-TRUCKING,base-ARU_GROUP-2027-001674,WAGE-base-base-ARU_GROUP-2027-001674,TRUCKING,WAGE-base-base-ARU_GROUP-2027-001674-EMP-105,EMP-105,,Qualified regional industrial driver,1,1,7815,7815,MODELED_CENSUS_ROLE_ALLOCATION_NOT_INDIVIDUAL_PAYSLIP,FORECAST,PUBLIC_SYNTHETIC_PLANNING_MODEL,2026-09-06T00:00:00-07:00
base,ARU_GROUP,2027,8,PAYROLL-base-202708-TRUCKING,base-ARU_GROUP-2027-001674,WAGE-base-base-ARU_GROUP-2027-001674,TRUCKING,WAGE-base-base-ARU_GROUP-2027-001674-EMP-106,EMP-106,,Qualified regional industrial driver,1,1,7815,7815,MODELED_CENSUS_ROLE_ALLOCATION_NOT_INDIVIDUAL_PAYSLIP,FORECAST,PUBLIC_SYNTHETIC_PLANNING_MODEL,2026-09-06T00:00:00-07:00
base,ARU_GROUP,2027,8,PAYROLL-base-202708-TRUCKING,base-ARU_GROUP-2027-001674,WAGE-base-base-ARU_GROUP-2027-001674,TRUCKING,WAGE-base-base-ARU_GROUP-2027-001674-EMP-107,EMP-107,,Qualified regional industrial driver,1,1,7815,7815,MODELED_CENSUS_ROLE_ALLOCATION_NOT_INDIVIDUAL_PAYSLIP,FORECAST,PUBLIC_SYNTHETIC_PLANNING_MODEL,2026-09-06T00:00:00-07:00
base,ARU_GROUP,2027,8,PAYROLL-base-202708-TRUCKING,base-ARU_GROUP-2027-001674,WAGE-base-base-ARU_GROUP-2027-001674,TRUCKING,WAGE-base-base-ARU_GROUP-2027-001674-EMP-108,EMP-108,,Qualified regional industrial driver,1,1,7815,7815,MODELED_CENSUS_ROLE_ALLOCATION_NOT_INDIVIDUAL_PAYSLIP,FORECAST,PUBLIC_SYNTHETIC_PLANNING_MODEL,2026-09-06T00:00:00-07:00
base,ARU_GROUP,2027,8,PAYROLL-base-202708-TRUCKING,base-ARU_GROUP-2027-001674,WAGE-base-base-ARU_GROUP-2027-001674,TRUCKING,WAGE-base-base-ARU_GROUP-2027-001674-EMP-109,EMP-109,,Qualified regional industrial driver,1,1,7815,7815,MODELED_CENSUS_ROLE_ALLOCATION_NOT_INDIVIDUAL_PAYSLIP,FORECAST,PUBLIC_SYNTHETIC_PLANNING_MODEL,2026-09-06T00:00:00-07:00
base,ARU_GROUP,2027,8,PAYROLL-base-202708-TRUCKING,base-ARU_GROUP-2027-001674,WAGE-base-base-ARU_GROUP-2027-001674,TRUCKING,WAGE-base-base-ARU_GROUP-2027-001674-EMP-110,EMP-110,,Qualified regional industrial driver,1,1,7815,7815,MODELED_CENSUS_ROLE_ALLOCATION_NOT_INDIVIDUAL_PAYSLIP,FORECAST,PUBLIC_SYNTHETIC_PLANNING_MODEL,2026-09-06T00:00:00-07:00
base,ARU_GROUP,2027,8,PAYROLL-base-202708-TRUCKING,base-ARU_GROUP-2027-001674,WAGE-base-base-ARU_GROUP-2027-001674,TRUCKING,WAGE-base-base-ARU_GROUP-2027-001674-EMP-111,EMP-111,,Qualified regional industrial driver,1,1,7815,7815,MODELED_CENSUS_ROLE_ALLOCATION_NOT_INDIVIDUAL_PAYSLIP,FORECAST,PUBLIC_SYNTHETIC_PLANNING_MODEL,2026-09-06T00:00:00-07:00
base,ARU_GROUP,2027,8,PAYROLL-base-202708-TRUCKING,base-ARU_GROUP-2027-001674,WAGE-base-base-ARU_GROUP-2027-001674,TRUCKING,WAGE-base-base-ARU_GROUP-2027-001674-EMP-112,EMP-112,,Qualified regional industrial driver,1,1,7815,7815,MODELED_CENSUS_ROLE_ALLOCATION_NOT_INDIVIDUAL_PAYSLIP,FORECAST,PUBLIC_SYNTHETIC_PLANNING_MODEL,2026-09-06T00:00:00-07:00
base,ARU_GROUP,2027,8,PAYROLL-base-202708-TRUCKING,base-ARU_GROUP-2027-001674,WAGE-base-base-ARU_GROUP-2027-001674,TRUCKING,WAGE-base-base-ARU_GROUP-2027-001674-EMP-113,EMP-113,,Qualified regional industrial driver,1,1,7815,7815,MODELED_CENSUS_ROLE_ALLOCATION_NOT_INDIVIDUAL_PAYSLIP,FORECAST,PUBLIC_SYNTHETIC_PLANNING_MODEL,2026-09-06T00:00:00-07:00
base,ARU_GROUP,2027,8,PAYROLL-base-202708-TRUCKING,base-ARU_GROUP-2027-001674,WAGE-base-base-ARU_GROUP-2027-001674,TRUCKING,WAGE-base-base-ARU_GROUP-2027-001674-EMP-114,EMP-114,,Qualified regional industrial driver,1,1,7815,7815,MODELED_CENSUS_ROLE_ALLOCATION_NOT_INDIVIDUAL_PAYSLIP,FORECAST,PUBLIC_SYNTHETIC_PLANNING_MODEL,2026-09-06T00:00:00-07:00
base,ARU_GROUP,2027,8,PAYROLL-base-202708-TRUCKING,base-ARU_GROUP-2027-001674,WAGE-base-base-ARU_GROUP-2027-001674,TRUCKING,WAGE-base-base-ARU_GROUP-2027-001674-EMP-115,EMP-115,,Qualified regional industrial driver,1,1,7815,7815,MODELED_CENSUS_ROLE_ALLOCATION_NOT_INDIVIDUAL_PAYSLIP,FORECAST,PUBLIC_SYNTHETIC_PLANNING_MODEL,2026-09-06T00:00:00-07:00
base,ARU_GROUP,2027,8,PAYROLL-base-202708-TRUCKING,base-ARU_GROUP-2027-001674,WAGE-base-base-ARU_GROUP-2027-001674,TRUCKING,WAGE-base-base-ARU_GROUP-2027-001674-EMP-116,EMP-116,,Qualified regional industrial driver,1,1,7815,7815,MODELED_CENSUS_ROLE_ALLOCATION_NOT_INDIVIDUAL_PAYSLIP,FORECAST,PUBLIC_SYNTHETIC_PLANNING_MODEL,2026-09-06T00:00:00-07:00
base,ARU_GROUP,2027,8,PAYROLL-base-202708-TRUCKING,base-ARU_GROUP-2027-001674,WAGE-base-base-ARU_GROUP-2027-001674,TRUCKING,WAGE-base-base-ARU_GROUP-2027-001674-EMP-117,EMP-117,,Qualified regional industrial driver,1,1,7815,7815,MODELED_CENSUS_ROLE_ALLOCATION_NOT_INDIVIDUAL_PAYSLIP,FORECAST,PUBLIC_SYNTHETIC_PLANNING_MODEL,2026-09-06T00:00:00-07:00
base,ARU_GROUP,2027,8,PAYROLL-base-202708-TRUCKING,base-ARU_GROUP-2027-001674,WAGE-base-base-ARU_GROUP-2027-001674,TRUCKING,WAGE-base-base-ARU_GROUP-2027-001674-EMP-118,EMP-118,,Truck dispatcher,1,1,7815,7815,MODELED_CENSUS_ROLE_ALLOCATION_NOT_INDIVIDUAL_PAYSLIP,FORECAST,PUBLIC_SYNTHETIC_PLANNING_MODEL,2026-09-06T00:00:00-07:00
base,ARU_GROUP,2027,8,PAYROLL-base-202708-TRUCKING,base-ARU_GROUP-2027-001674,WAGE-base-base-ARU_GROUP-2027-001674,TRUCKING,WAGE-base-base-ARU_GROUP-2027-001674-EMP-119,EMP-119,,Truck fleet mechanic,1,1,7815,7815,MODELED_CENSUS_ROLE_ALLOCATION_NOT_INDIVIDUAL_PAYSLIP,FORECAST,PUBLIC_SYNTHETIC_PLANNING_MODEL,2026-09-06T00:00:00-07:00
base,ARU_GROUP,2027,8,PAYROLL-base-202708-TRUCKING,base-ARU_GROUP-2027-001674,WAGE-base-base-ARU_GROUP-2027-001674,TRUCKING,WAGE-base-base-ARU_GROUP-2027-001674-EMP-120,EMP-120,,Truck fleet mechanic,1,1,7815,7815,MODELED_CENSUS_ROLE_ALLOCATION_NOT_INDIVIDUAL_PAYSLIP,FORECAST,PUBLIC_SYNTHETIC_PLANNING_MODEL,2026-09-06T00:00:00-07:00
base,ARU_GROUP,2027,8,PAYROLL-base-202708-WAREHOUSE,base-ARU_GROUP-2027-001681,WAGE-base-base-ARU_GROUP-2027-001681,WAREHOUSE,WAGE-base-base-ARU_GROUP-2027-001681-EMP-014,EMP-014,,Warehouse Manager,1,1,13792,13792,MODELED_CENSUS_ROLE_ALLOCATION_NOT_INDIVIDUAL_PAYSLIP,FORECAST,PUBLIC_SYNTHETIC_PLANNING_MODEL,2026-09-06T00:00:00-07:00
base,ARU_GROUP,2027,8,PAYROLL-base-202708-WAREHOUSE,base-ARU_GROUP-2027-001681,WAGE-base-base-ARU_GROUP-2027-001681,WAREHOUSE,WAGE-base-base-ARU_GROUP-2027-001681-EMP-121,EMP-121,,Warehouse employee,1,1,7126,7126,MODELED_CENSUS_ROLE_ALLOCATION_NOT_INDIVIDUAL_PAYSLIP,FORECAST,PUBLIC_SYNTHETIC_PLANNING_MODEL,2026-09-06T00:00:00-07:00
base,ARU_GROUP,2027,8,PAYROLL-base-202708-WAREHOUSE,base-ARU_GROUP-2027-001681,WAGE-base-base-ARU_GROUP-2027-001681,WAREHOUSE,WAGE-base-base-ARU_GROUP-2027-001681-EMP-122,EMP-122,,Warehouse employee,1,1,7126,7126,MODELED_CENSUS_ROLE_ALLOCATION_NOT_INDIVIDUAL_PAYSLIP,FORECAST,PUBLIC_SYNTHETIC_PLANNING_MODEL,2026-09-06T00:00:00-07:00
base,ARU_GROUP,2027,8,PAYROLL-base-202708-WAREHOUSE,base-ARU_GROUP-2027-001681,WAGE-base-base-ARU_GROUP-2027-001681,WAREHOUSE,WAGE-base-base-ARU_GROUP-2027-001681-EMP-123,EMP-123,,Warehouse employee,1,1,7126,7126,MODELED_CENSUS_ROLE_ALLOCATION_NOT_INDIVIDUAL_PAYSLIP,FORECAST,PUBLIC_SYNTHETIC_PLANNING_MODEL,2026-09-06T00:00:00-07:00
base,ARU_GROUP,2027,8,PAYROLL-base-202708-WAREHOUSE,base-ARU_GROUP-2027-001681,WAGE-base-base-ARU_GROUP-2027-001681,WAREHOUSE,WAGE-base-base-ARU_GROUP-2027-001681-EMP-124,EMP-124,,Warehouse employee,1,1,7126,7126,MODELED_CENSUS_ROLE_ALLOCATION_NOT_INDIVIDUAL_PAYSLIP,FORECAST,PUBLIC_SYNTHETIC_PLANNING_MODEL,2026-09-06T00:00:00-07:00
base,ARU_GROUP,2027,8,PAYROLL-base-202708-WAREHOUSE,base-ARU_GROUP-2027-001681,WAGE-base-base-ARU_GROUP-2027-001681,WAREHOUSE,WAGE-base-base-ARU_GROUP-2027-001681-EMP-125,EMP-125,,Warehouse employee,1,1,7126,7126,MODELED_CENSUS_ROLE_ALLOCATION_NOT_INDIVIDUAL_PAYSLIP,FORECAST,PUBLIC_SYNTHETIC_PLANNING_MODEL,2026-09-06T00:00:00-07:00
base,ARU_GROUP,2027,8,PAYROLL-base-202708-WAREHOUSE,base-ARU_GROUP-2027-001681,WAGE-base-base-ARU_GROUP-2027-001681,WAREHOUSE,WAGE-base-base-ARU_GROUP-2027-001681-EMP-126,EMP-126,,Warehouse employee,1,1,7126,7126,MODELED_CENSUS_ROLE_ALLOCATION_NOT_INDIVIDUAL_PAYSLIP,FORECAST,PUBLIC_SYNTHETIC_PLANNING_MODEL,2026-09-06T00:00:00-07:00
base,ARU_GROUP,2027,8,PAYROLL-base-202708-WAREHOUSE,base-ARU_GROUP-2027-001681,WAGE-base-base-ARU_GROUP-2027-001681,WAREHOUSE,WAGE-base-base-ARU_GROUP-2027-001681-EMP-127,EMP-127,,Warehouse employee,1,1,7126,7126,MODELED_CENSUS_ROLE_ALLOCATION_NOT_INDIVIDUAL_PAYSLIP,FORECAST,PUBLIC_SYNTHETIC_PLANNING_MODEL,2026-09-06T00:00:00-07:00
base,ARU_GROUP,2027,8,PAYROLL-base-202708-WAREHOUSE,base-ARU_GROUP-2027-001681,WAGE-base-base-ARU_GROUP-2027-001681,WAREHOUSE,WAGE-base-base-ARU_GROUP-2027-001681-EMP-128,EMP-128,,Warehouse employee,1,1,7126,7126,MODELED_CENSUS_ROLE_ALLOCATION_NOT_INDIVIDUAL_PAYSLIP,FORECAST,PUBLIC_SYNTHETIC_PLANNING_MODEL,2026-09-06T00:00:00-07:00
base,ARU_GROUP,2027,8,PAYROLL-base-202708-WAREHOUSE,base-ARU_GROUP-2027-001681,WAGE-base-base-ARU_GROUP-2027-001681,WAREHOUSE,WAGE-base-base-ARU_GROUP-2027-001681-EMP-129,EMP-129,,Warehouse employee,1,1,7125,7125,MODELED_CENSUS_ROLE_ALLOCATION_NOT_INDIVIDUAL_PAYSLIP,FORECAST,PUBLIC_SYNTHETIC_PLANNING_MODEL,2026-09-06T00:00:00-07:00
base,ARU_GROUP,2027,8,PAYROLL-base-202708-WAREHOUSE,base-ARU_GROUP-2027-001681,WAGE-base-base-ARU_GROUP-2027-001681,WAREHOUSE,WAGE-base-base-ARU_GROUP-2027-001681-EMP-130,EMP-130,,Warehouse employee,1,1,7125,7125,MODELED_CENSUS_ROLE_ALLOCATION_NOT_INDIVIDUAL_PAYSLIP,FORECAST,PUBLIC_SYNTHETIC_PLANNING_MODEL,2026-09-06T00:00:00-07:00
base,ARU_GROUP,2027,8,PAYROLL-base-202708-WAREHOUSE,base-ARU_GROUP-2027-001681,WAGE-base-base-ARU_GROUP-2027-001681,WAREHOUSE,WAGE-base-base-ARU_GROUP-2027-001681-EMP-131,EMP-131,,Warehouse employee,1,1,7125,7125,MODELED_CENSUS_ROLE_ALLOCATION_NOT_INDIVIDUAL_PAYSLIP,FORECAST,PUBLIC_SYNTHETIC_PLANNING_MODEL,2026-09-06T00:00:00-07:00
base,ARU_GROUP,2027,8,PAYROLL-base-202708-ARU,base-ARU_GROUP-2027-001688,WAGE-base-base-ARU_GROUP-2027-001688,ARU,WAGE-base-base-ARU_GROUP-2027-001688-EMP-001,EMP-001,,President and COO,1,1,27583,27583,MODELED_CENSUS_ROLE_ALLOCATION_NOT_INDIVIDUAL_PAYSLIP,FORECAST,PUBLIC_SYNTHETIC_PLANNING_MODEL,2026-09-06T00:00:00-07:00
base,ARU_GROUP,2027,8,PAYROLL-base-202708-ARU,base-ARU_GROUP-2027-001688,WAGE-base-base-ARU_GROUP-2027-001688,ARU,WAGE-base-base-ARU_GROUP-2027-001688-EMP-002,EMP-002,,Director Industrial Operations,1,1,20113,20113,MODELED_CENSUS_ROLE_ALLOCATION_NOT_INDIVIDUAL_PAYSLIP,FORECAST,PUBLIC_SYNTHETIC_PLANNING_MODEL,2026-09-06T00:00:00-07:00
base,ARU_GROUP,2027,8,PAYROLL-base-202708-ARU,base-ARU_GROUP-2027-001688,WAGE-base-base-ARU_GROUP-2027-001688,ARU,WAGE-base-base-ARU_GROUP-2027-001688-EMP-003,EMP-003,,Controller,1,1,18964,18964,MODELED_CENSUS_ROLE_ALLOCATION_NOT_INDIVIDUAL_PAYSLIP,FORECAST,PUBLIC_SYNTHETIC_PLANNING_MODEL,2026-09-06T00:00:00-07:00
base,ARU_GROUP,2027,8,PAYROLL-base-202708-ARU,base-ARU_GROUP-2027-001688,WAGE-base-base-ARU_GROUP-2027-001688,ARU,WAGE-base-base-ARU_GROUP-2027-001688-EMP-004,EMP-004,,Director Safety and Environment,1,1,17814,17814,MODELED_CENSUS_ROLE_ALLOCATION_NOT_INDIVIDUAL_PAYSLIP,FORECAST,PUBLIC_SYNTHETIC_PLANNING_MODEL,2026-09-06T00:00:00-07:00
base,ARU_GROUP,2027,8,PAYROLL-base-202708-ARU,base-ARU_GROUP-2027-001688,WAGE-base-base-ARU_GROUP-2027-001688,ARU,WAGE-base-base-ARU_GROUP-2027-001688-EMP-005,EMP-005,,People and Administration Manager,1,1,13217,13217,MODELED_CENSUS_ROLE_ALLOCATION_NOT_INDIVIDUAL_PAYSLIP,FORECAST,PUBLIC_SYNTHETIC_PLANNING_MODEL,2026-09-06T00:00:00-07:00
base,ARU_GROUP,2027,8,PAYROLL-base-202708-ARU,base-ARU_GROUP-2027-001688,WAGE-base-base-ARU_GROUP-2027-001688,ARU,WAGE-base-base-ARU_GROUP-2027-001688-EMP-006,EMP-006,,Procurement and Systems Manager,1,1,13217,13217,MODELED_CENSUS_ROLE_ALLOCATION_NOT_INDIVIDUAL_PAYSLIP,FORECAST,PUBLIC_SYNTHETIC_PLANNING_MODEL,2026-09-06T00:00:00-07:00
base,ARU_GROUP,2027,8,PAYROLL-base-202708-ARU,base-ARU_GROUP-2027-001688,WAGE-base-base-ARU_GROUP-2027-001688,ARU,WAGE-base-base-ARU_GROUP-2027-001688-EMP-015,EMP-015,,Corporate employee,1,1,8275,8275,MODELED_CENSUS_ROLE_ALLOCATION_NOT_INDIVIDUAL_PAYSLIP,FORECAST,PUBLIC_SYNTHETIC_PLANNING_MODEL,2026-09-06T00:00:00-07:00
base,ARU_GROUP,2027,8,PAYROLL-base-202708-ARU,base-ARU_GROUP-2027-001688,WAGE-base-base-ARU_GROUP-2027-001688,ARU,WAGE-base-base-ARU_GROUP-2027-001688-EMP-016,EMP-016,,Corporate employee,1,1,8275,8275,MODELED_CENSUS_ROLE_ALLOCATION_NOT_INDIVIDUAL_PAYSLIP,FORECAST,PUBLIC_SYNTHETIC_PLANNING_MODEL,2026-09-06T00:00:00-07:00
base,ARU_GROUP,2027,8,PAYROLL-base-202708-ARU,base-ARU_GROUP-2027-001688,WAGE-base-base-ARU_GROUP-2027-001688,ARU,WAGE-base-base-ARU_GROUP-2027-001688-EMP-017,EMP-017,,Corporate employee,1,1,8275,8275,MODELED_CENSUS_ROLE_ALLOCATION_NOT_INDIVIDUAL_PAYSLIP,FORECAST,PUBLIC_SYNTHETIC_PLANNING_MODEL,2026-09-06T00:00:00-07:00
base,ARU_GROUP,2027,8,PAYROLL-base-202708-ARU,base-ARU_GROUP-2027-001688,WAGE-base-base-ARU_GROUP-2027-001688,ARU,WAGE-base-base-ARU_GROUP-2027-001688-EMP-018,EMP-018,,Corporate employee,1,1,8275,8275,MODELED_CENSUS_ROLE_ALLOCATION_NOT_INDIVIDUAL_PAYSLIP,FORECAST,PUBLIC_SYNTHETIC_PLANNING_MODEL,2026-09-06T00:00:00-07:00
base,ARU_GROUP,2027,9,PAYROLL-base-202709-BST,base-ARU_GROUP-2027-001914,WAGE-base-base-ARU_GROUP-2027-001914,BST,WAGE-base-base-ARU_GROUP-2027-001914-EMP-007,EMP-007,,General Manager,1,1,21837,21837,MODELED_CENSUS_ROLE_ALLOCATION_NOT_INDIVIDUAL_PAYSLIP,FORECAST,PUBLIC_SYNTHETIC_PLANNING_MODEL,2026-09-06T00:00:00-07:00
base,ARU_GROUP,2027,9,PAYROLL-base-202709-BST,base-ARU_GROUP-2027-001914,WAGE-base-base-ARU_GROUP-2027-001914,BST,WAGE-base-base-ARU_GROUP-2027-001914-EMP-008,EMP-008,,Operations and Dispatch Manager,1,1,14366,14366,MODELED_CENSUS_ROLE_ALLOCATION_NOT_INDIVIDUAL_PAYSLIP,FORECAST,PUBLIC_SYNTHETIC_PLANNING_MODEL,2026-09-06T00:00:00-07:00
base,ARU_GROUP,2027,9,PAYROLL-base-202709-BST,base-ARU_GROUP-2027-001914,WAGE-base-base-ARU_GROUP-2027-001914,BST,WAGE-base-base-ARU_GROUP-2027-001914-EMP-009,EMP-009,,Working MOW Foreman,1,1,11493,11493,MODELED_CENSUS_ROLE_ALLOCATION_NOT_INDIVIDUAL_PAYSLIP,FORECAST,PUBLIC_SYNTHETIC_PLANNING_MODEL,2026-09-06T00:00:00-07:00
base,ARU_GROUP,2027,9,PAYROLL-base-202709-BST,base-ARU_GROUP-2027-001914,WAGE-base-base-ARU_GROUP-2027-001914,BST,WAGE-base-base-ARU_GROUP-2027-001914-EMP-010,EMP-010,,Mechanical Foreman,1,1,12642,12642,MODELED_CENSUS_ROLE_ALLOCATION_NOT_INDIVIDUAL_PAYSLIP,FORECAST,PUBLIC_SYNTHETIC_PLANNING_MODEL,2026-09-06T00:00:00-07:00
base,ARU_GROUP,2027,9,PAYROLL-base-202709-BST,base-ARU_GROUP-2027-001914,WAGE-base-base-ARU_GROUP-2027-001914,BST,WAGE-base-base-ARU_GROUP-2027-001914-EMP-011,EMP-011,,Safety and Compliance Manager,1,1,12067,12067,MODELED_CENSUS_ROLE_ALLOCATION_NOT_INDIVIDUAL_PAYSLIP,FORECAST,PUBLIC_SYNTHETIC_PLANNING_MODEL,2026-09-06T00:00:00-07:00
base,ARU_GROUP,2027,9,PAYROLL-base-202709-BST,base-ARU_GROUP-2027-001914,WAGE-base-base-ARU_GROUP-2027-001914,BST,WAGE-base-base-ARU_GROUP-2027-001914-EMP-019,EMP-019,,Train Engine employee,1,1,8390,8390,MODELED_CENSUS_ROLE_ALLOCATION_NOT_INDIVIDUAL_PAYSLIP,FORECAST,PUBLIC_SYNTHETIC_PLANNING_MODEL,2026-09-06T00:00:00-07:00
base,ARU_GROUP,2027,9,PAYROLL-base-202709-BST,base-ARU_GROUP-2027-001914,WAGE-base-base-ARU_GROUP-2027-001914,BST,WAGE-base-base-ARU_GROUP-2027-001914-EMP-020,EMP-020,,Train Engine employee,1,1,8390,8390,MODELED_CENSUS_ROLE_ALLOCATION_NOT_INDIVIDUAL_PAYSLIP,FORECAST,PUBLIC_SYNTHETIC_PLANNING_MODEL,2026-09-06T00:00:00-07:00
base,ARU_GROUP,2027,9,PAYROLL-base-202709-BST,base-ARU_GROUP-2027-001914,WAGE-base-base-ARU_GROUP-2027-001914,BST,WAGE-base-base-ARU_GROUP-2027-001914-EMP-021,EMP-021,,Train Engine employee,1,1,8390,8390,MODELED_CENSUS_ROLE_ALLOCATION_NOT_INDIVIDUAL_PAYSLIP,FORECAST,PUBLIC_SYNTHETIC_PLANNING_MODEL,2026-09-06T00:00:00-07:00
base,ARU_GROUP,2027,9,PAYROLL-base-202709-BST,base-ARU_GROUP-2027-001914,WAGE-base-base-ARU_GROUP-2027-001914,BST,WAGE-base-base-ARU_GROUP-2027-001914-EMP-022,EMP-022,,Train Engine employee,1,1,8390,8390,MODELED_CENSUS_ROLE_ALLOCATION_NOT_INDIVIDUAL_PAYSLIP,FORECAST,PUBLIC_SYNTHETIC_PLANNING_MODEL,2026-09-06T00:00:00-07:00
base,ARU_GROUP,2027,9,PAYROLL-base-202709-BST,base-ARU_GROUP-2027-001914,WAGE-base-base-ARU_GROUP-2027-001914,BST,WAGE-base-base-ARU_GROUP-2027-001914-EMP-023,EMP-023,,Train Engine employee,1,1,8390,8390,MODELED_CENSUS_ROLE_ALLOCATION_NOT_INDIVIDUAL_PAYSLIP,FORECAST,PUBLIC_SYNTHETIC_PLANNING_MODEL,2026-09-06T00:00:00-07:00
base,ARU_GROUP,2027,9,PAYROLL-base-202709-BST,base-ARU_GROUP-2027-001914,WAGE-base-base-ARU_GROUP-2027-001914,BST,WAGE-base-base-ARU_GROUP-2027-001914-EMP-024,EMP-024,,Train Engine employee,1,1,8390,8390,MODELED_CENSUS_ROLE_ALLOCATION_NOT_INDIVIDUAL_PAYSLIP,FORECAST,PUBLIC_SYNTHETIC_PLANNING_MODEL,2026-09-06T00:00:00-07:00
base,ARU_GROUP,2027,9,PAYROLL-base-202709-BST,base-ARU_GROUP-2027-001914,WAGE-base-base-ARU_GROUP-2027-001914,BST,WAGE-base-base-ARU_GROUP-2027-001914-EMP-025,EMP-025,,Train Engine employee,1,1,8390,8390,MODELED_CENSUS_ROLE_ALLOCATION_NOT_INDIVIDUAL_PAYSLIP,FORECAST,PUBLIC_SYNTHETIC_PLANNING_MODEL,2026-09-06T00:00:00-07:00
base,ARU_GROUP,2027,9,PAYROLL-base-202709-BST,base-ARU_GROUP-2027-001914,WAGE-base-base-ARU_GROUP-2027-001914,BST,WAGE-base-base-ARU_GROUP-2027-001914-EMP-026,EMP-026,,Train Engine employee,1,1,8390,8390,MODELED_CENSUS_ROLE_ALLOCATION_NOT_INDIVIDUAL_PAYSLIP,FORECAST,PUBLIC_SYNTHETIC_PLANNING_MODEL,2026-09-06T00:00:00-07:00
base,ARU_GROUP,2027,9,PAYROLL-base-202709-BST,base-ARU_GROUP-2027-001914,WAGE-base-base-ARU_GROUP-2027-001914,BST,WAGE-base-base-ARU_GROUP-2027-001914-EMP-027,EMP-027,,Train Engine employee,1,1,8390,8390,MODELED_CENSUS_ROLE_ALLOCATION_NOT_INDIVIDUAL_PAYSLIP,FORECAST,PUBLIC_SYNTHETIC_PLANNING_MODEL,2026-09-06T00:00:00-07:00
base,ARU_GROUP,2027,9,PAYROLL-base-202709-BST,base-ARU_GROUP-2027-001914,WAGE-base-base-ARU_GROUP-2027-001914,BST,WAGE-base-base-ARU_GROUP-2027-001914-EMP-028,EMP-028,,Train Engine employee,1,1,8390,8390,MODELED_CENSUS_ROLE_ALLOCATION_NOT_INDIVIDUAL_PAYSLIP,FORECAST,PUBLIC_SYNTHETIC_PLANNING_MODEL,2026-09-06T00:00:00-07:00
base,ARU_GROUP,2027,9,PAYROLL-base-202709-BST,base-ARU_GROUP-2027-001914,WAGE-base-base-ARU_GROUP-2027-001914,BST,WAGE-base-base-ARU_GROUP-2027-001914-EMP-029,EMP-029,,Train Engine employee,1,1,8390,8390,MODELED_CENSUS_ROLE_ALLOCATION_NOT_INDIVIDUAL_PAYSLIP,FORECAST,PUBLIC_SYNTHETIC_PLANNING_MODEL,2026-09-06T00:00:00-07:00
base,ARU_GROUP,2027,9,PAYROLL-base-202709-BST,base-ARU_GROUP-2027-001914,WAGE-base-base-ARU_GROUP-2027-001914,BST,WAGE-base-base-ARU_GROUP-2027-001914-EMP-030,EMP-030,,Train Engine employee,1,1,8390,8390,MODELED_CENSUS_ROLE_ALLOCATION_NOT_INDIVIDUAL_PAYSLIP,FORECAST,PUBLIC_SYNTHETIC_PLANNING_MODEL,2026-09-06T00:00:00-07:00
base,ARU_GROUP,2027,9,PAYROLL-base-202709-BST,base-ARU_GROUP-2027-001914,WAGE-base-base-ARU_GROUP-2027-001914,BST,WAGE-base-base-ARU_GROUP-2027-001914-EMP-031,EMP-031,,Train Engine employee,1,1,8390,8390,MODELED_CENSUS_ROLE_ALLOCATION_NOT_INDIVIDUAL_PAYSLIP,FORECAST,PUBLIC_SYNTHETIC_PLANNING_MODEL,2026-09-06T00:00:00-07:00
base,ARU_GROUP,2027,9,PAYROLL-base-202709-BST,base-ARU_GROUP-2027-001914,WAGE-base-base-ARU_GROUP-2027-001914,BST,WAGE-base-base-ARU_GROUP-2027-001914-EMP-032,EMP-032,,Train Engine employee,1,1,8390,8390,MODELED_CENSUS_ROLE_ALLOCATION_NOT_INDIVIDUAL_PAYSLIP,FORECAST,PUBLIC_SYNTHETIC_PLANNING_MODEL,2026-09-06T00:00:00-07:00
base,ARU_GROUP,2027,9,PAYROLL-base-202709-BST,base-ARU_GROUP-2027-001914,WAGE-base-base-ARU_GROUP-2027-001914,BST,WAGE-base-base-ARU_GROUP-2027-001914-EMP-033,EMP-033,,Train Engine employee,1,1,8390,8390,MODELED_CENSUS_ROLE_ALLOCATION_NOT_INDIVIDUAL_PAYSLIP,FORECAST,PUBLIC_SYNTHETIC_PLANNING_MODEL,2026-09-06T00:00:00-07:00
base,ARU_GROUP,2027,9,PAYROLL-base-202709-BST,base-ARU_GROUP-2027-001914,WAGE-base-base-ARU_GROUP-2027-001914,BST,WAGE-base-base-ARU_GROUP-2027-001914-EMP-034,EMP-034,,Train Engine employee,1,1,8390,8390,MODELED_CENSUS_ROLE_ALLOCATION_NOT_INDIVIDUAL_PAYSLIP,FORECAST,PUBLIC_SYNTHETIC_PLANNING_MODEL,2026-09-06T00:00:00-07:00
base,ARU_GROUP,2027,9,PAYROLL-base-202709-BST,base-ARU_GROUP-2027-001914,WAGE-base-base-ARU_GROUP-2027-001914,BST,WAGE-base-base-ARU_GROUP-2027-001914-EMP-035,EMP-035,,Train Engine employee,1,1,8390,8390,MODELED_CENSUS_ROLE_ALLOCATION_NOT_INDIVIDUAL_PAYSLIP,FORECAST,PUBLIC_SYNTHETIC_PLANNING_MODEL,2026-09-06T00:00:00-07:00
base,ARU_GROUP,2027,9,PAYROLL-base-202709-BST,base-ARU_GROUP-2027-001914,WAGE-base-base-ARU_GROUP-2027-001914,BST,WAGE-base-base-ARU_GROUP-2027-001914-EMP-036,EMP-036,,Train Engine employee,1,1,8390,8390,MODELED_CENSUS_ROLE_ALLOCATION_NOT_INDIVIDUAL_PAYSLIP,FORECAST,PUBLIC_SYNTHETIC_PLANNING_MODEL,2026-09-06T00:00:00-07:00
base,ARU_GROUP,2027,9,PAYROLL-base-202709-BST,base-ARU_GROUP-2027-001914,WAGE-base-base-ARU_GROUP-2027-001914,BST,WAGE-base-base-ARU_GROUP-2027-001914-EMP-037,EMP-037,,Train Engine employee,1,1,8390,8390,MODELED_CENSUS_ROLE_ALLOCATION_NOT_INDIVIDUAL_PAYSLIP,FORECAST,PUBLIC_SYNTHETIC_PLANNING_MODEL,2026-09-06T00:00:00-07:00
base,ARU_GROUP,2027,9,PAYROLL-base-202709-BST,base-ARU_GROUP-2027-001914,WAGE-base-base-ARU_GROUP-2027-001914,BST,WAGE-base-base-ARU_GROUP-2027-001914-EMP-038,EMP-038,,Train Engine employee,1,1,8390,8390,MODELED_CENSUS_ROLE_ALLOCATION_NOT_INDIVIDUAL_PAYSLIP,FORECAST,PUBLIC_SYNTHETIC_PLANNING_MODEL,2026-09-06T00:00:00-07:00
base,ARU_GROUP,2027,9,PAYROLL-base-202709-BST,base-ARU_GROUP-2027-001914,WAGE-base-base-ARU_GROUP-2027-001914,BST,WAGE-base-base-ARU_GROUP-2027-001914-EMP-039,EMP-039,,Train Engine employee,1,1,8390,8390,MODELED_CENSUS_ROLE_ALLOCATION_NOT_INDIVIDUAL_PAYSLIP,FORECAST,PUBLIC_SYNTHETIC_PLANNING_MODEL,2026-09-06T00:00:00-07:00
base,ARU_GROUP,2027,9,PAYROLL-base-202709-BST,base-ARU_GROUP-2027-001914,WAGE-base-base-ARU_GROUP-2027-001914,BST,WAGE-base-base-ARU_GROUP-2027-001914-EMP-040,EMP-040,,Train Engine employee,1,1,8390,8390,MODELED_CENSUS_ROLE_ALLOCATION_NOT_INDIVIDUAL_PAYSLIP,FORECAST,PUBLIC_SYNTHETIC_PLANNING_MODEL,2026-09-06T00:00:00-07:00
base,ARU_GROUP,2027,9,PAYROLL-base-202709-BST,base-ARU_GROUP-2027-001914,WAGE-base-base-ARU_GROUP-2027-001914,BST,WAGE-base-base-ARU_GROUP-2027-001914-EMP-041,EMP-041,,Mow employee,1,1,8045,8045,MODELED_CENSUS_ROLE_ALLOCATION_NOT_INDIVIDUAL_PAYSLIP,FORECAST,PUBLIC_SYNTHETIC_PLANNING_MODEL,2026-09-06T00:00:00-07:00
base,ARU_GROUP,2027,9,PAYROLL-base-202709-BST,base-ARU_GROUP-2027-001914,WAGE-base-base-ARU_GROUP-2027-001914,BST,WAGE-base-base-ARU_GROUP-2027-001914-EMP-042,EMP-042,,Mow employee,1,1,8045,8045,MODELED_CENSUS_ROLE_ALLOCATION_NOT_INDIVIDUAL_PAYSLIP,FORECAST,PUBLIC_SYNTHETIC_PLANNING_MODEL,2026-09-06T00:00:00-07:00
base,ARU_GROUP,2027,9,PAYROLL-base-202709-BST,base-ARU_GROUP-2027-001914,WAGE-base-base-ARU_GROUP-2027-001914,BST,WAGE-base-base-ARU_GROUP-2027-001914-EMP-043,EMP-043,,Mow employee,1,1,8045,8045,MODELED_CENSUS_ROLE_ALLOCATION_NOT_INDIVIDUAL_PAYSLIP,FORECAST,PUBLIC_SYNTHETIC_PLANNING_MODEL,2026-09-06T00:00:00-07:00
base,ARU_GROUP,2027,9,PAYROLL-base-202709-BST,base-ARU_GROUP-2027-001914,WAGE-base-base-ARU_GROUP-2027-001914,BST,WAGE-base-base-ARU_GROUP-2027-001914-EMP-044,EMP-044,,Mow employee,1,1,8045,8045,MODELED_CENSUS_ROLE_ALLOCATION_NOT_INDIVIDUAL_PAYSLIP,FORECAST,PUBLIC_SYNTHETIC_PLANNING_MODEL,2026-09-06T00:00:00-07:00
base,ARU_GROUP,2027,9,PAYROLL-base-202709-BST,base-ARU_GROUP-2027-001914,WAGE-base-base-ARU_GROUP-2027-001914,BST,WAGE-base-base-ARU_GROUP-2027-001914-EMP-045,EMP-045,,Mow employee,1,1,8045,8045,MODELED_CENSUS_ROLE_ALLOCATION_NOT_INDIVIDUAL_PAYSLIP,FORECAST,PUBLIC_SYNTHETIC_PLANNING_MODEL,2026-09-06T00:00:00-07:00
base,ARU_GROUP,2027,9,PAYROLL-base-202709-BST,base-ARU_GROUP-2027-001914,WAGE-base-base-ARU_GROUP-2027-001914,BST,WAGE-base-base-ARU_GROUP-2027-001914-EMP-046,EMP-046,,Mow employee,1,1,8045,8045,MODELED_CENSUS_ROLE_ALLOCATION_NOT_INDIVIDUAL_PAYSLIP,FORECAST,PUBLIC_SYNTHETIC_PLANNING_MODEL,2026-09-06T00:00:00-07:00
base,ARU_GROUP,2027,9,PAYROLL-base-202709-BST,base-ARU_GROUP-2027-001914,WAGE-base-base-ARU_GROUP-2027-001914,BST,WAGE-base-base-ARU_GROUP-2027-001914-EMP-047,EMP-047,,Mow employee,1,1,8045,8045,MODELED_CENSUS_ROLE_ALLOCATION_NOT_INDIVIDUAL_PAYSLIP,FORECAST,PUBLIC_SYNTHETIC_PLANNING_MODEL,2026-09-06T00:00:00-07:00
base,ARU_GROUP,2027,9,PAYROLL-base-202709-BST,base-ARU_GROUP-2027-001914,WAGE-base-base-ARU_GROUP-2027-001914,BST,WAGE-base-base-ARU_GROUP-2027-001914-EMP-048,EMP-048,,Mow employee,1,1,8045,8045,MODELED_CENSUS_ROLE_ALLOCATION_NOT_INDIVIDUAL_PAYSLIP,FORECAST,PUBLIC_SYNTHETIC_PLANNING_MODEL,2026-09-06T00:00:00-07:00
base,ARU_GROUP,2027,9,PAYROLL-base-202709-BST,base-ARU_GROUP-2027-001914,WAGE-base-base-ARU_GROUP-2027-001914,BST,WAGE-base-base-ARU_GROUP-2027-001914-EMP-049,EMP-049,,Mow employee,1,1,8045,8045,MODELED_CENSUS_ROLE_ALLOCATION_NOT_INDIVIDUAL_PAYSLIP,FORECAST,PUBLIC_SYNTHETIC_PLANNING_MODEL,2026-09-06T00:00:00-07:00
base,ARU_GROUP,2027,9,PAYROLL-base-202709-BST,base-ARU_GROUP-2027-001914,WAGE-base-base-ARU_GROUP-2027-001914,BST,WAGE-base-base-ARU_GROUP-2027-001914-EMP-050,EMP-050,,Mechanical employee,1,1,8620,8620,MODELED_CENSUS_ROLE_ALLOCATION_NOT_INDIVIDUAL_PAYSLIP,FORECAST,PUBLIC_SYNTHETIC_PLANNING_MODEL,2026-09-06T00:00:00-07:00
base,ARU_GROUP,2027,9,PAYROLL-base-202709-BST,base-ARU_GROUP-2027-001914,WAGE-base-base-ARU_GROUP-2027-001914,BST,WAGE-base-base-ARU_GROUP-2027-001914-EMP-051,EMP-051,,Mechanical employee,1,1,8620,8620,MODELED_CENSUS_ROLE_ALLOCATION_NOT_INDIVIDUAL_PAYSLIP,FORECAST,PUBLIC_SYNTHETIC_PLANNING_MODEL,2026-09-06T00:00:00-07:00
base,ARU_GROUP,2027,9,PAYROLL-base-202709-BST,base-ARU_GROUP-2027-001914,WAGE-base-base-ARU_GROUP-2027-001914,BST,WAGE-base-base-ARU_GROUP-2027-001914-EMP-052,EMP-052,,Mechanical employee,1,1,8620,8620,MODELED_CENSUS_ROLE_ALLOCATION_NOT_INDIVIDUAL_PAYSLIP,FORECAST,PUBLIC_SYNTHETIC_PLANNING_MODEL,2026-09-06T00:00:00-07:00
base,ARU_GROUP,2027,9,PAYROLL-base-202709-BST,base-ARU_GROUP-2027-001914,WAGE-base-base-ARU_GROUP-2027-001914,BST,WAGE-base-base-ARU_GROUP-2027-001914-EMP-053,EMP-053,,Mechanical employee,1,1,8620,8620,MODELED_CENSUS_ROLE_ALLOCATION_NOT_INDIVIDUAL_PAYSLIP,FORECAST,PUBLIC_SYNTHETIC_PLANNING_MODEL,2026-09-06T00:00:00-07:00
base,ARU_GROUP,2027,9,PAYROLL-base-202709-BST,base-ARU_GROUP-2027-001914,WAGE-base-base-ARU_GROUP-2027-001914,BST,WAGE-base-base-ARU_GROUP-2027-001914-EMP-054,EMP-054,,Mechanical employee,1,1,8620,8620,MODELED_CENSUS_ROLE_ALLOCATION_NOT_INDIVIDUAL_PAYSLIP,FORECAST,PUBLIC_SYNTHETIC_PLANNING_MODEL,2026-09-06T00:00:00-07:00
base,ARU_GROUP,2027,9,PAYROLL-base-202709-BST,base-ARU_GROUP-2027-001914,WAGE-base-base-ARU_GROUP-2027-001914,BST,WAGE-base-base-ARU_GROUP-2027-001914-EMP-055,EMP-055,,Mechanical employee,1,1,8620,8620,MODELED_CENSUS_ROLE_ALLOCATION_NOT_INDIVIDUAL_PAYSLIP,FORECAST,PUBLIC_SYNTHETIC_PLANNING_MODEL,2026-09-06T00:00:00-07:00
base,ARU_GROUP,2027,9,PAYROLL-base-202709-BST,base-ARU_GROUP-2027-001914,WAGE-base-base-ARU_GROUP-2027-001914,BST,WAGE-base-base-ARU_GROUP-2027-001914-EMP-056,EMP-056,,Mechanical employee,1,1,8620,8620,MODELED_CENSUS_ROLE_ALLOCATION_NOT_INDIVIDUAL_PAYSLIP,FORECAST,PUBLIC_SYNTHETIC_PLANNING_MODEL,2026-09-06T00:00:00-07:00
base,ARU_GROUP,2027,9,PAYROLL-base-202709-BST,base-ARU_GROUP-2027-001914,WAGE-base-base-ARU_GROUP-2027-001914,BST,WAGE-base-base-ARU_GROUP-2027-001914-EMP-057,EMP-057,,Operations employee,1,1,8045,8045,MODELED_CENSUS_ROLE_ALLOCATION_NOT_INDIVIDUAL_PAYSLIP,FORECAST,PUBLIC_SYNTHETIC_PLANNING_MODEL,2026-09-06T00:00:00-07:00
base,ARU_GROUP,2027,9,PAYROLL-base-202709-BST,base-ARU_GROUP-2027-001914,WAGE-base-base-ARU_GROUP-2027-001914,BST,WAGE-base-base-ARU_GROUP-2027-001914-EMP-058,EMP-058,,Operations employee,1,1,8045,8045,MODELED_CENSUS_ROLE_ALLOCATION_NOT_INDIVIDUAL_PAYSLIP,FORECAST,PUBLIC_SYNTHETIC_PLANNING_MODEL,2026-09-06T00:00:00-07:00
base,ARU_GROUP,2027,9,PAYROLL-base-202709-BST,base-ARU_GROUP-2027-001914,WAGE-base-base-ARU_GROUP-2027-001914,BST,WAGE-base-base-ARU_GROUP-2027-001914-EMP-059,EMP-059,,Operations employee,1,1,8045,8045,MODELED_CENSUS_ROLE_ALLOCATION_NOT_INDIVIDUAL_PAYSLIP,FORECAST,PUBLIC_SYNTHETIC_PLANNING_MODEL,2026-09-06T00:00:00-07:00
base,ARU_GROUP,2027,9,PAYROLL-base-202709-BST,base-ARU_GROUP-2027-001914,WAGE-base-base-ARU_GROUP-2027-001914,BST,WAGE-base-base-ARU_GROUP-2027-001914-EMP-060,EMP-060,,Operations employee,1,1,8045,8045,MODELED_CENSUS_ROLE_ALLOCATION_NOT_INDIVIDUAL_PAYSLIP,FORECAST,PUBLIC_SYNTHETIC_PLANNING_MODEL,2026-09-06T00:00:00-07:00
base,ARU_GROUP,2027,9,PAYROLL-base-202709-BST,base-ARU_GROUP-2027-001914,WAGE-base-base-ARU_GROUP-2027-001914,BST,WAGE-base-base-ARU_GROUP-2027-001914-EMP-061,EMP-061,,Operations employee,1,1,8045,8045,MODELED_CENSUS_ROLE_ALLOCATION_NOT_INDIVIDUAL_PAYSLIP,FORECAST,PUBLIC_SYNTHETIC_PLANNING_MODEL,2026-09-06T00:00:00-07:00
base,ARU_GROUP,2027,9,PAYROLL-base-202709-BST,base-ARU_GROUP-2027-001914,WAGE-base-base-ARU_GROUP-2027-001914,BST,WAGE-base-base-ARU_GROUP-2027-001914-EMP-062,EMP-062,,Safety employee,1,1,8620,8620,MODELED_CENSUS_ROLE_ALLOCATION_NOT_INDIVIDUAL_PAYSLIP,FORECAST,PUBLIC_SYNTHETIC_PLANNING_MODEL,2026-09-06T00:00:00-07:00
base,ARU_GROUP,2027,9,PAYROLL-base-202709-BST,base-ARU_GROUP-2027-001914,WAGE-base-base-ARU_GROUP-2027-001914,BST,WAGE-base-base-ARU_GROUP-2027-001914-EMP-063,EMP-063,,Safety employee,1,1,8620,8620,MODELED_CENSUS_ROLE_ALLOCATION_NOT_INDIVIDUAL_PAYSLIP,FORECAST,PUBLIC_SYNTHETIC_PLANNING_MODEL,2026-09-06T00:00:00-07:00
base,ARU_GROUP,2027,9,PAYROLL-base-202709-BST,base-ARU_GROUP-2027-001914,WAGE-base-base-ARU_GROUP-2027-001914,BST,WAGE-base-base-ARU_GROUP-2027-001914-EMP-064,EMP-064,,Management employee,1,1,8620,8620,MODELED_CENSUS_ROLE_ALLOCATION_NOT_INDIVIDUAL_PAYSLIP,FORECAST,PUBLIC_SYNTHETIC_PLANNING_MODEL,2026-09-06T00:00:00-07:00
base,ARU_GROUP,2027,9,PAYROLL-base-202709-BST,base-ARU_GROUP-2027-001914,WAGE-base-base-ARU_GROUP-2027-001914,BST,WAGE-base-base-ARU_GROUP-2027-001914-EMP-065,EMP-065,,Management employee,1,1,8620,8620,MODELED_CENSUS_ROLE_ALLOCATION_NOT_INDIVIDUAL_PAYSLIP,FORECAST,PUBLIC_SYNTHETIC_PLANNING_MODEL,2026-09-06T00:00:00-07:00
base,ARU_GROUP,2027,9,PAYROLL-base-202709-BST,base-ARU_GROUP-2027-001914,WAGE-base-base-ARU_GROUP-2027-001914,BST,WAGE-base-base-ARU_GROUP-2027-001914-EMP-066,EMP-066,,Management employee,1,1,8620,8620,MODELED_CENSUS_ROLE_ALLOCATION_NOT_INDIVIDUAL_PAYSLIP,FORECAST,PUBLIC_SYNTHETIC_PLANNING_MODEL,2026-09-06T00:00:00-07:00
base,ARU_GROUP,2027,9,PAYROLL-base-202709-BST,base-ARU_GROUP-2027-001914,WAGE-base-base-ARU_GROUP-2027-001914,BST,WAGE-base-base-ARU_GROUP-2027-001914-EMP-067,EMP-067,,Management employee,1,1,8620,8620,MODELED_CENSUS_ROLE_ALLOCATION_NOT_INDIVIDUAL_PAYSLIP,FORECAST,PUBLIC_SYNTHETIC_PLANNING_MODEL,2026-09-06T00:00:00-07:00
base,ARU_GROUP,2027,9,PAYROLL-base-202709-BST,base-ARU_GROUP-2027-001914,WAGE-base-base-ARU_GROUP-2027-001914,BST,WAGE-base-base-ARU_GROUP-2027-001914-EMP-068,EMP-068,,Management employee,1,1,8620,8620,MODELED_CENSUS_ROLE_ALLOCATION_NOT_INDIVIDUAL_PAYSLIP,FORECAST,PUBLIC_SYNTHETIC_PLANNING_MODEL,2026-09-06T00:00:00-07:00
base,ARU_GROUP,2027,9,PAYROLL-base-202709-BST,base-ARU_GROUP-2027-001914,WAGE-base-base-ARU_GROUP-2027-001914,BST,WAGE-base-base-ARU_GROUP-2027-001914-EMP-069,EMP-069,,Management employee,1,1,8620,8620,MODELED_CENSUS_ROLE_ALLOCATION_NOT_INDIVIDUAL_PAYSLIP,FORECAST,PUBLIC_SYNTHETIC_PLANNING_MODEL,2026-09-06T00:00:00-07:00
base,ARU_GROUP,2027,9,PAYROLL-base-202709-BST,base-ARU_GROUP-2027-001914,WAGE-base-base-ARU_GROUP-2027-001914,BST,WAGE-base-base-ARU_GROUP-2027-001914-EMP-070,EMP-070,,Management employee,1,1,8620,8620,MODELED_CENSUS_ROLE_ALLOCATION_NOT_INDIVIDUAL_PAYSLIP,FORECAST,PUBLIC_SYNTHETIC_PLANNING_MODEL,2026-09-06T00:00:00-07:00
base,ARU_GROUP,2027,9,PAYROLL-base-202709-BST,base-ARU_GROUP-2027-001914,WAGE-base-base-ARU_GROUP-2027-001914,BST,WAGE-base-base-ARU_GROUP-2027-001914-EMP-071,EMP-071,,Management employee,1,1,8619,8619,MODELED_CENSUS_ROLE_ALLOCATION_NOT_INDIVIDUAL_PAYSLIP,FORECAST,PUBLIC_SYNTHETIC_PLANNING_MODEL,2026-09-06T00:00:00-07:00
base,ARU_GROUP,2027,9,PAYROLL-base-202709-TERMINALS,base-ARU_GROUP-2027-001921,WAGE-base-base-ARU_GROUP-2027-001921,TERMINALS,WAGE-base-base-ARU_GROUP-2027-001921-EMP-012,EMP-012,,Terminal Manager,1,1,15515,15515,MODELED_CENSUS_ROLE_ALLOCATION_NOT_INDIVIDUAL_PAYSLIP,FORECAST,PUBLIC_SYNTHETIC_PLANNING_MODEL,2026-09-06T00:00:00-07:00
base,ARU_GROUP,2027,9,PAYROLL-base-202709-TERMINALS,base-ARU_GROUP-2027-001921,WAGE-base-base-ARU_GROUP-2027-001921,TERMINALS,WAGE-base-base-ARU_GROUP-2027-001921-EMP-072,EMP-072,,Terminal employee,1,1,7126,7126,MODELED_CENSUS_ROLE_ALLOCATION_NOT_INDIVIDUAL_PAYSLIP,FORECAST,PUBLIC_SYNTHETIC_PLANNING_MODEL,2026-09-06T00:00:00-07:00
base,ARU_GROUP,2027,9,PAYROLL-base-202709-TERMINALS,base-ARU_GROUP-2027-001921,WAGE-base-base-ARU_GROUP-2027-001921,TERMINALS,WAGE-base-base-ARU_GROUP-2027-001921-EMP-073,EMP-073,,Terminal employee,1,1,7126,7126,MODELED_CENSUS_ROLE_ALLOCATION_NOT_INDIVIDUAL_PAYSLIP,FORECAST,PUBLIC_SYNTHETIC_PLANNING_MODEL,2026-09-06T00:00:00-07:00
base,ARU_GROUP,2027,9,PAYROLL-base-202709-TERMINALS,base-ARU_GROUP-2027-001921,WAGE-base-base-ARU_GROUP-2027-001921,TERMINALS,WAGE-base-base-ARU_GROUP-2027-001921-EMP-074,EMP-074,,Terminal employee,1,1,7126,7126,MODELED_CENSUS_ROLE_ALLOCATION_NOT_INDIVIDUAL_PAYSLIP,FORECAST,PUBLIC_SYNTHETIC_PLANNING_MODEL,2026-09-06T00:00:00-07:00
base,ARU_GROUP,2027,9,PAYROLL-base-202709-TERMINALS,base-ARU_GROUP-2027-001921,WAGE-base-base-ARU_GROUP-2027-001921,TERMINALS,WAGE-base-base-ARU_GROUP-2027-001921-EMP-075,EMP-075,,Terminal employee,1,1,7126,7126,MODELED_CENSUS_ROLE_ALLOCATION_NOT_INDIVIDUAL_PAYSLIP,FORECAST,PUBLIC_SYNTHETIC_PLANNING_MODEL,2026-09-06T00:00:00-07:00
base,ARU_GROUP,2027,9,PAYROLL-base-202709-TERMINALS,base-ARU_GROUP-2027-001921,WAGE-base-base-ARU_GROUP-2027-001921,TERMINALS,WAGE-base-base-ARU_GROUP-2027-001921-EMP-076,EMP-076,,Terminal employee,1,1,7126,7126,MODELED_CENSUS_ROLE_ALLOCATION_NOT_INDIVIDUAL_PAYSLIP,FORECAST,PUBLIC_SYNTHETIC_PLANNING_MODEL,2026-09-06T00:00:00-07:00
base,ARU_GROUP,2027,9,PAYROLL-base-202709-TERMINALS,base-ARU_GROUP-2027-001921,WAGE-base-base-ARU_GROUP-2027-001921,TERMINALS,WAGE-base-base-ARU_GROUP-2027-001921-EMP-077,EMP-077,,Terminal employee,1,1,7126,7126,MODELED_CENSUS_ROLE_ALLOCATION_NOT_INDIVIDUAL_PAYSLIP,FORECAST,PUBLIC_SYNTHETIC_PLANNING_MODEL,2026-09-06T00:00:00-07:00
base,ARU_GROUP,2027,9,PAYROLL-base-202709-TERMINALS,base-ARU_GROUP-2027-001921,WAGE-base-base-ARU_GROUP-2027-001921,TERMINALS,WAGE-base-base-ARU_GROUP-2027-001921-EMP-078,EMP-078,,Terminal employee,1,1,7126,7126,MODELED_CENSUS_ROLE_ALLOCATION_NOT_INDIVIDUAL_PAYSLIP,FORECAST,PUBLIC_SYNTHETIC_PLANNING_MODEL,2026-09-06T00:00:00-07:00
base,ARU_GROUP,2027,9,PAYROLL-base-202709-TERMINALS,base-ARU_GROUP-2027-001921,WAGE-base-base-ARU_GROUP-2027-001921,TERMINALS,WAGE-base-base-ARU_GROUP-2027-001921-EMP-079,EMP-079,,Terminal employee,1,1,7126,7126,MODELED_CENSUS_ROLE_ALLOCATION_NOT_INDIVIDUAL_PAYSLIP,FORECAST,PUBLIC_SYNTHETIC_PLANNING_MODEL,2026-09-06T00:00:00-07:00
base,ARU_GROUP,2027,9,PAYROLL-base-202709-TERMINALS,base-ARU_GROUP-2027-001921,WAGE-base-base-ARU_GROUP-2027-001921,TERMINALS,WAGE-base-base-ARU_GROUP-2027-001921-EMP-080,EMP-080,,Terminal employee,1,1,7126,7126,MODELED_CENSUS_ROLE_ALLOCATION_NOT_INDIVIDUAL_PAYSLIP,FORECAST,PUBLIC_SYNTHETIC_PLANNING_MODEL,2026-09-06T00:00:00-07:00
base,ARU_GROUP,2027,9,PAYROLL-base-202709-TERMINALS,base-ARU_GROUP-2027-001921,WAGE-base-base-ARU_GROUP-2027-001921,TERMINALS,WAGE-base-base-ARU_GROUP-2027-001921-EMP-081,EMP-081,,Terminal employee,1,1,7126,7126,MODELED_CENSUS_ROLE_ALLOCATION_NOT_INDIVIDUAL_PAYSLIP,FORECAST,PUBLIC_SYNTHETIC_PLANNING_MODEL,2026-09-06T00:00:00-07:00
base,ARU_GROUP,2027,9,PAYROLL-base-202709-TERMINALS,base-ARU_GROUP-2027-001921,WAGE-base-base-ARU_GROUP-2027-001921,TERMINALS,WAGE-base-base-ARU_GROUP-2027-001921-EMP-082,EMP-082,,Terminal employee,1,1,7126,7126,MODELED_CENSUS_ROLE_ALLOCATION_NOT_INDIVIDUAL_PAYSLIP,FORECAST,PUBLIC_SYNTHETIC_PLANNING_MODEL,2026-09-06T00:00:00-07:00
base,ARU_GROUP,2027,9,PAYROLL-base-202709-TERMINALS,base-ARU_GROUP-2027-001921,WAGE-base-base-ARU_GROUP-2027-001921,TERMINALS,WAGE-base-base-ARU_GROUP-2027-001921-EMP-083,EMP-083,,Terminal employee,1,1,7126,7126,MODELED_CENSUS_ROLE_ALLOCATION_NOT_INDIVIDUAL_PAYSLIP,FORECAST,PUBLIC_SYNTHETIC_PLANNING_MODEL,2026-09-06T00:00:00-07:00
base,ARU_GROUP,2027,9,PAYROLL-base-202709-TERMINALS,base-ARU_GROUP-2027-001921,WAGE-base-base-ARU_GROUP-2027-001921,TERMINALS,WAGE-base-base-ARU_GROUP-2027-001921-EMP-084,EMP-084,,Terminal employee,1,1,7126,7126,MODELED_CENSUS_ROLE_ALLOCATION_NOT_INDIVIDUAL_PAYSLIP,FORECAST,PUBLIC_SYNTHETIC_PLANNING_MODEL,2026-09-06T00:00:00-07:00
base,ARU_GROUP,2027,9,PAYROLL-base-202709-TERMINALS,base-ARU_GROUP-2027-001921,WAGE-base-base-ARU_GROUP-2027-001921,TERMINALS,WAGE-base-base-ARU_GROUP-2027-001921-EMP-085,EMP-085,,Terminal employee,1,1,7126,7126,MODELED_CENSUS_ROLE_ALLOCATION_NOT_INDIVIDUAL_PAYSLIP,FORECAST,PUBLIC_SYNTHETIC_PLANNING_MODEL,2026-09-06T00:00:00-07:00
base,ARU_GROUP,2027,9,PAYROLL-base-202709-TERMINALS,base-ARU_GROUP-2027-001921,WAGE-base-base-ARU_GROUP-2027-001921,TERMINALS,WAGE-base-base-ARU_GROUP-2027-001921-EMP-086,EMP-086,,Terminal employee,1,1,7126,7126,MODELED_CENSUS_ROLE_ALLOCATION_NOT_INDIVIDUAL_PAYSLIP,FORECAST,PUBLIC_SYNTHETIC_PLANNING_MODEL,2026-09-06T00:00:00-07:00
base,ARU_GROUP,2027,9,PAYROLL-base-202709-TERMINALS,base-ARU_GROUP-2027-001921,WAGE-base-base-ARU_GROUP-2027-001921,TERMINALS,WAGE-base-base-ARU_GROUP-2027-001921-EMP-087,EMP-087,,Terminal employee,1,1,7126,7126,MODELED_CENSUS_ROLE_ALLOCATION_NOT_INDIVIDUAL_PAYSLIP,FORECAST,PUBLIC_SYNTHETIC_PLANNING_MODEL,2026-09-06T00:00:00-07:00
base,ARU_GROUP,2027,9,PAYROLL-base-202709-TERMINALS,base-ARU_GROUP-2027-001921,WAGE-base-base-ARU_GROUP-2027-001921,TERMINALS,WAGE-base-base-ARU_GROUP-2027-001921-EMP-088,EMP-088,,Terminal employee,1,1,7126,7126,MODELED_CENSUS_ROLE_ALLOCATION_NOT_INDIVIDUAL_PAYSLIP,FORECAST,PUBLIC_SYNTHETIC_PLANNING_MODEL,2026-09-06T00:00:00-07:00
base,ARU_GROUP,2027,9,PAYROLL-base-202709-TERMINALS,base-ARU_GROUP-2027-001921,WAGE-base-base-ARU_GROUP-2027-001921,TERMINALS,WAGE-base-base-ARU_GROUP-2027-001921-EMP-089,EMP-089,,Terminal employee,1,1,7126,7126,MODELED_CENSUS_ROLE_ALLOCATION_NOT_INDIVIDUAL_PAYSLIP,FORECAST,PUBLIC_SYNTHETIC_PLANNING_MODEL,2026-09-06T00:00:00-07:00
base,ARU_GROUP,2027,9,PAYROLL-base-202709-TERMINALS,base-ARU_GROUP-2027-001921,WAGE-base-base-ARU_GROUP-2027-001921,TERMINALS,WAGE-base-base-ARU_GROUP-2027-001921-EMP-090,EMP-090,,Terminal employee,1,1,7126,7126,MODELED_CENSUS_ROLE_ALLOCATION_NOT_INDIVIDUAL_PAYSLIP,FORECAST,PUBLIC_SYNTHETIC_PLANNING_MODEL,2026-09-06T00:00:00-07:00
base,ARU_GROUP,2027,9,PAYROLL-base-202709-TERMINALS,base-ARU_GROUP-2027-001921,WAGE-base-base-ARU_GROUP-2027-001921,TERMINALS,WAGE-base-base-ARU_GROUP-2027-001921-EMP-091,EMP-091,,Terminal employee,1,1,7125,7125,MODELED_CENSUS_ROLE_ALLOCATION_NOT_INDIVIDUAL_PAYSLIP,FORECAST,PUBLIC_SYNTHETIC_PLANNING_MODEL,2026-09-06T00:00:00-07:00
base,ARU_GROUP,2027,9,PAYROLL-base-202709-TERMINALS,base-ARU_GROUP-2027-001921,WAGE-base-base-ARU_GROUP-2027-001921,TERMINALS,WAGE-base-base-ARU_GROUP-2027-001921-EMP-092,EMP-092,,Terminal employee,1,1,7125,7125,MODELED_CENSUS_ROLE_ALLOCATION_NOT_INDIVIDUAL_PAYSLIP,FORECAST,PUBLIC_SYNTHETIC_PLANNING_MODEL,2026-09-06T00:00:00-07:00
base,ARU_GROUP,2027,9,PAYROLL-base-202709-TERMINALS,base-ARU_GROUP-2027-001921,WAGE-base-base-ARU_GROUP-2027-001921,TERMINALS,WAGE-base-base-ARU_GROUP-2027-001921-EMP-093,EMP-093,,Terminal employee,1,1,7125,7125,MODELED_CENSUS_ROLE_ALLOCATION_NOT_INDIVIDUAL_PAYSLIP,FORECAST,PUBLIC_SYNTHETIC_PLANNING_MODEL,2026-09-06T00:00:00-07:00
base,ARU_GROUP,2027,9,PAYROLL-base-202709-TERMINALS,base-ARU_GROUP-2027-001921,WAGE-base-base-ARU_GROUP-2027-001921,TERMINALS,WAGE-base-base-ARU_GROUP-2027-001921-EMP-094,EMP-094,,Terminal employee,1,1,7125,7125,MODELED_CENSUS_ROLE_ALLOCATION_NOT_INDIVIDUAL_PAYSLIP,FORECAST,PUBLIC_SYNTHETIC_PLANNING_MODEL,2026-09-06T00:00:00-07:00
base,ARU_GROUP,2027,9,PAYROLL-base-202709-TERMINALS,base-ARU_GROUP-2027-001921,WAGE-base-base-ARU_GROUP-2027-001921,TERMINALS,WAGE-base-base-ARU_GROUP-2027-001921-EMP-095,EMP-095,,Terminal employee,1,1,7125,7125,MODELED_CENSUS_ROLE_ALLOCATION_NOT_INDIVIDUAL_PAYSLIP,FORECAST,PUBLIC_SYNTHETIC_PLANNING_MODEL,2026-09-06T00:00:00-07:00
base,ARU_GROUP,2027,9,PAYROLL-base-202709-TERMINALS,base-ARU_GROUP-2027-001921,WAGE-base-base-ARU_GROUP-2027-001921,TERMINALS,WAGE-base-base-ARU_GROUP-2027-001921-EMP-096,EMP-096,,Terminal employee,1,1,7125,7125,MODELED_CENSUS_ROLE_ALLOCATION_NOT_INDIVIDUAL_PAYSLIP,FORECAST,PUBLIC_SYNTHETIC_PLANNING_MODEL,2026-09-06T00:00:00-07:00
base,ARU_GROUP,2027,9,PAYROLL-base-202709-TERMINALS,base-ARU_GROUP-2027-001921,WAGE-base-base-ARU_GROUP-2027-001921,TERMINALS,WAGE-base-base-ARU_GROUP-2027-001921-EMP-097,EMP-097,,Terminal employee,1,1,7125,7125,MODELED_CENSUS_ROLE_ALLOCATION_NOT_INDIVIDUAL_PAYSLIP,FORECAST,PUBLIC_SYNTHETIC_PLANNING_MODEL,2026-09-06T00:00:00-07:00
base,ARU_GROUP,2027,9,PAYROLL-base-202709-TRUCKING,base-ARU_GROUP-2027-001928,WAGE-base-base-ARU_GROUP-2027-001928,TRUCKING,WAGE-base-base-ARU_GROUP-2027-001928-EMP-013,EMP-013,,Trucking Manager,1,1,14367,14367,MODELED_CENSUS_ROLE_ALLOCATION_NOT_INDIVIDUAL_PAYSLIP,FORECAST,PUBLIC_SYNTHETIC_PLANNING_MODEL,2026-09-06T00:00:00-07:00
base,ARU_GROUP,2027,9,PAYROLL-base-202709-TRUCKING,base-ARU_GROUP-2027-001928,WAGE-base-base-ARU_GROUP-2027-001928,TRUCKING,WAGE-base-base-ARU_GROUP-2027-001928-EMP-098,EMP-098,,Qualified regional industrial driver,1,1,7816,7816,MODELED_CENSUS_ROLE_ALLOCATION_NOT_INDIVIDUAL_PAYSLIP,FORECAST,PUBLIC_SYNTHETIC_PLANNING_MODEL,2026-09-06T00:00:00-07:00
base,ARU_GROUP,2027,9,PAYROLL-base-202709-TRUCKING,base-ARU_GROUP-2027-001928,WAGE-base-base-ARU_GROUP-2027-001928,TRUCKING,WAGE-base-base-ARU_GROUP-2027-001928-EMP-099,EMP-099,,Qualified regional industrial driver,1,1,7816,7816,MODELED_CENSUS_ROLE_ALLOCATION_NOT_INDIVIDUAL_PAYSLIP,FORECAST,PUBLIC_SYNTHETIC_PLANNING_MODEL,2026-09-06T00:00:00-07:00
base,ARU_GROUP,2027,9,PAYROLL-base-202709-TRUCKING,base-ARU_GROUP-2027-001928,WAGE-base-base-ARU_GROUP-2027-001928,TRUCKING,WAGE-base-base-ARU_GROUP-2027-001928-EMP-100,EMP-100,,Qualified regional industrial driver,1,1,7816,7816,MODELED_CENSUS_ROLE_ALLOCATION_NOT_INDIVIDUAL_PAYSLIP,FORECAST,PUBLIC_SYNTHETIC_PLANNING_MODEL,2026-09-06T00:00:00-07:00
base,ARU_GROUP,2027,9,PAYROLL-base-202709-TRUCKING,base-ARU_GROUP-2027-001928,WAGE-base-base-ARU_GROUP-2027-001928,TRUCKING,WAGE-base-base-ARU_GROUP-2027-001928-EMP-101,EMP-101,,Qualified regional industrial driver,1,1,7816,7816,MODELED_CENSUS_ROLE_ALLOCATION_NOT_INDIVIDUAL_PAYSLIP,FORECAST,PUBLIC_SYNTHETIC_PLANNING_MODEL,2026-09-06T00:00:00-07:00
base,ARU_GROUP,2027,9,PAYROLL-base-202709-TRUCKING,base-ARU_GROUP-2027-001928,WAGE-base-base-ARU_GROUP-2027-001928,TRUCKING,WAGE-base-base-ARU_GROUP-2027-001928-EMP-102,EMP-102,,Qualified regional industrial driver,1,1,7816,7816,MODELED_CENSUS_ROLE_ALLOCATION_NOT_INDIVIDUAL_PAYSLIP,FORECAST,PUBLIC_SYNTHETIC_PLANNING_MODEL,2026-09-06T00:00:00-07:00
base,ARU_GROUP,2027,9,PAYROLL-base-202709-TRUCKING,base-ARU_GROUP-2027-001928,WAGE-base-base-ARU_GROUP-2027-001928,TRUCKING,WAGE-base-base-ARU_GROUP-2027-001928-EMP-103,EMP-103,,Qualified regional industrial driver,1,1,7816,7816,MODELED_CENSUS_ROLE_ALLOCATION_NOT_INDIVIDUAL_PAYSLIP,FORECAST,PUBLIC_SYNTHETIC_PLANNING_MODEL,2026-09-06T00:00:00-07:00
base,ARU_GROUP,2027,9,PAYROLL-base-202709-TRUCKING,base-ARU_GROUP-2027-001928,WAGE-base-base-ARU_GROUP-2027-001928,TRUCKING,WAGE-base-base-ARU_GROUP-2027-001928-EMP-104,EMP-104,,Qualified regional industrial driver,1,1,7815,7815,MODELED_CENSUS_ROLE_ALLOCATION_NOT_INDIVIDUAL_PAYSLIP,FORECAST,PUBLIC_SYNTHETIC_PLANNING_MODEL,2026-09-06T00:00:00-07:00
base,ARU_GROUP,2027,9,PAYROLL-base-202709-TRUCKING,base-ARU_GROUP-2027-001928,WAGE-base-base-ARU_GROUP-2027-001928,TRUCKING,WAGE-base-base-ARU_GROUP-2027-001928-EMP-105,EMP-105,,Qualified regional industrial driver,1,1,7815,7815,MODELED_CENSUS_ROLE_ALLOCATION_NOT_INDIVIDUAL_PAYSLIP,FORECAST,PUBLIC_SYNTHETIC_PLANNING_MODEL,2026-09-06T00:00:00-07:00
base,ARU_GROUP,2027,9,PAYROLL-base-202709-TRUCKING,base-ARU_GROUP-2027-001928,WAGE-base-base-ARU_GROUP-2027-001928,TRUCKING,WAGE-base-base-ARU_GROUP-2027-001928-EMP-106,EMP-106,,Qualified regional industrial driver,1,1,7815,7815,MODELED_CENSUS_ROLE_ALLOCATION_NOT_INDIVIDUAL_PAYSLIP,FORECAST,PUBLIC_SYNTHETIC_PLANNING_MODEL,2026-09-06T00:00:00-07:00
base,ARU_GROUP,2027,9,PAYROLL-base-202709-TRUCKING,base-ARU_GROUP-2027-001928,WAGE-base-base-ARU_GROUP-2027-001928,TRUCKING,WAGE-base-base-ARU_GROUP-2027-001928-EMP-107,EMP-107,,Qualified regional industrial driver,1,1,7815,7815,MODELED_CENSUS_ROLE_ALLOCATION_NOT_INDIVIDUAL_PAYSLIP,FORECAST,PUBLIC_SYNTHETIC_PLANNING_MODEL,2026-09-06T00:00:00-07:00
base,ARU_GROUP,2027,9,PAYROLL-base-202709-TRUCKING,base-ARU_GROUP-2027-001928,WAGE-base-base-ARU_GROUP-2027-001928,TRUCKING,WAGE-base-base-ARU_GROUP-2027-001928-EMP-108,EMP-108,,Qualified regional industrial driver,1,1,7815,7815,MODELED_CENSUS_ROLE_ALLOCATION_NOT_INDIVIDUAL_PAYSLIP,FORECAST,PUBLIC_SYNTHETIC_PLANNING_MODEL,2026-09-06T00:00:00-07:00
base,ARU_GROUP,2027,9,PAYROLL-base-202709-TRUCKING,base-ARU_GROUP-2027-001928,WAGE-base-base-ARU_GROUP-2027-001928,TRUCKING,WAGE-base-base-ARU_GROUP-2027-001928-EMP-109,EMP-109,,Qualified regional industrial driver,1,1,7815,7815,MODELED_CENSUS_ROLE_ALLOCATION_NOT_INDIVIDUAL_PAYSLIP,FORECAST,PUBLIC_SYNTHETIC_PLANNING_MODEL,2026-09-06T00:00:00-07:00
base,ARU_GROUP,2027,9,PAYROLL-base-202709-TRUCKING,base-ARU_GROUP-2027-001928,WAGE-base-base-ARU_GROUP-2027-001928,TRUCKING,WAGE-base-base-ARU_GROUP-2027-001928-EMP-110,EMP-110,,Qualified regional industrial driver,1,1,7815,7815,MODELED_CENSUS_ROLE_ALLOCATION_NOT_INDIVIDUAL_PAYSLIP,FORECAST,PUBLIC_SYNTHETIC_PLANNING_MODEL,2026-09-06T00:00:00-07:00
base,ARU_GROUP,2027,9,PAYROLL-base-202709-TRUCKING,base-ARU_GROUP-2027-001928,WAGE-base-base-ARU_GROUP-2027-001928,TRUCKING,WAGE-base-base-ARU_GROUP-2027-001928-EMP-111,EMP-111,,Qualified regional industrial driver,1,1,7815,7815,MODELED_CENSUS_ROLE_ALLOCATION_NOT_INDIVIDUAL_PAYSLIP,FORECAST,PUBLIC_SYNTHETIC_PLANNING_MODEL,2026-09-06T00:00:00-07:00
base,ARU_GROUP,2027,9,PAYROLL-base-202709-TRUCKING,base-ARU_GROUP-2027-001928,WAGE-base-base-ARU_GROUP-2027-001928,TRUCKING,WAGE-base-base-ARU_GROUP-2027-001928-EMP-112,EMP-112,,Qualified regional industrial driver,1,1,7815,7815,MODELED_CENSUS_ROLE_ALLOCATION_NOT_INDIVIDUAL_PAYSLIP,FORECAST,PUBLIC_SYNTHETIC_PLANNING_MODEL,2026-09-06T00:00:00-07:00
base,ARU_GROUP,2027,9,PAYROLL-base-202709-TRUCKING,base-ARU_GROUP-2027-001928,WAGE-base-base-ARU_GROUP-2027-001928,TRUCKING,WAGE-base-base-ARU_GROUP-2027-001928-EMP-113,EMP-113,,Qualified regional industrial driver,1,1,7815,7815,MODELED_CENSUS_ROLE_ALLOCATION_NOT_INDIVIDUAL_PAYSLIP,FORECAST,PUBLIC_SYNTHETIC_PLANNING_MODEL,2026-09-06T00:00:00-07:00
base,ARU_GROUP,2027,9,PAYROLL-base-202709-TRUCKING,base-ARU_GROUP-2027-001928,WAGE-base-base-ARU_GROUP-2027-001928,TRUCKING,WAGE-base-base-ARU_GROUP-2027-001928-EMP-114,EMP-114,,Qualified regional industrial driver,1,1,7815,7815,MODELED_CENSUS_ROLE_ALLOCATION_NOT_INDIVIDUAL_PAYSLIP,FORECAST,PUBLIC_SYNTHETIC_PLANNING_MODEL,2026-09-06T00:00:00-07:00
base,ARU_GROUP,2027,9,PAYROLL-base-202709-TRUCKING,base-ARU_GROUP-2027-001928,WAGE-base-base-ARU_GROUP-2027-001928,TRUCKING,WAGE-base-base-ARU_GROUP-2027-001928-EMP-115,EMP-115,,Qualified regional industrial driver,1,1,7815,7815,MODELED_CENSUS_ROLE_ALLOCATION_NOT_INDIVIDUAL_PAYSLIP,FORECAST,PUBLIC_SYNTHETIC_PLANNING_MODEL,2026-09-06T00:00:00-07:00
base,ARU_GROUP,2027,9,PAYROLL-base-202709-TRUCKING,base-ARU_GROUP-2027-001928,WAGE-base-base-ARU_GROUP-2027-001928,TRUCKING,WAGE-base-base-ARU_GROUP-2027-001928-EMP-116,EMP-116,,Qualified regional industrial driver,1,1,7815,7815,MODELED_CENSUS_ROLE_ALLOCATION_NOT_INDIVIDUAL_PAYSLIP,FORECAST,PUBLIC_SYNTHETIC_PLANNING_MODEL,2026-09-06T00:00:00-07:00
base,ARU_GROUP,2027,9,PAYROLL-base-202709-TRUCKING,base-ARU_GROUP-2027-001928,WAGE-base-base-ARU_GROUP-2027-001928,TRUCKING,WAGE-base-base-ARU_GROUP-2027-001928-EMP-117,EMP-117,,Qualified regional industrial driver,1,1,7815,7815,MODELED_CENSUS_ROLE_ALLOCATION_NOT_INDIVIDUAL_PAYSLIP,FORECAST,PUBLIC_SYNTHETIC_PLANNING_MODEL,2026-09-06T00:00:00-07:00
base,ARU_GROUP,2027,9,PAYROLL-base-202709-TRUCKING,base-ARU_GROUP-2027-001928,WAGE-base-base-ARU_GROUP-2027-001928,TRUCKING,WAGE-base-base-ARU_GROUP-2027-001928-EMP-118,EMP-118,,Truck dispatcher,1,1,7815,7815,MODELED_CENSUS_ROLE_ALLOCATION_NOT_INDIVIDUAL_PAYSLIP,FORECAST,PUBLIC_SYNTHETIC_PLANNING_MODEL,2026-09-06T00:00:00-07:00
base,ARU_GROUP,2027,9,PAYROLL-base-202709-TRUCKING,base-ARU_GROUP-2027-001928,WAGE-base-base-ARU_GROUP-2027-001928,TRUCKING,WAGE-base-base-ARU_GROUP-2027-001928-EMP-119,EMP-119,,Truck fleet mechanic,1,1,7815,7815,MODELED_CENSUS_ROLE_ALLOCATION_NOT_INDIVIDUAL_PAYSLIP,FORECAST,PUBLIC_SYNTHETIC_PLANNING_MODEL,2026-09-06T00:00:00-07:00
base,ARU_GROUP,2027,9,PAYROLL-base-202709-TRUCKING,base-ARU_GROUP-2027-001928,WAGE-base-base-ARU_GROUP-2027-001928,TRUCKING,WAGE-base-base-ARU_GROUP-2027-001928-EMP-120,EMP-120,,Truck fleet mechanic,1,1,7815,7815,MODELED_CENSUS_ROLE_ALLOCATION_NOT_INDIVIDUAL_PAYSLIP,FORECAST,PUBLIC_SYNTHETIC_PLANNING_MODEL,2026-09-06T00:00:00-07:00
base,ARU_GROUP,2027,9,PAYROLL-base-202709-WAREHOUSE,base-ARU_GROUP-2027-001935,WAGE-base-base-ARU_GROUP-2027-001935,WAREHOUSE,WAGE-base-base-ARU_GROUP-2027-001935-EMP-014,EMP-014,,Warehouse Manager,1,1,13792,13792,MODELED_CENSUS_ROLE_ALLOCATION_NOT_INDIVIDUAL_PAYSLIP,FORECAST,PUBLIC_SYNTHETIC_PLANNING_MODEL,2026-09-06T00:00:00-07:00
base,ARU_GROUP,2027,9,PAYROLL-base-202709-WAREHOUSE,base-ARU_GROUP-2027-001935,WAGE-base-base-ARU_GROUP-2027-001935,WAREHOUSE,WAGE-base-base-ARU_GROUP-2027-001935-EMP-121,EMP-121,,Warehouse employee,1,1,7126,7126,MODELED_CENSUS_ROLE_ALLOCATION_NOT_INDIVIDUAL_PAYSLIP,FORECAST,PUBLIC_SYNTHETIC_PLANNING_MODEL,2026-09-06T00:00:00-07:00
base,ARU_GROUP,2027,9,PAYROLL-base-202709-WAREHOUSE,base-ARU_GROUP-2027-001935,WAGE-base-base-ARU_GROUP-2027-001935,WAREHOUSE,WAGE-base-base-ARU_GROUP-2027-001935-EMP-122,EMP-122,,Warehouse employee,1,1,7126,7126,MODELED_CENSUS_ROLE_ALLOCATION_NOT_INDIVIDUAL_PAYSLIP,FORECAST,PUBLIC_SYNTHETIC_PLANNING_MODEL,2026-09-06T00:00:00-07:00
base,ARU_GROUP,2027,9,PAYROLL-base-202709-WAREHOUSE,base-ARU_GROUP-2027-001935,WAGE-base-base-ARU_GROUP-2027-001935,WAREHOUSE,WAGE-base-base-ARU_GROUP-2027-001935-EMP-123,EMP-123,,Warehouse employee,1,1,7126,7126,MODELED_CENSUS_ROLE_ALLOCATION_NOT_INDIVIDUAL_PAYSLIP,FORECAST,PUBLIC_SYNTHETIC_PLANNING_MODEL,2026-09-06T00:00:00-07:00
base,ARU_GROUP,2027,9,PAYROLL-base-202709-WAREHOUSE,base-ARU_GROUP-2027-001935,WAGE-base-base-ARU_GROUP-2027-001935,WAREHOUSE,WAGE-base-base-ARU_GROUP-2027-001935-EMP-124,EMP-124,,Warehouse employee,1,1,7126,7126,MODELED_CENSUS_ROLE_ALLOCATION_NOT_INDIVIDUAL_PAYSLIP,FORECAST,PUBLIC_SYNTHETIC_PLANNING_MODEL,2026-09-06T00:00:00-07:00
base,ARU_GROUP,2027,9,PAYROLL-base-202709-WAREHOUSE,base-ARU_GROUP-2027-001935,WAGE-base-base-ARU_GROUP-2027-001935,WAREHOUSE,WAGE-base-base-ARU_GROUP-2027-001935-EMP-125,EMP-125,,Warehouse employee,1,1,7126,7126,MODELED_CENSUS_ROLE_ALLOCATION_NOT_INDIVIDUAL_PAYSLIP,FORECAST,PUBLIC_SYNTHETIC_PLANNING_MODEL,2026-09-06T00:00:00-07:00
base,ARU_GROUP,2027,9,PAYROLL-base-202709-WAREHOUSE,base-ARU_GROUP-2027-001935,WAGE-base-base-ARU_GROUP-2027-001935,WAREHOUSE,WAGE-base-base-ARU_GROUP-2027-001935-EMP-126,EMP-126,,Warehouse employee,1,1,7126,7126,MODELED_CENSUS_ROLE_ALLOCATION_NOT_INDIVIDUAL_PAYSLIP,FORECAST,PUBLIC_SYNTHETIC_PLANNING_MODEL,2026-09-06T00:00:00-07:00
base,ARU_GROUP,2027,9,PAYROLL-base-202709-WAREHOUSE,base-ARU_GROUP-2027-001935,WAGE-base-base-ARU_GROUP-2027-001935,WAREHOUSE,WAGE-base-base-ARU_GROUP-2027-001935-EMP-127,EMP-127,,Warehouse employee,1,1,7126,7126,MODELED_CENSUS_ROLE_ALLOCATION_NOT_INDIVIDUAL_PAYSLIP,FORECAST,PUBLIC_SYNTHETIC_PLANNING_MODEL,2026-09-06T00:00:00-07:00
base,ARU_GROUP,2027,9,PAYROLL-base-202709-WAREHOUSE,base-ARU_GROUP-2027-001935,WAGE-base-base-ARU_GROUP-2027-001935,WAREHOUSE,WAGE-base-base-ARU_GROUP-2027-001935-EMP-128,EMP-128,,Warehouse employee,1,1,7126,7126,MODELED_CENSUS_ROLE_ALLOCATION_NOT_INDIVIDUAL_PAYSLIP,FORECAST,PUBLIC_SYNTHETIC_PLANNING_MODEL,2026-09-06T00:00:00-07:00
base,ARU_GROUP,2027,9,PAYROLL-base-202709-WAREHOUSE,base-ARU_GROUP-2027-001935,WAGE-base-base-ARU_GROUP-2027-001935,WAREHOUSE,WAGE-base-base-ARU_GROUP-2027-001935-EMP-129,EMP-129,,Warehouse employee,1,1,7125,7125,MODELED_CENSUS_ROLE_ALLOCATION_NOT_INDIVIDUAL_PAYSLIP,FORECAST,PUBLIC_SYNTHETIC_PLANNING_MODEL,2026-09-06T00:00:00-07:00
base,ARU_GROUP,2027,9,PAYROLL-base-202709-WAREHOUSE,base-ARU_GROUP-2027-001935,WAGE-base-base-ARU_GROUP-2027-001935,WAREHOUSE,WAGE-base-base-ARU_GROUP-2027-001935-EMP-130,EMP-130,,Warehouse employee,1,1,7125,7125,MODELED_CENSUS_ROLE_ALLOCATION_NOT_INDIVIDUAL_PAYSLIP,FORECAST,PUBLIC_SYNTHETIC_PLANNING_MODEL,2026-09-06T00:00:00-07:00
base,ARU_GROUP,2027,9,PAYROLL-base-202709-WAREHOUSE,base-ARU_GROUP-2027-001935,WAGE-base-base-ARU_GROUP-2027-001935,WAREHOUSE,WAGE-base-base-ARU_GROUP-2027-001935-EMP-131,EMP-131,,Warehouse employee,1,1,7125,7125,MODELED_CENSUS_ROLE_ALLOCATION_NOT_INDIVIDUAL_PAYSLIP,FORECAST,PUBLIC_SYNTHETIC_PLANNING_MODEL,2026-09-06T00:00:00-07:00
base,ARU_GROUP,2027,9,PAYROLL-base-202709-ARU,base-ARU_GROUP-2027-001942,WAGE-base-base-ARU_GROUP-2027-001942,ARU,WAGE-base-base-ARU_GROUP-2027-001942-EMP-001,EMP-001,,President and COO,1,1,27583,27583,MODELED_CENSUS_ROLE_ALLOCATION_NOT_INDIVIDUAL_PAYSLIP,FORECAST,PUBLIC_SYNTHETIC_PLANNING_MODEL,2026-09-06T00:00:00-07:00
base,ARU_GROUP,2027,9,PAYROLL-base-202709-ARU,base-ARU_GROUP-2027-001942,WAGE-base-base-ARU_GROUP-2027-001942,ARU,WAGE-base-base-ARU_GROUP-2027-001942-EMP-002,EMP-002,,Director Industrial Operations,1,1,20113,20113,MODELED_CENSUS_ROLE_ALLOCATION_NOT_INDIVIDUAL_PAYSLIP,FORECAST,PUBLIC_SYNTHETIC_PLANNING_MODEL,2026-09-06T00:00:00-07:00
base,ARU_GROUP,2027,9,PAYROLL-base-202709-ARU,base-ARU_GROUP-2027-001942,WAGE-base-base-ARU_GROUP-2027-001942,ARU,WAGE-base-base-ARU_GROUP-2027-001942-EMP-003,EMP-003,,Controller,1,1,18964,18964,MODELED_CENSUS_ROLE_ALLOCATION_NOT_INDIVIDUAL_PAYSLIP,FORECAST,PUBLIC_SYNTHETIC_PLANNING_MODEL,2026-09-06T00:00:00-07:00
base,ARU_GROUP,2027,9,PAYROLL-base-202709-ARU,base-ARU_GROUP-2027-001942,WAGE-base-base-ARU_GROUP-2027-001942,ARU,WAGE-base-base-ARU_GROUP-2027-001942-EMP-004,EMP-004,,Director Safety and Environment,1,1,17814,17814,MODELED_CENSUS_ROLE_ALLOCATION_NOT_INDIVIDUAL_PAYSLIP,FORECAST,PUBLIC_SYNTHETIC_PLANNING_MODEL,2026-09-06T00:00:00-07:00
base,ARU_GROUP,2027,9,PAYROLL-base-202709-ARU,base-ARU_GROUP-2027-001942,WAGE-base-base-ARU_GROUP-2027-001942,ARU,WAGE-base-base-ARU_GROUP-2027-001942-EMP-005,EMP-005,,People and Administration Manager,1,1,13217,13217,MODELED_CENSUS_ROLE_ALLOCATION_NOT_INDIVIDUAL_PAYSLIP,FORECAST,PUBLIC_SYNTHETIC_PLANNING_MODEL,2026-09-06T00:00:00-07:00
base,ARU_GROUP,2027,9,PAYROLL-base-202709-ARU,base-ARU_GROUP-2027-001942,WAGE-base-base-ARU_GROUP-2027-001942,ARU,WAGE-base-base-ARU_GROUP-2027-001942-EMP-006,EMP-006,,Procurement and Systems Manager,1,1,13217,13217,MODELED_CENSUS_ROLE_ALLOCATION_NOT_INDIVIDUAL_PAYSLIP,FORECAST,PUBLIC_SYNTHETIC_PLANNING_MODEL,2026-09-06T00:00:00-07:00
base,ARU_GROUP,2027,9,PAYROLL-base-202709-ARU,base-ARU_GROUP-2027-001942,WAGE-base-base-ARU_GROUP-2027-001942,ARU,WAGE-base-base-ARU_GROUP-2027-001942-EMP-015,EMP-015,,Corporate employee,1,1,8275,8275,MODELED_CENSUS_ROLE_ALLOCATION_NOT_INDIVIDUAL_PAYSLIP,FORECAST,PUBLIC_SYNTHETIC_PLANNING_MODEL,2026-09-06T00:00:00-07:00
base,ARU_GROUP,2027,9,PAYROLL-base-202709-ARU,base-ARU_GROUP-2027-001942,WAGE-base-base-ARU_GROUP-2027-001942,ARU,WAGE-base-base-ARU_GROUP-2027-001942-EMP-016,EMP-016,,Corporate employee,1,1,8275,8275,MODELED_CENSUS_ROLE_ALLOCATION_NOT_INDIVIDUAL_PAYSLIP,FORECAST,PUBLIC_SYNTHETIC_PLANNING_MODEL,2026-09-06T00:00:00-07:00
base,ARU_GROUP,2027,9,PAYROLL-base-202709-ARU,base-ARU_GROUP-2027-001942,WAGE-base-base-ARU_GROUP-2027-001942,ARU,WAGE-base-base-ARU_GROUP-2027-001942-EMP-017,EMP-017,,Corporate employee,1,1,8275,8275,MODELED_CENSUS_ROLE_ALLOCATION_NOT_INDIVIDUAL_PAYSLIP,FORECAST,PUBLIC_SYNTHETIC_PLANNING_MODEL,2026-09-06T00:00:00-07:00
base,ARU_GROUP,2027,9,PAYROLL-base-202709-ARU,base-ARU_GROUP-2027-001942,WAGE-base-base-ARU_GROUP-2027-001942,ARU,WAGE-base-base-ARU_GROUP-2027-001942-EMP-018,EMP-018,,Corporate employee,1,1,8275,8275,MODELED_CENSUS_ROLE_ALLOCATION_NOT_INDIVIDUAL_PAYSLIP,FORECAST,PUBLIC_SYNTHETIC_PLANNING_MODEL,2026-09-06T00:00:00-07:00
base,ARU_GROUP,2027,10,PAYROLL-base-202710-BST,base-ARU_GROUP-2027-002170,WAGE-base-base-ARU_GROUP-2027-002170,BST,WAGE-base-base-ARU_GROUP-2027-002170-EMP-007,EMP-007,,General Manager,1,1,21837,21837,MODELED_CENSUS_ROLE_ALLOCATION_NOT_INDIVIDUAL_PAYSLIP,FORECAST,PUBLIC_SYNTHETIC_PLANNING_MODEL,2026-09-06T00:00:00-07:00
base,ARU_GROUP,2027,10,PAYROLL-base-202710-BST,base-ARU_GROUP-2027-002170,WAGE-base-base-ARU_GROUP-2027-002170,BST,WAGE-base-base-ARU_GROUP-2027-002170-EMP-008,EMP-008,,Operations and Dispatch Manager,1,1,14366,14366,MODELED_CENSUS_ROLE_ALLOCATION_NOT_INDIVIDUAL_PAYSLIP,FORECAST,PUBLIC_SYNTHETIC_PLANNING_MODEL,2026-09-06T00:00:00-07:00
base,ARU_GROUP,2027,10,PAYROLL-base-202710-BST,base-ARU_GROUP-2027-002170,WAGE-base-base-ARU_GROUP-2027-002170,BST,WAGE-base-base-ARU_GROUP-2027-002170-EMP-009,EMP-009,,Working MOW Foreman,1,1,11493,11493,MODELED_CENSUS_ROLE_ALLOCATION_NOT_INDIVIDUAL_PAYSLIP,FORECAST,PUBLIC_SYNTHETIC_PLANNING_MODEL,2026-09-06T00:00:00-07:00
base,ARU_GROUP,2027,10,PAYROLL-base-202710-BST,base-ARU_GROUP-2027-002170,WAGE-base-base-ARU_GROUP-2027-002170,BST,WAGE-base-base-ARU_GROUP-2027-002170-EMP-010,EMP-010,,Mechanical Foreman,1,1,12642,12642,MODELED_CENSUS_ROLE_ALLOCATION_NOT_INDIVIDUAL_PAYSLIP,FORECAST,PUBLIC_SYNTHETIC_PLANNING_MODEL,2026-09-06T00:00:00-07:00
base,ARU_GROUP,2027,10,PAYROLL-base-202710-BST,base-ARU_GROUP-2027-002170,WAGE-base-base-ARU_GROUP-2027-002170,BST,WAGE-base-base-ARU_GROUP-2027-002170-EMP-011,EMP-011,,Safety and Compliance Manager,1,1,12067,12067,MODELED_CENSUS_ROLE_ALLOCATION_NOT_INDIVIDUAL_PAYSLIP,FORECAST,PUBLIC_SYNTHETIC_PLANNING_MODEL,2026-09-06T00:00:00-07:00
base,ARU_GROUP,2027,10,PAYROLL-base-202710-BST,base-ARU_GROUP-2027-002170,WAGE-base-base-ARU_GROUP-2027-002170,BST,WAGE-base-base-ARU_GROUP-2027-002170-EMP-019,EMP-019,,Train Engine employee,1,1,8390,8390,MODELED_CENSUS_ROLE_ALLOCATION_NOT_INDIVIDUAL_PAYSLIP,FORECAST,PUBLIC_SYNTHETIC_PLANNING_MODEL,2026-09-06T00:00:00-07:00
base,ARU_GROUP,2027,10,PAYROLL-base-202710-BST,base-ARU_GROUP-2027-002170,WAGE-base-base-ARU_GROUP-2027-002170,BST,WAGE-base-base-ARU_GROUP-2027-002170-EMP-020,EMP-020,,Train Engine employee,1,1,8390,8390,MODELED_CENSUS_ROLE_ALLOCATION_NOT_INDIVIDUAL_PAYSLIP,FORECAST,PUBLIC_SYNTHETIC_PLANNING_MODEL,2026-09-06T00:00:00-07:00
base,ARU_GROUP,2027,10,PAYROLL-base-202710-BST,base-ARU_GROUP-2027-002170,WAGE-base-base-ARU_GROUP-2027-002170,BST,WAGE-base-base-ARU_GROUP-2027-002170-EMP-021,EMP-021,,Train Engine employee,1,1,8390,8390,MODELED_CENSUS_ROLE_ALLOCATION_NOT_INDIVIDUAL_PAYSLIP,FORECAST,PUBLIC_SYNTHETIC_PLANNING_MODEL,2026-09-06T00:00:00-07:00
base,ARU_GROUP,2027,10,PAYROLL-base-202710-BST,base-ARU_GROUP-2027-002170,WAGE-base-base-ARU_GROUP-2027-002170,BST,WAGE-base-base-ARU_GROUP-2027-002170-EMP-022,EMP-022,,Train Engine employee,1,1,8390,8390,MODELED_CENSUS_ROLE_ALLOCATION_NOT_INDIVIDUAL_PAYSLIP,FORECAST,PUBLIC_SYNTHETIC_PLANNING_MODEL,2026-09-06T00:00:00-07:00
base,ARU_GROUP,2027,10,PAYROLL-base-202710-BST,base-ARU_GROUP-2027-002170,WAGE-base-base-ARU_GROUP-2027-002170,BST,WAGE-base-base-ARU_GROUP-2027-002170-EMP-023,EMP-023,,Train Engine employee,1,1,8390,8390,MODELED_CENSUS_ROLE_ALLOCATION_NOT_INDIVIDUAL_PAYSLIP,FORECAST,PUBLIC_SYNTHETIC_PLANNING_MODEL,2026-09-06T00:00:00-07:00
base,ARU_GROUP,2027,10,PAYROLL-base-202710-BST,base-ARU_GROUP-2027-002170,WAGE-base-base-ARU_GROUP-2027-002170,BST,WAGE-base-base-ARU_GROUP-2027-002170-EMP-024,EMP-024,,Train Engine employee,1,1,8390,8390,MODELED_CENSUS_ROLE_ALLOCATION_NOT_INDIVIDUAL_PAYSLIP,FORECAST,PUBLIC_SYNTHETIC_PLANNING_MODEL,2026-09-06T00:00:00-07:00
base,ARU_GROUP,2027,10,PAYROLL-base-202710-BST,base-ARU_GROUP-2027-002170,WAGE-base-base-ARU_GROUP-2027-002170,BST,WAGE-base-base-ARU_GROUP-2027-002170-EMP-025,EMP-025,,Train Engine employee,1,1,8390,8390,MODELED_CENSUS_ROLE_ALLOCATION_NOT_INDIVIDUAL_PAYSLIP,FORECAST,PUBLIC_SYNTHETIC_PLANNING_MODEL,2026-09-06T00:00:00-07:00
base,ARU_GROUP,2027,10,PAYROLL-base-202710-BST,base-ARU_GROUP-2027-002170,WAGE-base-base-ARU_GROUP-2027-002170,BST,WAGE-base-base-ARU_GROUP-2027-002170-EMP-026,EMP-026,,Train Engine employee,1,1,8390,8390,MODELED_CENSUS_ROLE_ALLOCATION_NOT_INDIVIDUAL_PAYSLIP,FORECAST,PUBLIC_SYNTHETIC_PLANNING_MODEL,2026-09-06T00:00:00-07:00
base,ARU_GROUP,2027,10,PAYROLL-base-202710-BST,base-ARU_GROUP-2027-002170,WAGE-base-base-ARU_GROUP-2027-002170,BST,WAGE-base-base-ARU_GROUP-2027-002170-EMP-027,EMP-027,,Train Engine employee,1,1,8390,8390,MODELED_CENSUS_ROLE_ALLOCATION_NOT_INDIVIDUAL_PAYSLIP,FORECAST,PUBLIC_SYNTHETIC_PLANNING_MODEL,2026-09-06T00:00:00-07:00
base,ARU_GROUP,2027,10,PAYROLL-base-202710-BST,base-ARU_GROUP-2027-002170,WAGE-base-base-ARU_GROUP-2027-002170,BST,WAGE-base-base-ARU_GROUP-2027-002170-EMP-028,EMP-028,,Train Engine employee,1,1,8390,8390,MODELED_CENSUS_ROLE_ALLOCATION_NOT_INDIVIDUAL_PAYSLIP,FORECAST,PUBLIC_SYNTHETIC_PLANNING_MODEL,2026-09-06T00:00:00-07:00
base,ARU_GROUP,2027,10,PAYROLL-base-202710-BST,base-ARU_GROUP-2027-002170,WAGE-base-base-ARU_GROUP-2027-002170,BST,WAGE-base-base-ARU_GROUP-2027-002170-EMP-029,EMP-029,,Train Engine employee,1,1,8390,8390,MODELED_CENSUS_ROLE_ALLOCATION_NOT_INDIVIDUAL_PAYSLIP,FORECAST,PUBLIC_SYNTHETIC_PLANNING_MODEL,2026-09-06T00:00:00-07:00
base,ARU_GROUP,2027,10,PAYROLL-base-202710-BST,base-ARU_GROUP-2027-002170,WAGE-base-base-ARU_GROUP-2027-002170,BST,WAGE-base-base-ARU_GROUP-2027-002170-EMP-030,EMP-030,,Train Engine employee,1,1,8390,8390,MODELED_CENSUS_ROLE_ALLOCATION_NOT_INDIVIDUAL_PAYSLIP,FORECAST,PUBLIC_SYNTHETIC_PLANNING_MODEL,2026-09-06T00:00:00-07:00
base,ARU_GROUP,2027,10,PAYROLL-base-202710-BST,base-ARU_GROUP-2027-002170,WAGE-base-base-ARU_GROUP-2027-002170,BST,WAGE-base-base-ARU_GROUP-2027-002170-EMP-031,EMP-031,,Train Engine employee,1,1,8390,8390,MODELED_CENSUS_ROLE_ALLOCATION_NOT_INDIVIDUAL_PAYSLIP,FORECAST,PUBLIC_SYNTHETIC_PLANNING_MODEL,2026-09-06T00:00:00-07:00
base,ARU_GROUP,2027,10,PAYROLL-base-202710-BST,base-ARU_GROUP-2027-002170,WAGE-base-base-ARU_GROUP-2027-002170,BST,WAGE-base-base-ARU_GROUP-2027-002170-EMP-032,EMP-032,,Train Engine employee,1,1,8390,8390,MODELED_CENSUS_ROLE_ALLOCATION_NOT_INDIVIDUAL_PAYSLIP,FORECAST,PUBLIC_SYNTHETIC_PLANNING_MODEL,2026-09-06T00:00:00-07:00
base,ARU_GROUP,2027,10,PAYROLL-base-202710-BST,base-ARU_GROUP-2027-002170,WAGE-base-base-ARU_GROUP-2027-002170,BST,WAGE-base-base-ARU_GROUP-2027-002170-EMP-033,EMP-033,,Train Engine employee,1,1,8390,8390,MODELED_CENSUS_ROLE_ALLOCATION_NOT_INDIVIDUAL_PAYSLIP,FORECAST,PUBLIC_SYNTHETIC_PLANNING_MODEL,2026-09-06T00:00:00-07:00
base,ARU_GROUP,2027,10,PAYROLL-base-202710-BST,base-ARU_GROUP-2027-002170,WAGE-base-base-ARU_GROUP-2027-002170,BST,WAGE-base-base-ARU_GROUP-2027-002170-EMP-034,EMP-034,,Train Engine employee,1,1,8390,8390,MODELED_CENSUS_ROLE_ALLOCATION_NOT_INDIVIDUAL_PAYSLIP,FORECAST,PUBLIC_SYNTHETIC_PLANNING_MODEL,2026-09-06T00:00:00-07:00
base,ARU_GROUP,2027,10,PAYROLL-base-202710-BST,base-ARU_GROUP-2027-002170,WAGE-base-base-ARU_GROUP-2027-002170,BST,WAGE-base-base-ARU_GROUP-2027-002170-EMP-035,EMP-035,,Train Engine employee,1,1,8390,8390,MODELED_CENSUS_ROLE_ALLOCATION_NOT_INDIVIDUAL_PAYSLIP,FORECAST,PUBLIC_SYNTHETIC_PLANNING_MODEL,2026-09-06T00:00:00-07:00
base,ARU_GROUP,2027,10,PAYROLL-base-202710-BST,base-ARU_GROUP-2027-002170,WAGE-base-base-ARU_GROUP-2027-002170,BST,WAGE-base-base-ARU_GROUP-2027-002170-EMP-036,EMP-036,,Train Engine employee,1,1,8390,8390,MODELED_CENSUS_ROLE_ALLOCATION_NOT_INDIVIDUAL_PAYSLIP,FORECAST,PUBLIC_SYNTHETIC_PLANNING_MODEL,2026-09-06T00:00:00-07:00
base,ARU_GROUP,2027,10,PAYROLL-base-202710-BST,base-ARU_GROUP-2027-002170,WAGE-base-base-ARU_GROUP-2027-002170,BST,WAGE-base-base-ARU_GROUP-2027-002170-EMP-037,EMP-037,,Train Engine employee,1,1,8390,8390,MODELED_CENSUS_ROLE_ALLOCATION_NOT_INDIVIDUAL_PAYSLIP,FORECAST,PUBLIC_SYNTHETIC_PLANNING_MODEL,2026-09-06T00:00:00-07:00
base,ARU_GROUP,2027,10,PAYROLL-base-202710-BST,base-ARU_GROUP-2027-002170,WAGE-base-base-ARU_GROUP-2027-002170,BST,WAGE-base-base-ARU_GROUP-2027-002170-EMP-038,EMP-038,,Train Engine employee,1,1,8390,8390,MODELED_CENSUS_ROLE_ALLOCATION_NOT_INDIVIDUAL_PAYSLIP,FORECAST,PUBLIC_SYNTHETIC_PLANNING_MODEL,2026-09-06T00:00:00-07:00
base,ARU_GROUP,2027,10,PAYROLL-base-202710-BST,base-ARU_GROUP-2027-002170,WAGE-base-base-ARU_GROUP-2027-002170,BST,WAGE-base-base-ARU_GROUP-2027-002170-EMP-039,EMP-039,,Train Engine employee,1,1,8390,8390,MODELED_CENSUS_ROLE_ALLOCATION_NOT_INDIVIDUAL_PAYSLIP,FORECAST,PUBLIC_SYNTHETIC_PLANNING_MODEL,2026-09-06T00:00:00-07:00
base,ARU_GROUP,2027,10,PAYROLL-base-202710-BST,base-ARU_GROUP-2027-002170,WAGE-base-base-ARU_GROUP-2027-002170,BST,WAGE-base-base-ARU_GROUP-2027-002170-EMP-040,EMP-040,,Train Engine employee,1,1,8390,8390,MODELED_CENSUS_ROLE_ALLOCATION_NOT_INDIVIDUAL_PAYSLIP,FORECAST,PUBLIC_SYNTHETIC_PLANNING_MODEL,2026-09-06T00:00:00-07:00
base,ARU_GROUP,2027,10,PAYROLL-base-202710-BST,base-ARU_GROUP-2027-002170,WAGE-base-base-ARU_GROUP-2027-002170,BST,WAGE-base-base-ARU_GROUP-2027-002170-EMP-041,EMP-041,,Mow employee,1,1,8045,8045,MODELED_CENSUS_ROLE_ALLOCATION_NOT_INDIVIDUAL_PAYSLIP,FORECAST,PUBLIC_SYNTHETIC_PLANNING_MODEL,2026-09-06T00:00:00-07:00
base,ARU_GROUP,2027,10,PAYROLL-base-202710-BST,base-ARU_GROUP-2027-002170,WAGE-base-base-ARU_GROUP-2027-002170,BST,WAGE-base-base-ARU_GROUP-2027-002170-EMP-042,EMP-042,,Mow employee,1,1,8045,8045,MODELED_CENSUS_ROLE_ALLOCATION_NOT_INDIVIDUAL_PAYSLIP,FORECAST,PUBLIC_SYNTHETIC_PLANNING_MODEL,2026-09-06T00:00:00-07:00
base,ARU_GROUP,2027,10,PAYROLL-base-202710-BST,base-ARU_GROUP-2027-002170,WAGE-base-base-ARU_GROUP-2027-002170,BST,WAGE-base-base-ARU_GROUP-2027-002170-EMP-043,EMP-043,,Mow employee,1,1,8045,8045,MODELED_CENSUS_ROLE_ALLOCATION_NOT_INDIVIDUAL_PAYSLIP,FORECAST,PUBLIC_SYNTHETIC_PLANNING_MODEL,2026-09-06T00:00:00-07:00
base,ARU_GROUP,2027,10,PAYROLL-base-202710-BST,base-ARU_GROUP-2027-002170,WAGE-base-base-ARU_GROUP-2027-002170,BST,WAGE-base-base-ARU_GROUP-2027-002170-EMP-044,EMP-044,,Mow employee,1,1,8045,8045,MODELED_CENSUS_ROLE_ALLOCATION_NOT_INDIVIDUAL_PAYSLIP,FORECAST,PUBLIC_SYNTHETIC_PLANNING_MODEL,2026-09-06T00:00:00-07:00
base,ARU_GROUP,2027,10,PAYROLL-base-202710-BST,base-ARU_GROUP-2027-002170,WAGE-base-base-ARU_GROUP-2027-002170,BST,WAGE-base-base-ARU_GROUP-2027-002170-EMP-045,EMP-045,,Mow employee,1,1,8045,8045,MODELED_CENSUS_ROLE_ALLOCATION_NOT_INDIVIDUAL_PAYSLIP,FORECAST,PUBLIC_SYNTHETIC_PLANNING_MODEL,2026-09-06T00:00:00-07:00
base,ARU_GROUP,2027,10,PAYROLL-base-202710-BST,base-ARU_GROUP-2027-002170,WAGE-base-base-ARU_GROUP-2027-002170,BST,WAGE-base-base-ARU_GROUP-2027-002170-EMP-046,EMP-046,,Mow employee,1,1,8045,8045,MODELED_CENSUS_ROLE_ALLOCATION_NOT_INDIVIDUAL_PAYSLIP,FORECAST,PUBLIC_SYNTHETIC_PLANNING_MODEL,2026-09-06T00:00:00-07:00
base,ARU_GROUP,2027,10,PAYROLL-base-202710-BST,base-ARU_GROUP-2027-002170,WAGE-base-base-ARU_GROUP-2027-002170,BST,WAGE-base-base-ARU_GROUP-2027-002170-EMP-047,EMP-047,,Mow employee,1,1,8045,8045,MODELED_CENSUS_ROLE_ALLOCATION_NOT_INDIVIDUAL_PAYSLIP,FORECAST,PUBLIC_SYNTHETIC_PLANNING_MODEL,2026-09-06T00:00:00-07:00
base,ARU_GROUP,2027,10,PAYROLL-base-202710-BST,base-ARU_GROUP-2027-002170,WAGE-base-base-ARU_GROUP-2027-002170,BST,WAGE-base-base-ARU_GROUP-2027-002170-EMP-048,EMP-048,,Mow employee,1,1,8045,8045,MODELED_CENSUS_ROLE_ALLOCATION_NOT_INDIVIDUAL_PAYSLIP,FORECAST,PUBLIC_SYNTHETIC_PLANNING_MODEL,2026-09-06T00:00:00-07:00
base,ARU_GROUP,2027,10,PAYROLL-base-202710-BST,base-ARU_GROUP-2027-002170,WAGE-base-base-ARU_GROUP-2027-002170,BST,WAGE-base-base-ARU_GROUP-2027-002170-EMP-049,EMP-049,,Mow employee,1,1,8045,8045,MODELED_CENSUS_ROLE_ALLOCATION_NOT_INDIVIDUAL_PAYSLIP,FORECAST,PUBLIC_SYNTHETIC_PLANNING_MODEL,2026-09-06T00:00:00-07:00
base,ARU_GROUP,2027,10,PAYROLL-base-202710-BST,base-ARU_GROUP-2027-002170,WAGE-base-base-ARU_GROUP-2027-002170,BST,WAGE-base-base-ARU_GROUP-2027-002170-EMP-050,EMP-050,,Mechanical employee,1,1,8620,8620,MODELED_CENSUS_ROLE_ALLOCATION_NOT_INDIVIDUAL_PAYSLIP,FORECAST,PUBLIC_SYNTHETIC_PLANNING_MODEL,2026-09-06T00:00:00-07:00
base,ARU_GROUP,2027,10,PAYROLL-base-202710-BST,base-ARU_GROUP-2027-002170,WAGE-base-base-ARU_GROUP-2027-002170,BST,WAGE-base-base-ARU_GROUP-2027-002170-EMP-051,EMP-051,,Mechanical employee,1,1,8620,8620,MODELED_CENSUS_ROLE_ALLOCATION_NOT_INDIVIDUAL_PAYSLIP,FORECAST,PUBLIC_SYNTHETIC_PLANNING_MODEL,2026-09-06T00:00:00-07:00
base,ARU_GROUP,2027,10,PAYROLL-base-202710-BST,base-ARU_GROUP-2027-002170,WAGE-base-base-ARU_GROUP-2027-002170,BST,WAGE-base-base-ARU_GROUP-2027-002170-EMP-052,EMP-052,,Mechanical employee,1,1,8620,8620,MODELED_CENSUS_ROLE_ALLOCATION_NOT_INDIVIDUAL_PAYSLIP,FORECAST,PUBLIC_SYNTHETIC_PLANNING_MODEL,2026-09-06T00:00:00-07:00
base,ARU_GROUP,2027,10,PAYROLL-base-202710-BST,base-ARU_GROUP-2027-002170,WAGE-base-base-ARU_GROUP-2027-002170,BST,WAGE-base-base-ARU_GROUP-2027-002170-EMP-053,EMP-053,,Mechanical employee,1,1,8620,8620,MODELED_CENSUS_ROLE_ALLOCATION_NOT_INDIVIDUAL_PAYSLIP,FORECAST,PUBLIC_SYNTHETIC_PLANNING_MODEL,2026-09-06T00:00:00-07:00
base,ARU_GROUP,2027,10,PAYROLL-base-202710-BST,base-ARU_GROUP-2027-002170,WAGE-base-base-ARU_GROUP-2027-002170,BST,WAGE-base-base-ARU_GROUP-2027-002170-EMP-054,EMP-054,,Mechanical employee,1,1,8620,8620,MODELED_CENSUS_ROLE_ALLOCATION_NOT_INDIVIDUAL_PAYSLIP,FORECAST,PUBLIC_SYNTHETIC_PLANNING_MODEL,2026-09-06T00:00:00-07:00
base,ARU_GROUP,2027,10,PAYROLL-base-202710-BST,base-ARU_GROUP-2027-002170,WAGE-base-base-ARU_GROUP-2027-002170,BST,WAGE-base-base-ARU_GROUP-2027-002170-EMP-055,EMP-055,,Mechanical employee,1,1,8620,8620,MODELED_CENSUS_ROLE_ALLOCATION_NOT_INDIVIDUAL_PAYSLIP,FORECAST,PUBLIC_SYNTHETIC_PLANNING_MODEL,2026-09-06T00:00:00-07:00
base,ARU_GROUP,2027,10,PAYROLL-base-202710-BST,base-ARU_GROUP-2027-002170,WAGE-base-base-ARU_GROUP-2027-002170,BST,WAGE-base-base-ARU_GROUP-2027-002170-EMP-056,EMP-056,,Mechanical employee,1,1,8620,8620,MODELED_CENSUS_ROLE_ALLOCATION_NOT_INDIVIDUAL_PAYSLIP,FORECAST,PUBLIC_SYNTHETIC_PLANNING_MODEL,2026-09-06T00:00:00-07:00
base,ARU_GROUP,2027,10,PAYROLL-base-202710-BST,base-ARU_GROUP-2027-002170,WAGE-base-base-ARU_GROUP-2027-002170,BST,WAGE-base-base-ARU_GROUP-2027-002170-EMP-057,EMP-057,,Operations employee,1,1,8045,8045,MODELED_CENSUS_ROLE_ALLOCATION_NOT_INDIVIDUAL_PAYSLIP,FORECAST,PUBLIC_SYNTHETIC_PLANNING_MODEL,2026-09-06T00:00:00-07:00
base,ARU_GROUP,2027,10,PAYROLL-base-202710-BST,base-ARU_GROUP-2027-002170,WAGE-base-base-ARU_GROUP-2027-002170,BST,WAGE-base-base-ARU_GROUP-2027-002170-EMP-058,EMP-058,,Operations employee,1,1,8045,8045,MODELED_CENSUS_ROLE_ALLOCATION_NOT_INDIVIDUAL_PAYSLIP,FORECAST,PUBLIC_SYNTHETIC_PLANNING_MODEL,2026-09-06T00:00:00-07:00
base,ARU_GROUP,2027,10,PAYROLL-base-202710-BST,base-ARU_GROUP-2027-002170,WAGE-base-base-ARU_GROUP-2027-002170,BST,WAGE-base-base-ARU_GROUP-2027-002170-EMP-059,EMP-059,,Operations employee,1,1,8045,8045,MODELED_CENSUS_ROLE_ALLOCATION_NOT_INDIVIDUAL_PAYSLIP,FORECAST,PUBLIC_SYNTHETIC_PLANNING_MODEL,2026-09-06T00:00:00-07:00
base,ARU_GROUP,2027,10,PAYROLL-base-202710-BST,base-ARU_GROUP-2027-002170,WAGE-base-base-ARU_GROUP-2027-002170,BST,WAGE-base-base-ARU_GROUP-2027-002170-EMP-060,EMP-060,,Operations employee,1,1,8045,8045,MODELED_CENSUS_ROLE_ALLOCATION_NOT_INDIVIDUAL_PAYSLIP,FORECAST,PUBLIC_SYNTHETIC_PLANNING_MODEL,2026-09-06T00:00:00-07:00
base,ARU_GROUP,2027,10,PAYROLL-base-202710-BST,base-ARU_GROUP-2027-002170,WAGE-base-base-ARU_GROUP-2027-002170,BST,WAGE-base-base-ARU_GROUP-2027-002170-EMP-061,EMP-061,,Operations employee,1,1,8045,8045,MODELED_CENSUS_ROLE_ALLOCATION_NOT_INDIVIDUAL_PAYSLIP,FORECAST,PUBLIC_SYNTHETIC_PLANNING_MODEL,2026-09-06T00:00:00-07:00
base,ARU_GROUP,2027,10,PAYROLL-base-202710-BST,base-ARU_GROUP-2027-002170,WAGE-base-base-ARU_GROUP-2027-002170,BST,WAGE-base-base-ARU_GROUP-2027-002170-EMP-062,EMP-062,,Safety employee,1,1,8620,8620,MODELED_CENSUS_ROLE_ALLOCATION_NOT_INDIVIDUAL_PAYSLIP,FORECAST,PUBLIC_SYNTHETIC_PLANNING_MODEL,2026-09-06T00:00:00-07:00
base,ARU_GROUP,2027,10,PAYROLL-base-202710-BST,base-ARU_GROUP-2027-002170,WAGE-base-base-ARU_GROUP-2027-002170,BST,WAGE-base-base-ARU_GROUP-2027-002170-EMP-063,EMP-063,,Safety employee,1,1,8620,8620,MODELED_CENSUS_ROLE_ALLOCATION_NOT_INDIVIDUAL_PAYSLIP,FORECAST,PUBLIC_SYNTHETIC_PLANNING_MODEL,2026-09-06T00:00:00-07:00
base,ARU_GROUP,2027,10,PAYROLL-base-202710-BST,base-ARU_GROUP-2027-002170,WAGE-base-base-ARU_GROUP-2027-002170,BST,WAGE-base-base-ARU_GROUP-2027-002170-EMP-064,EMP-064,,Management employee,1,1,8620,8620,MODELED_CENSUS_ROLE_ALLOCATION_NOT_INDIVIDUAL_PAYSLIP,FORECAST,PUBLIC_SYNTHETIC_PLANNING_MODEL,2026-09-06T00:00:00-07:00
base,ARU_GROUP,2027,10,PAYROLL-base-202710-BST,base-ARU_GROUP-2027-002170,WAGE-base-base-ARU_GROUP-2027-002170,BST,WAGE-base-base-ARU_GROUP-2027-002170-EMP-065,EMP-065,,Management employee,1,1,8620,8620,MODELED_CENSUS_ROLE_ALLOCATION_NOT_INDIVIDUAL_PAYSLIP,FORECAST,PUBLIC_SYNTHETIC_PLANNING_MODEL,2026-09-06T00:00:00-07:00
base,ARU_GROUP,2027,10,PAYROLL-base-202710-BST,base-ARU_GROUP-2027-002170,WAGE-base-base-ARU_GROUP-2027-002170,BST,WAGE-base-base-ARU_GROUP-2027-002170-EMP-066,EMP-066,,Management employee,1,1,8620,8620,MODELED_CENSUS_ROLE_ALLOCATION_NOT_INDIVIDUAL_PAYSLIP,FORECAST,PUBLIC_SYNTHETIC_PLANNING_MODEL,2026-09-06T00:00:00-07:00
base,ARU_GROUP,2027,10,PAYROLL-base-202710-BST,base-ARU_GROUP-2027-002170,WAGE-base-base-ARU_GROUP-2027-002170,BST,WAGE-base-base-ARU_GROUP-2027-002170-EMP-067,EMP-067,,Management employee,1,1,8620,8620,MODELED_CENSUS_ROLE_ALLOCATION_NOT_INDIVIDUAL_PAYSLIP,FORECAST,PUBLIC_SYNTHETIC_PLANNING_MODEL,2026-09-06T00:00:00-07:00
base,ARU_GROUP,2027,10,PAYROLL-base-202710-BST,base-ARU_GROUP-2027-002170,WAGE-base-base-ARU_GROUP-2027-002170,BST,WAGE-base-base-ARU_GROUP-2027-002170-EMP-068,EMP-068,,Management employee,1,1,8620,8620,MODELED_CENSUS_ROLE_ALLOCATION_NOT_INDIVIDUAL_PAYSLIP,FORECAST,PUBLIC_SYNTHETIC_PLANNING_MODEL,2026-09-06T00:00:00-07:00
base,ARU_GROUP,2027,10,PAYROLL-base-202710-BST,base-ARU_GROUP-2027-002170,WAGE-base-base-ARU_GROUP-2027-002170,BST,WAGE-base-base-ARU_GROUP-2027-002170-EMP-069,EMP-069,,Management employee,1,1,8620,8620,MODELED_CENSUS_ROLE_ALLOCATION_NOT_INDIVIDUAL_PAYSLIP,FORECAST,PUBLIC_SYNTHETIC_PLANNING_MODEL,2026-09-06T00:00:00-07:00
base,ARU_GROUP,2027,10,PAYROLL-base-202710-BST,base-ARU_GROUP-2027-002170,WAGE-base-base-ARU_GROUP-2027-002170,BST,WAGE-base-base-ARU_GROUP-2027-002170-EMP-070,EMP-070,,Management employee,1,1,8620,8620,MODELED_CENSUS_ROLE_ALLOCATION_NOT_INDIVIDUAL_PAYSLIP,FORECAST,PUBLIC_SYNTHETIC_PLANNING_MODEL,2026-09-06T00:00:00-07:00
base,ARU_GROUP,2027,10,PAYROLL-base-202710-BST,base-ARU_GROUP-2027-002170,WAGE-base-base-ARU_GROUP-2027-002170,BST,WAGE-base-base-ARU_GROUP-2027-002170-EMP-071,EMP-071,,Management employee,1,1,8619,8619,MODELED_CENSUS_ROLE_ALLOCATION_NOT_INDIVIDUAL_PAYSLIP,FORECAST,PUBLIC_SYNTHETIC_PLANNING_MODEL,2026-09-06T00:00:00-07:00
base,ARU_GROUP,2027,10,PAYROLL-base-202710-TERMINALS,base-ARU_GROUP-2027-002177,WAGE-base-base-ARU_GROUP-2027-002177,TERMINALS,WAGE-base-base-ARU_GROUP-2027-002177-EMP-012,EMP-012,,Terminal Manager,1,1,15515,15515,MODELED_CENSUS_ROLE_ALLOCATION_NOT_INDIVIDUAL_PAYSLIP,FORECAST,PUBLIC_SYNTHETIC_PLANNING_MODEL,2026-09-06T00:00:00-07:00
base,ARU_GROUP,2027,10,PAYROLL-base-202710-TERMINALS,base-ARU_GROUP-2027-002177,WAGE-base-base-ARU_GROUP-2027-002177,TERMINALS,WAGE-base-base-ARU_GROUP-2027-002177-EMP-072,EMP-072,,Terminal employee,1,1,7126,7126,MODELED_CENSUS_ROLE_ALLOCATION_NOT_INDIVIDUAL_PAYSLIP,FORECAST,PUBLIC_SYNTHETIC_PLANNING_MODEL,2026-09-06T00:00:00-07:00
base,ARU_GROUP,2027,10,PAYROLL-base-202710-TERMINALS,base-ARU_GROUP-2027-002177,WAGE-base-base-ARU_GROUP-2027-002177,TERMINALS,WAGE-base-base-ARU_GROUP-2027-002177-EMP-073,EMP-073,,Terminal employee,1,1,7126,7126,MODELED_CENSUS_ROLE_ALLOCATION_NOT_INDIVIDUAL_PAYSLIP,FORECAST,PUBLIC_SYNTHETIC_PLANNING_MODEL,2026-09-06T00:00:00-07:00
base,ARU_GROUP,2027,10,PAYROLL-base-202710-TERMINALS,base-ARU_GROUP-2027-002177,WAGE-base-base-ARU_GROUP-2027-002177,TERMINALS,WAGE-base-base-ARU_GROUP-2027-002177-EMP-074,EMP-074,,Terminal employee,1,1,7126,7126,MODELED_CENSUS_ROLE_ALLOCATION_NOT_INDIVIDUAL_PAYSLIP,FORECAST,PUBLIC_SYNTHETIC_PLANNING_MODEL,2026-09-06T00:00:00-07:00
base,ARU_GROUP,2027,10,PAYROLL-base-202710-TERMINALS,base-ARU_GROUP-2027-002177,WAGE-base-base-ARU_GROUP-2027-002177,TERMINALS,WAGE-base-base-ARU_GROUP-2027-002177-EMP-075,EMP-075,,Terminal employee,1,1,7126,7126,MODELED_CENSUS_ROLE_ALLOCATION_NOT_INDIVIDUAL_PAYSLIP,FORECAST,PUBLIC_SYNTHETIC_PLANNING_MODEL,2026-09-06T00:00:00-07:00
base,ARU_GROUP,2027,10,PAYROLL-base-202710-TERMINALS,base-ARU_GROUP-2027-002177,WAGE-base-base-ARU_GROUP-2027-002177,TERMINALS,WAGE-base-base-ARU_GROUP-2027-002177-EMP-076,EMP-076,,Terminal employee,1,1,7126,7126,MODELED_CENSUS_ROLE_ALLOCATION_NOT_INDIVIDUAL_PAYSLIP,FORECAST,PUBLIC_SYNTHETIC_PLANNING_MODEL,2026-09-06T00:00:00-07:00
base,ARU_GROUP,2027,10,PAYROLL-base-202710-TERMINALS,base-ARU_GROUP-2027-002177,WAGE-base-base-ARU_GROUP-2027-002177,TERMINALS,WAGE-base-base-ARU_GROUP-2027-002177-EMP-077,EMP-077,,Terminal employee,1,1,7126,7126,MODELED_CENSUS_ROLE_ALLOCATION_NOT_INDIVIDUAL_PAYSLIP,FORECAST,PUBLIC_SYNTHETIC_PLANNING_MODEL,2026-09-06T00:00:00-07:00
base,ARU_GROUP,2027,10,PAYROLL-base-202710-TERMINALS,base-ARU_GROUP-2027-002177,WAGE-base-base-ARU_GROUP-2027-002177,TERMINALS,WAGE-base-base-ARU_GROUP-2027-002177-EMP-078,EMP-078,,Terminal employee,1,1,7126,7126,MODELED_CENSUS_ROLE_ALLOCATION_NOT_INDIVIDUAL_PAYSLIP,FORECAST,PUBLIC_SYNTHETIC_PLANNING_MODEL,2026-09-06T00:00:00-07:00
base,ARU_GROUP,2027,10,PAYROLL-base-202710-TERMINALS,base-ARU_GROUP-2027-002177,WAGE-base-base-ARU_GROUP-2027-002177,TERMINALS,WAGE-base-base-ARU_GROUP-2027-002177-EMP-079,EMP-079,,Terminal employee,1,1,7126,7126,MODELED_CENSUS_ROLE_ALLOCATION_NOT_INDIVIDUAL_PAYSLIP,FORECAST,PUBLIC_SYNTHETIC_PLANNING_MODEL,2026-09-06T00:00:00-07:00
base,ARU_GROUP,2027,10,PAYROLL-base-202710-TERMINALS,base-ARU_GROUP-2027-002177,WAGE-base-base-ARU_GROUP-2027-002177,TERMINALS,WAGE-base-base-ARU_GROUP-2027-002177-EMP-080,EMP-080,,Terminal employee,1,1,7126,7126,MODELED_CENSUS_ROLE_ALLOCATION_NOT_INDIVIDUAL_PAYSLIP,FORECAST,PUBLIC_SYNTHETIC_PLANNING_MODEL,2026-09-06T00:00:00-07:00
base,ARU_GROUP,2027,10,PAYROLL-base-202710-TERMINALS,base-ARU_GROUP-2027-002177,WAGE-base-base-ARU_GROUP-2027-002177,TERMINALS,WAGE-base-base-ARU_GROUP-2027-002177-EMP-081,EMP-081,,Terminal employee,1,1,7126,7126,MODELED_CENSUS_ROLE_ALLOCATION_NOT_INDIVIDUAL_PAYSLIP,FORECAST,PUBLIC_SYNTHETIC_PLANNING_MODEL,2026-09-06T00:00:00-07:00
base,ARU_GROUP,2027,10,PAYROLL-base-202710-TERMINALS,base-ARU_GROUP-2027-002177,WAGE-base-base-ARU_GROUP-2027-002177,TERMINALS,WAGE-base-base-ARU_GROUP-2027-002177-EMP-082,EMP-082,,Terminal employee,1,1,7126,7126,MODELED_CENSUS_ROLE_ALLOCATION_NOT_INDIVIDUAL_PAYSLIP,FORECAST,PUBLIC_SYNTHETIC_PLANNING_MODEL,2026-09-06T00:00:00-07:00
base,ARU_GROUP,2027,10,PAYROLL-base-202710-TERMINALS,base-ARU_GROUP-2027-002177,WAGE-base-base-ARU_GROUP-2027-002177,TERMINALS,WAGE-base-base-ARU_GROUP-2027-002177-EMP-083,EMP-083,,Terminal employee,1,1,7126,7126,MODELED_CENSUS_ROLE_ALLOCATION_NOT_INDIVIDUAL_PAYSLIP,FORECAST,PUBLIC_SYNTHETIC_PLANNING_MODEL,2026-09-06T00:00:00-07:00
base,ARU_GROUP,2027,10,PAYROLL-base-202710-TERMINALS,base-ARU_GROUP-2027-002177,WAGE-base-base-ARU_GROUP-2027-002177,TERMINALS,WAGE-base-base-ARU_GROUP-2027-002177-EMP-084,EMP-084,,Terminal employee,1,1,7126,7126,MODELED_CENSUS_ROLE_ALLOCATION_NOT_INDIVIDUAL_PAYSLIP,FORECAST,PUBLIC_SYNTHETIC_PLANNING_MODEL,2026-09-06T00:00:00-07:00
base,ARU_GROUP,2027,10,PAYROLL-base-202710-TERMINALS,base-ARU_GROUP-2027-002177,WAGE-base-base-ARU_GROUP-2027-002177,TERMINALS,WAGE-base-base-ARU_GROUP-2027-002177-EMP-085,EMP-085,,Terminal employee,1,1,7126,7126,MODELED_CENSUS_ROLE_ALLOCATION_NOT_INDIVIDUAL_PAYSLIP,FORECAST,PUBLIC_SYNTHETIC_PLANNING_MODEL,2026-09-06T00:00:00-07:00
base,ARU_GROUP,2027,10,PAYROLL-base-202710-TERMINALS,base-ARU_GROUP-2027-002177,WAGE-base-base-ARU_GROUP-2027-002177,TERMINALS,WAGE-base-base-ARU_GROUP-2027-002177-EMP-086,EMP-086,,Terminal employee,1,1,7126,7126,MODELED_CENSUS_ROLE_ALLOCATION_NOT_INDIVIDUAL_PAYSLIP,FORECAST,PUBLIC_SYNTHETIC_PLANNING_MODEL,2026-09-06T00:00:00-07:00
base,ARU_GROUP,2027,10,PAYROLL-base-202710-TERMINALS,base-ARU_GROUP-2027-002177,WAGE-base-base-ARU_GROUP-2027-002177,TERMINALS,WAGE-base-base-ARU_GROUP-2027-002177-EMP-087,EMP-087,,Terminal employee,1,1,7126,7126,MODELED_CENSUS_ROLE_ALLOCATION_NOT_INDIVIDUAL_PAYSLIP,FORECAST,PUBLIC_SYNTHETIC_PLANNING_MODEL,2026-09-06T00:00:00-07:00
base,ARU_GROUP,2027,10,PAYROLL-base-202710-TERMINALS,base-ARU_GROUP-2027-002177,WAGE-base-base-ARU_GROUP-2027-002177,TERMINALS,WAGE-base-base-ARU_GROUP-2027-002177-EMP-088,EMP-088,,Terminal employee,1,1,7126,7126,MODELED_CENSUS_ROLE_ALLOCATION_NOT_INDIVIDUAL_PAYSLIP,FORECAST,PUBLIC_SYNTHETIC_PLANNING_MODEL,2026-09-06T00:00:00-07:00
base,ARU_GROUP,2027,10,PAYROLL-base-202710-TERMINALS,base-ARU_GROUP-2027-002177,WAGE-base-base-ARU_GROUP-2027-002177,TERMINALS,WAGE-base-base-ARU_GROUP-2027-002177-EMP-089,EMP-089,,Terminal employee,1,1,7126,7126,MODELED_CENSUS_ROLE_ALLOCATION_NOT_INDIVIDUAL_PAYSLIP,FORECAST,PUBLIC_SYNTHETIC_PLANNING_MODEL,2026-09-06T00:00:00-07:00
base,ARU_GROUP,2027,10,PAYROLL-base-202710-TERMINALS,base-ARU_GROUP-2027-002177,WAGE-base-base-ARU_GROUP-2027-002177,TERMINALS,WAGE-base-base-ARU_GROUP-2027-002177-EMP-090,EMP-090,,Terminal employee,1,1,7126,7126,MODELED_CENSUS_ROLE_ALLOCATION_NOT_INDIVIDUAL_PAYSLIP,FORECAST,PUBLIC_SYNTHETIC_PLANNING_MODEL,2026-09-06T00:00:00-07:00
base,ARU_GROUP,2027,10,PAYROLL-base-202710-TERMINALS,base-ARU_GROUP-2027-002177,WAGE-base-base-ARU_GROUP-2027-002177,TERMINALS,WAGE-base-base-ARU_GROUP-2027-002177-EMP-091,EMP-091,,Terminal employee,1,1,7125,7125,MODELED_CENSUS_ROLE_ALLOCATION_NOT_INDIVIDUAL_PAYSLIP,FORECAST,PUBLIC_SYNTHETIC_PLANNING_MODEL,2026-09-06T00:00:00-07:00
base,ARU_GROUP,2027,10,PAYROLL-base-202710-TERMINALS,base-ARU_GROUP-2027-002177,WAGE-base-base-ARU_GROUP-2027-002177,TERMINALS,WAGE-base-base-ARU_GROUP-2027-002177-EMP-092,EMP-092,,Terminal employee,1,1,7125,7125,MODELED_CENSUS_ROLE_ALLOCATION_NOT_INDIVIDUAL_PAYSLIP,FORECAST,PUBLIC_SYNTHETIC_PLANNING_MODEL,2026-09-06T00:00:00-07:00
base,ARU_GROUP,2027,10,PAYROLL-base-202710-TERMINALS,base-ARU_GROUP-2027-002177,WAGE-base-base-ARU_GROUP-2027-002177,TERMINALS,WAGE-base-base-ARU_GROUP-2027-002177-EMP-093,EMP-093,,Terminal employee,1,1,7125,7125,MODELED_CENSUS_ROLE_ALLOCATION_NOT_INDIVIDUAL_PAYSLIP,FORECAST,PUBLIC_SYNTHETIC_PLANNING_MODEL,2026-09-06T00:00:00-07:00
base,ARU_GROUP,2027,10,PAYROLL-base-202710-TERMINALS,base-ARU_GROUP-2027-002177,WAGE-base-base-ARU_GROUP-2027-002177,TERMINALS,WAGE-base-base-ARU_GROUP-2027-002177-EMP-094,EMP-094,,Terminal employee,1,1,7125,7125,MODELED_CENSUS_ROLE_ALLOCATION_NOT_INDIVIDUAL_PAYSLIP,FORECAST,PUBLIC_SYNTHETIC_PLANNING_MODEL,2026-09-06T00:00:00-07:00
base,ARU_GROUP,2027,10,PAYROLL-base-202710-TERMINALS,base-ARU_GROUP-2027-002177,WAGE-base-base-ARU_GROUP-2027-002177,TERMINALS,WAGE-base-base-ARU_GROUP-2027-002177-EMP-095,EMP-095,,Terminal employee,1,1,7125,7125,MODELED_CENSUS_ROLE_ALLOCATION_NOT_INDIVIDUAL_PAYSLIP,FORECAST,PUBLIC_SYNTHETIC_PLANNING_MODEL,2026-09-06T00:00:00-07:00
base,ARU_GROUP,2027,10,PAYROLL-base-202710-TERMINALS,base-ARU_GROUP-2027-002177,WAGE-base-base-ARU_GROUP-2027-002177,TERMINALS,WAGE-base-base-ARU_GROUP-2027-002177-EMP-096,EMP-096,,Terminal employee,1,1,7125,7125,MODELED_CENSUS_ROLE_ALLOCATION_NOT_INDIVIDUAL_PAYSLIP,FORECAST,PUBLIC_SYNTHETIC_PLANNING_MODEL,2026-09-06T00:00:00-07:00
base,ARU_GROUP,2027,10,PAYROLL-base-202710-TERMINALS,base-ARU_GROUP-2027-002177,WAGE-base-base-ARU_GROUP-2027-002177,TERMINALS,WAGE-base-base-ARU_GROUP-2027-002177-EMP-097,EMP-097,,Terminal employee,1,1,7125,7125,MODELED_CENSUS_ROLE_ALLOCATION_NOT_INDIVIDUAL_PAYSLIP,FORECAST,PUBLIC_SYNTHETIC_PLANNING_MODEL,2026-09-06T00:00:00-07:00
base,ARU_GROUP,2027,10,PAYROLL-base-202710-TRUCKING,base-ARU_GROUP-2027-002184,WAGE-base-base-ARU_GROUP-2027-002184,TRUCKING,WAGE-base-base-ARU_GROUP-2027-002184-EMP-013,EMP-013,,Trucking Manager,1,1,14367,14367,MODELED_CENSUS_ROLE_ALLOCATION_NOT_INDIVIDUAL_PAYSLIP,FORECAST,PUBLIC_SYNTHETIC_PLANNING_MODEL,2026-09-06T00:00:00-07:00
base,ARU_GROUP,2027,10,PAYROLL-base-202710-TRUCKING,base-ARU_GROUP-2027-002184,WAGE-base-base-ARU_GROUP-2027-002184,TRUCKING,WAGE-base-base-ARU_GROUP-2027-002184-EMP-098,EMP-098,,Qualified regional industrial driver,1,1,7816,7816,MODELED_CENSUS_ROLE_ALLOCATION_NOT_INDIVIDUAL_PAYSLIP,FORECAST,PUBLIC_SYNTHETIC_PLANNING_MODEL,2026-09-06T00:00:00-07:00
base,ARU_GROUP,2027,10,PAYROLL-base-202710-TRUCKING,base-ARU_GROUP-2027-002184,WAGE-base-base-ARU_GROUP-2027-002184,TRUCKING,WAGE-base-base-ARU_GROUP-2027-002184-EMP-099,EMP-099,,Qualified regional industrial driver,1,1,7816,7816,MODELED_CENSUS_ROLE_ALLOCATION_NOT_INDIVIDUAL_PAYSLIP,FORECAST,PUBLIC_SYNTHETIC_PLANNING_MODEL,2026-09-06T00:00:00-07:00
base,ARU_GROUP,2027,10,PAYROLL-base-202710-TRUCKING,base-ARU_GROUP-2027-002184,WAGE-base-base-ARU_GROUP-2027-002184,TRUCKING,WAGE-base-base-ARU_GROUP-2027-002184-EMP-100,EMP-100,,Qualified regional industrial driver,1,1,7816,7816,MODELED_CENSUS_ROLE_ALLOCATION_NOT_INDIVIDUAL_PAYSLIP,FORECAST,PUBLIC_SYNTHETIC_PLANNING_MODEL,2026-09-06T00:00:00-07:00
base,ARU_GROUP,2027,10,PAYROLL-base-202710-TRUCKING,base-ARU_GROUP-2027-002184,WAGE-base-base-ARU_GROUP-2027-002184,TRUCKING,WAGE-base-base-ARU_GROUP-2027-002184-EMP-101,EMP-101,,Qualified regional industrial driver,1,1,7816,7816,MODELED_CENSUS_ROLE_ALLOCATION_NOT_INDIVIDUAL_PAYSLIP,FORECAST,PUBLIC_SYNTHETIC_PLANNING_MODEL,2026-09-06T00:00:00-07:00
base,ARU_GROUP,2027,10,PAYROLL-base-202710-TRUCKING,base-ARU_GROUP-2027-002184,WAGE-base-base-ARU_GROUP-2027-002184,TRUCKING,WAGE-base-base-ARU_GROUP-2027-002184-EMP-102,EMP-102,,Qualified regional industrial driver,1,1,7816,7816,MODELED_CENSUS_ROLE_ALLOCATION_NOT_INDIVIDUAL_PAYSLIP,FORECAST,PUBLIC_SYNTHETIC_PLANNING_MODEL,2026-09-06T00:00:00-07:00
base,ARU_GROUP,2027,10,PAYROLL-base-202710-TRUCKING,base-ARU_GROUP-2027-002184,WAGE-base-base-ARU_GROUP-2027-002184,TRUCKING,WAGE-base-base-ARU_GROUP-2027-002184-EMP-103,EMP-103,,Qualified regional industrial driver,1,1,7816,7816,MODELED_CENSUS_ROLE_ALLOCATION_NOT_INDIVIDUAL_PAYSLIP,FORECAST,PUBLIC_SYNTHETIC_PLANNING_MODEL,2026-09-06T00:00:00-07:00
base,ARU_GROUP,2027,10,PAYROLL-base-202710-TRUCKING,base-ARU_GROUP-2027-002184,WAGE-base-base-ARU_GROUP-2027-002184,TRUCKING,WAGE-base-base-ARU_GROUP-2027-002184-EMP-104,EMP-104,,Qualified regional industrial driver,1,1,7815,7815,MODELED_CENSUS_ROLE_ALLOCATION_NOT_INDIVIDUAL_PAYSLIP,FORECAST,PUBLIC_SYNTHETIC_PLANNING_MODEL,2026-09-06T00:00:00-07:00
base,ARU_GROUP,2027,10,PAYROLL-base-202710-TRUCKING,base-ARU_GROUP-2027-002184,WAGE-base-base-ARU_GROUP-2027-002184,TRUCKING,WAGE-base-base-ARU_GROUP-2027-002184-EMP-105,EMP-105,,Qualified regional industrial driver,1,1,7815,7815,MODELED_CENSUS_ROLE_ALLOCATION_NOT_INDIVIDUAL_PAYSLIP,FORECAST,PUBLIC_SYNTHETIC_PLANNING_MODEL,2026-09-06T00:00:00-07:00
base,ARU_GROUP,2027,10,PAYROLL-base-202710-TRUCKING,base-ARU_GROUP-2027-002184,WAGE-base-base-ARU_GROUP-2027-002184,TRUCKING,WAGE-base-base-ARU_GROUP-2027-002184-EMP-106,EMP-106,,Qualified regional industrial driver,1,1,7815,7815,MODELED_CENSUS_ROLE_ALLOCATION_NOT_INDIVIDUAL_PAYSLIP,FORECAST,PUBLIC_SYNTHETIC_PLANNING_MODEL,2026-09-06T00:00:00-07:00
base,ARU_GROUP,2027,10,PAYROLL-base-202710-TRUCKING,base-ARU_GROUP-2027-002184,WAGE-base-base-ARU_GROUP-2027-002184,TRUCKING,WAGE-base-base-ARU_GROUP-2027-002184-EMP-107,EMP-107,,Qualified regional industrial driver,1,1,7815,7815,MODELED_CENSUS_ROLE_ALLOCATION_NOT_INDIVIDUAL_PAYSLIP,FORECAST,PUBLIC_SYNTHETIC_PLANNING_MODEL,2026-09-06T00:00:00-07:00
base,ARU_GROUP,2027,10,PAYROLL-base-202710-TRUCKING,base-ARU_GROUP-2027-002184,WAGE-base-base-ARU_GROUP-2027-002184,TRUCKING,WAGE-base-base-ARU_GROUP-2027-002184-EMP-108,EMP-108,,Qualified regional industrial driver,1,1,7815,7815,MODELED_CENSUS_ROLE_ALLOCATION_NOT_INDIVIDUAL_PAYSLIP,FORECAST,PUBLIC_SYNTHETIC_PLANNING_MODEL,2026-09-06T00:00:00-07:00
base,ARU_GROUP,2027,10,PAYROLL-base-202710-TRUCKING,base-ARU_GROUP-2027-002184,WAGE-base-base-ARU_GROUP-2027-002184,TRUCKING,WAGE-base-base-ARU_GROUP-2027-002184-EMP-109,EMP-109,,Qualified regional industrial driver,1,1,7815,7815,MODELED_CENSUS_ROLE_ALLOCATION_NOT_INDIVIDUAL_PAYSLIP,FORECAST,PUBLIC_SYNTHETIC_PLANNING_MODEL,2026-09-06T00:00:00-07:00
base,ARU_GROUP,2027,10,PAYROLL-base-202710-TRUCKING,base-ARU_GROUP-2027-002184,WAGE-base-base-ARU_GROUP-2027-002184,TRUCKING,WAGE-base-base-ARU_GROUP-2027-002184-EMP-110,EMP-110,,Qualified regional industrial driver,1,1,7815,7815,MODELED_CENSUS_ROLE_ALLOCATION_NOT_INDIVIDUAL_PAYSLIP,FORECAST,PUBLIC_SYNTHETIC_PLANNING_MODEL,2026-09-06T00:00:00-07:00
base,ARU_GROUP,2027,10,PAYROLL-base-202710-TRUCKING,base-ARU_GROUP-2027-002184,WAGE-base-base-ARU_GROUP-2027-002184,TRUCKING,WAGE-base-base-ARU_GROUP-2027-002184-EMP-111,EMP-111,,Qualified regional industrial driver,1,1,7815,7815,MODELED_CENSUS_ROLE_ALLOCATION_NOT_INDIVIDUAL_PAYSLIP,FORECAST,PUBLIC_SYNTHETIC_PLANNING_MODEL,2026-09-06T00:00:00-07:00
base,ARU_GROUP,2027,10,PAYROLL-base-202710-TRUCKING,base-ARU_GROUP-2027-002184,WAGE-base-base-ARU_GROUP-2027-002184,TRUCKING,WAGE-base-base-ARU_GROUP-2027-002184-EMP-112,EMP-112,,Qualified regional industrial driver,1,1,7815,7815,MODELED_CENSUS_ROLE_ALLOCATION_NOT_INDIVIDUAL_PAYSLIP,FORECAST,PUBLIC_SYNTHETIC_PLANNING_MODEL,2026-09-06T00:00:00-07:00
base,ARU_GROUP,2027,10,PAYROLL-base-202710-TRUCKING,base-ARU_GROUP-2027-002184,WAGE-base-base-ARU_GROUP-2027-002184,TRUCKING,WAGE-base-base-ARU_GROUP-2027-002184-EMP-113,EMP-113,,Qualified regional industrial driver,1,1,7815,7815,MODELED_CENSUS_ROLE_ALLOCATION_NOT_INDIVIDUAL_PAYSLIP,FORECAST,PUBLIC_SYNTHETIC_PLANNING_MODEL,2026-09-06T00:00:00-07:00
base,ARU_GROUP,2027,10,PAYROLL-base-202710-TRUCKING,base-ARU_GROUP-2027-002184,WAGE-base-base-ARU_GROUP-2027-002184,TRUCKING,WAGE-base-base-ARU_GROUP-2027-002184-EMP-114,EMP-114,,Qualified regional industrial driver,1,1,7815,7815,MODELED_CENSUS_ROLE_ALLOCATION_NOT_INDIVIDUAL_PAYSLIP,FORECAST,PUBLIC_SYNTHETIC_PLANNING_MODEL,2026-09-06T00:00:00-07:00
base,ARU_GROUP,2027,10,PAYROLL-base-202710-TRUCKING,base-ARU_GROUP-2027-002184,WAGE-base-base-ARU_GROUP-2027-002184,TRUCKING,WAGE-base-base-ARU_GROUP-2027-002184-EMP-115,EMP-115,,Qualified regional industrial driver,1,1,7815,7815,MODELED_CENSUS_ROLE_ALLOCATION_NOT_INDIVIDUAL_PAYSLIP,FORECAST,PUBLIC_SYNTHETIC_PLANNING_MODEL,2026-09-06T00:00:00-07:00
base,ARU_GROUP,2027,10,PAYROLL-base-202710-TRUCKING,base-ARU_GROUP-2027-002184,WAGE-base-base-ARU_GROUP-2027-002184,TRUCKING,WAGE-base-base-ARU_GROUP-2027-002184-EMP-116,EMP-116,,Qualified regional industrial driver,1,1,7815,7815,MODELED_CENSUS_ROLE_ALLOCATION_NOT_INDIVIDUAL_PAYSLIP,FORECAST,PUBLIC_SYNTHETIC_PLANNING_MODEL,2026-09-06T00:00:00-07:00
base,ARU_GROUP,2027,10,PAYROLL-base-202710-TRUCKING,base-ARU_GROUP-2027-002184,WAGE-base-base-ARU_GROUP-2027-002184,TRUCKING,WAGE-base-base-ARU_GROUP-2027-002184-EMP-117,EMP-117,,Qualified regional industrial driver,1,1,7815,7815,MODELED_CENSUS_ROLE_ALLOCATION_NOT_INDIVIDUAL_PAYSLIP,FORECAST,PUBLIC_SYNTHETIC_PLANNING_MODEL,2026-09-06T00:00:00-07:00
base,ARU_GROUP,2027,10,PAYROLL-base-202710-TRUCKING,base-ARU_GROUP-2027-002184,WAGE-base-base-ARU_GROUP-2027-002184,TRUCKING,WAGE-base-base-ARU_GROUP-2027-002184-EMP-118,EMP-118,,Truck dispatcher,1,1,7815,7815,MODELED_CENSUS_ROLE_ALLOCATION_NOT_INDIVIDUAL_PAYSLIP,FORECAST,PUBLIC_SYNTHETIC_PLANNING_MODEL,2026-09-06T00:00:00-07:00
base,ARU_GROUP,2027,10,PAYROLL-base-202710-TRUCKING,base-ARU_GROUP-2027-002184,WAGE-base-base-ARU_GROUP-2027-002184,TRUCKING,WAGE-base-base-ARU_GROUP-2027-002184-EMP-119,EMP-119,,Truck fleet mechanic,1,1,7815,7815,MODELED_CENSUS_ROLE_ALLOCATION_NOT_INDIVIDUAL_PAYSLIP,FORECAST,PUBLIC_SYNTHETIC_PLANNING_MODEL,2026-09-06T00:00:00-07:00
base,ARU_GROUP,2027,10,PAYROLL-base-202710-TRUCKING,base-ARU_GROUP-2027-002184,WAGE-base-base-ARU_GROUP-2027-002184,TRUCKING,WAGE-base-base-ARU_GROUP-2027-002184-EMP-120,EMP-120,,Truck fleet mechanic,1,1,7815,7815,MODELED_CENSUS_ROLE_ALLOCATION_NOT_INDIVIDUAL_PAYSLIP,FORECAST,PUBLIC_SYNTHETIC_PLANNING_MODEL,2026-09-06T00:00:00-07:00
base,ARU_GROUP,2027,10,PAYROLL-base-202710-WAREHOUSE,base-ARU_GROUP-2027-002191,WAGE-base-base-ARU_GROUP-2027-002191,WAREHOUSE,WAGE-base-base-ARU_GROUP-2027-002191-EMP-014,EMP-014,,Warehouse Manager,1,1,13792,13792,MODELED_CENSUS_ROLE_ALLOCATION_NOT_INDIVIDUAL_PAYSLIP,FORECAST,PUBLIC_SYNTHETIC_PLANNING_MODEL,2026-09-06T00:00:00-07:00
base,ARU_GROUP,2027,10,PAYROLL-base-202710-WAREHOUSE,base-ARU_GROUP-2027-002191,WAGE-base-base-ARU_GROUP-2027-002191,WAREHOUSE,WAGE-base-base-ARU_GROUP-2027-002191-EMP-121,EMP-121,,Warehouse employee,1,1,7126,7126,MODELED_CENSUS_ROLE_ALLOCATION_NOT_INDIVIDUAL_PAYSLIP,FORECAST,PUBLIC_SYNTHETIC_PLANNING_MODEL,2026-09-06T00:00:00-07:00
base,ARU_GROUP,2027,10,PAYROLL-base-202710-WAREHOUSE,base-ARU_GROUP-2027-002191,WAGE-base-base-ARU_GROUP-2027-002191,WAREHOUSE,WAGE-base-base-ARU_GROUP-2027-002191-EMP-122,EMP-122,,Warehouse employee,1,1,7126,7126,MODELED_CENSUS_ROLE_ALLOCATION_NOT_INDIVIDUAL_PAYSLIP,FORECAST,PUBLIC_SYNTHETIC_PLANNING_MODEL,2026-09-06T00:00:00-07:00
base,ARU_GROUP,2027,10,PAYROLL-base-202710-WAREHOUSE,base-ARU_GROUP-2027-002191,WAGE-base-base-ARU_GROUP-2027-002191,WAREHOUSE,WAGE-base-base-ARU_GROUP-2027-002191-EMP-123,EMP-123,,Warehouse employee,1,1,7126,7126,MODELED_CENSUS_ROLE_ALLOCATION_NOT_INDIVIDUAL_PAYSLIP,FORECAST,PUBLIC_SYNTHETIC_PLANNING_MODEL,2026-09-06T00:00:00-07:00
base,ARU_GROUP,2027,10,PAYROLL-base-202710-WAREHOUSE,base-ARU_GROUP-2027-002191,WAGE-base-base-ARU_GROUP-2027-002191,WAREHOUSE,WAGE-base-base-ARU_GROUP-2027-002191-EMP-124,EMP-124,,Warehouse employee,1,1,7126,7126,MODELED_CENSUS_ROLE_ALLOCATION_NOT_INDIVIDUAL_PAYSLIP,FORECAST,PUBLIC_SYNTHETIC_PLANNING_MODEL,2026-09-06T00:00:00-07:00
base,ARU_GROUP,2027,10,PAYROLL-base-202710-WAREHOUSE,base-ARU_GROUP-2027-002191,WAGE-base-base-ARU_GROUP-2027-002191,WAREHOUSE,WAGE-base-base-ARU_GROUP-2027-002191-EMP-125,EMP-125,,Warehouse employee,1,1,7126,7126,MODELED_CENSUS_ROLE_ALLOCATION_NOT_INDIVIDUAL_PAYSLIP,FORECAST,PUBLIC_SYNTHETIC_PLANNING_MODEL,2026-09-06T00:00:00-07:00
base,ARU_GROUP,2027,10,PAYROLL-base-202710-WAREHOUSE,base-ARU_GROUP-2027-002191,WAGE-base-base-ARU_GROUP-2027-002191,WAREHOUSE,WAGE-base-base-ARU_GROUP-2027-002191-EMP-126,EMP-126,,Warehouse employee,1,1,7126,7126,MODELED_CENSUS_ROLE_ALLOCATION_NOT_INDIVIDUAL_PAYSLIP,FORECAST,PUBLIC_SYNTHETIC_PLANNING_MODEL,2026-09-06T00:00:00-07:00
base,ARU_GROUP,2027,10,PAYROLL-base-202710-WAREHOUSE,base-ARU_GROUP-2027-002191,WAGE-base-base-ARU_GROUP-2027-002191,WAREHOUSE,WAGE-base-base-ARU_GROUP-2027-002191-EMP-127,EMP-127,,Warehouse employee,1,1,7126,7126,MODELED_CENSUS_ROLE_ALLOCATION_NOT_INDIVIDUAL_PAYSLIP,FORECAST,PUBLIC_SYNTHETIC_PLANNING_MODEL,2026-09-06T00:00:00-07:00
base,ARU_GROUP,2027,10,PAYROLL-base-202710-WAREHOUSE,base-ARU_GROUP-2027-002191,WAGE-base-base-ARU_GROUP-2027-002191,WAREHOUSE,WAGE-base-base-ARU_GROUP-2027-002191-EMP-128,EMP-128,,Warehouse employee,1,1,7126,7126,MODELED_CENSUS_ROLE_ALLOCATION_NOT_INDIVIDUAL_PAYSLIP,FORECAST,PUBLIC_SYNTHETIC_PLANNING_MODEL,2026-09-06T00:00:00-07:00
base,ARU_GROUP,2027,10,PAYROLL-base-202710-WAREHOUSE,base-ARU_GROUP-2027-002191,WAGE-base-base-ARU_GROUP-2027-002191,WAREHOUSE,WAGE-base-base-ARU_GROUP-2027-002191-EMP-129,EMP-129,,Warehouse employee,1,1,7125,7125,MODELED_CENSUS_ROLE_ALLOCATION_NOT_INDIVIDUAL_PAYSLIP,FORECAST,PUBLIC_SYNTHETIC_PLANNING_MODEL,2026-09-06T00:00:00-07:00
base,ARU_GROUP,2027,10,PAYROLL-base-202710-WAREHOUSE,base-ARU_GROUP-2027-002191,WAGE-base-base-ARU_GROUP-2027-002191,WAREHOUSE,WAGE-base-base-ARU_GROUP-2027-002191-EMP-130,EMP-130,,Warehouse employee,1,1,7125,7125,MODELED_CENSUS_ROLE_ALLOCATION_NOT_INDIVIDUAL_PAYSLIP,FORECAST,PUBLIC_SYNTHETIC_PLANNING_MODEL,2026-09-06T00:00:00-07:00
base,ARU_GROUP,2027,10,PAYROLL-base-202710-WAREHOUSE,base-ARU_GROUP-2027-002191,WAGE-base-base-ARU_GROUP-2027-002191,WAREHOUSE,WAGE-base-base-ARU_GROUP-2027-002191-EMP-131,EMP-131,,Warehouse employee,1,1,7125,7125,MODELED_CENSUS_ROLE_ALLOCATION_NOT_INDIVIDUAL_PAYSLIP,FORECAST,PUBLIC_SYNTHETIC_PLANNING_MODEL,2026-09-06T00:00:00-07:00
base,ARU_GROUP,2027,10,PAYROLL-base-202710-ARU,base-ARU_GROUP-2027-002198,WAGE-base-base-ARU_GROUP-2027-002198,ARU,WAGE-base-base-ARU_GROUP-2027-002198-EMP-001,EMP-001,,President and COO,1,1,27583,27583,MODELED_CENSUS_ROLE_ALLOCATION_NOT_INDIVIDUAL_PAYSLIP,FORECAST,PUBLIC_SYNTHETIC_PLANNING_MODEL,2026-09-06T00:00:00-07:00
base,ARU_GROUP,2027,10,PAYROLL-base-202710-ARU,base-ARU_GROUP-2027-002198,WAGE-base-base-ARU_GROUP-2027-002198,ARU,WAGE-base-base-ARU_GROUP-2027-002198-EMP-002,EMP-002,,Director Industrial Operations,1,1,20113,20113,MODELED_CENSUS_ROLE_ALLOCATION_NOT_INDIVIDUAL_PAYSLIP,FORECAST,PUBLIC_SYNTHETIC_PLANNING_MODEL,2026-09-06T00:00:00-07:00
base,ARU_GROUP,2027,10,PAYROLL-base-202710-ARU,base-ARU_GROUP-2027-002198,WAGE-base-base-ARU_GROUP-2027-002198,ARU,WAGE-base-base-ARU_GROUP-2027-002198-EMP-003,EMP-003,,Controller,1,1,18964,18964,MODELED_CENSUS_ROLE_ALLOCATION_NOT_INDIVIDUAL_PAYSLIP,FORECAST,PUBLIC_SYNTHETIC_PLANNING_MODEL,2026-09-06T00:00:00-07:00
base,ARU_GROUP,2027,10,PAYROLL-base-202710-ARU,base-ARU_GROUP-2027-002198,WAGE-base-base-ARU_GROUP-2027-002198,ARU,WAGE-base-base-ARU_GROUP-2027-002198-EMP-004,EMP-004,,Director Safety and Environment,1,1,17814,17814,MODELED_CENSUS_ROLE_ALLOCATION_NOT_INDIVIDUAL_PAYSLIP,FORECAST,PUBLIC_SYNTHETIC_PLANNING_MODEL,2026-09-06T00:00:00-07:00
base,ARU_GROUP,2027,10,PAYROLL-base-202710-ARU,base-ARU_GROUP-2027-002198,WAGE-base-base-ARU_GROUP-2027-002198,ARU,WAGE-base-base-ARU_GROUP-2027-002198-EMP-005,EMP-005,,People and Administration Manager,1,1,13217,13217,MODELED_CENSUS_ROLE_ALLOCATION_NOT_INDIVIDUAL_PAYSLIP,FORECAST,PUBLIC_SYNTHETIC_PLANNING_MODEL,2026-09-06T00:00:00-07:00
base,ARU_GROUP,2027,10,PAYROLL-base-202710-ARU,base-ARU_GROUP-2027-002198,WAGE-base-base-ARU_GROUP-2027-002198,ARU,WAGE-base-base-ARU_GROUP-2027-002198-EMP-006,EMP-006,,Procurement and Systems Manager,1,1,13217,13217,MODELED_CENSUS_ROLE_ALLOCATION_NOT_INDIVIDUAL_PAYSLIP,FORECAST,PUBLIC_SYNTHETIC_PLANNING_MODEL,2026-09-06T00:00:00-07:00
base,ARU_GROUP,2027,10,PAYROLL-base-202710-ARU,base-ARU_GROUP-2027-002198,WAGE-base-base-ARU_GROUP-2027-002198,ARU,WAGE-base-base-ARU_GROUP-2027-002198-EMP-015,EMP-015,,Corporate employee,1,1,8275,8275,MODELED_CENSUS_ROLE_ALLOCATION_NOT_INDIVIDUAL_PAYSLIP,FORECAST,PUBLIC_SYNTHETIC_PLANNING_MODEL,2026-09-06T00:00:00-07:00
base,ARU_GROUP,2027,10,PAYROLL-base-202710-ARU,base-ARU_GROUP-2027-002198,WAGE-base-base-ARU_GROUP-2027-002198,ARU,WAGE-base-base-ARU_GROUP-2027-002198-EMP-016,EMP-016,,Corporate employee,1,1,8275,8275,MODELED_CENSUS_ROLE_ALLOCATION_NOT_INDIVIDUAL_PAYSLIP,FORECAST,PUBLIC_SYNTHETIC_PLANNING_MODEL,2026-09-06T00:00:00-07:00
base,ARU_GROUP,2027,10,PAYROLL-base-202710-ARU,base-ARU_GROUP-2027-002198,WAGE-base-base-ARU_GROUP-2027-002198,ARU,WAGE-base-base-ARU_GROUP-2027-002198-EMP-017,EMP-017,,Corporate employee,1,1,8275,8275,MODELED_CENSUS_ROLE_ALLOCATION_NOT_INDIVIDUAL_PAYSLIP,FORECAST,PUBLIC_SYNTHETIC_PLANNING_MODEL,2026-09-06T00:00:00-07:00
base,ARU_GROUP,2027,10,PAYROLL-base-202710-ARU,base-ARU_GROUP-2027-002198,WAGE-base-base-ARU_GROUP-2027-002198,ARU,WAGE-base-base-ARU_GROUP-2027-002198-EMP-018,EMP-018,,Corporate employee,1,1,8275,8275,MODELED_CENSUS_ROLE_ALLOCATION_NOT_INDIVIDUAL_PAYSLIP,FORECAST,PUBLIC_SYNTHETIC_PLANNING_MODEL,2026-09-06T00:00:00-07:00
base,ARU_GROUP,2027,11,PAYROLL-base-202711-BST,base-ARU_GROUP-2027-002427,WAGE-base-base-ARU_GROUP-2027-002427,BST,WAGE-base-base-ARU_GROUP-2027-002427-EMP-007,EMP-007,,General Manager,1,1,21837,21837,MODELED_CENSUS_ROLE_ALLOCATION_NOT_INDIVIDUAL_PAYSLIP,FORECAST,PUBLIC_SYNTHETIC_PLANNING_MODEL,2026-09-06T00:00:00-07:00
base,ARU_GROUP,2027,11,PAYROLL-base-202711-BST,base-ARU_GROUP-2027-002427,WAGE-base-base-ARU_GROUP-2027-002427,BST,WAGE-base-base-ARU_GROUP-2027-002427-EMP-008,EMP-008,,Operations and Dispatch Manager,1,1,14366,14366,MODELED_CENSUS_ROLE_ALLOCATION_NOT_INDIVIDUAL_PAYSLIP,FORECAST,PUBLIC_SYNTHETIC_PLANNING_MODEL,2026-09-06T00:00:00-07:00
base,ARU_GROUP,2027,11,PAYROLL-base-202711-BST,base-ARU_GROUP-2027-002427,WAGE-base-base-ARU_GROUP-2027-002427,BST,WAGE-base-base-ARU_GROUP-2027-002427-EMP-009,EMP-009,,Working MOW Foreman,1,1,11493,11493,MODELED_CENSUS_ROLE_ALLOCATION_NOT_INDIVIDUAL_PAYSLIP,FORECAST,PUBLIC_SYNTHETIC_PLANNING_MODEL,2026-09-06T00:00:00-07:00
base,ARU_GROUP,2027,11,PAYROLL-base-202711-BST,base-ARU_GROUP-2027-002427,WAGE-base-base-ARU_GROUP-2027-002427,BST,WAGE-base-base-ARU_GROUP-2027-002427-EMP-010,EMP-010,,Mechanical Foreman,1,1,12642,12642,MODELED_CENSUS_ROLE_ALLOCATION_NOT_INDIVIDUAL_PAYSLIP,FORECAST,PUBLIC_SYNTHETIC_PLANNING_MODEL,2026-09-06T00:00:00-07:00
base,ARU_GROUP,2027,11,PAYROLL-base-202711-BST,base-ARU_GROUP-2027-002427,WAGE-base-base-ARU_GROUP-2027-002427,BST,WAGE-base-base-ARU_GROUP-2027-002427-EMP-011,EMP-011,,Safety and Compliance Manager,1,1,12067,12067,MODELED_CENSUS_ROLE_ALLOCATION_NOT_INDIVIDUAL_PAYSLIP,FORECAST,PUBLIC_SYNTHETIC_PLANNING_MODEL,2026-09-06T00:00:00-07:00
base,ARU_GROUP,2027,11,PAYROLL-base-202711-BST,base-ARU_GROUP-2027-002427,WAGE-base-base-ARU_GROUP-2027-002427,BST,WAGE-base-base-ARU_GROUP-2027-002427-EMP-019,EMP-019,,Train Engine employee,1,1,8390,8390,MODELED_CENSUS_ROLE_ALLOCATION_NOT_INDIVIDUAL_PAYSLIP,FORECAST,PUBLIC_SYNTHETIC_PLANNING_MODEL,2026-09-06T00:00:00-07:00
base,ARU_GROUP,2027,11,PAYROLL-base-202711-BST,base-ARU_GROUP-2027-002427,WAGE-base-base-ARU_GROUP-2027-002427,BST,WAGE-base-base-ARU_GROUP-2027-002427-EMP-020,EMP-020,,Train Engine employee,1,1,8390,8390,MODELED_CENSUS_ROLE_ALLOCATION_NOT_INDIVIDUAL_PAYSLIP,FORECAST,PUBLIC_SYNTHETIC_PLANNING_MODEL,2026-09-06T00:00:00-07:00
base,ARU_GROUP,2027,11,PAYROLL-base-202711-BST,base-ARU_GROUP-2027-002427,WAGE-base-base-ARU_GROUP-2027-002427,BST,WAGE-base-base-ARU_GROUP-2027-002427-EMP-021,EMP-021,,Train Engine employee,1,1,8390,8390,MODELED_CENSUS_ROLE_ALLOCATION_NOT_INDIVIDUAL_PAYSLIP,FORECAST,PUBLIC_SYNTHETIC_PLANNING_MODEL,2026-09-06T00:00:00-07:00
base,ARU_GROUP,2027,11,PAYROLL-base-202711-BST,base-ARU_GROUP-2027-002427,WAGE-base-base-ARU_GROUP-2027-002427,BST,WAGE-base-base-ARU_GROUP-2027-002427-EMP-022,EMP-022,,Train Engine employee,1,1,8390,8390,MODELED_CENSUS_ROLE_ALLOCATION_NOT_INDIVIDUAL_PAYSLIP,FORECAST,PUBLIC_SYNTHETIC_PLANNING_MODEL,2026-09-06T00:00:00-07:00
base,ARU_GROUP,2027,11,PAYROLL-base-202711-BST,base-ARU_GROUP-2027-002427,WAGE-base-base-ARU_GROUP-2027-002427,BST,WAGE-base-base-ARU_GROUP-2027-002427-EMP-023,EMP-023,,Train Engine employee,1,1,8390,8390,MODELED_CENSUS_ROLE_ALLOCATION_NOT_INDIVIDUAL_PAYSLIP,FORECAST,PUBLIC_SYNTHETIC_PLANNING_MODEL,2026-09-06T00:00:00-07:00
base,ARU_GROUP,2027,11,PAYROLL-base-202711-BST,base-ARU_GROUP-2027-002427,WAGE-base-base-ARU_GROUP-2027-002427,BST,WAGE-base-base-ARU_GROUP-2027-002427-EMP-024,EMP-024,,Train Engine employee,1,1,8390,8390,MODELED_CENSUS_ROLE_ALLOCATION_NOT_INDIVIDUAL_PAYSLIP,FORECAST,PUBLIC_SYNTHETIC_PLANNING_MODEL,2026-09-06T00:00:00-07:00
base,ARU_GROUP,2027,11,PAYROLL-base-202711-BST,base-ARU_GROUP-2027-002427,WAGE-base-base-ARU_GROUP-2027-002427,BST,WAGE-base-base-ARU_GROUP-2027-002427-EMP-025,EMP-025,,Train Engine employee,1,1,8390,8390,MODELED_CENSUS_ROLE_ALLOCATION_NOT_INDIVIDUAL_PAYSLIP,FORECAST,PUBLIC_SYNTHETIC_PLANNING_MODEL,2026-09-06T00:00:00-07:00
base,ARU_GROUP,2027,11,PAYROLL-base-202711-BST,base-ARU_GROUP-2027-002427,WAGE-base-base-ARU_GROUP-2027-002427,BST,WAGE-base-base-ARU_GROUP-2027-002427-EMP-026,EMP-026,,Train Engine employee,1,1,8390,8390,MODELED_CENSUS_ROLE_ALLOCATION_NOT_INDIVIDUAL_PAYSLIP,FORECAST,PUBLIC_SYNTHETIC_PLANNING_MODEL,2026-09-06T00:00:00-07:00
base,ARU_GROUP,2027,11,PAYROLL-base-202711-BST,base-ARU_GROUP-2027-002427,WAGE-base-base-ARU_GROUP-2027-002427,BST,WAGE-base-base-ARU_GROUP-2027-002427-EMP-027,EMP-027,,Train Engine employee,1,1,8390,8390,MODELED_CENSUS_ROLE_ALLOCATION_NOT_INDIVIDUAL_PAYSLIP,FORECAST,PUBLIC_SYNTHETIC_PLANNING_MODEL,2026-09-06T00:00:00-07:00
base,ARU_GROUP,2027,11,PAYROLL-base-202711-BST,base-ARU_GROUP-2027-002427,WAGE-base-base-ARU_GROUP-2027-002427,BST,WAGE-base-base-ARU_GROUP-2027-002427-EMP-028,EMP-028,,Train Engine employee,1,1,8390,8390,MODELED_CENSUS_ROLE_ALLOCATION_NOT_INDIVIDUAL_PAYSLIP,FORECAST,PUBLIC_SYNTHETIC_PLANNING_MODEL,2026-09-06T00:00:00-07:00
base,ARU_GROUP,2027,11,PAYROLL-base-202711-BST,base-ARU_GROUP-2027-002427,WAGE-base-base-ARU_GROUP-2027-002427,BST,WAGE-base-base-ARU_GROUP-2027-002427-EMP-029,EMP-029,,Train Engine employee,1,1,8390,8390,MODELED_CENSUS_ROLE_ALLOCATION_NOT_INDIVIDUAL_PAYSLIP,FORECAST,PUBLIC_SYNTHETIC_PLANNING_MODEL,2026-09-06T00:00:00-07:00
base,ARU_GROUP,2027,11,PAYROLL-base-202711-BST,base-ARU_GROUP-2027-002427,WAGE-base-base-ARU_GROUP-2027-002427,BST,WAGE-base-base-ARU_GROUP-2027-002427-EMP-030,EMP-030,,Train Engine employee,1,1,8390,8390,MODELED_CENSUS_ROLE_ALLOCATION_NOT_INDIVIDUAL_PAYSLIP,FORECAST,PUBLIC_SYNTHETIC_PLANNING_MODEL,2026-09-06T00:00:00-07:00
base,ARU_GROUP,2027,11,PAYROLL-base-202711-BST,base-ARU_GROUP-2027-002427,WAGE-base-base-ARU_GROUP-2027-002427,BST,WAGE-base-base-ARU_GROUP-2027-002427-EMP-031,EMP-031,,Train Engine employee,1,1,8390,8390,MODELED_CENSUS_ROLE_ALLOCATION_NOT_INDIVIDUAL_PAYSLIP,FORECAST,PUBLIC_SYNTHETIC_PLANNING_MODEL,2026-09-06T00:00:00-07:00
base,ARU_GROUP,2027,11,PAYROLL-base-202711-BST,base-ARU_GROUP-2027-002427,WAGE-base-base-ARU_GROUP-2027-002427,BST,WAGE-base-base-ARU_GROUP-2027-002427-EMP-032,EMP-032,,Train Engine employee,1,1,8390,8390,MODELED_CENSUS_ROLE_ALLOCATION_NOT_INDIVIDUAL_PAYSLIP,FORECAST,PUBLIC_SYNTHETIC_PLANNING_MODEL,2026-09-06T00:00:00-07:00
base,ARU_GROUP,2027,11,PAYROLL-base-202711-BST,base-ARU_GROUP-2027-002427,WAGE-base-base-ARU_GROUP-2027-002427,BST,WAGE-base-base-ARU_GROUP-2027-002427-EMP-033,EMP-033,,Train Engine employee,1,1,8390,8390,MODELED_CENSUS_ROLE_ALLOCATION_NOT_INDIVIDUAL_PAYSLIP,FORECAST,PUBLIC_SYNTHETIC_PLANNING_MODEL,2026-09-06T00:00:00-07:00
base,ARU_GROUP,2027,11,PAYROLL-base-202711-BST,base-ARU_GROUP-2027-002427,WAGE-base-base-ARU_GROUP-2027-002427,BST,WAGE-base-base-ARU_GROUP-2027-002427-EMP-034,EMP-034,,Train Engine employee,1,1,8390,8390,MODELED_CENSUS_ROLE_ALLOCATION_NOT_INDIVIDUAL_PAYSLIP,FORECAST,PUBLIC_SYNTHETIC_PLANNING_MODEL,2026-09-06T00:00:00-07:00
base,ARU_GROUP,2027,11,PAYROLL-base-202711-BST,base-ARU_GROUP-2027-002427,WAGE-base-base-ARU_GROUP-2027-002427,BST,WAGE-base-base-ARU_GROUP-2027-002427-EMP-035,EMP-035,,Train Engine employee,1,1,8390,8390,MODELED_CENSUS_ROLE_ALLOCATION_NOT_INDIVIDUAL_PAYSLIP,FORECAST,PUBLIC_SYNTHETIC_PLANNING_MODEL,2026-09-06T00:00:00-07:00
base,ARU_GROUP,2027,11,PAYROLL-base-202711-BST,base-ARU_GROUP-2027-002427,WAGE-base-base-ARU_GROUP-2027-002427,BST,WAGE-base-base-ARU_GROUP-2027-002427-EMP-036,EMP-036,,Train Engine employee,1,1,8390,8390,MODELED_CENSUS_ROLE_ALLOCATION_NOT_INDIVIDUAL_PAYSLIP,FORECAST,PUBLIC_SYNTHETIC_PLANNING_MODEL,2026-09-06T00:00:00-07:00
base,ARU_GROUP,2027,11,PAYROLL-base-202711-BST,base-ARU_GROUP-2027-002427,WAGE-base-base-ARU_GROUP-2027-002427,BST,WAGE-base-base-ARU_GROUP-2027-002427-EMP-037,EMP-037,,Train Engine employee,1,1,8390,8390,MODELED_CENSUS_ROLE_ALLOCATION_NOT_INDIVIDUAL_PAYSLIP,FORECAST,PUBLIC_SYNTHETIC_PLANNING_MODEL,2026-09-06T00:00:00-07:00
base,ARU_GROUP,2027,11,PAYROLL-base-202711-BST,base-ARU_GROUP-2027-002427,WAGE-base-base-ARU_GROUP-2027-002427,BST,WAGE-base-base-ARU_GROUP-2027-002427-EMP-038,EMP-038,,Train Engine employee,1,1,8390,8390,MODELED_CENSUS_ROLE_ALLOCATION_NOT_INDIVIDUAL_PAYSLIP,FORECAST,PUBLIC_SYNTHETIC_PLANNING_MODEL,2026-09-06T00:00:00-07:00
base,ARU_GROUP,2027,11,PAYROLL-base-202711-BST,base-ARU_GROUP-2027-002427,WAGE-base-base-ARU_GROUP-2027-002427,BST,WAGE-base-base-ARU_GROUP-2027-002427-EMP-039,EMP-039,,Train Engine employee,1,1,8390,8390,MODELED_CENSUS_ROLE_ALLOCATION_NOT_INDIVIDUAL_PAYSLIP,FORECAST,PUBLIC_SYNTHETIC_PLANNING_MODEL,2026-09-06T00:00:00-07:00
base,ARU_GROUP,2027,11,PAYROLL-base-202711-BST,base-ARU_GROUP-2027-002427,WAGE-base-base-ARU_GROUP-2027-002427,BST,WAGE-base-base-ARU_GROUP-2027-002427-EMP-040,EMP-040,,Train Engine employee,1,1,8390,8390,MODELED_CENSUS_ROLE_ALLOCATION_NOT_INDIVIDUAL_PAYSLIP,FORECAST,PUBLIC_SYNTHETIC_PLANNING_MODEL,2026-09-06T00:00:00-07:00
base,ARU_GROUP,2027,11,PAYROLL-base-202711-BST,base-ARU_GROUP-2027-002427,WAGE-base-base-ARU_GROUP-2027-002427,BST,WAGE-base-base-ARU_GROUP-2027-002427-EMP-041,EMP-041,,Mow employee,1,1,8045,8045,MODELED_CENSUS_ROLE_ALLOCATION_NOT_INDIVIDUAL_PAYSLIP,FORECAST,PUBLIC_SYNTHETIC_PLANNING_MODEL,2026-09-06T00:00:00-07:00
base,ARU_GROUP,2027,11,PAYROLL-base-202711-BST,base-ARU_GROUP-2027-002427,WAGE-base-base-ARU_GROUP-2027-002427,BST,WAGE-base-base-ARU_GROUP-2027-002427-EMP-042,EMP-042,,Mow employee,1,1,8045,8045,MODELED_CENSUS_ROLE_ALLOCATION_NOT_INDIVIDUAL_PAYSLIP,FORECAST,PUBLIC_SYNTHETIC_PLANNING_MODEL,2026-09-06T00:00:00-07:00
base,ARU_GROUP,2027,11,PAYROLL-base-202711-BST,base-ARU_GROUP-2027-002427,WAGE-base-base-ARU_GROUP-2027-002427,BST,WAGE-base-base-ARU_GROUP-2027-002427-EMP-043,EMP-043,,Mow employee,1,1,8045,8045,MODELED_CENSUS_ROLE_ALLOCATION_NOT_INDIVIDUAL_PAYSLIP,FORECAST,PUBLIC_SYNTHETIC_PLANNING_MODEL,2026-09-06T00:00:00-07:00
base,ARU_GROUP,2027,11,PAYROLL-base-202711-BST,base-ARU_GROUP-2027-002427,WAGE-base-base-ARU_GROUP-2027-002427,BST,WAGE-base-base-ARU_GROUP-2027-002427-EMP-044,EMP-044,,Mow employee,1,1,8045,8045,MODELED_CENSUS_ROLE_ALLOCATION_NOT_INDIVIDUAL_PAYSLIP,FORECAST,PUBLIC_SYNTHETIC_PLANNING_MODEL,2026-09-06T00:00:00-07:00
base,ARU_GROUP,2027,11,PAYROLL-base-202711-BST,base-ARU_GROUP-2027-002427,WAGE-base-base-ARU_GROUP-2027-002427,BST,WAGE-base-base-ARU_GROUP-2027-002427-EMP-045,EMP-045,,Mow employee,1,1,8045,8045,MODELED_CENSUS_ROLE_ALLOCATION_NOT_INDIVIDUAL_PAYSLIP,FORECAST,PUBLIC_SYNTHETIC_PLANNING_MODEL,2026-09-06T00:00:00-07:00
base,ARU_GROUP,2027,11,PAYROLL-base-202711-BST,base-ARU_GROUP-2027-002427,WAGE-base-base-ARU_GROUP-2027-002427,BST,WAGE-base-base-ARU_GROUP-2027-002427-EMP-046,EMP-046,,Mow employee,1,1,8045,8045,MODELED_CENSUS_ROLE_ALLOCATION_NOT_INDIVIDUAL_PAYSLIP,FORECAST,PUBLIC_SYNTHETIC_PLANNING_MODEL,2026-09-06T00:00:00-07:00
base,ARU_GROUP,2027,11,PAYROLL-base-202711-BST,base-ARU_GROUP-2027-002427,WAGE-base-base-ARU_GROUP-2027-002427,BST,WAGE-base-base-ARU_GROUP-2027-002427-EMP-047,EMP-047,,Mow employee,1,1,8045,8045,MODELED_CENSUS_ROLE_ALLOCATION_NOT_INDIVIDUAL_PAYSLIP,FORECAST,PUBLIC_SYNTHETIC_PLANNING_MODEL,2026-09-06T00:00:00-07:00
base,ARU_GROUP,2027,11,PAYROLL-base-202711-BST,base-ARU_GROUP-2027-002427,WAGE-base-base-ARU_GROUP-2027-002427,BST,WAGE-base-base-ARU_GROUP-2027-002427-EMP-048,EMP-048,,Mow employee,1,1,8045,8045,MODELED_CENSUS_ROLE_ALLOCATION_NOT_INDIVIDUAL_PAYSLIP,FORECAST,PUBLIC_SYNTHETIC_PLANNING_MODEL,2026-09-06T00:00:00-07:00
base,ARU_GROUP,2027,11,PAYROLL-base-202711-BST,base-ARU_GROUP-2027-002427,WAGE-base-base-ARU_GROUP-2027-002427,BST,WAGE-base-base-ARU_GROUP-2027-002427-EMP-049,EMP-049,,Mow employee,1,1,8045,8045,MODELED_CENSUS_ROLE_ALLOCATION_NOT_INDIVIDUAL_PAYSLIP,FORECAST,PUBLIC_SYNTHETIC_PLANNING_MODEL,2026-09-06T00:00:00-07:00
base,ARU_GROUP,2027,11,PAYROLL-base-202711-BST,base-ARU_GROUP-2027-002427,WAGE-base-base-ARU_GROUP-2027-002427,BST,WAGE-base-base-ARU_GROUP-2027-002427-EMP-050,EMP-050,,Mechanical employee,1,1,8620,8620,MODELED_CENSUS_ROLE_ALLOCATION_NOT_INDIVIDUAL_PAYSLIP,FORECAST,PUBLIC_SYNTHETIC_PLANNING_MODEL,2026-09-06T00:00:00-07:00
base,ARU_GROUP,2027,11,PAYROLL-base-202711-BST,base-ARU_GROUP-2027-002427,WAGE-base-base-ARU_GROUP-2027-002427,BST,WAGE-base-base-ARU_GROUP-2027-002427-EMP-051,EMP-051,,Mechanical employee,1,1,8620,8620,MODELED_CENSUS_ROLE_ALLOCATION_NOT_INDIVIDUAL_PAYSLIP,FORECAST,PUBLIC_SYNTHETIC_PLANNING_MODEL,2026-09-06T00:00:00-07:00
base,ARU_GROUP,2027,11,PAYROLL-base-202711-BST,base-ARU_GROUP-2027-002427,WAGE-base-base-ARU_GROUP-2027-002427,BST,WAGE-base-base-ARU_GROUP-2027-002427-EMP-052,EMP-052,,Mechanical employee,1,1,8620,8620,MODELED_CENSUS_ROLE_ALLOCATION_NOT_INDIVIDUAL_PAYSLIP,FORECAST,PUBLIC_SYNTHETIC_PLANNING_MODEL,2026-09-06T00:00:00-07:00
base,ARU_GROUP,2027,11,PAYROLL-base-202711-BST,base-ARU_GROUP-2027-002427,WAGE-base-base-ARU_GROUP-2027-002427,BST,WAGE-base-base-ARU_GROUP-2027-002427-EMP-053,EMP-053,,Mechanical employee,1,1,8620,8620,MODELED_CENSUS_ROLE_ALLOCATION_NOT_INDIVIDUAL_PAYSLIP,FORECAST,PUBLIC_SYNTHETIC_PLANNING_MODEL,2026-09-06T00:00:00-07:00
base,ARU_GROUP,2027,11,PAYROLL-base-202711-BST,base-ARU_GROUP-2027-002427,WAGE-base-base-ARU_GROUP-2027-002427,BST,WAGE-base-base-ARU_GROUP-2027-002427-EMP-054,EMP-054,,Mechanical employee,1,1,8620,8620,MODELED_CENSUS_ROLE_ALLOCATION_NOT_INDIVIDUAL_PAYSLIP,FORECAST,PUBLIC_SYNTHETIC_PLANNING_MODEL,2026-09-06T00:00:00-07:00
base,ARU_GROUP,2027,11,PAYROLL-base-202711-BST,base-ARU_GROUP-2027-002427,WAGE-base-base-ARU_GROUP-2027-002427,BST,WAGE-base-base-ARU_GROUP-2027-002427-EMP-055,EMP-055,,Mechanical employee,1,1,8620,8620,MODELED_CENSUS_ROLE_ALLOCATION_NOT_INDIVIDUAL_PAYSLIP,FORECAST,PUBLIC_SYNTHETIC_PLANNING_MODEL,2026-09-06T00:00:00-07:00
base,ARU_GROUP,2027,11,PAYROLL-base-202711-BST,base-ARU_GROUP-2027-002427,WAGE-base-base-ARU_GROUP-2027-002427,BST,WAGE-base-base-ARU_GROUP-2027-002427-EMP-056,EMP-056,,Mechanical employee,1,1,8620,8620,MODELED_CENSUS_ROLE_ALLOCATION_NOT_INDIVIDUAL_PAYSLIP,FORECAST,PUBLIC_SYNTHETIC_PLANNING_MODEL,2026-09-06T00:00:00-07:00
base,ARU_GROUP,2027,11,PAYROLL-base-202711-BST,base-ARU_GROUP-2027-002427,WAGE-base-base-ARU_GROUP-2027-002427,BST,WAGE-base-base-ARU_GROUP-2027-002427-EMP-057,EMP-057,,Operations employee,1,1,8045,8045,MODELED_CENSUS_ROLE_ALLOCATION_NOT_INDIVIDUAL_PAYSLIP,FORECAST,PUBLIC_SYNTHETIC_PLANNING_MODEL,2026-09-06T00:00:00-07:00
base,ARU_GROUP,2027,11,PAYROLL-base-202711-BST,base-ARU_GROUP-2027-002427,WAGE-base-base-ARU_GROUP-2027-002427,BST,WAGE-base-base-ARU_GROUP-2027-002427-EMP-058,EMP-058,,Operations employee,1,1,8045,8045,MODELED_CENSUS_ROLE_ALLOCATION_NOT_INDIVIDUAL_PAYSLIP,FORECAST,PUBLIC_SYNTHETIC_PLANNING_MODEL,2026-09-06T00:00:00-07:00
base,ARU_GROUP,2027,11,PAYROLL-base-202711-BST,base-ARU_GROUP-2027-002427,WAGE-base-base-ARU_GROUP-2027-002427,BST,WAGE-base-base-ARU_GROUP-2027-002427-EMP-059,EMP-059,,Operations employee,1,1,8045,8045,MODELED_CENSUS_ROLE_ALLOCATION_NOT_INDIVIDUAL_PAYSLIP,FORECAST,PUBLIC_SYNTHETIC_PLANNING_MODEL,2026-09-06T00:00:00-07:00
base,ARU_GROUP,2027,11,PAYROLL-base-202711-BST,base-ARU_GROUP-2027-002427,WAGE-base-base-ARU_GROUP-2027-002427,BST,WAGE-base-base-ARU_GROUP-2027-002427-EMP-060,EMP-060,,Operations employee,1,1,8045,8045,MODELED_CENSUS_ROLE_ALLOCATION_NOT_INDIVIDUAL_PAYSLIP,FORECAST,PUBLIC_SYNTHETIC_PLANNING_MODEL,2026-09-06T00:00:00-07:00
base,ARU_GROUP,2027,11,PAYROLL-base-202711-BST,base-ARU_GROUP-2027-002427,WAGE-base-base-ARU_GROUP-2027-002427,BST,WAGE-base-base-ARU_GROUP-2027-002427-EMP-061,EMP-061,,Operations employee,1,1,8045,8045,MODELED_CENSUS_ROLE_ALLOCATION_NOT_INDIVIDUAL_PAYSLIP,FORECAST,PUBLIC_SYNTHETIC_PLANNING_MODEL,2026-09-06T00:00:00-07:00
base,ARU_GROUP,2027,11,PAYROLL-base-202711-BST,base-ARU_GROUP-2027-002427,WAGE-base-base-ARU_GROUP-2027-002427,BST,WAGE-base-base-ARU_GROUP-2027-002427-EMP-062,EMP-062,,Safety employee,1,1,8620,8620,MODELED_CENSUS_ROLE_ALLOCATION_NOT_INDIVIDUAL_PAYSLIP,FORECAST,PUBLIC_SYNTHETIC_PLANNING_MODEL,2026-09-06T00:00:00-07:00
base,ARU_GROUP,2027,11,PAYROLL-base-202711-BST,base-ARU_GROUP-2027-002427,WAGE-base-base-ARU_GROUP-2027-002427,BST,WAGE-base-base-ARU_GROUP-2027-002427-EMP-063,EMP-063,,Safety employee,1,1,8620,8620,MODELED_CENSUS_ROLE_ALLOCATION_NOT_INDIVIDUAL_PAYSLIP,FORECAST,PUBLIC_SYNTHETIC_PLANNING_MODEL,2026-09-06T00:00:00-07:00
base,ARU_GROUP,2027,11,PAYROLL-base-202711-BST,base-ARU_GROUP-2027-002427,WAGE-base-base-ARU_GROUP-2027-002427,BST,WAGE-base-base-ARU_GROUP-2027-002427-EMP-064,EMP-064,,Management employee,1,1,8620,8620,MODELED_CENSUS_ROLE_ALLOCATION_NOT_INDIVIDUAL_PAYSLIP,FORECAST,PUBLIC_SYNTHETIC_PLANNING_MODEL,2026-09-06T00:00:00-07:00
base,ARU_GROUP,2027,11,PAYROLL-base-202711-BST,base-ARU_GROUP-2027-002427,WAGE-base-base-ARU_GROUP-2027-002427,BST,WAGE-base-base-ARU_GROUP-2027-002427-EMP-065,EMP-065,,Management employee,1,1,8620,8620,MODELED_CENSUS_ROLE_ALLOCATION_NOT_INDIVIDUAL_PAYSLIP,FORECAST,PUBLIC_SYNTHETIC_PLANNING_MODEL,2026-09-06T00:00:00-07:00
base,ARU_GROUP,2027,11,PAYROLL-base-202711-BST,base-ARU_GROUP-2027-002427,WAGE-base-base-ARU_GROUP-2027-002427,BST,WAGE-base-base-ARU_GROUP-2027-002427-EMP-066,EMP-066,,Management employee,1,1,8620,8620,MODELED_CENSUS_ROLE_ALLOCATION_NOT_INDIVIDUAL_PAYSLIP,FORECAST,PUBLIC_SYNTHETIC_PLANNING_MODEL,2026-09-06T00:00:00-07:00
base,ARU_GROUP,2027,11,PAYROLL-base-202711-BST,base-ARU_GROUP-2027-002427,WAGE-base-base-ARU_GROUP-2027-002427,BST,WAGE-base-base-ARU_GROUP-2027-002427-EMP-067,EMP-067,,Management employee,1,1,8620,8620,MODELED_CENSUS_ROLE_ALLOCATION_NOT_INDIVIDUAL_PAYSLIP,FORECAST,PUBLIC_SYNTHETIC_PLANNING_MODEL,2026-09-06T00:00:00-07:00
base,ARU_GROUP,2027,11,PAYROLL-base-202711-BST,base-ARU_GROUP-2027-002427,WAGE-base-base-ARU_GROUP-2027-002427,BST,WAGE-base-base-ARU_GROUP-2027-002427-EMP-068,EMP-068,,Management employee,1,1,8620,8620,MODELED_CENSUS_ROLE_ALLOCATION_NOT_INDIVIDUAL_PAYSLIP,FORECAST,PUBLIC_SYNTHETIC_PLANNING_MODEL,2026-09-06T00:00:00-07:00
base,ARU_GROUP,2027,11,PAYROLL-base-202711-BST,base-ARU_GROUP-2027-002427,WAGE-base-base-ARU_GROUP-2027-002427,BST,WAGE-base-base-ARU_GROUP-2027-002427-EMP-069,EMP-069,,Management employee,1,1,8620,8620,MODELED_CENSUS_ROLE_ALLOCATION_NOT_INDIVIDUAL_PAYSLIP,FORECAST,PUBLIC_SYNTHETIC_PLANNING_MODEL,2026-09-06T00:00:00-07:00
base,ARU_GROUP,2027,11,PAYROLL-base-202711-BST,base-ARU_GROUP-2027-002427,WAGE-base-base-ARU_GROUP-2027-002427,BST,WAGE-base-base-ARU_GROUP-2027-002427-EMP-070,EMP-070,,Management employee,1,1,8620,8620,MODELED_CENSUS_ROLE_ALLOCATION_NOT_INDIVIDUAL_PAYSLIP,FORECAST,PUBLIC_SYNTHETIC_PLANNING_MODEL,2026-09-06T00:00:00-07:00
base,ARU_GROUP,2027,11,PAYROLL-base-202711-BST,base-ARU_GROUP-2027-002427,WAGE-base-base-ARU_GROUP-2027-002427,BST,WAGE-base-base-ARU_GROUP-2027-002427-EMP-071,EMP-071,,Management employee,1,1,8619,8619,MODELED_CENSUS_ROLE_ALLOCATION_NOT_INDIVIDUAL_PAYSLIP,FORECAST,PUBLIC_SYNTHETIC_PLANNING_MODEL,2026-09-06T00:00:00-07:00
base,ARU_GROUP,2027,11,PAYROLL-base-202711-TERMINALS,base-ARU_GROUP-2027-002434,WAGE-base-base-ARU_GROUP-2027-002434,TERMINALS,WAGE-base-base-ARU_GROUP-2027-002434-EMP-012,EMP-012,,Terminal Manager,1,1,15515,15515,MODELED_CENSUS_ROLE_ALLOCATION_NOT_INDIVIDUAL_PAYSLIP,FORECAST,PUBLIC_SYNTHETIC_PLANNING_MODEL,2026-09-06T00:00:00-07:00
base,ARU_GROUP,2027,11,PAYROLL-base-202711-TERMINALS,base-ARU_GROUP-2027-002434,WAGE-base-base-ARU_GROUP-2027-002434,TERMINALS,WAGE-base-base-ARU_GROUP-2027-002434-EMP-072,EMP-072,,Terminal employee,1,1,7126,7126,MODELED_CENSUS_ROLE_ALLOCATION_NOT_INDIVIDUAL_PAYSLIP,FORECAST,PUBLIC_SYNTHETIC_PLANNING_MODEL,2026-09-06T00:00:00-07:00
base,ARU_GROUP,2027,11,PAYROLL-base-202711-TERMINALS,base-ARU_GROUP-2027-002434,WAGE-base-base-ARU_GROUP-2027-002434,TERMINALS,WAGE-base-base-ARU_GROUP-2027-002434-EMP-073,EMP-073,,Terminal employee,1,1,7126,7126,MODELED_CENSUS_ROLE_ALLOCATION_NOT_INDIVIDUAL_PAYSLIP,FORECAST,PUBLIC_SYNTHETIC_PLANNING_MODEL,2026-09-06T00:00:00-07:00
base,ARU_GROUP,2027,11,PAYROLL-base-202711-TERMINALS,base-ARU_GROUP-2027-002434,WAGE-base-base-ARU_GROUP-2027-002434,TERMINALS,WAGE-base-base-ARU_GROUP-2027-002434-EMP-074,EMP-074,,Terminal employee,1,1,7126,7126,MODELED_CENSUS_ROLE_ALLOCATION_NOT_INDIVIDUAL_PAYSLIP,FORECAST,PUBLIC_SYNTHETIC_PLANNING_MODEL,2026-09-06T00:00:00-07:00
base,ARU_GROUP,2027,11,PAYROLL-base-202711-TERMINALS,base-ARU_GROUP-2027-002434,WAGE-base-base-ARU_GROUP-2027-002434,TERMINALS,WAGE-base-base-ARU_GROUP-2027-002434-EMP-075,EMP-075,,Terminal employee,1,1,7126,7126,MODELED_CENSUS_ROLE_ALLOCATION_NOT_INDIVIDUAL_PAYSLIP,FORECAST,PUBLIC_SYNTHETIC_PLANNING_MODEL,2026-09-06T00:00:00-07:00
base,ARU_GROUP,2027,11,PAYROLL-base-202711-TERMINALS,base-ARU_GROUP-2027-002434,WAGE-base-base-ARU_GROUP-2027-002434,TERMINALS,WAGE-base-base-ARU_GROUP-2027-002434-EMP-076,EMP-076,,Terminal employee,1,1,7126,7126,MODELED_CENSUS_ROLE_ALLOCATION_NOT_INDIVIDUAL_PAYSLIP,FORECAST,PUBLIC_SYNTHETIC_PLANNING_MODEL,2026-09-06T00:00:00-07:00
base,ARU_GROUP,2027,11,PAYROLL-base-202711-TERMINALS,base-ARU_GROUP-2027-002434,WAGE-base-base-ARU_GROUP-2027-002434,TERMINALS,WAGE-base-base-ARU_GROUP-2027-002434-EMP-077,EMP-077,,Terminal employee,1,1,7126,7126,MODELED_CENSUS_ROLE_ALLOCATION_NOT_INDIVIDUAL_PAYSLIP,FORECAST,PUBLIC_SYNTHETIC_PLANNING_MODEL,2026-09-06T00:00:00-07:00
base,ARU_GROUP,2027,11,PAYROLL-base-202711-TERMINALS,base-ARU_GROUP-2027-002434,WAGE-base-base-ARU_GROUP-2027-002434,TERMINALS,WAGE-base-base-ARU_GROUP-2027-002434-EMP-078,EMP-078,,Terminal employee,1,1,7126,7126,MODELED_CENSUS_ROLE_ALLOCATION_NOT_INDIVIDUAL_PAYSLIP,FORECAST,PUBLIC_SYNTHETIC_PLANNING_MODEL,2026-09-06T00:00:00-07:00
base,ARU_GROUP,2027,11,PAYROLL-base-202711-TERMINALS,base-ARU_GROUP-2027-002434,WAGE-base-base-ARU_GROUP-2027-002434,TERMINALS,WAGE-base-base-ARU_GROUP-2027-002434-EMP-079,EMP-079,,Terminal employee,1,1,7126,7126,MODELED_CENSUS_ROLE_ALLOCATION_NOT_INDIVIDUAL_PAYSLIP,FORECAST,PUBLIC_SYNTHETIC_PLANNING_MODEL,2026-09-06T00:00:00-07:00
base,ARU_GROUP,2027,11,PAYROLL-base-202711-TERMINALS,base-ARU_GROUP-2027-002434,WAGE-base-base-ARU_GROUP-2027-002434,TERMINALS,WAGE-base-base-ARU_GROUP-2027-002434-EMP-080,EMP-080,,Terminal employee,1,1,7126,7126,MODELED_CENSUS_ROLE_ALLOCATION_NOT_INDIVIDUAL_PAYSLIP,FORECAST,PUBLIC_SYNTHETIC_PLANNING_MODEL,2026-09-06T00:00:00-07:00
base,ARU_GROUP,2027,11,PAYROLL-base-202711-TERMINALS,base-ARU_GROUP-2027-002434,WAGE-base-base-ARU_GROUP-2027-002434,TERMINALS,WAGE-base-base-ARU_GROUP-2027-002434-EMP-081,EMP-081,,Terminal employee,1,1,7126,7126,MODELED_CENSUS_ROLE_ALLOCATION_NOT_INDIVIDUAL_PAYSLIP,FORECAST,PUBLIC_SYNTHETIC_PLANNING_MODEL,2026-09-06T00:00:00-07:00
base,ARU_GROUP,2027,11,PAYROLL-base-202711-TERMINALS,base-ARU_GROUP-2027-002434,WAGE-base-base-ARU_GROUP-2027-002434,TERMINALS,WAGE-base-base-ARU_GROUP-2027-002434-EMP-082,EMP-082,,Terminal employee,1,1,7126,7126,MODELED_CENSUS_ROLE_ALLOCATION_NOT_INDIVIDUAL_PAYSLIP,FORECAST,PUBLIC_SYNTHETIC_PLANNING_MODEL,2026-09-06T00:00:00-07:00
base,ARU_GROUP,2027,11,PAYROLL-base-202711-TERMINALS,base-ARU_GROUP-2027-002434,WAGE-base-base-ARU_GROUP-2027-002434,TERMINALS,WAGE-base-base-ARU_GROUP-2027-002434-EMP-083,EMP-083,,Terminal employee,1,1,7126,7126,MODELED_CENSUS_ROLE_ALLOCATION_NOT_INDIVIDUAL_PAYSLIP,FORECAST,PUBLIC_SYNTHETIC_PLANNING_MODEL,2026-09-06T00:00:00-07:00
base,ARU_GROUP,2027,11,PAYROLL-base-202711-TERMINALS,base-ARU_GROUP-2027-002434,WAGE-base-base-ARU_GROUP-2027-002434,TERMINALS,WAGE-base-base-ARU_GROUP-2027-002434-EMP-084,EMP-084,,Terminal employee,1,1,7126,7126,MODELED_CENSUS_ROLE_ALLOCATION_NOT_INDIVIDUAL_PAYSLIP,FORECAST,PUBLIC_SYNTHETIC_PLANNING_MODEL,2026-09-06T00:00:00-07:00
base,ARU_GROUP,2027,11,PAYROLL-base-202711-TERMINALS,base-ARU_GROUP-2027-002434,WAGE-base-base-ARU_GROUP-2027-002434,TERMINALS,WAGE-base-base-ARU_GROUP-2027-002434-EMP-085,EMP-085,,Terminal employee,1,1,7126,7126,MODELED_CENSUS_ROLE_ALLOCATION_NOT_INDIVIDUAL_PAYSLIP,FORECAST,PUBLIC_SYNTHETIC_PLANNING_MODEL,2026-09-06T00:00:00-07:00
base,ARU_GROUP,2027,11,PAYROLL-base-202711-TERMINALS,base-ARU_GROUP-2027-002434,WAGE-base-base-ARU_GROUP-2027-002434,TERMINALS,WAGE-base-base-ARU_GROUP-2027-002434-EMP-086,EMP-086,,Terminal employee,1,1,7126,7126,MODELED_CENSUS_ROLE_ALLOCATION_NOT_INDIVIDUAL_PAYSLIP,FORECAST,PUBLIC_SYNTHETIC_PLANNING_MODEL,2026-09-06T00:00:00-07:00
base,ARU_GROUP,2027,11,PAYROLL-base-202711-TERMINALS,base-ARU_GROUP-2027-002434,WAGE-base-base-ARU_GROUP-2027-002434,TERMINALS,WAGE-base-base-ARU_GROUP-2027-002434-EMP-087,EMP-087,,Terminal employee,1,1,7126,7126,MODELED_CENSUS_ROLE_ALLOCATION_NOT_INDIVIDUAL_PAYSLIP,FORECAST,PUBLIC_SYNTHETIC_PLANNING_MODEL,2026-09-06T00:00:00-07:00
base,ARU_GROUP,2027,11,PAYROLL-base-202711-TERMINALS,base-ARU_GROUP-2027-002434,WAGE-base-base-ARU_GROUP-2027-002434,TERMINALS,WAGE-base-base-ARU_GROUP-2027-002434-EMP-088,EMP-088,,Terminal employee,1,1,7126,7126,MODELED_CENSUS_ROLE_ALLOCATION_NOT_INDIVIDUAL_PAYSLIP,FORECAST,PUBLIC_SYNTHETIC_PLANNING_MODEL,2026-09-06T00:00:00-07:00
base,ARU_GROUP,2027,11,PAYROLL-base-202711-TERMINALS,base-ARU_GROUP-2027-002434,WAGE-base-base-ARU_GROUP-2027-002434,TERMINALS,WAGE-base-base-ARU_GROUP-2027-002434-EMP-089,EMP-089,,Terminal employee,1,1,7126,7126,MODELED_CENSUS_ROLE_ALLOCATION_NOT_INDIVIDUAL_PAYSLIP,FORECAST,PUBLIC_SYNTHETIC_PLANNING_MODEL,2026-09-06T00:00:00-07:00
base,ARU_GROUP,2027,11,PAYROLL-base-202711-TERMINALS,base-ARU_GROUP-2027-002434,WAGE-base-base-ARU_GROUP-2027-002434,TERMINALS,WAGE-base-base-ARU_GROUP-2027-002434-EMP-090,EMP-090,,Terminal employee,1,1,7126,7126,MODELED_CENSUS_ROLE_ALLOCATION_NOT_INDIVIDUAL_PAYSLIP,FORECAST,PUBLIC_SYNTHETIC_PLANNING_MODEL,2026-09-06T00:00:00-07:00
base,ARU_GROUP,2027,11,PAYROLL-base-202711-TERMINALS,base-ARU_GROUP-2027-002434,WAGE-base-base-ARU_GROUP-2027-002434,TERMINALS,WAGE-base-base-ARU_GROUP-2027-002434-EMP-091,EMP-091,,Terminal employee,1,1,7125,7125,MODELED_CENSUS_ROLE_ALLOCATION_NOT_INDIVIDUAL_PAYSLIP,FORECAST,PUBLIC_SYNTHETIC_PLANNING_MODEL,2026-09-06T00:00:00-07:00
base,ARU_GROUP,2027,11,PAYROLL-base-202711-TERMINALS,base-ARU_GROUP-2027-002434,WAGE-base-base-ARU_GROUP-2027-002434,TERMINALS,WAGE-base-base-ARU_GROUP-2027-002434-EMP-092,EMP-092,,Terminal employee,1,1,7125,7125,MODELED_CENSUS_ROLE_ALLOCATION_NOT_INDIVIDUAL_PAYSLIP,FORECAST,PUBLIC_SYNTHETIC_PLANNING_MODEL,2026-09-06T00:00:00-07:00
base,ARU_GROUP,2027,11,PAYROLL-base-202711-TERMINALS,base-ARU_GROUP-2027-002434,WAGE-base-base-ARU_GROUP-2027-002434,TERMINALS,WAGE-base-base-ARU_GROUP-2027-002434-EMP-093,EMP-093,,Terminal employee,1,1,7125,7125,MODELED_CENSUS_ROLE_ALLOCATION_NOT_INDIVIDUAL_PAYSLIP,FORECAST,PUBLIC_SYNTHETIC_PLANNING_MODEL,2026-09-06T00:00:00-07:00
base,ARU_GROUP,2027,11,PAYROLL-base-202711-TERMINALS,base-ARU_GROUP-2027-002434,WAGE-base-base-ARU_GROUP-2027-002434,TERMINALS,WAGE-base-base-ARU_GROUP-2027-002434-EMP-094,EMP-094,,Terminal employee,1,1,7125,7125,MODELED_CENSUS_ROLE_ALLOCATION_NOT_INDIVIDUAL_PAYSLIP,FORECAST,PUBLIC_SYNTHETIC_PLANNING_MODEL,2026-09-06T00:00:00-07:00
base,ARU_GROUP,2027,11,PAYROLL-base-202711-TERMINALS,base-ARU_GROUP-2027-002434,WAGE-base-base-ARU_GROUP-2027-002434,TERMINALS,WAGE-base-base-ARU_GROUP-2027-002434-EMP-095,EMP-095,,Terminal employee,1,1,7125,7125,MODELED_CENSUS_ROLE_ALLOCATION_NOT_INDIVIDUAL_PAYSLIP,FORECAST,PUBLIC_SYNTHETIC_PLANNING_MODEL,2026-09-06T00:00:00-07:00
base,ARU_GROUP,2027,11,PAYROLL-base-202711-TERMINALS,base-ARU_GROUP-2027-002434,WAGE-base-base-ARU_GROUP-2027-002434,TERMINALS,WAGE-base-base-ARU_GROUP-2027-002434-EMP-096,EMP-096,,Terminal employee,1,1,7125,7125,MODELED_CENSUS_ROLE_ALLOCATION_NOT_INDIVIDUAL_PAYSLIP,FORECAST,PUBLIC_SYNTHETIC_PLANNING_MODEL,2026-09-06T00:00:00-07:00
base,ARU_GROUP,2027,11,PAYROLL-base-202711-TERMINALS,base-ARU_GROUP-2027-002434,WAGE-base-base-ARU_GROUP-2027-002434,TERMINALS,WAGE-base-base-ARU_GROUP-2027-002434-EMP-097,EMP-097,,Terminal employee,1,1,7125,7125,MODELED_CENSUS_ROLE_ALLOCATION_NOT_INDIVIDUAL_PAYSLIP,FORECAST,PUBLIC_SYNTHETIC_PLANNING_MODEL,2026-09-06T00:00:00-07:00
base,ARU_GROUP,2027,11,PAYROLL-base-202711-TRUCKING,base-ARU_GROUP-2027-002441,WAGE-base-base-ARU_GROUP-2027-002441,TRUCKING,WAGE-base-base-ARU_GROUP-2027-002441-EMP-013,EMP-013,,Trucking Manager,1,1,14367,14367,MODELED_CENSUS_ROLE_ALLOCATION_NOT_INDIVIDUAL_PAYSLIP,FORECAST,PUBLIC_SYNTHETIC_PLANNING_MODEL,2026-09-06T00:00:00-07:00
base,ARU_GROUP,2027,11,PAYROLL-base-202711-TRUCKING,base-ARU_GROUP-2027-002441,WAGE-base-base-ARU_GROUP-2027-002441,TRUCKING,WAGE-base-base-ARU_GROUP-2027-002441-EMP-098,EMP-098,,Qualified regional industrial driver,1,1,7816,7816,MODELED_CENSUS_ROLE_ALLOCATION_NOT_INDIVIDUAL_PAYSLIP,FORECAST,PUBLIC_SYNTHETIC_PLANNING_MODEL,2026-09-06T00:00:00-07:00
base,ARU_GROUP,2027,11,PAYROLL-base-202711-TRUCKING,base-ARU_GROUP-2027-002441,WAGE-base-base-ARU_GROUP-2027-002441,TRUCKING,WAGE-base-base-ARU_GROUP-2027-002441-EMP-099,EMP-099,,Qualified regional industrial driver,1,1,7816,7816,MODELED_CENSUS_ROLE_ALLOCATION_NOT_INDIVIDUAL_PAYSLIP,FORECAST,PUBLIC_SYNTHETIC_PLANNING_MODEL,2026-09-06T00:00:00-07:00
base,ARU_GROUP,2027,11,PAYROLL-base-202711-TRUCKING,base-ARU_GROUP-2027-002441,WAGE-base-base-ARU_GROUP-2027-002441,TRUCKING,WAGE-base-base-ARU_GROUP-2027-002441-EMP-100,EMP-100,,Qualified regional industrial driver,1,1,7816,7816,MODELED_CENSUS_ROLE_ALLOCATION_NOT_INDIVIDUAL_PAYSLIP,FORECAST,PUBLIC_SYNTHETIC_PLANNING_MODEL,2026-09-06T00:00:00-07:00
base,ARU_GROUP,2027,11,PAYROLL-base-202711-TRUCKING,base-ARU_GROUP-2027-002441,WAGE-base-base-ARU_GROUP-2027-002441,TRUCKING,WAGE-base-base-ARU_GROUP-2027-002441-EMP-101,EMP-101,,Qualified regional industrial driver,1,1,7816,7816,MODELED_CENSUS_ROLE_ALLOCATION_NOT_INDIVIDUAL_PAYSLIP,FORECAST,PUBLIC_SYNTHETIC_PLANNING_MODEL,2026-09-06T00:00:00-07:00
base,ARU_GROUP,2027,11,PAYROLL-base-202711-TRUCKING,base-ARU_GROUP-2027-002441,WAGE-base-base-ARU_GROUP-2027-002441,TRUCKING,WAGE-base-base-ARU_GROUP-2027-002441-EMP-102,EMP-102,,Qualified regional industrial driver,1,1,7816,7816,MODELED_CENSUS_ROLE_ALLOCATION_NOT_INDIVIDUAL_PAYSLIP,FORECAST,PUBLIC_SYNTHETIC_PLANNING_MODEL,2026-09-06T00:00:00-07:00
base,ARU_GROUP,2027,11,PAYROLL-base-202711-TRUCKING,base-ARU_GROUP-2027-002441,WAGE-base-base-ARU_GROUP-2027-002441,TRUCKING,WAGE-base-base-ARU_GROUP-2027-002441-EMP-103,EMP-103,,Qualified regional industrial driver,1,1,7816,7816,MODELED_CENSUS_ROLE_ALLOCATION_NOT_INDIVIDUAL_PAYSLIP,FORECAST,PUBLIC_SYNTHETIC_PLANNING_MODEL,2026-09-06T00:00:00-07:00
base,ARU_GROUP,2027,11,PAYROLL-base-202711-TRUCKING,base-ARU_GROUP-2027-002441,WAGE-base-base-ARU_GROUP-2027-002441,TRUCKING,WAGE-base-base-ARU_GROUP-2027-002441-EMP-104,EMP-104,,Qualified regional industrial driver,1,1,7815,7815,MODELED_CENSUS_ROLE_ALLOCATION_NOT_INDIVIDUAL_PAYSLIP,FORECAST,PUBLIC_SYNTHETIC_PLANNING_MODEL,2026-09-06T00:00:00-07:00
base,ARU_GROUP,2027,11,PAYROLL-base-202711-TRUCKING,base-ARU_GROUP-2027-002441,WAGE-base-base-ARU_GROUP-2027-002441,TRUCKING,WAGE-base-base-ARU_GROUP-2027-002441-EMP-105,EMP-105,,Qualified regional industrial driver,1,1,7815,7815,MODELED_CENSUS_ROLE_ALLOCATION_NOT_INDIVIDUAL_PAYSLIP,FORECAST,PUBLIC_SYNTHETIC_PLANNING_MODEL,2026-09-06T00:00:00-07:00
base,ARU_GROUP,2027,11,PAYROLL-base-202711-TRUCKING,base-ARU_GROUP-2027-002441,WAGE-base-base-ARU_GROUP-2027-002441,TRUCKING,WAGE-base-base-ARU_GROUP-2027-002441-EMP-106,EMP-106,,Qualified regional industrial driver,1,1,7815,7815,MODELED_CENSUS_ROLE_ALLOCATION_NOT_INDIVIDUAL_PAYSLIP,FORECAST,PUBLIC_SYNTHETIC_PLANNING_MODEL,2026-09-06T00:00:00-07:00
base,ARU_GROUP,2027,11,PAYROLL-base-202711-TRUCKING,base-ARU_GROUP-2027-002441,WAGE-base-base-ARU_GROUP-2027-002441,TRUCKING,WAGE-base-base-ARU_GROUP-2027-002441-EMP-107,EMP-107,,Qualified regional industrial driver,1,1,7815,7815,MODELED_CENSUS_ROLE_ALLOCATION_NOT_INDIVIDUAL_PAYSLIP,FORECAST,PUBLIC_SYNTHETIC_PLANNING_MODEL,2026-09-06T00:00:00-07:00
base,ARU_GROUP,2027,11,PAYROLL-base-202711-TRUCKING,base-ARU_GROUP-2027-002441,WAGE-base-base-ARU_GROUP-2027-002441,TRUCKING,WAGE-base-base-ARU_GROUP-2027-002441-EMP-108,EMP-108,,Qualified regional industrial driver,1,1,7815,7815,MODELED_CENSUS_ROLE_ALLOCATION_NOT_INDIVIDUAL_PAYSLIP,FORECAST,PUBLIC_SYNTHETIC_PLANNING_MODEL,2026-09-06T00:00:00-07:00
base,ARU_GROUP,2027,11,PAYROLL-base-202711-TRUCKING,base-ARU_GROUP-2027-002441,WAGE-base-base-ARU_GROUP-2027-002441,TRUCKING,WAGE-base-base-ARU_GROUP-2027-002441-EMP-109,EMP-109,,Qualified regional industrial driver,1,1,7815,7815,MODELED_CENSUS_ROLE_ALLOCATION_NOT_INDIVIDUAL_PAYSLIP,FORECAST,PUBLIC_SYNTHETIC_PLANNING_MODEL,2026-09-06T00:00:00-07:00
base,ARU_GROUP,2027,11,PAYROLL-base-202711-TRUCKING,base-ARU_GROUP-2027-002441,WAGE-base-base-ARU_GROUP-2027-002441,TRUCKING,WAGE-base-base-ARU_GROUP-2027-002441-EMP-110,EMP-110,,Qualified regional industrial driver,1,1,7815,7815,MODELED_CENSUS_ROLE_ALLOCATION_NOT_INDIVIDUAL_PAYSLIP,FORECAST,PUBLIC_SYNTHETIC_PLANNING_MODEL,2026-09-06T00:00:00-07:00
base,ARU_GROUP,2027,11,PAYROLL-base-202711-TRUCKING,base-ARU_GROUP-2027-002441,WAGE-base-base-ARU_GROUP-2027-002441,TRUCKING,WAGE-base-base-ARU_GROUP-2027-002441-EMP-111,EMP-111,,Qualified regional industrial driver,1,1,7815,7815,MODELED_CENSUS_ROLE_ALLOCATION_NOT_INDIVIDUAL_PAYSLIP,FORECAST,PUBLIC_SYNTHETIC_PLANNING_MODEL,2026-09-06T00:00:00-07:00
base,ARU_GROUP,2027,11,PAYROLL-base-202711-TRUCKING,base-ARU_GROUP-2027-002441,WAGE-base-base-ARU_GROUP-2027-002441,TRUCKING,WAGE-base-base-ARU_GROUP-2027-002441-EMP-112,EMP-112,,Qualified regional industrial driver,1,1,7815,7815,MODELED_CENSUS_ROLE_ALLOCATION_NOT_INDIVIDUAL_PAYSLIP,FORECAST,PUBLIC_SYNTHETIC_PLANNING_MODEL,2026-09-06T00:00:00-07:00
base,ARU_GROUP,2027,11,PAYROLL-base-202711-TRUCKING,base-ARU_GROUP-2027-002441,WAGE-base-base-ARU_GROUP-2027-002441,TRUCKING,WAGE-base-base-ARU_GROUP-2027-002441-EMP-113,EMP-113,,Qualified regional industrial driver,1,1,7815,7815,MODELED_CENSUS_ROLE_ALLOCATION_NOT_INDIVIDUAL_PAYSLIP,FORECAST,PUBLIC_SYNTHETIC_PLANNING_MODEL,2026-09-06T00:00:00-07:00
base,ARU_GROUP,2027,11,PAYROLL-base-202711-TRUCKING,base-ARU_GROUP-2027-002441,WAGE-base-base-ARU_GROUP-2027-002441,TRUCKING,WAGE-base-base-ARU_GROUP-2027-002441-EMP-114,EMP-114,,Qualified regional industrial driver,1,1,7815,7815,MODELED_CENSUS_ROLE_ALLOCATION_NOT_INDIVIDUAL_PAYSLIP,FORECAST,PUBLIC_SYNTHETIC_PLANNING_MODEL,2026-09-06T00:00:00-07:00
base,ARU_GROUP,2027,11,PAYROLL-base-202711-TRUCKING,base-ARU_GROUP-2027-002441,WAGE-base-base-ARU_GROUP-2027-002441,TRUCKING,WAGE-base-base-ARU_GROUP-2027-002441-EMP-115,EMP-115,,Qualified regional industrial driver,1,1,7815,7815,MODELED_CENSUS_ROLE_ALLOCATION_NOT_INDIVIDUAL_PAYSLIP,FORECAST,PUBLIC_SYNTHETIC_PLANNING_MODEL,2026-09-06T00:00:00-07:00
base,ARU_GROUP,2027,11,PAYROLL-base-202711-TRUCKING,base-ARU_GROUP-2027-002441,WAGE-base-base-ARU_GROUP-2027-002441,TRUCKING,WAGE-base-base-ARU_GROUP-2027-002441-EMP-116,EMP-116,,Qualified regional industrial driver,1,1,7815,7815,MODELED_CENSUS_ROLE_ALLOCATION_NOT_INDIVIDUAL_PAYSLIP,FORECAST,PUBLIC_SYNTHETIC_PLANNING_MODEL,2026-09-06T00:00:00-07:00
base,ARU_GROUP,2027,11,PAYROLL-base-202711-TRUCKING,base-ARU_GROUP-2027-002441,WAGE-base-base-ARU_GROUP-2027-002441,TRUCKING,WAGE-base-base-ARU_GROUP-2027-002441-EMP-117,EMP-117,,Qualified regional industrial driver,1,1,7815,7815,MODELED_CENSUS_ROLE_ALLOCATION_NOT_INDIVIDUAL_PAYSLIP,FORECAST,PUBLIC_SYNTHETIC_PLANNING_MODEL,2026-09-06T00:00:00-07:00
base,ARU_GROUP,2027,11,PAYROLL-base-202711-TRUCKING,base-ARU_GROUP-2027-002441,WAGE-base-base-ARU_GROUP-2027-002441,TRUCKING,WAGE-base-base-ARU_GROUP-2027-002441-EMP-118,EMP-118,,Truck dispatcher,1,1,7815,7815,MODELED_CENSUS_ROLE_ALLOCATION_NOT_INDIVIDUAL_PAYSLIP,FORECAST,PUBLIC_SYNTHETIC_PLANNING_MODEL,2026-09-06T00:00:00-07:00
base,ARU_GROUP,2027,11,PAYROLL-base-202711-TRUCKING,base-ARU_GROUP-2027-002441,WAGE-base-base-ARU_GROUP-2027-002441,TRUCKING,WAGE-base-base-ARU_GROUP-2027-002441-EMP-119,EMP-119,,Truck fleet mechanic,1,1,7815,7815,MODELED_CENSUS_ROLE_ALLOCATION_NOT_INDIVIDUAL_PAYSLIP,FORECAST,PUBLIC_SYNTHETIC_PLANNING_MODEL,2026-09-06T00:00:00-07:00
base,ARU_GROUP,2027,11,PAYROLL-base-202711-TRUCKING,base-ARU_GROUP-2027-002441,WAGE-base-base-ARU_GROUP-2027-002441,TRUCKING,WAGE-base-base-ARU_GROUP-2027-002441-EMP-120,EMP-120,,Truck fleet mechanic,1,1,7815,7815,MODELED_CENSUS_ROLE_ALLOCATION_NOT_INDIVIDUAL_PAYSLIP,FORECAST,PUBLIC_SYNTHETIC_PLANNING_MODEL,2026-09-06T00:00:00-07:00
base,ARU_GROUP,2027,11,PAYROLL-base-202711-WAREHOUSE,base-ARU_GROUP-2027-002448,WAGE-base-base-ARU_GROUP-2027-002448,WAREHOUSE,WAGE-base-base-ARU_GROUP-2027-002448-EMP-014,EMP-014,,Warehouse Manager,1,1,13792,13792,MODELED_CENSUS_ROLE_ALLOCATION_NOT_INDIVIDUAL_PAYSLIP,FORECAST,PUBLIC_SYNTHETIC_PLANNING_MODEL,2026-09-06T00:00:00-07:00
base,ARU_GROUP,2027,11,PAYROLL-base-202711-WAREHOUSE,base-ARU_GROUP-2027-002448,WAGE-base-base-ARU_GROUP-2027-002448,WAREHOUSE,WAGE-base-base-ARU_GROUP-2027-002448-EMP-121,EMP-121,,Warehouse employee,1,1,7126,7126,MODELED_CENSUS_ROLE_ALLOCATION_NOT_INDIVIDUAL_PAYSLIP,FORECAST,PUBLIC_SYNTHETIC_PLANNING_MODEL,2026-09-06T00:00:00-07:00
base,ARU_GROUP,2027,11,PAYROLL-base-202711-WAREHOUSE,base-ARU_GROUP-2027-002448,WAGE-base-base-ARU_GROUP-2027-002448,WAREHOUSE,WAGE-base-base-ARU_GROUP-2027-002448-EMP-122,EMP-122,,Warehouse employee,1,1,7126,7126,MODELED_CENSUS_ROLE_ALLOCATION_NOT_INDIVIDUAL_PAYSLIP,FORECAST,PUBLIC_SYNTHETIC_PLANNING_MODEL,2026-09-06T00:00:00-07:00
base,ARU_GROUP,2027,11,PAYROLL-base-202711-WAREHOUSE,base-ARU_GROUP-2027-002448,WAGE-base-base-ARU_GROUP-2027-002448,WAREHOUSE,WAGE-base-base-ARU_GROUP-2027-002448-EMP-123,EMP-123,,Warehouse employee,1,1,7126,7126,MODELED_CENSUS_ROLE_ALLOCATION_NOT_INDIVIDUAL_PAYSLIP,FORECAST,PUBLIC_SYNTHETIC_PLANNING_MODEL,2026-09-06T00:00:00-07:00
base,ARU_GROUP,2027,11,PAYROLL-base-202711-WAREHOUSE,base-ARU_GROUP-2027-002448,WAGE-base-base-ARU_GROUP-2027-002448,WAREHOUSE,WAGE-base-base-ARU_GROUP-2027-002448-EMP-124,EMP-124,,Warehouse employee,1,1,7126,7126,MODELED_CENSUS_ROLE_ALLOCATION_NOT_INDIVIDUAL_PAYSLIP,FORECAST,PUBLIC_SYNTHETIC_PLANNING_MODEL,2026-09-06T00:00:00-07:00
base,ARU_GROUP,2027,11,PAYROLL-base-202711-WAREHOUSE,base-ARU_GROUP-2027-002448,WAGE-base-base-ARU_GROUP-2027-002448,WAREHOUSE,WAGE-base-base-ARU_GROUP-2027-002448-EMP-125,EMP-125,,Warehouse employee,1,1,7126,7126,MODELED_CENSUS_ROLE_ALLOCATION_NOT_INDIVIDUAL_PAYSLIP,FORECAST,PUBLIC_SYNTHETIC_PLANNING_MODEL,2026-09-06T00:00:00-07:00
base,ARU_GROUP,2027,11,PAYROLL-base-202711-WAREHOUSE,base-ARU_GROUP-2027-002448,WAGE-base-base-ARU_GROUP-2027-002448,WAREHOUSE,WAGE-base-base-ARU_GROUP-2027-002448-EMP-126,EMP-126,,Warehouse employee,1,1,7126,7126,MODELED_CENSUS_ROLE_ALLOCATION_NOT_INDIVIDUAL_PAYSLIP,FORECAST,PUBLIC_SYNTHETIC_PLANNING_MODEL,2026-09-06T00:00:00-07:00
base,ARU_GROUP,2027,11,PAYROLL-base-202711-WAREHOUSE,base-ARU_GROUP-2027-002448,WAGE-base-base-ARU_GROUP-2027-002448,WAREHOUSE,WAGE-base-base-ARU_GROUP-2027-002448-EMP-127,EMP-127,,Warehouse employee,1,1,7126,7126,MODELED_CENSUS_ROLE_ALLOCATION_NOT_INDIVIDUAL_PAYSLIP,FORECAST,PUBLIC_SYNTHETIC_PLANNING_MODEL,2026-09-06T00:00:00-07:00
base,ARU_GROUP,2027,11,PAYROLL-base-202711-WAREHOUSE,base-ARU_GROUP-2027-002448,WAGE-base-base-ARU_GROUP-2027-002448,WAREHOUSE,WAGE-base-base-ARU_GROUP-2027-002448-EMP-128,EMP-128,,Warehouse employee,1,1,7126,7126,MODELED_CENSUS_ROLE_ALLOCATION_NOT_INDIVIDUAL_PAYSLIP,FORECAST,PUBLIC_SYNTHETIC_PLANNING_MODEL,2026-09-06T00:00:00-07:00
base,ARU_GROUP,2027,11,PAYROLL-base-202711-WAREHOUSE,base-ARU_GROUP-2027-002448,WAGE-base-base-ARU_GROUP-2027-002448,WAREHOUSE,WAGE-base-base-ARU_GROUP-2027-002448-EMP-129,EMP-129,,Warehouse employee,1,1,7125,7125,MODELED_CENSUS_ROLE_ALLOCATION_NOT_INDIVIDUAL_PAYSLIP,FORECAST,PUBLIC_SYNTHETIC_PLANNING_MODEL,2026-09-06T00:00:00-07:00
base,ARU_GROUP,2027,11,PAYROLL-base-202711-WAREHOUSE,base-ARU_GROUP-2027-002448,WAGE-base-base-ARU_GROUP-2027-002448,WAREHOUSE,WAGE-base-base-ARU_GROUP-2027-002448-EMP-130,EMP-130,,Warehouse employee,1,1,7125,7125,MODELED_CENSUS_ROLE_ALLOCATION_NOT_INDIVIDUAL_PAYSLIP,FORECAST,PUBLIC_SYNTHETIC_PLANNING_MODEL,2026-09-06T00:00:00-07:00
base,ARU_GROUP,2027,11,PAYROLL-base-202711-WAREHOUSE,base-ARU_GROUP-2027-002448,WAGE-base-base-ARU_GROUP-2027-002448,WAREHOUSE,WAGE-base-base-ARU_GROUP-2027-002448-EMP-131,EMP-131,,Warehouse employee,1,1,7125,7125,MODELED_CENSUS_ROLE_ALLOCATION_NOT_INDIVIDUAL_PAYSLIP,FORECAST,PUBLIC_SYNTHETIC_PLANNING_MODEL,2026-09-06T00:00:00-07:00
base,ARU_GROUP,2027,11,PAYROLL-base-202711-ARU,base-ARU_GROUP-2027-002455,WAGE-base-base-ARU_GROUP-2027-002455,ARU,WAGE-base-base-ARU_GROUP-2027-002455-EMP-001,EMP-001,,President and COO,1,1,27583,27583,MODELED_CENSUS_ROLE_ALLOCATION_NOT_INDIVIDUAL_PAYSLIP,FORECAST,PUBLIC_SYNTHETIC_PLANNING_MODEL,2026-09-06T00:00:00-07:00
base,ARU_GROUP,2027,11,PAYROLL-base-202711-ARU,base-ARU_GROUP-2027-002455,WAGE-base-base-ARU_GROUP-2027-002455,ARU,WAGE-base-base-ARU_GROUP-2027-002455-EMP-002,EMP-002,,Director Industrial Operations,1,1,20113,20113,MODELED_CENSUS_ROLE_ALLOCATION_NOT_INDIVIDUAL_PAYSLIP,FORECAST,PUBLIC_SYNTHETIC_PLANNING_MODEL,2026-09-06T00:00:00-07:00
base,ARU_GROUP,2027,11,PAYROLL-base-202711-ARU,base-ARU_GROUP-2027-002455,WAGE-base-base-ARU_GROUP-2027-002455,ARU,WAGE-base-base-ARU_GROUP-2027-002455-EMP-003,EMP-003,,Controller,1,1,18964,18964,MODELED_CENSUS_ROLE_ALLOCATION_NOT_INDIVIDUAL_PAYSLIP,FORECAST,PUBLIC_SYNTHETIC_PLANNING_MODEL,2026-09-06T00:00:00-07:00
base,ARU_GROUP,2027,11,PAYROLL-base-202711-ARU,base-ARU_GROUP-2027-002455,WAGE-base-base-ARU_GROUP-2027-002455,ARU,WAGE-base-base-ARU_GROUP-2027-002455-EMP-004,EMP-004,,Director Safety and Environment,1,1,17814,17814,MODELED_CENSUS_ROLE_ALLOCATION_NOT_INDIVIDUAL_PAYSLIP,FORECAST,PUBLIC_SYNTHETIC_PLANNING_MODEL,2026-09-06T00:00:00-07:00
base,ARU_GROUP,2027,11,PAYROLL-base-202711-ARU,base-ARU_GROUP-2027-002455,WAGE-base-base-ARU_GROUP-2027-002455,ARU,WAGE-base-base-ARU_GROUP-2027-002455-EMP-005,EMP-005,,People and Administration Manager,1,1,13217,13217,MODELED_CENSUS_ROLE_ALLOCATION_NOT_INDIVIDUAL_PAYSLIP,FORECAST,PUBLIC_SYNTHETIC_PLANNING_MODEL,2026-09-06T00:00:00-07:00
base,ARU_GROUP,2027,11,PAYROLL-base-202711-ARU,base-ARU_GROUP-2027-002455,WAGE-base-base-ARU_GROUP-2027-002455,ARU,WAGE-base-base-ARU_GROUP-2027-002455-EMP-006,EMP-006,,Procurement and Systems Manager,1,1,13217,13217,MODELED_CENSUS_ROLE_ALLOCATION_NOT_INDIVIDUAL_PAYSLIP,FORECAST,PUBLIC_SYNTHETIC_PLANNING_MODEL,2026-09-06T00:00:00-07:00
base,ARU_GROUP,2027,11,PAYROLL-base-202711-ARU,base-ARU_GROUP-2027-002455,WAGE-base-base-ARU_GROUP-2027-002455,ARU,WAGE-base-base-ARU_GROUP-2027-002455-EMP-015,EMP-015,,Corporate employee,1,1,8275,8275,MODELED_CENSUS_ROLE_ALLOCATION_NOT_INDIVIDUAL_PAYSLIP,FORECAST,PUBLIC_SYNTHETIC_PLANNING_MODEL,2026-09-06T00:00:00-07:00
base,ARU_GROUP,2027,11,PAYROLL-base-202711-ARU,base-ARU_GROUP-2027-002455,WAGE-base-base-ARU_GROUP-2027-002455,ARU,WAGE-base-base-ARU_GROUP-2027-002455-EMP-016,EMP-016,,Corporate employee,1,1,8275,8275,MODELED_CENSUS_ROLE_ALLOCATION_NOT_INDIVIDUAL_PAYSLIP,FORECAST,PUBLIC_SYNTHETIC_PLANNING_MODEL,2026-09-06T00:00:00-07:00
base,ARU_GROUP,2027,11,PAYROLL-base-202711-ARU,base-ARU_GROUP-2027-002455,WAGE-base-base-ARU_GROUP-2027-002455,ARU,WAGE-base-base-ARU_GROUP-2027-002455-EMP-017,EMP-017,,Corporate employee,1,1,8275,8275,MODELED_CENSUS_ROLE_ALLOCATION_NOT_INDIVIDUAL_PAYSLIP,FORECAST,PUBLIC_SYNTHETIC_PLANNING_MODEL,2026-09-06T00:00:00-07:00
base,ARU_GROUP,2027,11,PAYROLL-base-202711-ARU,base-ARU_GROUP-2027-002455,WAGE-base-base-ARU_GROUP-2027-002455,ARU,WAGE-base-base-ARU_GROUP-2027-002455-EMP-018,EMP-018,,Corporate employee,1,1,8275,8275,MODELED_CENSUS_ROLE_ALLOCATION_NOT_INDIVIDUAL_PAYSLIP,FORECAST,PUBLIC_SYNTHETIC_PLANNING_MODEL,2026-09-06T00:00:00-07:00
base,ARU_GROUP,2027,12,PAYROLL-base-202712-BST,base-ARU_GROUP-2027-002684,WAGE-base-base-ARU_GROUP-2027-002684,BST,WAGE-base-base-ARU_GROUP-2027-002684-EMP-007,EMP-007,,General Manager,1,1,21837,21837,MODELED_CENSUS_ROLE_ALLOCATION_NOT_INDIVIDUAL_PAYSLIP,FORECAST,PUBLIC_SYNTHETIC_PLANNING_MODEL,2026-09-06T00:00:00-07:00
base,ARU_GROUP,2027,12,PAYROLL-base-202712-BST,base-ARU_GROUP-2027-002684,WAGE-base-base-ARU_GROUP-2027-002684,BST,WAGE-base-base-ARU_GROUP-2027-002684-EMP-008,EMP-008,,Operations and Dispatch Manager,1,1,14366,14366,MODELED_CENSUS_ROLE_ALLOCATION_NOT_INDIVIDUAL_PAYSLIP,FORECAST,PUBLIC_SYNTHETIC_PLANNING_MODEL,2026-09-06T00:00:00-07:00
base,ARU_GROUP,2027,12,PAYROLL-base-202712-BST,base-ARU_GROUP-2027-002684,WAGE-base-base-ARU_GROUP-2027-002684,BST,WAGE-base-base-ARU_GROUP-2027-002684-EMP-009,EMP-009,,Working MOW Foreman,1,1,11493,11493,MODELED_CENSUS_ROLE_ALLOCATION_NOT_INDIVIDUAL_PAYSLIP,FORECAST,PUBLIC_SYNTHETIC_PLANNING_MODEL,2026-09-06T00:00:00-07:00
base,ARU_GROUP,2027,12,PAYROLL-base-202712-BST,base-ARU_GROUP-2027-002684,WAGE-base-base-ARU_GROUP-2027-002684,BST,WAGE-base-base-ARU_GROUP-2027-002684-EMP-010,EMP-010,,Mechanical Foreman,1,1,12642,12642,MODELED_CENSUS_ROLE_ALLOCATION_NOT_INDIVIDUAL_PAYSLIP,FORECAST,PUBLIC_SYNTHETIC_PLANNING_MODEL,2026-09-06T00:00:00-07:00
base,ARU_GROUP,2027,12,PAYROLL-base-202712-BST,base-ARU_GROUP-2027-002684,WAGE-base-base-ARU_GROUP-2027-002684,BST,WAGE-base-base-ARU_GROUP-2027-002684-EMP-011,EMP-011,,Safety and Compliance Manager,1,1,12067,12067,MODELED_CENSUS_ROLE_ALLOCATION_NOT_INDIVIDUAL_PAYSLIP,FORECAST,PUBLIC_SYNTHETIC_PLANNING_MODEL,2026-09-06T00:00:00-07:00
base,ARU_GROUP,2027,12,PAYROLL-base-202712-BST,base-ARU_GROUP-2027-002684,WAGE-base-base-ARU_GROUP-2027-002684,BST,WAGE-base-base-ARU_GROUP-2027-002684-EMP-019,EMP-019,,Train Engine employee,1,1,8390,8390,MODELED_CENSUS_ROLE_ALLOCATION_NOT_INDIVIDUAL_PAYSLIP,FORECAST,PUBLIC_SYNTHETIC_PLANNING_MODEL,2026-09-06T00:00:00-07:00
base,ARU_GROUP,2027,12,PAYROLL-base-202712-BST,base-ARU_GROUP-2027-002684,WAGE-base-base-ARU_GROUP-2027-002684,BST,WAGE-base-base-ARU_GROUP-2027-002684-EMP-020,EMP-020,,Train Engine employee,1,1,8390,8390,MODELED_CENSUS_ROLE_ALLOCATION_NOT_INDIVIDUAL_PAYSLIP,FORECAST,PUBLIC_SYNTHETIC_PLANNING_MODEL,2026-09-06T00:00:00-07:00
base,ARU_GROUP,2027,12,PAYROLL-base-202712-BST,base-ARU_GROUP-2027-002684,WAGE-base-base-ARU_GROUP-2027-002684,BST,WAGE-base-base-ARU_GROUP-2027-002684-EMP-021,EMP-021,,Train Engine employee,1,1,8390,8390,MODELED_CENSUS_ROLE_ALLOCATION_NOT_INDIVIDUAL_PAYSLIP,FORECAST,PUBLIC_SYNTHETIC_PLANNING_MODEL,2026-09-06T00:00:00-07:00
base,ARU_GROUP,2027,12,PAYROLL-base-202712-BST,base-ARU_GROUP-2027-002684,WAGE-base-base-ARU_GROUP-2027-002684,BST,WAGE-base-base-ARU_GROUP-2027-002684-EMP-022,EMP-022,,Train Engine employee,1,1,8390,8390,MODELED_CENSUS_ROLE_ALLOCATION_NOT_INDIVIDUAL_PAYSLIP,FORECAST,PUBLIC_SYNTHETIC_PLANNING_MODEL,2026-09-06T00:00:00-07:00
base,ARU_GROUP,2027,12,PAYROLL-base-202712-BST,base-ARU_GROUP-2027-002684,WAGE-base-base-ARU_GROUP-2027-002684,BST,WAGE-base-base-ARU_GROUP-2027-002684-EMP-023,EMP-023,,Train Engine employee,1,1,8390,8390,MODELED_CENSUS_ROLE_ALLOCATION_NOT_INDIVIDUAL_PAYSLIP,FORECAST,PUBLIC_SYNTHETIC_PLANNING_MODEL,2026-09-06T00:00:00-07:00
base,ARU_GROUP,2027,12,PAYROLL-base-202712-BST,base-ARU_GROUP-2027-002684,WAGE-base-base-ARU_GROUP-2027-002684,BST,WAGE-base-base-ARU_GROUP-2027-002684-EMP-024,EMP-024,,Train Engine employee,1,1,8390,8390,MODELED_CENSUS_ROLE_ALLOCATION_NOT_INDIVIDUAL_PAYSLIP,FORECAST,PUBLIC_SYNTHETIC_PLANNING_MODEL,2026-09-06T00:00:00-07:00
base,ARU_GROUP,2027,12,PAYROLL-base-202712-BST,base-ARU_GROUP-2027-002684,WAGE-base-base-ARU_GROUP-2027-002684,BST,WAGE-base-base-ARU_GROUP-2027-002684-EMP-025,EMP-025,,Train Engine employee,1,1,8390,8390,MODELED_CENSUS_ROLE_ALLOCATION_NOT_INDIVIDUAL_PAYSLIP,FORECAST,PUBLIC_SYNTHETIC_PLANNING_MODEL,2026-09-06T00:00:00-07:00
base,ARU_GROUP,2027,12,PAYROLL-base-202712-BST,base-ARU_GROUP-2027-002684,WAGE-base-base-ARU_GROUP-2027-002684,BST,WAGE-base-base-ARU_GROUP-2027-002684-EMP-026,EMP-026,,Train Engine employee,1,1,8390,8390,MODELED_CENSUS_ROLE_ALLOCATION_NOT_INDIVIDUAL_PAYSLIP,FORECAST,PUBLIC_SYNTHETIC_PLANNING_MODEL,2026-09-06T00:00:00-07:00
base,ARU_GROUP,2027,12,PAYROLL-base-202712-BST,base-ARU_GROUP-2027-002684,WAGE-base-base-ARU_GROUP-2027-002684,BST,WAGE-base-base-ARU_GROUP-2027-002684-EMP-027,EMP-027,,Train Engine employee,1,1,8390,8390,MODELED_CENSUS_ROLE_ALLOCATION_NOT_INDIVIDUAL_PAYSLIP,FORECAST,PUBLIC_SYNTHETIC_PLANNING_MODEL,2026-09-06T00:00:00-07:00
base,ARU_GROUP,2027,12,PAYROLL-base-202712-BST,base-ARU_GROUP-2027-002684,WAGE-base-base-ARU_GROUP-2027-002684,BST,WAGE-base-base-ARU_GROUP-2027-002684-EMP-028,EMP-028,,Train Engine employee,1,1,8390,8390,MODELED_CENSUS_ROLE_ALLOCATION_NOT_INDIVIDUAL_PAYSLIP,FORECAST,PUBLIC_SYNTHETIC_PLANNING_MODEL,2026-09-06T00:00:00-07:00
base,ARU_GROUP,2027,12,PAYROLL-base-202712-BST,base-ARU_GROUP-2027-002684,WAGE-base-base-ARU_GROUP-2027-002684,BST,WAGE-base-base-ARU_GROUP-2027-002684-EMP-029,EMP-029,,Train Engine employee,1,1,8390,8390,MODELED_CENSUS_ROLE_ALLOCATION_NOT_INDIVIDUAL_PAYSLIP,FORECAST,PUBLIC_SYNTHETIC_PLANNING_MODEL,2026-09-06T00:00:00-07:00
base,ARU_GROUP,2027,12,PAYROLL-base-202712-BST,base-ARU_GROUP-2027-002684,WAGE-base-base-ARU_GROUP-2027-002684,BST,WAGE-base-base-ARU_GROUP-2027-002684-EMP-030,EMP-030,,Train Engine employee,1,1,8390,8390,MODELED_CENSUS_ROLE_ALLOCATION_NOT_INDIVIDUAL_PAYSLIP,FORECAST,PUBLIC_SYNTHETIC_PLANNING_MODEL,2026-09-06T00:00:00-07:00
base,ARU_GROUP,2027,12,PAYROLL-base-202712-BST,base-ARU_GROUP-2027-002684,WAGE-base-base-ARU_GROUP-2027-002684,BST,WAGE-base-base-ARU_GROUP-2027-002684-EMP-031,EMP-031,,Train Engine employee,1,1,8390,8390,MODELED_CENSUS_ROLE_ALLOCATION_NOT_INDIVIDUAL_PAYSLIP,FORECAST,PUBLIC_SYNTHETIC_PLANNING_MODEL,2026-09-06T00:00:00-07:00
base,ARU_GROUP,2027,12,PAYROLL-base-202712-BST,base-ARU_GROUP-2027-002684,WAGE-base-base-ARU_GROUP-2027-002684,BST,WAGE-base-base-ARU_GROUP-2027-002684-EMP-032,EMP-032,,Train Engine employee,1,1,8390,8390,MODELED_CENSUS_ROLE_ALLOCATION_NOT_INDIVIDUAL_PAYSLIP,FORECAST,PUBLIC_SYNTHETIC_PLANNING_MODEL,2026-09-06T00:00:00-07:00
base,ARU_GROUP,2027,12,PAYROLL-base-202712-BST,base-ARU_GROUP-2027-002684,WAGE-base-base-ARU_GROUP-2027-002684,BST,WAGE-base-base-ARU_GROUP-2027-002684-EMP-033,EMP-033,,Train Engine employee,1,1,8390,8390,MODELED_CENSUS_ROLE_ALLOCATION_NOT_INDIVIDUAL_PAYSLIP,FORECAST,PUBLIC_SYNTHETIC_PLANNING_MODEL,2026-09-06T00:00:00-07:00
base,ARU_GROUP,2027,12,PAYROLL-base-202712-BST,base-ARU_GROUP-2027-002684,WAGE-base-base-ARU_GROUP-2027-002684,BST,WAGE-base-base-ARU_GROUP-2027-002684-EMP-034,EMP-034,,Train Engine employee,1,1,8390,8390,MODELED_CENSUS_ROLE_ALLOCATION_NOT_INDIVIDUAL_PAYSLIP,FORECAST,PUBLIC_SYNTHETIC_PLANNING_MODEL,2026-09-06T00:00:00-07:00
base,ARU_GROUP,2027,12,PAYROLL-base-202712-BST,base-ARU_GROUP-2027-002684,WAGE-base-base-ARU_GROUP-2027-002684,BST,WAGE-base-base-ARU_GROUP-2027-002684-EMP-035,EMP-035,,Train Engine employee,1,1,8390,8390,MODELED_CENSUS_ROLE_ALLOCATION_NOT_INDIVIDUAL_PAYSLIP,FORECAST,PUBLIC_SYNTHETIC_PLANNING_MODEL,2026-09-06T00:00:00-07:00
base,ARU_GROUP,2027,12,PAYROLL-base-202712-BST,base-ARU_GROUP-2027-002684,WAGE-base-base-ARU_GROUP-2027-002684,BST,WAGE-base-base-ARU_GROUP-2027-002684-EMP-036,EMP-036,,Train Engine employee,1,1,8390,8390,MODELED_CENSUS_ROLE_ALLOCATION_NOT_INDIVIDUAL_PAYSLIP,FORECAST,PUBLIC_SYNTHETIC_PLANNING_MODEL,2026-09-06T00:00:00-07:00
base,ARU_GROUP,2027,12,PAYROLL-base-202712-BST,base-ARU_GROUP-2027-002684,WAGE-base-base-ARU_GROUP-2027-002684,BST,WAGE-base-base-ARU_GROUP-2027-002684-EMP-037,EMP-037,,Train Engine employee,1,1,8390,8390,MODELED_CENSUS_ROLE_ALLOCATION_NOT_INDIVIDUAL_PAYSLIP,FORECAST,PUBLIC_SYNTHETIC_PLANNING_MODEL,2026-09-06T00:00:00-07:00
base,ARU_GROUP,2027,12,PAYROLL-base-202712-BST,base-ARU_GROUP-2027-002684,WAGE-base-base-ARU_GROUP-2027-002684,BST,WAGE-base-base-ARU_GROUP-2027-002684-EMP-038,EMP-038,,Train Engine employee,1,1,8390,8390,MODELED_CENSUS_ROLE_ALLOCATION_NOT_INDIVIDUAL_PAYSLIP,FORECAST,PUBLIC_SYNTHETIC_PLANNING_MODEL,2026-09-06T00:00:00-07:00
base,ARU_GROUP,2027,12,PAYROLL-base-202712-BST,base-ARU_GROUP-2027-002684,WAGE-base-base-ARU_GROUP-2027-002684,BST,WAGE-base-base-ARU_GROUP-2027-002684-EMP-039,EMP-039,,Train Engine employee,1,1,8390,8390,MODELED_CENSUS_ROLE_ALLOCATION_NOT_INDIVIDUAL_PAYSLIP,FORECAST,PUBLIC_SYNTHETIC_PLANNING_MODEL,2026-09-06T00:00:00-07:00
base,ARU_GROUP,2027,12,PAYROLL-base-202712-BST,base-ARU_GROUP-2027-002684,WAGE-base-base-ARU_GROUP-2027-002684,BST,WAGE-base-base-ARU_GROUP-2027-002684-EMP-040,EMP-040,,Train Engine employee,1,1,8390,8390,MODELED_CENSUS_ROLE_ALLOCATION_NOT_INDIVIDUAL_PAYSLIP,FORECAST,PUBLIC_SYNTHETIC_PLANNING_MODEL,2026-09-06T00:00:00-07:00
base,ARU_GROUP,2027,12,PAYROLL-base-202712-BST,base-ARU_GROUP-2027-002684,WAGE-base-base-ARU_GROUP-2027-002684,BST,WAGE-base-base-ARU_GROUP-2027-002684-EMP-041,EMP-041,,Mow employee,1,1,8045,8045,MODELED_CENSUS_ROLE_ALLOCATION_NOT_INDIVIDUAL_PAYSLIP,FORECAST,PUBLIC_SYNTHETIC_PLANNING_MODEL,2026-09-06T00:00:00-07:00
base,ARU_GROUP,2027,12,PAYROLL-base-202712-BST,base-ARU_GROUP-2027-002684,WAGE-base-base-ARU_GROUP-2027-002684,BST,WAGE-base-base-ARU_GROUP-2027-002684-EMP-042,EMP-042,,Mow employee,1,1,8045,8045,MODELED_CENSUS_ROLE_ALLOCATION_NOT_INDIVIDUAL_PAYSLIP,FORECAST,PUBLIC_SYNTHETIC_PLANNING_MODEL,2026-09-06T00:00:00-07:00
base,ARU_GROUP,2027,12,PAYROLL-base-202712-BST,base-ARU_GROUP-2027-002684,WAGE-base-base-ARU_GROUP-2027-002684,BST,WAGE-base-base-ARU_GROUP-2027-002684-EMP-043,EMP-043,,Mow employee,1,1,8045,8045,MODELED_CENSUS_ROLE_ALLOCATION_NOT_INDIVIDUAL_PAYSLIP,FORECAST,PUBLIC_SYNTHETIC_PLANNING_MODEL,2026-09-06T00:00:00-07:00
base,ARU_GROUP,2027,12,PAYROLL-base-202712-BST,base-ARU_GROUP-2027-002684,WAGE-base-base-ARU_GROUP-2027-002684,BST,WAGE-base-base-ARU_GROUP-2027-002684-EMP-044,EMP-044,,Mow employee,1,1,8045,8045,MODELED_CENSUS_ROLE_ALLOCATION_NOT_INDIVIDUAL_PAYSLIP,FORECAST,PUBLIC_SYNTHETIC_PLANNING_MODEL,2026-09-06T00:00:00-07:00
base,ARU_GROUP,2027,12,PAYROLL-base-202712-BST,base-ARU_GROUP-2027-002684,WAGE-base-base-ARU_GROUP-2027-002684,BST,WAGE-base-base-ARU_GROUP-2027-002684-EMP-045,EMP-045,,Mow employee,1,1,8045,8045,MODELED_CENSUS_ROLE_ALLOCATION_NOT_INDIVIDUAL_PAYSLIP,FORECAST,PUBLIC_SYNTHETIC_PLANNING_MODEL,2026-09-06T00:00:00-07:00
base,ARU_GROUP,2027,12,PAYROLL-base-202712-BST,base-ARU_GROUP-2027-002684,WAGE-base-base-ARU_GROUP-2027-002684,BST,WAGE-base-base-ARU_GROUP-2027-002684-EMP-046,EMP-046,,Mow employee,1,1,8045,8045,MODELED_CENSUS_ROLE_ALLOCATION_NOT_INDIVIDUAL_PAYSLIP,FORECAST,PUBLIC_SYNTHETIC_PLANNING_MODEL,2026-09-06T00:00:00-07:00
base,ARU_GROUP,2027,12,PAYROLL-base-202712-BST,base-ARU_GROUP-2027-002684,WAGE-base-base-ARU_GROUP-2027-002684,BST,WAGE-base-base-ARU_GROUP-2027-002684-EMP-047,EMP-047,,Mow employee,1,1,8045,8045,MODELED_CENSUS_ROLE_ALLOCATION_NOT_INDIVIDUAL_PAYSLIP,FORECAST,PUBLIC_SYNTHETIC_PLANNING_MODEL,2026-09-06T00:00:00-07:00
base,ARU_GROUP,2027,12,PAYROLL-base-202712-BST,base-ARU_GROUP-2027-002684,WAGE-base-base-ARU_GROUP-2027-002684,BST,WAGE-base-base-ARU_GROUP-2027-002684-EMP-048,EMP-048,,Mow employee,1,1,8045,8045,MODELED_CENSUS_ROLE_ALLOCATION_NOT_INDIVIDUAL_PAYSLIP,FORECAST,PUBLIC_SYNTHETIC_PLANNING_MODEL,2026-09-06T00:00:00-07:00
base,ARU_GROUP,2027,12,PAYROLL-base-202712-BST,base-ARU_GROUP-2027-002684,WAGE-base-base-ARU_GROUP-2027-002684,BST,WAGE-base-base-ARU_GROUP-2027-002684-EMP-049,EMP-049,,Mow employee,1,1,8045,8045,MODELED_CENSUS_ROLE_ALLOCATION_NOT_INDIVIDUAL_PAYSLIP,FORECAST,PUBLIC_SYNTHETIC_PLANNING_MODEL,2026-09-06T00:00:00-07:00
base,ARU_GROUP,2027,12,PAYROLL-base-202712-BST,base-ARU_GROUP-2027-002684,WAGE-base-base-ARU_GROUP-2027-002684,BST,WAGE-base-base-ARU_GROUP-2027-002684-EMP-050,EMP-050,,Mechanical employee,1,1,8620,8620,MODELED_CENSUS_ROLE_ALLOCATION_NOT_INDIVIDUAL_PAYSLIP,FORECAST,PUBLIC_SYNTHETIC_PLANNING_MODEL,2026-09-06T00:00:00-07:00
base,ARU_GROUP,2027,12,PAYROLL-base-202712-BST,base-ARU_GROUP-2027-002684,WAGE-base-base-ARU_GROUP-2027-002684,BST,WAGE-base-base-ARU_GROUP-2027-002684-EMP-051,EMP-051,,Mechanical employee,1,1,8620,8620,MODELED_CENSUS_ROLE_ALLOCATION_NOT_INDIVIDUAL_PAYSLIP,FORECAST,PUBLIC_SYNTHETIC_PLANNING_MODEL,2026-09-06T00:00:00-07:00
base,ARU_GROUP,2027,12,PAYROLL-base-202712-BST,base-ARU_GROUP-2027-002684,WAGE-base-base-ARU_GROUP-2027-002684,BST,WAGE-base-base-ARU_GROUP-2027-002684-EMP-052,EMP-052,,Mechanical employee,1,1,8620,8620,MODELED_CENSUS_ROLE_ALLOCATION_NOT_INDIVIDUAL_PAYSLIP,FORECAST,PUBLIC_SYNTHETIC_PLANNING_MODEL,2026-09-06T00:00:00-07:00
base,ARU_GROUP,2027,12,PAYROLL-base-202712-BST,base-ARU_GROUP-2027-002684,WAGE-base-base-ARU_GROUP-2027-002684,BST,WAGE-base-base-ARU_GROUP-2027-002684-EMP-053,EMP-053,,Mechanical employee,1,1,8620,8620,MODELED_CENSUS_ROLE_ALLOCATION_NOT_INDIVIDUAL_PAYSLIP,FORECAST,PUBLIC_SYNTHETIC_PLANNING_MODEL,2026-09-06T00:00:00-07:00
base,ARU_GROUP,2027,12,PAYROLL-base-202712-BST,base-ARU_GROUP-2027-002684,WAGE-base-base-ARU_GROUP-2027-002684,BST,WAGE-base-base-ARU_GROUP-2027-002684-EMP-054,EMP-054,,Mechanical employee,1,1,8620,8620,MODELED_CENSUS_ROLE_ALLOCATION_NOT_INDIVIDUAL_PAYSLIP,FORECAST,PUBLIC_SYNTHETIC_PLANNING_MODEL,2026-09-06T00:00:00-07:00
base,ARU_GROUP,2027,12,PAYROLL-base-202712-BST,base-ARU_GROUP-2027-002684,WAGE-base-base-ARU_GROUP-2027-002684,BST,WAGE-base-base-ARU_GROUP-2027-002684-EMP-055,EMP-055,,Mechanical employee,1,1,8620,8620,MODELED_CENSUS_ROLE_ALLOCATION_NOT_INDIVIDUAL_PAYSLIP,FORECAST,PUBLIC_SYNTHETIC_PLANNING_MODEL,2026-09-06T00:00:00-07:00
base,ARU_GROUP,2027,12,PAYROLL-base-202712-BST,base-ARU_GROUP-2027-002684,WAGE-base-base-ARU_GROUP-2027-002684,BST,WAGE-base-base-ARU_GROUP-2027-002684-EMP-056,EMP-056,,Mechanical employee,1,1,8620,8620,MODELED_CENSUS_ROLE_ALLOCATION_NOT_INDIVIDUAL_PAYSLIP,FORECAST,PUBLIC_SYNTHETIC_PLANNING_MODEL,2026-09-06T00:00:00-07:00
base,ARU_GROUP,2027,12,PAYROLL-base-202712-BST,base-ARU_GROUP-2027-002684,WAGE-base-base-ARU_GROUP-2027-002684,BST,WAGE-base-base-ARU_GROUP-2027-002684-EMP-057,EMP-057,,Operations employee,1,1,8045,8045,MODELED_CENSUS_ROLE_ALLOCATION_NOT_INDIVIDUAL_PAYSLIP,FORECAST,PUBLIC_SYNTHETIC_PLANNING_MODEL,2026-09-06T00:00:00-07:00
base,ARU_GROUP,2027,12,PAYROLL-base-202712-BST,base-ARU_GROUP-2027-002684,WAGE-base-base-ARU_GROUP-2027-002684,BST,WAGE-base-base-ARU_GROUP-2027-002684-EMP-058,EMP-058,,Operations employee,1,1,8045,8045,MODELED_CENSUS_ROLE_ALLOCATION_NOT_INDIVIDUAL_PAYSLIP,FORECAST,PUBLIC_SYNTHETIC_PLANNING_MODEL,2026-09-06T00:00:00-07:00
base,ARU_GROUP,2027,12,PAYROLL-base-202712-BST,base-ARU_GROUP-2027-002684,WAGE-base-base-ARU_GROUP-2027-002684,BST,WAGE-base-base-ARU_GROUP-2027-002684-EMP-059,EMP-059,,Operations employee,1,1,8045,8045,MODELED_CENSUS_ROLE_ALLOCATION_NOT_INDIVIDUAL_PAYSLIP,FORECAST,PUBLIC_SYNTHETIC_PLANNING_MODEL,2026-09-06T00:00:00-07:00
base,ARU_GROUP,2027,12,PAYROLL-base-202712-BST,base-ARU_GROUP-2027-002684,WAGE-base-base-ARU_GROUP-2027-002684,BST,WAGE-base-base-ARU_GROUP-2027-002684-EMP-060,EMP-060,,Operations employee,1,1,8045,8045,MODELED_CENSUS_ROLE_ALLOCATION_NOT_INDIVIDUAL_PAYSLIP,FORECAST,PUBLIC_SYNTHETIC_PLANNING_MODEL,2026-09-06T00:00:00-07:00
base,ARU_GROUP,2027,12,PAYROLL-base-202712-BST,base-ARU_GROUP-2027-002684,WAGE-base-base-ARU_GROUP-2027-002684,BST,WAGE-base-base-ARU_GROUP-2027-002684-EMP-061,EMP-061,,Operations employee,1,1,8045,8045,MODELED_CENSUS_ROLE_ALLOCATION_NOT_INDIVIDUAL_PAYSLIP,FORECAST,PUBLIC_SYNTHETIC_PLANNING_MODEL,2026-09-06T00:00:00-07:00
base,ARU_GROUP,2027,12,PAYROLL-base-202712-BST,base-ARU_GROUP-2027-002684,WAGE-base-base-ARU_GROUP-2027-002684,BST,WAGE-base-base-ARU_GROUP-2027-002684-EMP-062,EMP-062,,Safety employee,1,1,8620,8620,MODELED_CENSUS_ROLE_ALLOCATION_NOT_INDIVIDUAL_PAYSLIP,FORECAST,PUBLIC_SYNTHETIC_PLANNING_MODEL,2026-09-06T00:00:00-07:00
base,ARU_GROUP,2027,12,PAYROLL-base-202712-BST,base-ARU_GROUP-2027-002684,WAGE-base-base-ARU_GROUP-2027-002684,BST,WAGE-base-base-ARU_GROUP-2027-002684-EMP-063,EMP-063,,Safety employee,1,1,8620,8620,MODELED_CENSUS_ROLE_ALLOCATION_NOT_INDIVIDUAL_PAYSLIP,FORECAST,PUBLIC_SYNTHETIC_PLANNING_MODEL,2026-09-06T00:00:00-07:00
base,ARU_GROUP,2027,12,PAYROLL-base-202712-BST,base-ARU_GROUP-2027-002684,WAGE-base-base-ARU_GROUP-2027-002684,BST,WAGE-base-base-ARU_GROUP-2027-002684-EMP-064,EMP-064,,Management employee,1,1,8620,8620,MODELED_CENSUS_ROLE_ALLOCATION_NOT_INDIVIDUAL_PAYSLIP,FORECAST,PUBLIC_SYNTHETIC_PLANNING_MODEL,2026-09-06T00:00:00-07:00
base,ARU_GROUP,2027,12,PAYROLL-base-202712-BST,base-ARU_GROUP-2027-002684,WAGE-base-base-ARU_GROUP-2027-002684,BST,WAGE-base-base-ARU_GROUP-2027-002684-EMP-065,EMP-065,,Management employee,1,1,8620,8620,MODELED_CENSUS_ROLE_ALLOCATION_NOT_INDIVIDUAL_PAYSLIP,FORECAST,PUBLIC_SYNTHETIC_PLANNING_MODEL,2026-09-06T00:00:00-07:00
base,ARU_GROUP,2027,12,PAYROLL-base-202712-BST,base-ARU_GROUP-2027-002684,WAGE-base-base-ARU_GROUP-2027-002684,BST,WAGE-base-base-ARU_GROUP-2027-002684-EMP-066,EMP-066,,Management employee,1,1,8620,8620,MODELED_CENSUS_ROLE_ALLOCATION_NOT_INDIVIDUAL_PAYSLIP,FORECAST,PUBLIC_SYNTHETIC_PLANNING_MODEL,2026-09-06T00:00:00-07:00
base,ARU_GROUP,2027,12,PAYROLL-base-202712-BST,base-ARU_GROUP-2027-002684,WAGE-base-base-ARU_GROUP-2027-002684,BST,WAGE-base-base-ARU_GROUP-2027-002684-EMP-067,EMP-067,,Management employee,1,1,8620,8620,MODELED_CENSUS_ROLE_ALLOCATION_NOT_INDIVIDUAL_PAYSLIP,FORECAST,PUBLIC_SYNTHETIC_PLANNING_MODEL,2026-09-06T00:00:00-07:00
base,ARU_GROUP,2027,12,PAYROLL-base-202712-BST,base-ARU_GROUP-2027-002684,WAGE-base-base-ARU_GROUP-2027-002684,BST,WAGE-base-base-ARU_GROUP-2027-002684-EMP-068,EMP-068,,Management employee,1,1,8620,8620,MODELED_CENSUS_ROLE_ALLOCATION_NOT_INDIVIDUAL_PAYSLIP,FORECAST,PUBLIC_SYNTHETIC_PLANNING_MODEL,2026-09-06T00:00:00-07:00
base,ARU_GROUP,2027,12,PAYROLL-base-202712-BST,base-ARU_GROUP-2027-002684,WAGE-base-base-ARU_GROUP-2027-002684,BST,WAGE-base-base-ARU_GROUP-2027-002684-EMP-069,EMP-069,,Management employee,1,1,8620,8620,MODELED_CENSUS_ROLE_ALLOCATION_NOT_INDIVIDUAL_PAYSLIP,FORECAST,PUBLIC_SYNTHETIC_PLANNING_MODEL,2026-09-06T00:00:00-07:00
base,ARU_GROUP,2027,12,PAYROLL-base-202712-BST,base-ARU_GROUP-2027-002684,WAGE-base-base-ARU_GROUP-2027-002684,BST,WAGE-base-base-ARU_GROUP-2027-002684-EMP-070,EMP-070,,Management employee,1,1,8620,8620,MODELED_CENSUS_ROLE_ALLOCATION_NOT_INDIVIDUAL_PAYSLIP,FORECAST,PUBLIC_SYNTHETIC_PLANNING_MODEL,2026-09-06T00:00:00-07:00
base,ARU_GROUP,2027,12,PAYROLL-base-202712-BST,base-ARU_GROUP-2027-002684,WAGE-base-base-ARU_GROUP-2027-002684,BST,WAGE-base-base-ARU_GROUP-2027-002684-EMP-071,EMP-071,,Management employee,1,1,8619,8619,MODELED_CENSUS_ROLE_ALLOCATION_NOT_INDIVIDUAL_PAYSLIP,FORECAST,PUBLIC_SYNTHETIC_PLANNING_MODEL,2026-09-06T00:00:00-07:00
base,ARU_GROUP,2027,12,PAYROLL-base-202712-TERMINALS,base-ARU_GROUP-2027-002691,WAGE-base-base-ARU_GROUP-2027-002691,TERMINALS,WAGE-base-base-ARU_GROUP-2027-002691-EMP-012,EMP-012,,Terminal Manager,1,1,15515,15515,MODELED_CENSUS_ROLE_ALLOCATION_NOT_INDIVIDUAL_PAYSLIP,FORECAST,PUBLIC_SYNTHETIC_PLANNING_MODEL,2026-09-06T00:00:00-07:00
base,ARU_GROUP,2027,12,PAYROLL-base-202712-TERMINALS,base-ARU_GROUP-2027-002691,WAGE-base-base-ARU_GROUP-2027-002691,TERMINALS,WAGE-base-base-ARU_GROUP-2027-002691-EMP-072,EMP-072,,Terminal employee,1,1,7126,7126,MODELED_CENSUS_ROLE_ALLOCATION_NOT_INDIVIDUAL_PAYSLIP,FORECAST,PUBLIC_SYNTHETIC_PLANNING_MODEL,2026-09-06T00:00:00-07:00
base,ARU_GROUP,2027,12,PAYROLL-base-202712-TERMINALS,base-ARU_GROUP-2027-002691,WAGE-base-base-ARU_GROUP-2027-002691,TERMINALS,WAGE-base-base-ARU_GROUP-2027-002691-EMP-073,EMP-073,,Terminal employee,1,1,7126,7126,MODELED_CENSUS_ROLE_ALLOCATION_NOT_INDIVIDUAL_PAYSLIP,FORECAST,PUBLIC_SYNTHETIC_PLANNING_MODEL,2026-09-06T00:00:00-07:00
base,ARU_GROUP,2027,12,PAYROLL-base-202712-TERMINALS,base-ARU_GROUP-2027-002691,WAGE-base-base-ARU_GROUP-2027-002691,TERMINALS,WAGE-base-base-ARU_GROUP-2027-002691-EMP-074,EMP-074,,Terminal employee,1,1,7126,7126,MODELED_CENSUS_ROLE_ALLOCATION_NOT_INDIVIDUAL_PAYSLIP,FORECAST,PUBLIC_SYNTHETIC_PLANNING_MODEL,2026-09-06T00:00:00-07:00
base,ARU_GROUP,2027,12,PAYROLL-base-202712-TERMINALS,base-ARU_GROUP-2027-002691,WAGE-base-base-ARU_GROUP-2027-002691,TERMINALS,WAGE-base-base-ARU_GROUP-2027-002691-EMP-075,EMP-075,,Terminal employee,1,1,7126,7126,MODELED_CENSUS_ROLE_ALLOCATION_NOT_INDIVIDUAL_PAYSLIP,FORECAST,PUBLIC_SYNTHETIC_PLANNING_MODEL,2026-09-06T00:00:00-07:00
base,ARU_GROUP,2027,12,PAYROLL-base-202712-TERMINALS,base-ARU_GROUP-2027-002691,WAGE-base-base-ARU_GROUP-2027-002691,TERMINALS,WAGE-base-base-ARU_GROUP-2027-002691-EMP-076,EMP-076,,Terminal employee,1,1,7126,7126,MODELED_CENSUS_ROLE_ALLOCATION_NOT_INDIVIDUAL_PAYSLIP,FORECAST,PUBLIC_SYNTHETIC_PLANNING_MODEL,2026-09-06T00:00:00-07:00
base,ARU_GROUP,2027,12,PAYROLL-base-202712-TERMINALS,base-ARU_GROUP-2027-002691,WAGE-base-base-ARU_GROUP-2027-002691,TERMINALS,WAGE-base-base-ARU_GROUP-2027-002691-EMP-077,EMP-077,,Terminal employee,1,1,7126,7126,MODELED_CENSUS_ROLE_ALLOCATION_NOT_INDIVIDUAL_PAYSLIP,FORECAST,PUBLIC_SYNTHETIC_PLANNING_MODEL,2026-09-06T00:00:00-07:00
base,ARU_GROUP,2027,12,PAYROLL-base-202712-TERMINALS,base-ARU_GROUP-2027-002691,WAGE-base-base-ARU_GROUP-2027-002691,TERMINALS,WAGE-base-base-ARU_GROUP-2027-002691-EMP-078,EMP-078,,Terminal employee,1,1,7126,7126,MODELED_CENSUS_ROLE_ALLOCATION_NOT_INDIVIDUAL_PAYSLIP,FORECAST,PUBLIC_SYNTHETIC_PLANNING_MODEL,2026-09-06T00:00:00-07:00
base,ARU_GROUP,2027,12,PAYROLL-base-202712-TERMINALS,base-ARU_GROUP-2027-002691,WAGE-base-base-ARU_GROUP-2027-002691,TERMINALS,WAGE-base-base-ARU_GROUP-2027-002691-EMP-079,EMP-079,,Terminal employee,1,1,7126,7126,MODELED_CENSUS_ROLE_ALLOCATION_NOT_INDIVIDUAL_PAYSLIP,FORECAST,PUBLIC_SYNTHETIC_PLANNING_MODEL,2026-09-06T00:00:00-07:00
base,ARU_GROUP,2027,12,PAYROLL-base-202712-TERMINALS,base-ARU_GROUP-2027-002691,WAGE-base-base-ARU_GROUP-2027-002691,TERMINALS,WAGE-base-base-ARU_GROUP-2027-002691-EMP-080,EMP-080,,Terminal employee,1,1,7126,7126,MODELED_CENSUS_ROLE_ALLOCATION_NOT_INDIVIDUAL_PAYSLIP,FORECAST,PUBLIC_SYNTHETIC_PLANNING_MODEL,2026-09-06T00:00:00-07:00
base,ARU_GROUP,2027,12,PAYROLL-base-202712-TERMINALS,base-ARU_GROUP-2027-002691,WAGE-base-base-ARU_GROUP-2027-002691,TERMINALS,WAGE-base-base-ARU_GROUP-2027-002691-EMP-081,EMP-081,,Terminal employee,1,1,7126,7126,MODELED_CENSUS_ROLE_ALLOCATION_NOT_INDIVIDUAL_PAYSLIP,FORECAST,PUBLIC_SYNTHETIC_PLANNING_MODEL,2026-09-06T00:00:00-07:00
base,ARU_GROUP,2027,12,PAYROLL-base-202712-TERMINALS,base-ARU_GROUP-2027-002691,WAGE-base-base-ARU_GROUP-2027-002691,TERMINALS,WAGE-base-base-ARU_GROUP-2027-002691-EMP-082,EMP-082,,Terminal employee,1,1,7126,7126,MODELED_CENSUS_ROLE_ALLOCATION_NOT_INDIVIDUAL_PAYSLIP,FORECAST,PUBLIC_SYNTHETIC_PLANNING_MODEL,2026-09-06T00:00:00-07:00
base,ARU_GROUP,2027,12,PAYROLL-base-202712-TERMINALS,base-ARU_GROUP-2027-002691,WAGE-base-base-ARU_GROUP-2027-002691,TERMINALS,WAGE-base-base-ARU_GROUP-2027-002691-EMP-083,EMP-083,,Terminal employee,1,1,7126,7126,MODELED_CENSUS_ROLE_ALLOCATION_NOT_INDIVIDUAL_PAYSLIP,FORECAST,PUBLIC_SYNTHETIC_PLANNING_MODEL,2026-09-06T00:00:00-07:00
base,ARU_GROUP,2027,12,PAYROLL-base-202712-TERMINALS,base-ARU_GROUP-2027-002691,WAGE-base-base-ARU_GROUP-2027-002691,TERMINALS,WAGE-base-base-ARU_GROUP-2027-002691-EMP-084,EMP-084,,Terminal employee,1,1,7126,7126,MODELED_CENSUS_ROLE_ALLOCATION_NOT_INDIVIDUAL_PAYSLIP,FORECAST,PUBLIC_SYNTHETIC_PLANNING_MODEL,2026-09-06T00:00:00-07:00
base,ARU_GROUP,2027,12,PAYROLL-base-202712-TERMINALS,base-ARU_GROUP-2027-002691,WAGE-base-base-ARU_GROUP-2027-002691,TERMINALS,WAGE-base-base-ARU_GROUP-2027-002691-EMP-085,EMP-085,,Terminal employee,1,1,7126,7126,MODELED_CENSUS_ROLE_ALLOCATION_NOT_INDIVIDUAL_PAYSLIP,FORECAST,PUBLIC_SYNTHETIC_PLANNING_MODEL,2026-09-06T00:00:00-07:00
base,ARU_GROUP,2027,12,PAYROLL-base-202712-TERMINALS,base-ARU_GROUP-2027-002691,WAGE-base-base-ARU_GROUP-2027-002691,TERMINALS,WAGE-base-base-ARU_GROUP-2027-002691-EMP-086,EMP-086,,Terminal employee,1,1,7126,7126,MODELED_CENSUS_ROLE_ALLOCATION_NOT_INDIVIDUAL_PAYSLIP,FORECAST,PUBLIC_SYNTHETIC_PLANNING_MODEL,2026-09-06T00:00:00-07:00
base,ARU_GROUP,2027,12,PAYROLL-base-202712-TERMINALS,base-ARU_GROUP-2027-002691,WAGE-base-base-ARU_GROUP-2027-002691,TERMINALS,WAGE-base-base-ARU_GROUP-2027-002691-EMP-087,EMP-087,,Terminal employee,1,1,7126,7126,MODELED_CENSUS_ROLE_ALLOCATION_NOT_INDIVIDUAL_PAYSLIP,FORECAST,PUBLIC_SYNTHETIC_PLANNING_MODEL,2026-09-06T00:00:00-07:00
base,ARU_GROUP,2027,12,PAYROLL-base-202712-TERMINALS,base-ARU_GROUP-2027-002691,WAGE-base-base-ARU_GROUP-2027-002691,TERMINALS,WAGE-base-base-ARU_GROUP-2027-002691-EMP-088,EMP-088,,Terminal employee,1,1,7126,7126,MODELED_CENSUS_ROLE_ALLOCATION_NOT_INDIVIDUAL_PAYSLIP,FORECAST,PUBLIC_SYNTHETIC_PLANNING_MODEL,2026-09-06T00:00:00-07:00
base,ARU_GROUP,2027,12,PAYROLL-base-202712-TERMINALS,base-ARU_GROUP-2027-002691,WAGE-base-base-ARU_GROUP-2027-002691,TERMINALS,WAGE-base-base-ARU_GROUP-2027-002691-EMP-089,EMP-089,,Terminal employee,1,1,7126,7126,MODELED_CENSUS_ROLE_ALLOCATION_NOT_INDIVIDUAL_PAYSLIP,FORECAST,PUBLIC_SYNTHETIC_PLANNING_MODEL,2026-09-06T00:00:00-07:00
base,ARU_GROUP,2027,12,PAYROLL-base-202712-TERMINALS,base-ARU_GROUP-2027-002691,WAGE-base-base-ARU_GROUP-2027-002691,TERMINALS,WAGE-base-base-ARU_GROUP-2027-002691-EMP-090,EMP-090,,Terminal employee,1,1,7126,7126,MODELED_CENSUS_ROLE_ALLOCATION_NOT_INDIVIDUAL_PAYSLIP,FORECAST,PUBLIC_SYNTHETIC_PLANNING_MODEL,2026-09-06T00:00:00-07:00
base,ARU_GROUP,2027,12,PAYROLL-base-202712-TERMINALS,base-ARU_GROUP-2027-002691,WAGE-base-base-ARU_GROUP-2027-002691,TERMINALS,WAGE-base-base-ARU_GROUP-2027-002691-EMP-091,EMP-091,,Terminal employee,1,1,7125,7125,MODELED_CENSUS_ROLE_ALLOCATION_NOT_INDIVIDUAL_PAYSLIP,FORECAST,PUBLIC_SYNTHETIC_PLANNING_MODEL,2026-09-06T00:00:00-07:00
base,ARU_GROUP,2027,12,PAYROLL-base-202712-TERMINALS,base-ARU_GROUP-2027-002691,WAGE-base-base-ARU_GROUP-2027-002691,TERMINALS,WAGE-base-base-ARU_GROUP-2027-002691-EMP-092,EMP-092,,Terminal employee,1,1,7125,7125,MODELED_CENSUS_ROLE_ALLOCATION_NOT_INDIVIDUAL_PAYSLIP,FORECAST,PUBLIC_SYNTHETIC_PLANNING_MODEL,2026-09-06T00:00:00-07:00
base,ARU_GROUP,2027,12,PAYROLL-base-202712-TERMINALS,base-ARU_GROUP-2027-002691,WAGE-base-base-ARU_GROUP-2027-002691,TERMINALS,WAGE-base-base-ARU_GROUP-2027-002691-EMP-093,EMP-093,,Terminal employee,1,1,7125,7125,MODELED_CENSUS_ROLE_ALLOCATION_NOT_INDIVIDUAL_PAYSLIP,FORECAST,PUBLIC_SYNTHETIC_PLANNING_MODEL,2026-09-06T00:00:00-07:00
base,ARU_GROUP,2027,12,PAYROLL-base-202712-TERMINALS,base-ARU_GROUP-2027-002691,WAGE-base-base-ARU_GROUP-2027-002691,TERMINALS,WAGE-base-base-ARU_GROUP-2027-002691-EMP-094,EMP-094,,Terminal employee,1,1,7125,7125,MODELED_CENSUS_ROLE_ALLOCATION_NOT_INDIVIDUAL_PAYSLIP,FORECAST,PUBLIC_SYNTHETIC_PLANNING_MODEL,2026-09-06T00:00:00-07:00
base,ARU_GROUP,2027,12,PAYROLL-base-202712-TERMINALS,base-ARU_GROUP-2027-002691,WAGE-base-base-ARU_GROUP-2027-002691,TERMINALS,WAGE-base-base-ARU_GROUP-2027-002691-EMP-095,EMP-095,,Terminal employee,1,1,7125,7125,MODELED_CENSUS_ROLE_ALLOCATION_NOT_INDIVIDUAL_PAYSLIP,FORECAST,PUBLIC_SYNTHETIC_PLANNING_MODEL,2026-09-06T00:00:00-07:00
base,ARU_GROUP,2027,12,PAYROLL-base-202712-TERMINALS,base-ARU_GROUP-2027-002691,WAGE-base-base-ARU_GROUP-2027-002691,TERMINALS,WAGE-base-base-ARU_GROUP-2027-002691-EMP-096,EMP-096,,Terminal employee,1,1,7125,7125,MODELED_CENSUS_ROLE_ALLOCATION_NOT_INDIVIDUAL_PAYSLIP,FORECAST,PUBLIC_SYNTHETIC_PLANNING_MODEL,2026-09-06T00:00:00-07:00
base,ARU_GROUP,2027,12,PAYROLL-base-202712-TERMINALS,base-ARU_GROUP-2027-002691,WAGE-base-base-ARU_GROUP-2027-002691,TERMINALS,WAGE-base-base-ARU_GROUP-2027-002691-EMP-097,EMP-097,,Terminal employee,1,1,7125,7125,MODELED_CENSUS_ROLE_ALLOCATION_NOT_INDIVIDUAL_PAYSLIP,FORECAST,PUBLIC_SYNTHETIC_PLANNING_MODEL,2026-09-06T00:00:00-07:00
base,ARU_GROUP,2027,12,PAYROLL-base-202712-TRUCKING,base-ARU_GROUP-2027-002698,WAGE-base-base-ARU_GROUP-2027-002698,TRUCKING,WAGE-base-base-ARU_GROUP-2027-002698-EMP-013,EMP-013,,Trucking Manager,1,1,14367,14367,MODELED_CENSUS_ROLE_ALLOCATION_NOT_INDIVIDUAL_PAYSLIP,FORECAST,PUBLIC_SYNTHETIC_PLANNING_MODEL,2026-09-06T00:00:00-07:00
base,ARU_GROUP,2027,12,PAYROLL-base-202712-TRUCKING,base-ARU_GROUP-2027-002698,WAGE-base-base-ARU_GROUP-2027-002698,TRUCKING,WAGE-base-base-ARU_GROUP-2027-002698-EMP-098,EMP-098,,Qualified regional industrial driver,1,1,7816,7816,MODELED_CENSUS_ROLE_ALLOCATION_NOT_INDIVIDUAL_PAYSLIP,FORECAST,PUBLIC_SYNTHETIC_PLANNING_MODEL,2026-09-06T00:00:00-07:00
base,ARU_GROUP,2027,12,PAYROLL-base-202712-TRUCKING,base-ARU_GROUP-2027-002698,WAGE-base-base-ARU_GROUP-2027-002698,TRUCKING,WAGE-base-base-ARU_GROUP-2027-002698-EMP-099,EMP-099,,Qualified regional industrial driver,1,1,7816,7816,MODELED_CENSUS_ROLE_ALLOCATION_NOT_INDIVIDUAL_PAYSLIP,FORECAST,PUBLIC_SYNTHETIC_PLANNING_MODEL,2026-09-06T00:00:00-07:00
base,ARU_GROUP,2027,12,PAYROLL-base-202712-TRUCKING,base-ARU_GROUP-2027-002698,WAGE-base-base-ARU_GROUP-2027-002698,TRUCKING,WAGE-base-base-ARU_GROUP-2027-002698-EMP-100,EMP-100,,Qualified regional industrial driver,1,1,7816,7816,MODELED_CENSUS_ROLE_ALLOCATION_NOT_INDIVIDUAL_PAYSLIP,FORECAST,PUBLIC_SYNTHETIC_PLANNING_MODEL,2026-09-06T00:00:00-07:00
base,ARU_GROUP,2027,12,PAYROLL-base-202712-TRUCKING,base-ARU_GROUP-2027-002698,WAGE-base-base-ARU_GROUP-2027-002698,TRUCKING,WAGE-base-base-ARU_GROUP-2027-002698-EMP-101,EMP-101,,Qualified regional industrial driver,1,1,7816,7816,MODELED_CENSUS_ROLE_ALLOCATION_NOT_INDIVIDUAL_PAYSLIP,FORECAST,PUBLIC_SYNTHETIC_PLANNING_MODEL,2026-09-06T00:00:00-07:00
base,ARU_GROUP,2027,12,PAYROLL-base-202712-TRUCKING,base-ARU_GROUP-2027-002698,WAGE-base-base-ARU_GROUP-2027-002698,TRUCKING,WAGE-base-base-ARU_GROUP-2027-002698-EMP-102,EMP-102,,Qualified regional industrial driver,1,1,7816,7816,MODELED_CENSUS_ROLE_ALLOCATION_NOT_INDIVIDUAL_PAYSLIP,FORECAST,PUBLIC_SYNTHETIC_PLANNING_MODEL,2026-09-06T00:00:00-07:00
base,ARU_GROUP,2027,12,PAYROLL-base-202712-TRUCKING,base-ARU_GROUP-2027-002698,WAGE-base-base-ARU_GROUP-2027-002698,TRUCKING,WAGE-base-base-ARU_GROUP-2027-002698-EMP-103,EMP-103,,Qualified regional industrial driver,1,1,7816,7816,MODELED_CENSUS_ROLE_ALLOCATION_NOT_INDIVIDUAL_PAYSLIP,FORECAST,PUBLIC_SYNTHETIC_PLANNING_MODEL,2026-09-06T00:00:00-07:00
base,ARU_GROUP,2027,12,PAYROLL-base-202712-TRUCKING,base-ARU_GROUP-2027-002698,WAGE-base-base-ARU_GROUP-2027-002698,TRUCKING,WAGE-base-base-ARU_GROUP-2027-002698-EMP-104,EMP-104,,Qualified regional industrial driver,1,1,7815,7815,MODELED_CENSUS_ROLE_ALLOCATION_NOT_INDIVIDUAL_PAYSLIP,FORECAST,PUBLIC_SYNTHETIC_PLANNING_MODEL,2026-09-06T00:00:00-07:00
base,ARU_GROUP,2027,12,PAYROLL-base-202712-TRUCKING,base-ARU_GROUP-2027-002698,WAGE-base-base-ARU_GROUP-2027-002698,TRUCKING,WAGE-base-base-ARU_GROUP-2027-002698-EMP-105,EMP-105,,Qualified regional industrial driver,1,1,7815,7815,MODELED_CENSUS_ROLE_ALLOCATION_NOT_INDIVIDUAL_PAYSLIP,FORECAST,PUBLIC_SYNTHETIC_PLANNING_MODEL,2026-09-06T00:00:00-07:00
base,ARU_GROUP,2027,12,PAYROLL-base-202712-TRUCKING,base-ARU_GROUP-2027-002698,WAGE-base-base-ARU_GROUP-2027-002698,TRUCKING,WAGE-base-base-ARU_GROUP-2027-002698-EMP-106,EMP-106,,Qualified regional industrial driver,1,1,7815,7815,MODELED_CENSUS_ROLE_ALLOCATION_NOT_INDIVIDUAL_PAYSLIP,FORECAST,PUBLIC_SYNTHETIC_PLANNING_MODEL,2026-09-06T00:00:00-07:00
base,ARU_GROUP,2027,12,PAYROLL-base-202712-TRUCKING,base-ARU_GROUP-2027-002698,WAGE-base-base-ARU_GROUP-2027-002698,TRUCKING,WAGE-base-base-ARU_GROUP-2027-002698-EMP-107,EMP-107,,Qualified regional industrial driver,1,1,7815,7815,MODELED_CENSUS_ROLE_ALLOCATION_NOT_INDIVIDUAL_PAYSLIP,FORECAST,PUBLIC_SYNTHETIC_PLANNING_MODEL,2026-09-06T00:00:00-07:00
base,ARU_GROUP,2027,12,PAYROLL-base-202712-TRUCKING,base-ARU_GROUP-2027-002698,WAGE-base-base-ARU_GROUP-2027-002698,TRUCKING,WAGE-base-base-ARU_GROUP-2027-002698-EMP-108,EMP-108,,Qualified regional industrial driver,1,1,7815,7815,MODELED_CENSUS_ROLE_ALLOCATION_NOT_INDIVIDUAL_PAYSLIP,FORECAST,PUBLIC_SYNTHETIC_PLANNING_MODEL,2026-09-06T00:00:00-07:00
base,ARU_GROUP,2027,12,PAYROLL-base-202712-TRUCKING,base-ARU_GROUP-2027-002698,WAGE-base-base-ARU_GROUP-2027-002698,TRUCKING,WAGE-base-base-ARU_GROUP-2027-002698-EMP-109,EMP-109,,Qualified regional industrial driver,1,1,7815,7815,MODELED_CENSUS_ROLE_ALLOCATION_NOT_INDIVIDUAL_PAYSLIP,FORECAST,PUBLIC_SYNTHETIC_PLANNING_MODEL,2026-09-06T00:00:00-07:00
base,ARU_GROUP,2027,12,PAYROLL-base-202712-TRUCKING,base-ARU_GROUP-2027-002698,WAGE-base-base-ARU_GROUP-2027-002698,TRUCKING,WAGE-base-base-ARU_GROUP-2027-002698-EMP-110,EMP-110,,Qualified regional industrial driver,1,1,7815,7815,MODELED_CENSUS_ROLE_ALLOCATION_NOT_INDIVIDUAL_PAYSLIP,FORECAST,PUBLIC_SYNTHETIC_PLANNING_MODEL,2026-09-06T00:00:00-07:00
base,ARU_GROUP,2027,12,PAYROLL-base-202712-TRUCKING,base-ARU_GROUP-2027-002698,WAGE-base-base-ARU_GROUP-2027-002698,TRUCKING,WAGE-base-base-ARU_GROUP-2027-002698-EMP-111,EMP-111,,Qualified regional industrial driver,1,1,7815,7815,MODELED_CENSUS_ROLE_ALLOCATION_NOT_INDIVIDUAL_PAYSLIP,FORECAST,PUBLIC_SYNTHETIC_PLANNING_MODEL,2026-09-06T00:00:00-07:00
base,ARU_GROUP,2027,12,PAYROLL-base-202712-TRUCKING,base-ARU_GROUP-2027-002698,WAGE-base-base-ARU_GROUP-2027-002698,TRUCKING,WAGE-base-base-ARU_GROUP-2027-002698-EMP-112,EMP-112,,Qualified regional industrial driver,1,1,7815,7815,MODELED_CENSUS_ROLE_ALLOCATION_NOT_INDIVIDUAL_PAYSLIP,FORECAST,PUBLIC_SYNTHETIC_PLANNING_MODEL,2026-09-06T00:00:00-07:00
base,ARU_GROUP,2027,12,PAYROLL-base-202712-TRUCKING,base-ARU_GROUP-2027-002698,WAGE-base-base-ARU_GROUP-2027-002698,TRUCKING,WAGE-base-base-ARU_GROUP-2027-002698-EMP-113,EMP-113,,Qualified regional industrial driver,1,1,7815,7815,MODELED_CENSUS_ROLE_ALLOCATION_NOT_INDIVIDUAL_PAYSLIP,FORECAST,PUBLIC_SYNTHETIC_PLANNING_MODEL,2026-09-06T00:00:00-07:00
base,ARU_GROUP,2027,12,PAYROLL-base-202712-TRUCKING,base-ARU_GROUP-2027-002698,WAGE-base-base-ARU_GROUP-2027-002698,TRUCKING,WAGE-base-base-ARU_GROUP-2027-002698-EMP-114,EMP-114,,Qualified regional industrial driver,1,1,7815,7815,MODELED_CENSUS_ROLE_ALLOCATION_NOT_INDIVIDUAL_PAYSLIP,FORECAST,PUBLIC_SYNTHETIC_PLANNING_MODEL,2026-09-06T00:00:00-07:00
base,ARU_GROUP,2027,12,PAYROLL-base-202712-TRUCKING,base-ARU_GROUP-2027-002698,WAGE-base-base-ARU_GROUP-2027-002698,TRUCKING,WAGE-base-base-ARU_GROUP-2027-002698-EMP-115,EMP-115,,Qualified regional industrial driver,1,1,7815,7815,MODELED_CENSUS_ROLE_ALLOCATION_NOT_INDIVIDUAL_PAYSLIP,FORECAST,PUBLIC_SYNTHETIC_PLANNING_MODEL,2026-09-06T00:00:00-07:00
base,ARU_GROUP,2027,12,PAYROLL-base-202712-TRUCKING,base-ARU_GROUP-2027-002698,WAGE-base-base-ARU_GROUP-2027-002698,TRUCKING,WAGE-base-base-ARU_GROUP-2027-002698-EMP-116,EMP-116,,Qualified regional industrial driver,1,1,7815,7815,MODELED_CENSUS_ROLE_ALLOCATION_NOT_INDIVIDUAL_PAYSLIP,FORECAST,PUBLIC_SYNTHETIC_PLANNING_MODEL,2026-09-06T00:00:00-07:00
base,ARU_GROUP,2027,12,PAYROLL-base-202712-TRUCKING,base-ARU_GROUP-2027-002698,WAGE-base-base-ARU_GROUP-2027-002698,TRUCKING,WAGE-base-base-ARU_GROUP-2027-002698-EMP-117,EMP-117,,Qualified regional industrial driver,1,1,7815,7815,MODELED_CENSUS_ROLE_ALLOCATION_NOT_INDIVIDUAL_PAYSLIP,FORECAST,PUBLIC_SYNTHETIC_PLANNING_MODEL,2026-09-06T00:00:00-07:00
base,ARU_GROUP,2027,12,PAYROLL-base-202712-TRUCKING,base-ARU_GROUP-2027-002698,WAGE-base-base-ARU_GROUP-2027-002698,TRUCKING,WAGE-base-base-ARU_GROUP-2027-002698-EMP-118,EMP-118,,Truck dispatcher,1,1,7815,7815,MODELED_CENSUS_ROLE_ALLOCATION_NOT_INDIVIDUAL_PAYSLIP,FORECAST,PUBLIC_SYNTHETIC_PLANNING_MODEL,2026-09-06T00:00:00-07:00
base,ARU_GROUP,2027,12,PAYROLL-base-202712-TRUCKING,base-ARU_GROUP-2027-002698,WAGE-base-base-ARU_GROUP-2027-002698,TRUCKING,WAGE-base-base-ARU_GROUP-2027-002698-EMP-119,EMP-119,,Truck fleet mechanic,1,1,7815,7815,MODELED_CENSUS_ROLE_ALLOCATION_NOT_INDIVIDUAL_PAYSLIP,FORECAST,PUBLIC_SYNTHETIC_PLANNING_MODEL,2026-09-06T00:00:00-07:00
base,ARU_GROUP,2027,12,PAYROLL-base-202712-TRUCKING,base-ARU_GROUP-2027-002698,WAGE-base-base-ARU_GROUP-2027-002698,TRUCKING,WAGE-base-base-ARU_GROUP-2027-002698-EMP-120,EMP-120,,Truck fleet mechanic,1,1,7815,7815,MODELED_CENSUS_ROLE_ALLOCATION_NOT_INDIVIDUAL_PAYSLIP,FORECAST,PUBLIC_SYNTHETIC_PLANNING_MODEL,2026-09-06T00:00:00-07:00
base,ARU_GROUP,2027,12,PAYROLL-base-202712-WAREHOUSE,base-ARU_GROUP-2027-002705,WAGE-base-base-ARU_GROUP-2027-002705,WAREHOUSE,WAGE-base-base-ARU_GROUP-2027-002705-EMP-014,EMP-014,,Warehouse Manager,1,1,13792,13792,MODELED_CENSUS_ROLE_ALLOCATION_NOT_INDIVIDUAL_PAYSLIP,FORECAST,PUBLIC_SYNTHETIC_PLANNING_MODEL,2026-09-06T00:00:00-07:00
base,ARU_GROUP,2027,12,PAYROLL-base-202712-WAREHOUSE,base-ARU_GROUP-2027-002705,WAGE-base-base-ARU_GROUP-2027-002705,WAREHOUSE,WAGE-base-base-ARU_GROUP-2027-002705-EMP-121,EMP-121,,Warehouse employee,1,1,7126,7126,MODELED_CENSUS_ROLE_ALLOCATION_NOT_INDIVIDUAL_PAYSLIP,FORECAST,PUBLIC_SYNTHETIC_PLANNING_MODEL,2026-09-06T00:00:00-07:00
base,ARU_GROUP,2027,12,PAYROLL-base-202712-WAREHOUSE,base-ARU_GROUP-2027-002705,WAGE-base-base-ARU_GROUP-2027-002705,WAREHOUSE,WAGE-base-base-ARU_GROUP-2027-002705-EMP-122,EMP-122,,Warehouse employee,1,1,7126,7126,MODELED_CENSUS_ROLE_ALLOCATION_NOT_INDIVIDUAL_PAYSLIP,FORECAST,PUBLIC_SYNTHETIC_PLANNING_MODEL,2026-09-06T00:00:00-07:00
base,ARU_GROUP,2027,12,PAYROLL-base-202712-WAREHOUSE,base-ARU_GROUP-2027-002705,WAGE-base-base-ARU_GROUP-2027-002705,WAREHOUSE,WAGE-base-base-ARU_GROUP-2027-002705-EMP-123,EMP-123,,Warehouse employee,1,1,7126,7126,MODELED_CENSUS_ROLE_ALLOCATION_NOT_INDIVIDUAL_PAYSLIP,FORECAST,PUBLIC_SYNTHETIC_PLANNING_MODEL,2026-09-06T00:00:00-07:00
base,ARU_GROUP,2027,12,PAYROLL-base-202712-WAREHOUSE,base-ARU_GROUP-2027-002705,WAGE-base-base-ARU_GROUP-2027-002705,WAREHOUSE,WAGE-base-base-ARU_GROUP-2027-002705-EMP-124,EMP-124,,Warehouse employee,1,1,7126,7126,MODELED_CENSUS_ROLE_ALLOCATION_NOT_INDIVIDUAL_PAYSLIP,FORECAST,PUBLIC_SYNTHETIC_PLANNING_MODEL,2026-09-06T00:00:00-07:00
base,ARU_GROUP,2027,12,PAYROLL-base-202712-WAREHOUSE,base-ARU_GROUP-2027-002705,WAGE-base-base-ARU_GROUP-2027-002705,WAREHOUSE,WAGE-base-base-ARU_GROUP-2027-002705-EMP-125,EMP-125,,Warehouse employee,1,1,7126,7126,MODELED_CENSUS_ROLE_ALLOCATION_NOT_INDIVIDUAL_PAYSLIP,FORECAST,PUBLIC_SYNTHETIC_PLANNING_MODEL,2026-09-06T00:00:00-07:00
base,ARU_GROUP,2027,12,PAYROLL-base-202712-WAREHOUSE,base-ARU_GROUP-2027-002705,WAGE-base-base-ARU_GROUP-2027-002705,WAREHOUSE,WAGE-base-base-ARU_GROUP-2027-002705-EMP-126,EMP-126,,Warehouse employee,1,1,7126,7126,MODELED_CENSUS_ROLE_ALLOCATION_NOT_INDIVIDUAL_PAYSLIP,FORECAST,PUBLIC_SYNTHETIC_PLANNING_MODEL,2026-09-06T00:00:00-07:00
base,ARU_GROUP,2027,12,PAYROLL-base-202712-WAREHOUSE,base-ARU_GROUP-2027-002705,WAGE-base-base-ARU_GROUP-2027-002705,WAREHOUSE,WAGE-base-base-ARU_GROUP-2027-002705-EMP-127,EMP-127,,Warehouse employee,1,1,7126,7126,MODELED_CENSUS_ROLE_ALLOCATION_NOT_INDIVIDUAL_PAYSLIP,FORECAST,PUBLIC_SYNTHETIC_PLANNING_MODEL,2026-09-06T00:00:00-07:00
base,ARU_GROUP,2027,12,PAYROLL-base-202712-WAREHOUSE,base-ARU_GROUP-2027-002705,WAGE-base-base-ARU_GROUP-2027-002705,WAREHOUSE,WAGE-base-base-ARU_GROUP-2027-002705-EMP-128,EMP-128,,Warehouse employee,1,1,7126,7126,MODELED_CENSUS_ROLE_ALLOCATION_NOT_INDIVIDUAL_PAYSLIP,FORECAST,PUBLIC_SYNTHETIC_PLANNING_MODEL,2026-09-06T00:00:00-07:00
base,ARU_GROUP,2027,12,PAYROLL-base-202712-WAREHOUSE,base-ARU_GROUP-2027-002705,WAGE-base-base-ARU_GROUP-2027-002705,WAREHOUSE,WAGE-base-base-ARU_GROUP-2027-002705-EMP-129,EMP-129,,Warehouse employee,1,1,7125,7125,MODELED_CENSUS_ROLE_ALLOCATION_NOT_INDIVIDUAL_PAYSLIP,FORECAST,PUBLIC_SYNTHETIC_PLANNING_MODEL,2026-09-06T00:00:00-07:00
base,ARU_GROUP,2027,12,PAYROLL-base-202712-WAREHOUSE,base-ARU_GROUP-2027-002705,WAGE-base-base-ARU_GROUP-2027-002705,WAREHOUSE,WAGE-base-base-ARU_GROUP-2027-002705-EMP-130,EMP-130,,Warehouse employee,1,1,7125,7125,MODELED_CENSUS_ROLE_ALLOCATION_NOT_INDIVIDUAL_PAYSLIP,FORECAST,PUBLIC_SYNTHETIC_PLANNING_MODEL,2026-09-06T00:00:00-07:00
base,ARU_GROUP,2027,12,PAYROLL-base-202712-WAREHOUSE,base-ARU_GROUP-2027-002705,WAGE-base-base-ARU_GROUP-2027-002705,WAREHOUSE,WAGE-base-base-ARU_GROUP-2027-002705-EMP-131,EMP-131,,Warehouse employee,1,1,7125,7125,MODELED_CENSUS_ROLE_ALLOCATION_NOT_INDIVIDUAL_PAYSLIP,FORECAST,PUBLIC_SYNTHETIC_PLANNING_MODEL,2026-09-06T00:00:00-07:00
base,ARU_GROUP,2027,12,PAYROLL-base-202712-ARU,base-ARU_GROUP-2027-002712,WAGE-base-base-ARU_GROUP-2027-002712,ARU,WAGE-base-base-ARU_GROUP-2027-002712-EMP-001,EMP-001,,President and COO,1,1,27583,27583,MODELED_CENSUS_ROLE_ALLOCATION_NOT_INDIVIDUAL_PAYSLIP,FORECAST,PUBLIC_SYNTHETIC_PLANNING_MODEL,2026-09-06T00:00:00-07:00
base,ARU_GROUP,2027,12,PAYROLL-base-202712-ARU,base-ARU_GROUP-2027-002712,WAGE-base-base-ARU_GROUP-2027-002712,ARU,WAGE-base-base-ARU_GROUP-2027-002712-EMP-002,EMP-002,,Director Industrial Operations,1,1,20113,20113,MODELED_CENSUS_ROLE_ALLOCATION_NOT_INDIVIDUAL_PAYSLIP,FORECAST,PUBLIC_SYNTHETIC_PLANNING_MODEL,2026-09-06T00:00:00-07:00
base,ARU_GROUP,2027,12,PAYROLL-base-202712-ARU,base-ARU_GROUP-2027-002712,WAGE-base-base-ARU_GROUP-2027-002712,ARU,WAGE-base-base-ARU_GROUP-2027-002712-EMP-003,EMP-003,,Controller,1,1,18964,18964,MODELED_CENSUS_ROLE_ALLOCATION_NOT_INDIVIDUAL_PAYSLIP,FORECAST,PUBLIC_SYNTHETIC_PLANNING_MODEL,2026-09-06T00:00:00-07:00
base,ARU_GROUP,2027,12,PAYROLL-base-202712-ARU,base-ARU_GROUP-2027-002712,WAGE-base-base-ARU_GROUP-2027-002712,ARU,WAGE-base-base-ARU_GROUP-2027-002712-EMP-004,EMP-004,,Director Safety and Environment,1,1,17814,17814,MODELED_CENSUS_ROLE_ALLOCATION_NOT_INDIVIDUAL_PAYSLIP,FORECAST,PUBLIC_SYNTHETIC_PLANNING_MODEL,2026-09-06T00:00:00-07:00
base,ARU_GROUP,2027,12,PAYROLL-base-202712-ARU,base-ARU_GROUP-2027-002712,WAGE-base-base-ARU_GROUP-2027-002712,ARU,WAGE-base-base-ARU_GROUP-2027-002712-EMP-005,EMP-005,,People and Administration Manager,1,1,13217,13217,MODELED_CENSUS_ROLE_ALLOCATION_NOT_INDIVIDUAL_PAYSLIP,FORECAST,PUBLIC_SYNTHETIC_PLANNING_MODEL,2026-09-06T00:00:00-07:00
base,ARU_GROUP,2027,12,PAYROLL-base-202712-ARU,base-ARU_GROUP-2027-002712,WAGE-base-base-ARU_GROUP-2027-002712,ARU,WAGE-base-base-ARU_GROUP-2027-002712-EMP-006,EMP-006,,Procurement and Systems Manager,1,1,13217,13217,MODELED_CENSUS_ROLE_ALLOCATION_NOT_INDIVIDUAL_PAYSLIP,FORECAST,PUBLIC_SYNTHETIC_PLANNING_MODEL,2026-09-06T00:00:00-07:00
base,ARU_GROUP,2027,12,PAYROLL-base-202712-ARU,base-ARU_GROUP-2027-002712,WAGE-base-base-ARU_GROUP-2027-002712,ARU,WAGE-base-base-ARU_GROUP-2027-002712-EMP-015,EMP-015,,Corporate employee,1,1,8275,8275,MODELED_CENSUS_ROLE_ALLOCATION_NOT_INDIVIDUAL_PAYSLIP,FORECAST,PUBLIC_SYNTHETIC_PLANNING_MODEL,2026-09-06T00:00:00-07:00
base,ARU_GROUP,2027,12,PAYROLL-base-202712-ARU,base-ARU_GROUP-2027-002712,WAGE-base-base-ARU_GROUP-2027-002712,ARU,WAGE-base-base-ARU_GROUP-2027-002712-EMP-016,EMP-016,,Corporate employee,1,1,8275,8275,MODELED_CENSUS_ROLE_ALLOCATION_NOT_INDIVIDUAL_PAYSLIP,FORECAST,PUBLIC_SYNTHETIC_PLANNING_MODEL,2026-09-06T00:00:00-07:00
base,ARU_GROUP,2027,12,PAYROLL-base-202712-ARU,base-ARU_GROUP-2027-002712,WAGE-base-base-ARU_GROUP-2027-002712,ARU,WAGE-base-base-ARU_GROUP-2027-002712-EMP-017,EMP-017,,Corporate employee,1,1,8275,8275,MODELED_CENSUS_ROLE_ALLOCATION_NOT_INDIVIDUAL_PAYSLIP,FORECAST,PUBLIC_SYNTHETIC_PLANNING_MODEL,2026-09-06T00:00:00-07:00
base,ARU_GROUP,2027,12,PAYROLL-base-202712-ARU,base-ARU_GROUP-2027-002712,WAGE-base-base-ARU_GROUP-2027-002712,ARU,WAGE-base-base-ARU_GROUP-2027-002712-EMP-018,EMP-018,,Corporate employee,1,1,8275,8275,MODELED_CENSUS_ROLE_ALLOCATION_NOT_INDIVIDUAL_PAYSLIP,FORECAST,PUBLIC_SYNTHETIC_PLANNING_MODEL,2026-09-06T00:00:00-07:00
