account,account_type,available_at,created_on,entity,fact_state,month,period_role,record_origin,scenario,signed_usd,view_type,year
1000,asset,2026-09-09T00:00:00Z,2026-09-09,ARU,CONDITIONAL_FORECAST,1,MANAGEMENT_FORECAST,PUBLIC_SYNTHETIC_PLANNING_MODEL,base,2446170.0000,ALLOCATED_LEGAL_MANAGEMENT_BOOK,2027
1100,asset,2026-09-09T00:00:00Z,2026-09-09,ARU,CONDITIONAL_FORECAST,1,MANAGEMENT_FORECAST,PUBLIC_SYNTHETIC_PLANNING_MODEL,base,2940923.0000,ALLOCATED_LEGAL_MANAGEMENT_BOOK,2027
1150,asset,2026-09-09T00:00:00Z,2026-09-09,ARU,CONDITIONAL_FORECAST,1,MANAGEMENT_FORECAST,PUBLIC_SYNTHETIC_PLANNING_MODEL,base,-18414.0000,ALLOCATED_LEGAL_MANAGEMENT_BOOK,2027
1180,intercompany,2026-09-09T00:00:00Z,2026-09-09,ARU,CONDITIONAL_FORECAST,1,MANAGEMENT_FORECAST,PUBLIC_SYNTHETIC_PLANNING_MODEL,base,10516590.0000,ALLOCATED_LEGAL_MANAGEMENT_BOOK,2027
1200,asset,2026-09-09T00:00:00Z,2026-09-09,ARU,CONDITIONAL_FORECAST,1,MANAGEMENT_FORECAST,PUBLIC_SYNTHETIC_PLANNING_MODEL,base,1214138.0000,ALLOCATED_LEGAL_MANAGEMENT_BOOK,2027
1300,asset,2026-09-09T00:00:00Z,2026-09-09,ARU,CONDITIONAL_FORECAST,1,MANAGEMENT_FORECAST,PUBLIC_SYNTHETIC_PLANNING_MODEL,base,504700.0000,ALLOCATED_LEGAL_MANAGEMENT_BOOK,2027
1400,asset,2026-09-09T00:00:00Z,2026-09-09,ARU,CONDITIONAL_FORECAST,1,MANAGEMENT_FORECAST,PUBLIC_SYNTHETIC_PLANNING_MODEL,base,27824962.0000,ALLOCATED_LEGAL_MANAGEMENT_BOOK,2027
1490,asset,2026-09-09T00:00:00Z,2026-09-09,ARU,CONDITIONAL_FORECAST,1,MANAGEMENT_FORECAST,PUBLIC_SYNTHETIC_PLANNING_MODEL,base,-1336311.0000,ALLOCATED_LEGAL_MANAGEMENT_BOOK,2027
1500,asset,2026-09-09T00:00:00Z,2026-09-09,ARU,CONDITIONAL_FORECAST,1,MANAGEMENT_FORECAST,PUBLIC_SYNTHETIC_PLANNING_MODEL,base,1000000.0000,ALLOCATED_LEGAL_MANAGEMENT_BOOK,2027
1590,asset,2026-09-09T00:00:00Z,2026-09-09,ARU,CONDITIONAL_FORECAST,1,MANAGEMENT_FORECAST,PUBLIC_SYNTHETIC_PLANNING_MODEL,base,-213380.0000,ALLOCATED_LEGAL_MANAGEMENT_BOOK,2027
1600,asset,2026-09-09T00:00:00Z,2026-09-09,ARU,CONDITIONAL_FORECAST,1,MANAGEMENT_FORECAST,PUBLIC_SYNTHETIC_PLANNING_MODEL,base,14762500.0000,ALLOCATED_LEGAL_MANAGEMENT_BOOK,2027
1700,liability,2026-09-09T00:00:00Z,2026-09-09,ARU,CONDITIONAL_FORECAST,1,MANAGEMENT_FORECAST,PUBLIC_SYNTHETIC_PLANNING_MODEL,base,235968.0000,ALLOCATED_LEGAL_MANAGEMENT_BOOK,2027
1800,asset,2026-09-09T00:00:00Z,2026-09-09,ARU,CONDITIONAL_FORECAST,1,MANAGEMENT_FORECAST,PUBLIC_SYNTHETIC_PLANNING_MODEL,base,137500.0000,ALLOCATED_LEGAL_MANAGEMENT_BOOK,2027
2000,liability,2026-09-09T00:00:00Z,2026-09-09,ARU,CONDITIONAL_FORECAST,1,MANAGEMENT_FORECAST,PUBLIC_SYNTHETIC_PLANNING_MODEL,base,-964550.0000,ALLOCATED_LEGAL_MANAGEMENT_BOOK,2027
2100,liability,2026-09-09T00:00:00Z,2026-09-09,ARU,CONDITIONAL_FORECAST,1,MANAGEMENT_FORECAST,PUBLIC_SYNTHETIC_PLANNING_MODEL,base,-515000.0000,ALLOCATED_LEGAL_MANAGEMENT_BOOK,2027
2200,liability,2026-09-09T00:00:00Z,2026-09-09,ARU,CONDITIONAL_FORECAST,1,MANAGEMENT_FORECAST,PUBLIC_SYNTHETIC_PLANNING_MODEL,base,-550000.0000,ALLOCATED_LEGAL_MANAGEMENT_BOOK,2027
2250,liability,2026-09-09T00:00:00Z,2026-09-09,ARU,CONDITIONAL_FORECAST,1,MANAGEMENT_FORECAST,PUBLIC_SYNTHETIC_PLANNING_MODEL,base,-234722.0000,ALLOCATED_LEGAL_MANAGEMENT_BOOK,2027
2400,liability,2026-09-09T00:00:00Z,2026-09-09,ARU,CONDITIONAL_FORECAST,1,MANAGEMENT_FORECAST,PUBLIC_SYNTHETIC_PLANNING_MODEL,base,-21000000.0000,ALLOCATED_LEGAL_MANAGEMENT_BOOK,2027
2600,liability,2026-09-09T00:00:00Z,2026-09-09,ARU,CONDITIONAL_FORECAST,1,MANAGEMENT_FORECAST,PUBLIC_SYNTHETIC_PLANNING_MODEL,base,-786621.0000,ALLOCATED_LEGAL_MANAGEMENT_BOOK,2027
3000,equity,2026-09-09T00:00:00Z,2026-09-09,ARU,CONDITIONAL_FORECAST,1,MANAGEMENT_FORECAST,PUBLIC_SYNTHETIC_PLANNING_MODEL,base,-56004880.0000,ALLOCATED_LEGAL_MANAGEMENT_BOOK,2027
3100,equity,2026-09-09T00:00:00Z,2026-09-09,ARU,CONDITIONAL_FORECAST,1,MANAGEMENT_FORECAST,PUBLIC_SYNTHETIC_PLANNING_MODEL,base,-3617621.0000,ALLOCATED_LEGAL_MANAGEMENT_BOOK,2027
4000,revenue,2026-09-09T00:00:00Z,2026-09-09,ARU,CONDITIONAL_FORECAST,1,MANAGEMENT_FORECAST,PUBLIC_SYNTHETIC_PLANNING_MODEL,base,-1959034.0000,ALLOCATED_LEGAL_MANAGEMENT_BOOK,2027
4100,revenue,2026-09-09T00:00:00Z,2026-09-09,ARU,CONDITIONAL_FORECAST,1,MANAGEMENT_FORECAST,PUBLIC_SYNTHETIC_PLANNING_MODEL,base,-22736.0000,ALLOCATED_LEGAL_MANAGEMENT_BOOK,2027
5000,expense,2026-09-09T00:00:00Z,2026-09-09,ARU,CONDITIONAL_FORECAST,1,MANAGEMENT_FORECAST,PUBLIC_SYNTHETIC_PLANNING_MODEL,base,631085.0000,ALLOCATED_LEGAL_MANAGEMENT_BOOK,2027
5100,expense,2026-09-09T00:00:00Z,2026-09-09,ARU,CONDITIONAL_FORECAST,1,MANAGEMENT_FORECAST,PUBLIC_SYNTHETIC_PLANNING_MODEL,base,982667.0000,ALLOCATED_LEGAL_MANAGEMENT_BOOK,2027
5200,expense,2026-09-09T00:00:00Z,2026-09-09,ARU,CONDITIONAL_FORECAST,1,MANAGEMENT_FORECAST,PUBLIC_SYNTHETIC_PLANNING_MODEL,base,17727.0000,ALLOCATED_LEGAL_MANAGEMENT_BOOK,2027
5300,expense,2026-09-09T00:00:00Z,2026-09-09,ARU,CONDITIONAL_FORECAST,1,MANAGEMENT_FORECAST,PUBLIC_SYNTHETIC_PLANNING_MODEL,base,147220.0000,ALLOCATED_LEGAL_MANAGEMENT_BOOK,2027
5400,expense,2026-09-09T00:00:00Z,2026-09-09,ARU,CONDITIONAL_FORECAST,1,MANAGEMENT_FORECAST,PUBLIC_SYNTHETIC_PLANNING_MODEL,base,126160.0000,ALLOCATED_LEGAL_MANAGEMENT_BOOK,2027
5501,expense,2026-09-09T00:00:00Z,2026-09-09,ARU,CONDITIONAL_FORECAST,1,MANAGEMENT_FORECAST,PUBLIC_SYNTHETIC_PLANNING_MODEL,base,18055.0000,ALLOCATED_LEGAL_MANAGEMENT_BOOK,2027
5700,expense,2026-09-09T00:00:00Z,2026-09-09,ARU,CONDITIONAL_FORECAST,1,MANAGEMENT_FORECAST,PUBLIC_SYNTHETIC_PLANNING_MODEL,base,6904.0000,ALLOCATED_LEGAL_MANAGEMENT_BOOK,2027
INV_BST,asset,2026-09-09T00:00:00Z,2026-09-09,ARU,CONDITIONAL_FORECAST,1,MANAGEMENT_FORECAST,PUBLIC_SYNTHETIC_PLANNING_MODEL,base,23710000.0000,ALLOCATED_LEGAL_MANAGEMENT_BOOK,2027
SHARED_AP,liability,2026-09-09T00:00:00Z,2026-09-09,ARU,CONDITIONAL_FORECAST,1,MANAGEMENT_FORECAST,PUBLIC_SYNTHETIC_PLANNING_MODEL,base,-50000.0000,ALLOCATED_LEGAL_MANAGEMENT_BOOK,2027
SHARED_EXP,expense,2026-09-09T00:00:00Z,2026-09-09,ARU,CONDITIONAL_FORECAST,1,MANAGEMENT_FORECAST,PUBLIC_SYNTHETIC_PLANNING_MODEL,base,50000.0000,ALLOCATED_LEGAL_MANAGEMENT_BOOK,2027
1000,asset,2026-09-09T00:00:00Z,2026-09-09,BST,CONDITIONAL_FORECAST,1,MANAGEMENT_FORECAST,PUBLIC_SYNTHETIC_PLANNING_MODEL,base,1048358.0000,ALLOCATED_LEGAL_MANAGEMENT_BOOK,2027
1100,asset,2026-09-09T00:00:00Z,2026-09-09,BST,CONDITIONAL_FORECAST,1,MANAGEMENT_FORECAST,PUBLIC_SYNTHETIC_PLANNING_MODEL,base,1727209.0000,ALLOCATED_LEGAL_MANAGEMENT_BOOK,2027
1150,asset,2026-09-09T00:00:00Z,2026-09-09,BST,CONDITIONAL_FORECAST,1,MANAGEMENT_FORECAST,PUBLIC_SYNTHETIC_PLANNING_MODEL,base,52931.0000,ALLOCATED_LEGAL_MANAGEMENT_BOOK,2027
1180,intercompany,2026-09-09T00:00:00Z,2026-09-09,BST,CONDITIONAL_FORECAST,1,MANAGEMENT_FORECAST,PUBLIC_SYNTHETIC_PLANNING_MODEL,base,-10516590.0000,ALLOCATED_LEGAL_MANAGEMENT_BOOK,2027
1200,asset,2026-09-09T00:00:00Z,2026-09-09,BST,CONDITIONAL_FORECAST,1,MANAGEMENT_FORECAST,PUBLIC_SYNTHETIC_PLANNING_MODEL,base,653767.0000,ALLOCATED_LEGAL_MANAGEMENT_BOOK,2027
1300,asset,2026-09-09T00:00:00Z,2026-09-09,BST,CONDITIONAL_FORECAST,1,MANAGEMENT_FORECAST,PUBLIC_SYNTHETIC_PLANNING_MODEL,base,216300.0000,ALLOCATED_LEGAL_MANAGEMENT_BOOK,2027
1400,asset,2026-09-09T00:00:00Z,2026-09-09,BST,CONDITIONAL_FORECAST,1,MANAGEMENT_FORECAST,PUBLIC_SYNTHETIC_PLANNING_MODEL,base,34008288.0000,ALLOCATED_LEGAL_MANAGEMENT_BOOK,2027
1490,asset,2026-09-09T00:00:00Z,2026-09-09,BST,CONDITIONAL_FORECAST,1,MANAGEMENT_FORECAST,PUBLIC_SYNTHETIC_PLANNING_MODEL,base,-1633268.0000,ALLOCATED_LEGAL_MANAGEMENT_BOOK,2027
1500,asset,2026-09-09T00:00:00Z,2026-09-09,BST,CONDITIONAL_FORECAST,1,MANAGEMENT_FORECAST,PUBLIC_SYNTHETIC_PLANNING_MODEL,base,1500000.0000,ALLOCATED_LEGAL_MANAGEMENT_BOOK,2027
1590,asset,2026-09-09T00:00:00Z,2026-09-09,BST,CONDITIONAL_FORECAST,1,MANAGEMENT_FORECAST,PUBLIC_SYNTHETIC_PLANNING_MODEL,base,-320070.0000,ALLOCATED_LEGAL_MANAGEMENT_BOOK,2027
1800,asset,2026-09-09T00:00:00Z,2026-09-09,BST,CONDITIONAL_FORECAST,1,MANAGEMENT_FORECAST,PUBLIC_SYNTHETIC_PLANNING_MODEL,base,450000.0000,ALLOCATED_LEGAL_MANAGEMENT_BOOK,2027
2000,liability,2026-09-09T00:00:00Z,2026-09-09,BST,CONDITIONAL_FORECAST,1,MANAGEMENT_FORECAST,PUBLIC_SYNTHETIC_PLANNING_MODEL,base,-643034.0000,ALLOCATED_LEGAL_MANAGEMENT_BOOK,2027
2100,liability,2026-09-09T00:00:00Z,2026-09-09,BST,CONDITIONAL_FORECAST,1,MANAGEMENT_FORECAST,PUBLIC_SYNTHETIC_PLANNING_MODEL,base,-515000.0000,ALLOCATED_LEGAL_MANAGEMENT_BOOK,2027
2200,liability,2026-09-09T00:00:00Z,2026-09-09,BST,CONDITIONAL_FORECAST,1,MANAGEMENT_FORECAST,PUBLIC_SYNTHETIC_PLANNING_MODEL,base,-1200000.0000,ALLOCATED_LEGAL_MANAGEMENT_BOOK,2027
2300,liability,2026-09-09T00:00:00Z,2026-09-09,BST,CONDITIONAL_FORECAST,1,MANAGEMENT_FORECAST,PUBLIC_SYNTHETIC_PLANNING_MODEL,base,-600000.0000,ALLOCATED_LEGAL_MANAGEMENT_BOOK,2027
2600,liability,2026-09-09T00:00:00Z,2026-09-09,BST,CONDITIONAL_FORECAST,1,MANAGEMENT_FORECAST,PUBLIC_SYNTHETIC_PLANNING_MODEL,base,-1179931.0000,ALLOCATED_LEGAL_MANAGEMENT_BOOK,2027
3000,equity,2026-09-09T00:00:00Z,2026-09-09,BST,CONDITIONAL_FORECAST,1,MANAGEMENT_FORECAST,PUBLIC_SYNTHETIC_PLANNING_MODEL,base,-23710000.0000,ALLOCATED_LEGAL_MANAGEMENT_BOOK,2027
3100,equity,2026-09-09T00:00:00Z,2026-09-09,BST,CONDITIONAL_FORECAST,1,MANAGEMENT_FORECAST,PUBLIC_SYNTHETIC_PLANNING_MODEL,base,526394.0000,ALLOCATED_LEGAL_MANAGEMENT_BOOK,2027
4000,revenue,2026-09-09T00:00:00Z,2026-09-09,BST,CONDITIONAL_FORECAST,1,MANAGEMENT_FORECAST,PUBLIC_SYNTHETIC_PLANNING_MODEL,base,-1179098.0000,ALLOCATED_LEGAL_MANAGEMENT_BOOK,2027
4100,revenue,2026-09-09T00:00:00Z,2026-09-09,BST,CONDITIONAL_FORECAST,1,MANAGEMENT_FORECAST,PUBLIC_SYNTHETIC_PLANNING_MODEL,base,-11781.0000,ALLOCATED_LEGAL_MANAGEMENT_BOOK,2027
5000,expense,2026-09-09T00:00:00Z,2026-09-09,BST,CONDITIONAL_FORECAST,1,MANAGEMENT_FORECAST,PUBLIC_SYNTHETIC_PLANNING_MODEL,base,516154.0000,ALLOCATED_LEGAL_MANAGEMENT_BOOK,2027
5100,expense,2026-09-09T00:00:00Z,2026-09-09,BST,CONDITIONAL_FORECAST,1,MANAGEMENT_FORECAST,PUBLIC_SYNTHETIC_PLANNING_MODEL,base,611012.0000,ALLOCATED_LEGAL_MANAGEMENT_BOOK,2027
5200,expense,2026-09-09T00:00:00Z,2026-09-09,BST,CONDITIONAL_FORECAST,1,MANAGEMENT_FORECAST,PUBLIC_SYNTHETIC_PLANNING_MODEL,base,6139.0000,ALLOCATED_LEGAL_MANAGEMENT_BOOK,2027
5300,expense,2026-09-09T00:00:00Z,2026-09-09,BST,CONDITIONAL_FORECAST,1,MANAGEMENT_FORECAST,PUBLIC_SYNTHETIC_PLANNING_MODEL,base,179935.0000,ALLOCATED_LEGAL_MANAGEMENT_BOOK,2027
5400,expense,2026-09-09T00:00:00Z,2026-09-09,BST,CONDITIONAL_FORECAST,1,MANAGEMENT_FORECAST,PUBLIC_SYNTHETIC_PLANNING_MODEL,base,10970.0000,ALLOCATED_LEGAL_MANAGEMENT_BOOK,2027
5700,expense,2026-09-09T00:00:00Z,2026-09-09,BST,CONDITIONAL_FORECAST,1,MANAGEMENT_FORECAST,PUBLIC_SYNTHETIC_PLANNING_MODEL,base,1315.0000,ALLOCATED_LEGAL_MANAGEMENT_BOOK,2027
1150,asset,2026-09-09T00:00:00Z,2026-09-09,ELIM,CONDITIONAL_FORECAST,1,MANAGEMENT_FORECAST,PUBLIC_SYNTHETIC_PLANNING_MODEL,base,-34517.0000,CONSOLIDATION_ELIMINATION_BOOK,2027
2150,liability,2026-09-09T00:00:00Z,2026-09-09,ELIM,CONDITIONAL_FORECAST,1,MANAGEMENT_FORECAST,PUBLIC_SYNTHETIC_PLANNING_MODEL,base,34517.0000,CONSOLIDATION_ELIMINATION_BOOK,2027
3000,equity,2026-09-09T00:00:00Z,2026-09-09,ELIM,CONDITIONAL_FORECAST,1,MANAGEMENT_FORECAST,PUBLIC_SYNTHETIC_PLANNING_MODEL,base,312719520.0000,CONSOLIDATION_ELIMINATION_BOOK,2027
4100,revenue,2026-09-09T00:00:00Z,2026-09-09,ELIM,CONDITIONAL_FORECAST,1,MANAGEMENT_FORECAST,PUBLIC_SYNTHETIC_PLANNING_MODEL,base,163266.8214,CONSOLIDATION_ELIMINATION_BOOK,2027
5150,expense,2026-09-09T00:00:00Z,2026-09-09,ELIM,CONDITIONAL_FORECAST,1,MANAGEMENT_FORECAST,PUBLIC_SYNTHETIC_PLANNING_MODEL,base,-163266.8214,CONSOLIDATION_ELIMINATION_BOOK,2027
INV_ARU,asset,2026-09-09T00:00:00Z,2026-09-09,ELIM,CONDITIONAL_FORECAST,1,MANAGEMENT_FORECAST,PUBLIC_SYNTHETIC_PLANNING_MODEL,base,-56004880.0000,CONSOLIDATION_ELIMINATION_BOOK,2027
INV_BST,asset,2026-09-09T00:00:00Z,2026-09-09,ELIM,CONDITIONAL_FORECAST,1,MANAGEMENT_FORECAST,PUBLIC_SYNTHETIC_PLANNING_MODEL,base,-23710000.0000,CONSOLIDATION_ELIMINATION_BOOK,2027
INV_PS,asset,2026-09-09T00:00:00Z,2026-09-09,ELIM,CONDITIONAL_FORECAST,1,MANAGEMENT_FORECAST,PUBLIC_SYNTHETIC_PLANNING_MODEL,base,-58699920.0000,CONSOLIDATION_ELIMINATION_BOOK,2027
INV_RWH,asset,2026-09-09T00:00:00Z,2026-09-09,ELIM,CONDITIONAL_FORECAST,1,MANAGEMENT_FORECAST,PUBLIC_SYNTHETIC_PLANNING_MODEL,base,-58699920.0000,CONSOLIDATION_ELIMINATION_BOOK,2027
INV_SHIH,asset,2026-09-09T00:00:00Z,2026-09-09,ELIM,CONDITIONAL_FORECAST,1,MANAGEMENT_FORECAST,PUBLIC_SYNTHETIC_PLANNING_MODEL,base,-115604800.0000,CONSOLIDATION_ELIMINATION_BOOK,2027
SHARED_AP,liability,2026-09-09T00:00:00Z,2026-09-09,ELIM,CONDITIONAL_FORECAST,1,MANAGEMENT_FORECAST,PUBLIC_SYNTHETIC_PLANNING_MODEL,base,83333.3333,CONSOLIDATION_ELIMINATION_BOOK,2027
SHARED_AR,asset,2026-09-09T00:00:00Z,2026-09-09,ELIM,CONDITIONAL_FORECAST,1,MANAGEMENT_FORECAST,PUBLIC_SYNTHETIC_PLANNING_MODEL,base,-83333.3333,CONSOLIDATION_ELIMINATION_BOOK,2027
SHARED_EXP,expense,2026-09-09T00:00:00Z,2026-09-09,ELIM,CONDITIONAL_FORECAST,1,MANAGEMENT_FORECAST,PUBLIC_SYNTHETIC_PLANNING_MODEL,base,-83333.3333,CONSOLIDATION_ELIMINATION_BOOK,2027
SHARED_REV,revenue,2026-09-09T00:00:00Z,2026-09-09,ELIM,CONDITIONAL_FORECAST,1,MANAGEMENT_FORECAST,PUBLIC_SYNTHETIC_PLANNING_MODEL,base,83333.3333,CONSOLIDATION_ELIMINATION_BOOK,2027
3000,equity,2026-09-09T00:00:00Z,2026-09-09,PS,CONDITIONAL_FORECAST,1,MANAGEMENT_FORECAST,PUBLIC_SYNTHETIC_PLANNING_MODEL,base,-58699920.0000,ALLOCATED_LEGAL_MANAGEMENT_BOOK,2027
4100,revenue,2026-09-09T00:00:00Z,2026-09-09,PS,CONDITIONAL_FORECAST,1,MANAGEMENT_FORECAST,PUBLIC_SYNTHETIC_PLANNING_MODEL,base,-128749.8214,ALLOCATED_LEGAL_MANAGEMENT_BOOK,2027
5100,expense,2026-09-09T00:00:00Z,2026-09-09,PS,CONDITIONAL_FORECAST,1,MANAGEMENT_FORECAST,PUBLIC_SYNTHETIC_PLANNING_MODEL,base,128749.8214,ALLOCATED_LEGAL_MANAGEMENT_BOOK,2027
INV_RWH,asset,2026-09-09T00:00:00Z,2026-09-09,PS,CONDITIONAL_FORECAST,1,MANAGEMENT_FORECAST,PUBLIC_SYNTHETIC_PLANNING_MODEL,base,58699920.0000,ALLOCATED_LEGAL_MANAGEMENT_BOOK,2027
SHARED_AP,liability,2026-09-09T00:00:00Z,2026-09-09,PS,CONDITIONAL_FORECAST,1,MANAGEMENT_FORECAST,PUBLIC_SYNTHETIC_PLANNING_MODEL,base,-33333.3333,ALLOCATED_LEGAL_MANAGEMENT_BOOK,2027
SHARED_EXP,expense,2026-09-09T00:00:00Z,2026-09-09,PS,CONDITIONAL_FORECAST,1,MANAGEMENT_FORECAST,PUBLIC_SYNTHETIC_PLANNING_MODEL,base,33333.3333,ALLOCATED_LEGAL_MANAGEMENT_BOOK,2027
1000,asset,2026-09-09T00:00:00Z,2026-09-09,RWH,CONDITIONAL_FORECAST,1,MANAGEMENT_FORECAST,PUBLIC_SYNTHETIC_PLANNING_MODEL,base,2000000.0000,ALLOCATED_LEGAL_MANAGEMENT_BOOK,2027
1100,asset,2026-09-09T00:00:00Z,2026-09-09,RWH,CONDITIONAL_FORECAST,1,MANAGEMENT_FORECAST,PUBLIC_SYNTHETIC_PLANNING_MODEL,base,4106419.0000,ALLOCATED_LEGAL_MANAGEMENT_BOOK,2027
1200,asset,2026-09-09T00:00:00Z,2026-09-09,RWH,CONDITIONAL_FORECAST,1,MANAGEMENT_FORECAST,PUBLIC_SYNTHETIC_PLANNING_MODEL,base,9074804.0000,ALLOCATED_LEGAL_MANAGEMENT_BOOK,2027
1210,asset,2026-09-09T00:00:00Z,2026-09-09,RWH,CONDITIONAL_FORECAST,1,MANAGEMENT_FORECAST,PUBLIC_SYNTHETIC_PLANNING_MODEL,base,1129482.0000,ALLOCATED_LEGAL_MANAGEMENT_BOOK,2027
1300,asset,2026-09-09T00:00:00Z,2026-09-09,RWH,CONDITIONAL_FORECAST,1,MANAGEMENT_FORECAST,PUBLIC_SYNTHETIC_PLANNING_MODEL,base,500000.0000,ALLOCATED_LEGAL_MANAGEMENT_BOOK,2027
1400,asset,2026-09-09T00:00:00Z,2026-09-09,RWH,CONDITIONAL_FORECAST,1,MANAGEMENT_FORECAST,PUBLIC_SYNTHETIC_PLANNING_MODEL,base,62843333.0000,ALLOCATED_LEGAL_MANAGEMENT_BOOK,2027
1490,asset,2026-09-09T00:00:00Z,2026-09-09,RWH,CONDITIONAL_FORECAST,1,MANAGEMENT_FORECAST,PUBLIC_SYNTHETIC_PLANNING_MODEL,base,-3900545.0000,ALLOCATED_LEGAL_MANAGEMENT_BOOK,2027
2150,liability,2026-09-09T00:00:00Z,2026-09-09,RWH,CONDITIONAL_FORECAST,1,MANAGEMENT_FORECAST,PUBLIC_SYNTHETIC_PLANNING_MODEL,base,-34517.0000,ALLOCATED_LEGAL_MANAGEMENT_BOOK,2027
2200,liability,2026-09-09T00:00:00Z,2026-09-09,RWH,CONDITIONAL_FORECAST,1,MANAGEMENT_FORECAST,PUBLIC_SYNTHETIC_PLANNING_MODEL,base,-17372800.0000,ALLOCATED_LEGAL_MANAGEMENT_BOOK,2027
2300,liability,2026-09-09T00:00:00Z,2026-09-09,RWH,CONDITIONAL_FORECAST,1,MANAGEMENT_FORECAST,PUBLIC_SYNTHETIC_PLANNING_MODEL,base,-2500000.0000,ALLOCATED_LEGAL_MANAGEMENT_BOOK,2027
2700,current_settlement,2026-09-09T00:00:00Z,2026-09-09,RWH,CONDITIONAL_FORECAST,1,MANAGEMENT_FORECAST,PUBLIC_SYNTHETIC_PLANNING_MODEL,base,-2814.0000,ALLOCATED_LEGAL_MANAGEMENT_BOOK,2027
3000,equity,2026-09-09T00:00:00Z,2026-09-09,RWH,CONDITIONAL_FORECAST,1,MANAGEMENT_FORECAST,PUBLIC_SYNTHETIC_PLANNING_MODEL,base,-58699920.0000,ALLOCATED_LEGAL_MANAGEMENT_BOOK,2027
3100,equity,2026-09-09T00:00:00Z,2026-09-09,RWH,CONDITIONAL_FORECAST,1,MANAGEMENT_FORECAST,PUBLIC_SYNTHETIC_PLANNING_MODEL,base,2869375.0000,ALLOCATED_LEGAL_MANAGEMENT_BOOK,2027
4000,revenue,2026-09-09T00:00:00Z,2026-09-09,RWH,CONDITIONAL_FORECAST,1,MANAGEMENT_FORECAST,PUBLIC_SYNTHETIC_PLANNING_MODEL,base,-2968919.0000,ALLOCATED_LEGAL_MANAGEMENT_BOOK,2027
5100,expense,2026-09-09T00:00:00Z,2026-09-09,RWH,CONDITIONAL_FORECAST,1,MANAGEMENT_FORECAST,PUBLIC_SYNTHETIC_PLANNING_MODEL,base,2417649.1786,ALLOCATED_LEGAL_MANAGEMENT_BOOK,2027
5150,expense,2026-09-09T00:00:00Z,2026-09-09,RWH,CONDITIONAL_FORECAST,1,MANAGEMENT_FORECAST,PUBLIC_SYNTHETIC_PLANNING_MODEL,base,163266.8214,ALLOCATED_LEGAL_MANAGEMENT_BOOK,2027
5200,expense,2026-09-09T00:00:00Z,2026-09-09,RWH,CONDITIONAL_FORECAST,1,MANAGEMENT_FORECAST,PUBLIC_SYNTHETIC_PLANNING_MODEL,base,17973.0000,ALLOCATED_LEGAL_MANAGEMENT_BOOK,2027
5300,expense,2026-09-09T00:00:00Z,2026-09-09,RWH,CONDITIONAL_FORECAST,1,MANAGEMENT_FORECAST,PUBLIC_SYNTHETIC_PLANNING_MODEL,base,263467.0000,ALLOCATED_LEGAL_MANAGEMENT_BOOK,2027
5500,expense,2026-09-09T00:00:00Z,2026-09-09,RWH,CONDITIONAL_FORECAST,1,MANAGEMENT_FORECAST,PUBLIC_SYNTHETIC_PLANNING_MODEL,base,2814.0000,ALLOCATED_LEGAL_MANAGEMENT_BOOK,2027
5600,expense,2026-09-09T00:00:00Z,2026-09-09,RWH,CONDITIONAL_FORECAST,1,MANAGEMENT_FORECAST,PUBLIC_SYNTHETIC_PLANNING_MODEL,base,90932.0000,ALLOCATED_LEGAL_MANAGEMENT_BOOK,2027
1000,asset,2026-09-09T00:00:00Z,2026-09-09,SHI,CONDITIONAL_FORECAST,1,MANAGEMENT_FORECAST,PUBLIC_SYNTHETIC_PLANNING_MODEL,base,2000000.0000,ALLOCATED_LEGAL_MANAGEMENT_BOOK,2027
3000,equity,2026-09-09T00:00:00Z,2026-09-09,SHI,CONDITIONAL_FORECAST,1,MANAGEMENT_FORECAST,PUBLIC_SYNTHETIC_PLANNING_MODEL,base,-127738915.2574,ALLOCATED_LEGAL_MANAGEMENT_BOOK,2027
3100,equity,2026-09-09T00:00:00Z,2026-09-09,SHI,CONDITIONAL_FORECAST,1,MANAGEMENT_FORECAST,PUBLIC_SYNTHETIC_PLANNING_MODEL,base,37702666.6668,ALLOCATED_LEGAL_MANAGEMENT_BOOK,2027
BIZ_ALLOWANCE,asset,2026-09-09T00:00:00Z,2026-09-09,SHI,CONDITIONAL_FORECAST,1,MANAGEMENT_FORECAST,PUBLIC_SYNTHETIC_PLANNING_MODEL,base,-3354960.0000,ALLOCATED_LEGAL_MANAGEMENT_BOOK,2027
BIZ_AP,liability,2026-09-09T00:00:00Z,2026-09-09,SHI,CONDITIONAL_FORECAST,1,MANAGEMENT_FORECAST,PUBLIC_SYNTHETIC_PLANNING_MODEL,base,-278580.0000,ALLOCATED_LEGAL_MANAGEMENT_BOOK,2027
BIZ_AR,asset,2026-09-09T00:00:00Z,2026-09-09,SHI,CONDITIONAL_FORECAST,1,MANAGEMENT_FORECAST,PUBLIC_SYNTHETIC_PLANNING_MODEL,base,56748000.0000,ALLOCATED_LEGAL_MANAGEMENT_BOOK,2027
BIZ_CREDIT_LOSS,expense,2026-09-09T00:00:00Z,2026-09-09,SHI,CONDITIONAL_FORECAST,1,MANAGEMENT_FORECAST,PUBLIC_SYNTHETIC_PLANNING_MODEL,base,3354960.0000,ALLOCATED_LEGAL_MANAGEMENT_BOOK,2027
BIZ_DEFERRED,liability,2026-09-09T00:00:00Z,2026-09-09,SHI,CONDITIONAL_FORECAST,1,MANAGEMENT_FORECAST,PUBLIC_SYNTHETIC_PLANNING_MODEL,base,-52043000.0000,ALLOCATED_LEGAL_MANAGEMENT_BOOK,2027
BIZ_DELIVERY,expense,2026-09-09T00:00:00Z,2026-09-09,SHI,CONDITIONAL_FORECAST,1,MANAGEMENT_FORECAST,PUBLIC_SYNTHETIC_PLANNING_MODEL,base,100000.0000,ALLOCATED_LEGAL_MANAGEMENT_BOOK,2027
BIZ_INVENTORY,asset,2026-09-09T00:00:00Z,2026-09-09,SHI,CONDITIONAL_FORECAST,1,MANAGEMENT_FORECAST,PUBLIC_SYNTHETIC_PLANNING_MODEL,base,39830.0001,ALLOCATED_LEGAL_MANAGEMENT_BOOK,2027
BIZ_PAYROLL,expense,2026-09-09T00:00:00Z,2026-09-09,SHI,CONDITIONAL_FORECAST,1,MANAGEMENT_FORECAST,PUBLIC_SYNTHETIC_PLANNING_MODEL,base,6162916.6573,ALLOCATED_LEGAL_MANAGEMENT_BOOK,2027
BIZ_PPE,asset,2026-09-09T00:00:00Z,2026-09-09,SHI,CONDITIONAL_FORECAST,1,MANAGEMENT_FORECAST,PUBLIC_SYNTHETIC_PLANNING_MODEL,base,560000.0000,ALLOCATED_LEGAL_MANAGEMENT_BOOK,2027
BIZ_PROCESSING,expense,2026-09-09T00:00:00Z,2026-09-09,SHI,CONDITIONAL_FORECAST,1,MANAGEMENT_FORECAST,PUBLIC_SYNTHETIC_PLANNING_MODEL,base,18500.0000,ALLOCATED_LEGAL_MANAGEMENT_BOOK,2027
BIZ_RESEARCH,expense,2026-09-09T00:00:00Z,2026-09-09,SHI,CONDITIONAL_FORECAST,1,MANAGEMENT_FORECAST,PUBLIC_SYNTHETIC_PLANNING_MODEL,base,38500.0000,ALLOCATED_LEGAL_MANAGEMENT_BOOK,2027
BIZ_REVENUE,revenue,2026-09-09T00:00:00Z,2026-09-09,SHI,CONDITIONAL_FORECAST,1,MANAGEMENT_FORECAST,PUBLIC_SYNTHETIC_PLANNING_MODEL,base,-4705000.0000,ALLOCATED_LEGAL_MANAGEMENT_BOOK,2027
BIZ_SUPPORT,expense,2026-09-09T00:00:00Z,2026-09-09,SHI,CONDITIONAL_FORECAST,1,MANAGEMENT_FORECAST,PUBLIC_SYNTHETIC_PLANNING_MODEL,base,113000.0000,ALLOCATED_LEGAL_MANAGEMENT_BOOK,2027
CORE_ACCUM,asset,2026-09-09T00:00:00Z,2026-09-09,SHI,CONDITIONAL_FORECAST,1,MANAGEMENT_FORECAST,PUBLIC_SYNTHETIC_PLANNING_MODEL,base,-112961.1937,ALLOCATED_LEGAL_MANAGEMENT_BOOK,2027
CORE_DDA,expense,2026-09-09T00:00:00Z,2026-09-09,SHI,CONDITIONAL_FORECAST,1,MANAGEMENT_FORECAST,PUBLIC_SYNTHETIC_PLANNING_MODEL,base,112961.1937,ALLOCATED_LEGAL_MANAGEMENT_BOOK,2027
CORE_INTEREST,expense,2026-09-09T00:00:00Z,2026-09-09,SHI,CONDITIONAL_FORECAST,1,MANAGEMENT_FORECAST,PUBLIC_SYNTHETIC_PLANNING_MODEL,base,191208.3333,ALLOCATED_LEGAL_MANAGEMENT_BOOK,2027
INV_SHIH,asset,2026-09-09T00:00:00Z,2026-09-09,SHI,CONDITIONAL_FORECAST,1,MANAGEMENT_FORECAST,PUBLIC_SYNTHETIC_PLANNING_MODEL,base,115604800.0000,ALLOCATED_LEGAL_MANAGEMENT_BOOK,2027
LEG_1500,asset,2026-09-09T00:00:00Z,2026-09-09,SHI,CONDITIONAL_FORECAST,1,MANAGEMENT_FORECAST,PUBLIC_SYNTHETIC_PLANNING_MODEL,base,9497024.0000,ALLOCATED_LEGAL_MANAGEMENT_BOOK,2027
LEG_1590,asset,2026-09-09T00:00:00Z,2026-09-09,SHI,CONDITIONAL_FORECAST,1,MANAGEMENT_FORECAST,PUBLIC_SYNTHETIC_PLANNING_MODEL,base,-8283.7333,ALLOCATED_LEGAL_MANAGEMENT_BOOK,2027
LEG_1600,asset,2026-09-09T00:00:00Z,2026-09-09,SHI,CONDITIONAL_FORECAST,1,MANAGEMENT_FORECAST,PUBLIC_SYNTHETIC_PLANNING_MODEL,base,30000000.0000,ALLOCATED_LEGAL_MANAGEMENT_BOOK,2027
LEG_2500,liability,2026-09-09T00:00:00Z,2026-09-09,SHI,CONDITIONAL_FORECAST,1,MANAGEMENT_FORECAST,PUBLIC_SYNTHETIC_PLANNING_MODEL,base,-35200000.0000,ALLOCATED_LEGAL_MANAGEMENT_BOOK,2027
LEG_2510,liability,2026-09-09T00:00:00Z,2026-09-09,SHI,CONDITIONAL_FORECAST,1,MANAGEMENT_FORECAST,PUBLIC_SYNTHETIC_PLANNING_MODEL,base,-2666.6668,ALLOCATED_LEGAL_MANAGEMENT_BOOK,2027
LEG_3000,equity,2026-09-09T00:00:00Z,2026-09-09,SHI,CONDITIONAL_FORECAST,1,MANAGEMENT_FORECAST,PUBLIC_SYNTHETIC_PLANNING_MODEL,base,-38800000.0000,ALLOCATED_LEGAL_MANAGEMENT_BOOK,2027
SHARED_AR,asset,2026-09-09T00:00:00Z,2026-09-09,SHI,CONDITIONAL_FORECAST,1,MANAGEMENT_FORECAST,PUBLIC_SYNTHETIC_PLANNING_MODEL,base,83333.3333,ALLOCATED_LEGAL_MANAGEMENT_BOOK,2027
SHARED_REV,revenue,2026-09-09T00:00:00Z,2026-09-09,SHI,CONDITIONAL_FORECAST,1,MANAGEMENT_FORECAST,PUBLIC_SYNTHETIC_PLANNING_MODEL,base,-83333.3333,ALLOCATED_LEGAL_MANAGEMENT_BOOK,2027
3000,equity,2026-09-09T00:00:00Z,2026-09-09,SHIH,CONDITIONAL_FORECAST,1,MANAGEMENT_FORECAST,PUBLIC_SYNTHETIC_PLANNING_MODEL,base,-115604800.0000,ALLOCATED_LEGAL_MANAGEMENT_BOOK,2027
3100,equity,2026-09-09T00:00:00Z,2026-09-09,SHIH,CONDITIONAL_FORECAST,1,MANAGEMENT_FORECAST,PUBLIC_SYNTHETIC_PLANNING_MODEL,base,900000.0000,ALLOCATED_LEGAL_MANAGEMENT_BOOK,2027
INV_ARU,asset,2026-09-09T00:00:00Z,2026-09-09,SHIH,CONDITIONAL_FORECAST,1,MANAGEMENT_FORECAST,PUBLIC_SYNTHETIC_PLANNING_MODEL,base,56004880.0000,ALLOCATED_LEGAL_MANAGEMENT_BOOK,2027
INV_PS,asset,2026-09-09T00:00:00Z,2026-09-09,SHIH,CONDITIONAL_FORECAST,1,MANAGEMENT_FORECAST,PUBLIC_SYNTHETIC_PLANNING_MODEL,base,58699920.0000,ALLOCATED_LEGAL_MANAGEMENT_BOOK,2027
1000,asset,2026-09-09T00:00:00Z,2026-09-09,ARU,CONDITIONAL_FORECAST,2,MANAGEMENT_FORECAST,PUBLIC_SYNTHETIC_PLANNING_MODEL,base,1662106.0000,ALLOCATED_LEGAL_MANAGEMENT_BOOK,2027
1100,asset,2026-09-09T00:00:00Z,2026-09-09,ARU,CONDITIONAL_FORECAST,2,MANAGEMENT_FORECAST,PUBLIC_SYNTHETIC_PLANNING_MODEL,base,2965530.0000,ALLOCATED_LEGAL_MANAGEMENT_BOOK,2027
1150,asset,2026-09-09T00:00:00Z,2026-09-09,ARU,CONDITIONAL_FORECAST,2,MANAGEMENT_FORECAST,PUBLIC_SYNTHETIC_PLANNING_MODEL,base,-15150.0000,ALLOCATED_LEGAL_MANAGEMENT_BOOK,2027
1180,intercompany,2026-09-09T00:00:00Z,2026-09-09,ARU,CONDITIONAL_FORECAST,2,MANAGEMENT_FORECAST,PUBLIC_SYNTHETIC_PLANNING_MODEL,base,10847158.0000,ALLOCATED_LEGAL_MANAGEMENT_BOOK,2027
1200,asset,2026-09-09T00:00:00Z,2026-09-09,ARU,CONDITIONAL_FORECAST,2,MANAGEMENT_FORECAST,PUBLIC_SYNTHETIC_PLANNING_MODEL,base,1214138.0000,ALLOCATED_LEGAL_MANAGEMENT_BOOK,2027
1300,asset,2026-09-09T00:00:00Z,2026-09-09,ARU,CONDITIONAL_FORECAST,2,MANAGEMENT_FORECAST,PUBLIC_SYNTHETIC_PLANNING_MODEL,base,504700.0000,ALLOCATED_LEGAL_MANAGEMENT_BOOK,2027
1400,asset,2026-09-09T00:00:00Z,2026-09-09,ARU,CONDITIONAL_FORECAST,2,MANAGEMENT_FORECAST,PUBLIC_SYNTHETIC_PLANNING_MODEL,base,27952425.0000,ALLOCATED_LEGAL_MANAGEMENT_BOOK,2027
1490,asset,2026-09-09T00:00:00Z,2026-09-09,ARU,CONDITIONAL_FORECAST,2,MANAGEMENT_FORECAST,PUBLIC_SYNTHETIC_PLANNING_MODEL,base,-1465488.0000,ALLOCATED_LEGAL_MANAGEMENT_BOOK,2027
1500,asset,2026-09-09T00:00:00Z,2026-09-09,ARU,CONDITIONAL_FORECAST,2,MANAGEMENT_FORECAST,PUBLIC_SYNTHETIC_PLANNING_MODEL,base,1000000.0000,ALLOCATED_LEGAL_MANAGEMENT_BOOK,2027
1590,asset,2026-09-09T00:00:00Z,2026-09-09,ARU,CONDITIONAL_FORECAST,2,MANAGEMENT_FORECAST,PUBLIC_SYNTHETIC_PLANNING_MODEL,base,-230047.0000,ALLOCATED_LEGAL_MANAGEMENT_BOOK,2027
1600,asset,2026-09-09T00:00:00Z,2026-09-09,ARU,CONDITIONAL_FORECAST,2,MANAGEMENT_FORECAST,PUBLIC_SYNTHETIC_PLANNING_MODEL,base,14762500.0000,ALLOCATED_LEGAL_MANAGEMENT_BOOK,2027
1700,liability,2026-09-09T00:00:00Z,2026-09-09,ARU,CONDITIONAL_FORECAST,2,MANAGEMENT_FORECAST,PUBLIC_SYNTHETIC_PLANNING_MODEL,base,230968.0000,ALLOCATED_LEGAL_MANAGEMENT_BOOK,2027
1800,asset,2026-09-09T00:00:00Z,2026-09-09,ARU,CONDITIONAL_FORECAST,2,MANAGEMENT_FORECAST,PUBLIC_SYNTHETIC_PLANNING_MODEL,base,137500.0000,ALLOCATED_LEGAL_MANAGEMENT_BOOK,2027
2000,liability,2026-09-09T00:00:00Z,2026-09-09,ARU,CONDITIONAL_FORECAST,2,MANAGEMENT_FORECAST,PUBLIC_SYNTHETIC_PLANNING_MODEL,base,-956206.0000,ALLOCATED_LEGAL_MANAGEMENT_BOOK,2027
2200,liability,2026-09-09T00:00:00Z,2026-09-09,ARU,CONDITIONAL_FORECAST,2,MANAGEMENT_FORECAST,PUBLIC_SYNTHETIC_PLANNING_MODEL,base,-550000.0000,ALLOCATED_LEGAL_MANAGEMENT_BOOK,2027
2250,liability,2026-09-09T00:00:00Z,2026-09-09,ARU,CONDITIONAL_FORECAST,2,MANAGEMENT_FORECAST,PUBLIC_SYNTHETIC_PLANNING_MODEL,base,-252778.0000,ALLOCATED_LEGAL_MANAGEMENT_BOOK,2027
2400,liability,2026-09-09T00:00:00Z,2026-09-09,ARU,CONDITIONAL_FORECAST,2,MANAGEMENT_FORECAST,PUBLIC_SYNTHETIC_PLANNING_MODEL,base,-21000000.0000,ALLOCATED_LEGAL_MANAGEMENT_BOOK,2027
2600,liability,2026-09-09T00:00:00Z,2026-09-09,ARU,CONDITIONAL_FORECAST,2,MANAGEMENT_FORECAST,PUBLIC_SYNTHETIC_PLANNING_MODEL,base,-769954.0000,ALLOCATED_LEGAL_MANAGEMENT_BOOK,2027
3000,equity,2026-09-09T00:00:00Z,2026-09-09,ARU,CONDITIONAL_FORECAST,2,MANAGEMENT_FORECAST,PUBLIC_SYNTHETIC_PLANNING_MODEL,base,-56004880.0000,ALLOCATED_LEGAL_MANAGEMENT_BOOK,2027
3100,equity,2026-09-09T00:00:00Z,2026-09-09,ARU,CONDITIONAL_FORECAST,2,MANAGEMENT_FORECAST,PUBLIC_SYNTHETIC_PLANNING_MODEL,base,-3617621.0000,ALLOCATED_LEGAL_MANAGEMENT_BOOK,2027
4000,revenue,2026-09-09T00:00:00Z,2026-09-09,ARU,CONDITIONAL_FORECAST,2,MANAGEMENT_FORECAST,PUBLIC_SYNTHETIC_PLANNING_MODEL,base,-3918068.0000,ALLOCATED_LEGAL_MANAGEMENT_BOOK,2027
4100,revenue,2026-09-09T00:00:00Z,2026-09-09,ARU,CONDITIONAL_FORECAST,2,MANAGEMENT_FORECAST,PUBLIC_SYNTHETIC_PLANNING_MODEL,base,-48736.0000,ALLOCATED_LEGAL_MANAGEMENT_BOOK,2027
5000,expense,2026-09-09T00:00:00Z,2026-09-09,ARU,CONDITIONAL_FORECAST,2,MANAGEMENT_FORECAST,PUBLIC_SYNTHETIC_PLANNING_MODEL,base,1262170.0000,ALLOCATED_LEGAL_MANAGEMENT_BOOK,2027
5100,expense,2026-09-09T00:00:00Z,2026-09-09,ARU,CONDITIONAL_FORECAST,2,MANAGEMENT_FORECAST,PUBLIC_SYNTHETIC_PLANNING_MODEL,base,1965332.0000,ALLOCATED_LEGAL_MANAGEMENT_BOOK,2027
5200,expense,2026-09-09T00:00:00Z,2026-09-09,ARU,CONDITIONAL_FORECAST,2,MANAGEMENT_FORECAST,PUBLIC_SYNTHETIC_PLANNING_MODEL,base,37617.0000,ALLOCATED_LEGAL_MANAGEMENT_BOOK,2027
5300,expense,2026-09-09T00:00:00Z,2026-09-09,ARU,CONDITIONAL_FORECAST,2,MANAGEMENT_FORECAST,PUBLIC_SYNTHETIC_PLANNING_MODEL,base,295147.0000,ALLOCATED_LEGAL_MANAGEMENT_BOOK,2027
5400,expense,2026-09-09T00:00:00Z,2026-09-09,ARU,CONDITIONAL_FORECAST,2,MANAGEMENT_FORECAST,PUBLIC_SYNTHETIC_PLANNING_MODEL,base,238622.0000,ALLOCATED_LEGAL_MANAGEMENT_BOOK,2027
5501,expense,2026-09-09T00:00:00Z,2026-09-09,ARU,CONDITIONAL_FORECAST,2,MANAGEMENT_FORECAST,PUBLIC_SYNTHETIC_PLANNING_MODEL,base,36111.0000,ALLOCATED_LEGAL_MANAGEMENT_BOOK,2027
5700,expense,2026-09-09T00:00:00Z,2026-09-09,ARU,CONDITIONAL_FORECAST,2,MANAGEMENT_FORECAST,PUBLIC_SYNTHETIC_PLANNING_MODEL,base,6904.0000,ALLOCATED_LEGAL_MANAGEMENT_BOOK,2027
INV_BST,asset,2026-09-09T00:00:00Z,2026-09-09,ARU,CONDITIONAL_FORECAST,2,MANAGEMENT_FORECAST,PUBLIC_SYNTHETIC_PLANNING_MODEL,base,23710000.0000,ALLOCATED_LEGAL_MANAGEMENT_BOOK,2027
SHARED_AP,liability,2026-09-09T00:00:00Z,2026-09-09,ARU,CONDITIONAL_FORECAST,2,MANAGEMENT_FORECAST,PUBLIC_SYNTHETIC_PLANNING_MODEL,base,-100000.0000,ALLOCATED_LEGAL_MANAGEMENT_BOOK,2027
SHARED_EXP,expense,2026-09-09T00:00:00Z,2026-09-09,ARU,CONDITIONAL_FORECAST,2,MANAGEMENT_FORECAST,PUBLIC_SYNTHETIC_PLANNING_MODEL,base,100000.0000,ALLOCATED_LEGAL_MANAGEMENT_BOOK,2027
1000,asset,2026-09-09T00:00:00Z,2026-09-09,BST,CONDITIONAL_FORECAST,2,MANAGEMENT_FORECAST,PUBLIC_SYNTHETIC_PLANNING_MODEL,base,712331.0000,ALLOCATED_LEGAL_MANAGEMENT_BOOK,2027
1100,asset,2026-09-09T00:00:00Z,2026-09-09,BST,CONDITIONAL_FORECAST,2,MANAGEMENT_FORECAST,PUBLIC_SYNTHETIC_PLANNING_MODEL,base,1741661.0000,ALLOCATED_LEGAL_MANAGEMENT_BOOK,2027
1150,asset,2026-09-09T00:00:00Z,2026-09-09,BST,CONDITIONAL_FORECAST,2,MANAGEMENT_FORECAST,PUBLIC_SYNTHETIC_PLANNING_MODEL,base,54359.0000,ALLOCATED_LEGAL_MANAGEMENT_BOOK,2027
1180,intercompany,2026-09-09T00:00:00Z,2026-09-09,BST,CONDITIONAL_FORECAST,2,MANAGEMENT_FORECAST,PUBLIC_SYNTHETIC_PLANNING_MODEL,base,-10847158.0000,ALLOCATED_LEGAL_MANAGEMENT_BOOK,2027
1200,asset,2026-09-09T00:00:00Z,2026-09-09,BST,CONDITIONAL_FORECAST,2,MANAGEMENT_FORECAST,PUBLIC_SYNTHETIC_PLANNING_MODEL,base,653767.0000,ALLOCATED_LEGAL_MANAGEMENT_BOOK,2027
1300,asset,2026-09-09T00:00:00Z,2026-09-09,BST,CONDITIONAL_FORECAST,2,MANAGEMENT_FORECAST,PUBLIC_SYNTHETIC_PLANNING_MODEL,base,216300.0000,ALLOCATED_LEGAL_MANAGEMENT_BOOK,2027
1400,asset,2026-09-09T00:00:00Z,2026-09-09,BST,CONDITIONAL_FORECAST,2,MANAGEMENT_FORECAST,PUBLIC_SYNTHETIC_PLANNING_MODEL,base,34164075.0000,ALLOCATED_LEGAL_MANAGEMENT_BOOK,2027
1490,asset,2026-09-09T00:00:00Z,2026-09-09,BST,CONDITIONAL_FORECAST,2,MANAGEMENT_FORECAST,PUBLIC_SYNTHETIC_PLANNING_MODEL,base,-1791152.0000,ALLOCATED_LEGAL_MANAGEMENT_BOOK,2027
1500,asset,2026-09-09T00:00:00Z,2026-09-09,BST,CONDITIONAL_FORECAST,2,MANAGEMENT_FORECAST,PUBLIC_SYNTHETIC_PLANNING_MODEL,base,1500000.0000,ALLOCATED_LEGAL_MANAGEMENT_BOOK,2027
1590,asset,2026-09-09T00:00:00Z,2026-09-09,BST,CONDITIONAL_FORECAST,2,MANAGEMENT_FORECAST,PUBLIC_SYNTHETIC_PLANNING_MODEL,base,-345070.0000,ALLOCATED_LEGAL_MANAGEMENT_BOOK,2027
1800,asset,2026-09-09T00:00:00Z,2026-09-09,BST,CONDITIONAL_FORECAST,2,MANAGEMENT_FORECAST,PUBLIC_SYNTHETIC_PLANNING_MODEL,base,450000.0000,ALLOCATED_LEGAL_MANAGEMENT_BOOK,2027
2000,liability,2026-09-09T00:00:00Z,2026-09-09,BST,CONDITIONAL_FORECAST,2,MANAGEMENT_FORECAST,PUBLIC_SYNTHETIC_PLANNING_MODEL,base,-637470.0000,ALLOCATED_LEGAL_MANAGEMENT_BOOK,2027
2200,liability,2026-09-09T00:00:00Z,2026-09-09,BST,CONDITIONAL_FORECAST,2,MANAGEMENT_FORECAST,PUBLIC_SYNTHETIC_PLANNING_MODEL,base,-1200000.0000,ALLOCATED_LEGAL_MANAGEMENT_BOOK,2027
2300,liability,2026-09-09T00:00:00Z,2026-09-09,BST,CONDITIONAL_FORECAST,2,MANAGEMENT_FORECAST,PUBLIC_SYNTHETIC_PLANNING_MODEL,base,-600000.0000,ALLOCATED_LEGAL_MANAGEMENT_BOOK,2027
2600,liability,2026-09-09T00:00:00Z,2026-09-09,BST,CONDITIONAL_FORECAST,2,MANAGEMENT_FORECAST,PUBLIC_SYNTHETIC_PLANNING_MODEL,base,-1154931.0000,ALLOCATED_LEGAL_MANAGEMENT_BOOK,2027
3000,equity,2026-09-09T00:00:00Z,2026-09-09,BST,CONDITIONAL_FORECAST,2,MANAGEMENT_FORECAST,PUBLIC_SYNTHETIC_PLANNING_MODEL,base,-23710000.0000,ALLOCATED_LEGAL_MANAGEMENT_BOOK,2027
3100,equity,2026-09-09T00:00:00Z,2026-09-09,BST,CONDITIONAL_FORECAST,2,MANAGEMENT_FORECAST,PUBLIC_SYNTHETIC_PLANNING_MODEL,base,526394.0000,ALLOCATED_LEGAL_MANAGEMENT_BOOK,2027
4000,revenue,2026-09-09T00:00:00Z,2026-09-09,BST,CONDITIONAL_FORECAST,2,MANAGEMENT_FORECAST,PUBLIC_SYNTHETIC_PLANNING_MODEL,base,-2358196.0000,ALLOCATED_LEGAL_MANAGEMENT_BOOK,2027
4100,revenue,2026-09-09T00:00:00Z,2026-09-09,BST,CONDITIONAL_FORECAST,2,MANAGEMENT_FORECAST,PUBLIC_SYNTHETIC_PLANNING_MODEL,base,-24990.0000,ALLOCATED_LEGAL_MANAGEMENT_BOOK,2027
5000,expense,2026-09-09T00:00:00Z,2026-09-09,BST,CONDITIONAL_FORECAST,2,MANAGEMENT_FORECAST,PUBLIC_SYNTHETIC_PLANNING_MODEL,base,1032308.0000,ALLOCATED_LEGAL_MANAGEMENT_BOOK,2027
5100,expense,2026-09-09T00:00:00Z,2026-09-09,BST,CONDITIONAL_FORECAST,2,MANAGEMENT_FORECAST,PUBLIC_SYNTHETIC_PLANNING_MODEL,base,1222023.0000,ALLOCATED_LEGAL_MANAGEMENT_BOOK,2027
5200,expense,2026-09-09T00:00:00Z,2026-09-09,BST,CONDITIONAL_FORECAST,2,MANAGEMENT_FORECAST,PUBLIC_SYNTHETIC_PLANNING_MODEL,base,12948.0000,ALLOCATED_LEGAL_MANAGEMENT_BOOK,2027
5300,expense,2026-09-09T00:00:00Z,2026-09-09,BST,CONDITIONAL_FORECAST,2,MANAGEMENT_FORECAST,PUBLIC_SYNTHETIC_PLANNING_MODEL,base,360736.0000,ALLOCATED_LEGAL_MANAGEMENT_BOOK,2027
5400,expense,2026-09-09T00:00:00Z,2026-09-09,BST,CONDITIONAL_FORECAST,2,MANAGEMENT_FORECAST,PUBLIC_SYNTHETIC_PLANNING_MODEL,base,20750.0000,ALLOCATED_LEGAL_MANAGEMENT_BOOK,2027
5700,expense,2026-09-09T00:00:00Z,2026-09-09,BST,CONDITIONAL_FORECAST,2,MANAGEMENT_FORECAST,PUBLIC_SYNTHETIC_PLANNING_MODEL,base,1315.0000,ALLOCATED_LEGAL_MANAGEMENT_BOOK,2027
1150,asset,2026-09-09T00:00:00Z,2026-09-09,ELIM,CONDITIONAL_FORECAST,2,MANAGEMENT_FORECAST,PUBLIC_SYNTHETIC_PLANNING_MODEL,base,-39209.0000,CONSOLIDATION_ELIMINATION_BOOK,2027
2150,liability,2026-09-09T00:00:00Z,2026-09-09,ELIM,CONDITIONAL_FORECAST,2,MANAGEMENT_FORECAST,PUBLIC_SYNTHETIC_PLANNING_MODEL,base,39209.0000,CONSOLIDATION_ELIMINATION_BOOK,2027
3000,equity,2026-09-09T00:00:00Z,2026-09-09,ELIM,CONDITIONAL_FORECAST,2,MANAGEMENT_FORECAST,PUBLIC_SYNTHETIC_PLANNING_MODEL,base,315306567.0000,CONSOLIDATION_ELIMINATION_BOOK,2027
4100,revenue,2026-09-09T00:00:00Z,2026-09-09,ELIM,CONDITIONAL_FORECAST,2,MANAGEMENT_FORECAST,PUBLIC_SYNTHETIC_PLANNING_MODEL,base,331225.6429,CONSOLIDATION_ELIMINATION_BOOK,2027
5150,expense,2026-09-09T00:00:00Z,2026-09-09,ELIM,CONDITIONAL_FORECAST,2,MANAGEMENT_FORECAST,PUBLIC_SYNTHETIC_PLANNING_MODEL,base,-331225.6429,CONSOLIDATION_ELIMINATION_BOOK,2027
INV_ARU,asset,2026-09-09T00:00:00Z,2026-09-09,ELIM,CONDITIONAL_FORECAST,2,MANAGEMENT_FORECAST,PUBLIC_SYNTHETIC_PLANNING_MODEL,base,-56004880.0000,CONSOLIDATION_ELIMINATION_BOOK,2027
INV_BST,asset,2026-09-09T00:00:00Z,2026-09-09,ELIM,CONDITIONAL_FORECAST,2,MANAGEMENT_FORECAST,PUBLIC_SYNTHETIC_PLANNING_MODEL,base,-23710000.0000,CONSOLIDATION_ELIMINATION_BOOK,2027
INV_PS,asset,2026-09-09T00:00:00Z,2026-09-09,ELIM,CONDITIONAL_FORECAST,2,MANAGEMENT_FORECAST,PUBLIC_SYNTHETIC_PLANNING_MODEL,base,-59562269.0000,CONSOLIDATION_ELIMINATION_BOOK,2027
INV_RWH,asset,2026-09-09T00:00:00Z,2026-09-09,ELIM,CONDITIONAL_FORECAST,2,MANAGEMENT_FORECAST,PUBLIC_SYNTHETIC_PLANNING_MODEL,base,-59562269.0000,CONSOLIDATION_ELIMINATION_BOOK,2027
INV_SHIH,asset,2026-09-09T00:00:00Z,2026-09-09,ELIM,CONDITIONAL_FORECAST,2,MANAGEMENT_FORECAST,PUBLIC_SYNTHETIC_PLANNING_MODEL,base,-116467149.0000,CONSOLIDATION_ELIMINATION_BOOK,2027
SHARED_AP,liability,2026-09-09T00:00:00Z,2026-09-09,ELIM,CONDITIONAL_FORECAST,2,MANAGEMENT_FORECAST,PUBLIC_SYNTHETIC_PLANNING_MODEL,base,166666.6666,CONSOLIDATION_ELIMINATION_BOOK,2027
SHARED_AR,asset,2026-09-09T00:00:00Z,2026-09-09,ELIM,CONDITIONAL_FORECAST,2,MANAGEMENT_FORECAST,PUBLIC_SYNTHETIC_PLANNING_MODEL,base,-166666.6666,CONSOLIDATION_ELIMINATION_BOOK,2027
SHARED_EXP,expense,2026-09-09T00:00:00Z,2026-09-09,ELIM,CONDITIONAL_FORECAST,2,MANAGEMENT_FORECAST,PUBLIC_SYNTHETIC_PLANNING_MODEL,base,-166666.6666,CONSOLIDATION_ELIMINATION_BOOK,2027
SHARED_REV,revenue,2026-09-09T00:00:00Z,2026-09-09,ELIM,CONDITIONAL_FORECAST,2,MANAGEMENT_FORECAST,PUBLIC_SYNTHETIC_PLANNING_MODEL,base,166666.6666,CONSOLIDATION_ELIMINATION_BOOK,2027
3000,equity,2026-09-09T00:00:00Z,2026-09-09,PS,CONDITIONAL_FORECAST,2,MANAGEMENT_FORECAST,PUBLIC_SYNTHETIC_PLANNING_MODEL,base,-59562269.0000,ALLOCATED_LEGAL_MANAGEMENT_BOOK,2027
4100,revenue,2026-09-09T00:00:00Z,2026-09-09,PS,CONDITIONAL_FORECAST,2,MANAGEMENT_FORECAST,PUBLIC_SYNTHETIC_PLANNING_MODEL,base,-257499.6429,ALLOCATED_LEGAL_MANAGEMENT_BOOK,2027
5100,expense,2026-09-09T00:00:00Z,2026-09-09,PS,CONDITIONAL_FORECAST,2,MANAGEMENT_FORECAST,PUBLIC_SYNTHETIC_PLANNING_MODEL,base,257499.6429,ALLOCATED_LEGAL_MANAGEMENT_BOOK,2027
INV_RWH,asset,2026-09-09T00:00:00Z,2026-09-09,PS,CONDITIONAL_FORECAST,2,MANAGEMENT_FORECAST,PUBLIC_SYNTHETIC_PLANNING_MODEL,base,59562269.0000,ALLOCATED_LEGAL_MANAGEMENT_BOOK,2027
SHARED_AP,liability,2026-09-09T00:00:00Z,2026-09-09,PS,CONDITIONAL_FORECAST,2,MANAGEMENT_FORECAST,PUBLIC_SYNTHETIC_PLANNING_MODEL,base,-66666.6666,ALLOCATED_LEGAL_MANAGEMENT_BOOK,2027
SHARED_EXP,expense,2026-09-09T00:00:00Z,2026-09-09,PS,CONDITIONAL_FORECAST,2,MANAGEMENT_FORECAST,PUBLIC_SYNTHETIC_PLANNING_MODEL,base,66666.6666,ALLOCATED_LEGAL_MANAGEMENT_BOOK,2027
1000,asset,2026-09-09T00:00:00Z,2026-09-09,RWH,CONDITIONAL_FORECAST,2,MANAGEMENT_FORECAST,PUBLIC_SYNTHETIC_PLANNING_MODEL,base,2000000.0000,ALLOCATED_LEGAL_MANAGEMENT_BOOK,2027
1100,asset,2026-09-09T00:00:00Z,2026-09-09,RWH,CONDITIONAL_FORECAST,2,MANAGEMENT_FORECAST,PUBLIC_SYNTHETIC_PLANNING_MODEL,base,4453378.0000,ALLOCATED_LEGAL_MANAGEMENT_BOOK,2027
1200,asset,2026-09-09T00:00:00Z,2026-09-09,RWH,CONDITIONAL_FORECAST,2,MANAGEMENT_FORECAST,PUBLIC_SYNTHETIC_PLANNING_MODEL,base,9320856.0000,ALLOCATED_LEGAL_MANAGEMENT_BOOK,2027
1210,asset,2026-09-09T00:00:00Z,2026-09-09,RWH,CONDITIONAL_FORECAST,2,MANAGEMENT_FORECAST,PUBLIC_SYNTHETIC_PLANNING_MODEL,base,1156643.0000,ALLOCATED_LEGAL_MANAGEMENT_BOOK,2027
1300,asset,2026-09-09T00:00:00Z,2026-09-09,RWH,CONDITIONAL_FORECAST,2,MANAGEMENT_FORECAST,PUBLIC_SYNTHETIC_PLANNING_MODEL,base,500000.0000,ALLOCATED_LEGAL_MANAGEMENT_BOOK,2027
1400,asset,2026-09-09T00:00:00Z,2026-09-09,RWH,CONDITIONAL_FORECAST,2,MANAGEMENT_FORECAST,PUBLIC_SYNTHETIC_PLANNING_MODEL,base,63436666.0000,ALLOCATED_LEGAL_MANAGEMENT_BOOK,2027
1490,asset,2026-09-09T00:00:00Z,2026-09-09,RWH,CONDITIONAL_FORECAST,2,MANAGEMENT_FORECAST,PUBLIC_SYNTHETIC_PLANNING_MODEL,base,-4192724.0000,ALLOCATED_LEGAL_MANAGEMENT_BOOK,2027
2150,liability,2026-09-09T00:00:00Z,2026-09-09,RWH,CONDITIONAL_FORECAST,2,MANAGEMENT_FORECAST,PUBLIC_SYNTHETIC_PLANNING_MODEL,base,-39209.0000,ALLOCATED_LEGAL_MANAGEMENT_BOOK,2027
2200,liability,2026-09-09T00:00:00Z,2026-09-09,RWH,CONDITIONAL_FORECAST,2,MANAGEMENT_FORECAST,PUBLIC_SYNTHETIC_PLANNING_MODEL,base,-17464210.0000,ALLOCATED_LEGAL_MANAGEMENT_BOOK,2027
2300,liability,2026-09-09T00:00:00Z,2026-09-09,RWH,CONDITIONAL_FORECAST,2,MANAGEMENT_FORECAST,PUBLIC_SYNTHETIC_PLANNING_MODEL,base,-2500000.0000,ALLOCATED_LEGAL_MANAGEMENT_BOOK,2027
3000,equity,2026-09-09T00:00:00Z,2026-09-09,RWH,CONDITIONAL_FORECAST,2,MANAGEMENT_FORECAST,PUBLIC_SYNTHETIC_PLANNING_MODEL,base,-59562269.0000,ALLOCATED_LEGAL_MANAGEMENT_BOOK,2027
3100,equity,2026-09-09T00:00:00Z,2026-09-09,RWH,CONDITIONAL_FORECAST,2,MANAGEMENT_FORECAST,PUBLIC_SYNTHETIC_PLANNING_MODEL,base,2869375.0000,ALLOCATED_LEGAL_MANAGEMENT_BOOK,2027
4000,revenue,2026-09-09T00:00:00Z,2026-09-09,RWH,CONDITIONAL_FORECAST,2,MANAGEMENT_FORECAST,PUBLIC_SYNTHETIC_PLANNING_MODEL,base,-5937838.0000,ALLOCATED_LEGAL_MANAGEMENT_BOOK,2027
5100,expense,2026-09-09T00:00:00Z,2026-09-09,RWH,CONDITIONAL_FORECAST,2,MANAGEMENT_FORECAST,PUBLIC_SYNTHETIC_PLANNING_MODEL,base,4879067.3571,ALLOCATED_LEGAL_MANAGEMENT_BOOK,2027
5150,expense,2026-09-09T00:00:00Z,2026-09-09,RWH,CONDITIONAL_FORECAST,2,MANAGEMENT_FORECAST,PUBLIC_SYNTHETIC_PLANNING_MODEL,base,331225.6429,ALLOCATED_LEGAL_MANAGEMENT_BOOK,2027
5200,expense,2026-09-09T00:00:00Z,2026-09-09,RWH,CONDITIONAL_FORECAST,2,MANAGEMENT_FORECAST,PUBLIC_SYNTHETIC_PLANNING_MODEL,base,38212.0000,ALLOCATED_LEGAL_MANAGEMENT_BOOK,2027
5300,expense,2026-09-09T00:00:00Z,2026-09-09,RWH,CONDITIONAL_FORECAST,2,MANAGEMENT_FORECAST,PUBLIC_SYNTHETIC_PLANNING_MODEL,base,528485.0000,ALLOCATED_LEGAL_MANAGEMENT_BOOK,2027
5600,expense,2026-09-09T00:00:00Z,2026-09-09,RWH,CONDITIONAL_FORECAST,2,MANAGEMENT_FORECAST,PUBLIC_SYNTHETIC_PLANNING_MODEL,base,182342.0000,ALLOCATED_LEGAL_MANAGEMENT_BOOK,2027
1000,asset,2026-09-09T00:00:00Z,2026-09-09,SHI,CONDITIONAL_FORECAST,2,MANAGEMENT_FORECAST,PUBLIC_SYNTHETIC_PLANNING_MODEL,base,48127586.6759,ALLOCATED_LEGAL_MANAGEMENT_BOOK,2027
3000,equity,2026-09-09T00:00:00Z,2026-09-09,SHI,CONDITIONAL_FORECAST,2,MANAGEMENT_FORECAST,PUBLIC_SYNTHETIC_PLANNING_MODEL,base,-128601264.2574,ALLOCATED_LEGAL_MANAGEMENT_BOOK,2027
3100,equity,2026-09-09T00:00:00Z,2026-09-09,SHI,CONDITIONAL_FORECAST,2,MANAGEMENT_FORECAST,PUBLIC_SYNTHETIC_PLANNING_MODEL,base,37702666.6668,ALLOCATED_LEGAL_MANAGEMENT_BOOK,2027
BIZ_ACCUM,asset,2026-09-09T00:00:00Z,2026-09-09,SHI,CONDITIONAL_FORECAST,2,MANAGEMENT_FORECAST,PUBLIC_SYNTHETIC_PLANNING_MODEL,base,-9333.3333,ALLOCATED_LEGAL_MANAGEMENT_BOOK,2027
BIZ_ALLOWANCE,asset,2026-09-09T00:00:00Z,2026-09-09,SHI,CONDITIONAL_FORECAST,2,MANAGEMENT_FORECAST,PUBLIC_SYNTHETIC_PLANNING_MODEL,base,-1762815.2064,ALLOCATED_LEGAL_MANAGEMENT_BOOK,2027
BIZ_AP,liability,2026-09-09T00:00:00Z,2026-09-09,SHI,CONDITIONAL_FORECAST,2,MANAGEMENT_FORECAST,PUBLIC_SYNTHETIC_PLANNING_MODEL,base,-296409.8000,ALLOCATED_LEGAL_MANAGEMENT_BOOK,2027
BIZ_AR,asset,2026-09-09T00:00:00Z,2026-09-09,SHI,CONDITIONAL_FORECAST,2,MANAGEMENT_FORECAST,PUBLIC_SYNTHETIC_PLANNING_MODEL,base,4890760.3200,ALLOCATED_LEGAL_MANAGEMENT_BOOK,2027
BIZ_COGS,expense,2026-09-09T00:00:00Z,2026-09-09,SHI,CONDITIONAL_FORECAST,2,MANAGEMENT_FORECAST,PUBLIC_SYNTHETIC_PLANNING_MODEL,base,39830.0001,ALLOCATED_LEGAL_MANAGEMENT_BOOK,2027
BIZ_CREDIT_LOSS,expense,2026-09-09T00:00:00Z,2026-09-09,SHI,CONDITIONAL_FORECAST,2,MANAGEMENT_FORECAST,PUBLIC_SYNTHETIC_PLANNING_MODEL,base,1762815.2064,ALLOCATED_LEGAL_MANAGEMENT_BOOK,2027
BIZ_DDA,expense,2026-09-09T00:00:00Z,2026-09-09,SHI,CONDITIONAL_FORECAST,2,MANAGEMENT_FORECAST,PUBLIC_SYNTHETIC_PLANNING_MODEL,base,9333.3333,ALLOCATED_LEGAL_MANAGEMENT_BOOK,2027
BIZ_DEFERRED,liability,2026-09-09T00:00:00Z,2026-09-09,SHI,CONDITIONAL_FORECAST,2,MANAGEMENT_FORECAST,PUBLIC_SYNTHETIC_PLANNING_MODEL,base,-48826400.0000,ALLOCATED_LEGAL_MANAGEMENT_BOOK,2027
BIZ_DELIVERY,expense,2026-09-09T00:00:00Z,2026-09-09,SHI,CONDITIONAL_FORECAST,2,MANAGEMENT_FORECAST,PUBLIC_SYNTHETIC_PLANNING_MODEL,base,209279.8000,ALLOCATED_LEGAL_MANAGEMENT_BOOK,2027
BIZ_HOST_AP,liability,2026-09-09T00:00:00Z,2026-09-09,SHI,CONDITIONAL_FORECAST,2,MANAGEMENT_FORECAST,PUBLIC_SYNTHETIC_PLANNING_MODEL,base,-19952.0640,ALLOCATED_LEGAL_MANAGEMENT_BOOK,2027
BIZ_HOST_SHARE,expense,2026-09-09T00:00:00Z,2026-09-09,SHI,CONDITIONAL_FORECAST,2,MANAGEMENT_FORECAST,PUBLIC_SYNTHETIC_PLANNING_MODEL,base,19952.0640,ALLOCATED_LEGAL_MANAGEMENT_BOOK,2027
BIZ_INVENTORY,asset,2026-09-09T00:00:00Z,2026-09-09,SHI,CONDITIONAL_FORECAST,2,MANAGEMENT_FORECAST,PUBLIC_SYNTHETIC_PLANNING_MODEL,base,39830.0001,ALLOCATED_LEGAL_MANAGEMENT_BOOK,2027
BIZ_PAYROLL,expense,2026-09-09T00:00:00Z,2026-09-09,SHI,CONDITIONAL_FORECAST,2,MANAGEMENT_FORECAST,PUBLIC_SYNTHETIC_PLANNING_MODEL,base,12325833.3146,ALLOCATED_LEGAL_MANAGEMENT_BOOK,2027
BIZ_PPE,asset,2026-09-09T00:00:00Z,2026-09-09,SHI,CONDITIONAL_FORECAST,2,MANAGEMENT_FORECAST,PUBLIC_SYNTHETIC_PLANNING_MODEL,base,1390000.0000,ALLOCATED_LEGAL_MANAGEMENT_BOOK,2027
BIZ_PROCESSING,expense,2026-09-09T00:00:00Z,2026-09-09,SHI,CONDITIONAL_FORECAST,2,MANAGEMENT_FORECAST,PUBLIC_SYNTHETIC_PLANNING_MODEL,base,37000.0000,ALLOCATED_LEGAL_MANAGEMENT_BOOK,2027
BIZ_RESEARCH,expense,2026-09-09T00:00:00Z,2026-09-09,SHI,CONDITIONAL_FORECAST,2,MANAGEMENT_FORECAST,PUBLIC_SYNTHETIC_PLANNING_MODEL,base,85550.0000,ALLOCATED_LEGAL_MANAGEMENT_BOOK,2027
BIZ_REVENUE,revenue,2026-09-09T00:00:00Z,2026-09-09,SHI,CONDITIONAL_FORECAST,2,MANAGEMENT_FORECAST,PUBLIC_SYNTHETIC_PLANNING_MODEL,base,-9785360.3200,ALLOCATED_LEGAL_MANAGEMENT_BOOK,2027
BIZ_SUPPORT,expense,2026-09-09T00:00:00Z,2026-09-09,SHI,CONDITIONAL_FORECAST,2,MANAGEMENT_FORECAST,PUBLIC_SYNTHETIC_PLANNING_MODEL,base,226000.0000,ALLOCATED_LEGAL_MANAGEMENT_BOOK,2027
CORE_ACCUM,asset,2026-09-09T00:00:00Z,2026-09-09,SHI,CONDITIONAL_FORECAST,2,MANAGEMENT_FORECAST,PUBLIC_SYNTHETIC_PLANNING_MODEL,base,-225922.3874,ALLOCATED_LEGAL_MANAGEMENT_BOOK,2027
CORE_DDA,expense,2026-09-09T00:00:00Z,2026-09-09,SHI,CONDITIONAL_FORECAST,2,MANAGEMENT_FORECAST,PUBLIC_SYNTHETIC_PLANNING_MODEL,base,225922.3874,ALLOCATED_LEGAL_MANAGEMENT_BOOK,2027
CORE_INTEREST,expense,2026-09-09T00:00:00Z,2026-09-09,SHI,CONDITIONAL_FORECAST,2,MANAGEMENT_FORECAST,PUBLIC_SYNTHETIC_PLANNING_MODEL,base,381875.0000,ALLOCATED_LEGAL_MANAGEMENT_BOOK,2027
INV_SHIH,asset,2026-09-09T00:00:00Z,2026-09-09,SHI,CONDITIONAL_FORECAST,2,MANAGEMENT_FORECAST,PUBLIC_SYNTHETIC_PLANNING_MODEL,base,116467149.0000,ALLOCATED_LEGAL_MANAGEMENT_BOOK,2027
LEG_1500,asset,2026-09-09T00:00:00Z,2026-09-09,SHI,CONDITIONAL_FORECAST,2,MANAGEMENT_FORECAST,PUBLIC_SYNTHETIC_PLANNING_MODEL,base,9497024.0000,ALLOCATED_LEGAL_MANAGEMENT_BOOK,2027
LEG_1590,asset,2026-09-09T00:00:00Z,2026-09-09,SHI,CONDITIONAL_FORECAST,2,MANAGEMENT_FORECAST,PUBLIC_SYNTHETIC_PLANNING_MODEL,base,-8283.7333,ALLOCATED_LEGAL_MANAGEMENT_BOOK,2027
LEG_1600,asset,2026-09-09T00:00:00Z,2026-09-09,SHI,CONDITIONAL_FORECAST,2,MANAGEMENT_FORECAST,PUBLIC_SYNTHETIC_PLANNING_MODEL,base,30000000.0000,ALLOCATED_LEGAL_MANAGEMENT_BOOK,2027
LEG_2500,liability,2026-09-09T00:00:00Z,2026-09-09,SHI,CONDITIONAL_FORECAST,2,MANAGEMENT_FORECAST,PUBLIC_SYNTHETIC_PLANNING_MODEL,base,-35100000.0000,ALLOCATED_LEGAL_MANAGEMENT_BOOK,2027
LEG_2510,liability,2026-09-09T00:00:00Z,2026-09-09,SHI,CONDITIONAL_FORECAST,2,MANAGEMENT_FORECAST,PUBLIC_SYNTHETIC_PLANNING_MODEL,base,-2666.6668,ALLOCATED_LEGAL_MANAGEMENT_BOOK,2027
LEG_3000,equity,2026-09-09T00:00:00Z,2026-09-09,SHI,CONDITIONAL_FORECAST,2,MANAGEMENT_FORECAST,PUBLIC_SYNTHETIC_PLANNING_MODEL,base,-38800000.0000,ALLOCATED_LEGAL_MANAGEMENT_BOOK,2027
SHARED_AR,asset,2026-09-09T00:00:00Z,2026-09-09,SHI,CONDITIONAL_FORECAST,2,MANAGEMENT_FORECAST,PUBLIC_SYNTHETIC_PLANNING_MODEL,base,166666.6666,ALLOCATED_LEGAL_MANAGEMENT_BOOK,2027
SHARED_REV,revenue,2026-09-09T00:00:00Z,2026-09-09,SHI,CONDITIONAL_FORECAST,2,MANAGEMENT_FORECAST,PUBLIC_SYNTHETIC_PLANNING_MODEL,base,-166666.6666,ALLOCATED_LEGAL_MANAGEMENT_BOOK,2027
3000,equity,2026-09-09T00:00:00Z,2026-09-09,SHIH,CONDITIONAL_FORECAST,2,MANAGEMENT_FORECAST,PUBLIC_SYNTHETIC_PLANNING_MODEL,base,-116467149.0000,ALLOCATED_LEGAL_MANAGEMENT_BOOK,2027
3100,equity,2026-09-09T00:00:00Z,2026-09-09,SHIH,CONDITIONAL_FORECAST,2,MANAGEMENT_FORECAST,PUBLIC_SYNTHETIC_PLANNING_MODEL,base,900000.0000,ALLOCATED_LEGAL_MANAGEMENT_BOOK,2027
INV_ARU,asset,2026-09-09T00:00:00Z,2026-09-09,SHIH,CONDITIONAL_FORECAST,2,MANAGEMENT_FORECAST,PUBLIC_SYNTHETIC_PLANNING_MODEL,base,56004880.0000,ALLOCATED_LEGAL_MANAGEMENT_BOOK,2027
INV_PS,asset,2026-09-09T00:00:00Z,2026-09-09,SHIH,CONDITIONAL_FORECAST,2,MANAGEMENT_FORECAST,PUBLIC_SYNTHETIC_PLANNING_MODEL,base,59562269.0000,ALLOCATED_LEGAL_MANAGEMENT_BOOK,2027
1000,asset,2026-09-09T00:00:00Z,2026-09-09,ARU,CONDITIONAL_FORECAST,3,MANAGEMENT_FORECAST,PUBLIC_SYNTHETIC_PLANNING_MODEL,base,1629494.0000,ALLOCATED_LEGAL_MANAGEMENT_BOOK,2027
1100,asset,2026-09-09T00:00:00Z,2026-09-09,ARU,CONDITIONAL_FORECAST,3,MANAGEMENT_FORECAST,PUBLIC_SYNTHETIC_PLANNING_MODEL,base,3232397.0000,ALLOCATED_LEGAL_MANAGEMENT_BOOK,2027
1150,asset,2026-09-09T00:00:00Z,2026-09-09,ARU,CONDITIONAL_FORECAST,3,MANAGEMENT_FORECAST,PUBLIC_SYNTHETIC_PLANNING_MODEL,base,-13049.0000,ALLOCATED_LEGAL_MANAGEMENT_BOOK,2027
1180,intercompany,2026-09-09T00:00:00Z,2026-09-09,ARU,CONDITIONAL_FORECAST,3,MANAGEMENT_FORECAST,PUBLIC_SYNTHETIC_PLANNING_MODEL,base,10974590.0000,ALLOCATED_LEGAL_MANAGEMENT_BOOK,2027
1200,asset,2026-09-09T00:00:00Z,2026-09-09,ARU,CONDITIONAL_FORECAST,3,MANAGEMENT_FORECAST,PUBLIC_SYNTHETIC_PLANNING_MODEL,base,1214138.0000,ALLOCATED_LEGAL_MANAGEMENT_BOOK,2027
1300,asset,2026-09-09T00:00:00Z,2026-09-09,ARU,CONDITIONAL_FORECAST,3,MANAGEMENT_FORECAST,PUBLIC_SYNTHETIC_PLANNING_MODEL,base,504700.0000,ALLOCATED_LEGAL_MANAGEMENT_BOOK,2027
1400,asset,2026-09-09T00:00:00Z,2026-09-09,ARU,CONDITIONAL_FORECAST,3,MANAGEMENT_FORECAST,PUBLIC_SYNTHETIC_PLANNING_MODEL,base,28079887.0000,ALLOCATED_LEGAL_MANAGEMENT_BOOK,2027
1490,asset,2026-09-09T00:00:00Z,2026-09-09,ARU,CONDITIONAL_FORECAST,3,MANAGEMENT_FORECAST,PUBLIC_SYNTHETIC_PLANNING_MODEL,base,-1595374.0000,ALLOCATED_LEGAL_MANAGEMENT_BOOK,2027
1500,asset,2026-09-09T00:00:00Z,2026-09-09,ARU,CONDITIONAL_FORECAST,3,MANAGEMENT_FORECAST,PUBLIC_SYNTHETIC_PLANNING_MODEL,base,1000000.0000,ALLOCATED_LEGAL_MANAGEMENT_BOOK,2027
1590,asset,2026-09-09T00:00:00Z,2026-09-09,ARU,CONDITIONAL_FORECAST,3,MANAGEMENT_FORECAST,PUBLIC_SYNTHETIC_PLANNING_MODEL,base,-246714.0000,ALLOCATED_LEGAL_MANAGEMENT_BOOK,2027
1600,asset,2026-09-09T00:00:00Z,2026-09-09,ARU,CONDITIONAL_FORECAST,3,MANAGEMENT_FORECAST,PUBLIC_SYNTHETIC_PLANNING_MODEL,base,14762500.0000,ALLOCATED_LEGAL_MANAGEMENT_BOOK,2027
1700,liability,2026-09-09T00:00:00Z,2026-09-09,ARU,CONDITIONAL_FORECAST,3,MANAGEMENT_FORECAST,PUBLIC_SYNTHETIC_PLANNING_MODEL,base,225968.0000,ALLOCATED_LEGAL_MANAGEMENT_BOOK,2027
1800,asset,2026-09-09T00:00:00Z,2026-09-09,ARU,CONDITIONAL_FORECAST,3,MANAGEMENT_FORECAST,PUBLIC_SYNTHETIC_PLANNING_MODEL,base,137500.0000,ALLOCATED_LEGAL_MANAGEMENT_BOOK,2027
2000,liability,2026-09-09T00:00:00Z,2026-09-09,ARU,CONDITIONAL_FORECAST,3,MANAGEMENT_FORECAST,PUBLIC_SYNTHETIC_PLANNING_MODEL,base,-1009423.0000,ALLOCATED_LEGAL_MANAGEMENT_BOOK,2027
2200,liability,2026-09-09T00:00:00Z,2026-09-09,ARU,CONDITIONAL_FORECAST,3,MANAGEMENT_FORECAST,PUBLIC_SYNTHETIC_PLANNING_MODEL,base,-550000.0000,ALLOCATED_LEGAL_MANAGEMENT_BOOK,2027
2250,liability,2026-09-09T00:00:00Z,2026-09-09,ARU,CONDITIONAL_FORECAST,3,MANAGEMENT_FORECAST,PUBLIC_SYNTHETIC_PLANNING_MODEL,base,-270833.0000,ALLOCATED_LEGAL_MANAGEMENT_BOOK,2027
2400,liability,2026-09-09T00:00:00Z,2026-09-09,ARU,CONDITIONAL_FORECAST,3,MANAGEMENT_FORECAST,PUBLIC_SYNTHETIC_PLANNING_MODEL,base,-21000000.0000,ALLOCATED_LEGAL_MANAGEMENT_BOOK,2027
2600,liability,2026-09-09T00:00:00Z,2026-09-09,ARU,CONDITIONAL_FORECAST,3,MANAGEMENT_FORECAST,PUBLIC_SYNTHETIC_PLANNING_MODEL,base,-753287.0000,ALLOCATED_LEGAL_MANAGEMENT_BOOK,2027
3000,equity,2026-09-09T00:00:00Z,2026-09-09,ARU,CONDITIONAL_FORECAST,3,MANAGEMENT_FORECAST,PUBLIC_SYNTHETIC_PLANNING_MODEL,base,-56004880.0000,ALLOCATED_LEGAL_MANAGEMENT_BOOK,2027
3100,equity,2026-09-09T00:00:00Z,2026-09-09,ARU,CONDITIONAL_FORECAST,3,MANAGEMENT_FORECAST,PUBLIC_SYNTHETIC_PLANNING_MODEL,base,-3617621.0000,ALLOCATED_LEGAL_MANAGEMENT_BOOK,2027
4000,revenue,2026-09-09T00:00:00Z,2026-09-09,ARU,CONDITIONAL_FORECAST,3,MANAGEMENT_FORECAST,PUBLIC_SYNTHETIC_PLANNING_MODEL,base,-6157331.0000,ALLOCATED_LEGAL_MANAGEMENT_BOOK,2027
4100,revenue,2026-09-09T00:00:00Z,2026-09-09,ARU,CONDITIONAL_FORECAST,3,MANAGEMENT_FORECAST,PUBLIC_SYNTHETIC_PLANNING_MODEL,base,-76837.0000,ALLOCATED_LEGAL_MANAGEMENT_BOOK,2027
5000,expense,2026-09-09T00:00:00Z,2026-09-09,ARU,CONDITIONAL_FORECAST,3,MANAGEMENT_FORECAST,PUBLIC_SYNTHETIC_PLANNING_MODEL,base,1893255.0000,ALLOCATED_LEGAL_MANAGEMENT_BOOK,2027
5100,expense,2026-09-09T00:00:00Z,2026-09-09,ARU,CONDITIONAL_FORECAST,3,MANAGEMENT_FORECAST,PUBLIC_SYNTHETIC_PLANNING_MODEL,base,3004732.0000,ALLOCATED_LEGAL_MANAGEMENT_BOOK,2027
5200,expense,2026-09-09T00:00:00Z,2026-09-09,ARU,CONDITIONAL_FORECAST,3,MANAGEMENT_FORECAST,PUBLIC_SYNTHETIC_PLANNING_MODEL,base,58857.0000,ALLOCATED_LEGAL_MANAGEMENT_BOOK,2027
5300,expense,2026-09-09T00:00:00Z,2026-09-09,ARU,CONDITIONAL_FORECAST,3,MANAGEMENT_FORECAST,PUBLIC_SYNTHETIC_PLANNING_MODEL,base,443783.0000,ALLOCATED_LEGAL_MANAGEMENT_BOOK,2027
5400,expense,2026-09-09T00:00:00Z,2026-09-09,ARU,CONDITIONAL_FORECAST,3,MANAGEMENT_FORECAST,PUBLIC_SYNTHETIC_PLANNING_MODEL,base,362478.0000,ALLOCATED_LEGAL_MANAGEMENT_BOOK,2027
5501,expense,2026-09-09T00:00:00Z,2026-09-09,ARU,CONDITIONAL_FORECAST,3,MANAGEMENT_FORECAST,PUBLIC_SYNTHETIC_PLANNING_MODEL,base,54166.0000,ALLOCATED_LEGAL_MANAGEMENT_BOOK,2027
5700,expense,2026-09-09T00:00:00Z,2026-09-09,ARU,CONDITIONAL_FORECAST,3,MANAGEMENT_FORECAST,PUBLIC_SYNTHETIC_PLANNING_MODEL,base,6904.0000,ALLOCATED_LEGAL_MANAGEMENT_BOOK,2027
INV_BST,asset,2026-09-09T00:00:00Z,2026-09-09,ARU,CONDITIONAL_FORECAST,3,MANAGEMENT_FORECAST,PUBLIC_SYNTHETIC_PLANNING_MODEL,base,23710000.0000,ALLOCATED_LEGAL_MANAGEMENT_BOOK,2027
SHARED_AP,liability,2026-09-09T00:00:00Z,2026-09-09,ARU,CONDITIONAL_FORECAST,3,MANAGEMENT_FORECAST,PUBLIC_SYNTHETIC_PLANNING_MODEL,base,-150000.0000,ALLOCATED_LEGAL_MANAGEMENT_BOOK,2027
SHARED_EXP,expense,2026-09-09T00:00:00Z,2026-09-09,ARU,CONDITIONAL_FORECAST,3,MANAGEMENT_FORECAST,PUBLIC_SYNTHETIC_PLANNING_MODEL,base,150000.0000,ALLOCATED_LEGAL_MANAGEMENT_BOOK,2027
1000,asset,2026-09-09T00:00:00Z,2026-09-09,BST,CONDITIONAL_FORECAST,3,MANAGEMENT_FORECAST,PUBLIC_SYNTHETIC_PLANNING_MODEL,base,698354.0000,ALLOCATED_LEGAL_MANAGEMENT_BOOK,2027
1100,asset,2026-09-09T00:00:00Z,2026-09-09,BST,CONDITIONAL_FORECAST,3,MANAGEMENT_FORECAST,PUBLIC_SYNTHETIC_PLANNING_MODEL,base,1898392.0000,ALLOCATED_LEGAL_MANAGEMENT_BOOK,2027
1150,asset,2026-09-09T00:00:00Z,2026-09-09,BST,CONDITIONAL_FORECAST,3,MANAGEMENT_FORECAST,PUBLIC_SYNTHETIC_PLANNING_MODEL,base,55328.0000,ALLOCATED_LEGAL_MANAGEMENT_BOOK,2027
1180,intercompany,2026-09-09T00:00:00Z,2026-09-09,BST,CONDITIONAL_FORECAST,3,MANAGEMENT_FORECAST,PUBLIC_SYNTHETIC_PLANNING_MODEL,base,-10974590.0000,ALLOCATED_LEGAL_MANAGEMENT_BOOK,2027
1200,asset,2026-09-09T00:00:00Z,2026-09-09,BST,CONDITIONAL_FORECAST,3,MANAGEMENT_FORECAST,PUBLIC_SYNTHETIC_PLANNING_MODEL,base,653767.0000,ALLOCATED_LEGAL_MANAGEMENT_BOOK,2027
1300,asset,2026-09-09T00:00:00Z,2026-09-09,BST,CONDITIONAL_FORECAST,3,MANAGEMENT_FORECAST,PUBLIC_SYNTHETIC_PLANNING_MODEL,base,216300.0000,ALLOCATED_LEGAL_MANAGEMENT_BOOK,2027
1400,asset,2026-09-09T00:00:00Z,2026-09-09,BST,CONDITIONAL_FORECAST,3,MANAGEMENT_FORECAST,PUBLIC_SYNTHETIC_PLANNING_MODEL,base,34319863.0000,ALLOCATED_LEGAL_MANAGEMENT_BOOK,2027
1490,asset,2026-09-09T00:00:00Z,2026-09-09,BST,CONDITIONAL_FORECAST,3,MANAGEMENT_FORECAST,PUBLIC_SYNTHETIC_PLANNING_MODEL,base,-1949901.0000,ALLOCATED_LEGAL_MANAGEMENT_BOOK,2027
1500,asset,2026-09-09T00:00:00Z,2026-09-09,BST,CONDITIONAL_FORECAST,3,MANAGEMENT_FORECAST,PUBLIC_SYNTHETIC_PLANNING_MODEL,base,1500000.0000,ALLOCATED_LEGAL_MANAGEMENT_BOOK,2027
1590,asset,2026-09-09T00:00:00Z,2026-09-09,BST,CONDITIONAL_FORECAST,3,MANAGEMENT_FORECAST,PUBLIC_SYNTHETIC_PLANNING_MODEL,base,-370070.0000,ALLOCATED_LEGAL_MANAGEMENT_BOOK,2027
1800,asset,2026-09-09T00:00:00Z,2026-09-09,BST,CONDITIONAL_FORECAST,3,MANAGEMENT_FORECAST,PUBLIC_SYNTHETIC_PLANNING_MODEL,base,450000.0000,ALLOCATED_LEGAL_MANAGEMENT_BOOK,2027
2000,liability,2026-09-09T00:00:00Z,2026-09-09,BST,CONDITIONAL_FORECAST,3,MANAGEMENT_FORECAST,PUBLIC_SYNTHETIC_PLANNING_MODEL,base,-672949.0000,ALLOCATED_LEGAL_MANAGEMENT_BOOK,2027
2200,liability,2026-09-09T00:00:00Z,2026-09-09,BST,CONDITIONAL_FORECAST,3,MANAGEMENT_FORECAST,PUBLIC_SYNTHETIC_PLANNING_MODEL,base,-1200000.0000,ALLOCATED_LEGAL_MANAGEMENT_BOOK,2027
2300,liability,2026-09-09T00:00:00Z,2026-09-09,BST,CONDITIONAL_FORECAST,3,MANAGEMENT_FORECAST,PUBLIC_SYNTHETIC_PLANNING_MODEL,base,-600000.0000,ALLOCATED_LEGAL_MANAGEMENT_BOOK,2027
2600,liability,2026-09-09T00:00:00Z,2026-09-09,BST,CONDITIONAL_FORECAST,3,MANAGEMENT_FORECAST,PUBLIC_SYNTHETIC_PLANNING_MODEL,base,-1129931.0000,ALLOCATED_LEGAL_MANAGEMENT_BOOK,2027
3000,equity,2026-09-09T00:00:00Z,2026-09-09,BST,CONDITIONAL_FORECAST,3,MANAGEMENT_FORECAST,PUBLIC_SYNTHETIC_PLANNING_MODEL,base,-23710000.0000,ALLOCATED_LEGAL_MANAGEMENT_BOOK,2027
3100,equity,2026-09-09T00:00:00Z,2026-09-09,BST,CONDITIONAL_FORECAST,3,MANAGEMENT_FORECAST,PUBLIC_SYNTHETIC_PLANNING_MODEL,base,526394.0000,ALLOCATED_LEGAL_MANAGEMENT_BOOK,2027
4000,revenue,2026-09-09T00:00:00Z,2026-09-09,BST,CONDITIONAL_FORECAST,3,MANAGEMENT_FORECAST,PUBLIC_SYNTHETIC_PLANNING_MODEL,base,-3680663.0000,ALLOCATED_LEGAL_MANAGEMENT_BOOK,2027
4100,revenue,2026-09-09T00:00:00Z,2026-09-09,BST,CONDITIONAL_FORECAST,3,MANAGEMENT_FORECAST,PUBLIC_SYNTHETIC_PLANNING_MODEL,base,-39168.0000,ALLOCATED_LEGAL_MANAGEMENT_BOOK,2027
5000,expense,2026-09-09T00:00:00Z,2026-09-09,BST,CONDITIONAL_FORECAST,3,MANAGEMENT_FORECAST,PUBLIC_SYNTHETIC_PLANNING_MODEL,base,1548462.0000,ALLOCATED_LEGAL_MANAGEMENT_BOOK,2027
5100,expense,2026-09-09T00:00:00Z,2026-09-09,BST,CONDITIONAL_FORECAST,3,MANAGEMENT_FORECAST,PUBLIC_SYNTHETIC_PLANNING_MODEL,base,1864995.0000,ALLOCATED_LEGAL_MANAGEMENT_BOOK,2027
5200,expense,2026-09-09T00:00:00Z,2026-09-09,BST,CONDITIONAL_FORECAST,3,MANAGEMENT_FORECAST,PUBLIC_SYNTHETIC_PLANNING_MODEL,base,20180.0000,ALLOCATED_LEGAL_MANAGEMENT_BOOK,2027
5300,expense,2026-09-09T00:00:00Z,2026-09-09,BST,CONDITIONAL_FORECAST,3,MANAGEMENT_FORECAST,PUBLIC_SYNTHETIC_PLANNING_MODEL,base,542402.0000,ALLOCATED_LEGAL_MANAGEMENT_BOOK,2027
5400,expense,2026-09-09T00:00:00Z,2026-09-09,BST,CONDITIONAL_FORECAST,3,MANAGEMENT_FORECAST,PUBLIC_SYNTHETIC_PLANNING_MODEL,base,31520.0000,ALLOCATED_LEGAL_MANAGEMENT_BOOK,2027
5700,expense,2026-09-09T00:00:00Z,2026-09-09,BST,CONDITIONAL_FORECAST,3,MANAGEMENT_FORECAST,PUBLIC_SYNTHETIC_PLANNING_MODEL,base,1315.0000,ALLOCATED_LEGAL_MANAGEMENT_BOOK,2027
1150,asset,2026-09-09T00:00:00Z,2026-09-09,ELIM,CONDITIONAL_FORECAST,3,MANAGEMENT_FORECAST,PUBLIC_SYNTHETIC_PLANNING_MODEL,base,-42279.0000,CONSOLIDATION_ELIMINATION_BOOK,2027
2150,liability,2026-09-09T00:00:00Z,2026-09-09,ELIM,CONDITIONAL_FORECAST,3,MANAGEMENT_FORECAST,PUBLIC_SYNTHETIC_PLANNING_MODEL,base,42279.0000,CONSOLIDATION_ELIMINATION_BOOK,2027
3000,equity,2026-09-09T00:00:00Z,2026-09-09,ELIM,CONDITIONAL_FORECAST,3,MANAGEMENT_FORECAST,PUBLIC_SYNTHETIC_PLANNING_MODEL,base,317466354.0000,CONSOLIDATION_ELIMINATION_BOOK,2027
4100,revenue,2026-09-09T00:00:00Z,2026-09-09,ELIM,CONDITIONAL_FORECAST,3,MANAGEMENT_FORECAST,PUBLIC_SYNTHETIC_PLANNING_MODEL,base,502254.4643,CONSOLIDATION_ELIMINATION_BOOK,2027
5150,expense,2026-09-09T00:00:00Z,2026-09-09,ELIM,CONDITIONAL_FORECAST,3,MANAGEMENT_FORECAST,PUBLIC_SYNTHETIC_PLANNING_MODEL,base,-502254.4643,CONSOLIDATION_ELIMINATION_BOOK,2027
INV_ARU,asset,2026-09-09T00:00:00Z,2026-09-09,ELIM,CONDITIONAL_FORECAST,3,MANAGEMENT_FORECAST,PUBLIC_SYNTHETIC_PLANNING_MODEL,base,-56004880.0000,CONSOLIDATION_ELIMINATION_BOOK,2027
INV_BST,asset,2026-09-09T00:00:00Z,2026-09-09,ELIM,CONDITIONAL_FORECAST,3,MANAGEMENT_FORECAST,PUBLIC_SYNTHETIC_PLANNING_MODEL,base,-23710000.0000,CONSOLIDATION_ELIMINATION_BOOK,2027
INV_PS,asset,2026-09-09T00:00:00Z,2026-09-09,ELIM,CONDITIONAL_FORECAST,3,MANAGEMENT_FORECAST,PUBLIC_SYNTHETIC_PLANNING_MODEL,base,-60282198.0000,CONSOLIDATION_ELIMINATION_BOOK,2027
INV_RWH,asset,2026-09-09T00:00:00Z,2026-09-09,ELIM,CONDITIONAL_FORECAST,3,MANAGEMENT_FORECAST,PUBLIC_SYNTHETIC_PLANNING_MODEL,base,-60282198.0000,CONSOLIDATION_ELIMINATION_BOOK,2027
INV_SHIH,asset,2026-09-09T00:00:00Z,2026-09-09,ELIM,CONDITIONAL_FORECAST,3,MANAGEMENT_FORECAST,PUBLIC_SYNTHETIC_PLANNING_MODEL,base,-117187078.0000,CONSOLIDATION_ELIMINATION_BOOK,2027
SHARED_AP,liability,2026-09-09T00:00:00Z,2026-09-09,ELIM,CONDITIONAL_FORECAST,3,MANAGEMENT_FORECAST,PUBLIC_SYNTHETIC_PLANNING_MODEL,base,249999.9999,CONSOLIDATION_ELIMINATION_BOOK,2027
SHARED_AR,asset,2026-09-09T00:00:00Z,2026-09-09,ELIM,CONDITIONAL_FORECAST,3,MANAGEMENT_FORECAST,PUBLIC_SYNTHETIC_PLANNING_MODEL,base,-249999.9999,CONSOLIDATION_ELIMINATION_BOOK,2027
SHARED_EXP,expense,2026-09-09T00:00:00Z,2026-09-09,ELIM,CONDITIONAL_FORECAST,3,MANAGEMENT_FORECAST,PUBLIC_SYNTHETIC_PLANNING_MODEL,base,-249999.9999,CONSOLIDATION_ELIMINATION_BOOK,2027
SHARED_REV,revenue,2026-09-09T00:00:00Z,2026-09-09,ELIM,CONDITIONAL_FORECAST,3,MANAGEMENT_FORECAST,PUBLIC_SYNTHETIC_PLANNING_MODEL,base,249999.9999,CONSOLIDATION_ELIMINATION_BOOK,2027
3000,equity,2026-09-09T00:00:00Z,2026-09-09,PS,CONDITIONAL_FORECAST,3,MANAGEMENT_FORECAST,PUBLIC_SYNTHETIC_PLANNING_MODEL,base,-60282198.0000,ALLOCATED_LEGAL_MANAGEMENT_BOOK,2027
4100,revenue,2026-09-09T00:00:00Z,2026-09-09,PS,CONDITIONAL_FORECAST,3,MANAGEMENT_FORECAST,PUBLIC_SYNTHETIC_PLANNING_MODEL,base,-386249.4643,ALLOCATED_LEGAL_MANAGEMENT_BOOK,2027
5100,expense,2026-09-09T00:00:00Z,2026-09-09,PS,CONDITIONAL_FORECAST,3,MANAGEMENT_FORECAST,PUBLIC_SYNTHETIC_PLANNING_MODEL,base,386249.4643,ALLOCATED_LEGAL_MANAGEMENT_BOOK,2027
INV_RWH,asset,2026-09-09T00:00:00Z,2026-09-09,PS,CONDITIONAL_FORECAST,3,MANAGEMENT_FORECAST,PUBLIC_SYNTHETIC_PLANNING_MODEL,base,60282198.0000,ALLOCATED_LEGAL_MANAGEMENT_BOOK,2027
SHARED_AP,liability,2026-09-09T00:00:00Z,2026-09-09,PS,CONDITIONAL_FORECAST,3,MANAGEMENT_FORECAST,PUBLIC_SYNTHETIC_PLANNING_MODEL,base,-99999.9999,ALLOCATED_LEGAL_MANAGEMENT_BOOK,2027
SHARED_EXP,expense,2026-09-09T00:00:00Z,2026-09-09,PS,CONDITIONAL_FORECAST,3,MANAGEMENT_FORECAST,PUBLIC_SYNTHETIC_PLANNING_MODEL,base,99999.9999,ALLOCATED_LEGAL_MANAGEMENT_BOOK,2027
1000,asset,2026-09-09T00:00:00Z,2026-09-09,RWH,CONDITIONAL_FORECAST,3,MANAGEMENT_FORECAST,PUBLIC_SYNTHETIC_PLANNING_MODEL,base,2000000.0000,ALLOCATED_LEGAL_MANAGEMENT_BOOK,2027
1100,asset,2026-09-09T00:00:00Z,2026-09-09,RWH,CONDITIONAL_FORECAST,3,MANAGEMENT_FORECAST,PUBLIC_SYNTHETIC_PLANNING_MODEL,base,4877509.0000,ALLOCATED_LEGAL_MANAGEMENT_BOOK,2027
1200,asset,2026-09-09T00:00:00Z,2026-09-09,RWH,CONDITIONAL_FORECAST,3,MANAGEMENT_FORECAST,PUBLIC_SYNTHETIC_PLANNING_MODEL,base,9471151.0000,ALLOCATED_LEGAL_MANAGEMENT_BOOK,2027
1210,asset,2026-09-09T00:00:00Z,2026-09-09,RWH,CONDITIONAL_FORECAST,3,MANAGEMENT_FORECAST,PUBLIC_SYNTHETIC_PLANNING_MODEL,base,1178225.0000,ALLOCATED_LEGAL_MANAGEMENT_BOOK,2027
1300,asset,2026-09-09T00:00:00Z,2026-09-09,RWH,CONDITIONAL_FORECAST,3,MANAGEMENT_FORECAST,PUBLIC_SYNTHETIC_PLANNING_MODEL,base,500000.0000,ALLOCATED_LEGAL_MANAGEMENT_BOOK,2027
1400,asset,2026-09-09T00:00:00Z,2026-09-09,RWH,CONDITIONAL_FORECAST,3,MANAGEMENT_FORECAST,PUBLIC_SYNTHETIC_PLANNING_MODEL,base,64029999.0000,ALLOCATED_LEGAL_MANAGEMENT_BOOK,2027
1490,asset,2026-09-09T00:00:00Z,2026-09-09,RWH,CONDITIONAL_FORECAST,3,MANAGEMENT_FORECAST,PUBLIC_SYNTHETIC_PLANNING_MODEL,base,-4516965.0000,ALLOCATED_LEGAL_MANAGEMENT_BOOK,2027
2150,liability,2026-09-09T00:00:00Z,2026-09-09,RWH,CONDITIONAL_FORECAST,3,MANAGEMENT_FORECAST,PUBLIC_SYNTHETIC_PLANNING_MODEL,base,-42279.0000,ALLOCATED_LEGAL_MANAGEMENT_BOOK,2027
2200,liability,2026-09-09T00:00:00Z,2026-09-09,RWH,CONDITIONAL_FORECAST,3,MANAGEMENT_FORECAST,PUBLIC_SYNTHETIC_PLANNING_MODEL,base,-17556101.0000,ALLOCATED_LEGAL_MANAGEMENT_BOOK,2027
2300,liability,2026-09-09T00:00:00Z,2026-09-09,RWH,CONDITIONAL_FORECAST,3,MANAGEMENT_FORECAST,PUBLIC_SYNTHETIC_PLANNING_MODEL,base,-2500000.0000,ALLOCATED_LEGAL_MANAGEMENT_BOOK,2027
3000,equity,2026-09-09T00:00:00Z,2026-09-09,RWH,CONDITIONAL_FORECAST,3,MANAGEMENT_FORECAST,PUBLIC_SYNTHETIC_PLANNING_MODEL,base,-60282198.0000,ALLOCATED_LEGAL_MANAGEMENT_BOOK,2027
3100,equity,2026-09-09T00:00:00Z,2026-09-09,RWH,CONDITIONAL_FORECAST,3,MANAGEMENT_FORECAST,PUBLIC_SYNTHETIC_PLANNING_MODEL,base,2869375.0000,ALLOCATED_LEGAL_MANAGEMENT_BOOK,2027
4000,revenue,2026-09-09T00:00:00Z,2026-09-09,RWH,CONDITIONAL_FORECAST,3,MANAGEMENT_FORECAST,PUBLIC_SYNTHETIC_PLANNING_MODEL,base,-9330888.0000,ALLOCATED_LEGAL_MANAGEMENT_BOOK,2027
5100,expense,2026-09-09T00:00:00Z,2026-09-09,RWH,CONDITIONAL_FORECAST,3,MANAGEMENT_FORECAST,PUBLIC_SYNTHETIC_PLANNING_MODEL,base,7628292.5357,ALLOCATED_LEGAL_MANAGEMENT_BOOK,2027
5150,expense,2026-09-09T00:00:00Z,2026-09-09,RWH,CONDITIONAL_FORECAST,3,MANAGEMENT_FORECAST,PUBLIC_SYNTHETIC_PLANNING_MODEL,base,502254.4643,ALLOCATED_LEGAL_MANAGEMENT_BOOK,2027
5200,expense,2026-09-09T00:00:00Z,2026-09-09,RWH,CONDITIONAL_FORECAST,3,MANAGEMENT_FORECAST,PUBLIC_SYNTHETIC_PLANNING_MODEL,base,59945.0000,ALLOCATED_LEGAL_MANAGEMENT_BOOK,2027
5300,expense,2026-09-09T00:00:00Z,2026-09-09,RWH,CONDITIONAL_FORECAST,3,MANAGEMENT_FORECAST,PUBLIC_SYNTHETIC_PLANNING_MODEL,base,831144.0000,ALLOCATED_LEGAL_MANAGEMENT_BOOK,2027
5500,expense,2026-09-09T00:00:00Z,2026-09-09,RWH,CONDITIONAL_FORECAST,3,MANAGEMENT_FORECAST,PUBLIC_SYNTHETIC_PLANNING_MODEL,base,6303.0000,ALLOCATED_LEGAL_MANAGEMENT_BOOK,2027
5600,expense,2026-09-09T00:00:00Z,2026-09-09,RWH,CONDITIONAL_FORECAST,3,MANAGEMENT_FORECAST,PUBLIC_SYNTHETIC_PLANNING_MODEL,base,274233.0000,ALLOCATED_LEGAL_MANAGEMENT_BOOK,2027
1000,asset,2026-09-09T00:00:00Z,2026-09-09,SHI,CONDITIONAL_FORECAST,3,MANAGEMENT_FORECAST,PUBLIC_SYNTHETIC_PLANNING_MODEL,base,43210645.5385,ALLOCATED_LEGAL_MANAGEMENT_BOOK,2027
3000,equity,2026-09-09T00:00:00Z,2026-09-09,SHI,CONDITIONAL_FORECAST,3,MANAGEMENT_FORECAST,PUBLIC_SYNTHETIC_PLANNING_MODEL,base,-129321193.2574,ALLOCATED_LEGAL_MANAGEMENT_BOOK,2027
3100,equity,2026-09-09T00:00:00Z,2026-09-09,SHI,CONDITIONAL_FORECAST,3,MANAGEMENT_FORECAST,PUBLIC_SYNTHETIC_PLANNING_MODEL,base,37702666.6668,ALLOCATED_LEGAL_MANAGEMENT_BOOK,2027
BIZ_ACCUM,asset,2026-09-09T00:00:00Z,2026-09-09,SHI,CONDITIONAL_FORECAST,3,MANAGEMENT_FORECAST,PUBLIC_SYNTHETIC_PLANNING_MODEL,base,-29404.7618,ALLOCATED_LEGAL_MANAGEMENT_BOOK,2027
BIZ_ALLOWANCE,asset,2026-09-09T00:00:00Z,2026-09-09,SHI,CONDITIONAL_FORECAST,3,MANAGEMENT_FORECAST,PUBLIC_SYNTHETIC_PLANNING_MODEL,base,-1798586.2944,ALLOCATED_LEGAL_MANAGEMENT_BOOK,2027
BIZ_AP,liability,2026-09-09T00:00:00Z,2026-09-09,SHI,CONDITIONAL_FORECAST,3,MANAGEMENT_FORECAST,PUBLIC_SYNTHETIC_PLANNING_MODEL,base,-302724.8000,ALLOCATED_LEGAL_MANAGEMENT_BOOK,2027
BIZ_AR,asset,2026-09-09T00:00:00Z,2026-09-09,SHI,CONDITIONAL_FORECAST,3,MANAGEMENT_FORECAST,PUBLIC_SYNTHETIC_PLANNING_MODEL,base,4471314.7200,ALLOCATED_LEGAL_MANAGEMENT_BOOK,2027
BIZ_COGS,expense,2026-09-09T00:00:00Z,2026-09-09,SHI,CONDITIONAL_FORECAST,3,MANAGEMENT_FORECAST,PUBLIC_SYNTHETIC_PLANNING_MODEL,base,79660.0002,ALLOCATED_LEGAL_MANAGEMENT_BOOK,2027
BIZ_CREDIT_LOSS,expense,2026-09-09T00:00:00Z,2026-09-09,SHI,CONDITIONAL_FORECAST,3,MANAGEMENT_FORECAST,PUBLIC_SYNTHETIC_PLANNING_MODEL,base,1798586.2944,ALLOCATED_LEGAL_MANAGEMENT_BOOK,2027
BIZ_DDA,expense,2026-09-09T00:00:00Z,2026-09-09,SHI,CONDITIONAL_FORECAST,3,MANAGEMENT_FORECAST,PUBLIC_SYNTHETIC_PLANNING_MODEL,base,29404.7618,ALLOCATED_LEGAL_MANAGEMENT_BOOK,2027
BIZ_DEFERRED,liability,2026-09-09T00:00:00Z,2026-09-09,SHI,CONDITIONAL_FORECAST,3,MANAGEMENT_FORECAST,PUBLIC_SYNTHETIC_PLANNING_MODEL,base,-44715800.0000,ALLOCATED_LEGAL_MANAGEMENT_BOOK,2027
BIZ_DELIVERY,expense,2026-09-09T00:00:00Z,2026-09-09,SHI,CONDITIONAL_FORECAST,3,MANAGEMENT_FORECAST,PUBLIC_SYNTHETIC_PLANNING_MODEL,base,338749.6000,ALLOCATED_LEGAL_MANAGEMENT_BOOK,2027
BIZ_HOST_AP,liability,2026-09-09T00:00:00Z,2026-09-09,SHI,CONDITIONAL_FORECAST,3,MANAGEMENT_FORECAST,PUBLIC_SYNTHETIC_PLANNING_MODEL,base,-39904.1280,ALLOCATED_LEGAL_MANAGEMENT_BOOK,2027
BIZ_HOST_SHARE,expense,2026-09-09T00:00:00Z,2026-09-09,SHI,CONDITIONAL_FORECAST,3,MANAGEMENT_FORECAST,PUBLIC_SYNTHETIC_PLANNING_MODEL,base,39904.1280,ALLOCATED_LEGAL_MANAGEMENT_BOOK,2027
BIZ_INVENTORY,asset,2026-09-09T00:00:00Z,2026-09-09,SHI,CONDITIONAL_FORECAST,3,MANAGEMENT_FORECAST,PUBLIC_SYNTHETIC_PLANNING_MODEL,base,39830.0001,ALLOCATED_LEGAL_MANAGEMENT_BOOK,2027
BIZ_PAYROLL,expense,2026-09-09T00:00:00Z,2026-09-09,SHI,CONDITIONAL_FORECAST,3,MANAGEMENT_FORECAST,PUBLIC_SYNTHETIC_PLANNING_MODEL,base,18488749.9719,ALLOCATED_LEGAL_MANAGEMENT_BOOK,2027
BIZ_PPE,asset,2026-09-09T00:00:00Z,2026-09-09,SHI,CONDITIONAL_FORECAST,3,MANAGEMENT_FORECAST,PUBLIC_SYNTHETIC_PLANNING_MODEL,base,1390000.0000,ALLOCATED_LEGAL_MANAGEMENT_BOOK,2027
BIZ_PROCESSING,expense,2026-09-09T00:00:00Z,2026-09-09,SHI,CONDITIONAL_FORECAST,3,MANAGEMENT_FORECAST,PUBLIC_SYNTHETIC_PLANNING_MODEL,base,41625.0000,ALLOCATED_LEGAL_MANAGEMENT_BOOK,2027
BIZ_RESEARCH,expense,2026-09-09T00:00:00Z,2026-09-09,SHI,CONDITIONAL_FORECAST,3,MANAGEMENT_FORECAST,PUBLIC_SYNTHETIC_PLANNING_MODEL,base,132600.0000,ALLOCATED_LEGAL_MANAGEMENT_BOOK,2027
BIZ_REVENUE,revenue,2026-09-09T00:00:00Z,2026-09-09,SHI,CONDITIONAL_FORECAST,3,MANAGEMENT_FORECAST,PUBLIC_SYNTHETIC_PLANNING_MODEL,base,-15340275.0400,ALLOCATED_LEGAL_MANAGEMENT_BOOK,2027
BIZ_SUPPORT,expense,2026-09-09T00:00:00Z,2026-09-09,SHI,CONDITIONAL_FORECAST,3,MANAGEMENT_FORECAST,PUBLIC_SYNTHETIC_PLANNING_MODEL,base,339000.0000,ALLOCATED_LEGAL_MANAGEMENT_BOOK,2027
CORE_ACCUM,asset,2026-09-09T00:00:00Z,2026-09-09,SHI,CONDITIONAL_FORECAST,3,MANAGEMENT_FORECAST,PUBLIC_SYNTHETIC_PLANNING_MODEL,base,-338883.5811,ALLOCATED_LEGAL_MANAGEMENT_BOOK,2027
CORE_DDA,expense,2026-09-09T00:00:00Z,2026-09-09,SHI,CONDITIONAL_FORECAST,3,MANAGEMENT_FORECAST,PUBLIC_SYNTHETIC_PLANNING_MODEL,base,338883.5811,ALLOCATED_LEGAL_MANAGEMENT_BOOK,2027
CORE_INTEREST,expense,2026-09-09T00:00:00Z,2026-09-09,SHI,CONDITIONAL_FORECAST,3,MANAGEMENT_FORECAST,PUBLIC_SYNTHETIC_PLANNING_MODEL,base,572000.0000,ALLOCATED_LEGAL_MANAGEMENT_BOOK,2027
INV_SHIH,asset,2026-09-09T00:00:00Z,2026-09-09,SHI,CONDITIONAL_FORECAST,3,MANAGEMENT_FORECAST,PUBLIC_SYNTHETIC_PLANNING_MODEL,base,117187078.0000,ALLOCATED_LEGAL_MANAGEMENT_BOOK,2027
LEG_1500,asset,2026-09-09T00:00:00Z,2026-09-09,SHI,CONDITIONAL_FORECAST,3,MANAGEMENT_FORECAST,PUBLIC_SYNTHETIC_PLANNING_MODEL,base,9497024.0000,ALLOCATED_LEGAL_MANAGEMENT_BOOK,2027
LEG_1590,asset,2026-09-09T00:00:00Z,2026-09-09,SHI,CONDITIONAL_FORECAST,3,MANAGEMENT_FORECAST,PUBLIC_SYNTHETIC_PLANNING_MODEL,base,-8283.7333,ALLOCATED_LEGAL_MANAGEMENT_BOOK,2027
LEG_1600,asset,2026-09-09T00:00:00Z,2026-09-09,SHI,CONDITIONAL_FORECAST,3,MANAGEMENT_FORECAST,PUBLIC_SYNTHETIC_PLANNING_MODEL,base,30000000.0000,ALLOCATED_LEGAL_MANAGEMENT_BOOK,2027
LEG_2500,liability,2026-09-09T00:00:00Z,2026-09-09,SHI,CONDITIONAL_FORECAST,3,MANAGEMENT_FORECAST,PUBLIC_SYNTHETIC_PLANNING_MODEL,base,-35000000.0000,ALLOCATED_LEGAL_MANAGEMENT_BOOK,2027
LEG_2510,liability,2026-09-09T00:00:00Z,2026-09-09,SHI,CONDITIONAL_FORECAST,3,MANAGEMENT_FORECAST,PUBLIC_SYNTHETIC_PLANNING_MODEL,base,-2666.6668,ALLOCATED_LEGAL_MANAGEMENT_BOOK,2027
LEG_3000,equity,2026-09-09T00:00:00Z,2026-09-09,SHI,CONDITIONAL_FORECAST,3,MANAGEMENT_FORECAST,PUBLIC_SYNTHETIC_PLANNING_MODEL,base,-38800000.0000,ALLOCATED_LEGAL_MANAGEMENT_BOOK,2027
SHARED_AR,asset,2026-09-09T00:00:00Z,2026-09-09,SHI,CONDITIONAL_FORECAST,3,MANAGEMENT_FORECAST,PUBLIC_SYNTHETIC_PLANNING_MODEL,base,249999.9999,ALLOCATED_LEGAL_MANAGEMENT_BOOK,2027
SHARED_REV,revenue,2026-09-09T00:00:00Z,2026-09-09,SHI,CONDITIONAL_FORECAST,3,MANAGEMENT_FORECAST,PUBLIC_SYNTHETIC_PLANNING_MODEL,base,-249999.9999,ALLOCATED_LEGAL_MANAGEMENT_BOOK,2027
3000,equity,2026-09-09T00:00:00Z,2026-09-09,SHIH,CONDITIONAL_FORECAST,3,MANAGEMENT_FORECAST,PUBLIC_SYNTHETIC_PLANNING_MODEL,base,-117187078.0000,ALLOCATED_LEGAL_MANAGEMENT_BOOK,2027
3100,equity,2026-09-09T00:00:00Z,2026-09-09,SHIH,CONDITIONAL_FORECAST,3,MANAGEMENT_FORECAST,PUBLIC_SYNTHETIC_PLANNING_MODEL,base,900000.0000,ALLOCATED_LEGAL_MANAGEMENT_BOOK,2027
INV_ARU,asset,2026-09-09T00:00:00Z,2026-09-09,SHIH,CONDITIONAL_FORECAST,3,MANAGEMENT_FORECAST,PUBLIC_SYNTHETIC_PLANNING_MODEL,base,56004880.0000,ALLOCATED_LEGAL_MANAGEMENT_BOOK,2027
INV_PS,asset,2026-09-09T00:00:00Z,2026-09-09,SHIH,CONDITIONAL_FORECAST,3,MANAGEMENT_FORECAST,PUBLIC_SYNTHETIC_PLANNING_MODEL,base,60282198.0000,ALLOCATED_LEGAL_MANAGEMENT_BOOK,2027
1000,asset,2026-09-09T00:00:00Z,2026-09-09,ARU,CONDITIONAL_FORECAST,4,MANAGEMENT_FORECAST,PUBLIC_SYNTHETIC_PLANNING_MODEL,base,1424776.0000,ALLOCATED_LEGAL_MANAGEMENT_BOOK,2027
1100,asset,2026-09-09T00:00:00Z,2026-09-09,ARU,CONDITIONAL_FORECAST,4,MANAGEMENT_FORECAST,PUBLIC_SYNTHETIC_PLANNING_MODEL,base,3365831.0000,ALLOCATED_LEGAL_MANAGEMENT_BOOK,2027
1150,asset,2026-09-09T00:00:00Z,2026-09-09,ARU,CONDITIONAL_FORECAST,4,MANAGEMENT_FORECAST,PUBLIC_SYNTHETIC_PLANNING_MODEL,base,-11478.0000,ALLOCATED_LEGAL_MANAGEMENT_BOOK,2027
1180,intercompany,2026-09-09T00:00:00Z,2026-09-09,ARU,CONDITIONAL_FORECAST,4,MANAGEMENT_FORECAST,PUBLIC_SYNTHETIC_PLANNING_MODEL,base,10984430.0000,ALLOCATED_LEGAL_MANAGEMENT_BOOK,2027
1200,asset,2026-09-09T00:00:00Z,2026-09-09,ARU,CONDITIONAL_FORECAST,4,MANAGEMENT_FORECAST,PUBLIC_SYNTHETIC_PLANNING_MODEL,base,1214138.0000,ALLOCATED_LEGAL_MANAGEMENT_BOOK,2027
1300,asset,2026-09-09T00:00:00Z,2026-09-09,ARU,CONDITIONAL_FORECAST,4,MANAGEMENT_FORECAST,PUBLIC_SYNTHETIC_PLANNING_MODEL,base,504700.0000,ALLOCATED_LEGAL_MANAGEMENT_BOOK,2027
1400,asset,2026-09-09T00:00:00Z,2026-09-09,ARU,CONDITIONAL_FORECAST,4,MANAGEMENT_FORECAST,PUBLIC_SYNTHETIC_PLANNING_MODEL,base,28207350.0000,ALLOCATED_LEGAL_MANAGEMENT_BOOK,2027
1490,asset,2026-09-09T00:00:00Z,2026-09-09,ARU,CONDITIONAL_FORECAST,4,MANAGEMENT_FORECAST,PUBLIC_SYNTHETIC_PLANNING_MODEL,base,-1725968.0000,ALLOCATED_LEGAL_MANAGEMENT_BOOK,2027
1500,asset,2026-09-09T00:00:00Z,2026-09-09,ARU,CONDITIONAL_FORECAST,4,MANAGEMENT_FORECAST,PUBLIC_SYNTHETIC_PLANNING_MODEL,base,1000000.0000,ALLOCATED_LEGAL_MANAGEMENT_BOOK,2027
1590,asset,2026-09-09T00:00:00Z,2026-09-09,ARU,CONDITIONAL_FORECAST,4,MANAGEMENT_FORECAST,PUBLIC_SYNTHETIC_PLANNING_MODEL,base,-263380.0000,ALLOCATED_LEGAL_MANAGEMENT_BOOK,2027
1600,asset,2026-09-09T00:00:00Z,2026-09-09,ARU,CONDITIONAL_FORECAST,4,MANAGEMENT_FORECAST,PUBLIC_SYNTHETIC_PLANNING_MODEL,base,14762500.0000,ALLOCATED_LEGAL_MANAGEMENT_BOOK,2027
1700,liability,2026-09-09T00:00:00Z,2026-09-09,ARU,CONDITIONAL_FORECAST,4,MANAGEMENT_FORECAST,PUBLIC_SYNTHETIC_PLANNING_MODEL,base,220968.0000,ALLOCATED_LEGAL_MANAGEMENT_BOOK,2027
1800,asset,2026-09-09T00:00:00Z,2026-09-09,ARU,CONDITIONAL_FORECAST,4,MANAGEMENT_FORECAST,PUBLIC_SYNTHETIC_PLANNING_MODEL,base,137500.0000,ALLOCATED_LEGAL_MANAGEMENT_BOOK,2027
2000,liability,2026-09-09T00:00:00Z,2026-09-09,ARU,CONDITIONAL_FORECAST,4,MANAGEMENT_FORECAST,PUBLIC_SYNTHETIC_PLANNING_MODEL,base,-1009423.0000,ALLOCATED_LEGAL_MANAGEMENT_BOOK,2027
2200,liability,2026-09-09T00:00:00Z,2026-09-09,ARU,CONDITIONAL_FORECAST,4,MANAGEMENT_FORECAST,PUBLIC_SYNTHETIC_PLANNING_MODEL,base,-550000.0000,ALLOCATED_LEGAL_MANAGEMENT_BOOK,2027
2250,liability,2026-09-09T00:00:00Z,2026-09-09,ARU,CONDITIONAL_FORECAST,4,MANAGEMENT_FORECAST,PUBLIC_SYNTHETIC_PLANNING_MODEL,base,-288889.0000,ALLOCATED_LEGAL_MANAGEMENT_BOOK,2027
2400,liability,2026-09-09T00:00:00Z,2026-09-09,ARU,CONDITIONAL_FORECAST,4,MANAGEMENT_FORECAST,PUBLIC_SYNTHETIC_PLANNING_MODEL,base,-20625000.0000,ALLOCATED_LEGAL_MANAGEMENT_BOOK,2027
2600,liability,2026-09-09T00:00:00Z,2026-09-09,ARU,CONDITIONAL_FORECAST,4,MANAGEMENT_FORECAST,PUBLIC_SYNTHETIC_PLANNING_MODEL,base,-736620.0000,ALLOCATED_LEGAL_MANAGEMENT_BOOK,2027
2700,current_settlement,2026-09-09T00:00:00Z,2026-09-09,ARU,CONDITIONAL_FORECAST,4,MANAGEMENT_FORECAST,PUBLIC_SYNTHETIC_PLANNING_MODEL,base,-42763.0000,ALLOCATED_LEGAL_MANAGEMENT_BOOK,2027
3000,equity,2026-09-09T00:00:00Z,2026-09-09,ARU,CONDITIONAL_FORECAST,4,MANAGEMENT_FORECAST,PUBLIC_SYNTHETIC_PLANNING_MODEL,base,-56004880.0000,ALLOCATED_LEGAL_MANAGEMENT_BOOK,2027
3100,equity,2026-09-09T00:00:00Z,2026-09-09,ARU,CONDITIONAL_FORECAST,4,MANAGEMENT_FORECAST,PUBLIC_SYNTHETIC_PLANNING_MODEL,base,-3617621.0000,ALLOCATED_LEGAL_MANAGEMENT_BOOK,2027
4000,revenue,2026-09-09T00:00:00Z,2026-09-09,ARU,CONDITIONAL_FORECAST,4,MANAGEMENT_FORECAST,PUBLIC_SYNTHETIC_PLANNING_MODEL,base,-8396594.0000,ALLOCATED_LEGAL_MANAGEMENT_BOOK,2027
4100,revenue,2026-09-09T00:00:00Z,2026-09-09,ARU,CONDITIONAL_FORECAST,4,MANAGEMENT_FORECAST,PUBLIC_SYNTHETIC_PLANNING_MODEL,base,-106509.0000,ALLOCATED_LEGAL_MANAGEMENT_BOOK,2027
5000,expense,2026-09-09T00:00:00Z,2026-09-09,ARU,CONDITIONAL_FORECAST,4,MANAGEMENT_FORECAST,PUBLIC_SYNTHETIC_PLANNING_MODEL,base,2524340.0000,ALLOCATED_LEGAL_MANAGEMENT_BOOK,2027
5100,expense,2026-09-09T00:00:00Z,2026-09-09,ARU,CONDITIONAL_FORECAST,4,MANAGEMENT_FORECAST,PUBLIC_SYNTHETIC_PLANNING_MODEL,base,4044131.0000,ALLOCATED_LEGAL_MANAGEMENT_BOOK,2027
5200,expense,2026-09-09T00:00:00Z,2026-09-09,ARU,CONDITIONAL_FORECAST,4,MANAGEMENT_FORECAST,PUBLIC_SYNTHETIC_PLANNING_MODEL,base,81116.0000,ALLOCATED_LEGAL_MANAGEMENT_BOOK,2027
5300,expense,2026-09-09T00:00:00Z,2026-09-09,ARU,CONDITIONAL_FORECAST,4,MANAGEMENT_FORECAST,PUBLIC_SYNTHETIC_PLANNING_MODEL,base,593127.0000,ALLOCATED_LEGAL_MANAGEMENT_BOOK,2027
5400,expense,2026-09-09T00:00:00Z,2026-09-09,ARU,CONDITIONAL_FORECAST,4,MANAGEMENT_FORECAST,PUBLIC_SYNTHETIC_PLANNING_MODEL,base,482329.0000,ALLOCATED_LEGAL_MANAGEMENT_BOOK,2027
5500,expense,2026-09-09T00:00:00Z,2026-09-09,ARU,CONDITIONAL_FORECAST,4,MANAGEMENT_FORECAST,PUBLIC_SYNTHETIC_PLANNING_MODEL,base,42763.0000,ALLOCATED_LEGAL_MANAGEMENT_BOOK,2027
5501,expense,2026-09-09T00:00:00Z,2026-09-09,ARU,CONDITIONAL_FORECAST,4,MANAGEMENT_FORECAST,PUBLIC_SYNTHETIC_PLANNING_MODEL,base,72222.0000,ALLOCATED_LEGAL_MANAGEMENT_BOOK,2027
5700,expense,2026-09-09T00:00:00Z,2026-09-09,ARU,CONDITIONAL_FORECAST,4,MANAGEMENT_FORECAST,PUBLIC_SYNTHETIC_PLANNING_MODEL,base,6904.0000,ALLOCATED_LEGAL_MANAGEMENT_BOOK,2027
INV_BST,asset,2026-09-09T00:00:00Z,2026-09-09,ARU,CONDITIONAL_FORECAST,4,MANAGEMENT_FORECAST,PUBLIC_SYNTHETIC_PLANNING_MODEL,base,23710000.0000,ALLOCATED_LEGAL_MANAGEMENT_BOOK,2027
SHARED_AP,liability,2026-09-09T00:00:00Z,2026-09-09,ARU,CONDITIONAL_FORECAST,4,MANAGEMENT_FORECAST,PUBLIC_SYNTHETIC_PLANNING_MODEL,base,-200000.0000,ALLOCATED_LEGAL_MANAGEMENT_BOOK,2027
SHARED_EXP,expense,2026-09-09T00:00:00Z,2026-09-09,ARU,CONDITIONAL_FORECAST,4,MANAGEMENT_FORECAST,PUBLIC_SYNTHETIC_PLANNING_MODEL,base,200000.0000,ALLOCATED_LEGAL_MANAGEMENT_BOOK,2027
1000,asset,2026-09-09T00:00:00Z,2026-09-09,BST,CONDITIONAL_FORECAST,4,MANAGEMENT_FORECAST,PUBLIC_SYNTHETIC_PLANNING_MODEL,base,610618.0000,ALLOCATED_LEGAL_MANAGEMENT_BOOK,2027
1100,asset,2026-09-09T00:00:00Z,2026-09-09,BST,CONDITIONAL_FORECAST,4,MANAGEMENT_FORECAST,PUBLIC_SYNTHETIC_PLANNING_MODEL,base,1976758.0000,ALLOCATED_LEGAL_MANAGEMENT_BOOK,2027
1150,asset,2026-09-09T00:00:00Z,2026-09-09,BST,CONDITIONAL_FORECAST,4,MANAGEMENT_FORECAST,PUBLIC_SYNTHETIC_PLANNING_MODEL,base,56195.0000,ALLOCATED_LEGAL_MANAGEMENT_BOOK,2027
1180,intercompany,2026-09-09T00:00:00Z,2026-09-09,BST,CONDITIONAL_FORECAST,4,MANAGEMENT_FORECAST,PUBLIC_SYNTHETIC_PLANNING_MODEL,base,-10984430.0000,ALLOCATED_LEGAL_MANAGEMENT_BOOK,2027
1200,asset,2026-09-09T00:00:00Z,2026-09-09,BST,CONDITIONAL_FORECAST,4,MANAGEMENT_FORECAST,PUBLIC_SYNTHETIC_PLANNING_MODEL,base,653767.0000,ALLOCATED_LEGAL_MANAGEMENT_BOOK,2027
1300,asset,2026-09-09T00:00:00Z,2026-09-09,BST,CONDITIONAL_FORECAST,4,MANAGEMENT_FORECAST,PUBLIC_SYNTHETIC_PLANNING_MODEL,base,216300.0000,ALLOCATED_LEGAL_MANAGEMENT_BOOK,2027
1400,asset,2026-09-09T00:00:00Z,2026-09-09,BST,CONDITIONAL_FORECAST,4,MANAGEMENT_FORECAST,PUBLIC_SYNTHETIC_PLANNING_MODEL,base,34475650.0000,ALLOCATED_LEGAL_MANAGEMENT_BOOK,2027
1490,asset,2026-09-09T00:00:00Z,2026-09-09,BST,CONDITIONAL_FORECAST,4,MANAGEMENT_FORECAST,PUBLIC_SYNTHETIC_PLANNING_MODEL,base,-2109516.0000,ALLOCATED_LEGAL_MANAGEMENT_BOOK,2027
1500,asset,2026-09-09T00:00:00Z,2026-09-09,BST,CONDITIONAL_FORECAST,4,MANAGEMENT_FORECAST,PUBLIC_SYNTHETIC_PLANNING_MODEL,base,1500000.0000,ALLOCATED_LEGAL_MANAGEMENT_BOOK,2027
1590,asset,2026-09-09T00:00:00Z,2026-09-09,BST,CONDITIONAL_FORECAST,4,MANAGEMENT_FORECAST,PUBLIC_SYNTHETIC_PLANNING_MODEL,base,-395071.0000,ALLOCATED_LEGAL_MANAGEMENT_BOOK,2027
1800,asset,2026-09-09T00:00:00Z,2026-09-09,BST,CONDITIONAL_FORECAST,4,MANAGEMENT_FORECAST,PUBLIC_SYNTHETIC_PLANNING_MODEL,base,450000.0000,ALLOCATED_LEGAL_MANAGEMENT_BOOK,2027
2000,liability,2026-09-09T00:00:00Z,2026-09-09,BST,CONDITIONAL_FORECAST,4,MANAGEMENT_FORECAST,PUBLIC_SYNTHETIC_PLANNING_MODEL,base,-672948.0000,ALLOCATED_LEGAL_MANAGEMENT_BOOK,2027
2200,liability,2026-09-09T00:00:00Z,2026-09-09,BST,CONDITIONAL_FORECAST,4,MANAGEMENT_FORECAST,PUBLIC_SYNTHETIC_PLANNING_MODEL,base,-1200000.0000,ALLOCATED_LEGAL_MANAGEMENT_BOOK,2027
2300,liability,2026-09-09T00:00:00Z,2026-09-09,BST,CONDITIONAL_FORECAST,4,MANAGEMENT_FORECAST,PUBLIC_SYNTHETIC_PLANNING_MODEL,base,-600000.0000,ALLOCATED_LEGAL_MANAGEMENT_BOOK,2027
2600,liability,2026-09-09T00:00:00Z,2026-09-09,BST,CONDITIONAL_FORECAST,4,MANAGEMENT_FORECAST,PUBLIC_SYNTHETIC_PLANNING_MODEL,base,-1104931.0000,ALLOCATED_LEGAL_MANAGEMENT_BOOK,2027
3000,equity,2026-09-09T00:00:00Z,2026-09-09,BST,CONDITIONAL_FORECAST,4,MANAGEMENT_FORECAST,PUBLIC_SYNTHETIC_PLANNING_MODEL,base,-23710000.0000,ALLOCATED_LEGAL_MANAGEMENT_BOOK,2027
3100,equity,2026-09-09T00:00:00Z,2026-09-09,BST,CONDITIONAL_FORECAST,4,MANAGEMENT_FORECAST,PUBLIC_SYNTHETIC_PLANNING_MODEL,base,526394.0000,ALLOCATED_LEGAL_MANAGEMENT_BOOK,2027
4000,revenue,2026-09-09T00:00:00Z,2026-09-09,BST,CONDITIONAL_FORECAST,4,MANAGEMENT_FORECAST,PUBLIC_SYNTHETIC_PLANNING_MODEL,base,-5003130.0000,ALLOCATED_LEGAL_MANAGEMENT_BOOK,2027
4100,revenue,2026-09-09T00:00:00Z,2026-09-09,BST,CONDITIONAL_FORECAST,4,MANAGEMENT_FORECAST,PUBLIC_SYNTHETIC_PLANNING_MODEL,base,-54213.0000,ALLOCATED_LEGAL_MANAGEMENT_BOOK,2027
5000,expense,2026-09-09T00:00:00Z,2026-09-09,BST,CONDITIONAL_FORECAST,4,MANAGEMENT_FORECAST,PUBLIC_SYNTHETIC_PLANNING_MODEL,base,2064616.0000,ALLOCATED_LEGAL_MANAGEMENT_BOOK,2027
5100,expense,2026-09-09T00:00:00Z,2026-09-09,BST,CONDITIONAL_FORECAST,4,MANAGEMENT_FORECAST,PUBLIC_SYNTHETIC_PLANNING_MODEL,base,2507967.0000,ALLOCATED_LEGAL_MANAGEMENT_BOOK,2027
5200,expense,2026-09-09T00:00:00Z,2026-09-09,BST,CONDITIONAL_FORECAST,4,MANAGEMENT_FORECAST,PUBLIC_SYNTHETIC_PLANNING_MODEL,base,27783.0000,ALLOCATED_LEGAL_MANAGEMENT_BOOK,2027
5300,expense,2026-09-09T00:00:00Z,2026-09-09,BST,CONDITIONAL_FORECAST,4,MANAGEMENT_FORECAST,PUBLIC_SYNTHETIC_PLANNING_MODEL,base,724934.0000,ALLOCATED_LEGAL_MANAGEMENT_BOOK,2027
5400,expense,2026-09-09T00:00:00Z,2026-09-09,BST,CONDITIONAL_FORECAST,4,MANAGEMENT_FORECAST,PUBLIC_SYNTHETIC_PLANNING_MODEL,base,41942.0000,ALLOCATED_LEGAL_MANAGEMENT_BOOK,2027
5700,expense,2026-09-09T00:00:00Z,2026-09-09,BST,CONDITIONAL_FORECAST,4,MANAGEMENT_FORECAST,PUBLIC_SYNTHETIC_PLANNING_MODEL,base,1315.0000,ALLOCATED_LEGAL_MANAGEMENT_BOOK,2027
1150,asset,2026-09-09T00:00:00Z,2026-09-09,ELIM,CONDITIONAL_FORECAST,4,MANAGEMENT_FORECAST,PUBLIC_SYNTHETIC_PLANNING_MODEL,base,-44717.0000,CONSOLIDATION_ELIMINATION_BOOK,2027
2150,liability,2026-09-09T00:00:00Z,2026-09-09,ELIM,CONDITIONAL_FORECAST,4,MANAGEMENT_FORECAST,PUBLIC_SYNTHETIC_PLANNING_MODEL,base,44717.0000,CONSOLIDATION_ELIMINATION_BOOK,2027
3000,equity,2026-09-09T00:00:00Z,2026-09-09,ELIM,CONDITIONAL_FORECAST,4,MANAGEMENT_FORECAST,PUBLIC_SYNTHETIC_PLANNING_MODEL,base,318807585.0000,CONSOLIDATION_ELIMINATION_BOOK,2027
4100,revenue,2026-09-09T00:00:00Z,2026-09-09,ELIM,CONDITIONAL_FORECAST,4,MANAGEMENT_FORECAST,PUBLIC_SYNTHETIC_PLANNING_MODEL,base,675721.2857,CONSOLIDATION_ELIMINATION_BOOK,2027
5150,expense,2026-09-09T00:00:00Z,2026-09-09,ELIM,CONDITIONAL_FORECAST,4,MANAGEMENT_FORECAST,PUBLIC_SYNTHETIC_PLANNING_MODEL,base,-675721.2857,CONSOLIDATION_ELIMINATION_BOOK,2027
INV_ARU,asset,2026-09-09T00:00:00Z,2026-09-09,ELIM,CONDITIONAL_FORECAST,4,MANAGEMENT_FORECAST,PUBLIC_SYNTHETIC_PLANNING_MODEL,base,-56004880.0000,CONSOLIDATION_ELIMINATION_BOOK,2027
INV_BST,asset,2026-09-09T00:00:00Z,2026-09-09,ELIM,CONDITIONAL_FORECAST,4,MANAGEMENT_FORECAST,PUBLIC_SYNTHETIC_PLANNING_MODEL,base,-23710000.0000,CONSOLIDATION_ELIMINATION_BOOK,2027
INV_PS,asset,2026-09-09T00:00:00Z,2026-09-09,ELIM,CONDITIONAL_FORECAST,4,MANAGEMENT_FORECAST,PUBLIC_SYNTHETIC_PLANNING_MODEL,base,-60729275.0000,CONSOLIDATION_ELIMINATION_BOOK,2027
INV_RWH,asset,2026-09-09T00:00:00Z,2026-09-09,ELIM,CONDITIONAL_FORECAST,4,MANAGEMENT_FORECAST,PUBLIC_SYNTHETIC_PLANNING_MODEL,base,-60729275.0000,CONSOLIDATION_ELIMINATION_BOOK,2027
INV_SHIH,asset,2026-09-09T00:00:00Z,2026-09-09,ELIM,CONDITIONAL_FORECAST,4,MANAGEMENT_FORECAST,PUBLIC_SYNTHETIC_PLANNING_MODEL,base,-117634155.0000,CONSOLIDATION_ELIMINATION_BOOK,2027
SHARED_AP,liability,2026-09-09T00:00:00Z,2026-09-09,ELIM,CONDITIONAL_FORECAST,4,MANAGEMENT_FORECAST,PUBLIC_SYNTHETIC_PLANNING_MODEL,base,333333.3332,CONSOLIDATION_ELIMINATION_BOOK,2027
SHARED_AR,asset,2026-09-09T00:00:00Z,2026-09-09,ELIM,CONDITIONAL_FORECAST,4,MANAGEMENT_FORECAST,PUBLIC_SYNTHETIC_PLANNING_MODEL,base,-333333.3332,CONSOLIDATION_ELIMINATION_BOOK,2027
SHARED_EXP,expense,2026-09-09T00:00:00Z,2026-09-09,ELIM,CONDITIONAL_FORECAST,4,MANAGEMENT_FORECAST,PUBLIC_SYNTHETIC_PLANNING_MODEL,base,-333333.3332,CONSOLIDATION_ELIMINATION_BOOK,2027
SHARED_REV,revenue,2026-09-09T00:00:00Z,2026-09-09,ELIM,CONDITIONAL_FORECAST,4,MANAGEMENT_FORECAST,PUBLIC_SYNTHETIC_PLANNING_MODEL,base,333333.3332,CONSOLIDATION_ELIMINATION_BOOK,2027
3000,equity,2026-09-09T00:00:00Z,2026-09-09,PS,CONDITIONAL_FORECAST,4,MANAGEMENT_FORECAST,PUBLIC_SYNTHETIC_PLANNING_MODEL,base,-60729275.0000,ALLOCATED_LEGAL_MANAGEMENT_BOOK,2027
4100,revenue,2026-09-09T00:00:00Z,2026-09-09,PS,CONDITIONAL_FORECAST,4,MANAGEMENT_FORECAST,PUBLIC_SYNTHETIC_PLANNING_MODEL,base,-514999.2857,ALLOCATED_LEGAL_MANAGEMENT_BOOK,2027
5100,expense,2026-09-09T00:00:00Z,2026-09-09,PS,CONDITIONAL_FORECAST,4,MANAGEMENT_FORECAST,PUBLIC_SYNTHETIC_PLANNING_MODEL,base,514999.2857,ALLOCATED_LEGAL_MANAGEMENT_BOOK,2027
INV_RWH,asset,2026-09-09T00:00:00Z,2026-09-09,PS,CONDITIONAL_FORECAST,4,MANAGEMENT_FORECAST,PUBLIC_SYNTHETIC_PLANNING_MODEL,base,60729275.0000,ALLOCATED_LEGAL_MANAGEMENT_BOOK,2027
SHARED_AP,liability,2026-09-09T00:00:00Z,2026-09-09,PS,CONDITIONAL_FORECAST,4,MANAGEMENT_FORECAST,PUBLIC_SYNTHETIC_PLANNING_MODEL,base,-133333.3332,ALLOCATED_LEGAL_MANAGEMENT_BOOK,2027
SHARED_EXP,expense,2026-09-09T00:00:00Z,2026-09-09,PS,CONDITIONAL_FORECAST,4,MANAGEMENT_FORECAST,PUBLIC_SYNTHETIC_PLANNING_MODEL,base,133333.3332,ALLOCATED_LEGAL_MANAGEMENT_BOOK,2027
1000,asset,2026-09-09T00:00:00Z,2026-09-09,RWH,CONDITIONAL_FORECAST,4,MANAGEMENT_FORECAST,PUBLIC_SYNTHETIC_PLANNING_MODEL,base,2000000.0000,ALLOCATED_LEGAL_MANAGEMENT_BOOK,2027
1100,asset,2026-09-09T00:00:00Z,2026-09-09,RWH,CONDITIONAL_FORECAST,4,MANAGEMENT_FORECAST,PUBLIC_SYNTHETIC_PLANNING_MODEL,base,5089575.0000,ALLOCATED_LEGAL_MANAGEMENT_BOOK,2027
1200,asset,2026-09-09T00:00:00Z,2026-09-09,RWH,CONDITIONAL_FORECAST,4,MANAGEMENT_FORECAST,PUBLIC_SYNTHETIC_PLANNING_MODEL,base,9556328.0000,ALLOCATED_LEGAL_MANAGEMENT_BOOK,2027
1210,asset,2026-09-09T00:00:00Z,2026-09-09,RWH,CONDITIONAL_FORECAST,4,MANAGEMENT_FORECAST,PUBLIC_SYNTHETIC_PLANNING_MODEL,base,1190470.0000,ALLOCATED_LEGAL_MANAGEMENT_BOOK,2027
1300,asset,2026-09-09T00:00:00Z,2026-09-09,RWH,CONDITIONAL_FORECAST,4,MANAGEMENT_FORECAST,PUBLIC_SYNTHETIC_PLANNING_MODEL,base,500000.0000,ALLOCATED_LEGAL_MANAGEMENT_BOOK,2027
1400,asset,2026-09-09T00:00:00Z,2026-09-09,RWH,CONDITIONAL_FORECAST,4,MANAGEMENT_FORECAST,PUBLIC_SYNTHETIC_PLANNING_MODEL,base,64623332.0000,ALLOCATED_LEGAL_MANAGEMENT_BOOK,2027
1490,asset,2026-09-09T00:00:00Z,2026-09-09,RWH,CONDITIONAL_FORECAST,4,MANAGEMENT_FORECAST,PUBLIC_SYNTHETIC_PLANNING_MODEL,base,-4833813.0000,ALLOCATED_LEGAL_MANAGEMENT_BOOK,2027
2150,liability,2026-09-09T00:00:00Z,2026-09-09,RWH,CONDITIONAL_FORECAST,4,MANAGEMENT_FORECAST,PUBLIC_SYNTHETIC_PLANNING_MODEL,base,-44717.0000,ALLOCATED_LEGAL_MANAGEMENT_BOOK,2027
2200,liability,2026-09-09T00:00:00Z,2026-09-09,RWH,CONDITIONAL_FORECAST,4,MANAGEMENT_FORECAST,PUBLIC_SYNTHETIC_PLANNING_MODEL,base,-17648476.0000,ALLOCATED_LEGAL_MANAGEMENT_BOOK,2027
2300,liability,2026-09-09T00:00:00Z,2026-09-09,RWH,CONDITIONAL_FORECAST,4,MANAGEMENT_FORECAST,PUBLIC_SYNTHETIC_PLANNING_MODEL,base,-2500000.0000,ALLOCATED_LEGAL_MANAGEMENT_BOOK,2027
2700,current_settlement,2026-09-09T00:00:00Z,2026-09-09,RWH,CONDITIONAL_FORECAST,4,MANAGEMENT_FORECAST,PUBLIC_SYNTHETIC_PLANNING_MODEL,base,-7935.0000,ALLOCATED_LEGAL_MANAGEMENT_BOOK,2027
3000,equity,2026-09-09T00:00:00Z,2026-09-09,RWH,CONDITIONAL_FORECAST,4,MANAGEMENT_FORECAST,PUBLIC_SYNTHETIC_PLANNING_MODEL,base,-60729275.0000,ALLOCATED_LEGAL_MANAGEMENT_BOOK,2027
3100,equity,2026-09-09T00:00:00Z,2026-09-09,RWH,CONDITIONAL_FORECAST,4,MANAGEMENT_FORECAST,PUBLIC_SYNTHETIC_PLANNING_MODEL,base,2869375.0000,ALLOCATED_LEGAL_MANAGEMENT_BOOK,2027
4000,revenue,2026-09-09T00:00:00Z,2026-09-09,RWH,CONDITIONAL_FORECAST,4,MANAGEMENT_FORECAST,PUBLIC_SYNTHETIC_PLANNING_MODEL,base,-12723938.0000,ALLOCATED_LEGAL_MANAGEMENT_BOOK,2027
5100,expense,2026-09-09T00:00:00Z,2026-09-09,RWH,CONDITIONAL_FORECAST,4,MANAGEMENT_FORECAST,PUBLIC_SYNTHETIC_PLANNING_MODEL,base,10383794.7143,ALLOCATED_LEGAL_MANAGEMENT_BOOK,2027
5150,expense,2026-09-09T00:00:00Z,2026-09-09,RWH,CONDITIONAL_FORECAST,4,MANAGEMENT_FORECAST,PUBLIC_SYNTHETIC_PLANNING_MODEL,base,675721.2857,ALLOCATED_LEGAL_MANAGEMENT_BOOK,2027
5200,expense,2026-09-09T00:00:00Z,2026-09-09,RWH,CONDITIONAL_FORECAST,4,MANAGEMENT_FORECAST,PUBLIC_SYNTHETIC_PLANNING_MODEL,base,82965.0000,ALLOCATED_LEGAL_MANAGEMENT_BOOK,2027
5300,expense,2026-09-09T00:00:00Z,2026-09-09,RWH,CONDITIONAL_FORECAST,4,MANAGEMENT_FORECAST,PUBLIC_SYNTHETIC_PLANNING_MODEL,base,1135747.0000,ALLOCATED_LEGAL_MANAGEMENT_BOOK,2027
5500,expense,2026-09-09T00:00:00Z,2026-09-09,RWH,CONDITIONAL_FORECAST,4,MANAGEMENT_FORECAST,PUBLIC_SYNTHETIC_PLANNING_MODEL,base,14238.0000,ALLOCATED_LEGAL_MANAGEMENT_BOOK,2027
5600,expense,2026-09-09T00:00:00Z,2026-09-09,RWH,CONDITIONAL_FORECAST,4,MANAGEMENT_FORECAST,PUBLIC_SYNTHETIC_PLANNING_MODEL,base,366608.0000,ALLOCATED_LEGAL_MANAGEMENT_BOOK,2027
1000,asset,2026-09-09T00:00:00Z,2026-09-09,SHI,CONDITIONAL_FORECAST,4,MANAGEMENT_FORECAST,PUBLIC_SYNTHETIC_PLANNING_MODEL,base,38400533.4038,ALLOCATED_LEGAL_MANAGEMENT_BOOK,2027
3000,equity,2026-09-09T00:00:00Z,2026-09-09,SHI,CONDITIONAL_FORECAST,4,MANAGEMENT_FORECAST,PUBLIC_SYNTHETIC_PLANNING_MODEL,base,-129768270.2574,ALLOCATED_LEGAL_MANAGEMENT_BOOK,2027
3100,equity,2026-09-09T00:00:00Z,2026-09-09,SHI,CONDITIONAL_FORECAST,4,MANAGEMENT_FORECAST,PUBLIC_SYNTHETIC_PLANNING_MODEL,base,37702666.6668,ALLOCATED_LEGAL_MANAGEMENT_BOOK,2027
BIZ_ACCUM,asset,2026-09-09T00:00:00Z,2026-09-09,SHI,CONDITIONAL_FORECAST,4,MANAGEMENT_FORECAST,PUBLIC_SYNTHETIC_PLANNING_MODEL,base,-49476.1903,ALLOCATED_LEGAL_MANAGEMENT_BOOK,2027
BIZ_ALLOWANCE,asset,2026-09-09T00:00:00Z,2026-09-09,SHI,CONDITIONAL_FORECAST,4,MANAGEMENT_FORECAST,PUBLIC_SYNTHETIC_PLANNING_MODEL,base,-1749626.2944,ALLOCATED_LEGAL_MANAGEMENT_BOOK,2027
BIZ_AP,liability,2026-09-09T00:00:00Z,2026-09-09,SHI,CONDITIONAL_FORECAST,4,MANAGEMENT_FORECAST,PUBLIC_SYNTHETIC_PLANNING_MODEL,base,-314379.8000,ALLOCATED_LEGAL_MANAGEMENT_BOOK,2027
BIZ_AR,asset,2026-09-09T00:00:00Z,2026-09-09,SHI,CONDITIONAL_FORECAST,4,MANAGEMENT_FORECAST,PUBLIC_SYNTHETIC_PLANNING_MODEL,base,4231314.7200,ALLOCATED_LEGAL_MANAGEMENT_BOOK,2027
BIZ_COGS,expense,2026-09-09T00:00:00Z,2026-09-09,SHI,CONDITIONAL_FORECAST,4,MANAGEMENT_FORECAST,PUBLIC_SYNTHETIC_PLANNING_MODEL,base,119490.0003,ALLOCATED_LEGAL_MANAGEMENT_BOOK,2027
BIZ_CREDIT_LOSS,expense,2026-09-09T00:00:00Z,2026-09-09,SHI,CONDITIONAL_FORECAST,4,MANAGEMENT_FORECAST,PUBLIC_SYNTHETIC_PLANNING_MODEL,base,1749626.2944,ALLOCATED_LEGAL_MANAGEMENT_BOOK,2027
BIZ_DDA,expense,2026-09-09T00:00:00Z,2026-09-09,SHI,CONDITIONAL_FORECAST,4,MANAGEMENT_FORECAST,PUBLIC_SYNTHETIC_PLANNING_MODEL,base,49476.1903,ALLOCATED_LEGAL_MANAGEMENT_BOOK,2027
BIZ_DEFERRED,liability,2026-09-09T00:00:00Z,2026-09-09,SHI,CONDITIONAL_FORECAST,4,MANAGEMENT_FORECAST,PUBLIC_SYNTHETIC_PLANNING_MODEL,base,-40602000.0000,ALLOCATED_LEGAL_MANAGEMENT_BOOK,2027
BIZ_DELIVERY,expense,2026-09-09T00:00:00Z,2026-09-09,SHI,CONDITIONAL_FORECAST,4,MANAGEMENT_FORECAST,PUBLIC_SYNTHETIC_PLANNING_MODEL,base,457449.4000,ALLOCATED_LEGAL_MANAGEMENT_BOOK,2027
BIZ_HOST_AP,liability,2026-09-09T00:00:00Z,2026-09-09,SHI,CONDITIONAL_FORECAST,4,MANAGEMENT_FORECAST,PUBLIC_SYNTHETIC_PLANNING_MODEL,base,-39904.1280,ALLOCATED_LEGAL_MANAGEMENT_BOOK,2027
BIZ_HOST_SHARE,expense,2026-09-09T00:00:00Z,2026-09-09,SHI,CONDITIONAL_FORECAST,4,MANAGEMENT_FORECAST,PUBLIC_SYNTHETIC_PLANNING_MODEL,base,59856.1920,ALLOCATED_LEGAL_MANAGEMENT_BOOK,2027
BIZ_INVENTORY,asset,2026-09-09T00:00:00Z,2026-09-09,SHI,CONDITIONAL_FORECAST,4,MANAGEMENT_FORECAST,PUBLIC_SYNTHETIC_PLANNING_MODEL,base,39830.0001,ALLOCATED_LEGAL_MANAGEMENT_BOOK,2027
BIZ_PAYROLL,expense,2026-09-09T00:00:00Z,2026-09-09,SHI,CONDITIONAL_FORECAST,4,MANAGEMENT_FORECAST,PUBLIC_SYNTHETIC_PLANNING_MODEL,base,24651666.6292,ALLOCATED_LEGAL_MANAGEMENT_BOOK,2027
BIZ_PPE,asset,2026-09-09T00:00:00Z,2026-09-09,SHI,CONDITIONAL_FORECAST,4,MANAGEMENT_FORECAST,PUBLIC_SYNTHETIC_PLANNING_MODEL,base,1390000.0000,ALLOCATED_LEGAL_MANAGEMENT_BOOK,2027
BIZ_PROCESSING,expense,2026-09-09T00:00:00Z,2026-09-09,SHI,CONDITIONAL_FORECAST,4,MANAGEMENT_FORECAST,PUBLIC_SYNTHETIC_PLANNING_MODEL,base,60125.0000,ALLOCATED_LEGAL_MANAGEMENT_BOOK,2027
BIZ_RESEARCH,expense,2026-09-09T00:00:00Z,2026-09-09,SHI,CONDITIONAL_FORECAST,4,MANAGEMENT_FORECAST,PUBLIC_SYNTHETIC_PLANNING_MODEL,base,188200.0000,ALLOCATED_LEGAL_MANAGEMENT_BOOK,2027
BIZ_REVENUE,revenue,2026-09-09T00:00:00Z,2026-09-09,SHI,CONDITIONAL_FORECAST,4,MANAGEMENT_FORECAST,PUBLIC_SYNTHETIC_PLANNING_MODEL,base,-21210389.7600,ALLOCATED_LEGAL_MANAGEMENT_BOOK,2027
BIZ_SUPPORT,expense,2026-09-09T00:00:00Z,2026-09-09,SHI,CONDITIONAL_FORECAST,4,MANAGEMENT_FORECAST,PUBLIC_SYNTHETIC_PLANNING_MODEL,base,452000.0000,ALLOCATED_LEGAL_MANAGEMENT_BOOK,2027
CORE_ACCUM,asset,2026-09-09T00:00:00Z,2026-09-09,SHI,CONDITIONAL_FORECAST,4,MANAGEMENT_FORECAST,PUBLIC_SYNTHETIC_PLANNING_MODEL,base,-451844.7748,ALLOCATED_LEGAL_MANAGEMENT_BOOK,2027
CORE_DDA,expense,2026-09-09T00:00:00Z,2026-09-09,SHI,CONDITIONAL_FORECAST,4,MANAGEMENT_FORECAST,PUBLIC_SYNTHETIC_PLANNING_MODEL,base,451844.7748,ALLOCATED_LEGAL_MANAGEMENT_BOOK,2027
CORE_INTEREST,expense,2026-09-09T00:00:00Z,2026-09-09,SHI,CONDITIONAL_FORECAST,4,MANAGEMENT_FORECAST,PUBLIC_SYNTHETIC_PLANNING_MODEL,base,761583.3333,ALLOCATED_LEGAL_MANAGEMENT_BOOK,2027
INV_SHIH,asset,2026-09-09T00:00:00Z,2026-09-09,SHI,CONDITIONAL_FORECAST,4,MANAGEMENT_FORECAST,PUBLIC_SYNTHETIC_PLANNING_MODEL,base,117634155.0000,ALLOCATED_LEGAL_MANAGEMENT_BOOK,2027
LEG_1500,asset,2026-09-09T00:00:00Z,2026-09-09,SHI,CONDITIONAL_FORECAST,4,MANAGEMENT_FORECAST,PUBLIC_SYNTHETIC_PLANNING_MODEL,base,9497024.0000,ALLOCATED_LEGAL_MANAGEMENT_BOOK,2027
LEG_1590,asset,2026-09-09T00:00:00Z,2026-09-09,SHI,CONDITIONAL_FORECAST,4,MANAGEMENT_FORECAST,PUBLIC_SYNTHETIC_PLANNING_MODEL,base,-8283.7333,ALLOCATED_LEGAL_MANAGEMENT_BOOK,2027
LEG_1600,asset,2026-09-09T00:00:00Z,2026-09-09,SHI,CONDITIONAL_FORECAST,4,MANAGEMENT_FORECAST,PUBLIC_SYNTHETIC_PLANNING_MODEL,base,30000000.0000,ALLOCATED_LEGAL_MANAGEMENT_BOOK,2027
LEG_2500,liability,2026-09-09T00:00:00Z,2026-09-09,SHI,CONDITIONAL_FORECAST,4,MANAGEMENT_FORECAST,PUBLIC_SYNTHETIC_PLANNING_MODEL,base,-34900000.0000,ALLOCATED_LEGAL_MANAGEMENT_BOOK,2027
LEG_2510,liability,2026-09-09T00:00:00Z,2026-09-09,SHI,CONDITIONAL_FORECAST,4,MANAGEMENT_FORECAST,PUBLIC_SYNTHETIC_PLANNING_MODEL,base,-2666.6668,ALLOCATED_LEGAL_MANAGEMENT_BOOK,2027
LEG_3000,equity,2026-09-09T00:00:00Z,2026-09-09,SHI,CONDITIONAL_FORECAST,4,MANAGEMENT_FORECAST,PUBLIC_SYNTHETIC_PLANNING_MODEL,base,-38800000.0000,ALLOCATED_LEGAL_MANAGEMENT_BOOK,2027
SHARED_AR,asset,2026-09-09T00:00:00Z,2026-09-09,SHI,CONDITIONAL_FORECAST,4,MANAGEMENT_FORECAST,PUBLIC_SYNTHETIC_PLANNING_MODEL,base,333333.3332,ALLOCATED_LEGAL_MANAGEMENT_BOOK,2027
SHARED_REV,revenue,2026-09-09T00:00:00Z,2026-09-09,SHI,CONDITIONAL_FORECAST,4,MANAGEMENT_FORECAST,PUBLIC_SYNTHETIC_PLANNING_MODEL,base,-333333.3332,ALLOCATED_LEGAL_MANAGEMENT_BOOK,2027
3000,equity,2026-09-09T00:00:00Z,2026-09-09,SHIH,CONDITIONAL_FORECAST,4,MANAGEMENT_FORECAST,PUBLIC_SYNTHETIC_PLANNING_MODEL,base,-117634155.0000,ALLOCATED_LEGAL_MANAGEMENT_BOOK,2027
3100,equity,2026-09-09T00:00:00Z,2026-09-09,SHIH,CONDITIONAL_FORECAST,4,MANAGEMENT_FORECAST,PUBLIC_SYNTHETIC_PLANNING_MODEL,base,900000.0000,ALLOCATED_LEGAL_MANAGEMENT_BOOK,2027
INV_ARU,asset,2026-09-09T00:00:00Z,2026-09-09,SHIH,CONDITIONAL_FORECAST,4,MANAGEMENT_FORECAST,PUBLIC_SYNTHETIC_PLANNING_MODEL,base,56004880.0000,ALLOCATED_LEGAL_MANAGEMENT_BOOK,2027
INV_PS,asset,2026-09-09T00:00:00Z,2026-09-09,SHIH,CONDITIONAL_FORECAST,4,MANAGEMENT_FORECAST,PUBLIC_SYNTHETIC_PLANNING_MODEL,base,60729275.0000,ALLOCATED_LEGAL_MANAGEMENT_BOOK,2027
1000,asset,2026-09-09T00:00:00Z,2026-09-09,ARU,CONDITIONAL_FORECAST,5,MANAGEMENT_FORECAST,PUBLIC_SYNTHETIC_PLANNING_MODEL,base,1633444.0000,ALLOCATED_LEGAL_MANAGEMENT_BOOK,2027
1100,asset,2026-09-09T00:00:00Z,2026-09-09,ARU,CONDITIONAL_FORECAST,5,MANAGEMENT_FORECAST,PUBLIC_SYNTHETIC_PLANNING_MODEL,base,3637936.0000,ALLOCATED_LEGAL_MANAGEMENT_BOOK,2027
1150,asset,2026-09-09T00:00:00Z,2026-09-09,ARU,CONDITIONAL_FORECAST,5,MANAGEMENT_FORECAST,PUBLIC_SYNTHETIC_PLANNING_MODEL,base,-15150.0000,ALLOCATED_LEGAL_MANAGEMENT_BOOK,2027
1180,intercompany,2026-09-09T00:00:00Z,2026-09-09,ARU,CONDITIONAL_FORECAST,5,MANAGEMENT_FORECAST,PUBLIC_SYNTHETIC_PLANNING_MODEL,base,11095996.0000,ALLOCATED_LEGAL_MANAGEMENT_BOOK,2027
1200,asset,2026-09-09T00:00:00Z,2026-09-09,ARU,CONDITIONAL_FORECAST,5,MANAGEMENT_FORECAST,PUBLIC_SYNTHETIC_PLANNING_MODEL,base,1214138.0000,ALLOCATED_LEGAL_MANAGEMENT_BOOK,2027
1300,asset,2026-09-09T00:00:00Z,2026-09-09,ARU,CONDITIONAL_FORECAST,5,MANAGEMENT_FORECAST,PUBLIC_SYNTHETIC_PLANNING_MODEL,base,504700.0000,ALLOCATED_LEGAL_MANAGEMENT_BOOK,2027
1400,asset,2026-09-09T00:00:00Z,2026-09-09,ARU,CONDITIONAL_FORECAST,5,MANAGEMENT_FORECAST,PUBLIC_SYNTHETIC_PLANNING_MODEL,base,28334812.0000,ALLOCATED_LEGAL_MANAGEMENT_BOOK,2027
1490,asset,2026-09-09T00:00:00Z,2026-09-09,ARU,CONDITIONAL_FORECAST,5,MANAGEMENT_FORECAST,PUBLIC_SYNTHETIC_PLANNING_MODEL,base,-1857270.0000,ALLOCATED_LEGAL_MANAGEMENT_BOOK,2027
1500,asset,2026-09-09T00:00:00Z,2026-09-09,ARU,CONDITIONAL_FORECAST,5,MANAGEMENT_FORECAST,PUBLIC_SYNTHETIC_PLANNING_MODEL,base,1000000.0000,ALLOCATED_LEGAL_MANAGEMENT_BOOK,2027
1590,asset,2026-09-09T00:00:00Z,2026-09-09,ARU,CONDITIONAL_FORECAST,5,MANAGEMENT_FORECAST,PUBLIC_SYNTHETIC_PLANNING_MODEL,base,-280047.0000,ALLOCATED_LEGAL_MANAGEMENT_BOOK,2027
1600,asset,2026-09-09T00:00:00Z,2026-09-09,ARU,CONDITIONAL_FORECAST,5,MANAGEMENT_FORECAST,PUBLIC_SYNTHETIC_PLANNING_MODEL,base,14762500.0000,ALLOCATED_LEGAL_MANAGEMENT_BOOK,2027
1700,liability,2026-09-09T00:00:00Z,2026-09-09,ARU,CONDITIONAL_FORECAST,5,MANAGEMENT_FORECAST,PUBLIC_SYNTHETIC_PLANNING_MODEL,base,215968.0000,ALLOCATED_LEGAL_MANAGEMENT_BOOK,2027
1800,asset,2026-09-09T00:00:00Z,2026-09-09,ARU,CONDITIONAL_FORECAST,5,MANAGEMENT_FORECAST,PUBLIC_SYNTHETIC_PLANNING_MODEL,base,137500.0000,ALLOCATED_LEGAL_MANAGEMENT_BOOK,2027
2000,liability,2026-09-09T00:00:00Z,2026-09-09,ARU,CONDITIONAL_FORECAST,5,MANAGEMENT_FORECAST,PUBLIC_SYNTHETIC_PLANNING_MODEL,base,-1062507.0000,ALLOCATED_LEGAL_MANAGEMENT_BOOK,2027
2200,liability,2026-09-09T00:00:00Z,2026-09-09,ARU,CONDITIONAL_FORECAST,5,MANAGEMENT_FORECAST,PUBLIC_SYNTHETIC_PLANNING_MODEL,base,-550000.0000,ALLOCATED_LEGAL_MANAGEMENT_BOOK,2027
2250,liability,2026-09-09T00:00:00Z,2026-09-09,ARU,CONDITIONAL_FORECAST,5,MANAGEMENT_FORECAST,PUBLIC_SYNTHETIC_PLANNING_MODEL,base,-306945.0000,ALLOCATED_LEGAL_MANAGEMENT_BOOK,2027
2400,liability,2026-09-09T00:00:00Z,2026-09-09,ARU,CONDITIONAL_FORECAST,5,MANAGEMENT_FORECAST,PUBLIC_SYNTHETIC_PLANNING_MODEL,base,-20625000.0000,ALLOCATED_LEGAL_MANAGEMENT_BOOK,2027
2600,liability,2026-09-09T00:00:00Z,2026-09-09,ARU,CONDITIONAL_FORECAST,5,MANAGEMENT_FORECAST,PUBLIC_SYNTHETIC_PLANNING_MODEL,base,-719954.0000,ALLOCATED_LEGAL_MANAGEMENT_BOOK,2027
2700,current_settlement,2026-09-09T00:00:00Z,2026-09-09,ARU,CONDITIONAL_FORECAST,5,MANAGEMENT_FORECAST,PUBLIC_SYNTHETIC_PLANNING_MODEL,base,-180332.0000,ALLOCATED_LEGAL_MANAGEMENT_BOOK,2027
3000,equity,2026-09-09T00:00:00Z,2026-09-09,ARU,CONDITIONAL_FORECAST,5,MANAGEMENT_FORECAST,PUBLIC_SYNTHETIC_PLANNING_MODEL,base,-56004880.0000,ALLOCATED_LEGAL_MANAGEMENT_BOOK,2027
3100,equity,2026-09-09T00:00:00Z,2026-09-09,ARU,CONDITIONAL_FORECAST,5,MANAGEMENT_FORECAST,PUBLIC_SYNTHETIC_PLANNING_MODEL,base,-3617621.0000,ALLOCATED_LEGAL_MANAGEMENT_BOOK,2027
4000,revenue,2026-09-09T00:00:00Z,2026-09-09,ARU,CONDITIONAL_FORECAST,5,MANAGEMENT_FORECAST,PUBLIC_SYNTHETIC_PLANNING_MODEL,base,-10916173.0000,ALLOCATED_LEGAL_MANAGEMENT_BOOK,2027
4100,revenue,2026-09-09T00:00:00Z,2026-09-09,ARU,CONDITIONAL_FORECAST,5,MANAGEMENT_FORECAST,PUBLIC_SYNTHETIC_PLANNING_MODEL,base,-132509.0000,ALLOCATED_LEGAL_MANAGEMENT_BOOK,2027
5000,expense,2026-09-09T00:00:00Z,2026-09-09,ARU,CONDITIONAL_FORECAST,5,MANAGEMENT_FORECAST,PUBLIC_SYNTHETIC_PLANNING_MODEL,base,3155425.0000,ALLOCATED_LEGAL_MANAGEMENT_BOOK,2027
5100,expense,2026-09-09T00:00:00Z,2026-09-09,ARU,CONDITIONAL_FORECAST,5,MANAGEMENT_FORECAST,PUBLIC_SYNTHETIC_PLANNING_MODEL,base,5140388.0000,ALLOCATED_LEGAL_MANAGEMENT_BOOK,2027
5200,expense,2026-09-09T00:00:00Z,2026-09-09,ARU,CONDITIONAL_FORECAST,5,MANAGEMENT_FORECAST,PUBLIC_SYNTHETIC_PLANNING_MODEL,base,101006.0000,ALLOCATED_LEGAL_MANAGEMENT_BOOK,2027
5300,expense,2026-09-09T00:00:00Z,2026-09-09,ARU,CONDITIONAL_FORECAST,5,MANAGEMENT_FORECAST,PUBLIC_SYNTHETIC_PLANNING_MODEL,base,743179.0000,ALLOCATED_LEGAL_MANAGEMENT_BOOK,2027
5400,expense,2026-09-09T00:00:00Z,2026-09-09,ARU,CONDITIONAL_FORECAST,5,MANAGEMENT_FORECAST,PUBLIC_SYNTHETIC_PLANNING_MODEL,base,603882.0000,ALLOCATED_LEGAL_MANAGEMENT_BOOK,2027
5500,expense,2026-09-09T00:00:00Z,2026-09-09,ARU,CONDITIONAL_FORECAST,5,MANAGEMENT_FORECAST,PUBLIC_SYNTHETIC_PLANNING_MODEL,base,180332.0000,ALLOCATED_LEGAL_MANAGEMENT_BOOK,2027
5501,expense,2026-09-09T00:00:00Z,2026-09-09,ARU,CONDITIONAL_FORECAST,5,MANAGEMENT_FORECAST,PUBLIC_SYNTHETIC_PLANNING_MODEL,base,90278.0000,ALLOCATED_LEGAL_MANAGEMENT_BOOK,2027
5700,expense,2026-09-09T00:00:00Z,2026-09-09,ARU,CONDITIONAL_FORECAST,5,MANAGEMENT_FORECAST,PUBLIC_SYNTHETIC_PLANNING_MODEL,base,6904.0000,ALLOCATED_LEGAL_MANAGEMENT_BOOK,2027
INV_BST,asset,2026-09-09T00:00:00Z,2026-09-09,ARU,CONDITIONAL_FORECAST,5,MANAGEMENT_FORECAST,PUBLIC_SYNTHETIC_PLANNING_MODEL,base,23710000.0000,ALLOCATED_LEGAL_MANAGEMENT_BOOK,2027
SHARED_AP,liability,2026-09-09T00:00:00Z,2026-09-09,ARU,CONDITIONAL_FORECAST,5,MANAGEMENT_FORECAST,PUBLIC_SYNTHETIC_PLANNING_MODEL,base,-250000.0000,ALLOCATED_LEGAL_MANAGEMENT_BOOK,2027
SHARED_EXP,expense,2026-09-09T00:00:00Z,2026-09-09,ARU,CONDITIONAL_FORECAST,5,MANAGEMENT_FORECAST,PUBLIC_SYNTHETIC_PLANNING_MODEL,base,250000.0000,ALLOCATED_LEGAL_MANAGEMENT_BOOK,2027
1000,asset,2026-09-09T00:00:00Z,2026-09-09,BST,CONDITIONAL_FORECAST,5,MANAGEMENT_FORECAST,PUBLIC_SYNTHETIC_PLANNING_MODEL,base,700048.0000,ALLOCATED_LEGAL_MANAGEMENT_BOOK,2027
1100,asset,2026-09-09T00:00:00Z,2026-09-09,BST,CONDITIONAL_FORECAST,5,MANAGEMENT_FORECAST,PUBLIC_SYNTHETIC_PLANNING_MODEL,base,2136566.0000,ALLOCATED_LEGAL_MANAGEMENT_BOOK,2027
1150,asset,2026-09-09T00:00:00Z,2026-09-09,BST,CONDITIONAL_FORECAST,5,MANAGEMENT_FORECAST,PUBLIC_SYNTHETIC_PLANNING_MODEL,base,54359.0000,ALLOCATED_LEGAL_MANAGEMENT_BOOK,2027
1180,intercompany,2026-09-09T00:00:00Z,2026-09-09,BST,CONDITIONAL_FORECAST,5,MANAGEMENT_FORECAST,PUBLIC_SYNTHETIC_PLANNING_MODEL,base,-11095996.0000,ALLOCATED_LEGAL_MANAGEMENT_BOOK,2027
1200,asset,2026-09-09T00:00:00Z,2026-09-09,BST,CONDITIONAL_FORECAST,5,MANAGEMENT_FORECAST,PUBLIC_SYNTHETIC_PLANNING_MODEL,base,653767.0000,ALLOCATED_LEGAL_MANAGEMENT_BOOK,2027
1300,asset,2026-09-09T00:00:00Z,2026-09-09,BST,CONDITIONAL_FORECAST,5,MANAGEMENT_FORECAST,PUBLIC_SYNTHETIC_PLANNING_MODEL,base,216300.0000,ALLOCATED_LEGAL_MANAGEMENT_BOOK,2027
1400,asset,2026-09-09T00:00:00Z,2026-09-09,BST,CONDITIONAL_FORECAST,5,MANAGEMENT_FORECAST,PUBLIC_SYNTHETIC_PLANNING_MODEL,base,34631438.0000,ALLOCATED_LEGAL_MANAGEMENT_BOOK,2027
1490,asset,2026-09-09T00:00:00Z,2026-09-09,BST,CONDITIONAL_FORECAST,5,MANAGEMENT_FORECAST,PUBLIC_SYNTHETIC_PLANNING_MODEL,base,-2269996.0000,ALLOCATED_LEGAL_MANAGEMENT_BOOK,2027
1500,asset,2026-09-09T00:00:00Z,2026-09-09,BST,CONDITIONAL_FORECAST,5,MANAGEMENT_FORECAST,PUBLIC_SYNTHETIC_PLANNING_MODEL,base,1500000.0000,ALLOCATED_LEGAL_MANAGEMENT_BOOK,2027
1590,asset,2026-09-09T00:00:00Z,2026-09-09,BST,CONDITIONAL_FORECAST,5,MANAGEMENT_FORECAST,PUBLIC_SYNTHETIC_PLANNING_MODEL,base,-420071.0000,ALLOCATED_LEGAL_MANAGEMENT_BOOK,2027
1800,asset,2026-09-09T00:00:00Z,2026-09-09,BST,CONDITIONAL_FORECAST,5,MANAGEMENT_FORECAST,PUBLIC_SYNTHETIC_PLANNING_MODEL,base,450000.0000,ALLOCATED_LEGAL_MANAGEMENT_BOOK,2027
2000,liability,2026-09-09T00:00:00Z,2026-09-09,BST,CONDITIONAL_FORECAST,5,MANAGEMENT_FORECAST,PUBLIC_SYNTHETIC_PLANNING_MODEL,base,-708338.0000,ALLOCATED_LEGAL_MANAGEMENT_BOOK,2027
2200,liability,2026-09-09T00:00:00Z,2026-09-09,BST,CONDITIONAL_FORECAST,5,MANAGEMENT_FORECAST,PUBLIC_SYNTHETIC_PLANNING_MODEL,base,-1200000.0000,ALLOCATED_LEGAL_MANAGEMENT_BOOK,2027
2300,liability,2026-09-09T00:00:00Z,2026-09-09,BST,CONDITIONAL_FORECAST,5,MANAGEMENT_FORECAST,PUBLIC_SYNTHETIC_PLANNING_MODEL,base,-600000.0000,ALLOCATED_LEGAL_MANAGEMENT_BOOK,2027
2600,liability,2026-09-09T00:00:00Z,2026-09-09,BST,CONDITIONAL_FORECAST,5,MANAGEMENT_FORECAST,PUBLIC_SYNTHETIC_PLANNING_MODEL,base,-1079930.0000,ALLOCATED_LEGAL_MANAGEMENT_BOOK,2027
3000,equity,2026-09-09T00:00:00Z,2026-09-09,BST,CONDITIONAL_FORECAST,5,MANAGEMENT_FORECAST,PUBLIC_SYNTHETIC_PLANNING_MODEL,base,-23710000.0000,ALLOCATED_LEGAL_MANAGEMENT_BOOK,2027
3100,equity,2026-09-09T00:00:00Z,2026-09-09,BST,CONDITIONAL_FORECAST,5,MANAGEMENT_FORECAST,PUBLIC_SYNTHETIC_PLANNING_MODEL,base,526394.0000,ALLOCATED_LEGAL_MANAGEMENT_BOOK,2027
4000,revenue,2026-09-09T00:00:00Z,2026-09-09,BST,CONDITIONAL_FORECAST,5,MANAGEMENT_FORECAST,PUBLIC_SYNTHETIC_PLANNING_MODEL,base,-6477194.0000,ALLOCATED_LEGAL_MANAGEMENT_BOOK,2027
4100,revenue,2026-09-09T00:00:00Z,2026-09-09,BST,CONDITIONAL_FORECAST,5,MANAGEMENT_FORECAST,PUBLIC_SYNTHETIC_PLANNING_MODEL,base,-67422.0000,ALLOCATED_LEGAL_MANAGEMENT_BOOK,2027
5000,expense,2026-09-09T00:00:00Z,2026-09-09,BST,CONDITIONAL_FORECAST,5,MANAGEMENT_FORECAST,PUBLIC_SYNTHETIC_PLANNING_MODEL,base,2580770.0000,ALLOCATED_LEGAL_MANAGEMENT_BOOK,2027
5100,expense,2026-09-09T00:00:00Z,2026-09-09,BST,CONDITIONAL_FORECAST,5,MANAGEMENT_FORECAST,PUBLIC_SYNTHETIC_PLANNING_MODEL,base,3182555.0000,ALLOCATED_LEGAL_MANAGEMENT_BOOK,2027
5200,expense,2026-09-09T00:00:00Z,2026-09-09,BST,CONDITIONAL_FORECAST,5,MANAGEMENT_FORECAST,PUBLIC_SYNTHETIC_PLANNING_MODEL,base,34592.0000,ALLOCATED_LEGAL_MANAGEMENT_BOOK,2027
5300,expense,2026-09-09T00:00:00Z,2026-09-09,BST,CONDITIONAL_FORECAST,5,MANAGEMENT_FORECAST,PUBLIC_SYNTHETIC_PLANNING_MODEL,base,908331.0000,ALLOCATED_LEGAL_MANAGEMENT_BOOK,2027
5400,expense,2026-09-09T00:00:00Z,2026-09-09,BST,CONDITIONAL_FORECAST,5,MANAGEMENT_FORECAST,PUBLIC_SYNTHETIC_PLANNING_MODEL,base,52512.0000,ALLOCATED_LEGAL_MANAGEMENT_BOOK,2027
5700,expense,2026-09-09T00:00:00Z,2026-09-09,BST,CONDITIONAL_FORECAST,5,MANAGEMENT_FORECAST,PUBLIC_SYNTHETIC_PLANNING_MODEL,base,1315.0000,ALLOCATED_LEGAL_MANAGEMENT_BOOK,2027
1150,asset,2026-09-09T00:00:00Z,2026-09-09,ELIM,CONDITIONAL_FORECAST,5,MANAGEMENT_FORECAST,PUBLIC_SYNTHETIC_PLANNING_MODEL,base,-39209.0000,CONSOLIDATION_ELIMINATION_BOOK,2027
2150,liability,2026-09-09T00:00:00Z,2026-09-09,ELIM,CONDITIONAL_FORECAST,5,MANAGEMENT_FORECAST,PUBLIC_SYNTHETIC_PLANNING_MODEL,base,39209.0000,CONSOLIDATION_ELIMINATION_BOOK,2027
3000,equity,2026-09-09T00:00:00Z,2026-09-09,ELIM,CONDITIONAL_FORECAST,5,MANAGEMENT_FORECAST,PUBLIC_SYNTHETIC_PLANNING_MODEL,base,319734696.0000,CONSOLIDATION_ELIMINATION_BOOK,2027
4100,revenue,2026-09-09T00:00:00Z,2026-09-09,ELIM,CONDITIONAL_FORECAST,5,MANAGEMENT_FORECAST,PUBLIC_SYNTHETIC_PLANNING_MODEL,base,843680.1071,CONSOLIDATION_ELIMINATION_BOOK,2027
5150,expense,2026-09-09T00:00:00Z,2026-09-09,ELIM,CONDITIONAL_FORECAST,5,MANAGEMENT_FORECAST,PUBLIC_SYNTHETIC_PLANNING_MODEL,base,-843680.1071,CONSOLIDATION_ELIMINATION_BOOK,2027
INV_ARU,asset,2026-09-09T00:00:00Z,2026-09-09,ELIM,CONDITIONAL_FORECAST,5,MANAGEMENT_FORECAST,PUBLIC_SYNTHETIC_PLANNING_MODEL,base,-56004880.0000,CONSOLIDATION_ELIMINATION_BOOK,2027
INV_BST,asset,2026-09-09T00:00:00Z,2026-09-09,ELIM,CONDITIONAL_FORECAST,5,MANAGEMENT_FORECAST,PUBLIC_SYNTHETIC_PLANNING_MODEL,base,-23710000.0000,CONSOLIDATION_ELIMINATION_BOOK,2027
INV_PS,asset,2026-09-09T00:00:00Z,2026-09-09,ELIM,CONDITIONAL_FORECAST,5,MANAGEMENT_FORECAST,PUBLIC_SYNTHETIC_PLANNING_MODEL,base,-61038312.0000,CONSOLIDATION_ELIMINATION_BOOK,2027
INV_RWH,asset,2026-09-09T00:00:00Z,2026-09-09,ELIM,CONDITIONAL_FORECAST,5,MANAGEMENT_FORECAST,PUBLIC_SYNTHETIC_PLANNING_MODEL,base,-61038312.0000,CONSOLIDATION_ELIMINATION_BOOK,2027
INV_SHIH,asset,2026-09-09T00:00:00Z,2026-09-09,ELIM,CONDITIONAL_FORECAST,5,MANAGEMENT_FORECAST,PUBLIC_SYNTHETIC_PLANNING_MODEL,base,-117943192.0000,CONSOLIDATION_ELIMINATION_BOOK,2027
SHARED_AP,liability,2026-09-09T00:00:00Z,2026-09-09,ELIM,CONDITIONAL_FORECAST,5,MANAGEMENT_FORECAST,PUBLIC_SYNTHETIC_PLANNING_MODEL,base,416666.6665,CONSOLIDATION_ELIMINATION_BOOK,2027
SHARED_AR,asset,2026-09-09T00:00:00Z,2026-09-09,ELIM,CONDITIONAL_FORECAST,5,MANAGEMENT_FORECAST,PUBLIC_SYNTHETIC_PLANNING_MODEL,base,-416666.6665,CONSOLIDATION_ELIMINATION_BOOK,2027
SHARED_EXP,expense,2026-09-09T00:00:00Z,2026-09-09,ELIM,CONDITIONAL_FORECAST,5,MANAGEMENT_FORECAST,PUBLIC_SYNTHETIC_PLANNING_MODEL,base,-416666.6665,CONSOLIDATION_ELIMINATION_BOOK,2027
SHARED_REV,revenue,2026-09-09T00:00:00Z,2026-09-09,ELIM,CONDITIONAL_FORECAST,5,MANAGEMENT_FORECAST,PUBLIC_SYNTHETIC_PLANNING_MODEL,base,416666.6665,CONSOLIDATION_ELIMINATION_BOOK,2027
3000,equity,2026-09-09T00:00:00Z,2026-09-09,PS,CONDITIONAL_FORECAST,5,MANAGEMENT_FORECAST,PUBLIC_SYNTHETIC_PLANNING_MODEL,base,-61038312.0000,ALLOCATED_LEGAL_MANAGEMENT_BOOK,2027
4100,revenue,2026-09-09T00:00:00Z,2026-09-09,PS,CONDITIONAL_FORECAST,5,MANAGEMENT_FORECAST,PUBLIC_SYNTHETIC_PLANNING_MODEL,base,-643749.1071,ALLOCATED_LEGAL_MANAGEMENT_BOOK,2027
5100,expense,2026-09-09T00:00:00Z,2026-09-09,PS,CONDITIONAL_FORECAST,5,MANAGEMENT_FORECAST,PUBLIC_SYNTHETIC_PLANNING_MODEL,base,643749.1071,ALLOCATED_LEGAL_MANAGEMENT_BOOK,2027
INV_RWH,asset,2026-09-09T00:00:00Z,2026-09-09,PS,CONDITIONAL_FORECAST,5,MANAGEMENT_FORECAST,PUBLIC_SYNTHETIC_PLANNING_MODEL,base,61038312.0000,ALLOCATED_LEGAL_MANAGEMENT_BOOK,2027
SHARED_AP,liability,2026-09-09T00:00:00Z,2026-09-09,PS,CONDITIONAL_FORECAST,5,MANAGEMENT_FORECAST,PUBLIC_SYNTHETIC_PLANNING_MODEL,base,-166666.6665,ALLOCATED_LEGAL_MANAGEMENT_BOOK,2027
SHARED_EXP,expense,2026-09-09T00:00:00Z,2026-09-09,PS,CONDITIONAL_FORECAST,5,MANAGEMENT_FORECAST,PUBLIC_SYNTHETIC_PLANNING_MODEL,base,166666.6665,ALLOCATED_LEGAL_MANAGEMENT_BOOK,2027
1000,asset,2026-09-09T00:00:00Z,2026-09-09,RWH,CONDITIONAL_FORECAST,5,MANAGEMENT_FORECAST,PUBLIC_SYNTHETIC_PLANNING_MODEL,base,2000000.0000,ALLOCATED_LEGAL_MANAGEMENT_BOOK,2027
1100,asset,2026-09-09T00:00:00Z,2026-09-09,RWH,CONDITIONAL_FORECAST,5,MANAGEMENT_FORECAST,PUBLIC_SYNTHETIC_PLANNING_MODEL,base,5513707.0000,ALLOCATED_LEGAL_MANAGEMENT_BOOK,2027
1200,asset,2026-09-09T00:00:00Z,2026-09-09,RWH,CONDITIONAL_FORECAST,5,MANAGEMENT_FORECAST,PUBLIC_SYNTHETIC_PLANNING_MODEL,base,9396890.0000,ALLOCATED_LEGAL_MANAGEMENT_BOOK,2027
1210,asset,2026-09-09T00:00:00Z,2026-09-09,RWH,CONDITIONAL_FORECAST,5,MANAGEMENT_FORECAST,PUBLIC_SYNTHETIC_PLANNING_MODEL,base,1176389.0000,ALLOCATED_LEGAL_MANAGEMENT_BOOK,2027
1300,asset,2026-09-09T00:00:00Z,2026-09-09,RWH,CONDITIONAL_FORECAST,5,MANAGEMENT_FORECAST,PUBLIC_SYNTHETIC_PLANNING_MODEL,base,500000.0000,ALLOCATED_LEGAL_MANAGEMENT_BOOK,2027
1400,asset,2026-09-09T00:00:00Z,2026-09-09,RWH,CONDITIONAL_FORECAST,5,MANAGEMENT_FORECAST,PUBLIC_SYNTHETIC_PLANNING_MODEL,base,65216665.0000,ALLOCATED_LEGAL_MANAGEMENT_BOOK,2027
1490,asset,2026-09-09T00:00:00Z,2026-09-09,RWH,CONDITIONAL_FORECAST,5,MANAGEMENT_FORECAST,PUBLIC_SYNTHETIC_PLANNING_MODEL,base,-5162996.0000,ALLOCATED_LEGAL_MANAGEMENT_BOOK,2027
2150,liability,2026-09-09T00:00:00Z,2026-09-09,RWH,CONDITIONAL_FORECAST,5,MANAGEMENT_FORECAST,PUBLIC_SYNTHETIC_PLANNING_MODEL,base,-39209.0000,ALLOCATED_LEGAL_MANAGEMENT_BOOK,2027
2200,liability,2026-09-09T00:00:00Z,2026-09-09,RWH,CONDITIONAL_FORECAST,5,MANAGEMENT_FORECAST,PUBLIC_SYNTHETIC_PLANNING_MODEL,base,-17741337.0000,ALLOCATED_LEGAL_MANAGEMENT_BOOK,2027
2300,liability,2026-09-09T00:00:00Z,2026-09-09,RWH,CONDITIONAL_FORECAST,5,MANAGEMENT_FORECAST,PUBLIC_SYNTHETIC_PLANNING_MODEL,base,-2500000.0000,ALLOCATED_LEGAL_MANAGEMENT_BOOK,2027
2700,current_settlement,2026-09-09T00:00:00Z,2026-09-09,RWH,CONDITIONAL_FORECAST,5,MANAGEMENT_FORECAST,PUBLIC_SYNTHETIC_PLANNING_MODEL,base,-29243.0000,ALLOCATED_LEGAL_MANAGEMENT_BOOK,2027
3000,equity,2026-09-09T00:00:00Z,2026-09-09,RWH,CONDITIONAL_FORECAST,5,MANAGEMENT_FORECAST,PUBLIC_SYNTHETIC_PLANNING_MODEL,base,-61038312.0000,ALLOCATED_LEGAL_MANAGEMENT_BOOK,2027
3100,equity,2026-09-09T00:00:00Z,2026-09-09,RWH,CONDITIONAL_FORECAST,5,MANAGEMENT_FORECAST,PUBLIC_SYNTHETIC_PLANNING_MODEL,base,2869375.0000,ALLOCATED_LEGAL_MANAGEMENT_BOOK,2027
4000,revenue,2026-09-09T00:00:00Z,2026-09-09,RWH,CONDITIONAL_FORECAST,5,MANAGEMENT_FORECAST,PUBLIC_SYNTHETIC_PLANNING_MODEL,base,-16541120.0000,ALLOCATED_LEGAL_MANAGEMENT_BOOK,2027
5100,expense,2026-09-09T00:00:00Z,2026-09-09,RWH,CONDITIONAL_FORECAST,5,MANAGEMENT_FORECAST,PUBLIC_SYNTHETIC_PLANNING_MODEL,base,13458280.8929,ALLOCATED_LEGAL_MANAGEMENT_BOOK,2027
5150,expense,2026-09-09T00:00:00Z,2026-09-09,RWH,CONDITIONAL_FORECAST,5,MANAGEMENT_FORECAST,PUBLIC_SYNTHETIC_PLANNING_MODEL,base,843680.1071,ALLOCATED_LEGAL_MANAGEMENT_BOOK,2027
5200,expense,2026-09-09T00:00:00Z,2026-09-09,RWH,CONDITIONAL_FORECAST,5,MANAGEMENT_FORECAST,PUBLIC_SYNTHETIC_PLANNING_MODEL,base,103204.0000,ALLOCATED_LEGAL_MANAGEMENT_BOOK,2027
5300,expense,2026-09-09T00:00:00Z,2026-09-09,RWH,CONDITIONAL_FORECAST,5,MANAGEMENT_FORECAST,PUBLIC_SYNTHETIC_PLANNING_MODEL,base,1479011.0000,ALLOCATED_LEGAL_MANAGEMENT_BOOK,2027
5500,expense,2026-09-09T00:00:00Z,2026-09-09,RWH,CONDITIONAL_FORECAST,5,MANAGEMENT_FORECAST,PUBLIC_SYNTHETIC_PLANNING_MODEL,base,35546.0000,ALLOCATED_LEGAL_MANAGEMENT_BOOK,2027
5600,expense,2026-09-09T00:00:00Z,2026-09-09,RWH,CONDITIONAL_FORECAST,5,MANAGEMENT_FORECAST,PUBLIC_SYNTHETIC_PLANNING_MODEL,base,459469.0000,ALLOCATED_LEGAL_MANAGEMENT_BOOK,2027
1000,asset,2026-09-09T00:00:00Z,2026-09-09,SHI,CONDITIONAL_FORECAST,5,MANAGEMENT_FORECAST,PUBLIC_SYNTHETIC_PLANNING_MODEL,base,34276307.9357,ALLOCATED_LEGAL_MANAGEMENT_BOOK,2027
3000,equity,2026-09-09T00:00:00Z,2026-09-09,SHI,CONDITIONAL_FORECAST,5,MANAGEMENT_FORECAST,PUBLIC_SYNTHETIC_PLANNING_MODEL,base,-130077307.2574,ALLOCATED_LEGAL_MANAGEMENT_BOOK,2027
3100,equity,2026-09-09T00:00:00Z,2026-09-09,SHI,CONDITIONAL_FORECAST,5,MANAGEMENT_FORECAST,PUBLIC_SYNTHETIC_PLANNING_MODEL,base,37702666.6668,ALLOCATED_LEGAL_MANAGEMENT_BOOK,2027
BIZ_ACCUM,asset,2026-09-09T00:00:00Z,2026-09-09,SHI,CONDITIONAL_FORECAST,5,MANAGEMENT_FORECAST,PUBLIC_SYNTHETIC_PLANNING_MODEL,base,-69547.6188,ALLOCATED_LEGAL_MANAGEMENT_BOOK,2027
BIZ_ALLOWANCE,asset,2026-09-09T00:00:00Z,2026-09-09,SHI,CONDITIONAL_FORECAST,5,MANAGEMENT_FORECAST,PUBLIC_SYNTHETIC_PLANNING_MODEL,base,-1332435.2064,ALLOCATED_LEGAL_MANAGEMENT_BOOK,2027
BIZ_AP,liability,2026-09-09T00:00:00Z,2026-09-09,SHI,CONDITIONAL_FORECAST,5,MANAGEMENT_FORECAST,PUBLIC_SYNTHETIC_PLANNING_MODEL,base,-316642.3000,ALLOCATED_LEGAL_MANAGEMENT_BOOK,2027
BIZ_AR,asset,2026-09-09T00:00:00Z,2026-09-09,SHI,CONDITIONAL_FORECAST,5,MANAGEMENT_FORECAST,PUBLIC_SYNTHETIC_PLANNING_MODEL,base,2676760.3200,ALLOCATED_LEGAL_MANAGEMENT_BOOK,2027
BIZ_COGS,expense,2026-09-09T00:00:00Z,2026-09-09,SHI,CONDITIONAL_FORECAST,5,MANAGEMENT_FORECAST,PUBLIC_SYNTHETIC_PLANNING_MODEL,base,159320.0004,ALLOCATED_LEGAL_MANAGEMENT_BOOK,2027
BIZ_CREDIT_LOSS,expense,2026-09-09T00:00:00Z,2026-09-09,SHI,CONDITIONAL_FORECAST,5,MANAGEMENT_FORECAST,PUBLIC_SYNTHETIC_PLANNING_MODEL,base,1332435.2064,ALLOCATED_LEGAL_MANAGEMENT_BOOK,2027
BIZ_DDA,expense,2026-09-09T00:00:00Z,2026-09-09,SHI,CONDITIONAL_FORECAST,5,MANAGEMENT_FORECAST,PUBLIC_SYNTHETIC_PLANNING_MODEL,base,69547.6188,ALLOCATED_LEGAL_MANAGEMENT_BOOK,2027
BIZ_DEFERRED,liability,2026-09-09T00:00:00Z,2026-09-09,SHI,CONDITIONAL_FORECAST,5,MANAGEMENT_FORECAST,PUBLIC_SYNTHETIC_PLANNING_MODEL,base,-36698400.0000,ALLOCATED_LEGAL_MANAGEMENT_BOOK,2027
BIZ_DELIVERY,expense,2026-09-09T00:00:00Z,2026-09-09,SHI,CONDITIONAL_FORECAST,5,MANAGEMENT_FORECAST,PUBLIC_SYNTHETIC_PLANNING_MODEL,base,577129.2000,ALLOCATED_LEGAL_MANAGEMENT_BOOK,2027
BIZ_HOST_AP,liability,2026-09-09T00:00:00Z,2026-09-09,SHI,CONDITIONAL_FORECAST,5,MANAGEMENT_FORECAST,PUBLIC_SYNTHETIC_PLANNING_MODEL,base,-39904.1280,ALLOCATED_LEGAL_MANAGEMENT_BOOK,2027
BIZ_HOST_SHARE,expense,2026-09-09T00:00:00Z,2026-09-09,SHI,CONDITIONAL_FORECAST,5,MANAGEMENT_FORECAST,PUBLIC_SYNTHETIC_PLANNING_MODEL,base,79808.2560,ALLOCATED_LEGAL_MANAGEMENT_BOOK,2027
BIZ_INVENTORY,asset,2026-09-09T00:00:00Z,2026-09-09,SHI,CONDITIONAL_FORECAST,5,MANAGEMENT_FORECAST,PUBLIC_SYNTHETIC_PLANNING_MODEL,base,39830.0001,ALLOCATED_LEGAL_MANAGEMENT_BOOK,2027
BIZ_PAYROLL,expense,2026-09-09T00:00:00Z,2026-09-09,SHI,CONDITIONAL_FORECAST,5,MANAGEMENT_FORECAST,PUBLIC_SYNTHETIC_PLANNING_MODEL,base,30814583.2865,ALLOCATED_LEGAL_MANAGEMENT_BOOK,2027
BIZ_PPE,asset,2026-09-09T00:00:00Z,2026-09-09,SHI,CONDITIONAL_FORECAST,5,MANAGEMENT_FORECAST,PUBLIC_SYNTHETIC_PLANNING_MODEL,base,1600000.0000,ALLOCATED_LEGAL_MANAGEMENT_BOOK,2027
BIZ_PROCESSING,expense,2026-09-09T00:00:00Z,2026-09-09,SHI,CONDITIONAL_FORECAST,5,MANAGEMENT_FORECAST,PUBLIC_SYNTHETIC_PLANNING_MODEL,base,78625.0000,ALLOCATED_LEGAL_MANAGEMENT_BOOK,2027
BIZ_RESEARCH,expense,2026-09-09T00:00:00Z,2026-09-09,SHI,CONDITIONAL_FORECAST,5,MANAGEMENT_FORECAST,PUBLIC_SYNTHETIC_PLANNING_MODEL,base,245082.5000,ALLOCATED_LEGAL_MANAGEMENT_BOOK,2027
BIZ_REVENUE,revenue,2026-09-09T00:00:00Z,2026-09-09,SHI,CONDITIONAL_FORECAST,5,MANAGEMENT_FORECAST,PUBLIC_SYNTHETIC_PLANNING_MODEL,base,-26462750.0800,ALLOCATED_LEGAL_MANAGEMENT_BOOK,2027
BIZ_SUPPORT,expense,2026-09-09T00:00:00Z,2026-09-09,SHI,CONDITIONAL_FORECAST,5,MANAGEMENT_FORECAST,PUBLIC_SYNTHETIC_PLANNING_MODEL,base,565000.0000,ALLOCATED_LEGAL_MANAGEMENT_BOOK,2027
CORE_ACCUM,asset,2026-09-09T00:00:00Z,2026-09-09,SHI,CONDITIONAL_FORECAST,5,MANAGEMENT_FORECAST,PUBLIC_SYNTHETIC_PLANNING_MODEL,base,-564805.9685,ALLOCATED_LEGAL_MANAGEMENT_BOOK,2027
CORE_DDA,expense,2026-09-09T00:00:00Z,2026-09-09,SHI,CONDITIONAL_FORECAST,5,MANAGEMENT_FORECAST,PUBLIC_SYNTHETIC_PLANNING_MODEL,base,564805.9685,ALLOCATED_LEGAL_MANAGEMENT_BOOK,2027
CORE_INTEREST,expense,2026-09-09T00:00:00Z,2026-09-09,SHI,CONDITIONAL_FORECAST,5,MANAGEMENT_FORECAST,PUBLIC_SYNTHETIC_PLANNING_MODEL,base,950625.0000,ALLOCATED_LEGAL_MANAGEMENT_BOOK,2027
INV_SHIH,asset,2026-09-09T00:00:00Z,2026-09-09,SHI,CONDITIONAL_FORECAST,5,MANAGEMENT_FORECAST,PUBLIC_SYNTHETIC_PLANNING_MODEL,base,117943192.0000,ALLOCATED_LEGAL_MANAGEMENT_BOOK,2027
LEG_1500,asset,2026-09-09T00:00:00Z,2026-09-09,SHI,CONDITIONAL_FORECAST,5,MANAGEMENT_FORECAST,PUBLIC_SYNTHETIC_PLANNING_MODEL,base,9497024.0000,ALLOCATED_LEGAL_MANAGEMENT_BOOK,2027
LEG_1590,asset,2026-09-09T00:00:00Z,2026-09-09,SHI,CONDITIONAL_FORECAST,5,MANAGEMENT_FORECAST,PUBLIC_SYNTHETIC_PLANNING_MODEL,base,-8283.7333,ALLOCATED_LEGAL_MANAGEMENT_BOOK,2027
LEG_1600,asset,2026-09-09T00:00:00Z,2026-09-09,SHI,CONDITIONAL_FORECAST,5,MANAGEMENT_FORECAST,PUBLIC_SYNTHETIC_PLANNING_MODEL,base,30000000.0000,ALLOCATED_LEGAL_MANAGEMENT_BOOK,2027
LEG_2500,liability,2026-09-09T00:00:00Z,2026-09-09,SHI,CONDITIONAL_FORECAST,5,MANAGEMENT_FORECAST,PUBLIC_SYNTHETIC_PLANNING_MODEL,base,-34800000.0000,ALLOCATED_LEGAL_MANAGEMENT_BOOK,2027
LEG_2510,liability,2026-09-09T00:00:00Z,2026-09-09,SHI,CONDITIONAL_FORECAST,5,MANAGEMENT_FORECAST,PUBLIC_SYNTHETIC_PLANNING_MODEL,base,-2666.6668,ALLOCATED_LEGAL_MANAGEMENT_BOOK,2027
LEG_3000,equity,2026-09-09T00:00:00Z,2026-09-09,SHI,CONDITIONAL_FORECAST,5,MANAGEMENT_FORECAST,PUBLIC_SYNTHETIC_PLANNING_MODEL,base,-38800000.0000,ALLOCATED_LEGAL_MANAGEMENT_BOOK,2027
SHARED_AR,asset,2026-09-09T00:00:00Z,2026-09-09,SHI,CONDITIONAL_FORECAST,5,MANAGEMENT_FORECAST,PUBLIC_SYNTHETIC_PLANNING_MODEL,base,416666.6665,ALLOCATED_LEGAL_MANAGEMENT_BOOK,2027
SHARED_REV,revenue,2026-09-09T00:00:00Z,2026-09-09,SHI,CONDITIONAL_FORECAST,5,MANAGEMENT_FORECAST,PUBLIC_SYNTHETIC_PLANNING_MODEL,base,-416666.6665,ALLOCATED_LEGAL_MANAGEMENT_BOOK,2027
3000,equity,2026-09-09T00:00:00Z,2026-09-09,SHIH,CONDITIONAL_FORECAST,5,MANAGEMENT_FORECAST,PUBLIC_SYNTHETIC_PLANNING_MODEL,base,-117943192.0000,ALLOCATED_LEGAL_MANAGEMENT_BOOK,2027
3100,equity,2026-09-09T00:00:00Z,2026-09-09,SHIH,CONDITIONAL_FORECAST,5,MANAGEMENT_FORECAST,PUBLIC_SYNTHETIC_PLANNING_MODEL,base,900000.0000,ALLOCATED_LEGAL_MANAGEMENT_BOOK,2027
INV_ARU,asset,2026-09-09T00:00:00Z,2026-09-09,SHIH,CONDITIONAL_FORECAST,5,MANAGEMENT_FORECAST,PUBLIC_SYNTHETIC_PLANNING_MODEL,base,56004880.0000,ALLOCATED_LEGAL_MANAGEMENT_BOOK,2027
INV_PS,asset,2026-09-09T00:00:00Z,2026-09-09,SHIH,CONDITIONAL_FORECAST,5,MANAGEMENT_FORECAST,PUBLIC_SYNTHETIC_PLANNING_MODEL,base,61038312.0000,ALLOCATED_LEGAL_MANAGEMENT_BOOK,2027
1000,asset,2026-09-09T00:00:00Z,2026-09-09,ARU,CONDITIONAL_FORECAST,6,MANAGEMENT_FORECAST,PUBLIC_SYNTHETIC_PLANNING_MODEL,base,1706083.0000,ALLOCATED_LEGAL_MANAGEMENT_BOOK,2027
1100,asset,2026-09-09T00:00:00Z,2026-09-09,ARU,CONDITIONAL_FORECAST,6,MANAGEMENT_FORECAST,PUBLIC_SYNTHETIC_PLANNING_MODEL,base,3773661.0000,ALLOCATED_LEGAL_MANAGEMENT_BOOK,2027
1150,asset,2026-09-09T00:00:00Z,2026-09-09,ARU,CONDITIONAL_FORECAST,6,MANAGEMENT_FORECAST,PUBLIC_SYNTHETIC_PLANNING_MODEL,base,-13049.0000,ALLOCATED_LEGAL_MANAGEMENT_BOOK,2027
1180,intercompany,2026-09-09T00:00:00Z,2026-09-09,ARU,CONDITIONAL_FORECAST,6,MANAGEMENT_FORECAST,PUBLIC_SYNTHETIC_PLANNING_MODEL,base,11106521.0000,ALLOCATED_LEGAL_MANAGEMENT_BOOK,2027
1200,asset,2026-09-09T00:00:00Z,2026-09-09,ARU,CONDITIONAL_FORECAST,6,MANAGEMENT_FORECAST,PUBLIC_SYNTHETIC_PLANNING_MODEL,base,1214138.0000,ALLOCATED_LEGAL_MANAGEMENT_BOOK,2027
1300,asset,2026-09-09T00:00:00Z,2026-09-09,ARU,CONDITIONAL_FORECAST,6,MANAGEMENT_FORECAST,PUBLIC_SYNTHETIC_PLANNING_MODEL,base,504700.0000,ALLOCATED_LEGAL_MANAGEMENT_BOOK,2027
1400,asset,2026-09-09T00:00:00Z,2026-09-09,ARU,CONDITIONAL_FORECAST,6,MANAGEMENT_FORECAST,PUBLIC_SYNTHETIC_PLANNING_MODEL,base,28462275.0000,ALLOCATED_LEGAL_MANAGEMENT_BOOK,2027
1490,asset,2026-09-09T00:00:00Z,2026-09-09,ARU,CONDITIONAL_FORECAST,6,MANAGEMENT_FORECAST,PUBLIC_SYNTHETIC_PLANNING_MODEL,base,-1989280.0000,ALLOCATED_LEGAL_MANAGEMENT_BOOK,2027
1500,asset,2026-09-09T00:00:00Z,2026-09-09,ARU,CONDITIONAL_FORECAST,6,MANAGEMENT_FORECAST,PUBLIC_SYNTHETIC_PLANNING_MODEL,base,1000000.0000,ALLOCATED_LEGAL_MANAGEMENT_BOOK,2027
1590,asset,2026-09-09T00:00:00Z,2026-09-09,ARU,CONDITIONAL_FORECAST,6,MANAGEMENT_FORECAST,PUBLIC_SYNTHETIC_PLANNING_MODEL,base,-296714.0000,ALLOCATED_LEGAL_MANAGEMENT_BOOK,2027
1600,asset,2026-09-09T00:00:00Z,2026-09-09,ARU,CONDITIONAL_FORECAST,6,MANAGEMENT_FORECAST,PUBLIC_SYNTHETIC_PLANNING_MODEL,base,14762500.0000,ALLOCATED_LEGAL_MANAGEMENT_BOOK,2027
1700,liability,2026-09-09T00:00:00Z,2026-09-09,ARU,CONDITIONAL_FORECAST,6,MANAGEMENT_FORECAST,PUBLIC_SYNTHETIC_PLANNING_MODEL,base,210968.0000,ALLOCATED_LEGAL_MANAGEMENT_BOOK,2027
1800,asset,2026-09-09T00:00:00Z,2026-09-09,ARU,CONDITIONAL_FORECAST,6,MANAGEMENT_FORECAST,PUBLIC_SYNTHETIC_PLANNING_MODEL,base,137500.0000,ALLOCATED_LEGAL_MANAGEMENT_BOOK,2027
2000,liability,2026-09-09T00:00:00Z,2026-09-09,ARU,CONDITIONAL_FORECAST,6,MANAGEMENT_FORECAST,PUBLIC_SYNTHETIC_PLANNING_MODEL,base,-1062430.0000,ALLOCATED_LEGAL_MANAGEMENT_BOOK,2027
2200,liability,2026-09-09T00:00:00Z,2026-09-09,ARU,CONDITIONAL_FORECAST,6,MANAGEMENT_FORECAST,PUBLIC_SYNTHETIC_PLANNING_MODEL,base,-550000.0000,ALLOCATED_LEGAL_MANAGEMENT_BOOK,2027
2250,liability,2026-09-09T00:00:00Z,2026-09-09,ARU,CONDITIONAL_FORECAST,6,MANAGEMENT_FORECAST,PUBLIC_SYNTHETIC_PLANNING_MODEL,base,-325000.0000,ALLOCATED_LEGAL_MANAGEMENT_BOOK,2027
2400,liability,2026-09-09T00:00:00Z,2026-09-09,ARU,CONDITIONAL_FORECAST,6,MANAGEMENT_FORECAST,PUBLIC_SYNTHETIC_PLANNING_MODEL,base,-20625000.0000,ALLOCATED_LEGAL_MANAGEMENT_BOOK,2027
2600,liability,2026-09-09T00:00:00Z,2026-09-09,ARU,CONDITIONAL_FORECAST,6,MANAGEMENT_FORECAST,PUBLIC_SYNTHETIC_PLANNING_MODEL,base,-703287.0000,ALLOCATED_LEGAL_MANAGEMENT_BOOK,2027
3000,equity,2026-09-09T00:00:00Z,2026-09-09,ARU,CONDITIONAL_FORECAST,6,MANAGEMENT_FORECAST,PUBLIC_SYNTHETIC_PLANNING_MODEL,base,-56004880.0000,ALLOCATED_LEGAL_MANAGEMENT_BOOK,2027
3100,equity,2026-09-09T00:00:00Z,2026-09-09,ARU,CONDITIONAL_FORECAST,6,MANAGEMENT_FORECAST,PUBLIC_SYNTHETIC_PLANNING_MODEL,base,-3617621.0000,ALLOCATED_LEGAL_MANAGEMENT_BOOK,2027
4000,revenue,2026-09-09T00:00:00Z,2026-09-09,ARU,CONDITIONAL_FORECAST,6,MANAGEMENT_FORECAST,PUBLIC_SYNTHETIC_PLANNING_MODEL,base,-13435232.0000,ALLOCATED_LEGAL_MANAGEMENT_BOOK,2027
4100,revenue,2026-09-09T00:00:00Z,2026-09-09,ARU,CONDITIONAL_FORECAST,6,MANAGEMENT_FORECAST,PUBLIC_SYNTHETIC_PLANNING_MODEL,base,-160610.0000,ALLOCATED_LEGAL_MANAGEMENT_BOOK,2027
5000,expense,2026-09-09T00:00:00Z,2026-09-09,ARU,CONDITIONAL_FORECAST,6,MANAGEMENT_FORECAST,PUBLIC_SYNTHETIC_PLANNING_MODEL,base,3786510.0000,ALLOCATED_LEGAL_MANAGEMENT_BOOK,2027
5100,expense,2026-09-09T00:00:00Z,2026-09-09,ARU,CONDITIONAL_FORECAST,6,MANAGEMENT_FORECAST,PUBLIC_SYNTHETIC_PLANNING_MODEL,base,6236517.0000,ALLOCATED_LEGAL_MANAGEMENT_BOOK,2027
5200,expense,2026-09-09T00:00:00Z,2026-09-09,ARU,CONDITIONAL_FORECAST,6,MANAGEMENT_FORECAST,PUBLIC_SYNTHETIC_PLANNING_MODEL,base,122246.0000,ALLOCATED_LEGAL_MANAGEMENT_BOOK,2027
5300,expense,2026-09-09T00:00:00Z,2026-09-09,ARU,CONDITIONAL_FORECAST,6,MANAGEMENT_FORECAST,PUBLIC_SYNTHETIC_PLANNING_MODEL,base,893940.0000,ALLOCATED_LEGAL_MANAGEMENT_BOOK,2027
5400,expense,2026-09-09T00:00:00Z,2026-09-09,ARU,CONDITIONAL_FORECAST,6,MANAGEMENT_FORECAST,PUBLIC_SYNTHETIC_PLANNING_MODEL,base,721505.0000,ALLOCATED_LEGAL_MANAGEMENT_BOOK,2027
5500,expense,2026-09-09T00:00:00Z,2026-09-09,ARU,CONDITIONAL_FORECAST,6,MANAGEMENT_FORECAST,PUBLIC_SYNTHETIC_PLANNING_MODEL,base,318802.0000,ALLOCATED_LEGAL_MANAGEMENT_BOOK,2027
5501,expense,2026-09-09T00:00:00Z,2026-09-09,ARU,CONDITIONAL_FORECAST,6,MANAGEMENT_FORECAST,PUBLIC_SYNTHETIC_PLANNING_MODEL,base,108333.0000,ALLOCATED_LEGAL_MANAGEMENT_BOOK,2027
5700,expense,2026-09-09T00:00:00Z,2026-09-09,ARU,CONDITIONAL_FORECAST,6,MANAGEMENT_FORECAST,PUBLIC_SYNTHETIC_PLANNING_MODEL,base,6904.0000,ALLOCATED_LEGAL_MANAGEMENT_BOOK,2027
INV_BST,asset,2026-09-09T00:00:00Z,2026-09-09,ARU,CONDITIONAL_FORECAST,6,MANAGEMENT_FORECAST,PUBLIC_SYNTHETIC_PLANNING_MODEL,base,23710000.0000,ALLOCATED_LEGAL_MANAGEMENT_BOOK,2027
SHARED_AP,liability,2026-09-09T00:00:00Z,2026-09-09,ARU,CONDITIONAL_FORECAST,6,MANAGEMENT_FORECAST,PUBLIC_SYNTHETIC_PLANNING_MODEL,base,-300000.0000,ALLOCATED_LEGAL_MANAGEMENT_BOOK,2027
SHARED_EXP,expense,2026-09-09T00:00:00Z,2026-09-09,ARU,CONDITIONAL_FORECAST,6,MANAGEMENT_FORECAST,PUBLIC_SYNTHETIC_PLANNING_MODEL,base,300000.0000,ALLOCATED_LEGAL_MANAGEMENT_BOOK,2027
1000,asset,2026-09-09T00:00:00Z,2026-09-09,BST,CONDITIONAL_FORECAST,6,MANAGEMENT_FORECAST,PUBLIC_SYNTHETIC_PLANNING_MODEL,base,731179.0000,ALLOCATED_LEGAL_MANAGEMENT_BOOK,2027
1100,asset,2026-09-09T00:00:00Z,2026-09-09,BST,CONDITIONAL_FORECAST,6,MANAGEMENT_FORECAST,PUBLIC_SYNTHETIC_PLANNING_MODEL,base,2216277.0000,ALLOCATED_LEGAL_MANAGEMENT_BOOK,2027
1150,asset,2026-09-09T00:00:00Z,2026-09-09,BST,CONDITIONAL_FORECAST,6,MANAGEMENT_FORECAST,PUBLIC_SYNTHETIC_PLANNING_MODEL,base,55328.0000,ALLOCATED_LEGAL_MANAGEMENT_BOOK,2027
1180,intercompany,2026-09-09T00:00:00Z,2026-09-09,BST,CONDITIONAL_FORECAST,6,MANAGEMENT_FORECAST,PUBLIC_SYNTHETIC_PLANNING_MODEL,base,-11106521.0000,ALLOCATED_LEGAL_MANAGEMENT_BOOK,2027
1200,asset,2026-09-09T00:00:00Z,2026-09-09,BST,CONDITIONAL_FORECAST,6,MANAGEMENT_FORECAST,PUBLIC_SYNTHETIC_PLANNING_MODEL,base,653767.0000,ALLOCATED_LEGAL_MANAGEMENT_BOOK,2027
1300,asset,2026-09-09T00:00:00Z,2026-09-09,BST,CONDITIONAL_FORECAST,6,MANAGEMENT_FORECAST,PUBLIC_SYNTHETIC_PLANNING_MODEL,base,216300.0000,ALLOCATED_LEGAL_MANAGEMENT_BOOK,2027
1400,asset,2026-09-09T00:00:00Z,2026-09-09,BST,CONDITIONAL_FORECAST,6,MANAGEMENT_FORECAST,PUBLIC_SYNTHETIC_PLANNING_MODEL,base,34787225.0000,ALLOCATED_LEGAL_MANAGEMENT_BOOK,2027
1490,asset,2026-09-09T00:00:00Z,2026-09-09,BST,CONDITIONAL_FORECAST,6,MANAGEMENT_FORECAST,PUBLIC_SYNTHETIC_PLANNING_MODEL,base,-2431342.0000,ALLOCATED_LEGAL_MANAGEMENT_BOOK,2027
1500,asset,2026-09-09T00:00:00Z,2026-09-09,BST,CONDITIONAL_FORECAST,6,MANAGEMENT_FORECAST,PUBLIC_SYNTHETIC_PLANNING_MODEL,base,1500000.0000,ALLOCATED_LEGAL_MANAGEMENT_BOOK,2027
1590,asset,2026-09-09T00:00:00Z,2026-09-09,BST,CONDITIONAL_FORECAST,6,MANAGEMENT_FORECAST,PUBLIC_SYNTHETIC_PLANNING_MODEL,base,-445071.0000,ALLOCATED_LEGAL_MANAGEMENT_BOOK,2027
1800,asset,2026-09-09T00:00:00Z,2026-09-09,BST,CONDITIONAL_FORECAST,6,MANAGEMENT_FORECAST,PUBLIC_SYNTHETIC_PLANNING_MODEL,base,450000.0000,ALLOCATED_LEGAL_MANAGEMENT_BOOK,2027
2000,liability,2026-09-09T00:00:00Z,2026-09-09,BST,CONDITIONAL_FORECAST,6,MANAGEMENT_FORECAST,PUBLIC_SYNTHETIC_PLANNING_MODEL,base,-708287.0000,ALLOCATED_LEGAL_MANAGEMENT_BOOK,2027
2200,liability,2026-09-09T00:00:00Z,2026-09-09,BST,CONDITIONAL_FORECAST,6,MANAGEMENT_FORECAST,PUBLIC_SYNTHETIC_PLANNING_MODEL,base,-1200000.0000,ALLOCATED_LEGAL_MANAGEMENT_BOOK,2027
2300,liability,2026-09-09T00:00:00Z,2026-09-09,BST,CONDITIONAL_FORECAST,6,MANAGEMENT_FORECAST,PUBLIC_SYNTHETIC_PLANNING_MODEL,base,-600000.0000,ALLOCATED_LEGAL_MANAGEMENT_BOOK,2027
2600,liability,2026-09-09T00:00:00Z,2026-09-09,BST,CONDITIONAL_FORECAST,6,MANAGEMENT_FORECAST,PUBLIC_SYNTHETIC_PLANNING_MODEL,base,-1054930.0000,ALLOCATED_LEGAL_MANAGEMENT_BOOK,2027
3000,equity,2026-09-09T00:00:00Z,2026-09-09,BST,CONDITIONAL_FORECAST,6,MANAGEMENT_FORECAST,PUBLIC_SYNTHETIC_PLANNING_MODEL,base,-23710000.0000,ALLOCATED_LEGAL_MANAGEMENT_BOOK,2027
3100,equity,2026-09-09T00:00:00Z,2026-09-09,BST,CONDITIONAL_FORECAST,6,MANAGEMENT_FORECAST,PUBLIC_SYNTHETIC_PLANNING_MODEL,base,526394.0000,ALLOCATED_LEGAL_MANAGEMENT_BOOK,2027
4000,revenue,2026-09-09T00:00:00Z,2026-09-09,BST,CONDITIONAL_FORECAST,6,MANAGEMENT_FORECAST,PUBLIC_SYNTHETIC_PLANNING_MODEL,base,-7951258.0000,ALLOCATED_LEGAL_MANAGEMENT_BOOK,2027
4100,revenue,2026-09-09T00:00:00Z,2026-09-09,BST,CONDITIONAL_FORECAST,6,MANAGEMENT_FORECAST,PUBLIC_SYNTHETIC_PLANNING_MODEL,base,-81600.0000,ALLOCATED_LEGAL_MANAGEMENT_BOOK,2027
5000,expense,2026-09-09T00:00:00Z,2026-09-09,BST,CONDITIONAL_FORECAST,6,MANAGEMENT_FORECAST,PUBLIC_SYNTHETIC_PLANNING_MODEL,base,3096924.0000,ALLOCATED_LEGAL_MANAGEMENT_BOOK,2027
5100,expense,2026-09-09T00:00:00Z,2026-09-09,BST,CONDITIONAL_FORECAST,6,MANAGEMENT_FORECAST,PUBLIC_SYNTHETIC_PLANNING_MODEL,base,3857143.0000,ALLOCATED_LEGAL_MANAGEMENT_BOOK,2027
5200,expense,2026-09-09T00:00:00Z,2026-09-09,BST,CONDITIONAL_FORECAST,6,MANAGEMENT_FORECAST,PUBLIC_SYNTHETIC_PLANNING_MODEL,base,41824.0000,ALLOCATED_LEGAL_MANAGEMENT_BOOK,2027
5300,expense,2026-09-09T00:00:00Z,2026-09-09,BST,CONDITIONAL_FORECAST,6,MANAGEMENT_FORECAST,PUBLIC_SYNTHETIC_PLANNING_MODEL,base,1092593.0000,ALLOCATED_LEGAL_MANAGEMENT_BOOK,2027
5400,expense,2026-09-09T00:00:00Z,2026-09-09,BST,CONDITIONAL_FORECAST,6,MANAGEMENT_FORECAST,PUBLIC_SYNTHETIC_PLANNING_MODEL,base,62740.0000,ALLOCATED_LEGAL_MANAGEMENT_BOOK,2027
5700,expense,2026-09-09T00:00:00Z,2026-09-09,BST,CONDITIONAL_FORECAST,6,MANAGEMENT_FORECAST,PUBLIC_SYNTHETIC_PLANNING_MODEL,base,1315.0000,ALLOCATED_LEGAL_MANAGEMENT_BOOK,2027
1150,asset,2026-09-09T00:00:00Z,2026-09-09,ELIM,CONDITIONAL_FORECAST,6,MANAGEMENT_FORECAST,PUBLIC_SYNTHETIC_PLANNING_MODEL,base,-42279.0000,CONSOLIDATION_ELIMINATION_BOOK,2027
2150,liability,2026-09-09T00:00:00Z,2026-09-09,ELIM,CONDITIONAL_FORECAST,6,MANAGEMENT_FORECAST,PUBLIC_SYNTHETIC_PLANNING_MODEL,base,42279.0000,CONSOLIDATION_ELIMINATION_BOOK,2027
3000,equity,2026-09-09T00:00:00Z,2026-09-09,ELIM,CONDITIONAL_FORECAST,6,MANAGEMENT_FORECAST,PUBLIC_SYNTHETIC_PLANNING_MODEL,base,319982436.0000,CONSOLIDATION_ELIMINATION_BOOK,2027
4100,revenue,2026-09-09T00:00:00Z,2026-09-09,ELIM,CONDITIONAL_FORECAST,6,MANAGEMENT_FORECAST,PUBLIC_SYNTHETIC_PLANNING_MODEL,base,1014708.9286,CONSOLIDATION_ELIMINATION_BOOK,2027
5150,expense,2026-09-09T00:00:00Z,2026-09-09,ELIM,CONDITIONAL_FORECAST,6,MANAGEMENT_FORECAST,PUBLIC_SYNTHETIC_PLANNING_MODEL,base,-1014708.9286,CONSOLIDATION_ELIMINATION_BOOK,2027
INV_ARU,asset,2026-09-09T00:00:00Z,2026-09-09,ELIM,CONDITIONAL_FORECAST,6,MANAGEMENT_FORECAST,PUBLIC_SYNTHETIC_PLANNING_MODEL,base,-56004880.0000,CONSOLIDATION_ELIMINATION_BOOK,2027
INV_BST,asset,2026-09-09T00:00:00Z,2026-09-09,ELIM,CONDITIONAL_FORECAST,6,MANAGEMENT_FORECAST,PUBLIC_SYNTHETIC_PLANNING_MODEL,base,-23710000.0000,CONSOLIDATION_ELIMINATION_BOOK,2027
INV_PS,asset,2026-09-09T00:00:00Z,2026-09-09,ELIM,CONDITIONAL_FORECAST,6,MANAGEMENT_FORECAST,PUBLIC_SYNTHETIC_PLANNING_MODEL,base,-61120892.0000,CONSOLIDATION_ELIMINATION_BOOK,2027
INV_RWH,asset,2026-09-09T00:00:00Z,2026-09-09,ELIM,CONDITIONAL_FORECAST,6,MANAGEMENT_FORECAST,PUBLIC_SYNTHETIC_PLANNING_MODEL,base,-61120892.0000,CONSOLIDATION_ELIMINATION_BOOK,2027
INV_SHIH,asset,2026-09-09T00:00:00Z,2026-09-09,ELIM,CONDITIONAL_FORECAST,6,MANAGEMENT_FORECAST,PUBLIC_SYNTHETIC_PLANNING_MODEL,base,-118025772.0000,CONSOLIDATION_ELIMINATION_BOOK,2027
SHARED_AP,liability,2026-09-09T00:00:00Z,2026-09-09,ELIM,CONDITIONAL_FORECAST,6,MANAGEMENT_FORECAST,PUBLIC_SYNTHETIC_PLANNING_MODEL,base,499999.9998,CONSOLIDATION_ELIMINATION_BOOK,2027
SHARED_AR,asset,2026-09-09T00:00:00Z,2026-09-09,ELIM,CONDITIONAL_FORECAST,6,MANAGEMENT_FORECAST,PUBLIC_SYNTHETIC_PLANNING_MODEL,base,-499999.9998,CONSOLIDATION_ELIMINATION_BOOK,2027
SHARED_EXP,expense,2026-09-09T00:00:00Z,2026-09-09,ELIM,CONDITIONAL_FORECAST,6,MANAGEMENT_FORECAST,PUBLIC_SYNTHETIC_PLANNING_MODEL,base,-499999.9998,CONSOLIDATION_ELIMINATION_BOOK,2027
SHARED_REV,revenue,2026-09-09T00:00:00Z,2026-09-09,ELIM,CONDITIONAL_FORECAST,6,MANAGEMENT_FORECAST,PUBLIC_SYNTHETIC_PLANNING_MODEL,base,499999.9998,CONSOLIDATION_ELIMINATION_BOOK,2027
3000,equity,2026-09-09T00:00:00Z,2026-09-09,PS,CONDITIONAL_FORECAST,6,MANAGEMENT_FORECAST,PUBLIC_SYNTHETIC_PLANNING_MODEL,base,-61120892.0000,ALLOCATED_LEGAL_MANAGEMENT_BOOK,2027
4100,revenue,2026-09-09T00:00:00Z,2026-09-09,PS,CONDITIONAL_FORECAST,6,MANAGEMENT_FORECAST,PUBLIC_SYNTHETIC_PLANNING_MODEL,base,-772498.9286,ALLOCATED_LEGAL_MANAGEMENT_BOOK,2027
5100,expense,2026-09-09T00:00:00Z,2026-09-09,PS,CONDITIONAL_FORECAST,6,MANAGEMENT_FORECAST,PUBLIC_SYNTHETIC_PLANNING_MODEL,base,772498.9286,ALLOCATED_LEGAL_MANAGEMENT_BOOK,2027
INV_RWH,asset,2026-09-09T00:00:00Z,2026-09-09,PS,CONDITIONAL_FORECAST,6,MANAGEMENT_FORECAST,PUBLIC_SYNTHETIC_PLANNING_MODEL,base,61120892.0000,ALLOCATED_LEGAL_MANAGEMENT_BOOK,2027
SHARED_AP,liability,2026-09-09T00:00:00Z,2026-09-09,PS,CONDITIONAL_FORECAST,6,MANAGEMENT_FORECAST,PUBLIC_SYNTHETIC_PLANNING_MODEL,base,-199999.9998,ALLOCATED_LEGAL_MANAGEMENT_BOOK,2027
SHARED_EXP,expense,2026-09-09T00:00:00Z,2026-09-09,PS,CONDITIONAL_FORECAST,6,MANAGEMENT_FORECAST,PUBLIC_SYNTHETIC_PLANNING_MODEL,base,199999.9998,ALLOCATED_LEGAL_MANAGEMENT_BOOK,2027
1000,asset,2026-09-09T00:00:00Z,2026-09-09,RWH,CONDITIONAL_FORECAST,6,MANAGEMENT_FORECAST,PUBLIC_SYNTHETIC_PLANNING_MODEL,base,2000000.0000,ALLOCATED_LEGAL_MANAGEMENT_BOOK,2027
1100,asset,2026-09-09T00:00:00Z,2026-09-09,RWH,CONDITIONAL_FORECAST,6,MANAGEMENT_FORECAST,PUBLIC_SYNTHETIC_PLANNING_MODEL,base,5725773.0000,ALLOCATED_LEGAL_MANAGEMENT_BOOK,2027
1200,asset,2026-09-09T00:00:00Z,2026-09-09,RWH,CONDITIONAL_FORECAST,6,MANAGEMENT_FORECAST,PUBLIC_SYNTHETIC_PLANNING_MODEL,base,9174495.0000,ALLOCATED_LEGAL_MANAGEMENT_BOOK,2027
1210,asset,2026-09-09T00:00:00Z,2026-09-09,RWH,CONDITIONAL_FORECAST,6,MANAGEMENT_FORECAST,PUBLIC_SYNTHETIC_PLANNING_MODEL,base,1152498.0000,ALLOCATED_LEGAL_MANAGEMENT_BOOK,2027
1300,asset,2026-09-09T00:00:00Z,2026-09-09,RWH,CONDITIONAL_FORECAST,6,MANAGEMENT_FORECAST,PUBLIC_SYNTHETIC_PLANNING_MODEL,base,500000.0000,ALLOCATED_LEGAL_MANAGEMENT_BOOK,2027
1400,asset,2026-09-09T00:00:00Z,2026-09-09,RWH,CONDITIONAL_FORECAST,6,MANAGEMENT_FORECAST,PUBLIC_SYNTHETIC_PLANNING_MODEL,base,65809998.0000,ALLOCATED_LEGAL_MANAGEMENT_BOOK,2027
1490,asset,2026-09-09T00:00:00Z,2026-09-09,RWH,CONDITIONAL_FORECAST,6,MANAGEMENT_FORECAST,PUBLIC_SYNTHETIC_PLANNING_MODEL,base,-5484788.0000,ALLOCATED_LEGAL_MANAGEMENT_BOOK,2027
2150,liability,2026-09-09T00:00:00Z,2026-09-09,RWH,CONDITIONAL_FORECAST,6,MANAGEMENT_FORECAST,PUBLIC_SYNTHETIC_PLANNING_MODEL,base,-42279.0000,ALLOCATED_LEGAL_MANAGEMENT_BOOK,2027
2200,liability,2026-09-09T00:00:00Z,2026-09-09,RWH,CONDITIONAL_FORECAST,6,MANAGEMENT_FORECAST,PUBLIC_SYNTHETIC_PLANNING_MODEL,base,-17834686.0000,ALLOCATED_LEGAL_MANAGEMENT_BOOK,2027
2300,liability,2026-09-09T00:00:00Z,2026-09-09,RWH,CONDITIONAL_FORECAST,6,MANAGEMENT_FORECAST,PUBLIC_SYNTHETIC_PLANNING_MODEL,base,-2500000.0000,ALLOCATED_LEGAL_MANAGEMENT_BOOK,2027
3000,equity,2026-09-09T00:00:00Z,2026-09-09,RWH,CONDITIONAL_FORECAST,6,MANAGEMENT_FORECAST,PUBLIC_SYNTHETIC_PLANNING_MODEL,base,-61120892.0000,ALLOCATED_LEGAL_MANAGEMENT_BOOK,2027
3100,equity,2026-09-09T00:00:00Z,2026-09-09,RWH,CONDITIONAL_FORECAST,6,MANAGEMENT_FORECAST,PUBLIC_SYNTHETIC_PLANNING_MODEL,base,2869375.0000,ALLOCATED_LEGAL_MANAGEMENT_BOOK,2027
4000,revenue,2026-09-09T00:00:00Z,2026-09-09,RWH,CONDITIONAL_FORECAST,6,MANAGEMENT_FORECAST,PUBLIC_SYNTHETIC_PLANNING_MODEL,base,-20358302.0000,ALLOCATED_LEGAL_MANAGEMENT_BOOK,2027
5100,expense,2026-09-09T00:00:00Z,2026-09-09,RWH,CONDITIONAL_FORECAST,6,MANAGEMENT_FORECAST,PUBLIC_SYNTHETIC_PLANNING_MODEL,base,16536883.0714,ALLOCATED_LEGAL_MANAGEMENT_BOOK,2027
5150,expense,2026-09-09T00:00:00Z,2026-09-09,RWH,CONDITIONAL_FORECAST,6,MANAGEMENT_FORECAST,PUBLIC_SYNTHETIC_PLANNING_MODEL,base,1014708.9286,ALLOCATED_LEGAL_MANAGEMENT_BOOK,2027
5200,expense,2026-09-09T00:00:00Z,2026-09-09,RWH,CONDITIONAL_FORECAST,6,MANAGEMENT_FORECAST,PUBLIC_SYNTHETIC_PLANNING_MODEL,base,124937.0000,ALLOCATED_LEGAL_MANAGEMENT_BOOK,2027
5300,expense,2026-09-09T00:00:00Z,2026-09-09,RWH,CONDITIONAL_FORECAST,6,MANAGEMENT_FORECAST,PUBLIC_SYNTHETIC_PLANNING_MODEL,base,1824694.0000,ALLOCATED_LEGAL_MANAGEMENT_BOOK,2027
5500,expense,2026-09-09T00:00:00Z,2026-09-09,RWH,CONDITIONAL_FORECAST,6,MANAGEMENT_FORECAST,PUBLIC_SYNTHETIC_PLANNING_MODEL,base,54767.0000,ALLOCATED_LEGAL_MANAGEMENT_BOOK,2027
5600,expense,2026-09-09T00:00:00Z,2026-09-09,RWH,CONDITIONAL_FORECAST,6,MANAGEMENT_FORECAST,PUBLIC_SYNTHETIC_PLANNING_MODEL,base,552818.0000,ALLOCATED_LEGAL_MANAGEMENT_BOOK,2027
1000,asset,2026-09-09T00:00:00Z,2026-09-09,SHI,CONDITIONAL_FORECAST,6,MANAGEMENT_FORECAST,PUBLIC_SYNTHETIC_PLANNING_MODEL,base,28825807.2343,ALLOCATED_LEGAL_MANAGEMENT_BOOK,2027
3000,equity,2026-09-09T00:00:00Z,2026-09-09,SHI,CONDITIONAL_FORECAST,6,MANAGEMENT_FORECAST,PUBLIC_SYNTHETIC_PLANNING_MODEL,base,-130159887.2574,ALLOCATED_LEGAL_MANAGEMENT_BOOK,2027
3100,equity,2026-09-09T00:00:00Z,2026-09-09,SHI,CONDITIONAL_FORECAST,6,MANAGEMENT_FORECAST,PUBLIC_SYNTHETIC_PLANNING_MODEL,base,37702666.6668,ALLOCATED_LEGAL_MANAGEMENT_BOOK,2027
BIZ_ACCUM,asset,2026-09-09T00:00:00Z,2026-09-09,SHI,CONDITIONAL_FORECAST,6,MANAGEMENT_FORECAST,PUBLIC_SYNTHETIC_PLANNING_MODEL,base,-93119.0473,ALLOCATED_LEGAL_MANAGEMENT_BOOK,2027
BIZ_ALLOWANCE,asset,2026-09-09T00:00:00Z,2026-09-09,SHI,CONDITIONAL_FORECAST,6,MANAGEMENT_FORECAST,PUBLIC_SYNTHETIC_PLANNING_MODEL,base,-42974.2944,ALLOCATED_LEGAL_MANAGEMENT_BOOK,2027
BIZ_AP,liability,2026-09-09T00:00:00Z,2026-09-09,SHI,CONDITIONAL_FORECAST,6,MANAGEMENT_FORECAST,PUBLIC_SYNTHETIC_PLANNING_MODEL,base,-331607.8000,ALLOCATED_LEGAL_MANAGEMENT_BOOK,2027
BIZ_AR,asset,2026-09-09T00:00:00Z,2026-09-09,SHI,CONDITIONAL_FORECAST,6,MANAGEMENT_FORECAST,PUBLIC_SYNTHETIC_PLANNING_MODEL,base,2148714.7200,ALLOCATED_LEGAL_MANAGEMENT_BOOK,2027
BIZ_COGS,expense,2026-09-09T00:00:00Z,2026-09-09,SHI,CONDITIONAL_FORECAST,6,MANAGEMENT_FORECAST,PUBLIC_SYNTHETIC_PLANNING_MODEL,base,199150.0005,ALLOCATED_LEGAL_MANAGEMENT_BOOK,2027
BIZ_CREDIT_LOSS,expense,2026-09-09T00:00:00Z,2026-09-09,SHI,CONDITIONAL_FORECAST,6,MANAGEMENT_FORECAST,PUBLIC_SYNTHETIC_PLANNING_MODEL,base,1347974.2944,ALLOCATED_LEGAL_MANAGEMENT_BOOK,2027
BIZ_DDA,expense,2026-09-09T00:00:00Z,2026-09-09,SHI,CONDITIONAL_FORECAST,6,MANAGEMENT_FORECAST,PUBLIC_SYNTHETIC_PLANNING_MODEL,base,93119.0473,ALLOCATED_LEGAL_MANAGEMENT_BOOK,2027
BIZ_DEFERRED,liability,2026-09-09T00:00:00Z,2026-09-09,SHI,CONDITIONAL_FORECAST,6,MANAGEMENT_FORECAST,PUBLIC_SYNTHETIC_PLANNING_MODEL,base,-32247600.0000,ALLOCATED_LEGAL_MANAGEMENT_BOOK,2027
BIZ_DELIVERY,expense,2026-09-09T00:00:00Z,2026-09-09,SHI,CONDITIONAL_FORECAST,6,MANAGEMENT_FORECAST,PUBLIC_SYNTHETIC_PLANNING_MODEL,base,717557.0000,ALLOCATED_LEGAL_MANAGEMENT_BOOK,2027
BIZ_HOST_AP,liability,2026-09-09T00:00:00Z,2026-09-09,SHI,CONDITIONAL_FORECAST,6,MANAGEMENT_FORECAST,PUBLIC_SYNTHETIC_PLANNING_MODEL,base,-39904.1280,ALLOCATED_LEGAL_MANAGEMENT_BOOK,2027
BIZ_HOST_SHARE,expense,2026-09-09T00:00:00Z,2026-09-09,SHI,CONDITIONAL_FORECAST,6,MANAGEMENT_FORECAST,PUBLIC_SYNTHETIC_PLANNING_MODEL,base,99760.3200,ALLOCATED_LEGAL_MANAGEMENT_BOOK,2027
BIZ_INVENTORY,asset,2026-09-09T00:00:00Z,2026-09-09,SHI,CONDITIONAL_FORECAST,6,MANAGEMENT_FORECAST,PUBLIC_SYNTHETIC_PLANNING_MODEL,base,39830.0001,ALLOCATED_LEGAL_MANAGEMENT_BOOK,2027
BIZ_PAYROLL,expense,2026-09-09T00:00:00Z,2026-09-09,SHI,CONDITIONAL_FORECAST,6,MANAGEMENT_FORECAST,PUBLIC_SYNTHETIC_PLANNING_MODEL,base,36977499.9438,ALLOCATED_LEGAL_MANAGEMENT_BOOK,2027
BIZ_PPE,asset,2026-09-09T00:00:00Z,2026-09-09,SHI,CONDITIONAL_FORECAST,6,MANAGEMENT_FORECAST,PUBLIC_SYNTHETIC_PLANNING_MODEL,base,1600000.0000,ALLOCATED_LEGAL_MANAGEMENT_BOOK,2027
BIZ_PROCESSING,expense,2026-09-09T00:00:00Z,2026-09-09,SHI,CONDITIONAL_FORECAST,6,MANAGEMENT_FORECAST,PUBLIC_SYNTHETIC_PLANNING_MODEL,base,97125.0000,ALLOCATED_LEGAL_MANAGEMENT_BOOK,2027
BIZ_RESEARCH,expense,2026-09-09T00:00:00Z,2026-09-09,SHI,CONDITIONAL_FORECAST,6,MANAGEMENT_FORECAST,PUBLIC_SYNTHETIC_PLANNING_MODEL,base,296182.5000,ALLOCATED_LEGAL_MANAGEMENT_BOOK,2027
BIZ_REVENUE,revenue,2026-09-09T00:00:00Z,2026-09-09,SHI,CONDITIONAL_FORECAST,6,MANAGEMENT_FORECAST,PUBLIC_SYNTHETIC_PLANNING_MODEL,base,-33059264.8000,ALLOCATED_LEGAL_MANAGEMENT_BOOK,2027
BIZ_SUPPORT,expense,2026-09-09T00:00:00Z,2026-09-09,SHI,CONDITIONAL_FORECAST,6,MANAGEMENT_FORECAST,PUBLIC_SYNTHETIC_PLANNING_MODEL,base,678000.0000,ALLOCATED_LEGAL_MANAGEMENT_BOOK,2027
CORE_ACCUM,asset,2026-09-09T00:00:00Z,2026-09-09,SHI,CONDITIONAL_FORECAST,6,MANAGEMENT_FORECAST,PUBLIC_SYNTHETIC_PLANNING_MODEL,base,-677767.1622,ALLOCATED_LEGAL_MANAGEMENT_BOOK,2027
CORE_DDA,expense,2026-09-09T00:00:00Z,2026-09-09,SHI,CONDITIONAL_FORECAST,6,MANAGEMENT_FORECAST,PUBLIC_SYNTHETIC_PLANNING_MODEL,base,677767.1622,ALLOCATED_LEGAL_MANAGEMENT_BOOK,2027
CORE_INTEREST,expense,2026-09-09T00:00:00Z,2026-09-09,SHI,CONDITIONAL_FORECAST,6,MANAGEMENT_FORECAST,PUBLIC_SYNTHETIC_PLANNING_MODEL,base,1139125.0000,ALLOCATED_LEGAL_MANAGEMENT_BOOK,2027
INV_SHIH,asset,2026-09-09T00:00:00Z,2026-09-09,SHI,CONDITIONAL_FORECAST,6,MANAGEMENT_FORECAST,PUBLIC_SYNTHETIC_PLANNING_MODEL,base,118025772.0000,ALLOCATED_LEGAL_MANAGEMENT_BOOK,2027
LEG_1500,asset,2026-09-09T00:00:00Z,2026-09-09,SHI,CONDITIONAL_FORECAST,6,MANAGEMENT_FORECAST,PUBLIC_SYNTHETIC_PLANNING_MODEL,base,9497024.0000,ALLOCATED_LEGAL_MANAGEMENT_BOOK,2027
LEG_1590,asset,2026-09-09T00:00:00Z,2026-09-09,SHI,CONDITIONAL_FORECAST,6,MANAGEMENT_FORECAST,PUBLIC_SYNTHETIC_PLANNING_MODEL,base,-8283.7333,ALLOCATED_LEGAL_MANAGEMENT_BOOK,2027
LEG_1600,asset,2026-09-09T00:00:00Z,2026-09-09,SHI,CONDITIONAL_FORECAST,6,MANAGEMENT_FORECAST,PUBLIC_SYNTHETIC_PLANNING_MODEL,base,30000000.0000,ALLOCATED_LEGAL_MANAGEMENT_BOOK,2027
LEG_2500,liability,2026-09-09T00:00:00Z,2026-09-09,SHI,CONDITIONAL_FORECAST,6,MANAGEMENT_FORECAST,PUBLIC_SYNTHETIC_PLANNING_MODEL,base,-34700000.0000,ALLOCATED_LEGAL_MANAGEMENT_BOOK,2027
LEG_2510,liability,2026-09-09T00:00:00Z,2026-09-09,SHI,CONDITIONAL_FORECAST,6,MANAGEMENT_FORECAST,PUBLIC_SYNTHETIC_PLANNING_MODEL,base,-2666.6668,ALLOCATED_LEGAL_MANAGEMENT_BOOK,2027
LEG_3000,equity,2026-09-09T00:00:00Z,2026-09-09,SHI,CONDITIONAL_FORECAST,6,MANAGEMENT_FORECAST,PUBLIC_SYNTHETIC_PLANNING_MODEL,base,-38800000.0000,ALLOCATED_LEGAL_MANAGEMENT_BOOK,2027
SHARED_AR,asset,2026-09-09T00:00:00Z,2026-09-09,SHI,CONDITIONAL_FORECAST,6,MANAGEMENT_FORECAST,PUBLIC_SYNTHETIC_PLANNING_MODEL,base,499999.9998,ALLOCATED_LEGAL_MANAGEMENT_BOOK,2027
SHARED_REV,revenue,2026-09-09T00:00:00Z,2026-09-09,SHI,CONDITIONAL_FORECAST,6,MANAGEMENT_FORECAST,PUBLIC_SYNTHETIC_PLANNING_MODEL,base,-499999.9998,ALLOCATED_LEGAL_MANAGEMENT_BOOK,2027
3000,equity,2026-09-09T00:00:00Z,2026-09-09,SHIH,CONDITIONAL_FORECAST,6,MANAGEMENT_FORECAST,PUBLIC_SYNTHETIC_PLANNING_MODEL,base,-118025772.0000,ALLOCATED_LEGAL_MANAGEMENT_BOOK,2027
3100,equity,2026-09-09T00:00:00Z,2026-09-09,SHIH,CONDITIONAL_FORECAST,6,MANAGEMENT_FORECAST,PUBLIC_SYNTHETIC_PLANNING_MODEL,base,900000.0000,ALLOCATED_LEGAL_MANAGEMENT_BOOK,2027
INV_ARU,asset,2026-09-09T00:00:00Z,2026-09-09,SHIH,CONDITIONAL_FORECAST,6,MANAGEMENT_FORECAST,PUBLIC_SYNTHETIC_PLANNING_MODEL,base,56004880.0000,ALLOCATED_LEGAL_MANAGEMENT_BOOK,2027
INV_PS,asset,2026-09-09T00:00:00Z,2026-09-09,SHIH,CONDITIONAL_FORECAST,6,MANAGEMENT_FORECAST,PUBLIC_SYNTHETIC_PLANNING_MODEL,base,61120892.0000,ALLOCATED_LEGAL_MANAGEMENT_BOOK,2027
1000,asset,2026-09-09T00:00:00Z,2026-09-09,ARU,CONDITIONAL_FORECAST,7,MANAGEMENT_FORECAST,PUBLIC_SYNTHETIC_PLANNING_MODEL,base,1890135.0000,ALLOCATED_LEGAL_MANAGEMENT_BOOK,2027
1100,asset,2026-09-09T00:00:00Z,2026-09-09,ARU,CONDITIONAL_FORECAST,7,MANAGEMENT_FORECAST,PUBLIC_SYNTHETIC_PLANNING_MODEL,base,3766459.0000,ALLOCATED_LEGAL_MANAGEMENT_BOOK,2027
1150,asset,2026-09-09T00:00:00Z,2026-09-09,ARU,CONDITIONAL_FORECAST,7,MANAGEMENT_FORECAST,PUBLIC_SYNTHETIC_PLANNING_MODEL,base,-13579.0000,ALLOCATED_LEGAL_MANAGEMENT_BOOK,2027
1180,intercompany,2026-09-09T00:00:00Z,2026-09-09,ARU,CONDITIONAL_FORECAST,7,MANAGEMENT_FORECAST,PUBLIC_SYNTHETIC_PLANNING_MODEL,base,11090107.0000,ALLOCATED_LEGAL_MANAGEMENT_BOOK,2027
1200,asset,2026-09-09T00:00:00Z,2026-09-09,ARU,CONDITIONAL_FORECAST,7,MANAGEMENT_FORECAST,PUBLIC_SYNTHETIC_PLANNING_MODEL,base,1214138.0000,ALLOCATED_LEGAL_MANAGEMENT_BOOK,2027
1300,asset,2026-09-09T00:00:00Z,2026-09-09,ARU,CONDITIONAL_FORECAST,7,MANAGEMENT_FORECAST,PUBLIC_SYNTHETIC_PLANNING_MODEL,base,504700.0000,ALLOCATED_LEGAL_MANAGEMENT_BOOK,2027
1400,asset,2026-09-09T00:00:00Z,2026-09-09,ARU,CONDITIONAL_FORECAST,7,MANAGEMENT_FORECAST,PUBLIC_SYNTHETIC_PLANNING_MODEL,base,28589737.0000,ALLOCATED_LEGAL_MANAGEMENT_BOOK,2027
1490,asset,2026-09-09T00:00:00Z,2026-09-09,ARU,CONDITIONAL_FORECAST,7,MANAGEMENT_FORECAST,PUBLIC_SYNTHETIC_PLANNING_MODEL,base,-2121998.0000,ALLOCATED_LEGAL_MANAGEMENT_BOOK,2027
1500,asset,2026-09-09T00:00:00Z,2026-09-09,ARU,CONDITIONAL_FORECAST,7,MANAGEMENT_FORECAST,PUBLIC_SYNTHETIC_PLANNING_MODEL,base,1000000.0000,ALLOCATED_LEGAL_MANAGEMENT_BOOK,2027
1590,asset,2026-09-09T00:00:00Z,2026-09-09,ARU,CONDITIONAL_FORECAST,7,MANAGEMENT_FORECAST,PUBLIC_SYNTHETIC_PLANNING_MODEL,base,-313381.0000,ALLOCATED_LEGAL_MANAGEMENT_BOOK,2027
1600,asset,2026-09-09T00:00:00Z,2026-09-09,ARU,CONDITIONAL_FORECAST,7,MANAGEMENT_FORECAST,PUBLIC_SYNTHETIC_PLANNING_MODEL,base,14762500.0000,ALLOCATED_LEGAL_MANAGEMENT_BOOK,2027
1700,liability,2026-09-09T00:00:00Z,2026-09-09,ARU,CONDITIONAL_FORECAST,7,MANAGEMENT_FORECAST,PUBLIC_SYNTHETIC_PLANNING_MODEL,base,205968.0000,ALLOCATED_LEGAL_MANAGEMENT_BOOK,2027
1800,asset,2026-09-09T00:00:00Z,2026-09-09,ARU,CONDITIONAL_FORECAST,7,MANAGEMENT_FORECAST,PUBLIC_SYNTHETIC_PLANNING_MODEL,base,137500.0000,ALLOCATED_LEGAL_MANAGEMENT_BOOK,2027
2000,liability,2026-09-09T00:00:00Z,2026-09-09,ARU,CONDITIONAL_FORECAST,7,MANAGEMENT_FORECAST,PUBLIC_SYNTHETIC_PLANNING_MODEL,base,-1062430.0000,ALLOCATED_LEGAL_MANAGEMENT_BOOK,2027
2200,liability,2026-09-09T00:00:00Z,2026-09-09,ARU,CONDITIONAL_FORECAST,7,MANAGEMENT_FORECAST,PUBLIC_SYNTHETIC_PLANNING_MODEL,base,-550000.0000,ALLOCATED_LEGAL_MANAGEMENT_BOOK,2027
2250,liability,2026-09-09T00:00:00Z,2026-09-09,ARU,CONDITIONAL_FORECAST,7,MANAGEMENT_FORECAST,PUBLIC_SYNTHETIC_PLANNING_MODEL,base,-343056.0000,ALLOCATED_LEGAL_MANAGEMENT_BOOK,2027
2400,liability,2026-09-09T00:00:00Z,2026-09-09,ARU,CONDITIONAL_FORECAST,7,MANAGEMENT_FORECAST,PUBLIC_SYNTHETIC_PLANNING_MODEL,base,-20250000.0000,ALLOCATED_LEGAL_MANAGEMENT_BOOK,2027
2600,liability,2026-09-09T00:00:00Z,2026-09-09,ARU,CONDITIONAL_FORECAST,7,MANAGEMENT_FORECAST,PUBLIC_SYNTHETIC_PLANNING_MODEL,base,-686620.0000,ALLOCATED_LEGAL_MANAGEMENT_BOOK,2027
2700,current_settlement,2026-09-09T00:00:00Z,2026-09-09,ARU,CONDITIONAL_FORECAST,7,MANAGEMENT_FORECAST,PUBLIC_SYNTHETIC_PLANNING_MODEL,base,-134241.0000,ALLOCATED_LEGAL_MANAGEMENT_BOOK,2027
3000,equity,2026-09-09T00:00:00Z,2026-09-09,ARU,CONDITIONAL_FORECAST,7,MANAGEMENT_FORECAST,PUBLIC_SYNTHETIC_PLANNING_MODEL,base,-56004880.0000,ALLOCATED_LEGAL_MANAGEMENT_BOOK,2027
3100,equity,2026-09-09T00:00:00Z,2026-09-09,ARU,CONDITIONAL_FORECAST,7,MANAGEMENT_FORECAST,PUBLIC_SYNTHETIC_PLANNING_MODEL,base,-3617621.0000,ALLOCATED_LEGAL_MANAGEMENT_BOOK,2027
4000,revenue,2026-09-09T00:00:00Z,2026-09-09,ARU,CONDITIONAL_FORECAST,7,MANAGEMENT_FORECAST,PUBLIC_SYNTHETIC_PLANNING_MODEL,base,-15953130.0000,ALLOCATED_LEGAL_MANAGEMENT_BOOK,2027
4100,revenue,2026-09-09T00:00:00Z,2026-09-09,ARU,CONDITIONAL_FORECAST,7,MANAGEMENT_FORECAST,PUBLIC_SYNTHETIC_PLANNING_MODEL,base,-188181.0000,ALLOCATED_LEGAL_MANAGEMENT_BOOK,2027
5000,expense,2026-09-09T00:00:00Z,2026-09-09,ARU,CONDITIONAL_FORECAST,7,MANAGEMENT_FORECAST,PUBLIC_SYNTHETIC_PLANNING_MODEL,base,4417595.0000,ALLOCATED_LEGAL_MANAGEMENT_BOOK,2027
5100,expense,2026-09-09T00:00:00Z,2026-09-09,ARU,CONDITIONAL_FORECAST,7,MANAGEMENT_FORECAST,PUBLIC_SYNTHETIC_PLANNING_MODEL,base,7332646.0000,ALLOCATED_LEGAL_MANAGEMENT_BOOK,2027
5200,expense,2026-09-09T00:00:00Z,2026-09-09,ARU,CONDITIONAL_FORECAST,7,MANAGEMENT_FORECAST,PUBLIC_SYNTHETIC_PLANNING_MODEL,base,143155.0000,ALLOCATED_LEGAL_MANAGEMENT_BOOK,2027
5300,expense,2026-09-09T00:00:00Z,2026-09-09,ARU,CONDITIONAL_FORECAST,7,MANAGEMENT_FORECAST,PUBLIC_SYNTHETIC_PLANNING_MODEL,base,1045408.0000,ALLOCATED_LEGAL_MANAGEMENT_BOOK,2027
5400,expense,2026-09-09T00:00:00Z,2026-09-09,ARU,CONDITIONAL_FORECAST,7,MANAGEMENT_FORECAST,PUBLIC_SYNTHETIC_PLANNING_MODEL,base,842733.0000,ALLOCATED_LEGAL_MANAGEMENT_BOOK,2027
5500,expense,2026-09-09T00:00:00Z,2026-09-09,ARU,CONDITIONAL_FORECAST,7,MANAGEMENT_FORECAST,PUBLIC_SYNTHETIC_PLANNING_MODEL,base,453043.0000,ALLOCATED_LEGAL_MANAGEMENT_BOOK,2027
5501,expense,2026-09-09T00:00:00Z,2026-09-09,ARU,CONDITIONAL_FORECAST,7,MANAGEMENT_FORECAST,PUBLIC_SYNTHETIC_PLANNING_MODEL,base,126389.0000,ALLOCATED_LEGAL_MANAGEMENT_BOOK,2027
5700,expense,2026-09-09T00:00:00Z,2026-09-09,ARU,CONDITIONAL_FORECAST,7,MANAGEMENT_FORECAST,PUBLIC_SYNTHETIC_PLANNING_MODEL,base,6904.0000,ALLOCATED_LEGAL_MANAGEMENT_BOOK,2027
INV_BST,asset,2026-09-09T00:00:00Z,2026-09-09,ARU,CONDITIONAL_FORECAST,7,MANAGEMENT_FORECAST,PUBLIC_SYNTHETIC_PLANNING_MODEL,base,23710000.0000,ALLOCATED_LEGAL_MANAGEMENT_BOOK,2027
SHARED_AP,liability,2026-09-09T00:00:00Z,2026-09-09,ARU,CONDITIONAL_FORECAST,7,MANAGEMENT_FORECAST,PUBLIC_SYNTHETIC_PLANNING_MODEL,base,-350000.0000,ALLOCATED_LEGAL_MANAGEMENT_BOOK,2027
SHARED_EXP,expense,2026-09-09T00:00:00Z,2026-09-09,ARU,CONDITIONAL_FORECAST,7,MANAGEMENT_FORECAST,PUBLIC_SYNTHETIC_PLANNING_MODEL,base,350000.0000,ALLOCATED_LEGAL_MANAGEMENT_BOOK,2027
1000,asset,2026-09-09T00:00:00Z,2026-09-09,BST,CONDITIONAL_FORECAST,7,MANAGEMENT_FORECAST,PUBLIC_SYNTHETIC_PLANNING_MODEL,base,810058.0000,ALLOCATED_LEGAL_MANAGEMENT_BOOK,2027
1100,asset,2026-09-09T00:00:00Z,2026-09-09,BST,CONDITIONAL_FORECAST,7,MANAGEMENT_FORECAST,PUBLIC_SYNTHETIC_PLANNING_MODEL,base,2212048.0000,ALLOCATED_LEGAL_MANAGEMENT_BOOK,2027
1150,asset,2026-09-09T00:00:00Z,2026-09-09,BST,CONDITIONAL_FORECAST,7,MANAGEMENT_FORECAST,PUBLIC_SYNTHETIC_PLANNING_MODEL,base,55226.0000,ALLOCATED_LEGAL_MANAGEMENT_BOOK,2027
1180,intercompany,2026-09-09T00:00:00Z,2026-09-09,BST,CONDITIONAL_FORECAST,7,MANAGEMENT_FORECAST,PUBLIC_SYNTHETIC_PLANNING_MODEL,base,-11090107.0000,ALLOCATED_LEGAL_MANAGEMENT_BOOK,2027
1200,asset,2026-09-09T00:00:00Z,2026-09-09,BST,CONDITIONAL_FORECAST,7,MANAGEMENT_FORECAST,PUBLIC_SYNTHETIC_PLANNING_MODEL,base,653767.0000,ALLOCATED_LEGAL_MANAGEMENT_BOOK,2027
1300,asset,2026-09-09T00:00:00Z,2026-09-09,BST,CONDITIONAL_FORECAST,7,MANAGEMENT_FORECAST,PUBLIC_SYNTHETIC_PLANNING_MODEL,base,216300.0000,ALLOCATED_LEGAL_MANAGEMENT_BOOK,2027
1400,asset,2026-09-09T00:00:00Z,2026-09-09,BST,CONDITIONAL_FORECAST,7,MANAGEMENT_FORECAST,PUBLIC_SYNTHETIC_PLANNING_MODEL,base,34943013.0000,ALLOCATED_LEGAL_MANAGEMENT_BOOK,2027
1490,asset,2026-09-09T00:00:00Z,2026-09-09,BST,CONDITIONAL_FORECAST,7,MANAGEMENT_FORECAST,PUBLIC_SYNTHETIC_PLANNING_MODEL,base,-2593554.0000,ALLOCATED_LEGAL_MANAGEMENT_BOOK,2027
1500,asset,2026-09-09T00:00:00Z,2026-09-09,BST,CONDITIONAL_FORECAST,7,MANAGEMENT_FORECAST,PUBLIC_SYNTHETIC_PLANNING_MODEL,base,1500000.0000,ALLOCATED_LEGAL_MANAGEMENT_BOOK,2027
1590,asset,2026-09-09T00:00:00Z,2026-09-09,BST,CONDITIONAL_FORECAST,7,MANAGEMENT_FORECAST,PUBLIC_SYNTHETIC_PLANNING_MODEL,base,-470071.0000,ALLOCATED_LEGAL_MANAGEMENT_BOOK,2027
1800,asset,2026-09-09T00:00:00Z,2026-09-09,BST,CONDITIONAL_FORECAST,7,MANAGEMENT_FORECAST,PUBLIC_SYNTHETIC_PLANNING_MODEL,base,450000.0000,ALLOCATED_LEGAL_MANAGEMENT_BOOK,2027
2000,liability,2026-09-09T00:00:00Z,2026-09-09,BST,CONDITIONAL_FORECAST,7,MANAGEMENT_FORECAST,PUBLIC_SYNTHETIC_PLANNING_MODEL,base,-708287.0000,ALLOCATED_LEGAL_MANAGEMENT_BOOK,2027
2200,liability,2026-09-09T00:00:00Z,2026-09-09,BST,CONDITIONAL_FORECAST,7,MANAGEMENT_FORECAST,PUBLIC_SYNTHETIC_PLANNING_MODEL,base,-1200000.0000,ALLOCATED_LEGAL_MANAGEMENT_BOOK,2027
2300,liability,2026-09-09T00:00:00Z,2026-09-09,BST,CONDITIONAL_FORECAST,7,MANAGEMENT_FORECAST,PUBLIC_SYNTHETIC_PLANNING_MODEL,base,-600000.0000,ALLOCATED_LEGAL_MANAGEMENT_BOOK,2027
2600,liability,2026-09-09T00:00:00Z,2026-09-09,BST,CONDITIONAL_FORECAST,7,MANAGEMENT_FORECAST,PUBLIC_SYNTHETIC_PLANNING_MODEL,base,-1029930.0000,ALLOCATED_LEGAL_MANAGEMENT_BOOK,2027
3000,equity,2026-09-09T00:00:00Z,2026-09-09,BST,CONDITIONAL_FORECAST,7,MANAGEMENT_FORECAST,PUBLIC_SYNTHETIC_PLANNING_MODEL,base,-23710000.0000,ALLOCATED_LEGAL_MANAGEMENT_BOOK,2027
3100,equity,2026-09-09T00:00:00Z,2026-09-09,BST,CONDITIONAL_FORECAST,7,MANAGEMENT_FORECAST,PUBLIC_SYNTHETIC_PLANNING_MODEL,base,526394.0000,ALLOCATED_LEGAL_MANAGEMENT_BOOK,2027
4000,revenue,2026-09-09T00:00:00Z,2026-09-09,BST,CONDITIONAL_FORECAST,7,MANAGEMENT_FORECAST,PUBLIC_SYNTHETIC_PLANNING_MODEL,base,-9415312.0000,ALLOCATED_LEGAL_MANAGEMENT_BOOK,2027
4100,revenue,2026-09-09T00:00:00Z,2026-09-09,BST,CONDITIONAL_FORECAST,7,MANAGEMENT_FORECAST,PUBLIC_SYNTHETIC_PLANNING_MODEL,base,-95676.0000,ALLOCATED_LEGAL_MANAGEMENT_BOOK,2027
5000,expense,2026-09-09T00:00:00Z,2026-09-09,BST,CONDITIONAL_FORECAST,7,MANAGEMENT_FORECAST,PUBLIC_SYNTHETIC_PLANNING_MODEL,base,3613078.0000,ALLOCATED_LEGAL_MANAGEMENT_BOOK,2027
5100,expense,2026-09-09T00:00:00Z,2026-09-09,BST,CONDITIONAL_FORECAST,7,MANAGEMENT_FORECAST,PUBLIC_SYNTHETIC_PLANNING_MODEL,base,4531731.0000,ALLOCATED_LEGAL_MANAGEMENT_BOOK,2027
5200,expense,2026-09-09T00:00:00Z,2026-09-09,BST,CONDITIONAL_FORECAST,7,MANAGEMENT_FORECAST,PUBLIC_SYNTHETIC_PLANNING_MODEL,base,49004.0000,ALLOCATED_LEGAL_MANAGEMENT_BOOK,2027
5300,expense,2026-09-09T00:00:00Z,2026-09-09,BST,CONDITIONAL_FORECAST,7,MANAGEMENT_FORECAST,PUBLIC_SYNTHETIC_PLANNING_MODEL,base,1277722.0000,ALLOCATED_LEGAL_MANAGEMENT_BOOK,2027
5400,expense,2026-09-09T00:00:00Z,2026-09-09,BST,CONDITIONAL_FORECAST,7,MANAGEMENT_FORECAST,PUBLIC_SYNTHETIC_PLANNING_MODEL,base,73281.0000,ALLOCATED_LEGAL_MANAGEMENT_BOOK,2027
5700,expense,2026-09-09T00:00:00Z,2026-09-09,BST,CONDITIONAL_FORECAST,7,MANAGEMENT_FORECAST,PUBLIC_SYNTHETIC_PLANNING_MODEL,base,1315.0000,ALLOCATED_LEGAL_MANAGEMENT_BOOK,2027
1150,asset,2026-09-09T00:00:00Z,2026-09-09,ELIM,CONDITIONAL_FORECAST,7,MANAGEMENT_FORECAST,PUBLIC_SYNTHETIC_PLANNING_MODEL,base,-41647.0000,CONSOLIDATION_ELIMINATION_BOOK,2027
2150,liability,2026-09-09T00:00:00Z,2026-09-09,ELIM,CONDITIONAL_FORECAST,7,MANAGEMENT_FORECAST,PUBLIC_SYNTHETIC_PLANNING_MODEL,base,41647.0000,CONSOLIDATION_ELIMINATION_BOOK,2027
3000,equity,2026-09-09T00:00:00Z,2026-09-09,ELIM,CONDITIONAL_FORECAST,7,MANAGEMENT_FORECAST,PUBLIC_SYNTHETIC_PLANNING_MODEL,base,319982436.0000,CONSOLIDATION_ELIMINATION_BOOK,2027
4100,revenue,2026-09-09T00:00:00Z,2026-09-09,ELIM,CONDITIONAL_FORECAST,7,MANAGEMENT_FORECAST,PUBLIC_SYNTHETIC_PLANNING_MODEL,base,1185105.7500,CONSOLIDATION_ELIMINATION_BOOK,2027
5150,expense,2026-09-09T00:00:00Z,2026-09-09,ELIM,CONDITIONAL_FORECAST,7,MANAGEMENT_FORECAST,PUBLIC_SYNTHETIC_PLANNING_MODEL,base,-1185105.7500,CONSOLIDATION_ELIMINATION_BOOK,2027
INV_ARU,asset,2026-09-09T00:00:00Z,2026-09-09,ELIM,CONDITIONAL_FORECAST,7,MANAGEMENT_FORECAST,PUBLIC_SYNTHETIC_PLANNING_MODEL,base,-56004880.0000,CONSOLIDATION_ELIMINATION_BOOK,2027
INV_BST,asset,2026-09-09T00:00:00Z,2026-09-09,ELIM,CONDITIONAL_FORECAST,7,MANAGEMENT_FORECAST,PUBLIC_SYNTHETIC_PLANNING_MODEL,base,-23710000.0000,CONSOLIDATION_ELIMINATION_BOOK,2027
INV_PS,asset,2026-09-09T00:00:00Z,2026-09-09,ELIM,CONDITIONAL_FORECAST,7,MANAGEMENT_FORECAST,PUBLIC_SYNTHETIC_PLANNING_MODEL,base,-61120892.0000,CONSOLIDATION_ELIMINATION_BOOK,2027
INV_RWH,asset,2026-09-09T00:00:00Z,2026-09-09,ELIM,CONDITIONAL_FORECAST,7,MANAGEMENT_FORECAST,PUBLIC_SYNTHETIC_PLANNING_MODEL,base,-61120892.0000,CONSOLIDATION_ELIMINATION_BOOK,2027
INV_SHIH,asset,2026-09-09T00:00:00Z,2026-09-09,ELIM,CONDITIONAL_FORECAST,7,MANAGEMENT_FORECAST,PUBLIC_SYNTHETIC_PLANNING_MODEL,base,-118025772.0000,CONSOLIDATION_ELIMINATION_BOOK,2027
SHARED_AP,liability,2026-09-09T00:00:00Z,2026-09-09,ELIM,CONDITIONAL_FORECAST,7,MANAGEMENT_FORECAST,PUBLIC_SYNTHETIC_PLANNING_MODEL,base,583333.3331,CONSOLIDATION_ELIMINATION_BOOK,2027
SHARED_AR,asset,2026-09-09T00:00:00Z,2026-09-09,ELIM,CONDITIONAL_FORECAST,7,MANAGEMENT_FORECAST,PUBLIC_SYNTHETIC_PLANNING_MODEL,base,-583333.3331,CONSOLIDATION_ELIMINATION_BOOK,2027
SHARED_EXP,expense,2026-09-09T00:00:00Z,2026-09-09,ELIM,CONDITIONAL_FORECAST,7,MANAGEMENT_FORECAST,PUBLIC_SYNTHETIC_PLANNING_MODEL,base,-583333.3331,CONSOLIDATION_ELIMINATION_BOOK,2027
SHARED_REV,revenue,2026-09-09T00:00:00Z,2026-09-09,ELIM,CONDITIONAL_FORECAST,7,MANAGEMENT_FORECAST,PUBLIC_SYNTHETIC_PLANNING_MODEL,base,583333.3331,CONSOLIDATION_ELIMINATION_BOOK,2027
3000,equity,2026-09-09T00:00:00Z,2026-09-09,PS,CONDITIONAL_FORECAST,7,MANAGEMENT_FORECAST,PUBLIC_SYNTHETIC_PLANNING_MODEL,base,-61120892.0000,ALLOCATED_LEGAL_MANAGEMENT_BOOK,2027
4100,revenue,2026-09-09T00:00:00Z,2026-09-09,PS,CONDITIONAL_FORECAST,7,MANAGEMENT_FORECAST,PUBLIC_SYNTHETIC_PLANNING_MODEL,base,-901248.7500,ALLOCATED_LEGAL_MANAGEMENT_BOOK,2027
5100,expense,2026-09-09T00:00:00Z,2026-09-09,PS,CONDITIONAL_FORECAST,7,MANAGEMENT_FORECAST,PUBLIC_SYNTHETIC_PLANNING_MODEL,base,901248.7500,ALLOCATED_LEGAL_MANAGEMENT_BOOK,2027
INV_RWH,asset,2026-09-09T00:00:00Z,2026-09-09,PS,CONDITIONAL_FORECAST,7,MANAGEMENT_FORECAST,PUBLIC_SYNTHETIC_PLANNING_MODEL,base,61120892.0000,ALLOCATED_LEGAL_MANAGEMENT_BOOK,2027
SHARED_AP,liability,2026-09-09T00:00:00Z,2026-09-09,PS,CONDITIONAL_FORECAST,7,MANAGEMENT_FORECAST,PUBLIC_SYNTHETIC_PLANNING_MODEL,base,-233333.3331,ALLOCATED_LEGAL_MANAGEMENT_BOOK,2027
SHARED_EXP,expense,2026-09-09T00:00:00Z,2026-09-09,PS,CONDITIONAL_FORECAST,7,MANAGEMENT_FORECAST,PUBLIC_SYNTHETIC_PLANNING_MODEL,base,233333.3331,ALLOCATED_LEGAL_MANAGEMENT_BOOK,2027
1000,asset,2026-09-09T00:00:00Z,2026-09-09,RWH,CONDITIONAL_FORECAST,7,MANAGEMENT_FORECAST,PUBLIC_SYNTHETIC_PLANNING_MODEL,base,2116245.0000,ALLOCATED_LEGAL_MANAGEMENT_BOOK,2027
1100,asset,2026-09-09T00:00:00Z,2026-09-09,RWH,CONDITIONAL_FORECAST,7,MANAGEMENT_FORECAST,PUBLIC_SYNTHETIC_PLANNING_MODEL,base,5725773.0000,ALLOCATED_LEGAL_MANAGEMENT_BOOK,2027
1200,asset,2026-09-09T00:00:00Z,2026-09-09,RWH,CONDITIONAL_FORECAST,7,MANAGEMENT_FORECAST,PUBLIC_SYNTHETIC_PLANNING_MODEL,base,9002627.0000,ALLOCATED_LEGAL_MANAGEMENT_BOOK,2027
1210,asset,2026-09-09T00:00:00Z,2026-09-09,RWH,CONDITIONAL_FORECAST,7,MANAGEMENT_FORECAST,PUBLIC_SYNTHETIC_PLANNING_MODEL,base,1138449.0000,ALLOCATED_LEGAL_MANAGEMENT_BOOK,2027
1300,asset,2026-09-09T00:00:00Z,2026-09-09,RWH,CONDITIONAL_FORECAST,7,MANAGEMENT_FORECAST,PUBLIC_SYNTHETIC_PLANNING_MODEL,base,500000.0000,ALLOCATED_LEGAL_MANAGEMENT_BOOK,2027
1400,asset,2026-09-09T00:00:00Z,2026-09-09,RWH,CONDITIONAL_FORECAST,7,MANAGEMENT_FORECAST,PUBLIC_SYNTHETIC_PLANNING_MODEL,base,66403331.0000,ALLOCATED_LEGAL_MANAGEMENT_BOOK,2027
1490,asset,2026-09-09T00:00:00Z,2026-09-09,RWH,CONDITIONAL_FORECAST,7,MANAGEMENT_FORECAST,PUBLIC_SYNTHETIC_PLANNING_MODEL,base,-5818915.0000,ALLOCATED_LEGAL_MANAGEMENT_BOOK,2027
2150,liability,2026-09-09T00:00:00Z,2026-09-09,RWH,CONDITIONAL_FORECAST,7,MANAGEMENT_FORECAST,PUBLIC_SYNTHETIC_PLANNING_MODEL,base,-41647.0000,ALLOCATED_LEGAL_MANAGEMENT_BOOK,2027
2200,liability,2026-09-09T00:00:00Z,2026-09-09,RWH,CONDITIONAL_FORECAST,7,MANAGEMENT_FORECAST,PUBLIC_SYNTHETIC_PLANNING_MODEL,base,-17928527.0000,ALLOCATED_LEGAL_MANAGEMENT_BOOK,2027
2300,liability,2026-09-09T00:00:00Z,2026-09-09,RWH,CONDITIONAL_FORECAST,7,MANAGEMENT_FORECAST,PUBLIC_SYNTHETIC_PLANNING_MODEL,base,-2500000.0000,ALLOCATED_LEGAL_MANAGEMENT_BOOK,2027
2700,current_settlement,2026-09-09T00:00:00Z,2026-09-09,RWH,CONDITIONAL_FORECAST,7,MANAGEMENT_FORECAST,PUBLIC_SYNTHETIC_PLANNING_MODEL,base,-17338.0000,ALLOCATED_LEGAL_MANAGEMENT_BOOK,2027
3000,equity,2026-09-09T00:00:00Z,2026-09-09,RWH,CONDITIONAL_FORECAST,7,MANAGEMENT_FORECAST,PUBLIC_SYNTHETIC_PLANNING_MODEL,base,-61120892.0000,ALLOCATED_LEGAL_MANAGEMENT_BOOK,2027
3100,equity,2026-09-09T00:00:00Z,2026-09-09,RWH,CONDITIONAL_FORECAST,7,MANAGEMENT_FORECAST,PUBLIC_SYNTHETIC_PLANNING_MODEL,base,2869375.0000,ALLOCATED_LEGAL_MANAGEMENT_BOOK,2027
4000,revenue,2026-09-09T00:00:00Z,2026-09-09,RWH,CONDITIONAL_FORECAST,7,MANAGEMENT_FORECAST,PUBLIC_SYNTHETIC_PLANNING_MODEL,base,-24175484.0000,ALLOCATED_LEGAL_MANAGEMENT_BOOK,2027
5100,expense,2026-09-09T00:00:00Z,2026-09-09,RWH,CONDITIONAL_FORECAST,7,MANAGEMENT_FORECAST,PUBLIC_SYNTHETIC_PLANNING_MODEL,base,19623799.2500,ALLOCATED_LEGAL_MANAGEMENT_BOOK,2027
5150,expense,2026-09-09T00:00:00Z,2026-09-09,RWH,CONDITIONAL_FORECAST,7,MANAGEMENT_FORECAST,PUBLIC_SYNTHETIC_PLANNING_MODEL,base,1185105.7500,ALLOCATED_LEGAL_MANAGEMENT_BOOK,2027
5200,expense,2026-09-09T00:00:00Z,2026-09-09,RWH,CONDITIONAL_FORECAST,7,MANAGEMENT_FORECAST,PUBLIC_SYNTHETIC_PLANNING_MODEL,base,146464.0000,ALLOCATED_LEGAL_MANAGEMENT_BOOK,2027
5300,expense,2026-09-09T00:00:00Z,2026-09-09,RWH,CONDITIONAL_FORECAST,7,MANAGEMENT_FORECAST,PUBLIC_SYNTHETIC_PLANNING_MODEL,base,2172870.0000,ALLOCATED_LEGAL_MANAGEMENT_BOOK,2027
5500,expense,2026-09-09T00:00:00Z,2026-09-09,RWH,CONDITIONAL_FORECAST,7,MANAGEMENT_FORECAST,PUBLIC_SYNTHETIC_PLANNING_MODEL,base,72105.0000,ALLOCATED_LEGAL_MANAGEMENT_BOOK,2027
5600,expense,2026-09-09T00:00:00Z,2026-09-09,RWH,CONDITIONAL_FORECAST,7,MANAGEMENT_FORECAST,PUBLIC_SYNTHETIC_PLANNING_MODEL,base,646659.0000,ALLOCATED_LEGAL_MANAGEMENT_BOOK,2027
1000,asset,2026-09-09T00:00:00Z,2026-09-09,SHI,CONDITIONAL_FORECAST,7,MANAGEMENT_FORECAST,PUBLIC_SYNTHETIC_PLANNING_MODEL,base,24128753.7663,ALLOCATED_LEGAL_MANAGEMENT_BOOK,2027
3000,equity,2026-09-09T00:00:00Z,2026-09-09,SHI,CONDITIONAL_FORECAST,7,MANAGEMENT_FORECAST,PUBLIC_SYNTHETIC_PLANNING_MODEL,base,-130159887.2574,ALLOCATED_LEGAL_MANAGEMENT_BOOK,2027
3100,equity,2026-09-09T00:00:00Z,2026-09-09,SHI,CONDITIONAL_FORECAST,7,MANAGEMENT_FORECAST,PUBLIC_SYNTHETIC_PLANNING_MODEL,base,37702666.6668,ALLOCATED_LEGAL_MANAGEMENT_BOOK,2027
BIZ_ACCUM,asset,2026-09-09T00:00:00Z,2026-09-09,SHI,CONDITIONAL_FORECAST,7,MANAGEMENT_FORECAST,PUBLIC_SYNTHETIC_PLANNING_MODEL,base,-116690.4758,ALLOCATED_LEGAL_MANAGEMENT_BOOK,2027
BIZ_ALLOWANCE,asset,2026-09-09T00:00:00Z,2026-09-09,SHI,CONDITIONAL_FORECAST,7,MANAGEMENT_FORECAST,PUBLIC_SYNTHETIC_PLANNING_MODEL,base,-33101.1840,ALLOCATED_LEGAL_MANAGEMENT_BOOK,2027
BIZ_AP,liability,2026-09-09T00:00:00Z,2026-09-09,SHI,CONDITIONAL_FORECAST,7,MANAGEMENT_FORECAST,PUBLIC_SYNTHETIC_PLANNING_MODEL,base,-340879.8000,ALLOCATED_LEGAL_MANAGEMENT_BOOK,2027
BIZ_AR,asset,2026-09-09T00:00:00Z,2026-09-09,SHI,CONDITIONAL_FORECAST,7,MANAGEMENT_FORECAST,PUBLIC_SYNTHETIC_PLANNING_MODEL,base,1655059.2000,ALLOCATED_LEGAL_MANAGEMENT_BOOK,2027
BIZ_COGS,expense,2026-09-09T00:00:00Z,2026-09-09,SHI,CONDITIONAL_FORECAST,7,MANAGEMENT_FORECAST,PUBLIC_SYNTHETIC_PLANNING_MODEL,base,238980.0006,ALLOCATED_LEGAL_MANAGEMENT_BOOK,2027
BIZ_CREDIT_LOSS,expense,2026-09-09T00:00:00Z,2026-09-09,SHI,CONDITIONAL_FORECAST,7,MANAGEMENT_FORECAST,PUBLIC_SYNTHETIC_PLANNING_MODEL,base,1323601.1840,ALLOCATED_LEGAL_MANAGEMENT_BOOK,2027
BIZ_DDA,expense,2026-09-09T00:00:00Z,2026-09-09,SHI,CONDITIONAL_FORECAST,7,MANAGEMENT_FORECAST,PUBLIC_SYNTHETIC_PLANNING_MODEL,base,116690.4758,ALLOCATED_LEGAL_MANAGEMENT_BOOK,2027
BIZ_DEFERRED,liability,2026-09-09T00:00:00Z,2026-09-09,SHI,CONDITIONAL_FORECAST,7,MANAGEMENT_FORECAST,PUBLIC_SYNTHETIC_PLANNING_MODEL,base,-27060400.0000,ALLOCATED_LEGAL_MANAGEMENT_BOOK,2027
BIZ_DELIVERY,expense,2026-09-09T00:00:00Z,2026-09-09,SHI,CONDITIONAL_FORECAST,7,MANAGEMENT_FORECAST,PUBLIC_SYNTHETIC_PLANNING_MODEL,base,866256.8000,ALLOCATED_LEGAL_MANAGEMENT_BOOK,2027
BIZ_HOST_AP,liability,2026-09-09T00:00:00Z,2026-09-09,SHI,CONDITIONAL_FORECAST,7,MANAGEMENT_FORECAST,PUBLIC_SYNTHETIC_PLANNING_MODEL,base,-39904.1280,ALLOCATED_LEGAL_MANAGEMENT_BOOK,2027
BIZ_HOST_SHARE,expense,2026-09-09T00:00:00Z,2026-09-09,SHI,CONDITIONAL_FORECAST,7,MANAGEMENT_FORECAST,PUBLIC_SYNTHETIC_PLANNING_MODEL,base,119712.3840,ALLOCATED_LEGAL_MANAGEMENT_BOOK,2027
BIZ_INVENTORY,asset,2026-09-09T00:00:00Z,2026-09-09,SHI,CONDITIONAL_FORECAST,7,MANAGEMENT_FORECAST,PUBLIC_SYNTHETIC_PLANNING_MODEL,base,39830.0001,ALLOCATED_LEGAL_MANAGEMENT_BOOK,2027
BIZ_PAYROLL,expense,2026-09-09T00:00:00Z,2026-09-09,SHI,CONDITIONAL_FORECAST,7,MANAGEMENT_FORECAST,PUBLIC_SYNTHETIC_PLANNING_MODEL,base,43152499.9344,ALLOCATED_LEGAL_MANAGEMENT_BOOK,2027
BIZ_PPE,asset,2026-09-09T00:00:00Z,2026-09-09,SHI,CONDITIONAL_FORECAST,7,MANAGEMENT_FORECAST,PUBLIC_SYNTHETIC_PLANNING_MODEL,base,1600000.0000,ALLOCATED_LEGAL_MANAGEMENT_BOOK,2027
BIZ_PROCESSING,expense,2026-09-09T00:00:00Z,2026-09-09,SHI,CONDITIONAL_FORECAST,7,MANAGEMENT_FORECAST,PUBLIC_SYNTHETIC_PLANNING_MODEL,base,115625.0000,ALLOCATED_LEGAL_MANAGEMENT_BOOK,2027
BIZ_RESEARCH,expense,2026-09-09T00:00:00Z,2026-09-09,SHI,CONDITIONAL_FORECAST,7,MANAGEMENT_FORECAST,PUBLIC_SYNTHETIC_PLANNING_MODEL,base,348282.5000,ALLOCATED_LEGAL_MANAGEMENT_BOOK,2027
BIZ_REVENUE,revenue,2026-09-09T00:00:00Z,2026-09-09,SHI,CONDITIONAL_FORECAST,7,MANAGEMENT_FORECAST,PUBLIC_SYNTHETIC_PLANNING_MODEL,base,-39887024.0000,ALLOCATED_LEGAL_MANAGEMENT_BOOK,2027
BIZ_SUPPORT,expense,2026-09-09T00:00:00Z,2026-09-09,SHI,CONDITIONAL_FORECAST,7,MANAGEMENT_FORECAST,PUBLIC_SYNTHETIC_PLANNING_MODEL,base,791000.0000,ALLOCATED_LEGAL_MANAGEMENT_BOOK,2027
CORE_ACCUM,asset,2026-09-09T00:00:00Z,2026-09-09,SHI,CONDITIONAL_FORECAST,7,MANAGEMENT_FORECAST,PUBLIC_SYNTHETIC_PLANNING_MODEL,base,-790728.3559,ALLOCATED_LEGAL_MANAGEMENT_BOOK,2027
CORE_DDA,expense,2026-09-09T00:00:00Z,2026-09-09,SHI,CONDITIONAL_FORECAST,7,MANAGEMENT_FORECAST,PUBLIC_SYNTHETIC_PLANNING_MODEL,base,790728.3559,ALLOCATED_LEGAL_MANAGEMENT_BOOK,2027
CORE_INTEREST,expense,2026-09-09T00:00:00Z,2026-09-09,SHI,CONDITIONAL_FORECAST,7,MANAGEMENT_FORECAST,PUBLIC_SYNTHETIC_PLANNING_MODEL,base,1327083.3333,ALLOCATED_LEGAL_MANAGEMENT_BOOK,2027
INV_SHIH,asset,2026-09-09T00:00:00Z,2026-09-09,SHI,CONDITIONAL_FORECAST,7,MANAGEMENT_FORECAST,PUBLIC_SYNTHETIC_PLANNING_MODEL,base,118025772.0000,ALLOCATED_LEGAL_MANAGEMENT_BOOK,2027
LEG_1500,asset,2026-09-09T00:00:00Z,2026-09-09,SHI,CONDITIONAL_FORECAST,7,MANAGEMENT_FORECAST,PUBLIC_SYNTHETIC_PLANNING_MODEL,base,9497024.0000,ALLOCATED_LEGAL_MANAGEMENT_BOOK,2027
LEG_1590,asset,2026-09-09T00:00:00Z,2026-09-09,SHI,CONDITIONAL_FORECAST,7,MANAGEMENT_FORECAST,PUBLIC_SYNTHETIC_PLANNING_MODEL,base,-8283.7333,ALLOCATED_LEGAL_MANAGEMENT_BOOK,2027
LEG_1600,asset,2026-09-09T00:00:00Z,2026-09-09,SHI,CONDITIONAL_FORECAST,7,MANAGEMENT_FORECAST,PUBLIC_SYNTHETIC_PLANNING_MODEL,base,30000000.0000,ALLOCATED_LEGAL_MANAGEMENT_BOOK,2027
LEG_2500,liability,2026-09-09T00:00:00Z,2026-09-09,SHI,CONDITIONAL_FORECAST,7,MANAGEMENT_FORECAST,PUBLIC_SYNTHETIC_PLANNING_MODEL,base,-34600000.0000,ALLOCATED_LEGAL_MANAGEMENT_BOOK,2027
LEG_2510,liability,2026-09-09T00:00:00Z,2026-09-09,SHI,CONDITIONAL_FORECAST,7,MANAGEMENT_FORECAST,PUBLIC_SYNTHETIC_PLANNING_MODEL,base,-2666.6668,ALLOCATED_LEGAL_MANAGEMENT_BOOK,2027
LEG_3000,equity,2026-09-09T00:00:00Z,2026-09-09,SHI,CONDITIONAL_FORECAST,7,MANAGEMENT_FORECAST,PUBLIC_SYNTHETIC_PLANNING_MODEL,base,-38800000.0000,ALLOCATED_LEGAL_MANAGEMENT_BOOK,2027
SHARED_AR,asset,2026-09-09T00:00:00Z,2026-09-09,SHI,CONDITIONAL_FORECAST,7,MANAGEMENT_FORECAST,PUBLIC_SYNTHETIC_PLANNING_MODEL,base,583333.3331,ALLOCATED_LEGAL_MANAGEMENT_BOOK,2027
SHARED_REV,revenue,2026-09-09T00:00:00Z,2026-09-09,SHI,CONDITIONAL_FORECAST,7,MANAGEMENT_FORECAST,PUBLIC_SYNTHETIC_PLANNING_MODEL,base,-583333.3331,ALLOCATED_LEGAL_MANAGEMENT_BOOK,2027
3000,equity,2026-09-09T00:00:00Z,2026-09-09,SHIH,CONDITIONAL_FORECAST,7,MANAGEMENT_FORECAST,PUBLIC_SYNTHETIC_PLANNING_MODEL,base,-118025772.0000,ALLOCATED_LEGAL_MANAGEMENT_BOOK,2027
3100,equity,2026-09-09T00:00:00Z,2026-09-09,SHIH,CONDITIONAL_FORECAST,7,MANAGEMENT_FORECAST,PUBLIC_SYNTHETIC_PLANNING_MODEL,base,900000.0000,ALLOCATED_LEGAL_MANAGEMENT_BOOK,2027
INV_ARU,asset,2026-09-09T00:00:00Z,2026-09-09,SHIH,CONDITIONAL_FORECAST,7,MANAGEMENT_FORECAST,PUBLIC_SYNTHETIC_PLANNING_MODEL,base,56004880.0000,ALLOCATED_LEGAL_MANAGEMENT_BOOK,2027
INV_PS,asset,2026-09-09T00:00:00Z,2026-09-09,SHIH,CONDITIONAL_FORECAST,7,MANAGEMENT_FORECAST,PUBLIC_SYNTHETIC_PLANNING_MODEL,base,61120892.0000,ALLOCATED_LEGAL_MANAGEMENT_BOOK,2027
1000,asset,2026-09-09T00:00:00Z,2026-09-09,ARU,CONDITIONAL_FORECAST,8,MANAGEMENT_FORECAST,PUBLIC_SYNTHETIC_PLANNING_MODEL,base,2333513.0000,ALLOCATED_LEGAL_MANAGEMENT_BOOK,2027
1100,asset,2026-09-09T00:00:00Z,2026-09-09,ARU,CONDITIONAL_FORECAST,8,MANAGEMENT_FORECAST,PUBLIC_SYNTHETIC_PLANNING_MODEL,base,3762913.0000,ALLOCATED_LEGAL_MANAGEMENT_BOOK,2027
1150,asset,2026-09-09T00:00:00Z,2026-09-09,ARU,CONDITIONAL_FORECAST,8,MANAGEMENT_FORECAST,PUBLIC_SYNTHETIC_PLANNING_MODEL,base,-13049.0000,ALLOCATED_LEGAL_MANAGEMENT_BOOK,2027
1180,intercompany,2026-09-09T00:00:00Z,2026-09-09,ARU,CONDITIONAL_FORECAST,8,MANAGEMENT_FORECAST,PUBLIC_SYNTHETIC_PLANNING_MODEL,base,11186949.0000,ALLOCATED_LEGAL_MANAGEMENT_BOOK,2027
1200,asset,2026-09-09T00:00:00Z,2026-09-09,ARU,CONDITIONAL_FORECAST,8,MANAGEMENT_FORECAST,PUBLIC_SYNTHETIC_PLANNING_MODEL,base,1214138.0000,ALLOCATED_LEGAL_MANAGEMENT_BOOK,2027
1300,asset,2026-09-09T00:00:00Z,2026-09-09,ARU,CONDITIONAL_FORECAST,8,MANAGEMENT_FORECAST,PUBLIC_SYNTHETIC_PLANNING_MODEL,base,504700.0000,ALLOCATED_LEGAL_MANAGEMENT_BOOK,2027
1400,asset,2026-09-09T00:00:00Z,2026-09-09,ARU,CONDITIONAL_FORECAST,8,MANAGEMENT_FORECAST,PUBLIC_SYNTHETIC_PLANNING_MODEL,base,28717200.0000,ALLOCATED_LEGAL_MANAGEMENT_BOOK,2027
1490,asset,2026-09-09T00:00:00Z,2026-09-09,ARU,CONDITIONAL_FORECAST,8,MANAGEMENT_FORECAST,PUBLIC_SYNTHETIC_PLANNING_MODEL,base,-2255422.0000,ALLOCATED_LEGAL_MANAGEMENT_BOOK,2027
1500,asset,2026-09-09T00:00:00Z,2026-09-09,ARU,CONDITIONAL_FORECAST,8,MANAGEMENT_FORECAST,PUBLIC_SYNTHETIC_PLANNING_MODEL,base,1000000.0000,ALLOCATED_LEGAL_MANAGEMENT_BOOK,2027
1590,asset,2026-09-09T00:00:00Z,2026-09-09,ARU,CONDITIONAL_FORECAST,8,MANAGEMENT_FORECAST,PUBLIC_SYNTHETIC_PLANNING_MODEL,base,-330048.0000,ALLOCATED_LEGAL_MANAGEMENT_BOOK,2027
1600,asset,2026-09-09T00:00:00Z,2026-09-09,ARU,CONDITIONAL_FORECAST,8,MANAGEMENT_FORECAST,PUBLIC_SYNTHETIC_PLANNING_MODEL,base,14762500.0000,ALLOCATED_LEGAL_MANAGEMENT_BOOK,2027
1700,liability,2026-09-09T00:00:00Z,2026-09-09,ARU,CONDITIONAL_FORECAST,8,MANAGEMENT_FORECAST,PUBLIC_SYNTHETIC_PLANNING_MODEL,base,200968.0000,ALLOCATED_LEGAL_MANAGEMENT_BOOK,2027
1800,asset,2026-09-09T00:00:00Z,2026-09-09,ARU,CONDITIONAL_FORECAST,8,MANAGEMENT_FORECAST,PUBLIC_SYNTHETIC_PLANNING_MODEL,base,137500.0000,ALLOCATED_LEGAL_MANAGEMENT_BOOK,2027
2000,liability,2026-09-09T00:00:00Z,2026-09-09,ARU,CONDITIONAL_FORECAST,8,MANAGEMENT_FORECAST,PUBLIC_SYNTHETIC_PLANNING_MODEL,base,-1062425.0000,ALLOCATED_LEGAL_MANAGEMENT_BOOK,2027
2200,liability,2026-09-09T00:00:00Z,2026-09-09,ARU,CONDITIONAL_FORECAST,8,MANAGEMENT_FORECAST,PUBLIC_SYNTHETIC_PLANNING_MODEL,base,-550000.0000,ALLOCATED_LEGAL_MANAGEMENT_BOOK,2027
2250,liability,2026-09-09T00:00:00Z,2026-09-09,ARU,CONDITIONAL_FORECAST,8,MANAGEMENT_FORECAST,PUBLIC_SYNTHETIC_PLANNING_MODEL,base,-361111.0000,ALLOCATED_LEGAL_MANAGEMENT_BOOK,2027
2400,liability,2026-09-09T00:00:00Z,2026-09-09,ARU,CONDITIONAL_FORECAST,8,MANAGEMENT_FORECAST,PUBLIC_SYNTHETIC_PLANNING_MODEL,base,-20250000.0000,ALLOCATED_LEGAL_MANAGEMENT_BOOK,2027
2600,liability,2026-09-09T00:00:00Z,2026-09-09,ARU,CONDITIONAL_FORECAST,8,MANAGEMENT_FORECAST,PUBLIC_SYNTHETIC_PLANNING_MODEL,base,-669953.0000,ALLOCATED_LEGAL_MANAGEMENT_BOOK,2027
2700,current_settlement,2026-09-09T00:00:00Z,2026-09-09,ARU,CONDITIONAL_FORECAST,8,MANAGEMENT_FORECAST,PUBLIC_SYNTHETIC_PLANNING_MODEL,base,-268726.0000,ALLOCATED_LEGAL_MANAGEMENT_BOOK,2027
3000,equity,2026-09-09T00:00:00Z,2026-09-09,ARU,CONDITIONAL_FORECAST,8,MANAGEMENT_FORECAST,PUBLIC_SYNTHETIC_PLANNING_MODEL,base,-56004880.0000,ALLOCATED_LEGAL_MANAGEMENT_BOOK,2027
3100,equity,2026-09-09T00:00:00Z,2026-09-09,ARU,CONDITIONAL_FORECAST,8,MANAGEMENT_FORECAST,PUBLIC_SYNTHETIC_PLANNING_MODEL,base,-3617621.0000,ALLOCATED_LEGAL_MANAGEMENT_BOOK,2027
4000,revenue,2026-09-09T00:00:00Z,2026-09-09,ARU,CONDITIONAL_FORECAST,8,MANAGEMENT_FORECAST,PUBLIC_SYNTHETIC_PLANNING_MODEL,base,-18470984.0000,ALLOCATED_LEGAL_MANAGEMENT_BOOK,2027
4100,revenue,2026-09-09T00:00:00Z,2026-09-09,ARU,CONDITIONAL_FORECAST,8,MANAGEMENT_FORECAST,PUBLIC_SYNTHETIC_PLANNING_MODEL,base,-216282.0000,ALLOCATED_LEGAL_MANAGEMENT_BOOK,2027
5000,expense,2026-09-09T00:00:00Z,2026-09-09,ARU,CONDITIONAL_FORECAST,8,MANAGEMENT_FORECAST,PUBLIC_SYNTHETIC_PLANNING_MODEL,base,5048680.0000,ALLOCATED_LEGAL_MANAGEMENT_BOOK,2027
5100,expense,2026-09-09T00:00:00Z,2026-09-09,ARU,CONDITIONAL_FORECAST,8,MANAGEMENT_FORECAST,PUBLIC_SYNTHETIC_PLANNING_MODEL,base,8428767.0000,ALLOCATED_LEGAL_MANAGEMENT_BOOK,2027
5200,expense,2026-09-09T00:00:00Z,2026-09-09,ARU,CONDITIONAL_FORECAST,8,MANAGEMENT_FORECAST,PUBLIC_SYNTHETIC_PLANNING_MODEL,base,164395.0000,ALLOCATED_LEGAL_MANAGEMENT_BOOK,2027
5300,expense,2026-09-09T00:00:00Z,2026-09-09,ARU,CONDITIONAL_FORECAST,8,MANAGEMENT_FORECAST,PUBLIC_SYNTHETIC_PLANNING_MODEL,base,1197582.0000,ALLOCATED_LEGAL_MANAGEMENT_BOOK,2027
5400,expense,2026-09-09T00:00:00Z,2026-09-09,ARU,CONDITIONAL_FORECAST,8,MANAGEMENT_FORECAST,PUBLIC_SYNTHETIC_PLANNING_MODEL,base,961820.0000,ALLOCATED_LEGAL_MANAGEMENT_BOOK,2027
5500,expense,2026-09-09T00:00:00Z,2026-09-09,ARU,CONDITIONAL_FORECAST,8,MANAGEMENT_FORECAST,PUBLIC_SYNTHETIC_PLANNING_MODEL,base,587528.0000,ALLOCATED_LEGAL_MANAGEMENT_BOOK,2027
5501,expense,2026-09-09T00:00:00Z,2026-09-09,ARU,CONDITIONAL_FORECAST,8,MANAGEMENT_FORECAST,PUBLIC_SYNTHETIC_PLANNING_MODEL,base,144444.0000,ALLOCATED_LEGAL_MANAGEMENT_BOOK,2027
5700,expense,2026-09-09T00:00:00Z,2026-09-09,ARU,CONDITIONAL_FORECAST,8,MANAGEMENT_FORECAST,PUBLIC_SYNTHETIC_PLANNING_MODEL,base,6904.0000,ALLOCATED_LEGAL_MANAGEMENT_BOOK,2027
INV_BST,asset,2026-09-09T00:00:00Z,2026-09-09,ARU,CONDITIONAL_FORECAST,8,MANAGEMENT_FORECAST,PUBLIC_SYNTHETIC_PLANNING_MODEL,base,23710000.0000,ALLOCATED_LEGAL_MANAGEMENT_BOOK,2027
SHARED_AP,liability,2026-09-09T00:00:00Z,2026-09-09,ARU,CONDITIONAL_FORECAST,8,MANAGEMENT_FORECAST,PUBLIC_SYNTHETIC_PLANNING_MODEL,base,-400000.0000,ALLOCATED_LEGAL_MANAGEMENT_BOOK,2027
SHARED_EXP,expense,2026-09-09T00:00:00Z,2026-09-09,ARU,CONDITIONAL_FORECAST,8,MANAGEMENT_FORECAST,PUBLIC_SYNTHETIC_PLANNING_MODEL,base,400000.0000,ALLOCATED_LEGAL_MANAGEMENT_BOOK,2027
1000,asset,2026-09-09T00:00:00Z,2026-09-09,BST,CONDITIONAL_FORECAST,8,MANAGEMENT_FORECAST,PUBLIC_SYNTHETIC_PLANNING_MODEL,base,1000077.0000,ALLOCATED_LEGAL_MANAGEMENT_BOOK,2027
1100,asset,2026-09-09T00:00:00Z,2026-09-09,BST,CONDITIONAL_FORECAST,8,MANAGEMENT_FORECAST,PUBLIC_SYNTHETIC_PLANNING_MODEL,base,2209965.0000,ALLOCATED_LEGAL_MANAGEMENT_BOOK,2027
1150,asset,2026-09-09T00:00:00Z,2026-09-09,BST,CONDITIONAL_FORECAST,8,MANAGEMENT_FORECAST,PUBLIC_SYNTHETIC_PLANNING_MODEL,base,55328.0000,ALLOCATED_LEGAL_MANAGEMENT_BOOK,2027
1180,intercompany,2026-09-09T00:00:00Z,2026-09-09,BST,CONDITIONAL_FORECAST,8,MANAGEMENT_FORECAST,PUBLIC_SYNTHETIC_PLANNING_MODEL,base,-11186949.0000,ALLOCATED_LEGAL_MANAGEMENT_BOOK,2027
1200,asset,2026-09-09T00:00:00Z,2026-09-09,BST,CONDITIONAL_FORECAST,8,MANAGEMENT_FORECAST,PUBLIC_SYNTHETIC_PLANNING_MODEL,base,653767.0000,ALLOCATED_LEGAL_MANAGEMENT_BOOK,2027
1300,asset,2026-09-09T00:00:00Z,2026-09-09,BST,CONDITIONAL_FORECAST,8,MANAGEMENT_FORECAST,PUBLIC_SYNTHETIC_PLANNING_MODEL,base,216300.0000,ALLOCATED_LEGAL_MANAGEMENT_BOOK,2027
1400,asset,2026-09-09T00:00:00Z,2026-09-09,BST,CONDITIONAL_FORECAST,8,MANAGEMENT_FORECAST,PUBLIC_SYNTHETIC_PLANNING_MODEL,base,35098800.0000,ALLOCATED_LEGAL_MANAGEMENT_BOOK,2027
1490,asset,2026-09-09T00:00:00Z,2026-09-09,BST,CONDITIONAL_FORECAST,8,MANAGEMENT_FORECAST,PUBLIC_SYNTHETIC_PLANNING_MODEL,base,-2756627.0000,ALLOCATED_LEGAL_MANAGEMENT_BOOK,2027
1500,asset,2026-09-09T00:00:00Z,2026-09-09,BST,CONDITIONAL_FORECAST,8,MANAGEMENT_FORECAST,PUBLIC_SYNTHETIC_PLANNING_MODEL,base,1500000.0000,ALLOCATED_LEGAL_MANAGEMENT_BOOK,2027
1590,asset,2026-09-09T00:00:00Z,2026-09-09,BST,CONDITIONAL_FORECAST,8,MANAGEMENT_FORECAST,PUBLIC_SYNTHETIC_PLANNING_MODEL,base,-495071.0000,ALLOCATED_LEGAL_MANAGEMENT_BOOK,2027
1800,asset,2026-09-09T00:00:00Z,2026-09-09,BST,CONDITIONAL_FORECAST,8,MANAGEMENT_FORECAST,PUBLIC_SYNTHETIC_PLANNING_MODEL,base,450000.0000,ALLOCATED_LEGAL_MANAGEMENT_BOOK,2027
2000,liability,2026-09-09T00:00:00Z,2026-09-09,BST,CONDITIONAL_FORECAST,8,MANAGEMENT_FORECAST,PUBLIC_SYNTHETIC_PLANNING_MODEL,base,-708284.0000,ALLOCATED_LEGAL_MANAGEMENT_BOOK,2027
2200,liability,2026-09-09T00:00:00Z,2026-09-09,BST,CONDITIONAL_FORECAST,8,MANAGEMENT_FORECAST,PUBLIC_SYNTHETIC_PLANNING_MODEL,base,-1200000.0000,ALLOCATED_LEGAL_MANAGEMENT_BOOK,2027
2300,liability,2026-09-09T00:00:00Z,2026-09-09,BST,CONDITIONAL_FORECAST,8,MANAGEMENT_FORECAST,PUBLIC_SYNTHETIC_PLANNING_MODEL,base,-600000.0000,ALLOCATED_LEGAL_MANAGEMENT_BOOK,2027
2600,liability,2026-09-09T00:00:00Z,2026-09-09,BST,CONDITIONAL_FORECAST,8,MANAGEMENT_FORECAST,PUBLIC_SYNTHETIC_PLANNING_MODEL,base,-1004930.0000,ALLOCATED_LEGAL_MANAGEMENT_BOOK,2027
3000,equity,2026-09-09T00:00:00Z,2026-09-09,BST,CONDITIONAL_FORECAST,8,MANAGEMENT_FORECAST,PUBLIC_SYNTHETIC_PLANNING_MODEL,base,-23710000.0000,ALLOCATED_LEGAL_MANAGEMENT_BOOK,2027
3100,equity,2026-09-09T00:00:00Z,2026-09-09,BST,CONDITIONAL_FORECAST,8,MANAGEMENT_FORECAST,PUBLIC_SYNTHETIC_PLANNING_MODEL,base,526394.0000,ALLOCATED_LEGAL_MANAGEMENT_BOOK,2027
4000,revenue,2026-09-09T00:00:00Z,2026-09-09,BST,CONDITIONAL_FORECAST,8,MANAGEMENT_FORECAST,PUBLIC_SYNTHETIC_PLANNING_MODEL,base,-10879366.0000,ALLOCATED_LEGAL_MANAGEMENT_BOOK,2027
4100,revenue,2026-09-09T00:00:00Z,2026-09-09,BST,CONDITIONAL_FORECAST,8,MANAGEMENT_FORECAST,PUBLIC_SYNTHETIC_PLANNING_MODEL,base,-109854.0000,ALLOCATED_LEGAL_MANAGEMENT_BOOK,2027
5000,expense,2026-09-09T00:00:00Z,2026-09-09,BST,CONDITIONAL_FORECAST,8,MANAGEMENT_FORECAST,PUBLIC_SYNTHETIC_PLANNING_MODEL,base,4129232.0000,ALLOCATED_LEGAL_MANAGEMENT_BOOK,2027
5100,expense,2026-09-09T00:00:00Z,2026-09-09,BST,CONDITIONAL_FORECAST,8,MANAGEMENT_FORECAST,PUBLIC_SYNTHETIC_PLANNING_MODEL,base,5206319.0000,ALLOCATED_LEGAL_MANAGEMENT_BOOK,2027
5200,expense,2026-09-09T00:00:00Z,2026-09-09,BST,CONDITIONAL_FORECAST,8,MANAGEMENT_FORECAST,PUBLIC_SYNTHETIC_PLANNING_MODEL,base,56236.0000,ALLOCATED_LEGAL_MANAGEMENT_BOOK,2027
5300,expense,2026-09-09T00:00:00Z,2026-09-09,BST,CONDITIONAL_FORECAST,8,MANAGEMENT_FORECAST,PUBLIC_SYNTHETIC_PLANNING_MODEL,base,1463712.0000,ALLOCATED_LEGAL_MANAGEMENT_BOOK,2027
5400,expense,2026-09-09T00:00:00Z,2026-09-09,BST,CONDITIONAL_FORECAST,8,MANAGEMENT_FORECAST,PUBLIC_SYNTHETIC_PLANNING_MODEL,base,83636.0000,ALLOCATED_LEGAL_MANAGEMENT_BOOK,2027
5700,expense,2026-09-09T00:00:00Z,2026-09-09,BST,CONDITIONAL_FORECAST,8,MANAGEMENT_FORECAST,PUBLIC_SYNTHETIC_PLANNING_MODEL,base,1315.0000,ALLOCATED_LEGAL_MANAGEMENT_BOOK,2027
1150,asset,2026-09-09T00:00:00Z,2026-09-09,ELIM,CONDITIONAL_FORECAST,8,MANAGEMENT_FORECAST,PUBLIC_SYNTHETIC_PLANNING_MODEL,base,-42279.0000,CONSOLIDATION_ELIMINATION_BOOK,2027
2150,liability,2026-09-09T00:00:00Z,2026-09-09,ELIM,CONDITIONAL_FORECAST,8,MANAGEMENT_FORECAST,PUBLIC_SYNTHETIC_PLANNING_MODEL,base,42279.0000,CONSOLIDATION_ELIMINATION_BOOK,2027
3000,equity,2026-09-09T00:00:00Z,2026-09-09,ELIM,CONDITIONAL_FORECAST,8,MANAGEMENT_FORECAST,PUBLIC_SYNTHETIC_PLANNING_MODEL,base,319982436.0000,CONSOLIDATION_ELIMINATION_BOOK,2027
4100,revenue,2026-09-09T00:00:00Z,2026-09-09,ELIM,CONDITIONAL_FORECAST,8,MANAGEMENT_FORECAST,PUBLIC_SYNTHETIC_PLANNING_MODEL,base,1356134.5714,CONSOLIDATION_ELIMINATION_BOOK,2027
5150,expense,2026-09-09T00:00:00Z,2026-09-09,ELIM,CONDITIONAL_FORECAST,8,MANAGEMENT_FORECAST,PUBLIC_SYNTHETIC_PLANNING_MODEL,base,-1356134.5714,CONSOLIDATION_ELIMINATION_BOOK,2027
INV_ARU,asset,2026-09-09T00:00:00Z,2026-09-09,ELIM,CONDITIONAL_FORECAST,8,MANAGEMENT_FORECAST,PUBLIC_SYNTHETIC_PLANNING_MODEL,base,-56004880.0000,CONSOLIDATION_ELIMINATION_BOOK,2027
INV_BST,asset,2026-09-09T00:00:00Z,2026-09-09,ELIM,CONDITIONAL_FORECAST,8,MANAGEMENT_FORECAST,PUBLIC_SYNTHETIC_PLANNING_MODEL,base,-23710000.0000,CONSOLIDATION_ELIMINATION_BOOK,2027
INV_PS,asset,2026-09-09T00:00:00Z,2026-09-09,ELIM,CONDITIONAL_FORECAST,8,MANAGEMENT_FORECAST,PUBLIC_SYNTHETIC_PLANNING_MODEL,base,-61120892.0000,CONSOLIDATION_ELIMINATION_BOOK,2027
INV_RWH,asset,2026-09-09T00:00:00Z,2026-09-09,ELIM,CONDITIONAL_FORECAST,8,MANAGEMENT_FORECAST,PUBLIC_SYNTHETIC_PLANNING_MODEL,base,-61120892.0000,CONSOLIDATION_ELIMINATION_BOOK,2027
INV_SHIH,asset,2026-09-09T00:00:00Z,2026-09-09,ELIM,CONDITIONAL_FORECAST,8,MANAGEMENT_FORECAST,PUBLIC_SYNTHETIC_PLANNING_MODEL,base,-118025772.0000,CONSOLIDATION_ELIMINATION_BOOK,2027
SHARED_AP,liability,2026-09-09T00:00:00Z,2026-09-09,ELIM,CONDITIONAL_FORECAST,8,MANAGEMENT_FORECAST,PUBLIC_SYNTHETIC_PLANNING_MODEL,base,666666.6664,CONSOLIDATION_ELIMINATION_BOOK,2027
SHARED_AR,asset,2026-09-09T00:00:00Z,2026-09-09,ELIM,CONDITIONAL_FORECAST,8,MANAGEMENT_FORECAST,PUBLIC_SYNTHETIC_PLANNING_MODEL,base,-666666.6664,CONSOLIDATION_ELIMINATION_BOOK,2027
SHARED_EXP,expense,2026-09-09T00:00:00Z,2026-09-09,ELIM,CONDITIONAL_FORECAST,8,MANAGEMENT_FORECAST,PUBLIC_SYNTHETIC_PLANNING_MODEL,base,-666666.6664,CONSOLIDATION_ELIMINATION_BOOK,2027
SHARED_REV,revenue,2026-09-09T00:00:00Z,2026-09-09,ELIM,CONDITIONAL_FORECAST,8,MANAGEMENT_FORECAST,PUBLIC_SYNTHETIC_PLANNING_MODEL,base,666666.6664,CONSOLIDATION_ELIMINATION_BOOK,2027
3000,equity,2026-09-09T00:00:00Z,2026-09-09,PS,CONDITIONAL_FORECAST,8,MANAGEMENT_FORECAST,PUBLIC_SYNTHETIC_PLANNING_MODEL,base,-61120892.0000,ALLOCATED_LEGAL_MANAGEMENT_BOOK,2027
4100,revenue,2026-09-09T00:00:00Z,2026-09-09,PS,CONDITIONAL_FORECAST,8,MANAGEMENT_FORECAST,PUBLIC_SYNTHETIC_PLANNING_MODEL,base,-1029998.5714,ALLOCATED_LEGAL_MANAGEMENT_BOOK,2027
5100,expense,2026-09-09T00:00:00Z,2026-09-09,PS,CONDITIONAL_FORECAST,8,MANAGEMENT_FORECAST,PUBLIC_SYNTHETIC_PLANNING_MODEL,base,1029998.5714,ALLOCATED_LEGAL_MANAGEMENT_BOOK,2027
INV_RWH,asset,2026-09-09T00:00:00Z,2026-09-09,PS,CONDITIONAL_FORECAST,8,MANAGEMENT_FORECAST,PUBLIC_SYNTHETIC_PLANNING_MODEL,base,61120892.0000,ALLOCATED_LEGAL_MANAGEMENT_BOOK,2027
SHARED_AP,liability,2026-09-09T00:00:00Z,2026-09-09,PS,CONDITIONAL_FORECAST,8,MANAGEMENT_FORECAST,PUBLIC_SYNTHETIC_PLANNING_MODEL,base,-266666.6664,ALLOCATED_LEGAL_MANAGEMENT_BOOK,2027
SHARED_EXP,expense,2026-09-09T00:00:00Z,2026-09-09,PS,CONDITIONAL_FORECAST,8,MANAGEMENT_FORECAST,PUBLIC_SYNTHETIC_PLANNING_MODEL,base,266666.6664,ALLOCATED_LEGAL_MANAGEMENT_BOOK,2027
1000,asset,2026-09-09T00:00:00Z,2026-09-09,RWH,CONDITIONAL_FORECAST,8,MANAGEMENT_FORECAST,PUBLIC_SYNTHETIC_PLANNING_MODEL,base,2232916.0000,ALLOCATED_LEGAL_MANAGEMENT_BOOK,2027
1100,asset,2026-09-09T00:00:00Z,2026-09-09,RWH,CONDITIONAL_FORECAST,8,MANAGEMENT_FORECAST,PUBLIC_SYNTHETIC_PLANNING_MODEL,base,5725773.0000,ALLOCATED_LEGAL_MANAGEMENT_BOOK,2027
1200,asset,2026-09-09T00:00:00Z,2026-09-09,RWH,CONDITIONAL_FORECAST,8,MANAGEMENT_FORECAST,PUBLIC_SYNTHETIC_PLANNING_MODEL,base,8828994.0000,ALLOCATED_LEGAL_MANAGEMENT_BOOK,2027
1210,asset,2026-09-09T00:00:00Z,2026-09-09,RWH,CONDITIONAL_FORECAST,8,MANAGEMENT_FORECAST,PUBLIC_SYNTHETIC_PLANNING_MODEL,base,1124305.0000,ALLOCATED_LEGAL_MANAGEMENT_BOOK,2027
1300,asset,2026-09-09T00:00:00Z,2026-09-09,RWH,CONDITIONAL_FORECAST,8,MANAGEMENT_FORECAST,PUBLIC_SYNTHETIC_PLANNING_MODEL,base,500000.0000,ALLOCATED_LEGAL_MANAGEMENT_BOOK,2027
1400,asset,2026-09-09T00:00:00Z,2026-09-09,RWH,CONDITIONAL_FORECAST,8,MANAGEMENT_FORECAST,PUBLIC_SYNTHETIC_PLANNING_MODEL,base,66996664.0000,ALLOCATED_LEGAL_MANAGEMENT_BOOK,2027
1490,asset,2026-09-09T00:00:00Z,2026-09-09,RWH,CONDITIONAL_FORECAST,8,MANAGEMENT_FORECAST,PUBLIC_SYNTHETIC_PLANNING_MODEL,base,-6155514.0000,ALLOCATED_LEGAL_MANAGEMENT_BOOK,2027
2150,liability,2026-09-09T00:00:00Z,2026-09-09,RWH,CONDITIONAL_FORECAST,8,MANAGEMENT_FORECAST,PUBLIC_SYNTHETIC_PLANNING_MODEL,base,-42279.0000,ALLOCATED_LEGAL_MANAGEMENT_BOOK,2027
2200,liability,2026-09-09T00:00:00Z,2026-09-09,RWH,CONDITIONAL_FORECAST,8,MANAGEMENT_FORECAST,PUBLIC_SYNTHETIC_PLANNING_MODEL,base,-18022861.0000,ALLOCATED_LEGAL_MANAGEMENT_BOOK,2027
2300,liability,2026-09-09T00:00:00Z,2026-09-09,RWH,CONDITIONAL_FORECAST,8,MANAGEMENT_FORECAST,PUBLIC_SYNTHETIC_PLANNING_MODEL,base,-2500000.0000,ALLOCATED_LEGAL_MANAGEMENT_BOOK,2027
2700,current_settlement,2026-09-09T00:00:00Z,2026-09-09,RWH,CONDITIONAL_FORECAST,8,MANAGEMENT_FORECAST,PUBLIC_SYNTHETIC_PLANNING_MODEL,base,-33658.0000,ALLOCATED_LEGAL_MANAGEMENT_BOOK,2027
3000,equity,2026-09-09T00:00:00Z,2026-09-09,RWH,CONDITIONAL_FORECAST,8,MANAGEMENT_FORECAST,PUBLIC_SYNTHETIC_PLANNING_MODEL,base,-61120892.0000,ALLOCATED_LEGAL_MANAGEMENT_BOOK,2027
3100,equity,2026-09-09T00:00:00Z,2026-09-09,RWH,CONDITIONAL_FORECAST,8,MANAGEMENT_FORECAST,PUBLIC_SYNTHETIC_PLANNING_MODEL,base,2869375.0000,ALLOCATED_LEGAL_MANAGEMENT_BOOK,2027
4000,revenue,2026-09-09T00:00:00Z,2026-09-09,RWH,CONDITIONAL_FORECAST,8,MANAGEMENT_FORECAST,PUBLIC_SYNTHETIC_PLANNING_MODEL,base,-27992666.0000,ALLOCATED_LEGAL_MANAGEMENT_BOOK,2027
5100,expense,2026-09-09T00:00:00Z,2026-09-09,RWH,CONDITIONAL_FORECAST,8,MANAGEMENT_FORECAST,PUBLIC_SYNTHETIC_PLANNING_MODEL,base,22712480.4286,ALLOCATED_LEGAL_MANAGEMENT_BOOK,2027
5150,expense,2026-09-09T00:00:00Z,2026-09-09,RWH,CONDITIONAL_FORECAST,8,MANAGEMENT_FORECAST,PUBLIC_SYNTHETIC_PLANNING_MODEL,base,1356134.5714,ALLOCATED_LEGAL_MANAGEMENT_BOOK,2027
5200,expense,2026-09-09T00:00:00Z,2026-09-09,RWH,CONDITIONAL_FORECAST,8,MANAGEMENT_FORECAST,PUBLIC_SYNTHETIC_PLANNING_MODEL,base,168197.0000,ALLOCATED_LEGAL_MANAGEMENT_BOOK,2027
5300,expense,2026-09-09T00:00:00Z,2026-09-09,RWH,CONDITIONAL_FORECAST,8,MANAGEMENT_FORECAST,PUBLIC_SYNTHETIC_PLANNING_MODEL,base,2523613.0000,ALLOCATED_LEGAL_MANAGEMENT_BOOK,2027
5500,expense,2026-09-09T00:00:00Z,2026-09-09,RWH,CONDITIONAL_FORECAST,8,MANAGEMENT_FORECAST,PUBLIC_SYNTHETIC_PLANNING_MODEL,base,88425.0000,ALLOCATED_LEGAL_MANAGEMENT_BOOK,2027
5600,expense,2026-09-09T00:00:00Z,2026-09-09,RWH,CONDITIONAL_FORECAST,8,MANAGEMENT_FORECAST,PUBLIC_SYNTHETIC_PLANNING_MODEL,base,740993.0000,ALLOCATED_LEGAL_MANAGEMENT_BOOK,2027
1000,asset,2026-09-09T00:00:00Z,2026-09-09,SHI,CONDITIONAL_FORECAST,8,MANAGEMENT_FORECAST,PUBLIC_SYNTHETIC_PLANNING_MODEL,base,18929314.4449,ALLOCATED_LEGAL_MANAGEMENT_BOOK,2027
3000,equity,2026-09-09T00:00:00Z,2026-09-09,SHI,CONDITIONAL_FORECAST,8,MANAGEMENT_FORECAST,PUBLIC_SYNTHETIC_PLANNING_MODEL,base,-130159887.2574,ALLOCATED_LEGAL_MANAGEMENT_BOOK,2027
3100,equity,2026-09-09T00:00:00Z,2026-09-09,SHI,CONDITIONAL_FORECAST,8,MANAGEMENT_FORECAST,PUBLIC_SYNTHETIC_PLANNING_MODEL,base,37702666.6668,ALLOCATED_LEGAL_MANAGEMENT_BOOK,2027
BIZ_ACCUM,asset,2026-09-09T00:00:00Z,2026-09-09,SHI,CONDITIONAL_FORECAST,8,MANAGEMENT_FORECAST,PUBLIC_SYNTHETIC_PLANNING_MODEL,base,-140261.9043,ALLOCATED_LEGAL_MANAGEMENT_BOOK,2027
BIZ_ALLOWANCE,asset,2026-09-09T00:00:00Z,2026-09-09,SHI,CONDITIONAL_FORECAST,8,MANAGEMENT_FORECAST,PUBLIC_SYNTHETIC_PLANNING_MODEL,base,-34901.1840,ALLOCATED_LEGAL_MANAGEMENT_BOOK,2027
BIZ_AP,liability,2026-09-09T00:00:00Z,2026-09-09,SHI,CONDITIONAL_FORECAST,8,MANAGEMENT_FORECAST,PUBLIC_SYNTHETIC_PLANNING_MODEL,base,-338299.8000,ALLOCATED_LEGAL_MANAGEMENT_BOOK,2027
BIZ_AR,asset,2026-09-09T00:00:00Z,2026-09-09,SHI,CONDITIONAL_FORECAST,8,MANAGEMENT_FORECAST,PUBLIC_SYNTHETIC_PLANNING_MODEL,base,1745059.2000,ALLOCATED_LEGAL_MANAGEMENT_BOOK,2027
BIZ_COGS,expense,2026-09-09T00:00:00Z,2026-09-09,SHI,CONDITIONAL_FORECAST,8,MANAGEMENT_FORECAST,PUBLIC_SYNTHETIC_PLANNING_MODEL,base,278810.0007,ALLOCATED_LEGAL_MANAGEMENT_BOOK,2027
BIZ_CREDIT_LOSS,expense,2026-09-09T00:00:00Z,2026-09-09,SHI,CONDITIONAL_FORECAST,8,MANAGEMENT_FORECAST,PUBLIC_SYNTHETIC_PLANNING_MODEL,base,1180401.1840,ALLOCATED_LEGAL_MANAGEMENT_BOOK,2027
BIZ_DDA,expense,2026-09-09T00:00:00Z,2026-09-09,SHI,CONDITIONAL_FORECAST,8,MANAGEMENT_FORECAST,PUBLIC_SYNTHETIC_PLANNING_MODEL,base,140261.9043,ALLOCATED_LEGAL_MANAGEMENT_BOOK,2027
BIZ_DEFERRED,liability,2026-09-09T00:00:00Z,2026-09-09,SHI,CONDITIONAL_FORECAST,8,MANAGEMENT_FORECAST,PUBLIC_SYNTHETIC_PLANNING_MODEL,base,-22073000.0000,ALLOCATED_LEGAL_MANAGEMENT_BOOK,2027
BIZ_DELIVERY,expense,2026-09-09T00:00:00Z,2026-09-09,SHI,CONDITIONAL_FORECAST,8,MANAGEMENT_FORECAST,PUBLIC_SYNTHETIC_PLANNING_MODEL,base,1012376.6000,ALLOCATED_LEGAL_MANAGEMENT_BOOK,2027
BIZ_HOST_AP,liability,2026-09-09T00:00:00Z,2026-09-09,SHI,CONDITIONAL_FORECAST,8,MANAGEMENT_FORECAST,PUBLIC_SYNTHETIC_PLANNING_MODEL,base,-39904.1280,ALLOCATED_LEGAL_MANAGEMENT_BOOK,2027
BIZ_HOST_SHARE,expense,2026-09-09T00:00:00Z,2026-09-09,SHI,CONDITIONAL_FORECAST,8,MANAGEMENT_FORECAST,PUBLIC_SYNTHETIC_PLANNING_MODEL,base,139664.4480,ALLOCATED_LEGAL_MANAGEMENT_BOOK,2027
BIZ_INVENTORY_LOSS,expense,2026-09-09T00:00:00Z,2026-09-09,SHI,CONDITIONAL_FORECAST,8,MANAGEMENT_FORECAST,PUBLIC_SYNTHETIC_PLANNING_MODEL,base,39830.0001,ALLOCATED_LEGAL_MANAGEMENT_BOOK,2027
BIZ_PAYROLL,expense,2026-09-09T00:00:00Z,2026-09-09,SHI,CONDITIONAL_FORECAST,8,MANAGEMENT_FORECAST,PUBLIC_SYNTHETIC_PLANNING_MODEL,base,49327499.9250,ALLOCATED_LEGAL_MANAGEMENT_BOOK,2027
BIZ_PPE,asset,2026-09-09T00:00:00Z,2026-09-09,SHI,CONDITIONAL_FORECAST,8,MANAGEMENT_FORECAST,PUBLIC_SYNTHETIC_PLANNING_MODEL,base,1600000.0000,ALLOCATED_LEGAL_MANAGEMENT_BOOK,2027
BIZ_PROCESSING,expense,2026-09-09T00:00:00Z,2026-09-09,SHI,CONDITIONAL_FORECAST,8,MANAGEMENT_FORECAST,PUBLIC_SYNTHETIC_PLANNING_MODEL,base,134125.0000,ALLOCATED_LEGAL_MANAGEMENT_BOOK,2027
BIZ_RESEARCH,expense,2026-09-09T00:00:00Z,2026-09-09,SHI,CONDITIONAL_FORECAST,8,MANAGEMENT_FORECAST,PUBLIC_SYNTHETIC_PLANNING_MODEL,base,400382.5000,ALLOCATED_LEGAL_MANAGEMENT_BOOK,2027
BIZ_REVENUE,revenue,2026-09-09T00:00:00Z,2026-09-09,SHI,CONDITIONAL_FORECAST,8,MANAGEMENT_FORECAST,PUBLIC_SYNTHETIC_PLANNING_MODEL,base,-46474483.2000,ALLOCATED_LEGAL_MANAGEMENT_BOOK,2027
BIZ_SUPPORT,expense,2026-09-09T00:00:00Z,2026-09-09,SHI,CONDITIONAL_FORECAST,8,MANAGEMENT_FORECAST,PUBLIC_SYNTHETIC_PLANNING_MODEL,base,904000.0000,ALLOCATED_LEGAL_MANAGEMENT_BOOK,2027
CORE_ACCUM,asset,2026-09-09T00:00:00Z,2026-09-09,SHI,CONDITIONAL_FORECAST,8,MANAGEMENT_FORECAST,PUBLIC_SYNTHETIC_PLANNING_MODEL,base,-903689.5496,ALLOCATED_LEGAL_MANAGEMENT_BOOK,2027
CORE_DDA,expense,2026-09-09T00:00:00Z,2026-09-09,SHI,CONDITIONAL_FORECAST,8,MANAGEMENT_FORECAST,PUBLIC_SYNTHETIC_PLANNING_MODEL,base,903689.5496,ALLOCATED_LEGAL_MANAGEMENT_BOOK,2027
CORE_INTEREST,expense,2026-09-09T00:00:00Z,2026-09-09,SHI,CONDITIONAL_FORECAST,8,MANAGEMENT_FORECAST,PUBLIC_SYNTHETIC_PLANNING_MODEL,base,1514500.0000,ALLOCATED_LEGAL_MANAGEMENT_BOOK,2027
INV_SHIH,asset,2026-09-09T00:00:00Z,2026-09-09,SHI,CONDITIONAL_FORECAST,8,MANAGEMENT_FORECAST,PUBLIC_SYNTHETIC_PLANNING_MODEL,base,118025772.0000,ALLOCATED_LEGAL_MANAGEMENT_BOOK,2027
LEG_1500,asset,2026-09-09T00:00:00Z,2026-09-09,SHI,CONDITIONAL_FORECAST,8,MANAGEMENT_FORECAST,PUBLIC_SYNTHETIC_PLANNING_MODEL,base,9497024.0000,ALLOCATED_LEGAL_MANAGEMENT_BOOK,2027
LEG_1590,asset,2026-09-09T00:00:00Z,2026-09-09,SHI,CONDITIONAL_FORECAST,8,MANAGEMENT_FORECAST,PUBLIC_SYNTHETIC_PLANNING_MODEL,base,-8283.7333,ALLOCATED_LEGAL_MANAGEMENT_BOOK,2027
LEG_1600,asset,2026-09-09T00:00:00Z,2026-09-09,SHI,CONDITIONAL_FORECAST,8,MANAGEMENT_FORECAST,PUBLIC_SYNTHETIC_PLANNING_MODEL,base,30000000.0000,ALLOCATED_LEGAL_MANAGEMENT_BOOK,2027
LEG_2500,liability,2026-09-09T00:00:00Z,2026-09-09,SHI,CONDITIONAL_FORECAST,8,MANAGEMENT_FORECAST,PUBLIC_SYNTHETIC_PLANNING_MODEL,base,-34500000.0000,ALLOCATED_LEGAL_MANAGEMENT_BOOK,2027
LEG_2510,liability,2026-09-09T00:00:00Z,2026-09-09,SHI,CONDITIONAL_FORECAST,8,MANAGEMENT_FORECAST,PUBLIC_SYNTHETIC_PLANNING_MODEL,base,-2666.6668,ALLOCATED_LEGAL_MANAGEMENT_BOOK,2027
LEG_3000,equity,2026-09-09T00:00:00Z,2026-09-09,SHI,CONDITIONAL_FORECAST,8,MANAGEMENT_FORECAST,PUBLIC_SYNTHETIC_PLANNING_MODEL,base,-38800000.0000,ALLOCATED_LEGAL_MANAGEMENT_BOOK,2027
SHARED_AR,asset,2026-09-09T00:00:00Z,2026-09-09,SHI,CONDITIONAL_FORECAST,8,MANAGEMENT_FORECAST,PUBLIC_SYNTHETIC_PLANNING_MODEL,base,666666.6664,ALLOCATED_LEGAL_MANAGEMENT_BOOK,2027
SHARED_REV,revenue,2026-09-09T00:00:00Z,2026-09-09,SHI,CONDITIONAL_FORECAST,8,MANAGEMENT_FORECAST,PUBLIC_SYNTHETIC_PLANNING_MODEL,base,-666666.6664,ALLOCATED_LEGAL_MANAGEMENT_BOOK,2027
3000,equity,2026-09-09T00:00:00Z,2026-09-09,SHIH,CONDITIONAL_FORECAST,8,MANAGEMENT_FORECAST,PUBLIC_SYNTHETIC_PLANNING_MODEL,base,-118025772.0000,ALLOCATED_LEGAL_MANAGEMENT_BOOK,2027
3100,equity,2026-09-09T00:00:00Z,2026-09-09,SHIH,CONDITIONAL_FORECAST,8,MANAGEMENT_FORECAST,PUBLIC_SYNTHETIC_PLANNING_MODEL,base,900000.0000,ALLOCATED_LEGAL_MANAGEMENT_BOOK,2027
INV_ARU,asset,2026-09-09T00:00:00Z,2026-09-09,SHIH,CONDITIONAL_FORECAST,8,MANAGEMENT_FORECAST,PUBLIC_SYNTHETIC_PLANNING_MODEL,base,56004880.0000,ALLOCATED_LEGAL_MANAGEMENT_BOOK,2027
INV_PS,asset,2026-09-09T00:00:00Z,2026-09-09,SHIH,CONDITIONAL_FORECAST,8,MANAGEMENT_FORECAST,PUBLIC_SYNTHETIC_PLANNING_MODEL,base,61120892.0000,ALLOCATED_LEGAL_MANAGEMENT_BOOK,2027
1000,asset,2026-09-09T00:00:00Z,2026-09-09,ARU,CONDITIONAL_FORECAST,9,MANAGEMENT_FORECAST,PUBLIC_SYNTHETIC_PLANNING_MODEL,base,2045109.0000,ALLOCATED_LEGAL_MANAGEMENT_BOOK,2027
1100,asset,2026-09-09T00:00:00Z,2026-09-09,ARU,CONDITIONAL_FORECAST,9,MANAGEMENT_FORECAST,PUBLIC_SYNTHETIC_PLANNING_MODEL,base,3762895.0000,ALLOCATED_LEGAL_MANAGEMENT_BOOK,2027
1150,asset,2026-09-09T00:00:00Z,2026-09-09,ARU,CONDITIONAL_FORECAST,9,MANAGEMENT_FORECAST,PUBLIC_SYNTHETIC_PLANNING_MODEL,base,-15150.0000,ALLOCATED_LEGAL_MANAGEMENT_BOOK,2027
1180,intercompany,2026-09-09T00:00:00Z,2026-09-09,ARU,CONDITIONAL_FORECAST,9,MANAGEMENT_FORECAST,PUBLIC_SYNTHETIC_PLANNING_MODEL,base,11164245.0000,ALLOCATED_LEGAL_MANAGEMENT_BOOK,2027
1200,asset,2026-09-09T00:00:00Z,2026-09-09,ARU,CONDITIONAL_FORECAST,9,MANAGEMENT_FORECAST,PUBLIC_SYNTHETIC_PLANNING_MODEL,base,1214138.0000,ALLOCATED_LEGAL_MANAGEMENT_BOOK,2027
1300,asset,2026-09-09T00:00:00Z,2026-09-09,ARU,CONDITIONAL_FORECAST,9,MANAGEMENT_FORECAST,PUBLIC_SYNTHETIC_PLANNING_MODEL,base,504700.0000,ALLOCATED_LEGAL_MANAGEMENT_BOOK,2027
1400,asset,2026-09-09T00:00:00Z,2026-09-09,ARU,CONDITIONAL_FORECAST,9,MANAGEMENT_FORECAST,PUBLIC_SYNTHETIC_PLANNING_MODEL,base,28844662.0000,ALLOCATED_LEGAL_MANAGEMENT_BOOK,2027
1490,asset,2026-09-09T00:00:00Z,2026-09-09,ARU,CONDITIONAL_FORECAST,9,MANAGEMENT_FORECAST,PUBLIC_SYNTHETIC_PLANNING_MODEL,base,-2389553.0000,ALLOCATED_LEGAL_MANAGEMENT_BOOK,2027
1500,asset,2026-09-09T00:00:00Z,2026-09-09,ARU,CONDITIONAL_FORECAST,9,MANAGEMENT_FORECAST,PUBLIC_SYNTHETIC_PLANNING_MODEL,base,1000000.0000,ALLOCATED_LEGAL_MANAGEMENT_BOOK,2027
1590,asset,2026-09-09T00:00:00Z,2026-09-09,ARU,CONDITIONAL_FORECAST,9,MANAGEMENT_FORECAST,PUBLIC_SYNTHETIC_PLANNING_MODEL,base,-346714.0000,ALLOCATED_LEGAL_MANAGEMENT_BOOK,2027
1600,asset,2026-09-09T00:00:00Z,2026-09-09,ARU,CONDITIONAL_FORECAST,9,MANAGEMENT_FORECAST,PUBLIC_SYNTHETIC_PLANNING_MODEL,base,14762500.0000,ALLOCATED_LEGAL_MANAGEMENT_BOOK,2027
1700,liability,2026-09-09T00:00:00Z,2026-09-09,ARU,CONDITIONAL_FORECAST,9,MANAGEMENT_FORECAST,PUBLIC_SYNTHETIC_PLANNING_MODEL,base,195968.0000,ALLOCATED_LEGAL_MANAGEMENT_BOOK,2027
1800,asset,2026-09-09T00:00:00Z,2026-09-09,ARU,CONDITIONAL_FORECAST,9,MANAGEMENT_FORECAST,PUBLIC_SYNTHETIC_PLANNING_MODEL,base,137500.0000,ALLOCATED_LEGAL_MANAGEMENT_BOOK,2027
2000,liability,2026-09-09T00:00:00Z,2026-09-09,ARU,CONDITIONAL_FORECAST,9,MANAGEMENT_FORECAST,PUBLIC_SYNTHETIC_PLANNING_MODEL,base,-1062424.0000,ALLOCATED_LEGAL_MANAGEMENT_BOOK,2027
2200,liability,2026-09-09T00:00:00Z,2026-09-09,ARU,CONDITIONAL_FORECAST,9,MANAGEMENT_FORECAST,PUBLIC_SYNTHETIC_PLANNING_MODEL,base,-550000.0000,ALLOCATED_LEGAL_MANAGEMENT_BOOK,2027
2250,liability,2026-09-09T00:00:00Z,2026-09-09,ARU,CONDITIONAL_FORECAST,9,MANAGEMENT_FORECAST,PUBLIC_SYNTHETIC_PLANNING_MODEL,base,-379167.0000,ALLOCATED_LEGAL_MANAGEMENT_BOOK,2027
2400,liability,2026-09-09T00:00:00Z,2026-09-09,ARU,CONDITIONAL_FORECAST,9,MANAGEMENT_FORECAST,PUBLIC_SYNTHETIC_PLANNING_MODEL,base,-20250000.0000,ALLOCATED_LEGAL_MANAGEMENT_BOOK,2027
2600,liability,2026-09-09T00:00:00Z,2026-09-09,ARU,CONDITIONAL_FORECAST,9,MANAGEMENT_FORECAST,PUBLIC_SYNTHETIC_PLANNING_MODEL,base,-653287.0000,ALLOCATED_LEGAL_MANAGEMENT_BOOK,2027
3000,equity,2026-09-09T00:00:00Z,2026-09-09,ARU,CONDITIONAL_FORECAST,9,MANAGEMENT_FORECAST,PUBLIC_SYNTHETIC_PLANNING_MODEL,base,-56004880.0000,ALLOCATED_LEGAL_MANAGEMENT_BOOK,2027
3100,equity,2026-09-09T00:00:00Z,2026-09-09,ARU,CONDITIONAL_FORECAST,9,MANAGEMENT_FORECAST,PUBLIC_SYNTHETIC_PLANNING_MODEL,base,-3617621.0000,ALLOCATED_LEGAL_MANAGEMENT_BOOK,2027
4000,revenue,2026-09-09T00:00:00Z,2026-09-09,ARU,CONDITIONAL_FORECAST,9,MANAGEMENT_FORECAST,PUBLIC_SYNTHETIC_PLANNING_MODEL,base,-20988838.0000,ALLOCATED_LEGAL_MANAGEMENT_BOOK,2027
4100,revenue,2026-09-09T00:00:00Z,2026-09-09,ARU,CONDITIONAL_FORECAST,9,MANAGEMENT_FORECAST,PUBLIC_SYNTHETIC_PLANNING_MODEL,base,-242282.0000,ALLOCATED_LEGAL_MANAGEMENT_BOOK,2027
5000,expense,2026-09-09T00:00:00Z,2026-09-09,ARU,CONDITIONAL_FORECAST,9,MANAGEMENT_FORECAST,PUBLIC_SYNTHETIC_PLANNING_MODEL,base,5679765.0000,ALLOCATED_LEGAL_MANAGEMENT_BOOK,2027
5100,expense,2026-09-09T00:00:00Z,2026-09-09,ARU,CONDITIONAL_FORECAST,9,MANAGEMENT_FORECAST,PUBLIC_SYNTHETIC_PLANNING_MODEL,base,9524886.0000,ALLOCATED_LEGAL_MANAGEMENT_BOOK,2027
5200,expense,2026-09-09T00:00:00Z,2026-09-09,ARU,CONDITIONAL_FORECAST,9,MANAGEMENT_FORECAST,PUBLIC_SYNTHETIC_PLANNING_MODEL,base,184285.0000,ALLOCATED_LEGAL_MANAGEMENT_BOOK,2027
5300,expense,2026-09-09T00:00:00Z,2026-09-09,ARU,CONDITIONAL_FORECAST,9,MANAGEMENT_FORECAST,PUBLIC_SYNTHETIC_PLANNING_MODEL,base,1350463.0000,ALLOCATED_LEGAL_MANAGEMENT_BOOK,2027
5400,expense,2026-09-09T00:00:00Z,2026-09-09,ARU,CONDITIONAL_FORECAST,9,MANAGEMENT_FORECAST,PUBLIC_SYNTHETIC_PLANNING_MODEL,base,1077055.0000,ALLOCATED_LEGAL_MANAGEMENT_BOOK,2027
5500,expense,2026-09-09T00:00:00Z,2026-09-09,ARU,CONDITIONAL_FORECAST,9,MANAGEMENT_FORECAST,PUBLIC_SYNTHETIC_PLANNING_MODEL,base,722341.0000,ALLOCATED_LEGAL_MANAGEMENT_BOOK,2027
5501,expense,2026-09-09T00:00:00Z,2026-09-09,ARU,CONDITIONAL_FORECAST,9,MANAGEMENT_FORECAST,PUBLIC_SYNTHETIC_PLANNING_MODEL,base,162500.0000,ALLOCATED_LEGAL_MANAGEMENT_BOOK,2027
5700,expense,2026-09-09T00:00:00Z,2026-09-09,ARU,CONDITIONAL_FORECAST,9,MANAGEMENT_FORECAST,PUBLIC_SYNTHETIC_PLANNING_MODEL,base,6904.0000,ALLOCATED_LEGAL_MANAGEMENT_BOOK,2027
INV_BST,asset,2026-09-09T00:00:00Z,2026-09-09,ARU,CONDITIONAL_FORECAST,9,MANAGEMENT_FORECAST,PUBLIC_SYNTHETIC_PLANNING_MODEL,base,23710000.0000,ALLOCATED_LEGAL_MANAGEMENT_BOOK,2027
SHARED_EXP,expense,2026-09-09T00:00:00Z,2026-09-09,ARU,CONDITIONAL_FORECAST,9,MANAGEMENT_FORECAST,PUBLIC_SYNTHETIC_PLANNING_MODEL,base,450000.0000,ALLOCATED_LEGAL_MANAGEMENT_BOOK,2027
1000,asset,2026-09-09T00:00:00Z,2026-09-09,BST,CONDITIONAL_FORECAST,9,MANAGEMENT_FORECAST,PUBLIC_SYNTHETIC_PLANNING_MODEL,base,1069332.0000,ALLOCATED_LEGAL_MANAGEMENT_BOOK,2027
1100,asset,2026-09-09T00:00:00Z,2026-09-09,BST,CONDITIONAL_FORECAST,9,MANAGEMENT_FORECAST,PUBLIC_SYNTHETIC_PLANNING_MODEL,base,2209955.0000,ALLOCATED_LEGAL_MANAGEMENT_BOOK,2027
1150,asset,2026-09-09T00:00:00Z,2026-09-09,BST,CONDITIONAL_FORECAST,9,MANAGEMENT_FORECAST,PUBLIC_SYNTHETIC_PLANNING_MODEL,base,54359.0000,ALLOCATED_LEGAL_MANAGEMENT_BOOK,2027
1180,intercompany,2026-09-09T00:00:00Z,2026-09-09,BST,CONDITIONAL_FORECAST,9,MANAGEMENT_FORECAST,PUBLIC_SYNTHETIC_PLANNING_MODEL,base,-11164245.0000,ALLOCATED_LEGAL_MANAGEMENT_BOOK,2027
1200,asset,2026-09-09T00:00:00Z,2026-09-09,BST,CONDITIONAL_FORECAST,9,MANAGEMENT_FORECAST,PUBLIC_SYNTHETIC_PLANNING_MODEL,base,653767.0000,ALLOCATED_LEGAL_MANAGEMENT_BOOK,2027
1300,asset,2026-09-09T00:00:00Z,2026-09-09,BST,CONDITIONAL_FORECAST,9,MANAGEMENT_FORECAST,PUBLIC_SYNTHETIC_PLANNING_MODEL,base,216300.0000,ALLOCATED_LEGAL_MANAGEMENT_BOOK,2027
1400,asset,2026-09-09T00:00:00Z,2026-09-09,BST,CONDITIONAL_FORECAST,9,MANAGEMENT_FORECAST,PUBLIC_SYNTHETIC_PLANNING_MODEL,base,35254588.0000,ALLOCATED_LEGAL_MANAGEMENT_BOOK,2027
1490,asset,2026-09-09T00:00:00Z,2026-09-09,BST,CONDITIONAL_FORECAST,9,MANAGEMENT_FORECAST,PUBLIC_SYNTHETIC_PLANNING_MODEL,base,-2920565.0000,ALLOCATED_LEGAL_MANAGEMENT_BOOK,2027
1500,asset,2026-09-09T00:00:00Z,2026-09-09,BST,CONDITIONAL_FORECAST,9,MANAGEMENT_FORECAST,PUBLIC_SYNTHETIC_PLANNING_MODEL,base,1500000.0000,ALLOCATED_LEGAL_MANAGEMENT_BOOK,2027
1590,asset,2026-09-09T00:00:00Z,2026-09-09,BST,CONDITIONAL_FORECAST,9,MANAGEMENT_FORECAST,PUBLIC_SYNTHETIC_PLANNING_MODEL,base,-520071.0000,ALLOCATED_LEGAL_MANAGEMENT_BOOK,2027
1800,asset,2026-09-09T00:00:00Z,2026-09-09,BST,CONDITIONAL_FORECAST,9,MANAGEMENT_FORECAST,PUBLIC_SYNTHETIC_PLANNING_MODEL,base,450000.0000,ALLOCATED_LEGAL_MANAGEMENT_BOOK,2027
2000,liability,2026-09-09T00:00:00Z,2026-09-09,BST,CONDITIONAL_FORECAST,9,MANAGEMENT_FORECAST,PUBLIC_SYNTHETIC_PLANNING_MODEL,base,-708282.0000,ALLOCATED_LEGAL_MANAGEMENT_BOOK,2027
2200,liability,2026-09-09T00:00:00Z,2026-09-09,BST,CONDITIONAL_FORECAST,9,MANAGEMENT_FORECAST,PUBLIC_SYNTHETIC_PLANNING_MODEL,base,-1200000.0000,ALLOCATED_LEGAL_MANAGEMENT_BOOK,2027
2300,liability,2026-09-09T00:00:00Z,2026-09-09,BST,CONDITIONAL_FORECAST,9,MANAGEMENT_FORECAST,PUBLIC_SYNTHETIC_PLANNING_MODEL,base,-600000.0000,ALLOCATED_LEGAL_MANAGEMENT_BOOK,2027
2600,liability,2026-09-09T00:00:00Z,2026-09-09,BST,CONDITIONAL_FORECAST,9,MANAGEMENT_FORECAST,PUBLIC_SYNTHETIC_PLANNING_MODEL,base,-979930.0000,ALLOCATED_LEGAL_MANAGEMENT_BOOK,2027
3000,equity,2026-09-09T00:00:00Z,2026-09-09,BST,CONDITIONAL_FORECAST,9,MANAGEMENT_FORECAST,PUBLIC_SYNTHETIC_PLANNING_MODEL,base,-23710000.0000,ALLOCATED_LEGAL_MANAGEMENT_BOOK,2027
3100,equity,2026-09-09T00:00:00Z,2026-09-09,BST,CONDITIONAL_FORECAST,9,MANAGEMENT_FORECAST,PUBLIC_SYNTHETIC_PLANNING_MODEL,base,526394.0000,ALLOCATED_LEGAL_MANAGEMENT_BOOK,2027
4000,revenue,2026-09-09T00:00:00Z,2026-09-09,BST,CONDITIONAL_FORECAST,9,MANAGEMENT_FORECAST,PUBLIC_SYNTHETIC_PLANNING_MODEL,base,-12343414.0000,ALLOCATED_LEGAL_MANAGEMENT_BOOK,2027
4100,revenue,2026-09-09T00:00:00Z,2026-09-09,BST,CONDITIONAL_FORECAST,9,MANAGEMENT_FORECAST,PUBLIC_SYNTHETIC_PLANNING_MODEL,base,-123063.0000,ALLOCATED_LEGAL_MANAGEMENT_BOOK,2027
5000,expense,2026-09-09T00:00:00Z,2026-09-09,BST,CONDITIONAL_FORECAST,9,MANAGEMENT_FORECAST,PUBLIC_SYNTHETIC_PLANNING_MODEL,base,4645386.0000,ALLOCATED_LEGAL_MANAGEMENT_BOOK,2027
5100,expense,2026-09-09T00:00:00Z,2026-09-09,BST,CONDITIONAL_FORECAST,9,MANAGEMENT_FORECAST,PUBLIC_SYNTHETIC_PLANNING_MODEL,base,5880906.0000,ALLOCATED_LEGAL_MANAGEMENT_BOOK,2027
5200,expense,2026-09-09T00:00:00Z,2026-09-09,BST,CONDITIONAL_FORECAST,9,MANAGEMENT_FORECAST,PUBLIC_SYNTHETIC_PLANNING_MODEL,base,63045.0000,ALLOCATED_LEGAL_MANAGEMENT_BOOK,2027
5300,expense,2026-09-09T00:00:00Z,2026-09-09,BST,CONDITIONAL_FORECAST,9,MANAGEMENT_FORECAST,PUBLIC_SYNTHETIC_PLANNING_MODEL,base,1650566.0000,ALLOCATED_LEGAL_MANAGEMENT_BOOK,2027
5400,expense,2026-09-09T00:00:00Z,2026-09-09,BST,CONDITIONAL_FORECAST,9,MANAGEMENT_FORECAST,PUBLIC_SYNTHETIC_PLANNING_MODEL,base,93657.0000,ALLOCATED_LEGAL_MANAGEMENT_BOOK,2027
5700,expense,2026-09-09T00:00:00Z,2026-09-09,BST,CONDITIONAL_FORECAST,9,MANAGEMENT_FORECAST,PUBLIC_SYNTHETIC_PLANNING_MODEL,base,1315.0000,ALLOCATED_LEGAL_MANAGEMENT_BOOK,2027
1150,asset,2026-09-09T00:00:00Z,2026-09-09,ELIM,CONDITIONAL_FORECAST,9,MANAGEMENT_FORECAST,PUBLIC_SYNTHETIC_PLANNING_MODEL,base,-39209.0000,CONSOLIDATION_ELIMINATION_BOOK,2027
2150,liability,2026-09-09T00:00:00Z,2026-09-09,ELIM,CONDITIONAL_FORECAST,9,MANAGEMENT_FORECAST,PUBLIC_SYNTHETIC_PLANNING_MODEL,base,39209.0000,CONSOLIDATION_ELIMINATION_BOOK,2027
3000,equity,2026-09-09T00:00:00Z,2026-09-09,ELIM,CONDITIONAL_FORECAST,9,MANAGEMENT_FORECAST,PUBLIC_SYNTHETIC_PLANNING_MODEL,base,319982436.0000,CONSOLIDATION_ELIMINATION_BOOK,2027
4100,revenue,2026-09-09T00:00:00Z,2026-09-09,ELIM,CONDITIONAL_FORECAST,9,MANAGEMENT_FORECAST,PUBLIC_SYNTHETIC_PLANNING_MODEL,base,1524093.3929,CONSOLIDATION_ELIMINATION_BOOK,2027
5150,expense,2026-09-09T00:00:00Z,2026-09-09,ELIM,CONDITIONAL_FORECAST,9,MANAGEMENT_FORECAST,PUBLIC_SYNTHETIC_PLANNING_MODEL,base,-1524093.3929,CONSOLIDATION_ELIMINATION_BOOK,2027
INV_ARU,asset,2026-09-09T00:00:00Z,2026-09-09,ELIM,CONDITIONAL_FORECAST,9,MANAGEMENT_FORECAST,PUBLIC_SYNTHETIC_PLANNING_MODEL,base,-56004880.0000,CONSOLIDATION_ELIMINATION_BOOK,2027
INV_BST,asset,2026-09-09T00:00:00Z,2026-09-09,ELIM,CONDITIONAL_FORECAST,9,MANAGEMENT_FORECAST,PUBLIC_SYNTHETIC_PLANNING_MODEL,base,-23710000.0000,CONSOLIDATION_ELIMINATION_BOOK,2027
INV_PS,asset,2026-09-09T00:00:00Z,2026-09-09,ELIM,CONDITIONAL_FORECAST,9,MANAGEMENT_FORECAST,PUBLIC_SYNTHETIC_PLANNING_MODEL,base,-61120892.0000,CONSOLIDATION_ELIMINATION_BOOK,2027
INV_RWH,asset,2026-09-09T00:00:00Z,2026-09-09,ELIM,CONDITIONAL_FORECAST,9,MANAGEMENT_FORECAST,PUBLIC_SYNTHETIC_PLANNING_MODEL,base,-61120892.0000,CONSOLIDATION_ELIMINATION_BOOK,2027
INV_SHIH,asset,2026-09-09T00:00:00Z,2026-09-09,ELIM,CONDITIONAL_FORECAST,9,MANAGEMENT_FORECAST,PUBLIC_SYNTHETIC_PLANNING_MODEL,base,-118025772.0000,CONSOLIDATION_ELIMINATION_BOOK,2027
SHARED_AP,liability,2026-09-09T00:00:00Z,2026-09-09,ELIM,CONDITIONAL_FORECAST,9,MANAGEMENT_FORECAST,PUBLIC_SYNTHETIC_PLANNING_MODEL,base,299999.9997,CONSOLIDATION_ELIMINATION_BOOK,2027
SHARED_AR,asset,2026-09-09T00:00:00Z,2026-09-09,ELIM,CONDITIONAL_FORECAST,9,MANAGEMENT_FORECAST,PUBLIC_SYNTHETIC_PLANNING_MODEL,base,-299999.9997,CONSOLIDATION_ELIMINATION_BOOK,2027
SHARED_EXP,expense,2026-09-09T00:00:00Z,2026-09-09,ELIM,CONDITIONAL_FORECAST,9,MANAGEMENT_FORECAST,PUBLIC_SYNTHETIC_PLANNING_MODEL,base,-749999.9997,CONSOLIDATION_ELIMINATION_BOOK,2027
SHARED_REV,revenue,2026-09-09T00:00:00Z,2026-09-09,ELIM,CONDITIONAL_FORECAST,9,MANAGEMENT_FORECAST,PUBLIC_SYNTHETIC_PLANNING_MODEL,base,749999.9997,CONSOLIDATION_ELIMINATION_BOOK,2027
3000,equity,2026-09-09T00:00:00Z,2026-09-09,PS,CONDITIONAL_FORECAST,9,MANAGEMENT_FORECAST,PUBLIC_SYNTHETIC_PLANNING_MODEL,base,-61120892.0000,ALLOCATED_LEGAL_MANAGEMENT_BOOK,2027
4100,revenue,2026-09-09T00:00:00Z,2026-09-09,PS,CONDITIONAL_FORECAST,9,MANAGEMENT_FORECAST,PUBLIC_SYNTHETIC_PLANNING_MODEL,base,-1158748.3929,ALLOCATED_LEGAL_MANAGEMENT_BOOK,2027
5100,expense,2026-09-09T00:00:00Z,2026-09-09,PS,CONDITIONAL_FORECAST,9,MANAGEMENT_FORECAST,PUBLIC_SYNTHETIC_PLANNING_MODEL,base,1158748.3929,ALLOCATED_LEGAL_MANAGEMENT_BOOK,2027
INV_RWH,asset,2026-09-09T00:00:00Z,2026-09-09,PS,CONDITIONAL_FORECAST,9,MANAGEMENT_FORECAST,PUBLIC_SYNTHETIC_PLANNING_MODEL,base,61120892.0000,ALLOCATED_LEGAL_MANAGEMENT_BOOK,2027
SHARED_AP,liability,2026-09-09T00:00:00Z,2026-09-09,PS,CONDITIONAL_FORECAST,9,MANAGEMENT_FORECAST,PUBLIC_SYNTHETIC_PLANNING_MODEL,base,-299999.9997,ALLOCATED_LEGAL_MANAGEMENT_BOOK,2027
SHARED_EXP,expense,2026-09-09T00:00:00Z,2026-09-09,PS,CONDITIONAL_FORECAST,9,MANAGEMENT_FORECAST,PUBLIC_SYNTHETIC_PLANNING_MODEL,base,299999.9997,ALLOCATED_LEGAL_MANAGEMENT_BOOK,2027
1000,asset,2026-09-09T00:00:00Z,2026-09-09,RWH,CONDITIONAL_FORECAST,9,MANAGEMENT_FORECAST,PUBLIC_SYNTHETIC_PLANNING_MODEL,base,2359367.0000,ALLOCATED_LEGAL_MANAGEMENT_BOOK,2027
1100,asset,2026-09-09T00:00:00Z,2026-09-09,RWH,CONDITIONAL_FORECAST,9,MANAGEMENT_FORECAST,PUBLIC_SYNTHETIC_PLANNING_MODEL,base,5725773.0000,ALLOCATED_LEGAL_MANAGEMENT_BOOK,2027
1200,asset,2026-09-09T00:00:00Z,2026-09-09,RWH,CONDITIONAL_FORECAST,9,MANAGEMENT_FORECAST,PUBLIC_SYNTHETIC_PLANNING_MODEL,base,8594864.0000,ALLOCATED_LEGAL_MANAGEMENT_BOOK,2027
1210,asset,2026-09-09T00:00:00Z,2026-09-09,RWH,CONDITIONAL_FORECAST,9,MANAGEMENT_FORECAST,PUBLIC_SYNTHETIC_PLANNING_MODEL,base,1100060.0000,ALLOCATED_LEGAL_MANAGEMENT_BOOK,2027
1300,asset,2026-09-09T00:00:00Z,2026-09-09,RWH,CONDITIONAL_FORECAST,9,MANAGEMENT_FORECAST,PUBLIC_SYNTHETIC_PLANNING_MODEL,base,500000.0000,ALLOCATED_LEGAL_MANAGEMENT_BOOK,2027
1400,asset,2026-09-09T00:00:00Z,2026-09-09,RWH,CONDITIONAL_FORECAST,9,MANAGEMENT_FORECAST,PUBLIC_SYNTHETIC_PLANNING_MODEL,base,67589997.0000,ALLOCATED_LEGAL_MANAGEMENT_BOOK,2027
1490,asset,2026-09-09T00:00:00Z,2026-09-09,RWH,CONDITIONAL_FORECAST,9,MANAGEMENT_FORECAST,PUBLIC_SYNTHETIC_PLANNING_MODEL,base,-6484721.0000,ALLOCATED_LEGAL_MANAGEMENT_BOOK,2027
2150,liability,2026-09-09T00:00:00Z,2026-09-09,RWH,CONDITIONAL_FORECAST,9,MANAGEMENT_FORECAST,PUBLIC_SYNTHETIC_PLANNING_MODEL,base,-39209.0000,ALLOCATED_LEGAL_MANAGEMENT_BOOK,2027
2200,liability,2026-09-09T00:00:00Z,2026-09-09,RWH,CONDITIONAL_FORECAST,9,MANAGEMENT_FORECAST,PUBLIC_SYNTHETIC_PLANNING_MODEL,base,-18117692.0000,ALLOCATED_LEGAL_MANAGEMENT_BOOK,2027
2300,liability,2026-09-09T00:00:00Z,2026-09-09,RWH,CONDITIONAL_FORECAST,9,MANAGEMENT_FORECAST,PUBLIC_SYNTHETIC_PLANNING_MODEL,base,-2500000.0000,ALLOCATED_LEGAL_MANAGEMENT_BOOK,2027
3000,equity,2026-09-09T00:00:00Z,2026-09-09,RWH,CONDITIONAL_FORECAST,9,MANAGEMENT_FORECAST,PUBLIC_SYNTHETIC_PLANNING_MODEL,base,-61120892.0000,ALLOCATED_LEGAL_MANAGEMENT_BOOK,2027
3100,equity,2026-09-09T00:00:00Z,2026-09-09,RWH,CONDITIONAL_FORECAST,9,MANAGEMENT_FORECAST,PUBLIC_SYNTHETIC_PLANNING_MODEL,base,2869375.0000,ALLOCATED_LEGAL_MANAGEMENT_BOOK,2027
4000,revenue,2026-09-09T00:00:00Z,2026-09-09,RWH,CONDITIONAL_FORECAST,9,MANAGEMENT_FORECAST,PUBLIC_SYNTHETIC_PLANNING_MODEL,base,-31809848.0000,ALLOCATED_LEGAL_MANAGEMENT_BOOK,2027
5100,expense,2026-09-09T00:00:00Z,2026-09-09,RWH,CONDITIONAL_FORECAST,9,MANAGEMENT_FORECAST,PUBLIC_SYNTHETIC_PLANNING_MODEL,base,25802817.6071,ALLOCATED_LEGAL_MANAGEMENT_BOOK,2027
5150,expense,2026-09-09T00:00:00Z,2026-09-09,RWH,CONDITIONAL_FORECAST,9,MANAGEMENT_FORECAST,PUBLIC_SYNTHETIC_PLANNING_MODEL,base,1524093.3929,ALLOCATED_LEGAL_MANAGEMENT_BOOK,2027
5200,expense,2026-09-09T00:00:00Z,2026-09-09,RWH,CONDITIONAL_FORECAST,9,MANAGEMENT_FORECAST,PUBLIC_SYNTHETIC_PLANNING_MODEL,base,188436.0000,ALLOCATED_LEGAL_MANAGEMENT_BOOK,2027
5300,expense,2026-09-09T00:00:00Z,2026-09-09,RWH,CONDITIONAL_FORECAST,9,MANAGEMENT_FORECAST,PUBLIC_SYNTHETIC_PLANNING_MODEL,base,2877065.0000,ALLOCATED_LEGAL_MANAGEMENT_BOOK,2027
5500,expense,2026-09-09T00:00:00Z,2026-09-09,RWH,CONDITIONAL_FORECAST,9,MANAGEMENT_FORECAST,PUBLIC_SYNTHETIC_PLANNING_MODEL,base,104690.0000,ALLOCATED_LEGAL_MANAGEMENT_BOOK,2027
5600,expense,2026-09-09T00:00:00Z,2026-09-09,RWH,CONDITIONAL_FORECAST,9,MANAGEMENT_FORECAST,PUBLIC_SYNTHETIC_PLANNING_MODEL,base,835824.0000,ALLOCATED_LEGAL_MANAGEMENT_BOOK,2027
1000,asset,2026-09-09T00:00:00Z,2026-09-09,SHI,CONDITIONAL_FORECAST,9,MANAGEMENT_FORECAST,PUBLIC_SYNTHETIC_PLANNING_MODEL,base,13630496.7902,ALLOCATED_LEGAL_MANAGEMENT_BOOK,2027
3000,equity,2026-09-09T00:00:00Z,2026-09-09,SHI,CONDITIONAL_FORECAST,9,MANAGEMENT_FORECAST,PUBLIC_SYNTHETIC_PLANNING_MODEL,base,-130159887.2574,ALLOCATED_LEGAL_MANAGEMENT_BOOK,2027
3100,equity,2026-09-09T00:00:00Z,2026-09-09,SHI,CONDITIONAL_FORECAST,9,MANAGEMENT_FORECAST,PUBLIC_SYNTHETIC_PLANNING_MODEL,base,37702666.6668,ALLOCATED_LEGAL_MANAGEMENT_BOOK,2027
BIZ_ACCUM,asset,2026-09-09T00:00:00Z,2026-09-09,SHI,CONDITIONAL_FORECAST,9,MANAGEMENT_FORECAST,PUBLIC_SYNTHETIC_PLANNING_MODEL,base,-163833.3328,ALLOCATED_LEGAL_MANAGEMENT_BOOK,2027
BIZ_ALLOWANCE,asset,2026-09-09T00:00:00Z,2026-09-09,SHI,CONDITIONAL_FORECAST,9,MANAGEMENT_FORECAST,PUBLIC_SYNTHETIC_PLANNING_MODEL,base,-110521.9776,ALLOCATED_LEGAL_MANAGEMENT_BOOK,2027
BIZ_AP,liability,2026-09-09T00:00:00Z,2026-09-09,SHI,CONDITIONAL_FORECAST,9,MANAGEMENT_FORECAST,PUBLIC_SYNTHETIC_PLANNING_MODEL,base,-333620.0000,ALLOCATED_LEGAL_MANAGEMENT_BOOK,2027
BIZ_AR,asset,2026-09-09T00:00:00Z,2026-09-09,SHI,CONDITIONAL_FORECAST,9,MANAGEMENT_FORECAST,PUBLIC_SYNTHETIC_PLANNING_MODEL,base,5526098.8800,ALLOCATED_LEGAL_MANAGEMENT_BOOK,2027
BIZ_COGS,expense,2026-09-09T00:00:00Z,2026-09-09,SHI,CONDITIONAL_FORECAST,9,MANAGEMENT_FORECAST,PUBLIC_SYNTHETIC_PLANNING_MODEL,base,278810.0007,ALLOCATED_LEGAL_MANAGEMENT_BOOK,2027
BIZ_CREDIT_LOSS,expense,2026-09-09T00:00:00Z,2026-09-09,SHI,CONDITIONAL_FORECAST,9,MANAGEMENT_FORECAST,PUBLIC_SYNTHETIC_PLANNING_MODEL,base,1256021.9776,ALLOCATED_LEGAL_MANAGEMENT_BOOK,2027
BIZ_DDA,expense,2026-09-09T00:00:00Z,2026-09-09,SHI,CONDITIONAL_FORECAST,9,MANAGEMENT_FORECAST,PUBLIC_SYNTHETIC_PLANNING_MODEL,base,163833.3328,ALLOCATED_LEGAL_MANAGEMENT_BOOK,2027
BIZ_DEFERRED,liability,2026-09-09T00:00:00Z,2026-09-09,SHI,CONDITIONAL_FORECAST,9,MANAGEMENT_FORECAST,PUBLIC_SYNTHETIC_PLANNING_MODEL,base,-20226800.0000,ALLOCATED_LEGAL_MANAGEMENT_BOOK,2027
BIZ_DELIVERY,expense,2026-09-09T00:00:00Z,2026-09-09,SHI,CONDITIONAL_FORECAST,9,MANAGEMENT_FORECAST,PUBLIC_SYNTHETIC_PLANNING_MODEL,base,1153816.6000,ALLOCATED_LEGAL_MANAGEMENT_BOOK,2027
BIZ_HOST_AP,liability,2026-09-09T00:00:00Z,2026-09-09,SHI,CONDITIONAL_FORECAST,9,MANAGEMENT_FORECAST,PUBLIC_SYNTHETIC_PLANNING_MODEL,base,-19952.0640,ALLOCATED_LEGAL_MANAGEMENT_BOOK,2027
BIZ_HOST_SHARE,expense,2026-09-09T00:00:00Z,2026-09-09,SHI,CONDITIONAL_FORECAST,9,MANAGEMENT_FORECAST,PUBLIC_SYNTHETIC_PLANNING_MODEL,base,139664.4480,ALLOCATED_LEGAL_MANAGEMENT_BOOK,2027
BIZ_INVENTORY,asset,2026-09-09T00:00:00Z,2026-09-09,SHI,CONDITIONAL_FORECAST,9,MANAGEMENT_FORECAST,PUBLIC_SYNTHETIC_PLANNING_MODEL,base,39830.0001,ALLOCATED_LEGAL_MANAGEMENT_BOOK,2027
BIZ_INVENTORY_LOSS,expense,2026-09-09T00:00:00Z,2026-09-09,SHI,CONDITIONAL_FORECAST,9,MANAGEMENT_FORECAST,PUBLIC_SYNTHETIC_PLANNING_MODEL,base,39830.0001,ALLOCATED_LEGAL_MANAGEMENT_BOOK,2027
BIZ_PAYROLL,expense,2026-09-09T00:00:00Z,2026-09-09,SHI,CONDITIONAL_FORECAST,9,MANAGEMENT_FORECAST,PUBLIC_SYNTHETIC_PLANNING_MODEL,base,55504999.9156,ALLOCATED_LEGAL_MANAGEMENT_BOOK,2027
BIZ_PPE,asset,2026-09-09T00:00:00Z,2026-09-09,SHI,CONDITIONAL_FORECAST,9,MANAGEMENT_FORECAST,PUBLIC_SYNTHETIC_PLANNING_MODEL,base,1600000.0000,ALLOCATED_LEGAL_MANAGEMENT_BOOK,2027
BIZ_PROCESSING,expense,2026-09-09T00:00:00Z,2026-09-09,SHI,CONDITIONAL_FORECAST,9,MANAGEMENT_FORECAST,PUBLIC_SYNTHETIC_PLANNING_MODEL,base,152625.0000,ALLOCATED_LEGAL_MANAGEMENT_BOOK,2027
BIZ_RESEARCH,expense,2026-09-09T00:00:00Z,2026-09-09,SHI,CONDITIONAL_FORECAST,9,MANAGEMENT_FORECAST,PUBLIC_SYNTHETIC_PLANNING_MODEL,base,452482.5000,ALLOCATED_LEGAL_MANAGEMENT_BOOK,2027
BIZ_REVENUE,revenue,2026-09-09T00:00:00Z,2026-09-09,SHI,CONDITIONAL_FORECAST,9,MANAGEMENT_FORECAST,PUBLIC_SYNTHETIC_PLANNING_MODEL,base,-53206782.0800,ALLOCATED_LEGAL_MANAGEMENT_BOOK,2027
BIZ_SUPPORT,expense,2026-09-09T00:00:00Z,2026-09-09,SHI,CONDITIONAL_FORECAST,9,MANAGEMENT_FORECAST,PUBLIC_SYNTHETIC_PLANNING_MODEL,base,1017000.0000,ALLOCATED_LEGAL_MANAGEMENT_BOOK,2027
CORE_ACCUM,asset,2026-09-09T00:00:00Z,2026-09-09,SHI,CONDITIONAL_FORECAST,9,MANAGEMENT_FORECAST,PUBLIC_SYNTHETIC_PLANNING_MODEL,base,-1016650.7433,ALLOCATED_LEGAL_MANAGEMENT_BOOK,2027
CORE_DDA,expense,2026-09-09T00:00:00Z,2026-09-09,SHI,CONDITIONAL_FORECAST,9,MANAGEMENT_FORECAST,PUBLIC_SYNTHETIC_PLANNING_MODEL,base,1016650.7433,ALLOCATED_LEGAL_MANAGEMENT_BOOK,2027
CORE_INTEREST,expense,2026-09-09T00:00:00Z,2026-09-09,SHI,CONDITIONAL_FORECAST,9,MANAGEMENT_FORECAST,PUBLIC_SYNTHETIC_PLANNING_MODEL,base,1701375.0000,ALLOCATED_LEGAL_MANAGEMENT_BOOK,2027
INV_SHIH,asset,2026-09-09T00:00:00Z,2026-09-09,SHI,CONDITIONAL_FORECAST,9,MANAGEMENT_FORECAST,PUBLIC_SYNTHETIC_PLANNING_MODEL,base,118025772.0000,ALLOCATED_LEGAL_MANAGEMENT_BOOK,2027
LEG_1500,asset,2026-09-09T00:00:00Z,2026-09-09,SHI,CONDITIONAL_FORECAST,9,MANAGEMENT_FORECAST,PUBLIC_SYNTHETIC_PLANNING_MODEL,base,9497024.0000,ALLOCATED_LEGAL_MANAGEMENT_BOOK,2027
LEG_1590,asset,2026-09-09T00:00:00Z,2026-09-09,SHI,CONDITIONAL_FORECAST,9,MANAGEMENT_FORECAST,PUBLIC_SYNTHETIC_PLANNING_MODEL,base,-8283.7333,ALLOCATED_LEGAL_MANAGEMENT_BOOK,2027
LEG_1600,asset,2026-09-09T00:00:00Z,2026-09-09,SHI,CONDITIONAL_FORECAST,9,MANAGEMENT_FORECAST,PUBLIC_SYNTHETIC_PLANNING_MODEL,base,30000000.0000,ALLOCATED_LEGAL_MANAGEMENT_BOOK,2027
LEG_2500,liability,2026-09-09T00:00:00Z,2026-09-09,SHI,CONDITIONAL_FORECAST,9,MANAGEMENT_FORECAST,PUBLIC_SYNTHETIC_PLANNING_MODEL,base,-34400000.0000,ALLOCATED_LEGAL_MANAGEMENT_BOOK,2027
LEG_2510,liability,2026-09-09T00:00:00Z,2026-09-09,SHI,CONDITIONAL_FORECAST,9,MANAGEMENT_FORECAST,PUBLIC_SYNTHETIC_PLANNING_MODEL,base,-2666.6668,ALLOCATED_LEGAL_MANAGEMENT_BOOK,2027
LEG_3000,equity,2026-09-09T00:00:00Z,2026-09-09,SHI,CONDITIONAL_FORECAST,9,MANAGEMENT_FORECAST,PUBLIC_SYNTHETIC_PLANNING_MODEL,base,-38800000.0000,ALLOCATED_LEGAL_MANAGEMENT_BOOK,2027
SHARED_AR,asset,2026-09-09T00:00:00Z,2026-09-09,SHI,CONDITIONAL_FORECAST,9,MANAGEMENT_FORECAST,PUBLIC_SYNTHETIC_PLANNING_MODEL,base,299999.9997,ALLOCATED_LEGAL_MANAGEMENT_BOOK,2027
SHARED_REV,revenue,2026-09-09T00:00:00Z,2026-09-09,SHI,CONDITIONAL_FORECAST,9,MANAGEMENT_FORECAST,PUBLIC_SYNTHETIC_PLANNING_MODEL,base,-749999.9997,ALLOCATED_LEGAL_MANAGEMENT_BOOK,2027
3000,equity,2026-09-09T00:00:00Z,2026-09-09,SHIH,CONDITIONAL_FORECAST,9,MANAGEMENT_FORECAST,PUBLIC_SYNTHETIC_PLANNING_MODEL,base,-118025772.0000,ALLOCATED_LEGAL_MANAGEMENT_BOOK,2027
3100,equity,2026-09-09T00:00:00Z,2026-09-09,SHIH,CONDITIONAL_FORECAST,9,MANAGEMENT_FORECAST,PUBLIC_SYNTHETIC_PLANNING_MODEL,base,900000.0000,ALLOCATED_LEGAL_MANAGEMENT_BOOK,2027
INV_ARU,asset,2026-09-09T00:00:00Z,2026-09-09,SHIH,CONDITIONAL_FORECAST,9,MANAGEMENT_FORECAST,PUBLIC_SYNTHETIC_PLANNING_MODEL,base,56004880.0000,ALLOCATED_LEGAL_MANAGEMENT_BOOK,2027
INV_PS,asset,2026-09-09T00:00:00Z,2026-09-09,SHIH,CONDITIONAL_FORECAST,9,MANAGEMENT_FORECAST,PUBLIC_SYNTHETIC_PLANNING_MODEL,base,61120892.0000,ALLOCATED_LEGAL_MANAGEMENT_BOOK,2027
1000,asset,2026-09-09T00:00:00Z,2026-09-09,ARU,CONDITIONAL_FORECAST,10,MANAGEMENT_FORECAST,PUBLIC_SYNTHETIC_PLANNING_MODEL,base,2219621.0000,ALLOCATED_LEGAL_MANAGEMENT_BOOK,2027
1100,asset,2026-09-09T00:00:00Z,2026-09-09,ARU,CONDITIONAL_FORECAST,10,MANAGEMENT_FORECAST,PUBLIC_SYNTHETIC_PLANNING_MODEL,base,3762894.0000,ALLOCATED_LEGAL_MANAGEMENT_BOOK,2027
1150,asset,2026-09-09T00:00:00Z,2026-09-09,ARU,CONDITIONAL_FORECAST,10,MANAGEMENT_FORECAST,PUBLIC_SYNTHETIC_PLANNING_MODEL,base,-11478.0000,ALLOCATED_LEGAL_MANAGEMENT_BOOK,2027
1180,intercompany,2026-09-09T00:00:00Z,2026-09-09,ARU,CONDITIONAL_FORECAST,10,MANAGEMENT_FORECAST,PUBLIC_SYNTHETIC_PLANNING_MODEL,base,11149150.0000,ALLOCATED_LEGAL_MANAGEMENT_BOOK,2027
1200,asset,2026-09-09T00:00:00Z,2026-09-09,ARU,CONDITIONAL_FORECAST,10,MANAGEMENT_FORECAST,PUBLIC_SYNTHETIC_PLANNING_MODEL,base,1214138.0000,ALLOCATED_LEGAL_MANAGEMENT_BOOK,2027
1300,asset,2026-09-09T00:00:00Z,2026-09-09,ARU,CONDITIONAL_FORECAST,10,MANAGEMENT_FORECAST,PUBLIC_SYNTHETIC_PLANNING_MODEL,base,504700.0000,ALLOCATED_LEGAL_MANAGEMENT_BOOK,2027
1400,asset,2026-09-09T00:00:00Z,2026-09-09,ARU,CONDITIONAL_FORECAST,10,MANAGEMENT_FORECAST,PUBLIC_SYNTHETIC_PLANNING_MODEL,base,28972125.0000,ALLOCATED_LEGAL_MANAGEMENT_BOOK,2027
1490,asset,2026-09-09T00:00:00Z,2026-09-09,ARU,CONDITIONAL_FORECAST,10,MANAGEMENT_FORECAST,PUBLIC_SYNTHETIC_PLANNING_MODEL,base,-2524392.0000,ALLOCATED_LEGAL_MANAGEMENT_BOOK,2027
1500,asset,2026-09-09T00:00:00Z,2026-09-09,ARU,CONDITIONAL_FORECAST,10,MANAGEMENT_FORECAST,PUBLIC_SYNTHETIC_PLANNING_MODEL,base,1000000.0000,ALLOCATED_LEGAL_MANAGEMENT_BOOK,2027
1590,asset,2026-09-09T00:00:00Z,2026-09-09,ARU,CONDITIONAL_FORECAST,10,MANAGEMENT_FORECAST,PUBLIC_SYNTHETIC_PLANNING_MODEL,base,-363380.0000,ALLOCATED_LEGAL_MANAGEMENT_BOOK,2027
1600,asset,2026-09-09T00:00:00Z,2026-09-09,ARU,CONDITIONAL_FORECAST,10,MANAGEMENT_FORECAST,PUBLIC_SYNTHETIC_PLANNING_MODEL,base,14762500.0000,ALLOCATED_LEGAL_MANAGEMENT_BOOK,2027
1700,liability,2026-09-09T00:00:00Z,2026-09-09,ARU,CONDITIONAL_FORECAST,10,MANAGEMENT_FORECAST,PUBLIC_SYNTHETIC_PLANNING_MODEL,base,190968.0000,ALLOCATED_LEGAL_MANAGEMENT_BOOK,2027
1800,asset,2026-09-09T00:00:00Z,2026-09-09,ARU,CONDITIONAL_FORECAST,10,MANAGEMENT_FORECAST,PUBLIC_SYNTHETIC_PLANNING_MODEL,base,137500.0000,ALLOCATED_LEGAL_MANAGEMENT_BOOK,2027
2000,liability,2026-09-09T00:00:00Z,2026-09-09,ARU,CONDITIONAL_FORECAST,10,MANAGEMENT_FORECAST,PUBLIC_SYNTHETIC_PLANNING_MODEL,base,-1062423.0000,ALLOCATED_LEGAL_MANAGEMENT_BOOK,2027
2200,liability,2026-09-09T00:00:00Z,2026-09-09,ARU,CONDITIONAL_FORECAST,10,MANAGEMENT_FORECAST,PUBLIC_SYNTHETIC_PLANNING_MODEL,base,-550000.0000,ALLOCATED_LEGAL_MANAGEMENT_BOOK,2027
2250,liability,2026-09-09T00:00:00Z,2026-09-09,ARU,CONDITIONAL_FORECAST,10,MANAGEMENT_FORECAST,PUBLIC_SYNTHETIC_PLANNING_MODEL,base,-397222.0000,ALLOCATED_LEGAL_MANAGEMENT_BOOK,2027
2400,liability,2026-09-09T00:00:00Z,2026-09-09,ARU,CONDITIONAL_FORECAST,10,MANAGEMENT_FORECAST,PUBLIC_SYNTHETIC_PLANNING_MODEL,base,-19875000.0000,ALLOCATED_LEGAL_MANAGEMENT_BOOK,2027
2600,liability,2026-09-09T00:00:00Z,2026-09-09,ARU,CONDITIONAL_FORECAST,10,MANAGEMENT_FORECAST,PUBLIC_SYNTHETIC_PLANNING_MODEL,base,-636620.0000,ALLOCATED_LEGAL_MANAGEMENT_BOOK,2027
2700,current_settlement,2026-09-09T00:00:00Z,2026-09-09,ARU,CONDITIONAL_FORECAST,10,MANAGEMENT_FORECAST,PUBLIC_SYNTHETIC_PLANNING_MODEL,base,-134049.0000,ALLOCATED_LEGAL_MANAGEMENT_BOOK,2027
3000,equity,2026-09-09T00:00:00Z,2026-09-09,ARU,CONDITIONAL_FORECAST,10,MANAGEMENT_FORECAST,PUBLIC_SYNTHETIC_PLANNING_MODEL,base,-56004880.0000,ALLOCATED_LEGAL_MANAGEMENT_BOOK,2027
3100,equity,2026-09-09T00:00:00Z,2026-09-09,ARU,CONDITIONAL_FORECAST,10,MANAGEMENT_FORECAST,PUBLIC_SYNTHETIC_PLANNING_MODEL,base,-3617621.0000,ALLOCATED_LEGAL_MANAGEMENT_BOOK,2027
4000,revenue,2026-09-09T00:00:00Z,2026-09-09,ARU,CONDITIONAL_FORECAST,10,MANAGEMENT_FORECAST,PUBLIC_SYNTHETIC_PLANNING_MODEL,base,-23506692.0000,ALLOCATED_LEGAL_MANAGEMENT_BOOK,2027
4100,revenue,2026-09-09T00:00:00Z,2026-09-09,ARU,CONDITIONAL_FORECAST,10,MANAGEMENT_FORECAST,PUBLIC_SYNTHETIC_PLANNING_MODEL,base,-271954.0000,ALLOCATED_LEGAL_MANAGEMENT_BOOK,2027
5000,expense,2026-09-09T00:00:00Z,2026-09-09,ARU,CONDITIONAL_FORECAST,10,MANAGEMENT_FORECAST,PUBLIC_SYNTHETIC_PLANNING_MODEL,base,6310850.0000,ALLOCATED_LEGAL_MANAGEMENT_BOOK,2027
5100,expense,2026-09-09T00:00:00Z,2026-09-09,ARU,CONDITIONAL_FORECAST,10,MANAGEMENT_FORECAST,PUBLIC_SYNTHETIC_PLANNING_MODEL,base,10621004.0000,ALLOCATED_LEGAL_MANAGEMENT_BOOK,2027
5200,expense,2026-09-09T00:00:00Z,2026-09-09,ARU,CONDITIONAL_FORECAST,10,MANAGEMENT_FORECAST,PUBLIC_SYNTHETIC_PLANNING_MODEL,base,206544.0000,ALLOCATED_LEGAL_MANAGEMENT_BOOK,2027
5300,expense,2026-09-09T00:00:00Z,2026-09-09,ARU,CONDITIONAL_FORECAST,10,MANAGEMENT_FORECAST,PUBLIC_SYNTHETIC_PLANNING_MODEL,base,1504052.0000,ALLOCATED_LEGAL_MANAGEMENT_BOOK,2027
5400,expense,2026-09-09T00:00:00Z,2026-09-09,ARU,CONDITIONAL_FORECAST,10,MANAGEMENT_FORECAST,PUBLIC_SYNTHETIC_PLANNING_MODEL,base,1195816.0000,ALLOCATED_LEGAL_MANAGEMENT_BOOK,2027
5500,expense,2026-09-09T00:00:00Z,2026-09-09,ARU,CONDITIONAL_FORECAST,10,MANAGEMENT_FORECAST,PUBLIC_SYNTHETIC_PLANNING_MODEL,base,856390.0000,ALLOCATED_LEGAL_MANAGEMENT_BOOK,2027
5501,expense,2026-09-09T00:00:00Z,2026-09-09,ARU,CONDITIONAL_FORECAST,10,MANAGEMENT_FORECAST,PUBLIC_SYNTHETIC_PLANNING_MODEL,base,180555.0000,ALLOCATED_LEGAL_MANAGEMENT_BOOK,2027
5700,expense,2026-09-09T00:00:00Z,2026-09-09,ARU,CONDITIONAL_FORECAST,10,MANAGEMENT_FORECAST,PUBLIC_SYNTHETIC_PLANNING_MODEL,base,6904.0000,ALLOCATED_LEGAL_MANAGEMENT_BOOK,2027
INV_BST,asset,2026-09-09T00:00:00Z,2026-09-09,ARU,CONDITIONAL_FORECAST,10,MANAGEMENT_FORECAST,PUBLIC_SYNTHETIC_PLANNING_MODEL,base,23710000.0000,ALLOCATED_LEGAL_MANAGEMENT_BOOK,2027
SHARED_AP,liability,2026-09-09T00:00:00Z,2026-09-09,ARU,CONDITIONAL_FORECAST,10,MANAGEMENT_FORECAST,PUBLIC_SYNTHETIC_PLANNING_MODEL,base,-50000.0000,ALLOCATED_LEGAL_MANAGEMENT_BOOK,2027
SHARED_EXP,expense,2026-09-09T00:00:00Z,2026-09-09,ARU,CONDITIONAL_FORECAST,10,MANAGEMENT_FORECAST,PUBLIC_SYNTHETIC_PLANNING_MODEL,base,500000.0000,ALLOCATED_LEGAL_MANAGEMENT_BOOK,2027
1000,asset,2026-09-09T00:00:00Z,2026-09-09,BST,CONDITIONAL_FORECAST,10,MANAGEMENT_FORECAST,PUBLIC_SYNTHETIC_PLANNING_MODEL,base,1144123.0000,ALLOCATED_LEGAL_MANAGEMENT_BOOK,2027
1100,asset,2026-09-09T00:00:00Z,2026-09-09,BST,CONDITIONAL_FORECAST,10,MANAGEMENT_FORECAST,PUBLIC_SYNTHETIC_PLANNING_MODEL,base,2209953.0000,ALLOCATED_LEGAL_MANAGEMENT_BOOK,2027
1150,asset,2026-09-09T00:00:00Z,2026-09-09,BST,CONDITIONAL_FORECAST,10,MANAGEMENT_FORECAST,PUBLIC_SYNTHETIC_PLANNING_MODEL,base,56195.0000,ALLOCATED_LEGAL_MANAGEMENT_BOOK,2027
1180,intercompany,2026-09-09T00:00:00Z,2026-09-09,BST,CONDITIONAL_FORECAST,10,MANAGEMENT_FORECAST,PUBLIC_SYNTHETIC_PLANNING_MODEL,base,-11149150.0000,ALLOCATED_LEGAL_MANAGEMENT_BOOK,2027
1200,asset,2026-09-09T00:00:00Z,2026-09-09,BST,CONDITIONAL_FORECAST,10,MANAGEMENT_FORECAST,PUBLIC_SYNTHETIC_PLANNING_MODEL,base,653767.0000,ALLOCATED_LEGAL_MANAGEMENT_BOOK,2027
1300,asset,2026-09-09T00:00:00Z,2026-09-09,BST,CONDITIONAL_FORECAST,10,MANAGEMENT_FORECAST,PUBLIC_SYNTHETIC_PLANNING_MODEL,base,216300.0000,ALLOCATED_LEGAL_MANAGEMENT_BOOK,2027
1400,asset,2026-09-09T00:00:00Z,2026-09-09,BST,CONDITIONAL_FORECAST,10,MANAGEMENT_FORECAST,PUBLIC_SYNTHETIC_PLANNING_MODEL,base,35410375.0000,ALLOCATED_LEGAL_MANAGEMENT_BOOK,2027
1490,asset,2026-09-09T00:00:00Z,2026-09-09,BST,CONDITIONAL_FORECAST,10,MANAGEMENT_FORECAST,PUBLIC_SYNTHETIC_PLANNING_MODEL,base,-3085368.0000,ALLOCATED_LEGAL_MANAGEMENT_BOOK,2027
1500,asset,2026-09-09T00:00:00Z,2026-09-09,BST,CONDITIONAL_FORECAST,10,MANAGEMENT_FORECAST,PUBLIC_SYNTHETIC_PLANNING_MODEL,base,1500000.0000,ALLOCATED_LEGAL_MANAGEMENT_BOOK,2027
1590,asset,2026-09-09T00:00:00Z,2026-09-09,BST,CONDITIONAL_FORECAST,10,MANAGEMENT_FORECAST,PUBLIC_SYNTHETIC_PLANNING_MODEL,base,-545071.0000,ALLOCATED_LEGAL_MANAGEMENT_BOOK,2027
1800,asset,2026-09-09T00:00:00Z,2026-09-09,BST,CONDITIONAL_FORECAST,10,MANAGEMENT_FORECAST,PUBLIC_SYNTHETIC_PLANNING_MODEL,base,450000.0000,ALLOCATED_LEGAL_MANAGEMENT_BOOK,2027
2000,liability,2026-09-09T00:00:00Z,2026-09-09,BST,CONDITIONAL_FORECAST,10,MANAGEMENT_FORECAST,PUBLIC_SYNTHETIC_PLANNING_MODEL,base,-708282.0000,ALLOCATED_LEGAL_MANAGEMENT_BOOK,2027
2200,liability,2026-09-09T00:00:00Z,2026-09-09,BST,CONDITIONAL_FORECAST,10,MANAGEMENT_FORECAST,PUBLIC_SYNTHETIC_PLANNING_MODEL,base,-1200000.0000,ALLOCATED_LEGAL_MANAGEMENT_BOOK,2027
2300,liability,2026-09-09T00:00:00Z,2026-09-09,BST,CONDITIONAL_FORECAST,10,MANAGEMENT_FORECAST,PUBLIC_SYNTHETIC_PLANNING_MODEL,base,-600000.0000,ALLOCATED_LEGAL_MANAGEMENT_BOOK,2027
2600,liability,2026-09-09T00:00:00Z,2026-09-09,BST,CONDITIONAL_FORECAST,10,MANAGEMENT_FORECAST,PUBLIC_SYNTHETIC_PLANNING_MODEL,base,-954931.0000,ALLOCATED_LEGAL_MANAGEMENT_BOOK,2027
3000,equity,2026-09-09T00:00:00Z,2026-09-09,BST,CONDITIONAL_FORECAST,10,MANAGEMENT_FORECAST,PUBLIC_SYNTHETIC_PLANNING_MODEL,base,-23710000.0000,ALLOCATED_LEGAL_MANAGEMENT_BOOK,2027
3100,equity,2026-09-09T00:00:00Z,2026-09-09,BST,CONDITIONAL_FORECAST,10,MANAGEMENT_FORECAST,PUBLIC_SYNTHETIC_PLANNING_MODEL,base,526394.0000,ALLOCATED_LEGAL_MANAGEMENT_BOOK,2027
4000,revenue,2026-09-09T00:00:00Z,2026-09-09,BST,CONDITIONAL_FORECAST,10,MANAGEMENT_FORECAST,PUBLIC_SYNTHETIC_PLANNING_MODEL,base,-13807462.0000,ALLOCATED_LEGAL_MANAGEMENT_BOOK,2027
4100,revenue,2026-09-09T00:00:00Z,2026-09-09,BST,CONDITIONAL_FORECAST,10,MANAGEMENT_FORECAST,PUBLIC_SYNTHETIC_PLANNING_MODEL,base,-138108.0000,ALLOCATED_LEGAL_MANAGEMENT_BOOK,2027
5000,expense,2026-09-09T00:00:00Z,2026-09-09,BST,CONDITIONAL_FORECAST,10,MANAGEMENT_FORECAST,PUBLIC_SYNTHETIC_PLANNING_MODEL,base,5161540.0000,ALLOCATED_LEGAL_MANAGEMENT_BOOK,2027
5100,expense,2026-09-09T00:00:00Z,2026-09-09,BST,CONDITIONAL_FORECAST,10,MANAGEMENT_FORECAST,PUBLIC_SYNTHETIC_PLANNING_MODEL,base,6555493.0000,ALLOCATED_LEGAL_MANAGEMENT_BOOK,2027
5200,expense,2026-09-09T00:00:00Z,2026-09-09,BST,CONDITIONAL_FORECAST,10,MANAGEMENT_FORECAST,PUBLIC_SYNTHETIC_PLANNING_MODEL,base,70648.0000,ALLOCATED_LEGAL_MANAGEMENT_BOOK,2027
5300,expense,2026-09-09T00:00:00Z,2026-09-09,BST,CONDITIONAL_FORECAST,10,MANAGEMENT_FORECAST,PUBLIC_SYNTHETIC_PLANNING_MODEL,base,1838285.0000,ALLOCATED_LEGAL_MANAGEMENT_BOOK,2027
5400,expense,2026-09-09T00:00:00Z,2026-09-09,BST,CONDITIONAL_FORECAST,10,MANAGEMENT_FORECAST,PUBLIC_SYNTHETIC_PLANNING_MODEL,base,103984.0000,ALLOCATED_LEGAL_MANAGEMENT_BOOK,2027
5700,expense,2026-09-09T00:00:00Z,2026-09-09,BST,CONDITIONAL_FORECAST,10,MANAGEMENT_FORECAST,PUBLIC_SYNTHETIC_PLANNING_MODEL,base,1315.0000,ALLOCATED_LEGAL_MANAGEMENT_BOOK,2027
1150,asset,2026-09-09T00:00:00Z,2026-09-09,ELIM,CONDITIONAL_FORECAST,10,MANAGEMENT_FORECAST,PUBLIC_SYNTHETIC_PLANNING_MODEL,base,-44717.0000,CONSOLIDATION_ELIMINATION_BOOK,2027
2150,liability,2026-09-09T00:00:00Z,2026-09-09,ELIM,CONDITIONAL_FORECAST,10,MANAGEMENT_FORECAST,PUBLIC_SYNTHETIC_PLANNING_MODEL,base,44717.0000,CONSOLIDATION_ELIMINATION_BOOK,2027
3000,equity,2026-09-09T00:00:00Z,2026-09-09,ELIM,CONDITIONAL_FORECAST,10,MANAGEMENT_FORECAST,PUBLIC_SYNTHETIC_PLANNING_MODEL,base,319982436.0000,CONSOLIDATION_ELIMINATION_BOOK,2027
4100,revenue,2026-09-09T00:00:00Z,2026-09-09,ELIM,CONDITIONAL_FORECAST,10,MANAGEMENT_FORECAST,PUBLIC_SYNTHETIC_PLANNING_MODEL,base,1697560.2143,CONSOLIDATION_ELIMINATION_BOOK,2027
5150,expense,2026-09-09T00:00:00Z,2026-09-09,ELIM,CONDITIONAL_FORECAST,10,MANAGEMENT_FORECAST,PUBLIC_SYNTHETIC_PLANNING_MODEL,base,-1697560.2143,CONSOLIDATION_ELIMINATION_BOOK,2027
INV_ARU,asset,2026-09-09T00:00:00Z,2026-09-09,ELIM,CONDITIONAL_FORECAST,10,MANAGEMENT_FORECAST,PUBLIC_SYNTHETIC_PLANNING_MODEL,base,-56004880.0000,CONSOLIDATION_ELIMINATION_BOOK,2027
INV_BST,asset,2026-09-09T00:00:00Z,2026-09-09,ELIM,CONDITIONAL_FORECAST,10,MANAGEMENT_FORECAST,PUBLIC_SYNTHETIC_PLANNING_MODEL,base,-23710000.0000,CONSOLIDATION_ELIMINATION_BOOK,2027
INV_PS,asset,2026-09-09T00:00:00Z,2026-09-09,ELIM,CONDITIONAL_FORECAST,10,MANAGEMENT_FORECAST,PUBLIC_SYNTHETIC_PLANNING_MODEL,base,-61120892.0000,CONSOLIDATION_ELIMINATION_BOOK,2027
INV_RWH,asset,2026-09-09T00:00:00Z,2026-09-09,ELIM,CONDITIONAL_FORECAST,10,MANAGEMENT_FORECAST,PUBLIC_SYNTHETIC_PLANNING_MODEL,base,-61120892.0000,CONSOLIDATION_ELIMINATION_BOOK,2027
INV_SHIH,asset,2026-09-09T00:00:00Z,2026-09-09,ELIM,CONDITIONAL_FORECAST,10,MANAGEMENT_FORECAST,PUBLIC_SYNTHETIC_PLANNING_MODEL,base,-118025772.0000,CONSOLIDATION_ELIMINATION_BOOK,2027
SHARED_AP,liability,2026-09-09T00:00:00Z,2026-09-09,ELIM,CONDITIONAL_FORECAST,10,MANAGEMENT_FORECAST,PUBLIC_SYNTHETIC_PLANNING_MODEL,base,383333.3330,CONSOLIDATION_ELIMINATION_BOOK,2027
SHARED_AR,asset,2026-09-09T00:00:00Z,2026-09-09,ELIM,CONDITIONAL_FORECAST,10,MANAGEMENT_FORECAST,PUBLIC_SYNTHETIC_PLANNING_MODEL,base,-383333.3330,CONSOLIDATION_ELIMINATION_BOOK,2027
SHARED_EXP,expense,2026-09-09T00:00:00Z,2026-09-09,ELIM,CONDITIONAL_FORECAST,10,MANAGEMENT_FORECAST,PUBLIC_SYNTHETIC_PLANNING_MODEL,base,-833333.3330,CONSOLIDATION_ELIMINATION_BOOK,2027
SHARED_REV,revenue,2026-09-09T00:00:00Z,2026-09-09,ELIM,CONDITIONAL_FORECAST,10,MANAGEMENT_FORECAST,PUBLIC_SYNTHETIC_PLANNING_MODEL,base,833333.3330,CONSOLIDATION_ELIMINATION_BOOK,2027
3000,equity,2026-09-09T00:00:00Z,2026-09-09,PS,CONDITIONAL_FORECAST,10,MANAGEMENT_FORECAST,PUBLIC_SYNTHETIC_PLANNING_MODEL,base,-61120892.0000,ALLOCATED_LEGAL_MANAGEMENT_BOOK,2027
4100,revenue,2026-09-09T00:00:00Z,2026-09-09,PS,CONDITIONAL_FORECAST,10,MANAGEMENT_FORECAST,PUBLIC_SYNTHETIC_PLANNING_MODEL,base,-1287498.2143,ALLOCATED_LEGAL_MANAGEMENT_BOOK,2027
5100,expense,2026-09-09T00:00:00Z,2026-09-09,PS,CONDITIONAL_FORECAST,10,MANAGEMENT_FORECAST,PUBLIC_SYNTHETIC_PLANNING_MODEL,base,1287498.2143,ALLOCATED_LEGAL_MANAGEMENT_BOOK,2027
INV_RWH,asset,2026-09-09T00:00:00Z,2026-09-09,PS,CONDITIONAL_FORECAST,10,MANAGEMENT_FORECAST,PUBLIC_SYNTHETIC_PLANNING_MODEL,base,61120892.0000,ALLOCATED_LEGAL_MANAGEMENT_BOOK,2027
SHARED_AP,liability,2026-09-09T00:00:00Z,2026-09-09,PS,CONDITIONAL_FORECAST,10,MANAGEMENT_FORECAST,PUBLIC_SYNTHETIC_PLANNING_MODEL,base,-333333.3330,ALLOCATED_LEGAL_MANAGEMENT_BOOK,2027
SHARED_EXP,expense,2026-09-09T00:00:00Z,2026-09-09,PS,CONDITIONAL_FORECAST,10,MANAGEMENT_FORECAST,PUBLIC_SYNTHETIC_PLANNING_MODEL,base,333333.3330,ALLOCATED_LEGAL_MANAGEMENT_BOOK,2027
1000,asset,2026-09-09T00:00:00Z,2026-09-09,RWH,CONDITIONAL_FORECAST,10,MANAGEMENT_FORECAST,PUBLIC_SYNTHETIC_PLANNING_MODEL,base,2477189.0000,ALLOCATED_LEGAL_MANAGEMENT_BOOK,2027
1100,asset,2026-09-09T00:00:00Z,2026-09-09,RWH,CONDITIONAL_FORECAST,10,MANAGEMENT_FORECAST,PUBLIC_SYNTHETIC_PLANNING_MODEL,base,5725773.0000,ALLOCATED_LEGAL_MANAGEMENT_BOOK,2027
1200,asset,2026-09-09T00:00:00Z,2026-09-09,RWH,CONDITIONAL_FORECAST,10,MANAGEMENT_FORECAST,PUBLIC_SYNTHETIC_PLANNING_MODEL,base,8413761.0000,ALLOCATED_LEGAL_MANAGEMENT_BOOK,2027
1210,asset,2026-09-09T00:00:00Z,2026-09-09,RWH,CONDITIONAL_FORECAST,10,MANAGEMENT_FORECAST,PUBLIC_SYNTHETIC_PLANNING_MODEL,base,1085475.0000,ALLOCATED_LEGAL_MANAGEMENT_BOOK,2027
1300,asset,2026-09-09T00:00:00Z,2026-09-09,RWH,CONDITIONAL_FORECAST,10,MANAGEMENT_FORECAST,PUBLIC_SYNTHETIC_PLANNING_MODEL,base,500000.0000,ALLOCATED_LEGAL_MANAGEMENT_BOOK,2027
1400,asset,2026-09-09T00:00:00Z,2026-09-09,RWH,CONDITIONAL_FORECAST,10,MANAGEMENT_FORECAST,PUBLIC_SYNTHETIC_PLANNING_MODEL,base,68183330.0000,ALLOCATED_LEGAL_MANAGEMENT_BOOK,2027
1490,asset,2026-09-09T00:00:00Z,2026-09-09,RWH,CONDITIONAL_FORECAST,10,MANAGEMENT_FORECAST,PUBLIC_SYNTHETIC_PLANNING_MODEL,base,-6826263.0000,ALLOCATED_LEGAL_MANAGEMENT_BOOK,2027
2150,liability,2026-09-09T00:00:00Z,2026-09-09,RWH,CONDITIONAL_FORECAST,10,MANAGEMENT_FORECAST,PUBLIC_SYNTHETIC_PLANNING_MODEL,base,-44717.0000,ALLOCATED_LEGAL_MANAGEMENT_BOOK,2027
2200,liability,2026-09-09T00:00:00Z,2026-09-09,RWH,CONDITIONAL_FORECAST,10,MANAGEMENT_FORECAST,PUBLIC_SYNTHETIC_PLANNING_MODEL,base,-18213022.0000,ALLOCATED_LEGAL_MANAGEMENT_BOOK,2027
2300,liability,2026-09-09T00:00:00Z,2026-09-09,RWH,CONDITIONAL_FORECAST,10,MANAGEMENT_FORECAST,PUBLIC_SYNTHETIC_PLANNING_MODEL,base,-2500000.0000,ALLOCATED_LEGAL_MANAGEMENT_BOOK,2027
2700,current_settlement,2026-09-09T00:00:00Z,2026-09-09,RWH,CONDITIONAL_FORECAST,10,MANAGEMENT_FORECAST,PUBLIC_SYNTHETIC_PLANNING_MODEL,base,-13156.0000,ALLOCATED_LEGAL_MANAGEMENT_BOOK,2027
3000,equity,2026-09-09T00:00:00Z,2026-09-09,RWH,CONDITIONAL_FORECAST,10,MANAGEMENT_FORECAST,PUBLIC_SYNTHETIC_PLANNING_MODEL,base,-61120892.0000,ALLOCATED_LEGAL_MANAGEMENT_BOOK,2027
3100,equity,2026-09-09T00:00:00Z,2026-09-09,RWH,CONDITIONAL_FORECAST,10,MANAGEMENT_FORECAST,PUBLIC_SYNTHETIC_PLANNING_MODEL,base,2869375.0000,ALLOCATED_LEGAL_MANAGEMENT_BOOK,2027
4000,revenue,2026-09-09T00:00:00Z,2026-09-09,RWH,CONDITIONAL_FORECAST,10,MANAGEMENT_FORECAST,PUBLIC_SYNTHETIC_PLANNING_MODEL,base,-35627030.0000,ALLOCATED_LEGAL_MANAGEMENT_BOOK,2027
5100,expense,2026-09-09T00:00:00Z,2026-09-09,RWH,CONDITIONAL_FORECAST,10,MANAGEMENT_FORECAST,PUBLIC_SYNTHETIC_PLANNING_MODEL,base,28898968.7857,ALLOCATED_LEGAL_MANAGEMENT_BOOK,2027
5150,expense,2026-09-09T00:00:00Z,2026-09-09,RWH,CONDITIONAL_FORECAST,10,MANAGEMENT_FORECAST,PUBLIC_SYNTHETIC_PLANNING_MODEL,base,1697560.2143,ALLOCATED_LEGAL_MANAGEMENT_BOOK,2027
5200,expense,2026-09-09T00:00:00Z,2026-09-09,RWH,CONDITIONAL_FORECAST,10,MANAGEMENT_FORECAST,PUBLIC_SYNTHETIC_PLANNING_MODEL,base,211456.0000,ALLOCATED_LEGAL_MANAGEMENT_BOOK,2027
5300,expense,2026-09-09T00:00:00Z,2026-09-09,RWH,CONDITIONAL_FORECAST,10,MANAGEMENT_FORECAST,PUBLIC_SYNTHETIC_PLANNING_MODEL,base,3233192.0000,ALLOCATED_LEGAL_MANAGEMENT_BOOK,2027
5500,expense,2026-09-09T00:00:00Z,2026-09-09,RWH,CONDITIONAL_FORECAST,10,MANAGEMENT_FORECAST,PUBLIC_SYNTHETIC_PLANNING_MODEL,base,117846.0000,ALLOCATED_LEGAL_MANAGEMENT_BOOK,2027
5600,expense,2026-09-09T00:00:00Z,2026-09-09,RWH,CONDITIONAL_FORECAST,10,MANAGEMENT_FORECAST,PUBLIC_SYNTHETIC_PLANNING_MODEL,base,931154.0000,ALLOCATED_LEGAL_MANAGEMENT_BOOK,2027
1000,asset,2026-09-09T00:00:00Z,2026-09-09,SHI,CONDITIONAL_FORECAST,10,MANAGEMENT_FORECAST,PUBLIC_SYNTHETIC_PLANNING_MODEL,base,12459440.2822,ALLOCATED_LEGAL_MANAGEMENT_BOOK,2027
3000,equity,2026-09-09T00:00:00Z,2026-09-09,SHI,CONDITIONAL_FORECAST,10,MANAGEMENT_FORECAST,PUBLIC_SYNTHETIC_PLANNING_MODEL,base,-130159887.2574,ALLOCATED_LEGAL_MANAGEMENT_BOOK,2027
3100,equity,2026-09-09T00:00:00Z,2026-09-09,SHI,CONDITIONAL_FORECAST,10,MANAGEMENT_FORECAST,PUBLIC_SYNTHETIC_PLANNING_MODEL,base,37702666.6668,ALLOCATED_LEGAL_MANAGEMENT_BOOK,2027
BIZ_ACCUM,asset,2026-09-09T00:00:00Z,2026-09-09,SHI,CONDITIONAL_FORECAST,10,MANAGEMENT_FORECAST,PUBLIC_SYNTHETIC_PLANNING_MODEL,base,-187404.7613,ALLOCATED_LEGAL_MANAGEMENT_BOOK,2027
BIZ_ALLOWANCE,asset,2026-09-09T00:00:00Z,2026-09-09,SHI,CONDITIONAL_FORECAST,10,MANAGEMENT_FORECAST,PUBLIC_SYNTHETIC_PLANNING_MODEL,base,-57095.1840,ALLOCATED_LEGAL_MANAGEMENT_BOOK,2027
BIZ_AP,liability,2026-09-09T00:00:00Z,2026-09-09,SHI,CONDITIONAL_FORECAST,10,MANAGEMENT_FORECAST,PUBLIC_SYNTHETIC_PLANNING_MODEL,base,-324331.8000,ALLOCATED_LEGAL_MANAGEMENT_BOOK,2027
BIZ_AR,asset,2026-09-09T00:00:00Z,2026-09-09,SHI,CONDITIONAL_FORECAST,10,MANAGEMENT_FORECAST,PUBLIC_SYNTHETIC_PLANNING_MODEL,base,2854759.2000,ALLOCATED_LEGAL_MANAGEMENT_BOOK,2027
BIZ_COGS,expense,2026-09-09T00:00:00Z,2026-09-09,SHI,CONDITIONAL_FORECAST,10,MANAGEMENT_FORECAST,PUBLIC_SYNTHETIC_PLANNING_MODEL,base,318640.0008,ALLOCATED_LEGAL_MANAGEMENT_BOOK,2027
BIZ_CREDIT_LOSS,expense,2026-09-09T00:00:00Z,2026-09-09,SHI,CONDITIONAL_FORECAST,10,MANAGEMENT_FORECAST,PUBLIC_SYNTHETIC_PLANNING_MODEL,base,1028595.1840,ALLOCATED_LEGAL_MANAGEMENT_BOOK,2027
BIZ_DDA,expense,2026-09-09T00:00:00Z,2026-09-09,SHI,CONDITIONAL_FORECAST,10,MANAGEMENT_FORECAST,PUBLIC_SYNTHETIC_PLANNING_MODEL,base,187404.7613,ALLOCATED_LEGAL_MANAGEMENT_BOOK,2027
BIZ_DEFERRED,liability,2026-09-09T00:00:00Z,2026-09-09,SHI,CONDITIONAL_FORECAST,10,MANAGEMENT_FORECAST,PUBLIC_SYNTHETIC_PLANNING_MODEL,base,-16810000.0000,ALLOCATED_LEGAL_MANAGEMENT_BOOK,2027
BIZ_DELIVERY,expense,2026-09-09T00:00:00Z,2026-09-09,SHI,CONDITIONAL_FORECAST,10,MANAGEMENT_FORECAST,PUBLIC_SYNTHETIC_PLANNING_MODEL,base,1303518.4000,ALLOCATED_LEGAL_MANAGEMENT_BOOK,2027
BIZ_HOST_AP,liability,2026-09-09T00:00:00Z,2026-09-09,SHI,CONDITIONAL_FORECAST,10,MANAGEMENT_FORECAST,PUBLIC_SYNTHETIC_PLANNING_MODEL,base,-19952.0640,ALLOCATED_LEGAL_MANAGEMENT_BOOK,2027
BIZ_HOST_SHARE,expense,2026-09-09T00:00:00Z,2026-09-09,SHI,CONDITIONAL_FORECAST,10,MANAGEMENT_FORECAST,PUBLIC_SYNTHETIC_PLANNING_MODEL,base,159616.5120,ALLOCATED_LEGAL_MANAGEMENT_BOOK,2027
BIZ_INVENTORY,asset,2026-09-09T00:00:00Z,2026-09-09,SHI,CONDITIONAL_FORECAST,10,MANAGEMENT_FORECAST,PUBLIC_SYNTHETIC_PLANNING_MODEL,base,41566.1112,ALLOCATED_LEGAL_MANAGEMENT_BOOK,2027
BIZ_INVENTORY_LOSS,expense,2026-09-09T00:00:00Z,2026-09-09,SHI,CONDITIONAL_FORECAST,10,MANAGEMENT_FORECAST,PUBLIC_SYNTHETIC_PLANNING_MODEL,base,39830.0001,ALLOCATED_LEGAL_MANAGEMENT_BOOK,2027
BIZ_PAYROLL,expense,2026-09-09T00:00:00Z,2026-09-09,SHI,CONDITIONAL_FORECAST,10,MANAGEMENT_FORECAST,PUBLIC_SYNTHETIC_PLANNING_MODEL,base,61703263.7951,ALLOCATED_LEGAL_MANAGEMENT_BOOK,2027
BIZ_PPE,asset,2026-09-09T00:00:00Z,2026-09-09,SHI,CONDITIONAL_FORECAST,10,MANAGEMENT_FORECAST,PUBLIC_SYNTHETIC_PLANNING_MODEL,base,1600000.0000,ALLOCATED_LEGAL_MANAGEMENT_BOOK,2027
BIZ_PROCESSING,expense,2026-09-09T00:00:00Z,2026-09-09,SHI,CONDITIONAL_FORECAST,10,MANAGEMENT_FORECAST,PUBLIC_SYNTHETIC_PLANNING_MODEL,base,171125.0000,ALLOCATED_LEGAL_MANAGEMENT_BOOK,2027
BIZ_RESEARCH,expense,2026-09-09T00:00:00Z,2026-09-09,SHI,CONDITIONAL_FORECAST,10,MANAGEMENT_FORECAST,PUBLIC_SYNTHETIC_PLANNING_MODEL,base,487032.5000,ALLOCATED_LEGAL_MANAGEMENT_BOOK,2027
BIZ_REVENUE,revenue,2026-09-09T00:00:00Z,2026-09-09,SHI,CONDITIONAL_FORECAST,10,MANAGEMENT_FORECAST,PUBLIC_SYNTHETIC_PLANNING_MODEL,base,-59478341.2800,ALLOCATED_LEGAL_MANAGEMENT_BOOK,2027
BIZ_SUPPORT,expense,2026-09-09T00:00:00Z,2026-09-09,SHI,CONDITIONAL_FORECAST,10,MANAGEMENT_FORECAST,PUBLIC_SYNTHETIC_PLANNING_MODEL,base,1130000.0000,ALLOCATED_LEGAL_MANAGEMENT_BOOK,2027
CORE_ACCUM,asset,2026-09-09T00:00:00Z,2026-09-09,SHI,CONDITIONAL_FORECAST,10,MANAGEMENT_FORECAST,PUBLIC_SYNTHETIC_PLANNING_MODEL,base,-1129611.9370,ALLOCATED_LEGAL_MANAGEMENT_BOOK,2027
CORE_DDA,expense,2026-09-09T00:00:00Z,2026-09-09,SHI,CONDITIONAL_FORECAST,10,MANAGEMENT_FORECAST,PUBLIC_SYNTHETIC_PLANNING_MODEL,base,1129611.9370,ALLOCATED_LEGAL_MANAGEMENT_BOOK,2027
CORE_INTEREST,expense,2026-09-09T00:00:00Z,2026-09-09,SHI,CONDITIONAL_FORECAST,10,MANAGEMENT_FORECAST,PUBLIC_SYNTHETIC_PLANNING_MODEL,base,1887708.3333,ALLOCATED_LEGAL_MANAGEMENT_BOOK,2027
INV_SHIH,asset,2026-09-09T00:00:00Z,2026-09-09,SHI,CONDITIONAL_FORECAST,10,MANAGEMENT_FORECAST,PUBLIC_SYNTHETIC_PLANNING_MODEL,base,118025772.0000,ALLOCATED_LEGAL_MANAGEMENT_BOOK,2027
LEG_1500,asset,2026-09-09T00:00:00Z,2026-09-09,SHI,CONDITIONAL_FORECAST,10,MANAGEMENT_FORECAST,PUBLIC_SYNTHETIC_PLANNING_MODEL,base,9497024.0000,ALLOCATED_LEGAL_MANAGEMENT_BOOK,2027
LEG_1590,asset,2026-09-09T00:00:00Z,2026-09-09,SHI,CONDITIONAL_FORECAST,10,MANAGEMENT_FORECAST,PUBLIC_SYNTHETIC_PLANNING_MODEL,base,-8283.7333,ALLOCATED_LEGAL_MANAGEMENT_BOOK,2027
LEG_1600,asset,2026-09-09T00:00:00Z,2026-09-09,SHI,CONDITIONAL_FORECAST,10,MANAGEMENT_FORECAST,PUBLIC_SYNTHETIC_PLANNING_MODEL,base,30000000.0000,ALLOCATED_LEGAL_MANAGEMENT_BOOK,2027
LEG_2500,liability,2026-09-09T00:00:00Z,2026-09-09,SHI,CONDITIONAL_FORECAST,10,MANAGEMENT_FORECAST,PUBLIC_SYNTHETIC_PLANNING_MODEL,base,-34300000.0000,ALLOCATED_LEGAL_MANAGEMENT_BOOK,2027
LEG_2510,liability,2026-09-09T00:00:00Z,2026-09-09,SHI,CONDITIONAL_FORECAST,10,MANAGEMENT_FORECAST,PUBLIC_SYNTHETIC_PLANNING_MODEL,base,-2666.6668,ALLOCATED_LEGAL_MANAGEMENT_BOOK,2027
LEG_3000,equity,2026-09-09T00:00:00Z,2026-09-09,SHI,CONDITIONAL_FORECAST,10,MANAGEMENT_FORECAST,PUBLIC_SYNTHETIC_PLANNING_MODEL,base,-38800000.0000,ALLOCATED_LEGAL_MANAGEMENT_BOOK,2027
SHARED_AR,asset,2026-09-09T00:00:00Z,2026-09-09,SHI,CONDITIONAL_FORECAST,10,MANAGEMENT_FORECAST,PUBLIC_SYNTHETIC_PLANNING_MODEL,base,383333.3330,ALLOCATED_LEGAL_MANAGEMENT_BOOK,2027
SHARED_REV,revenue,2026-09-09T00:00:00Z,2026-09-09,SHI,CONDITIONAL_FORECAST,10,MANAGEMENT_FORECAST,PUBLIC_SYNTHETIC_PLANNING_MODEL,base,-833333.3330,ALLOCATED_LEGAL_MANAGEMENT_BOOK,2027
3000,equity,2026-09-09T00:00:00Z,2026-09-09,SHIH,CONDITIONAL_FORECAST,10,MANAGEMENT_FORECAST,PUBLIC_SYNTHETIC_PLANNING_MODEL,base,-118025772.0000,ALLOCATED_LEGAL_MANAGEMENT_BOOK,2027
3100,equity,2026-09-09T00:00:00Z,2026-09-09,SHIH,CONDITIONAL_FORECAST,10,MANAGEMENT_FORECAST,PUBLIC_SYNTHETIC_PLANNING_MODEL,base,900000.0000,ALLOCATED_LEGAL_MANAGEMENT_BOOK,2027
INV_ARU,asset,2026-09-09T00:00:00Z,2026-09-09,SHIH,CONDITIONAL_FORECAST,10,MANAGEMENT_FORECAST,PUBLIC_SYNTHETIC_PLANNING_MODEL,base,56004880.0000,ALLOCATED_LEGAL_MANAGEMENT_BOOK,2027
INV_PS,asset,2026-09-09T00:00:00Z,2026-09-09,SHIH,CONDITIONAL_FORECAST,10,MANAGEMENT_FORECAST,PUBLIC_SYNTHETIC_PLANNING_MODEL,base,61120892.0000,ALLOCATED_LEGAL_MANAGEMENT_BOOK,2027
1000,asset,2026-09-09T00:00:00Z,2026-09-09,ARU,CONDITIONAL_FORECAST,11,MANAGEMENT_FORECAST,PUBLIC_SYNTHETIC_PLANNING_MODEL,base,2667080.0000,ALLOCATED_LEGAL_MANAGEMENT_BOOK,2027
1100,asset,2026-09-09T00:00:00Z,2026-09-09,ARU,CONDITIONAL_FORECAST,11,MANAGEMENT_FORECAST,PUBLIC_SYNTHETIC_PLANNING_MODEL,base,3496713.0000,ALLOCATED_LEGAL_MANAGEMENT_BOOK,2027
1150,asset,2026-09-09T00:00:00Z,2026-09-09,ARU,CONDITIONAL_FORECAST,11,MANAGEMENT_FORECAST,PUBLIC_SYNTHETIC_PLANNING_MODEL,base,-15150.0000,ALLOCATED_LEGAL_MANAGEMENT_BOOK,2027
1180,intercompany,2026-09-09T00:00:00Z,2026-09-09,ARU,CONDITIONAL_FORECAST,11,MANAGEMENT_FORECAST,PUBLIC_SYNTHETIC_PLANNING_MODEL,base,11238484.0000,ALLOCATED_LEGAL_MANAGEMENT_BOOK,2027
1200,asset,2026-09-09T00:00:00Z,2026-09-09,ARU,CONDITIONAL_FORECAST,11,MANAGEMENT_FORECAST,PUBLIC_SYNTHETIC_PLANNING_MODEL,base,1214138.0000,ALLOCATED_LEGAL_MANAGEMENT_BOOK,2027
1300,asset,2026-09-09T00:00:00Z,2026-09-09,ARU,CONDITIONAL_FORECAST,11,MANAGEMENT_FORECAST,PUBLIC_SYNTHETIC_PLANNING_MODEL,base,504700.0000,ALLOCATED_LEGAL_MANAGEMENT_BOOK,2027
1400,asset,2026-09-09T00:00:00Z,2026-09-09,ARU,CONDITIONAL_FORECAST,11,MANAGEMENT_FORECAST,PUBLIC_SYNTHETIC_PLANNING_MODEL,base,29099587.0000,ALLOCATED_LEGAL_MANAGEMENT_BOOK,2027
1490,asset,2026-09-09T00:00:00Z,2026-09-09,ARU,CONDITIONAL_FORECAST,11,MANAGEMENT_FORECAST,PUBLIC_SYNTHETIC_PLANNING_MODEL,base,-2659939.0000,ALLOCATED_LEGAL_MANAGEMENT_BOOK,2027
1500,asset,2026-09-09T00:00:00Z,2026-09-09,ARU,CONDITIONAL_FORECAST,11,MANAGEMENT_FORECAST,PUBLIC_SYNTHETIC_PLANNING_MODEL,base,1000000.0000,ALLOCATED_LEGAL_MANAGEMENT_BOOK,2027
1590,asset,2026-09-09T00:00:00Z,2026-09-09,ARU,CONDITIONAL_FORECAST,11,MANAGEMENT_FORECAST,PUBLIC_SYNTHETIC_PLANNING_MODEL,base,-380047.0000,ALLOCATED_LEGAL_MANAGEMENT_BOOK,2027
1600,asset,2026-09-09T00:00:00Z,2026-09-09,ARU,CONDITIONAL_FORECAST,11,MANAGEMENT_FORECAST,PUBLIC_SYNTHETIC_PLANNING_MODEL,base,14762500.0000,ALLOCATED_LEGAL_MANAGEMENT_BOOK,2027
1700,liability,2026-09-09T00:00:00Z,2026-09-09,ARU,CONDITIONAL_FORECAST,11,MANAGEMENT_FORECAST,PUBLIC_SYNTHETIC_PLANNING_MODEL,base,185968.0000,ALLOCATED_LEGAL_MANAGEMENT_BOOK,2027
1800,asset,2026-09-09T00:00:00Z,2026-09-09,ARU,CONDITIONAL_FORECAST,11,MANAGEMENT_FORECAST,PUBLIC_SYNTHETIC_PLANNING_MODEL,base,137500.0000,ALLOCATED_LEGAL_MANAGEMENT_BOOK,2027
2000,liability,2026-09-09T00:00:00Z,2026-09-09,ARU,CONDITIONAL_FORECAST,11,MANAGEMENT_FORECAST,PUBLIC_SYNTHETIC_PLANNING_MODEL,base,-1009206.0000,ALLOCATED_LEGAL_MANAGEMENT_BOOK,2027
2200,liability,2026-09-09T00:00:00Z,2026-09-09,ARU,CONDITIONAL_FORECAST,11,MANAGEMENT_FORECAST,PUBLIC_SYNTHETIC_PLANNING_MODEL,base,-550000.0000,ALLOCATED_LEGAL_MANAGEMENT_BOOK,2027
2250,liability,2026-09-09T00:00:00Z,2026-09-09,ARU,CONDITIONAL_FORECAST,11,MANAGEMENT_FORECAST,PUBLIC_SYNTHETIC_PLANNING_MODEL,base,-415278.0000,ALLOCATED_LEGAL_MANAGEMENT_BOOK,2027
2400,liability,2026-09-09T00:00:00Z,2026-09-09,ARU,CONDITIONAL_FORECAST,11,MANAGEMENT_FORECAST,PUBLIC_SYNTHETIC_PLANNING_MODEL,base,-19875000.0000,ALLOCATED_LEGAL_MANAGEMENT_BOOK,2027
2600,liability,2026-09-09T00:00:00Z,2026-09-09,ARU,CONDITIONAL_FORECAST,11,MANAGEMENT_FORECAST,PUBLIC_SYNTHETIC_PLANNING_MODEL,base,-619954.0000,ALLOCATED_LEGAL_MANAGEMENT_BOOK,2027
2700,current_settlement,2026-09-09T00:00:00Z,2026-09-09,ARU,CONDITIONAL_FORECAST,11,MANAGEMENT_FORECAST,PUBLIC_SYNTHETIC_PLANNING_MODEL,base,-185228.0000,ALLOCATED_LEGAL_MANAGEMENT_BOOK,2027
3000,equity,2026-09-09T00:00:00Z,2026-09-09,ARU,CONDITIONAL_FORECAST,11,MANAGEMENT_FORECAST,PUBLIC_SYNTHETIC_PLANNING_MODEL,base,-56004880.0000,ALLOCATED_LEGAL_MANAGEMENT_BOOK,2027
3100,equity,2026-09-09T00:00:00Z,2026-09-09,ARU,CONDITIONAL_FORECAST,11,MANAGEMENT_FORECAST,PUBLIC_SYNTHETIC_PLANNING_MODEL,base,-3617621.0000,ALLOCATED_LEGAL_MANAGEMENT_BOOK,2027
4000,revenue,2026-09-09T00:00:00Z,2026-09-09,ARU,CONDITIONAL_FORECAST,11,MANAGEMENT_FORECAST,PUBLIC_SYNTHETIC_PLANNING_MODEL,base,-25745427.0000,ALLOCATED_LEGAL_MANAGEMENT_BOOK,2027
4100,revenue,2026-09-09T00:00:00Z,2026-09-09,ARU,CONDITIONAL_FORECAST,11,MANAGEMENT_FORECAST,PUBLIC_SYNTHETIC_PLANNING_MODEL,base,-297954.0000,ALLOCATED_LEGAL_MANAGEMENT_BOOK,2027
5000,expense,2026-09-09T00:00:00Z,2026-09-09,ARU,CONDITIONAL_FORECAST,11,MANAGEMENT_FORECAST,PUBLIC_SYNTHETIC_PLANNING_MODEL,base,6941935.0000,ALLOCATED_LEGAL_MANAGEMENT_BOOK,2027
5100,expense,2026-09-09T00:00:00Z,2026-09-09,ARU,CONDITIONAL_FORECAST,11,MANAGEMENT_FORECAST,PUBLIC_SYNTHETIC_PLANNING_MODEL,base,11660391.0000,ALLOCATED_LEGAL_MANAGEMENT_BOOK,2027
5200,expense,2026-09-09T00:00:00Z,2026-09-09,ARU,CONDITIONAL_FORECAST,11,MANAGEMENT_FORECAST,PUBLIC_SYNTHETIC_PLANNING_MODEL,base,226434.0000,ALLOCATED_LEGAL_MANAGEMENT_BOOK,2027
5300,expense,2026-09-09T00:00:00Z,2026-09-09,ARU,CONDITIONAL_FORECAST,11,MANAGEMENT_FORECAST,PUBLIC_SYNTHETIC_PLANNING_MODEL,base,1658348.0000,ALLOCATED_LEGAL_MANAGEMENT_BOOK,2027
5400,expense,2026-09-09T00:00:00Z,2026-09-09,ARU,CONDITIONAL_FORECAST,11,MANAGEMENT_FORECAST,PUBLIC_SYNTHETIC_PLANNING_MODEL,base,1308822.0000,ALLOCATED_LEGAL_MANAGEMENT_BOOK,2027
5500,expense,2026-09-09T00:00:00Z,2026-09-09,ARU,CONDITIONAL_FORECAST,11,MANAGEMENT_FORECAST,PUBLIC_SYNTHETIC_PLANNING_MODEL,base,907569.0000,ALLOCATED_LEGAL_MANAGEMENT_BOOK,2027
5501,expense,2026-09-09T00:00:00Z,2026-09-09,ARU,CONDITIONAL_FORECAST,11,MANAGEMENT_FORECAST,PUBLIC_SYNTHETIC_PLANNING_MODEL,base,198611.0000,ALLOCATED_LEGAL_MANAGEMENT_BOOK,2027
5700,expense,2026-09-09T00:00:00Z,2026-09-09,ARU,CONDITIONAL_FORECAST,11,MANAGEMENT_FORECAST,PUBLIC_SYNTHETIC_PLANNING_MODEL,base,6904.0000,ALLOCATED_LEGAL_MANAGEMENT_BOOK,2027
INV_BST,asset,2026-09-09T00:00:00Z,2026-09-09,ARU,CONDITIONAL_FORECAST,11,MANAGEMENT_FORECAST,PUBLIC_SYNTHETIC_PLANNING_MODEL,base,23710000.0000,ALLOCATED_LEGAL_MANAGEMENT_BOOK,2027
SHARED_AP,liability,2026-09-09T00:00:00Z,2026-09-09,ARU,CONDITIONAL_FORECAST,11,MANAGEMENT_FORECAST,PUBLIC_SYNTHETIC_PLANNING_MODEL,base,-100000.0000,ALLOCATED_LEGAL_MANAGEMENT_BOOK,2027
SHARED_EXP,expense,2026-09-09T00:00:00Z,2026-09-09,ARU,CONDITIONAL_FORECAST,11,MANAGEMENT_FORECAST,PUBLIC_SYNTHETIC_PLANNING_MODEL,base,550000.0000,ALLOCATED_LEGAL_MANAGEMENT_BOOK,2027
1000,asset,2026-09-09T00:00:00Z,2026-09-09,BST,CONDITIONAL_FORECAST,11,MANAGEMENT_FORECAST,PUBLIC_SYNTHETIC_PLANNING_MODEL,base,1335891.0000,ALLOCATED_LEGAL_MANAGEMENT_BOOK,2027
1100,asset,2026-09-09T00:00:00Z,2026-09-09,BST,CONDITIONAL_FORECAST,11,MANAGEMENT_FORECAST,PUBLIC_SYNTHETIC_PLANNING_MODEL,base,2053625.0000,ALLOCATED_LEGAL_MANAGEMENT_BOOK,2027
1150,asset,2026-09-09T00:00:00Z,2026-09-09,BST,CONDITIONAL_FORECAST,11,MANAGEMENT_FORECAST,PUBLIC_SYNTHETIC_PLANNING_MODEL,base,54359.0000,ALLOCATED_LEGAL_MANAGEMENT_BOOK,2027
1180,intercompany,2026-09-09T00:00:00Z,2026-09-09,BST,CONDITIONAL_FORECAST,11,MANAGEMENT_FORECAST,PUBLIC_SYNTHETIC_PLANNING_MODEL,base,-11238484.0000,ALLOCATED_LEGAL_MANAGEMENT_BOOK,2027
1200,asset,2026-09-09T00:00:00Z,2026-09-09,BST,CONDITIONAL_FORECAST,11,MANAGEMENT_FORECAST,PUBLIC_SYNTHETIC_PLANNING_MODEL,base,653767.0000,ALLOCATED_LEGAL_MANAGEMENT_BOOK,2027
1300,asset,2026-09-09T00:00:00Z,2026-09-09,BST,CONDITIONAL_FORECAST,11,MANAGEMENT_FORECAST,PUBLIC_SYNTHETIC_PLANNING_MODEL,base,216300.0000,ALLOCATED_LEGAL_MANAGEMENT_BOOK,2027
1400,asset,2026-09-09T00:00:00Z,2026-09-09,BST,CONDITIONAL_FORECAST,11,MANAGEMENT_FORECAST,PUBLIC_SYNTHETIC_PLANNING_MODEL,base,35566163.0000,ALLOCATED_LEGAL_MANAGEMENT_BOOK,2027
1490,asset,2026-09-09T00:00:00Z,2026-09-09,BST,CONDITIONAL_FORECAST,11,MANAGEMENT_FORECAST,PUBLIC_SYNTHETIC_PLANNING_MODEL,base,-3251036.0000,ALLOCATED_LEGAL_MANAGEMENT_BOOK,2027
1500,asset,2026-09-09T00:00:00Z,2026-09-09,BST,CONDITIONAL_FORECAST,11,MANAGEMENT_FORECAST,PUBLIC_SYNTHETIC_PLANNING_MODEL,base,1500000.0000,ALLOCATED_LEGAL_MANAGEMENT_BOOK,2027
1590,asset,2026-09-09T00:00:00Z,2026-09-09,BST,CONDITIONAL_FORECAST,11,MANAGEMENT_FORECAST,PUBLIC_SYNTHETIC_PLANNING_MODEL,base,-570070.0000,ALLOCATED_LEGAL_MANAGEMENT_BOOK,2027
1800,asset,2026-09-09T00:00:00Z,2026-09-09,BST,CONDITIONAL_FORECAST,11,MANAGEMENT_FORECAST,PUBLIC_SYNTHETIC_PLANNING_MODEL,base,450000.0000,ALLOCATED_LEGAL_MANAGEMENT_BOOK,2027
2000,liability,2026-09-09T00:00:00Z,2026-09-09,BST,CONDITIONAL_FORECAST,11,MANAGEMENT_FORECAST,PUBLIC_SYNTHETIC_PLANNING_MODEL,base,-672804.0000,ALLOCATED_LEGAL_MANAGEMENT_BOOK,2027
2200,liability,2026-09-09T00:00:00Z,2026-09-09,BST,CONDITIONAL_FORECAST,11,MANAGEMENT_FORECAST,PUBLIC_SYNTHETIC_PLANNING_MODEL,base,-1200000.0000,ALLOCATED_LEGAL_MANAGEMENT_BOOK,2027
2300,liability,2026-09-09T00:00:00Z,2026-09-09,BST,CONDITIONAL_FORECAST,11,MANAGEMENT_FORECAST,PUBLIC_SYNTHETIC_PLANNING_MODEL,base,-600000.0000,ALLOCATED_LEGAL_MANAGEMENT_BOOK,2027
2600,liability,2026-09-09T00:00:00Z,2026-09-09,BST,CONDITIONAL_FORECAST,11,MANAGEMENT_FORECAST,PUBLIC_SYNTHETIC_PLANNING_MODEL,base,-929931.0000,ALLOCATED_LEGAL_MANAGEMENT_BOOK,2027
3000,equity,2026-09-09T00:00:00Z,2026-09-09,BST,CONDITIONAL_FORECAST,11,MANAGEMENT_FORECAST,PUBLIC_SYNTHETIC_PLANNING_MODEL,base,-23710000.0000,ALLOCATED_LEGAL_MANAGEMENT_BOOK,2027
3100,equity,2026-09-09T00:00:00Z,2026-09-09,BST,CONDITIONAL_FORECAST,11,MANAGEMENT_FORECAST,PUBLIC_SYNTHETIC_PLANNING_MODEL,base,526394.0000,ALLOCATED_LEGAL_MANAGEMENT_BOOK,2027
4000,revenue,2026-09-09T00:00:00Z,2026-09-09,BST,CONDITIONAL_FORECAST,11,MANAGEMENT_FORECAST,PUBLIC_SYNTHETIC_PLANNING_MODEL,base,-15128120.0000,ALLOCATED_LEGAL_MANAGEMENT_BOOK,2027
4100,revenue,2026-09-09T00:00:00Z,2026-09-09,BST,CONDITIONAL_FORECAST,11,MANAGEMENT_FORECAST,PUBLIC_SYNTHETIC_PLANNING_MODEL,base,-151317.0000,ALLOCATED_LEGAL_MANAGEMENT_BOOK,2027
5000,expense,2026-09-09T00:00:00Z,2026-09-09,BST,CONDITIONAL_FORECAST,11,MANAGEMENT_FORECAST,PUBLIC_SYNTHETIC_PLANNING_MODEL,base,5677694.0000,ALLOCATED_LEGAL_MANAGEMENT_BOOK,2027
5100,expense,2026-09-09T00:00:00Z,2026-09-09,BST,CONDITIONAL_FORECAST,11,MANAGEMENT_FORECAST,PUBLIC_SYNTHETIC_PLANNING_MODEL,base,7198116.0000,ALLOCATED_LEGAL_MANAGEMENT_BOOK,2027
5200,expense,2026-09-09T00:00:00Z,2026-09-09,BST,CONDITIONAL_FORECAST,11,MANAGEMENT_FORECAST,PUBLIC_SYNTHETIC_PLANNING_MODEL,base,77457.0000,ALLOCATED_LEGAL_MANAGEMENT_BOOK,2027
5300,expense,2026-09-09T00:00:00Z,2026-09-09,BST,CONDITIONAL_FORECAST,11,MANAGEMENT_FORECAST,PUBLIC_SYNTHETIC_PLANNING_MODEL,base,2026870.0000,ALLOCATED_LEGAL_MANAGEMENT_BOOK,2027
5400,expense,2026-09-09T00:00:00Z,2026-09-09,BST,CONDITIONAL_FORECAST,11,MANAGEMENT_FORECAST,PUBLIC_SYNTHETIC_PLANNING_MODEL,base,113811.0000,ALLOCATED_LEGAL_MANAGEMENT_BOOK,2027
5700,expense,2026-09-09T00:00:00Z,2026-09-09,BST,CONDITIONAL_FORECAST,11,MANAGEMENT_FORECAST,PUBLIC_SYNTHETIC_PLANNING_MODEL,base,1315.0000,ALLOCATED_LEGAL_MANAGEMENT_BOOK,2027
1150,asset,2026-09-09T00:00:00Z,2026-09-09,ELIM,CONDITIONAL_FORECAST,11,MANAGEMENT_FORECAST,PUBLIC_SYNTHETIC_PLANNING_MODEL,base,-39209.0000,CONSOLIDATION_ELIMINATION_BOOK,2027
2150,liability,2026-09-09T00:00:00Z,2026-09-09,ELIM,CONDITIONAL_FORECAST,11,MANAGEMENT_FORECAST,PUBLIC_SYNTHETIC_PLANNING_MODEL,base,39209.0000,CONSOLIDATION_ELIMINATION_BOOK,2027
3000,equity,2026-09-09T00:00:00Z,2026-09-09,ELIM,CONDITIONAL_FORECAST,11,MANAGEMENT_FORECAST,PUBLIC_SYNTHETIC_PLANNING_MODEL,base,319982436.0000,CONSOLIDATION_ELIMINATION_BOOK,2027
4100,revenue,2026-09-09T00:00:00Z,2026-09-09,ELIM,CONDITIONAL_FORECAST,11,MANAGEMENT_FORECAST,PUBLIC_SYNTHETIC_PLANNING_MODEL,base,1865519.0357,CONSOLIDATION_ELIMINATION_BOOK,2027
5150,expense,2026-09-09T00:00:00Z,2026-09-09,ELIM,CONDITIONAL_FORECAST,11,MANAGEMENT_FORECAST,PUBLIC_SYNTHETIC_PLANNING_MODEL,base,-1865519.0357,CONSOLIDATION_ELIMINATION_BOOK,2027
INV_ARU,asset,2026-09-09T00:00:00Z,2026-09-09,ELIM,CONDITIONAL_FORECAST,11,MANAGEMENT_FORECAST,PUBLIC_SYNTHETIC_PLANNING_MODEL,base,-56004880.0000,CONSOLIDATION_ELIMINATION_BOOK,2027
INV_BST,asset,2026-09-09T00:00:00Z,2026-09-09,ELIM,CONDITIONAL_FORECAST,11,MANAGEMENT_FORECAST,PUBLIC_SYNTHETIC_PLANNING_MODEL,base,-23710000.0000,CONSOLIDATION_ELIMINATION_BOOK,2027
INV_PS,asset,2026-09-09T00:00:00Z,2026-09-09,ELIM,CONDITIONAL_FORECAST,11,MANAGEMENT_FORECAST,PUBLIC_SYNTHETIC_PLANNING_MODEL,base,-61120892.0000,CONSOLIDATION_ELIMINATION_BOOK,2027
INV_RWH,asset,2026-09-09T00:00:00Z,2026-09-09,ELIM,CONDITIONAL_FORECAST,11,MANAGEMENT_FORECAST,PUBLIC_SYNTHETIC_PLANNING_MODEL,base,-61120892.0000,CONSOLIDATION_ELIMINATION_BOOK,2027
INV_SHIH,asset,2026-09-09T00:00:00Z,2026-09-09,ELIM,CONDITIONAL_FORECAST,11,MANAGEMENT_FORECAST,PUBLIC_SYNTHETIC_PLANNING_MODEL,base,-118025772.0000,CONSOLIDATION_ELIMINATION_BOOK,2027
SHARED_AP,liability,2026-09-09T00:00:00Z,2026-09-09,ELIM,CONDITIONAL_FORECAST,11,MANAGEMENT_FORECAST,PUBLIC_SYNTHETIC_PLANNING_MODEL,base,466666.6663,CONSOLIDATION_ELIMINATION_BOOK,2027
SHARED_AR,asset,2026-09-09T00:00:00Z,2026-09-09,ELIM,CONDITIONAL_FORECAST,11,MANAGEMENT_FORECAST,PUBLIC_SYNTHETIC_PLANNING_MODEL,base,-466666.6663,CONSOLIDATION_ELIMINATION_BOOK,2027
SHARED_EXP,expense,2026-09-09T00:00:00Z,2026-09-09,ELIM,CONDITIONAL_FORECAST,11,MANAGEMENT_FORECAST,PUBLIC_SYNTHETIC_PLANNING_MODEL,base,-916666.6663,CONSOLIDATION_ELIMINATION_BOOK,2027
SHARED_REV,revenue,2026-09-09T00:00:00Z,2026-09-09,ELIM,CONDITIONAL_FORECAST,11,MANAGEMENT_FORECAST,PUBLIC_SYNTHETIC_PLANNING_MODEL,base,916666.6663,CONSOLIDATION_ELIMINATION_BOOK,2027
3000,equity,2026-09-09T00:00:00Z,2026-09-09,PS,CONDITIONAL_FORECAST,11,MANAGEMENT_FORECAST,PUBLIC_SYNTHETIC_PLANNING_MODEL,base,-61120892.0000,ALLOCATED_LEGAL_MANAGEMENT_BOOK,2027
4100,revenue,2026-09-09T00:00:00Z,2026-09-09,PS,CONDITIONAL_FORECAST,11,MANAGEMENT_FORECAST,PUBLIC_SYNTHETIC_PLANNING_MODEL,base,-1416248.0357,ALLOCATED_LEGAL_MANAGEMENT_BOOK,2027
5100,expense,2026-09-09T00:00:00Z,2026-09-09,PS,CONDITIONAL_FORECAST,11,MANAGEMENT_FORECAST,PUBLIC_SYNTHETIC_PLANNING_MODEL,base,1416248.0357,ALLOCATED_LEGAL_MANAGEMENT_BOOK,2027
INV_RWH,asset,2026-09-09T00:00:00Z,2026-09-09,PS,CONDITIONAL_FORECAST,11,MANAGEMENT_FORECAST,PUBLIC_SYNTHETIC_PLANNING_MODEL,base,61120892.0000,ALLOCATED_LEGAL_MANAGEMENT_BOOK,2027
SHARED_AP,liability,2026-09-09T00:00:00Z,2026-09-09,PS,CONDITIONAL_FORECAST,11,MANAGEMENT_FORECAST,PUBLIC_SYNTHETIC_PLANNING_MODEL,base,-366666.6663,ALLOCATED_LEGAL_MANAGEMENT_BOOK,2027
SHARED_EXP,expense,2026-09-09T00:00:00Z,2026-09-09,PS,CONDITIONAL_FORECAST,11,MANAGEMENT_FORECAST,PUBLIC_SYNTHETIC_PLANNING_MODEL,base,366666.6663,ALLOCATED_LEGAL_MANAGEMENT_BOOK,2027
1000,asset,2026-09-09T00:00:00Z,2026-09-09,RWH,CONDITIONAL_FORECAST,11,MANAGEMENT_FORECAST,PUBLIC_SYNTHETIC_PLANNING_MODEL,base,2666653.0000,ALLOCATED_LEGAL_MANAGEMENT_BOOK,2027
1100,asset,2026-09-09T00:00:00Z,2026-09-09,RWH,CONDITIONAL_FORECAST,11,MANAGEMENT_FORECAST,PUBLIC_SYNTHETIC_PLANNING_MODEL,base,5301641.0000,ALLOCATED_LEGAL_MANAGEMENT_BOOK,2027
1200,asset,2026-09-09T00:00:00Z,2026-09-09,RWH,CONDITIONAL_FORECAST,11,MANAGEMENT_FORECAST,PUBLIC_SYNTHETIC_PLANNING_MODEL,base,8469265.0000,ALLOCATED_LEGAL_MANAGEMENT_BOOK,2027
1210,asset,2026-09-09T00:00:00Z,2026-09-09,RWH,CONDITIONAL_FORECAST,11,MANAGEMENT_FORECAST,PUBLIC_SYNTHETIC_PLANNING_MODEL,base,1099039.0000,ALLOCATED_LEGAL_MANAGEMENT_BOOK,2027
1300,asset,2026-09-09T00:00:00Z,2026-09-09,RWH,CONDITIONAL_FORECAST,11,MANAGEMENT_FORECAST,PUBLIC_SYNTHETIC_PLANNING_MODEL,base,500000.0000,ALLOCATED_LEGAL_MANAGEMENT_BOOK,2027
1400,asset,2026-09-09T00:00:00Z,2026-09-09,RWH,CONDITIONAL_FORECAST,11,MANAGEMENT_FORECAST,PUBLIC_SYNTHETIC_PLANNING_MODEL,base,68776663.0000,ALLOCATED_LEGAL_MANAGEMENT_BOOK,2027
1490,asset,2026-09-09T00:00:00Z,2026-09-09,RWH,CONDITIONAL_FORECAST,11,MANAGEMENT_FORECAST,PUBLIC_SYNTHETIC_PLANNING_MODEL,base,-7160414.0000,ALLOCATED_LEGAL_MANAGEMENT_BOOK,2027
2150,liability,2026-09-09T00:00:00Z,2026-09-09,RWH,CONDITIONAL_FORECAST,11,MANAGEMENT_FORECAST,PUBLIC_SYNTHETIC_PLANNING_MODEL,base,-39209.0000,ALLOCATED_LEGAL_MANAGEMENT_BOOK,2027
2200,liability,2026-09-09T00:00:00Z,2026-09-09,RWH,CONDITIONAL_FORECAST,11,MANAGEMENT_FORECAST,PUBLIC_SYNTHETIC_PLANNING_MODEL,base,-18308853.0000,ALLOCATED_LEGAL_MANAGEMENT_BOOK,2027
2300,liability,2026-09-09T00:00:00Z,2026-09-09,RWH,CONDITIONAL_FORECAST,11,MANAGEMENT_FORECAST,PUBLIC_SYNTHETIC_PLANNING_MODEL,base,-2500000.0000,ALLOCATED_LEGAL_MANAGEMENT_BOOK,2027
2700,current_settlement,2026-09-09T00:00:00Z,2026-09-09,RWH,CONDITIONAL_FORECAST,11,MANAGEMENT_FORECAST,PUBLIC_SYNTHETIC_PLANNING_MODEL,base,-13742.0000,ALLOCATED_LEGAL_MANAGEMENT_BOOK,2027
3000,equity,2026-09-09T00:00:00Z,2026-09-09,RWH,CONDITIONAL_FORECAST,11,MANAGEMENT_FORECAST,PUBLIC_SYNTHETIC_PLANNING_MODEL,base,-61120892.0000,ALLOCATED_LEGAL_MANAGEMENT_BOOK,2027
3100,equity,2026-09-09T00:00:00Z,2026-09-09,RWH,CONDITIONAL_FORECAST,11,MANAGEMENT_FORECAST,PUBLIC_SYNTHETIC_PLANNING_MODEL,base,2869375.0000,ALLOCATED_LEGAL_MANAGEMENT_BOOK,2027
4000,revenue,2026-09-09T00:00:00Z,2026-09-09,RWH,CONDITIONAL_FORECAST,11,MANAGEMENT_FORECAST,PUBLIC_SYNTHETIC_PLANNING_MODEL,base,-39020080.0000,ALLOCATED_LEGAL_MANAGEMENT_BOOK,2027
5100,expense,2026-09-09T00:00:00Z,2026-09-09,RWH,CONDITIONAL_FORECAST,11,MANAGEMENT_FORECAST,PUBLIC_SYNTHETIC_PLANNING_MODEL,base,31684143.9643,ALLOCATED_LEGAL_MANAGEMENT_BOOK,2027
5150,expense,2026-09-09T00:00:00Z,2026-09-09,RWH,CONDITIONAL_FORECAST,11,MANAGEMENT_FORECAST,PUBLIC_SYNTHETIC_PLANNING_MODEL,base,1865519.0357,ALLOCATED_LEGAL_MANAGEMENT_BOOK,2027
5200,expense,2026-09-09T00:00:00Z,2026-09-09,RWH,CONDITIONAL_FORECAST,11,MANAGEMENT_FORECAST,PUBLIC_SYNTHETIC_PLANNING_MODEL,base,231695.0000,ALLOCATED_LEGAL_MANAGEMENT_BOOK,2027
5300,expense,2026-09-09T00:00:00Z,2026-09-09,RWH,CONDITIONAL_FORECAST,11,MANAGEMENT_FORECAST,PUBLIC_SYNTHETIC_PLANNING_MODEL,base,3553779.0000,ALLOCATED_LEGAL_MANAGEMENT_BOOK,2027
5500,expense,2026-09-09T00:00:00Z,2026-09-09,RWH,CONDITIONAL_FORECAST,11,MANAGEMENT_FORECAST,PUBLIC_SYNTHETIC_PLANNING_MODEL,base,118432.0000,ALLOCATED_LEGAL_MANAGEMENT_BOOK,2027
5600,expense,2026-09-09T00:00:00Z,2026-09-09,RWH,CONDITIONAL_FORECAST,11,MANAGEMENT_FORECAST,PUBLIC_SYNTHETIC_PLANNING_MODEL,base,1026985.0000,ALLOCATED_LEGAL_MANAGEMENT_BOOK,2027
1000,asset,2026-09-09T00:00:00Z,2026-09-09,SHI,CONDITIONAL_FORECAST,11,MANAGEMENT_FORECAST,PUBLIC_SYNTHETIC_PLANNING_MODEL,base,8472826.0248,ALLOCATED_LEGAL_MANAGEMENT_BOOK,2027
3000,equity,2026-09-09T00:00:00Z,2026-09-09,SHI,CONDITIONAL_FORECAST,11,MANAGEMENT_FORECAST,PUBLIC_SYNTHETIC_PLANNING_MODEL,base,-130159887.2574,ALLOCATED_LEGAL_MANAGEMENT_BOOK,2027
3100,equity,2026-09-09T00:00:00Z,2026-09-09,SHI,CONDITIONAL_FORECAST,11,MANAGEMENT_FORECAST,PUBLIC_SYNTHETIC_PLANNING_MODEL,base,37702666.6668,ALLOCATED_LEGAL_MANAGEMENT_BOOK,2027
BIZ_ACCUM,asset,2026-09-09T00:00:00Z,2026-09-09,SHI,CONDITIONAL_FORECAST,11,MANAGEMENT_FORECAST,PUBLIC_SYNTHETIC_PLANNING_MODEL,base,-210976.1898,ALLOCATED_LEGAL_MANAGEMENT_BOOK,2027
BIZ_ALLOWANCE,asset,2026-09-09T00:00:00Z,2026-09-09,SHI,CONDITIONAL_FORECAST,11,MANAGEMENT_FORECAST,PUBLIC_SYNTHETIC_PLANNING_MODEL,base,-54101.1840,ALLOCATED_LEGAL_MANAGEMENT_BOOK,2027
BIZ_AP,liability,2026-09-09T00:00:00Z,2026-09-09,SHI,CONDITIONAL_FORECAST,11,MANAGEMENT_FORECAST,PUBLIC_SYNTHETIC_PLANNING_MODEL,base,-301649.8000,ALLOCATED_LEGAL_MANAGEMENT_BOOK,2027
BIZ_AR,asset,2026-09-09T00:00:00Z,2026-09-09,SHI,CONDITIONAL_FORECAST,11,MANAGEMENT_FORECAST,PUBLIC_SYNTHETIC_PLANNING_MODEL,base,2705059.2000,ALLOCATED_LEGAL_MANAGEMENT_BOOK,2027
BIZ_COGS,expense,2026-09-09T00:00:00Z,2026-09-09,SHI,CONDITIONAL_FORECAST,11,MANAGEMENT_FORECAST,PUBLIC_SYNTHETIC_PLANNING_MODEL,base,360206.1120,ALLOCATED_LEGAL_MANAGEMENT_BOOK,2027
BIZ_CREDIT_LOSS,expense,2026-09-09T00:00:00Z,2026-09-09,SHI,CONDITIONAL_FORECAST,11,MANAGEMENT_FORECAST,PUBLIC_SYNTHETIC_PLANNING_MODEL,base,1025601.1840,ALLOCATED_LEGAL_MANAGEMENT_BOOK,2027
BIZ_DDA,expense,2026-09-09T00:00:00Z,2026-09-09,SHI,CONDITIONAL_FORECAST,11,MANAGEMENT_FORECAST,PUBLIC_SYNTHETIC_PLANNING_MODEL,base,210976.1898,ALLOCATED_LEGAL_MANAGEMENT_BOOK,2027
BIZ_DEFERRED,liability,2026-09-09T00:00:00Z,2026-09-09,SHI,CONDITIONAL_FORECAST,11,MANAGEMENT_FORECAST,PUBLIC_SYNTHETIC_PLANNING_MODEL,base,-12759100.0000,ALLOCATED_LEGAL_MANAGEMENT_BOOK,2027
BIZ_DELIVERY,expense,2026-09-09T00:00:00Z,2026-09-09,SHI,CONDITIONAL_FORECAST,11,MANAGEMENT_FORECAST,PUBLIC_SYNTHETIC_PLANNING_MODEL,base,1456538.2000,ALLOCATED_LEGAL_MANAGEMENT_BOOK,2027
BIZ_HOST_AP,liability,2026-09-09T00:00:00Z,2026-09-09,SHI,CONDITIONAL_FORECAST,11,MANAGEMENT_FORECAST,PUBLIC_SYNTHETIC_PLANNING_MODEL,base,-39904.1280,ALLOCATED_LEGAL_MANAGEMENT_BOOK,2027
BIZ_HOST_SHARE,expense,2026-09-09T00:00:00Z,2026-09-09,SHI,CONDITIONAL_FORECAST,11,MANAGEMENT_FORECAST,PUBLIC_SYNTHETIC_PLANNING_MODEL,base,179568.5760,ALLOCATED_LEGAL_MANAGEMENT_BOOK,2027
BIZ_INVENTORY,asset,2026-09-09T00:00:00Z,2026-09-09,SHI,CONDITIONAL_FORECAST,11,MANAGEMENT_FORECAST,PUBLIC_SYNTHETIC_PLANNING_MODEL,base,41566.1112,ALLOCATED_LEGAL_MANAGEMENT_BOOK,2027
BIZ_INVENTORY_LOSS,expense,2026-09-09T00:00:00Z,2026-09-09,SHI,CONDITIONAL_FORECAST,11,MANAGEMENT_FORECAST,PUBLIC_SYNTHETIC_PLANNING_MODEL,base,39830.0001,ALLOCATED_LEGAL_MANAGEMENT_BOOK,2027
BIZ_PAYROLL,expense,2026-09-09T00:00:00Z,2026-09-09,SHI,CONDITIONAL_FORECAST,11,MANAGEMENT_FORECAST,PUBLIC_SYNTHETIC_PLANNING_MODEL,base,67901527.6746,ALLOCATED_LEGAL_MANAGEMENT_BOOK,2027
BIZ_PPE,asset,2026-09-09T00:00:00Z,2026-09-09,SHI,CONDITIONAL_FORECAST,11,MANAGEMENT_FORECAST,PUBLIC_SYNTHETIC_PLANNING_MODEL,base,1600000.0000,ALLOCATED_LEGAL_MANAGEMENT_BOOK,2027
BIZ_PROCESSING,expense,2026-09-09T00:00:00Z,2026-09-09,SHI,CONDITIONAL_FORECAST,11,MANAGEMENT_FORECAST,PUBLIC_SYNTHETIC_PLANNING_MODEL,base,189625.0000,ALLOCATED_LEGAL_MANAGEMENT_BOOK,2027
BIZ_RESEARCH,expense,2026-09-09T00:00:00Z,2026-09-09,SHI,CONDITIONAL_FORECAST,11,MANAGEMENT_FORECAST,PUBLIC_SYNTHETIC_PLANNING_MODEL,base,495582.5000,ALLOCATED_LEGAL_MANAGEMENT_BOOK,2027
BIZ_REVENUE,revenue,2026-09-09T00:00:00Z,2026-09-09,SHI,CONDITIONAL_FORECAST,11,MANAGEMENT_FORECAST,PUBLIC_SYNTHETIC_PLANNING_MODEL,base,-66234300.4800,ALLOCATED_LEGAL_MANAGEMENT_BOOK,2027
BIZ_SUPPORT,expense,2026-09-09T00:00:00Z,2026-09-09,SHI,CONDITIONAL_FORECAST,11,MANAGEMENT_FORECAST,PUBLIC_SYNTHETIC_PLANNING_MODEL,base,1243000.0000,ALLOCATED_LEGAL_MANAGEMENT_BOOK,2027
CORE_ACCUM,asset,2026-09-09T00:00:00Z,2026-09-09,SHI,CONDITIONAL_FORECAST,11,MANAGEMENT_FORECAST,PUBLIC_SYNTHETIC_PLANNING_MODEL,base,-1242573.1307,ALLOCATED_LEGAL_MANAGEMENT_BOOK,2027
CORE_DDA,expense,2026-09-09T00:00:00Z,2026-09-09,SHI,CONDITIONAL_FORECAST,11,MANAGEMENT_FORECAST,PUBLIC_SYNTHETIC_PLANNING_MODEL,base,1242573.1307,ALLOCATED_LEGAL_MANAGEMENT_BOOK,2027
CORE_INTEREST,expense,2026-09-09T00:00:00Z,2026-09-09,SHI,CONDITIONAL_FORECAST,11,MANAGEMENT_FORECAST,PUBLIC_SYNTHETIC_PLANNING_MODEL,base,2073500.0000,ALLOCATED_LEGAL_MANAGEMENT_BOOK,2027
INV_SHIH,asset,2026-09-09T00:00:00Z,2026-09-09,SHI,CONDITIONAL_FORECAST,11,MANAGEMENT_FORECAST,PUBLIC_SYNTHETIC_PLANNING_MODEL,base,118025772.0000,ALLOCATED_LEGAL_MANAGEMENT_BOOK,2027
LEG_1500,asset,2026-09-09T00:00:00Z,2026-09-09,SHI,CONDITIONAL_FORECAST,11,MANAGEMENT_FORECAST,PUBLIC_SYNTHETIC_PLANNING_MODEL,base,9497024.0000,ALLOCATED_LEGAL_MANAGEMENT_BOOK,2027
LEG_1590,asset,2026-09-09T00:00:00Z,2026-09-09,SHI,CONDITIONAL_FORECAST,11,MANAGEMENT_FORECAST,PUBLIC_SYNTHETIC_PLANNING_MODEL,base,-8283.7333,ALLOCATED_LEGAL_MANAGEMENT_BOOK,2027
LEG_1600,asset,2026-09-09T00:00:00Z,2026-09-09,SHI,CONDITIONAL_FORECAST,11,MANAGEMENT_FORECAST,PUBLIC_SYNTHETIC_PLANNING_MODEL,base,30000000.0000,ALLOCATED_LEGAL_MANAGEMENT_BOOK,2027
LEG_2500,liability,2026-09-09T00:00:00Z,2026-09-09,SHI,CONDITIONAL_FORECAST,11,MANAGEMENT_FORECAST,PUBLIC_SYNTHETIC_PLANNING_MODEL,base,-34200000.0000,ALLOCATED_LEGAL_MANAGEMENT_BOOK,2027
LEG_2510,liability,2026-09-09T00:00:00Z,2026-09-09,SHI,CONDITIONAL_FORECAST,11,MANAGEMENT_FORECAST,PUBLIC_SYNTHETIC_PLANNING_MODEL,base,-2666.6668,ALLOCATED_LEGAL_MANAGEMENT_BOOK,2027
LEG_3000,equity,2026-09-09T00:00:00Z,2026-09-09,SHI,CONDITIONAL_FORECAST,11,MANAGEMENT_FORECAST,PUBLIC_SYNTHETIC_PLANNING_MODEL,base,-38800000.0000,ALLOCATED_LEGAL_MANAGEMENT_BOOK,2027
SHARED_AR,asset,2026-09-09T00:00:00Z,2026-09-09,SHI,CONDITIONAL_FORECAST,11,MANAGEMENT_FORECAST,PUBLIC_SYNTHETIC_PLANNING_MODEL,base,466666.6663,ALLOCATED_LEGAL_MANAGEMENT_BOOK,2027
SHARED_REV,revenue,2026-09-09T00:00:00Z,2026-09-09,SHI,CONDITIONAL_FORECAST,11,MANAGEMENT_FORECAST,PUBLIC_SYNTHETIC_PLANNING_MODEL,base,-916666.6663,ALLOCATED_LEGAL_MANAGEMENT_BOOK,2027
3000,equity,2026-09-09T00:00:00Z,2026-09-09,SHIH,CONDITIONAL_FORECAST,11,MANAGEMENT_FORECAST,PUBLIC_SYNTHETIC_PLANNING_MODEL,base,-118025772.0000,ALLOCATED_LEGAL_MANAGEMENT_BOOK,2027
3100,equity,2026-09-09T00:00:00Z,2026-09-09,SHIH,CONDITIONAL_FORECAST,11,MANAGEMENT_FORECAST,PUBLIC_SYNTHETIC_PLANNING_MODEL,base,900000.0000,ALLOCATED_LEGAL_MANAGEMENT_BOOK,2027
INV_ARU,asset,2026-09-09T00:00:00Z,2026-09-09,SHIH,CONDITIONAL_FORECAST,11,MANAGEMENT_FORECAST,PUBLIC_SYNTHETIC_PLANNING_MODEL,base,56004880.0000,ALLOCATED_LEGAL_MANAGEMENT_BOOK,2027
INV_PS,asset,2026-09-09T00:00:00Z,2026-09-09,SHIH,CONDITIONAL_FORECAST,11,MANAGEMENT_FORECAST,PUBLIC_SYNTHETIC_PLANNING_MODEL,base,61120892.0000,ALLOCATED_LEGAL_MANAGEMENT_BOOK,2027
1000,asset,2026-09-09T00:00:00Z,2026-09-09,ARU,CONDITIONAL_FORECAST,12,MANAGEMENT_FORECAST,PUBLIC_SYNTHETIC_PLANNING_MODEL,base,2707396.0000,ALLOCATED_LEGAL_MANAGEMENT_BOOK,2027
1100,asset,2026-09-09T00:00:00Z,2026-09-09,ARU,CONDITIONAL_FORECAST,12,MANAGEMENT_FORECAST,PUBLIC_SYNTHETIC_PLANNING_MODEL,base,3363622.0000,ALLOCATED_LEGAL_MANAGEMENT_BOOK,2027
1150,asset,2026-09-09T00:00:00Z,2026-09-09,ARU,CONDITIONAL_FORECAST,12,MANAGEMENT_FORECAST,PUBLIC_SYNTHETIC_PLANNING_MODEL,base,-14742.0000,ALLOCATED_LEGAL_MANAGEMENT_BOOK,2027
1180,intercompany,2026-09-09T00:00:00Z,2026-09-09,ARU,CONDITIONAL_FORECAST,12,MANAGEMENT_FORECAST,PUBLIC_SYNTHETIC_PLANNING_MODEL,base,11262556.0000,ALLOCATED_LEGAL_MANAGEMENT_BOOK,2027
1200,asset,2026-09-09T00:00:00Z,2026-09-09,ARU,CONDITIONAL_FORECAST,12,MANAGEMENT_FORECAST,PUBLIC_SYNTHETIC_PLANNING_MODEL,base,1214138.0000,ALLOCATED_LEGAL_MANAGEMENT_BOOK,2027
1300,asset,2026-09-09T00:00:00Z,2026-09-09,ARU,CONDITIONAL_FORECAST,12,MANAGEMENT_FORECAST,PUBLIC_SYNTHETIC_PLANNING_MODEL,base,504700.0000,ALLOCATED_LEGAL_MANAGEMENT_BOOK,2027
1400,asset,2026-09-09T00:00:00Z,2026-09-09,ARU,CONDITIONAL_FORECAST,12,MANAGEMENT_FORECAST,PUBLIC_SYNTHETIC_PLANNING_MODEL,base,29227050.0000,ALLOCATED_LEGAL_MANAGEMENT_BOOK,2027
1490,asset,2026-09-09T00:00:00Z,2026-09-09,ARU,CONDITIONAL_FORECAST,12,MANAGEMENT_FORECAST,PUBLIC_SYNTHETIC_PLANNING_MODEL,base,-2796193.0000,ALLOCATED_LEGAL_MANAGEMENT_BOOK,2027
1500,asset,2026-09-09T00:00:00Z,2026-09-09,ARU,CONDITIONAL_FORECAST,12,MANAGEMENT_FORECAST,PUBLIC_SYNTHETIC_PLANNING_MODEL,base,1000000.0000,ALLOCATED_LEGAL_MANAGEMENT_BOOK,2027
1590,asset,2026-09-09T00:00:00Z,2026-09-09,ARU,CONDITIONAL_FORECAST,12,MANAGEMENT_FORECAST,PUBLIC_SYNTHETIC_PLANNING_MODEL,base,-396713.0000,ALLOCATED_LEGAL_MANAGEMENT_BOOK,2027
1600,asset,2026-09-09T00:00:00Z,2026-09-09,ARU,CONDITIONAL_FORECAST,12,MANAGEMENT_FORECAST,PUBLIC_SYNTHETIC_PLANNING_MODEL,base,14762500.0000,ALLOCATED_LEGAL_MANAGEMENT_BOOK,2027
1700,liability,2026-09-09T00:00:00Z,2026-09-09,ARU,CONDITIONAL_FORECAST,12,MANAGEMENT_FORECAST,PUBLIC_SYNTHETIC_PLANNING_MODEL,base,180968.0000,ALLOCATED_LEGAL_MANAGEMENT_BOOK,2027
1800,asset,2026-09-09T00:00:00Z,2026-09-09,ARU,CONDITIONAL_FORECAST,12,MANAGEMENT_FORECAST,PUBLIC_SYNTHETIC_PLANNING_MODEL,base,137500.0000,ALLOCATED_LEGAL_MANAGEMENT_BOOK,2027
2000,liability,2026-09-09T00:00:00Z,2026-09-09,ARU,CONDITIONAL_FORECAST,12,MANAGEMENT_FORECAST,PUBLIC_SYNTHETIC_PLANNING_MODEL,base,-1009205.0000,ALLOCATED_LEGAL_MANAGEMENT_BOOK,2027
2200,liability,2026-09-09T00:00:00Z,2026-09-09,ARU,CONDITIONAL_FORECAST,12,MANAGEMENT_FORECAST,PUBLIC_SYNTHETIC_PLANNING_MODEL,base,-550000.0000,ALLOCATED_LEGAL_MANAGEMENT_BOOK,2027
2250,liability,2026-09-09T00:00:00Z,2026-09-09,ARU,CONDITIONAL_FORECAST,12,MANAGEMENT_FORECAST,PUBLIC_SYNTHETIC_PLANNING_MODEL,base,-433333.0000,ALLOCATED_LEGAL_MANAGEMENT_BOOK,2027
2400,liability,2026-09-09T00:00:00Z,2026-09-09,ARU,CONDITIONAL_FORECAST,12,MANAGEMENT_FORECAST,PUBLIC_SYNTHETIC_PLANNING_MODEL,base,-19875000.0000,ALLOCATED_LEGAL_MANAGEMENT_BOOK,2027
2600,liability,2026-09-09T00:00:00Z,2026-09-09,ARU,CONDITIONAL_FORECAST,12,MANAGEMENT_FORECAST,PUBLIC_SYNTHETIC_PLANNING_MODEL,base,-603288.0000,ALLOCATED_LEGAL_MANAGEMENT_BOOK,2027
3000,equity,2026-09-09T00:00:00Z,2026-09-09,ARU,CONDITIONAL_FORECAST,12,MANAGEMENT_FORECAST,PUBLIC_SYNTHETIC_PLANNING_MODEL,base,-56004880.0000,ALLOCATED_LEGAL_MANAGEMENT_BOOK,2027
3100,equity,2026-09-09T00:00:00Z,2026-09-09,ARU,CONDITIONAL_FORECAST,12,MANAGEMENT_FORECAST,PUBLIC_SYNTHETIC_PLANNING_MODEL,base,-3617621.0000,ALLOCATED_LEGAL_MANAGEMENT_BOOK,2027
4000,revenue,2026-09-09T00:00:00Z,2026-09-09,ARU,CONDITIONAL_FORECAST,12,MANAGEMENT_FORECAST,PUBLIC_SYNTHETIC_PLANNING_MODEL,base,-27984162.0000,ALLOCATED_LEGAL_MANAGEMENT_BOOK,2027
4100,revenue,2026-09-09T00:00:00Z,2026-09-09,ARU,CONDITIONAL_FORECAST,12,MANAGEMENT_FORECAST,PUBLIC_SYNTHETIC_PLANNING_MODEL,base,-324362.0000,ALLOCATED_LEGAL_MANAGEMENT_BOOK,2027
5000,expense,2026-09-09T00:00:00Z,2026-09-09,ARU,CONDITIONAL_FORECAST,12,MANAGEMENT_FORECAST,PUBLIC_SYNTHETIC_PLANNING_MODEL,base,7573020.0000,ALLOCATED_LEGAL_MANAGEMENT_BOOK,2027
5100,expense,2026-09-09T00:00:00Z,2026-09-09,ARU,CONDITIONAL_FORECAST,12,MANAGEMENT_FORECAST,PUBLIC_SYNTHETIC_PLANNING_MODEL,base,12699777.0000,ALLOCATED_LEGAL_MANAGEMENT_BOOK,2027
5200,expense,2026-09-09T00:00:00Z,2026-09-09,ARU,CONDITIONAL_FORECAST,12,MANAGEMENT_FORECAST,PUBLIC_SYNTHETIC_PLANNING_MODEL,base,246530.0000,ALLOCATED_LEGAL_MANAGEMENT_BOOK,2027
5300,expense,2026-09-09T00:00:00Z,2026-09-09,ARU,CONDITIONAL_FORECAST,12,MANAGEMENT_FORECAST,PUBLIC_SYNTHETIC_PLANNING_MODEL,base,1813352.0000,ALLOCATED_LEGAL_MANAGEMENT_BOOK,2027
5400,expense,2026-09-09T00:00:00Z,2026-09-09,ARU,CONDITIONAL_FORECAST,12,MANAGEMENT_FORECAST,PUBLIC_SYNTHETIC_PLANNING_MODEL,base,1425280.0000,ALLOCATED_LEGAL_MANAGEMENT_BOOK,2027
5500,expense,2026-09-09T00:00:00Z,2026-09-09,ARU,CONDITIONAL_FORECAST,12,MANAGEMENT_FORECAST,PUBLIC_SYNTHETIC_PLANNING_MODEL,base,957540.0000,ALLOCATED_LEGAL_MANAGEMENT_BOOK,2027
5501,expense,2026-09-09T00:00:00Z,2026-09-09,ARU,CONDITIONAL_FORECAST,12,MANAGEMENT_FORECAST,PUBLIC_SYNTHETIC_PLANNING_MODEL,base,216666.0000,ALLOCATED_LEGAL_MANAGEMENT_BOOK,2027
5700,expense,2026-09-09T00:00:00Z,2026-09-09,ARU,CONDITIONAL_FORECAST,12,MANAGEMENT_FORECAST,PUBLIC_SYNTHETIC_PLANNING_MODEL,base,6904.0000,ALLOCATED_LEGAL_MANAGEMENT_BOOK,2027
INV_BST,asset,2026-09-09T00:00:00Z,2026-09-09,ARU,CONDITIONAL_FORECAST,12,MANAGEMENT_FORECAST,PUBLIC_SYNTHETIC_PLANNING_MODEL,base,23710000.0000,ALLOCATED_LEGAL_MANAGEMENT_BOOK,2027
SHARED_EXP,expense,2026-09-09T00:00:00Z,2026-09-09,ARU,CONDITIONAL_FORECAST,12,MANAGEMENT_FORECAST,PUBLIC_SYNTHETIC_PLANNING_MODEL,base,600000.0000,ALLOCATED_LEGAL_MANAGEMENT_BOOK,2027
1000,asset,2026-09-09T00:00:00Z,2026-09-09,BST,CONDITIONAL_FORECAST,12,MANAGEMENT_FORECAST,PUBLIC_SYNTHETIC_PLANNING_MODEL,base,1417455.0000,ALLOCATED_LEGAL_MANAGEMENT_BOOK,2027
1100,asset,2026-09-09T00:00:00Z,2026-09-09,BST,CONDITIONAL_FORECAST,12,MANAGEMENT_FORECAST,PUBLIC_SYNTHETIC_PLANNING_MODEL,base,1975461.0000,ALLOCATED_LEGAL_MANAGEMENT_BOOK,2027
1150,asset,2026-09-09T00:00:00Z,2026-09-09,BST,CONDITIONAL_FORECAST,12,MANAGEMENT_FORECAST,PUBLIC_SYNTHETIC_PLANNING_MODEL,base,54767.0000,ALLOCATED_LEGAL_MANAGEMENT_BOOK,2027
1180,intercompany,2026-09-09T00:00:00Z,2026-09-09,BST,CONDITIONAL_FORECAST,12,MANAGEMENT_FORECAST,PUBLIC_SYNTHETIC_PLANNING_MODEL,base,-11262556.0000,ALLOCATED_LEGAL_MANAGEMENT_BOOK,2027
1200,asset,2026-09-09T00:00:00Z,2026-09-09,BST,CONDITIONAL_FORECAST,12,MANAGEMENT_FORECAST,PUBLIC_SYNTHETIC_PLANNING_MODEL,base,653767.0000,ALLOCATED_LEGAL_MANAGEMENT_BOOK,2027
1300,asset,2026-09-09T00:00:00Z,2026-09-09,BST,CONDITIONAL_FORECAST,12,MANAGEMENT_FORECAST,PUBLIC_SYNTHETIC_PLANNING_MODEL,base,216300.0000,ALLOCATED_LEGAL_MANAGEMENT_BOOK,2027
1400,asset,2026-09-09T00:00:00Z,2026-09-09,BST,CONDITIONAL_FORECAST,12,MANAGEMENT_FORECAST,PUBLIC_SYNTHETIC_PLANNING_MODEL,base,35721950.0000,ALLOCATED_LEGAL_MANAGEMENT_BOOK,2027
1490,asset,2026-09-09T00:00:00Z,2026-09-09,BST,CONDITIONAL_FORECAST,12,MANAGEMENT_FORECAST,PUBLIC_SYNTHETIC_PLANNING_MODEL,base,-3417570.0000,ALLOCATED_LEGAL_MANAGEMENT_BOOK,2027
1500,asset,2026-09-09T00:00:00Z,2026-09-09,BST,CONDITIONAL_FORECAST,12,MANAGEMENT_FORECAST,PUBLIC_SYNTHETIC_PLANNING_MODEL,base,1500000.0000,ALLOCATED_LEGAL_MANAGEMENT_BOOK,2027
1590,asset,2026-09-09T00:00:00Z,2026-09-09,BST,CONDITIONAL_FORECAST,12,MANAGEMENT_FORECAST,PUBLIC_SYNTHETIC_PLANNING_MODEL,base,-595070.0000,ALLOCATED_LEGAL_MANAGEMENT_BOOK,2027
1800,asset,2026-09-09T00:00:00Z,2026-09-09,BST,CONDITIONAL_FORECAST,12,MANAGEMENT_FORECAST,PUBLIC_SYNTHETIC_PLANNING_MODEL,base,450000.0000,ALLOCATED_LEGAL_MANAGEMENT_BOOK,2027
2000,liability,2026-09-09T00:00:00Z,2026-09-09,BST,CONDITIONAL_FORECAST,12,MANAGEMENT_FORECAST,PUBLIC_SYNTHETIC_PLANNING_MODEL,base,-672803.0000,ALLOCATED_LEGAL_MANAGEMENT_BOOK,2027
2200,liability,2026-09-09T00:00:00Z,2026-09-09,BST,CONDITIONAL_FORECAST,12,MANAGEMENT_FORECAST,PUBLIC_SYNTHETIC_PLANNING_MODEL,base,-1200000.0000,ALLOCATED_LEGAL_MANAGEMENT_BOOK,2027
2300,liability,2026-09-09T00:00:00Z,2026-09-09,BST,CONDITIONAL_FORECAST,12,MANAGEMENT_FORECAST,PUBLIC_SYNTHETIC_PLANNING_MODEL,base,-600000.0000,ALLOCATED_LEGAL_MANAGEMENT_BOOK,2027
2600,liability,2026-09-09T00:00:00Z,2026-09-09,BST,CONDITIONAL_FORECAST,12,MANAGEMENT_FORECAST,PUBLIC_SYNTHETIC_PLANNING_MODEL,base,-904931.0000,ALLOCATED_LEGAL_MANAGEMENT_BOOK,2027
3000,equity,2026-09-09T00:00:00Z,2026-09-09,BST,CONDITIONAL_FORECAST,12,MANAGEMENT_FORECAST,PUBLIC_SYNTHETIC_PLANNING_MODEL,base,-23710000.0000,ALLOCATED_LEGAL_MANAGEMENT_BOOK,2027
3100,equity,2026-09-09T00:00:00Z,2026-09-09,BST,CONDITIONAL_FORECAST,12,MANAGEMENT_FORECAST,PUBLIC_SYNTHETIC_PLANNING_MODEL,base,526394.0000,ALLOCATED_LEGAL_MANAGEMENT_BOOK,2027
4000,revenue,2026-09-09T00:00:00Z,2026-09-09,BST,CONDITIONAL_FORECAST,12,MANAGEMENT_FORECAST,PUBLIC_SYNTHETIC_PLANNING_MODEL,base,-16448778.0000,ALLOCATED_LEGAL_MANAGEMENT_BOOK,2027
4100,revenue,2026-09-09T00:00:00Z,2026-09-09,BST,CONDITIONAL_FORECAST,12,MANAGEMENT_FORECAST,PUBLIC_SYNTHETIC_PLANNING_MODEL,base,-164934.0000,ALLOCATED_LEGAL_MANAGEMENT_BOOK,2027
5000,expense,2026-09-09T00:00:00Z,2026-09-09,BST,CONDITIONAL_FORECAST,12,MANAGEMENT_FORECAST,PUBLIC_SYNTHETIC_PLANNING_MODEL,base,6193848.0000,ALLOCATED_LEGAL_MANAGEMENT_BOOK,2027
5100,expense,2026-09-09T00:00:00Z,2026-09-09,BST,CONDITIONAL_FORECAST,12,MANAGEMENT_FORECAST,PUBLIC_SYNTHETIC_PLANNING_MODEL,base,7840738.0000,ALLOCATED_LEGAL_MANAGEMENT_BOOK,2027
5200,expense,2026-09-09T00:00:00Z,2026-09-09,BST,CONDITIONAL_FORECAST,12,MANAGEMENT_FORECAST,PUBLIC_SYNTHETIC_PLANNING_MODEL,base,84390.0000,ALLOCATED_LEGAL_MANAGEMENT_BOOK,2027
5300,expense,2026-09-09T00:00:00Z,2026-09-09,BST,CONDITIONAL_FORECAST,12,MANAGEMENT_FORECAST,PUBLIC_SYNTHETIC_PLANNING_MODEL,base,2216320.0000,ALLOCATED_LEGAL_MANAGEMENT_BOOK,2027
5400,expense,2026-09-09T00:00:00Z,2026-09-09,BST,CONDITIONAL_FORECAST,12,MANAGEMENT_FORECAST,PUBLIC_SYNTHETIC_PLANNING_MODEL,base,123937.0000,ALLOCATED_LEGAL_MANAGEMENT_BOOK,2027
5700,expense,2026-09-09T00:00:00Z,2026-09-09,BST,CONDITIONAL_FORECAST,12,MANAGEMENT_FORECAST,PUBLIC_SYNTHETIC_PLANNING_MODEL,base,1315.0000,ALLOCATED_LEGAL_MANAGEMENT_BOOK,2027
1150,asset,2026-09-09T00:00:00Z,2026-09-09,ELIM,CONDITIONAL_FORECAST,12,MANAGEMENT_FORECAST,PUBLIC_SYNTHETIC_PLANNING_MODEL,base,-40025.0000,CONSOLIDATION_ELIMINATION_BOOK,2027
2150,liability,2026-09-09T00:00:00Z,2026-09-09,ELIM,CONDITIONAL_FORECAST,12,MANAGEMENT_FORECAST,PUBLIC_SYNTHETIC_PLANNING_MODEL,base,40025.0000,CONSOLIDATION_ELIMINATION_BOOK,2027
3000,equity,2026-09-09T00:00:00Z,2026-09-09,ELIM,CONDITIONAL_FORECAST,12,MANAGEMENT_FORECAST,PUBLIC_SYNTHETIC_PLANNING_MODEL,base,319982436.0000,CONSOLIDATION_ELIMINATION_BOOK,2027
4100,revenue,2026-09-09T00:00:00Z,2026-09-09,ELIM,CONDITIONAL_FORECAST,12,MANAGEMENT_FORECAST,PUBLIC_SYNTHETIC_PLANNING_MODEL,base,2034293.8571,CONSOLIDATION_ELIMINATION_BOOK,2027
5150,expense,2026-09-09T00:00:00Z,2026-09-09,ELIM,CONDITIONAL_FORECAST,12,MANAGEMENT_FORECAST,PUBLIC_SYNTHETIC_PLANNING_MODEL,base,-2034293.8571,CONSOLIDATION_ELIMINATION_BOOK,2027
INV_ARU,asset,2026-09-09T00:00:00Z,2026-09-09,ELIM,CONDITIONAL_FORECAST,12,MANAGEMENT_FORECAST,PUBLIC_SYNTHETIC_PLANNING_MODEL,base,-56004880.0000,CONSOLIDATION_ELIMINATION_BOOK,2027
INV_BST,asset,2026-09-09T00:00:00Z,2026-09-09,ELIM,CONDITIONAL_FORECAST,12,MANAGEMENT_FORECAST,PUBLIC_SYNTHETIC_PLANNING_MODEL,base,-23710000.0000,CONSOLIDATION_ELIMINATION_BOOK,2027
INV_PS,asset,2026-09-09T00:00:00Z,2026-09-09,ELIM,CONDITIONAL_FORECAST,12,MANAGEMENT_FORECAST,PUBLIC_SYNTHETIC_PLANNING_MODEL,base,-61120892.0000,CONSOLIDATION_ELIMINATION_BOOK,2027
INV_RWH,asset,2026-09-09T00:00:00Z,2026-09-09,ELIM,CONDITIONAL_FORECAST,12,MANAGEMENT_FORECAST,PUBLIC_SYNTHETIC_PLANNING_MODEL,base,-61120892.0000,CONSOLIDATION_ELIMINATION_BOOK,2027
INV_SHIH,asset,2026-09-09T00:00:00Z,2026-09-09,ELIM,CONDITIONAL_FORECAST,12,MANAGEMENT_FORECAST,PUBLIC_SYNTHETIC_PLANNING_MODEL,base,-118025772.0000,CONSOLIDATION_ELIMINATION_BOOK,2027
SHARED_AP,liability,2026-09-09T00:00:00Z,2026-09-09,ELIM,CONDITIONAL_FORECAST,12,MANAGEMENT_FORECAST,PUBLIC_SYNTHETIC_PLANNING_MODEL,base,399999.9996,CONSOLIDATION_ELIMINATION_BOOK,2027
SHARED_AR,asset,2026-09-09T00:00:00Z,2026-09-09,ELIM,CONDITIONAL_FORECAST,12,MANAGEMENT_FORECAST,PUBLIC_SYNTHETIC_PLANNING_MODEL,base,-399999.9996,CONSOLIDATION_ELIMINATION_BOOK,2027
SHARED_EXP,expense,2026-09-09T00:00:00Z,2026-09-09,ELIM,CONDITIONAL_FORECAST,12,MANAGEMENT_FORECAST,PUBLIC_SYNTHETIC_PLANNING_MODEL,base,-999999.9996,CONSOLIDATION_ELIMINATION_BOOK,2027
SHARED_REV,revenue,2026-09-09T00:00:00Z,2026-09-09,ELIM,CONDITIONAL_FORECAST,12,MANAGEMENT_FORECAST,PUBLIC_SYNTHETIC_PLANNING_MODEL,base,999999.9996,CONSOLIDATION_ELIMINATION_BOOK,2027
3000,equity,2026-09-09T00:00:00Z,2026-09-09,PS,CONDITIONAL_FORECAST,12,MANAGEMENT_FORECAST,PUBLIC_SYNTHETIC_PLANNING_MODEL,base,-61120892.0000,ALLOCATED_LEGAL_MANAGEMENT_BOOK,2027
4100,revenue,2026-09-09T00:00:00Z,2026-09-09,PS,CONDITIONAL_FORECAST,12,MANAGEMENT_FORECAST,PUBLIC_SYNTHETIC_PLANNING_MODEL,base,-1544997.8571,ALLOCATED_LEGAL_MANAGEMENT_BOOK,2027
5100,expense,2026-09-09T00:00:00Z,2026-09-09,PS,CONDITIONAL_FORECAST,12,MANAGEMENT_FORECAST,PUBLIC_SYNTHETIC_PLANNING_MODEL,base,1544997.8571,ALLOCATED_LEGAL_MANAGEMENT_BOOK,2027
INV_RWH,asset,2026-09-09T00:00:00Z,2026-09-09,PS,CONDITIONAL_FORECAST,12,MANAGEMENT_FORECAST,PUBLIC_SYNTHETIC_PLANNING_MODEL,base,61120892.0000,ALLOCATED_LEGAL_MANAGEMENT_BOOK,2027
SHARED_AP,liability,2026-09-09T00:00:00Z,2026-09-09,PS,CONDITIONAL_FORECAST,12,MANAGEMENT_FORECAST,PUBLIC_SYNTHETIC_PLANNING_MODEL,base,-399999.9996,ALLOCATED_LEGAL_MANAGEMENT_BOOK,2027
SHARED_EXP,expense,2026-09-09T00:00:00Z,2026-09-09,PS,CONDITIONAL_FORECAST,12,MANAGEMENT_FORECAST,PUBLIC_SYNTHETIC_PLANNING_MODEL,base,399999.9996,ALLOCATED_LEGAL_MANAGEMENT_BOOK,2027
1000,asset,2026-09-09T00:00:00Z,2026-09-09,RWH,CONDITIONAL_FORECAST,12,MANAGEMENT_FORECAST,PUBLIC_SYNTHETIC_PLANNING_MODEL,base,2314804.0000,ALLOCATED_LEGAL_MANAGEMENT_BOOK,2027
1100,asset,2026-09-09T00:00:00Z,2026-09-09,RWH,CONDITIONAL_FORECAST,12,MANAGEMENT_FORECAST,PUBLIC_SYNTHETIC_PLANNING_MODEL,base,5089575.0000,ALLOCATED_LEGAL_MANAGEMENT_BOOK,2027
1200,asset,2026-09-09T00:00:00Z,2026-09-09,RWH,CONDITIONAL_FORECAST,12,MANAGEMENT_FORECAST,PUBLIC_SYNTHETIC_PLANNING_MODEL,base,8579002.0000,ALLOCATED_LEGAL_MANAGEMENT_BOOK,2027
1210,asset,2026-09-09T00:00:00Z,2026-09-09,RWH,CONDITIONAL_FORECAST,12,MANAGEMENT_FORECAST,PUBLIC_SYNTHETIC_PLANNING_MODEL,base,1122571.0000,ALLOCATED_LEGAL_MANAGEMENT_BOOK,2027
1300,asset,2026-09-09T00:00:00Z,2026-09-09,RWH,CONDITIONAL_FORECAST,12,MANAGEMENT_FORECAST,PUBLIC_SYNTHETIC_PLANNING_MODEL,base,500000.0000,ALLOCATED_LEGAL_MANAGEMENT_BOOK,2027
1400,asset,2026-09-09T00:00:00Z,2026-09-09,RWH,CONDITIONAL_FORECAST,12,MANAGEMENT_FORECAST,PUBLIC_SYNTHETIC_PLANNING_MODEL,base,69369996.0000,ALLOCATED_LEGAL_MANAGEMENT_BOOK,2027
1490,asset,2026-09-09T00:00:00Z,2026-09-09,RWH,CONDITIONAL_FORECAST,12,MANAGEMENT_FORECAST,PUBLIC_SYNTHETIC_PLANNING_MODEL,base,-7506900.0000,ALLOCATED_LEGAL_MANAGEMENT_BOOK,2027
2150,liability,2026-09-09T00:00:00Z,2026-09-09,RWH,CONDITIONAL_FORECAST,12,MANAGEMENT_FORECAST,PUBLIC_SYNTHETIC_PLANNING_MODEL,base,-40025.0000,ALLOCATED_LEGAL_MANAGEMENT_BOOK,2027
2200,liability,2026-09-09T00:00:00Z,2026-09-09,RWH,CONDITIONAL_FORECAST,12,MANAGEMENT_FORECAST,PUBLIC_SYNTHETIC_PLANNING_MODEL,base,-18142533.0000,ALLOCATED_LEGAL_MANAGEMENT_BOOK,2027
2300,liability,2026-09-09T00:00:00Z,2026-09-09,RWH,CONDITIONAL_FORECAST,12,MANAGEMENT_FORECAST,PUBLIC_SYNTHETIC_PLANNING_MODEL,base,-2500000.0000,ALLOCATED_LEGAL_MANAGEMENT_BOOK,2027
3000,equity,2026-09-09T00:00:00Z,2026-09-09,RWH,CONDITIONAL_FORECAST,12,MANAGEMENT_FORECAST,PUBLIC_SYNTHETIC_PLANNING_MODEL,base,-61120892.0000,ALLOCATED_LEGAL_MANAGEMENT_BOOK,2027
3100,equity,2026-09-09T00:00:00Z,2026-09-09,RWH,CONDITIONAL_FORECAST,12,MANAGEMENT_FORECAST,PUBLIC_SYNTHETIC_PLANNING_MODEL,base,2869375.0000,ALLOCATED_LEGAL_MANAGEMENT_BOOK,2027
4000,revenue,2026-09-09T00:00:00Z,2026-09-09,RWH,CONDITIONAL_FORECAST,12,MANAGEMENT_FORECAST,PUBLIC_SYNTHETIC_PLANNING_MODEL,base,-42413130.0000,ALLOCATED_LEGAL_MANAGEMENT_BOOK,2027
5100,expense,2026-09-09T00:00:00Z,2026-09-09,RWH,CONDITIONAL_FORECAST,12,MANAGEMENT_FORECAST,PUBLIC_SYNTHETIC_PLANNING_MODEL,base,34473927.1429,ALLOCATED_LEGAL_MANAGEMENT_BOOK,2027
5150,expense,2026-09-09T00:00:00Z,2026-09-09,RWH,CONDITIONAL_FORECAST,12,MANAGEMENT_FORECAST,PUBLIC_SYNTHETIC_PLANNING_MODEL,base,2034293.8571,ALLOCATED_LEGAL_MANAGEMENT_BOOK,2027
5200,expense,2026-09-09T00:00:00Z,2026-09-09,RWH,CONDITIONAL_FORECAST,12,MANAGEMENT_FORECAST,PUBLIC_SYNTHETIC_PLANNING_MODEL,base,252449.0000,ALLOCATED_LEGAL_MANAGEMENT_BOOK,2027
5300,expense,2026-09-09T00:00:00Z,2026-09-09,RWH,CONDITIONAL_FORECAST,12,MANAGEMENT_FORECAST,PUBLIC_SYNTHETIC_PLANNING_MODEL,base,3876733.0000,ALLOCATED_LEGAL_MANAGEMENT_BOOK,2027
5500,expense,2026-09-09T00:00:00Z,2026-09-09,RWH,CONDITIONAL_FORECAST,12,MANAGEMENT_FORECAST,PUBLIC_SYNTHETIC_PLANNING_MODEL,base,117433.0000,ALLOCATED_LEGAL_MANAGEMENT_BOOK,2027
5600,expense,2026-09-09T00:00:00Z,2026-09-09,RWH,CONDITIONAL_FORECAST,12,MANAGEMENT_FORECAST,PUBLIC_SYNTHETIC_PLANNING_MODEL,base,1123321.0000,ALLOCATED_LEGAL_MANAGEMENT_BOOK,2027
1000,asset,2026-09-09T00:00:00Z,2026-09-09,SHI,CONDITIONAL_FORECAST,12,MANAGEMENT_FORECAST,PUBLIC_SYNTHETIC_PLANNING_MODEL,base,4478116.7034,ALLOCATED_LEGAL_MANAGEMENT_BOOK,2027
3000,equity,2026-09-09T00:00:00Z,2026-09-09,SHI,CONDITIONAL_FORECAST,12,MANAGEMENT_FORECAST,PUBLIC_SYNTHETIC_PLANNING_MODEL,base,-130159887.2574,ALLOCATED_LEGAL_MANAGEMENT_BOOK,2027
3100,equity,2026-09-09T00:00:00Z,2026-09-09,SHI,CONDITIONAL_FORECAST,12,MANAGEMENT_FORECAST,PUBLIC_SYNTHETIC_PLANNING_MODEL,base,37702666.6668,ALLOCATED_LEGAL_MANAGEMENT_BOOK,2027
BIZ_ACCUM,asset,2026-09-09T00:00:00Z,2026-09-09,SHI,CONDITIONAL_FORECAST,12,MANAGEMENT_FORECAST,PUBLIC_SYNTHETIC_PLANNING_MODEL,base,-234547.6183,ALLOCATED_LEGAL_MANAGEMENT_BOOK,2027
BIZ_ALLOWANCE,asset,2026-09-09T00:00:00Z,2026-09-09,SHI,CONDITIONAL_FORECAST,12,MANAGEMENT_FORECAST,PUBLIC_SYNTHETIC_PLANNING_MODEL,base,-54069.1840,ALLOCATED_LEGAL_MANAGEMENT_BOOK,2027
BIZ_AP,liability,2026-09-09T00:00:00Z,2026-09-09,SHI,CONDITIONAL_FORECAST,12,MANAGEMENT_FORECAST,PUBLIC_SYNTHETIC_PLANNING_MODEL,base,-297674.8000,ALLOCATED_LEGAL_MANAGEMENT_BOOK,2027
BIZ_AR,asset,2026-09-09T00:00:00Z,2026-09-09,SHI,CONDITIONAL_FORECAST,12,MANAGEMENT_FORECAST,PUBLIC_SYNTHETIC_PLANNING_MODEL,base,2703459.2000,ALLOCATED_LEGAL_MANAGEMENT_BOOK,2027
BIZ_COGS,expense,2026-09-09T00:00:00Z,2026-09-09,SHI,CONDITIONAL_FORECAST,12,MANAGEMENT_FORECAST,PUBLIC_SYNTHETIC_PLANNING_MODEL,base,401772.2232,ALLOCATED_LEGAL_MANAGEMENT_BOOK,2027
BIZ_CREDIT_LOSS,expense,2026-09-09T00:00:00Z,2026-09-09,SHI,CONDITIONAL_FORECAST,12,MANAGEMENT_FORECAST,PUBLIC_SYNTHETIC_PLANNING_MODEL,base,1025569.1840,ALLOCATED_LEGAL_MANAGEMENT_BOOK,2027
BIZ_DDA,expense,2026-09-09T00:00:00Z,2026-09-09,SHI,CONDITIONAL_FORECAST,12,MANAGEMENT_FORECAST,PUBLIC_SYNTHETIC_PLANNING_MODEL,base,234547.6183,ALLOCATED_LEGAL_MANAGEMENT_BOOK,2027
BIZ_DEFERRED,liability,2026-09-09T00:00:00Z,2026-09-09,SHI,CONDITIONAL_FORECAST,12,MANAGEMENT_FORECAST,PUBLIC_SYNTHETIC_PLANNING_MODEL,base,-8655600.0000,ALLOCATED_LEGAL_MANAGEMENT_BOOK,2027
BIZ_DELIVERY,expense,2026-09-09T00:00:00Z,2026-09-09,SHI,CONDITIONAL_FORECAST,12,MANAGEMENT_FORECAST,PUBLIC_SYNTHETIC_PLANNING_MODEL,base,1613758.0000,ALLOCATED_LEGAL_MANAGEMENT_BOOK,2027
BIZ_HOST_AP,liability,2026-09-09T00:00:00Z,2026-09-09,SHI,CONDITIONAL_FORECAST,12,MANAGEMENT_FORECAST,PUBLIC_SYNTHETIC_PLANNING_MODEL,base,-39904.1280,ALLOCATED_LEGAL_MANAGEMENT_BOOK,2027
BIZ_HOST_SHARE,expense,2026-09-09T00:00:00Z,2026-09-09,SHI,CONDITIONAL_FORECAST,12,MANAGEMENT_FORECAST,PUBLIC_SYNTHETIC_PLANNING_MODEL,base,199520.6400,ALLOCATED_LEGAL_MANAGEMENT_BOOK,2027
BIZ_INVENTORY,asset,2026-09-09T00:00:00Z,2026-09-09,SHI,CONDITIONAL_FORECAST,12,MANAGEMENT_FORECAST,PUBLIC_SYNTHETIC_PLANNING_MODEL,base,41566.1112,ALLOCATED_LEGAL_MANAGEMENT_BOOK,2027
BIZ_INVENTORY_LOSS,expense,2026-09-09T00:00:00Z,2026-09-09,SHI,CONDITIONAL_FORECAST,12,MANAGEMENT_FORECAST,PUBLIC_SYNTHETIC_PLANNING_MODEL,base,39830.0001,ALLOCATED_LEGAL_MANAGEMENT_BOOK,2027
BIZ_PAYROLL,expense,2026-09-09T00:00:00Z,2026-09-09,SHI,CONDITIONAL_FORECAST,12,MANAGEMENT_FORECAST,PUBLIC_SYNTHETIC_PLANNING_MODEL,base,74111458.2208,ALLOCATED_LEGAL_MANAGEMENT_BOOK,2027
BIZ_PPE,asset,2026-09-09T00:00:00Z,2026-09-09,SHI,CONDITIONAL_FORECAST,12,MANAGEMENT_FORECAST,PUBLIC_SYNTHETIC_PLANNING_MODEL,base,1600000.0000,ALLOCATED_LEGAL_MANAGEMENT_BOOK,2027
BIZ_PROCESSING,expense,2026-09-09T00:00:00Z,2026-09-09,SHI,CONDITIONAL_FORECAST,12,MANAGEMENT_FORECAST,PUBLIC_SYNTHETIC_PLANNING_MODEL,base,208125.0000,ALLOCATED_LEGAL_MANAGEMENT_BOOK,2027
BIZ_RESEARCH,expense,2026-09-09T00:00:00Z,2026-09-09,SHI,CONDITIONAL_FORECAST,12,MANAGEMENT_FORECAST,PUBLIC_SYNTHETIC_PLANNING_MODEL,base,495582.5000,ALLOCATED_LEGAL_MANAGEMENT_BOOK,2027
BIZ_REVENUE,revenue,2026-09-09T00:00:00Z,2026-09-09,SHI,CONDITIONAL_FORECAST,12,MANAGEMENT_FORECAST,PUBLIC_SYNTHETIC_PLANNING_MODEL,base,-73041259.6800,ALLOCATED_LEGAL_MANAGEMENT_BOOK,2027
BIZ_SUPPORT,expense,2026-09-09T00:00:00Z,2026-09-09,SHI,CONDITIONAL_FORECAST,12,MANAGEMENT_FORECAST,PUBLIC_SYNTHETIC_PLANNING_MODEL,base,1356375.0000,ALLOCATED_LEGAL_MANAGEMENT_BOOK,2027
CORE_ACCUM,asset,2026-09-09T00:00:00Z,2026-09-09,SHI,CONDITIONAL_FORECAST,12,MANAGEMENT_FORECAST,PUBLIC_SYNTHETIC_PLANNING_MODEL,base,-1355534.3244,ALLOCATED_LEGAL_MANAGEMENT_BOOK,2027
CORE_DDA,expense,2026-09-09T00:00:00Z,2026-09-09,SHI,CONDITIONAL_FORECAST,12,MANAGEMENT_FORECAST,PUBLIC_SYNTHETIC_PLANNING_MODEL,base,1355534.3244,ALLOCATED_LEGAL_MANAGEMENT_BOOK,2027
CORE_INTEREST,expense,2026-09-09T00:00:00Z,2026-09-09,SHI,CONDITIONAL_FORECAST,12,MANAGEMENT_FORECAST,PUBLIC_SYNTHETIC_PLANNING_MODEL,base,2258750.0000,ALLOCATED_LEGAL_MANAGEMENT_BOOK,2027
INV_SHIH,asset,2026-09-09T00:00:00Z,2026-09-09,SHI,CONDITIONAL_FORECAST,12,MANAGEMENT_FORECAST,PUBLIC_SYNTHETIC_PLANNING_MODEL,base,118025772.0000,ALLOCATED_LEGAL_MANAGEMENT_BOOK,2027
LEG_1500,asset,2026-09-09T00:00:00Z,2026-09-09,SHI,CONDITIONAL_FORECAST,12,MANAGEMENT_FORECAST,PUBLIC_SYNTHETIC_PLANNING_MODEL,base,9497024.0000,ALLOCATED_LEGAL_MANAGEMENT_BOOK,2027
LEG_1590,asset,2026-09-09T00:00:00Z,2026-09-09,SHI,CONDITIONAL_FORECAST,12,MANAGEMENT_FORECAST,PUBLIC_SYNTHETIC_PLANNING_MODEL,base,-8283.7333,ALLOCATED_LEGAL_MANAGEMENT_BOOK,2027
LEG_1600,asset,2026-09-09T00:00:00Z,2026-09-09,SHI,CONDITIONAL_FORECAST,12,MANAGEMENT_FORECAST,PUBLIC_SYNTHETIC_PLANNING_MODEL,base,30000000.0000,ALLOCATED_LEGAL_MANAGEMENT_BOOK,2027
LEG_2500,liability,2026-09-09T00:00:00Z,2026-09-09,SHI,CONDITIONAL_FORECAST,12,MANAGEMENT_FORECAST,PUBLIC_SYNTHETIC_PLANNING_MODEL,base,-34100000.0000,ALLOCATED_LEGAL_MANAGEMENT_BOOK,2027
LEG_2510,liability,2026-09-09T00:00:00Z,2026-09-09,SHI,CONDITIONAL_FORECAST,12,MANAGEMENT_FORECAST,PUBLIC_SYNTHETIC_PLANNING_MODEL,base,-2666.6668,ALLOCATED_LEGAL_MANAGEMENT_BOOK,2027
LEG_3000,equity,2026-09-09T00:00:00Z,2026-09-09,SHI,CONDITIONAL_FORECAST,12,MANAGEMENT_FORECAST,PUBLIC_SYNTHETIC_PLANNING_MODEL,base,-38800000.0000,ALLOCATED_LEGAL_MANAGEMENT_BOOK,2027
SHARED_AR,asset,2026-09-09T00:00:00Z,2026-09-09,SHI,CONDITIONAL_FORECAST,12,MANAGEMENT_FORECAST,PUBLIC_SYNTHETIC_PLANNING_MODEL,base,399999.9996,ALLOCATED_LEGAL_MANAGEMENT_BOOK,2027
SHARED_REV,revenue,2026-09-09T00:00:00Z,2026-09-09,SHI,CONDITIONAL_FORECAST,12,MANAGEMENT_FORECAST,PUBLIC_SYNTHETIC_PLANNING_MODEL,base,-999999.9996,ALLOCATED_LEGAL_MANAGEMENT_BOOK,2027
3000,equity,2026-09-09T00:00:00Z,2026-09-09,SHIH,CONDITIONAL_FORECAST,12,MANAGEMENT_FORECAST,PUBLIC_SYNTHETIC_PLANNING_MODEL,base,-118025772.0000,ALLOCATED_LEGAL_MANAGEMENT_BOOK,2027
3100,equity,2026-09-09T00:00:00Z,2026-09-09,SHIH,CONDITIONAL_FORECAST,12,MANAGEMENT_FORECAST,PUBLIC_SYNTHETIC_PLANNING_MODEL,base,900000.0000,ALLOCATED_LEGAL_MANAGEMENT_BOOK,2027
INV_ARU,asset,2026-09-09T00:00:00Z,2026-09-09,SHIH,CONDITIONAL_FORECAST,12,MANAGEMENT_FORECAST,PUBLIC_SYNTHETIC_PLANNING_MODEL,base,56004880.0000,ALLOCATED_LEGAL_MANAGEMENT_BOOK,2027
INV_PS,asset,2026-09-09T00:00:00Z,2026-09-09,SHIH,CONDITIONAL_FORECAST,12,MANAGEMENT_FORECAST,PUBLIC_SYNTHETIC_PLANNING_MODEL,base,61120892.0000,ALLOCATED_LEGAL_MANAGEMENT_BOOK,2027
