object_id,canonical_name,object_type,entity_id,place,granularity,census_status,canon_status,fictionality,source_id,source_path,source_commit,source_locator,exact_source_wording,relevant_date,date_precision,conflict_id,next_action,notes,decision_id
SH-SITE-0001,Sacramento headquarters campus,CAMPUS,SH-ENT-001,"Sacramento, California",CITY_OR_DISTRICT,CONSTRAINED,CANON_CONSTRAINED,FICTIONAL_IN_REAL_GEOGRAPHY,SRC-1412A4959F32,docs/canon/DECISION_REGISTER_ADDENDUM_2026-09-03.md,8d20e51a7cf0068729e3296840ccb5ba1ac1d7bd,line:36,"| HQ-001 | Headquarters location | LOCKED | Sable Harbor headquarters is in Sacramento, California. |",,UNKNOWN,,Retain source constraint; exact footprint and valid dates require supported implementation.,"City locked; Railyards/River District seam is the handover constraint. 8–15 acres is a design range, not a legal parcel.",GEO-D001
SH-SITE-0002,Klein historical Pittsburgh-area shop,HISTORICAL_LAB,SH-ENT-003,"Pittsburgh area, Pennsylvania",CITY_OR_DISTRICT,CONFLICTING,CONFLICTING,FICTIONAL_IN_REAL_GEOGRAPHY,SRC-CURRENT-CURRENT-LORE,docs/canon/SABLE_HARBOR_CORPORATE_LORE_CANON_v0.3.1.md,d91a22c35c91b213204411421de88815f27d8e16,line:579,"Klein leases a light-industrial building outside Pittsburgh with three-phase power, a loading dock, machine tools, improvised test fixtures, and enough space to bring physical equipment indoors.",2020–2022,YEAR_OR_RANGE,GEO-C002,Resolve only historical shop versus Hazelwood occupancy linkage.,Historical shop outside Pittsburgh; no in-world Evalon-to-Klein rename and no assumed same-site history with the Fort.,GEO-D017
SH-SITE-0003,The Fort — Willow industrial compound,LABORATORY,SH-ENT-002,"Pittsburgh area, Pennsylvania; Hazelwood study district retained",CITY_OR_DISTRICT,CONSTRAINED,CANON_CONSTRAINED,FICTIONAL_IN_REAL_GEOGRAPHY,SRC-CURRENT-FORT,docs/canon/WILLOW_KLEIN_CLOSEOUT_2026-09-06.md,d91a22c35c91b213204411421de88815f27d8e16,line:75,Willow's Pittsburgh-area physical center is a roughly **10–20 acre** industrial compound informally and then routinely called **the Fort**.,2022–2026,YEAR_OR_RANGE,,Site engineering and occupancy history; preserve GEO-C002 without reopening Fort concept.,"10–20 acres; Big Shed research, Small Shed administration/temporary lodging, White Shed intake/storage, Museum working yard. Exact parcel and historical occupancy remain unlocated.",GEO-D017
SH-SITE-0004,Emberline Charleston program geography,FIELD_PROGRAM,SH-ENT-004,"Charleston, West Virginia",CITY_OR_DISTRICT,HISTORICAL,HISTORICAL,FICTIONAL_IN_REAL_GEOGRAPHY,SRC-A6FFA504C779,docs/canon/DECISION_REGISTER.md,8d20e51a7cf0068729e3296840ccb5ba1ac1d7bd,line:88,"| EMB-001 | Project Emberline | LOCKED supersession | 2022–2025 Charleston coal field/commercial venture, not standalone 2026 division |",2022–2025,YEAR_OR_RANGE,,Retain source constraint; exact footprint and valid dates require supported implementation.,Program 2022–2025; physical closure date and exact office not established. Do not depict a standalone 2026 Emberline division.,GEO-D007
SH-SITE-0005,Bedford — Cradle recovery-development center,RECOVERY_DEVELOPMENT,SH-ENT-005,"Fairmont area, north-central West Virginia",CITY_OR_DISTRICT,CONSTRAINED,CANON_CONSTRAINED,FICTIONAL_IN_REAL_GEOGRAPHY,SRC-CURRENT-CRADLE,docs/canon/CRADLE_CLOSEOUT_2026-09-06.md,d91a22c35c91b213204411421de88815f27d8e16,line:136,Bedford is located in the **Fairmont area of north-central West Virginia** on a fictional redeveloped industrial brownfield. The working site scale is approximately **15–20 acres**.,,UNKNOWN,,"Implement parcel, access, utilities and brownfield screen; regional business canon is closed.","15–20 acre fictional brownfield; separate from Demotte host treatment site. Belle/Kanawha is superseded editorial siting, not an in-world relocation.",GEO-D016
SH-SITE-0006,Red Wash Mine,UNDERGROUND_URANIUM_MINE,SH-ENT-007,"Great Divide Basin / Red Desert, Sweetwater County, Wyoming; anchor 42.22,-108.18",USER_CONTROL_COORDINATE,LOCKED,CANON_SITED,FICTIONAL_IN_REAL_GEOGRAPHY,SRC-ADDENDUM-20260905,geospatial/sources/GOVERNING_CANON_ADDENDUM_2026-09-05.md,,section:2.1-2.3,"Latitude: 42.22
    Longitude: -108.18",2025-07-18,DAY,,"Engineer full site polygon, access and rail relationship from approved anchor.",User-approved fictional map anchor; Carbon image geography superseded. No survey or real mine claim.,GEO-D010
SH-SITE-0007,Taylor — BS&T industrial town and operating hub,RAIL_SETTLEMENT,SH-ENT-009,"42.12 N, 108.10 W; Sweetwater County, Wyoming",CITY_OR_DISTRICT,LOCKED_DERIVED_IMPLEMENTATION,ENGINEERED,FICTIONAL_IN_REAL_GEOGRAPHY,SRC-CURRENT-OPS,industrial/source/operations.json,d91a22c35c91b213204411421de88815f27d8e16,/geography,"{""branch_route_miles"": 6.651523236388773, ""branches"": [{""end"": [-108.01259365641332, 41.90370776148441], ""id"": ""BST-EAST"", ""junction"": [-108.06913082528824, 41.86427758524971], ""miles"": 3.999999999999637}, {""end"": [-108.07098660485325, 42.03495699312325], ""id"": ""BST-MINERAL"", ""junction"": [-108.11616017126433, 42.017007957526936], ""miles"": 2.651523236389135}], ""county"": ""Sweetwater County"", ""county_geoid"": ""56037"", ""geojson_crs"": ""EPSG:4326; longitude then latitude"", ""historical_route_epochs"": [{""effective_date"": ""1898-04-06"", ""epoch"": ""1898"", ""event"": ""Coal-origin predecessor organized"", ""extent_state"": ""UNKNOWN_EARLY_ALIGNMENT"", ""history_id"": ""HIST-1898"", ""note"": ""The 1954 surviving-mileage estimate is not backdated into a measured 1898 network."", ""route_miles"": null}, {""effective_date"": ""1954-07-01"", ""epoch"": ""1954"", ""event"": ""Rescue and BS&T reorganization"", ""extent_state"": ""RECONSTRUCTED_RANGE_UNLOCATED"", ""history_id"": ""HIST-1954"", ""note"": ""14–16 surviving route-miles. Diagram placement is conceptual; no georeferenced historical survey or claim of an unchanged modern alignment."", ""route_miles"": null, ""surviving_route_miles_high"": 16, ""surviving_route_miles_low"": 14}, {""effective_date"": ""1968-10-14"", ""epoch"": ""1968"", ""event"": ""Taylor mainline extension and relocated industrial hub complete"", ""extent_state"": ""DERIVED_CASE_ENGINEERING_HISTORY"", ""gross_new_construction_miles"": null, ""history_id"": ""HIST-1968"", ""net_route_growth_from_1954_high"": 19.34847676361104, ""net_route_growth_from_1954_low"": 17.34847676361104, ""note"": ""Net route growth is bounded arithmetically. Gross construction and relocated old-line mileage remain unknown."", ""route_miles"": 33.34847676361104}, {""added_route_miles"": 4, ""effective_date"": ""1972-05-08"", ""epoch"": ""1972"", ""event"": ""East Materials branch added"", ""extent_state"": ""DERIVED_CASE_ENGINEERING_HISTORY"", ""history_id"": ""HIST-1972"", ""route_miles"": 37.34847676361104}, {""added_route_miles"": 2.651523236388961, ""effective_date"": ""1986-09-19"", ""epoch"": ""1986"", ""event"": ""Mineral Transfer branch added"", ""extent_state"": ""DERIVED_CASE_ENGINEERING_HISTORY"", ""history_id"": ""HIST-1986"", ""route_miles"": 40}, {""effective_date"": ""1991-01-02"", ""epoch"": ""1991"", ""event"": ""ARU becomes railway parent; route extent unchanged"", ""extent_state"": ""DERIVED_CASE_ENGINEERING_HISTORY"", ""history_id"": ""HIST-1991"", ""route_miles"": 40}, {""effective_date"": ""2026-09-05"", ""epoch"": ""2026"", ""event"": ""Current operating network"", ""extent_state"": ""CURRENT_SYNTHETIC_ENGINEERED_ALIGNMENT"", ""history_id"": null, ""note"": ""No Red Wash mine rail spur; parallel yard tracks excluded from route mileage."", ""route_miles"": 40}], ""last_mile_road_miles"": 9, ""mainline_route_miles"": 33.34847676361104, ""map_crs"": ""Local equirectangular metric frame, origin42N/-108.1E; mean Earth6371008.8m; screening map only"", ""network_geodesic_route_miles"": 39.99999999999981, ""red_wash_dem_screening_elevation_m"": 2098.42431640625, ""red_wash_lon_lat"": [-108.18, 42.22], ""red_wash_nad83_utm12_m"": [732748.7819909531, 4678053.6106418725], ""road_state"": ""SYNTHETIC existing industrial access, upgraded2026. Geometry is an engineered case assumption, not a verified public-road route or ROW."", ""route_miles_definition"": ""Unique centerline route miles. Parallel yard, shop and passing tracks excluded."", ""route_miles_target"": 40, ""selected_branch_bearings_degrees"": {""BST-EAST"": 45, ""BST-MINERAL"": 60}, ""selected_candidate"": ""TAYLOR-A"", ""selection_reason"": ""33.34848mi inherited screened mainline leaves6.65152mi for external customer branches. B37.06154/C38.81328mi leave too little independent branch estate. No candidate mine rail connector adopted."", ""source_file_sha256"": {""geography/candidate_comparison.json"": ""bf57f866ca9289227f23c17cc01733c942cbcdf1d3025999f5bb853a4101e982"", ""geography/dem_manifest.json"": ""3a6da11c438f93bdfc4050b31e3b3d008f752b78e02d10039a3f821fbd095c4b"", ""geography/derived_ground_profiles.json"": ""b1aad8b21f726c4012cb89a7e955dd3d621c0c6d32176fc990d0d1697ca7fbcf"", ""geography/network.geojson"": ""bd6ea938ec59f50c79ee0a23fb5aa2817dcb1bb98fce8a951a073d0152a406f5"", ""geography/reference_manifest.json"": ""f4ad599b41d8f0e3301408990fa3ccc7f626425a1f625db34263388e71f33783"", ""geography/selected_mainline.geojson"": ""31e41659650ea9117fdd2623ed0b9f2fcd024a7f29b9fb44591548f78251afc4"", ""geography/spatial_screen.json"": ""72ae6cd29e1d7ae131b96e9660a6e388fa4d2255907621e428b6df38d75de461"", ""geography/wamsutter_fra_rail.geojson"": ""d24d20bdae879bff9cbbbb2ca968e52697b42913aba7614e9dca7038542c9b42"", ""geography/wamsutter_highways.geojson"": ""81fe705260fefe9d195d4a1c8f362930af6aad7b6bf40064c9017795b838e24f"", ""geography/wyoming_counties.geojson"": ""77b08fefe008358324d49b9ef769257ad1aa5cb3f91f72ff15b8a37313a6e5ab"", ""geography/wyoming_dem_service.json"": ""a300a739a6e47627d1cd6921fca368004d88a8ac62d6d32c64571c669e4349bb"", ""geography/wyoming_local_roads.geojson"": ""7e3345de206ce8dd2610ad4469175b239ea72f0126dff0c89ada3c5b8b058c75"", ""geography/wyoming_screening_dem.tif"": ""0ea3719bb01c73e6e4ccaf1c21defa609a945ae7342ce58409479f574ba19b96"", ""geography/wyoming_waterbodies.geojson"": ""82c333660ce69714452e999c9ef871adb5bbcf328776cc81ce2dd003482a046f""}, ""taylor_lon_lat"": [-108.1, 42.12], ""wamsutter_junction_lon_lat"": [-107.96562715205644, 41.6744965783547]}",,UNKNOWN,,Reconcile with accepted industrial model; precise surveying/land rights remain separate.,Current case source replaces old unresolved/proposed scope. Taylor is fictional; municipal incorporation is not asserted.,GEO-D018
SH-SITE-0008,Wamsutter fictional interchange,INTERCHANGE_STUDY,SH-ENT-009,"Wamsutter, Wyoming",CITY_OR_DISTRICT,LOCKED_DERIVED_IMPLEMENTATION,ENGINEERED,FICTIONAL_IN_REAL_GEOGRAPHY,SRC-CURRENT-OPS,industrial/source/operations.json,d91a22c35c91b213204411421de88815f27d8e16,/facilities/0,"{""acreage"": 18, ""annual_external_ton_capacity"": 0, ""assigned_fte"": 6, ""car_spots"": 60, ""case_status"": ""SYNTHETIC_OPERATING"", ""condition"": ""serviceable with identified maintenance backlog"", ""environmental_controls"": ""segregated drainage, spillkits, stormwater inspection, protected storage and recorded custody"", ""fact_state"": ""LOCKED_DERIVED_IMPLEMENTATION"", ""footprint_aspect_ratio"": 3, ""footprint_basis"": ""Rectangular site envelope derived from stated acreage and declared aspect ratio; not a cadastral boundary or surveyed property."", ""id"": ""FAC-WAM-INT"", ""lon_lat"": [-107.96562715205644, 41.6744965783547], ""name"": ""Wamsutter interchange"", ""opened"": ""1968-10-14"", ""operating_hours"": ""five-day service; dispatch/oncall exceptions; mine continuous receiving by appointment"", ""owner"": ""Blood, Sweat & Tears Railway Company"", ""pallet_slots"": 0, ""provenance"": ""Synthetic case implementation derived from reconciled handoff and explicit user authority; no external party or surveyed certification claimed"", ""services"": ""Three20car tracks; each accommodates16car roadtrain plus pairedlocomotives; synthetic UP interchange agreement"", ""track_count"": 3}",,UNKNOWN,,Reconcile with accepted industrial model; precise surveying/land rights remain separate.,Current case source replaces old unresolved/proposed scope. Taylor is fictional; municipal incorporation is not asserted.,GEO-D018
SH-SITE-0009,Blackridge Mine,OPEN_PIT_COPPER_GOLD_MINE,SH-ENT-010,Nevada,REGIONAL,CONSTRAINED,CANON_CONSTRAINED,FICTIONAL_IN_REAL_GEOGRAPHY,SRC-9525A89B2336,docs/canon/SABLE_HARBOR_CORPORATE_LORE_CANON_v0.3.md,8d20e51a7cf0068729e3296840ccb5ba1ac1d7bd,line:68,"- Argent Ridge Mining operated Blackridge, a Nevada open-pit copper-and-gold mine.",2015,YEAR_OR_RANGE,,Retain source constraint; exact footprint and valid dates require supported implementation.,"External founding-history mine, not a Sable Harbor owned asset. Exact location unresolved.",GEO-D008
SH-SITE-0010,Forty-Seven Names customer operation,CUSTOMER_MINE,,Nevada,REGIONAL,CONSTRAINED,CANON_CONSTRAINED,FICTIONAL_IN_REAL_GEOGRAPHY,SRC-A6FFA504C779,docs/canon/DECISION_REGISTER.md,8d20e51a7cf0068729e3296840ccb5ba1ac1d7bd,line:27,| FND-003 | Forty-Seven Names | LOCKED | 2016 identity-seam incident at Nevada copper customer |,2016,YEAR_OR_RANGE,,Retain source constraint; exact footprint and valid dates require supported implementation.,Unnamed copper customer. Do not conflate with Blackridge.,GEO-D008
SH-SITE-0011,Reno provisional office,OFFICE_PROPOSAL,SH-ENT-001,"Reno, Nevada",CITY_OR_DISTRICT,PROPOSED,PROPOSED,FICTIONAL_IN_REAL_GEOGRAPHY,SRC-D038D3A87100,docs/canon/SABLE_HARBOR_CANONICAL_ARCHITECTURE_HANDOVER.md,8d20e51a7cf0068729e3296840ccb5ba1ac1d7bd,line:655,"- **Reno, Nevada:** mining technology, engineering, product, customer implementation",,UNKNOWN,,Retain source constraint; exact footprint and valid dates require supported implementation.,"Inherited provisional footprint, never finalized or plotted as a current facility.",GEO-D008
SH-SITE-0012,Elko provisional field office,OFFICE_PROPOSAL,SH-ENT-001,"Elko, Nevada",CITY_OR_DISTRICT,PROPOSED,PROPOSED,FICTIONAL_IN_REAL_GEOGRAPHY,SRC-D038D3A87100,docs/canon/SABLE_HARBOR_CANONICAL_ARCHITECTURE_HANDOVER.md,8d20e51a7cf0068729e3296840ccb5ba1ac1d7bd,line:656,"- **Elko, Nevada:** field operations and proximity to active mining customers",,UNKNOWN,,Retain source constraint; exact footprint and valid dates require supported implementation.,"Inherited provisional footprint, never finalized or plotted as a current facility.",GEO-D008
SH-SITE-0013,Tucson provisional engineering office,OFFICE_PROPOSAL,SH-ENT-001,"Tucson, Arizona",CITY_OR_DISTRICT,PROPOSED,PROPOSED,FICTIONAL_IN_REAL_GEOGRAPHY,SRC-D038D3A87100,docs/canon/SABLE_HARBOR_CANONICAL_ARCHITECTURE_HANDOVER.md,8d20e51a7cf0068729e3296840ccb5ba1ac1d7bd,line:657,"- **Tucson, Arizona:** copper, geology, mine engineering, research talent",,UNKNOWN,,Retain source constraint; exact footprint and valid dates require supported implementation.,"Inherited provisional footprint, never finalized or plotted as a current facility.",GEO-D008
SH-SITE-0014,J2 Education residential campus and conference center,EDUCATION_CAMPUS,SH-ENT-011,,UNLOCATED,OPEN,UNKNOWN,FICTIONAL_IN_REAL_GEOGRAPHY,SRC-A3ABC1DA40B3,docs/j2/EDUCATION.md,8d20e51a7cf0068729e3296840ccb5ba1ac1d7bd,line:6,"Education is a separate J2 arm tightly coupled to Orientation. Its primary mission is enterprise-wide education, while it also serves as the professional schoolhouse for J2 itself. Education is both an institution and a physical place: a serious learning campus and conference center with classrooms, residential capacity, case rooms, mock executive and board environments, and space for convening across Sable Harbor.",,UNKNOWN,,Retain source constraint; exact footprint and valid dates require supported implementation.,Physical institution is canon; geography and relationship to Sacramento headquarters remain open.,GEO-D008
SH-SITE-0015,J2 headquarters physical accommodation,INSTITUTIONAL_WORKPLACE,SH-ENT-011,,UNLOCATED,OPEN,UNKNOWN,FICTIONAL_IN_REAL_GEOGRAPHY,SRC-0DA566D3CF72,docs/j2/J2_HEADQUARTERS.md,8d20e51a7cf0068729e3296840ccb5ba1ac1d7bd,line:6,"J2 Headquarters exists so Contact, Judgment, Orientation, JAG, and Education remain one institution rather than disconnected expert teams. It is deliberately smaller than the operating arms, but it is not skeletal. Its legitimacy comes from stewardship, professional rigor, and unusually high-quality support rather than a large command tower.",,UNKNOWN,,Retain source constraint; exact footprint and valid dates require supported implementation.,Institutional HQ is not evidence of a separate campus or exact location.,GEO-D008
SH-SITE-0016,Alexandria physical hosting,COMPUTE_INFRASTRUCTURE,SH-ENT-011,,UNLOCATED,OPEN,UNKNOWN,FICTIONAL_IN_REAL_GEOGRAPHY,SRC-F57EE60ABBEA,docs/canon/CORPORATE_HEADQUARTERS_CLOSEOUT_2026-09-03.md,8d20e51a7cf0068729e3296840ccb5ba1ac1d7bd,line:352,"- detailed Alexandria runtime stack, raw-source entitlements, retention/deletion, Semaphore precedence, Daedalus runtime/leakage controls, spatial/AR, business/finance portal boundaries — defer until the CCF and technology-control architecture provide the underlying environment;",,UNKNOWN,,Retain source constraint; exact footprint and valid dates require supported implementation.,Physical hosting geography is not established. No invented data center.,GEO-D008
SH-SITE-0017,Foundry/Foundry Field dedicated footprint,BUSINESS_FOOTPRINT,SH-ENT-012,,UNLOCATED,OPEN,UNKNOWN,FICTIONAL_IN_REAL_GEOGRAPHY,SRC-D038D3A87100,docs/canon/SABLE_HARBOR_CANONICAL_ARCHITECTURE_HANDOVER.md,8d20e51a7cf0068729e3296840ccb5ba1ac1d7bd,line:1097,3. office footprint and headcount by location;,,UNKNOWN,,Retain source constraint; exact footprint and valid dates require supported implementation.,No dedicated campus automatically follows from a software/product business.,GEO-D008
SH-SITE-0018,Atlas Meridian dedicated footprint,BUSINESS_FOOTPRINT,SH-ENT-013,,UNLOCATED,OPEN,UNKNOWN,FICTIONAL_IN_REAL_GEOGRAPHY,SRC-A6FFA504C779,docs/canon/DECISION_REGISTER.md,8d20e51a7cf0068729e3296840ccb5ba1ac1d7bd,line:203,"| ID-007 | Quantitative operating model | OPEN | Headcount, revenue, funding, offices, P&Ls, acquisition capital |",,UNKNOWN,,Retain source constraint; exact footprint and valid dates require supported implementation.,Product bridge may use shared space; no dedicated campus established.,GEO-D008
SH-SITE-0019,Advisory project hubs/offices,BUSINESS_FOOTPRINT,SH-ENT-014,,UNLOCATED,OPEN,UNKNOWN,FICTIONAL_IN_REAL_GEOGRAPHY,SRC-BE31B2023403,docs/organization/ARU_BST_AND_ADVISORY.md,8d20e51a7cf0068729e3296840ccb5ba1ac1d7bd,line:52,"    ADVISORY[""EMERGING ADVISORY<br/>operating and analytical teams transfer a method the client can own<br/><b>exact name · leader · P&L · pricing · catalog · home OPEN</b>""]",,UNKNOWN,,Retain source constraint; exact footprint and valid dates require supported implementation.,No named geography established.,GEO-D008
SH-SITE-0020,"ARU terminal, warehouse and trucking estate",ASSET_FAMILY,SH-ENT-008,"Wyoming; Taylor, Wamsutter and Rawlins operating estate",UNLOCATED,LOCKED_DERIVED_IMPLEMENTATION,ENGINEERED,FICTIONAL_IN_REAL_GEOGRAPHY,SRC-CURRENT-OPS,industrial/source/operations.json,d91a22c35c91b213204411421de88815f27d8e16,/facilities,"[{""acreage"": 18, ""annual_external_ton_capacity"": 0, ""assigned_fte"": 6, ""car_spots"": 60, ""case_status"": ""SYNTHETIC_OPERATING"", ""condition"": ""serviceable with identified maintenance backlog"", ""environmental_controls"": ""segregated drainage, spillkits, stormwater inspection, protected storage and recorded custody"", ""fact_state"": ""LOCKED_DERIVED_IMPLEMENTATION"", ""footprint_aspect_ratio"": 3, ""footprint_basis"": ""Rectangular site envelope derived from stated acreage and declared aspect ratio; not a cadastral boundary or surveyed property."", ""id"": ""FAC-WAM-INT"", ""lon_lat"": [-107.96562715205644, 41.6744965783547], ""name"": ""Wamsutter interchange"", ""opened"": ""1968-10-14"", ""operating_hours"": ""five-day service; dispatch/oncall exceptions; mine continuous receiving by appointment"", ""owner"": ""Blood, Sweat & Tears Railway Company"", ""pallet_slots"": 0, ""provenance"": ""Synthetic case implementation derived from reconciled handoff and explicit user authority; no external party or surveyed certification claimed"", ""services"": ""Three20car tracks; each accommodates16car roadtrain plus pairedlocomotives; synthetic UP interchange agreement"", ""track_count"": 3}, {""acreage"": 32, ""annual_external_ton_capacity"": 0, ""assigned_fte"": 46, ""car_spots"": 100, ""case_status"": ""SYNTHETIC_OPERATING"", ""condition"": ""serviceable with identified maintenance backlog"", ""environmental_controls"": ""segregated drainage, spillkits, stormwater inspection, protected storage and recorded custody"", ""fact_state"": ""LOCKED_DERIVED_IMPLEMENTATION"", ""footprint_aspect_ratio"": 3, ""footprint_basis"": ""Rectangular site envelope derived from stated acreage and declared aspect ratio; not a cadastral boundary or surveyed property."", ""id"": ""FAC-TAY-YARD"", ""lon_lat"": [-108.1, 42.12], ""name"": ""Taylor Yard and Shops"", ""opened"": ""1968-10-14"", ""operating_hours"": ""five-day service; dispatch/oncall exceptions; mine continuous receiving by appointment"", ""owner"": ""Blood, Sweat & Tears Railway Company"", ""pallet_slots"": 0, ""provenance"": ""Synthetic case implementation derived from reconciled handoff and explicit user authority; no external party or surveyed certification claimed"", ""services"": ""classification, locomotive shop, fuelpoint, dispatch and crew facilities"", ""track_count"": 7}, {""acreage"": 46, ""annual_external_ton_capacity"": 210000, ""assigned_fte"": 19, ""car_spots"": 50, ""case_status"": ""SYNTHETIC_OPERATING"", ""condition"": ""serviceable with identified maintenance backlog"", ""environmental_controls"": ""segregated drainage, spillkits, stormwater inspection, protected storage and recorded custody"", ""fact_state"": ""LOCKED_DERIVED_IMPLEMENTATION"", ""footprint_aspect_ratio"": 1, ""footprint_basis"": ""Rectangular site envelope derived from stated acreage and declared aspect ratio; not a cadastral boundary or surveyed property."", ""id"": ""FAC-TAY-TERMINAL"", ""lon_lat"": [-108.1075, 42.121], ""name"": ""Taylor Industrial Transload Complex"", ""opened"": ""1972-05-08"", ""operating_hours"": ""Mon–Fri06:00–22:00 plus contracted exception service"", ""owner"": ""American Resource Utility, Inc."", ""pallet_slots"": 0, ""provenance"": ""Synthetic case implementation derived from reconciled handoff and explicit user authority; no external party or surveyed certification claimed"", ""services"": ""existing general transload and Phase1 two10car tracks plus sixcar liquidtrack; acids segregated from general cargo"", ""track_count"": 5}, {""acreage"": 18, ""annual_external_ton_capacity"": 0, ""assigned_fte"": 8, ""car_spots"": 8, ""case_status"": ""SYNTHETIC_OPERATING"", ""condition"": ""serviceable with identified maintenance backlog"", ""environmental_controls"": ""segregated drainage, spillkits, stormwater inspection, protected storage and recorded custody"", ""fact_state"": ""LOCKED_DERIVED_IMPLEMENTATION"", ""footprint_aspect_ratio"": 1, ""footprint_basis"": ""Rectangular site envelope derived from stated acreage and declared aspect ratio; not a cadastral boundary or surveyed property."", ""id"": ""FAC-TAY-WAREHOUSE"", ""lon_lat"": [-108.105, 42.125], ""name"": ""Taylor warehouse"", ""opened"": ""1974-06-03"", ""operating_hours"": ""Mon–Fri06:00–22:00 plus contracted exception service"", ""owner"": ""American Resource Utility, Inc."", ""pallet_slots"": 11000, ""provenance"": ""Synthetic case implementation derived from reconciled handoff and explicit user authority; no external party or surveyed certification claimed"", ""services"": ""210000sf reserved palletcapacity; three handling shifts; rail/truck interface"", ""track_count"": 1}, {""acreage"": 8, ""annual_external_ton_capacity"": 0, ""assigned_fte"": 20, ""car_spots"": 0, ""case_status"": ""SYNTHETIC_OPERATING"", ""condition"": ""serviceable with identified maintenance backlog"", ""environmental_controls"": ""segregated drainage, spillkits, stormwater inspection, protected storage and recorded custody"", ""fact_state"": ""LOCKED_DERIVED_IMPLEMENTATION"", ""footprint_aspect_ratio"": 1, ""footprint_basis"": ""Rectangular site envelope derived from stated acreage and declared aspect ratio; not a cadastral boundary or surveyed property."", ""id"": ""FAC-TAY-TRUCK"", ""lon_lat"": [-108.093, 42.12], ""name"": ""Taylor trucking depot"", ""opened"": ""1989-10-02"", ""operating_hours"": ""Mon–Fri06:00–22:00 plus contracted exception service"", ""owner"": ""American Resource Utility, Inc."", ""pallet_slots"": 0, ""provenance"": ""Synthetic case implementation derived from reconciled handoff and explicit user authority; no external party or surveyed certification claimed"", ""services"": ""tractor/trailer parking, inspection bays and dispatch"", ""track_count"": 0}, {""acreage"": 9, ""annual_external_ton_capacity"": 0, ""assigned_fte"": 3, ""car_spots"": 20, ""case_status"": ""SYNTHETIC_OPERATING"", ""condition"": ""serviceable with identified maintenance backlog"", ""environmental_controls"": ""segregated drainage, spillkits, stormwater inspection, protected storage and recorded custody"", ""fact_state"": ""LOCKED_DERIVED_IMPLEMENTATION"", ""footprint_aspect_ratio"": 3, ""footprint_basis"": ""Rectangular site envelope derived from stated acreage and declared aspect ratio; not a cadastral boundary or surveyed property."", ""id"": ""FAC-EAST-MATERIALS"", ""lon_lat"": [-108.01259365641332, 41.90370776148441], ""name"": ""East Materials team track"", ""opened"": ""1972-05-08"", ""operating_hours"": ""five-day service; dispatch/oncall exceptions; mine continuous receiving by appointment"", ""owner"": ""Blood, Sweat & Tears Railway Company"", ""pallet_slots"": 0, ""provenance"": ""Synthetic case implementation derived from reconciled handoff and explicit user authority; no external party or surveyed certification claimed"", ""services"": ""pipe, scrap, aggregates; customer sidings operate by appointment"", ""track_count"": 2}, {""acreage"": 11, ""annual_external_ton_capacity"": 0, ""assigned_fte"": 3, ""car_spots"": 18, ""case_status"": ""SYNTHETIC_OPERATING"", ""condition"": ""serviceable with identified maintenance backlog"", ""environmental_controls"": ""segregated drainage, spillkits, stormwater inspection, protected storage and recorded custody"", ""fact_state"": ""LOCKED_DERIVED_IMPLEMENTATION"", ""footprint_aspect_ratio"": 3, ""footprint_basis"": ""Rectangular site envelope derived from stated acreage and declared aspect ratio; not a cadastral boundary or surveyed property."", ""id"": ""FAC-MINERAL-TEAM"", ""lon_lat"": [-108.07098660485325, 42.03495699312325], ""name"": ""Mineral Transfer team track"", ""opened"": ""1986-09-19"", ""operating_hours"": ""five-day service; dispatch/oncall exceptions; mine continuous receiving by appointment"", ""owner"": ""Blood, Sweat & Tears Railway Company"", ""pallet_slots"": 0, ""provenance"": ""Synthetic case implementation derived from reconciled handoff and explicit user authority; no external party or surveyed certification claimed"", ""services"": ""inbound and outbound minerals transfer; sodaash is customer throughput, not a claim of a local trona mine"", ""track_count"": 2}, {""acreage"": 22, ""annual_external_ton_capacity"": 90000, ""assigned_fte"": 8, ""car_spots"": 0, ""case_status"": ""SYNTHETIC_OPERATING"", ""condition"": ""serviceable with identified maintenance backlog"", ""environmental_controls"": ""segregated drainage, spillkits, stormwater inspection, protected storage and recorded custody"", ""fact_state"": ""LOCKED_DERIVED_IMPLEMENTATION"", ""footprint_aspect_ratio"": 1, ""footprint_basis"": ""Rectangular site envelope derived from stated acreage and declared aspect ratio; not a cadastral boundary or surveyed property."", ""id"": ""FAC-RAW-TERMINAL"", ""lon_lat"": [-107.233, 41.786], ""name"": ""Rawlins satellite terminal"", ""opened"": ""1978-09-12"", ""operating_hours"": ""Mon–Fri06:00–22:00 plus contracted exception service"", ""owner"": ""American Resource Utility, Inc."", ""pallet_slots"": 0, ""provenance"": ""Synthetic case implementation derived from reconciled handoff and explicit user authority; no external party or surveyed certification claimed"", ""services"": ""off-BS&T truck-served terminal; external railcar material arrives through qualified third-party transload"", ""track_count"": 0}, {""acreage"": 7, ""annual_external_ton_capacity"": 0, ""assigned_fte"": 4, ""car_spots"": 0, ""case_status"": ""SYNTHETIC_OPERATING"", ""condition"": ""serviceable with identified maintenance backlog"", ""environmental_controls"": ""segregated drainage, spillkits, stormwater inspection, protected storage and recorded custody"", ""fact_state"": ""LOCKED_DERIVED_IMPLEMENTATION"", ""footprint_aspect_ratio"": 1, ""footprint_basis"": ""Rectangular site envelope derived from stated acreage and declared aspect ratio; not a cadastral boundary or surveyed property."", ""id"": ""FAC-RAW-WAREHOUSE"", ""lon_lat"": [-107.228, 41.789], ""name"": ""Rawlins warehouse"", ""opened"": ""1980-04-07"", ""operating_hours"": ""Mon–Fri06:00–22:00 plus contracted exception service"", ""owner"": ""American Resource Utility, Inc."", ""pallet_slots"": 4000, ""provenance"": ""Synthetic case implementation derived from reconciled handoff and explicit user authority; no external party or surveyed certification claimed"", ""services"": ""75000sf satellite contract storage and orderpick"", ""track_count"": 0}, {""acreage"": 4, ""annual_external_ton_capacity"": 0, ""assigned_fte"": 4, ""car_spots"": 0, ""case_status"": ""SYNTHETIC_OPERATING"", ""condition"": ""serviceable with identified maintenance backlog"", ""environmental_controls"": ""segregated drainage, spillkits, stormwater inspection, protected storage and recorded custody"", ""fact_state"": ""LOCKED_DERIVED_IMPLEMENTATION"", ""footprint_aspect_ratio"": 1, ""footprint_basis"": ""Rectangular site envelope derived from stated acreage and declared aspect ratio; not a cadastral boundary or surveyed property."", ""id"": ""FAC-RAW-TRUCK"", ""lon_lat"": [-107.234, 41.782], ""name"": ""Rawlins trucking satellite"", ""opened"": ""1989-10-02"", ""operating_hours"": ""Mon–Fri06:00–22:00 plus contracted exception service"", ""owner"": ""American Resource Utility, Inc."", ""pallet_slots"": 0, ""provenance"": ""Synthetic case implementation derived from reconciled handoff and explicit user authority; no external party or surveyed certification claimed"", ""services"": ""external heavyhaul staging"", ""track_count"": 0}, {""acreage"": 2, ""annual_external_ton_capacity"": 0, ""assigned_fte"": 10, ""car_spots"": 0, ""case_status"": ""SYNTHETIC_OPERATING"", ""condition"": ""serviceable with identified maintenance backlog"", ""environmental_controls"": ""segregated drainage, spillkits, stormwater inspection, protected storage and recorded custody"", ""fact_state"": ""LOCKED_DERIVED_IMPLEMENTATION"", ""footprint_aspect_ratio"": 1, ""footprint_basis"": ""Rectangular site envelope derived from stated acreage and declared aspect ratio; not a cadastral boundary or surveyed property."", ""id"": ""FAC-ARU-OFFICE"", ""lon_lat"": [-108.0975, 42.124], ""name"": ""Taylor ARU office"", ""opened"": ""1991-01-02"", ""operating_hours"": ""Mon–Fri06:00–22:00 plus contracted exception service"", ""owner"": ""American Resource Utility, Inc."", ""pallet_slots"": 0, ""provenance"": ""Synthetic case implementation derived from reconciled handoff and explicit user authority; no external party or surveyed certification claimed"", ""services"": ""corporate shared services and customerdesk"", ""track_count"": 0}, {""acreage"": 14, ""annual_external_ton_capacity"": 0, ""assigned_fte"": 6, ""car_spots"": 0, ""case_status"": ""SYNTHETIC_IN_SERVICE_2026_07_07"", ""condition"": ""serviceable with identified maintenance backlog"", ""environmental_controls"": ""segregated drainage, spillkits, stormwater inspection, protected storage and recorded custody"", ""fact_state"": ""LOCKED_DERIVED_IMPLEMENTATION"", ""footprint_aspect_ratio"": 1, ""footprint_basis"": ""Rectangular site envelope derived from stated acreage and declared aspect ratio; not a cadastral boundary or surveyed property."", ""id"": ""FAC-RW-RECEIVING"", ""lon_lat"": [-108.18, 42.22], ""name"": ""Red Wash receiving and reagent storage"", ""opened"": ""2026-07-07"", ""operating_hours"": ""five-day service; dispatch/oncall exceptions; mine continuous receiving by appointment"", ""owner"": ""Red Wash Mining, LLC"", ""pallet_slots"": 0, ""provenance"": ""Synthetic case implementation derived from reconciled handoff and explicit user authority; no external party or surveyed certification claimed"", ""services"": ""truck only; receiving, acid/binderstorage, scales, MRO and steel; workers are within128siteFTE"", ""track_count"": 0}]",,UNKNOWN,,Reconcile with accepted industrial model; precise surveying/land rights remain separate.,Current case source replaces old unresolved/proposed scope. Taylor is fictional; municipal incorporation is not asserted.,GEO-D018
SH-SITE-0021,ARU external customer delivery interfaces,CUSTOMER_ASSET_FAMILY,,"Wyoming; Taylor, Wamsutter and Rawlins operating estate",UNLOCATED,LOCKED_DERIVED_IMPLEMENTATION,ENGINEERED,FICTIONAL_IN_REAL_GEOGRAPHY,SRC-CURRENT-OPS,industrial/source/operations.json,d91a22c35c91b213204411421de88815f27d8e16,/contract_facility_assignments,"[{""annual_units_2025"": 2200, ""contract_id"": ""BST-2025-001"", ""customer_id"": ""ARU-C-001"", ""facility_id"": ""FAC-MINERAL-TEAM"", ""fact_state"": ""LOCKED_DERIVED_IMPLEMENTATION"", ""id"": ""ALLOC-BST-2025-001-FAC-MINERAL-TEAM"", ""provenance"": ""Synthetic physical allocation derived from finance contract units and registered facility capacities; no real customer or land right asserted."", ""route_id"": ""BST-MINERAL"", ""segment"": ""BST"", ""unit"": ""loaded_revenue_car""}, {""annual_units_2025"": 950, ""contract_id"": ""BST-2025-006"", ""customer_id"": ""ARU-C-006"", ""facility_id"": ""FAC-MINERAL-TEAM"", ""fact_state"": ""LOCKED_DERIVED_IMPLEMENTATION"", ""id"": ""ALLOC-BST-2025-006-FAC-MINERAL-TEAM"", ""provenance"": ""Synthetic physical allocation derived from finance contract units and registered facility capacities; no real customer or land right asserted."", ""route_id"": ""BST-MINERAL"", ""segment"": ""BST"", ""unit"": ""loaded_revenue_car""}, {""annual_units_2025"": 1150, ""contract_id"": ""BST-2025-002"", ""customer_id"": ""ARU-C-002"", ""facility_id"": ""FAC-TAY-TERMINAL"", ""fact_state"": ""LOCKED_DERIVED_IMPLEMENTATION"", ""id"": ""ALLOC-BST-2025-002-FAC-TAY-TERMINAL"", ""provenance"": ""Synthetic physical allocation derived from finance contract units and registered facility capacities; no real customer or land right asserted."", ""route_id"": ""BST-MAIN"", ""segment"": ""BST"", ""unit"": ""loaded_revenue_car""}, {""annual_units_2025"": 500, ""contract_id"": ""BST-2025-007"", ""customer_id"": ""ARU-C-007"", ""facility_id"": ""FAC-TAY-TERMINAL"", ""fact_state"": ""LOCKED_DERIVED_IMPLEMENTATION"", ""id"": ""ALLOC-BST-2025-007-FAC-TAY-TERMINAL"", ""provenance"": ""Synthetic physical allocation derived from finance contract units and registered facility capacities; no real customer or land right asserted."", ""route_id"": ""BST-MAIN"", ""segment"": ""BST"", ""unit"": ""loaded_revenue_car""}, {""annual_units_2025"": 900, ""contract_id"": ""BST-2025-004"", ""customer_id"": ""ARU-C-004"", ""facility_id"": ""FAC-EAST-MATERIALS"", ""fact_state"": ""LOCKED_DERIVED_IMPLEMENTATION"", ""id"": ""ALLOC-BST-2025-004-FAC-EAST-MATERIALS"", ""provenance"": ""Synthetic physical allocation derived from finance contract units and registered facility capacities; no real customer or land right asserted."", ""route_id"": ""BST-EAST"", ""segment"": ""BST"", ""unit"": ""loaded_revenue_car""}, {""annual_units_2025"": 450, ""contract_id"": ""BST-2025-008"", ""customer_id"": ""ARU-C-008"", ""facility_id"": ""FAC-EAST-MATERIALS"", ""fact_state"": ""LOCKED_DERIVED_IMPLEMENTATION"", ""id"": ""ALLOC-BST-2025-008-FAC-EAST-MATERIALS"", ""provenance"": ""Synthetic physical allocation derived from finance contract units and registered facility capacities; no real customer or land right asserted."", ""route_id"": ""BST-EAST"", ""segment"": ""BST"", ""unit"": ""loaded_revenue_car""}, {""annual_units_2025"": 700, ""contract_id"": ""BST-2025-003"", ""customer_id"": ""ARU-C-003"", ""facility_id"": ""FAC-TAY-TERMINAL"", ""fact_state"": ""LOCKED_DERIVED_IMPLEMENTATION"", ""id"": ""ALLOC-BST-2025-003-FAC-TAY-TERMINAL"", ""provenance"": ""Synthetic physical allocation derived from finance contract units and registered facility capacities; no real customer or land right asserted."", ""route_id"": ""BST-MAIN"", ""segment"": ""BST"", ""unit"": ""loaded_revenue_car""}, {""annual_units_2025"": 350, ""contract_id"": ""BST-2025-009"", ""customer_id"": ""ARU-C-009"", ""facility_id"": ""FAC-TAY-TERMINAL"", ""fact_state"": ""LOCKED_DERIVED_IMPLEMENTATION"", ""id"": ""ALLOC-BST-2025-009-FAC-TAY-TERMINAL"", ""provenance"": ""Synthetic physical allocation derived from finance contract units and registered facility capacities; no real customer or land right asserted."", ""route_id"": ""BST-MAIN"", ""segment"": ""BST"", ""unit"": ""loaded_revenue_car""}, {""annual_units_2025"": 500, ""contract_id"": ""BST-2025-010"", ""customer_id"": ""ARU-C-010"", ""facility_id"": ""FAC-TAY-TERMINAL"", ""fact_state"": ""LOCKED_DERIVED_IMPLEMENTATION"", ""id"": ""ALLOC-BST-2025-010-FAC-TAY-TERMINAL"", ""provenance"": ""Synthetic physical allocation derived from finance contract units and registered facility capacities; no real customer or land right asserted."", ""route_id"": ""BST-MAIN"", ""segment"": ""BST"", ""unit"": ""loaded_revenue_car""}, {""annual_units_2025"": 250, ""contract_id"": ""BST-2025-011"", ""customer_id"": ""ARU-C-011"", ""facility_id"": ""FAC-TAY-TERMINAL"", ""fact_state"": ""LOCKED_DERIVED_IMPLEMENTATION"", ""id"": ""ALLOC-BST-2025-011-FAC-TAY-TERMINAL"", ""provenance"": ""Synthetic physical allocation derived from finance contract units and registered facility capacities; no real customer or land right asserted."", ""route_id"": ""BST-MAIN"", ""segment"": ""BST"", ""unit"": ""loaded_revenue_car""}, {""annual_units_2025"": 650, ""contract_id"": ""BST-2025-012"", ""customer_id"": ""ARU-C-012"", ""facility_id"": ""FAC-TAY-TERMINAL"", ""fact_state"": ""LOCKED_DERIVED_IMPLEMENTATION"", ""id"": ""ALLOC-BST-2025-012-FAC-TAY-TERMINAL"", ""provenance"": ""Synthetic physical allocation derived from finance contract units and registered facility capacities; no real customer or land right asserted."", ""route_id"": ""BST-MAIN"", ""segment"": ""BST"", ""unit"": ""loaded_revenue_car""}, {""annual_units_2025"": 400, ""contract_id"": ""BST-2025-013"", ""customer_id"": ""ARU-C-013"", ""facility_id"": ""FAC-TAY-TERMINAL"", ""fact_state"": ""LOCKED_DERIVED_IMPLEMENTATION"", ""id"": ""ALLOC-BST-2025-013-FAC-TAY-TERMINAL"", ""provenance"": ""Synthetic physical allocation derived from finance contract units and registered facility capacities; no real customer or land right asserted."", ""route_id"": ""BST-MAIN"", ""segment"": ""BST"", ""unit"": ""loaded_revenue_car""}, {""annual_units_2025"": 26900, ""contract_id"": ""TRM-2025-001"", ""customer_id"": ""ARU-C-001"", ""facility_id"": ""FAC-TAY-TERMINAL"", ""fact_state"": ""LOCKED_DERIVED_IMPLEMENTATION"", ""id"": ""ALLOC-TRM-2025-001-FAC-TAY-TERMINAL"", ""provenance"": ""Synthetic physical allocation derived from finance contract units and registered facility capacities; no real customer or land right asserted."", ""route_id"": null, ""segment"": ""TERMINALS"", ""unit"": ""handled_short_ton""}, {""annual_units_2025"": 26150, ""contract_id"": ""TRM-2025-002"", ""customer_id"": ""ARU-C-002"", ""facility_id"": ""FAC-TAY-TERMINAL"", ""fact_state"": ""LOCKED_DERIVED_IMPLEMENTATION"", ""id"": ""ALLOC-TRM-2025-002-FAC-TAY-TERMINAL"", ""provenance"": ""Synthetic physical allocation derived from finance contract units and registered facility capacities; no real customer or land right asserted."", ""route_id"": null, ""segment"": ""TERMINALS"", ""unit"": ""handled_short_ton""}, {""annual_units_2025"": 36050, ""contract_id"": ""TRM-2025-003"", ""customer_id"": ""ARU-C-003"", ""facility_id"": ""FAC-TAY-TERMINAL"", ""fact_state"": ""LOCKED_DERIVED_IMPLEMENTATION"", ""id"": ""ALLOC-TRM-2025-003-FAC-TAY-TERMINAL"", ""provenance"": ""Synthetic physical allocation derived from finance contract units and registered facility capacities; no real customer or land right asserted."", ""route_id"": null, ""segment"": ""TERMINALS"", ""unit"": ""handled_short_ton""}, {""annual_units_2025"": 30000, ""contract_id"": ""TRM-2025-014"", ""customer_id"": ""ARU-C-014"", ""facility_id"": ""FAC-TAY-TERMINAL"", ""fact_state"": ""LOCKED_DERIVED_IMPLEMENTATION"", ""id"": ""ALLOC-TRM-2025-014-FAC-TAY-TERMINAL"", ""provenance"": ""Synthetic physical allocation derived from finance contract units and registered facility capacities; no real customer or land right asserted."", ""route_id"": null, ""segment"": ""TERMINALS"", ""unit"": ""handled_short_ton""}, {""annual_units_2025"": 35500, ""contract_id"": ""TRM-2025-015"", ""customer_id"": ""ARU-C-015"", ""facility_id"": ""FAC-TAY-TERMINAL"", ""fact_state"": ""LOCKED_DERIVED_IMPLEMENTATION"", ""id"": ""ALLOC-TRM-2025-015-FAC-TAY-TERMINAL"", ""provenance"": ""Synthetic physical allocation derived from finance contract units and registered facility capacities; no real customer or land right asserted."", ""route_id"": null, ""segment"": ""TERMINALS"", ""unit"": ""handled_short_ton""}, {""annual_units_2025"": 34400, ""contract_id"": ""TRM-2025-016"", ""customer_id"": ""ARU-C-016"", ""facility_id"": ""FAC-TAY-TERMINAL"", ""fact_state"": ""LOCKED_DERIVED_IMPLEMENTATION"", ""id"": ""ALLOC-TRM-2025-016-FAC-TAY-TERMINAL"", ""provenance"": ""Synthetic physical allocation derived from finance contract units and registered facility capacities; no real customer or land right asserted."", ""route_id"": null, ""segment"": ""TERMINALS"", ""unit"": ""handled_short_ton""}, {""annual_units_2025"": 33000, ""contract_id"": ""TRM-2025-017"", ""customer_id"": ""ARU-C-017"", ""facility_id"": ""FAC-RAW-TERMINAL"", ""fact_state"": ""LOCKED_DERIVED_IMPLEMENTATION"", ""id"": ""ALLOC-TRM-2025-017-FAC-RAW-TERMINAL"", ""provenance"": ""Synthetic physical allocation derived from finance contract units and registered facility capacities; no real customer or land right asserted."", ""route_id"": null, ""segment"": ""TERMINALS"", ""unit"": ""handled_short_ton""}, {""annual_units_2025"": 32000, ""contract_id"": ""TRM-2025-018"", ""customer_id"": ""ARU-C-018"", ""facility_id"": ""FAC-RAW-TERMINAL"", ""fact_state"": ""LOCKED_DERIVED_IMPLEMENTATION"", ""id"": ""ALLOC-TRM-2025-018-FAC-RAW-TERMINAL"", ""provenance"": ""Synthetic physical allocation derived from finance contract units and registered facility capacities; no real customer or land right asserted."", ""route_id"": null, ""segment"": ""TERMINALS"", ""unit"": ""handled_short_ton""}, {""annual_units_2025"": 2870, ""contract_id"": ""TRK-2025-004"", ""customer_id"": ""ARU-C-004"", ""facility_id"": ""FAC-TAY-TRUCK"", ""fact_state"": ""LOCKED_DERIVED_IMPLEMENTATION"", ""id"": ""ALLOC-TRK-2025-004-FAC-TAY-TRUCK"", ""provenance"": ""Synthetic physical allocation derived from finance contract units and registered facility capacities; no real customer or land right asserted."", ""route_id"": null, ""segment"": ""TRUCKING"", ""unit"": ""billable_truck_dispatch""}, {""annual_units_2025"": 3250, ""contract_id"": ""TRK-2025-019"", ""customer_id"": ""ARU-C-019"", ""facility_id"": ""FAC-TAY-TRUCK"", ""fact_state"": ""LOCKED_DERIVED_IMPLEMENTATION"", ""id"": ""ALLOC-TRK-2025-019-FAC-TAY-TRUCK"", ""provenance"": ""Synthetic physical allocation derived from finance contract units and registered facility capacities; no real customer or land right asserted."", ""route_id"": null, ""segment"": ""TRUCKING"", ""unit"": ""billable_truck_dispatch""}, {""annual_units_2025"": 3120, ""contract_id"": ""TRK-2025-020"", ""customer_id"": ""ARU-C-020"", ""facility_id"": ""FAC-TAY-TRUCK"", ""fact_state"": ""LOCKED_DERIVED_IMPLEMENTATION"", ""id"": ""ALLOC-TRK-2025-020-FAC-TAY-TRUCK"", ""provenance"": ""Synthetic physical allocation derived from finance contract units and registered facility capacities; no real customer or land right asserted."", ""route_id"": null, ""segment"": ""TRUCKING"", ""unit"": ""billable_truck_dispatch""}, {""annual_units_2025"": 2960, ""contract_id"": ""TRK-2025-021"", ""customer_id"": ""ARU-C-021"", ""facility_id"": ""FAC-TAY-TRUCK"", ""fact_state"": ""LOCKED_DERIVED_IMPLEMENTATION"", ""id"": ""ALLOC-TRK-2025-021-FAC-TAY-TRUCK"", ""provenance"": ""Synthetic physical allocation derived from finance contract units and registered facility capacities; no real customer or land right asserted."", ""route_id"": null, ""segment"": ""TRUCKING"", ""unit"": ""billable_truck_dispatch""}, {""annual_units_2025"": 1300, ""contract_id"": ""TRK-2025-022"", ""customer_id"": ""ARU-C-022"", ""facility_id"": ""FAC-TAY-TRUCK"", ""fact_state"": ""LOCKED_DERIVED_IMPLEMENTATION"", ""id"": ""ALLOC-TRK-2025-022-FAC-TAY-TRUCK"", ""provenance"": ""Synthetic physical allocation derived from finance contract units and registered facility capacities; no real customer or land right asserted."", ""route_id"": null, ""segment"": ""TRUCKING"", ""unit"": ""billable_truck_dispatch""}, {""annual_units_2025"": 1500, ""contract_id"": ""TRK-2025-022"", ""customer_id"": ""ARU-C-022"", ""facility_id"": ""FAC-RAW-TRUCK"", ""fact_state"": ""LOCKED_DERIVED_IMPLEMENTATION"", ""id"": ""ALLOC-TRK-2025-022-FAC-RAW-TRUCK"", ""provenance"": ""Synthetic physical allocation derived from finance contract units and registered facility capacities; no real customer or land right asserted."", ""route_id"": null, ""segment"": ""TRUCKING"", ""unit"": ""billable_truck_dispatch""}, {""annual_units_2025"": 54000, ""contract_id"": ""WHS-2025-005"", ""customer_id"": ""ARU-C-005"", ""facility_id"": ""FAC-TAY-WAREHOUSE"", ""fact_state"": ""LOCKED_DERIVED_IMPLEMENTATION"", ""id"": ""ALLOC-WHS-2025-005-FAC-TAY-WAREHOUSE"", ""provenance"": ""Synthetic physical allocation derived from finance contract units and registered facility capacities; no real customer or land right asserted."", ""route_id"": null, ""segment"": ""WAREHOUSE"", ""unit"": ""reserved_pallet_month""}, {""annual_units_2025"": 30000, ""contract_id"": ""WHS-2025-023"", ""customer_id"": ""ARU-C-023"", ""facility_id"": ""FAC-TAY-WAREHOUSE"", ""fact_state"": ""LOCKED_DERIVED_IMPLEMENTATION"", ""id"": ""ALLOC-WHS-2025-023-FAC-TAY-WAREHOUSE"", ""provenance"": ""Synthetic physical allocation derived from finance contract units and registered facility capacities; no real customer or land right asserted."", ""route_id"": null, ""segment"": ""WAREHOUSE"", ""unit"": ""reserved_pallet_month""}, {""annual_units_2025"": 30000, ""contract_id"": ""WHS-2025-024"", ""customer_id"": ""ARU-C-024"", ""facility_id"": ""FAC-TAY-WAREHOUSE"", ""fact_state"": ""LOCKED_DERIVED_IMPLEMENTATION"", ""id"": ""ALLOC-WHS-2025-024-FAC-TAY-WAREHOUSE"", ""provenance"": ""Synthetic physical allocation derived from finance contract units and registered facility capacities; no real customer or land right asserted."", ""route_id"": null, ""segment"": ""WAREHOUSE"", ""unit"": ""reserved_pallet_month""}, {""annual_units_2025"": 27000, ""contract_id"": ""WHS-2025-025"", ""customer_id"": ""ARU-C-025"", ""facility_id"": ""FAC-RAW-WAREHOUSE"", ""fact_state"": ""LOCKED_DERIVED_IMPLEMENTATION"", ""id"": ""ALLOC-WHS-2025-025-FAC-RAW-WAREHOUSE"", ""provenance"": ""Synthetic physical allocation derived from finance contract units and registered facility capacities; no real customer or land right asserted."", ""route_id"": null, ""segment"": ""WAREHOUSE"", ""unit"": ""reserved_pallet_month""}]",,UNKNOWN,,Reconcile with accepted industrial model; precise surveying/land rights remain separate.,Current case source replaces old unresolved/proposed scope. Taylor is fictional; municipal incorporation is not asserted.,GEO-D018
SH-SITE-0022,Wallaby residue/tailings opportunity,RECOVERY_TARGET,SH-ENT-005,,UNLOCATED,OPEN,UNKNOWN,FICTIONAL_IN_REAL_GEOGRAPHY,SRC-9525A89B2336,docs/canon/SABLE_HARBOR_CORPORATE_LORE_CANON_v0.3.md,8d20e51a7cf0068729e3296840ccb5ba1ac1d7bd,line:1337,Ned Kelly identifies an old tailings or process-residue complex with favorable tonnage and apparent signatures. Cradle spends real money investigating it. Initial samples are mediocre.,2024–2025,YEAR_OR_RANGE,,Retain source constraint; exact footprint and valid dates require supported implementation.,"Failed Cradle opportunity. No geographic point, host title or site ownership established.",GEO-D008
SH-SITE-0023,Kelly Gang Mining / Stream 17 host operation,HOST_PROCESS_SITE,SH-ENT-KGM,"Tasmania, Australia",REGIONAL,CONSTRAINED,CANON_CONSTRAINED,FICTIONAL_IN_REAL_GEOGRAPHY,SRC-CURRENT-CRADLE,docs/canon/CRADLE_CLOSEOUT_2026-09-06.md,d91a22c35c91b213204411421de88815f27d8e16,line:49,Kelly Gang Mining is a fictional Tasmanian industrial-minerals / heavy-mineral operator.,2025,YEAR_OR_RANGE,,Locate fictional host site within Tasmania; identity/material/commercial boundary are settled.,"External host retains plant authority; Cradle owns its recovery equipment and defined stream recovery rights, not host property.",GEO-D016
SH-SITE-0024,Glasshouse underground trial site,EXPERIMENT_SITE,,,UNLOCATED,OPEN,UNKNOWN,FICTIONAL_IN_REAL_GEOGRAPHY,SRC-A6FFA504C779,docs/canon/DECISION_REGISTER.md,8d20e51a7cf0068729e3296840ccb5ba1ac1d7bd,line:101,| WIL-015 | Glasshouse | LOCKED | Underground machine-vision failure; “the mine gets a vote” |,,UNKNOWN,,Retain source constraint; exact footprint and valid dates require supported implementation.,Unknown host mine; no automatic link to Red Wash.,GEO-D008
SH-SITE-0025,Licensed conversion-facility delivery point,EXTERNAL_DELIVERY_SITE,,,UNLOCATED,OPEN,UNKNOWN,FICTIONAL_IN_REAL_GEOGRAPHY,SRC-748B20676052,docs/canon/RED_WASH_TRANSACTION_OPERATING_RECORD_2026-09-05.md,8d20e51a7cf0068729e3296840ccb5ba1ac1d7bd,line:166,receipt and assay at the modeled licensed conversion-facility delivery point. A,,UNKNOWN,,Retain source constraint; exact footprint and valid dates require supported implementation.,No named real converter is substituted. Qualified external carrier model preserved.,GEO-D008
SH-SITE-0026,Former headquarters / early offices,HISTORICAL_ASSET_FAMILY,SH-ENT-001,,UNLOCATED,OPEN,UNKNOWN,FICTIONAL_IN_REAL_GEOGRAPHY,SRC-40E5C203B8CD,geospatial/sources/MASTER_EXECUTION_MANDATE.md,,line:2572,- historical headquarters;,,UNKNOWN,,Retain source constraint; exact footprint and valid dates require supported implementation.,No predecessor building or opening date established in census.,GEO-D008
SH-RAIL-0001,BS&T 40-mile operating network,RAIL_ROUTE,SH-ENT-009,Wyoming resource-logistics corridor,CITY_OR_DISTRICT,LOCKED_DERIVED_IMPLEMENTATION,ENGINEERED,FICTIONAL_IN_REAL_GEOGRAPHY,SRC-CURRENT-OPS,industrial/source/operations.json,d91a22c35c91b213204411421de88815f27d8e16,/geography,"{""branch_route_miles"": 6.651523236388773, ""branches"": [{""end"": [-108.01259365641332, 41.90370776148441], ""id"": ""BST-EAST"", ""junction"": [-108.06913082528824, 41.86427758524971], ""miles"": 3.999999999999637}, {""end"": [-108.07098660485325, 42.03495699312325], ""id"": ""BST-MINERAL"", ""junction"": [-108.11616017126433, 42.017007957526936], ""miles"": 2.651523236389135}], ""county"": ""Sweetwater County"", ""county_geoid"": ""56037"", ""geojson_crs"": ""EPSG:4326; longitude then latitude"", ""historical_route_epochs"": [{""effective_date"": ""1898-04-06"", ""epoch"": ""1898"", ""event"": ""Coal-origin predecessor organized"", ""extent_state"": ""UNKNOWN_EARLY_ALIGNMENT"", ""history_id"": ""HIST-1898"", ""note"": ""The 1954 surviving-mileage estimate is not backdated into a measured 1898 network."", ""route_miles"": null}, {""effective_date"": ""1954-07-01"", ""epoch"": ""1954"", ""event"": ""Rescue and BS&T reorganization"", ""extent_state"": ""RECONSTRUCTED_RANGE_UNLOCATED"", ""history_id"": ""HIST-1954"", ""note"": ""14–16 surviving route-miles. Diagram placement is conceptual; no georeferenced historical survey or claim of an unchanged modern alignment."", ""route_miles"": null, ""surviving_route_miles_high"": 16, ""surviving_route_miles_low"": 14}, {""effective_date"": ""1968-10-14"", ""epoch"": ""1968"", ""event"": ""Taylor mainline extension and relocated industrial hub complete"", ""extent_state"": ""DERIVED_CASE_ENGINEERING_HISTORY"", ""gross_new_construction_miles"": null, ""history_id"": ""HIST-1968"", ""net_route_growth_from_1954_high"": 19.34847676361104, ""net_route_growth_from_1954_low"": 17.34847676361104, ""note"": ""Net route growth is bounded arithmetically. Gross construction and relocated old-line mileage remain unknown."", ""route_miles"": 33.34847676361104}, {""added_route_miles"": 4, ""effective_date"": ""1972-05-08"", ""epoch"": ""1972"", ""event"": ""East Materials branch added"", ""extent_state"": ""DERIVED_CASE_ENGINEERING_HISTORY"", ""history_id"": ""HIST-1972"", ""route_miles"": 37.34847676361104}, {""added_route_miles"": 2.651523236388961, ""effective_date"": ""1986-09-19"", ""epoch"": ""1986"", ""event"": ""Mineral Transfer branch added"", ""extent_state"": ""DERIVED_CASE_ENGINEERING_HISTORY"", ""history_id"": ""HIST-1986"", ""route_miles"": 40}, {""effective_date"": ""1991-01-02"", ""epoch"": ""1991"", ""event"": ""ARU becomes railway parent; route extent unchanged"", ""extent_state"": ""DERIVED_CASE_ENGINEERING_HISTORY"", ""history_id"": ""HIST-1991"", ""route_miles"": 40}, {""effective_date"": ""2026-09-05"", ""epoch"": ""2026"", ""event"": ""Current operating network"", ""extent_state"": ""CURRENT_SYNTHETIC_ENGINEERED_ALIGNMENT"", ""history_id"": null, ""note"": ""No Red Wash mine rail spur; parallel yard tracks excluded from route mileage."", ""route_miles"": 40}], ""last_mile_road_miles"": 9, ""mainline_route_miles"": 33.34847676361104, ""map_crs"": ""Local equirectangular metric frame, origin42N/-108.1E; mean Earth6371008.8m; screening map only"", ""network_geodesic_route_miles"": 39.99999999999981, ""red_wash_dem_screening_elevation_m"": 2098.42431640625, ""red_wash_lon_lat"": [-108.18, 42.22], ""red_wash_nad83_utm12_m"": [732748.7819909531, 4678053.6106418725], ""road_state"": ""SYNTHETIC existing industrial access, upgraded2026. Geometry is an engineered case assumption, not a verified public-road route or ROW."", ""route_miles_definition"": ""Unique centerline route miles. Parallel yard, shop and passing tracks excluded."", ""route_miles_target"": 40, ""selected_branch_bearings_degrees"": {""BST-EAST"": 45, ""BST-MINERAL"": 60}, ""selected_candidate"": ""TAYLOR-A"", ""selection_reason"": ""33.34848mi inherited screened mainline leaves6.65152mi for external customer branches. B37.06154/C38.81328mi leave too little independent branch estate. No candidate mine rail connector adopted."", ""source_file_sha256"": {""geography/candidate_comparison.json"": ""bf57f866ca9289227f23c17cc01733c942cbcdf1d3025999f5bb853a4101e982"", ""geography/dem_manifest.json"": ""3a6da11c438f93bdfc4050b31e3b3d008f752b78e02d10039a3f821fbd095c4b"", ""geography/derived_ground_profiles.json"": ""b1aad8b21f726c4012cb89a7e955dd3d621c0c6d32176fc990d0d1697ca7fbcf"", ""geography/network.geojson"": ""bd6ea938ec59f50c79ee0a23fb5aa2817dcb1bb98fce8a951a073d0152a406f5"", ""geography/reference_manifest.json"": ""f4ad599b41d8f0e3301408990fa3ccc7f626425a1f625db34263388e71f33783"", ""geography/selected_mainline.geojson"": ""31e41659650ea9117fdd2623ed0b9f2fcd024a7f29b9fb44591548f78251afc4"", ""geography/spatial_screen.json"": ""72ae6cd29e1d7ae131b96e9660a6e388fa4d2255907621e428b6df38d75de461"", ""geography/wamsutter_fra_rail.geojson"": ""d24d20bdae879bff9cbbbb2ca968e52697b42913aba7614e9dca7038542c9b42"", ""geography/wamsutter_highways.geojson"": ""81fe705260fefe9d195d4a1c8f362930af6aad7b6bf40064c9017795b838e24f"", ""geography/wyoming_counties.geojson"": ""77b08fefe008358324d49b9ef769257ad1aa5cb3f91f72ff15b8a37313a6e5ab"", ""geography/wyoming_dem_service.json"": ""a300a739a6e47627d1cd6921fca368004d88a8ac62d6d32c64571c669e4349bb"", ""geography/wyoming_local_roads.geojson"": ""7e3345de206ce8dd2610ad4469175b239ea72f0126dff0c89ada3c5b8b058c75"", ""geography/wyoming_screening_dem.tif"": ""0ea3719bb01c73e6e4ccaf1c21defa609a945ae7342ce58409479f574ba19b96"", ""geography/wyoming_waterbodies.geojson"": ""82c333660ce69714452e999c9ef871adb5bbcf328776cc81ce2dd003482a046f""}, ""taylor_lon_lat"": [-108.1, 42.12], ""wamsutter_junction_lon_lat"": [-107.96562715205644, 41.6744965783547]}",,UNKNOWN,,Reconcile with accepted industrial model; precise surveying/land rights remain separate.,Current case source replaces old unresolved/proposed scope. Taylor is fictional; municipal incorporation is not asserted.,GEO-D018
SH-RAIL-0002,Taylor–Red Wash truck-only access and transload interface,INTERFACE_ALTERNATIVE,SH-ENT-009,"Red Wash–Wamsutter system, Wyoming",CITY_OR_DISTRICT,LOCKED_DERIVED_IMPLEMENTATION,ENGINEERED,FICTIONAL_IN_REAL_GEOGRAPHY,SRC-CURRENT-OPS,industrial/source/operations.json,d91a22c35c91b213204411421de88815f27d8e16,/geography,"{""branch_route_miles"": 6.651523236388773, ""branches"": [{""end"": [-108.01259365641332, 41.90370776148441], ""id"": ""BST-EAST"", ""junction"": [-108.06913082528824, 41.86427758524971], ""miles"": 3.999999999999637}, {""end"": [-108.07098660485325, 42.03495699312325], ""id"": ""BST-MINERAL"", ""junction"": [-108.11616017126433, 42.017007957526936], ""miles"": 2.651523236389135}], ""county"": ""Sweetwater County"", ""county_geoid"": ""56037"", ""geojson_crs"": ""EPSG:4326; longitude then latitude"", ""historical_route_epochs"": [{""effective_date"": ""1898-04-06"", ""epoch"": ""1898"", ""event"": ""Coal-origin predecessor organized"", ""extent_state"": ""UNKNOWN_EARLY_ALIGNMENT"", ""history_id"": ""HIST-1898"", ""note"": ""The 1954 surviving-mileage estimate is not backdated into a measured 1898 network."", ""route_miles"": null}, {""effective_date"": ""1954-07-01"", ""epoch"": ""1954"", ""event"": ""Rescue and BS&T reorganization"", ""extent_state"": ""RECONSTRUCTED_RANGE_UNLOCATED"", ""history_id"": ""HIST-1954"", ""note"": ""14–16 surviving route-miles. Diagram placement is conceptual; no georeferenced historical survey or claim of an unchanged modern alignment."", ""route_miles"": null, ""surviving_route_miles_high"": 16, ""surviving_route_miles_low"": 14}, {""effective_date"": ""1968-10-14"", ""epoch"": ""1968"", ""event"": ""Taylor mainline extension and relocated industrial hub complete"", ""extent_state"": ""DERIVED_CASE_ENGINEERING_HISTORY"", ""gross_new_construction_miles"": null, ""history_id"": ""HIST-1968"", ""net_route_growth_from_1954_high"": 19.34847676361104, ""net_route_growth_from_1954_low"": 17.34847676361104, ""note"": ""Net route growth is bounded arithmetically. Gross construction and relocated old-line mileage remain unknown."", ""route_miles"": 33.34847676361104}, {""added_route_miles"": 4, ""effective_date"": ""1972-05-08"", ""epoch"": ""1972"", ""event"": ""East Materials branch added"", ""extent_state"": ""DERIVED_CASE_ENGINEERING_HISTORY"", ""history_id"": ""HIST-1972"", ""route_miles"": 37.34847676361104}, {""added_route_miles"": 2.651523236388961, ""effective_date"": ""1986-09-19"", ""epoch"": ""1986"", ""event"": ""Mineral Transfer branch added"", ""extent_state"": ""DERIVED_CASE_ENGINEERING_HISTORY"", ""history_id"": ""HIST-1986"", ""route_miles"": 40}, {""effective_date"": ""1991-01-02"", ""epoch"": ""1991"", ""event"": ""ARU becomes railway parent; route extent unchanged"", ""extent_state"": ""DERIVED_CASE_ENGINEERING_HISTORY"", ""history_id"": ""HIST-1991"", ""route_miles"": 40}, {""effective_date"": ""2026-09-05"", ""epoch"": ""2026"", ""event"": ""Current operating network"", ""extent_state"": ""CURRENT_SYNTHETIC_ENGINEERED_ALIGNMENT"", ""history_id"": null, ""note"": ""No Red Wash mine rail spur; parallel yard tracks excluded from route mileage."", ""route_miles"": 40}], ""last_mile_road_miles"": 9, ""mainline_route_miles"": 33.34847676361104, ""map_crs"": ""Local equirectangular metric frame, origin42N/-108.1E; mean Earth6371008.8m; screening map only"", ""network_geodesic_route_miles"": 39.99999999999981, ""red_wash_dem_screening_elevation_m"": 2098.42431640625, ""red_wash_lon_lat"": [-108.18, 42.22], ""red_wash_nad83_utm12_m"": [732748.7819909531, 4678053.6106418725], ""road_state"": ""SYNTHETIC existing industrial access, upgraded2026. Geometry is an engineered case assumption, not a verified public-road route or ROW."", ""route_miles_definition"": ""Unique centerline route miles. Parallel yard, shop and passing tracks excluded."", ""route_miles_target"": 40, ""selected_branch_bearings_degrees"": {""BST-EAST"": 45, ""BST-MINERAL"": 60}, ""selected_candidate"": ""TAYLOR-A"", ""selection_reason"": ""33.34848mi inherited screened mainline leaves6.65152mi for external customer branches. B37.06154/C38.81328mi leave too little independent branch estate. No candidate mine rail connector adopted."", ""source_file_sha256"": {""geography/candidate_comparison.json"": ""bf57f866ca9289227f23c17cc01733c942cbcdf1d3025999f5bb853a4101e982"", ""geography/dem_manifest.json"": ""3a6da11c438f93bdfc4050b31e3b3d008f752b78e02d10039a3f821fbd095c4b"", ""geography/derived_ground_profiles.json"": ""b1aad8b21f726c4012cb89a7e955dd3d621c0c6d32176fc990d0d1697ca7fbcf"", ""geography/network.geojson"": ""bd6ea938ec59f50c79ee0a23fb5aa2817dcb1bb98fce8a951a073d0152a406f5"", ""geography/reference_manifest.json"": ""f4ad599b41d8f0e3301408990fa3ccc7f626425a1f625db34263388e71f33783"", ""geography/selected_mainline.geojson"": ""31e41659650ea9117fdd2623ed0b9f2fcd024a7f29b9fb44591548f78251afc4"", ""geography/spatial_screen.json"": ""72ae6cd29e1d7ae131b96e9660a6e388fa4d2255907621e428b6df38d75de461"", ""geography/wamsutter_fra_rail.geojson"": ""d24d20bdae879bff9cbbbb2ca968e52697b42913aba7614e9dca7038542c9b42"", ""geography/wamsutter_highways.geojson"": ""81fe705260fefe9d195d4a1c8f362930af6aad7b6bf40064c9017795b838e24f"", ""geography/wyoming_counties.geojson"": ""77b08fefe008358324d49b9ef769257ad1aa5cb3f91f72ff15b8a37313a6e5ab"", ""geography/wyoming_dem_service.json"": ""a300a739a6e47627d1cd6921fca368004d88a8ac62d6d32c64571c669e4349bb"", ""geography/wyoming_local_roads.geojson"": ""7e3345de206ce8dd2610ad4469175b239ea72f0126dff0c89ada3c5b8b058c75"", ""geography/wyoming_screening_dem.tif"": ""0ea3719bb01c73e6e4ccaf1c21defa609a945ae7342ce58409479f574ba19b96"", ""geography/wyoming_waterbodies.geojson"": ""82c333660ce69714452e999c9ef871adb5bbcf328776cc81ce2dd003482a046f""}, ""taylor_lon_lat"": [-108.1, 42.12], ""wamsutter_junction_lon_lat"": [-107.96562715205644, 41.6744965783547]}",,UNKNOWN,,Reconcile with accepted industrial model; precise surveying/land rights remain separate.,Current case source replaces old unresolved/proposed scope. Taylor is fictional; municipal incorporation is not asserted.,GEO-D018
SH-RAIL-0003,BS&T historical/abandoned branches,HISTORICAL_ROUTE_FAMILY,SH-ENT-009,,UNLOCATED,OPEN,UNKNOWN,FICTIONAL_IN_REAL_GEOGRAPHY,SRC-9C0F6B8A1E54,docs/canon/DECISION_REGISTER_ADDENDUM_2026-09-05_RED_WASH.md,8d20e51a7cf0068729e3296840ccb5ba1ac1d7bd,line:41,"| RW-025 | Full ARU/BS&T case | OPEN | OPEN | Acquisition date and terms, seller, assets, routes, customers, workforce, finances, final interface design, and final custody decision are reserved |",,UNKNOWN,,Early coal-era and abandoned alignments remain unlocated; current mainline/branches and opening epochs are already modeled.,1898 and 1954 geometry must not be backfilled from current track; industrial history controls known chronology.,GEO-D008
SH-REF-0001,Sacramento,MUNICIPALITY,,"Sacramento, California",CITY_OR_DISTRICT,REFERENCE_ONLY,REAL_REFERENCE,REAL,SRC-40E5C203B8CD,geospatial/sources/MASTER_EXECUTION_MANDATE.md,,line:1498,1. Sable Harbor HQ remains Sacramento.,,UNKNOWN,,Retain source constraint; exact footprint and valid dates require supported implementation.,,GEO-D008
SH-REF-0002,Sacramento Railyards / River District seam,DISTRICT,,"Sacramento, California",CITY_OR_DISTRICT,REFERENCE_ONLY,REAL_REFERENCE,REAL,SRC-40E5C203B8CD,geospatial/sources/MASTER_EXECUTION_MANDATE.md,,line:1499,2. HQ is situated in the Sacramento Railyards / River District seam.,,UNKNOWN,,Retain source constraint; exact footprint and valid dates require supported implementation.,Study envelope is analyst-defined; not an official plan boundary.,GEO-D008
SH-REF-0003,Pittsburgh,MUNICIPALITY,,"Pittsburgh, Pennsylvania",CITY_OR_DISTRICT,REFERENCE_ONLY,REAL_REFERENCE,REAL,SRC-9525A89B2336,docs/canon/SABLE_HARBOR_CORPORATE_LORE_CANON_v0.3.md,8d20e51a7cf0068729e3296840ccb5ba1ac1d7bd,line:706,"Gid remains in Pittsburgh. His office is in the laboratory, not at headquarters.",,UNKNOWN,,Retain source constraint; exact footprint and valid dates require supported implementation.,,GEO-D008
SH-REF-0004,Hazelwood / Hazelwood Green,DISTRICT,,"Pittsburgh, Pennsylvania",CITY_OR_DISTRICT,REFERENCE_ONLY,REAL_REFERENCE,REAL,SRC-40E5C203B8CD,geospatial/sources/MASTER_EXECUTION_MANDATE.md,,line:320,    Hazelwood / Hazelwood Green industrial context,,UNKNOWN,,Retain source constraint; exact footprint and valid dates require supported implementation.,Real redevelopment and tenant interests not owned by Sable Harbor.,GEO-D008
SH-REF-0005,Charleston,MUNICIPALITY,,"Charleston, West Virginia",CITY_OR_DISTRICT,REFERENCE_ONLY,REAL_REFERENCE,REAL,SRC-A6FFA504C779,docs/canon/DECISION_REGISTER.md,8d20e51a7cf0068729e3296840ccb5ba1ac1d7bd,line:88,"| EMB-001 | Project Emberline | LOCKED supersession | 2022–2025 Charleston coal field/commercial venture, not standalone 2026 division |",,UNKNOWN,,Retain source constraint; exact footprint and valid dates require supported implementation.,,GEO-D008
SH-REF-0006,Belle,MUNICIPALITY,,"Belle, West Virginia",CITY_OR_DISTRICT,REFERENCE_ONLY,REAL_REFERENCE,REAL,SRC-40E5C203B8CD,geospatial/sources/MASTER_EXECUTION_MANDATE.md,,line:347,    Belle / Kanawha Valley industrial corridor,,UNKNOWN,,Retain source constraint; exact footprint and valid dates require supported implementation.,,GEO-D008
SH-REF-0007,Kanawha River / Valley,RIVER_CORRIDOR,,West Virginia,CITY_OR_DISTRICT,REFERENCE_ONLY,REAL_REFERENCE,REAL,SRC-40E5C203B8CD,geospatial/sources/MASTER_EXECUTION_MANDATE.md,,line:360,"The river/valley is KANAWHA, not ""Kenawa.""",,UNKNOWN,,Retain source constraint; exact footprint and valid dates require supported implementation.,No navigability or barge rights inferred.,GEO-D008
SH-REF-0008,Wamsutter,MUNICIPALITY,,Wyoming,REGIONAL,REFERENCE_ONLY,REAL_REFERENCE,REAL,SRC-40E5C203B8CD,geospatial/sources/MASTER_EXECUTION_MANDATE.md,,line:446,"Wamsutter, Wyoming is REAL_REFERENCE geography.",,UNKNOWN,,Retain source constraint; exact footprint and valid dates require supported implementation.,,GEO-D008
SH-REF-0009,Great Divide Basin / Red Desert,RESOURCE_REGION,,Wyoming,REGIONAL,REFERENCE_ONLY,REAL_REFERENCE,REAL,SRC-40E5C203B8CD,geospatial/sources/MASTER_EXECUTION_MANDATE.md,,line:390,    Great Divide Basin / Red Desert geography,,UNKNOWN,,Retain source constraint; exact footprint and valid dates require supported implementation.,No exact watershed/geological boundary inferred.,GEO-D008
SH-REF-0010,Sweetwater County,COUNTY,,Wyoming,REGIONAL,REFERENCE_ONLY,REAL_REFERENCE,REAL,SRC-40E5C203B8CD,geospatial/sources/MASTER_EXECUTION_MANDATE.md,,line:391,"    Sweetwater County, Wyoming",,UNKNOWN,,Retain source constraint; exact footprint and valid dates require supported implementation.,,GEO-D008
SH-REF-0011,Carbon County,COUNTY,,Wyoming,REGIONAL,REFERENCE_ONLY,REAL_REFERENCE,REAL,SRC-8A959F20B570,red_wash/docs/02_GEOLOGICAL_TECHNICAL_REPORT.md,8d20e51a7cf0068729e3296840ccb5ba1ac1d7bd,line:7,"The locked location is Wyoming. The selected synthetic site scenario places Red Wash on the high plains of Carbon County at 42.3127° N, 106.9213° W and approximately 6,420 feet elevation, across roughly 7,480 acres with approximately 620 acres of current disturbance. Those site-specific values are scenario details rather than separately locked geographic canon.",,UNKNOWN,,Retain source constraint; exact footprint and valid dates require supported implementation.,Printed pin validates here; conflicting fictional siting claim preserved.,GEO-D008
SH-REF-0012,Nevada,STATE,,Nevada,REGIONAL,REFERENCE_ONLY,REAL_REFERENCE,REAL,SRC-9525A89B2336,docs/canon/SABLE_HARBOR_CORPORATE_LORE_CANON_v0.3.md,8d20e51a7cf0068729e3296840ccb5ba1ac1d7bd,line:68,"- Argent Ridge Mining operated Blackridge, a Nevada open-pit copper-and-gold mine.",,UNKNOWN,,Retain source constraint; exact footprint and valid dates require supported implementation.,,GEO-D008
SH-REF-0013,South Australia,STATE,,South Australia,REGIONAL,REFERENCE_ONLY,REAL_REFERENCE,REAL,SRC-9525A89B2336,docs/canon/SABLE_HARBOR_CORPORATE_LORE_CANON_v0.3.md,8d20e51a7cf0068729e3296840ccb5ba1ac1d7bd,line:1089,"The uranium work is centered in South Australia, where major uranium operations and resources provide several different operating models rather than one clean template.",2024,YEAR_OR_RANGE,,Retain source constraint; exact footprint and valid dates require supported implementation.,Exact operating sites and itinerary are open.,GEO-D008
SH-REF-0014,Tasmania,STATE,,Tasmania,REGIONAL,REFERENCE_ONLY,REAL_REFERENCE,REAL,SRC-9525A89B2336,docs/canon/SABLE_HARBOR_CORPORATE_LORE_CANON_v0.3.md,8d20e51a7cf0068729e3296840ccb5ba1ac1d7bd,line:1091,The trip also reaches Tasmania.,2024,YEAR_OR_RANGE,,Retain source constraint; exact footprint and valid dates require supported implementation.,"Archive/history trip context, not a claim of Tasmanian uranium mining.",GEO-D008
SH-REF-0015,Mole Creek Hotel,LORE_VENUE,,"Mole Creek, Tasmania",CITY_OR_DISTRICT,REFERENCE_ONLY,REAL_REFERENCE,REAL,SRC-9525A89B2336,docs/canon/SABLE_HARBOR_CORPORATE_LORE_CANON_v0.3.md,8d20e51a7cf0068729e3296840ccb5ba1ac1d7bd,line:1093,"The Tasmania segment begins at the **Mole Creek Hotel** and becomes more consequential than expected. The party investigates mining records, industrial history, and the relationship between what is formally in a data room and what survives elsewhere in local archives, operating memory, and process history.",2024,YEAR_OR_RANGE,,Retain source constraint; exact footprint and valid dates require supported implementation.,Visit is fictional canon. Exact entrance coordinates not assigned.,GEO-D008
SH-REF-0016,Little Green Men Brewing Co. / British Hotel,LORE_VENUE,,"Deloraine, Tasmania",CITY_OR_DISTRICT,REFERENCE_ONLY,REAL_REFERENCE,REAL,SRC-9525A89B2336,docs/canon/SABLE_HARBOR_CORPORATE_LORE_CANON_v0.3.md,8d20e51a7cf0068729e3296840ccb5ba1ac1d7bd,line:1110,"At **Little Green Men Brewing Co.**, inside the historic British Hotel in Deloraine, Tasmania, Mari, Kenji Arakawa, and other members of the traveling group argue over whether Sable Harbor should pursue uranium, rare earths, or neither.",2024,YEAR_OR_RANGE,,Retain source constraint; exact footprint and valid dates require supported implementation.,"Meeting is fictional canon; real venue reference, no ownership claim.",GEO-D008
SH-REF-0017,Deloraine,MUNICIPALITY,,"Deloraine, Tasmania",CITY_OR_DISTRICT,REFERENCE_ONLY,REAL_REFERENCE,REAL,SRC-A6FFA504C779,docs/canon/DECISION_REGISTER.md,8d20e51a7cf0068729e3296840ccb5ba1ac1d7bd,line:160,| AUS-003 | Little Green Men Brewing Co. | LOCKED | Deloraine meeting location inside historic British Hotel |,2024,YEAR_OR_RANGE,,Retain source constraint; exact footprint and valid dates require supported implementation.,,GEO-D008
SH-REF-0018,Mole Creek,MUNICIPALITY,,"Mole Creek, Tasmania",CITY_OR_DISTRICT,REFERENCE_ONLY,REAL_REFERENCE,REAL,SRC-1BC6AF8E56F7,docs/canon/SABLE_HARBOR_CONTINUITY_AUDIT_v0.2.md,8d20e51a7cf0068729e3296840ccb5ba1ac1d7bd,line:409,"- Mole Creek Hotel, Mole Creek, Tasmania;",2024,YEAR_OR_RANGE,,Retain source constraint; exact footprint and valid dates require supported implementation.,,GEO-D008
SH-REF-0019,Sar-e-Sang mining area,MINING_DISTRICT,,"Badakhshan, Afghanistan",REGIONAL,REFERENCE_ONLY,REAL_REFERENCE,REAL,SRC-9525A89B2336,docs/canon/SABLE_HARBOR_CORPORATE_LORE_CANON_v0.3.md,8d20e51a7cf0068729e3296840ccb5ba1ac1d7bd,line:620,"Two Evalon personnel travel to Central Asia under a loosely authorized industrial observation and research premise. The trip expands into an approximately three-week unsanctioned journey involving Sar-e-Sang and other mining areas in Badakhshan, Afghanistan.",2022,YEAR_OR_RANGE,,Retain source constraint; exact footprint and valid dates require supported implementation.,"Event context; travelers, route and access arrangements open.",GEO-D008
SH-REF-0020,Badakhshan,REGION,,"Badakhshan, Afghanistan",REGIONAL,REFERENCE_ONLY,REAL_REFERENCE,REAL,SRC-9525A89B2336,docs/canon/SABLE_HARBOR_CORPORATE_LORE_CANON_v0.3.md,8d20e51a7cf0068729e3296840ccb5ba1ac1d7bd,line:620,"Two Evalon personnel travel to Central Asia under a loosely authorized industrial observation and research premise. The trip expands into an approximately three-week unsanctioned journey involving Sar-e-Sang and other mining areas in Badakhshan, Afghanistan.",2022,YEAR_OR_RANGE,,Retain source constraint; exact footprint and valid dates require supported implementation.,,GEO-D008
SH-REF-0021,Central Asia,REGION,,Central Asia,REGIONAL,REFERENCE_ONLY,REAL_REFERENCE,REAL,SRC-9525A89B2336,docs/canon/SABLE_HARBOR_CORPORATE_LORE_CANON_v0.3.md,8d20e51a7cf0068729e3296840ccb5ba1ac1d7bd,line:620,"Two Evalon personnel travel to Central Asia under a loosely authorized industrial observation and research premise. The trip expands into an approximately three-week unsanctioned journey involving Sar-e-Sang and other mining areas in Badakhshan, Afghanistan.",2022,YEAR_OR_RANGE,,Retain source constraint; exact footprint and valid dates require supported implementation.,No fabricated itinerary.,GEO-D008
SH-REF-0022,University of Montana,PERSON_HISTORY_REFERENCE,,Montana,REGIONAL,REFERENCE_ONLY,REAL_REFERENCE,REAL,SRC-9525A89B2336,docs/canon/SABLE_HARBOR_CORPORATE_LORE_CANON_v0.3.md,8d20e51a7cf0068729e3296840ccb5ba1ac1d7bd,line:867,He is an Army special-operations veteran studying management information systems at the University of Montana. He spends substantial personal time building machine-learning and agent projects but cannot obtain the conventional internship or entry-level opportunity that would validate the work.,2025,YEAR_OR_RANGE,,Retain source constraint; exact footprint and valid dates require supported implementation.,"Biographical background, not corporate property.",GEO-D008
SH-REF-0023,Colorado agency context,PERSON_HISTORY_REFERENCE,,Colorado,REGIONAL,REFERENCE_ONLY,REAL_REFERENCE,REAL,SRC-9525A89B2336,docs/canon/SABLE_HARBOR_CORPORATE_LORE_CANON_v0.3.md,8d20e51a7cf0068729e3296840ccb5ba1ac1d7bd,line:883,"She is intensely rules-oriented, highly organized, and deeply committed to mining as a public and industrial vocation. Her preferred career is with a Colorado mining, reclamation, or mine-safety agency. A government hiring interruption, budget disruption, or furlough affecting an early-career role pushes her unexpectedly toward Willow.",2025,YEAR_OR_RANGE,,Retain source constraint; exact footprint and valid dates require supported implementation.,No specific agency named.,GEO-D008
SH-REF-0024,Upper Red Wash Mine,NAME_COLLISION_REFERENCE,,Arizona,CITY_OR_DISTRICT,REFERENCE_ONLY,REAL_REFERENCE,REAL,SRC-6529D6724FBF,docs/legal/PRELIMINARY_NAME_AND_MARK_SCREEN.md,8d20e51a7cf0068729e3296840ccb5ba1ac1d7bd,line:113,"The limited screen found historical **Upper Red Wash Mine** uranium references in Arizona and model-railroad use of “Blood, Sweat & Tears Railway.” These are not federal clearance results, but they are enough to prevent an unsupported “no conflicts” statement.",,UNKNOWN,,Retain source constraint; exact footprint and valid dates require supported implementation.,Source-reported naming comparison only; not this fictional mine.,GEO-D008
SH-REF-0025,California Capitol adjacency,REJECTED_GEOGRAPHY,,"Sacramento, California",CITY_OR_DISTRICT,REFERENCE_ONLY,REAL_REFERENCE,REAL,SRC-F57EE60ABBEA,docs/canon/CORPORATE_HEADQUARTERS_CLOSEOUT_2026-09-03.md,8d20e51a7cf0068729e3296840ccb5ba1ac1d7bd,line:341,"The canonical September 3 exterior reference depicts contemporary glass, metal, concrete, and warm wood; landscaped grasses, stone, trees, water, and a clear illuminated SABLE HARBOR / HEADQUARTERS / SACRAMENTO, CALIFORNIA monument. No invented Capitol or San Jose setting is canon. Canonical source-image SHA-256 at approval: `2bf5a1209b9c3ece435271f2fbf5a3c827bbbccf242ea4ee60535749ccee9d92`.",2026,YEAR_OR_RANGE,,Retain source constraint; exact footprint and valid dates require supported implementation.,"Explicit rejected depiction, not an HQ location.",GEO-D008
SH-REF-0026,San Jose,REJECTED_GEOGRAPHY,,"San Jose, California",CITY_OR_DISTRICT,REFERENCE_ONLY,REAL_REFERENCE,REAL,SRC-F57EE60ABBEA,docs/canon/CORPORATE_HEADQUARTERS_CLOSEOUT_2026-09-03.md,8d20e51a7cf0068729e3296840ccb5ba1ac1d7bd,line:341,"The canonical September 3 exterior reference depicts contemporary glass, metal, concrete, and warm wood; landscaped grasses, stone, trees, water, and a clear illuminated SABLE HARBOR / HEADQUARTERS / SACRAMENTO, CALIFORNIA monument. No invented Capitol or San Jose setting is canon. Canonical source-image SHA-256 at approval: `2bf5a1209b9c3ece435271f2fbf5a3c827bbbccf242ea4ee60535749ccee9d92`.",2026,YEAR_OR_RANGE,,Retain source constraint; exact footprint and valid dates require supported implementation.,Explicit rejected HQ geography.,GEO-D008
SH-FAC-RW-001,Red Wash Mine Portal (Decline),SOURCE_IMAGE_FACILITY,SH-ENT-007,"Red Wash site, Wyoming",UNLOCATED_WITHIN_SITE,OPEN,UNKNOWN,FICTIONAL_IN_REAL_GEOGRAPHY,SRC-7B82D38FA142,assets/brand/maps/red_wash__site_overview.png,8d20e51a7cf0068729e3296840ccb5ba1ac1d7bd,site key / visible label: Mine Portal (Decline),Mine Portal (Decline),,UNKNOWN,,Implement detailed site geometry at the locked Sweetwater anchor; the location decision is resolved.,"Label observed directly in approved source image. No pixel georeferencing, geographic position or rail custody inferred. Original imagery is conceptual and superseded for county, coordinates and rail access.",GEO-D008
SH-FAC-RW-002,Red Wash Surface Operations,SOURCE_IMAGE_FACILITY,SH-ENT-007,"Red Wash site, Wyoming",UNLOCATED_WITHIN_SITE,OPEN,UNKNOWN,FICTIONAL_IN_REAL_GEOGRAPHY,SRC-7B82D38FA142,assets/brand/maps/red_wash__site_overview.png,8d20e51a7cf0068729e3296840ccb5ba1ac1d7bd,site key / visible label: Surface Operations,Surface Operations,,UNKNOWN,,Implement detailed site geometry at the locked Sweetwater anchor; the location decision is resolved.,"Label observed directly in approved source image. No pixel georeferencing, geographic position or rail custody inferred. Original imagery is conceptual and superseded for county, coordinates and rail access.",GEO-D008
SH-FAC-RW-003,Red Wash Ventilation Raise (Exhaust),SOURCE_IMAGE_FACILITY,SH-ENT-007,"Red Wash site, Wyoming",UNLOCATED_WITHIN_SITE,OPEN,UNKNOWN,FICTIONAL_IN_REAL_GEOGRAPHY,SRC-7B82D38FA142,assets/brand/maps/red_wash__site_overview.png,8d20e51a7cf0068729e3296840ccb5ba1ac1d7bd,site key / visible label: Ventilation Raise (Exhaust),Ventilation Raise (Exhaust),,UNKNOWN,,Implement detailed site geometry at the locked Sweetwater anchor; the location decision is resolved.,"Label observed directly in approved source image. No pixel georeferencing, geographic position or rail custody inferred. Original imagery is conceptual and superseded for county, coordinates and rail access.",GEO-D008
SH-FAC-RW-004,Red Wash Fresh Air Intake,SOURCE_IMAGE_FACILITY,SH-ENT-007,"Red Wash site, Wyoming",UNLOCATED_WITHIN_SITE,OPEN,UNKNOWN,FICTIONAL_IN_REAL_GEOGRAPHY,SRC-7B82D38FA142,assets/brand/maps/red_wash__site_overview.png,8d20e51a7cf0068729e3296840ccb5ba1ac1d7bd,site key / visible label: Fresh Air Intake,Fresh Air Intake,,UNKNOWN,,Implement detailed site geometry at the locked Sweetwater anchor; the location decision is resolved.,"Label observed directly in approved source image. No pixel georeferencing, geographic position or rail custody inferred. Original imagery is conceptual and superseded for county, coordinates and rail access.",GEO-D008
SH-FAC-RW-005,Red Wash Processing Plant,SOURCE_IMAGE_FACILITY,SH-ENT-007,"Red Wash site, Wyoming",UNLOCATED_WITHIN_SITE,OPEN,UNKNOWN,FICTIONAL_IN_REAL_GEOGRAPHY,SRC-7B82D38FA142,assets/brand/maps/red_wash__site_overview.png,8d20e51a7cf0068729e3296840ccb5ba1ac1d7bd,site key / visible label: Processing Plant,Processing Plant,,UNKNOWN,,Implement detailed site geometry at the locked Sweetwater anchor; the location decision is resolved.,"Label observed directly in approved source image. No pixel georeferencing, geographic position or rail custody inferred. Original imagery is conceptual and superseded for county, coordinates and rail access.",GEO-D008
SH-FAC-RW-006,Red Wash Loadout (Rail/Truck),SOURCE_IMAGE_FACILITY,SH-ENT-007,"Red Wash site, Wyoming",UNLOCATED_WITHIN_SITE,OPEN,UNKNOWN,FICTIONAL_IN_REAL_GEOGRAPHY,SRC-7B82D38FA142,assets/brand/maps/red_wash__site_overview.png,8d20e51a7cf0068729e3296840ccb5ba1ac1d7bd,site key / visible label: Loadout (Rail/Truck),Loadout (Rail/Truck),,UNKNOWN,,Implement detailed site geometry at the locked Sweetwater anchor; the location decision is resolved.,"Label observed directly in approved source image. No pixel georeferencing, geographic position or rail custody inferred. Original imagery is conceptual and superseded for county, coordinates and rail access.",GEO-D008
SH-FAC-RW-007,Red Wash Tailings Management Facility,SOURCE_IMAGE_FACILITY,SH-ENT-007,"Red Wash site, Wyoming",UNLOCATED_WITHIN_SITE,OPEN,UNKNOWN,FICTIONAL_IN_REAL_GEOGRAPHY,SRC-7B82D38FA142,assets/brand/maps/red_wash__site_overview.png,8d20e51a7cf0068729e3296840ccb5ba1ac1d7bd,site key / visible label: Tailings Management Facility,Tailings Management Facility,,UNKNOWN,,Implement detailed site geometry at the locked Sweetwater anchor; the location decision is resolved.,"Label observed directly in approved source image. No pixel georeferencing, geographic position or rail custody inferred. Original imagery is conceptual and superseded for county, coordinates and rail access.",GEO-D008
SH-FAC-RW-008,Red Wash Administration / Dry,SOURCE_IMAGE_FACILITY,SH-ENT-007,"Red Wash site, Wyoming",UNLOCATED_WITHIN_SITE,OPEN,UNKNOWN,FICTIONAL_IN_REAL_GEOGRAPHY,SRC-7B82D38FA142,assets/brand/maps/red_wash__site_overview.png,8d20e51a7cf0068729e3296840ccb5ba1ac1d7bd,site key / visible label: Administration / Dry,Administration / Dry,,UNKNOWN,,Implement detailed site geometry at the locked Sweetwater anchor; the location decision is resolved.,"Label observed directly in approved source image. No pixel georeferencing, geographic position or rail custody inferred. Original imagery is conceptual and superseded for county, coordinates and rail access.",GEO-D008
SH-FAC-RW-009,Red Wash Power Substation,SOURCE_IMAGE_FACILITY,SH-ENT-007,"Red Wash site, Wyoming",UNLOCATED_WITHIN_SITE,OPEN,UNKNOWN,FICTIONAL_IN_REAL_GEOGRAPHY,SRC-7B82D38FA142,assets/brand/maps/red_wash__site_overview.png,8d20e51a7cf0068729e3296840ccb5ba1ac1d7bd,site key / visible label: Power Substation,Power Substation,,UNKNOWN,,Implement detailed site geometry at the locked Sweetwater anchor; the location decision is resolved.,"Label observed directly in approved source image. No pixel georeferencing, geographic position or rail custody inferred. Original imagery is conceptual and superseded for county, coordinates and rail access.",GEO-D008
SH-FAC-RW-010,Red Wash Maintenance,SOURCE_IMAGE_FACILITY,SH-ENT-007,"Red Wash site, Wyoming",UNLOCATED_WITHIN_SITE,OPEN,UNKNOWN,FICTIONAL_IN_REAL_GEOGRAPHY,SRC-7B82D38FA142,assets/brand/maps/red_wash__site_overview.png,8d20e51a7cf0068729e3296840ccb5ba1ac1d7bd,site key / visible label: Maintenance,Maintenance,,UNKNOWN,,Implement detailed site geometry at the locked Sweetwater anchor; the location decision is resolved.,"Label observed directly in approved source image. No pixel georeferencing, geographic position or rail custody inferred. Original imagery is conceptual and superseded for county, coordinates and rail access.",GEO-D008
SH-FAC-RW-011,Red Wash Mine Rescue / Emergency,SOURCE_IMAGE_FACILITY,SH-ENT-007,"Red Wash site, Wyoming",UNLOCATED_WITHIN_SITE,OPEN,UNKNOWN,FICTIONAL_IN_REAL_GEOGRAPHY,SRC-7B82D38FA142,assets/brand/maps/red_wash__site_overview.png,8d20e51a7cf0068729e3296840ccb5ba1ac1d7bd,site key / visible label: Mine Rescue / Emergency,Mine Rescue / Emergency,,UNKNOWN,,Implement detailed site geometry at the locked Sweetwater anchor; the location decision is resolved.,"Label observed directly in approved source image. No pixel georeferencing, geographic position or rail custody inferred. Original imagery is conceptual and superseded for county, coordinates and rail access.",GEO-D008
SH-FAC-RW-012,Red Wash Fuel & Explosives Storage,SOURCE_IMAGE_FACILITY,SH-ENT-007,"Red Wash site, Wyoming",UNLOCATED_WITHIN_SITE,OPEN,UNKNOWN,FICTIONAL_IN_REAL_GEOGRAPHY,SRC-7B82D38FA142,assets/brand/maps/red_wash__site_overview.png,8d20e51a7cf0068729e3296840ccb5ba1ac1d7bd,site key / visible label: Fuel & Explosives Storage,Fuel & Explosives Storage,,UNKNOWN,,Implement detailed site geometry at the locked Sweetwater anchor; the location decision is resolved.,"Label observed directly in approved source image. No pixel georeferencing, geographic position or rail custody inferred. Original imagery is conceptual and superseded for county, coordinates and rail access.",GEO-D008
SH-FAC-RW-013,Red Wash Water Management,SOURCE_IMAGE_FACILITY,SH-ENT-007,"Red Wash site, Wyoming",UNLOCATED_WITHIN_SITE,OPEN,UNKNOWN,FICTIONAL_IN_REAL_GEOGRAPHY,SRC-7B82D38FA142,assets/brand/maps/red_wash__site_overview.png,8d20e51a7cf0068729e3296840ccb5ba1ac1d7bd,site key / visible label: Water Management,Water Management,,UNKNOWN,,Implement detailed site geometry at the locked Sweetwater anchor; the location decision is resolved.,"Label observed directly in approved source image. No pixel georeferencing, geographic position or rail custody inferred. Original imagery is conceptual and superseded for county, coordinates and rail access.",GEO-D008
SH-FAC-RW-L1,Red Wash underground level 1,CONCEPTUAL_UNDERGROUND_LEVEL,SH-ENT-007,"Red Wash underground, Wyoming",RELATIVE_DEPTH_ONLY,OPEN,UNKNOWN,FICTIONAL_IN_REAL_GEOGRAPHY,SRC-4BCEA6C47614,assets/brand/maps/red_wash__underground_plan.png,8d20e51a7cf0068729e3296840ccb5ba1ac1d7bd,underground level 1,LEVEL 1 (-500 feet),,UNKNOWN,,Implement detailed site geometry at the locked Sweetwater anchor; the location decision is resolved.,"Transcribed label; apostrophe depth notation expanded to feet. Original imagery is conceptual and superseded for county, coordinates and rail access.",GEO-D008
SH-FAC-RW-L2,Red Wash underground level 2,CONCEPTUAL_UNDERGROUND_LEVEL,SH-ENT-007,"Red Wash underground, Wyoming",RELATIVE_DEPTH_ONLY,OPEN,UNKNOWN,FICTIONAL_IN_REAL_GEOGRAPHY,SRC-4BCEA6C47614,assets/brand/maps/red_wash__underground_plan.png,8d20e51a7cf0068729e3296840ccb5ba1ac1d7bd,underground level 2,"LEVEL 2 (-1,000 feet)",,UNKNOWN,,Implement detailed site geometry at the locked Sweetwater anchor; the location decision is resolved.,"Transcribed label; apostrophe depth notation expanded to feet. Original imagery is conceptual and superseded for county, coordinates and rail access.",GEO-D008
SH-FAC-RW-L3,Red Wash underground level 3,CONCEPTUAL_UNDERGROUND_LEVEL,SH-ENT-007,"Red Wash underground, Wyoming",RELATIVE_DEPTH_ONLY,OPEN,UNKNOWN,FICTIONAL_IN_REAL_GEOGRAPHY,SRC-4BCEA6C47614,assets/brand/maps/red_wash__underground_plan.png,8d20e51a7cf0068729e3296840ccb5ba1ac1d7bd,underground level 3,"LEVEL 3 (-1,500 feet)",,UNKNOWN,,Implement detailed site geometry at the locked Sweetwater anchor; the location decision is resolved.,"Transcribed label; apostrophe depth notation expanded to feet. Original imagery is conceptual and superseded for county, coordinates and rail access.",GEO-D008
SH-FAC-RW-L4,Red Wash underground level 4,CONCEPTUAL_UNDERGROUND_LEVEL,SH-ENT-007,"Red Wash underground, Wyoming",RELATIVE_DEPTH_ONLY,OPEN,UNKNOWN,FICTIONAL_IN_REAL_GEOGRAPHY,SRC-4BCEA6C47614,assets/brand/maps/red_wash__underground_plan.png,8d20e51a7cf0068729e3296840ccb5ba1ac1d7bd,underground level 4,"LEVEL 4 (-2,000 feet)",,UNKNOWN,,Implement detailed site geometry at the locked Sweetwater anchor; the location decision is resolved.,"Transcribed label; apostrophe depth notation expanded to feet. Original imagery is conceptual and superseded for county, coordinates and rail access.",GEO-D008
SH-FAC-RW-L5,Red Wash underground level 5,CONCEPTUAL_UNDERGROUND_LEVEL,SH-ENT-007,"Red Wash underground, Wyoming",RELATIVE_DEPTH_ONLY,OPEN,UNKNOWN,FICTIONAL_IN_REAL_GEOGRAPHY,SRC-4BCEA6C47614,assets/brand/maps/red_wash__underground_plan.png,8d20e51a7cf0068729e3296840ccb5ba1ac1d7bd,underground level 5,"LEVEL 5 (-2,500 feet)",,UNKNOWN,,Implement detailed site geometry at the locked Sweetwater anchor; the location decision is resolved.,"Transcribed label; apostrophe depth notation expanded to feet. Original imagery is conceptual and superseded for county, coordinates and rail access.",GEO-D008
SH-BR-FACILITY-001,Facility 1,GENERATED_FACILITY,SH-ENT-010,"Blackridge, Nevada",UNLOCATED_WITHIN_SITE,OPEN,ILLUSTRATIVE,FICTIONAL_IN_REAL_GEOGRAPHY,SRC-62D9DE5F51D2,blackridge/data/public/databases/blackridge_m00_v0.1.0.sqlite3,8d20e51a7cf0068729e3296840ccb5ba1ac1d7bd,table:facility:distinct-name:Facility 1,Facility 1,2015,YEAR,,Link existing Blackridge component ID when upstream topology is spatialized; do not geocode generated labels.,Synthetic M00 generated component; retained separately from accepted narrative asset geometry.,GEO-D008
SH-BR-FACILITY-002,Facility 2,GENERATED_FACILITY,SH-ENT-010,"Blackridge, Nevada",UNLOCATED_WITHIN_SITE,OPEN,ILLUSTRATIVE,FICTIONAL_IN_REAL_GEOGRAPHY,SRC-62D9DE5F51D2,blackridge/data/public/databases/blackridge_m00_v0.1.0.sqlite3,8d20e51a7cf0068729e3296840ccb5ba1ac1d7bd,table:facility:distinct-name:Facility 2,Facility 2,2015,YEAR,,Link existing Blackridge component ID when upstream topology is spatialized; do not geocode generated labels.,Synthetic M00 generated component; retained separately from accepted narrative asset geometry.,GEO-D008
SH-BR-WAREHOUSE-001,Warehouse 1,GENERATED_WAREHOUSE,SH-ENT-010,"Blackridge, Nevada",UNLOCATED_WITHIN_SITE,OPEN,ILLUSTRATIVE,FICTIONAL_IN_REAL_GEOGRAPHY,SRC-62D9DE5F51D2,blackridge/data/public/databases/blackridge_m00_v0.1.0.sqlite3,8d20e51a7cf0068729e3296840ccb5ba1ac1d7bd,table:warehouse:distinct-name:Warehouse 1,Warehouse 1,2015,YEAR,,Link existing Blackridge component ID when upstream topology is spatialized; do not geocode generated labels.,Synthetic M00 generated component; retained separately from accepted narrative asset geometry.,GEO-D008
SH-BR-PIT-001,Pit 1,GENERATED_PIT,SH-ENT-010,"Blackridge, Nevada",UNLOCATED_WITHIN_SITE,OPEN,ILLUSTRATIVE,FICTIONAL_IN_REAL_GEOGRAPHY,SRC-62D9DE5F51D2,blackridge/data/public/databases/blackridge_m00_v0.1.0.sqlite3,8d20e51a7cf0068729e3296840ccb5ba1ac1d7bd,table:pit:distinct-name:Pit 1,Pit 1,2015,YEAR,,Link existing Blackridge component ID when upstream topology is spatialized; do not geocode generated labels.,Synthetic M00 generated component; retained separately from accepted narrative asset geometry.,GEO-D008
SH-BR-BENCH-001,Bench 1,GENERATED_BENCH,SH-ENT-010,"Blackridge, Nevada",UNLOCATED_WITHIN_SITE,OPEN,ILLUSTRATIVE,FICTIONAL_IN_REAL_GEOGRAPHY,SRC-62D9DE5F51D2,blackridge/data/public/databases/blackridge_m00_v0.1.0.sqlite3,8d20e51a7cf0068729e3296840ccb5ba1ac1d7bd,table:bench:distinct-name:Bench 1,Bench 1,2015,YEAR,,Link existing Blackridge component ID when upstream topology is spatialized; do not geocode generated labels.,Synthetic M00 generated component; retained separately from accepted narrative asset geometry.,GEO-D008
SH-BR-STOCKPILE-001,Stockpile 1,GENERATED_STOCKPILE,SH-ENT-010,"Blackridge, Nevada",UNLOCATED_WITHIN_SITE,OPEN,ILLUSTRATIVE,FICTIONAL_IN_REAL_GEOGRAPHY,SRC-62D9DE5F51D2,blackridge/data/public/databases/blackridge_m00_v0.1.0.sqlite3,8d20e51a7cf0068729e3296840ccb5ba1ac1d7bd,table:stockpile:distinct-name:Stockpile 1,Stockpile 1,2015,YEAR,,Link existing Blackridge component ID when upstream topology is spatialized; do not geocode generated labels.,Synthetic M00 generated component; retained separately from accepted narrative asset geometry.,GEO-D008
SH-BR-BUILDING-001,Building 1,GENERATED_BUILDING,SH-ENT-010,"Blackridge, Nevada",UNLOCATED_WITHIN_SITE,OPEN,ILLUSTRATIVE,FICTIONAL_IN_REAL_GEOGRAPHY,SRC-62D9DE5F51D2,blackridge/data/public/databases/blackridge_m00_v0.1.0.sqlite3,8d20e51a7cf0068729e3296840ccb5ba1ac1d7bd,table:building:distinct-name:Building 1,Building 1,2015,YEAR,,Link existing Blackridge component ID when upstream topology is spatialized; do not geocode generated labels.,Synthetic M00 generated component; retained separately from accepted narrative asset geometry.,GEO-D008
SH-EVT-0001,Red Wash acquisition,EVENT,SH-ENT-007,Wyoming,REGIONAL,CONSTRAINED,CANON_CONSTRAINED,FICTIONAL_IN_REAL_GEOGRAPHY,SRC-9C0F6B8A1E54,docs/canon/DECISION_REGISTER_ADDENDUM_2026-09-05_RED_WASH.md,8d20e51a7cf0068729e3296840ccb5ba1ac1d7bd,line:17,| RW-001 | Acquisition close | LOCKED | SYNTHETIC_INSTANCE | 18 July 2025 |,2025-07-18,DAY,,Retain source constraint; exact footprint and valid dates require supported implementation.,Spatial location conflict does not invalidate the exact acquisition date.,GEO-D008
SH-EVT-0002,Deloraine Decision,EVENT,SH-ENT-001,"Deloraine, Tasmania",CITY_OR_DISTRICT,CONSTRAINED,CANON_CONSTRAINED,FICTIONAL_IN_REAL_GEOGRAPHY,SRC-A6FFA504C779,docs/canon/DECISION_REGISTER.md,8d20e51a7cf0068729e3296840ccb5ba1ac1d7bd,line:161,| AUS-004 | Deloraine Decision | LOCKED | Daniel says “Then split the question”; Pale Sun and Cradle diverge |,2024,YEAR_OR_RANGE,,Retain source constraint; exact footprint and valid dates require supported implementation.,Year only; no fabricated month/day.,GEO-D008
SH-EVT-0003,Tasmania archival trip,EVENT,SH-ENT-001,"Mole Creek / Deloraine, Tasmania",CITY_OR_DISTRICT,CONSTRAINED,CANON_CONSTRAINED,FICTIONAL_IN_REAL_GEOGRAPHY,SRC-A6FFA504C779,docs/canon/DECISION_REGISTER.md,8d20e51a7cf0068729e3296840ccb5ba1ac1d7bd,line:159,| AUS-002 | Mole Creek Hotel | LOCKED | Tasmania prelude and archival-memory lore anchor |,2024,YEAR_OR_RANGE,,Retain source constraint; exact footprint and valid dates require supported implementation.,Route and exact access sites not established.,GEO-D008
SH-EVT-0004,Sar-e-Sang journey,EVENT,SH-ENT-003,"Badakhshan, Afghanistan",REGIONAL,CONSTRAINED,CANON_CONSTRAINED,FICTIONAL_IN_REAL_GEOGRAPHY,SRC-A6FFA504C779,docs/canon/DECISION_REGISTER.md,8d20e51a7cf0068729e3296840ccb5ba1ac1d7bd,line:95,| WIL-009 | Sar-e-Sang incident | LOCKED event | Approximately three-week unsanctioned Central Asia/Afghanistan trip; opaque intermediaries and unreconciled cash |,2022,YEAR_OR_RANGE,,Retain source constraint; exact footprint and valid dates require supported implementation.,Journey geometry and participants remain open.,GEO-D008
SH-EVT-0005,Klein-to-Willow recharter,EVENT,SH-ENT-002,"Pittsburgh area, Pennsylvania",CITY_OR_DISTRICT,CONSTRAINED,CANON_CONSTRAINED,FICTIONAL_IN_REAL_GEOGRAPHY,SRC-A6FFA504C779,docs/canon/DECISION_REGISTER.md,8d20e51a7cf0068729e3296840ccb5ba1ac1d7bd,line:97,| WIL-011 | Project Willow creation | LOCKED | Evalon ends as business concept and is rechartered in 2022 |,2022,YEAR_OR_RANGE,,Retain source constraint; exact footprint and valid dates require supported implementation.,"Institutional change, not proof of moving or retaining a building.",GEO-D008
SH-EVT-0006,Emberline field/commercial program,EVENT,SH-ENT-004,"Charleston, West Virginia",CITY_OR_DISTRICT,CONSTRAINED,CANON_CONSTRAINED,FICTIONAL_IN_REAL_GEOGRAPHY,SRC-A6FFA504C779,docs/canon/DECISION_REGISTER.md,8d20e51a7cf0068729e3296840ccb5ba1ac1d7bd,line:88,"| EMB-001 | Project Emberline | LOCKED supersession | 2022–2025 Charleston coal field/commercial venture, not standalone 2026 division |",2022–2025,YEAR_OR_RANGE,,Retain source constraint; exact footprint and valid dates require supported implementation.,"Year-bounded program history, not exact lease dates.",GEO-D008
SH-EVT-0007,Forty-Seven Names,EVENT,,Nevada,REGIONAL,CONSTRAINED,CANON_CONSTRAINED,FICTIONAL_IN_REAL_GEOGRAPHY,SRC-A6FFA504C779,docs/canon/DECISION_REGISTER.md,8d20e51a7cf0068729e3296840ccb5ba1ac1d7bd,line:27,| FND-003 | Forty-Seven Names | LOCKED | 2016 identity-seam incident at Nevada copper customer |,2016,YEAR_OR_RANGE,,Retain source constraint; exact footprint and valid dates require supported implementation.,Unknown copper client location.,GEO-D008
SH-EVT-0008,Sable Harbor Industrial Holdings acquisition of ARU,EVENT,SH-ENT-008,,UNLOCATED,LOCKED_DERIVED_IMPLEMENTATION,ENGINEERED,FICTIONAL_IN_REAL_GEOGRAPHY,SRC-CURRENT-OPS,industrial/source/operations.json,d91a22c35c91b213204411421de88815f27d8e16,industrial/source/entities.json#/entities/4,"{""date"": ""2026-01-07""}",2026-01-07,DAY,,Reconcile with accepted industrial model; precise surveying/land rights remain separate.,Current case source replaces old unresolved/proposed scope. Taylor is fictional; municipal incorporation is not asserted.,GEO-D018
SH-BR-AREA-001,West Wall Phase 4,MINE_PROJECT_AREA,SH-ENT-010,"Blackridge, Nevada",UNLOCATED_WITHIN_SITE,CONSTRAINED,CANON_CONSTRAINED,FICTIONAL_IN_REAL_GEOGRAPHY,SRC-FDAF759E748F,blackridge/docs/canon/BLACKRIDGE_CANON_IMPLEMENTATION_SPEC.md,8d20e51a7cf0068729e3296840ccb5ba1ac1d7bd,lines:3-4,"The implementation locks Argent Ridge Mining, Blackridge Mine in Nevada, calendar 2015, and West
Wall Phase 4.",2015,YEAR,,Link upstream Blackridge pit/project topology; no exact wall polygon inferred.,Multiline source phrase captured explicitly.,GEO-D008
SH-SITE-0027,Demotte AMD host treatment and Gen 1 recovery deployment,HOST_PROCESS_SITE,SH-ENT-DEM,North-central West Virginia,REGIONAL,CONSTRAINED,CANON_CONSTRAINED,FICTIONAL_IN_REAL_GEOGRAPHY,SRC-CURRENT-CRADLE,docs/canon/CRADLE_CLOSEOUT_2026-09-06.md,d91a22c35c91b213204411421de88815f27d8e16,line:95,Cradle's first U.S. reference deployment is an acid-mine-drainage recovery installation in north-central West Virginia operated in partnership with the fictional **Demotte Reclamation Services**.,2026,YEAR_OR_RANGE,,"Locate host treatment site; preserve bypass, host compliance and recovery-right boundaries.","External treatment host; geographically distinct from Bedford. No mine, treatment system or remediation liability transfers to Cradle.",GEO-D016
SH-FAC-FORT-BIG,The Big Shed,RESEARCH_BUILDING,SH-ENT-002,"Pittsburgh area, Pennsylvania; Hazelwood study district retained",SITE_COMPONENT_UNLOCATED,CONSTRAINED,CANON_CONSTRAINED,FICTIONAL_IN_REAL_GEOGRAPHY,SRC-CURRENT-FORT,docs/canon/WILLOW_KLEIN_CLOSEOUT_2026-09-06.md,d91a22c35c91b213204411421de88815f27d8e16,line:79,**The Big Shed** — Willow's main research building and laboratory.,2022–2026,YEAR_OR_RANGE,,Place within eventual Fort parcel; no independent campus or public museum implied.,"Component of the Fort; function locked, placement not supplied.",GEO-D017
SH-FAC-FORT-SMALL,The Small Shed,ADMINISTRATION_AND_TEMPORARY_LODGING,SH-ENT-002,"Pittsburgh area, Pennsylvania; Hazelwood study district retained",SITE_COMPONENT_UNLOCATED,CONSTRAINED,CANON_CONSTRAINED,FICTIONAL_IN_REAL_GEOGRAPHY,SRC-CURRENT-FORT,docs/canon/WILLOW_KLEIN_CLOSEOUT_2026-09-06.md,d91a22c35c91b213204411421de88815f27d8e16,line:80,**The Small Shed** — administrative offices plus a small attached lodging component,2022–2026,YEAR_OR_RANGE,,Place within eventual Fort parcel; no independent campus or public museum implied.,"Component of the Fort; function locked, placement not supplied.",GEO-D017
SH-FAC-FORT-WHITE,The White Shed,INTAKE_AND_STORAGE,SH-ENT-002,"Pittsburgh area, Pennsylvania; Hazelwood study district retained",SITE_COMPONENT_UNLOCATED,CONSTRAINED,CANON_CONSTRAINED,FICTIONAL_IN_REAL_GEOGRAPHY,SRC-CURRENT-FORT,docs/canon/WILLOW_KLEIN_CLOSEOUT_2026-09-06.md,d91a22c35c91b213204411421de88815f27d8e16,line:81,"**The White Shed** — controlled intake, secure storage, utility, mechanical, staging, and quarantine space",2022–2026,YEAR_OR_RANGE,,Place within eventual Fort parcel; no independent campus or public museum implied.,"Component of the Fort; function locked, placement not supplied.",GEO-D017
SH-FAC-FORT-MUSEUM,The Museum,WORKING_YARD,SH-ENT-002,"Pittsburgh area, Pennsylvania; Hazelwood study district retained",SITE_COMPONENT_UNLOCATED,CONSTRAINED,CANON_CONSTRAINED,FICTIONAL_IN_REAL_GEOGRAPHY,SRC-CURRENT-FORT,docs/canon/WILLOW_KLEIN_CLOSEOUT_2026-09-06.md,d91a22c35c91b213204411421de88815f27d8e16,line:83,The working yards and accumulated outdoor collection are collectively known as **the Museum**.,2022–2026,YEAR_OR_RANGE,,Place within eventual Fort parcel; no independent campus or public museum implied.,"Component of the Fort; function locked, placement not supplied.",GEO-D017
SH-IND-FAC-WAM-INT,Wamsutter interchange,FACILITY,SH-ENT-009,Wyoming,DERIVED_CASE_GEOMETRY,LOCKED_DERIVED_IMPLEMENTATION,ENGINEERED,FICTIONAL_IN_REAL_GEOGRAPHY,SRC-CURRENT-OPS,industrial/source/operations.json,d91a22c35c91b213204411421de88815f27d8e16,/facilities/0,"{""acreage"": 18, ""annual_external_ton_capacity"": 0, ""assigned_fte"": 6, ""car_spots"": 60, ""case_status"": ""SYNTHETIC_OPERATING"", ""condition"": ""serviceable with identified maintenance backlog"", ""environmental_controls"": ""segregated drainage, spillkits, stormwater inspection, protected storage and recorded custody"", ""fact_state"": ""LOCKED_DERIVED_IMPLEMENTATION"", ""footprint_aspect_ratio"": 3, ""footprint_basis"": ""Rectangular site envelope derived from stated acreage and declared aspect ratio; not a cadastral boundary or surveyed property."", ""id"": ""FAC-WAM-INT"", ""lon_lat"": [-107.96562715205644, 41.6744965783547], ""name"": ""Wamsutter interchange"", ""opened"": ""1968-10-14"", ""operating_hours"": ""five-day service; dispatch/oncall exceptions; mine continuous receiving by appointment"", ""owner"": ""Blood, Sweat & Tears Railway Company"", ""pallet_slots"": 0, ""provenance"": ""Synthetic case implementation derived from reconciled handoff and explicit user authority; no external party or surveyed certification claimed"", ""services"": ""Three20car tracks; each accommodates16car roadtrain plus pairedlocomotives; synthetic UP interchange agreement"", ""track_count"": 3}",1968-10-14,DAY,,Maintain industrial source identity; further precision requires supported source revision.,"Accepted synthetic case implementation; not survey, land title or regulatory qualification.",GEO-D018
SH-IND-FAC-TAY-YARD,Taylor Yard and Shops,FACILITY,SH-ENT-009,Wyoming,DERIVED_CASE_GEOMETRY,LOCKED_DERIVED_IMPLEMENTATION,ENGINEERED,FICTIONAL_IN_REAL_GEOGRAPHY,SRC-CURRENT-OPS,industrial/source/operations.json,d91a22c35c91b213204411421de88815f27d8e16,/facilities/1,"{""acreage"": 32, ""annual_external_ton_capacity"": 0, ""assigned_fte"": 46, ""car_spots"": 100, ""case_status"": ""SYNTHETIC_OPERATING"", ""condition"": ""serviceable with identified maintenance backlog"", ""environmental_controls"": ""segregated drainage, spillkits, stormwater inspection, protected storage and recorded custody"", ""fact_state"": ""LOCKED_DERIVED_IMPLEMENTATION"", ""footprint_aspect_ratio"": 3, ""footprint_basis"": ""Rectangular site envelope derived from stated acreage and declared aspect ratio; not a cadastral boundary or surveyed property."", ""id"": ""FAC-TAY-YARD"", ""lon_lat"": [-108.1, 42.12], ""name"": ""Taylor Yard and Shops"", ""opened"": ""1968-10-14"", ""operating_hours"": ""five-day service; dispatch/oncall exceptions; mine continuous receiving by appointment"", ""owner"": ""Blood, Sweat & Tears Railway Company"", ""pallet_slots"": 0, ""provenance"": ""Synthetic case implementation derived from reconciled handoff and explicit user authority; no external party or surveyed certification claimed"", ""services"": ""classification, locomotive shop, fuelpoint, dispatch and crew facilities"", ""track_count"": 7}",1968-10-14,DAY,,Maintain industrial source identity; further precision requires supported source revision.,"Accepted synthetic case implementation; not survey, land title or regulatory qualification.",GEO-D018
SH-IND-FAC-TAY-TERMINAL,Taylor Industrial Transload Complex,FACILITY,SH-ENT-008,Wyoming,DERIVED_CASE_GEOMETRY,LOCKED_DERIVED_IMPLEMENTATION,ENGINEERED,FICTIONAL_IN_REAL_GEOGRAPHY,SRC-CURRENT-OPS,industrial/source/operations.json,d91a22c35c91b213204411421de88815f27d8e16,/facilities/2,"{""acreage"": 46, ""annual_external_ton_capacity"": 210000, ""assigned_fte"": 19, ""car_spots"": 50, ""case_status"": ""SYNTHETIC_OPERATING"", ""condition"": ""serviceable with identified maintenance backlog"", ""environmental_controls"": ""segregated drainage, spillkits, stormwater inspection, protected storage and recorded custody"", ""fact_state"": ""LOCKED_DERIVED_IMPLEMENTATION"", ""footprint_aspect_ratio"": 1, ""footprint_basis"": ""Rectangular site envelope derived from stated acreage and declared aspect ratio; not a cadastral boundary or surveyed property."", ""id"": ""FAC-TAY-TERMINAL"", ""lon_lat"": [-108.1075, 42.121], ""name"": ""Taylor Industrial Transload Complex"", ""opened"": ""1972-05-08"", ""operating_hours"": ""Mon–Fri06:00–22:00 plus contracted exception service"", ""owner"": ""American Resource Utility, Inc."", ""pallet_slots"": 0, ""provenance"": ""Synthetic case implementation derived from reconciled handoff and explicit user authority; no external party or surveyed certification claimed"", ""services"": ""existing general transload and Phase1 two10car tracks plus sixcar liquidtrack; acids segregated from general cargo"", ""track_count"": 5}",1972-05-08,DAY,,Maintain industrial source identity; further precision requires supported source revision.,"Accepted synthetic case implementation; not survey, land title or regulatory qualification.",GEO-D018
SH-IND-FAC-TAY-WAREHOUSE,Taylor warehouse,FACILITY,SH-ENT-008,Wyoming,DERIVED_CASE_GEOMETRY,LOCKED_DERIVED_IMPLEMENTATION,ENGINEERED,FICTIONAL_IN_REAL_GEOGRAPHY,SRC-CURRENT-OPS,industrial/source/operations.json,d91a22c35c91b213204411421de88815f27d8e16,/facilities/3,"{""acreage"": 18, ""annual_external_ton_capacity"": 0, ""assigned_fte"": 8, ""car_spots"": 8, ""case_status"": ""SYNTHETIC_OPERATING"", ""condition"": ""serviceable with identified maintenance backlog"", ""environmental_controls"": ""segregated drainage, spillkits, stormwater inspection, protected storage and recorded custody"", ""fact_state"": ""LOCKED_DERIVED_IMPLEMENTATION"", ""footprint_aspect_ratio"": 1, ""footprint_basis"": ""Rectangular site envelope derived from stated acreage and declared aspect ratio; not a cadastral boundary or surveyed property."", ""id"": ""FAC-TAY-WAREHOUSE"", ""lon_lat"": [-108.105, 42.125], ""name"": ""Taylor warehouse"", ""opened"": ""1974-06-03"", ""operating_hours"": ""Mon–Fri06:00–22:00 plus contracted exception service"", ""owner"": ""American Resource Utility, Inc."", ""pallet_slots"": 11000, ""provenance"": ""Synthetic case implementation derived from reconciled handoff and explicit user authority; no external party or surveyed certification claimed"", ""services"": ""210000sf reserved palletcapacity; three handling shifts; rail/truck interface"", ""track_count"": 1}",1974-06-03,DAY,,Maintain industrial source identity; further precision requires supported source revision.,"Accepted synthetic case implementation; not survey, land title or regulatory qualification.",GEO-D018
SH-IND-FAC-TAY-TRUCK,Taylor trucking depot,FACILITY,SH-ENT-008,Wyoming,DERIVED_CASE_GEOMETRY,LOCKED_DERIVED_IMPLEMENTATION,ENGINEERED,FICTIONAL_IN_REAL_GEOGRAPHY,SRC-CURRENT-OPS,industrial/source/operations.json,d91a22c35c91b213204411421de88815f27d8e16,/facilities/4,"{""acreage"": 8, ""annual_external_ton_capacity"": 0, ""assigned_fte"": 20, ""car_spots"": 0, ""case_status"": ""SYNTHETIC_OPERATING"", ""condition"": ""serviceable with identified maintenance backlog"", ""environmental_controls"": ""segregated drainage, spillkits, stormwater inspection, protected storage and recorded custody"", ""fact_state"": ""LOCKED_DERIVED_IMPLEMENTATION"", ""footprint_aspect_ratio"": 1, ""footprint_basis"": ""Rectangular site envelope derived from stated acreage and declared aspect ratio; not a cadastral boundary or surveyed property."", ""id"": ""FAC-TAY-TRUCK"", ""lon_lat"": [-108.093, 42.12], ""name"": ""Taylor trucking depot"", ""opened"": ""1989-10-02"", ""operating_hours"": ""Mon–Fri06:00–22:00 plus contracted exception service"", ""owner"": ""American Resource Utility, Inc."", ""pallet_slots"": 0, ""provenance"": ""Synthetic case implementation derived from reconciled handoff and explicit user authority; no external party or surveyed certification claimed"", ""services"": ""tractor/trailer parking, inspection bays and dispatch"", ""track_count"": 0}",1989-10-02,DAY,,Maintain industrial source identity; further precision requires supported source revision.,"Accepted synthetic case implementation; not survey, land title or regulatory qualification.",GEO-D018
SH-IND-FAC-EAST-MATERIALS,East Materials team track,FACILITY,SH-ENT-009,Wyoming,DERIVED_CASE_GEOMETRY,LOCKED_DERIVED_IMPLEMENTATION,ENGINEERED,FICTIONAL_IN_REAL_GEOGRAPHY,SRC-CURRENT-OPS,industrial/source/operations.json,d91a22c35c91b213204411421de88815f27d8e16,/facilities/5,"{""acreage"": 9, ""annual_external_ton_capacity"": 0, ""assigned_fte"": 3, ""car_spots"": 20, ""case_status"": ""SYNTHETIC_OPERATING"", ""condition"": ""serviceable with identified maintenance backlog"", ""environmental_controls"": ""segregated drainage, spillkits, stormwater inspection, protected storage and recorded custody"", ""fact_state"": ""LOCKED_DERIVED_IMPLEMENTATION"", ""footprint_aspect_ratio"": 3, ""footprint_basis"": ""Rectangular site envelope derived from stated acreage and declared aspect ratio; not a cadastral boundary or surveyed property."", ""id"": ""FAC-EAST-MATERIALS"", ""lon_lat"": [-108.01259365641332, 41.90370776148441], ""name"": ""East Materials team track"", ""opened"": ""1972-05-08"", ""operating_hours"": ""five-day service; dispatch/oncall exceptions; mine continuous receiving by appointment"", ""owner"": ""Blood, Sweat & Tears Railway Company"", ""pallet_slots"": 0, ""provenance"": ""Synthetic case implementation derived from reconciled handoff and explicit user authority; no external party or surveyed certification claimed"", ""services"": ""pipe, scrap, aggregates; customer sidings operate by appointment"", ""track_count"": 2}",1972-05-08,DAY,,Maintain industrial source identity; further precision requires supported source revision.,"Accepted synthetic case implementation; not survey, land title or regulatory qualification.",GEO-D018
SH-IND-FAC-MINERAL-TEAM,Mineral Transfer team track,FACILITY,SH-ENT-009,Wyoming,DERIVED_CASE_GEOMETRY,LOCKED_DERIVED_IMPLEMENTATION,ENGINEERED,FICTIONAL_IN_REAL_GEOGRAPHY,SRC-CURRENT-OPS,industrial/source/operations.json,d91a22c35c91b213204411421de88815f27d8e16,/facilities/6,"{""acreage"": 11, ""annual_external_ton_capacity"": 0, ""assigned_fte"": 3, ""car_spots"": 18, ""case_status"": ""SYNTHETIC_OPERATING"", ""condition"": ""serviceable with identified maintenance backlog"", ""environmental_controls"": ""segregated drainage, spillkits, stormwater inspection, protected storage and recorded custody"", ""fact_state"": ""LOCKED_DERIVED_IMPLEMENTATION"", ""footprint_aspect_ratio"": 3, ""footprint_basis"": ""Rectangular site envelope derived from stated acreage and declared aspect ratio; not a cadastral boundary or surveyed property."", ""id"": ""FAC-MINERAL-TEAM"", ""lon_lat"": [-108.07098660485325, 42.03495699312325], ""name"": ""Mineral Transfer team track"", ""opened"": ""1986-09-19"", ""operating_hours"": ""five-day service; dispatch/oncall exceptions; mine continuous receiving by appointment"", ""owner"": ""Blood, Sweat & Tears Railway Company"", ""pallet_slots"": 0, ""provenance"": ""Synthetic case implementation derived from reconciled handoff and explicit user authority; no external party or surveyed certification claimed"", ""services"": ""inbound and outbound minerals transfer; sodaash is customer throughput, not a claim of a local trona mine"", ""track_count"": 2}",1986-09-19,DAY,,Maintain industrial source identity; further precision requires supported source revision.,"Accepted synthetic case implementation; not survey, land title or regulatory qualification.",GEO-D018
SH-IND-FAC-RAW-TERMINAL,Rawlins satellite terminal,FACILITY,SH-ENT-008,Wyoming,DERIVED_CASE_GEOMETRY,LOCKED_DERIVED_IMPLEMENTATION,ENGINEERED,FICTIONAL_IN_REAL_GEOGRAPHY,SRC-CURRENT-OPS,industrial/source/operations.json,d91a22c35c91b213204411421de88815f27d8e16,/facilities/7,"{""acreage"": 22, ""annual_external_ton_capacity"": 90000, ""assigned_fte"": 8, ""car_spots"": 0, ""case_status"": ""SYNTHETIC_OPERATING"", ""condition"": ""serviceable with identified maintenance backlog"", ""environmental_controls"": ""segregated drainage, spillkits, stormwater inspection, protected storage and recorded custody"", ""fact_state"": ""LOCKED_DERIVED_IMPLEMENTATION"", ""footprint_aspect_ratio"": 1, ""footprint_basis"": ""Rectangular site envelope derived from stated acreage and declared aspect ratio; not a cadastral boundary or surveyed property."", ""id"": ""FAC-RAW-TERMINAL"", ""lon_lat"": [-107.233, 41.786], ""name"": ""Rawlins satellite terminal"", ""opened"": ""1978-09-12"", ""operating_hours"": ""Mon–Fri06:00–22:00 plus contracted exception service"", ""owner"": ""American Resource Utility, Inc."", ""pallet_slots"": 0, ""provenance"": ""Synthetic case implementation derived from reconciled handoff and explicit user authority; no external party or surveyed certification claimed"", ""services"": ""off-BS&T truck-served terminal; external railcar material arrives through qualified third-party transload"", ""track_count"": 0}",1978-09-12,DAY,,Maintain industrial source identity; further precision requires supported source revision.,"Accepted synthetic case implementation; not survey, land title or regulatory qualification.",GEO-D018
SH-IND-FAC-RAW-WAREHOUSE,Rawlins warehouse,FACILITY,SH-ENT-008,Wyoming,DERIVED_CASE_GEOMETRY,LOCKED_DERIVED_IMPLEMENTATION,ENGINEERED,FICTIONAL_IN_REAL_GEOGRAPHY,SRC-CURRENT-OPS,industrial/source/operations.json,d91a22c35c91b213204411421de88815f27d8e16,/facilities/8,"{""acreage"": 7, ""annual_external_ton_capacity"": 0, ""assigned_fte"": 4, ""car_spots"": 0, ""case_status"": ""SYNTHETIC_OPERATING"", ""condition"": ""serviceable with identified maintenance backlog"", ""environmental_controls"": ""segregated drainage, spillkits, stormwater inspection, protected storage and recorded custody"", ""fact_state"": ""LOCKED_DERIVED_IMPLEMENTATION"", ""footprint_aspect_ratio"": 1, ""footprint_basis"": ""Rectangular site envelope derived from stated acreage and declared aspect ratio; not a cadastral boundary or surveyed property."", ""id"": ""FAC-RAW-WAREHOUSE"", ""lon_lat"": [-107.228, 41.789], ""name"": ""Rawlins warehouse"", ""opened"": ""1980-04-07"", ""operating_hours"": ""Mon–Fri06:00–22:00 plus contracted exception service"", ""owner"": ""American Resource Utility, Inc."", ""pallet_slots"": 4000, ""provenance"": ""Synthetic case implementation derived from reconciled handoff and explicit user authority; no external party or surveyed certification claimed"", ""services"": ""75000sf satellite contract storage and orderpick"", ""track_count"": 0}",1980-04-07,DAY,,Maintain industrial source identity; further precision requires supported source revision.,"Accepted synthetic case implementation; not survey, land title or regulatory qualification.",GEO-D018
SH-IND-FAC-RAW-TRUCK,Rawlins trucking satellite,FACILITY,SH-ENT-008,Wyoming,DERIVED_CASE_GEOMETRY,LOCKED_DERIVED_IMPLEMENTATION,ENGINEERED,FICTIONAL_IN_REAL_GEOGRAPHY,SRC-CURRENT-OPS,industrial/source/operations.json,d91a22c35c91b213204411421de88815f27d8e16,/facilities/9,"{""acreage"": 4, ""annual_external_ton_capacity"": 0, ""assigned_fte"": 4, ""car_spots"": 0, ""case_status"": ""SYNTHETIC_OPERATING"", ""condition"": ""serviceable with identified maintenance backlog"", ""environmental_controls"": ""segregated drainage, spillkits, stormwater inspection, protected storage and recorded custody"", ""fact_state"": ""LOCKED_DERIVED_IMPLEMENTATION"", ""footprint_aspect_ratio"": 1, ""footprint_basis"": ""Rectangular site envelope derived from stated acreage and declared aspect ratio; not a cadastral boundary or surveyed property."", ""id"": ""FAC-RAW-TRUCK"", ""lon_lat"": [-107.234, 41.782], ""name"": ""Rawlins trucking satellite"", ""opened"": ""1989-10-02"", ""operating_hours"": ""Mon–Fri06:00–22:00 plus contracted exception service"", ""owner"": ""American Resource Utility, Inc."", ""pallet_slots"": 0, ""provenance"": ""Synthetic case implementation derived from reconciled handoff and explicit user authority; no external party or surveyed certification claimed"", ""services"": ""external heavyhaul staging"", ""track_count"": 0}",1989-10-02,DAY,,Maintain industrial source identity; further precision requires supported source revision.,"Accepted synthetic case implementation; not survey, land title or regulatory qualification.",GEO-D018
SH-IND-FAC-ARU-OFFICE,Taylor ARU office,FACILITY,SH-ENT-008,Wyoming,DERIVED_CASE_GEOMETRY,LOCKED_DERIVED_IMPLEMENTATION,ENGINEERED,FICTIONAL_IN_REAL_GEOGRAPHY,SRC-CURRENT-OPS,industrial/source/operations.json,d91a22c35c91b213204411421de88815f27d8e16,/facilities/10,"{""acreage"": 2, ""annual_external_ton_capacity"": 0, ""assigned_fte"": 10, ""car_spots"": 0, ""case_status"": ""SYNTHETIC_OPERATING"", ""condition"": ""serviceable with identified maintenance backlog"", ""environmental_controls"": ""segregated drainage, spillkits, stormwater inspection, protected storage and recorded custody"", ""fact_state"": ""LOCKED_DERIVED_IMPLEMENTATION"", ""footprint_aspect_ratio"": 1, ""footprint_basis"": ""Rectangular site envelope derived from stated acreage and declared aspect ratio; not a cadastral boundary or surveyed property."", ""id"": ""FAC-ARU-OFFICE"", ""lon_lat"": [-108.0975, 42.124], ""name"": ""Taylor ARU office"", ""opened"": ""1991-01-02"", ""operating_hours"": ""Mon–Fri06:00–22:00 plus contracted exception service"", ""owner"": ""American Resource Utility, Inc."", ""pallet_slots"": 0, ""provenance"": ""Synthetic case implementation derived from reconciled handoff and explicit user authority; no external party or surveyed certification claimed"", ""services"": ""corporate shared services and customerdesk"", ""track_count"": 0}",1991-01-02,DAY,,Maintain industrial source identity; further precision requires supported source revision.,"Accepted synthetic case implementation; not survey, land title or regulatory qualification.",GEO-D018
SH-IND-FAC-RW-RECEIVING,Red Wash receiving and reagent storage,FACILITY,SH-ENT-007,Wyoming,DERIVED_CASE_GEOMETRY,LOCKED_DERIVED_IMPLEMENTATION,ENGINEERED,FICTIONAL_IN_REAL_GEOGRAPHY,SRC-CURRENT-OPS,industrial/source/operations.json,d91a22c35c91b213204411421de88815f27d8e16,/facilities/11,"{""acreage"": 14, ""annual_external_ton_capacity"": 0, ""assigned_fte"": 6, ""car_spots"": 0, ""case_status"": ""SYNTHETIC_IN_SERVICE_2026_07_07"", ""condition"": ""serviceable with identified maintenance backlog"", ""environmental_controls"": ""segregated drainage, spillkits, stormwater inspection, protected storage and recorded custody"", ""fact_state"": ""LOCKED_DERIVED_IMPLEMENTATION"", ""footprint_aspect_ratio"": 1, ""footprint_basis"": ""Rectangular site envelope derived from stated acreage and declared aspect ratio; not a cadastral boundary or surveyed property."", ""id"": ""FAC-RW-RECEIVING"", ""lon_lat"": [-108.18, 42.22], ""name"": ""Red Wash receiving and reagent storage"", ""opened"": ""2026-07-07"", ""operating_hours"": ""five-day service; dispatch/oncall exceptions; mine continuous receiving by appointment"", ""owner"": ""Red Wash Mining, LLC"", ""pallet_slots"": 0, ""provenance"": ""Synthetic case implementation derived from reconciled handoff and explicit user authority; no external party or surveyed certification claimed"", ""services"": ""truck only; receiving, acid/binderstorage, scales, MRO and steel; workers are within128siteFTE"", ""track_count"": 0}",2026-07-07,DAY,,Maintain industrial source identity; further precision requires supported source revision.,"Accepted synthetic case implementation; not survey, land title or regulatory qualification.",GEO-D018
SH-IND-BR-01,BR-01 rail_bridge,RAIL_STRUCTURE,SH-ENT-009,Wyoming,DERIVED_CASE_GEOMETRY,LOCKED_DERIVED_IMPLEMENTATION,ENGINEERED,FICTIONAL_IN_REAL_GEOGRAPHY,SRC-CURRENT-OPS,industrial/source/operations.json,d91a22c35c91b213204411421de88815f27d8e16,/structures/0,"{""catchup_usd"": 120000, ""condition"": ""fair; drainage/deck repairs, no replacement crisis"", ""constructed"": 1958, ""design_allowance_gross_railcar_lb"": 286000, ""fact_state"": ""LOCKED_DERIVED_IMPLEMENTATION"", ""id"": ""BR-01"", ""inspection_date"": ""2025-10-21"", ""kind"": ""rail_bridge"", ""lon_lat"": [-108.01201424817681, 41.73381486747628], ""material"": ""steel girder on concrete abutments"", ""milepost"": 5.2, ""provenance"": ""Synthetic case implementation derived from reconciled handoff and explicit user authority; no external party or surveyed certification claimed"", ""rating_state"": ""SYNTHETIC_RATING_ASSUMPTION; not a professional load rating"", ""restriction"": ""track class speed subject to inspection"", ""route_id"": ""BST-MAIN"", ""span_m"": 24, ""waterway"": ""ephemeral draw A""}",2026,YEAR_OR_RANGE,,Maintain industrial source identity; further precision requires supported source revision.,"Accepted synthetic case implementation; not survey, land title or regulatory qualification.",GEO-D018
SH-IND-BR-02,BR-02 rail_bridge,RAIL_STRUCTURE,SH-ENT-009,Wyoming,DERIVED_CASE_GEOMETRY,LOCKED_DERIVED_IMPLEMENTATION,ENGINEERED,FICTIONAL_IN_REAL_GEOGRAPHY,SRC-CURRENT-OPS,industrial/source/operations.json,d91a22c35c91b213204411421de88815f27d8e16,/structures/1,"{""catchup_usd"": 180000, ""condition"": ""fair; drainage/deck repairs, no replacement crisis"", ""constructed"": 1970, ""design_allowance_gross_railcar_lb"": 286000, ""fact_state"": ""LOCKED_DERIVED_IMPLEMENTATION"", ""id"": ""BR-02"", ""inspection_date"": ""2025-10-21"", ""kind"": ""rail_bridge"", ""lon_lat"": [-108.09628603873543, 41.90413195697425], ""material"": ""timber trestle with steel deck"", ""milepost"": 18.1, ""provenance"": ""Synthetic case implementation derived from reconciled handoff and explicit user authority; no external party or surveyed certification claimed"", ""rating_state"": ""SYNTHETIC_RATING_ASSUMPTION; not a professional load rating"", ""restriction"": ""10mph at BR-02 until deck repair2026-05-15"", ""route_id"": ""BST-MAIN"", ""span_m"": 18, ""waterway"": ""ephemeral draw B""}",2026,YEAR_OR_RANGE,,Maintain industrial source identity; further precision requires supported source revision.,"Accepted synthetic case implementation; not survey, land title or regulatory qualification.",GEO-D018
SH-IND-BR-03,BR-03 rail_bridge,RAIL_STRUCTURE,SH-ENT-009,Wyoming,DERIVED_CASE_GEOMETRY,LOCKED_DERIVED_IMPLEMENTATION,ENGINEERED,FICTIONAL_IN_REAL_GEOGRAPHY,SRC-CURRENT-OPS,industrial/source/operations.json,d91a22c35c91b213204411421de88815f27d8e16,/structures/2,"{""catchup_usd"": 130000, ""condition"": ""fair; drainage/deck repairs, no replacement crisis"", ""constructed"": 1981, ""design_allowance_gross_railcar_lb"": 286000, ""fact_state"": ""LOCKED_DERIVED_IMPLEMENTATION"", ""id"": ""BR-03"", ""inspection_date"": ""2025-10-21"", ""kind"": ""rail_bridge"", ""lon_lat"": [-108.11771566813813, 42.05176207202351], ""material"": ""reinforced concrete slab"", ""milepost"": 28.4, ""provenance"": ""Synthetic case implementation derived from reconciled handoff and explicit user authority; no external party or surveyed certification claimed"", ""rating_state"": ""SYNTHETIC_RATING_ASSUMPTION; not a professional load rating"", ""restriction"": ""track class speed subject to inspection"", ""route_id"": ""BST-MAIN"", ""span_m"": 16, ""waterway"": ""ephemeral draw C""}",2026,YEAR_OR_RANGE,,Maintain industrial source identity; further precision requires supported source revision.,"Accepted synthetic case implementation; not survey, land title or regulatory qualification.",GEO-D018
SH-IND-BR-04,BR-04 rail_bridge,RAIL_STRUCTURE,SH-ENT-009,Wyoming,DERIVED_CASE_GEOMETRY,LOCKED_DERIVED_IMPLEMENTATION,ENGINEERED,FICTIONAL_IN_REAL_GEOGRAPHY,SRC-CURRENT-OPS,industrial/source/operations.json,d91a22c35c91b213204411421de88815f27d8e16,/structures/3,"{""catchup_usd"": 70000, ""condition"": ""fair; drainage/deck repairs, no replacement crisis"", ""constructed"": 1972, ""design_allowance_gross_railcar_lb"": 286000, ""fact_state"": ""LOCKED_DERIVED_IMPLEMENTATION"", ""id"": ""BR-04"", ""inspection_date"": ""2025-10-21"", ""kind"": ""rail_bridge"", ""lon_lat"": [-108.02807654658882, 41.89072893104462], ""material"": ""reinforced concrete box"", ""milepost"": 2.8, ""provenance"": ""Synthetic case implementation derived from reconciled handoff and explicit user authority; no external party or surveyed certification claimed"", ""rating_state"": ""SYNTHETIC_RATING_ASSUMPTION; not a professional load rating"", ""restriction"": ""track class speed subject to inspection"", ""route_id"": ""BST-EAST"", ""span_m"": 12, ""waterway"": ""East Materials drainage""}",2026,YEAR_OR_RANGE,,Maintain industrial source identity; further precision requires supported source revision.,"Accepted synthetic case implementation; not survey, land title or regulatory qualification.",GEO-D018
SH-IND-CUL-01,CUL-01 culvert,RAIL_STRUCTURE,SH-ENT-009,Wyoming,DERIVED_CASE_GEOMETRY,LOCKED_DERIVED_IMPLEMENTATION,ENGINEERED,FICTIONAL_IN_REAL_GEOGRAPHY,SRC-CURRENT-OPS,industrial/source/operations.json,d91a22c35c91b213204411421de88815f27d8e16,/structures/4,"{""catchup_usd"": 35000, ""condition"": ""fair"", ""constructed"": 1969, ""fact_state"": ""LOCKED_DERIVED_IMPLEMENTATION"", ""id"": ""CUL-01"", ""inspection_date"": ""2025-10-22"", ""kind"": ""culvert"", ""lon_lat"": [-107.99238423217578, 41.69301859380714], ""material"": ""corrugated steel"", ""milepost"": 1.89, ""provenance"": ""Synthetic case implementation derived from reconciled handoff and explicit user authority; no external party or surveyed certification claimed"", ""restriction"": ""none beyond inspection restrictions"", ""route_id"": ""BST-MAIN"", ""span_m"": 1.2, ""waterway"": ""synthetic ephemeral drainage crossing; not an asserted named watercourse""}",2026,YEAR_OR_RANGE,,Maintain industrial source identity; further precision requires supported source revision.,"Accepted synthetic case implementation; not survey, land title or regulatory qualification.",GEO-D018
SH-IND-CUL-02,CUL-02 culvert,RAIL_STRUCTURE,SH-ENT-009,Wyoming,DERIVED_CASE_GEOMETRY,LOCKED_DERIVED_IMPLEMENTATION,ENGINEERED,FICTIONAL_IN_REAL_GEOGRAPHY,SRC-CURRENT-OPS,industrial/source/operations.json,d91a22c35c91b213204411421de88815f27d8e16,/structures/5,"{""catchup_usd"": 35000, ""condition"": ""fair"", ""constructed"": 1970, ""fact_state"": ""LOCKED_DERIVED_IMPLEMENTATION"", ""id"": ""CUL-02"", ""inspection_date"": ""2025-10-22"", ""kind"": ""culvert"", ""lon_lat"": [-108.01372199647919, 41.71418471585889], ""material"": ""reinforced concrete"", ""milepost"": 3.78, ""provenance"": ""Synthetic case implementation derived from reconciled handoff and explicit user authority; no external party or surveyed certification claimed"", ""restriction"": ""none beyond inspection restrictions"", ""route_id"": ""BST-MAIN"", ""span_m"": 1.2, ""waterway"": ""synthetic ephemeral drainage crossing; not an asserted named watercourse""}",2026,YEAR_OR_RANGE,,Maintain industrial source identity; further precision requires supported source revision.,"Accepted synthetic case implementation; not survey, land title or regulatory qualification.",GEO-D018
SH-IND-CUL-03,CUL-03 culvert,RAIL_STRUCTURE,SH-ENT-009,Wyoming,DERIVED_CASE_GEOMETRY,LOCKED_DERIVED_IMPLEMENTATION,ENGINEERED,FICTIONAL_IN_REAL_GEOGRAPHY,SRC-CURRENT-OPS,industrial/source/operations.json,d91a22c35c91b213204411421de88815f27d8e16,/structures/6,"{""catchup_usd"": 35000, ""condition"": ""fair"", ""constructed"": 1971, ""fact_state"": ""LOCKED_DERIVED_IMPLEMENTATION"", ""id"": ""CUL-03"", ""inspection_date"": ""2025-10-22"", ""kind"": ""culvert"", ""lon_lat"": [-108.0130685289668, 41.74055665699319], ""material"": ""corrugated steel"", ""milepost"": 5.67, ""provenance"": ""Synthetic case implementation derived from reconciled handoff and explicit user authority; no external party or surveyed certification claimed"", ""restriction"": ""none beyond inspection restrictions"", ""route_id"": ""BST-MAIN"", ""span_m"": 1.8, ""waterway"": ""synthetic ephemeral drainage crossing; not an asserted named watercourse""}",2026,YEAR_OR_RANGE,,Maintain industrial source identity; further precision requires supported source revision.,"Accepted synthetic case implementation; not survey, land title or regulatory qualification.",GEO-D018
SH-IND-CUL-04,CUL-04 culvert,RAIL_STRUCTURE,SH-ENT-009,Wyoming,DERIVED_CASE_GEOMETRY,LOCKED_DERIVED_IMPLEMENTATION,ENGINEERED,FICTIONAL_IN_REAL_GEOGRAPHY,SRC-CURRENT-OPS,industrial/source/operations.json,d91a22c35c91b213204411421de88815f27d8e16,/structures/7,"{""catchup_usd"": 35000, ""condition"": ""serviceable with sediment/headwall deficiency"", ""constructed"": 1972, ""fact_state"": ""LOCKED_DERIVED_IMPLEMENTATION"", ""id"": ""CUL-04"", ""inspection_date"": ""2025-10-22"", ""kind"": ""culvert"", ""lon_lat"": [-108.02322777076203, 41.76621535612026], ""material"": ""reinforced concrete"", ""milepost"": 7.56, ""provenance"": ""Synthetic case implementation derived from reconciled handoff and explicit user authority; no external party or surveyed certification claimed"", ""restriction"": ""none beyond inspection restrictions"", ""route_id"": ""BST-MAIN"", ""span_m"": 1.2, ""waterway"": ""synthetic ephemeral drainage crossing; not an asserted named watercourse""}",2026,YEAR_OR_RANGE,,Maintain industrial source identity; further precision requires supported source revision.,"Accepted synthetic case implementation; not survey, land title or regulatory qualification.",GEO-D018
SH-IND-CUL-05,CUL-05 culvert,RAIL_STRUCTURE,SH-ENT-009,Wyoming,DERIVED_CASE_GEOMETRY,LOCKED_DERIVED_IMPLEMENTATION,ENGINEERED,FICTIONAL_IN_REAL_GEOGRAPHY,SRC-CURRENT-OPS,industrial/source/operations.json,d91a22c35c91b213204411421de88815f27d8e16,/structures/8,"{""catchup_usd"": 35000, ""condition"": ""fair"", ""constructed"": 1973, ""fact_state"": ""LOCKED_DERIVED_IMPLEMENTATION"", ""id"": ""CUL-05"", ""inspection_date"": ""2025-10-22"", ""kind"": ""culvert"", ""lon_lat"": [-108.03146183579017, 41.79232192218632], ""material"": ""corrugated steel"", ""milepost"": 9.45, ""provenance"": ""Synthetic case implementation derived from reconciled handoff and explicit user authority; no external party or surveyed certification claimed"", ""restriction"": ""none beyond inspection restrictions"", ""route_id"": ""BST-MAIN"", ""span_m"": 1.2, ""waterway"": ""synthetic ephemeral drainage crossing; not an asserted named watercourse""}",2026,YEAR_OR_RANGE,,Maintain industrial source identity; further precision requires supported source revision.,"Accepted synthetic case implementation; not survey, land title or regulatory qualification.",GEO-D018
SH-IND-CUL-06,CUL-06 culvert,RAIL_STRUCTURE,SH-ENT-009,Wyoming,DERIVED_CASE_GEOMETRY,LOCKED_DERIVED_IMPLEMENTATION,ENGINEERED,FICTIONAL_IN_REAL_GEOGRAPHY,SRC-CURRENT-OPS,industrial/source/operations.json,d91a22c35c91b213204411421de88815f27d8e16,/structures/9,"{""catchup_usd"": 35000, ""condition"": ""fair"", ""constructed"": 1974, ""fact_state"": ""LOCKED_DERIVED_IMPLEMENTATION"", ""id"": ""CUL-06"", ""inspection_date"": ""2025-10-22"", ""kind"": ""culvert"", ""lon_lat"": [-108.0393601381131, 41.81839583789126], ""material"": ""reinforced concrete"", ""milepost"": 11.34, ""provenance"": ""Synthetic case implementation derived from reconciled handoff and explicit user authority; no external party or surveyed certification claimed"", ""restriction"": ""none beyond inspection restrictions"", ""route_id"": ""BST-MAIN"", ""span_m"": 1.8, ""waterway"": ""synthetic ephemeral drainage crossing; not an asserted named watercourse""}",2026,YEAR_OR_RANGE,,Maintain industrial source identity; further precision requires supported source revision.,"Accepted synthetic case implementation; not survey, land title or regulatory qualification.",GEO-D018
SH-IND-CUL-07,CUL-07 culvert,RAIL_STRUCTURE,SH-ENT-009,Wyoming,DERIVED_CASE_GEOMETRY,LOCKED_DERIVED_IMPLEMENTATION,ENGINEERED,FICTIONAL_IN_REAL_GEOGRAPHY,SRC-CURRENT-OPS,industrial/source/operations.json,d91a22c35c91b213204411421de88815f27d8e16,/structures/10,"{""catchup_usd"": 35000, ""condition"": ""fair"", ""constructed"": 1975, ""fact_state"": ""LOCKED_DERIVED_IMPLEMENTATION"", ""id"": ""CUL-07"", ""inspection_date"": ""2025-10-22"", ""kind"": ""culvert"", ""lon_lat"": [-108.05968644846595, 41.84050299486875], ""material"": ""corrugated steel"", ""milepost"": 13.229999999999999, ""provenance"": ""Synthetic case implementation derived from reconciled handoff and explicit user authority; no external party or surveyed certification claimed"", ""restriction"": ""none beyond inspection restrictions"", ""route_id"": ""BST-MAIN"", ""span_m"": 1.2, ""waterway"": ""synthetic ephemeral drainage crossing; not an asserted named watercourse""}",2026,YEAR_OR_RANGE,,Maintain industrial source identity; further precision requires supported source revision.,"Accepted synthetic case implementation; not survey, land title or regulatory qualification.",GEO-D018
SH-IND-CUL-08,CUL-08 culvert,RAIL_STRUCTURE,SH-ENT-009,Wyoming,DERIVED_CASE_GEOMETRY,LOCKED_DERIVED_IMPLEMENTATION,ENGINEERED,FICTIONAL_IN_REAL_GEOGRAPHY,SRC-CURRENT-OPS,industrial/source/operations.json,d91a22c35c91b213204411421de88815f27d8e16,/structures/11,"{""catchup_usd"": 35000, ""condition"": ""serviceable with sediment/headwall deficiency"", ""constructed"": 1976, ""fact_state"": ""LOCKED_DERIVED_IMPLEMENTATION"", ""id"": ""CUL-08"", ""inspection_date"": ""2025-10-22"", ""kind"": ""culvert"", ""lon_lat"": [-108.07066481373491, 41.86558459387432], ""material"": ""reinforced concrete"", ""milepost"": 15.12, ""provenance"": ""Synthetic case implementation derived from reconciled handoff and explicit user authority; no external party or surveyed certification claimed"", ""restriction"": ""none beyond inspection restrictions"", ""route_id"": ""BST-MAIN"", ""span_m"": 1.2, ""waterway"": ""synthetic ephemeral drainage crossing; not an asserted named watercourse""}",2026,YEAR_OR_RANGE,,Maintain industrial source identity; further precision requires supported source revision.,"Accepted synthetic case implementation; not survey, land title or regulatory qualification.",GEO-D018
SH-IND-CUL-09,CUL-09 culvert,RAIL_STRUCTURE,SH-ENT-009,Wyoming,DERIVED_CASE_GEOMETRY,LOCKED_DERIVED_IMPLEMENTATION,ENGINEERED,FICTIONAL_IN_REAL_GEOGRAPHY,SRC-CURRENT-OPS,industrial/source/operations.json,d91a22c35c91b213204411421de88815f27d8e16,/structures/12,"{""catchup_usd"": 35000, ""condition"": ""fair"", ""constructed"": 1977, ""fact_state"": ""LOCKED_DERIVED_IMPLEMENTATION"", ""id"": ""CUL-09"", ""inspection_date"": ""2025-10-22"", ""kind"": ""culvert"", ""lon_lat"": [-108.08812089230693, 41.889585722139074], ""material"": ""corrugated steel"", ""milepost"": 17.009999999999998, ""provenance"": ""Synthetic case implementation derived from reconciled handoff and explicit user authority; no external party or surveyed certification claimed"", ""restriction"": ""none beyond inspection restrictions"", ""route_id"": ""BST-MAIN"", ""span_m"": 1.8, ""waterway"": ""synthetic ephemeral drainage crossing; not an asserted named watercourse""}",2026,YEAR_OR_RANGE,,Maintain industrial source identity; further precision requires supported source revision.,"Accepted synthetic case implementation; not survey, land title or regulatory qualification.",GEO-D018
SH-IND-CUL-10,CUL-10 culvert,RAIL_STRUCTURE,SH-ENT-009,Wyoming,DERIVED_CASE_GEOMETRY,LOCKED_DERIVED_IMPLEMENTATION,ENGINEERED,FICTIONAL_IN_REAL_GEOGRAPHY,SRC-CURRENT-OPS,industrial/source/operations.json,d91a22c35c91b213204411421de88815f27d8e16,/structures/13,"{""catchup_usd"": 35000, ""condition"": ""fair"", ""constructed"": 1978, ""fact_state"": ""LOCKED_DERIVED_IMPLEMENTATION"", ""id"": ""CUL-10"", ""inspection_date"": ""2025-10-22"", ""kind"": ""culvert"", ""lon_lat"": [-108.09888772447724, 41.91553155873953], ""material"": ""reinforced concrete"", ""milepost"": 18.9, ""provenance"": ""Synthetic case implementation derived from reconciled handoff and explicit user authority; no external party or surveyed certification claimed"", ""restriction"": ""none beyond inspection restrictions"", ""route_id"": ""BST-MAIN"", ""span_m"": 1.2, ""waterway"": ""synthetic ephemeral drainage crossing; not an asserted named watercourse""}",2026,YEAR_OR_RANGE,,Maintain industrial source identity; further precision requires supported source revision.,"Accepted synthetic case implementation; not survey, land title or regulatory qualification.",GEO-D018
SH-IND-CUL-11,CUL-11 culvert,RAIL_STRUCTURE,SH-ENT-009,Wyoming,DERIVED_CASE_GEOMETRY,LOCKED_DERIVED_IMPLEMENTATION,ENGINEERED,FICTIONAL_IN_REAL_GEOGRAPHY,SRC-CURRENT-OPS,industrial/source/operations.json,d91a22c35c91b213204411421de88815f27d8e16,/structures/14,"{""catchup_usd"": 35000, ""condition"": ""fair"", ""constructed"": 1979, ""fact_state"": ""LOCKED_DERIVED_IMPLEMENTATION"", ""id"": ""CUL-11"", ""inspection_date"": ""2025-10-22"", ""kind"": ""culvert"", ""lon_lat"": [-108.10410138045616, 41.94246556149584], ""material"": ""corrugated steel"", ""milepost"": 20.79, ""provenance"": ""Synthetic case implementation derived from reconciled handoff and explicit user authority; no external party or surveyed certification claimed"", ""restriction"": ""none beyond inspection restrictions"", ""route_id"": ""BST-MAIN"", ""span_m"": 1.2, ""waterway"": ""synthetic ephemeral drainage crossing; not an asserted named watercourse""}",2026,YEAR_OR_RANGE,,Maintain industrial source identity; further precision requires supported source revision.,"Accepted synthetic case implementation; not survey, land title or regulatory qualification.",GEO-D018
SH-IND-CUL-12,CUL-12 culvert,RAIL_STRUCTURE,SH-ENT-009,Wyoming,DERIVED_CASE_GEOMETRY,LOCKED_DERIVED_IMPLEMENTATION,ENGINEERED,FICTIONAL_IN_REAL_GEOGRAPHY,SRC-CURRENT-OPS,industrial/source/operations.json,d91a22c35c91b213204411421de88815f27d8e16,/structures/15,"{""catchup_usd"": 35000, ""condition"": ""serviceable with sediment/headwall deficiency"", ""constructed"": 1980, ""fact_state"": ""LOCKED_DERIVED_IMPLEMENTATION"", ""id"": ""CUL-12"", ""inspection_date"": ""2025-10-22"", ""kind"": ""culvert"", ""lon_lat"": [-108.11267084511982, 41.968986265802876], ""material"": ""reinforced concrete"", ""milepost"": 22.68, ""provenance"": ""Synthetic case implementation derived from reconciled handoff and explicit user authority; no external party or surveyed certification claimed"", ""restriction"": ""none beyond inspection restrictions"", ""route_id"": ""BST-MAIN"", ""span_m"": 1.8, ""waterway"": ""synthetic ephemeral drainage crossing; not an asserted named watercourse""}",2026,YEAR_OR_RANGE,,Maintain industrial source identity; further precision requires supported source revision.,"Accepted synthetic case implementation; not survey, land title or regulatory qualification.",GEO-D018
SH-IND-CUL-13,CUL-13 culvert,RAIL_STRUCTURE,SH-ENT-009,Wyoming,DERIVED_CASE_GEOMETRY,LOCKED_DERIVED_IMPLEMENTATION,ENGINEERED,FICTIONAL_IN_REAL_GEOGRAPHY,SRC-CURRENT-OPS,industrial/source/operations.json,d91a22c35c91b213204411421de88815f27d8e16,/structures/16,"{""catchup_usd"": 35000, ""condition"": ""fair"", ""constructed"": 1981, ""fact_state"": ""LOCKED_DERIVED_IMPLEMENTATION"", ""id"": ""CUL-13"", ""inspection_date"": ""2025-10-22"", ""kind"": ""culvert"", ""lon_lat"": [-108.11512201860916, 41.99630317415689], ""material"": ""corrugated steel"", ""milepost"": 24.57, ""provenance"": ""Synthetic case implementation derived from reconciled handoff and explicit user authority; no external party or surveyed certification claimed"", ""restriction"": ""none beyond inspection restrictions"", ""route_id"": ""BST-MAIN"", ""span_m"": 1.2, ""waterway"": ""synthetic ephemeral drainage crossing; not an asserted named watercourse""}",2026,YEAR_OR_RANGE,,Maintain industrial source identity; further precision requires supported source revision.,"Accepted synthetic case implementation; not survey, land title or regulatory qualification.",GEO-D018
SH-IND-CUL-14,CUL-14 culvert,RAIL_STRUCTURE,SH-ENT-009,Wyoming,DERIVED_CASE_GEOMETRY,LOCKED_DERIVED_IMPLEMENTATION,ENGINEERED,FICTIONAL_IN_REAL_GEOGRAPHY,SRC-CURRENT-OPS,industrial/source/operations.json,d91a22c35c91b213204411421de88815f27d8e16,/structures/17,"{""catchup_usd"": 35000, ""condition"": ""fair"", ""constructed"": 1982, ""fact_state"": ""LOCKED_DERIVED_IMPLEMENTATION"", ""id"": ""CUL-14"", ""inspection_date"": ""2025-10-22"", ""kind"": ""culvert"", ""lon_lat"": [-108.11646573871418, 42.023668990831396], ""material"": ""reinforced concrete"", ""milepost"": 26.459999999999997, ""provenance"": ""Synthetic case implementation derived from reconciled handoff and explicit user authority; no external party or surveyed certification claimed"", ""restriction"": ""none beyond inspection restrictions"", ""route_id"": ""BST-MAIN"", ""span_m"": 1.2, ""waterway"": ""synthetic ephemeral drainage crossing; not an asserted named watercourse""}",2026,YEAR_OR_RANGE,,Maintain industrial source identity; further precision requires supported source revision.,"Accepted synthetic case implementation; not survey, land title or regulatory qualification.",GEO-D018
SH-IND-CUL-15,CUL-15 culvert,RAIL_STRUCTURE,SH-ENT-009,Wyoming,DERIVED_CASE_GEOMETRY,LOCKED_DERIVED_IMPLEMENTATION,ENGINEERED,FICTIONAL_IN_REAL_GEOGRAPHY,SRC-CURRENT-OPS,industrial/source/operations.json,d91a22c35c91b213204411421de88815f27d8e16,/structures/18,"{""catchup_usd"": 35000, ""condition"": ""fair"", ""constructed"": 1983, ""fact_state"": ""LOCKED_DERIVED_IMPLEMENTATION"", ""id"": ""CUL-15"", ""inspection_date"": ""2025-10-22"", ""kind"": ""culvert"", ""lon_lat"": [-108.11768283264658, 42.051038040564535], ""material"": ""corrugated steel"", ""milepost"": 28.349999999999998, ""provenance"": ""Synthetic case implementation derived from reconciled handoff and explicit user authority; no external party or surveyed certification claimed"", ""restriction"": ""none beyond inspection restrictions"", ""route_id"": ""BST-MAIN"", ""span_m"": 1.8, ""waterway"": ""synthetic ephemeral drainage crossing; not an asserted named watercourse""}",2026,YEAR_OR_RANGE,,Maintain industrial source identity; further precision requires supported source revision.,"Accepted synthetic case implementation; not survey, land title or regulatory qualification.",GEO-D018
SH-IND-CUL-16,CUL-16 culvert,RAIL_STRUCTURE,SH-ENT-009,Wyoming,DERIVED_CASE_GEOMETRY,LOCKED_DERIVED_IMPLEMENTATION,ENGINEERED,FICTIONAL_IN_REAL_GEOGRAPHY,SRC-CURRENT-OPS,industrial/source/operations.json,d91a22c35c91b213204411421de88815f27d8e16,/structures/19,"{""catchup_usd"": 35000, ""condition"": ""serviceable with sediment/headwall deficiency"", ""constructed"": 1984, ""fact_state"": ""LOCKED_DERIVED_IMPLEMENTATION"", ""id"": ""CUL-16"", ""inspection_date"": ""2025-10-22"", ""kind"": ""culvert"", ""lon_lat"": [-108.11873012028391, 42.0784091776061], ""material"": ""reinforced concrete"", ""milepost"": 30.24, ""provenance"": ""Synthetic case implementation derived from reconciled handoff and explicit user authority; no external party or surveyed certification claimed"", ""restriction"": ""none beyond inspection restrictions"", ""route_id"": ""BST-MAIN"", ""span_m"": 1.2, ""waterway"": ""synthetic ephemeral drainage crossing; not an asserted named watercourse""}",2026,YEAR_OR_RANGE,,Maintain industrial source identity; further precision requires supported source revision.,"Accepted synthetic case implementation; not survey, land title or regulatory qualification.",GEO-D018
SH-IND-CUL-17,CUL-17 culvert,RAIL_STRUCTURE,SH-ENT-009,Wyoming,DERIVED_CASE_GEOMETRY,LOCKED_DERIVED_IMPLEMENTATION,ENGINEERED,FICTIONAL_IN_REAL_GEOGRAPHY,SRC-CURRENT-OPS,industrial/source/operations.json,d91a22c35c91b213204411421de88815f27d8e16,/structures/20,"{""catchup_usd"": 35000, ""condition"": ""fair"", ""constructed"": 1985, ""fact_state"": ""LOCKED_DERIVED_IMPLEMENTATION"", ""id"": ""CUL-17"", ""inspection_date"": ""2025-10-22"", ""kind"": ""culvert"", ""lon_lat"": [-108.04628658214853, 41.87771783612307], ""material"": ""corrugated steel"", ""milepost"": 1.5, ""provenance"": ""Synthetic case implementation derived from reconciled handoff and explicit user authority; no external party or surveyed certification claimed"", ""restriction"": ""none beyond inspection restrictions"", ""route_id"": ""BST-EAST"", ""span_m"": 1.2, ""waterway"": ""synthetic ephemeral drainage crossing; not an asserted named watercourse""}",2026,YEAR_OR_RANGE,,Maintain industrial source identity; further precision requires supported source revision.,"Accepted synthetic case implementation; not survey, land title or regulatory qualification.",GEO-D018
SH-IND-CUL-18,CUL-18 culvert,RAIL_STRUCTURE,SH-ENT-009,Wyoming,DERIVED_CASE_GEOMETRY,LOCKED_DERIVED_IMPLEMENTATION,ENGINEERED,FICTIONAL_IN_REAL_GEOGRAPHY,SRC-CURRENT-OPS,industrial/source/operations.json,d91a22c35c91b213204411421de88815f27d8e16,/structures/21,"{""catchup_usd"": 35000, ""condition"": ""fair"", ""constructed"": 1986, ""fact_state"": ""LOCKED_DERIVED_IMPLEMENTATION"", ""id"": ""CUL-18"", ""inspection_date"": ""2025-10-22"", ""kind"": ""culvert"", ""lon_lat"": [-108.02543226355233, 41.89284878948144], ""material"": ""reinforced concrete"", ""milepost"": 3.0, ""provenance"": ""Synthetic case implementation derived from reconciled handoff and explicit user authority; no external party or surveyed certification claimed"", ""restriction"": ""none beyond inspection restrictions"", ""route_id"": ""BST-EAST"", ""span_m"": 1.8, ""waterway"": ""synthetic ephemeral drainage crossing; not an asserted named watercourse""}",2026,YEAR_OR_RANGE,,Maintain industrial source identity; further precision requires supported source revision.,"Accepted synthetic case implementation; not survey, land title or regulatory qualification.",GEO-D018
SH-IND-CUL-19,CUL-19 culvert,RAIL_STRUCTURE,SH-ENT-009,Wyoming,DERIVED_CASE_GEOMETRY,LOCKED_DERIVED_IMPLEMENTATION,ENGINEERED,FICTIONAL_IN_REAL_GEOGRAPHY,SRC-CURRENT-OPS,industrial/source/operations.json,d91a22c35c91b213204411421de88815f27d8e16,/structures/22,"{""catchup_usd"": 35000, ""condition"": ""fair"", ""constructed"": 1987, ""fact_state"": ""LOCKED_DERIVED_IMPLEMENTATION"", ""id"": ""CUL-19"", ""inspection_date"": ""2025-10-22"", ""kind"": ""culvert"", ""lon_lat"": [-108.09712149335367, 42.02245298595429], ""material"": ""corrugated steel"", ""milepost"": 1.05, ""provenance"": ""Synthetic case implementation derived from reconciled handoff and explicit user authority; no external party or surveyed certification claimed"", ""restriction"": ""none beyond inspection restrictions"", ""route_id"": ""BST-MINERAL"", ""span_m"": 1.2, ""waterway"": ""synthetic ephemeral drainage crossing; not an asserted named watercourse""}",2026,YEAR_OR_RANGE,,Maintain industrial source identity; further precision requires supported source revision.,"Accepted synthetic case implementation; not survey, land title or regulatory qualification.",GEO-D018
SH-IND-CUL-20,CUL-20 culvert,RAIL_STRUCTURE,SH-ENT-009,Wyoming,DERIVED_CASE_GEOMETRY,LOCKED_DERIVED_IMPLEMENTATION,ENGINEERED,FICTIONAL_IN_REAL_GEOGRAPHY,SRC-CURRENT-OPS,industrial/source/operations.json,d91a22c35c91b213204411421de88815f27d8e16,/structures/23,"{""catchup_usd"": 35000, ""condition"": ""serviceable with sediment/headwall deficiency"", ""constructed"": 1988, ""fact_state"": ""LOCKED_DERIVED_IMPLEMENTATION"", ""id"": ""CUL-20"", ""inspection_date"": ""2025-10-22"", ""kind"": ""culvert"", ""lon_lat"": [-108.07958374377804, 42.03018525134497], ""material"": ""reinforced concrete"", ""milepost"": 2.1, ""provenance"": ""Synthetic case implementation derived from reconciled handoff and explicit user authority; no external party or surveyed certification claimed"", ""restriction"": ""none beyond inspection restrictions"", ""route_id"": ""BST-MINERAL"", ""span_m"": 1.2, ""waterway"": ""synthetic ephemeral drainage crossing; not an asserted named watercourse""}",2026,YEAR_OR_RANGE,,Maintain industrial source identity; further precision requires supported source revision.,"Accepted synthetic case implementation; not survey, land title or regulatory qualification.",GEO-D018
SH-IND-HWY-I80-1,HWY-I80-1 third_party_highway_overbridge,RAIL_STRUCTURE,SH-ENT-009,Wyoming,DERIVED_CASE_GEOMETRY,LOCKED_DERIVED_IMPLEMENTATION,ENGINEERED,FICTIONAL_IN_REAL_GEOGRAPHY,SRC-CURRENT-OPS,industrial/source/operations.json,d91a22c35c91b213204411421de88815f27d8e16,/structures/24,"{""catchup_usd"": 0, ""condition"": ""serviceable synthetic condition"", ""constructed"": 1968, ""fact_state"": ""LOCKED_DERIVED_IMPLEMENTATION"", ""id"": ""HWY-I80-1"", ""inspection_state"": ""host-highway responsibilities modeled in crossing agreement"", ""kind"": ""third_party_highway_overbridge"", ""lon_lat"": [-107.9710163548332, 41.67930112876496], ""material"": ""prestressed concrete highway span"", ""milepost"": 0.4338486504634681, ""owner"": ""fictional WYDOT crossing arrangement; no real agreement asserted"", ""provenance"": ""I80 corridor real; existing grade-separated crossing invented as necessary historical infrastructure, not a mapped real bridge"", ""reference_id"": ""REF-WAMSUTTER-HIGHWAYS-4"", ""restriction"": ""rail clearance21ft6in assumed; survey verification gate"", ""route_id"": ""BST-MAIN"", ""span_m"": 35}",2026,YEAR_OR_RANGE,,Maintain industrial source identity; further precision requires supported source revision.,"Accepted synthetic case implementation; not survey, land title or regulatory qualification.",GEO-D018
SH-IND-HWY-I80-2,HWY-I80-2 third_party_highway_overbridge,RAIL_STRUCTURE,SH-ENT-009,Wyoming,DERIVED_CASE_GEOMETRY,LOCKED_DERIVED_IMPLEMENTATION,ENGINEERED,FICTIONAL_IN_REAL_GEOGRAPHY,SRC-CURRENT-OPS,industrial/source/operations.json,d91a22c35c91b213204411421de88815f27d8e16,/structures/25,"{""catchup_usd"": 0, ""condition"": ""serviceable synthetic condition"", ""constructed"": 1968, ""fact_state"": ""LOCKED_DERIVED_IMPLEMENTATION"", ""id"": ""HWY-I80-2"", ""inspection_state"": ""host-highway responsibilities modeled in crossing agreement"", ""kind"": ""third_party_highway_overbridge"", ""lon_lat"": [-107.97062132925036, 41.678992799552994], ""material"": ""prestressed concrete highway span"", ""milepost"": 0.4043327541069508, ""owner"": ""fictional WYDOT crossing arrangement; no real agreement asserted"", ""provenance"": ""I80 corridor real; existing grade-separated crossing invented as necessary historical infrastructure, not a mapped real bridge"", ""reference_id"": ""REF-WAMSUTTER-HIGHWAYS-151"", ""restriction"": ""rail clearance21ft6in assumed; survey verification gate"", ""route_id"": ""BST-MAIN"", ""span_m"": 35}",2026,YEAR_OR_RANGE,,Maintain industrial source identity; further precision requires supported source revision.,"Accepted synthetic case implementation; not survey, land title or regulatory qualification.",GEO-D018
SH-IND-TRK-BST-MAIN-0,TRK-BST-MAIN-0,TRACK_REGISTER_SEGMENT,SH-ENT-009,Wyoming,DERIVED_CASE_GEOMETRY,LOCKED_DERIVED_IMPLEMENTATION,ENGINEERED,FICTIONAL_IN_REAL_GEOGRAPHY,SRC-CURRENT-OPS,industrial/source/operations.json,d91a22c35c91b213204411421de88815f27d8e16,/track_segments/0,"{""authority_method"": ""written track warrant plus yard limits and radio repeat-back; no automatic block signal assumption"", ""capital_category"": ""track_ties_surfacing"", ""condition"": ""fair; funded tie/surfacing backlog"", ""fact_state"": ""LOCKED_DERIVED_IMPLEMENTATION"", ""id"": ""TRK-BST-MAIN-0"", ""inspection"": ""synthetic qualified track-inspector weekly + weather-event inspection"", ""length_miles"": 4, ""maximum_freight_mph"": 25, ""mp_end"": 4, ""mp_start"": 0, ""owner"": ""Blood, Sweat & Tears Railway Company"", ""provenance"": ""Synthetic case implementation derived from reconciled handoff and explicit user authority; no external party or surveyed certification claimed"", ""rail_lb_per_yard"": 132, ""restriction"": ""286000lb gross car allowance subject to segment/bridge rating and local restrictions"", ""route_id"": ""BST-MAIN"", ""slow_order_release"": null, ""temporary_slow_order_mph"": null, ""ties"": ""timber; selective concrete at drainage transitions"", ""track_class"": 2}",2026,YEAR_OR_RANGE,,Maintain industrial source identity; further precision requires supported source revision.,"Accepted synthetic case implementation; not survey, land title or regulatory qualification.",GEO-D018
SH-IND-TRK-BST-MAIN-4,TRK-BST-MAIN-4,TRACK_REGISTER_SEGMENT,SH-ENT-009,Wyoming,DERIVED_CASE_GEOMETRY,LOCKED_DERIVED_IMPLEMENTATION,ENGINEERED,FICTIONAL_IN_REAL_GEOGRAPHY,SRC-CURRENT-OPS,industrial/source/operations.json,d91a22c35c91b213204411421de88815f27d8e16,/track_segments/1,"{""authority_method"": ""written track warrant plus yard limits and radio repeat-back; no automatic block signal assumption"", ""capital_category"": ""track_ties_surfacing"", ""condition"": ""fair; funded tie/surfacing backlog"", ""fact_state"": ""LOCKED_DERIVED_IMPLEMENTATION"", ""id"": ""TRK-BST-MAIN-4"", ""inspection"": ""synthetic qualified track-inspector weekly + weather-event inspection"", ""length_miles"": 6, ""maximum_freight_mph"": 25, ""mp_end"": 10, ""mp_start"": 4, ""owner"": ""Blood, Sweat & Tears Railway Company"", ""provenance"": ""Synthetic case implementation derived from reconciled handoff and explicit user authority; no external party or surveyed certification claimed"", ""rail_lb_per_yard"": 132, ""restriction"": ""286000lb gross car allowance subject to segment/bridge rating and local restrictions"", ""route_id"": ""BST-MAIN"", ""slow_order_release"": null, ""temporary_slow_order_mph"": null, ""ties"": ""timber; selective concrete at drainage transitions"", ""track_class"": 2}",2026,YEAR_OR_RANGE,,Maintain industrial source identity; further precision requires supported source revision.,"Accepted synthetic case implementation; not survey, land title or regulatory qualification.",GEO-D018
SH-IND-TRK-BST-MAIN-10,TRK-BST-MAIN-10,TRACK_REGISTER_SEGMENT,SH-ENT-009,Wyoming,DERIVED_CASE_GEOMETRY,LOCKED_DERIVED_IMPLEMENTATION,ENGINEERED,FICTIONAL_IN_REAL_GEOGRAPHY,SRC-CURRENT-OPS,industrial/source/operations.json,d91a22c35c91b213204411421de88815f27d8e16,/track_segments/2,"{""authority_method"": ""written track warrant plus yard limits and radio repeat-back; no automatic block signal assumption"", ""capital_category"": ""track_ties_surfacing"", ""condition"": ""fair; funded tie/surfacing backlog"", ""fact_state"": ""LOCKED_DERIVED_IMPLEMENTATION"", ""id"": ""TRK-BST-MAIN-10"", ""inspection"": ""synthetic qualified track-inspector weekly + weather-event inspection"", ""length_miles"": 5, ""maximum_freight_mph"": 25, ""mp_end"": 15, ""mp_start"": 10, ""owner"": ""Blood, Sweat & Tears Railway Company"", ""provenance"": ""Synthetic case implementation derived from reconciled handoff and explicit user authority; no external party or surveyed certification claimed"", ""rail_lb_per_yard"": 115, ""restriction"": ""286000lb gross car allowance subject to segment/bridge rating and local restrictions"", ""route_id"": ""BST-MAIN"", ""slow_order_release"": null, ""temporary_slow_order_mph"": null, ""ties"": ""timber; selective concrete at drainage transitions"", ""track_class"": 2}",2026,YEAR_OR_RANGE,,Maintain industrial source identity; further precision requires supported source revision.,"Accepted synthetic case implementation; not survey, land title or regulatory qualification.",GEO-D018
SH-IND-TRK-BST-MAIN-15,TRK-BST-MAIN-15,TRACK_REGISTER_SEGMENT,SH-ENT-009,Wyoming,DERIVED_CASE_GEOMETRY,LOCKED_DERIVED_IMPLEMENTATION,ENGINEERED,FICTIONAL_IN_REAL_GEOGRAPHY,SRC-CURRENT-OPS,industrial/source/operations.json,d91a22c35c91b213204411421de88815f27d8e16,/track_segments/3,"{""authority_method"": ""written track warrant plus yard limits and radio repeat-back; no automatic block signal assumption"", ""capital_category"": ""track_ties_surfacing"", ""condition"": ""fair; funded tie/surfacing backlog"", ""fact_state"": ""LOCKED_DERIVED_IMPLEMENTATION"", ""id"": ""TRK-BST-MAIN-15"", ""inspection"": ""synthetic qualified track-inspector weekly + weather-event inspection"", ""length_miles"": 7, ""maximum_freight_mph"": 25, ""mp_end"": 22, ""mp_start"": 15, ""owner"": ""Blood, Sweat & Tears Railway Company"", ""provenance"": ""Synthetic case implementation derived from reconciled handoff and explicit user authority; no external party or surveyed certification claimed"", ""rail_lb_per_yard"": 115, ""restriction"": ""286000lb gross car allowance subject to segment/bridge rating and local restrictions"", ""route_id"": ""BST-MAIN"", ""slow_order_release"": null, ""temporary_slow_order_mph"": null, ""ties"": ""timber; selective concrete at drainage transitions"", ""track_class"": 2}",2026,YEAR_OR_RANGE,,Maintain industrial source identity; further precision requires supported source revision.,"Accepted synthetic case implementation; not survey, land title or regulatory qualification.",GEO-D018
SH-IND-TRK-BST-MAIN-22,TRK-BST-MAIN-22,TRACK_REGISTER_SEGMENT,SH-ENT-009,Wyoming,DERIVED_CASE_GEOMETRY,LOCKED_DERIVED_IMPLEMENTATION,ENGINEERED,FICTIONAL_IN_REAL_GEOGRAPHY,SRC-CURRENT-OPS,industrial/source/operations.json,d91a22c35c91b213204411421de88815f27d8e16,/track_segments/4,"{""authority_method"": ""written track warrant plus yard limits and radio repeat-back; no automatic block signal assumption"", ""capital_category"": ""track_ties_surfacing"", ""condition"": ""fair; funded tie/surfacing backlog"", ""current_operating_restriction_mph"": null, ""fact_state"": ""LOCKED_DERIVED_IMPLEMENTATION"", ""id"": ""TRK-BST-MAIN-22"", ""inspection"": ""synthetic qualified track-inspector weekly + weather-event inspection"", ""length_miles"": 4, ""maximum_freight_mph"": 25, ""mp_end"": 26, ""mp_start"": 22, ""owner"": ""Blood, Sweat & Tears Railway Company"", ""provenance"": ""Synthetic case implementation derived from reconciled handoff and explicit user authority; no external party or surveyed certification claimed"", ""rail_lb_per_yard"": 115, ""restriction"": ""286000lb gross car allowance subject to segment/bridge rating and local restrictions"", ""route_id"": ""BST-MAIN"", ""slow_order_release"": ""2026-04-24"", ""slow_order_state"": ""HISTORICAL_RELEASED_SYNTHETIC"", ""temporary_slow_order_mph"": 10, ""ties"": ""timber; selective concrete at drainage transitions"", ""track_class"": 2}",2026,YEAR_OR_RANGE,,Maintain industrial source identity; further precision requires supported source revision.,"Accepted synthetic case implementation; not survey, land title or regulatory qualification.",GEO-D018
SH-IND-TRK-BST-MAIN-26,TRK-BST-MAIN-26,TRACK_REGISTER_SEGMENT,SH-ENT-009,Wyoming,DERIVED_CASE_GEOMETRY,LOCKED_DERIVED_IMPLEMENTATION,ENGINEERED,FICTIONAL_IN_REAL_GEOGRAPHY,SRC-CURRENT-OPS,industrial/source/operations.json,d91a22c35c91b213204411421de88815f27d8e16,/track_segments/5,"{""authority_method"": ""written track warrant plus yard limits and radio repeat-back; no automatic block signal assumption"", ""capital_category"": ""track_ties_surfacing"", ""condition"": ""fair; funded tie/surfacing backlog"", ""fact_state"": ""LOCKED_DERIVED_IMPLEMENTATION"", ""id"": ""TRK-BST-MAIN-26"", ""inspection"": ""synthetic qualified track-inspector weekly + weather-event inspection"", ""length_miles"": 4, ""maximum_freight_mph"": 25, ""mp_end"": 30, ""mp_start"": 26, ""owner"": ""Blood, Sweat & Tears Railway Company"", ""provenance"": ""Synthetic case implementation derived from reconciled handoff and explicit user authority; no external party or surveyed certification claimed"", ""rail_lb_per_yard"": 115, ""restriction"": ""286000lb gross car allowance subject to segment/bridge rating and local restrictions"", ""route_id"": ""BST-MAIN"", ""slow_order_release"": null, ""temporary_slow_order_mph"": null, ""ties"": ""timber; selective concrete at drainage transitions"", ""track_class"": 2}",2026,YEAR_OR_RANGE,,Maintain industrial source identity; further precision requires supported source revision.,"Accepted synthetic case implementation; not survey, land title or regulatory qualification.",GEO-D018
SH-IND-TRK-BST-MAIN-30,TRK-BST-MAIN-30,TRACK_REGISTER_SEGMENT,SH-ENT-009,Wyoming,DERIVED_CASE_GEOMETRY,LOCKED_DERIVED_IMPLEMENTATION,ENGINEERED,FICTIONAL_IN_REAL_GEOGRAPHY,SRC-CURRENT-OPS,industrial/source/operations.json,d91a22c35c91b213204411421de88815f27d8e16,/track_segments/6,"{""authority_method"": ""written track warrant plus yard limits and radio repeat-back; no automatic block signal assumption"", ""capital_category"": ""track_ties_surfacing"", ""condition"": ""fair; funded tie/surfacing backlog"", ""fact_state"": ""LOCKED_DERIVED_IMPLEMENTATION"", ""id"": ""TRK-BST-MAIN-30"", ""inspection"": ""synthetic qualified track-inspector weekly + weather-event inspection"", ""length_miles"": 3.348476763611039, ""maximum_freight_mph"": 25, ""mp_end"": 33.34847676361104, ""mp_start"": 30, ""owner"": ""Blood, Sweat & Tears Railway Company"", ""provenance"": ""Synthetic case implementation derived from reconciled handoff and explicit user authority; no external party or surveyed certification claimed"", ""rail_lb_per_yard"": 115, ""restriction"": ""286000lb gross car allowance subject to segment/bridge rating and local restrictions"", ""route_id"": ""BST-MAIN"", ""slow_order_release"": null, ""temporary_slow_order_mph"": null, ""ties"": ""timber; selective concrete at drainage transitions"", ""track_class"": 2}",2026,YEAR_OR_RANGE,,Maintain industrial source identity; further precision requires supported source revision.,"Accepted synthetic case implementation; not survey, land title or regulatory qualification.",GEO-D018
SH-IND-TRK-BST-EAST-0,TRK-BST-EAST-0,TRACK_REGISTER_SEGMENT,SH-ENT-009,Wyoming,DERIVED_CASE_GEOMETRY,LOCKED_DERIVED_IMPLEMENTATION,ENGINEERED,FICTIONAL_IN_REAL_GEOGRAPHY,SRC-CURRENT-OPS,industrial/source/operations.json,d91a22c35c91b213204411421de88815f27d8e16,/track_segments/7,"{""authority_method"": ""written track warrant plus yard limits and radio repeat-back; no automatic block signal assumption"", ""capital_category"": ""track_ties_surfacing"", ""condition"": ""fair; funded tie/surfacing backlog"", ""fact_state"": ""LOCKED_DERIVED_IMPLEMENTATION"", ""id"": ""TRK-BST-EAST-0"", ""inspection"": ""synthetic qualified track-inspector weekly + weather-event inspection"", ""length_miles"": 2, ""maximum_freight_mph"": 25, ""mp_end"": 2, ""mp_start"": 0, ""owner"": ""Blood, Sweat & Tears Railway Company"", ""provenance"": ""Synthetic case implementation derived from reconciled handoff and explicit user authority; no external party or surveyed certification claimed"", ""rail_lb_per_yard"": 132, ""restriction"": ""286000lb gross car allowance subject to segment/bridge rating and local restrictions"", ""route_id"": ""BST-EAST"", ""slow_order_release"": null, ""temporary_slow_order_mph"": null, ""ties"": ""timber; selective concrete at drainage transitions"", ""track_class"": 2}",2026,YEAR_OR_RANGE,,Maintain industrial source identity; further precision requires supported source revision.,"Accepted synthetic case implementation; not survey, land title or regulatory qualification.",GEO-D018
SH-IND-TRK-BST-EAST-2,TRK-BST-EAST-2,TRACK_REGISTER_SEGMENT,SH-ENT-009,Wyoming,DERIVED_CASE_GEOMETRY,LOCKED_DERIVED_IMPLEMENTATION,ENGINEERED,FICTIONAL_IN_REAL_GEOGRAPHY,SRC-CURRENT-OPS,industrial/source/operations.json,d91a22c35c91b213204411421de88815f27d8e16,/track_segments/8,"{""authority_method"": ""written track warrant plus yard limits and radio repeat-back; no automatic block signal assumption"", ""capital_category"": ""track_ties_surfacing"", ""condition"": ""fair; funded tie/surfacing backlog"", ""fact_state"": ""LOCKED_DERIVED_IMPLEMENTATION"", ""id"": ""TRK-BST-EAST-2"", ""inspection"": ""synthetic qualified track-inspector weekly + weather-event inspection"", ""length_miles"": 2, ""maximum_freight_mph"": 25, ""mp_end"": 4, ""mp_start"": 2, ""owner"": ""Blood, Sweat & Tears Railway Company"", ""provenance"": ""Synthetic case implementation derived from reconciled handoff and explicit user authority; no external party or surveyed certification claimed"", ""rail_lb_per_yard"": 132, ""restriction"": ""286000lb gross car allowance subject to segment/bridge rating and local restrictions"", ""route_id"": ""BST-EAST"", ""slow_order_release"": null, ""temporary_slow_order_mph"": null, ""ties"": ""timber; selective concrete at drainage transitions"", ""track_class"": 2}",2026,YEAR_OR_RANGE,,Maintain industrial source identity; further precision requires supported source revision.,"Accepted synthetic case implementation; not survey, land title or regulatory qualification.",GEO-D018
SH-IND-TRK-BST-MINERAL-0,TRK-BST-MINERAL-0,TRACK_REGISTER_SEGMENT,SH-ENT-009,Wyoming,DERIVED_CASE_GEOMETRY,LOCKED_DERIVED_IMPLEMENTATION,ENGINEERED,FICTIONAL_IN_REAL_GEOGRAPHY,SRC-CURRENT-OPS,industrial/source/operations.json,d91a22c35c91b213204411421de88815f27d8e16,/track_segments/9,"{""authority_method"": ""written track warrant plus yard limits and radio repeat-back; no automatic block signal assumption"", ""capital_category"": ""track_ties_surfacing"", ""condition"": ""fair; funded tie/surfacing backlog"", ""fact_state"": ""LOCKED_DERIVED_IMPLEMENTATION"", ""id"": ""TRK-BST-MINERAL-0"", ""inspection"": ""synthetic qualified track-inspector weekly + weather-event inspection"", ""length_miles"": 1.25, ""maximum_freight_mph"": 25, ""mp_end"": 1.25, ""mp_start"": 0, ""owner"": ""Blood, Sweat & Tears Railway Company"", ""provenance"": ""Synthetic case implementation derived from reconciled handoff and explicit user authority; no external party or surveyed certification claimed"", ""rail_lb_per_yard"": 132, ""restriction"": ""286000lb gross car allowance subject to segment/bridge rating and local restrictions"", ""route_id"": ""BST-MINERAL"", ""slow_order_release"": null, ""temporary_slow_order_mph"": null, ""ties"": ""timber; selective concrete at drainage transitions"", ""track_class"": 2}",2026,YEAR_OR_RANGE,,Maintain industrial source identity; further precision requires supported source revision.,"Accepted synthetic case implementation; not survey, land title or regulatory qualification.",GEO-D018
SH-IND-TRK-BST-MINERAL-1.25,TRK-BST-MINERAL-1.25,TRACK_REGISTER_SEGMENT,SH-ENT-009,Wyoming,DERIVED_CASE_GEOMETRY,LOCKED_DERIVED_IMPLEMENTATION,ENGINEERED,FICTIONAL_IN_REAL_GEOGRAPHY,SRC-CURRENT-OPS,industrial/source/operations.json,d91a22c35c91b213204411421de88815f27d8e16,/track_segments/10,"{""authority_method"": ""written track warrant plus yard limits and radio repeat-back; no automatic block signal assumption"", ""capital_category"": ""track_ties_surfacing"", ""condition"": ""fair; funded tie/surfacing backlog"", ""fact_state"": ""LOCKED_DERIVED_IMPLEMENTATION"", ""id"": ""TRK-BST-MINERAL-1.25"", ""inspection"": ""synthetic qualified track-inspector weekly + weather-event inspection"", ""length_miles"": 1.401523236389135, ""maximum_freight_mph"": 25, ""mp_end"": 2.651523236389135, ""mp_start"": 1.25, ""owner"": ""Blood, Sweat & Tears Railway Company"", ""provenance"": ""Synthetic case implementation derived from reconciled handoff and explicit user authority; no external party or surveyed certification claimed"", ""rail_lb_per_yard"": 132, ""restriction"": ""286000lb gross car allowance subject to segment/bridge rating and local restrictions"", ""route_id"": ""BST-MINERAL"", ""slow_order_release"": null, ""temporary_slow_order_mph"": null, ""ties"": ""timber; selective concrete at drainage transitions"", ""track_class"": 2}",2026,YEAR_OR_RANGE,,Maintain industrial source identity; further precision requires supported source revision.,"Accepted synthetic case implementation; not survey, land title or regulatory qualification.",GEO-D018
SH-IND-YARD-FAC-TAY-YARD-arrival,arrival,TRACK_REGISTER_SEGMENT,SH-ENT-009,Wyoming,DERIVED_CASE_GEOMETRY,LOCKED_DERIVED_IMPLEMENTATION,ENGINEERED,FICTIONAL_IN_REAL_GEOGRAPHY,SRC-CURRENT-OPS,industrial/source/operations.json,d91a22c35c91b213204411421de88815f27d8e16,/track_segments/11,"{""authority_method"": ""yardmaster permission; blue-flag/transload protection as applicable"", ""capital_category"": ""yard_shop"", ""car_spots"": 20, ""condition"": ""serviceable/rehabilitated"", ""excluded_from_route_miles"": true, ""facility_id"": ""FAC-TAY-YARD"", ""fact_state"": ""LOCKED_DERIVED_IMPLEMENTATION"", ""id"": ""YARD-FAC-TAY-YARD-arrival"", ""in_service_date"": ""1991-01-02"", ""length_miles"": 0.28, ""locomotive_and_clearance_allowance_ft"": 150, ""maximum_freight_mph"": 10, ""name"": ""arrival"", ""owner"": ""Blood, Sweat & Tears Railway Company"", ""provenance"": ""Synthetic case implementation derived from reconciled handoff and explicit user authority; no external party or surveyed certification claimed"", ""rail_lb_per_yard"": 115, ""reference_car_length_ft"": 60, ""route_id"": null, ""track_class"": 1}",2026,YEAR_OR_RANGE,,Maintain industrial source identity; further precision requires supported source revision.,"Accepted synthetic case implementation; not survey, land title or regulatory qualification.",GEO-D018
SH-IND-YARD-FAC-TAY-YARD-departure,departure,TRACK_REGISTER_SEGMENT,SH-ENT-009,Wyoming,DERIVED_CASE_GEOMETRY,LOCKED_DERIVED_IMPLEMENTATION,ENGINEERED,FICTIONAL_IN_REAL_GEOGRAPHY,SRC-CURRENT-OPS,industrial/source/operations.json,d91a22c35c91b213204411421de88815f27d8e16,/track_segments/12,"{""authority_method"": ""yardmaster permission; blue-flag/transload protection as applicable"", ""capital_category"": ""yard_shop"", ""car_spots"": 20, ""condition"": ""serviceable/rehabilitated"", ""excluded_from_route_miles"": true, ""facility_id"": ""FAC-TAY-YARD"", ""fact_state"": ""LOCKED_DERIVED_IMPLEMENTATION"", ""id"": ""YARD-FAC-TAY-YARD-departure"", ""in_service_date"": ""1991-01-02"", ""length_miles"": 0.28, ""locomotive_and_clearance_allowance_ft"": 150, ""maximum_freight_mph"": 10, ""name"": ""departure"", ""owner"": ""Blood, Sweat & Tears Railway Company"", ""provenance"": ""Synthetic case implementation derived from reconciled handoff and explicit user authority; no external party or surveyed certification claimed"", ""rail_lb_per_yard"": 115, ""reference_car_length_ft"": 60, ""route_id"": null, ""track_class"": 1}",2026,YEAR_OR_RANGE,,Maintain industrial source identity; further precision requires supported source revision.,"Accepted synthetic case implementation; not survey, land title or regulatory qualification.",GEO-D018
SH-IND-YARD-FAC-TAY-YARD-classification1,classification1,TRACK_REGISTER_SEGMENT,SH-ENT-009,Wyoming,DERIVED_CASE_GEOMETRY,LOCKED_DERIVED_IMPLEMENTATION,ENGINEERED,FICTIONAL_IN_REAL_GEOGRAPHY,SRC-CURRENT-OPS,industrial/source/operations.json,d91a22c35c91b213204411421de88815f27d8e16,/track_segments/13,"{""authority_method"": ""yardmaster permission; blue-flag/transload protection as applicable"", ""capital_category"": ""yard_shop"", ""car_spots"": 20, ""condition"": ""serviceable/rehabilitated"", ""excluded_from_route_miles"": true, ""facility_id"": ""FAC-TAY-YARD"", ""fact_state"": ""LOCKED_DERIVED_IMPLEMENTATION"", ""id"": ""YARD-FAC-TAY-YARD-classification1"", ""in_service_date"": ""1991-01-02"", ""length_miles"": 0.28, ""locomotive_and_clearance_allowance_ft"": 150, ""maximum_freight_mph"": 10, ""name"": ""classification1"", ""owner"": ""Blood, Sweat & Tears Railway Company"", ""provenance"": ""Synthetic case implementation derived from reconciled handoff and explicit user authority; no external party or surveyed certification claimed"", ""rail_lb_per_yard"": 115, ""reference_car_length_ft"": 60, ""route_id"": null, ""track_class"": 1}",2026,YEAR_OR_RANGE,,Maintain industrial source identity; further precision requires supported source revision.,"Accepted synthetic case implementation; not survey, land title or regulatory qualification.",GEO-D018
SH-IND-YARD-FAC-TAY-YARD-classification2,classification2,TRACK_REGISTER_SEGMENT,SH-ENT-009,Wyoming,DERIVED_CASE_GEOMETRY,LOCKED_DERIVED_IMPLEMENTATION,ENGINEERED,FICTIONAL_IN_REAL_GEOGRAPHY,SRC-CURRENT-OPS,industrial/source/operations.json,d91a22c35c91b213204411421de88815f27d8e16,/track_segments/14,"{""authority_method"": ""yardmaster permission; blue-flag/transload protection as applicable"", ""capital_category"": ""yard_shop"", ""car_spots"": 20, ""condition"": ""serviceable/rehabilitated"", ""excluded_from_route_miles"": true, ""facility_id"": ""FAC-TAY-YARD"", ""fact_state"": ""LOCKED_DERIVED_IMPLEMENTATION"", ""id"": ""YARD-FAC-TAY-YARD-classification2"", ""in_service_date"": ""1991-01-02"", ""length_miles"": 0.28, ""locomotive_and_clearance_allowance_ft"": 150, ""maximum_freight_mph"": 10, ""name"": ""classification2"", ""owner"": ""Blood, Sweat & Tears Railway Company"", ""provenance"": ""Synthetic case implementation derived from reconciled handoff and explicit user authority; no external party or surveyed certification claimed"", ""rail_lb_per_yard"": 115, ""reference_car_length_ft"": 60, ""route_id"": null, ""track_class"": 1}",2026,YEAR_OR_RANGE,,Maintain industrial source identity; further precision requires supported source revision.,"Accepted synthetic case implementation; not survey, land title or regulatory qualification.",GEO-D018
SH-IND-YARD-FAC-TAY-YARD-shop,shop,TRACK_REGISTER_SEGMENT,SH-ENT-009,Wyoming,DERIVED_CASE_GEOMETRY,LOCKED_DERIVED_IMPLEMENTATION,ENGINEERED,FICTIONAL_IN_REAL_GEOGRAPHY,SRC-CURRENT-OPS,industrial/source/operations.json,d91a22c35c91b213204411421de88815f27d8e16,/track_segments/15,"{""authority_method"": ""yardmaster permission; blue-flag/transload protection as applicable"", ""capital_category"": ""yard_shop"", ""car_spots"": 5, ""condition"": ""serviceable/rehabilitated"", ""excluded_from_route_miles"": true, ""facility_id"": ""FAC-TAY-YARD"", ""fact_state"": ""LOCKED_DERIVED_IMPLEMENTATION"", ""id"": ""YARD-FAC-TAY-YARD-shop"", ""in_service_date"": ""1991-01-02"", ""length_miles"": 0.1, ""locomotive_and_clearance_allowance_ft"": 150, ""maximum_freight_mph"": 10, ""name"": ""shop"", ""owner"": ""Blood, Sweat & Tears Railway Company"", ""provenance"": ""Synthetic case implementation derived from reconciled handoff and explicit user authority; no external party or surveyed certification claimed"", ""rail_lb_per_yard"": 115, ""reference_car_length_ft"": 60, ""route_id"": null, ""track_class"": 1}",2026,YEAR_OR_RANGE,,Maintain industrial source identity; further precision requires supported source revision.,"Accepted synthetic case implementation; not survey, land title or regulatory qualification.",GEO-D018
SH-IND-YARD-FAC-TAY-YARD-fuel,fuel,TRACK_REGISTER_SEGMENT,SH-ENT-009,Wyoming,DERIVED_CASE_GEOMETRY,LOCKED_DERIVED_IMPLEMENTATION,ENGINEERED,FICTIONAL_IN_REAL_GEOGRAPHY,SRC-CURRENT-OPS,industrial/source/operations.json,d91a22c35c91b213204411421de88815f27d8e16,/track_segments/16,"{""authority_method"": ""yardmaster permission; blue-flag/transload protection as applicable"", ""capital_category"": ""yard_shop"", ""car_spots"": 5, ""condition"": ""serviceable/rehabilitated"", ""excluded_from_route_miles"": true, ""facility_id"": ""FAC-TAY-YARD"", ""fact_state"": ""LOCKED_DERIVED_IMPLEMENTATION"", ""id"": ""YARD-FAC-TAY-YARD-fuel"", ""in_service_date"": ""1991-01-02"", ""length_miles"": 0.1, ""locomotive_and_clearance_allowance_ft"": 150, ""maximum_freight_mph"": 10, ""name"": ""fuel"", ""owner"": ""Blood, Sweat & Tears Railway Company"", ""provenance"": ""Synthetic case implementation derived from reconciled handoff and explicit user authority; no external party or surveyed certification claimed"", ""rail_lb_per_yard"": 115, ""reference_car_length_ft"": 60, ""route_id"": null, ""track_class"": 1}",2026,YEAR_OR_RANGE,,Maintain industrial source identity; further precision requires supported source revision.,"Accepted synthetic case implementation; not survey, land title or regulatory qualification.",GEO-D018
SH-IND-YARD-FAC-TAY-YARD-storage,storage,TRACK_REGISTER_SEGMENT,SH-ENT-009,Wyoming,DERIVED_CASE_GEOMETRY,LOCKED_DERIVED_IMPLEMENTATION,ENGINEERED,FICTIONAL_IN_REAL_GEOGRAPHY,SRC-CURRENT-OPS,industrial/source/operations.json,d91a22c35c91b213204411421de88815f27d8e16,/track_segments/17,"{""authority_method"": ""yardmaster permission; blue-flag/transload protection as applicable"", ""capital_category"": ""yard_shop"", ""car_spots"": 10, ""condition"": ""serviceable/rehabilitated"", ""excluded_from_route_miles"": true, ""facility_id"": ""FAC-TAY-YARD"", ""fact_state"": ""LOCKED_DERIVED_IMPLEMENTATION"", ""id"": ""YARD-FAC-TAY-YARD-storage"", ""in_service_date"": ""1991-01-02"", ""length_miles"": 0.15, ""locomotive_and_clearance_allowance_ft"": 150, ""maximum_freight_mph"": 10, ""name"": ""storage"", ""owner"": ""Blood, Sweat & Tears Railway Company"", ""provenance"": ""Synthetic case implementation derived from reconciled handoff and explicit user authority; no external party or surveyed certification claimed"", ""rail_lb_per_yard"": 115, ""reference_car_length_ft"": 60, ""route_id"": null, ""track_class"": 1}",2026,YEAR_OR_RANGE,,Maintain industrial source identity; further precision requires supported source revision.,"Accepted synthetic case implementation; not survey, land title or regulatory qualification.",GEO-D018
SH-IND-YARD-FAC-WAM-INT-receipt,receipt,TRACK_REGISTER_SEGMENT,SH-ENT-009,Wyoming,DERIVED_CASE_GEOMETRY,LOCKED_DERIVED_IMPLEMENTATION,ENGINEERED,FICTIONAL_IN_REAL_GEOGRAPHY,SRC-CURRENT-OPS,industrial/source/operations.json,d91a22c35c91b213204411421de88815f27d8e16,/track_segments/18,"{""authority_method"": ""yardmaster permission; blue-flag/transload protection as applicable"", ""capital_category"": ""yard_shop"", ""car_spots"": 20, ""condition"": ""serviceable/rehabilitated"", ""excluded_from_route_miles"": true, ""facility_id"": ""FAC-WAM-INT"", ""fact_state"": ""LOCKED_DERIVED_IMPLEMENTATION"", ""id"": ""YARD-FAC-WAM-INT-receipt"", ""in_service_date"": ""1991-01-02"", ""length_miles"": 0.28, ""locomotive_and_clearance_allowance_ft"": 150, ""maximum_freight_mph"": 10, ""name"": ""receipt"", ""owner"": ""Blood, Sweat & Tears Railway Company"", ""provenance"": ""Synthetic case implementation derived from reconciled handoff and explicit user authority; no external party or surveyed certification claimed"", ""rail_lb_per_yard"": 115, ""reference_car_length_ft"": 60, ""route_id"": null, ""track_class"": 1}",2026,YEAR_OR_RANGE,,Maintain industrial source identity; further precision requires supported source revision.,"Accepted synthetic case implementation; not survey, land title or regulatory qualification.",GEO-D018
SH-IND-YARD-FAC-WAM-INT-release,release,TRACK_REGISTER_SEGMENT,SH-ENT-009,Wyoming,DERIVED_CASE_GEOMETRY,LOCKED_DERIVED_IMPLEMENTATION,ENGINEERED,FICTIONAL_IN_REAL_GEOGRAPHY,SRC-CURRENT-OPS,industrial/source/operations.json,d91a22c35c91b213204411421de88815f27d8e16,/track_segments/19,"{""authority_method"": ""yardmaster permission; blue-flag/transload protection as applicable"", ""capital_category"": ""yard_shop"", ""car_spots"": 20, ""condition"": ""serviceable/rehabilitated"", ""excluded_from_route_miles"": true, ""facility_id"": ""FAC-WAM-INT"", ""fact_state"": ""LOCKED_DERIVED_IMPLEMENTATION"", ""id"": ""YARD-FAC-WAM-INT-release"", ""in_service_date"": ""1991-01-02"", ""length_miles"": 0.28, ""locomotive_and_clearance_allowance_ft"": 150, ""maximum_freight_mph"": 10, ""name"": ""release"", ""owner"": ""Blood, Sweat & Tears Railway Company"", ""provenance"": ""Synthetic case implementation derived from reconciled handoff and explicit user authority; no external party or surveyed certification claimed"", ""rail_lb_per_yard"": 115, ""reference_car_length_ft"": 60, ""route_id"": null, ""track_class"": 1}",2026,YEAR_OR_RANGE,,Maintain industrial source identity; further precision requires supported source revision.,"Accepted synthetic case implementation; not survey, land title or regulatory qualification.",GEO-D018
SH-IND-YARD-FAC-WAM-INT-hold,hold,TRACK_REGISTER_SEGMENT,SH-ENT-009,Wyoming,DERIVED_CASE_GEOMETRY,LOCKED_DERIVED_IMPLEMENTATION,ENGINEERED,FICTIONAL_IN_REAL_GEOGRAPHY,SRC-CURRENT-OPS,industrial/source/operations.json,d91a22c35c91b213204411421de88815f27d8e16,/track_segments/20,"{""authority_method"": ""yardmaster permission; blue-flag/transload protection as applicable"", ""capital_category"": ""yard_shop"", ""car_spots"": 20, ""condition"": ""serviceable/rehabilitated"", ""excluded_from_route_miles"": true, ""facility_id"": ""FAC-WAM-INT"", ""fact_state"": ""LOCKED_DERIVED_IMPLEMENTATION"", ""id"": ""YARD-FAC-WAM-INT-hold"", ""in_service_date"": ""1991-01-02"", ""length_miles"": 0.28, ""locomotive_and_clearance_allowance_ft"": 150, ""maximum_freight_mph"": 10, ""name"": ""hold"", ""owner"": ""Blood, Sweat & Tears Railway Company"", ""provenance"": ""Synthetic case implementation derived from reconciled handoff and explicit user authority; no external party or surveyed certification claimed"", ""rail_lb_per_yard"": 115, ""reference_car_length_ft"": 60, ""route_id"": null, ""track_class"": 1}",2026,YEAR_OR_RANGE,,Maintain industrial source identity; further precision requires supported source revision.,"Accepted synthetic case implementation; not survey, land title or regulatory qualification.",GEO-D018
SH-IND-YARD-FAC-TAY-TERMINAL-legacygeneral,legacygeneral,TRACK_REGISTER_SEGMENT,SH-ENT-009,Wyoming,DERIVED_CASE_GEOMETRY,LOCKED_DERIVED_IMPLEMENTATION,ENGINEERED,FICTIONAL_IN_REAL_GEOGRAPHY,SRC-CURRENT-OPS,industrial/source/operations.json,d91a22c35c91b213204411421de88815f27d8e16,/track_segments/21,"{""authority_method"": ""yardmaster permission; blue-flag/transload protection as applicable"", ""capital_category"": ""yard_shop"", ""car_spots"": 12, ""condition"": ""serviceable/rehabilitated"", ""excluded_from_route_miles"": true, ""facility_id"": ""FAC-TAY-TERMINAL"", ""fact_state"": ""LOCKED_DERIVED_IMPLEMENTATION"", ""id"": ""YARD-FAC-TAY-TERMINAL-legacygeneral"", ""in_service_date"": ""1991-01-02"", ""length_miles"": 0.22, ""locomotive_and_clearance_allowance_ft"": 150, ""maximum_freight_mph"": 10, ""name"": ""legacygeneral"", ""owner"": ""American Resource Utility, Inc."", ""provenance"": ""Synthetic case implementation derived from reconciled handoff and explicit user authority; no external party or surveyed certification claimed"", ""rail_lb_per_yard"": 115, ""reference_car_length_ft"": 60, ""route_id"": null, ""track_class"": 1}",2026,YEAR_OR_RANGE,,Maintain industrial source identity; further precision requires supported source revision.,"Accepted synthetic case implementation; not survey, land title or regulatory qualification.",GEO-D018
SH-IND-YARD-FAC-TAY-TERMINAL-legacyteam,legacyteam,TRACK_REGISTER_SEGMENT,SH-ENT-009,Wyoming,DERIVED_CASE_GEOMETRY,LOCKED_DERIVED_IMPLEMENTATION,ENGINEERED,FICTIONAL_IN_REAL_GEOGRAPHY,SRC-CURRENT-OPS,industrial/source/operations.json,d91a22c35c91b213204411421de88815f27d8e16,/track_segments/22,"{""authority_method"": ""yardmaster permission; blue-flag/transload protection as applicable"", ""capital_category"": ""yard_shop"", ""car_spots"": 12, ""condition"": ""serviceable/rehabilitated"", ""excluded_from_route_miles"": true, ""facility_id"": ""FAC-TAY-TERMINAL"", ""fact_state"": ""LOCKED_DERIVED_IMPLEMENTATION"", ""id"": ""YARD-FAC-TAY-TERMINAL-legacyteam"", ""in_service_date"": ""1991-01-02"", ""length_miles"": 0.22, ""locomotive_and_clearance_allowance_ft"": 150, ""maximum_freight_mph"": 10, ""name"": ""legacyteam"", ""owner"": ""American Resource Utility, Inc."", ""provenance"": ""Synthetic case implementation derived from reconciled handoff and explicit user authority; no external party or surveyed certification claimed"", ""rail_lb_per_yard"": 115, ""reference_car_length_ft"": 60, ""route_id"": null, ""track_class"": 1}",2026,YEAR_OR_RANGE,,Maintain industrial source identity; further precision requires supported source revision.,"Accepted synthetic case implementation; not survey, land title or regulatory qualification.",GEO-D018
SH-IND-YARD-FAC-TAY-TERMINAL-phase1generalA,phase1generalA,TRACK_REGISTER_SEGMENT,SH-ENT-009,Wyoming,DERIVED_CASE_GEOMETRY,LOCKED_DERIVED_IMPLEMENTATION,ENGINEERED,FICTIONAL_IN_REAL_GEOGRAPHY,SRC-CURRENT-OPS,industrial/source/operations.json,d91a22c35c91b213204411421de88815f27d8e16,/track_segments/23,"{""authority_method"": ""yardmaster permission; blue-flag/transload protection as applicable"", ""capital_category"": ""phase1_interface"", ""capital_record_ids"": [""PH1-08""], ""car_spots"": 10, ""condition"": ""serviceable/rehabilitated"", ""excluded_from_route_miles"": true, ""facility_id"": ""FAC-TAY-TERMINAL"", ""fact_state"": ""LOCKED_DERIVED_IMPLEMENTATION"", ""id"": ""YARD-FAC-TAY-TERMINAL-phase1generalA"", ""in_service_date"": ""2026-07-07"", ""length_miles"": 0.22, ""locomotive_and_clearance_allowance_ft"": 150, ""maximum_freight_mph"": 10, ""name"": ""phase1generalA"", ""owner"": ""American Resource Utility, Inc."", ""provenance"": ""Synthetic case implementation derived from reconciled handoff and explicit user authority; no external party or surveyed certification claimed"", ""rail_lb_per_yard"": 115, ""reference_car_length_ft"": 60, ""route_id"": null, ""track_class"": 1}",2026,YEAR_OR_RANGE,,Maintain industrial source identity; further precision requires supported source revision.,"Accepted synthetic case implementation; not survey, land title or regulatory qualification.",GEO-D018
SH-IND-YARD-FAC-TAY-TERMINAL-phase1generalB,phase1generalB,TRACK_REGISTER_SEGMENT,SH-ENT-009,Wyoming,DERIVED_CASE_GEOMETRY,LOCKED_DERIVED_IMPLEMENTATION,ENGINEERED,FICTIONAL_IN_REAL_GEOGRAPHY,SRC-CURRENT-OPS,industrial/source/operations.json,d91a22c35c91b213204411421de88815f27d8e16,/track_segments/24,"{""authority_method"": ""yardmaster permission; blue-flag/transload protection as applicable"", ""capital_category"": ""phase1_interface"", ""capital_record_ids"": [""PH1-08""], ""car_spots"": 10, ""condition"": ""serviceable/rehabilitated"", ""excluded_from_route_miles"": true, ""facility_id"": ""FAC-TAY-TERMINAL"", ""fact_state"": ""LOCKED_DERIVED_IMPLEMENTATION"", ""id"": ""YARD-FAC-TAY-TERMINAL-phase1generalB"", ""in_service_date"": ""2026-07-07"", ""length_miles"": 0.22, ""locomotive_and_clearance_allowance_ft"": 150, ""maximum_freight_mph"": 10, ""name"": ""phase1generalB"", ""owner"": ""American Resource Utility, Inc."", ""provenance"": ""Synthetic case implementation derived from reconciled handoff and explicit user authority; no external party or surveyed certification claimed"", ""rail_lb_per_yard"": 115, ""reference_car_length_ft"": 60, ""route_id"": null, ""track_class"": 1}",2026,YEAR_OR_RANGE,,Maintain industrial source identity; further precision requires supported source revision.,"Accepted synthetic case implementation; not survey, land title or regulatory qualification.",GEO-D018
SH-IND-YARD-FAC-TAY-TERMINAL-phase1liquid,phase1liquid,TRACK_REGISTER_SEGMENT,SH-ENT-009,Wyoming,DERIVED_CASE_GEOMETRY,LOCKED_DERIVED_IMPLEMENTATION,ENGINEERED,FICTIONAL_IN_REAL_GEOGRAPHY,SRC-CURRENT-OPS,industrial/source/operations.json,d91a22c35c91b213204411421de88815f27d8e16,/track_segments/25,"{""authority_method"": ""yardmaster permission; blue-flag/transload protection as applicable"", ""capital_category"": ""phase1_interface"", ""capital_record_ids"": [""PH1-09""], ""car_spots"": 6, ""condition"": ""serviceable/rehabilitated"", ""excluded_from_route_miles"": true, ""facility_id"": ""FAC-TAY-TERMINAL"", ""fact_state"": ""LOCKED_DERIVED_IMPLEMENTATION"", ""id"": ""YARD-FAC-TAY-TERMINAL-phase1liquid"", ""in_service_date"": ""2026-07-07"", ""length_miles"": 0.15, ""locomotive_and_clearance_allowance_ft"": 150, ""maximum_freight_mph"": 10, ""name"": ""phase1liquid"", ""owner"": ""American Resource Utility, Inc."", ""provenance"": ""Synthetic case implementation derived from reconciled handoff and explicit user authority; no external party or surveyed certification claimed"", ""rail_lb_per_yard"": 115, ""reference_car_length_ft"": 60, ""route_id"": null, ""track_class"": 1}",2026,YEAR_OR_RANGE,,Maintain industrial source identity; further precision requires supported source revision.,"Accepted synthetic case implementation; not survey, land title or regulatory qualification.",GEO-D018
SH-IND-YARD-FAC-TAY-WAREHOUSE-warehouse,warehouse,TRACK_REGISTER_SEGMENT,SH-ENT-009,Wyoming,DERIVED_CASE_GEOMETRY,LOCKED_DERIVED_IMPLEMENTATION,ENGINEERED,FICTIONAL_IN_REAL_GEOGRAPHY,SRC-CURRENT-OPS,industrial/source/operations.json,d91a22c35c91b213204411421de88815f27d8e16,/track_segments/26,"{""authority_method"": ""yardmaster permission; blue-flag/transload protection as applicable"", ""capital_category"": ""yard_shop"", ""car_spots"": 8, ""condition"": ""serviceable/rehabilitated"", ""excluded_from_route_miles"": true, ""facility_id"": ""FAC-TAY-WAREHOUSE"", ""fact_state"": ""LOCKED_DERIVED_IMPLEMENTATION"", ""id"": ""YARD-FAC-TAY-WAREHOUSE-warehouse"", ""in_service_date"": ""1974-06-03"", ""length_miles"": 0.16, ""locomotive_and_clearance_allowance_ft"": 150, ""maximum_freight_mph"": 10, ""name"": ""warehouse"", ""owner"": ""American Resource Utility, Inc."", ""provenance"": ""Synthetic case implementation derived from reconciled handoff and explicit user authority; no external party or surveyed certification claimed"", ""rail_lb_per_yard"": 115, ""reference_car_length_ft"": 60, ""route_id"": null, ""track_class"": 1}",2026,YEAR_OR_RANGE,,Maintain industrial source identity; further precision requires supported source revision.,"Accepted synthetic case implementation; not survey, land title or regulatory qualification.",GEO-D018
SH-IND-YARD-FAC-EAST-MATERIALS-materials1,materials1,TRACK_REGISTER_SEGMENT,SH-ENT-009,Wyoming,DERIVED_CASE_GEOMETRY,LOCKED_DERIVED_IMPLEMENTATION,ENGINEERED,FICTIONAL_IN_REAL_GEOGRAPHY,SRC-CURRENT-OPS,industrial/source/operations.json,d91a22c35c91b213204411421de88815f27d8e16,/track_segments/27,"{""authority_method"": ""yardmaster permission; blue-flag/transload protection as applicable"", ""capital_category"": ""yard_shop"", ""car_spots"": 10, ""condition"": ""serviceable/rehabilitated"", ""excluded_from_route_miles"": true, ""facility_id"": ""FAC-EAST-MATERIALS"", ""fact_state"": ""LOCKED_DERIVED_IMPLEMENTATION"", ""id"": ""YARD-FAC-EAST-MATERIALS-materials1"", ""in_service_date"": ""1972-05-08"", ""length_miles"": 0.18, ""locomotive_and_clearance_allowance_ft"": 150, ""maximum_freight_mph"": 10, ""name"": ""materials1"", ""owner"": ""Blood, Sweat & Tears Railway Company"", ""provenance"": ""Synthetic case implementation derived from reconciled handoff and explicit user authority; no external party or surveyed certification claimed"", ""rail_lb_per_yard"": 115, ""reference_car_length_ft"": 60, ""route_id"": null, ""track_class"": 1}",2026,YEAR_OR_RANGE,,Maintain industrial source identity; further precision requires supported source revision.,"Accepted synthetic case implementation; not survey, land title or regulatory qualification.",GEO-D018
SH-IND-YARD-FAC-EAST-MATERIALS-materials2,materials2,TRACK_REGISTER_SEGMENT,SH-ENT-009,Wyoming,DERIVED_CASE_GEOMETRY,LOCKED_DERIVED_IMPLEMENTATION,ENGINEERED,FICTIONAL_IN_REAL_GEOGRAPHY,SRC-CURRENT-OPS,industrial/source/operations.json,d91a22c35c91b213204411421de88815f27d8e16,/track_segments/28,"{""authority_method"": ""yardmaster permission; blue-flag/transload protection as applicable"", ""capital_category"": ""yard_shop"", ""car_spots"": 10, ""condition"": ""serviceable/rehabilitated"", ""excluded_from_route_miles"": true, ""facility_id"": ""FAC-EAST-MATERIALS"", ""fact_state"": ""LOCKED_DERIVED_IMPLEMENTATION"", ""id"": ""YARD-FAC-EAST-MATERIALS-materials2"", ""in_service_date"": ""1972-05-08"", ""length_miles"": 0.18, ""locomotive_and_clearance_allowance_ft"": 150, ""maximum_freight_mph"": 10, ""name"": ""materials2"", ""owner"": ""Blood, Sweat & Tears Railway Company"", ""provenance"": ""Synthetic case implementation derived from reconciled handoff and explicit user authority; no external party or surveyed certification claimed"", ""rail_lb_per_yard"": 115, ""reference_car_length_ft"": 60, ""route_id"": null, ""track_class"": 1}",2026,YEAR_OR_RANGE,,Maintain industrial source identity; further precision requires supported source revision.,"Accepted synthetic case implementation; not survey, land title or regulatory qualification.",GEO-D018
SH-IND-YARD-FAC-MINERAL-TEAM-mineral1,mineral1,TRACK_REGISTER_SEGMENT,SH-ENT-009,Wyoming,DERIVED_CASE_GEOMETRY,LOCKED_DERIVED_IMPLEMENTATION,ENGINEERED,FICTIONAL_IN_REAL_GEOGRAPHY,SRC-CURRENT-OPS,industrial/source/operations.json,d91a22c35c91b213204411421de88815f27d8e16,/track_segments/29,"{""authority_method"": ""yardmaster permission; blue-flag/transload protection as applicable"", ""capital_category"": ""yard_shop"", ""car_spots"": 9, ""condition"": ""serviceable/rehabilitated"", ""excluded_from_route_miles"": true, ""facility_id"": ""FAC-MINERAL-TEAM"", ""fact_state"": ""LOCKED_DERIVED_IMPLEMENTATION"", ""id"": ""YARD-FAC-MINERAL-TEAM-mineral1"", ""in_service_date"": ""1986-09-19"", ""length_miles"": 0.16, ""locomotive_and_clearance_allowance_ft"": 150, ""maximum_freight_mph"": 10, ""name"": ""mineral1"", ""owner"": ""Blood, Sweat & Tears Railway Company"", ""provenance"": ""Synthetic case implementation derived from reconciled handoff and explicit user authority; no external party or surveyed certification claimed"", ""rail_lb_per_yard"": 115, ""reference_car_length_ft"": 60, ""route_id"": null, ""track_class"": 1}",2026,YEAR_OR_RANGE,,Maintain industrial source identity; further precision requires supported source revision.,"Accepted synthetic case implementation; not survey, land title or regulatory qualification.",GEO-D018
SH-IND-YARD-FAC-MINERAL-TEAM-mineral2,mineral2,TRACK_REGISTER_SEGMENT,SH-ENT-009,Wyoming,DERIVED_CASE_GEOMETRY,LOCKED_DERIVED_IMPLEMENTATION,ENGINEERED,FICTIONAL_IN_REAL_GEOGRAPHY,SRC-CURRENT-OPS,industrial/source/operations.json,d91a22c35c91b213204411421de88815f27d8e16,/track_segments/30,"{""authority_method"": ""yardmaster permission; blue-flag/transload protection as applicable"", ""capital_category"": ""yard_shop"", ""car_spots"": 9, ""condition"": ""serviceable/rehabilitated"", ""excluded_from_route_miles"": true, ""facility_id"": ""FAC-MINERAL-TEAM"", ""fact_state"": ""LOCKED_DERIVED_IMPLEMENTATION"", ""id"": ""YARD-FAC-MINERAL-TEAM-mineral2"", ""in_service_date"": ""1986-09-19"", ""length_miles"": 0.16, ""locomotive_and_clearance_allowance_ft"": 150, ""maximum_freight_mph"": 10, ""name"": ""mineral2"", ""owner"": ""Blood, Sweat & Tears Railway Company"", ""provenance"": ""Synthetic case implementation derived from reconciled handoff and explicit user authority; no external party or surveyed certification claimed"", ""rail_lb_per_yard"": 115, ""reference_car_length_ft"": 60, ""route_id"": null, ""track_class"": 1}",2026,YEAR_OR_RANGE,,Maintain industrial source identity; further precision requires supported source revision.,"Accepted synthetic case implementation; not survey, land title or regulatory qualification.",GEO-D018
SH-IND-BST-EAST,East Materials Branch,RAIL_BRANCH,SH-ENT-009,Wyoming,DERIVED_CASE_GEOMETRY,LOCKED_DERIVED_IMPLEMENTATION,ENGINEERED,FICTIONAL_IN_REAL_GEOGRAPHY,SRC-CURRENT-OPS,industrial/source/operations.json,d91a22c35c91b213204411421de88815f27d8e16,/geography/branches,"{""fact_state"": ""LOCKED_DERIVED_IMPLEMENTATION"", ""fictionality"": ""SYNTHETIC_CASE_IN_REAL_GEOGRAPHY"", ""history"": ""Fictional external customer branch; independent of RedWash; derived inside40mile estate"", ""id"": ""BST-EAST"", ""junction_main_mile"": 15, ""max_freight_mph"": 25, ""name"": ""East Materials Branch"", ""open_date"": ""1972-05-08"", ""owner"": ""Blood, Sweat & Tears Railway Company"", ""parent_route"": ""BST-MAIN"", ""provenance"": ""New synthetic horizontal alignment; WGS84 ellipsoid distance calibrated to network total"", ""route_miles"": 3.999999999999637, ""terrain_profile_ref"": ""geography/derived_ground_profiles.json#BST-EAST"", ""terrain_status"": ""FEASIBLE_GRADE_ONLY_SCREEN"", ""track_class"": 2}",2026,YEAR_OR_RANGE,,Maintain industrial source identity; further precision requires supported source revision.,"Accepted synthetic case implementation; not survey, land title or regulatory qualification.",GEO-D018
SH-IND-BST-MINERAL,Mineral Transfer Branch,RAIL_BRANCH,SH-ENT-009,Wyoming,DERIVED_CASE_GEOMETRY,LOCKED_DERIVED_IMPLEMENTATION,ENGINEERED,FICTIONAL_IN_REAL_GEOGRAPHY,SRC-CURRENT-OPS,industrial/source/operations.json,d91a22c35c91b213204411421de88815f27d8e16,/geography/branches,"{""fact_state"": ""LOCKED_DERIVED_IMPLEMENTATION"", ""fictionality"": ""SYNTHETIC_CASE_IN_REAL_GEOGRAPHY"", ""history"": ""Fictional external customer branch; independent of RedWash; derived inside40mile estate"", ""id"": ""BST-MINERAL"", ""junction_main_mile"": 26, ""max_freight_mph"": 25, ""name"": ""Mineral Transfer Branch"", ""open_date"": ""1986-09-19"", ""owner"": ""Blood, Sweat & Tears Railway Company"", ""parent_route"": ""BST-MAIN"", ""provenance"": ""New synthetic horizontal alignment; WGS84 ellipsoid distance calibrated to network total"", ""route_miles"": 2.651523236389135, ""terrain_profile_ref"": ""geography/derived_ground_profiles.json#BST-MINERAL"", ""terrain_status"": ""FEASIBLE_GRADE_ONLY_SCREEN"", ""track_class"": 2}",2026,YEAR_OR_RANGE,,Maintain industrial source identity; further precision requires supported source revision.,"Accepted synthetic case implementation; not survey, land title or regulatory qualification.",GEO-D018
SH-IND-HIST-1898,Bloodstone & Southern Railway organized under coal parent; Thomas R. Bell is early promoter,EVENT,SH-ENT-009,Wyoming; exact early event sites unlocated,DERIVED_CASE_GEOMETRY,LOCKED_DERIVED_IMPLEMENTATION,ENGINEERED,FICTIONAL_IN_REAL_GEOGRAPHY,SRC-CURRENT-OPS,industrial/source/operations.json,d91a22c35c91b213204411421de88815f27d8e16,/history/0,"{""classification"": ""derived exact date inside approved coal-origin spine"", ""date"": ""1898-04-06"", ""event"": ""Bloodstone & Southern Railway organized under coal parent; Thomas R. Bell is early promoter"", ""fact_state"": ""LOCKED_DERIVED_IMPLEMENTATION"", ""id"": ""HIST-1898"", ""provenance"": ""Synthetic case implementation derived from reconciled handoff and explicit user authority; no external party or surveyed certification claimed""}",1898-04-06,DAY,,Maintain industrial source identity; further precision requires supported source revision.,"Accepted synthetic case implementation; not survey, land title or regulatory qualification.",GEO-D018
SH-IND-HIST-1907,Coal-train runaway remembered in employee oralhistory; detailed casualties and exactday withheld,EVENT,SH-ENT-009,Wyoming; exact early event sites unlocated,DERIVED_CASE_GEOMETRY,LOCKED_DERIVED_IMPLEMENTATION,ENGINEERED,FICTIONAL_IN_REAL_GEOGRAPHY,SRC-CURRENT-OPS,industrial/source/operations.json,d91a22c35c91b213204411421de88815f27d8e16,/history/1,"{""classification"": ""remembered spine, not prior source-secure casualties"", ""date"": ""1907"", ""event"": ""Coal-train runaway remembered in employee oralhistory; detailed casualties and exactday withheld"", ""fact_state"": ""LOCKED_DERIVED_IMPLEMENTATION"", ""id"": ""HIST-1907"", ""provenance"": ""Synthetic case implementation derived from reconciled handoff and explicit user authority; no external party or surveyed certification claimed""}",1907,YEAR_OR_RANGE,,Maintain industrial source identity; further precision requires supported source revision.,"Accepted synthetic case implementation; not survey, land title or regulatory qualification.",GEO-D018
SH-IND-HIST-1909,Coal-era labor organization; do not anachronistically label SMART-TD as1909union,EVENT,SH-ENT-009,Wyoming; exact early event sites unlocated,DERIVED_CASE_GEOMETRY,LOCKED_DERIVED_IMPLEMENTATION,ENGINEERED,FICTIONAL_IN_REAL_GEOGRAPHY,SRC-CURRENT-OPS,industrial/source/operations.json,d91a22c35c91b213204411421de88815f27d8e16,/history/2,"{""classification"": ""approved approximate era"", ""date"": ""1909"", ""event"": ""Coal-era labor organization; do not anachronistically label SMART-TD as1909union"", ""fact_state"": ""LOCKED_DERIVED_IMPLEMENTATION"", ""id"": ""HIST-1909"", ""provenance"": ""Synthetic case implementation derived from reconciled handoff and explicit user authority; no external party or surveyed certification claimed""}",1909,YEAR_OR_RANGE,,Maintain industrial source identity; further precision requires supported source revision.,"Accepted synthetic case implementation; not survey, land title or regulatory qualification.",GEO-D018
SH-IND-HIST-1916,Bloodstone No. 2 mine disaster retained as historical source-conflicted incident; no invented casualty tally promoted to oldcanon,EVENT,SH-ENT-009,Wyoming; exact early event sites unlocated,DERIVED_CASE_GEOMETRY,LOCKED_DERIVED_IMPLEMENTATION,ENGINEERED,FICTIONAL_IN_REAL_GEOGRAPHY,SRC-CURRENT-OPS,industrial/source/operations.json,d91a22c35c91b213204411421de88815f27d8e16,/history/3,"{""classification"": ""remembered spine with explicit uncertainty"", ""date"": ""1916"", ""event"": ""Bloodstone No. 2 mine disaster retained as historical source-conflicted incident; no invented casualty tally promoted to oldcanon"", ""fact_state"": ""LOCKED_DERIVED_IMPLEMENTATION"", ""id"": ""HIST-1916"", ""provenance"": ""Synthetic case implementation derived from reconciled handoff and explicit user authority; no external party or surveyed certification claimed""}",1916,YEAR_OR_RANGE,,Maintain industrial source identity; further precision requires supported source revision.,"Accepted synthetic case implementation; not survey, land title or regulatory qualification.",GEO-D018
SH-IND-HIST-1953,Bloodstone Coal & Coke parent fails,EVENT,SH-ENT-009,Wyoming; exact early event sites unlocated,DERIVED_CASE_GEOMETRY,LOCKED_DERIVED_IMPLEMENTATION,ENGINEERED,FICTIONAL_IN_REAL_GEOGRAPHY,SRC-CURRENT-OPS,industrial/source/operations.json,d91a22c35c91b213204411421de88815f27d8e16,/history/4,"{""classification"": ""locked spine"", ""date"": ""1953"", ""event"": ""Bloodstone Coal & Coke parent fails"", ""fact_state"": ""LOCKED_DERIVED_IMPLEMENTATION"", ""id"": ""HIST-1953"", ""provenance"": ""Synthetic case implementation derived from reconciled handoff and explicit user authority; no external party or surveyed certification claimed""}",1953,YEAR_OR_RANGE,,Maintain industrial source identity; further precision requires supported source revision.,"Accepted synthetic case implementation; not survey, land title or regulatory qualification.",GEO-D018
SH-IND-HIST-1954,Walt Mercer rescue and railway reorganization/rename;14–16route-mile surviving estate,EVENT,SH-ENT-009,Wyoming; exact early event sites unlocated,DERIVED_CASE_GEOMETRY,LOCKED_DERIVED_IMPLEMENTATION,ENGINEERED,FICTIONAL_IN_REAL_GEOGRAPHY,SRC-CURRENT-OPS,industrial/source/operations.json,d91a22c35c91b213204411421de88815f27d8e16,/history/5,"{""classification"": ""derived exact date; locked1954yearzero"", ""date"": ""1954-07-01"", ""event"": ""Walt Mercer rescue and railway reorganization/rename;14–16route-mile surviving estate"", ""fact_state"": ""LOCKED_DERIVED_IMPLEMENTATION"", ""id"": ""HIST-1954"", ""provenance"": ""Synthetic case implementation derived from reconciled handoff and explicit user authority; no external party or surveyed certification claimed""}",1954-07-01,DAY,,Maintain industrial source identity; further precision requires supported source revision.,"Accepted synthetic case implementation; not survey, land title or regulatory qualification.",GEO-D018
SH-IND-HIST-1968,Taylor mainline extension and relocated industrialhub complete; modeled highway-separated I80crossing part of historical alignment,EVENT,SH-ENT-009,Wyoming; exact early event sites unlocated,DERIVED_CASE_GEOMETRY,LOCKED_DERIVED_IMPLEMENTATION,ENGINEERED,FICTIONAL_IN_REAL_GEOGRAPHY,SRC-CURRENT-OPS,industrial/source/operations.json,d91a22c35c91b213204411421de88815f27d8e16,/history/6,"{""classification"": ""derived fictional engineering history"", ""date"": ""1968-10-14"", ""event"": ""Taylor mainline extension and relocated industrialhub complete; modeled highway-separated I80crossing part of historical alignment"", ""fact_state"": ""LOCKED_DERIVED_IMPLEMENTATION"", ""id"": ""HIST-1968"", ""provenance"": ""Synthetic case implementation derived from reconciled handoff and explicit user authority; no external party or surveyed certification claimed""}",1968-10-14,DAY,,Maintain industrial source identity; further precision requires supported source revision.,"Accepted synthetic case implementation; not survey, land title or regulatory qualification.",GEO-D018
SH-IND-HIST-1972,East Materials branch and Taylor transload open,EVENT,SH-ENT-009,Wyoming; exact early event sites unlocated,DERIVED_CASE_GEOMETRY,LOCKED_DERIVED_IMPLEMENTATION,ENGINEERED,FICTIONAL_IN_REAL_GEOGRAPHY,SRC-CURRENT-OPS,industrial/source/operations.json,d91a22c35c91b213204411421de88815f27d8e16,/history/7,"{""classification"": ""derived"", ""date"": ""1972-05-08"", ""event"": ""East Materials branch and Taylor transload open"", ""fact_state"": ""LOCKED_DERIVED_IMPLEMENTATION"", ""id"": ""HIST-1972"", ""provenance"": ""Synthetic case implementation derived from reconciled handoff and explicit user authority; no external party or surveyed certification claimed""}",1972-05-08,DAY,,Maintain industrial source identity; further precision requires supported source revision.,"Accepted synthetic case implementation; not survey, land title or regulatory qualification.",GEO-D018
SH-IND-HIST-1986,Mineral Transfer branch opens; Frontier Resource Transport expansion subsequently unwound after four years,EVENT,SH-ENT-009,Wyoming; exact early event sites unlocated,DERIVED_CASE_GEOMETRY,LOCKED_DERIVED_IMPLEMENTATION,ENGINEERED,FICTIONAL_IN_REAL_GEOGRAPHY,SRC-CURRENT-OPS,industrial/source/operations.json,d91a22c35c91b213204411421de88815f27d8e16,/history/8,"{""classification"": ""derived"", ""date"": ""1986-09-19"", ""event"": ""Mineral Transfer branch opens; Frontier Resource Transport expansion subsequently unwound after four years"", ""fact_state"": ""LOCKED_DERIVED_IMPLEMENTATION"", ""id"": ""HIST-1986"", ""provenance"": ""Synthetic case implementation derived from reconciled handoff and explicit user authority; no external party or surveyed certification claimed""}",1986-09-19,DAY,,Maintain industrial source identity; further precision requires supported source revision.,"Accepted synthetic case implementation; not survey, land title or regulatory qualification.",GEO-D018
SH-IND-HIST-1991,ARU formalization and wholly owned railroad under durable logistics parent,EVENT,SH-ENT-009,Wyoming; exact early event sites unlocated,DERIVED_CASE_GEOMETRY,LOCKED_DERIVED_IMPLEMENTATION,ENGINEERED,FICTIONAL_IN_REAL_GEOGRAPHY,SRC-CURRENT-OPS,industrial/source/operations.json,d91a22c35c91b213204411421de88815f27d8e16,/history/9,"{""classification"": ""derived exactdate"", ""date"": ""1991-01-02"", ""event"": ""ARU formalization and wholly owned railroad under durable logistics parent"", ""fact_state"": ""LOCKED_DERIVED_IMPLEMENTATION"", ""id"": ""HIST-1991"", ""provenance"": ""Synthetic case implementation derived from reconciled handoff and explicit user authority; no external party or surveyed certification claimed""}",1991-01-02,DAY,,Maintain industrial source identity; further precision requires supported source revision.,"Accepted synthetic case implementation; not survey, land title or regulatory qualification.",GEO-D018
SH-SITE-0028,Reno primary colocation,COMPUTE_INFRASTRUCTURE,SH-ENT-001,"Tahoe-Reno, Nevada",REGIONAL_CONSTRAINT,REGISTERED,PROPOSED,FICTIONAL_IN_REAL_GEOGRAPHY,SRC-RUNTIME-20260911,enterprise/services/source/runtime_sites_2026-09-11.json,,RUNTIME-RENO-COLO,PROVIDER_SELECTED_PROCUREMENT_PENDING,2026-09-11,DAY,,Procurement/design acceptance and evidence gates,PROVIDER_SELECTED_PROCUREMENT_PENDING; provider facility reference is not Sable Harbor occupancy.,GEO-RUNTIME-20260911
SH-SITE-0029,Boise independent recovery colocation,COMPUTE_INFRASTRUCTURE,SH-ENT-001,"Boise, Idaho",REGIONAL_CONSTRAINT,REGISTERED,PROPOSED,FICTIONAL_IN_REAL_GEOGRAPHY,SRC-RUNTIME-20260911,enterprise/services/source/runtime_sites_2026-09-11.json,,RUNTIME-BOISE-DR,PROVIDER_SELECTED_PROCUREMENT_PENDING,2026-09-11,DAY,,Procurement/design acceptance and evidence gates,PROVIDER_SELECTED_PROCUREMENT_PENDING; provider facility reference is not Sable Harbor occupancy.,GEO-RUNTIME-20260911
SH-SITE-0030,SABLE HARBOR Northern Nevada Data Center,COMPUTE_INFRASTRUCTURE,SH-ENT-001,"Tahoe-Reno Industrial Center / USA Parkway industrial district, Storey County, Nevada",PLANNING_PIN,REGISTERED,PROPOSED,FICTIONAL_IN_REAL_GEOGRAPHY,SRC-RUNTIME-20260911,enterprise/services/source/runtime_sites_2026-09-11.json,,RUNTIME-NN-OWNED-DC,LAND_ACQUIRED_PRECONSTRUCTION,2026-09-04,DAY,,Procurement/design acceptance and evidence gates,LAND_ACQUIRED_PRECONSTRUCTION; provider facility reference is not Sable Harbor occupancy.,GEO-RUNTIME-20260911
