source_path,source_commit,bytes,file_sha256,extraction_method,extracted_text_units
.env.example,d91a22c35c91b213204411421de88815f27d8e16,49,89d1e75df6bcc2e9e6ea1de527ea8e1d78136a1b8c5f2df11aa5f1021403901e,TEXT_SCANNED,1
.gitattributes,d91a22c35c91b213204411421de88815f27d8e16,345,c167798351cf2c5f8ef4ef4ad4c60d23f301e4ee6ef53a6c808a00804550ca75,TEXT_SCANNED,5
.github/CODEOWNERS,d91a22c35c91b213204411421de88815f27d8e16,292,a03d23938478dc35ac7d0a6db656661bea25924f6f5fefe8e674e1b3d48577e8,TEXT_SCANNED,11
.github/ISSUE_TEMPLATE/unit-audit-gap.yml,d91a22c35c91b213204411421de88815f27d8e16,1919,0b8f4345ac7d91172a5d1aec6550c625e9f6a947a4a3f330e258a28539cd5505,TEXT_SCANNED,74
.github/PULL_REQUEST_TEMPLATE.md,d91a22c35c91b213204411421de88815f27d8e16,1146,216861f2d7356b4963a1657401237c7abbbb5891d7846fc7cab6731f0f05f1fd,TEXT_SCANNED,43
.github/workflows/blackridge-ci.yml,d91a22c35c91b213204411421de88815f27d8e16,1508,fb004bc9d3efa77902408cefeff0ba3c730bb3e2ea6ab86190b599e0e950e7e9,TEXT_SCANNED,39
.github/workflows/blackridge-full-build.yml,d91a22c35c91b213204411421de88815f27d8e16,861,11483e1cee0a8cfbde924094d834f5f63cef5998c20cebedee3e7fe80ec46a1b,TEXT_SCANNED,23
.github/workflows/finance-platform-ci.yml,d91a22c35c91b213204411421de88815f27d8e16,4141,d12a7b88e6c0da6ef9cbfe0f8c2cd135b94c05cbc5c2521538085b53e239fb07,TEXT_SCANNED,93
.github/workflows/industrial-case-ci.yml,d91a22c35c91b213204411421de88815f27d8e16,1294,002c22f5fd0ab64088eb846d6dd7cb74a1a0dc64e850ca52314c8ee692f0a757,TEXT_SCANNED,42
.github/workflows/industrial-planning-ci.yml,d91a22c35c91b213204411421de88815f27d8e16,1944,83c02c3eeb1022c8ac44f349edaae83bfc5e6f4456b1fa9639955d7488711855,TEXT_SCANNED,51
.github/workflows/red-wash-case-ci.yml,d91a22c35c91b213204411421de88815f27d8e16,7956,3d8828c4f04d0adff662064fdea3b80465f091a8e5c459489c086fc52f530437,TEXT_SCANNED,178
.github/workflows/validate-governance-j2.yml,d91a22c35c91b213204411421de88815f27d8e16,1352,184a47a349642931890a9bc13517eea252c2472ccef1a60cfdb0b689f91ff4ac,TEXT_SCANNED,43
.github/workflows/validate-organization-charts.yml,d91a22c35c91b213204411421de88815f27d8e16,1004,3cff54bac9d89613206d49eb3b66e24ab24689e9147bb6a64ab89e9b1a446022,TEXT_SCANNED,41
.gitignore,d91a22c35c91b213204411421de88815f27d8e16,576,69bf4937cf6f1b4c432b6d3bfa84bc8db137bace62696faea5826ba7ce9279f3,TEXT_SCANNED,34
CONTRIBUTING.md,d91a22c35c91b213204411421de88815f27d8e16,629,0f9ef6a10495129480be28c33874e215d8b5fc18696c4ee5f5731edb8e1f663a,TEXT_SCANNED,7
LICENSE.md,d91a22c35c91b213204411421de88815f27d8e16,312,593bb2894609369016da0522529664aac73640e5d76c8065978a788a180a8784,TEXT_SCANNED,5
MAINTAINERS.md,d91a22c35c91b213204411421de88815f27d8e16,7586,cc4103e67350a751c8231de00301e9f4766600a46f365b5951ba9d3bf5957700,TEXT_SCANNED,139
Makefile,d91a22c35c91b213204411421de88815f27d8e16,1209,68da4180366beaf21f7c7c7f47d99ce7ab142bc975997f6f28188cc56ac52d45,TEXT_SCANNED,59
README.md,d91a22c35c91b213204411421de88815f27d8e16,11960,6c2a4124615de5b55bde14bbee1aa2313df0c196fa83ef4b2b28a150bb0baafc,TEXT_SCANNED,113
RED_WASH.md,d91a22c35c91b213204411421de88815f27d8e16,820,fc5c7f4bcddebfd26afa728190b62e3479344fb00011af6039c3a857d8b4cb78,TEXT_SCANNED,14
SECURITY.md,d91a22c35c91b213204411421de88815f27d8e16,448,a5b98acc8c89d1a64bf5b3d3900f85576058a595d46dfe1f9051356a7d60d641,TEXT_SCANNED,5
alembic.ini,d91a22c35c91b213204411421de88815f27d8e16,601,96bb2510cc0532d074cc0839d30992347b5aeb078e462b3945aefba97d7bd5d7,TEXT_SCANNED,32
assets/brand/BRAND_STANDARDS.md,d91a22c35c91b213204411421de88815f27d8e16,8564,d3474af1dee71b2729ec17e60e758a1de10eac516e8cc0fdf3fafd472188d3a4,TEXT_SCANNED,115
assets/brand/FONT_PROVENANCE.md,d91a22c35c91b213204411421de88815f27d8e16,1524,ccacd8abb16086b38f43f956b51274dfeb6adf1eacda37992019c1ff130e2bf5,TEXT_SCANNED,28
assets/brand/KLEIN_IDENTITY.md,d91a22c35c91b213204411421de88815f27d8e16,2967,af8c27ad2129b7cdd8faed3b4a3a253d37b05f6f27f320235446610256ad873b,TEXT_SCANNED,21
assets/brand/MANIFEST_SCOPE.md,d91a22c35c91b213204411421de88815f27d8e16,1221,981d96024832af7692a5af3b5e0213d06184bb7a0d0b7b73da8b13fad249efea,TEXT_SCANNED,22
assets/brand/README.md,d91a22c35c91b213204411421de88815f27d8e16,10249,f10f29d782a2fc9e81cbfb019c086554746aa1ac34b98050a54bcae98d5d6ae9,TEXT_SCANNED,129
assets/brand/VALIDATION.md,d91a22c35c91b213204411421de88815f27d8e16,7158,aa917a291568cb1b21fb8846f6efe4631e987ba15c44cbeb0fd64f8327ddf22d,TEXT_SCANNED,116
assets/brand/collateral/README.md,d91a22c35c91b213204411421de88815f27d8e16,1779,24ef9673782e1837bfcee497ccce18a067eb30438d1a1d43fbfd00f7bcaa66da,TEXT_SCANNED,40
assets/brand/collateral/guides/sable-harbor-brand-standards-v0.2.0.pdf,d91a22c35c91b213204411421de88815f27d8e16,155809,8c9f6de08ae76e5512754cce81f586e32712cf06006c11a59d7be6790af33271,PDF_TEXT_EXTRACTED_VISUAL_REVIEW_SEPARATE,178
assets/brand/collateral/letterhead/business-lines/README.md,d91a22c35c91b213204411421de88815f27d8e16,1324,ab39b36af1ce10f2cd245d741eb1ef3aaf735c9c2ef20438585555db3581fb2d,TEXT_SCANNED,14
assets/brand/collateral/letterhead/business-lines/advisory-letterhead-us-letter.svg,d91a22c35c91b213204411421de88815f27d8e16,1916,70794167b56b6d7847803c319a5e200b147cae6c2a41f4e482aa7c07af216fab,TEXT_SCANNED,17
assets/brand/collateral/letterhead/business-lines/american-resource-utility-letterhead-us-letter.svg,d91a22c35c91b213204411421de88815f27d8e16,1967,418135804b71c25fc67b777bbfa36e5f83c7d1eae47816b04c5698441d609c5e,TEXT_SCANNED,17
assets/brand/collateral/letterhead/business-lines/atlas-meridian-letterhead-us-letter.svg,d91a22c35c91b213204411421de88815f27d8e16,1934,4a473cc936af9ec9a385e6c92b750c78ca0452d86adb7d08d0b267daae8ca442,TEXT_SCANNED,17
assets/brand/collateral/letterhead/business-lines/foundry-field-letterhead-us-letter.svg,d91a22c35c91b213204411421de88815f27d8e16,1931,49c8847c8be139cd100c9d31b65d5f51c8c433d74f7938042c32dfd4b0ee50ff,TEXT_SCANNED,17
assets/brand/collateral/letterhead/business-lines/pale-sun-letterhead-us-letter.svg,d91a22c35c91b213204411421de88815f27d8e16,1907,3683f4b0d295ce22dbab19980eb71626a7befb6531a3403e7ccd51c2fd6ed7e7,TEXT_SCANNED,17
assets/brand/collateral/letterhead/business-lines/project-cradle-letterhead-us-letter.svg,d91a22c35c91b213204411421de88815f27d8e16,1934,818d70ba7bf07ebfcb1c1924f0d0950e7718bbe43d668ad17633019ae481ab4d,TEXT_SCANNED,17
assets/brand/collateral/letterhead/business-lines/willow-letterhead-us-letter.svg,d91a22c35c91b213204411421de88815f27d8e16,1910,3f2b0fbc4c1ef32c49fc0c95429ef420a11f09ba3f331ea9bfd491ce46240ce8,TEXT_SCANNED,17
assets/brand/collateral/letterhead/sable-harbor-letterhead-a4.docx,d91a22c35c91b213204411421de88815f27d8e16,66071,7467a40c2b138664182cd113e67803631bd2f5622e6a05b6811bd218ec07362b,OFFICE_XML_EXTRACTED,17
assets/brand/collateral/letterhead/sable-harbor-letterhead-a4.pdf,d91a22c35c91b213204411421de88815f27d8e16,16843,b501022081e5cd52944e06a0e38412cbde8cb5670d0f302701433c25d2f512c8,PDF_TEXT_EXTRACTED_VISUAL_REVIEW_SEPARATE,8
assets/brand/collateral/letterhead/sable-harbor-letterhead-a4.png,d91a22c35c91b213204411421de88815f27d8e16,57797,1379d05dfbe8e5b90bfaad32f16a2b75a2442a948454f3793141e737d95d70b2,IMAGE_REGISTERED_OCR_DEFERRED,0
assets/brand/collateral/letterhead/sable-harbor-letterhead-a4.svg,d91a22c35c91b213204411421de88815f27d8e16,6612,e3fa9f56904b0b516cbc60b415aad84610687a3a61195e55e24716678505cf0e,TEXT_SCANNED,1
assets/brand/collateral/letterhead/sable-harbor-letterhead-us-letter.docx,d91a22c35c91b213204411421de88815f27d8e16,66072,97272a1f534e6241bcaf13c0275e3c964bce3760a4c2e5f7e7967850b56f871e,OFFICE_XML_EXTRACTED,17
assets/brand/collateral/letterhead/sable-harbor-letterhead-us-letter.pdf,d91a22c35c91b213204411421de88815f27d8e16,16824,1ef7c8d26d8cd2bd9b93e7794c81d43befe3794f9fb6c44a4638e870294e6a9c,PDF_TEXT_EXTRACTED_VISUAL_REVIEW_SEPARATE,8
assets/brand/collateral/letterhead/sable-harbor-letterhead-us-letter.png,d91a22c35c91b213204411421de88815f27d8e16,57426,61e9ab3813c789f5a540d18831cb748fdf50180b786632a0fad3d409b7080a92,IMAGE_REGISTERED_OCR_DEFERRED,0
assets/brand/collateral/letterhead/sable-harbor-letterhead-us-letter.svg,d91a22c35c91b213204411421de88815f27d8e16,6618,38b4a51dab8f13962d9fb165063c6ecd17e649886149542860849adfd4cc4489,TEXT_SCANNED,1
assets/brand/collateral/memo/sable-harbor-memorandum-us-letter.docx,d91a22c35c91b213204411421de88815f27d8e16,66481,4b494a7e21b846dcef769af408d44adb892f46e40fb4ceec9d347cc3e2b4380a,OFFICE_XML_EXTRACTED,20
assets/brand/collateral/memo/sable-harbor-memorandum-us-letter.pdf,d91a22c35c91b213204411421de88815f27d8e16,26406,d9d52736d84bb28358cecd06c90ba3e719c9ef52576452966d24924252f2b515,PDF_TEXT_EXTRACTED_VISUAL_REVIEW_SEPARATE,17
assets/brand/collateral/presentation/sable-harbor-presentation-template-16x9.pptx,d91a22c35c91b213204411421de88815f27d8e16,99847,bdf8fa022c9260596a9dc44240590e4b0f3a5d0d2052506403d1c8044fe39448,OFFICE_XML_EXTRACTED,50
assets/brand/collateral/report/sable-harbor-report-cover-a4.pdf,d91a22c35c91b213204411421de88815f27d8e16,15998,7dc28748e601c54e4ae951662520f486a328bad5a3e9c9dc03c0405416d422a9,PDF_TEXT_EXTRACTED_VISUAL_REVIEW_SEPARATE,7
assets/brand/collateral/report/sable-harbor-report-cover-a4.png,d91a22c35c91b213204411421de88815f27d8e16,68526,14d3a884e15649ece8c431fcb73a12ba220bbf1069a3547d68011fd3668efb7f,IMAGE_REGISTERED_OCR_DEFERRED,0
assets/brand/collateral/report/sable-harbor-report-cover-a4.svg,d91a22c35c91b213204411421de88815f27d8e16,6809,a08ca677b711f290aa382abfd3f7d937c9931a72d393c156440077386c0565ee,TEXT_SCANNED,1
assets/brand/collateral/report/sable-harbor-report-cover-us-letter.pdf,d91a22c35c91b213204411421de88815f27d8e16,15992,2292b9b56886dde7fc8cd07de92c22068309eee6401b355472ac215df034d57f,PDF_TEXT_EXTRACTED_VISUAL_REVIEW_SEPARATE,7
assets/brand/collateral/report/sable-harbor-report-cover-us-letter.png,d91a22c35c91b213204411421de88815f27d8e16,67628,acfd710490a00a60b2b218a184d31d4ac07f3e7f6f0866443596c160c92892b5,IMAGE_REGISTERED_OCR_DEFERRED,0
assets/brand/collateral/report/sable-harbor-report-cover-us-letter.svg,d91a22c35c91b213204411421de88815f27d8e16,6815,7572e81a3416b0b2640bcc37d6d46c78f95d62c45f75b6e5f2f8f462de1e8110,TEXT_SCANNED,1
assets/brand/collateral/report/sable-harbor-report-template-a4.docx,d91a22c35c91b213204411421de88815f27d8e16,92016,8906c26628e07a7f32f9ae9c7201c185f3770da0d28ff4c2c18bc575bddf586c,OFFICE_XML_EXTRACTED,23
assets/brand/collateral/report/sable-harbor-report-template-us-letter.docx,d91a22c35c91b213204411421de88815f27d8e16,92018,6d191a03274bade8127afdc027fa5d8c3394d53829ee3d0e570497c1ad618cc8,OFFICE_XML_EXTRACTED,23
assets/brand/demotte_reclamation_visual_manifest.json,d91a22c35c91b213204411421de88815f27d8e16,1597,8da80c126214b2c06a38b94f700eea4bf1551acf4172fe1d618f0645b0381997,JSON_STRINGS_EXTRACTED,17
assets/brand/emberline_visual_manifest.json,d91a22c35c91b213204411421de88815f27d8e16,3224,62a9dadeb2cdcec630ce120523615179ebd39b0b36fafba43d731fcc605eacf6,JSON_STRINGS_EXTRACTED,37
assets/brand/history/emberline/2026-09-07/README.md,d91a22c35c91b213204411421de88815f27d8e16,526,4d35b33a80c0ebf8394791a4994e6c272db082449d9086e96d4a368587bbc310,TEXT_SCANNED,5
assets/brand/history/emberline/2026-09-07/emberline__mark.png,d91a22c35c91b213204411421de88815f27d8e16,14217,ab862db3697184d3cc94e9b6c5767d7e26e68ddf7a7ac7117ac049fc2e22dc25,IMAGE_REGISTERED_OCR_DEFERRED,0
assets/brand/history/emberline/2026-09-07/emberline__mark.svg,d91a22c35c91b213204411421de88815f27d8e16,785,eb3609c8c53c34efc08e8f8f3ba78cf87cbd09d2fc8275c786033e44c06dce31,TEXT_SCANNED,1
assets/brand/history/emberline/2026-09-07/emberline__primary-horizontal.png,d91a22c35c91b213204411421de88815f27d8e16,29336,8cb73d9e030683fa8bc045723181895382c2452eb13b15857bd036cb3d206f50,IMAGE_REGISTERED_OCR_DEFERRED,0
assets/brand/history/emberline/2026-09-07/emberline__primary-horizontal.svg,d91a22c35c91b213204411421de88815f27d8e16,8327,e43af0f305aa3d4ca07ff80b9c897aaa9be944cfbff0192c0010ad0c04569948,TEXT_SCANNED,1
assets/brand/history/emberline/2026-09-07/emberline__reverse-horizontal.png,d91a22c35c91b213204411421de88815f27d8e16,28753,ea339ad7dc0e0a50cb7ae253699ab0ba68eaa71cdbcfa7797ba0f73d151b67c3,IMAGE_REGISTERED_OCR_DEFERRED,0
assets/brand/history/emberline/2026-09-07/emberline__reverse-horizontal.svg,d91a22c35c91b213204411421de88815f27d8e16,8387,41717ef6f1f69d6d73ef9f9456e403869bca2c7c354d73bb343f2090c6fb88af,TEXT_SCANNED,1
assets/brand/history/emberline/2026-09-07/manifest.json,d91a22c35c91b213204411421de88815f27d8e16,2347,09b8d2b21969242e13f8acbdd2db655e0ff46fd2c373a4732c6bdb1333bc66cf,JSON_STRINGS_EXTRACTED,28
assets/brand/industrial_sources/aru/aru_alternate_chat_asset.png,d91a22c35c91b213204411421de88815f27d8e16,874990,0bc5f917298db93bf48b3052f65e40a88e978ea8e2f01b7d99042ed1c28fa839,IMAGE_REGISTERED_OCR_DEFERRED,0
assets/brand/industrial_sources/aru/aru_brand_board_chat_asset.png,d91a22c35c91b213204411421de88815f27d8e16,1923281,05204f15c6a86c10de70c3dfc17996326063a06c0d382147d90ce12834b85888,IMAGE_REGISTERED_OCR_DEFERRED,0
assets/brand/industrial_sources/aru/aru_primary_centered_chat_asset.png,d91a22c35c91b213204411421de88815f27d8e16,1071679,5892792a95e7fbc2a16171fea38b96d2aee5becf0603b68687f0d48e1bd9fc46,IMAGE_REGISTERED_OCR_DEFERRED,0
assets/brand/industrial_sources/bst/bst_bulk_storage_transport_candidate.png,d91a22c35c91b213204411421de88815f27d8e16,808700,60c642acb956ae908aafa3abea9ad21705ca0cd95258232926fbca2894eb4e92,IMAGE_REGISTERED_OCR_DEFERRED,0
assets/brand/industrial_sources/bst/bst_railway_primary_chat_asset.png,d91a22c35c91b213204411421de88815f27d8e16,839885,9af275b2f65ff5a82bca760609ab166ecd055c7a266d171bbf558b05c7e37a05,IMAGE_REGISTERED_OCR_DEFERRED,0
assets/brand/industrial_visual_manifest.json,d91a22c35c91b213204411421de88815f27d8e16,12750,1b2ad6e0317b1ab7a1a562b0ec7fda8057d7b5f1fc5055aa296a7434ff3cdd67,JSON_STRINGS_EXTRACTED,131
assets/brand/kelly_gang_mining_visual_manifest.json,d91a22c35c91b213204411421de88815f27d8e16,1256,626099d22cd7a9fe703baa4fabcd3d0a35f9d12a29038ebbd663f09fc6235b21,JSON_STRINGS_EXTRACTED,14
assets/brand/klein_visual_manifest.json,d91a22c35c91b213204411421de88815f27d8e16,1264,12012dd1e91b4eddb3776d3fa16a9c48630da80c353889c19654a6ae1369c495,JSON_STRINGS_EXTRACTED,17
assets/brand/logos/advisory__mark.png,d91a22c35c91b213204411421de88815f27d8e16,13183,ac04bf13bbebec93e8a1ddfcf46926763315073fb5e909dafad4287b31975ec4,IMAGE_REGISTERED_OCR_DEFERRED,0
assets/brand/logos/advisory__mark.svg,d91a22c35c91b213204411421de88815f27d8e16,1076,4124e7762eb2a52f54c67d9d6b9aabcd23a9ecf628649f6571ea8ec9b3cef20c,TEXT_SCANNED,1
assets/brand/logos/advisory__one-color-horizontal.png,d91a22c35c91b213204411421de88815f27d8e16,39590,d77b5bfa13b667fa99353cd02fd3b615c41e30ac68a8438de1f33cb892ad77c8,IMAGE_REGISTERED_OCR_DEFERRED,0
assets/brand/logos/advisory__one-color-horizontal.svg,d91a22c35c91b213204411421de88815f27d8e16,8938,686dde0d4000a254c53ba91da13d077cc13b4d5bc56f01cc25e677fc38d4d6e5,TEXT_SCANNED,1
assets/brand/logos/advisory__primary-horizontal.png,d91a22c35c91b213204411421de88815f27d8e16,39749,e6e72e17021479f66e543ff408b19d70d91a5b0d7c1085ab2c81b4996da20ae2,IMAGE_REGISTERED_OCR_DEFERRED,0
assets/brand/logos/advisory__primary-horizontal.svg,d91a22c35c91b213204411421de88815f27d8e16,8934,0daeec812db6e3a9c0214b019218ca43ebb333d54e5861e0bb44433a8f45af81,TEXT_SCANNED,1
assets/brand/logos/advisory__reverse-horizontal.png,d91a22c35c91b213204411421de88815f27d8e16,40323,e45a54553e44c7f08b3963e2487c167097fa80f9868d1759de69624e02b24c63,IMAGE_REGISTERED_OCR_DEFERRED,0
assets/brand/logos/advisory__reverse-horizontal.svg,d91a22c35c91b213204411421de88815f27d8e16,8994,86af03291c6a4d045d74dba4935c9302a490facd0687b8f5cb08dea3cb5414e9,TEXT_SCANNED,1
assets/brand/logos/advisory__stacked.png,d91a22c35c91b213204411421de88815f27d8e16,41753,3af9b0586694d5edf53b275469ccfaddb0d86d470f8a9ba2a5d233c9c45ddb6b,IMAGE_REGISTERED_OCR_DEFERRED,0
assets/brand/logos/advisory__stacked.svg,d91a22c35c91b213204411421de88815f27d8e16,8903,fed467dbcf82a53a1b74ea13b7c0ff2f82484c6e70bb1b5f96de9a90a2b45fa6,TEXT_SCANNED,1
assets/brand/logos/american-resource-utility__mark.png,d91a22c35c91b213204411421de88815f27d8e16,21389,42259432b716cddf2b50190e02016206ccd00c82d5d552c9e0be3946ad2b2fae,IMAGE_REGISTERED_OCR_DEFERRED,0
assets/brand/logos/american-resource-utility__mark.svg,d91a22c35c91b213204411421de88815f27d8e16,912,71ffb81d87876bc8bb011a748db60086d1d63c8c5bb0ae4d997768caa3f39f92,TEXT_SCANNED,1
assets/brand/logos/american-resource-utility__one-color-horizontal.png,d91a22c35c91b213204411421de88815f27d8e16,50730,14aadafb59b27bfc5e5571bc4e5a00b304d06276004d96f31d1652b3d2523ea5,IMAGE_REGISTERED_OCR_DEFERRED,0
assets/brand/logos/american-resource-utility__one-color-horizontal.svg,d91a22c35c91b213204411421de88815f27d8e16,11740,7ffb32c6b6d55cae45350532bd8e066908c5753bbb4a787a7983ad142e32c0c2,TEXT_SCANNED,1
assets/brand/logos/american-resource-utility__primary-horizontal.png,d91a22c35c91b213204411421de88815f27d8e16,50919,97968ac835bc2a79f39a7717398a328d9a1b71c0301a2a3a4ffba507a34e21b8,IMAGE_REGISTERED_OCR_DEFERRED,0
assets/brand/logos/american-resource-utility__primary-horizontal.svg,d91a22c35c91b213204411421de88815f27d8e16,11736,9a54ce922352c3b3171d82557d2be28cbfebc891efe941a0ecd5e76eb1a0cada,TEXT_SCANNED,1
assets/brand/logos/american-resource-utility__reverse-horizontal.png,d91a22c35c91b213204411421de88815f27d8e16,51319,560fea618c33a6eb3d39b983be68254b48f13e4952cba6284c616a8316310d3e,IMAGE_REGISTERED_OCR_DEFERRED,0
assets/brand/logos/american-resource-utility__reverse-horizontal.svg,d91a22c35c91b213204411421de88815f27d8e16,11796,e1e155433aea31bd06ad2cefd057118f0563680eda11195fb69a25371a3c632e,TEXT_SCANNED,1
assets/brand/logos/american-resource-utility__stacked.png,d91a22c35c91b213204411421de88815f27d8e16,53848,5992203e0280dca708f72457d4b43b260c5ec2005ff6904c056a818fa11bbafa,IMAGE_REGISTERED_OCR_DEFERRED,0
assets/brand/logos/american-resource-utility__stacked.svg,d91a22c35c91b213204411421de88815f27d8e16,11701,4e3a06db1d8e1729fa8f7e5bdd4ee1577587d1e4556c6cd4405ae3c22318ebd5,TEXT_SCANNED,1
assets/brand/logos/atlas-meridian__mark.png,d91a22c35c91b213204411421de88815f27d8e16,43929,04cbf4f16e342de403b4d0a43f8e501e71b41b3813b9b43b17005734227c7aff,IMAGE_REGISTERED_OCR_DEFERRED,0
assets/brand/logos/atlas-meridian__mark.svg,d91a22c35c91b213204411421de88815f27d8e16,976,b7bce1cdbc425143d83a34ea2aea30502087ac11ad93f89d71eab9bdf5a83153,TEXT_SCANNED,1
assets/brand/logos/atlas-meridian__one-color-horizontal.png,d91a22c35c91b213204411421de88815f27d8e16,53286,cbfef7fc2ac68587bb920ca1e87dbdebe790ea16fcc962b46ed56b67c7fc2d88,IMAGE_REGISTERED_OCR_DEFERRED,0
assets/brand/logos/atlas-meridian__one-color-horizontal.svg,d91a22c35c91b213204411421de88815f27d8e16,9599,fa8b565a252f7be4d8ab4c287400be9f1f1144114225f591bfbc3df07294a91a,TEXT_SCANNED,1
assets/brand/logos/atlas-meridian__primary-horizontal.png,d91a22c35c91b213204411421de88815f27d8e16,53291,363704eb3369e495576b838bef4520309cd226423ee3a835f67811d60ccddb40,IMAGE_REGISTERED_OCR_DEFERRED,0
assets/brand/logos/atlas-meridian__primary-horizontal.svg,d91a22c35c91b213204411421de88815f27d8e16,9595,b332967904ad7c9632cd8c10b56fd0fca7a0ccebb46aa541338bf3d34d2fae45,TEXT_SCANNED,1
assets/brand/logos/atlas-meridian__reverse-horizontal.png,d91a22c35c91b213204411421de88815f27d8e16,53766,fe342ce3c8a9316c1f0ae73de2bee778993ac6ceadffaf03c1b8928ae8a360bc,IMAGE_REGISTERED_OCR_DEFERRED,0
assets/brand/logos/atlas-meridian__reverse-horizontal.svg,d91a22c35c91b213204411421de88815f27d8e16,9655,65fd42d4256037e2029c0a67c38e9a55eb9bdd14fd15742780bf90777771f657,TEXT_SCANNED,1
assets/brand/logos/atlas-meridian__stacked.png,d91a22c35c91b213204411421de88815f27d8e16,58761,fdd8e95949af8cdce9ed582aa8fd0a66e9effbf9341690350b66fce10b61b3b8,IMAGE_REGISTERED_OCR_DEFERRED,0
assets/brand/logos/atlas-meridian__stacked.svg,d91a22c35c91b213204411421de88815f27d8e16,9552,f61aaf0e2826311fa3ee6d9575385fe6fc4e00d69d2573e874640472c239b056,TEXT_SCANNED,1
assets/brand/logos/blood-sweat-and-tears-railway__mark.png,d91a22c35c91b213204411421de88815f27d8e16,30694,1451b45e36d1dcc560f1e95560be213a240655258f4ddf943d2e3b535fe1675f,IMAGE_REGISTERED_OCR_DEFERRED,0
assets/brand/logos/blood-sweat-and-tears-railway__mark.svg,d91a22c35c91b213204411421de88815f27d8e16,970,4202676cd94e8f9e12519105d9b73b1ba968ca23bedd196cfbeb92e4d2cb024a,TEXT_SCANNED,1
assets/brand/logos/blood-sweat-and-tears-railway__primary-horizontal.png,d91a22c35c91b213204411421de88815f27d8e16,77400,ecf75550eb4884d0fa09376f3d3188c448ef08565723a99de9166889e7d7b899,IMAGE_REGISTERED_OCR_DEFERRED,0
assets/brand/logos/blood-sweat-and-tears-railway__primary-horizontal.svg,d91a22c35c91b213204411421de88815f27d8e16,16228,ef0f20919c4ec07773a56ce01a9b1bb52c94562ed439bcfa08f6cebf51d2eeea,TEXT_SCANNED,1
assets/brand/logos/blood-sweat-and-tears-railway__reverse-horizontal.png,d91a22c35c91b213204411421de88815f27d8e16,75941,174bbee045f8ab1ba095d904b7f66765fae8cf6f6ae25ece1e86680ad3c3b5dd,IMAGE_REGISTERED_OCR_DEFERRED,0
assets/brand/logos/blood-sweat-and-tears-railway__reverse-horizontal.svg,d91a22c35c91b213204411421de88815f27d8e16,16288,45c15fc61ec94127b5f07c908bdf07d5d6e3957f1f5b36b89c3349da7e61af81,TEXT_SCANNED,1
assets/brand/logos/demotte-reclamation-services__primary-horizontal.png,d91a22c35c91b213204411421de88815f27d8e16,881116,cb5bdbc6cb950dac198312222eb47659547ae6a30994c90dff514b0707cfd15f,IMAGE_REGISTERED_OCR_DEFERRED,0
assets/brand/logos/emberline__primary-horizontal.png,d91a22c35c91b213204411421de88815f27d8e16,939954,ddf4273bca6f9e0c9b050a1fc741b151550b86af5e2d2a98c46fdadfaf849312,IMAGE_REGISTERED_OCR_DEFERRED,0
assets/brand/logos/foundry-field__mark.png,d91a22c35c91b213204411421de88815f27d8e16,12978,6607b73364e12ae718e0af292382a9f36d0f6e95009c7141858b4705305f76a5,IMAGE_REGISTERED_OCR_DEFERRED,0
assets/brand/logos/foundry-field__mark.svg,d91a22c35c91b213204411421de88815f27d8e16,853,c80c1e4764182b342b48ce3e3386ce6908223cae04d95ee5ac6fd30cd5bfe03e,TEXT_SCANNED,1
assets/brand/logos/foundry-field__one-color-horizontal.png,d91a22c35c91b213204411421de88815f27d8e16,35711,47c9291d0b7684ebd139d8fb07a9c9ffe5ebabe8ae8b27d496a7c5407bf6921c,IMAGE_REGISTERED_OCR_DEFERRED,0
assets/brand/logos/foundry-field__one-color-horizontal.svg,d91a22c35c91b213204411421de88815f27d8e16,9103,eaa9e6c4506392a4c20ff46bd87b54949c68086e2f4691b7220a7520fd767321,TEXT_SCANNED,1
assets/brand/logos/foundry-field__primary-horizontal.png,d91a22c35c91b213204411421de88815f27d8e16,35812,6951f43589fa1e4f3653ca472710a67c99c33b847723f339acd2a53cdf018aad,IMAGE_REGISTERED_OCR_DEFERRED,0
assets/brand/logos/foundry-field__primary-horizontal.svg,d91a22c35c91b213204411421de88815f27d8e16,9099,32bef31266baae81136912f113547fd135160612e03246f0c7726baf78f06f7a,TEXT_SCANNED,1
assets/brand/logos/foundry-field__reverse-horizontal.png,d91a22c35c91b213204411421de88815f27d8e16,35655,35f9e9d89030c432c50e3d57752e09111ff76b0bc9bccfc0a32ac5c357195631,IMAGE_REGISTERED_OCR_DEFERRED,0
assets/brand/logos/foundry-field__reverse-horizontal.svg,d91a22c35c91b213204411421de88815f27d8e16,9159,fa9fa73c6ecbd1cb3ed3f8cbe9d5a9cc2ec308a62df68ea28c019e4861bca3aa,TEXT_SCANNED,1
assets/brand/logos/foundry-field__stacked.png,d91a22c35c91b213204411421de88815f27d8e16,37037,13cb74eb6d045e2523fa1628714e0bc58a919792435e2c48f438df7edd5454d6,IMAGE_REGISTERED_OCR_DEFERRED,0
assets/brand/logos/foundry-field__stacked.svg,d91a22c35c91b213204411421de88815f27d8e16,9058,3d297efa67ed90919e1efe8a6451621ebd585e54113baa8e9f0856bfbfe8d078,TEXT_SCANNED,1
assets/brand/logos/foundry__mark.png,d91a22c35c91b213204411421de88815f27d8e16,12978,6607b73364e12ae718e0af292382a9f36d0f6e95009c7141858b4705305f76a5,IMAGE_REGISTERED_OCR_DEFERRED,0
assets/brand/logos/foundry__mark.svg,d91a22c35c91b213204411421de88815f27d8e16,841,cceec63d33e3fce30580a1028f3919e8637582f0464babd65957e8606c748f5d,TEXT_SCANNED,1
assets/brand/logos/foundry__primary-horizontal.png,d91a22c35c91b213204411421de88815f27d8e16,35335,9fb1504d6b24f217546403c0d3850e7dc131687cce3a349b99cb7cdd52778e25,IMAGE_REGISTERED_OCR_DEFERRED,0
assets/brand/logos/foundry__primary-horizontal.svg,d91a22c35c91b213204411421de88815f27d8e16,9617,f0484139fea09f8019ac0a9328bbeed262c9644e103b8cbac86d5aa9e9933b74,TEXT_SCANNED,1
assets/brand/logos/foundry__reverse-horizontal.png,d91a22c35c91b213204411421de88815f27d8e16,34676,da8a5b9e4107cc2f92feb0d4eeebf4e3f2f4d21f8ca2704afe704006c60130c2,IMAGE_REGISTERED_OCR_DEFERRED,0
assets/brand/logos/foundry__reverse-horizontal.svg,d91a22c35c91b213204411421de88815f27d8e16,9677,2ff63f61fee870dc0aaccd6b40e68e6dcdaf9f267b6ba18c6e08cb042dc413f5,TEXT_SCANNED,1
assets/brand/logos/j2__mark.png,d91a22c35c91b213204411421de88815f27d8e16,11900,383f2f27108a8379171a220517a8c2e6c834cd82f821fc72d6d4f0566efe5af9,IMAGE_REGISTERED_OCR_DEFERRED,0
assets/brand/logos/j2__mark.svg,d91a22c35c91b213204411421de88815f27d8e16,2424,af2934fa343b613473b6744781f9cbb32f85941f1c5f2dbc25051fc9ec6d283c,TEXT_SCANNED,5
assets/brand/logos/j2__primary-horizontal.png,d91a22c35c91b213204411421de88815f27d8e16,757600,9ee44d72f7cf52474d10ab37662c4690e56a01b6d621a52d26ec22bbd0a7a1e2,IMAGE_REGISTERED_OCR_DEFERRED,0
assets/brand/logos/j2__primary-horizontal.svg,d91a22c35c91b213204411421de88815f27d8e16,2787,de17265dd599b1cd68a81f091c56c7409b44bfd8d12555af9c019046468f922c,TEXT_SCANNED,6
assets/brand/logos/kelly-gang-mining__stacked.png,d91a22c35c91b213204411421de88815f27d8e16,1509892,2b6958413abe5989120a5ed9b85480750cb385a397cb8228fa871f1a392f22e6,IMAGE_REGISTERED_OCR_DEFERRED,0
assets/brand/logos/klein__primary-horizontal.png,d91a22c35c91b213204411421de88815f27d8e16,236847,907036b9121328c49498d1cd4c856e2f52235c792c5b4d49be0b4fee09127f1e,IMAGE_REGISTERED_OCR_DEFERRED,0
assets/brand/logos/pale-sun__mark.png,d91a22c35c91b213204411421de88815f27d8e16,12745,858ea411e4fb774a198b5e4ac814ea84356b4f8f41b81e0e00698630afe8203f,IMAGE_REGISTERED_OCR_DEFERRED,0
assets/brand/logos/pale-sun__mark.svg,d91a22c35c91b213204411421de88815f27d8e16,784,2cd6714f67afe2780194ab6b824f12d79be097cbb474101e8b8dbd5f24de8381,TEXT_SCANNED,1
assets/brand/logos/pale-sun__one-color-horizontal.png,d91a22c35c91b213204411421de88815f27d8e16,30963,f5f322c16ac9e5948f149af2dbce7b2abbf758f5e9e192124815d28ed42fb8c4,IMAGE_REGISTERED_OCR_DEFERRED,0
assets/brand/logos/pale-sun__one-color-horizontal.svg,d91a22c35c91b213204411421de88815f27d8e16,8310,230d4cf390c315de938b11f74c44ded814d467fa416364dadefdab7c7c733c36,TEXT_SCANNED,1
assets/brand/logos/pale-sun__primary-horizontal.png,d91a22c35c91b213204411421de88815f27d8e16,31029,ca37f70a3816a24bb601796add77d55588e20f3cbbadb9c7b57df80db10cea87,IMAGE_REGISTERED_OCR_DEFERRED,0
assets/brand/logos/pale-sun__primary-horizontal.svg,d91a22c35c91b213204411421de88815f27d8e16,8306,34e6190ac1e59fd685acc4ac62896f2e58f5a89dff16ca0c43f28cd1538a7928,TEXT_SCANNED,1
assets/brand/logos/pale-sun__reverse-horizontal.png,d91a22c35c91b213204411421de88815f27d8e16,30871,2d9077e423ff3377dd97a8134c9f957ae312e30dd26538cbe067f7819f25f181,IMAGE_REGISTERED_OCR_DEFERRED,0
assets/brand/logos/pale-sun__reverse-horizontal.svg,d91a22c35c91b213204411421de88815f27d8e16,8366,1c82009152cd5cc5106556777623cfe3894f7154d1d7857a28cf9f8d22089959,TEXT_SCANNED,1
assets/brand/logos/pale-sun__stacked.png,d91a22c35c91b213204411421de88815f27d8e16,33379,66b31da70dc0b7470c557a92e7a8806f2b79577158674722dde223653068e1da,IMAGE_REGISTERED_OCR_DEFERRED,0
assets/brand/logos/pale-sun__stacked.svg,d91a22c35c91b213204411421de88815f27d8e16,8275,985bd4e4834526cbb8f664c45e84f9fa1a776763918ea222e34d9c42925303bd,TEXT_SCANNED,1
assets/brand/logos/pale_sun__canonical.png,d91a22c35c91b213204411421de88815f27d8e16,837461,eedcabfca73460e8ff5ad72864c9f669ba2375097b05daa2912f30c9ff35c025,IMAGE_REGISTERED_OCR_DEFERRED,0
assets/brand/logos/project-cradle__mark.png,d91a22c35c91b213204411421de88815f27d8e16,16328,5ede84c2fabb798c4c9a3701d2d0f5304dfe72f8877d2ee1843fe170a7da436e,IMAGE_REGISTERED_OCR_DEFERRED,0
assets/brand/logos/project-cradle__mark.svg,d91a22c35c91b213204411421de88815f27d8e16,1008,be14671032266fe79183187fcf3e93358aa7ae142db79f680023faff54dcb5ce,TEXT_SCANNED,1
assets/brand/logos/project-cradle__one-color-horizontal.png,d91a22c35c91b213204411421de88815f27d8e16,42564,daf07bd1b465af69ba4ac9e437ba5636cef04eb64c2a77afc19ead8a34d5a373,IMAGE_REGISTERED_OCR_DEFERRED,0
assets/brand/logos/project-cradle__one-color-horizontal.svg,d91a22c35c91b213204411421de88815f27d8e16,9828,c487afe30a90d6e9d0dc16af5484dcc13e1bae89d2566abd6e19c0e6f2d4d98c,TEXT_SCANNED,1
assets/brand/logos/project-cradle__primary-horizontal.png,d91a22c35c91b213204411421de88815f27d8e16,42616,7d2573b557f1caf4952e59d5c7d59db2da6c3280c418df6400cfac359af1c421,IMAGE_REGISTERED_OCR_DEFERRED,0
assets/brand/logos/project-cradle__primary-horizontal.svg,d91a22c35c91b213204411421de88815f27d8e16,9824,cbfaae1624fd7d3884f408591ee1100604026e52b5aad5f3614bc9c71bd022dd,TEXT_SCANNED,1
assets/brand/logos/project-cradle__reverse-horizontal.png,d91a22c35c91b213204411421de88815f27d8e16,43165,f2b9543360866c921b2cf47ca6bcca5cab835e9198098fd28cb0d43ee7fcb460,IMAGE_REGISTERED_OCR_DEFERRED,0
assets/brand/logos/project-cradle__reverse-horizontal.svg,d91a22c35c91b213204411421de88815f27d8e16,9884,47219d356445401cf55e0b66010adc695074add78a17fba3c4168085553c6b42,TEXT_SCANNED,1
assets/brand/logos/project-cradle__stacked.png,d91a22c35c91b213204411421de88815f27d8e16,43286,0f7918d102c4a84afdc7e6f1d07a8e7fe7fb4e100c63d9bd7a8981689bd1f8e5,IMAGE_REGISTERED_OCR_DEFERRED,0
assets/brand/logos/project-cradle__stacked.svg,d91a22c35c91b213204411421de88815f27d8e16,9781,7493c5599ce9db12d60555dc3cb0ce28063b8d3bf5fc8e8648f08cf63c725bcc,TEXT_SCANNED,1
assets/brand/logos/quality-forest-communications__primary-horizontal.png,d91a22c35c91b213204411421de88815f27d8e16,1099423,d72708de214894d0184cc0c1211bcb99647c5df6bbf61a2323d668451f91060d,IMAGE_REGISTERED_OCR_DEFERRED,0
assets/brand/logos/red-wash-mine__mark.png,d91a22c35c91b213204411421de88815f27d8e16,12746,90c4d9d6aed102b4dc1e692e9398013a68f4f99759a9dcc525cca5eef36f0eb1,IMAGE_REGISTERED_OCR_DEFERRED,0
assets/brand/logos/red-wash-mine__mark.svg,d91a22c35c91b213204411421de88815f27d8e16,794,7f036e36b93cf35b75ea9c80745a8f7b7a6992308f00519c6767ce0e8f882f8a,TEXT_SCANNED,1
assets/brand/logos/red-wash-mine__primary-horizontal.png,d91a22c35c91b213204411421de88815f27d8e16,40529,0db0964d8cded5a4923b05599227466109d734fe3b10af81c151e419f01fc426,IMAGE_REGISTERED_OCR_DEFERRED,0
assets/brand/logos/red-wash-mine__primary-horizontal.svg,d91a22c35c91b213204411421de88815f27d8e16,8429,bf4568689f7e24b2af7a472e55220e0fbe9e709e455d5d101ad6988633578508,TEXT_SCANNED,1
assets/brand/logos/red-wash-mine__reverse-horizontal.png,d91a22c35c91b213204411421de88815f27d8e16,40897,e6314729d34b43b383d6b21ac3de6a61210fcd1498fb5aa46c545dbb0df48748,IMAGE_REGISTERED_OCR_DEFERRED,0
assets/brand/logos/red-wash-mine__reverse-horizontal.svg,d91a22c35c91b213204411421de88815f27d8e16,8489,53096211f08f0fecddbe000d7aaa68fdc637f414266c61521d5971d1538b9d84,TEXT_SCANNED,1
assets/brand/logos/red-wash-pale-sun__mark.png,d91a22c35c91b213204411421de88815f27d8e16,12746,90c4d9d6aed102b4dc1e692e9398013a68f4f99759a9dcc525cca5eef36f0eb1,IMAGE_REGISTERED_OCR_DEFERRED,0
assets/brand/logos/red-wash-pale-sun__mark.svg,d91a22c35c91b213204411421de88815f27d8e16,806,2ae819c5774104ed97324030847243e5c59efa8eb1690f6acad215634b5906bb,TEXT_SCANNED,1
assets/brand/logos/red-wash-pale-sun__primary-horizontal.png,d91a22c35c91b213204411421de88815f27d8e16,46931,1b60c37db3b7d54970a030684ce5d1f08cfbdfe34e04d47bb93e7f91a633d229,IMAGE_REGISTERED_OCR_DEFERRED,0
assets/brand/logos/red-wash-pale-sun__primary-horizontal.svg,d91a22c35c91b213204411421de88815f27d8e16,11521,af2dfab17adae39701d41a87d93c6d1a5ec2f38087421eca9a73ad01d2c2d35a,TEXT_SCANNED,1
assets/brand/logos/red-wash-pale-sun__reverse-horizontal.png,d91a22c35c91b213204411421de88815f27d8e16,46704,18f1d73279bdecf1f0bf47beab2cf1d71cffa5658997dc9d4acb950485e5d6c1,IMAGE_REGISTERED_OCR_DEFERRED,0
assets/brand/logos/red-wash-pale-sun__reverse-horizontal.svg,d91a22c35c91b213204411421de88815f27d8e16,11581,f29f0cd14e7a499d5b4d04467f7b4e634b010c2493e967d5ba61c752a5f35288,TEXT_SCANNED,1
assets/brand/logos/red_wash__canonical.png,d91a22c35c91b213204411421de88815f27d8e16,738834,7c26b8afd7954045d9dd4b5c691ba820cdce2e3ccb8e41ac6873b103f0c59720,IMAGE_REGISTERED_OCR_DEFERRED,0
assets/brand/logos/sable-harbor__mark.png,d91a22c35c91b213204411421de88815f27d8e16,14217,ab862db3697184d3cc94e9b6c5767d7e26e68ddf7a7ac7117ac049fc2e22dc25,IMAGE_REGISTERED_OCR_DEFERRED,0
assets/brand/logos/sable-harbor__mark.svg,d91a22c35c91b213204411421de88815f27d8e16,791,96fd8918371076e58e6d659db392f105c7e9187d4f690bd52ea026011d073493,TEXT_SCANNED,1
assets/brand/logos/sable-harbor__one-color-horizontal.png,d91a22c35c91b213204411421de88815f27d8e16,33175,9b93771eb464602ce9dd3e335ab73cd1e888b8cb5efbfac7b0cc2530ba771887,IMAGE_REGISTERED_OCR_DEFERRED,0
assets/brand/logos/sable-harbor__one-color-horizontal.svg,d91a22c35c91b213204411421de88815f27d8e16,3678,d4a0ca9e57b3e566604de3e5b158661d6579fab51c11d4a9e4dbf0756a276626,TEXT_SCANNED,1
assets/brand/logos/sable-harbor__primary-horizontal.png,d91a22c35c91b213204411421de88815f27d8e16,33266,a5673c57c909fee3dcce155c9ee636589f8a21c8e217de9ff541abfcf6264b4a,IMAGE_REGISTERED_OCR_DEFERRED,0
assets/brand/logos/sable-harbor__primary-horizontal.svg,d91a22c35c91b213204411421de88815f27d8e16,3674,815efb4ca06e4f2df8b9dfee3d4288f94d2e64417b7c863ce5b8639d2de07076,TEXT_SCANNED,1
assets/brand/logos/sable-harbor__reverse-horizontal.png,d91a22c35c91b213204411421de88815f27d8e16,33893,562e0d37539f88e154a6e5924755ac0ea700dcbfa6e1fe493ef0b8d0eb5c6c31,IMAGE_REGISTERED_OCR_DEFERRED,0
assets/brand/logos/sable-harbor__reverse-horizontal.svg,d91a22c35c91b213204411421de88815f27d8e16,3734,4931c819cfc1845cf22d7082dd08db996209d5ab6107340abbad2d4753992459,TEXT_SCANNED,1
assets/brand/logos/sable-harbor__stacked.png,d91a22c35c91b213204411421de88815f27d8e16,35825,224dad3c45db30f06d0705a428b96d304e7edb8500f62d94a8c5e8ff9490a88c,IMAGE_REGISTERED_OCR_DEFERRED,0
assets/brand/logos/sable-harbor__stacked.svg,d91a22c35c91b213204411421de88815f27d8e16,3571,76d71c2d4b798bf930499eea153fb5a1e053fee7c7ceb9d689970e6cec89921f,TEXT_SCANNED,1
assets/brand/logos/willow__mark.png,d91a22c35c91b213204411421de88815f27d8e16,31623,5442fa9b7370eee12b71af27c1012644923adf98ae82680b60a8f0afe6218c22,IMAGE_REGISTERED_OCR_DEFERRED,0
assets/brand/logos/willow__mark.svg,d91a22c35c91b213204411421de88815f27d8e16,1247,cd23b0a5e1afcf60bcf8d1a7c1d544ddbc9371a91198e11cc591500ee6cbca3e,TEXT_SCANNED,1
assets/brand/logos/willow__one-color-horizontal.png,d91a22c35c91b213204411421de88815f27d8e16,40524,ecf8b0463c1f67a692db8a087cfdaac73dfa0a93432332e1e73d254fcc0805bd,IMAGE_REGISTERED_OCR_DEFERRED,0
assets/brand/logos/willow__one-color-horizontal.svg,d91a22c35c91b213204411421de88815f27d8e16,8508,af3ee88a2636d29b447959e2e3b82036f47572439d1040ea3714b5b1f33e307b,TEXT_SCANNED,1
assets/brand/logos/willow__primary-horizontal.png,d91a22c35c91b213204411421de88815f27d8e16,40638,ad50cc9649dda9944d5e4550cb827e270d240db352eff41b734de806e8236199,IMAGE_REGISTERED_OCR_DEFERRED,0
assets/brand/logos/willow__primary-horizontal.svg,d91a22c35c91b213204411421de88815f27d8e16,8504,20542472cbbcf70cbd5db8c4b45d0272831c0b73160f2afea93ef873240402c1,TEXT_SCANNED,1
assets/brand/logos/willow__reverse-horizontal.png,d91a22c35c91b213204411421de88815f27d8e16,39949,0a99e9dced004db4e47958fd19e40e45fc7d85e94634a45f1583a186503fa4b1,IMAGE_REGISTERED_OCR_DEFERRED,0
assets/brand/logos/willow__reverse-horizontal.svg,d91a22c35c91b213204411421de88815f27d8e16,8564,83f61f2a777337946ebafe494c847dbc4db1cacd4589ccfcec4db01e84635544,TEXT_SCANNED,1
assets/brand/logos/willow__stacked.png,d91a22c35c91b213204411421de88815f27d8e16,45668,a0ce6c355fae9c2674e4010389924e027723f5aa916ea6c4ad26d9c5d88f719b,IMAGE_REGISTERED_OCR_DEFERRED,0
assets/brand/logos/willow__stacked.svg,d91a22c35c91b213204411421de88815f27d8e16,8468,64f1e8b23ea8a22e8c65298cd13e74be18246760995f13334a50faa9710f6108,TEXT_SCANNED,1
assets/brand/manifest.json,d91a22c35c91b213204411421de88815f27d8e16,60553,3652523f7aea11aaa76043e96397a9cd4904db5d35033a12bc65e50d8515b5e4,JSON_STRINGS_EXTRACTED,933
assets/brand/maps/red_wash__site_overview.png,d91a22c35c91b213204411421de88815f27d8e16,3230867,8dbb0053c4a563d57d5a24be4f4687dc11e2e00e2b1e62c279d9be945f68d77a,IMAGE_REGISTERED_OCR_DEFERRED,0
assets/brand/maps/red_wash__underground_plan.png,d91a22c35c91b213204411421de88815f27d8e16,2401412,0658de3b7c63ecc9757b545f29895eab51801b2148cb3862935620b6049a7dda,IMAGE_REGISTERED_OCR_DEFERRED,0
assets/brand/packages/manifest.json,d91a22c35c91b213204411421de88815f27d8e16,999,a6f5da50ed04ba49067e5c67a72e0634790c4a172da789a48ffb6ecd04719c7a,JSON_STRINGS_EXTRACTED,12
assets/brand/packages/sable-harbor-logo-system-v0.1.0.zip,d91a22c35c91b213204411421de88815f27d8e16,2635913,8c5d9c6c0de8163896a6ddc9c318f90a4927f5b2e54eba081c829aac20301ecd,ARCHIVE_EXTRACTED:IMAGE_REGISTERED_OCR_DEFERRED;JSON_STRINGS_EXTRACTED;PDF_TEXT_EXTRACTED_VISUAL_REVIEW_SEPARATE;TEXT_SCANNED,1280
assets/brand/quality_forest_communications_visual_manifest.json,d91a22c35c91b213204411421de88815f27d8e16,1553,6993bc463f11faaf853e0907a255f173721bdc076e61c70b8e7be02042204a02,JSON_STRINGS_EXTRACTED,14
assets/brand/red_wash_visual_manifest.json,d91a22c35c91b213204411421de88815f27d8e16,2356,6c14b6aa28e9763046b0819e29cc8e7e850edde8e9e1339179bb2786cfb0d7b1,JSON_STRINGS_EXTRACTED,31
assets/headquarters/CANONICAL_HEADQUARTERS_IMAGE_MANIFEST.md,d91a22c35c91b213204411421de88815f27d8e16,2109,d0d32bf1ed7633b9fd7fd12e0054d7871150c74fccc81a31d3c49132d8ada107,TEXT_SCANNED,37
blackridge/.gitignore,d91a22c35c91b213204411421de88815f27d8e16,394,96e3c9b4121a31479cb23a93d44dd3928f50c7b83ae45bc52ef4c6b93dce6b95,TEXT_SCANNED,14
blackridge/README.md,d91a22c35c91b213204411421de88815f27d8e16,850,1a8ecc4e644303659f5920886ba17a2a6277f51b64c9d5fbaa25f45ac6506f45,TEXT_SCANNED,20
blackridge/alembic.ini,d91a22c35c91b213204411421de88815f27d8e16,598,f115bb2c09d61d6fca770d139512e208a1a6fb1910303ff55007e4b58aac5dcc,TEXT_SCANNED,31
blackridge/config/acceptance/BLACKRIDGE_CLOSEOUT_ACCEPTANCE_REGISTER_v1.0.json,d91a22c35c91b213204411421de88815f27d8e16,17756,bd647170368a774a90017c61a72d00acc5d39f0aef015badab5d1b93508e0e55,JSON_STRINGS_EXTRACTED,341
blackridge/config/acceptance/alexandria_control_repository_record.json,d91a22c35c91b213204411421de88815f27d8e16,315,f4359803d1ff7a1000255e3399df14ef57b7c6a4f97f3cbf397771f21fb613f4,JSON_STRINGS_EXTRACTED,5
blackridge/data/public/databases/blackridge_m00_v0.1.0.sqlite3,d91a22c35c91b213204411421de88815f27d8e16,19836928,2e6622d0e710f784c49cd6b773514820dbe247c4ec50a18f4c9cbbcf784587d5,SQLITE_TEXT_EXTRACTED,516271
blackridge/data/public/manifests/DATA_MANIFEST.json,d91a22c35c91b213204411421de88815f27d8e16,4638,ffeb3317889d4b846974e9ecdee57cbe7eb381ddcf1974ab807e40e366acfe9a,JSON_STRINGS_EXTRACTED,7
blackridge/data/public/workbooks/BLACKRIDGE_MASTER_TRACKER_v0.1.0.xlsx,d91a22c35c91b213204411421de88815f27d8e16,126424,c147be5e859211c58feaa9a1a6d34b0c5eb61042b7877b6d7de739fb7dd20290,OFFICE_XML_EXTRACTED,2194
blackridge/docs/BLACKRIDGE_BUILD_REPORT_v0.1.0.md,d91a22c35c91b213204411421de88815f27d8e16,3489,d6e6c9383b57e30bf59cbf9208c72c73408e2bb350004c3c6a01ad4c50e91c90,TEXT_SCANNED,57
blackridge/docs/BLACKRIDGE_RELEASE_NOTES_v0.1.0.md,d91a22c35c91b213204411421de88815f27d8e16,479,e35b81700aa5f411e05594877108059d2847a598510f14ce0d514f7ecd0e2781,TEXT_SCANNED,9
blackridge/docs/accounting/BLACKRIDGE_ACCOUNTING_POLICIES.md,d91a22c35c91b213204411421de88815f27d8e16,473,67a7e12d35cced5841effaf8e147847a548690a48d8aa03956417feae6560414,TEXT_SCANNED,8
blackridge/docs/accounting/BLACKRIDGE_FINANCIAL_MODEL_GUIDE.md,d91a22c35c91b213204411421de88815f27d8e16,424,306234e29f4e0bde596362cbd5512921e0fe115e8af0137a41895e76745182e8,TEXT_SCANNED,7
blackridge/docs/architecture/BLACKRIDGE_DATA_ARCHITECTURE.md,d91a22c35c91b213204411421de88815f27d8e16,615,285c16e566489260fd04c92836787fc6ab7e32f91f98291170e6ac1b3097755b,TEXT_SCANNED,17
blackridge/docs/architecture/BLACKRIDGE_ENTITY_RELATIONSHIP_MODEL.md,d91a22c35c91b213204411421de88815f27d8e16,443,3300526949c8e12d9c4e0d1ac3c7119cfebd3aa511037f86b395e0a73158409a,TEXT_SCANNED,8
blackridge/docs/canon/BLACKRIDGE_CANON_IMPLEMENTATION_SPEC.md,d91a22c35c91b213204411421de88815f27d8e16,490,b08934c9dd9128da423f5585ee17d734d175d9f88ba3da8f2d8e205c110dd30a,TEXT_SCANNED,8
blackridge/docs/case/BLACKRIDGE_CASE_SNAPSHOT_GUIDE.md,d91a22c35c91b213204411421de88815f27d8e16,332,c38d4c87db3cf609011bf6fc2264432ac5858e7041dddef06d4ccdae85166743,TEXT_SCANNED,6
blackridge/docs/case/BLACKRIDGE_PUBLIC_PRIVATE_DATA_BOUNDARY.md,d91a22c35c91b213204411421de88815f27d8e16,684,b53e4500492536f9e46957978fdbcdf6f4615b178437c2f5695a7ffd4a9b4f1f,TEXT_SCANNED,9
blackridge/docs/data_dictionary/BLACKRIDGE_DATA_DICTIONARY.md,d91a22c35c91b213204411421de88815f27d8e16,81474,7124d90d845adb1077ef5bd0afdfbf0dc2727378bac040f88eab4e473b761b5a,TEXT_SCANNED,1810
blackridge/docs/decisions/BLACKRIDGE_DECISION_REGISTER.md,d91a22c35c91b213204411421de88815f27d8e16,904,0d4c2ac3e002d44030b691f8f80a40d864a265cc35a833085d928ef192ffc727,TEXT_SCANNED,12
blackridge/docs/decisions/BLACKRIDGE_LIMITATIONS_AND_OPEN_DECISIONS.md,d91a22c35c91b213204411421de88815f27d8e16,599,ed0ae811949cd55b5e0d62c72f08bc6fa2650d2a98c2552bda49ba6f186b9723,TEXT_SCANNED,9
blackridge/docs/generation/BLACKRIDGE_GENERATION_GUIDE.md,d91a22c35c91b213204411421de88815f27d8e16,437,06a9e8b92478396e5f991817538fc055269fae1e8801f53481e9ac9f53561071,TEXT_SCANNED,8
blackridge/docs/governance/BLACKRIDGE_ULTIMATE_SANDBOX_CLOSEOUT_MASTER_PLAN_v1.0.md,d91a22c35c91b213204411421de88815f27d8e16,41069,cc2e82ab278abe3381ed92da043b057cf7735b3277ed6f76345b847153197384,TEXT_SCANNED,1689
blackridge/docs/inventory/BLACKRIDGE_INVENTORY_AND_COSTING_GUIDE.md,d91a22c35c91b213204411421de88815f27d8e16,367,e8965f88bf9aa7c6acfb53b956e0c5826330f975aa1a36ee8cfe8eb5138c752c,TEXT_SCANNED,7
blackridge/docs/maintenance/BLACKRIDGE_MAINTENANCE_MODEL.md,d91a22c35c91b213204411421de88815f27d8e16,414,540a4ea002b4ce5c492dbbd9854ad2f4e1384826f717b6e491365dd29ce7cc4a,TEXT_SCANNED,7
blackridge/docs/operations/BLACKRIDGE_MINE_AND_PROCESS_MODEL.md,d91a22c35c91b213204411421de88815f27d8e16,410,11bd728e04b95414558dd95f10b70d052efebe7c3e222bf0c28e6286c47eb700,TEXT_SCANNED,7
blackridge/docs/repository/BLACKRIDGE_REPOSITORY_RECOVERY_AUDIT.md,d91a22c35c91b213204411421de88815f27d8e16,2169,1d7de071f483c71ee59501103f5178e1d07c780d7aa4cd0b5fc6016005c67c2d,TEXT_SCANNED,46
blackridge/docs/repository/base_branch_record.json,d91a22c35c91b213204411421de88815f27d8e16,263,d50b43f54f387a70c83e668c1793bb53213186a7850f7db08af224fcd1279cf7,JSON_STRINGS_EXTRACTED,4
blackridge/docs/repository/branch_disposition_register.json,d91a22c35c91b213204411421de88815f27d8e16,901,433d28b651951d6dbbbdbf857b72d6521b19963526cebe5bbe7ee54cafa35b54,JSON_STRINGS_EXTRACTED,15
blackridge/docs/repository/controlling_source_map.md,d91a22c35c91b213204411421de88815f27d8e16,427,f966664eb38508feceb0a2fc78489115fb9422737c38aac1c3bc171cd97fd060,TEXT_SCANNED,11
blackridge/docs/sql/BLACKRIDGE_SQL_QUERY_GUIDE.md,d91a22c35c91b213204411421de88815f27d8e16,364,a30165068dc0b72dd9af0715bc862d4607de8ad19e699a4d8374703d23d0c2d6,TEXT_SCANNED,7
blackridge/docs/systems/BLACKRIDGE_SYSTEMS_AND_SHADOW_IT_MODEL.md,d91a22c35c91b213204411421de88815f27d8e16,390,1e606566749bb5ca0174b08688ccbc1eff1616608c95a45c38fc671373b7e0be,TEXT_SCANNED,7
blackridge/docs/validation/BLACKRIDGE_VALIDATION_AND_RECONCILIATION.md,d91a22c35c91b213204411421de88815f27d8e16,401,d64e4de7f242a5e0edf4b2dc5a20f021aa0225020148f100c5fff89a4b88756e,TEXT_SCANNED,7
blackridge/docs/workbook/BLACKRIDGE_EXCEL_WORKBOOK_GUIDE.md,d91a22c35c91b213204411421de88815f27d8e16,385,bb56480d01bcd0406403888e59b2a04b8b490dc6c63697fab7f93a65ffcc553f,TEXT_SCANNED,7
blackridge/docs/workforce/BLACKRIDGE_WORKFORCE_MODEL.md,d91a22c35c91b213204411421de88815f27d8e16,361,c4712f6e6c591b853a7c85c5b1b7fcdd7f0719350bed50284508e8d011602305,TEXT_SCANNED,7
blackridge/migrations/env.py,d91a22c35c91b213204411421de88815f27d8e16,594,0453a9e458a5c8ad81e2972f62bb881630c5e85256eca638cf19233adc785496,TEXT_SCANNED,17
blackridge/migrations/script.py.mako,d91a22c35c91b213204411421de88815f27d8e16,279,16700a1bb02b8d9481617010f3fcbd1d7d15f792a2a4b0f15d0c95d5ecb04e8b,TEXT_SCANNED,12
blackridge/migrations/versions/0001_blackridge_baseline.py,d91a22c35c91b213204411421de88815f27d8e16,620,2b41fd8e3c091a54628528e41fa7a8667e60faf0951480a7010de9d37150f9cf,TEXT_SCANNED,25
blackridge/pyproject.toml,d91a22c35c91b213204411421de88815f27d8e16,524,bd6897d316ad5bc23eed84f64f9390b90d4f3aa01756be9f0c6a04e4125740d1,TEXT_SCANNED,25
blackridge/queries/blackridge_query_cookbook_v0.1.0.sql,d91a22c35c91b213204411421de88815f27d8e16,14132,7d9a48eb474607453b058b3d0c937369591802abf30aee17ffbad5d2f31811eb,TEXT_SCANNED,227
blackridge/reports/CHECKSUMS.sha256,d91a22c35c91b213204411421de88815f27d8e16,4079,1cb89e4acd75d2b8617b6386b1e7f06f11c479abb8b13f014d2468fe7bf1381c,TEXT_SCANNED,34
blackridge/reports/CORRUPTION_TEST_REPORT.md,d91a22c35c91b213204411421de88815f27d8e16,685,60f967272199d03bcf77e62aa22d484307f442c11270acf48f2230719d1e66e7,TEXT_SCANNED,20
blackridge/reports/DATA_PROFILE.json,d91a22c35c91b213204411421de88815f27d8e16,57567,a12250587629389220e29888c274afe180ba4a8c852dc499ef38d2048cf6df5f,JSON_STRINGS_EXTRACTED,2
blackridge/reports/DATA_PROFILE.md,d91a22c35c91b213204411421de88815f27d8e16,4106,7fbd71c4957bbffedbfc55abb4b82195049fd646bdfaa15e11ffdb910706b177,TEXT_SCANNED,165
blackridge/reports/FINANCIAL_RECONCILIATION_REPORT.md,d91a22c35c91b213204411421de88815f27d8e16,696,83d1284488caadaef5f70d235b94a6f40696c223998b6073996964fa5e9a668a,TEXT_SCANNED,11
blackridge/reports/FINANCIAL_STATEMENTS.json,d91a22c35c91b213204411421de88815f27d8e16,9838,e289320bc0b69e2b3fa3db6d36d158f969be8aeef650ad7985e4422145e0e96b,JSON_STRINGS_EXTRACTED,192
blackridge/reports/PHYSICAL_CONSERVATION_REPORT.md,d91a22c35c91b213204411421de88815f27d8e16,441,145304469c8ffb2538bd65088cb5929aeda91946ce3b9bc65527b97e7525b471,TEXT_SCANNED,9
blackridge/reports/POSTGRESQL_COMPATIBILITY_REPORT.md,d91a22c35c91b213204411421de88815f27d8e16,502,60f252f13383cd94d713c19d249a412e32fe03203523720a33dcc4b8007028e9,TEXT_SCANNED,7
blackridge/reports/RECONCILIATION_REPORT.json,d91a22c35c91b213204411421de88815f27d8e16,90,7b028954a9e0fa4c84e0c85e541c9cd8c576f8598e1fd3b0cfed12d7daa2b515,JSON_STRINGS_EXTRACTED,1
blackridge/reports/VALIDATION_REPORT.json,d91a22c35c91b213204411421de88815f27d8e16,4900,46419a5c0bf9a80afb2d2b26d25f87fbecc36bd5cf1b4eceee8175176269b850,JSON_STRINGS_EXTRACTED,3
blackridge/reports/WORKBOOK_QA_REPORT.json,d91a22c35c91b213204411421de88815f27d8e16,523,6ce70700bd84b7ea6fb0c209781730d58551ff00fcfe2b86d6c8171c5596408c,JSON_STRINGS_EXTRACTED,3
blackridge/reports/WORKBOOK_QA_REPORT.md,d91a22c35c91b213204411421de88815f27d8e16,873,ac30cc90f09256a03fe9c9b1f8d627dad7bf0a9ecd1f49cb3416b6ee96ad2688,TEXT_SCANNED,21
blackridge/reports/alexandria_control_boundary_scan.json,d91a22c35c91b213204411421de88815f27d8e16,272,27f411be0f0a75c358e7a87e2aedb5ec74a91e59c75e6528329eb09ee40498ef,JSON_STRINGS_EXTRACTED,6
blackridge/reports/final_validation_stdout.json,d91a22c35c91b213204411421de88815f27d8e16,4192,81ec8ab0db7bac0a4e00de31b497601d37b02e7cff3bc4e24e0cac9181c47c53,JSON_STRINGS_EXTRACTED,2
blackridge/reports/row_count_manifest.json,d91a22c35c91b213204411421de88815f27d8e16,4359,f392293ce81de641e3e343c80e5ebd0c4c89be00542b93bead22d12de9c04950,JSON_STRINGS_EXTRACTED,1
blackridge/reports/workbook_previews/ASSET_HIERARCHY.png,d91a22c35c91b213204411421de88815f27d8e16,30665,03eca8e71dac7b4960bc461b7abdbebcc57074ea9490088c2d91da455efbc26e,IMAGE_REGISTERED_OCR_DEFERRED,0
blackridge/reports/workbook_previews/BALANCE_SHEET.png,d91a22c35c91b213204411421de88815f27d8e16,119469,df94305e8762e17f46f15a6091401946860dd7acb3a3c98a8fb5193440b5b934,IMAGE_REGISTERED_OCR_DEFERRED,0
blackridge/reports/workbook_previews/BLACKRIDGE_WORKBOOK_RENDER_PREVIEWS.pdf,d91a22c35c91b213204411421de88815f27d8e16,774651,6e0d074d57dc5c0d355836a1bee02310d12ee660a0b967872b3f054c1daf1553,PDF_TEXT_EXTRACTED_VISUAL_REVIEW_SEPARATE,634
blackridge/reports/workbook_previews/ENTITY_SEARCH.png,d91a22c35c91b213204411421de88815f27d8e16,31229,06abec001632be24625a42875cbe6bf7aaf24c858421ce8944b033d38bf330a3,IMAGE_REGISTERED_OCR_DEFERRED,0
blackridge/reports/workbook_previews/FIN_DASHBOARD.png,d91a22c35c91b213204411421de88815f27d8e16,31399,0b7e249923be25498c6b74db8288c7907673c060cf31f812de763902bbab4a27,IMAGE_REGISTERED_OCR_DEFERRED,0
blackridge/reports/workbook_previews/INCOME_STATEMENT.png,d91a22c35c91b213204411421de88815f27d8e16,136650,d1321f2bf7ff48c31f5746f04049f04b68204483716914b56e1e8475cbff7fea,IMAGE_REGISTERED_OCR_DEFERRED,0
blackridge/reports/workbook_previews/INVENTORY_VALUATION.png,d91a22c35c91b213204411421de88815f27d8e16,31857,b227b61fc4711c507ec4f053c3a98d5f3a72ce562021ffb9d7ac0f7209995272,IMAGE_REGISTERED_OCR_DEFERRED,0
blackridge/reports/workbook_previews/PHASE4_DCF.png,d91a22c35c91b213204411421de88815f27d8e16,25653,3c8bdbcb8ca7ba4dbbbbead4ae28b7fc205d87750cbc22ffe12a17a7aeb413da,IMAGE_REGISTERED_OCR_DEFERRED,0
blackridge/reports/workbook_previews/START_HERE.png,d91a22c35c91b213204411421de88815f27d8e16,30389,6f2b814dc0be233b1798831b7f7368f57b0a4dafd71cd05be3dc6883842e7e1c,IMAGE_REGISTERED_OCR_DEFERRED,0
blackridge/reports/workbook_previews/VALIDATION_STATUS.png,d91a22c35c91b213204411421de88815f27d8e16,31366,5f73daa3d893998800b50825e89c63563f85be95bddeefe3aecaf867977c3f90,IMAGE_REGISTERED_OCR_DEFERRED,0
blackridge/schemas/exports/blackridge_data_dictionary_v0.1.0.csv,d91a22c35c91b213204411421de88815f27d8e16,130443,b5bab6393b1dae6165271d49af50b2655abbf236c0cd914e6e3e121a542d14ca,TEXT_SCANNED,1805
blackridge/schemas/sql/blackridge_postgresql_v0.1.0.sql,d91a22c35c91b213204411421de88815f27d8e16,77307,2f4a61d90e47727ebadcb126b8a5c4852466af2525253cf60b78173297d7d575,TEXT_SCANNED,1201
blackridge/schemas/sql/blackridge_schema_v0.1.0.sql,d91a22c35c91b213204411421de88815f27d8e16,77347,ddc90853020af2592d04e7a0fbf520c01141d9a04534704422fee98ae2173410,TEXT_SCANNED,1201
blackridge/src/blackridge/__init__.py,d91a22c35c91b213204411421de88815f27d8e16,82,e4ffa07245fd4c905f7970a4d7fea876ae6a6e3f50563b51bb67c0c87782213b,TEXT_SCANNED,3
blackridge/src/blackridge/__main__.py,d91a22c35c91b213204411421de88815f27d8e16,48,935a1c1166b0c1ea35a82256345000bf2c73ded718d77773bc27a71ecce28f7d,TEXT_SCANNED,3
blackridge/src/blackridge/cli.py,d91a22c35c91b213204411421de88815f27d8e16,44400,414dcac7ab13771ad345639bbd75c8929476ea8c35232cff37dd8fa4824c34cf,TEXT_SCANNED,1188
blackridge/src/blackridge_data.egg-info/PKG-INFO,d91a22c35c91b213204411421de88815f27d8e16,353,02d70239f1faca8ccca70c7861d54470c4bed932ccef1ec4f899be1f45d8976a,TEXT_SCANNED,12
blackridge/src/blackridge_data.egg-info/SOURCES.txt,d91a22c35c91b213204411421de88815f27d8e16,385,e930fe695b54e8e843174b7d3eb8a095d59999aa59da6aa24ccff45cc0f53ff3,TEXT_SCANNED,12
blackridge/src/blackridge_data.egg-info/dependency_links.txt,d91a22c35c91b213204411421de88815f27d8e16,1,01ba4719c80b6fe911b091a7c05124b64eeece964e09c058ef8f9805daca546b,TEXT_SCANNED,1
blackridge/src/blackridge_data.egg-info/entry_points.txt,d91a22c35c91b213204411421de88815f27d8e16,51,97bec9a33d8dcd3d195b4c00c564d8d8f23b3389ce4466a1b802c067392f7655,TEXT_SCANNED,2
blackridge/src/blackridge_data.egg-info/requires.txt,d91a22c35c91b213204411421de88815f27d8e16,104,ae0461453c6ed58c59d949fd779cc1a31ef89a4d0299c714cdca765faa891a88,TEXT_SCANNED,9
blackridge/src/blackridge_data.egg-info/top_level.txt,d91a22c35c91b213204411421de88815f27d8e16,11,6a045e52fa7d5b337128b0912097e0d306a606f33eac4a4ba174ccf06bb682f1,TEXT_SCANNED,1
blackridge/tests/test_foundation.py,d91a22c35c91b213204411421de88815f27d8e16,7748,457f28be05fdf780a3cf2140a3a1c34803effc60d4b4510128813f2babced855,TEXT_SCANNED,221
config/finance/assumptions/baseline.yml,d91a22c35c91b213204411421de88815f27d8e16,1332,e2fb577a872de0164e2a76337ae0f12685f6ceb94ec25f128a15314233ef104a,TEXT_SCANNED,26
config/finance/assumptions/quantitative.yml,d91a22c35c91b213204411421de88815f27d8e16,4463,4aeb3e9a83f2e56fe6b31ac4d0901aaf3a7b16d7bdad975f96e4149ff020cd60,TEXT_SCANNED,103
config/finance/scenarios/operating.yml,d91a22c35c91b213204411421de88815f27d8e16,4593,be0d71ddc64111bb57f97fd56a91e20663e67fc1d9c0e00f2156e18cc2aa04dd,TEXT_SCANNED,57
config/finance/scenarios/valuation.yml,d91a22c35c91b213204411421de88815f27d8e16,1580,378ef3c0484e95143dc4cd8ad5988100e46ec6fa6df0c2fb5d4c8c4f67ed3385,TEXT_SCANNED,55
config/finance/unit_scopes.json,d91a22c35c91b213204411421de88815f27d8e16,1818,995ea6042cb961c8f4542fbc948e7b95539d5cdcbb0853a4a24963f04934f141,JSON_STRINGS_EXTRACTED,47
config/releases/public-demo-v0.1.json,d91a22c35c91b213204411421de88815f27d8e16,1817,04e18cf10792b13b816717c72952a4e92cdb48a559d335610361fd132affa719,JSON_STRINGS_EXTRACTED,111
db/README.md,d91a22c35c91b213204411421de88815f27d8e16,2718,e02be11d44b551bb749bbcf1695dac9a97b559c950cd126680dd0ce0fe49f8d0,TEXT_SCANNED,49
db/migrations/env.py,d91a22c35c91b213204411421de88815f27d8e16,1756,d8129c02006ef47305c68b6031234b2125f0af9613b0ef9e6ee9e0c7b7e1b018,TEXT_SCANNED,50
db/migrations/script.py.mako,d91a22c35c91b213204411421de88815f27d8e16,593,c20f6ab92d4ed36d77fbccb82bc410cd2ced42f2c162eebb43ddd45ae93dd90e,TEXT_SCANNED,24
db/migrations/versions/0004_frozen_explicit_baseline.py,d91a22c35c91b213204411421de88815f27d8e16,55245,d604c3abcb2e614e66a65fc842b840e20ccfa9f694d504a1906dca1ebe5016cf,TEXT_SCANNED,1361
db/migrations/versions/0005_generation_context.py,d91a22c35c91b213204411421de88815f27d8e16,1635,562caa9f83142eb31349f1771cc9dae239ac7aa6b81057974bfc6067379c830e,TEXT_SCANNED,45
db/migrations/versions/0006_run_scope_and_uniqueness.py,d91a22c35c91b213204411421de88815f27d8e16,2497,f13f33b6dc8a5d159119bd0f418a8d3c55184f4ebd91c0dbe541c88ddef7c045,TEXT_SCANNED,72
db/migrations/versions/0007_generated_fact_ownership.py,d91a22c35c91b213204411421de88815f27d8e16,1855,f70af7548c4e31247e5b0542aee57eff1ae91810be8be2edd7dbc1871cd15b8d,TEXT_SCANNED,74
db/migrations/versions/0008_run_build_identity.py,d91a22c35c91b213204411421de88815f27d8e16,1600,3802977f7cfd510e21d416867baaaa41cf7a06aec2e2978f633152ea035cd785,TEXT_SCANNED,39
db/migrations/versions/0009_generation_input_identity.py,d91a22c35c91b213204411421de88815f27d8e16,3527,be1cf43ac7080bd5e1a3c7f27c89024e895a9879757daf6ad8a269edc2d0f96a,TEXT_SCANNED,89
db/migrations/versions/0010_run_scoped_natural_keys.py,d91a22c35c91b213204411421de88815f27d8e16,3804,59692ad4377ac6418bc286cb458bc28dc3bd3d39a7d3af1ee266e22a5632496d,TEXT_SCANNED,98
db/migrations/versions/0011_generation_integrity_constraints.py,d91a22c35c91b213204411421de88815f27d8e16,10185,2960c12c328216847de22c7e05cb0ca65475b46e4d72737715cb09bd7fd51861,TEXT_SCANNED,205
db/migrations/versions/0012_run_scoped_period_close.py,d91a22c35c91b213204411421de88815f27d8e16,2368,b13c93887f921f076dc8bc5b6331346b608fffc813314ab4a40713285d5f977a,TEXT_SCANNED,71
db/migrations/versions/0013_widen_scenario_period_code.py,d91a22c35c91b213204411421de88815f27d8e16,1219,1c4194dee0590dfe224560ab226087abb26cf4df5599aefb7365c5f5af39999a,TEXT_SCANNED,43
db/migrations/versions/0014_debt_repayment_subledger.py,d91a22c35c91b213204411421de88815f27d8e16,1962,ab34c2c376542c413ad880826b0c9efb27cedb670c98ca792fdce308273fb325,TEXT_SCANNED,56
db/migrations/versions/0015_financial_integrity.py,d91a22c35c91b213204411421de88815f27d8e16,42270,217a5f93d6473b0df0f1a984459b3a991c809f6bd2c0f1e902f1c7508afdba49,TEXT_SCANNED,1022
db/sql/ar_ap_exposure_reconciliation.sql,d91a22c35c91b213204411421de88815f27d8e16,5260,af5b9e1e99c50dfe3dd9110e44198ff80005711b1bf8c40e93ce543cedbbf6f8,TEXT_SCANNED,129
db/sql/assumption_impact.sql,d91a22c35c91b213204411421de88815f27d8e16,248,81f25e0112daa122a242f9bf2061473b9340ea364232581f5d6bc96c52f47912,TEXT_SCANNED,1
db/sql/bst_route_customer_margin.sql,d91a22c35c91b213204411421de88815f27d8e16,347,c33af9090a7f476eb7d5a1e362aff0e51fc07b1bf058f4e7195c970dcd650ccb,TEXT_SCANNED,11
db/sql/consolidated_monthly_pnl.sql,d91a22c35c91b213204411421de88815f27d8e16,492,332d5ea9aab45b891ebd92d18ec1b39edce4e47340a51f8700a6c60097a15001,TEXT_SCANNED,1
db/sql/cradle_project_economics.sql,d91a22c35c91b213204411421de88815f27d8e16,267,43fe1378c68a78126ead808722539cc625aa0b487e7169e05976778a17f2e6d2,TEXT_SCANNED,1
db/sql/customer_arr_bridge.sql,d91a22c35c91b213204411421de88815f27d8e16,289,8d9ea838b62db8db0916103bf55723fc63a9ae10d192d3cdad294dd846fcb065,TEXT_SCANNED,1
db/sql/customer_profitability.sql,d91a22c35c91b213204411421de88815f27d8e16,1164,814d1a71d71ae970ff1f5371c8f248cf0ce386a06c28547234f1a18b60049beb,TEXT_SCANNED,35
db/sql/debt_covenant_calculation.sql,d91a22c35c91b213204411421de88815f27d8e16,3129,ef374914009b572f35c104381b13be989c6bb4fab7e5784407151b46dd8529c7,TEXT_SCANNED,52
db/sql/deferred_revenue_rollforward.sql,d91a22c35c91b213204411421de88815f27d8e16,347,1389d43c8049c7e4ff26ad578c3b2528a1ecde6518d7f7c281c062d9a66372a4,TEXT_SCANNED,1
db/sql/employee_loaded_cost.sql,d91a22c35c91b213204411421de88815f27d8e16,241,2b5508c329efd6ccbe4ce05f59e06b46340f661e71577d82a15860f92678e825,TEXT_SCANNED,1
db/sql/engagement_margin_wip.sql,d91a22c35c91b213204411421de88815f27d8e16,1236,d2681b5f8e43da13310ae5915284b4abd4244066ec8254a10a23a3566019fceb,TEXT_SCANNED,30
db/sql/entity_trial_balance.sql,d91a22c35c91b213204411421de88815f27d8e16,496,2cbef5bfab9c62f174a96145b5cc2b66cb579eae66618585692a0ca9c70b37fb,TEXT_SCANNED,19
db/sql/fixed_asset_rollforward.sql,d91a22c35c91b213204411421de88815f27d8e16,709,88c1ebe07bdd61657f4690f46b669bdae7ac36e3fcd2c192deda0b229f354c1a,TEXT_SCANNED,18
db/sql/intercompany_mismatch_elimination.sql,d91a22c35c91b213204411421de88815f27d8e16,1944,f47dc6ca8f70d8e93bf4e5aa2939f023e1f727c0b5a2db471a7bb433dd2c9357,TEXT_SCANNED,47
db/sql/journal_to_source_trace.sql,d91a22c35c91b213204411421de88815f27d8e16,316,5c13418dec18b7733f3752d8324315e7845a314bef995e6edff2fc7a6c95f451,TEXT_SCANNED,1
db/sql/mine_inventory_shipment_reconciliation.sql,d91a22c35c91b213204411421de88815f27d8e16,546,fe1ddab61c0c8aa5eb5ceed7532ffa8c8c641afdb80e22baa20dacc90dd60031,TEXT_SCANNED,1
db/sql/red_wash_unit_cost_bridge.sql,d91a22c35c91b213204411421de88815f27d8e16,365,608bdeafb05b7586b34ae9cef298de19c34651299a069409881089865143b1d3,TEXT_SCANNED,1
db/sql/release_coverage_lineage.sql,d91a22c35c91b213204411421de88815f27d8e16,216,25fd559987c11111888dcf314e75a2a8d916dc43a77c7dcdaa5a4786d4637126,TEXT_SCANNED,1
db/sql/scenario_variance.sql,d91a22c35c91b213204411421de88815f27d8e16,1542,ea8c904de776da590511eb3c1271dab6da6be44feba1ccbcfe56c58465fde4df,TEXT_SCANNED,33
db/sql/source_to_journal_trace.sql,d91a22c35c91b213204411421de88815f27d8e16,191,73a02fa94b3ddf78df3dc7ca974871a19cbf294e8507797b9fe5d08a3cb1ecbf,TEXT_SCANNED,1
db/sql/vendor_spend_concentration.sql,d91a22c35c91b213204411421de88815f27d8e16,438,7c1a091cdd048fe142765c1fd7ca17f082ad86f713f6ced72e76755a9eb4d3e9,TEXT_SCANNED,14
docker-compose.yml,d91a22c35c91b213204411421de88815f27d8e16,336,f6df3ea874d959c2474c34195908a1b5413fe921e37809f6c8b7832425508175,TEXT_SCANNED,13
docs/CONTROLLED_DOCUMENT_INDEX.md,d91a22c35c91b213204411421de88815f27d8e16,16318,867910dc5255b09cd13f44438d3a7a46f1320f8dcbb768264442d499445a5c76,TEXT_SCANNED,176
docs/audit/BRANCH_AND_PR_REGISTER.md,d91a22c35c91b213204411421de88815f27d8e16,2850,088fb8bd89787b6c89cd8386e5edea8bb195ad7474cb19f5a2f5ea7fd6980050,TEXT_SCANNED,46
docs/audit/HYGIENE_BACKLOG.md,d91a22c35c91b213204411421de88815f27d8e16,1519,fe607de29aa3778caebcfce8f7e0ad2edcb130a3320c7f15c40408b7dd67fd11,TEXT_SCANNED,23
docs/canon/CANON_CHANGELOG_v0.2.md,d91a22c35c91b213204411421de88815f27d8e16,11536,3790eee2f22fa7c180ea89e51e20bb4e89c932e420fea17abf3ae7ac941e78a2,TEXT_SCANNED,255
docs/canon/CANON_CHANGELOG_v0.3.md,d91a22c35c91b213204411421de88815f27d8e16,12797,b12cd87a48ee6a7859a2e05fc79406df2591326ccd104c97b1eaccf46c98d921,TEXT_SCANNED,275
docs/canon/CORPORATE_HEADQUARTERS_CLOSEOUT_2026-09-03.md,d91a22c35c91b213204411421de88815f27d8e16,27771,85173b40c1be06f18076aef47a2c1daa646a243b2a16de584d72b277afbc2930,TEXT_SCANNED,372
docs/canon/CRADLE_CLOSEOUT_2026-09-06.md,d91a22c35c91b213204411421de88815f27d8e16,13471,b49eaf96f1582f11886e9543b1543013f47acc99aa5533082d73717ab523e8aa,TEXT_SCANNED,233
docs/canon/DECISION_REGISTER.md,d91a22c35c91b213204411421de88815f27d8e16,21910,070dc6e6dad18b8e4c18fa530366b9fc8a396986371aee8a0e16ba732e6e1de4,TEXT_SCANNED,259
docs/canon/DECISION_REGISTER_ADDENDUM_2026-09-03.md,d91a22c35c91b213204411421de88815f27d8e16,17195,9fd150d5b6ae1517fe3db17ddcf834d802bdd3908662806c319e18b9b4ce5877,TEXT_SCANNED,118
docs/canon/DECISION_REGISTER_ADDENDUM_2026-09-05_RED_WASH.md,d91a22c35c91b213204411421de88815f27d8e16,5819,79a7fab1fe3cf614d4679a018a5631892689109f1dc95bb67421c868280537d4,TEXT_SCANNED,55
docs/canon/DECISION_REGISTER_ADDENDUM_2026-09-05_RED_WASH_R2.md,d91a22c35c91b213204411421de88815f27d8e16,6161,28987a326b670e618fa484484fc6abba91d132710469d08c51c246d902bc8a87,TEXT_SCANNED,51
docs/canon/DECISION_REGISTER_ADDENDUM_2026-09-06_CLOSEOUT.md,d91a22c35c91b213204411421de88815f27d8e16,9026,7405bf888afc85634f9dfaa062a51c440e06a2588df0f44ac7ef9953b892530e,TEXT_SCANNED,146
docs/canon/DECISION_REGISTER_v0.3.1.md,d91a22c35c91b213204411421de88815f27d8e16,22367,e229636cdeef0d357fb0caa91b269a843f37ecf2cdd2140e67ffeedbe023c380,TEXT_SCANNED,261
docs/canon/DEMOTTE_RECLAMATION_NAME_AND_IDENTITY_2026-09-07.md,d91a22c35c91b213204411421de88815f27d8e16,3849,538f2477e662f56f513861697c53945fe6db4acd6583db559ad5d59a57b475f5,TEXT_SCANNED,30
docs/canon/EMBERLINE_VISUAL_IDENTITY_2026-09-07.md,d91a22c35c91b213204411421de88815f27d8e16,2939,3663bb1227926fd6e50a0577e879b46629c742f3c55ca929390570c70ad3ede5,TEXT_SCANNED,28
docs/canon/INDUSTRIAL_CLOSEOUT_2026-09-05.md,d91a22c35c91b213204411421de88815f27d8e16,13400,0b21f22c2a8ffe55fa4e43898834ddc38389e42efe2e9c11ff48c7418dad8be7,TEXT_SCANNED,66
docs/canon/INDUSTRIAL_PLANNING_SUCCESSOR_2026-09-06.md,d91a22c35c91b213204411421de88815f27d8e16,2818,7426f5b49ee3a41077382e199ea876f152b0baff79ced1d40cd3cf31516213e3,TEXT_SCANNED,21
docs/canon/KELLY_GANG_MINING_VISUAL_IDENTITY_2026-09-07.md,d91a22c35c91b213204411421de88815f27d8e16,2677,52ee9447f0e90b4738f2878f43e02ed794c22a673fd0dc3009ec3292eefbff98,TEXT_SCANNED,26
docs/canon/KLEIN_NAME_AND_IDENTITY_2026-09-07.md,d91a22c35c91b213204411421de88815f27d8e16,4920,8e757baf09b34eebab5c8d675fb995bfbd303aa2dd0d370cdbe4dcb6204780ff,TEXT_SCANNED,49
docs/canon/QUALITY_FOREST_COMMUNICATIONS_VISUAL_IDENTITY_2026-09-07.md,d91a22c35c91b213204411421de88815f27d8e16,3272,c92a701b65be7c728bddac5c55ab10e0a4aef11e64a5026c60b519109323f3b0,TEXT_SCANNED,28
docs/canon/RED_WASH_CLOSEOUT_CHANGELOG_2026-09-05.md,d91a22c35c91b213204411421de88815f27d8e16,3386,7b79c557ece5c3fe8d8bc09fd46b3ea6f44c0c065cc64cdebb517e99c0d1a163,TEXT_SCANNED,53
docs/canon/RED_WASH_TRANSACTION_OPERATING_RECORD_2026-09-05.md,d91a22c35c91b213204411421de88815f27d8e16,11449,6e90bdb9280a562e80e04561af45fabf1856a18b55ea48541f292a42711171d5,TEXT_SCANNED,231
docs/canon/RED_WASH_TRANSACTION_OPERATING_RECORD_2026-09-05_R2.md,d91a22c35c91b213204411421de88815f27d8e16,13506,89eae89e18db1d3cf3ab4f7bf7f54fa57efabb84c57127717b731572048d563b,TEXT_SCANNED,220
docs/canon/SABLE_HARBOR_CANONICAL_ARCHITECTURE_HANDOVER.md,d91a22c35c91b213204411421de88815f27d8e16,36394,ef0fe5602ab41f1de0a0c29146476dbb406cb56e28407652f7d00f357e3fc636,TEXT_SCANNED,1128
docs/canon/SABLE_HARBOR_CONTINUITY_AUDIT_v0.2.md,d91a22c35c91b213204411421de88815f27d8e16,18443,3d3d4596087c9dd56bcf1d01904f70dff3e3a413a33af5a24336492768fec52c,TEXT_SCANNED,497
docs/canon/SABLE_HARBOR_CORPORATE_LORE_CANON_v0.2.md,d91a22c35c91b213204411421de88815f27d8e16,74632,db29a8398a29b53e2d6e803e6e49528bdd2a0d9bc4197e34cc28fa194780c5f6,TEXT_SCANNED,1663
docs/canon/SABLE_HARBOR_CORPORATE_LORE_CANON_v0.3.1.md,d91a22c35c91b213204411421de88815f27d8e16,84296,5bc15670b1d7c3c98d754329a0fad44bd4a82ea7db977bfa064b5db80062b2f7,TEXT_SCANNED,1717
docs/canon/SABLE_HARBOR_CORPORATE_LORE_CANON_v0.3.md,d91a22c35c91b213204411421de88815f27d8e16,83837,e1b0d123eed483f91240362f335d62210ea67da49b27b21bced7264e36c711cc,TEXT_SCANNED,1715
docs/canon/WILLOW_EVALON_CLOSEOUT_2026-09-06.md,d91a22c35c91b213204411421de88815f27d8e16,332,c9e0ef108a412fd21b43c4257a996d73b8c4ee710736dd8927d61129603e8347,TEXT_SCANNED,3
docs/canon/WILLOW_KLEIN_CLOSEOUT_2026-09-06.md,d91a22c35c91b213204411421de88815f27d8e16,12161,3289ad8ce5d20d767b38f1ad3ed804feeb80300c59d7e96653bfe68f1eaa24b6,TEXT_SCANNED,101
docs/commercialization/CUSTOMER_EVALUATION_GUIDE.md,d91a22c35c91b213204411421de88815f27d8e16,716,cad6bb98ec0fdc2ccde2fe7f9381aa4930f608978f09e8afdfd0060bdd45181f,TEXT_SCANNED,11
docs/commercialization/PACKAGING_AND_LICENSING_PROPOSAL.md,d91a22c35c91b213204411421de88815f27d8e16,512,f3102bd711d07017e4b2004ee4f1a496ff151b8fa44c3ee2b420feb830c3aba4,TEXT_SCANNED,5
docs/commercialization/RELEASE_PROCESS.md,d91a22c35c91b213204411421de88815f27d8e16,2587,3d60850446e97e09c18b8c8f258a5dc0475ab9eaa677af737338bb4b6b81c686,TEXT_SCANNED,32
docs/commercialization/SABLE_HARBOR_DATA_PRODUCT.md,d91a22c35c91b213204411421de88815f27d8e16,1088,6edb7b926b2ba70b47c4ef6a8fec02523756a6b44bf77db6db9d662cee776a11,TEXT_SCANNED,10
docs/controls/CCF_BUSINESS_LINE_APPLICABILITY_MATRIX_v0.1.md,d91a22c35c91b213204411421de88815f27d8e16,6535,b73e82331eb25ab24ad70a1576952f9ad6092ff8e46f90cb2c7f6a4b823b745c,TEXT_SCANNED,65
docs/controls/CCF_CONTROL_OBJECTIVES_v0.1.md,d91a22c35c91b213204411421de88815f27d8e16,21029,db7a189139b86fb51d684b6af3e681002b5e0f3f81c38c5bc15a61c20e4a59a3,TEXT_SCANNED,204
docs/controls/CCF_CONTROL_RECORD_SCHEMA_v0.1.md,d91a22c35c91b213204411421de88815f27d8e16,8319,c5827d2c3824b7f9f147a5ca351d56f5af9d77306ce8a563dab4d63c7b6a4151,TEXT_SCANNED,156
docs/controls/CCF_DECISION_MEMO_001.md,d91a22c35c91b213204411421de88815f27d8e16,5443,7a0a899c7f71216119d865e1a9a276eafc2f48c0ddab4914dcef827cbab48624,TEXT_SCANNED,61
docs/controls/CCF_DOMAIN_TAXONOMY_v0.1.md,d91a22c35c91b213204411421de88815f27d8e16,6829,c746e81d8aa7078bb3789c8d82e5826ff7f592c8e0c861b16d0c3a0f922bcb5b,TEXT_SCANNED,69
docs/controls/CCF_EXTERNAL_FRAMEWORK_MAPPING_PLAN_v0.1.md,d91a22c35c91b213204411421de88815f27d8e16,6560,848ff40ff68f0ad1d59c632dbe5d57c37e9d55b2b9e7ea5095413d8c5b9fd224,TEXT_SCANNED,140
docs/controls/CCF_FOUNDATION_BUILD_INDEX_v0.1.md,d91a22c35c91b213204411421de88815f27d8e16,5324,932163661cb4b5389337d046bfc3ee727e11dff44387837c39c513656927408f,TEXT_SCANNED,75
docs/controls/CCF_GOVERNANCE_J2_INTEGRATION_v0.1.md,d91a22c35c91b213204411421de88815f27d8e16,2615,7810bec222f449bb50043c4bbbf566be1561153d2c93985ffe3384d5e61f1f0f,TEXT_SCANNED,22
docs/controls/CCF_HISTORICAL_MATURITY_AND_EXCEPTION_MODEL_v0.1.md,d91a22c35c91b213204411421de88815f27d8e16,9234,9f28a7112a9d9d1bd669ab493ab9128ccd975fb012bedf58cbf1de313a2e3e2a,TEXT_SCANNED,163
docs/controls/CCF_POLICY_AND_ARTIFACT_INVENTORY_v0.1.md,d91a22c35c91b213204411421de88815f27d8e16,9620,740186418c683593cfec1662e129c34cddf097b4428a232fc232f6d623cabf5c,TEXT_SCANNED,223
docs/controls/CCF_RISK_CONTROL_TRACEABILITY_MATRIX_v0.1.md,d91a22c35c91b213204411421de88815f27d8e16,4678,06cb68bdfb88ea68fc26c6fe56a18fca856e3db23c564c89d6289eec97836dd5,TEXT_SCANNED,45
docs/controls/COMMON_CONTROLS_FRAMEWORK_FOUNDATION_v0.1.md,d91a22c35c91b213204411421de88815f27d8e16,12195,f53323e7f61e3c71ef002527ef7b8f5c6bebb1c7f567335f98a5888c77d42d79,TEXT_SCANNED,232
docs/controls/COMMON_CONTROL_CATALOG_v0.1.md,d91a22c35c91b213204411421de88815f27d8e16,37913,6bc27636355eb21204471672bd04377ee12cf5530feadf9ec7049a5983015433,TEXT_SCANNED,258
docs/finance/ACCOUNTING_POLICIES.md,d91a22c35c91b213204411421de88815f27d8e16,1669,aa0d53be7d3efe4843fb8fdc6373c5923362172e6a73d194b2a8f52741d99dc2,TEXT_SCANNED,15
docs/finance/ARCHITECTURE.md,d91a22c35c91b213204411421de88815f27d8e16,1156,288df49a435fd84f43b7a79e2199d9438deb6456bb4570ce391b5ef1a0404650,TEXT_SCANNED,21
docs/finance/ASSUMPTION_REGISTER.md,d91a22c35c91b213204411421de88815f27d8e16,577,8f4e6af244817ad7ecb2503f4f54a56c0f0f955bd98b28a00309010cdf2ac2d6,TEXT_SCANNED,10
docs/finance/BACKLOG.md,d91a22c35c91b213204411421de88815f27d8e16,1485,fd3123e7110edb95cff6f1939985553dfb5beb6e38a5d846d0d43f7760001c6e,TEXT_SCANNED,23
docs/finance/CANON_COLLISION_REGISTER.md,d91a22c35c91b213204411421de88815f27d8e16,7486,0ed4fd715776ece58889ef187c97ae2818cbc14b4c54a45a26e7a988a557de05,TEXT_SCANNED,61
docs/finance/CANON_FINANCE_CROSSWALK.md,d91a22c35c91b213204411421de88815f27d8e16,2443,1be08f26c4e77272e74dd44bdb9fa0b1a36e74bd92761ff0c2ac6163d2b40d34,TEXT_SCANNED,17
docs/finance/CANON_SOURCE_LOCK.json,d91a22c35c91b213204411421de88815f27d8e16,3445,0407e838f2e733bc52d60db8ccd254a1105bc566b4f5a5d5b27f6836709a03ff,JSON_STRINGS_EXTRACTED,43
docs/finance/CANON_SOURCE_LOCK.md,d91a22c35c91b213204411421de88815f27d8e16,5351,56e56a8396cd167de33108b095f3b2234dd51f5d806fc3de3ae679347a300286,TEXT_SCANNED,80
docs/finance/CHART_OF_ACCOUNTS.md,d91a22c35c91b213204411421de88815f27d8e16,1385,b85c4e0c7aac65af0b2b678898a1bfca1b2a9d0db0a73668ae675c2c5e722d68,TEXT_SCANNED,18
docs/finance/DATABASE_AND_ACCOUNTING_ARCHITECTURE.md,d91a22c35c91b213204411421de88815f27d8e16,2928,7cba02d9ba686ea83c41bdb1b51fa8085ccd14eb9e5fa3d8d98e9417882638fb,TEXT_SCANNED,44
docs/finance/DATA_MODEL.md,d91a22c35c91b213204411421de88815f27d8e16,1810,68f0782a3ae01b948ed108fb9ef152ddb15f9fe4bb7bf8ba51b2483e9b1a4817,TEXT_SCANNED,33
docs/finance/EXCEL_MODEL_GUIDE.md,d91a22c35c91b213204411421de88815f27d8e16,2481,b7f343c02a437969bb318da8e228206b61d1a73cbcf86f3614f031071203c074,TEXT_SCANNED,31
docs/finance/EXECUTION_PLAN.md,d91a22c35c91b213204411421de88815f27d8e16,853,ba2d2fccc50d39638cf32ee4b7435868b1201e1af8ce6c2ae23d10b30d352c46,TEXT_SCANNED,14
docs/finance/FINANCIAL_DECISION_QUEUE.md,d91a22c35c91b213204411421de88815f27d8e16,2085,b79e0ad5d6044dae45f52b5c25bc8c2cd3d2ed555bb5465dcccf46df51a1951f,TEXT_SCANNED,15
docs/finance/GENERATION_METHOD.md,d91a22c35c91b213204411421de88815f27d8e16,1493,cf64cb723d7d83c5269b84b3b7d10907fcc17ee4abd4093bc66f0e6bde777119,TEXT_SCANNED,22
docs/finance/GENERATION_RUN_ARCHITECTURE.md,d91a22c35c91b213204411421de88815f27d8e16,11956,478051e7ba56794c236bff196d710787d027c242bf2b1f63034c7187ef3d18d0,TEXT_SCANNED,166
docs/finance/HANDOFF.md,d91a22c35c91b213204411421de88815f27d8e16,834,3f6e7e485abbb5d4d289e70f69368c2924882e24d527f4fede4d0842ca572a1a,TEXT_SCANNED,13
docs/finance/INDUSTRIAL_FINANCE_BRIDGE_v1.0.md,d91a22c35c91b213204411421de88815f27d8e16,2444,67f4a8a3531635b90d96312b04bad7ddaf0915d9526bffabddaf856b5132f12b,TEXT_SCANNED,23
docs/finance/KNOWN_LIMITATIONS.md,d91a22c35c91b213204411421de88815f27d8e16,8864,a79899b96bc43972ad270843e119fa0b0e0d1ae77ce89a8504480098cea9676b,TEXT_SCANNED,100
docs/finance/LEGACY_OPERATING_MODEL_RECONCILIATION.md,d91a22c35c91b213204411421de88815f27d8e16,3336,70b793c28f47e7aad7b2ae57c41208a2c62d5c8078fd94394774a1da78ce78e0,TEXT_SCANNED,32
docs/finance/OVERNIGHT_RUN_STATE.md,d91a22c35c91b213204411421de88815f27d8e16,29026,dc5340d58b1cce4442046eb97a3036da0813e06ba465ef0bc86cc16540744c44,TEXT_SCANNED,331
docs/finance/PLATFORM_ACCEPTANCE_v0.1.md,d91a22c35c91b213204411421de88815f27d8e16,7081,b9099fc3a5e25f1fb798e12c9aa06145d18e9ad43374f1cd8edcccc0c5469222,TEXT_SCANNED,85
docs/finance/POSTING_RULES.md,d91a22c35c91b213204411421de88815f27d8e16,1081,5b826de0d2447c690e42f7d0d09df1a4ffe9242c273ed86e9a2c65c53e67a336,TEXT_SCANNED,23
docs/finance/QUANTITATIVE_BASELINE_PROPOSAL.md,d91a22c35c91b213204411421de88815f27d8e16,588,072f460e6f4e1f24c62eb561649ab832238af02cf3b32b53bbd18b0c1a010ed3,TEXT_SCANNED,9
docs/finance/QUANTITATIVE_BASELINE_RECONCILIATION.md,d91a22c35c91b213204411421de88815f27d8e16,6183,beff82f7e7721261eca766561b44875bee57299466c475ccc441f81b6d46e5d4,TEXT_SCANNED,81
docs/finance/QUERY_COOKBOOK.md,d91a22c35c91b213204411421de88815f27d8e16,1781,932aefdd899a133c9f0c7ee1fd638e28b6e8dd1081c8d449e1731a9cfca82899,TEXT_SCANNED,25
docs/finance/README.md,d91a22c35c91b213204411421de88815f27d8e16,2527,e1c89a467e95351b377946c1e6c60f3a3049aee4582c91f3b8270cf42ecc0332,TEXT_SCANNED,32
docs/finance/RED_WASH_FINANCE_PLATFORM_BRIDGE.md,d91a22c35c91b213204411421de88815f27d8e16,5471,718a7f48c07f3e84d5f8659941e043fc179422886589b4b01a9fb2f71e213143,TEXT_SCANNED,100
docs/finance/REPORTING_METHOD.md,d91a22c35c91b213204411421de88815f27d8e16,1883,d0156e4b362f8cee4bcd358caa1ec1302456b62735aa499f3df1cbd794f60af2,TEXT_SCANNED,26
docs/finance/SABLE_HARBOR_CORPORATE_FUNDAMENTALS_AND_2026_OPERATING_MODEL_v0.1.md,d91a22c35c91b213204411421de88815f27d8e16,14658,e17edf45e95ce6be032708fc04cfe7a45e6490332fd1f55610ab8b4587b4776a,TEXT_SCANNED,185
docs/finance/TRANSACTION_DATA_ROOM_INDEX.md,d91a22c35c91b213204411421de88815f27d8e16,1741,a107e920f200558c59685043415e7d967a32c6708baef7ad927a8e35f1a79d8c,TEXT_SCANNED,14
docs/finance/UNIT_PACKAGE_CONTRACT.md,d91a22c35c91b213204411421de88815f27d8e16,3735,3d31f53238009e8813b34366c2d832ed5e0b68692c0d2e6ad11fa65015a6ce87,TEXT_SCANNED,50
docs/finance/VALIDATION_AND_RECONCILIATION.md,d91a22c35c91b213204411421de88815f27d8e16,2297,e338bf7060e07497a388dc24eb6dc1fdaf4a76a402078092ab449791c5e5bbb8,TEXT_SCANNED,34
docs/finance/WILLOW_EVALON_FINANCE_AND_CORPORATE_MODEL_2026-09-06.md,d91a22c35c91b213204411421de88815f27d8e16,370,718a269d6211b3c90460c3585421859386b8057fb8ebfc48e1f7983661a97932,TEXT_SCANNED,3
docs/finance/WILLOW_KLEIN_FINANCE_AND_CORPORATE_MODEL_2026-09-06.md,d91a22c35c91b213204411421de88815f27d8e16,12931,71b047329712ae501848a57ef3559a80501004cb128c43978c6abbb2b49ae491,TEXT_SCANNED,233
docs/finance/WORKLOG.md,d91a22c35c91b213204411421de88815f27d8e16,4003,3acd6997bb7ed4d20f61a703e5b49f33414342752ba00e6f9f07e02033cb8f38,TEXT_SCANNED,52
docs/finance/canon_collision_register.json,d91a22c35c91b213204411421de88815f27d8e16,7328,be054d6fb6ed7cebf327bcd0352100e6c5530143ac3a1caf83b6f535e238d011,JSON_STRINGS_EXTRACTED,162
docs/governance/2021_2022_FINANCING_AND_INVESTOR_DIRECTOR_PROPOSAL.md,d91a22c35c91b213204411421de88815f27d8e16,8581,b99e6fd903c3a627864aa6435a78bdb564f09574e5a009d2bc2cb55c02e4bf8b,TEXT_SCANNED,151
docs/governance/2026_BOARD_COMPOSITION_AND_FINANCING_MODEL.md,d91a22c35c91b213204411421de88815f27d8e16,7085,aa46f97596f22690d77e6ff1d0ddb7a52d812fab9ac79e35c35062d4fda7ba6a,TEXT_SCANNED,89
docs/governance/2026_CAPITAL_AND_ASSURANCE_MODEL.md,d91a22c35c91b213204411421de88815f27d8e16,4352,ffbd616a040869f3f20834ee7bb3326e5629c76f45c999758847207a24f6477c,TEXT_SCANNED,63
docs/governance/2026_ENTITY_AND_BOARD_GOVERNANCE_DECISIONS.md,d91a22c35c91b213204411421de88815f27d8e16,9634,ae8001b487a7196a697022de965f79e58c447e922e65383ad6446eaf4e763800,TEXT_SCANNED,136
docs/governance/ABSTENTION_AND_INFORMATION_DEFICIENCY.md,d91a22c35c91b213204411421de88815f27d8e16,2060,46a4106d2eff962a5fd11da4f5e23d567a6f6d1df7b3ba83e1d7f27c26868e4b,TEXT_SCANNED,29
docs/governance/ASSUMPTION_OF_RISK_DOCTRINE.md,d91a22c35c91b213204411421de88815f27d8e16,3379,86f7980f5f83fe867cb528c231463f85622bba2372ce89f80f75264f2b1ada68,TEXT_SCANNED,34
docs/governance/ASSUMPTION_OF_RISK_FORM.md,d91a22c35c91b213204411421de88815f27d8e16,1224,7bd0eb2367bf7d961bb33f60cd49ab7197233d027fd85cc59c146a562c3ba9f4,TEXT_SCANNED,25
docs/governance/BOARD_AND_CAPITAL_GOVERNANCE.md,d91a22c35c91b213204411421de88815f27d8e16,7500,20249592680765fcfcfce057e9c62557b9694e6694adc84c63211cad3b76d933,TEXT_SCANNED,88
docs/governance/BOARD_AND_CAPITAL_GOVERNANCE_v1.0.1.md,d91a22c35c91b213204411421de88815f27d8e16,8207,dc1e2e3ea6e7ea8d364eae87bd890a8c79a5a577a7554ed371cda3810ea945a8,TEXT_SCANNED,95
docs/governance/BOARD_EVOLUTION_2016_2026.md,d91a22c35c91b213204411421de88815f27d8e16,4033,7dec94acf9fb62eca3cf7dc4f9ed55a81cd36513cd5a2619cae23b34b8e7edd3,TEXT_SCANNED,44
docs/governance/CCF_ENTERPRISE_OBJECTIVES_AND_RISK_UNIVERSE_v0.1.md,d91a22c35c91b213204411421de88815f27d8e16,9155,07fe483433dcda46b6e037af0194db36e348d83204dc9863df06dd83f3974013,TEXT_SCANNED,87
docs/governance/CONFLICT_INTEGRITY_AND_FOUNDER_AUTHORITY.md,d91a22c35c91b213204411421de88815f27d8e16,2010,2e565f983a38683b0533f5da45a947158cd257039b45abf1df4c6b758dd184bd,TEXT_SCANNED,14
docs/governance/CONTROL_DISSENT_AND_RAPID_ADJUDICATION.md,d91a22c35c91b213204411421de88815f27d8e16,3137,9726c3702beccc3fea34168e7d140a7327d35abd37852c031c229fa4aa3049d4,TEXT_SCANNED,36
docs/governance/CORPORATE_DOCUMENT_STANDARD_v0.1.md,d91a22c35c91b213204411421de88815f27d8e16,6497,0023bb32d4cac8739bc940a54714e46da936cb6ba30ce727556b219537129bbb,TEXT_SCANNED,121
docs/governance/DECISION_QUALITY_AND_AFTER_ACTION_LEARNING.md,d91a22c35c91b213204411421de88815f27d8e16,2669,3b5b5899797000712c4aa951a7cbf6284456f47548aadd76ce75843cecb909fb,TEXT_SCANNED,31
docs/governance/ENTERPRISE_AUTHORITY_CAPITAL_AND_EXECUTIVE_RHYTHM.md,d91a22c35c91b213204411421de88815f27d8e16,7153,0ebc7e3104fe0f87dfa9aa72f0e58170d14326dd6766453819bf38ca3c719d4e,TEXT_SCANNED,108
docs/governance/ENTERPRISE_SUPPORT_SERVICES_AND_INDEPENDENCE.md,d91a22c35c91b213204411421de88815f27d8e16,5946,40b45496c66d6e7e5eb5dcd118c3ba37feb710744760c3617acbddcd899e466f,TEXT_SCANNED,76
docs/governance/ENTERPRISE_TECHNOLOGY_SERVICES_DOCTRINE.md,d91a22c35c91b213204411421de88815f27d8e16,4723,8dbfbd6a7b9414df28088d6e37ec7ba9e086616b5d4a2deb5cd33da845fa64fd,TEXT_SCANNED,72
docs/governance/GOVERNANCE_CONSTITUTION.md,d91a22c35c91b213204411421de88815f27d8e16,6128,efa3e78c9d86786f66159c6470a163dffc77f811679d16b876f049bc23498cef,TEXT_SCANNED,54
docs/governance/PEOPLE_AND_CULTURE_DOCTRINE.md,d91a22c35c91b213204411421de88815f27d8e16,8316,9e8c8b6b3b3ce8500553adfc0e35e94956a8251d395fd8d39355f3d84c1dc5ee,TEXT_SCANNED,98
docs/governance/PUBLIC_REPOSITORY_AND_WIKI_POLICY.md,d91a22c35c91b213204411421de88815f27d8e16,4244,b13c3577a8db3d1f2eee82b8f60f686e83000d7e694d62b164b62f2f28113db0,TEXT_SCANNED,101
docs/governance/README.md,d91a22c35c91b213204411421de88815f27d8e16,2199,4cfe7fe9bddec1a9faf39ee425776a4d4215440e43e7a85abaeae769b799b2be,TEXT_SCANNED,23
docs/governance/REPOSITORY_DELIVERY_AND_PACKAGING_POLICY.md,d91a22c35c91b213204411421de88815f27d8e16,11717,925c058e6826264ec612c841835e07ac8b77fe4440c429f183ccd7f89e5f85d2,TEXT_SCANNED,165
docs/governance/RESERVED_MATTERS_AND_SUBSIDIARY_AUTONOMY.md,d91a22c35c91b213204411421de88815f27d8e16,3929,323a9611891d41dafa6eb00ed891ba4b0917a4b2329fd29e52bd730cc92d3313,TEXT_SCANNED,40
docs/governance/SABLE_HARBOR_MANAGEMENT_SYSTEM.md,d91a22c35c91b213204411421de88815f27d8e16,1940,783c319545189c19f40961db6f2b7f7c36a06d3d9984c6e78b659d9dba8fbd9b,TEXT_SCANNED,37
docs/governance/SABLE_HARBOR_MANAGEMENT_SYSTEM_FRAMEWORK.md,d91a22c35c91b213204411421de88815f27d8e16,1908,c86c83e66b07b163519ba600b317c59dc18960ba320733ff638ab740ef626276,TEXT_SCANNED,33
docs/governance/board-records/2021-06-18_harrison-vale-growth-financing-minutes.md,d91a22c35c91b213204411421de88815f27d8e16,3498,b994512c64f86abe0d649f95d4ea3d3e00fd0c2c22af0ed56b62bd7ed41fae97,TEXT_SCANNED,45
docs/governance/board-records/2022-10-28_wolf-ridge-industrial-financing-minutes.md,d91a22c35c91b213204411421de88815f27d8e16,3601,ec3625726d23588816c073afb4bd76cce51085a195833c6089faea3c3efed1a4,TEXT_SCANNED,47
docs/governance/board-records/2024-02-15_independent-chair-and-committee-architecture-minutes.md,d91a22c35c91b213204411421de88815f27d8e16,3242,ff5ad2d4299617a7b931924b757e6ca2316795d2133a656c219094528ce0c9a4,TEXT_SCANNED,45
docs/governance/board-records/2026-09-02_governance-j2-alexandria-ratification-written-consent.md,d91a22c35c91b213204411421de88815f27d8e16,6223,2a0afb5615327345daf491c308e2b89e7e6236e44be1b3b09b3663389b344400,TEXT_SCANNED,61
docs/governance/board-records/README.md,d91a22c35c91b213204411421de88815f27d8e16,2666,c7ff992746c3562dd4a9d4c765f28b2aec506b86afb1dd88d75d1aedf8129e0d,TEXT_SCANNED,32
docs/governance/board-records/exhibits/2026-09-02_exhibit-a-governance-package.md,d91a22c35c91b213204411421de88815f27d8e16,1336,a9fc111374c2eef37e889ce3adc39af9bca3c7c6a0bf318de51dbdd551164536,TEXT_SCANNED,14
docs/governance/board-records/exhibits/2026-09-02_exhibit-b-j2-package.md,d91a22c35c91b213204411421de88815f27d8e16,1905,485477fcca0441c022bcf60174f5e74fc7eb951be8a9a3fdc2ba73e5559e1086,TEXT_SCANNED,21
docs/governance/board-records/exhibits/2026-09-02_exhibit-c-alexandria-package.md,d91a22c35c91b213204411421de88815f27d8e16,1532,4cfd047e688015bb8d59d1306b4a2d0790f34445bfc2fa14ecbdf3d1c317f647,TEXT_SCANNED,14
docs/governance/board-records/exhibits/2026-09-02_exhibit-d-controlled-publication-and-catalog-package.md,d91a22c35c91b213204411421de88815f27d8e16,1075,df7ea4fe111168a37d50848135443748ebcce970c259e05d728941d569f41bb5,TEXT_SCANNED,14
docs/governance/committees/AUDIT_AND_COMPLIANCE_COMMITTEE_CHARTER.md,d91a22c35c91b213204411421de88815f27d8e16,1026,d59a708310e56dbe67fc28629efbedd4f790a4ef9765d841b651f3335ab8e993,TEXT_SCANNED,9
docs/governance/committees/COMPENSATION_AND_HUMAN_CAPITAL_COMMITTEE_CHARTER.md,d91a22c35c91b213204411421de88815f27d8e16,856,e7fe92afc99946ca4c61ed32980c67556aa3b9227abef852b1931182bd7ea295,TEXT_SCANNED,9
docs/governance/committees/FINANCE_AND_INVESTMENT_COMMITTEE_CHARTER.md,d91a22c35c91b213204411421de88815f27d8e16,992,7c3990aa3537281c2a53e42de941334b98a3859e55e9e9cbfa66c5c233db1361,TEXT_SCANNED,9
docs/governance/committees/GOVERNANCE_AND_NOMINATING_COMMITTEE_CHARTER.md,d91a22c35c91b213204411421de88815f27d8e16,887,d3afcfbaad2af59209b50994b15ae0846c329ebfb807e6ab14876bd2d9eb544e,TEXT_SCANNED,9
docs/governance/committees/README.md,d91a22c35c91b213204411421de88815f27d8e16,717,1a1daf0e83fec99ba407a506bc0de1eb1102cb438ef8e4b339b8b452ed38d331,TEXT_SCANNED,11
docs/governance/committees/TECHNOLOGY_AND_OPERATIONS_COMMITTEE_CHARTER.md,d91a22c35c91b213204411421de88815f27d8e16,939,953b7eaa91e5439df5d0ca86d398c01874ffe35f68f56d6c6e05e2c9c545a860,TEXT_SCANNED,9
docs/governance/history/industrial_predecessor_publications.json,d91a22c35c91b213204411421de88815f27d8e16,893,acd9cfde9245efc1841ab0710efcfd9b665eb6f49d718771724837ca11537faa,JSON_STRINGS_EXTRACTED,12
docs/governance/publication_manifest.json,d91a22c35c91b213204411421de88815f27d8e16,31575,33937820c7a8d3ec74b420e356cf1dc8c81eb4f9e32ceb8d9d01d2cd4eedb180,JSON_STRINGS_EXTRACTED,471
docs/governance/publications/README.md,d91a22c35c91b213204411421de88815f27d8e16,1607,748c14d2bc1a8fef4ba48291e6cb0c76b15ebb51e2b773a7b43c2865a360b153,TEXT_SCANNED,14
docs/governance/publications/SH-CANON-CLOSEOUT-20260906-001_v1.0.0.pdf,d91a22c35c91b213204411421de88815f27d8e16,73605,71410682527d972ad07b343886b157e1a03323e2447662deb5a865a586ddbdbb,PDF_TEXT_EXTRACTED_VISUAL_REVIEW_SEPARATE,109
docs/governance/publications/SH-GOV-ABSTAIN-001_v1.0.0.pdf,d91a22c35c91b213204411421de88815f27d8e16,51432,e4cb731bd5ed5457ad2d5ea52d4ef0746088d214e7735153ff18ef2406d2857f,PDF_TEXT_EXTRACTED_VISUAL_REVIEW_SEPARATE,30
docs/governance/publications/SH-GOV-AUTH-001_v1.0.0.pdf,d91a22c35c91b213204411421de88815f27d8e16,57846,e07c3882d2439a1e83c431b986468b68c7190c1b089408619cfa922f3f8a752b,PDF_TEXT_EXTRACTED_VISUAL_REVIEW_SEPARATE,51
docs/governance/publications/SH-GOV-BOARD-001_v1.0.0.pdf,d91a22c35c91b213204411421de88815f27d8e16,78970,9b7d5637e486377dd7002e66be21c97f2d469a8916da1acc5576bca1705cc3a5,PDF_TEXT_EXTRACTED_VISUAL_REVIEW_SEPARATE,116
docs/governance/publications/SH-GOV-BOARD-001_v1.0.1.pdf,d91a22c35c91b213204411421de88815f27d8e16,82232,88d43aa1faeab2317ca8c1ad05992045d69b1896ccadb371773bba4215f989ab,PDF_TEXT_EXTRACTED_VISUAL_REVIEW_SEPARATE,115
docs/governance/publications/SH-GOV-BOARD-HIST-001_v1.0.0.pdf,d91a22c35c91b213204411421de88815f27d8e16,59808,eda0033c02f9fb8fd972810d7db9f5780fe01261e0b758ab573708cc294351ba,PDF_TEXT_EXTRACTED_VISUAL_REVIEW_SEPARATE,51
docs/governance/publications/SH-GOV-COM-AUDIT-001_v1.0.0.pdf,d91a22c35c91b213204411421de88815f27d8e16,37814,3136c61cecc6d3429839d05e0f287d9e20fd3f8de4654299188a81be7b7a06dc,PDF_TEXT_EXTRACTED_VISUAL_REVIEW_SEPARATE,15
docs/governance/publications/SH-GOV-COM-COMP-001_v1.0.0.pdf,d91a22c35c91b213204411421de88815f27d8e16,38280,0f2a0a95aa803f09b4cf403098202d82f9117d85c2c45db71a0b6e5bb5b3df3c,PDF_TEXT_EXTRACTED_VISUAL_REVIEW_SEPARATE,14
docs/governance/publications/SH-GOV-COM-FIN-001_v1.0.0.pdf,d91a22c35c91b213204411421de88815f27d8e16,37872,857bbfefe9148a1449c7fdb55454840969549272f97aff14acc3325976c59278,PDF_TEXT_EXTRACTED_VISUAL_REVIEW_SEPARATE,16
docs/governance/publications/SH-GOV-COM-GOVNOM-001_v1.0.0.pdf,d91a22c35c91b213204411421de88815f27d8e16,37260,7973ab19344b9a15acc7f7d29e9ea0ecbf182e8fc8e545aa662df30feaafa506,PDF_TEXT_EXTRACTED_VISUAL_REVIEW_SEPARATE,15
docs/governance/publications/SH-GOV-COM-TECHOPS-001_v1.0.0.pdf,d91a22c35c91b213204411421de88815f27d8e16,38240,44245d41c5d276f3609fdabf5dae49c04e7596ac51b81475cf96beaf6f204864,PDF_TEXT_EXTRACTED_VISUAL_REVIEW_SEPARATE,15
docs/governance/publications/SH-GOV-CONFLICT-001_v1.0.0.pdf,d91a22c35c91b213204411421de88815f27d8e16,40386,9bea921b9b82debcd9a887010b96639a9d43d4589c238add30c062e92e9b9270,PDF_TEXT_EXTRACTED_VISUAL_REVIEW_SEPARATE,24
docs/governance/publications/SH-GOV-CONST-001_v1.0.0.pdf,d91a22c35c91b213204411421de88815f27d8e16,67562,fd7d196b7e0c287d334022afc0fa4a31f02f591184adb1a613c8ebf034a0846d,PDF_TEXT_EXTRACTED_VISUAL_REVIEW_SEPARATE,78
docs/governance/publications/SH-GOV-DELIVERY-001_v1.0.0.pdf,d91a22c35c91b213204411421de88815f27d8e16,94542,aff7a679e15f8daf65126260a4839fe685edfca2d614ef2e364224e87f8f9d05,PDF_TEXT_EXTRACTED_VISUAL_REVIEW_SEPARATE,150
docs/governance/publications/SH-GOV-DISSENT-001_v1.0.0.pdf,d91a22c35c91b213204411421de88815f27d8e16,55142,30349a5b6c868d94479b6b50af0b4f63839991959e81dac52b4005dc107d937f,PDF_TEXT_EXTRACTED_VISUAL_REVIEW_SEPARATE,41
docs/governance/publications/SH-GOV-LEARN-001_v1.0.0.pdf,d91a22c35c91b213204411421de88815f27d8e16,52499,03321e531bde47517d9b778075bddd7b3de7ed885e87db41aede4f34e2740f3d,PDF_TEXT_EXTRACTED_VISUAL_REVIEW_SEPARATE,37
docs/governance/publications/SH-GOV-RISK-001_v1.0.0.pdf,d91a22c35c91b213204411421de88815f27d8e16,39194,c8796616db84961a1c014fd9b10e4d84cba11e53153371314e6413efccc3cf6b,PDF_TEXT_EXTRACTED_VISUAL_REVIEW_SEPARATE,29
docs/governance/publications/SH-GOV-RISK-DOCTRINE-001_v1.0.0.pdf,d91a22c35c91b213204411421de88815f27d8e16,53840,16f5e566a25aada3bb60d32a0ec9533e66fb6b8300e2563cdbf0ee1a220818cd,PDF_TEXT_EXTRACTED_VISUAL_REVIEW_SEPARATE,41
docs/governance/publications/SH-PS-RW-LOG-001_v1.0.0.pdf,d91a22c35c91b213204411421de88815f27d8e16,100039,831be684e5fa5b5a3368a26027d9c310e4b2067f2c83f098cf48e39b6c95ff76,PDF_TEXT_EXTRACTED_VISUAL_REVIEW_SEPARATE,156
docs/governance/publications/SH-PS-RW-LOG-001_v1.1.0.pdf,d91a22c35c91b213204411421de88815f27d8e16,74126,80495603c1c53c6703fb70afda6dc75201405738dca8b5e981d5b90d8020eec6,PDF_TEXT_EXTRACTED_VISUAL_REVIEW_SEPARATE,88
docs/governance/publications/SH-PS-RW-TOR-001_v1.0.0.pdf,d91a22c35c91b213204411421de88815f27d8e16,111068,79b356782c9ba326ffe567717a0c5ddbdae62e5e7c69ab24bd50a2bb35d59abe,PDF_TEXT_EXTRACTED_VISUAL_REVIEW_SEPARATE,190
docs/governance/publications/SH-PS-RW-TOR-001_v1.1.0.pdf,d91a22c35c91b213204411421de88815f27d8e16,97989,07803244a434990acbf8cdda0d81e09610368190aed3631cb59f65f002c6e49e,PDF_TEXT_EXTRACTED_VISUAL_REVIEW_SEPARATE,182
docs/governance/structured/board_and_committees.json,d91a22c35c91b213204411421de88815f27d8e16,2269,87afbe2d1500f25931e530bda95ed9fb7175fa6cb9573b0952072765f2cd2fa2,JSON_STRINGS_EXTRACTED,70
docs/governance/structured/board_approval_records.json,d91a22c35c91b213204411421de88815f27d8e16,3954,989d9e1ff937435bcf236cecfa79f641986af12584efe414f8f2af806379fecd,JSON_STRINGS_EXTRACTED,101
docs/handoffs/BLACKRIDGE_COMPLETE_ONE_FILE_CODEX_EXECUTION_PACKAGE_v1.1.0.md,d91a22c35c91b213204411421de88815f27d8e16,134252,67b7d3e2b643755b738055d652dd68115fb00c7dc5ef8b37a0705a5bf0bab98f,TEXT_SCANNED,5015
docs/handoffs/industrial_r2/ASSET_MANIFEST.json,d91a22c35c91b213204411421de88815f27d8e16,4160,01de1c5db5f1bde9bedd5edddf101eb946ac5cd8a2b7097c0a45f192307e3aa6,JSON_STRINGS_EXTRACTED,38
docs/handoffs/industrial_r2/CHECKSUMS.sha256,d91a22c35c91b213204411421de88815f27d8e16,1434,670da41ea096463bf82f5d937b689801bbd86c5c7700ed9d114039f1f27a32c2,TEXT_SCANNED,13
docs/handoffs/industrial_r2/DECISION_LEDGER_FULL.json,d91a22c35c91b213204411421de88815f27d8e16,9194,e2afef9489f2f9acef4dc3817cecc096ce9719b9902fdbb2d8e5ece9042f7ced,JSON_STRINGS_EXTRACTED,92
docs/handoffs/industrial_r2/EXECUTION_AUTHORITY_CORRECTION_R2.md,d91a22c35c91b213204411421de88815f27d8e16,871,bc707b34463aaac26021c17dc2d6827606812c70d7ac2fdaa548858d8e71b428,TEXT_SCANNED,9
docs/handoffs/industrial_r2/README.md,d91a22c35c91b213204411421de88815f27d8e16,1019,429fd658fefa636b3c2b220ca2c0d178ee35c2148b213b7d1ba18fb6da7ca247,TEXT_SCANNED,9
docs/handoffs/industrial_r2/SABLE_HARBOR_ARU_RED_WASH_PALE_SUN_CODEX_HANDOFF_FULL_STATE.md,d91a22c35c91b213204411421de88815f27d8e16,126540,6cc8b5093b2060f4a3d1cec44f295656681817c05035087b900979fdaf051751,TEXT_SCANNED,2750
docs/handoffs/industrial_r2/repository_ingestion.json,d91a22c35c91b213204411421de88815f27d8e16,5285,f8a63544b99b18df07790407160f962eb1035a8b359ffc156d54530c4df43977,JSON_STRINGS_EXTRACTED,60
docs/handoffs/industrial_r2/source_reconciliation/ARU_BST_RECONCILIATION_REPORT_2026-09-05.md,d91a22c35c91b213204411421de88815f27d8e16,23958,ca4be35149e33ef5b1336ebde2ada7b98fb64ebaa2b434ae5d8a12c6d8d7d677,TEXT_SCANNED,460
docs/handoffs/industrial_r2/source_reconciliation/ARU_BST_RECONCILIATION_REPORT_v1.0.md,d91a22c35c91b213204411421de88815f27d8e16,26283,0cf06a619bbf6c6e7113c05d0472c70dd9026cb59344cb3058cef806ebfad89c,TEXT_SCANNED,525
docs/handoffs/industrial_r2/source_reconciliation/aru_bst_reconciled_decision_ledger_v1.0.json,d91a22c35c91b213204411421de88815f27d8e16,4455,16aa2f3238291b960d7b4245a09b17eef00eabf68456596edd9d6ce298cb7c5c,JSON_STRINGS_EXTRACTED,41
docs/internal/ALEXANDRIA_CONTROL_BOUNDARY.md,d91a22c35c91b213204411421de88815f27d8e16,1561,0c8cb4f93c8968041ca700ca2a6ae27b42ac6ccb4380fa28299c66d918b77784,TEXT_SCANNED,31
docs/internal/ALEXANDRIA_CONTROL_MIGRATION_REVIEW_2026-09-03.md,d91a22c35c91b213204411421de88815f27d8e16,1941,45295e8b7fbfd86179b450874afae31e270a0b8c384e8fb98c12b5fb26057a26,TEXT_SCANNED,37
docs/internal/CANON_AUTHORITY_AND_PUBLICATION_BOUNDARIES.md,d91a22c35c91b213204411421de88815f27d8e16,5632,7711f7f4b7892b75865c9b71b4fd1626e53ac6d51d30443af55f5593438e60e8,TEXT_SCANNED,84
docs/internal/CANON_STATE_BANNER_REVIEW_2026-09-03.md,d91a22c35c91b213204411421de88815f27d8e16,584,a71a71889dd6698ba0455cbb22f677f265abe32ff0d8d803d2835344f64c0f26,TEXT_SCANNED,5
docs/internal/CCF_NATIVE_CANON_SEPARATION_REVIEW_2026-09-03.md,d91a22c35c91b213204411421de88815f27d8e16,619,5ddbd2f63e03fbc569160c0b31e2c9b2eb958fed4558ad285b6540e9ba327dae,TEXT_SCANNED,5
docs/internal/CHAT_CANON_LEDGER_J2_ALEXANDRIA.md,d91a22c35c91b213204411421de88815f27d8e16,15236,4c8e14406fa0c3eac93d69fdab25c33d1baa51b12dacd08dcf674f3bc65db0de,TEXT_SCANNED,215
docs/internal/COVERAGE_AUDIT_PHASE2.md,d91a22c35c91b213204411421de88815f27d8e16,11947,a0e76ab697e6dd3312abcc9b010644de082ec328d57a2f73d26d0cf5010e3a29,TEXT_SCANNED,69
docs/internal/COVERAGE_AUDIT_PHASE2.pdf,d91a22c35c91b213204411421de88815f27d8e16,114706,fd3c160503a5ec38d3addda1b9e72f3627bbde4cec7dc5a76094df58c63ceea7,PDF_TEXT_EXTRACTED_VISUAL_REVIEW_SEPARATE,542
docs/internal/DOCTRINE_REGISTER.json,d91a22c35c91b213204411421de88815f27d8e16,3750,7c6f623946c6294a8ae57f35c2928753929e9324f62481167c0874a845b56e08,JSON_STRINGS_EXTRACTED,108
docs/internal/INSTITUTIONAL_CATALOG_QUERY_GUIDE.md,d91a22c35c91b213204411421de88815f27d8e16,2535,60df1aaa4dc4011f052afda260b71d7106716a87f4784819b404b80f2d0085d3,TEXT_SCANNED,38
docs/internal/INSTITUTIONAL_CATALOG_QUERY_GUIDE.pdf,d91a22c35c91b213204411421de88815f27d8e16,50327,5a0c391489fc4beb23c628e39997e7125a72c25caa3bf21a7e6a8c52878ff181,PDF_TEXT_EXTRACTED_VISUAL_REVIEW_SEPARATE,24
docs/internal/OPEN_CANON_AND_HYGIENE_ISSUE_INDEX.md,d91a22c35c91b213204411421de88815f27d8e16,5308,21f13e55b06e93a6d44d0825be06f4b957d28408ad0354be0d3fe338b59ef5dc,TEXT_SCANNED,85
docs/internal/POST_MERGE_HYGIENE_STATUS_v0.3.1.md,d91a22c35c91b213204411421de88815f27d8e16,3024,cb15fe6a9cb0c8592cb61b96a1a678322d76da275150932a15385a291220b8eb,TEXT_SCANNED,58
docs/internal/PR13_RECONCILIATION_CLOSEOUT_2026-09-05.md,d91a22c35c91b213204411421de88815f27d8e16,3272,fcf50ed4be0db792ba1117f4abedac04fd7dcdd23e0864155a09e916497d1714,TEXT_SCANNED,42
docs/internal/PUBLIC_REPOSITORY_SAFETY_SWEEP_2026-09-03.md,d91a22c35c91b213204411421de88815f27d8e16,800,cd77fe0b1a401ff05fe951df4dcb062c947e7f07028b8edfcad4861cdd5a24bf,TEXT_SCANNED,15
docs/internal/RELEASE_NOTES_canon-v0.3-ccf-j2-alexandria.md,d91a22c35c91b213204411421de88815f27d8e16,3355,49c36c45933c3fcf88c084f3fc16cffef06fb951c42a9af00f73fa9639724903,TEXT_SCANNED,67
docs/internal/REPOSITORY_SIZE_AND_GENERATED_ARTIFACT_AUDIT_2026-09-03.md,d91a22c35c91b213204411421de88815f27d8e16,2099,84460fd3f8aa45e7777b99920ebd1f6b0e5c3f5af463e9538a349fbed6b2296f,TEXT_SCANNED,19
docs/internal/SUPERSEDED_RECORD_ARCHIVAL_REVIEW_2026-09-03.md,d91a22c35c91b213204411421de88815f27d8e16,670,b23eabcff26ec10dd73135f50a16212bf40ab6feb2bfb32814cd386ec6fcd98c,TEXT_SCANNED,5
docs/internal/VALIDATOR_SCOPE_AUDIT_2026-09-03.md,d91a22c35c91b213204411421de88815f27d8e16,772,168b1916a90797401d010a82d60098a885ddf0a59982f449ec8960f84c1461d7,TEXT_SCANNED,5
docs/internal/WIKI_SYNC_BOUNDARY_REVIEW_2026-09-03.md,d91a22c35c91b213204411421de88815f27d8e16,492,7eca8625eff9ff26e81ba6afd5538d80dbba7a1adbca9e2249314b2f59cf3f51,TEXT_SCANNED,5
docs/internal/chat_canon_ledger_j2_alexandria.json,d91a22c35c91b213204411421de88815f27d8e16,8542,e77d98d376810b8498bf363e1c00fd35a91314a0cd57c3e78cc29d7495bcbafe,JSON_STRINGS_EXTRACTED,143
docs/internal/coverage_audit_phase2.json,d91a22c35c91b213204411421de88815f27d8e16,989,9c694693890f31735f4fe5acfa057d0129a18014e13638aeb3248a5e9a92404e,JSON_STRINGS_EXTRACTED,25
docs/internal/institutional_catalog.json,d91a22c35c91b213204411421de88815f27d8e16,522573,11813a0cbf0a69318710e977e36860f97893eab1f178a04469dbb572bf6fc8ce,JSON_STRINGS_EXTRACTED,1191
docs/internal/institutional_catalog.sqlite3,d91a22c35c91b213204411421de88815f27d8e16,1437696,ffa1509f3e73cee0c1f28c9224d3e99ff1b927b131506630aab0cabc84e64d82,SQLITE_TEXT_EXTRACTED,2554
docs/internal/validation/CANON_CLOSEOUT_2026-09-06.md,d91a22c35c91b213204411421de88815f27d8e16,7131,fb8a9bff24d7d20b9cc3e2451b1fe6f0d33e3eafec5c080fcc1ce386baf4b6b1,TEXT_SCANNED,94
docs/internal/validation/CONTROLLED_PUBLICATION_REPRODUCIBILITY_2026-09-03.md,d91a22c35c91b213204411421de88815f27d8e16,1236,f2584301537b8d44145565646ccafdce0c3bc4fd02fedda3b3c0bb4553e379b8,TEXT_SCANNED,18
docs/internal/validation/CRADLE_CLOSEOUT_2026-09-06.md,d91a22c35c91b213204411421de88815f27d8e16,4972,c24337491380334e8e838f8bf4a1bac2bf11b8ae81aa13b88e63cd4a96e5e694,TEXT_SCANNED,78
docs/internal/validation/INDUSTRIAL_CLOSEOUT_2026-09-05.md,d91a22c35c91b213204411421de88815f27d8e16,9454,bd9e75102c8b33c75e9db5e09fac4e390c71d1cc45131d2ee8d4687fea59b4aa,TEXT_SCANNED,75
docs/internal/validation/INDUSTRIAL_PLANNING_2026-09-06.md,d91a22c35c91b213204411421de88815f27d8e16,6676,906520967bd519164af894062549068de57e690e087ddf3fbbd6f338e5e912f3,TEXT_SCANNED,47
docs/internal/validation/KLEIN_RENAME_2026-09-07.md,d91a22c35c91b213204411421de88815f27d8e16,3329,58c521b16e8eac24caff88e4cbc09ca8c736d1358433cd8a515291dae904f18e,TEXT_SCANNED,35
docs/internal/validation/KLEIN_RENAME_PINNED_SOURCES.json,d91a22c35c91b213204411421de88815f27d8e16,2678,64a8969127a1130edd88a2c75cf70ee7308be477047e5eac3755cc502094d357,JSON_STRINGS_EXTRACTED,33
docs/internal/validation/POST_MERGE_MAIN_VALIDATION_2026-09-03.md,d91a22c35c91b213204411421de88815f27d8e16,1308,b5a8581fee2c070ac403f84b9838178c009127d4f0a6136255ec9d93d8cefe2a,TEXT_SCANNED,26
docs/j2/CONTACT.md,d91a22c35c91b213204411421de88815f27d8e16,1644,bf39d89c55fc0a5bf4cd9e8977808ae943b8c1197258ff5cf49aa328f2207901,TEXT_SCANNED,10
docs/j2/CONTACT_COLLECTION_MANAGEMENT.md,d91a22c35c91b213204411421de88815f27d8e16,7201,21ae380f3cdf29ea01c4ec7266a334f114c9e45acf869fedc072fd1f1a66d8fb,TEXT_SCANNED,68
docs/j2/EDUCATION.md,d91a22c35c91b213204411421de88815f27d8e16,7026,a86400a7174c3b9de3834eba66d4ff218a502e646233ddb6bf3736a9bd33cc8e,TEXT_SCANNED,57
docs/j2/EIB_AND_ENTERPRISE_QUESTIONS.md,d91a22c35c91b213204411421de88815f27d8e16,3382,df43320eb65800cf8f0d908fc24d862c6f995cbac5273d7d83356c3eff3841be,TEXT_SCANNED,24
docs/j2/INFORMATION_ACCESS_DOCTRINE.md,d91a22c35c91b213204411421de88815f27d8e16,1012,f6c3b291cb4528147c733e851890e8fbdbcf1bcedc90581da0a52f5003a8b562,TEXT_SCANNED,8
docs/j2/J2_CHARTER.md,d91a22c35c91b213204411421de88815f27d8e16,2026,41ef61948f33dff2ddb3553ff314d27a30155dcf691b01b1b2363a13ee457b7f,TEXT_SCANNED,23
docs/j2/J2_ESTABLISHMENT.md,d91a22c35c91b213204411421de88815f27d8e16,2519,826bbe8b359d73938c69f8bbd984114fd3b73109bbb9e8af7f003f6b39590c82,TEXT_SCANNED,28
docs/j2/J2_HEADQUARTERS.md,d91a22c35c91b213204411421de88815f27d8e16,4146,6858ab880401e8de7af861e4e9a407036a9406401e76d0d04086b152c33414c6,TEXT_SCANNED,54
docs/j2/J2_OPERATING_MODEL.md,d91a22c35c91b213204411421de88815f27d8e16,2084,4a67aa543068983fdbb1b8d8b7e9ce616aca8fc8a09c2e403125106e69b758a7,TEXT_SCANNED,38
docs/j2/JUDGMENT.md,d91a22c35c91b213204411421de88815f27d8e16,2170,3e23cf3bf3cb0c124a911c20463bbe18aeea52afcca151a58065c7b128c9bad5,TEXT_SCANNED,16
docs/j2/JUDGMENT_OFFICER_PROFESSION.md,d91a22c35c91b213204411421de88815f27d8e16,4070,4cda92394c6d536d2ba3acf6b83ba062fe0950029ffb74e458be38ab6831d6a2,TEXT_SCANNED,40
docs/j2/JUNCTION_ADVISORY_GROUP.md,d91a22c35c91b213204411421de88815f27d8e16,4696,c38f697044871d7be274eb2947f89b04f19c2221d045d551b97d06c237107921,TEXT_SCANNED,42
docs/j2/ORIENTATION.md,d91a22c35c91b213204411421de88815f27d8e16,3325,e27d1c93cd7ea13a0fe4f682688ca22c5423f791bf5cd8059a0242df87b3e530,TEXT_SCANNED,24
docs/j2/ORIENTATION_OFFICER_PROFESSION.md,d91a22c35c91b213204411421de88815f27d8e16,9668,5369a4ce36fec0091ddfd734449d6cd3caa8679cbe111863b89bc55134acdaf6,TEXT_SCANNED,70
docs/j2/README.md,d91a22c35c91b213204411421de88815f27d8e16,1359,ba6ee8bd5ba7c27ebd5a55317b7569fc41ddbd782bc5036a34bf496291dd3af4,TEXT_SCANNED,21
docs/j2/alexandria/AI_AUTHORITY_AND_HUMAN_AUTHORSHIP.md,d91a22c35c91b213204411421de88815f27d8e16,2226,b2490e603378757104b7cc783d9fd6f5e651c799b9d974cb2c6549eaeadf6125,TEXT_SCANNED,18
docs/j2/alexandria/ALEXANDRIA_CHARTER.md,d91a22c35c91b213204411421de88815f27d8e16,3328,10ea9d21612ee1fa965d4c1dc3a06121680c68d1422cb30f5c34eb9b3e1734ad,TEXT_SCANNED,28
docs/j2/alexandria/CANON_INSTITUTIONAL_KNOWLEDGE.md,d91a22c35c91b213204411421de88815f27d8e16,3327,9f6da032c4143f482f76530b0381abe16d88399f99a958ef0e19e0ed870c5c38,TEXT_SCANNED,30
docs/j2/alexandria/DAEDALUS_OPERATING_DOCTRINE.md,d91a22c35c91b213204411421de88815f27d8e16,2669,7c3a1e30b3aa0dd0f5993557d16cd6170e6df5fde080f98482f3216e7240dd3e,TEXT_SCANNED,22
docs/j2/alexandria/DAEDALUS_PERSONAL_INSTANCE_AND_WORKSPACE.md,d91a22c35c91b213204411421de88815f27d8e16,3533,d91c6191dd095639e546c1cf623e05adf6d614f46fe5f1c9d4e7e7fa3758fb97,TEXT_SCANNED,27
docs/j2/alexandria/INFORMATION_ACCESS_AND_DISCLOSURE.md,d91a22c35c91b213204411421de88815f27d8e16,2489,d286201998a94058c9c1c16165537a9e612b6bd84cb29442d052f68da869c752,TEXT_SCANNED,16
docs/j2/alexandria/INSTITUTIONAL_MEMORY_AND_CONNECTION.md,d91a22c35c91b213204411421de88815f27d8e16,2605,4e1fe3e2a1f18756da4ed530a9f23cb7fb3149aa35a8dee20699bee792d383e4,TEXT_SCANNED,24
docs/j2/alexandria/PINAKES_PORTAL_AND_UX.md,d91a22c35c91b213204411421de88815f27d8e16,4601,79956ce8754a0076202387ae00ea91b38aeecaddea085e4f6b35d9ece416bf19,TEXT_SCANNED,38
docs/j2/alexandria/PROVENANCE_AND_LINEAGE.md,d91a22c35c91b213204411421de88815f27d8e16,2334,53365ff93b6124ac5a952b1789600f2d02bf5f26914d9b065c02c28479bd7f0d,TEXT_SCANNED,16
docs/j2/alexandria/README.md,d91a22c35c91b213204411421de88815f27d8e16,1691,b6fc91f90e23ddc9dde5b3fbf55ded4c87495ee74d4e07ebf782651edba83b9d,TEXT_SCANNED,21
docs/j2/alexandria/SEARCH_AND_HISTORICAL_RECONSTRUCTION.md,d91a22c35c91b213204411421de88815f27d8e16,2745,98108fac7ab9ed598c80190fef4f8b61459f28c8a22c0bf3469ed0ff1d9b2b59,TEXT_SCANNED,26
docs/j2/alexandria/SEMAPHORE_TRAFFIC_SYSTEM.md,d91a22c35c91b213204411421de88815f27d8e16,6041,f3f475a9a096fa3956b8d573c6f34cea5e4fa3ede17fec04f5233a5279ec8b83,TEXT_SCANNED,53
docs/j2/alexandria/TEMPORAL_INTEGRITY.md,d91a22c35c91b213204411421de88815f27d8e16,2047,e2cdc51b055e07f3161794b9a8fcd904809a610bd1d87d33952cfe5ed5dea0b0,TEXT_SCANNED,17
docs/j2/alexandria/VISUALIZATION_AND_BRANCHING_HISTORY.md,d91a22c35c91b213204411421de88815f27d8e16,3452,0d1565a9a7e487a866ee1c9ac05b63b1e5abe86002253677a37463403232b863,TEXT_SCANNED,24
docs/j2/publications/README.md,d91a22c35c91b213204411421de88815f27d8e16,382,4ad2e5c999281dae0f145681921859a0928b0abcebfbf2839b27973399e3cb7e,TEXT_SCANNED,3
docs/j2/publications/SH-J2-ACCESS-001_v1.0.0.pdf,d91a22c35c91b213204411421de88815f27d8e16,38782,3ec0aed6828d376c92e62720720c89587e7bb4a75d1298128264cba452bbec7f,PDF_TEXT_EXTRACTED_VISUAL_REVIEW_SEPARATE,14
docs/j2/publications/SH-J2-ALX-001_v1.0.0.pdf,d91a22c35c91b213204411421de88815f27d8e16,50415,18643f0f1659a73866185ffeea3a9b0d4ae6dc15b0d76de56df691f3f5bdeb99,PDF_TEXT_EXTRACTED_VISUAL_REVIEW_SEPARATE,27
docs/j2/publications/SH-J2-ALX-001_v1.0.1.pdf,d91a22c35c91b213204411421de88815f27d8e16,60367,40b3a0b43b1a9fe5d77d036d4c6f0343730698e7a31794666a4e8d63355de826,PDF_TEXT_EXTRACTED_VISUAL_REVIEW_SEPARATE,39
docs/j2/publications/SH-J2-ALX-AI-001_v1.0.0.pdf,d91a22c35c91b213204411421de88815f27d8e16,43384,3a1092326d0f6e0a23042b9e0ecfa24eba95fcd4e2d13bc4c4cbe626fb1c825a,PDF_TEXT_EXTRACTED_VISUAL_REVIEW_SEPARATE,28
docs/j2/publications/SH-J2-ALX-DISCLOSE-001_v1.0.0.pdf,d91a22c35c91b213204411421de88815f27d8e16,42205,c21bedfca4cae9af081d45fe43bcc0b0aa927e1f28000d357d7f4a0b8bff93c1,PDF_TEXT_EXTRACTED_VISUAL_REVIEW_SEPARATE,30
docs/j2/publications/SH-J2-ALX-MEMORY-001_v1.0.0.pdf,d91a22c35c91b213204411421de88815f27d8e16,51441,1549ee2c09f64c6324442bbd88c994e28bdd0288ad254475d325f8ce2a349642,PDF_TEXT_EXTRACTED_VISUAL_REVIEW_SEPARATE,35
docs/j2/publications/SH-J2-ALX-PROV-001_v1.0.0.pdf,d91a22c35c91b213204411421de88815f27d8e16,40915,4a798db26140352711cae61b6f91e4cac6a7519c9b59482a303c5a9c842310fb,PDF_TEXT_EXTRACTED_VISUAL_REVIEW_SEPARATE,29
docs/j2/publications/SH-J2-ALX-SEARCH-001_v1.0.0.pdf,d91a22c35c91b213204411421de88815f27d8e16,53001,edf6a5d8d5ab0d568103a73ed598561791ac4a78ea3af643be4a95c9a5c1b48e,PDF_TEXT_EXTRACTED_VISUAL_REVIEW_SEPARATE,36
docs/j2/publications/SH-J2-ALX-TIME-001_v1.0.0.pdf,d91a22c35c91b213204411421de88815f27d8e16,42554,2bf63c05d3c78e2be555cb22b7ea2bdb81b8e5f2d75245569a27fedc261e9cc0,PDF_TEXT_EXTRACTED_VISUAL_REVIEW_SEPARATE,26
docs/j2/publications/SH-J2-ALX-VIS-001_v1.0.0.pdf,d91a22c35c91b213204411421de88815f27d8e16,40924,8d5c8e176c52703055461ecbc6a555e4aaebded2d4a10e770cf1d513eb6ad458,PDF_TEXT_EXTRACTED_VISUAL_REVIEW_SEPARATE,26
docs/j2/publications/SH-J2-ALX-VIS-001_v1.0.1.pdf,d91a22c35c91b213204411421de88815f27d8e16,57311,78a0fe06b594ef2470b20c3d99e949cced39f70a19763b8628feeb7f672866ac,PDF_TEXT_EXTRACTED_VISUAL_REVIEW_SEPARATE,40
docs/j2/publications/SH-J2-CANON-001_v1.0.0.pdf,d91a22c35c91b213204411421de88815f27d8e16,55470,b607b47697bfab2c50f4b06fb3ca2dc90b33a347e16f9ea2595bfb699996e6ce,PDF_TEXT_EXTRACTED_VISUAL_REVIEW_SEPARATE,43
docs/j2/publications/SH-J2-CHARTER-001_v1.0.0.pdf,d91a22c35c91b213204411421de88815f27d8e16,52673,84052f1eeb5cbe3de82b3510fac9a4329e4ab96030ee00f3c5feea694aeb519b,PDF_TEXT_EXTRACTED_VISUAL_REVIEW_SEPARATE,27
docs/j2/publications/SH-J2-COLLECT-001_v1.0.0.pdf,d91a22c35c91b213204411421de88815f27d8e16,67185,9b56f1f5964a8f3af2391b9c121f6283643508baf0b27174cb31177ab22609e3,PDF_TEXT_EXTRACTED_VISUAL_REVIEW_SEPARATE,89
docs/j2/publications/SH-J2-CONTACT-001_v1.0.0.pdf,d91a22c35c91b213204411421de88815f27d8e16,40014,a16bc6c1f9c5e031ef845c946f8fa7d64893c8bedfd8667d894b699d62cdb76a,PDF_TEXT_EXTRACTED_VISUAL_REVIEW_SEPARATE,19
docs/j2/publications/SH-J2-DAEDALUS-001_v1.0.0.pdf,d91a22c35c91b213204411421de88815f27d8e16,52782,3c79e57178dd33db3d74d8848f4600e7a82f8283786093532b06e6fee15ad32d,PDF_TEXT_EXTRACTED_VISUAL_REVIEW_SEPARATE,34
docs/j2/publications/SH-J2-DAEDALUS-PERSONAL-001_v1.0.0.pdf,d91a22c35c91b213204411421de88815f27d8e16,52349,80a90881219c6a13dd8905d801555dde6d14273f57cd2ec13390b067a5544b48,PDF_TEXT_EXTRACTED_VISUAL_REVIEW_SEPARATE,34
docs/j2/publications/SH-J2-DAEDALUS-PERSONAL-001_v1.0.1.pdf,d91a22c35c91b213204411421de88815f27d8e16,58668,30838f2e11915f99e274b1d3ab9016e20130b8d036bfef240f485e9f946eab76,PDF_TEXT_EXTRACTED_VISUAL_REVIEW_SEPARATE,41
docs/j2/publications/SH-J2-EDU-001_v1.0.0.pdf,d91a22c35c91b213204411421de88815f27d8e16,67639,891c7cfe084575dd6d0d19078a3169213003413fc11955190be50778b6ff32c0,PDF_TEXT_EXTRACTED_VISUAL_REVIEW_SEPARATE,83
docs/j2/publications/SH-J2-EIB-001_v1.0.0.pdf,d91a22c35c91b213204411421de88815f27d8e16,56403,374bfe604dd0a8aacaadda604bf336c3b4943ca3c2ce5ec561e99547cb05e99d,PDF_TEXT_EXTRACTED_VISUAL_REVIEW_SEPARATE,38
docs/j2/publications/SH-J2-HQ-001_v1.0.0.pdf,d91a22c35c91b213204411421de88815f27d8e16,57285,d36a69821e522856738b414b4aca47cbbab55a7c383456aa15c7403a0f98ec1f,PDF_TEXT_EXTRACTED_VISUAL_REVIEW_SEPARATE,61
docs/j2/publications/SH-J2-JAG-001_v1.0.0.pdf,d91a22c35c91b213204411421de88815f27d8e16,59806,4c731de0c5793c7443e910b0d4f63c17bc678ebe7f766567e7371350d2997b49,PDF_TEXT_EXTRACTED_VISUAL_REVIEW_SEPARATE,53
docs/j2/publications/SH-J2-JO-001_v1.0.0.pdf,d91a22c35c91b213204411421de88815f27d8e16,58404,573237702e4293b5da7877161b2b67540c00fd2b9ae3dbd90b13fe00a0169b64,PDF_TEXT_EXTRACTED_VISUAL_REVIEW_SEPARATE,51
docs/j2/publications/SH-J2-JUDGMENT-001_v1.0.0.pdf,d91a22c35c91b213204411421de88815f27d8e16,41259,1c0edd7d9ff24f233106bd2637f0c063516e213d7a77cdee47be1c54f5f80d6d,PDF_TEXT_EXTRACTED_VISUAL_REVIEW_SEPARATE,26
docs/j2/publications/SH-J2-OO-001_v1.0.0.pdf,d91a22c35c91b213204411421de88815f27d8e16,71524,a300ddb1ab80c63fd8fe597977100cbaf90c35f648a217080ac5c0d76ba996ad,PDF_TEXT_EXTRACTED_VISUAL_REVIEW_SEPARATE,107
docs/j2/publications/SH-J2-OPS-001_v1.0.0.pdf,d91a22c35c91b213204411421de88815f27d8e16,45606,ca3e0ca747d44ef89819672167008e9e7ef19fae905797c3c352b37ef5290895,PDF_TEXT_EXTRACTED_VISUAL_REVIEW_SEPARATE,17
docs/j2/publications/SH-J2-ORIENT-001_v1.0.0.pdf,d91a22c35c91b213204411421de88815f27d8e16,51986,47302e25b9f9a9e28505339c1aa9204065c66594a9c973d6d4c42141e124ad93,PDF_TEXT_EXTRACTED_VISUAL_REVIEW_SEPARATE,39
docs/j2/publications/SH-J2-PINAKES-001_v1.0.0.pdf,d91a22c35c91b213204411421de88815f27d8e16,63416,1d5727d91e562416fd2b7aae37998f01935628257d1e4ee70faa00f916054466,PDF_TEXT_EXTRACTED_VISUAL_REVIEW_SEPARATE,55
docs/j2/publications/SH-J2-SEMAPHORE-001_v1.0.0.pdf,d91a22c35c91b213204411421de88815f27d8e16,57170,9ad676f9d8b66f04f790668ba9e522b97c28d7a6f94bf82383cb837cf51ccdf8,PDF_TEXT_EXTRACTED_VISUAL_REVIEW_SEPARATE,54
docs/j2/publications/SH-J2-SEMAPHORE-001_v1.0.1.pdf,d91a22c35c91b213204411421de88815f27d8e16,64450,0b683eb79bb32f9e48c7856e2de4aa9d42b6a8c801772ab820f62729b2f92ced,PDF_TEXT_EXTRACTED_VISUAL_REVIEW_SEPARATE,70
docs/j2/structured/daedalus_policy.json,d91a22c35c91b213204411421de88815f27d8e16,2118,1ea539d5bf66ca731181710f98aa96b7d2ba2fa9178978e3fd4af0d02ffd1179,JSON_STRINGS_EXTRACTED,35
docs/j2/structured/pinakes_portals.json,d91a22c35c91b213204411421de88815f27d8e16,5129,bd80ec5b961325ff5835895c467111138d00c183aa6defa7c8f19a0e828fc9ad,JSON_STRINGS_EXTRACTED,115
docs/legal/PRELIMINARY_NAME_AND_MARK_SCREEN.md,d91a22c35c91b213204411421de88815f27d8e16,11048,3c6ead967615a03fadb6f4a288bb0a2b5cf2d49f7266886af5468c6c106ef6cb,TEXT_SCANNED,134
docs/organization/2026_LEADERSHIP_AND_AUTHORITY_MAP.md,d91a22c35c91b213204411421de88815f27d8e16,1555,60ae50fb96d0ed26e60e43944035bf89e0af7cb4fbd343fbe5e5e25e0af14f49,TEXT_SCANNED,30
docs/organization/2026_OPERATING_TOPOLOGY.md,d91a22c35c91b213204411421de88815f27d8e16,1579,07c242461c8fdc18a9d3a5681698af4d5a6b6e2c7301271f23c8d83af5a60a69,TEXT_SCANNED,30
docs/organization/ARU_BST_AND_ADVISORY.md,d91a22c35c91b213204411421de88815f27d8e16,2424,54279f6e83c5989ea96dd2e96a7a42e659b965151f08597dce1073c871f29a59,TEXT_SCANNED,30
docs/organization/ARU_BST_ORGANIZATION.md,d91a22c35c91b213204411421de88815f27d8e16,2194,806e256c1029a2fe295ed1ba13bfc2ef87e7e65713396dbd770c526f0f9825be,TEXT_SCANNED,20
docs/organization/ATLAS_MERIDIAN_BRIDGE_ORGANIZATION.md,d91a22c35c91b213204411421de88815f27d8e16,1539,3e37bb64c65544fe8189fe1fe772deabb6661e34e33aca8fbdf7a09970d54231,TEXT_SCANNED,30
docs/organization/CANON_TRACEABILITY_MATRIX.md,d91a22c35c91b213204411421de88815f27d8e16,10170,4b78309cc4cda7f3fef38f34d9bdc4b840e472a0c84cd5adb55bd70258eab89e,TEXT_SCANNED,71
docs/organization/CHART_GOVERNANCE.md,d91a22c35c91b213204411421de88815f27d8e16,7442,73cafce22c6b200bde3f62bd429f7220b4a6e2c2fa8f272e0ea41851e01c6f37,TEXT_SCANNED,127
docs/organization/DECISION_RIGHTS_AND_OPERATING_GATES.md,d91a22c35c91b213204411421de88815f27d8e16,5625,590b398c3c44b872a52b932a1aec64bf4b7ac372aba5bab556458e4e18296d41,TEXT_SCANNED,118
docs/organization/FOUNDRY_AND_FOUNDRY_FIELD.md,d91a22c35c91b213204411421de88815f27d8e16,3842,6eb9ef7e666b25f89cf5e8bcbd07b6d67bc9a69b4b9e42268abe38bbe5484459,TEXT_SCANNED,71
docs/organization/FOUNDRY_FIELD_ORGANIZATION.md,d91a22c35c91b213204411421de88815f27d8e16,1537,e8fdffa8d350143b21e3dbd0c6cec4e05d0f5842ccf12568b5b34e9cd2fb1ba9,TEXT_SCANNED,30
docs/organization/J2_CHART_REGISTER.json,d91a22c35c91b213204411421de88815f27d8e16,2732,f468844d729743790885b116c6528522375960c5da3b2751ae3e58df40c9857d,JSON_STRINGS_EXTRACTED,43
docs/organization/J2_IDENTITY_AND_STATIONERY.md,d91a22c35c91b213204411421de88815f27d8e16,3226,0ab6bd96ea8711b325204d609a54d1bc0b1d5a4f22b65107e269920f113cacde,TEXT_SCANNED,53
docs/organization/J2_ORGANIZATION.md,d91a22c35c91b213204411421de88815f27d8e16,2161,95cb170126e9f5d7b60bb9304b5162bcb6cbae681970dee91b8681330319e359,TEXT_SCANNED,41
docs/organization/LEGAL_AND_REPORTING_STRUCTURE_STATUS.md,d91a22c35c91b213204411421de88815f27d8e16,6004,282c7f09785ac2466d2ac5158db7635012a028ae8b665cfa284d577857516a99,TEXT_SCANNED,97
docs/organization/LEGAL_AND_REPORTING_STRUCTURE_STATUS_R2.md,d91a22c35c91b213204411421de88815f27d8e16,2896,257eddc6351b11277061a5bba9fc18644512df1c855154a1281f2736f3767a73,TEXT_SCANNED,32
docs/organization/ORGANIZATIONAL_LINEAGE_2015_2026.md,d91a22c35c91b213204411421de88815f27d8e16,5389,386f20b1af36fb97f61a00edf1520704b80afd2e106fd2cde1d63473d541863f,TEXT_SCANNED,92
docs/organization/ORGANIZATIONAL_LINEAGE_2015_2026_v0.3.1.md,d91a22c35c91b213204411421de88815f27d8e16,5846,696f3dba191fb03d957305b54f2ed14ed5d4d5430609ed6e57b390a253d829b1,TEXT_SCANNED,94
docs/organization/ORGANIZATION_MAP_REGISTER.json,d91a22c35c91b213204411421de88815f27d8e16,6560,09e0f2f52658eeca29b6f260ed88cd40b7dd5174c1abaee8d797b3055e6ad796,JSON_STRINGS_EXTRACTED,106
docs/organization/ORIGINAL_EIGHT.md,d91a22c35c91b213204411421de88815f27d8e16,1542,6c247aabf27ee106c01e2f2f3b96b7a523c38d6a448bb6adad2af6d20472ebf5,TEXT_SCANNED,30
docs/organization/PALE_SUN_AND_RED_WASH.md,d91a22c35c91b213204411421de88815f27d8e16,4219,2ba6c0f01f47e116188d5a38a61010859c01e639ae95b824d6a595d334f70d7c,TEXT_SCANNED,33
docs/organization/PALE_SUN_RED_WASH_ORGANIZATION.md,d91a22c35c91b213204411421de88815f27d8e16,1733,7f0fbbb9e672ef98bf422f1bb3eee691c6e5c5ec4f1e846bba68bfbbf787897a,TEXT_SCANNED,20
docs/organization/PROJECT_CRADLE.md,d91a22c35c91b213204411421de88815f27d8e16,5436,f1d37090228a5e1a13f58d4b0c91bdea55deddfb86e6a105929c3a37c6c64007,TEXT_SCANNED,99
docs/organization/PROJECT_CRADLE_ORGANIZATION.md,d91a22c35c91b213204411421de88815f27d8e16,1532,21e928ae7013739ad628d803e6bd3b9884ad6ca1d7d381706366baa9a685298e,TEXT_SCANNED,30
docs/organization/README.md,d91a22c35c91b213204411421de88815f27d8e16,5648,6ef143077210ec89d82f63d0e7742e12e53c4706d519e15c2acd9c9eb9e57e34,TEXT_SCANNED,56
docs/organization/WILLOW_AND_ATLAS_MERIDIAN.md,d91a22c35c91b213204411421de88815f27d8e16,4896,e0cc4ce48e9a64db9f4e719c5bb04e03633ba36d353f6b28b7f9bf371c2bf61a,TEXT_SCANNED,95
docs/organization/WILLOW_EVALON_CORPORATE_RECORD.md,d91a22c35c91b213204411421de88815f27d8e16,326,f7d6dea368a89919133c21c326ae757f088732775be92bb479303f72c1e17d1a,TEXT_SCANNED,3
docs/organization/WILLOW_KLEIN_CORPORATE_RECORD.md,d91a22c35c91b213204411421de88815f27d8e16,3840,9397c6cd7586c9c154d927d61da1f364c3ca5b94fe37e8d75216195c2c32fa9e,TEXT_SCANNED,70
docs/organization/WILLOW_ORGANIZATION.md,d91a22c35c91b213204411421de88815f27d8e16,1517,052b33b41bf563cbe692c2410e321742b2756fe0fb53b0edf21f5c2c951d29ae,TEXT_SCANNED,30
docs/organization/assets/aru-bst-organization-2026.svg,d91a22c35c91b213204411421de88815f27d8e16,8441,e328e083c4c227379c6ab16b6368beff032f7fc09a9a0eeb7ace65b8860b9379,TEXT_SCANNED,23
docs/organization/assets/atlas-meridian-bridge-2026.svg,d91a22c35c91b213204411421de88815f27d8e16,9907,fde4dba91842932b8ce6a0bb3828f374441700a7ea27f78b70e00edb62848824,TEXT_SCANNED,23
docs/organization/assets/enterprise-organization-2026.svg,d91a22c35c91b213204411421de88815f27d8e16,13640,d59bdddad5c78a062a5e34dc2a3d139ee912e80b260c9f06b1e5f7912bb5f0de,TEXT_SCANNED,23
docs/organization/assets/foundry-field-organization-2026.svg,d91a22c35c91b213204411421de88815f27d8e16,10398,f7a14d4ce9d9db367c21136596b3c1f472fc095089fca81c4a78d359d30677d7,TEXT_SCANNED,23
docs/organization/assets/j2/contact-judgment-interface.png,d91a22c35c91b213204411421de88815f27d8e16,60649,e9a8ad8a73500b92a54c58821582f6aedf90fac3c45058edaac17c6fd27280bd,IMAGE_REGISTERED_OCR_DEFERRED,0
docs/organization/assets/j2/contact-judgment-interface.svg,d91a22c35c91b213204411421de88815f27d8e16,3951,cf37b63534e876441f029a9de9676a5ff53d689db72aa24ffaa69109fe47e886,TEXT_SCANNED,1
docs/organization/assets/j2/j2-high-level.png,d91a22c35c91b213204411421de88815f27d8e16,39731,2e3dc8a20b0451c34d34f5cb984b416276f3f47a8bfe1c7524d1c83f8ee21dff,IMAGE_REGISTERED_OCR_DEFERRED,0
docs/organization/assets/j2/j2-high-level.svg,d91a22c35c91b213204411421de88815f27d8e16,3334,25adb8b494718341667c12efc1a194c6db82fc60d49291aef7efcda7034c567b,TEXT_SCANNED,1
docs/organization/assets/j2/j2-loop.png,d91a22c35c91b213204411421de88815f27d8e16,33322,6efd8c569d71a9c84d90d6aabf3cb79f47c3a69012058f8db6531a6f96b63567,IMAGE_REGISTERED_OCR_DEFERRED,0
docs/organization/assets/j2/j2-loop.svg,d91a22c35c91b213204411421de88815f27d8e16,2529,d73483afa9c6e9cc40602c4386646d75ea4a960b5e299a0c9f110377d110418f,TEXT_SCANNED,1
docs/organization/assets/j2/jag-team.png,d91a22c35c91b213204411421de88815f27d8e16,42311,7f32db69195c6908b0dad884e97148961a2930acdad9300ca9aeb6e1cf53b147,IMAGE_REGISTERED_OCR_DEFERRED,0
docs/organization/assets/j2/jag-team.svg,d91a22c35c91b213204411421de88815f27d8e16,3256,f918da52ce0a809777ff5f1b989e2abeed6b869a8ceb381f730f22dfd9fbe4b2,TEXT_SCANNED,1
docs/organization/assets/j2/orientation-decision-interface.png,d91a22c35c91b213204411421de88815f27d8e16,66904,148826ed20671cae6fefb8b1f20f81beca39b16da308b66e88f870653fc8c408,IMAGE_REGISTERED_OCR_DEFERRED,0
docs/organization/assets/j2/orientation-decision-interface.svg,d91a22c35c91b213204411421de88815f27d8e16,3661,f2c728476288276beb23ee82e388840ad300a7eb0f555d8b1f24d0809401b62d,TEXT_SCANNED,1
docs/organization/assets/leadership-authority-2026.svg,d91a22c35c91b213204411421de88815f27d8e16,12810,5e8a589a2744a26ff66d09961c45ed3ced6f4c47a4b55c1a20d900bd4fa3b0f8,TEXT_SCANNED,23
docs/organization/assets/original-eight-formation-and-status.svg,d91a22c35c91b213204411421de88815f27d8e16,11212,9ff531c83ae79008438fcd656ab2ccaa49952d0449135003112ebcf5dfc80cbb,TEXT_SCANNED,23
docs/organization/assets/pale-sun-red-wash-organization-2026.svg,d91a22c35c91b213204411421de88815f27d8e16,10747,846ad40000336222217361825819d584ef405c48f8deb127f25bde7c80a48047,TEXT_SCANNED,23
docs/organization/assets/project-cradle-organization-2026.svg,d91a22c35c91b213204411421de88815f27d8e16,8607,d739bad9d34c83003cc377ae16498660f9385daef953674ca6af114b6ecc045e,TEXT_SCANNED,23
docs/organization/assets/willow-organization-2026.svg,d91a22c35c91b213204411421de88815f27d8e16,10284,7988ebc9b6560be5d32e271281fbd268d600a345cef4a9db20afee9525a475cc,TEXT_SCANNED,23
docs/organization/briefing/README.md,d91a22c35c91b213204411421de88815f27d8e16,2046,98b8a86ae7fc80d3552ba5bb2092b8424237b392e36d37a285db57168acd9104,TEXT_SCANNED,46
docs/organization/briefing/SABLE_HARBOR_Organization_Briefing_v1.0.pdf,d91a22c35c91b213204411421de88815f27d8e16,399948,3ad0e6d798cb575641b993bf02e850eb505f06a88ffc01c810be85977e826549,PDF_TEXT_EXTRACTED_VISUAL_REVIEW_SEPARATE,295
docs/organization/briefing/SABLE_HARBOR_Organization_Briefing_v1.0.pptx,d91a22c35c91b213204411421de88815f27d8e16,660860,013b7008c57bd95073affe7772bc5028e26fa7b8b75740417acba79ef7774401,OFFICE_XML_EXTRACTED,316
docs/organization/briefing/SABLE_HARBOR_Organization_Briefing_v1.0.zip,d91a22c35c91b213204411421de88815f27d8e16,1437035,6a058ac51d686ef24987fa4a46e3299f79a2e22891569aa676621b6d88a84b6e,ARCHIVE_EXTRACTED:IMAGE_REGISTERED_OCR_DEFERRED;JSON_STRINGS_EXTRACTED;OFFICE_XML_EXTRACTED;PDF_TEXT_EXTRACTED_VISUAL_REVIEW_SEPARATE;TEXT_SCANNED,683
docs/organization/briefing/images/01_sable_harbor_enterprise_organization.png,d91a22c35c91b213204411421de88815f27d8e16,236271,7925501e0dac16efcb2d79fed62eefd0d4d0560005509ec08ac39eac4a9a6699,IMAGE_REGISTERED_OCR_DEFERRED,0
docs/organization/briefing/images/02_foundry_foundry_field_organization.png,d91a22c35c91b213204411421de88815f27d8e16,140312,01f66b42da0e23459e88348f7c624789ae21a60787d56f4aecf44ba7d006ba9f,IMAGE_REGISTERED_OCR_DEFERRED,0
docs/organization/briefing/images/03_project_willow_organization.png,d91a22c35c91b213204411421de88815f27d8e16,166217,87de95182d6068954e5f29cc1c3efe479ef2e3a342692bae755b0c1b6e99f233,IMAGE_REGISTERED_OCR_DEFERRED,0
docs/organization/briefing/images/04_atlas_meridian_organization.png,d91a22c35c91b213204411421de88815f27d8e16,150055,7b9b8fe8e18909b4ff91409f4052f430f8cc32b1df5d310dfe95a91e9df5f13d,IMAGE_REGISTERED_OCR_DEFERRED,0
docs/organization/briefing/images/05_pale_sun_red_wash_organization.png,d91a22c35c91b213204411421de88815f27d8e16,152743,3b565f2a8d2df8a5ad45bba5e0d1170925a6e30b25b92ee36752ed5a0b8b5c46,IMAGE_REGISTERED_OCR_DEFERRED,0
docs/organization/briefing/images/06_project_cradle_organization.png,d91a22c35c91b213204411421de88815f27d8e16,132835,2dd5d5a2cf89869ea4b7272620715d54f939a4abb05ed6eac4ee0d3cdf26806e,IMAGE_REGISTERED_OCR_DEFERRED,0
docs/organization/briefing/images/07_american_resource_utility_bst_organization.png,d91a22c35c91b213204411421de88815f27d8e16,164655,79f97544f420c9bd97bb92e672ea74ebbef8a57595874df57d4cc325971ef5b0,IMAGE_REGISTERED_OCR_DEFERRED,0
docs/organization/briefing/images/08_advisory_organization.png,d91a22c35c91b213204411421de88815f27d8e16,143574,c0ca3b63b7b7dd61e388496361dcb6cf0a2af2154dfa812b5545ce3ae09b4e67,IMAGE_REGISTERED_OCR_DEFERRED,0
docs/organization/briefing/manifest.json,d91a22c35c91b213204411421de88815f27d8e16,3708,9ce3744becbcfddb6a1ba4a8de4939f9fdb099c5db2e87970df955c5291ffe32,JSON_STRINGS_EXTRACTED,53
docs/organization/history/v0.3.0/2026_LEADERSHIP_AND_AUTHORITY_MAP.md,d91a22c35c91b213204411421de88815f27d8e16,1452,7d3c09c7bb44703c8a3cb0be0d687dd0be4c322c8043609492b02290ddfc28ec,TEXT_SCANNED,29
docs/organization/history/v0.3.0/2026_OPERATING_TOPOLOGY.md,d91a22c35c91b213204411421de88815f27d8e16,1476,ed0c3c0ee10174e1cb4c4b9b6a76d7a7bcb507646be2574e9bdc78a977c41197,TEXT_SCANNED,29
docs/organization/history/v0.3.0/ARU_BST_AND_ADVISORY.md,d91a22c35c91b213204411421de88815f27d8e16,3678,d8e68912f7d0df3f6b45c3e58eba338d24d3113abb12825d406589017b6cefa5,TEXT_SCANNED,79
docs/organization/history/v0.3.0/ARU_BST_ORGANIZATION.md,d91a22c35c91b213204411421de88815f27d8e16,1666,6955d9f1258f6749b27513f84f7861d5f1497c4732af6536f7d0d51fc0bcb09e,TEXT_SCANNED,31
docs/organization/history/v0.3.0/CANON_TRACEABILITY_MATRIX.md,d91a22c35c91b213204411421de88815f27d8e16,8027,6f9f7abcecf9edb3373c1be5739dc812a4eec0527516405195c17077042a3f66,TEXT_SCANNED,57
docs/organization/history/v0.3.0/CHART_GOVERNANCE.md,d91a22c35c91b213204411421de88815f27d8e16,6577,b942d755193d16fd3267b9c9dea13445ff4aca220eff988f9577e24cefa57b41,TEXT_SCANNED,140
docs/organization/history/v0.3.0/HISTORY.md,d91a22c35c91b213204411421de88815f27d8e16,633,3e0152990f496ba988fb1c99b8d52ba2770cd329dbcccff6dab363fbed41f317,TEXT_SCANNED,5
docs/organization/history/v0.3.0/LEGAL_AND_REPORTING_STRUCTURE_STATUS.md,d91a22c35c91b213204411421de88815f27d8e16,6004,282c7f09785ac2466d2ac5158db7635012a028ae8b665cfa284d577857516a99,TEXT_SCANNED,97
docs/organization/history/v0.3.0/ORGANIZATION_MAP_REGISTER.json,d91a22c35c91b213204411421de88815f27d8e16,6351,54e317066ee6906df38628afa75f9338f91934fca6859bdef91c2387a6b1f818,JSON_STRINGS_EXTRACTED,102
docs/organization/history/v0.3.0/PALE_SUN_AND_RED_WASH.md,d91a22c35c91b213204411421de88815f27d8e16,7395,1b22ee32afb7833c0cbce038114bbf69266441870a0705974b81c52271b949c4,TEXT_SCANNED,127
docs/organization/history/v0.3.0/PALE_SUN_RED_WASH_ORGANIZATION.md,d91a22c35c91b213204411421de88815f27d8e16,1801,c36759f5be967b58eba3d6369d026381eb6eaa4cfe7f1cbf740d1477e4d8db70,TEXT_SCANNED,32
docs/organization/history/v0.3.0/README.md,d91a22c35c91b213204411421de88815f27d8e16,4894,22d6c8ddd6ee8ac894c8da150412acfec104d21d699f5bd39b8504e0dd7e3220,TEXT_SCANNED,49
docs/organization/history/v0.3.0/assets/aru-bst-organization-2026.svg,d91a22c35c91b213204411421de88815f27d8e16,7721,6761026c106b4de82162ed6e1446aa83f859f74d3eaf55e208928f197e053ba0,TEXT_SCANNED,23
docs/organization/history/v0.3.0/assets/enterprise-organization-2026.svg,d91a22c35c91b213204411421de88815f27d8e16,13607,d5dd14eed36ff56e42e93275fdea19403c1d61155610b15acc5945287dadda51,TEXT_SCANNED,23
docs/organization/history/v0.3.0/assets/leadership-authority-2026.svg,d91a22c35c91b213204411421de88815f27d8e16,12779,1b86ca8d1f563433b9d903664766f2cfca610a772f256bb3f14821e128633c7d,TEXT_SCANNED,23
docs/organization/history/v0.3.0/assets/pale-sun-red-wash-organization-2026.svg,d91a22c35c91b213204411421de88815f27d8e16,12318,c4163ef5a84ce5eabe471646b41877f6f17a7dc71d76dfe25fd347d4af52e680,TEXT_SCANNED,23
docs/organization/history/v0.3.0/manifest.json,d91a22c35c91b213204411421de88815f27d8e16,8552,d0fb403c87f69db86f31629e08694f55bbad640e232cba10c18fe310d0419059,JSON_STRINGS_EXTRACTED,108
docs/releases/INDUSTRIAL_CASE_RELEASES.md,d91a22c35c91b213204411421de88815f27d8e16,15654,fd82a04cd2eed984f58f170d214141b0e4c07cff167317168394cf67cb779707,TEXT_SCANNED,112
docs/structured/aru_bst_red_wash_bridge.json,d91a22c35c91b213204411421de88815f27d8e16,7271,6f6cbcbf18d933103582f079ffdaba710a6b0471c39df1cad8048cc995e9057b,JSON_STRINGS_EXTRACTED,108
docs/structured/canon_closeout_decisions_2026-09-06.json,d91a22c35c91b213204411421de88815f27d8e16,3649,7f9e6e51223782e3c4d6cd0ab2cc6eb02eef67c818739a84ef1ba899490a294f,JSON_STRINGS_EXTRACTED,58
docs/structured/corporate_headquarters_closeout_2026-09-03.json,d91a22c35c91b213204411421de88815f27d8e16,7525,c3b0a09e71275f29de37cbf00017aea42408612c655ad2d2752de22d86e82662,JSON_STRINGS_EXTRACTED,117
docs/structured/cradle_closeout_2026-09-06.json,d91a22c35c91b213204411421de88815f27d8e16,4198,2aa9b95ef0ea8d9778f016e0d46247e64c1c1e03d224ad3bbafd5be35c8b4bf2,JSON_STRINGS_EXTRACTED,70
docs/structured/red_wash_transaction_operating_record.json,d91a22c35c91b213204411421de88815f27d8e16,6704,06e935bad2b8f538ae99695796a5eee55b573b679e0b3042ce5cad31ba9154e8,JSON_STRINGS_EXTRACTED,92
docs/structured/repository_delivery_and_packaging_policy.json,d91a22c35c91b213204411421de88815f27d8e16,10403,46d69e9893a1df5b2246ae844d5494de15881a9d48ec6877eec7483623ce479d,JSON_STRINGS_EXTRACTED,117
docs/structured/sable_harbor_management_system.json,d91a22c35c91b213204411421de88815f27d8e16,1568,77e83449bd8cf8d3e484fa2c6be973650810562fe583c65f417da114ae943a13,JSON_STRINGS_EXTRACTED,21
docs/wiki/Home.md,d91a22c35c91b213204411421de88815f27d8e16,2059,6f813b179c5fb37d4ef5457b39d25cf55df4b89dcea56e15849aa5ce4c570a40,TEXT_SCANNED,20
docs/wiki/README.md,d91a22c35c91b213204411421de88815f27d8e16,233,1a5a3372cfba32fa14c7bcc1c7f063148a613478aae46e792cac3a13651e1329,TEXT_SCANNED,5
industrial/CASE_GUIDE.md,d91a22c35c91b213204411421de88815f27d8e16,5801,6cae6f0322656f86623671fc175c5f03a8abe7504adcb676cf401b2dbbbc7a6c,TEXT_SCANNED,39
industrial/IMPLEMENTATION_DECISIONS.md,d91a22c35c91b213204411421de88815f27d8e16,4345,008499ffc23a9a531569eee56daabc7e9bc3b6aaf67dfada80893e585082eb50,TEXT_SCANNED,29
industrial/README.md,d91a22c35c91b213204411421de88815f27d8e16,2567,e51b67a16e230f89c3f9a47f5dc824d2afd46d265d74a3e80da0a06ec0073029,TEXT_SCANNED,24
industrial/corporate/LEADERSHIP_AND_AUTHORITY.md,d91a22c35c91b213204411421de88815f27d8e16,8751,61a32c036e8cdb2fbf7ab0234d26a925ebd423b48869667724c5a254ca14fda1,TEXT_SCANNED,51
industrial/corporate/LEGAL_STRUCTURE_AND_FORMATION.md,d91a22c35c91b213204411421de88815f27d8e16,6630,5a10f112b015d5dfa7ca3b500108718015a41369182092cabc44dfb224119fbc,TEXT_SCANNED,53
industrial/finance/ASSUMPTIONS_AND_TEMPORAL_CONTROLS.md,d91a22c35c91b213204411421de88815f27d8e16,5928,933330f510acc9c05423f08f62d30c981dde8a26c2ae0325161f29d401ab43d8,TEXT_SCANNED,48
industrial/finance/DRIVERS_AND_COST_SUPPORT.md,d91a22c35c91b213204411421de88815f27d8e16,8994,bf0c78a2c8d96ebabd34674d4c75f49a2d0ca19be68bb662073d0566bc85a83a,TEXT_SCANNED,54
industrial/finance/README.md,d91a22c35c91b213204411421de88815f27d8e16,5257,49f4376c7f8bac159549bc04cab8ba396fffc7207ed809f6d2db75bfb3bbac3c,TEXT_SCANNED,43
industrial/finance/RED_WASH_AND_FUNDING.md,d91a22c35c91b213204411421de88815f27d8e16,5996,5f54d6254e1d4e21ba37e2ed911fd8468d304e729f0272b4f45141b081a5fe94,TEXT_SCANNED,51
industrial/finance/TRANSACTION_ACCOUNTING.md,d91a22c35c91b213204411421de88815f27d8e16,12563,d13f142968958585cfc56a7b06d54b5e95bccef6d434d11bb6bba93933a0aa58,TEXT_SCANNED,77
industrial/operations/GEOGRAPHY_AND_ENGINEERING.md,d91a22c35c91b213204411421de88815f27d8e16,5735,c34380a2fa4484653b7414c639093ddd1f327b1d3ef9fb624aacec65d0c54d0f,TEXT_SCANNED,27
industrial/operations/LABOR_SAFETY_AND_CONTROLS.md,d91a22c35c91b213204411421de88815f27d8e16,6085,586d3aa95bbb894c3891ceded1ddb78b6d73fb0df54e4d20b58ab523c9d622d6,TEXT_SCANNED,36
industrial/operations/OPERATING_AND_SERVICE_PLAN.md,d91a22c35c91b213204411421de88815f27d8e16,8974,8f1f9db0ad7958f9f967ef77fae5bc01bdaee5a5822258f4a284a8f2c218175e,TEXT_SCANNED,39
industrial/operations/RATE_AND_CAPITAL_MEMORANDUM.md,d91a22c35c91b213204411421de88815f27d8e16,6200,e0ac18eeb5794dc6c08871d73123b9dff7f319bbde8df70d76f49be2a70cfc64,TEXT_SCANNED,27
industrial/operations/README.md,d91a22c35c91b213204411421de88815f27d8e16,4247,257d023aa77b77cf423978e22e01919a37b4e7b767529de28f926688c5667c9e,TEXT_SCANNED,32
industrial/pale_sun/01_VILANDER_BIOGRAPHY.md,d91a22c35c91b213204411421de88815f27d8e16,5467,8e4ceb274a64bd06d89ad0cc3586239c63e564040f2f07b72334c6165dbe2816,TEXT_SCANNED,39
industrial/pale_sun/02_BTC_RECRUITMENT_AND_ASSESSMENT.md,d91a22c35c91b213204411421de88815f27d8e16,4874,48ad0f9635508526d051356e2e29ec2d8781a499cba495210cdc38b6ccff55de,TEXT_SCANNED,38
industrial/pale_sun/03_URANIUM_PROBLEM_BOOK.md,d91a22c35c91b213204411421de88815f27d8e16,5109,4fafd76ac9a680f3c40ed8c5332eae4613678b923e8739dfbb5fb71a8749fd3b,TEXT_SCANNED,43
industrial/pale_sun/04_ALEXANDRIA_AND_ESCALATION_RECORD.md,d91a22c35c91b213204411421de88815f27d8e16,5943,f7e1d920f556e78058d3e1133e3be5df1bf2176e11bd90e05485ce0eff2a2b8e,TEXT_SCANNED,43
industrial/pale_sun/05_FALSE_START_CEDAR_JUNCTION.md,d91a22c35c91b213204411421de88815f27d8e16,4768,2f922e81b39b52b29a3bba4ec5d24489688715cee9ac38094901132bd0481fcc,TEXT_SCANNED,41
industrial/pale_sun/06_FALSE_START_JUNIPER_MESA.md,d91a22c35c91b213204411421de88815f27d8e16,4503,7391bd1f09afa3c6e1b54f5e18739271e77236cbd4e728fda59cbdff736bb0a9,TEXT_SCANNED,41
industrial/pale_sun/07_FALSE_START_SALT_RIM.md,d91a22c35c91b213204411421de88815f27d8e16,4685,2640adebc7826e638578611adfbd49a6f2d786b6af185ec051db2bfac6ba0f3e,TEXT_SCANNED,42
industrial/pale_sun/08_FOUNDING_AND_APPOINTMENT.md,d91a22c35c91b213204411421de88815f27d8e16,4922,a7b11742351fc8acc351343ed2440a9927ec9d9654ee92ba01710233856b0b4c,TEXT_SCANNED,34
industrial/pale_sun/09_RED_WASH_JUDGMENT_AAR.md,d91a22c35c91b213204411421de88815f27d8e16,4416,0755b620e7b9f6f808f55c5ffa7f01c9514d545821ca46794942cea3fc6eb057,TEXT_SCANNED,28
industrial/pale_sun/10_FEDERAL_AND_DOWNSTREAM_BRIEF.md,d91a22c35c91b213204411421de88815f27d8e16,6283,a2639d8f05ff4320e8b4d2d24aa59ff26969081dc23368a82e5bfb419770c239,TEXT_SCANNED,41
industrial/planning/README.md,d91a22c35c91b213204411421de88815f27d8e16,3815,b8d623a69390c2ca3b59cf567e8aa7bc909e98f08e2a47839569d529acd9e62e,TEXT_SCANNED,35
industrial/planning/__init__.py,d91a22c35c91b213204411421de88815f27d8e16,69,f679457965c0f148b85fca856bff8c2028bae7bd0d12d77db192ea272c54fb31,TEXT_SCANNED,1
industrial/planning/browser.py,d91a22c35c91b213204411421de88815f27d8e16,4156,bb957e84da07bb36b56dec622a3aec4fa16bf095c44705306d392155b247cada,TEXT_SCANNED,107
industrial/planning/browser_template.html,d91a22c35c91b213204411421de88815f27d8e16,17968,10d1e829de02d1a293a63d99206d01a9e23ddedf88d7837c2a0940591e28dde3,TEXT_SCANNED,43
industrial/planning/build.py,d91a22c35c91b213204411421de88815f27d8e16,2949,e02a10371e9cd8520e39b490fe393bb22686f88661cfaf794efc40e38a9e1b56,TEXT_SCANNED,78
industrial/planning/capital.py,d91a22c35c91b213204411421de88815f27d8e16,20767,4d508feee3e86210df353cfa761c6d711bfe607a7cb222181ded9f7273dc5f8f,TEXT_SCANNED,501
industrial/planning/docs/CAPITAL_INVESTMENT_REVIEW.md,d91a22c35c91b213204411421de88815f27d8e16,13154,8c2f1238baab76ddaa42f804ae2998991bbd307eab67695730b02bf08ea6c8ba,TEXT_SCANNED,86
industrial/planning/docs/ENTERPRISE_INTEGRATION.md,d91a22c35c91b213204411421de88815f27d8e16,12415,6b5552431ced57a4bf7a1161d5a4e8ae43f332aae8474ac4ee96d78373cf7c9d,TEXT_SCANNED,56
industrial/planning/docs/FIVE_YEAR_FINANCIAL_PLAN.md,d91a22c35c91b213204411421de88815f27d8e16,13320,99226d8c59a9cc06e85bc1298363f7f82e73b67bf6e3ac558638d2aa0aeabbb0,TEXT_SCANNED,91
industrial/planning/docs/OPERATING_SCENARIOS.md,d91a22c35c91b213204411421de88815f27d8e16,12370,ed4ffbe72873e16666d96bde0e46a129cd22c7aaca291128066a54a834cf2796,TEXT_SCANNED,76
industrial/planning/docs/TRANSACTION_EVIDENCE.md,d91a22c35c91b213204411421de88815f27d8e16,5060,6005e7b9edb2a4a6ab348dd12b7bc6fe2aa2a99302c5f4f37da00618f157041c,TEXT_SCANNED,33
industrial/planning/enterprise.py,d91a22c35c91b213204411421de88815f27d8e16,61030,e15d8d00f1cfdb401e00ea7c0c0edaa1a58293564f1ec34d223ea088ab407fa3,TEXT_SCANNED,1491
industrial/planning/forecast.py,d91a22c35c91b213204411421de88815f27d8e16,71365,7ed13933f24caf056f3dacfc3835e54acc74985c6ccfa546b77632e520c6774f,TEXT_SCANNED,1843
industrial/planning/integrity.py,d91a22c35c91b213204411421de88815f27d8e16,25825,8fe4d0e351e1b72b6d9741a1a97a07a3d80b52cffb0c89ec82aacae04d7824ff,TEXT_SCANNED,586
industrial/planning/legacy_adapter.py,d91a22c35c91b213204411421de88815f27d8e16,6365,a27a52d3b18a80c9770581e780eb6e5de287cb122c947bf162889b34de5b3b90,TEXT_SCANNED,137
industrial/planning/operating_model.py,d91a22c35c91b213204411421de88815f27d8e16,36987,0647b6b0d82b32196ae46d5140ba73c63a1e98a91e4811e7b36c519374b962ec,TEXT_SCANNED,790
industrial/planning/package.py,d91a22c35c91b213204411421de88815f27d8e16,23108,d6bfc3a605e9cfa37c61c4ba0e960f69cc64e6c29a43c3bb40be4570d95164b2,TEXT_SCANNED,527
industrial/planning/publications/SH-IND-PLAN-DEC-002_v2.0.0.pdf,d91a22c35c91b213204411421de88815f27d8e16,32160,c4e6b405e5595049dccc29035300f817b1db637c98543d7a73e72f3565234d92,PDF_TEXT_EXTRACTED_VISUAL_REVIEW_SEPARATE,33
industrial/planning/publications/SH-PLAN-CAP-001_v1.0.0.pdf,d91a22c35c91b213204411421de88815f27d8e16,93453,9d1dfdf6798190177db04220356bcdcc7961c46722dbeb57138ae9b5ca4d01ab,PDF_TEXT_EXTRACTED_VISUAL_REVIEW_SEPARATE,174
industrial/planning/publications/SH-PLAN-ENTERPRISE-002_v2.0.0.pdf,d91a22c35c91b213204411421de88815f27d8e16,66755,2c21e0a2678a2b26f2091de8220e74307043f252d22f567a560eb6b08eeb5a9b,PDF_TEXT_EXTRACTED_VISUAL_REVIEW_SEPARATE,124
industrial/planning/publications/SH-PLAN-EVIDENCE-002_v2.0.0.pdf,d91a22c35c91b213204411421de88815f27d8e16,55206,2e28ddf5a746d27b02d991960c1bc9118e66e040e27dca97039e6aef22aad819,PDF_TEXT_EXTRACTED_VISUAL_REVIEW_SEPARATE,57
industrial/planning/publications/SH-PLAN-FIN-001_v2.0.0.pdf,d91a22c35c91b213204411421de88815f27d8e16,86828,a212ffff056cbb7e715cddca01cbe52d4a95aa074a811a3827025643f1fb7dc2,PDF_TEXT_EXTRACTED_VISUAL_REVIEW_SEPARATE,144
industrial/planning/publications/SH-PLAN-OPS-001_v1.0.0.pdf,d91a22c35c91b213204411421de88815f27d8e16,100751,d9157a362526e6efe9e819eb841bd38e2a87c8ed09241392459cc2d2ab4d680a,PDF_TEXT_EXTRACTED_VISUAL_REVIEW_SEPARATE,165
industrial/planning/source/capital_options.json,d91a22c35c91b213204411421de88815f27d8e16,6992,84b9857de6904916415d85c90eaf0ca53dd138f8e8073bdbb41c9933378d1b46,JSON_STRINGS_EXTRACTED,75
industrial/planning/source/enterprise.json,d91a22c35c91b213204411421de88815f27d8e16,5036,83604dc8f007e6de81eb8a28a58f0e4649e259361dbe67abae3db03feb62ba2c,JSON_STRINGS_EXTRACTED,60
industrial/planning/source/forecast.json,d91a22c35c91b213204411421de88815f27d8e16,13638,bd1eb4da4c2fa60277db9122d7f4272298ef4c005e26d4a710e315b0cadb1013,JSON_STRINGS_EXTRACTED,79
industrial/planning/source/operating_plan.json,d91a22c35c91b213204411421de88815f27d8e16,8271,1e91bb7c98d10abb176ebed2f2808bc5531f482eaaa0039efd46c8bbdc6ae788,JSON_STRINGS_EXTRACTED,46
industrial/planning/source/participant_catalog.json,d91a22c35c91b213204411421de88815f27d8e16,160070,d20ad27b531b8cf2a6e2dc4095f64067e1680486bddd56e90cf86ec147d9d70a,JSON_STRINGS_EXTRACTED,2563
industrial/planning/source/preservation.json,d91a22c35c91b213204411421de88815f27d8e16,37670,8b04b62443810f67ef29b9b966b82fe24ca03a327a8ce3fba2c43bf284ab213b,JSON_STRINGS_EXTRACTED,403
industrial/planning/source/transaction_policy.json,d91a22c35c91b213204411421de88815f27d8e16,3397,1a48cd69ab910b5bd97a78fba45921042cf74fb43295e78cde76f69bb8e37303,JSON_STRINGS_EXTRACTED,39
industrial/planning/tests/test_browser.py,d91a22c35c91b213204411421de88815f27d8e16,1946,c7c8398e754d9a409a4ddab39059060ee507ea1c1bfaf1d3440cd762a45d319b,TEXT_SCANNED,40
industrial/planning/tests/test_capital.py,d91a22c35c91b213204411421de88815f27d8e16,7147,f54b3fb8241fd3c30130c11ed682a278330e7384e098b2a41144b0a0acbd8150,TEXT_SCANNED,147
industrial/planning/tests/test_enterprise.py,d91a22c35c91b213204411421de88815f27d8e16,12054,b178b83fc7887819fb8fec8e1ca349d2449f246d7be1c898470802a6657a2e96,TEXT_SCANNED,276
industrial/planning/tests/test_forecast.py,d91a22c35c91b213204411421de88815f27d8e16,17851,86b54f047fe6dc21fef9c6d416db1b927ab2280bed8a58447b80138bc345c163,TEXT_SCANNED,371
industrial/planning/tests/test_integrity.py,d91a22c35c91b213204411421de88815f27d8e16,7222,b673f839fb40648eb5669076eeb4630d3b4787f19725d851b21fdba8e32b2d2d,TEXT_SCANNED,170
industrial/planning/tests/test_operating_model.py,d91a22c35c91b213204411421de88815f27d8e16,8691,f94337757771f82540198d155b42a28b065b68f3fa47d906baa514c299e08f01,TEXT_SCANNED,187
industrial/planning/tests/test_package.py,d91a22c35c91b213204411421de88815f27d8e16,9729,c45979cefb943518ad1e6543030cb368c1cec534b06cd12cee143461924c1027,TEXT_SCANNED,210
industrial/planning/tests/test_transactions.py,d91a22c35c91b213204411421de88815f27d8e16,7953,2b23ed8e911600986043a4bb99a811b2580b5b5bd84863dc1affc534e167972f,TEXT_SCANNED,197
industrial/planning/transactions.py,d91a22c35c91b213204411421de88815f27d8e16,32427,43ecec8ba5e934741dc021d633e0009c7985c7ec54358788de2e238c147afbd9,TEXT_SCANNED,709
industrial/publications/SH-IND-ARU-CLOSE-001_v1.0.0.pdf,d91a22c35c91b213204411421de88815f27d8e16,55231,2db8049ce4ee571d4a681505321b73af49739adb2cbd86d1fae78e92082d7883,PDF_TEXT_EXTRACTED_VISUAL_REVIEW_SEPARATE,57
industrial/publications/SH-IND-ARU-DD-001_v1.0.0.pdf,d91a22c35c91b213204411421de88815f27d8e16,58525,e7db91ce67e920998f6768d1c43a9d5f53239e4a29c90359d82180a2dfe20a74,PDF_TEXT_EXTRACTED_VISUAL_REVIEW_SEPARATE,97
industrial/publications/SH-IND-ARU-HR-001_v1.0.0.pdf,d91a22c35c91b213204411421de88815f27d8e16,55918,99d6a2a430b81cec7a3c47c495cf64d1284a335d89bc978dc07b7d4eb47e93d8,PDF_TEXT_EXTRACTED_VISUAL_REVIEW_SEPARATE,55
industrial/publications/SH-IND-ARU-LOI-001_v1.0.0.pdf,d91a22c35c91b213204411421de88815f27d8e16,52099,6d8c425bd59eb480d35fbb5fe1b77d0ec91c267eb85c5c0bdc4a9c8fcda1f79f,PDF_TEXT_EXTRACTED_VISUAL_REVIEW_SEPARATE,45
industrial/publications/SH-IND-ARU-SPA-001_v1.0.0.pdf,d91a22c35c91b213204411421de88815f27d8e16,55819,dc94b847ed9a2c6d77961c465fa0cf32816d00ac1760b0c7281beed466d25e82,PDF_TEXT_EXTRACTED_VISUAL_REVIEW_SEPARATE,55
industrial/publications/SH-IND-ARU-TAX-001_v1.0.0.pdf,d91a22c35c91b213204411421de88815f27d8e16,72930,c612faabb6e9d401d2298268b5d57d5fffe3881171aa8355f268926a0e0aeee4,PDF_TEXT_EXTRACTED_VISUAL_REVIEW_SEPARATE,108
industrial/publications/SH-IND-CASE-001_v1.0.0.pdf,d91a22c35c91b213204411421de88815f27d8e16,53365,43d03689f1a30097db9971669a748ef2ad17a27b942ad1fc8e2402c1b1464d44,PDF_TEXT_EXTRACTED_VISUAL_REVIEW_SEPARATE,64
industrial/publications/SH-IND-COM-001_v1.0.0.pdf,d91a22c35c91b213204411421de88815f27d8e16,57118,ec2a4d65fb32676e6cbb25054548e1daf18e8cc73fcf36e1f0cba020784ad98e,PDF_TEXT_EXTRACTED_VISUAL_REVIEW_SEPARATE,62
industrial/publications/SH-IND-COR-001_v1.0.0.pdf,d91a22c35c91b213204411421de88815f27d8e16,60394,c5b964e667db3c9dd9a8e85f2d226ea6b3d0114c80e4675a830bb569ec18bee9,PDF_TEXT_EXTRACTED_VISUAL_REVIEW_SEPARATE,136
industrial/publications/SH-IND-DEC-001_v1.0.0.pdf,d91a22c35c91b213204411421de88815f27d8e16,44542,78d7f86536786e63be6913e15cd08d546c2bb98fe6bf282f4c42ea62ab28d23b,PDF_TEXT_EXTRACTED_VISUAL_REVIEW_SEPARATE,112
industrial/publications/SH-IND-FIN-ASM-001_v1.0.0.pdf,d91a22c35c91b213204411421de88815f27d8e16,67984,8e0f6dec162aa7fdf77ae8bbae1da79e4dd11e8f5ee7ccf8c852af5f9038f488,PDF_TEXT_EXTRACTED_VISUAL_REVIEW_SEPARATE,107
industrial/publications/SH-IND-FIN-DRV-001_v1.0.0.pdf,d91a22c35c91b213204411421de88815f27d8e16,69046,817293e0ff9b100f3ced324d6e0176f6d678278d237a1c78aa9471a8441dfcc5,PDF_TEXT_EXTRACTED_VISUAL_REVIEW_SEPARATE,100
industrial/publications/SH-IND-FIN-RWF-001_v1.0.0.pdf,d91a22c35c91b213204411421de88815f27d8e16,67677,b583d8108f5d4966a635ed3c01ed83f8b87a96f586cfc5803b08c533657fe894,PDF_TEXT_EXTRACTED_VISUAL_REVIEW_SEPARATE,71
industrial/publications/SH-IND-FIN-TXN-001_v1.0.0.pdf,d91a22c35c91b213204411421de88815f27d8e16,87188,1cd173fa65f2ff6af92ed08736e2bfef9927ff2b601474f6c485577a3fd29716,PDF_TEXT_EXTRACTED_VISUAL_REVIEW_SEPARATE,133
industrial/publications/SH-IND-GEO-001_v1.0.0.pdf,d91a22c35c91b213204411421de88815f27d8e16,75936,4a526eaa1ab5f30fc43736b236777eca079313b246c3927685e0d754d69cb0bc,PDF_TEXT_EXTRACTED_VISUAL_REVIEW_SEPARATE,56
industrial/publications/SH-IND-HR-001_v1.0.0.pdf,d91a22c35c91b213204411421de88815f27d8e16,63137,d7bba71ef45e110323a3533860ef5c0260025b84c56e102e23eebbb43df76cf8,PDF_TEXT_EXTRACTED_VISUAL_REVIEW_SEPARATE,240
industrial/publications/SH-IND-IC-001_v1.0.0.pdf,d91a22c35c91b213204411421de88815f27d8e16,80660,6edd5e8f041b09b9447f51dee8f0dcc1179b1a58083396230642e31f383134f1,PDF_TEXT_EXTRACTED_VISUAL_REVIEW_SEPARATE,144
industrial/publications/SH-IND-IC-PRC-001_v1.0.0.pdf,d91a22c35c91b213204411421de88815f27d8e16,66206,7d15313e75f6c0c8fab9410beb4917daf908671997e7dcf995fcff7f663c5277,PDF_TEXT_EXTRACTED_VISUAL_REVIEW_SEPARATE,90
industrial/publications/SH-IND-OPS-002_v1.0.0.pdf,d91a22c35c91b213204411421de88815f27d8e16,66815,78dff55152a4dd0b816a8481cea24b5cdd97113a257e5d5099600539f9b8369b,PDF_TEXT_EXTRACTED_VISUAL_REVIEW_SEPARATE,88
industrial/publications/SH-IND-RW-TXN-001_v1.0.0.pdf,d91a22c35c91b213204411421de88815f27d8e16,56429,594220926f587a23fc11f42d64c1ea37b58281fa7bc8bae84dd66a876a748d6b,PDF_TEXT_EXTRACTED_VISUAL_REVIEW_SEPARATE,63
industrial/publications/SH-IND-SAF-001_v1.0.0.pdf,d91a22c35c91b213204411421de88815f27d8e16,66931,f5b1a06b569a5b8900d1fe233d568f2ce7f04b97fb2a6119e06a531345092861,PDF_TEXT_EXTRACTED_VISUAL_REVIEW_SEPARATE,60
industrial/publications/SH-PS-AAR-001_v1.0.0.pdf,d91a22c35c91b213204411421de88815f27d8e16,56726,11a951f5995c74927a61a72e4d0aa4a72df593c02a92ab34f0f1784ef59e26bc,PDF_TEXT_EXTRACTED_VISUAL_REVIEW_SEPARATE,63
industrial/publications/SH-PS-ALX-001_v1.0.0.pdf,d91a22c35c91b213204411421de88815f27d8e16,62712,61171edf9e18f17578d60d372103a5e89b318cb442c22faf55ada7db8e9e04c0,PDF_TEXT_EXTRACTED_VISUAL_REVIEW_SEPARATE,86
industrial/publications/SH-PS-COR-001_v1.0.0.pdf,d91a22c35c91b213204411421de88815f27d8e16,57716,06dd1c71184faa73c5b4ca84327bf3c9b760effc4a917f499e6a48bc95a486c1,PDF_TEXT_EXTRACTED_VISUAL_REVIEW_SEPARATE,53
industrial/publications/SH-PS-EV-001_v1.0.0.pdf,d91a22c35c91b213204411421de88815f27d8e16,59708,7e22a43bf28ba8312ef42d1cec144a9f6b669c3fc4b1267a03e3f6a20055bed4,PDF_TEXT_EXTRACTED_VISUAL_REVIEW_SEPARATE,84
industrial/publications/SH-PS-EV-002_v1.0.0.pdf,d91a22c35c91b213204411421de88815f27d8e16,57969,5fe025c18b24fb89936924fd4009c204130e5f640ba2cd21e7dc181f9d0818d2,PDF_TEXT_EXTRACTED_VISUAL_REVIEW_SEPARATE,67
industrial/publications/SH-PS-FED-001_v1.0.0.pdf,d91a22c35c91b213204411421de88815f27d8e16,63440,87ad39e20035437bfd9dbb56a87a54df990393656878d6352dcc4ff5bf8f444e,PDF_TEXT_EXTRACTED_VISUAL_REVIEW_SEPARATE,101
industrial/publications/SH-PS-FS-001_v1.0.0.pdf,d91a22c35c91b213204411421de88815f27d8e16,59027,c7c6b5922f9ebbe5ee6ee7eb7ceebd4cbbaf4583e3a92eab0bc0567fd75c0d65,PDF_TEXT_EXTRACTED_VISUAL_REVIEW_SEPARATE,83
industrial/publications/SH-PS-FS-002_v1.0.0.pdf,d91a22c35c91b213204411421de88815f27d8e16,56954,9432a3d0a51fe1b7209c4633e0fce32d770fff5a6f235bc265648a0c7874e5c2,PDF_TEXT_EXTRACTED_VISUAL_REVIEW_SEPARATE,68
industrial/publications/SH-PS-FS-003_v1.0.0.pdf,d91a22c35c91b213204411421de88815f27d8e16,59009,5828268c166a47945ca3aef1a865996fcca9178a1441eebc4d6199e4d69672fa,PDF_TEXT_EXTRACTED_VISUAL_REVIEW_SEPARATE,76
industrial/publications/SH-PS-JO-001_v1.0.0.pdf,d91a22c35c91b213204411421de88815f27d8e16,60404,f3c322bf45b0a1a025b55aebbeb439e4750902230a23dbcf9bc8913425b8dfc2,PDF_TEXT_EXTRACTED_VISUAL_REVIEW_SEPARATE,96
industrial/source/chronology.json,d91a22c35c91b213204411421de88815f27d8e16,39840,53fe564b06301176a3a8322aedb82fee5a61c82caeae3d333e0a2c520b3eedc5,JSON_STRINGS_EXTRACTED,663
industrial/source/entities.json,d91a22c35c91b213204411421de88815f27d8e16,9419,799a24baf3240d50c5d6a80ac0f9ddb9d023b7a36de058ec12546aac60caee29,JSON_STRINGS_EXTRACTED,174
industrial/source/finance.json,d91a22c35c91b213204411421de88815f27d8e16,124427,0d4461abfcdb138da36db503ff0cfea7c47ea7fd7109494126514225fd43e38c,JSON_STRINGS_EXTRACTED,1664
industrial/source/geography/candidate_comparison.json,d91a22c35c91b213204411421de88815f27d8e16,433498,bf57f866ca9289227f23c17cc01733c942cbcdf1d3025999f5bb853a4101e982,JSON_STRINGS_EXTRACTED,27
industrial/source/geography/dem_manifest.json,d91a22c35c91b213204411421de88815f27d8e16,1567,3a6da11c438f93bdfc4050b31e3b3d008f752b78e02d10039a3f821fbd095c4b,JSON_STRINGS_EXTRACTED,13
industrial/source/geography/derived_ground_profiles.json,d91a22c35c91b213204411421de88815f27d8e16,37828,b1aad8b21f726c4012cb89a7e955dd3d621c0c6d32176fc990d0d1697ca7fbcf,JSON_STRINGS_EXTRACTED,15
industrial/source/geography/network.geojson,d91a22c35c91b213204411421de88815f27d8e16,156563,bd6ea938ec59f50c79ee0a23fb5aa2817dcb1bb98fce8a951a073d0152a406f5,JSON_STRINGS_EXTRACTED,54
industrial/source/geography/reference_manifest.json,d91a22c35c91b213204411421de88815f27d8e16,53137,f4ad599b41d8f0e3301408990fa3ccc7f626425a1f625db34263388e71f33783,JSON_STRINGS_EXTRACTED,112
industrial/source/geography/selected_mainline.geojson,d91a22c35c91b213204411421de88815f27d8e16,130420,31e41659650ea9117fdd2623ed0b9f2fcd024a7f29b9fb44591548f78251afc4,JSON_STRINGS_EXTRACTED,8
industrial/source/geography/spatial_screen.json,d91a22c35c91b213204411421de88815f27d8e16,1201,72ae6cd29e1d7ae131b96e9660a6e388fa4d2255907621e428b6df38d75de461,JSON_STRINGS_EXTRACTED,10
industrial/source/geography/wamsutter_fra_rail.geojson,d91a22c35c91b213204411421de88815f27d8e16,25896,d24d20bdae879bff9cbbbb2ca968e52697b42913aba7614e9dca7038542c9b42,JSON_STRINGS_EXTRACTED,311
industrial/source/geography/wamsutter_highways.geojson,d91a22c35c91b213204411421de88815f27d8e16,242685,81fe705260fefe9d195d4a1c8f362930af6aad7b6bf40064c9017795b838e24f,JSON_STRINGS_EXTRACTED,3597
industrial/source/geography/wyoming_counties.geojson,d91a22c35c91b213204411421de88815f27d8e16,65951,77b08fefe008358324d49b9ef769257ad1aa5cb3f91f72ff15b8a37313a6e5ab,JSON_STRINGS_EXTRACTED,507
industrial/source/geography/wyoming_dem_service.json,d91a22c35c91b213204411421de88815f27d8e16,12981,a300a739a6e47627d1cd6921fca368004d88a8ac62d6d32c64571c669e4349bb,JSON_STRINGS_EXTRACTED,173
industrial/source/geography/wyoming_local_roads.geojson,d91a22c35c91b213204411421de88815f27d8e16,3777905,7e3345de206ce8dd2610ad4469175b239ea72f0126dff0c89ada3c5b8b058c75,JSON_STRINGS_EXTRACTED,48535
industrial/source/geography/wyoming_screening_dem.tif,d91a22c35c91b213204411421de88815f27d8e16,3540536,0ea3719bb01c73e6e4ccaf1c21defa609a945ae7342ce58409479f574ba19b96,UNSUPPORTED_BINARY_REGISTERED,0
industrial/source/geography/wyoming_waterbodies.geojson,d91a22c35c91b213204411421de88815f27d8e16,544275,82c333660ce69714452e999c9ef871adb5bbcf328776cc81ce2dd003482a046f,JSON_STRINGS_EXTRACTED,5423
industrial/source/operations.json,d91a22c35c91b213204411421de88815f27d8e16,217088,e7488b55c1c963d102db66e7a7b6f1373a3d68a9f94b8f99b164092245713a3b,JSON_STRINGS_EXTRACTED,2639
industrial/source/participant_catalog.json,d91a22c35c91b213204411421de88815f27d8e16,113618,573ab9ffb50aebdea15c182760458d33385f6798f13590aeb89eaef93566f2d9,JSON_STRINGS_EXTRACTED,1915
industrial/tests/test_financials.py,d91a22c35c91b213204411421de88815f27d8e16,18724,d17f12f5e8d5cdef3b7e4c500965170d17fca297676efc087144d2dfbe32ac7a,TEXT_SCANNED,386
industrial/tests/test_operations.py,d91a22c35c91b213204411421de88815f27d8e16,13428,2c37ac473ddaa5f86a5b505c28db73dd489b77e84c34778d6cfff85f14ae5593,TEXT_SCANNED,298
industrial/tests/test_package.py,d91a22c35c91b213204411421de88815f27d8e16,7100,dad0aaf2f139ce4f4f56d50f87be5a62386f886ccc84b6f0f735ff3856f9ae30,TEXT_SCANNED,168
industrial/tools/build_financials.py,d91a22c35c91b213204411421de88815f27d8e16,98169,4f879965a57598a5fd55f0b177d683aa9bcc8137e3b84e9b2b7c6a1343a9836c,TEXT_SCANNED,2464
industrial/tools/build_operations.py,d91a22c35c91b213204411421de88815f27d8e16,54037,84ef56f5a7ef484ed8a8d3cd14ed422516c761c7f3acba8a5e76430a0ee958e1,TEXT_SCANNED,1304
industrial/tools/build_package.py,d91a22c35c91b213204411421de88815f27d8e16,19868,bbe0d7c7274f603eff244951fcc6d44a99a63f5aac921d88201adcf53bec3510,TEXT_SCANNED,472
industrial/tools/validate_industrial_case.py,d91a22c35c91b213204411421de88815f27d8e16,6646,08c834da4f08a06e4f930205ea96d92c86d8edd9737a68ca89e546ddfd00e717,TEXT_SCANNED,176
industrial/transaction/01_RW_TRANSACTION_FILE.md,d91a22c35c91b213204411421de88815f27d8e16,4431,902ff083d3857004b5c868b106fddc8e3600e59ad959201fb97c99d68dba298c,TEXT_SCANNED,37
industrial/transaction/02_ARU_LOI_AND_SELLER_FILE.md,d91a22c35c91b213204411421de88815f27d8e16,3933,e012644ca645384234ddf8f47e78d176b1cc11d4cef97449723f23f2803f5615,TEXT_SCANNED,30
industrial/transaction/03_ARU_DILIGENCE_MEMORANDUM.md,d91a22c35c91b213204411421de88815f27d8e16,5214,1591f3a761202385693de6b689377400a4905862910b0213acb326ace0bbc272,TEXT_SCANNED,39
industrial/transaction/04_ARU_APPROVAL_AND_PURCHASE_AGREEMENT.md,d91a22c35c91b213204411421de88815f27d8e16,5142,3b40effe8efb1d4a69216180d508dad90f7fc6a778679b39ee2ed5371d0de9eb,TEXT_SCANNED,34
industrial/transaction/05_ARU_CLOSING_AND_TAX_DELIVERY.md,d91a22c35c91b213204411421de88815f27d8e16,4303,a6dd448ed3a4a3ad6f0f3748e79dd918ea43c75685de762fe00843477a5d22c9,TEXT_SCANNED,50
industrial/transaction/06_ARU_TRANSITION_AND_RETENTION.md,d91a22c35c91b213204411421de88815f27d8e16,4211,3e3653f95a286d71aa513410603dd0c78684db0ad94e2460708c434a6fc4aec0,TEXT_SCANNED,42
industrial/transaction/07_ARU_TAX_STRUCTURE_MEMORANDUM.md,d91a22c35c91b213204411421de88815f27d8e16,10248,d42c4d67873e1b8e9b6488eac9a70a16643680718735ab0c3948327a37b16a44,TEXT_SCANNED,61
industrial/transaction/08_INTERCOMPANY_LOGISTICS_AGREEMENT.md,d91a22c35c91b213204411421de88815f27d8e16,12019,23153dc86a3e9ea9fd501bce6bdf3c8478dbdf3ab79fa5e8abc84ca8bbb771fc,TEXT_SCANNED,69
industrial/transaction/09_SERVICE_PRICING_COMPARISON.md,d91a22c35c91b213204411421de88815f27d8e16,5931,4f185dffc7906ecc6abda8420fc9d026d4fb5bc470d506eb99dbab968560b2c5,TEXT_SCANNED,37
industrial/visuals/bst_historical_routes.svg,d91a22c35c91b213204411421de88815f27d8e16,5147,15d2775a744d9970e615434064c052d0da4f47ff7b143a47c3d3673dc25d5f5a,TEXT_SCANNED,52
industrial/visuals/bst_network.svg,d91a22c35c91b213204411421de88815f27d8e16,739433,4022262902d42db1585419976867ff66a05a5767f563e4833daee8613261c2a9,TEXT_SCANNED,3516
industrial/visuals/manifest.json,d91a22c35c91b213204411421de88815f27d8e16,3001,b0636b6a60ee2be206ad14f7f960abbbd6e558f2a61fe276bc50a48da44dbb7c,JSON_STRINGS_EXTRACTED,38
industrial/visuals/red_wash_site.svg,d91a22c35c91b213204411421de88815f27d8e16,6199,b76c4c23ef4fe76ee8896235e20f4050c90a33a67690a01466932b71f9065d78,TEXT_SCANNED,72
industrial/visuals/red_wash_underground.svg,d91a22c35c91b213204411421de88815f27d8e16,6490,b0476a694a48d922a02bd518d054abfa9109b5ae7eee891982c0dda59497eb8c,TEXT_SCANNED,67
pyproject.toml,d91a22c35c91b213204411421de88815f27d8e16,1029,1c42931649f6b7f828508f8f74f5ec9bc2cae02f05f075846ffa90a6c6822246,TEXT_SCANNED,52
red_wash/README.md,d91a22c35c91b213204411421de88815f27d8e16,4151,57edebba45249e96cadf0cde35f92922b95cff9b914028e6e4020c1b939f8100,TEXT_SCANNED,71
red_wash/RED_WASH_CASEBOOK.md,d91a22c35c91b213204411421de88815f27d8e16,26414,fb397cfa401f2e20c2e7ae0bbd9da61079ebd3aa6754aba199fb27c52995b520,TEXT_SCANNED,441
red_wash/TRANSACTION_OPERATING_RECORD.md,d91a22c35c91b213204411421de88815f27d8e16,28325,8442bda857eb6ffe0acdcde14597fc5380f31782de7e672e82cd65af0a0f9290,TEXT_SCANNED,443
red_wash/agreements/TRANSACTION_AND_COMMERCIAL_INSTRUMENTS.md,d91a22c35c91b213204411421de88815f27d8e16,10303,5ee3715b0b5b08ba2fd259504ff7455da005d3d2e3701668945aa1ca90477808,TEXT_SCANNED,149
red_wash/docs/02_GEOLOGICAL_TECHNICAL_REPORT.md,d91a22c35c91b213204411421de88815f27d8e16,3516,8d2f0dd5e9ae05f66f1657717b73eeee7401d489b12a163bc562bf9429c65ca2,TEXT_SCANNED,41
red_wash/docs/03_MINE_PLAN_AND_OPERATING_SYSTEM.md,d91a22c35c91b213204411421de88815f27d8e16,2782,a0951a1d22f48aa9fe822f591a9e508419fe22ca18ffdce12a09611f23bf9164,TEXT_SCANNED,53
red_wash/docs/04_PROCESSING_METALLURGY_AND_PRODUCT.md,d91a22c35c91b213204411421de88815f27d8e16,2332,064c7225de72630d0983cbe7d157e6b01626c250915350320eca03181e16c9e1,TEXT_SCANNED,47
red_wash/history/v1.0.0/documents/README.md,d91a22c35c91b213204411421de88815f27d8e16,5831,f8cc00768c5678caaa987a410c6d922879342a594be4842d875835e1d3867c1e,TEXT_SCANNED,99
red_wash/history/v1.0.0/documents/RED_WASH_CASEBOOK.md,d91a22c35c91b213204411421de88815f27d8e16,26058,6d1901527eddf25c89373e8def91a2ade152ef6047d8749dd513cf8d7325c5d7,TEXT_SCANNED,440
red_wash/history/v1.0.0/documents/TRANSACTION_OPERATING_RECORD.md,d91a22c35c91b213204411421de88815f27d8e16,28357,f1645067f4b06447258342e4de92dae2d587656734de7c86bbddd29f19cb8506,TEXT_SCANNED,449
red_wash/history/v1.0.0/documents/agreements/TRANSACTION_AND_COMMERCIAL_INSTRUMENTS.md,d91a22c35c91b213204411421de88815f27d8e16,10328,95a33bc7697b40ebfee9c27acbfe46a4e15b8176e88f62c7e5144715024bed7f,TEXT_SCANNED,149
red_wash/history/v1.0.0/documents/docs/02_GEOLOGICAL_TECHNICAL_REPORT.md,d91a22c35c91b213204411421de88815f27d8e16,3483,9a00c2bd344227c1cf06701cba3ec2477f1384643df59628627f0321909b6b23,TEXT_SCANNED,41
red_wash/history/v1.0.0/documents/docs/03_MINE_PLAN_AND_OPERATING_SYSTEM.md,d91a22c35c91b213204411421de88815f27d8e16,2782,a0951a1d22f48aa9fe822f591a9e508419fe22ca18ffdce12a09611f23bf9164,TEXT_SCANNED,53
red_wash/history/v1.0.0/documents/docs/04_PROCESSING_METALLURGY_AND_PRODUCT.md,d91a22c35c91b213204411421de88815f27d8e16,2332,064c7225de72630d0983cbe7d157e6b01626c250915350320eca03181e16c9e1,TEXT_SCANNED,47
red_wash/history/v1.0.0/documents/logistics/ARU_BST_INTERFACE_AND_DEPENDENCY_RECORD.md,d91a22c35c91b213204411421de88815f27d8e16,10417,b55f1561df9ecabf63e57963006f484f92beb309c88eef188b9cab5bff6e7ff0,TEXT_SCANNED,197
red_wash/history/v1.0.0/documents/regulatory/REGULATORY_PERMIT_AND_ENVIRONMENTAL_FILE.md,d91a22c35c91b213204411421de88815f27d8e16,13805,3fd3a77f95a3ae56014b8018d3ca86a7778c2ffb9355b11125b87f1d31da0fb1,TEXT_SCANNED,264
red_wash/history/v1.0.0/manifest.json,d91a22c35c91b213204411421de88815f27d8e16,3207,36f3f56239b7b2dbb60a76bcdb3adc8839f038eaefbabd179da534267db26dcf,JSON_STRINGS_EXTRACTED,39
red_wash/history/v1.0.0/source/aru_bst_bridge.json,d91a22c35c91b213204411421de88815f27d8e16,15960,581b634c384c43b996ef4b60fcad6a5c0d3d53c9d2a1721b8923a7bb12021b8a,JSON_STRINGS_EXTRACTED,273
red_wash/history/v1.0.0/source/core_operating_data.json,d91a22c35c91b213204411421de88815f27d8e16,21631,f826075eddf28ded3301756d078d952e38e1cc39f4e1a0b9aecd9e07eb9e9480,JSON_STRINGS_EXTRACTED,495
red_wash/history/v1.0.0/source/external_source_register.csv,d91a22c35c91b213204411421de88815f27d8e16,10485,989c7fae3110dc6308f56da9f7831a2881be1295e8dfe08de686c51cdc71b7f7,TEXT_SCANNED,24
red_wash/logistics/ARU_BST_INTERFACE_AND_DEPENDENCY_RECORD.md,d91a22c35c91b213204411421de88815f27d8e16,7970,b83e4b5d553faf154514647e948e7438b3aee4287817ed6be14048e6440796f4,TEXT_SCANNED,130
red_wash/regulatory/REGULATORY_PERMIT_AND_ENVIRONMENTAL_FILE.md,d91a22c35c91b213204411421de88815f27d8e16,13805,3fd3a77f95a3ae56014b8018d3ca86a7778c2ffb9355b11125b87f1d31da0fb1,TEXT_SCANNED,264
red_wash/source/aru_bst_bridge.json,d91a22c35c91b213204411421de88815f27d8e16,15829,7154036322bf3f7f235c822b443eaf56f94070a4d87a4ecd58ef37e76db2916e,JSON_STRINGS_EXTRACTED,244
red_wash/source/core_operating_data.json,d91a22c35c91b213204411421de88815f27d8e16,24832,eb5601f3a519ac175bef07744fa3c23939734f80b5774efeed4800aa73e8aa3f,JSON_STRINGS_EXTRACTED,499
red_wash/source/external_source_register.csv,d91a22c35c91b213204411421de88815f27d8e16,10485,989c7fae3110dc6308f56da9f7831a2881be1295e8dfe08de686c51cdc71b7f7,TEXT_SCANNED,24
red_wash/tests/test_red_wash_record.py,d91a22c35c91b213204411421de88815f27d8e16,29419,e96736c76c54c0895277e955b97fa27a1c467d11dcc81379c54120838171d183,TEXT_SCANNED,641
red_wash/tools/build_red_wash_package.py,d91a22c35c91b213204411421de88815f27d8e16,79301,acb05a0cf48ae4a32fff24b9e52c36b8e0e13a25e3199c523188d1d5cc64e686,TEXT_SCANNED,2087
red_wash/tools/generate_red_wash_corpus.py,d91a22c35c91b213204411421de88815f27d8e16,370,51d828bef30a2b95124f5646bf33a677171947102d2d0c280cc696031880fd2b,TEXT_SCANNED,12
red_wash/tools/red_wash_contract.py,d91a22c35c91b213204411421de88815f27d8e16,16343,c21b1ba0e5cf7a01a3edd79d5ea6763aaf361ed4b8a235c70f2766ae1e649d83,TEXT_SCANNED,595
red_wash/tools/red_wash_projection_contract.py,d91a22c35c91b213204411421de88815f27d8e16,23620,2372173e7a1c76bb6ffc1f9de000a552b3af9169f3ce3b147156575317931286,TEXT_SCANNED,486
red_wash/tools/validate_red_wash_record.py,d91a22c35c91b213204411421de88815f27d8e16,44851,3702692fa1d2e698b3fb6398f0ae925960e5e64dcc7065f9be6f1d0b1f336e17,TEXT_SCANNED,1088
releases/manifests/public-demo-v0.1.schema.json,d91a22c35c91b213204411421de88815f27d8e16,12576,f3b62212d72a6d6632595bd6d014492be73b70165cc842bc406a15a60df87deb,JSON_STRINGS_EXTRACTED,217
scripts/build_organization_charts.py,d91a22c35c91b213204411421de88815f27d8e16,41855,1d0179be0ecd4bbb9d8192ee522d2db12225ed2c0aff18d97e9591f8f7b73a58,TEXT_SCANNED,607
scripts/check_public_safety.py,d91a22c35c91b213204411421de88815f27d8e16,2394,3ae1decbee6a16554e1bf5ad064060fcdddb2a0d0a7dc5bf1f8a15e650855b35,TEXT_SCANNED,66
scripts/validate_governance_j2.py,d91a22c35c91b213204411421de88815f27d8e16,11291,28f3e4b7696c55c1a9a04daa552ba1875e869e0954ea34f0c02372d8d24cf698,TEXT_SCANNED,189
scripts/validate_institutional_catalog.py,d91a22c35c91b213204411421de88815f27d8e16,4886,d51f0829e2cf7c265553ab1df5a4a1da0c9a08b43041bbe824221f87d59d3846,TEXT_SCANNED,93
scripts/validate_organization_maps.py,d91a22c35c91b213204411421de88815f27d8e16,6365,8580bf734973b65cc5220d7aba94b06e95007cbe7913392a5937bd355ac72ed4,TEXT_SCANNED,176
scripts/validate_repository_hygiene.py,d91a22c35c91b213204411421de88815f27d8e16,4756,3d4bf8bab8ce7f451c4a44562b3f5ed10a8a04f39a5b149c32b1955075c8969b,TEXT_SCANNED,85
src/sable_harbor/__init__.py,d91a22c35c91b213204411421de88815f27d8e16,62,9640e938de412a3ebc4bb6fc8dc3367b390eb4d25c7be3052558a7394e5a7c1a,TEXT_SCANNED,3
src/sable_harbor/accounting/ledger.py,d91a22c35c91b213204411421de88815f27d8e16,14332,fdd970eaa370aa0bcb8cb1052f9f488a733c4cf7734cc8b74e1083af3bfd52da,TEXT_SCANNED,353
src/sable_harbor/accounting/models.py,d91a22c35c91b213204411421de88815f27d8e16,16068,8413624a3971e45d639d30974392e88ef534e3dc19e299c463fdc2fdc500c278,TEXT_SCANNED,367
src/sable_harbor/accounting/seed.py,d91a22c35c91b213204411421de88815f27d8e16,8987,1538b80b1b73fccc60dbb0ad35c5e8e4f685246ce0750f9c06bcd4dc24247011,TEXT_SCANNED,271
src/sable_harbor/accounting/validation.py,d91a22c35c91b213204411421de88815f27d8e16,13108,d6a2cc6582fee45ff07637c864b581696864f6d50321ce9878fe5129caa00acd,TEXT_SCANNED,335
src/sable_harbor/cli.py,d91a22c35c91b213204411421de88815f27d8e16,10820,88cb83d7dc843780647a80cb5ff2a8575934942abc1ad5c573d080c51f2eda2d,TEXT_SCANNED,308
src/sable_harbor/commercial/contract_to_cash.py,d91a22c35c91b213204411421de88815f27d8e16,6702,708d29f2113937a7f4ce54f97f4d6ec4c460bc1b25f416a53d35c3302f6623fe,TEXT_SCANNED,224
src/sable_harbor/commercial/engagements.py,d91a22c35c91b213204411421de88815f27d8e16,4671,cefaa7c9e6212eb5b822af081cb63be10f02f6549eabcb4efff97202d6f57305,TEXT_SCANNED,148
src/sable_harbor/commercial/models.py,d91a22c35c91b213204411421de88815f27d8e16,7165,d240b8883a23e6e067e2216faecc9773a518afeec3b3c752e8e7071043c8825e,TEXT_SCANNED,158
src/sable_harbor/config/assumptions.py,d91a22c35c91b213204411421de88815f27d8e16,1515,bac5111f24e7e4a602dc16a85e62fc06c2aea086b6e71ce9fcf055f4b9a4fc6f,TEXT_SCANNED,58
src/sable_harbor/core/database.py,d91a22c35c91b213204411421de88815f27d8e16,1989,f485b8750184c54e17aba39cf8c6d6d5b744bb5d3767556c44dc642a6c7ae751,TEXT_SCANNED,58
src/sable_harbor/core/ids.py,d91a22c35c91b213204411421de88815f27d8e16,269,2ebb4fb109e689b35f5bfe2e59565b85bbd6acd5cb208026d15579490d2df32d,TEXT_SCANNED,8
src/sable_harbor/exports/metadata.py,d91a22c35c91b213204411421de88815f27d8e16,8346,26b2832c7462a62255d645626a304df52de1b55322e452c0e101e90188763e3a,TEXT_SCANNED,212
src/sable_harbor/exports/release.py,d91a22c35c91b213204411421de88815f27d8e16,18427,cc20f968dee025668b76590c5163eb5922f1dc1dfd7febc17ea14b73d3fd2674,TEXT_SCANNED,441
src/sable_harbor/exports/safety.py,d91a22c35c91b213204411421de88815f27d8e16,10033,1868479eb84a8c2f4f848160c1693b3043d5e8a221b86d80600484b86646f448,TEXT_SCANNED,259
src/sable_harbor/exports/units.py,d91a22c35c91b213204411421de88815f27d8e16,35684,991cfc4812fb0135235182c64df65a24278e7641ef044269393ba7c4fdc01cb8,TEXT_SCANNED,865
src/sable_harbor/generation.py,d91a22c35c91b213204411421de88815f27d8e16,73988,c8b055a4a701d2218ddf518f5af30d927ad2f5be4c9552db003dc2b47b7644b7,TEXT_SCANNED,1898
src/sable_harbor/logistics/flows.py,d91a22c35c91b213204411421de88815f27d8e16,4321,9f498bdf67dce59a9166a8aac9ecd3a1ae74be2087279cb1ac05f95859341c78,TEXT_SCANNED,150
src/sable_harbor/logistics/models.py,d91a22c35c91b213204411421de88815f27d8e16,1744,4e1392df59508b499f6d17c9dc83a0ce6cd0972300c36ab2192e14f93e0b6e94,TEXT_SCANNED,32
src/sable_harbor/mining/flows.py,d91a22c35c91b213204411421de88815f27d8e16,5655,9af7dcbb1696f0637a19494699ef243789966af94a62a553c7277c58a3d80299,TEXT_SCANNED,187
src/sable_harbor/mining/models.py,d91a22c35c91b213204411421de88815f27d8e16,2142,2876f755e4e5f5ad85d141fbeeb7213f3e1fe1dc2f35bdc212e7c8810a008830,TEXT_SCANNED,39
src/sable_harbor/operations/flows.py,d91a22c35c91b213204411421de88815f27d8e16,11512,127e9a15c8ddacbd37b6b0c511bbedaf09f653c2654bf012799cae6910cad1fe,TEXT_SCANNED,410
src/sable_harbor/operations/models.py,d91a22c35c91b213204411421de88815f27d8e16,6235,fc528d84178c0ee995462fb09ec5f776f44cf2753de65ce2b1fbdf85435cd26b,TEXT_SCANNED,135
src/sable_harbor/provenance/__init__.py,d91a22c35c91b213204411421de88815f27d8e16,78,b591fa389ea4b4328bcbf406d6f2479c20a00c6cc32cabb342cc9aae4fcf07d6,TEXT_SCANNED,1
src/sable_harbor/provenance/identity.py,d91a22c35c91b213204411421de88815f27d8e16,10797,da5166492220dc43958b2d88fc1ac117cdf55028b5099f03d1f9bd403aa78fff,TEXT_SCANNED,296
src/sable_harbor/provenance/models.py,d91a22c35c91b213204411421de88815f27d8e16,7171,c69fd0a11e3f27110f0043b83103fb456f5e50076e4ce8d2858a483034642703,TEXT_SCANNED,164
src/sable_harbor/provenance/service.py,d91a22c35c91b213204411421de88815f27d8e16,14157,594a05f54c1611adf4decd87e064f2908053d5e62095a296321ce19120d57b6a,TEXT_SCANNED,352
src/sable_harbor/recovery/flows.py,d91a22c35c91b213204411421de88815f27d8e16,4037,4e7436c8c42d1240b2e1d33fa7b154bfdbabe262a57003a8f2b97b3b1eb501a5,TEXT_SCANNED,132
src/sable_harbor/recovery/models.py,d91a22c35c91b213204411421de88815f27d8e16,1521,04c1a5e38c0e57a6201d35d33a760f9994133231905a0c35c19ff7645d6907fa,TEXT_SCANNED,28
src/sable_harbor/reporting.py,d91a22c35c91b213204411421de88815f27d8e16,9426,a82265bed7ff37a5f9c1ef31fe23865c51839633be61ce5dc4eda6c48fbd0672,TEXT_SCANNED,230
src/sable_harbor/reporting_queries.py,d91a22c35c91b213204411421de88815f27d8e16,1910,93d3c80e73385b68c02965727f0e2a4fa579f47de30a37ef0cee3f6007fb652f,TEXT_SCANNED,51
src/sable_harbor/reports/statements.py,d91a22c35c91b213204411421de88815f27d8e16,6212,d3f3723f5599c76f5cd54954b6957292dd532b5d1c7e5db483bc7bd439143457,TEXT_SCANNED,160
src/sable_harbor/research/flows.py,d91a22c35c91b213204411421de88815f27d8e16,5273,797afed35ecf9c9c4ccfe05d2c6c1dd8c698b1a15a2f8b1d630323828b7ac18e,TEXT_SCANNED,175
src/sable_harbor/research/models.py,d91a22c35c91b213204411421de88815f27d8e16,2191,7fd1c5cb8b6c543f4d49ce87721d0fe453ee45842c7f9b0ae62d29741bdd6354,TEXT_SCANNED,41
src/sable_harbor/schema.py,d91a22c35c91b213204411421de88815f27d8e16,2429,a4e0035143c41506aa2f85bcf7b16fb59c3e09387b5829d075789ae595432ab0,TEXT_SCANNED,70
src/sable_harbor/valuation/model.py,d91a22c35c91b213204411421de88815f27d8e16,3215,41c2014bd2f3e2530818e9cef2d0c2b96589b1a17b3284701ae4c5c5bb27221e,TEXT_SCANNED,76
src/sable_harbor/workbooks/suite.py,d91a22c35c91b213204411421de88815f27d8e16,29727,5006a7ca79ee4dfa3f67dbc74aec155cfd7bf5c01e2784b52e8cc5bdeacde7c5,TEXT_SCANNED,736
tests/canon/test_finance_guardrails.py,d91a22c35c91b213204411421de88815f27d8e16,5725,a845a1b3e3bbb32cac71aeb075f7e375495e75f1ad31f71165c475c11498347b,TEXT_SCANNED,144
tests/conftest.py,d91a22c35c91b213204411421de88815f27d8e16,127,db3e2d5491b3fa329d4c767afa5c7b00064b9d068806aef47f8e18d151e451a3,TEXT_SCANNED,3
tests/integration/test_contract_to_cash.py,d91a22c35c91b213204411421de88815f27d8e16,2411,507ccdd290815ab42fea7032df0fe3ff8d68b5dfacff4ece8c9533417672864f,TEXT_SCANNED,62
tests/integration/test_debt_integrity.py,d91a22c35c91b213204411421de88815f27d8e16,2336,028eb9514594785628491aa0fad16c2e38b64ea766087c01fc4aa4aa539e6ade,TEXT_SCANNED,67
tests/integration/test_engagement_margin.py,d91a22c35c91b213204411421de88815f27d8e16,2752,d0bc0540b1e59445e25d470d6c3f12b018ec69e26319960f54b1dc3a7f1d2430,TEXT_SCANNED,68
tests/integration/test_financial_query_integrity.py,d91a22c35c91b213204411421de88815f27d8e16,20197,608f6c51d9ab4c4b794d6e2c7737043e9f7af58ff679882101fc3483d4c2c39a,TEXT_SCANNED,555
tests/integration/test_generation_profiles.py,d91a22c35c91b213204411421de88815f27d8e16,3920,9367c04345949f4608305b4e2ea2147d216cfff537a9efba104d1ac6a23a6032,TEXT_SCANNED,115
tests/integration/test_generation_reporting.py,d91a22c35c91b213204411421de88815f27d8e16,1725,70da4a824d9a5e9950463b9463a3895f0ca4d8c17dcb48a31eaef4882fd11388,TEXT_SCANNED,43
tests/integration/test_generation_run_isolation.py,d91a22c35c91b213204411421de88815f27d8e16,12545,283761f542cf8c6ffee8917fa7cd1d774d0c1c9b2aac7afaa0421f9b89dd56ff,TEXT_SCANNED,326
tests/integration/test_ledger.py,d91a22c35c91b213204411421de88815f27d8e16,14422,b5a815b7d9c7b65b51a8e0ee875589d6f89292733e2a81ad2a01fd0bef8a1b7b,TEXT_SCANNED,392
tests/integration/test_logistics_flow.py,d91a22c35c91b213204411421de88815f27d8e16,1958,1e712df48d00f0b87e9b875e205b41f7c0d84c50c49bd6e55f517c44c3fcaa5b,TEXT_SCANNED,47
tests/integration/test_migrations.py,d91a22c35c91b213204411421de88815f27d8e16,14686,a69abec8f7f2ff9932d618d56e02495b8c1d9b5cf05eb5dd94a415429e60bbb7,TEXT_SCANNED,382
tests/integration/test_mining_flow.py,d91a22c35c91b213204411421de88815f27d8e16,2628,3de960269dce82aa071439ebc2aa972bee8a74e46da10d5cb8dbae41e880e20d,TEXT_SCANNED,64
tests/integration/test_named_queries.py,d91a22c35c91b213204411421de88815f27d8e16,2947,0eb38852303810935e4887d850a04535e1e5d25161feb0decf11621772b29f97,TEXT_SCANNED,70
tests/integration/test_operating_flows.py,d91a22c35c91b213204411421de88815f27d8e16,3182,f1fe89bbcc968d40e1bc404aa769758a63f880afd84b9abf9b4d07dc067a56ff,TEXT_SCANNED,85
tests/integration/test_postgres_stage1_matrix.py,d91a22c35c91b213204411421de88815f27d8e16,6488,ebb299b1dbfea210f32f088dd944b1b92654f69669af1b490462dbeeb968d443,TEXT_SCANNED,185
tests/integration/test_provenance_lineage.py,d91a22c35c91b213204411421de88815f27d8e16,1713,4a3499d2615664a7181b11527f89582f9ce4d7a672ba10c4f32ad2667cc6a8dc,TEXT_SCANNED,42
tests/integration/test_recovery_flow.py,d91a22c35c91b213204411421de88815f27d8e16,2797,cf711cd18fb9d54a9ad359cf61680ef963d1b8292b8ea82d2f9fc63fc1b5361b,TEXT_SCANNED,68
tests/integration/test_release_package.py,d91a22c35c91b213204411421de88815f27d8e16,15881,93abd5c07099df7d1b9a6f6f2ba500918f7053d7005927ebd36a7ba71af884ee,TEXT_SCANNED,390
tests/integration/test_research_flow.py,d91a22c35c91b213204411421de88815f27d8e16,3225,5e9c3aff1072a4d75ed0c711dafe6ae359525adec8a04ce5f6c3f61053deb4d1,TEXT_SCANNED,79
tests/integration/test_scenarios_history.py,d91a22c35c91b213204411421de88815f27d8e16,3877,cb612b2c6a87f16ec911e64522956ebcca43f1454be0b635ceeeb2dd8ab61fe5,TEXT_SCANNED,98
tests/integration/test_stage1_run_identity.py,d91a22c35c91b213204411421de88815f27d8e16,51508,e5debb867e1eff72750bb6dcbfe63ce9f1f8191af3915965e07b9ef9e45d6ca5,TEXT_SCANNED,1303
tests/integration/test_standard_generation.py,d91a22c35c91b213204411421de88815f27d8e16,6618,4f56818272b56cd2651a248373757c61458ef13b2882032e20df99255b49650f,TEXT_SCANNED,149
tests/integration/test_unit_packages.py,d91a22c35c91b213204411421de88815f27d8e16,10610,22bbf2f232d244b9a9a1c50aaed31288a388b00d12a5f33755af0e73cdc41b52,TEXT_SCANNED,258
tests/integration/test_workbook_suite.py,d91a22c35c91b213204411421de88815f27d8e16,7868,958232383a1b4f712387903eadbd35e4e335c1239ba57ffbabd3395163dfc7df,TEXT_SCANNED,172
tests/publications/test_financial_content.py,d91a22c35c91b213204411421de88815f27d8e16,969,ee1a989a2156389cf70df1b2657f5f703bab11315d01f905930f3ac44e36a484,TEXT_SCANNED,26
tests/publications/test_pdf_normalization.py,d91a22c35c91b213204411421de88815f27d8e16,3162,d769c3608a1c3fcf8dd60ead907844c51148c082edfc932d45a821cbad355b55,TEXT_SCANNED,70
tests/publications/test_publication_markdown.py,d91a22c35c91b213204411421de88815f27d8e16,5114,bffd42e66180880862c148d64768dfee3da3eda5f61b395d7137d352535516c3,TEXT_SCANNED,131
tests/reconciliation/test_statements_consolidation.py,d91a22c35c91b213204411421de88815f27d8e16,5720,f033f7b067447fa9a0b30935e08fe0ba49470e796de65a66f24a30c36f55d9de,TEXT_SCANNED,114
tests/unit/test_assumptions.py,d91a22c35c91b213204411421de88815f27d8e16,388,9e3546ef52cfad94bbcf3239ddfede91b242aecf9abac14edfe39add6757bb0a,TEXT_SCANNED,11
tests/unit/test_brand_visual_asset_guard.py,d91a22c35c91b213204411421de88815f27d8e16,2187,407ce2b8b59e9c80d5a1bdd5a35c923d744bbc1314ebabda64c55d3676b46c73,TEXT_SCANNED,60
tests/unit/test_controlled_publication_catalog.py,d91a22c35c91b213204411421de88815f27d8e16,2863,27c78a82c8caf9dd7819652ea46cc25452930d2d66d561e50e29b58707f42d90,TEXT_SCANNED,70
tests/unit/test_ids.py,d91a22c35c91b213204411421de88815f27d8e16,226,01f2ecfde5b6bb8f8faa1e54ce1473eb771936320dae87ef036fdeb2337913c3,TEXT_SCANNED,6
tests/unit/test_organization_generator.py,d91a22c35c91b213204411421de88815f27d8e16,4311,6be89d9feac7d93d40d79630c8cadf8712cded8dc04a98b51c0cedbc3b0ebcb5,TEXT_SCANNED,102
tests/unit/test_valuation.py,d91a22c35c91b213204411421de88815f27d8e16,2303,ba5472859c843868b8f0f1a4d556e827f47fdf5908f65b93318cc424ca7949d6,TEXT_SCANNED,57
tools/brand/generate_sable_harbor_brand_assets.py,d91a22c35c91b213204411421de88815f27d8e16,34263,7199bda903af1c9470d7618550a3e746d3f89ace4a38382f0576c439f766174a,TEXT_SCANNED,896
tools/brand/validate_red_wash_visual_assets.py,d91a22c35c91b213204411421de88815f27d8e16,7658,2743dadc475ad8ae888649a200ea0a4c0fa7f1f6e0bb7793e4f95612d1476a39,TEXT_SCANNED,230
tools/documents/README.md,d91a22c35c91b213204411421de88815f27d8e16,2814,f01fc5aa0513e4eea19fdcbd9e37c909cdd08c23719ae04de937a96ce32ba17b,TEXT_SCANNED,45
tools/documents/build_controlled_publications.py,d91a22c35c91b213204411421de88815f27d8e16,23116,a3246bddf90d5b99c4651573fa0c1e3c13138463457fe052a678246c915fe33b,TEXT_SCANNED,459
tools/documents/build_institutional_catalog.py,d91a22c35c91b213204411421de88815f27d8e16,7221,7732ef0ced73785f4a675402b20c2ca0ff2f7086ca101776815d64bb1f1fdeff,TEXT_SCANNED,161
tools/documents/requirements.txt,d91a22c35c91b213204411421de88815f27d8e16,139,3fdca48193301a5c0361b6786ef272a0462069c390013d7ac1c43119de92b231,TEXT_SCANNED,3
tools/organization/build_j2_charts.py,d91a22c35c91b213204411421de88815f27d8e16,4847,c33d0812e0d44793844a2dc137b8d2de88f484e9dd9f160075cecb497b5dd556,TEXT_SCANNED,45
tools/organization/build_org_briefing.js,d91a22c35c91b213204411421de88815f27d8e16,34555,8028751e7a124b626c439ad5e3e4c400837e77164d2cd84b66115b9fd48e926b,TEXT_SCANNED,574
tools/organization/postbuild_org_briefing.py,d91a22c35c91b213204411421de88815f27d8e16,4697,0bd7451b6c1a639cb7885267916370ac2812b140481bee20a37689091e724027,TEXT_SCANNED,122
uv.lock,d91a22c35c91b213204411421de88815f27d8e16,226328,4dcdd83465c5d22f1d46d46dce649796b7e35c3411aa8d1a4251728ba5c606f5,TEXT_SCANNED,1085
