journal_id,entity,year,month,segment,account,account_name,debit_usd,credit_usd,signed_usd,description,source_id,cash_flow,period_role,record_origin,fact_state,as_of_cutoff,effective_period_end,available_at
ARU_GROUP-2026-00001,ARU_GROUP,2026,0,ARU,1000,Cash,2000000,0,2000000,Acquisition pushdown opening balance sheet after financing and fees,PPA-2026-01-07,NONCASH_OR_OPENING,SYNTHETIC_CALIBRATION,PUBLIC_SYNTHETIC_DIEGETIC,LOCKED_DERIVED_IMPLEMENTATION,2026-09-05,2026-01-07,2026-09-05
ARU_GROUP-2026-00001,ARU_GROUP,2026,0,ARU,1100,"External receivables, net of allowance",6000000,0,6000000,Acquisition pushdown opening balance sheet after financing and fees,PPA-2026-01-07,NONCASH_OR_OPENING,SYNTHETIC_CALIBRATION,PUBLIC_SYNTHETIC_DIEGETIC,LOCKED_DERIVED_IMPLEMENTATION,2026-09-05,2026-01-07,2026-09-05
ARU_GROUP-2026-00001,ARU_GROUP,2026,0,ARU,1200,Inventory cash cost,1800000,0,1800000,Acquisition pushdown opening balance sheet after financing and fees,PPA-2026-01-07,NONCASH_OR_OPENING,SYNTHETIC_CALIBRATION,PUBLIC_SYNTHETIC_DIEGETIC,LOCKED_DERIVED_IMPLEMENTATION,2026-09-05,2026-01-07,2026-09-05
ARU_GROUP-2026-00001,ARU_GROUP,2026,0,ARU,1300,Prepaids,700000,0,700000,Acquisition pushdown opening balance sheet after financing and fees,PPA-2026-01-07,NONCASH_OR_OPENING,SYNTHETIC_CALIBRATION,PUBLIC_SYNTHETIC_DIEGETIC,LOCKED_DERIVED_IMPLEMENTATION,2026-09-05,2026-01-07,2026-09-05
ARU_GROUP-2026-00001,ARU_GROUP,2026,0,ARU,1400,PPE gross,42000000,0,42000000,Acquisition pushdown opening balance sheet after financing and fees,PPA-2026-01-07,NONCASH_OR_OPENING,SYNTHETIC_CALIBRATION,PUBLIC_SYNTHETIC_DIEGETIC,LOCKED_DERIVED_IMPLEMENTATION,2026-09-05,2026-01-07,2026-09-05
ARU_GROUP-2026-00001,ARU_GROUP,2026,0,ARU,1500,Finance lease ROU gross,2500000,0,2500000,Acquisition pushdown opening balance sheet after financing and fees,PPA-2026-01-07,NONCASH_OR_OPENING,SYNTHETIC_CALIBRATION,PUBLIC_SYNTHETIC_DIEGETIC,LOCKED_DERIVED_IMPLEMENTATION,2026-09-05,2026-01-07,2026-09-05
ARU_GROUP-2026-00001,ARU_GROUP,2026,0,ARU,2000,Trade payables,0,3000000,-3000000,Acquisition pushdown opening balance sheet after financing and fees,PPA-2026-01-07,NONCASH_OR_OPENING,SYNTHETIC_CALIBRATION,PUBLIC_SYNTHETIC_DIEGETIC,LOCKED_DERIVED_IMPLEMENTATION,2026-09-05,2026-01-07,2026-09-05
ARU_GROUP-2026-00001,ARU_GROUP,2026,0,ARU,2100,Operating accruals,0,1000000,-1000000,Acquisition pushdown opening balance sheet after financing and fees,PPA-2026-01-07,NONCASH_OR_OPENING,SYNTHETIC_CALIBRATION,PUBLIC_SYNTHETIC_DIEGETIC,LOCKED_DERIVED_IMPLEMENTATION,2026-09-05,2026-01-07,2026-09-05
ARU_GROUP-2026-00001,ARU_GROUP,2026,0,ARU,2200,Environmental reserve / ARO,0,1750000,-1750000,Acquisition pushdown opening balance sheet after financing and fees,PPA-2026-01-07,NONCASH_OR_OPENING,SYNTHETIC_CALIBRATION,PUBLIC_SYNTHETIC_DIEGETIC,LOCKED_DERIVED_IMPLEMENTATION,2026-09-05,2026-01-07,2026-09-05
ARU_GROUP-2026-00001,ARU_GROUP,2026,0,ARU,2300,Claim reserve / other liabilities,0,600000,-600000,Acquisition pushdown opening balance sheet after financing and fees,PPA-2026-01-07,NONCASH_OR_OPENING,SYNTHETIC_CALIBRATION,PUBLIC_SYNTHETIC_DIEGETIC,LOCKED_DERIVED_IMPLEMENTATION,2026-09-05,2026-01-07,2026-09-05
ARU_GROUP-2026-00001,ARU_GROUP,2026,0,ARU,2400,Term debt face value,0,22500000,-22500000,Acquisition pushdown opening balance sheet after financing and fees,PPA-2026-01-07,NONCASH_OR_OPENING,SYNTHETIC_CALIBRATION,PUBLIC_SYNTHETIC_DIEGETIC,LOCKED_DERIVED_IMPLEMENTATION,2026-09-05,2026-01-07,2026-09-05
ARU_GROUP-2026-00001,ARU_GROUP,2026,0,ARU,2600,Finance lease obligation,0,2500000,-2500000,Acquisition pushdown opening balance sheet after financing and fees,PPA-2026-01-07,NONCASH_OR_OPENING,SYNTHETIC_CALIBRATION,PUBLIC_SYNTHETIC_DIEGETIC,LOCKED_DERIVED_IMPLEMENTATION,2026-09-05,2026-01-07,2026-09-05
ARU_GROUP-2026-00001,ARU_GROUP,2026,0,ARU,1600,Goodwill,14762500,0,14762500,Acquisition pushdown opening balance sheet after financing and fees,PPA-2026-01-07,NONCASH_OR_OPENING,SYNTHETIC_CALIBRATION,PUBLIC_SYNTHETIC_DIEGETIC,LOCKED_DERIVED_IMPLEMENTATION,2026-09-05,2026-01-07,2026-09-05
ARU_GROUP-2026-00001,ARU_GROUP,2026,0,ARU,1700,"Debt issuance cost, contra term debt",300000,0,300000,Acquisition pushdown opening balance sheet after financing and fees,PPA-2026-01-07,NONCASH_OR_OPENING,SYNTHETIC_CALIBRATION,PUBLIC_SYNTHETIC_DIEGETIC,LOCKED_DERIVED_IMPLEMENTATION,2026-09-05,2026-01-07,2026-09-05
ARU_GROUP-2026-00001,ARU_GROUP,2026,0,ARU,1800,Deferred tax asset on reserved liabilities,587500,0,587500,Acquisition pushdown opening balance sheet after financing and fees,PPA-2026-01-07,NONCASH_OR_OPENING,SYNTHETIC_CALIBRATION,PUBLIC_SYNTHETIC_DIEGETIC,LOCKED_DERIVED_IMPLEMENTATION,2026-09-05,2026-01-07,2026-09-05
ARU_GROUP-2026-00001,ARU_GROUP,2026,0,ARU,3000,Contributed equity,0,39300000,-39300000,Acquisition pushdown opening balance sheet after financing and fees,PPA-2026-01-07,NONCASH_OR_OPENING,SYNTHETIC_CALIBRATION,PUBLIC_SYNTHETIC_DIEGETIC,LOCKED_DERIVED_IMPLEMENTATION,2026-09-05,2026-01-07,2026-09-05
ARU_GROUP-2026-00002,ARU_GROUP,2026,1,BST,1100,"External receivables, net of allowance",191319,0,191319,External customer invoice under source price and volume indices,BST-2025-001,NONCASH_OR_OPENING,SYNTHETIC_CALIBRATION,PUBLIC_SYNTHETIC_DIEGETIC,LOCKED_DERIVED_IMPLEMENTATION,2026-09-05,2026-01-31,2026-09-05
ARU_GROUP-2026-00002,ARU_GROUP,2026,1,BST,4000,External revenue,0,191319,-191319,External customer invoice under source price and volume indices,BST-2025-001,NONCASH_OR_OPENING,SYNTHETIC_CALIBRATION,PUBLIC_SYNTHETIC_DIEGETIC,LOCKED_DERIVED_IMPLEMENTATION,2026-09-05,2026-01-31,2026-09-05
ARU_GROUP-2026-00003,ARU_GROUP,2026,1,BST,1100,"External receivables, net of allowance",82635,0,82635,External customer invoice under source price and volume indices,BST-2025-006,NONCASH_OR_OPENING,SYNTHETIC_CALIBRATION,PUBLIC_SYNTHETIC_DIEGETIC,LOCKED_DERIVED_IMPLEMENTATION,2026-09-05,2026-01-31,2026-09-05
ARU_GROUP-2026-00003,ARU_GROUP,2026,1,BST,4000,External revenue,0,82635,-82635,External customer invoice under source price and volume indices,BST-2025-006,NONCASH_OR_OPENING,SYNTHETIC_CALIBRATION,PUBLIC_SYNTHETIC_DIEGETIC,LOCKED_DERIVED_IMPLEMENTATION,2026-09-05,2026-01-31,2026-09-05
ARU_GROUP-2026-00004,ARU_GROUP,2026,1,BST,1100,"External receivables, net of allowance",143636,0,143636,External customer invoice under source price and volume indices,BST-2025-002,NONCASH_OR_OPENING,SYNTHETIC_CALIBRATION,PUBLIC_SYNTHETIC_DIEGETIC,LOCKED_DERIVED_IMPLEMENTATION,2026-09-05,2026-01-31,2026-09-05
ARU_GROUP-2026-00004,ARU_GROUP,2026,1,BST,4000,External revenue,0,143636,-143636,External customer invoice under source price and volume indices,BST-2025-002,NONCASH_OR_OPENING,SYNTHETIC_CALIBRATION,PUBLIC_SYNTHETIC_DIEGETIC,LOCKED_DERIVED_IMPLEMENTATION,2026-09-05,2026-01-31,2026-09-05
ARU_GROUP-2026-00005,ARU_GROUP,2026,1,BST,1100,"External receivables, net of allowance",64710,0,64710,External customer invoice under source price and volume indices,BST-2025-007,NONCASH_OR_OPENING,SYNTHETIC_CALIBRATION,PUBLIC_SYNTHETIC_DIEGETIC,LOCKED_DERIVED_IMPLEMENTATION,2026-09-05,2026-01-31,2026-09-05
ARU_GROUP-2026-00005,ARU_GROUP,2026,1,BST,4000,External revenue,0,64710,-64710,External customer invoice under source price and volume indices,BST-2025-007,NONCASH_OR_OPENING,SYNTHETIC_CALIBRATION,PUBLIC_SYNTHETIC_DIEGETIC,LOCKED_DERIVED_IMPLEMENTATION,2026-09-05,2026-01-31,2026-09-05
ARU_GROUP-2026-00006,ARU_GROUP,2026,1,BST,1100,"External receivables, net of allowance",74375,0,74375,External customer invoice under source price and volume indices,BST-2025-004,NONCASH_OR_OPENING,SYNTHETIC_CALIBRATION,PUBLIC_SYNTHETIC_DIEGETIC,LOCKED_DERIVED_IMPLEMENTATION,2026-09-05,2026-01-31,2026-09-05
ARU_GROUP-2026-00006,ARU_GROUP,2026,1,BST,4000,External revenue,0,74375,-74375,External customer invoice under source price and volume indices,BST-2025-004,NONCASH_OR_OPENING,SYNTHETIC_CALIBRATION,PUBLIC_SYNTHETIC_DIEGETIC,LOCKED_DERIVED_IMPLEMENTATION,2026-09-05,2026-01-31,2026-09-05
ARU_GROUP-2026-00007,ARU_GROUP,2026,1,BST,1100,"External receivables, net of allowance",38044,0,38044,External customer invoice under source price and volume indices,BST-2025-008,NONCASH_OR_OPENING,SYNTHETIC_CALIBRATION,PUBLIC_SYNTHETIC_DIEGETIC,LOCKED_DERIVED_IMPLEMENTATION,2026-09-05,2026-01-31,2026-09-05
ARU_GROUP-2026-00007,ARU_GROUP,2026,1,BST,4000,External revenue,0,38044,-38044,External customer invoice under source price and volume indices,BST-2025-008,NONCASH_OR_OPENING,SYNTHETIC_CALIBRATION,PUBLIC_SYNTHETIC_DIEGETIC,LOCKED_DERIVED_IMPLEMENTATION,2026-09-05,2026-01-31,2026-09-05
ARU_GROUP-2026-00008,ARU_GROUP,2026,1,BST,1100,"External receivables, net of allowance",87873,0,87873,External customer invoice under source price and volume indices,BST-2025-003,NONCASH_OR_OPENING,SYNTHETIC_CALIBRATION,PUBLIC_SYNTHETIC_DIEGETIC,LOCKED_DERIVED_IMPLEMENTATION,2026-09-05,2026-01-31,2026-09-05
ARU_GROUP-2026-00008,ARU_GROUP,2026,1,BST,4000,External revenue,0,87873,-87873,External customer invoice under source price and volume indices,BST-2025-003,NONCASH_OR_OPENING,SYNTHETIC_CALIBRATION,PUBLIC_SYNTHETIC_DIEGETIC,LOCKED_DERIVED_IMPLEMENTATION,2026-09-05,2026-01-31,2026-09-05
ARU_GROUP-2026-00009,ARU_GROUP,2026,1,BST,1100,"External receivables, net of allowance",47127,0,47127,External customer invoice under source price and volume indices,BST-2025-009,NONCASH_OR_OPENING,SYNTHETIC_CALIBRATION,PUBLIC_SYNTHETIC_DIEGETIC,LOCKED_DERIVED_IMPLEMENTATION,2026-09-05,2026-01-31,2026-09-05
ARU_GROUP-2026-00009,ARU_GROUP,2026,1,BST,4000,External revenue,0,47127,-47127,External customer invoice under source price and volume indices,BST-2025-009,NONCASH_OR_OPENING,SYNTHETIC_CALIBRATION,PUBLIC_SYNTHETIC_DIEGETIC,LOCKED_DERIVED_IMPLEMENTATION,2026-09-05,2026-01-31,2026-09-05
ARU_GROUP-2026-00010,ARU_GROUP,2026,1,BST,1100,"External receivables, net of allowance",42911,0,42911,External customer invoice under source price and volume indices,BST-2025-010,NONCASH_OR_OPENING,SYNTHETIC_CALIBRATION,PUBLIC_SYNTHETIC_DIEGETIC,LOCKED_DERIVED_IMPLEMENTATION,2026-09-05,2026-01-31,2026-09-05
ARU_GROUP-2026-00010,ARU_GROUP,2026,1,BST,4000,External revenue,0,42911,-42911,External customer invoice under source price and volume indices,BST-2025-010,NONCASH_OR_OPENING,SYNTHETIC_CALIBRATION,PUBLIC_SYNTHETIC_DIEGETIC,LOCKED_DERIVED_IMPLEMENTATION,2026-09-05,2026-01-31,2026-09-05
ARU_GROUP-2026-00011,ARU_GROUP,2026,1,BST,1100,"External receivables, net of allowance",24048,0,24048,External customer invoice under source price and volume indices,BST-2025-011,NONCASH_OR_OPENING,SYNTHETIC_CALIBRATION,PUBLIC_SYNTHETIC_DIEGETIC,LOCKED_DERIVED_IMPLEMENTATION,2026-09-05,2026-01-31,2026-09-05
ARU_GROUP-2026-00011,ARU_GROUP,2026,1,BST,4000,External revenue,0,24048,-24048,External customer invoice under source price and volume indices,BST-2025-011,NONCASH_OR_OPENING,SYNTHETIC_CALIBRATION,PUBLIC_SYNTHETIC_DIEGETIC,LOCKED_DERIVED_IMPLEMENTATION,2026-09-05,2026-01-31,2026-09-05
ARU_GROUP-2026-00012,ARU_GROUP,2026,1,BST,1100,"External receivables, net of allowance",71464,0,71464,External customer invoice under source price and volume indices,BST-2025-012,NONCASH_OR_OPENING,SYNTHETIC_CALIBRATION,PUBLIC_SYNTHETIC_DIEGETIC,LOCKED_DERIVED_IMPLEMENTATION,2026-09-05,2026-01-31,2026-09-05
ARU_GROUP-2026-00012,ARU_GROUP,2026,1,BST,4000,External revenue,0,71464,-71464,External customer invoice under source price and volume indices,BST-2025-012,NONCASH_OR_OPENING,SYNTHETIC_CALIBRATION,PUBLIC_SYNTHETIC_DIEGETIC,LOCKED_DERIVED_IMPLEMENTATION,2026-09-05,2026-01-31,2026-09-05
ARU_GROUP-2026-00013,ARU_GROUP,2026,1,BST,1100,"External receivables, net of allowance",45250,0,45250,External customer invoice under source price and volume indices,BST-2025-013,NONCASH_OR_OPENING,SYNTHETIC_CALIBRATION,PUBLIC_SYNTHETIC_DIEGETIC,LOCKED_DERIVED_IMPLEMENTATION,2026-09-05,2026-01-31,2026-09-05
ARU_GROUP-2026-00013,ARU_GROUP,2026,1,BST,4000,External revenue,0,45250,-45250,External customer invoice under source price and volume indices,BST-2025-013,NONCASH_OR_OPENING,SYNTHETIC_CALIBRATION,PUBLIC_SYNTHETIC_DIEGETIC,LOCKED_DERIVED_IMPLEMENTATION,2026-09-05,2026-01-31,2026-09-05
ARU_GROUP-2026-00014,ARU_GROUP,2026,1,TERMINALS,1100,"External receivables, net of allowance",77446,0,77446,External customer invoice under source price and volume indices,TRM-2025-001,NONCASH_OR_OPENING,SYNTHETIC_CALIBRATION,PUBLIC_SYNTHETIC_DIEGETIC,LOCKED_DERIVED_IMPLEMENTATION,2026-09-05,2026-01-31,2026-09-05
ARU_GROUP-2026-00014,ARU_GROUP,2026,1,TERMINALS,4000,External revenue,0,77446,-77446,External customer invoice under source price and volume indices,TRM-2025-001,NONCASH_OR_OPENING,SYNTHETIC_CALIBRATION,PUBLIC_SYNTHETIC_DIEGETIC,LOCKED_DERIVED_IMPLEMENTATION,2026-09-05,2026-01-31,2026-09-05
ARU_GROUP-2026-00015,ARU_GROUP,2026,1,TERMINALS,1100,"External receivables, net of allowance",75307,0,75307,External customer invoice under source price and volume indices,TRM-2025-002,NONCASH_OR_OPENING,SYNTHETIC_CALIBRATION,PUBLIC_SYNTHETIC_DIEGETIC,LOCKED_DERIVED_IMPLEMENTATION,2026-09-05,2026-01-31,2026-09-05
ARU_GROUP-2026-00015,ARU_GROUP,2026,1,TERMINALS,4000,External revenue,0,75307,-75307,External customer invoice under source price and volume indices,TRM-2025-002,NONCASH_OR_OPENING,SYNTHETIC_CALIBRATION,PUBLIC_SYNTHETIC_DIEGETIC,LOCKED_DERIVED_IMPLEMENTATION,2026-09-05,2026-01-31,2026-09-05
ARU_GROUP-2026-00016,ARU_GROUP,2026,1,TERMINALS,1100,"External receivables, net of allowance",103810,0,103810,External customer invoice under source price and volume indices,TRM-2025-003,NONCASH_OR_OPENING,SYNTHETIC_CALIBRATION,PUBLIC_SYNTHETIC_DIEGETIC,LOCKED_DERIVED_IMPLEMENTATION,2026-09-05,2026-01-31,2026-09-05
ARU_GROUP-2026-00016,ARU_GROUP,2026,1,TERMINALS,4000,External revenue,0,103810,-103810,External customer invoice under source price and volume indices,TRM-2025-003,NONCASH_OR_OPENING,SYNTHETIC_CALIBRATION,PUBLIC_SYNTHETIC_DIEGETIC,LOCKED_DERIVED_IMPLEMENTATION,2026-09-05,2026-01-31,2026-09-05
ARU_GROUP-2026-00017,ARU_GROUP,2026,1,TERMINALS,1100,"External receivables, net of allowance",103645,0,103645,External customer invoice under source price and volume indices,TRM-2025-014,NONCASH_OR_OPENING,SYNTHETIC_CALIBRATION,PUBLIC_SYNTHETIC_DIEGETIC,LOCKED_DERIVED_IMPLEMENTATION,2026-09-05,2026-01-31,2026-09-05
ARU_GROUP-2026-00017,ARU_GROUP,2026,1,TERMINALS,4000,External revenue,0,103645,-103645,External customer invoice under source price and volume indices,TRM-2025-014,NONCASH_OR_OPENING,SYNTHETIC_CALIBRATION,PUBLIC_SYNTHETIC_DIEGETIC,LOCKED_DERIVED_IMPLEMENTATION,2026-09-05,2026-01-31,2026-09-05
ARU_GROUP-2026-00018,ARU_GROUP,2026,1,TERMINALS,1100,"External receivables, net of allowance",102206,0,102206,External customer invoice under source price and volume indices,TRM-2025-015,NONCASH_OR_OPENING,SYNTHETIC_CALIBRATION,PUBLIC_SYNTHETIC_DIEGETIC,LOCKED_DERIVED_IMPLEMENTATION,2026-09-05,2026-01-31,2026-09-05
ARU_GROUP-2026-00018,ARU_GROUP,2026,1,TERMINALS,4000,External revenue,0,102206,-102206,External customer invoice under source price and volume indices,TRM-2025-015,NONCASH_OR_OPENING,SYNTHETIC_CALIBRATION,PUBLIC_SYNTHETIC_DIEGETIC,LOCKED_DERIVED_IMPLEMENTATION,2026-09-05,2026-01-31,2026-09-05
ARU_GROUP-2026-00019,ARU_GROUP,2026,1,TERMINALS,1100,"External receivables, net of allowance",99039,0,99039,External customer invoice under source price and volume indices,TRM-2025-016,NONCASH_OR_OPENING,SYNTHETIC_CALIBRATION,PUBLIC_SYNTHETIC_DIEGETIC,LOCKED_DERIVED_IMPLEMENTATION,2026-09-05,2026-01-31,2026-09-05
ARU_GROUP-2026-00019,ARU_GROUP,2026,1,TERMINALS,4000,External revenue,0,99039,-99039,External customer invoice under source price and volume indices,TRM-2025-016,NONCASH_OR_OPENING,SYNTHETIC_CALIBRATION,PUBLIC_SYNTHETIC_DIEGETIC,LOCKED_DERIVED_IMPLEMENTATION,2026-09-05,2026-01-31,2026-09-05
ARU_GROUP-2026-00020,ARU_GROUP,2026,1,TERMINALS,1100,"External receivables, net of allowance",95008,0,95008,External customer invoice under source price and volume indices,TRM-2025-017,NONCASH_OR_OPENING,SYNTHETIC_CALIBRATION,PUBLIC_SYNTHETIC_DIEGETIC,LOCKED_DERIVED_IMPLEMENTATION,2026-09-05,2026-01-31,2026-09-05
ARU_GROUP-2026-00020,ARU_GROUP,2026,1,TERMINALS,4000,External revenue,0,95008,-95008,External customer invoice under source price and volume indices,TRM-2025-017,NONCASH_OR_OPENING,SYNTHETIC_CALIBRATION,PUBLIC_SYNTHETIC_DIEGETIC,LOCKED_DERIVED_IMPLEMENTATION,2026-09-05,2026-01-31,2026-09-05
ARU_GROUP-2026-00021,ARU_GROUP,2026,1,TERMINALS,1100,"External receivables, net of allowance",92129,0,92129,External customer invoice under source price and volume indices,TRM-2025-018,NONCASH_OR_OPENING,SYNTHETIC_CALIBRATION,PUBLIC_SYNTHETIC_DIEGETIC,LOCKED_DERIVED_IMPLEMENTATION,2026-09-05,2026-01-31,2026-09-05
ARU_GROUP-2026-00021,ARU_GROUP,2026,1,TERMINALS,4000,External revenue,0,92129,-92129,External customer invoice under source price and volume indices,TRM-2025-018,NONCASH_OR_OPENING,SYNTHETIC_CALIBRATION,PUBLIC_SYNTHETIC_DIEGETIC,LOCKED_DERIVED_IMPLEMENTATION,2026-09-05,2026-01-31,2026-09-05
ARU_GROUP-2026-00022,ARU_GROUP,2026,1,TRUCKING,1100,"External receivables, net of allowance",82669,0,82669,External customer invoice under source price and volume indices,TRK-2025-004,NONCASH_OR_OPENING,SYNTHETIC_CALIBRATION,PUBLIC_SYNTHETIC_DIEGETIC,LOCKED_DERIVED_IMPLEMENTATION,2026-09-05,2026-01-31,2026-09-05
ARU_GROUP-2026-00022,ARU_GROUP,2026,1,TRUCKING,4000,External revenue,0,82669,-82669,External customer invoice under source price and volume indices,TRK-2025-004,NONCASH_OR_OPENING,SYNTHETIC_CALIBRATION,PUBLIC_SYNTHETIC_DIEGETIC,LOCKED_DERIVED_IMPLEMENTATION,2026-09-05,2026-01-31,2026-09-05
ARU_GROUP-2026-00023,ARU_GROUP,2026,1,TRUCKING,1100,"External receivables, net of allowance",93774,0,93774,External customer invoice under source price and volume indices,TRK-2025-019,NONCASH_OR_OPENING,SYNTHETIC_CALIBRATION,PUBLIC_SYNTHETIC_DIEGETIC,LOCKED_DERIVED_IMPLEMENTATION,2026-09-05,2026-01-31,2026-09-05
ARU_GROUP-2026-00023,ARU_GROUP,2026,1,TRUCKING,4000,External revenue,0,93774,-93774,External customer invoice under source price and volume indices,TRK-2025-019,NONCASH_OR_OPENING,SYNTHETIC_CALIBRATION,PUBLIC_SYNTHETIC_DIEGETIC,LOCKED_DERIVED_IMPLEMENTATION,2026-09-05,2026-01-31,2026-09-05
ARU_GROUP-2026-00024,ARU_GROUP,2026,1,TRUCKING,1100,"External receivables, net of allowance",89661,0,89661,External customer invoice under source price and volume indices,TRK-2025-020,NONCASH_OR_OPENING,SYNTHETIC_CALIBRATION,PUBLIC_SYNTHETIC_DIEGETIC,LOCKED_DERIVED_IMPLEMENTATION,2026-09-05,2026-01-31,2026-09-05
ARU_GROUP-2026-00024,ARU_GROUP,2026,1,TRUCKING,4000,External revenue,0,89661,-89661,External customer invoice under source price and volume indices,TRK-2025-020,NONCASH_OR_OPENING,SYNTHETIC_CALIBRATION,PUBLIC_SYNTHETIC_DIEGETIC,LOCKED_DERIVED_IMPLEMENTATION,2026-09-05,2026-01-31,2026-09-05
ARU_GROUP-2026-00025,ARU_GROUP,2026,1,TRUCKING,1100,"External receivables, net of allowance",85137,0,85137,External customer invoice under source price and volume indices,TRK-2025-021,NONCASH_OR_OPENING,SYNTHETIC_CALIBRATION,PUBLIC_SYNTHETIC_DIEGETIC,LOCKED_DERIVED_IMPLEMENTATION,2026-09-05,2026-01-31,2026-09-05
ARU_GROUP-2026-00025,ARU_GROUP,2026,1,TRUCKING,4000,External revenue,0,85137,-85137,External customer invoice under source price and volume indices,TRK-2025-021,NONCASH_OR_OPENING,SYNTHETIC_CALIBRATION,PUBLIC_SYNTHETIC_DIEGETIC,LOCKED_DERIVED_IMPLEMENTATION,2026-09-05,2026-01-31,2026-09-05
ARU_GROUP-2026-00026,ARU_GROUP,2026,1,TRUCKING,1100,"External receivables, net of allowance",80613,0,80613,External customer invoice under source price and volume indices,TRK-2025-022,NONCASH_OR_OPENING,SYNTHETIC_CALIBRATION,PUBLIC_SYNTHETIC_DIEGETIC,LOCKED_DERIVED_IMPLEMENTATION,2026-09-05,2026-01-31,2026-09-05
ARU_GROUP-2026-00026,ARU_GROUP,2026,1,TRUCKING,4000,External revenue,0,80613,-80613,External customer invoice under source price and volume indices,TRK-2025-022,NONCASH_OR_OPENING,SYNTHETIC_CALIBRATION,PUBLIC_SYNTHETIC_DIEGETIC,LOCKED_DERIVED_IMPLEMENTATION,2026-09-05,2026-01-31,2026-09-05
ARU_GROUP-2026-00027,ARU_GROUP,2026,1,WAREHOUSE,1100,"External receivables, net of allowance",139921,0,139921,External customer invoice under source price and volume indices,WHS-2025-005,NONCASH_OR_OPENING,SYNTHETIC_CALIBRATION,PUBLIC_SYNTHETIC_DIEGETIC,LOCKED_DERIVED_IMPLEMENTATION,2026-09-05,2026-01-31,2026-09-05
ARU_GROUP-2026-00027,ARU_GROUP,2026,1,WAREHOUSE,4000,External revenue,0,139921,-139921,External customer invoice under source price and volume indices,WHS-2025-005,NONCASH_OR_OPENING,SYNTHETIC_CALIBRATION,PUBLIC_SYNTHETIC_DIEGETIC,LOCKED_DERIVED_IMPLEMENTATION,2026-09-05,2026-01-31,2026-09-05
ARU_GROUP-2026-00028,ARU_GROUP,2026,1,WAREHOUSE,1100,"External receivables, net of allowance",74279,0,74279,External customer invoice under source price and volume indices,WHS-2025-023,NONCASH_OR_OPENING,SYNTHETIC_CALIBRATION,PUBLIC_SYNTHETIC_DIEGETIC,LOCKED_DERIVED_IMPLEMENTATION,2026-09-05,2026-01-31,2026-09-05
ARU_GROUP-2026-00028,ARU_GROUP,2026,1,WAREHOUSE,4000,External revenue,0,74279,-74279,External customer invoice under source price and volume indices,WHS-2025-023,NONCASH_OR_OPENING,SYNTHETIC_CALIBRATION,PUBLIC_SYNTHETIC_DIEGETIC,LOCKED_DERIVED_IMPLEMENTATION,2026-09-05,2026-01-31,2026-09-05
ARU_GROUP-2026-00029,ARU_GROUP,2026,1,WAREHOUSE,1100,"External receivables, net of allowance",69097,0,69097,External customer invoice under source price and volume indices,WHS-2025-024,NONCASH_OR_OPENING,SYNTHETIC_CALIBRATION,PUBLIC_SYNTHETIC_DIEGETIC,LOCKED_DERIVED_IMPLEMENTATION,2026-09-05,2026-01-31,2026-09-05
ARU_GROUP-2026-00029,ARU_GROUP,2026,1,WAREHOUSE,4000,External revenue,0,69097,-69097,External customer invoice under source price and volume indices,WHS-2025-024,NONCASH_OR_OPENING,SYNTHETIC_CALIBRATION,PUBLIC_SYNTHETIC_DIEGETIC,LOCKED_DERIVED_IMPLEMENTATION,2026-09-05,2026-01-31,2026-09-05
ARU_GROUP-2026-00030,ARU_GROUP,2026,1,WAREHOUSE,1100,"External receivables, net of allowance",62187,0,62187,External customer invoice under source price and volume indices,WHS-2025-025,NONCASH_OR_OPENING,SYNTHETIC_CALIBRATION,PUBLIC_SYNTHETIC_DIEGETIC,LOCKED_DERIVED_IMPLEMENTATION,2026-09-05,2026-01-31,2026-09-05
ARU_GROUP-2026-00030,ARU_GROUP,2026,1,WAREHOUSE,4000,External revenue,0,62187,-62187,External customer invoice under source price and volume indices,WHS-2025-025,NONCASH_OR_OPENING,SYNTHETIC_CALIBRATION,PUBLIC_SYNTHETIC_DIEGETIC,LOCKED_DERIVED_IMPLEMENTATION,2026-09-05,2026-01-31,2026-09-05
ARU_GROUP-2026-00031,ARU_GROUP,2026,1,BST,5000,Payroll and employer burden,404130,0,404130,2026 loaded payroll under source cost index and unchanged census,PAYROLL-2026,NONCASH_OR_OPENING,SYNTHETIC_CALIBRATION,PUBLIC_SYNTHETIC_DIEGETIC,LOCKED_DERIVED_IMPLEMENTATION,2026-09-05,2026-01-31,2026-09-05
ARU_GROUP-2026-00031,ARU_GROUP,2026,1,BST,2000,Trade payables,0,404130,-404130,2026 loaded payroll under source cost index and unchanged census,PAYROLL-2026,NONCASH_OR_OPENING,SYNTHETIC_CALIBRATION,PUBLIC_SYNTHETIC_DIEGETIC,LOCKED_DERIVED_IMPLEMENTATION,2026-09-05,2026-01-31,2026-09-05
ARU_GROUP-2026-00032,ARU_GROUP,2026,1,BST,5100,External operating cost,507503,0,507503,External suppliers under source cost index,OPEX-2026,NONCASH_OR_OPENING,SYNTHETIC_CALIBRATION,PUBLIC_SYNTHETIC_DIEGETIC,LOCKED_DERIVED_IMPLEMENTATION,2026-09-05,2026-01-31,2026-09-05
ARU_GROUP-2026-00032,ARU_GROUP,2026,1,BST,2000,Trade payables,0,507503,-507503,External suppliers under source cost index,OPEX-2026,NONCASH_OR_OPENING,SYNTHETIC_CALIBRATION,PUBLIC_SYNTHETIC_DIEGETIC,LOCKED_DERIVED_IMPLEMENTATION,2026-09-05,2026-01-31,2026-09-05
ARU_GROUP-2026-00033,ARU_GROUP,2026,1,BST,5900,Shared service allocation / recovery,57453,0,57453,Shared services allocated,ALLOC-2026,NONCASH_OR_OPENING,SYNTHETIC_CALIBRATION,PUBLIC_SYNTHETIC_DIEGETIC,LOCKED_DERIVED_IMPLEMENTATION,2026-09-05,2026-01-31,2026-09-05
ARU_GROUP-2026-00033,ARU_GROUP,2026,1,BST,2100,Operating accruals,0,57453,-57453,Shared services allocated,ALLOC-2026,NONCASH_OR_OPENING,SYNTHETIC_CALIBRATION,PUBLIC_SYNTHETIC_DIEGETIC,LOCKED_DERIVED_IMPLEMENTATION,2026-09-05,2026-01-31,2026-09-05
ARU_GROUP-2026-00034,ARU_GROUP,2026,1,ARU,2100,Operating accruals,57453,0,57453,Shared services recovered,ALLOC-2026,NONCASH_OR_OPENING,SYNTHETIC_CALIBRATION,PUBLIC_SYNTHETIC_DIEGETIC,LOCKED_DERIVED_IMPLEMENTATION,2026-09-05,2026-01-31,2026-09-05
ARU_GROUP-2026-00034,ARU_GROUP,2026,1,ARU,5900,Shared service allocation / recovery,0,57453,-57453,Shared services recovered,ALLOC-2026,NONCASH_OR_OPENING,SYNTHETIC_CALIBRATION,PUBLIC_SYNTHETIC_DIEGETIC,LOCKED_DERIVED_IMPLEMENTATION,2026-09-05,2026-01-31,2026-09-05
ARU_GROUP-2026-00035,ARU_GROUP,2026,1,TERMINALS,5000,Payroll and employer burden,157207,0,157207,2026 loaded payroll under source cost index and unchanged census,PAYROLL-2026,NONCASH_OR_OPENING,SYNTHETIC_CALIBRATION,PUBLIC_SYNTHETIC_DIEGETIC,LOCKED_DERIVED_IMPLEMENTATION,2026-09-05,2026-01-31,2026-09-05
ARU_GROUP-2026-00035,ARU_GROUP,2026,1,TERMINALS,2000,Trade payables,0,157207,-157207,2026 loaded payroll under source cost index and unchanged census,PAYROLL-2026,NONCASH_OR_OPENING,SYNTHETIC_CALIBRATION,PUBLIC_SYNTHETIC_DIEGETIC,LOCKED_DERIVED_IMPLEMENTATION,2026-09-05,2026-01-31,2026-09-05
ARU_GROUP-2026-00036,ARU_GROUP,2026,1,TERMINALS,5100,External operating cost,406940,0,406940,External suppliers under source cost index,OPEX-2026,NONCASH_OR_OPENING,SYNTHETIC_CALIBRATION,PUBLIC_SYNTHETIC_DIEGETIC,LOCKED_DERIVED_IMPLEMENTATION,2026-09-05,2026-01-31,2026-09-05
ARU_GROUP-2026-00036,ARU_GROUP,2026,1,TERMINALS,2000,Trade payables,0,406940,-406940,External suppliers under source cost index,OPEX-2026,NONCASH_OR_OPENING,SYNTHETIC_CALIBRATION,PUBLIC_SYNTHETIC_DIEGETIC,LOCKED_DERIVED_IMPLEMENTATION,2026-09-05,2026-01-31,2026-09-05
ARU_GROUP-2026-00037,ARU_GROUP,2026,1,TERMINALS,5900,Shared service allocation / recovery,38071,0,38071,Shared services allocated,ALLOC-2026,NONCASH_OR_OPENING,SYNTHETIC_CALIBRATION,PUBLIC_SYNTHETIC_DIEGETIC,LOCKED_DERIVED_IMPLEMENTATION,2026-09-05,2026-01-31,2026-09-05
ARU_GROUP-2026-00037,ARU_GROUP,2026,1,TERMINALS,2100,Operating accruals,0,38071,-38071,Shared services allocated,ALLOC-2026,NONCASH_OR_OPENING,SYNTHETIC_CALIBRATION,PUBLIC_SYNTHETIC_DIEGETIC,LOCKED_DERIVED_IMPLEMENTATION,2026-09-05,2026-01-31,2026-09-05
ARU_GROUP-2026-00038,ARU_GROUP,2026,1,ARU,2100,Operating accruals,38071,0,38071,Shared services recovered,ALLOC-2026,NONCASH_OR_OPENING,SYNTHETIC_CALIBRATION,PUBLIC_SYNTHETIC_DIEGETIC,LOCKED_DERIVED_IMPLEMENTATION,2026-09-05,2026-01-31,2026-09-05
ARU_GROUP-2026-00038,ARU_GROUP,2026,1,ARU,5900,Shared service allocation / recovery,0,38071,-38071,Shared services recovered,ALLOC-2026,NONCASH_OR_OPENING,SYNTHETIC_CALIBRATION,PUBLIC_SYNTHETIC_DIEGETIC,LOCKED_DERIVED_IMPLEMENTATION,2026-09-05,2026-01-31,2026-09-05
ARU_GROUP-2026-00039,ARU_GROUP,2026,1,TRUCKING,5000,Payroll and employer burden,151987,0,151987,2026 loaded payroll under source cost index and unchanged census,PAYROLL-2026,NONCASH_OR_OPENING,SYNTHETIC_CALIBRATION,PUBLIC_SYNTHETIC_DIEGETIC,LOCKED_DERIVED_IMPLEMENTATION,2026-09-05,2026-01-31,2026-09-05
ARU_GROUP-2026-00039,ARU_GROUP,2026,1,TRUCKING,2000,Trade payables,0,151987,-151987,2026 loaded payroll under source cost index and unchanged census,PAYROLL-2026,NONCASH_OR_OPENING,SYNTHETIC_CALIBRATION,PUBLIC_SYNTHETIC_DIEGETIC,LOCKED_DERIVED_IMPLEMENTATION,2026-09-05,2026-01-31,2026-09-05
ARU_GROUP-2026-00040,ARU_GROUP,2026,1,TRUCKING,5100,External operating cost,241185,0,241185,External suppliers under source cost index,OPEX-2026,NONCASH_OR_OPENING,SYNTHETIC_CALIBRATION,PUBLIC_SYNTHETIC_DIEGETIC,LOCKED_DERIVED_IMPLEMENTATION,2026-09-05,2026-01-31,2026-09-05
ARU_GROUP-2026-00040,ARU_GROUP,2026,1,TRUCKING,2000,Trade payables,0,241185,-241185,External suppliers under source cost index,OPEX-2026,NONCASH_OR_OPENING,SYNTHETIC_CALIBRATION,PUBLIC_SYNTHETIC_DIEGETIC,LOCKED_DERIVED_IMPLEMENTATION,2026-09-05,2026-01-31,2026-09-05
ARU_GROUP-2026-00041,ARU_GROUP,2026,1,TRUCKING,5900,Shared service allocation / recovery,22151,0,22151,Shared services allocated,ALLOC-2026,NONCASH_OR_OPENING,SYNTHETIC_CALIBRATION,PUBLIC_SYNTHETIC_DIEGETIC,LOCKED_DERIVED_IMPLEMENTATION,2026-09-05,2026-01-31,2026-09-05
ARU_GROUP-2026-00041,ARU_GROUP,2026,1,TRUCKING,2100,Operating accruals,0,22151,-22151,Shared services allocated,ALLOC-2026,NONCASH_OR_OPENING,SYNTHETIC_CALIBRATION,PUBLIC_SYNTHETIC_DIEGETIC,LOCKED_DERIVED_IMPLEMENTATION,2026-09-05,2026-01-31,2026-09-05
ARU_GROUP-2026-00042,ARU_GROUP,2026,1,ARU,2100,Operating accruals,22151,0,22151,Shared services recovered,ALLOC-2026,NONCASH_OR_OPENING,SYNTHETIC_CALIBRATION,PUBLIC_SYNTHETIC_DIEGETIC,LOCKED_DERIVED_IMPLEMENTATION,2026-09-05,2026-01-31,2026-09-05
ARU_GROUP-2026-00042,ARU_GROUP,2026,1,ARU,5900,Shared service allocation / recovery,0,22151,-22151,Shared services recovered,ALLOC-2026,NONCASH_OR_OPENING,SYNTHETIC_CALIBRATION,PUBLIC_SYNTHETIC_DIEGETIC,LOCKED_DERIVED_IMPLEMENTATION,2026-09-05,2026-01-31,2026-09-05
ARU_GROUP-2026-00043,ARU_GROUP,2026,1,WAREHOUSE,5000,Payroll and employer burden,72169,0,72169,2026 loaded payroll under source cost index and unchanged census,PAYROLL-2026,NONCASH_OR_OPENING,SYNTHETIC_CALIBRATION,PUBLIC_SYNTHETIC_DIEGETIC,LOCKED_DERIVED_IMPLEMENTATION,2026-09-05,2026-01-31,2026-09-05
ARU_GROUP-2026-00043,ARU_GROUP,2026,1,WAREHOUSE,2000,Trade payables,0,72169,-72169,2026 loaded payroll under source cost index and unchanged census,PAYROLL-2026,NONCASH_OR_OPENING,SYNTHETIC_CALIBRATION,PUBLIC_SYNTHETIC_DIEGETIC,LOCKED_DERIVED_IMPLEMENTATION,2026-09-05,2026-01-31,2026-09-05
ARU_GROUP-2026-00044,ARU_GROUP,2026,1,WAREHOUSE,5100,External operating cost,136876,0,136876,External suppliers under source cost index,OPEX-2026,NONCASH_OR_OPENING,SYNTHETIC_CALIBRATION,PUBLIC_SYNTHETIC_DIEGETIC,LOCKED_DERIVED_IMPLEMENTATION,2026-09-05,2026-01-31,2026-09-05
ARU_GROUP-2026-00044,ARU_GROUP,2026,1,WAREHOUSE,2000,Trade payables,0,136876,-136876,External suppliers under source cost index,OPEX-2026,NONCASH_OR_OPENING,SYNTHETIC_CALIBRATION,PUBLIC_SYNTHETIC_DIEGETIC,LOCKED_DERIVED_IMPLEMENTATION,2026-09-05,2026-01-31,2026-09-05
ARU_GROUP-2026-00045,ARU_GROUP,2026,1,WAREHOUSE,5900,Shared service allocation / recovery,19382,0,19382,Shared services allocated,ALLOC-2026,NONCASH_OR_OPENING,SYNTHETIC_CALIBRATION,PUBLIC_SYNTHETIC_DIEGETIC,LOCKED_DERIVED_IMPLEMENTATION,2026-09-05,2026-01-31,2026-09-05
ARU_GROUP-2026-00045,ARU_GROUP,2026,1,WAREHOUSE,2100,Operating accruals,0,19382,-19382,Shared services allocated,ALLOC-2026,NONCASH_OR_OPENING,SYNTHETIC_CALIBRATION,PUBLIC_SYNTHETIC_DIEGETIC,LOCKED_DERIVED_IMPLEMENTATION,2026-09-05,2026-01-31,2026-09-05
ARU_GROUP-2026-00046,ARU_GROUP,2026,1,ARU,2100,Operating accruals,19382,0,19382,Shared services recovered,ALLOC-2026,NONCASH_OR_OPENING,SYNTHETIC_CALIBRATION,PUBLIC_SYNTHETIC_DIEGETIC,LOCKED_DERIVED_IMPLEMENTATION,2026-09-05,2026-01-31,2026-09-05
ARU_GROUP-2026-00046,ARU_GROUP,2026,1,ARU,5900,Shared service allocation / recovery,0,19382,-19382,Shared services recovered,ALLOC-2026,NONCASH_OR_OPENING,SYNTHETIC_CALIBRATION,PUBLIC_SYNTHETIC_DIEGETIC,LOCKED_DERIVED_IMPLEMENTATION,2026-09-05,2026-01-31,2026-09-05
ARU_GROUP-2026-00047,ARU_GROUP,2026,1,ARU,5000,Payroll and employer burden,112753,0,112753,2026 loaded payroll under source cost index and unchanged census,PAYROLL-2026,NONCASH_OR_OPENING,SYNTHETIC_CALIBRATION,PUBLIC_SYNTHETIC_DIEGETIC,LOCKED_DERIVED_IMPLEMENTATION,2026-09-05,2026-01-31,2026-09-05
ARU_GROUP-2026-00047,ARU_GROUP,2026,1,ARU,2000,Trade payables,0,112753,-112753,2026 loaded payroll under source cost index and unchanged census,PAYROLL-2026,NONCASH_OR_OPENING,SYNTHETIC_CALIBRATION,PUBLIC_SYNTHETIC_DIEGETIC,LOCKED_DERIVED_IMPLEMENTATION,2026-09-05,2026-01-31,2026-09-05
ARU_GROUP-2026-00048,ARU_GROUP,2026,1,ARU,5100,External operating cost,38147,0,38147,External suppliers under source cost index,OPEX-2026,NONCASH_OR_OPENING,SYNTHETIC_CALIBRATION,PUBLIC_SYNTHETIC_DIEGETIC,LOCKED_DERIVED_IMPLEMENTATION,2026-09-05,2026-01-31,2026-09-05
ARU_GROUP-2026-00048,ARU_GROUP,2026,1,ARU,2000,Trade payables,0,38147,-38147,External suppliers under source cost index,OPEX-2026,NONCASH_OR_OPENING,SYNTHETIC_CALIBRATION,PUBLIC_SYNTHETIC_DIEGETIC,LOCKED_DERIVED_IMPLEMENTATION,2026-09-05,2026-01-31,2026-09-05
ARU_GROUP-2026-00049,ARU_GROUP,2026,1,ARU,1200,Inventory cash cost,4500,0,4500,Forecast working capital purchases,WC26-inventory,NONCASH_OR_OPENING,SYNTHETIC_CALIBRATION,PUBLIC_SYNTHETIC_DIEGETIC,LOCKED_DERIVED_IMPLEMENTATION,2026-09-05,2026-01-31,2026-09-05
ARU_GROUP-2026-00049,ARU_GROUP,2026,1,ARU,2000,Trade payables,0,4500,-4500,Forecast working capital purchases,WC26-inventory,NONCASH_OR_OPENING,SYNTHETIC_CALIBRATION,PUBLIC_SYNTHETIC_DIEGETIC,LOCKED_DERIVED_IMPLEMENTATION,2026-09-05,2026-01-31,2026-09-05
ARU_GROUP-2026-00050,ARU_GROUP,2026,1,ARU,1300,Prepaids,1750,0,1750,Forecast working capital purchases,WC26-prepaids,NONCASH_OR_OPENING,SYNTHETIC_CALIBRATION,PUBLIC_SYNTHETIC_DIEGETIC,LOCKED_DERIVED_IMPLEMENTATION,2026-09-05,2026-01-31,2026-09-05
ARU_GROUP-2026-00050,ARU_GROUP,2026,1,ARU,2000,Trade payables,0,1750,-1750,Forecast working capital purchases,WC26-prepaids,NONCASH_OR_OPENING,SYNTHETIC_CALIBRATION,PUBLIC_SYNTHETIC_DIEGETIC,LOCKED_DERIVED_IMPLEMENTATION,2026-09-05,2026-01-31,2026-09-05
ARU_GROUP-2026-00051,ARU_GROUP,2026,1,ARU,2000,Trade payables,2500,0,2500,Operating accrual growth,WC26-ACCRUAL,NONCASH_OR_OPENING,SYNTHETIC_CALIBRATION,PUBLIC_SYNTHETIC_DIEGETIC,LOCKED_DERIVED_IMPLEMENTATION,2026-09-05,2026-01-31,2026-09-05
ARU_GROUP-2026-00051,ARU_GROUP,2026,1,ARU,2100,Operating accruals,0,2500,-2500,Operating accrual growth,WC26-ACCRUAL,NONCASH_OR_OPENING,SYNTHETIC_CALIBRATION,PUBLIC_SYNTHETIC_DIEGETIC,LOCKED_DERIVED_IMPLEMENTATION,2026-09-05,2026-01-31,2026-09-05
ARU_GROUP-2026-00052,ARU_GROUP,2026,1,ARU,1100,"External receivables, net of allowance",0,2429320,-2429320,External invoice collections,AR26,OPERATING,SYNTHETIC_CALIBRATION,PUBLIC_SYNTHETIC_DIEGETIC,LOCKED_DERIVED_IMPLEMENTATION,2026-09-05,2026-01-31,2026-09-05
ARU_GROUP-2026-00052,ARU_GROUP,2026,1,ARU,1000,Cash,2429320,0,2429320,External invoice collections,AR26,OPERATING,SYNTHETIC_CALIBRATION,PUBLIC_SYNTHETIC_DIEGETIC,LOCKED_DERIVED_IMPLEMENTATION,2026-09-05,2026-01-31,2026-09-05
ARU_GROUP-2026-00053,ARU_GROUP,2026,1,ARU,2000,Trade payables,2225147,0,2225147,Payroll/supplier settlement,AP26,OPERATING,SYNTHETIC_CALIBRATION,PUBLIC_SYNTHETIC_DIEGETIC,LOCKED_DERIVED_IMPLEMENTATION,2026-09-05,2026-01-31,2026-09-05
ARU_GROUP-2026-00053,ARU_GROUP,2026,1,ARU,1000,Cash,0,2225147,-2225147,Payroll/supplier settlement,AP26,OPERATING,SYNTHETIC_CALIBRATION,PUBLIC_SYNTHETIC_DIEGETIC,LOCKED_DERIVED_IMPLEMENTATION,2026-09-05,2026-01-31,2026-09-05
ARU_GROUP-2026-00054,ARU_GROUP,2026,1,ARU,5700,Retention and seller consulting,34246,0,34246,Retention compensation accrued by service days,RETENTION-POOL,NONCASH_OR_OPENING,SYNTHETIC_CALIBRATION,PUBLIC_SYNTHETIC_DIEGETIC,LOCKED_DERIVED_IMPLEMENTATION,2026-09-05,2026-01-31,2026-09-05
ARU_GROUP-2026-00054,ARU_GROUP,2026,1,ARU,2110,Retention compensation payable,0,34246,-34246,Retention compensation accrued by service days,RETENTION-POOL,NONCASH_OR_OPENING,SYNTHETIC_CALIBRATION,PUBLIC_SYNTHETIC_DIEGETIC,LOCKED_DERIVED_IMPLEMENTATION,2026-09-05,2026-01-31,2026-09-05
ARU_GROUP-2026-00055,ARU_GROUP,2026,1,ARU,5700,Retention and seller consulting,20604,0,20604,"Seller knowledge-transfer consulting, no operating authority",TOLMAN-CONSULTING,OPERATING,SYNTHETIC_CALIBRATION,PUBLIC_SYNTHETIC_DIEGETIC,LOCKED_DERIVED_IMPLEMENTATION,2026-09-05,2026-01-31,2026-09-05
ARU_GROUP-2026-00055,ARU_GROUP,2026,1,ARU,1000,Cash,0,20604,-20604,"Seller knowledge-transfer consulting, no operating authority",TOLMAN-CONSULTING,OPERATING,SYNTHETIC_CALIBRATION,PUBLIC_SYNTHETIC_DIEGETIC,LOCKED_DERIVED_IMPLEMENTATION,2026-09-05,2026-01-31,2026-09-05
ARU_GROUP-2026-00056,ARU_GROUP,2026,1,ARU,5400,Interest and financing fees,113383,0,113383,Term/lease interest and undrawn revolver fee,DEBT26,OPERATING,SYNTHETIC_CALIBRATION,PUBLIC_SYNTHETIC_DIEGETIC,LOCKED_DERIVED_IMPLEMENTATION,2026-09-05,2026-01-31,2026-09-05
ARU_GROUP-2026-00056,ARU_GROUP,2026,1,ARU,1000,Cash,0,113383,-113383,Term/lease interest and undrawn revolver fee,DEBT26,OPERATING,SYNTHETIC_CALIBRATION,PUBLIC_SYNTHETIC_DIEGETIC,LOCKED_DERIVED_IMPLEMENTATION,2026-09-05,2026-01-31,2026-09-05
ARU_GROUP-2026-00057,ARU_GROUP,2026,1,ARU,5400,Interest and financing fees,4032,0,4032,Debt issuance cost amortization,DEBT26-ISSUANCE,NONCASH_OR_OPENING,SYNTHETIC_CALIBRATION,PUBLIC_SYNTHETIC_DIEGETIC,LOCKED_DERIVED_IMPLEMENTATION,2026-09-05,2026-01-31,2026-09-05
ARU_GROUP-2026-00057,ARU_GROUP,2026,1,ARU,1700,"Debt issuance cost, contra term debt",0,4032,-4032,Debt issuance cost amortization,DEBT26-ISSUANCE,NONCASH_OR_OPENING,SYNTHETIC_CALIBRATION,PUBLIC_SYNTHETIC_DIEGETIC,LOCKED_DERIVED_IMPLEMENTATION,2026-09-05,2026-01-31,2026-09-05
ARU_GROUP-2026-00059,ARU_GROUP,2026,1,ARU,2600,Finance lease obligation,34246,0,34246,Finance lease principal,LEASE26,FINANCING,SYNTHETIC_CALIBRATION,PUBLIC_SYNTHETIC_DIEGETIC,LOCKED_DERIVED_IMPLEMENTATION,2026-09-05,2026-01-31,2026-09-05
ARU_GROUP-2026-00059,ARU_GROUP,2026,1,ARU,1000,Cash,0,34246,-34246,Finance lease principal,LEASE26,FINANCING,SYNTHETIC_CALIBRATION,PUBLIC_SYNTHETIC_DIEGETIC,LOCKED_DERIVED_IMPLEMENTATION,2026-09-05,2026-01-31,2026-09-05
ARU_GROUP-2026-00060,ARU_GROUP,2026,1,ARU,1400,PPE gross,275000,0,275000,Sustaining/catch-up/Phase 1 capital additions,CAPEX26,INVESTING,SYNTHETIC_CALIBRATION,PUBLIC_SYNTHETIC_DIEGETIC,LOCKED_DERIVED_IMPLEMENTATION,2026-09-05,2026-01-31,2026-09-05
ARU_GROUP-2026-00060,ARU_GROUP,2026,1,ARU,1000,Cash,0,275000,-275000,Sustaining/catch-up/Phase 1 capital additions,CAPEX26,INVESTING,SYNTHETIC_CALIBRATION,PUBLIC_SYNTHETIC_DIEGETIC,LOCKED_DERIVED_IMPLEMENTATION,2026-09-05,2026-01-31,2026-09-05
ARU_GROUP-2026-00061,ARU_GROUP,2026,1,ARU,5300,Depreciation in earnings,143836,0,143836,PPE depreciation and completed program assets,FIXED26,NONCASH_OR_OPENING,SYNTHETIC_CALIBRATION,PUBLIC_SYNTHETIC_DIEGETIC,LOCKED_DERIVED_IMPLEMENTATION,2026-09-05,2026-01-31,2026-09-05
ARU_GROUP-2026-00061,ARU_GROUP,2026,1,ARU,1490,Accumulated PPE depreciation,0,143836,-143836,PPE depreciation and completed program assets,FIXED26,NONCASH_OR_OPENING,SYNTHETIC_CALIBRATION,PUBLIC_SYNTHETIC_DIEGETIC,LOCKED_DERIVED_IMPLEMENTATION,2026-09-05,2026-01-31,2026-09-05
ARU_GROUP-2026-00062,ARU_GROUP,2026,1,ARU,5300,Depreciation in earnings,34247,0,34247,Retained finance lease ROU depreciation,LEASE26,NONCASH_OR_OPENING,SYNTHETIC_CALIBRATION,PUBLIC_SYNTHETIC_DIEGETIC,LOCKED_DERIVED_IMPLEMENTATION,2026-09-05,2026-01-31,2026-09-05
ARU_GROUP-2026-00062,ARU_GROUP,2026,1,ARU,1590,Accumulated finance lease ROU depreciation,0,34247,-34247,Retained finance lease ROU depreciation,LEASE26,NONCASH_OR_OPENING,SYNTHETIC_CALIBRATION,PUBLIC_SYNTHETIC_DIEGETIC,LOCKED_DERIVED_IMPLEMENTATION,2026-09-05,2026-01-31,2026-09-05
ARU_GROUP-2026-00064,ARU_GROUP,2026,1,ARU,5501,Deferred income tax expense,18056,0,18056,Deferred tax on section 197 goodwill tax/book basis difference,TAX26-DEFERRED,NONCASH_OR_OPENING,SYNTHETIC_CALIBRATION,PUBLIC_SYNTHETIC_DIEGETIC,LOCKED_DERIVED_IMPLEMENTATION,2026-09-05,2026-01-31,2026-09-05
ARU_GROUP-2026-00064,ARU_GROUP,2026,1,ARU,2250,Deferred tax liability on tax goodwill amortization,0,18056,-18056,Deferred tax on section 197 goodwill tax/book basis difference,TAX26-DEFERRED,NONCASH_OR_OPENING,SYNTHETIC_CALIBRATION,PUBLIC_SYNTHETIC_DIEGETIC,LOCKED_DERIVED_IMPLEMENTATION,2026-09-05,2026-01-31,2026-09-05
ARU_GROUP-2026-00065,ARU_GROUP,2026,1,ARU,1801,Deferred tax asset on interim modeled tax loss,53037,0,53037,Interim modeled tax-loss asset supported by positive annual forecast,TAX26-INTERIM-LOSS,NONCASH_OR_OPENING,SYNTHETIC_CALIBRATION,PUBLIC_SYNTHETIC_DIEGETIC,LOCKED_DERIVED_IMPLEMENTATION,2026-09-05,2026-01-31,2026-09-05
ARU_GROUP-2026-00065,ARU_GROUP,2026,1,ARU,5501,Deferred income tax expense,0,53037,-53037,Interim modeled tax-loss asset supported by positive annual forecast,TAX26-INTERIM-LOSS,NONCASH_OR_OPENING,SYNTHETIC_CALIBRATION,PUBLIC_SYNTHETIC_DIEGETIC,LOCKED_DERIVED_IMPLEMENTATION,2026-09-05,2026-01-31,2026-09-05
ARU_GROUP-2026-00067,ARU_GROUP,2026,1,ARU,3000,Contributed equity,0,239060,-239060,Additional parent liquidity equity to preserve cash floor,LIQUIDITY26,FINANCING,SYNTHETIC_CALIBRATION,PUBLIC_SYNTHETIC_DIEGETIC,LOCKED_DERIVED_IMPLEMENTATION,2026-09-05,2026-01-31,2026-09-05
ARU_GROUP-2026-00067,ARU_GROUP,2026,1,ARU,1000,Cash,239060,0,239060,Additional parent liquidity equity to preserve cash floor,LIQUIDITY26,FINANCING,SYNTHETIC_CALIBRATION,PUBLIC_SYNTHETIC_DIEGETIC,LOCKED_DERIVED_IMPLEMENTATION,2026-09-05,2026-01-31,2026-09-05
ARU_GROUP-2026-00068,ARU_GROUP,2026,2,BST,1100,"External receivables, net of allowance",237236,0,237236,External customer invoice under source price and volume indices,BST-2025-001,NONCASH_OR_OPENING,SYNTHETIC_CALIBRATION,PUBLIC_SYNTHETIC_DIEGETIC,LOCKED_DERIVED_IMPLEMENTATION,2026-09-05,2026-02-28,2026-09-05
ARU_GROUP-2026-00068,ARU_GROUP,2026,2,BST,4000,External revenue,0,237236,-237236,External customer invoice under source price and volume indices,BST-2025-001,NONCASH_OR_OPENING,SYNTHETIC_CALIBRATION,PUBLIC_SYNTHETIC_DIEGETIC,LOCKED_DERIVED_IMPLEMENTATION,2026-09-05,2026-02-28,2026-09-05
ARU_GROUP-2026-00069,ARU_GROUP,2026,2,BST,1100,"External receivables, net of allowance",102468,0,102468,External customer invoice under source price and volume indices,BST-2025-006,NONCASH_OR_OPENING,SYNTHETIC_CALIBRATION,PUBLIC_SYNTHETIC_DIEGETIC,LOCKED_DERIVED_IMPLEMENTATION,2026-09-05,2026-02-28,2026-09-05
ARU_GROUP-2026-00069,ARU_GROUP,2026,2,BST,4000,External revenue,0,102468,-102468,External customer invoice under source price and volume indices,BST-2025-006,NONCASH_OR_OPENING,SYNTHETIC_CALIBRATION,PUBLIC_SYNTHETIC_DIEGETIC,LOCKED_DERIVED_IMPLEMENTATION,2026-09-05,2026-02-28,2026-09-05
ARU_GROUP-2026-00070,ARU_GROUP,2026,2,BST,1100,"External receivables, net of allowance",178109,0,178109,External customer invoice under source price and volume indices,BST-2025-002,NONCASH_OR_OPENING,SYNTHETIC_CALIBRATION,PUBLIC_SYNTHETIC_DIEGETIC,LOCKED_DERIVED_IMPLEMENTATION,2026-09-05,2026-02-28,2026-09-05
ARU_GROUP-2026-00070,ARU_GROUP,2026,2,BST,4000,External revenue,0,178109,-178109,External customer invoice under source price and volume indices,BST-2025-002,NONCASH_OR_OPENING,SYNTHETIC_CALIBRATION,PUBLIC_SYNTHETIC_DIEGETIC,LOCKED_DERIVED_IMPLEMENTATION,2026-09-05,2026-02-28,2026-09-05
ARU_GROUP-2026-00071,ARU_GROUP,2026,2,BST,1100,"External receivables, net of allowance",80240,0,80240,External customer invoice under source price and volume indices,BST-2025-007,NONCASH_OR_OPENING,SYNTHETIC_CALIBRATION,PUBLIC_SYNTHETIC_DIEGETIC,LOCKED_DERIVED_IMPLEMENTATION,2026-09-05,2026-02-28,2026-09-05
ARU_GROUP-2026-00071,ARU_GROUP,2026,2,BST,4000,External revenue,0,80240,-80240,External customer invoice under source price and volume indices,BST-2025-007,NONCASH_OR_OPENING,SYNTHETIC_CALIBRATION,PUBLIC_SYNTHETIC_DIEGETIC,LOCKED_DERIVED_IMPLEMENTATION,2026-09-05,2026-02-28,2026-09-05
ARU_GROUP-2026-00072,ARU_GROUP,2026,2,BST,1100,"External receivables, net of allowance",92225,0,92225,External customer invoice under source price and volume indices,BST-2025-004,NONCASH_OR_OPENING,SYNTHETIC_CALIBRATION,PUBLIC_SYNTHETIC_DIEGETIC,LOCKED_DERIVED_IMPLEMENTATION,2026-09-05,2026-02-28,2026-09-05
ARU_GROUP-2026-00072,ARU_GROUP,2026,2,BST,4000,External revenue,0,92225,-92225,External customer invoice under source price and volume indices,BST-2025-004,NONCASH_OR_OPENING,SYNTHETIC_CALIBRATION,PUBLIC_SYNTHETIC_DIEGETIC,LOCKED_DERIVED_IMPLEMENTATION,2026-09-05,2026-02-28,2026-09-05
ARU_GROUP-2026-00073,ARU_GROUP,2026,2,BST,1100,"External receivables, net of allowance",47175,0,47175,External customer invoice under source price and volume indices,BST-2025-008,NONCASH_OR_OPENING,SYNTHETIC_CALIBRATION,PUBLIC_SYNTHETIC_DIEGETIC,LOCKED_DERIVED_IMPLEMENTATION,2026-09-05,2026-02-28,2026-09-05
ARU_GROUP-2026-00073,ARU_GROUP,2026,2,BST,4000,External revenue,0,47175,-47175,External customer invoice under source price and volume indices,BST-2025-008,NONCASH_OR_OPENING,SYNTHETIC_CALIBRATION,PUBLIC_SYNTHETIC_DIEGETIC,LOCKED_DERIVED_IMPLEMENTATION,2026-09-05,2026-02-28,2026-09-05
ARU_GROUP-2026-00074,ARU_GROUP,2026,2,BST,1100,"External receivables, net of allowance",108962,0,108962,External customer invoice under source price and volume indices,BST-2025-003,NONCASH_OR_OPENING,SYNTHETIC_CALIBRATION,PUBLIC_SYNTHETIC_DIEGETIC,LOCKED_DERIVED_IMPLEMENTATION,2026-09-05,2026-02-28,2026-09-05
ARU_GROUP-2026-00074,ARU_GROUP,2026,2,BST,4000,External revenue,0,108962,-108962,External customer invoice under source price and volume indices,BST-2025-003,NONCASH_OR_OPENING,SYNTHETIC_CALIBRATION,PUBLIC_SYNTHETIC_DIEGETIC,LOCKED_DERIVED_IMPLEMENTATION,2026-09-05,2026-02-28,2026-09-05
ARU_GROUP-2026-00075,ARU_GROUP,2026,2,BST,1100,"External receivables, net of allowance",58438,0,58438,External customer invoice under source price and volume indices,BST-2025-009,NONCASH_OR_OPENING,SYNTHETIC_CALIBRATION,PUBLIC_SYNTHETIC_DIEGETIC,LOCKED_DERIVED_IMPLEMENTATION,2026-09-05,2026-02-28,2026-09-05
ARU_GROUP-2026-00075,ARU_GROUP,2026,2,BST,4000,External revenue,0,58438,-58438,External customer invoice under source price and volume indices,BST-2025-009,NONCASH_OR_OPENING,SYNTHETIC_CALIBRATION,PUBLIC_SYNTHETIC_DIEGETIC,LOCKED_DERIVED_IMPLEMENTATION,2026-09-05,2026-02-28,2026-09-05
ARU_GROUP-2026-00076,ARU_GROUP,2026,2,BST,1100,"External receivables, net of allowance",53210,0,53210,External customer invoice under source price and volume indices,BST-2025-010,NONCASH_OR_OPENING,SYNTHETIC_CALIBRATION,PUBLIC_SYNTHETIC_DIEGETIC,LOCKED_DERIVED_IMPLEMENTATION,2026-09-05,2026-02-28,2026-09-05
ARU_GROUP-2026-00076,ARU_GROUP,2026,2,BST,4000,External revenue,0,53210,-53210,External customer invoice under source price and volume indices,BST-2025-010,NONCASH_OR_OPENING,SYNTHETIC_CALIBRATION,PUBLIC_SYNTHETIC_DIEGETIC,LOCKED_DERIVED_IMPLEMENTATION,2026-09-05,2026-02-28,2026-09-05
ARU_GROUP-2026-00077,ARU_GROUP,2026,2,BST,1100,"External receivables, net of allowance",29819,0,29819,External customer invoice under source price and volume indices,BST-2025-011,NONCASH_OR_OPENING,SYNTHETIC_CALIBRATION,PUBLIC_SYNTHETIC_DIEGETIC,LOCKED_DERIVED_IMPLEMENTATION,2026-09-05,2026-02-28,2026-09-05
ARU_GROUP-2026-00077,ARU_GROUP,2026,2,BST,4000,External revenue,0,29819,-29819,External customer invoice under source price and volume indices,BST-2025-011,NONCASH_OR_OPENING,SYNTHETIC_CALIBRATION,PUBLIC_SYNTHETIC_DIEGETIC,LOCKED_DERIVED_IMPLEMENTATION,2026-09-05,2026-02-28,2026-09-05
ARU_GROUP-2026-00078,ARU_GROUP,2026,2,BST,1100,"External receivables, net of allowance",88615,0,88615,External customer invoice under source price and volume indices,BST-2025-012,NONCASH_OR_OPENING,SYNTHETIC_CALIBRATION,PUBLIC_SYNTHETIC_DIEGETIC,LOCKED_DERIVED_IMPLEMENTATION,2026-09-05,2026-02-28,2026-09-05
ARU_GROUP-2026-00078,ARU_GROUP,2026,2,BST,4000,External revenue,0,88615,-88615,External customer invoice under source price and volume indices,BST-2025-012,NONCASH_OR_OPENING,SYNTHETIC_CALIBRATION,PUBLIC_SYNTHETIC_DIEGETIC,LOCKED_DERIVED_IMPLEMENTATION,2026-09-05,2026-02-28,2026-09-05
ARU_GROUP-2026-00079,ARU_GROUP,2026,2,BST,1100,"External receivables, net of allowance",56110,0,56110,External customer invoice under source price and volume indices,BST-2025-013,NONCASH_OR_OPENING,SYNTHETIC_CALIBRATION,PUBLIC_SYNTHETIC_DIEGETIC,LOCKED_DERIVED_IMPLEMENTATION,2026-09-05,2026-02-28,2026-09-05
ARU_GROUP-2026-00079,ARU_GROUP,2026,2,BST,4000,External revenue,0,56110,-56110,External customer invoice under source price and volume indices,BST-2025-013,NONCASH_OR_OPENING,SYNTHETIC_CALIBRATION,PUBLIC_SYNTHETIC_DIEGETIC,LOCKED_DERIVED_IMPLEMENTATION,2026-09-05,2026-02-28,2026-09-05
ARU_GROUP-2026-00080,ARU_GROUP,2026,2,TERMINALS,1100,"External receivables, net of allowance",96033,0,96033,External customer invoice under source price and volume indices,TRM-2025-001,NONCASH_OR_OPENING,SYNTHETIC_CALIBRATION,PUBLIC_SYNTHETIC_DIEGETIC,LOCKED_DERIVED_IMPLEMENTATION,2026-09-05,2026-02-28,2026-09-05
ARU_GROUP-2026-00080,ARU_GROUP,2026,2,TERMINALS,4000,External revenue,0,96033,-96033,External customer invoice under source price and volume indices,TRM-2025-001,NONCASH_OR_OPENING,SYNTHETIC_CALIBRATION,PUBLIC_SYNTHETIC_DIEGETIC,LOCKED_DERIVED_IMPLEMENTATION,2026-09-05,2026-02-28,2026-09-05
ARU_GROUP-2026-00081,ARU_GROUP,2026,2,TERMINALS,1100,"External receivables, net of allowance",93381,0,93381,External customer invoice under source price and volume indices,TRM-2025-002,NONCASH_OR_OPENING,SYNTHETIC_CALIBRATION,PUBLIC_SYNTHETIC_DIEGETIC,LOCKED_DERIVED_IMPLEMENTATION,2026-09-05,2026-02-28,2026-09-05
ARU_GROUP-2026-00081,ARU_GROUP,2026,2,TERMINALS,4000,External revenue,0,93381,-93381,External customer invoice under source price and volume indices,TRM-2025-002,NONCASH_OR_OPENING,SYNTHETIC_CALIBRATION,PUBLIC_SYNTHETIC_DIEGETIC,LOCKED_DERIVED_IMPLEMENTATION,2026-09-05,2026-02-28,2026-09-05
ARU_GROUP-2026-00082,ARU_GROUP,2026,2,TERMINALS,1100,"External receivables, net of allowance",128724,0,128724,External customer invoice under source price and volume indices,TRM-2025-003,NONCASH_OR_OPENING,SYNTHETIC_CALIBRATION,PUBLIC_SYNTHETIC_DIEGETIC,LOCKED_DERIVED_IMPLEMENTATION,2026-09-05,2026-02-28,2026-09-05
ARU_GROUP-2026-00082,ARU_GROUP,2026,2,TERMINALS,4000,External revenue,0,128724,-128724,External customer invoice under source price and volume indices,TRM-2025-003,NONCASH_OR_OPENING,SYNTHETIC_CALIBRATION,PUBLIC_SYNTHETIC_DIEGETIC,LOCKED_DERIVED_IMPLEMENTATION,2026-09-05,2026-02-28,2026-09-05
ARU_GROUP-2026-00083,ARU_GROUP,2026,2,TERMINALS,1100,"External receivables, net of allowance",128520,0,128520,External customer invoice under source price and volume indices,TRM-2025-014,NONCASH_OR_OPENING,SYNTHETIC_CALIBRATION,PUBLIC_SYNTHETIC_DIEGETIC,LOCKED_DERIVED_IMPLEMENTATION,2026-09-05,2026-02-28,2026-09-05
ARU_GROUP-2026-00083,ARU_GROUP,2026,2,TERMINALS,4000,External revenue,0,128520,-128520,External customer invoice under source price and volume indices,TRM-2025-014,NONCASH_OR_OPENING,SYNTHETIC_CALIBRATION,PUBLIC_SYNTHETIC_DIEGETIC,LOCKED_DERIVED_IMPLEMENTATION,2026-09-05,2026-02-28,2026-09-05
ARU_GROUP-2026-00084,ARU_GROUP,2026,2,TERMINALS,1100,"External receivables, net of allowance",126735,0,126735,External customer invoice under source price and volume indices,TRM-2025-015,NONCASH_OR_OPENING,SYNTHETIC_CALIBRATION,PUBLIC_SYNTHETIC_DIEGETIC,LOCKED_DERIVED_IMPLEMENTATION,2026-09-05,2026-02-28,2026-09-05
ARU_GROUP-2026-00084,ARU_GROUP,2026,2,TERMINALS,4000,External revenue,0,126735,-126735,External customer invoice under source price and volume indices,TRM-2025-015,NONCASH_OR_OPENING,SYNTHETIC_CALIBRATION,PUBLIC_SYNTHETIC_DIEGETIC,LOCKED_DERIVED_IMPLEMENTATION,2026-09-05,2026-02-28,2026-09-05
ARU_GROUP-2026-00085,ARU_GROUP,2026,2,TERMINALS,1100,"External receivables, net of allowance",122808,0,122808,External customer invoice under source price and volume indices,TRM-2025-016,NONCASH_OR_OPENING,SYNTHETIC_CALIBRATION,PUBLIC_SYNTHETIC_DIEGETIC,LOCKED_DERIVED_IMPLEMENTATION,2026-09-05,2026-02-28,2026-09-05
ARU_GROUP-2026-00085,ARU_GROUP,2026,2,TERMINALS,4000,External revenue,0,122808,-122808,External customer invoice under source price and volume indices,TRM-2025-016,NONCASH_OR_OPENING,SYNTHETIC_CALIBRATION,PUBLIC_SYNTHETIC_DIEGETIC,LOCKED_DERIVED_IMPLEMENTATION,2026-09-05,2026-02-28,2026-09-05
ARU_GROUP-2026-00086,ARU_GROUP,2026,2,TERMINALS,1100,"External receivables, net of allowance",117810,0,117810,External customer invoice under source price and volume indices,TRM-2025-017,NONCASH_OR_OPENING,SYNTHETIC_CALIBRATION,PUBLIC_SYNTHETIC_DIEGETIC,LOCKED_DERIVED_IMPLEMENTATION,2026-09-05,2026-02-28,2026-09-05
ARU_GROUP-2026-00086,ARU_GROUP,2026,2,TERMINALS,4000,External revenue,0,117810,-117810,External customer invoice under source price and volume indices,TRM-2025-017,NONCASH_OR_OPENING,SYNTHETIC_CALIBRATION,PUBLIC_SYNTHETIC_DIEGETIC,LOCKED_DERIVED_IMPLEMENTATION,2026-09-05,2026-02-28,2026-09-05
ARU_GROUP-2026-00087,ARU_GROUP,2026,2,TERMINALS,1100,"External receivables, net of allowance",114240,0,114240,External customer invoice under source price and volume indices,TRM-2025-018,NONCASH_OR_OPENING,SYNTHETIC_CALIBRATION,PUBLIC_SYNTHETIC_DIEGETIC,LOCKED_DERIVED_IMPLEMENTATION,2026-09-05,2026-02-28,2026-09-05
ARU_GROUP-2026-00087,ARU_GROUP,2026,2,TERMINALS,4000,External revenue,0,114240,-114240,External customer invoice under source price and volume indices,TRM-2025-018,NONCASH_OR_OPENING,SYNTHETIC_CALIBRATION,PUBLIC_SYNTHETIC_DIEGETIC,LOCKED_DERIVED_IMPLEMENTATION,2026-09-05,2026-02-28,2026-09-05
ARU_GROUP-2026-00088,ARU_GROUP,2026,2,TRUCKING,1100,"External receivables, net of allowance",102510,0,102510,External customer invoice under source price and volume indices,TRK-2025-004,NONCASH_OR_OPENING,SYNTHETIC_CALIBRATION,PUBLIC_SYNTHETIC_DIEGETIC,LOCKED_DERIVED_IMPLEMENTATION,2026-09-05,2026-02-28,2026-09-05
ARU_GROUP-2026-00088,ARU_GROUP,2026,2,TRUCKING,4000,External revenue,0,102510,-102510,External customer invoice under source price and volume indices,TRK-2025-004,NONCASH_OR_OPENING,SYNTHETIC_CALIBRATION,PUBLIC_SYNTHETIC_DIEGETIC,LOCKED_DERIVED_IMPLEMENTATION,2026-09-05,2026-02-28,2026-09-05
ARU_GROUP-2026-00089,ARU_GROUP,2026,2,TRUCKING,1100,"External receivables, net of allowance",116280,0,116280,External customer invoice under source price and volume indices,TRK-2025-019,NONCASH_OR_OPENING,SYNTHETIC_CALIBRATION,PUBLIC_SYNTHETIC_DIEGETIC,LOCKED_DERIVED_IMPLEMENTATION,2026-09-05,2026-02-28,2026-09-05
ARU_GROUP-2026-00089,ARU_GROUP,2026,2,TRUCKING,4000,External revenue,0,116280,-116280,External customer invoice under source price and volume indices,TRK-2025-019,NONCASH_OR_OPENING,SYNTHETIC_CALIBRATION,PUBLIC_SYNTHETIC_DIEGETIC,LOCKED_DERIVED_IMPLEMENTATION,2026-09-05,2026-02-28,2026-09-05
ARU_GROUP-2026-00090,ARU_GROUP,2026,2,TRUCKING,1100,"External receivables, net of allowance",111180,0,111180,External customer invoice under source price and volume indices,TRK-2025-020,NONCASH_OR_OPENING,SYNTHETIC_CALIBRATION,PUBLIC_SYNTHETIC_DIEGETIC,LOCKED_DERIVED_IMPLEMENTATION,2026-09-05,2026-02-28,2026-09-05
ARU_GROUP-2026-00090,ARU_GROUP,2026,2,TRUCKING,4000,External revenue,0,111180,-111180,External customer invoice under source price and volume indices,TRK-2025-020,NONCASH_OR_OPENING,SYNTHETIC_CALIBRATION,PUBLIC_SYNTHETIC_DIEGETIC,LOCKED_DERIVED_IMPLEMENTATION,2026-09-05,2026-02-28,2026-09-05
ARU_GROUP-2026-00091,ARU_GROUP,2026,2,TRUCKING,1100,"External receivables, net of allowance",105570,0,105570,External customer invoice under source price and volume indices,TRK-2025-021,NONCASH_OR_OPENING,SYNTHETIC_CALIBRATION,PUBLIC_SYNTHETIC_DIEGETIC,LOCKED_DERIVED_IMPLEMENTATION,2026-09-05,2026-02-28,2026-09-05
ARU_GROUP-2026-00091,ARU_GROUP,2026,2,TRUCKING,4000,External revenue,0,105570,-105570,External customer invoice under source price and volume indices,TRK-2025-021,NONCASH_OR_OPENING,SYNTHETIC_CALIBRATION,PUBLIC_SYNTHETIC_DIEGETIC,LOCKED_DERIVED_IMPLEMENTATION,2026-09-05,2026-02-28,2026-09-05
ARU_GROUP-2026-00092,ARU_GROUP,2026,2,TRUCKING,1100,"External receivables, net of allowance",99960,0,99960,External customer invoice under source price and volume indices,TRK-2025-022,NONCASH_OR_OPENING,SYNTHETIC_CALIBRATION,PUBLIC_SYNTHETIC_DIEGETIC,LOCKED_DERIVED_IMPLEMENTATION,2026-09-05,2026-02-28,2026-09-05
ARU_GROUP-2026-00092,ARU_GROUP,2026,2,TRUCKING,4000,External revenue,0,99960,-99960,External customer invoice under source price and volume indices,TRK-2025-022,NONCASH_OR_OPENING,SYNTHETIC_CALIBRATION,PUBLIC_SYNTHETIC_DIEGETIC,LOCKED_DERIVED_IMPLEMENTATION,2026-09-05,2026-02-28,2026-09-05
ARU_GROUP-2026-00093,ARU_GROUP,2026,2,WAREHOUSE,1100,"External receivables, net of allowance",173502,0,173502,External customer invoice under source price and volume indices,WHS-2025-005,NONCASH_OR_OPENING,SYNTHETIC_CALIBRATION,PUBLIC_SYNTHETIC_DIEGETIC,LOCKED_DERIVED_IMPLEMENTATION,2026-09-05,2026-02-28,2026-09-05
ARU_GROUP-2026-00093,ARU_GROUP,2026,2,WAREHOUSE,4000,External revenue,0,173502,-173502,External customer invoice under source price and volume indices,WHS-2025-005,NONCASH_OR_OPENING,SYNTHETIC_CALIBRATION,PUBLIC_SYNTHETIC_DIEGETIC,LOCKED_DERIVED_IMPLEMENTATION,2026-09-05,2026-02-28,2026-09-05
ARU_GROUP-2026-00094,ARU_GROUP,2026,2,WAREHOUSE,1100,"External receivables, net of allowance",92106,0,92106,External customer invoice under source price and volume indices,WHS-2025-023,NONCASH_OR_OPENING,SYNTHETIC_CALIBRATION,PUBLIC_SYNTHETIC_DIEGETIC,LOCKED_DERIVED_IMPLEMENTATION,2026-09-05,2026-02-28,2026-09-05
ARU_GROUP-2026-00094,ARU_GROUP,2026,2,WAREHOUSE,4000,External revenue,0,92106,-92106,External customer invoice under source price and volume indices,WHS-2025-023,NONCASH_OR_OPENING,SYNTHETIC_CALIBRATION,PUBLIC_SYNTHETIC_DIEGETIC,LOCKED_DERIVED_IMPLEMENTATION,2026-09-05,2026-02-28,2026-09-05
ARU_GROUP-2026-00095,ARU_GROUP,2026,2,WAREHOUSE,1100,"External receivables, net of allowance",85680,0,85680,External customer invoice under source price and volume indices,WHS-2025-024,NONCASH_OR_OPENING,SYNTHETIC_CALIBRATION,PUBLIC_SYNTHETIC_DIEGETIC,LOCKED_DERIVED_IMPLEMENTATION,2026-09-05,2026-02-28,2026-09-05
ARU_GROUP-2026-00095,ARU_GROUP,2026,2,WAREHOUSE,4000,External revenue,0,85680,-85680,External customer invoice under source price and volume indices,WHS-2025-024,NONCASH_OR_OPENING,SYNTHETIC_CALIBRATION,PUBLIC_SYNTHETIC_DIEGETIC,LOCKED_DERIVED_IMPLEMENTATION,2026-09-05,2026-02-28,2026-09-05
ARU_GROUP-2026-00096,ARU_GROUP,2026,2,WAREHOUSE,1100,"External receivables, net of allowance",77112,0,77112,External customer invoice under source price and volume indices,WHS-2025-025,NONCASH_OR_OPENING,SYNTHETIC_CALIBRATION,PUBLIC_SYNTHETIC_DIEGETIC,LOCKED_DERIVED_IMPLEMENTATION,2026-09-05,2026-02-28,2026-09-05
ARU_GROUP-2026-00096,ARU_GROUP,2026,2,WAREHOUSE,4000,External revenue,0,77112,-77112,External customer invoice under source price and volume indices,WHS-2025-025,NONCASH_OR_OPENING,SYNTHETIC_CALIBRATION,PUBLIC_SYNTHETIC_DIEGETIC,LOCKED_DERIVED_IMPLEMENTATION,2026-09-05,2026-02-28,2026-09-05
ARU_GROUP-2026-00097,ARU_GROUP,2026,2,BST,5000,Payroll and employer burden,501121,0,501121,2026 loaded payroll under source cost index and unchanged census,PAYROLL-2026,NONCASH_OR_OPENING,SYNTHETIC_CALIBRATION,PUBLIC_SYNTHETIC_DIEGETIC,LOCKED_DERIVED_IMPLEMENTATION,2026-09-05,2026-02-28,2026-09-05
ARU_GROUP-2026-00097,ARU_GROUP,2026,2,BST,2000,Trade payables,0,501121,-501121,2026 loaded payroll under source cost index and unchanged census,PAYROLL-2026,NONCASH_OR_OPENING,SYNTHETIC_CALIBRATION,PUBLIC_SYNTHETIC_DIEGETIC,LOCKED_DERIVED_IMPLEMENTATION,2026-09-05,2026-02-28,2026-09-05
ARU_GROUP-2026-00098,ARU_GROUP,2026,2,BST,5100,External operating cost,629304,0,629304,External suppliers under source cost index,OPEX-2026,NONCASH_OR_OPENING,SYNTHETIC_CALIBRATION,PUBLIC_SYNTHETIC_DIEGETIC,LOCKED_DERIVED_IMPLEMENTATION,2026-09-05,2026-02-28,2026-09-05
ARU_GROUP-2026-00098,ARU_GROUP,2026,2,BST,2000,Trade payables,0,629304,-629304,External suppliers under source cost index,OPEX-2026,NONCASH_OR_OPENING,SYNTHETIC_CALIBRATION,PUBLIC_SYNTHETIC_DIEGETIC,LOCKED_DERIVED_IMPLEMENTATION,2026-09-05,2026-02-28,2026-09-05
ARU_GROUP-2026-00099,ARU_GROUP,2026,2,BST,5900,Shared service allocation / recovery,71242,0,71242,Shared services allocated,ALLOC-2026,NONCASH_OR_OPENING,SYNTHETIC_CALIBRATION,PUBLIC_SYNTHETIC_DIEGETIC,LOCKED_DERIVED_IMPLEMENTATION,2026-09-05,2026-02-28,2026-09-05
ARU_GROUP-2026-00099,ARU_GROUP,2026,2,BST,2100,Operating accruals,0,71242,-71242,Shared services allocated,ALLOC-2026,NONCASH_OR_OPENING,SYNTHETIC_CALIBRATION,PUBLIC_SYNTHETIC_DIEGETIC,LOCKED_DERIVED_IMPLEMENTATION,2026-09-05,2026-02-28,2026-09-05
ARU_GROUP-2026-00100,ARU_GROUP,2026,2,ARU,2100,Operating accruals,71242,0,71242,Shared services recovered,ALLOC-2026,NONCASH_OR_OPENING,SYNTHETIC_CALIBRATION,PUBLIC_SYNTHETIC_DIEGETIC,LOCKED_DERIVED_IMPLEMENTATION,2026-09-05,2026-02-28,2026-09-05
ARU_GROUP-2026-00100,ARU_GROUP,2026,2,ARU,5900,Shared service allocation / recovery,0,71242,-71242,Shared services recovered,ALLOC-2026,NONCASH_OR_OPENING,SYNTHETIC_CALIBRATION,PUBLIC_SYNTHETIC_DIEGETIC,LOCKED_DERIVED_IMPLEMENTATION,2026-09-05,2026-02-28,2026-09-05
ARU_GROUP-2026-00101,ARU_GROUP,2026,2,TERMINALS,5000,Payroll and employer burden,194936,0,194936,2026 loaded payroll under source cost index and unchanged census,PAYROLL-2026,NONCASH_OR_OPENING,SYNTHETIC_CALIBRATION,PUBLIC_SYNTHETIC_DIEGETIC,LOCKED_DERIVED_IMPLEMENTATION,2026-09-05,2026-02-28,2026-09-05
ARU_GROUP-2026-00101,ARU_GROUP,2026,2,TERMINALS,2000,Trade payables,0,194936,-194936,2026 loaded payroll under source cost index and unchanged census,PAYROLL-2026,NONCASH_OR_OPENING,SYNTHETIC_CALIBRATION,PUBLIC_SYNTHETIC_DIEGETIC,LOCKED_DERIVED_IMPLEMENTATION,2026-09-05,2026-02-28,2026-09-05
ARU_GROUP-2026-00102,ARU_GROUP,2026,2,TERMINALS,5100,External operating cost,504606,0,504606,External suppliers under source cost index,OPEX-2026,NONCASH_OR_OPENING,SYNTHETIC_CALIBRATION,PUBLIC_SYNTHETIC_DIEGETIC,LOCKED_DERIVED_IMPLEMENTATION,2026-09-05,2026-02-28,2026-09-05
ARU_GROUP-2026-00102,ARU_GROUP,2026,2,TERMINALS,2000,Trade payables,0,504606,-504606,External suppliers under source cost index,OPEX-2026,NONCASH_OR_OPENING,SYNTHETIC_CALIBRATION,PUBLIC_SYNTHETIC_DIEGETIC,LOCKED_DERIVED_IMPLEMENTATION,2026-09-05,2026-02-28,2026-09-05
ARU_GROUP-2026-00103,ARU_GROUP,2026,2,TERMINALS,5900,Shared service allocation / recovery,47208,0,47208,Shared services allocated,ALLOC-2026,NONCASH_OR_OPENING,SYNTHETIC_CALIBRATION,PUBLIC_SYNTHETIC_DIEGETIC,LOCKED_DERIVED_IMPLEMENTATION,2026-09-05,2026-02-28,2026-09-05
ARU_GROUP-2026-00103,ARU_GROUP,2026,2,TERMINALS,2100,Operating accruals,0,47208,-47208,Shared services allocated,ALLOC-2026,NONCASH_OR_OPENING,SYNTHETIC_CALIBRATION,PUBLIC_SYNTHETIC_DIEGETIC,LOCKED_DERIVED_IMPLEMENTATION,2026-09-05,2026-02-28,2026-09-05
ARU_GROUP-2026-00104,ARU_GROUP,2026,2,ARU,2100,Operating accruals,47208,0,47208,Shared services recovered,ALLOC-2026,NONCASH_OR_OPENING,SYNTHETIC_CALIBRATION,PUBLIC_SYNTHETIC_DIEGETIC,LOCKED_DERIVED_IMPLEMENTATION,2026-09-05,2026-02-28,2026-09-05
ARU_GROUP-2026-00104,ARU_GROUP,2026,2,ARU,5900,Shared service allocation / recovery,0,47208,-47208,Shared services recovered,ALLOC-2026,NONCASH_OR_OPENING,SYNTHETIC_CALIBRATION,PUBLIC_SYNTHETIC_DIEGETIC,LOCKED_DERIVED_IMPLEMENTATION,2026-09-05,2026-02-28,2026-09-05
ARU_GROUP-2026-00105,ARU_GROUP,2026,2,TRUCKING,5000,Payroll and employer burden,188464,0,188464,2026 loaded payroll under source cost index and unchanged census,PAYROLL-2026,NONCASH_OR_OPENING,SYNTHETIC_CALIBRATION,PUBLIC_SYNTHETIC_DIEGETIC,LOCKED_DERIVED_IMPLEMENTATION,2026-09-05,2026-02-28,2026-09-05
ARU_GROUP-2026-00105,ARU_GROUP,2026,2,TRUCKING,2000,Trade payables,0,188464,-188464,2026 loaded payroll under source cost index and unchanged census,PAYROLL-2026,NONCASH_OR_OPENING,SYNTHETIC_CALIBRATION,PUBLIC_SYNTHETIC_DIEGETIC,LOCKED_DERIVED_IMPLEMENTATION,2026-09-05,2026-02-28,2026-09-05
ARU_GROUP-2026-00106,ARU_GROUP,2026,2,TRUCKING,5100,External operating cost,299069,0,299069,External suppliers under source cost index,OPEX-2026,NONCASH_OR_OPENING,SYNTHETIC_CALIBRATION,PUBLIC_SYNTHETIC_DIEGETIC,LOCKED_DERIVED_IMPLEMENTATION,2026-09-05,2026-02-28,2026-09-05
ARU_GROUP-2026-00106,ARU_GROUP,2026,2,TRUCKING,2000,Trade payables,0,299069,-299069,External suppliers under source cost index,OPEX-2026,NONCASH_OR_OPENING,SYNTHETIC_CALIBRATION,PUBLIC_SYNTHETIC_DIEGETIC,LOCKED_DERIVED_IMPLEMENTATION,2026-09-05,2026-02-28,2026-09-05
ARU_GROUP-2026-00107,ARU_GROUP,2026,2,TRUCKING,5900,Shared service allocation / recovery,27467,0,27467,Shared services allocated,ALLOC-2026,NONCASH_OR_OPENING,SYNTHETIC_CALIBRATION,PUBLIC_SYNTHETIC_DIEGETIC,LOCKED_DERIVED_IMPLEMENTATION,2026-09-05,2026-02-28,2026-09-05
ARU_GROUP-2026-00107,ARU_GROUP,2026,2,TRUCKING,2100,Operating accruals,0,27467,-27467,Shared services allocated,ALLOC-2026,NONCASH_OR_OPENING,SYNTHETIC_CALIBRATION,PUBLIC_SYNTHETIC_DIEGETIC,LOCKED_DERIVED_IMPLEMENTATION,2026-09-05,2026-02-28,2026-09-05
ARU_GROUP-2026-00108,ARU_GROUP,2026,2,ARU,2100,Operating accruals,27467,0,27467,Shared services recovered,ALLOC-2026,NONCASH_OR_OPENING,SYNTHETIC_CALIBRATION,PUBLIC_SYNTHETIC_DIEGETIC,LOCKED_DERIVED_IMPLEMENTATION,2026-09-05,2026-02-28,2026-09-05
ARU_GROUP-2026-00108,ARU_GROUP,2026,2,ARU,5900,Shared service allocation / recovery,0,27467,-27467,Shared services recovered,ALLOC-2026,NONCASH_OR_OPENING,SYNTHETIC_CALIBRATION,PUBLIC_SYNTHETIC_DIEGETIC,LOCKED_DERIVED_IMPLEMENTATION,2026-09-05,2026-02-28,2026-09-05
ARU_GROUP-2026-00109,ARU_GROUP,2026,2,WAREHOUSE,5000,Payroll and employer burden,89490,0,89490,2026 loaded payroll under source cost index and unchanged census,PAYROLL-2026,NONCASH_OR_OPENING,SYNTHETIC_CALIBRATION,PUBLIC_SYNTHETIC_DIEGETIC,LOCKED_DERIVED_IMPLEMENTATION,2026-09-05,2026-02-28,2026-09-05
ARU_GROUP-2026-00109,ARU_GROUP,2026,2,WAREHOUSE,2000,Trade payables,0,89490,-89490,2026 loaded payroll under source cost index and unchanged census,PAYROLL-2026,NONCASH_OR_OPENING,SYNTHETIC_CALIBRATION,PUBLIC_SYNTHETIC_DIEGETIC,LOCKED_DERIVED_IMPLEMENTATION,2026-09-05,2026-02-28,2026-09-05
ARU_GROUP-2026-00110,ARU_GROUP,2026,2,WAREHOUSE,5100,External operating cost,169727,0,169727,External suppliers under source cost index,OPEX-2026,NONCASH_OR_OPENING,SYNTHETIC_CALIBRATION,PUBLIC_SYNTHETIC_DIEGETIC,LOCKED_DERIVED_IMPLEMENTATION,2026-09-05,2026-02-28,2026-09-05
ARU_GROUP-2026-00110,ARU_GROUP,2026,2,WAREHOUSE,2000,Trade payables,0,169727,-169727,External suppliers under source cost index,OPEX-2026,NONCASH_OR_OPENING,SYNTHETIC_CALIBRATION,PUBLIC_SYNTHETIC_DIEGETIC,LOCKED_DERIVED_IMPLEMENTATION,2026-09-05,2026-02-28,2026-09-05
ARU_GROUP-2026-00111,ARU_GROUP,2026,2,WAREHOUSE,5900,Shared service allocation / recovery,24033,0,24033,Shared services allocated,ALLOC-2026,NONCASH_OR_OPENING,SYNTHETIC_CALIBRATION,PUBLIC_SYNTHETIC_DIEGETIC,LOCKED_DERIVED_IMPLEMENTATION,2026-09-05,2026-02-28,2026-09-05
ARU_GROUP-2026-00111,ARU_GROUP,2026,2,WAREHOUSE,2100,Operating accruals,0,24033,-24033,Shared services allocated,ALLOC-2026,NONCASH_OR_OPENING,SYNTHETIC_CALIBRATION,PUBLIC_SYNTHETIC_DIEGETIC,LOCKED_DERIVED_IMPLEMENTATION,2026-09-05,2026-02-28,2026-09-05
ARU_GROUP-2026-00112,ARU_GROUP,2026,2,ARU,2100,Operating accruals,24033,0,24033,Shared services recovered,ALLOC-2026,NONCASH_OR_OPENING,SYNTHETIC_CALIBRATION,PUBLIC_SYNTHETIC_DIEGETIC,LOCKED_DERIVED_IMPLEMENTATION,2026-09-05,2026-02-28,2026-09-05
ARU_GROUP-2026-00112,ARU_GROUP,2026,2,ARU,5900,Shared service allocation / recovery,0,24033,-24033,Shared services recovered,ALLOC-2026,NONCASH_OR_OPENING,SYNTHETIC_CALIBRATION,PUBLIC_SYNTHETIC_DIEGETIC,LOCKED_DERIVED_IMPLEMENTATION,2026-09-05,2026-02-28,2026-09-05
ARU_GROUP-2026-00113,ARU_GROUP,2026,2,ARU,5000,Payroll and employer burden,139814,0,139814,2026 loaded payroll under source cost index and unchanged census,PAYROLL-2026,NONCASH_OR_OPENING,SYNTHETIC_CALIBRATION,PUBLIC_SYNTHETIC_DIEGETIC,LOCKED_DERIVED_IMPLEMENTATION,2026-09-05,2026-02-28,2026-09-05
ARU_GROUP-2026-00113,ARU_GROUP,2026,2,ARU,2000,Trade payables,0,139814,-139814,2026 loaded payroll under source cost index and unchanged census,PAYROLL-2026,NONCASH_OR_OPENING,SYNTHETIC_CALIBRATION,PUBLIC_SYNTHETIC_DIEGETIC,LOCKED_DERIVED_IMPLEMENTATION,2026-09-05,2026-02-28,2026-09-05
ARU_GROUP-2026-00114,ARU_GROUP,2026,2,ARU,5100,External operating cost,47303,0,47303,External suppliers under source cost index,OPEX-2026,NONCASH_OR_OPENING,SYNTHETIC_CALIBRATION,PUBLIC_SYNTHETIC_DIEGETIC,LOCKED_DERIVED_IMPLEMENTATION,2026-09-05,2026-02-28,2026-09-05
ARU_GROUP-2026-00114,ARU_GROUP,2026,2,ARU,2000,Trade payables,0,47303,-47303,External suppliers under source cost index,OPEX-2026,NONCASH_OR_OPENING,SYNTHETIC_CALIBRATION,PUBLIC_SYNTHETIC_DIEGETIC,LOCKED_DERIVED_IMPLEMENTATION,2026-09-05,2026-02-28,2026-09-05
ARU_GROUP-2026-00115,ARU_GROUP,2026,2,ARU,1200,Inventory cash cost,4500,0,4500,Forecast working capital purchases,WC26-inventory,NONCASH_OR_OPENING,SYNTHETIC_CALIBRATION,PUBLIC_SYNTHETIC_DIEGETIC,LOCKED_DERIVED_IMPLEMENTATION,2026-09-05,2026-02-28,2026-09-05
ARU_GROUP-2026-00115,ARU_GROUP,2026,2,ARU,2000,Trade payables,0,4500,-4500,Forecast working capital purchases,WC26-inventory,NONCASH_OR_OPENING,SYNTHETIC_CALIBRATION,PUBLIC_SYNTHETIC_DIEGETIC,LOCKED_DERIVED_IMPLEMENTATION,2026-09-05,2026-02-28,2026-09-05
ARU_GROUP-2026-00116,ARU_GROUP,2026,2,ARU,1300,Prepaids,1750,0,1750,Forecast working capital purchases,WC26-prepaids,NONCASH_OR_OPENING,SYNTHETIC_CALIBRATION,PUBLIC_SYNTHETIC_DIEGETIC,LOCKED_DERIVED_IMPLEMENTATION,2026-09-05,2026-02-28,2026-09-05
ARU_GROUP-2026-00116,ARU_GROUP,2026,2,ARU,2000,Trade payables,0,1750,-1750,Forecast working capital purchases,WC26-prepaids,NONCASH_OR_OPENING,SYNTHETIC_CALIBRATION,PUBLIC_SYNTHETIC_DIEGETIC,LOCKED_DERIVED_IMPLEMENTATION,2026-09-05,2026-02-28,2026-09-05
ARU_GROUP-2026-00117,ARU_GROUP,2026,2,ARU,2000,Trade payables,2500,0,2500,Operating accrual growth,WC26-ACCRUAL,NONCASH_OR_OPENING,SYNTHETIC_CALIBRATION,PUBLIC_SYNTHETIC_DIEGETIC,LOCKED_DERIVED_IMPLEMENTATION,2026-09-05,2026-02-28,2026-09-05
ARU_GROUP-2026-00117,ARU_GROUP,2026,2,ARU,2100,Operating accruals,0,2500,-2500,Operating accrual growth,WC26-ACCRUAL,NONCASH_OR_OPENING,SYNTHETIC_CALIBRATION,PUBLIC_SYNTHETIC_DIEGETIC,LOCKED_DERIVED_IMPLEMENTATION,2026-09-05,2026-02-28,2026-09-05
ARU_GROUP-2026-00118,ARU_GROUP,2026,2,ARU,1100,"External receivables, net of allowance",0,3014758,-3014758,External invoice collections,AR26,OPERATING,SYNTHETIC_CALIBRATION,PUBLIC_SYNTHETIC_DIEGETIC,LOCKED_DERIVED_IMPLEMENTATION,2026-09-05,2026-02-28,2026-09-05
ARU_GROUP-2026-00118,ARU_GROUP,2026,2,ARU,1000,Cash,3014758,0,3014758,External invoice collections,AR26,OPERATING,SYNTHETIC_CALIBRATION,PUBLIC_SYNTHETIC_DIEGETIC,LOCKED_DERIVED_IMPLEMENTATION,2026-09-05,2026-02-28,2026-09-05
ARU_GROUP-2026-00119,ARU_GROUP,2026,2,ARU,2000,Trade payables,2760084,0,2760084,Payroll/supplier settlement,AP26,OPERATING,SYNTHETIC_CALIBRATION,PUBLIC_SYNTHETIC_DIEGETIC,LOCKED_DERIVED_IMPLEMENTATION,2026-09-05,2026-02-28,2026-09-05
ARU_GROUP-2026-00119,ARU_GROUP,2026,2,ARU,1000,Cash,0,2760084,-2760084,Payroll/supplier settlement,AP26,OPERATING,SYNTHETIC_CALIBRATION,PUBLIC_SYNTHETIC_DIEGETIC,LOCKED_DERIVED_IMPLEMENTATION,2026-09-05,2026-02-28,2026-09-05
ARU_GROUP-2026-00120,ARU_GROUP,2026,2,ARU,5700,Retention and seller consulting,38356,0,38356,Retention compensation accrued by service days,RETENTION-POOL,NONCASH_OR_OPENING,SYNTHETIC_CALIBRATION,PUBLIC_SYNTHETIC_DIEGETIC,LOCKED_DERIVED_IMPLEMENTATION,2026-09-05,2026-02-28,2026-09-05
ARU_GROUP-2026-00120,ARU_GROUP,2026,2,ARU,2110,Retention compensation payable,0,38356,-38356,Retention compensation accrued by service days,RETENTION-POOL,NONCASH_OR_OPENING,SYNTHETIC_CALIBRATION,PUBLIC_SYNTHETIC_DIEGETIC,LOCKED_DERIVED_IMPLEMENTATION,2026-09-05,2026-02-28,2026-09-05
ARU_GROUP-2026-00121,ARU_GROUP,2026,2,ARU,5700,Retention and seller consulting,23077,0,23077,"Seller knowledge-transfer consulting, no operating authority",TOLMAN-CONSULTING,OPERATING,SYNTHETIC_CALIBRATION,PUBLIC_SYNTHETIC_DIEGETIC,LOCKED_DERIVED_IMPLEMENTATION,2026-09-05,2026-02-28,2026-09-05
ARU_GROUP-2026-00121,ARU_GROUP,2026,2,ARU,1000,Cash,0,23077,-23077,"Seller knowledge-transfer consulting, no operating authority",TOLMAN-CONSULTING,OPERATING,SYNTHETIC_CALIBRATION,PUBLIC_SYNTHETIC_DIEGETIC,LOCKED_DERIVED_IMPLEMENTATION,2026-09-05,2026-02-28,2026-09-05
ARU_GROUP-2026-00122,ARU_GROUP,2026,2,ARU,5400,Interest and financing fees,126850,0,126850,Term/lease interest and undrawn revolver fee,DEBT26,OPERATING,SYNTHETIC_CALIBRATION,PUBLIC_SYNTHETIC_DIEGETIC,LOCKED_DERIVED_IMPLEMENTATION,2026-09-05,2026-02-28,2026-09-05
ARU_GROUP-2026-00122,ARU_GROUP,2026,2,ARU,1000,Cash,0,126850,-126850,Term/lease interest and undrawn revolver fee,DEBT26,OPERATING,SYNTHETIC_CALIBRATION,PUBLIC_SYNTHETIC_DIEGETIC,LOCKED_DERIVED_IMPLEMENTATION,2026-09-05,2026-02-28,2026-09-05
ARU_GROUP-2026-00123,ARU_GROUP,2026,2,ARU,5400,Interest and financing fees,5000,0,5000,Debt issuance cost amortization,DEBT26-ISSUANCE,NONCASH_OR_OPENING,SYNTHETIC_CALIBRATION,PUBLIC_SYNTHETIC_DIEGETIC,LOCKED_DERIVED_IMPLEMENTATION,2026-09-05,2026-02-28,2026-09-05
ARU_GROUP-2026-00123,ARU_GROUP,2026,2,ARU,1700,"Debt issuance cost, contra term debt",0,5000,-5000,Debt issuance cost amortization,DEBT26-ISSUANCE,NONCASH_OR_OPENING,SYNTHETIC_CALIBRATION,PUBLIC_SYNTHETIC_DIEGETIC,LOCKED_DERIVED_IMPLEMENTATION,2026-09-05,2026-02-28,2026-09-05
ARU_GROUP-2026-00125,ARU_GROUP,2026,2,ARU,2600,Finance lease obligation,38356,0,38356,Finance lease principal,LEASE26,FINANCING,SYNTHETIC_CALIBRATION,PUBLIC_SYNTHETIC_DIEGETIC,LOCKED_DERIVED_IMPLEMENTATION,2026-09-05,2026-02-28,2026-09-05
ARU_GROUP-2026-00125,ARU_GROUP,2026,2,ARU,1000,Cash,0,38356,-38356,Finance lease principal,LEASE26,FINANCING,SYNTHETIC_CALIBRATION,PUBLIC_SYNTHETIC_DIEGETIC,LOCKED_DERIVED_IMPLEMENTATION,2026-09-05,2026-02-28,2026-09-05
ARU_GROUP-2026-00126,ARU_GROUP,2026,2,ARU,3000,Contributed equity,0,2150000,-2150000,Parent equity for catch-up and Phase 1 infrastructure,CAPITAL-FUNDING,FINANCING,SYNTHETIC_CALIBRATION,PUBLIC_SYNTHETIC_DIEGETIC,LOCKED_DERIVED_IMPLEMENTATION,2026-09-05,2026-02-28,2026-09-05
ARU_GROUP-2026-00126,ARU_GROUP,2026,2,ARU,1000,Cash,2150000,0,2150000,Parent equity for catch-up and Phase 1 infrastructure,CAPITAL-FUNDING,FINANCING,SYNTHETIC_CALIBRATION,PUBLIC_SYNTHETIC_DIEGETIC,LOCKED_DERIVED_IMPLEMENTATION,2026-09-05,2026-02-28,2026-09-05
ARU_GROUP-2026-00127,ARU_GROUP,2026,2,ARU,1400,PPE gross,2425000,0,2425000,Sustaining/catch-up/Phase 1 capital additions,CAPEX26,INVESTING,SYNTHETIC_CALIBRATION,PUBLIC_SYNTHETIC_DIEGETIC,LOCKED_DERIVED_IMPLEMENTATION,2026-09-05,2026-02-28,2026-09-05
ARU_GROUP-2026-00127,ARU_GROUP,2026,2,ARU,1000,Cash,0,2425000,-2425000,Sustaining/catch-up/Phase 1 capital additions,CAPEX26,INVESTING,SYNTHETIC_CALIBRATION,PUBLIC_SYNTHETIC_DIEGETIC,LOCKED_DERIVED_IMPLEMENTATION,2026-09-05,2026-02-28,2026-09-05
ARU_GROUP-2026-00128,ARU_GROUP,2026,2,ARU,5300,Depreciation in earnings,163388,0,163388,PPE depreciation and completed program assets,FIXED26,NONCASH_OR_OPENING,SYNTHETIC_CALIBRATION,PUBLIC_SYNTHETIC_DIEGETIC,LOCKED_DERIVED_IMPLEMENTATION,2026-09-05,2026-02-28,2026-09-05
ARU_GROUP-2026-00128,ARU_GROUP,2026,2,ARU,1490,Accumulated PPE depreciation,0,163388,-163388,PPE depreciation and completed program assets,FIXED26,NONCASH_OR_OPENING,SYNTHETIC_CALIBRATION,PUBLIC_SYNTHETIC_DIEGETIC,LOCKED_DERIVED_IMPLEMENTATION,2026-09-05,2026-02-28,2026-09-05
ARU_GROUP-2026-00129,ARU_GROUP,2026,2,ARU,5300,Depreciation in earnings,38356,0,38356,Retained finance lease ROU depreciation,LEASE26,NONCASH_OR_OPENING,SYNTHETIC_CALIBRATION,PUBLIC_SYNTHETIC_DIEGETIC,LOCKED_DERIVED_IMPLEMENTATION,2026-09-05,2026-02-28,2026-09-05
ARU_GROUP-2026-00129,ARU_GROUP,2026,2,ARU,1590,Accumulated finance lease ROU depreciation,0,38356,-38356,Retained finance lease ROU depreciation,LEASE26,NONCASH_OR_OPENING,SYNTHETIC_CALIBRATION,PUBLIC_SYNTHETIC_DIEGETIC,LOCKED_DERIVED_IMPLEMENTATION,2026-09-05,2026-02-28,2026-09-05
ARU_GROUP-2026-00131,ARU_GROUP,2026,2,ARU,5501,Deferred income tax expense,18055,0,18055,Deferred tax on section 197 goodwill tax/book basis difference,TAX26-DEFERRED,NONCASH_OR_OPENING,SYNTHETIC_CALIBRATION,PUBLIC_SYNTHETIC_DIEGETIC,LOCKED_DERIVED_IMPLEMENTATION,2026-09-05,2026-02-28,2026-09-05
ARU_GROUP-2026-00131,ARU_GROUP,2026,2,ARU,2250,Deferred tax liability on tax goodwill amortization,0,18055,-18055,Deferred tax on section 197 goodwill tax/book basis difference,TAX26-DEFERRED,NONCASH_OR_OPENING,SYNTHETIC_CALIBRATION,PUBLIC_SYNTHETIC_DIEGETIC,LOCKED_DERIVED_IMPLEMENTATION,2026-09-05,2026-02-28,2026-09-05
ARU_GROUP-2026-00132,ARU_GROUP,2026,2,ARU,1801,Deferred tax asset on interim modeled tax loss,51581,0,51581,Interim modeled tax-loss asset supported by positive annual forecast,TAX26-INTERIM-LOSS,NONCASH_OR_OPENING,SYNTHETIC_CALIBRATION,PUBLIC_SYNTHETIC_DIEGETIC,LOCKED_DERIVED_IMPLEMENTATION,2026-09-05,2026-02-28,2026-09-05
ARU_GROUP-2026-00132,ARU_GROUP,2026,2,ARU,5501,Deferred income tax expense,0,51581,-51581,Interim modeled tax-loss asset supported by positive annual forecast,TAX26-INTERIM-LOSS,NONCASH_OR_OPENING,SYNTHETIC_CALIBRATION,PUBLIC_SYNTHETIC_DIEGETIC,LOCKED_DERIVED_IMPLEMENTATION,2026-09-05,2026-02-28,2026-09-05
ARU_GROUP-2026-00134,ARU_GROUP,2026,2,ARU,3000,Contributed equity,0,208609,-208609,Additional parent liquidity equity to preserve cash floor,LIQUIDITY26,FINANCING,SYNTHETIC_CALIBRATION,PUBLIC_SYNTHETIC_DIEGETIC,LOCKED_DERIVED_IMPLEMENTATION,2026-09-05,2026-02-28,2026-09-05
ARU_GROUP-2026-00134,ARU_GROUP,2026,2,ARU,1000,Cash,208609,0,208609,Additional parent liquidity equity to preserve cash floor,LIQUIDITY26,FINANCING,SYNTHETIC_CALIBRATION,PUBLIC_SYNTHETIC_DIEGETIC,LOCKED_DERIVED_IMPLEMENTATION,2026-09-05,2026-02-28,2026-09-05
ARU_GROUP-2026-00135,ARU_GROUP,2026,3,BST,1100,"External receivables, net of allowance",268091,0,268091,External customer invoice under source price and volume indices,BST-2025-001,NONCASH_OR_OPENING,SYNTHETIC_CALIBRATION,PUBLIC_SYNTHETIC_DIEGETIC,LOCKED_DERIVED_IMPLEMENTATION,2026-09-05,2026-03-31,2026-09-05
ARU_GROUP-2026-00135,ARU_GROUP,2026,3,BST,4000,External revenue,0,268091,-268091,External customer invoice under source price and volume indices,BST-2025-001,NONCASH_OR_OPENING,SYNTHETIC_CALIBRATION,PUBLIC_SYNTHETIC_DIEGETIC,LOCKED_DERIVED_IMPLEMENTATION,2026-09-05,2026-03-31,2026-09-05
ARU_GROUP-2026-00136,ARU_GROUP,2026,3,BST,1100,"External receivables, net of allowance",115091,0,115091,External customer invoice under source price and volume indices,BST-2025-006,NONCASH_OR_OPENING,SYNTHETIC_CALIBRATION,PUBLIC_SYNTHETIC_DIEGETIC,LOCKED_DERIVED_IMPLEMENTATION,2026-09-05,2026-03-31,2026-09-05
ARU_GROUP-2026-00136,ARU_GROUP,2026,3,BST,4000,External revenue,0,115091,-115091,External customer invoice under source price and volume indices,BST-2025-006,NONCASH_OR_OPENING,SYNTHETIC_CALIBRATION,PUBLIC_SYNTHETIC_DIEGETIC,LOCKED_DERIVED_IMPLEMENTATION,2026-09-05,2026-03-31,2026-09-05
ARU_GROUP-2026-00137,ARU_GROUP,2026,3,BST,1100,"External receivables, net of allowance",199988,0,199988,External customer invoice under source price and volume indices,BST-2025-002,NONCASH_OR_OPENING,SYNTHETIC_CALIBRATION,PUBLIC_SYNTHETIC_DIEGETIC,LOCKED_DERIVED_IMPLEMENTATION,2026-09-05,2026-03-31,2026-09-05
ARU_GROUP-2026-00137,ARU_GROUP,2026,3,BST,4000,External revenue,0,199988,-199988,External customer invoice under source price and volume indices,BST-2025-002,NONCASH_OR_OPENING,SYNTHETIC_CALIBRATION,PUBLIC_SYNTHETIC_DIEGETIC,LOCKED_DERIVED_IMPLEMENTATION,2026-09-05,2026-03-31,2026-09-05
ARU_GROUP-2026-00138,ARU_GROUP,2026,3,BST,1100,"External receivables, net of allowance",90185,0,90185,External customer invoice under source price and volume indices,BST-2025-007,NONCASH_OR_OPENING,SYNTHETIC_CALIBRATION,PUBLIC_SYNTHETIC_DIEGETIC,LOCKED_DERIVED_IMPLEMENTATION,2026-09-05,2026-03-31,2026-09-05
ARU_GROUP-2026-00138,ARU_GROUP,2026,3,BST,4000,External revenue,0,90185,-90185,External customer invoice under source price and volume indices,BST-2025-007,NONCASH_OR_OPENING,SYNTHETIC_CALIBRATION,PUBLIC_SYNTHETIC_DIEGETIC,LOCKED_DERIVED_IMPLEMENTATION,2026-09-05,2026-03-31,2026-09-05
ARU_GROUP-2026-00139,ARU_GROUP,2026,3,BST,1100,"External receivables, net of allowance",103700,0,103700,External customer invoice under source price and volume indices,BST-2025-004,NONCASH_OR_OPENING,SYNTHETIC_CALIBRATION,PUBLIC_SYNTHETIC_DIEGETIC,LOCKED_DERIVED_IMPLEMENTATION,2026-09-05,2026-03-31,2026-09-05
ARU_GROUP-2026-00139,ARU_GROUP,2026,3,BST,4000,External revenue,0,103700,-103700,External customer invoice under source price and volume indices,BST-2025-004,NONCASH_OR_OPENING,SYNTHETIC_CALIBRATION,PUBLIC_SYNTHETIC_DIEGETIC,LOCKED_DERIVED_IMPLEMENTATION,2026-09-05,2026-03-31,2026-09-05
ARU_GROUP-2026-00140,ARU_GROUP,2026,3,BST,1100,"External receivables, net of allowance",52275,0,52275,External customer invoice under source price and volume indices,BST-2025-008,NONCASH_OR_OPENING,SYNTHETIC_CALIBRATION,PUBLIC_SYNTHETIC_DIEGETIC,LOCKED_DERIVED_IMPLEMENTATION,2026-09-05,2026-03-31,2026-09-05
ARU_GROUP-2026-00140,ARU_GROUP,2026,3,BST,4000,External revenue,0,52275,-52275,External customer invoice under source price and volume indices,BST-2025-008,NONCASH_OR_OPENING,SYNTHETIC_CALIBRATION,PUBLIC_SYNTHETIC_DIEGETIC,LOCKED_DERIVED_IMPLEMENTATION,2026-09-05,2026-03-31,2026-09-05
ARU_GROUP-2026-00141,ARU_GROUP,2026,3,BST,1100,"External receivables, net of allowance",122706,0,122706,External customer invoice under source price and volume indices,BST-2025-003,NONCASH_OR_OPENING,SYNTHETIC_CALIBRATION,PUBLIC_SYNTHETIC_DIEGETIC,LOCKED_DERIVED_IMPLEMENTATION,2026-09-05,2026-03-31,2026-09-05
ARU_GROUP-2026-00141,ARU_GROUP,2026,3,BST,4000,External revenue,0,122706,-122706,External customer invoice under source price and volume indices,BST-2025-003,NONCASH_OR_OPENING,SYNTHETIC_CALIBRATION,PUBLIC_SYNTHETIC_DIEGETIC,LOCKED_DERIVED_IMPLEMENTATION,2026-09-05,2026-03-31,2026-09-05
ARU_GROUP-2026-00142,ARU_GROUP,2026,3,BST,1100,"External receivables, net of allowance",64328,0,64328,External customer invoice under source price and volume indices,BST-2025-009,NONCASH_OR_OPENING,SYNTHETIC_CALIBRATION,PUBLIC_SYNTHETIC_DIEGETIC,LOCKED_DERIVED_IMPLEMENTATION,2026-09-05,2026-03-31,2026-09-05
ARU_GROUP-2026-00142,ARU_GROUP,2026,3,BST,4000,External revenue,0,64328,-64328,External customer invoice under source price and volume indices,BST-2025-009,NONCASH_OR_OPENING,SYNTHETIC_CALIBRATION,PUBLIC_SYNTHETIC_DIEGETIC,LOCKED_DERIVED_IMPLEMENTATION,2026-09-05,2026-03-31,2026-09-05
ARU_GROUP-2026-00143,ARU_GROUP,2026,3,BST,1100,"External receivables, net of allowance",59840,0,59840,External customer invoice under source price and volume indices,BST-2025-010,NONCASH_OR_OPENING,SYNTHETIC_CALIBRATION,PUBLIC_SYNTHETIC_DIEGETIC,LOCKED_DERIVED_IMPLEMENTATION,2026-09-05,2026-03-31,2026-09-05
ARU_GROUP-2026-00143,ARU_GROUP,2026,3,BST,4000,External revenue,0,59840,-59840,External customer invoice under source price and volume indices,BST-2025-010,NONCASH_OR_OPENING,SYNTHETIC_CALIBRATION,PUBLIC_SYNTHETIC_DIEGETIC,LOCKED_DERIVED_IMPLEMENTATION,2026-09-05,2026-03-31,2026-09-05
ARU_GROUP-2026-00144,ARU_GROUP,2026,3,BST,1100,"External receivables, net of allowance",32471,0,32471,External customer invoice under source price and volume indices,BST-2025-011,NONCASH_OR_OPENING,SYNTHETIC_CALIBRATION,PUBLIC_SYNTHETIC_DIEGETIC,LOCKED_DERIVED_IMPLEMENTATION,2026-09-05,2026-03-31,2026-09-05
ARU_GROUP-2026-00144,ARU_GROUP,2026,3,BST,4000,External revenue,0,32471,-32471,External customer invoice under source price and volume indices,BST-2025-011,NONCASH_OR_OPENING,SYNTHETIC_CALIBRATION,PUBLIC_SYNTHETIC_DIEGETIC,LOCKED_DERIVED_IMPLEMENTATION,2026-09-05,2026-03-31,2026-09-05
ARU_GROUP-2026-00145,ARU_GROUP,2026,3,BST,1100,"External receivables, net of allowance",98621,0,98621,External customer invoice under source price and volume indices,BST-2025-012,NONCASH_OR_OPENING,SYNTHETIC_CALIBRATION,PUBLIC_SYNTHETIC_DIEGETIC,LOCKED_DERIVED_IMPLEMENTATION,2026-09-05,2026-03-31,2026-09-05
ARU_GROUP-2026-00145,ARU_GROUP,2026,3,BST,4000,External revenue,0,98621,-98621,External customer invoice under source price and volume indices,BST-2025-012,NONCASH_OR_OPENING,SYNTHETIC_CALIBRATION,PUBLIC_SYNTHETIC_DIEGETIC,LOCKED_DERIVED_IMPLEMENTATION,2026-09-05,2026-03-31,2026-09-05
ARU_GROUP-2026-00146,ARU_GROUP,2026,3,BST,1100,"External receivables, net of allowance",62780,0,62780,External customer invoice under source price and volume indices,BST-2025-013,NONCASH_OR_OPENING,SYNTHETIC_CALIBRATION,PUBLIC_SYNTHETIC_DIEGETIC,LOCKED_DERIVED_IMPLEMENTATION,2026-09-05,2026-03-31,2026-09-05
ARU_GROUP-2026-00146,ARU_GROUP,2026,3,BST,4000,External revenue,0,62780,-62780,External customer invoice under source price and volume indices,BST-2025-013,NONCASH_OR_OPENING,SYNTHETIC_CALIBRATION,PUBLIC_SYNTHETIC_DIEGETIC,LOCKED_DERIVED_IMPLEMENTATION,2026-09-05,2026-03-31,2026-09-05
ARU_GROUP-2026-00147,ARU_GROUP,2026,3,TERMINALS,1100,"External receivables, net of allowance",109752,0,109752,External customer invoice under source price and volume indices,TRM-2025-001,NONCASH_OR_OPENING,SYNTHETIC_CALIBRATION,PUBLIC_SYNTHETIC_DIEGETIC,LOCKED_DERIVED_IMPLEMENTATION,2026-09-05,2026-03-31,2026-09-05
ARU_GROUP-2026-00147,ARU_GROUP,2026,3,TERMINALS,4000,External revenue,0,109752,-109752,External customer invoice under source price and volume indices,TRM-2025-001,NONCASH_OR_OPENING,SYNTHETIC_CALIBRATION,PUBLIC_SYNTHETIC_DIEGETIC,LOCKED_DERIVED_IMPLEMENTATION,2026-09-05,2026-03-31,2026-09-05
ARU_GROUP-2026-00148,ARU_GROUP,2026,3,TERMINALS,1100,"External receivables, net of allowance",106692,0,106692,External customer invoice under source price and volume indices,TRM-2025-002,NONCASH_OR_OPENING,SYNTHETIC_CALIBRATION,PUBLIC_SYNTHETIC_DIEGETIC,LOCKED_DERIVED_IMPLEMENTATION,2026-09-05,2026-03-31,2026-09-05
ARU_GROUP-2026-00148,ARU_GROUP,2026,3,TERMINALS,4000,External revenue,0,106692,-106692,External customer invoice under source price and volume indices,TRM-2025-002,NONCASH_OR_OPENING,SYNTHETIC_CALIBRATION,PUBLIC_SYNTHETIC_DIEGETIC,LOCKED_DERIVED_IMPLEMENTATION,2026-09-05,2026-03-31,2026-09-05
ARU_GROUP-2026-00149,ARU_GROUP,2026,3,TERMINALS,1100,"External receivables, net of allowance",147084,0,147084,External customer invoice under source price and volume indices,TRM-2025-003,NONCASH_OR_OPENING,SYNTHETIC_CALIBRATION,PUBLIC_SYNTHETIC_DIEGETIC,LOCKED_DERIVED_IMPLEMENTATION,2026-09-05,2026-03-31,2026-09-05
ARU_GROUP-2026-00149,ARU_GROUP,2026,3,TERMINALS,4000,External revenue,0,147084,-147084,External customer invoice under source price and volume indices,TRM-2025-003,NONCASH_OR_OPENING,SYNTHETIC_CALIBRATION,PUBLIC_SYNTHETIC_DIEGETIC,LOCKED_DERIVED_IMPLEMENTATION,2026-09-05,2026-03-31,2026-09-05
ARU_GROUP-2026-00150,ARU_GROUP,2026,3,TERMINALS,1100,"External receivables, net of allowance",146880,0,146880,External customer invoice under source price and volume indices,TRM-2025-014,NONCASH_OR_OPENING,SYNTHETIC_CALIBRATION,PUBLIC_SYNTHETIC_DIEGETIC,LOCKED_DERIVED_IMPLEMENTATION,2026-09-05,2026-03-31,2026-09-05
ARU_GROUP-2026-00150,ARU_GROUP,2026,3,TERMINALS,4000,External revenue,0,146880,-146880,External customer invoice under source price and volume indices,TRM-2025-014,NONCASH_OR_OPENING,SYNTHETIC_CALIBRATION,PUBLIC_SYNTHETIC_DIEGETIC,LOCKED_DERIVED_IMPLEMENTATION,2026-09-05,2026-03-31,2026-09-05
ARU_GROUP-2026-00151,ARU_GROUP,2026,3,TERMINALS,1100,"External receivables, net of allowance",144840,0,144840,External customer invoice under source price and volume indices,TRM-2025-015,NONCASH_OR_OPENING,SYNTHETIC_CALIBRATION,PUBLIC_SYNTHETIC_DIEGETIC,LOCKED_DERIVED_IMPLEMENTATION,2026-09-05,2026-03-31,2026-09-05
ARU_GROUP-2026-00151,ARU_GROUP,2026,3,TERMINALS,4000,External revenue,0,144840,-144840,External customer invoice under source price and volume indices,TRM-2025-015,NONCASH_OR_OPENING,SYNTHETIC_CALIBRATION,PUBLIC_SYNTHETIC_DIEGETIC,LOCKED_DERIVED_IMPLEMENTATION,2026-09-05,2026-03-31,2026-09-05
ARU_GROUP-2026-00152,ARU_GROUP,2026,3,TERMINALS,1100,"External receivables, net of allowance",140352,0,140352,External customer invoice under source price and volume indices,TRM-2025-016,NONCASH_OR_OPENING,SYNTHETIC_CALIBRATION,PUBLIC_SYNTHETIC_DIEGETIC,LOCKED_DERIVED_IMPLEMENTATION,2026-09-05,2026-03-31,2026-09-05
ARU_GROUP-2026-00152,ARU_GROUP,2026,3,TERMINALS,4000,External revenue,0,140352,-140352,External customer invoice under source price and volume indices,TRM-2025-016,NONCASH_OR_OPENING,SYNTHETIC_CALIBRATION,PUBLIC_SYNTHETIC_DIEGETIC,LOCKED_DERIVED_IMPLEMENTATION,2026-09-05,2026-03-31,2026-09-05
ARU_GROUP-2026-00153,ARU_GROUP,2026,3,TERMINALS,1100,"External receivables, net of allowance",134640,0,134640,External customer invoice under source price and volume indices,TRM-2025-017,NONCASH_OR_OPENING,SYNTHETIC_CALIBRATION,PUBLIC_SYNTHETIC_DIEGETIC,LOCKED_DERIVED_IMPLEMENTATION,2026-09-05,2026-03-31,2026-09-05
ARU_GROUP-2026-00153,ARU_GROUP,2026,3,TERMINALS,4000,External revenue,0,134640,-134640,External customer invoice under source price and volume indices,TRM-2025-017,NONCASH_OR_OPENING,SYNTHETIC_CALIBRATION,PUBLIC_SYNTHETIC_DIEGETIC,LOCKED_DERIVED_IMPLEMENTATION,2026-09-05,2026-03-31,2026-09-05
ARU_GROUP-2026-00154,ARU_GROUP,2026,3,TERMINALS,1100,"External receivables, net of allowance",130560,0,130560,External customer invoice under source price and volume indices,TRM-2025-018,NONCASH_OR_OPENING,SYNTHETIC_CALIBRATION,PUBLIC_SYNTHETIC_DIEGETIC,LOCKED_DERIVED_IMPLEMENTATION,2026-09-05,2026-03-31,2026-09-05
ARU_GROUP-2026-00154,ARU_GROUP,2026,3,TERMINALS,4000,External revenue,0,130560,-130560,External customer invoice under source price and volume indices,TRM-2025-018,NONCASH_OR_OPENING,SYNTHETIC_CALIBRATION,PUBLIC_SYNTHETIC_DIEGETIC,LOCKED_DERIVED_IMPLEMENTATION,2026-09-05,2026-03-31,2026-09-05
ARU_GROUP-2026-00155,ARU_GROUP,2026,3,TRUCKING,1100,"External receivables, net of allowance",117300,0,117300,External customer invoice under source price and volume indices,TRK-2025-004,NONCASH_OR_OPENING,SYNTHETIC_CALIBRATION,PUBLIC_SYNTHETIC_DIEGETIC,LOCKED_DERIVED_IMPLEMENTATION,2026-09-05,2026-03-31,2026-09-05
ARU_GROUP-2026-00155,ARU_GROUP,2026,3,TRUCKING,4000,External revenue,0,117300,-117300,External customer invoice under source price and volume indices,TRK-2025-004,NONCASH_OR_OPENING,SYNTHETIC_CALIBRATION,PUBLIC_SYNTHETIC_DIEGETIC,LOCKED_DERIVED_IMPLEMENTATION,2026-09-05,2026-03-31,2026-09-05
ARU_GROUP-2026-00156,ARU_GROUP,2026,3,TRUCKING,1100,"External receivables, net of allowance",132600,0,132600,External customer invoice under source price and volume indices,TRK-2025-019,NONCASH_OR_OPENING,SYNTHETIC_CALIBRATION,PUBLIC_SYNTHETIC_DIEGETIC,LOCKED_DERIVED_IMPLEMENTATION,2026-09-05,2026-03-31,2026-09-05
ARU_GROUP-2026-00156,ARU_GROUP,2026,3,TRUCKING,4000,External revenue,0,132600,-132600,External customer invoice under source price and volume indices,TRK-2025-019,NONCASH_OR_OPENING,SYNTHETIC_CALIBRATION,PUBLIC_SYNTHETIC_DIEGETIC,LOCKED_DERIVED_IMPLEMENTATION,2026-09-05,2026-03-31,2026-09-05
ARU_GROUP-2026-00157,ARU_GROUP,2026,3,TRUCKING,1100,"External receivables, net of allowance",127500,0,127500,External customer invoice under source price and volume indices,TRK-2025-020,NONCASH_OR_OPENING,SYNTHETIC_CALIBRATION,PUBLIC_SYNTHETIC_DIEGETIC,LOCKED_DERIVED_IMPLEMENTATION,2026-09-05,2026-03-31,2026-09-05
ARU_GROUP-2026-00157,ARU_GROUP,2026,3,TRUCKING,4000,External revenue,0,127500,-127500,External customer invoice under source price and volume indices,TRK-2025-020,NONCASH_OR_OPENING,SYNTHETIC_CALIBRATION,PUBLIC_SYNTHETIC_DIEGETIC,LOCKED_DERIVED_IMPLEMENTATION,2026-09-05,2026-03-31,2026-09-05
ARU_GROUP-2026-00158,ARU_GROUP,2026,3,TRUCKING,1100,"External receivables, net of allowance",120870,0,120870,External customer invoice under source price and volume indices,TRK-2025-021,NONCASH_OR_OPENING,SYNTHETIC_CALIBRATION,PUBLIC_SYNTHETIC_DIEGETIC,LOCKED_DERIVED_IMPLEMENTATION,2026-09-05,2026-03-31,2026-09-05
ARU_GROUP-2026-00158,ARU_GROUP,2026,3,TRUCKING,4000,External revenue,0,120870,-120870,External customer invoice under source price and volume indices,TRK-2025-021,NONCASH_OR_OPENING,SYNTHETIC_CALIBRATION,PUBLIC_SYNTHETIC_DIEGETIC,LOCKED_DERIVED_IMPLEMENTATION,2026-09-05,2026-03-31,2026-09-05
ARU_GROUP-2026-00159,ARU_GROUP,2026,3,TRUCKING,1100,"External receivables, net of allowance",114240,0,114240,External customer invoice under source price and volume indices,TRK-2025-022,NONCASH_OR_OPENING,SYNTHETIC_CALIBRATION,PUBLIC_SYNTHETIC_DIEGETIC,LOCKED_DERIVED_IMPLEMENTATION,2026-09-05,2026-03-31,2026-09-05
ARU_GROUP-2026-00159,ARU_GROUP,2026,3,TRUCKING,4000,External revenue,0,114240,-114240,External customer invoice under source price and volume indices,TRK-2025-022,NONCASH_OR_OPENING,SYNTHETIC_CALIBRATION,PUBLIC_SYNTHETIC_DIEGETIC,LOCKED_DERIVED_IMPLEMENTATION,2026-09-05,2026-03-31,2026-09-05
ARU_GROUP-2026-00160,ARU_GROUP,2026,3,WAREHOUSE,1100,"External receivables, net of allowance",198288,0,198288,External customer invoice under source price and volume indices,WHS-2025-005,NONCASH_OR_OPENING,SYNTHETIC_CALIBRATION,PUBLIC_SYNTHETIC_DIEGETIC,LOCKED_DERIVED_IMPLEMENTATION,2026-09-05,2026-03-31,2026-09-05
ARU_GROUP-2026-00160,ARU_GROUP,2026,3,WAREHOUSE,4000,External revenue,0,198288,-198288,External customer invoice under source price and volume indices,WHS-2025-005,NONCASH_OR_OPENING,SYNTHETIC_CALIBRATION,PUBLIC_SYNTHETIC_DIEGETIC,LOCKED_DERIVED_IMPLEMENTATION,2026-09-05,2026-03-31,2026-09-05
ARU_GROUP-2026-00161,ARU_GROUP,2026,3,WAREHOUSE,1100,"External receivables, net of allowance",105264,0,105264,External customer invoice under source price and volume indices,WHS-2025-023,NONCASH_OR_OPENING,SYNTHETIC_CALIBRATION,PUBLIC_SYNTHETIC_DIEGETIC,LOCKED_DERIVED_IMPLEMENTATION,2026-09-05,2026-03-31,2026-09-05
ARU_GROUP-2026-00161,ARU_GROUP,2026,3,WAREHOUSE,4000,External revenue,0,105264,-105264,External customer invoice under source price and volume indices,WHS-2025-023,NONCASH_OR_OPENING,SYNTHETIC_CALIBRATION,PUBLIC_SYNTHETIC_DIEGETIC,LOCKED_DERIVED_IMPLEMENTATION,2026-09-05,2026-03-31,2026-09-05
ARU_GROUP-2026-00162,ARU_GROUP,2026,3,WAREHOUSE,1100,"External receivables, net of allowance",97920,0,97920,External customer invoice under source price and volume indices,WHS-2025-024,NONCASH_OR_OPENING,SYNTHETIC_CALIBRATION,PUBLIC_SYNTHETIC_DIEGETIC,LOCKED_DERIVED_IMPLEMENTATION,2026-09-05,2026-03-31,2026-09-05
ARU_GROUP-2026-00162,ARU_GROUP,2026,3,WAREHOUSE,4000,External revenue,0,97920,-97920,External customer invoice under source price and volume indices,WHS-2025-024,NONCASH_OR_OPENING,SYNTHETIC_CALIBRATION,PUBLIC_SYNTHETIC_DIEGETIC,LOCKED_DERIVED_IMPLEMENTATION,2026-09-05,2026-03-31,2026-09-05
ARU_GROUP-2026-00163,ARU_GROUP,2026,3,WAREHOUSE,1100,"External receivables, net of allowance",88128,0,88128,External customer invoice under source price and volume indices,WHS-2025-025,NONCASH_OR_OPENING,SYNTHETIC_CALIBRATION,PUBLIC_SYNTHETIC_DIEGETIC,LOCKED_DERIVED_IMPLEMENTATION,2026-09-05,2026-03-31,2026-09-05
ARU_GROUP-2026-00163,ARU_GROUP,2026,3,WAREHOUSE,4000,External revenue,0,88128,-88128,External customer invoice under source price and volume indices,WHS-2025-025,NONCASH_OR_OPENING,SYNTHETIC_CALIBRATION,PUBLIC_SYNTHETIC_DIEGETIC,LOCKED_DERIVED_IMPLEMENTATION,2026-09-05,2026-03-31,2026-09-05
ARU_GROUP-2026-00164,ARU_GROUP,2026,3,BST,5000,Payroll and employer burden,501121,0,501121,2026 loaded payroll under source cost index and unchanged census,PAYROLL-2026,NONCASH_OR_OPENING,SYNTHETIC_CALIBRATION,PUBLIC_SYNTHETIC_DIEGETIC,LOCKED_DERIVED_IMPLEMENTATION,2026-09-05,2026-03-31,2026-09-05
ARU_GROUP-2026-00164,ARU_GROUP,2026,3,BST,2000,Trade payables,0,501121,-501121,2026 loaded payroll under source cost index and unchanged census,PAYROLL-2026,NONCASH_OR_OPENING,SYNTHETIC_CALIBRATION,PUBLIC_SYNTHETIC_DIEGETIC,LOCKED_DERIVED_IMPLEMENTATION,2026-09-05,2026-03-31,2026-09-05
ARU_GROUP-2026-00165,ARU_GROUP,2026,3,BST,5100,External operating cost,629304,0,629304,External suppliers under source cost index,OPEX-2026,NONCASH_OR_OPENING,SYNTHETIC_CALIBRATION,PUBLIC_SYNTHETIC_DIEGETIC,LOCKED_DERIVED_IMPLEMENTATION,2026-09-05,2026-03-31,2026-09-05
ARU_GROUP-2026-00165,ARU_GROUP,2026,3,BST,2000,Trade payables,0,629304,-629304,External suppliers under source cost index,OPEX-2026,NONCASH_OR_OPENING,SYNTHETIC_CALIBRATION,PUBLIC_SYNTHETIC_DIEGETIC,LOCKED_DERIVED_IMPLEMENTATION,2026-09-05,2026-03-31,2026-09-05
ARU_GROUP-2026-00166,ARU_GROUP,2026,3,BST,5900,Shared service allocation / recovery,71242,0,71242,Shared services allocated,ALLOC-2026,NONCASH_OR_OPENING,SYNTHETIC_CALIBRATION,PUBLIC_SYNTHETIC_DIEGETIC,LOCKED_DERIVED_IMPLEMENTATION,2026-09-05,2026-03-31,2026-09-05
ARU_GROUP-2026-00166,ARU_GROUP,2026,3,BST,2100,Operating accruals,0,71242,-71242,Shared services allocated,ALLOC-2026,NONCASH_OR_OPENING,SYNTHETIC_CALIBRATION,PUBLIC_SYNTHETIC_DIEGETIC,LOCKED_DERIVED_IMPLEMENTATION,2026-09-05,2026-03-31,2026-09-05
ARU_GROUP-2026-00167,ARU_GROUP,2026,3,ARU,2100,Operating accruals,71242,0,71242,Shared services recovered,ALLOC-2026,NONCASH_OR_OPENING,SYNTHETIC_CALIBRATION,PUBLIC_SYNTHETIC_DIEGETIC,LOCKED_DERIVED_IMPLEMENTATION,2026-09-05,2026-03-31,2026-09-05
ARU_GROUP-2026-00167,ARU_GROUP,2026,3,ARU,5900,Shared service allocation / recovery,0,71242,-71242,Shared services recovered,ALLOC-2026,NONCASH_OR_OPENING,SYNTHETIC_CALIBRATION,PUBLIC_SYNTHETIC_DIEGETIC,LOCKED_DERIVED_IMPLEMENTATION,2026-09-05,2026-03-31,2026-09-05
ARU_GROUP-2026-00168,ARU_GROUP,2026,3,TERMINALS,5000,Payroll and employer burden,194936,0,194936,2026 loaded payroll under source cost index and unchanged census,PAYROLL-2026,NONCASH_OR_OPENING,SYNTHETIC_CALIBRATION,PUBLIC_SYNTHETIC_DIEGETIC,LOCKED_DERIVED_IMPLEMENTATION,2026-09-05,2026-03-31,2026-09-05
ARU_GROUP-2026-00168,ARU_GROUP,2026,3,TERMINALS,2000,Trade payables,0,194936,-194936,2026 loaded payroll under source cost index and unchanged census,PAYROLL-2026,NONCASH_OR_OPENING,SYNTHETIC_CALIBRATION,PUBLIC_SYNTHETIC_DIEGETIC,LOCKED_DERIVED_IMPLEMENTATION,2026-09-05,2026-03-31,2026-09-05
ARU_GROUP-2026-00169,ARU_GROUP,2026,3,TERMINALS,5100,External operating cost,504606,0,504606,External suppliers under source cost index,OPEX-2026,NONCASH_OR_OPENING,SYNTHETIC_CALIBRATION,PUBLIC_SYNTHETIC_DIEGETIC,LOCKED_DERIVED_IMPLEMENTATION,2026-09-05,2026-03-31,2026-09-05
ARU_GROUP-2026-00169,ARU_GROUP,2026,3,TERMINALS,2000,Trade payables,0,504606,-504606,External suppliers under source cost index,OPEX-2026,NONCASH_OR_OPENING,SYNTHETIC_CALIBRATION,PUBLIC_SYNTHETIC_DIEGETIC,LOCKED_DERIVED_IMPLEMENTATION,2026-09-05,2026-03-31,2026-09-05
ARU_GROUP-2026-00170,ARU_GROUP,2026,3,TERMINALS,5900,Shared service allocation / recovery,47208,0,47208,Shared services allocated,ALLOC-2026,NONCASH_OR_OPENING,SYNTHETIC_CALIBRATION,PUBLIC_SYNTHETIC_DIEGETIC,LOCKED_DERIVED_IMPLEMENTATION,2026-09-05,2026-03-31,2026-09-05
ARU_GROUP-2026-00170,ARU_GROUP,2026,3,TERMINALS,2100,Operating accruals,0,47208,-47208,Shared services allocated,ALLOC-2026,NONCASH_OR_OPENING,SYNTHETIC_CALIBRATION,PUBLIC_SYNTHETIC_DIEGETIC,LOCKED_DERIVED_IMPLEMENTATION,2026-09-05,2026-03-31,2026-09-05
ARU_GROUP-2026-00171,ARU_GROUP,2026,3,ARU,2100,Operating accruals,47208,0,47208,Shared services recovered,ALLOC-2026,NONCASH_OR_OPENING,SYNTHETIC_CALIBRATION,PUBLIC_SYNTHETIC_DIEGETIC,LOCKED_DERIVED_IMPLEMENTATION,2026-09-05,2026-03-31,2026-09-05
ARU_GROUP-2026-00171,ARU_GROUP,2026,3,ARU,5900,Shared service allocation / recovery,0,47208,-47208,Shared services recovered,ALLOC-2026,NONCASH_OR_OPENING,SYNTHETIC_CALIBRATION,PUBLIC_SYNTHETIC_DIEGETIC,LOCKED_DERIVED_IMPLEMENTATION,2026-09-05,2026-03-31,2026-09-05
ARU_GROUP-2026-00172,ARU_GROUP,2026,3,TRUCKING,5000,Payroll and employer burden,188464,0,188464,2026 loaded payroll under source cost index and unchanged census,PAYROLL-2026,NONCASH_OR_OPENING,SYNTHETIC_CALIBRATION,PUBLIC_SYNTHETIC_DIEGETIC,LOCKED_DERIVED_IMPLEMENTATION,2026-09-05,2026-03-31,2026-09-05
ARU_GROUP-2026-00172,ARU_GROUP,2026,3,TRUCKING,2000,Trade payables,0,188464,-188464,2026 loaded payroll under source cost index and unchanged census,PAYROLL-2026,NONCASH_OR_OPENING,SYNTHETIC_CALIBRATION,PUBLIC_SYNTHETIC_DIEGETIC,LOCKED_DERIVED_IMPLEMENTATION,2026-09-05,2026-03-31,2026-09-05
ARU_GROUP-2026-00173,ARU_GROUP,2026,3,TRUCKING,5100,External operating cost,299069,0,299069,External suppliers under source cost index,OPEX-2026,NONCASH_OR_OPENING,SYNTHETIC_CALIBRATION,PUBLIC_SYNTHETIC_DIEGETIC,LOCKED_DERIVED_IMPLEMENTATION,2026-09-05,2026-03-31,2026-09-05
ARU_GROUP-2026-00173,ARU_GROUP,2026,3,TRUCKING,2000,Trade payables,0,299069,-299069,External suppliers under source cost index,OPEX-2026,NONCASH_OR_OPENING,SYNTHETIC_CALIBRATION,PUBLIC_SYNTHETIC_DIEGETIC,LOCKED_DERIVED_IMPLEMENTATION,2026-09-05,2026-03-31,2026-09-05
ARU_GROUP-2026-00174,ARU_GROUP,2026,3,TRUCKING,5900,Shared service allocation / recovery,27467,0,27467,Shared services allocated,ALLOC-2026,NONCASH_OR_OPENING,SYNTHETIC_CALIBRATION,PUBLIC_SYNTHETIC_DIEGETIC,LOCKED_DERIVED_IMPLEMENTATION,2026-09-05,2026-03-31,2026-09-05
ARU_GROUP-2026-00174,ARU_GROUP,2026,3,TRUCKING,2100,Operating accruals,0,27467,-27467,Shared services allocated,ALLOC-2026,NONCASH_OR_OPENING,SYNTHETIC_CALIBRATION,PUBLIC_SYNTHETIC_DIEGETIC,LOCKED_DERIVED_IMPLEMENTATION,2026-09-05,2026-03-31,2026-09-05
ARU_GROUP-2026-00175,ARU_GROUP,2026,3,ARU,2100,Operating accruals,27467,0,27467,Shared services recovered,ALLOC-2026,NONCASH_OR_OPENING,SYNTHETIC_CALIBRATION,PUBLIC_SYNTHETIC_DIEGETIC,LOCKED_DERIVED_IMPLEMENTATION,2026-09-05,2026-03-31,2026-09-05
ARU_GROUP-2026-00175,ARU_GROUP,2026,3,ARU,5900,Shared service allocation / recovery,0,27467,-27467,Shared services recovered,ALLOC-2026,NONCASH_OR_OPENING,SYNTHETIC_CALIBRATION,PUBLIC_SYNTHETIC_DIEGETIC,LOCKED_DERIVED_IMPLEMENTATION,2026-09-05,2026-03-31,2026-09-05
ARU_GROUP-2026-00176,ARU_GROUP,2026,3,WAREHOUSE,5000,Payroll and employer burden,89490,0,89490,2026 loaded payroll under source cost index and unchanged census,PAYROLL-2026,NONCASH_OR_OPENING,SYNTHETIC_CALIBRATION,PUBLIC_SYNTHETIC_DIEGETIC,LOCKED_DERIVED_IMPLEMENTATION,2026-09-05,2026-03-31,2026-09-05
ARU_GROUP-2026-00176,ARU_GROUP,2026,3,WAREHOUSE,2000,Trade payables,0,89490,-89490,2026 loaded payroll under source cost index and unchanged census,PAYROLL-2026,NONCASH_OR_OPENING,SYNTHETIC_CALIBRATION,PUBLIC_SYNTHETIC_DIEGETIC,LOCKED_DERIVED_IMPLEMENTATION,2026-09-05,2026-03-31,2026-09-05
ARU_GROUP-2026-00177,ARU_GROUP,2026,3,WAREHOUSE,5100,External operating cost,169727,0,169727,External suppliers under source cost index,OPEX-2026,NONCASH_OR_OPENING,SYNTHETIC_CALIBRATION,PUBLIC_SYNTHETIC_DIEGETIC,LOCKED_DERIVED_IMPLEMENTATION,2026-09-05,2026-03-31,2026-09-05
ARU_GROUP-2026-00177,ARU_GROUP,2026,3,WAREHOUSE,2000,Trade payables,0,169727,-169727,External suppliers under source cost index,OPEX-2026,NONCASH_OR_OPENING,SYNTHETIC_CALIBRATION,PUBLIC_SYNTHETIC_DIEGETIC,LOCKED_DERIVED_IMPLEMENTATION,2026-09-05,2026-03-31,2026-09-05
ARU_GROUP-2026-00178,ARU_GROUP,2026,3,WAREHOUSE,5900,Shared service allocation / recovery,24033,0,24033,Shared services allocated,ALLOC-2026,NONCASH_OR_OPENING,SYNTHETIC_CALIBRATION,PUBLIC_SYNTHETIC_DIEGETIC,LOCKED_DERIVED_IMPLEMENTATION,2026-09-05,2026-03-31,2026-09-05
ARU_GROUP-2026-00178,ARU_GROUP,2026,3,WAREHOUSE,2100,Operating accruals,0,24033,-24033,Shared services allocated,ALLOC-2026,NONCASH_OR_OPENING,SYNTHETIC_CALIBRATION,PUBLIC_SYNTHETIC_DIEGETIC,LOCKED_DERIVED_IMPLEMENTATION,2026-09-05,2026-03-31,2026-09-05
ARU_GROUP-2026-00179,ARU_GROUP,2026,3,ARU,2100,Operating accruals,24033,0,24033,Shared services recovered,ALLOC-2026,NONCASH_OR_OPENING,SYNTHETIC_CALIBRATION,PUBLIC_SYNTHETIC_DIEGETIC,LOCKED_DERIVED_IMPLEMENTATION,2026-09-05,2026-03-31,2026-09-05
ARU_GROUP-2026-00179,ARU_GROUP,2026,3,ARU,5900,Shared service allocation / recovery,0,24033,-24033,Shared services recovered,ALLOC-2026,NONCASH_OR_OPENING,SYNTHETIC_CALIBRATION,PUBLIC_SYNTHETIC_DIEGETIC,LOCKED_DERIVED_IMPLEMENTATION,2026-09-05,2026-03-31,2026-09-05
ARU_GROUP-2026-00180,ARU_GROUP,2026,3,ARU,5000,Payroll and employer burden,139814,0,139814,2026 loaded payroll under source cost index and unchanged census,PAYROLL-2026,NONCASH_OR_OPENING,SYNTHETIC_CALIBRATION,PUBLIC_SYNTHETIC_DIEGETIC,LOCKED_DERIVED_IMPLEMENTATION,2026-09-05,2026-03-31,2026-09-05
ARU_GROUP-2026-00180,ARU_GROUP,2026,3,ARU,2000,Trade payables,0,139814,-139814,2026 loaded payroll under source cost index and unchanged census,PAYROLL-2026,NONCASH_OR_OPENING,SYNTHETIC_CALIBRATION,PUBLIC_SYNTHETIC_DIEGETIC,LOCKED_DERIVED_IMPLEMENTATION,2026-09-05,2026-03-31,2026-09-05
ARU_GROUP-2026-00181,ARU_GROUP,2026,3,ARU,5100,External operating cost,47303,0,47303,External suppliers under source cost index,OPEX-2026,NONCASH_OR_OPENING,SYNTHETIC_CALIBRATION,PUBLIC_SYNTHETIC_DIEGETIC,LOCKED_DERIVED_IMPLEMENTATION,2026-09-05,2026-03-31,2026-09-05
ARU_GROUP-2026-00181,ARU_GROUP,2026,3,ARU,2000,Trade payables,0,47303,-47303,External suppliers under source cost index,OPEX-2026,NONCASH_OR_OPENING,SYNTHETIC_CALIBRATION,PUBLIC_SYNTHETIC_DIEGETIC,LOCKED_DERIVED_IMPLEMENTATION,2026-09-05,2026-03-31,2026-09-05
ARU_GROUP-2026-00182,ARU_GROUP,2026,3,ARU,1200,Inventory cash cost,4500,0,4500,Forecast working capital purchases,WC26-inventory,NONCASH_OR_OPENING,SYNTHETIC_CALIBRATION,PUBLIC_SYNTHETIC_DIEGETIC,LOCKED_DERIVED_IMPLEMENTATION,2026-09-05,2026-03-31,2026-09-05
ARU_GROUP-2026-00182,ARU_GROUP,2026,3,ARU,2000,Trade payables,0,4500,-4500,Forecast working capital purchases,WC26-inventory,NONCASH_OR_OPENING,SYNTHETIC_CALIBRATION,PUBLIC_SYNTHETIC_DIEGETIC,LOCKED_DERIVED_IMPLEMENTATION,2026-09-05,2026-03-31,2026-09-05
ARU_GROUP-2026-00183,ARU_GROUP,2026,3,ARU,1300,Prepaids,1750,0,1750,Forecast working capital purchases,WC26-prepaids,NONCASH_OR_OPENING,SYNTHETIC_CALIBRATION,PUBLIC_SYNTHETIC_DIEGETIC,LOCKED_DERIVED_IMPLEMENTATION,2026-09-05,2026-03-31,2026-09-05
ARU_GROUP-2026-00183,ARU_GROUP,2026,3,ARU,2000,Trade payables,0,1750,-1750,Forecast working capital purchases,WC26-prepaids,NONCASH_OR_OPENING,SYNTHETIC_CALIBRATION,PUBLIC_SYNTHETIC_DIEGETIC,LOCKED_DERIVED_IMPLEMENTATION,2026-09-05,2026-03-31,2026-09-05
ARU_GROUP-2026-00184,ARU_GROUP,2026,3,ARU,2000,Trade payables,2500,0,2500,Operating accrual growth,WC26-ACCRUAL,NONCASH_OR_OPENING,SYNTHETIC_CALIBRATION,PUBLIC_SYNTHETIC_DIEGETIC,LOCKED_DERIVED_IMPLEMENTATION,2026-09-05,2026-03-31,2026-09-05
ARU_GROUP-2026-00184,ARU_GROUP,2026,3,ARU,2100,Operating accruals,0,2500,-2500,Operating accrual growth,WC26-ACCRUAL,NONCASH_OR_OPENING,SYNTHETIC_CALIBRATION,PUBLIC_SYNTHETIC_DIEGETIC,LOCKED_DERIVED_IMPLEMENTATION,2026-09-05,2026-03-31,2026-09-05
ARU_GROUP-2026-00185,ARU_GROUP,2026,3,ARU,1100,"External receivables, net of allowance",0,3422986,-3422986,External invoice collections,AR26,OPERATING,SYNTHETIC_CALIBRATION,PUBLIC_SYNTHETIC_DIEGETIC,LOCKED_DERIVED_IMPLEMENTATION,2026-09-05,2026-03-31,2026-09-05
ARU_GROUP-2026-00185,ARU_GROUP,2026,3,ARU,1000,Cash,3422986,0,3422986,External invoice collections,AR26,OPERATING,SYNTHETIC_CALIBRATION,PUBLIC_SYNTHETIC_DIEGETIC,LOCKED_DERIVED_IMPLEMENTATION,2026-09-05,2026-03-31,2026-09-05
ARU_GROUP-2026-00186,ARU_GROUP,2026,3,ARU,2000,Trade payables,2760084,0,2760084,Payroll/supplier settlement,AP26,OPERATING,SYNTHETIC_CALIBRATION,PUBLIC_SYNTHETIC_DIEGETIC,LOCKED_DERIVED_IMPLEMENTATION,2026-09-05,2026-03-31,2026-09-05
ARU_GROUP-2026-00186,ARU_GROUP,2026,3,ARU,1000,Cash,0,2760084,-2760084,Payroll/supplier settlement,AP26,OPERATING,SYNTHETIC_CALIBRATION,PUBLIC_SYNTHETIC_DIEGETIC,LOCKED_DERIVED_IMPLEMENTATION,2026-09-05,2026-03-31,2026-09-05
ARU_GROUP-2026-00187,ARU_GROUP,2026,3,ARU,5700,Retention and seller consulting,42466,0,42466,Retention compensation accrued by service days,RETENTION-POOL,NONCASH_OR_OPENING,SYNTHETIC_CALIBRATION,PUBLIC_SYNTHETIC_DIEGETIC,LOCKED_DERIVED_IMPLEMENTATION,2026-09-05,2026-03-31,2026-09-05
ARU_GROUP-2026-00187,ARU_GROUP,2026,3,ARU,2110,Retention compensation payable,0,42466,-42466,Retention compensation accrued by service days,RETENTION-POOL,NONCASH_OR_OPENING,SYNTHETIC_CALIBRATION,PUBLIC_SYNTHETIC_DIEGETIC,LOCKED_DERIVED_IMPLEMENTATION,2026-09-05,2026-03-31,2026-09-05
ARU_GROUP-2026-00188,ARU_GROUP,2026,3,ARU,5700,Retention and seller consulting,25550,0,25550,"Seller knowledge-transfer consulting, no operating authority",TOLMAN-CONSULTING,OPERATING,SYNTHETIC_CALIBRATION,PUBLIC_SYNTHETIC_DIEGETIC,LOCKED_DERIVED_IMPLEMENTATION,2026-09-05,2026-03-31,2026-09-05
ARU_GROUP-2026-00188,ARU_GROUP,2026,3,ARU,1000,Cash,0,25550,-25550,"Seller knowledge-transfer consulting, no operating authority",TOLMAN-CONSULTING,OPERATING,SYNTHETIC_CALIBRATION,PUBLIC_SYNTHETIC_DIEGETIC,LOCKED_DERIVED_IMPLEMENTATION,2026-09-05,2026-03-31,2026-09-05
ARU_GROUP-2026-00189,ARU_GROUP,2026,3,ARU,5400,Interest and financing fees,140270,0,140270,Term/lease interest and undrawn revolver fee,DEBT26,OPERATING,SYNTHETIC_CALIBRATION,PUBLIC_SYNTHETIC_DIEGETIC,LOCKED_DERIVED_IMPLEMENTATION,2026-09-05,2026-03-31,2026-09-05
ARU_GROUP-2026-00189,ARU_GROUP,2026,3,ARU,1000,Cash,0,140270,-140270,Term/lease interest and undrawn revolver fee,DEBT26,OPERATING,SYNTHETIC_CALIBRATION,PUBLIC_SYNTHETIC_DIEGETIC,LOCKED_DERIVED_IMPLEMENTATION,2026-09-05,2026-03-31,2026-09-05
ARU_GROUP-2026-00190,ARU_GROUP,2026,3,ARU,5400,Interest and financing fees,5000,0,5000,Debt issuance cost amortization,DEBT26-ISSUANCE,NONCASH_OR_OPENING,SYNTHETIC_CALIBRATION,PUBLIC_SYNTHETIC_DIEGETIC,LOCKED_DERIVED_IMPLEMENTATION,2026-09-05,2026-03-31,2026-09-05
ARU_GROUP-2026-00190,ARU_GROUP,2026,3,ARU,1700,"Debt issuance cost, contra term debt",0,5000,-5000,Debt issuance cost amortization,DEBT26-ISSUANCE,NONCASH_OR_OPENING,SYNTHETIC_CALIBRATION,PUBLIC_SYNTHETIC_DIEGETIC,LOCKED_DERIVED_IMPLEMENTATION,2026-09-05,2026-03-31,2026-09-05
ARU_GROUP-2026-00192,ARU_GROUP,2026,3,ARU,2600,Finance lease obligation,42466,0,42466,Finance lease principal,LEASE26,FINANCING,SYNTHETIC_CALIBRATION,PUBLIC_SYNTHETIC_DIEGETIC,LOCKED_DERIVED_IMPLEMENTATION,2026-09-05,2026-03-31,2026-09-05
ARU_GROUP-2026-00192,ARU_GROUP,2026,3,ARU,1000,Cash,0,42466,-42466,Finance lease principal,LEASE26,FINANCING,SYNTHETIC_CALIBRATION,PUBLIC_SYNTHETIC_DIEGETIC,LOCKED_DERIVED_IMPLEMENTATION,2026-09-05,2026-03-31,2026-09-05
ARU_GROUP-2026-00193,ARU_GROUP,2026,3,ARU,3000,Contributed equity,0,2150000,-2150000,Parent equity for catch-up and Phase 1 infrastructure,CAPITAL-FUNDING,FINANCING,SYNTHETIC_CALIBRATION,PUBLIC_SYNTHETIC_DIEGETIC,LOCKED_DERIVED_IMPLEMENTATION,2026-09-05,2026-03-31,2026-09-05
ARU_GROUP-2026-00193,ARU_GROUP,2026,3,ARU,1000,Cash,2150000,0,2150000,Parent equity for catch-up and Phase 1 infrastructure,CAPITAL-FUNDING,FINANCING,SYNTHETIC_CALIBRATION,PUBLIC_SYNTHETIC_DIEGETIC,LOCKED_DERIVED_IMPLEMENTATION,2026-09-05,2026-03-31,2026-09-05
ARU_GROUP-2026-00194,ARU_GROUP,2026,3,ARU,1400,PPE gross,2425000,0,2425000,Sustaining/catch-up/Phase 1 capital additions,CAPEX26,INVESTING,SYNTHETIC_CALIBRATION,PUBLIC_SYNTHETIC_DIEGETIC,LOCKED_DERIVED_IMPLEMENTATION,2026-09-05,2026-03-31,2026-09-05
ARU_GROUP-2026-00194,ARU_GROUP,2026,3,ARU,1000,Cash,0,2425000,-2425000,Sustaining/catch-up/Phase 1 capital additions,CAPEX26,INVESTING,SYNTHETIC_CALIBRATION,PUBLIC_SYNTHETIC_DIEGETIC,LOCKED_DERIVED_IMPLEMENTATION,2026-09-05,2026-03-31,2026-09-05
ARU_GROUP-2026-00195,ARU_GROUP,2026,3,ARU,5300,Depreciation in earnings,189050,0,189050,PPE depreciation and completed program assets,FIXED26,NONCASH_OR_OPENING,SYNTHETIC_CALIBRATION,PUBLIC_SYNTHETIC_DIEGETIC,LOCKED_DERIVED_IMPLEMENTATION,2026-09-05,2026-03-31,2026-09-05
ARU_GROUP-2026-00195,ARU_GROUP,2026,3,ARU,1490,Accumulated PPE depreciation,0,189050,-189050,PPE depreciation and completed program assets,FIXED26,NONCASH_OR_OPENING,SYNTHETIC_CALIBRATION,PUBLIC_SYNTHETIC_DIEGETIC,LOCKED_DERIVED_IMPLEMENTATION,2026-09-05,2026-03-31,2026-09-05
ARU_GROUP-2026-00196,ARU_GROUP,2026,3,ARU,5300,Depreciation in earnings,42466,0,42466,Retained finance lease ROU depreciation,LEASE26,NONCASH_OR_OPENING,SYNTHETIC_CALIBRATION,PUBLIC_SYNTHETIC_DIEGETIC,LOCKED_DERIVED_IMPLEMENTATION,2026-09-05,2026-03-31,2026-09-05
ARU_GROUP-2026-00196,ARU_GROUP,2026,3,ARU,1590,Accumulated finance lease ROU depreciation,0,42466,-42466,Retained finance lease ROU depreciation,LEASE26,NONCASH_OR_OPENING,SYNTHETIC_CALIBRATION,PUBLIC_SYNTHETIC_DIEGETIC,LOCKED_DERIVED_IMPLEMENTATION,2026-09-05,2026-03-31,2026-09-05
ARU_GROUP-2026-00198,ARU_GROUP,2026,3,ARU,5501,Deferred income tax expense,18056,0,18056,Deferred tax on section 197 goodwill tax/book basis difference,TAX26-DEFERRED,NONCASH_OR_OPENING,SYNTHETIC_CALIBRATION,PUBLIC_SYNTHETIC_DIEGETIC,LOCKED_DERIVED_IMPLEMENTATION,2026-09-05,2026-03-31,2026-09-05
ARU_GROUP-2026-00198,ARU_GROUP,2026,3,ARU,2250,Deferred tax liability on tax goodwill amortization,0,18056,-18056,Deferred tax on section 197 goodwill tax/book basis difference,TAX26-DEFERRED,NONCASH_OR_OPENING,SYNTHETIC_CALIBRATION,PUBLIC_SYNTHETIC_DIEGETIC,LOCKED_DERIVED_IMPLEMENTATION,2026-09-05,2026-03-31,2026-09-05
ARU_GROUP-2026-00199,ARU_GROUP,2026,3,ARU,1801,Deferred tax asset on interim modeled tax loss,0,38032,-38032,Interim modeled tax-loss asset supported by positive annual forecast,TAX26-INTERIM-LOSS,NONCASH_OR_OPENING,SYNTHETIC_CALIBRATION,PUBLIC_SYNTHETIC_DIEGETIC,LOCKED_DERIVED_IMPLEMENTATION,2026-09-05,2026-03-31,2026-09-05
ARU_GROUP-2026-00199,ARU_GROUP,2026,3,ARU,5501,Deferred income tax expense,38032,0,38032,Interim modeled tax-loss asset supported by positive annual forecast,TAX26-INTERIM-LOSS,NONCASH_OR_OPENING,SYNTHETIC_CALIBRATION,PUBLIC_SYNTHETIC_DIEGETIC,LOCKED_DERIVED_IMPLEMENTATION,2026-09-05,2026-03-31,2026-09-05
ARU_GROUP-2026-00201,ARU_GROUP,2026,4,BST,1100,"External receivables, net of allowance",268091,0,268091,External customer invoice under source price and volume indices,BST-2025-001,NONCASH_OR_OPENING,SYNTHETIC_CALIBRATION,PUBLIC_SYNTHETIC_DIEGETIC,LOCKED_DERIVED_IMPLEMENTATION,2026-09-05,2026-04-30,2026-09-05
ARU_GROUP-2026-00201,ARU_GROUP,2026,4,BST,4000,External revenue,0,268091,-268091,External customer invoice under source price and volume indices,BST-2025-001,NONCASH_OR_OPENING,SYNTHETIC_CALIBRATION,PUBLIC_SYNTHETIC_DIEGETIC,LOCKED_DERIVED_IMPLEMENTATION,2026-09-05,2026-04-30,2026-09-05
ARU_GROUP-2026-00202,ARU_GROUP,2026,4,BST,1100,"External receivables, net of allowance",115091,0,115091,External customer invoice under source price and volume indices,BST-2025-006,NONCASH_OR_OPENING,SYNTHETIC_CALIBRATION,PUBLIC_SYNTHETIC_DIEGETIC,LOCKED_DERIVED_IMPLEMENTATION,2026-09-05,2026-04-30,2026-09-05
ARU_GROUP-2026-00202,ARU_GROUP,2026,4,BST,4000,External revenue,0,115091,-115091,External customer invoice under source price and volume indices,BST-2025-006,NONCASH_OR_OPENING,SYNTHETIC_CALIBRATION,PUBLIC_SYNTHETIC_DIEGETIC,LOCKED_DERIVED_IMPLEMENTATION,2026-09-05,2026-04-30,2026-09-05
ARU_GROUP-2026-00203,ARU_GROUP,2026,4,BST,1100,"External receivables, net of allowance",199988,0,199988,External customer invoice under source price and volume indices,BST-2025-002,NONCASH_OR_OPENING,SYNTHETIC_CALIBRATION,PUBLIC_SYNTHETIC_DIEGETIC,LOCKED_DERIVED_IMPLEMENTATION,2026-09-05,2026-04-30,2026-09-05
ARU_GROUP-2026-00203,ARU_GROUP,2026,4,BST,4000,External revenue,0,199988,-199988,External customer invoice under source price and volume indices,BST-2025-002,NONCASH_OR_OPENING,SYNTHETIC_CALIBRATION,PUBLIC_SYNTHETIC_DIEGETIC,LOCKED_DERIVED_IMPLEMENTATION,2026-09-05,2026-04-30,2026-09-05
ARU_GROUP-2026-00204,ARU_GROUP,2026,4,BST,1100,"External receivables, net of allowance",90185,0,90185,External customer invoice under source price and volume indices,BST-2025-007,NONCASH_OR_OPENING,SYNTHETIC_CALIBRATION,PUBLIC_SYNTHETIC_DIEGETIC,LOCKED_DERIVED_IMPLEMENTATION,2026-09-05,2026-04-30,2026-09-05
ARU_GROUP-2026-00204,ARU_GROUP,2026,4,BST,4000,External revenue,0,90185,-90185,External customer invoice under source price and volume indices,BST-2025-007,NONCASH_OR_OPENING,SYNTHETIC_CALIBRATION,PUBLIC_SYNTHETIC_DIEGETIC,LOCKED_DERIVED_IMPLEMENTATION,2026-09-05,2026-04-30,2026-09-05
ARU_GROUP-2026-00205,ARU_GROUP,2026,4,BST,1100,"External receivables, net of allowance",103700,0,103700,External customer invoice under source price and volume indices,BST-2025-004,NONCASH_OR_OPENING,SYNTHETIC_CALIBRATION,PUBLIC_SYNTHETIC_DIEGETIC,LOCKED_DERIVED_IMPLEMENTATION,2026-09-05,2026-04-30,2026-09-05
ARU_GROUP-2026-00205,ARU_GROUP,2026,4,BST,4000,External revenue,0,103700,-103700,External customer invoice under source price and volume indices,BST-2025-004,NONCASH_OR_OPENING,SYNTHETIC_CALIBRATION,PUBLIC_SYNTHETIC_DIEGETIC,LOCKED_DERIVED_IMPLEMENTATION,2026-09-05,2026-04-30,2026-09-05
ARU_GROUP-2026-00206,ARU_GROUP,2026,4,BST,1100,"External receivables, net of allowance",52275,0,52275,External customer invoice under source price and volume indices,BST-2025-008,NONCASH_OR_OPENING,SYNTHETIC_CALIBRATION,PUBLIC_SYNTHETIC_DIEGETIC,LOCKED_DERIVED_IMPLEMENTATION,2026-09-05,2026-04-30,2026-09-05
ARU_GROUP-2026-00206,ARU_GROUP,2026,4,BST,4000,External revenue,0,52275,-52275,External customer invoice under source price and volume indices,BST-2025-008,NONCASH_OR_OPENING,SYNTHETIC_CALIBRATION,PUBLIC_SYNTHETIC_DIEGETIC,LOCKED_DERIVED_IMPLEMENTATION,2026-09-05,2026-04-30,2026-09-05
ARU_GROUP-2026-00207,ARU_GROUP,2026,4,BST,1100,"External receivables, net of allowance",122706,0,122706,External customer invoice under source price and volume indices,BST-2025-003,NONCASH_OR_OPENING,SYNTHETIC_CALIBRATION,PUBLIC_SYNTHETIC_DIEGETIC,LOCKED_DERIVED_IMPLEMENTATION,2026-09-05,2026-04-30,2026-09-05
ARU_GROUP-2026-00207,ARU_GROUP,2026,4,BST,4000,External revenue,0,122706,-122706,External customer invoice under source price and volume indices,BST-2025-003,NONCASH_OR_OPENING,SYNTHETIC_CALIBRATION,PUBLIC_SYNTHETIC_DIEGETIC,LOCKED_DERIVED_IMPLEMENTATION,2026-09-05,2026-04-30,2026-09-05
ARU_GROUP-2026-00208,ARU_GROUP,2026,4,BST,1100,"External receivables, net of allowance",64328,0,64328,External customer invoice under source price and volume indices,BST-2025-009,NONCASH_OR_OPENING,SYNTHETIC_CALIBRATION,PUBLIC_SYNTHETIC_DIEGETIC,LOCKED_DERIVED_IMPLEMENTATION,2026-09-05,2026-04-30,2026-09-05
ARU_GROUP-2026-00208,ARU_GROUP,2026,4,BST,4000,External revenue,0,64328,-64328,External customer invoice under source price and volume indices,BST-2025-009,NONCASH_OR_OPENING,SYNTHETIC_CALIBRATION,PUBLIC_SYNTHETIC_DIEGETIC,LOCKED_DERIVED_IMPLEMENTATION,2026-09-05,2026-04-30,2026-09-05
ARU_GROUP-2026-00209,ARU_GROUP,2026,4,BST,1100,"External receivables, net of allowance",59840,0,59840,External customer invoice under source price and volume indices,BST-2025-010,NONCASH_OR_OPENING,SYNTHETIC_CALIBRATION,PUBLIC_SYNTHETIC_DIEGETIC,LOCKED_DERIVED_IMPLEMENTATION,2026-09-05,2026-04-30,2026-09-05
ARU_GROUP-2026-00209,ARU_GROUP,2026,4,BST,4000,External revenue,0,59840,-59840,External customer invoice under source price and volume indices,BST-2025-010,NONCASH_OR_OPENING,SYNTHETIC_CALIBRATION,PUBLIC_SYNTHETIC_DIEGETIC,LOCKED_DERIVED_IMPLEMENTATION,2026-09-05,2026-04-30,2026-09-05
ARU_GROUP-2026-00210,ARU_GROUP,2026,4,BST,1100,"External receivables, net of allowance",32471,0,32471,External customer invoice under source price and volume indices,BST-2025-011,NONCASH_OR_OPENING,SYNTHETIC_CALIBRATION,PUBLIC_SYNTHETIC_DIEGETIC,LOCKED_DERIVED_IMPLEMENTATION,2026-09-05,2026-04-30,2026-09-05
ARU_GROUP-2026-00210,ARU_GROUP,2026,4,BST,4000,External revenue,0,32471,-32471,External customer invoice under source price and volume indices,BST-2025-011,NONCASH_OR_OPENING,SYNTHETIC_CALIBRATION,PUBLIC_SYNTHETIC_DIEGETIC,LOCKED_DERIVED_IMPLEMENTATION,2026-09-05,2026-04-30,2026-09-05
ARU_GROUP-2026-00211,ARU_GROUP,2026,4,BST,1100,"External receivables, net of allowance",98621,0,98621,External customer invoice under source price and volume indices,BST-2025-012,NONCASH_OR_OPENING,SYNTHETIC_CALIBRATION,PUBLIC_SYNTHETIC_DIEGETIC,LOCKED_DERIVED_IMPLEMENTATION,2026-09-05,2026-04-30,2026-09-05
ARU_GROUP-2026-00211,ARU_GROUP,2026,4,BST,4000,External revenue,0,98621,-98621,External customer invoice under source price and volume indices,BST-2025-012,NONCASH_OR_OPENING,SYNTHETIC_CALIBRATION,PUBLIC_SYNTHETIC_DIEGETIC,LOCKED_DERIVED_IMPLEMENTATION,2026-09-05,2026-04-30,2026-09-05
ARU_GROUP-2026-00212,ARU_GROUP,2026,4,BST,1100,"External receivables, net of allowance",62780,0,62780,External customer invoice under source price and volume indices,BST-2025-013,NONCASH_OR_OPENING,SYNTHETIC_CALIBRATION,PUBLIC_SYNTHETIC_DIEGETIC,LOCKED_DERIVED_IMPLEMENTATION,2026-09-05,2026-04-30,2026-09-05
ARU_GROUP-2026-00212,ARU_GROUP,2026,4,BST,4000,External revenue,0,62780,-62780,External customer invoice under source price and volume indices,BST-2025-013,NONCASH_OR_OPENING,SYNTHETIC_CALIBRATION,PUBLIC_SYNTHETIC_DIEGETIC,LOCKED_DERIVED_IMPLEMENTATION,2026-09-05,2026-04-30,2026-09-05
ARU_GROUP-2026-00213,ARU_GROUP,2026,4,TERMINALS,1100,"External receivables, net of allowance",109752,0,109752,External customer invoice under source price and volume indices,TRM-2025-001,NONCASH_OR_OPENING,SYNTHETIC_CALIBRATION,PUBLIC_SYNTHETIC_DIEGETIC,LOCKED_DERIVED_IMPLEMENTATION,2026-09-05,2026-04-30,2026-09-05
ARU_GROUP-2026-00213,ARU_GROUP,2026,4,TERMINALS,4000,External revenue,0,109752,-109752,External customer invoice under source price and volume indices,TRM-2025-001,NONCASH_OR_OPENING,SYNTHETIC_CALIBRATION,PUBLIC_SYNTHETIC_DIEGETIC,LOCKED_DERIVED_IMPLEMENTATION,2026-09-05,2026-04-30,2026-09-05
ARU_GROUP-2026-00214,ARU_GROUP,2026,4,TERMINALS,1100,"External receivables, net of allowance",106692,0,106692,External customer invoice under source price and volume indices,TRM-2025-002,NONCASH_OR_OPENING,SYNTHETIC_CALIBRATION,PUBLIC_SYNTHETIC_DIEGETIC,LOCKED_DERIVED_IMPLEMENTATION,2026-09-05,2026-04-30,2026-09-05
ARU_GROUP-2026-00214,ARU_GROUP,2026,4,TERMINALS,4000,External revenue,0,106692,-106692,External customer invoice under source price and volume indices,TRM-2025-002,NONCASH_OR_OPENING,SYNTHETIC_CALIBRATION,PUBLIC_SYNTHETIC_DIEGETIC,LOCKED_DERIVED_IMPLEMENTATION,2026-09-05,2026-04-30,2026-09-05
ARU_GROUP-2026-00215,ARU_GROUP,2026,4,TERMINALS,1100,"External receivables, net of allowance",147084,0,147084,External customer invoice under source price and volume indices,TRM-2025-003,NONCASH_OR_OPENING,SYNTHETIC_CALIBRATION,PUBLIC_SYNTHETIC_DIEGETIC,LOCKED_DERIVED_IMPLEMENTATION,2026-09-05,2026-04-30,2026-09-05
ARU_GROUP-2026-00215,ARU_GROUP,2026,4,TERMINALS,4000,External revenue,0,147084,-147084,External customer invoice under source price and volume indices,TRM-2025-003,NONCASH_OR_OPENING,SYNTHETIC_CALIBRATION,PUBLIC_SYNTHETIC_DIEGETIC,LOCKED_DERIVED_IMPLEMENTATION,2026-09-05,2026-04-30,2026-09-05
ARU_GROUP-2026-00216,ARU_GROUP,2026,4,TERMINALS,1100,"External receivables, net of allowance",146880,0,146880,External customer invoice under source price and volume indices,TRM-2025-014,NONCASH_OR_OPENING,SYNTHETIC_CALIBRATION,PUBLIC_SYNTHETIC_DIEGETIC,LOCKED_DERIVED_IMPLEMENTATION,2026-09-05,2026-04-30,2026-09-05
ARU_GROUP-2026-00216,ARU_GROUP,2026,4,TERMINALS,4000,External revenue,0,146880,-146880,External customer invoice under source price and volume indices,TRM-2025-014,NONCASH_OR_OPENING,SYNTHETIC_CALIBRATION,PUBLIC_SYNTHETIC_DIEGETIC,LOCKED_DERIVED_IMPLEMENTATION,2026-09-05,2026-04-30,2026-09-05
ARU_GROUP-2026-00217,ARU_GROUP,2026,4,TERMINALS,1100,"External receivables, net of allowance",144840,0,144840,External customer invoice under source price and volume indices,TRM-2025-015,NONCASH_OR_OPENING,SYNTHETIC_CALIBRATION,PUBLIC_SYNTHETIC_DIEGETIC,LOCKED_DERIVED_IMPLEMENTATION,2026-09-05,2026-04-30,2026-09-05
ARU_GROUP-2026-00217,ARU_GROUP,2026,4,TERMINALS,4000,External revenue,0,144840,-144840,External customer invoice under source price and volume indices,TRM-2025-015,NONCASH_OR_OPENING,SYNTHETIC_CALIBRATION,PUBLIC_SYNTHETIC_DIEGETIC,LOCKED_DERIVED_IMPLEMENTATION,2026-09-05,2026-04-30,2026-09-05
ARU_GROUP-2026-00218,ARU_GROUP,2026,4,TERMINALS,1100,"External receivables, net of allowance",140352,0,140352,External customer invoice under source price and volume indices,TRM-2025-016,NONCASH_OR_OPENING,SYNTHETIC_CALIBRATION,PUBLIC_SYNTHETIC_DIEGETIC,LOCKED_DERIVED_IMPLEMENTATION,2026-09-05,2026-04-30,2026-09-05
ARU_GROUP-2026-00218,ARU_GROUP,2026,4,TERMINALS,4000,External revenue,0,140352,-140352,External customer invoice under source price and volume indices,TRM-2025-016,NONCASH_OR_OPENING,SYNTHETIC_CALIBRATION,PUBLIC_SYNTHETIC_DIEGETIC,LOCKED_DERIVED_IMPLEMENTATION,2026-09-05,2026-04-30,2026-09-05
ARU_GROUP-2026-00219,ARU_GROUP,2026,4,TERMINALS,1100,"External receivables, net of allowance",134640,0,134640,External customer invoice under source price and volume indices,TRM-2025-017,NONCASH_OR_OPENING,SYNTHETIC_CALIBRATION,PUBLIC_SYNTHETIC_DIEGETIC,LOCKED_DERIVED_IMPLEMENTATION,2026-09-05,2026-04-30,2026-09-05
ARU_GROUP-2026-00219,ARU_GROUP,2026,4,TERMINALS,4000,External revenue,0,134640,-134640,External customer invoice under source price and volume indices,TRM-2025-017,NONCASH_OR_OPENING,SYNTHETIC_CALIBRATION,PUBLIC_SYNTHETIC_DIEGETIC,LOCKED_DERIVED_IMPLEMENTATION,2026-09-05,2026-04-30,2026-09-05
ARU_GROUP-2026-00220,ARU_GROUP,2026,4,TERMINALS,1100,"External receivables, net of allowance",130560,0,130560,External customer invoice under source price and volume indices,TRM-2025-018,NONCASH_OR_OPENING,SYNTHETIC_CALIBRATION,PUBLIC_SYNTHETIC_DIEGETIC,LOCKED_DERIVED_IMPLEMENTATION,2026-09-05,2026-04-30,2026-09-05
ARU_GROUP-2026-00220,ARU_GROUP,2026,4,TERMINALS,4000,External revenue,0,130560,-130560,External customer invoice under source price and volume indices,TRM-2025-018,NONCASH_OR_OPENING,SYNTHETIC_CALIBRATION,PUBLIC_SYNTHETIC_DIEGETIC,LOCKED_DERIVED_IMPLEMENTATION,2026-09-05,2026-04-30,2026-09-05
ARU_GROUP-2026-00221,ARU_GROUP,2026,4,TRUCKING,1100,"External receivables, net of allowance",117300,0,117300,External customer invoice under source price and volume indices,TRK-2025-004,NONCASH_OR_OPENING,SYNTHETIC_CALIBRATION,PUBLIC_SYNTHETIC_DIEGETIC,LOCKED_DERIVED_IMPLEMENTATION,2026-09-05,2026-04-30,2026-09-05
ARU_GROUP-2026-00221,ARU_GROUP,2026,4,TRUCKING,4000,External revenue,0,117300,-117300,External customer invoice under source price and volume indices,TRK-2025-004,NONCASH_OR_OPENING,SYNTHETIC_CALIBRATION,PUBLIC_SYNTHETIC_DIEGETIC,LOCKED_DERIVED_IMPLEMENTATION,2026-09-05,2026-04-30,2026-09-05
ARU_GROUP-2026-00222,ARU_GROUP,2026,4,TRUCKING,1100,"External receivables, net of allowance",132600,0,132600,External customer invoice under source price and volume indices,TRK-2025-019,NONCASH_OR_OPENING,SYNTHETIC_CALIBRATION,PUBLIC_SYNTHETIC_DIEGETIC,LOCKED_DERIVED_IMPLEMENTATION,2026-09-05,2026-04-30,2026-09-05
ARU_GROUP-2026-00222,ARU_GROUP,2026,4,TRUCKING,4000,External revenue,0,132600,-132600,External customer invoice under source price and volume indices,TRK-2025-019,NONCASH_OR_OPENING,SYNTHETIC_CALIBRATION,PUBLIC_SYNTHETIC_DIEGETIC,LOCKED_DERIVED_IMPLEMENTATION,2026-09-05,2026-04-30,2026-09-05
ARU_GROUP-2026-00223,ARU_GROUP,2026,4,TRUCKING,1100,"External receivables, net of allowance",127500,0,127500,External customer invoice under source price and volume indices,TRK-2025-020,NONCASH_OR_OPENING,SYNTHETIC_CALIBRATION,PUBLIC_SYNTHETIC_DIEGETIC,LOCKED_DERIVED_IMPLEMENTATION,2026-09-05,2026-04-30,2026-09-05
ARU_GROUP-2026-00223,ARU_GROUP,2026,4,TRUCKING,4000,External revenue,0,127500,-127500,External customer invoice under source price and volume indices,TRK-2025-020,NONCASH_OR_OPENING,SYNTHETIC_CALIBRATION,PUBLIC_SYNTHETIC_DIEGETIC,LOCKED_DERIVED_IMPLEMENTATION,2026-09-05,2026-04-30,2026-09-05
ARU_GROUP-2026-00224,ARU_GROUP,2026,4,TRUCKING,1100,"External receivables, net of allowance",120870,0,120870,External customer invoice under source price and volume indices,TRK-2025-021,NONCASH_OR_OPENING,SYNTHETIC_CALIBRATION,PUBLIC_SYNTHETIC_DIEGETIC,LOCKED_DERIVED_IMPLEMENTATION,2026-09-05,2026-04-30,2026-09-05
ARU_GROUP-2026-00224,ARU_GROUP,2026,4,TRUCKING,4000,External revenue,0,120870,-120870,External customer invoice under source price and volume indices,TRK-2025-021,NONCASH_OR_OPENING,SYNTHETIC_CALIBRATION,PUBLIC_SYNTHETIC_DIEGETIC,LOCKED_DERIVED_IMPLEMENTATION,2026-09-05,2026-04-30,2026-09-05
ARU_GROUP-2026-00225,ARU_GROUP,2026,4,TRUCKING,1100,"External receivables, net of allowance",114240,0,114240,External customer invoice under source price and volume indices,TRK-2025-022,NONCASH_OR_OPENING,SYNTHETIC_CALIBRATION,PUBLIC_SYNTHETIC_DIEGETIC,LOCKED_DERIVED_IMPLEMENTATION,2026-09-05,2026-04-30,2026-09-05
ARU_GROUP-2026-00225,ARU_GROUP,2026,4,TRUCKING,4000,External revenue,0,114240,-114240,External customer invoice under source price and volume indices,TRK-2025-022,NONCASH_OR_OPENING,SYNTHETIC_CALIBRATION,PUBLIC_SYNTHETIC_DIEGETIC,LOCKED_DERIVED_IMPLEMENTATION,2026-09-05,2026-04-30,2026-09-05
ARU_GROUP-2026-00226,ARU_GROUP,2026,4,WAREHOUSE,1100,"External receivables, net of allowance",198288,0,198288,External customer invoice under source price and volume indices,WHS-2025-005,NONCASH_OR_OPENING,SYNTHETIC_CALIBRATION,PUBLIC_SYNTHETIC_DIEGETIC,LOCKED_DERIVED_IMPLEMENTATION,2026-09-05,2026-04-30,2026-09-05
ARU_GROUP-2026-00226,ARU_GROUP,2026,4,WAREHOUSE,4000,External revenue,0,198288,-198288,External customer invoice under source price and volume indices,WHS-2025-005,NONCASH_OR_OPENING,SYNTHETIC_CALIBRATION,PUBLIC_SYNTHETIC_DIEGETIC,LOCKED_DERIVED_IMPLEMENTATION,2026-09-05,2026-04-30,2026-09-05
ARU_GROUP-2026-00227,ARU_GROUP,2026,4,WAREHOUSE,1100,"External receivables, net of allowance",105264,0,105264,External customer invoice under source price and volume indices,WHS-2025-023,NONCASH_OR_OPENING,SYNTHETIC_CALIBRATION,PUBLIC_SYNTHETIC_DIEGETIC,LOCKED_DERIVED_IMPLEMENTATION,2026-09-05,2026-04-30,2026-09-05
ARU_GROUP-2026-00227,ARU_GROUP,2026,4,WAREHOUSE,4000,External revenue,0,105264,-105264,External customer invoice under source price and volume indices,WHS-2025-023,NONCASH_OR_OPENING,SYNTHETIC_CALIBRATION,PUBLIC_SYNTHETIC_DIEGETIC,LOCKED_DERIVED_IMPLEMENTATION,2026-09-05,2026-04-30,2026-09-05
ARU_GROUP-2026-00228,ARU_GROUP,2026,4,WAREHOUSE,1100,"External receivables, net of allowance",97920,0,97920,External customer invoice under source price and volume indices,WHS-2025-024,NONCASH_OR_OPENING,SYNTHETIC_CALIBRATION,PUBLIC_SYNTHETIC_DIEGETIC,LOCKED_DERIVED_IMPLEMENTATION,2026-09-05,2026-04-30,2026-09-05
ARU_GROUP-2026-00228,ARU_GROUP,2026,4,WAREHOUSE,4000,External revenue,0,97920,-97920,External customer invoice under source price and volume indices,WHS-2025-024,NONCASH_OR_OPENING,SYNTHETIC_CALIBRATION,PUBLIC_SYNTHETIC_DIEGETIC,LOCKED_DERIVED_IMPLEMENTATION,2026-09-05,2026-04-30,2026-09-05
ARU_GROUP-2026-00229,ARU_GROUP,2026,4,WAREHOUSE,1100,"External receivables, net of allowance",88128,0,88128,External customer invoice under source price and volume indices,WHS-2025-025,NONCASH_OR_OPENING,SYNTHETIC_CALIBRATION,PUBLIC_SYNTHETIC_DIEGETIC,LOCKED_DERIVED_IMPLEMENTATION,2026-09-05,2026-04-30,2026-09-05
ARU_GROUP-2026-00229,ARU_GROUP,2026,4,WAREHOUSE,4000,External revenue,0,88128,-88128,External customer invoice under source price and volume indices,WHS-2025-025,NONCASH_OR_OPENING,SYNTHETIC_CALIBRATION,PUBLIC_SYNTHETIC_DIEGETIC,LOCKED_DERIVED_IMPLEMENTATION,2026-09-05,2026-04-30,2026-09-05
ARU_GROUP-2026-00230,ARU_GROUP,2026,4,BST,5000,Payroll and employer burden,501121,0,501121,2026 loaded payroll under source cost index and unchanged census,PAYROLL-2026,NONCASH_OR_OPENING,SYNTHETIC_CALIBRATION,PUBLIC_SYNTHETIC_DIEGETIC,LOCKED_DERIVED_IMPLEMENTATION,2026-09-05,2026-04-30,2026-09-05
ARU_GROUP-2026-00230,ARU_GROUP,2026,4,BST,2000,Trade payables,0,501121,-501121,2026 loaded payroll under source cost index and unchanged census,PAYROLL-2026,NONCASH_OR_OPENING,SYNTHETIC_CALIBRATION,PUBLIC_SYNTHETIC_DIEGETIC,LOCKED_DERIVED_IMPLEMENTATION,2026-09-05,2026-04-30,2026-09-05
ARU_GROUP-2026-00231,ARU_GROUP,2026,4,BST,5100,External operating cost,629304,0,629304,External suppliers under source cost index,OPEX-2026,NONCASH_OR_OPENING,SYNTHETIC_CALIBRATION,PUBLIC_SYNTHETIC_DIEGETIC,LOCKED_DERIVED_IMPLEMENTATION,2026-09-05,2026-04-30,2026-09-05
ARU_GROUP-2026-00231,ARU_GROUP,2026,4,BST,2000,Trade payables,0,629304,-629304,External suppliers under source cost index,OPEX-2026,NONCASH_OR_OPENING,SYNTHETIC_CALIBRATION,PUBLIC_SYNTHETIC_DIEGETIC,LOCKED_DERIVED_IMPLEMENTATION,2026-09-05,2026-04-30,2026-09-05
ARU_GROUP-2026-00232,ARU_GROUP,2026,4,BST,5900,Shared service allocation / recovery,71242,0,71242,Shared services allocated,ALLOC-2026,NONCASH_OR_OPENING,SYNTHETIC_CALIBRATION,PUBLIC_SYNTHETIC_DIEGETIC,LOCKED_DERIVED_IMPLEMENTATION,2026-09-05,2026-04-30,2026-09-05
ARU_GROUP-2026-00232,ARU_GROUP,2026,4,BST,2100,Operating accruals,0,71242,-71242,Shared services allocated,ALLOC-2026,NONCASH_OR_OPENING,SYNTHETIC_CALIBRATION,PUBLIC_SYNTHETIC_DIEGETIC,LOCKED_DERIVED_IMPLEMENTATION,2026-09-05,2026-04-30,2026-09-05
ARU_GROUP-2026-00233,ARU_GROUP,2026,4,ARU,2100,Operating accruals,71242,0,71242,Shared services recovered,ALLOC-2026,NONCASH_OR_OPENING,SYNTHETIC_CALIBRATION,PUBLIC_SYNTHETIC_DIEGETIC,LOCKED_DERIVED_IMPLEMENTATION,2026-09-05,2026-04-30,2026-09-05
ARU_GROUP-2026-00233,ARU_GROUP,2026,4,ARU,5900,Shared service allocation / recovery,0,71242,-71242,Shared services recovered,ALLOC-2026,NONCASH_OR_OPENING,SYNTHETIC_CALIBRATION,PUBLIC_SYNTHETIC_DIEGETIC,LOCKED_DERIVED_IMPLEMENTATION,2026-09-05,2026-04-30,2026-09-05
ARU_GROUP-2026-00234,ARU_GROUP,2026,4,TERMINALS,5000,Payroll and employer burden,194936,0,194936,2026 loaded payroll under source cost index and unchanged census,PAYROLL-2026,NONCASH_OR_OPENING,SYNTHETIC_CALIBRATION,PUBLIC_SYNTHETIC_DIEGETIC,LOCKED_DERIVED_IMPLEMENTATION,2026-09-05,2026-04-30,2026-09-05
ARU_GROUP-2026-00234,ARU_GROUP,2026,4,TERMINALS,2000,Trade payables,0,194936,-194936,2026 loaded payroll under source cost index and unchanged census,PAYROLL-2026,NONCASH_OR_OPENING,SYNTHETIC_CALIBRATION,PUBLIC_SYNTHETIC_DIEGETIC,LOCKED_DERIVED_IMPLEMENTATION,2026-09-05,2026-04-30,2026-09-05
ARU_GROUP-2026-00235,ARU_GROUP,2026,4,TERMINALS,5100,External operating cost,504606,0,504606,External suppliers under source cost index,OPEX-2026,NONCASH_OR_OPENING,SYNTHETIC_CALIBRATION,PUBLIC_SYNTHETIC_DIEGETIC,LOCKED_DERIVED_IMPLEMENTATION,2026-09-05,2026-04-30,2026-09-05
ARU_GROUP-2026-00235,ARU_GROUP,2026,4,TERMINALS,2000,Trade payables,0,504606,-504606,External suppliers under source cost index,OPEX-2026,NONCASH_OR_OPENING,SYNTHETIC_CALIBRATION,PUBLIC_SYNTHETIC_DIEGETIC,LOCKED_DERIVED_IMPLEMENTATION,2026-09-05,2026-04-30,2026-09-05
ARU_GROUP-2026-00236,ARU_GROUP,2026,4,TERMINALS,5900,Shared service allocation / recovery,47208,0,47208,Shared services allocated,ALLOC-2026,NONCASH_OR_OPENING,SYNTHETIC_CALIBRATION,PUBLIC_SYNTHETIC_DIEGETIC,LOCKED_DERIVED_IMPLEMENTATION,2026-09-05,2026-04-30,2026-09-05
ARU_GROUP-2026-00236,ARU_GROUP,2026,4,TERMINALS,2100,Operating accruals,0,47208,-47208,Shared services allocated,ALLOC-2026,NONCASH_OR_OPENING,SYNTHETIC_CALIBRATION,PUBLIC_SYNTHETIC_DIEGETIC,LOCKED_DERIVED_IMPLEMENTATION,2026-09-05,2026-04-30,2026-09-05
ARU_GROUP-2026-00237,ARU_GROUP,2026,4,ARU,2100,Operating accruals,47208,0,47208,Shared services recovered,ALLOC-2026,NONCASH_OR_OPENING,SYNTHETIC_CALIBRATION,PUBLIC_SYNTHETIC_DIEGETIC,LOCKED_DERIVED_IMPLEMENTATION,2026-09-05,2026-04-30,2026-09-05
ARU_GROUP-2026-00237,ARU_GROUP,2026,4,ARU,5900,Shared service allocation / recovery,0,47208,-47208,Shared services recovered,ALLOC-2026,NONCASH_OR_OPENING,SYNTHETIC_CALIBRATION,PUBLIC_SYNTHETIC_DIEGETIC,LOCKED_DERIVED_IMPLEMENTATION,2026-09-05,2026-04-30,2026-09-05
ARU_GROUP-2026-00238,ARU_GROUP,2026,4,TRUCKING,5000,Payroll and employer burden,188464,0,188464,2026 loaded payroll under source cost index and unchanged census,PAYROLL-2026,NONCASH_OR_OPENING,SYNTHETIC_CALIBRATION,PUBLIC_SYNTHETIC_DIEGETIC,LOCKED_DERIVED_IMPLEMENTATION,2026-09-05,2026-04-30,2026-09-05
ARU_GROUP-2026-00238,ARU_GROUP,2026,4,TRUCKING,2000,Trade payables,0,188464,-188464,2026 loaded payroll under source cost index and unchanged census,PAYROLL-2026,NONCASH_OR_OPENING,SYNTHETIC_CALIBRATION,PUBLIC_SYNTHETIC_DIEGETIC,LOCKED_DERIVED_IMPLEMENTATION,2026-09-05,2026-04-30,2026-09-05
ARU_GROUP-2026-00239,ARU_GROUP,2026,4,TRUCKING,5100,External operating cost,299069,0,299069,External suppliers under source cost index,OPEX-2026,NONCASH_OR_OPENING,SYNTHETIC_CALIBRATION,PUBLIC_SYNTHETIC_DIEGETIC,LOCKED_DERIVED_IMPLEMENTATION,2026-09-05,2026-04-30,2026-09-05
ARU_GROUP-2026-00239,ARU_GROUP,2026,4,TRUCKING,2000,Trade payables,0,299069,-299069,External suppliers under source cost index,OPEX-2026,NONCASH_OR_OPENING,SYNTHETIC_CALIBRATION,PUBLIC_SYNTHETIC_DIEGETIC,LOCKED_DERIVED_IMPLEMENTATION,2026-09-05,2026-04-30,2026-09-05
ARU_GROUP-2026-00240,ARU_GROUP,2026,4,TRUCKING,5900,Shared service allocation / recovery,27467,0,27467,Shared services allocated,ALLOC-2026,NONCASH_OR_OPENING,SYNTHETIC_CALIBRATION,PUBLIC_SYNTHETIC_DIEGETIC,LOCKED_DERIVED_IMPLEMENTATION,2026-09-05,2026-04-30,2026-09-05
ARU_GROUP-2026-00240,ARU_GROUP,2026,4,TRUCKING,2100,Operating accruals,0,27467,-27467,Shared services allocated,ALLOC-2026,NONCASH_OR_OPENING,SYNTHETIC_CALIBRATION,PUBLIC_SYNTHETIC_DIEGETIC,LOCKED_DERIVED_IMPLEMENTATION,2026-09-05,2026-04-30,2026-09-05
ARU_GROUP-2026-00241,ARU_GROUP,2026,4,ARU,2100,Operating accruals,27467,0,27467,Shared services recovered,ALLOC-2026,NONCASH_OR_OPENING,SYNTHETIC_CALIBRATION,PUBLIC_SYNTHETIC_DIEGETIC,LOCKED_DERIVED_IMPLEMENTATION,2026-09-05,2026-04-30,2026-09-05
ARU_GROUP-2026-00241,ARU_GROUP,2026,4,ARU,5900,Shared service allocation / recovery,0,27467,-27467,Shared services recovered,ALLOC-2026,NONCASH_OR_OPENING,SYNTHETIC_CALIBRATION,PUBLIC_SYNTHETIC_DIEGETIC,LOCKED_DERIVED_IMPLEMENTATION,2026-09-05,2026-04-30,2026-09-05
ARU_GROUP-2026-00242,ARU_GROUP,2026,4,WAREHOUSE,5000,Payroll and employer burden,89490,0,89490,2026 loaded payroll under source cost index and unchanged census,PAYROLL-2026,NONCASH_OR_OPENING,SYNTHETIC_CALIBRATION,PUBLIC_SYNTHETIC_DIEGETIC,LOCKED_DERIVED_IMPLEMENTATION,2026-09-05,2026-04-30,2026-09-05
ARU_GROUP-2026-00242,ARU_GROUP,2026,4,WAREHOUSE,2000,Trade payables,0,89490,-89490,2026 loaded payroll under source cost index and unchanged census,PAYROLL-2026,NONCASH_OR_OPENING,SYNTHETIC_CALIBRATION,PUBLIC_SYNTHETIC_DIEGETIC,LOCKED_DERIVED_IMPLEMENTATION,2026-09-05,2026-04-30,2026-09-05
ARU_GROUP-2026-00243,ARU_GROUP,2026,4,WAREHOUSE,5100,External operating cost,169727,0,169727,External suppliers under source cost index,OPEX-2026,NONCASH_OR_OPENING,SYNTHETIC_CALIBRATION,PUBLIC_SYNTHETIC_DIEGETIC,LOCKED_DERIVED_IMPLEMENTATION,2026-09-05,2026-04-30,2026-09-05
ARU_GROUP-2026-00243,ARU_GROUP,2026,4,WAREHOUSE,2000,Trade payables,0,169727,-169727,External suppliers under source cost index,OPEX-2026,NONCASH_OR_OPENING,SYNTHETIC_CALIBRATION,PUBLIC_SYNTHETIC_DIEGETIC,LOCKED_DERIVED_IMPLEMENTATION,2026-09-05,2026-04-30,2026-09-05
ARU_GROUP-2026-00244,ARU_GROUP,2026,4,WAREHOUSE,5900,Shared service allocation / recovery,24033,0,24033,Shared services allocated,ALLOC-2026,NONCASH_OR_OPENING,SYNTHETIC_CALIBRATION,PUBLIC_SYNTHETIC_DIEGETIC,LOCKED_DERIVED_IMPLEMENTATION,2026-09-05,2026-04-30,2026-09-05
ARU_GROUP-2026-00244,ARU_GROUP,2026,4,WAREHOUSE,2100,Operating accruals,0,24033,-24033,Shared services allocated,ALLOC-2026,NONCASH_OR_OPENING,SYNTHETIC_CALIBRATION,PUBLIC_SYNTHETIC_DIEGETIC,LOCKED_DERIVED_IMPLEMENTATION,2026-09-05,2026-04-30,2026-09-05
ARU_GROUP-2026-00245,ARU_GROUP,2026,4,ARU,2100,Operating accruals,24033,0,24033,Shared services recovered,ALLOC-2026,NONCASH_OR_OPENING,SYNTHETIC_CALIBRATION,PUBLIC_SYNTHETIC_DIEGETIC,LOCKED_DERIVED_IMPLEMENTATION,2026-09-05,2026-04-30,2026-09-05
ARU_GROUP-2026-00245,ARU_GROUP,2026,4,ARU,5900,Shared service allocation / recovery,0,24033,-24033,Shared services recovered,ALLOC-2026,NONCASH_OR_OPENING,SYNTHETIC_CALIBRATION,PUBLIC_SYNTHETIC_DIEGETIC,LOCKED_DERIVED_IMPLEMENTATION,2026-09-05,2026-04-30,2026-09-05
ARU_GROUP-2026-00246,ARU_GROUP,2026,4,ARU,5000,Payroll and employer burden,139814,0,139814,2026 loaded payroll under source cost index and unchanged census,PAYROLL-2026,NONCASH_OR_OPENING,SYNTHETIC_CALIBRATION,PUBLIC_SYNTHETIC_DIEGETIC,LOCKED_DERIVED_IMPLEMENTATION,2026-09-05,2026-04-30,2026-09-05
ARU_GROUP-2026-00246,ARU_GROUP,2026,4,ARU,2000,Trade payables,0,139814,-139814,2026 loaded payroll under source cost index and unchanged census,PAYROLL-2026,NONCASH_OR_OPENING,SYNTHETIC_CALIBRATION,PUBLIC_SYNTHETIC_DIEGETIC,LOCKED_DERIVED_IMPLEMENTATION,2026-09-05,2026-04-30,2026-09-05
ARU_GROUP-2026-00247,ARU_GROUP,2026,4,ARU,5100,External operating cost,47303,0,47303,External suppliers under source cost index,OPEX-2026,NONCASH_OR_OPENING,SYNTHETIC_CALIBRATION,PUBLIC_SYNTHETIC_DIEGETIC,LOCKED_DERIVED_IMPLEMENTATION,2026-09-05,2026-04-30,2026-09-05
ARU_GROUP-2026-00247,ARU_GROUP,2026,4,ARU,2000,Trade payables,0,47303,-47303,External suppliers under source cost index,OPEX-2026,NONCASH_OR_OPENING,SYNTHETIC_CALIBRATION,PUBLIC_SYNTHETIC_DIEGETIC,LOCKED_DERIVED_IMPLEMENTATION,2026-09-05,2026-04-30,2026-09-05
ARU_GROUP-2026-00248,ARU_GROUP,2026,4,ARU,1200,Inventory cash cost,4500,0,4500,Forecast working capital purchases,WC26-inventory,NONCASH_OR_OPENING,SYNTHETIC_CALIBRATION,PUBLIC_SYNTHETIC_DIEGETIC,LOCKED_DERIVED_IMPLEMENTATION,2026-09-05,2026-04-30,2026-09-05
ARU_GROUP-2026-00248,ARU_GROUP,2026,4,ARU,2000,Trade payables,0,4500,-4500,Forecast working capital purchases,WC26-inventory,NONCASH_OR_OPENING,SYNTHETIC_CALIBRATION,PUBLIC_SYNTHETIC_DIEGETIC,LOCKED_DERIVED_IMPLEMENTATION,2026-09-05,2026-04-30,2026-09-05
ARU_GROUP-2026-00249,ARU_GROUP,2026,4,ARU,1300,Prepaids,1750,0,1750,Forecast working capital purchases,WC26-prepaids,NONCASH_OR_OPENING,SYNTHETIC_CALIBRATION,PUBLIC_SYNTHETIC_DIEGETIC,LOCKED_DERIVED_IMPLEMENTATION,2026-09-05,2026-04-30,2026-09-05
ARU_GROUP-2026-00249,ARU_GROUP,2026,4,ARU,2000,Trade payables,0,1750,-1750,Forecast working capital purchases,WC26-prepaids,NONCASH_OR_OPENING,SYNTHETIC_CALIBRATION,PUBLIC_SYNTHETIC_DIEGETIC,LOCKED_DERIVED_IMPLEMENTATION,2026-09-05,2026-04-30,2026-09-05
ARU_GROUP-2026-00250,ARU_GROUP,2026,4,ARU,2000,Trade payables,2500,0,2500,Operating accrual growth,WC26-ACCRUAL,NONCASH_OR_OPENING,SYNTHETIC_CALIBRATION,PUBLIC_SYNTHETIC_DIEGETIC,LOCKED_DERIVED_IMPLEMENTATION,2026-09-05,2026-04-30,2026-09-05
ARU_GROUP-2026-00250,ARU_GROUP,2026,4,ARU,2100,Operating accruals,0,2500,-2500,Operating accrual growth,WC26-ACCRUAL,NONCASH_OR_OPENING,SYNTHETIC_CALIBRATION,PUBLIC_SYNTHETIC_DIEGETIC,LOCKED_DERIVED_IMPLEMENTATION,2026-09-05,2026-04-30,2026-09-05
ARU_GROUP-2026-00251,ARU_GROUP,2026,4,ARU,1100,"External receivables, net of allowance",0,3422986,-3422986,External invoice collections,AR26,OPERATING,SYNTHETIC_CALIBRATION,PUBLIC_SYNTHETIC_DIEGETIC,LOCKED_DERIVED_IMPLEMENTATION,2026-09-05,2026-04-30,2026-09-05
ARU_GROUP-2026-00251,ARU_GROUP,2026,4,ARU,1000,Cash,3422986,0,3422986,External invoice collections,AR26,OPERATING,SYNTHETIC_CALIBRATION,PUBLIC_SYNTHETIC_DIEGETIC,LOCKED_DERIVED_IMPLEMENTATION,2026-09-05,2026-04-30,2026-09-05
ARU_GROUP-2026-00252,ARU_GROUP,2026,4,ARU,2000,Trade payables,2760084,0,2760084,Payroll/supplier settlement,AP26,OPERATING,SYNTHETIC_CALIBRATION,PUBLIC_SYNTHETIC_DIEGETIC,LOCKED_DERIVED_IMPLEMENTATION,2026-09-05,2026-04-30,2026-09-05
ARU_GROUP-2026-00252,ARU_GROUP,2026,4,ARU,1000,Cash,0,2760084,-2760084,Payroll/supplier settlement,AP26,OPERATING,SYNTHETIC_CALIBRATION,PUBLIC_SYNTHETIC_DIEGETIC,LOCKED_DERIVED_IMPLEMENTATION,2026-09-05,2026-04-30,2026-09-05
ARU_GROUP-2026-00253,ARU_GROUP,2026,4,ARU,5700,Retention and seller consulting,41096,0,41096,Retention compensation accrued by service days,RETENTION-POOL,NONCASH_OR_OPENING,SYNTHETIC_CALIBRATION,PUBLIC_SYNTHETIC_DIEGETIC,LOCKED_DERIVED_IMPLEMENTATION,2026-09-05,2026-04-30,2026-09-05
ARU_GROUP-2026-00253,ARU_GROUP,2026,4,ARU,2110,Retention compensation payable,0,41096,-41096,Retention compensation accrued by service days,RETENTION-POOL,NONCASH_OR_OPENING,SYNTHETIC_CALIBRATION,PUBLIC_SYNTHETIC_DIEGETIC,LOCKED_DERIVED_IMPLEMENTATION,2026-09-05,2026-04-30,2026-09-05
ARU_GROUP-2026-00254,ARU_GROUP,2026,4,ARU,5700,Retention and seller consulting,24725,0,24725,"Seller knowledge-transfer consulting, no operating authority",TOLMAN-CONSULTING,OPERATING,SYNTHETIC_CALIBRATION,PUBLIC_SYNTHETIC_DIEGETIC,LOCKED_DERIVED_IMPLEMENTATION,2026-09-05,2026-04-30,2026-09-05
ARU_GROUP-2026-00254,ARU_GROUP,2026,4,ARU,1000,Cash,0,24725,-24725,"Seller knowledge-transfer consulting, no operating authority",TOLMAN-CONSULTING,OPERATING,SYNTHETIC_CALIBRATION,PUBLIC_SYNTHETIC_DIEGETIC,LOCKED_DERIVED_IMPLEMENTATION,2026-09-05,2026-04-30,2026-09-05
ARU_GROUP-2026-00255,ARU_GROUP,2026,4,ARU,5400,Interest and financing fees,133908,0,133908,Term/lease interest and undrawn revolver fee,DEBT26,OPERATING,SYNTHETIC_CALIBRATION,PUBLIC_SYNTHETIC_DIEGETIC,LOCKED_DERIVED_IMPLEMENTATION,2026-09-05,2026-04-30,2026-09-05
ARU_GROUP-2026-00255,ARU_GROUP,2026,4,ARU,1000,Cash,0,133908,-133908,Term/lease interest and undrawn revolver fee,DEBT26,OPERATING,SYNTHETIC_CALIBRATION,PUBLIC_SYNTHETIC_DIEGETIC,LOCKED_DERIVED_IMPLEMENTATION,2026-09-05,2026-04-30,2026-09-05
ARU_GROUP-2026-00256,ARU_GROUP,2026,4,ARU,5400,Interest and financing fees,5000,0,5000,Debt issuance cost amortization,DEBT26-ISSUANCE,NONCASH_OR_OPENING,SYNTHETIC_CALIBRATION,PUBLIC_SYNTHETIC_DIEGETIC,LOCKED_DERIVED_IMPLEMENTATION,2026-09-05,2026-04-30,2026-09-05
ARU_GROUP-2026-00256,ARU_GROUP,2026,4,ARU,1700,"Debt issuance cost, contra term debt",0,5000,-5000,Debt issuance cost amortization,DEBT26-ISSUANCE,NONCASH_OR_OPENING,SYNTHETIC_CALIBRATION,PUBLIC_SYNTHETIC_DIEGETIC,LOCKED_DERIVED_IMPLEMENTATION,2026-09-05,2026-04-30,2026-09-05
ARU_GROUP-2026-00257,ARU_GROUP,2026,4,ARU,2400,Term debt face value,375000,0,375000,Acquisition debt principal due seventh of quarter,DEBT26,FINANCING,SYNTHETIC_CALIBRATION,PUBLIC_SYNTHETIC_DIEGETIC,LOCKED_DERIVED_IMPLEMENTATION,2026-09-05,2026-04-30,2026-09-05
ARU_GROUP-2026-00257,ARU_GROUP,2026,4,ARU,1000,Cash,0,375000,-375000,Acquisition debt principal due seventh of quarter,DEBT26,FINANCING,SYNTHETIC_CALIBRATION,PUBLIC_SYNTHETIC_DIEGETIC,LOCKED_DERIVED_IMPLEMENTATION,2026-09-05,2026-04-30,2026-09-05
ARU_GROUP-2026-00258,ARU_GROUP,2026,4,ARU,2600,Finance lease obligation,41096,0,41096,Finance lease principal,LEASE26,FINANCING,SYNTHETIC_CALIBRATION,PUBLIC_SYNTHETIC_DIEGETIC,LOCKED_DERIVED_IMPLEMENTATION,2026-09-05,2026-04-30,2026-09-05
ARU_GROUP-2026-00258,ARU_GROUP,2026,4,ARU,1000,Cash,0,41096,-41096,Finance lease principal,LEASE26,FINANCING,SYNTHETIC_CALIBRATION,PUBLIC_SYNTHETIC_DIEGETIC,LOCKED_DERIVED_IMPLEMENTATION,2026-09-05,2026-04-30,2026-09-05
ARU_GROUP-2026-00259,ARU_GROUP,2026,4,ARU,3000,Contributed equity,0,2150000,-2150000,Parent equity for catch-up and Phase 1 infrastructure,CAPITAL-FUNDING,FINANCING,SYNTHETIC_CALIBRATION,PUBLIC_SYNTHETIC_DIEGETIC,LOCKED_DERIVED_IMPLEMENTATION,2026-09-05,2026-04-30,2026-09-05
ARU_GROUP-2026-00259,ARU_GROUP,2026,4,ARU,1000,Cash,2150000,0,2150000,Parent equity for catch-up and Phase 1 infrastructure,CAPITAL-FUNDING,FINANCING,SYNTHETIC_CALIBRATION,PUBLIC_SYNTHETIC_DIEGETIC,LOCKED_DERIVED_IMPLEMENTATION,2026-09-05,2026-04-30,2026-09-05
ARU_GROUP-2026-00260,ARU_GROUP,2026,4,ARU,1400,PPE gross,2425000,0,2425000,Sustaining/catch-up/Phase 1 capital additions,CAPEX26,INVESTING,SYNTHETIC_CALIBRATION,PUBLIC_SYNTHETIC_DIEGETIC,LOCKED_DERIVED_IMPLEMENTATION,2026-09-05,2026-04-30,2026-09-05
ARU_GROUP-2026-00260,ARU_GROUP,2026,4,ARU,1000,Cash,0,2425000,-2425000,Sustaining/catch-up/Phase 1 capital additions,CAPEX26,INVESTING,SYNTHETIC_CALIBRATION,PUBLIC_SYNTHETIC_DIEGETIC,LOCKED_DERIVED_IMPLEMENTATION,2026-09-05,2026-04-30,2026-09-05
ARU_GROUP-2026-00261,ARU_GROUP,2026,4,ARU,5300,Depreciation in earnings,191700,0,191700,PPE depreciation and completed program assets,FIXED26,NONCASH_OR_OPENING,SYNTHETIC_CALIBRATION,PUBLIC_SYNTHETIC_DIEGETIC,LOCKED_DERIVED_IMPLEMENTATION,2026-09-05,2026-04-30,2026-09-05
ARU_GROUP-2026-00261,ARU_GROUP,2026,4,ARU,1490,Accumulated PPE depreciation,0,191700,-191700,PPE depreciation and completed program assets,FIXED26,NONCASH_OR_OPENING,SYNTHETIC_CALIBRATION,PUBLIC_SYNTHETIC_DIEGETIC,LOCKED_DERIVED_IMPLEMENTATION,2026-09-05,2026-04-30,2026-09-05
ARU_GROUP-2026-00262,ARU_GROUP,2026,4,ARU,5300,Depreciation in earnings,41096,0,41096,Retained finance lease ROU depreciation,LEASE26,NONCASH_OR_OPENING,SYNTHETIC_CALIBRATION,PUBLIC_SYNTHETIC_DIEGETIC,LOCKED_DERIVED_IMPLEMENTATION,2026-09-05,2026-04-30,2026-09-05
ARU_GROUP-2026-00262,ARU_GROUP,2026,4,ARU,1590,Accumulated finance lease ROU depreciation,0,41096,-41096,Retained finance lease ROU depreciation,LEASE26,NONCASH_OR_OPENING,SYNTHETIC_CALIBRATION,PUBLIC_SYNTHETIC_DIEGETIC,LOCKED_DERIVED_IMPLEMENTATION,2026-09-05,2026-04-30,2026-09-05
ARU_GROUP-2026-00264,ARU_GROUP,2026,4,ARU,5501,Deferred income tax expense,18055,0,18055,Deferred tax on section 197 goodwill tax/book basis difference,TAX26-DEFERRED,NONCASH_OR_OPENING,SYNTHETIC_CALIBRATION,PUBLIC_SYNTHETIC_DIEGETIC,LOCKED_DERIVED_IMPLEMENTATION,2026-09-05,2026-04-30,2026-09-05
ARU_GROUP-2026-00264,ARU_GROUP,2026,4,ARU,2250,Deferred tax liability on tax goodwill amortization,0,18055,-18055,Deferred tax on section 197 goodwill tax/book basis difference,TAX26-DEFERRED,NONCASH_OR_OPENING,SYNTHETIC_CALIBRATION,PUBLIC_SYNTHETIC_DIEGETIC,LOCKED_DERIVED_IMPLEMENTATION,2026-09-05,2026-04-30,2026-09-05
ARU_GROUP-2026-00265,ARU_GROUP,2026,4,ARU,1801,Deferred tax asset on interim modeled tax loss,0,39851,-39851,Interim modeled tax-loss asset supported by positive annual forecast,TAX26-INTERIM-LOSS,NONCASH_OR_OPENING,SYNTHETIC_CALIBRATION,PUBLIC_SYNTHETIC_DIEGETIC,LOCKED_DERIVED_IMPLEMENTATION,2026-09-05,2026-04-30,2026-09-05
ARU_GROUP-2026-00265,ARU_GROUP,2026,4,ARU,5501,Deferred income tax expense,39851,0,39851,Interim modeled tax-loss asset supported by positive annual forecast,TAX26-INTERIM-LOSS,NONCASH_OR_OPENING,SYNTHETIC_CALIBRATION,PUBLIC_SYNTHETIC_DIEGETIC,LOCKED_DERIVED_IMPLEMENTATION,2026-09-05,2026-04-30,2026-09-05
ARU_GROUP-2026-00267,ARU_GROUP,2026,4,ARU,3000,Contributed equity,0,7211,-7211,Additional parent liquidity equity to preserve cash floor,LIQUIDITY26,FINANCING,SYNTHETIC_CALIBRATION,PUBLIC_SYNTHETIC_DIEGETIC,LOCKED_DERIVED_IMPLEMENTATION,2026-09-05,2026-04-30,2026-09-05
ARU_GROUP-2026-00267,ARU_GROUP,2026,4,ARU,1000,Cash,7211,0,7211,Additional parent liquidity equity to preserve cash floor,LIQUIDITY26,FINANCING,SYNTHETIC_CALIBRATION,PUBLIC_SYNTHETIC_DIEGETIC,LOCKED_DERIVED_IMPLEMENTATION,2026-09-05,2026-04-30,2026-09-05
ARU_GROUP-2026-00268,ARU_GROUP,2026,5,BST,1100,"External receivables, net of allowance",298945,0,298945,External customer invoice under source price and volume indices,BST-2025-001,NONCASH_OR_OPENING,SYNTHETIC_CALIBRATION,PUBLIC_SYNTHETIC_DIEGETIC,LOCKED_DERIVED_IMPLEMENTATION,2026-09-05,2026-05-31,2026-09-05
ARU_GROUP-2026-00268,ARU_GROUP,2026,5,BST,4000,External revenue,0,298945,-298945,External customer invoice under source price and volume indices,BST-2025-001,NONCASH_OR_OPENING,SYNTHETIC_CALIBRATION,PUBLIC_SYNTHETIC_DIEGETIC,LOCKED_DERIVED_IMPLEMENTATION,2026-09-05,2026-05-31,2026-09-05
ARU_GROUP-2026-00269,ARU_GROUP,2026,5,BST,1100,"External receivables, net of allowance",129115,0,129115,External customer invoice under source price and volume indices,BST-2025-006,NONCASH_OR_OPENING,SYNTHETIC_CALIBRATION,PUBLIC_SYNTHETIC_DIEGETIC,LOCKED_DERIVED_IMPLEMENTATION,2026-09-05,2026-05-31,2026-09-05
ARU_GROUP-2026-00269,ARU_GROUP,2026,5,BST,4000,External revenue,0,129115,-129115,External customer invoice under source price and volume indices,BST-2025-006,NONCASH_OR_OPENING,SYNTHETIC_CALIBRATION,PUBLIC_SYNTHETIC_DIEGETIC,LOCKED_DERIVED_IMPLEMENTATION,2026-09-05,2026-05-31,2026-09-05
ARU_GROUP-2026-00270,ARU_GROUP,2026,5,BST,1100,"External receivables, net of allowance",223856,0,223856,External customer invoice under source price and volume indices,BST-2025-002,NONCASH_OR_OPENING,SYNTHETIC_CALIBRATION,PUBLIC_SYNTHETIC_DIEGETIC,LOCKED_DERIVED_IMPLEMENTATION,2026-09-05,2026-05-31,2026-09-05
ARU_GROUP-2026-00270,ARU_GROUP,2026,5,BST,4000,External revenue,0,223856,-223856,External customer invoice under source price and volume indices,BST-2025-002,NONCASH_OR_OPENING,SYNTHETIC_CALIBRATION,PUBLIC_SYNTHETIC_DIEGETIC,LOCKED_DERIVED_IMPLEMENTATION,2026-09-05,2026-05-31,2026-09-05
ARU_GROUP-2026-00271,ARU_GROUP,2026,5,BST,1100,"External receivables, net of allowance",100130,0,100130,External customer invoice under source price and volume indices,BST-2025-007,NONCASH_OR_OPENING,SYNTHETIC_CALIBRATION,PUBLIC_SYNTHETIC_DIEGETIC,LOCKED_DERIVED_IMPLEMENTATION,2026-09-05,2026-05-31,2026-09-05
ARU_GROUP-2026-00271,ARU_GROUP,2026,5,BST,4000,External revenue,0,100130,-100130,External customer invoice under source price and volume indices,BST-2025-007,NONCASH_OR_OPENING,SYNTHETIC_CALIBRATION,PUBLIC_SYNTHETIC_DIEGETIC,LOCKED_DERIVED_IMPLEMENTATION,2026-09-05,2026-05-31,2026-09-05
ARU_GROUP-2026-00272,ARU_GROUP,2026,5,BST,1100,"External receivables, net of allowance",115175,0,115175,External customer invoice under source price and volume indices,BST-2025-004,NONCASH_OR_OPENING,SYNTHETIC_CALIBRATION,PUBLIC_SYNTHETIC_DIEGETIC,LOCKED_DERIVED_IMPLEMENTATION,2026-09-05,2026-05-31,2026-09-05
ARU_GROUP-2026-00272,ARU_GROUP,2026,5,BST,4000,External revenue,0,115175,-115175,External customer invoice under source price and volume indices,BST-2025-004,NONCASH_OR_OPENING,SYNTHETIC_CALIBRATION,PUBLIC_SYNTHETIC_DIEGETIC,LOCKED_DERIVED_IMPLEMENTATION,2026-09-05,2026-05-31,2026-09-05
ARU_GROUP-2026-00273,ARU_GROUP,2026,5,BST,1100,"External receivables, net of allowance",58650,0,58650,External customer invoice under source price and volume indices,BST-2025-008,NONCASH_OR_OPENING,SYNTHETIC_CALIBRATION,PUBLIC_SYNTHETIC_DIEGETIC,LOCKED_DERIVED_IMPLEMENTATION,2026-09-05,2026-05-31,2026-09-05
ARU_GROUP-2026-00273,ARU_GROUP,2026,5,BST,4000,External revenue,0,58650,-58650,External customer invoice under source price and volume indices,BST-2025-008,NONCASH_OR_OPENING,SYNTHETIC_CALIBRATION,PUBLIC_SYNTHETIC_DIEGETIC,LOCKED_DERIVED_IMPLEMENTATION,2026-09-05,2026-05-31,2026-09-05
ARU_GROUP-2026-00274,ARU_GROUP,2026,5,BST,1100,"External receivables, net of allowance",136451,0,136451,External customer invoice under source price and volume indices,BST-2025-003,NONCASH_OR_OPENING,SYNTHETIC_CALIBRATION,PUBLIC_SYNTHETIC_DIEGETIC,LOCKED_DERIVED_IMPLEMENTATION,2026-09-05,2026-05-31,2026-09-05
ARU_GROUP-2026-00274,ARU_GROUP,2026,5,BST,4000,External revenue,0,136451,-136451,External customer invoice under source price and volume indices,BST-2025-003,NONCASH_OR_OPENING,SYNTHETIC_CALIBRATION,PUBLIC_SYNTHETIC_DIEGETIC,LOCKED_DERIVED_IMPLEMENTATION,2026-09-05,2026-05-31,2026-09-05
ARU_GROUP-2026-00275,ARU_GROUP,2026,5,BST,1100,"External receivables, net of allowance",72182,0,72182,External customer invoice under source price and volume indices,BST-2025-009,NONCASH_OR_OPENING,SYNTHETIC_CALIBRATION,PUBLIC_SYNTHETIC_DIEGETIC,LOCKED_DERIVED_IMPLEMENTATION,2026-09-05,2026-05-31,2026-09-05
ARU_GROUP-2026-00275,ARU_GROUP,2026,5,BST,4000,External revenue,0,72182,-72182,External customer invoice under source price and volume indices,BST-2025-009,NONCASH_OR_OPENING,SYNTHETIC_CALIBRATION,PUBLIC_SYNTHETIC_DIEGETIC,LOCKED_DERIVED_IMPLEMENTATION,2026-09-05,2026-05-31,2026-09-05
ARU_GROUP-2026-00276,ARU_GROUP,2026,5,BST,1100,"External receivables, net of allowance",66470,0,66470,External customer invoice under source price and volume indices,BST-2025-010,NONCASH_OR_OPENING,SYNTHETIC_CALIBRATION,PUBLIC_SYNTHETIC_DIEGETIC,LOCKED_DERIVED_IMPLEMENTATION,2026-09-05,2026-05-31,2026-09-05
ARU_GROUP-2026-00276,ARU_GROUP,2026,5,BST,4000,External revenue,0,66470,-66470,External customer invoice under source price and volume indices,BST-2025-010,NONCASH_OR_OPENING,SYNTHETIC_CALIBRATION,PUBLIC_SYNTHETIC_DIEGETIC,LOCKED_DERIVED_IMPLEMENTATION,2026-09-05,2026-05-31,2026-09-05
ARU_GROUP-2026-00277,ARU_GROUP,2026,5,BST,1100,"External receivables, net of allowance",36448,0,36448,External customer invoice under source price and volume indices,BST-2025-011,NONCASH_OR_OPENING,SYNTHETIC_CALIBRATION,PUBLIC_SYNTHETIC_DIEGETIC,LOCKED_DERIVED_IMPLEMENTATION,2026-09-05,2026-05-31,2026-09-05
ARU_GROUP-2026-00277,ARU_GROUP,2026,5,BST,4000,External revenue,0,36448,-36448,External customer invoice under source price and volume indices,BST-2025-011,NONCASH_OR_OPENING,SYNTHETIC_CALIBRATION,PUBLIC_SYNTHETIC_DIEGETIC,LOCKED_DERIVED_IMPLEMENTATION,2026-09-05,2026-05-31,2026-09-05
ARU_GROUP-2026-00278,ARU_GROUP,2026,5,BST,1100,"External receivables, net of allowance",110295,0,110295,External customer invoice under source price and volume indices,BST-2025-012,NONCASH_OR_OPENING,SYNTHETIC_CALIBRATION,PUBLIC_SYNTHETIC_DIEGETIC,LOCKED_DERIVED_IMPLEMENTATION,2026-09-05,2026-05-31,2026-09-05
ARU_GROUP-2026-00278,ARU_GROUP,2026,5,BST,4000,External revenue,0,110295,-110295,External customer invoice under source price and volume indices,BST-2025-012,NONCASH_OR_OPENING,SYNTHETIC_CALIBRATION,PUBLIC_SYNTHETIC_DIEGETIC,LOCKED_DERIVED_IMPLEMENTATION,2026-09-05,2026-05-31,2026-09-05
ARU_GROUP-2026-00279,ARU_GROUP,2026,5,BST,1100,"External receivables, net of allowance",69451,0,69451,External customer invoice under source price and volume indices,BST-2025-013,NONCASH_OR_OPENING,SYNTHETIC_CALIBRATION,PUBLIC_SYNTHETIC_DIEGETIC,LOCKED_DERIVED_IMPLEMENTATION,2026-09-05,2026-05-31,2026-09-05
ARU_GROUP-2026-00279,ARU_GROUP,2026,5,BST,4000,External revenue,0,69451,-69451,External customer invoice under source price and volume indices,BST-2025-013,NONCASH_OR_OPENING,SYNTHETIC_CALIBRATION,PUBLIC_SYNTHETIC_DIEGETIC,LOCKED_DERIVED_IMPLEMENTATION,2026-09-05,2026-05-31,2026-09-05
ARU_GROUP-2026-00280,ARU_GROUP,2026,5,TERMINALS,1100,"External receivables, net of allowance",123471,0,123471,External customer invoice under source price and volume indices,TRM-2025-001,NONCASH_OR_OPENING,SYNTHETIC_CALIBRATION,PUBLIC_SYNTHETIC_DIEGETIC,LOCKED_DERIVED_IMPLEMENTATION,2026-09-05,2026-05-31,2026-09-05
ARU_GROUP-2026-00280,ARU_GROUP,2026,5,TERMINALS,4000,External revenue,0,123471,-123471,External customer invoice under source price and volume indices,TRM-2025-001,NONCASH_OR_OPENING,SYNTHETIC_CALIBRATION,PUBLIC_SYNTHETIC_DIEGETIC,LOCKED_DERIVED_IMPLEMENTATION,2026-09-05,2026-05-31,2026-09-05
ARU_GROUP-2026-00281,ARU_GROUP,2026,5,TERMINALS,1100,"External receivables, net of allowance",120054,0,120054,External customer invoice under source price and volume indices,TRM-2025-002,NONCASH_OR_OPENING,SYNTHETIC_CALIBRATION,PUBLIC_SYNTHETIC_DIEGETIC,LOCKED_DERIVED_IMPLEMENTATION,2026-09-05,2026-05-31,2026-09-05
ARU_GROUP-2026-00281,ARU_GROUP,2026,5,TERMINALS,4000,External revenue,0,120054,-120054,External customer invoice under source price and volume indices,TRM-2025-002,NONCASH_OR_OPENING,SYNTHETIC_CALIBRATION,PUBLIC_SYNTHETIC_DIEGETIC,LOCKED_DERIVED_IMPLEMENTATION,2026-09-05,2026-05-31,2026-09-05
ARU_GROUP-2026-00282,ARU_GROUP,2026,5,TERMINALS,1100,"External receivables, net of allowance",165495,0,165495,External customer invoice under source price and volume indices,TRM-2025-003,NONCASH_OR_OPENING,SYNTHETIC_CALIBRATION,PUBLIC_SYNTHETIC_DIEGETIC,LOCKED_DERIVED_IMPLEMENTATION,2026-09-05,2026-05-31,2026-09-05
ARU_GROUP-2026-00282,ARU_GROUP,2026,5,TERMINALS,4000,External revenue,0,165495,-165495,External customer invoice under source price and volume indices,TRM-2025-003,NONCASH_OR_OPENING,SYNTHETIC_CALIBRATION,PUBLIC_SYNTHETIC_DIEGETIC,LOCKED_DERIVED_IMPLEMENTATION,2026-09-05,2026-05-31,2026-09-05
ARU_GROUP-2026-00283,ARU_GROUP,2026,5,TERMINALS,1100,"External receivables, net of allowance",165240,0,165240,External customer invoice under source price and volume indices,TRM-2025-014,NONCASH_OR_OPENING,SYNTHETIC_CALIBRATION,PUBLIC_SYNTHETIC_DIEGETIC,LOCKED_DERIVED_IMPLEMENTATION,2026-09-05,2026-05-31,2026-09-05
ARU_GROUP-2026-00283,ARU_GROUP,2026,5,TERMINALS,4000,External revenue,0,165240,-165240,External customer invoice under source price and volume indices,TRM-2025-014,NONCASH_OR_OPENING,SYNTHETIC_CALIBRATION,PUBLIC_SYNTHETIC_DIEGETIC,LOCKED_DERIVED_IMPLEMENTATION,2026-09-05,2026-05-31,2026-09-05
ARU_GROUP-2026-00284,ARU_GROUP,2026,5,TERMINALS,1100,"External receivables, net of allowance",162945,0,162945,External customer invoice under source price and volume indices,TRM-2025-015,NONCASH_OR_OPENING,SYNTHETIC_CALIBRATION,PUBLIC_SYNTHETIC_DIEGETIC,LOCKED_DERIVED_IMPLEMENTATION,2026-09-05,2026-05-31,2026-09-05
ARU_GROUP-2026-00284,ARU_GROUP,2026,5,TERMINALS,4000,External revenue,0,162945,-162945,External customer invoice under source price and volume indices,TRM-2025-015,NONCASH_OR_OPENING,SYNTHETIC_CALIBRATION,PUBLIC_SYNTHETIC_DIEGETIC,LOCKED_DERIVED_IMPLEMENTATION,2026-09-05,2026-05-31,2026-09-05
ARU_GROUP-2026-00285,ARU_GROUP,2026,5,TERMINALS,1100,"External receivables, net of allowance",157896,0,157896,External customer invoice under source price and volume indices,TRM-2025-016,NONCASH_OR_OPENING,SYNTHETIC_CALIBRATION,PUBLIC_SYNTHETIC_DIEGETIC,LOCKED_DERIVED_IMPLEMENTATION,2026-09-05,2026-05-31,2026-09-05
ARU_GROUP-2026-00285,ARU_GROUP,2026,5,TERMINALS,4000,External revenue,0,157896,-157896,External customer invoice under source price and volume indices,TRM-2025-016,NONCASH_OR_OPENING,SYNTHETIC_CALIBRATION,PUBLIC_SYNTHETIC_DIEGETIC,LOCKED_DERIVED_IMPLEMENTATION,2026-09-05,2026-05-31,2026-09-05
ARU_GROUP-2026-00286,ARU_GROUP,2026,5,TERMINALS,1100,"External receivables, net of allowance",151470,0,151470,External customer invoice under source price and volume indices,TRM-2025-017,NONCASH_OR_OPENING,SYNTHETIC_CALIBRATION,PUBLIC_SYNTHETIC_DIEGETIC,LOCKED_DERIVED_IMPLEMENTATION,2026-09-05,2026-05-31,2026-09-05
ARU_GROUP-2026-00286,ARU_GROUP,2026,5,TERMINALS,4000,External revenue,0,151470,-151470,External customer invoice under source price and volume indices,TRM-2025-017,NONCASH_OR_OPENING,SYNTHETIC_CALIBRATION,PUBLIC_SYNTHETIC_DIEGETIC,LOCKED_DERIVED_IMPLEMENTATION,2026-09-05,2026-05-31,2026-09-05
ARU_GROUP-2026-00287,ARU_GROUP,2026,5,TERMINALS,1100,"External receivables, net of allowance",146880,0,146880,External customer invoice under source price and volume indices,TRM-2025-018,NONCASH_OR_OPENING,SYNTHETIC_CALIBRATION,PUBLIC_SYNTHETIC_DIEGETIC,LOCKED_DERIVED_IMPLEMENTATION,2026-09-05,2026-05-31,2026-09-05
ARU_GROUP-2026-00287,ARU_GROUP,2026,5,TERMINALS,4000,External revenue,0,146880,-146880,External customer invoice under source price and volume indices,TRM-2025-018,NONCASH_OR_OPENING,SYNTHETIC_CALIBRATION,PUBLIC_SYNTHETIC_DIEGETIC,LOCKED_DERIVED_IMPLEMENTATION,2026-09-05,2026-05-31,2026-09-05
ARU_GROUP-2026-00288,ARU_GROUP,2026,5,TRUCKING,1100,"External receivables, net of allowance",131580,0,131580,External customer invoice under source price and volume indices,TRK-2025-004,NONCASH_OR_OPENING,SYNTHETIC_CALIBRATION,PUBLIC_SYNTHETIC_DIEGETIC,LOCKED_DERIVED_IMPLEMENTATION,2026-09-05,2026-05-31,2026-09-05
ARU_GROUP-2026-00288,ARU_GROUP,2026,5,TRUCKING,4000,External revenue,0,131580,-131580,External customer invoice under source price and volume indices,TRK-2025-004,NONCASH_OR_OPENING,SYNTHETIC_CALIBRATION,PUBLIC_SYNTHETIC_DIEGETIC,LOCKED_DERIVED_IMPLEMENTATION,2026-09-05,2026-05-31,2026-09-05
ARU_GROUP-2026-00289,ARU_GROUP,2026,5,TRUCKING,1100,"External receivables, net of allowance",149430,0,149430,External customer invoice under source price and volume indices,TRK-2025-019,NONCASH_OR_OPENING,SYNTHETIC_CALIBRATION,PUBLIC_SYNTHETIC_DIEGETIC,LOCKED_DERIVED_IMPLEMENTATION,2026-09-05,2026-05-31,2026-09-05
ARU_GROUP-2026-00289,ARU_GROUP,2026,5,TRUCKING,4000,External revenue,0,149430,-149430,External customer invoice under source price and volume indices,TRK-2025-019,NONCASH_OR_OPENING,SYNTHETIC_CALIBRATION,PUBLIC_SYNTHETIC_DIEGETIC,LOCKED_DERIVED_IMPLEMENTATION,2026-09-05,2026-05-31,2026-09-05
ARU_GROUP-2026-00290,ARU_GROUP,2026,5,TRUCKING,1100,"External receivables, net of allowance",143310,0,143310,External customer invoice under source price and volume indices,TRK-2025-020,NONCASH_OR_OPENING,SYNTHETIC_CALIBRATION,PUBLIC_SYNTHETIC_DIEGETIC,LOCKED_DERIVED_IMPLEMENTATION,2026-09-05,2026-05-31,2026-09-05
ARU_GROUP-2026-00290,ARU_GROUP,2026,5,TRUCKING,4000,External revenue,0,143310,-143310,External customer invoice under source price and volume indices,TRK-2025-020,NONCASH_OR_OPENING,SYNTHETIC_CALIBRATION,PUBLIC_SYNTHETIC_DIEGETIC,LOCKED_DERIVED_IMPLEMENTATION,2026-09-05,2026-05-31,2026-09-05
ARU_GROUP-2026-00291,ARU_GROUP,2026,5,TRUCKING,1100,"External receivables, net of allowance",136170,0,136170,External customer invoice under source price and volume indices,TRK-2025-021,NONCASH_OR_OPENING,SYNTHETIC_CALIBRATION,PUBLIC_SYNTHETIC_DIEGETIC,LOCKED_DERIVED_IMPLEMENTATION,2026-09-05,2026-05-31,2026-09-05
ARU_GROUP-2026-00291,ARU_GROUP,2026,5,TRUCKING,4000,External revenue,0,136170,-136170,External customer invoice under source price and volume indices,TRK-2025-021,NONCASH_OR_OPENING,SYNTHETIC_CALIBRATION,PUBLIC_SYNTHETIC_DIEGETIC,LOCKED_DERIVED_IMPLEMENTATION,2026-09-05,2026-05-31,2026-09-05
ARU_GROUP-2026-00292,ARU_GROUP,2026,5,TRUCKING,1100,"External receivables, net of allowance",128520,0,128520,External customer invoice under source price and volume indices,TRK-2025-022,NONCASH_OR_OPENING,SYNTHETIC_CALIBRATION,PUBLIC_SYNTHETIC_DIEGETIC,LOCKED_DERIVED_IMPLEMENTATION,2026-09-05,2026-05-31,2026-09-05
ARU_GROUP-2026-00292,ARU_GROUP,2026,5,TRUCKING,4000,External revenue,0,128520,-128520,External customer invoice under source price and volume indices,TRK-2025-022,NONCASH_OR_OPENING,SYNTHETIC_CALIBRATION,PUBLIC_SYNTHETIC_DIEGETIC,LOCKED_DERIVED_IMPLEMENTATION,2026-09-05,2026-05-31,2026-09-05
ARU_GROUP-2026-00293,ARU_GROUP,2026,5,WAREHOUSE,1100,"External receivables, net of allowance",223074,0,223074,External customer invoice under source price and volume indices,WHS-2025-005,NONCASH_OR_OPENING,SYNTHETIC_CALIBRATION,PUBLIC_SYNTHETIC_DIEGETIC,LOCKED_DERIVED_IMPLEMENTATION,2026-09-05,2026-05-31,2026-09-05
ARU_GROUP-2026-00293,ARU_GROUP,2026,5,WAREHOUSE,4000,External revenue,0,223074,-223074,External customer invoice under source price and volume indices,WHS-2025-005,NONCASH_OR_OPENING,SYNTHETIC_CALIBRATION,PUBLIC_SYNTHETIC_DIEGETIC,LOCKED_DERIVED_IMPLEMENTATION,2026-09-05,2026-05-31,2026-09-05
ARU_GROUP-2026-00294,ARU_GROUP,2026,5,WAREHOUSE,1100,"External receivables, net of allowance",118422,0,118422,External customer invoice under source price and volume indices,WHS-2025-023,NONCASH_OR_OPENING,SYNTHETIC_CALIBRATION,PUBLIC_SYNTHETIC_DIEGETIC,LOCKED_DERIVED_IMPLEMENTATION,2026-09-05,2026-05-31,2026-09-05
ARU_GROUP-2026-00294,ARU_GROUP,2026,5,WAREHOUSE,4000,External revenue,0,118422,-118422,External customer invoice under source price and volume indices,WHS-2025-023,NONCASH_OR_OPENING,SYNTHETIC_CALIBRATION,PUBLIC_SYNTHETIC_DIEGETIC,LOCKED_DERIVED_IMPLEMENTATION,2026-09-05,2026-05-31,2026-09-05
ARU_GROUP-2026-00295,ARU_GROUP,2026,5,WAREHOUSE,1100,"External receivables, net of allowance",110160,0,110160,External customer invoice under source price and volume indices,WHS-2025-024,NONCASH_OR_OPENING,SYNTHETIC_CALIBRATION,PUBLIC_SYNTHETIC_DIEGETIC,LOCKED_DERIVED_IMPLEMENTATION,2026-09-05,2026-05-31,2026-09-05
ARU_GROUP-2026-00295,ARU_GROUP,2026,5,WAREHOUSE,4000,External revenue,0,110160,-110160,External customer invoice under source price and volume indices,WHS-2025-024,NONCASH_OR_OPENING,SYNTHETIC_CALIBRATION,PUBLIC_SYNTHETIC_DIEGETIC,LOCKED_DERIVED_IMPLEMENTATION,2026-09-05,2026-05-31,2026-09-05
ARU_GROUP-2026-00296,ARU_GROUP,2026,5,WAREHOUSE,1100,"External receivables, net of allowance",99144,0,99144,External customer invoice under source price and volume indices,WHS-2025-025,NONCASH_OR_OPENING,SYNTHETIC_CALIBRATION,PUBLIC_SYNTHETIC_DIEGETIC,LOCKED_DERIVED_IMPLEMENTATION,2026-09-05,2026-05-31,2026-09-05
ARU_GROUP-2026-00296,ARU_GROUP,2026,5,WAREHOUSE,4000,External revenue,0,99144,-99144,External customer invoice under source price and volume indices,WHS-2025-025,NONCASH_OR_OPENING,SYNTHETIC_CALIBRATION,PUBLIC_SYNTHETIC_DIEGETIC,LOCKED_DERIVED_IMPLEMENTATION,2026-09-05,2026-05-31,2026-09-05
ARU_GROUP-2026-00297,ARU_GROUP,2026,5,BST,5000,Payroll and employer burden,501121,0,501121,2026 loaded payroll under source cost index and unchanged census,PAYROLL-2026,NONCASH_OR_OPENING,SYNTHETIC_CALIBRATION,PUBLIC_SYNTHETIC_DIEGETIC,LOCKED_DERIVED_IMPLEMENTATION,2026-09-05,2026-05-31,2026-09-05
ARU_GROUP-2026-00297,ARU_GROUP,2026,5,BST,2000,Trade payables,0,501121,-501121,2026 loaded payroll under source cost index and unchanged census,PAYROLL-2026,NONCASH_OR_OPENING,SYNTHETIC_CALIBRATION,PUBLIC_SYNTHETIC_DIEGETIC,LOCKED_DERIVED_IMPLEMENTATION,2026-09-05,2026-05-31,2026-09-05
ARU_GROUP-2026-00298,ARU_GROUP,2026,5,BST,5100,External operating cost,629304,0,629304,External suppliers under source cost index,OPEX-2026,NONCASH_OR_OPENING,SYNTHETIC_CALIBRATION,PUBLIC_SYNTHETIC_DIEGETIC,LOCKED_DERIVED_IMPLEMENTATION,2026-09-05,2026-05-31,2026-09-05
ARU_GROUP-2026-00298,ARU_GROUP,2026,5,BST,2000,Trade payables,0,629304,-629304,External suppliers under source cost index,OPEX-2026,NONCASH_OR_OPENING,SYNTHETIC_CALIBRATION,PUBLIC_SYNTHETIC_DIEGETIC,LOCKED_DERIVED_IMPLEMENTATION,2026-09-05,2026-05-31,2026-09-05
ARU_GROUP-2026-00299,ARU_GROUP,2026,5,BST,5900,Shared service allocation / recovery,71242,0,71242,Shared services allocated,ALLOC-2026,NONCASH_OR_OPENING,SYNTHETIC_CALIBRATION,PUBLIC_SYNTHETIC_DIEGETIC,LOCKED_DERIVED_IMPLEMENTATION,2026-09-05,2026-05-31,2026-09-05
ARU_GROUP-2026-00299,ARU_GROUP,2026,5,BST,2100,Operating accruals,0,71242,-71242,Shared services allocated,ALLOC-2026,NONCASH_OR_OPENING,SYNTHETIC_CALIBRATION,PUBLIC_SYNTHETIC_DIEGETIC,LOCKED_DERIVED_IMPLEMENTATION,2026-09-05,2026-05-31,2026-09-05
ARU_GROUP-2026-00300,ARU_GROUP,2026,5,ARU,2100,Operating accruals,71242,0,71242,Shared services recovered,ALLOC-2026,NONCASH_OR_OPENING,SYNTHETIC_CALIBRATION,PUBLIC_SYNTHETIC_DIEGETIC,LOCKED_DERIVED_IMPLEMENTATION,2026-09-05,2026-05-31,2026-09-05
ARU_GROUP-2026-00300,ARU_GROUP,2026,5,ARU,5900,Shared service allocation / recovery,0,71242,-71242,Shared services recovered,ALLOC-2026,NONCASH_OR_OPENING,SYNTHETIC_CALIBRATION,PUBLIC_SYNTHETIC_DIEGETIC,LOCKED_DERIVED_IMPLEMENTATION,2026-09-05,2026-05-31,2026-09-05
ARU_GROUP-2026-00301,ARU_GROUP,2026,5,TERMINALS,5000,Payroll and employer burden,194936,0,194936,2026 loaded payroll under source cost index and unchanged census,PAYROLL-2026,NONCASH_OR_OPENING,SYNTHETIC_CALIBRATION,PUBLIC_SYNTHETIC_DIEGETIC,LOCKED_DERIVED_IMPLEMENTATION,2026-09-05,2026-05-31,2026-09-05
ARU_GROUP-2026-00301,ARU_GROUP,2026,5,TERMINALS,2000,Trade payables,0,194936,-194936,2026 loaded payroll under source cost index and unchanged census,PAYROLL-2026,NONCASH_OR_OPENING,SYNTHETIC_CALIBRATION,PUBLIC_SYNTHETIC_DIEGETIC,LOCKED_DERIVED_IMPLEMENTATION,2026-09-05,2026-05-31,2026-09-05
ARU_GROUP-2026-00302,ARU_GROUP,2026,5,TERMINALS,5100,External operating cost,504606,0,504606,External suppliers under source cost index,OPEX-2026,NONCASH_OR_OPENING,SYNTHETIC_CALIBRATION,PUBLIC_SYNTHETIC_DIEGETIC,LOCKED_DERIVED_IMPLEMENTATION,2026-09-05,2026-05-31,2026-09-05
ARU_GROUP-2026-00302,ARU_GROUP,2026,5,TERMINALS,2000,Trade payables,0,504606,-504606,External suppliers under source cost index,OPEX-2026,NONCASH_OR_OPENING,SYNTHETIC_CALIBRATION,PUBLIC_SYNTHETIC_DIEGETIC,LOCKED_DERIVED_IMPLEMENTATION,2026-09-05,2026-05-31,2026-09-05
ARU_GROUP-2026-00303,ARU_GROUP,2026,5,TERMINALS,5900,Shared service allocation / recovery,47208,0,47208,Shared services allocated,ALLOC-2026,NONCASH_OR_OPENING,SYNTHETIC_CALIBRATION,PUBLIC_SYNTHETIC_DIEGETIC,LOCKED_DERIVED_IMPLEMENTATION,2026-09-05,2026-05-31,2026-09-05
ARU_GROUP-2026-00303,ARU_GROUP,2026,5,TERMINALS,2100,Operating accruals,0,47208,-47208,Shared services allocated,ALLOC-2026,NONCASH_OR_OPENING,SYNTHETIC_CALIBRATION,PUBLIC_SYNTHETIC_DIEGETIC,LOCKED_DERIVED_IMPLEMENTATION,2026-09-05,2026-05-31,2026-09-05
ARU_GROUP-2026-00304,ARU_GROUP,2026,5,ARU,2100,Operating accruals,47208,0,47208,Shared services recovered,ALLOC-2026,NONCASH_OR_OPENING,SYNTHETIC_CALIBRATION,PUBLIC_SYNTHETIC_DIEGETIC,LOCKED_DERIVED_IMPLEMENTATION,2026-09-05,2026-05-31,2026-09-05
ARU_GROUP-2026-00304,ARU_GROUP,2026,5,ARU,5900,Shared service allocation / recovery,0,47208,-47208,Shared services recovered,ALLOC-2026,NONCASH_OR_OPENING,SYNTHETIC_CALIBRATION,PUBLIC_SYNTHETIC_DIEGETIC,LOCKED_DERIVED_IMPLEMENTATION,2026-09-05,2026-05-31,2026-09-05
ARU_GROUP-2026-00305,ARU_GROUP,2026,5,TRUCKING,5000,Payroll and employer burden,188464,0,188464,2026 loaded payroll under source cost index and unchanged census,PAYROLL-2026,NONCASH_OR_OPENING,SYNTHETIC_CALIBRATION,PUBLIC_SYNTHETIC_DIEGETIC,LOCKED_DERIVED_IMPLEMENTATION,2026-09-05,2026-05-31,2026-09-05
ARU_GROUP-2026-00305,ARU_GROUP,2026,5,TRUCKING,2000,Trade payables,0,188464,-188464,2026 loaded payroll under source cost index and unchanged census,PAYROLL-2026,NONCASH_OR_OPENING,SYNTHETIC_CALIBRATION,PUBLIC_SYNTHETIC_DIEGETIC,LOCKED_DERIVED_IMPLEMENTATION,2026-09-05,2026-05-31,2026-09-05
ARU_GROUP-2026-00306,ARU_GROUP,2026,5,TRUCKING,5100,External operating cost,299069,0,299069,External suppliers under source cost index,OPEX-2026,NONCASH_OR_OPENING,SYNTHETIC_CALIBRATION,PUBLIC_SYNTHETIC_DIEGETIC,LOCKED_DERIVED_IMPLEMENTATION,2026-09-05,2026-05-31,2026-09-05
ARU_GROUP-2026-00306,ARU_GROUP,2026,5,TRUCKING,2000,Trade payables,0,299069,-299069,External suppliers under source cost index,OPEX-2026,NONCASH_OR_OPENING,SYNTHETIC_CALIBRATION,PUBLIC_SYNTHETIC_DIEGETIC,LOCKED_DERIVED_IMPLEMENTATION,2026-09-05,2026-05-31,2026-09-05
ARU_GROUP-2026-00307,ARU_GROUP,2026,5,TRUCKING,5900,Shared service allocation / recovery,27467,0,27467,Shared services allocated,ALLOC-2026,NONCASH_OR_OPENING,SYNTHETIC_CALIBRATION,PUBLIC_SYNTHETIC_DIEGETIC,LOCKED_DERIVED_IMPLEMENTATION,2026-09-05,2026-05-31,2026-09-05
ARU_GROUP-2026-00307,ARU_GROUP,2026,5,TRUCKING,2100,Operating accruals,0,27467,-27467,Shared services allocated,ALLOC-2026,NONCASH_OR_OPENING,SYNTHETIC_CALIBRATION,PUBLIC_SYNTHETIC_DIEGETIC,LOCKED_DERIVED_IMPLEMENTATION,2026-09-05,2026-05-31,2026-09-05
ARU_GROUP-2026-00308,ARU_GROUP,2026,5,ARU,2100,Operating accruals,27467,0,27467,Shared services recovered,ALLOC-2026,NONCASH_OR_OPENING,SYNTHETIC_CALIBRATION,PUBLIC_SYNTHETIC_DIEGETIC,LOCKED_DERIVED_IMPLEMENTATION,2026-09-05,2026-05-31,2026-09-05
ARU_GROUP-2026-00308,ARU_GROUP,2026,5,ARU,5900,Shared service allocation / recovery,0,27467,-27467,Shared services recovered,ALLOC-2026,NONCASH_OR_OPENING,SYNTHETIC_CALIBRATION,PUBLIC_SYNTHETIC_DIEGETIC,LOCKED_DERIVED_IMPLEMENTATION,2026-09-05,2026-05-31,2026-09-05
ARU_GROUP-2026-00309,ARU_GROUP,2026,5,WAREHOUSE,5000,Payroll and employer burden,89490,0,89490,2026 loaded payroll under source cost index and unchanged census,PAYROLL-2026,NONCASH_OR_OPENING,SYNTHETIC_CALIBRATION,PUBLIC_SYNTHETIC_DIEGETIC,LOCKED_DERIVED_IMPLEMENTATION,2026-09-05,2026-05-31,2026-09-05
ARU_GROUP-2026-00309,ARU_GROUP,2026,5,WAREHOUSE,2000,Trade payables,0,89490,-89490,2026 loaded payroll under source cost index and unchanged census,PAYROLL-2026,NONCASH_OR_OPENING,SYNTHETIC_CALIBRATION,PUBLIC_SYNTHETIC_DIEGETIC,LOCKED_DERIVED_IMPLEMENTATION,2026-09-05,2026-05-31,2026-09-05
ARU_GROUP-2026-00310,ARU_GROUP,2026,5,WAREHOUSE,5100,External operating cost,169727,0,169727,External suppliers under source cost index,OPEX-2026,NONCASH_OR_OPENING,SYNTHETIC_CALIBRATION,PUBLIC_SYNTHETIC_DIEGETIC,LOCKED_DERIVED_IMPLEMENTATION,2026-09-05,2026-05-31,2026-09-05
ARU_GROUP-2026-00310,ARU_GROUP,2026,5,WAREHOUSE,2000,Trade payables,0,169727,-169727,External suppliers under source cost index,OPEX-2026,NONCASH_OR_OPENING,SYNTHETIC_CALIBRATION,PUBLIC_SYNTHETIC_DIEGETIC,LOCKED_DERIVED_IMPLEMENTATION,2026-09-05,2026-05-31,2026-09-05
ARU_GROUP-2026-00311,ARU_GROUP,2026,5,WAREHOUSE,5900,Shared service allocation / recovery,24033,0,24033,Shared services allocated,ALLOC-2026,NONCASH_OR_OPENING,SYNTHETIC_CALIBRATION,PUBLIC_SYNTHETIC_DIEGETIC,LOCKED_DERIVED_IMPLEMENTATION,2026-09-05,2026-05-31,2026-09-05
ARU_GROUP-2026-00311,ARU_GROUP,2026,5,WAREHOUSE,2100,Operating accruals,0,24033,-24033,Shared services allocated,ALLOC-2026,NONCASH_OR_OPENING,SYNTHETIC_CALIBRATION,PUBLIC_SYNTHETIC_DIEGETIC,LOCKED_DERIVED_IMPLEMENTATION,2026-09-05,2026-05-31,2026-09-05
ARU_GROUP-2026-00312,ARU_GROUP,2026,5,ARU,2100,Operating accruals,24033,0,24033,Shared services recovered,ALLOC-2026,NONCASH_OR_OPENING,SYNTHETIC_CALIBRATION,PUBLIC_SYNTHETIC_DIEGETIC,LOCKED_DERIVED_IMPLEMENTATION,2026-09-05,2026-05-31,2026-09-05
ARU_GROUP-2026-00312,ARU_GROUP,2026,5,ARU,5900,Shared service allocation / recovery,0,24033,-24033,Shared services recovered,ALLOC-2026,NONCASH_OR_OPENING,SYNTHETIC_CALIBRATION,PUBLIC_SYNTHETIC_DIEGETIC,LOCKED_DERIVED_IMPLEMENTATION,2026-09-05,2026-05-31,2026-09-05
ARU_GROUP-2026-00313,ARU_GROUP,2026,5,ARU,5000,Payroll and employer burden,139814,0,139814,2026 loaded payroll under source cost index and unchanged census,PAYROLL-2026,NONCASH_OR_OPENING,SYNTHETIC_CALIBRATION,PUBLIC_SYNTHETIC_DIEGETIC,LOCKED_DERIVED_IMPLEMENTATION,2026-09-05,2026-05-31,2026-09-05
ARU_GROUP-2026-00313,ARU_GROUP,2026,5,ARU,2000,Trade payables,0,139814,-139814,2026 loaded payroll under source cost index and unchanged census,PAYROLL-2026,NONCASH_OR_OPENING,SYNTHETIC_CALIBRATION,PUBLIC_SYNTHETIC_DIEGETIC,LOCKED_DERIVED_IMPLEMENTATION,2026-09-05,2026-05-31,2026-09-05
ARU_GROUP-2026-00314,ARU_GROUP,2026,5,ARU,5100,External operating cost,47303,0,47303,External suppliers under source cost index,OPEX-2026,NONCASH_OR_OPENING,SYNTHETIC_CALIBRATION,PUBLIC_SYNTHETIC_DIEGETIC,LOCKED_DERIVED_IMPLEMENTATION,2026-09-05,2026-05-31,2026-09-05
ARU_GROUP-2026-00314,ARU_GROUP,2026,5,ARU,2000,Trade payables,0,47303,-47303,External suppliers under source cost index,OPEX-2026,NONCASH_OR_OPENING,SYNTHETIC_CALIBRATION,PUBLIC_SYNTHETIC_DIEGETIC,LOCKED_DERIVED_IMPLEMENTATION,2026-09-05,2026-05-31,2026-09-05
ARU_GROUP-2026-00315,ARU_GROUP,2026,5,ARU,1200,Inventory cash cost,4500,0,4500,Forecast working capital purchases,WC26-inventory,NONCASH_OR_OPENING,SYNTHETIC_CALIBRATION,PUBLIC_SYNTHETIC_DIEGETIC,LOCKED_DERIVED_IMPLEMENTATION,2026-09-05,2026-05-31,2026-09-05
ARU_GROUP-2026-00315,ARU_GROUP,2026,5,ARU,2000,Trade payables,0,4500,-4500,Forecast working capital purchases,WC26-inventory,NONCASH_OR_OPENING,SYNTHETIC_CALIBRATION,PUBLIC_SYNTHETIC_DIEGETIC,LOCKED_DERIVED_IMPLEMENTATION,2026-09-05,2026-05-31,2026-09-05
ARU_GROUP-2026-00316,ARU_GROUP,2026,5,ARU,1300,Prepaids,1750,0,1750,Forecast working capital purchases,WC26-prepaids,NONCASH_OR_OPENING,SYNTHETIC_CALIBRATION,PUBLIC_SYNTHETIC_DIEGETIC,LOCKED_DERIVED_IMPLEMENTATION,2026-09-05,2026-05-31,2026-09-05
ARU_GROUP-2026-00316,ARU_GROUP,2026,5,ARU,2000,Trade payables,0,1750,-1750,Forecast working capital purchases,WC26-prepaids,NONCASH_OR_OPENING,SYNTHETIC_CALIBRATION,PUBLIC_SYNTHETIC_DIEGETIC,LOCKED_DERIVED_IMPLEMENTATION,2026-09-05,2026-05-31,2026-09-05
ARU_GROUP-2026-00317,ARU_GROUP,2026,5,ARU,2000,Trade payables,2500,0,2500,Operating accrual growth,WC26-ACCRUAL,NONCASH_OR_OPENING,SYNTHETIC_CALIBRATION,PUBLIC_SYNTHETIC_DIEGETIC,LOCKED_DERIVED_IMPLEMENTATION,2026-09-05,2026-05-31,2026-09-05
ARU_GROUP-2026-00317,ARU_GROUP,2026,5,ARU,2100,Operating accruals,0,2500,-2500,Operating accrual growth,WC26-ACCRUAL,NONCASH_OR_OPENING,SYNTHETIC_CALIBRATION,PUBLIC_SYNTHETIC_DIEGETIC,LOCKED_DERIVED_IMPLEMENTATION,2026-09-05,2026-05-31,2026-09-05
ARU_GROUP-2026-00318,ARU_GROUP,2026,5,ARU,1100,"External receivables, net of allowance",0,3840429,-3840429,External invoice collections,AR26,OPERATING,SYNTHETIC_CALIBRATION,PUBLIC_SYNTHETIC_DIEGETIC,LOCKED_DERIVED_IMPLEMENTATION,2026-09-05,2026-05-31,2026-09-05
ARU_GROUP-2026-00318,ARU_GROUP,2026,5,ARU,1000,Cash,3840429,0,3840429,External invoice collections,AR26,OPERATING,SYNTHETIC_CALIBRATION,PUBLIC_SYNTHETIC_DIEGETIC,LOCKED_DERIVED_IMPLEMENTATION,2026-09-05,2026-05-31,2026-09-05
ARU_GROUP-2026-00319,ARU_GROUP,2026,5,ARU,2000,Trade payables,2760084,0,2760084,Payroll/supplier settlement,AP26,OPERATING,SYNTHETIC_CALIBRATION,PUBLIC_SYNTHETIC_DIEGETIC,LOCKED_DERIVED_IMPLEMENTATION,2026-09-05,2026-05-31,2026-09-05
ARU_GROUP-2026-00319,ARU_GROUP,2026,5,ARU,1000,Cash,0,2760084,-2760084,Payroll/supplier settlement,AP26,OPERATING,SYNTHETIC_CALIBRATION,PUBLIC_SYNTHETIC_DIEGETIC,LOCKED_DERIVED_IMPLEMENTATION,2026-09-05,2026-05-31,2026-09-05
ARU_GROUP-2026-00320,ARU_GROUP,2026,5,ARU,5700,Retention and seller consulting,42466,0,42466,Retention compensation accrued by service days,RETENTION-POOL,NONCASH_OR_OPENING,SYNTHETIC_CALIBRATION,PUBLIC_SYNTHETIC_DIEGETIC,LOCKED_DERIVED_IMPLEMENTATION,2026-09-05,2026-05-31,2026-09-05
ARU_GROUP-2026-00320,ARU_GROUP,2026,5,ARU,2110,Retention compensation payable,0,42466,-42466,Retention compensation accrued by service days,RETENTION-POOL,NONCASH_OR_OPENING,SYNTHETIC_CALIBRATION,PUBLIC_SYNTHETIC_DIEGETIC,LOCKED_DERIVED_IMPLEMENTATION,2026-09-05,2026-05-31,2026-09-05
ARU_GROUP-2026-00321,ARU_GROUP,2026,5,ARU,5700,Retention and seller consulting,25550,0,25550,"Seller knowledge-transfer consulting, no operating authority",TOLMAN-CONSULTING,OPERATING,SYNTHETIC_CALIBRATION,PUBLIC_SYNTHETIC_DIEGETIC,LOCKED_DERIVED_IMPLEMENTATION,2026-09-05,2026-05-31,2026-09-05
ARU_GROUP-2026-00321,ARU_GROUP,2026,5,ARU,1000,Cash,0,25550,-25550,"Seller knowledge-transfer consulting, no operating authority",TOLMAN-CONSULTING,OPERATING,SYNTHETIC_CALIBRATION,PUBLIC_SYNTHETIC_DIEGETIC,LOCKED_DERIVED_IMPLEMENTATION,2026-09-05,2026-05-31,2026-09-05
ARU_GROUP-2026-00322,ARU_GROUP,2026,5,ARU,5400,Interest and financing fees,137765,0,137765,Term/lease interest and undrawn revolver fee,DEBT26,OPERATING,SYNTHETIC_CALIBRATION,PUBLIC_SYNTHETIC_DIEGETIC,LOCKED_DERIVED_IMPLEMENTATION,2026-09-05,2026-05-31,2026-09-05
ARU_GROUP-2026-00322,ARU_GROUP,2026,5,ARU,1000,Cash,0,137765,-137765,Term/lease interest and undrawn revolver fee,DEBT26,OPERATING,SYNTHETIC_CALIBRATION,PUBLIC_SYNTHETIC_DIEGETIC,LOCKED_DERIVED_IMPLEMENTATION,2026-09-05,2026-05-31,2026-09-05
ARU_GROUP-2026-00323,ARU_GROUP,2026,5,ARU,5400,Interest and financing fees,5000,0,5000,Debt issuance cost amortization,DEBT26-ISSUANCE,NONCASH_OR_OPENING,SYNTHETIC_CALIBRATION,PUBLIC_SYNTHETIC_DIEGETIC,LOCKED_DERIVED_IMPLEMENTATION,2026-09-05,2026-05-31,2026-09-05
ARU_GROUP-2026-00323,ARU_GROUP,2026,5,ARU,1700,"Debt issuance cost, contra term debt",0,5000,-5000,Debt issuance cost amortization,DEBT26-ISSUANCE,NONCASH_OR_OPENING,SYNTHETIC_CALIBRATION,PUBLIC_SYNTHETIC_DIEGETIC,LOCKED_DERIVED_IMPLEMENTATION,2026-09-05,2026-05-31,2026-09-05
ARU_GROUP-2026-00325,ARU_GROUP,2026,5,ARU,2600,Finance lease obligation,42466,0,42466,Finance lease principal,LEASE26,FINANCING,SYNTHETIC_CALIBRATION,PUBLIC_SYNTHETIC_DIEGETIC,LOCKED_DERIVED_IMPLEMENTATION,2026-09-05,2026-05-31,2026-09-05
ARU_GROUP-2026-00325,ARU_GROUP,2026,5,ARU,1000,Cash,0,42466,-42466,Finance lease principal,LEASE26,FINANCING,SYNTHETIC_CALIBRATION,PUBLIC_SYNTHETIC_DIEGETIC,LOCKED_DERIVED_IMPLEMENTATION,2026-09-05,2026-05-31,2026-09-05
ARU_GROUP-2026-00326,ARU_GROUP,2026,5,ARU,3000,Contributed equity,0,2150000,-2150000,Parent equity for catch-up and Phase 1 infrastructure,CAPITAL-FUNDING,FINANCING,SYNTHETIC_CALIBRATION,PUBLIC_SYNTHETIC_DIEGETIC,LOCKED_DERIVED_IMPLEMENTATION,2026-09-05,2026-05-31,2026-09-05
ARU_GROUP-2026-00326,ARU_GROUP,2026,5,ARU,1000,Cash,2150000,0,2150000,Parent equity for catch-up and Phase 1 infrastructure,CAPITAL-FUNDING,FINANCING,SYNTHETIC_CALIBRATION,PUBLIC_SYNTHETIC_DIEGETIC,LOCKED_DERIVED_IMPLEMENTATION,2026-09-05,2026-05-31,2026-09-05
ARU_GROUP-2026-00327,ARU_GROUP,2026,5,ARU,1400,PPE gross,2425000,0,2425000,Sustaining/catch-up/Phase 1 capital additions,CAPEX26,INVESTING,SYNTHETIC_CALIBRATION,PUBLIC_SYNTHETIC_DIEGETIC,LOCKED_DERIVED_IMPLEMENTATION,2026-09-05,2026-05-31,2026-09-05
ARU_GROUP-2026-00327,ARU_GROUP,2026,5,ARU,1000,Cash,0,2425000,-2425000,Sustaining/catch-up/Phase 1 capital additions,CAPEX26,INVESTING,SYNTHETIC_CALIBRATION,PUBLIC_SYNTHETIC_DIEGETIC,LOCKED_DERIVED_IMPLEMENTATION,2026-09-05,2026-05-31,2026-09-05
ARU_GROUP-2026-00328,ARU_GROUP,2026,5,ARU,5300,Depreciation in earnings,205856,0,205856,PPE depreciation and completed program assets,FIXED26,NONCASH_OR_OPENING,SYNTHETIC_CALIBRATION,PUBLIC_SYNTHETIC_DIEGETIC,LOCKED_DERIVED_IMPLEMENTATION,2026-09-05,2026-05-31,2026-09-05
ARU_GROUP-2026-00328,ARU_GROUP,2026,5,ARU,1490,Accumulated PPE depreciation,0,205856,-205856,PPE depreciation and completed program assets,FIXED26,NONCASH_OR_OPENING,SYNTHETIC_CALIBRATION,PUBLIC_SYNTHETIC_DIEGETIC,LOCKED_DERIVED_IMPLEMENTATION,2026-09-05,2026-05-31,2026-09-05
ARU_GROUP-2026-00329,ARU_GROUP,2026,5,ARU,5300,Depreciation in earnings,42466,0,42466,Retained finance lease ROU depreciation,LEASE26,NONCASH_OR_OPENING,SYNTHETIC_CALIBRATION,PUBLIC_SYNTHETIC_DIEGETIC,LOCKED_DERIVED_IMPLEMENTATION,2026-09-05,2026-05-31,2026-09-05
ARU_GROUP-2026-00329,ARU_GROUP,2026,5,ARU,1590,Accumulated finance lease ROU depreciation,0,42466,-42466,Retained finance lease ROU depreciation,LEASE26,NONCASH_OR_OPENING,SYNTHETIC_CALIBRATION,PUBLIC_SYNTHETIC_DIEGETIC,LOCKED_DERIVED_IMPLEMENTATION,2026-09-05,2026-05-31,2026-09-05
ARU_GROUP-2026-00330,ARU_GROUP,2026,5,ARU,5500,Modeled income tax,112083,0,112083,"Cumulative annual current tax, including tax-goodwill amortization",TAX26-CURRENT,NONCASH_OR_OPENING,SYNTHETIC_CALIBRATION,PUBLIC_SYNTHETIC_DIEGETIC,LOCKED_DERIVED_IMPLEMENTATION,2026-09-05,2026-05-31,2026-09-05
ARU_GROUP-2026-00330,ARU_GROUP,2026,5,ARU,2700,Current income tax payable / prepaid,0,112083,-112083,"Cumulative annual current tax, including tax-goodwill amortization",TAX26-CURRENT,NONCASH_OR_OPENING,SYNTHETIC_CALIBRATION,PUBLIC_SYNTHETIC_DIEGETIC,LOCKED_DERIVED_IMPLEMENTATION,2026-09-05,2026-05-31,2026-09-05
ARU_GROUP-2026-00331,ARU_GROUP,2026,5,ARU,5501,Deferred income tax expense,18056,0,18056,Deferred tax on section 197 goodwill tax/book basis difference,TAX26-DEFERRED,NONCASH_OR_OPENING,SYNTHETIC_CALIBRATION,PUBLIC_SYNTHETIC_DIEGETIC,LOCKED_DERIVED_IMPLEMENTATION,2026-09-05,2026-05-31,2026-09-05
ARU_GROUP-2026-00331,ARU_GROUP,2026,5,ARU,2250,Deferred tax liability on tax goodwill amortization,0,18056,-18056,Deferred tax on section 197 goodwill tax/book basis difference,TAX26-DEFERRED,NONCASH_OR_OPENING,SYNTHETIC_CALIBRATION,PUBLIC_SYNTHETIC_DIEGETIC,LOCKED_DERIVED_IMPLEMENTATION,2026-09-05,2026-05-31,2026-09-05
ARU_GROUP-2026-00332,ARU_GROUP,2026,5,ARU,1801,Deferred tax asset on interim modeled tax loss,0,26735,-26735,Interim modeled tax-loss asset supported by positive annual forecast,TAX26-INTERIM-LOSS,NONCASH_OR_OPENING,SYNTHETIC_CALIBRATION,PUBLIC_SYNTHETIC_DIEGETIC,LOCKED_DERIVED_IMPLEMENTATION,2026-09-05,2026-05-31,2026-09-05
ARU_GROUP-2026-00332,ARU_GROUP,2026,5,ARU,5501,Deferred income tax expense,26735,0,26735,Interim modeled tax-loss asset supported by positive annual forecast,TAX26-INTERIM-LOSS,NONCASH_OR_OPENING,SYNTHETIC_CALIBRATION,PUBLIC_SYNTHETIC_DIEGETIC,LOCKED_DERIVED_IMPLEMENTATION,2026-09-05,2026-05-31,2026-09-05
ARU_GROUP-2026-00334,ARU_GROUP,2026,6,BST,1100,"External receivables, net of allowance",298945,0,298945,External customer invoice under source price and volume indices,BST-2025-001,NONCASH_OR_OPENING,SYNTHETIC_CALIBRATION,PUBLIC_SYNTHETIC_DIEGETIC,LOCKED_DERIVED_IMPLEMENTATION,2026-09-05,2026-06-30,2026-09-05
ARU_GROUP-2026-00334,ARU_GROUP,2026,6,BST,4000,External revenue,0,298945,-298945,External customer invoice under source price and volume indices,BST-2025-001,NONCASH_OR_OPENING,SYNTHETIC_CALIBRATION,PUBLIC_SYNTHETIC_DIEGETIC,LOCKED_DERIVED_IMPLEMENTATION,2026-09-05,2026-06-30,2026-09-05
ARU_GROUP-2026-00335,ARU_GROUP,2026,6,BST,1100,"External receivables, net of allowance",129115,0,129115,External customer invoice under source price and volume indices,BST-2025-006,NONCASH_OR_OPENING,SYNTHETIC_CALIBRATION,PUBLIC_SYNTHETIC_DIEGETIC,LOCKED_DERIVED_IMPLEMENTATION,2026-09-05,2026-06-30,2026-09-05
ARU_GROUP-2026-00335,ARU_GROUP,2026,6,BST,4000,External revenue,0,129115,-129115,External customer invoice under source price and volume indices,BST-2025-006,NONCASH_OR_OPENING,SYNTHETIC_CALIBRATION,PUBLIC_SYNTHETIC_DIEGETIC,LOCKED_DERIVED_IMPLEMENTATION,2026-09-05,2026-06-30,2026-09-05
ARU_GROUP-2026-00336,ARU_GROUP,2026,6,BST,1100,"External receivables, net of allowance",223856,0,223856,External customer invoice under source price and volume indices,BST-2025-002,NONCASH_OR_OPENING,SYNTHETIC_CALIBRATION,PUBLIC_SYNTHETIC_DIEGETIC,LOCKED_DERIVED_IMPLEMENTATION,2026-09-05,2026-06-30,2026-09-05
ARU_GROUP-2026-00336,ARU_GROUP,2026,6,BST,4000,External revenue,0,223856,-223856,External customer invoice under source price and volume indices,BST-2025-002,NONCASH_OR_OPENING,SYNTHETIC_CALIBRATION,PUBLIC_SYNTHETIC_DIEGETIC,LOCKED_DERIVED_IMPLEMENTATION,2026-09-05,2026-06-30,2026-09-05
ARU_GROUP-2026-00337,ARU_GROUP,2026,6,BST,1100,"External receivables, net of allowance",100130,0,100130,External customer invoice under source price and volume indices,BST-2025-007,NONCASH_OR_OPENING,SYNTHETIC_CALIBRATION,PUBLIC_SYNTHETIC_DIEGETIC,LOCKED_DERIVED_IMPLEMENTATION,2026-09-05,2026-06-30,2026-09-05
ARU_GROUP-2026-00337,ARU_GROUP,2026,6,BST,4000,External revenue,0,100130,-100130,External customer invoice under source price and volume indices,BST-2025-007,NONCASH_OR_OPENING,SYNTHETIC_CALIBRATION,PUBLIC_SYNTHETIC_DIEGETIC,LOCKED_DERIVED_IMPLEMENTATION,2026-09-05,2026-06-30,2026-09-05
ARU_GROUP-2026-00338,ARU_GROUP,2026,6,BST,1100,"External receivables, net of allowance",115175,0,115175,External customer invoice under source price and volume indices,BST-2025-004,NONCASH_OR_OPENING,SYNTHETIC_CALIBRATION,PUBLIC_SYNTHETIC_DIEGETIC,LOCKED_DERIVED_IMPLEMENTATION,2026-09-05,2026-06-30,2026-09-05
ARU_GROUP-2026-00338,ARU_GROUP,2026,6,BST,4000,External revenue,0,115175,-115175,External customer invoice under source price and volume indices,BST-2025-004,NONCASH_OR_OPENING,SYNTHETIC_CALIBRATION,PUBLIC_SYNTHETIC_DIEGETIC,LOCKED_DERIVED_IMPLEMENTATION,2026-09-05,2026-06-30,2026-09-05
ARU_GROUP-2026-00339,ARU_GROUP,2026,6,BST,1100,"External receivables, net of allowance",58650,0,58650,External customer invoice under source price and volume indices,BST-2025-008,NONCASH_OR_OPENING,SYNTHETIC_CALIBRATION,PUBLIC_SYNTHETIC_DIEGETIC,LOCKED_DERIVED_IMPLEMENTATION,2026-09-05,2026-06-30,2026-09-05
ARU_GROUP-2026-00339,ARU_GROUP,2026,6,BST,4000,External revenue,0,58650,-58650,External customer invoice under source price and volume indices,BST-2025-008,NONCASH_OR_OPENING,SYNTHETIC_CALIBRATION,PUBLIC_SYNTHETIC_DIEGETIC,LOCKED_DERIVED_IMPLEMENTATION,2026-09-05,2026-06-30,2026-09-05
ARU_GROUP-2026-00340,ARU_GROUP,2026,6,BST,1100,"External receivables, net of allowance",136451,0,136451,External customer invoice under source price and volume indices,BST-2025-003,NONCASH_OR_OPENING,SYNTHETIC_CALIBRATION,PUBLIC_SYNTHETIC_DIEGETIC,LOCKED_DERIVED_IMPLEMENTATION,2026-09-05,2026-06-30,2026-09-05
ARU_GROUP-2026-00340,ARU_GROUP,2026,6,BST,4000,External revenue,0,136451,-136451,External customer invoice under source price and volume indices,BST-2025-003,NONCASH_OR_OPENING,SYNTHETIC_CALIBRATION,PUBLIC_SYNTHETIC_DIEGETIC,LOCKED_DERIVED_IMPLEMENTATION,2026-09-05,2026-06-30,2026-09-05
ARU_GROUP-2026-00341,ARU_GROUP,2026,6,BST,1100,"External receivables, net of allowance",72182,0,72182,External customer invoice under source price and volume indices,BST-2025-009,NONCASH_OR_OPENING,SYNTHETIC_CALIBRATION,PUBLIC_SYNTHETIC_DIEGETIC,LOCKED_DERIVED_IMPLEMENTATION,2026-09-05,2026-06-30,2026-09-05
ARU_GROUP-2026-00341,ARU_GROUP,2026,6,BST,4000,External revenue,0,72182,-72182,External customer invoice under source price and volume indices,BST-2025-009,NONCASH_OR_OPENING,SYNTHETIC_CALIBRATION,PUBLIC_SYNTHETIC_DIEGETIC,LOCKED_DERIVED_IMPLEMENTATION,2026-09-05,2026-06-30,2026-09-05
ARU_GROUP-2026-00342,ARU_GROUP,2026,6,BST,1100,"External receivables, net of allowance",66470,0,66470,External customer invoice under source price and volume indices,BST-2025-010,NONCASH_OR_OPENING,SYNTHETIC_CALIBRATION,PUBLIC_SYNTHETIC_DIEGETIC,LOCKED_DERIVED_IMPLEMENTATION,2026-09-05,2026-06-30,2026-09-05
ARU_GROUP-2026-00342,ARU_GROUP,2026,6,BST,4000,External revenue,0,66470,-66470,External customer invoice under source price and volume indices,BST-2025-010,NONCASH_OR_OPENING,SYNTHETIC_CALIBRATION,PUBLIC_SYNTHETIC_DIEGETIC,LOCKED_DERIVED_IMPLEMENTATION,2026-09-05,2026-06-30,2026-09-05
ARU_GROUP-2026-00343,ARU_GROUP,2026,6,BST,1100,"External receivables, net of allowance",36448,0,36448,External customer invoice under source price and volume indices,BST-2025-011,NONCASH_OR_OPENING,SYNTHETIC_CALIBRATION,PUBLIC_SYNTHETIC_DIEGETIC,LOCKED_DERIVED_IMPLEMENTATION,2026-09-05,2026-06-30,2026-09-05
ARU_GROUP-2026-00343,ARU_GROUP,2026,6,BST,4000,External revenue,0,36448,-36448,External customer invoice under source price and volume indices,BST-2025-011,NONCASH_OR_OPENING,SYNTHETIC_CALIBRATION,PUBLIC_SYNTHETIC_DIEGETIC,LOCKED_DERIVED_IMPLEMENTATION,2026-09-05,2026-06-30,2026-09-05
ARU_GROUP-2026-00344,ARU_GROUP,2026,6,BST,1100,"External receivables, net of allowance",110295,0,110295,External customer invoice under source price and volume indices,BST-2025-012,NONCASH_OR_OPENING,SYNTHETIC_CALIBRATION,PUBLIC_SYNTHETIC_DIEGETIC,LOCKED_DERIVED_IMPLEMENTATION,2026-09-05,2026-06-30,2026-09-05
ARU_GROUP-2026-00344,ARU_GROUP,2026,6,BST,4000,External revenue,0,110295,-110295,External customer invoice under source price and volume indices,BST-2025-012,NONCASH_OR_OPENING,SYNTHETIC_CALIBRATION,PUBLIC_SYNTHETIC_DIEGETIC,LOCKED_DERIVED_IMPLEMENTATION,2026-09-05,2026-06-30,2026-09-05
ARU_GROUP-2026-00345,ARU_GROUP,2026,6,BST,1100,"External receivables, net of allowance",69451,0,69451,External customer invoice under source price and volume indices,BST-2025-013,NONCASH_OR_OPENING,SYNTHETIC_CALIBRATION,PUBLIC_SYNTHETIC_DIEGETIC,LOCKED_DERIVED_IMPLEMENTATION,2026-09-05,2026-06-30,2026-09-05
ARU_GROUP-2026-00345,ARU_GROUP,2026,6,BST,4000,External revenue,0,69451,-69451,External customer invoice under source price and volume indices,BST-2025-013,NONCASH_OR_OPENING,SYNTHETIC_CALIBRATION,PUBLIC_SYNTHETIC_DIEGETIC,LOCKED_DERIVED_IMPLEMENTATION,2026-09-05,2026-06-30,2026-09-05
ARU_GROUP-2026-00346,ARU_GROUP,2026,6,TERMINALS,1100,"External receivables, net of allowance",123471,0,123471,External customer invoice under source price and volume indices,TRM-2025-001,NONCASH_OR_OPENING,SYNTHETIC_CALIBRATION,PUBLIC_SYNTHETIC_DIEGETIC,LOCKED_DERIVED_IMPLEMENTATION,2026-09-05,2026-06-30,2026-09-05
ARU_GROUP-2026-00346,ARU_GROUP,2026,6,TERMINALS,4000,External revenue,0,123471,-123471,External customer invoice under source price and volume indices,TRM-2025-001,NONCASH_OR_OPENING,SYNTHETIC_CALIBRATION,PUBLIC_SYNTHETIC_DIEGETIC,LOCKED_DERIVED_IMPLEMENTATION,2026-09-05,2026-06-30,2026-09-05
ARU_GROUP-2026-00347,ARU_GROUP,2026,6,TERMINALS,1100,"External receivables, net of allowance",120054,0,120054,External customer invoice under source price and volume indices,TRM-2025-002,NONCASH_OR_OPENING,SYNTHETIC_CALIBRATION,PUBLIC_SYNTHETIC_DIEGETIC,LOCKED_DERIVED_IMPLEMENTATION,2026-09-05,2026-06-30,2026-09-05
ARU_GROUP-2026-00347,ARU_GROUP,2026,6,TERMINALS,4000,External revenue,0,120054,-120054,External customer invoice under source price and volume indices,TRM-2025-002,NONCASH_OR_OPENING,SYNTHETIC_CALIBRATION,PUBLIC_SYNTHETIC_DIEGETIC,LOCKED_DERIVED_IMPLEMENTATION,2026-09-05,2026-06-30,2026-09-05
ARU_GROUP-2026-00348,ARU_GROUP,2026,6,TERMINALS,1100,"External receivables, net of allowance",165495,0,165495,External customer invoice under source price and volume indices,TRM-2025-003,NONCASH_OR_OPENING,SYNTHETIC_CALIBRATION,PUBLIC_SYNTHETIC_DIEGETIC,LOCKED_DERIVED_IMPLEMENTATION,2026-09-05,2026-06-30,2026-09-05
ARU_GROUP-2026-00348,ARU_GROUP,2026,6,TERMINALS,4000,External revenue,0,165495,-165495,External customer invoice under source price and volume indices,TRM-2025-003,NONCASH_OR_OPENING,SYNTHETIC_CALIBRATION,PUBLIC_SYNTHETIC_DIEGETIC,LOCKED_DERIVED_IMPLEMENTATION,2026-09-05,2026-06-30,2026-09-05
ARU_GROUP-2026-00349,ARU_GROUP,2026,6,TERMINALS,1100,"External receivables, net of allowance",165240,0,165240,External customer invoice under source price and volume indices,TRM-2025-014,NONCASH_OR_OPENING,SYNTHETIC_CALIBRATION,PUBLIC_SYNTHETIC_DIEGETIC,LOCKED_DERIVED_IMPLEMENTATION,2026-09-05,2026-06-30,2026-09-05
ARU_GROUP-2026-00349,ARU_GROUP,2026,6,TERMINALS,4000,External revenue,0,165240,-165240,External customer invoice under source price and volume indices,TRM-2025-014,NONCASH_OR_OPENING,SYNTHETIC_CALIBRATION,PUBLIC_SYNTHETIC_DIEGETIC,LOCKED_DERIVED_IMPLEMENTATION,2026-09-05,2026-06-30,2026-09-05
ARU_GROUP-2026-00350,ARU_GROUP,2026,6,TERMINALS,1100,"External receivables, net of allowance",162945,0,162945,External customer invoice under source price and volume indices,TRM-2025-015,NONCASH_OR_OPENING,SYNTHETIC_CALIBRATION,PUBLIC_SYNTHETIC_DIEGETIC,LOCKED_DERIVED_IMPLEMENTATION,2026-09-05,2026-06-30,2026-09-05
ARU_GROUP-2026-00350,ARU_GROUP,2026,6,TERMINALS,4000,External revenue,0,162945,-162945,External customer invoice under source price and volume indices,TRM-2025-015,NONCASH_OR_OPENING,SYNTHETIC_CALIBRATION,PUBLIC_SYNTHETIC_DIEGETIC,LOCKED_DERIVED_IMPLEMENTATION,2026-09-05,2026-06-30,2026-09-05
ARU_GROUP-2026-00351,ARU_GROUP,2026,6,TERMINALS,1100,"External receivables, net of allowance",157896,0,157896,External customer invoice under source price and volume indices,TRM-2025-016,NONCASH_OR_OPENING,SYNTHETIC_CALIBRATION,PUBLIC_SYNTHETIC_DIEGETIC,LOCKED_DERIVED_IMPLEMENTATION,2026-09-05,2026-06-30,2026-09-05
ARU_GROUP-2026-00351,ARU_GROUP,2026,6,TERMINALS,4000,External revenue,0,157896,-157896,External customer invoice under source price and volume indices,TRM-2025-016,NONCASH_OR_OPENING,SYNTHETIC_CALIBRATION,PUBLIC_SYNTHETIC_DIEGETIC,LOCKED_DERIVED_IMPLEMENTATION,2026-09-05,2026-06-30,2026-09-05
ARU_GROUP-2026-00352,ARU_GROUP,2026,6,TERMINALS,1100,"External receivables, net of allowance",151470,0,151470,External customer invoice under source price and volume indices,TRM-2025-017,NONCASH_OR_OPENING,SYNTHETIC_CALIBRATION,PUBLIC_SYNTHETIC_DIEGETIC,LOCKED_DERIVED_IMPLEMENTATION,2026-09-05,2026-06-30,2026-09-05
ARU_GROUP-2026-00352,ARU_GROUP,2026,6,TERMINALS,4000,External revenue,0,151470,-151470,External customer invoice under source price and volume indices,TRM-2025-017,NONCASH_OR_OPENING,SYNTHETIC_CALIBRATION,PUBLIC_SYNTHETIC_DIEGETIC,LOCKED_DERIVED_IMPLEMENTATION,2026-09-05,2026-06-30,2026-09-05
ARU_GROUP-2026-00353,ARU_GROUP,2026,6,TERMINALS,1100,"External receivables, net of allowance",146880,0,146880,External customer invoice under source price and volume indices,TRM-2025-018,NONCASH_OR_OPENING,SYNTHETIC_CALIBRATION,PUBLIC_SYNTHETIC_DIEGETIC,LOCKED_DERIVED_IMPLEMENTATION,2026-09-05,2026-06-30,2026-09-05
ARU_GROUP-2026-00353,ARU_GROUP,2026,6,TERMINALS,4000,External revenue,0,146880,-146880,External customer invoice under source price and volume indices,TRM-2025-018,NONCASH_OR_OPENING,SYNTHETIC_CALIBRATION,PUBLIC_SYNTHETIC_DIEGETIC,LOCKED_DERIVED_IMPLEMENTATION,2026-09-05,2026-06-30,2026-09-05
ARU_GROUP-2026-00354,ARU_GROUP,2026,6,TRUCKING,1100,"External receivables, net of allowance",131580,0,131580,External customer invoice under source price and volume indices,TRK-2025-004,NONCASH_OR_OPENING,SYNTHETIC_CALIBRATION,PUBLIC_SYNTHETIC_DIEGETIC,LOCKED_DERIVED_IMPLEMENTATION,2026-09-05,2026-06-30,2026-09-05
ARU_GROUP-2026-00354,ARU_GROUP,2026,6,TRUCKING,4000,External revenue,0,131580,-131580,External customer invoice under source price and volume indices,TRK-2025-004,NONCASH_OR_OPENING,SYNTHETIC_CALIBRATION,PUBLIC_SYNTHETIC_DIEGETIC,LOCKED_DERIVED_IMPLEMENTATION,2026-09-05,2026-06-30,2026-09-05
ARU_GROUP-2026-00355,ARU_GROUP,2026,6,TRUCKING,1100,"External receivables, net of allowance",149430,0,149430,External customer invoice under source price and volume indices,TRK-2025-019,NONCASH_OR_OPENING,SYNTHETIC_CALIBRATION,PUBLIC_SYNTHETIC_DIEGETIC,LOCKED_DERIVED_IMPLEMENTATION,2026-09-05,2026-06-30,2026-09-05
ARU_GROUP-2026-00355,ARU_GROUP,2026,6,TRUCKING,4000,External revenue,0,149430,-149430,External customer invoice under source price and volume indices,TRK-2025-019,NONCASH_OR_OPENING,SYNTHETIC_CALIBRATION,PUBLIC_SYNTHETIC_DIEGETIC,LOCKED_DERIVED_IMPLEMENTATION,2026-09-05,2026-06-30,2026-09-05
ARU_GROUP-2026-00356,ARU_GROUP,2026,6,TRUCKING,1100,"External receivables, net of allowance",143310,0,143310,External customer invoice under source price and volume indices,TRK-2025-020,NONCASH_OR_OPENING,SYNTHETIC_CALIBRATION,PUBLIC_SYNTHETIC_DIEGETIC,LOCKED_DERIVED_IMPLEMENTATION,2026-09-05,2026-06-30,2026-09-05
ARU_GROUP-2026-00356,ARU_GROUP,2026,6,TRUCKING,4000,External revenue,0,143310,-143310,External customer invoice under source price and volume indices,TRK-2025-020,NONCASH_OR_OPENING,SYNTHETIC_CALIBRATION,PUBLIC_SYNTHETIC_DIEGETIC,LOCKED_DERIVED_IMPLEMENTATION,2026-09-05,2026-06-30,2026-09-05
ARU_GROUP-2026-00357,ARU_GROUP,2026,6,TRUCKING,1100,"External receivables, net of allowance",136170,0,136170,External customer invoice under source price and volume indices,TRK-2025-021,NONCASH_OR_OPENING,SYNTHETIC_CALIBRATION,PUBLIC_SYNTHETIC_DIEGETIC,LOCKED_DERIVED_IMPLEMENTATION,2026-09-05,2026-06-30,2026-09-05
ARU_GROUP-2026-00357,ARU_GROUP,2026,6,TRUCKING,4000,External revenue,0,136170,-136170,External customer invoice under source price and volume indices,TRK-2025-021,NONCASH_OR_OPENING,SYNTHETIC_CALIBRATION,PUBLIC_SYNTHETIC_DIEGETIC,LOCKED_DERIVED_IMPLEMENTATION,2026-09-05,2026-06-30,2026-09-05
ARU_GROUP-2026-00358,ARU_GROUP,2026,6,TRUCKING,1100,"External receivables, net of allowance",128520,0,128520,External customer invoice under source price and volume indices,TRK-2025-022,NONCASH_OR_OPENING,SYNTHETIC_CALIBRATION,PUBLIC_SYNTHETIC_DIEGETIC,LOCKED_DERIVED_IMPLEMENTATION,2026-09-05,2026-06-30,2026-09-05
ARU_GROUP-2026-00358,ARU_GROUP,2026,6,TRUCKING,4000,External revenue,0,128520,-128520,External customer invoice under source price and volume indices,TRK-2025-022,NONCASH_OR_OPENING,SYNTHETIC_CALIBRATION,PUBLIC_SYNTHETIC_DIEGETIC,LOCKED_DERIVED_IMPLEMENTATION,2026-09-05,2026-06-30,2026-09-05
ARU_GROUP-2026-00359,ARU_GROUP,2026,6,WAREHOUSE,1100,"External receivables, net of allowance",223074,0,223074,External customer invoice under source price and volume indices,WHS-2025-005,NONCASH_OR_OPENING,SYNTHETIC_CALIBRATION,PUBLIC_SYNTHETIC_DIEGETIC,LOCKED_DERIVED_IMPLEMENTATION,2026-09-05,2026-06-30,2026-09-05
ARU_GROUP-2026-00359,ARU_GROUP,2026,6,WAREHOUSE,4000,External revenue,0,223074,-223074,External customer invoice under source price and volume indices,WHS-2025-005,NONCASH_OR_OPENING,SYNTHETIC_CALIBRATION,PUBLIC_SYNTHETIC_DIEGETIC,LOCKED_DERIVED_IMPLEMENTATION,2026-09-05,2026-06-30,2026-09-05
ARU_GROUP-2026-00360,ARU_GROUP,2026,6,WAREHOUSE,1100,"External receivables, net of allowance",118422,0,118422,External customer invoice under source price and volume indices,WHS-2025-023,NONCASH_OR_OPENING,SYNTHETIC_CALIBRATION,PUBLIC_SYNTHETIC_DIEGETIC,LOCKED_DERIVED_IMPLEMENTATION,2026-09-05,2026-06-30,2026-09-05
ARU_GROUP-2026-00360,ARU_GROUP,2026,6,WAREHOUSE,4000,External revenue,0,118422,-118422,External customer invoice under source price and volume indices,WHS-2025-023,NONCASH_OR_OPENING,SYNTHETIC_CALIBRATION,PUBLIC_SYNTHETIC_DIEGETIC,LOCKED_DERIVED_IMPLEMENTATION,2026-09-05,2026-06-30,2026-09-05
ARU_GROUP-2026-00361,ARU_GROUP,2026,6,WAREHOUSE,1100,"External receivables, net of allowance",110160,0,110160,External customer invoice under source price and volume indices,WHS-2025-024,NONCASH_OR_OPENING,SYNTHETIC_CALIBRATION,PUBLIC_SYNTHETIC_DIEGETIC,LOCKED_DERIVED_IMPLEMENTATION,2026-09-05,2026-06-30,2026-09-05
ARU_GROUP-2026-00361,ARU_GROUP,2026,6,WAREHOUSE,4000,External revenue,0,110160,-110160,External customer invoice under source price and volume indices,WHS-2025-024,NONCASH_OR_OPENING,SYNTHETIC_CALIBRATION,PUBLIC_SYNTHETIC_DIEGETIC,LOCKED_DERIVED_IMPLEMENTATION,2026-09-05,2026-06-30,2026-09-05
ARU_GROUP-2026-00362,ARU_GROUP,2026,6,WAREHOUSE,1100,"External receivables, net of allowance",99144,0,99144,External customer invoice under source price and volume indices,WHS-2025-025,NONCASH_OR_OPENING,SYNTHETIC_CALIBRATION,PUBLIC_SYNTHETIC_DIEGETIC,LOCKED_DERIVED_IMPLEMENTATION,2026-09-05,2026-06-30,2026-09-05
ARU_GROUP-2026-00362,ARU_GROUP,2026,6,WAREHOUSE,4000,External revenue,0,99144,-99144,External customer invoice under source price and volume indices,WHS-2025-025,NONCASH_OR_OPENING,SYNTHETIC_CALIBRATION,PUBLIC_SYNTHETIC_DIEGETIC,LOCKED_DERIVED_IMPLEMENTATION,2026-09-05,2026-06-30,2026-09-05
ARU_GROUP-2026-00363,ARU_GROUP,2026,6,BST,5000,Payroll and employer burden,501121,0,501121,2026 loaded payroll under source cost index and unchanged census,PAYROLL-2026,NONCASH_OR_OPENING,SYNTHETIC_CALIBRATION,PUBLIC_SYNTHETIC_DIEGETIC,LOCKED_DERIVED_IMPLEMENTATION,2026-09-05,2026-06-30,2026-09-05
ARU_GROUP-2026-00363,ARU_GROUP,2026,6,BST,2000,Trade payables,0,501121,-501121,2026 loaded payroll under source cost index and unchanged census,PAYROLL-2026,NONCASH_OR_OPENING,SYNTHETIC_CALIBRATION,PUBLIC_SYNTHETIC_DIEGETIC,LOCKED_DERIVED_IMPLEMENTATION,2026-09-05,2026-06-30,2026-09-05
ARU_GROUP-2026-00364,ARU_GROUP,2026,6,BST,5100,External operating cost,629304,0,629304,External suppliers under source cost index,OPEX-2026,NONCASH_OR_OPENING,SYNTHETIC_CALIBRATION,PUBLIC_SYNTHETIC_DIEGETIC,LOCKED_DERIVED_IMPLEMENTATION,2026-09-05,2026-06-30,2026-09-05
ARU_GROUP-2026-00364,ARU_GROUP,2026,6,BST,2000,Trade payables,0,629304,-629304,External suppliers under source cost index,OPEX-2026,NONCASH_OR_OPENING,SYNTHETIC_CALIBRATION,PUBLIC_SYNTHETIC_DIEGETIC,LOCKED_DERIVED_IMPLEMENTATION,2026-09-05,2026-06-30,2026-09-05
ARU_GROUP-2026-00365,ARU_GROUP,2026,6,BST,5900,Shared service allocation / recovery,71242,0,71242,Shared services allocated,ALLOC-2026,NONCASH_OR_OPENING,SYNTHETIC_CALIBRATION,PUBLIC_SYNTHETIC_DIEGETIC,LOCKED_DERIVED_IMPLEMENTATION,2026-09-05,2026-06-30,2026-09-05
ARU_GROUP-2026-00365,ARU_GROUP,2026,6,BST,2100,Operating accruals,0,71242,-71242,Shared services allocated,ALLOC-2026,NONCASH_OR_OPENING,SYNTHETIC_CALIBRATION,PUBLIC_SYNTHETIC_DIEGETIC,LOCKED_DERIVED_IMPLEMENTATION,2026-09-05,2026-06-30,2026-09-05
ARU_GROUP-2026-00366,ARU_GROUP,2026,6,ARU,2100,Operating accruals,71242,0,71242,Shared services recovered,ALLOC-2026,NONCASH_OR_OPENING,SYNTHETIC_CALIBRATION,PUBLIC_SYNTHETIC_DIEGETIC,LOCKED_DERIVED_IMPLEMENTATION,2026-09-05,2026-06-30,2026-09-05
ARU_GROUP-2026-00366,ARU_GROUP,2026,6,ARU,5900,Shared service allocation / recovery,0,71242,-71242,Shared services recovered,ALLOC-2026,NONCASH_OR_OPENING,SYNTHETIC_CALIBRATION,PUBLIC_SYNTHETIC_DIEGETIC,LOCKED_DERIVED_IMPLEMENTATION,2026-09-05,2026-06-30,2026-09-05
ARU_GROUP-2026-00367,ARU_GROUP,2026,6,TERMINALS,5000,Payroll and employer burden,194936,0,194936,2026 loaded payroll under source cost index and unchanged census,PAYROLL-2026,NONCASH_OR_OPENING,SYNTHETIC_CALIBRATION,PUBLIC_SYNTHETIC_DIEGETIC,LOCKED_DERIVED_IMPLEMENTATION,2026-09-05,2026-06-30,2026-09-05
ARU_GROUP-2026-00367,ARU_GROUP,2026,6,TERMINALS,2000,Trade payables,0,194936,-194936,2026 loaded payroll under source cost index and unchanged census,PAYROLL-2026,NONCASH_OR_OPENING,SYNTHETIC_CALIBRATION,PUBLIC_SYNTHETIC_DIEGETIC,LOCKED_DERIVED_IMPLEMENTATION,2026-09-05,2026-06-30,2026-09-05
ARU_GROUP-2026-00368,ARU_GROUP,2026,6,TERMINALS,5100,External operating cost,504606,0,504606,External suppliers under source cost index,OPEX-2026,NONCASH_OR_OPENING,SYNTHETIC_CALIBRATION,PUBLIC_SYNTHETIC_DIEGETIC,LOCKED_DERIVED_IMPLEMENTATION,2026-09-05,2026-06-30,2026-09-05
ARU_GROUP-2026-00368,ARU_GROUP,2026,6,TERMINALS,2000,Trade payables,0,504606,-504606,External suppliers under source cost index,OPEX-2026,NONCASH_OR_OPENING,SYNTHETIC_CALIBRATION,PUBLIC_SYNTHETIC_DIEGETIC,LOCKED_DERIVED_IMPLEMENTATION,2026-09-05,2026-06-30,2026-09-05
ARU_GROUP-2026-00369,ARU_GROUP,2026,6,TERMINALS,5900,Shared service allocation / recovery,47208,0,47208,Shared services allocated,ALLOC-2026,NONCASH_OR_OPENING,SYNTHETIC_CALIBRATION,PUBLIC_SYNTHETIC_DIEGETIC,LOCKED_DERIVED_IMPLEMENTATION,2026-09-05,2026-06-30,2026-09-05
ARU_GROUP-2026-00369,ARU_GROUP,2026,6,TERMINALS,2100,Operating accruals,0,47208,-47208,Shared services allocated,ALLOC-2026,NONCASH_OR_OPENING,SYNTHETIC_CALIBRATION,PUBLIC_SYNTHETIC_DIEGETIC,LOCKED_DERIVED_IMPLEMENTATION,2026-09-05,2026-06-30,2026-09-05
ARU_GROUP-2026-00370,ARU_GROUP,2026,6,ARU,2100,Operating accruals,47208,0,47208,Shared services recovered,ALLOC-2026,NONCASH_OR_OPENING,SYNTHETIC_CALIBRATION,PUBLIC_SYNTHETIC_DIEGETIC,LOCKED_DERIVED_IMPLEMENTATION,2026-09-05,2026-06-30,2026-09-05
ARU_GROUP-2026-00370,ARU_GROUP,2026,6,ARU,5900,Shared service allocation / recovery,0,47208,-47208,Shared services recovered,ALLOC-2026,NONCASH_OR_OPENING,SYNTHETIC_CALIBRATION,PUBLIC_SYNTHETIC_DIEGETIC,LOCKED_DERIVED_IMPLEMENTATION,2026-09-05,2026-06-30,2026-09-05
ARU_GROUP-2026-00371,ARU_GROUP,2026,6,TRUCKING,5000,Payroll and employer burden,188464,0,188464,2026 loaded payroll under source cost index and unchanged census,PAYROLL-2026,NONCASH_OR_OPENING,SYNTHETIC_CALIBRATION,PUBLIC_SYNTHETIC_DIEGETIC,LOCKED_DERIVED_IMPLEMENTATION,2026-09-05,2026-06-30,2026-09-05
ARU_GROUP-2026-00371,ARU_GROUP,2026,6,TRUCKING,2000,Trade payables,0,188464,-188464,2026 loaded payroll under source cost index and unchanged census,PAYROLL-2026,NONCASH_OR_OPENING,SYNTHETIC_CALIBRATION,PUBLIC_SYNTHETIC_DIEGETIC,LOCKED_DERIVED_IMPLEMENTATION,2026-09-05,2026-06-30,2026-09-05
ARU_GROUP-2026-00372,ARU_GROUP,2026,6,TRUCKING,5100,External operating cost,299069,0,299069,External suppliers under source cost index,OPEX-2026,NONCASH_OR_OPENING,SYNTHETIC_CALIBRATION,PUBLIC_SYNTHETIC_DIEGETIC,LOCKED_DERIVED_IMPLEMENTATION,2026-09-05,2026-06-30,2026-09-05
ARU_GROUP-2026-00372,ARU_GROUP,2026,6,TRUCKING,2000,Trade payables,0,299069,-299069,External suppliers under source cost index,OPEX-2026,NONCASH_OR_OPENING,SYNTHETIC_CALIBRATION,PUBLIC_SYNTHETIC_DIEGETIC,LOCKED_DERIVED_IMPLEMENTATION,2026-09-05,2026-06-30,2026-09-05
ARU_GROUP-2026-00373,ARU_GROUP,2026,6,TRUCKING,5900,Shared service allocation / recovery,27467,0,27467,Shared services allocated,ALLOC-2026,NONCASH_OR_OPENING,SYNTHETIC_CALIBRATION,PUBLIC_SYNTHETIC_DIEGETIC,LOCKED_DERIVED_IMPLEMENTATION,2026-09-05,2026-06-30,2026-09-05
ARU_GROUP-2026-00373,ARU_GROUP,2026,6,TRUCKING,2100,Operating accruals,0,27467,-27467,Shared services allocated,ALLOC-2026,NONCASH_OR_OPENING,SYNTHETIC_CALIBRATION,PUBLIC_SYNTHETIC_DIEGETIC,LOCKED_DERIVED_IMPLEMENTATION,2026-09-05,2026-06-30,2026-09-05
ARU_GROUP-2026-00374,ARU_GROUP,2026,6,ARU,2100,Operating accruals,27467,0,27467,Shared services recovered,ALLOC-2026,NONCASH_OR_OPENING,SYNTHETIC_CALIBRATION,PUBLIC_SYNTHETIC_DIEGETIC,LOCKED_DERIVED_IMPLEMENTATION,2026-09-05,2026-06-30,2026-09-05
ARU_GROUP-2026-00374,ARU_GROUP,2026,6,ARU,5900,Shared service allocation / recovery,0,27467,-27467,Shared services recovered,ALLOC-2026,NONCASH_OR_OPENING,SYNTHETIC_CALIBRATION,PUBLIC_SYNTHETIC_DIEGETIC,LOCKED_DERIVED_IMPLEMENTATION,2026-09-05,2026-06-30,2026-09-05
ARU_GROUP-2026-00375,ARU_GROUP,2026,6,WAREHOUSE,5000,Payroll and employer burden,89490,0,89490,2026 loaded payroll under source cost index and unchanged census,PAYROLL-2026,NONCASH_OR_OPENING,SYNTHETIC_CALIBRATION,PUBLIC_SYNTHETIC_DIEGETIC,LOCKED_DERIVED_IMPLEMENTATION,2026-09-05,2026-06-30,2026-09-05
ARU_GROUP-2026-00375,ARU_GROUP,2026,6,WAREHOUSE,2000,Trade payables,0,89490,-89490,2026 loaded payroll under source cost index and unchanged census,PAYROLL-2026,NONCASH_OR_OPENING,SYNTHETIC_CALIBRATION,PUBLIC_SYNTHETIC_DIEGETIC,LOCKED_DERIVED_IMPLEMENTATION,2026-09-05,2026-06-30,2026-09-05
ARU_GROUP-2026-00376,ARU_GROUP,2026,6,WAREHOUSE,5100,External operating cost,169727,0,169727,External suppliers under source cost index,OPEX-2026,NONCASH_OR_OPENING,SYNTHETIC_CALIBRATION,PUBLIC_SYNTHETIC_DIEGETIC,LOCKED_DERIVED_IMPLEMENTATION,2026-09-05,2026-06-30,2026-09-05
ARU_GROUP-2026-00376,ARU_GROUP,2026,6,WAREHOUSE,2000,Trade payables,0,169727,-169727,External suppliers under source cost index,OPEX-2026,NONCASH_OR_OPENING,SYNTHETIC_CALIBRATION,PUBLIC_SYNTHETIC_DIEGETIC,LOCKED_DERIVED_IMPLEMENTATION,2026-09-05,2026-06-30,2026-09-05
ARU_GROUP-2026-00377,ARU_GROUP,2026,6,WAREHOUSE,5900,Shared service allocation / recovery,24033,0,24033,Shared services allocated,ALLOC-2026,NONCASH_OR_OPENING,SYNTHETIC_CALIBRATION,PUBLIC_SYNTHETIC_DIEGETIC,LOCKED_DERIVED_IMPLEMENTATION,2026-09-05,2026-06-30,2026-09-05
ARU_GROUP-2026-00377,ARU_GROUP,2026,6,WAREHOUSE,2100,Operating accruals,0,24033,-24033,Shared services allocated,ALLOC-2026,NONCASH_OR_OPENING,SYNTHETIC_CALIBRATION,PUBLIC_SYNTHETIC_DIEGETIC,LOCKED_DERIVED_IMPLEMENTATION,2026-09-05,2026-06-30,2026-09-05
ARU_GROUP-2026-00378,ARU_GROUP,2026,6,ARU,2100,Operating accruals,24033,0,24033,Shared services recovered,ALLOC-2026,NONCASH_OR_OPENING,SYNTHETIC_CALIBRATION,PUBLIC_SYNTHETIC_DIEGETIC,LOCKED_DERIVED_IMPLEMENTATION,2026-09-05,2026-06-30,2026-09-05
ARU_GROUP-2026-00378,ARU_GROUP,2026,6,ARU,5900,Shared service allocation / recovery,0,24033,-24033,Shared services recovered,ALLOC-2026,NONCASH_OR_OPENING,SYNTHETIC_CALIBRATION,PUBLIC_SYNTHETIC_DIEGETIC,LOCKED_DERIVED_IMPLEMENTATION,2026-09-05,2026-06-30,2026-09-05
ARU_GROUP-2026-00379,ARU_GROUP,2026,6,ARU,5000,Payroll and employer burden,139814,0,139814,2026 loaded payroll under source cost index and unchanged census,PAYROLL-2026,NONCASH_OR_OPENING,SYNTHETIC_CALIBRATION,PUBLIC_SYNTHETIC_DIEGETIC,LOCKED_DERIVED_IMPLEMENTATION,2026-09-05,2026-06-30,2026-09-05
ARU_GROUP-2026-00379,ARU_GROUP,2026,6,ARU,2000,Trade payables,0,139814,-139814,2026 loaded payroll under source cost index and unchanged census,PAYROLL-2026,NONCASH_OR_OPENING,SYNTHETIC_CALIBRATION,PUBLIC_SYNTHETIC_DIEGETIC,LOCKED_DERIVED_IMPLEMENTATION,2026-09-05,2026-06-30,2026-09-05
ARU_GROUP-2026-00380,ARU_GROUP,2026,6,ARU,5100,External operating cost,47303,0,47303,External suppliers under source cost index,OPEX-2026,NONCASH_OR_OPENING,SYNTHETIC_CALIBRATION,PUBLIC_SYNTHETIC_DIEGETIC,LOCKED_DERIVED_IMPLEMENTATION,2026-09-05,2026-06-30,2026-09-05
ARU_GROUP-2026-00380,ARU_GROUP,2026,6,ARU,2000,Trade payables,0,47303,-47303,External suppliers under source cost index,OPEX-2026,NONCASH_OR_OPENING,SYNTHETIC_CALIBRATION,PUBLIC_SYNTHETIC_DIEGETIC,LOCKED_DERIVED_IMPLEMENTATION,2026-09-05,2026-06-30,2026-09-05
ARU_GROUP-2026-00381,ARU_GROUP,2026,6,ARU,1200,Inventory cash cost,4500,0,4500,Forecast working capital purchases,WC26-inventory,NONCASH_OR_OPENING,SYNTHETIC_CALIBRATION,PUBLIC_SYNTHETIC_DIEGETIC,LOCKED_DERIVED_IMPLEMENTATION,2026-09-05,2026-06-30,2026-09-05
ARU_GROUP-2026-00381,ARU_GROUP,2026,6,ARU,2000,Trade payables,0,4500,-4500,Forecast working capital purchases,WC26-inventory,NONCASH_OR_OPENING,SYNTHETIC_CALIBRATION,PUBLIC_SYNTHETIC_DIEGETIC,LOCKED_DERIVED_IMPLEMENTATION,2026-09-05,2026-06-30,2026-09-05
ARU_GROUP-2026-00382,ARU_GROUP,2026,6,ARU,1300,Prepaids,1750,0,1750,Forecast working capital purchases,WC26-prepaids,NONCASH_OR_OPENING,SYNTHETIC_CALIBRATION,PUBLIC_SYNTHETIC_DIEGETIC,LOCKED_DERIVED_IMPLEMENTATION,2026-09-05,2026-06-30,2026-09-05
ARU_GROUP-2026-00382,ARU_GROUP,2026,6,ARU,2000,Trade payables,0,1750,-1750,Forecast working capital purchases,WC26-prepaids,NONCASH_OR_OPENING,SYNTHETIC_CALIBRATION,PUBLIC_SYNTHETIC_DIEGETIC,LOCKED_DERIVED_IMPLEMENTATION,2026-09-05,2026-06-30,2026-09-05
ARU_GROUP-2026-00383,ARU_GROUP,2026,6,ARU,2000,Trade payables,2500,0,2500,Operating accrual growth,WC26-ACCRUAL,NONCASH_OR_OPENING,SYNTHETIC_CALIBRATION,PUBLIC_SYNTHETIC_DIEGETIC,LOCKED_DERIVED_IMPLEMENTATION,2026-09-05,2026-06-30,2026-09-05
ARU_GROUP-2026-00383,ARU_GROUP,2026,6,ARU,2100,Operating accruals,0,2500,-2500,Operating accrual growth,WC26-ACCRUAL,NONCASH_OR_OPENING,SYNTHETIC_CALIBRATION,PUBLIC_SYNTHETIC_DIEGETIC,LOCKED_DERIVED_IMPLEMENTATION,2026-09-05,2026-06-30,2026-09-05
ARU_GROUP-2026-00384,ARU_GROUP,2026,6,ARU,1100,"External receivables, net of allowance",0,3840429,-3840429,External invoice collections,AR26,OPERATING,SYNTHETIC_CALIBRATION,PUBLIC_SYNTHETIC_DIEGETIC,LOCKED_DERIVED_IMPLEMENTATION,2026-09-05,2026-06-30,2026-09-05
ARU_GROUP-2026-00384,ARU_GROUP,2026,6,ARU,1000,Cash,3840429,0,3840429,External invoice collections,AR26,OPERATING,SYNTHETIC_CALIBRATION,PUBLIC_SYNTHETIC_DIEGETIC,LOCKED_DERIVED_IMPLEMENTATION,2026-09-05,2026-06-30,2026-09-05
ARU_GROUP-2026-00385,ARU_GROUP,2026,6,ARU,2000,Trade payables,2760084,0,2760084,Payroll/supplier settlement,AP26,OPERATING,SYNTHETIC_CALIBRATION,PUBLIC_SYNTHETIC_DIEGETIC,LOCKED_DERIVED_IMPLEMENTATION,2026-09-05,2026-06-30,2026-09-05
ARU_GROUP-2026-00385,ARU_GROUP,2026,6,ARU,1000,Cash,0,2760084,-2760084,Payroll/supplier settlement,AP26,OPERATING,SYNTHETIC_CALIBRATION,PUBLIC_SYNTHETIC_DIEGETIC,LOCKED_DERIVED_IMPLEMENTATION,2026-09-05,2026-06-30,2026-09-05
ARU_GROUP-2026-00386,ARU_GROUP,2026,6,TERMINALS,5200,Incremental interface external operating cost,20000,0,20000,Noncapital commissioning and training,IC-COMMISSION,OPERATING,SYNTHETIC_CALIBRATION,PUBLIC_SYNTHETIC_DIEGETIC,LOCKED_DERIVED_IMPLEMENTATION,2026-09-05,2026-06-30,2026-09-05
ARU_GROUP-2026-00386,ARU_GROUP,2026,6,TERMINALS,1000,Cash,0,20000,-20000,Noncapital commissioning and training,IC-COMMISSION,OPERATING,SYNTHETIC_CALIBRATION,PUBLIC_SYNTHETIC_DIEGETIC,LOCKED_DERIVED_IMPLEMENTATION,2026-09-05,2026-06-30,2026-09-05
ARU_GROUP-2026-00387,ARU_GROUP,2026,6,ARU,5700,Retention and seller consulting,41096,0,41096,Retention compensation accrued by service days,RETENTION-POOL,NONCASH_OR_OPENING,SYNTHETIC_CALIBRATION,PUBLIC_SYNTHETIC_DIEGETIC,LOCKED_DERIVED_IMPLEMENTATION,2026-09-05,2026-06-30,2026-09-05
ARU_GROUP-2026-00387,ARU_GROUP,2026,6,ARU,2110,Retention compensation payable,0,41096,-41096,Retention compensation accrued by service days,RETENTION-POOL,NONCASH_OR_OPENING,SYNTHETIC_CALIBRATION,PUBLIC_SYNTHETIC_DIEGETIC,LOCKED_DERIVED_IMPLEMENTATION,2026-09-05,2026-06-30,2026-09-05
ARU_GROUP-2026-00388,ARU_GROUP,2026,6,ARU,5700,Retention and seller consulting,24725,0,24725,"Seller knowledge-transfer consulting, no operating authority",TOLMAN-CONSULTING,OPERATING,SYNTHETIC_CALIBRATION,PUBLIC_SYNTHETIC_DIEGETIC,LOCKED_DERIVED_IMPLEMENTATION,2026-09-05,2026-06-30,2026-09-05
ARU_GROUP-2026-00388,ARU_GROUP,2026,6,ARU,1000,Cash,0,24725,-24725,"Seller knowledge-transfer consulting, no operating authority",TOLMAN-CONSULTING,OPERATING,SYNTHETIC_CALIBRATION,PUBLIC_SYNTHETIC_DIEGETIC,LOCKED_DERIVED_IMPLEMENTATION,2026-09-05,2026-06-30,2026-09-05
ARU_GROUP-2026-00389,ARU_GROUP,2026,6,ARU,5400,Interest and financing fees,133148,0,133148,Term/lease interest and undrawn revolver fee,DEBT26,OPERATING,SYNTHETIC_CALIBRATION,PUBLIC_SYNTHETIC_DIEGETIC,LOCKED_DERIVED_IMPLEMENTATION,2026-09-05,2026-06-30,2026-09-05
ARU_GROUP-2026-00389,ARU_GROUP,2026,6,ARU,1000,Cash,0,133148,-133148,Term/lease interest and undrawn revolver fee,DEBT26,OPERATING,SYNTHETIC_CALIBRATION,PUBLIC_SYNTHETIC_DIEGETIC,LOCKED_DERIVED_IMPLEMENTATION,2026-09-05,2026-06-30,2026-09-05
ARU_GROUP-2026-00390,ARU_GROUP,2026,6,ARU,5400,Interest and financing fees,5000,0,5000,Debt issuance cost amortization,DEBT26-ISSUANCE,NONCASH_OR_OPENING,SYNTHETIC_CALIBRATION,PUBLIC_SYNTHETIC_DIEGETIC,LOCKED_DERIVED_IMPLEMENTATION,2026-09-05,2026-06-30,2026-09-05
ARU_GROUP-2026-00390,ARU_GROUP,2026,6,ARU,1700,"Debt issuance cost, contra term debt",0,5000,-5000,Debt issuance cost amortization,DEBT26-ISSUANCE,NONCASH_OR_OPENING,SYNTHETIC_CALIBRATION,PUBLIC_SYNTHETIC_DIEGETIC,LOCKED_DERIVED_IMPLEMENTATION,2026-09-05,2026-06-30,2026-09-05
ARU_GROUP-2026-00392,ARU_GROUP,2026,6,ARU,2600,Finance lease obligation,41096,0,41096,Finance lease principal,LEASE26,FINANCING,SYNTHETIC_CALIBRATION,PUBLIC_SYNTHETIC_DIEGETIC,LOCKED_DERIVED_IMPLEMENTATION,2026-09-05,2026-06-30,2026-09-05
ARU_GROUP-2026-00392,ARU_GROUP,2026,6,ARU,1000,Cash,0,41096,-41096,Finance lease principal,LEASE26,FINANCING,SYNTHETIC_CALIBRATION,PUBLIC_SYNTHETIC_DIEGETIC,LOCKED_DERIVED_IMPLEMENTATION,2026-09-05,2026-06-30,2026-09-05
ARU_GROUP-2026-00393,ARU_GROUP,2026,6,ARU,3000,Contributed equity,0,2150000,-2150000,Parent equity for catch-up and Phase 1 infrastructure,CAPITAL-FUNDING,FINANCING,SYNTHETIC_CALIBRATION,PUBLIC_SYNTHETIC_DIEGETIC,LOCKED_DERIVED_IMPLEMENTATION,2026-09-05,2026-06-30,2026-09-05
ARU_GROUP-2026-00393,ARU_GROUP,2026,6,ARU,1000,Cash,2150000,0,2150000,Parent equity for catch-up and Phase 1 infrastructure,CAPITAL-FUNDING,FINANCING,SYNTHETIC_CALIBRATION,PUBLIC_SYNTHETIC_DIEGETIC,LOCKED_DERIVED_IMPLEMENTATION,2026-09-05,2026-06-30,2026-09-05
ARU_GROUP-2026-00394,ARU_GROUP,2026,6,ARU,1400,PPE gross,2425000,0,2425000,Sustaining/catch-up/Phase 1 capital additions,CAPEX26,INVESTING,SYNTHETIC_CALIBRATION,PUBLIC_SYNTHETIC_DIEGETIC,LOCKED_DERIVED_IMPLEMENTATION,2026-09-05,2026-06-30,2026-09-05
ARU_GROUP-2026-00394,ARU_GROUP,2026,6,ARU,1000,Cash,0,2425000,-2425000,Sustaining/catch-up/Phase 1 capital additions,CAPEX26,INVESTING,SYNTHETIC_CALIBRATION,PUBLIC_SYNTHETIC_DIEGETIC,LOCKED_DERIVED_IMPLEMENTATION,2026-09-05,2026-06-30,2026-09-05
ARU_GROUP-2026-00395,ARU_GROUP,2026,6,ARU,5300,Depreciation in earnings,208506,0,208506,PPE depreciation and completed program assets,FIXED26,NONCASH_OR_OPENING,SYNTHETIC_CALIBRATION,PUBLIC_SYNTHETIC_DIEGETIC,LOCKED_DERIVED_IMPLEMENTATION,2026-09-05,2026-06-30,2026-09-05
ARU_GROUP-2026-00395,ARU_GROUP,2026,6,ARU,1490,Accumulated PPE depreciation,0,208506,-208506,PPE depreciation and completed program assets,FIXED26,NONCASH_OR_OPENING,SYNTHETIC_CALIBRATION,PUBLIC_SYNTHETIC_DIEGETIC,LOCKED_DERIVED_IMPLEMENTATION,2026-09-05,2026-06-30,2026-09-05
ARU_GROUP-2026-00396,ARU_GROUP,2026,6,ARU,5300,Depreciation in earnings,41096,0,41096,Retained finance lease ROU depreciation,LEASE26,NONCASH_OR_OPENING,SYNTHETIC_CALIBRATION,PUBLIC_SYNTHETIC_DIEGETIC,LOCKED_DERIVED_IMPLEMENTATION,2026-09-05,2026-06-30,2026-09-05
ARU_GROUP-2026-00396,ARU_GROUP,2026,6,ARU,1590,Accumulated finance lease ROU depreciation,0,41096,-41096,Retained finance lease ROU depreciation,LEASE26,NONCASH_OR_OPENING,SYNTHETIC_CALIBRATION,PUBLIC_SYNTHETIC_DIEGETIC,LOCKED_DERIVED_IMPLEMENTATION,2026-09-05,2026-06-30,2026-09-05
ARU_GROUP-2026-00397,ARU_GROUP,2026,6,ARU,5500,Modeled income tax,135200,0,135200,"Cumulative annual current tax, including tax-goodwill amortization",TAX26-CURRENT,NONCASH_OR_OPENING,SYNTHETIC_CALIBRATION,PUBLIC_SYNTHETIC_DIEGETIC,LOCKED_DERIVED_IMPLEMENTATION,2026-09-05,2026-06-30,2026-09-05
ARU_GROUP-2026-00397,ARU_GROUP,2026,6,ARU,2700,Current income tax payable / prepaid,0,135200,-135200,"Cumulative annual current tax, including tax-goodwill amortization",TAX26-CURRENT,NONCASH_OR_OPENING,SYNTHETIC_CALIBRATION,PUBLIC_SYNTHETIC_DIEGETIC,LOCKED_DERIVED_IMPLEMENTATION,2026-09-05,2026-06-30,2026-09-05
ARU_GROUP-2026-00398,ARU_GROUP,2026,6,ARU,5501,Deferred income tax expense,18055,0,18055,Deferred tax on section 197 goodwill tax/book basis difference,TAX26-DEFERRED,NONCASH_OR_OPENING,SYNTHETIC_CALIBRATION,PUBLIC_SYNTHETIC_DIEGETIC,LOCKED_DERIVED_IMPLEMENTATION,2026-09-05,2026-06-30,2026-09-05
ARU_GROUP-2026-00398,ARU_GROUP,2026,6,ARU,2250,Deferred tax liability on tax goodwill amortization,0,18055,-18055,Deferred tax on section 197 goodwill tax/book basis difference,TAX26-DEFERRED,NONCASH_OR_OPENING,SYNTHETIC_CALIBRATION,PUBLIC_SYNTHETIC_DIEGETIC,LOCKED_DERIVED_IMPLEMENTATION,2026-09-05,2026-06-30,2026-09-05
ARU_GROUP-2026-00400,ARU_GROUP,2026,6,ARU,2700,Current income tax payable / prepaid,247283,0,247283,"Quarter-end estimated income-tax payment; overpayments carried, no instant refund",TAX26-PAYMENT,OPERATING,SYNTHETIC_CALIBRATION,PUBLIC_SYNTHETIC_DIEGETIC,LOCKED_DERIVED_IMPLEMENTATION,2026-09-05,2026-06-30,2026-09-05
ARU_GROUP-2026-00400,ARU_GROUP,2026,6,ARU,1000,Cash,0,247283,-247283,"Quarter-end estimated income-tax payment; overpayments carried, no instant refund",TAX26-PAYMENT,OPERATING,SYNTHETIC_CALIBRATION,PUBLIC_SYNTHETIC_DIEGETIC,LOCKED_DERIVED_IMPLEMENTATION,2026-09-05,2026-06-30,2026-09-05
ARU_GROUP-2026-00401,ARU_GROUP,2026,7,BST,1100,"External receivables, net of allowance",298945,0,298945,External customer invoice under source price and volume indices,BST-2025-001,NONCASH_OR_OPENING,SYNTHETIC_CALIBRATION,PUBLIC_SYNTHETIC_DIEGETIC,LOCKED_DERIVED_IMPLEMENTATION,2026-09-05,2026-07-31,2026-09-05
ARU_GROUP-2026-00401,ARU_GROUP,2026,7,BST,4000,External revenue,0,298945,-298945,External customer invoice under source price and volume indices,BST-2025-001,NONCASH_OR_OPENING,SYNTHETIC_CALIBRATION,PUBLIC_SYNTHETIC_DIEGETIC,LOCKED_DERIVED_IMPLEMENTATION,2026-09-05,2026-07-31,2026-09-05
ARU_GROUP-2026-00402,ARU_GROUP,2026,7,BST,1100,"External receivables, net of allowance",127712,0,127712,External customer invoice under source price and volume indices,BST-2025-006,NONCASH_OR_OPENING,SYNTHETIC_CALIBRATION,PUBLIC_SYNTHETIC_DIEGETIC,LOCKED_DERIVED_IMPLEMENTATION,2026-09-05,2026-07-31,2026-09-05
ARU_GROUP-2026-00402,ARU_GROUP,2026,7,BST,4000,External revenue,0,127712,-127712,External customer invoice under source price and volume indices,BST-2025-006,NONCASH_OR_OPENING,SYNTHETIC_CALIBRATION,PUBLIC_SYNTHETIC_DIEGETIC,LOCKED_DERIVED_IMPLEMENTATION,2026-09-05,2026-07-31,2026-09-05
ARU_GROUP-2026-00403,ARU_GROUP,2026,7,BST,1100,"External receivables, net of allowance",221867,0,221867,External customer invoice under source price and volume indices,BST-2025-002,NONCASH_OR_OPENING,SYNTHETIC_CALIBRATION,PUBLIC_SYNTHETIC_DIEGETIC,LOCKED_DERIVED_IMPLEMENTATION,2026-09-05,2026-07-31,2026-09-05
ARU_GROUP-2026-00403,ARU_GROUP,2026,7,BST,4000,External revenue,0,221867,-221867,External customer invoice under source price and volume indices,BST-2025-002,NONCASH_OR_OPENING,SYNTHETIC_CALIBRATION,PUBLIC_SYNTHETIC_DIEGETIC,LOCKED_DERIVED_IMPLEMENTATION,2026-09-05,2026-07-31,2026-09-05
ARU_GROUP-2026-00404,ARU_GROUP,2026,7,BST,1100,"External receivables, net of allowance",100130,0,100130,External customer invoice under source price and volume indices,BST-2025-007,NONCASH_OR_OPENING,SYNTHETIC_CALIBRATION,PUBLIC_SYNTHETIC_DIEGETIC,LOCKED_DERIVED_IMPLEMENTATION,2026-09-05,2026-07-31,2026-09-05
ARU_GROUP-2026-00404,ARU_GROUP,2026,7,BST,4000,External revenue,0,100130,-100130,External customer invoice under source price and volume indices,BST-2025-007,NONCASH_OR_OPENING,SYNTHETIC_CALIBRATION,PUBLIC_SYNTHETIC_DIEGETIC,LOCKED_DERIVED_IMPLEMENTATION,2026-09-05,2026-07-31,2026-09-05
ARU_GROUP-2026-00405,ARU_GROUP,2026,7,BST,1100,"External receivables, net of allowance",115175,0,115175,External customer invoice under source price and volume indices,BST-2025-004,NONCASH_OR_OPENING,SYNTHETIC_CALIBRATION,PUBLIC_SYNTHETIC_DIEGETIC,LOCKED_DERIVED_IMPLEMENTATION,2026-09-05,2026-07-31,2026-09-05
ARU_GROUP-2026-00405,ARU_GROUP,2026,7,BST,4000,External revenue,0,115175,-115175,External customer invoice under source price and volume indices,BST-2025-004,NONCASH_OR_OPENING,SYNTHETIC_CALIBRATION,PUBLIC_SYNTHETIC_DIEGETIC,LOCKED_DERIVED_IMPLEMENTATION,2026-09-05,2026-07-31,2026-09-05
ARU_GROUP-2026-00406,ARU_GROUP,2026,7,BST,1100,"External receivables, net of allowance",57375,0,57375,External customer invoice under source price and volume indices,BST-2025-008,NONCASH_OR_OPENING,SYNTHETIC_CALIBRATION,PUBLIC_SYNTHETIC_DIEGETIC,LOCKED_DERIVED_IMPLEMENTATION,2026-09-05,2026-07-31,2026-09-05
ARU_GROUP-2026-00406,ARU_GROUP,2026,7,BST,4000,External revenue,0,57375,-57375,External customer invoice under source price and volume indices,BST-2025-008,NONCASH_OR_OPENING,SYNTHETIC_CALIBRATION,PUBLIC_SYNTHETIC_DIEGETIC,LOCKED_DERIVED_IMPLEMENTATION,2026-09-05,2026-07-31,2026-09-05
ARU_GROUP-2026-00407,ARU_GROUP,2026,7,BST,1100,"External receivables, net of allowance",136451,0,136451,External customer invoice under source price and volume indices,BST-2025-003,NONCASH_OR_OPENING,SYNTHETIC_CALIBRATION,PUBLIC_SYNTHETIC_DIEGETIC,LOCKED_DERIVED_IMPLEMENTATION,2026-09-05,2026-07-31,2026-09-05
ARU_GROUP-2026-00407,ARU_GROUP,2026,7,BST,4000,External revenue,0,136451,-136451,External customer invoice under source price and volume indices,BST-2025-003,NONCASH_OR_OPENING,SYNTHETIC_CALIBRATION,PUBLIC_SYNTHETIC_DIEGETIC,LOCKED_DERIVED_IMPLEMENTATION,2026-09-05,2026-07-31,2026-09-05
ARU_GROUP-2026-00408,ARU_GROUP,2026,7,BST,1100,"External receivables, net of allowance",70219,0,70219,External customer invoice under source price and volume indices,BST-2025-009,NONCASH_OR_OPENING,SYNTHETIC_CALIBRATION,PUBLIC_SYNTHETIC_DIEGETIC,LOCKED_DERIVED_IMPLEMENTATION,2026-09-05,2026-07-31,2026-09-05
ARU_GROUP-2026-00408,ARU_GROUP,2026,7,BST,4000,External revenue,0,70219,-70219,External customer invoice under source price and volume indices,BST-2025-009,NONCASH_OR_OPENING,SYNTHETIC_CALIBRATION,PUBLIC_SYNTHETIC_DIEGETIC,LOCKED_DERIVED_IMPLEMENTATION,2026-09-05,2026-07-31,2026-09-05
ARU_GROUP-2026-00409,ARU_GROUP,2026,7,BST,1100,"External receivables, net of allowance",66470,0,66470,External customer invoice under source price and volume indices,BST-2025-010,NONCASH_OR_OPENING,SYNTHETIC_CALIBRATION,PUBLIC_SYNTHETIC_DIEGETIC,LOCKED_DERIVED_IMPLEMENTATION,2026-09-05,2026-07-31,2026-09-05
ARU_GROUP-2026-00409,ARU_GROUP,2026,7,BST,4000,External revenue,0,66470,-66470,External customer invoice under source price and volume indices,BST-2025-010,NONCASH_OR_OPENING,SYNTHETIC_CALIBRATION,PUBLIC_SYNTHETIC_DIEGETIC,LOCKED_DERIVED_IMPLEMENTATION,2026-09-05,2026-07-31,2026-09-05
ARU_GROUP-2026-00410,ARU_GROUP,2026,7,BST,1100,"External receivables, net of allowance",35122,0,35122,External customer invoice under source price and volume indices,BST-2025-011,NONCASH_OR_OPENING,SYNTHETIC_CALIBRATION,PUBLIC_SYNTHETIC_DIEGETIC,LOCKED_DERIVED_IMPLEMENTATION,2026-09-05,2026-07-31,2026-09-05
ARU_GROUP-2026-00410,ARU_GROUP,2026,7,BST,4000,External revenue,0,35122,-35122,External customer invoice under source price and volume indices,BST-2025-011,NONCASH_OR_OPENING,SYNTHETIC_CALIBRATION,PUBLIC_SYNTHETIC_DIEGETIC,LOCKED_DERIVED_IMPLEMENTATION,2026-09-05,2026-07-31,2026-09-05
ARU_GROUP-2026-00411,ARU_GROUP,2026,7,BST,1100,"External receivables, net of allowance",108627,0,108627,External customer invoice under source price and volume indices,BST-2025-012,NONCASH_OR_OPENING,SYNTHETIC_CALIBRATION,PUBLIC_SYNTHETIC_DIEGETIC,LOCKED_DERIVED_IMPLEMENTATION,2026-09-05,2026-07-31,2026-09-05
ARU_GROUP-2026-00411,ARU_GROUP,2026,7,BST,4000,External revenue,0,108627,-108627,External customer invoice under source price and volume indices,BST-2025-012,NONCASH_OR_OPENING,SYNTHETIC_CALIBRATION,PUBLIC_SYNTHETIC_DIEGETIC,LOCKED_DERIVED_IMPLEMENTATION,2026-09-05,2026-07-31,2026-09-05
ARU_GROUP-2026-00412,ARU_GROUP,2026,7,BST,1100,"External receivables, net of allowance",69451,0,69451,External customer invoice under source price and volume indices,BST-2025-013,NONCASH_OR_OPENING,SYNTHETIC_CALIBRATION,PUBLIC_SYNTHETIC_DIEGETIC,LOCKED_DERIVED_IMPLEMENTATION,2026-09-05,2026-07-31,2026-09-05
ARU_GROUP-2026-00412,ARU_GROUP,2026,7,BST,4000,External revenue,0,69451,-69451,External customer invoice under source price and volume indices,BST-2025-013,NONCASH_OR_OPENING,SYNTHETIC_CALIBRATION,PUBLIC_SYNTHETIC_DIEGETIC,LOCKED_DERIVED_IMPLEMENTATION,2026-09-05,2026-07-31,2026-09-05
ARU_GROUP-2026-00413,ARU_GROUP,2026,7,TERMINALS,1100,"External receivables, net of allowance",123471,0,123471,External customer invoice under source price and volume indices,TRM-2025-001,NONCASH_OR_OPENING,SYNTHETIC_CALIBRATION,PUBLIC_SYNTHETIC_DIEGETIC,LOCKED_DERIVED_IMPLEMENTATION,2026-09-05,2026-07-31,2026-09-05
ARU_GROUP-2026-00413,ARU_GROUP,2026,7,TERMINALS,4000,External revenue,0,123471,-123471,External customer invoice under source price and volume indices,TRM-2025-001,NONCASH_OR_OPENING,SYNTHETIC_CALIBRATION,PUBLIC_SYNTHETIC_DIEGETIC,LOCKED_DERIVED_IMPLEMENTATION,2026-09-05,2026-07-31,2026-09-05
ARU_GROUP-2026-00414,ARU_GROUP,2026,7,TERMINALS,1100,"External receivables, net of allowance",120003,0,120003,External customer invoice under source price and volume indices,TRM-2025-002,NONCASH_OR_OPENING,SYNTHETIC_CALIBRATION,PUBLIC_SYNTHETIC_DIEGETIC,LOCKED_DERIVED_IMPLEMENTATION,2026-09-05,2026-07-31,2026-09-05
ARU_GROUP-2026-00414,ARU_GROUP,2026,7,TERMINALS,4000,External revenue,0,120003,-120003,External customer invoice under source price and volume indices,TRM-2025-002,NONCASH_OR_OPENING,SYNTHETIC_CALIBRATION,PUBLIC_SYNTHETIC_DIEGETIC,LOCKED_DERIVED_IMPLEMENTATION,2026-09-05,2026-07-31,2026-09-05
ARU_GROUP-2026-00415,ARU_GROUP,2026,7,TERMINALS,1100,"External receivables, net of allowance",165444,0,165444,External customer invoice under source price and volume indices,TRM-2025-003,NONCASH_OR_OPENING,SYNTHETIC_CALIBRATION,PUBLIC_SYNTHETIC_DIEGETIC,LOCKED_DERIVED_IMPLEMENTATION,2026-09-05,2026-07-31,2026-09-05
ARU_GROUP-2026-00415,ARU_GROUP,2026,7,TERMINALS,4000,External revenue,0,165444,-165444,External customer invoice under source price and volume indices,TRM-2025-003,NONCASH_OR_OPENING,SYNTHETIC_CALIBRATION,PUBLIC_SYNTHETIC_DIEGETIC,LOCKED_DERIVED_IMPLEMENTATION,2026-09-05,2026-07-31,2026-09-05
ARU_GROUP-2026-00416,ARU_GROUP,2026,7,TERMINALS,1100,"External receivables, net of allowance",165240,0,165240,External customer invoice under source price and volume indices,TRM-2025-014,NONCASH_OR_OPENING,SYNTHETIC_CALIBRATION,PUBLIC_SYNTHETIC_DIEGETIC,LOCKED_DERIVED_IMPLEMENTATION,2026-09-05,2026-07-31,2026-09-05
ARU_GROUP-2026-00416,ARU_GROUP,2026,7,TERMINALS,4000,External revenue,0,165240,-165240,External customer invoice under source price and volume indices,TRM-2025-014,NONCASH_OR_OPENING,SYNTHETIC_CALIBRATION,PUBLIC_SYNTHETIC_DIEGETIC,LOCKED_DERIVED_IMPLEMENTATION,2026-09-05,2026-07-31,2026-09-05
ARU_GROUP-2026-00417,ARU_GROUP,2026,7,TERMINALS,1100,"External receivables, net of allowance",162945,0,162945,External customer invoice under source price and volume indices,TRM-2025-015,NONCASH_OR_OPENING,SYNTHETIC_CALIBRATION,PUBLIC_SYNTHETIC_DIEGETIC,LOCKED_DERIVED_IMPLEMENTATION,2026-09-05,2026-07-31,2026-09-05
ARU_GROUP-2026-00417,ARU_GROUP,2026,7,TERMINALS,4000,External revenue,0,162945,-162945,External customer invoice under source price and volume indices,TRM-2025-015,NONCASH_OR_OPENING,SYNTHETIC_CALIBRATION,PUBLIC_SYNTHETIC_DIEGETIC,LOCKED_DERIVED_IMPLEMENTATION,2026-09-05,2026-07-31,2026-09-05
ARU_GROUP-2026-00418,ARU_GROUP,2026,7,TERMINALS,1100,"External receivables, net of allowance",157896,0,157896,External customer invoice under source price and volume indices,TRM-2025-016,NONCASH_OR_OPENING,SYNTHETIC_CALIBRATION,PUBLIC_SYNTHETIC_DIEGETIC,LOCKED_DERIVED_IMPLEMENTATION,2026-09-05,2026-07-31,2026-09-05
ARU_GROUP-2026-00418,ARU_GROUP,2026,7,TERMINALS,4000,External revenue,0,157896,-157896,External customer invoice under source price and volume indices,TRM-2025-016,NONCASH_OR_OPENING,SYNTHETIC_CALIBRATION,PUBLIC_SYNTHETIC_DIEGETIC,LOCKED_DERIVED_IMPLEMENTATION,2026-09-05,2026-07-31,2026-09-05
ARU_GROUP-2026-00419,ARU_GROUP,2026,7,TERMINALS,1100,"External receivables, net of allowance",151470,0,151470,External customer invoice under source price and volume indices,TRM-2025-017,NONCASH_OR_OPENING,SYNTHETIC_CALIBRATION,PUBLIC_SYNTHETIC_DIEGETIC,LOCKED_DERIVED_IMPLEMENTATION,2026-09-05,2026-07-31,2026-09-05
ARU_GROUP-2026-00419,ARU_GROUP,2026,7,TERMINALS,4000,External revenue,0,151470,-151470,External customer invoice under source price and volume indices,TRM-2025-017,NONCASH_OR_OPENING,SYNTHETIC_CALIBRATION,PUBLIC_SYNTHETIC_DIEGETIC,LOCKED_DERIVED_IMPLEMENTATION,2026-09-05,2026-07-31,2026-09-05
ARU_GROUP-2026-00420,ARU_GROUP,2026,7,TERMINALS,1100,"External receivables, net of allowance",146880,0,146880,External customer invoice under source price and volume indices,TRM-2025-018,NONCASH_OR_OPENING,SYNTHETIC_CALIBRATION,PUBLIC_SYNTHETIC_DIEGETIC,LOCKED_DERIVED_IMPLEMENTATION,2026-09-05,2026-07-31,2026-09-05
ARU_GROUP-2026-00420,ARU_GROUP,2026,7,TERMINALS,4000,External revenue,0,146880,-146880,External customer invoice under source price and volume indices,TRM-2025-018,NONCASH_OR_OPENING,SYNTHETIC_CALIBRATION,PUBLIC_SYNTHETIC_DIEGETIC,LOCKED_DERIVED_IMPLEMENTATION,2026-09-05,2026-07-31,2026-09-05
ARU_GROUP-2026-00421,ARU_GROUP,2026,7,TRUCKING,1100,"External receivables, net of allowance",131580,0,131580,External customer invoice under source price and volume indices,TRK-2025-004,NONCASH_OR_OPENING,SYNTHETIC_CALIBRATION,PUBLIC_SYNTHETIC_DIEGETIC,LOCKED_DERIVED_IMPLEMENTATION,2026-09-05,2026-07-31,2026-09-05
ARU_GROUP-2026-00421,ARU_GROUP,2026,7,TRUCKING,4000,External revenue,0,131580,-131580,External customer invoice under source price and volume indices,TRK-2025-004,NONCASH_OR_OPENING,SYNTHETIC_CALIBRATION,PUBLIC_SYNTHETIC_DIEGETIC,LOCKED_DERIVED_IMPLEMENTATION,2026-09-05,2026-07-31,2026-09-05
ARU_GROUP-2026-00422,ARU_GROUP,2026,7,TRUCKING,1100,"External receivables, net of allowance",148920,0,148920,External customer invoice under source price and volume indices,TRK-2025-019,NONCASH_OR_OPENING,SYNTHETIC_CALIBRATION,PUBLIC_SYNTHETIC_DIEGETIC,LOCKED_DERIVED_IMPLEMENTATION,2026-09-05,2026-07-31,2026-09-05
ARU_GROUP-2026-00422,ARU_GROUP,2026,7,TRUCKING,4000,External revenue,0,148920,-148920,External customer invoice under source price and volume indices,TRK-2025-019,NONCASH_OR_OPENING,SYNTHETIC_CALIBRATION,PUBLIC_SYNTHETIC_DIEGETIC,LOCKED_DERIVED_IMPLEMENTATION,2026-09-05,2026-07-31,2026-09-05
ARU_GROUP-2026-00423,ARU_GROUP,2026,7,TRUCKING,1100,"External receivables, net of allowance",143310,0,143310,External customer invoice under source price and volume indices,TRK-2025-020,NONCASH_OR_OPENING,SYNTHETIC_CALIBRATION,PUBLIC_SYNTHETIC_DIEGETIC,LOCKED_DERIVED_IMPLEMENTATION,2026-09-05,2026-07-31,2026-09-05
ARU_GROUP-2026-00423,ARU_GROUP,2026,7,TRUCKING,4000,External revenue,0,143310,-143310,External customer invoice under source price and volume indices,TRK-2025-020,NONCASH_OR_OPENING,SYNTHETIC_CALIBRATION,PUBLIC_SYNTHETIC_DIEGETIC,LOCKED_DERIVED_IMPLEMENTATION,2026-09-05,2026-07-31,2026-09-05
ARU_GROUP-2026-00424,ARU_GROUP,2026,7,TRUCKING,1100,"External receivables, net of allowance",135660,0,135660,External customer invoice under source price and volume indices,TRK-2025-021,NONCASH_OR_OPENING,SYNTHETIC_CALIBRATION,PUBLIC_SYNTHETIC_DIEGETIC,LOCKED_DERIVED_IMPLEMENTATION,2026-09-05,2026-07-31,2026-09-05
ARU_GROUP-2026-00424,ARU_GROUP,2026,7,TRUCKING,4000,External revenue,0,135660,-135660,External customer invoice under source price and volume indices,TRK-2025-021,NONCASH_OR_OPENING,SYNTHETIC_CALIBRATION,PUBLIC_SYNTHETIC_DIEGETIC,LOCKED_DERIVED_IMPLEMENTATION,2026-09-05,2026-07-31,2026-09-05
ARU_GROUP-2026-00425,ARU_GROUP,2026,7,TRUCKING,1100,"External receivables, net of allowance",128520,0,128520,External customer invoice under source price and volume indices,TRK-2025-022,NONCASH_OR_OPENING,SYNTHETIC_CALIBRATION,PUBLIC_SYNTHETIC_DIEGETIC,LOCKED_DERIVED_IMPLEMENTATION,2026-09-05,2026-07-31,2026-09-05
ARU_GROUP-2026-00425,ARU_GROUP,2026,7,TRUCKING,4000,External revenue,0,128520,-128520,External customer invoice under source price and volume indices,TRK-2025-022,NONCASH_OR_OPENING,SYNTHETIC_CALIBRATION,PUBLIC_SYNTHETIC_DIEGETIC,LOCKED_DERIVED_IMPLEMENTATION,2026-09-05,2026-07-31,2026-09-05
ARU_GROUP-2026-00426,ARU_GROUP,2026,7,WAREHOUSE,1100,"External receivables, net of allowance",223074,0,223074,External customer invoice under source price and volume indices,WHS-2025-005,NONCASH_OR_OPENING,SYNTHETIC_CALIBRATION,PUBLIC_SYNTHETIC_DIEGETIC,LOCKED_DERIVED_IMPLEMENTATION,2026-09-05,2026-07-31,2026-09-05
ARU_GROUP-2026-00426,ARU_GROUP,2026,7,WAREHOUSE,4000,External revenue,0,223074,-223074,External customer invoice under source price and volume indices,WHS-2025-005,NONCASH_OR_OPENING,SYNTHETIC_CALIBRATION,PUBLIC_SYNTHETIC_DIEGETIC,LOCKED_DERIVED_IMPLEMENTATION,2026-09-05,2026-07-31,2026-09-05
ARU_GROUP-2026-00427,ARU_GROUP,2026,7,WAREHOUSE,1100,"External receivables, net of allowance",118422,0,118422,External customer invoice under source price and volume indices,WHS-2025-023,NONCASH_OR_OPENING,SYNTHETIC_CALIBRATION,PUBLIC_SYNTHETIC_DIEGETIC,LOCKED_DERIVED_IMPLEMENTATION,2026-09-05,2026-07-31,2026-09-05
ARU_GROUP-2026-00427,ARU_GROUP,2026,7,WAREHOUSE,4000,External revenue,0,118422,-118422,External customer invoice under source price and volume indices,WHS-2025-023,NONCASH_OR_OPENING,SYNTHETIC_CALIBRATION,PUBLIC_SYNTHETIC_DIEGETIC,LOCKED_DERIVED_IMPLEMENTATION,2026-09-05,2026-07-31,2026-09-05
ARU_GROUP-2026-00428,ARU_GROUP,2026,7,WAREHOUSE,1100,"External receivables, net of allowance",110160,0,110160,External customer invoice under source price and volume indices,WHS-2025-024,NONCASH_OR_OPENING,SYNTHETIC_CALIBRATION,PUBLIC_SYNTHETIC_DIEGETIC,LOCKED_DERIVED_IMPLEMENTATION,2026-09-05,2026-07-31,2026-09-05
ARU_GROUP-2026-00428,ARU_GROUP,2026,7,WAREHOUSE,4000,External revenue,0,110160,-110160,External customer invoice under source price and volume indices,WHS-2025-024,NONCASH_OR_OPENING,SYNTHETIC_CALIBRATION,PUBLIC_SYNTHETIC_DIEGETIC,LOCKED_DERIVED_IMPLEMENTATION,2026-09-05,2026-07-31,2026-09-05
ARU_GROUP-2026-00429,ARU_GROUP,2026,7,WAREHOUSE,1100,"External receivables, net of allowance",99144,0,99144,External customer invoice under source price and volume indices,WHS-2025-025,NONCASH_OR_OPENING,SYNTHETIC_CALIBRATION,PUBLIC_SYNTHETIC_DIEGETIC,LOCKED_DERIVED_IMPLEMENTATION,2026-09-05,2026-07-31,2026-09-05
ARU_GROUP-2026-00429,ARU_GROUP,2026,7,WAREHOUSE,4000,External revenue,0,99144,-99144,External customer invoice under source price and volume indices,WHS-2025-025,NONCASH_OR_OPENING,SYNTHETIC_CALIBRATION,PUBLIC_SYNTHETIC_DIEGETIC,LOCKED_DERIVED_IMPLEMENTATION,2026-09-05,2026-07-31,2026-09-05
ARU_GROUP-2026-00430,ARU_GROUP,2026,7,BST,5000,Payroll and employer burden,501121,0,501121,2026 loaded payroll under source cost index and unchanged census,PAYROLL-2026,NONCASH_OR_OPENING,SYNTHETIC_CALIBRATION,PUBLIC_SYNTHETIC_DIEGETIC,LOCKED_DERIVED_IMPLEMENTATION,2026-09-05,2026-07-31,2026-09-05
ARU_GROUP-2026-00430,ARU_GROUP,2026,7,BST,2000,Trade payables,0,501121,-501121,2026 loaded payroll under source cost index and unchanged census,PAYROLL-2026,NONCASH_OR_OPENING,SYNTHETIC_CALIBRATION,PUBLIC_SYNTHETIC_DIEGETIC,LOCKED_DERIVED_IMPLEMENTATION,2026-09-05,2026-07-31,2026-09-05
ARU_GROUP-2026-00431,ARU_GROUP,2026,7,BST,5100,External operating cost,629304,0,629304,External suppliers under source cost index,OPEX-2026,NONCASH_OR_OPENING,SYNTHETIC_CALIBRATION,PUBLIC_SYNTHETIC_DIEGETIC,LOCKED_DERIVED_IMPLEMENTATION,2026-09-05,2026-07-31,2026-09-05
ARU_GROUP-2026-00431,ARU_GROUP,2026,7,BST,2000,Trade payables,0,629304,-629304,External suppliers under source cost index,OPEX-2026,NONCASH_OR_OPENING,SYNTHETIC_CALIBRATION,PUBLIC_SYNTHETIC_DIEGETIC,LOCKED_DERIVED_IMPLEMENTATION,2026-09-05,2026-07-31,2026-09-05
ARU_GROUP-2026-00432,ARU_GROUP,2026,7,BST,5900,Shared service allocation / recovery,71242,0,71242,Shared services allocated,ALLOC-2026,NONCASH_OR_OPENING,SYNTHETIC_CALIBRATION,PUBLIC_SYNTHETIC_DIEGETIC,LOCKED_DERIVED_IMPLEMENTATION,2026-09-05,2026-07-31,2026-09-05
ARU_GROUP-2026-00432,ARU_GROUP,2026,7,BST,2100,Operating accruals,0,71242,-71242,Shared services allocated,ALLOC-2026,NONCASH_OR_OPENING,SYNTHETIC_CALIBRATION,PUBLIC_SYNTHETIC_DIEGETIC,LOCKED_DERIVED_IMPLEMENTATION,2026-09-05,2026-07-31,2026-09-05
ARU_GROUP-2026-00433,ARU_GROUP,2026,7,ARU,2100,Operating accruals,71242,0,71242,Shared services recovered,ALLOC-2026,NONCASH_OR_OPENING,SYNTHETIC_CALIBRATION,PUBLIC_SYNTHETIC_DIEGETIC,LOCKED_DERIVED_IMPLEMENTATION,2026-09-05,2026-07-31,2026-09-05
ARU_GROUP-2026-00433,ARU_GROUP,2026,7,ARU,5900,Shared service allocation / recovery,0,71242,-71242,Shared services recovered,ALLOC-2026,NONCASH_OR_OPENING,SYNTHETIC_CALIBRATION,PUBLIC_SYNTHETIC_DIEGETIC,LOCKED_DERIVED_IMPLEMENTATION,2026-09-05,2026-07-31,2026-09-05
ARU_GROUP-2026-00434,ARU_GROUP,2026,7,TERMINALS,5000,Payroll and employer burden,194936,0,194936,2026 loaded payroll under source cost index and unchanged census,PAYROLL-2026,NONCASH_OR_OPENING,SYNTHETIC_CALIBRATION,PUBLIC_SYNTHETIC_DIEGETIC,LOCKED_DERIVED_IMPLEMENTATION,2026-09-05,2026-07-31,2026-09-05
ARU_GROUP-2026-00434,ARU_GROUP,2026,7,TERMINALS,2000,Trade payables,0,194936,-194936,2026 loaded payroll under source cost index and unchanged census,PAYROLL-2026,NONCASH_OR_OPENING,SYNTHETIC_CALIBRATION,PUBLIC_SYNTHETIC_DIEGETIC,LOCKED_DERIVED_IMPLEMENTATION,2026-09-05,2026-07-31,2026-09-05
ARU_GROUP-2026-00435,ARU_GROUP,2026,7,TERMINALS,5100,External operating cost,504606,0,504606,External suppliers under source cost index,OPEX-2026,NONCASH_OR_OPENING,SYNTHETIC_CALIBRATION,PUBLIC_SYNTHETIC_DIEGETIC,LOCKED_DERIVED_IMPLEMENTATION,2026-09-05,2026-07-31,2026-09-05
ARU_GROUP-2026-00435,ARU_GROUP,2026,7,TERMINALS,2000,Trade payables,0,504606,-504606,External suppliers under source cost index,OPEX-2026,NONCASH_OR_OPENING,SYNTHETIC_CALIBRATION,PUBLIC_SYNTHETIC_DIEGETIC,LOCKED_DERIVED_IMPLEMENTATION,2026-09-05,2026-07-31,2026-09-05
ARU_GROUP-2026-00436,ARU_GROUP,2026,7,TERMINALS,5900,Shared service allocation / recovery,47208,0,47208,Shared services allocated,ALLOC-2026,NONCASH_OR_OPENING,SYNTHETIC_CALIBRATION,PUBLIC_SYNTHETIC_DIEGETIC,LOCKED_DERIVED_IMPLEMENTATION,2026-09-05,2026-07-31,2026-09-05
ARU_GROUP-2026-00436,ARU_GROUP,2026,7,TERMINALS,2100,Operating accruals,0,47208,-47208,Shared services allocated,ALLOC-2026,NONCASH_OR_OPENING,SYNTHETIC_CALIBRATION,PUBLIC_SYNTHETIC_DIEGETIC,LOCKED_DERIVED_IMPLEMENTATION,2026-09-05,2026-07-31,2026-09-05
ARU_GROUP-2026-00437,ARU_GROUP,2026,7,ARU,2100,Operating accruals,47208,0,47208,Shared services recovered,ALLOC-2026,NONCASH_OR_OPENING,SYNTHETIC_CALIBRATION,PUBLIC_SYNTHETIC_DIEGETIC,LOCKED_DERIVED_IMPLEMENTATION,2026-09-05,2026-07-31,2026-09-05
ARU_GROUP-2026-00437,ARU_GROUP,2026,7,ARU,5900,Shared service allocation / recovery,0,47208,-47208,Shared services recovered,ALLOC-2026,NONCASH_OR_OPENING,SYNTHETIC_CALIBRATION,PUBLIC_SYNTHETIC_DIEGETIC,LOCKED_DERIVED_IMPLEMENTATION,2026-09-05,2026-07-31,2026-09-05
ARU_GROUP-2026-00438,ARU_GROUP,2026,7,TRUCKING,5000,Payroll and employer burden,188464,0,188464,2026 loaded payroll under source cost index and unchanged census,PAYROLL-2026,NONCASH_OR_OPENING,SYNTHETIC_CALIBRATION,PUBLIC_SYNTHETIC_DIEGETIC,LOCKED_DERIVED_IMPLEMENTATION,2026-09-05,2026-07-31,2026-09-05
ARU_GROUP-2026-00438,ARU_GROUP,2026,7,TRUCKING,2000,Trade payables,0,188464,-188464,2026 loaded payroll under source cost index and unchanged census,PAYROLL-2026,NONCASH_OR_OPENING,SYNTHETIC_CALIBRATION,PUBLIC_SYNTHETIC_DIEGETIC,LOCKED_DERIVED_IMPLEMENTATION,2026-09-05,2026-07-31,2026-09-05
ARU_GROUP-2026-00439,ARU_GROUP,2026,7,TRUCKING,5100,External operating cost,299069,0,299069,External suppliers under source cost index,OPEX-2026,NONCASH_OR_OPENING,SYNTHETIC_CALIBRATION,PUBLIC_SYNTHETIC_DIEGETIC,LOCKED_DERIVED_IMPLEMENTATION,2026-09-05,2026-07-31,2026-09-05
ARU_GROUP-2026-00439,ARU_GROUP,2026,7,TRUCKING,2000,Trade payables,0,299069,-299069,External suppliers under source cost index,OPEX-2026,NONCASH_OR_OPENING,SYNTHETIC_CALIBRATION,PUBLIC_SYNTHETIC_DIEGETIC,LOCKED_DERIVED_IMPLEMENTATION,2026-09-05,2026-07-31,2026-09-05
ARU_GROUP-2026-00440,ARU_GROUP,2026,7,TRUCKING,5900,Shared service allocation / recovery,27467,0,27467,Shared services allocated,ALLOC-2026,NONCASH_OR_OPENING,SYNTHETIC_CALIBRATION,PUBLIC_SYNTHETIC_DIEGETIC,LOCKED_DERIVED_IMPLEMENTATION,2026-09-05,2026-07-31,2026-09-05
ARU_GROUP-2026-00440,ARU_GROUP,2026,7,TRUCKING,2100,Operating accruals,0,27467,-27467,Shared services allocated,ALLOC-2026,NONCASH_OR_OPENING,SYNTHETIC_CALIBRATION,PUBLIC_SYNTHETIC_DIEGETIC,LOCKED_DERIVED_IMPLEMENTATION,2026-09-05,2026-07-31,2026-09-05
ARU_GROUP-2026-00441,ARU_GROUP,2026,7,ARU,2100,Operating accruals,27467,0,27467,Shared services recovered,ALLOC-2026,NONCASH_OR_OPENING,SYNTHETIC_CALIBRATION,PUBLIC_SYNTHETIC_DIEGETIC,LOCKED_DERIVED_IMPLEMENTATION,2026-09-05,2026-07-31,2026-09-05
ARU_GROUP-2026-00441,ARU_GROUP,2026,7,ARU,5900,Shared service allocation / recovery,0,27467,-27467,Shared services recovered,ALLOC-2026,NONCASH_OR_OPENING,SYNTHETIC_CALIBRATION,PUBLIC_SYNTHETIC_DIEGETIC,LOCKED_DERIVED_IMPLEMENTATION,2026-09-05,2026-07-31,2026-09-05
ARU_GROUP-2026-00442,ARU_GROUP,2026,7,WAREHOUSE,5000,Payroll and employer burden,89490,0,89490,2026 loaded payroll under source cost index and unchanged census,PAYROLL-2026,NONCASH_OR_OPENING,SYNTHETIC_CALIBRATION,PUBLIC_SYNTHETIC_DIEGETIC,LOCKED_DERIVED_IMPLEMENTATION,2026-09-05,2026-07-31,2026-09-05
ARU_GROUP-2026-00442,ARU_GROUP,2026,7,WAREHOUSE,2000,Trade payables,0,89490,-89490,2026 loaded payroll under source cost index and unchanged census,PAYROLL-2026,NONCASH_OR_OPENING,SYNTHETIC_CALIBRATION,PUBLIC_SYNTHETIC_DIEGETIC,LOCKED_DERIVED_IMPLEMENTATION,2026-09-05,2026-07-31,2026-09-05
ARU_GROUP-2026-00443,ARU_GROUP,2026,7,WAREHOUSE,5100,External operating cost,169727,0,169727,External suppliers under source cost index,OPEX-2026,NONCASH_OR_OPENING,SYNTHETIC_CALIBRATION,PUBLIC_SYNTHETIC_DIEGETIC,LOCKED_DERIVED_IMPLEMENTATION,2026-09-05,2026-07-31,2026-09-05
ARU_GROUP-2026-00443,ARU_GROUP,2026,7,WAREHOUSE,2000,Trade payables,0,169727,-169727,External suppliers under source cost index,OPEX-2026,NONCASH_OR_OPENING,SYNTHETIC_CALIBRATION,PUBLIC_SYNTHETIC_DIEGETIC,LOCKED_DERIVED_IMPLEMENTATION,2026-09-05,2026-07-31,2026-09-05
ARU_GROUP-2026-00444,ARU_GROUP,2026,7,WAREHOUSE,5900,Shared service allocation / recovery,24033,0,24033,Shared services allocated,ALLOC-2026,NONCASH_OR_OPENING,SYNTHETIC_CALIBRATION,PUBLIC_SYNTHETIC_DIEGETIC,LOCKED_DERIVED_IMPLEMENTATION,2026-09-05,2026-07-31,2026-09-05
ARU_GROUP-2026-00444,ARU_GROUP,2026,7,WAREHOUSE,2100,Operating accruals,0,24033,-24033,Shared services allocated,ALLOC-2026,NONCASH_OR_OPENING,SYNTHETIC_CALIBRATION,PUBLIC_SYNTHETIC_DIEGETIC,LOCKED_DERIVED_IMPLEMENTATION,2026-09-05,2026-07-31,2026-09-05
ARU_GROUP-2026-00445,ARU_GROUP,2026,7,ARU,2100,Operating accruals,24033,0,24033,Shared services recovered,ALLOC-2026,NONCASH_OR_OPENING,SYNTHETIC_CALIBRATION,PUBLIC_SYNTHETIC_DIEGETIC,LOCKED_DERIVED_IMPLEMENTATION,2026-09-05,2026-07-31,2026-09-05
ARU_GROUP-2026-00445,ARU_GROUP,2026,7,ARU,5900,Shared service allocation / recovery,0,24033,-24033,Shared services recovered,ALLOC-2026,NONCASH_OR_OPENING,SYNTHETIC_CALIBRATION,PUBLIC_SYNTHETIC_DIEGETIC,LOCKED_DERIVED_IMPLEMENTATION,2026-09-05,2026-07-31,2026-09-05
ARU_GROUP-2026-00446,ARU_GROUP,2026,7,ARU,5000,Payroll and employer burden,139814,0,139814,2026 loaded payroll under source cost index and unchanged census,PAYROLL-2026,NONCASH_OR_OPENING,SYNTHETIC_CALIBRATION,PUBLIC_SYNTHETIC_DIEGETIC,LOCKED_DERIVED_IMPLEMENTATION,2026-09-05,2026-07-31,2026-09-05
ARU_GROUP-2026-00446,ARU_GROUP,2026,7,ARU,2000,Trade payables,0,139814,-139814,2026 loaded payroll under source cost index and unchanged census,PAYROLL-2026,NONCASH_OR_OPENING,SYNTHETIC_CALIBRATION,PUBLIC_SYNTHETIC_DIEGETIC,LOCKED_DERIVED_IMPLEMENTATION,2026-09-05,2026-07-31,2026-09-05
ARU_GROUP-2026-00447,ARU_GROUP,2026,7,ARU,5100,External operating cost,47303,0,47303,External suppliers under source cost index,OPEX-2026,NONCASH_OR_OPENING,SYNTHETIC_CALIBRATION,PUBLIC_SYNTHETIC_DIEGETIC,LOCKED_DERIVED_IMPLEMENTATION,2026-09-05,2026-07-31,2026-09-05
ARU_GROUP-2026-00447,ARU_GROUP,2026,7,ARU,2000,Trade payables,0,47303,-47303,External suppliers under source cost index,OPEX-2026,NONCASH_OR_OPENING,SYNTHETIC_CALIBRATION,PUBLIC_SYNTHETIC_DIEGETIC,LOCKED_DERIVED_IMPLEMENTATION,2026-09-05,2026-07-31,2026-09-05
ARU_GROUP-2026-00448,ARU_GROUP,2026,7,ARU,1200,Inventory cash cost,4500,0,4500,Forecast working capital purchases,WC26-inventory,NONCASH_OR_OPENING,SYNTHETIC_CALIBRATION,PUBLIC_SYNTHETIC_DIEGETIC,LOCKED_DERIVED_IMPLEMENTATION,2026-09-05,2026-07-31,2026-09-05
ARU_GROUP-2026-00448,ARU_GROUP,2026,7,ARU,2000,Trade payables,0,4500,-4500,Forecast working capital purchases,WC26-inventory,NONCASH_OR_OPENING,SYNTHETIC_CALIBRATION,PUBLIC_SYNTHETIC_DIEGETIC,LOCKED_DERIVED_IMPLEMENTATION,2026-09-05,2026-07-31,2026-09-05
ARU_GROUP-2026-00449,ARU_GROUP,2026,7,ARU,1300,Prepaids,1750,0,1750,Forecast working capital purchases,WC26-prepaids,NONCASH_OR_OPENING,SYNTHETIC_CALIBRATION,PUBLIC_SYNTHETIC_DIEGETIC,LOCKED_DERIVED_IMPLEMENTATION,2026-09-05,2026-07-31,2026-09-05
ARU_GROUP-2026-00449,ARU_GROUP,2026,7,ARU,2000,Trade payables,0,1750,-1750,Forecast working capital purchases,WC26-prepaids,NONCASH_OR_OPENING,SYNTHETIC_CALIBRATION,PUBLIC_SYNTHETIC_DIEGETIC,LOCKED_DERIVED_IMPLEMENTATION,2026-09-05,2026-07-31,2026-09-05
ARU_GROUP-2026-00450,ARU_GROUP,2026,7,ARU,2000,Trade payables,2500,0,2500,Operating accrual growth,WC26-ACCRUAL,NONCASH_OR_OPENING,SYNTHETIC_CALIBRATION,PUBLIC_SYNTHETIC_DIEGETIC,LOCKED_DERIVED_IMPLEMENTATION,2026-09-05,2026-07-31,2026-09-05
ARU_GROUP-2026-00450,ARU_GROUP,2026,7,ARU,2100,Operating accruals,0,2500,-2500,Operating accrual growth,WC26-ACCRUAL,NONCASH_OR_OPENING,SYNTHETIC_CALIBRATION,PUBLIC_SYNTHETIC_DIEGETIC,LOCKED_DERIVED_IMPLEMENTATION,2026-09-05,2026-07-31,2026-09-05
ARU_GROUP-2026-00451,ARU_GROUP,2026,7,ARU,1100,"External receivables, net of allowance",0,3829683,-3829683,External invoice collections,AR26,OPERATING,SYNTHETIC_CALIBRATION,PUBLIC_SYNTHETIC_DIEGETIC,LOCKED_DERIVED_IMPLEMENTATION,2026-09-05,2026-07-31,2026-09-05
ARU_GROUP-2026-00451,ARU_GROUP,2026,7,ARU,1000,Cash,3829683,0,3829683,External invoice collections,AR26,OPERATING,SYNTHETIC_CALIBRATION,PUBLIC_SYNTHETIC_DIEGETIC,LOCKED_DERIVED_IMPLEMENTATION,2026-09-05,2026-07-31,2026-09-05
ARU_GROUP-2026-00452,ARU_GROUP,2026,7,ARU,2000,Trade payables,2760084,0,2760084,Payroll/supplier settlement,AP26,OPERATING,SYNTHETIC_CALIBRATION,PUBLIC_SYNTHETIC_DIEGETIC,LOCKED_DERIVED_IMPLEMENTATION,2026-09-05,2026-07-31,2026-09-05
ARU_GROUP-2026-00452,ARU_GROUP,2026,7,ARU,1000,Cash,0,2760084,-2760084,Payroll/supplier settlement,AP26,OPERATING,SYNTHETIC_CALIBRATION,PUBLIC_SYNTHETIC_DIEGETIC,LOCKED_DERIVED_IMPLEMENTATION,2026-09-05,2026-07-31,2026-09-05
ARU_GROUP-2026-00453,ARU_GROUP,2026,7,BST,1150,Intercompany receivable,950,0,950,Red Wash service invoice,IC-2026-07-acid-BST,NONCASH_OR_OPENING,SYNTHETIC_CALIBRATION,PUBLIC_SYNTHETIC_DIEGETIC,LOCKED_DERIVED_IMPLEMENTATION,2026-09-05,2026-07-31,2026-09-05
ARU_GROUP-2026-00453,ARU_GROUP,2026,7,BST,4100,Intercompany service revenue,0,950,-950,Red Wash service invoice,IC-2026-07-acid-BST,NONCASH_OR_OPENING,SYNTHETIC_CALIBRATION,PUBLIC_SYNTHETIC_DIEGETIC,LOCKED_DERIVED_IMPLEMENTATION,2026-09-05,2026-07-31,2026-09-05
ARU_GROUP-2026-00454,ARU_GROUP,2026,7,BST,5200,Incremental interface external operating cost,410,0,410,Interface physical cost-to-serve,IC-2026-07-acid-BST,OPERATING,SYNTHETIC_CALIBRATION,PUBLIC_SYNTHETIC_DIEGETIC,LOCKED_DERIVED_IMPLEMENTATION,2026-09-05,2026-07-31,2026-09-05
ARU_GROUP-2026-00454,ARU_GROUP,2026,7,BST,1000,Cash,0,410,-410,Interface physical cost-to-serve,IC-2026-07-acid-BST,OPERATING,SYNTHETIC_CALIBRATION,PUBLIC_SYNTHETIC_DIEGETIC,LOCKED_DERIVED_IMPLEMENTATION,2026-09-05,2026-07-31,2026-09-05
ARU_GROUP-2026-00455,ARU_GROUP,2026,7,TERMINALS,1150,Intercompany receivable,700,0,700,Red Wash service invoice,IC-2026-07-acid-TERMINALS,NONCASH_OR_OPENING,SYNTHETIC_CALIBRATION,PUBLIC_SYNTHETIC_DIEGETIC,LOCKED_DERIVED_IMPLEMENTATION,2026-09-05,2026-07-31,2026-09-05
ARU_GROUP-2026-00455,ARU_GROUP,2026,7,TERMINALS,4100,Intercompany service revenue,0,700,-700,Red Wash service invoice,IC-2026-07-acid-TERMINALS,NONCASH_OR_OPENING,SYNTHETIC_CALIBRATION,PUBLIC_SYNTHETIC_DIEGETIC,LOCKED_DERIVED_IMPLEMENTATION,2026-09-05,2026-07-31,2026-09-05
ARU_GROUP-2026-00456,ARU_GROUP,2026,7,TERMINALS,5200,Incremental interface external operating cost,390,0,390,Interface physical cost-to-serve,IC-2026-07-acid-TERMINALS,OPERATING,SYNTHETIC_CALIBRATION,PUBLIC_SYNTHETIC_DIEGETIC,LOCKED_DERIVED_IMPLEMENTATION,2026-09-05,2026-07-31,2026-09-05
ARU_GROUP-2026-00456,ARU_GROUP,2026,7,TERMINALS,1000,Cash,0,390,-390,Interface physical cost-to-serve,IC-2026-07-acid-TERMINALS,OPERATING,SYNTHETIC_CALIBRATION,PUBLIC_SYNTHETIC_DIEGETIC,LOCKED_DERIVED_IMPLEMENTATION,2026-09-05,2026-07-31,2026-09-05
ARU_GROUP-2026-00457,ARU_GROUP,2026,7,TRUCKING,1150,Intercompany receivable,1360,0,1360,Red Wash service invoice,IC-2026-07-acid-TRUCKING,NONCASH_OR_OPENING,SYNTHETIC_CALIBRATION,PUBLIC_SYNTHETIC_DIEGETIC,LOCKED_DERIVED_IMPLEMENTATION,2026-09-05,2026-07-31,2026-09-05
ARU_GROUP-2026-00457,ARU_GROUP,2026,7,TRUCKING,4100,Intercompany service revenue,0,1360,-1360,Red Wash service invoice,IC-2026-07-acid-TRUCKING,NONCASH_OR_OPENING,SYNTHETIC_CALIBRATION,PUBLIC_SYNTHETIC_DIEGETIC,LOCKED_DERIVED_IMPLEMENTATION,2026-09-05,2026-07-31,2026-09-05
ARU_GROUP-2026-00458,ARU_GROUP,2026,7,TRUCKING,5200,Incremental interface external operating cost,920,0,920,Interface physical cost-to-serve,IC-2026-07-acid-TRUCKING,OPERATING,SYNTHETIC_CALIBRATION,PUBLIC_SYNTHETIC_DIEGETIC,LOCKED_DERIVED_IMPLEMENTATION,2026-09-05,2026-07-31,2026-09-05
ARU_GROUP-2026-00458,ARU_GROUP,2026,7,TRUCKING,1000,Cash,0,920,-920,Interface physical cost-to-serve,IC-2026-07-acid-TRUCKING,OPERATING,SYNTHETIC_CALIBRATION,PUBLIC_SYNTHETIC_DIEGETIC,LOCKED_DERIVED_IMPLEMENTATION,2026-09-05,2026-07-31,2026-09-05
ARU_GROUP-2026-00459,ARU_GROUP,2026,7,BST,1150,Intercompany receivable,850,0,850,Red Wash service invoice,IC-2026-07-binder-BST,NONCASH_OR_OPENING,SYNTHETIC_CALIBRATION,PUBLIC_SYNTHETIC_DIEGETIC,LOCKED_DERIVED_IMPLEMENTATION,2026-09-05,2026-07-31,2026-09-05
ARU_GROUP-2026-00459,ARU_GROUP,2026,7,BST,4100,Intercompany service revenue,0,850,-850,Red Wash service invoice,IC-2026-07-binder-BST,NONCASH_OR_OPENING,SYNTHETIC_CALIBRATION,PUBLIC_SYNTHETIC_DIEGETIC,LOCKED_DERIVED_IMPLEMENTATION,2026-09-05,2026-07-31,2026-09-05
ARU_GROUP-2026-00460,ARU_GROUP,2026,7,BST,5200,Incremental interface external operating cost,360,0,360,Interface physical cost-to-serve,IC-2026-07-binder-BST,OPERATING,SYNTHETIC_CALIBRATION,PUBLIC_SYNTHETIC_DIEGETIC,LOCKED_DERIVED_IMPLEMENTATION,2026-09-05,2026-07-31,2026-09-05
ARU_GROUP-2026-00460,ARU_GROUP,2026,7,BST,1000,Cash,0,360,-360,Interface physical cost-to-serve,IC-2026-07-binder-BST,OPERATING,SYNTHETIC_CALIBRATION,PUBLIC_SYNTHETIC_DIEGETIC,LOCKED_DERIVED_IMPLEMENTATION,2026-09-05,2026-07-31,2026-09-05
ARU_GROUP-2026-00461,ARU_GROUP,2026,7,TERMINALS,1150,Intercompany receivable,400,0,400,Red Wash service invoice,IC-2026-07-binder-TERMINALS,NONCASH_OR_OPENING,SYNTHETIC_CALIBRATION,PUBLIC_SYNTHETIC_DIEGETIC,LOCKED_DERIVED_IMPLEMENTATION,2026-09-05,2026-07-31,2026-09-05
ARU_GROUP-2026-00461,ARU_GROUP,2026,7,TERMINALS,4100,Intercompany service revenue,0,400,-400,Red Wash service invoice,IC-2026-07-binder-TERMINALS,NONCASH_OR_OPENING,SYNTHETIC_CALIBRATION,PUBLIC_SYNTHETIC_DIEGETIC,LOCKED_DERIVED_IMPLEMENTATION,2026-09-05,2026-07-31,2026-09-05
ARU_GROUP-2026-00462,ARU_GROUP,2026,7,TERMINALS,5200,Incremental interface external operating cost,230,0,230,Interface physical cost-to-serve,IC-2026-07-binder-TERMINALS,OPERATING,SYNTHETIC_CALIBRATION,PUBLIC_SYNTHETIC_DIEGETIC,LOCKED_DERIVED_IMPLEMENTATION,2026-09-05,2026-07-31,2026-09-05
ARU_GROUP-2026-00462,ARU_GROUP,2026,7,TERMINALS,1000,Cash,0,230,-230,Interface physical cost-to-serve,IC-2026-07-binder-TERMINALS,OPERATING,SYNTHETIC_CALIBRATION,PUBLIC_SYNTHETIC_DIEGETIC,LOCKED_DERIVED_IMPLEMENTATION,2026-09-05,2026-07-31,2026-09-05
ARU_GROUP-2026-00463,ARU_GROUP,2026,7,TRUCKING,1150,Intercompany receivable,1140,0,1140,Red Wash service invoice,IC-2026-07-binder-TRUCKING,NONCASH_OR_OPENING,SYNTHETIC_CALIBRATION,PUBLIC_SYNTHETIC_DIEGETIC,LOCKED_DERIVED_IMPLEMENTATION,2026-09-05,2026-07-31,2026-09-05
ARU_GROUP-2026-00463,ARU_GROUP,2026,7,TRUCKING,4100,Intercompany service revenue,0,1140,-1140,Red Wash service invoice,IC-2026-07-binder-TRUCKING,NONCASH_OR_OPENING,SYNTHETIC_CALIBRATION,PUBLIC_SYNTHETIC_DIEGETIC,LOCKED_DERIVED_IMPLEMENTATION,2026-09-05,2026-07-31,2026-09-05
ARU_GROUP-2026-00464,ARU_GROUP,2026,7,TRUCKING,5200,Incremental interface external operating cost,760,0,760,Interface physical cost-to-serve,IC-2026-07-binder-TRUCKING,OPERATING,SYNTHETIC_CALIBRATION,PUBLIC_SYNTHETIC_DIEGETIC,LOCKED_DERIVED_IMPLEMENTATION,2026-09-05,2026-07-31,2026-09-05
ARU_GROUP-2026-00464,ARU_GROUP,2026,7,TRUCKING,1000,Cash,0,760,-760,Interface physical cost-to-serve,IC-2026-07-binder-TRUCKING,OPERATING,SYNTHETIC_CALIBRATION,PUBLIC_SYNTHETIC_DIEGETIC,LOCKED_DERIVED_IMPLEMENTATION,2026-09-05,2026-07-31,2026-09-05
ARU_GROUP-2026-00465,ARU_GROUP,2026,7,BST,1150,Intercompany receivable,950,0,950,Red Wash service invoice,IC-2026-07-steel-BST,NONCASH_OR_OPENING,SYNTHETIC_CALIBRATION,PUBLIC_SYNTHETIC_DIEGETIC,LOCKED_DERIVED_IMPLEMENTATION,2026-09-05,2026-07-31,2026-09-05
ARU_GROUP-2026-00465,ARU_GROUP,2026,7,BST,4100,Intercompany service revenue,0,950,-950,Red Wash service invoice,IC-2026-07-steel-BST,NONCASH_OR_OPENING,SYNTHETIC_CALIBRATION,PUBLIC_SYNTHETIC_DIEGETIC,LOCKED_DERIVED_IMPLEMENTATION,2026-09-05,2026-07-31,2026-09-05
ARU_GROUP-2026-00466,ARU_GROUP,2026,7,BST,5200,Incremental interface external operating cost,430,0,430,Interface physical cost-to-serve,IC-2026-07-steel-BST,OPERATING,SYNTHETIC_CALIBRATION,PUBLIC_SYNTHETIC_DIEGETIC,LOCKED_DERIVED_IMPLEMENTATION,2026-09-05,2026-07-31,2026-09-05
ARU_GROUP-2026-00466,ARU_GROUP,2026,7,BST,1000,Cash,0,430,-430,Interface physical cost-to-serve,IC-2026-07-steel-BST,OPERATING,SYNTHETIC_CALIBRATION,PUBLIC_SYNTHETIC_DIEGETIC,LOCKED_DERIVED_IMPLEMENTATION,2026-09-05,2026-07-31,2026-09-05
ARU_GROUP-2026-00467,ARU_GROUP,2026,7,TERMINALS,1150,Intercompany receivable,650,0,650,Red Wash service invoice,IC-2026-07-steel-TERMINALS,NONCASH_OR_OPENING,SYNTHETIC_CALIBRATION,PUBLIC_SYNTHETIC_DIEGETIC,LOCKED_DERIVED_IMPLEMENTATION,2026-09-05,2026-07-31,2026-09-05
ARU_GROUP-2026-00467,ARU_GROUP,2026,7,TERMINALS,4100,Intercompany service revenue,0,650,-650,Red Wash service invoice,IC-2026-07-steel-TERMINALS,NONCASH_OR_OPENING,SYNTHETIC_CALIBRATION,PUBLIC_SYNTHETIC_DIEGETIC,LOCKED_DERIVED_IMPLEMENTATION,2026-09-05,2026-07-31,2026-09-05
ARU_GROUP-2026-00468,ARU_GROUP,2026,7,TERMINALS,5200,Incremental interface external operating cost,370,0,370,Interface physical cost-to-serve,IC-2026-07-steel-TERMINALS,OPERATING,SYNTHETIC_CALIBRATION,PUBLIC_SYNTHETIC_DIEGETIC,LOCKED_DERIVED_IMPLEMENTATION,2026-09-05,2026-07-31,2026-09-05
ARU_GROUP-2026-00468,ARU_GROUP,2026,7,TERMINALS,1000,Cash,0,370,-370,Interface physical cost-to-serve,IC-2026-07-steel-TERMINALS,OPERATING,SYNTHETIC_CALIBRATION,PUBLIC_SYNTHETIC_DIEGETIC,LOCKED_DERIVED_IMPLEMENTATION,2026-09-05,2026-07-31,2026-09-05
ARU_GROUP-2026-00469,ARU_GROUP,2026,7,TRUCKING,1150,Intercompany receivable,1125,0,1125,Red Wash service invoice,IC-2026-07-steel-TRUCKING,NONCASH_OR_OPENING,SYNTHETIC_CALIBRATION,PUBLIC_SYNTHETIC_DIEGETIC,LOCKED_DERIVED_IMPLEMENTATION,2026-09-05,2026-07-31,2026-09-05
ARU_GROUP-2026-00469,ARU_GROUP,2026,7,TRUCKING,4100,Intercompany service revenue,0,1125,-1125,Red Wash service invoice,IC-2026-07-steel-TRUCKING,NONCASH_OR_OPENING,SYNTHETIC_CALIBRATION,PUBLIC_SYNTHETIC_DIEGETIC,LOCKED_DERIVED_IMPLEMENTATION,2026-09-05,2026-07-31,2026-09-05
ARU_GROUP-2026-00470,ARU_GROUP,2026,7,TRUCKING,5200,Incremental interface external operating cost,750,0,750,Interface physical cost-to-serve,IC-2026-07-steel-TRUCKING,OPERATING,SYNTHETIC_CALIBRATION,PUBLIC_SYNTHETIC_DIEGETIC,LOCKED_DERIVED_IMPLEMENTATION,2026-09-05,2026-07-31,2026-09-05
ARU_GROUP-2026-00470,ARU_GROUP,2026,7,TRUCKING,1000,Cash,0,750,-750,Interface physical cost-to-serve,IC-2026-07-steel-TRUCKING,OPERATING,SYNTHETIC_CALIBRATION,PUBLIC_SYNTHETIC_DIEGETIC,LOCKED_DERIVED_IMPLEMENTATION,2026-09-05,2026-07-31,2026-09-05
ARU_GROUP-2026-00471,ARU_GROUP,2026,7,BST,5200,Incremental interface external operating cost,1000,0,1000,Interface standby/insurance/maintenance/compliance,IC-FIXED,OPERATING,SYNTHETIC_CALIBRATION,PUBLIC_SYNTHETIC_DIEGETIC,LOCKED_DERIVED_IMPLEMENTATION,2026-09-05,2026-07-31,2026-09-05
ARU_GROUP-2026-00471,ARU_GROUP,2026,7,BST,1000,Cash,0,1000,-1000,Interface standby/insurance/maintenance/compliance,IC-FIXED,OPERATING,SYNTHETIC_CALIBRATION,PUBLIC_SYNTHETIC_DIEGETIC,LOCKED_DERIVED_IMPLEMENTATION,2026-09-05,2026-07-31,2026-09-05
ARU_GROUP-2026-00472,ARU_GROUP,2026,7,TERMINALS,5200,Incremental interface external operating cost,2000,0,2000,Interface standby/insurance/maintenance/compliance,IC-FIXED,OPERATING,SYNTHETIC_CALIBRATION,PUBLIC_SYNTHETIC_DIEGETIC,LOCKED_DERIVED_IMPLEMENTATION,2026-09-05,2026-07-31,2026-09-05
ARU_GROUP-2026-00472,ARU_GROUP,2026,7,TERMINALS,1000,Cash,0,2000,-2000,Interface standby/insurance/maintenance/compliance,IC-FIXED,OPERATING,SYNTHETIC_CALIBRATION,PUBLIC_SYNTHETIC_DIEGETIC,LOCKED_DERIVED_IMPLEMENTATION,2026-09-05,2026-07-31,2026-09-05
ARU_GROUP-2026-00473,ARU_GROUP,2026,7,TRUCKING,5200,Incremental interface external operating cost,1000,0,1000,Interface standby/insurance/maintenance/compliance,IC-FIXED,OPERATING,SYNTHETIC_CALIBRATION,PUBLIC_SYNTHETIC_DIEGETIC,LOCKED_DERIVED_IMPLEMENTATION,2026-09-05,2026-07-31,2026-09-05
ARU_GROUP-2026-00473,ARU_GROUP,2026,7,TRUCKING,1000,Cash,0,1000,-1000,Interface standby/insurance/maintenance/compliance,IC-FIXED,OPERATING,SYNTHETIC_CALIBRATION,PUBLIC_SYNTHETIC_DIEGETIC,LOCKED_DERIVED_IMPLEMENTATION,2026-09-05,2026-07-31,2026-09-05
ARU_GROUP-2026-00474,ARU_GROUP,2026,7,ARU,5700,Retention and seller consulting,42466,0,42466,Retention compensation accrued by service days,RETENTION-POOL,NONCASH_OR_OPENING,SYNTHETIC_CALIBRATION,PUBLIC_SYNTHETIC_DIEGETIC,LOCKED_DERIVED_IMPLEMENTATION,2026-09-05,2026-07-31,2026-09-05
ARU_GROUP-2026-00474,ARU_GROUP,2026,7,ARU,2110,Retention compensation payable,0,42466,-42466,Retention compensation accrued by service days,RETENTION-POOL,NONCASH_OR_OPENING,SYNTHETIC_CALIBRATION,PUBLIC_SYNTHETIC_DIEGETIC,LOCKED_DERIVED_IMPLEMENTATION,2026-09-05,2026-07-31,2026-09-05
ARU_GROUP-2026-00475,ARU_GROUP,2026,7,ARU,2110,Retention compensation payable,250000,0,250000,Six-month retention installment paid July 7,RETENTION-PAYMENT,OPERATING,SYNTHETIC_CALIBRATION,PUBLIC_SYNTHETIC_DIEGETIC,LOCKED_DERIVED_IMPLEMENTATION,2026-09-05,2026-07-31,2026-09-05
ARU_GROUP-2026-00475,ARU_GROUP,2026,7,ARU,1000,Cash,0,250000,-250000,Six-month retention installment paid July 7,RETENTION-PAYMENT,OPERATING,SYNTHETIC_CALIBRATION,PUBLIC_SYNTHETIC_DIEGETIC,LOCKED_DERIVED_IMPLEMENTATION,2026-09-05,2026-07-31,2026-09-05
ARU_GROUP-2026-00476,ARU_GROUP,2026,7,ARU,5700,Retention and seller consulting,25550,0,25550,"Seller knowledge-transfer consulting, no operating authority",TOLMAN-CONSULTING,OPERATING,SYNTHETIC_CALIBRATION,PUBLIC_SYNTHETIC_DIEGETIC,LOCKED_DERIVED_IMPLEMENTATION,2026-09-05,2026-07-31,2026-09-05
ARU_GROUP-2026-00476,ARU_GROUP,2026,7,ARU,1000,Cash,0,25550,-25550,"Seller knowledge-transfer consulting, no operating authority",TOLMAN-CONSULTING,OPERATING,SYNTHETIC_CALIBRATION,PUBLIC_SYNTHETIC_DIEGETIC,LOCKED_DERIVED_IMPLEMENTATION,2026-09-05,2026-07-31,2026-09-05
ARU_GROUP-2026-00477,ARU_GROUP,2026,7,ARU,5400,Interest and financing fees,135676,0,135676,Term/lease interest and undrawn revolver fee,DEBT26,OPERATING,SYNTHETIC_CALIBRATION,PUBLIC_SYNTHETIC_DIEGETIC,LOCKED_DERIVED_IMPLEMENTATION,2026-09-05,2026-07-31,2026-09-05
ARU_GROUP-2026-00477,ARU_GROUP,2026,7,ARU,1000,Cash,0,135676,-135676,Term/lease interest and undrawn revolver fee,DEBT26,OPERATING,SYNTHETIC_CALIBRATION,PUBLIC_SYNTHETIC_DIEGETIC,LOCKED_DERIVED_IMPLEMENTATION,2026-09-05,2026-07-31,2026-09-05
ARU_GROUP-2026-00478,ARU_GROUP,2026,7,ARU,5400,Interest and financing fees,5000,0,5000,Debt issuance cost amortization,DEBT26-ISSUANCE,NONCASH_OR_OPENING,SYNTHETIC_CALIBRATION,PUBLIC_SYNTHETIC_DIEGETIC,LOCKED_DERIVED_IMPLEMENTATION,2026-09-05,2026-07-31,2026-09-05
ARU_GROUP-2026-00478,ARU_GROUP,2026,7,ARU,1700,"Debt issuance cost, contra term debt",0,5000,-5000,Debt issuance cost amortization,DEBT26-ISSUANCE,NONCASH_OR_OPENING,SYNTHETIC_CALIBRATION,PUBLIC_SYNTHETIC_DIEGETIC,LOCKED_DERIVED_IMPLEMENTATION,2026-09-05,2026-07-31,2026-09-05
ARU_GROUP-2026-00479,ARU_GROUP,2026,7,ARU,2400,Term debt face value,375000,0,375000,Acquisition debt principal due seventh of quarter,DEBT26,FINANCING,SYNTHETIC_CALIBRATION,PUBLIC_SYNTHETIC_DIEGETIC,LOCKED_DERIVED_IMPLEMENTATION,2026-09-05,2026-07-31,2026-09-05
ARU_GROUP-2026-00479,ARU_GROUP,2026,7,ARU,1000,Cash,0,375000,-375000,Acquisition debt principal due seventh of quarter,DEBT26,FINANCING,SYNTHETIC_CALIBRATION,PUBLIC_SYNTHETIC_DIEGETIC,LOCKED_DERIVED_IMPLEMENTATION,2026-09-05,2026-07-31,2026-09-05
ARU_GROUP-2026-00480,ARU_GROUP,2026,7,ARU,2600,Finance lease obligation,42466,0,42466,Finance lease principal,LEASE26,FINANCING,SYNTHETIC_CALIBRATION,PUBLIC_SYNTHETIC_DIEGETIC,LOCKED_DERIVED_IMPLEMENTATION,2026-09-05,2026-07-31,2026-09-05
ARU_GROUP-2026-00480,ARU_GROUP,2026,7,ARU,1000,Cash,0,42466,-42466,Finance lease principal,LEASE26,FINANCING,SYNTHETIC_CALIBRATION,PUBLIC_SYNTHETIC_DIEGETIC,LOCKED_DERIVED_IMPLEMENTATION,2026-09-05,2026-07-31,2026-09-05
ARU_GROUP-2026-00481,ARU_GROUP,2026,7,ARU,3000,Contributed equity,0,1100000,-1100000,Parent equity for catch-up and Phase 1 infrastructure,CAPITAL-FUNDING,FINANCING,SYNTHETIC_CALIBRATION,PUBLIC_SYNTHETIC_DIEGETIC,LOCKED_DERIVED_IMPLEMENTATION,2026-09-05,2026-07-31,2026-09-05
ARU_GROUP-2026-00481,ARU_GROUP,2026,7,ARU,1000,Cash,1100000,0,1100000,Parent equity for catch-up and Phase 1 infrastructure,CAPITAL-FUNDING,FINANCING,SYNTHETIC_CALIBRATION,PUBLIC_SYNTHETIC_DIEGETIC,LOCKED_DERIVED_IMPLEMENTATION,2026-09-05,2026-07-31,2026-09-05
ARU_GROUP-2026-00482,ARU_GROUP,2026,7,ARU,1400,PPE gross,1375000,0,1375000,Sustaining/catch-up/Phase 1 capital additions,CAPEX26,INVESTING,SYNTHETIC_CALIBRATION,PUBLIC_SYNTHETIC_DIEGETIC,LOCKED_DERIVED_IMPLEMENTATION,2026-09-05,2026-07-31,2026-09-05
ARU_GROUP-2026-00482,ARU_GROUP,2026,7,ARU,1000,Cash,0,1375000,-1375000,Sustaining/catch-up/Phase 1 capital additions,CAPEX26,INVESTING,SYNTHETIC_CALIBRATION,PUBLIC_SYNTHETIC_DIEGETIC,LOCKED_DERIVED_IMPLEMENTATION,2026-09-05,2026-07-31,2026-09-05
ARU_GROUP-2026-00483,ARU_GROUP,2026,7,ARU,5300,Depreciation in earnings,244537,0,244537,PPE depreciation and completed program assets,FIXED26,NONCASH_OR_OPENING,SYNTHETIC_CALIBRATION,PUBLIC_SYNTHETIC_DIEGETIC,LOCKED_DERIVED_IMPLEMENTATION,2026-09-05,2026-07-31,2026-09-05
ARU_GROUP-2026-00483,ARU_GROUP,2026,7,ARU,1490,Accumulated PPE depreciation,0,244537,-244537,PPE depreciation and completed program assets,FIXED26,NONCASH_OR_OPENING,SYNTHETIC_CALIBRATION,PUBLIC_SYNTHETIC_DIEGETIC,LOCKED_DERIVED_IMPLEMENTATION,2026-09-05,2026-07-31,2026-09-05
ARU_GROUP-2026-00484,ARU_GROUP,2026,7,ARU,5300,Depreciation in earnings,42466,0,42466,Retained finance lease ROU depreciation,LEASE26,NONCASH_OR_OPENING,SYNTHETIC_CALIBRATION,PUBLIC_SYNTHETIC_DIEGETIC,LOCKED_DERIVED_IMPLEMENTATION,2026-09-05,2026-07-31,2026-09-05
ARU_GROUP-2026-00484,ARU_GROUP,2026,7,ARU,1590,Accumulated finance lease ROU depreciation,0,42466,-42466,Retained finance lease ROU depreciation,LEASE26,NONCASH_OR_OPENING,SYNTHETIC_CALIBRATION,PUBLIC_SYNTHETIC_DIEGETIC,LOCKED_DERIVED_IMPLEMENTATION,2026-09-05,2026-07-31,2026-09-05
ARU_GROUP-2026-00485,ARU_GROUP,2026,7,ARU,5500,Modeled income tax,126859,0,126859,"Cumulative annual current tax, including tax-goodwill amortization",TAX26-CURRENT,NONCASH_OR_OPENING,SYNTHETIC_CALIBRATION,PUBLIC_SYNTHETIC_DIEGETIC,LOCKED_DERIVED_IMPLEMENTATION,2026-09-05,2026-07-31,2026-09-05
ARU_GROUP-2026-00485,ARU_GROUP,2026,7,ARU,2700,Current income tax payable / prepaid,0,126859,-126859,"Cumulative annual current tax, including tax-goodwill amortization",TAX26-CURRENT,NONCASH_OR_OPENING,SYNTHETIC_CALIBRATION,PUBLIC_SYNTHETIC_DIEGETIC,LOCKED_DERIVED_IMPLEMENTATION,2026-09-05,2026-07-31,2026-09-05
ARU_GROUP-2026-00486,ARU_GROUP,2026,7,ARU,5501,Deferred income tax expense,18056,0,18056,Deferred tax on section 197 goodwill tax/book basis difference,TAX26-DEFERRED,NONCASH_OR_OPENING,SYNTHETIC_CALIBRATION,PUBLIC_SYNTHETIC_DIEGETIC,LOCKED_DERIVED_IMPLEMENTATION,2026-09-05,2026-07-31,2026-09-05
ARU_GROUP-2026-00486,ARU_GROUP,2026,7,ARU,2250,Deferred tax liability on tax goodwill amortization,0,18056,-18056,Deferred tax on section 197 goodwill tax/book basis difference,TAX26-DEFERRED,NONCASH_OR_OPENING,SYNTHETIC_CALIBRATION,PUBLIC_SYNTHETIC_DIEGETIC,LOCKED_DERIVED_IMPLEMENTATION,2026-09-05,2026-07-31,2026-09-05
ARU_GROUP-2026-00489,ARU_GROUP,2026,8,BST,1100,"External receivables, net of allowance",298945,0,298945,External customer invoice under source price and volume indices,BST-2025-001,NONCASH_OR_OPENING,SYNTHETIC_CALIBRATION,PUBLIC_SYNTHETIC_DIEGETIC,LOCKED_DERIVED_IMPLEMENTATION,2026-09-05,2026-08-31,2026-09-05
ARU_GROUP-2026-00489,ARU_GROUP,2026,8,BST,4000,External revenue,0,298945,-298945,External customer invoice under source price and volume indices,BST-2025-001,NONCASH_OR_OPENING,SYNTHETIC_CALIBRATION,PUBLIC_SYNTHETIC_DIEGETIC,LOCKED_DERIVED_IMPLEMENTATION,2026-09-05,2026-08-31,2026-09-05
ARU_GROUP-2026-00490,ARU_GROUP,2026,8,BST,1100,"External receivables, net of allowance",127712,0,127712,External customer invoice under source price and volume indices,BST-2025-006,NONCASH_OR_OPENING,SYNTHETIC_CALIBRATION,PUBLIC_SYNTHETIC_DIEGETIC,LOCKED_DERIVED_IMPLEMENTATION,2026-09-05,2026-08-31,2026-09-05
ARU_GROUP-2026-00490,ARU_GROUP,2026,8,BST,4000,External revenue,0,127712,-127712,External customer invoice under source price and volume indices,BST-2025-006,NONCASH_OR_OPENING,SYNTHETIC_CALIBRATION,PUBLIC_SYNTHETIC_DIEGETIC,LOCKED_DERIVED_IMPLEMENTATION,2026-09-05,2026-08-31,2026-09-05
ARU_GROUP-2026-00491,ARU_GROUP,2026,8,BST,1100,"External receivables, net of allowance",221867,0,221867,External customer invoice under source price and volume indices,BST-2025-002,NONCASH_OR_OPENING,SYNTHETIC_CALIBRATION,PUBLIC_SYNTHETIC_DIEGETIC,LOCKED_DERIVED_IMPLEMENTATION,2026-09-05,2026-08-31,2026-09-05
ARU_GROUP-2026-00491,ARU_GROUP,2026,8,BST,4000,External revenue,0,221867,-221867,External customer invoice under source price and volume indices,BST-2025-002,NONCASH_OR_OPENING,SYNTHETIC_CALIBRATION,PUBLIC_SYNTHETIC_DIEGETIC,LOCKED_DERIVED_IMPLEMENTATION,2026-09-05,2026-08-31,2026-09-05
ARU_GROUP-2026-00492,ARU_GROUP,2026,8,BST,1100,"External receivables, net of allowance",100130,0,100130,External customer invoice under source price and volume indices,BST-2025-007,NONCASH_OR_OPENING,SYNTHETIC_CALIBRATION,PUBLIC_SYNTHETIC_DIEGETIC,LOCKED_DERIVED_IMPLEMENTATION,2026-09-05,2026-08-31,2026-09-05
ARU_GROUP-2026-00492,ARU_GROUP,2026,8,BST,4000,External revenue,0,100130,-100130,External customer invoice under source price and volume indices,BST-2025-007,NONCASH_OR_OPENING,SYNTHETIC_CALIBRATION,PUBLIC_SYNTHETIC_DIEGETIC,LOCKED_DERIVED_IMPLEMENTATION,2026-09-05,2026-08-31,2026-09-05
ARU_GROUP-2026-00493,ARU_GROUP,2026,8,BST,1100,"External receivables, net of allowance",115175,0,115175,External customer invoice under source price and volume indices,BST-2025-004,NONCASH_OR_OPENING,SYNTHETIC_CALIBRATION,PUBLIC_SYNTHETIC_DIEGETIC,LOCKED_DERIVED_IMPLEMENTATION,2026-09-05,2026-08-31,2026-09-05
ARU_GROUP-2026-00493,ARU_GROUP,2026,8,BST,4000,External revenue,0,115175,-115175,External customer invoice under source price and volume indices,BST-2025-004,NONCASH_OR_OPENING,SYNTHETIC_CALIBRATION,PUBLIC_SYNTHETIC_DIEGETIC,LOCKED_DERIVED_IMPLEMENTATION,2026-09-05,2026-08-31,2026-09-05
ARU_GROUP-2026-00494,ARU_GROUP,2026,8,BST,1100,"External receivables, net of allowance",57375,0,57375,External customer invoice under source price and volume indices,BST-2025-008,NONCASH_OR_OPENING,SYNTHETIC_CALIBRATION,PUBLIC_SYNTHETIC_DIEGETIC,LOCKED_DERIVED_IMPLEMENTATION,2026-09-05,2026-08-31,2026-09-05
ARU_GROUP-2026-00494,ARU_GROUP,2026,8,BST,4000,External revenue,0,57375,-57375,External customer invoice under source price and volume indices,BST-2025-008,NONCASH_OR_OPENING,SYNTHETIC_CALIBRATION,PUBLIC_SYNTHETIC_DIEGETIC,LOCKED_DERIVED_IMPLEMENTATION,2026-09-05,2026-08-31,2026-09-05
ARU_GROUP-2026-00495,ARU_GROUP,2026,8,BST,1100,"External receivables, net of allowance",136451,0,136451,External customer invoice under source price and volume indices,BST-2025-003,NONCASH_OR_OPENING,SYNTHETIC_CALIBRATION,PUBLIC_SYNTHETIC_DIEGETIC,LOCKED_DERIVED_IMPLEMENTATION,2026-09-05,2026-08-31,2026-09-05
ARU_GROUP-2026-00495,ARU_GROUP,2026,8,BST,4000,External revenue,0,136451,-136451,External customer invoice under source price and volume indices,BST-2025-003,NONCASH_OR_OPENING,SYNTHETIC_CALIBRATION,PUBLIC_SYNTHETIC_DIEGETIC,LOCKED_DERIVED_IMPLEMENTATION,2026-09-05,2026-08-31,2026-09-05
ARU_GROUP-2026-00496,ARU_GROUP,2026,8,BST,1100,"External receivables, net of allowance",70219,0,70219,External customer invoice under source price and volume indices,BST-2025-009,NONCASH_OR_OPENING,SYNTHETIC_CALIBRATION,PUBLIC_SYNTHETIC_DIEGETIC,LOCKED_DERIVED_IMPLEMENTATION,2026-09-05,2026-08-31,2026-09-05
ARU_GROUP-2026-00496,ARU_GROUP,2026,8,BST,4000,External revenue,0,70219,-70219,External customer invoice under source price and volume indices,BST-2025-009,NONCASH_OR_OPENING,SYNTHETIC_CALIBRATION,PUBLIC_SYNTHETIC_DIEGETIC,LOCKED_DERIVED_IMPLEMENTATION,2026-09-05,2026-08-31,2026-09-05
ARU_GROUP-2026-00497,ARU_GROUP,2026,8,BST,1100,"External receivables, net of allowance",66470,0,66470,External customer invoice under source price and volume indices,BST-2025-010,NONCASH_OR_OPENING,SYNTHETIC_CALIBRATION,PUBLIC_SYNTHETIC_DIEGETIC,LOCKED_DERIVED_IMPLEMENTATION,2026-09-05,2026-08-31,2026-09-05
ARU_GROUP-2026-00497,ARU_GROUP,2026,8,BST,4000,External revenue,0,66470,-66470,External customer invoice under source price and volume indices,BST-2025-010,NONCASH_OR_OPENING,SYNTHETIC_CALIBRATION,PUBLIC_SYNTHETIC_DIEGETIC,LOCKED_DERIVED_IMPLEMENTATION,2026-09-05,2026-08-31,2026-09-05
ARU_GROUP-2026-00498,ARU_GROUP,2026,8,BST,1100,"External receivables, net of allowance",35122,0,35122,External customer invoice under source price and volume indices,BST-2025-011,NONCASH_OR_OPENING,SYNTHETIC_CALIBRATION,PUBLIC_SYNTHETIC_DIEGETIC,LOCKED_DERIVED_IMPLEMENTATION,2026-09-05,2026-08-31,2026-09-05
ARU_GROUP-2026-00498,ARU_GROUP,2026,8,BST,4000,External revenue,0,35122,-35122,External customer invoice under source price and volume indices,BST-2025-011,NONCASH_OR_OPENING,SYNTHETIC_CALIBRATION,PUBLIC_SYNTHETIC_DIEGETIC,LOCKED_DERIVED_IMPLEMENTATION,2026-09-05,2026-08-31,2026-09-05
ARU_GROUP-2026-00499,ARU_GROUP,2026,8,BST,1100,"External receivables, net of allowance",108627,0,108627,External customer invoice under source price and volume indices,BST-2025-012,NONCASH_OR_OPENING,SYNTHETIC_CALIBRATION,PUBLIC_SYNTHETIC_DIEGETIC,LOCKED_DERIVED_IMPLEMENTATION,2026-09-05,2026-08-31,2026-09-05
ARU_GROUP-2026-00499,ARU_GROUP,2026,8,BST,4000,External revenue,0,108627,-108627,External customer invoice under source price and volume indices,BST-2025-012,NONCASH_OR_OPENING,SYNTHETIC_CALIBRATION,PUBLIC_SYNTHETIC_DIEGETIC,LOCKED_DERIVED_IMPLEMENTATION,2026-09-05,2026-08-31,2026-09-05
ARU_GROUP-2026-00500,ARU_GROUP,2026,8,BST,1100,"External receivables, net of allowance",69451,0,69451,External customer invoice under source price and volume indices,BST-2025-013,NONCASH_OR_OPENING,SYNTHETIC_CALIBRATION,PUBLIC_SYNTHETIC_DIEGETIC,LOCKED_DERIVED_IMPLEMENTATION,2026-09-05,2026-08-31,2026-09-05
ARU_GROUP-2026-00500,ARU_GROUP,2026,8,BST,4000,External revenue,0,69451,-69451,External customer invoice under source price and volume indices,BST-2025-013,NONCASH_OR_OPENING,SYNTHETIC_CALIBRATION,PUBLIC_SYNTHETIC_DIEGETIC,LOCKED_DERIVED_IMPLEMENTATION,2026-09-05,2026-08-31,2026-09-05
ARU_GROUP-2026-00501,ARU_GROUP,2026,8,TERMINALS,1100,"External receivables, net of allowance",123471,0,123471,External customer invoice under source price and volume indices,TRM-2025-001,NONCASH_OR_OPENING,SYNTHETIC_CALIBRATION,PUBLIC_SYNTHETIC_DIEGETIC,LOCKED_DERIVED_IMPLEMENTATION,2026-09-05,2026-08-31,2026-09-05
ARU_GROUP-2026-00501,ARU_GROUP,2026,8,TERMINALS,4000,External revenue,0,123471,-123471,External customer invoice under source price and volume indices,TRM-2025-001,NONCASH_OR_OPENING,SYNTHETIC_CALIBRATION,PUBLIC_SYNTHETIC_DIEGETIC,LOCKED_DERIVED_IMPLEMENTATION,2026-09-05,2026-08-31,2026-09-05
ARU_GROUP-2026-00502,ARU_GROUP,2026,8,TERMINALS,1100,"External receivables, net of allowance",120003,0,120003,External customer invoice under source price and volume indices,TRM-2025-002,NONCASH_OR_OPENING,SYNTHETIC_CALIBRATION,PUBLIC_SYNTHETIC_DIEGETIC,LOCKED_DERIVED_IMPLEMENTATION,2026-09-05,2026-08-31,2026-09-05
ARU_GROUP-2026-00502,ARU_GROUP,2026,8,TERMINALS,4000,External revenue,0,120003,-120003,External customer invoice under source price and volume indices,TRM-2025-002,NONCASH_OR_OPENING,SYNTHETIC_CALIBRATION,PUBLIC_SYNTHETIC_DIEGETIC,LOCKED_DERIVED_IMPLEMENTATION,2026-09-05,2026-08-31,2026-09-05
ARU_GROUP-2026-00503,ARU_GROUP,2026,8,TERMINALS,1100,"External receivables, net of allowance",165444,0,165444,External customer invoice under source price and volume indices,TRM-2025-003,NONCASH_OR_OPENING,SYNTHETIC_CALIBRATION,PUBLIC_SYNTHETIC_DIEGETIC,LOCKED_DERIVED_IMPLEMENTATION,2026-09-05,2026-08-31,2026-09-05
ARU_GROUP-2026-00503,ARU_GROUP,2026,8,TERMINALS,4000,External revenue,0,165444,-165444,External customer invoice under source price and volume indices,TRM-2025-003,NONCASH_OR_OPENING,SYNTHETIC_CALIBRATION,PUBLIC_SYNTHETIC_DIEGETIC,LOCKED_DERIVED_IMPLEMENTATION,2026-09-05,2026-08-31,2026-09-05
ARU_GROUP-2026-00504,ARU_GROUP,2026,8,TERMINALS,1100,"External receivables, net of allowance",165240,0,165240,External customer invoice under source price and volume indices,TRM-2025-014,NONCASH_OR_OPENING,SYNTHETIC_CALIBRATION,PUBLIC_SYNTHETIC_DIEGETIC,LOCKED_DERIVED_IMPLEMENTATION,2026-09-05,2026-08-31,2026-09-05
ARU_GROUP-2026-00504,ARU_GROUP,2026,8,TERMINALS,4000,External revenue,0,165240,-165240,External customer invoice under source price and volume indices,TRM-2025-014,NONCASH_OR_OPENING,SYNTHETIC_CALIBRATION,PUBLIC_SYNTHETIC_DIEGETIC,LOCKED_DERIVED_IMPLEMENTATION,2026-09-05,2026-08-31,2026-09-05
ARU_GROUP-2026-00505,ARU_GROUP,2026,8,TERMINALS,1100,"External receivables, net of allowance",162945,0,162945,External customer invoice under source price and volume indices,TRM-2025-015,NONCASH_OR_OPENING,SYNTHETIC_CALIBRATION,PUBLIC_SYNTHETIC_DIEGETIC,LOCKED_DERIVED_IMPLEMENTATION,2026-09-05,2026-08-31,2026-09-05
ARU_GROUP-2026-00505,ARU_GROUP,2026,8,TERMINALS,4000,External revenue,0,162945,-162945,External customer invoice under source price and volume indices,TRM-2025-015,NONCASH_OR_OPENING,SYNTHETIC_CALIBRATION,PUBLIC_SYNTHETIC_DIEGETIC,LOCKED_DERIVED_IMPLEMENTATION,2026-09-05,2026-08-31,2026-09-05
ARU_GROUP-2026-00506,ARU_GROUP,2026,8,TERMINALS,1100,"External receivables, net of allowance",157896,0,157896,External customer invoice under source price and volume indices,TRM-2025-016,NONCASH_OR_OPENING,SYNTHETIC_CALIBRATION,PUBLIC_SYNTHETIC_DIEGETIC,LOCKED_DERIVED_IMPLEMENTATION,2026-09-05,2026-08-31,2026-09-05
ARU_GROUP-2026-00506,ARU_GROUP,2026,8,TERMINALS,4000,External revenue,0,157896,-157896,External customer invoice under source price and volume indices,TRM-2025-016,NONCASH_OR_OPENING,SYNTHETIC_CALIBRATION,PUBLIC_SYNTHETIC_DIEGETIC,LOCKED_DERIVED_IMPLEMENTATION,2026-09-05,2026-08-31,2026-09-05
ARU_GROUP-2026-00507,ARU_GROUP,2026,8,TERMINALS,1100,"External receivables, net of allowance",151470,0,151470,External customer invoice under source price and volume indices,TRM-2025-017,NONCASH_OR_OPENING,SYNTHETIC_CALIBRATION,PUBLIC_SYNTHETIC_DIEGETIC,LOCKED_DERIVED_IMPLEMENTATION,2026-09-05,2026-08-31,2026-09-05
ARU_GROUP-2026-00507,ARU_GROUP,2026,8,TERMINALS,4000,External revenue,0,151470,-151470,External customer invoice under source price and volume indices,TRM-2025-017,NONCASH_OR_OPENING,SYNTHETIC_CALIBRATION,PUBLIC_SYNTHETIC_DIEGETIC,LOCKED_DERIVED_IMPLEMENTATION,2026-09-05,2026-08-31,2026-09-05
ARU_GROUP-2026-00508,ARU_GROUP,2026,8,TERMINALS,1100,"External receivables, net of allowance",146880,0,146880,External customer invoice under source price and volume indices,TRM-2025-018,NONCASH_OR_OPENING,SYNTHETIC_CALIBRATION,PUBLIC_SYNTHETIC_DIEGETIC,LOCKED_DERIVED_IMPLEMENTATION,2026-09-05,2026-08-31,2026-09-05
ARU_GROUP-2026-00508,ARU_GROUP,2026,8,TERMINALS,4000,External revenue,0,146880,-146880,External customer invoice under source price and volume indices,TRM-2025-018,NONCASH_OR_OPENING,SYNTHETIC_CALIBRATION,PUBLIC_SYNTHETIC_DIEGETIC,LOCKED_DERIVED_IMPLEMENTATION,2026-09-05,2026-08-31,2026-09-05
ARU_GROUP-2026-00509,ARU_GROUP,2026,8,TRUCKING,1100,"External receivables, net of allowance",131580,0,131580,External customer invoice under source price and volume indices,TRK-2025-004,NONCASH_OR_OPENING,SYNTHETIC_CALIBRATION,PUBLIC_SYNTHETIC_DIEGETIC,LOCKED_DERIVED_IMPLEMENTATION,2026-09-05,2026-08-31,2026-09-05
ARU_GROUP-2026-00509,ARU_GROUP,2026,8,TRUCKING,4000,External revenue,0,131580,-131580,External customer invoice under source price and volume indices,TRK-2025-004,NONCASH_OR_OPENING,SYNTHETIC_CALIBRATION,PUBLIC_SYNTHETIC_DIEGETIC,LOCKED_DERIVED_IMPLEMENTATION,2026-09-05,2026-08-31,2026-09-05
ARU_GROUP-2026-00510,ARU_GROUP,2026,8,TRUCKING,1100,"External receivables, net of allowance",148920,0,148920,External customer invoice under source price and volume indices,TRK-2025-019,NONCASH_OR_OPENING,SYNTHETIC_CALIBRATION,PUBLIC_SYNTHETIC_DIEGETIC,LOCKED_DERIVED_IMPLEMENTATION,2026-09-05,2026-08-31,2026-09-05
ARU_GROUP-2026-00510,ARU_GROUP,2026,8,TRUCKING,4000,External revenue,0,148920,-148920,External customer invoice under source price and volume indices,TRK-2025-019,NONCASH_OR_OPENING,SYNTHETIC_CALIBRATION,PUBLIC_SYNTHETIC_DIEGETIC,LOCKED_DERIVED_IMPLEMENTATION,2026-09-05,2026-08-31,2026-09-05
ARU_GROUP-2026-00511,ARU_GROUP,2026,8,TRUCKING,1100,"External receivables, net of allowance",143310,0,143310,External customer invoice under source price and volume indices,TRK-2025-020,NONCASH_OR_OPENING,SYNTHETIC_CALIBRATION,PUBLIC_SYNTHETIC_DIEGETIC,LOCKED_DERIVED_IMPLEMENTATION,2026-09-05,2026-08-31,2026-09-05
ARU_GROUP-2026-00511,ARU_GROUP,2026,8,TRUCKING,4000,External revenue,0,143310,-143310,External customer invoice under source price and volume indices,TRK-2025-020,NONCASH_OR_OPENING,SYNTHETIC_CALIBRATION,PUBLIC_SYNTHETIC_DIEGETIC,LOCKED_DERIVED_IMPLEMENTATION,2026-09-05,2026-08-31,2026-09-05
ARU_GROUP-2026-00512,ARU_GROUP,2026,8,TRUCKING,1100,"External receivables, net of allowance",135660,0,135660,External customer invoice under source price and volume indices,TRK-2025-021,NONCASH_OR_OPENING,SYNTHETIC_CALIBRATION,PUBLIC_SYNTHETIC_DIEGETIC,LOCKED_DERIVED_IMPLEMENTATION,2026-09-05,2026-08-31,2026-09-05
ARU_GROUP-2026-00512,ARU_GROUP,2026,8,TRUCKING,4000,External revenue,0,135660,-135660,External customer invoice under source price and volume indices,TRK-2025-021,NONCASH_OR_OPENING,SYNTHETIC_CALIBRATION,PUBLIC_SYNTHETIC_DIEGETIC,LOCKED_DERIVED_IMPLEMENTATION,2026-09-05,2026-08-31,2026-09-05
ARU_GROUP-2026-00513,ARU_GROUP,2026,8,TRUCKING,1100,"External receivables, net of allowance",128520,0,128520,External customer invoice under source price and volume indices,TRK-2025-022,NONCASH_OR_OPENING,SYNTHETIC_CALIBRATION,PUBLIC_SYNTHETIC_DIEGETIC,LOCKED_DERIVED_IMPLEMENTATION,2026-09-05,2026-08-31,2026-09-05
ARU_GROUP-2026-00513,ARU_GROUP,2026,8,TRUCKING,4000,External revenue,0,128520,-128520,External customer invoice under source price and volume indices,TRK-2025-022,NONCASH_OR_OPENING,SYNTHETIC_CALIBRATION,PUBLIC_SYNTHETIC_DIEGETIC,LOCKED_DERIVED_IMPLEMENTATION,2026-09-05,2026-08-31,2026-09-05
ARU_GROUP-2026-00514,ARU_GROUP,2026,8,WAREHOUSE,1100,"External receivables, net of allowance",223074,0,223074,External customer invoice under source price and volume indices,WHS-2025-005,NONCASH_OR_OPENING,SYNTHETIC_CALIBRATION,PUBLIC_SYNTHETIC_DIEGETIC,LOCKED_DERIVED_IMPLEMENTATION,2026-09-05,2026-08-31,2026-09-05
ARU_GROUP-2026-00514,ARU_GROUP,2026,8,WAREHOUSE,4000,External revenue,0,223074,-223074,External customer invoice under source price and volume indices,WHS-2025-005,NONCASH_OR_OPENING,SYNTHETIC_CALIBRATION,PUBLIC_SYNTHETIC_DIEGETIC,LOCKED_DERIVED_IMPLEMENTATION,2026-09-05,2026-08-31,2026-09-05
ARU_GROUP-2026-00515,ARU_GROUP,2026,8,WAREHOUSE,1100,"External receivables, net of allowance",118422,0,118422,External customer invoice under source price and volume indices,WHS-2025-023,NONCASH_OR_OPENING,SYNTHETIC_CALIBRATION,PUBLIC_SYNTHETIC_DIEGETIC,LOCKED_DERIVED_IMPLEMENTATION,2026-09-05,2026-08-31,2026-09-05
ARU_GROUP-2026-00515,ARU_GROUP,2026,8,WAREHOUSE,4000,External revenue,0,118422,-118422,External customer invoice under source price and volume indices,WHS-2025-023,NONCASH_OR_OPENING,SYNTHETIC_CALIBRATION,PUBLIC_SYNTHETIC_DIEGETIC,LOCKED_DERIVED_IMPLEMENTATION,2026-09-05,2026-08-31,2026-09-05
ARU_GROUP-2026-00516,ARU_GROUP,2026,8,WAREHOUSE,1100,"External receivables, net of allowance",110160,0,110160,External customer invoice under source price and volume indices,WHS-2025-024,NONCASH_OR_OPENING,SYNTHETIC_CALIBRATION,PUBLIC_SYNTHETIC_DIEGETIC,LOCKED_DERIVED_IMPLEMENTATION,2026-09-05,2026-08-31,2026-09-05
ARU_GROUP-2026-00516,ARU_GROUP,2026,8,WAREHOUSE,4000,External revenue,0,110160,-110160,External customer invoice under source price and volume indices,WHS-2025-024,NONCASH_OR_OPENING,SYNTHETIC_CALIBRATION,PUBLIC_SYNTHETIC_DIEGETIC,LOCKED_DERIVED_IMPLEMENTATION,2026-09-05,2026-08-31,2026-09-05
ARU_GROUP-2026-00517,ARU_GROUP,2026,8,WAREHOUSE,1100,"External receivables, net of allowance",99144,0,99144,External customer invoice under source price and volume indices,WHS-2025-025,NONCASH_OR_OPENING,SYNTHETIC_CALIBRATION,PUBLIC_SYNTHETIC_DIEGETIC,LOCKED_DERIVED_IMPLEMENTATION,2026-09-05,2026-08-31,2026-09-05
ARU_GROUP-2026-00517,ARU_GROUP,2026,8,WAREHOUSE,4000,External revenue,0,99144,-99144,External customer invoice under source price and volume indices,WHS-2025-025,NONCASH_OR_OPENING,SYNTHETIC_CALIBRATION,PUBLIC_SYNTHETIC_DIEGETIC,LOCKED_DERIVED_IMPLEMENTATION,2026-09-05,2026-08-31,2026-09-05
ARU_GROUP-2026-00518,ARU_GROUP,2026,8,BST,5000,Payroll and employer burden,501121,0,501121,2026 loaded payroll under source cost index and unchanged census,PAYROLL-2026,NONCASH_OR_OPENING,SYNTHETIC_CALIBRATION,PUBLIC_SYNTHETIC_DIEGETIC,LOCKED_DERIVED_IMPLEMENTATION,2026-09-05,2026-08-31,2026-09-05
ARU_GROUP-2026-00518,ARU_GROUP,2026,8,BST,2000,Trade payables,0,501121,-501121,2026 loaded payroll under source cost index and unchanged census,PAYROLL-2026,NONCASH_OR_OPENING,SYNTHETIC_CALIBRATION,PUBLIC_SYNTHETIC_DIEGETIC,LOCKED_DERIVED_IMPLEMENTATION,2026-09-05,2026-08-31,2026-09-05
ARU_GROUP-2026-00519,ARU_GROUP,2026,8,BST,5100,External operating cost,629304,0,629304,External suppliers under source cost index,OPEX-2026,NONCASH_OR_OPENING,SYNTHETIC_CALIBRATION,PUBLIC_SYNTHETIC_DIEGETIC,LOCKED_DERIVED_IMPLEMENTATION,2026-09-05,2026-08-31,2026-09-05
ARU_GROUP-2026-00519,ARU_GROUP,2026,8,BST,2000,Trade payables,0,629304,-629304,External suppliers under source cost index,OPEX-2026,NONCASH_OR_OPENING,SYNTHETIC_CALIBRATION,PUBLIC_SYNTHETIC_DIEGETIC,LOCKED_DERIVED_IMPLEMENTATION,2026-09-05,2026-08-31,2026-09-05
ARU_GROUP-2026-00520,ARU_GROUP,2026,8,BST,5900,Shared service allocation / recovery,71242,0,71242,Shared services allocated,ALLOC-2026,NONCASH_OR_OPENING,SYNTHETIC_CALIBRATION,PUBLIC_SYNTHETIC_DIEGETIC,LOCKED_DERIVED_IMPLEMENTATION,2026-09-05,2026-08-31,2026-09-05
ARU_GROUP-2026-00520,ARU_GROUP,2026,8,BST,2100,Operating accruals,0,71242,-71242,Shared services allocated,ALLOC-2026,NONCASH_OR_OPENING,SYNTHETIC_CALIBRATION,PUBLIC_SYNTHETIC_DIEGETIC,LOCKED_DERIVED_IMPLEMENTATION,2026-09-05,2026-08-31,2026-09-05
ARU_GROUP-2026-00521,ARU_GROUP,2026,8,ARU,2100,Operating accruals,71242,0,71242,Shared services recovered,ALLOC-2026,NONCASH_OR_OPENING,SYNTHETIC_CALIBRATION,PUBLIC_SYNTHETIC_DIEGETIC,LOCKED_DERIVED_IMPLEMENTATION,2026-09-05,2026-08-31,2026-09-05
ARU_GROUP-2026-00521,ARU_GROUP,2026,8,ARU,5900,Shared service allocation / recovery,0,71242,-71242,Shared services recovered,ALLOC-2026,NONCASH_OR_OPENING,SYNTHETIC_CALIBRATION,PUBLIC_SYNTHETIC_DIEGETIC,LOCKED_DERIVED_IMPLEMENTATION,2026-09-05,2026-08-31,2026-09-05
ARU_GROUP-2026-00522,ARU_GROUP,2026,8,TERMINALS,5000,Payroll and employer burden,194936,0,194936,2026 loaded payroll under source cost index and unchanged census,PAYROLL-2026,NONCASH_OR_OPENING,SYNTHETIC_CALIBRATION,PUBLIC_SYNTHETIC_DIEGETIC,LOCKED_DERIVED_IMPLEMENTATION,2026-09-05,2026-08-31,2026-09-05
ARU_GROUP-2026-00522,ARU_GROUP,2026,8,TERMINALS,2000,Trade payables,0,194936,-194936,2026 loaded payroll under source cost index and unchanged census,PAYROLL-2026,NONCASH_OR_OPENING,SYNTHETIC_CALIBRATION,PUBLIC_SYNTHETIC_DIEGETIC,LOCKED_DERIVED_IMPLEMENTATION,2026-09-05,2026-08-31,2026-09-05
ARU_GROUP-2026-00523,ARU_GROUP,2026,8,TERMINALS,5100,External operating cost,504606,0,504606,External suppliers under source cost index,OPEX-2026,NONCASH_OR_OPENING,SYNTHETIC_CALIBRATION,PUBLIC_SYNTHETIC_DIEGETIC,LOCKED_DERIVED_IMPLEMENTATION,2026-09-05,2026-08-31,2026-09-05
ARU_GROUP-2026-00523,ARU_GROUP,2026,8,TERMINALS,2000,Trade payables,0,504606,-504606,External suppliers under source cost index,OPEX-2026,NONCASH_OR_OPENING,SYNTHETIC_CALIBRATION,PUBLIC_SYNTHETIC_DIEGETIC,LOCKED_DERIVED_IMPLEMENTATION,2026-09-05,2026-08-31,2026-09-05
ARU_GROUP-2026-00524,ARU_GROUP,2026,8,TERMINALS,5900,Shared service allocation / recovery,47208,0,47208,Shared services allocated,ALLOC-2026,NONCASH_OR_OPENING,SYNTHETIC_CALIBRATION,PUBLIC_SYNTHETIC_DIEGETIC,LOCKED_DERIVED_IMPLEMENTATION,2026-09-05,2026-08-31,2026-09-05
ARU_GROUP-2026-00524,ARU_GROUP,2026,8,TERMINALS,2100,Operating accruals,0,47208,-47208,Shared services allocated,ALLOC-2026,NONCASH_OR_OPENING,SYNTHETIC_CALIBRATION,PUBLIC_SYNTHETIC_DIEGETIC,LOCKED_DERIVED_IMPLEMENTATION,2026-09-05,2026-08-31,2026-09-05
ARU_GROUP-2026-00525,ARU_GROUP,2026,8,ARU,2100,Operating accruals,47208,0,47208,Shared services recovered,ALLOC-2026,NONCASH_OR_OPENING,SYNTHETIC_CALIBRATION,PUBLIC_SYNTHETIC_DIEGETIC,LOCKED_DERIVED_IMPLEMENTATION,2026-09-05,2026-08-31,2026-09-05
ARU_GROUP-2026-00525,ARU_GROUP,2026,8,ARU,5900,Shared service allocation / recovery,0,47208,-47208,Shared services recovered,ALLOC-2026,NONCASH_OR_OPENING,SYNTHETIC_CALIBRATION,PUBLIC_SYNTHETIC_DIEGETIC,LOCKED_DERIVED_IMPLEMENTATION,2026-09-05,2026-08-31,2026-09-05
ARU_GROUP-2026-00526,ARU_GROUP,2026,8,TRUCKING,5000,Payroll and employer burden,188464,0,188464,2026 loaded payroll under source cost index and unchanged census,PAYROLL-2026,NONCASH_OR_OPENING,SYNTHETIC_CALIBRATION,PUBLIC_SYNTHETIC_DIEGETIC,LOCKED_DERIVED_IMPLEMENTATION,2026-09-05,2026-08-31,2026-09-05
ARU_GROUP-2026-00526,ARU_GROUP,2026,8,TRUCKING,2000,Trade payables,0,188464,-188464,2026 loaded payroll under source cost index and unchanged census,PAYROLL-2026,NONCASH_OR_OPENING,SYNTHETIC_CALIBRATION,PUBLIC_SYNTHETIC_DIEGETIC,LOCKED_DERIVED_IMPLEMENTATION,2026-09-05,2026-08-31,2026-09-05
ARU_GROUP-2026-00527,ARU_GROUP,2026,8,TRUCKING,5100,External operating cost,299069,0,299069,External suppliers under source cost index,OPEX-2026,NONCASH_OR_OPENING,SYNTHETIC_CALIBRATION,PUBLIC_SYNTHETIC_DIEGETIC,LOCKED_DERIVED_IMPLEMENTATION,2026-09-05,2026-08-31,2026-09-05
ARU_GROUP-2026-00527,ARU_GROUP,2026,8,TRUCKING,2000,Trade payables,0,299069,-299069,External suppliers under source cost index,OPEX-2026,NONCASH_OR_OPENING,SYNTHETIC_CALIBRATION,PUBLIC_SYNTHETIC_DIEGETIC,LOCKED_DERIVED_IMPLEMENTATION,2026-09-05,2026-08-31,2026-09-05
ARU_GROUP-2026-00528,ARU_GROUP,2026,8,TRUCKING,5900,Shared service allocation / recovery,27467,0,27467,Shared services allocated,ALLOC-2026,NONCASH_OR_OPENING,SYNTHETIC_CALIBRATION,PUBLIC_SYNTHETIC_DIEGETIC,LOCKED_DERIVED_IMPLEMENTATION,2026-09-05,2026-08-31,2026-09-05
ARU_GROUP-2026-00528,ARU_GROUP,2026,8,TRUCKING,2100,Operating accruals,0,27467,-27467,Shared services allocated,ALLOC-2026,NONCASH_OR_OPENING,SYNTHETIC_CALIBRATION,PUBLIC_SYNTHETIC_DIEGETIC,LOCKED_DERIVED_IMPLEMENTATION,2026-09-05,2026-08-31,2026-09-05
ARU_GROUP-2026-00529,ARU_GROUP,2026,8,ARU,2100,Operating accruals,27467,0,27467,Shared services recovered,ALLOC-2026,NONCASH_OR_OPENING,SYNTHETIC_CALIBRATION,PUBLIC_SYNTHETIC_DIEGETIC,LOCKED_DERIVED_IMPLEMENTATION,2026-09-05,2026-08-31,2026-09-05
ARU_GROUP-2026-00529,ARU_GROUP,2026,8,ARU,5900,Shared service allocation / recovery,0,27467,-27467,Shared services recovered,ALLOC-2026,NONCASH_OR_OPENING,SYNTHETIC_CALIBRATION,PUBLIC_SYNTHETIC_DIEGETIC,LOCKED_DERIVED_IMPLEMENTATION,2026-09-05,2026-08-31,2026-09-05
ARU_GROUP-2026-00530,ARU_GROUP,2026,8,WAREHOUSE,5000,Payroll and employer burden,89490,0,89490,2026 loaded payroll under source cost index and unchanged census,PAYROLL-2026,NONCASH_OR_OPENING,SYNTHETIC_CALIBRATION,PUBLIC_SYNTHETIC_DIEGETIC,LOCKED_DERIVED_IMPLEMENTATION,2026-09-05,2026-08-31,2026-09-05
ARU_GROUP-2026-00530,ARU_GROUP,2026,8,WAREHOUSE,2000,Trade payables,0,89490,-89490,2026 loaded payroll under source cost index and unchanged census,PAYROLL-2026,NONCASH_OR_OPENING,SYNTHETIC_CALIBRATION,PUBLIC_SYNTHETIC_DIEGETIC,LOCKED_DERIVED_IMPLEMENTATION,2026-09-05,2026-08-31,2026-09-05
ARU_GROUP-2026-00531,ARU_GROUP,2026,8,WAREHOUSE,5100,External operating cost,169727,0,169727,External suppliers under source cost index,OPEX-2026,NONCASH_OR_OPENING,SYNTHETIC_CALIBRATION,PUBLIC_SYNTHETIC_DIEGETIC,LOCKED_DERIVED_IMPLEMENTATION,2026-09-05,2026-08-31,2026-09-05
ARU_GROUP-2026-00531,ARU_GROUP,2026,8,WAREHOUSE,2000,Trade payables,0,169727,-169727,External suppliers under source cost index,OPEX-2026,NONCASH_OR_OPENING,SYNTHETIC_CALIBRATION,PUBLIC_SYNTHETIC_DIEGETIC,LOCKED_DERIVED_IMPLEMENTATION,2026-09-05,2026-08-31,2026-09-05
ARU_GROUP-2026-00532,ARU_GROUP,2026,8,WAREHOUSE,5900,Shared service allocation / recovery,24033,0,24033,Shared services allocated,ALLOC-2026,NONCASH_OR_OPENING,SYNTHETIC_CALIBRATION,PUBLIC_SYNTHETIC_DIEGETIC,LOCKED_DERIVED_IMPLEMENTATION,2026-09-05,2026-08-31,2026-09-05
ARU_GROUP-2026-00532,ARU_GROUP,2026,8,WAREHOUSE,2100,Operating accruals,0,24033,-24033,Shared services allocated,ALLOC-2026,NONCASH_OR_OPENING,SYNTHETIC_CALIBRATION,PUBLIC_SYNTHETIC_DIEGETIC,LOCKED_DERIVED_IMPLEMENTATION,2026-09-05,2026-08-31,2026-09-05
ARU_GROUP-2026-00533,ARU_GROUP,2026,8,ARU,2100,Operating accruals,24033,0,24033,Shared services recovered,ALLOC-2026,NONCASH_OR_OPENING,SYNTHETIC_CALIBRATION,PUBLIC_SYNTHETIC_DIEGETIC,LOCKED_DERIVED_IMPLEMENTATION,2026-09-05,2026-08-31,2026-09-05
ARU_GROUP-2026-00533,ARU_GROUP,2026,8,ARU,5900,Shared service allocation / recovery,0,24033,-24033,Shared services recovered,ALLOC-2026,NONCASH_OR_OPENING,SYNTHETIC_CALIBRATION,PUBLIC_SYNTHETIC_DIEGETIC,LOCKED_DERIVED_IMPLEMENTATION,2026-09-05,2026-08-31,2026-09-05
ARU_GROUP-2026-00534,ARU_GROUP,2026,8,ARU,5000,Payroll and employer burden,139814,0,139814,2026 loaded payroll under source cost index and unchanged census,PAYROLL-2026,NONCASH_OR_OPENING,SYNTHETIC_CALIBRATION,PUBLIC_SYNTHETIC_DIEGETIC,LOCKED_DERIVED_IMPLEMENTATION,2026-09-05,2026-08-31,2026-09-05
ARU_GROUP-2026-00534,ARU_GROUP,2026,8,ARU,2000,Trade payables,0,139814,-139814,2026 loaded payroll under source cost index and unchanged census,PAYROLL-2026,NONCASH_OR_OPENING,SYNTHETIC_CALIBRATION,PUBLIC_SYNTHETIC_DIEGETIC,LOCKED_DERIVED_IMPLEMENTATION,2026-09-05,2026-08-31,2026-09-05
ARU_GROUP-2026-00535,ARU_GROUP,2026,8,ARU,5100,External operating cost,47303,0,47303,External suppliers under source cost index,OPEX-2026,NONCASH_OR_OPENING,SYNTHETIC_CALIBRATION,PUBLIC_SYNTHETIC_DIEGETIC,LOCKED_DERIVED_IMPLEMENTATION,2026-09-05,2026-08-31,2026-09-05
ARU_GROUP-2026-00535,ARU_GROUP,2026,8,ARU,2000,Trade payables,0,47303,-47303,External suppliers under source cost index,OPEX-2026,NONCASH_OR_OPENING,SYNTHETIC_CALIBRATION,PUBLIC_SYNTHETIC_DIEGETIC,LOCKED_DERIVED_IMPLEMENTATION,2026-09-05,2026-08-31,2026-09-05
ARU_GROUP-2026-00536,ARU_GROUP,2026,8,ARU,1200,Inventory cash cost,4500,0,4500,Forecast working capital purchases,WC26-inventory,NONCASH_OR_OPENING,SYNTHETIC_CALIBRATION,PUBLIC_SYNTHETIC_DIEGETIC,LOCKED_DERIVED_IMPLEMENTATION,2026-09-05,2026-08-31,2026-09-05
ARU_GROUP-2026-00536,ARU_GROUP,2026,8,ARU,2000,Trade payables,0,4500,-4500,Forecast working capital purchases,WC26-inventory,NONCASH_OR_OPENING,SYNTHETIC_CALIBRATION,PUBLIC_SYNTHETIC_DIEGETIC,LOCKED_DERIVED_IMPLEMENTATION,2026-09-05,2026-08-31,2026-09-05
ARU_GROUP-2026-00537,ARU_GROUP,2026,8,ARU,1300,Prepaids,1750,0,1750,Forecast working capital purchases,WC26-prepaids,NONCASH_OR_OPENING,SYNTHETIC_CALIBRATION,PUBLIC_SYNTHETIC_DIEGETIC,LOCKED_DERIVED_IMPLEMENTATION,2026-09-05,2026-08-31,2026-09-05
ARU_GROUP-2026-00537,ARU_GROUP,2026,8,ARU,2000,Trade payables,0,1750,-1750,Forecast working capital purchases,WC26-prepaids,NONCASH_OR_OPENING,SYNTHETIC_CALIBRATION,PUBLIC_SYNTHETIC_DIEGETIC,LOCKED_DERIVED_IMPLEMENTATION,2026-09-05,2026-08-31,2026-09-05
ARU_GROUP-2026-00538,ARU_GROUP,2026,8,ARU,2000,Trade payables,2500,0,2500,Operating accrual growth,WC26-ACCRUAL,NONCASH_OR_OPENING,SYNTHETIC_CALIBRATION,PUBLIC_SYNTHETIC_DIEGETIC,LOCKED_DERIVED_IMPLEMENTATION,2026-09-05,2026-08-31,2026-09-05
ARU_GROUP-2026-00538,ARU_GROUP,2026,8,ARU,2100,Operating accruals,0,2500,-2500,Operating accrual growth,WC26-ACCRUAL,NONCASH_OR_OPENING,SYNTHETIC_CALIBRATION,PUBLIC_SYNTHETIC_DIEGETIC,LOCKED_DERIVED_IMPLEMENTATION,2026-09-05,2026-08-31,2026-09-05
ARU_GROUP-2026-00539,ARU_GROUP,2026,8,ARU,1100,"External receivables, net of allowance",0,3829683,-3829683,External invoice collections,AR26,OPERATING,SYNTHETIC_CALIBRATION,PUBLIC_SYNTHETIC_DIEGETIC,LOCKED_DERIVED_IMPLEMENTATION,2026-09-05,2026-08-31,2026-09-05
ARU_GROUP-2026-00539,ARU_GROUP,2026,8,ARU,1000,Cash,3829683,0,3829683,External invoice collections,AR26,OPERATING,SYNTHETIC_CALIBRATION,PUBLIC_SYNTHETIC_DIEGETIC,LOCKED_DERIVED_IMPLEMENTATION,2026-09-05,2026-08-31,2026-09-05
ARU_GROUP-2026-00540,ARU_GROUP,2026,8,ARU,2000,Trade payables,2760084,0,2760084,Payroll/supplier settlement,AP26,OPERATING,SYNTHETIC_CALIBRATION,PUBLIC_SYNTHETIC_DIEGETIC,LOCKED_DERIVED_IMPLEMENTATION,2026-09-05,2026-08-31,2026-09-05
ARU_GROUP-2026-00540,ARU_GROUP,2026,8,ARU,1000,Cash,0,2760084,-2760084,Payroll/supplier settlement,AP26,OPERATING,SYNTHETIC_CALIBRATION,PUBLIC_SYNTHETIC_DIEGETIC,LOCKED_DERIVED_IMPLEMENTATION,2026-09-05,2026-08-31,2026-09-05
ARU_GROUP-2026-00541,ARU_GROUP,2026,8,BST,1150,Intercompany receivable,1900,0,1900,Red Wash service invoice,IC-2026-08-acid-BST,NONCASH_OR_OPENING,SYNTHETIC_CALIBRATION,PUBLIC_SYNTHETIC_DIEGETIC,LOCKED_DERIVED_IMPLEMENTATION,2026-09-05,2026-08-31,2026-09-05
ARU_GROUP-2026-00541,ARU_GROUP,2026,8,BST,4100,Intercompany service revenue,0,1900,-1900,Red Wash service invoice,IC-2026-08-acid-BST,NONCASH_OR_OPENING,SYNTHETIC_CALIBRATION,PUBLIC_SYNTHETIC_DIEGETIC,LOCKED_DERIVED_IMPLEMENTATION,2026-09-05,2026-08-31,2026-09-05
ARU_GROUP-2026-00542,ARU_GROUP,2026,8,BST,5200,Incremental interface external operating cost,820,0,820,Interface physical cost-to-serve,IC-2026-08-acid-BST,OPERATING,SYNTHETIC_CALIBRATION,PUBLIC_SYNTHETIC_DIEGETIC,LOCKED_DERIVED_IMPLEMENTATION,2026-09-05,2026-08-31,2026-09-05
ARU_GROUP-2026-00542,ARU_GROUP,2026,8,BST,1000,Cash,0,820,-820,Interface physical cost-to-serve,IC-2026-08-acid-BST,OPERATING,SYNTHETIC_CALIBRATION,PUBLIC_SYNTHETIC_DIEGETIC,LOCKED_DERIVED_IMPLEMENTATION,2026-09-05,2026-08-31,2026-09-05
ARU_GROUP-2026-00543,ARU_GROUP,2026,8,TERMINALS,1150,Intercompany receivable,1400,0,1400,Red Wash service invoice,IC-2026-08-acid-TERMINALS,NONCASH_OR_OPENING,SYNTHETIC_CALIBRATION,PUBLIC_SYNTHETIC_DIEGETIC,LOCKED_DERIVED_IMPLEMENTATION,2026-09-05,2026-08-31,2026-09-05
ARU_GROUP-2026-00543,ARU_GROUP,2026,8,TERMINALS,4100,Intercompany service revenue,0,1400,-1400,Red Wash service invoice,IC-2026-08-acid-TERMINALS,NONCASH_OR_OPENING,SYNTHETIC_CALIBRATION,PUBLIC_SYNTHETIC_DIEGETIC,LOCKED_DERIVED_IMPLEMENTATION,2026-09-05,2026-08-31,2026-09-05
ARU_GROUP-2026-00544,ARU_GROUP,2026,8,TERMINALS,5200,Incremental interface external operating cost,780,0,780,Interface physical cost-to-serve,IC-2026-08-acid-TERMINALS,OPERATING,SYNTHETIC_CALIBRATION,PUBLIC_SYNTHETIC_DIEGETIC,LOCKED_DERIVED_IMPLEMENTATION,2026-09-05,2026-08-31,2026-09-05
ARU_GROUP-2026-00544,ARU_GROUP,2026,8,TERMINALS,1000,Cash,0,780,-780,Interface physical cost-to-serve,IC-2026-08-acid-TERMINALS,OPERATING,SYNTHETIC_CALIBRATION,PUBLIC_SYNTHETIC_DIEGETIC,LOCKED_DERIVED_IMPLEMENTATION,2026-09-05,2026-08-31,2026-09-05
ARU_GROUP-2026-00545,ARU_GROUP,2026,8,TRUCKING,1150,Intercompany receivable,2720,0,2720,Red Wash service invoice,IC-2026-08-acid-TRUCKING,NONCASH_OR_OPENING,SYNTHETIC_CALIBRATION,PUBLIC_SYNTHETIC_DIEGETIC,LOCKED_DERIVED_IMPLEMENTATION,2026-09-05,2026-08-31,2026-09-05
ARU_GROUP-2026-00545,ARU_GROUP,2026,8,TRUCKING,4100,Intercompany service revenue,0,2720,-2720,Red Wash service invoice,IC-2026-08-acid-TRUCKING,NONCASH_OR_OPENING,SYNTHETIC_CALIBRATION,PUBLIC_SYNTHETIC_DIEGETIC,LOCKED_DERIVED_IMPLEMENTATION,2026-09-05,2026-08-31,2026-09-05
ARU_GROUP-2026-00546,ARU_GROUP,2026,8,TRUCKING,5200,Incremental interface external operating cost,1840,0,1840,Interface physical cost-to-serve,IC-2026-08-acid-TRUCKING,OPERATING,SYNTHETIC_CALIBRATION,PUBLIC_SYNTHETIC_DIEGETIC,LOCKED_DERIVED_IMPLEMENTATION,2026-09-05,2026-08-31,2026-09-05
ARU_GROUP-2026-00546,ARU_GROUP,2026,8,TRUCKING,1000,Cash,0,1840,-1840,Interface physical cost-to-serve,IC-2026-08-acid-TRUCKING,OPERATING,SYNTHETIC_CALIBRATION,PUBLIC_SYNTHETIC_DIEGETIC,LOCKED_DERIVED_IMPLEMENTATION,2026-09-05,2026-08-31,2026-09-05
ARU_GROUP-2026-00547,ARU_GROUP,2026,8,BST,1150,Intercompany receivable,1700,0,1700,Red Wash service invoice,IC-2026-08-binder-BST,NONCASH_OR_OPENING,SYNTHETIC_CALIBRATION,PUBLIC_SYNTHETIC_DIEGETIC,LOCKED_DERIVED_IMPLEMENTATION,2026-09-05,2026-08-31,2026-09-05
ARU_GROUP-2026-00547,ARU_GROUP,2026,8,BST,4100,Intercompany service revenue,0,1700,-1700,Red Wash service invoice,IC-2026-08-binder-BST,NONCASH_OR_OPENING,SYNTHETIC_CALIBRATION,PUBLIC_SYNTHETIC_DIEGETIC,LOCKED_DERIVED_IMPLEMENTATION,2026-09-05,2026-08-31,2026-09-05
ARU_GROUP-2026-00548,ARU_GROUP,2026,8,BST,5200,Incremental interface external operating cost,720,0,720,Interface physical cost-to-serve,IC-2026-08-binder-BST,OPERATING,SYNTHETIC_CALIBRATION,PUBLIC_SYNTHETIC_DIEGETIC,LOCKED_DERIVED_IMPLEMENTATION,2026-09-05,2026-08-31,2026-09-05
ARU_GROUP-2026-00548,ARU_GROUP,2026,8,BST,1000,Cash,0,720,-720,Interface physical cost-to-serve,IC-2026-08-binder-BST,OPERATING,SYNTHETIC_CALIBRATION,PUBLIC_SYNTHETIC_DIEGETIC,LOCKED_DERIVED_IMPLEMENTATION,2026-09-05,2026-08-31,2026-09-05
ARU_GROUP-2026-00549,ARU_GROUP,2026,8,TERMINALS,1150,Intercompany receivable,800,0,800,Red Wash service invoice,IC-2026-08-binder-TERMINALS,NONCASH_OR_OPENING,SYNTHETIC_CALIBRATION,PUBLIC_SYNTHETIC_DIEGETIC,LOCKED_DERIVED_IMPLEMENTATION,2026-09-05,2026-08-31,2026-09-05
ARU_GROUP-2026-00549,ARU_GROUP,2026,8,TERMINALS,4100,Intercompany service revenue,0,800,-800,Red Wash service invoice,IC-2026-08-binder-TERMINALS,NONCASH_OR_OPENING,SYNTHETIC_CALIBRATION,PUBLIC_SYNTHETIC_DIEGETIC,LOCKED_DERIVED_IMPLEMENTATION,2026-09-05,2026-08-31,2026-09-05
ARU_GROUP-2026-00550,ARU_GROUP,2026,8,TERMINALS,5200,Incremental interface external operating cost,460,0,460,Interface physical cost-to-serve,IC-2026-08-binder-TERMINALS,OPERATING,SYNTHETIC_CALIBRATION,PUBLIC_SYNTHETIC_DIEGETIC,LOCKED_DERIVED_IMPLEMENTATION,2026-09-05,2026-08-31,2026-09-05
ARU_GROUP-2026-00550,ARU_GROUP,2026,8,TERMINALS,1000,Cash,0,460,-460,Interface physical cost-to-serve,IC-2026-08-binder-TERMINALS,OPERATING,SYNTHETIC_CALIBRATION,PUBLIC_SYNTHETIC_DIEGETIC,LOCKED_DERIVED_IMPLEMENTATION,2026-09-05,2026-08-31,2026-09-05
ARU_GROUP-2026-00551,ARU_GROUP,2026,8,TRUCKING,1150,Intercompany receivable,2280,0,2280,Red Wash service invoice,IC-2026-08-binder-TRUCKING,NONCASH_OR_OPENING,SYNTHETIC_CALIBRATION,PUBLIC_SYNTHETIC_DIEGETIC,LOCKED_DERIVED_IMPLEMENTATION,2026-09-05,2026-08-31,2026-09-05
ARU_GROUP-2026-00551,ARU_GROUP,2026,8,TRUCKING,4100,Intercompany service revenue,0,2280,-2280,Red Wash service invoice,IC-2026-08-binder-TRUCKING,NONCASH_OR_OPENING,SYNTHETIC_CALIBRATION,PUBLIC_SYNTHETIC_DIEGETIC,LOCKED_DERIVED_IMPLEMENTATION,2026-09-05,2026-08-31,2026-09-05
ARU_GROUP-2026-00552,ARU_GROUP,2026,8,TRUCKING,5200,Incremental interface external operating cost,1520,0,1520,Interface physical cost-to-serve,IC-2026-08-binder-TRUCKING,OPERATING,SYNTHETIC_CALIBRATION,PUBLIC_SYNTHETIC_DIEGETIC,LOCKED_DERIVED_IMPLEMENTATION,2026-09-05,2026-08-31,2026-09-05
ARU_GROUP-2026-00552,ARU_GROUP,2026,8,TRUCKING,1000,Cash,0,1520,-1520,Interface physical cost-to-serve,IC-2026-08-binder-TRUCKING,OPERATING,SYNTHETIC_CALIBRATION,PUBLIC_SYNTHETIC_DIEGETIC,LOCKED_DERIVED_IMPLEMENTATION,2026-09-05,2026-08-31,2026-09-05
ARU_GROUP-2026-00553,ARU_GROUP,2026,8,BST,1150,Intercompany receivable,850,0,850,Red Wash service invoice,IC-2026-08-lime-BST,NONCASH_OR_OPENING,SYNTHETIC_CALIBRATION,PUBLIC_SYNTHETIC_DIEGETIC,LOCKED_DERIVED_IMPLEMENTATION,2026-09-05,2026-08-31,2026-09-05
ARU_GROUP-2026-00553,ARU_GROUP,2026,8,BST,4100,Intercompany service revenue,0,850,-850,Red Wash service invoice,IC-2026-08-lime-BST,NONCASH_OR_OPENING,SYNTHETIC_CALIBRATION,PUBLIC_SYNTHETIC_DIEGETIC,LOCKED_DERIVED_IMPLEMENTATION,2026-09-05,2026-08-31,2026-09-05
ARU_GROUP-2026-00554,ARU_GROUP,2026,8,BST,5200,Incremental interface external operating cost,360,0,360,Interface physical cost-to-serve,IC-2026-08-lime-BST,OPERATING,SYNTHETIC_CALIBRATION,PUBLIC_SYNTHETIC_DIEGETIC,LOCKED_DERIVED_IMPLEMENTATION,2026-09-05,2026-08-31,2026-09-05
ARU_GROUP-2026-00554,ARU_GROUP,2026,8,BST,1000,Cash,0,360,-360,Interface physical cost-to-serve,IC-2026-08-lime-BST,OPERATING,SYNTHETIC_CALIBRATION,PUBLIC_SYNTHETIC_DIEGETIC,LOCKED_DERIVED_IMPLEMENTATION,2026-09-05,2026-08-31,2026-09-05
ARU_GROUP-2026-00555,ARU_GROUP,2026,8,TERMINALS,1150,Intercompany receivable,450,0,450,Red Wash service invoice,IC-2026-08-lime-TERMINALS,NONCASH_OR_OPENING,SYNTHETIC_CALIBRATION,PUBLIC_SYNTHETIC_DIEGETIC,LOCKED_DERIVED_IMPLEMENTATION,2026-09-05,2026-08-31,2026-09-05
ARU_GROUP-2026-00555,ARU_GROUP,2026,8,TERMINALS,4100,Intercompany service revenue,0,450,-450,Red Wash service invoice,IC-2026-08-lime-TERMINALS,NONCASH_OR_OPENING,SYNTHETIC_CALIBRATION,PUBLIC_SYNTHETIC_DIEGETIC,LOCKED_DERIVED_IMPLEMENTATION,2026-09-05,2026-08-31,2026-09-05
ARU_GROUP-2026-00556,ARU_GROUP,2026,8,TERMINALS,5200,Incremental interface external operating cost,250,0,250,Interface physical cost-to-serve,IC-2026-08-lime-TERMINALS,OPERATING,SYNTHETIC_CALIBRATION,PUBLIC_SYNTHETIC_DIEGETIC,LOCKED_DERIVED_IMPLEMENTATION,2026-09-05,2026-08-31,2026-09-05
ARU_GROUP-2026-00556,ARU_GROUP,2026,8,TERMINALS,1000,Cash,0,250,-250,Interface physical cost-to-serve,IC-2026-08-lime-TERMINALS,OPERATING,SYNTHETIC_CALIBRATION,PUBLIC_SYNTHETIC_DIEGETIC,LOCKED_DERIVED_IMPLEMENTATION,2026-09-05,2026-08-31,2026-09-05
ARU_GROUP-2026-00557,ARU_GROUP,2026,8,TRUCKING,1150,Intercompany receivable,1200,0,1200,Red Wash service invoice,IC-2026-08-lime-TRUCKING,NONCASH_OR_OPENING,SYNTHETIC_CALIBRATION,PUBLIC_SYNTHETIC_DIEGETIC,LOCKED_DERIVED_IMPLEMENTATION,2026-09-05,2026-08-31,2026-09-05
ARU_GROUP-2026-00557,ARU_GROUP,2026,8,TRUCKING,4100,Intercompany service revenue,0,1200,-1200,Red Wash service invoice,IC-2026-08-lime-TRUCKING,NONCASH_OR_OPENING,SYNTHETIC_CALIBRATION,PUBLIC_SYNTHETIC_DIEGETIC,LOCKED_DERIVED_IMPLEMENTATION,2026-09-05,2026-08-31,2026-09-05
ARU_GROUP-2026-00558,ARU_GROUP,2026,8,TRUCKING,5200,Incremental interface external operating cost,800,0,800,Interface physical cost-to-serve,IC-2026-08-lime-TRUCKING,OPERATING,SYNTHETIC_CALIBRATION,PUBLIC_SYNTHETIC_DIEGETIC,LOCKED_DERIVED_IMPLEMENTATION,2026-09-05,2026-08-31,2026-09-05
ARU_GROUP-2026-00558,ARU_GROUP,2026,8,TRUCKING,1000,Cash,0,800,-800,Interface physical cost-to-serve,IC-2026-08-lime-TRUCKING,OPERATING,SYNTHETIC_CALIBRATION,PUBLIC_SYNTHETIC_DIEGETIC,LOCKED_DERIVED_IMPLEMENTATION,2026-09-05,2026-08-31,2026-09-05
ARU_GROUP-2026-00559,ARU_GROUP,2026,8,BST,1150,Intercompany receivable,750,0,750,Red Wash service invoice,IC-2026-08-mro-BST,NONCASH_OR_OPENING,SYNTHETIC_CALIBRATION,PUBLIC_SYNTHETIC_DIEGETIC,LOCKED_DERIVED_IMPLEMENTATION,2026-09-05,2026-08-31,2026-09-05
ARU_GROUP-2026-00559,ARU_GROUP,2026,8,BST,4100,Intercompany service revenue,0,750,-750,Red Wash service invoice,IC-2026-08-mro-BST,NONCASH_OR_OPENING,SYNTHETIC_CALIBRATION,PUBLIC_SYNTHETIC_DIEGETIC,LOCKED_DERIVED_IMPLEMENTATION,2026-09-05,2026-08-31,2026-09-05
ARU_GROUP-2026-00560,ARU_GROUP,2026,8,BST,5200,Incremental interface external operating cost,300,0,300,Interface physical cost-to-serve,IC-2026-08-mro-BST,OPERATING,SYNTHETIC_CALIBRATION,PUBLIC_SYNTHETIC_DIEGETIC,LOCKED_DERIVED_IMPLEMENTATION,2026-09-05,2026-08-31,2026-09-05
ARU_GROUP-2026-00560,ARU_GROUP,2026,8,BST,1000,Cash,0,300,-300,Interface physical cost-to-serve,IC-2026-08-mro-BST,OPERATING,SYNTHETIC_CALIBRATION,PUBLIC_SYNTHETIC_DIEGETIC,LOCKED_DERIVED_IMPLEMENTATION,2026-09-05,2026-08-31,2026-09-05
ARU_GROUP-2026-00561,ARU_GROUP,2026,8,TERMINALS,1150,Intercompany receivable,500,0,500,Red Wash service invoice,IC-2026-08-mro-TERMINALS,NONCASH_OR_OPENING,SYNTHETIC_CALIBRATION,PUBLIC_SYNTHETIC_DIEGETIC,LOCKED_DERIVED_IMPLEMENTATION,2026-09-05,2026-08-31,2026-09-05
ARU_GROUP-2026-00561,ARU_GROUP,2026,8,TERMINALS,4100,Intercompany service revenue,0,500,-500,Red Wash service invoice,IC-2026-08-mro-TERMINALS,NONCASH_OR_OPENING,SYNTHETIC_CALIBRATION,PUBLIC_SYNTHETIC_DIEGETIC,LOCKED_DERIVED_IMPLEMENTATION,2026-09-05,2026-08-31,2026-09-05
ARU_GROUP-2026-00562,ARU_GROUP,2026,8,TERMINALS,5200,Incremental interface external operating cost,290,0,290,Interface physical cost-to-serve,IC-2026-08-mro-TERMINALS,OPERATING,SYNTHETIC_CALIBRATION,PUBLIC_SYNTHETIC_DIEGETIC,LOCKED_DERIVED_IMPLEMENTATION,2026-09-05,2026-08-31,2026-09-05
ARU_GROUP-2026-00562,ARU_GROUP,2026,8,TERMINALS,1000,Cash,0,290,-290,Interface physical cost-to-serve,IC-2026-08-mro-TERMINALS,OPERATING,SYNTHETIC_CALIBRATION,PUBLIC_SYNTHETIC_DIEGETIC,LOCKED_DERIVED_IMPLEMENTATION,2026-09-05,2026-08-31,2026-09-05
ARU_GROUP-2026-00563,ARU_GROUP,2026,8,TRUCKING,1150,Intercompany receivable,650,0,650,Red Wash service invoice,IC-2026-08-mro-TRUCKING,NONCASH_OR_OPENING,SYNTHETIC_CALIBRATION,PUBLIC_SYNTHETIC_DIEGETIC,LOCKED_DERIVED_IMPLEMENTATION,2026-09-05,2026-08-31,2026-09-05
ARU_GROUP-2026-00563,ARU_GROUP,2026,8,TRUCKING,4100,Intercompany service revenue,0,650,-650,Red Wash service invoice,IC-2026-08-mro-TRUCKING,NONCASH_OR_OPENING,SYNTHETIC_CALIBRATION,PUBLIC_SYNTHETIC_DIEGETIC,LOCKED_DERIVED_IMPLEMENTATION,2026-09-05,2026-08-31,2026-09-05
ARU_GROUP-2026-00564,ARU_GROUP,2026,8,TRUCKING,5200,Incremental interface external operating cost,440,0,440,Interface physical cost-to-serve,IC-2026-08-mro-TRUCKING,OPERATING,SYNTHETIC_CALIBRATION,PUBLIC_SYNTHETIC_DIEGETIC,LOCKED_DERIVED_IMPLEMENTATION,2026-09-05,2026-08-31,2026-09-05
ARU_GROUP-2026-00564,ARU_GROUP,2026,8,TRUCKING,1000,Cash,0,440,-440,Interface physical cost-to-serve,IC-2026-08-mro-TRUCKING,OPERATING,SYNTHETIC_CALIBRATION,PUBLIC_SYNTHETIC_DIEGETIC,LOCKED_DERIVED_IMPLEMENTATION,2026-09-05,2026-08-31,2026-09-05
ARU_GROUP-2026-00565,ARU_GROUP,2026,8,ARU,1150,Intercompany receivable,0,8125,-8125,Prior-month Red Wash invoice settled,IC-PAYMENT,OPERATING,SYNTHETIC_CALIBRATION,PUBLIC_SYNTHETIC_DIEGETIC,LOCKED_DERIVED_IMPLEMENTATION,2026-09-05,2026-08-31,2026-09-05
ARU_GROUP-2026-00565,ARU_GROUP,2026,8,ARU,1000,Cash,8125,0,8125,Prior-month Red Wash invoice settled,IC-PAYMENT,OPERATING,SYNTHETIC_CALIBRATION,PUBLIC_SYNTHETIC_DIEGETIC,LOCKED_DERIVED_IMPLEMENTATION,2026-09-05,2026-08-31,2026-09-05
ARU_GROUP-2026-00566,ARU_GROUP,2026,8,BST,5200,Incremental interface external operating cost,1000,0,1000,Interface standby/insurance/maintenance/compliance,IC-FIXED,OPERATING,SYNTHETIC_CALIBRATION,PUBLIC_SYNTHETIC_DIEGETIC,LOCKED_DERIVED_IMPLEMENTATION,2026-09-05,2026-08-31,2026-09-05
ARU_GROUP-2026-00566,ARU_GROUP,2026,8,BST,1000,Cash,0,1000,-1000,Interface standby/insurance/maintenance/compliance,IC-FIXED,OPERATING,SYNTHETIC_CALIBRATION,PUBLIC_SYNTHETIC_DIEGETIC,LOCKED_DERIVED_IMPLEMENTATION,2026-09-05,2026-08-31,2026-09-05
ARU_GROUP-2026-00567,ARU_GROUP,2026,8,TERMINALS,5200,Incremental interface external operating cost,2000,0,2000,Interface standby/insurance/maintenance/compliance,IC-FIXED,OPERATING,SYNTHETIC_CALIBRATION,PUBLIC_SYNTHETIC_DIEGETIC,LOCKED_DERIVED_IMPLEMENTATION,2026-09-05,2026-08-31,2026-09-05
ARU_GROUP-2026-00567,ARU_GROUP,2026,8,TERMINALS,1000,Cash,0,2000,-2000,Interface standby/insurance/maintenance/compliance,IC-FIXED,OPERATING,SYNTHETIC_CALIBRATION,PUBLIC_SYNTHETIC_DIEGETIC,LOCKED_DERIVED_IMPLEMENTATION,2026-09-05,2026-08-31,2026-09-05
ARU_GROUP-2026-00568,ARU_GROUP,2026,8,TRUCKING,5200,Incremental interface external operating cost,1000,0,1000,Interface standby/insurance/maintenance/compliance,IC-FIXED,OPERATING,SYNTHETIC_CALIBRATION,PUBLIC_SYNTHETIC_DIEGETIC,LOCKED_DERIVED_IMPLEMENTATION,2026-09-05,2026-08-31,2026-09-05
ARU_GROUP-2026-00568,ARU_GROUP,2026,8,TRUCKING,1000,Cash,0,1000,-1000,Interface standby/insurance/maintenance/compliance,IC-FIXED,OPERATING,SYNTHETIC_CALIBRATION,PUBLIC_SYNTHETIC_DIEGETIC,LOCKED_DERIVED_IMPLEMENTATION,2026-09-05,2026-08-31,2026-09-05
ARU_GROUP-2026-00569,ARU_GROUP,2026,8,ARU,5700,Retention and seller consulting,42466,0,42466,Retention compensation accrued by service days,RETENTION-POOL,NONCASH_OR_OPENING,SYNTHETIC_CALIBRATION,PUBLIC_SYNTHETIC_DIEGETIC,LOCKED_DERIVED_IMPLEMENTATION,2026-09-05,2026-08-31,2026-09-05
ARU_GROUP-2026-00569,ARU_GROUP,2026,8,ARU,2110,Retention compensation payable,0,42466,-42466,Retention compensation accrued by service days,RETENTION-POOL,NONCASH_OR_OPENING,SYNTHETIC_CALIBRATION,PUBLIC_SYNTHETIC_DIEGETIC,LOCKED_DERIVED_IMPLEMENTATION,2026-09-05,2026-08-31,2026-09-05
ARU_GROUP-2026-00570,ARU_GROUP,2026,8,ARU,5700,Retention and seller consulting,25549,0,25549,"Seller knowledge-transfer consulting, no operating authority",TOLMAN-CONSULTING,OPERATING,SYNTHETIC_CALIBRATION,PUBLIC_SYNTHETIC_DIEGETIC,LOCKED_DERIVED_IMPLEMENTATION,2026-09-05,2026-08-31,2026-09-05
ARU_GROUP-2026-00570,ARU_GROUP,2026,8,ARU,1000,Cash,0,25549,-25549,"Seller knowledge-transfer consulting, no operating authority",TOLMAN-CONSULTING,OPERATING,SYNTHETIC_CALIBRATION,PUBLIC_SYNTHETIC_DIEGETIC,LOCKED_DERIVED_IMPLEMENTATION,2026-09-05,2026-08-31,2026-09-05
ARU_GROUP-2026-00571,ARU_GROUP,2026,8,ARU,5400,Interest and financing fees,135080,0,135080,Term/lease interest and undrawn revolver fee,DEBT26,OPERATING,SYNTHETIC_CALIBRATION,PUBLIC_SYNTHETIC_DIEGETIC,LOCKED_DERIVED_IMPLEMENTATION,2026-09-05,2026-08-31,2026-09-05
ARU_GROUP-2026-00571,ARU_GROUP,2026,8,ARU,1000,Cash,0,135080,-135080,Term/lease interest and undrawn revolver fee,DEBT26,OPERATING,SYNTHETIC_CALIBRATION,PUBLIC_SYNTHETIC_DIEGETIC,LOCKED_DERIVED_IMPLEMENTATION,2026-09-05,2026-08-31,2026-09-05
ARU_GROUP-2026-00572,ARU_GROUP,2026,8,ARU,5400,Interest and financing fees,5000,0,5000,Debt issuance cost amortization,DEBT26-ISSUANCE,NONCASH_OR_OPENING,SYNTHETIC_CALIBRATION,PUBLIC_SYNTHETIC_DIEGETIC,LOCKED_DERIVED_IMPLEMENTATION,2026-09-05,2026-08-31,2026-09-05
ARU_GROUP-2026-00572,ARU_GROUP,2026,8,ARU,1700,"Debt issuance cost, contra term debt",0,5000,-5000,Debt issuance cost amortization,DEBT26-ISSUANCE,NONCASH_OR_OPENING,SYNTHETIC_CALIBRATION,PUBLIC_SYNTHETIC_DIEGETIC,LOCKED_DERIVED_IMPLEMENTATION,2026-09-05,2026-08-31,2026-09-05
ARU_GROUP-2026-00574,ARU_GROUP,2026,8,ARU,2600,Finance lease obligation,42466,0,42466,Finance lease principal,LEASE26,FINANCING,SYNTHETIC_CALIBRATION,PUBLIC_SYNTHETIC_DIEGETIC,LOCKED_DERIVED_IMPLEMENTATION,2026-09-05,2026-08-31,2026-09-05
ARU_GROUP-2026-00574,ARU_GROUP,2026,8,ARU,1000,Cash,0,42466,-42466,Finance lease principal,LEASE26,FINANCING,SYNTHETIC_CALIBRATION,PUBLIC_SYNTHETIC_DIEGETIC,LOCKED_DERIVED_IMPLEMENTATION,2026-09-05,2026-08-31,2026-09-05
ARU_GROUP-2026-00575,ARU_GROUP,2026,8,ARU,3000,Contributed equity,0,1100000,-1100000,Parent equity for catch-up and Phase 1 infrastructure,CAPITAL-FUNDING,FINANCING,SYNTHETIC_CALIBRATION,PUBLIC_SYNTHETIC_DIEGETIC,LOCKED_DERIVED_IMPLEMENTATION,2026-09-05,2026-08-31,2026-09-05
ARU_GROUP-2026-00575,ARU_GROUP,2026,8,ARU,1000,Cash,1100000,0,1100000,Parent equity for catch-up and Phase 1 infrastructure,CAPITAL-FUNDING,FINANCING,SYNTHETIC_CALIBRATION,PUBLIC_SYNTHETIC_DIEGETIC,LOCKED_DERIVED_IMPLEMENTATION,2026-09-05,2026-08-31,2026-09-05
ARU_GROUP-2026-00576,ARU_GROUP,2026,8,ARU,1400,PPE gross,1375000,0,1375000,Sustaining/catch-up/Phase 1 capital additions,CAPEX26,INVESTING,SYNTHETIC_CALIBRATION,PUBLIC_SYNTHETIC_DIEGETIC,LOCKED_DERIVED_IMPLEMENTATION,2026-09-05,2026-08-31,2026-09-05
ARU_GROUP-2026-00576,ARU_GROUP,2026,8,ARU,1000,Cash,0,1375000,-1375000,Sustaining/catch-up/Phase 1 capital additions,CAPEX26,INVESTING,SYNTHETIC_CALIBRATION,PUBLIC_SYNTHETIC_DIEGETIC,LOCKED_DERIVED_IMPLEMENTATION,2026-09-05,2026-08-31,2026-09-05
ARU_GROUP-2026-00577,ARU_GROUP,2026,8,ARU,5300,Depreciation in earnings,252939,0,252939,PPE depreciation and completed program assets,FIXED26,NONCASH_OR_OPENING,SYNTHETIC_CALIBRATION,PUBLIC_SYNTHETIC_DIEGETIC,LOCKED_DERIVED_IMPLEMENTATION,2026-09-05,2026-08-31,2026-09-05
ARU_GROUP-2026-00577,ARU_GROUP,2026,8,ARU,1490,Accumulated PPE depreciation,0,252939,-252939,PPE depreciation and completed program assets,FIXED26,NONCASH_OR_OPENING,SYNTHETIC_CALIBRATION,PUBLIC_SYNTHETIC_DIEGETIC,LOCKED_DERIVED_IMPLEMENTATION,2026-09-05,2026-08-31,2026-09-05
ARU_GROUP-2026-00578,ARU_GROUP,2026,8,ARU,5300,Depreciation in earnings,42466,0,42466,Retained finance lease ROU depreciation,LEASE26,NONCASH_OR_OPENING,SYNTHETIC_CALIBRATION,PUBLIC_SYNTHETIC_DIEGETIC,LOCKED_DERIVED_IMPLEMENTATION,2026-09-05,2026-08-31,2026-09-05
ARU_GROUP-2026-00578,ARU_GROUP,2026,8,ARU,1590,Accumulated finance lease ROU depreciation,0,42466,-42466,Retained finance lease ROU depreciation,LEASE26,NONCASH_OR_OPENING,SYNTHETIC_CALIBRATION,PUBLIC_SYNTHETIC_DIEGETIC,LOCKED_DERIVED_IMPLEMENTATION,2026-09-05,2026-08-31,2026-09-05
ARU_GROUP-2026-00579,ARU_GROUP,2026,8,ARU,5500,Modeled income tax,125687,0,125687,"Cumulative annual current tax, including tax-goodwill amortization",TAX26-CURRENT,NONCASH_OR_OPENING,SYNTHETIC_CALIBRATION,PUBLIC_SYNTHETIC_DIEGETIC,LOCKED_DERIVED_IMPLEMENTATION,2026-09-05,2026-08-31,2026-09-05
ARU_GROUP-2026-00579,ARU_GROUP,2026,8,ARU,2700,Current income tax payable / prepaid,0,125687,-125687,"Cumulative annual current tax, including tax-goodwill amortization",TAX26-CURRENT,NONCASH_OR_OPENING,SYNTHETIC_CALIBRATION,PUBLIC_SYNTHETIC_DIEGETIC,LOCKED_DERIVED_IMPLEMENTATION,2026-09-05,2026-08-31,2026-09-05
ARU_GROUP-2026-00580,ARU_GROUP,2026,8,ARU,5501,Deferred income tax expense,18056,0,18056,Deferred tax on section 197 goodwill tax/book basis difference,TAX26-DEFERRED,NONCASH_OR_OPENING,SYNTHETIC_CALIBRATION,PUBLIC_SYNTHETIC_DIEGETIC,LOCKED_DERIVED_IMPLEMENTATION,2026-09-05,2026-08-31,2026-09-05
ARU_GROUP-2026-00580,ARU_GROUP,2026,8,ARU,2250,Deferred tax liability on tax goodwill amortization,0,18056,-18056,Deferred tax on section 197 goodwill tax/book basis difference,TAX26-DEFERRED,NONCASH_OR_OPENING,SYNTHETIC_CALIBRATION,PUBLIC_SYNTHETIC_DIEGETIC,LOCKED_DERIVED_IMPLEMENTATION,2026-09-05,2026-08-31,2026-09-05
ARU_GROUP-2026-00583,ARU_GROUP,2026,9,BST,1100,"External receivables, net of allowance",298945,0,298945,External customer invoice under source price and volume indices,BST-2025-001,NONCASH_OR_OPENING,MANAGEMENT_FORECAST,PUBLIC_SYNTHETIC_DIEGETIC,LOCKED_DERIVED_IMPLEMENTATION,2026-09-05,2026-09-30,2026-09-05
ARU_GROUP-2026-00583,ARU_GROUP,2026,9,BST,4000,External revenue,0,298945,-298945,External customer invoice under source price and volume indices,BST-2025-001,NONCASH_OR_OPENING,MANAGEMENT_FORECAST,PUBLIC_SYNTHETIC_DIEGETIC,LOCKED_DERIVED_IMPLEMENTATION,2026-09-05,2026-09-30,2026-09-05
ARU_GROUP-2026-00584,ARU_GROUP,2026,9,BST,1100,"External receivables, net of allowance",127712,0,127712,External customer invoice under source price and volume indices,BST-2025-006,NONCASH_OR_OPENING,MANAGEMENT_FORECAST,PUBLIC_SYNTHETIC_DIEGETIC,LOCKED_DERIVED_IMPLEMENTATION,2026-09-05,2026-09-30,2026-09-05
ARU_GROUP-2026-00584,ARU_GROUP,2026,9,BST,4000,External revenue,0,127712,-127712,External customer invoice under source price and volume indices,BST-2025-006,NONCASH_OR_OPENING,MANAGEMENT_FORECAST,PUBLIC_SYNTHETIC_DIEGETIC,LOCKED_DERIVED_IMPLEMENTATION,2026-09-05,2026-09-30,2026-09-05
ARU_GROUP-2026-00585,ARU_GROUP,2026,9,BST,1100,"External receivables, net of allowance",221866,0,221866,External customer invoice under source price and volume indices,BST-2025-002,NONCASH_OR_OPENING,MANAGEMENT_FORECAST,PUBLIC_SYNTHETIC_DIEGETIC,LOCKED_DERIVED_IMPLEMENTATION,2026-09-05,2026-09-30,2026-09-05
ARU_GROUP-2026-00585,ARU_GROUP,2026,9,BST,4000,External revenue,0,221866,-221866,External customer invoice under source price and volume indices,BST-2025-002,NONCASH_OR_OPENING,MANAGEMENT_FORECAST,PUBLIC_SYNTHETIC_DIEGETIC,LOCKED_DERIVED_IMPLEMENTATION,2026-09-05,2026-09-30,2026-09-05
ARU_GROUP-2026-00586,ARU_GROUP,2026,9,BST,1100,"External receivables, net of allowance",100129,0,100129,External customer invoice under source price and volume indices,BST-2025-007,NONCASH_OR_OPENING,MANAGEMENT_FORECAST,PUBLIC_SYNTHETIC_DIEGETIC,LOCKED_DERIVED_IMPLEMENTATION,2026-09-05,2026-09-30,2026-09-05
ARU_GROUP-2026-00586,ARU_GROUP,2026,9,BST,4000,External revenue,0,100129,-100129,External customer invoice under source price and volume indices,BST-2025-007,NONCASH_OR_OPENING,MANAGEMENT_FORECAST,PUBLIC_SYNTHETIC_DIEGETIC,LOCKED_DERIVED_IMPLEMENTATION,2026-09-05,2026-09-30,2026-09-05
ARU_GROUP-2026-00587,ARU_GROUP,2026,9,BST,1100,"External receivables, net of allowance",115174,0,115174,External customer invoice under source price and volume indices,BST-2025-004,NONCASH_OR_OPENING,MANAGEMENT_FORECAST,PUBLIC_SYNTHETIC_DIEGETIC,LOCKED_DERIVED_IMPLEMENTATION,2026-09-05,2026-09-30,2026-09-05
ARU_GROUP-2026-00587,ARU_GROUP,2026,9,BST,4000,External revenue,0,115174,-115174,External customer invoice under source price and volume indices,BST-2025-004,NONCASH_OR_OPENING,MANAGEMENT_FORECAST,PUBLIC_SYNTHETIC_DIEGETIC,LOCKED_DERIVED_IMPLEMENTATION,2026-09-05,2026-09-30,2026-09-05
ARU_GROUP-2026-00588,ARU_GROUP,2026,9,BST,1100,"External receivables, net of allowance",57375,0,57375,External customer invoice under source price and volume indices,BST-2025-008,NONCASH_OR_OPENING,MANAGEMENT_FORECAST,PUBLIC_SYNTHETIC_DIEGETIC,LOCKED_DERIVED_IMPLEMENTATION,2026-09-05,2026-09-30,2026-09-05
ARU_GROUP-2026-00588,ARU_GROUP,2026,9,BST,4000,External revenue,0,57375,-57375,External customer invoice under source price and volume indices,BST-2025-008,NONCASH_OR_OPENING,MANAGEMENT_FORECAST,PUBLIC_SYNTHETIC_DIEGETIC,LOCKED_DERIVED_IMPLEMENTATION,2026-09-05,2026-09-30,2026-09-05
ARU_GROUP-2026-00589,ARU_GROUP,2026,9,BST,1100,"External receivables, net of allowance",136451,0,136451,External customer invoice under source price and volume indices,BST-2025-003,NONCASH_OR_OPENING,MANAGEMENT_FORECAST,PUBLIC_SYNTHETIC_DIEGETIC,LOCKED_DERIVED_IMPLEMENTATION,2026-09-05,2026-09-30,2026-09-05
ARU_GROUP-2026-00589,ARU_GROUP,2026,9,BST,4000,External revenue,0,136451,-136451,External customer invoice under source price and volume indices,BST-2025-003,NONCASH_OR_OPENING,MANAGEMENT_FORECAST,PUBLIC_SYNTHETIC_DIEGETIC,LOCKED_DERIVED_IMPLEMENTATION,2026-09-05,2026-09-30,2026-09-05
ARU_GROUP-2026-00590,ARU_GROUP,2026,9,BST,1100,"External receivables, net of allowance",70218,0,70218,External customer invoice under source price and volume indices,BST-2025-009,NONCASH_OR_OPENING,MANAGEMENT_FORECAST,PUBLIC_SYNTHETIC_DIEGETIC,LOCKED_DERIVED_IMPLEMENTATION,2026-09-05,2026-09-30,2026-09-05
ARU_GROUP-2026-00590,ARU_GROUP,2026,9,BST,4000,External revenue,0,70218,-70218,External customer invoice under source price and volume indices,BST-2025-009,NONCASH_OR_OPENING,MANAGEMENT_FORECAST,PUBLIC_SYNTHETIC_DIEGETIC,LOCKED_DERIVED_IMPLEMENTATION,2026-09-05,2026-09-30,2026-09-05
ARU_GROUP-2026-00591,ARU_GROUP,2026,9,BST,1100,"External receivables, net of allowance",66469,0,66469,External customer invoice under source price and volume indices,BST-2025-010,NONCASH_OR_OPENING,MANAGEMENT_FORECAST,PUBLIC_SYNTHETIC_DIEGETIC,LOCKED_DERIVED_IMPLEMENTATION,2026-09-05,2026-09-30,2026-09-05
ARU_GROUP-2026-00591,ARU_GROUP,2026,9,BST,4000,External revenue,0,66469,-66469,External customer invoice under source price and volume indices,BST-2025-010,NONCASH_OR_OPENING,MANAGEMENT_FORECAST,PUBLIC_SYNTHETIC_DIEGETIC,LOCKED_DERIVED_IMPLEMENTATION,2026-09-05,2026-09-30,2026-09-05
ARU_GROUP-2026-00592,ARU_GROUP,2026,9,BST,1100,"External receivables, net of allowance",35122,0,35122,External customer invoice under source price and volume indices,BST-2025-011,NONCASH_OR_OPENING,MANAGEMENT_FORECAST,PUBLIC_SYNTHETIC_DIEGETIC,LOCKED_DERIVED_IMPLEMENTATION,2026-09-05,2026-09-30,2026-09-05
ARU_GROUP-2026-00592,ARU_GROUP,2026,9,BST,4000,External revenue,0,35122,-35122,External customer invoice under source price and volume indices,BST-2025-011,NONCASH_OR_OPENING,MANAGEMENT_FORECAST,PUBLIC_SYNTHETIC_DIEGETIC,LOCKED_DERIVED_IMPLEMENTATION,2026-09-05,2026-09-30,2026-09-05
ARU_GROUP-2026-00593,ARU_GROUP,2026,9,BST,1100,"External receivables, net of allowance",108626,0,108626,External customer invoice under source price and volume indices,BST-2025-012,NONCASH_OR_OPENING,MANAGEMENT_FORECAST,PUBLIC_SYNTHETIC_DIEGETIC,LOCKED_DERIVED_IMPLEMENTATION,2026-09-05,2026-09-30,2026-09-05
ARU_GROUP-2026-00593,ARU_GROUP,2026,9,BST,4000,External revenue,0,108626,-108626,External customer invoice under source price and volume indices,BST-2025-012,NONCASH_OR_OPENING,MANAGEMENT_FORECAST,PUBLIC_SYNTHETIC_DIEGETIC,LOCKED_DERIVED_IMPLEMENTATION,2026-09-05,2026-09-30,2026-09-05
ARU_GROUP-2026-00594,ARU_GROUP,2026,9,BST,1100,"External receivables, net of allowance",69451,0,69451,External customer invoice under source price and volume indices,BST-2025-013,NONCASH_OR_OPENING,MANAGEMENT_FORECAST,PUBLIC_SYNTHETIC_DIEGETIC,LOCKED_DERIVED_IMPLEMENTATION,2026-09-05,2026-09-30,2026-09-05
ARU_GROUP-2026-00594,ARU_GROUP,2026,9,BST,4000,External revenue,0,69451,-69451,External customer invoice under source price and volume indices,BST-2025-013,NONCASH_OR_OPENING,MANAGEMENT_FORECAST,PUBLIC_SYNTHETIC_DIEGETIC,LOCKED_DERIVED_IMPLEMENTATION,2026-09-05,2026-09-30,2026-09-05
ARU_GROUP-2026-00595,ARU_GROUP,2026,9,TERMINALS,1100,"External receivables, net of allowance",123471,0,123471,External customer invoice under source price and volume indices,TRM-2025-001,NONCASH_OR_OPENING,MANAGEMENT_FORECAST,PUBLIC_SYNTHETIC_DIEGETIC,LOCKED_DERIVED_IMPLEMENTATION,2026-09-05,2026-09-30,2026-09-05
ARU_GROUP-2026-00595,ARU_GROUP,2026,9,TERMINALS,4000,External revenue,0,123471,-123471,External customer invoice under source price and volume indices,TRM-2025-001,NONCASH_OR_OPENING,MANAGEMENT_FORECAST,PUBLIC_SYNTHETIC_DIEGETIC,LOCKED_DERIVED_IMPLEMENTATION,2026-09-05,2026-09-30,2026-09-05
ARU_GROUP-2026-00596,ARU_GROUP,2026,9,TERMINALS,1100,"External receivables, net of allowance",120003,0,120003,External customer invoice under source price and volume indices,TRM-2025-002,NONCASH_OR_OPENING,MANAGEMENT_FORECAST,PUBLIC_SYNTHETIC_DIEGETIC,LOCKED_DERIVED_IMPLEMENTATION,2026-09-05,2026-09-30,2026-09-05
ARU_GROUP-2026-00596,ARU_GROUP,2026,9,TERMINALS,4000,External revenue,0,120003,-120003,External customer invoice under source price and volume indices,TRM-2025-002,NONCASH_OR_OPENING,MANAGEMENT_FORECAST,PUBLIC_SYNTHETIC_DIEGETIC,LOCKED_DERIVED_IMPLEMENTATION,2026-09-05,2026-09-30,2026-09-05
ARU_GROUP-2026-00597,ARU_GROUP,2026,9,TERMINALS,1100,"External receivables, net of allowance",165444,0,165444,External customer invoice under source price and volume indices,TRM-2025-003,NONCASH_OR_OPENING,MANAGEMENT_FORECAST,PUBLIC_SYNTHETIC_DIEGETIC,LOCKED_DERIVED_IMPLEMENTATION,2026-09-05,2026-09-30,2026-09-05
ARU_GROUP-2026-00597,ARU_GROUP,2026,9,TERMINALS,4000,External revenue,0,165444,-165444,External customer invoice under source price and volume indices,TRM-2025-003,NONCASH_OR_OPENING,MANAGEMENT_FORECAST,PUBLIC_SYNTHETIC_DIEGETIC,LOCKED_DERIVED_IMPLEMENTATION,2026-09-05,2026-09-30,2026-09-05
ARU_GROUP-2026-00598,ARU_GROUP,2026,9,TERMINALS,1100,"External receivables, net of allowance",165240,0,165240,External customer invoice under source price and volume indices,TRM-2025-014,NONCASH_OR_OPENING,MANAGEMENT_FORECAST,PUBLIC_SYNTHETIC_DIEGETIC,LOCKED_DERIVED_IMPLEMENTATION,2026-09-05,2026-09-30,2026-09-05
ARU_GROUP-2026-00598,ARU_GROUP,2026,9,TERMINALS,4000,External revenue,0,165240,-165240,External customer invoice under source price and volume indices,TRM-2025-014,NONCASH_OR_OPENING,MANAGEMENT_FORECAST,PUBLIC_SYNTHETIC_DIEGETIC,LOCKED_DERIVED_IMPLEMENTATION,2026-09-05,2026-09-30,2026-09-05
ARU_GROUP-2026-00599,ARU_GROUP,2026,9,TERMINALS,1100,"External receivables, net of allowance",162945,0,162945,External customer invoice under source price and volume indices,TRM-2025-015,NONCASH_OR_OPENING,MANAGEMENT_FORECAST,PUBLIC_SYNTHETIC_DIEGETIC,LOCKED_DERIVED_IMPLEMENTATION,2026-09-05,2026-09-30,2026-09-05
ARU_GROUP-2026-00599,ARU_GROUP,2026,9,TERMINALS,4000,External revenue,0,162945,-162945,External customer invoice under source price and volume indices,TRM-2025-015,NONCASH_OR_OPENING,MANAGEMENT_FORECAST,PUBLIC_SYNTHETIC_DIEGETIC,LOCKED_DERIVED_IMPLEMENTATION,2026-09-05,2026-09-30,2026-09-05
ARU_GROUP-2026-00600,ARU_GROUP,2026,9,TERMINALS,1100,"External receivables, net of allowance",157896,0,157896,External customer invoice under source price and volume indices,TRM-2025-016,NONCASH_OR_OPENING,MANAGEMENT_FORECAST,PUBLIC_SYNTHETIC_DIEGETIC,LOCKED_DERIVED_IMPLEMENTATION,2026-09-05,2026-09-30,2026-09-05
ARU_GROUP-2026-00600,ARU_GROUP,2026,9,TERMINALS,4000,External revenue,0,157896,-157896,External customer invoice under source price and volume indices,TRM-2025-016,NONCASH_OR_OPENING,MANAGEMENT_FORECAST,PUBLIC_SYNTHETIC_DIEGETIC,LOCKED_DERIVED_IMPLEMENTATION,2026-09-05,2026-09-30,2026-09-05
ARU_GROUP-2026-00601,ARU_GROUP,2026,9,TERMINALS,1100,"External receivables, net of allowance",151470,0,151470,External customer invoice under source price and volume indices,TRM-2025-017,NONCASH_OR_OPENING,MANAGEMENT_FORECAST,PUBLIC_SYNTHETIC_DIEGETIC,LOCKED_DERIVED_IMPLEMENTATION,2026-09-05,2026-09-30,2026-09-05
ARU_GROUP-2026-00601,ARU_GROUP,2026,9,TERMINALS,4000,External revenue,0,151470,-151470,External customer invoice under source price and volume indices,TRM-2025-017,NONCASH_OR_OPENING,MANAGEMENT_FORECAST,PUBLIC_SYNTHETIC_DIEGETIC,LOCKED_DERIVED_IMPLEMENTATION,2026-09-05,2026-09-30,2026-09-05
ARU_GROUP-2026-00602,ARU_GROUP,2026,9,TERMINALS,1100,"External receivables, net of allowance",146880,0,146880,External customer invoice under source price and volume indices,TRM-2025-018,NONCASH_OR_OPENING,MANAGEMENT_FORECAST,PUBLIC_SYNTHETIC_DIEGETIC,LOCKED_DERIVED_IMPLEMENTATION,2026-09-05,2026-09-30,2026-09-05
ARU_GROUP-2026-00602,ARU_GROUP,2026,9,TERMINALS,4000,External revenue,0,146880,-146880,External customer invoice under source price and volume indices,TRM-2025-018,NONCASH_OR_OPENING,MANAGEMENT_FORECAST,PUBLIC_SYNTHETIC_DIEGETIC,LOCKED_DERIVED_IMPLEMENTATION,2026-09-05,2026-09-30,2026-09-05
ARU_GROUP-2026-00603,ARU_GROUP,2026,9,TRUCKING,1100,"External receivables, net of allowance",131580,0,131580,External customer invoice under source price and volume indices,TRK-2025-004,NONCASH_OR_OPENING,MANAGEMENT_FORECAST,PUBLIC_SYNTHETIC_DIEGETIC,LOCKED_DERIVED_IMPLEMENTATION,2026-09-05,2026-09-30,2026-09-05
ARU_GROUP-2026-00603,ARU_GROUP,2026,9,TRUCKING,4000,External revenue,0,131580,-131580,External customer invoice under source price and volume indices,TRK-2025-004,NONCASH_OR_OPENING,MANAGEMENT_FORECAST,PUBLIC_SYNTHETIC_DIEGETIC,LOCKED_DERIVED_IMPLEMENTATION,2026-09-05,2026-09-30,2026-09-05
ARU_GROUP-2026-00604,ARU_GROUP,2026,9,TRUCKING,1100,"External receivables, net of allowance",148920,0,148920,External customer invoice under source price and volume indices,TRK-2025-019,NONCASH_OR_OPENING,MANAGEMENT_FORECAST,PUBLIC_SYNTHETIC_DIEGETIC,LOCKED_DERIVED_IMPLEMENTATION,2026-09-05,2026-09-30,2026-09-05
ARU_GROUP-2026-00604,ARU_GROUP,2026,9,TRUCKING,4000,External revenue,0,148920,-148920,External customer invoice under source price and volume indices,TRK-2025-019,NONCASH_OR_OPENING,MANAGEMENT_FORECAST,PUBLIC_SYNTHETIC_DIEGETIC,LOCKED_DERIVED_IMPLEMENTATION,2026-09-05,2026-09-30,2026-09-05
ARU_GROUP-2026-00605,ARU_GROUP,2026,9,TRUCKING,1100,"External receivables, net of allowance",143310,0,143310,External customer invoice under source price and volume indices,TRK-2025-020,NONCASH_OR_OPENING,MANAGEMENT_FORECAST,PUBLIC_SYNTHETIC_DIEGETIC,LOCKED_DERIVED_IMPLEMENTATION,2026-09-05,2026-09-30,2026-09-05
ARU_GROUP-2026-00605,ARU_GROUP,2026,9,TRUCKING,4000,External revenue,0,143310,-143310,External customer invoice under source price and volume indices,TRK-2025-020,NONCASH_OR_OPENING,MANAGEMENT_FORECAST,PUBLIC_SYNTHETIC_DIEGETIC,LOCKED_DERIVED_IMPLEMENTATION,2026-09-05,2026-09-30,2026-09-05
ARU_GROUP-2026-00606,ARU_GROUP,2026,9,TRUCKING,1100,"External receivables, net of allowance",135660,0,135660,External customer invoice under source price and volume indices,TRK-2025-021,NONCASH_OR_OPENING,MANAGEMENT_FORECAST,PUBLIC_SYNTHETIC_DIEGETIC,LOCKED_DERIVED_IMPLEMENTATION,2026-09-05,2026-09-30,2026-09-05
ARU_GROUP-2026-00606,ARU_GROUP,2026,9,TRUCKING,4000,External revenue,0,135660,-135660,External customer invoice under source price and volume indices,TRK-2025-021,NONCASH_OR_OPENING,MANAGEMENT_FORECAST,PUBLIC_SYNTHETIC_DIEGETIC,LOCKED_DERIVED_IMPLEMENTATION,2026-09-05,2026-09-30,2026-09-05
ARU_GROUP-2026-00607,ARU_GROUP,2026,9,TRUCKING,1100,"External receivables, net of allowance",128520,0,128520,External customer invoice under source price and volume indices,TRK-2025-022,NONCASH_OR_OPENING,MANAGEMENT_FORECAST,PUBLIC_SYNTHETIC_DIEGETIC,LOCKED_DERIVED_IMPLEMENTATION,2026-09-05,2026-09-30,2026-09-05
ARU_GROUP-2026-00607,ARU_GROUP,2026,9,TRUCKING,4000,External revenue,0,128520,-128520,External customer invoice under source price and volume indices,TRK-2025-022,NONCASH_OR_OPENING,MANAGEMENT_FORECAST,PUBLIC_SYNTHETIC_DIEGETIC,LOCKED_DERIVED_IMPLEMENTATION,2026-09-05,2026-09-30,2026-09-05
ARU_GROUP-2026-00608,ARU_GROUP,2026,9,WAREHOUSE,1100,"External receivables, net of allowance",223074,0,223074,External customer invoice under source price and volume indices,WHS-2025-005,NONCASH_OR_OPENING,MANAGEMENT_FORECAST,PUBLIC_SYNTHETIC_DIEGETIC,LOCKED_DERIVED_IMPLEMENTATION,2026-09-05,2026-09-30,2026-09-05
ARU_GROUP-2026-00608,ARU_GROUP,2026,9,WAREHOUSE,4000,External revenue,0,223074,-223074,External customer invoice under source price and volume indices,WHS-2025-005,NONCASH_OR_OPENING,MANAGEMENT_FORECAST,PUBLIC_SYNTHETIC_DIEGETIC,LOCKED_DERIVED_IMPLEMENTATION,2026-09-05,2026-09-30,2026-09-05
ARU_GROUP-2026-00609,ARU_GROUP,2026,9,WAREHOUSE,1100,"External receivables, net of allowance",118422,0,118422,External customer invoice under source price and volume indices,WHS-2025-023,NONCASH_OR_OPENING,MANAGEMENT_FORECAST,PUBLIC_SYNTHETIC_DIEGETIC,LOCKED_DERIVED_IMPLEMENTATION,2026-09-05,2026-09-30,2026-09-05
ARU_GROUP-2026-00609,ARU_GROUP,2026,9,WAREHOUSE,4000,External revenue,0,118422,-118422,External customer invoice under source price and volume indices,WHS-2025-023,NONCASH_OR_OPENING,MANAGEMENT_FORECAST,PUBLIC_SYNTHETIC_DIEGETIC,LOCKED_DERIVED_IMPLEMENTATION,2026-09-05,2026-09-30,2026-09-05
ARU_GROUP-2026-00610,ARU_GROUP,2026,9,WAREHOUSE,1100,"External receivables, net of allowance",110160,0,110160,External customer invoice under source price and volume indices,WHS-2025-024,NONCASH_OR_OPENING,MANAGEMENT_FORECAST,PUBLIC_SYNTHETIC_DIEGETIC,LOCKED_DERIVED_IMPLEMENTATION,2026-09-05,2026-09-30,2026-09-05
ARU_GROUP-2026-00610,ARU_GROUP,2026,9,WAREHOUSE,4000,External revenue,0,110160,-110160,External customer invoice under source price and volume indices,WHS-2025-024,NONCASH_OR_OPENING,MANAGEMENT_FORECAST,PUBLIC_SYNTHETIC_DIEGETIC,LOCKED_DERIVED_IMPLEMENTATION,2026-09-05,2026-09-30,2026-09-05
ARU_GROUP-2026-00611,ARU_GROUP,2026,9,WAREHOUSE,1100,"External receivables, net of allowance",99144,0,99144,External customer invoice under source price and volume indices,WHS-2025-025,NONCASH_OR_OPENING,MANAGEMENT_FORECAST,PUBLIC_SYNTHETIC_DIEGETIC,LOCKED_DERIVED_IMPLEMENTATION,2026-09-05,2026-09-30,2026-09-05
ARU_GROUP-2026-00611,ARU_GROUP,2026,9,WAREHOUSE,4000,External revenue,0,99144,-99144,External customer invoice under source price and volume indices,WHS-2025-025,NONCASH_OR_OPENING,MANAGEMENT_FORECAST,PUBLIC_SYNTHETIC_DIEGETIC,LOCKED_DERIVED_IMPLEMENTATION,2026-09-05,2026-09-30,2026-09-05
ARU_GROUP-2026-00612,ARU_GROUP,2026,9,BST,5000,Payroll and employer burden,501121,0,501121,2026 loaded payroll under source cost index and unchanged census,PAYROLL-2026,NONCASH_OR_OPENING,MANAGEMENT_FORECAST,PUBLIC_SYNTHETIC_DIEGETIC,LOCKED_DERIVED_IMPLEMENTATION,2026-09-05,2026-09-30,2026-09-05
ARU_GROUP-2026-00612,ARU_GROUP,2026,9,BST,2000,Trade payables,0,501121,-501121,2026 loaded payroll under source cost index and unchanged census,PAYROLL-2026,NONCASH_OR_OPENING,MANAGEMENT_FORECAST,PUBLIC_SYNTHETIC_DIEGETIC,LOCKED_DERIVED_IMPLEMENTATION,2026-09-05,2026-09-30,2026-09-05
ARU_GROUP-2026-00613,ARU_GROUP,2026,9,BST,5100,External operating cost,629304,0,629304,External suppliers under source cost index,OPEX-2026,NONCASH_OR_OPENING,MANAGEMENT_FORECAST,PUBLIC_SYNTHETIC_DIEGETIC,LOCKED_DERIVED_IMPLEMENTATION,2026-09-05,2026-09-30,2026-09-05
ARU_GROUP-2026-00613,ARU_GROUP,2026,9,BST,2000,Trade payables,0,629304,-629304,External suppliers under source cost index,OPEX-2026,NONCASH_OR_OPENING,MANAGEMENT_FORECAST,PUBLIC_SYNTHETIC_DIEGETIC,LOCKED_DERIVED_IMPLEMENTATION,2026-09-05,2026-09-30,2026-09-05
ARU_GROUP-2026-00614,ARU_GROUP,2026,9,BST,5900,Shared service allocation / recovery,71242,0,71242,Shared services allocated,ALLOC-2026,NONCASH_OR_OPENING,MANAGEMENT_FORECAST,PUBLIC_SYNTHETIC_DIEGETIC,LOCKED_DERIVED_IMPLEMENTATION,2026-09-05,2026-09-30,2026-09-05
ARU_GROUP-2026-00614,ARU_GROUP,2026,9,BST,2100,Operating accruals,0,71242,-71242,Shared services allocated,ALLOC-2026,NONCASH_OR_OPENING,MANAGEMENT_FORECAST,PUBLIC_SYNTHETIC_DIEGETIC,LOCKED_DERIVED_IMPLEMENTATION,2026-09-05,2026-09-30,2026-09-05
ARU_GROUP-2026-00615,ARU_GROUP,2026,9,ARU,2100,Operating accruals,71242,0,71242,Shared services recovered,ALLOC-2026,NONCASH_OR_OPENING,MANAGEMENT_FORECAST,PUBLIC_SYNTHETIC_DIEGETIC,LOCKED_DERIVED_IMPLEMENTATION,2026-09-05,2026-09-30,2026-09-05
ARU_GROUP-2026-00615,ARU_GROUP,2026,9,ARU,5900,Shared service allocation / recovery,0,71242,-71242,Shared services recovered,ALLOC-2026,NONCASH_OR_OPENING,MANAGEMENT_FORECAST,PUBLIC_SYNTHETIC_DIEGETIC,LOCKED_DERIVED_IMPLEMENTATION,2026-09-05,2026-09-30,2026-09-05
ARU_GROUP-2026-00616,ARU_GROUP,2026,9,TERMINALS,5000,Payroll and employer burden,194936,0,194936,2026 loaded payroll under source cost index and unchanged census,PAYROLL-2026,NONCASH_OR_OPENING,MANAGEMENT_FORECAST,PUBLIC_SYNTHETIC_DIEGETIC,LOCKED_DERIVED_IMPLEMENTATION,2026-09-05,2026-09-30,2026-09-05
ARU_GROUP-2026-00616,ARU_GROUP,2026,9,TERMINALS,2000,Trade payables,0,194936,-194936,2026 loaded payroll under source cost index and unchanged census,PAYROLL-2026,NONCASH_OR_OPENING,MANAGEMENT_FORECAST,PUBLIC_SYNTHETIC_DIEGETIC,LOCKED_DERIVED_IMPLEMENTATION,2026-09-05,2026-09-30,2026-09-05
ARU_GROUP-2026-00617,ARU_GROUP,2026,9,TERMINALS,5100,External operating cost,504606,0,504606,External suppliers under source cost index,OPEX-2026,NONCASH_OR_OPENING,MANAGEMENT_FORECAST,PUBLIC_SYNTHETIC_DIEGETIC,LOCKED_DERIVED_IMPLEMENTATION,2026-09-05,2026-09-30,2026-09-05
ARU_GROUP-2026-00617,ARU_GROUP,2026,9,TERMINALS,2000,Trade payables,0,504606,-504606,External suppliers under source cost index,OPEX-2026,NONCASH_OR_OPENING,MANAGEMENT_FORECAST,PUBLIC_SYNTHETIC_DIEGETIC,LOCKED_DERIVED_IMPLEMENTATION,2026-09-05,2026-09-30,2026-09-05
ARU_GROUP-2026-00618,ARU_GROUP,2026,9,TERMINALS,5900,Shared service allocation / recovery,47208,0,47208,Shared services allocated,ALLOC-2026,NONCASH_OR_OPENING,MANAGEMENT_FORECAST,PUBLIC_SYNTHETIC_DIEGETIC,LOCKED_DERIVED_IMPLEMENTATION,2026-09-05,2026-09-30,2026-09-05
ARU_GROUP-2026-00618,ARU_GROUP,2026,9,TERMINALS,2100,Operating accruals,0,47208,-47208,Shared services allocated,ALLOC-2026,NONCASH_OR_OPENING,MANAGEMENT_FORECAST,PUBLIC_SYNTHETIC_DIEGETIC,LOCKED_DERIVED_IMPLEMENTATION,2026-09-05,2026-09-30,2026-09-05
ARU_GROUP-2026-00619,ARU_GROUP,2026,9,ARU,2100,Operating accruals,47208,0,47208,Shared services recovered,ALLOC-2026,NONCASH_OR_OPENING,MANAGEMENT_FORECAST,PUBLIC_SYNTHETIC_DIEGETIC,LOCKED_DERIVED_IMPLEMENTATION,2026-09-05,2026-09-30,2026-09-05
ARU_GROUP-2026-00619,ARU_GROUP,2026,9,ARU,5900,Shared service allocation / recovery,0,47208,-47208,Shared services recovered,ALLOC-2026,NONCASH_OR_OPENING,MANAGEMENT_FORECAST,PUBLIC_SYNTHETIC_DIEGETIC,LOCKED_DERIVED_IMPLEMENTATION,2026-09-05,2026-09-30,2026-09-05
ARU_GROUP-2026-00620,ARU_GROUP,2026,9,TRUCKING,5000,Payroll and employer burden,188464,0,188464,2026 loaded payroll under source cost index and unchanged census,PAYROLL-2026,NONCASH_OR_OPENING,MANAGEMENT_FORECAST,PUBLIC_SYNTHETIC_DIEGETIC,LOCKED_DERIVED_IMPLEMENTATION,2026-09-05,2026-09-30,2026-09-05
ARU_GROUP-2026-00620,ARU_GROUP,2026,9,TRUCKING,2000,Trade payables,0,188464,-188464,2026 loaded payroll under source cost index and unchanged census,PAYROLL-2026,NONCASH_OR_OPENING,MANAGEMENT_FORECAST,PUBLIC_SYNTHETIC_DIEGETIC,LOCKED_DERIVED_IMPLEMENTATION,2026-09-05,2026-09-30,2026-09-05
ARU_GROUP-2026-00621,ARU_GROUP,2026,9,TRUCKING,5100,External operating cost,299069,0,299069,External suppliers under source cost index,OPEX-2026,NONCASH_OR_OPENING,MANAGEMENT_FORECAST,PUBLIC_SYNTHETIC_DIEGETIC,LOCKED_DERIVED_IMPLEMENTATION,2026-09-05,2026-09-30,2026-09-05
ARU_GROUP-2026-00621,ARU_GROUP,2026,9,TRUCKING,2000,Trade payables,0,299069,-299069,External suppliers under source cost index,OPEX-2026,NONCASH_OR_OPENING,MANAGEMENT_FORECAST,PUBLIC_SYNTHETIC_DIEGETIC,LOCKED_DERIVED_IMPLEMENTATION,2026-09-05,2026-09-30,2026-09-05
ARU_GROUP-2026-00622,ARU_GROUP,2026,9,TRUCKING,5900,Shared service allocation / recovery,27467,0,27467,Shared services allocated,ALLOC-2026,NONCASH_OR_OPENING,MANAGEMENT_FORECAST,PUBLIC_SYNTHETIC_DIEGETIC,LOCKED_DERIVED_IMPLEMENTATION,2026-09-05,2026-09-30,2026-09-05
ARU_GROUP-2026-00622,ARU_GROUP,2026,9,TRUCKING,2100,Operating accruals,0,27467,-27467,Shared services allocated,ALLOC-2026,NONCASH_OR_OPENING,MANAGEMENT_FORECAST,PUBLIC_SYNTHETIC_DIEGETIC,LOCKED_DERIVED_IMPLEMENTATION,2026-09-05,2026-09-30,2026-09-05
ARU_GROUP-2026-00623,ARU_GROUP,2026,9,ARU,2100,Operating accruals,27467,0,27467,Shared services recovered,ALLOC-2026,NONCASH_OR_OPENING,MANAGEMENT_FORECAST,PUBLIC_SYNTHETIC_DIEGETIC,LOCKED_DERIVED_IMPLEMENTATION,2026-09-05,2026-09-30,2026-09-05
ARU_GROUP-2026-00623,ARU_GROUP,2026,9,ARU,5900,Shared service allocation / recovery,0,27467,-27467,Shared services recovered,ALLOC-2026,NONCASH_OR_OPENING,MANAGEMENT_FORECAST,PUBLIC_SYNTHETIC_DIEGETIC,LOCKED_DERIVED_IMPLEMENTATION,2026-09-05,2026-09-30,2026-09-05
ARU_GROUP-2026-00624,ARU_GROUP,2026,9,WAREHOUSE,5000,Payroll and employer burden,89490,0,89490,2026 loaded payroll under source cost index and unchanged census,PAYROLL-2026,NONCASH_OR_OPENING,MANAGEMENT_FORECAST,PUBLIC_SYNTHETIC_DIEGETIC,LOCKED_DERIVED_IMPLEMENTATION,2026-09-05,2026-09-30,2026-09-05
ARU_GROUP-2026-00624,ARU_GROUP,2026,9,WAREHOUSE,2000,Trade payables,0,89490,-89490,2026 loaded payroll under source cost index and unchanged census,PAYROLL-2026,NONCASH_OR_OPENING,MANAGEMENT_FORECAST,PUBLIC_SYNTHETIC_DIEGETIC,LOCKED_DERIVED_IMPLEMENTATION,2026-09-05,2026-09-30,2026-09-05
ARU_GROUP-2026-00625,ARU_GROUP,2026,9,WAREHOUSE,5100,External operating cost,169727,0,169727,External suppliers under source cost index,OPEX-2026,NONCASH_OR_OPENING,MANAGEMENT_FORECAST,PUBLIC_SYNTHETIC_DIEGETIC,LOCKED_DERIVED_IMPLEMENTATION,2026-09-05,2026-09-30,2026-09-05
ARU_GROUP-2026-00625,ARU_GROUP,2026,9,WAREHOUSE,2000,Trade payables,0,169727,-169727,External suppliers under source cost index,OPEX-2026,NONCASH_OR_OPENING,MANAGEMENT_FORECAST,PUBLIC_SYNTHETIC_DIEGETIC,LOCKED_DERIVED_IMPLEMENTATION,2026-09-05,2026-09-30,2026-09-05
ARU_GROUP-2026-00626,ARU_GROUP,2026,9,WAREHOUSE,5900,Shared service allocation / recovery,24033,0,24033,Shared services allocated,ALLOC-2026,NONCASH_OR_OPENING,MANAGEMENT_FORECAST,PUBLIC_SYNTHETIC_DIEGETIC,LOCKED_DERIVED_IMPLEMENTATION,2026-09-05,2026-09-30,2026-09-05
ARU_GROUP-2026-00626,ARU_GROUP,2026,9,WAREHOUSE,2100,Operating accruals,0,24033,-24033,Shared services allocated,ALLOC-2026,NONCASH_OR_OPENING,MANAGEMENT_FORECAST,PUBLIC_SYNTHETIC_DIEGETIC,LOCKED_DERIVED_IMPLEMENTATION,2026-09-05,2026-09-30,2026-09-05
ARU_GROUP-2026-00627,ARU_GROUP,2026,9,ARU,2100,Operating accruals,24033,0,24033,Shared services recovered,ALLOC-2026,NONCASH_OR_OPENING,MANAGEMENT_FORECAST,PUBLIC_SYNTHETIC_DIEGETIC,LOCKED_DERIVED_IMPLEMENTATION,2026-09-05,2026-09-30,2026-09-05
ARU_GROUP-2026-00627,ARU_GROUP,2026,9,ARU,5900,Shared service allocation / recovery,0,24033,-24033,Shared services recovered,ALLOC-2026,NONCASH_OR_OPENING,MANAGEMENT_FORECAST,PUBLIC_SYNTHETIC_DIEGETIC,LOCKED_DERIVED_IMPLEMENTATION,2026-09-05,2026-09-30,2026-09-05
ARU_GROUP-2026-00628,ARU_GROUP,2026,9,ARU,5000,Payroll and employer burden,139814,0,139814,2026 loaded payroll under source cost index and unchanged census,PAYROLL-2026,NONCASH_OR_OPENING,MANAGEMENT_FORECAST,PUBLIC_SYNTHETIC_DIEGETIC,LOCKED_DERIVED_IMPLEMENTATION,2026-09-05,2026-09-30,2026-09-05
ARU_GROUP-2026-00628,ARU_GROUP,2026,9,ARU,2000,Trade payables,0,139814,-139814,2026 loaded payroll under source cost index and unchanged census,PAYROLL-2026,NONCASH_OR_OPENING,MANAGEMENT_FORECAST,PUBLIC_SYNTHETIC_DIEGETIC,LOCKED_DERIVED_IMPLEMENTATION,2026-09-05,2026-09-30,2026-09-05
ARU_GROUP-2026-00629,ARU_GROUP,2026,9,ARU,5100,External operating cost,47303,0,47303,External suppliers under source cost index,OPEX-2026,NONCASH_OR_OPENING,MANAGEMENT_FORECAST,PUBLIC_SYNTHETIC_DIEGETIC,LOCKED_DERIVED_IMPLEMENTATION,2026-09-05,2026-09-30,2026-09-05
ARU_GROUP-2026-00629,ARU_GROUP,2026,9,ARU,2000,Trade payables,0,47303,-47303,External suppliers under source cost index,OPEX-2026,NONCASH_OR_OPENING,MANAGEMENT_FORECAST,PUBLIC_SYNTHETIC_DIEGETIC,LOCKED_DERIVED_IMPLEMENTATION,2026-09-05,2026-09-30,2026-09-05
ARU_GROUP-2026-00630,ARU_GROUP,2026,9,ARU,1200,Inventory cash cost,4500,0,4500,Forecast working capital purchases,WC26-inventory,NONCASH_OR_OPENING,MANAGEMENT_FORECAST,PUBLIC_SYNTHETIC_DIEGETIC,LOCKED_DERIVED_IMPLEMENTATION,2026-09-05,2026-09-30,2026-09-05
ARU_GROUP-2026-00630,ARU_GROUP,2026,9,ARU,2000,Trade payables,0,4500,-4500,Forecast working capital purchases,WC26-inventory,NONCASH_OR_OPENING,MANAGEMENT_FORECAST,PUBLIC_SYNTHETIC_DIEGETIC,LOCKED_DERIVED_IMPLEMENTATION,2026-09-05,2026-09-30,2026-09-05
ARU_GROUP-2026-00631,ARU_GROUP,2026,9,ARU,1300,Prepaids,1750,0,1750,Forecast working capital purchases,WC26-prepaids,NONCASH_OR_OPENING,MANAGEMENT_FORECAST,PUBLIC_SYNTHETIC_DIEGETIC,LOCKED_DERIVED_IMPLEMENTATION,2026-09-05,2026-09-30,2026-09-05
ARU_GROUP-2026-00631,ARU_GROUP,2026,9,ARU,2000,Trade payables,0,1750,-1750,Forecast working capital purchases,WC26-prepaids,NONCASH_OR_OPENING,MANAGEMENT_FORECAST,PUBLIC_SYNTHETIC_DIEGETIC,LOCKED_DERIVED_IMPLEMENTATION,2026-09-05,2026-09-30,2026-09-05
ARU_GROUP-2026-00632,ARU_GROUP,2026,9,ARU,2000,Trade payables,2500,0,2500,Operating accrual growth,WC26-ACCRUAL,NONCASH_OR_OPENING,MANAGEMENT_FORECAST,PUBLIC_SYNTHETIC_DIEGETIC,LOCKED_DERIVED_IMPLEMENTATION,2026-09-05,2026-09-30,2026-09-05
ARU_GROUP-2026-00632,ARU_GROUP,2026,9,ARU,2100,Operating accruals,0,2500,-2500,Operating accrual growth,WC26-ACCRUAL,NONCASH_OR_OPENING,MANAGEMENT_FORECAST,PUBLIC_SYNTHETIC_DIEGETIC,LOCKED_DERIVED_IMPLEMENTATION,2026-09-05,2026-09-30,2026-09-05
ARU_GROUP-2026-00633,ARU_GROUP,2026,9,ARU,1100,"External receivables, net of allowance",0,3829677,-3829677,External invoice collections,AR26,OPERATING,MANAGEMENT_FORECAST,PUBLIC_SYNTHETIC_DIEGETIC,LOCKED_DERIVED_IMPLEMENTATION,2026-09-05,2026-09-30,2026-09-05
ARU_GROUP-2026-00633,ARU_GROUP,2026,9,ARU,1000,Cash,3829677,0,3829677,External invoice collections,AR26,OPERATING,MANAGEMENT_FORECAST,PUBLIC_SYNTHETIC_DIEGETIC,LOCKED_DERIVED_IMPLEMENTATION,2026-09-05,2026-09-30,2026-09-05
ARU_GROUP-2026-00634,ARU_GROUP,2026,9,ARU,2000,Trade payables,2760084,0,2760084,Payroll/supplier settlement,AP26,OPERATING,MANAGEMENT_FORECAST,PUBLIC_SYNTHETIC_DIEGETIC,LOCKED_DERIVED_IMPLEMENTATION,2026-09-05,2026-09-30,2026-09-05
ARU_GROUP-2026-00634,ARU_GROUP,2026,9,ARU,1000,Cash,0,2760084,-2760084,Payroll/supplier settlement,AP26,OPERATING,MANAGEMENT_FORECAST,PUBLIC_SYNTHETIC_DIEGETIC,LOCKED_DERIVED_IMPLEMENTATION,2026-09-05,2026-09-30,2026-09-05
ARU_GROUP-2026-00635,ARU_GROUP,2026,9,BST,1150,Intercompany receivable,2850,0,2850,Red Wash service invoice,IC-2026-09-acid-BST,NONCASH_OR_OPENING,MANAGEMENT_FORECAST,PUBLIC_SYNTHETIC_DIEGETIC,LOCKED_DERIVED_IMPLEMENTATION,2026-09-05,2026-09-30,2026-09-05
ARU_GROUP-2026-00635,ARU_GROUP,2026,9,BST,4100,Intercompany service revenue,0,2850,-2850,Red Wash service invoice,IC-2026-09-acid-BST,NONCASH_OR_OPENING,MANAGEMENT_FORECAST,PUBLIC_SYNTHETIC_DIEGETIC,LOCKED_DERIVED_IMPLEMENTATION,2026-09-05,2026-09-30,2026-09-05
ARU_GROUP-2026-00636,ARU_GROUP,2026,9,BST,5200,Incremental interface external operating cost,1230,0,1230,Interface physical cost-to-serve,IC-2026-09-acid-BST,OPERATING,MANAGEMENT_FORECAST,PUBLIC_SYNTHETIC_DIEGETIC,LOCKED_DERIVED_IMPLEMENTATION,2026-09-05,2026-09-30,2026-09-05
ARU_GROUP-2026-00636,ARU_GROUP,2026,9,BST,1000,Cash,0,1230,-1230,Interface physical cost-to-serve,IC-2026-09-acid-BST,OPERATING,MANAGEMENT_FORECAST,PUBLIC_SYNTHETIC_DIEGETIC,LOCKED_DERIVED_IMPLEMENTATION,2026-09-05,2026-09-30,2026-09-05
ARU_GROUP-2026-00637,ARU_GROUP,2026,9,TERMINALS,1150,Intercompany receivable,2100,0,2100,Red Wash service invoice,IC-2026-09-acid-TERMINALS,NONCASH_OR_OPENING,MANAGEMENT_FORECAST,PUBLIC_SYNTHETIC_DIEGETIC,LOCKED_DERIVED_IMPLEMENTATION,2026-09-05,2026-09-30,2026-09-05
ARU_GROUP-2026-00637,ARU_GROUP,2026,9,TERMINALS,4100,Intercompany service revenue,0,2100,-2100,Red Wash service invoice,IC-2026-09-acid-TERMINALS,NONCASH_OR_OPENING,MANAGEMENT_FORECAST,PUBLIC_SYNTHETIC_DIEGETIC,LOCKED_DERIVED_IMPLEMENTATION,2026-09-05,2026-09-30,2026-09-05
ARU_GROUP-2026-00638,ARU_GROUP,2026,9,TERMINALS,5200,Incremental interface external operating cost,1170,0,1170,Interface physical cost-to-serve,IC-2026-09-acid-TERMINALS,OPERATING,MANAGEMENT_FORECAST,PUBLIC_SYNTHETIC_DIEGETIC,LOCKED_DERIVED_IMPLEMENTATION,2026-09-05,2026-09-30,2026-09-05
ARU_GROUP-2026-00638,ARU_GROUP,2026,9,TERMINALS,1000,Cash,0,1170,-1170,Interface physical cost-to-serve,IC-2026-09-acid-TERMINALS,OPERATING,MANAGEMENT_FORECAST,PUBLIC_SYNTHETIC_DIEGETIC,LOCKED_DERIVED_IMPLEMENTATION,2026-09-05,2026-09-30,2026-09-05
ARU_GROUP-2026-00639,ARU_GROUP,2026,9,TRUCKING,1150,Intercompany receivable,4080,0,4080,Red Wash service invoice,IC-2026-09-acid-TRUCKING,NONCASH_OR_OPENING,MANAGEMENT_FORECAST,PUBLIC_SYNTHETIC_DIEGETIC,LOCKED_DERIVED_IMPLEMENTATION,2026-09-05,2026-09-30,2026-09-05
ARU_GROUP-2026-00639,ARU_GROUP,2026,9,TRUCKING,4100,Intercompany service revenue,0,4080,-4080,Red Wash service invoice,IC-2026-09-acid-TRUCKING,NONCASH_OR_OPENING,MANAGEMENT_FORECAST,PUBLIC_SYNTHETIC_DIEGETIC,LOCKED_DERIVED_IMPLEMENTATION,2026-09-05,2026-09-30,2026-09-05
ARU_GROUP-2026-00640,ARU_GROUP,2026,9,TRUCKING,5200,Incremental interface external operating cost,2760,0,2760,Interface physical cost-to-serve,IC-2026-09-acid-TRUCKING,OPERATING,MANAGEMENT_FORECAST,PUBLIC_SYNTHETIC_DIEGETIC,LOCKED_DERIVED_IMPLEMENTATION,2026-09-05,2026-09-30,2026-09-05
ARU_GROUP-2026-00640,ARU_GROUP,2026,9,TRUCKING,1000,Cash,0,2760,-2760,Interface physical cost-to-serve,IC-2026-09-acid-TRUCKING,OPERATING,MANAGEMENT_FORECAST,PUBLIC_SYNTHETIC_DIEGETIC,LOCKED_DERIVED_IMPLEMENTATION,2026-09-05,2026-09-30,2026-09-05
ARU_GROUP-2026-00641,ARU_GROUP,2026,9,BST,1150,Intercompany receivable,2550,0,2550,Red Wash service invoice,IC-2026-09-binder-BST,NONCASH_OR_OPENING,MANAGEMENT_FORECAST,PUBLIC_SYNTHETIC_DIEGETIC,LOCKED_DERIVED_IMPLEMENTATION,2026-09-05,2026-09-30,2026-09-05
ARU_GROUP-2026-00641,ARU_GROUP,2026,9,BST,4100,Intercompany service revenue,0,2550,-2550,Red Wash service invoice,IC-2026-09-binder-BST,NONCASH_OR_OPENING,MANAGEMENT_FORECAST,PUBLIC_SYNTHETIC_DIEGETIC,LOCKED_DERIVED_IMPLEMENTATION,2026-09-05,2026-09-30,2026-09-05
ARU_GROUP-2026-00642,ARU_GROUP,2026,9,BST,5200,Incremental interface external operating cost,1080,0,1080,Interface physical cost-to-serve,IC-2026-09-binder-BST,OPERATING,MANAGEMENT_FORECAST,PUBLIC_SYNTHETIC_DIEGETIC,LOCKED_DERIVED_IMPLEMENTATION,2026-09-05,2026-09-30,2026-09-05
ARU_GROUP-2026-00642,ARU_GROUP,2026,9,BST,1000,Cash,0,1080,-1080,Interface physical cost-to-serve,IC-2026-09-binder-BST,OPERATING,MANAGEMENT_FORECAST,PUBLIC_SYNTHETIC_DIEGETIC,LOCKED_DERIVED_IMPLEMENTATION,2026-09-05,2026-09-30,2026-09-05
ARU_GROUP-2026-00643,ARU_GROUP,2026,9,TERMINALS,1150,Intercompany receivable,1200,0,1200,Red Wash service invoice,IC-2026-09-binder-TERMINALS,NONCASH_OR_OPENING,MANAGEMENT_FORECAST,PUBLIC_SYNTHETIC_DIEGETIC,LOCKED_DERIVED_IMPLEMENTATION,2026-09-05,2026-09-30,2026-09-05
ARU_GROUP-2026-00643,ARU_GROUP,2026,9,TERMINALS,4100,Intercompany service revenue,0,1200,-1200,Red Wash service invoice,IC-2026-09-binder-TERMINALS,NONCASH_OR_OPENING,MANAGEMENT_FORECAST,PUBLIC_SYNTHETIC_DIEGETIC,LOCKED_DERIVED_IMPLEMENTATION,2026-09-05,2026-09-30,2026-09-05
ARU_GROUP-2026-00644,ARU_GROUP,2026,9,TERMINALS,5200,Incremental interface external operating cost,690,0,690,Interface physical cost-to-serve,IC-2026-09-binder-TERMINALS,OPERATING,MANAGEMENT_FORECAST,PUBLIC_SYNTHETIC_DIEGETIC,LOCKED_DERIVED_IMPLEMENTATION,2026-09-05,2026-09-30,2026-09-05
ARU_GROUP-2026-00644,ARU_GROUP,2026,9,TERMINALS,1000,Cash,0,690,-690,Interface physical cost-to-serve,IC-2026-09-binder-TERMINALS,OPERATING,MANAGEMENT_FORECAST,PUBLIC_SYNTHETIC_DIEGETIC,LOCKED_DERIVED_IMPLEMENTATION,2026-09-05,2026-09-30,2026-09-05
ARU_GROUP-2026-00645,ARU_GROUP,2026,9,TRUCKING,1150,Intercompany receivable,3420,0,3420,Red Wash service invoice,IC-2026-09-binder-TRUCKING,NONCASH_OR_OPENING,MANAGEMENT_FORECAST,PUBLIC_SYNTHETIC_DIEGETIC,LOCKED_DERIVED_IMPLEMENTATION,2026-09-05,2026-09-30,2026-09-05
ARU_GROUP-2026-00645,ARU_GROUP,2026,9,TRUCKING,4100,Intercompany service revenue,0,3420,-3420,Red Wash service invoice,IC-2026-09-binder-TRUCKING,NONCASH_OR_OPENING,MANAGEMENT_FORECAST,PUBLIC_SYNTHETIC_DIEGETIC,LOCKED_DERIVED_IMPLEMENTATION,2026-09-05,2026-09-30,2026-09-05
ARU_GROUP-2026-00646,ARU_GROUP,2026,9,TRUCKING,5200,Incremental interface external operating cost,2280,0,2280,Interface physical cost-to-serve,IC-2026-09-binder-TRUCKING,OPERATING,MANAGEMENT_FORECAST,PUBLIC_SYNTHETIC_DIEGETIC,LOCKED_DERIVED_IMPLEMENTATION,2026-09-05,2026-09-30,2026-09-05
ARU_GROUP-2026-00646,ARU_GROUP,2026,9,TRUCKING,1000,Cash,0,2280,-2280,Interface physical cost-to-serve,IC-2026-09-binder-TRUCKING,OPERATING,MANAGEMENT_FORECAST,PUBLIC_SYNTHETIC_DIEGETIC,LOCKED_DERIVED_IMPLEMENTATION,2026-09-05,2026-09-30,2026-09-05
ARU_GROUP-2026-00647,ARU_GROUP,2026,9,BST,1150,Intercompany receivable,950,0,950,Red Wash service invoice,IC-2026-09-steel-BST,NONCASH_OR_OPENING,MANAGEMENT_FORECAST,PUBLIC_SYNTHETIC_DIEGETIC,LOCKED_DERIVED_IMPLEMENTATION,2026-09-05,2026-09-30,2026-09-05
ARU_GROUP-2026-00647,ARU_GROUP,2026,9,BST,4100,Intercompany service revenue,0,950,-950,Red Wash service invoice,IC-2026-09-steel-BST,NONCASH_OR_OPENING,MANAGEMENT_FORECAST,PUBLIC_SYNTHETIC_DIEGETIC,LOCKED_DERIVED_IMPLEMENTATION,2026-09-05,2026-09-30,2026-09-05
ARU_GROUP-2026-00648,ARU_GROUP,2026,9,BST,5200,Incremental interface external operating cost,430,0,430,Interface physical cost-to-serve,IC-2026-09-steel-BST,OPERATING,MANAGEMENT_FORECAST,PUBLIC_SYNTHETIC_DIEGETIC,LOCKED_DERIVED_IMPLEMENTATION,2026-09-05,2026-09-30,2026-09-05
ARU_GROUP-2026-00648,ARU_GROUP,2026,9,BST,1000,Cash,0,430,-430,Interface physical cost-to-serve,IC-2026-09-steel-BST,OPERATING,MANAGEMENT_FORECAST,PUBLIC_SYNTHETIC_DIEGETIC,LOCKED_DERIVED_IMPLEMENTATION,2026-09-05,2026-09-30,2026-09-05
ARU_GROUP-2026-00649,ARU_GROUP,2026,9,TERMINALS,1150,Intercompany receivable,650,0,650,Red Wash service invoice,IC-2026-09-steel-TERMINALS,NONCASH_OR_OPENING,MANAGEMENT_FORECAST,PUBLIC_SYNTHETIC_DIEGETIC,LOCKED_DERIVED_IMPLEMENTATION,2026-09-05,2026-09-30,2026-09-05
ARU_GROUP-2026-00649,ARU_GROUP,2026,9,TERMINALS,4100,Intercompany service revenue,0,650,-650,Red Wash service invoice,IC-2026-09-steel-TERMINALS,NONCASH_OR_OPENING,MANAGEMENT_FORECAST,PUBLIC_SYNTHETIC_DIEGETIC,LOCKED_DERIVED_IMPLEMENTATION,2026-09-05,2026-09-30,2026-09-05
ARU_GROUP-2026-00650,ARU_GROUP,2026,9,TERMINALS,5200,Incremental interface external operating cost,370,0,370,Interface physical cost-to-serve,IC-2026-09-steel-TERMINALS,OPERATING,MANAGEMENT_FORECAST,PUBLIC_SYNTHETIC_DIEGETIC,LOCKED_DERIVED_IMPLEMENTATION,2026-09-05,2026-09-30,2026-09-05
ARU_GROUP-2026-00650,ARU_GROUP,2026,9,TERMINALS,1000,Cash,0,370,-370,Interface physical cost-to-serve,IC-2026-09-steel-TERMINALS,OPERATING,MANAGEMENT_FORECAST,PUBLIC_SYNTHETIC_DIEGETIC,LOCKED_DERIVED_IMPLEMENTATION,2026-09-05,2026-09-30,2026-09-05
ARU_GROUP-2026-00651,ARU_GROUP,2026,9,TRUCKING,1150,Intercompany receivable,1125,0,1125,Red Wash service invoice,IC-2026-09-steel-TRUCKING,NONCASH_OR_OPENING,MANAGEMENT_FORECAST,PUBLIC_SYNTHETIC_DIEGETIC,LOCKED_DERIVED_IMPLEMENTATION,2026-09-05,2026-09-30,2026-09-05
ARU_GROUP-2026-00651,ARU_GROUP,2026,9,TRUCKING,4100,Intercompany service revenue,0,1125,-1125,Red Wash service invoice,IC-2026-09-steel-TRUCKING,NONCASH_OR_OPENING,MANAGEMENT_FORECAST,PUBLIC_SYNTHETIC_DIEGETIC,LOCKED_DERIVED_IMPLEMENTATION,2026-09-05,2026-09-30,2026-09-05
ARU_GROUP-2026-00652,ARU_GROUP,2026,9,TRUCKING,5200,Incremental interface external operating cost,750,0,750,Interface physical cost-to-serve,IC-2026-09-steel-TRUCKING,OPERATING,MANAGEMENT_FORECAST,PUBLIC_SYNTHETIC_DIEGETIC,LOCKED_DERIVED_IMPLEMENTATION,2026-09-05,2026-09-30,2026-09-05
ARU_GROUP-2026-00652,ARU_GROUP,2026,9,TRUCKING,1000,Cash,0,750,-750,Interface physical cost-to-serve,IC-2026-09-steel-TRUCKING,OPERATING,MANAGEMENT_FORECAST,PUBLIC_SYNTHETIC_DIEGETIC,LOCKED_DERIVED_IMPLEMENTATION,2026-09-05,2026-09-30,2026-09-05
ARU_GROUP-2026-00653,ARU_GROUP,2026,9,BST,1150,Intercompany receivable,750,0,750,Red Wash service invoice,IC-2026-09-mro-BST,NONCASH_OR_OPENING,MANAGEMENT_FORECAST,PUBLIC_SYNTHETIC_DIEGETIC,LOCKED_DERIVED_IMPLEMENTATION,2026-09-05,2026-09-30,2026-09-05
ARU_GROUP-2026-00653,ARU_GROUP,2026,9,BST,4100,Intercompany service revenue,0,750,-750,Red Wash service invoice,IC-2026-09-mro-BST,NONCASH_OR_OPENING,MANAGEMENT_FORECAST,PUBLIC_SYNTHETIC_DIEGETIC,LOCKED_DERIVED_IMPLEMENTATION,2026-09-05,2026-09-30,2026-09-05
ARU_GROUP-2026-00654,ARU_GROUP,2026,9,BST,5200,Incremental interface external operating cost,300,0,300,Interface physical cost-to-serve,IC-2026-09-mro-BST,OPERATING,MANAGEMENT_FORECAST,PUBLIC_SYNTHETIC_DIEGETIC,LOCKED_DERIVED_IMPLEMENTATION,2026-09-05,2026-09-30,2026-09-05
ARU_GROUP-2026-00654,ARU_GROUP,2026,9,BST,1000,Cash,0,300,-300,Interface physical cost-to-serve,IC-2026-09-mro-BST,OPERATING,MANAGEMENT_FORECAST,PUBLIC_SYNTHETIC_DIEGETIC,LOCKED_DERIVED_IMPLEMENTATION,2026-09-05,2026-09-30,2026-09-05
ARU_GROUP-2026-00655,ARU_GROUP,2026,9,TERMINALS,1150,Intercompany receivable,500,0,500,Red Wash service invoice,IC-2026-09-mro-TERMINALS,NONCASH_OR_OPENING,MANAGEMENT_FORECAST,PUBLIC_SYNTHETIC_DIEGETIC,LOCKED_DERIVED_IMPLEMENTATION,2026-09-05,2026-09-30,2026-09-05
ARU_GROUP-2026-00655,ARU_GROUP,2026,9,TERMINALS,4100,Intercompany service revenue,0,500,-500,Red Wash service invoice,IC-2026-09-mro-TERMINALS,NONCASH_OR_OPENING,MANAGEMENT_FORECAST,PUBLIC_SYNTHETIC_DIEGETIC,LOCKED_DERIVED_IMPLEMENTATION,2026-09-05,2026-09-30,2026-09-05
ARU_GROUP-2026-00656,ARU_GROUP,2026,9,TERMINALS,5200,Incremental interface external operating cost,290,0,290,Interface physical cost-to-serve,IC-2026-09-mro-TERMINALS,OPERATING,MANAGEMENT_FORECAST,PUBLIC_SYNTHETIC_DIEGETIC,LOCKED_DERIVED_IMPLEMENTATION,2026-09-05,2026-09-30,2026-09-05
ARU_GROUP-2026-00656,ARU_GROUP,2026,9,TERMINALS,1000,Cash,0,290,-290,Interface physical cost-to-serve,IC-2026-09-mro-TERMINALS,OPERATING,MANAGEMENT_FORECAST,PUBLIC_SYNTHETIC_DIEGETIC,LOCKED_DERIVED_IMPLEMENTATION,2026-09-05,2026-09-30,2026-09-05
ARU_GROUP-2026-00657,ARU_GROUP,2026,9,TRUCKING,1150,Intercompany receivable,650,0,650,Red Wash service invoice,IC-2026-09-mro-TRUCKING,NONCASH_OR_OPENING,MANAGEMENT_FORECAST,PUBLIC_SYNTHETIC_DIEGETIC,LOCKED_DERIVED_IMPLEMENTATION,2026-09-05,2026-09-30,2026-09-05
ARU_GROUP-2026-00657,ARU_GROUP,2026,9,TRUCKING,4100,Intercompany service revenue,0,650,-650,Red Wash service invoice,IC-2026-09-mro-TRUCKING,NONCASH_OR_OPENING,MANAGEMENT_FORECAST,PUBLIC_SYNTHETIC_DIEGETIC,LOCKED_DERIVED_IMPLEMENTATION,2026-09-05,2026-09-30,2026-09-05
ARU_GROUP-2026-00658,ARU_GROUP,2026,9,TRUCKING,5200,Incremental interface external operating cost,440,0,440,Interface physical cost-to-serve,IC-2026-09-mro-TRUCKING,OPERATING,MANAGEMENT_FORECAST,PUBLIC_SYNTHETIC_DIEGETIC,LOCKED_DERIVED_IMPLEMENTATION,2026-09-05,2026-09-30,2026-09-05
ARU_GROUP-2026-00658,ARU_GROUP,2026,9,TRUCKING,1000,Cash,0,440,-440,Interface physical cost-to-serve,IC-2026-09-mro-TRUCKING,OPERATING,MANAGEMENT_FORECAST,PUBLIC_SYNTHETIC_DIEGETIC,LOCKED_DERIVED_IMPLEMENTATION,2026-09-05,2026-09-30,2026-09-05
ARU_GROUP-2026-00659,ARU_GROUP,2026,9,BST,1150,Intercompany receivable,1400,0,1400,Red Wash service invoice,IC-2026-09-project-BST,NONCASH_OR_OPENING,MANAGEMENT_FORECAST,PUBLIC_SYNTHETIC_DIEGETIC,LOCKED_DERIVED_IMPLEMENTATION,2026-09-05,2026-09-30,2026-09-05
ARU_GROUP-2026-00659,ARU_GROUP,2026,9,BST,4100,Intercompany service revenue,0,1400,-1400,Red Wash service invoice,IC-2026-09-project-BST,NONCASH_OR_OPENING,MANAGEMENT_FORECAST,PUBLIC_SYNTHETIC_DIEGETIC,LOCKED_DERIVED_IMPLEMENTATION,2026-09-05,2026-09-30,2026-09-05
ARU_GROUP-2026-00660,ARU_GROUP,2026,9,BST,5200,Incremental interface external operating cost,650,0,650,Interface physical cost-to-serve,IC-2026-09-project-BST,OPERATING,MANAGEMENT_FORECAST,PUBLIC_SYNTHETIC_DIEGETIC,LOCKED_DERIVED_IMPLEMENTATION,2026-09-05,2026-09-30,2026-09-05
ARU_GROUP-2026-00660,ARU_GROUP,2026,9,BST,1000,Cash,0,650,-650,Interface physical cost-to-serve,IC-2026-09-project-BST,OPERATING,MANAGEMENT_FORECAST,PUBLIC_SYNTHETIC_DIEGETIC,LOCKED_DERIVED_IMPLEMENTATION,2026-09-05,2026-09-30,2026-09-05
ARU_GROUP-2026-00661,ARU_GROUP,2026,9,TERMINALS,1150,Intercompany receivable,1400,0,1400,Red Wash service invoice,IC-2026-09-project-TERMINALS,NONCASH_OR_OPENING,MANAGEMENT_FORECAST,PUBLIC_SYNTHETIC_DIEGETIC,LOCKED_DERIVED_IMPLEMENTATION,2026-09-05,2026-09-30,2026-09-05
ARU_GROUP-2026-00661,ARU_GROUP,2026,9,TERMINALS,4100,Intercompany service revenue,0,1400,-1400,Red Wash service invoice,IC-2026-09-project-TERMINALS,NONCASH_OR_OPENING,MANAGEMENT_FORECAST,PUBLIC_SYNTHETIC_DIEGETIC,LOCKED_DERIVED_IMPLEMENTATION,2026-09-05,2026-09-30,2026-09-05
ARU_GROUP-2026-00662,ARU_GROUP,2026,9,TERMINALS,5200,Incremental interface external operating cost,800,0,800,Interface physical cost-to-serve,IC-2026-09-project-TERMINALS,OPERATING,MANAGEMENT_FORECAST,PUBLIC_SYNTHETIC_DIEGETIC,LOCKED_DERIVED_IMPLEMENTATION,2026-09-05,2026-09-30,2026-09-05
ARU_GROUP-2026-00662,ARU_GROUP,2026,9,TERMINALS,1000,Cash,0,800,-800,Interface physical cost-to-serve,IC-2026-09-project-TERMINALS,OPERATING,MANAGEMENT_FORECAST,PUBLIC_SYNTHETIC_DIEGETIC,LOCKED_DERIVED_IMPLEMENTATION,2026-09-05,2026-09-30,2026-09-05
ARU_GROUP-2026-00663,ARU_GROUP,2026,9,TRUCKING,1150,Intercompany receivable,1800,0,1800,Red Wash service invoice,IC-2026-09-project-TRUCKING,NONCASH_OR_OPENING,MANAGEMENT_FORECAST,PUBLIC_SYNTHETIC_DIEGETIC,LOCKED_DERIVED_IMPLEMENTATION,2026-09-05,2026-09-30,2026-09-05
ARU_GROUP-2026-00663,ARU_GROUP,2026,9,TRUCKING,4100,Intercompany service revenue,0,1800,-1800,Red Wash service invoice,IC-2026-09-project-TRUCKING,NONCASH_OR_OPENING,MANAGEMENT_FORECAST,PUBLIC_SYNTHETIC_DIEGETIC,LOCKED_DERIVED_IMPLEMENTATION,2026-09-05,2026-09-30,2026-09-05
ARU_GROUP-2026-00664,ARU_GROUP,2026,9,TRUCKING,5200,Incremental interface external operating cost,1300,0,1300,Interface physical cost-to-serve,IC-2026-09-project-TRUCKING,OPERATING,MANAGEMENT_FORECAST,PUBLIC_SYNTHETIC_DIEGETIC,LOCKED_DERIVED_IMPLEMENTATION,2026-09-05,2026-09-30,2026-09-05
ARU_GROUP-2026-00664,ARU_GROUP,2026,9,TRUCKING,1000,Cash,0,1300,-1300,Interface physical cost-to-serve,IC-2026-09-project-TRUCKING,OPERATING,MANAGEMENT_FORECAST,PUBLIC_SYNTHETIC_DIEGETIC,LOCKED_DERIVED_IMPLEMENTATION,2026-09-05,2026-09-30,2026-09-05
ARU_GROUP-2026-00665,ARU_GROUP,2026,9,ARU,1150,Intercompany receivable,0,15200,-15200,Prior-month Red Wash invoice settled,IC-PAYMENT,OPERATING,MANAGEMENT_FORECAST,PUBLIC_SYNTHETIC_DIEGETIC,LOCKED_DERIVED_IMPLEMENTATION,2026-09-05,2026-09-30,2026-09-05
ARU_GROUP-2026-00665,ARU_GROUP,2026,9,ARU,1000,Cash,15200,0,15200,Prior-month Red Wash invoice settled,IC-PAYMENT,OPERATING,MANAGEMENT_FORECAST,PUBLIC_SYNTHETIC_DIEGETIC,LOCKED_DERIVED_IMPLEMENTATION,2026-09-05,2026-09-30,2026-09-05
ARU_GROUP-2026-00666,ARU_GROUP,2026,9,BST,5200,Incremental interface external operating cost,1000,0,1000,Interface standby/insurance/maintenance/compliance,IC-FIXED,OPERATING,MANAGEMENT_FORECAST,PUBLIC_SYNTHETIC_DIEGETIC,LOCKED_DERIVED_IMPLEMENTATION,2026-09-05,2026-09-30,2026-09-05
ARU_GROUP-2026-00666,ARU_GROUP,2026,9,BST,1000,Cash,0,1000,-1000,Interface standby/insurance/maintenance/compliance,IC-FIXED,OPERATING,MANAGEMENT_FORECAST,PUBLIC_SYNTHETIC_DIEGETIC,LOCKED_DERIVED_IMPLEMENTATION,2026-09-05,2026-09-30,2026-09-05
ARU_GROUP-2026-00667,ARU_GROUP,2026,9,TERMINALS,5200,Incremental interface external operating cost,2000,0,2000,Interface standby/insurance/maintenance/compliance,IC-FIXED,OPERATING,MANAGEMENT_FORECAST,PUBLIC_SYNTHETIC_DIEGETIC,LOCKED_DERIVED_IMPLEMENTATION,2026-09-05,2026-09-30,2026-09-05
ARU_GROUP-2026-00667,ARU_GROUP,2026,9,TERMINALS,1000,Cash,0,2000,-2000,Interface standby/insurance/maintenance/compliance,IC-FIXED,OPERATING,MANAGEMENT_FORECAST,PUBLIC_SYNTHETIC_DIEGETIC,LOCKED_DERIVED_IMPLEMENTATION,2026-09-05,2026-09-30,2026-09-05
ARU_GROUP-2026-00668,ARU_GROUP,2026,9,TRUCKING,5200,Incremental interface external operating cost,1000,0,1000,Interface standby/insurance/maintenance/compliance,IC-FIXED,OPERATING,MANAGEMENT_FORECAST,PUBLIC_SYNTHETIC_DIEGETIC,LOCKED_DERIVED_IMPLEMENTATION,2026-09-05,2026-09-30,2026-09-05
ARU_GROUP-2026-00668,ARU_GROUP,2026,9,TRUCKING,1000,Cash,0,1000,-1000,Interface standby/insurance/maintenance/compliance,IC-FIXED,OPERATING,MANAGEMENT_FORECAST,PUBLIC_SYNTHETIC_DIEGETIC,LOCKED_DERIVED_IMPLEMENTATION,2026-09-05,2026-09-30,2026-09-05
ARU_GROUP-2026-00669,ARU_GROUP,2026,9,ARU,5700,Retention and seller consulting,41096,0,41096,Retention compensation accrued by service days,RETENTION-POOL,NONCASH_OR_OPENING,MANAGEMENT_FORECAST,PUBLIC_SYNTHETIC_DIEGETIC,LOCKED_DERIVED_IMPLEMENTATION,2026-09-05,2026-09-30,2026-09-05
ARU_GROUP-2026-00669,ARU_GROUP,2026,9,ARU,2110,Retention compensation payable,0,41096,-41096,Retention compensation accrued by service days,RETENTION-POOL,NONCASH_OR_OPENING,MANAGEMENT_FORECAST,PUBLIC_SYNTHETIC_DIEGETIC,LOCKED_DERIVED_IMPLEMENTATION,2026-09-05,2026-09-30,2026-09-05
ARU_GROUP-2026-00670,ARU_GROUP,2026,9,ARU,5700,Retention and seller consulting,24725,0,24725,"Seller knowledge-transfer consulting, no operating authority",TOLMAN-CONSULTING,OPERATING,MANAGEMENT_FORECAST,PUBLIC_SYNTHETIC_DIEGETIC,LOCKED_DERIVED_IMPLEMENTATION,2026-09-05,2026-09-30,2026-09-05
ARU_GROUP-2026-00670,ARU_GROUP,2026,9,ARU,1000,Cash,0,24725,-24725,"Seller knowledge-transfer consulting, no operating authority",TOLMAN-CONSULTING,OPERATING,MANAGEMENT_FORECAST,PUBLIC_SYNTHETIC_DIEGETIC,LOCKED_DERIVED_IMPLEMENTATION,2026-09-05,2026-09-30,2026-09-05
ARU_GROUP-2026-00671,ARU_GROUP,2026,9,ARU,5400,Interest and financing fees,130550,0,130550,Term/lease interest and undrawn revolver fee,DEBT26,OPERATING,MANAGEMENT_FORECAST,PUBLIC_SYNTHETIC_DIEGETIC,LOCKED_DERIVED_IMPLEMENTATION,2026-09-05,2026-09-30,2026-09-05
ARU_GROUP-2026-00671,ARU_GROUP,2026,9,ARU,1000,Cash,0,130550,-130550,Term/lease interest and undrawn revolver fee,DEBT26,OPERATING,MANAGEMENT_FORECAST,PUBLIC_SYNTHETIC_DIEGETIC,LOCKED_DERIVED_IMPLEMENTATION,2026-09-05,2026-09-30,2026-09-05
ARU_GROUP-2026-00672,ARU_GROUP,2026,9,ARU,5400,Interest and financing fees,5000,0,5000,Debt issuance cost amortization,DEBT26-ISSUANCE,NONCASH_OR_OPENING,MANAGEMENT_FORECAST,PUBLIC_SYNTHETIC_DIEGETIC,LOCKED_DERIVED_IMPLEMENTATION,2026-09-05,2026-09-30,2026-09-05
ARU_GROUP-2026-00672,ARU_GROUP,2026,9,ARU,1700,"Debt issuance cost, contra term debt",0,5000,-5000,Debt issuance cost amortization,DEBT26-ISSUANCE,NONCASH_OR_OPENING,MANAGEMENT_FORECAST,PUBLIC_SYNTHETIC_DIEGETIC,LOCKED_DERIVED_IMPLEMENTATION,2026-09-05,2026-09-30,2026-09-05
ARU_GROUP-2026-00674,ARU_GROUP,2026,9,ARU,2600,Finance lease obligation,41096,0,41096,Finance lease principal,LEASE26,FINANCING,MANAGEMENT_FORECAST,PUBLIC_SYNTHETIC_DIEGETIC,LOCKED_DERIVED_IMPLEMENTATION,2026-09-05,2026-09-30,2026-09-05
ARU_GROUP-2026-00674,ARU_GROUP,2026,9,ARU,1000,Cash,0,41096,-41096,Finance lease principal,LEASE26,FINANCING,MANAGEMENT_FORECAST,PUBLIC_SYNTHETIC_DIEGETIC,LOCKED_DERIVED_IMPLEMENTATION,2026-09-05,2026-09-30,2026-09-05
ARU_GROUP-2026-00675,ARU_GROUP,2026,9,ARU,3000,Contributed equity,0,1100000,-1100000,Parent equity for catch-up and Phase 1 infrastructure,CAPITAL-FUNDING,FINANCING,MANAGEMENT_FORECAST,PUBLIC_SYNTHETIC_DIEGETIC,LOCKED_DERIVED_IMPLEMENTATION,2026-09-05,2026-09-30,2026-09-05
ARU_GROUP-2026-00675,ARU_GROUP,2026,9,ARU,1000,Cash,1100000,0,1100000,Parent equity for catch-up and Phase 1 infrastructure,CAPITAL-FUNDING,FINANCING,MANAGEMENT_FORECAST,PUBLIC_SYNTHETIC_DIEGETIC,LOCKED_DERIVED_IMPLEMENTATION,2026-09-05,2026-09-30,2026-09-05
ARU_GROUP-2026-00676,ARU_GROUP,2026,9,ARU,1400,PPE gross,1375000,0,1375000,Sustaining/catch-up/Phase 1 capital additions,CAPEX26,INVESTING,MANAGEMENT_FORECAST,PUBLIC_SYNTHETIC_DIEGETIC,LOCKED_DERIVED_IMPLEMENTATION,2026-09-05,2026-09-30,2026-09-05
ARU_GROUP-2026-00676,ARU_GROUP,2026,9,ARU,1000,Cash,0,1375000,-1375000,Sustaining/catch-up/Phase 1 capital additions,CAPEX26,INVESTING,MANAGEMENT_FORECAST,PUBLIC_SYNTHETIC_DIEGETIC,LOCKED_DERIVED_IMPLEMENTATION,2026-09-05,2026-09-30,2026-09-05
ARU_GROUP-2026-00677,ARU_GROUP,2026,9,ARU,5300,Depreciation in earnings,255589,0,255589,PPE depreciation and completed program assets,FIXED26,NONCASH_OR_OPENING,MANAGEMENT_FORECAST,PUBLIC_SYNTHETIC_DIEGETIC,LOCKED_DERIVED_IMPLEMENTATION,2026-09-05,2026-09-30,2026-09-05
ARU_GROUP-2026-00677,ARU_GROUP,2026,9,ARU,1490,Accumulated PPE depreciation,0,255589,-255589,PPE depreciation and completed program assets,FIXED26,NONCASH_OR_OPENING,MANAGEMENT_FORECAST,PUBLIC_SYNTHETIC_DIEGETIC,LOCKED_DERIVED_IMPLEMENTATION,2026-09-05,2026-09-30,2026-09-05
ARU_GROUP-2026-00678,ARU_GROUP,2026,9,ARU,5300,Depreciation in earnings,41096,0,41096,Retained finance lease ROU depreciation,LEASE26,NONCASH_OR_OPENING,MANAGEMENT_FORECAST,PUBLIC_SYNTHETIC_DIEGETIC,LOCKED_DERIVED_IMPLEMENTATION,2026-09-05,2026-09-30,2026-09-05
ARU_GROUP-2026-00678,ARU_GROUP,2026,9,ARU,1590,Accumulated finance lease ROU depreciation,0,41096,-41096,Retained finance lease ROU depreciation,LEASE26,NONCASH_OR_OPENING,MANAGEMENT_FORECAST,PUBLIC_SYNTHETIC_DIEGETIC,LOCKED_DERIVED_IMPLEMENTATION,2026-09-05,2026-09-30,2026-09-05
ARU_GROUP-2026-00679,ARU_GROUP,2026,9,ARU,5500,Modeled income tax,128112,0,128112,"Cumulative annual current tax, including tax-goodwill amortization",TAX26-CURRENT,NONCASH_OR_OPENING,MANAGEMENT_FORECAST,PUBLIC_SYNTHETIC_DIEGETIC,LOCKED_DERIVED_IMPLEMENTATION,2026-09-05,2026-09-30,2026-09-05
ARU_GROUP-2026-00679,ARU_GROUP,2026,9,ARU,2700,Current income tax payable / prepaid,0,128112,-128112,"Cumulative annual current tax, including tax-goodwill amortization",TAX26-CURRENT,NONCASH_OR_OPENING,MANAGEMENT_FORECAST,PUBLIC_SYNTHETIC_DIEGETIC,LOCKED_DERIVED_IMPLEMENTATION,2026-09-05,2026-09-30,2026-09-05
ARU_GROUP-2026-00680,ARU_GROUP,2026,9,ARU,5501,Deferred income tax expense,18055,0,18055,Deferred tax on section 197 goodwill tax/book basis difference,TAX26-DEFERRED,NONCASH_OR_OPENING,MANAGEMENT_FORECAST,PUBLIC_SYNTHETIC_DIEGETIC,LOCKED_DERIVED_IMPLEMENTATION,2026-09-05,2026-09-30,2026-09-05
ARU_GROUP-2026-00680,ARU_GROUP,2026,9,ARU,2250,Deferred tax liability on tax goodwill amortization,0,18055,-18055,Deferred tax on section 197 goodwill tax/book basis difference,TAX26-DEFERRED,NONCASH_OR_OPENING,MANAGEMENT_FORECAST,PUBLIC_SYNTHETIC_DIEGETIC,LOCKED_DERIVED_IMPLEMENTATION,2026-09-05,2026-09-30,2026-09-05
ARU_GROUP-2026-00682,ARU_GROUP,2026,9,ARU,2700,Current income tax payable / prepaid,380658,0,380658,"Quarter-end estimated income-tax payment; overpayments carried, no instant refund",TAX26-PAYMENT,OPERATING,MANAGEMENT_FORECAST,PUBLIC_SYNTHETIC_DIEGETIC,LOCKED_DERIVED_IMPLEMENTATION,2026-09-05,2026-09-30,2026-09-05
ARU_GROUP-2026-00682,ARU_GROUP,2026,9,ARU,1000,Cash,0,380658,-380658,"Quarter-end estimated income-tax payment; overpayments carried, no instant refund",TAX26-PAYMENT,OPERATING,MANAGEMENT_FORECAST,PUBLIC_SYNTHETIC_DIEGETIC,LOCKED_DERIVED_IMPLEMENTATION,2026-09-05,2026-09-30,2026-09-05
ARU_GROUP-2026-00683,ARU_GROUP,2026,10,BST,1100,"External receivables, net of allowance",298945,0,298945,External customer invoice under source price and volume indices,BST-2025-001,NONCASH_OR_OPENING,MANAGEMENT_FORECAST,PUBLIC_SYNTHETIC_DIEGETIC,LOCKED_DERIVED_IMPLEMENTATION,2026-09-05,2026-10-31,2026-09-05
ARU_GROUP-2026-00683,ARU_GROUP,2026,10,BST,4000,External revenue,0,298945,-298945,External customer invoice under source price and volume indices,BST-2025-001,NONCASH_OR_OPENING,MANAGEMENT_FORECAST,PUBLIC_SYNTHETIC_DIEGETIC,LOCKED_DERIVED_IMPLEMENTATION,2026-09-05,2026-10-31,2026-09-05
ARU_GROUP-2026-00684,ARU_GROUP,2026,10,BST,1100,"External receivables, net of allowance",127712,0,127712,External customer invoice under source price and volume indices,BST-2025-006,NONCASH_OR_OPENING,MANAGEMENT_FORECAST,PUBLIC_SYNTHETIC_DIEGETIC,LOCKED_DERIVED_IMPLEMENTATION,2026-09-05,2026-10-31,2026-09-05
ARU_GROUP-2026-00684,ARU_GROUP,2026,10,BST,4000,External revenue,0,127712,-127712,External customer invoice under source price and volume indices,BST-2025-006,NONCASH_OR_OPENING,MANAGEMENT_FORECAST,PUBLIC_SYNTHETIC_DIEGETIC,LOCKED_DERIVED_IMPLEMENTATION,2026-09-05,2026-10-31,2026-09-05
ARU_GROUP-2026-00685,ARU_GROUP,2026,10,BST,1100,"External receivables, net of allowance",221866,0,221866,External customer invoice under source price and volume indices,BST-2025-002,NONCASH_OR_OPENING,MANAGEMENT_FORECAST,PUBLIC_SYNTHETIC_DIEGETIC,LOCKED_DERIVED_IMPLEMENTATION,2026-09-05,2026-10-31,2026-09-05
ARU_GROUP-2026-00685,ARU_GROUP,2026,10,BST,4000,External revenue,0,221866,-221866,External customer invoice under source price and volume indices,BST-2025-002,NONCASH_OR_OPENING,MANAGEMENT_FORECAST,PUBLIC_SYNTHETIC_DIEGETIC,LOCKED_DERIVED_IMPLEMENTATION,2026-09-05,2026-10-31,2026-09-05
ARU_GROUP-2026-00686,ARU_GROUP,2026,10,BST,1100,"External receivables, net of allowance",100129,0,100129,External customer invoice under source price and volume indices,BST-2025-007,NONCASH_OR_OPENING,MANAGEMENT_FORECAST,PUBLIC_SYNTHETIC_DIEGETIC,LOCKED_DERIVED_IMPLEMENTATION,2026-09-05,2026-10-31,2026-09-05
ARU_GROUP-2026-00686,ARU_GROUP,2026,10,BST,4000,External revenue,0,100129,-100129,External customer invoice under source price and volume indices,BST-2025-007,NONCASH_OR_OPENING,MANAGEMENT_FORECAST,PUBLIC_SYNTHETIC_DIEGETIC,LOCKED_DERIVED_IMPLEMENTATION,2026-09-05,2026-10-31,2026-09-05
ARU_GROUP-2026-00687,ARU_GROUP,2026,10,BST,1100,"External receivables, net of allowance",115174,0,115174,External customer invoice under source price and volume indices,BST-2025-004,NONCASH_OR_OPENING,MANAGEMENT_FORECAST,PUBLIC_SYNTHETIC_DIEGETIC,LOCKED_DERIVED_IMPLEMENTATION,2026-09-05,2026-10-31,2026-09-05
ARU_GROUP-2026-00687,ARU_GROUP,2026,10,BST,4000,External revenue,0,115174,-115174,External customer invoice under source price and volume indices,BST-2025-004,NONCASH_OR_OPENING,MANAGEMENT_FORECAST,PUBLIC_SYNTHETIC_DIEGETIC,LOCKED_DERIVED_IMPLEMENTATION,2026-09-05,2026-10-31,2026-09-05
ARU_GROUP-2026-00688,ARU_GROUP,2026,10,BST,1100,"External receivables, net of allowance",57375,0,57375,External customer invoice under source price and volume indices,BST-2025-008,NONCASH_OR_OPENING,MANAGEMENT_FORECAST,PUBLIC_SYNTHETIC_DIEGETIC,LOCKED_DERIVED_IMPLEMENTATION,2026-09-05,2026-10-31,2026-09-05
ARU_GROUP-2026-00688,ARU_GROUP,2026,10,BST,4000,External revenue,0,57375,-57375,External customer invoice under source price and volume indices,BST-2025-008,NONCASH_OR_OPENING,MANAGEMENT_FORECAST,PUBLIC_SYNTHETIC_DIEGETIC,LOCKED_DERIVED_IMPLEMENTATION,2026-09-05,2026-10-31,2026-09-05
ARU_GROUP-2026-00689,ARU_GROUP,2026,10,BST,1100,"External receivables, net of allowance",136451,0,136451,External customer invoice under source price and volume indices,BST-2025-003,NONCASH_OR_OPENING,MANAGEMENT_FORECAST,PUBLIC_SYNTHETIC_DIEGETIC,LOCKED_DERIVED_IMPLEMENTATION,2026-09-05,2026-10-31,2026-09-05
ARU_GROUP-2026-00689,ARU_GROUP,2026,10,BST,4000,External revenue,0,136451,-136451,External customer invoice under source price and volume indices,BST-2025-003,NONCASH_OR_OPENING,MANAGEMENT_FORECAST,PUBLIC_SYNTHETIC_DIEGETIC,LOCKED_DERIVED_IMPLEMENTATION,2026-09-05,2026-10-31,2026-09-05
ARU_GROUP-2026-00690,ARU_GROUP,2026,10,BST,1100,"External receivables, net of allowance",70218,0,70218,External customer invoice under source price and volume indices,BST-2025-009,NONCASH_OR_OPENING,MANAGEMENT_FORECAST,PUBLIC_SYNTHETIC_DIEGETIC,LOCKED_DERIVED_IMPLEMENTATION,2026-09-05,2026-10-31,2026-09-05
ARU_GROUP-2026-00690,ARU_GROUP,2026,10,BST,4000,External revenue,0,70218,-70218,External customer invoice under source price and volume indices,BST-2025-009,NONCASH_OR_OPENING,MANAGEMENT_FORECAST,PUBLIC_SYNTHETIC_DIEGETIC,LOCKED_DERIVED_IMPLEMENTATION,2026-09-05,2026-10-31,2026-09-05
ARU_GROUP-2026-00691,ARU_GROUP,2026,10,BST,1100,"External receivables, net of allowance",66469,0,66469,External customer invoice under source price and volume indices,BST-2025-010,NONCASH_OR_OPENING,MANAGEMENT_FORECAST,PUBLIC_SYNTHETIC_DIEGETIC,LOCKED_DERIVED_IMPLEMENTATION,2026-09-05,2026-10-31,2026-09-05
ARU_GROUP-2026-00691,ARU_GROUP,2026,10,BST,4000,External revenue,0,66469,-66469,External customer invoice under source price and volume indices,BST-2025-010,NONCASH_OR_OPENING,MANAGEMENT_FORECAST,PUBLIC_SYNTHETIC_DIEGETIC,LOCKED_DERIVED_IMPLEMENTATION,2026-09-05,2026-10-31,2026-09-05
ARU_GROUP-2026-00692,ARU_GROUP,2026,10,BST,1100,"External receivables, net of allowance",35122,0,35122,External customer invoice under source price and volume indices,BST-2025-011,NONCASH_OR_OPENING,MANAGEMENT_FORECAST,PUBLIC_SYNTHETIC_DIEGETIC,LOCKED_DERIVED_IMPLEMENTATION,2026-09-05,2026-10-31,2026-09-05
ARU_GROUP-2026-00692,ARU_GROUP,2026,10,BST,4000,External revenue,0,35122,-35122,External customer invoice under source price and volume indices,BST-2025-011,NONCASH_OR_OPENING,MANAGEMENT_FORECAST,PUBLIC_SYNTHETIC_DIEGETIC,LOCKED_DERIVED_IMPLEMENTATION,2026-09-05,2026-10-31,2026-09-05
ARU_GROUP-2026-00693,ARU_GROUP,2026,10,BST,1100,"External receivables, net of allowance",108626,0,108626,External customer invoice under source price and volume indices,BST-2025-012,NONCASH_OR_OPENING,MANAGEMENT_FORECAST,PUBLIC_SYNTHETIC_DIEGETIC,LOCKED_DERIVED_IMPLEMENTATION,2026-09-05,2026-10-31,2026-09-05
ARU_GROUP-2026-00693,ARU_GROUP,2026,10,BST,4000,External revenue,0,108626,-108626,External customer invoice under source price and volume indices,BST-2025-012,NONCASH_OR_OPENING,MANAGEMENT_FORECAST,PUBLIC_SYNTHETIC_DIEGETIC,LOCKED_DERIVED_IMPLEMENTATION,2026-09-05,2026-10-31,2026-09-05
ARU_GROUP-2026-00694,ARU_GROUP,2026,10,BST,1100,"External receivables, net of allowance",69451,0,69451,External customer invoice under source price and volume indices,BST-2025-013,NONCASH_OR_OPENING,MANAGEMENT_FORECAST,PUBLIC_SYNTHETIC_DIEGETIC,LOCKED_DERIVED_IMPLEMENTATION,2026-09-05,2026-10-31,2026-09-05
ARU_GROUP-2026-00694,ARU_GROUP,2026,10,BST,4000,External revenue,0,69451,-69451,External customer invoice under source price and volume indices,BST-2025-013,NONCASH_OR_OPENING,MANAGEMENT_FORECAST,PUBLIC_SYNTHETIC_DIEGETIC,LOCKED_DERIVED_IMPLEMENTATION,2026-09-05,2026-10-31,2026-09-05
ARU_GROUP-2026-00695,ARU_GROUP,2026,10,TERMINALS,1100,"External receivables, net of allowance",123471,0,123471,External customer invoice under source price and volume indices,TRM-2025-001,NONCASH_OR_OPENING,MANAGEMENT_FORECAST,PUBLIC_SYNTHETIC_DIEGETIC,LOCKED_DERIVED_IMPLEMENTATION,2026-09-05,2026-10-31,2026-09-05
ARU_GROUP-2026-00695,ARU_GROUP,2026,10,TERMINALS,4000,External revenue,0,123471,-123471,External customer invoice under source price and volume indices,TRM-2025-001,NONCASH_OR_OPENING,MANAGEMENT_FORECAST,PUBLIC_SYNTHETIC_DIEGETIC,LOCKED_DERIVED_IMPLEMENTATION,2026-09-05,2026-10-31,2026-09-05
ARU_GROUP-2026-00696,ARU_GROUP,2026,10,TERMINALS,1100,"External receivables, net of allowance",120003,0,120003,External customer invoice under source price and volume indices,TRM-2025-002,NONCASH_OR_OPENING,MANAGEMENT_FORECAST,PUBLIC_SYNTHETIC_DIEGETIC,LOCKED_DERIVED_IMPLEMENTATION,2026-09-05,2026-10-31,2026-09-05
ARU_GROUP-2026-00696,ARU_GROUP,2026,10,TERMINALS,4000,External revenue,0,120003,-120003,External customer invoice under source price and volume indices,TRM-2025-002,NONCASH_OR_OPENING,MANAGEMENT_FORECAST,PUBLIC_SYNTHETIC_DIEGETIC,LOCKED_DERIVED_IMPLEMENTATION,2026-09-05,2026-10-31,2026-09-05
ARU_GROUP-2026-00697,ARU_GROUP,2026,10,TERMINALS,1100,"External receivables, net of allowance",165444,0,165444,External customer invoice under source price and volume indices,TRM-2025-003,NONCASH_OR_OPENING,MANAGEMENT_FORECAST,PUBLIC_SYNTHETIC_DIEGETIC,LOCKED_DERIVED_IMPLEMENTATION,2026-09-05,2026-10-31,2026-09-05
ARU_GROUP-2026-00697,ARU_GROUP,2026,10,TERMINALS,4000,External revenue,0,165444,-165444,External customer invoice under source price and volume indices,TRM-2025-003,NONCASH_OR_OPENING,MANAGEMENT_FORECAST,PUBLIC_SYNTHETIC_DIEGETIC,LOCKED_DERIVED_IMPLEMENTATION,2026-09-05,2026-10-31,2026-09-05
ARU_GROUP-2026-00698,ARU_GROUP,2026,10,TERMINALS,1100,"External receivables, net of allowance",165240,0,165240,External customer invoice under source price and volume indices,TRM-2025-014,NONCASH_OR_OPENING,MANAGEMENT_FORECAST,PUBLIC_SYNTHETIC_DIEGETIC,LOCKED_DERIVED_IMPLEMENTATION,2026-09-05,2026-10-31,2026-09-05
ARU_GROUP-2026-00698,ARU_GROUP,2026,10,TERMINALS,4000,External revenue,0,165240,-165240,External customer invoice under source price and volume indices,TRM-2025-014,NONCASH_OR_OPENING,MANAGEMENT_FORECAST,PUBLIC_SYNTHETIC_DIEGETIC,LOCKED_DERIVED_IMPLEMENTATION,2026-09-05,2026-10-31,2026-09-05
ARU_GROUP-2026-00699,ARU_GROUP,2026,10,TERMINALS,1100,"External receivables, net of allowance",162945,0,162945,External customer invoice under source price and volume indices,TRM-2025-015,NONCASH_OR_OPENING,MANAGEMENT_FORECAST,PUBLIC_SYNTHETIC_DIEGETIC,LOCKED_DERIVED_IMPLEMENTATION,2026-09-05,2026-10-31,2026-09-05
ARU_GROUP-2026-00699,ARU_GROUP,2026,10,TERMINALS,4000,External revenue,0,162945,-162945,External customer invoice under source price and volume indices,TRM-2025-015,NONCASH_OR_OPENING,MANAGEMENT_FORECAST,PUBLIC_SYNTHETIC_DIEGETIC,LOCKED_DERIVED_IMPLEMENTATION,2026-09-05,2026-10-31,2026-09-05
ARU_GROUP-2026-00700,ARU_GROUP,2026,10,TERMINALS,1100,"External receivables, net of allowance",157896,0,157896,External customer invoice under source price and volume indices,TRM-2025-016,NONCASH_OR_OPENING,MANAGEMENT_FORECAST,PUBLIC_SYNTHETIC_DIEGETIC,LOCKED_DERIVED_IMPLEMENTATION,2026-09-05,2026-10-31,2026-09-05
ARU_GROUP-2026-00700,ARU_GROUP,2026,10,TERMINALS,4000,External revenue,0,157896,-157896,External customer invoice under source price and volume indices,TRM-2025-016,NONCASH_OR_OPENING,MANAGEMENT_FORECAST,PUBLIC_SYNTHETIC_DIEGETIC,LOCKED_DERIVED_IMPLEMENTATION,2026-09-05,2026-10-31,2026-09-05
ARU_GROUP-2026-00701,ARU_GROUP,2026,10,TERMINALS,1100,"External receivables, net of allowance",151470,0,151470,External customer invoice under source price and volume indices,TRM-2025-017,NONCASH_OR_OPENING,MANAGEMENT_FORECAST,PUBLIC_SYNTHETIC_DIEGETIC,LOCKED_DERIVED_IMPLEMENTATION,2026-09-05,2026-10-31,2026-09-05
ARU_GROUP-2026-00701,ARU_GROUP,2026,10,TERMINALS,4000,External revenue,0,151470,-151470,External customer invoice under source price and volume indices,TRM-2025-017,NONCASH_OR_OPENING,MANAGEMENT_FORECAST,PUBLIC_SYNTHETIC_DIEGETIC,LOCKED_DERIVED_IMPLEMENTATION,2026-09-05,2026-10-31,2026-09-05
ARU_GROUP-2026-00702,ARU_GROUP,2026,10,TERMINALS,1100,"External receivables, net of allowance",146880,0,146880,External customer invoice under source price and volume indices,TRM-2025-018,NONCASH_OR_OPENING,MANAGEMENT_FORECAST,PUBLIC_SYNTHETIC_DIEGETIC,LOCKED_DERIVED_IMPLEMENTATION,2026-09-05,2026-10-31,2026-09-05
ARU_GROUP-2026-00702,ARU_GROUP,2026,10,TERMINALS,4000,External revenue,0,146880,-146880,External customer invoice under source price and volume indices,TRM-2025-018,NONCASH_OR_OPENING,MANAGEMENT_FORECAST,PUBLIC_SYNTHETIC_DIEGETIC,LOCKED_DERIVED_IMPLEMENTATION,2026-09-05,2026-10-31,2026-09-05
ARU_GROUP-2026-00703,ARU_GROUP,2026,10,TRUCKING,1100,"External receivables, net of allowance",131580,0,131580,External customer invoice under source price and volume indices,TRK-2025-004,NONCASH_OR_OPENING,MANAGEMENT_FORECAST,PUBLIC_SYNTHETIC_DIEGETIC,LOCKED_DERIVED_IMPLEMENTATION,2026-09-05,2026-10-31,2026-09-05
ARU_GROUP-2026-00703,ARU_GROUP,2026,10,TRUCKING,4000,External revenue,0,131580,-131580,External customer invoice under source price and volume indices,TRK-2025-004,NONCASH_OR_OPENING,MANAGEMENT_FORECAST,PUBLIC_SYNTHETIC_DIEGETIC,LOCKED_DERIVED_IMPLEMENTATION,2026-09-05,2026-10-31,2026-09-05
ARU_GROUP-2026-00704,ARU_GROUP,2026,10,TRUCKING,1100,"External receivables, net of allowance",148920,0,148920,External customer invoice under source price and volume indices,TRK-2025-019,NONCASH_OR_OPENING,MANAGEMENT_FORECAST,PUBLIC_SYNTHETIC_DIEGETIC,LOCKED_DERIVED_IMPLEMENTATION,2026-09-05,2026-10-31,2026-09-05
ARU_GROUP-2026-00704,ARU_GROUP,2026,10,TRUCKING,4000,External revenue,0,148920,-148920,External customer invoice under source price and volume indices,TRK-2025-019,NONCASH_OR_OPENING,MANAGEMENT_FORECAST,PUBLIC_SYNTHETIC_DIEGETIC,LOCKED_DERIVED_IMPLEMENTATION,2026-09-05,2026-10-31,2026-09-05
ARU_GROUP-2026-00705,ARU_GROUP,2026,10,TRUCKING,1100,"External receivables, net of allowance",143310,0,143310,External customer invoice under source price and volume indices,TRK-2025-020,NONCASH_OR_OPENING,MANAGEMENT_FORECAST,PUBLIC_SYNTHETIC_DIEGETIC,LOCKED_DERIVED_IMPLEMENTATION,2026-09-05,2026-10-31,2026-09-05
ARU_GROUP-2026-00705,ARU_GROUP,2026,10,TRUCKING,4000,External revenue,0,143310,-143310,External customer invoice under source price and volume indices,TRK-2025-020,NONCASH_OR_OPENING,MANAGEMENT_FORECAST,PUBLIC_SYNTHETIC_DIEGETIC,LOCKED_DERIVED_IMPLEMENTATION,2026-09-05,2026-10-31,2026-09-05
ARU_GROUP-2026-00706,ARU_GROUP,2026,10,TRUCKING,1100,"External receivables, net of allowance",135660,0,135660,External customer invoice under source price and volume indices,TRK-2025-021,NONCASH_OR_OPENING,MANAGEMENT_FORECAST,PUBLIC_SYNTHETIC_DIEGETIC,LOCKED_DERIVED_IMPLEMENTATION,2026-09-05,2026-10-31,2026-09-05
ARU_GROUP-2026-00706,ARU_GROUP,2026,10,TRUCKING,4000,External revenue,0,135660,-135660,External customer invoice under source price and volume indices,TRK-2025-021,NONCASH_OR_OPENING,MANAGEMENT_FORECAST,PUBLIC_SYNTHETIC_DIEGETIC,LOCKED_DERIVED_IMPLEMENTATION,2026-09-05,2026-10-31,2026-09-05
ARU_GROUP-2026-00707,ARU_GROUP,2026,10,TRUCKING,1100,"External receivables, net of allowance",128520,0,128520,External customer invoice under source price and volume indices,TRK-2025-022,NONCASH_OR_OPENING,MANAGEMENT_FORECAST,PUBLIC_SYNTHETIC_DIEGETIC,LOCKED_DERIVED_IMPLEMENTATION,2026-09-05,2026-10-31,2026-09-05
ARU_GROUP-2026-00707,ARU_GROUP,2026,10,TRUCKING,4000,External revenue,0,128520,-128520,External customer invoice under source price and volume indices,TRK-2025-022,NONCASH_OR_OPENING,MANAGEMENT_FORECAST,PUBLIC_SYNTHETIC_DIEGETIC,LOCKED_DERIVED_IMPLEMENTATION,2026-09-05,2026-10-31,2026-09-05
ARU_GROUP-2026-00708,ARU_GROUP,2026,10,WAREHOUSE,1100,"External receivables, net of allowance",223074,0,223074,External customer invoice under source price and volume indices,WHS-2025-005,NONCASH_OR_OPENING,MANAGEMENT_FORECAST,PUBLIC_SYNTHETIC_DIEGETIC,LOCKED_DERIVED_IMPLEMENTATION,2026-09-05,2026-10-31,2026-09-05
ARU_GROUP-2026-00708,ARU_GROUP,2026,10,WAREHOUSE,4000,External revenue,0,223074,-223074,External customer invoice under source price and volume indices,WHS-2025-005,NONCASH_OR_OPENING,MANAGEMENT_FORECAST,PUBLIC_SYNTHETIC_DIEGETIC,LOCKED_DERIVED_IMPLEMENTATION,2026-09-05,2026-10-31,2026-09-05
ARU_GROUP-2026-00709,ARU_GROUP,2026,10,WAREHOUSE,1100,"External receivables, net of allowance",118422,0,118422,External customer invoice under source price and volume indices,WHS-2025-023,NONCASH_OR_OPENING,MANAGEMENT_FORECAST,PUBLIC_SYNTHETIC_DIEGETIC,LOCKED_DERIVED_IMPLEMENTATION,2026-09-05,2026-10-31,2026-09-05
ARU_GROUP-2026-00709,ARU_GROUP,2026,10,WAREHOUSE,4000,External revenue,0,118422,-118422,External customer invoice under source price and volume indices,WHS-2025-023,NONCASH_OR_OPENING,MANAGEMENT_FORECAST,PUBLIC_SYNTHETIC_DIEGETIC,LOCKED_DERIVED_IMPLEMENTATION,2026-09-05,2026-10-31,2026-09-05
ARU_GROUP-2026-00710,ARU_GROUP,2026,10,WAREHOUSE,1100,"External receivables, net of allowance",110160,0,110160,External customer invoice under source price and volume indices,WHS-2025-024,NONCASH_OR_OPENING,MANAGEMENT_FORECAST,PUBLIC_SYNTHETIC_DIEGETIC,LOCKED_DERIVED_IMPLEMENTATION,2026-09-05,2026-10-31,2026-09-05
ARU_GROUP-2026-00710,ARU_GROUP,2026,10,WAREHOUSE,4000,External revenue,0,110160,-110160,External customer invoice under source price and volume indices,WHS-2025-024,NONCASH_OR_OPENING,MANAGEMENT_FORECAST,PUBLIC_SYNTHETIC_DIEGETIC,LOCKED_DERIVED_IMPLEMENTATION,2026-09-05,2026-10-31,2026-09-05
ARU_GROUP-2026-00711,ARU_GROUP,2026,10,WAREHOUSE,1100,"External receivables, net of allowance",99144,0,99144,External customer invoice under source price and volume indices,WHS-2025-025,NONCASH_OR_OPENING,MANAGEMENT_FORECAST,PUBLIC_SYNTHETIC_DIEGETIC,LOCKED_DERIVED_IMPLEMENTATION,2026-09-05,2026-10-31,2026-09-05
ARU_GROUP-2026-00711,ARU_GROUP,2026,10,WAREHOUSE,4000,External revenue,0,99144,-99144,External customer invoice under source price and volume indices,WHS-2025-025,NONCASH_OR_OPENING,MANAGEMENT_FORECAST,PUBLIC_SYNTHETIC_DIEGETIC,LOCKED_DERIVED_IMPLEMENTATION,2026-09-05,2026-10-31,2026-09-05
ARU_GROUP-2026-00712,ARU_GROUP,2026,10,BST,5000,Payroll and employer burden,501121,0,501121,2026 loaded payroll under source cost index and unchanged census,PAYROLL-2026,NONCASH_OR_OPENING,MANAGEMENT_FORECAST,PUBLIC_SYNTHETIC_DIEGETIC,LOCKED_DERIVED_IMPLEMENTATION,2026-09-05,2026-10-31,2026-09-05
ARU_GROUP-2026-00712,ARU_GROUP,2026,10,BST,2000,Trade payables,0,501121,-501121,2026 loaded payroll under source cost index and unchanged census,PAYROLL-2026,NONCASH_OR_OPENING,MANAGEMENT_FORECAST,PUBLIC_SYNTHETIC_DIEGETIC,LOCKED_DERIVED_IMPLEMENTATION,2026-09-05,2026-10-31,2026-09-05
ARU_GROUP-2026-00713,ARU_GROUP,2026,10,BST,5100,External operating cost,629304,0,629304,External suppliers under source cost index,OPEX-2026,NONCASH_OR_OPENING,MANAGEMENT_FORECAST,PUBLIC_SYNTHETIC_DIEGETIC,LOCKED_DERIVED_IMPLEMENTATION,2026-09-05,2026-10-31,2026-09-05
ARU_GROUP-2026-00713,ARU_GROUP,2026,10,BST,2000,Trade payables,0,629304,-629304,External suppliers under source cost index,OPEX-2026,NONCASH_OR_OPENING,MANAGEMENT_FORECAST,PUBLIC_SYNTHETIC_DIEGETIC,LOCKED_DERIVED_IMPLEMENTATION,2026-09-05,2026-10-31,2026-09-05
ARU_GROUP-2026-00714,ARU_GROUP,2026,10,BST,5900,Shared service allocation / recovery,71242,0,71242,Shared services allocated,ALLOC-2026,NONCASH_OR_OPENING,MANAGEMENT_FORECAST,PUBLIC_SYNTHETIC_DIEGETIC,LOCKED_DERIVED_IMPLEMENTATION,2026-09-05,2026-10-31,2026-09-05
ARU_GROUP-2026-00714,ARU_GROUP,2026,10,BST,2100,Operating accruals,0,71242,-71242,Shared services allocated,ALLOC-2026,NONCASH_OR_OPENING,MANAGEMENT_FORECAST,PUBLIC_SYNTHETIC_DIEGETIC,LOCKED_DERIVED_IMPLEMENTATION,2026-09-05,2026-10-31,2026-09-05
ARU_GROUP-2026-00715,ARU_GROUP,2026,10,ARU,2100,Operating accruals,71242,0,71242,Shared services recovered,ALLOC-2026,NONCASH_OR_OPENING,MANAGEMENT_FORECAST,PUBLIC_SYNTHETIC_DIEGETIC,LOCKED_DERIVED_IMPLEMENTATION,2026-09-05,2026-10-31,2026-09-05
ARU_GROUP-2026-00715,ARU_GROUP,2026,10,ARU,5900,Shared service allocation / recovery,0,71242,-71242,Shared services recovered,ALLOC-2026,NONCASH_OR_OPENING,MANAGEMENT_FORECAST,PUBLIC_SYNTHETIC_DIEGETIC,LOCKED_DERIVED_IMPLEMENTATION,2026-09-05,2026-10-31,2026-09-05
ARU_GROUP-2026-00716,ARU_GROUP,2026,10,TERMINALS,5000,Payroll and employer burden,194936,0,194936,2026 loaded payroll under source cost index and unchanged census,PAYROLL-2026,NONCASH_OR_OPENING,MANAGEMENT_FORECAST,PUBLIC_SYNTHETIC_DIEGETIC,LOCKED_DERIVED_IMPLEMENTATION,2026-09-05,2026-10-31,2026-09-05
ARU_GROUP-2026-00716,ARU_GROUP,2026,10,TERMINALS,2000,Trade payables,0,194936,-194936,2026 loaded payroll under source cost index and unchanged census,PAYROLL-2026,NONCASH_OR_OPENING,MANAGEMENT_FORECAST,PUBLIC_SYNTHETIC_DIEGETIC,LOCKED_DERIVED_IMPLEMENTATION,2026-09-05,2026-10-31,2026-09-05
ARU_GROUP-2026-00717,ARU_GROUP,2026,10,TERMINALS,5100,External operating cost,504606,0,504606,External suppliers under source cost index,OPEX-2026,NONCASH_OR_OPENING,MANAGEMENT_FORECAST,PUBLIC_SYNTHETIC_DIEGETIC,LOCKED_DERIVED_IMPLEMENTATION,2026-09-05,2026-10-31,2026-09-05
ARU_GROUP-2026-00717,ARU_GROUP,2026,10,TERMINALS,2000,Trade payables,0,504606,-504606,External suppliers under source cost index,OPEX-2026,NONCASH_OR_OPENING,MANAGEMENT_FORECAST,PUBLIC_SYNTHETIC_DIEGETIC,LOCKED_DERIVED_IMPLEMENTATION,2026-09-05,2026-10-31,2026-09-05
ARU_GROUP-2026-00718,ARU_GROUP,2026,10,TERMINALS,5900,Shared service allocation / recovery,47208,0,47208,Shared services allocated,ALLOC-2026,NONCASH_OR_OPENING,MANAGEMENT_FORECAST,PUBLIC_SYNTHETIC_DIEGETIC,LOCKED_DERIVED_IMPLEMENTATION,2026-09-05,2026-10-31,2026-09-05
ARU_GROUP-2026-00718,ARU_GROUP,2026,10,TERMINALS,2100,Operating accruals,0,47208,-47208,Shared services allocated,ALLOC-2026,NONCASH_OR_OPENING,MANAGEMENT_FORECAST,PUBLIC_SYNTHETIC_DIEGETIC,LOCKED_DERIVED_IMPLEMENTATION,2026-09-05,2026-10-31,2026-09-05
ARU_GROUP-2026-00719,ARU_GROUP,2026,10,ARU,2100,Operating accruals,47208,0,47208,Shared services recovered,ALLOC-2026,NONCASH_OR_OPENING,MANAGEMENT_FORECAST,PUBLIC_SYNTHETIC_DIEGETIC,LOCKED_DERIVED_IMPLEMENTATION,2026-09-05,2026-10-31,2026-09-05
ARU_GROUP-2026-00719,ARU_GROUP,2026,10,ARU,5900,Shared service allocation / recovery,0,47208,-47208,Shared services recovered,ALLOC-2026,NONCASH_OR_OPENING,MANAGEMENT_FORECAST,PUBLIC_SYNTHETIC_DIEGETIC,LOCKED_DERIVED_IMPLEMENTATION,2026-09-05,2026-10-31,2026-09-05
ARU_GROUP-2026-00720,ARU_GROUP,2026,10,TRUCKING,5000,Payroll and employer burden,188464,0,188464,2026 loaded payroll under source cost index and unchanged census,PAYROLL-2026,NONCASH_OR_OPENING,MANAGEMENT_FORECAST,PUBLIC_SYNTHETIC_DIEGETIC,LOCKED_DERIVED_IMPLEMENTATION,2026-09-05,2026-10-31,2026-09-05
ARU_GROUP-2026-00720,ARU_GROUP,2026,10,TRUCKING,2000,Trade payables,0,188464,-188464,2026 loaded payroll under source cost index and unchanged census,PAYROLL-2026,NONCASH_OR_OPENING,MANAGEMENT_FORECAST,PUBLIC_SYNTHETIC_DIEGETIC,LOCKED_DERIVED_IMPLEMENTATION,2026-09-05,2026-10-31,2026-09-05
ARU_GROUP-2026-00721,ARU_GROUP,2026,10,TRUCKING,5100,External operating cost,299069,0,299069,External suppliers under source cost index,OPEX-2026,NONCASH_OR_OPENING,MANAGEMENT_FORECAST,PUBLIC_SYNTHETIC_DIEGETIC,LOCKED_DERIVED_IMPLEMENTATION,2026-09-05,2026-10-31,2026-09-05
ARU_GROUP-2026-00721,ARU_GROUP,2026,10,TRUCKING,2000,Trade payables,0,299069,-299069,External suppliers under source cost index,OPEX-2026,NONCASH_OR_OPENING,MANAGEMENT_FORECAST,PUBLIC_SYNTHETIC_DIEGETIC,LOCKED_DERIVED_IMPLEMENTATION,2026-09-05,2026-10-31,2026-09-05
ARU_GROUP-2026-00722,ARU_GROUP,2026,10,TRUCKING,5900,Shared service allocation / recovery,27467,0,27467,Shared services allocated,ALLOC-2026,NONCASH_OR_OPENING,MANAGEMENT_FORECAST,PUBLIC_SYNTHETIC_DIEGETIC,LOCKED_DERIVED_IMPLEMENTATION,2026-09-05,2026-10-31,2026-09-05
ARU_GROUP-2026-00722,ARU_GROUP,2026,10,TRUCKING,2100,Operating accruals,0,27467,-27467,Shared services allocated,ALLOC-2026,NONCASH_OR_OPENING,MANAGEMENT_FORECAST,PUBLIC_SYNTHETIC_DIEGETIC,LOCKED_DERIVED_IMPLEMENTATION,2026-09-05,2026-10-31,2026-09-05
ARU_GROUP-2026-00723,ARU_GROUP,2026,10,ARU,2100,Operating accruals,27467,0,27467,Shared services recovered,ALLOC-2026,NONCASH_OR_OPENING,MANAGEMENT_FORECAST,PUBLIC_SYNTHETIC_DIEGETIC,LOCKED_DERIVED_IMPLEMENTATION,2026-09-05,2026-10-31,2026-09-05
ARU_GROUP-2026-00723,ARU_GROUP,2026,10,ARU,5900,Shared service allocation / recovery,0,27467,-27467,Shared services recovered,ALLOC-2026,NONCASH_OR_OPENING,MANAGEMENT_FORECAST,PUBLIC_SYNTHETIC_DIEGETIC,LOCKED_DERIVED_IMPLEMENTATION,2026-09-05,2026-10-31,2026-09-05
ARU_GROUP-2026-00724,ARU_GROUP,2026,10,WAREHOUSE,5000,Payroll and employer burden,89490,0,89490,2026 loaded payroll under source cost index and unchanged census,PAYROLL-2026,NONCASH_OR_OPENING,MANAGEMENT_FORECAST,PUBLIC_SYNTHETIC_DIEGETIC,LOCKED_DERIVED_IMPLEMENTATION,2026-09-05,2026-10-31,2026-09-05
ARU_GROUP-2026-00724,ARU_GROUP,2026,10,WAREHOUSE,2000,Trade payables,0,89490,-89490,2026 loaded payroll under source cost index and unchanged census,PAYROLL-2026,NONCASH_OR_OPENING,MANAGEMENT_FORECAST,PUBLIC_SYNTHETIC_DIEGETIC,LOCKED_DERIVED_IMPLEMENTATION,2026-09-05,2026-10-31,2026-09-05
ARU_GROUP-2026-00725,ARU_GROUP,2026,10,WAREHOUSE,5100,External operating cost,169727,0,169727,External suppliers under source cost index,OPEX-2026,NONCASH_OR_OPENING,MANAGEMENT_FORECAST,PUBLIC_SYNTHETIC_DIEGETIC,LOCKED_DERIVED_IMPLEMENTATION,2026-09-05,2026-10-31,2026-09-05
ARU_GROUP-2026-00725,ARU_GROUP,2026,10,WAREHOUSE,2000,Trade payables,0,169727,-169727,External suppliers under source cost index,OPEX-2026,NONCASH_OR_OPENING,MANAGEMENT_FORECAST,PUBLIC_SYNTHETIC_DIEGETIC,LOCKED_DERIVED_IMPLEMENTATION,2026-09-05,2026-10-31,2026-09-05
ARU_GROUP-2026-00726,ARU_GROUP,2026,10,WAREHOUSE,5900,Shared service allocation / recovery,24033,0,24033,Shared services allocated,ALLOC-2026,NONCASH_OR_OPENING,MANAGEMENT_FORECAST,PUBLIC_SYNTHETIC_DIEGETIC,LOCKED_DERIVED_IMPLEMENTATION,2026-09-05,2026-10-31,2026-09-05
ARU_GROUP-2026-00726,ARU_GROUP,2026,10,WAREHOUSE,2100,Operating accruals,0,24033,-24033,Shared services allocated,ALLOC-2026,NONCASH_OR_OPENING,MANAGEMENT_FORECAST,PUBLIC_SYNTHETIC_DIEGETIC,LOCKED_DERIVED_IMPLEMENTATION,2026-09-05,2026-10-31,2026-09-05
ARU_GROUP-2026-00727,ARU_GROUP,2026,10,ARU,2100,Operating accruals,24033,0,24033,Shared services recovered,ALLOC-2026,NONCASH_OR_OPENING,MANAGEMENT_FORECAST,PUBLIC_SYNTHETIC_DIEGETIC,LOCKED_DERIVED_IMPLEMENTATION,2026-09-05,2026-10-31,2026-09-05
ARU_GROUP-2026-00727,ARU_GROUP,2026,10,ARU,5900,Shared service allocation / recovery,0,24033,-24033,Shared services recovered,ALLOC-2026,NONCASH_OR_OPENING,MANAGEMENT_FORECAST,PUBLIC_SYNTHETIC_DIEGETIC,LOCKED_DERIVED_IMPLEMENTATION,2026-09-05,2026-10-31,2026-09-05
ARU_GROUP-2026-00728,ARU_GROUP,2026,10,ARU,5000,Payroll and employer burden,139814,0,139814,2026 loaded payroll under source cost index and unchanged census,PAYROLL-2026,NONCASH_OR_OPENING,MANAGEMENT_FORECAST,PUBLIC_SYNTHETIC_DIEGETIC,LOCKED_DERIVED_IMPLEMENTATION,2026-09-05,2026-10-31,2026-09-05
ARU_GROUP-2026-00728,ARU_GROUP,2026,10,ARU,2000,Trade payables,0,139814,-139814,2026 loaded payroll under source cost index and unchanged census,PAYROLL-2026,NONCASH_OR_OPENING,MANAGEMENT_FORECAST,PUBLIC_SYNTHETIC_DIEGETIC,LOCKED_DERIVED_IMPLEMENTATION,2026-09-05,2026-10-31,2026-09-05
ARU_GROUP-2026-00729,ARU_GROUP,2026,10,ARU,5100,External operating cost,47303,0,47303,External suppliers under source cost index,OPEX-2026,NONCASH_OR_OPENING,MANAGEMENT_FORECAST,PUBLIC_SYNTHETIC_DIEGETIC,LOCKED_DERIVED_IMPLEMENTATION,2026-09-05,2026-10-31,2026-09-05
ARU_GROUP-2026-00729,ARU_GROUP,2026,10,ARU,2000,Trade payables,0,47303,-47303,External suppliers under source cost index,OPEX-2026,NONCASH_OR_OPENING,MANAGEMENT_FORECAST,PUBLIC_SYNTHETIC_DIEGETIC,LOCKED_DERIVED_IMPLEMENTATION,2026-09-05,2026-10-31,2026-09-05
ARU_GROUP-2026-00730,ARU_GROUP,2026,10,ARU,1200,Inventory cash cost,4500,0,4500,Forecast working capital purchases,WC26-inventory,NONCASH_OR_OPENING,MANAGEMENT_FORECAST,PUBLIC_SYNTHETIC_DIEGETIC,LOCKED_DERIVED_IMPLEMENTATION,2026-09-05,2026-10-31,2026-09-05
ARU_GROUP-2026-00730,ARU_GROUP,2026,10,ARU,2000,Trade payables,0,4500,-4500,Forecast working capital purchases,WC26-inventory,NONCASH_OR_OPENING,MANAGEMENT_FORECAST,PUBLIC_SYNTHETIC_DIEGETIC,LOCKED_DERIVED_IMPLEMENTATION,2026-09-05,2026-10-31,2026-09-05
ARU_GROUP-2026-00731,ARU_GROUP,2026,10,ARU,1300,Prepaids,1750,0,1750,Forecast working capital purchases,WC26-prepaids,NONCASH_OR_OPENING,MANAGEMENT_FORECAST,PUBLIC_SYNTHETIC_DIEGETIC,LOCKED_DERIVED_IMPLEMENTATION,2026-09-05,2026-10-31,2026-09-05
ARU_GROUP-2026-00731,ARU_GROUP,2026,10,ARU,2000,Trade payables,0,1750,-1750,Forecast working capital purchases,WC26-prepaids,NONCASH_OR_OPENING,MANAGEMENT_FORECAST,PUBLIC_SYNTHETIC_DIEGETIC,LOCKED_DERIVED_IMPLEMENTATION,2026-09-05,2026-10-31,2026-09-05
ARU_GROUP-2026-00732,ARU_GROUP,2026,10,ARU,2000,Trade payables,2500,0,2500,Operating accrual growth,WC26-ACCRUAL,NONCASH_OR_OPENING,MANAGEMENT_FORECAST,PUBLIC_SYNTHETIC_DIEGETIC,LOCKED_DERIVED_IMPLEMENTATION,2026-09-05,2026-10-31,2026-09-05
ARU_GROUP-2026-00732,ARU_GROUP,2026,10,ARU,2100,Operating accruals,0,2500,-2500,Operating accrual growth,WC26-ACCRUAL,NONCASH_OR_OPENING,MANAGEMENT_FORECAST,PUBLIC_SYNTHETIC_DIEGETIC,LOCKED_DERIVED_IMPLEMENTATION,2026-09-05,2026-10-31,2026-09-05
ARU_GROUP-2026-00733,ARU_GROUP,2026,10,ARU,1100,"External receivables, net of allowance",0,3829677,-3829677,External invoice collections,AR26,OPERATING,MANAGEMENT_FORECAST,PUBLIC_SYNTHETIC_DIEGETIC,LOCKED_DERIVED_IMPLEMENTATION,2026-09-05,2026-10-31,2026-09-05
ARU_GROUP-2026-00733,ARU_GROUP,2026,10,ARU,1000,Cash,3829677,0,3829677,External invoice collections,AR26,OPERATING,MANAGEMENT_FORECAST,PUBLIC_SYNTHETIC_DIEGETIC,LOCKED_DERIVED_IMPLEMENTATION,2026-09-05,2026-10-31,2026-09-05
ARU_GROUP-2026-00734,ARU_GROUP,2026,10,ARU,2000,Trade payables,2760084,0,2760084,Payroll/supplier settlement,AP26,OPERATING,MANAGEMENT_FORECAST,PUBLIC_SYNTHETIC_DIEGETIC,LOCKED_DERIVED_IMPLEMENTATION,2026-09-05,2026-10-31,2026-09-05
ARU_GROUP-2026-00734,ARU_GROUP,2026,10,ARU,1000,Cash,0,2760084,-2760084,Payroll/supplier settlement,AP26,OPERATING,MANAGEMENT_FORECAST,PUBLIC_SYNTHETIC_DIEGETIC,LOCKED_DERIVED_IMPLEMENTATION,2026-09-05,2026-10-31,2026-09-05
ARU_GROUP-2026-00735,ARU_GROUP,2026,10,BST,1150,Intercompany receivable,3800,0,3800,Red Wash service invoice,IC-2026-10-acid-BST,NONCASH_OR_OPENING,MANAGEMENT_FORECAST,PUBLIC_SYNTHETIC_DIEGETIC,LOCKED_DERIVED_IMPLEMENTATION,2026-09-05,2026-10-31,2026-09-05
ARU_GROUP-2026-00735,ARU_GROUP,2026,10,BST,4100,Intercompany service revenue,0,3800,-3800,Red Wash service invoice,IC-2026-10-acid-BST,NONCASH_OR_OPENING,MANAGEMENT_FORECAST,PUBLIC_SYNTHETIC_DIEGETIC,LOCKED_DERIVED_IMPLEMENTATION,2026-09-05,2026-10-31,2026-09-05
ARU_GROUP-2026-00736,ARU_GROUP,2026,10,BST,5200,Incremental interface external operating cost,1640,0,1640,Interface physical cost-to-serve,IC-2026-10-acid-BST,OPERATING,MANAGEMENT_FORECAST,PUBLIC_SYNTHETIC_DIEGETIC,LOCKED_DERIVED_IMPLEMENTATION,2026-09-05,2026-10-31,2026-09-05
ARU_GROUP-2026-00736,ARU_GROUP,2026,10,BST,1000,Cash,0,1640,-1640,Interface physical cost-to-serve,IC-2026-10-acid-BST,OPERATING,MANAGEMENT_FORECAST,PUBLIC_SYNTHETIC_DIEGETIC,LOCKED_DERIVED_IMPLEMENTATION,2026-09-05,2026-10-31,2026-09-05
ARU_GROUP-2026-00737,ARU_GROUP,2026,10,TERMINALS,1150,Intercompany receivable,2800,0,2800,Red Wash service invoice,IC-2026-10-acid-TERMINALS,NONCASH_OR_OPENING,MANAGEMENT_FORECAST,PUBLIC_SYNTHETIC_DIEGETIC,LOCKED_DERIVED_IMPLEMENTATION,2026-09-05,2026-10-31,2026-09-05
ARU_GROUP-2026-00737,ARU_GROUP,2026,10,TERMINALS,4100,Intercompany service revenue,0,2800,-2800,Red Wash service invoice,IC-2026-10-acid-TERMINALS,NONCASH_OR_OPENING,MANAGEMENT_FORECAST,PUBLIC_SYNTHETIC_DIEGETIC,LOCKED_DERIVED_IMPLEMENTATION,2026-09-05,2026-10-31,2026-09-05
ARU_GROUP-2026-00738,ARU_GROUP,2026,10,TERMINALS,5200,Incremental interface external operating cost,1560,0,1560,Interface physical cost-to-serve,IC-2026-10-acid-TERMINALS,OPERATING,MANAGEMENT_FORECAST,PUBLIC_SYNTHETIC_DIEGETIC,LOCKED_DERIVED_IMPLEMENTATION,2026-09-05,2026-10-31,2026-09-05
ARU_GROUP-2026-00738,ARU_GROUP,2026,10,TERMINALS,1000,Cash,0,1560,-1560,Interface physical cost-to-serve,IC-2026-10-acid-TERMINALS,OPERATING,MANAGEMENT_FORECAST,PUBLIC_SYNTHETIC_DIEGETIC,LOCKED_DERIVED_IMPLEMENTATION,2026-09-05,2026-10-31,2026-09-05
ARU_GROUP-2026-00739,ARU_GROUP,2026,10,TRUCKING,1150,Intercompany receivable,5440,0,5440,Red Wash service invoice,IC-2026-10-acid-TRUCKING,NONCASH_OR_OPENING,MANAGEMENT_FORECAST,PUBLIC_SYNTHETIC_DIEGETIC,LOCKED_DERIVED_IMPLEMENTATION,2026-09-05,2026-10-31,2026-09-05
ARU_GROUP-2026-00739,ARU_GROUP,2026,10,TRUCKING,4100,Intercompany service revenue,0,5440,-5440,Red Wash service invoice,IC-2026-10-acid-TRUCKING,NONCASH_OR_OPENING,MANAGEMENT_FORECAST,PUBLIC_SYNTHETIC_DIEGETIC,LOCKED_DERIVED_IMPLEMENTATION,2026-09-05,2026-10-31,2026-09-05
ARU_GROUP-2026-00740,ARU_GROUP,2026,10,TRUCKING,5200,Incremental interface external operating cost,3680,0,3680,Interface physical cost-to-serve,IC-2026-10-acid-TRUCKING,OPERATING,MANAGEMENT_FORECAST,PUBLIC_SYNTHETIC_DIEGETIC,LOCKED_DERIVED_IMPLEMENTATION,2026-09-05,2026-10-31,2026-09-05
ARU_GROUP-2026-00740,ARU_GROUP,2026,10,TRUCKING,1000,Cash,0,3680,-3680,Interface physical cost-to-serve,IC-2026-10-acid-TRUCKING,OPERATING,MANAGEMENT_FORECAST,PUBLIC_SYNTHETIC_DIEGETIC,LOCKED_DERIVED_IMPLEMENTATION,2026-09-05,2026-10-31,2026-09-05
ARU_GROUP-2026-00741,ARU_GROUP,2026,10,BST,1150,Intercompany receivable,3400,0,3400,Red Wash service invoice,IC-2026-10-binder-BST,NONCASH_OR_OPENING,MANAGEMENT_FORECAST,PUBLIC_SYNTHETIC_DIEGETIC,LOCKED_DERIVED_IMPLEMENTATION,2026-09-05,2026-10-31,2026-09-05
ARU_GROUP-2026-00741,ARU_GROUP,2026,10,BST,4100,Intercompany service revenue,0,3400,-3400,Red Wash service invoice,IC-2026-10-binder-BST,NONCASH_OR_OPENING,MANAGEMENT_FORECAST,PUBLIC_SYNTHETIC_DIEGETIC,LOCKED_DERIVED_IMPLEMENTATION,2026-09-05,2026-10-31,2026-09-05
ARU_GROUP-2026-00742,ARU_GROUP,2026,10,BST,5200,Incremental interface external operating cost,1440,0,1440,Interface physical cost-to-serve,IC-2026-10-binder-BST,OPERATING,MANAGEMENT_FORECAST,PUBLIC_SYNTHETIC_DIEGETIC,LOCKED_DERIVED_IMPLEMENTATION,2026-09-05,2026-10-31,2026-09-05
ARU_GROUP-2026-00742,ARU_GROUP,2026,10,BST,1000,Cash,0,1440,-1440,Interface physical cost-to-serve,IC-2026-10-binder-BST,OPERATING,MANAGEMENT_FORECAST,PUBLIC_SYNTHETIC_DIEGETIC,LOCKED_DERIVED_IMPLEMENTATION,2026-09-05,2026-10-31,2026-09-05
ARU_GROUP-2026-00743,ARU_GROUP,2026,10,TERMINALS,1150,Intercompany receivable,1600,0,1600,Red Wash service invoice,IC-2026-10-binder-TERMINALS,NONCASH_OR_OPENING,MANAGEMENT_FORECAST,PUBLIC_SYNTHETIC_DIEGETIC,LOCKED_DERIVED_IMPLEMENTATION,2026-09-05,2026-10-31,2026-09-05
ARU_GROUP-2026-00743,ARU_GROUP,2026,10,TERMINALS,4100,Intercompany service revenue,0,1600,-1600,Red Wash service invoice,IC-2026-10-binder-TERMINALS,NONCASH_OR_OPENING,MANAGEMENT_FORECAST,PUBLIC_SYNTHETIC_DIEGETIC,LOCKED_DERIVED_IMPLEMENTATION,2026-09-05,2026-10-31,2026-09-05
ARU_GROUP-2026-00744,ARU_GROUP,2026,10,TERMINALS,5200,Incremental interface external operating cost,920,0,920,Interface physical cost-to-serve,IC-2026-10-binder-TERMINALS,OPERATING,MANAGEMENT_FORECAST,PUBLIC_SYNTHETIC_DIEGETIC,LOCKED_DERIVED_IMPLEMENTATION,2026-09-05,2026-10-31,2026-09-05
ARU_GROUP-2026-00744,ARU_GROUP,2026,10,TERMINALS,1000,Cash,0,920,-920,Interface physical cost-to-serve,IC-2026-10-binder-TERMINALS,OPERATING,MANAGEMENT_FORECAST,PUBLIC_SYNTHETIC_DIEGETIC,LOCKED_DERIVED_IMPLEMENTATION,2026-09-05,2026-10-31,2026-09-05
ARU_GROUP-2026-00745,ARU_GROUP,2026,10,TRUCKING,1150,Intercompany receivable,4560,0,4560,Red Wash service invoice,IC-2026-10-binder-TRUCKING,NONCASH_OR_OPENING,MANAGEMENT_FORECAST,PUBLIC_SYNTHETIC_DIEGETIC,LOCKED_DERIVED_IMPLEMENTATION,2026-09-05,2026-10-31,2026-09-05
ARU_GROUP-2026-00745,ARU_GROUP,2026,10,TRUCKING,4100,Intercompany service revenue,0,4560,-4560,Red Wash service invoice,IC-2026-10-binder-TRUCKING,NONCASH_OR_OPENING,MANAGEMENT_FORECAST,PUBLIC_SYNTHETIC_DIEGETIC,LOCKED_DERIVED_IMPLEMENTATION,2026-09-05,2026-10-31,2026-09-05
ARU_GROUP-2026-00746,ARU_GROUP,2026,10,TRUCKING,5200,Incremental interface external operating cost,3040,0,3040,Interface physical cost-to-serve,IC-2026-10-binder-TRUCKING,OPERATING,MANAGEMENT_FORECAST,PUBLIC_SYNTHETIC_DIEGETIC,LOCKED_DERIVED_IMPLEMENTATION,2026-09-05,2026-10-31,2026-09-05
ARU_GROUP-2026-00746,ARU_GROUP,2026,10,TRUCKING,1000,Cash,0,3040,-3040,Interface physical cost-to-serve,IC-2026-10-binder-TRUCKING,OPERATING,MANAGEMENT_FORECAST,PUBLIC_SYNTHETIC_DIEGETIC,LOCKED_DERIVED_IMPLEMENTATION,2026-09-05,2026-10-31,2026-09-05
ARU_GROUP-2026-00747,ARU_GROUP,2026,10,BST,1150,Intercompany receivable,850,0,850,Red Wash service invoice,IC-2026-10-lime-BST,NONCASH_OR_OPENING,MANAGEMENT_FORECAST,PUBLIC_SYNTHETIC_DIEGETIC,LOCKED_DERIVED_IMPLEMENTATION,2026-09-05,2026-10-31,2026-09-05
ARU_GROUP-2026-00747,ARU_GROUP,2026,10,BST,4100,Intercompany service revenue,0,850,-850,Red Wash service invoice,IC-2026-10-lime-BST,NONCASH_OR_OPENING,MANAGEMENT_FORECAST,PUBLIC_SYNTHETIC_DIEGETIC,LOCKED_DERIVED_IMPLEMENTATION,2026-09-05,2026-10-31,2026-09-05
ARU_GROUP-2026-00748,ARU_GROUP,2026,10,BST,5200,Incremental interface external operating cost,360,0,360,Interface physical cost-to-serve,IC-2026-10-lime-BST,OPERATING,MANAGEMENT_FORECAST,PUBLIC_SYNTHETIC_DIEGETIC,LOCKED_DERIVED_IMPLEMENTATION,2026-09-05,2026-10-31,2026-09-05
ARU_GROUP-2026-00748,ARU_GROUP,2026,10,BST,1000,Cash,0,360,-360,Interface physical cost-to-serve,IC-2026-10-lime-BST,OPERATING,MANAGEMENT_FORECAST,PUBLIC_SYNTHETIC_DIEGETIC,LOCKED_DERIVED_IMPLEMENTATION,2026-09-05,2026-10-31,2026-09-05
ARU_GROUP-2026-00749,ARU_GROUP,2026,10,TERMINALS,1150,Intercompany receivable,450,0,450,Red Wash service invoice,IC-2026-10-lime-TERMINALS,NONCASH_OR_OPENING,MANAGEMENT_FORECAST,PUBLIC_SYNTHETIC_DIEGETIC,LOCKED_DERIVED_IMPLEMENTATION,2026-09-05,2026-10-31,2026-09-05
ARU_GROUP-2026-00749,ARU_GROUP,2026,10,TERMINALS,4100,Intercompany service revenue,0,450,-450,Red Wash service invoice,IC-2026-10-lime-TERMINALS,NONCASH_OR_OPENING,MANAGEMENT_FORECAST,PUBLIC_SYNTHETIC_DIEGETIC,LOCKED_DERIVED_IMPLEMENTATION,2026-09-05,2026-10-31,2026-09-05
ARU_GROUP-2026-00750,ARU_GROUP,2026,10,TERMINALS,5200,Incremental interface external operating cost,250,0,250,Interface physical cost-to-serve,IC-2026-10-lime-TERMINALS,OPERATING,MANAGEMENT_FORECAST,PUBLIC_SYNTHETIC_DIEGETIC,LOCKED_DERIVED_IMPLEMENTATION,2026-09-05,2026-10-31,2026-09-05
ARU_GROUP-2026-00750,ARU_GROUP,2026,10,TERMINALS,1000,Cash,0,250,-250,Interface physical cost-to-serve,IC-2026-10-lime-TERMINALS,OPERATING,MANAGEMENT_FORECAST,PUBLIC_SYNTHETIC_DIEGETIC,LOCKED_DERIVED_IMPLEMENTATION,2026-09-05,2026-10-31,2026-09-05
ARU_GROUP-2026-00751,ARU_GROUP,2026,10,TRUCKING,1150,Intercompany receivable,1200,0,1200,Red Wash service invoice,IC-2026-10-lime-TRUCKING,NONCASH_OR_OPENING,MANAGEMENT_FORECAST,PUBLIC_SYNTHETIC_DIEGETIC,LOCKED_DERIVED_IMPLEMENTATION,2026-09-05,2026-10-31,2026-09-05
ARU_GROUP-2026-00751,ARU_GROUP,2026,10,TRUCKING,4100,Intercompany service revenue,0,1200,-1200,Red Wash service invoice,IC-2026-10-lime-TRUCKING,NONCASH_OR_OPENING,MANAGEMENT_FORECAST,PUBLIC_SYNTHETIC_DIEGETIC,LOCKED_DERIVED_IMPLEMENTATION,2026-09-05,2026-10-31,2026-09-05
ARU_GROUP-2026-00752,ARU_GROUP,2026,10,TRUCKING,5200,Incremental interface external operating cost,800,0,800,Interface physical cost-to-serve,IC-2026-10-lime-TRUCKING,OPERATING,MANAGEMENT_FORECAST,PUBLIC_SYNTHETIC_DIEGETIC,LOCKED_DERIVED_IMPLEMENTATION,2026-09-05,2026-10-31,2026-09-05
ARU_GROUP-2026-00752,ARU_GROUP,2026,10,TRUCKING,1000,Cash,0,800,-800,Interface physical cost-to-serve,IC-2026-10-lime-TRUCKING,OPERATING,MANAGEMENT_FORECAST,PUBLIC_SYNTHETIC_DIEGETIC,LOCKED_DERIVED_IMPLEMENTATION,2026-09-05,2026-10-31,2026-09-05
ARU_GROUP-2026-00753,ARU_GROUP,2026,10,BST,1150,Intercompany receivable,1900,0,1900,Red Wash service invoice,IC-2026-10-steel-BST,NONCASH_OR_OPENING,MANAGEMENT_FORECAST,PUBLIC_SYNTHETIC_DIEGETIC,LOCKED_DERIVED_IMPLEMENTATION,2026-09-05,2026-10-31,2026-09-05
ARU_GROUP-2026-00753,ARU_GROUP,2026,10,BST,4100,Intercompany service revenue,0,1900,-1900,Red Wash service invoice,IC-2026-10-steel-BST,NONCASH_OR_OPENING,MANAGEMENT_FORECAST,PUBLIC_SYNTHETIC_DIEGETIC,LOCKED_DERIVED_IMPLEMENTATION,2026-09-05,2026-10-31,2026-09-05
ARU_GROUP-2026-00754,ARU_GROUP,2026,10,BST,5200,Incremental interface external operating cost,860,0,860,Interface physical cost-to-serve,IC-2026-10-steel-BST,OPERATING,MANAGEMENT_FORECAST,PUBLIC_SYNTHETIC_DIEGETIC,LOCKED_DERIVED_IMPLEMENTATION,2026-09-05,2026-10-31,2026-09-05
ARU_GROUP-2026-00754,ARU_GROUP,2026,10,BST,1000,Cash,0,860,-860,Interface physical cost-to-serve,IC-2026-10-steel-BST,OPERATING,MANAGEMENT_FORECAST,PUBLIC_SYNTHETIC_DIEGETIC,LOCKED_DERIVED_IMPLEMENTATION,2026-09-05,2026-10-31,2026-09-05
ARU_GROUP-2026-00755,ARU_GROUP,2026,10,TERMINALS,1150,Intercompany receivable,1300,0,1300,Red Wash service invoice,IC-2026-10-steel-TERMINALS,NONCASH_OR_OPENING,MANAGEMENT_FORECAST,PUBLIC_SYNTHETIC_DIEGETIC,LOCKED_DERIVED_IMPLEMENTATION,2026-09-05,2026-10-31,2026-09-05
ARU_GROUP-2026-00755,ARU_GROUP,2026,10,TERMINALS,4100,Intercompany service revenue,0,1300,-1300,Red Wash service invoice,IC-2026-10-steel-TERMINALS,NONCASH_OR_OPENING,MANAGEMENT_FORECAST,PUBLIC_SYNTHETIC_DIEGETIC,LOCKED_DERIVED_IMPLEMENTATION,2026-09-05,2026-10-31,2026-09-05
ARU_GROUP-2026-00756,ARU_GROUP,2026,10,TERMINALS,5200,Incremental interface external operating cost,740,0,740,Interface physical cost-to-serve,IC-2026-10-steel-TERMINALS,OPERATING,MANAGEMENT_FORECAST,PUBLIC_SYNTHETIC_DIEGETIC,LOCKED_DERIVED_IMPLEMENTATION,2026-09-05,2026-10-31,2026-09-05
ARU_GROUP-2026-00756,ARU_GROUP,2026,10,TERMINALS,1000,Cash,0,740,-740,Interface physical cost-to-serve,IC-2026-10-steel-TERMINALS,OPERATING,MANAGEMENT_FORECAST,PUBLIC_SYNTHETIC_DIEGETIC,LOCKED_DERIVED_IMPLEMENTATION,2026-09-05,2026-10-31,2026-09-05
ARU_GROUP-2026-00757,ARU_GROUP,2026,10,TRUCKING,1150,Intercompany receivable,2250,0,2250,Red Wash service invoice,IC-2026-10-steel-TRUCKING,NONCASH_OR_OPENING,MANAGEMENT_FORECAST,PUBLIC_SYNTHETIC_DIEGETIC,LOCKED_DERIVED_IMPLEMENTATION,2026-09-05,2026-10-31,2026-09-05
ARU_GROUP-2026-00757,ARU_GROUP,2026,10,TRUCKING,4100,Intercompany service revenue,0,2250,-2250,Red Wash service invoice,IC-2026-10-steel-TRUCKING,NONCASH_OR_OPENING,MANAGEMENT_FORECAST,PUBLIC_SYNTHETIC_DIEGETIC,LOCKED_DERIVED_IMPLEMENTATION,2026-09-05,2026-10-31,2026-09-05
ARU_GROUP-2026-00758,ARU_GROUP,2026,10,TRUCKING,5200,Incremental interface external operating cost,1500,0,1500,Interface physical cost-to-serve,IC-2026-10-steel-TRUCKING,OPERATING,MANAGEMENT_FORECAST,PUBLIC_SYNTHETIC_DIEGETIC,LOCKED_DERIVED_IMPLEMENTATION,2026-09-05,2026-10-31,2026-09-05
ARU_GROUP-2026-00758,ARU_GROUP,2026,10,TRUCKING,1000,Cash,0,1500,-1500,Interface physical cost-to-serve,IC-2026-10-steel-TRUCKING,OPERATING,MANAGEMENT_FORECAST,PUBLIC_SYNTHETIC_DIEGETIC,LOCKED_DERIVED_IMPLEMENTATION,2026-09-05,2026-10-31,2026-09-05
ARU_GROUP-2026-00759,ARU_GROUP,2026,10,BST,1150,Intercompany receivable,750,0,750,Red Wash service invoice,IC-2026-10-mro-BST,NONCASH_OR_OPENING,MANAGEMENT_FORECAST,PUBLIC_SYNTHETIC_DIEGETIC,LOCKED_DERIVED_IMPLEMENTATION,2026-09-05,2026-10-31,2026-09-05
ARU_GROUP-2026-00759,ARU_GROUP,2026,10,BST,4100,Intercompany service revenue,0,750,-750,Red Wash service invoice,IC-2026-10-mro-BST,NONCASH_OR_OPENING,MANAGEMENT_FORECAST,PUBLIC_SYNTHETIC_DIEGETIC,LOCKED_DERIVED_IMPLEMENTATION,2026-09-05,2026-10-31,2026-09-05
ARU_GROUP-2026-00760,ARU_GROUP,2026,10,BST,5200,Incremental interface external operating cost,300,0,300,Interface physical cost-to-serve,IC-2026-10-mro-BST,OPERATING,MANAGEMENT_FORECAST,PUBLIC_SYNTHETIC_DIEGETIC,LOCKED_DERIVED_IMPLEMENTATION,2026-09-05,2026-10-31,2026-09-05
ARU_GROUP-2026-00760,ARU_GROUP,2026,10,BST,1000,Cash,0,300,-300,Interface physical cost-to-serve,IC-2026-10-mro-BST,OPERATING,MANAGEMENT_FORECAST,PUBLIC_SYNTHETIC_DIEGETIC,LOCKED_DERIVED_IMPLEMENTATION,2026-09-05,2026-10-31,2026-09-05
ARU_GROUP-2026-00761,ARU_GROUP,2026,10,TERMINALS,1150,Intercompany receivable,500,0,500,Red Wash service invoice,IC-2026-10-mro-TERMINALS,NONCASH_OR_OPENING,MANAGEMENT_FORECAST,PUBLIC_SYNTHETIC_DIEGETIC,LOCKED_DERIVED_IMPLEMENTATION,2026-09-05,2026-10-31,2026-09-05
ARU_GROUP-2026-00761,ARU_GROUP,2026,10,TERMINALS,4100,Intercompany service revenue,0,500,-500,Red Wash service invoice,IC-2026-10-mro-TERMINALS,NONCASH_OR_OPENING,MANAGEMENT_FORECAST,PUBLIC_SYNTHETIC_DIEGETIC,LOCKED_DERIVED_IMPLEMENTATION,2026-09-05,2026-10-31,2026-09-05
ARU_GROUP-2026-00762,ARU_GROUP,2026,10,TERMINALS,5200,Incremental interface external operating cost,290,0,290,Interface physical cost-to-serve,IC-2026-10-mro-TERMINALS,OPERATING,MANAGEMENT_FORECAST,PUBLIC_SYNTHETIC_DIEGETIC,LOCKED_DERIVED_IMPLEMENTATION,2026-09-05,2026-10-31,2026-09-05
ARU_GROUP-2026-00762,ARU_GROUP,2026,10,TERMINALS,1000,Cash,0,290,-290,Interface physical cost-to-serve,IC-2026-10-mro-TERMINALS,OPERATING,MANAGEMENT_FORECAST,PUBLIC_SYNTHETIC_DIEGETIC,LOCKED_DERIVED_IMPLEMENTATION,2026-09-05,2026-10-31,2026-09-05
ARU_GROUP-2026-00763,ARU_GROUP,2026,10,TRUCKING,1150,Intercompany receivable,650,0,650,Red Wash service invoice,IC-2026-10-mro-TRUCKING,NONCASH_OR_OPENING,MANAGEMENT_FORECAST,PUBLIC_SYNTHETIC_DIEGETIC,LOCKED_DERIVED_IMPLEMENTATION,2026-09-05,2026-10-31,2026-09-05
ARU_GROUP-2026-00763,ARU_GROUP,2026,10,TRUCKING,4100,Intercompany service revenue,0,650,-650,Red Wash service invoice,IC-2026-10-mro-TRUCKING,NONCASH_OR_OPENING,MANAGEMENT_FORECAST,PUBLIC_SYNTHETIC_DIEGETIC,LOCKED_DERIVED_IMPLEMENTATION,2026-09-05,2026-10-31,2026-09-05
ARU_GROUP-2026-00764,ARU_GROUP,2026,10,TRUCKING,5200,Incremental interface external operating cost,440,0,440,Interface physical cost-to-serve,IC-2026-10-mro-TRUCKING,OPERATING,MANAGEMENT_FORECAST,PUBLIC_SYNTHETIC_DIEGETIC,LOCKED_DERIVED_IMPLEMENTATION,2026-09-05,2026-10-31,2026-09-05
ARU_GROUP-2026-00764,ARU_GROUP,2026,10,TRUCKING,1000,Cash,0,440,-440,Interface physical cost-to-serve,IC-2026-10-mro-TRUCKING,OPERATING,MANAGEMENT_FORECAST,PUBLIC_SYNTHETIC_DIEGETIC,LOCKED_DERIVED_IMPLEMENTATION,2026-09-05,2026-10-31,2026-09-05
ARU_GROUP-2026-00765,ARU_GROUP,2026,10,ARU,1150,Intercompany receivable,0,25425,-25425,Prior-month Red Wash invoice settled,IC-PAYMENT,OPERATING,MANAGEMENT_FORECAST,PUBLIC_SYNTHETIC_DIEGETIC,LOCKED_DERIVED_IMPLEMENTATION,2026-09-05,2026-10-31,2026-09-05
ARU_GROUP-2026-00765,ARU_GROUP,2026,10,ARU,1000,Cash,25425,0,25425,Prior-month Red Wash invoice settled,IC-PAYMENT,OPERATING,MANAGEMENT_FORECAST,PUBLIC_SYNTHETIC_DIEGETIC,LOCKED_DERIVED_IMPLEMENTATION,2026-09-05,2026-10-31,2026-09-05
ARU_GROUP-2026-00766,ARU_GROUP,2026,10,BST,5200,Incremental interface external operating cost,1000,0,1000,Interface standby/insurance/maintenance/compliance,IC-FIXED,OPERATING,MANAGEMENT_FORECAST,PUBLIC_SYNTHETIC_DIEGETIC,LOCKED_DERIVED_IMPLEMENTATION,2026-09-05,2026-10-31,2026-09-05
ARU_GROUP-2026-00766,ARU_GROUP,2026,10,BST,1000,Cash,0,1000,-1000,Interface standby/insurance/maintenance/compliance,IC-FIXED,OPERATING,MANAGEMENT_FORECAST,PUBLIC_SYNTHETIC_DIEGETIC,LOCKED_DERIVED_IMPLEMENTATION,2026-09-05,2026-10-31,2026-09-05
ARU_GROUP-2026-00767,ARU_GROUP,2026,10,TERMINALS,5200,Incremental interface external operating cost,2000,0,2000,Interface standby/insurance/maintenance/compliance,IC-FIXED,OPERATING,MANAGEMENT_FORECAST,PUBLIC_SYNTHETIC_DIEGETIC,LOCKED_DERIVED_IMPLEMENTATION,2026-09-05,2026-10-31,2026-09-05
ARU_GROUP-2026-00767,ARU_GROUP,2026,10,TERMINALS,1000,Cash,0,2000,-2000,Interface standby/insurance/maintenance/compliance,IC-FIXED,OPERATING,MANAGEMENT_FORECAST,PUBLIC_SYNTHETIC_DIEGETIC,LOCKED_DERIVED_IMPLEMENTATION,2026-09-05,2026-10-31,2026-09-05
ARU_GROUP-2026-00768,ARU_GROUP,2026,10,TRUCKING,5200,Incremental interface external operating cost,1000,0,1000,Interface standby/insurance/maintenance/compliance,IC-FIXED,OPERATING,MANAGEMENT_FORECAST,PUBLIC_SYNTHETIC_DIEGETIC,LOCKED_DERIVED_IMPLEMENTATION,2026-09-05,2026-10-31,2026-09-05
ARU_GROUP-2026-00768,ARU_GROUP,2026,10,TRUCKING,1000,Cash,0,1000,-1000,Interface standby/insurance/maintenance/compliance,IC-FIXED,OPERATING,MANAGEMENT_FORECAST,PUBLIC_SYNTHETIC_DIEGETIC,LOCKED_DERIVED_IMPLEMENTATION,2026-09-05,2026-10-31,2026-09-05
ARU_GROUP-2026-00769,ARU_GROUP,2026,10,ARU,5700,Retention and seller consulting,42466,0,42466,Retention compensation accrued by service days,RETENTION-POOL,NONCASH_OR_OPENING,MANAGEMENT_FORECAST,PUBLIC_SYNTHETIC_DIEGETIC,LOCKED_DERIVED_IMPLEMENTATION,2026-09-05,2026-10-31,2026-09-05
ARU_GROUP-2026-00769,ARU_GROUP,2026,10,ARU,2110,Retention compensation payable,0,42466,-42466,Retention compensation accrued by service days,RETENTION-POOL,NONCASH_OR_OPENING,MANAGEMENT_FORECAST,PUBLIC_SYNTHETIC_DIEGETIC,LOCKED_DERIVED_IMPLEMENTATION,2026-09-05,2026-10-31,2026-09-05
ARU_GROUP-2026-00770,ARU_GROUP,2026,10,ARU,5700,Retention and seller consulting,4945,0,4945,"Seller knowledge-transfer consulting, no operating authority",TOLMAN-CONSULTING,OPERATING,MANAGEMENT_FORECAST,PUBLIC_SYNTHETIC_DIEGETIC,LOCKED_DERIVED_IMPLEMENTATION,2026-09-05,2026-10-31,2026-09-05
ARU_GROUP-2026-00770,ARU_GROUP,2026,10,ARU,1000,Cash,0,4945,-4945,"Seller knowledge-transfer consulting, no operating authority",TOLMAN-CONSULTING,OPERATING,MANAGEMENT_FORECAST,PUBLIC_SYNTHETIC_DIEGETIC,LOCKED_DERIVED_IMPLEMENTATION,2026-09-05,2026-10-31,2026-09-05
ARU_GROUP-2026-00771,ARU_GROUP,2026,10,ARU,5400,Interest and financing fees,132991,0,132991,Term/lease interest and undrawn revolver fee,DEBT26,OPERATING,MANAGEMENT_FORECAST,PUBLIC_SYNTHETIC_DIEGETIC,LOCKED_DERIVED_IMPLEMENTATION,2026-09-05,2026-10-31,2026-09-05
ARU_GROUP-2026-00771,ARU_GROUP,2026,10,ARU,1000,Cash,0,132991,-132991,Term/lease interest and undrawn revolver fee,DEBT26,OPERATING,MANAGEMENT_FORECAST,PUBLIC_SYNTHETIC_DIEGETIC,LOCKED_DERIVED_IMPLEMENTATION,2026-09-05,2026-10-31,2026-09-05
ARU_GROUP-2026-00772,ARU_GROUP,2026,10,ARU,5400,Interest and financing fees,5000,0,5000,Debt issuance cost amortization,DEBT26-ISSUANCE,NONCASH_OR_OPENING,MANAGEMENT_FORECAST,PUBLIC_SYNTHETIC_DIEGETIC,LOCKED_DERIVED_IMPLEMENTATION,2026-09-05,2026-10-31,2026-09-05
ARU_GROUP-2026-00772,ARU_GROUP,2026,10,ARU,1700,"Debt issuance cost, contra term debt",0,5000,-5000,Debt issuance cost amortization,DEBT26-ISSUANCE,NONCASH_OR_OPENING,MANAGEMENT_FORECAST,PUBLIC_SYNTHETIC_DIEGETIC,LOCKED_DERIVED_IMPLEMENTATION,2026-09-05,2026-10-31,2026-09-05
ARU_GROUP-2026-00773,ARU_GROUP,2026,10,ARU,2400,Term debt face value,375000,0,375000,Acquisition debt principal due seventh of quarter,DEBT26,FINANCING,MANAGEMENT_FORECAST,PUBLIC_SYNTHETIC_DIEGETIC,LOCKED_DERIVED_IMPLEMENTATION,2026-09-05,2026-10-31,2026-09-05
ARU_GROUP-2026-00773,ARU_GROUP,2026,10,ARU,1000,Cash,0,375000,-375000,Acquisition debt principal due seventh of quarter,DEBT26,FINANCING,MANAGEMENT_FORECAST,PUBLIC_SYNTHETIC_DIEGETIC,LOCKED_DERIVED_IMPLEMENTATION,2026-09-05,2026-10-31,2026-09-05
ARU_GROUP-2026-00774,ARU_GROUP,2026,10,ARU,2600,Finance lease obligation,42466,0,42466,Finance lease principal,LEASE26,FINANCING,MANAGEMENT_FORECAST,PUBLIC_SYNTHETIC_DIEGETIC,LOCKED_DERIVED_IMPLEMENTATION,2026-09-05,2026-10-31,2026-09-05
ARU_GROUP-2026-00774,ARU_GROUP,2026,10,ARU,1000,Cash,0,42466,-42466,Finance lease principal,LEASE26,FINANCING,MANAGEMENT_FORECAST,PUBLIC_SYNTHETIC_DIEGETIC,LOCKED_DERIVED_IMPLEMENTATION,2026-09-05,2026-10-31,2026-09-05
ARU_GROUP-2026-00775,ARU_GROUP,2026,10,ARU,3000,Contributed equity,0,1100000,-1100000,Parent equity for catch-up and Phase 1 infrastructure,CAPITAL-FUNDING,FINANCING,MANAGEMENT_FORECAST,PUBLIC_SYNTHETIC_DIEGETIC,LOCKED_DERIVED_IMPLEMENTATION,2026-09-05,2026-10-31,2026-09-05
ARU_GROUP-2026-00775,ARU_GROUP,2026,10,ARU,1000,Cash,1100000,0,1100000,Parent equity for catch-up and Phase 1 infrastructure,CAPITAL-FUNDING,FINANCING,MANAGEMENT_FORECAST,PUBLIC_SYNTHETIC_DIEGETIC,LOCKED_DERIVED_IMPLEMENTATION,2026-09-05,2026-10-31,2026-09-05
ARU_GROUP-2026-00776,ARU_GROUP,2026,10,ARU,1400,PPE gross,1375000,0,1375000,Sustaining/catch-up/Phase 1 capital additions,CAPEX26,INVESTING,MANAGEMENT_FORECAST,PUBLIC_SYNTHETIC_DIEGETIC,LOCKED_DERIVED_IMPLEMENTATION,2026-09-05,2026-10-31,2026-09-05
ARU_GROUP-2026-00776,ARU_GROUP,2026,10,ARU,1000,Cash,0,1375000,-1375000,Sustaining/catch-up/Phase 1 capital additions,CAPEX26,INVESTING,MANAGEMENT_FORECAST,PUBLIC_SYNTHETIC_DIEGETIC,LOCKED_DERIVED_IMPLEMENTATION,2026-09-05,2026-10-31,2026-09-05
ARU_GROUP-2026-00777,ARU_GROUP,2026,10,ARU,5300,Depreciation in earnings,269745,0,269745,PPE depreciation and completed program assets,FIXED26,NONCASH_OR_OPENING,MANAGEMENT_FORECAST,PUBLIC_SYNTHETIC_DIEGETIC,LOCKED_DERIVED_IMPLEMENTATION,2026-09-05,2026-10-31,2026-09-05
ARU_GROUP-2026-00777,ARU_GROUP,2026,10,ARU,1490,Accumulated PPE depreciation,0,269745,-269745,PPE depreciation and completed program assets,FIXED26,NONCASH_OR_OPENING,MANAGEMENT_FORECAST,PUBLIC_SYNTHETIC_DIEGETIC,LOCKED_DERIVED_IMPLEMENTATION,2026-09-05,2026-10-31,2026-09-05
ARU_GROUP-2026-00778,ARU_GROUP,2026,10,ARU,5300,Depreciation in earnings,42466,0,42466,Retained finance lease ROU depreciation,LEASE26,NONCASH_OR_OPENING,MANAGEMENT_FORECAST,PUBLIC_SYNTHETIC_DIEGETIC,LOCKED_DERIVED_IMPLEMENTATION,2026-09-05,2026-10-31,2026-09-05
ARU_GROUP-2026-00778,ARU_GROUP,2026,10,ARU,1590,Accumulated finance lease ROU depreciation,0,42466,-42466,Retained finance lease ROU depreciation,LEASE26,NONCASH_OR_OPENING,MANAGEMENT_FORECAST,PUBLIC_SYNTHETIC_DIEGETIC,LOCKED_DERIVED_IMPLEMENTATION,2026-09-05,2026-10-31,2026-09-05
ARU_GROUP-2026-00779,ARU_GROUP,2026,10,ARU,5500,Modeled income tax,128910,0,128910,"Cumulative annual current tax, including tax-goodwill amortization",TAX26-CURRENT,NONCASH_OR_OPENING,MANAGEMENT_FORECAST,PUBLIC_SYNTHETIC_DIEGETIC,LOCKED_DERIVED_IMPLEMENTATION,2026-09-05,2026-10-31,2026-09-05
ARU_GROUP-2026-00779,ARU_GROUP,2026,10,ARU,2700,Current income tax payable / prepaid,0,128910,-128910,"Cumulative annual current tax, including tax-goodwill amortization",TAX26-CURRENT,NONCASH_OR_OPENING,MANAGEMENT_FORECAST,PUBLIC_SYNTHETIC_DIEGETIC,LOCKED_DERIVED_IMPLEMENTATION,2026-09-05,2026-10-31,2026-09-05
ARU_GROUP-2026-00780,ARU_GROUP,2026,10,ARU,5501,Deferred income tax expense,18056,0,18056,Deferred tax on section 197 goodwill tax/book basis difference,TAX26-DEFERRED,NONCASH_OR_OPENING,MANAGEMENT_FORECAST,PUBLIC_SYNTHETIC_DIEGETIC,LOCKED_DERIVED_IMPLEMENTATION,2026-09-05,2026-10-31,2026-09-05
ARU_GROUP-2026-00780,ARU_GROUP,2026,10,ARU,2250,Deferred tax liability on tax goodwill amortization,0,18056,-18056,Deferred tax on section 197 goodwill tax/book basis difference,TAX26-DEFERRED,NONCASH_OR_OPENING,MANAGEMENT_FORECAST,PUBLIC_SYNTHETIC_DIEGETIC,LOCKED_DERIVED_IMPLEMENTATION,2026-09-05,2026-10-31,2026-09-05
ARU_GROUP-2026-00783,ARU_GROUP,2026,11,BST,1100,"External receivables, net of allowance",268090,0,268090,External customer invoice under source price and volume indices,BST-2025-001,NONCASH_OR_OPENING,MANAGEMENT_FORECAST,PUBLIC_SYNTHETIC_DIEGETIC,LOCKED_DERIVED_IMPLEMENTATION,2026-09-05,2026-11-30,2026-09-05
ARU_GROUP-2026-00783,ARU_GROUP,2026,11,BST,4000,External revenue,0,268090,-268090,External customer invoice under source price and volume indices,BST-2025-001,NONCASH_OR_OPENING,MANAGEMENT_FORECAST,PUBLIC_SYNTHETIC_DIEGETIC,LOCKED_DERIVED_IMPLEMENTATION,2026-09-05,2026-11-30,2026-09-05
ARU_GROUP-2026-00784,ARU_GROUP,2026,11,BST,1100,"External receivables, net of allowance",115090,0,115090,External customer invoice under source price and volume indices,BST-2025-006,NONCASH_OR_OPENING,MANAGEMENT_FORECAST,PUBLIC_SYNTHETIC_DIEGETIC,LOCKED_DERIVED_IMPLEMENTATION,2026-09-05,2026-11-30,2026-09-05
ARU_GROUP-2026-00784,ARU_GROUP,2026,11,BST,4000,External revenue,0,115090,-115090,External customer invoice under source price and volume indices,BST-2025-006,NONCASH_OR_OPENING,MANAGEMENT_FORECAST,PUBLIC_SYNTHETIC_DIEGETIC,LOCKED_DERIVED_IMPLEMENTATION,2026-09-05,2026-11-30,2026-09-05
ARU_GROUP-2026-00785,ARU_GROUP,2026,11,BST,1100,"External receivables, net of allowance",199987,0,199987,External customer invoice under source price and volume indices,BST-2025-002,NONCASH_OR_OPENING,MANAGEMENT_FORECAST,PUBLIC_SYNTHETIC_DIEGETIC,LOCKED_DERIVED_IMPLEMENTATION,2026-09-05,2026-11-30,2026-09-05
ARU_GROUP-2026-00785,ARU_GROUP,2026,11,BST,4000,External revenue,0,199987,-199987,External customer invoice under source price and volume indices,BST-2025-002,NONCASH_OR_OPENING,MANAGEMENT_FORECAST,PUBLIC_SYNTHETIC_DIEGETIC,LOCKED_DERIVED_IMPLEMENTATION,2026-09-05,2026-11-30,2026-09-05
ARU_GROUP-2026-00786,ARU_GROUP,2026,11,BST,1100,"External receivables, net of allowance",90184,0,90184,External customer invoice under source price and volume indices,BST-2025-007,NONCASH_OR_OPENING,MANAGEMENT_FORECAST,PUBLIC_SYNTHETIC_DIEGETIC,LOCKED_DERIVED_IMPLEMENTATION,2026-09-05,2026-11-30,2026-09-05
ARU_GROUP-2026-00786,ARU_GROUP,2026,11,BST,4000,External revenue,0,90184,-90184,External customer invoice under source price and volume indices,BST-2025-007,NONCASH_OR_OPENING,MANAGEMENT_FORECAST,PUBLIC_SYNTHETIC_DIEGETIC,LOCKED_DERIVED_IMPLEMENTATION,2026-09-05,2026-11-30,2026-09-05
ARU_GROUP-2026-00787,ARU_GROUP,2026,11,BST,1100,"External receivables, net of allowance",103699,0,103699,External customer invoice under source price and volume indices,BST-2025-004,NONCASH_OR_OPENING,MANAGEMENT_FORECAST,PUBLIC_SYNTHETIC_DIEGETIC,LOCKED_DERIVED_IMPLEMENTATION,2026-09-05,2026-11-30,2026-09-05
ARU_GROUP-2026-00787,ARU_GROUP,2026,11,BST,4000,External revenue,0,103699,-103699,External customer invoice under source price and volume indices,BST-2025-004,NONCASH_OR_OPENING,MANAGEMENT_FORECAST,PUBLIC_SYNTHETIC_DIEGETIC,LOCKED_DERIVED_IMPLEMENTATION,2026-09-05,2026-11-30,2026-09-05
ARU_GROUP-2026-00788,ARU_GROUP,2026,11,BST,1100,"External receivables, net of allowance",52275,0,52275,External customer invoice under source price and volume indices,BST-2025-008,NONCASH_OR_OPENING,MANAGEMENT_FORECAST,PUBLIC_SYNTHETIC_DIEGETIC,LOCKED_DERIVED_IMPLEMENTATION,2026-09-05,2026-11-30,2026-09-05
ARU_GROUP-2026-00788,ARU_GROUP,2026,11,BST,4000,External revenue,0,52275,-52275,External customer invoice under source price and volume indices,BST-2025-008,NONCASH_OR_OPENING,MANAGEMENT_FORECAST,PUBLIC_SYNTHETIC_DIEGETIC,LOCKED_DERIVED_IMPLEMENTATION,2026-09-05,2026-11-30,2026-09-05
ARU_GROUP-2026-00789,ARU_GROUP,2026,11,BST,1100,"External receivables, net of allowance",122706,0,122706,External customer invoice under source price and volume indices,BST-2025-003,NONCASH_OR_OPENING,MANAGEMENT_FORECAST,PUBLIC_SYNTHETIC_DIEGETIC,LOCKED_DERIVED_IMPLEMENTATION,2026-09-05,2026-11-30,2026-09-05
ARU_GROUP-2026-00789,ARU_GROUP,2026,11,BST,4000,External revenue,0,122706,-122706,External customer invoice under source price and volume indices,BST-2025-003,NONCASH_OR_OPENING,MANAGEMENT_FORECAST,PUBLIC_SYNTHETIC_DIEGETIC,LOCKED_DERIVED_IMPLEMENTATION,2026-09-05,2026-11-30,2026-09-05
ARU_GROUP-2026-00790,ARU_GROUP,2026,11,BST,1100,"External receivables, net of allowance",64327,0,64327,External customer invoice under source price and volume indices,BST-2025-009,NONCASH_OR_OPENING,MANAGEMENT_FORECAST,PUBLIC_SYNTHETIC_DIEGETIC,LOCKED_DERIVED_IMPLEMENTATION,2026-09-05,2026-11-30,2026-09-05
ARU_GROUP-2026-00790,ARU_GROUP,2026,11,BST,4000,External revenue,0,64327,-64327,External customer invoice under source price and volume indices,BST-2025-009,NONCASH_OR_OPENING,MANAGEMENT_FORECAST,PUBLIC_SYNTHETIC_DIEGETIC,LOCKED_DERIVED_IMPLEMENTATION,2026-09-05,2026-11-30,2026-09-05
ARU_GROUP-2026-00791,ARU_GROUP,2026,11,BST,1100,"External receivables, net of allowance",59839,0,59839,External customer invoice under source price and volume indices,BST-2025-010,NONCASH_OR_OPENING,MANAGEMENT_FORECAST,PUBLIC_SYNTHETIC_DIEGETIC,LOCKED_DERIVED_IMPLEMENTATION,2026-09-05,2026-11-30,2026-09-05
ARU_GROUP-2026-00791,ARU_GROUP,2026,11,BST,4000,External revenue,0,59839,-59839,External customer invoice under source price and volume indices,BST-2025-010,NONCASH_OR_OPENING,MANAGEMENT_FORECAST,PUBLIC_SYNTHETIC_DIEGETIC,LOCKED_DERIVED_IMPLEMENTATION,2026-09-05,2026-11-30,2026-09-05
ARU_GROUP-2026-00792,ARU_GROUP,2026,11,BST,1100,"External receivables, net of allowance",32470,0,32470,External customer invoice under source price and volume indices,BST-2025-011,NONCASH_OR_OPENING,MANAGEMENT_FORECAST,PUBLIC_SYNTHETIC_DIEGETIC,LOCKED_DERIVED_IMPLEMENTATION,2026-09-05,2026-11-30,2026-09-05
ARU_GROUP-2026-00792,ARU_GROUP,2026,11,BST,4000,External revenue,0,32470,-32470,External customer invoice under source price and volume indices,BST-2025-011,NONCASH_OR_OPENING,MANAGEMENT_FORECAST,PUBLIC_SYNTHETIC_DIEGETIC,LOCKED_DERIVED_IMPLEMENTATION,2026-09-05,2026-11-30,2026-09-05
ARU_GROUP-2026-00793,ARU_GROUP,2026,11,BST,1100,"External receivables, net of allowance",98620,0,98620,External customer invoice under source price and volume indices,BST-2025-012,NONCASH_OR_OPENING,MANAGEMENT_FORECAST,PUBLIC_SYNTHETIC_DIEGETIC,LOCKED_DERIVED_IMPLEMENTATION,2026-09-05,2026-11-30,2026-09-05
ARU_GROUP-2026-00793,ARU_GROUP,2026,11,BST,4000,External revenue,0,98620,-98620,External customer invoice under source price and volume indices,BST-2025-012,NONCASH_OR_OPENING,MANAGEMENT_FORECAST,PUBLIC_SYNTHETIC_DIEGETIC,LOCKED_DERIVED_IMPLEMENTATION,2026-09-05,2026-11-30,2026-09-05
ARU_GROUP-2026-00794,ARU_GROUP,2026,11,BST,1100,"External receivables, net of allowance",62780,0,62780,External customer invoice under source price and volume indices,BST-2025-013,NONCASH_OR_OPENING,MANAGEMENT_FORECAST,PUBLIC_SYNTHETIC_DIEGETIC,LOCKED_DERIVED_IMPLEMENTATION,2026-09-05,2026-11-30,2026-09-05
ARU_GROUP-2026-00794,ARU_GROUP,2026,11,BST,4000,External revenue,0,62780,-62780,External customer invoice under source price and volume indices,BST-2025-013,NONCASH_OR_OPENING,MANAGEMENT_FORECAST,PUBLIC_SYNTHETIC_DIEGETIC,LOCKED_DERIVED_IMPLEMENTATION,2026-09-05,2026-11-30,2026-09-05
ARU_GROUP-2026-00795,ARU_GROUP,2026,11,TERMINALS,1100,"External receivables, net of allowance",109752,0,109752,External customer invoice under source price and volume indices,TRM-2025-001,NONCASH_OR_OPENING,MANAGEMENT_FORECAST,PUBLIC_SYNTHETIC_DIEGETIC,LOCKED_DERIVED_IMPLEMENTATION,2026-09-05,2026-11-30,2026-09-05
ARU_GROUP-2026-00795,ARU_GROUP,2026,11,TERMINALS,4000,External revenue,0,109752,-109752,External customer invoice under source price and volume indices,TRM-2025-001,NONCASH_OR_OPENING,MANAGEMENT_FORECAST,PUBLIC_SYNTHETIC_DIEGETIC,LOCKED_DERIVED_IMPLEMENTATION,2026-09-05,2026-11-30,2026-09-05
ARU_GROUP-2026-00796,ARU_GROUP,2026,11,TERMINALS,1100,"External receivables, net of allowance",106692,0,106692,External customer invoice under source price and volume indices,TRM-2025-002,NONCASH_OR_OPENING,MANAGEMENT_FORECAST,PUBLIC_SYNTHETIC_DIEGETIC,LOCKED_DERIVED_IMPLEMENTATION,2026-09-05,2026-11-30,2026-09-05
ARU_GROUP-2026-00796,ARU_GROUP,2026,11,TERMINALS,4000,External revenue,0,106692,-106692,External customer invoice under source price and volume indices,TRM-2025-002,NONCASH_OR_OPENING,MANAGEMENT_FORECAST,PUBLIC_SYNTHETIC_DIEGETIC,LOCKED_DERIVED_IMPLEMENTATION,2026-09-05,2026-11-30,2026-09-05
ARU_GROUP-2026-00797,ARU_GROUP,2026,11,TERMINALS,1100,"External receivables, net of allowance",147084,0,147084,External customer invoice under source price and volume indices,TRM-2025-003,NONCASH_OR_OPENING,MANAGEMENT_FORECAST,PUBLIC_SYNTHETIC_DIEGETIC,LOCKED_DERIVED_IMPLEMENTATION,2026-09-05,2026-11-30,2026-09-05
ARU_GROUP-2026-00797,ARU_GROUP,2026,11,TERMINALS,4000,External revenue,0,147084,-147084,External customer invoice under source price and volume indices,TRM-2025-003,NONCASH_OR_OPENING,MANAGEMENT_FORECAST,PUBLIC_SYNTHETIC_DIEGETIC,LOCKED_DERIVED_IMPLEMENTATION,2026-09-05,2026-11-30,2026-09-05
ARU_GROUP-2026-00798,ARU_GROUP,2026,11,TERMINALS,1100,"External receivables, net of allowance",146880,0,146880,External customer invoice under source price and volume indices,TRM-2025-014,NONCASH_OR_OPENING,MANAGEMENT_FORECAST,PUBLIC_SYNTHETIC_DIEGETIC,LOCKED_DERIVED_IMPLEMENTATION,2026-09-05,2026-11-30,2026-09-05
ARU_GROUP-2026-00798,ARU_GROUP,2026,11,TERMINALS,4000,External revenue,0,146880,-146880,External customer invoice under source price and volume indices,TRM-2025-014,NONCASH_OR_OPENING,MANAGEMENT_FORECAST,PUBLIC_SYNTHETIC_DIEGETIC,LOCKED_DERIVED_IMPLEMENTATION,2026-09-05,2026-11-30,2026-09-05
ARU_GROUP-2026-00799,ARU_GROUP,2026,11,TERMINALS,1100,"External receivables, net of allowance",144840,0,144840,External customer invoice under source price and volume indices,TRM-2025-015,NONCASH_OR_OPENING,MANAGEMENT_FORECAST,PUBLIC_SYNTHETIC_DIEGETIC,LOCKED_DERIVED_IMPLEMENTATION,2026-09-05,2026-11-30,2026-09-05
ARU_GROUP-2026-00799,ARU_GROUP,2026,11,TERMINALS,4000,External revenue,0,144840,-144840,External customer invoice under source price and volume indices,TRM-2025-015,NONCASH_OR_OPENING,MANAGEMENT_FORECAST,PUBLIC_SYNTHETIC_DIEGETIC,LOCKED_DERIVED_IMPLEMENTATION,2026-09-05,2026-11-30,2026-09-05
ARU_GROUP-2026-00800,ARU_GROUP,2026,11,TERMINALS,1100,"External receivables, net of allowance",140352,0,140352,External customer invoice under source price and volume indices,TRM-2025-016,NONCASH_OR_OPENING,MANAGEMENT_FORECAST,PUBLIC_SYNTHETIC_DIEGETIC,LOCKED_DERIVED_IMPLEMENTATION,2026-09-05,2026-11-30,2026-09-05
ARU_GROUP-2026-00800,ARU_GROUP,2026,11,TERMINALS,4000,External revenue,0,140352,-140352,External customer invoice under source price and volume indices,TRM-2025-016,NONCASH_OR_OPENING,MANAGEMENT_FORECAST,PUBLIC_SYNTHETIC_DIEGETIC,LOCKED_DERIVED_IMPLEMENTATION,2026-09-05,2026-11-30,2026-09-05
ARU_GROUP-2026-00801,ARU_GROUP,2026,11,TERMINALS,1100,"External receivables, net of allowance",134640,0,134640,External customer invoice under source price and volume indices,TRM-2025-017,NONCASH_OR_OPENING,MANAGEMENT_FORECAST,PUBLIC_SYNTHETIC_DIEGETIC,LOCKED_DERIVED_IMPLEMENTATION,2026-09-05,2026-11-30,2026-09-05
ARU_GROUP-2026-00801,ARU_GROUP,2026,11,TERMINALS,4000,External revenue,0,134640,-134640,External customer invoice under source price and volume indices,TRM-2025-017,NONCASH_OR_OPENING,MANAGEMENT_FORECAST,PUBLIC_SYNTHETIC_DIEGETIC,LOCKED_DERIVED_IMPLEMENTATION,2026-09-05,2026-11-30,2026-09-05
ARU_GROUP-2026-00802,ARU_GROUP,2026,11,TERMINALS,1100,"External receivables, net of allowance",130560,0,130560,External customer invoice under source price and volume indices,TRM-2025-018,NONCASH_OR_OPENING,MANAGEMENT_FORECAST,PUBLIC_SYNTHETIC_DIEGETIC,LOCKED_DERIVED_IMPLEMENTATION,2026-09-05,2026-11-30,2026-09-05
ARU_GROUP-2026-00802,ARU_GROUP,2026,11,TERMINALS,4000,External revenue,0,130560,-130560,External customer invoice under source price and volume indices,TRM-2025-018,NONCASH_OR_OPENING,MANAGEMENT_FORECAST,PUBLIC_SYNTHETIC_DIEGETIC,LOCKED_DERIVED_IMPLEMENTATION,2026-09-05,2026-11-30,2026-09-05
ARU_GROUP-2026-00803,ARU_GROUP,2026,11,TRUCKING,1100,"External receivables, net of allowance",117300,0,117300,External customer invoice under source price and volume indices,TRK-2025-004,NONCASH_OR_OPENING,MANAGEMENT_FORECAST,PUBLIC_SYNTHETIC_DIEGETIC,LOCKED_DERIVED_IMPLEMENTATION,2026-09-05,2026-11-30,2026-09-05
ARU_GROUP-2026-00803,ARU_GROUP,2026,11,TRUCKING,4000,External revenue,0,117300,-117300,External customer invoice under source price and volume indices,TRK-2025-004,NONCASH_OR_OPENING,MANAGEMENT_FORECAST,PUBLIC_SYNTHETIC_DIEGETIC,LOCKED_DERIVED_IMPLEMENTATION,2026-09-05,2026-11-30,2026-09-05
ARU_GROUP-2026-00804,ARU_GROUP,2026,11,TRUCKING,1100,"External receivables, net of allowance",132600,0,132600,External customer invoice under source price and volume indices,TRK-2025-019,NONCASH_OR_OPENING,MANAGEMENT_FORECAST,PUBLIC_SYNTHETIC_DIEGETIC,LOCKED_DERIVED_IMPLEMENTATION,2026-09-05,2026-11-30,2026-09-05
ARU_GROUP-2026-00804,ARU_GROUP,2026,11,TRUCKING,4000,External revenue,0,132600,-132600,External customer invoice under source price and volume indices,TRK-2025-019,NONCASH_OR_OPENING,MANAGEMENT_FORECAST,PUBLIC_SYNTHETIC_DIEGETIC,LOCKED_DERIVED_IMPLEMENTATION,2026-09-05,2026-11-30,2026-09-05
ARU_GROUP-2026-00805,ARU_GROUP,2026,11,TRUCKING,1100,"External receivables, net of allowance",126990,0,126990,External customer invoice under source price and volume indices,TRK-2025-020,NONCASH_OR_OPENING,MANAGEMENT_FORECAST,PUBLIC_SYNTHETIC_DIEGETIC,LOCKED_DERIVED_IMPLEMENTATION,2026-09-05,2026-11-30,2026-09-05
ARU_GROUP-2026-00805,ARU_GROUP,2026,11,TRUCKING,4000,External revenue,0,126990,-126990,External customer invoice under source price and volume indices,TRK-2025-020,NONCASH_OR_OPENING,MANAGEMENT_FORECAST,PUBLIC_SYNTHETIC_DIEGETIC,LOCKED_DERIVED_IMPLEMENTATION,2026-09-05,2026-11-30,2026-09-05
ARU_GROUP-2026-00806,ARU_GROUP,2026,11,TRUCKING,1100,"External receivables, net of allowance",120870,0,120870,External customer invoice under source price and volume indices,TRK-2025-021,NONCASH_OR_OPENING,MANAGEMENT_FORECAST,PUBLIC_SYNTHETIC_DIEGETIC,LOCKED_DERIVED_IMPLEMENTATION,2026-09-05,2026-11-30,2026-09-05
ARU_GROUP-2026-00806,ARU_GROUP,2026,11,TRUCKING,4000,External revenue,0,120870,-120870,External customer invoice under source price and volume indices,TRK-2025-021,NONCASH_OR_OPENING,MANAGEMENT_FORECAST,PUBLIC_SYNTHETIC_DIEGETIC,LOCKED_DERIVED_IMPLEMENTATION,2026-09-05,2026-11-30,2026-09-05
ARU_GROUP-2026-00807,ARU_GROUP,2026,11,TRUCKING,1100,"External receivables, net of allowance",114240,0,114240,External customer invoice under source price and volume indices,TRK-2025-022,NONCASH_OR_OPENING,MANAGEMENT_FORECAST,PUBLIC_SYNTHETIC_DIEGETIC,LOCKED_DERIVED_IMPLEMENTATION,2026-09-05,2026-11-30,2026-09-05
ARU_GROUP-2026-00807,ARU_GROUP,2026,11,TRUCKING,4000,External revenue,0,114240,-114240,External customer invoice under source price and volume indices,TRK-2025-022,NONCASH_OR_OPENING,MANAGEMENT_FORECAST,PUBLIC_SYNTHETIC_DIEGETIC,LOCKED_DERIVED_IMPLEMENTATION,2026-09-05,2026-11-30,2026-09-05
ARU_GROUP-2026-00808,ARU_GROUP,2026,11,WAREHOUSE,1100,"External receivables, net of allowance",198288,0,198288,External customer invoice under source price and volume indices,WHS-2025-005,NONCASH_OR_OPENING,MANAGEMENT_FORECAST,PUBLIC_SYNTHETIC_DIEGETIC,LOCKED_DERIVED_IMPLEMENTATION,2026-09-05,2026-11-30,2026-09-05
ARU_GROUP-2026-00808,ARU_GROUP,2026,11,WAREHOUSE,4000,External revenue,0,198288,-198288,External customer invoice under source price and volume indices,WHS-2025-005,NONCASH_OR_OPENING,MANAGEMENT_FORECAST,PUBLIC_SYNTHETIC_DIEGETIC,LOCKED_DERIVED_IMPLEMENTATION,2026-09-05,2026-11-30,2026-09-05
ARU_GROUP-2026-00809,ARU_GROUP,2026,11,WAREHOUSE,1100,"External receivables, net of allowance",105264,0,105264,External customer invoice under source price and volume indices,WHS-2025-023,NONCASH_OR_OPENING,MANAGEMENT_FORECAST,PUBLIC_SYNTHETIC_DIEGETIC,LOCKED_DERIVED_IMPLEMENTATION,2026-09-05,2026-11-30,2026-09-05
ARU_GROUP-2026-00809,ARU_GROUP,2026,11,WAREHOUSE,4000,External revenue,0,105264,-105264,External customer invoice under source price and volume indices,WHS-2025-023,NONCASH_OR_OPENING,MANAGEMENT_FORECAST,PUBLIC_SYNTHETIC_DIEGETIC,LOCKED_DERIVED_IMPLEMENTATION,2026-09-05,2026-11-30,2026-09-05
ARU_GROUP-2026-00810,ARU_GROUP,2026,11,WAREHOUSE,1100,"External receivables, net of allowance",97920,0,97920,External customer invoice under source price and volume indices,WHS-2025-024,NONCASH_OR_OPENING,MANAGEMENT_FORECAST,PUBLIC_SYNTHETIC_DIEGETIC,LOCKED_DERIVED_IMPLEMENTATION,2026-09-05,2026-11-30,2026-09-05
ARU_GROUP-2026-00810,ARU_GROUP,2026,11,WAREHOUSE,4000,External revenue,0,97920,-97920,External customer invoice under source price and volume indices,WHS-2025-024,NONCASH_OR_OPENING,MANAGEMENT_FORECAST,PUBLIC_SYNTHETIC_DIEGETIC,LOCKED_DERIVED_IMPLEMENTATION,2026-09-05,2026-11-30,2026-09-05
ARU_GROUP-2026-00811,ARU_GROUP,2026,11,WAREHOUSE,1100,"External receivables, net of allowance",88128,0,88128,External customer invoice under source price and volume indices,WHS-2025-025,NONCASH_OR_OPENING,MANAGEMENT_FORECAST,PUBLIC_SYNTHETIC_DIEGETIC,LOCKED_DERIVED_IMPLEMENTATION,2026-09-05,2026-11-30,2026-09-05
ARU_GROUP-2026-00811,ARU_GROUP,2026,11,WAREHOUSE,4000,External revenue,0,88128,-88128,External customer invoice under source price and volume indices,WHS-2025-025,NONCASH_OR_OPENING,MANAGEMENT_FORECAST,PUBLIC_SYNTHETIC_DIEGETIC,LOCKED_DERIVED_IMPLEMENTATION,2026-09-05,2026-11-30,2026-09-05
ARU_GROUP-2026-00812,ARU_GROUP,2026,11,BST,5000,Payroll and employer burden,501121,0,501121,2026 loaded payroll under source cost index and unchanged census,PAYROLL-2026,NONCASH_OR_OPENING,MANAGEMENT_FORECAST,PUBLIC_SYNTHETIC_DIEGETIC,LOCKED_DERIVED_IMPLEMENTATION,2026-09-05,2026-11-30,2026-09-05
ARU_GROUP-2026-00812,ARU_GROUP,2026,11,BST,2000,Trade payables,0,501121,-501121,2026 loaded payroll under source cost index and unchanged census,PAYROLL-2026,NONCASH_OR_OPENING,MANAGEMENT_FORECAST,PUBLIC_SYNTHETIC_DIEGETIC,LOCKED_DERIVED_IMPLEMENTATION,2026-09-05,2026-11-30,2026-09-05
ARU_GROUP-2026-00813,ARU_GROUP,2026,11,BST,5100,External operating cost,629304,0,629304,External suppliers under source cost index,OPEX-2026,NONCASH_OR_OPENING,MANAGEMENT_FORECAST,PUBLIC_SYNTHETIC_DIEGETIC,LOCKED_DERIVED_IMPLEMENTATION,2026-09-05,2026-11-30,2026-09-05
ARU_GROUP-2026-00813,ARU_GROUP,2026,11,BST,2000,Trade payables,0,629304,-629304,External suppliers under source cost index,OPEX-2026,NONCASH_OR_OPENING,MANAGEMENT_FORECAST,PUBLIC_SYNTHETIC_DIEGETIC,LOCKED_DERIVED_IMPLEMENTATION,2026-09-05,2026-11-30,2026-09-05
ARU_GROUP-2026-00814,ARU_GROUP,2026,11,BST,5900,Shared service allocation / recovery,71242,0,71242,Shared services allocated,ALLOC-2026,NONCASH_OR_OPENING,MANAGEMENT_FORECAST,PUBLIC_SYNTHETIC_DIEGETIC,LOCKED_DERIVED_IMPLEMENTATION,2026-09-05,2026-11-30,2026-09-05
ARU_GROUP-2026-00814,ARU_GROUP,2026,11,BST,2100,Operating accruals,0,71242,-71242,Shared services allocated,ALLOC-2026,NONCASH_OR_OPENING,MANAGEMENT_FORECAST,PUBLIC_SYNTHETIC_DIEGETIC,LOCKED_DERIVED_IMPLEMENTATION,2026-09-05,2026-11-30,2026-09-05
ARU_GROUP-2026-00815,ARU_GROUP,2026,11,ARU,2100,Operating accruals,71242,0,71242,Shared services recovered,ALLOC-2026,NONCASH_OR_OPENING,MANAGEMENT_FORECAST,PUBLIC_SYNTHETIC_DIEGETIC,LOCKED_DERIVED_IMPLEMENTATION,2026-09-05,2026-11-30,2026-09-05
ARU_GROUP-2026-00815,ARU_GROUP,2026,11,ARU,5900,Shared service allocation / recovery,0,71242,-71242,Shared services recovered,ALLOC-2026,NONCASH_OR_OPENING,MANAGEMENT_FORECAST,PUBLIC_SYNTHETIC_DIEGETIC,LOCKED_DERIVED_IMPLEMENTATION,2026-09-05,2026-11-30,2026-09-05
ARU_GROUP-2026-00816,ARU_GROUP,2026,11,TERMINALS,5000,Payroll and employer burden,194936,0,194936,2026 loaded payroll under source cost index and unchanged census,PAYROLL-2026,NONCASH_OR_OPENING,MANAGEMENT_FORECAST,PUBLIC_SYNTHETIC_DIEGETIC,LOCKED_DERIVED_IMPLEMENTATION,2026-09-05,2026-11-30,2026-09-05
ARU_GROUP-2026-00816,ARU_GROUP,2026,11,TERMINALS,2000,Trade payables,0,194936,-194936,2026 loaded payroll under source cost index and unchanged census,PAYROLL-2026,NONCASH_OR_OPENING,MANAGEMENT_FORECAST,PUBLIC_SYNTHETIC_DIEGETIC,LOCKED_DERIVED_IMPLEMENTATION,2026-09-05,2026-11-30,2026-09-05
ARU_GROUP-2026-00817,ARU_GROUP,2026,11,TERMINALS,5100,External operating cost,504606,0,504606,External suppliers under source cost index,OPEX-2026,NONCASH_OR_OPENING,MANAGEMENT_FORECAST,PUBLIC_SYNTHETIC_DIEGETIC,LOCKED_DERIVED_IMPLEMENTATION,2026-09-05,2026-11-30,2026-09-05
ARU_GROUP-2026-00817,ARU_GROUP,2026,11,TERMINALS,2000,Trade payables,0,504606,-504606,External suppliers under source cost index,OPEX-2026,NONCASH_OR_OPENING,MANAGEMENT_FORECAST,PUBLIC_SYNTHETIC_DIEGETIC,LOCKED_DERIVED_IMPLEMENTATION,2026-09-05,2026-11-30,2026-09-05
ARU_GROUP-2026-00818,ARU_GROUP,2026,11,TERMINALS,5900,Shared service allocation / recovery,47208,0,47208,Shared services allocated,ALLOC-2026,NONCASH_OR_OPENING,MANAGEMENT_FORECAST,PUBLIC_SYNTHETIC_DIEGETIC,LOCKED_DERIVED_IMPLEMENTATION,2026-09-05,2026-11-30,2026-09-05
ARU_GROUP-2026-00818,ARU_GROUP,2026,11,TERMINALS,2100,Operating accruals,0,47208,-47208,Shared services allocated,ALLOC-2026,NONCASH_OR_OPENING,MANAGEMENT_FORECAST,PUBLIC_SYNTHETIC_DIEGETIC,LOCKED_DERIVED_IMPLEMENTATION,2026-09-05,2026-11-30,2026-09-05
ARU_GROUP-2026-00819,ARU_GROUP,2026,11,ARU,2100,Operating accruals,47208,0,47208,Shared services recovered,ALLOC-2026,NONCASH_OR_OPENING,MANAGEMENT_FORECAST,PUBLIC_SYNTHETIC_DIEGETIC,LOCKED_DERIVED_IMPLEMENTATION,2026-09-05,2026-11-30,2026-09-05
ARU_GROUP-2026-00819,ARU_GROUP,2026,11,ARU,5900,Shared service allocation / recovery,0,47208,-47208,Shared services recovered,ALLOC-2026,NONCASH_OR_OPENING,MANAGEMENT_FORECAST,PUBLIC_SYNTHETIC_DIEGETIC,LOCKED_DERIVED_IMPLEMENTATION,2026-09-05,2026-11-30,2026-09-05
ARU_GROUP-2026-00820,ARU_GROUP,2026,11,TRUCKING,5000,Payroll and employer burden,188464,0,188464,2026 loaded payroll under source cost index and unchanged census,PAYROLL-2026,NONCASH_OR_OPENING,MANAGEMENT_FORECAST,PUBLIC_SYNTHETIC_DIEGETIC,LOCKED_DERIVED_IMPLEMENTATION,2026-09-05,2026-11-30,2026-09-05
ARU_GROUP-2026-00820,ARU_GROUP,2026,11,TRUCKING,2000,Trade payables,0,188464,-188464,2026 loaded payroll under source cost index and unchanged census,PAYROLL-2026,NONCASH_OR_OPENING,MANAGEMENT_FORECAST,PUBLIC_SYNTHETIC_DIEGETIC,LOCKED_DERIVED_IMPLEMENTATION,2026-09-05,2026-11-30,2026-09-05
ARU_GROUP-2026-00821,ARU_GROUP,2026,11,TRUCKING,5100,External operating cost,299069,0,299069,External suppliers under source cost index,OPEX-2026,NONCASH_OR_OPENING,MANAGEMENT_FORECAST,PUBLIC_SYNTHETIC_DIEGETIC,LOCKED_DERIVED_IMPLEMENTATION,2026-09-05,2026-11-30,2026-09-05
ARU_GROUP-2026-00821,ARU_GROUP,2026,11,TRUCKING,2000,Trade payables,0,299069,-299069,External suppliers under source cost index,OPEX-2026,NONCASH_OR_OPENING,MANAGEMENT_FORECAST,PUBLIC_SYNTHETIC_DIEGETIC,LOCKED_DERIVED_IMPLEMENTATION,2026-09-05,2026-11-30,2026-09-05
ARU_GROUP-2026-00822,ARU_GROUP,2026,11,TRUCKING,5900,Shared service allocation / recovery,27467,0,27467,Shared services allocated,ALLOC-2026,NONCASH_OR_OPENING,MANAGEMENT_FORECAST,PUBLIC_SYNTHETIC_DIEGETIC,LOCKED_DERIVED_IMPLEMENTATION,2026-09-05,2026-11-30,2026-09-05
ARU_GROUP-2026-00822,ARU_GROUP,2026,11,TRUCKING,2100,Operating accruals,0,27467,-27467,Shared services allocated,ALLOC-2026,NONCASH_OR_OPENING,MANAGEMENT_FORECAST,PUBLIC_SYNTHETIC_DIEGETIC,LOCKED_DERIVED_IMPLEMENTATION,2026-09-05,2026-11-30,2026-09-05
ARU_GROUP-2026-00823,ARU_GROUP,2026,11,ARU,2100,Operating accruals,27467,0,27467,Shared services recovered,ALLOC-2026,NONCASH_OR_OPENING,MANAGEMENT_FORECAST,PUBLIC_SYNTHETIC_DIEGETIC,LOCKED_DERIVED_IMPLEMENTATION,2026-09-05,2026-11-30,2026-09-05
ARU_GROUP-2026-00823,ARU_GROUP,2026,11,ARU,5900,Shared service allocation / recovery,0,27467,-27467,Shared services recovered,ALLOC-2026,NONCASH_OR_OPENING,MANAGEMENT_FORECAST,PUBLIC_SYNTHETIC_DIEGETIC,LOCKED_DERIVED_IMPLEMENTATION,2026-09-05,2026-11-30,2026-09-05
ARU_GROUP-2026-00824,ARU_GROUP,2026,11,WAREHOUSE,5000,Payroll and employer burden,89490,0,89490,2026 loaded payroll under source cost index and unchanged census,PAYROLL-2026,NONCASH_OR_OPENING,MANAGEMENT_FORECAST,PUBLIC_SYNTHETIC_DIEGETIC,LOCKED_DERIVED_IMPLEMENTATION,2026-09-05,2026-11-30,2026-09-05
ARU_GROUP-2026-00824,ARU_GROUP,2026,11,WAREHOUSE,2000,Trade payables,0,89490,-89490,2026 loaded payroll under source cost index and unchanged census,PAYROLL-2026,NONCASH_OR_OPENING,MANAGEMENT_FORECAST,PUBLIC_SYNTHETIC_DIEGETIC,LOCKED_DERIVED_IMPLEMENTATION,2026-09-05,2026-11-30,2026-09-05
ARU_GROUP-2026-00825,ARU_GROUP,2026,11,WAREHOUSE,5100,External operating cost,169727,0,169727,External suppliers under source cost index,OPEX-2026,NONCASH_OR_OPENING,MANAGEMENT_FORECAST,PUBLIC_SYNTHETIC_DIEGETIC,LOCKED_DERIVED_IMPLEMENTATION,2026-09-05,2026-11-30,2026-09-05
ARU_GROUP-2026-00825,ARU_GROUP,2026,11,WAREHOUSE,2000,Trade payables,0,169727,-169727,External suppliers under source cost index,OPEX-2026,NONCASH_OR_OPENING,MANAGEMENT_FORECAST,PUBLIC_SYNTHETIC_DIEGETIC,LOCKED_DERIVED_IMPLEMENTATION,2026-09-05,2026-11-30,2026-09-05
ARU_GROUP-2026-00826,ARU_GROUP,2026,11,WAREHOUSE,5900,Shared service allocation / recovery,24033,0,24033,Shared services allocated,ALLOC-2026,NONCASH_OR_OPENING,MANAGEMENT_FORECAST,PUBLIC_SYNTHETIC_DIEGETIC,LOCKED_DERIVED_IMPLEMENTATION,2026-09-05,2026-11-30,2026-09-05
ARU_GROUP-2026-00826,ARU_GROUP,2026,11,WAREHOUSE,2100,Operating accruals,0,24033,-24033,Shared services allocated,ALLOC-2026,NONCASH_OR_OPENING,MANAGEMENT_FORECAST,PUBLIC_SYNTHETIC_DIEGETIC,LOCKED_DERIVED_IMPLEMENTATION,2026-09-05,2026-11-30,2026-09-05
ARU_GROUP-2026-00827,ARU_GROUP,2026,11,ARU,2100,Operating accruals,24033,0,24033,Shared services recovered,ALLOC-2026,NONCASH_OR_OPENING,MANAGEMENT_FORECAST,PUBLIC_SYNTHETIC_DIEGETIC,LOCKED_DERIVED_IMPLEMENTATION,2026-09-05,2026-11-30,2026-09-05
ARU_GROUP-2026-00827,ARU_GROUP,2026,11,ARU,5900,Shared service allocation / recovery,0,24033,-24033,Shared services recovered,ALLOC-2026,NONCASH_OR_OPENING,MANAGEMENT_FORECAST,PUBLIC_SYNTHETIC_DIEGETIC,LOCKED_DERIVED_IMPLEMENTATION,2026-09-05,2026-11-30,2026-09-05
ARU_GROUP-2026-00828,ARU_GROUP,2026,11,ARU,5000,Payroll and employer burden,139814,0,139814,2026 loaded payroll under source cost index and unchanged census,PAYROLL-2026,NONCASH_OR_OPENING,MANAGEMENT_FORECAST,PUBLIC_SYNTHETIC_DIEGETIC,LOCKED_DERIVED_IMPLEMENTATION,2026-09-05,2026-11-30,2026-09-05
ARU_GROUP-2026-00828,ARU_GROUP,2026,11,ARU,2000,Trade payables,0,139814,-139814,2026 loaded payroll under source cost index and unchanged census,PAYROLL-2026,NONCASH_OR_OPENING,MANAGEMENT_FORECAST,PUBLIC_SYNTHETIC_DIEGETIC,LOCKED_DERIVED_IMPLEMENTATION,2026-09-05,2026-11-30,2026-09-05
ARU_GROUP-2026-00829,ARU_GROUP,2026,11,ARU,5100,External operating cost,47303,0,47303,External suppliers under source cost index,OPEX-2026,NONCASH_OR_OPENING,MANAGEMENT_FORECAST,PUBLIC_SYNTHETIC_DIEGETIC,LOCKED_DERIVED_IMPLEMENTATION,2026-09-05,2026-11-30,2026-09-05
ARU_GROUP-2026-00829,ARU_GROUP,2026,11,ARU,2000,Trade payables,0,47303,-47303,External suppliers under source cost index,OPEX-2026,NONCASH_OR_OPENING,MANAGEMENT_FORECAST,PUBLIC_SYNTHETIC_DIEGETIC,LOCKED_DERIVED_IMPLEMENTATION,2026-09-05,2026-11-30,2026-09-05
ARU_GROUP-2026-00830,ARU_GROUP,2026,11,ARU,1200,Inventory cash cost,4500,0,4500,Forecast working capital purchases,WC26-inventory,NONCASH_OR_OPENING,MANAGEMENT_FORECAST,PUBLIC_SYNTHETIC_DIEGETIC,LOCKED_DERIVED_IMPLEMENTATION,2026-09-05,2026-11-30,2026-09-05
ARU_GROUP-2026-00830,ARU_GROUP,2026,11,ARU,2000,Trade payables,0,4500,-4500,Forecast working capital purchases,WC26-inventory,NONCASH_OR_OPENING,MANAGEMENT_FORECAST,PUBLIC_SYNTHETIC_DIEGETIC,LOCKED_DERIVED_IMPLEMENTATION,2026-09-05,2026-11-30,2026-09-05
ARU_GROUP-2026-00831,ARU_GROUP,2026,11,ARU,1300,Prepaids,1750,0,1750,Forecast working capital purchases,WC26-prepaids,NONCASH_OR_OPENING,MANAGEMENT_FORECAST,PUBLIC_SYNTHETIC_DIEGETIC,LOCKED_DERIVED_IMPLEMENTATION,2026-09-05,2026-11-30,2026-09-05
ARU_GROUP-2026-00831,ARU_GROUP,2026,11,ARU,2000,Trade payables,0,1750,-1750,Forecast working capital purchases,WC26-prepaids,NONCASH_OR_OPENING,MANAGEMENT_FORECAST,PUBLIC_SYNTHETIC_DIEGETIC,LOCKED_DERIVED_IMPLEMENTATION,2026-09-05,2026-11-30,2026-09-05
ARU_GROUP-2026-00832,ARU_GROUP,2026,11,ARU,2000,Trade payables,2500,0,2500,Operating accrual growth,WC26-ACCRUAL,NONCASH_OR_OPENING,MANAGEMENT_FORECAST,PUBLIC_SYNTHETIC_DIEGETIC,LOCKED_DERIVED_IMPLEMENTATION,2026-09-05,2026-11-30,2026-09-05
ARU_GROUP-2026-00832,ARU_GROUP,2026,11,ARU,2100,Operating accruals,0,2500,-2500,Operating accrual growth,WC26-ACCRUAL,NONCASH_OR_OPENING,MANAGEMENT_FORECAST,PUBLIC_SYNTHETIC_DIEGETIC,LOCKED_DERIVED_IMPLEMENTATION,2026-09-05,2026-11-30,2026-09-05
ARU_GROUP-2026-00833,ARU_GROUP,2026,11,ARU,1100,"External receivables, net of allowance",0,3422467,-3422467,External invoice collections,AR26,OPERATING,MANAGEMENT_FORECAST,PUBLIC_SYNTHETIC_DIEGETIC,LOCKED_DERIVED_IMPLEMENTATION,2026-09-05,2026-11-30,2026-09-05
ARU_GROUP-2026-00833,ARU_GROUP,2026,11,ARU,1000,Cash,3422467,0,3422467,External invoice collections,AR26,OPERATING,MANAGEMENT_FORECAST,PUBLIC_SYNTHETIC_DIEGETIC,LOCKED_DERIVED_IMPLEMENTATION,2026-09-05,2026-11-30,2026-09-05
ARU_GROUP-2026-00834,ARU_GROUP,2026,11,ARU,2000,Trade payables,2760084,0,2760084,Payroll/supplier settlement,AP26,OPERATING,MANAGEMENT_FORECAST,PUBLIC_SYNTHETIC_DIEGETIC,LOCKED_DERIVED_IMPLEMENTATION,2026-09-05,2026-11-30,2026-09-05
ARU_GROUP-2026-00834,ARU_GROUP,2026,11,ARU,1000,Cash,0,2760084,-2760084,Payroll/supplier settlement,AP26,OPERATING,MANAGEMENT_FORECAST,PUBLIC_SYNTHETIC_DIEGETIC,LOCKED_DERIVED_IMPLEMENTATION,2026-09-05,2026-11-30,2026-09-05
ARU_GROUP-2026-00835,ARU_GROUP,2026,11,BST,1150,Intercompany receivable,4750,0,4750,Red Wash service invoice,IC-2026-11-acid-BST,NONCASH_OR_OPENING,MANAGEMENT_FORECAST,PUBLIC_SYNTHETIC_DIEGETIC,LOCKED_DERIVED_IMPLEMENTATION,2026-09-05,2026-11-30,2026-09-05
ARU_GROUP-2026-00835,ARU_GROUP,2026,11,BST,4100,Intercompany service revenue,0,4750,-4750,Red Wash service invoice,IC-2026-11-acid-BST,NONCASH_OR_OPENING,MANAGEMENT_FORECAST,PUBLIC_SYNTHETIC_DIEGETIC,LOCKED_DERIVED_IMPLEMENTATION,2026-09-05,2026-11-30,2026-09-05
ARU_GROUP-2026-00836,ARU_GROUP,2026,11,BST,5200,Incremental interface external operating cost,2050,0,2050,Interface physical cost-to-serve,IC-2026-11-acid-BST,OPERATING,MANAGEMENT_FORECAST,PUBLIC_SYNTHETIC_DIEGETIC,LOCKED_DERIVED_IMPLEMENTATION,2026-09-05,2026-11-30,2026-09-05
ARU_GROUP-2026-00836,ARU_GROUP,2026,11,BST,1000,Cash,0,2050,-2050,Interface physical cost-to-serve,IC-2026-11-acid-BST,OPERATING,MANAGEMENT_FORECAST,PUBLIC_SYNTHETIC_DIEGETIC,LOCKED_DERIVED_IMPLEMENTATION,2026-09-05,2026-11-30,2026-09-05
ARU_GROUP-2026-00837,ARU_GROUP,2026,11,TERMINALS,1150,Intercompany receivable,3500,0,3500,Red Wash service invoice,IC-2026-11-acid-TERMINALS,NONCASH_OR_OPENING,MANAGEMENT_FORECAST,PUBLIC_SYNTHETIC_DIEGETIC,LOCKED_DERIVED_IMPLEMENTATION,2026-09-05,2026-11-30,2026-09-05
ARU_GROUP-2026-00837,ARU_GROUP,2026,11,TERMINALS,4100,Intercompany service revenue,0,3500,-3500,Red Wash service invoice,IC-2026-11-acid-TERMINALS,NONCASH_OR_OPENING,MANAGEMENT_FORECAST,PUBLIC_SYNTHETIC_DIEGETIC,LOCKED_DERIVED_IMPLEMENTATION,2026-09-05,2026-11-30,2026-09-05
ARU_GROUP-2026-00838,ARU_GROUP,2026,11,TERMINALS,5200,Incremental interface external operating cost,1950,0,1950,Interface physical cost-to-serve,IC-2026-11-acid-TERMINALS,OPERATING,MANAGEMENT_FORECAST,PUBLIC_SYNTHETIC_DIEGETIC,LOCKED_DERIVED_IMPLEMENTATION,2026-09-05,2026-11-30,2026-09-05
ARU_GROUP-2026-00838,ARU_GROUP,2026,11,TERMINALS,1000,Cash,0,1950,-1950,Interface physical cost-to-serve,IC-2026-11-acid-TERMINALS,OPERATING,MANAGEMENT_FORECAST,PUBLIC_SYNTHETIC_DIEGETIC,LOCKED_DERIVED_IMPLEMENTATION,2026-09-05,2026-11-30,2026-09-05
ARU_GROUP-2026-00839,ARU_GROUP,2026,11,TRUCKING,1150,Intercompany receivable,6800,0,6800,Red Wash service invoice,IC-2026-11-acid-TRUCKING,NONCASH_OR_OPENING,MANAGEMENT_FORECAST,PUBLIC_SYNTHETIC_DIEGETIC,LOCKED_DERIVED_IMPLEMENTATION,2026-09-05,2026-11-30,2026-09-05
ARU_GROUP-2026-00839,ARU_GROUP,2026,11,TRUCKING,4100,Intercompany service revenue,0,6800,-6800,Red Wash service invoice,IC-2026-11-acid-TRUCKING,NONCASH_OR_OPENING,MANAGEMENT_FORECAST,PUBLIC_SYNTHETIC_DIEGETIC,LOCKED_DERIVED_IMPLEMENTATION,2026-09-05,2026-11-30,2026-09-05
ARU_GROUP-2026-00840,ARU_GROUP,2026,11,TRUCKING,5200,Incremental interface external operating cost,4600,0,4600,Interface physical cost-to-serve,IC-2026-11-acid-TRUCKING,OPERATING,MANAGEMENT_FORECAST,PUBLIC_SYNTHETIC_DIEGETIC,LOCKED_DERIVED_IMPLEMENTATION,2026-09-05,2026-11-30,2026-09-05
ARU_GROUP-2026-00840,ARU_GROUP,2026,11,TRUCKING,1000,Cash,0,4600,-4600,Interface physical cost-to-serve,IC-2026-11-acid-TRUCKING,OPERATING,MANAGEMENT_FORECAST,PUBLIC_SYNTHETIC_DIEGETIC,LOCKED_DERIVED_IMPLEMENTATION,2026-09-05,2026-11-30,2026-09-05
ARU_GROUP-2026-00841,ARU_GROUP,2026,11,BST,1150,Intercompany receivable,5100,0,5100,Red Wash service invoice,IC-2026-11-binder-BST,NONCASH_OR_OPENING,MANAGEMENT_FORECAST,PUBLIC_SYNTHETIC_DIEGETIC,LOCKED_DERIVED_IMPLEMENTATION,2026-09-05,2026-11-30,2026-09-05
ARU_GROUP-2026-00841,ARU_GROUP,2026,11,BST,4100,Intercompany service revenue,0,5100,-5100,Red Wash service invoice,IC-2026-11-binder-BST,NONCASH_OR_OPENING,MANAGEMENT_FORECAST,PUBLIC_SYNTHETIC_DIEGETIC,LOCKED_DERIVED_IMPLEMENTATION,2026-09-05,2026-11-30,2026-09-05
ARU_GROUP-2026-00842,ARU_GROUP,2026,11,BST,5200,Incremental interface external operating cost,2160,0,2160,Interface physical cost-to-serve,IC-2026-11-binder-BST,OPERATING,MANAGEMENT_FORECAST,PUBLIC_SYNTHETIC_DIEGETIC,LOCKED_DERIVED_IMPLEMENTATION,2026-09-05,2026-11-30,2026-09-05
ARU_GROUP-2026-00842,ARU_GROUP,2026,11,BST,1000,Cash,0,2160,-2160,Interface physical cost-to-serve,IC-2026-11-binder-BST,OPERATING,MANAGEMENT_FORECAST,PUBLIC_SYNTHETIC_DIEGETIC,LOCKED_DERIVED_IMPLEMENTATION,2026-09-05,2026-11-30,2026-09-05
ARU_GROUP-2026-00843,ARU_GROUP,2026,11,TERMINALS,1150,Intercompany receivable,2400,0,2400,Red Wash service invoice,IC-2026-11-binder-TERMINALS,NONCASH_OR_OPENING,MANAGEMENT_FORECAST,PUBLIC_SYNTHETIC_DIEGETIC,LOCKED_DERIVED_IMPLEMENTATION,2026-09-05,2026-11-30,2026-09-05
ARU_GROUP-2026-00843,ARU_GROUP,2026,11,TERMINALS,4100,Intercompany service revenue,0,2400,-2400,Red Wash service invoice,IC-2026-11-binder-TERMINALS,NONCASH_OR_OPENING,MANAGEMENT_FORECAST,PUBLIC_SYNTHETIC_DIEGETIC,LOCKED_DERIVED_IMPLEMENTATION,2026-09-05,2026-11-30,2026-09-05
ARU_GROUP-2026-00844,ARU_GROUP,2026,11,TERMINALS,5200,Incremental interface external operating cost,1380,0,1380,Interface physical cost-to-serve,IC-2026-11-binder-TERMINALS,OPERATING,MANAGEMENT_FORECAST,PUBLIC_SYNTHETIC_DIEGETIC,LOCKED_DERIVED_IMPLEMENTATION,2026-09-05,2026-11-30,2026-09-05
ARU_GROUP-2026-00844,ARU_GROUP,2026,11,TERMINALS,1000,Cash,0,1380,-1380,Interface physical cost-to-serve,IC-2026-11-binder-TERMINALS,OPERATING,MANAGEMENT_FORECAST,PUBLIC_SYNTHETIC_DIEGETIC,LOCKED_DERIVED_IMPLEMENTATION,2026-09-05,2026-11-30,2026-09-05
ARU_GROUP-2026-00845,ARU_GROUP,2026,11,TRUCKING,1150,Intercompany receivable,6840,0,6840,Red Wash service invoice,IC-2026-11-binder-TRUCKING,NONCASH_OR_OPENING,MANAGEMENT_FORECAST,PUBLIC_SYNTHETIC_DIEGETIC,LOCKED_DERIVED_IMPLEMENTATION,2026-09-05,2026-11-30,2026-09-05
ARU_GROUP-2026-00845,ARU_GROUP,2026,11,TRUCKING,4100,Intercompany service revenue,0,6840,-6840,Red Wash service invoice,IC-2026-11-binder-TRUCKING,NONCASH_OR_OPENING,MANAGEMENT_FORECAST,PUBLIC_SYNTHETIC_DIEGETIC,LOCKED_DERIVED_IMPLEMENTATION,2026-09-05,2026-11-30,2026-09-05
ARU_GROUP-2026-00846,ARU_GROUP,2026,11,TRUCKING,5200,Incremental interface external operating cost,4560,0,4560,Interface physical cost-to-serve,IC-2026-11-binder-TRUCKING,OPERATING,MANAGEMENT_FORECAST,PUBLIC_SYNTHETIC_DIEGETIC,LOCKED_DERIVED_IMPLEMENTATION,2026-09-05,2026-11-30,2026-09-05
ARU_GROUP-2026-00846,ARU_GROUP,2026,11,TRUCKING,1000,Cash,0,4560,-4560,Interface physical cost-to-serve,IC-2026-11-binder-TRUCKING,OPERATING,MANAGEMENT_FORECAST,PUBLIC_SYNTHETIC_DIEGETIC,LOCKED_DERIVED_IMPLEMENTATION,2026-09-05,2026-11-30,2026-09-05
ARU_GROUP-2026-00847,ARU_GROUP,2026,11,BST,1150,Intercompany receivable,850,0,850,Red Wash service invoice,IC-2026-11-lime-BST,NONCASH_OR_OPENING,MANAGEMENT_FORECAST,PUBLIC_SYNTHETIC_DIEGETIC,LOCKED_DERIVED_IMPLEMENTATION,2026-09-05,2026-11-30,2026-09-05
ARU_GROUP-2026-00847,ARU_GROUP,2026,11,BST,4100,Intercompany service revenue,0,850,-850,Red Wash service invoice,IC-2026-11-lime-BST,NONCASH_OR_OPENING,MANAGEMENT_FORECAST,PUBLIC_SYNTHETIC_DIEGETIC,LOCKED_DERIVED_IMPLEMENTATION,2026-09-05,2026-11-30,2026-09-05
ARU_GROUP-2026-00848,ARU_GROUP,2026,11,BST,5200,Incremental interface external operating cost,360,0,360,Interface physical cost-to-serve,IC-2026-11-lime-BST,OPERATING,MANAGEMENT_FORECAST,PUBLIC_SYNTHETIC_DIEGETIC,LOCKED_DERIVED_IMPLEMENTATION,2026-09-05,2026-11-30,2026-09-05
ARU_GROUP-2026-00848,ARU_GROUP,2026,11,BST,1000,Cash,0,360,-360,Interface physical cost-to-serve,IC-2026-11-lime-BST,OPERATING,MANAGEMENT_FORECAST,PUBLIC_SYNTHETIC_DIEGETIC,LOCKED_DERIVED_IMPLEMENTATION,2026-09-05,2026-11-30,2026-09-05
ARU_GROUP-2026-00849,ARU_GROUP,2026,11,TERMINALS,1150,Intercompany receivable,450,0,450,Red Wash service invoice,IC-2026-11-lime-TERMINALS,NONCASH_OR_OPENING,MANAGEMENT_FORECAST,PUBLIC_SYNTHETIC_DIEGETIC,LOCKED_DERIVED_IMPLEMENTATION,2026-09-05,2026-11-30,2026-09-05
ARU_GROUP-2026-00849,ARU_GROUP,2026,11,TERMINALS,4100,Intercompany service revenue,0,450,-450,Red Wash service invoice,IC-2026-11-lime-TERMINALS,NONCASH_OR_OPENING,MANAGEMENT_FORECAST,PUBLIC_SYNTHETIC_DIEGETIC,LOCKED_DERIVED_IMPLEMENTATION,2026-09-05,2026-11-30,2026-09-05
ARU_GROUP-2026-00850,ARU_GROUP,2026,11,TERMINALS,5200,Incremental interface external operating cost,250,0,250,Interface physical cost-to-serve,IC-2026-11-lime-TERMINALS,OPERATING,MANAGEMENT_FORECAST,PUBLIC_SYNTHETIC_DIEGETIC,LOCKED_DERIVED_IMPLEMENTATION,2026-09-05,2026-11-30,2026-09-05
ARU_GROUP-2026-00850,ARU_GROUP,2026,11,TERMINALS,1000,Cash,0,250,-250,Interface physical cost-to-serve,IC-2026-11-lime-TERMINALS,OPERATING,MANAGEMENT_FORECAST,PUBLIC_SYNTHETIC_DIEGETIC,LOCKED_DERIVED_IMPLEMENTATION,2026-09-05,2026-11-30,2026-09-05
ARU_GROUP-2026-00851,ARU_GROUP,2026,11,TRUCKING,1150,Intercompany receivable,1200,0,1200,Red Wash service invoice,IC-2026-11-lime-TRUCKING,NONCASH_OR_OPENING,MANAGEMENT_FORECAST,PUBLIC_SYNTHETIC_DIEGETIC,LOCKED_DERIVED_IMPLEMENTATION,2026-09-05,2026-11-30,2026-09-05
ARU_GROUP-2026-00851,ARU_GROUP,2026,11,TRUCKING,4100,Intercompany service revenue,0,1200,-1200,Red Wash service invoice,IC-2026-11-lime-TRUCKING,NONCASH_OR_OPENING,MANAGEMENT_FORECAST,PUBLIC_SYNTHETIC_DIEGETIC,LOCKED_DERIVED_IMPLEMENTATION,2026-09-05,2026-11-30,2026-09-05
ARU_GROUP-2026-00852,ARU_GROUP,2026,11,TRUCKING,5200,Incremental interface external operating cost,800,0,800,Interface physical cost-to-serve,IC-2026-11-lime-TRUCKING,OPERATING,MANAGEMENT_FORECAST,PUBLIC_SYNTHETIC_DIEGETIC,LOCKED_DERIVED_IMPLEMENTATION,2026-09-05,2026-11-30,2026-09-05
ARU_GROUP-2026-00852,ARU_GROUP,2026,11,TRUCKING,1000,Cash,0,800,-800,Interface physical cost-to-serve,IC-2026-11-lime-TRUCKING,OPERATING,MANAGEMENT_FORECAST,PUBLIC_SYNTHETIC_DIEGETIC,LOCKED_DERIVED_IMPLEMENTATION,2026-09-05,2026-11-30,2026-09-05
ARU_GROUP-2026-00853,ARU_GROUP,2026,11,BST,1150,Intercompany receivable,1900,0,1900,Red Wash service invoice,IC-2026-11-steel-BST,NONCASH_OR_OPENING,MANAGEMENT_FORECAST,PUBLIC_SYNTHETIC_DIEGETIC,LOCKED_DERIVED_IMPLEMENTATION,2026-09-05,2026-11-30,2026-09-05
ARU_GROUP-2026-00853,ARU_GROUP,2026,11,BST,4100,Intercompany service revenue,0,1900,-1900,Red Wash service invoice,IC-2026-11-steel-BST,NONCASH_OR_OPENING,MANAGEMENT_FORECAST,PUBLIC_SYNTHETIC_DIEGETIC,LOCKED_DERIVED_IMPLEMENTATION,2026-09-05,2026-11-30,2026-09-05
ARU_GROUP-2026-00854,ARU_GROUP,2026,11,BST,5200,Incremental interface external operating cost,860,0,860,Interface physical cost-to-serve,IC-2026-11-steel-BST,OPERATING,MANAGEMENT_FORECAST,PUBLIC_SYNTHETIC_DIEGETIC,LOCKED_DERIVED_IMPLEMENTATION,2026-09-05,2026-11-30,2026-09-05
ARU_GROUP-2026-00854,ARU_GROUP,2026,11,BST,1000,Cash,0,860,-860,Interface physical cost-to-serve,IC-2026-11-steel-BST,OPERATING,MANAGEMENT_FORECAST,PUBLIC_SYNTHETIC_DIEGETIC,LOCKED_DERIVED_IMPLEMENTATION,2026-09-05,2026-11-30,2026-09-05
ARU_GROUP-2026-00855,ARU_GROUP,2026,11,TERMINALS,1150,Intercompany receivable,1300,0,1300,Red Wash service invoice,IC-2026-11-steel-TERMINALS,NONCASH_OR_OPENING,MANAGEMENT_FORECAST,PUBLIC_SYNTHETIC_DIEGETIC,LOCKED_DERIVED_IMPLEMENTATION,2026-09-05,2026-11-30,2026-09-05
ARU_GROUP-2026-00855,ARU_GROUP,2026,11,TERMINALS,4100,Intercompany service revenue,0,1300,-1300,Red Wash service invoice,IC-2026-11-steel-TERMINALS,NONCASH_OR_OPENING,MANAGEMENT_FORECAST,PUBLIC_SYNTHETIC_DIEGETIC,LOCKED_DERIVED_IMPLEMENTATION,2026-09-05,2026-11-30,2026-09-05
ARU_GROUP-2026-00856,ARU_GROUP,2026,11,TERMINALS,5200,Incremental interface external operating cost,740,0,740,Interface physical cost-to-serve,IC-2026-11-steel-TERMINALS,OPERATING,MANAGEMENT_FORECAST,PUBLIC_SYNTHETIC_DIEGETIC,LOCKED_DERIVED_IMPLEMENTATION,2026-09-05,2026-11-30,2026-09-05
ARU_GROUP-2026-00856,ARU_GROUP,2026,11,TERMINALS,1000,Cash,0,740,-740,Interface physical cost-to-serve,IC-2026-11-steel-TERMINALS,OPERATING,MANAGEMENT_FORECAST,PUBLIC_SYNTHETIC_DIEGETIC,LOCKED_DERIVED_IMPLEMENTATION,2026-09-05,2026-11-30,2026-09-05
ARU_GROUP-2026-00857,ARU_GROUP,2026,11,TRUCKING,1150,Intercompany receivable,2250,0,2250,Red Wash service invoice,IC-2026-11-steel-TRUCKING,NONCASH_OR_OPENING,MANAGEMENT_FORECAST,PUBLIC_SYNTHETIC_DIEGETIC,LOCKED_DERIVED_IMPLEMENTATION,2026-09-05,2026-11-30,2026-09-05
ARU_GROUP-2026-00857,ARU_GROUP,2026,11,TRUCKING,4100,Intercompany service revenue,0,2250,-2250,Red Wash service invoice,IC-2026-11-steel-TRUCKING,NONCASH_OR_OPENING,MANAGEMENT_FORECAST,PUBLIC_SYNTHETIC_DIEGETIC,LOCKED_DERIVED_IMPLEMENTATION,2026-09-05,2026-11-30,2026-09-05
ARU_GROUP-2026-00858,ARU_GROUP,2026,11,TRUCKING,5200,Incremental interface external operating cost,1500,0,1500,Interface physical cost-to-serve,IC-2026-11-steel-TRUCKING,OPERATING,MANAGEMENT_FORECAST,PUBLIC_SYNTHETIC_DIEGETIC,LOCKED_DERIVED_IMPLEMENTATION,2026-09-05,2026-11-30,2026-09-05
ARU_GROUP-2026-00858,ARU_GROUP,2026,11,TRUCKING,1000,Cash,0,1500,-1500,Interface physical cost-to-serve,IC-2026-11-steel-TRUCKING,OPERATING,MANAGEMENT_FORECAST,PUBLIC_SYNTHETIC_DIEGETIC,LOCKED_DERIVED_IMPLEMENTATION,2026-09-05,2026-11-30,2026-09-05
ARU_GROUP-2026-00859,ARU_GROUP,2026,11,BST,1150,Intercompany receivable,1400,0,1400,Red Wash service invoice,IC-2026-11-project-BST,NONCASH_OR_OPENING,MANAGEMENT_FORECAST,PUBLIC_SYNTHETIC_DIEGETIC,LOCKED_DERIVED_IMPLEMENTATION,2026-09-05,2026-11-30,2026-09-05
ARU_GROUP-2026-00859,ARU_GROUP,2026,11,BST,4100,Intercompany service revenue,0,1400,-1400,Red Wash service invoice,IC-2026-11-project-BST,NONCASH_OR_OPENING,MANAGEMENT_FORECAST,PUBLIC_SYNTHETIC_DIEGETIC,LOCKED_DERIVED_IMPLEMENTATION,2026-09-05,2026-11-30,2026-09-05
ARU_GROUP-2026-00860,ARU_GROUP,2026,11,BST,5200,Incremental interface external operating cost,650,0,650,Interface physical cost-to-serve,IC-2026-11-project-BST,OPERATING,MANAGEMENT_FORECAST,PUBLIC_SYNTHETIC_DIEGETIC,LOCKED_DERIVED_IMPLEMENTATION,2026-09-05,2026-11-30,2026-09-05
ARU_GROUP-2026-00860,ARU_GROUP,2026,11,BST,1000,Cash,0,650,-650,Interface physical cost-to-serve,IC-2026-11-project-BST,OPERATING,MANAGEMENT_FORECAST,PUBLIC_SYNTHETIC_DIEGETIC,LOCKED_DERIVED_IMPLEMENTATION,2026-09-05,2026-11-30,2026-09-05
ARU_GROUP-2026-00861,ARU_GROUP,2026,11,TERMINALS,1150,Intercompany receivable,1400,0,1400,Red Wash service invoice,IC-2026-11-project-TERMINALS,NONCASH_OR_OPENING,MANAGEMENT_FORECAST,PUBLIC_SYNTHETIC_DIEGETIC,LOCKED_DERIVED_IMPLEMENTATION,2026-09-05,2026-11-30,2026-09-05
ARU_GROUP-2026-00861,ARU_GROUP,2026,11,TERMINALS,4100,Intercompany service revenue,0,1400,-1400,Red Wash service invoice,IC-2026-11-project-TERMINALS,NONCASH_OR_OPENING,MANAGEMENT_FORECAST,PUBLIC_SYNTHETIC_DIEGETIC,LOCKED_DERIVED_IMPLEMENTATION,2026-09-05,2026-11-30,2026-09-05
ARU_GROUP-2026-00862,ARU_GROUP,2026,11,TERMINALS,5200,Incremental interface external operating cost,800,0,800,Interface physical cost-to-serve,IC-2026-11-project-TERMINALS,OPERATING,MANAGEMENT_FORECAST,PUBLIC_SYNTHETIC_DIEGETIC,LOCKED_DERIVED_IMPLEMENTATION,2026-09-05,2026-11-30,2026-09-05
ARU_GROUP-2026-00862,ARU_GROUP,2026,11,TERMINALS,1000,Cash,0,800,-800,Interface physical cost-to-serve,IC-2026-11-project-TERMINALS,OPERATING,MANAGEMENT_FORECAST,PUBLIC_SYNTHETIC_DIEGETIC,LOCKED_DERIVED_IMPLEMENTATION,2026-09-05,2026-11-30,2026-09-05
ARU_GROUP-2026-00863,ARU_GROUP,2026,11,TRUCKING,1150,Intercompany receivable,1800,0,1800,Red Wash service invoice,IC-2026-11-project-TRUCKING,NONCASH_OR_OPENING,MANAGEMENT_FORECAST,PUBLIC_SYNTHETIC_DIEGETIC,LOCKED_DERIVED_IMPLEMENTATION,2026-09-05,2026-11-30,2026-09-05
ARU_GROUP-2026-00863,ARU_GROUP,2026,11,TRUCKING,4100,Intercompany service revenue,0,1800,-1800,Red Wash service invoice,IC-2026-11-project-TRUCKING,NONCASH_OR_OPENING,MANAGEMENT_FORECAST,PUBLIC_SYNTHETIC_DIEGETIC,LOCKED_DERIVED_IMPLEMENTATION,2026-09-05,2026-11-30,2026-09-05
ARU_GROUP-2026-00864,ARU_GROUP,2026,11,TRUCKING,5200,Incremental interface external operating cost,1300,0,1300,Interface physical cost-to-serve,IC-2026-11-project-TRUCKING,OPERATING,MANAGEMENT_FORECAST,PUBLIC_SYNTHETIC_DIEGETIC,LOCKED_DERIVED_IMPLEMENTATION,2026-09-05,2026-11-30,2026-09-05
ARU_GROUP-2026-00864,ARU_GROUP,2026,11,TRUCKING,1000,Cash,0,1300,-1300,Interface physical cost-to-serve,IC-2026-11-project-TRUCKING,OPERATING,MANAGEMENT_FORECAST,PUBLIC_SYNTHETIC_DIEGETIC,LOCKED_DERIVED_IMPLEMENTATION,2026-09-05,2026-11-30,2026-09-05
ARU_GROUP-2026-00865,ARU_GROUP,2026,11,ARU,1150,Intercompany receivable,0,31450,-31450,Prior-month Red Wash invoice settled,IC-PAYMENT,OPERATING,MANAGEMENT_FORECAST,PUBLIC_SYNTHETIC_DIEGETIC,LOCKED_DERIVED_IMPLEMENTATION,2026-09-05,2026-11-30,2026-09-05
ARU_GROUP-2026-00865,ARU_GROUP,2026,11,ARU,1000,Cash,31450,0,31450,Prior-month Red Wash invoice settled,IC-PAYMENT,OPERATING,MANAGEMENT_FORECAST,PUBLIC_SYNTHETIC_DIEGETIC,LOCKED_DERIVED_IMPLEMENTATION,2026-09-05,2026-11-30,2026-09-05
ARU_GROUP-2026-00866,ARU_GROUP,2026,11,BST,5200,Incremental interface external operating cost,1000,0,1000,Interface standby/insurance/maintenance/compliance,IC-FIXED,OPERATING,MANAGEMENT_FORECAST,PUBLIC_SYNTHETIC_DIEGETIC,LOCKED_DERIVED_IMPLEMENTATION,2026-09-05,2026-11-30,2026-09-05
ARU_GROUP-2026-00866,ARU_GROUP,2026,11,BST,1000,Cash,0,1000,-1000,Interface standby/insurance/maintenance/compliance,IC-FIXED,OPERATING,MANAGEMENT_FORECAST,PUBLIC_SYNTHETIC_DIEGETIC,LOCKED_DERIVED_IMPLEMENTATION,2026-09-05,2026-11-30,2026-09-05
ARU_GROUP-2026-00867,ARU_GROUP,2026,11,TERMINALS,5200,Incremental interface external operating cost,2000,0,2000,Interface standby/insurance/maintenance/compliance,IC-FIXED,OPERATING,MANAGEMENT_FORECAST,PUBLIC_SYNTHETIC_DIEGETIC,LOCKED_DERIVED_IMPLEMENTATION,2026-09-05,2026-11-30,2026-09-05
ARU_GROUP-2026-00867,ARU_GROUP,2026,11,TERMINALS,1000,Cash,0,2000,-2000,Interface standby/insurance/maintenance/compliance,IC-FIXED,OPERATING,MANAGEMENT_FORECAST,PUBLIC_SYNTHETIC_DIEGETIC,LOCKED_DERIVED_IMPLEMENTATION,2026-09-05,2026-11-30,2026-09-05
ARU_GROUP-2026-00868,ARU_GROUP,2026,11,TRUCKING,5200,Incremental interface external operating cost,1000,0,1000,Interface standby/insurance/maintenance/compliance,IC-FIXED,OPERATING,MANAGEMENT_FORECAST,PUBLIC_SYNTHETIC_DIEGETIC,LOCKED_DERIVED_IMPLEMENTATION,2026-09-05,2026-11-30,2026-09-05
ARU_GROUP-2026-00868,ARU_GROUP,2026,11,TRUCKING,1000,Cash,0,1000,-1000,Interface standby/insurance/maintenance/compliance,IC-FIXED,OPERATING,MANAGEMENT_FORECAST,PUBLIC_SYNTHETIC_DIEGETIC,LOCKED_DERIVED_IMPLEMENTATION,2026-09-05,2026-11-30,2026-09-05
ARU_GROUP-2026-00869,ARU_GROUP,2026,11,ARU,5700,Retention and seller consulting,41096,0,41096,Retention compensation accrued by service days,RETENTION-POOL,NONCASH_OR_OPENING,MANAGEMENT_FORECAST,PUBLIC_SYNTHETIC_DIEGETIC,LOCKED_DERIVED_IMPLEMENTATION,2026-09-05,2026-11-30,2026-09-05
ARU_GROUP-2026-00869,ARU_GROUP,2026,11,ARU,2110,Retention compensation payable,0,41096,-41096,Retention compensation accrued by service days,RETENTION-POOL,NONCASH_OR_OPENING,MANAGEMENT_FORECAST,PUBLIC_SYNTHETIC_DIEGETIC,LOCKED_DERIVED_IMPLEMENTATION,2026-09-05,2026-11-30,2026-09-05
ARU_GROUP-2026-00870,ARU_GROUP,2026,11,ARU,5400,Interest and financing fees,128126,0,128126,Term/lease interest and undrawn revolver fee,DEBT26,OPERATING,MANAGEMENT_FORECAST,PUBLIC_SYNTHETIC_DIEGETIC,LOCKED_DERIVED_IMPLEMENTATION,2026-09-05,2026-11-30,2026-09-05
ARU_GROUP-2026-00870,ARU_GROUP,2026,11,ARU,1000,Cash,0,128126,-128126,Term/lease interest and undrawn revolver fee,DEBT26,OPERATING,MANAGEMENT_FORECAST,PUBLIC_SYNTHETIC_DIEGETIC,LOCKED_DERIVED_IMPLEMENTATION,2026-09-05,2026-11-30,2026-09-05
ARU_GROUP-2026-00871,ARU_GROUP,2026,11,ARU,5400,Interest and financing fees,5000,0,5000,Debt issuance cost amortization,DEBT26-ISSUANCE,NONCASH_OR_OPENING,MANAGEMENT_FORECAST,PUBLIC_SYNTHETIC_DIEGETIC,LOCKED_DERIVED_IMPLEMENTATION,2026-09-05,2026-11-30,2026-09-05
ARU_GROUP-2026-00871,ARU_GROUP,2026,11,ARU,1700,"Debt issuance cost, contra term debt",0,5000,-5000,Debt issuance cost amortization,DEBT26-ISSUANCE,NONCASH_OR_OPENING,MANAGEMENT_FORECAST,PUBLIC_SYNTHETIC_DIEGETIC,LOCKED_DERIVED_IMPLEMENTATION,2026-09-05,2026-11-30,2026-09-05
ARU_GROUP-2026-00873,ARU_GROUP,2026,11,ARU,2600,Finance lease obligation,41096,0,41096,Finance lease principal,LEASE26,FINANCING,MANAGEMENT_FORECAST,PUBLIC_SYNTHETIC_DIEGETIC,LOCKED_DERIVED_IMPLEMENTATION,2026-09-05,2026-11-30,2026-09-05
ARU_GROUP-2026-00873,ARU_GROUP,2026,11,ARU,1000,Cash,0,41096,-41096,Finance lease principal,LEASE26,FINANCING,MANAGEMENT_FORECAST,PUBLIC_SYNTHETIC_DIEGETIC,LOCKED_DERIVED_IMPLEMENTATION,2026-09-05,2026-11-30,2026-09-05
ARU_GROUP-2026-00874,ARU_GROUP,2026,11,ARU,3000,Contributed equity,0,1100000,-1100000,Parent equity for catch-up and Phase 1 infrastructure,CAPITAL-FUNDING,FINANCING,MANAGEMENT_FORECAST,PUBLIC_SYNTHETIC_DIEGETIC,LOCKED_DERIVED_IMPLEMENTATION,2026-09-05,2026-11-30,2026-09-05
ARU_GROUP-2026-00874,ARU_GROUP,2026,11,ARU,1000,Cash,1100000,0,1100000,Parent equity for catch-up and Phase 1 infrastructure,CAPITAL-FUNDING,FINANCING,MANAGEMENT_FORECAST,PUBLIC_SYNTHETIC_DIEGETIC,LOCKED_DERIVED_IMPLEMENTATION,2026-09-05,2026-11-30,2026-09-05
ARU_GROUP-2026-00875,ARU_GROUP,2026,11,ARU,1400,PPE gross,1375000,0,1375000,Sustaining/catch-up/Phase 1 capital additions,CAPEX26,INVESTING,MANAGEMENT_FORECAST,PUBLIC_SYNTHETIC_DIEGETIC,LOCKED_DERIVED_IMPLEMENTATION,2026-09-05,2026-11-30,2026-09-05
ARU_GROUP-2026-00875,ARU_GROUP,2026,11,ARU,1000,Cash,0,1375000,-1375000,Sustaining/catch-up/Phase 1 capital additions,CAPEX26,INVESTING,MANAGEMENT_FORECAST,PUBLIC_SYNTHETIC_DIEGETIC,LOCKED_DERIVED_IMPLEMENTATION,2026-09-05,2026-11-30,2026-09-05
ARU_GROUP-2026-00876,ARU_GROUP,2026,11,ARU,5300,Depreciation in earnings,272395,0,272395,PPE depreciation and completed program assets,FIXED26,NONCASH_OR_OPENING,MANAGEMENT_FORECAST,PUBLIC_SYNTHETIC_DIEGETIC,LOCKED_DERIVED_IMPLEMENTATION,2026-09-05,2026-11-30,2026-09-05
ARU_GROUP-2026-00876,ARU_GROUP,2026,11,ARU,1490,Accumulated PPE depreciation,0,272395,-272395,PPE depreciation and completed program assets,FIXED26,NONCASH_OR_OPENING,MANAGEMENT_FORECAST,PUBLIC_SYNTHETIC_DIEGETIC,LOCKED_DERIVED_IMPLEMENTATION,2026-09-05,2026-11-30,2026-09-05
ARU_GROUP-2026-00877,ARU_GROUP,2026,11,ARU,5300,Depreciation in earnings,41096,0,41096,Retained finance lease ROU depreciation,LEASE26,NONCASH_OR_OPENING,MANAGEMENT_FORECAST,PUBLIC_SYNTHETIC_DIEGETIC,LOCKED_DERIVED_IMPLEMENTATION,2026-09-05,2026-11-30,2026-09-05
ARU_GROUP-2026-00877,ARU_GROUP,2026,11,ARU,1590,Accumulated finance lease ROU depreciation,0,41096,-41096,Retained finance lease ROU depreciation,LEASE26,NONCASH_OR_OPENING,MANAGEMENT_FORECAST,PUBLIC_SYNTHETIC_DIEGETIC,LOCKED_DERIVED_IMPLEMENTATION,2026-09-05,2026-11-30,2026-09-05
ARU_GROUP-2026-00878,ARU_GROUP,2026,11,ARU,5500,Modeled income tax,30669,0,30669,"Cumulative annual current tax, including tax-goodwill amortization",TAX26-CURRENT,NONCASH_OR_OPENING,MANAGEMENT_FORECAST,PUBLIC_SYNTHETIC_DIEGETIC,LOCKED_DERIVED_IMPLEMENTATION,2026-09-05,2026-11-30,2026-09-05
ARU_GROUP-2026-00878,ARU_GROUP,2026,11,ARU,2700,Current income tax payable / prepaid,0,30669,-30669,"Cumulative annual current tax, including tax-goodwill amortization",TAX26-CURRENT,NONCASH_OR_OPENING,MANAGEMENT_FORECAST,PUBLIC_SYNTHETIC_DIEGETIC,LOCKED_DERIVED_IMPLEMENTATION,2026-09-05,2026-11-30,2026-09-05
ARU_GROUP-2026-00879,ARU_GROUP,2026,11,ARU,5501,Deferred income tax expense,18055,0,18055,Deferred tax on section 197 goodwill tax/book basis difference,TAX26-DEFERRED,NONCASH_OR_OPENING,MANAGEMENT_FORECAST,PUBLIC_SYNTHETIC_DIEGETIC,LOCKED_DERIVED_IMPLEMENTATION,2026-09-05,2026-11-30,2026-09-05
ARU_GROUP-2026-00879,ARU_GROUP,2026,11,ARU,2250,Deferred tax liability on tax goodwill amortization,0,18055,-18055,Deferred tax on section 197 goodwill tax/book basis difference,TAX26-DEFERRED,NONCASH_OR_OPENING,MANAGEMENT_FORECAST,PUBLIC_SYNTHETIC_DIEGETIC,LOCKED_DERIVED_IMPLEMENTATION,2026-09-05,2026-11-30,2026-09-05
ARU_GROUP-2026-00882,ARU_GROUP,2026,12,BST,1100,"External receivables, net of allowance",268090,0,268090,External customer invoice under source price and volume indices,BST-2025-001,NONCASH_OR_OPENING,MANAGEMENT_FORECAST,PUBLIC_SYNTHETIC_DIEGETIC,LOCKED_DERIVED_IMPLEMENTATION,2026-09-05,2026-12-31,2026-09-05
ARU_GROUP-2026-00882,ARU_GROUP,2026,12,BST,4000,External revenue,0,268090,-268090,External customer invoice under source price and volume indices,BST-2025-001,NONCASH_OR_OPENING,MANAGEMENT_FORECAST,PUBLIC_SYNTHETIC_DIEGETIC,LOCKED_DERIVED_IMPLEMENTATION,2026-09-05,2026-12-31,2026-09-05
ARU_GROUP-2026-00883,ARU_GROUP,2026,12,BST,1100,"External receivables, net of allowance",115090,0,115090,External customer invoice under source price and volume indices,BST-2025-006,NONCASH_OR_OPENING,MANAGEMENT_FORECAST,PUBLIC_SYNTHETIC_DIEGETIC,LOCKED_DERIVED_IMPLEMENTATION,2026-09-05,2026-12-31,2026-09-05
ARU_GROUP-2026-00883,ARU_GROUP,2026,12,BST,4000,External revenue,0,115090,-115090,External customer invoice under source price and volume indices,BST-2025-006,NONCASH_OR_OPENING,MANAGEMENT_FORECAST,PUBLIC_SYNTHETIC_DIEGETIC,LOCKED_DERIVED_IMPLEMENTATION,2026-09-05,2026-12-31,2026-09-05
ARU_GROUP-2026-00884,ARU_GROUP,2026,12,BST,1100,"External receivables, net of allowance",199987,0,199987,External customer invoice under source price and volume indices,BST-2025-002,NONCASH_OR_OPENING,MANAGEMENT_FORECAST,PUBLIC_SYNTHETIC_DIEGETIC,LOCKED_DERIVED_IMPLEMENTATION,2026-09-05,2026-12-31,2026-09-05
ARU_GROUP-2026-00884,ARU_GROUP,2026,12,BST,4000,External revenue,0,199987,-199987,External customer invoice under source price and volume indices,BST-2025-002,NONCASH_OR_OPENING,MANAGEMENT_FORECAST,PUBLIC_SYNTHETIC_DIEGETIC,LOCKED_DERIVED_IMPLEMENTATION,2026-09-05,2026-12-31,2026-09-05
ARU_GROUP-2026-00885,ARU_GROUP,2026,12,BST,1100,"External receivables, net of allowance",90184,0,90184,External customer invoice under source price and volume indices,BST-2025-007,NONCASH_OR_OPENING,MANAGEMENT_FORECAST,PUBLIC_SYNTHETIC_DIEGETIC,LOCKED_DERIVED_IMPLEMENTATION,2026-09-05,2026-12-31,2026-09-05
ARU_GROUP-2026-00885,ARU_GROUP,2026,12,BST,4000,External revenue,0,90184,-90184,External customer invoice under source price and volume indices,BST-2025-007,NONCASH_OR_OPENING,MANAGEMENT_FORECAST,PUBLIC_SYNTHETIC_DIEGETIC,LOCKED_DERIVED_IMPLEMENTATION,2026-09-05,2026-12-31,2026-09-05
ARU_GROUP-2026-00886,ARU_GROUP,2026,12,BST,1100,"External receivables, net of allowance",103699,0,103699,External customer invoice under source price and volume indices,BST-2025-004,NONCASH_OR_OPENING,MANAGEMENT_FORECAST,PUBLIC_SYNTHETIC_DIEGETIC,LOCKED_DERIVED_IMPLEMENTATION,2026-09-05,2026-12-31,2026-09-05
ARU_GROUP-2026-00886,ARU_GROUP,2026,12,BST,4000,External revenue,0,103699,-103699,External customer invoice under source price and volume indices,BST-2025-004,NONCASH_OR_OPENING,MANAGEMENT_FORECAST,PUBLIC_SYNTHETIC_DIEGETIC,LOCKED_DERIVED_IMPLEMENTATION,2026-09-05,2026-12-31,2026-09-05
ARU_GROUP-2026-00887,ARU_GROUP,2026,12,BST,1100,"External receivables, net of allowance",52275,0,52275,External customer invoice under source price and volume indices,BST-2025-008,NONCASH_OR_OPENING,MANAGEMENT_FORECAST,PUBLIC_SYNTHETIC_DIEGETIC,LOCKED_DERIVED_IMPLEMENTATION,2026-09-05,2026-12-31,2026-09-05
ARU_GROUP-2026-00887,ARU_GROUP,2026,12,BST,4000,External revenue,0,52275,-52275,External customer invoice under source price and volume indices,BST-2025-008,NONCASH_OR_OPENING,MANAGEMENT_FORECAST,PUBLIC_SYNTHETIC_DIEGETIC,LOCKED_DERIVED_IMPLEMENTATION,2026-09-05,2026-12-31,2026-09-05
ARU_GROUP-2026-00888,ARU_GROUP,2026,12,BST,1100,"External receivables, net of allowance",122706,0,122706,External customer invoice under source price and volume indices,BST-2025-003,NONCASH_OR_OPENING,MANAGEMENT_FORECAST,PUBLIC_SYNTHETIC_DIEGETIC,LOCKED_DERIVED_IMPLEMENTATION,2026-09-05,2026-12-31,2026-09-05
ARU_GROUP-2026-00888,ARU_GROUP,2026,12,BST,4000,External revenue,0,122706,-122706,External customer invoice under source price and volume indices,BST-2025-003,NONCASH_OR_OPENING,MANAGEMENT_FORECAST,PUBLIC_SYNTHETIC_DIEGETIC,LOCKED_DERIVED_IMPLEMENTATION,2026-09-05,2026-12-31,2026-09-05
ARU_GROUP-2026-00889,ARU_GROUP,2026,12,BST,1100,"External receivables, net of allowance",64327,0,64327,External customer invoice under source price and volume indices,BST-2025-009,NONCASH_OR_OPENING,MANAGEMENT_FORECAST,PUBLIC_SYNTHETIC_DIEGETIC,LOCKED_DERIVED_IMPLEMENTATION,2026-09-05,2026-12-31,2026-09-05
ARU_GROUP-2026-00889,ARU_GROUP,2026,12,BST,4000,External revenue,0,64327,-64327,External customer invoice under source price and volume indices,BST-2025-009,NONCASH_OR_OPENING,MANAGEMENT_FORECAST,PUBLIC_SYNTHETIC_DIEGETIC,LOCKED_DERIVED_IMPLEMENTATION,2026-09-05,2026-12-31,2026-09-05
ARU_GROUP-2026-00890,ARU_GROUP,2026,12,BST,1100,"External receivables, net of allowance",59839,0,59839,External customer invoice under source price and volume indices,BST-2025-010,NONCASH_OR_OPENING,MANAGEMENT_FORECAST,PUBLIC_SYNTHETIC_DIEGETIC,LOCKED_DERIVED_IMPLEMENTATION,2026-09-05,2026-12-31,2026-09-05
ARU_GROUP-2026-00890,ARU_GROUP,2026,12,BST,4000,External revenue,0,59839,-59839,External customer invoice under source price and volume indices,BST-2025-010,NONCASH_OR_OPENING,MANAGEMENT_FORECAST,PUBLIC_SYNTHETIC_DIEGETIC,LOCKED_DERIVED_IMPLEMENTATION,2026-09-05,2026-12-31,2026-09-05
ARU_GROUP-2026-00891,ARU_GROUP,2026,12,BST,1100,"External receivables, net of allowance",32470,0,32470,External customer invoice under source price and volume indices,BST-2025-011,NONCASH_OR_OPENING,MANAGEMENT_FORECAST,PUBLIC_SYNTHETIC_DIEGETIC,LOCKED_DERIVED_IMPLEMENTATION,2026-09-05,2026-12-31,2026-09-05
ARU_GROUP-2026-00891,ARU_GROUP,2026,12,BST,4000,External revenue,0,32470,-32470,External customer invoice under source price and volume indices,BST-2025-011,NONCASH_OR_OPENING,MANAGEMENT_FORECAST,PUBLIC_SYNTHETIC_DIEGETIC,LOCKED_DERIVED_IMPLEMENTATION,2026-09-05,2026-12-31,2026-09-05
ARU_GROUP-2026-00892,ARU_GROUP,2026,12,BST,1100,"External receivables, net of allowance",98620,0,98620,External customer invoice under source price and volume indices,BST-2025-012,NONCASH_OR_OPENING,MANAGEMENT_FORECAST,PUBLIC_SYNTHETIC_DIEGETIC,LOCKED_DERIVED_IMPLEMENTATION,2026-09-05,2026-12-31,2026-09-05
ARU_GROUP-2026-00892,ARU_GROUP,2026,12,BST,4000,External revenue,0,98620,-98620,External customer invoice under source price and volume indices,BST-2025-012,NONCASH_OR_OPENING,MANAGEMENT_FORECAST,PUBLIC_SYNTHETIC_DIEGETIC,LOCKED_DERIVED_IMPLEMENTATION,2026-09-05,2026-12-31,2026-09-05
ARU_GROUP-2026-00893,ARU_GROUP,2026,12,BST,1100,"External receivables, net of allowance",62780,0,62780,External customer invoice under source price and volume indices,BST-2025-013,NONCASH_OR_OPENING,MANAGEMENT_FORECAST,PUBLIC_SYNTHETIC_DIEGETIC,LOCKED_DERIVED_IMPLEMENTATION,2026-09-05,2026-12-31,2026-09-05
ARU_GROUP-2026-00893,ARU_GROUP,2026,12,BST,4000,External revenue,0,62780,-62780,External customer invoice under source price and volume indices,BST-2025-013,NONCASH_OR_OPENING,MANAGEMENT_FORECAST,PUBLIC_SYNTHETIC_DIEGETIC,LOCKED_DERIVED_IMPLEMENTATION,2026-09-05,2026-12-31,2026-09-05
ARU_GROUP-2026-00894,ARU_GROUP,2026,12,TERMINALS,1100,"External receivables, net of allowance",109752,0,109752,External customer invoice under source price and volume indices,TRM-2025-001,NONCASH_OR_OPENING,MANAGEMENT_FORECAST,PUBLIC_SYNTHETIC_DIEGETIC,LOCKED_DERIVED_IMPLEMENTATION,2026-09-05,2026-12-31,2026-09-05
ARU_GROUP-2026-00894,ARU_GROUP,2026,12,TERMINALS,4000,External revenue,0,109752,-109752,External customer invoice under source price and volume indices,TRM-2025-001,NONCASH_OR_OPENING,MANAGEMENT_FORECAST,PUBLIC_SYNTHETIC_DIEGETIC,LOCKED_DERIVED_IMPLEMENTATION,2026-09-05,2026-12-31,2026-09-05
ARU_GROUP-2026-00895,ARU_GROUP,2026,12,TERMINALS,1100,"External receivables, net of allowance",106692,0,106692,External customer invoice under source price and volume indices,TRM-2025-002,NONCASH_OR_OPENING,MANAGEMENT_FORECAST,PUBLIC_SYNTHETIC_DIEGETIC,LOCKED_DERIVED_IMPLEMENTATION,2026-09-05,2026-12-31,2026-09-05
ARU_GROUP-2026-00895,ARU_GROUP,2026,12,TERMINALS,4000,External revenue,0,106692,-106692,External customer invoice under source price and volume indices,TRM-2025-002,NONCASH_OR_OPENING,MANAGEMENT_FORECAST,PUBLIC_SYNTHETIC_DIEGETIC,LOCKED_DERIVED_IMPLEMENTATION,2026-09-05,2026-12-31,2026-09-05
ARU_GROUP-2026-00896,ARU_GROUP,2026,12,TERMINALS,1100,"External receivables, net of allowance",147084,0,147084,External customer invoice under source price and volume indices,TRM-2025-003,NONCASH_OR_OPENING,MANAGEMENT_FORECAST,PUBLIC_SYNTHETIC_DIEGETIC,LOCKED_DERIVED_IMPLEMENTATION,2026-09-05,2026-12-31,2026-09-05
ARU_GROUP-2026-00896,ARU_GROUP,2026,12,TERMINALS,4000,External revenue,0,147084,-147084,External customer invoice under source price and volume indices,TRM-2025-003,NONCASH_OR_OPENING,MANAGEMENT_FORECAST,PUBLIC_SYNTHETIC_DIEGETIC,LOCKED_DERIVED_IMPLEMENTATION,2026-09-05,2026-12-31,2026-09-05
ARU_GROUP-2026-00897,ARU_GROUP,2026,12,TERMINALS,1100,"External receivables, net of allowance",146880,0,146880,External customer invoice under source price and volume indices,TRM-2025-014,NONCASH_OR_OPENING,MANAGEMENT_FORECAST,PUBLIC_SYNTHETIC_DIEGETIC,LOCKED_DERIVED_IMPLEMENTATION,2026-09-05,2026-12-31,2026-09-05
ARU_GROUP-2026-00897,ARU_GROUP,2026,12,TERMINALS,4000,External revenue,0,146880,-146880,External customer invoice under source price and volume indices,TRM-2025-014,NONCASH_OR_OPENING,MANAGEMENT_FORECAST,PUBLIC_SYNTHETIC_DIEGETIC,LOCKED_DERIVED_IMPLEMENTATION,2026-09-05,2026-12-31,2026-09-05
ARU_GROUP-2026-00898,ARU_GROUP,2026,12,TERMINALS,1100,"External receivables, net of allowance",144840,0,144840,External customer invoice under source price and volume indices,TRM-2025-015,NONCASH_OR_OPENING,MANAGEMENT_FORECAST,PUBLIC_SYNTHETIC_DIEGETIC,LOCKED_DERIVED_IMPLEMENTATION,2026-09-05,2026-12-31,2026-09-05
ARU_GROUP-2026-00898,ARU_GROUP,2026,12,TERMINALS,4000,External revenue,0,144840,-144840,External customer invoice under source price and volume indices,TRM-2025-015,NONCASH_OR_OPENING,MANAGEMENT_FORECAST,PUBLIC_SYNTHETIC_DIEGETIC,LOCKED_DERIVED_IMPLEMENTATION,2026-09-05,2026-12-31,2026-09-05
ARU_GROUP-2026-00899,ARU_GROUP,2026,12,TERMINALS,1100,"External receivables, net of allowance",140352,0,140352,External customer invoice under source price and volume indices,TRM-2025-016,NONCASH_OR_OPENING,MANAGEMENT_FORECAST,PUBLIC_SYNTHETIC_DIEGETIC,LOCKED_DERIVED_IMPLEMENTATION,2026-09-05,2026-12-31,2026-09-05
ARU_GROUP-2026-00899,ARU_GROUP,2026,12,TERMINALS,4000,External revenue,0,140352,-140352,External customer invoice under source price and volume indices,TRM-2025-016,NONCASH_OR_OPENING,MANAGEMENT_FORECAST,PUBLIC_SYNTHETIC_DIEGETIC,LOCKED_DERIVED_IMPLEMENTATION,2026-09-05,2026-12-31,2026-09-05
ARU_GROUP-2026-00900,ARU_GROUP,2026,12,TERMINALS,1100,"External receivables, net of allowance",134640,0,134640,External customer invoice under source price and volume indices,TRM-2025-017,NONCASH_OR_OPENING,MANAGEMENT_FORECAST,PUBLIC_SYNTHETIC_DIEGETIC,LOCKED_DERIVED_IMPLEMENTATION,2026-09-05,2026-12-31,2026-09-05
ARU_GROUP-2026-00900,ARU_GROUP,2026,12,TERMINALS,4000,External revenue,0,134640,-134640,External customer invoice under source price and volume indices,TRM-2025-017,NONCASH_OR_OPENING,MANAGEMENT_FORECAST,PUBLIC_SYNTHETIC_DIEGETIC,LOCKED_DERIVED_IMPLEMENTATION,2026-09-05,2026-12-31,2026-09-05
ARU_GROUP-2026-00901,ARU_GROUP,2026,12,TERMINALS,1100,"External receivables, net of allowance",130560,0,130560,External customer invoice under source price and volume indices,TRM-2025-018,NONCASH_OR_OPENING,MANAGEMENT_FORECAST,PUBLIC_SYNTHETIC_DIEGETIC,LOCKED_DERIVED_IMPLEMENTATION,2026-09-05,2026-12-31,2026-09-05
ARU_GROUP-2026-00901,ARU_GROUP,2026,12,TERMINALS,4000,External revenue,0,130560,-130560,External customer invoice under source price and volume indices,TRM-2025-018,NONCASH_OR_OPENING,MANAGEMENT_FORECAST,PUBLIC_SYNTHETIC_DIEGETIC,LOCKED_DERIVED_IMPLEMENTATION,2026-09-05,2026-12-31,2026-09-05
ARU_GROUP-2026-00902,ARU_GROUP,2026,12,TRUCKING,1100,"External receivables, net of allowance",117300,0,117300,External customer invoice under source price and volume indices,TRK-2025-004,NONCASH_OR_OPENING,MANAGEMENT_FORECAST,PUBLIC_SYNTHETIC_DIEGETIC,LOCKED_DERIVED_IMPLEMENTATION,2026-09-05,2026-12-31,2026-09-05
ARU_GROUP-2026-00902,ARU_GROUP,2026,12,TRUCKING,4000,External revenue,0,117300,-117300,External customer invoice under source price and volume indices,TRK-2025-004,NONCASH_OR_OPENING,MANAGEMENT_FORECAST,PUBLIC_SYNTHETIC_DIEGETIC,LOCKED_DERIVED_IMPLEMENTATION,2026-09-05,2026-12-31,2026-09-05
ARU_GROUP-2026-00903,ARU_GROUP,2026,12,TRUCKING,1100,"External receivables, net of allowance",132600,0,132600,External customer invoice under source price and volume indices,TRK-2025-019,NONCASH_OR_OPENING,MANAGEMENT_FORECAST,PUBLIC_SYNTHETIC_DIEGETIC,LOCKED_DERIVED_IMPLEMENTATION,2026-09-05,2026-12-31,2026-09-05
ARU_GROUP-2026-00903,ARU_GROUP,2026,12,TRUCKING,4000,External revenue,0,132600,-132600,External customer invoice under source price and volume indices,TRK-2025-019,NONCASH_OR_OPENING,MANAGEMENT_FORECAST,PUBLIC_SYNTHETIC_DIEGETIC,LOCKED_DERIVED_IMPLEMENTATION,2026-09-05,2026-12-31,2026-09-05
ARU_GROUP-2026-00904,ARU_GROUP,2026,12,TRUCKING,1100,"External receivables, net of allowance",126990,0,126990,External customer invoice under source price and volume indices,TRK-2025-020,NONCASH_OR_OPENING,MANAGEMENT_FORECAST,PUBLIC_SYNTHETIC_DIEGETIC,LOCKED_DERIVED_IMPLEMENTATION,2026-09-05,2026-12-31,2026-09-05
ARU_GROUP-2026-00904,ARU_GROUP,2026,12,TRUCKING,4000,External revenue,0,126990,-126990,External customer invoice under source price and volume indices,TRK-2025-020,NONCASH_OR_OPENING,MANAGEMENT_FORECAST,PUBLIC_SYNTHETIC_DIEGETIC,LOCKED_DERIVED_IMPLEMENTATION,2026-09-05,2026-12-31,2026-09-05
ARU_GROUP-2026-00905,ARU_GROUP,2026,12,TRUCKING,1100,"External receivables, net of allowance",120870,0,120870,External customer invoice under source price and volume indices,TRK-2025-021,NONCASH_OR_OPENING,MANAGEMENT_FORECAST,PUBLIC_SYNTHETIC_DIEGETIC,LOCKED_DERIVED_IMPLEMENTATION,2026-09-05,2026-12-31,2026-09-05
ARU_GROUP-2026-00905,ARU_GROUP,2026,12,TRUCKING,4000,External revenue,0,120870,-120870,External customer invoice under source price and volume indices,TRK-2025-021,NONCASH_OR_OPENING,MANAGEMENT_FORECAST,PUBLIC_SYNTHETIC_DIEGETIC,LOCKED_DERIVED_IMPLEMENTATION,2026-09-05,2026-12-31,2026-09-05
ARU_GROUP-2026-00906,ARU_GROUP,2026,12,TRUCKING,1100,"External receivables, net of allowance",114240,0,114240,External customer invoice under source price and volume indices,TRK-2025-022,NONCASH_OR_OPENING,MANAGEMENT_FORECAST,PUBLIC_SYNTHETIC_DIEGETIC,LOCKED_DERIVED_IMPLEMENTATION,2026-09-05,2026-12-31,2026-09-05
ARU_GROUP-2026-00906,ARU_GROUP,2026,12,TRUCKING,4000,External revenue,0,114240,-114240,External customer invoice under source price and volume indices,TRK-2025-022,NONCASH_OR_OPENING,MANAGEMENT_FORECAST,PUBLIC_SYNTHETIC_DIEGETIC,LOCKED_DERIVED_IMPLEMENTATION,2026-09-05,2026-12-31,2026-09-05
ARU_GROUP-2026-00907,ARU_GROUP,2026,12,WAREHOUSE,1100,"External receivables, net of allowance",198288,0,198288,External customer invoice under source price and volume indices,WHS-2025-005,NONCASH_OR_OPENING,MANAGEMENT_FORECAST,PUBLIC_SYNTHETIC_DIEGETIC,LOCKED_DERIVED_IMPLEMENTATION,2026-09-05,2026-12-31,2026-09-05
ARU_GROUP-2026-00907,ARU_GROUP,2026,12,WAREHOUSE,4000,External revenue,0,198288,-198288,External customer invoice under source price and volume indices,WHS-2025-005,NONCASH_OR_OPENING,MANAGEMENT_FORECAST,PUBLIC_SYNTHETIC_DIEGETIC,LOCKED_DERIVED_IMPLEMENTATION,2026-09-05,2026-12-31,2026-09-05
ARU_GROUP-2026-00908,ARU_GROUP,2026,12,WAREHOUSE,1100,"External receivables, net of allowance",105264,0,105264,External customer invoice under source price and volume indices,WHS-2025-023,NONCASH_OR_OPENING,MANAGEMENT_FORECAST,PUBLIC_SYNTHETIC_DIEGETIC,LOCKED_DERIVED_IMPLEMENTATION,2026-09-05,2026-12-31,2026-09-05
ARU_GROUP-2026-00908,ARU_GROUP,2026,12,WAREHOUSE,4000,External revenue,0,105264,-105264,External customer invoice under source price and volume indices,WHS-2025-023,NONCASH_OR_OPENING,MANAGEMENT_FORECAST,PUBLIC_SYNTHETIC_DIEGETIC,LOCKED_DERIVED_IMPLEMENTATION,2026-09-05,2026-12-31,2026-09-05
ARU_GROUP-2026-00909,ARU_GROUP,2026,12,WAREHOUSE,1100,"External receivables, net of allowance",97920,0,97920,External customer invoice under source price and volume indices,WHS-2025-024,NONCASH_OR_OPENING,MANAGEMENT_FORECAST,PUBLIC_SYNTHETIC_DIEGETIC,LOCKED_DERIVED_IMPLEMENTATION,2026-09-05,2026-12-31,2026-09-05
ARU_GROUP-2026-00909,ARU_GROUP,2026,12,WAREHOUSE,4000,External revenue,0,97920,-97920,External customer invoice under source price and volume indices,WHS-2025-024,NONCASH_OR_OPENING,MANAGEMENT_FORECAST,PUBLIC_SYNTHETIC_DIEGETIC,LOCKED_DERIVED_IMPLEMENTATION,2026-09-05,2026-12-31,2026-09-05
ARU_GROUP-2026-00910,ARU_GROUP,2026,12,WAREHOUSE,1100,"External receivables, net of allowance",88128,0,88128,External customer invoice under source price and volume indices,WHS-2025-025,NONCASH_OR_OPENING,MANAGEMENT_FORECAST,PUBLIC_SYNTHETIC_DIEGETIC,LOCKED_DERIVED_IMPLEMENTATION,2026-09-05,2026-12-31,2026-09-05
ARU_GROUP-2026-00910,ARU_GROUP,2026,12,WAREHOUSE,4000,External revenue,0,88128,-88128,External customer invoice under source price and volume indices,WHS-2025-025,NONCASH_OR_OPENING,MANAGEMENT_FORECAST,PUBLIC_SYNTHETIC_DIEGETIC,LOCKED_DERIVED_IMPLEMENTATION,2026-09-05,2026-12-31,2026-09-05
ARU_GROUP-2026-00911,ARU_GROUP,2026,12,BST,5000,Payroll and employer burden,501121,0,501121,2026 loaded payroll under source cost index and unchanged census,PAYROLL-2026,NONCASH_OR_OPENING,MANAGEMENT_FORECAST,PUBLIC_SYNTHETIC_DIEGETIC,LOCKED_DERIVED_IMPLEMENTATION,2026-09-05,2026-12-31,2026-09-05
ARU_GROUP-2026-00911,ARU_GROUP,2026,12,BST,2000,Trade payables,0,501121,-501121,2026 loaded payroll under source cost index and unchanged census,PAYROLL-2026,NONCASH_OR_OPENING,MANAGEMENT_FORECAST,PUBLIC_SYNTHETIC_DIEGETIC,LOCKED_DERIVED_IMPLEMENTATION,2026-09-05,2026-12-31,2026-09-05
ARU_GROUP-2026-00912,ARU_GROUP,2026,12,BST,5100,External operating cost,629304,0,629304,External suppliers under source cost index,OPEX-2026,NONCASH_OR_OPENING,MANAGEMENT_FORECAST,PUBLIC_SYNTHETIC_DIEGETIC,LOCKED_DERIVED_IMPLEMENTATION,2026-09-05,2026-12-31,2026-09-05
ARU_GROUP-2026-00912,ARU_GROUP,2026,12,BST,2000,Trade payables,0,629304,-629304,External suppliers under source cost index,OPEX-2026,NONCASH_OR_OPENING,MANAGEMENT_FORECAST,PUBLIC_SYNTHETIC_DIEGETIC,LOCKED_DERIVED_IMPLEMENTATION,2026-09-05,2026-12-31,2026-09-05
ARU_GROUP-2026-00913,ARU_GROUP,2026,12,BST,5900,Shared service allocation / recovery,71242,0,71242,Shared services allocated,ALLOC-2026,NONCASH_OR_OPENING,MANAGEMENT_FORECAST,PUBLIC_SYNTHETIC_DIEGETIC,LOCKED_DERIVED_IMPLEMENTATION,2026-09-05,2026-12-31,2026-09-05
ARU_GROUP-2026-00913,ARU_GROUP,2026,12,BST,2100,Operating accruals,0,71242,-71242,Shared services allocated,ALLOC-2026,NONCASH_OR_OPENING,MANAGEMENT_FORECAST,PUBLIC_SYNTHETIC_DIEGETIC,LOCKED_DERIVED_IMPLEMENTATION,2026-09-05,2026-12-31,2026-09-05
ARU_GROUP-2026-00914,ARU_GROUP,2026,12,ARU,2100,Operating accruals,71242,0,71242,Shared services recovered,ALLOC-2026,NONCASH_OR_OPENING,MANAGEMENT_FORECAST,PUBLIC_SYNTHETIC_DIEGETIC,LOCKED_DERIVED_IMPLEMENTATION,2026-09-05,2026-12-31,2026-09-05
ARU_GROUP-2026-00914,ARU_GROUP,2026,12,ARU,5900,Shared service allocation / recovery,0,71242,-71242,Shared services recovered,ALLOC-2026,NONCASH_OR_OPENING,MANAGEMENT_FORECAST,PUBLIC_SYNTHETIC_DIEGETIC,LOCKED_DERIVED_IMPLEMENTATION,2026-09-05,2026-12-31,2026-09-05
ARU_GROUP-2026-00915,ARU_GROUP,2026,12,TERMINALS,5000,Payroll and employer burden,194936,0,194936,2026 loaded payroll under source cost index and unchanged census,PAYROLL-2026,NONCASH_OR_OPENING,MANAGEMENT_FORECAST,PUBLIC_SYNTHETIC_DIEGETIC,LOCKED_DERIVED_IMPLEMENTATION,2026-09-05,2026-12-31,2026-09-05
ARU_GROUP-2026-00915,ARU_GROUP,2026,12,TERMINALS,2000,Trade payables,0,194936,-194936,2026 loaded payroll under source cost index and unchanged census,PAYROLL-2026,NONCASH_OR_OPENING,MANAGEMENT_FORECAST,PUBLIC_SYNTHETIC_DIEGETIC,LOCKED_DERIVED_IMPLEMENTATION,2026-09-05,2026-12-31,2026-09-05
ARU_GROUP-2026-00916,ARU_GROUP,2026,12,TERMINALS,5100,External operating cost,504606,0,504606,External suppliers under source cost index,OPEX-2026,NONCASH_OR_OPENING,MANAGEMENT_FORECAST,PUBLIC_SYNTHETIC_DIEGETIC,LOCKED_DERIVED_IMPLEMENTATION,2026-09-05,2026-12-31,2026-09-05
ARU_GROUP-2026-00916,ARU_GROUP,2026,12,TERMINALS,2000,Trade payables,0,504606,-504606,External suppliers under source cost index,OPEX-2026,NONCASH_OR_OPENING,MANAGEMENT_FORECAST,PUBLIC_SYNTHETIC_DIEGETIC,LOCKED_DERIVED_IMPLEMENTATION,2026-09-05,2026-12-31,2026-09-05
ARU_GROUP-2026-00917,ARU_GROUP,2026,12,TERMINALS,5900,Shared service allocation / recovery,47208,0,47208,Shared services allocated,ALLOC-2026,NONCASH_OR_OPENING,MANAGEMENT_FORECAST,PUBLIC_SYNTHETIC_DIEGETIC,LOCKED_DERIVED_IMPLEMENTATION,2026-09-05,2026-12-31,2026-09-05
ARU_GROUP-2026-00917,ARU_GROUP,2026,12,TERMINALS,2100,Operating accruals,0,47208,-47208,Shared services allocated,ALLOC-2026,NONCASH_OR_OPENING,MANAGEMENT_FORECAST,PUBLIC_SYNTHETIC_DIEGETIC,LOCKED_DERIVED_IMPLEMENTATION,2026-09-05,2026-12-31,2026-09-05
ARU_GROUP-2026-00918,ARU_GROUP,2026,12,ARU,2100,Operating accruals,47208,0,47208,Shared services recovered,ALLOC-2026,NONCASH_OR_OPENING,MANAGEMENT_FORECAST,PUBLIC_SYNTHETIC_DIEGETIC,LOCKED_DERIVED_IMPLEMENTATION,2026-09-05,2026-12-31,2026-09-05
ARU_GROUP-2026-00918,ARU_GROUP,2026,12,ARU,5900,Shared service allocation / recovery,0,47208,-47208,Shared services recovered,ALLOC-2026,NONCASH_OR_OPENING,MANAGEMENT_FORECAST,PUBLIC_SYNTHETIC_DIEGETIC,LOCKED_DERIVED_IMPLEMENTATION,2026-09-05,2026-12-31,2026-09-05
ARU_GROUP-2026-00919,ARU_GROUP,2026,12,TRUCKING,5000,Payroll and employer burden,188464,0,188464,2026 loaded payroll under source cost index and unchanged census,PAYROLL-2026,NONCASH_OR_OPENING,MANAGEMENT_FORECAST,PUBLIC_SYNTHETIC_DIEGETIC,LOCKED_DERIVED_IMPLEMENTATION,2026-09-05,2026-12-31,2026-09-05
ARU_GROUP-2026-00919,ARU_GROUP,2026,12,TRUCKING,2000,Trade payables,0,188464,-188464,2026 loaded payroll under source cost index and unchanged census,PAYROLL-2026,NONCASH_OR_OPENING,MANAGEMENT_FORECAST,PUBLIC_SYNTHETIC_DIEGETIC,LOCKED_DERIVED_IMPLEMENTATION,2026-09-05,2026-12-31,2026-09-05
ARU_GROUP-2026-00920,ARU_GROUP,2026,12,TRUCKING,5100,External operating cost,299069,0,299069,External suppliers under source cost index,OPEX-2026,NONCASH_OR_OPENING,MANAGEMENT_FORECAST,PUBLIC_SYNTHETIC_DIEGETIC,LOCKED_DERIVED_IMPLEMENTATION,2026-09-05,2026-12-31,2026-09-05
ARU_GROUP-2026-00920,ARU_GROUP,2026,12,TRUCKING,2000,Trade payables,0,299069,-299069,External suppliers under source cost index,OPEX-2026,NONCASH_OR_OPENING,MANAGEMENT_FORECAST,PUBLIC_SYNTHETIC_DIEGETIC,LOCKED_DERIVED_IMPLEMENTATION,2026-09-05,2026-12-31,2026-09-05
ARU_GROUP-2026-00921,ARU_GROUP,2026,12,TRUCKING,5900,Shared service allocation / recovery,27467,0,27467,Shared services allocated,ALLOC-2026,NONCASH_OR_OPENING,MANAGEMENT_FORECAST,PUBLIC_SYNTHETIC_DIEGETIC,LOCKED_DERIVED_IMPLEMENTATION,2026-09-05,2026-12-31,2026-09-05
ARU_GROUP-2026-00921,ARU_GROUP,2026,12,TRUCKING,2100,Operating accruals,0,27467,-27467,Shared services allocated,ALLOC-2026,NONCASH_OR_OPENING,MANAGEMENT_FORECAST,PUBLIC_SYNTHETIC_DIEGETIC,LOCKED_DERIVED_IMPLEMENTATION,2026-09-05,2026-12-31,2026-09-05
ARU_GROUP-2026-00922,ARU_GROUP,2026,12,ARU,2100,Operating accruals,27467,0,27467,Shared services recovered,ALLOC-2026,NONCASH_OR_OPENING,MANAGEMENT_FORECAST,PUBLIC_SYNTHETIC_DIEGETIC,LOCKED_DERIVED_IMPLEMENTATION,2026-09-05,2026-12-31,2026-09-05
ARU_GROUP-2026-00922,ARU_GROUP,2026,12,ARU,5900,Shared service allocation / recovery,0,27467,-27467,Shared services recovered,ALLOC-2026,NONCASH_OR_OPENING,MANAGEMENT_FORECAST,PUBLIC_SYNTHETIC_DIEGETIC,LOCKED_DERIVED_IMPLEMENTATION,2026-09-05,2026-12-31,2026-09-05
ARU_GROUP-2026-00923,ARU_GROUP,2026,12,WAREHOUSE,5000,Payroll and employer burden,89490,0,89490,2026 loaded payroll under source cost index and unchanged census,PAYROLL-2026,NONCASH_OR_OPENING,MANAGEMENT_FORECAST,PUBLIC_SYNTHETIC_DIEGETIC,LOCKED_DERIVED_IMPLEMENTATION,2026-09-05,2026-12-31,2026-09-05
ARU_GROUP-2026-00923,ARU_GROUP,2026,12,WAREHOUSE,2000,Trade payables,0,89490,-89490,2026 loaded payroll under source cost index and unchanged census,PAYROLL-2026,NONCASH_OR_OPENING,MANAGEMENT_FORECAST,PUBLIC_SYNTHETIC_DIEGETIC,LOCKED_DERIVED_IMPLEMENTATION,2026-09-05,2026-12-31,2026-09-05
ARU_GROUP-2026-00924,ARU_GROUP,2026,12,WAREHOUSE,5100,External operating cost,169727,0,169727,External suppliers under source cost index,OPEX-2026,NONCASH_OR_OPENING,MANAGEMENT_FORECAST,PUBLIC_SYNTHETIC_DIEGETIC,LOCKED_DERIVED_IMPLEMENTATION,2026-09-05,2026-12-31,2026-09-05
ARU_GROUP-2026-00924,ARU_GROUP,2026,12,WAREHOUSE,2000,Trade payables,0,169727,-169727,External suppliers under source cost index,OPEX-2026,NONCASH_OR_OPENING,MANAGEMENT_FORECAST,PUBLIC_SYNTHETIC_DIEGETIC,LOCKED_DERIVED_IMPLEMENTATION,2026-09-05,2026-12-31,2026-09-05
ARU_GROUP-2026-00925,ARU_GROUP,2026,12,WAREHOUSE,5900,Shared service allocation / recovery,24033,0,24033,Shared services allocated,ALLOC-2026,NONCASH_OR_OPENING,MANAGEMENT_FORECAST,PUBLIC_SYNTHETIC_DIEGETIC,LOCKED_DERIVED_IMPLEMENTATION,2026-09-05,2026-12-31,2026-09-05
ARU_GROUP-2026-00925,ARU_GROUP,2026,12,WAREHOUSE,2100,Operating accruals,0,24033,-24033,Shared services allocated,ALLOC-2026,NONCASH_OR_OPENING,MANAGEMENT_FORECAST,PUBLIC_SYNTHETIC_DIEGETIC,LOCKED_DERIVED_IMPLEMENTATION,2026-09-05,2026-12-31,2026-09-05
ARU_GROUP-2026-00926,ARU_GROUP,2026,12,ARU,2100,Operating accruals,24033,0,24033,Shared services recovered,ALLOC-2026,NONCASH_OR_OPENING,MANAGEMENT_FORECAST,PUBLIC_SYNTHETIC_DIEGETIC,LOCKED_DERIVED_IMPLEMENTATION,2026-09-05,2026-12-31,2026-09-05
ARU_GROUP-2026-00926,ARU_GROUP,2026,12,ARU,5900,Shared service allocation / recovery,0,24033,-24033,Shared services recovered,ALLOC-2026,NONCASH_OR_OPENING,MANAGEMENT_FORECAST,PUBLIC_SYNTHETIC_DIEGETIC,LOCKED_DERIVED_IMPLEMENTATION,2026-09-05,2026-12-31,2026-09-05
ARU_GROUP-2026-00927,ARU_GROUP,2026,12,ARU,5000,Payroll and employer burden,139814,0,139814,2026 loaded payroll under source cost index and unchanged census,PAYROLL-2026,NONCASH_OR_OPENING,MANAGEMENT_FORECAST,PUBLIC_SYNTHETIC_DIEGETIC,LOCKED_DERIVED_IMPLEMENTATION,2026-09-05,2026-12-31,2026-09-05
ARU_GROUP-2026-00927,ARU_GROUP,2026,12,ARU,2000,Trade payables,0,139814,-139814,2026 loaded payroll under source cost index and unchanged census,PAYROLL-2026,NONCASH_OR_OPENING,MANAGEMENT_FORECAST,PUBLIC_SYNTHETIC_DIEGETIC,LOCKED_DERIVED_IMPLEMENTATION,2026-09-05,2026-12-31,2026-09-05
ARU_GROUP-2026-00928,ARU_GROUP,2026,12,ARU,5100,External operating cost,47303,0,47303,External suppliers under source cost index,OPEX-2026,NONCASH_OR_OPENING,MANAGEMENT_FORECAST,PUBLIC_SYNTHETIC_DIEGETIC,LOCKED_DERIVED_IMPLEMENTATION,2026-09-05,2026-12-31,2026-09-05
ARU_GROUP-2026-00928,ARU_GROUP,2026,12,ARU,2000,Trade payables,0,47303,-47303,External suppliers under source cost index,OPEX-2026,NONCASH_OR_OPENING,MANAGEMENT_FORECAST,PUBLIC_SYNTHETIC_DIEGETIC,LOCKED_DERIVED_IMPLEMENTATION,2026-09-05,2026-12-31,2026-09-05
ARU_GROUP-2026-00929,ARU_GROUP,2026,12,ARU,1200,Inventory cash cost,4500,0,4500,Forecast working capital purchases,WC26-inventory,NONCASH_OR_OPENING,MANAGEMENT_FORECAST,PUBLIC_SYNTHETIC_DIEGETIC,LOCKED_DERIVED_IMPLEMENTATION,2026-09-05,2026-12-31,2026-09-05
ARU_GROUP-2026-00929,ARU_GROUP,2026,12,ARU,2000,Trade payables,0,4500,-4500,Forecast working capital purchases,WC26-inventory,NONCASH_OR_OPENING,MANAGEMENT_FORECAST,PUBLIC_SYNTHETIC_DIEGETIC,LOCKED_DERIVED_IMPLEMENTATION,2026-09-05,2026-12-31,2026-09-05
ARU_GROUP-2026-00930,ARU_GROUP,2026,12,ARU,1300,Prepaids,1750,0,1750,Forecast working capital purchases,WC26-prepaids,NONCASH_OR_OPENING,MANAGEMENT_FORECAST,PUBLIC_SYNTHETIC_DIEGETIC,LOCKED_DERIVED_IMPLEMENTATION,2026-09-05,2026-12-31,2026-09-05
ARU_GROUP-2026-00930,ARU_GROUP,2026,12,ARU,2000,Trade payables,0,1750,-1750,Forecast working capital purchases,WC26-prepaids,NONCASH_OR_OPENING,MANAGEMENT_FORECAST,PUBLIC_SYNTHETIC_DIEGETIC,LOCKED_DERIVED_IMPLEMENTATION,2026-09-05,2026-12-31,2026-09-05
ARU_GROUP-2026-00931,ARU_GROUP,2026,12,ARU,2000,Trade payables,2500,0,2500,Operating accrual growth,WC26-ACCRUAL,NONCASH_OR_OPENING,MANAGEMENT_FORECAST,PUBLIC_SYNTHETIC_DIEGETIC,LOCKED_DERIVED_IMPLEMENTATION,2026-09-05,2026-12-31,2026-09-05
ARU_GROUP-2026-00931,ARU_GROUP,2026,12,ARU,2100,Operating accruals,0,2500,-2500,Operating accrual growth,WC26-ACCRUAL,NONCASH_OR_OPENING,MANAGEMENT_FORECAST,PUBLIC_SYNTHETIC_DIEGETIC,LOCKED_DERIVED_IMPLEMENTATION,2026-09-05,2026-12-31,2026-09-05
ARU_GROUP-2026-00932,ARU_GROUP,2026,12,ARU,1100,"External receivables, net of allowance",0,3422467,-3422467,External invoice collections,AR26,OPERATING,MANAGEMENT_FORECAST,PUBLIC_SYNTHETIC_DIEGETIC,LOCKED_DERIVED_IMPLEMENTATION,2026-09-05,2026-12-31,2026-09-05
ARU_GROUP-2026-00932,ARU_GROUP,2026,12,ARU,1000,Cash,3422467,0,3422467,External invoice collections,AR26,OPERATING,MANAGEMENT_FORECAST,PUBLIC_SYNTHETIC_DIEGETIC,LOCKED_DERIVED_IMPLEMENTATION,2026-09-05,2026-12-31,2026-09-05
ARU_GROUP-2026-00933,ARU_GROUP,2026,12,ARU,2000,Trade payables,2760084,0,2760084,Payroll/supplier settlement,AP26,OPERATING,MANAGEMENT_FORECAST,PUBLIC_SYNTHETIC_DIEGETIC,LOCKED_DERIVED_IMPLEMENTATION,2026-09-05,2026-12-31,2026-09-05
ARU_GROUP-2026-00933,ARU_GROUP,2026,12,ARU,1000,Cash,0,2760084,-2760084,Payroll/supplier settlement,AP26,OPERATING,MANAGEMENT_FORECAST,PUBLIC_SYNTHETIC_DIEGETIC,LOCKED_DERIVED_IMPLEMENTATION,2026-09-05,2026-12-31,2026-09-05
ARU_GROUP-2026-00934,ARU_GROUP,2026,12,BST,1150,Intercompany receivable,5700,0,5700,Red Wash service invoice,IC-2026-12-acid-BST,NONCASH_OR_OPENING,MANAGEMENT_FORECAST,PUBLIC_SYNTHETIC_DIEGETIC,LOCKED_DERIVED_IMPLEMENTATION,2026-09-05,2026-12-31,2026-09-05
ARU_GROUP-2026-00934,ARU_GROUP,2026,12,BST,4100,Intercompany service revenue,0,5700,-5700,Red Wash service invoice,IC-2026-12-acid-BST,NONCASH_OR_OPENING,MANAGEMENT_FORECAST,PUBLIC_SYNTHETIC_DIEGETIC,LOCKED_DERIVED_IMPLEMENTATION,2026-09-05,2026-12-31,2026-09-05
ARU_GROUP-2026-00935,ARU_GROUP,2026,12,BST,5200,Incremental interface external operating cost,2460,0,2460,Interface physical cost-to-serve,IC-2026-12-acid-BST,OPERATING,MANAGEMENT_FORECAST,PUBLIC_SYNTHETIC_DIEGETIC,LOCKED_DERIVED_IMPLEMENTATION,2026-09-05,2026-12-31,2026-09-05
ARU_GROUP-2026-00935,ARU_GROUP,2026,12,BST,1000,Cash,0,2460,-2460,Interface physical cost-to-serve,IC-2026-12-acid-BST,OPERATING,MANAGEMENT_FORECAST,PUBLIC_SYNTHETIC_DIEGETIC,LOCKED_DERIVED_IMPLEMENTATION,2026-09-05,2026-12-31,2026-09-05
ARU_GROUP-2026-00936,ARU_GROUP,2026,12,TERMINALS,1150,Intercompany receivable,4200,0,4200,Red Wash service invoice,IC-2026-12-acid-TERMINALS,NONCASH_OR_OPENING,MANAGEMENT_FORECAST,PUBLIC_SYNTHETIC_DIEGETIC,LOCKED_DERIVED_IMPLEMENTATION,2026-09-05,2026-12-31,2026-09-05
ARU_GROUP-2026-00936,ARU_GROUP,2026,12,TERMINALS,4100,Intercompany service revenue,0,4200,-4200,Red Wash service invoice,IC-2026-12-acid-TERMINALS,NONCASH_OR_OPENING,MANAGEMENT_FORECAST,PUBLIC_SYNTHETIC_DIEGETIC,LOCKED_DERIVED_IMPLEMENTATION,2026-09-05,2026-12-31,2026-09-05
ARU_GROUP-2026-00937,ARU_GROUP,2026,12,TERMINALS,5200,Incremental interface external operating cost,2340,0,2340,Interface physical cost-to-serve,IC-2026-12-acid-TERMINALS,OPERATING,MANAGEMENT_FORECAST,PUBLIC_SYNTHETIC_DIEGETIC,LOCKED_DERIVED_IMPLEMENTATION,2026-09-05,2026-12-31,2026-09-05
ARU_GROUP-2026-00937,ARU_GROUP,2026,12,TERMINALS,1000,Cash,0,2340,-2340,Interface physical cost-to-serve,IC-2026-12-acid-TERMINALS,OPERATING,MANAGEMENT_FORECAST,PUBLIC_SYNTHETIC_DIEGETIC,LOCKED_DERIVED_IMPLEMENTATION,2026-09-05,2026-12-31,2026-09-05
ARU_GROUP-2026-00938,ARU_GROUP,2026,12,TRUCKING,1150,Intercompany receivable,8160,0,8160,Red Wash service invoice,IC-2026-12-acid-TRUCKING,NONCASH_OR_OPENING,MANAGEMENT_FORECAST,PUBLIC_SYNTHETIC_DIEGETIC,LOCKED_DERIVED_IMPLEMENTATION,2026-09-05,2026-12-31,2026-09-05
ARU_GROUP-2026-00938,ARU_GROUP,2026,12,TRUCKING,4100,Intercompany service revenue,0,8160,-8160,Red Wash service invoice,IC-2026-12-acid-TRUCKING,NONCASH_OR_OPENING,MANAGEMENT_FORECAST,PUBLIC_SYNTHETIC_DIEGETIC,LOCKED_DERIVED_IMPLEMENTATION,2026-09-05,2026-12-31,2026-09-05
ARU_GROUP-2026-00939,ARU_GROUP,2026,12,TRUCKING,5200,Incremental interface external operating cost,5520,0,5520,Interface physical cost-to-serve,IC-2026-12-acid-TRUCKING,OPERATING,MANAGEMENT_FORECAST,PUBLIC_SYNTHETIC_DIEGETIC,LOCKED_DERIVED_IMPLEMENTATION,2026-09-05,2026-12-31,2026-09-05
ARU_GROUP-2026-00939,ARU_GROUP,2026,12,TRUCKING,1000,Cash,0,5520,-5520,Interface physical cost-to-serve,IC-2026-12-acid-TRUCKING,OPERATING,MANAGEMENT_FORECAST,PUBLIC_SYNTHETIC_DIEGETIC,LOCKED_DERIVED_IMPLEMENTATION,2026-09-05,2026-12-31,2026-09-05
ARU_GROUP-2026-00940,ARU_GROUP,2026,12,BST,1150,Intercompany receivable,5950,0,5950,Red Wash service invoice,IC-2026-12-binder-BST,NONCASH_OR_OPENING,MANAGEMENT_FORECAST,PUBLIC_SYNTHETIC_DIEGETIC,LOCKED_DERIVED_IMPLEMENTATION,2026-09-05,2026-12-31,2026-09-05
ARU_GROUP-2026-00940,ARU_GROUP,2026,12,BST,4100,Intercompany service revenue,0,5950,-5950,Red Wash service invoice,IC-2026-12-binder-BST,NONCASH_OR_OPENING,MANAGEMENT_FORECAST,PUBLIC_SYNTHETIC_DIEGETIC,LOCKED_DERIVED_IMPLEMENTATION,2026-09-05,2026-12-31,2026-09-05
ARU_GROUP-2026-00941,ARU_GROUP,2026,12,BST,5200,Incremental interface external operating cost,2520,0,2520,Interface physical cost-to-serve,IC-2026-12-binder-BST,OPERATING,MANAGEMENT_FORECAST,PUBLIC_SYNTHETIC_DIEGETIC,LOCKED_DERIVED_IMPLEMENTATION,2026-09-05,2026-12-31,2026-09-05
ARU_GROUP-2026-00941,ARU_GROUP,2026,12,BST,1000,Cash,0,2520,-2520,Interface physical cost-to-serve,IC-2026-12-binder-BST,OPERATING,MANAGEMENT_FORECAST,PUBLIC_SYNTHETIC_DIEGETIC,LOCKED_DERIVED_IMPLEMENTATION,2026-09-05,2026-12-31,2026-09-05
ARU_GROUP-2026-00942,ARU_GROUP,2026,12,TERMINALS,1150,Intercompany receivable,2800,0,2800,Red Wash service invoice,IC-2026-12-binder-TERMINALS,NONCASH_OR_OPENING,MANAGEMENT_FORECAST,PUBLIC_SYNTHETIC_DIEGETIC,LOCKED_DERIVED_IMPLEMENTATION,2026-09-05,2026-12-31,2026-09-05
ARU_GROUP-2026-00942,ARU_GROUP,2026,12,TERMINALS,4100,Intercompany service revenue,0,2800,-2800,Red Wash service invoice,IC-2026-12-binder-TERMINALS,NONCASH_OR_OPENING,MANAGEMENT_FORECAST,PUBLIC_SYNTHETIC_DIEGETIC,LOCKED_DERIVED_IMPLEMENTATION,2026-09-05,2026-12-31,2026-09-05
ARU_GROUP-2026-00943,ARU_GROUP,2026,12,TERMINALS,5200,Incremental interface external operating cost,1610,0,1610,Interface physical cost-to-serve,IC-2026-12-binder-TERMINALS,OPERATING,MANAGEMENT_FORECAST,PUBLIC_SYNTHETIC_DIEGETIC,LOCKED_DERIVED_IMPLEMENTATION,2026-09-05,2026-12-31,2026-09-05
ARU_GROUP-2026-00943,ARU_GROUP,2026,12,TERMINALS,1000,Cash,0,1610,-1610,Interface physical cost-to-serve,IC-2026-12-binder-TERMINALS,OPERATING,MANAGEMENT_FORECAST,PUBLIC_SYNTHETIC_DIEGETIC,LOCKED_DERIVED_IMPLEMENTATION,2026-09-05,2026-12-31,2026-09-05
ARU_GROUP-2026-00944,ARU_GROUP,2026,12,TRUCKING,1150,Intercompany receivable,7980,0,7980,Red Wash service invoice,IC-2026-12-binder-TRUCKING,NONCASH_OR_OPENING,MANAGEMENT_FORECAST,PUBLIC_SYNTHETIC_DIEGETIC,LOCKED_DERIVED_IMPLEMENTATION,2026-09-05,2026-12-31,2026-09-05
ARU_GROUP-2026-00944,ARU_GROUP,2026,12,TRUCKING,4100,Intercompany service revenue,0,7980,-7980,Red Wash service invoice,IC-2026-12-binder-TRUCKING,NONCASH_OR_OPENING,MANAGEMENT_FORECAST,PUBLIC_SYNTHETIC_DIEGETIC,LOCKED_DERIVED_IMPLEMENTATION,2026-09-05,2026-12-31,2026-09-05
ARU_GROUP-2026-00945,ARU_GROUP,2026,12,TRUCKING,5200,Incremental interface external operating cost,5320,0,5320,Interface physical cost-to-serve,IC-2026-12-binder-TRUCKING,OPERATING,MANAGEMENT_FORECAST,PUBLIC_SYNTHETIC_DIEGETIC,LOCKED_DERIVED_IMPLEMENTATION,2026-09-05,2026-12-31,2026-09-05
ARU_GROUP-2026-00945,ARU_GROUP,2026,12,TRUCKING,1000,Cash,0,5320,-5320,Interface physical cost-to-serve,IC-2026-12-binder-TRUCKING,OPERATING,MANAGEMENT_FORECAST,PUBLIC_SYNTHETIC_DIEGETIC,LOCKED_DERIVED_IMPLEMENTATION,2026-09-05,2026-12-31,2026-09-05
ARU_GROUP-2026-00946,ARU_GROUP,2026,12,BST,1150,Intercompany receivable,850,0,850,Red Wash service invoice,IC-2026-12-lime-BST,NONCASH_OR_OPENING,MANAGEMENT_FORECAST,PUBLIC_SYNTHETIC_DIEGETIC,LOCKED_DERIVED_IMPLEMENTATION,2026-09-05,2026-12-31,2026-09-05
ARU_GROUP-2026-00946,ARU_GROUP,2026,12,BST,4100,Intercompany service revenue,0,850,-850,Red Wash service invoice,IC-2026-12-lime-BST,NONCASH_OR_OPENING,MANAGEMENT_FORECAST,PUBLIC_SYNTHETIC_DIEGETIC,LOCKED_DERIVED_IMPLEMENTATION,2026-09-05,2026-12-31,2026-09-05
ARU_GROUP-2026-00947,ARU_GROUP,2026,12,BST,5200,Incremental interface external operating cost,360,0,360,Interface physical cost-to-serve,IC-2026-12-lime-BST,OPERATING,MANAGEMENT_FORECAST,PUBLIC_SYNTHETIC_DIEGETIC,LOCKED_DERIVED_IMPLEMENTATION,2026-09-05,2026-12-31,2026-09-05
ARU_GROUP-2026-00947,ARU_GROUP,2026,12,BST,1000,Cash,0,360,-360,Interface physical cost-to-serve,IC-2026-12-lime-BST,OPERATING,MANAGEMENT_FORECAST,PUBLIC_SYNTHETIC_DIEGETIC,LOCKED_DERIVED_IMPLEMENTATION,2026-09-05,2026-12-31,2026-09-05
ARU_GROUP-2026-00948,ARU_GROUP,2026,12,TERMINALS,1150,Intercompany receivable,450,0,450,Red Wash service invoice,IC-2026-12-lime-TERMINALS,NONCASH_OR_OPENING,MANAGEMENT_FORECAST,PUBLIC_SYNTHETIC_DIEGETIC,LOCKED_DERIVED_IMPLEMENTATION,2026-09-05,2026-12-31,2026-09-05
ARU_GROUP-2026-00948,ARU_GROUP,2026,12,TERMINALS,4100,Intercompany service revenue,0,450,-450,Red Wash service invoice,IC-2026-12-lime-TERMINALS,NONCASH_OR_OPENING,MANAGEMENT_FORECAST,PUBLIC_SYNTHETIC_DIEGETIC,LOCKED_DERIVED_IMPLEMENTATION,2026-09-05,2026-12-31,2026-09-05
ARU_GROUP-2026-00949,ARU_GROUP,2026,12,TERMINALS,5200,Incremental interface external operating cost,250,0,250,Interface physical cost-to-serve,IC-2026-12-lime-TERMINALS,OPERATING,MANAGEMENT_FORECAST,PUBLIC_SYNTHETIC_DIEGETIC,LOCKED_DERIVED_IMPLEMENTATION,2026-09-05,2026-12-31,2026-09-05
ARU_GROUP-2026-00949,ARU_GROUP,2026,12,TERMINALS,1000,Cash,0,250,-250,Interface physical cost-to-serve,IC-2026-12-lime-TERMINALS,OPERATING,MANAGEMENT_FORECAST,PUBLIC_SYNTHETIC_DIEGETIC,LOCKED_DERIVED_IMPLEMENTATION,2026-09-05,2026-12-31,2026-09-05
ARU_GROUP-2026-00950,ARU_GROUP,2026,12,TRUCKING,1150,Intercompany receivable,1200,0,1200,Red Wash service invoice,IC-2026-12-lime-TRUCKING,NONCASH_OR_OPENING,MANAGEMENT_FORECAST,PUBLIC_SYNTHETIC_DIEGETIC,LOCKED_DERIVED_IMPLEMENTATION,2026-09-05,2026-12-31,2026-09-05
ARU_GROUP-2026-00950,ARU_GROUP,2026,12,TRUCKING,4100,Intercompany service revenue,0,1200,-1200,Red Wash service invoice,IC-2026-12-lime-TRUCKING,NONCASH_OR_OPENING,MANAGEMENT_FORECAST,PUBLIC_SYNTHETIC_DIEGETIC,LOCKED_DERIVED_IMPLEMENTATION,2026-09-05,2026-12-31,2026-09-05
ARU_GROUP-2026-00951,ARU_GROUP,2026,12,TRUCKING,5200,Incremental interface external operating cost,800,0,800,Interface physical cost-to-serve,IC-2026-12-lime-TRUCKING,OPERATING,MANAGEMENT_FORECAST,PUBLIC_SYNTHETIC_DIEGETIC,LOCKED_DERIVED_IMPLEMENTATION,2026-09-05,2026-12-31,2026-09-05
ARU_GROUP-2026-00951,ARU_GROUP,2026,12,TRUCKING,1000,Cash,0,800,-800,Interface physical cost-to-serve,IC-2026-12-lime-TRUCKING,OPERATING,MANAGEMENT_FORECAST,PUBLIC_SYNTHETIC_DIEGETIC,LOCKED_DERIVED_IMPLEMENTATION,2026-09-05,2026-12-31,2026-09-05
ARU_GROUP-2026-00952,ARU_GROUP,2026,12,BST,1150,Intercompany receivable,1900,0,1900,Red Wash service invoice,IC-2026-12-steel-BST,NONCASH_OR_OPENING,MANAGEMENT_FORECAST,PUBLIC_SYNTHETIC_DIEGETIC,LOCKED_DERIVED_IMPLEMENTATION,2026-09-05,2026-12-31,2026-09-05
ARU_GROUP-2026-00952,ARU_GROUP,2026,12,BST,4100,Intercompany service revenue,0,1900,-1900,Red Wash service invoice,IC-2026-12-steel-BST,NONCASH_OR_OPENING,MANAGEMENT_FORECAST,PUBLIC_SYNTHETIC_DIEGETIC,LOCKED_DERIVED_IMPLEMENTATION,2026-09-05,2026-12-31,2026-09-05
ARU_GROUP-2026-00953,ARU_GROUP,2026,12,BST,5200,Incremental interface external operating cost,860,0,860,Interface physical cost-to-serve,IC-2026-12-steel-BST,OPERATING,MANAGEMENT_FORECAST,PUBLIC_SYNTHETIC_DIEGETIC,LOCKED_DERIVED_IMPLEMENTATION,2026-09-05,2026-12-31,2026-09-05
ARU_GROUP-2026-00953,ARU_GROUP,2026,12,BST,1000,Cash,0,860,-860,Interface physical cost-to-serve,IC-2026-12-steel-BST,OPERATING,MANAGEMENT_FORECAST,PUBLIC_SYNTHETIC_DIEGETIC,LOCKED_DERIVED_IMPLEMENTATION,2026-09-05,2026-12-31,2026-09-05
ARU_GROUP-2026-00954,ARU_GROUP,2026,12,TERMINALS,1150,Intercompany receivable,1300,0,1300,Red Wash service invoice,IC-2026-12-steel-TERMINALS,NONCASH_OR_OPENING,MANAGEMENT_FORECAST,PUBLIC_SYNTHETIC_DIEGETIC,LOCKED_DERIVED_IMPLEMENTATION,2026-09-05,2026-12-31,2026-09-05
ARU_GROUP-2026-00954,ARU_GROUP,2026,12,TERMINALS,4100,Intercompany service revenue,0,1300,-1300,Red Wash service invoice,IC-2026-12-steel-TERMINALS,NONCASH_OR_OPENING,MANAGEMENT_FORECAST,PUBLIC_SYNTHETIC_DIEGETIC,LOCKED_DERIVED_IMPLEMENTATION,2026-09-05,2026-12-31,2026-09-05
ARU_GROUP-2026-00955,ARU_GROUP,2026,12,TERMINALS,5200,Incremental interface external operating cost,740,0,740,Interface physical cost-to-serve,IC-2026-12-steel-TERMINALS,OPERATING,MANAGEMENT_FORECAST,PUBLIC_SYNTHETIC_DIEGETIC,LOCKED_DERIVED_IMPLEMENTATION,2026-09-05,2026-12-31,2026-09-05
ARU_GROUP-2026-00955,ARU_GROUP,2026,12,TERMINALS,1000,Cash,0,740,-740,Interface physical cost-to-serve,IC-2026-12-steel-TERMINALS,OPERATING,MANAGEMENT_FORECAST,PUBLIC_SYNTHETIC_DIEGETIC,LOCKED_DERIVED_IMPLEMENTATION,2026-09-05,2026-12-31,2026-09-05
ARU_GROUP-2026-00956,ARU_GROUP,2026,12,TRUCKING,1150,Intercompany receivable,2250,0,2250,Red Wash service invoice,IC-2026-12-steel-TRUCKING,NONCASH_OR_OPENING,MANAGEMENT_FORECAST,PUBLIC_SYNTHETIC_DIEGETIC,LOCKED_DERIVED_IMPLEMENTATION,2026-09-05,2026-12-31,2026-09-05
ARU_GROUP-2026-00956,ARU_GROUP,2026,12,TRUCKING,4100,Intercompany service revenue,0,2250,-2250,Red Wash service invoice,IC-2026-12-steel-TRUCKING,NONCASH_OR_OPENING,MANAGEMENT_FORECAST,PUBLIC_SYNTHETIC_DIEGETIC,LOCKED_DERIVED_IMPLEMENTATION,2026-09-05,2026-12-31,2026-09-05
ARU_GROUP-2026-00957,ARU_GROUP,2026,12,TRUCKING,5200,Incremental interface external operating cost,1500,0,1500,Interface physical cost-to-serve,IC-2026-12-steel-TRUCKING,OPERATING,MANAGEMENT_FORECAST,PUBLIC_SYNTHETIC_DIEGETIC,LOCKED_DERIVED_IMPLEMENTATION,2026-09-05,2026-12-31,2026-09-05
ARU_GROUP-2026-00957,ARU_GROUP,2026,12,TRUCKING,1000,Cash,0,1500,-1500,Interface physical cost-to-serve,IC-2026-12-steel-TRUCKING,OPERATING,MANAGEMENT_FORECAST,PUBLIC_SYNTHETIC_DIEGETIC,LOCKED_DERIVED_IMPLEMENTATION,2026-09-05,2026-12-31,2026-09-05
ARU_GROUP-2026-00958,ARU_GROUP,2026,12,BST,1150,Intercompany receivable,750,0,750,Red Wash service invoice,IC-2026-12-mro-BST,NONCASH_OR_OPENING,MANAGEMENT_FORECAST,PUBLIC_SYNTHETIC_DIEGETIC,LOCKED_DERIVED_IMPLEMENTATION,2026-09-05,2026-12-31,2026-09-05
ARU_GROUP-2026-00958,ARU_GROUP,2026,12,BST,4100,Intercompany service revenue,0,750,-750,Red Wash service invoice,IC-2026-12-mro-BST,NONCASH_OR_OPENING,MANAGEMENT_FORECAST,PUBLIC_SYNTHETIC_DIEGETIC,LOCKED_DERIVED_IMPLEMENTATION,2026-09-05,2026-12-31,2026-09-05
ARU_GROUP-2026-00959,ARU_GROUP,2026,12,BST,5200,Incremental interface external operating cost,300,0,300,Interface physical cost-to-serve,IC-2026-12-mro-BST,OPERATING,MANAGEMENT_FORECAST,PUBLIC_SYNTHETIC_DIEGETIC,LOCKED_DERIVED_IMPLEMENTATION,2026-09-05,2026-12-31,2026-09-05
ARU_GROUP-2026-00959,ARU_GROUP,2026,12,BST,1000,Cash,0,300,-300,Interface physical cost-to-serve,IC-2026-12-mro-BST,OPERATING,MANAGEMENT_FORECAST,PUBLIC_SYNTHETIC_DIEGETIC,LOCKED_DERIVED_IMPLEMENTATION,2026-09-05,2026-12-31,2026-09-05
ARU_GROUP-2026-00960,ARU_GROUP,2026,12,TERMINALS,1150,Intercompany receivable,500,0,500,Red Wash service invoice,IC-2026-12-mro-TERMINALS,NONCASH_OR_OPENING,MANAGEMENT_FORECAST,PUBLIC_SYNTHETIC_DIEGETIC,LOCKED_DERIVED_IMPLEMENTATION,2026-09-05,2026-12-31,2026-09-05
ARU_GROUP-2026-00960,ARU_GROUP,2026,12,TERMINALS,4100,Intercompany service revenue,0,500,-500,Red Wash service invoice,IC-2026-12-mro-TERMINALS,NONCASH_OR_OPENING,MANAGEMENT_FORECAST,PUBLIC_SYNTHETIC_DIEGETIC,LOCKED_DERIVED_IMPLEMENTATION,2026-09-05,2026-12-31,2026-09-05
ARU_GROUP-2026-00961,ARU_GROUP,2026,12,TERMINALS,5200,Incremental interface external operating cost,290,0,290,Interface physical cost-to-serve,IC-2026-12-mro-TERMINALS,OPERATING,MANAGEMENT_FORECAST,PUBLIC_SYNTHETIC_DIEGETIC,LOCKED_DERIVED_IMPLEMENTATION,2026-09-05,2026-12-31,2026-09-05
ARU_GROUP-2026-00961,ARU_GROUP,2026,12,TERMINALS,1000,Cash,0,290,-290,Interface physical cost-to-serve,IC-2026-12-mro-TERMINALS,OPERATING,MANAGEMENT_FORECAST,PUBLIC_SYNTHETIC_DIEGETIC,LOCKED_DERIVED_IMPLEMENTATION,2026-09-05,2026-12-31,2026-09-05
ARU_GROUP-2026-00962,ARU_GROUP,2026,12,TRUCKING,1150,Intercompany receivable,650,0,650,Red Wash service invoice,IC-2026-12-mro-TRUCKING,NONCASH_OR_OPENING,MANAGEMENT_FORECAST,PUBLIC_SYNTHETIC_DIEGETIC,LOCKED_DERIVED_IMPLEMENTATION,2026-09-05,2026-12-31,2026-09-05
ARU_GROUP-2026-00962,ARU_GROUP,2026,12,TRUCKING,4100,Intercompany service revenue,0,650,-650,Red Wash service invoice,IC-2026-12-mro-TRUCKING,NONCASH_OR_OPENING,MANAGEMENT_FORECAST,PUBLIC_SYNTHETIC_DIEGETIC,LOCKED_DERIVED_IMPLEMENTATION,2026-09-05,2026-12-31,2026-09-05
ARU_GROUP-2026-00963,ARU_GROUP,2026,12,TRUCKING,5200,Incremental interface external operating cost,440,0,440,Interface physical cost-to-serve,IC-2026-12-mro-TRUCKING,OPERATING,MANAGEMENT_FORECAST,PUBLIC_SYNTHETIC_DIEGETIC,LOCKED_DERIVED_IMPLEMENTATION,2026-09-05,2026-12-31,2026-09-05
ARU_GROUP-2026-00963,ARU_GROUP,2026,12,TRUCKING,1000,Cash,0,440,-440,Interface physical cost-to-serve,IC-2026-12-mro-TRUCKING,OPERATING,MANAGEMENT_FORECAST,PUBLIC_SYNTHETIC_DIEGETIC,LOCKED_DERIVED_IMPLEMENTATION,2026-09-05,2026-12-31,2026-09-05
ARU_GROUP-2026-00964,ARU_GROUP,2026,12,BST,1150,Intercompany receivable,1400,0,1400,Red Wash service invoice,IC-2026-12-project-BST,NONCASH_OR_OPENING,MANAGEMENT_FORECAST,PUBLIC_SYNTHETIC_DIEGETIC,LOCKED_DERIVED_IMPLEMENTATION,2026-09-05,2026-12-31,2026-09-05
ARU_GROUP-2026-00964,ARU_GROUP,2026,12,BST,4100,Intercompany service revenue,0,1400,-1400,Red Wash service invoice,IC-2026-12-project-BST,NONCASH_OR_OPENING,MANAGEMENT_FORECAST,PUBLIC_SYNTHETIC_DIEGETIC,LOCKED_DERIVED_IMPLEMENTATION,2026-09-05,2026-12-31,2026-09-05
ARU_GROUP-2026-00965,ARU_GROUP,2026,12,BST,5200,Incremental interface external operating cost,650,0,650,Interface physical cost-to-serve,IC-2026-12-project-BST,OPERATING,MANAGEMENT_FORECAST,PUBLIC_SYNTHETIC_DIEGETIC,LOCKED_DERIVED_IMPLEMENTATION,2026-09-05,2026-12-31,2026-09-05
ARU_GROUP-2026-00965,ARU_GROUP,2026,12,BST,1000,Cash,0,650,-650,Interface physical cost-to-serve,IC-2026-12-project-BST,OPERATING,MANAGEMENT_FORECAST,PUBLIC_SYNTHETIC_DIEGETIC,LOCKED_DERIVED_IMPLEMENTATION,2026-09-05,2026-12-31,2026-09-05
ARU_GROUP-2026-00966,ARU_GROUP,2026,12,TERMINALS,1150,Intercompany receivable,1400,0,1400,Red Wash service invoice,IC-2026-12-project-TERMINALS,NONCASH_OR_OPENING,MANAGEMENT_FORECAST,PUBLIC_SYNTHETIC_DIEGETIC,LOCKED_DERIVED_IMPLEMENTATION,2026-09-05,2026-12-31,2026-09-05
ARU_GROUP-2026-00966,ARU_GROUP,2026,12,TERMINALS,4100,Intercompany service revenue,0,1400,-1400,Red Wash service invoice,IC-2026-12-project-TERMINALS,NONCASH_OR_OPENING,MANAGEMENT_FORECAST,PUBLIC_SYNTHETIC_DIEGETIC,LOCKED_DERIVED_IMPLEMENTATION,2026-09-05,2026-12-31,2026-09-05
ARU_GROUP-2026-00967,ARU_GROUP,2026,12,TERMINALS,5200,Incremental interface external operating cost,800,0,800,Interface physical cost-to-serve,IC-2026-12-project-TERMINALS,OPERATING,MANAGEMENT_FORECAST,PUBLIC_SYNTHETIC_DIEGETIC,LOCKED_DERIVED_IMPLEMENTATION,2026-09-05,2026-12-31,2026-09-05
ARU_GROUP-2026-00967,ARU_GROUP,2026,12,TERMINALS,1000,Cash,0,800,-800,Interface physical cost-to-serve,IC-2026-12-project-TERMINALS,OPERATING,MANAGEMENT_FORECAST,PUBLIC_SYNTHETIC_DIEGETIC,LOCKED_DERIVED_IMPLEMENTATION,2026-09-05,2026-12-31,2026-09-05
ARU_GROUP-2026-00968,ARU_GROUP,2026,12,TRUCKING,1150,Intercompany receivable,1800,0,1800,Red Wash service invoice,IC-2026-12-project-TRUCKING,NONCASH_OR_OPENING,MANAGEMENT_FORECAST,PUBLIC_SYNTHETIC_DIEGETIC,LOCKED_DERIVED_IMPLEMENTATION,2026-09-05,2026-12-31,2026-09-05
ARU_GROUP-2026-00968,ARU_GROUP,2026,12,TRUCKING,4100,Intercompany service revenue,0,1800,-1800,Red Wash service invoice,IC-2026-12-project-TRUCKING,NONCASH_OR_OPENING,MANAGEMENT_FORECAST,PUBLIC_SYNTHETIC_DIEGETIC,LOCKED_DERIVED_IMPLEMENTATION,2026-09-05,2026-12-31,2026-09-05
ARU_GROUP-2026-00969,ARU_GROUP,2026,12,TRUCKING,5200,Incremental interface external operating cost,1300,0,1300,Interface physical cost-to-serve,IC-2026-12-project-TRUCKING,OPERATING,MANAGEMENT_FORECAST,PUBLIC_SYNTHETIC_DIEGETIC,LOCKED_DERIVED_IMPLEMENTATION,2026-09-05,2026-12-31,2026-09-05
ARU_GROUP-2026-00969,ARU_GROUP,2026,12,TRUCKING,1000,Cash,0,1300,-1300,Interface physical cost-to-serve,IC-2026-12-project-TRUCKING,OPERATING,MANAGEMENT_FORECAST,PUBLIC_SYNTHETIC_DIEGETIC,LOCKED_DERIVED_IMPLEMENTATION,2026-09-05,2026-12-31,2026-09-05
ARU_GROUP-2026-00970,ARU_GROUP,2026,12,ARU,1150,Intercompany receivable,0,41940,-41940,Prior-month Red Wash invoice settled,IC-PAYMENT,OPERATING,MANAGEMENT_FORECAST,PUBLIC_SYNTHETIC_DIEGETIC,LOCKED_DERIVED_IMPLEMENTATION,2026-09-05,2026-12-31,2026-09-05
ARU_GROUP-2026-00970,ARU_GROUP,2026,12,ARU,1000,Cash,41940,0,41940,Prior-month Red Wash invoice settled,IC-PAYMENT,OPERATING,MANAGEMENT_FORECAST,PUBLIC_SYNTHETIC_DIEGETIC,LOCKED_DERIVED_IMPLEMENTATION,2026-09-05,2026-12-31,2026-09-05
ARU_GROUP-2026-00971,ARU_GROUP,2026,12,BST,5200,Incremental interface external operating cost,1000,0,1000,Interface standby/insurance/maintenance/compliance,IC-FIXED,OPERATING,MANAGEMENT_FORECAST,PUBLIC_SYNTHETIC_DIEGETIC,LOCKED_DERIVED_IMPLEMENTATION,2026-09-05,2026-12-31,2026-09-05
ARU_GROUP-2026-00971,ARU_GROUP,2026,12,BST,1000,Cash,0,1000,-1000,Interface standby/insurance/maintenance/compliance,IC-FIXED,OPERATING,MANAGEMENT_FORECAST,PUBLIC_SYNTHETIC_DIEGETIC,LOCKED_DERIVED_IMPLEMENTATION,2026-09-05,2026-12-31,2026-09-05
ARU_GROUP-2026-00972,ARU_GROUP,2026,12,TERMINALS,5200,Incremental interface external operating cost,2000,0,2000,Interface standby/insurance/maintenance/compliance,IC-FIXED,OPERATING,MANAGEMENT_FORECAST,PUBLIC_SYNTHETIC_DIEGETIC,LOCKED_DERIVED_IMPLEMENTATION,2026-09-05,2026-12-31,2026-09-05
ARU_GROUP-2026-00972,ARU_GROUP,2026,12,TERMINALS,1000,Cash,0,2000,-2000,Interface standby/insurance/maintenance/compliance,IC-FIXED,OPERATING,MANAGEMENT_FORECAST,PUBLIC_SYNTHETIC_DIEGETIC,LOCKED_DERIVED_IMPLEMENTATION,2026-09-05,2026-12-31,2026-09-05
ARU_GROUP-2026-00973,ARU_GROUP,2026,12,TRUCKING,5200,Incremental interface external operating cost,1000,0,1000,Interface standby/insurance/maintenance/compliance,IC-FIXED,OPERATING,MANAGEMENT_FORECAST,PUBLIC_SYNTHETIC_DIEGETIC,LOCKED_DERIVED_IMPLEMENTATION,2026-09-05,2026-12-31,2026-09-05
ARU_GROUP-2026-00973,ARU_GROUP,2026,12,TRUCKING,1000,Cash,0,1000,-1000,Interface standby/insurance/maintenance/compliance,IC-FIXED,OPERATING,MANAGEMENT_FORECAST,PUBLIC_SYNTHETIC_DIEGETIC,LOCKED_DERIVED_IMPLEMENTATION,2026-09-05,2026-12-31,2026-09-05
ARU_GROUP-2026-00974,ARU_GROUP,2026,12,ARU,5700,Retention and seller consulting,42465,0,42465,Retention compensation accrued by service days,RETENTION-POOL,NONCASH_OR_OPENING,MANAGEMENT_FORECAST,PUBLIC_SYNTHETIC_DIEGETIC,LOCKED_DERIVED_IMPLEMENTATION,2026-09-05,2026-12-31,2026-09-05
ARU_GROUP-2026-00974,ARU_GROUP,2026,12,ARU,2110,Retention compensation payable,0,42465,-42465,Retention compensation accrued by service days,RETENTION-POOL,NONCASH_OR_OPENING,MANAGEMENT_FORECAST,PUBLIC_SYNTHETIC_DIEGETIC,LOCKED_DERIVED_IMPLEMENTATION,2026-09-05,2026-12-31,2026-09-05
ARU_GROUP-2026-00975,ARU_GROUP,2026,12,ARU,5400,Interest and financing fees,132220,0,132220,Term/lease interest and undrawn revolver fee,DEBT26,OPERATING,MANAGEMENT_FORECAST,PUBLIC_SYNTHETIC_DIEGETIC,LOCKED_DERIVED_IMPLEMENTATION,2026-09-05,2026-12-31,2026-09-05
ARU_GROUP-2026-00975,ARU_GROUP,2026,12,ARU,1000,Cash,0,132220,-132220,Term/lease interest and undrawn revolver fee,DEBT26,OPERATING,MANAGEMENT_FORECAST,PUBLIC_SYNTHETIC_DIEGETIC,LOCKED_DERIVED_IMPLEMENTATION,2026-09-05,2026-12-31,2026-09-05
ARU_GROUP-2026-00976,ARU_GROUP,2026,12,ARU,5400,Interest and financing fees,5000,0,5000,Debt issuance cost amortization,DEBT26-ISSUANCE,NONCASH_OR_OPENING,MANAGEMENT_FORECAST,PUBLIC_SYNTHETIC_DIEGETIC,LOCKED_DERIVED_IMPLEMENTATION,2026-09-05,2026-12-31,2026-09-05
ARU_GROUP-2026-00976,ARU_GROUP,2026,12,ARU,1700,"Debt issuance cost, contra term debt",0,5000,-5000,Debt issuance cost amortization,DEBT26-ISSUANCE,NONCASH_OR_OPENING,MANAGEMENT_FORECAST,PUBLIC_SYNTHETIC_DIEGETIC,LOCKED_DERIVED_IMPLEMENTATION,2026-09-05,2026-12-31,2026-09-05
ARU_GROUP-2026-00978,ARU_GROUP,2026,12,ARU,2600,Finance lease obligation,42465,0,42465,Finance lease principal,LEASE26,FINANCING,MANAGEMENT_FORECAST,PUBLIC_SYNTHETIC_DIEGETIC,LOCKED_DERIVED_IMPLEMENTATION,2026-09-05,2026-12-31,2026-09-05
ARU_GROUP-2026-00978,ARU_GROUP,2026,12,ARU,1000,Cash,0,42465,-42465,Finance lease principal,LEASE26,FINANCING,MANAGEMENT_FORECAST,PUBLIC_SYNTHETIC_DIEGETIC,LOCKED_DERIVED_IMPLEMENTATION,2026-09-05,2026-12-31,2026-09-05
ARU_GROUP-2026-00979,ARU_GROUP,2026,12,ARU,1400,PPE gross,275000,0,275000,Sustaining/catch-up/Phase 1 capital additions,CAPEX26,INVESTING,MANAGEMENT_FORECAST,PUBLIC_SYNTHETIC_DIEGETIC,LOCKED_DERIVED_IMPLEMENTATION,2026-09-05,2026-12-31,2026-09-05
ARU_GROUP-2026-00979,ARU_GROUP,2026,12,ARU,1000,Cash,0,275000,-275000,Sustaining/catch-up/Phase 1 capital additions,CAPEX26,INVESTING,MANAGEMENT_FORECAST,PUBLIC_SYNTHETIC_DIEGETIC,LOCKED_DERIVED_IMPLEMENTATION,2026-09-05,2026-12-31,2026-09-05
ARU_GROUP-2026-00980,ARU_GROUP,2026,12,ARU,5300,Depreciation in earnings,286550,0,286550,PPE depreciation and completed program assets,FIXED26,NONCASH_OR_OPENING,MANAGEMENT_FORECAST,PUBLIC_SYNTHETIC_DIEGETIC,LOCKED_DERIVED_IMPLEMENTATION,2026-09-05,2026-12-31,2026-09-05
ARU_GROUP-2026-00980,ARU_GROUP,2026,12,ARU,1490,Accumulated PPE depreciation,0,286550,-286550,PPE depreciation and completed program assets,FIXED26,NONCASH_OR_OPENING,MANAGEMENT_FORECAST,PUBLIC_SYNTHETIC_DIEGETIC,LOCKED_DERIVED_IMPLEMENTATION,2026-09-05,2026-12-31,2026-09-05
ARU_GROUP-2026-00981,ARU_GROUP,2026,12,ARU,5300,Depreciation in earnings,42466,0,42466,Retained finance lease ROU depreciation,LEASE26,NONCASH_OR_OPENING,MANAGEMENT_FORECAST,PUBLIC_SYNTHETIC_DIEGETIC,LOCKED_DERIVED_IMPLEMENTATION,2026-09-05,2026-12-31,2026-09-05
ARU_GROUP-2026-00981,ARU_GROUP,2026,12,ARU,1590,Accumulated finance lease ROU depreciation,0,42466,-42466,Retained finance lease ROU depreciation,LEASE26,NONCASH_OR_OPENING,MANAGEMENT_FORECAST,PUBLIC_SYNTHETIC_DIEGETIC,LOCKED_DERIVED_IMPLEMENTATION,2026-09-05,2026-12-31,2026-09-05
ARU_GROUP-2026-00982,ARU_GROUP,2026,12,ARU,5500,Modeled income tax,26223,0,26223,"Cumulative annual current tax, including tax-goodwill amortization",TAX26-CURRENT,NONCASH_OR_OPENING,MANAGEMENT_FORECAST,PUBLIC_SYNTHETIC_DIEGETIC,LOCKED_DERIVED_IMPLEMENTATION,2026-09-05,2026-12-31,2026-09-05
ARU_GROUP-2026-00982,ARU_GROUP,2026,12,ARU,2700,Current income tax payable / prepaid,0,26223,-26223,"Cumulative annual current tax, including tax-goodwill amortization",TAX26-CURRENT,NONCASH_OR_OPENING,MANAGEMENT_FORECAST,PUBLIC_SYNTHETIC_DIEGETIC,LOCKED_DERIVED_IMPLEMENTATION,2026-09-05,2026-12-31,2026-09-05
ARU_GROUP-2026-00983,ARU_GROUP,2026,12,ARU,5501,Deferred income tax expense,18056,0,18056,Deferred tax on section 197 goodwill tax/book basis difference,TAX26-DEFERRED,NONCASH_OR_OPENING,MANAGEMENT_FORECAST,PUBLIC_SYNTHETIC_DIEGETIC,LOCKED_DERIVED_IMPLEMENTATION,2026-09-05,2026-12-31,2026-09-05
ARU_GROUP-2026-00983,ARU_GROUP,2026,12,ARU,2250,Deferred tax liability on tax goodwill amortization,0,18056,-18056,Deferred tax on section 197 goodwill tax/book basis difference,TAX26-DEFERRED,NONCASH_OR_OPENING,MANAGEMENT_FORECAST,PUBLIC_SYNTHETIC_DIEGETIC,LOCKED_DERIVED_IMPLEMENTATION,2026-09-05,2026-12-31,2026-09-05
ARU_GROUP-2026-00985,ARU_GROUP,2026,12,ARU,2700,Current income tax payable / prepaid,185802,0,185802,"Quarter-end estimated income-tax payment; overpayments carried, no instant refund",TAX26-PAYMENT,OPERATING,MANAGEMENT_FORECAST,PUBLIC_SYNTHETIC_DIEGETIC,LOCKED_DERIVED_IMPLEMENTATION,2026-09-05,2026-12-31,2026-09-05
ARU_GROUP-2026-00985,ARU_GROUP,2026,12,ARU,1000,Cash,0,185802,-185802,"Quarter-end estimated income-tax payment; overpayments carried, no instant refund",TAX26-PAYMENT,OPERATING,MANAGEMENT_FORECAST,PUBLIC_SYNTHETIC_DIEGETIC,LOCKED_DERIVED_IMPLEMENTATION,2026-09-05,2026-12-31,2026-09-05
