account,account_type,available_at,cash_flow,credit_usd,debit_usd,description,entity,fact_state,journal_id,month,month_index,period,scenario,segment,signed_usd,source_id,source_type,unit,year
BIZ_PAYROLL,expense,2026-09-09T00:00:00Z,NONCASH_OR_OPENING,0.0000,1933333.3280,Effective-dated occupied-position payroll; conditional treasury settlement,SHI,CONDITIONAL_FORECAST,BIZ-base-0000001,1,1,2027-01-31,base,FOUNDRY_FIELD,1933333.3280,base-01-PAYROLL_REQUEST-foundry-field,BUSINESS_DRIVEN_FORECAST,foundry-field,2027
1000,asset,2026-09-09T00:00:00Z,OPERATING,1933333.3280,0.0000,Effective-dated occupied-position payroll; conditional treasury settlement,SHI,CONDITIONAL_FORECAST,BIZ-base-0000001,1,1,2027-01-31,base,FOUNDRY_FIELD,-1933333.3280,base-01-PAYROLL_REQUEST-foundry-field,BUSINESS_DRIVEN_FORECAST,foundry-field,2027
BIZ_AR,asset,2026-09-09T00:00:00Z,NONCASH_OR_OPENING,0.0000,1380000.0000,Annual subscription billing,SHI,CONDITIONAL_FORECAST,BIZ-base-0000008,1,1,2027-01-31,base,FOUNDRY_FIELD,1380000.0000,base-01-INVOICE-INV-base-FF-001-TERM-0,BUSINESS_DRIVEN_FORECAST,foundry-field,2027
BIZ_DEFERRED,liability,2026-09-09T00:00:00Z,NONCASH_OR_OPENING,1380000.0000,0.0000,Annual subscription billing,SHI,CONDITIONAL_FORECAST,BIZ-base-0000008,1,1,2027-01-31,base,FOUNDRY_FIELD,-1380000.0000,base-01-INVOICE-INV-base-FF-001-TERM-0,BUSINESS_DRIVEN_FORECAST,foundry-field,2027
BIZ_DEFERRED,liability,2026-09-09T00:00:00Z,NONCASH_OR_OPENING,0.0000,115000.0000,Monthly service under effective contract version,SHI,CONDITIONAL_FORECAST,BIZ-base-0000009,1,1,2027-01-31,base,FOUNDRY_FIELD,115000.0000,base-01-SUBSCRIPTION_SERVICE-FF-001,BUSINESS_DRIVEN_FORECAST,foundry-field,2027
BIZ_REVENUE,revenue,2026-09-09T00:00:00Z,NONCASH_OR_OPENING,115000.0000,0.0000,Monthly service under effective contract version,SHI,CONDITIONAL_FORECAST,BIZ-base-0000009,1,1,2027-01-31,base,FOUNDRY_FIELD,-115000.0000,base-01-SUBSCRIPTION_SERVICE-FF-001,BUSINESS_DRIVEN_FORECAST,foundry-field,2027
BIZ_DELIVERY,expense,2026-09-09T00:00:00Z,NONCASH_OR_OPENING,0.0000,2400.0000,Source-driven vendor cost,SHI,CONDITIONAL_FORECAST,BIZ-base-0000010,1,1,2027-01-31,base,FOUNDRY_FIELD,2400.0000,base-01-COST-HOSTING-FF-001,BUSINESS_DRIVEN_FORECAST,foundry-field,2027
BIZ_AP,liability,2026-09-09T00:00:00Z,NONCASH_OR_OPENING,2400.0000,0.0000,Source-driven vendor cost,SHI,CONDITIONAL_FORECAST,BIZ-base-0000010,1,1,2027-01-31,base,FOUNDRY_FIELD,-2400.0000,base-01-COST-HOSTING-FF-001,BUSINESS_DRIVEN_FORECAST,foundry-field,2027
BIZ_AR,asset,2026-09-09T00:00:00Z,NONCASH_OR_OPENING,0.0000,1560000.0000,Annual subscription billing,SHI,CONDITIONAL_FORECAST,BIZ-base-0000011,1,1,2027-01-31,base,FOUNDRY_FIELD,1560000.0000,base-01-INVOICE-INV-base-FF-002-TERM-0,BUSINESS_DRIVEN_FORECAST,foundry-field,2027
BIZ_DEFERRED,liability,2026-09-09T00:00:00Z,NONCASH_OR_OPENING,1560000.0000,0.0000,Annual subscription billing,SHI,CONDITIONAL_FORECAST,BIZ-base-0000011,1,1,2027-01-31,base,FOUNDRY_FIELD,-1560000.0000,base-01-INVOICE-INV-base-FF-002-TERM-0,BUSINESS_DRIVEN_FORECAST,foundry-field,2027
BIZ_DEFERRED,liability,2026-09-09T00:00:00Z,NONCASH_OR_OPENING,0.0000,130000.0000,Monthly service under effective contract version,SHI,CONDITIONAL_FORECAST,BIZ-base-0000012,1,1,2027-01-31,base,FOUNDRY_FIELD,130000.0000,base-01-SUBSCRIPTION_SERVICE-FF-002,BUSINESS_DRIVEN_FORECAST,foundry-field,2027
BIZ_REVENUE,revenue,2026-09-09T00:00:00Z,NONCASH_OR_OPENING,130000.0000,0.0000,Monthly service under effective contract version,SHI,CONDITIONAL_FORECAST,BIZ-base-0000012,1,1,2027-01-31,base,FOUNDRY_FIELD,-130000.0000,base-01-SUBSCRIPTION_SERVICE-FF-002,BUSINESS_DRIVEN_FORECAST,foundry-field,2027
BIZ_DELIVERY,expense,2026-09-09T00:00:00Z,NONCASH_OR_OPENING,0.0000,3000.0000,Source-driven vendor cost,SHI,CONDITIONAL_FORECAST,BIZ-base-0000013,1,1,2027-01-31,base,FOUNDRY_FIELD,3000.0000,base-01-COST-HOSTING-FF-002,BUSINESS_DRIVEN_FORECAST,foundry-field,2027
BIZ_AP,liability,2026-09-09T00:00:00Z,NONCASH_OR_OPENING,3000.0000,0.0000,Source-driven vendor cost,SHI,CONDITIONAL_FORECAST,BIZ-base-0000013,1,1,2027-01-31,base,FOUNDRY_FIELD,-3000.0000,base-01-COST-HOSTING-FF-002,BUSINESS_DRIVEN_FORECAST,foundry-field,2027
BIZ_AR,asset,2026-09-09T00:00:00Z,NONCASH_OR_OPENING,0.0000,1740000.0000,Annual subscription billing,SHI,CONDITIONAL_FORECAST,BIZ-base-0000014,1,1,2027-01-31,base,FOUNDRY_FIELD,1740000.0000,base-01-INVOICE-INV-base-FF-003-TERM-0,BUSINESS_DRIVEN_FORECAST,foundry-field,2027
BIZ_DEFERRED,liability,2026-09-09T00:00:00Z,NONCASH_OR_OPENING,1740000.0000,0.0000,Annual subscription billing,SHI,CONDITIONAL_FORECAST,BIZ-base-0000014,1,1,2027-01-31,base,FOUNDRY_FIELD,-1740000.0000,base-01-INVOICE-INV-base-FF-003-TERM-0,BUSINESS_DRIVEN_FORECAST,foundry-field,2027
BIZ_DEFERRED,liability,2026-09-09T00:00:00Z,NONCASH_OR_OPENING,0.0000,145000.0000,Monthly service under effective contract version,SHI,CONDITIONAL_FORECAST,BIZ-base-0000015,1,1,2027-01-31,base,FOUNDRY_FIELD,145000.0000,base-01-SUBSCRIPTION_SERVICE-FF-003,BUSINESS_DRIVEN_FORECAST,foundry-field,2027
BIZ_REVENUE,revenue,2026-09-09T00:00:00Z,NONCASH_OR_OPENING,145000.0000,0.0000,Monthly service under effective contract version,SHI,CONDITIONAL_FORECAST,BIZ-base-0000015,1,1,2027-01-31,base,FOUNDRY_FIELD,-145000.0000,base-01-SUBSCRIPTION_SERVICE-FF-003,BUSINESS_DRIVEN_FORECAST,foundry-field,2027
BIZ_DELIVERY,expense,2026-09-09T00:00:00Z,NONCASH_OR_OPENING,0.0000,3600.0000,Source-driven vendor cost,SHI,CONDITIONAL_FORECAST,BIZ-base-0000016,1,1,2027-01-31,base,FOUNDRY_FIELD,3600.0000,base-01-COST-HOSTING-FF-003,BUSINESS_DRIVEN_FORECAST,foundry-field,2027
BIZ_AP,liability,2026-09-09T00:00:00Z,NONCASH_OR_OPENING,3600.0000,0.0000,Source-driven vendor cost,SHI,CONDITIONAL_FORECAST,BIZ-base-0000016,1,1,2027-01-31,base,FOUNDRY_FIELD,-3600.0000,base-01-COST-HOSTING-FF-003,BUSINESS_DRIVEN_FORECAST,foundry-field,2027
BIZ_AR,asset,2026-09-09T00:00:00Z,NONCASH_OR_OPENING,0.0000,1920000.0000,Annual subscription billing,SHI,CONDITIONAL_FORECAST,BIZ-base-0000017,1,1,2027-01-31,base,FOUNDRY_FIELD,1920000.0000,base-01-INVOICE-INV-base-FF-004-TERM-0,BUSINESS_DRIVEN_FORECAST,foundry-field,2027
BIZ_DEFERRED,liability,2026-09-09T00:00:00Z,NONCASH_OR_OPENING,1920000.0000,0.0000,Annual subscription billing,SHI,CONDITIONAL_FORECAST,BIZ-base-0000017,1,1,2027-01-31,base,FOUNDRY_FIELD,-1920000.0000,base-01-INVOICE-INV-base-FF-004-TERM-0,BUSINESS_DRIVEN_FORECAST,foundry-field,2027
BIZ_DEFERRED,liability,2026-09-09T00:00:00Z,NONCASH_OR_OPENING,0.0000,160000.0000,Monthly service under effective contract version,SHI,CONDITIONAL_FORECAST,BIZ-base-0000018,1,1,2027-01-31,base,FOUNDRY_FIELD,160000.0000,base-01-SUBSCRIPTION_SERVICE-FF-004,BUSINESS_DRIVEN_FORECAST,foundry-field,2027
BIZ_REVENUE,revenue,2026-09-09T00:00:00Z,NONCASH_OR_OPENING,160000.0000,0.0000,Monthly service under effective contract version,SHI,CONDITIONAL_FORECAST,BIZ-base-0000018,1,1,2027-01-31,base,FOUNDRY_FIELD,-160000.0000,base-01-SUBSCRIPTION_SERVICE-FF-004,BUSINESS_DRIVEN_FORECAST,foundry-field,2027
BIZ_DELIVERY,expense,2026-09-09T00:00:00Z,NONCASH_OR_OPENING,0.0000,1800.0000,Source-driven vendor cost,SHI,CONDITIONAL_FORECAST,BIZ-base-0000019,1,1,2027-01-31,base,FOUNDRY_FIELD,1800.0000,base-01-COST-HOSTING-FF-004,BUSINESS_DRIVEN_FORECAST,foundry-field,2027
BIZ_AP,liability,2026-09-09T00:00:00Z,NONCASH_OR_OPENING,1800.0000,0.0000,Source-driven vendor cost,SHI,CONDITIONAL_FORECAST,BIZ-base-0000019,1,1,2027-01-31,base,FOUNDRY_FIELD,-1800.0000,base-01-COST-HOSTING-FF-004,BUSINESS_DRIVEN_FORECAST,foundry-field,2027
BIZ_AR,asset,2026-09-09T00:00:00Z,NONCASH_OR_OPENING,0.0000,1200000.0000,Annual subscription billing,SHI,CONDITIONAL_FORECAST,BIZ-base-0000020,1,1,2027-01-31,base,FOUNDRY_FIELD,1200000.0000,base-01-INVOICE-INV-base-FF-005-TERM-0,BUSINESS_DRIVEN_FORECAST,foundry-field,2027
BIZ_DEFERRED,liability,2026-09-09T00:00:00Z,NONCASH_OR_OPENING,1200000.0000,0.0000,Annual subscription billing,SHI,CONDITIONAL_FORECAST,BIZ-base-0000020,1,1,2027-01-31,base,FOUNDRY_FIELD,-1200000.0000,base-01-INVOICE-INV-base-FF-005-TERM-0,BUSINESS_DRIVEN_FORECAST,foundry-field,2027
BIZ_DEFERRED,liability,2026-09-09T00:00:00Z,NONCASH_OR_OPENING,0.0000,100000.0000,Monthly service under effective contract version,SHI,CONDITIONAL_FORECAST,BIZ-base-0000021,1,1,2027-01-31,base,FOUNDRY_FIELD,100000.0000,base-01-SUBSCRIPTION_SERVICE-FF-005,BUSINESS_DRIVEN_FORECAST,foundry-field,2027
BIZ_REVENUE,revenue,2026-09-09T00:00:00Z,NONCASH_OR_OPENING,100000.0000,0.0000,Monthly service under effective contract version,SHI,CONDITIONAL_FORECAST,BIZ-base-0000021,1,1,2027-01-31,base,FOUNDRY_FIELD,-100000.0000,base-01-SUBSCRIPTION_SERVICE-FF-005,BUSINESS_DRIVEN_FORECAST,foundry-field,2027
BIZ_DELIVERY,expense,2026-09-09T00:00:00Z,NONCASH_OR_OPENING,0.0000,2400.0000,Source-driven vendor cost,SHI,CONDITIONAL_FORECAST,BIZ-base-0000022,1,1,2027-01-31,base,FOUNDRY_FIELD,2400.0000,base-01-COST-HOSTING-FF-005,BUSINESS_DRIVEN_FORECAST,foundry-field,2027
BIZ_AP,liability,2026-09-09T00:00:00Z,NONCASH_OR_OPENING,2400.0000,0.0000,Source-driven vendor cost,SHI,CONDITIONAL_FORECAST,BIZ-base-0000022,1,1,2027-01-31,base,FOUNDRY_FIELD,-2400.0000,base-01-COST-HOSTING-FF-005,BUSINESS_DRIVEN_FORECAST,foundry-field,2027
BIZ_AR,asset,2026-09-09T00:00:00Z,NONCASH_OR_OPENING,0.0000,1380000.0000,Annual subscription billing,SHI,CONDITIONAL_FORECAST,BIZ-base-0000023,1,1,2027-01-31,base,FOUNDRY_FIELD,1380000.0000,base-01-INVOICE-INV-base-FF-006-TERM-0,BUSINESS_DRIVEN_FORECAST,foundry-field,2027
BIZ_DEFERRED,liability,2026-09-09T00:00:00Z,NONCASH_OR_OPENING,1380000.0000,0.0000,Annual subscription billing,SHI,CONDITIONAL_FORECAST,BIZ-base-0000023,1,1,2027-01-31,base,FOUNDRY_FIELD,-1380000.0000,base-01-INVOICE-INV-base-FF-006-TERM-0,BUSINESS_DRIVEN_FORECAST,foundry-field,2027
BIZ_DEFERRED,liability,2026-09-09T00:00:00Z,NONCASH_OR_OPENING,0.0000,115000.0000,Monthly service under effective contract version,SHI,CONDITIONAL_FORECAST,BIZ-base-0000024,1,1,2027-01-31,base,FOUNDRY_FIELD,115000.0000,base-01-SUBSCRIPTION_SERVICE-FF-006,BUSINESS_DRIVEN_FORECAST,foundry-field,2027
BIZ_REVENUE,revenue,2026-09-09T00:00:00Z,NONCASH_OR_OPENING,115000.0000,0.0000,Monthly service under effective contract version,SHI,CONDITIONAL_FORECAST,BIZ-base-0000024,1,1,2027-01-31,base,FOUNDRY_FIELD,-115000.0000,base-01-SUBSCRIPTION_SERVICE-FF-006,BUSINESS_DRIVEN_FORECAST,foundry-field,2027
BIZ_DELIVERY,expense,2026-09-09T00:00:00Z,NONCASH_OR_OPENING,0.0000,3000.0000,Source-driven vendor cost,SHI,CONDITIONAL_FORECAST,BIZ-base-0000025,1,1,2027-01-31,base,FOUNDRY_FIELD,3000.0000,base-01-COST-HOSTING-FF-006,BUSINESS_DRIVEN_FORECAST,foundry-field,2027
BIZ_AP,liability,2026-09-09T00:00:00Z,NONCASH_OR_OPENING,3000.0000,0.0000,Source-driven vendor cost,SHI,CONDITIONAL_FORECAST,BIZ-base-0000025,1,1,2027-01-31,base,FOUNDRY_FIELD,-3000.0000,base-01-COST-HOSTING-FF-006,BUSINESS_DRIVEN_FORECAST,foundry-field,2027
BIZ_AR,asset,2026-09-09T00:00:00Z,NONCASH_OR_OPENING,0.0000,1560000.0000,Annual subscription billing,SHI,CONDITIONAL_FORECAST,BIZ-base-0000026,1,1,2027-01-31,base,FOUNDRY_FIELD,1560000.0000,base-01-INVOICE-INV-base-FF-007-TERM-0,BUSINESS_DRIVEN_FORECAST,foundry-field,2027
BIZ_DEFERRED,liability,2026-09-09T00:00:00Z,NONCASH_OR_OPENING,1560000.0000,0.0000,Annual subscription billing,SHI,CONDITIONAL_FORECAST,BIZ-base-0000026,1,1,2027-01-31,base,FOUNDRY_FIELD,-1560000.0000,base-01-INVOICE-INV-base-FF-007-TERM-0,BUSINESS_DRIVEN_FORECAST,foundry-field,2027
BIZ_DEFERRED,liability,2026-09-09T00:00:00Z,NONCASH_OR_OPENING,0.0000,130000.0000,Monthly service under effective contract version,SHI,CONDITIONAL_FORECAST,BIZ-base-0000027,1,1,2027-01-31,base,FOUNDRY_FIELD,130000.0000,base-01-SUBSCRIPTION_SERVICE-FF-007,BUSINESS_DRIVEN_FORECAST,foundry-field,2027
BIZ_REVENUE,revenue,2026-09-09T00:00:00Z,NONCASH_OR_OPENING,130000.0000,0.0000,Monthly service under effective contract version,SHI,CONDITIONAL_FORECAST,BIZ-base-0000027,1,1,2027-01-31,base,FOUNDRY_FIELD,-130000.0000,base-01-SUBSCRIPTION_SERVICE-FF-007,BUSINESS_DRIVEN_FORECAST,foundry-field,2027
BIZ_DELIVERY,expense,2026-09-09T00:00:00Z,NONCASH_OR_OPENING,0.0000,3600.0000,Source-driven vendor cost,SHI,CONDITIONAL_FORECAST,BIZ-base-0000028,1,1,2027-01-31,base,FOUNDRY_FIELD,3600.0000,base-01-COST-HOSTING-FF-007,BUSINESS_DRIVEN_FORECAST,foundry-field,2027
BIZ_AP,liability,2026-09-09T00:00:00Z,NONCASH_OR_OPENING,3600.0000,0.0000,Source-driven vendor cost,SHI,CONDITIONAL_FORECAST,BIZ-base-0000028,1,1,2027-01-31,base,FOUNDRY_FIELD,-3600.0000,base-01-COST-HOSTING-FF-007,BUSINESS_DRIVEN_FORECAST,foundry-field,2027
BIZ_AR,asset,2026-09-09T00:00:00Z,NONCASH_OR_OPENING,0.0000,1740000.0000,Annual subscription billing,SHI,CONDITIONAL_FORECAST,BIZ-base-0000029,1,1,2027-01-31,base,FOUNDRY_FIELD,1740000.0000,base-01-INVOICE-INV-base-FF-008-TERM-0,BUSINESS_DRIVEN_FORECAST,foundry-field,2027
BIZ_DEFERRED,liability,2026-09-09T00:00:00Z,NONCASH_OR_OPENING,1740000.0000,0.0000,Annual subscription billing,SHI,CONDITIONAL_FORECAST,BIZ-base-0000029,1,1,2027-01-31,base,FOUNDRY_FIELD,-1740000.0000,base-01-INVOICE-INV-base-FF-008-TERM-0,BUSINESS_DRIVEN_FORECAST,foundry-field,2027
BIZ_DEFERRED,liability,2026-09-09T00:00:00Z,NONCASH_OR_OPENING,0.0000,145000.0000,Monthly service under effective contract version,SHI,CONDITIONAL_FORECAST,BIZ-base-0000030,1,1,2027-01-31,base,FOUNDRY_FIELD,145000.0000,base-01-SUBSCRIPTION_SERVICE-FF-008,BUSINESS_DRIVEN_FORECAST,foundry-field,2027
BIZ_REVENUE,revenue,2026-09-09T00:00:00Z,NONCASH_OR_OPENING,145000.0000,0.0000,Monthly service under effective contract version,SHI,CONDITIONAL_FORECAST,BIZ-base-0000030,1,1,2027-01-31,base,FOUNDRY_FIELD,-145000.0000,base-01-SUBSCRIPTION_SERVICE-FF-008,BUSINESS_DRIVEN_FORECAST,foundry-field,2027
BIZ_DELIVERY,expense,2026-09-09T00:00:00Z,NONCASH_OR_OPENING,0.0000,1800.0000,Source-driven vendor cost,SHI,CONDITIONAL_FORECAST,BIZ-base-0000031,1,1,2027-01-31,base,FOUNDRY_FIELD,1800.0000,base-01-COST-HOSTING-FF-008,BUSINESS_DRIVEN_FORECAST,foundry-field,2027
BIZ_AP,liability,2026-09-09T00:00:00Z,NONCASH_OR_OPENING,1800.0000,0.0000,Source-driven vendor cost,SHI,CONDITIONAL_FORECAST,BIZ-base-0000031,1,1,2027-01-31,base,FOUNDRY_FIELD,-1800.0000,base-01-COST-HOSTING-FF-008,BUSINESS_DRIVEN_FORECAST,foundry-field,2027
BIZ_AR,asset,2026-09-09T00:00:00Z,NONCASH_OR_OPENING,0.0000,1920000.0000,Annual subscription billing,SHI,CONDITIONAL_FORECAST,BIZ-base-0000032,1,1,2027-01-31,base,FOUNDRY_FIELD,1920000.0000,base-01-INVOICE-INV-base-FF-009-TERM-0,BUSINESS_DRIVEN_FORECAST,foundry-field,2027
BIZ_DEFERRED,liability,2026-09-09T00:00:00Z,NONCASH_OR_OPENING,1920000.0000,0.0000,Annual subscription billing,SHI,CONDITIONAL_FORECAST,BIZ-base-0000032,1,1,2027-01-31,base,FOUNDRY_FIELD,-1920000.0000,base-01-INVOICE-INV-base-FF-009-TERM-0,BUSINESS_DRIVEN_FORECAST,foundry-field,2027
BIZ_DEFERRED,liability,2026-09-09T00:00:00Z,NONCASH_OR_OPENING,0.0000,160000.0000,Monthly service under effective contract version,SHI,CONDITIONAL_FORECAST,BIZ-base-0000033,1,1,2027-01-31,base,FOUNDRY_FIELD,160000.0000,base-01-SUBSCRIPTION_SERVICE-FF-009,BUSINESS_DRIVEN_FORECAST,foundry-field,2027
BIZ_REVENUE,revenue,2026-09-09T00:00:00Z,NONCASH_OR_OPENING,160000.0000,0.0000,Monthly service under effective contract version,SHI,CONDITIONAL_FORECAST,BIZ-base-0000033,1,1,2027-01-31,base,FOUNDRY_FIELD,-160000.0000,base-01-SUBSCRIPTION_SERVICE-FF-009,BUSINESS_DRIVEN_FORECAST,foundry-field,2027
BIZ_DELIVERY,expense,2026-09-09T00:00:00Z,NONCASH_OR_OPENING,0.0000,2400.0000,Source-driven vendor cost,SHI,CONDITIONAL_FORECAST,BIZ-base-0000034,1,1,2027-01-31,base,FOUNDRY_FIELD,2400.0000,base-01-COST-HOSTING-FF-009,BUSINESS_DRIVEN_FORECAST,foundry-field,2027
BIZ_AP,liability,2026-09-09T00:00:00Z,NONCASH_OR_OPENING,2400.0000,0.0000,Source-driven vendor cost,SHI,CONDITIONAL_FORECAST,BIZ-base-0000034,1,1,2027-01-31,base,FOUNDRY_FIELD,-2400.0000,base-01-COST-HOSTING-FF-009,BUSINESS_DRIVEN_FORECAST,foundry-field,2027
BIZ_AR,asset,2026-09-09T00:00:00Z,NONCASH_OR_OPENING,0.0000,1200000.0000,Annual subscription billing,SHI,CONDITIONAL_FORECAST,BIZ-base-0000035,1,1,2027-01-31,base,FOUNDRY_FIELD,1200000.0000,base-01-INVOICE-INV-base-FF-010-TERM-0,BUSINESS_DRIVEN_FORECAST,foundry-field,2027
BIZ_DEFERRED,liability,2026-09-09T00:00:00Z,NONCASH_OR_OPENING,1200000.0000,0.0000,Annual subscription billing,SHI,CONDITIONAL_FORECAST,BIZ-base-0000035,1,1,2027-01-31,base,FOUNDRY_FIELD,-1200000.0000,base-01-INVOICE-INV-base-FF-010-TERM-0,BUSINESS_DRIVEN_FORECAST,foundry-field,2027
BIZ_DEFERRED,liability,2026-09-09T00:00:00Z,NONCASH_OR_OPENING,0.0000,100000.0000,Monthly service under effective contract version,SHI,CONDITIONAL_FORECAST,BIZ-base-0000036,1,1,2027-01-31,base,FOUNDRY_FIELD,100000.0000,base-01-SUBSCRIPTION_SERVICE-FF-010,BUSINESS_DRIVEN_FORECAST,foundry-field,2027
BIZ_REVENUE,revenue,2026-09-09T00:00:00Z,NONCASH_OR_OPENING,100000.0000,0.0000,Monthly service under effective contract version,SHI,CONDITIONAL_FORECAST,BIZ-base-0000036,1,1,2027-01-31,base,FOUNDRY_FIELD,-100000.0000,base-01-SUBSCRIPTION_SERVICE-FF-010,BUSINESS_DRIVEN_FORECAST,foundry-field,2027
BIZ_DELIVERY,expense,2026-09-09T00:00:00Z,NONCASH_OR_OPENING,0.0000,3000.0000,Source-driven vendor cost,SHI,CONDITIONAL_FORECAST,BIZ-base-0000037,1,1,2027-01-31,base,FOUNDRY_FIELD,3000.0000,base-01-COST-HOSTING-FF-010,BUSINESS_DRIVEN_FORECAST,foundry-field,2027
BIZ_AP,liability,2026-09-09T00:00:00Z,NONCASH_OR_OPENING,3000.0000,0.0000,Source-driven vendor cost,SHI,CONDITIONAL_FORECAST,BIZ-base-0000037,1,1,2027-01-31,base,FOUNDRY_FIELD,-3000.0000,base-01-COST-HOSTING-FF-010,BUSINESS_DRIVEN_FORECAST,foundry-field,2027
BIZ_AR,asset,2026-09-09T00:00:00Z,NONCASH_OR_OPENING,0.0000,1380000.0000,Annual subscription billing,SHI,CONDITIONAL_FORECAST,BIZ-base-0000038,1,1,2027-01-31,base,FOUNDRY_FIELD,1380000.0000,base-01-INVOICE-INV-base-FF-011-TERM-0,BUSINESS_DRIVEN_FORECAST,foundry-field,2027
BIZ_DEFERRED,liability,2026-09-09T00:00:00Z,NONCASH_OR_OPENING,1380000.0000,0.0000,Annual subscription billing,SHI,CONDITIONAL_FORECAST,BIZ-base-0000038,1,1,2027-01-31,base,FOUNDRY_FIELD,-1380000.0000,base-01-INVOICE-INV-base-FF-011-TERM-0,BUSINESS_DRIVEN_FORECAST,foundry-field,2027
BIZ_DEFERRED,liability,2026-09-09T00:00:00Z,NONCASH_OR_OPENING,0.0000,115000.0000,Monthly service under effective contract version,SHI,CONDITIONAL_FORECAST,BIZ-base-0000039,1,1,2027-01-31,base,FOUNDRY_FIELD,115000.0000,base-01-SUBSCRIPTION_SERVICE-FF-011,BUSINESS_DRIVEN_FORECAST,foundry-field,2027
BIZ_REVENUE,revenue,2026-09-09T00:00:00Z,NONCASH_OR_OPENING,115000.0000,0.0000,Monthly service under effective contract version,SHI,CONDITIONAL_FORECAST,BIZ-base-0000039,1,1,2027-01-31,base,FOUNDRY_FIELD,-115000.0000,base-01-SUBSCRIPTION_SERVICE-FF-011,BUSINESS_DRIVEN_FORECAST,foundry-field,2027
BIZ_DELIVERY,expense,2026-09-09T00:00:00Z,NONCASH_OR_OPENING,0.0000,3600.0000,Source-driven vendor cost,SHI,CONDITIONAL_FORECAST,BIZ-base-0000040,1,1,2027-01-31,base,FOUNDRY_FIELD,3600.0000,base-01-COST-HOSTING-FF-011,BUSINESS_DRIVEN_FORECAST,foundry-field,2027
BIZ_AP,liability,2026-09-09T00:00:00Z,NONCASH_OR_OPENING,3600.0000,0.0000,Source-driven vendor cost,SHI,CONDITIONAL_FORECAST,BIZ-base-0000040,1,1,2027-01-31,base,FOUNDRY_FIELD,-3600.0000,base-01-COST-HOSTING-FF-011,BUSINESS_DRIVEN_FORECAST,foundry-field,2027
BIZ_AR,asset,2026-09-09T00:00:00Z,NONCASH_OR_OPENING,0.0000,1560000.0000,Annual subscription billing,SHI,CONDITIONAL_FORECAST,BIZ-base-0000041,1,1,2027-01-31,base,FOUNDRY_FIELD,1560000.0000,base-01-INVOICE-INV-base-FF-012-TERM-0,BUSINESS_DRIVEN_FORECAST,foundry-field,2027
BIZ_DEFERRED,liability,2026-09-09T00:00:00Z,NONCASH_OR_OPENING,1560000.0000,0.0000,Annual subscription billing,SHI,CONDITIONAL_FORECAST,BIZ-base-0000041,1,1,2027-01-31,base,FOUNDRY_FIELD,-1560000.0000,base-01-INVOICE-INV-base-FF-012-TERM-0,BUSINESS_DRIVEN_FORECAST,foundry-field,2027
BIZ_DEFERRED,liability,2026-09-09T00:00:00Z,NONCASH_OR_OPENING,0.0000,130000.0000,Monthly service under effective contract version,SHI,CONDITIONAL_FORECAST,BIZ-base-0000042,1,1,2027-01-31,base,FOUNDRY_FIELD,130000.0000,base-01-SUBSCRIPTION_SERVICE-FF-012,BUSINESS_DRIVEN_FORECAST,foundry-field,2027
BIZ_REVENUE,revenue,2026-09-09T00:00:00Z,NONCASH_OR_OPENING,130000.0000,0.0000,Monthly service under effective contract version,SHI,CONDITIONAL_FORECAST,BIZ-base-0000042,1,1,2027-01-31,base,FOUNDRY_FIELD,-130000.0000,base-01-SUBSCRIPTION_SERVICE-FF-012,BUSINESS_DRIVEN_FORECAST,foundry-field,2027
BIZ_DELIVERY,expense,2026-09-09T00:00:00Z,NONCASH_OR_OPENING,0.0000,1800.0000,Source-driven vendor cost,SHI,CONDITIONAL_FORECAST,BIZ-base-0000043,1,1,2027-01-31,base,FOUNDRY_FIELD,1800.0000,base-01-COST-HOSTING-FF-012,BUSINESS_DRIVEN_FORECAST,foundry-field,2027
BIZ_AP,liability,2026-09-09T00:00:00Z,NONCASH_OR_OPENING,1800.0000,0.0000,Source-driven vendor cost,SHI,CONDITIONAL_FORECAST,BIZ-base-0000043,1,1,2027-01-31,base,FOUNDRY_FIELD,-1800.0000,base-01-COST-HOSTING-FF-012,BUSINESS_DRIVEN_FORECAST,foundry-field,2027
BIZ_AR,asset,2026-09-09T00:00:00Z,NONCASH_OR_OPENING,0.0000,1740000.0000,Annual subscription billing,SHI,CONDITIONAL_FORECAST,BIZ-base-0000044,1,1,2027-01-31,base,FOUNDRY_FIELD,1740000.0000,base-01-INVOICE-INV-base-FF-013-TERM-0,BUSINESS_DRIVEN_FORECAST,foundry-field,2027
BIZ_DEFERRED,liability,2026-09-09T00:00:00Z,NONCASH_OR_OPENING,1740000.0000,0.0000,Annual subscription billing,SHI,CONDITIONAL_FORECAST,BIZ-base-0000044,1,1,2027-01-31,base,FOUNDRY_FIELD,-1740000.0000,base-01-INVOICE-INV-base-FF-013-TERM-0,BUSINESS_DRIVEN_FORECAST,foundry-field,2027
BIZ_DEFERRED,liability,2026-09-09T00:00:00Z,NONCASH_OR_OPENING,0.0000,145000.0000,Monthly service under effective contract version,SHI,CONDITIONAL_FORECAST,BIZ-base-0000045,1,1,2027-01-31,base,FOUNDRY_FIELD,145000.0000,base-01-SUBSCRIPTION_SERVICE-FF-013,BUSINESS_DRIVEN_FORECAST,foundry-field,2027
BIZ_REVENUE,revenue,2026-09-09T00:00:00Z,NONCASH_OR_OPENING,145000.0000,0.0000,Monthly service under effective contract version,SHI,CONDITIONAL_FORECAST,BIZ-base-0000045,1,1,2027-01-31,base,FOUNDRY_FIELD,-145000.0000,base-01-SUBSCRIPTION_SERVICE-FF-013,BUSINESS_DRIVEN_FORECAST,foundry-field,2027
BIZ_DELIVERY,expense,2026-09-09T00:00:00Z,NONCASH_OR_OPENING,0.0000,2400.0000,Source-driven vendor cost,SHI,CONDITIONAL_FORECAST,BIZ-base-0000046,1,1,2027-01-31,base,FOUNDRY_FIELD,2400.0000,base-01-COST-HOSTING-FF-013,BUSINESS_DRIVEN_FORECAST,foundry-field,2027
BIZ_AP,liability,2026-09-09T00:00:00Z,NONCASH_OR_OPENING,2400.0000,0.0000,Source-driven vendor cost,SHI,CONDITIONAL_FORECAST,BIZ-base-0000046,1,1,2027-01-31,base,FOUNDRY_FIELD,-2400.0000,base-01-COST-HOSTING-FF-013,BUSINESS_DRIVEN_FORECAST,foundry-field,2027
BIZ_AR,asset,2026-09-09T00:00:00Z,NONCASH_OR_OPENING,0.0000,1920000.0000,Annual subscription billing,SHI,CONDITIONAL_FORECAST,BIZ-base-0000047,1,1,2027-01-31,base,FOUNDRY_FIELD,1920000.0000,base-01-INVOICE-INV-base-FF-014-TERM-0,BUSINESS_DRIVEN_FORECAST,foundry-field,2027
BIZ_DEFERRED,liability,2026-09-09T00:00:00Z,NONCASH_OR_OPENING,1920000.0000,0.0000,Annual subscription billing,SHI,CONDITIONAL_FORECAST,BIZ-base-0000047,1,1,2027-01-31,base,FOUNDRY_FIELD,-1920000.0000,base-01-INVOICE-INV-base-FF-014-TERM-0,BUSINESS_DRIVEN_FORECAST,foundry-field,2027
BIZ_DEFERRED,liability,2026-09-09T00:00:00Z,NONCASH_OR_OPENING,0.0000,160000.0000,Monthly service under effective contract version,SHI,CONDITIONAL_FORECAST,BIZ-base-0000048,1,1,2027-01-31,base,FOUNDRY_FIELD,160000.0000,base-01-SUBSCRIPTION_SERVICE-FF-014,BUSINESS_DRIVEN_FORECAST,foundry-field,2027
BIZ_REVENUE,revenue,2026-09-09T00:00:00Z,NONCASH_OR_OPENING,160000.0000,0.0000,Monthly service under effective contract version,SHI,CONDITIONAL_FORECAST,BIZ-base-0000048,1,1,2027-01-31,base,FOUNDRY_FIELD,-160000.0000,base-01-SUBSCRIPTION_SERVICE-FF-014,BUSINESS_DRIVEN_FORECAST,foundry-field,2027
BIZ_DELIVERY,expense,2026-09-09T00:00:00Z,NONCASH_OR_OPENING,0.0000,3000.0000,Source-driven vendor cost,SHI,CONDITIONAL_FORECAST,BIZ-base-0000049,1,1,2027-01-31,base,FOUNDRY_FIELD,3000.0000,base-01-COST-HOSTING-FF-014,BUSINESS_DRIVEN_FORECAST,foundry-field,2027
BIZ_AP,liability,2026-09-09T00:00:00Z,NONCASH_OR_OPENING,3000.0000,0.0000,Source-driven vendor cost,SHI,CONDITIONAL_FORECAST,BIZ-base-0000049,1,1,2027-01-31,base,FOUNDRY_FIELD,-3000.0000,base-01-COST-HOSTING-FF-014,BUSINESS_DRIVEN_FORECAST,foundry-field,2027
BIZ_AR,asset,2026-09-09T00:00:00Z,NONCASH_OR_OPENING,0.0000,1200000.0000,Annual subscription billing,SHI,CONDITIONAL_FORECAST,BIZ-base-0000050,1,1,2027-01-31,base,FOUNDRY_FIELD,1200000.0000,base-01-INVOICE-INV-base-FF-015-TERM-0,BUSINESS_DRIVEN_FORECAST,foundry-field,2027
BIZ_DEFERRED,liability,2026-09-09T00:00:00Z,NONCASH_OR_OPENING,1200000.0000,0.0000,Annual subscription billing,SHI,CONDITIONAL_FORECAST,BIZ-base-0000050,1,1,2027-01-31,base,FOUNDRY_FIELD,-1200000.0000,base-01-INVOICE-INV-base-FF-015-TERM-0,BUSINESS_DRIVEN_FORECAST,foundry-field,2027
BIZ_DEFERRED,liability,2026-09-09T00:00:00Z,NONCASH_OR_OPENING,0.0000,100000.0000,Monthly service under effective contract version,SHI,CONDITIONAL_FORECAST,BIZ-base-0000051,1,1,2027-01-31,base,FOUNDRY_FIELD,100000.0000,base-01-SUBSCRIPTION_SERVICE-FF-015,BUSINESS_DRIVEN_FORECAST,foundry-field,2027
BIZ_REVENUE,revenue,2026-09-09T00:00:00Z,NONCASH_OR_OPENING,100000.0000,0.0000,Monthly service under effective contract version,SHI,CONDITIONAL_FORECAST,BIZ-base-0000051,1,1,2027-01-31,base,FOUNDRY_FIELD,-100000.0000,base-01-SUBSCRIPTION_SERVICE-FF-015,BUSINESS_DRIVEN_FORECAST,foundry-field,2027
BIZ_DELIVERY,expense,2026-09-09T00:00:00Z,NONCASH_OR_OPENING,0.0000,3600.0000,Source-driven vendor cost,SHI,CONDITIONAL_FORECAST,BIZ-base-0000052,1,1,2027-01-31,base,FOUNDRY_FIELD,3600.0000,base-01-COST-HOSTING-FF-015,BUSINESS_DRIVEN_FORECAST,foundry-field,2027
BIZ_AP,liability,2026-09-09T00:00:00Z,NONCASH_OR_OPENING,3600.0000,0.0000,Source-driven vendor cost,SHI,CONDITIONAL_FORECAST,BIZ-base-0000052,1,1,2027-01-31,base,FOUNDRY_FIELD,-3600.0000,base-01-COST-HOSTING-FF-015,BUSINESS_DRIVEN_FORECAST,foundry-field,2027
BIZ_AR,asset,2026-09-09T00:00:00Z,NONCASH_OR_OPENING,0.0000,1380000.0000,Annual subscription billing,SHI,CONDITIONAL_FORECAST,BIZ-base-0000053,1,1,2027-01-31,base,FOUNDRY_FIELD,1380000.0000,base-01-INVOICE-INV-base-FF-016-TERM-0,BUSINESS_DRIVEN_FORECAST,foundry-field,2027
BIZ_DEFERRED,liability,2026-09-09T00:00:00Z,NONCASH_OR_OPENING,1380000.0000,0.0000,Annual subscription billing,SHI,CONDITIONAL_FORECAST,BIZ-base-0000053,1,1,2027-01-31,base,FOUNDRY_FIELD,-1380000.0000,base-01-INVOICE-INV-base-FF-016-TERM-0,BUSINESS_DRIVEN_FORECAST,foundry-field,2027
BIZ_DEFERRED,liability,2026-09-09T00:00:00Z,NONCASH_OR_OPENING,0.0000,115000.0000,Monthly service under effective contract version,SHI,CONDITIONAL_FORECAST,BIZ-base-0000054,1,1,2027-01-31,base,FOUNDRY_FIELD,115000.0000,base-01-SUBSCRIPTION_SERVICE-FF-016,BUSINESS_DRIVEN_FORECAST,foundry-field,2027
BIZ_REVENUE,revenue,2026-09-09T00:00:00Z,NONCASH_OR_OPENING,115000.0000,0.0000,Monthly service under effective contract version,SHI,CONDITIONAL_FORECAST,BIZ-base-0000054,1,1,2027-01-31,base,FOUNDRY_FIELD,-115000.0000,base-01-SUBSCRIPTION_SERVICE-FF-016,BUSINESS_DRIVEN_FORECAST,foundry-field,2027
BIZ_DELIVERY,expense,2026-09-09T00:00:00Z,NONCASH_OR_OPENING,0.0000,1800.0000,Source-driven vendor cost,SHI,CONDITIONAL_FORECAST,BIZ-base-0000055,1,1,2027-01-31,base,FOUNDRY_FIELD,1800.0000,base-01-COST-HOSTING-FF-016,BUSINESS_DRIVEN_FORECAST,foundry-field,2027
BIZ_AP,liability,2026-09-09T00:00:00Z,NONCASH_OR_OPENING,1800.0000,0.0000,Source-driven vendor cost,SHI,CONDITIONAL_FORECAST,BIZ-base-0000055,1,1,2027-01-31,base,FOUNDRY_FIELD,-1800.0000,base-01-COST-HOSTING-FF-016,BUSINESS_DRIVEN_FORECAST,foundry-field,2027
BIZ_AR,asset,2026-09-09T00:00:00Z,NONCASH_OR_OPENING,0.0000,1560000.0000,Annual subscription billing,SHI,CONDITIONAL_FORECAST,BIZ-base-0000056,1,1,2027-01-31,base,FOUNDRY_FIELD,1560000.0000,base-01-INVOICE-INV-base-FF-017-TERM-0,BUSINESS_DRIVEN_FORECAST,foundry-field,2027
BIZ_DEFERRED,liability,2026-09-09T00:00:00Z,NONCASH_OR_OPENING,1560000.0000,0.0000,Annual subscription billing,SHI,CONDITIONAL_FORECAST,BIZ-base-0000056,1,1,2027-01-31,base,FOUNDRY_FIELD,-1560000.0000,base-01-INVOICE-INV-base-FF-017-TERM-0,BUSINESS_DRIVEN_FORECAST,foundry-field,2027
BIZ_DEFERRED,liability,2026-09-09T00:00:00Z,NONCASH_OR_OPENING,0.0000,130000.0000,Monthly service under effective contract version,SHI,CONDITIONAL_FORECAST,BIZ-base-0000057,1,1,2027-01-31,base,FOUNDRY_FIELD,130000.0000,base-01-SUBSCRIPTION_SERVICE-FF-017,BUSINESS_DRIVEN_FORECAST,foundry-field,2027
BIZ_REVENUE,revenue,2026-09-09T00:00:00Z,NONCASH_OR_OPENING,130000.0000,0.0000,Monthly service under effective contract version,SHI,CONDITIONAL_FORECAST,BIZ-base-0000057,1,1,2027-01-31,base,FOUNDRY_FIELD,-130000.0000,base-01-SUBSCRIPTION_SERVICE-FF-017,BUSINESS_DRIVEN_FORECAST,foundry-field,2027
BIZ_DELIVERY,expense,2026-09-09T00:00:00Z,NONCASH_OR_OPENING,0.0000,2400.0000,Source-driven vendor cost,SHI,CONDITIONAL_FORECAST,BIZ-base-0000058,1,1,2027-01-31,base,FOUNDRY_FIELD,2400.0000,base-01-COST-HOSTING-FF-017,BUSINESS_DRIVEN_FORECAST,foundry-field,2027
BIZ_AP,liability,2026-09-09T00:00:00Z,NONCASH_OR_OPENING,2400.0000,0.0000,Source-driven vendor cost,SHI,CONDITIONAL_FORECAST,BIZ-base-0000058,1,1,2027-01-31,base,FOUNDRY_FIELD,-2400.0000,base-01-COST-HOSTING-FF-017,BUSINESS_DRIVEN_FORECAST,foundry-field,2027
BIZ_AR,asset,2026-09-09T00:00:00Z,NONCASH_OR_OPENING,0.0000,1740000.0000,Annual subscription billing,SHI,CONDITIONAL_FORECAST,BIZ-base-0000059,1,1,2027-01-31,base,FOUNDRY_FIELD,1740000.0000,base-01-INVOICE-INV-base-FF-018-TERM-0,BUSINESS_DRIVEN_FORECAST,foundry-field,2027
BIZ_DEFERRED,liability,2026-09-09T00:00:00Z,NONCASH_OR_OPENING,1740000.0000,0.0000,Annual subscription billing,SHI,CONDITIONAL_FORECAST,BIZ-base-0000059,1,1,2027-01-31,base,FOUNDRY_FIELD,-1740000.0000,base-01-INVOICE-INV-base-FF-018-TERM-0,BUSINESS_DRIVEN_FORECAST,foundry-field,2027
BIZ_DEFERRED,liability,2026-09-09T00:00:00Z,NONCASH_OR_OPENING,0.0000,145000.0000,Monthly service under effective contract version,SHI,CONDITIONAL_FORECAST,BIZ-base-0000060,1,1,2027-01-31,base,FOUNDRY_FIELD,145000.0000,base-01-SUBSCRIPTION_SERVICE-FF-018,BUSINESS_DRIVEN_FORECAST,foundry-field,2027
BIZ_REVENUE,revenue,2026-09-09T00:00:00Z,NONCASH_OR_OPENING,145000.0000,0.0000,Monthly service under effective contract version,SHI,CONDITIONAL_FORECAST,BIZ-base-0000060,1,1,2027-01-31,base,FOUNDRY_FIELD,-145000.0000,base-01-SUBSCRIPTION_SERVICE-FF-018,BUSINESS_DRIVEN_FORECAST,foundry-field,2027
BIZ_DELIVERY,expense,2026-09-09T00:00:00Z,NONCASH_OR_OPENING,0.0000,3000.0000,Source-driven vendor cost,SHI,CONDITIONAL_FORECAST,BIZ-base-0000061,1,1,2027-01-31,base,FOUNDRY_FIELD,3000.0000,base-01-COST-HOSTING-FF-018,BUSINESS_DRIVEN_FORECAST,foundry-field,2027
BIZ_AP,liability,2026-09-09T00:00:00Z,NONCASH_OR_OPENING,3000.0000,0.0000,Source-driven vendor cost,SHI,CONDITIONAL_FORECAST,BIZ-base-0000061,1,1,2027-01-31,base,FOUNDRY_FIELD,-3000.0000,base-01-COST-HOSTING-FF-018,BUSINESS_DRIVEN_FORECAST,foundry-field,2027
BIZ_AR,asset,2026-09-09T00:00:00Z,NONCASH_OR_OPENING,0.0000,1920000.0000,Annual subscription billing,SHI,CONDITIONAL_FORECAST,BIZ-base-0000062,1,1,2027-01-31,base,FOUNDRY_FIELD,1920000.0000,base-01-INVOICE-INV-base-FF-019-TERM-0,BUSINESS_DRIVEN_FORECAST,foundry-field,2027
BIZ_DEFERRED,liability,2026-09-09T00:00:00Z,NONCASH_OR_OPENING,1920000.0000,0.0000,Annual subscription billing,SHI,CONDITIONAL_FORECAST,BIZ-base-0000062,1,1,2027-01-31,base,FOUNDRY_FIELD,-1920000.0000,base-01-INVOICE-INV-base-FF-019-TERM-0,BUSINESS_DRIVEN_FORECAST,foundry-field,2027
BIZ_DEFERRED,liability,2026-09-09T00:00:00Z,NONCASH_OR_OPENING,0.0000,160000.0000,Monthly service under effective contract version,SHI,CONDITIONAL_FORECAST,BIZ-base-0000063,1,1,2027-01-31,base,FOUNDRY_FIELD,160000.0000,base-01-SUBSCRIPTION_SERVICE-FF-019,BUSINESS_DRIVEN_FORECAST,foundry-field,2027
BIZ_REVENUE,revenue,2026-09-09T00:00:00Z,NONCASH_OR_OPENING,160000.0000,0.0000,Monthly service under effective contract version,SHI,CONDITIONAL_FORECAST,BIZ-base-0000063,1,1,2027-01-31,base,FOUNDRY_FIELD,-160000.0000,base-01-SUBSCRIPTION_SERVICE-FF-019,BUSINESS_DRIVEN_FORECAST,foundry-field,2027
BIZ_DELIVERY,expense,2026-09-09T00:00:00Z,NONCASH_OR_OPENING,0.0000,3600.0000,Source-driven vendor cost,SHI,CONDITIONAL_FORECAST,BIZ-base-0000064,1,1,2027-01-31,base,FOUNDRY_FIELD,3600.0000,base-01-COST-HOSTING-FF-019,BUSINESS_DRIVEN_FORECAST,foundry-field,2027
BIZ_AP,liability,2026-09-09T00:00:00Z,NONCASH_OR_OPENING,3600.0000,0.0000,Source-driven vendor cost,SHI,CONDITIONAL_FORECAST,BIZ-base-0000064,1,1,2027-01-31,base,FOUNDRY_FIELD,-3600.0000,base-01-COST-HOSTING-FF-019,BUSINESS_DRIVEN_FORECAST,foundry-field,2027
BIZ_AR,asset,2026-09-09T00:00:00Z,NONCASH_OR_OPENING,0.0000,1200000.0000,Annual subscription billing,SHI,CONDITIONAL_FORECAST,BIZ-base-0000065,1,1,2027-01-31,base,FOUNDRY_FIELD,1200000.0000,base-01-INVOICE-INV-base-FF-020-TERM-0,BUSINESS_DRIVEN_FORECAST,foundry-field,2027
BIZ_DEFERRED,liability,2026-09-09T00:00:00Z,NONCASH_OR_OPENING,1200000.0000,0.0000,Annual subscription billing,SHI,CONDITIONAL_FORECAST,BIZ-base-0000065,1,1,2027-01-31,base,FOUNDRY_FIELD,-1200000.0000,base-01-INVOICE-INV-base-FF-020-TERM-0,BUSINESS_DRIVEN_FORECAST,foundry-field,2027
BIZ_DEFERRED,liability,2026-09-09T00:00:00Z,NONCASH_OR_OPENING,0.0000,100000.0000,Monthly service under effective contract version,SHI,CONDITIONAL_FORECAST,BIZ-base-0000066,1,1,2027-01-31,base,FOUNDRY_FIELD,100000.0000,base-01-SUBSCRIPTION_SERVICE-FF-020,BUSINESS_DRIVEN_FORECAST,foundry-field,2027
BIZ_REVENUE,revenue,2026-09-09T00:00:00Z,NONCASH_OR_OPENING,100000.0000,0.0000,Monthly service under effective contract version,SHI,CONDITIONAL_FORECAST,BIZ-base-0000066,1,1,2027-01-31,base,FOUNDRY_FIELD,-100000.0000,base-01-SUBSCRIPTION_SERVICE-FF-020,BUSINESS_DRIVEN_FORECAST,foundry-field,2027
BIZ_DELIVERY,expense,2026-09-09T00:00:00Z,NONCASH_OR_OPENING,0.0000,1800.0000,Source-driven vendor cost,SHI,CONDITIONAL_FORECAST,BIZ-base-0000067,1,1,2027-01-31,base,FOUNDRY_FIELD,1800.0000,base-01-COST-HOSTING-FF-020,BUSINESS_DRIVEN_FORECAST,foundry-field,2027
BIZ_AP,liability,2026-09-09T00:00:00Z,NONCASH_OR_OPENING,1800.0000,0.0000,Source-driven vendor cost,SHI,CONDITIONAL_FORECAST,BIZ-base-0000067,1,1,2027-01-31,base,FOUNDRY_FIELD,-1800.0000,base-01-COST-HOSTING-FF-020,BUSINESS_DRIVEN_FORECAST,foundry-field,2027
BIZ_AR,asset,2026-09-09T00:00:00Z,NONCASH_OR_OPENING,0.0000,1380000.0000,Annual subscription billing,SHI,CONDITIONAL_FORECAST,BIZ-base-0000068,1,1,2027-01-31,base,FOUNDRY_FIELD,1380000.0000,base-01-INVOICE-INV-base-FF-021-TERM-0,BUSINESS_DRIVEN_FORECAST,foundry-field,2027
BIZ_DEFERRED,liability,2026-09-09T00:00:00Z,NONCASH_OR_OPENING,1380000.0000,0.0000,Annual subscription billing,SHI,CONDITIONAL_FORECAST,BIZ-base-0000068,1,1,2027-01-31,base,FOUNDRY_FIELD,-1380000.0000,base-01-INVOICE-INV-base-FF-021-TERM-0,BUSINESS_DRIVEN_FORECAST,foundry-field,2027
BIZ_DEFERRED,liability,2026-09-09T00:00:00Z,NONCASH_OR_OPENING,0.0000,115000.0000,Monthly service under effective contract version,SHI,CONDITIONAL_FORECAST,BIZ-base-0000069,1,1,2027-01-31,base,FOUNDRY_FIELD,115000.0000,base-01-SUBSCRIPTION_SERVICE-FF-021,BUSINESS_DRIVEN_FORECAST,foundry-field,2027
BIZ_REVENUE,revenue,2026-09-09T00:00:00Z,NONCASH_OR_OPENING,115000.0000,0.0000,Monthly service under effective contract version,SHI,CONDITIONAL_FORECAST,BIZ-base-0000069,1,1,2027-01-31,base,FOUNDRY_FIELD,-115000.0000,base-01-SUBSCRIPTION_SERVICE-FF-021,BUSINESS_DRIVEN_FORECAST,foundry-field,2027
BIZ_DELIVERY,expense,2026-09-09T00:00:00Z,NONCASH_OR_OPENING,0.0000,2400.0000,Source-driven vendor cost,SHI,CONDITIONAL_FORECAST,BIZ-base-0000070,1,1,2027-01-31,base,FOUNDRY_FIELD,2400.0000,base-01-COST-HOSTING-FF-021,BUSINESS_DRIVEN_FORECAST,foundry-field,2027
BIZ_AP,liability,2026-09-09T00:00:00Z,NONCASH_OR_OPENING,2400.0000,0.0000,Source-driven vendor cost,SHI,CONDITIONAL_FORECAST,BIZ-base-0000070,1,1,2027-01-31,base,FOUNDRY_FIELD,-2400.0000,base-01-COST-HOSTING-FF-021,BUSINESS_DRIVEN_FORECAST,foundry-field,2027
BIZ_AR,asset,2026-09-09T00:00:00Z,NONCASH_OR_OPENING,0.0000,1560000.0000,Annual subscription billing,SHI,CONDITIONAL_FORECAST,BIZ-base-0000071,1,1,2027-01-31,base,FOUNDRY_FIELD,1560000.0000,base-01-INVOICE-INV-base-FF-022-TERM-0,BUSINESS_DRIVEN_FORECAST,foundry-field,2027
BIZ_DEFERRED,liability,2026-09-09T00:00:00Z,NONCASH_OR_OPENING,1560000.0000,0.0000,Annual subscription billing,SHI,CONDITIONAL_FORECAST,BIZ-base-0000071,1,1,2027-01-31,base,FOUNDRY_FIELD,-1560000.0000,base-01-INVOICE-INV-base-FF-022-TERM-0,BUSINESS_DRIVEN_FORECAST,foundry-field,2027
BIZ_DEFERRED,liability,2026-09-09T00:00:00Z,NONCASH_OR_OPENING,0.0000,130000.0000,Monthly service under effective contract version,SHI,CONDITIONAL_FORECAST,BIZ-base-0000072,1,1,2027-01-31,base,FOUNDRY_FIELD,130000.0000,base-01-SUBSCRIPTION_SERVICE-FF-022,BUSINESS_DRIVEN_FORECAST,foundry-field,2027
BIZ_REVENUE,revenue,2026-09-09T00:00:00Z,NONCASH_OR_OPENING,130000.0000,0.0000,Monthly service under effective contract version,SHI,CONDITIONAL_FORECAST,BIZ-base-0000072,1,1,2027-01-31,base,FOUNDRY_FIELD,-130000.0000,base-01-SUBSCRIPTION_SERVICE-FF-022,BUSINESS_DRIVEN_FORECAST,foundry-field,2027
BIZ_DELIVERY,expense,2026-09-09T00:00:00Z,NONCASH_OR_OPENING,0.0000,3000.0000,Source-driven vendor cost,SHI,CONDITIONAL_FORECAST,BIZ-base-0000073,1,1,2027-01-31,base,FOUNDRY_FIELD,3000.0000,base-01-COST-HOSTING-FF-022,BUSINESS_DRIVEN_FORECAST,foundry-field,2027
BIZ_AP,liability,2026-09-09T00:00:00Z,NONCASH_OR_OPENING,3000.0000,0.0000,Source-driven vendor cost,SHI,CONDITIONAL_FORECAST,BIZ-base-0000073,1,1,2027-01-31,base,FOUNDRY_FIELD,-3000.0000,base-01-COST-HOSTING-FF-022,BUSINESS_DRIVEN_FORECAST,foundry-field,2027
BIZ_AR,asset,2026-09-09T00:00:00Z,NONCASH_OR_OPENING,0.0000,1740000.0000,Annual subscription billing,SHI,CONDITIONAL_FORECAST,BIZ-base-0000074,1,1,2027-01-31,base,FOUNDRY_FIELD,1740000.0000,base-01-INVOICE-INV-base-FF-023-TERM-0,BUSINESS_DRIVEN_FORECAST,foundry-field,2027
BIZ_DEFERRED,liability,2026-09-09T00:00:00Z,NONCASH_OR_OPENING,1740000.0000,0.0000,Annual subscription billing,SHI,CONDITIONAL_FORECAST,BIZ-base-0000074,1,1,2027-01-31,base,FOUNDRY_FIELD,-1740000.0000,base-01-INVOICE-INV-base-FF-023-TERM-0,BUSINESS_DRIVEN_FORECAST,foundry-field,2027
BIZ_DEFERRED,liability,2026-09-09T00:00:00Z,NONCASH_OR_OPENING,0.0000,145000.0000,Monthly service under effective contract version,SHI,CONDITIONAL_FORECAST,BIZ-base-0000075,1,1,2027-01-31,base,FOUNDRY_FIELD,145000.0000,base-01-SUBSCRIPTION_SERVICE-FF-023,BUSINESS_DRIVEN_FORECAST,foundry-field,2027
BIZ_REVENUE,revenue,2026-09-09T00:00:00Z,NONCASH_OR_OPENING,145000.0000,0.0000,Monthly service under effective contract version,SHI,CONDITIONAL_FORECAST,BIZ-base-0000075,1,1,2027-01-31,base,FOUNDRY_FIELD,-145000.0000,base-01-SUBSCRIPTION_SERVICE-FF-023,BUSINESS_DRIVEN_FORECAST,foundry-field,2027
BIZ_DELIVERY,expense,2026-09-09T00:00:00Z,NONCASH_OR_OPENING,0.0000,3600.0000,Source-driven vendor cost,SHI,CONDITIONAL_FORECAST,BIZ-base-0000076,1,1,2027-01-31,base,FOUNDRY_FIELD,3600.0000,base-01-COST-HOSTING-FF-023,BUSINESS_DRIVEN_FORECAST,foundry-field,2027
BIZ_AP,liability,2026-09-09T00:00:00Z,NONCASH_OR_OPENING,3600.0000,0.0000,Source-driven vendor cost,SHI,CONDITIONAL_FORECAST,BIZ-base-0000076,1,1,2027-01-31,base,FOUNDRY_FIELD,-3600.0000,base-01-COST-HOSTING-FF-023,BUSINESS_DRIVEN_FORECAST,foundry-field,2027
BIZ_AR,asset,2026-09-09T00:00:00Z,NONCASH_OR_OPENING,0.0000,1920000.0000,Annual subscription billing,SHI,CONDITIONAL_FORECAST,BIZ-base-0000077,1,1,2027-01-31,base,FOUNDRY_FIELD,1920000.0000,base-01-INVOICE-INV-base-FF-024-TERM-0,BUSINESS_DRIVEN_FORECAST,foundry-field,2027
BIZ_DEFERRED,liability,2026-09-09T00:00:00Z,NONCASH_OR_OPENING,1920000.0000,0.0000,Annual subscription billing,SHI,CONDITIONAL_FORECAST,BIZ-base-0000077,1,1,2027-01-31,base,FOUNDRY_FIELD,-1920000.0000,base-01-INVOICE-INV-base-FF-024-TERM-0,BUSINESS_DRIVEN_FORECAST,foundry-field,2027
BIZ_DEFERRED,liability,2026-09-09T00:00:00Z,NONCASH_OR_OPENING,0.0000,160000.0000,Monthly service under effective contract version,SHI,CONDITIONAL_FORECAST,BIZ-base-0000078,1,1,2027-01-31,base,FOUNDRY_FIELD,160000.0000,base-01-SUBSCRIPTION_SERVICE-FF-024,BUSINESS_DRIVEN_FORECAST,foundry-field,2027
BIZ_REVENUE,revenue,2026-09-09T00:00:00Z,NONCASH_OR_OPENING,160000.0000,0.0000,Monthly service under effective contract version,SHI,CONDITIONAL_FORECAST,BIZ-base-0000078,1,1,2027-01-31,base,FOUNDRY_FIELD,-160000.0000,base-01-SUBSCRIPTION_SERVICE-FF-024,BUSINESS_DRIVEN_FORECAST,foundry-field,2027
BIZ_DELIVERY,expense,2026-09-09T00:00:00Z,NONCASH_OR_OPENING,0.0000,1800.0000,Source-driven vendor cost,SHI,CONDITIONAL_FORECAST,BIZ-base-0000079,1,1,2027-01-31,base,FOUNDRY_FIELD,1800.0000,base-01-COST-HOSTING-FF-024,BUSINESS_DRIVEN_FORECAST,foundry-field,2027
BIZ_AP,liability,2026-09-09T00:00:00Z,NONCASH_OR_OPENING,1800.0000,0.0000,Source-driven vendor cost,SHI,CONDITIONAL_FORECAST,BIZ-base-0000079,1,1,2027-01-31,base,FOUNDRY_FIELD,-1800.0000,base-01-COST-HOSTING-FF-024,BUSINESS_DRIVEN_FORECAST,foundry-field,2027
BIZ_AR,asset,2026-09-09T00:00:00Z,NONCASH_OR_OPENING,0.0000,1200000.0000,Annual subscription billing,SHI,CONDITIONAL_FORECAST,BIZ-base-0000080,1,1,2027-01-31,base,FOUNDRY_FIELD,1200000.0000,base-01-INVOICE-INV-base-FF-025-TERM-0,BUSINESS_DRIVEN_FORECAST,foundry-field,2027
BIZ_DEFERRED,liability,2026-09-09T00:00:00Z,NONCASH_OR_OPENING,1200000.0000,0.0000,Annual subscription billing,SHI,CONDITIONAL_FORECAST,BIZ-base-0000080,1,1,2027-01-31,base,FOUNDRY_FIELD,-1200000.0000,base-01-INVOICE-INV-base-FF-025-TERM-0,BUSINESS_DRIVEN_FORECAST,foundry-field,2027
BIZ_DEFERRED,liability,2026-09-09T00:00:00Z,NONCASH_OR_OPENING,0.0000,100000.0000,Monthly service under effective contract version,SHI,CONDITIONAL_FORECAST,BIZ-base-0000081,1,1,2027-01-31,base,FOUNDRY_FIELD,100000.0000,base-01-SUBSCRIPTION_SERVICE-FF-025,BUSINESS_DRIVEN_FORECAST,foundry-field,2027
BIZ_REVENUE,revenue,2026-09-09T00:00:00Z,NONCASH_OR_OPENING,100000.0000,0.0000,Monthly service under effective contract version,SHI,CONDITIONAL_FORECAST,BIZ-base-0000081,1,1,2027-01-31,base,FOUNDRY_FIELD,-100000.0000,base-01-SUBSCRIPTION_SERVICE-FF-025,BUSINESS_DRIVEN_FORECAST,foundry-field,2027
BIZ_DELIVERY,expense,2026-09-09T00:00:00Z,NONCASH_OR_OPENING,0.0000,2400.0000,Source-driven vendor cost,SHI,CONDITIONAL_FORECAST,BIZ-base-0000082,1,1,2027-01-31,base,FOUNDRY_FIELD,2400.0000,base-01-COST-HOSTING-FF-025,BUSINESS_DRIVEN_FORECAST,foundry-field,2027
BIZ_AP,liability,2026-09-09T00:00:00Z,NONCASH_OR_OPENING,2400.0000,0.0000,Source-driven vendor cost,SHI,CONDITIONAL_FORECAST,BIZ-base-0000082,1,1,2027-01-31,base,FOUNDRY_FIELD,-2400.0000,base-01-COST-HOSTING-FF-025,BUSINESS_DRIVEN_FORECAST,foundry-field,2027
BIZ_AR,asset,2026-09-09T00:00:00Z,NONCASH_OR_OPENING,0.0000,1380000.0000,Annual subscription billing,SHI,CONDITIONAL_FORECAST,BIZ-base-0000083,1,1,2027-01-31,base,FOUNDRY_FIELD,1380000.0000,base-01-INVOICE-INV-base-FF-026-TERM-0,BUSINESS_DRIVEN_FORECAST,foundry-field,2027
BIZ_DEFERRED,liability,2026-09-09T00:00:00Z,NONCASH_OR_OPENING,1380000.0000,0.0000,Annual subscription billing,SHI,CONDITIONAL_FORECAST,BIZ-base-0000083,1,1,2027-01-31,base,FOUNDRY_FIELD,-1380000.0000,base-01-INVOICE-INV-base-FF-026-TERM-0,BUSINESS_DRIVEN_FORECAST,foundry-field,2027
BIZ_DEFERRED,liability,2026-09-09T00:00:00Z,NONCASH_OR_OPENING,0.0000,115000.0000,Monthly service under effective contract version,SHI,CONDITIONAL_FORECAST,BIZ-base-0000084,1,1,2027-01-31,base,FOUNDRY_FIELD,115000.0000,base-01-SUBSCRIPTION_SERVICE-FF-026,BUSINESS_DRIVEN_FORECAST,foundry-field,2027
BIZ_REVENUE,revenue,2026-09-09T00:00:00Z,NONCASH_OR_OPENING,115000.0000,0.0000,Monthly service under effective contract version,SHI,CONDITIONAL_FORECAST,BIZ-base-0000084,1,1,2027-01-31,base,FOUNDRY_FIELD,-115000.0000,base-01-SUBSCRIPTION_SERVICE-FF-026,BUSINESS_DRIVEN_FORECAST,foundry-field,2027
BIZ_DELIVERY,expense,2026-09-09T00:00:00Z,NONCASH_OR_OPENING,0.0000,3000.0000,Source-driven vendor cost,SHI,CONDITIONAL_FORECAST,BIZ-base-0000085,1,1,2027-01-31,base,FOUNDRY_FIELD,3000.0000,base-01-COST-HOSTING-FF-026,BUSINESS_DRIVEN_FORECAST,foundry-field,2027
BIZ_AP,liability,2026-09-09T00:00:00Z,NONCASH_OR_OPENING,3000.0000,0.0000,Source-driven vendor cost,SHI,CONDITIONAL_FORECAST,BIZ-base-0000085,1,1,2027-01-31,base,FOUNDRY_FIELD,-3000.0000,base-01-COST-HOSTING-FF-026,BUSINESS_DRIVEN_FORECAST,foundry-field,2027
BIZ_AR,asset,2026-09-09T00:00:00Z,NONCASH_OR_OPENING,0.0000,1560000.0000,Annual subscription billing,SHI,CONDITIONAL_FORECAST,BIZ-base-0000086,1,1,2027-01-31,base,FOUNDRY_FIELD,1560000.0000,base-01-INVOICE-INV-base-FF-027-TERM-0,BUSINESS_DRIVEN_FORECAST,foundry-field,2027
BIZ_DEFERRED,liability,2026-09-09T00:00:00Z,NONCASH_OR_OPENING,1560000.0000,0.0000,Annual subscription billing,SHI,CONDITIONAL_FORECAST,BIZ-base-0000086,1,1,2027-01-31,base,FOUNDRY_FIELD,-1560000.0000,base-01-INVOICE-INV-base-FF-027-TERM-0,BUSINESS_DRIVEN_FORECAST,foundry-field,2027
BIZ_DEFERRED,liability,2026-09-09T00:00:00Z,NONCASH_OR_OPENING,0.0000,130000.0000,Monthly service under effective contract version,SHI,CONDITIONAL_FORECAST,BIZ-base-0000087,1,1,2027-01-31,base,FOUNDRY_FIELD,130000.0000,base-01-SUBSCRIPTION_SERVICE-FF-027,BUSINESS_DRIVEN_FORECAST,foundry-field,2027
BIZ_REVENUE,revenue,2026-09-09T00:00:00Z,NONCASH_OR_OPENING,130000.0000,0.0000,Monthly service under effective contract version,SHI,CONDITIONAL_FORECAST,BIZ-base-0000087,1,1,2027-01-31,base,FOUNDRY_FIELD,-130000.0000,base-01-SUBSCRIPTION_SERVICE-FF-027,BUSINESS_DRIVEN_FORECAST,foundry-field,2027
BIZ_DELIVERY,expense,2026-09-09T00:00:00Z,NONCASH_OR_OPENING,0.0000,3600.0000,Source-driven vendor cost,SHI,CONDITIONAL_FORECAST,BIZ-base-0000088,1,1,2027-01-31,base,FOUNDRY_FIELD,3600.0000,base-01-COST-HOSTING-FF-027,BUSINESS_DRIVEN_FORECAST,foundry-field,2027
BIZ_AP,liability,2026-09-09T00:00:00Z,NONCASH_OR_OPENING,3600.0000,0.0000,Source-driven vendor cost,SHI,CONDITIONAL_FORECAST,BIZ-base-0000088,1,1,2027-01-31,base,FOUNDRY_FIELD,-3600.0000,base-01-COST-HOSTING-FF-027,BUSINESS_DRIVEN_FORECAST,foundry-field,2027
BIZ_AR,asset,2026-09-09T00:00:00Z,NONCASH_OR_OPENING,0.0000,1740000.0000,Annual subscription billing,SHI,CONDITIONAL_FORECAST,BIZ-base-0000089,1,1,2027-01-31,base,FOUNDRY_FIELD,1740000.0000,base-01-INVOICE-INV-base-FF-028-TERM-0,BUSINESS_DRIVEN_FORECAST,foundry-field,2027
BIZ_DEFERRED,liability,2026-09-09T00:00:00Z,NONCASH_OR_OPENING,1740000.0000,0.0000,Annual subscription billing,SHI,CONDITIONAL_FORECAST,BIZ-base-0000089,1,1,2027-01-31,base,FOUNDRY_FIELD,-1740000.0000,base-01-INVOICE-INV-base-FF-028-TERM-0,BUSINESS_DRIVEN_FORECAST,foundry-field,2027
BIZ_DEFERRED,liability,2026-09-09T00:00:00Z,NONCASH_OR_OPENING,0.0000,145000.0000,Monthly service under effective contract version,SHI,CONDITIONAL_FORECAST,BIZ-base-0000090,1,1,2027-01-31,base,FOUNDRY_FIELD,145000.0000,base-01-SUBSCRIPTION_SERVICE-FF-028,BUSINESS_DRIVEN_FORECAST,foundry-field,2027
BIZ_REVENUE,revenue,2026-09-09T00:00:00Z,NONCASH_OR_OPENING,145000.0000,0.0000,Monthly service under effective contract version,SHI,CONDITIONAL_FORECAST,BIZ-base-0000090,1,1,2027-01-31,base,FOUNDRY_FIELD,-145000.0000,base-01-SUBSCRIPTION_SERVICE-FF-028,BUSINESS_DRIVEN_FORECAST,foundry-field,2027
BIZ_DELIVERY,expense,2026-09-09T00:00:00Z,NONCASH_OR_OPENING,0.0000,1800.0000,Source-driven vendor cost,SHI,CONDITIONAL_FORECAST,BIZ-base-0000091,1,1,2027-01-31,base,FOUNDRY_FIELD,1800.0000,base-01-COST-HOSTING-FF-028,BUSINESS_DRIVEN_FORECAST,foundry-field,2027
BIZ_AP,liability,2026-09-09T00:00:00Z,NONCASH_OR_OPENING,1800.0000,0.0000,Source-driven vendor cost,SHI,CONDITIONAL_FORECAST,BIZ-base-0000091,1,1,2027-01-31,base,FOUNDRY_FIELD,-1800.0000,base-01-COST-HOSTING-FF-028,BUSINESS_DRIVEN_FORECAST,foundry-field,2027
BIZ_AR,asset,2026-09-09T00:00:00Z,NONCASH_OR_OPENING,0.0000,1920000.0000,Annual subscription billing,SHI,CONDITIONAL_FORECAST,BIZ-base-0000092,1,1,2027-01-31,base,FOUNDRY_FIELD,1920000.0000,base-01-INVOICE-INV-base-FF-029-TERM-0,BUSINESS_DRIVEN_FORECAST,foundry-field,2027
BIZ_DEFERRED,liability,2026-09-09T00:00:00Z,NONCASH_OR_OPENING,1920000.0000,0.0000,Annual subscription billing,SHI,CONDITIONAL_FORECAST,BIZ-base-0000092,1,1,2027-01-31,base,FOUNDRY_FIELD,-1920000.0000,base-01-INVOICE-INV-base-FF-029-TERM-0,BUSINESS_DRIVEN_FORECAST,foundry-field,2027
BIZ_DEFERRED,liability,2026-09-09T00:00:00Z,NONCASH_OR_OPENING,0.0000,160000.0000,Monthly service under effective contract version,SHI,CONDITIONAL_FORECAST,BIZ-base-0000093,1,1,2027-01-31,base,FOUNDRY_FIELD,160000.0000,base-01-SUBSCRIPTION_SERVICE-FF-029,BUSINESS_DRIVEN_FORECAST,foundry-field,2027
BIZ_REVENUE,revenue,2026-09-09T00:00:00Z,NONCASH_OR_OPENING,160000.0000,0.0000,Monthly service under effective contract version,SHI,CONDITIONAL_FORECAST,BIZ-base-0000093,1,1,2027-01-31,base,FOUNDRY_FIELD,-160000.0000,base-01-SUBSCRIPTION_SERVICE-FF-029,BUSINESS_DRIVEN_FORECAST,foundry-field,2027
BIZ_DELIVERY,expense,2026-09-09T00:00:00Z,NONCASH_OR_OPENING,0.0000,2400.0000,Source-driven vendor cost,SHI,CONDITIONAL_FORECAST,BIZ-base-0000094,1,1,2027-01-31,base,FOUNDRY_FIELD,2400.0000,base-01-COST-HOSTING-FF-029,BUSINESS_DRIVEN_FORECAST,foundry-field,2027
BIZ_AP,liability,2026-09-09T00:00:00Z,NONCASH_OR_OPENING,2400.0000,0.0000,Source-driven vendor cost,SHI,CONDITIONAL_FORECAST,BIZ-base-0000094,1,1,2027-01-31,base,FOUNDRY_FIELD,-2400.0000,base-01-COST-HOSTING-FF-029,BUSINESS_DRIVEN_FORECAST,foundry-field,2027
BIZ_AR,asset,2026-09-09T00:00:00Z,NONCASH_OR_OPENING,0.0000,1200000.0000,Annual subscription billing,SHI,CONDITIONAL_FORECAST,BIZ-base-0000095,1,1,2027-01-31,base,FOUNDRY_FIELD,1200000.0000,base-01-INVOICE-INV-base-FF-030-TERM-0,BUSINESS_DRIVEN_FORECAST,foundry-field,2027
BIZ_DEFERRED,liability,2026-09-09T00:00:00Z,NONCASH_OR_OPENING,1200000.0000,0.0000,Annual subscription billing,SHI,CONDITIONAL_FORECAST,BIZ-base-0000095,1,1,2027-01-31,base,FOUNDRY_FIELD,-1200000.0000,base-01-INVOICE-INV-base-FF-030-TERM-0,BUSINESS_DRIVEN_FORECAST,foundry-field,2027
BIZ_DEFERRED,liability,2026-09-09T00:00:00Z,NONCASH_OR_OPENING,0.0000,100000.0000,Monthly service under effective contract version,SHI,CONDITIONAL_FORECAST,BIZ-base-0000096,1,1,2027-01-31,base,FOUNDRY_FIELD,100000.0000,base-01-SUBSCRIPTION_SERVICE-FF-030,BUSINESS_DRIVEN_FORECAST,foundry-field,2027
BIZ_REVENUE,revenue,2026-09-09T00:00:00Z,NONCASH_OR_OPENING,100000.0000,0.0000,Monthly service under effective contract version,SHI,CONDITIONAL_FORECAST,BIZ-base-0000096,1,1,2027-01-31,base,FOUNDRY_FIELD,-100000.0000,base-01-SUBSCRIPTION_SERVICE-FF-030,BUSINESS_DRIVEN_FORECAST,foundry-field,2027
BIZ_DELIVERY,expense,2026-09-09T00:00:00Z,NONCASH_OR_OPENING,0.0000,3000.0000,Source-driven vendor cost,SHI,CONDITIONAL_FORECAST,BIZ-base-0000097,1,1,2027-01-31,base,FOUNDRY_FIELD,3000.0000,base-01-COST-HOSTING-FF-030,BUSINESS_DRIVEN_FORECAST,foundry-field,2027
BIZ_AP,liability,2026-09-09T00:00:00Z,NONCASH_OR_OPENING,3000.0000,0.0000,Source-driven vendor cost,SHI,CONDITIONAL_FORECAST,BIZ-base-0000097,1,1,2027-01-31,base,FOUNDRY_FIELD,-3000.0000,base-01-COST-HOSTING-FF-030,BUSINESS_DRIVEN_FORECAST,foundry-field,2027
BIZ_AR,asset,2026-09-09T00:00:00Z,NONCASH_OR_OPENING,0.0000,1380000.0000,Annual subscription billing,SHI,CONDITIONAL_FORECAST,BIZ-base-0000098,1,1,2027-01-31,base,FOUNDRY_FIELD,1380000.0000,base-01-INVOICE-INV-base-FF-031-TERM-0,BUSINESS_DRIVEN_FORECAST,foundry-field,2027
BIZ_DEFERRED,liability,2026-09-09T00:00:00Z,NONCASH_OR_OPENING,1380000.0000,0.0000,Annual subscription billing,SHI,CONDITIONAL_FORECAST,BIZ-base-0000098,1,1,2027-01-31,base,FOUNDRY_FIELD,-1380000.0000,base-01-INVOICE-INV-base-FF-031-TERM-0,BUSINESS_DRIVEN_FORECAST,foundry-field,2027
BIZ_DEFERRED,liability,2026-09-09T00:00:00Z,NONCASH_OR_OPENING,0.0000,115000.0000,Monthly service under effective contract version,SHI,CONDITIONAL_FORECAST,BIZ-base-0000099,1,1,2027-01-31,base,FOUNDRY_FIELD,115000.0000,base-01-SUBSCRIPTION_SERVICE-FF-031,BUSINESS_DRIVEN_FORECAST,foundry-field,2027
BIZ_REVENUE,revenue,2026-09-09T00:00:00Z,NONCASH_OR_OPENING,115000.0000,0.0000,Monthly service under effective contract version,SHI,CONDITIONAL_FORECAST,BIZ-base-0000099,1,1,2027-01-31,base,FOUNDRY_FIELD,-115000.0000,base-01-SUBSCRIPTION_SERVICE-FF-031,BUSINESS_DRIVEN_FORECAST,foundry-field,2027
BIZ_DELIVERY,expense,2026-09-09T00:00:00Z,NONCASH_OR_OPENING,0.0000,3600.0000,Source-driven vendor cost,SHI,CONDITIONAL_FORECAST,BIZ-base-0000100,1,1,2027-01-31,base,FOUNDRY_FIELD,3600.0000,base-01-COST-HOSTING-FF-031,BUSINESS_DRIVEN_FORECAST,foundry-field,2027
BIZ_AP,liability,2026-09-09T00:00:00Z,NONCASH_OR_OPENING,3600.0000,0.0000,Source-driven vendor cost,SHI,CONDITIONAL_FORECAST,BIZ-base-0000100,1,1,2027-01-31,base,FOUNDRY_FIELD,-3600.0000,base-01-COST-HOSTING-FF-031,BUSINESS_DRIVEN_FORECAST,foundry-field,2027
BIZ_AR,asset,2026-09-09T00:00:00Z,NONCASH_OR_OPENING,0.0000,1560000.0000,Annual subscription billing,SHI,CONDITIONAL_FORECAST,BIZ-base-0000101,1,1,2027-01-31,base,FOUNDRY_FIELD,1560000.0000,base-01-INVOICE-INV-base-FF-032-TERM-0,BUSINESS_DRIVEN_FORECAST,foundry-field,2027
BIZ_DEFERRED,liability,2026-09-09T00:00:00Z,NONCASH_OR_OPENING,1560000.0000,0.0000,Annual subscription billing,SHI,CONDITIONAL_FORECAST,BIZ-base-0000101,1,1,2027-01-31,base,FOUNDRY_FIELD,-1560000.0000,base-01-INVOICE-INV-base-FF-032-TERM-0,BUSINESS_DRIVEN_FORECAST,foundry-field,2027
BIZ_DEFERRED,liability,2026-09-09T00:00:00Z,NONCASH_OR_OPENING,0.0000,130000.0000,Monthly service under effective contract version,SHI,CONDITIONAL_FORECAST,BIZ-base-0000102,1,1,2027-01-31,base,FOUNDRY_FIELD,130000.0000,base-01-SUBSCRIPTION_SERVICE-FF-032,BUSINESS_DRIVEN_FORECAST,foundry-field,2027
BIZ_REVENUE,revenue,2026-09-09T00:00:00Z,NONCASH_OR_OPENING,130000.0000,0.0000,Monthly service under effective contract version,SHI,CONDITIONAL_FORECAST,BIZ-base-0000102,1,1,2027-01-31,base,FOUNDRY_FIELD,-130000.0000,base-01-SUBSCRIPTION_SERVICE-FF-032,BUSINESS_DRIVEN_FORECAST,foundry-field,2027
BIZ_DELIVERY,expense,2026-09-09T00:00:00Z,NONCASH_OR_OPENING,0.0000,1800.0000,Source-driven vendor cost,SHI,CONDITIONAL_FORECAST,BIZ-base-0000103,1,1,2027-01-31,base,FOUNDRY_FIELD,1800.0000,base-01-COST-HOSTING-FF-032,BUSINESS_DRIVEN_FORECAST,foundry-field,2027
BIZ_AP,liability,2026-09-09T00:00:00Z,NONCASH_OR_OPENING,1800.0000,0.0000,Source-driven vendor cost,SHI,CONDITIONAL_FORECAST,BIZ-base-0000103,1,1,2027-01-31,base,FOUNDRY_FIELD,-1800.0000,base-01-COST-HOSTING-FF-032,BUSINESS_DRIVEN_FORECAST,foundry-field,2027
BIZ_AR,asset,2026-09-09T00:00:00Z,NONCASH_OR_OPENING,0.0000,1740000.0000,Annual subscription billing,SHI,CONDITIONAL_FORECAST,BIZ-base-0000104,1,1,2027-01-31,base,FOUNDRY_FIELD,1740000.0000,base-01-INVOICE-INV-base-FF-033-TERM-0,BUSINESS_DRIVEN_FORECAST,foundry-field,2027
BIZ_DEFERRED,liability,2026-09-09T00:00:00Z,NONCASH_OR_OPENING,1740000.0000,0.0000,Annual subscription billing,SHI,CONDITIONAL_FORECAST,BIZ-base-0000104,1,1,2027-01-31,base,FOUNDRY_FIELD,-1740000.0000,base-01-INVOICE-INV-base-FF-033-TERM-0,BUSINESS_DRIVEN_FORECAST,foundry-field,2027
BIZ_DEFERRED,liability,2026-09-09T00:00:00Z,NONCASH_OR_OPENING,0.0000,145000.0000,Monthly service under effective contract version,SHI,CONDITIONAL_FORECAST,BIZ-base-0000105,1,1,2027-01-31,base,FOUNDRY_FIELD,145000.0000,base-01-SUBSCRIPTION_SERVICE-FF-033,BUSINESS_DRIVEN_FORECAST,foundry-field,2027
BIZ_REVENUE,revenue,2026-09-09T00:00:00Z,NONCASH_OR_OPENING,145000.0000,0.0000,Monthly service under effective contract version,SHI,CONDITIONAL_FORECAST,BIZ-base-0000105,1,1,2027-01-31,base,FOUNDRY_FIELD,-145000.0000,base-01-SUBSCRIPTION_SERVICE-FF-033,BUSINESS_DRIVEN_FORECAST,foundry-field,2027
BIZ_DELIVERY,expense,2026-09-09T00:00:00Z,NONCASH_OR_OPENING,0.0000,2400.0000,Source-driven vendor cost,SHI,CONDITIONAL_FORECAST,BIZ-base-0000106,1,1,2027-01-31,base,FOUNDRY_FIELD,2400.0000,base-01-COST-HOSTING-FF-033,BUSINESS_DRIVEN_FORECAST,foundry-field,2027
BIZ_AP,liability,2026-09-09T00:00:00Z,NONCASH_OR_OPENING,2400.0000,0.0000,Source-driven vendor cost,SHI,CONDITIONAL_FORECAST,BIZ-base-0000106,1,1,2027-01-31,base,FOUNDRY_FIELD,-2400.0000,base-01-COST-HOSTING-FF-033,BUSINESS_DRIVEN_FORECAST,foundry-field,2027
BIZ_AR,asset,2026-09-09T00:00:00Z,NONCASH_OR_OPENING,0.0000,1920000.0000,Annual subscription billing,SHI,CONDITIONAL_FORECAST,BIZ-base-0000107,1,1,2027-01-31,base,FOUNDRY_FIELD,1920000.0000,base-01-INVOICE-INV-base-FF-034-TERM-0,BUSINESS_DRIVEN_FORECAST,foundry-field,2027
BIZ_DEFERRED,liability,2026-09-09T00:00:00Z,NONCASH_OR_OPENING,1920000.0000,0.0000,Annual subscription billing,SHI,CONDITIONAL_FORECAST,BIZ-base-0000107,1,1,2027-01-31,base,FOUNDRY_FIELD,-1920000.0000,base-01-INVOICE-INV-base-FF-034-TERM-0,BUSINESS_DRIVEN_FORECAST,foundry-field,2027
BIZ_DEFERRED,liability,2026-09-09T00:00:00Z,NONCASH_OR_OPENING,0.0000,160000.0000,Monthly service under effective contract version,SHI,CONDITIONAL_FORECAST,BIZ-base-0000108,1,1,2027-01-31,base,FOUNDRY_FIELD,160000.0000,base-01-SUBSCRIPTION_SERVICE-FF-034,BUSINESS_DRIVEN_FORECAST,foundry-field,2027
BIZ_REVENUE,revenue,2026-09-09T00:00:00Z,NONCASH_OR_OPENING,160000.0000,0.0000,Monthly service under effective contract version,SHI,CONDITIONAL_FORECAST,BIZ-base-0000108,1,1,2027-01-31,base,FOUNDRY_FIELD,-160000.0000,base-01-SUBSCRIPTION_SERVICE-FF-034,BUSINESS_DRIVEN_FORECAST,foundry-field,2027
BIZ_DELIVERY,expense,2026-09-09T00:00:00Z,NONCASH_OR_OPENING,0.0000,3000.0000,Source-driven vendor cost,SHI,CONDITIONAL_FORECAST,BIZ-base-0000109,1,1,2027-01-31,base,FOUNDRY_FIELD,3000.0000,base-01-COST-HOSTING-FF-034,BUSINESS_DRIVEN_FORECAST,foundry-field,2027
BIZ_AP,liability,2026-09-09T00:00:00Z,NONCASH_OR_OPENING,3000.0000,0.0000,Source-driven vendor cost,SHI,CONDITIONAL_FORECAST,BIZ-base-0000109,1,1,2027-01-31,base,FOUNDRY_FIELD,-3000.0000,base-01-COST-HOSTING-FF-034,BUSINESS_DRIVEN_FORECAST,foundry-field,2027
BIZ_AR,asset,2026-09-09T00:00:00Z,NONCASH_OR_OPENING,0.0000,1200000.0000,Annual subscription billing,SHI,CONDITIONAL_FORECAST,BIZ-base-0000110,1,1,2027-01-31,base,FOUNDRY_FIELD,1200000.0000,base-01-INVOICE-INV-base-FF-035-TERM-0,BUSINESS_DRIVEN_FORECAST,foundry-field,2027
BIZ_DEFERRED,liability,2026-09-09T00:00:00Z,NONCASH_OR_OPENING,1200000.0000,0.0000,Annual subscription billing,SHI,CONDITIONAL_FORECAST,BIZ-base-0000110,1,1,2027-01-31,base,FOUNDRY_FIELD,-1200000.0000,base-01-INVOICE-INV-base-FF-035-TERM-0,BUSINESS_DRIVEN_FORECAST,foundry-field,2027
BIZ_DEFERRED,liability,2026-09-09T00:00:00Z,NONCASH_OR_OPENING,0.0000,100000.0000,Monthly service under effective contract version,SHI,CONDITIONAL_FORECAST,BIZ-base-0000111,1,1,2027-01-31,base,FOUNDRY_FIELD,100000.0000,base-01-SUBSCRIPTION_SERVICE-FF-035,BUSINESS_DRIVEN_FORECAST,foundry-field,2027
BIZ_REVENUE,revenue,2026-09-09T00:00:00Z,NONCASH_OR_OPENING,100000.0000,0.0000,Monthly service under effective contract version,SHI,CONDITIONAL_FORECAST,BIZ-base-0000111,1,1,2027-01-31,base,FOUNDRY_FIELD,-100000.0000,base-01-SUBSCRIPTION_SERVICE-FF-035,BUSINESS_DRIVEN_FORECAST,foundry-field,2027
BIZ_DELIVERY,expense,2026-09-09T00:00:00Z,NONCASH_OR_OPENING,0.0000,3600.0000,Source-driven vendor cost,SHI,CONDITIONAL_FORECAST,BIZ-base-0000112,1,1,2027-01-31,base,FOUNDRY_FIELD,3600.0000,base-01-COST-HOSTING-FF-035,BUSINESS_DRIVEN_FORECAST,foundry-field,2027
BIZ_AP,liability,2026-09-09T00:00:00Z,NONCASH_OR_OPENING,3600.0000,0.0000,Source-driven vendor cost,SHI,CONDITIONAL_FORECAST,BIZ-base-0000112,1,1,2027-01-31,base,FOUNDRY_FIELD,-3600.0000,base-01-COST-HOSTING-FF-035,BUSINESS_DRIVEN_FORECAST,foundry-field,2027
BIZ_AR,asset,2026-09-09T00:00:00Z,NONCASH_OR_OPENING,0.0000,1380000.0000,Annual subscription billing,SHI,CONDITIONAL_FORECAST,BIZ-base-0000113,1,1,2027-01-31,base,FOUNDRY_FIELD,1380000.0000,base-01-INVOICE-INV-base-FF-036-TERM-0,BUSINESS_DRIVEN_FORECAST,foundry-field,2027
BIZ_DEFERRED,liability,2026-09-09T00:00:00Z,NONCASH_OR_OPENING,1380000.0000,0.0000,Annual subscription billing,SHI,CONDITIONAL_FORECAST,BIZ-base-0000113,1,1,2027-01-31,base,FOUNDRY_FIELD,-1380000.0000,base-01-INVOICE-INV-base-FF-036-TERM-0,BUSINESS_DRIVEN_FORECAST,foundry-field,2027
BIZ_DEFERRED,liability,2026-09-09T00:00:00Z,NONCASH_OR_OPENING,0.0000,115000.0000,Monthly service under effective contract version,SHI,CONDITIONAL_FORECAST,BIZ-base-0000114,1,1,2027-01-31,base,FOUNDRY_FIELD,115000.0000,base-01-SUBSCRIPTION_SERVICE-FF-036,BUSINESS_DRIVEN_FORECAST,foundry-field,2027
BIZ_REVENUE,revenue,2026-09-09T00:00:00Z,NONCASH_OR_OPENING,115000.0000,0.0000,Monthly service under effective contract version,SHI,CONDITIONAL_FORECAST,BIZ-base-0000114,1,1,2027-01-31,base,FOUNDRY_FIELD,-115000.0000,base-01-SUBSCRIPTION_SERVICE-FF-036,BUSINESS_DRIVEN_FORECAST,foundry-field,2027
BIZ_DELIVERY,expense,2026-09-09T00:00:00Z,NONCASH_OR_OPENING,0.0000,1800.0000,Source-driven vendor cost,SHI,CONDITIONAL_FORECAST,BIZ-base-0000115,1,1,2027-01-31,base,FOUNDRY_FIELD,1800.0000,base-01-COST-HOSTING-FF-036,BUSINESS_DRIVEN_FORECAST,foundry-field,2027
BIZ_AP,liability,2026-09-09T00:00:00Z,NONCASH_OR_OPENING,1800.0000,0.0000,Source-driven vendor cost,SHI,CONDITIONAL_FORECAST,BIZ-base-0000115,1,1,2027-01-31,base,FOUNDRY_FIELD,-1800.0000,base-01-COST-HOSTING-FF-036,BUSINESS_DRIVEN_FORECAST,foundry-field,2027
BIZ_CREDIT_LOSS,expense,2026-09-09T00:00:00Z,NONCASH_OR_OPENING,0.0000,1119600.0000,"Explicit expected credit-loss estimate, not observed customer default",SHI,CONDITIONAL_FORECAST,BIZ-base-0000132,1,1,2027-01-31,base,FOUNDRY_FIELD,1119600.0000,base-01-MONTH_END_ESTIMATE-foundry-field,BUSINESS_DRIVEN_FORECAST,foundry-field,2027
BIZ_ALLOWANCE,asset,2026-09-09T00:00:00Z,NONCASH_OR_OPENING,1119600.0000,0.0000,"Explicit expected credit-loss estimate, not observed customer default",SHI,CONDITIONAL_FORECAST,BIZ-base-0000132,1,1,2027-01-31,base,FOUNDRY_FIELD,-1119600.0000,base-01-MONTH_END_ESTIMATE-foundry-field,BUSINESS_DRIVEN_FORECAST,foundry-field,2027
BIZ_CREDIT_LOSS,expense,2026-09-09T00:00:00Z,NONCASH_OR_OPENING,0.0000,2220000.0000,Invoice-specific synthetic graded expected-credit-loss estimate,SHI,CONDITIONAL_FORECAST,BIZ-base-0000135,1,1,2027-01-31,base,FOUNDRY_FIELD,2220000.0000,base-01-CREDIT_RISK_ESTIMATE-foundry-field,BUSINESS_DRIVEN_FORECAST,foundry-field,2027
BIZ_ALLOWANCE,asset,2026-09-09T00:00:00Z,NONCASH_OR_OPENING,2220000.0000,0.0000,Invoice-specific synthetic graded expected-credit-loss estimate,SHI,CONDITIONAL_FORECAST,BIZ-base-0000135,1,1,2027-01-31,base,FOUNDRY_FIELD,-2220000.0000,base-01-CREDIT_RISK_ESTIMATE-foundry-field,BUSINESS_DRIVEN_FORECAST,foundry-field,2027
1000,asset,2026-09-09T00:00:00Z,OPERATING,0.0000,828000.0000,Modeled customer receipt,SHI,CONDITIONAL_FORECAST,BIZ-base-0000136,2,2,2027-02-28,base,FOUNDRY_FIELD,828000.0000,base-02-COLLECTION-INV-base-FF-001-TERM-0,BUSINESS_DRIVEN_FORECAST,foundry-field,2027
BIZ_AR,asset,2026-09-09T00:00:00Z,NONCASH_OR_OPENING,828000.0000,0.0000,Modeled customer receipt,SHI,CONDITIONAL_FORECAST,BIZ-base-0000136,2,2,2027-02-28,base,FOUNDRY_FIELD,-828000.0000,base-02-COLLECTION-INV-base-FF-001-TERM-0,BUSINESS_DRIVEN_FORECAST,foundry-field,2027
1000,asset,2026-09-09T00:00:00Z,OPERATING,0.0000,390000.0000,Modeled customer receipt,SHI,CONDITIONAL_FORECAST,BIZ-base-0000137,2,2,2027-02-28,base,FOUNDRY_FIELD,390000.0000,base-02-COLLECTION-INV-base-FF-002-TERM-0,BUSINESS_DRIVEN_FORECAST,foundry-field,2027
BIZ_AR,asset,2026-09-09T00:00:00Z,NONCASH_OR_OPENING,390000.0000,0.0000,Modeled customer receipt,SHI,CONDITIONAL_FORECAST,BIZ-base-0000137,2,2,2027-02-28,base,FOUNDRY_FIELD,-390000.0000,base-02-COLLECTION-INV-base-FF-002-TERM-0,BUSINESS_DRIVEN_FORECAST,foundry-field,2027
1000,asset,2026-09-09T00:00:00Z,OPERATING,0.0000,435000.0000,Modeled customer receipt,SHI,CONDITIONAL_FORECAST,BIZ-base-0000138,2,2,2027-02-28,base,FOUNDRY_FIELD,435000.0000,base-02-COLLECTION-INV-base-FF-003-TERM-0,BUSINESS_DRIVEN_FORECAST,foundry-field,2027
BIZ_AR,asset,2026-09-09T00:00:00Z,NONCASH_OR_OPENING,435000.0000,0.0000,Modeled customer receipt,SHI,CONDITIONAL_FORECAST,BIZ-base-0000138,2,2,2027-02-28,base,FOUNDRY_FIELD,-435000.0000,base-02-COLLECTION-INV-base-FF-003-TERM-0,BUSINESS_DRIVEN_FORECAST,foundry-field,2027
1000,asset,2026-09-09T00:00:00Z,OPERATING,0.0000,1920000.0000,Modeled customer receipt,SHI,CONDITIONAL_FORECAST,BIZ-base-0000139,2,2,2027-02-28,base,FOUNDRY_FIELD,1920000.0000,base-02-COLLECTION-INV-base-FF-004-TERM-0,BUSINESS_DRIVEN_FORECAST,foundry-field,2027
BIZ_AR,asset,2026-09-09T00:00:00Z,NONCASH_OR_OPENING,1920000.0000,0.0000,Modeled customer receipt,SHI,CONDITIONAL_FORECAST,BIZ-base-0000139,2,2,2027-02-28,base,FOUNDRY_FIELD,-1920000.0000,base-02-COLLECTION-INV-base-FF-004-TERM-0,BUSINESS_DRIVEN_FORECAST,foundry-field,2027
1000,asset,2026-09-09T00:00:00Z,OPERATING,0.0000,1200000.0000,Modeled customer receipt,SHI,CONDITIONAL_FORECAST,BIZ-base-0000140,2,2,2027-02-28,base,FOUNDRY_FIELD,1200000.0000,base-02-COLLECTION-INV-base-FF-005-TERM-0,BUSINESS_DRIVEN_FORECAST,foundry-field,2027
BIZ_AR,asset,2026-09-09T00:00:00Z,NONCASH_OR_OPENING,1200000.0000,0.0000,Modeled customer receipt,SHI,CONDITIONAL_FORECAST,BIZ-base-0000140,2,2,2027-02-28,base,FOUNDRY_FIELD,-1200000.0000,base-02-COLLECTION-INV-base-FF-005-TERM-0,BUSINESS_DRIVEN_FORECAST,foundry-field,2027
1000,asset,2026-09-09T00:00:00Z,OPERATING,0.0000,1380000.0000,Modeled customer receipt,SHI,CONDITIONAL_FORECAST,BIZ-base-0000141,2,2,2027-02-28,base,FOUNDRY_FIELD,1380000.0000,base-02-COLLECTION-INV-base-FF-006-TERM-0,BUSINESS_DRIVEN_FORECAST,foundry-field,2027
BIZ_AR,asset,2026-09-09T00:00:00Z,NONCASH_OR_OPENING,1380000.0000,0.0000,Modeled customer receipt,SHI,CONDITIONAL_FORECAST,BIZ-base-0000141,2,2,2027-02-28,base,FOUNDRY_FIELD,-1380000.0000,base-02-COLLECTION-INV-base-FF-006-TERM-0,BUSINESS_DRIVEN_FORECAST,foundry-field,2027
1000,asset,2026-09-09T00:00:00Z,OPERATING,0.0000,1560000.0000,Modeled customer receipt,SHI,CONDITIONAL_FORECAST,BIZ-base-0000142,2,2,2027-02-28,base,FOUNDRY_FIELD,1560000.0000,base-02-COLLECTION-INV-base-FF-007-TERM-0,BUSINESS_DRIVEN_FORECAST,foundry-field,2027
BIZ_AR,asset,2026-09-09T00:00:00Z,NONCASH_OR_OPENING,1560000.0000,0.0000,Modeled customer receipt,SHI,CONDITIONAL_FORECAST,BIZ-base-0000142,2,2,2027-02-28,base,FOUNDRY_FIELD,-1560000.0000,base-02-COLLECTION-INV-base-FF-007-TERM-0,BUSINESS_DRIVEN_FORECAST,foundry-field,2027
1000,asset,2026-09-09T00:00:00Z,OPERATING,0.0000,1740000.0000,Modeled customer receipt,SHI,CONDITIONAL_FORECAST,BIZ-base-0000143,2,2,2027-02-28,base,FOUNDRY_FIELD,1740000.0000,base-02-COLLECTION-INV-base-FF-008-TERM-0,BUSINESS_DRIVEN_FORECAST,foundry-field,2027
BIZ_AR,asset,2026-09-09T00:00:00Z,NONCASH_OR_OPENING,1740000.0000,0.0000,Modeled customer receipt,SHI,CONDITIONAL_FORECAST,BIZ-base-0000143,2,2,2027-02-28,base,FOUNDRY_FIELD,-1740000.0000,base-02-COLLECTION-INV-base-FF-008-TERM-0,BUSINESS_DRIVEN_FORECAST,foundry-field,2027
1000,asset,2026-09-09T00:00:00Z,OPERATING,0.0000,1920000.0000,Modeled customer receipt,SHI,CONDITIONAL_FORECAST,BIZ-base-0000144,2,2,2027-02-28,base,FOUNDRY_FIELD,1920000.0000,base-02-COLLECTION-INV-base-FF-009-TERM-0,BUSINESS_DRIVEN_FORECAST,foundry-field,2027
BIZ_AR,asset,2026-09-09T00:00:00Z,NONCASH_OR_OPENING,1920000.0000,0.0000,Modeled customer receipt,SHI,CONDITIONAL_FORECAST,BIZ-base-0000144,2,2,2027-02-28,base,FOUNDRY_FIELD,-1920000.0000,base-02-COLLECTION-INV-base-FF-009-TERM-0,BUSINESS_DRIVEN_FORECAST,foundry-field,2027
1000,asset,2026-09-09T00:00:00Z,OPERATING,0.0000,1200000.0000,Modeled customer receipt,SHI,CONDITIONAL_FORECAST,BIZ-base-0000145,2,2,2027-02-28,base,FOUNDRY_FIELD,1200000.0000,base-02-COLLECTION-INV-base-FF-010-TERM-0,BUSINESS_DRIVEN_FORECAST,foundry-field,2027
BIZ_AR,asset,2026-09-09T00:00:00Z,NONCASH_OR_OPENING,1200000.0000,0.0000,Modeled customer receipt,SHI,CONDITIONAL_FORECAST,BIZ-base-0000145,2,2,2027-02-28,base,FOUNDRY_FIELD,-1200000.0000,base-02-COLLECTION-INV-base-FF-010-TERM-0,BUSINESS_DRIVEN_FORECAST,foundry-field,2027
1000,asset,2026-09-09T00:00:00Z,OPERATING,0.0000,1380000.0000,Modeled customer receipt,SHI,CONDITIONAL_FORECAST,BIZ-base-0000146,2,2,2027-02-28,base,FOUNDRY_FIELD,1380000.0000,base-02-COLLECTION-INV-base-FF-011-TERM-0,BUSINESS_DRIVEN_FORECAST,foundry-field,2027
BIZ_AR,asset,2026-09-09T00:00:00Z,NONCASH_OR_OPENING,1380000.0000,0.0000,Modeled customer receipt,SHI,CONDITIONAL_FORECAST,BIZ-base-0000146,2,2,2027-02-28,base,FOUNDRY_FIELD,-1380000.0000,base-02-COLLECTION-INV-base-FF-011-TERM-0,BUSINESS_DRIVEN_FORECAST,foundry-field,2027
1000,asset,2026-09-09T00:00:00Z,OPERATING,0.0000,1560000.0000,Modeled customer receipt,SHI,CONDITIONAL_FORECAST,BIZ-base-0000147,2,2,2027-02-28,base,FOUNDRY_FIELD,1560000.0000,base-02-COLLECTION-INV-base-FF-012-TERM-0,BUSINESS_DRIVEN_FORECAST,foundry-field,2027
BIZ_AR,asset,2026-09-09T00:00:00Z,NONCASH_OR_OPENING,1560000.0000,0.0000,Modeled customer receipt,SHI,CONDITIONAL_FORECAST,BIZ-base-0000147,2,2,2027-02-28,base,FOUNDRY_FIELD,-1560000.0000,base-02-COLLECTION-INV-base-FF-012-TERM-0,BUSINESS_DRIVEN_FORECAST,foundry-field,2027
1000,asset,2026-09-09T00:00:00Z,OPERATING,0.0000,1740000.0000,Modeled customer receipt,SHI,CONDITIONAL_FORECAST,BIZ-base-0000148,2,2,2027-02-28,base,FOUNDRY_FIELD,1740000.0000,base-02-COLLECTION-INV-base-FF-013-TERM-0,BUSINESS_DRIVEN_FORECAST,foundry-field,2027
BIZ_AR,asset,2026-09-09T00:00:00Z,NONCASH_OR_OPENING,1740000.0000,0.0000,Modeled customer receipt,SHI,CONDITIONAL_FORECAST,BIZ-base-0000148,2,2,2027-02-28,base,FOUNDRY_FIELD,-1740000.0000,base-02-COLLECTION-INV-base-FF-013-TERM-0,BUSINESS_DRIVEN_FORECAST,foundry-field,2027
1000,asset,2026-09-09T00:00:00Z,OPERATING,0.0000,1920000.0000,Modeled customer receipt,SHI,CONDITIONAL_FORECAST,BIZ-base-0000149,2,2,2027-02-28,base,FOUNDRY_FIELD,1920000.0000,base-02-COLLECTION-INV-base-FF-014-TERM-0,BUSINESS_DRIVEN_FORECAST,foundry-field,2027
BIZ_AR,asset,2026-09-09T00:00:00Z,NONCASH_OR_OPENING,1920000.0000,0.0000,Modeled customer receipt,SHI,CONDITIONAL_FORECAST,BIZ-base-0000149,2,2,2027-02-28,base,FOUNDRY_FIELD,-1920000.0000,base-02-COLLECTION-INV-base-FF-014-TERM-0,BUSINESS_DRIVEN_FORECAST,foundry-field,2027
1000,asset,2026-09-09T00:00:00Z,OPERATING,0.0000,1200000.0000,Modeled customer receipt,SHI,CONDITIONAL_FORECAST,BIZ-base-0000150,2,2,2027-02-28,base,FOUNDRY_FIELD,1200000.0000,base-02-COLLECTION-INV-base-FF-015-TERM-0,BUSINESS_DRIVEN_FORECAST,foundry-field,2027
BIZ_AR,asset,2026-09-09T00:00:00Z,NONCASH_OR_OPENING,1200000.0000,0.0000,Modeled customer receipt,SHI,CONDITIONAL_FORECAST,BIZ-base-0000150,2,2,2027-02-28,base,FOUNDRY_FIELD,-1200000.0000,base-02-COLLECTION-INV-base-FF-015-TERM-0,BUSINESS_DRIVEN_FORECAST,foundry-field,2027
1000,asset,2026-09-09T00:00:00Z,OPERATING,0.0000,1380000.0000,Modeled customer receipt,SHI,CONDITIONAL_FORECAST,BIZ-base-0000151,2,2,2027-02-28,base,FOUNDRY_FIELD,1380000.0000,base-02-COLLECTION-INV-base-FF-016-TERM-0,BUSINESS_DRIVEN_FORECAST,foundry-field,2027
BIZ_AR,asset,2026-09-09T00:00:00Z,NONCASH_OR_OPENING,1380000.0000,0.0000,Modeled customer receipt,SHI,CONDITIONAL_FORECAST,BIZ-base-0000151,2,2,2027-02-28,base,FOUNDRY_FIELD,-1380000.0000,base-02-COLLECTION-INV-base-FF-016-TERM-0,BUSINESS_DRIVEN_FORECAST,foundry-field,2027
1000,asset,2026-09-09T00:00:00Z,OPERATING,0.0000,1560000.0000,Modeled customer receipt,SHI,CONDITIONAL_FORECAST,BIZ-base-0000152,2,2,2027-02-28,base,FOUNDRY_FIELD,1560000.0000,base-02-COLLECTION-INV-base-FF-017-TERM-0,BUSINESS_DRIVEN_FORECAST,foundry-field,2027
BIZ_AR,asset,2026-09-09T00:00:00Z,NONCASH_OR_OPENING,1560000.0000,0.0000,Modeled customer receipt,SHI,CONDITIONAL_FORECAST,BIZ-base-0000152,2,2,2027-02-28,base,FOUNDRY_FIELD,-1560000.0000,base-02-COLLECTION-INV-base-FF-017-TERM-0,BUSINESS_DRIVEN_FORECAST,foundry-field,2027
1000,asset,2026-09-09T00:00:00Z,OPERATING,0.0000,1740000.0000,Modeled customer receipt,SHI,CONDITIONAL_FORECAST,BIZ-base-0000153,2,2,2027-02-28,base,FOUNDRY_FIELD,1740000.0000,base-02-COLLECTION-INV-base-FF-018-TERM-0,BUSINESS_DRIVEN_FORECAST,foundry-field,2027
BIZ_AR,asset,2026-09-09T00:00:00Z,NONCASH_OR_OPENING,1740000.0000,0.0000,Modeled customer receipt,SHI,CONDITIONAL_FORECAST,BIZ-base-0000153,2,2,2027-02-28,base,FOUNDRY_FIELD,-1740000.0000,base-02-COLLECTION-INV-base-FF-018-TERM-0,BUSINESS_DRIVEN_FORECAST,foundry-field,2027
1000,asset,2026-09-09T00:00:00Z,OPERATING,0.0000,1920000.0000,Modeled customer receipt,SHI,CONDITIONAL_FORECAST,BIZ-base-0000154,2,2,2027-02-28,base,FOUNDRY_FIELD,1920000.0000,base-02-COLLECTION-INV-base-FF-019-TERM-0,BUSINESS_DRIVEN_FORECAST,foundry-field,2027
BIZ_AR,asset,2026-09-09T00:00:00Z,NONCASH_OR_OPENING,1920000.0000,0.0000,Modeled customer receipt,SHI,CONDITIONAL_FORECAST,BIZ-base-0000154,2,2,2027-02-28,base,FOUNDRY_FIELD,-1920000.0000,base-02-COLLECTION-INV-base-FF-019-TERM-0,BUSINESS_DRIVEN_FORECAST,foundry-field,2027
1000,asset,2026-09-09T00:00:00Z,OPERATING,0.0000,1200000.0000,Modeled customer receipt,SHI,CONDITIONAL_FORECAST,BIZ-base-0000155,2,2,2027-02-28,base,FOUNDRY_FIELD,1200000.0000,base-02-COLLECTION-INV-base-FF-020-TERM-0,BUSINESS_DRIVEN_FORECAST,foundry-field,2027
BIZ_AR,asset,2026-09-09T00:00:00Z,NONCASH_OR_OPENING,1200000.0000,0.0000,Modeled customer receipt,SHI,CONDITIONAL_FORECAST,BIZ-base-0000155,2,2,2027-02-28,base,FOUNDRY_FIELD,-1200000.0000,base-02-COLLECTION-INV-base-FF-020-TERM-0,BUSINESS_DRIVEN_FORECAST,foundry-field,2027
1000,asset,2026-09-09T00:00:00Z,OPERATING,0.0000,1380000.0000,Modeled customer receipt,SHI,CONDITIONAL_FORECAST,BIZ-base-0000156,2,2,2027-02-28,base,FOUNDRY_FIELD,1380000.0000,base-02-COLLECTION-INV-base-FF-021-TERM-0,BUSINESS_DRIVEN_FORECAST,foundry-field,2027
BIZ_AR,asset,2026-09-09T00:00:00Z,NONCASH_OR_OPENING,1380000.0000,0.0000,Modeled customer receipt,SHI,CONDITIONAL_FORECAST,BIZ-base-0000156,2,2,2027-02-28,base,FOUNDRY_FIELD,-1380000.0000,base-02-COLLECTION-INV-base-FF-021-TERM-0,BUSINESS_DRIVEN_FORECAST,foundry-field,2027
1000,asset,2026-09-09T00:00:00Z,OPERATING,0.0000,1560000.0000,Modeled customer receipt,SHI,CONDITIONAL_FORECAST,BIZ-base-0000157,2,2,2027-02-28,base,FOUNDRY_FIELD,1560000.0000,base-02-COLLECTION-INV-base-FF-022-TERM-0,BUSINESS_DRIVEN_FORECAST,foundry-field,2027
BIZ_AR,asset,2026-09-09T00:00:00Z,NONCASH_OR_OPENING,1560000.0000,0.0000,Modeled customer receipt,SHI,CONDITIONAL_FORECAST,BIZ-base-0000157,2,2,2027-02-28,base,FOUNDRY_FIELD,-1560000.0000,base-02-COLLECTION-INV-base-FF-022-TERM-0,BUSINESS_DRIVEN_FORECAST,foundry-field,2027
1000,asset,2026-09-09T00:00:00Z,OPERATING,0.0000,1740000.0000,Modeled customer receipt,SHI,CONDITIONAL_FORECAST,BIZ-base-0000158,2,2,2027-02-28,base,FOUNDRY_FIELD,1740000.0000,base-02-COLLECTION-INV-base-FF-023-TERM-0,BUSINESS_DRIVEN_FORECAST,foundry-field,2027
BIZ_AR,asset,2026-09-09T00:00:00Z,NONCASH_OR_OPENING,1740000.0000,0.0000,Modeled customer receipt,SHI,CONDITIONAL_FORECAST,BIZ-base-0000158,2,2,2027-02-28,base,FOUNDRY_FIELD,-1740000.0000,base-02-COLLECTION-INV-base-FF-023-TERM-0,BUSINESS_DRIVEN_FORECAST,foundry-field,2027
1000,asset,2026-09-09T00:00:00Z,OPERATING,0.0000,1920000.0000,Modeled customer receipt,SHI,CONDITIONAL_FORECAST,BIZ-base-0000159,2,2,2027-02-28,base,FOUNDRY_FIELD,1920000.0000,base-02-COLLECTION-INV-base-FF-024-TERM-0,BUSINESS_DRIVEN_FORECAST,foundry-field,2027
BIZ_AR,asset,2026-09-09T00:00:00Z,NONCASH_OR_OPENING,1920000.0000,0.0000,Modeled customer receipt,SHI,CONDITIONAL_FORECAST,BIZ-base-0000159,2,2,2027-02-28,base,FOUNDRY_FIELD,-1920000.0000,base-02-COLLECTION-INV-base-FF-024-TERM-0,BUSINESS_DRIVEN_FORECAST,foundry-field,2027
1000,asset,2026-09-09T00:00:00Z,OPERATING,0.0000,1200000.0000,Modeled customer receipt,SHI,CONDITIONAL_FORECAST,BIZ-base-0000160,2,2,2027-02-28,base,FOUNDRY_FIELD,1200000.0000,base-02-COLLECTION-INV-base-FF-025-TERM-0,BUSINESS_DRIVEN_FORECAST,foundry-field,2027
BIZ_AR,asset,2026-09-09T00:00:00Z,NONCASH_OR_OPENING,1200000.0000,0.0000,Modeled customer receipt,SHI,CONDITIONAL_FORECAST,BIZ-base-0000160,2,2,2027-02-28,base,FOUNDRY_FIELD,-1200000.0000,base-02-COLLECTION-INV-base-FF-025-TERM-0,BUSINESS_DRIVEN_FORECAST,foundry-field,2027
1000,asset,2026-09-09T00:00:00Z,OPERATING,0.0000,1380000.0000,Modeled customer receipt,SHI,CONDITIONAL_FORECAST,BIZ-base-0000161,2,2,2027-02-28,base,FOUNDRY_FIELD,1380000.0000,base-02-COLLECTION-INV-base-FF-026-TERM-0,BUSINESS_DRIVEN_FORECAST,foundry-field,2027
BIZ_AR,asset,2026-09-09T00:00:00Z,NONCASH_OR_OPENING,1380000.0000,0.0000,Modeled customer receipt,SHI,CONDITIONAL_FORECAST,BIZ-base-0000161,2,2,2027-02-28,base,FOUNDRY_FIELD,-1380000.0000,base-02-COLLECTION-INV-base-FF-026-TERM-0,BUSINESS_DRIVEN_FORECAST,foundry-field,2027
1000,asset,2026-09-09T00:00:00Z,OPERATING,0.0000,1560000.0000,Modeled customer receipt,SHI,CONDITIONAL_FORECAST,BIZ-base-0000162,2,2,2027-02-28,base,FOUNDRY_FIELD,1560000.0000,base-02-COLLECTION-INV-base-FF-027-TERM-0,BUSINESS_DRIVEN_FORECAST,foundry-field,2027
BIZ_AR,asset,2026-09-09T00:00:00Z,NONCASH_OR_OPENING,1560000.0000,0.0000,Modeled customer receipt,SHI,CONDITIONAL_FORECAST,BIZ-base-0000162,2,2,2027-02-28,base,FOUNDRY_FIELD,-1560000.0000,base-02-COLLECTION-INV-base-FF-027-TERM-0,BUSINESS_DRIVEN_FORECAST,foundry-field,2027
1000,asset,2026-09-09T00:00:00Z,OPERATING,0.0000,1740000.0000,Modeled customer receipt,SHI,CONDITIONAL_FORECAST,BIZ-base-0000163,2,2,2027-02-28,base,FOUNDRY_FIELD,1740000.0000,base-02-COLLECTION-INV-base-FF-028-TERM-0,BUSINESS_DRIVEN_FORECAST,foundry-field,2027
BIZ_AR,asset,2026-09-09T00:00:00Z,NONCASH_OR_OPENING,1740000.0000,0.0000,Modeled customer receipt,SHI,CONDITIONAL_FORECAST,BIZ-base-0000163,2,2,2027-02-28,base,FOUNDRY_FIELD,-1740000.0000,base-02-COLLECTION-INV-base-FF-028-TERM-0,BUSINESS_DRIVEN_FORECAST,foundry-field,2027
1000,asset,2026-09-09T00:00:00Z,OPERATING,0.0000,1920000.0000,Modeled customer receipt,SHI,CONDITIONAL_FORECAST,BIZ-base-0000164,2,2,2027-02-28,base,FOUNDRY_FIELD,1920000.0000,base-02-COLLECTION-INV-base-FF-029-TERM-0,BUSINESS_DRIVEN_FORECAST,foundry-field,2027
BIZ_AR,asset,2026-09-09T00:00:00Z,NONCASH_OR_OPENING,1920000.0000,0.0000,Modeled customer receipt,SHI,CONDITIONAL_FORECAST,BIZ-base-0000164,2,2,2027-02-28,base,FOUNDRY_FIELD,-1920000.0000,base-02-COLLECTION-INV-base-FF-029-TERM-0,BUSINESS_DRIVEN_FORECAST,foundry-field,2027
1000,asset,2026-09-09T00:00:00Z,OPERATING,0.0000,1200000.0000,Modeled customer receipt,SHI,CONDITIONAL_FORECAST,BIZ-base-0000165,2,2,2027-02-28,base,FOUNDRY_FIELD,1200000.0000,base-02-COLLECTION-INV-base-FF-030-TERM-0,BUSINESS_DRIVEN_FORECAST,foundry-field,2027
BIZ_AR,asset,2026-09-09T00:00:00Z,NONCASH_OR_OPENING,1200000.0000,0.0000,Modeled customer receipt,SHI,CONDITIONAL_FORECAST,BIZ-base-0000165,2,2,2027-02-28,base,FOUNDRY_FIELD,-1200000.0000,base-02-COLLECTION-INV-base-FF-030-TERM-0,BUSINESS_DRIVEN_FORECAST,foundry-field,2027
1000,asset,2026-09-09T00:00:00Z,OPERATING,0.0000,1380000.0000,Modeled customer receipt,SHI,CONDITIONAL_FORECAST,BIZ-base-0000166,2,2,2027-02-28,base,FOUNDRY_FIELD,1380000.0000,base-02-COLLECTION-INV-base-FF-031-TERM-0,BUSINESS_DRIVEN_FORECAST,foundry-field,2027
BIZ_AR,asset,2026-09-09T00:00:00Z,NONCASH_OR_OPENING,1380000.0000,0.0000,Modeled customer receipt,SHI,CONDITIONAL_FORECAST,BIZ-base-0000166,2,2,2027-02-28,base,FOUNDRY_FIELD,-1380000.0000,base-02-COLLECTION-INV-base-FF-031-TERM-0,BUSINESS_DRIVEN_FORECAST,foundry-field,2027
1000,asset,2026-09-09T00:00:00Z,OPERATING,0.0000,1560000.0000,Modeled customer receipt,SHI,CONDITIONAL_FORECAST,BIZ-base-0000167,2,2,2027-02-28,base,FOUNDRY_FIELD,1560000.0000,base-02-COLLECTION-INV-base-FF-032-TERM-0,BUSINESS_DRIVEN_FORECAST,foundry-field,2027
BIZ_AR,asset,2026-09-09T00:00:00Z,NONCASH_OR_OPENING,1560000.0000,0.0000,Modeled customer receipt,SHI,CONDITIONAL_FORECAST,BIZ-base-0000167,2,2,2027-02-28,base,FOUNDRY_FIELD,-1560000.0000,base-02-COLLECTION-INV-base-FF-032-TERM-0,BUSINESS_DRIVEN_FORECAST,foundry-field,2027
1000,asset,2026-09-09T00:00:00Z,OPERATING,0.0000,1740000.0000,Modeled customer receipt,SHI,CONDITIONAL_FORECAST,BIZ-base-0000168,2,2,2027-02-28,base,FOUNDRY_FIELD,1740000.0000,base-02-COLLECTION-INV-base-FF-033-TERM-0,BUSINESS_DRIVEN_FORECAST,foundry-field,2027
BIZ_AR,asset,2026-09-09T00:00:00Z,NONCASH_OR_OPENING,1740000.0000,0.0000,Modeled customer receipt,SHI,CONDITIONAL_FORECAST,BIZ-base-0000168,2,2,2027-02-28,base,FOUNDRY_FIELD,-1740000.0000,base-02-COLLECTION-INV-base-FF-033-TERM-0,BUSINESS_DRIVEN_FORECAST,foundry-field,2027
1000,asset,2026-09-09T00:00:00Z,OPERATING,0.0000,1920000.0000,Modeled customer receipt,SHI,CONDITIONAL_FORECAST,BIZ-base-0000169,2,2,2027-02-28,base,FOUNDRY_FIELD,1920000.0000,base-02-COLLECTION-INV-base-FF-034-TERM-0,BUSINESS_DRIVEN_FORECAST,foundry-field,2027
BIZ_AR,asset,2026-09-09T00:00:00Z,NONCASH_OR_OPENING,1920000.0000,0.0000,Modeled customer receipt,SHI,CONDITIONAL_FORECAST,BIZ-base-0000169,2,2,2027-02-28,base,FOUNDRY_FIELD,-1920000.0000,base-02-COLLECTION-INV-base-FF-034-TERM-0,BUSINESS_DRIVEN_FORECAST,foundry-field,2027
1000,asset,2026-09-09T00:00:00Z,OPERATING,0.0000,1200000.0000,Modeled customer receipt,SHI,CONDITIONAL_FORECAST,BIZ-base-0000170,2,2,2027-02-28,base,FOUNDRY_FIELD,1200000.0000,base-02-COLLECTION-INV-base-FF-035-TERM-0,BUSINESS_DRIVEN_FORECAST,foundry-field,2027
BIZ_AR,asset,2026-09-09T00:00:00Z,NONCASH_OR_OPENING,1200000.0000,0.0000,Modeled customer receipt,SHI,CONDITIONAL_FORECAST,BIZ-base-0000170,2,2,2027-02-28,base,FOUNDRY_FIELD,-1200000.0000,base-02-COLLECTION-INV-base-FF-035-TERM-0,BUSINESS_DRIVEN_FORECAST,foundry-field,2027
1000,asset,2026-09-09T00:00:00Z,OPERATING,0.0000,1380000.0000,Modeled customer receipt,SHI,CONDITIONAL_FORECAST,BIZ-base-0000171,2,2,2027-02-28,base,FOUNDRY_FIELD,1380000.0000,base-02-COLLECTION-INV-base-FF-036-TERM-0,BUSINESS_DRIVEN_FORECAST,foundry-field,2027
BIZ_AR,asset,2026-09-09T00:00:00Z,NONCASH_OR_OPENING,1380000.0000,0.0000,Modeled customer receipt,SHI,CONDITIONAL_FORECAST,BIZ-base-0000171,2,2,2027-02-28,base,FOUNDRY_FIELD,-1380000.0000,base-02-COLLECTION-INV-base-FF-036-TERM-0,BUSINESS_DRIVEN_FORECAST,foundry-field,2027
BIZ_AP,liability,2026-09-09T00:00:00Z,NONCASH_OR_OPENING,0.0000,2400.0000,Scheduled vendor cash request; treasury shortfalls separately reported,SHI,CONDITIONAL_FORECAST,BIZ-base-0000176,2,2,2027-02-28,base,FOUNDRY_FIELD,2400.0000,base-02-PAYMENT_REQUEST-AP-base-1-HOSTING-FF-001,BUSINESS_DRIVEN_FORECAST,foundry-field,2027
1000,asset,2026-09-09T00:00:00Z,OPERATING,2400.0000,0.0000,Scheduled vendor cash request; treasury shortfalls separately reported,SHI,CONDITIONAL_FORECAST,BIZ-base-0000176,2,2,2027-02-28,base,FOUNDRY_FIELD,-2400.0000,base-02-PAYMENT_REQUEST-AP-base-1-HOSTING-FF-001,BUSINESS_DRIVEN_FORECAST,foundry-field,2027
BIZ_AP,liability,2026-09-09T00:00:00Z,NONCASH_OR_OPENING,0.0000,3000.0000,Scheduled vendor cash request; treasury shortfalls separately reported,SHI,CONDITIONAL_FORECAST,BIZ-base-0000177,2,2,2027-02-28,base,FOUNDRY_FIELD,3000.0000,base-02-PAYMENT_REQUEST-AP-base-1-HOSTING-FF-002,BUSINESS_DRIVEN_FORECAST,foundry-field,2027
1000,asset,2026-09-09T00:00:00Z,OPERATING,3000.0000,0.0000,Scheduled vendor cash request; treasury shortfalls separately reported,SHI,CONDITIONAL_FORECAST,BIZ-base-0000177,2,2,2027-02-28,base,FOUNDRY_FIELD,-3000.0000,base-02-PAYMENT_REQUEST-AP-base-1-HOSTING-FF-002,BUSINESS_DRIVEN_FORECAST,foundry-field,2027
BIZ_AP,liability,2026-09-09T00:00:00Z,NONCASH_OR_OPENING,0.0000,3600.0000,Scheduled vendor cash request; treasury shortfalls separately reported,SHI,CONDITIONAL_FORECAST,BIZ-base-0000178,2,2,2027-02-28,base,FOUNDRY_FIELD,3600.0000,base-02-PAYMENT_REQUEST-AP-base-1-HOSTING-FF-003,BUSINESS_DRIVEN_FORECAST,foundry-field,2027
1000,asset,2026-09-09T00:00:00Z,OPERATING,3600.0000,0.0000,Scheduled vendor cash request; treasury shortfalls separately reported,SHI,CONDITIONAL_FORECAST,BIZ-base-0000178,2,2,2027-02-28,base,FOUNDRY_FIELD,-3600.0000,base-02-PAYMENT_REQUEST-AP-base-1-HOSTING-FF-003,BUSINESS_DRIVEN_FORECAST,foundry-field,2027
BIZ_AP,liability,2026-09-09T00:00:00Z,NONCASH_OR_OPENING,0.0000,1800.0000,Scheduled vendor cash request; treasury shortfalls separately reported,SHI,CONDITIONAL_FORECAST,BIZ-base-0000179,2,2,2027-02-28,base,FOUNDRY_FIELD,1800.0000,base-02-PAYMENT_REQUEST-AP-base-1-HOSTING-FF-004,BUSINESS_DRIVEN_FORECAST,foundry-field,2027
1000,asset,2026-09-09T00:00:00Z,OPERATING,1800.0000,0.0000,Scheduled vendor cash request; treasury shortfalls separately reported,SHI,CONDITIONAL_FORECAST,BIZ-base-0000179,2,2,2027-02-28,base,FOUNDRY_FIELD,-1800.0000,base-02-PAYMENT_REQUEST-AP-base-1-HOSTING-FF-004,BUSINESS_DRIVEN_FORECAST,foundry-field,2027
BIZ_AP,liability,2026-09-09T00:00:00Z,NONCASH_OR_OPENING,0.0000,2400.0000,Scheduled vendor cash request; treasury shortfalls separately reported,SHI,CONDITIONAL_FORECAST,BIZ-base-0000180,2,2,2027-02-28,base,FOUNDRY_FIELD,2400.0000,base-02-PAYMENT_REQUEST-AP-base-1-HOSTING-FF-005,BUSINESS_DRIVEN_FORECAST,foundry-field,2027
1000,asset,2026-09-09T00:00:00Z,OPERATING,2400.0000,0.0000,Scheduled vendor cash request; treasury shortfalls separately reported,SHI,CONDITIONAL_FORECAST,BIZ-base-0000180,2,2,2027-02-28,base,FOUNDRY_FIELD,-2400.0000,base-02-PAYMENT_REQUEST-AP-base-1-HOSTING-FF-005,BUSINESS_DRIVEN_FORECAST,foundry-field,2027
BIZ_AP,liability,2026-09-09T00:00:00Z,NONCASH_OR_OPENING,0.0000,3000.0000,Scheduled vendor cash request; treasury shortfalls separately reported,SHI,CONDITIONAL_FORECAST,BIZ-base-0000181,2,2,2027-02-28,base,FOUNDRY_FIELD,3000.0000,base-02-PAYMENT_REQUEST-AP-base-1-HOSTING-FF-006,BUSINESS_DRIVEN_FORECAST,foundry-field,2027
1000,asset,2026-09-09T00:00:00Z,OPERATING,3000.0000,0.0000,Scheduled vendor cash request; treasury shortfalls separately reported,SHI,CONDITIONAL_FORECAST,BIZ-base-0000181,2,2,2027-02-28,base,FOUNDRY_FIELD,-3000.0000,base-02-PAYMENT_REQUEST-AP-base-1-HOSTING-FF-006,BUSINESS_DRIVEN_FORECAST,foundry-field,2027
BIZ_AP,liability,2026-09-09T00:00:00Z,NONCASH_OR_OPENING,0.0000,3600.0000,Scheduled vendor cash request; treasury shortfalls separately reported,SHI,CONDITIONAL_FORECAST,BIZ-base-0000182,2,2,2027-02-28,base,FOUNDRY_FIELD,3600.0000,base-02-PAYMENT_REQUEST-AP-base-1-HOSTING-FF-007,BUSINESS_DRIVEN_FORECAST,foundry-field,2027
1000,asset,2026-09-09T00:00:00Z,OPERATING,3600.0000,0.0000,Scheduled vendor cash request; treasury shortfalls separately reported,SHI,CONDITIONAL_FORECAST,BIZ-base-0000182,2,2,2027-02-28,base,FOUNDRY_FIELD,-3600.0000,base-02-PAYMENT_REQUEST-AP-base-1-HOSTING-FF-007,BUSINESS_DRIVEN_FORECAST,foundry-field,2027
BIZ_AP,liability,2026-09-09T00:00:00Z,NONCASH_OR_OPENING,0.0000,1800.0000,Scheduled vendor cash request; treasury shortfalls separately reported,SHI,CONDITIONAL_FORECAST,BIZ-base-0000183,2,2,2027-02-28,base,FOUNDRY_FIELD,1800.0000,base-02-PAYMENT_REQUEST-AP-base-1-HOSTING-FF-008,BUSINESS_DRIVEN_FORECAST,foundry-field,2027
1000,asset,2026-09-09T00:00:00Z,OPERATING,1800.0000,0.0000,Scheduled vendor cash request; treasury shortfalls separately reported,SHI,CONDITIONAL_FORECAST,BIZ-base-0000183,2,2,2027-02-28,base,FOUNDRY_FIELD,-1800.0000,base-02-PAYMENT_REQUEST-AP-base-1-HOSTING-FF-008,BUSINESS_DRIVEN_FORECAST,foundry-field,2027
BIZ_AP,liability,2026-09-09T00:00:00Z,NONCASH_OR_OPENING,0.0000,2400.0000,Scheduled vendor cash request; treasury shortfalls separately reported,SHI,CONDITIONAL_FORECAST,BIZ-base-0000184,2,2,2027-02-28,base,FOUNDRY_FIELD,2400.0000,base-02-PAYMENT_REQUEST-AP-base-1-HOSTING-FF-009,BUSINESS_DRIVEN_FORECAST,foundry-field,2027
1000,asset,2026-09-09T00:00:00Z,OPERATING,2400.0000,0.0000,Scheduled vendor cash request; treasury shortfalls separately reported,SHI,CONDITIONAL_FORECAST,BIZ-base-0000184,2,2,2027-02-28,base,FOUNDRY_FIELD,-2400.0000,base-02-PAYMENT_REQUEST-AP-base-1-HOSTING-FF-009,BUSINESS_DRIVEN_FORECAST,foundry-field,2027
BIZ_AP,liability,2026-09-09T00:00:00Z,NONCASH_OR_OPENING,0.0000,3000.0000,Scheduled vendor cash request; treasury shortfalls separately reported,SHI,CONDITIONAL_FORECAST,BIZ-base-0000185,2,2,2027-02-28,base,FOUNDRY_FIELD,3000.0000,base-02-PAYMENT_REQUEST-AP-base-1-HOSTING-FF-010,BUSINESS_DRIVEN_FORECAST,foundry-field,2027
1000,asset,2026-09-09T00:00:00Z,OPERATING,3000.0000,0.0000,Scheduled vendor cash request; treasury shortfalls separately reported,SHI,CONDITIONAL_FORECAST,BIZ-base-0000185,2,2,2027-02-28,base,FOUNDRY_FIELD,-3000.0000,base-02-PAYMENT_REQUEST-AP-base-1-HOSTING-FF-010,BUSINESS_DRIVEN_FORECAST,foundry-field,2027
BIZ_AP,liability,2026-09-09T00:00:00Z,NONCASH_OR_OPENING,0.0000,3600.0000,Scheduled vendor cash request; treasury shortfalls separately reported,SHI,CONDITIONAL_FORECAST,BIZ-base-0000186,2,2,2027-02-28,base,FOUNDRY_FIELD,3600.0000,base-02-PAYMENT_REQUEST-AP-base-1-HOSTING-FF-011,BUSINESS_DRIVEN_FORECAST,foundry-field,2027
1000,asset,2026-09-09T00:00:00Z,OPERATING,3600.0000,0.0000,Scheduled vendor cash request; treasury shortfalls separately reported,SHI,CONDITIONAL_FORECAST,BIZ-base-0000186,2,2,2027-02-28,base,FOUNDRY_FIELD,-3600.0000,base-02-PAYMENT_REQUEST-AP-base-1-HOSTING-FF-011,BUSINESS_DRIVEN_FORECAST,foundry-field,2027
BIZ_AP,liability,2026-09-09T00:00:00Z,NONCASH_OR_OPENING,0.0000,1800.0000,Scheduled vendor cash request; treasury shortfalls separately reported,SHI,CONDITIONAL_FORECAST,BIZ-base-0000187,2,2,2027-02-28,base,FOUNDRY_FIELD,1800.0000,base-02-PAYMENT_REQUEST-AP-base-1-HOSTING-FF-012,BUSINESS_DRIVEN_FORECAST,foundry-field,2027
1000,asset,2026-09-09T00:00:00Z,OPERATING,1800.0000,0.0000,Scheduled vendor cash request; treasury shortfalls separately reported,SHI,CONDITIONAL_FORECAST,BIZ-base-0000187,2,2,2027-02-28,base,FOUNDRY_FIELD,-1800.0000,base-02-PAYMENT_REQUEST-AP-base-1-HOSTING-FF-012,BUSINESS_DRIVEN_FORECAST,foundry-field,2027
BIZ_AP,liability,2026-09-09T00:00:00Z,NONCASH_OR_OPENING,0.0000,2400.0000,Scheduled vendor cash request; treasury shortfalls separately reported,SHI,CONDITIONAL_FORECAST,BIZ-base-0000188,2,2,2027-02-28,base,FOUNDRY_FIELD,2400.0000,base-02-PAYMENT_REQUEST-AP-base-1-HOSTING-FF-013,BUSINESS_DRIVEN_FORECAST,foundry-field,2027
1000,asset,2026-09-09T00:00:00Z,OPERATING,2400.0000,0.0000,Scheduled vendor cash request; treasury shortfalls separately reported,SHI,CONDITIONAL_FORECAST,BIZ-base-0000188,2,2,2027-02-28,base,FOUNDRY_FIELD,-2400.0000,base-02-PAYMENT_REQUEST-AP-base-1-HOSTING-FF-013,BUSINESS_DRIVEN_FORECAST,foundry-field,2027
BIZ_AP,liability,2026-09-09T00:00:00Z,NONCASH_OR_OPENING,0.0000,3000.0000,Scheduled vendor cash request; treasury shortfalls separately reported,SHI,CONDITIONAL_FORECAST,BIZ-base-0000189,2,2,2027-02-28,base,FOUNDRY_FIELD,3000.0000,base-02-PAYMENT_REQUEST-AP-base-1-HOSTING-FF-014,BUSINESS_DRIVEN_FORECAST,foundry-field,2027
1000,asset,2026-09-09T00:00:00Z,OPERATING,3000.0000,0.0000,Scheduled vendor cash request; treasury shortfalls separately reported,SHI,CONDITIONAL_FORECAST,BIZ-base-0000189,2,2,2027-02-28,base,FOUNDRY_FIELD,-3000.0000,base-02-PAYMENT_REQUEST-AP-base-1-HOSTING-FF-014,BUSINESS_DRIVEN_FORECAST,foundry-field,2027
BIZ_AP,liability,2026-09-09T00:00:00Z,NONCASH_OR_OPENING,0.0000,3600.0000,Scheduled vendor cash request; treasury shortfalls separately reported,SHI,CONDITIONAL_FORECAST,BIZ-base-0000190,2,2,2027-02-28,base,FOUNDRY_FIELD,3600.0000,base-02-PAYMENT_REQUEST-AP-base-1-HOSTING-FF-015,BUSINESS_DRIVEN_FORECAST,foundry-field,2027
1000,asset,2026-09-09T00:00:00Z,OPERATING,3600.0000,0.0000,Scheduled vendor cash request; treasury shortfalls separately reported,SHI,CONDITIONAL_FORECAST,BIZ-base-0000190,2,2,2027-02-28,base,FOUNDRY_FIELD,-3600.0000,base-02-PAYMENT_REQUEST-AP-base-1-HOSTING-FF-015,BUSINESS_DRIVEN_FORECAST,foundry-field,2027
BIZ_AP,liability,2026-09-09T00:00:00Z,NONCASH_OR_OPENING,0.0000,1800.0000,Scheduled vendor cash request; treasury shortfalls separately reported,SHI,CONDITIONAL_FORECAST,BIZ-base-0000191,2,2,2027-02-28,base,FOUNDRY_FIELD,1800.0000,base-02-PAYMENT_REQUEST-AP-base-1-HOSTING-FF-016,BUSINESS_DRIVEN_FORECAST,foundry-field,2027
1000,asset,2026-09-09T00:00:00Z,OPERATING,1800.0000,0.0000,Scheduled vendor cash request; treasury shortfalls separately reported,SHI,CONDITIONAL_FORECAST,BIZ-base-0000191,2,2,2027-02-28,base,FOUNDRY_FIELD,-1800.0000,base-02-PAYMENT_REQUEST-AP-base-1-HOSTING-FF-016,BUSINESS_DRIVEN_FORECAST,foundry-field,2027
BIZ_AP,liability,2026-09-09T00:00:00Z,NONCASH_OR_OPENING,0.0000,2400.0000,Scheduled vendor cash request; treasury shortfalls separately reported,SHI,CONDITIONAL_FORECAST,BIZ-base-0000192,2,2,2027-02-28,base,FOUNDRY_FIELD,2400.0000,base-02-PAYMENT_REQUEST-AP-base-1-HOSTING-FF-017,BUSINESS_DRIVEN_FORECAST,foundry-field,2027
1000,asset,2026-09-09T00:00:00Z,OPERATING,2400.0000,0.0000,Scheduled vendor cash request; treasury shortfalls separately reported,SHI,CONDITIONAL_FORECAST,BIZ-base-0000192,2,2,2027-02-28,base,FOUNDRY_FIELD,-2400.0000,base-02-PAYMENT_REQUEST-AP-base-1-HOSTING-FF-017,BUSINESS_DRIVEN_FORECAST,foundry-field,2027
BIZ_AP,liability,2026-09-09T00:00:00Z,NONCASH_OR_OPENING,0.0000,3000.0000,Scheduled vendor cash request; treasury shortfalls separately reported,SHI,CONDITIONAL_FORECAST,BIZ-base-0000193,2,2,2027-02-28,base,FOUNDRY_FIELD,3000.0000,base-02-PAYMENT_REQUEST-AP-base-1-HOSTING-FF-018,BUSINESS_DRIVEN_FORECAST,foundry-field,2027
1000,asset,2026-09-09T00:00:00Z,OPERATING,3000.0000,0.0000,Scheduled vendor cash request; treasury shortfalls separately reported,SHI,CONDITIONAL_FORECAST,BIZ-base-0000193,2,2,2027-02-28,base,FOUNDRY_FIELD,-3000.0000,base-02-PAYMENT_REQUEST-AP-base-1-HOSTING-FF-018,BUSINESS_DRIVEN_FORECAST,foundry-field,2027
BIZ_AP,liability,2026-09-09T00:00:00Z,NONCASH_OR_OPENING,0.0000,3600.0000,Scheduled vendor cash request; treasury shortfalls separately reported,SHI,CONDITIONAL_FORECAST,BIZ-base-0000194,2,2,2027-02-28,base,FOUNDRY_FIELD,3600.0000,base-02-PAYMENT_REQUEST-AP-base-1-HOSTING-FF-019,BUSINESS_DRIVEN_FORECAST,foundry-field,2027
1000,asset,2026-09-09T00:00:00Z,OPERATING,3600.0000,0.0000,Scheduled vendor cash request; treasury shortfalls separately reported,SHI,CONDITIONAL_FORECAST,BIZ-base-0000194,2,2,2027-02-28,base,FOUNDRY_FIELD,-3600.0000,base-02-PAYMENT_REQUEST-AP-base-1-HOSTING-FF-019,BUSINESS_DRIVEN_FORECAST,foundry-field,2027
BIZ_AP,liability,2026-09-09T00:00:00Z,NONCASH_OR_OPENING,0.0000,1800.0000,Scheduled vendor cash request; treasury shortfalls separately reported,SHI,CONDITIONAL_FORECAST,BIZ-base-0000195,2,2,2027-02-28,base,FOUNDRY_FIELD,1800.0000,base-02-PAYMENT_REQUEST-AP-base-1-HOSTING-FF-020,BUSINESS_DRIVEN_FORECAST,foundry-field,2027
1000,asset,2026-09-09T00:00:00Z,OPERATING,1800.0000,0.0000,Scheduled vendor cash request; treasury shortfalls separately reported,SHI,CONDITIONAL_FORECAST,BIZ-base-0000195,2,2,2027-02-28,base,FOUNDRY_FIELD,-1800.0000,base-02-PAYMENT_REQUEST-AP-base-1-HOSTING-FF-020,BUSINESS_DRIVEN_FORECAST,foundry-field,2027
BIZ_AP,liability,2026-09-09T00:00:00Z,NONCASH_OR_OPENING,0.0000,2400.0000,Scheduled vendor cash request; treasury shortfalls separately reported,SHI,CONDITIONAL_FORECAST,BIZ-base-0000196,2,2,2027-02-28,base,FOUNDRY_FIELD,2400.0000,base-02-PAYMENT_REQUEST-AP-base-1-HOSTING-FF-021,BUSINESS_DRIVEN_FORECAST,foundry-field,2027
1000,asset,2026-09-09T00:00:00Z,OPERATING,2400.0000,0.0000,Scheduled vendor cash request; treasury shortfalls separately reported,SHI,CONDITIONAL_FORECAST,BIZ-base-0000196,2,2,2027-02-28,base,FOUNDRY_FIELD,-2400.0000,base-02-PAYMENT_REQUEST-AP-base-1-HOSTING-FF-021,BUSINESS_DRIVEN_FORECAST,foundry-field,2027
BIZ_AP,liability,2026-09-09T00:00:00Z,NONCASH_OR_OPENING,0.0000,3000.0000,Scheduled vendor cash request; treasury shortfalls separately reported,SHI,CONDITIONAL_FORECAST,BIZ-base-0000197,2,2,2027-02-28,base,FOUNDRY_FIELD,3000.0000,base-02-PAYMENT_REQUEST-AP-base-1-HOSTING-FF-022,BUSINESS_DRIVEN_FORECAST,foundry-field,2027
1000,asset,2026-09-09T00:00:00Z,OPERATING,3000.0000,0.0000,Scheduled vendor cash request; treasury shortfalls separately reported,SHI,CONDITIONAL_FORECAST,BIZ-base-0000197,2,2,2027-02-28,base,FOUNDRY_FIELD,-3000.0000,base-02-PAYMENT_REQUEST-AP-base-1-HOSTING-FF-022,BUSINESS_DRIVEN_FORECAST,foundry-field,2027
BIZ_AP,liability,2026-09-09T00:00:00Z,NONCASH_OR_OPENING,0.0000,3600.0000,Scheduled vendor cash request; treasury shortfalls separately reported,SHI,CONDITIONAL_FORECAST,BIZ-base-0000198,2,2,2027-02-28,base,FOUNDRY_FIELD,3600.0000,base-02-PAYMENT_REQUEST-AP-base-1-HOSTING-FF-023,BUSINESS_DRIVEN_FORECAST,foundry-field,2027
1000,asset,2026-09-09T00:00:00Z,OPERATING,3600.0000,0.0000,Scheduled vendor cash request; treasury shortfalls separately reported,SHI,CONDITIONAL_FORECAST,BIZ-base-0000198,2,2,2027-02-28,base,FOUNDRY_FIELD,-3600.0000,base-02-PAYMENT_REQUEST-AP-base-1-HOSTING-FF-023,BUSINESS_DRIVEN_FORECAST,foundry-field,2027
BIZ_AP,liability,2026-09-09T00:00:00Z,NONCASH_OR_OPENING,0.0000,1800.0000,Scheduled vendor cash request; treasury shortfalls separately reported,SHI,CONDITIONAL_FORECAST,BIZ-base-0000199,2,2,2027-02-28,base,FOUNDRY_FIELD,1800.0000,base-02-PAYMENT_REQUEST-AP-base-1-HOSTING-FF-024,BUSINESS_DRIVEN_FORECAST,foundry-field,2027
1000,asset,2026-09-09T00:00:00Z,OPERATING,1800.0000,0.0000,Scheduled vendor cash request; treasury shortfalls separately reported,SHI,CONDITIONAL_FORECAST,BIZ-base-0000199,2,2,2027-02-28,base,FOUNDRY_FIELD,-1800.0000,base-02-PAYMENT_REQUEST-AP-base-1-HOSTING-FF-024,BUSINESS_DRIVEN_FORECAST,foundry-field,2027
BIZ_AP,liability,2026-09-09T00:00:00Z,NONCASH_OR_OPENING,0.0000,2400.0000,Scheduled vendor cash request; treasury shortfalls separately reported,SHI,CONDITIONAL_FORECAST,BIZ-base-0000200,2,2,2027-02-28,base,FOUNDRY_FIELD,2400.0000,base-02-PAYMENT_REQUEST-AP-base-1-HOSTING-FF-025,BUSINESS_DRIVEN_FORECAST,foundry-field,2027
1000,asset,2026-09-09T00:00:00Z,OPERATING,2400.0000,0.0000,Scheduled vendor cash request; treasury shortfalls separately reported,SHI,CONDITIONAL_FORECAST,BIZ-base-0000200,2,2,2027-02-28,base,FOUNDRY_FIELD,-2400.0000,base-02-PAYMENT_REQUEST-AP-base-1-HOSTING-FF-025,BUSINESS_DRIVEN_FORECAST,foundry-field,2027
BIZ_AP,liability,2026-09-09T00:00:00Z,NONCASH_OR_OPENING,0.0000,3000.0000,Scheduled vendor cash request; treasury shortfalls separately reported,SHI,CONDITIONAL_FORECAST,BIZ-base-0000201,2,2,2027-02-28,base,FOUNDRY_FIELD,3000.0000,base-02-PAYMENT_REQUEST-AP-base-1-HOSTING-FF-026,BUSINESS_DRIVEN_FORECAST,foundry-field,2027
1000,asset,2026-09-09T00:00:00Z,OPERATING,3000.0000,0.0000,Scheduled vendor cash request; treasury shortfalls separately reported,SHI,CONDITIONAL_FORECAST,BIZ-base-0000201,2,2,2027-02-28,base,FOUNDRY_FIELD,-3000.0000,base-02-PAYMENT_REQUEST-AP-base-1-HOSTING-FF-026,BUSINESS_DRIVEN_FORECAST,foundry-field,2027
BIZ_AP,liability,2026-09-09T00:00:00Z,NONCASH_OR_OPENING,0.0000,3600.0000,Scheduled vendor cash request; treasury shortfalls separately reported,SHI,CONDITIONAL_FORECAST,BIZ-base-0000202,2,2,2027-02-28,base,FOUNDRY_FIELD,3600.0000,base-02-PAYMENT_REQUEST-AP-base-1-HOSTING-FF-027,BUSINESS_DRIVEN_FORECAST,foundry-field,2027
1000,asset,2026-09-09T00:00:00Z,OPERATING,3600.0000,0.0000,Scheduled vendor cash request; treasury shortfalls separately reported,SHI,CONDITIONAL_FORECAST,BIZ-base-0000202,2,2,2027-02-28,base,FOUNDRY_FIELD,-3600.0000,base-02-PAYMENT_REQUEST-AP-base-1-HOSTING-FF-027,BUSINESS_DRIVEN_FORECAST,foundry-field,2027
BIZ_AP,liability,2026-09-09T00:00:00Z,NONCASH_OR_OPENING,0.0000,1800.0000,Scheduled vendor cash request; treasury shortfalls separately reported,SHI,CONDITIONAL_FORECAST,BIZ-base-0000203,2,2,2027-02-28,base,FOUNDRY_FIELD,1800.0000,base-02-PAYMENT_REQUEST-AP-base-1-HOSTING-FF-028,BUSINESS_DRIVEN_FORECAST,foundry-field,2027
1000,asset,2026-09-09T00:00:00Z,OPERATING,1800.0000,0.0000,Scheduled vendor cash request; treasury shortfalls separately reported,SHI,CONDITIONAL_FORECAST,BIZ-base-0000203,2,2,2027-02-28,base,FOUNDRY_FIELD,-1800.0000,base-02-PAYMENT_REQUEST-AP-base-1-HOSTING-FF-028,BUSINESS_DRIVEN_FORECAST,foundry-field,2027
BIZ_AP,liability,2026-09-09T00:00:00Z,NONCASH_OR_OPENING,0.0000,2400.0000,Scheduled vendor cash request; treasury shortfalls separately reported,SHI,CONDITIONAL_FORECAST,BIZ-base-0000204,2,2,2027-02-28,base,FOUNDRY_FIELD,2400.0000,base-02-PAYMENT_REQUEST-AP-base-1-HOSTING-FF-029,BUSINESS_DRIVEN_FORECAST,foundry-field,2027
1000,asset,2026-09-09T00:00:00Z,OPERATING,2400.0000,0.0000,Scheduled vendor cash request; treasury shortfalls separately reported,SHI,CONDITIONAL_FORECAST,BIZ-base-0000204,2,2,2027-02-28,base,FOUNDRY_FIELD,-2400.0000,base-02-PAYMENT_REQUEST-AP-base-1-HOSTING-FF-029,BUSINESS_DRIVEN_FORECAST,foundry-field,2027
BIZ_AP,liability,2026-09-09T00:00:00Z,NONCASH_OR_OPENING,0.0000,3000.0000,Scheduled vendor cash request; treasury shortfalls separately reported,SHI,CONDITIONAL_FORECAST,BIZ-base-0000205,2,2,2027-02-28,base,FOUNDRY_FIELD,3000.0000,base-02-PAYMENT_REQUEST-AP-base-1-HOSTING-FF-030,BUSINESS_DRIVEN_FORECAST,foundry-field,2027
1000,asset,2026-09-09T00:00:00Z,OPERATING,3000.0000,0.0000,Scheduled vendor cash request; treasury shortfalls separately reported,SHI,CONDITIONAL_FORECAST,BIZ-base-0000205,2,2,2027-02-28,base,FOUNDRY_FIELD,-3000.0000,base-02-PAYMENT_REQUEST-AP-base-1-HOSTING-FF-030,BUSINESS_DRIVEN_FORECAST,foundry-field,2027
BIZ_AP,liability,2026-09-09T00:00:00Z,NONCASH_OR_OPENING,0.0000,3600.0000,Scheduled vendor cash request; treasury shortfalls separately reported,SHI,CONDITIONAL_FORECAST,BIZ-base-0000206,2,2,2027-02-28,base,FOUNDRY_FIELD,3600.0000,base-02-PAYMENT_REQUEST-AP-base-1-HOSTING-FF-031,BUSINESS_DRIVEN_FORECAST,foundry-field,2027
1000,asset,2026-09-09T00:00:00Z,OPERATING,3600.0000,0.0000,Scheduled vendor cash request; treasury shortfalls separately reported,SHI,CONDITIONAL_FORECAST,BIZ-base-0000206,2,2,2027-02-28,base,FOUNDRY_FIELD,-3600.0000,base-02-PAYMENT_REQUEST-AP-base-1-HOSTING-FF-031,BUSINESS_DRIVEN_FORECAST,foundry-field,2027
BIZ_AP,liability,2026-09-09T00:00:00Z,NONCASH_OR_OPENING,0.0000,1800.0000,Scheduled vendor cash request; treasury shortfalls separately reported,SHI,CONDITIONAL_FORECAST,BIZ-base-0000207,2,2,2027-02-28,base,FOUNDRY_FIELD,1800.0000,base-02-PAYMENT_REQUEST-AP-base-1-HOSTING-FF-032,BUSINESS_DRIVEN_FORECAST,foundry-field,2027
1000,asset,2026-09-09T00:00:00Z,OPERATING,1800.0000,0.0000,Scheduled vendor cash request; treasury shortfalls separately reported,SHI,CONDITIONAL_FORECAST,BIZ-base-0000207,2,2,2027-02-28,base,FOUNDRY_FIELD,-1800.0000,base-02-PAYMENT_REQUEST-AP-base-1-HOSTING-FF-032,BUSINESS_DRIVEN_FORECAST,foundry-field,2027
BIZ_AP,liability,2026-09-09T00:00:00Z,NONCASH_OR_OPENING,0.0000,2400.0000,Scheduled vendor cash request; treasury shortfalls separately reported,SHI,CONDITIONAL_FORECAST,BIZ-base-0000208,2,2,2027-02-28,base,FOUNDRY_FIELD,2400.0000,base-02-PAYMENT_REQUEST-AP-base-1-HOSTING-FF-033,BUSINESS_DRIVEN_FORECAST,foundry-field,2027
1000,asset,2026-09-09T00:00:00Z,OPERATING,2400.0000,0.0000,Scheduled vendor cash request; treasury shortfalls separately reported,SHI,CONDITIONAL_FORECAST,BIZ-base-0000208,2,2,2027-02-28,base,FOUNDRY_FIELD,-2400.0000,base-02-PAYMENT_REQUEST-AP-base-1-HOSTING-FF-033,BUSINESS_DRIVEN_FORECAST,foundry-field,2027
BIZ_AP,liability,2026-09-09T00:00:00Z,NONCASH_OR_OPENING,0.0000,3000.0000,Scheduled vendor cash request; treasury shortfalls separately reported,SHI,CONDITIONAL_FORECAST,BIZ-base-0000209,2,2,2027-02-28,base,FOUNDRY_FIELD,3000.0000,base-02-PAYMENT_REQUEST-AP-base-1-HOSTING-FF-034,BUSINESS_DRIVEN_FORECAST,foundry-field,2027
1000,asset,2026-09-09T00:00:00Z,OPERATING,3000.0000,0.0000,Scheduled vendor cash request; treasury shortfalls separately reported,SHI,CONDITIONAL_FORECAST,BIZ-base-0000209,2,2,2027-02-28,base,FOUNDRY_FIELD,-3000.0000,base-02-PAYMENT_REQUEST-AP-base-1-HOSTING-FF-034,BUSINESS_DRIVEN_FORECAST,foundry-field,2027
BIZ_AP,liability,2026-09-09T00:00:00Z,NONCASH_OR_OPENING,0.0000,3600.0000,Scheduled vendor cash request; treasury shortfalls separately reported,SHI,CONDITIONAL_FORECAST,BIZ-base-0000210,2,2,2027-02-28,base,FOUNDRY_FIELD,3600.0000,base-02-PAYMENT_REQUEST-AP-base-1-HOSTING-FF-035,BUSINESS_DRIVEN_FORECAST,foundry-field,2027
1000,asset,2026-09-09T00:00:00Z,OPERATING,3600.0000,0.0000,Scheduled vendor cash request; treasury shortfalls separately reported,SHI,CONDITIONAL_FORECAST,BIZ-base-0000210,2,2,2027-02-28,base,FOUNDRY_FIELD,-3600.0000,base-02-PAYMENT_REQUEST-AP-base-1-HOSTING-FF-035,BUSINESS_DRIVEN_FORECAST,foundry-field,2027
BIZ_AP,liability,2026-09-09T00:00:00Z,NONCASH_OR_OPENING,0.0000,1800.0000,Scheduled vendor cash request; treasury shortfalls separately reported,SHI,CONDITIONAL_FORECAST,BIZ-base-0000211,2,2,2027-02-28,base,FOUNDRY_FIELD,1800.0000,base-02-PAYMENT_REQUEST-AP-base-1-HOSTING-FF-036,BUSINESS_DRIVEN_FORECAST,foundry-field,2027
1000,asset,2026-09-09T00:00:00Z,OPERATING,1800.0000,0.0000,Scheduled vendor cash request; treasury shortfalls separately reported,SHI,CONDITIONAL_FORECAST,BIZ-base-0000211,2,2,2027-02-28,base,FOUNDRY_FIELD,-1800.0000,base-02-PAYMENT_REQUEST-AP-base-1-HOSTING-FF-036,BUSINESS_DRIVEN_FORECAST,foundry-field,2027
BIZ_PAYROLL,expense,2026-09-09T00:00:00Z,NONCASH_OR_OPENING,0.0000,1933333.3280,Effective-dated occupied-position payroll; conditional treasury settlement,SHI,CONDITIONAL_FORECAST,BIZ-base-0000220,2,2,2027-02-28,base,FOUNDRY_FIELD,1933333.3280,base-02-PAYROLL_REQUEST-foundry-field,BUSINESS_DRIVEN_FORECAST,foundry-field,2027
1000,asset,2026-09-09T00:00:00Z,OPERATING,1933333.3280,0.0000,Effective-dated occupied-position payroll; conditional treasury settlement,SHI,CONDITIONAL_FORECAST,BIZ-base-0000220,2,2,2027-02-28,base,FOUNDRY_FIELD,-1933333.3280,base-02-PAYROLL_REQUEST-foundry-field,BUSINESS_DRIVEN_FORECAST,foundry-field,2027
BIZ_DEFERRED,liability,2026-09-09T00:00:00Z,NONCASH_OR_OPENING,0.0000,115000.0000,Monthly service under effective contract version,SHI,CONDITIONAL_FORECAST,BIZ-base-0000227,2,2,2027-02-28,base,FOUNDRY_FIELD,115000.0000,base-02-SUBSCRIPTION_SERVICE-FF-001,BUSINESS_DRIVEN_FORECAST,foundry-field,2027
BIZ_REVENUE,revenue,2026-09-09T00:00:00Z,NONCASH_OR_OPENING,115000.0000,0.0000,Monthly service under effective contract version,SHI,CONDITIONAL_FORECAST,BIZ-base-0000227,2,2,2027-02-28,base,FOUNDRY_FIELD,-115000.0000,base-02-SUBSCRIPTION_SERVICE-FF-001,BUSINESS_DRIVEN_FORECAST,foundry-field,2027
BIZ_DELIVERY,expense,2026-09-09T00:00:00Z,NONCASH_OR_OPENING,0.0000,2400.0000,Source-driven vendor cost,SHI,CONDITIONAL_FORECAST,BIZ-base-0000228,2,2,2027-02-28,base,FOUNDRY_FIELD,2400.0000,base-02-COST-HOSTING-FF-001,BUSINESS_DRIVEN_FORECAST,foundry-field,2027
BIZ_AP,liability,2026-09-09T00:00:00Z,NONCASH_OR_OPENING,2400.0000,0.0000,Source-driven vendor cost,SHI,CONDITIONAL_FORECAST,BIZ-base-0000228,2,2,2027-02-28,base,FOUNDRY_FIELD,-2400.0000,base-02-COST-HOSTING-FF-001,BUSINESS_DRIVEN_FORECAST,foundry-field,2027
BIZ_DEFERRED,liability,2026-09-09T00:00:00Z,NONCASH_OR_OPENING,0.0000,130000.0000,Monthly service under effective contract version,SHI,CONDITIONAL_FORECAST,BIZ-base-0000229,2,2,2027-02-28,base,FOUNDRY_FIELD,130000.0000,base-02-SUBSCRIPTION_SERVICE-FF-002,BUSINESS_DRIVEN_FORECAST,foundry-field,2027
BIZ_REVENUE,revenue,2026-09-09T00:00:00Z,NONCASH_OR_OPENING,130000.0000,0.0000,Monthly service under effective contract version,SHI,CONDITIONAL_FORECAST,BIZ-base-0000229,2,2,2027-02-28,base,FOUNDRY_FIELD,-130000.0000,base-02-SUBSCRIPTION_SERVICE-FF-002,BUSINESS_DRIVEN_FORECAST,foundry-field,2027
BIZ_DELIVERY,expense,2026-09-09T00:00:00Z,NONCASH_OR_OPENING,0.0000,3000.0000,Source-driven vendor cost,SHI,CONDITIONAL_FORECAST,BIZ-base-0000230,2,2,2027-02-28,base,FOUNDRY_FIELD,3000.0000,base-02-COST-HOSTING-FF-002,BUSINESS_DRIVEN_FORECAST,foundry-field,2027
BIZ_AP,liability,2026-09-09T00:00:00Z,NONCASH_OR_OPENING,3000.0000,0.0000,Source-driven vendor cost,SHI,CONDITIONAL_FORECAST,BIZ-base-0000230,2,2,2027-02-28,base,FOUNDRY_FIELD,-3000.0000,base-02-COST-HOSTING-FF-002,BUSINESS_DRIVEN_FORECAST,foundry-field,2027
BIZ_DEFERRED,liability,2026-09-09T00:00:00Z,NONCASH_OR_OPENING,0.0000,145000.0000,Monthly service under effective contract version,SHI,CONDITIONAL_FORECAST,BIZ-base-0000231,2,2,2027-02-28,base,FOUNDRY_FIELD,145000.0000,base-02-SUBSCRIPTION_SERVICE-FF-003,BUSINESS_DRIVEN_FORECAST,foundry-field,2027
BIZ_REVENUE,revenue,2026-09-09T00:00:00Z,NONCASH_OR_OPENING,145000.0000,0.0000,Monthly service under effective contract version,SHI,CONDITIONAL_FORECAST,BIZ-base-0000231,2,2,2027-02-28,base,FOUNDRY_FIELD,-145000.0000,base-02-SUBSCRIPTION_SERVICE-FF-003,BUSINESS_DRIVEN_FORECAST,foundry-field,2027
BIZ_DELIVERY,expense,2026-09-09T00:00:00Z,NONCASH_OR_OPENING,0.0000,3600.0000,Source-driven vendor cost,SHI,CONDITIONAL_FORECAST,BIZ-base-0000232,2,2,2027-02-28,base,FOUNDRY_FIELD,3600.0000,base-02-COST-HOSTING-FF-003,BUSINESS_DRIVEN_FORECAST,foundry-field,2027
BIZ_AP,liability,2026-09-09T00:00:00Z,NONCASH_OR_OPENING,3600.0000,0.0000,Source-driven vendor cost,SHI,CONDITIONAL_FORECAST,BIZ-base-0000232,2,2,2027-02-28,base,FOUNDRY_FIELD,-3600.0000,base-02-COST-HOSTING-FF-003,BUSINESS_DRIVEN_FORECAST,foundry-field,2027
BIZ_DEFERRED,liability,2026-09-09T00:00:00Z,NONCASH_OR_OPENING,0.0000,160000.0000,Monthly service under effective contract version,SHI,CONDITIONAL_FORECAST,BIZ-base-0000233,2,2,2027-02-28,base,FOUNDRY_FIELD,160000.0000,base-02-SUBSCRIPTION_SERVICE-FF-004,BUSINESS_DRIVEN_FORECAST,foundry-field,2027
BIZ_REVENUE,revenue,2026-09-09T00:00:00Z,NONCASH_OR_OPENING,160000.0000,0.0000,Monthly service under effective contract version,SHI,CONDITIONAL_FORECAST,BIZ-base-0000233,2,2,2027-02-28,base,FOUNDRY_FIELD,-160000.0000,base-02-SUBSCRIPTION_SERVICE-FF-004,BUSINESS_DRIVEN_FORECAST,foundry-field,2027
BIZ_DELIVERY,expense,2026-09-09T00:00:00Z,NONCASH_OR_OPENING,0.0000,1800.0000,Source-driven vendor cost,SHI,CONDITIONAL_FORECAST,BIZ-base-0000234,2,2,2027-02-28,base,FOUNDRY_FIELD,1800.0000,base-02-COST-HOSTING-FF-004,BUSINESS_DRIVEN_FORECAST,foundry-field,2027
BIZ_AP,liability,2026-09-09T00:00:00Z,NONCASH_OR_OPENING,1800.0000,0.0000,Source-driven vendor cost,SHI,CONDITIONAL_FORECAST,BIZ-base-0000234,2,2,2027-02-28,base,FOUNDRY_FIELD,-1800.0000,base-02-COST-HOSTING-FF-004,BUSINESS_DRIVEN_FORECAST,foundry-field,2027
BIZ_DEFERRED,liability,2026-09-09T00:00:00Z,NONCASH_OR_OPENING,0.0000,100000.0000,Monthly service under effective contract version,SHI,CONDITIONAL_FORECAST,BIZ-base-0000235,2,2,2027-02-28,base,FOUNDRY_FIELD,100000.0000,base-02-SUBSCRIPTION_SERVICE-FF-005,BUSINESS_DRIVEN_FORECAST,foundry-field,2027
BIZ_REVENUE,revenue,2026-09-09T00:00:00Z,NONCASH_OR_OPENING,100000.0000,0.0000,Monthly service under effective contract version,SHI,CONDITIONAL_FORECAST,BIZ-base-0000235,2,2,2027-02-28,base,FOUNDRY_FIELD,-100000.0000,base-02-SUBSCRIPTION_SERVICE-FF-005,BUSINESS_DRIVEN_FORECAST,foundry-field,2027
BIZ_DELIVERY,expense,2026-09-09T00:00:00Z,NONCASH_OR_OPENING,0.0000,2400.0000,Source-driven vendor cost,SHI,CONDITIONAL_FORECAST,BIZ-base-0000236,2,2,2027-02-28,base,FOUNDRY_FIELD,2400.0000,base-02-COST-HOSTING-FF-005,BUSINESS_DRIVEN_FORECAST,foundry-field,2027
BIZ_AP,liability,2026-09-09T00:00:00Z,NONCASH_OR_OPENING,2400.0000,0.0000,Source-driven vendor cost,SHI,CONDITIONAL_FORECAST,BIZ-base-0000236,2,2,2027-02-28,base,FOUNDRY_FIELD,-2400.0000,base-02-COST-HOSTING-FF-005,BUSINESS_DRIVEN_FORECAST,foundry-field,2027
BIZ_DEFERRED,liability,2026-09-09T00:00:00Z,NONCASH_OR_OPENING,0.0000,115000.0000,Monthly service under effective contract version,SHI,CONDITIONAL_FORECAST,BIZ-base-0000237,2,2,2027-02-28,base,FOUNDRY_FIELD,115000.0000,base-02-SUBSCRIPTION_SERVICE-FF-006,BUSINESS_DRIVEN_FORECAST,foundry-field,2027
BIZ_REVENUE,revenue,2026-09-09T00:00:00Z,NONCASH_OR_OPENING,115000.0000,0.0000,Monthly service under effective contract version,SHI,CONDITIONAL_FORECAST,BIZ-base-0000237,2,2,2027-02-28,base,FOUNDRY_FIELD,-115000.0000,base-02-SUBSCRIPTION_SERVICE-FF-006,BUSINESS_DRIVEN_FORECAST,foundry-field,2027
BIZ_DELIVERY,expense,2026-09-09T00:00:00Z,NONCASH_OR_OPENING,0.0000,3000.0000,Source-driven vendor cost,SHI,CONDITIONAL_FORECAST,BIZ-base-0000238,2,2,2027-02-28,base,FOUNDRY_FIELD,3000.0000,base-02-COST-HOSTING-FF-006,BUSINESS_DRIVEN_FORECAST,foundry-field,2027
BIZ_AP,liability,2026-09-09T00:00:00Z,NONCASH_OR_OPENING,3000.0000,0.0000,Source-driven vendor cost,SHI,CONDITIONAL_FORECAST,BIZ-base-0000238,2,2,2027-02-28,base,FOUNDRY_FIELD,-3000.0000,base-02-COST-HOSTING-FF-006,BUSINESS_DRIVEN_FORECAST,foundry-field,2027
BIZ_DEFERRED,liability,2026-09-09T00:00:00Z,NONCASH_OR_OPENING,0.0000,130000.0000,Monthly service under effective contract version,SHI,CONDITIONAL_FORECAST,BIZ-base-0000239,2,2,2027-02-28,base,FOUNDRY_FIELD,130000.0000,base-02-SUBSCRIPTION_SERVICE-FF-007,BUSINESS_DRIVEN_FORECAST,foundry-field,2027
BIZ_REVENUE,revenue,2026-09-09T00:00:00Z,NONCASH_OR_OPENING,130000.0000,0.0000,Monthly service under effective contract version,SHI,CONDITIONAL_FORECAST,BIZ-base-0000239,2,2,2027-02-28,base,FOUNDRY_FIELD,-130000.0000,base-02-SUBSCRIPTION_SERVICE-FF-007,BUSINESS_DRIVEN_FORECAST,foundry-field,2027
BIZ_DELIVERY,expense,2026-09-09T00:00:00Z,NONCASH_OR_OPENING,0.0000,3600.0000,Source-driven vendor cost,SHI,CONDITIONAL_FORECAST,BIZ-base-0000240,2,2,2027-02-28,base,FOUNDRY_FIELD,3600.0000,base-02-COST-HOSTING-FF-007,BUSINESS_DRIVEN_FORECAST,foundry-field,2027
BIZ_AP,liability,2026-09-09T00:00:00Z,NONCASH_OR_OPENING,3600.0000,0.0000,Source-driven vendor cost,SHI,CONDITIONAL_FORECAST,BIZ-base-0000240,2,2,2027-02-28,base,FOUNDRY_FIELD,-3600.0000,base-02-COST-HOSTING-FF-007,BUSINESS_DRIVEN_FORECAST,foundry-field,2027
BIZ_DEFERRED,liability,2026-09-09T00:00:00Z,NONCASH_OR_OPENING,0.0000,145000.0000,Monthly service under effective contract version,SHI,CONDITIONAL_FORECAST,BIZ-base-0000241,2,2,2027-02-28,base,FOUNDRY_FIELD,145000.0000,base-02-SUBSCRIPTION_SERVICE-FF-008,BUSINESS_DRIVEN_FORECAST,foundry-field,2027
BIZ_REVENUE,revenue,2026-09-09T00:00:00Z,NONCASH_OR_OPENING,145000.0000,0.0000,Monthly service under effective contract version,SHI,CONDITIONAL_FORECAST,BIZ-base-0000241,2,2,2027-02-28,base,FOUNDRY_FIELD,-145000.0000,base-02-SUBSCRIPTION_SERVICE-FF-008,BUSINESS_DRIVEN_FORECAST,foundry-field,2027
BIZ_DELIVERY,expense,2026-09-09T00:00:00Z,NONCASH_OR_OPENING,0.0000,1800.0000,Source-driven vendor cost,SHI,CONDITIONAL_FORECAST,BIZ-base-0000242,2,2,2027-02-28,base,FOUNDRY_FIELD,1800.0000,base-02-COST-HOSTING-FF-008,BUSINESS_DRIVEN_FORECAST,foundry-field,2027
BIZ_AP,liability,2026-09-09T00:00:00Z,NONCASH_OR_OPENING,1800.0000,0.0000,Source-driven vendor cost,SHI,CONDITIONAL_FORECAST,BIZ-base-0000242,2,2,2027-02-28,base,FOUNDRY_FIELD,-1800.0000,base-02-COST-HOSTING-FF-008,BUSINESS_DRIVEN_FORECAST,foundry-field,2027
BIZ_DEFERRED,liability,2026-09-09T00:00:00Z,NONCASH_OR_OPENING,0.0000,160000.0000,Monthly service under effective contract version,SHI,CONDITIONAL_FORECAST,BIZ-base-0000243,2,2,2027-02-28,base,FOUNDRY_FIELD,160000.0000,base-02-SUBSCRIPTION_SERVICE-FF-009,BUSINESS_DRIVEN_FORECAST,foundry-field,2027
BIZ_REVENUE,revenue,2026-09-09T00:00:00Z,NONCASH_OR_OPENING,160000.0000,0.0000,Monthly service under effective contract version,SHI,CONDITIONAL_FORECAST,BIZ-base-0000243,2,2,2027-02-28,base,FOUNDRY_FIELD,-160000.0000,base-02-SUBSCRIPTION_SERVICE-FF-009,BUSINESS_DRIVEN_FORECAST,foundry-field,2027
BIZ_DELIVERY,expense,2026-09-09T00:00:00Z,NONCASH_OR_OPENING,0.0000,2400.0000,Source-driven vendor cost,SHI,CONDITIONAL_FORECAST,BIZ-base-0000244,2,2,2027-02-28,base,FOUNDRY_FIELD,2400.0000,base-02-COST-HOSTING-FF-009,BUSINESS_DRIVEN_FORECAST,foundry-field,2027
BIZ_AP,liability,2026-09-09T00:00:00Z,NONCASH_OR_OPENING,2400.0000,0.0000,Source-driven vendor cost,SHI,CONDITIONAL_FORECAST,BIZ-base-0000244,2,2,2027-02-28,base,FOUNDRY_FIELD,-2400.0000,base-02-COST-HOSTING-FF-009,BUSINESS_DRIVEN_FORECAST,foundry-field,2027
BIZ_DEFERRED,liability,2026-09-09T00:00:00Z,NONCASH_OR_OPENING,0.0000,100000.0000,Monthly service under effective contract version,SHI,CONDITIONAL_FORECAST,BIZ-base-0000245,2,2,2027-02-28,base,FOUNDRY_FIELD,100000.0000,base-02-SUBSCRIPTION_SERVICE-FF-010,BUSINESS_DRIVEN_FORECAST,foundry-field,2027
BIZ_REVENUE,revenue,2026-09-09T00:00:00Z,NONCASH_OR_OPENING,100000.0000,0.0000,Monthly service under effective contract version,SHI,CONDITIONAL_FORECAST,BIZ-base-0000245,2,2,2027-02-28,base,FOUNDRY_FIELD,-100000.0000,base-02-SUBSCRIPTION_SERVICE-FF-010,BUSINESS_DRIVEN_FORECAST,foundry-field,2027
BIZ_DELIVERY,expense,2026-09-09T00:00:00Z,NONCASH_OR_OPENING,0.0000,3000.0000,Source-driven vendor cost,SHI,CONDITIONAL_FORECAST,BIZ-base-0000246,2,2,2027-02-28,base,FOUNDRY_FIELD,3000.0000,base-02-COST-HOSTING-FF-010,BUSINESS_DRIVEN_FORECAST,foundry-field,2027
BIZ_AP,liability,2026-09-09T00:00:00Z,NONCASH_OR_OPENING,3000.0000,0.0000,Source-driven vendor cost,SHI,CONDITIONAL_FORECAST,BIZ-base-0000246,2,2,2027-02-28,base,FOUNDRY_FIELD,-3000.0000,base-02-COST-HOSTING-FF-010,BUSINESS_DRIVEN_FORECAST,foundry-field,2027
BIZ_DEFERRED,liability,2026-09-09T00:00:00Z,NONCASH_OR_OPENING,0.0000,115000.0000,Monthly service under effective contract version,SHI,CONDITIONAL_FORECAST,BIZ-base-0000247,2,2,2027-02-28,base,FOUNDRY_FIELD,115000.0000,base-02-SUBSCRIPTION_SERVICE-FF-011,BUSINESS_DRIVEN_FORECAST,foundry-field,2027
BIZ_REVENUE,revenue,2026-09-09T00:00:00Z,NONCASH_OR_OPENING,115000.0000,0.0000,Monthly service under effective contract version,SHI,CONDITIONAL_FORECAST,BIZ-base-0000247,2,2,2027-02-28,base,FOUNDRY_FIELD,-115000.0000,base-02-SUBSCRIPTION_SERVICE-FF-011,BUSINESS_DRIVEN_FORECAST,foundry-field,2027
BIZ_DELIVERY,expense,2026-09-09T00:00:00Z,NONCASH_OR_OPENING,0.0000,3600.0000,Source-driven vendor cost,SHI,CONDITIONAL_FORECAST,BIZ-base-0000248,2,2,2027-02-28,base,FOUNDRY_FIELD,3600.0000,base-02-COST-HOSTING-FF-011,BUSINESS_DRIVEN_FORECAST,foundry-field,2027
BIZ_AP,liability,2026-09-09T00:00:00Z,NONCASH_OR_OPENING,3600.0000,0.0000,Source-driven vendor cost,SHI,CONDITIONAL_FORECAST,BIZ-base-0000248,2,2,2027-02-28,base,FOUNDRY_FIELD,-3600.0000,base-02-COST-HOSTING-FF-011,BUSINESS_DRIVEN_FORECAST,foundry-field,2027
BIZ_DEFERRED,liability,2026-09-09T00:00:00Z,NONCASH_OR_OPENING,0.0000,130000.0000,Monthly service under effective contract version,SHI,CONDITIONAL_FORECAST,BIZ-base-0000249,2,2,2027-02-28,base,FOUNDRY_FIELD,130000.0000,base-02-SUBSCRIPTION_SERVICE-FF-012,BUSINESS_DRIVEN_FORECAST,foundry-field,2027
BIZ_REVENUE,revenue,2026-09-09T00:00:00Z,NONCASH_OR_OPENING,130000.0000,0.0000,Monthly service under effective contract version,SHI,CONDITIONAL_FORECAST,BIZ-base-0000249,2,2,2027-02-28,base,FOUNDRY_FIELD,-130000.0000,base-02-SUBSCRIPTION_SERVICE-FF-012,BUSINESS_DRIVEN_FORECAST,foundry-field,2027
BIZ_DELIVERY,expense,2026-09-09T00:00:00Z,NONCASH_OR_OPENING,0.0000,1800.0000,Source-driven vendor cost,SHI,CONDITIONAL_FORECAST,BIZ-base-0000250,2,2,2027-02-28,base,FOUNDRY_FIELD,1800.0000,base-02-COST-HOSTING-FF-012,BUSINESS_DRIVEN_FORECAST,foundry-field,2027
BIZ_AP,liability,2026-09-09T00:00:00Z,NONCASH_OR_OPENING,1800.0000,0.0000,Source-driven vendor cost,SHI,CONDITIONAL_FORECAST,BIZ-base-0000250,2,2,2027-02-28,base,FOUNDRY_FIELD,-1800.0000,base-02-COST-HOSTING-FF-012,BUSINESS_DRIVEN_FORECAST,foundry-field,2027
BIZ_DEFERRED,liability,2026-09-09T00:00:00Z,NONCASH_OR_OPENING,0.0000,145000.0000,Monthly service under effective contract version,SHI,CONDITIONAL_FORECAST,BIZ-base-0000251,2,2,2027-02-28,base,FOUNDRY_FIELD,145000.0000,base-02-SUBSCRIPTION_SERVICE-FF-013,BUSINESS_DRIVEN_FORECAST,foundry-field,2027
BIZ_REVENUE,revenue,2026-09-09T00:00:00Z,NONCASH_OR_OPENING,145000.0000,0.0000,Monthly service under effective contract version,SHI,CONDITIONAL_FORECAST,BIZ-base-0000251,2,2,2027-02-28,base,FOUNDRY_FIELD,-145000.0000,base-02-SUBSCRIPTION_SERVICE-FF-013,BUSINESS_DRIVEN_FORECAST,foundry-field,2027
BIZ_DELIVERY,expense,2026-09-09T00:00:00Z,NONCASH_OR_OPENING,0.0000,2400.0000,Source-driven vendor cost,SHI,CONDITIONAL_FORECAST,BIZ-base-0000252,2,2,2027-02-28,base,FOUNDRY_FIELD,2400.0000,base-02-COST-HOSTING-FF-013,BUSINESS_DRIVEN_FORECAST,foundry-field,2027
BIZ_AP,liability,2026-09-09T00:00:00Z,NONCASH_OR_OPENING,2400.0000,0.0000,Source-driven vendor cost,SHI,CONDITIONAL_FORECAST,BIZ-base-0000252,2,2,2027-02-28,base,FOUNDRY_FIELD,-2400.0000,base-02-COST-HOSTING-FF-013,BUSINESS_DRIVEN_FORECAST,foundry-field,2027
BIZ_DEFERRED,liability,2026-09-09T00:00:00Z,NONCASH_OR_OPENING,0.0000,160000.0000,Monthly service under effective contract version,SHI,CONDITIONAL_FORECAST,BIZ-base-0000253,2,2,2027-02-28,base,FOUNDRY_FIELD,160000.0000,base-02-SUBSCRIPTION_SERVICE-FF-014,BUSINESS_DRIVEN_FORECAST,foundry-field,2027
BIZ_REVENUE,revenue,2026-09-09T00:00:00Z,NONCASH_OR_OPENING,160000.0000,0.0000,Monthly service under effective contract version,SHI,CONDITIONAL_FORECAST,BIZ-base-0000253,2,2,2027-02-28,base,FOUNDRY_FIELD,-160000.0000,base-02-SUBSCRIPTION_SERVICE-FF-014,BUSINESS_DRIVEN_FORECAST,foundry-field,2027
BIZ_DELIVERY,expense,2026-09-09T00:00:00Z,NONCASH_OR_OPENING,0.0000,3000.0000,Source-driven vendor cost,SHI,CONDITIONAL_FORECAST,BIZ-base-0000254,2,2,2027-02-28,base,FOUNDRY_FIELD,3000.0000,base-02-COST-HOSTING-FF-014,BUSINESS_DRIVEN_FORECAST,foundry-field,2027
BIZ_AP,liability,2026-09-09T00:00:00Z,NONCASH_OR_OPENING,3000.0000,0.0000,Source-driven vendor cost,SHI,CONDITIONAL_FORECAST,BIZ-base-0000254,2,2,2027-02-28,base,FOUNDRY_FIELD,-3000.0000,base-02-COST-HOSTING-FF-014,BUSINESS_DRIVEN_FORECAST,foundry-field,2027
BIZ_DEFERRED,liability,2026-09-09T00:00:00Z,NONCASH_OR_OPENING,0.0000,100000.0000,Monthly service under effective contract version,SHI,CONDITIONAL_FORECAST,BIZ-base-0000255,2,2,2027-02-28,base,FOUNDRY_FIELD,100000.0000,base-02-SUBSCRIPTION_SERVICE-FF-015,BUSINESS_DRIVEN_FORECAST,foundry-field,2027
BIZ_REVENUE,revenue,2026-09-09T00:00:00Z,NONCASH_OR_OPENING,100000.0000,0.0000,Monthly service under effective contract version,SHI,CONDITIONAL_FORECAST,BIZ-base-0000255,2,2,2027-02-28,base,FOUNDRY_FIELD,-100000.0000,base-02-SUBSCRIPTION_SERVICE-FF-015,BUSINESS_DRIVEN_FORECAST,foundry-field,2027
BIZ_DELIVERY,expense,2026-09-09T00:00:00Z,NONCASH_OR_OPENING,0.0000,3600.0000,Source-driven vendor cost,SHI,CONDITIONAL_FORECAST,BIZ-base-0000256,2,2,2027-02-28,base,FOUNDRY_FIELD,3600.0000,base-02-COST-HOSTING-FF-015,BUSINESS_DRIVEN_FORECAST,foundry-field,2027
BIZ_AP,liability,2026-09-09T00:00:00Z,NONCASH_OR_OPENING,3600.0000,0.0000,Source-driven vendor cost,SHI,CONDITIONAL_FORECAST,BIZ-base-0000256,2,2,2027-02-28,base,FOUNDRY_FIELD,-3600.0000,base-02-COST-HOSTING-FF-015,BUSINESS_DRIVEN_FORECAST,foundry-field,2027
BIZ_DEFERRED,liability,2026-09-09T00:00:00Z,NONCASH_OR_OPENING,0.0000,115000.0000,Monthly service under effective contract version,SHI,CONDITIONAL_FORECAST,BIZ-base-0000257,2,2,2027-02-28,base,FOUNDRY_FIELD,115000.0000,base-02-SUBSCRIPTION_SERVICE-FF-016,BUSINESS_DRIVEN_FORECAST,foundry-field,2027
BIZ_REVENUE,revenue,2026-09-09T00:00:00Z,NONCASH_OR_OPENING,115000.0000,0.0000,Monthly service under effective contract version,SHI,CONDITIONAL_FORECAST,BIZ-base-0000257,2,2,2027-02-28,base,FOUNDRY_FIELD,-115000.0000,base-02-SUBSCRIPTION_SERVICE-FF-016,BUSINESS_DRIVEN_FORECAST,foundry-field,2027
BIZ_DELIVERY,expense,2026-09-09T00:00:00Z,NONCASH_OR_OPENING,0.0000,1800.0000,Source-driven vendor cost,SHI,CONDITIONAL_FORECAST,BIZ-base-0000258,2,2,2027-02-28,base,FOUNDRY_FIELD,1800.0000,base-02-COST-HOSTING-FF-016,BUSINESS_DRIVEN_FORECAST,foundry-field,2027
BIZ_AP,liability,2026-09-09T00:00:00Z,NONCASH_OR_OPENING,1800.0000,0.0000,Source-driven vendor cost,SHI,CONDITIONAL_FORECAST,BIZ-base-0000258,2,2,2027-02-28,base,FOUNDRY_FIELD,-1800.0000,base-02-COST-HOSTING-FF-016,BUSINESS_DRIVEN_FORECAST,foundry-field,2027
BIZ_DEFERRED,liability,2026-09-09T00:00:00Z,NONCASH_OR_OPENING,0.0000,130000.0000,Monthly service under effective contract version,SHI,CONDITIONAL_FORECAST,BIZ-base-0000259,2,2,2027-02-28,base,FOUNDRY_FIELD,130000.0000,base-02-SUBSCRIPTION_SERVICE-FF-017,BUSINESS_DRIVEN_FORECAST,foundry-field,2027
BIZ_REVENUE,revenue,2026-09-09T00:00:00Z,NONCASH_OR_OPENING,130000.0000,0.0000,Monthly service under effective contract version,SHI,CONDITIONAL_FORECAST,BIZ-base-0000259,2,2,2027-02-28,base,FOUNDRY_FIELD,-130000.0000,base-02-SUBSCRIPTION_SERVICE-FF-017,BUSINESS_DRIVEN_FORECAST,foundry-field,2027
BIZ_DELIVERY,expense,2026-09-09T00:00:00Z,NONCASH_OR_OPENING,0.0000,2400.0000,Source-driven vendor cost,SHI,CONDITIONAL_FORECAST,BIZ-base-0000260,2,2,2027-02-28,base,FOUNDRY_FIELD,2400.0000,base-02-COST-HOSTING-FF-017,BUSINESS_DRIVEN_FORECAST,foundry-field,2027
BIZ_AP,liability,2026-09-09T00:00:00Z,NONCASH_OR_OPENING,2400.0000,0.0000,Source-driven vendor cost,SHI,CONDITIONAL_FORECAST,BIZ-base-0000260,2,2,2027-02-28,base,FOUNDRY_FIELD,-2400.0000,base-02-COST-HOSTING-FF-017,BUSINESS_DRIVEN_FORECAST,foundry-field,2027
BIZ_DEFERRED,liability,2026-09-09T00:00:00Z,NONCASH_OR_OPENING,0.0000,145000.0000,Monthly service under effective contract version,SHI,CONDITIONAL_FORECAST,BIZ-base-0000261,2,2,2027-02-28,base,FOUNDRY_FIELD,145000.0000,base-02-SUBSCRIPTION_SERVICE-FF-018,BUSINESS_DRIVEN_FORECAST,foundry-field,2027
BIZ_REVENUE,revenue,2026-09-09T00:00:00Z,NONCASH_OR_OPENING,145000.0000,0.0000,Monthly service under effective contract version,SHI,CONDITIONAL_FORECAST,BIZ-base-0000261,2,2,2027-02-28,base,FOUNDRY_FIELD,-145000.0000,base-02-SUBSCRIPTION_SERVICE-FF-018,BUSINESS_DRIVEN_FORECAST,foundry-field,2027
BIZ_DELIVERY,expense,2026-09-09T00:00:00Z,NONCASH_OR_OPENING,0.0000,3000.0000,Source-driven vendor cost,SHI,CONDITIONAL_FORECAST,BIZ-base-0000262,2,2,2027-02-28,base,FOUNDRY_FIELD,3000.0000,base-02-COST-HOSTING-FF-018,BUSINESS_DRIVEN_FORECAST,foundry-field,2027
BIZ_AP,liability,2026-09-09T00:00:00Z,NONCASH_OR_OPENING,3000.0000,0.0000,Source-driven vendor cost,SHI,CONDITIONAL_FORECAST,BIZ-base-0000262,2,2,2027-02-28,base,FOUNDRY_FIELD,-3000.0000,base-02-COST-HOSTING-FF-018,BUSINESS_DRIVEN_FORECAST,foundry-field,2027
BIZ_DEFERRED,liability,2026-09-09T00:00:00Z,NONCASH_OR_OPENING,0.0000,160000.0000,Monthly service under effective contract version,SHI,CONDITIONAL_FORECAST,BIZ-base-0000263,2,2,2027-02-28,base,FOUNDRY_FIELD,160000.0000,base-02-SUBSCRIPTION_SERVICE-FF-019,BUSINESS_DRIVEN_FORECAST,foundry-field,2027
BIZ_REVENUE,revenue,2026-09-09T00:00:00Z,NONCASH_OR_OPENING,160000.0000,0.0000,Monthly service under effective contract version,SHI,CONDITIONAL_FORECAST,BIZ-base-0000263,2,2,2027-02-28,base,FOUNDRY_FIELD,-160000.0000,base-02-SUBSCRIPTION_SERVICE-FF-019,BUSINESS_DRIVEN_FORECAST,foundry-field,2027
BIZ_DELIVERY,expense,2026-09-09T00:00:00Z,NONCASH_OR_OPENING,0.0000,3600.0000,Source-driven vendor cost,SHI,CONDITIONAL_FORECAST,BIZ-base-0000264,2,2,2027-02-28,base,FOUNDRY_FIELD,3600.0000,base-02-COST-HOSTING-FF-019,BUSINESS_DRIVEN_FORECAST,foundry-field,2027
BIZ_AP,liability,2026-09-09T00:00:00Z,NONCASH_OR_OPENING,3600.0000,0.0000,Source-driven vendor cost,SHI,CONDITIONAL_FORECAST,BIZ-base-0000264,2,2,2027-02-28,base,FOUNDRY_FIELD,-3600.0000,base-02-COST-HOSTING-FF-019,BUSINESS_DRIVEN_FORECAST,foundry-field,2027
BIZ_DEFERRED,liability,2026-09-09T00:00:00Z,NONCASH_OR_OPENING,0.0000,100000.0000,Monthly service under effective contract version,SHI,CONDITIONAL_FORECAST,BIZ-base-0000265,2,2,2027-02-28,base,FOUNDRY_FIELD,100000.0000,base-02-SUBSCRIPTION_SERVICE-FF-020,BUSINESS_DRIVEN_FORECAST,foundry-field,2027
BIZ_REVENUE,revenue,2026-09-09T00:00:00Z,NONCASH_OR_OPENING,100000.0000,0.0000,Monthly service under effective contract version,SHI,CONDITIONAL_FORECAST,BIZ-base-0000265,2,2,2027-02-28,base,FOUNDRY_FIELD,-100000.0000,base-02-SUBSCRIPTION_SERVICE-FF-020,BUSINESS_DRIVEN_FORECAST,foundry-field,2027
BIZ_DELIVERY,expense,2026-09-09T00:00:00Z,NONCASH_OR_OPENING,0.0000,1800.0000,Source-driven vendor cost,SHI,CONDITIONAL_FORECAST,BIZ-base-0000266,2,2,2027-02-28,base,FOUNDRY_FIELD,1800.0000,base-02-COST-HOSTING-FF-020,BUSINESS_DRIVEN_FORECAST,foundry-field,2027
BIZ_AP,liability,2026-09-09T00:00:00Z,NONCASH_OR_OPENING,1800.0000,0.0000,Source-driven vendor cost,SHI,CONDITIONAL_FORECAST,BIZ-base-0000266,2,2,2027-02-28,base,FOUNDRY_FIELD,-1800.0000,base-02-COST-HOSTING-FF-020,BUSINESS_DRIVEN_FORECAST,foundry-field,2027
BIZ_DEFERRED,liability,2026-09-09T00:00:00Z,NONCASH_OR_OPENING,0.0000,115000.0000,Monthly service under effective contract version,SHI,CONDITIONAL_FORECAST,BIZ-base-0000267,2,2,2027-02-28,base,FOUNDRY_FIELD,115000.0000,base-02-SUBSCRIPTION_SERVICE-FF-021,BUSINESS_DRIVEN_FORECAST,foundry-field,2027
BIZ_REVENUE,revenue,2026-09-09T00:00:00Z,NONCASH_OR_OPENING,115000.0000,0.0000,Monthly service under effective contract version,SHI,CONDITIONAL_FORECAST,BIZ-base-0000267,2,2,2027-02-28,base,FOUNDRY_FIELD,-115000.0000,base-02-SUBSCRIPTION_SERVICE-FF-021,BUSINESS_DRIVEN_FORECAST,foundry-field,2027
BIZ_DELIVERY,expense,2026-09-09T00:00:00Z,NONCASH_OR_OPENING,0.0000,2400.0000,Source-driven vendor cost,SHI,CONDITIONAL_FORECAST,BIZ-base-0000268,2,2,2027-02-28,base,FOUNDRY_FIELD,2400.0000,base-02-COST-HOSTING-FF-021,BUSINESS_DRIVEN_FORECAST,foundry-field,2027
BIZ_AP,liability,2026-09-09T00:00:00Z,NONCASH_OR_OPENING,2400.0000,0.0000,Source-driven vendor cost,SHI,CONDITIONAL_FORECAST,BIZ-base-0000268,2,2,2027-02-28,base,FOUNDRY_FIELD,-2400.0000,base-02-COST-HOSTING-FF-021,BUSINESS_DRIVEN_FORECAST,foundry-field,2027
BIZ_DEFERRED,liability,2026-09-09T00:00:00Z,NONCASH_OR_OPENING,0.0000,130000.0000,Monthly service under effective contract version,SHI,CONDITIONAL_FORECAST,BIZ-base-0000269,2,2,2027-02-28,base,FOUNDRY_FIELD,130000.0000,base-02-SUBSCRIPTION_SERVICE-FF-022,BUSINESS_DRIVEN_FORECAST,foundry-field,2027
BIZ_REVENUE,revenue,2026-09-09T00:00:00Z,NONCASH_OR_OPENING,130000.0000,0.0000,Monthly service under effective contract version,SHI,CONDITIONAL_FORECAST,BIZ-base-0000269,2,2,2027-02-28,base,FOUNDRY_FIELD,-130000.0000,base-02-SUBSCRIPTION_SERVICE-FF-022,BUSINESS_DRIVEN_FORECAST,foundry-field,2027
BIZ_DELIVERY,expense,2026-09-09T00:00:00Z,NONCASH_OR_OPENING,0.0000,3000.0000,Source-driven vendor cost,SHI,CONDITIONAL_FORECAST,BIZ-base-0000270,2,2,2027-02-28,base,FOUNDRY_FIELD,3000.0000,base-02-COST-HOSTING-FF-022,BUSINESS_DRIVEN_FORECAST,foundry-field,2027
BIZ_AP,liability,2026-09-09T00:00:00Z,NONCASH_OR_OPENING,3000.0000,0.0000,Source-driven vendor cost,SHI,CONDITIONAL_FORECAST,BIZ-base-0000270,2,2,2027-02-28,base,FOUNDRY_FIELD,-3000.0000,base-02-COST-HOSTING-FF-022,BUSINESS_DRIVEN_FORECAST,foundry-field,2027
BIZ_DEFERRED,liability,2026-09-09T00:00:00Z,NONCASH_OR_OPENING,0.0000,145000.0000,Monthly service under effective contract version,SHI,CONDITIONAL_FORECAST,BIZ-base-0000271,2,2,2027-02-28,base,FOUNDRY_FIELD,145000.0000,base-02-SUBSCRIPTION_SERVICE-FF-023,BUSINESS_DRIVEN_FORECAST,foundry-field,2027
BIZ_REVENUE,revenue,2026-09-09T00:00:00Z,NONCASH_OR_OPENING,145000.0000,0.0000,Monthly service under effective contract version,SHI,CONDITIONAL_FORECAST,BIZ-base-0000271,2,2,2027-02-28,base,FOUNDRY_FIELD,-145000.0000,base-02-SUBSCRIPTION_SERVICE-FF-023,BUSINESS_DRIVEN_FORECAST,foundry-field,2027
BIZ_DELIVERY,expense,2026-09-09T00:00:00Z,NONCASH_OR_OPENING,0.0000,3600.0000,Source-driven vendor cost,SHI,CONDITIONAL_FORECAST,BIZ-base-0000272,2,2,2027-02-28,base,FOUNDRY_FIELD,3600.0000,base-02-COST-HOSTING-FF-023,BUSINESS_DRIVEN_FORECAST,foundry-field,2027
BIZ_AP,liability,2026-09-09T00:00:00Z,NONCASH_OR_OPENING,3600.0000,0.0000,Source-driven vendor cost,SHI,CONDITIONAL_FORECAST,BIZ-base-0000272,2,2,2027-02-28,base,FOUNDRY_FIELD,-3600.0000,base-02-COST-HOSTING-FF-023,BUSINESS_DRIVEN_FORECAST,foundry-field,2027
BIZ_DEFERRED,liability,2026-09-09T00:00:00Z,NONCASH_OR_OPENING,0.0000,160000.0000,Monthly service under effective contract version,SHI,CONDITIONAL_FORECAST,BIZ-base-0000273,2,2,2027-02-28,base,FOUNDRY_FIELD,160000.0000,base-02-SUBSCRIPTION_SERVICE-FF-024,BUSINESS_DRIVEN_FORECAST,foundry-field,2027
BIZ_REVENUE,revenue,2026-09-09T00:00:00Z,NONCASH_OR_OPENING,160000.0000,0.0000,Monthly service under effective contract version,SHI,CONDITIONAL_FORECAST,BIZ-base-0000273,2,2,2027-02-28,base,FOUNDRY_FIELD,-160000.0000,base-02-SUBSCRIPTION_SERVICE-FF-024,BUSINESS_DRIVEN_FORECAST,foundry-field,2027
BIZ_DELIVERY,expense,2026-09-09T00:00:00Z,NONCASH_OR_OPENING,0.0000,1800.0000,Source-driven vendor cost,SHI,CONDITIONAL_FORECAST,BIZ-base-0000274,2,2,2027-02-28,base,FOUNDRY_FIELD,1800.0000,base-02-COST-HOSTING-FF-024,BUSINESS_DRIVEN_FORECAST,foundry-field,2027
BIZ_AP,liability,2026-09-09T00:00:00Z,NONCASH_OR_OPENING,1800.0000,0.0000,Source-driven vendor cost,SHI,CONDITIONAL_FORECAST,BIZ-base-0000274,2,2,2027-02-28,base,FOUNDRY_FIELD,-1800.0000,base-02-COST-HOSTING-FF-024,BUSINESS_DRIVEN_FORECAST,foundry-field,2027
BIZ_DEFERRED,liability,2026-09-09T00:00:00Z,NONCASH_OR_OPENING,0.0000,100000.0000,Monthly service under effective contract version,SHI,CONDITIONAL_FORECAST,BIZ-base-0000275,2,2,2027-02-28,base,FOUNDRY_FIELD,100000.0000,base-02-SUBSCRIPTION_SERVICE-FF-025,BUSINESS_DRIVEN_FORECAST,foundry-field,2027
BIZ_REVENUE,revenue,2026-09-09T00:00:00Z,NONCASH_OR_OPENING,100000.0000,0.0000,Monthly service under effective contract version,SHI,CONDITIONAL_FORECAST,BIZ-base-0000275,2,2,2027-02-28,base,FOUNDRY_FIELD,-100000.0000,base-02-SUBSCRIPTION_SERVICE-FF-025,BUSINESS_DRIVEN_FORECAST,foundry-field,2027
BIZ_DELIVERY,expense,2026-09-09T00:00:00Z,NONCASH_OR_OPENING,0.0000,2400.0000,Source-driven vendor cost,SHI,CONDITIONAL_FORECAST,BIZ-base-0000276,2,2,2027-02-28,base,FOUNDRY_FIELD,2400.0000,base-02-COST-HOSTING-FF-025,BUSINESS_DRIVEN_FORECAST,foundry-field,2027
BIZ_AP,liability,2026-09-09T00:00:00Z,NONCASH_OR_OPENING,2400.0000,0.0000,Source-driven vendor cost,SHI,CONDITIONAL_FORECAST,BIZ-base-0000276,2,2,2027-02-28,base,FOUNDRY_FIELD,-2400.0000,base-02-COST-HOSTING-FF-025,BUSINESS_DRIVEN_FORECAST,foundry-field,2027
BIZ_DEFERRED,liability,2026-09-09T00:00:00Z,NONCASH_OR_OPENING,0.0000,115000.0000,Monthly service under effective contract version,SHI,CONDITIONAL_FORECAST,BIZ-base-0000277,2,2,2027-02-28,base,FOUNDRY_FIELD,115000.0000,base-02-SUBSCRIPTION_SERVICE-FF-026,BUSINESS_DRIVEN_FORECAST,foundry-field,2027
BIZ_REVENUE,revenue,2026-09-09T00:00:00Z,NONCASH_OR_OPENING,115000.0000,0.0000,Monthly service under effective contract version,SHI,CONDITIONAL_FORECAST,BIZ-base-0000277,2,2,2027-02-28,base,FOUNDRY_FIELD,-115000.0000,base-02-SUBSCRIPTION_SERVICE-FF-026,BUSINESS_DRIVEN_FORECAST,foundry-field,2027
BIZ_DELIVERY,expense,2026-09-09T00:00:00Z,NONCASH_OR_OPENING,0.0000,3000.0000,Source-driven vendor cost,SHI,CONDITIONAL_FORECAST,BIZ-base-0000278,2,2,2027-02-28,base,FOUNDRY_FIELD,3000.0000,base-02-COST-HOSTING-FF-026,BUSINESS_DRIVEN_FORECAST,foundry-field,2027
BIZ_AP,liability,2026-09-09T00:00:00Z,NONCASH_OR_OPENING,3000.0000,0.0000,Source-driven vendor cost,SHI,CONDITIONAL_FORECAST,BIZ-base-0000278,2,2,2027-02-28,base,FOUNDRY_FIELD,-3000.0000,base-02-COST-HOSTING-FF-026,BUSINESS_DRIVEN_FORECAST,foundry-field,2027
BIZ_DEFERRED,liability,2026-09-09T00:00:00Z,NONCASH_OR_OPENING,0.0000,130000.0000,Monthly service under effective contract version,SHI,CONDITIONAL_FORECAST,BIZ-base-0000279,2,2,2027-02-28,base,FOUNDRY_FIELD,130000.0000,base-02-SUBSCRIPTION_SERVICE-FF-027,BUSINESS_DRIVEN_FORECAST,foundry-field,2027
BIZ_REVENUE,revenue,2026-09-09T00:00:00Z,NONCASH_OR_OPENING,130000.0000,0.0000,Monthly service under effective contract version,SHI,CONDITIONAL_FORECAST,BIZ-base-0000279,2,2,2027-02-28,base,FOUNDRY_FIELD,-130000.0000,base-02-SUBSCRIPTION_SERVICE-FF-027,BUSINESS_DRIVEN_FORECAST,foundry-field,2027
BIZ_DELIVERY,expense,2026-09-09T00:00:00Z,NONCASH_OR_OPENING,0.0000,3600.0000,Source-driven vendor cost,SHI,CONDITIONAL_FORECAST,BIZ-base-0000280,2,2,2027-02-28,base,FOUNDRY_FIELD,3600.0000,base-02-COST-HOSTING-FF-027,BUSINESS_DRIVEN_FORECAST,foundry-field,2027
BIZ_AP,liability,2026-09-09T00:00:00Z,NONCASH_OR_OPENING,3600.0000,0.0000,Source-driven vendor cost,SHI,CONDITIONAL_FORECAST,BIZ-base-0000280,2,2,2027-02-28,base,FOUNDRY_FIELD,-3600.0000,base-02-COST-HOSTING-FF-027,BUSINESS_DRIVEN_FORECAST,foundry-field,2027
BIZ_DEFERRED,liability,2026-09-09T00:00:00Z,NONCASH_OR_OPENING,0.0000,145000.0000,Monthly service under effective contract version,SHI,CONDITIONAL_FORECAST,BIZ-base-0000281,2,2,2027-02-28,base,FOUNDRY_FIELD,145000.0000,base-02-SUBSCRIPTION_SERVICE-FF-028,BUSINESS_DRIVEN_FORECAST,foundry-field,2027
BIZ_REVENUE,revenue,2026-09-09T00:00:00Z,NONCASH_OR_OPENING,145000.0000,0.0000,Monthly service under effective contract version,SHI,CONDITIONAL_FORECAST,BIZ-base-0000281,2,2,2027-02-28,base,FOUNDRY_FIELD,-145000.0000,base-02-SUBSCRIPTION_SERVICE-FF-028,BUSINESS_DRIVEN_FORECAST,foundry-field,2027
BIZ_DELIVERY,expense,2026-09-09T00:00:00Z,NONCASH_OR_OPENING,0.0000,1800.0000,Source-driven vendor cost,SHI,CONDITIONAL_FORECAST,BIZ-base-0000282,2,2,2027-02-28,base,FOUNDRY_FIELD,1800.0000,base-02-COST-HOSTING-FF-028,BUSINESS_DRIVEN_FORECAST,foundry-field,2027
BIZ_AP,liability,2026-09-09T00:00:00Z,NONCASH_OR_OPENING,1800.0000,0.0000,Source-driven vendor cost,SHI,CONDITIONAL_FORECAST,BIZ-base-0000282,2,2,2027-02-28,base,FOUNDRY_FIELD,-1800.0000,base-02-COST-HOSTING-FF-028,BUSINESS_DRIVEN_FORECAST,foundry-field,2027
BIZ_DEFERRED,liability,2026-09-09T00:00:00Z,NONCASH_OR_OPENING,0.0000,160000.0000,Monthly service under effective contract version,SHI,CONDITIONAL_FORECAST,BIZ-base-0000283,2,2,2027-02-28,base,FOUNDRY_FIELD,160000.0000,base-02-SUBSCRIPTION_SERVICE-FF-029,BUSINESS_DRIVEN_FORECAST,foundry-field,2027
BIZ_REVENUE,revenue,2026-09-09T00:00:00Z,NONCASH_OR_OPENING,160000.0000,0.0000,Monthly service under effective contract version,SHI,CONDITIONAL_FORECAST,BIZ-base-0000283,2,2,2027-02-28,base,FOUNDRY_FIELD,-160000.0000,base-02-SUBSCRIPTION_SERVICE-FF-029,BUSINESS_DRIVEN_FORECAST,foundry-field,2027
BIZ_DELIVERY,expense,2026-09-09T00:00:00Z,NONCASH_OR_OPENING,0.0000,2400.0000,Source-driven vendor cost,SHI,CONDITIONAL_FORECAST,BIZ-base-0000284,2,2,2027-02-28,base,FOUNDRY_FIELD,2400.0000,base-02-COST-HOSTING-FF-029,BUSINESS_DRIVEN_FORECAST,foundry-field,2027
BIZ_AP,liability,2026-09-09T00:00:00Z,NONCASH_OR_OPENING,2400.0000,0.0000,Source-driven vendor cost,SHI,CONDITIONAL_FORECAST,BIZ-base-0000284,2,2,2027-02-28,base,FOUNDRY_FIELD,-2400.0000,base-02-COST-HOSTING-FF-029,BUSINESS_DRIVEN_FORECAST,foundry-field,2027
BIZ_DEFERRED,liability,2026-09-09T00:00:00Z,NONCASH_OR_OPENING,0.0000,100000.0000,Monthly service under effective contract version,SHI,CONDITIONAL_FORECAST,BIZ-base-0000285,2,2,2027-02-28,base,FOUNDRY_FIELD,100000.0000,base-02-SUBSCRIPTION_SERVICE-FF-030,BUSINESS_DRIVEN_FORECAST,foundry-field,2027
BIZ_REVENUE,revenue,2026-09-09T00:00:00Z,NONCASH_OR_OPENING,100000.0000,0.0000,Monthly service under effective contract version,SHI,CONDITIONAL_FORECAST,BIZ-base-0000285,2,2,2027-02-28,base,FOUNDRY_FIELD,-100000.0000,base-02-SUBSCRIPTION_SERVICE-FF-030,BUSINESS_DRIVEN_FORECAST,foundry-field,2027
BIZ_DELIVERY,expense,2026-09-09T00:00:00Z,NONCASH_OR_OPENING,0.0000,3000.0000,Source-driven vendor cost,SHI,CONDITIONAL_FORECAST,BIZ-base-0000286,2,2,2027-02-28,base,FOUNDRY_FIELD,3000.0000,base-02-COST-HOSTING-FF-030,BUSINESS_DRIVEN_FORECAST,foundry-field,2027
BIZ_AP,liability,2026-09-09T00:00:00Z,NONCASH_OR_OPENING,3000.0000,0.0000,Source-driven vendor cost,SHI,CONDITIONAL_FORECAST,BIZ-base-0000286,2,2,2027-02-28,base,FOUNDRY_FIELD,-3000.0000,base-02-COST-HOSTING-FF-030,BUSINESS_DRIVEN_FORECAST,foundry-field,2027
BIZ_DEFERRED,liability,2026-09-09T00:00:00Z,NONCASH_OR_OPENING,0.0000,115000.0000,Monthly service under effective contract version,SHI,CONDITIONAL_FORECAST,BIZ-base-0000287,2,2,2027-02-28,base,FOUNDRY_FIELD,115000.0000,base-02-SUBSCRIPTION_SERVICE-FF-031,BUSINESS_DRIVEN_FORECAST,foundry-field,2027
BIZ_REVENUE,revenue,2026-09-09T00:00:00Z,NONCASH_OR_OPENING,115000.0000,0.0000,Monthly service under effective contract version,SHI,CONDITIONAL_FORECAST,BIZ-base-0000287,2,2,2027-02-28,base,FOUNDRY_FIELD,-115000.0000,base-02-SUBSCRIPTION_SERVICE-FF-031,BUSINESS_DRIVEN_FORECAST,foundry-field,2027
BIZ_DELIVERY,expense,2026-09-09T00:00:00Z,NONCASH_OR_OPENING,0.0000,3600.0000,Source-driven vendor cost,SHI,CONDITIONAL_FORECAST,BIZ-base-0000288,2,2,2027-02-28,base,FOUNDRY_FIELD,3600.0000,base-02-COST-HOSTING-FF-031,BUSINESS_DRIVEN_FORECAST,foundry-field,2027
BIZ_AP,liability,2026-09-09T00:00:00Z,NONCASH_OR_OPENING,3600.0000,0.0000,Source-driven vendor cost,SHI,CONDITIONAL_FORECAST,BIZ-base-0000288,2,2,2027-02-28,base,FOUNDRY_FIELD,-3600.0000,base-02-COST-HOSTING-FF-031,BUSINESS_DRIVEN_FORECAST,foundry-field,2027
BIZ_DEFERRED,liability,2026-09-09T00:00:00Z,NONCASH_OR_OPENING,0.0000,130000.0000,Monthly service under effective contract version,SHI,CONDITIONAL_FORECAST,BIZ-base-0000289,2,2,2027-02-28,base,FOUNDRY_FIELD,130000.0000,base-02-SUBSCRIPTION_SERVICE-FF-032,BUSINESS_DRIVEN_FORECAST,foundry-field,2027
BIZ_REVENUE,revenue,2026-09-09T00:00:00Z,NONCASH_OR_OPENING,130000.0000,0.0000,Monthly service under effective contract version,SHI,CONDITIONAL_FORECAST,BIZ-base-0000289,2,2,2027-02-28,base,FOUNDRY_FIELD,-130000.0000,base-02-SUBSCRIPTION_SERVICE-FF-032,BUSINESS_DRIVEN_FORECAST,foundry-field,2027
BIZ_DELIVERY,expense,2026-09-09T00:00:00Z,NONCASH_OR_OPENING,0.0000,1800.0000,Source-driven vendor cost,SHI,CONDITIONAL_FORECAST,BIZ-base-0000290,2,2,2027-02-28,base,FOUNDRY_FIELD,1800.0000,base-02-COST-HOSTING-FF-032,BUSINESS_DRIVEN_FORECAST,foundry-field,2027
BIZ_AP,liability,2026-09-09T00:00:00Z,NONCASH_OR_OPENING,1800.0000,0.0000,Source-driven vendor cost,SHI,CONDITIONAL_FORECAST,BIZ-base-0000290,2,2,2027-02-28,base,FOUNDRY_FIELD,-1800.0000,base-02-COST-HOSTING-FF-032,BUSINESS_DRIVEN_FORECAST,foundry-field,2027
BIZ_DEFERRED,liability,2026-09-09T00:00:00Z,NONCASH_OR_OPENING,0.0000,145000.0000,Monthly service under effective contract version,SHI,CONDITIONAL_FORECAST,BIZ-base-0000291,2,2,2027-02-28,base,FOUNDRY_FIELD,145000.0000,base-02-SUBSCRIPTION_SERVICE-FF-033,BUSINESS_DRIVEN_FORECAST,foundry-field,2027
BIZ_REVENUE,revenue,2026-09-09T00:00:00Z,NONCASH_OR_OPENING,145000.0000,0.0000,Monthly service under effective contract version,SHI,CONDITIONAL_FORECAST,BIZ-base-0000291,2,2,2027-02-28,base,FOUNDRY_FIELD,-145000.0000,base-02-SUBSCRIPTION_SERVICE-FF-033,BUSINESS_DRIVEN_FORECAST,foundry-field,2027
BIZ_DELIVERY,expense,2026-09-09T00:00:00Z,NONCASH_OR_OPENING,0.0000,2400.0000,Source-driven vendor cost,SHI,CONDITIONAL_FORECAST,BIZ-base-0000292,2,2,2027-02-28,base,FOUNDRY_FIELD,2400.0000,base-02-COST-HOSTING-FF-033,BUSINESS_DRIVEN_FORECAST,foundry-field,2027
BIZ_AP,liability,2026-09-09T00:00:00Z,NONCASH_OR_OPENING,2400.0000,0.0000,Source-driven vendor cost,SHI,CONDITIONAL_FORECAST,BIZ-base-0000292,2,2,2027-02-28,base,FOUNDRY_FIELD,-2400.0000,base-02-COST-HOSTING-FF-033,BUSINESS_DRIVEN_FORECAST,foundry-field,2027
BIZ_DEFERRED,liability,2026-09-09T00:00:00Z,NONCASH_OR_OPENING,0.0000,160000.0000,Monthly service under effective contract version,SHI,CONDITIONAL_FORECAST,BIZ-base-0000293,2,2,2027-02-28,base,FOUNDRY_FIELD,160000.0000,base-02-SUBSCRIPTION_SERVICE-FF-034,BUSINESS_DRIVEN_FORECAST,foundry-field,2027
BIZ_REVENUE,revenue,2026-09-09T00:00:00Z,NONCASH_OR_OPENING,160000.0000,0.0000,Monthly service under effective contract version,SHI,CONDITIONAL_FORECAST,BIZ-base-0000293,2,2,2027-02-28,base,FOUNDRY_FIELD,-160000.0000,base-02-SUBSCRIPTION_SERVICE-FF-034,BUSINESS_DRIVEN_FORECAST,foundry-field,2027
BIZ_DELIVERY,expense,2026-09-09T00:00:00Z,NONCASH_OR_OPENING,0.0000,3000.0000,Source-driven vendor cost,SHI,CONDITIONAL_FORECAST,BIZ-base-0000294,2,2,2027-02-28,base,FOUNDRY_FIELD,3000.0000,base-02-COST-HOSTING-FF-034,BUSINESS_DRIVEN_FORECAST,foundry-field,2027
BIZ_AP,liability,2026-09-09T00:00:00Z,NONCASH_OR_OPENING,3000.0000,0.0000,Source-driven vendor cost,SHI,CONDITIONAL_FORECAST,BIZ-base-0000294,2,2,2027-02-28,base,FOUNDRY_FIELD,-3000.0000,base-02-COST-HOSTING-FF-034,BUSINESS_DRIVEN_FORECAST,foundry-field,2027
BIZ_DEFERRED,liability,2026-09-09T00:00:00Z,NONCASH_OR_OPENING,0.0000,100000.0000,Monthly service under effective contract version,SHI,CONDITIONAL_FORECAST,BIZ-base-0000295,2,2,2027-02-28,base,FOUNDRY_FIELD,100000.0000,base-02-SUBSCRIPTION_SERVICE-FF-035,BUSINESS_DRIVEN_FORECAST,foundry-field,2027
BIZ_REVENUE,revenue,2026-09-09T00:00:00Z,NONCASH_OR_OPENING,100000.0000,0.0000,Monthly service under effective contract version,SHI,CONDITIONAL_FORECAST,BIZ-base-0000295,2,2,2027-02-28,base,FOUNDRY_FIELD,-100000.0000,base-02-SUBSCRIPTION_SERVICE-FF-035,BUSINESS_DRIVEN_FORECAST,foundry-field,2027
BIZ_DELIVERY,expense,2026-09-09T00:00:00Z,NONCASH_OR_OPENING,0.0000,3600.0000,Source-driven vendor cost,SHI,CONDITIONAL_FORECAST,BIZ-base-0000296,2,2,2027-02-28,base,FOUNDRY_FIELD,3600.0000,base-02-COST-HOSTING-FF-035,BUSINESS_DRIVEN_FORECAST,foundry-field,2027
BIZ_AP,liability,2026-09-09T00:00:00Z,NONCASH_OR_OPENING,3600.0000,0.0000,Source-driven vendor cost,SHI,CONDITIONAL_FORECAST,BIZ-base-0000296,2,2,2027-02-28,base,FOUNDRY_FIELD,-3600.0000,base-02-COST-HOSTING-FF-035,BUSINESS_DRIVEN_FORECAST,foundry-field,2027
BIZ_DEFERRED,liability,2026-09-09T00:00:00Z,NONCASH_OR_OPENING,0.0000,115000.0000,Monthly service under effective contract version,SHI,CONDITIONAL_FORECAST,BIZ-base-0000297,2,2,2027-02-28,base,FOUNDRY_FIELD,115000.0000,base-02-SUBSCRIPTION_SERVICE-FF-036,BUSINESS_DRIVEN_FORECAST,foundry-field,2027
BIZ_REVENUE,revenue,2026-09-09T00:00:00Z,NONCASH_OR_OPENING,115000.0000,0.0000,Monthly service under effective contract version,SHI,CONDITIONAL_FORECAST,BIZ-base-0000297,2,2,2027-02-28,base,FOUNDRY_FIELD,-115000.0000,base-02-SUBSCRIPTION_SERVICE-FF-036,BUSINESS_DRIVEN_FORECAST,foundry-field,2027
BIZ_DELIVERY,expense,2026-09-09T00:00:00Z,NONCASH_OR_OPENING,0.0000,1800.0000,Source-driven vendor cost,SHI,CONDITIONAL_FORECAST,BIZ-base-0000298,2,2,2027-02-28,base,FOUNDRY_FIELD,1800.0000,base-02-COST-HOSTING-FF-036,BUSINESS_DRIVEN_FORECAST,foundry-field,2027
BIZ_AP,liability,2026-09-09T00:00:00Z,NONCASH_OR_OPENING,1800.0000,0.0000,Source-driven vendor cost,SHI,CONDITIONAL_FORECAST,BIZ-base-0000298,2,2,2027-02-28,base,FOUNDRY_FIELD,-1800.0000,base-02-COST-HOSTING-FF-036,BUSINESS_DRIVEN_FORECAST,foundry-field,2027
BIZ_CREDIT_LOSS,expense,2026-09-09T00:00:00Z,NONCASH_OR_OPENING,3279060.0000,0.0000,"Explicit expected credit-loss estimate, not observed customer default",SHI,CONDITIONAL_FORECAST,BIZ-base-0000330,2,2,2027-02-28,base,FOUNDRY_FIELD,-3279060.0000,base-02-MONTH_END_ESTIMATE-foundry-field,BUSINESS_DRIVEN_FORECAST,foundry-field,2027
BIZ_ALLOWANCE,asset,2026-09-09T00:00:00Z,NONCASH_OR_OPENING,0.0000,3279060.0000,"Explicit expected credit-loss estimate, not observed customer default",SHI,CONDITIONAL_FORECAST,BIZ-base-0000330,2,2,2027-02-28,base,FOUNDRY_FIELD,3279060.0000,base-02-MONTH_END_ESTIMATE-foundry-field,BUSINESS_DRIVEN_FORECAST,foundry-field,2027
BIZ_CREDIT_LOSS,expense,2026-09-09T00:00:00Z,NONCASH_OR_OPENING,0.0000,1665000.0000,Invoice-specific synthetic graded expected-credit-loss estimate,SHI,CONDITIONAL_FORECAST,BIZ-base-0000334,2,2,2027-02-28,base,FOUNDRY_FIELD,1665000.0000,base-02-CREDIT_RISK_ESTIMATE-foundry-field,BUSINESS_DRIVEN_FORECAST,foundry-field,2027
BIZ_ALLOWANCE,asset,2026-09-09T00:00:00Z,NONCASH_OR_OPENING,1665000.0000,0.0000,Invoice-specific synthetic graded expected-credit-loss estimate,SHI,CONDITIONAL_FORECAST,BIZ-base-0000334,2,2,2027-02-28,base,FOUNDRY_FIELD,-1665000.0000,base-02-CREDIT_RISK_ESTIMATE-foundry-field,BUSINESS_DRIVEN_FORECAST,foundry-field,2027
BIZ_AP,liability,2026-09-09T00:00:00Z,NONCASH_OR_OPENING,0.0000,2400.0000,Scheduled vendor cash request; treasury shortfalls separately reported,SHI,CONDITIONAL_FORECAST,BIZ-base-0000342,3,3,2027-03-31,base,FOUNDRY_FIELD,2400.0000,base-03-PAYMENT_REQUEST-AP-base-2-HOSTING-FF-001,BUSINESS_DRIVEN_FORECAST,foundry-field,2027
1000,asset,2026-09-09T00:00:00Z,OPERATING,2400.0000,0.0000,Scheduled vendor cash request; treasury shortfalls separately reported,SHI,CONDITIONAL_FORECAST,BIZ-base-0000342,3,3,2027-03-31,base,FOUNDRY_FIELD,-2400.0000,base-03-PAYMENT_REQUEST-AP-base-2-HOSTING-FF-001,BUSINESS_DRIVEN_FORECAST,foundry-field,2027
BIZ_AP,liability,2026-09-09T00:00:00Z,NONCASH_OR_OPENING,0.0000,3000.0000,Scheduled vendor cash request; treasury shortfalls separately reported,SHI,CONDITIONAL_FORECAST,BIZ-base-0000343,3,3,2027-03-31,base,FOUNDRY_FIELD,3000.0000,base-03-PAYMENT_REQUEST-AP-base-2-HOSTING-FF-002,BUSINESS_DRIVEN_FORECAST,foundry-field,2027
1000,asset,2026-09-09T00:00:00Z,OPERATING,3000.0000,0.0000,Scheduled vendor cash request; treasury shortfalls separately reported,SHI,CONDITIONAL_FORECAST,BIZ-base-0000343,3,3,2027-03-31,base,FOUNDRY_FIELD,-3000.0000,base-03-PAYMENT_REQUEST-AP-base-2-HOSTING-FF-002,BUSINESS_DRIVEN_FORECAST,foundry-field,2027
BIZ_AP,liability,2026-09-09T00:00:00Z,NONCASH_OR_OPENING,0.0000,3600.0000,Scheduled vendor cash request; treasury shortfalls separately reported,SHI,CONDITIONAL_FORECAST,BIZ-base-0000344,3,3,2027-03-31,base,FOUNDRY_FIELD,3600.0000,base-03-PAYMENT_REQUEST-AP-base-2-HOSTING-FF-003,BUSINESS_DRIVEN_FORECAST,foundry-field,2027
1000,asset,2026-09-09T00:00:00Z,OPERATING,3600.0000,0.0000,Scheduled vendor cash request; treasury shortfalls separately reported,SHI,CONDITIONAL_FORECAST,BIZ-base-0000344,3,3,2027-03-31,base,FOUNDRY_FIELD,-3600.0000,base-03-PAYMENT_REQUEST-AP-base-2-HOSTING-FF-003,BUSINESS_DRIVEN_FORECAST,foundry-field,2027
BIZ_AP,liability,2026-09-09T00:00:00Z,NONCASH_OR_OPENING,0.0000,1800.0000,Scheduled vendor cash request; treasury shortfalls separately reported,SHI,CONDITIONAL_FORECAST,BIZ-base-0000345,3,3,2027-03-31,base,FOUNDRY_FIELD,1800.0000,base-03-PAYMENT_REQUEST-AP-base-2-HOSTING-FF-004,BUSINESS_DRIVEN_FORECAST,foundry-field,2027
1000,asset,2026-09-09T00:00:00Z,OPERATING,1800.0000,0.0000,Scheduled vendor cash request; treasury shortfalls separately reported,SHI,CONDITIONAL_FORECAST,BIZ-base-0000345,3,3,2027-03-31,base,FOUNDRY_FIELD,-1800.0000,base-03-PAYMENT_REQUEST-AP-base-2-HOSTING-FF-004,BUSINESS_DRIVEN_FORECAST,foundry-field,2027
BIZ_AP,liability,2026-09-09T00:00:00Z,NONCASH_OR_OPENING,0.0000,2400.0000,Scheduled vendor cash request; treasury shortfalls separately reported,SHI,CONDITIONAL_FORECAST,BIZ-base-0000346,3,3,2027-03-31,base,FOUNDRY_FIELD,2400.0000,base-03-PAYMENT_REQUEST-AP-base-2-HOSTING-FF-005,BUSINESS_DRIVEN_FORECAST,foundry-field,2027
1000,asset,2026-09-09T00:00:00Z,OPERATING,2400.0000,0.0000,Scheduled vendor cash request; treasury shortfalls separately reported,SHI,CONDITIONAL_FORECAST,BIZ-base-0000346,3,3,2027-03-31,base,FOUNDRY_FIELD,-2400.0000,base-03-PAYMENT_REQUEST-AP-base-2-HOSTING-FF-005,BUSINESS_DRIVEN_FORECAST,foundry-field,2027
BIZ_AP,liability,2026-09-09T00:00:00Z,NONCASH_OR_OPENING,0.0000,3000.0000,Scheduled vendor cash request; treasury shortfalls separately reported,SHI,CONDITIONAL_FORECAST,BIZ-base-0000347,3,3,2027-03-31,base,FOUNDRY_FIELD,3000.0000,base-03-PAYMENT_REQUEST-AP-base-2-HOSTING-FF-006,BUSINESS_DRIVEN_FORECAST,foundry-field,2027
1000,asset,2026-09-09T00:00:00Z,OPERATING,3000.0000,0.0000,Scheduled vendor cash request; treasury shortfalls separately reported,SHI,CONDITIONAL_FORECAST,BIZ-base-0000347,3,3,2027-03-31,base,FOUNDRY_FIELD,-3000.0000,base-03-PAYMENT_REQUEST-AP-base-2-HOSTING-FF-006,BUSINESS_DRIVEN_FORECAST,foundry-field,2027
BIZ_AP,liability,2026-09-09T00:00:00Z,NONCASH_OR_OPENING,0.0000,3600.0000,Scheduled vendor cash request; treasury shortfalls separately reported,SHI,CONDITIONAL_FORECAST,BIZ-base-0000348,3,3,2027-03-31,base,FOUNDRY_FIELD,3600.0000,base-03-PAYMENT_REQUEST-AP-base-2-HOSTING-FF-007,BUSINESS_DRIVEN_FORECAST,foundry-field,2027
1000,asset,2026-09-09T00:00:00Z,OPERATING,3600.0000,0.0000,Scheduled vendor cash request; treasury shortfalls separately reported,SHI,CONDITIONAL_FORECAST,BIZ-base-0000348,3,3,2027-03-31,base,FOUNDRY_FIELD,-3600.0000,base-03-PAYMENT_REQUEST-AP-base-2-HOSTING-FF-007,BUSINESS_DRIVEN_FORECAST,foundry-field,2027
BIZ_AP,liability,2026-09-09T00:00:00Z,NONCASH_OR_OPENING,0.0000,1800.0000,Scheduled vendor cash request; treasury shortfalls separately reported,SHI,CONDITIONAL_FORECAST,BIZ-base-0000349,3,3,2027-03-31,base,FOUNDRY_FIELD,1800.0000,base-03-PAYMENT_REQUEST-AP-base-2-HOSTING-FF-008,BUSINESS_DRIVEN_FORECAST,foundry-field,2027
1000,asset,2026-09-09T00:00:00Z,OPERATING,1800.0000,0.0000,Scheduled vendor cash request; treasury shortfalls separately reported,SHI,CONDITIONAL_FORECAST,BIZ-base-0000349,3,3,2027-03-31,base,FOUNDRY_FIELD,-1800.0000,base-03-PAYMENT_REQUEST-AP-base-2-HOSTING-FF-008,BUSINESS_DRIVEN_FORECAST,foundry-field,2027
BIZ_AP,liability,2026-09-09T00:00:00Z,NONCASH_OR_OPENING,0.0000,2400.0000,Scheduled vendor cash request; treasury shortfalls separately reported,SHI,CONDITIONAL_FORECAST,BIZ-base-0000350,3,3,2027-03-31,base,FOUNDRY_FIELD,2400.0000,base-03-PAYMENT_REQUEST-AP-base-2-HOSTING-FF-009,BUSINESS_DRIVEN_FORECAST,foundry-field,2027
1000,asset,2026-09-09T00:00:00Z,OPERATING,2400.0000,0.0000,Scheduled vendor cash request; treasury shortfalls separately reported,SHI,CONDITIONAL_FORECAST,BIZ-base-0000350,3,3,2027-03-31,base,FOUNDRY_FIELD,-2400.0000,base-03-PAYMENT_REQUEST-AP-base-2-HOSTING-FF-009,BUSINESS_DRIVEN_FORECAST,foundry-field,2027
BIZ_AP,liability,2026-09-09T00:00:00Z,NONCASH_OR_OPENING,0.0000,3000.0000,Scheduled vendor cash request; treasury shortfalls separately reported,SHI,CONDITIONAL_FORECAST,BIZ-base-0000351,3,3,2027-03-31,base,FOUNDRY_FIELD,3000.0000,base-03-PAYMENT_REQUEST-AP-base-2-HOSTING-FF-010,BUSINESS_DRIVEN_FORECAST,foundry-field,2027
1000,asset,2026-09-09T00:00:00Z,OPERATING,3000.0000,0.0000,Scheduled vendor cash request; treasury shortfalls separately reported,SHI,CONDITIONAL_FORECAST,BIZ-base-0000351,3,3,2027-03-31,base,FOUNDRY_FIELD,-3000.0000,base-03-PAYMENT_REQUEST-AP-base-2-HOSTING-FF-010,BUSINESS_DRIVEN_FORECAST,foundry-field,2027
BIZ_AP,liability,2026-09-09T00:00:00Z,NONCASH_OR_OPENING,0.0000,3600.0000,Scheduled vendor cash request; treasury shortfalls separately reported,SHI,CONDITIONAL_FORECAST,BIZ-base-0000352,3,3,2027-03-31,base,FOUNDRY_FIELD,3600.0000,base-03-PAYMENT_REQUEST-AP-base-2-HOSTING-FF-011,BUSINESS_DRIVEN_FORECAST,foundry-field,2027
1000,asset,2026-09-09T00:00:00Z,OPERATING,3600.0000,0.0000,Scheduled vendor cash request; treasury shortfalls separately reported,SHI,CONDITIONAL_FORECAST,BIZ-base-0000352,3,3,2027-03-31,base,FOUNDRY_FIELD,-3600.0000,base-03-PAYMENT_REQUEST-AP-base-2-HOSTING-FF-011,BUSINESS_DRIVEN_FORECAST,foundry-field,2027
BIZ_AP,liability,2026-09-09T00:00:00Z,NONCASH_OR_OPENING,0.0000,1800.0000,Scheduled vendor cash request; treasury shortfalls separately reported,SHI,CONDITIONAL_FORECAST,BIZ-base-0000353,3,3,2027-03-31,base,FOUNDRY_FIELD,1800.0000,base-03-PAYMENT_REQUEST-AP-base-2-HOSTING-FF-012,BUSINESS_DRIVEN_FORECAST,foundry-field,2027
1000,asset,2026-09-09T00:00:00Z,OPERATING,1800.0000,0.0000,Scheduled vendor cash request; treasury shortfalls separately reported,SHI,CONDITIONAL_FORECAST,BIZ-base-0000353,3,3,2027-03-31,base,FOUNDRY_FIELD,-1800.0000,base-03-PAYMENT_REQUEST-AP-base-2-HOSTING-FF-012,BUSINESS_DRIVEN_FORECAST,foundry-field,2027
BIZ_AP,liability,2026-09-09T00:00:00Z,NONCASH_OR_OPENING,0.0000,2400.0000,Scheduled vendor cash request; treasury shortfalls separately reported,SHI,CONDITIONAL_FORECAST,BIZ-base-0000354,3,3,2027-03-31,base,FOUNDRY_FIELD,2400.0000,base-03-PAYMENT_REQUEST-AP-base-2-HOSTING-FF-013,BUSINESS_DRIVEN_FORECAST,foundry-field,2027
1000,asset,2026-09-09T00:00:00Z,OPERATING,2400.0000,0.0000,Scheduled vendor cash request; treasury shortfalls separately reported,SHI,CONDITIONAL_FORECAST,BIZ-base-0000354,3,3,2027-03-31,base,FOUNDRY_FIELD,-2400.0000,base-03-PAYMENT_REQUEST-AP-base-2-HOSTING-FF-013,BUSINESS_DRIVEN_FORECAST,foundry-field,2027
BIZ_AP,liability,2026-09-09T00:00:00Z,NONCASH_OR_OPENING,0.0000,3000.0000,Scheduled vendor cash request; treasury shortfalls separately reported,SHI,CONDITIONAL_FORECAST,BIZ-base-0000355,3,3,2027-03-31,base,FOUNDRY_FIELD,3000.0000,base-03-PAYMENT_REQUEST-AP-base-2-HOSTING-FF-014,BUSINESS_DRIVEN_FORECAST,foundry-field,2027
1000,asset,2026-09-09T00:00:00Z,OPERATING,3000.0000,0.0000,Scheduled vendor cash request; treasury shortfalls separately reported,SHI,CONDITIONAL_FORECAST,BIZ-base-0000355,3,3,2027-03-31,base,FOUNDRY_FIELD,-3000.0000,base-03-PAYMENT_REQUEST-AP-base-2-HOSTING-FF-014,BUSINESS_DRIVEN_FORECAST,foundry-field,2027
BIZ_AP,liability,2026-09-09T00:00:00Z,NONCASH_OR_OPENING,0.0000,3600.0000,Scheduled vendor cash request; treasury shortfalls separately reported,SHI,CONDITIONAL_FORECAST,BIZ-base-0000356,3,3,2027-03-31,base,FOUNDRY_FIELD,3600.0000,base-03-PAYMENT_REQUEST-AP-base-2-HOSTING-FF-015,BUSINESS_DRIVEN_FORECAST,foundry-field,2027
1000,asset,2026-09-09T00:00:00Z,OPERATING,3600.0000,0.0000,Scheduled vendor cash request; treasury shortfalls separately reported,SHI,CONDITIONAL_FORECAST,BIZ-base-0000356,3,3,2027-03-31,base,FOUNDRY_FIELD,-3600.0000,base-03-PAYMENT_REQUEST-AP-base-2-HOSTING-FF-015,BUSINESS_DRIVEN_FORECAST,foundry-field,2027
BIZ_AP,liability,2026-09-09T00:00:00Z,NONCASH_OR_OPENING,0.0000,1800.0000,Scheduled vendor cash request; treasury shortfalls separately reported,SHI,CONDITIONAL_FORECAST,BIZ-base-0000357,3,3,2027-03-31,base,FOUNDRY_FIELD,1800.0000,base-03-PAYMENT_REQUEST-AP-base-2-HOSTING-FF-016,BUSINESS_DRIVEN_FORECAST,foundry-field,2027
1000,asset,2026-09-09T00:00:00Z,OPERATING,1800.0000,0.0000,Scheduled vendor cash request; treasury shortfalls separately reported,SHI,CONDITIONAL_FORECAST,BIZ-base-0000357,3,3,2027-03-31,base,FOUNDRY_FIELD,-1800.0000,base-03-PAYMENT_REQUEST-AP-base-2-HOSTING-FF-016,BUSINESS_DRIVEN_FORECAST,foundry-field,2027
BIZ_AP,liability,2026-09-09T00:00:00Z,NONCASH_OR_OPENING,0.0000,2400.0000,Scheduled vendor cash request; treasury shortfalls separately reported,SHI,CONDITIONAL_FORECAST,BIZ-base-0000358,3,3,2027-03-31,base,FOUNDRY_FIELD,2400.0000,base-03-PAYMENT_REQUEST-AP-base-2-HOSTING-FF-017,BUSINESS_DRIVEN_FORECAST,foundry-field,2027
1000,asset,2026-09-09T00:00:00Z,OPERATING,2400.0000,0.0000,Scheduled vendor cash request; treasury shortfalls separately reported,SHI,CONDITIONAL_FORECAST,BIZ-base-0000358,3,3,2027-03-31,base,FOUNDRY_FIELD,-2400.0000,base-03-PAYMENT_REQUEST-AP-base-2-HOSTING-FF-017,BUSINESS_DRIVEN_FORECAST,foundry-field,2027
BIZ_AP,liability,2026-09-09T00:00:00Z,NONCASH_OR_OPENING,0.0000,3000.0000,Scheduled vendor cash request; treasury shortfalls separately reported,SHI,CONDITIONAL_FORECAST,BIZ-base-0000359,3,3,2027-03-31,base,FOUNDRY_FIELD,3000.0000,base-03-PAYMENT_REQUEST-AP-base-2-HOSTING-FF-018,BUSINESS_DRIVEN_FORECAST,foundry-field,2027
1000,asset,2026-09-09T00:00:00Z,OPERATING,3000.0000,0.0000,Scheduled vendor cash request; treasury shortfalls separately reported,SHI,CONDITIONAL_FORECAST,BIZ-base-0000359,3,3,2027-03-31,base,FOUNDRY_FIELD,-3000.0000,base-03-PAYMENT_REQUEST-AP-base-2-HOSTING-FF-018,BUSINESS_DRIVEN_FORECAST,foundry-field,2027
BIZ_AP,liability,2026-09-09T00:00:00Z,NONCASH_OR_OPENING,0.0000,3600.0000,Scheduled vendor cash request; treasury shortfalls separately reported,SHI,CONDITIONAL_FORECAST,BIZ-base-0000360,3,3,2027-03-31,base,FOUNDRY_FIELD,3600.0000,base-03-PAYMENT_REQUEST-AP-base-2-HOSTING-FF-019,BUSINESS_DRIVEN_FORECAST,foundry-field,2027
1000,asset,2026-09-09T00:00:00Z,OPERATING,3600.0000,0.0000,Scheduled vendor cash request; treasury shortfalls separately reported,SHI,CONDITIONAL_FORECAST,BIZ-base-0000360,3,3,2027-03-31,base,FOUNDRY_FIELD,-3600.0000,base-03-PAYMENT_REQUEST-AP-base-2-HOSTING-FF-019,BUSINESS_DRIVEN_FORECAST,foundry-field,2027
BIZ_AP,liability,2026-09-09T00:00:00Z,NONCASH_OR_OPENING,0.0000,1800.0000,Scheduled vendor cash request; treasury shortfalls separately reported,SHI,CONDITIONAL_FORECAST,BIZ-base-0000361,3,3,2027-03-31,base,FOUNDRY_FIELD,1800.0000,base-03-PAYMENT_REQUEST-AP-base-2-HOSTING-FF-020,BUSINESS_DRIVEN_FORECAST,foundry-field,2027
1000,asset,2026-09-09T00:00:00Z,OPERATING,1800.0000,0.0000,Scheduled vendor cash request; treasury shortfalls separately reported,SHI,CONDITIONAL_FORECAST,BIZ-base-0000361,3,3,2027-03-31,base,FOUNDRY_FIELD,-1800.0000,base-03-PAYMENT_REQUEST-AP-base-2-HOSTING-FF-020,BUSINESS_DRIVEN_FORECAST,foundry-field,2027
BIZ_AP,liability,2026-09-09T00:00:00Z,NONCASH_OR_OPENING,0.0000,2400.0000,Scheduled vendor cash request; treasury shortfalls separately reported,SHI,CONDITIONAL_FORECAST,BIZ-base-0000362,3,3,2027-03-31,base,FOUNDRY_FIELD,2400.0000,base-03-PAYMENT_REQUEST-AP-base-2-HOSTING-FF-021,BUSINESS_DRIVEN_FORECAST,foundry-field,2027
1000,asset,2026-09-09T00:00:00Z,OPERATING,2400.0000,0.0000,Scheduled vendor cash request; treasury shortfalls separately reported,SHI,CONDITIONAL_FORECAST,BIZ-base-0000362,3,3,2027-03-31,base,FOUNDRY_FIELD,-2400.0000,base-03-PAYMENT_REQUEST-AP-base-2-HOSTING-FF-021,BUSINESS_DRIVEN_FORECAST,foundry-field,2027
BIZ_AP,liability,2026-09-09T00:00:00Z,NONCASH_OR_OPENING,0.0000,3000.0000,Scheduled vendor cash request; treasury shortfalls separately reported,SHI,CONDITIONAL_FORECAST,BIZ-base-0000363,3,3,2027-03-31,base,FOUNDRY_FIELD,3000.0000,base-03-PAYMENT_REQUEST-AP-base-2-HOSTING-FF-022,BUSINESS_DRIVEN_FORECAST,foundry-field,2027
1000,asset,2026-09-09T00:00:00Z,OPERATING,3000.0000,0.0000,Scheduled vendor cash request; treasury shortfalls separately reported,SHI,CONDITIONAL_FORECAST,BIZ-base-0000363,3,3,2027-03-31,base,FOUNDRY_FIELD,-3000.0000,base-03-PAYMENT_REQUEST-AP-base-2-HOSTING-FF-022,BUSINESS_DRIVEN_FORECAST,foundry-field,2027
BIZ_AP,liability,2026-09-09T00:00:00Z,NONCASH_OR_OPENING,0.0000,3600.0000,Scheduled vendor cash request; treasury shortfalls separately reported,SHI,CONDITIONAL_FORECAST,BIZ-base-0000364,3,3,2027-03-31,base,FOUNDRY_FIELD,3600.0000,base-03-PAYMENT_REQUEST-AP-base-2-HOSTING-FF-023,BUSINESS_DRIVEN_FORECAST,foundry-field,2027
1000,asset,2026-09-09T00:00:00Z,OPERATING,3600.0000,0.0000,Scheduled vendor cash request; treasury shortfalls separately reported,SHI,CONDITIONAL_FORECAST,BIZ-base-0000364,3,3,2027-03-31,base,FOUNDRY_FIELD,-3600.0000,base-03-PAYMENT_REQUEST-AP-base-2-HOSTING-FF-023,BUSINESS_DRIVEN_FORECAST,foundry-field,2027
BIZ_AP,liability,2026-09-09T00:00:00Z,NONCASH_OR_OPENING,0.0000,1800.0000,Scheduled vendor cash request; treasury shortfalls separately reported,SHI,CONDITIONAL_FORECAST,BIZ-base-0000365,3,3,2027-03-31,base,FOUNDRY_FIELD,1800.0000,base-03-PAYMENT_REQUEST-AP-base-2-HOSTING-FF-024,BUSINESS_DRIVEN_FORECAST,foundry-field,2027
1000,asset,2026-09-09T00:00:00Z,OPERATING,1800.0000,0.0000,Scheduled vendor cash request; treasury shortfalls separately reported,SHI,CONDITIONAL_FORECAST,BIZ-base-0000365,3,3,2027-03-31,base,FOUNDRY_FIELD,-1800.0000,base-03-PAYMENT_REQUEST-AP-base-2-HOSTING-FF-024,BUSINESS_DRIVEN_FORECAST,foundry-field,2027
BIZ_AP,liability,2026-09-09T00:00:00Z,NONCASH_OR_OPENING,0.0000,2400.0000,Scheduled vendor cash request; treasury shortfalls separately reported,SHI,CONDITIONAL_FORECAST,BIZ-base-0000366,3,3,2027-03-31,base,FOUNDRY_FIELD,2400.0000,base-03-PAYMENT_REQUEST-AP-base-2-HOSTING-FF-025,BUSINESS_DRIVEN_FORECAST,foundry-field,2027
1000,asset,2026-09-09T00:00:00Z,OPERATING,2400.0000,0.0000,Scheduled vendor cash request; treasury shortfalls separately reported,SHI,CONDITIONAL_FORECAST,BIZ-base-0000366,3,3,2027-03-31,base,FOUNDRY_FIELD,-2400.0000,base-03-PAYMENT_REQUEST-AP-base-2-HOSTING-FF-025,BUSINESS_DRIVEN_FORECAST,foundry-field,2027
BIZ_AP,liability,2026-09-09T00:00:00Z,NONCASH_OR_OPENING,0.0000,3000.0000,Scheduled vendor cash request; treasury shortfalls separately reported,SHI,CONDITIONAL_FORECAST,BIZ-base-0000367,3,3,2027-03-31,base,FOUNDRY_FIELD,3000.0000,base-03-PAYMENT_REQUEST-AP-base-2-HOSTING-FF-026,BUSINESS_DRIVEN_FORECAST,foundry-field,2027
1000,asset,2026-09-09T00:00:00Z,OPERATING,3000.0000,0.0000,Scheduled vendor cash request; treasury shortfalls separately reported,SHI,CONDITIONAL_FORECAST,BIZ-base-0000367,3,3,2027-03-31,base,FOUNDRY_FIELD,-3000.0000,base-03-PAYMENT_REQUEST-AP-base-2-HOSTING-FF-026,BUSINESS_DRIVEN_FORECAST,foundry-field,2027
BIZ_AP,liability,2026-09-09T00:00:00Z,NONCASH_OR_OPENING,0.0000,3600.0000,Scheduled vendor cash request; treasury shortfalls separately reported,SHI,CONDITIONAL_FORECAST,BIZ-base-0000368,3,3,2027-03-31,base,FOUNDRY_FIELD,3600.0000,base-03-PAYMENT_REQUEST-AP-base-2-HOSTING-FF-027,BUSINESS_DRIVEN_FORECAST,foundry-field,2027
1000,asset,2026-09-09T00:00:00Z,OPERATING,3600.0000,0.0000,Scheduled vendor cash request; treasury shortfalls separately reported,SHI,CONDITIONAL_FORECAST,BIZ-base-0000368,3,3,2027-03-31,base,FOUNDRY_FIELD,-3600.0000,base-03-PAYMENT_REQUEST-AP-base-2-HOSTING-FF-027,BUSINESS_DRIVEN_FORECAST,foundry-field,2027
BIZ_AP,liability,2026-09-09T00:00:00Z,NONCASH_OR_OPENING,0.0000,1800.0000,Scheduled vendor cash request; treasury shortfalls separately reported,SHI,CONDITIONAL_FORECAST,BIZ-base-0000369,3,3,2027-03-31,base,FOUNDRY_FIELD,1800.0000,base-03-PAYMENT_REQUEST-AP-base-2-HOSTING-FF-028,BUSINESS_DRIVEN_FORECAST,foundry-field,2027
1000,asset,2026-09-09T00:00:00Z,OPERATING,1800.0000,0.0000,Scheduled vendor cash request; treasury shortfalls separately reported,SHI,CONDITIONAL_FORECAST,BIZ-base-0000369,3,3,2027-03-31,base,FOUNDRY_FIELD,-1800.0000,base-03-PAYMENT_REQUEST-AP-base-2-HOSTING-FF-028,BUSINESS_DRIVEN_FORECAST,foundry-field,2027
BIZ_AP,liability,2026-09-09T00:00:00Z,NONCASH_OR_OPENING,0.0000,2400.0000,Scheduled vendor cash request; treasury shortfalls separately reported,SHI,CONDITIONAL_FORECAST,BIZ-base-0000370,3,3,2027-03-31,base,FOUNDRY_FIELD,2400.0000,base-03-PAYMENT_REQUEST-AP-base-2-HOSTING-FF-029,BUSINESS_DRIVEN_FORECAST,foundry-field,2027
1000,asset,2026-09-09T00:00:00Z,OPERATING,2400.0000,0.0000,Scheduled vendor cash request; treasury shortfalls separately reported,SHI,CONDITIONAL_FORECAST,BIZ-base-0000370,3,3,2027-03-31,base,FOUNDRY_FIELD,-2400.0000,base-03-PAYMENT_REQUEST-AP-base-2-HOSTING-FF-029,BUSINESS_DRIVEN_FORECAST,foundry-field,2027
BIZ_AP,liability,2026-09-09T00:00:00Z,NONCASH_OR_OPENING,0.0000,3000.0000,Scheduled vendor cash request; treasury shortfalls separately reported,SHI,CONDITIONAL_FORECAST,BIZ-base-0000371,3,3,2027-03-31,base,FOUNDRY_FIELD,3000.0000,base-03-PAYMENT_REQUEST-AP-base-2-HOSTING-FF-030,BUSINESS_DRIVEN_FORECAST,foundry-field,2027
1000,asset,2026-09-09T00:00:00Z,OPERATING,3000.0000,0.0000,Scheduled vendor cash request; treasury shortfalls separately reported,SHI,CONDITIONAL_FORECAST,BIZ-base-0000371,3,3,2027-03-31,base,FOUNDRY_FIELD,-3000.0000,base-03-PAYMENT_REQUEST-AP-base-2-HOSTING-FF-030,BUSINESS_DRIVEN_FORECAST,foundry-field,2027
BIZ_AP,liability,2026-09-09T00:00:00Z,NONCASH_OR_OPENING,0.0000,3600.0000,Scheduled vendor cash request; treasury shortfalls separately reported,SHI,CONDITIONAL_FORECAST,BIZ-base-0000372,3,3,2027-03-31,base,FOUNDRY_FIELD,3600.0000,base-03-PAYMENT_REQUEST-AP-base-2-HOSTING-FF-031,BUSINESS_DRIVEN_FORECAST,foundry-field,2027
1000,asset,2026-09-09T00:00:00Z,OPERATING,3600.0000,0.0000,Scheduled vendor cash request; treasury shortfalls separately reported,SHI,CONDITIONAL_FORECAST,BIZ-base-0000372,3,3,2027-03-31,base,FOUNDRY_FIELD,-3600.0000,base-03-PAYMENT_REQUEST-AP-base-2-HOSTING-FF-031,BUSINESS_DRIVEN_FORECAST,foundry-field,2027
BIZ_AP,liability,2026-09-09T00:00:00Z,NONCASH_OR_OPENING,0.0000,1800.0000,Scheduled vendor cash request; treasury shortfalls separately reported,SHI,CONDITIONAL_FORECAST,BIZ-base-0000373,3,3,2027-03-31,base,FOUNDRY_FIELD,1800.0000,base-03-PAYMENT_REQUEST-AP-base-2-HOSTING-FF-032,BUSINESS_DRIVEN_FORECAST,foundry-field,2027
1000,asset,2026-09-09T00:00:00Z,OPERATING,1800.0000,0.0000,Scheduled vendor cash request; treasury shortfalls separately reported,SHI,CONDITIONAL_FORECAST,BIZ-base-0000373,3,3,2027-03-31,base,FOUNDRY_FIELD,-1800.0000,base-03-PAYMENT_REQUEST-AP-base-2-HOSTING-FF-032,BUSINESS_DRIVEN_FORECAST,foundry-field,2027
BIZ_AP,liability,2026-09-09T00:00:00Z,NONCASH_OR_OPENING,0.0000,2400.0000,Scheduled vendor cash request; treasury shortfalls separately reported,SHI,CONDITIONAL_FORECAST,BIZ-base-0000374,3,3,2027-03-31,base,FOUNDRY_FIELD,2400.0000,base-03-PAYMENT_REQUEST-AP-base-2-HOSTING-FF-033,BUSINESS_DRIVEN_FORECAST,foundry-field,2027
1000,asset,2026-09-09T00:00:00Z,OPERATING,2400.0000,0.0000,Scheduled vendor cash request; treasury shortfalls separately reported,SHI,CONDITIONAL_FORECAST,BIZ-base-0000374,3,3,2027-03-31,base,FOUNDRY_FIELD,-2400.0000,base-03-PAYMENT_REQUEST-AP-base-2-HOSTING-FF-033,BUSINESS_DRIVEN_FORECAST,foundry-field,2027
BIZ_AP,liability,2026-09-09T00:00:00Z,NONCASH_OR_OPENING,0.0000,3000.0000,Scheduled vendor cash request; treasury shortfalls separately reported,SHI,CONDITIONAL_FORECAST,BIZ-base-0000375,3,3,2027-03-31,base,FOUNDRY_FIELD,3000.0000,base-03-PAYMENT_REQUEST-AP-base-2-HOSTING-FF-034,BUSINESS_DRIVEN_FORECAST,foundry-field,2027
1000,asset,2026-09-09T00:00:00Z,OPERATING,3000.0000,0.0000,Scheduled vendor cash request; treasury shortfalls separately reported,SHI,CONDITIONAL_FORECAST,BIZ-base-0000375,3,3,2027-03-31,base,FOUNDRY_FIELD,-3000.0000,base-03-PAYMENT_REQUEST-AP-base-2-HOSTING-FF-034,BUSINESS_DRIVEN_FORECAST,foundry-field,2027
BIZ_AP,liability,2026-09-09T00:00:00Z,NONCASH_OR_OPENING,0.0000,3600.0000,Scheduled vendor cash request; treasury shortfalls separately reported,SHI,CONDITIONAL_FORECAST,BIZ-base-0000376,3,3,2027-03-31,base,FOUNDRY_FIELD,3600.0000,base-03-PAYMENT_REQUEST-AP-base-2-HOSTING-FF-035,BUSINESS_DRIVEN_FORECAST,foundry-field,2027
1000,asset,2026-09-09T00:00:00Z,OPERATING,3600.0000,0.0000,Scheduled vendor cash request; treasury shortfalls separately reported,SHI,CONDITIONAL_FORECAST,BIZ-base-0000376,3,3,2027-03-31,base,FOUNDRY_FIELD,-3600.0000,base-03-PAYMENT_REQUEST-AP-base-2-HOSTING-FF-035,BUSINESS_DRIVEN_FORECAST,foundry-field,2027
BIZ_AP,liability,2026-09-09T00:00:00Z,NONCASH_OR_OPENING,0.0000,1800.0000,Scheduled vendor cash request; treasury shortfalls separately reported,SHI,CONDITIONAL_FORECAST,BIZ-base-0000377,3,3,2027-03-31,base,FOUNDRY_FIELD,1800.0000,base-03-PAYMENT_REQUEST-AP-base-2-HOSTING-FF-036,BUSINESS_DRIVEN_FORECAST,foundry-field,2027
1000,asset,2026-09-09T00:00:00Z,OPERATING,1800.0000,0.0000,Scheduled vendor cash request; treasury shortfalls separately reported,SHI,CONDITIONAL_FORECAST,BIZ-base-0000377,3,3,2027-03-31,base,FOUNDRY_FIELD,-1800.0000,base-03-PAYMENT_REQUEST-AP-base-2-HOSTING-FF-036,BUSINESS_DRIVEN_FORECAST,foundry-field,2027
BIZ_PAYROLL,expense,2026-09-09T00:00:00Z,NONCASH_OR_OPENING,0.0000,1933333.3280,Effective-dated occupied-position payroll; conditional treasury settlement,SHI,CONDITIONAL_FORECAST,BIZ-base-0000391,3,3,2027-03-31,base,FOUNDRY_FIELD,1933333.3280,base-03-PAYROLL_REQUEST-foundry-field,BUSINESS_DRIVEN_FORECAST,foundry-field,2027
1000,asset,2026-09-09T00:00:00Z,OPERATING,1933333.3280,0.0000,Effective-dated occupied-position payroll; conditional treasury settlement,SHI,CONDITIONAL_FORECAST,BIZ-base-0000391,3,3,2027-03-31,base,FOUNDRY_FIELD,-1933333.3280,base-03-PAYROLL_REQUEST-foundry-field,BUSINESS_DRIVEN_FORECAST,foundry-field,2027
BIZ_DEFERRED,liability,2026-09-09T00:00:00Z,NONCASH_OR_OPENING,0.0000,115000.0000,Monthly service under effective contract version,SHI,CONDITIONAL_FORECAST,BIZ-base-0000398,3,3,2027-03-31,base,FOUNDRY_FIELD,115000.0000,base-03-SUBSCRIPTION_SERVICE-FF-001,BUSINESS_DRIVEN_FORECAST,foundry-field,2027
BIZ_REVENUE,revenue,2026-09-09T00:00:00Z,NONCASH_OR_OPENING,115000.0000,0.0000,Monthly service under effective contract version,SHI,CONDITIONAL_FORECAST,BIZ-base-0000398,3,3,2027-03-31,base,FOUNDRY_FIELD,-115000.0000,base-03-SUBSCRIPTION_SERVICE-FF-001,BUSINESS_DRIVEN_FORECAST,foundry-field,2027
BIZ_DELIVERY,expense,2026-09-09T00:00:00Z,NONCASH_OR_OPENING,0.0000,2400.0000,Source-driven vendor cost,SHI,CONDITIONAL_FORECAST,BIZ-base-0000399,3,3,2027-03-31,base,FOUNDRY_FIELD,2400.0000,base-03-COST-HOSTING-FF-001,BUSINESS_DRIVEN_FORECAST,foundry-field,2027
BIZ_AP,liability,2026-09-09T00:00:00Z,NONCASH_OR_OPENING,2400.0000,0.0000,Source-driven vendor cost,SHI,CONDITIONAL_FORECAST,BIZ-base-0000399,3,3,2027-03-31,base,FOUNDRY_FIELD,-2400.0000,base-03-COST-HOSTING-FF-001,BUSINESS_DRIVEN_FORECAST,foundry-field,2027
BIZ_DEFERRED,liability,2026-09-09T00:00:00Z,NONCASH_OR_OPENING,0.0000,130000.0000,Monthly service under effective contract version,SHI,CONDITIONAL_FORECAST,BIZ-base-0000400,3,3,2027-03-31,base,FOUNDRY_FIELD,130000.0000,base-03-SUBSCRIPTION_SERVICE-FF-002,BUSINESS_DRIVEN_FORECAST,foundry-field,2027
BIZ_REVENUE,revenue,2026-09-09T00:00:00Z,NONCASH_OR_OPENING,130000.0000,0.0000,Monthly service under effective contract version,SHI,CONDITIONAL_FORECAST,BIZ-base-0000400,3,3,2027-03-31,base,FOUNDRY_FIELD,-130000.0000,base-03-SUBSCRIPTION_SERVICE-FF-002,BUSINESS_DRIVEN_FORECAST,foundry-field,2027
BIZ_DELIVERY,expense,2026-09-09T00:00:00Z,NONCASH_OR_OPENING,0.0000,3000.0000,Source-driven vendor cost,SHI,CONDITIONAL_FORECAST,BIZ-base-0000401,3,3,2027-03-31,base,FOUNDRY_FIELD,3000.0000,base-03-COST-HOSTING-FF-002,BUSINESS_DRIVEN_FORECAST,foundry-field,2027
BIZ_AP,liability,2026-09-09T00:00:00Z,NONCASH_OR_OPENING,3000.0000,0.0000,Source-driven vendor cost,SHI,CONDITIONAL_FORECAST,BIZ-base-0000401,3,3,2027-03-31,base,FOUNDRY_FIELD,-3000.0000,base-03-COST-HOSTING-FF-002,BUSINESS_DRIVEN_FORECAST,foundry-field,2027
BIZ_DEFERRED,liability,2026-09-09T00:00:00Z,NONCASH_OR_OPENING,0.0000,145000.0000,Monthly service under effective contract version,SHI,CONDITIONAL_FORECAST,BIZ-base-0000402,3,3,2027-03-31,base,FOUNDRY_FIELD,145000.0000,base-03-SUBSCRIPTION_SERVICE-FF-003,BUSINESS_DRIVEN_FORECAST,foundry-field,2027
BIZ_REVENUE,revenue,2026-09-09T00:00:00Z,NONCASH_OR_OPENING,145000.0000,0.0000,Monthly service under effective contract version,SHI,CONDITIONAL_FORECAST,BIZ-base-0000402,3,3,2027-03-31,base,FOUNDRY_FIELD,-145000.0000,base-03-SUBSCRIPTION_SERVICE-FF-003,BUSINESS_DRIVEN_FORECAST,foundry-field,2027
BIZ_DELIVERY,expense,2026-09-09T00:00:00Z,NONCASH_OR_OPENING,0.0000,3600.0000,Source-driven vendor cost,SHI,CONDITIONAL_FORECAST,BIZ-base-0000403,3,3,2027-03-31,base,FOUNDRY_FIELD,3600.0000,base-03-COST-HOSTING-FF-003,BUSINESS_DRIVEN_FORECAST,foundry-field,2027
BIZ_AP,liability,2026-09-09T00:00:00Z,NONCASH_OR_OPENING,3600.0000,0.0000,Source-driven vendor cost,SHI,CONDITIONAL_FORECAST,BIZ-base-0000403,3,3,2027-03-31,base,FOUNDRY_FIELD,-3600.0000,base-03-COST-HOSTING-FF-003,BUSINESS_DRIVEN_FORECAST,foundry-field,2027
BIZ_DEFERRED,liability,2026-09-09T00:00:00Z,NONCASH_OR_OPENING,0.0000,160000.0000,Monthly service under effective contract version,SHI,CONDITIONAL_FORECAST,BIZ-base-0000404,3,3,2027-03-31,base,FOUNDRY_FIELD,160000.0000,base-03-SUBSCRIPTION_SERVICE-FF-004,BUSINESS_DRIVEN_FORECAST,foundry-field,2027
BIZ_REVENUE,revenue,2026-09-09T00:00:00Z,NONCASH_OR_OPENING,160000.0000,0.0000,Monthly service under effective contract version,SHI,CONDITIONAL_FORECAST,BIZ-base-0000404,3,3,2027-03-31,base,FOUNDRY_FIELD,-160000.0000,base-03-SUBSCRIPTION_SERVICE-FF-004,BUSINESS_DRIVEN_FORECAST,foundry-field,2027
BIZ_DELIVERY,expense,2026-09-09T00:00:00Z,NONCASH_OR_OPENING,0.0000,1800.0000,Source-driven vendor cost,SHI,CONDITIONAL_FORECAST,BIZ-base-0000405,3,3,2027-03-31,base,FOUNDRY_FIELD,1800.0000,base-03-COST-HOSTING-FF-004,BUSINESS_DRIVEN_FORECAST,foundry-field,2027
BIZ_AP,liability,2026-09-09T00:00:00Z,NONCASH_OR_OPENING,1800.0000,0.0000,Source-driven vendor cost,SHI,CONDITIONAL_FORECAST,BIZ-base-0000405,3,3,2027-03-31,base,FOUNDRY_FIELD,-1800.0000,base-03-COST-HOSTING-FF-004,BUSINESS_DRIVEN_FORECAST,foundry-field,2027
BIZ_DEFERRED,liability,2026-09-09T00:00:00Z,NONCASH_OR_OPENING,0.0000,100000.0000,Monthly service under effective contract version,SHI,CONDITIONAL_FORECAST,BIZ-base-0000406,3,3,2027-03-31,base,FOUNDRY_FIELD,100000.0000,base-03-SUBSCRIPTION_SERVICE-FF-005,BUSINESS_DRIVEN_FORECAST,foundry-field,2027
BIZ_REVENUE,revenue,2026-09-09T00:00:00Z,NONCASH_OR_OPENING,100000.0000,0.0000,Monthly service under effective contract version,SHI,CONDITIONAL_FORECAST,BIZ-base-0000406,3,3,2027-03-31,base,FOUNDRY_FIELD,-100000.0000,base-03-SUBSCRIPTION_SERVICE-FF-005,BUSINESS_DRIVEN_FORECAST,foundry-field,2027
BIZ_DELIVERY,expense,2026-09-09T00:00:00Z,NONCASH_OR_OPENING,0.0000,2400.0000,Source-driven vendor cost,SHI,CONDITIONAL_FORECAST,BIZ-base-0000407,3,3,2027-03-31,base,FOUNDRY_FIELD,2400.0000,base-03-COST-HOSTING-FF-005,BUSINESS_DRIVEN_FORECAST,foundry-field,2027
BIZ_AP,liability,2026-09-09T00:00:00Z,NONCASH_OR_OPENING,2400.0000,0.0000,Source-driven vendor cost,SHI,CONDITIONAL_FORECAST,BIZ-base-0000407,3,3,2027-03-31,base,FOUNDRY_FIELD,-2400.0000,base-03-COST-HOSTING-FF-005,BUSINESS_DRIVEN_FORECAST,foundry-field,2027
BIZ_DEFERRED,liability,2026-09-09T00:00:00Z,NONCASH_OR_OPENING,0.0000,115000.0000,Monthly service under effective contract version,SHI,CONDITIONAL_FORECAST,BIZ-base-0000408,3,3,2027-03-31,base,FOUNDRY_FIELD,115000.0000,base-03-SUBSCRIPTION_SERVICE-FF-006,BUSINESS_DRIVEN_FORECAST,foundry-field,2027
BIZ_REVENUE,revenue,2026-09-09T00:00:00Z,NONCASH_OR_OPENING,115000.0000,0.0000,Monthly service under effective contract version,SHI,CONDITIONAL_FORECAST,BIZ-base-0000408,3,3,2027-03-31,base,FOUNDRY_FIELD,-115000.0000,base-03-SUBSCRIPTION_SERVICE-FF-006,BUSINESS_DRIVEN_FORECAST,foundry-field,2027
BIZ_DELIVERY,expense,2026-09-09T00:00:00Z,NONCASH_OR_OPENING,0.0000,3000.0000,Source-driven vendor cost,SHI,CONDITIONAL_FORECAST,BIZ-base-0000409,3,3,2027-03-31,base,FOUNDRY_FIELD,3000.0000,base-03-COST-HOSTING-FF-006,BUSINESS_DRIVEN_FORECAST,foundry-field,2027
BIZ_AP,liability,2026-09-09T00:00:00Z,NONCASH_OR_OPENING,3000.0000,0.0000,Source-driven vendor cost,SHI,CONDITIONAL_FORECAST,BIZ-base-0000409,3,3,2027-03-31,base,FOUNDRY_FIELD,-3000.0000,base-03-COST-HOSTING-FF-006,BUSINESS_DRIVEN_FORECAST,foundry-field,2027
BIZ_DEFERRED,liability,2026-09-09T00:00:00Z,NONCASH_OR_OPENING,0.0000,130000.0000,Monthly service under effective contract version,SHI,CONDITIONAL_FORECAST,BIZ-base-0000410,3,3,2027-03-31,base,FOUNDRY_FIELD,130000.0000,base-03-SUBSCRIPTION_SERVICE-FF-007,BUSINESS_DRIVEN_FORECAST,foundry-field,2027
BIZ_REVENUE,revenue,2026-09-09T00:00:00Z,NONCASH_OR_OPENING,130000.0000,0.0000,Monthly service under effective contract version,SHI,CONDITIONAL_FORECAST,BIZ-base-0000410,3,3,2027-03-31,base,FOUNDRY_FIELD,-130000.0000,base-03-SUBSCRIPTION_SERVICE-FF-007,BUSINESS_DRIVEN_FORECAST,foundry-field,2027
BIZ_DELIVERY,expense,2026-09-09T00:00:00Z,NONCASH_OR_OPENING,0.0000,3600.0000,Source-driven vendor cost,SHI,CONDITIONAL_FORECAST,BIZ-base-0000411,3,3,2027-03-31,base,FOUNDRY_FIELD,3600.0000,base-03-COST-HOSTING-FF-007,BUSINESS_DRIVEN_FORECAST,foundry-field,2027
BIZ_AP,liability,2026-09-09T00:00:00Z,NONCASH_OR_OPENING,3600.0000,0.0000,Source-driven vendor cost,SHI,CONDITIONAL_FORECAST,BIZ-base-0000411,3,3,2027-03-31,base,FOUNDRY_FIELD,-3600.0000,base-03-COST-HOSTING-FF-007,BUSINESS_DRIVEN_FORECAST,foundry-field,2027
BIZ_DEFERRED,liability,2026-09-09T00:00:00Z,NONCASH_OR_OPENING,0.0000,145000.0000,Monthly service under effective contract version,SHI,CONDITIONAL_FORECAST,BIZ-base-0000412,3,3,2027-03-31,base,FOUNDRY_FIELD,145000.0000,base-03-SUBSCRIPTION_SERVICE-FF-008,BUSINESS_DRIVEN_FORECAST,foundry-field,2027
BIZ_REVENUE,revenue,2026-09-09T00:00:00Z,NONCASH_OR_OPENING,145000.0000,0.0000,Monthly service under effective contract version,SHI,CONDITIONAL_FORECAST,BIZ-base-0000412,3,3,2027-03-31,base,FOUNDRY_FIELD,-145000.0000,base-03-SUBSCRIPTION_SERVICE-FF-008,BUSINESS_DRIVEN_FORECAST,foundry-field,2027
BIZ_DELIVERY,expense,2026-09-09T00:00:00Z,NONCASH_OR_OPENING,0.0000,1800.0000,Source-driven vendor cost,SHI,CONDITIONAL_FORECAST,BIZ-base-0000413,3,3,2027-03-31,base,FOUNDRY_FIELD,1800.0000,base-03-COST-HOSTING-FF-008,BUSINESS_DRIVEN_FORECAST,foundry-field,2027
BIZ_AP,liability,2026-09-09T00:00:00Z,NONCASH_OR_OPENING,1800.0000,0.0000,Source-driven vendor cost,SHI,CONDITIONAL_FORECAST,BIZ-base-0000413,3,3,2027-03-31,base,FOUNDRY_FIELD,-1800.0000,base-03-COST-HOSTING-FF-008,BUSINESS_DRIVEN_FORECAST,foundry-field,2027
BIZ_DEFERRED,liability,2026-09-09T00:00:00Z,NONCASH_OR_OPENING,0.0000,160000.0000,Monthly service under effective contract version,SHI,CONDITIONAL_FORECAST,BIZ-base-0000414,3,3,2027-03-31,base,FOUNDRY_FIELD,160000.0000,base-03-SUBSCRIPTION_SERVICE-FF-009,BUSINESS_DRIVEN_FORECAST,foundry-field,2027
BIZ_REVENUE,revenue,2026-09-09T00:00:00Z,NONCASH_OR_OPENING,160000.0000,0.0000,Monthly service under effective contract version,SHI,CONDITIONAL_FORECAST,BIZ-base-0000414,3,3,2027-03-31,base,FOUNDRY_FIELD,-160000.0000,base-03-SUBSCRIPTION_SERVICE-FF-009,BUSINESS_DRIVEN_FORECAST,foundry-field,2027
BIZ_DELIVERY,expense,2026-09-09T00:00:00Z,NONCASH_OR_OPENING,0.0000,2400.0000,Source-driven vendor cost,SHI,CONDITIONAL_FORECAST,BIZ-base-0000415,3,3,2027-03-31,base,FOUNDRY_FIELD,2400.0000,base-03-COST-HOSTING-FF-009,BUSINESS_DRIVEN_FORECAST,foundry-field,2027
BIZ_AP,liability,2026-09-09T00:00:00Z,NONCASH_OR_OPENING,2400.0000,0.0000,Source-driven vendor cost,SHI,CONDITIONAL_FORECAST,BIZ-base-0000415,3,3,2027-03-31,base,FOUNDRY_FIELD,-2400.0000,base-03-COST-HOSTING-FF-009,BUSINESS_DRIVEN_FORECAST,foundry-field,2027
BIZ_DEFERRED,liability,2026-09-09T00:00:00Z,NONCASH_OR_OPENING,0.0000,100000.0000,Monthly service under effective contract version,SHI,CONDITIONAL_FORECAST,BIZ-base-0000416,3,3,2027-03-31,base,FOUNDRY_FIELD,100000.0000,base-03-SUBSCRIPTION_SERVICE-FF-010,BUSINESS_DRIVEN_FORECAST,foundry-field,2027
BIZ_REVENUE,revenue,2026-09-09T00:00:00Z,NONCASH_OR_OPENING,100000.0000,0.0000,Monthly service under effective contract version,SHI,CONDITIONAL_FORECAST,BIZ-base-0000416,3,3,2027-03-31,base,FOUNDRY_FIELD,-100000.0000,base-03-SUBSCRIPTION_SERVICE-FF-010,BUSINESS_DRIVEN_FORECAST,foundry-field,2027
BIZ_DELIVERY,expense,2026-09-09T00:00:00Z,NONCASH_OR_OPENING,0.0000,3000.0000,Source-driven vendor cost,SHI,CONDITIONAL_FORECAST,BIZ-base-0000417,3,3,2027-03-31,base,FOUNDRY_FIELD,3000.0000,base-03-COST-HOSTING-FF-010,BUSINESS_DRIVEN_FORECAST,foundry-field,2027
BIZ_AP,liability,2026-09-09T00:00:00Z,NONCASH_OR_OPENING,3000.0000,0.0000,Source-driven vendor cost,SHI,CONDITIONAL_FORECAST,BIZ-base-0000417,3,3,2027-03-31,base,FOUNDRY_FIELD,-3000.0000,base-03-COST-HOSTING-FF-010,BUSINESS_DRIVEN_FORECAST,foundry-field,2027
BIZ_DEFERRED,liability,2026-09-09T00:00:00Z,NONCASH_OR_OPENING,0.0000,115000.0000,Monthly service under effective contract version,SHI,CONDITIONAL_FORECAST,BIZ-base-0000418,3,3,2027-03-31,base,FOUNDRY_FIELD,115000.0000,base-03-SUBSCRIPTION_SERVICE-FF-011,BUSINESS_DRIVEN_FORECAST,foundry-field,2027
BIZ_REVENUE,revenue,2026-09-09T00:00:00Z,NONCASH_OR_OPENING,115000.0000,0.0000,Monthly service under effective contract version,SHI,CONDITIONAL_FORECAST,BIZ-base-0000418,3,3,2027-03-31,base,FOUNDRY_FIELD,-115000.0000,base-03-SUBSCRIPTION_SERVICE-FF-011,BUSINESS_DRIVEN_FORECAST,foundry-field,2027
BIZ_DELIVERY,expense,2026-09-09T00:00:00Z,NONCASH_OR_OPENING,0.0000,3600.0000,Source-driven vendor cost,SHI,CONDITIONAL_FORECAST,BIZ-base-0000419,3,3,2027-03-31,base,FOUNDRY_FIELD,3600.0000,base-03-COST-HOSTING-FF-011,BUSINESS_DRIVEN_FORECAST,foundry-field,2027
BIZ_AP,liability,2026-09-09T00:00:00Z,NONCASH_OR_OPENING,3600.0000,0.0000,Source-driven vendor cost,SHI,CONDITIONAL_FORECAST,BIZ-base-0000419,3,3,2027-03-31,base,FOUNDRY_FIELD,-3600.0000,base-03-COST-HOSTING-FF-011,BUSINESS_DRIVEN_FORECAST,foundry-field,2027
BIZ_DEFERRED,liability,2026-09-09T00:00:00Z,NONCASH_OR_OPENING,0.0000,130000.0000,Monthly service under effective contract version,SHI,CONDITIONAL_FORECAST,BIZ-base-0000420,3,3,2027-03-31,base,FOUNDRY_FIELD,130000.0000,base-03-SUBSCRIPTION_SERVICE-FF-012,BUSINESS_DRIVEN_FORECAST,foundry-field,2027
BIZ_REVENUE,revenue,2026-09-09T00:00:00Z,NONCASH_OR_OPENING,130000.0000,0.0000,Monthly service under effective contract version,SHI,CONDITIONAL_FORECAST,BIZ-base-0000420,3,3,2027-03-31,base,FOUNDRY_FIELD,-130000.0000,base-03-SUBSCRIPTION_SERVICE-FF-012,BUSINESS_DRIVEN_FORECAST,foundry-field,2027
BIZ_DELIVERY,expense,2026-09-09T00:00:00Z,NONCASH_OR_OPENING,0.0000,1800.0000,Source-driven vendor cost,SHI,CONDITIONAL_FORECAST,BIZ-base-0000421,3,3,2027-03-31,base,FOUNDRY_FIELD,1800.0000,base-03-COST-HOSTING-FF-012,BUSINESS_DRIVEN_FORECAST,foundry-field,2027
BIZ_AP,liability,2026-09-09T00:00:00Z,NONCASH_OR_OPENING,1800.0000,0.0000,Source-driven vendor cost,SHI,CONDITIONAL_FORECAST,BIZ-base-0000421,3,3,2027-03-31,base,FOUNDRY_FIELD,-1800.0000,base-03-COST-HOSTING-FF-012,BUSINESS_DRIVEN_FORECAST,foundry-field,2027
BIZ_DEFERRED,liability,2026-09-09T00:00:00Z,NONCASH_OR_OPENING,0.0000,145000.0000,Monthly service under effective contract version,SHI,CONDITIONAL_FORECAST,BIZ-base-0000422,3,3,2027-03-31,base,FOUNDRY_FIELD,145000.0000,base-03-SUBSCRIPTION_SERVICE-FF-013,BUSINESS_DRIVEN_FORECAST,foundry-field,2027
BIZ_REVENUE,revenue,2026-09-09T00:00:00Z,NONCASH_OR_OPENING,145000.0000,0.0000,Monthly service under effective contract version,SHI,CONDITIONAL_FORECAST,BIZ-base-0000422,3,3,2027-03-31,base,FOUNDRY_FIELD,-145000.0000,base-03-SUBSCRIPTION_SERVICE-FF-013,BUSINESS_DRIVEN_FORECAST,foundry-field,2027
BIZ_DELIVERY,expense,2026-09-09T00:00:00Z,NONCASH_OR_OPENING,0.0000,2400.0000,Source-driven vendor cost,SHI,CONDITIONAL_FORECAST,BIZ-base-0000423,3,3,2027-03-31,base,FOUNDRY_FIELD,2400.0000,base-03-COST-HOSTING-FF-013,BUSINESS_DRIVEN_FORECAST,foundry-field,2027
BIZ_AP,liability,2026-09-09T00:00:00Z,NONCASH_OR_OPENING,2400.0000,0.0000,Source-driven vendor cost,SHI,CONDITIONAL_FORECAST,BIZ-base-0000423,3,3,2027-03-31,base,FOUNDRY_FIELD,-2400.0000,base-03-COST-HOSTING-FF-013,BUSINESS_DRIVEN_FORECAST,foundry-field,2027
BIZ_DEFERRED,liability,2026-09-09T00:00:00Z,NONCASH_OR_OPENING,0.0000,160000.0000,Monthly service under effective contract version,SHI,CONDITIONAL_FORECAST,BIZ-base-0000424,3,3,2027-03-31,base,FOUNDRY_FIELD,160000.0000,base-03-SUBSCRIPTION_SERVICE-FF-014,BUSINESS_DRIVEN_FORECAST,foundry-field,2027
BIZ_REVENUE,revenue,2026-09-09T00:00:00Z,NONCASH_OR_OPENING,160000.0000,0.0000,Monthly service under effective contract version,SHI,CONDITIONAL_FORECAST,BIZ-base-0000424,3,3,2027-03-31,base,FOUNDRY_FIELD,-160000.0000,base-03-SUBSCRIPTION_SERVICE-FF-014,BUSINESS_DRIVEN_FORECAST,foundry-field,2027
BIZ_DELIVERY,expense,2026-09-09T00:00:00Z,NONCASH_OR_OPENING,0.0000,3000.0000,Source-driven vendor cost,SHI,CONDITIONAL_FORECAST,BIZ-base-0000425,3,3,2027-03-31,base,FOUNDRY_FIELD,3000.0000,base-03-COST-HOSTING-FF-014,BUSINESS_DRIVEN_FORECAST,foundry-field,2027
BIZ_AP,liability,2026-09-09T00:00:00Z,NONCASH_OR_OPENING,3000.0000,0.0000,Source-driven vendor cost,SHI,CONDITIONAL_FORECAST,BIZ-base-0000425,3,3,2027-03-31,base,FOUNDRY_FIELD,-3000.0000,base-03-COST-HOSTING-FF-014,BUSINESS_DRIVEN_FORECAST,foundry-field,2027
BIZ_DEFERRED,liability,2026-09-09T00:00:00Z,NONCASH_OR_OPENING,0.0000,100000.0000,Monthly service under effective contract version,SHI,CONDITIONAL_FORECAST,BIZ-base-0000426,3,3,2027-03-31,base,FOUNDRY_FIELD,100000.0000,base-03-SUBSCRIPTION_SERVICE-FF-015,BUSINESS_DRIVEN_FORECAST,foundry-field,2027
BIZ_REVENUE,revenue,2026-09-09T00:00:00Z,NONCASH_OR_OPENING,100000.0000,0.0000,Monthly service under effective contract version,SHI,CONDITIONAL_FORECAST,BIZ-base-0000426,3,3,2027-03-31,base,FOUNDRY_FIELD,-100000.0000,base-03-SUBSCRIPTION_SERVICE-FF-015,BUSINESS_DRIVEN_FORECAST,foundry-field,2027
BIZ_DELIVERY,expense,2026-09-09T00:00:00Z,NONCASH_OR_OPENING,0.0000,3600.0000,Source-driven vendor cost,SHI,CONDITIONAL_FORECAST,BIZ-base-0000427,3,3,2027-03-31,base,FOUNDRY_FIELD,3600.0000,base-03-COST-HOSTING-FF-015,BUSINESS_DRIVEN_FORECAST,foundry-field,2027
BIZ_AP,liability,2026-09-09T00:00:00Z,NONCASH_OR_OPENING,3600.0000,0.0000,Source-driven vendor cost,SHI,CONDITIONAL_FORECAST,BIZ-base-0000427,3,3,2027-03-31,base,FOUNDRY_FIELD,-3600.0000,base-03-COST-HOSTING-FF-015,BUSINESS_DRIVEN_FORECAST,foundry-field,2027
BIZ_DEFERRED,liability,2026-09-09T00:00:00Z,NONCASH_OR_OPENING,0.0000,115000.0000,Monthly service under effective contract version,SHI,CONDITIONAL_FORECAST,BIZ-base-0000428,3,3,2027-03-31,base,FOUNDRY_FIELD,115000.0000,base-03-SUBSCRIPTION_SERVICE-FF-016,BUSINESS_DRIVEN_FORECAST,foundry-field,2027
BIZ_REVENUE,revenue,2026-09-09T00:00:00Z,NONCASH_OR_OPENING,115000.0000,0.0000,Monthly service under effective contract version,SHI,CONDITIONAL_FORECAST,BIZ-base-0000428,3,3,2027-03-31,base,FOUNDRY_FIELD,-115000.0000,base-03-SUBSCRIPTION_SERVICE-FF-016,BUSINESS_DRIVEN_FORECAST,foundry-field,2027
BIZ_DELIVERY,expense,2026-09-09T00:00:00Z,NONCASH_OR_OPENING,0.0000,1800.0000,Source-driven vendor cost,SHI,CONDITIONAL_FORECAST,BIZ-base-0000429,3,3,2027-03-31,base,FOUNDRY_FIELD,1800.0000,base-03-COST-HOSTING-FF-016,BUSINESS_DRIVEN_FORECAST,foundry-field,2027
BIZ_AP,liability,2026-09-09T00:00:00Z,NONCASH_OR_OPENING,1800.0000,0.0000,Source-driven vendor cost,SHI,CONDITIONAL_FORECAST,BIZ-base-0000429,3,3,2027-03-31,base,FOUNDRY_FIELD,-1800.0000,base-03-COST-HOSTING-FF-016,BUSINESS_DRIVEN_FORECAST,foundry-field,2027
BIZ_DEFERRED,liability,2026-09-09T00:00:00Z,NONCASH_OR_OPENING,0.0000,130000.0000,Monthly service under effective contract version,SHI,CONDITIONAL_FORECAST,BIZ-base-0000430,3,3,2027-03-31,base,FOUNDRY_FIELD,130000.0000,base-03-SUBSCRIPTION_SERVICE-FF-017,BUSINESS_DRIVEN_FORECAST,foundry-field,2027
BIZ_REVENUE,revenue,2026-09-09T00:00:00Z,NONCASH_OR_OPENING,130000.0000,0.0000,Monthly service under effective contract version,SHI,CONDITIONAL_FORECAST,BIZ-base-0000430,3,3,2027-03-31,base,FOUNDRY_FIELD,-130000.0000,base-03-SUBSCRIPTION_SERVICE-FF-017,BUSINESS_DRIVEN_FORECAST,foundry-field,2027
BIZ_DELIVERY,expense,2026-09-09T00:00:00Z,NONCASH_OR_OPENING,0.0000,2400.0000,Source-driven vendor cost,SHI,CONDITIONAL_FORECAST,BIZ-base-0000431,3,3,2027-03-31,base,FOUNDRY_FIELD,2400.0000,base-03-COST-HOSTING-FF-017,BUSINESS_DRIVEN_FORECAST,foundry-field,2027
BIZ_AP,liability,2026-09-09T00:00:00Z,NONCASH_OR_OPENING,2400.0000,0.0000,Source-driven vendor cost,SHI,CONDITIONAL_FORECAST,BIZ-base-0000431,3,3,2027-03-31,base,FOUNDRY_FIELD,-2400.0000,base-03-COST-HOSTING-FF-017,BUSINESS_DRIVEN_FORECAST,foundry-field,2027
BIZ_DEFERRED,liability,2026-09-09T00:00:00Z,NONCASH_OR_OPENING,0.0000,145000.0000,Monthly service under effective contract version,SHI,CONDITIONAL_FORECAST,BIZ-base-0000432,3,3,2027-03-31,base,FOUNDRY_FIELD,145000.0000,base-03-SUBSCRIPTION_SERVICE-FF-018,BUSINESS_DRIVEN_FORECAST,foundry-field,2027
BIZ_REVENUE,revenue,2026-09-09T00:00:00Z,NONCASH_OR_OPENING,145000.0000,0.0000,Monthly service under effective contract version,SHI,CONDITIONAL_FORECAST,BIZ-base-0000432,3,3,2027-03-31,base,FOUNDRY_FIELD,-145000.0000,base-03-SUBSCRIPTION_SERVICE-FF-018,BUSINESS_DRIVEN_FORECAST,foundry-field,2027
BIZ_DELIVERY,expense,2026-09-09T00:00:00Z,NONCASH_OR_OPENING,0.0000,3000.0000,Source-driven vendor cost,SHI,CONDITIONAL_FORECAST,BIZ-base-0000433,3,3,2027-03-31,base,FOUNDRY_FIELD,3000.0000,base-03-COST-HOSTING-FF-018,BUSINESS_DRIVEN_FORECAST,foundry-field,2027
BIZ_AP,liability,2026-09-09T00:00:00Z,NONCASH_OR_OPENING,3000.0000,0.0000,Source-driven vendor cost,SHI,CONDITIONAL_FORECAST,BIZ-base-0000433,3,3,2027-03-31,base,FOUNDRY_FIELD,-3000.0000,base-03-COST-HOSTING-FF-018,BUSINESS_DRIVEN_FORECAST,foundry-field,2027
BIZ_DEFERRED,liability,2026-09-09T00:00:00Z,NONCASH_OR_OPENING,0.0000,160000.0000,Monthly service under effective contract version,SHI,CONDITIONAL_FORECAST,BIZ-base-0000434,3,3,2027-03-31,base,FOUNDRY_FIELD,160000.0000,base-03-SUBSCRIPTION_SERVICE-FF-019,BUSINESS_DRIVEN_FORECAST,foundry-field,2027
BIZ_REVENUE,revenue,2026-09-09T00:00:00Z,NONCASH_OR_OPENING,160000.0000,0.0000,Monthly service under effective contract version,SHI,CONDITIONAL_FORECAST,BIZ-base-0000434,3,3,2027-03-31,base,FOUNDRY_FIELD,-160000.0000,base-03-SUBSCRIPTION_SERVICE-FF-019,BUSINESS_DRIVEN_FORECAST,foundry-field,2027
BIZ_DELIVERY,expense,2026-09-09T00:00:00Z,NONCASH_OR_OPENING,0.0000,3600.0000,Source-driven vendor cost,SHI,CONDITIONAL_FORECAST,BIZ-base-0000435,3,3,2027-03-31,base,FOUNDRY_FIELD,3600.0000,base-03-COST-HOSTING-FF-019,BUSINESS_DRIVEN_FORECAST,foundry-field,2027
BIZ_AP,liability,2026-09-09T00:00:00Z,NONCASH_OR_OPENING,3600.0000,0.0000,Source-driven vendor cost,SHI,CONDITIONAL_FORECAST,BIZ-base-0000435,3,3,2027-03-31,base,FOUNDRY_FIELD,-3600.0000,base-03-COST-HOSTING-FF-019,BUSINESS_DRIVEN_FORECAST,foundry-field,2027
BIZ_DEFERRED,liability,2026-09-09T00:00:00Z,NONCASH_OR_OPENING,0.0000,100000.0000,Monthly service under effective contract version,SHI,CONDITIONAL_FORECAST,BIZ-base-0000436,3,3,2027-03-31,base,FOUNDRY_FIELD,100000.0000,base-03-SUBSCRIPTION_SERVICE-FF-020,BUSINESS_DRIVEN_FORECAST,foundry-field,2027
BIZ_REVENUE,revenue,2026-09-09T00:00:00Z,NONCASH_OR_OPENING,100000.0000,0.0000,Monthly service under effective contract version,SHI,CONDITIONAL_FORECAST,BIZ-base-0000436,3,3,2027-03-31,base,FOUNDRY_FIELD,-100000.0000,base-03-SUBSCRIPTION_SERVICE-FF-020,BUSINESS_DRIVEN_FORECAST,foundry-field,2027
BIZ_DELIVERY,expense,2026-09-09T00:00:00Z,NONCASH_OR_OPENING,0.0000,1800.0000,Source-driven vendor cost,SHI,CONDITIONAL_FORECAST,BIZ-base-0000437,3,3,2027-03-31,base,FOUNDRY_FIELD,1800.0000,base-03-COST-HOSTING-FF-020,BUSINESS_DRIVEN_FORECAST,foundry-field,2027
BIZ_AP,liability,2026-09-09T00:00:00Z,NONCASH_OR_OPENING,1800.0000,0.0000,Source-driven vendor cost,SHI,CONDITIONAL_FORECAST,BIZ-base-0000437,3,3,2027-03-31,base,FOUNDRY_FIELD,-1800.0000,base-03-COST-HOSTING-FF-020,BUSINESS_DRIVEN_FORECAST,foundry-field,2027
BIZ_DEFERRED,liability,2026-09-09T00:00:00Z,NONCASH_OR_OPENING,0.0000,115000.0000,Monthly service under effective contract version,SHI,CONDITIONAL_FORECAST,BIZ-base-0000438,3,3,2027-03-31,base,FOUNDRY_FIELD,115000.0000,base-03-SUBSCRIPTION_SERVICE-FF-021,BUSINESS_DRIVEN_FORECAST,foundry-field,2027
BIZ_REVENUE,revenue,2026-09-09T00:00:00Z,NONCASH_OR_OPENING,115000.0000,0.0000,Monthly service under effective contract version,SHI,CONDITIONAL_FORECAST,BIZ-base-0000438,3,3,2027-03-31,base,FOUNDRY_FIELD,-115000.0000,base-03-SUBSCRIPTION_SERVICE-FF-021,BUSINESS_DRIVEN_FORECAST,foundry-field,2027
BIZ_DELIVERY,expense,2026-09-09T00:00:00Z,NONCASH_OR_OPENING,0.0000,2400.0000,Source-driven vendor cost,SHI,CONDITIONAL_FORECAST,BIZ-base-0000439,3,3,2027-03-31,base,FOUNDRY_FIELD,2400.0000,base-03-COST-HOSTING-FF-021,BUSINESS_DRIVEN_FORECAST,foundry-field,2027
BIZ_AP,liability,2026-09-09T00:00:00Z,NONCASH_OR_OPENING,2400.0000,0.0000,Source-driven vendor cost,SHI,CONDITIONAL_FORECAST,BIZ-base-0000439,3,3,2027-03-31,base,FOUNDRY_FIELD,-2400.0000,base-03-COST-HOSTING-FF-021,BUSINESS_DRIVEN_FORECAST,foundry-field,2027
BIZ_DEFERRED,liability,2026-09-09T00:00:00Z,NONCASH_OR_OPENING,0.0000,130000.0000,Monthly service under effective contract version,SHI,CONDITIONAL_FORECAST,BIZ-base-0000440,3,3,2027-03-31,base,FOUNDRY_FIELD,130000.0000,base-03-SUBSCRIPTION_SERVICE-FF-022,BUSINESS_DRIVEN_FORECAST,foundry-field,2027
BIZ_REVENUE,revenue,2026-09-09T00:00:00Z,NONCASH_OR_OPENING,130000.0000,0.0000,Monthly service under effective contract version,SHI,CONDITIONAL_FORECAST,BIZ-base-0000440,3,3,2027-03-31,base,FOUNDRY_FIELD,-130000.0000,base-03-SUBSCRIPTION_SERVICE-FF-022,BUSINESS_DRIVEN_FORECAST,foundry-field,2027
BIZ_DELIVERY,expense,2026-09-09T00:00:00Z,NONCASH_OR_OPENING,0.0000,3000.0000,Source-driven vendor cost,SHI,CONDITIONAL_FORECAST,BIZ-base-0000441,3,3,2027-03-31,base,FOUNDRY_FIELD,3000.0000,base-03-COST-HOSTING-FF-022,BUSINESS_DRIVEN_FORECAST,foundry-field,2027
BIZ_AP,liability,2026-09-09T00:00:00Z,NONCASH_OR_OPENING,3000.0000,0.0000,Source-driven vendor cost,SHI,CONDITIONAL_FORECAST,BIZ-base-0000441,3,3,2027-03-31,base,FOUNDRY_FIELD,-3000.0000,base-03-COST-HOSTING-FF-022,BUSINESS_DRIVEN_FORECAST,foundry-field,2027
BIZ_DEFERRED,liability,2026-09-09T00:00:00Z,NONCASH_OR_OPENING,0.0000,145000.0000,Monthly service under effective contract version,SHI,CONDITIONAL_FORECAST,BIZ-base-0000442,3,3,2027-03-31,base,FOUNDRY_FIELD,145000.0000,base-03-SUBSCRIPTION_SERVICE-FF-023,BUSINESS_DRIVEN_FORECAST,foundry-field,2027
BIZ_REVENUE,revenue,2026-09-09T00:00:00Z,NONCASH_OR_OPENING,145000.0000,0.0000,Monthly service under effective contract version,SHI,CONDITIONAL_FORECAST,BIZ-base-0000442,3,3,2027-03-31,base,FOUNDRY_FIELD,-145000.0000,base-03-SUBSCRIPTION_SERVICE-FF-023,BUSINESS_DRIVEN_FORECAST,foundry-field,2027
BIZ_DELIVERY,expense,2026-09-09T00:00:00Z,NONCASH_OR_OPENING,0.0000,3600.0000,Source-driven vendor cost,SHI,CONDITIONAL_FORECAST,BIZ-base-0000443,3,3,2027-03-31,base,FOUNDRY_FIELD,3600.0000,base-03-COST-HOSTING-FF-023,BUSINESS_DRIVEN_FORECAST,foundry-field,2027
BIZ_AP,liability,2026-09-09T00:00:00Z,NONCASH_OR_OPENING,3600.0000,0.0000,Source-driven vendor cost,SHI,CONDITIONAL_FORECAST,BIZ-base-0000443,3,3,2027-03-31,base,FOUNDRY_FIELD,-3600.0000,base-03-COST-HOSTING-FF-023,BUSINESS_DRIVEN_FORECAST,foundry-field,2027
BIZ_DEFERRED,liability,2026-09-09T00:00:00Z,NONCASH_OR_OPENING,0.0000,160000.0000,Monthly service under effective contract version,SHI,CONDITIONAL_FORECAST,BIZ-base-0000444,3,3,2027-03-31,base,FOUNDRY_FIELD,160000.0000,base-03-SUBSCRIPTION_SERVICE-FF-024,BUSINESS_DRIVEN_FORECAST,foundry-field,2027
BIZ_REVENUE,revenue,2026-09-09T00:00:00Z,NONCASH_OR_OPENING,160000.0000,0.0000,Monthly service under effective contract version,SHI,CONDITIONAL_FORECAST,BIZ-base-0000444,3,3,2027-03-31,base,FOUNDRY_FIELD,-160000.0000,base-03-SUBSCRIPTION_SERVICE-FF-024,BUSINESS_DRIVEN_FORECAST,foundry-field,2027
BIZ_DELIVERY,expense,2026-09-09T00:00:00Z,NONCASH_OR_OPENING,0.0000,1800.0000,Source-driven vendor cost,SHI,CONDITIONAL_FORECAST,BIZ-base-0000445,3,3,2027-03-31,base,FOUNDRY_FIELD,1800.0000,base-03-COST-HOSTING-FF-024,BUSINESS_DRIVEN_FORECAST,foundry-field,2027
BIZ_AP,liability,2026-09-09T00:00:00Z,NONCASH_OR_OPENING,1800.0000,0.0000,Source-driven vendor cost,SHI,CONDITIONAL_FORECAST,BIZ-base-0000445,3,3,2027-03-31,base,FOUNDRY_FIELD,-1800.0000,base-03-COST-HOSTING-FF-024,BUSINESS_DRIVEN_FORECAST,foundry-field,2027
BIZ_DEFERRED,liability,2026-09-09T00:00:00Z,NONCASH_OR_OPENING,0.0000,100000.0000,Monthly service under effective contract version,SHI,CONDITIONAL_FORECAST,BIZ-base-0000446,3,3,2027-03-31,base,FOUNDRY_FIELD,100000.0000,base-03-SUBSCRIPTION_SERVICE-FF-025,BUSINESS_DRIVEN_FORECAST,foundry-field,2027
BIZ_REVENUE,revenue,2026-09-09T00:00:00Z,NONCASH_OR_OPENING,100000.0000,0.0000,Monthly service under effective contract version,SHI,CONDITIONAL_FORECAST,BIZ-base-0000446,3,3,2027-03-31,base,FOUNDRY_FIELD,-100000.0000,base-03-SUBSCRIPTION_SERVICE-FF-025,BUSINESS_DRIVEN_FORECAST,foundry-field,2027
BIZ_DELIVERY,expense,2026-09-09T00:00:00Z,NONCASH_OR_OPENING,0.0000,2400.0000,Source-driven vendor cost,SHI,CONDITIONAL_FORECAST,BIZ-base-0000447,3,3,2027-03-31,base,FOUNDRY_FIELD,2400.0000,base-03-COST-HOSTING-FF-025,BUSINESS_DRIVEN_FORECAST,foundry-field,2027
BIZ_AP,liability,2026-09-09T00:00:00Z,NONCASH_OR_OPENING,2400.0000,0.0000,Source-driven vendor cost,SHI,CONDITIONAL_FORECAST,BIZ-base-0000447,3,3,2027-03-31,base,FOUNDRY_FIELD,-2400.0000,base-03-COST-HOSTING-FF-025,BUSINESS_DRIVEN_FORECAST,foundry-field,2027
BIZ_DEFERRED,liability,2026-09-09T00:00:00Z,NONCASH_OR_OPENING,0.0000,115000.0000,Monthly service under effective contract version,SHI,CONDITIONAL_FORECAST,BIZ-base-0000448,3,3,2027-03-31,base,FOUNDRY_FIELD,115000.0000,base-03-SUBSCRIPTION_SERVICE-FF-026,BUSINESS_DRIVEN_FORECAST,foundry-field,2027
BIZ_REVENUE,revenue,2026-09-09T00:00:00Z,NONCASH_OR_OPENING,115000.0000,0.0000,Monthly service under effective contract version,SHI,CONDITIONAL_FORECAST,BIZ-base-0000448,3,3,2027-03-31,base,FOUNDRY_FIELD,-115000.0000,base-03-SUBSCRIPTION_SERVICE-FF-026,BUSINESS_DRIVEN_FORECAST,foundry-field,2027
BIZ_DELIVERY,expense,2026-09-09T00:00:00Z,NONCASH_OR_OPENING,0.0000,3000.0000,Source-driven vendor cost,SHI,CONDITIONAL_FORECAST,BIZ-base-0000449,3,3,2027-03-31,base,FOUNDRY_FIELD,3000.0000,base-03-COST-HOSTING-FF-026,BUSINESS_DRIVEN_FORECAST,foundry-field,2027
BIZ_AP,liability,2026-09-09T00:00:00Z,NONCASH_OR_OPENING,3000.0000,0.0000,Source-driven vendor cost,SHI,CONDITIONAL_FORECAST,BIZ-base-0000449,3,3,2027-03-31,base,FOUNDRY_FIELD,-3000.0000,base-03-COST-HOSTING-FF-026,BUSINESS_DRIVEN_FORECAST,foundry-field,2027
BIZ_DEFERRED,liability,2026-09-09T00:00:00Z,NONCASH_OR_OPENING,0.0000,130000.0000,Monthly service under effective contract version,SHI,CONDITIONAL_FORECAST,BIZ-base-0000450,3,3,2027-03-31,base,FOUNDRY_FIELD,130000.0000,base-03-SUBSCRIPTION_SERVICE-FF-027,BUSINESS_DRIVEN_FORECAST,foundry-field,2027
BIZ_REVENUE,revenue,2026-09-09T00:00:00Z,NONCASH_OR_OPENING,130000.0000,0.0000,Monthly service under effective contract version,SHI,CONDITIONAL_FORECAST,BIZ-base-0000450,3,3,2027-03-31,base,FOUNDRY_FIELD,-130000.0000,base-03-SUBSCRIPTION_SERVICE-FF-027,BUSINESS_DRIVEN_FORECAST,foundry-field,2027
BIZ_DELIVERY,expense,2026-09-09T00:00:00Z,NONCASH_OR_OPENING,0.0000,3600.0000,Source-driven vendor cost,SHI,CONDITIONAL_FORECAST,BIZ-base-0000451,3,3,2027-03-31,base,FOUNDRY_FIELD,3600.0000,base-03-COST-HOSTING-FF-027,BUSINESS_DRIVEN_FORECAST,foundry-field,2027
BIZ_AP,liability,2026-09-09T00:00:00Z,NONCASH_OR_OPENING,3600.0000,0.0000,Source-driven vendor cost,SHI,CONDITIONAL_FORECAST,BIZ-base-0000451,3,3,2027-03-31,base,FOUNDRY_FIELD,-3600.0000,base-03-COST-HOSTING-FF-027,BUSINESS_DRIVEN_FORECAST,foundry-field,2027
BIZ_DEFERRED,liability,2026-09-09T00:00:00Z,NONCASH_OR_OPENING,0.0000,145000.0000,Monthly service under effective contract version,SHI,CONDITIONAL_FORECAST,BIZ-base-0000452,3,3,2027-03-31,base,FOUNDRY_FIELD,145000.0000,base-03-SUBSCRIPTION_SERVICE-FF-028,BUSINESS_DRIVEN_FORECAST,foundry-field,2027
BIZ_REVENUE,revenue,2026-09-09T00:00:00Z,NONCASH_OR_OPENING,145000.0000,0.0000,Monthly service under effective contract version,SHI,CONDITIONAL_FORECAST,BIZ-base-0000452,3,3,2027-03-31,base,FOUNDRY_FIELD,-145000.0000,base-03-SUBSCRIPTION_SERVICE-FF-028,BUSINESS_DRIVEN_FORECAST,foundry-field,2027
BIZ_DELIVERY,expense,2026-09-09T00:00:00Z,NONCASH_OR_OPENING,0.0000,1800.0000,Source-driven vendor cost,SHI,CONDITIONAL_FORECAST,BIZ-base-0000453,3,3,2027-03-31,base,FOUNDRY_FIELD,1800.0000,base-03-COST-HOSTING-FF-028,BUSINESS_DRIVEN_FORECAST,foundry-field,2027
BIZ_AP,liability,2026-09-09T00:00:00Z,NONCASH_OR_OPENING,1800.0000,0.0000,Source-driven vendor cost,SHI,CONDITIONAL_FORECAST,BIZ-base-0000453,3,3,2027-03-31,base,FOUNDRY_FIELD,-1800.0000,base-03-COST-HOSTING-FF-028,BUSINESS_DRIVEN_FORECAST,foundry-field,2027
BIZ_DEFERRED,liability,2026-09-09T00:00:00Z,NONCASH_OR_OPENING,0.0000,160000.0000,Monthly service under effective contract version,SHI,CONDITIONAL_FORECAST,BIZ-base-0000454,3,3,2027-03-31,base,FOUNDRY_FIELD,160000.0000,base-03-SUBSCRIPTION_SERVICE-FF-029,BUSINESS_DRIVEN_FORECAST,foundry-field,2027
BIZ_REVENUE,revenue,2026-09-09T00:00:00Z,NONCASH_OR_OPENING,160000.0000,0.0000,Monthly service under effective contract version,SHI,CONDITIONAL_FORECAST,BIZ-base-0000454,3,3,2027-03-31,base,FOUNDRY_FIELD,-160000.0000,base-03-SUBSCRIPTION_SERVICE-FF-029,BUSINESS_DRIVEN_FORECAST,foundry-field,2027
BIZ_DELIVERY,expense,2026-09-09T00:00:00Z,NONCASH_OR_OPENING,0.0000,2400.0000,Source-driven vendor cost,SHI,CONDITIONAL_FORECAST,BIZ-base-0000455,3,3,2027-03-31,base,FOUNDRY_FIELD,2400.0000,base-03-COST-HOSTING-FF-029,BUSINESS_DRIVEN_FORECAST,foundry-field,2027
BIZ_AP,liability,2026-09-09T00:00:00Z,NONCASH_OR_OPENING,2400.0000,0.0000,Source-driven vendor cost,SHI,CONDITIONAL_FORECAST,BIZ-base-0000455,3,3,2027-03-31,base,FOUNDRY_FIELD,-2400.0000,base-03-COST-HOSTING-FF-029,BUSINESS_DRIVEN_FORECAST,foundry-field,2027
BIZ_DEFERRED,liability,2026-09-09T00:00:00Z,NONCASH_OR_OPENING,0.0000,100000.0000,Monthly service under effective contract version,SHI,CONDITIONAL_FORECAST,BIZ-base-0000456,3,3,2027-03-31,base,FOUNDRY_FIELD,100000.0000,base-03-SUBSCRIPTION_SERVICE-FF-030,BUSINESS_DRIVEN_FORECAST,foundry-field,2027
BIZ_REVENUE,revenue,2026-09-09T00:00:00Z,NONCASH_OR_OPENING,100000.0000,0.0000,Monthly service under effective contract version,SHI,CONDITIONAL_FORECAST,BIZ-base-0000456,3,3,2027-03-31,base,FOUNDRY_FIELD,-100000.0000,base-03-SUBSCRIPTION_SERVICE-FF-030,BUSINESS_DRIVEN_FORECAST,foundry-field,2027
BIZ_DELIVERY,expense,2026-09-09T00:00:00Z,NONCASH_OR_OPENING,0.0000,3000.0000,Source-driven vendor cost,SHI,CONDITIONAL_FORECAST,BIZ-base-0000457,3,3,2027-03-31,base,FOUNDRY_FIELD,3000.0000,base-03-COST-HOSTING-FF-030,BUSINESS_DRIVEN_FORECAST,foundry-field,2027
BIZ_AP,liability,2026-09-09T00:00:00Z,NONCASH_OR_OPENING,3000.0000,0.0000,Source-driven vendor cost,SHI,CONDITIONAL_FORECAST,BIZ-base-0000457,3,3,2027-03-31,base,FOUNDRY_FIELD,-3000.0000,base-03-COST-HOSTING-FF-030,BUSINESS_DRIVEN_FORECAST,foundry-field,2027
BIZ_DEFERRED,liability,2026-09-09T00:00:00Z,NONCASH_OR_OPENING,0.0000,115000.0000,Monthly service under effective contract version,SHI,CONDITIONAL_FORECAST,BIZ-base-0000458,3,3,2027-03-31,base,FOUNDRY_FIELD,115000.0000,base-03-SUBSCRIPTION_SERVICE-FF-031,BUSINESS_DRIVEN_FORECAST,foundry-field,2027
BIZ_REVENUE,revenue,2026-09-09T00:00:00Z,NONCASH_OR_OPENING,115000.0000,0.0000,Monthly service under effective contract version,SHI,CONDITIONAL_FORECAST,BIZ-base-0000458,3,3,2027-03-31,base,FOUNDRY_FIELD,-115000.0000,base-03-SUBSCRIPTION_SERVICE-FF-031,BUSINESS_DRIVEN_FORECAST,foundry-field,2027
BIZ_DELIVERY,expense,2026-09-09T00:00:00Z,NONCASH_OR_OPENING,0.0000,3600.0000,Source-driven vendor cost,SHI,CONDITIONAL_FORECAST,BIZ-base-0000459,3,3,2027-03-31,base,FOUNDRY_FIELD,3600.0000,base-03-COST-HOSTING-FF-031,BUSINESS_DRIVEN_FORECAST,foundry-field,2027
BIZ_AP,liability,2026-09-09T00:00:00Z,NONCASH_OR_OPENING,3600.0000,0.0000,Source-driven vendor cost,SHI,CONDITIONAL_FORECAST,BIZ-base-0000459,3,3,2027-03-31,base,FOUNDRY_FIELD,-3600.0000,base-03-COST-HOSTING-FF-031,BUSINESS_DRIVEN_FORECAST,foundry-field,2027
BIZ_DEFERRED,liability,2026-09-09T00:00:00Z,NONCASH_OR_OPENING,0.0000,130000.0000,Monthly service under effective contract version,SHI,CONDITIONAL_FORECAST,BIZ-base-0000460,3,3,2027-03-31,base,FOUNDRY_FIELD,130000.0000,base-03-SUBSCRIPTION_SERVICE-FF-032,BUSINESS_DRIVEN_FORECAST,foundry-field,2027
BIZ_REVENUE,revenue,2026-09-09T00:00:00Z,NONCASH_OR_OPENING,130000.0000,0.0000,Monthly service under effective contract version,SHI,CONDITIONAL_FORECAST,BIZ-base-0000460,3,3,2027-03-31,base,FOUNDRY_FIELD,-130000.0000,base-03-SUBSCRIPTION_SERVICE-FF-032,BUSINESS_DRIVEN_FORECAST,foundry-field,2027
BIZ_DELIVERY,expense,2026-09-09T00:00:00Z,NONCASH_OR_OPENING,0.0000,1800.0000,Source-driven vendor cost,SHI,CONDITIONAL_FORECAST,BIZ-base-0000461,3,3,2027-03-31,base,FOUNDRY_FIELD,1800.0000,base-03-COST-HOSTING-FF-032,BUSINESS_DRIVEN_FORECAST,foundry-field,2027
BIZ_AP,liability,2026-09-09T00:00:00Z,NONCASH_OR_OPENING,1800.0000,0.0000,Source-driven vendor cost,SHI,CONDITIONAL_FORECAST,BIZ-base-0000461,3,3,2027-03-31,base,FOUNDRY_FIELD,-1800.0000,base-03-COST-HOSTING-FF-032,BUSINESS_DRIVEN_FORECAST,foundry-field,2027
BIZ_DEFERRED,liability,2026-09-09T00:00:00Z,NONCASH_OR_OPENING,0.0000,145000.0000,Monthly service under effective contract version,SHI,CONDITIONAL_FORECAST,BIZ-base-0000462,3,3,2027-03-31,base,FOUNDRY_FIELD,145000.0000,base-03-SUBSCRIPTION_SERVICE-FF-033,BUSINESS_DRIVEN_FORECAST,foundry-field,2027
BIZ_REVENUE,revenue,2026-09-09T00:00:00Z,NONCASH_OR_OPENING,145000.0000,0.0000,Monthly service under effective contract version,SHI,CONDITIONAL_FORECAST,BIZ-base-0000462,3,3,2027-03-31,base,FOUNDRY_FIELD,-145000.0000,base-03-SUBSCRIPTION_SERVICE-FF-033,BUSINESS_DRIVEN_FORECAST,foundry-field,2027
BIZ_DELIVERY,expense,2026-09-09T00:00:00Z,NONCASH_OR_OPENING,0.0000,2400.0000,Source-driven vendor cost,SHI,CONDITIONAL_FORECAST,BIZ-base-0000463,3,3,2027-03-31,base,FOUNDRY_FIELD,2400.0000,base-03-COST-HOSTING-FF-033,BUSINESS_DRIVEN_FORECAST,foundry-field,2027
BIZ_AP,liability,2026-09-09T00:00:00Z,NONCASH_OR_OPENING,2400.0000,0.0000,Source-driven vendor cost,SHI,CONDITIONAL_FORECAST,BIZ-base-0000463,3,3,2027-03-31,base,FOUNDRY_FIELD,-2400.0000,base-03-COST-HOSTING-FF-033,BUSINESS_DRIVEN_FORECAST,foundry-field,2027
BIZ_DEFERRED,liability,2026-09-09T00:00:00Z,NONCASH_OR_OPENING,0.0000,160000.0000,Monthly service under effective contract version,SHI,CONDITIONAL_FORECAST,BIZ-base-0000464,3,3,2027-03-31,base,FOUNDRY_FIELD,160000.0000,base-03-SUBSCRIPTION_SERVICE-FF-034,BUSINESS_DRIVEN_FORECAST,foundry-field,2027
BIZ_REVENUE,revenue,2026-09-09T00:00:00Z,NONCASH_OR_OPENING,160000.0000,0.0000,Monthly service under effective contract version,SHI,CONDITIONAL_FORECAST,BIZ-base-0000464,3,3,2027-03-31,base,FOUNDRY_FIELD,-160000.0000,base-03-SUBSCRIPTION_SERVICE-FF-034,BUSINESS_DRIVEN_FORECAST,foundry-field,2027
BIZ_DELIVERY,expense,2026-09-09T00:00:00Z,NONCASH_OR_OPENING,0.0000,3000.0000,Source-driven vendor cost,SHI,CONDITIONAL_FORECAST,BIZ-base-0000465,3,3,2027-03-31,base,FOUNDRY_FIELD,3000.0000,base-03-COST-HOSTING-FF-034,BUSINESS_DRIVEN_FORECAST,foundry-field,2027
BIZ_AP,liability,2026-09-09T00:00:00Z,NONCASH_OR_OPENING,3000.0000,0.0000,Source-driven vendor cost,SHI,CONDITIONAL_FORECAST,BIZ-base-0000465,3,3,2027-03-31,base,FOUNDRY_FIELD,-3000.0000,base-03-COST-HOSTING-FF-034,BUSINESS_DRIVEN_FORECAST,foundry-field,2027
BIZ_DEFERRED,liability,2026-09-09T00:00:00Z,NONCASH_OR_OPENING,0.0000,100000.0000,Monthly service under effective contract version,SHI,CONDITIONAL_FORECAST,BIZ-base-0000466,3,3,2027-03-31,base,FOUNDRY_FIELD,100000.0000,base-03-SUBSCRIPTION_SERVICE-FF-035,BUSINESS_DRIVEN_FORECAST,foundry-field,2027
BIZ_REVENUE,revenue,2026-09-09T00:00:00Z,NONCASH_OR_OPENING,100000.0000,0.0000,Monthly service under effective contract version,SHI,CONDITIONAL_FORECAST,BIZ-base-0000466,3,3,2027-03-31,base,FOUNDRY_FIELD,-100000.0000,base-03-SUBSCRIPTION_SERVICE-FF-035,BUSINESS_DRIVEN_FORECAST,foundry-field,2027
BIZ_DELIVERY,expense,2026-09-09T00:00:00Z,NONCASH_OR_OPENING,0.0000,3600.0000,Source-driven vendor cost,SHI,CONDITIONAL_FORECAST,BIZ-base-0000467,3,3,2027-03-31,base,FOUNDRY_FIELD,3600.0000,base-03-COST-HOSTING-FF-035,BUSINESS_DRIVEN_FORECAST,foundry-field,2027
BIZ_AP,liability,2026-09-09T00:00:00Z,NONCASH_OR_OPENING,3600.0000,0.0000,Source-driven vendor cost,SHI,CONDITIONAL_FORECAST,BIZ-base-0000467,3,3,2027-03-31,base,FOUNDRY_FIELD,-3600.0000,base-03-COST-HOSTING-FF-035,BUSINESS_DRIVEN_FORECAST,foundry-field,2027
BIZ_DEFERRED,liability,2026-09-09T00:00:00Z,NONCASH_OR_OPENING,0.0000,115000.0000,Monthly service under effective contract version,SHI,CONDITIONAL_FORECAST,BIZ-base-0000468,3,3,2027-03-31,base,FOUNDRY_FIELD,115000.0000,base-03-SUBSCRIPTION_SERVICE-FF-036,BUSINESS_DRIVEN_FORECAST,foundry-field,2027
BIZ_REVENUE,revenue,2026-09-09T00:00:00Z,NONCASH_OR_OPENING,115000.0000,0.0000,Monthly service under effective contract version,SHI,CONDITIONAL_FORECAST,BIZ-base-0000468,3,3,2027-03-31,base,FOUNDRY_FIELD,-115000.0000,base-03-SUBSCRIPTION_SERVICE-FF-036,BUSINESS_DRIVEN_FORECAST,foundry-field,2027
BIZ_DELIVERY,expense,2026-09-09T00:00:00Z,NONCASH_OR_OPENING,0.0000,1800.0000,Source-driven vendor cost,SHI,CONDITIONAL_FORECAST,BIZ-base-0000469,3,3,2027-03-31,base,FOUNDRY_FIELD,1800.0000,base-03-COST-HOSTING-FF-036,BUSINESS_DRIVEN_FORECAST,foundry-field,2027
BIZ_AP,liability,2026-09-09T00:00:00Z,NONCASH_OR_OPENING,1800.0000,0.0000,Source-driven vendor cost,SHI,CONDITIONAL_FORECAST,BIZ-base-0000469,3,3,2027-03-31,base,FOUNDRY_FIELD,-1800.0000,base-03-COST-HOSTING-FF-036,BUSINESS_DRIVEN_FORECAST,foundry-field,2027
BIZ_CREDIT_LOSS,expense,2026-09-09T00:00:00Z,NONCASH_OR_OPENING,1665000.0000,0.0000,"Explicit expected credit-loss estimate, not observed customer default",SHI,CONDITIONAL_FORECAST,BIZ-base-0000513,3,3,2027-03-31,base,FOUNDRY_FIELD,-1665000.0000,base-03-MONTH_END_ESTIMATE-foundry-field,BUSINESS_DRIVEN_FORECAST,foundry-field,2027
BIZ_ALLOWANCE,asset,2026-09-09T00:00:00Z,NONCASH_OR_OPENING,0.0000,1665000.0000,"Explicit expected credit-loss estimate, not observed customer default",SHI,CONDITIONAL_FORECAST,BIZ-base-0000513,3,3,2027-03-31,base,FOUNDRY_FIELD,1665000.0000,base-03-MONTH_END_ESTIMATE-foundry-field,BUSINESS_DRIVEN_FORECAST,foundry-field,2027
BIZ_CREDIT_LOSS,expense,2026-09-09T00:00:00Z,NONCASH_OR_OPENING,0.0000,1709160.0000,Invoice-specific synthetic graded expected-credit-loss estimate,SHI,CONDITIONAL_FORECAST,BIZ-base-0000517,3,3,2027-03-31,base,FOUNDRY_FIELD,1709160.0000,base-03-CREDIT_RISK_ESTIMATE-foundry-field,BUSINESS_DRIVEN_FORECAST,foundry-field,2027
BIZ_ALLOWANCE,asset,2026-09-09T00:00:00Z,NONCASH_OR_OPENING,1709160.0000,0.0000,Invoice-specific synthetic graded expected-credit-loss estimate,SHI,CONDITIONAL_FORECAST,BIZ-base-0000517,3,3,2027-03-31,base,FOUNDRY_FIELD,-1709160.0000,base-03-CREDIT_RISK_ESTIMATE-foundry-field,BUSINESS_DRIVEN_FORECAST,foundry-field,2027
1000,asset,2026-09-09T00:00:00Z,OPERATING,0.0000,552000.0000,Modeled customer receipt,SHI,CONDITIONAL_FORECAST,BIZ-base-0000518,4,4,2027-04-30,base,FOUNDRY_FIELD,552000.0000,base-04-COLLECTION-INV-base-FF-001-TERM-0,BUSINESS_DRIVEN_FORECAST,foundry-field,2027
BIZ_AR,asset,2026-09-09T00:00:00Z,NONCASH_OR_OPENING,552000.0000,0.0000,Modeled customer receipt,SHI,CONDITIONAL_FORECAST,BIZ-base-0000518,4,4,2027-04-30,base,FOUNDRY_FIELD,-552000.0000,base-04-COLLECTION-INV-base-FF-001-TERM-0,BUSINESS_DRIVEN_FORECAST,foundry-field,2027
BIZ_AP,liability,2026-09-09T00:00:00Z,NONCASH_OR_OPENING,0.0000,2400.0000,Scheduled vendor cash request; treasury shortfalls separately reported,SHI,CONDITIONAL_FORECAST,BIZ-base-0000527,4,4,2027-04-30,base,FOUNDRY_FIELD,2400.0000,base-04-PAYMENT_REQUEST-AP-base-3-HOSTING-FF-001,BUSINESS_DRIVEN_FORECAST,foundry-field,2027
1000,asset,2026-09-09T00:00:00Z,OPERATING,2400.0000,0.0000,Scheduled vendor cash request; treasury shortfalls separately reported,SHI,CONDITIONAL_FORECAST,BIZ-base-0000527,4,4,2027-04-30,base,FOUNDRY_FIELD,-2400.0000,base-04-PAYMENT_REQUEST-AP-base-3-HOSTING-FF-001,BUSINESS_DRIVEN_FORECAST,foundry-field,2027
BIZ_AP,liability,2026-09-09T00:00:00Z,NONCASH_OR_OPENING,0.0000,3000.0000,Scheduled vendor cash request; treasury shortfalls separately reported,SHI,CONDITIONAL_FORECAST,BIZ-base-0000528,4,4,2027-04-30,base,FOUNDRY_FIELD,3000.0000,base-04-PAYMENT_REQUEST-AP-base-3-HOSTING-FF-002,BUSINESS_DRIVEN_FORECAST,foundry-field,2027
1000,asset,2026-09-09T00:00:00Z,OPERATING,3000.0000,0.0000,Scheduled vendor cash request; treasury shortfalls separately reported,SHI,CONDITIONAL_FORECAST,BIZ-base-0000528,4,4,2027-04-30,base,FOUNDRY_FIELD,-3000.0000,base-04-PAYMENT_REQUEST-AP-base-3-HOSTING-FF-002,BUSINESS_DRIVEN_FORECAST,foundry-field,2027
BIZ_AP,liability,2026-09-09T00:00:00Z,NONCASH_OR_OPENING,0.0000,3600.0000,Scheduled vendor cash request; treasury shortfalls separately reported,SHI,CONDITIONAL_FORECAST,BIZ-base-0000529,4,4,2027-04-30,base,FOUNDRY_FIELD,3600.0000,base-04-PAYMENT_REQUEST-AP-base-3-HOSTING-FF-003,BUSINESS_DRIVEN_FORECAST,foundry-field,2027
1000,asset,2026-09-09T00:00:00Z,OPERATING,3600.0000,0.0000,Scheduled vendor cash request; treasury shortfalls separately reported,SHI,CONDITIONAL_FORECAST,BIZ-base-0000529,4,4,2027-04-30,base,FOUNDRY_FIELD,-3600.0000,base-04-PAYMENT_REQUEST-AP-base-3-HOSTING-FF-003,BUSINESS_DRIVEN_FORECAST,foundry-field,2027
BIZ_AP,liability,2026-09-09T00:00:00Z,NONCASH_OR_OPENING,0.0000,1800.0000,Scheduled vendor cash request; treasury shortfalls separately reported,SHI,CONDITIONAL_FORECAST,BIZ-base-0000530,4,4,2027-04-30,base,FOUNDRY_FIELD,1800.0000,base-04-PAYMENT_REQUEST-AP-base-3-HOSTING-FF-004,BUSINESS_DRIVEN_FORECAST,foundry-field,2027
1000,asset,2026-09-09T00:00:00Z,OPERATING,1800.0000,0.0000,Scheduled vendor cash request; treasury shortfalls separately reported,SHI,CONDITIONAL_FORECAST,BIZ-base-0000530,4,4,2027-04-30,base,FOUNDRY_FIELD,-1800.0000,base-04-PAYMENT_REQUEST-AP-base-3-HOSTING-FF-004,BUSINESS_DRIVEN_FORECAST,foundry-field,2027
BIZ_AP,liability,2026-09-09T00:00:00Z,NONCASH_OR_OPENING,0.0000,2400.0000,Scheduled vendor cash request; treasury shortfalls separately reported,SHI,CONDITIONAL_FORECAST,BIZ-base-0000531,4,4,2027-04-30,base,FOUNDRY_FIELD,2400.0000,base-04-PAYMENT_REQUEST-AP-base-3-HOSTING-FF-005,BUSINESS_DRIVEN_FORECAST,foundry-field,2027
1000,asset,2026-09-09T00:00:00Z,OPERATING,2400.0000,0.0000,Scheduled vendor cash request; treasury shortfalls separately reported,SHI,CONDITIONAL_FORECAST,BIZ-base-0000531,4,4,2027-04-30,base,FOUNDRY_FIELD,-2400.0000,base-04-PAYMENT_REQUEST-AP-base-3-HOSTING-FF-005,BUSINESS_DRIVEN_FORECAST,foundry-field,2027
BIZ_AP,liability,2026-09-09T00:00:00Z,NONCASH_OR_OPENING,0.0000,3000.0000,Scheduled vendor cash request; treasury shortfalls separately reported,SHI,CONDITIONAL_FORECAST,BIZ-base-0000532,4,4,2027-04-30,base,FOUNDRY_FIELD,3000.0000,base-04-PAYMENT_REQUEST-AP-base-3-HOSTING-FF-006,BUSINESS_DRIVEN_FORECAST,foundry-field,2027
1000,asset,2026-09-09T00:00:00Z,OPERATING,3000.0000,0.0000,Scheduled vendor cash request; treasury shortfalls separately reported,SHI,CONDITIONAL_FORECAST,BIZ-base-0000532,4,4,2027-04-30,base,FOUNDRY_FIELD,-3000.0000,base-04-PAYMENT_REQUEST-AP-base-3-HOSTING-FF-006,BUSINESS_DRIVEN_FORECAST,foundry-field,2027
BIZ_AP,liability,2026-09-09T00:00:00Z,NONCASH_OR_OPENING,0.0000,3600.0000,Scheduled vendor cash request; treasury shortfalls separately reported,SHI,CONDITIONAL_FORECAST,BIZ-base-0000533,4,4,2027-04-30,base,FOUNDRY_FIELD,3600.0000,base-04-PAYMENT_REQUEST-AP-base-3-HOSTING-FF-007,BUSINESS_DRIVEN_FORECAST,foundry-field,2027
1000,asset,2026-09-09T00:00:00Z,OPERATING,3600.0000,0.0000,Scheduled vendor cash request; treasury shortfalls separately reported,SHI,CONDITIONAL_FORECAST,BIZ-base-0000533,4,4,2027-04-30,base,FOUNDRY_FIELD,-3600.0000,base-04-PAYMENT_REQUEST-AP-base-3-HOSTING-FF-007,BUSINESS_DRIVEN_FORECAST,foundry-field,2027
BIZ_AP,liability,2026-09-09T00:00:00Z,NONCASH_OR_OPENING,0.0000,1800.0000,Scheduled vendor cash request; treasury shortfalls separately reported,SHI,CONDITIONAL_FORECAST,BIZ-base-0000534,4,4,2027-04-30,base,FOUNDRY_FIELD,1800.0000,base-04-PAYMENT_REQUEST-AP-base-3-HOSTING-FF-008,BUSINESS_DRIVEN_FORECAST,foundry-field,2027
1000,asset,2026-09-09T00:00:00Z,OPERATING,1800.0000,0.0000,Scheduled vendor cash request; treasury shortfalls separately reported,SHI,CONDITIONAL_FORECAST,BIZ-base-0000534,4,4,2027-04-30,base,FOUNDRY_FIELD,-1800.0000,base-04-PAYMENT_REQUEST-AP-base-3-HOSTING-FF-008,BUSINESS_DRIVEN_FORECAST,foundry-field,2027
BIZ_AP,liability,2026-09-09T00:00:00Z,NONCASH_OR_OPENING,0.0000,2400.0000,Scheduled vendor cash request; treasury shortfalls separately reported,SHI,CONDITIONAL_FORECAST,BIZ-base-0000535,4,4,2027-04-30,base,FOUNDRY_FIELD,2400.0000,base-04-PAYMENT_REQUEST-AP-base-3-HOSTING-FF-009,BUSINESS_DRIVEN_FORECAST,foundry-field,2027
1000,asset,2026-09-09T00:00:00Z,OPERATING,2400.0000,0.0000,Scheduled vendor cash request; treasury shortfalls separately reported,SHI,CONDITIONAL_FORECAST,BIZ-base-0000535,4,4,2027-04-30,base,FOUNDRY_FIELD,-2400.0000,base-04-PAYMENT_REQUEST-AP-base-3-HOSTING-FF-009,BUSINESS_DRIVEN_FORECAST,foundry-field,2027
BIZ_AP,liability,2026-09-09T00:00:00Z,NONCASH_OR_OPENING,0.0000,3000.0000,Scheduled vendor cash request; treasury shortfalls separately reported,SHI,CONDITIONAL_FORECAST,BIZ-base-0000536,4,4,2027-04-30,base,FOUNDRY_FIELD,3000.0000,base-04-PAYMENT_REQUEST-AP-base-3-HOSTING-FF-010,BUSINESS_DRIVEN_FORECAST,foundry-field,2027
1000,asset,2026-09-09T00:00:00Z,OPERATING,3000.0000,0.0000,Scheduled vendor cash request; treasury shortfalls separately reported,SHI,CONDITIONAL_FORECAST,BIZ-base-0000536,4,4,2027-04-30,base,FOUNDRY_FIELD,-3000.0000,base-04-PAYMENT_REQUEST-AP-base-3-HOSTING-FF-010,BUSINESS_DRIVEN_FORECAST,foundry-field,2027
BIZ_AP,liability,2026-09-09T00:00:00Z,NONCASH_OR_OPENING,0.0000,3600.0000,Scheduled vendor cash request; treasury shortfalls separately reported,SHI,CONDITIONAL_FORECAST,BIZ-base-0000537,4,4,2027-04-30,base,FOUNDRY_FIELD,3600.0000,base-04-PAYMENT_REQUEST-AP-base-3-HOSTING-FF-011,BUSINESS_DRIVEN_FORECAST,foundry-field,2027
1000,asset,2026-09-09T00:00:00Z,OPERATING,3600.0000,0.0000,Scheduled vendor cash request; treasury shortfalls separately reported,SHI,CONDITIONAL_FORECAST,BIZ-base-0000537,4,4,2027-04-30,base,FOUNDRY_FIELD,-3600.0000,base-04-PAYMENT_REQUEST-AP-base-3-HOSTING-FF-011,BUSINESS_DRIVEN_FORECAST,foundry-field,2027
BIZ_AP,liability,2026-09-09T00:00:00Z,NONCASH_OR_OPENING,0.0000,1800.0000,Scheduled vendor cash request; treasury shortfalls separately reported,SHI,CONDITIONAL_FORECAST,BIZ-base-0000538,4,4,2027-04-30,base,FOUNDRY_FIELD,1800.0000,base-04-PAYMENT_REQUEST-AP-base-3-HOSTING-FF-012,BUSINESS_DRIVEN_FORECAST,foundry-field,2027
1000,asset,2026-09-09T00:00:00Z,OPERATING,1800.0000,0.0000,Scheduled vendor cash request; treasury shortfalls separately reported,SHI,CONDITIONAL_FORECAST,BIZ-base-0000538,4,4,2027-04-30,base,FOUNDRY_FIELD,-1800.0000,base-04-PAYMENT_REQUEST-AP-base-3-HOSTING-FF-012,BUSINESS_DRIVEN_FORECAST,foundry-field,2027
BIZ_AP,liability,2026-09-09T00:00:00Z,NONCASH_OR_OPENING,0.0000,2400.0000,Scheduled vendor cash request; treasury shortfalls separately reported,SHI,CONDITIONAL_FORECAST,BIZ-base-0000539,4,4,2027-04-30,base,FOUNDRY_FIELD,2400.0000,base-04-PAYMENT_REQUEST-AP-base-3-HOSTING-FF-013,BUSINESS_DRIVEN_FORECAST,foundry-field,2027
1000,asset,2026-09-09T00:00:00Z,OPERATING,2400.0000,0.0000,Scheduled vendor cash request; treasury shortfalls separately reported,SHI,CONDITIONAL_FORECAST,BIZ-base-0000539,4,4,2027-04-30,base,FOUNDRY_FIELD,-2400.0000,base-04-PAYMENT_REQUEST-AP-base-3-HOSTING-FF-013,BUSINESS_DRIVEN_FORECAST,foundry-field,2027
BIZ_AP,liability,2026-09-09T00:00:00Z,NONCASH_OR_OPENING,0.0000,3000.0000,Scheduled vendor cash request; treasury shortfalls separately reported,SHI,CONDITIONAL_FORECAST,BIZ-base-0000540,4,4,2027-04-30,base,FOUNDRY_FIELD,3000.0000,base-04-PAYMENT_REQUEST-AP-base-3-HOSTING-FF-014,BUSINESS_DRIVEN_FORECAST,foundry-field,2027
1000,asset,2026-09-09T00:00:00Z,OPERATING,3000.0000,0.0000,Scheduled vendor cash request; treasury shortfalls separately reported,SHI,CONDITIONAL_FORECAST,BIZ-base-0000540,4,4,2027-04-30,base,FOUNDRY_FIELD,-3000.0000,base-04-PAYMENT_REQUEST-AP-base-3-HOSTING-FF-014,BUSINESS_DRIVEN_FORECAST,foundry-field,2027
BIZ_AP,liability,2026-09-09T00:00:00Z,NONCASH_OR_OPENING,0.0000,3600.0000,Scheduled vendor cash request; treasury shortfalls separately reported,SHI,CONDITIONAL_FORECAST,BIZ-base-0000541,4,4,2027-04-30,base,FOUNDRY_FIELD,3600.0000,base-04-PAYMENT_REQUEST-AP-base-3-HOSTING-FF-015,BUSINESS_DRIVEN_FORECAST,foundry-field,2027
1000,asset,2026-09-09T00:00:00Z,OPERATING,3600.0000,0.0000,Scheduled vendor cash request; treasury shortfalls separately reported,SHI,CONDITIONAL_FORECAST,BIZ-base-0000541,4,4,2027-04-30,base,FOUNDRY_FIELD,-3600.0000,base-04-PAYMENT_REQUEST-AP-base-3-HOSTING-FF-015,BUSINESS_DRIVEN_FORECAST,foundry-field,2027
BIZ_AP,liability,2026-09-09T00:00:00Z,NONCASH_OR_OPENING,0.0000,1800.0000,Scheduled vendor cash request; treasury shortfalls separately reported,SHI,CONDITIONAL_FORECAST,BIZ-base-0000542,4,4,2027-04-30,base,FOUNDRY_FIELD,1800.0000,base-04-PAYMENT_REQUEST-AP-base-3-HOSTING-FF-016,BUSINESS_DRIVEN_FORECAST,foundry-field,2027
1000,asset,2026-09-09T00:00:00Z,OPERATING,1800.0000,0.0000,Scheduled vendor cash request; treasury shortfalls separately reported,SHI,CONDITIONAL_FORECAST,BIZ-base-0000542,4,4,2027-04-30,base,FOUNDRY_FIELD,-1800.0000,base-04-PAYMENT_REQUEST-AP-base-3-HOSTING-FF-016,BUSINESS_DRIVEN_FORECAST,foundry-field,2027
BIZ_AP,liability,2026-09-09T00:00:00Z,NONCASH_OR_OPENING,0.0000,2400.0000,Scheduled vendor cash request; treasury shortfalls separately reported,SHI,CONDITIONAL_FORECAST,BIZ-base-0000543,4,4,2027-04-30,base,FOUNDRY_FIELD,2400.0000,base-04-PAYMENT_REQUEST-AP-base-3-HOSTING-FF-017,BUSINESS_DRIVEN_FORECAST,foundry-field,2027
1000,asset,2026-09-09T00:00:00Z,OPERATING,2400.0000,0.0000,Scheduled vendor cash request; treasury shortfalls separately reported,SHI,CONDITIONAL_FORECAST,BIZ-base-0000543,4,4,2027-04-30,base,FOUNDRY_FIELD,-2400.0000,base-04-PAYMENT_REQUEST-AP-base-3-HOSTING-FF-017,BUSINESS_DRIVEN_FORECAST,foundry-field,2027
BIZ_AP,liability,2026-09-09T00:00:00Z,NONCASH_OR_OPENING,0.0000,3000.0000,Scheduled vendor cash request; treasury shortfalls separately reported,SHI,CONDITIONAL_FORECAST,BIZ-base-0000544,4,4,2027-04-30,base,FOUNDRY_FIELD,3000.0000,base-04-PAYMENT_REQUEST-AP-base-3-HOSTING-FF-018,BUSINESS_DRIVEN_FORECAST,foundry-field,2027
1000,asset,2026-09-09T00:00:00Z,OPERATING,3000.0000,0.0000,Scheduled vendor cash request; treasury shortfalls separately reported,SHI,CONDITIONAL_FORECAST,BIZ-base-0000544,4,4,2027-04-30,base,FOUNDRY_FIELD,-3000.0000,base-04-PAYMENT_REQUEST-AP-base-3-HOSTING-FF-018,BUSINESS_DRIVEN_FORECAST,foundry-field,2027
BIZ_AP,liability,2026-09-09T00:00:00Z,NONCASH_OR_OPENING,0.0000,3600.0000,Scheduled vendor cash request; treasury shortfalls separately reported,SHI,CONDITIONAL_FORECAST,BIZ-base-0000545,4,4,2027-04-30,base,FOUNDRY_FIELD,3600.0000,base-04-PAYMENT_REQUEST-AP-base-3-HOSTING-FF-019,BUSINESS_DRIVEN_FORECAST,foundry-field,2027
1000,asset,2026-09-09T00:00:00Z,OPERATING,3600.0000,0.0000,Scheduled vendor cash request; treasury shortfalls separately reported,SHI,CONDITIONAL_FORECAST,BIZ-base-0000545,4,4,2027-04-30,base,FOUNDRY_FIELD,-3600.0000,base-04-PAYMENT_REQUEST-AP-base-3-HOSTING-FF-019,BUSINESS_DRIVEN_FORECAST,foundry-field,2027
BIZ_AP,liability,2026-09-09T00:00:00Z,NONCASH_OR_OPENING,0.0000,1800.0000,Scheduled vendor cash request; treasury shortfalls separately reported,SHI,CONDITIONAL_FORECAST,BIZ-base-0000546,4,4,2027-04-30,base,FOUNDRY_FIELD,1800.0000,base-04-PAYMENT_REQUEST-AP-base-3-HOSTING-FF-020,BUSINESS_DRIVEN_FORECAST,foundry-field,2027
1000,asset,2026-09-09T00:00:00Z,OPERATING,1800.0000,0.0000,Scheduled vendor cash request; treasury shortfalls separately reported,SHI,CONDITIONAL_FORECAST,BIZ-base-0000546,4,4,2027-04-30,base,FOUNDRY_FIELD,-1800.0000,base-04-PAYMENT_REQUEST-AP-base-3-HOSTING-FF-020,BUSINESS_DRIVEN_FORECAST,foundry-field,2027
BIZ_AP,liability,2026-09-09T00:00:00Z,NONCASH_OR_OPENING,0.0000,2400.0000,Scheduled vendor cash request; treasury shortfalls separately reported,SHI,CONDITIONAL_FORECAST,BIZ-base-0000547,4,4,2027-04-30,base,FOUNDRY_FIELD,2400.0000,base-04-PAYMENT_REQUEST-AP-base-3-HOSTING-FF-021,BUSINESS_DRIVEN_FORECAST,foundry-field,2027
1000,asset,2026-09-09T00:00:00Z,OPERATING,2400.0000,0.0000,Scheduled vendor cash request; treasury shortfalls separately reported,SHI,CONDITIONAL_FORECAST,BIZ-base-0000547,4,4,2027-04-30,base,FOUNDRY_FIELD,-2400.0000,base-04-PAYMENT_REQUEST-AP-base-3-HOSTING-FF-021,BUSINESS_DRIVEN_FORECAST,foundry-field,2027
BIZ_AP,liability,2026-09-09T00:00:00Z,NONCASH_OR_OPENING,0.0000,3000.0000,Scheduled vendor cash request; treasury shortfalls separately reported,SHI,CONDITIONAL_FORECAST,BIZ-base-0000548,4,4,2027-04-30,base,FOUNDRY_FIELD,3000.0000,base-04-PAYMENT_REQUEST-AP-base-3-HOSTING-FF-022,BUSINESS_DRIVEN_FORECAST,foundry-field,2027
1000,asset,2026-09-09T00:00:00Z,OPERATING,3000.0000,0.0000,Scheduled vendor cash request; treasury shortfalls separately reported,SHI,CONDITIONAL_FORECAST,BIZ-base-0000548,4,4,2027-04-30,base,FOUNDRY_FIELD,-3000.0000,base-04-PAYMENT_REQUEST-AP-base-3-HOSTING-FF-022,BUSINESS_DRIVEN_FORECAST,foundry-field,2027
BIZ_AP,liability,2026-09-09T00:00:00Z,NONCASH_OR_OPENING,0.0000,3600.0000,Scheduled vendor cash request; treasury shortfalls separately reported,SHI,CONDITIONAL_FORECAST,BIZ-base-0000549,4,4,2027-04-30,base,FOUNDRY_FIELD,3600.0000,base-04-PAYMENT_REQUEST-AP-base-3-HOSTING-FF-023,BUSINESS_DRIVEN_FORECAST,foundry-field,2027
1000,asset,2026-09-09T00:00:00Z,OPERATING,3600.0000,0.0000,Scheduled vendor cash request; treasury shortfalls separately reported,SHI,CONDITIONAL_FORECAST,BIZ-base-0000549,4,4,2027-04-30,base,FOUNDRY_FIELD,-3600.0000,base-04-PAYMENT_REQUEST-AP-base-3-HOSTING-FF-023,BUSINESS_DRIVEN_FORECAST,foundry-field,2027
BIZ_AP,liability,2026-09-09T00:00:00Z,NONCASH_OR_OPENING,0.0000,1800.0000,Scheduled vendor cash request; treasury shortfalls separately reported,SHI,CONDITIONAL_FORECAST,BIZ-base-0000550,4,4,2027-04-30,base,FOUNDRY_FIELD,1800.0000,base-04-PAYMENT_REQUEST-AP-base-3-HOSTING-FF-024,BUSINESS_DRIVEN_FORECAST,foundry-field,2027
1000,asset,2026-09-09T00:00:00Z,OPERATING,1800.0000,0.0000,Scheduled vendor cash request; treasury shortfalls separately reported,SHI,CONDITIONAL_FORECAST,BIZ-base-0000550,4,4,2027-04-30,base,FOUNDRY_FIELD,-1800.0000,base-04-PAYMENT_REQUEST-AP-base-3-HOSTING-FF-024,BUSINESS_DRIVEN_FORECAST,foundry-field,2027
BIZ_AP,liability,2026-09-09T00:00:00Z,NONCASH_OR_OPENING,0.0000,2400.0000,Scheduled vendor cash request; treasury shortfalls separately reported,SHI,CONDITIONAL_FORECAST,BIZ-base-0000551,4,4,2027-04-30,base,FOUNDRY_FIELD,2400.0000,base-04-PAYMENT_REQUEST-AP-base-3-HOSTING-FF-025,BUSINESS_DRIVEN_FORECAST,foundry-field,2027
1000,asset,2026-09-09T00:00:00Z,OPERATING,2400.0000,0.0000,Scheduled vendor cash request; treasury shortfalls separately reported,SHI,CONDITIONAL_FORECAST,BIZ-base-0000551,4,4,2027-04-30,base,FOUNDRY_FIELD,-2400.0000,base-04-PAYMENT_REQUEST-AP-base-3-HOSTING-FF-025,BUSINESS_DRIVEN_FORECAST,foundry-field,2027
BIZ_AP,liability,2026-09-09T00:00:00Z,NONCASH_OR_OPENING,0.0000,3000.0000,Scheduled vendor cash request; treasury shortfalls separately reported,SHI,CONDITIONAL_FORECAST,BIZ-base-0000552,4,4,2027-04-30,base,FOUNDRY_FIELD,3000.0000,base-04-PAYMENT_REQUEST-AP-base-3-HOSTING-FF-026,BUSINESS_DRIVEN_FORECAST,foundry-field,2027
1000,asset,2026-09-09T00:00:00Z,OPERATING,3000.0000,0.0000,Scheduled vendor cash request; treasury shortfalls separately reported,SHI,CONDITIONAL_FORECAST,BIZ-base-0000552,4,4,2027-04-30,base,FOUNDRY_FIELD,-3000.0000,base-04-PAYMENT_REQUEST-AP-base-3-HOSTING-FF-026,BUSINESS_DRIVEN_FORECAST,foundry-field,2027
BIZ_AP,liability,2026-09-09T00:00:00Z,NONCASH_OR_OPENING,0.0000,3600.0000,Scheduled vendor cash request; treasury shortfalls separately reported,SHI,CONDITIONAL_FORECAST,BIZ-base-0000553,4,4,2027-04-30,base,FOUNDRY_FIELD,3600.0000,base-04-PAYMENT_REQUEST-AP-base-3-HOSTING-FF-027,BUSINESS_DRIVEN_FORECAST,foundry-field,2027
1000,asset,2026-09-09T00:00:00Z,OPERATING,3600.0000,0.0000,Scheduled vendor cash request; treasury shortfalls separately reported,SHI,CONDITIONAL_FORECAST,BIZ-base-0000553,4,4,2027-04-30,base,FOUNDRY_FIELD,-3600.0000,base-04-PAYMENT_REQUEST-AP-base-3-HOSTING-FF-027,BUSINESS_DRIVEN_FORECAST,foundry-field,2027
BIZ_AP,liability,2026-09-09T00:00:00Z,NONCASH_OR_OPENING,0.0000,1800.0000,Scheduled vendor cash request; treasury shortfalls separately reported,SHI,CONDITIONAL_FORECAST,BIZ-base-0000554,4,4,2027-04-30,base,FOUNDRY_FIELD,1800.0000,base-04-PAYMENT_REQUEST-AP-base-3-HOSTING-FF-028,BUSINESS_DRIVEN_FORECAST,foundry-field,2027
1000,asset,2026-09-09T00:00:00Z,OPERATING,1800.0000,0.0000,Scheduled vendor cash request; treasury shortfalls separately reported,SHI,CONDITIONAL_FORECAST,BIZ-base-0000554,4,4,2027-04-30,base,FOUNDRY_FIELD,-1800.0000,base-04-PAYMENT_REQUEST-AP-base-3-HOSTING-FF-028,BUSINESS_DRIVEN_FORECAST,foundry-field,2027
BIZ_AP,liability,2026-09-09T00:00:00Z,NONCASH_OR_OPENING,0.0000,2400.0000,Scheduled vendor cash request; treasury shortfalls separately reported,SHI,CONDITIONAL_FORECAST,BIZ-base-0000555,4,4,2027-04-30,base,FOUNDRY_FIELD,2400.0000,base-04-PAYMENT_REQUEST-AP-base-3-HOSTING-FF-029,BUSINESS_DRIVEN_FORECAST,foundry-field,2027
1000,asset,2026-09-09T00:00:00Z,OPERATING,2400.0000,0.0000,Scheduled vendor cash request; treasury shortfalls separately reported,SHI,CONDITIONAL_FORECAST,BIZ-base-0000555,4,4,2027-04-30,base,FOUNDRY_FIELD,-2400.0000,base-04-PAYMENT_REQUEST-AP-base-3-HOSTING-FF-029,BUSINESS_DRIVEN_FORECAST,foundry-field,2027
BIZ_AP,liability,2026-09-09T00:00:00Z,NONCASH_OR_OPENING,0.0000,3000.0000,Scheduled vendor cash request; treasury shortfalls separately reported,SHI,CONDITIONAL_FORECAST,BIZ-base-0000556,4,4,2027-04-30,base,FOUNDRY_FIELD,3000.0000,base-04-PAYMENT_REQUEST-AP-base-3-HOSTING-FF-030,BUSINESS_DRIVEN_FORECAST,foundry-field,2027
1000,asset,2026-09-09T00:00:00Z,OPERATING,3000.0000,0.0000,Scheduled vendor cash request; treasury shortfalls separately reported,SHI,CONDITIONAL_FORECAST,BIZ-base-0000556,4,4,2027-04-30,base,FOUNDRY_FIELD,-3000.0000,base-04-PAYMENT_REQUEST-AP-base-3-HOSTING-FF-030,BUSINESS_DRIVEN_FORECAST,foundry-field,2027
BIZ_AP,liability,2026-09-09T00:00:00Z,NONCASH_OR_OPENING,0.0000,3600.0000,Scheduled vendor cash request; treasury shortfalls separately reported,SHI,CONDITIONAL_FORECAST,BIZ-base-0000557,4,4,2027-04-30,base,FOUNDRY_FIELD,3600.0000,base-04-PAYMENT_REQUEST-AP-base-3-HOSTING-FF-031,BUSINESS_DRIVEN_FORECAST,foundry-field,2027
1000,asset,2026-09-09T00:00:00Z,OPERATING,3600.0000,0.0000,Scheduled vendor cash request; treasury shortfalls separately reported,SHI,CONDITIONAL_FORECAST,BIZ-base-0000557,4,4,2027-04-30,base,FOUNDRY_FIELD,-3600.0000,base-04-PAYMENT_REQUEST-AP-base-3-HOSTING-FF-031,BUSINESS_DRIVEN_FORECAST,foundry-field,2027
BIZ_AP,liability,2026-09-09T00:00:00Z,NONCASH_OR_OPENING,0.0000,1800.0000,Scheduled vendor cash request; treasury shortfalls separately reported,SHI,CONDITIONAL_FORECAST,BIZ-base-0000558,4,4,2027-04-30,base,FOUNDRY_FIELD,1800.0000,base-04-PAYMENT_REQUEST-AP-base-3-HOSTING-FF-032,BUSINESS_DRIVEN_FORECAST,foundry-field,2027
1000,asset,2026-09-09T00:00:00Z,OPERATING,1800.0000,0.0000,Scheduled vendor cash request; treasury shortfalls separately reported,SHI,CONDITIONAL_FORECAST,BIZ-base-0000558,4,4,2027-04-30,base,FOUNDRY_FIELD,-1800.0000,base-04-PAYMENT_REQUEST-AP-base-3-HOSTING-FF-032,BUSINESS_DRIVEN_FORECAST,foundry-field,2027
BIZ_AP,liability,2026-09-09T00:00:00Z,NONCASH_OR_OPENING,0.0000,2400.0000,Scheduled vendor cash request; treasury shortfalls separately reported,SHI,CONDITIONAL_FORECAST,BIZ-base-0000559,4,4,2027-04-30,base,FOUNDRY_FIELD,2400.0000,base-04-PAYMENT_REQUEST-AP-base-3-HOSTING-FF-033,BUSINESS_DRIVEN_FORECAST,foundry-field,2027
1000,asset,2026-09-09T00:00:00Z,OPERATING,2400.0000,0.0000,Scheduled vendor cash request; treasury shortfalls separately reported,SHI,CONDITIONAL_FORECAST,BIZ-base-0000559,4,4,2027-04-30,base,FOUNDRY_FIELD,-2400.0000,base-04-PAYMENT_REQUEST-AP-base-3-HOSTING-FF-033,BUSINESS_DRIVEN_FORECAST,foundry-field,2027
BIZ_AP,liability,2026-09-09T00:00:00Z,NONCASH_OR_OPENING,0.0000,3000.0000,Scheduled vendor cash request; treasury shortfalls separately reported,SHI,CONDITIONAL_FORECAST,BIZ-base-0000560,4,4,2027-04-30,base,FOUNDRY_FIELD,3000.0000,base-04-PAYMENT_REQUEST-AP-base-3-HOSTING-FF-034,BUSINESS_DRIVEN_FORECAST,foundry-field,2027
1000,asset,2026-09-09T00:00:00Z,OPERATING,3000.0000,0.0000,Scheduled vendor cash request; treasury shortfalls separately reported,SHI,CONDITIONAL_FORECAST,BIZ-base-0000560,4,4,2027-04-30,base,FOUNDRY_FIELD,-3000.0000,base-04-PAYMENT_REQUEST-AP-base-3-HOSTING-FF-034,BUSINESS_DRIVEN_FORECAST,foundry-field,2027
BIZ_AP,liability,2026-09-09T00:00:00Z,NONCASH_OR_OPENING,0.0000,3600.0000,Scheduled vendor cash request; treasury shortfalls separately reported,SHI,CONDITIONAL_FORECAST,BIZ-base-0000561,4,4,2027-04-30,base,FOUNDRY_FIELD,3600.0000,base-04-PAYMENT_REQUEST-AP-base-3-HOSTING-FF-035,BUSINESS_DRIVEN_FORECAST,foundry-field,2027
1000,asset,2026-09-09T00:00:00Z,OPERATING,3600.0000,0.0000,Scheduled vendor cash request; treasury shortfalls separately reported,SHI,CONDITIONAL_FORECAST,BIZ-base-0000561,4,4,2027-04-30,base,FOUNDRY_FIELD,-3600.0000,base-04-PAYMENT_REQUEST-AP-base-3-HOSTING-FF-035,BUSINESS_DRIVEN_FORECAST,foundry-field,2027
BIZ_AP,liability,2026-09-09T00:00:00Z,NONCASH_OR_OPENING,0.0000,1800.0000,Scheduled vendor cash request; treasury shortfalls separately reported,SHI,CONDITIONAL_FORECAST,BIZ-base-0000562,4,4,2027-04-30,base,FOUNDRY_FIELD,1800.0000,base-04-PAYMENT_REQUEST-AP-base-3-HOSTING-FF-036,BUSINESS_DRIVEN_FORECAST,foundry-field,2027
1000,asset,2026-09-09T00:00:00Z,OPERATING,1800.0000,0.0000,Scheduled vendor cash request; treasury shortfalls separately reported,SHI,CONDITIONAL_FORECAST,BIZ-base-0000562,4,4,2027-04-30,base,FOUNDRY_FIELD,-1800.0000,base-04-PAYMENT_REQUEST-AP-base-3-HOSTING-FF-036,BUSINESS_DRIVEN_FORECAST,foundry-field,2027
BIZ_PAYROLL,expense,2026-09-09T00:00:00Z,NONCASH_OR_OPENING,0.0000,1933333.3280,Effective-dated occupied-position payroll; conditional treasury settlement,SHI,CONDITIONAL_FORECAST,BIZ-base-0000583,4,4,2027-04-30,base,FOUNDRY_FIELD,1933333.3280,base-04-PAYROLL_REQUEST-foundry-field,BUSINESS_DRIVEN_FORECAST,foundry-field,2027
1000,asset,2026-09-09T00:00:00Z,OPERATING,1933333.3280,0.0000,Effective-dated occupied-position payroll; conditional treasury settlement,SHI,CONDITIONAL_FORECAST,BIZ-base-0000583,4,4,2027-04-30,base,FOUNDRY_FIELD,-1933333.3280,base-04-PAYROLL_REQUEST-foundry-field,BUSINESS_DRIVEN_FORECAST,foundry-field,2027
BIZ_DEFERRED,liability,2026-09-09T00:00:00Z,NONCASH_OR_OPENING,0.0000,115000.0000,Monthly service under effective contract version,SHI,CONDITIONAL_FORECAST,BIZ-base-0000590,4,4,2027-04-30,base,FOUNDRY_FIELD,115000.0000,base-04-SUBSCRIPTION_SERVICE-FF-001,BUSINESS_DRIVEN_FORECAST,foundry-field,2027
BIZ_REVENUE,revenue,2026-09-09T00:00:00Z,NONCASH_OR_OPENING,115000.0000,0.0000,Monthly service under effective contract version,SHI,CONDITIONAL_FORECAST,BIZ-base-0000590,4,4,2027-04-30,base,FOUNDRY_FIELD,-115000.0000,base-04-SUBSCRIPTION_SERVICE-FF-001,BUSINESS_DRIVEN_FORECAST,foundry-field,2027
BIZ_DELIVERY,expense,2026-09-09T00:00:00Z,NONCASH_OR_OPENING,0.0000,2400.0000,Source-driven vendor cost,SHI,CONDITIONAL_FORECAST,BIZ-base-0000591,4,4,2027-04-30,base,FOUNDRY_FIELD,2400.0000,base-04-COST-HOSTING-FF-001,BUSINESS_DRIVEN_FORECAST,foundry-field,2027
BIZ_AP,liability,2026-09-09T00:00:00Z,NONCASH_OR_OPENING,2400.0000,0.0000,Source-driven vendor cost,SHI,CONDITIONAL_FORECAST,BIZ-base-0000591,4,4,2027-04-30,base,FOUNDRY_FIELD,-2400.0000,base-04-COST-HOSTING-FF-001,BUSINESS_DRIVEN_FORECAST,foundry-field,2027
BIZ_DEFERRED,liability,2026-09-09T00:00:00Z,NONCASH_OR_OPENING,0.0000,130000.0000,Monthly service under effective contract version,SHI,CONDITIONAL_FORECAST,BIZ-base-0000592,4,4,2027-04-30,base,FOUNDRY_FIELD,130000.0000,base-04-SUBSCRIPTION_SERVICE-FF-002,BUSINESS_DRIVEN_FORECAST,foundry-field,2027
BIZ_REVENUE,revenue,2026-09-09T00:00:00Z,NONCASH_OR_OPENING,130000.0000,0.0000,Monthly service under effective contract version,SHI,CONDITIONAL_FORECAST,BIZ-base-0000592,4,4,2027-04-30,base,FOUNDRY_FIELD,-130000.0000,base-04-SUBSCRIPTION_SERVICE-FF-002,BUSINESS_DRIVEN_FORECAST,foundry-field,2027
BIZ_DELIVERY,expense,2026-09-09T00:00:00Z,NONCASH_OR_OPENING,0.0000,3000.0000,Source-driven vendor cost,SHI,CONDITIONAL_FORECAST,BIZ-base-0000593,4,4,2027-04-30,base,FOUNDRY_FIELD,3000.0000,base-04-COST-HOSTING-FF-002,BUSINESS_DRIVEN_FORECAST,foundry-field,2027
BIZ_AP,liability,2026-09-09T00:00:00Z,NONCASH_OR_OPENING,3000.0000,0.0000,Source-driven vendor cost,SHI,CONDITIONAL_FORECAST,BIZ-base-0000593,4,4,2027-04-30,base,FOUNDRY_FIELD,-3000.0000,base-04-COST-HOSTING-FF-002,BUSINESS_DRIVEN_FORECAST,foundry-field,2027
BIZ_DEFERRED,liability,2026-09-09T00:00:00Z,NONCASH_OR_OPENING,0.0000,145000.0000,Monthly service under effective contract version,SHI,CONDITIONAL_FORECAST,BIZ-base-0000594,4,4,2027-04-30,base,FOUNDRY_FIELD,145000.0000,base-04-SUBSCRIPTION_SERVICE-FF-003,BUSINESS_DRIVEN_FORECAST,foundry-field,2027
BIZ_REVENUE,revenue,2026-09-09T00:00:00Z,NONCASH_OR_OPENING,145000.0000,0.0000,Monthly service under effective contract version,SHI,CONDITIONAL_FORECAST,BIZ-base-0000594,4,4,2027-04-30,base,FOUNDRY_FIELD,-145000.0000,base-04-SUBSCRIPTION_SERVICE-FF-003,BUSINESS_DRIVEN_FORECAST,foundry-field,2027
BIZ_DELIVERY,expense,2026-09-09T00:00:00Z,NONCASH_OR_OPENING,0.0000,3600.0000,Source-driven vendor cost,SHI,CONDITIONAL_FORECAST,BIZ-base-0000595,4,4,2027-04-30,base,FOUNDRY_FIELD,3600.0000,base-04-COST-HOSTING-FF-003,BUSINESS_DRIVEN_FORECAST,foundry-field,2027
BIZ_AP,liability,2026-09-09T00:00:00Z,NONCASH_OR_OPENING,3600.0000,0.0000,Source-driven vendor cost,SHI,CONDITIONAL_FORECAST,BIZ-base-0000595,4,4,2027-04-30,base,FOUNDRY_FIELD,-3600.0000,base-04-COST-HOSTING-FF-003,BUSINESS_DRIVEN_FORECAST,foundry-field,2027
BIZ_DEFERRED,liability,2026-09-09T00:00:00Z,NONCASH_OR_OPENING,0.0000,160000.0000,Monthly service under effective contract version,SHI,CONDITIONAL_FORECAST,BIZ-base-0000596,4,4,2027-04-30,base,FOUNDRY_FIELD,160000.0000,base-04-SUBSCRIPTION_SERVICE-FF-004,BUSINESS_DRIVEN_FORECAST,foundry-field,2027
BIZ_REVENUE,revenue,2026-09-09T00:00:00Z,NONCASH_OR_OPENING,160000.0000,0.0000,Monthly service under effective contract version,SHI,CONDITIONAL_FORECAST,BIZ-base-0000596,4,4,2027-04-30,base,FOUNDRY_FIELD,-160000.0000,base-04-SUBSCRIPTION_SERVICE-FF-004,BUSINESS_DRIVEN_FORECAST,foundry-field,2027
BIZ_DELIVERY,expense,2026-09-09T00:00:00Z,NONCASH_OR_OPENING,0.0000,1800.0000,Source-driven vendor cost,SHI,CONDITIONAL_FORECAST,BIZ-base-0000597,4,4,2027-04-30,base,FOUNDRY_FIELD,1800.0000,base-04-COST-HOSTING-FF-004,BUSINESS_DRIVEN_FORECAST,foundry-field,2027
BIZ_AP,liability,2026-09-09T00:00:00Z,NONCASH_OR_OPENING,1800.0000,0.0000,Source-driven vendor cost,SHI,CONDITIONAL_FORECAST,BIZ-base-0000597,4,4,2027-04-30,base,FOUNDRY_FIELD,-1800.0000,base-04-COST-HOSTING-FF-004,BUSINESS_DRIVEN_FORECAST,foundry-field,2027
BIZ_DEFERRED,liability,2026-09-09T00:00:00Z,NONCASH_OR_OPENING,0.0000,100000.0000,Monthly service under effective contract version,SHI,CONDITIONAL_FORECAST,BIZ-base-0000598,4,4,2027-04-30,base,FOUNDRY_FIELD,100000.0000,base-04-SUBSCRIPTION_SERVICE-FF-005,BUSINESS_DRIVEN_FORECAST,foundry-field,2027
BIZ_REVENUE,revenue,2026-09-09T00:00:00Z,NONCASH_OR_OPENING,100000.0000,0.0000,Monthly service under effective contract version,SHI,CONDITIONAL_FORECAST,BIZ-base-0000598,4,4,2027-04-30,base,FOUNDRY_FIELD,-100000.0000,base-04-SUBSCRIPTION_SERVICE-FF-005,BUSINESS_DRIVEN_FORECAST,foundry-field,2027
BIZ_DELIVERY,expense,2026-09-09T00:00:00Z,NONCASH_OR_OPENING,0.0000,2400.0000,Source-driven vendor cost,SHI,CONDITIONAL_FORECAST,BIZ-base-0000599,4,4,2027-04-30,base,FOUNDRY_FIELD,2400.0000,base-04-COST-HOSTING-FF-005,BUSINESS_DRIVEN_FORECAST,foundry-field,2027
BIZ_AP,liability,2026-09-09T00:00:00Z,NONCASH_OR_OPENING,2400.0000,0.0000,Source-driven vendor cost,SHI,CONDITIONAL_FORECAST,BIZ-base-0000599,4,4,2027-04-30,base,FOUNDRY_FIELD,-2400.0000,base-04-COST-HOSTING-FF-005,BUSINESS_DRIVEN_FORECAST,foundry-field,2027
BIZ_DEFERRED,liability,2026-09-09T00:00:00Z,NONCASH_OR_OPENING,0.0000,115000.0000,Monthly service under effective contract version,SHI,CONDITIONAL_FORECAST,BIZ-base-0000600,4,4,2027-04-30,base,FOUNDRY_FIELD,115000.0000,base-04-SUBSCRIPTION_SERVICE-FF-006,BUSINESS_DRIVEN_FORECAST,foundry-field,2027
BIZ_REVENUE,revenue,2026-09-09T00:00:00Z,NONCASH_OR_OPENING,115000.0000,0.0000,Monthly service under effective contract version,SHI,CONDITIONAL_FORECAST,BIZ-base-0000600,4,4,2027-04-30,base,FOUNDRY_FIELD,-115000.0000,base-04-SUBSCRIPTION_SERVICE-FF-006,BUSINESS_DRIVEN_FORECAST,foundry-field,2027
BIZ_DELIVERY,expense,2026-09-09T00:00:00Z,NONCASH_OR_OPENING,0.0000,3000.0000,Source-driven vendor cost,SHI,CONDITIONAL_FORECAST,BIZ-base-0000601,4,4,2027-04-30,base,FOUNDRY_FIELD,3000.0000,base-04-COST-HOSTING-FF-006,BUSINESS_DRIVEN_FORECAST,foundry-field,2027
BIZ_AP,liability,2026-09-09T00:00:00Z,NONCASH_OR_OPENING,3000.0000,0.0000,Source-driven vendor cost,SHI,CONDITIONAL_FORECAST,BIZ-base-0000601,4,4,2027-04-30,base,FOUNDRY_FIELD,-3000.0000,base-04-COST-HOSTING-FF-006,BUSINESS_DRIVEN_FORECAST,foundry-field,2027
BIZ_DEFERRED,liability,2026-09-09T00:00:00Z,NONCASH_OR_OPENING,0.0000,130000.0000,Monthly service under effective contract version,SHI,CONDITIONAL_FORECAST,BIZ-base-0000602,4,4,2027-04-30,base,FOUNDRY_FIELD,130000.0000,base-04-SUBSCRIPTION_SERVICE-FF-007,BUSINESS_DRIVEN_FORECAST,foundry-field,2027
BIZ_REVENUE,revenue,2026-09-09T00:00:00Z,NONCASH_OR_OPENING,130000.0000,0.0000,Monthly service under effective contract version,SHI,CONDITIONAL_FORECAST,BIZ-base-0000602,4,4,2027-04-30,base,FOUNDRY_FIELD,-130000.0000,base-04-SUBSCRIPTION_SERVICE-FF-007,BUSINESS_DRIVEN_FORECAST,foundry-field,2027
BIZ_DELIVERY,expense,2026-09-09T00:00:00Z,NONCASH_OR_OPENING,0.0000,3600.0000,Source-driven vendor cost,SHI,CONDITIONAL_FORECAST,BIZ-base-0000603,4,4,2027-04-30,base,FOUNDRY_FIELD,3600.0000,base-04-COST-HOSTING-FF-007,BUSINESS_DRIVEN_FORECAST,foundry-field,2027
BIZ_AP,liability,2026-09-09T00:00:00Z,NONCASH_OR_OPENING,3600.0000,0.0000,Source-driven vendor cost,SHI,CONDITIONAL_FORECAST,BIZ-base-0000603,4,4,2027-04-30,base,FOUNDRY_FIELD,-3600.0000,base-04-COST-HOSTING-FF-007,BUSINESS_DRIVEN_FORECAST,foundry-field,2027
BIZ_DEFERRED,liability,2026-09-09T00:00:00Z,NONCASH_OR_OPENING,0.0000,145000.0000,Monthly service under effective contract version,SHI,CONDITIONAL_FORECAST,BIZ-base-0000604,4,4,2027-04-30,base,FOUNDRY_FIELD,145000.0000,base-04-SUBSCRIPTION_SERVICE-FF-008,BUSINESS_DRIVEN_FORECAST,foundry-field,2027
BIZ_REVENUE,revenue,2026-09-09T00:00:00Z,NONCASH_OR_OPENING,145000.0000,0.0000,Monthly service under effective contract version,SHI,CONDITIONAL_FORECAST,BIZ-base-0000604,4,4,2027-04-30,base,FOUNDRY_FIELD,-145000.0000,base-04-SUBSCRIPTION_SERVICE-FF-008,BUSINESS_DRIVEN_FORECAST,foundry-field,2027
BIZ_DELIVERY,expense,2026-09-09T00:00:00Z,NONCASH_OR_OPENING,0.0000,1800.0000,Source-driven vendor cost,SHI,CONDITIONAL_FORECAST,BIZ-base-0000605,4,4,2027-04-30,base,FOUNDRY_FIELD,1800.0000,base-04-COST-HOSTING-FF-008,BUSINESS_DRIVEN_FORECAST,foundry-field,2027
BIZ_AP,liability,2026-09-09T00:00:00Z,NONCASH_OR_OPENING,1800.0000,0.0000,Source-driven vendor cost,SHI,CONDITIONAL_FORECAST,BIZ-base-0000605,4,4,2027-04-30,base,FOUNDRY_FIELD,-1800.0000,base-04-COST-HOSTING-FF-008,BUSINESS_DRIVEN_FORECAST,foundry-field,2027
BIZ_DEFERRED,liability,2026-09-09T00:00:00Z,NONCASH_OR_OPENING,0.0000,160000.0000,Monthly service under effective contract version,SHI,CONDITIONAL_FORECAST,BIZ-base-0000606,4,4,2027-04-30,base,FOUNDRY_FIELD,160000.0000,base-04-SUBSCRIPTION_SERVICE-FF-009,BUSINESS_DRIVEN_FORECAST,foundry-field,2027
BIZ_REVENUE,revenue,2026-09-09T00:00:00Z,NONCASH_OR_OPENING,160000.0000,0.0000,Monthly service under effective contract version,SHI,CONDITIONAL_FORECAST,BIZ-base-0000606,4,4,2027-04-30,base,FOUNDRY_FIELD,-160000.0000,base-04-SUBSCRIPTION_SERVICE-FF-009,BUSINESS_DRIVEN_FORECAST,foundry-field,2027
BIZ_DELIVERY,expense,2026-09-09T00:00:00Z,NONCASH_OR_OPENING,0.0000,2400.0000,Source-driven vendor cost,SHI,CONDITIONAL_FORECAST,BIZ-base-0000607,4,4,2027-04-30,base,FOUNDRY_FIELD,2400.0000,base-04-COST-HOSTING-FF-009,BUSINESS_DRIVEN_FORECAST,foundry-field,2027
BIZ_AP,liability,2026-09-09T00:00:00Z,NONCASH_OR_OPENING,2400.0000,0.0000,Source-driven vendor cost,SHI,CONDITIONAL_FORECAST,BIZ-base-0000607,4,4,2027-04-30,base,FOUNDRY_FIELD,-2400.0000,base-04-COST-HOSTING-FF-009,BUSINESS_DRIVEN_FORECAST,foundry-field,2027
BIZ_DEFERRED,liability,2026-09-09T00:00:00Z,NONCASH_OR_OPENING,0.0000,100000.0000,Monthly service under effective contract version,SHI,CONDITIONAL_FORECAST,BIZ-base-0000608,4,4,2027-04-30,base,FOUNDRY_FIELD,100000.0000,base-04-SUBSCRIPTION_SERVICE-FF-010,BUSINESS_DRIVEN_FORECAST,foundry-field,2027
BIZ_REVENUE,revenue,2026-09-09T00:00:00Z,NONCASH_OR_OPENING,100000.0000,0.0000,Monthly service under effective contract version,SHI,CONDITIONAL_FORECAST,BIZ-base-0000608,4,4,2027-04-30,base,FOUNDRY_FIELD,-100000.0000,base-04-SUBSCRIPTION_SERVICE-FF-010,BUSINESS_DRIVEN_FORECAST,foundry-field,2027
BIZ_DELIVERY,expense,2026-09-09T00:00:00Z,NONCASH_OR_OPENING,0.0000,3000.0000,Source-driven vendor cost,SHI,CONDITIONAL_FORECAST,BIZ-base-0000609,4,4,2027-04-30,base,FOUNDRY_FIELD,3000.0000,base-04-COST-HOSTING-FF-010,BUSINESS_DRIVEN_FORECAST,foundry-field,2027
BIZ_AP,liability,2026-09-09T00:00:00Z,NONCASH_OR_OPENING,3000.0000,0.0000,Source-driven vendor cost,SHI,CONDITIONAL_FORECAST,BIZ-base-0000609,4,4,2027-04-30,base,FOUNDRY_FIELD,-3000.0000,base-04-COST-HOSTING-FF-010,BUSINESS_DRIVEN_FORECAST,foundry-field,2027
BIZ_DEFERRED,liability,2026-09-09T00:00:00Z,NONCASH_OR_OPENING,0.0000,115000.0000,Monthly service under effective contract version,SHI,CONDITIONAL_FORECAST,BIZ-base-0000610,4,4,2027-04-30,base,FOUNDRY_FIELD,115000.0000,base-04-SUBSCRIPTION_SERVICE-FF-011,BUSINESS_DRIVEN_FORECAST,foundry-field,2027
BIZ_REVENUE,revenue,2026-09-09T00:00:00Z,NONCASH_OR_OPENING,115000.0000,0.0000,Monthly service under effective contract version,SHI,CONDITIONAL_FORECAST,BIZ-base-0000610,4,4,2027-04-30,base,FOUNDRY_FIELD,-115000.0000,base-04-SUBSCRIPTION_SERVICE-FF-011,BUSINESS_DRIVEN_FORECAST,foundry-field,2027
BIZ_DELIVERY,expense,2026-09-09T00:00:00Z,NONCASH_OR_OPENING,0.0000,3600.0000,Source-driven vendor cost,SHI,CONDITIONAL_FORECAST,BIZ-base-0000611,4,4,2027-04-30,base,FOUNDRY_FIELD,3600.0000,base-04-COST-HOSTING-FF-011,BUSINESS_DRIVEN_FORECAST,foundry-field,2027
BIZ_AP,liability,2026-09-09T00:00:00Z,NONCASH_OR_OPENING,3600.0000,0.0000,Source-driven vendor cost,SHI,CONDITIONAL_FORECAST,BIZ-base-0000611,4,4,2027-04-30,base,FOUNDRY_FIELD,-3600.0000,base-04-COST-HOSTING-FF-011,BUSINESS_DRIVEN_FORECAST,foundry-field,2027
BIZ_DEFERRED,liability,2026-09-09T00:00:00Z,NONCASH_OR_OPENING,0.0000,130000.0000,Monthly service under effective contract version,SHI,CONDITIONAL_FORECAST,BIZ-base-0000612,4,4,2027-04-30,base,FOUNDRY_FIELD,130000.0000,base-04-SUBSCRIPTION_SERVICE-FF-012,BUSINESS_DRIVEN_FORECAST,foundry-field,2027
BIZ_REVENUE,revenue,2026-09-09T00:00:00Z,NONCASH_OR_OPENING,130000.0000,0.0000,Monthly service under effective contract version,SHI,CONDITIONAL_FORECAST,BIZ-base-0000612,4,4,2027-04-30,base,FOUNDRY_FIELD,-130000.0000,base-04-SUBSCRIPTION_SERVICE-FF-012,BUSINESS_DRIVEN_FORECAST,foundry-field,2027
BIZ_DELIVERY,expense,2026-09-09T00:00:00Z,NONCASH_OR_OPENING,0.0000,1800.0000,Source-driven vendor cost,SHI,CONDITIONAL_FORECAST,BIZ-base-0000613,4,4,2027-04-30,base,FOUNDRY_FIELD,1800.0000,base-04-COST-HOSTING-FF-012,BUSINESS_DRIVEN_FORECAST,foundry-field,2027
BIZ_AP,liability,2026-09-09T00:00:00Z,NONCASH_OR_OPENING,1800.0000,0.0000,Source-driven vendor cost,SHI,CONDITIONAL_FORECAST,BIZ-base-0000613,4,4,2027-04-30,base,FOUNDRY_FIELD,-1800.0000,base-04-COST-HOSTING-FF-012,BUSINESS_DRIVEN_FORECAST,foundry-field,2027
BIZ_DEFERRED,liability,2026-09-09T00:00:00Z,NONCASH_OR_OPENING,0.0000,145000.0000,Monthly service under effective contract version,SHI,CONDITIONAL_FORECAST,BIZ-base-0000614,4,4,2027-04-30,base,FOUNDRY_FIELD,145000.0000,base-04-SUBSCRIPTION_SERVICE-FF-013,BUSINESS_DRIVEN_FORECAST,foundry-field,2027
BIZ_REVENUE,revenue,2026-09-09T00:00:00Z,NONCASH_OR_OPENING,145000.0000,0.0000,Monthly service under effective contract version,SHI,CONDITIONAL_FORECAST,BIZ-base-0000614,4,4,2027-04-30,base,FOUNDRY_FIELD,-145000.0000,base-04-SUBSCRIPTION_SERVICE-FF-013,BUSINESS_DRIVEN_FORECAST,foundry-field,2027
BIZ_DELIVERY,expense,2026-09-09T00:00:00Z,NONCASH_OR_OPENING,0.0000,2400.0000,Source-driven vendor cost,SHI,CONDITIONAL_FORECAST,BIZ-base-0000615,4,4,2027-04-30,base,FOUNDRY_FIELD,2400.0000,base-04-COST-HOSTING-FF-013,BUSINESS_DRIVEN_FORECAST,foundry-field,2027
BIZ_AP,liability,2026-09-09T00:00:00Z,NONCASH_OR_OPENING,2400.0000,0.0000,Source-driven vendor cost,SHI,CONDITIONAL_FORECAST,BIZ-base-0000615,4,4,2027-04-30,base,FOUNDRY_FIELD,-2400.0000,base-04-COST-HOSTING-FF-013,BUSINESS_DRIVEN_FORECAST,foundry-field,2027
BIZ_DEFERRED,liability,2026-09-09T00:00:00Z,NONCASH_OR_OPENING,0.0000,160000.0000,Monthly service under effective contract version,SHI,CONDITIONAL_FORECAST,BIZ-base-0000616,4,4,2027-04-30,base,FOUNDRY_FIELD,160000.0000,base-04-SUBSCRIPTION_SERVICE-FF-014,BUSINESS_DRIVEN_FORECAST,foundry-field,2027
BIZ_REVENUE,revenue,2026-09-09T00:00:00Z,NONCASH_OR_OPENING,160000.0000,0.0000,Monthly service under effective contract version,SHI,CONDITIONAL_FORECAST,BIZ-base-0000616,4,4,2027-04-30,base,FOUNDRY_FIELD,-160000.0000,base-04-SUBSCRIPTION_SERVICE-FF-014,BUSINESS_DRIVEN_FORECAST,foundry-field,2027
BIZ_DELIVERY,expense,2026-09-09T00:00:00Z,NONCASH_OR_OPENING,0.0000,3000.0000,Source-driven vendor cost,SHI,CONDITIONAL_FORECAST,BIZ-base-0000617,4,4,2027-04-30,base,FOUNDRY_FIELD,3000.0000,base-04-COST-HOSTING-FF-014,BUSINESS_DRIVEN_FORECAST,foundry-field,2027
BIZ_AP,liability,2026-09-09T00:00:00Z,NONCASH_OR_OPENING,3000.0000,0.0000,Source-driven vendor cost,SHI,CONDITIONAL_FORECAST,BIZ-base-0000617,4,4,2027-04-30,base,FOUNDRY_FIELD,-3000.0000,base-04-COST-HOSTING-FF-014,BUSINESS_DRIVEN_FORECAST,foundry-field,2027
BIZ_DEFERRED,liability,2026-09-09T00:00:00Z,NONCASH_OR_OPENING,0.0000,100000.0000,Monthly service under effective contract version,SHI,CONDITIONAL_FORECAST,BIZ-base-0000618,4,4,2027-04-30,base,FOUNDRY_FIELD,100000.0000,base-04-SUBSCRIPTION_SERVICE-FF-015,BUSINESS_DRIVEN_FORECAST,foundry-field,2027
BIZ_REVENUE,revenue,2026-09-09T00:00:00Z,NONCASH_OR_OPENING,100000.0000,0.0000,Monthly service under effective contract version,SHI,CONDITIONAL_FORECAST,BIZ-base-0000618,4,4,2027-04-30,base,FOUNDRY_FIELD,-100000.0000,base-04-SUBSCRIPTION_SERVICE-FF-015,BUSINESS_DRIVEN_FORECAST,foundry-field,2027
BIZ_DELIVERY,expense,2026-09-09T00:00:00Z,NONCASH_OR_OPENING,0.0000,3600.0000,Source-driven vendor cost,SHI,CONDITIONAL_FORECAST,BIZ-base-0000619,4,4,2027-04-30,base,FOUNDRY_FIELD,3600.0000,base-04-COST-HOSTING-FF-015,BUSINESS_DRIVEN_FORECAST,foundry-field,2027
BIZ_AP,liability,2026-09-09T00:00:00Z,NONCASH_OR_OPENING,3600.0000,0.0000,Source-driven vendor cost,SHI,CONDITIONAL_FORECAST,BIZ-base-0000619,4,4,2027-04-30,base,FOUNDRY_FIELD,-3600.0000,base-04-COST-HOSTING-FF-015,BUSINESS_DRIVEN_FORECAST,foundry-field,2027
BIZ_DEFERRED,liability,2026-09-09T00:00:00Z,NONCASH_OR_OPENING,0.0000,115000.0000,Monthly service under effective contract version,SHI,CONDITIONAL_FORECAST,BIZ-base-0000620,4,4,2027-04-30,base,FOUNDRY_FIELD,115000.0000,base-04-SUBSCRIPTION_SERVICE-FF-016,BUSINESS_DRIVEN_FORECAST,foundry-field,2027
BIZ_REVENUE,revenue,2026-09-09T00:00:00Z,NONCASH_OR_OPENING,115000.0000,0.0000,Monthly service under effective contract version,SHI,CONDITIONAL_FORECAST,BIZ-base-0000620,4,4,2027-04-30,base,FOUNDRY_FIELD,-115000.0000,base-04-SUBSCRIPTION_SERVICE-FF-016,BUSINESS_DRIVEN_FORECAST,foundry-field,2027
BIZ_DELIVERY,expense,2026-09-09T00:00:00Z,NONCASH_OR_OPENING,0.0000,1800.0000,Source-driven vendor cost,SHI,CONDITIONAL_FORECAST,BIZ-base-0000621,4,4,2027-04-30,base,FOUNDRY_FIELD,1800.0000,base-04-COST-HOSTING-FF-016,BUSINESS_DRIVEN_FORECAST,foundry-field,2027
BIZ_AP,liability,2026-09-09T00:00:00Z,NONCASH_OR_OPENING,1800.0000,0.0000,Source-driven vendor cost,SHI,CONDITIONAL_FORECAST,BIZ-base-0000621,4,4,2027-04-30,base,FOUNDRY_FIELD,-1800.0000,base-04-COST-HOSTING-FF-016,BUSINESS_DRIVEN_FORECAST,foundry-field,2027
BIZ_DEFERRED,liability,2026-09-09T00:00:00Z,NONCASH_OR_OPENING,0.0000,130000.0000,Monthly service under effective contract version,SHI,CONDITIONAL_FORECAST,BIZ-base-0000622,4,4,2027-04-30,base,FOUNDRY_FIELD,130000.0000,base-04-SUBSCRIPTION_SERVICE-FF-017,BUSINESS_DRIVEN_FORECAST,foundry-field,2027
BIZ_REVENUE,revenue,2026-09-09T00:00:00Z,NONCASH_OR_OPENING,130000.0000,0.0000,Monthly service under effective contract version,SHI,CONDITIONAL_FORECAST,BIZ-base-0000622,4,4,2027-04-30,base,FOUNDRY_FIELD,-130000.0000,base-04-SUBSCRIPTION_SERVICE-FF-017,BUSINESS_DRIVEN_FORECAST,foundry-field,2027
BIZ_DELIVERY,expense,2026-09-09T00:00:00Z,NONCASH_OR_OPENING,0.0000,2400.0000,Source-driven vendor cost,SHI,CONDITIONAL_FORECAST,BIZ-base-0000623,4,4,2027-04-30,base,FOUNDRY_FIELD,2400.0000,base-04-COST-HOSTING-FF-017,BUSINESS_DRIVEN_FORECAST,foundry-field,2027
BIZ_AP,liability,2026-09-09T00:00:00Z,NONCASH_OR_OPENING,2400.0000,0.0000,Source-driven vendor cost,SHI,CONDITIONAL_FORECAST,BIZ-base-0000623,4,4,2027-04-30,base,FOUNDRY_FIELD,-2400.0000,base-04-COST-HOSTING-FF-017,BUSINESS_DRIVEN_FORECAST,foundry-field,2027
BIZ_DEFERRED,liability,2026-09-09T00:00:00Z,NONCASH_OR_OPENING,0.0000,145000.0000,Monthly service under effective contract version,SHI,CONDITIONAL_FORECAST,BIZ-base-0000624,4,4,2027-04-30,base,FOUNDRY_FIELD,145000.0000,base-04-SUBSCRIPTION_SERVICE-FF-018,BUSINESS_DRIVEN_FORECAST,foundry-field,2027
BIZ_REVENUE,revenue,2026-09-09T00:00:00Z,NONCASH_OR_OPENING,145000.0000,0.0000,Monthly service under effective contract version,SHI,CONDITIONAL_FORECAST,BIZ-base-0000624,4,4,2027-04-30,base,FOUNDRY_FIELD,-145000.0000,base-04-SUBSCRIPTION_SERVICE-FF-018,BUSINESS_DRIVEN_FORECAST,foundry-field,2027
BIZ_DELIVERY,expense,2026-09-09T00:00:00Z,NONCASH_OR_OPENING,0.0000,3000.0000,Source-driven vendor cost,SHI,CONDITIONAL_FORECAST,BIZ-base-0000625,4,4,2027-04-30,base,FOUNDRY_FIELD,3000.0000,base-04-COST-HOSTING-FF-018,BUSINESS_DRIVEN_FORECAST,foundry-field,2027
BIZ_AP,liability,2026-09-09T00:00:00Z,NONCASH_OR_OPENING,3000.0000,0.0000,Source-driven vendor cost,SHI,CONDITIONAL_FORECAST,BIZ-base-0000625,4,4,2027-04-30,base,FOUNDRY_FIELD,-3000.0000,base-04-COST-HOSTING-FF-018,BUSINESS_DRIVEN_FORECAST,foundry-field,2027
BIZ_DEFERRED,liability,2026-09-09T00:00:00Z,NONCASH_OR_OPENING,0.0000,160000.0000,Monthly service under effective contract version,SHI,CONDITIONAL_FORECAST,BIZ-base-0000626,4,4,2027-04-30,base,FOUNDRY_FIELD,160000.0000,base-04-SUBSCRIPTION_SERVICE-FF-019,BUSINESS_DRIVEN_FORECAST,foundry-field,2027
BIZ_REVENUE,revenue,2026-09-09T00:00:00Z,NONCASH_OR_OPENING,160000.0000,0.0000,Monthly service under effective contract version,SHI,CONDITIONAL_FORECAST,BIZ-base-0000626,4,4,2027-04-30,base,FOUNDRY_FIELD,-160000.0000,base-04-SUBSCRIPTION_SERVICE-FF-019,BUSINESS_DRIVEN_FORECAST,foundry-field,2027
BIZ_DELIVERY,expense,2026-09-09T00:00:00Z,NONCASH_OR_OPENING,0.0000,3600.0000,Source-driven vendor cost,SHI,CONDITIONAL_FORECAST,BIZ-base-0000627,4,4,2027-04-30,base,FOUNDRY_FIELD,3600.0000,base-04-COST-HOSTING-FF-019,BUSINESS_DRIVEN_FORECAST,foundry-field,2027
BIZ_AP,liability,2026-09-09T00:00:00Z,NONCASH_OR_OPENING,3600.0000,0.0000,Source-driven vendor cost,SHI,CONDITIONAL_FORECAST,BIZ-base-0000627,4,4,2027-04-30,base,FOUNDRY_FIELD,-3600.0000,base-04-COST-HOSTING-FF-019,BUSINESS_DRIVEN_FORECAST,foundry-field,2027
BIZ_DEFERRED,liability,2026-09-09T00:00:00Z,NONCASH_OR_OPENING,0.0000,100000.0000,Monthly service under effective contract version,SHI,CONDITIONAL_FORECAST,BIZ-base-0000628,4,4,2027-04-30,base,FOUNDRY_FIELD,100000.0000,base-04-SUBSCRIPTION_SERVICE-FF-020,BUSINESS_DRIVEN_FORECAST,foundry-field,2027
BIZ_REVENUE,revenue,2026-09-09T00:00:00Z,NONCASH_OR_OPENING,100000.0000,0.0000,Monthly service under effective contract version,SHI,CONDITIONAL_FORECAST,BIZ-base-0000628,4,4,2027-04-30,base,FOUNDRY_FIELD,-100000.0000,base-04-SUBSCRIPTION_SERVICE-FF-020,BUSINESS_DRIVEN_FORECAST,foundry-field,2027
BIZ_DELIVERY,expense,2026-09-09T00:00:00Z,NONCASH_OR_OPENING,0.0000,1800.0000,Source-driven vendor cost,SHI,CONDITIONAL_FORECAST,BIZ-base-0000629,4,4,2027-04-30,base,FOUNDRY_FIELD,1800.0000,base-04-COST-HOSTING-FF-020,BUSINESS_DRIVEN_FORECAST,foundry-field,2027
BIZ_AP,liability,2026-09-09T00:00:00Z,NONCASH_OR_OPENING,1800.0000,0.0000,Source-driven vendor cost,SHI,CONDITIONAL_FORECAST,BIZ-base-0000629,4,4,2027-04-30,base,FOUNDRY_FIELD,-1800.0000,base-04-COST-HOSTING-FF-020,BUSINESS_DRIVEN_FORECAST,foundry-field,2027
BIZ_DEFERRED,liability,2026-09-09T00:00:00Z,NONCASH_OR_OPENING,0.0000,115000.0000,Monthly service under effective contract version,SHI,CONDITIONAL_FORECAST,BIZ-base-0000630,4,4,2027-04-30,base,FOUNDRY_FIELD,115000.0000,base-04-SUBSCRIPTION_SERVICE-FF-021,BUSINESS_DRIVEN_FORECAST,foundry-field,2027
BIZ_REVENUE,revenue,2026-09-09T00:00:00Z,NONCASH_OR_OPENING,115000.0000,0.0000,Monthly service under effective contract version,SHI,CONDITIONAL_FORECAST,BIZ-base-0000630,4,4,2027-04-30,base,FOUNDRY_FIELD,-115000.0000,base-04-SUBSCRIPTION_SERVICE-FF-021,BUSINESS_DRIVEN_FORECAST,foundry-field,2027
BIZ_DELIVERY,expense,2026-09-09T00:00:00Z,NONCASH_OR_OPENING,0.0000,2400.0000,Source-driven vendor cost,SHI,CONDITIONAL_FORECAST,BIZ-base-0000631,4,4,2027-04-30,base,FOUNDRY_FIELD,2400.0000,base-04-COST-HOSTING-FF-021,BUSINESS_DRIVEN_FORECAST,foundry-field,2027
BIZ_AP,liability,2026-09-09T00:00:00Z,NONCASH_OR_OPENING,2400.0000,0.0000,Source-driven vendor cost,SHI,CONDITIONAL_FORECAST,BIZ-base-0000631,4,4,2027-04-30,base,FOUNDRY_FIELD,-2400.0000,base-04-COST-HOSTING-FF-021,BUSINESS_DRIVEN_FORECAST,foundry-field,2027
BIZ_DEFERRED,liability,2026-09-09T00:00:00Z,NONCASH_OR_OPENING,0.0000,130000.0000,Monthly service under effective contract version,SHI,CONDITIONAL_FORECAST,BIZ-base-0000632,4,4,2027-04-30,base,FOUNDRY_FIELD,130000.0000,base-04-SUBSCRIPTION_SERVICE-FF-022,BUSINESS_DRIVEN_FORECAST,foundry-field,2027
BIZ_REVENUE,revenue,2026-09-09T00:00:00Z,NONCASH_OR_OPENING,130000.0000,0.0000,Monthly service under effective contract version,SHI,CONDITIONAL_FORECAST,BIZ-base-0000632,4,4,2027-04-30,base,FOUNDRY_FIELD,-130000.0000,base-04-SUBSCRIPTION_SERVICE-FF-022,BUSINESS_DRIVEN_FORECAST,foundry-field,2027
BIZ_DELIVERY,expense,2026-09-09T00:00:00Z,NONCASH_OR_OPENING,0.0000,3000.0000,Source-driven vendor cost,SHI,CONDITIONAL_FORECAST,BIZ-base-0000633,4,4,2027-04-30,base,FOUNDRY_FIELD,3000.0000,base-04-COST-HOSTING-FF-022,BUSINESS_DRIVEN_FORECAST,foundry-field,2027
BIZ_AP,liability,2026-09-09T00:00:00Z,NONCASH_OR_OPENING,3000.0000,0.0000,Source-driven vendor cost,SHI,CONDITIONAL_FORECAST,BIZ-base-0000633,4,4,2027-04-30,base,FOUNDRY_FIELD,-3000.0000,base-04-COST-HOSTING-FF-022,BUSINESS_DRIVEN_FORECAST,foundry-field,2027
BIZ_DEFERRED,liability,2026-09-09T00:00:00Z,NONCASH_OR_OPENING,0.0000,145000.0000,Monthly service under effective contract version,SHI,CONDITIONAL_FORECAST,BIZ-base-0000634,4,4,2027-04-30,base,FOUNDRY_FIELD,145000.0000,base-04-SUBSCRIPTION_SERVICE-FF-023,BUSINESS_DRIVEN_FORECAST,foundry-field,2027
BIZ_REVENUE,revenue,2026-09-09T00:00:00Z,NONCASH_OR_OPENING,145000.0000,0.0000,Monthly service under effective contract version,SHI,CONDITIONAL_FORECAST,BIZ-base-0000634,4,4,2027-04-30,base,FOUNDRY_FIELD,-145000.0000,base-04-SUBSCRIPTION_SERVICE-FF-023,BUSINESS_DRIVEN_FORECAST,foundry-field,2027
BIZ_DELIVERY,expense,2026-09-09T00:00:00Z,NONCASH_OR_OPENING,0.0000,3600.0000,Source-driven vendor cost,SHI,CONDITIONAL_FORECAST,BIZ-base-0000635,4,4,2027-04-30,base,FOUNDRY_FIELD,3600.0000,base-04-COST-HOSTING-FF-023,BUSINESS_DRIVEN_FORECAST,foundry-field,2027
BIZ_AP,liability,2026-09-09T00:00:00Z,NONCASH_OR_OPENING,3600.0000,0.0000,Source-driven vendor cost,SHI,CONDITIONAL_FORECAST,BIZ-base-0000635,4,4,2027-04-30,base,FOUNDRY_FIELD,-3600.0000,base-04-COST-HOSTING-FF-023,BUSINESS_DRIVEN_FORECAST,foundry-field,2027
BIZ_DEFERRED,liability,2026-09-09T00:00:00Z,NONCASH_OR_OPENING,0.0000,160000.0000,Monthly service under effective contract version,SHI,CONDITIONAL_FORECAST,BIZ-base-0000636,4,4,2027-04-30,base,FOUNDRY_FIELD,160000.0000,base-04-SUBSCRIPTION_SERVICE-FF-024,BUSINESS_DRIVEN_FORECAST,foundry-field,2027
BIZ_REVENUE,revenue,2026-09-09T00:00:00Z,NONCASH_OR_OPENING,160000.0000,0.0000,Monthly service under effective contract version,SHI,CONDITIONAL_FORECAST,BIZ-base-0000636,4,4,2027-04-30,base,FOUNDRY_FIELD,-160000.0000,base-04-SUBSCRIPTION_SERVICE-FF-024,BUSINESS_DRIVEN_FORECAST,foundry-field,2027
BIZ_DELIVERY,expense,2026-09-09T00:00:00Z,NONCASH_OR_OPENING,0.0000,1800.0000,Source-driven vendor cost,SHI,CONDITIONAL_FORECAST,BIZ-base-0000637,4,4,2027-04-30,base,FOUNDRY_FIELD,1800.0000,base-04-COST-HOSTING-FF-024,BUSINESS_DRIVEN_FORECAST,foundry-field,2027
BIZ_AP,liability,2026-09-09T00:00:00Z,NONCASH_OR_OPENING,1800.0000,0.0000,Source-driven vendor cost,SHI,CONDITIONAL_FORECAST,BIZ-base-0000637,4,4,2027-04-30,base,FOUNDRY_FIELD,-1800.0000,base-04-COST-HOSTING-FF-024,BUSINESS_DRIVEN_FORECAST,foundry-field,2027
BIZ_DEFERRED,liability,2026-09-09T00:00:00Z,NONCASH_OR_OPENING,0.0000,100000.0000,Monthly service under effective contract version,SHI,CONDITIONAL_FORECAST,BIZ-base-0000638,4,4,2027-04-30,base,FOUNDRY_FIELD,100000.0000,base-04-SUBSCRIPTION_SERVICE-FF-025,BUSINESS_DRIVEN_FORECAST,foundry-field,2027
BIZ_REVENUE,revenue,2026-09-09T00:00:00Z,NONCASH_OR_OPENING,100000.0000,0.0000,Monthly service under effective contract version,SHI,CONDITIONAL_FORECAST,BIZ-base-0000638,4,4,2027-04-30,base,FOUNDRY_FIELD,-100000.0000,base-04-SUBSCRIPTION_SERVICE-FF-025,BUSINESS_DRIVEN_FORECAST,foundry-field,2027
BIZ_DELIVERY,expense,2026-09-09T00:00:00Z,NONCASH_OR_OPENING,0.0000,2400.0000,Source-driven vendor cost,SHI,CONDITIONAL_FORECAST,BIZ-base-0000639,4,4,2027-04-30,base,FOUNDRY_FIELD,2400.0000,base-04-COST-HOSTING-FF-025,BUSINESS_DRIVEN_FORECAST,foundry-field,2027
BIZ_AP,liability,2026-09-09T00:00:00Z,NONCASH_OR_OPENING,2400.0000,0.0000,Source-driven vendor cost,SHI,CONDITIONAL_FORECAST,BIZ-base-0000639,4,4,2027-04-30,base,FOUNDRY_FIELD,-2400.0000,base-04-COST-HOSTING-FF-025,BUSINESS_DRIVEN_FORECAST,foundry-field,2027
BIZ_DEFERRED,liability,2026-09-09T00:00:00Z,NONCASH_OR_OPENING,0.0000,115000.0000,Monthly service under effective contract version,SHI,CONDITIONAL_FORECAST,BIZ-base-0000640,4,4,2027-04-30,base,FOUNDRY_FIELD,115000.0000,base-04-SUBSCRIPTION_SERVICE-FF-026,BUSINESS_DRIVEN_FORECAST,foundry-field,2027
BIZ_REVENUE,revenue,2026-09-09T00:00:00Z,NONCASH_OR_OPENING,115000.0000,0.0000,Monthly service under effective contract version,SHI,CONDITIONAL_FORECAST,BIZ-base-0000640,4,4,2027-04-30,base,FOUNDRY_FIELD,-115000.0000,base-04-SUBSCRIPTION_SERVICE-FF-026,BUSINESS_DRIVEN_FORECAST,foundry-field,2027
BIZ_DELIVERY,expense,2026-09-09T00:00:00Z,NONCASH_OR_OPENING,0.0000,3000.0000,Source-driven vendor cost,SHI,CONDITIONAL_FORECAST,BIZ-base-0000641,4,4,2027-04-30,base,FOUNDRY_FIELD,3000.0000,base-04-COST-HOSTING-FF-026,BUSINESS_DRIVEN_FORECAST,foundry-field,2027
BIZ_AP,liability,2026-09-09T00:00:00Z,NONCASH_OR_OPENING,3000.0000,0.0000,Source-driven vendor cost,SHI,CONDITIONAL_FORECAST,BIZ-base-0000641,4,4,2027-04-30,base,FOUNDRY_FIELD,-3000.0000,base-04-COST-HOSTING-FF-026,BUSINESS_DRIVEN_FORECAST,foundry-field,2027
BIZ_DEFERRED,liability,2026-09-09T00:00:00Z,NONCASH_OR_OPENING,0.0000,130000.0000,Monthly service under effective contract version,SHI,CONDITIONAL_FORECAST,BIZ-base-0000642,4,4,2027-04-30,base,FOUNDRY_FIELD,130000.0000,base-04-SUBSCRIPTION_SERVICE-FF-027,BUSINESS_DRIVEN_FORECAST,foundry-field,2027
BIZ_REVENUE,revenue,2026-09-09T00:00:00Z,NONCASH_OR_OPENING,130000.0000,0.0000,Monthly service under effective contract version,SHI,CONDITIONAL_FORECAST,BIZ-base-0000642,4,4,2027-04-30,base,FOUNDRY_FIELD,-130000.0000,base-04-SUBSCRIPTION_SERVICE-FF-027,BUSINESS_DRIVEN_FORECAST,foundry-field,2027
BIZ_DELIVERY,expense,2026-09-09T00:00:00Z,NONCASH_OR_OPENING,0.0000,3600.0000,Source-driven vendor cost,SHI,CONDITIONAL_FORECAST,BIZ-base-0000643,4,4,2027-04-30,base,FOUNDRY_FIELD,3600.0000,base-04-COST-HOSTING-FF-027,BUSINESS_DRIVEN_FORECAST,foundry-field,2027
BIZ_AP,liability,2026-09-09T00:00:00Z,NONCASH_OR_OPENING,3600.0000,0.0000,Source-driven vendor cost,SHI,CONDITIONAL_FORECAST,BIZ-base-0000643,4,4,2027-04-30,base,FOUNDRY_FIELD,-3600.0000,base-04-COST-HOSTING-FF-027,BUSINESS_DRIVEN_FORECAST,foundry-field,2027
BIZ_DEFERRED,liability,2026-09-09T00:00:00Z,NONCASH_OR_OPENING,0.0000,145000.0000,Monthly service under effective contract version,SHI,CONDITIONAL_FORECAST,BIZ-base-0000644,4,4,2027-04-30,base,FOUNDRY_FIELD,145000.0000,base-04-SUBSCRIPTION_SERVICE-FF-028,BUSINESS_DRIVEN_FORECAST,foundry-field,2027
BIZ_REVENUE,revenue,2026-09-09T00:00:00Z,NONCASH_OR_OPENING,145000.0000,0.0000,Monthly service under effective contract version,SHI,CONDITIONAL_FORECAST,BIZ-base-0000644,4,4,2027-04-30,base,FOUNDRY_FIELD,-145000.0000,base-04-SUBSCRIPTION_SERVICE-FF-028,BUSINESS_DRIVEN_FORECAST,foundry-field,2027
BIZ_DELIVERY,expense,2026-09-09T00:00:00Z,NONCASH_OR_OPENING,0.0000,1800.0000,Source-driven vendor cost,SHI,CONDITIONAL_FORECAST,BIZ-base-0000645,4,4,2027-04-30,base,FOUNDRY_FIELD,1800.0000,base-04-COST-HOSTING-FF-028,BUSINESS_DRIVEN_FORECAST,foundry-field,2027
BIZ_AP,liability,2026-09-09T00:00:00Z,NONCASH_OR_OPENING,1800.0000,0.0000,Source-driven vendor cost,SHI,CONDITIONAL_FORECAST,BIZ-base-0000645,4,4,2027-04-30,base,FOUNDRY_FIELD,-1800.0000,base-04-COST-HOSTING-FF-028,BUSINESS_DRIVEN_FORECAST,foundry-field,2027
BIZ_DEFERRED,liability,2026-09-09T00:00:00Z,NONCASH_OR_OPENING,0.0000,160000.0000,Monthly service under effective contract version,SHI,CONDITIONAL_FORECAST,BIZ-base-0000646,4,4,2027-04-30,base,FOUNDRY_FIELD,160000.0000,base-04-SUBSCRIPTION_SERVICE-FF-029,BUSINESS_DRIVEN_FORECAST,foundry-field,2027
BIZ_REVENUE,revenue,2026-09-09T00:00:00Z,NONCASH_OR_OPENING,160000.0000,0.0000,Monthly service under effective contract version,SHI,CONDITIONAL_FORECAST,BIZ-base-0000646,4,4,2027-04-30,base,FOUNDRY_FIELD,-160000.0000,base-04-SUBSCRIPTION_SERVICE-FF-029,BUSINESS_DRIVEN_FORECAST,foundry-field,2027
BIZ_DELIVERY,expense,2026-09-09T00:00:00Z,NONCASH_OR_OPENING,0.0000,2400.0000,Source-driven vendor cost,SHI,CONDITIONAL_FORECAST,BIZ-base-0000647,4,4,2027-04-30,base,FOUNDRY_FIELD,2400.0000,base-04-COST-HOSTING-FF-029,BUSINESS_DRIVEN_FORECAST,foundry-field,2027
BIZ_AP,liability,2026-09-09T00:00:00Z,NONCASH_OR_OPENING,2400.0000,0.0000,Source-driven vendor cost,SHI,CONDITIONAL_FORECAST,BIZ-base-0000647,4,4,2027-04-30,base,FOUNDRY_FIELD,-2400.0000,base-04-COST-HOSTING-FF-029,BUSINESS_DRIVEN_FORECAST,foundry-field,2027
BIZ_DEFERRED,liability,2026-09-09T00:00:00Z,NONCASH_OR_OPENING,0.0000,100000.0000,Monthly service under effective contract version,SHI,CONDITIONAL_FORECAST,BIZ-base-0000648,4,4,2027-04-30,base,FOUNDRY_FIELD,100000.0000,base-04-SUBSCRIPTION_SERVICE-FF-030,BUSINESS_DRIVEN_FORECAST,foundry-field,2027
BIZ_REVENUE,revenue,2026-09-09T00:00:00Z,NONCASH_OR_OPENING,100000.0000,0.0000,Monthly service under effective contract version,SHI,CONDITIONAL_FORECAST,BIZ-base-0000648,4,4,2027-04-30,base,FOUNDRY_FIELD,-100000.0000,base-04-SUBSCRIPTION_SERVICE-FF-030,BUSINESS_DRIVEN_FORECAST,foundry-field,2027
BIZ_DELIVERY,expense,2026-09-09T00:00:00Z,NONCASH_OR_OPENING,0.0000,3000.0000,Source-driven vendor cost,SHI,CONDITIONAL_FORECAST,BIZ-base-0000649,4,4,2027-04-30,base,FOUNDRY_FIELD,3000.0000,base-04-COST-HOSTING-FF-030,BUSINESS_DRIVEN_FORECAST,foundry-field,2027
BIZ_AP,liability,2026-09-09T00:00:00Z,NONCASH_OR_OPENING,3000.0000,0.0000,Source-driven vendor cost,SHI,CONDITIONAL_FORECAST,BIZ-base-0000649,4,4,2027-04-30,base,FOUNDRY_FIELD,-3000.0000,base-04-COST-HOSTING-FF-030,BUSINESS_DRIVEN_FORECAST,foundry-field,2027
BIZ_DEFERRED,liability,2026-09-09T00:00:00Z,NONCASH_OR_OPENING,0.0000,115000.0000,Monthly service under effective contract version,SHI,CONDITIONAL_FORECAST,BIZ-base-0000650,4,4,2027-04-30,base,FOUNDRY_FIELD,115000.0000,base-04-SUBSCRIPTION_SERVICE-FF-031,BUSINESS_DRIVEN_FORECAST,foundry-field,2027
BIZ_REVENUE,revenue,2026-09-09T00:00:00Z,NONCASH_OR_OPENING,115000.0000,0.0000,Monthly service under effective contract version,SHI,CONDITIONAL_FORECAST,BIZ-base-0000650,4,4,2027-04-30,base,FOUNDRY_FIELD,-115000.0000,base-04-SUBSCRIPTION_SERVICE-FF-031,BUSINESS_DRIVEN_FORECAST,foundry-field,2027
BIZ_DELIVERY,expense,2026-09-09T00:00:00Z,NONCASH_OR_OPENING,0.0000,3600.0000,Source-driven vendor cost,SHI,CONDITIONAL_FORECAST,BIZ-base-0000651,4,4,2027-04-30,base,FOUNDRY_FIELD,3600.0000,base-04-COST-HOSTING-FF-031,BUSINESS_DRIVEN_FORECAST,foundry-field,2027
BIZ_AP,liability,2026-09-09T00:00:00Z,NONCASH_OR_OPENING,3600.0000,0.0000,Source-driven vendor cost,SHI,CONDITIONAL_FORECAST,BIZ-base-0000651,4,4,2027-04-30,base,FOUNDRY_FIELD,-3600.0000,base-04-COST-HOSTING-FF-031,BUSINESS_DRIVEN_FORECAST,foundry-field,2027
BIZ_DEFERRED,liability,2026-09-09T00:00:00Z,NONCASH_OR_OPENING,0.0000,130000.0000,Monthly service under effective contract version,SHI,CONDITIONAL_FORECAST,BIZ-base-0000652,4,4,2027-04-30,base,FOUNDRY_FIELD,130000.0000,base-04-SUBSCRIPTION_SERVICE-FF-032,BUSINESS_DRIVEN_FORECAST,foundry-field,2027
BIZ_REVENUE,revenue,2026-09-09T00:00:00Z,NONCASH_OR_OPENING,130000.0000,0.0000,Monthly service under effective contract version,SHI,CONDITIONAL_FORECAST,BIZ-base-0000652,4,4,2027-04-30,base,FOUNDRY_FIELD,-130000.0000,base-04-SUBSCRIPTION_SERVICE-FF-032,BUSINESS_DRIVEN_FORECAST,foundry-field,2027
BIZ_DELIVERY,expense,2026-09-09T00:00:00Z,NONCASH_OR_OPENING,0.0000,1800.0000,Source-driven vendor cost,SHI,CONDITIONAL_FORECAST,BIZ-base-0000653,4,4,2027-04-30,base,FOUNDRY_FIELD,1800.0000,base-04-COST-HOSTING-FF-032,BUSINESS_DRIVEN_FORECAST,foundry-field,2027
BIZ_AP,liability,2026-09-09T00:00:00Z,NONCASH_OR_OPENING,1800.0000,0.0000,Source-driven vendor cost,SHI,CONDITIONAL_FORECAST,BIZ-base-0000653,4,4,2027-04-30,base,FOUNDRY_FIELD,-1800.0000,base-04-COST-HOSTING-FF-032,BUSINESS_DRIVEN_FORECAST,foundry-field,2027
BIZ_DEFERRED,liability,2026-09-09T00:00:00Z,NONCASH_OR_OPENING,0.0000,145000.0000,Monthly service under effective contract version,SHI,CONDITIONAL_FORECAST,BIZ-base-0000654,4,4,2027-04-30,base,FOUNDRY_FIELD,145000.0000,base-04-SUBSCRIPTION_SERVICE-FF-033,BUSINESS_DRIVEN_FORECAST,foundry-field,2027
BIZ_REVENUE,revenue,2026-09-09T00:00:00Z,NONCASH_OR_OPENING,145000.0000,0.0000,Monthly service under effective contract version,SHI,CONDITIONAL_FORECAST,BIZ-base-0000654,4,4,2027-04-30,base,FOUNDRY_FIELD,-145000.0000,base-04-SUBSCRIPTION_SERVICE-FF-033,BUSINESS_DRIVEN_FORECAST,foundry-field,2027
BIZ_DELIVERY,expense,2026-09-09T00:00:00Z,NONCASH_OR_OPENING,0.0000,2400.0000,Source-driven vendor cost,SHI,CONDITIONAL_FORECAST,BIZ-base-0000655,4,4,2027-04-30,base,FOUNDRY_FIELD,2400.0000,base-04-COST-HOSTING-FF-033,BUSINESS_DRIVEN_FORECAST,foundry-field,2027
BIZ_AP,liability,2026-09-09T00:00:00Z,NONCASH_OR_OPENING,2400.0000,0.0000,Source-driven vendor cost,SHI,CONDITIONAL_FORECAST,BIZ-base-0000655,4,4,2027-04-30,base,FOUNDRY_FIELD,-2400.0000,base-04-COST-HOSTING-FF-033,BUSINESS_DRIVEN_FORECAST,foundry-field,2027
BIZ_DEFERRED,liability,2026-09-09T00:00:00Z,NONCASH_OR_OPENING,0.0000,160000.0000,Monthly service under effective contract version,SHI,CONDITIONAL_FORECAST,BIZ-base-0000656,4,4,2027-04-30,base,FOUNDRY_FIELD,160000.0000,base-04-SUBSCRIPTION_SERVICE-FF-034,BUSINESS_DRIVEN_FORECAST,foundry-field,2027
BIZ_REVENUE,revenue,2026-09-09T00:00:00Z,NONCASH_OR_OPENING,160000.0000,0.0000,Monthly service under effective contract version,SHI,CONDITIONAL_FORECAST,BIZ-base-0000656,4,4,2027-04-30,base,FOUNDRY_FIELD,-160000.0000,base-04-SUBSCRIPTION_SERVICE-FF-034,BUSINESS_DRIVEN_FORECAST,foundry-field,2027
BIZ_DELIVERY,expense,2026-09-09T00:00:00Z,NONCASH_OR_OPENING,0.0000,3000.0000,Source-driven vendor cost,SHI,CONDITIONAL_FORECAST,BIZ-base-0000657,4,4,2027-04-30,base,FOUNDRY_FIELD,3000.0000,base-04-COST-HOSTING-FF-034,BUSINESS_DRIVEN_FORECAST,foundry-field,2027
BIZ_AP,liability,2026-09-09T00:00:00Z,NONCASH_OR_OPENING,3000.0000,0.0000,Source-driven vendor cost,SHI,CONDITIONAL_FORECAST,BIZ-base-0000657,4,4,2027-04-30,base,FOUNDRY_FIELD,-3000.0000,base-04-COST-HOSTING-FF-034,BUSINESS_DRIVEN_FORECAST,foundry-field,2027
BIZ_DEFERRED,liability,2026-09-09T00:00:00Z,NONCASH_OR_OPENING,0.0000,100000.0000,Monthly service under effective contract version,SHI,CONDITIONAL_FORECAST,BIZ-base-0000658,4,4,2027-04-30,base,FOUNDRY_FIELD,100000.0000,base-04-SUBSCRIPTION_SERVICE-FF-035,BUSINESS_DRIVEN_FORECAST,foundry-field,2027
BIZ_REVENUE,revenue,2026-09-09T00:00:00Z,NONCASH_OR_OPENING,100000.0000,0.0000,Monthly service under effective contract version,SHI,CONDITIONAL_FORECAST,BIZ-base-0000658,4,4,2027-04-30,base,FOUNDRY_FIELD,-100000.0000,base-04-SUBSCRIPTION_SERVICE-FF-035,BUSINESS_DRIVEN_FORECAST,foundry-field,2027
BIZ_DELIVERY,expense,2026-09-09T00:00:00Z,NONCASH_OR_OPENING,0.0000,3600.0000,Source-driven vendor cost,SHI,CONDITIONAL_FORECAST,BIZ-base-0000659,4,4,2027-04-30,base,FOUNDRY_FIELD,3600.0000,base-04-COST-HOSTING-FF-035,BUSINESS_DRIVEN_FORECAST,foundry-field,2027
BIZ_AP,liability,2026-09-09T00:00:00Z,NONCASH_OR_OPENING,3600.0000,0.0000,Source-driven vendor cost,SHI,CONDITIONAL_FORECAST,BIZ-base-0000659,4,4,2027-04-30,base,FOUNDRY_FIELD,-3600.0000,base-04-COST-HOSTING-FF-035,BUSINESS_DRIVEN_FORECAST,foundry-field,2027
BIZ_DEFERRED,liability,2026-09-09T00:00:00Z,NONCASH_OR_OPENING,0.0000,115000.0000,Monthly service under effective contract version,SHI,CONDITIONAL_FORECAST,BIZ-base-0000660,4,4,2027-04-30,base,FOUNDRY_FIELD,115000.0000,base-04-SUBSCRIPTION_SERVICE-FF-036,BUSINESS_DRIVEN_FORECAST,foundry-field,2027
BIZ_REVENUE,revenue,2026-09-09T00:00:00Z,NONCASH_OR_OPENING,115000.0000,0.0000,Monthly service under effective contract version,SHI,CONDITIONAL_FORECAST,BIZ-base-0000660,4,4,2027-04-30,base,FOUNDRY_FIELD,-115000.0000,base-04-SUBSCRIPTION_SERVICE-FF-036,BUSINESS_DRIVEN_FORECAST,foundry-field,2027
BIZ_DELIVERY,expense,2026-09-09T00:00:00Z,NONCASH_OR_OPENING,0.0000,1800.0000,Source-driven vendor cost,SHI,CONDITIONAL_FORECAST,BIZ-base-0000661,4,4,2027-04-30,base,FOUNDRY_FIELD,1800.0000,base-04-COST-HOSTING-FF-036,BUSINESS_DRIVEN_FORECAST,foundry-field,2027
BIZ_AP,liability,2026-09-09T00:00:00Z,NONCASH_OR_OPENING,1800.0000,0.0000,Source-driven vendor cost,SHI,CONDITIONAL_FORECAST,BIZ-base-0000661,4,4,2027-04-30,base,FOUNDRY_FIELD,-1800.0000,base-04-COST-HOSTING-FF-036,BUSINESS_DRIVEN_FORECAST,foundry-field,2027
BIZ_CREDIT_LOSS,expense,2026-09-09T00:00:00Z,NONCASH_OR_OPENING,1720200.0000,0.0000,"Explicit expected credit-loss estimate, not observed customer default",SHI,CONDITIONAL_FORECAST,BIZ-base-0000707,4,4,2027-04-30,base,FOUNDRY_FIELD,-1720200.0000,base-04-MONTH_END_ESTIMATE-foundry-field,BUSINESS_DRIVEN_FORECAST,foundry-field,2027
BIZ_ALLOWANCE,asset,2026-09-09T00:00:00Z,NONCASH_OR_OPENING,0.0000,1720200.0000,"Explicit expected credit-loss estimate, not observed customer default",SHI,CONDITIONAL_FORECAST,BIZ-base-0000707,4,4,2027-04-30,base,FOUNDRY_FIELD,1720200.0000,base-04-MONTH_END_ESTIMATE-foundry-field,BUSINESS_DRIVEN_FORECAST,foundry-field,2027
BIZ_CREDIT_LOSS,expense,2026-09-09T00:00:00Z,NONCASH_OR_OPENING,0.0000,1665000.0000,Invoice-specific synthetic graded expected-credit-loss estimate,SHI,CONDITIONAL_FORECAST,BIZ-base-0000710,4,4,2027-04-30,base,FOUNDRY_FIELD,1665000.0000,base-04-CREDIT_RISK_ESTIMATE-foundry-field,BUSINESS_DRIVEN_FORECAST,foundry-field,2027
BIZ_ALLOWANCE,asset,2026-09-09T00:00:00Z,NONCASH_OR_OPENING,1665000.0000,0.0000,Invoice-specific synthetic graded expected-credit-loss estimate,SHI,CONDITIONAL_FORECAST,BIZ-base-0000710,4,4,2027-04-30,base,FOUNDRY_FIELD,-1665000.0000,base-04-CREDIT_RISK_ESTIMATE-foundry-field,BUSINESS_DRIVEN_FORECAST,foundry-field,2027
1000,asset,2026-09-09T00:00:00Z,OPERATING,0.0000,1170000.0000,Modeled customer receipt,SHI,CONDITIONAL_FORECAST,BIZ-base-0000711,5,5,2027-05-31,base,FOUNDRY_FIELD,1170000.0000,base-05-COLLECTION-INV-base-FF-002-TERM-0,BUSINESS_DRIVEN_FORECAST,foundry-field,2027
BIZ_AR,asset,2026-09-09T00:00:00Z,NONCASH_OR_OPENING,1170000.0000,0.0000,Modeled customer receipt,SHI,CONDITIONAL_FORECAST,BIZ-base-0000711,5,5,2027-05-31,base,FOUNDRY_FIELD,-1170000.0000,base-05-COLLECTION-INV-base-FF-002-TERM-0,BUSINESS_DRIVEN_FORECAST,foundry-field,2027
BIZ_AP,liability,2026-09-09T00:00:00Z,NONCASH_OR_OPENING,0.0000,2400.0000,Scheduled vendor cash request; treasury shortfalls separately reported,SHI,CONDITIONAL_FORECAST,BIZ-base-0000721,5,5,2027-05-31,base,FOUNDRY_FIELD,2400.0000,base-05-PAYMENT_REQUEST-AP-base-4-HOSTING-FF-001,BUSINESS_DRIVEN_FORECAST,foundry-field,2027
1000,asset,2026-09-09T00:00:00Z,OPERATING,2400.0000,0.0000,Scheduled vendor cash request; treasury shortfalls separately reported,SHI,CONDITIONAL_FORECAST,BIZ-base-0000721,5,5,2027-05-31,base,FOUNDRY_FIELD,-2400.0000,base-05-PAYMENT_REQUEST-AP-base-4-HOSTING-FF-001,BUSINESS_DRIVEN_FORECAST,foundry-field,2027
BIZ_AP,liability,2026-09-09T00:00:00Z,NONCASH_OR_OPENING,0.0000,3000.0000,Scheduled vendor cash request; treasury shortfalls separately reported,SHI,CONDITIONAL_FORECAST,BIZ-base-0000722,5,5,2027-05-31,base,FOUNDRY_FIELD,3000.0000,base-05-PAYMENT_REQUEST-AP-base-4-HOSTING-FF-002,BUSINESS_DRIVEN_FORECAST,foundry-field,2027
1000,asset,2026-09-09T00:00:00Z,OPERATING,3000.0000,0.0000,Scheduled vendor cash request; treasury shortfalls separately reported,SHI,CONDITIONAL_FORECAST,BIZ-base-0000722,5,5,2027-05-31,base,FOUNDRY_FIELD,-3000.0000,base-05-PAYMENT_REQUEST-AP-base-4-HOSTING-FF-002,BUSINESS_DRIVEN_FORECAST,foundry-field,2027
BIZ_AP,liability,2026-09-09T00:00:00Z,NONCASH_OR_OPENING,0.0000,3600.0000,Scheduled vendor cash request; treasury shortfalls separately reported,SHI,CONDITIONAL_FORECAST,BIZ-base-0000723,5,5,2027-05-31,base,FOUNDRY_FIELD,3600.0000,base-05-PAYMENT_REQUEST-AP-base-4-HOSTING-FF-003,BUSINESS_DRIVEN_FORECAST,foundry-field,2027
1000,asset,2026-09-09T00:00:00Z,OPERATING,3600.0000,0.0000,Scheduled vendor cash request; treasury shortfalls separately reported,SHI,CONDITIONAL_FORECAST,BIZ-base-0000723,5,5,2027-05-31,base,FOUNDRY_FIELD,-3600.0000,base-05-PAYMENT_REQUEST-AP-base-4-HOSTING-FF-003,BUSINESS_DRIVEN_FORECAST,foundry-field,2027
BIZ_AP,liability,2026-09-09T00:00:00Z,NONCASH_OR_OPENING,0.0000,1800.0000,Scheduled vendor cash request; treasury shortfalls separately reported,SHI,CONDITIONAL_FORECAST,BIZ-base-0000724,5,5,2027-05-31,base,FOUNDRY_FIELD,1800.0000,base-05-PAYMENT_REQUEST-AP-base-4-HOSTING-FF-004,BUSINESS_DRIVEN_FORECAST,foundry-field,2027
1000,asset,2026-09-09T00:00:00Z,OPERATING,1800.0000,0.0000,Scheduled vendor cash request; treasury shortfalls separately reported,SHI,CONDITIONAL_FORECAST,BIZ-base-0000724,5,5,2027-05-31,base,FOUNDRY_FIELD,-1800.0000,base-05-PAYMENT_REQUEST-AP-base-4-HOSTING-FF-004,BUSINESS_DRIVEN_FORECAST,foundry-field,2027
BIZ_AP,liability,2026-09-09T00:00:00Z,NONCASH_OR_OPENING,0.0000,2400.0000,Scheduled vendor cash request; treasury shortfalls separately reported,SHI,CONDITIONAL_FORECAST,BIZ-base-0000725,5,5,2027-05-31,base,FOUNDRY_FIELD,2400.0000,base-05-PAYMENT_REQUEST-AP-base-4-HOSTING-FF-005,BUSINESS_DRIVEN_FORECAST,foundry-field,2027
1000,asset,2026-09-09T00:00:00Z,OPERATING,2400.0000,0.0000,Scheduled vendor cash request; treasury shortfalls separately reported,SHI,CONDITIONAL_FORECAST,BIZ-base-0000725,5,5,2027-05-31,base,FOUNDRY_FIELD,-2400.0000,base-05-PAYMENT_REQUEST-AP-base-4-HOSTING-FF-005,BUSINESS_DRIVEN_FORECAST,foundry-field,2027
BIZ_AP,liability,2026-09-09T00:00:00Z,NONCASH_OR_OPENING,0.0000,3000.0000,Scheduled vendor cash request; treasury shortfalls separately reported,SHI,CONDITIONAL_FORECAST,BIZ-base-0000726,5,5,2027-05-31,base,FOUNDRY_FIELD,3000.0000,base-05-PAYMENT_REQUEST-AP-base-4-HOSTING-FF-006,BUSINESS_DRIVEN_FORECAST,foundry-field,2027
1000,asset,2026-09-09T00:00:00Z,OPERATING,3000.0000,0.0000,Scheduled vendor cash request; treasury shortfalls separately reported,SHI,CONDITIONAL_FORECAST,BIZ-base-0000726,5,5,2027-05-31,base,FOUNDRY_FIELD,-3000.0000,base-05-PAYMENT_REQUEST-AP-base-4-HOSTING-FF-006,BUSINESS_DRIVEN_FORECAST,foundry-field,2027
BIZ_AP,liability,2026-09-09T00:00:00Z,NONCASH_OR_OPENING,0.0000,3600.0000,Scheduled vendor cash request; treasury shortfalls separately reported,SHI,CONDITIONAL_FORECAST,BIZ-base-0000727,5,5,2027-05-31,base,FOUNDRY_FIELD,3600.0000,base-05-PAYMENT_REQUEST-AP-base-4-HOSTING-FF-007,BUSINESS_DRIVEN_FORECAST,foundry-field,2027
1000,asset,2026-09-09T00:00:00Z,OPERATING,3600.0000,0.0000,Scheduled vendor cash request; treasury shortfalls separately reported,SHI,CONDITIONAL_FORECAST,BIZ-base-0000727,5,5,2027-05-31,base,FOUNDRY_FIELD,-3600.0000,base-05-PAYMENT_REQUEST-AP-base-4-HOSTING-FF-007,BUSINESS_DRIVEN_FORECAST,foundry-field,2027
BIZ_AP,liability,2026-09-09T00:00:00Z,NONCASH_OR_OPENING,0.0000,1800.0000,Scheduled vendor cash request; treasury shortfalls separately reported,SHI,CONDITIONAL_FORECAST,BIZ-base-0000728,5,5,2027-05-31,base,FOUNDRY_FIELD,1800.0000,base-05-PAYMENT_REQUEST-AP-base-4-HOSTING-FF-008,BUSINESS_DRIVEN_FORECAST,foundry-field,2027
1000,asset,2026-09-09T00:00:00Z,OPERATING,1800.0000,0.0000,Scheduled vendor cash request; treasury shortfalls separately reported,SHI,CONDITIONAL_FORECAST,BIZ-base-0000728,5,5,2027-05-31,base,FOUNDRY_FIELD,-1800.0000,base-05-PAYMENT_REQUEST-AP-base-4-HOSTING-FF-008,BUSINESS_DRIVEN_FORECAST,foundry-field,2027
BIZ_AP,liability,2026-09-09T00:00:00Z,NONCASH_OR_OPENING,0.0000,2400.0000,Scheduled vendor cash request; treasury shortfalls separately reported,SHI,CONDITIONAL_FORECAST,BIZ-base-0000729,5,5,2027-05-31,base,FOUNDRY_FIELD,2400.0000,base-05-PAYMENT_REQUEST-AP-base-4-HOSTING-FF-009,BUSINESS_DRIVEN_FORECAST,foundry-field,2027
1000,asset,2026-09-09T00:00:00Z,OPERATING,2400.0000,0.0000,Scheduled vendor cash request; treasury shortfalls separately reported,SHI,CONDITIONAL_FORECAST,BIZ-base-0000729,5,5,2027-05-31,base,FOUNDRY_FIELD,-2400.0000,base-05-PAYMENT_REQUEST-AP-base-4-HOSTING-FF-009,BUSINESS_DRIVEN_FORECAST,foundry-field,2027
BIZ_AP,liability,2026-09-09T00:00:00Z,NONCASH_OR_OPENING,0.0000,3000.0000,Scheduled vendor cash request; treasury shortfalls separately reported,SHI,CONDITIONAL_FORECAST,BIZ-base-0000730,5,5,2027-05-31,base,FOUNDRY_FIELD,3000.0000,base-05-PAYMENT_REQUEST-AP-base-4-HOSTING-FF-010,BUSINESS_DRIVEN_FORECAST,foundry-field,2027
1000,asset,2026-09-09T00:00:00Z,OPERATING,3000.0000,0.0000,Scheduled vendor cash request; treasury shortfalls separately reported,SHI,CONDITIONAL_FORECAST,BIZ-base-0000730,5,5,2027-05-31,base,FOUNDRY_FIELD,-3000.0000,base-05-PAYMENT_REQUEST-AP-base-4-HOSTING-FF-010,BUSINESS_DRIVEN_FORECAST,foundry-field,2027
BIZ_AP,liability,2026-09-09T00:00:00Z,NONCASH_OR_OPENING,0.0000,3600.0000,Scheduled vendor cash request; treasury shortfalls separately reported,SHI,CONDITIONAL_FORECAST,BIZ-base-0000731,5,5,2027-05-31,base,FOUNDRY_FIELD,3600.0000,base-05-PAYMENT_REQUEST-AP-base-4-HOSTING-FF-011,BUSINESS_DRIVEN_FORECAST,foundry-field,2027
1000,asset,2026-09-09T00:00:00Z,OPERATING,3600.0000,0.0000,Scheduled vendor cash request; treasury shortfalls separately reported,SHI,CONDITIONAL_FORECAST,BIZ-base-0000731,5,5,2027-05-31,base,FOUNDRY_FIELD,-3600.0000,base-05-PAYMENT_REQUEST-AP-base-4-HOSTING-FF-011,BUSINESS_DRIVEN_FORECAST,foundry-field,2027
BIZ_AP,liability,2026-09-09T00:00:00Z,NONCASH_OR_OPENING,0.0000,1800.0000,Scheduled vendor cash request; treasury shortfalls separately reported,SHI,CONDITIONAL_FORECAST,BIZ-base-0000732,5,5,2027-05-31,base,FOUNDRY_FIELD,1800.0000,base-05-PAYMENT_REQUEST-AP-base-4-HOSTING-FF-012,BUSINESS_DRIVEN_FORECAST,foundry-field,2027
1000,asset,2026-09-09T00:00:00Z,OPERATING,1800.0000,0.0000,Scheduled vendor cash request; treasury shortfalls separately reported,SHI,CONDITIONAL_FORECAST,BIZ-base-0000732,5,5,2027-05-31,base,FOUNDRY_FIELD,-1800.0000,base-05-PAYMENT_REQUEST-AP-base-4-HOSTING-FF-012,BUSINESS_DRIVEN_FORECAST,foundry-field,2027
BIZ_AP,liability,2026-09-09T00:00:00Z,NONCASH_OR_OPENING,0.0000,2400.0000,Scheduled vendor cash request; treasury shortfalls separately reported,SHI,CONDITIONAL_FORECAST,BIZ-base-0000733,5,5,2027-05-31,base,FOUNDRY_FIELD,2400.0000,base-05-PAYMENT_REQUEST-AP-base-4-HOSTING-FF-013,BUSINESS_DRIVEN_FORECAST,foundry-field,2027
1000,asset,2026-09-09T00:00:00Z,OPERATING,2400.0000,0.0000,Scheduled vendor cash request; treasury shortfalls separately reported,SHI,CONDITIONAL_FORECAST,BIZ-base-0000733,5,5,2027-05-31,base,FOUNDRY_FIELD,-2400.0000,base-05-PAYMENT_REQUEST-AP-base-4-HOSTING-FF-013,BUSINESS_DRIVEN_FORECAST,foundry-field,2027
BIZ_AP,liability,2026-09-09T00:00:00Z,NONCASH_OR_OPENING,0.0000,3000.0000,Scheduled vendor cash request; treasury shortfalls separately reported,SHI,CONDITIONAL_FORECAST,BIZ-base-0000734,5,5,2027-05-31,base,FOUNDRY_FIELD,3000.0000,base-05-PAYMENT_REQUEST-AP-base-4-HOSTING-FF-014,BUSINESS_DRIVEN_FORECAST,foundry-field,2027
1000,asset,2026-09-09T00:00:00Z,OPERATING,3000.0000,0.0000,Scheduled vendor cash request; treasury shortfalls separately reported,SHI,CONDITIONAL_FORECAST,BIZ-base-0000734,5,5,2027-05-31,base,FOUNDRY_FIELD,-3000.0000,base-05-PAYMENT_REQUEST-AP-base-4-HOSTING-FF-014,BUSINESS_DRIVEN_FORECAST,foundry-field,2027
BIZ_AP,liability,2026-09-09T00:00:00Z,NONCASH_OR_OPENING,0.0000,3600.0000,Scheduled vendor cash request; treasury shortfalls separately reported,SHI,CONDITIONAL_FORECAST,BIZ-base-0000735,5,5,2027-05-31,base,FOUNDRY_FIELD,3600.0000,base-05-PAYMENT_REQUEST-AP-base-4-HOSTING-FF-015,BUSINESS_DRIVEN_FORECAST,foundry-field,2027
1000,asset,2026-09-09T00:00:00Z,OPERATING,3600.0000,0.0000,Scheduled vendor cash request; treasury shortfalls separately reported,SHI,CONDITIONAL_FORECAST,BIZ-base-0000735,5,5,2027-05-31,base,FOUNDRY_FIELD,-3600.0000,base-05-PAYMENT_REQUEST-AP-base-4-HOSTING-FF-015,BUSINESS_DRIVEN_FORECAST,foundry-field,2027
BIZ_AP,liability,2026-09-09T00:00:00Z,NONCASH_OR_OPENING,0.0000,1800.0000,Scheduled vendor cash request; treasury shortfalls separately reported,SHI,CONDITIONAL_FORECAST,BIZ-base-0000736,5,5,2027-05-31,base,FOUNDRY_FIELD,1800.0000,base-05-PAYMENT_REQUEST-AP-base-4-HOSTING-FF-016,BUSINESS_DRIVEN_FORECAST,foundry-field,2027
1000,asset,2026-09-09T00:00:00Z,OPERATING,1800.0000,0.0000,Scheduled vendor cash request; treasury shortfalls separately reported,SHI,CONDITIONAL_FORECAST,BIZ-base-0000736,5,5,2027-05-31,base,FOUNDRY_FIELD,-1800.0000,base-05-PAYMENT_REQUEST-AP-base-4-HOSTING-FF-016,BUSINESS_DRIVEN_FORECAST,foundry-field,2027
BIZ_AP,liability,2026-09-09T00:00:00Z,NONCASH_OR_OPENING,0.0000,2400.0000,Scheduled vendor cash request; treasury shortfalls separately reported,SHI,CONDITIONAL_FORECAST,BIZ-base-0000737,5,5,2027-05-31,base,FOUNDRY_FIELD,2400.0000,base-05-PAYMENT_REQUEST-AP-base-4-HOSTING-FF-017,BUSINESS_DRIVEN_FORECAST,foundry-field,2027
1000,asset,2026-09-09T00:00:00Z,OPERATING,2400.0000,0.0000,Scheduled vendor cash request; treasury shortfalls separately reported,SHI,CONDITIONAL_FORECAST,BIZ-base-0000737,5,5,2027-05-31,base,FOUNDRY_FIELD,-2400.0000,base-05-PAYMENT_REQUEST-AP-base-4-HOSTING-FF-017,BUSINESS_DRIVEN_FORECAST,foundry-field,2027
BIZ_AP,liability,2026-09-09T00:00:00Z,NONCASH_OR_OPENING,0.0000,3000.0000,Scheduled vendor cash request; treasury shortfalls separately reported,SHI,CONDITIONAL_FORECAST,BIZ-base-0000738,5,5,2027-05-31,base,FOUNDRY_FIELD,3000.0000,base-05-PAYMENT_REQUEST-AP-base-4-HOSTING-FF-018,BUSINESS_DRIVEN_FORECAST,foundry-field,2027
1000,asset,2026-09-09T00:00:00Z,OPERATING,3000.0000,0.0000,Scheduled vendor cash request; treasury shortfalls separately reported,SHI,CONDITIONAL_FORECAST,BIZ-base-0000738,5,5,2027-05-31,base,FOUNDRY_FIELD,-3000.0000,base-05-PAYMENT_REQUEST-AP-base-4-HOSTING-FF-018,BUSINESS_DRIVEN_FORECAST,foundry-field,2027
BIZ_AP,liability,2026-09-09T00:00:00Z,NONCASH_OR_OPENING,0.0000,3600.0000,Scheduled vendor cash request; treasury shortfalls separately reported,SHI,CONDITIONAL_FORECAST,BIZ-base-0000739,5,5,2027-05-31,base,FOUNDRY_FIELD,3600.0000,base-05-PAYMENT_REQUEST-AP-base-4-HOSTING-FF-019,BUSINESS_DRIVEN_FORECAST,foundry-field,2027
1000,asset,2026-09-09T00:00:00Z,OPERATING,3600.0000,0.0000,Scheduled vendor cash request; treasury shortfalls separately reported,SHI,CONDITIONAL_FORECAST,BIZ-base-0000739,5,5,2027-05-31,base,FOUNDRY_FIELD,-3600.0000,base-05-PAYMENT_REQUEST-AP-base-4-HOSTING-FF-019,BUSINESS_DRIVEN_FORECAST,foundry-field,2027
BIZ_AP,liability,2026-09-09T00:00:00Z,NONCASH_OR_OPENING,0.0000,1800.0000,Scheduled vendor cash request; treasury shortfalls separately reported,SHI,CONDITIONAL_FORECAST,BIZ-base-0000740,5,5,2027-05-31,base,FOUNDRY_FIELD,1800.0000,base-05-PAYMENT_REQUEST-AP-base-4-HOSTING-FF-020,BUSINESS_DRIVEN_FORECAST,foundry-field,2027
1000,asset,2026-09-09T00:00:00Z,OPERATING,1800.0000,0.0000,Scheduled vendor cash request; treasury shortfalls separately reported,SHI,CONDITIONAL_FORECAST,BIZ-base-0000740,5,5,2027-05-31,base,FOUNDRY_FIELD,-1800.0000,base-05-PAYMENT_REQUEST-AP-base-4-HOSTING-FF-020,BUSINESS_DRIVEN_FORECAST,foundry-field,2027
BIZ_AP,liability,2026-09-09T00:00:00Z,NONCASH_OR_OPENING,0.0000,2400.0000,Scheduled vendor cash request; treasury shortfalls separately reported,SHI,CONDITIONAL_FORECAST,BIZ-base-0000741,5,5,2027-05-31,base,FOUNDRY_FIELD,2400.0000,base-05-PAYMENT_REQUEST-AP-base-4-HOSTING-FF-021,BUSINESS_DRIVEN_FORECAST,foundry-field,2027
1000,asset,2026-09-09T00:00:00Z,OPERATING,2400.0000,0.0000,Scheduled vendor cash request; treasury shortfalls separately reported,SHI,CONDITIONAL_FORECAST,BIZ-base-0000741,5,5,2027-05-31,base,FOUNDRY_FIELD,-2400.0000,base-05-PAYMENT_REQUEST-AP-base-4-HOSTING-FF-021,BUSINESS_DRIVEN_FORECAST,foundry-field,2027
BIZ_AP,liability,2026-09-09T00:00:00Z,NONCASH_OR_OPENING,0.0000,3000.0000,Scheduled vendor cash request; treasury shortfalls separately reported,SHI,CONDITIONAL_FORECAST,BIZ-base-0000742,5,5,2027-05-31,base,FOUNDRY_FIELD,3000.0000,base-05-PAYMENT_REQUEST-AP-base-4-HOSTING-FF-022,BUSINESS_DRIVEN_FORECAST,foundry-field,2027
1000,asset,2026-09-09T00:00:00Z,OPERATING,3000.0000,0.0000,Scheduled vendor cash request; treasury shortfalls separately reported,SHI,CONDITIONAL_FORECAST,BIZ-base-0000742,5,5,2027-05-31,base,FOUNDRY_FIELD,-3000.0000,base-05-PAYMENT_REQUEST-AP-base-4-HOSTING-FF-022,BUSINESS_DRIVEN_FORECAST,foundry-field,2027
BIZ_AP,liability,2026-09-09T00:00:00Z,NONCASH_OR_OPENING,0.0000,3600.0000,Scheduled vendor cash request; treasury shortfalls separately reported,SHI,CONDITIONAL_FORECAST,BIZ-base-0000743,5,5,2027-05-31,base,FOUNDRY_FIELD,3600.0000,base-05-PAYMENT_REQUEST-AP-base-4-HOSTING-FF-023,BUSINESS_DRIVEN_FORECAST,foundry-field,2027
1000,asset,2026-09-09T00:00:00Z,OPERATING,3600.0000,0.0000,Scheduled vendor cash request; treasury shortfalls separately reported,SHI,CONDITIONAL_FORECAST,BIZ-base-0000743,5,5,2027-05-31,base,FOUNDRY_FIELD,-3600.0000,base-05-PAYMENT_REQUEST-AP-base-4-HOSTING-FF-023,BUSINESS_DRIVEN_FORECAST,foundry-field,2027
BIZ_AP,liability,2026-09-09T00:00:00Z,NONCASH_OR_OPENING,0.0000,1800.0000,Scheduled vendor cash request; treasury shortfalls separately reported,SHI,CONDITIONAL_FORECAST,BIZ-base-0000744,5,5,2027-05-31,base,FOUNDRY_FIELD,1800.0000,base-05-PAYMENT_REQUEST-AP-base-4-HOSTING-FF-024,BUSINESS_DRIVEN_FORECAST,foundry-field,2027
1000,asset,2026-09-09T00:00:00Z,OPERATING,1800.0000,0.0000,Scheduled vendor cash request; treasury shortfalls separately reported,SHI,CONDITIONAL_FORECAST,BIZ-base-0000744,5,5,2027-05-31,base,FOUNDRY_FIELD,-1800.0000,base-05-PAYMENT_REQUEST-AP-base-4-HOSTING-FF-024,BUSINESS_DRIVEN_FORECAST,foundry-field,2027
BIZ_AP,liability,2026-09-09T00:00:00Z,NONCASH_OR_OPENING,0.0000,2400.0000,Scheduled vendor cash request; treasury shortfalls separately reported,SHI,CONDITIONAL_FORECAST,BIZ-base-0000745,5,5,2027-05-31,base,FOUNDRY_FIELD,2400.0000,base-05-PAYMENT_REQUEST-AP-base-4-HOSTING-FF-025,BUSINESS_DRIVEN_FORECAST,foundry-field,2027
1000,asset,2026-09-09T00:00:00Z,OPERATING,2400.0000,0.0000,Scheduled vendor cash request; treasury shortfalls separately reported,SHI,CONDITIONAL_FORECAST,BIZ-base-0000745,5,5,2027-05-31,base,FOUNDRY_FIELD,-2400.0000,base-05-PAYMENT_REQUEST-AP-base-4-HOSTING-FF-025,BUSINESS_DRIVEN_FORECAST,foundry-field,2027
BIZ_AP,liability,2026-09-09T00:00:00Z,NONCASH_OR_OPENING,0.0000,3000.0000,Scheduled vendor cash request; treasury shortfalls separately reported,SHI,CONDITIONAL_FORECAST,BIZ-base-0000746,5,5,2027-05-31,base,FOUNDRY_FIELD,3000.0000,base-05-PAYMENT_REQUEST-AP-base-4-HOSTING-FF-026,BUSINESS_DRIVEN_FORECAST,foundry-field,2027
1000,asset,2026-09-09T00:00:00Z,OPERATING,3000.0000,0.0000,Scheduled vendor cash request; treasury shortfalls separately reported,SHI,CONDITIONAL_FORECAST,BIZ-base-0000746,5,5,2027-05-31,base,FOUNDRY_FIELD,-3000.0000,base-05-PAYMENT_REQUEST-AP-base-4-HOSTING-FF-026,BUSINESS_DRIVEN_FORECAST,foundry-field,2027
BIZ_AP,liability,2026-09-09T00:00:00Z,NONCASH_OR_OPENING,0.0000,3600.0000,Scheduled vendor cash request; treasury shortfalls separately reported,SHI,CONDITIONAL_FORECAST,BIZ-base-0000747,5,5,2027-05-31,base,FOUNDRY_FIELD,3600.0000,base-05-PAYMENT_REQUEST-AP-base-4-HOSTING-FF-027,BUSINESS_DRIVEN_FORECAST,foundry-field,2027
1000,asset,2026-09-09T00:00:00Z,OPERATING,3600.0000,0.0000,Scheduled vendor cash request; treasury shortfalls separately reported,SHI,CONDITIONAL_FORECAST,BIZ-base-0000747,5,5,2027-05-31,base,FOUNDRY_FIELD,-3600.0000,base-05-PAYMENT_REQUEST-AP-base-4-HOSTING-FF-027,BUSINESS_DRIVEN_FORECAST,foundry-field,2027
BIZ_AP,liability,2026-09-09T00:00:00Z,NONCASH_OR_OPENING,0.0000,1800.0000,Scheduled vendor cash request; treasury shortfalls separately reported,SHI,CONDITIONAL_FORECAST,BIZ-base-0000748,5,5,2027-05-31,base,FOUNDRY_FIELD,1800.0000,base-05-PAYMENT_REQUEST-AP-base-4-HOSTING-FF-028,BUSINESS_DRIVEN_FORECAST,foundry-field,2027
1000,asset,2026-09-09T00:00:00Z,OPERATING,1800.0000,0.0000,Scheduled vendor cash request; treasury shortfalls separately reported,SHI,CONDITIONAL_FORECAST,BIZ-base-0000748,5,5,2027-05-31,base,FOUNDRY_FIELD,-1800.0000,base-05-PAYMENT_REQUEST-AP-base-4-HOSTING-FF-028,BUSINESS_DRIVEN_FORECAST,foundry-field,2027
BIZ_AP,liability,2026-09-09T00:00:00Z,NONCASH_OR_OPENING,0.0000,2400.0000,Scheduled vendor cash request; treasury shortfalls separately reported,SHI,CONDITIONAL_FORECAST,BIZ-base-0000749,5,5,2027-05-31,base,FOUNDRY_FIELD,2400.0000,base-05-PAYMENT_REQUEST-AP-base-4-HOSTING-FF-029,BUSINESS_DRIVEN_FORECAST,foundry-field,2027
1000,asset,2026-09-09T00:00:00Z,OPERATING,2400.0000,0.0000,Scheduled vendor cash request; treasury shortfalls separately reported,SHI,CONDITIONAL_FORECAST,BIZ-base-0000749,5,5,2027-05-31,base,FOUNDRY_FIELD,-2400.0000,base-05-PAYMENT_REQUEST-AP-base-4-HOSTING-FF-029,BUSINESS_DRIVEN_FORECAST,foundry-field,2027
BIZ_AP,liability,2026-09-09T00:00:00Z,NONCASH_OR_OPENING,0.0000,3000.0000,Scheduled vendor cash request; treasury shortfalls separately reported,SHI,CONDITIONAL_FORECAST,BIZ-base-0000750,5,5,2027-05-31,base,FOUNDRY_FIELD,3000.0000,base-05-PAYMENT_REQUEST-AP-base-4-HOSTING-FF-030,BUSINESS_DRIVEN_FORECAST,foundry-field,2027
1000,asset,2026-09-09T00:00:00Z,OPERATING,3000.0000,0.0000,Scheduled vendor cash request; treasury shortfalls separately reported,SHI,CONDITIONAL_FORECAST,BIZ-base-0000750,5,5,2027-05-31,base,FOUNDRY_FIELD,-3000.0000,base-05-PAYMENT_REQUEST-AP-base-4-HOSTING-FF-030,BUSINESS_DRIVEN_FORECAST,foundry-field,2027
BIZ_AP,liability,2026-09-09T00:00:00Z,NONCASH_OR_OPENING,0.0000,3600.0000,Scheduled vendor cash request; treasury shortfalls separately reported,SHI,CONDITIONAL_FORECAST,BIZ-base-0000751,5,5,2027-05-31,base,FOUNDRY_FIELD,3600.0000,base-05-PAYMENT_REQUEST-AP-base-4-HOSTING-FF-031,BUSINESS_DRIVEN_FORECAST,foundry-field,2027
1000,asset,2026-09-09T00:00:00Z,OPERATING,3600.0000,0.0000,Scheduled vendor cash request; treasury shortfalls separately reported,SHI,CONDITIONAL_FORECAST,BIZ-base-0000751,5,5,2027-05-31,base,FOUNDRY_FIELD,-3600.0000,base-05-PAYMENT_REQUEST-AP-base-4-HOSTING-FF-031,BUSINESS_DRIVEN_FORECAST,foundry-field,2027
BIZ_AP,liability,2026-09-09T00:00:00Z,NONCASH_OR_OPENING,0.0000,1800.0000,Scheduled vendor cash request; treasury shortfalls separately reported,SHI,CONDITIONAL_FORECAST,BIZ-base-0000752,5,5,2027-05-31,base,FOUNDRY_FIELD,1800.0000,base-05-PAYMENT_REQUEST-AP-base-4-HOSTING-FF-032,BUSINESS_DRIVEN_FORECAST,foundry-field,2027
1000,asset,2026-09-09T00:00:00Z,OPERATING,1800.0000,0.0000,Scheduled vendor cash request; treasury shortfalls separately reported,SHI,CONDITIONAL_FORECAST,BIZ-base-0000752,5,5,2027-05-31,base,FOUNDRY_FIELD,-1800.0000,base-05-PAYMENT_REQUEST-AP-base-4-HOSTING-FF-032,BUSINESS_DRIVEN_FORECAST,foundry-field,2027
BIZ_AP,liability,2026-09-09T00:00:00Z,NONCASH_OR_OPENING,0.0000,2400.0000,Scheduled vendor cash request; treasury shortfalls separately reported,SHI,CONDITIONAL_FORECAST,BIZ-base-0000753,5,5,2027-05-31,base,FOUNDRY_FIELD,2400.0000,base-05-PAYMENT_REQUEST-AP-base-4-HOSTING-FF-033,BUSINESS_DRIVEN_FORECAST,foundry-field,2027
1000,asset,2026-09-09T00:00:00Z,OPERATING,2400.0000,0.0000,Scheduled vendor cash request; treasury shortfalls separately reported,SHI,CONDITIONAL_FORECAST,BIZ-base-0000753,5,5,2027-05-31,base,FOUNDRY_FIELD,-2400.0000,base-05-PAYMENT_REQUEST-AP-base-4-HOSTING-FF-033,BUSINESS_DRIVEN_FORECAST,foundry-field,2027
BIZ_AP,liability,2026-09-09T00:00:00Z,NONCASH_OR_OPENING,0.0000,3000.0000,Scheduled vendor cash request; treasury shortfalls separately reported,SHI,CONDITIONAL_FORECAST,BIZ-base-0000754,5,5,2027-05-31,base,FOUNDRY_FIELD,3000.0000,base-05-PAYMENT_REQUEST-AP-base-4-HOSTING-FF-034,BUSINESS_DRIVEN_FORECAST,foundry-field,2027
1000,asset,2026-09-09T00:00:00Z,OPERATING,3000.0000,0.0000,Scheduled vendor cash request; treasury shortfalls separately reported,SHI,CONDITIONAL_FORECAST,BIZ-base-0000754,5,5,2027-05-31,base,FOUNDRY_FIELD,-3000.0000,base-05-PAYMENT_REQUEST-AP-base-4-HOSTING-FF-034,BUSINESS_DRIVEN_FORECAST,foundry-field,2027
BIZ_AP,liability,2026-09-09T00:00:00Z,NONCASH_OR_OPENING,0.0000,3600.0000,Scheduled vendor cash request; treasury shortfalls separately reported,SHI,CONDITIONAL_FORECAST,BIZ-base-0000755,5,5,2027-05-31,base,FOUNDRY_FIELD,3600.0000,base-05-PAYMENT_REQUEST-AP-base-4-HOSTING-FF-035,BUSINESS_DRIVEN_FORECAST,foundry-field,2027
1000,asset,2026-09-09T00:00:00Z,OPERATING,3600.0000,0.0000,Scheduled vendor cash request; treasury shortfalls separately reported,SHI,CONDITIONAL_FORECAST,BIZ-base-0000755,5,5,2027-05-31,base,FOUNDRY_FIELD,-3600.0000,base-05-PAYMENT_REQUEST-AP-base-4-HOSTING-FF-035,BUSINESS_DRIVEN_FORECAST,foundry-field,2027
BIZ_AP,liability,2026-09-09T00:00:00Z,NONCASH_OR_OPENING,0.0000,1800.0000,Scheduled vendor cash request; treasury shortfalls separately reported,SHI,CONDITIONAL_FORECAST,BIZ-base-0000756,5,5,2027-05-31,base,FOUNDRY_FIELD,1800.0000,base-05-PAYMENT_REQUEST-AP-base-4-HOSTING-FF-036,BUSINESS_DRIVEN_FORECAST,foundry-field,2027
1000,asset,2026-09-09T00:00:00Z,OPERATING,1800.0000,0.0000,Scheduled vendor cash request; treasury shortfalls separately reported,SHI,CONDITIONAL_FORECAST,BIZ-base-0000756,5,5,2027-05-31,base,FOUNDRY_FIELD,-1800.0000,base-05-PAYMENT_REQUEST-AP-base-4-HOSTING-FF-036,BUSINESS_DRIVEN_FORECAST,foundry-field,2027
BIZ_PAYROLL,expense,2026-09-09T00:00:00Z,NONCASH_OR_OPENING,0.0000,1933333.3280,Effective-dated occupied-position payroll; conditional treasury settlement,SHI,CONDITIONAL_FORECAST,BIZ-base-0000777,5,5,2027-05-31,base,FOUNDRY_FIELD,1933333.3280,base-05-PAYROLL_REQUEST-foundry-field,BUSINESS_DRIVEN_FORECAST,foundry-field,2027
1000,asset,2026-09-09T00:00:00Z,OPERATING,1933333.3280,0.0000,Effective-dated occupied-position payroll; conditional treasury settlement,SHI,CONDITIONAL_FORECAST,BIZ-base-0000777,5,5,2027-05-31,base,FOUNDRY_FIELD,-1933333.3280,base-05-PAYROLL_REQUEST-foundry-field,BUSINESS_DRIVEN_FORECAST,foundry-field,2027
BIZ_DEFERRED,liability,2026-09-09T00:00:00Z,NONCASH_OR_OPENING,0.0000,115000.0000,Monthly service under effective contract version,SHI,CONDITIONAL_FORECAST,BIZ-base-0000784,5,5,2027-05-31,base,FOUNDRY_FIELD,115000.0000,base-05-SUBSCRIPTION_SERVICE-FF-001,BUSINESS_DRIVEN_FORECAST,foundry-field,2027
BIZ_REVENUE,revenue,2026-09-09T00:00:00Z,NONCASH_OR_OPENING,115000.0000,0.0000,Monthly service under effective contract version,SHI,CONDITIONAL_FORECAST,BIZ-base-0000784,5,5,2027-05-31,base,FOUNDRY_FIELD,-115000.0000,base-05-SUBSCRIPTION_SERVICE-FF-001,BUSINESS_DRIVEN_FORECAST,foundry-field,2027
BIZ_DELIVERY,expense,2026-09-09T00:00:00Z,NONCASH_OR_OPENING,0.0000,2400.0000,Source-driven vendor cost,SHI,CONDITIONAL_FORECAST,BIZ-base-0000785,5,5,2027-05-31,base,FOUNDRY_FIELD,2400.0000,base-05-COST-HOSTING-FF-001,BUSINESS_DRIVEN_FORECAST,foundry-field,2027
BIZ_AP,liability,2026-09-09T00:00:00Z,NONCASH_OR_OPENING,2400.0000,0.0000,Source-driven vendor cost,SHI,CONDITIONAL_FORECAST,BIZ-base-0000785,5,5,2027-05-31,base,FOUNDRY_FIELD,-2400.0000,base-05-COST-HOSTING-FF-001,BUSINESS_DRIVEN_FORECAST,foundry-field,2027
BIZ_REVENUE,revenue,2026-09-09T00:00:00Z,NONCASH_OR_OPENING,0.0000,23000.0000,"Credit reduces open claim, then written-off claim, then cash-backed refund",SHI,CONDITIONAL_FORECAST,BIZ-base-0000786,5,5,2027-05-31,base,FOUNDRY_FIELD,23000.0000,base-05-CREDIT_NOTE-SYN-INC-FF-001-INV-base-FF-001-TERM-0,BUSINESS_DRIVEN_FORECAST,foundry-field,2027
1000,asset,2026-09-09T00:00:00Z,OPERATING,23000.0000,0.0000,"Credit reduces open claim, then written-off claim, then cash-backed refund",SHI,CONDITIONAL_FORECAST,BIZ-base-0000786,5,5,2027-05-31,base,FOUNDRY_FIELD,-23000.0000,base-05-CREDIT_NOTE-SYN-INC-FF-001-INV-base-FF-001-TERM-0,BUSINESS_DRIVEN_FORECAST,foundry-field,2027
BIZ_DEFERRED,liability,2026-09-09T00:00:00Z,NONCASH_OR_OPENING,0.0000,130000.0000,Monthly service under effective contract version,SHI,CONDITIONAL_FORECAST,BIZ-base-0000787,5,5,2027-05-31,base,FOUNDRY_FIELD,130000.0000,base-05-SUBSCRIPTION_SERVICE-FF-002,BUSINESS_DRIVEN_FORECAST,foundry-field,2027
BIZ_REVENUE,revenue,2026-09-09T00:00:00Z,NONCASH_OR_OPENING,130000.0000,0.0000,Monthly service under effective contract version,SHI,CONDITIONAL_FORECAST,BIZ-base-0000787,5,5,2027-05-31,base,FOUNDRY_FIELD,-130000.0000,base-05-SUBSCRIPTION_SERVICE-FF-002,BUSINESS_DRIVEN_FORECAST,foundry-field,2027
BIZ_DELIVERY,expense,2026-09-09T00:00:00Z,NONCASH_OR_OPENING,0.0000,3000.0000,Source-driven vendor cost,SHI,CONDITIONAL_FORECAST,BIZ-base-0000788,5,5,2027-05-31,base,FOUNDRY_FIELD,3000.0000,base-05-COST-HOSTING-FF-002,BUSINESS_DRIVEN_FORECAST,foundry-field,2027
BIZ_AP,liability,2026-09-09T00:00:00Z,NONCASH_OR_OPENING,3000.0000,0.0000,Source-driven vendor cost,SHI,CONDITIONAL_FORECAST,BIZ-base-0000788,5,5,2027-05-31,base,FOUNDRY_FIELD,-3000.0000,base-05-COST-HOSTING-FF-002,BUSINESS_DRIVEN_FORECAST,foundry-field,2027
BIZ_DEFERRED,liability,2026-09-09T00:00:00Z,NONCASH_OR_OPENING,0.0000,145000.0000,Monthly service under effective contract version,SHI,CONDITIONAL_FORECAST,BIZ-base-0000789,5,5,2027-05-31,base,FOUNDRY_FIELD,145000.0000,base-05-SUBSCRIPTION_SERVICE-FF-003,BUSINESS_DRIVEN_FORECAST,foundry-field,2027
BIZ_REVENUE,revenue,2026-09-09T00:00:00Z,NONCASH_OR_OPENING,145000.0000,0.0000,Monthly service under effective contract version,SHI,CONDITIONAL_FORECAST,BIZ-base-0000789,5,5,2027-05-31,base,FOUNDRY_FIELD,-145000.0000,base-05-SUBSCRIPTION_SERVICE-FF-003,BUSINESS_DRIVEN_FORECAST,foundry-field,2027
BIZ_DELIVERY,expense,2026-09-09T00:00:00Z,NONCASH_OR_OPENING,0.0000,3600.0000,Source-driven vendor cost,SHI,CONDITIONAL_FORECAST,BIZ-base-0000790,5,5,2027-05-31,base,FOUNDRY_FIELD,3600.0000,base-05-COST-HOSTING-FF-003,BUSINESS_DRIVEN_FORECAST,foundry-field,2027
BIZ_AP,liability,2026-09-09T00:00:00Z,NONCASH_OR_OPENING,3600.0000,0.0000,Source-driven vendor cost,SHI,CONDITIONAL_FORECAST,BIZ-base-0000790,5,5,2027-05-31,base,FOUNDRY_FIELD,-3600.0000,base-05-COST-HOSTING-FF-003,BUSINESS_DRIVEN_FORECAST,foundry-field,2027
BIZ_DEFERRED,liability,2026-09-09T00:00:00Z,NONCASH_OR_OPENING,0.0000,160000.0000,Monthly service under effective contract version,SHI,CONDITIONAL_FORECAST,BIZ-base-0000791,5,5,2027-05-31,base,FOUNDRY_FIELD,160000.0000,base-05-SUBSCRIPTION_SERVICE-FF-004,BUSINESS_DRIVEN_FORECAST,foundry-field,2027
BIZ_REVENUE,revenue,2026-09-09T00:00:00Z,NONCASH_OR_OPENING,160000.0000,0.0000,Monthly service under effective contract version,SHI,CONDITIONAL_FORECAST,BIZ-base-0000791,5,5,2027-05-31,base,FOUNDRY_FIELD,-160000.0000,base-05-SUBSCRIPTION_SERVICE-FF-004,BUSINESS_DRIVEN_FORECAST,foundry-field,2027
BIZ_DELIVERY,expense,2026-09-09T00:00:00Z,NONCASH_OR_OPENING,0.0000,1800.0000,Source-driven vendor cost,SHI,CONDITIONAL_FORECAST,BIZ-base-0000792,5,5,2027-05-31,base,FOUNDRY_FIELD,1800.0000,base-05-COST-HOSTING-FF-004,BUSINESS_DRIVEN_FORECAST,foundry-field,2027
BIZ_AP,liability,2026-09-09T00:00:00Z,NONCASH_OR_OPENING,1800.0000,0.0000,Source-driven vendor cost,SHI,CONDITIONAL_FORECAST,BIZ-base-0000792,5,5,2027-05-31,base,FOUNDRY_FIELD,-1800.0000,base-05-COST-HOSTING-FF-004,BUSINESS_DRIVEN_FORECAST,foundry-field,2027
BIZ_DEFERRED,liability,2026-09-09T00:00:00Z,NONCASH_OR_OPENING,0.0000,100000.0000,Monthly service under effective contract version,SHI,CONDITIONAL_FORECAST,BIZ-base-0000793,5,5,2027-05-31,base,FOUNDRY_FIELD,100000.0000,base-05-SUBSCRIPTION_SERVICE-FF-005,BUSINESS_DRIVEN_FORECAST,foundry-field,2027
BIZ_REVENUE,revenue,2026-09-09T00:00:00Z,NONCASH_OR_OPENING,100000.0000,0.0000,Monthly service under effective contract version,SHI,CONDITIONAL_FORECAST,BIZ-base-0000793,5,5,2027-05-31,base,FOUNDRY_FIELD,-100000.0000,base-05-SUBSCRIPTION_SERVICE-FF-005,BUSINESS_DRIVEN_FORECAST,foundry-field,2027
BIZ_DELIVERY,expense,2026-09-09T00:00:00Z,NONCASH_OR_OPENING,0.0000,2400.0000,Source-driven vendor cost,SHI,CONDITIONAL_FORECAST,BIZ-base-0000794,5,5,2027-05-31,base,FOUNDRY_FIELD,2400.0000,base-05-COST-HOSTING-FF-005,BUSINESS_DRIVEN_FORECAST,foundry-field,2027
BIZ_AP,liability,2026-09-09T00:00:00Z,NONCASH_OR_OPENING,2400.0000,0.0000,Source-driven vendor cost,SHI,CONDITIONAL_FORECAST,BIZ-base-0000794,5,5,2027-05-31,base,FOUNDRY_FIELD,-2400.0000,base-05-COST-HOSTING-FF-005,BUSINESS_DRIVEN_FORECAST,foundry-field,2027
BIZ_DEFERRED,liability,2026-09-09T00:00:00Z,NONCASH_OR_OPENING,0.0000,115000.0000,Monthly service under effective contract version,SHI,CONDITIONAL_FORECAST,BIZ-base-0000795,5,5,2027-05-31,base,FOUNDRY_FIELD,115000.0000,base-05-SUBSCRIPTION_SERVICE-FF-006,BUSINESS_DRIVEN_FORECAST,foundry-field,2027
BIZ_REVENUE,revenue,2026-09-09T00:00:00Z,NONCASH_OR_OPENING,115000.0000,0.0000,Monthly service under effective contract version,SHI,CONDITIONAL_FORECAST,BIZ-base-0000795,5,5,2027-05-31,base,FOUNDRY_FIELD,-115000.0000,base-05-SUBSCRIPTION_SERVICE-FF-006,BUSINESS_DRIVEN_FORECAST,foundry-field,2027
BIZ_DELIVERY,expense,2026-09-09T00:00:00Z,NONCASH_OR_OPENING,0.0000,3000.0000,Source-driven vendor cost,SHI,CONDITIONAL_FORECAST,BIZ-base-0000796,5,5,2027-05-31,base,FOUNDRY_FIELD,3000.0000,base-05-COST-HOSTING-FF-006,BUSINESS_DRIVEN_FORECAST,foundry-field,2027
BIZ_AP,liability,2026-09-09T00:00:00Z,NONCASH_OR_OPENING,3000.0000,0.0000,Source-driven vendor cost,SHI,CONDITIONAL_FORECAST,BIZ-base-0000796,5,5,2027-05-31,base,FOUNDRY_FIELD,-3000.0000,base-05-COST-HOSTING-FF-006,BUSINESS_DRIVEN_FORECAST,foundry-field,2027
BIZ_DEFERRED,liability,2026-09-09T00:00:00Z,NONCASH_OR_OPENING,0.0000,130000.0000,Monthly service under effective contract version,SHI,CONDITIONAL_FORECAST,BIZ-base-0000797,5,5,2027-05-31,base,FOUNDRY_FIELD,130000.0000,base-05-SUBSCRIPTION_SERVICE-FF-007,BUSINESS_DRIVEN_FORECAST,foundry-field,2027
BIZ_REVENUE,revenue,2026-09-09T00:00:00Z,NONCASH_OR_OPENING,130000.0000,0.0000,Monthly service under effective contract version,SHI,CONDITIONAL_FORECAST,BIZ-base-0000797,5,5,2027-05-31,base,FOUNDRY_FIELD,-130000.0000,base-05-SUBSCRIPTION_SERVICE-FF-007,BUSINESS_DRIVEN_FORECAST,foundry-field,2027
BIZ_DELIVERY,expense,2026-09-09T00:00:00Z,NONCASH_OR_OPENING,0.0000,3600.0000,Source-driven vendor cost,SHI,CONDITIONAL_FORECAST,BIZ-base-0000798,5,5,2027-05-31,base,FOUNDRY_FIELD,3600.0000,base-05-COST-HOSTING-FF-007,BUSINESS_DRIVEN_FORECAST,foundry-field,2027
BIZ_AP,liability,2026-09-09T00:00:00Z,NONCASH_OR_OPENING,3600.0000,0.0000,Source-driven vendor cost,SHI,CONDITIONAL_FORECAST,BIZ-base-0000798,5,5,2027-05-31,base,FOUNDRY_FIELD,-3600.0000,base-05-COST-HOSTING-FF-007,BUSINESS_DRIVEN_FORECAST,foundry-field,2027
BIZ_DEFERRED,liability,2026-09-09T00:00:00Z,NONCASH_OR_OPENING,0.0000,145000.0000,Monthly service under effective contract version,SHI,CONDITIONAL_FORECAST,BIZ-base-0000799,5,5,2027-05-31,base,FOUNDRY_FIELD,145000.0000,base-05-SUBSCRIPTION_SERVICE-FF-008,BUSINESS_DRIVEN_FORECAST,foundry-field,2027
BIZ_REVENUE,revenue,2026-09-09T00:00:00Z,NONCASH_OR_OPENING,145000.0000,0.0000,Monthly service under effective contract version,SHI,CONDITIONAL_FORECAST,BIZ-base-0000799,5,5,2027-05-31,base,FOUNDRY_FIELD,-145000.0000,base-05-SUBSCRIPTION_SERVICE-FF-008,BUSINESS_DRIVEN_FORECAST,foundry-field,2027
BIZ_DELIVERY,expense,2026-09-09T00:00:00Z,NONCASH_OR_OPENING,0.0000,1800.0000,Source-driven vendor cost,SHI,CONDITIONAL_FORECAST,BIZ-base-0000800,5,5,2027-05-31,base,FOUNDRY_FIELD,1800.0000,base-05-COST-HOSTING-FF-008,BUSINESS_DRIVEN_FORECAST,foundry-field,2027
BIZ_AP,liability,2026-09-09T00:00:00Z,NONCASH_OR_OPENING,1800.0000,0.0000,Source-driven vendor cost,SHI,CONDITIONAL_FORECAST,BIZ-base-0000800,5,5,2027-05-31,base,FOUNDRY_FIELD,-1800.0000,base-05-COST-HOSTING-FF-008,BUSINESS_DRIVEN_FORECAST,foundry-field,2027
BIZ_DEFERRED,liability,2026-09-09T00:00:00Z,NONCASH_OR_OPENING,0.0000,160000.0000,Monthly service under effective contract version,SHI,CONDITIONAL_FORECAST,BIZ-base-0000801,5,5,2027-05-31,base,FOUNDRY_FIELD,160000.0000,base-05-SUBSCRIPTION_SERVICE-FF-009,BUSINESS_DRIVEN_FORECAST,foundry-field,2027
BIZ_REVENUE,revenue,2026-09-09T00:00:00Z,NONCASH_OR_OPENING,160000.0000,0.0000,Monthly service under effective contract version,SHI,CONDITIONAL_FORECAST,BIZ-base-0000801,5,5,2027-05-31,base,FOUNDRY_FIELD,-160000.0000,base-05-SUBSCRIPTION_SERVICE-FF-009,BUSINESS_DRIVEN_FORECAST,foundry-field,2027
BIZ_DELIVERY,expense,2026-09-09T00:00:00Z,NONCASH_OR_OPENING,0.0000,2400.0000,Source-driven vendor cost,SHI,CONDITIONAL_FORECAST,BIZ-base-0000802,5,5,2027-05-31,base,FOUNDRY_FIELD,2400.0000,base-05-COST-HOSTING-FF-009,BUSINESS_DRIVEN_FORECAST,foundry-field,2027
BIZ_AP,liability,2026-09-09T00:00:00Z,NONCASH_OR_OPENING,2400.0000,0.0000,Source-driven vendor cost,SHI,CONDITIONAL_FORECAST,BIZ-base-0000802,5,5,2027-05-31,base,FOUNDRY_FIELD,-2400.0000,base-05-COST-HOSTING-FF-009,BUSINESS_DRIVEN_FORECAST,foundry-field,2027
BIZ_DEFERRED,liability,2026-09-09T00:00:00Z,NONCASH_OR_OPENING,0.0000,100000.0000,Monthly service under effective contract version,SHI,CONDITIONAL_FORECAST,BIZ-base-0000803,5,5,2027-05-31,base,FOUNDRY_FIELD,100000.0000,base-05-SUBSCRIPTION_SERVICE-FF-010,BUSINESS_DRIVEN_FORECAST,foundry-field,2027
BIZ_REVENUE,revenue,2026-09-09T00:00:00Z,NONCASH_OR_OPENING,100000.0000,0.0000,Monthly service under effective contract version,SHI,CONDITIONAL_FORECAST,BIZ-base-0000803,5,5,2027-05-31,base,FOUNDRY_FIELD,-100000.0000,base-05-SUBSCRIPTION_SERVICE-FF-010,BUSINESS_DRIVEN_FORECAST,foundry-field,2027
BIZ_DELIVERY,expense,2026-09-09T00:00:00Z,NONCASH_OR_OPENING,0.0000,3000.0000,Source-driven vendor cost,SHI,CONDITIONAL_FORECAST,BIZ-base-0000804,5,5,2027-05-31,base,FOUNDRY_FIELD,3000.0000,base-05-COST-HOSTING-FF-010,BUSINESS_DRIVEN_FORECAST,foundry-field,2027
BIZ_AP,liability,2026-09-09T00:00:00Z,NONCASH_OR_OPENING,3000.0000,0.0000,Source-driven vendor cost,SHI,CONDITIONAL_FORECAST,BIZ-base-0000804,5,5,2027-05-31,base,FOUNDRY_FIELD,-3000.0000,base-05-COST-HOSTING-FF-010,BUSINESS_DRIVEN_FORECAST,foundry-field,2027
BIZ_DEFERRED,liability,2026-09-09T00:00:00Z,NONCASH_OR_OPENING,0.0000,115000.0000,Monthly service under effective contract version,SHI,CONDITIONAL_FORECAST,BIZ-base-0000805,5,5,2027-05-31,base,FOUNDRY_FIELD,115000.0000,base-05-SUBSCRIPTION_SERVICE-FF-011,BUSINESS_DRIVEN_FORECAST,foundry-field,2027
BIZ_REVENUE,revenue,2026-09-09T00:00:00Z,NONCASH_OR_OPENING,115000.0000,0.0000,Monthly service under effective contract version,SHI,CONDITIONAL_FORECAST,BIZ-base-0000805,5,5,2027-05-31,base,FOUNDRY_FIELD,-115000.0000,base-05-SUBSCRIPTION_SERVICE-FF-011,BUSINESS_DRIVEN_FORECAST,foundry-field,2027
BIZ_DELIVERY,expense,2026-09-09T00:00:00Z,NONCASH_OR_OPENING,0.0000,3600.0000,Source-driven vendor cost,SHI,CONDITIONAL_FORECAST,BIZ-base-0000806,5,5,2027-05-31,base,FOUNDRY_FIELD,3600.0000,base-05-COST-HOSTING-FF-011,BUSINESS_DRIVEN_FORECAST,foundry-field,2027
BIZ_AP,liability,2026-09-09T00:00:00Z,NONCASH_OR_OPENING,3600.0000,0.0000,Source-driven vendor cost,SHI,CONDITIONAL_FORECAST,BIZ-base-0000806,5,5,2027-05-31,base,FOUNDRY_FIELD,-3600.0000,base-05-COST-HOSTING-FF-011,BUSINESS_DRIVEN_FORECAST,foundry-field,2027
BIZ_DEFERRED,liability,2026-09-09T00:00:00Z,NONCASH_OR_OPENING,0.0000,130000.0000,Monthly service under effective contract version,SHI,CONDITIONAL_FORECAST,BIZ-base-0000807,5,5,2027-05-31,base,FOUNDRY_FIELD,130000.0000,base-05-SUBSCRIPTION_SERVICE-FF-012,BUSINESS_DRIVEN_FORECAST,foundry-field,2027
BIZ_REVENUE,revenue,2026-09-09T00:00:00Z,NONCASH_OR_OPENING,130000.0000,0.0000,Monthly service under effective contract version,SHI,CONDITIONAL_FORECAST,BIZ-base-0000807,5,5,2027-05-31,base,FOUNDRY_FIELD,-130000.0000,base-05-SUBSCRIPTION_SERVICE-FF-012,BUSINESS_DRIVEN_FORECAST,foundry-field,2027
BIZ_DELIVERY,expense,2026-09-09T00:00:00Z,NONCASH_OR_OPENING,0.0000,1800.0000,Source-driven vendor cost,SHI,CONDITIONAL_FORECAST,BIZ-base-0000808,5,5,2027-05-31,base,FOUNDRY_FIELD,1800.0000,base-05-COST-HOSTING-FF-012,BUSINESS_DRIVEN_FORECAST,foundry-field,2027
BIZ_AP,liability,2026-09-09T00:00:00Z,NONCASH_OR_OPENING,1800.0000,0.0000,Source-driven vendor cost,SHI,CONDITIONAL_FORECAST,BIZ-base-0000808,5,5,2027-05-31,base,FOUNDRY_FIELD,-1800.0000,base-05-COST-HOSTING-FF-012,BUSINESS_DRIVEN_FORECAST,foundry-field,2027
BIZ_DEFERRED,liability,2026-09-09T00:00:00Z,NONCASH_OR_OPENING,0.0000,145000.0000,Monthly service under effective contract version,SHI,CONDITIONAL_FORECAST,BIZ-base-0000809,5,5,2027-05-31,base,FOUNDRY_FIELD,145000.0000,base-05-SUBSCRIPTION_SERVICE-FF-013,BUSINESS_DRIVEN_FORECAST,foundry-field,2027
BIZ_REVENUE,revenue,2026-09-09T00:00:00Z,NONCASH_OR_OPENING,145000.0000,0.0000,Monthly service under effective contract version,SHI,CONDITIONAL_FORECAST,BIZ-base-0000809,5,5,2027-05-31,base,FOUNDRY_FIELD,-145000.0000,base-05-SUBSCRIPTION_SERVICE-FF-013,BUSINESS_DRIVEN_FORECAST,foundry-field,2027
BIZ_DELIVERY,expense,2026-09-09T00:00:00Z,NONCASH_OR_OPENING,0.0000,2400.0000,Source-driven vendor cost,SHI,CONDITIONAL_FORECAST,BIZ-base-0000810,5,5,2027-05-31,base,FOUNDRY_FIELD,2400.0000,base-05-COST-HOSTING-FF-013,BUSINESS_DRIVEN_FORECAST,foundry-field,2027
BIZ_AP,liability,2026-09-09T00:00:00Z,NONCASH_OR_OPENING,2400.0000,0.0000,Source-driven vendor cost,SHI,CONDITIONAL_FORECAST,BIZ-base-0000810,5,5,2027-05-31,base,FOUNDRY_FIELD,-2400.0000,base-05-COST-HOSTING-FF-013,BUSINESS_DRIVEN_FORECAST,foundry-field,2027
BIZ_DEFERRED,liability,2026-09-09T00:00:00Z,NONCASH_OR_OPENING,0.0000,160000.0000,Monthly service under effective contract version,SHI,CONDITIONAL_FORECAST,BIZ-base-0000811,5,5,2027-05-31,base,FOUNDRY_FIELD,160000.0000,base-05-SUBSCRIPTION_SERVICE-FF-014,BUSINESS_DRIVEN_FORECAST,foundry-field,2027
BIZ_REVENUE,revenue,2026-09-09T00:00:00Z,NONCASH_OR_OPENING,160000.0000,0.0000,Monthly service under effective contract version,SHI,CONDITIONAL_FORECAST,BIZ-base-0000811,5,5,2027-05-31,base,FOUNDRY_FIELD,-160000.0000,base-05-SUBSCRIPTION_SERVICE-FF-014,BUSINESS_DRIVEN_FORECAST,foundry-field,2027
BIZ_DELIVERY,expense,2026-09-09T00:00:00Z,NONCASH_OR_OPENING,0.0000,3000.0000,Source-driven vendor cost,SHI,CONDITIONAL_FORECAST,BIZ-base-0000812,5,5,2027-05-31,base,FOUNDRY_FIELD,3000.0000,base-05-COST-HOSTING-FF-014,BUSINESS_DRIVEN_FORECAST,foundry-field,2027
BIZ_AP,liability,2026-09-09T00:00:00Z,NONCASH_OR_OPENING,3000.0000,0.0000,Source-driven vendor cost,SHI,CONDITIONAL_FORECAST,BIZ-base-0000812,5,5,2027-05-31,base,FOUNDRY_FIELD,-3000.0000,base-05-COST-HOSTING-FF-014,BUSINESS_DRIVEN_FORECAST,foundry-field,2027
BIZ_DEFERRED,liability,2026-09-09T00:00:00Z,NONCASH_OR_OPENING,0.0000,100000.0000,Monthly service under effective contract version,SHI,CONDITIONAL_FORECAST,BIZ-base-0000813,5,5,2027-05-31,base,FOUNDRY_FIELD,100000.0000,base-05-SUBSCRIPTION_SERVICE-FF-015,BUSINESS_DRIVEN_FORECAST,foundry-field,2027
BIZ_REVENUE,revenue,2026-09-09T00:00:00Z,NONCASH_OR_OPENING,100000.0000,0.0000,Monthly service under effective contract version,SHI,CONDITIONAL_FORECAST,BIZ-base-0000813,5,5,2027-05-31,base,FOUNDRY_FIELD,-100000.0000,base-05-SUBSCRIPTION_SERVICE-FF-015,BUSINESS_DRIVEN_FORECAST,foundry-field,2027
BIZ_DELIVERY,expense,2026-09-09T00:00:00Z,NONCASH_OR_OPENING,0.0000,3600.0000,Source-driven vendor cost,SHI,CONDITIONAL_FORECAST,BIZ-base-0000814,5,5,2027-05-31,base,FOUNDRY_FIELD,3600.0000,base-05-COST-HOSTING-FF-015,BUSINESS_DRIVEN_FORECAST,foundry-field,2027
BIZ_AP,liability,2026-09-09T00:00:00Z,NONCASH_OR_OPENING,3600.0000,0.0000,Source-driven vendor cost,SHI,CONDITIONAL_FORECAST,BIZ-base-0000814,5,5,2027-05-31,base,FOUNDRY_FIELD,-3600.0000,base-05-COST-HOSTING-FF-015,BUSINESS_DRIVEN_FORECAST,foundry-field,2027
BIZ_DEFERRED,liability,2026-09-09T00:00:00Z,NONCASH_OR_OPENING,0.0000,115000.0000,Monthly service under effective contract version,SHI,CONDITIONAL_FORECAST,BIZ-base-0000815,5,5,2027-05-31,base,FOUNDRY_FIELD,115000.0000,base-05-SUBSCRIPTION_SERVICE-FF-016,BUSINESS_DRIVEN_FORECAST,foundry-field,2027
BIZ_REVENUE,revenue,2026-09-09T00:00:00Z,NONCASH_OR_OPENING,115000.0000,0.0000,Monthly service under effective contract version,SHI,CONDITIONAL_FORECAST,BIZ-base-0000815,5,5,2027-05-31,base,FOUNDRY_FIELD,-115000.0000,base-05-SUBSCRIPTION_SERVICE-FF-016,BUSINESS_DRIVEN_FORECAST,foundry-field,2027
BIZ_DELIVERY,expense,2026-09-09T00:00:00Z,NONCASH_OR_OPENING,0.0000,1800.0000,Source-driven vendor cost,SHI,CONDITIONAL_FORECAST,BIZ-base-0000816,5,5,2027-05-31,base,FOUNDRY_FIELD,1800.0000,base-05-COST-HOSTING-FF-016,BUSINESS_DRIVEN_FORECAST,foundry-field,2027
BIZ_AP,liability,2026-09-09T00:00:00Z,NONCASH_OR_OPENING,1800.0000,0.0000,Source-driven vendor cost,SHI,CONDITIONAL_FORECAST,BIZ-base-0000816,5,5,2027-05-31,base,FOUNDRY_FIELD,-1800.0000,base-05-COST-HOSTING-FF-016,BUSINESS_DRIVEN_FORECAST,foundry-field,2027
BIZ_DEFERRED,liability,2026-09-09T00:00:00Z,NONCASH_OR_OPENING,0.0000,130000.0000,Monthly service under effective contract version,SHI,CONDITIONAL_FORECAST,BIZ-base-0000817,5,5,2027-05-31,base,FOUNDRY_FIELD,130000.0000,base-05-SUBSCRIPTION_SERVICE-FF-017,BUSINESS_DRIVEN_FORECAST,foundry-field,2027
BIZ_REVENUE,revenue,2026-09-09T00:00:00Z,NONCASH_OR_OPENING,130000.0000,0.0000,Monthly service under effective contract version,SHI,CONDITIONAL_FORECAST,BIZ-base-0000817,5,5,2027-05-31,base,FOUNDRY_FIELD,-130000.0000,base-05-SUBSCRIPTION_SERVICE-FF-017,BUSINESS_DRIVEN_FORECAST,foundry-field,2027
BIZ_DELIVERY,expense,2026-09-09T00:00:00Z,NONCASH_OR_OPENING,0.0000,2400.0000,Source-driven vendor cost,SHI,CONDITIONAL_FORECAST,BIZ-base-0000818,5,5,2027-05-31,base,FOUNDRY_FIELD,2400.0000,base-05-COST-HOSTING-FF-017,BUSINESS_DRIVEN_FORECAST,foundry-field,2027
BIZ_AP,liability,2026-09-09T00:00:00Z,NONCASH_OR_OPENING,2400.0000,0.0000,Source-driven vendor cost,SHI,CONDITIONAL_FORECAST,BIZ-base-0000818,5,5,2027-05-31,base,FOUNDRY_FIELD,-2400.0000,base-05-COST-HOSTING-FF-017,BUSINESS_DRIVEN_FORECAST,foundry-field,2027
BIZ_DEFERRED,liability,2026-09-09T00:00:00Z,NONCASH_OR_OPENING,0.0000,145000.0000,Monthly service under effective contract version,SHI,CONDITIONAL_FORECAST,BIZ-base-0000819,5,5,2027-05-31,base,FOUNDRY_FIELD,145000.0000,base-05-SUBSCRIPTION_SERVICE-FF-018,BUSINESS_DRIVEN_FORECAST,foundry-field,2027
BIZ_REVENUE,revenue,2026-09-09T00:00:00Z,NONCASH_OR_OPENING,145000.0000,0.0000,Monthly service under effective contract version,SHI,CONDITIONAL_FORECAST,BIZ-base-0000819,5,5,2027-05-31,base,FOUNDRY_FIELD,-145000.0000,base-05-SUBSCRIPTION_SERVICE-FF-018,BUSINESS_DRIVEN_FORECAST,foundry-field,2027
BIZ_DELIVERY,expense,2026-09-09T00:00:00Z,NONCASH_OR_OPENING,0.0000,3000.0000,Source-driven vendor cost,SHI,CONDITIONAL_FORECAST,BIZ-base-0000820,5,5,2027-05-31,base,FOUNDRY_FIELD,3000.0000,base-05-COST-HOSTING-FF-018,BUSINESS_DRIVEN_FORECAST,foundry-field,2027
BIZ_AP,liability,2026-09-09T00:00:00Z,NONCASH_OR_OPENING,3000.0000,0.0000,Source-driven vendor cost,SHI,CONDITIONAL_FORECAST,BIZ-base-0000820,5,5,2027-05-31,base,FOUNDRY_FIELD,-3000.0000,base-05-COST-HOSTING-FF-018,BUSINESS_DRIVEN_FORECAST,foundry-field,2027
BIZ_DEFERRED,liability,2026-09-09T00:00:00Z,NONCASH_OR_OPENING,0.0000,160000.0000,Monthly service under effective contract version,SHI,CONDITIONAL_FORECAST,BIZ-base-0000821,5,5,2027-05-31,base,FOUNDRY_FIELD,160000.0000,base-05-SUBSCRIPTION_SERVICE-FF-019,BUSINESS_DRIVEN_FORECAST,foundry-field,2027
BIZ_REVENUE,revenue,2026-09-09T00:00:00Z,NONCASH_OR_OPENING,160000.0000,0.0000,Monthly service under effective contract version,SHI,CONDITIONAL_FORECAST,BIZ-base-0000821,5,5,2027-05-31,base,FOUNDRY_FIELD,-160000.0000,base-05-SUBSCRIPTION_SERVICE-FF-019,BUSINESS_DRIVEN_FORECAST,foundry-field,2027
BIZ_DELIVERY,expense,2026-09-09T00:00:00Z,NONCASH_OR_OPENING,0.0000,3600.0000,Source-driven vendor cost,SHI,CONDITIONAL_FORECAST,BIZ-base-0000822,5,5,2027-05-31,base,FOUNDRY_FIELD,3600.0000,base-05-COST-HOSTING-FF-019,BUSINESS_DRIVEN_FORECAST,foundry-field,2027
BIZ_AP,liability,2026-09-09T00:00:00Z,NONCASH_OR_OPENING,3600.0000,0.0000,Source-driven vendor cost,SHI,CONDITIONAL_FORECAST,BIZ-base-0000822,5,5,2027-05-31,base,FOUNDRY_FIELD,-3600.0000,base-05-COST-HOSTING-FF-019,BUSINESS_DRIVEN_FORECAST,foundry-field,2027
BIZ_DEFERRED,liability,2026-09-09T00:00:00Z,NONCASH_OR_OPENING,0.0000,100000.0000,Monthly service under effective contract version,SHI,CONDITIONAL_FORECAST,BIZ-base-0000823,5,5,2027-05-31,base,FOUNDRY_FIELD,100000.0000,base-05-SUBSCRIPTION_SERVICE-FF-020,BUSINESS_DRIVEN_FORECAST,foundry-field,2027
BIZ_REVENUE,revenue,2026-09-09T00:00:00Z,NONCASH_OR_OPENING,100000.0000,0.0000,Monthly service under effective contract version,SHI,CONDITIONAL_FORECAST,BIZ-base-0000823,5,5,2027-05-31,base,FOUNDRY_FIELD,-100000.0000,base-05-SUBSCRIPTION_SERVICE-FF-020,BUSINESS_DRIVEN_FORECAST,foundry-field,2027
BIZ_DELIVERY,expense,2026-09-09T00:00:00Z,NONCASH_OR_OPENING,0.0000,1800.0000,Source-driven vendor cost,SHI,CONDITIONAL_FORECAST,BIZ-base-0000824,5,5,2027-05-31,base,FOUNDRY_FIELD,1800.0000,base-05-COST-HOSTING-FF-020,BUSINESS_DRIVEN_FORECAST,foundry-field,2027
BIZ_AP,liability,2026-09-09T00:00:00Z,NONCASH_OR_OPENING,1800.0000,0.0000,Source-driven vendor cost,SHI,CONDITIONAL_FORECAST,BIZ-base-0000824,5,5,2027-05-31,base,FOUNDRY_FIELD,-1800.0000,base-05-COST-HOSTING-FF-020,BUSINESS_DRIVEN_FORECAST,foundry-field,2027
BIZ_DEFERRED,liability,2026-09-09T00:00:00Z,NONCASH_OR_OPENING,0.0000,115000.0000,Monthly service under effective contract version,SHI,CONDITIONAL_FORECAST,BIZ-base-0000825,5,5,2027-05-31,base,FOUNDRY_FIELD,115000.0000,base-05-SUBSCRIPTION_SERVICE-FF-021,BUSINESS_DRIVEN_FORECAST,foundry-field,2027
BIZ_REVENUE,revenue,2026-09-09T00:00:00Z,NONCASH_OR_OPENING,115000.0000,0.0000,Monthly service under effective contract version,SHI,CONDITIONAL_FORECAST,BIZ-base-0000825,5,5,2027-05-31,base,FOUNDRY_FIELD,-115000.0000,base-05-SUBSCRIPTION_SERVICE-FF-021,BUSINESS_DRIVEN_FORECAST,foundry-field,2027
BIZ_DELIVERY,expense,2026-09-09T00:00:00Z,NONCASH_OR_OPENING,0.0000,2400.0000,Source-driven vendor cost,SHI,CONDITIONAL_FORECAST,BIZ-base-0000826,5,5,2027-05-31,base,FOUNDRY_FIELD,2400.0000,base-05-COST-HOSTING-FF-021,BUSINESS_DRIVEN_FORECAST,foundry-field,2027
BIZ_AP,liability,2026-09-09T00:00:00Z,NONCASH_OR_OPENING,2400.0000,0.0000,Source-driven vendor cost,SHI,CONDITIONAL_FORECAST,BIZ-base-0000826,5,5,2027-05-31,base,FOUNDRY_FIELD,-2400.0000,base-05-COST-HOSTING-FF-021,BUSINESS_DRIVEN_FORECAST,foundry-field,2027
BIZ_DEFERRED,liability,2026-09-09T00:00:00Z,NONCASH_OR_OPENING,0.0000,130000.0000,Monthly service under effective contract version,SHI,CONDITIONAL_FORECAST,BIZ-base-0000827,5,5,2027-05-31,base,FOUNDRY_FIELD,130000.0000,base-05-SUBSCRIPTION_SERVICE-FF-022,BUSINESS_DRIVEN_FORECAST,foundry-field,2027
BIZ_REVENUE,revenue,2026-09-09T00:00:00Z,NONCASH_OR_OPENING,130000.0000,0.0000,Monthly service under effective contract version,SHI,CONDITIONAL_FORECAST,BIZ-base-0000827,5,5,2027-05-31,base,FOUNDRY_FIELD,-130000.0000,base-05-SUBSCRIPTION_SERVICE-FF-022,BUSINESS_DRIVEN_FORECAST,foundry-field,2027
BIZ_DELIVERY,expense,2026-09-09T00:00:00Z,NONCASH_OR_OPENING,0.0000,3000.0000,Source-driven vendor cost,SHI,CONDITIONAL_FORECAST,BIZ-base-0000828,5,5,2027-05-31,base,FOUNDRY_FIELD,3000.0000,base-05-COST-HOSTING-FF-022,BUSINESS_DRIVEN_FORECAST,foundry-field,2027
BIZ_AP,liability,2026-09-09T00:00:00Z,NONCASH_OR_OPENING,3000.0000,0.0000,Source-driven vendor cost,SHI,CONDITIONAL_FORECAST,BIZ-base-0000828,5,5,2027-05-31,base,FOUNDRY_FIELD,-3000.0000,base-05-COST-HOSTING-FF-022,BUSINESS_DRIVEN_FORECAST,foundry-field,2027
BIZ_DEFERRED,liability,2026-09-09T00:00:00Z,NONCASH_OR_OPENING,0.0000,145000.0000,Monthly service under effective contract version,SHI,CONDITIONAL_FORECAST,BIZ-base-0000829,5,5,2027-05-31,base,FOUNDRY_FIELD,145000.0000,base-05-SUBSCRIPTION_SERVICE-FF-023,BUSINESS_DRIVEN_FORECAST,foundry-field,2027
BIZ_REVENUE,revenue,2026-09-09T00:00:00Z,NONCASH_OR_OPENING,145000.0000,0.0000,Monthly service under effective contract version,SHI,CONDITIONAL_FORECAST,BIZ-base-0000829,5,5,2027-05-31,base,FOUNDRY_FIELD,-145000.0000,base-05-SUBSCRIPTION_SERVICE-FF-023,BUSINESS_DRIVEN_FORECAST,foundry-field,2027
BIZ_DELIVERY,expense,2026-09-09T00:00:00Z,NONCASH_OR_OPENING,0.0000,3600.0000,Source-driven vendor cost,SHI,CONDITIONAL_FORECAST,BIZ-base-0000830,5,5,2027-05-31,base,FOUNDRY_FIELD,3600.0000,base-05-COST-HOSTING-FF-023,BUSINESS_DRIVEN_FORECAST,foundry-field,2027
BIZ_AP,liability,2026-09-09T00:00:00Z,NONCASH_OR_OPENING,3600.0000,0.0000,Source-driven vendor cost,SHI,CONDITIONAL_FORECAST,BIZ-base-0000830,5,5,2027-05-31,base,FOUNDRY_FIELD,-3600.0000,base-05-COST-HOSTING-FF-023,BUSINESS_DRIVEN_FORECAST,foundry-field,2027
BIZ_DEFERRED,liability,2026-09-09T00:00:00Z,NONCASH_OR_OPENING,0.0000,160000.0000,Monthly service under effective contract version,SHI,CONDITIONAL_FORECAST,BIZ-base-0000831,5,5,2027-05-31,base,FOUNDRY_FIELD,160000.0000,base-05-SUBSCRIPTION_SERVICE-FF-024,BUSINESS_DRIVEN_FORECAST,foundry-field,2027
BIZ_REVENUE,revenue,2026-09-09T00:00:00Z,NONCASH_OR_OPENING,160000.0000,0.0000,Monthly service under effective contract version,SHI,CONDITIONAL_FORECAST,BIZ-base-0000831,5,5,2027-05-31,base,FOUNDRY_FIELD,-160000.0000,base-05-SUBSCRIPTION_SERVICE-FF-024,BUSINESS_DRIVEN_FORECAST,foundry-field,2027
BIZ_DELIVERY,expense,2026-09-09T00:00:00Z,NONCASH_OR_OPENING,0.0000,1800.0000,Source-driven vendor cost,SHI,CONDITIONAL_FORECAST,BIZ-base-0000832,5,5,2027-05-31,base,FOUNDRY_FIELD,1800.0000,base-05-COST-HOSTING-FF-024,BUSINESS_DRIVEN_FORECAST,foundry-field,2027
BIZ_AP,liability,2026-09-09T00:00:00Z,NONCASH_OR_OPENING,1800.0000,0.0000,Source-driven vendor cost,SHI,CONDITIONAL_FORECAST,BIZ-base-0000832,5,5,2027-05-31,base,FOUNDRY_FIELD,-1800.0000,base-05-COST-HOSTING-FF-024,BUSINESS_DRIVEN_FORECAST,foundry-field,2027
BIZ_DEFERRED,liability,2026-09-09T00:00:00Z,NONCASH_OR_OPENING,0.0000,100000.0000,Monthly service under effective contract version,SHI,CONDITIONAL_FORECAST,BIZ-base-0000833,5,5,2027-05-31,base,FOUNDRY_FIELD,100000.0000,base-05-SUBSCRIPTION_SERVICE-FF-025,BUSINESS_DRIVEN_FORECAST,foundry-field,2027
BIZ_REVENUE,revenue,2026-09-09T00:00:00Z,NONCASH_OR_OPENING,100000.0000,0.0000,Monthly service under effective contract version,SHI,CONDITIONAL_FORECAST,BIZ-base-0000833,5,5,2027-05-31,base,FOUNDRY_FIELD,-100000.0000,base-05-SUBSCRIPTION_SERVICE-FF-025,BUSINESS_DRIVEN_FORECAST,foundry-field,2027
BIZ_DELIVERY,expense,2026-09-09T00:00:00Z,NONCASH_OR_OPENING,0.0000,2400.0000,Source-driven vendor cost,SHI,CONDITIONAL_FORECAST,BIZ-base-0000834,5,5,2027-05-31,base,FOUNDRY_FIELD,2400.0000,base-05-COST-HOSTING-FF-025,BUSINESS_DRIVEN_FORECAST,foundry-field,2027
BIZ_AP,liability,2026-09-09T00:00:00Z,NONCASH_OR_OPENING,2400.0000,0.0000,Source-driven vendor cost,SHI,CONDITIONAL_FORECAST,BIZ-base-0000834,5,5,2027-05-31,base,FOUNDRY_FIELD,-2400.0000,base-05-COST-HOSTING-FF-025,BUSINESS_DRIVEN_FORECAST,foundry-field,2027
BIZ_DEFERRED,liability,2026-09-09T00:00:00Z,NONCASH_OR_OPENING,0.0000,115000.0000,Monthly service under effective contract version,SHI,CONDITIONAL_FORECAST,BIZ-base-0000835,5,5,2027-05-31,base,FOUNDRY_FIELD,115000.0000,base-05-SUBSCRIPTION_SERVICE-FF-026,BUSINESS_DRIVEN_FORECAST,foundry-field,2027
BIZ_REVENUE,revenue,2026-09-09T00:00:00Z,NONCASH_OR_OPENING,115000.0000,0.0000,Monthly service under effective contract version,SHI,CONDITIONAL_FORECAST,BIZ-base-0000835,5,5,2027-05-31,base,FOUNDRY_FIELD,-115000.0000,base-05-SUBSCRIPTION_SERVICE-FF-026,BUSINESS_DRIVEN_FORECAST,foundry-field,2027
BIZ_DELIVERY,expense,2026-09-09T00:00:00Z,NONCASH_OR_OPENING,0.0000,3000.0000,Source-driven vendor cost,SHI,CONDITIONAL_FORECAST,BIZ-base-0000836,5,5,2027-05-31,base,FOUNDRY_FIELD,3000.0000,base-05-COST-HOSTING-FF-026,BUSINESS_DRIVEN_FORECAST,foundry-field,2027
BIZ_AP,liability,2026-09-09T00:00:00Z,NONCASH_OR_OPENING,3000.0000,0.0000,Source-driven vendor cost,SHI,CONDITIONAL_FORECAST,BIZ-base-0000836,5,5,2027-05-31,base,FOUNDRY_FIELD,-3000.0000,base-05-COST-HOSTING-FF-026,BUSINESS_DRIVEN_FORECAST,foundry-field,2027
BIZ_DEFERRED,liability,2026-09-09T00:00:00Z,NONCASH_OR_OPENING,0.0000,130000.0000,Monthly service under effective contract version,SHI,CONDITIONAL_FORECAST,BIZ-base-0000837,5,5,2027-05-31,base,FOUNDRY_FIELD,130000.0000,base-05-SUBSCRIPTION_SERVICE-FF-027,BUSINESS_DRIVEN_FORECAST,foundry-field,2027
BIZ_REVENUE,revenue,2026-09-09T00:00:00Z,NONCASH_OR_OPENING,130000.0000,0.0000,Monthly service under effective contract version,SHI,CONDITIONAL_FORECAST,BIZ-base-0000837,5,5,2027-05-31,base,FOUNDRY_FIELD,-130000.0000,base-05-SUBSCRIPTION_SERVICE-FF-027,BUSINESS_DRIVEN_FORECAST,foundry-field,2027
BIZ_DELIVERY,expense,2026-09-09T00:00:00Z,NONCASH_OR_OPENING,0.0000,3600.0000,Source-driven vendor cost,SHI,CONDITIONAL_FORECAST,BIZ-base-0000838,5,5,2027-05-31,base,FOUNDRY_FIELD,3600.0000,base-05-COST-HOSTING-FF-027,BUSINESS_DRIVEN_FORECAST,foundry-field,2027
BIZ_AP,liability,2026-09-09T00:00:00Z,NONCASH_OR_OPENING,3600.0000,0.0000,Source-driven vendor cost,SHI,CONDITIONAL_FORECAST,BIZ-base-0000838,5,5,2027-05-31,base,FOUNDRY_FIELD,-3600.0000,base-05-COST-HOSTING-FF-027,BUSINESS_DRIVEN_FORECAST,foundry-field,2027
BIZ_DEFERRED,liability,2026-09-09T00:00:00Z,NONCASH_OR_OPENING,0.0000,145000.0000,Monthly service under effective contract version,SHI,CONDITIONAL_FORECAST,BIZ-base-0000839,5,5,2027-05-31,base,FOUNDRY_FIELD,145000.0000,base-05-SUBSCRIPTION_SERVICE-FF-028,BUSINESS_DRIVEN_FORECAST,foundry-field,2027
BIZ_REVENUE,revenue,2026-09-09T00:00:00Z,NONCASH_OR_OPENING,145000.0000,0.0000,Monthly service under effective contract version,SHI,CONDITIONAL_FORECAST,BIZ-base-0000839,5,5,2027-05-31,base,FOUNDRY_FIELD,-145000.0000,base-05-SUBSCRIPTION_SERVICE-FF-028,BUSINESS_DRIVEN_FORECAST,foundry-field,2027
BIZ_DELIVERY,expense,2026-09-09T00:00:00Z,NONCASH_OR_OPENING,0.0000,1800.0000,Source-driven vendor cost,SHI,CONDITIONAL_FORECAST,BIZ-base-0000840,5,5,2027-05-31,base,FOUNDRY_FIELD,1800.0000,base-05-COST-HOSTING-FF-028,BUSINESS_DRIVEN_FORECAST,foundry-field,2027
BIZ_AP,liability,2026-09-09T00:00:00Z,NONCASH_OR_OPENING,1800.0000,0.0000,Source-driven vendor cost,SHI,CONDITIONAL_FORECAST,BIZ-base-0000840,5,5,2027-05-31,base,FOUNDRY_FIELD,-1800.0000,base-05-COST-HOSTING-FF-028,BUSINESS_DRIVEN_FORECAST,foundry-field,2027
BIZ_DEFERRED,liability,2026-09-09T00:00:00Z,NONCASH_OR_OPENING,0.0000,160000.0000,Monthly service under effective contract version,SHI,CONDITIONAL_FORECAST,BIZ-base-0000841,5,5,2027-05-31,base,FOUNDRY_FIELD,160000.0000,base-05-SUBSCRIPTION_SERVICE-FF-029,BUSINESS_DRIVEN_FORECAST,foundry-field,2027
BIZ_REVENUE,revenue,2026-09-09T00:00:00Z,NONCASH_OR_OPENING,160000.0000,0.0000,Monthly service under effective contract version,SHI,CONDITIONAL_FORECAST,BIZ-base-0000841,5,5,2027-05-31,base,FOUNDRY_FIELD,-160000.0000,base-05-SUBSCRIPTION_SERVICE-FF-029,BUSINESS_DRIVEN_FORECAST,foundry-field,2027
BIZ_DELIVERY,expense,2026-09-09T00:00:00Z,NONCASH_OR_OPENING,0.0000,2400.0000,Source-driven vendor cost,SHI,CONDITIONAL_FORECAST,BIZ-base-0000842,5,5,2027-05-31,base,FOUNDRY_FIELD,2400.0000,base-05-COST-HOSTING-FF-029,BUSINESS_DRIVEN_FORECAST,foundry-field,2027
BIZ_AP,liability,2026-09-09T00:00:00Z,NONCASH_OR_OPENING,2400.0000,0.0000,Source-driven vendor cost,SHI,CONDITIONAL_FORECAST,BIZ-base-0000842,5,5,2027-05-31,base,FOUNDRY_FIELD,-2400.0000,base-05-COST-HOSTING-FF-029,BUSINESS_DRIVEN_FORECAST,foundry-field,2027
BIZ_DEFERRED,liability,2026-09-09T00:00:00Z,NONCASH_OR_OPENING,0.0000,100000.0000,Monthly service under effective contract version,SHI,CONDITIONAL_FORECAST,BIZ-base-0000843,5,5,2027-05-31,base,FOUNDRY_FIELD,100000.0000,base-05-SUBSCRIPTION_SERVICE-FF-030,BUSINESS_DRIVEN_FORECAST,foundry-field,2027
BIZ_REVENUE,revenue,2026-09-09T00:00:00Z,NONCASH_OR_OPENING,100000.0000,0.0000,Monthly service under effective contract version,SHI,CONDITIONAL_FORECAST,BIZ-base-0000843,5,5,2027-05-31,base,FOUNDRY_FIELD,-100000.0000,base-05-SUBSCRIPTION_SERVICE-FF-030,BUSINESS_DRIVEN_FORECAST,foundry-field,2027
BIZ_DELIVERY,expense,2026-09-09T00:00:00Z,NONCASH_OR_OPENING,0.0000,3000.0000,Source-driven vendor cost,SHI,CONDITIONAL_FORECAST,BIZ-base-0000844,5,5,2027-05-31,base,FOUNDRY_FIELD,3000.0000,base-05-COST-HOSTING-FF-030,BUSINESS_DRIVEN_FORECAST,foundry-field,2027
BIZ_AP,liability,2026-09-09T00:00:00Z,NONCASH_OR_OPENING,3000.0000,0.0000,Source-driven vendor cost,SHI,CONDITIONAL_FORECAST,BIZ-base-0000844,5,5,2027-05-31,base,FOUNDRY_FIELD,-3000.0000,base-05-COST-HOSTING-FF-030,BUSINESS_DRIVEN_FORECAST,foundry-field,2027
BIZ_DEFERRED,liability,2026-09-09T00:00:00Z,NONCASH_OR_OPENING,0.0000,115000.0000,Monthly service under effective contract version,SHI,CONDITIONAL_FORECAST,BIZ-base-0000845,5,5,2027-05-31,base,FOUNDRY_FIELD,115000.0000,base-05-SUBSCRIPTION_SERVICE-FF-031,BUSINESS_DRIVEN_FORECAST,foundry-field,2027
BIZ_REVENUE,revenue,2026-09-09T00:00:00Z,NONCASH_OR_OPENING,115000.0000,0.0000,Monthly service under effective contract version,SHI,CONDITIONAL_FORECAST,BIZ-base-0000845,5,5,2027-05-31,base,FOUNDRY_FIELD,-115000.0000,base-05-SUBSCRIPTION_SERVICE-FF-031,BUSINESS_DRIVEN_FORECAST,foundry-field,2027
BIZ_DELIVERY,expense,2026-09-09T00:00:00Z,NONCASH_OR_OPENING,0.0000,3600.0000,Source-driven vendor cost,SHI,CONDITIONAL_FORECAST,BIZ-base-0000846,5,5,2027-05-31,base,FOUNDRY_FIELD,3600.0000,base-05-COST-HOSTING-FF-031,BUSINESS_DRIVEN_FORECAST,foundry-field,2027
BIZ_AP,liability,2026-09-09T00:00:00Z,NONCASH_OR_OPENING,3600.0000,0.0000,Source-driven vendor cost,SHI,CONDITIONAL_FORECAST,BIZ-base-0000846,5,5,2027-05-31,base,FOUNDRY_FIELD,-3600.0000,base-05-COST-HOSTING-FF-031,BUSINESS_DRIVEN_FORECAST,foundry-field,2027
BIZ_DEFERRED,liability,2026-09-09T00:00:00Z,NONCASH_OR_OPENING,0.0000,130000.0000,Monthly service under effective contract version,SHI,CONDITIONAL_FORECAST,BIZ-base-0000847,5,5,2027-05-31,base,FOUNDRY_FIELD,130000.0000,base-05-SUBSCRIPTION_SERVICE-FF-032,BUSINESS_DRIVEN_FORECAST,foundry-field,2027
BIZ_REVENUE,revenue,2026-09-09T00:00:00Z,NONCASH_OR_OPENING,130000.0000,0.0000,Monthly service under effective contract version,SHI,CONDITIONAL_FORECAST,BIZ-base-0000847,5,5,2027-05-31,base,FOUNDRY_FIELD,-130000.0000,base-05-SUBSCRIPTION_SERVICE-FF-032,BUSINESS_DRIVEN_FORECAST,foundry-field,2027
BIZ_DELIVERY,expense,2026-09-09T00:00:00Z,NONCASH_OR_OPENING,0.0000,1800.0000,Source-driven vendor cost,SHI,CONDITIONAL_FORECAST,BIZ-base-0000848,5,5,2027-05-31,base,FOUNDRY_FIELD,1800.0000,base-05-COST-HOSTING-FF-032,BUSINESS_DRIVEN_FORECAST,foundry-field,2027
BIZ_AP,liability,2026-09-09T00:00:00Z,NONCASH_OR_OPENING,1800.0000,0.0000,Source-driven vendor cost,SHI,CONDITIONAL_FORECAST,BIZ-base-0000848,5,5,2027-05-31,base,FOUNDRY_FIELD,-1800.0000,base-05-COST-HOSTING-FF-032,BUSINESS_DRIVEN_FORECAST,foundry-field,2027
BIZ_DEFERRED,liability,2026-09-09T00:00:00Z,NONCASH_OR_OPENING,0.0000,145000.0000,Monthly service under effective contract version,SHI,CONDITIONAL_FORECAST,BIZ-base-0000849,5,5,2027-05-31,base,FOUNDRY_FIELD,145000.0000,base-05-SUBSCRIPTION_SERVICE-FF-033,BUSINESS_DRIVEN_FORECAST,foundry-field,2027
BIZ_REVENUE,revenue,2026-09-09T00:00:00Z,NONCASH_OR_OPENING,145000.0000,0.0000,Monthly service under effective contract version,SHI,CONDITIONAL_FORECAST,BIZ-base-0000849,5,5,2027-05-31,base,FOUNDRY_FIELD,-145000.0000,base-05-SUBSCRIPTION_SERVICE-FF-033,BUSINESS_DRIVEN_FORECAST,foundry-field,2027
BIZ_DELIVERY,expense,2026-09-09T00:00:00Z,NONCASH_OR_OPENING,0.0000,2400.0000,Source-driven vendor cost,SHI,CONDITIONAL_FORECAST,BIZ-base-0000850,5,5,2027-05-31,base,FOUNDRY_FIELD,2400.0000,base-05-COST-HOSTING-FF-033,BUSINESS_DRIVEN_FORECAST,foundry-field,2027
BIZ_AP,liability,2026-09-09T00:00:00Z,NONCASH_OR_OPENING,2400.0000,0.0000,Source-driven vendor cost,SHI,CONDITIONAL_FORECAST,BIZ-base-0000850,5,5,2027-05-31,base,FOUNDRY_FIELD,-2400.0000,base-05-COST-HOSTING-FF-033,BUSINESS_DRIVEN_FORECAST,foundry-field,2027
BIZ_DEFERRED,liability,2026-09-09T00:00:00Z,NONCASH_OR_OPENING,0.0000,160000.0000,Monthly service under effective contract version,SHI,CONDITIONAL_FORECAST,BIZ-base-0000851,5,5,2027-05-31,base,FOUNDRY_FIELD,160000.0000,base-05-SUBSCRIPTION_SERVICE-FF-034,BUSINESS_DRIVEN_FORECAST,foundry-field,2027
BIZ_REVENUE,revenue,2026-09-09T00:00:00Z,NONCASH_OR_OPENING,160000.0000,0.0000,Monthly service under effective contract version,SHI,CONDITIONAL_FORECAST,BIZ-base-0000851,5,5,2027-05-31,base,FOUNDRY_FIELD,-160000.0000,base-05-SUBSCRIPTION_SERVICE-FF-034,BUSINESS_DRIVEN_FORECAST,foundry-field,2027
BIZ_DELIVERY,expense,2026-09-09T00:00:00Z,NONCASH_OR_OPENING,0.0000,3000.0000,Source-driven vendor cost,SHI,CONDITIONAL_FORECAST,BIZ-base-0000852,5,5,2027-05-31,base,FOUNDRY_FIELD,3000.0000,base-05-COST-HOSTING-FF-034,BUSINESS_DRIVEN_FORECAST,foundry-field,2027
BIZ_AP,liability,2026-09-09T00:00:00Z,NONCASH_OR_OPENING,3000.0000,0.0000,Source-driven vendor cost,SHI,CONDITIONAL_FORECAST,BIZ-base-0000852,5,5,2027-05-31,base,FOUNDRY_FIELD,-3000.0000,base-05-COST-HOSTING-FF-034,BUSINESS_DRIVEN_FORECAST,foundry-field,2027
BIZ_DEFERRED,liability,2026-09-09T00:00:00Z,NONCASH_OR_OPENING,0.0000,100000.0000,Monthly service under effective contract version,SHI,CONDITIONAL_FORECAST,BIZ-base-0000853,5,5,2027-05-31,base,FOUNDRY_FIELD,100000.0000,base-05-SUBSCRIPTION_SERVICE-FF-035,BUSINESS_DRIVEN_FORECAST,foundry-field,2027
BIZ_REVENUE,revenue,2026-09-09T00:00:00Z,NONCASH_OR_OPENING,100000.0000,0.0000,Monthly service under effective contract version,SHI,CONDITIONAL_FORECAST,BIZ-base-0000853,5,5,2027-05-31,base,FOUNDRY_FIELD,-100000.0000,base-05-SUBSCRIPTION_SERVICE-FF-035,BUSINESS_DRIVEN_FORECAST,foundry-field,2027
BIZ_DELIVERY,expense,2026-09-09T00:00:00Z,NONCASH_OR_OPENING,0.0000,3600.0000,Source-driven vendor cost,SHI,CONDITIONAL_FORECAST,BIZ-base-0000854,5,5,2027-05-31,base,FOUNDRY_FIELD,3600.0000,base-05-COST-HOSTING-FF-035,BUSINESS_DRIVEN_FORECAST,foundry-field,2027
BIZ_AP,liability,2026-09-09T00:00:00Z,NONCASH_OR_OPENING,3600.0000,0.0000,Source-driven vendor cost,SHI,CONDITIONAL_FORECAST,BIZ-base-0000854,5,5,2027-05-31,base,FOUNDRY_FIELD,-3600.0000,base-05-COST-HOSTING-FF-035,BUSINESS_DRIVEN_FORECAST,foundry-field,2027
BIZ_DEFERRED,liability,2026-09-09T00:00:00Z,NONCASH_OR_OPENING,0.0000,115000.0000,Monthly service under effective contract version,SHI,CONDITIONAL_FORECAST,BIZ-base-0000855,5,5,2027-05-31,base,FOUNDRY_FIELD,115000.0000,base-05-SUBSCRIPTION_SERVICE-FF-036,BUSINESS_DRIVEN_FORECAST,foundry-field,2027
BIZ_REVENUE,revenue,2026-09-09T00:00:00Z,NONCASH_OR_OPENING,115000.0000,0.0000,Monthly service under effective contract version,SHI,CONDITIONAL_FORECAST,BIZ-base-0000855,5,5,2027-05-31,base,FOUNDRY_FIELD,-115000.0000,base-05-SUBSCRIPTION_SERVICE-FF-036,BUSINESS_DRIVEN_FORECAST,foundry-field,2027
BIZ_DELIVERY,expense,2026-09-09T00:00:00Z,NONCASH_OR_OPENING,0.0000,1800.0000,Source-driven vendor cost,SHI,CONDITIONAL_FORECAST,BIZ-base-0000856,5,5,2027-05-31,base,FOUNDRY_FIELD,1800.0000,base-05-COST-HOSTING-FF-036,BUSINESS_DRIVEN_FORECAST,foundry-field,2027
BIZ_AP,liability,2026-09-09T00:00:00Z,NONCASH_OR_OPENING,1800.0000,0.0000,Source-driven vendor cost,SHI,CONDITIONAL_FORECAST,BIZ-base-0000856,5,5,2027-05-31,base,FOUNDRY_FIELD,-1800.0000,base-05-COST-HOSTING-FF-036,BUSINESS_DRIVEN_FORECAST,foundry-field,2027
BIZ_CREDIT_LOSS,expense,2026-09-09T00:00:00Z,NONCASH_OR_OPENING,1688400.0000,0.0000,"Explicit expected credit-loss estimate, not observed customer default",SHI,CONDITIONAL_FORECAST,BIZ-base-0000899,5,5,2027-05-31,base,FOUNDRY_FIELD,-1688400.0000,base-05-MONTH_END_ESTIMATE-foundry-field,BUSINESS_DRIVEN_FORECAST,foundry-field,2027
BIZ_ALLOWANCE,asset,2026-09-09T00:00:00Z,NONCASH_OR_OPENING,0.0000,1688400.0000,"Explicit expected credit-loss estimate, not observed customer default",SHI,CONDITIONAL_FORECAST,BIZ-base-0000899,5,5,2027-05-31,base,FOUNDRY_FIELD,1688400.0000,base-05-MONTH_END_ESTIMATE-foundry-field,BUSINESS_DRIVEN_FORECAST,foundry-field,2027
BIZ_CREDIT_LOSS,expense,2026-09-09T00:00:00Z,NONCASH_OR_OPENING,0.0000,1278900.0000,Invoice-specific synthetic graded expected-credit-loss estimate,SHI,CONDITIONAL_FORECAST,BIZ-base-0000903,5,5,2027-05-31,base,FOUNDRY_FIELD,1278900.0000,base-05-CREDIT_RISK_ESTIMATE-foundry-field,BUSINESS_DRIVEN_FORECAST,foundry-field,2027
BIZ_ALLOWANCE,asset,2026-09-09T00:00:00Z,NONCASH_OR_OPENING,1278900.0000,0.0000,Invoice-specific synthetic graded expected-credit-loss estimate,SHI,CONDITIONAL_FORECAST,BIZ-base-0000903,5,5,2027-05-31,base,FOUNDRY_FIELD,-1278900.0000,base-05-CREDIT_RISK_ESTIMATE-foundry-field,BUSINESS_DRIVEN_FORECAST,foundry-field,2027
BIZ_CREDIT_LOSS,expense,2026-09-09T00:00:00Z,NONCASH_OR_OPENING,0.0000,1305000.0000,Explicit synthetic default writes off remaining claim; allowance releases at close,SHI,CONDITIONAL_FORECAST,BIZ-base-0000904,6,6,2027-06-30,base,FOUNDRY_FIELD,1305000.0000,base-06-CREDIT_WRITEOFF-INV-base-FF-003-TERM-0,BUSINESS_DRIVEN_FORECAST,foundry-field,2027
BIZ_AR,asset,2026-09-09T00:00:00Z,NONCASH_OR_OPENING,1305000.0000,0.0000,Explicit synthetic default writes off remaining claim; allowance releases at close,SHI,CONDITIONAL_FORECAST,BIZ-base-0000904,6,6,2027-06-30,base,FOUNDRY_FIELD,-1305000.0000,base-06-CREDIT_WRITEOFF-INV-base-FF-003-TERM-0,BUSINESS_DRIVEN_FORECAST,foundry-field,2027
BIZ_AP,liability,2026-09-09T00:00:00Z,NONCASH_OR_OPENING,0.0000,2400.0000,Scheduled vendor cash request; treasury shortfalls separately reported,SHI,CONDITIONAL_FORECAST,BIZ-base-0000911,6,6,2027-06-30,base,FOUNDRY_FIELD,2400.0000,base-06-PAYMENT_REQUEST-AP-base-5-HOSTING-FF-001,BUSINESS_DRIVEN_FORECAST,foundry-field,2027
1000,asset,2026-09-09T00:00:00Z,OPERATING,2400.0000,0.0000,Scheduled vendor cash request; treasury shortfalls separately reported,SHI,CONDITIONAL_FORECAST,BIZ-base-0000911,6,6,2027-06-30,base,FOUNDRY_FIELD,-2400.0000,base-06-PAYMENT_REQUEST-AP-base-5-HOSTING-FF-001,BUSINESS_DRIVEN_FORECAST,foundry-field,2027
BIZ_AP,liability,2026-09-09T00:00:00Z,NONCASH_OR_OPENING,0.0000,3000.0000,Scheduled vendor cash request; treasury shortfalls separately reported,SHI,CONDITIONAL_FORECAST,BIZ-base-0000912,6,6,2027-06-30,base,FOUNDRY_FIELD,3000.0000,base-06-PAYMENT_REQUEST-AP-base-5-HOSTING-FF-002,BUSINESS_DRIVEN_FORECAST,foundry-field,2027
1000,asset,2026-09-09T00:00:00Z,OPERATING,3000.0000,0.0000,Scheduled vendor cash request; treasury shortfalls separately reported,SHI,CONDITIONAL_FORECAST,BIZ-base-0000912,6,6,2027-06-30,base,FOUNDRY_FIELD,-3000.0000,base-06-PAYMENT_REQUEST-AP-base-5-HOSTING-FF-002,BUSINESS_DRIVEN_FORECAST,foundry-field,2027
BIZ_AP,liability,2026-09-09T00:00:00Z,NONCASH_OR_OPENING,0.0000,3600.0000,Scheduled vendor cash request; treasury shortfalls separately reported,SHI,CONDITIONAL_FORECAST,BIZ-base-0000913,6,6,2027-06-30,base,FOUNDRY_FIELD,3600.0000,base-06-PAYMENT_REQUEST-AP-base-5-HOSTING-FF-003,BUSINESS_DRIVEN_FORECAST,foundry-field,2027
1000,asset,2026-09-09T00:00:00Z,OPERATING,3600.0000,0.0000,Scheduled vendor cash request; treasury shortfalls separately reported,SHI,CONDITIONAL_FORECAST,BIZ-base-0000913,6,6,2027-06-30,base,FOUNDRY_FIELD,-3600.0000,base-06-PAYMENT_REQUEST-AP-base-5-HOSTING-FF-003,BUSINESS_DRIVEN_FORECAST,foundry-field,2027
BIZ_AP,liability,2026-09-09T00:00:00Z,NONCASH_OR_OPENING,0.0000,1800.0000,Scheduled vendor cash request; treasury shortfalls separately reported,SHI,CONDITIONAL_FORECAST,BIZ-base-0000914,6,6,2027-06-30,base,FOUNDRY_FIELD,1800.0000,base-06-PAYMENT_REQUEST-AP-base-5-HOSTING-FF-004,BUSINESS_DRIVEN_FORECAST,foundry-field,2027
1000,asset,2026-09-09T00:00:00Z,OPERATING,1800.0000,0.0000,Scheduled vendor cash request; treasury shortfalls separately reported,SHI,CONDITIONAL_FORECAST,BIZ-base-0000914,6,6,2027-06-30,base,FOUNDRY_FIELD,-1800.0000,base-06-PAYMENT_REQUEST-AP-base-5-HOSTING-FF-004,BUSINESS_DRIVEN_FORECAST,foundry-field,2027
BIZ_AP,liability,2026-09-09T00:00:00Z,NONCASH_OR_OPENING,0.0000,2400.0000,Scheduled vendor cash request; treasury shortfalls separately reported,SHI,CONDITIONAL_FORECAST,BIZ-base-0000915,6,6,2027-06-30,base,FOUNDRY_FIELD,2400.0000,base-06-PAYMENT_REQUEST-AP-base-5-HOSTING-FF-005,BUSINESS_DRIVEN_FORECAST,foundry-field,2027
1000,asset,2026-09-09T00:00:00Z,OPERATING,2400.0000,0.0000,Scheduled vendor cash request; treasury shortfalls separately reported,SHI,CONDITIONAL_FORECAST,BIZ-base-0000915,6,6,2027-06-30,base,FOUNDRY_FIELD,-2400.0000,base-06-PAYMENT_REQUEST-AP-base-5-HOSTING-FF-005,BUSINESS_DRIVEN_FORECAST,foundry-field,2027
BIZ_AP,liability,2026-09-09T00:00:00Z,NONCASH_OR_OPENING,0.0000,3000.0000,Scheduled vendor cash request; treasury shortfalls separately reported,SHI,CONDITIONAL_FORECAST,BIZ-base-0000916,6,6,2027-06-30,base,FOUNDRY_FIELD,3000.0000,base-06-PAYMENT_REQUEST-AP-base-5-HOSTING-FF-006,BUSINESS_DRIVEN_FORECAST,foundry-field,2027
1000,asset,2026-09-09T00:00:00Z,OPERATING,3000.0000,0.0000,Scheduled vendor cash request; treasury shortfalls separately reported,SHI,CONDITIONAL_FORECAST,BIZ-base-0000916,6,6,2027-06-30,base,FOUNDRY_FIELD,-3000.0000,base-06-PAYMENT_REQUEST-AP-base-5-HOSTING-FF-006,BUSINESS_DRIVEN_FORECAST,foundry-field,2027
BIZ_AP,liability,2026-09-09T00:00:00Z,NONCASH_OR_OPENING,0.0000,3600.0000,Scheduled vendor cash request; treasury shortfalls separately reported,SHI,CONDITIONAL_FORECAST,BIZ-base-0000917,6,6,2027-06-30,base,FOUNDRY_FIELD,3600.0000,base-06-PAYMENT_REQUEST-AP-base-5-HOSTING-FF-007,BUSINESS_DRIVEN_FORECAST,foundry-field,2027
1000,asset,2026-09-09T00:00:00Z,OPERATING,3600.0000,0.0000,Scheduled vendor cash request; treasury shortfalls separately reported,SHI,CONDITIONAL_FORECAST,BIZ-base-0000917,6,6,2027-06-30,base,FOUNDRY_FIELD,-3600.0000,base-06-PAYMENT_REQUEST-AP-base-5-HOSTING-FF-007,BUSINESS_DRIVEN_FORECAST,foundry-field,2027
BIZ_AP,liability,2026-09-09T00:00:00Z,NONCASH_OR_OPENING,0.0000,1800.0000,Scheduled vendor cash request; treasury shortfalls separately reported,SHI,CONDITIONAL_FORECAST,BIZ-base-0000918,6,6,2027-06-30,base,FOUNDRY_FIELD,1800.0000,base-06-PAYMENT_REQUEST-AP-base-5-HOSTING-FF-008,BUSINESS_DRIVEN_FORECAST,foundry-field,2027
1000,asset,2026-09-09T00:00:00Z,OPERATING,1800.0000,0.0000,Scheduled vendor cash request; treasury shortfalls separately reported,SHI,CONDITIONAL_FORECAST,BIZ-base-0000918,6,6,2027-06-30,base,FOUNDRY_FIELD,-1800.0000,base-06-PAYMENT_REQUEST-AP-base-5-HOSTING-FF-008,BUSINESS_DRIVEN_FORECAST,foundry-field,2027
BIZ_AP,liability,2026-09-09T00:00:00Z,NONCASH_OR_OPENING,0.0000,2400.0000,Scheduled vendor cash request; treasury shortfalls separately reported,SHI,CONDITIONAL_FORECAST,BIZ-base-0000919,6,6,2027-06-30,base,FOUNDRY_FIELD,2400.0000,base-06-PAYMENT_REQUEST-AP-base-5-HOSTING-FF-009,BUSINESS_DRIVEN_FORECAST,foundry-field,2027
1000,asset,2026-09-09T00:00:00Z,OPERATING,2400.0000,0.0000,Scheduled vendor cash request; treasury shortfalls separately reported,SHI,CONDITIONAL_FORECAST,BIZ-base-0000919,6,6,2027-06-30,base,FOUNDRY_FIELD,-2400.0000,base-06-PAYMENT_REQUEST-AP-base-5-HOSTING-FF-009,BUSINESS_DRIVEN_FORECAST,foundry-field,2027
BIZ_AP,liability,2026-09-09T00:00:00Z,NONCASH_OR_OPENING,0.0000,3000.0000,Scheduled vendor cash request; treasury shortfalls separately reported,SHI,CONDITIONAL_FORECAST,BIZ-base-0000920,6,6,2027-06-30,base,FOUNDRY_FIELD,3000.0000,base-06-PAYMENT_REQUEST-AP-base-5-HOSTING-FF-010,BUSINESS_DRIVEN_FORECAST,foundry-field,2027
1000,asset,2026-09-09T00:00:00Z,OPERATING,3000.0000,0.0000,Scheduled vendor cash request; treasury shortfalls separately reported,SHI,CONDITIONAL_FORECAST,BIZ-base-0000920,6,6,2027-06-30,base,FOUNDRY_FIELD,-3000.0000,base-06-PAYMENT_REQUEST-AP-base-5-HOSTING-FF-010,BUSINESS_DRIVEN_FORECAST,foundry-field,2027
BIZ_AP,liability,2026-09-09T00:00:00Z,NONCASH_OR_OPENING,0.0000,3600.0000,Scheduled vendor cash request; treasury shortfalls separately reported,SHI,CONDITIONAL_FORECAST,BIZ-base-0000921,6,6,2027-06-30,base,FOUNDRY_FIELD,3600.0000,base-06-PAYMENT_REQUEST-AP-base-5-HOSTING-FF-011,BUSINESS_DRIVEN_FORECAST,foundry-field,2027
1000,asset,2026-09-09T00:00:00Z,OPERATING,3600.0000,0.0000,Scheduled vendor cash request; treasury shortfalls separately reported,SHI,CONDITIONAL_FORECAST,BIZ-base-0000921,6,6,2027-06-30,base,FOUNDRY_FIELD,-3600.0000,base-06-PAYMENT_REQUEST-AP-base-5-HOSTING-FF-011,BUSINESS_DRIVEN_FORECAST,foundry-field,2027
BIZ_AP,liability,2026-09-09T00:00:00Z,NONCASH_OR_OPENING,0.0000,1800.0000,Scheduled vendor cash request; treasury shortfalls separately reported,SHI,CONDITIONAL_FORECAST,BIZ-base-0000922,6,6,2027-06-30,base,FOUNDRY_FIELD,1800.0000,base-06-PAYMENT_REQUEST-AP-base-5-HOSTING-FF-012,BUSINESS_DRIVEN_FORECAST,foundry-field,2027
1000,asset,2026-09-09T00:00:00Z,OPERATING,1800.0000,0.0000,Scheduled vendor cash request; treasury shortfalls separately reported,SHI,CONDITIONAL_FORECAST,BIZ-base-0000922,6,6,2027-06-30,base,FOUNDRY_FIELD,-1800.0000,base-06-PAYMENT_REQUEST-AP-base-5-HOSTING-FF-012,BUSINESS_DRIVEN_FORECAST,foundry-field,2027
BIZ_AP,liability,2026-09-09T00:00:00Z,NONCASH_OR_OPENING,0.0000,2400.0000,Scheduled vendor cash request; treasury shortfalls separately reported,SHI,CONDITIONAL_FORECAST,BIZ-base-0000923,6,6,2027-06-30,base,FOUNDRY_FIELD,2400.0000,base-06-PAYMENT_REQUEST-AP-base-5-HOSTING-FF-013,BUSINESS_DRIVEN_FORECAST,foundry-field,2027
1000,asset,2026-09-09T00:00:00Z,OPERATING,2400.0000,0.0000,Scheduled vendor cash request; treasury shortfalls separately reported,SHI,CONDITIONAL_FORECAST,BIZ-base-0000923,6,6,2027-06-30,base,FOUNDRY_FIELD,-2400.0000,base-06-PAYMENT_REQUEST-AP-base-5-HOSTING-FF-013,BUSINESS_DRIVEN_FORECAST,foundry-field,2027
BIZ_AP,liability,2026-09-09T00:00:00Z,NONCASH_OR_OPENING,0.0000,3000.0000,Scheduled vendor cash request; treasury shortfalls separately reported,SHI,CONDITIONAL_FORECAST,BIZ-base-0000924,6,6,2027-06-30,base,FOUNDRY_FIELD,3000.0000,base-06-PAYMENT_REQUEST-AP-base-5-HOSTING-FF-014,BUSINESS_DRIVEN_FORECAST,foundry-field,2027
1000,asset,2026-09-09T00:00:00Z,OPERATING,3000.0000,0.0000,Scheduled vendor cash request; treasury shortfalls separately reported,SHI,CONDITIONAL_FORECAST,BIZ-base-0000924,6,6,2027-06-30,base,FOUNDRY_FIELD,-3000.0000,base-06-PAYMENT_REQUEST-AP-base-5-HOSTING-FF-014,BUSINESS_DRIVEN_FORECAST,foundry-field,2027
BIZ_AP,liability,2026-09-09T00:00:00Z,NONCASH_OR_OPENING,0.0000,3600.0000,Scheduled vendor cash request; treasury shortfalls separately reported,SHI,CONDITIONAL_FORECAST,BIZ-base-0000925,6,6,2027-06-30,base,FOUNDRY_FIELD,3600.0000,base-06-PAYMENT_REQUEST-AP-base-5-HOSTING-FF-015,BUSINESS_DRIVEN_FORECAST,foundry-field,2027
1000,asset,2026-09-09T00:00:00Z,OPERATING,3600.0000,0.0000,Scheduled vendor cash request; treasury shortfalls separately reported,SHI,CONDITIONAL_FORECAST,BIZ-base-0000925,6,6,2027-06-30,base,FOUNDRY_FIELD,-3600.0000,base-06-PAYMENT_REQUEST-AP-base-5-HOSTING-FF-015,BUSINESS_DRIVEN_FORECAST,foundry-field,2027
BIZ_AP,liability,2026-09-09T00:00:00Z,NONCASH_OR_OPENING,0.0000,1800.0000,Scheduled vendor cash request; treasury shortfalls separately reported,SHI,CONDITIONAL_FORECAST,BIZ-base-0000926,6,6,2027-06-30,base,FOUNDRY_FIELD,1800.0000,base-06-PAYMENT_REQUEST-AP-base-5-HOSTING-FF-016,BUSINESS_DRIVEN_FORECAST,foundry-field,2027
1000,asset,2026-09-09T00:00:00Z,OPERATING,1800.0000,0.0000,Scheduled vendor cash request; treasury shortfalls separately reported,SHI,CONDITIONAL_FORECAST,BIZ-base-0000926,6,6,2027-06-30,base,FOUNDRY_FIELD,-1800.0000,base-06-PAYMENT_REQUEST-AP-base-5-HOSTING-FF-016,BUSINESS_DRIVEN_FORECAST,foundry-field,2027
BIZ_AP,liability,2026-09-09T00:00:00Z,NONCASH_OR_OPENING,0.0000,2400.0000,Scheduled vendor cash request; treasury shortfalls separately reported,SHI,CONDITIONAL_FORECAST,BIZ-base-0000927,6,6,2027-06-30,base,FOUNDRY_FIELD,2400.0000,base-06-PAYMENT_REQUEST-AP-base-5-HOSTING-FF-017,BUSINESS_DRIVEN_FORECAST,foundry-field,2027
1000,asset,2026-09-09T00:00:00Z,OPERATING,2400.0000,0.0000,Scheduled vendor cash request; treasury shortfalls separately reported,SHI,CONDITIONAL_FORECAST,BIZ-base-0000927,6,6,2027-06-30,base,FOUNDRY_FIELD,-2400.0000,base-06-PAYMENT_REQUEST-AP-base-5-HOSTING-FF-017,BUSINESS_DRIVEN_FORECAST,foundry-field,2027
BIZ_AP,liability,2026-09-09T00:00:00Z,NONCASH_OR_OPENING,0.0000,3000.0000,Scheduled vendor cash request; treasury shortfalls separately reported,SHI,CONDITIONAL_FORECAST,BIZ-base-0000928,6,6,2027-06-30,base,FOUNDRY_FIELD,3000.0000,base-06-PAYMENT_REQUEST-AP-base-5-HOSTING-FF-018,BUSINESS_DRIVEN_FORECAST,foundry-field,2027
1000,asset,2026-09-09T00:00:00Z,OPERATING,3000.0000,0.0000,Scheduled vendor cash request; treasury shortfalls separately reported,SHI,CONDITIONAL_FORECAST,BIZ-base-0000928,6,6,2027-06-30,base,FOUNDRY_FIELD,-3000.0000,base-06-PAYMENT_REQUEST-AP-base-5-HOSTING-FF-018,BUSINESS_DRIVEN_FORECAST,foundry-field,2027
BIZ_AP,liability,2026-09-09T00:00:00Z,NONCASH_OR_OPENING,0.0000,3600.0000,Scheduled vendor cash request; treasury shortfalls separately reported,SHI,CONDITIONAL_FORECAST,BIZ-base-0000929,6,6,2027-06-30,base,FOUNDRY_FIELD,3600.0000,base-06-PAYMENT_REQUEST-AP-base-5-HOSTING-FF-019,BUSINESS_DRIVEN_FORECAST,foundry-field,2027
1000,asset,2026-09-09T00:00:00Z,OPERATING,3600.0000,0.0000,Scheduled vendor cash request; treasury shortfalls separately reported,SHI,CONDITIONAL_FORECAST,BIZ-base-0000929,6,6,2027-06-30,base,FOUNDRY_FIELD,-3600.0000,base-06-PAYMENT_REQUEST-AP-base-5-HOSTING-FF-019,BUSINESS_DRIVEN_FORECAST,foundry-field,2027
BIZ_AP,liability,2026-09-09T00:00:00Z,NONCASH_OR_OPENING,0.0000,1800.0000,Scheduled vendor cash request; treasury shortfalls separately reported,SHI,CONDITIONAL_FORECAST,BIZ-base-0000930,6,6,2027-06-30,base,FOUNDRY_FIELD,1800.0000,base-06-PAYMENT_REQUEST-AP-base-5-HOSTING-FF-020,BUSINESS_DRIVEN_FORECAST,foundry-field,2027
1000,asset,2026-09-09T00:00:00Z,OPERATING,1800.0000,0.0000,Scheduled vendor cash request; treasury shortfalls separately reported,SHI,CONDITIONAL_FORECAST,BIZ-base-0000930,6,6,2027-06-30,base,FOUNDRY_FIELD,-1800.0000,base-06-PAYMENT_REQUEST-AP-base-5-HOSTING-FF-020,BUSINESS_DRIVEN_FORECAST,foundry-field,2027
BIZ_AP,liability,2026-09-09T00:00:00Z,NONCASH_OR_OPENING,0.0000,2400.0000,Scheduled vendor cash request; treasury shortfalls separately reported,SHI,CONDITIONAL_FORECAST,BIZ-base-0000931,6,6,2027-06-30,base,FOUNDRY_FIELD,2400.0000,base-06-PAYMENT_REQUEST-AP-base-5-HOSTING-FF-021,BUSINESS_DRIVEN_FORECAST,foundry-field,2027
1000,asset,2026-09-09T00:00:00Z,OPERATING,2400.0000,0.0000,Scheduled vendor cash request; treasury shortfalls separately reported,SHI,CONDITIONAL_FORECAST,BIZ-base-0000931,6,6,2027-06-30,base,FOUNDRY_FIELD,-2400.0000,base-06-PAYMENT_REQUEST-AP-base-5-HOSTING-FF-021,BUSINESS_DRIVEN_FORECAST,foundry-field,2027
BIZ_AP,liability,2026-09-09T00:00:00Z,NONCASH_OR_OPENING,0.0000,3000.0000,Scheduled vendor cash request; treasury shortfalls separately reported,SHI,CONDITIONAL_FORECAST,BIZ-base-0000932,6,6,2027-06-30,base,FOUNDRY_FIELD,3000.0000,base-06-PAYMENT_REQUEST-AP-base-5-HOSTING-FF-022,BUSINESS_DRIVEN_FORECAST,foundry-field,2027
1000,asset,2026-09-09T00:00:00Z,OPERATING,3000.0000,0.0000,Scheduled vendor cash request; treasury shortfalls separately reported,SHI,CONDITIONAL_FORECAST,BIZ-base-0000932,6,6,2027-06-30,base,FOUNDRY_FIELD,-3000.0000,base-06-PAYMENT_REQUEST-AP-base-5-HOSTING-FF-022,BUSINESS_DRIVEN_FORECAST,foundry-field,2027
BIZ_AP,liability,2026-09-09T00:00:00Z,NONCASH_OR_OPENING,0.0000,3600.0000,Scheduled vendor cash request; treasury shortfalls separately reported,SHI,CONDITIONAL_FORECAST,BIZ-base-0000933,6,6,2027-06-30,base,FOUNDRY_FIELD,3600.0000,base-06-PAYMENT_REQUEST-AP-base-5-HOSTING-FF-023,BUSINESS_DRIVEN_FORECAST,foundry-field,2027
1000,asset,2026-09-09T00:00:00Z,OPERATING,3600.0000,0.0000,Scheduled vendor cash request; treasury shortfalls separately reported,SHI,CONDITIONAL_FORECAST,BIZ-base-0000933,6,6,2027-06-30,base,FOUNDRY_FIELD,-3600.0000,base-06-PAYMENT_REQUEST-AP-base-5-HOSTING-FF-023,BUSINESS_DRIVEN_FORECAST,foundry-field,2027
BIZ_AP,liability,2026-09-09T00:00:00Z,NONCASH_OR_OPENING,0.0000,1800.0000,Scheduled vendor cash request; treasury shortfalls separately reported,SHI,CONDITIONAL_FORECAST,BIZ-base-0000934,6,6,2027-06-30,base,FOUNDRY_FIELD,1800.0000,base-06-PAYMENT_REQUEST-AP-base-5-HOSTING-FF-024,BUSINESS_DRIVEN_FORECAST,foundry-field,2027
1000,asset,2026-09-09T00:00:00Z,OPERATING,1800.0000,0.0000,Scheduled vendor cash request; treasury shortfalls separately reported,SHI,CONDITIONAL_FORECAST,BIZ-base-0000934,6,6,2027-06-30,base,FOUNDRY_FIELD,-1800.0000,base-06-PAYMENT_REQUEST-AP-base-5-HOSTING-FF-024,BUSINESS_DRIVEN_FORECAST,foundry-field,2027
BIZ_AP,liability,2026-09-09T00:00:00Z,NONCASH_OR_OPENING,0.0000,2400.0000,Scheduled vendor cash request; treasury shortfalls separately reported,SHI,CONDITIONAL_FORECAST,BIZ-base-0000935,6,6,2027-06-30,base,FOUNDRY_FIELD,2400.0000,base-06-PAYMENT_REQUEST-AP-base-5-HOSTING-FF-025,BUSINESS_DRIVEN_FORECAST,foundry-field,2027
1000,asset,2026-09-09T00:00:00Z,OPERATING,2400.0000,0.0000,Scheduled vendor cash request; treasury shortfalls separately reported,SHI,CONDITIONAL_FORECAST,BIZ-base-0000935,6,6,2027-06-30,base,FOUNDRY_FIELD,-2400.0000,base-06-PAYMENT_REQUEST-AP-base-5-HOSTING-FF-025,BUSINESS_DRIVEN_FORECAST,foundry-field,2027
BIZ_AP,liability,2026-09-09T00:00:00Z,NONCASH_OR_OPENING,0.0000,3000.0000,Scheduled vendor cash request; treasury shortfalls separately reported,SHI,CONDITIONAL_FORECAST,BIZ-base-0000936,6,6,2027-06-30,base,FOUNDRY_FIELD,3000.0000,base-06-PAYMENT_REQUEST-AP-base-5-HOSTING-FF-026,BUSINESS_DRIVEN_FORECAST,foundry-field,2027
1000,asset,2026-09-09T00:00:00Z,OPERATING,3000.0000,0.0000,Scheduled vendor cash request; treasury shortfalls separately reported,SHI,CONDITIONAL_FORECAST,BIZ-base-0000936,6,6,2027-06-30,base,FOUNDRY_FIELD,-3000.0000,base-06-PAYMENT_REQUEST-AP-base-5-HOSTING-FF-026,BUSINESS_DRIVEN_FORECAST,foundry-field,2027
BIZ_AP,liability,2026-09-09T00:00:00Z,NONCASH_OR_OPENING,0.0000,3600.0000,Scheduled vendor cash request; treasury shortfalls separately reported,SHI,CONDITIONAL_FORECAST,BIZ-base-0000937,6,6,2027-06-30,base,FOUNDRY_FIELD,3600.0000,base-06-PAYMENT_REQUEST-AP-base-5-HOSTING-FF-027,BUSINESS_DRIVEN_FORECAST,foundry-field,2027
1000,asset,2026-09-09T00:00:00Z,OPERATING,3600.0000,0.0000,Scheduled vendor cash request; treasury shortfalls separately reported,SHI,CONDITIONAL_FORECAST,BIZ-base-0000937,6,6,2027-06-30,base,FOUNDRY_FIELD,-3600.0000,base-06-PAYMENT_REQUEST-AP-base-5-HOSTING-FF-027,BUSINESS_DRIVEN_FORECAST,foundry-field,2027
BIZ_AP,liability,2026-09-09T00:00:00Z,NONCASH_OR_OPENING,0.0000,1800.0000,Scheduled vendor cash request; treasury shortfalls separately reported,SHI,CONDITIONAL_FORECAST,BIZ-base-0000938,6,6,2027-06-30,base,FOUNDRY_FIELD,1800.0000,base-06-PAYMENT_REQUEST-AP-base-5-HOSTING-FF-028,BUSINESS_DRIVEN_FORECAST,foundry-field,2027
1000,asset,2026-09-09T00:00:00Z,OPERATING,1800.0000,0.0000,Scheduled vendor cash request; treasury shortfalls separately reported,SHI,CONDITIONAL_FORECAST,BIZ-base-0000938,6,6,2027-06-30,base,FOUNDRY_FIELD,-1800.0000,base-06-PAYMENT_REQUEST-AP-base-5-HOSTING-FF-028,BUSINESS_DRIVEN_FORECAST,foundry-field,2027
BIZ_AP,liability,2026-09-09T00:00:00Z,NONCASH_OR_OPENING,0.0000,2400.0000,Scheduled vendor cash request; treasury shortfalls separately reported,SHI,CONDITIONAL_FORECAST,BIZ-base-0000939,6,6,2027-06-30,base,FOUNDRY_FIELD,2400.0000,base-06-PAYMENT_REQUEST-AP-base-5-HOSTING-FF-029,BUSINESS_DRIVEN_FORECAST,foundry-field,2027
1000,asset,2026-09-09T00:00:00Z,OPERATING,2400.0000,0.0000,Scheduled vendor cash request; treasury shortfalls separately reported,SHI,CONDITIONAL_FORECAST,BIZ-base-0000939,6,6,2027-06-30,base,FOUNDRY_FIELD,-2400.0000,base-06-PAYMENT_REQUEST-AP-base-5-HOSTING-FF-029,BUSINESS_DRIVEN_FORECAST,foundry-field,2027
BIZ_AP,liability,2026-09-09T00:00:00Z,NONCASH_OR_OPENING,0.0000,3000.0000,Scheduled vendor cash request; treasury shortfalls separately reported,SHI,CONDITIONAL_FORECAST,BIZ-base-0000940,6,6,2027-06-30,base,FOUNDRY_FIELD,3000.0000,base-06-PAYMENT_REQUEST-AP-base-5-HOSTING-FF-030,BUSINESS_DRIVEN_FORECAST,foundry-field,2027
1000,asset,2026-09-09T00:00:00Z,OPERATING,3000.0000,0.0000,Scheduled vendor cash request; treasury shortfalls separately reported,SHI,CONDITIONAL_FORECAST,BIZ-base-0000940,6,6,2027-06-30,base,FOUNDRY_FIELD,-3000.0000,base-06-PAYMENT_REQUEST-AP-base-5-HOSTING-FF-030,BUSINESS_DRIVEN_FORECAST,foundry-field,2027
BIZ_AP,liability,2026-09-09T00:00:00Z,NONCASH_OR_OPENING,0.0000,3600.0000,Scheduled vendor cash request; treasury shortfalls separately reported,SHI,CONDITIONAL_FORECAST,BIZ-base-0000941,6,6,2027-06-30,base,FOUNDRY_FIELD,3600.0000,base-06-PAYMENT_REQUEST-AP-base-5-HOSTING-FF-031,BUSINESS_DRIVEN_FORECAST,foundry-field,2027
1000,asset,2026-09-09T00:00:00Z,OPERATING,3600.0000,0.0000,Scheduled vendor cash request; treasury shortfalls separately reported,SHI,CONDITIONAL_FORECAST,BIZ-base-0000941,6,6,2027-06-30,base,FOUNDRY_FIELD,-3600.0000,base-06-PAYMENT_REQUEST-AP-base-5-HOSTING-FF-031,BUSINESS_DRIVEN_FORECAST,foundry-field,2027
BIZ_AP,liability,2026-09-09T00:00:00Z,NONCASH_OR_OPENING,0.0000,1800.0000,Scheduled vendor cash request; treasury shortfalls separately reported,SHI,CONDITIONAL_FORECAST,BIZ-base-0000942,6,6,2027-06-30,base,FOUNDRY_FIELD,1800.0000,base-06-PAYMENT_REQUEST-AP-base-5-HOSTING-FF-032,BUSINESS_DRIVEN_FORECAST,foundry-field,2027
1000,asset,2026-09-09T00:00:00Z,OPERATING,1800.0000,0.0000,Scheduled vendor cash request; treasury shortfalls separately reported,SHI,CONDITIONAL_FORECAST,BIZ-base-0000942,6,6,2027-06-30,base,FOUNDRY_FIELD,-1800.0000,base-06-PAYMENT_REQUEST-AP-base-5-HOSTING-FF-032,BUSINESS_DRIVEN_FORECAST,foundry-field,2027
BIZ_AP,liability,2026-09-09T00:00:00Z,NONCASH_OR_OPENING,0.0000,2400.0000,Scheduled vendor cash request; treasury shortfalls separately reported,SHI,CONDITIONAL_FORECAST,BIZ-base-0000943,6,6,2027-06-30,base,FOUNDRY_FIELD,2400.0000,base-06-PAYMENT_REQUEST-AP-base-5-HOSTING-FF-033,BUSINESS_DRIVEN_FORECAST,foundry-field,2027
1000,asset,2026-09-09T00:00:00Z,OPERATING,2400.0000,0.0000,Scheduled vendor cash request; treasury shortfalls separately reported,SHI,CONDITIONAL_FORECAST,BIZ-base-0000943,6,6,2027-06-30,base,FOUNDRY_FIELD,-2400.0000,base-06-PAYMENT_REQUEST-AP-base-5-HOSTING-FF-033,BUSINESS_DRIVEN_FORECAST,foundry-field,2027
BIZ_AP,liability,2026-09-09T00:00:00Z,NONCASH_OR_OPENING,0.0000,3000.0000,Scheduled vendor cash request; treasury shortfalls separately reported,SHI,CONDITIONAL_FORECAST,BIZ-base-0000944,6,6,2027-06-30,base,FOUNDRY_FIELD,3000.0000,base-06-PAYMENT_REQUEST-AP-base-5-HOSTING-FF-034,BUSINESS_DRIVEN_FORECAST,foundry-field,2027
1000,asset,2026-09-09T00:00:00Z,OPERATING,3000.0000,0.0000,Scheduled vendor cash request; treasury shortfalls separately reported,SHI,CONDITIONAL_FORECAST,BIZ-base-0000944,6,6,2027-06-30,base,FOUNDRY_FIELD,-3000.0000,base-06-PAYMENT_REQUEST-AP-base-5-HOSTING-FF-034,BUSINESS_DRIVEN_FORECAST,foundry-field,2027
BIZ_AP,liability,2026-09-09T00:00:00Z,NONCASH_OR_OPENING,0.0000,3600.0000,Scheduled vendor cash request; treasury shortfalls separately reported,SHI,CONDITIONAL_FORECAST,BIZ-base-0000945,6,6,2027-06-30,base,FOUNDRY_FIELD,3600.0000,base-06-PAYMENT_REQUEST-AP-base-5-HOSTING-FF-035,BUSINESS_DRIVEN_FORECAST,foundry-field,2027
1000,asset,2026-09-09T00:00:00Z,OPERATING,3600.0000,0.0000,Scheduled vendor cash request; treasury shortfalls separately reported,SHI,CONDITIONAL_FORECAST,BIZ-base-0000945,6,6,2027-06-30,base,FOUNDRY_FIELD,-3600.0000,base-06-PAYMENT_REQUEST-AP-base-5-HOSTING-FF-035,BUSINESS_DRIVEN_FORECAST,foundry-field,2027
BIZ_AP,liability,2026-09-09T00:00:00Z,NONCASH_OR_OPENING,0.0000,1800.0000,Scheduled vendor cash request; treasury shortfalls separately reported,SHI,CONDITIONAL_FORECAST,BIZ-base-0000946,6,6,2027-06-30,base,FOUNDRY_FIELD,1800.0000,base-06-PAYMENT_REQUEST-AP-base-5-HOSTING-FF-036,BUSINESS_DRIVEN_FORECAST,foundry-field,2027
1000,asset,2026-09-09T00:00:00Z,OPERATING,1800.0000,0.0000,Scheduled vendor cash request; treasury shortfalls separately reported,SHI,CONDITIONAL_FORECAST,BIZ-base-0000946,6,6,2027-06-30,base,FOUNDRY_FIELD,-1800.0000,base-06-PAYMENT_REQUEST-AP-base-5-HOSTING-FF-036,BUSINESS_DRIVEN_FORECAST,foundry-field,2027
BIZ_PAYROLL,expense,2026-09-09T00:00:00Z,NONCASH_OR_OPENING,0.0000,1933333.3280,Effective-dated occupied-position payroll; conditional treasury settlement,SHI,CONDITIONAL_FORECAST,BIZ-base-0000967,6,6,2027-06-30,base,FOUNDRY_FIELD,1933333.3280,base-06-PAYROLL_REQUEST-foundry-field,BUSINESS_DRIVEN_FORECAST,foundry-field,2027
1000,asset,2026-09-09T00:00:00Z,OPERATING,1933333.3280,0.0000,Effective-dated occupied-position payroll; conditional treasury settlement,SHI,CONDITIONAL_FORECAST,BIZ-base-0000967,6,6,2027-06-30,base,FOUNDRY_FIELD,-1933333.3280,base-06-PAYROLL_REQUEST-foundry-field,BUSINESS_DRIVEN_FORECAST,foundry-field,2027
BIZ_AR,asset,2026-09-09T00:00:00Z,NONCASH_OR_OPENING,0.0000,70000.0000,Annual subscription billing,SHI,CONDITIONAL_FORECAST,BIZ-base-0000974,6,6,2027-06-30,base,FOUNDRY_FIELD,70000.0000,base-06-INVOICE-INV-base-FF-001-SYN-AMEND-001,BUSINESS_DRIVEN_FORECAST,foundry-field,2027
BIZ_DEFERRED,liability,2026-09-09T00:00:00Z,NONCASH_OR_OPENING,70000.0000,0.0000,Annual subscription billing,SHI,CONDITIONAL_FORECAST,BIZ-base-0000974,6,6,2027-06-30,base,FOUNDRY_FIELD,-70000.0000,base-06-INVOICE-INV-base-FF-001-SYN-AMEND-001,BUSINESS_DRIVEN_FORECAST,foundry-field,2027
BIZ_DEFERRED,liability,2026-09-09T00:00:00Z,NONCASH_OR_OPENING,0.0000,125000.0000,Monthly service under effective contract version,SHI,CONDITIONAL_FORECAST,BIZ-base-0000975,6,6,2027-06-30,base,FOUNDRY_FIELD,125000.0000,base-06-SUBSCRIPTION_SERVICE-FF-001,BUSINESS_DRIVEN_FORECAST,foundry-field,2027
BIZ_REVENUE,revenue,2026-09-09T00:00:00Z,NONCASH_OR_OPENING,125000.0000,0.0000,Monthly service under effective contract version,SHI,CONDITIONAL_FORECAST,BIZ-base-0000975,6,6,2027-06-30,base,FOUNDRY_FIELD,-125000.0000,base-06-SUBSCRIPTION_SERVICE-FF-001,BUSINESS_DRIVEN_FORECAST,foundry-field,2027
BIZ_DELIVERY,expense,2026-09-09T00:00:00Z,NONCASH_OR_OPENING,0.0000,2400.0000,Source-driven vendor cost,SHI,CONDITIONAL_FORECAST,BIZ-base-0000976,6,6,2027-06-30,base,FOUNDRY_FIELD,2400.0000,base-06-COST-HOSTING-FF-001,BUSINESS_DRIVEN_FORECAST,foundry-field,2027
BIZ_AP,liability,2026-09-09T00:00:00Z,NONCASH_OR_OPENING,2400.0000,0.0000,Source-driven vendor cost,SHI,CONDITIONAL_FORECAST,BIZ-base-0000976,6,6,2027-06-30,base,FOUNDRY_FIELD,-2400.0000,base-06-COST-HOSTING-FF-001,BUSINESS_DRIVEN_FORECAST,foundry-field,2027
BIZ_DEFERRED,liability,2026-09-09T00:00:00Z,NONCASH_OR_OPENING,0.0000,130000.0000,Monthly service under effective contract version,SHI,CONDITIONAL_FORECAST,BIZ-base-0000977,6,6,2027-06-30,base,FOUNDRY_FIELD,130000.0000,base-06-SUBSCRIPTION_SERVICE-FF-002,BUSINESS_DRIVEN_FORECAST,foundry-field,2027
BIZ_REVENUE,revenue,2026-09-09T00:00:00Z,NONCASH_OR_OPENING,130000.0000,0.0000,Monthly service under effective contract version,SHI,CONDITIONAL_FORECAST,BIZ-base-0000977,6,6,2027-06-30,base,FOUNDRY_FIELD,-130000.0000,base-06-SUBSCRIPTION_SERVICE-FF-002,BUSINESS_DRIVEN_FORECAST,foundry-field,2027
BIZ_DELIVERY,expense,2026-09-09T00:00:00Z,NONCASH_OR_OPENING,0.0000,3000.0000,Source-driven vendor cost,SHI,CONDITIONAL_FORECAST,BIZ-base-0000978,6,6,2027-06-30,base,FOUNDRY_FIELD,3000.0000,base-06-COST-HOSTING-FF-002,BUSINESS_DRIVEN_FORECAST,foundry-field,2027
BIZ_AP,liability,2026-09-09T00:00:00Z,NONCASH_OR_OPENING,3000.0000,0.0000,Source-driven vendor cost,SHI,CONDITIONAL_FORECAST,BIZ-base-0000978,6,6,2027-06-30,base,FOUNDRY_FIELD,-3000.0000,base-06-COST-HOSTING-FF-002,BUSINESS_DRIVEN_FORECAST,foundry-field,2027
BIZ_DEFERRED,liability,2026-09-09T00:00:00Z,NONCASH_OR_OPENING,0.0000,145000.0000,Monthly service under effective contract version,SHI,CONDITIONAL_FORECAST,BIZ-base-0000979,6,6,2027-06-30,base,FOUNDRY_FIELD,145000.0000,base-06-SUBSCRIPTION_SERVICE-FF-003,BUSINESS_DRIVEN_FORECAST,foundry-field,2027
BIZ_REVENUE,revenue,2026-09-09T00:00:00Z,NONCASH_OR_OPENING,145000.0000,0.0000,Monthly service under effective contract version,SHI,CONDITIONAL_FORECAST,BIZ-base-0000979,6,6,2027-06-30,base,FOUNDRY_FIELD,-145000.0000,base-06-SUBSCRIPTION_SERVICE-FF-003,BUSINESS_DRIVEN_FORECAST,foundry-field,2027
BIZ_DELIVERY,expense,2026-09-09T00:00:00Z,NONCASH_OR_OPENING,0.0000,3600.0000,Source-driven vendor cost,SHI,CONDITIONAL_FORECAST,BIZ-base-0000980,6,6,2027-06-30,base,FOUNDRY_FIELD,3600.0000,base-06-COST-HOSTING-FF-003,BUSINESS_DRIVEN_FORECAST,foundry-field,2027
BIZ_AP,liability,2026-09-09T00:00:00Z,NONCASH_OR_OPENING,3600.0000,0.0000,Source-driven vendor cost,SHI,CONDITIONAL_FORECAST,BIZ-base-0000980,6,6,2027-06-30,base,FOUNDRY_FIELD,-3600.0000,base-06-COST-HOSTING-FF-003,BUSINESS_DRIVEN_FORECAST,foundry-field,2027
BIZ_DEFERRED,liability,2026-09-09T00:00:00Z,NONCASH_OR_OPENING,0.0000,160000.0000,Monthly service under effective contract version,SHI,CONDITIONAL_FORECAST,BIZ-base-0000981,6,6,2027-06-30,base,FOUNDRY_FIELD,160000.0000,base-06-SUBSCRIPTION_SERVICE-FF-004,BUSINESS_DRIVEN_FORECAST,foundry-field,2027
BIZ_REVENUE,revenue,2026-09-09T00:00:00Z,NONCASH_OR_OPENING,160000.0000,0.0000,Monthly service under effective contract version,SHI,CONDITIONAL_FORECAST,BIZ-base-0000981,6,6,2027-06-30,base,FOUNDRY_FIELD,-160000.0000,base-06-SUBSCRIPTION_SERVICE-FF-004,BUSINESS_DRIVEN_FORECAST,foundry-field,2027
BIZ_DELIVERY,expense,2026-09-09T00:00:00Z,NONCASH_OR_OPENING,0.0000,1800.0000,Source-driven vendor cost,SHI,CONDITIONAL_FORECAST,BIZ-base-0000982,6,6,2027-06-30,base,FOUNDRY_FIELD,1800.0000,base-06-COST-HOSTING-FF-004,BUSINESS_DRIVEN_FORECAST,foundry-field,2027
BIZ_AP,liability,2026-09-09T00:00:00Z,NONCASH_OR_OPENING,1800.0000,0.0000,Source-driven vendor cost,SHI,CONDITIONAL_FORECAST,BIZ-base-0000982,6,6,2027-06-30,base,FOUNDRY_FIELD,-1800.0000,base-06-COST-HOSTING-FF-004,BUSINESS_DRIVEN_FORECAST,foundry-field,2027
BIZ_DEFERRED,liability,2026-09-09T00:00:00Z,NONCASH_OR_OPENING,0.0000,100000.0000,Monthly service under effective contract version,SHI,CONDITIONAL_FORECAST,BIZ-base-0000983,6,6,2027-06-30,base,FOUNDRY_FIELD,100000.0000,base-06-SUBSCRIPTION_SERVICE-FF-005,BUSINESS_DRIVEN_FORECAST,foundry-field,2027
BIZ_REVENUE,revenue,2026-09-09T00:00:00Z,NONCASH_OR_OPENING,100000.0000,0.0000,Monthly service under effective contract version,SHI,CONDITIONAL_FORECAST,BIZ-base-0000983,6,6,2027-06-30,base,FOUNDRY_FIELD,-100000.0000,base-06-SUBSCRIPTION_SERVICE-FF-005,BUSINESS_DRIVEN_FORECAST,foundry-field,2027
BIZ_DELIVERY,expense,2026-09-09T00:00:00Z,NONCASH_OR_OPENING,0.0000,2400.0000,Source-driven vendor cost,SHI,CONDITIONAL_FORECAST,BIZ-base-0000984,6,6,2027-06-30,base,FOUNDRY_FIELD,2400.0000,base-06-COST-HOSTING-FF-005,BUSINESS_DRIVEN_FORECAST,foundry-field,2027
BIZ_AP,liability,2026-09-09T00:00:00Z,NONCASH_OR_OPENING,2400.0000,0.0000,Source-driven vendor cost,SHI,CONDITIONAL_FORECAST,BIZ-base-0000984,6,6,2027-06-30,base,FOUNDRY_FIELD,-2400.0000,base-06-COST-HOSTING-FF-005,BUSINESS_DRIVEN_FORECAST,foundry-field,2027
BIZ_DEFERRED,liability,2026-09-09T00:00:00Z,NONCASH_OR_OPENING,0.0000,115000.0000,Monthly service under effective contract version,SHI,CONDITIONAL_FORECAST,BIZ-base-0000985,6,6,2027-06-30,base,FOUNDRY_FIELD,115000.0000,base-06-SUBSCRIPTION_SERVICE-FF-006,BUSINESS_DRIVEN_FORECAST,foundry-field,2027
BIZ_REVENUE,revenue,2026-09-09T00:00:00Z,NONCASH_OR_OPENING,115000.0000,0.0000,Monthly service under effective contract version,SHI,CONDITIONAL_FORECAST,BIZ-base-0000985,6,6,2027-06-30,base,FOUNDRY_FIELD,-115000.0000,base-06-SUBSCRIPTION_SERVICE-FF-006,BUSINESS_DRIVEN_FORECAST,foundry-field,2027
BIZ_DELIVERY,expense,2026-09-09T00:00:00Z,NONCASH_OR_OPENING,0.0000,3000.0000,Source-driven vendor cost,SHI,CONDITIONAL_FORECAST,BIZ-base-0000986,6,6,2027-06-30,base,FOUNDRY_FIELD,3000.0000,base-06-COST-HOSTING-FF-006,BUSINESS_DRIVEN_FORECAST,foundry-field,2027
BIZ_AP,liability,2026-09-09T00:00:00Z,NONCASH_OR_OPENING,3000.0000,0.0000,Source-driven vendor cost,SHI,CONDITIONAL_FORECAST,BIZ-base-0000986,6,6,2027-06-30,base,FOUNDRY_FIELD,-3000.0000,base-06-COST-HOSTING-FF-006,BUSINESS_DRIVEN_FORECAST,foundry-field,2027
BIZ_DEFERRED,liability,2026-09-09T00:00:00Z,NONCASH_OR_OPENING,0.0000,130000.0000,Monthly service under effective contract version,SHI,CONDITIONAL_FORECAST,BIZ-base-0000987,6,6,2027-06-30,base,FOUNDRY_FIELD,130000.0000,base-06-SUBSCRIPTION_SERVICE-FF-007,BUSINESS_DRIVEN_FORECAST,foundry-field,2027
BIZ_REVENUE,revenue,2026-09-09T00:00:00Z,NONCASH_OR_OPENING,130000.0000,0.0000,Monthly service under effective contract version,SHI,CONDITIONAL_FORECAST,BIZ-base-0000987,6,6,2027-06-30,base,FOUNDRY_FIELD,-130000.0000,base-06-SUBSCRIPTION_SERVICE-FF-007,BUSINESS_DRIVEN_FORECAST,foundry-field,2027
BIZ_DELIVERY,expense,2026-09-09T00:00:00Z,NONCASH_OR_OPENING,0.0000,3600.0000,Source-driven vendor cost,SHI,CONDITIONAL_FORECAST,BIZ-base-0000988,6,6,2027-06-30,base,FOUNDRY_FIELD,3600.0000,base-06-COST-HOSTING-FF-007,BUSINESS_DRIVEN_FORECAST,foundry-field,2027
BIZ_AP,liability,2026-09-09T00:00:00Z,NONCASH_OR_OPENING,3600.0000,0.0000,Source-driven vendor cost,SHI,CONDITIONAL_FORECAST,BIZ-base-0000988,6,6,2027-06-30,base,FOUNDRY_FIELD,-3600.0000,base-06-COST-HOSTING-FF-007,BUSINESS_DRIVEN_FORECAST,foundry-field,2027
BIZ_DEFERRED,liability,2026-09-09T00:00:00Z,NONCASH_OR_OPENING,0.0000,145000.0000,Monthly service under effective contract version,SHI,CONDITIONAL_FORECAST,BIZ-base-0000989,6,6,2027-06-30,base,FOUNDRY_FIELD,145000.0000,base-06-SUBSCRIPTION_SERVICE-FF-008,BUSINESS_DRIVEN_FORECAST,foundry-field,2027
BIZ_REVENUE,revenue,2026-09-09T00:00:00Z,NONCASH_OR_OPENING,145000.0000,0.0000,Monthly service under effective contract version,SHI,CONDITIONAL_FORECAST,BIZ-base-0000989,6,6,2027-06-30,base,FOUNDRY_FIELD,-145000.0000,base-06-SUBSCRIPTION_SERVICE-FF-008,BUSINESS_DRIVEN_FORECAST,foundry-field,2027
BIZ_DELIVERY,expense,2026-09-09T00:00:00Z,NONCASH_OR_OPENING,0.0000,1800.0000,Source-driven vendor cost,SHI,CONDITIONAL_FORECAST,BIZ-base-0000990,6,6,2027-06-30,base,FOUNDRY_FIELD,1800.0000,base-06-COST-HOSTING-FF-008,BUSINESS_DRIVEN_FORECAST,foundry-field,2027
BIZ_AP,liability,2026-09-09T00:00:00Z,NONCASH_OR_OPENING,1800.0000,0.0000,Source-driven vendor cost,SHI,CONDITIONAL_FORECAST,BIZ-base-0000990,6,6,2027-06-30,base,FOUNDRY_FIELD,-1800.0000,base-06-COST-HOSTING-FF-008,BUSINESS_DRIVEN_FORECAST,foundry-field,2027
BIZ_DEFERRED,liability,2026-09-09T00:00:00Z,NONCASH_OR_OPENING,0.0000,160000.0000,Monthly service under effective contract version,SHI,CONDITIONAL_FORECAST,BIZ-base-0000991,6,6,2027-06-30,base,FOUNDRY_FIELD,160000.0000,base-06-SUBSCRIPTION_SERVICE-FF-009,BUSINESS_DRIVEN_FORECAST,foundry-field,2027
BIZ_REVENUE,revenue,2026-09-09T00:00:00Z,NONCASH_OR_OPENING,160000.0000,0.0000,Monthly service under effective contract version,SHI,CONDITIONAL_FORECAST,BIZ-base-0000991,6,6,2027-06-30,base,FOUNDRY_FIELD,-160000.0000,base-06-SUBSCRIPTION_SERVICE-FF-009,BUSINESS_DRIVEN_FORECAST,foundry-field,2027
BIZ_DELIVERY,expense,2026-09-09T00:00:00Z,NONCASH_OR_OPENING,0.0000,2400.0000,Source-driven vendor cost,SHI,CONDITIONAL_FORECAST,BIZ-base-0000992,6,6,2027-06-30,base,FOUNDRY_FIELD,2400.0000,base-06-COST-HOSTING-FF-009,BUSINESS_DRIVEN_FORECAST,foundry-field,2027
BIZ_AP,liability,2026-09-09T00:00:00Z,NONCASH_OR_OPENING,2400.0000,0.0000,Source-driven vendor cost,SHI,CONDITIONAL_FORECAST,BIZ-base-0000992,6,6,2027-06-30,base,FOUNDRY_FIELD,-2400.0000,base-06-COST-HOSTING-FF-009,BUSINESS_DRIVEN_FORECAST,foundry-field,2027
BIZ_DEFERRED,liability,2026-09-09T00:00:00Z,NONCASH_OR_OPENING,0.0000,100000.0000,Monthly service under effective contract version,SHI,CONDITIONAL_FORECAST,BIZ-base-0000993,6,6,2027-06-30,base,FOUNDRY_FIELD,100000.0000,base-06-SUBSCRIPTION_SERVICE-FF-010,BUSINESS_DRIVEN_FORECAST,foundry-field,2027
BIZ_REVENUE,revenue,2026-09-09T00:00:00Z,NONCASH_OR_OPENING,100000.0000,0.0000,Monthly service under effective contract version,SHI,CONDITIONAL_FORECAST,BIZ-base-0000993,6,6,2027-06-30,base,FOUNDRY_FIELD,-100000.0000,base-06-SUBSCRIPTION_SERVICE-FF-010,BUSINESS_DRIVEN_FORECAST,foundry-field,2027
BIZ_DELIVERY,expense,2026-09-09T00:00:00Z,NONCASH_OR_OPENING,0.0000,3000.0000,Source-driven vendor cost,SHI,CONDITIONAL_FORECAST,BIZ-base-0000994,6,6,2027-06-30,base,FOUNDRY_FIELD,3000.0000,base-06-COST-HOSTING-FF-010,BUSINESS_DRIVEN_FORECAST,foundry-field,2027
BIZ_AP,liability,2026-09-09T00:00:00Z,NONCASH_OR_OPENING,3000.0000,0.0000,Source-driven vendor cost,SHI,CONDITIONAL_FORECAST,BIZ-base-0000994,6,6,2027-06-30,base,FOUNDRY_FIELD,-3000.0000,base-06-COST-HOSTING-FF-010,BUSINESS_DRIVEN_FORECAST,foundry-field,2027
BIZ_DEFERRED,liability,2026-09-09T00:00:00Z,NONCASH_OR_OPENING,0.0000,115000.0000,Monthly service under effective contract version,SHI,CONDITIONAL_FORECAST,BIZ-base-0000995,6,6,2027-06-30,base,FOUNDRY_FIELD,115000.0000,base-06-SUBSCRIPTION_SERVICE-FF-011,BUSINESS_DRIVEN_FORECAST,foundry-field,2027
BIZ_REVENUE,revenue,2026-09-09T00:00:00Z,NONCASH_OR_OPENING,115000.0000,0.0000,Monthly service under effective contract version,SHI,CONDITIONAL_FORECAST,BIZ-base-0000995,6,6,2027-06-30,base,FOUNDRY_FIELD,-115000.0000,base-06-SUBSCRIPTION_SERVICE-FF-011,BUSINESS_DRIVEN_FORECAST,foundry-field,2027
BIZ_DELIVERY,expense,2026-09-09T00:00:00Z,NONCASH_OR_OPENING,0.0000,3600.0000,Source-driven vendor cost,SHI,CONDITIONAL_FORECAST,BIZ-base-0000996,6,6,2027-06-30,base,FOUNDRY_FIELD,3600.0000,base-06-COST-HOSTING-FF-011,BUSINESS_DRIVEN_FORECAST,foundry-field,2027
BIZ_AP,liability,2026-09-09T00:00:00Z,NONCASH_OR_OPENING,3600.0000,0.0000,Source-driven vendor cost,SHI,CONDITIONAL_FORECAST,BIZ-base-0000996,6,6,2027-06-30,base,FOUNDRY_FIELD,-3600.0000,base-06-COST-HOSTING-FF-011,BUSINESS_DRIVEN_FORECAST,foundry-field,2027
BIZ_DEFERRED,liability,2026-09-09T00:00:00Z,NONCASH_OR_OPENING,0.0000,130000.0000,Monthly service under effective contract version,SHI,CONDITIONAL_FORECAST,BIZ-base-0000997,6,6,2027-06-30,base,FOUNDRY_FIELD,130000.0000,base-06-SUBSCRIPTION_SERVICE-FF-012,BUSINESS_DRIVEN_FORECAST,foundry-field,2027
BIZ_REVENUE,revenue,2026-09-09T00:00:00Z,NONCASH_OR_OPENING,130000.0000,0.0000,Monthly service under effective contract version,SHI,CONDITIONAL_FORECAST,BIZ-base-0000997,6,6,2027-06-30,base,FOUNDRY_FIELD,-130000.0000,base-06-SUBSCRIPTION_SERVICE-FF-012,BUSINESS_DRIVEN_FORECAST,foundry-field,2027
BIZ_DELIVERY,expense,2026-09-09T00:00:00Z,NONCASH_OR_OPENING,0.0000,1800.0000,Source-driven vendor cost,SHI,CONDITIONAL_FORECAST,BIZ-base-0000998,6,6,2027-06-30,base,FOUNDRY_FIELD,1800.0000,base-06-COST-HOSTING-FF-012,BUSINESS_DRIVEN_FORECAST,foundry-field,2027
BIZ_AP,liability,2026-09-09T00:00:00Z,NONCASH_OR_OPENING,1800.0000,0.0000,Source-driven vendor cost,SHI,CONDITIONAL_FORECAST,BIZ-base-0000998,6,6,2027-06-30,base,FOUNDRY_FIELD,-1800.0000,base-06-COST-HOSTING-FF-012,BUSINESS_DRIVEN_FORECAST,foundry-field,2027
BIZ_DEFERRED,liability,2026-09-09T00:00:00Z,NONCASH_OR_OPENING,0.0000,145000.0000,Monthly service under effective contract version,SHI,CONDITIONAL_FORECAST,BIZ-base-0000999,6,6,2027-06-30,base,FOUNDRY_FIELD,145000.0000,base-06-SUBSCRIPTION_SERVICE-FF-013,BUSINESS_DRIVEN_FORECAST,foundry-field,2027
BIZ_REVENUE,revenue,2026-09-09T00:00:00Z,NONCASH_OR_OPENING,145000.0000,0.0000,Monthly service under effective contract version,SHI,CONDITIONAL_FORECAST,BIZ-base-0000999,6,6,2027-06-30,base,FOUNDRY_FIELD,-145000.0000,base-06-SUBSCRIPTION_SERVICE-FF-013,BUSINESS_DRIVEN_FORECAST,foundry-field,2027
BIZ_DELIVERY,expense,2026-09-09T00:00:00Z,NONCASH_OR_OPENING,0.0000,2400.0000,Source-driven vendor cost,SHI,CONDITIONAL_FORECAST,BIZ-base-0001000,6,6,2027-06-30,base,FOUNDRY_FIELD,2400.0000,base-06-COST-HOSTING-FF-013,BUSINESS_DRIVEN_FORECAST,foundry-field,2027
BIZ_AP,liability,2026-09-09T00:00:00Z,NONCASH_OR_OPENING,2400.0000,0.0000,Source-driven vendor cost,SHI,CONDITIONAL_FORECAST,BIZ-base-0001000,6,6,2027-06-30,base,FOUNDRY_FIELD,-2400.0000,base-06-COST-HOSTING-FF-013,BUSINESS_DRIVEN_FORECAST,foundry-field,2027
BIZ_DEFERRED,liability,2026-09-09T00:00:00Z,NONCASH_OR_OPENING,0.0000,160000.0000,Monthly service under effective contract version,SHI,CONDITIONAL_FORECAST,BIZ-base-0001001,6,6,2027-06-30,base,FOUNDRY_FIELD,160000.0000,base-06-SUBSCRIPTION_SERVICE-FF-014,BUSINESS_DRIVEN_FORECAST,foundry-field,2027
BIZ_REVENUE,revenue,2026-09-09T00:00:00Z,NONCASH_OR_OPENING,160000.0000,0.0000,Monthly service under effective contract version,SHI,CONDITIONAL_FORECAST,BIZ-base-0001001,6,6,2027-06-30,base,FOUNDRY_FIELD,-160000.0000,base-06-SUBSCRIPTION_SERVICE-FF-014,BUSINESS_DRIVEN_FORECAST,foundry-field,2027
BIZ_DELIVERY,expense,2026-09-09T00:00:00Z,NONCASH_OR_OPENING,0.0000,3000.0000,Source-driven vendor cost,SHI,CONDITIONAL_FORECAST,BIZ-base-0001002,6,6,2027-06-30,base,FOUNDRY_FIELD,3000.0000,base-06-COST-HOSTING-FF-014,BUSINESS_DRIVEN_FORECAST,foundry-field,2027
BIZ_AP,liability,2026-09-09T00:00:00Z,NONCASH_OR_OPENING,3000.0000,0.0000,Source-driven vendor cost,SHI,CONDITIONAL_FORECAST,BIZ-base-0001002,6,6,2027-06-30,base,FOUNDRY_FIELD,-3000.0000,base-06-COST-HOSTING-FF-014,BUSINESS_DRIVEN_FORECAST,foundry-field,2027
BIZ_DEFERRED,liability,2026-09-09T00:00:00Z,NONCASH_OR_OPENING,0.0000,100000.0000,Monthly service under effective contract version,SHI,CONDITIONAL_FORECAST,BIZ-base-0001003,6,6,2027-06-30,base,FOUNDRY_FIELD,100000.0000,base-06-SUBSCRIPTION_SERVICE-FF-015,BUSINESS_DRIVEN_FORECAST,foundry-field,2027
BIZ_REVENUE,revenue,2026-09-09T00:00:00Z,NONCASH_OR_OPENING,100000.0000,0.0000,Monthly service under effective contract version,SHI,CONDITIONAL_FORECAST,BIZ-base-0001003,6,6,2027-06-30,base,FOUNDRY_FIELD,-100000.0000,base-06-SUBSCRIPTION_SERVICE-FF-015,BUSINESS_DRIVEN_FORECAST,foundry-field,2027
BIZ_DELIVERY,expense,2026-09-09T00:00:00Z,NONCASH_OR_OPENING,0.0000,3600.0000,Source-driven vendor cost,SHI,CONDITIONAL_FORECAST,BIZ-base-0001004,6,6,2027-06-30,base,FOUNDRY_FIELD,3600.0000,base-06-COST-HOSTING-FF-015,BUSINESS_DRIVEN_FORECAST,foundry-field,2027
BIZ_AP,liability,2026-09-09T00:00:00Z,NONCASH_OR_OPENING,3600.0000,0.0000,Source-driven vendor cost,SHI,CONDITIONAL_FORECAST,BIZ-base-0001004,6,6,2027-06-30,base,FOUNDRY_FIELD,-3600.0000,base-06-COST-HOSTING-FF-015,BUSINESS_DRIVEN_FORECAST,foundry-field,2027
BIZ_DEFERRED,liability,2026-09-09T00:00:00Z,NONCASH_OR_OPENING,0.0000,115000.0000,Monthly service under effective contract version,SHI,CONDITIONAL_FORECAST,BIZ-base-0001005,6,6,2027-06-30,base,FOUNDRY_FIELD,115000.0000,base-06-SUBSCRIPTION_SERVICE-FF-016,BUSINESS_DRIVEN_FORECAST,foundry-field,2027
BIZ_REVENUE,revenue,2026-09-09T00:00:00Z,NONCASH_OR_OPENING,115000.0000,0.0000,Monthly service under effective contract version,SHI,CONDITIONAL_FORECAST,BIZ-base-0001005,6,6,2027-06-30,base,FOUNDRY_FIELD,-115000.0000,base-06-SUBSCRIPTION_SERVICE-FF-016,BUSINESS_DRIVEN_FORECAST,foundry-field,2027
BIZ_DELIVERY,expense,2026-09-09T00:00:00Z,NONCASH_OR_OPENING,0.0000,1800.0000,Source-driven vendor cost,SHI,CONDITIONAL_FORECAST,BIZ-base-0001006,6,6,2027-06-30,base,FOUNDRY_FIELD,1800.0000,base-06-COST-HOSTING-FF-016,BUSINESS_DRIVEN_FORECAST,foundry-field,2027
BIZ_AP,liability,2026-09-09T00:00:00Z,NONCASH_OR_OPENING,1800.0000,0.0000,Source-driven vendor cost,SHI,CONDITIONAL_FORECAST,BIZ-base-0001006,6,6,2027-06-30,base,FOUNDRY_FIELD,-1800.0000,base-06-COST-HOSTING-FF-016,BUSINESS_DRIVEN_FORECAST,foundry-field,2027
BIZ_DEFERRED,liability,2026-09-09T00:00:00Z,NONCASH_OR_OPENING,0.0000,130000.0000,Monthly service under effective contract version,SHI,CONDITIONAL_FORECAST,BIZ-base-0001007,6,6,2027-06-30,base,FOUNDRY_FIELD,130000.0000,base-06-SUBSCRIPTION_SERVICE-FF-017,BUSINESS_DRIVEN_FORECAST,foundry-field,2027
BIZ_REVENUE,revenue,2026-09-09T00:00:00Z,NONCASH_OR_OPENING,130000.0000,0.0000,Monthly service under effective contract version,SHI,CONDITIONAL_FORECAST,BIZ-base-0001007,6,6,2027-06-30,base,FOUNDRY_FIELD,-130000.0000,base-06-SUBSCRIPTION_SERVICE-FF-017,BUSINESS_DRIVEN_FORECAST,foundry-field,2027
BIZ_DELIVERY,expense,2026-09-09T00:00:00Z,NONCASH_OR_OPENING,0.0000,2400.0000,Source-driven vendor cost,SHI,CONDITIONAL_FORECAST,BIZ-base-0001008,6,6,2027-06-30,base,FOUNDRY_FIELD,2400.0000,base-06-COST-HOSTING-FF-017,BUSINESS_DRIVEN_FORECAST,foundry-field,2027
BIZ_AP,liability,2026-09-09T00:00:00Z,NONCASH_OR_OPENING,2400.0000,0.0000,Source-driven vendor cost,SHI,CONDITIONAL_FORECAST,BIZ-base-0001008,6,6,2027-06-30,base,FOUNDRY_FIELD,-2400.0000,base-06-COST-HOSTING-FF-017,BUSINESS_DRIVEN_FORECAST,foundry-field,2027
BIZ_DEFERRED,liability,2026-09-09T00:00:00Z,NONCASH_OR_OPENING,0.0000,145000.0000,Monthly service under effective contract version,SHI,CONDITIONAL_FORECAST,BIZ-base-0001009,6,6,2027-06-30,base,FOUNDRY_FIELD,145000.0000,base-06-SUBSCRIPTION_SERVICE-FF-018,BUSINESS_DRIVEN_FORECAST,foundry-field,2027
BIZ_REVENUE,revenue,2026-09-09T00:00:00Z,NONCASH_OR_OPENING,145000.0000,0.0000,Monthly service under effective contract version,SHI,CONDITIONAL_FORECAST,BIZ-base-0001009,6,6,2027-06-30,base,FOUNDRY_FIELD,-145000.0000,base-06-SUBSCRIPTION_SERVICE-FF-018,BUSINESS_DRIVEN_FORECAST,foundry-field,2027
BIZ_DELIVERY,expense,2026-09-09T00:00:00Z,NONCASH_OR_OPENING,0.0000,3000.0000,Source-driven vendor cost,SHI,CONDITIONAL_FORECAST,BIZ-base-0001010,6,6,2027-06-30,base,FOUNDRY_FIELD,3000.0000,base-06-COST-HOSTING-FF-018,BUSINESS_DRIVEN_FORECAST,foundry-field,2027
BIZ_AP,liability,2026-09-09T00:00:00Z,NONCASH_OR_OPENING,3000.0000,0.0000,Source-driven vendor cost,SHI,CONDITIONAL_FORECAST,BIZ-base-0001010,6,6,2027-06-30,base,FOUNDRY_FIELD,-3000.0000,base-06-COST-HOSTING-FF-018,BUSINESS_DRIVEN_FORECAST,foundry-field,2027
BIZ_DEFERRED,liability,2026-09-09T00:00:00Z,NONCASH_OR_OPENING,0.0000,160000.0000,Monthly service under effective contract version,SHI,CONDITIONAL_FORECAST,BIZ-base-0001011,6,6,2027-06-30,base,FOUNDRY_FIELD,160000.0000,base-06-SUBSCRIPTION_SERVICE-FF-019,BUSINESS_DRIVEN_FORECAST,foundry-field,2027
BIZ_REVENUE,revenue,2026-09-09T00:00:00Z,NONCASH_OR_OPENING,160000.0000,0.0000,Monthly service under effective contract version,SHI,CONDITIONAL_FORECAST,BIZ-base-0001011,6,6,2027-06-30,base,FOUNDRY_FIELD,-160000.0000,base-06-SUBSCRIPTION_SERVICE-FF-019,BUSINESS_DRIVEN_FORECAST,foundry-field,2027
BIZ_DELIVERY,expense,2026-09-09T00:00:00Z,NONCASH_OR_OPENING,0.0000,3600.0000,Source-driven vendor cost,SHI,CONDITIONAL_FORECAST,BIZ-base-0001012,6,6,2027-06-30,base,FOUNDRY_FIELD,3600.0000,base-06-COST-HOSTING-FF-019,BUSINESS_DRIVEN_FORECAST,foundry-field,2027
BIZ_AP,liability,2026-09-09T00:00:00Z,NONCASH_OR_OPENING,3600.0000,0.0000,Source-driven vendor cost,SHI,CONDITIONAL_FORECAST,BIZ-base-0001012,6,6,2027-06-30,base,FOUNDRY_FIELD,-3600.0000,base-06-COST-HOSTING-FF-019,BUSINESS_DRIVEN_FORECAST,foundry-field,2027
BIZ_DEFERRED,liability,2026-09-09T00:00:00Z,NONCASH_OR_OPENING,0.0000,100000.0000,Monthly service under effective contract version,SHI,CONDITIONAL_FORECAST,BIZ-base-0001013,6,6,2027-06-30,base,FOUNDRY_FIELD,100000.0000,base-06-SUBSCRIPTION_SERVICE-FF-020,BUSINESS_DRIVEN_FORECAST,foundry-field,2027
BIZ_REVENUE,revenue,2026-09-09T00:00:00Z,NONCASH_OR_OPENING,100000.0000,0.0000,Monthly service under effective contract version,SHI,CONDITIONAL_FORECAST,BIZ-base-0001013,6,6,2027-06-30,base,FOUNDRY_FIELD,-100000.0000,base-06-SUBSCRIPTION_SERVICE-FF-020,BUSINESS_DRIVEN_FORECAST,foundry-field,2027
BIZ_DELIVERY,expense,2026-09-09T00:00:00Z,NONCASH_OR_OPENING,0.0000,1800.0000,Source-driven vendor cost,SHI,CONDITIONAL_FORECAST,BIZ-base-0001014,6,6,2027-06-30,base,FOUNDRY_FIELD,1800.0000,base-06-COST-HOSTING-FF-020,BUSINESS_DRIVEN_FORECAST,foundry-field,2027
BIZ_AP,liability,2026-09-09T00:00:00Z,NONCASH_OR_OPENING,1800.0000,0.0000,Source-driven vendor cost,SHI,CONDITIONAL_FORECAST,BIZ-base-0001014,6,6,2027-06-30,base,FOUNDRY_FIELD,-1800.0000,base-06-COST-HOSTING-FF-020,BUSINESS_DRIVEN_FORECAST,foundry-field,2027
BIZ_DEFERRED,liability,2026-09-09T00:00:00Z,NONCASH_OR_OPENING,0.0000,115000.0000,Monthly service under effective contract version,SHI,CONDITIONAL_FORECAST,BIZ-base-0001015,6,6,2027-06-30,base,FOUNDRY_FIELD,115000.0000,base-06-SUBSCRIPTION_SERVICE-FF-021,BUSINESS_DRIVEN_FORECAST,foundry-field,2027
BIZ_REVENUE,revenue,2026-09-09T00:00:00Z,NONCASH_OR_OPENING,115000.0000,0.0000,Monthly service under effective contract version,SHI,CONDITIONAL_FORECAST,BIZ-base-0001015,6,6,2027-06-30,base,FOUNDRY_FIELD,-115000.0000,base-06-SUBSCRIPTION_SERVICE-FF-021,BUSINESS_DRIVEN_FORECAST,foundry-field,2027
BIZ_DELIVERY,expense,2026-09-09T00:00:00Z,NONCASH_OR_OPENING,0.0000,2400.0000,Source-driven vendor cost,SHI,CONDITIONAL_FORECAST,BIZ-base-0001016,6,6,2027-06-30,base,FOUNDRY_FIELD,2400.0000,base-06-COST-HOSTING-FF-021,BUSINESS_DRIVEN_FORECAST,foundry-field,2027
BIZ_AP,liability,2026-09-09T00:00:00Z,NONCASH_OR_OPENING,2400.0000,0.0000,Source-driven vendor cost,SHI,CONDITIONAL_FORECAST,BIZ-base-0001016,6,6,2027-06-30,base,FOUNDRY_FIELD,-2400.0000,base-06-COST-HOSTING-FF-021,BUSINESS_DRIVEN_FORECAST,foundry-field,2027
BIZ_DEFERRED,liability,2026-09-09T00:00:00Z,NONCASH_OR_OPENING,0.0000,130000.0000,Monthly service under effective contract version,SHI,CONDITIONAL_FORECAST,BIZ-base-0001017,6,6,2027-06-30,base,FOUNDRY_FIELD,130000.0000,base-06-SUBSCRIPTION_SERVICE-FF-022,BUSINESS_DRIVEN_FORECAST,foundry-field,2027
BIZ_REVENUE,revenue,2026-09-09T00:00:00Z,NONCASH_OR_OPENING,130000.0000,0.0000,Monthly service under effective contract version,SHI,CONDITIONAL_FORECAST,BIZ-base-0001017,6,6,2027-06-30,base,FOUNDRY_FIELD,-130000.0000,base-06-SUBSCRIPTION_SERVICE-FF-022,BUSINESS_DRIVEN_FORECAST,foundry-field,2027
BIZ_DELIVERY,expense,2026-09-09T00:00:00Z,NONCASH_OR_OPENING,0.0000,3000.0000,Source-driven vendor cost,SHI,CONDITIONAL_FORECAST,BIZ-base-0001018,6,6,2027-06-30,base,FOUNDRY_FIELD,3000.0000,base-06-COST-HOSTING-FF-022,BUSINESS_DRIVEN_FORECAST,foundry-field,2027
BIZ_AP,liability,2026-09-09T00:00:00Z,NONCASH_OR_OPENING,3000.0000,0.0000,Source-driven vendor cost,SHI,CONDITIONAL_FORECAST,BIZ-base-0001018,6,6,2027-06-30,base,FOUNDRY_FIELD,-3000.0000,base-06-COST-HOSTING-FF-022,BUSINESS_DRIVEN_FORECAST,foundry-field,2027
BIZ_DEFERRED,liability,2026-09-09T00:00:00Z,NONCASH_OR_OPENING,0.0000,145000.0000,Monthly service under effective contract version,SHI,CONDITIONAL_FORECAST,BIZ-base-0001019,6,6,2027-06-30,base,FOUNDRY_FIELD,145000.0000,base-06-SUBSCRIPTION_SERVICE-FF-023,BUSINESS_DRIVEN_FORECAST,foundry-field,2027
BIZ_REVENUE,revenue,2026-09-09T00:00:00Z,NONCASH_OR_OPENING,145000.0000,0.0000,Monthly service under effective contract version,SHI,CONDITIONAL_FORECAST,BIZ-base-0001019,6,6,2027-06-30,base,FOUNDRY_FIELD,-145000.0000,base-06-SUBSCRIPTION_SERVICE-FF-023,BUSINESS_DRIVEN_FORECAST,foundry-field,2027
BIZ_DELIVERY,expense,2026-09-09T00:00:00Z,NONCASH_OR_OPENING,0.0000,3600.0000,Source-driven vendor cost,SHI,CONDITIONAL_FORECAST,BIZ-base-0001020,6,6,2027-06-30,base,FOUNDRY_FIELD,3600.0000,base-06-COST-HOSTING-FF-023,BUSINESS_DRIVEN_FORECAST,foundry-field,2027
BIZ_AP,liability,2026-09-09T00:00:00Z,NONCASH_OR_OPENING,3600.0000,0.0000,Source-driven vendor cost,SHI,CONDITIONAL_FORECAST,BIZ-base-0001020,6,6,2027-06-30,base,FOUNDRY_FIELD,-3600.0000,base-06-COST-HOSTING-FF-023,BUSINESS_DRIVEN_FORECAST,foundry-field,2027
BIZ_DEFERRED,liability,2026-09-09T00:00:00Z,NONCASH_OR_OPENING,0.0000,160000.0000,Monthly service under effective contract version,SHI,CONDITIONAL_FORECAST,BIZ-base-0001021,6,6,2027-06-30,base,FOUNDRY_FIELD,160000.0000,base-06-SUBSCRIPTION_SERVICE-FF-024,BUSINESS_DRIVEN_FORECAST,foundry-field,2027
BIZ_REVENUE,revenue,2026-09-09T00:00:00Z,NONCASH_OR_OPENING,160000.0000,0.0000,Monthly service under effective contract version,SHI,CONDITIONAL_FORECAST,BIZ-base-0001021,6,6,2027-06-30,base,FOUNDRY_FIELD,-160000.0000,base-06-SUBSCRIPTION_SERVICE-FF-024,BUSINESS_DRIVEN_FORECAST,foundry-field,2027
BIZ_DELIVERY,expense,2026-09-09T00:00:00Z,NONCASH_OR_OPENING,0.0000,1800.0000,Source-driven vendor cost,SHI,CONDITIONAL_FORECAST,BIZ-base-0001022,6,6,2027-06-30,base,FOUNDRY_FIELD,1800.0000,base-06-COST-HOSTING-FF-024,BUSINESS_DRIVEN_FORECAST,foundry-field,2027
BIZ_AP,liability,2026-09-09T00:00:00Z,NONCASH_OR_OPENING,1800.0000,0.0000,Source-driven vendor cost,SHI,CONDITIONAL_FORECAST,BIZ-base-0001022,6,6,2027-06-30,base,FOUNDRY_FIELD,-1800.0000,base-06-COST-HOSTING-FF-024,BUSINESS_DRIVEN_FORECAST,foundry-field,2027
BIZ_DEFERRED,liability,2026-09-09T00:00:00Z,NONCASH_OR_OPENING,0.0000,100000.0000,Monthly service under effective contract version,SHI,CONDITIONAL_FORECAST,BIZ-base-0001023,6,6,2027-06-30,base,FOUNDRY_FIELD,100000.0000,base-06-SUBSCRIPTION_SERVICE-FF-025,BUSINESS_DRIVEN_FORECAST,foundry-field,2027
BIZ_REVENUE,revenue,2026-09-09T00:00:00Z,NONCASH_OR_OPENING,100000.0000,0.0000,Monthly service under effective contract version,SHI,CONDITIONAL_FORECAST,BIZ-base-0001023,6,6,2027-06-30,base,FOUNDRY_FIELD,-100000.0000,base-06-SUBSCRIPTION_SERVICE-FF-025,BUSINESS_DRIVEN_FORECAST,foundry-field,2027
BIZ_DELIVERY,expense,2026-09-09T00:00:00Z,NONCASH_OR_OPENING,0.0000,2400.0000,Source-driven vendor cost,SHI,CONDITIONAL_FORECAST,BIZ-base-0001024,6,6,2027-06-30,base,FOUNDRY_FIELD,2400.0000,base-06-COST-HOSTING-FF-025,BUSINESS_DRIVEN_FORECAST,foundry-field,2027
BIZ_AP,liability,2026-09-09T00:00:00Z,NONCASH_OR_OPENING,2400.0000,0.0000,Source-driven vendor cost,SHI,CONDITIONAL_FORECAST,BIZ-base-0001024,6,6,2027-06-30,base,FOUNDRY_FIELD,-2400.0000,base-06-COST-HOSTING-FF-025,BUSINESS_DRIVEN_FORECAST,foundry-field,2027
BIZ_DEFERRED,liability,2026-09-09T00:00:00Z,NONCASH_OR_OPENING,0.0000,115000.0000,Monthly service under effective contract version,SHI,CONDITIONAL_FORECAST,BIZ-base-0001025,6,6,2027-06-30,base,FOUNDRY_FIELD,115000.0000,base-06-SUBSCRIPTION_SERVICE-FF-026,BUSINESS_DRIVEN_FORECAST,foundry-field,2027
BIZ_REVENUE,revenue,2026-09-09T00:00:00Z,NONCASH_OR_OPENING,115000.0000,0.0000,Monthly service under effective contract version,SHI,CONDITIONAL_FORECAST,BIZ-base-0001025,6,6,2027-06-30,base,FOUNDRY_FIELD,-115000.0000,base-06-SUBSCRIPTION_SERVICE-FF-026,BUSINESS_DRIVEN_FORECAST,foundry-field,2027
BIZ_DELIVERY,expense,2026-09-09T00:00:00Z,NONCASH_OR_OPENING,0.0000,3000.0000,Source-driven vendor cost,SHI,CONDITIONAL_FORECAST,BIZ-base-0001026,6,6,2027-06-30,base,FOUNDRY_FIELD,3000.0000,base-06-COST-HOSTING-FF-026,BUSINESS_DRIVEN_FORECAST,foundry-field,2027
BIZ_AP,liability,2026-09-09T00:00:00Z,NONCASH_OR_OPENING,3000.0000,0.0000,Source-driven vendor cost,SHI,CONDITIONAL_FORECAST,BIZ-base-0001026,6,6,2027-06-30,base,FOUNDRY_FIELD,-3000.0000,base-06-COST-HOSTING-FF-026,BUSINESS_DRIVEN_FORECAST,foundry-field,2027
BIZ_DEFERRED,liability,2026-09-09T00:00:00Z,NONCASH_OR_OPENING,0.0000,130000.0000,Monthly service under effective contract version,SHI,CONDITIONAL_FORECAST,BIZ-base-0001027,6,6,2027-06-30,base,FOUNDRY_FIELD,130000.0000,base-06-SUBSCRIPTION_SERVICE-FF-027,BUSINESS_DRIVEN_FORECAST,foundry-field,2027
BIZ_REVENUE,revenue,2026-09-09T00:00:00Z,NONCASH_OR_OPENING,130000.0000,0.0000,Monthly service under effective contract version,SHI,CONDITIONAL_FORECAST,BIZ-base-0001027,6,6,2027-06-30,base,FOUNDRY_FIELD,-130000.0000,base-06-SUBSCRIPTION_SERVICE-FF-027,BUSINESS_DRIVEN_FORECAST,foundry-field,2027
BIZ_DELIVERY,expense,2026-09-09T00:00:00Z,NONCASH_OR_OPENING,0.0000,3600.0000,Source-driven vendor cost,SHI,CONDITIONAL_FORECAST,BIZ-base-0001028,6,6,2027-06-30,base,FOUNDRY_FIELD,3600.0000,base-06-COST-HOSTING-FF-027,BUSINESS_DRIVEN_FORECAST,foundry-field,2027
BIZ_AP,liability,2026-09-09T00:00:00Z,NONCASH_OR_OPENING,3600.0000,0.0000,Source-driven vendor cost,SHI,CONDITIONAL_FORECAST,BIZ-base-0001028,6,6,2027-06-30,base,FOUNDRY_FIELD,-3600.0000,base-06-COST-HOSTING-FF-027,BUSINESS_DRIVEN_FORECAST,foundry-field,2027
BIZ_DEFERRED,liability,2026-09-09T00:00:00Z,NONCASH_OR_OPENING,0.0000,145000.0000,Monthly service under effective contract version,SHI,CONDITIONAL_FORECAST,BIZ-base-0001029,6,6,2027-06-30,base,FOUNDRY_FIELD,145000.0000,base-06-SUBSCRIPTION_SERVICE-FF-028,BUSINESS_DRIVEN_FORECAST,foundry-field,2027
BIZ_REVENUE,revenue,2026-09-09T00:00:00Z,NONCASH_OR_OPENING,145000.0000,0.0000,Monthly service under effective contract version,SHI,CONDITIONAL_FORECAST,BIZ-base-0001029,6,6,2027-06-30,base,FOUNDRY_FIELD,-145000.0000,base-06-SUBSCRIPTION_SERVICE-FF-028,BUSINESS_DRIVEN_FORECAST,foundry-field,2027
BIZ_DELIVERY,expense,2026-09-09T00:00:00Z,NONCASH_OR_OPENING,0.0000,1800.0000,Source-driven vendor cost,SHI,CONDITIONAL_FORECAST,BIZ-base-0001030,6,6,2027-06-30,base,FOUNDRY_FIELD,1800.0000,base-06-COST-HOSTING-FF-028,BUSINESS_DRIVEN_FORECAST,foundry-field,2027
BIZ_AP,liability,2026-09-09T00:00:00Z,NONCASH_OR_OPENING,1800.0000,0.0000,Source-driven vendor cost,SHI,CONDITIONAL_FORECAST,BIZ-base-0001030,6,6,2027-06-30,base,FOUNDRY_FIELD,-1800.0000,base-06-COST-HOSTING-FF-028,BUSINESS_DRIVEN_FORECAST,foundry-field,2027
BIZ_DEFERRED,liability,2026-09-09T00:00:00Z,NONCASH_OR_OPENING,0.0000,160000.0000,Monthly service under effective contract version,SHI,CONDITIONAL_FORECAST,BIZ-base-0001031,6,6,2027-06-30,base,FOUNDRY_FIELD,160000.0000,base-06-SUBSCRIPTION_SERVICE-FF-029,BUSINESS_DRIVEN_FORECAST,foundry-field,2027
BIZ_REVENUE,revenue,2026-09-09T00:00:00Z,NONCASH_OR_OPENING,160000.0000,0.0000,Monthly service under effective contract version,SHI,CONDITIONAL_FORECAST,BIZ-base-0001031,6,6,2027-06-30,base,FOUNDRY_FIELD,-160000.0000,base-06-SUBSCRIPTION_SERVICE-FF-029,BUSINESS_DRIVEN_FORECAST,foundry-field,2027
BIZ_DELIVERY,expense,2026-09-09T00:00:00Z,NONCASH_OR_OPENING,0.0000,2400.0000,Source-driven vendor cost,SHI,CONDITIONAL_FORECAST,BIZ-base-0001032,6,6,2027-06-30,base,FOUNDRY_FIELD,2400.0000,base-06-COST-HOSTING-FF-029,BUSINESS_DRIVEN_FORECAST,foundry-field,2027
BIZ_AP,liability,2026-09-09T00:00:00Z,NONCASH_OR_OPENING,2400.0000,0.0000,Source-driven vendor cost,SHI,CONDITIONAL_FORECAST,BIZ-base-0001032,6,6,2027-06-30,base,FOUNDRY_FIELD,-2400.0000,base-06-COST-HOSTING-FF-029,BUSINESS_DRIVEN_FORECAST,foundry-field,2027
BIZ_DEFERRED,liability,2026-09-09T00:00:00Z,NONCASH_OR_OPENING,0.0000,100000.0000,Monthly service under effective contract version,SHI,CONDITIONAL_FORECAST,BIZ-base-0001033,6,6,2027-06-30,base,FOUNDRY_FIELD,100000.0000,base-06-SUBSCRIPTION_SERVICE-FF-030,BUSINESS_DRIVEN_FORECAST,foundry-field,2027
BIZ_REVENUE,revenue,2026-09-09T00:00:00Z,NONCASH_OR_OPENING,100000.0000,0.0000,Monthly service under effective contract version,SHI,CONDITIONAL_FORECAST,BIZ-base-0001033,6,6,2027-06-30,base,FOUNDRY_FIELD,-100000.0000,base-06-SUBSCRIPTION_SERVICE-FF-030,BUSINESS_DRIVEN_FORECAST,foundry-field,2027
BIZ_DELIVERY,expense,2026-09-09T00:00:00Z,NONCASH_OR_OPENING,0.0000,3000.0000,Source-driven vendor cost,SHI,CONDITIONAL_FORECAST,BIZ-base-0001034,6,6,2027-06-30,base,FOUNDRY_FIELD,3000.0000,base-06-COST-HOSTING-FF-030,BUSINESS_DRIVEN_FORECAST,foundry-field,2027
BIZ_AP,liability,2026-09-09T00:00:00Z,NONCASH_OR_OPENING,3000.0000,0.0000,Source-driven vendor cost,SHI,CONDITIONAL_FORECAST,BIZ-base-0001034,6,6,2027-06-30,base,FOUNDRY_FIELD,-3000.0000,base-06-COST-HOSTING-FF-030,BUSINESS_DRIVEN_FORECAST,foundry-field,2027
BIZ_DEFERRED,liability,2026-09-09T00:00:00Z,NONCASH_OR_OPENING,0.0000,115000.0000,Monthly service under effective contract version,SHI,CONDITIONAL_FORECAST,BIZ-base-0001035,6,6,2027-06-30,base,FOUNDRY_FIELD,115000.0000,base-06-SUBSCRIPTION_SERVICE-FF-031,BUSINESS_DRIVEN_FORECAST,foundry-field,2027
BIZ_REVENUE,revenue,2026-09-09T00:00:00Z,NONCASH_OR_OPENING,115000.0000,0.0000,Monthly service under effective contract version,SHI,CONDITIONAL_FORECAST,BIZ-base-0001035,6,6,2027-06-30,base,FOUNDRY_FIELD,-115000.0000,base-06-SUBSCRIPTION_SERVICE-FF-031,BUSINESS_DRIVEN_FORECAST,foundry-field,2027
BIZ_DELIVERY,expense,2026-09-09T00:00:00Z,NONCASH_OR_OPENING,0.0000,3600.0000,Source-driven vendor cost,SHI,CONDITIONAL_FORECAST,BIZ-base-0001036,6,6,2027-06-30,base,FOUNDRY_FIELD,3600.0000,base-06-COST-HOSTING-FF-031,BUSINESS_DRIVEN_FORECAST,foundry-field,2027
BIZ_AP,liability,2026-09-09T00:00:00Z,NONCASH_OR_OPENING,3600.0000,0.0000,Source-driven vendor cost,SHI,CONDITIONAL_FORECAST,BIZ-base-0001036,6,6,2027-06-30,base,FOUNDRY_FIELD,-3600.0000,base-06-COST-HOSTING-FF-031,BUSINESS_DRIVEN_FORECAST,foundry-field,2027
BIZ_DEFERRED,liability,2026-09-09T00:00:00Z,NONCASH_OR_OPENING,0.0000,130000.0000,Monthly service under effective contract version,SHI,CONDITIONAL_FORECAST,BIZ-base-0001037,6,6,2027-06-30,base,FOUNDRY_FIELD,130000.0000,base-06-SUBSCRIPTION_SERVICE-FF-032,BUSINESS_DRIVEN_FORECAST,foundry-field,2027
BIZ_REVENUE,revenue,2026-09-09T00:00:00Z,NONCASH_OR_OPENING,130000.0000,0.0000,Monthly service under effective contract version,SHI,CONDITIONAL_FORECAST,BIZ-base-0001037,6,6,2027-06-30,base,FOUNDRY_FIELD,-130000.0000,base-06-SUBSCRIPTION_SERVICE-FF-032,BUSINESS_DRIVEN_FORECAST,foundry-field,2027
BIZ_DELIVERY,expense,2026-09-09T00:00:00Z,NONCASH_OR_OPENING,0.0000,1800.0000,Source-driven vendor cost,SHI,CONDITIONAL_FORECAST,BIZ-base-0001038,6,6,2027-06-30,base,FOUNDRY_FIELD,1800.0000,base-06-COST-HOSTING-FF-032,BUSINESS_DRIVEN_FORECAST,foundry-field,2027
BIZ_AP,liability,2026-09-09T00:00:00Z,NONCASH_OR_OPENING,1800.0000,0.0000,Source-driven vendor cost,SHI,CONDITIONAL_FORECAST,BIZ-base-0001038,6,6,2027-06-30,base,FOUNDRY_FIELD,-1800.0000,base-06-COST-HOSTING-FF-032,BUSINESS_DRIVEN_FORECAST,foundry-field,2027
BIZ_DEFERRED,liability,2026-09-09T00:00:00Z,NONCASH_OR_OPENING,0.0000,145000.0000,Monthly service under effective contract version,SHI,CONDITIONAL_FORECAST,BIZ-base-0001039,6,6,2027-06-30,base,FOUNDRY_FIELD,145000.0000,base-06-SUBSCRIPTION_SERVICE-FF-033,BUSINESS_DRIVEN_FORECAST,foundry-field,2027
BIZ_REVENUE,revenue,2026-09-09T00:00:00Z,NONCASH_OR_OPENING,145000.0000,0.0000,Monthly service under effective contract version,SHI,CONDITIONAL_FORECAST,BIZ-base-0001039,6,6,2027-06-30,base,FOUNDRY_FIELD,-145000.0000,base-06-SUBSCRIPTION_SERVICE-FF-033,BUSINESS_DRIVEN_FORECAST,foundry-field,2027
BIZ_DELIVERY,expense,2026-09-09T00:00:00Z,NONCASH_OR_OPENING,0.0000,2400.0000,Source-driven vendor cost,SHI,CONDITIONAL_FORECAST,BIZ-base-0001040,6,6,2027-06-30,base,FOUNDRY_FIELD,2400.0000,base-06-COST-HOSTING-FF-033,BUSINESS_DRIVEN_FORECAST,foundry-field,2027
BIZ_AP,liability,2026-09-09T00:00:00Z,NONCASH_OR_OPENING,2400.0000,0.0000,Source-driven vendor cost,SHI,CONDITIONAL_FORECAST,BIZ-base-0001040,6,6,2027-06-30,base,FOUNDRY_FIELD,-2400.0000,base-06-COST-HOSTING-FF-033,BUSINESS_DRIVEN_FORECAST,foundry-field,2027
BIZ_DEFERRED,liability,2026-09-09T00:00:00Z,NONCASH_OR_OPENING,0.0000,160000.0000,Monthly service under effective contract version,SHI,CONDITIONAL_FORECAST,BIZ-base-0001041,6,6,2027-06-30,base,FOUNDRY_FIELD,160000.0000,base-06-SUBSCRIPTION_SERVICE-FF-034,BUSINESS_DRIVEN_FORECAST,foundry-field,2027
BIZ_REVENUE,revenue,2026-09-09T00:00:00Z,NONCASH_OR_OPENING,160000.0000,0.0000,Monthly service under effective contract version,SHI,CONDITIONAL_FORECAST,BIZ-base-0001041,6,6,2027-06-30,base,FOUNDRY_FIELD,-160000.0000,base-06-SUBSCRIPTION_SERVICE-FF-034,BUSINESS_DRIVEN_FORECAST,foundry-field,2027
BIZ_DELIVERY,expense,2026-09-09T00:00:00Z,NONCASH_OR_OPENING,0.0000,3000.0000,Source-driven vendor cost,SHI,CONDITIONAL_FORECAST,BIZ-base-0001042,6,6,2027-06-30,base,FOUNDRY_FIELD,3000.0000,base-06-COST-HOSTING-FF-034,BUSINESS_DRIVEN_FORECAST,foundry-field,2027
BIZ_AP,liability,2026-09-09T00:00:00Z,NONCASH_OR_OPENING,3000.0000,0.0000,Source-driven vendor cost,SHI,CONDITIONAL_FORECAST,BIZ-base-0001042,6,6,2027-06-30,base,FOUNDRY_FIELD,-3000.0000,base-06-COST-HOSTING-FF-034,BUSINESS_DRIVEN_FORECAST,foundry-field,2027
BIZ_DEFERRED,liability,2026-09-09T00:00:00Z,NONCASH_OR_OPENING,0.0000,100000.0000,Monthly service under effective contract version,SHI,CONDITIONAL_FORECAST,BIZ-base-0001043,6,6,2027-06-30,base,FOUNDRY_FIELD,100000.0000,base-06-SUBSCRIPTION_SERVICE-FF-035,BUSINESS_DRIVEN_FORECAST,foundry-field,2027
BIZ_REVENUE,revenue,2026-09-09T00:00:00Z,NONCASH_OR_OPENING,100000.0000,0.0000,Monthly service under effective contract version,SHI,CONDITIONAL_FORECAST,BIZ-base-0001043,6,6,2027-06-30,base,FOUNDRY_FIELD,-100000.0000,base-06-SUBSCRIPTION_SERVICE-FF-035,BUSINESS_DRIVEN_FORECAST,foundry-field,2027
BIZ_DELIVERY,expense,2026-09-09T00:00:00Z,NONCASH_OR_OPENING,0.0000,3600.0000,Source-driven vendor cost,SHI,CONDITIONAL_FORECAST,BIZ-base-0001044,6,6,2027-06-30,base,FOUNDRY_FIELD,3600.0000,base-06-COST-HOSTING-FF-035,BUSINESS_DRIVEN_FORECAST,foundry-field,2027
BIZ_AP,liability,2026-09-09T00:00:00Z,NONCASH_OR_OPENING,3600.0000,0.0000,Source-driven vendor cost,SHI,CONDITIONAL_FORECAST,BIZ-base-0001044,6,6,2027-06-30,base,FOUNDRY_FIELD,-3600.0000,base-06-COST-HOSTING-FF-035,BUSINESS_DRIVEN_FORECAST,foundry-field,2027
BIZ_DEFERRED,liability,2026-09-09T00:00:00Z,NONCASH_OR_OPENING,0.0000,115000.0000,Monthly service under effective contract version,SHI,CONDITIONAL_FORECAST,BIZ-base-0001045,6,6,2027-06-30,base,FOUNDRY_FIELD,115000.0000,base-06-SUBSCRIPTION_SERVICE-FF-036,BUSINESS_DRIVEN_FORECAST,foundry-field,2027
BIZ_REVENUE,revenue,2026-09-09T00:00:00Z,NONCASH_OR_OPENING,115000.0000,0.0000,Monthly service under effective contract version,SHI,CONDITIONAL_FORECAST,BIZ-base-0001045,6,6,2027-06-30,base,FOUNDRY_FIELD,-115000.0000,base-06-SUBSCRIPTION_SERVICE-FF-036,BUSINESS_DRIVEN_FORECAST,foundry-field,2027
BIZ_DELIVERY,expense,2026-09-09T00:00:00Z,NONCASH_OR_OPENING,0.0000,1800.0000,Source-driven vendor cost,SHI,CONDITIONAL_FORECAST,BIZ-base-0001046,6,6,2027-06-30,base,FOUNDRY_FIELD,1800.0000,base-06-COST-HOSTING-FF-036,BUSINESS_DRIVEN_FORECAST,foundry-field,2027
BIZ_AP,liability,2026-09-09T00:00:00Z,NONCASH_OR_OPENING,1800.0000,0.0000,Source-driven vendor cost,SHI,CONDITIONAL_FORECAST,BIZ-base-0001046,6,6,2027-06-30,base,FOUNDRY_FIELD,-1800.0000,base-06-COST-HOSTING-FF-036,BUSINESS_DRIVEN_FORECAST,foundry-field,2027
BIZ_CREDIT_LOSS,expense,2026-09-09T00:00:00Z,NONCASH_OR_OPENING,1303600.0000,0.0000,"Explicit expected credit-loss estimate, not observed customer default",SHI,CONDITIONAL_FORECAST,BIZ-base-0001099,6,6,2027-06-30,base,FOUNDRY_FIELD,-1303600.0000,base-06-MONTH_END_ESTIMATE-foundry-field,BUSINESS_DRIVEN_FORECAST,foundry-field,2027
BIZ_ALLOWANCE,asset,2026-09-09T00:00:00Z,NONCASH_OR_OPENING,0.0000,1303600.0000,"Explicit expected credit-loss estimate, not observed customer default",SHI,CONDITIONAL_FORECAST,BIZ-base-0001099,6,6,2027-06-30,base,FOUNDRY_FIELD,1303600.0000,base-06-MONTH_END_ESTIMATE-foundry-field,BUSINESS_DRIVEN_FORECAST,foundry-field,2027
1000,asset,2026-09-09T00:00:00Z,OPERATING,0.0000,70000.0000,Modeled customer receipt,SHI,CONDITIONAL_FORECAST,BIZ-base-0001103,7,7,2027-07-31,base,FOUNDRY_FIELD,70000.0000,base-07-COLLECTION-INV-base-FF-001-SYN-AMEND-001,BUSINESS_DRIVEN_FORECAST,foundry-field,2027
BIZ_AR,asset,2026-09-09T00:00:00Z,NONCASH_OR_OPENING,70000.0000,0.0000,Modeled customer receipt,SHI,CONDITIONAL_FORECAST,BIZ-base-0001103,7,7,2027-07-31,base,FOUNDRY_FIELD,-70000.0000,base-07-COLLECTION-INV-base-FF-001-SYN-AMEND-001,BUSINESS_DRIVEN_FORECAST,foundry-field,2027
BIZ_AP,liability,2026-09-09T00:00:00Z,NONCASH_OR_OPENING,0.0000,2400.0000,Scheduled vendor cash request; treasury shortfalls separately reported,SHI,CONDITIONAL_FORECAST,BIZ-base-0001113,7,7,2027-07-31,base,FOUNDRY_FIELD,2400.0000,base-07-PAYMENT_REQUEST-AP-base-6-HOSTING-FF-001,BUSINESS_DRIVEN_FORECAST,foundry-field,2027
1000,asset,2026-09-09T00:00:00Z,OPERATING,2400.0000,0.0000,Scheduled vendor cash request; treasury shortfalls separately reported,SHI,CONDITIONAL_FORECAST,BIZ-base-0001113,7,7,2027-07-31,base,FOUNDRY_FIELD,-2400.0000,base-07-PAYMENT_REQUEST-AP-base-6-HOSTING-FF-001,BUSINESS_DRIVEN_FORECAST,foundry-field,2027
BIZ_AP,liability,2026-09-09T00:00:00Z,NONCASH_OR_OPENING,0.0000,3000.0000,Scheduled vendor cash request; treasury shortfalls separately reported,SHI,CONDITIONAL_FORECAST,BIZ-base-0001114,7,7,2027-07-31,base,FOUNDRY_FIELD,3000.0000,base-07-PAYMENT_REQUEST-AP-base-6-HOSTING-FF-002,BUSINESS_DRIVEN_FORECAST,foundry-field,2027
1000,asset,2026-09-09T00:00:00Z,OPERATING,3000.0000,0.0000,Scheduled vendor cash request; treasury shortfalls separately reported,SHI,CONDITIONAL_FORECAST,BIZ-base-0001114,7,7,2027-07-31,base,FOUNDRY_FIELD,-3000.0000,base-07-PAYMENT_REQUEST-AP-base-6-HOSTING-FF-002,BUSINESS_DRIVEN_FORECAST,foundry-field,2027
BIZ_AP,liability,2026-09-09T00:00:00Z,NONCASH_OR_OPENING,0.0000,3600.0000,Scheduled vendor cash request; treasury shortfalls separately reported,SHI,CONDITIONAL_FORECAST,BIZ-base-0001115,7,7,2027-07-31,base,FOUNDRY_FIELD,3600.0000,base-07-PAYMENT_REQUEST-AP-base-6-HOSTING-FF-003,BUSINESS_DRIVEN_FORECAST,foundry-field,2027
1000,asset,2026-09-09T00:00:00Z,OPERATING,3600.0000,0.0000,Scheduled vendor cash request; treasury shortfalls separately reported,SHI,CONDITIONAL_FORECAST,BIZ-base-0001115,7,7,2027-07-31,base,FOUNDRY_FIELD,-3600.0000,base-07-PAYMENT_REQUEST-AP-base-6-HOSTING-FF-003,BUSINESS_DRIVEN_FORECAST,foundry-field,2027
BIZ_AP,liability,2026-09-09T00:00:00Z,NONCASH_OR_OPENING,0.0000,1800.0000,Scheduled vendor cash request; treasury shortfalls separately reported,SHI,CONDITIONAL_FORECAST,BIZ-base-0001116,7,7,2027-07-31,base,FOUNDRY_FIELD,1800.0000,base-07-PAYMENT_REQUEST-AP-base-6-HOSTING-FF-004,BUSINESS_DRIVEN_FORECAST,foundry-field,2027
1000,asset,2026-09-09T00:00:00Z,OPERATING,1800.0000,0.0000,Scheduled vendor cash request; treasury shortfalls separately reported,SHI,CONDITIONAL_FORECAST,BIZ-base-0001116,7,7,2027-07-31,base,FOUNDRY_FIELD,-1800.0000,base-07-PAYMENT_REQUEST-AP-base-6-HOSTING-FF-004,BUSINESS_DRIVEN_FORECAST,foundry-field,2027
BIZ_AP,liability,2026-09-09T00:00:00Z,NONCASH_OR_OPENING,0.0000,2400.0000,Scheduled vendor cash request; treasury shortfalls separately reported,SHI,CONDITIONAL_FORECAST,BIZ-base-0001117,7,7,2027-07-31,base,FOUNDRY_FIELD,2400.0000,base-07-PAYMENT_REQUEST-AP-base-6-HOSTING-FF-005,BUSINESS_DRIVEN_FORECAST,foundry-field,2027
1000,asset,2026-09-09T00:00:00Z,OPERATING,2400.0000,0.0000,Scheduled vendor cash request; treasury shortfalls separately reported,SHI,CONDITIONAL_FORECAST,BIZ-base-0001117,7,7,2027-07-31,base,FOUNDRY_FIELD,-2400.0000,base-07-PAYMENT_REQUEST-AP-base-6-HOSTING-FF-005,BUSINESS_DRIVEN_FORECAST,foundry-field,2027
BIZ_AP,liability,2026-09-09T00:00:00Z,NONCASH_OR_OPENING,0.0000,3000.0000,Scheduled vendor cash request; treasury shortfalls separately reported,SHI,CONDITIONAL_FORECAST,BIZ-base-0001118,7,7,2027-07-31,base,FOUNDRY_FIELD,3000.0000,base-07-PAYMENT_REQUEST-AP-base-6-HOSTING-FF-006,BUSINESS_DRIVEN_FORECAST,foundry-field,2027
1000,asset,2026-09-09T00:00:00Z,OPERATING,3000.0000,0.0000,Scheduled vendor cash request; treasury shortfalls separately reported,SHI,CONDITIONAL_FORECAST,BIZ-base-0001118,7,7,2027-07-31,base,FOUNDRY_FIELD,-3000.0000,base-07-PAYMENT_REQUEST-AP-base-6-HOSTING-FF-006,BUSINESS_DRIVEN_FORECAST,foundry-field,2027
BIZ_AP,liability,2026-09-09T00:00:00Z,NONCASH_OR_OPENING,0.0000,3600.0000,Scheduled vendor cash request; treasury shortfalls separately reported,SHI,CONDITIONAL_FORECAST,BIZ-base-0001119,7,7,2027-07-31,base,FOUNDRY_FIELD,3600.0000,base-07-PAYMENT_REQUEST-AP-base-6-HOSTING-FF-007,BUSINESS_DRIVEN_FORECAST,foundry-field,2027
1000,asset,2026-09-09T00:00:00Z,OPERATING,3600.0000,0.0000,Scheduled vendor cash request; treasury shortfalls separately reported,SHI,CONDITIONAL_FORECAST,BIZ-base-0001119,7,7,2027-07-31,base,FOUNDRY_FIELD,-3600.0000,base-07-PAYMENT_REQUEST-AP-base-6-HOSTING-FF-007,BUSINESS_DRIVEN_FORECAST,foundry-field,2027
BIZ_AP,liability,2026-09-09T00:00:00Z,NONCASH_OR_OPENING,0.0000,1800.0000,Scheduled vendor cash request; treasury shortfalls separately reported,SHI,CONDITIONAL_FORECAST,BIZ-base-0001120,7,7,2027-07-31,base,FOUNDRY_FIELD,1800.0000,base-07-PAYMENT_REQUEST-AP-base-6-HOSTING-FF-008,BUSINESS_DRIVEN_FORECAST,foundry-field,2027
1000,asset,2026-09-09T00:00:00Z,OPERATING,1800.0000,0.0000,Scheduled vendor cash request; treasury shortfalls separately reported,SHI,CONDITIONAL_FORECAST,BIZ-base-0001120,7,7,2027-07-31,base,FOUNDRY_FIELD,-1800.0000,base-07-PAYMENT_REQUEST-AP-base-6-HOSTING-FF-008,BUSINESS_DRIVEN_FORECAST,foundry-field,2027
BIZ_AP,liability,2026-09-09T00:00:00Z,NONCASH_OR_OPENING,0.0000,2400.0000,Scheduled vendor cash request; treasury shortfalls separately reported,SHI,CONDITIONAL_FORECAST,BIZ-base-0001121,7,7,2027-07-31,base,FOUNDRY_FIELD,2400.0000,base-07-PAYMENT_REQUEST-AP-base-6-HOSTING-FF-009,BUSINESS_DRIVEN_FORECAST,foundry-field,2027
1000,asset,2026-09-09T00:00:00Z,OPERATING,2400.0000,0.0000,Scheduled vendor cash request; treasury shortfalls separately reported,SHI,CONDITIONAL_FORECAST,BIZ-base-0001121,7,7,2027-07-31,base,FOUNDRY_FIELD,-2400.0000,base-07-PAYMENT_REQUEST-AP-base-6-HOSTING-FF-009,BUSINESS_DRIVEN_FORECAST,foundry-field,2027
BIZ_AP,liability,2026-09-09T00:00:00Z,NONCASH_OR_OPENING,0.0000,3000.0000,Scheduled vendor cash request; treasury shortfalls separately reported,SHI,CONDITIONAL_FORECAST,BIZ-base-0001122,7,7,2027-07-31,base,FOUNDRY_FIELD,3000.0000,base-07-PAYMENT_REQUEST-AP-base-6-HOSTING-FF-010,BUSINESS_DRIVEN_FORECAST,foundry-field,2027
1000,asset,2026-09-09T00:00:00Z,OPERATING,3000.0000,0.0000,Scheduled vendor cash request; treasury shortfalls separately reported,SHI,CONDITIONAL_FORECAST,BIZ-base-0001122,7,7,2027-07-31,base,FOUNDRY_FIELD,-3000.0000,base-07-PAYMENT_REQUEST-AP-base-6-HOSTING-FF-010,BUSINESS_DRIVEN_FORECAST,foundry-field,2027
BIZ_AP,liability,2026-09-09T00:00:00Z,NONCASH_OR_OPENING,0.0000,3600.0000,Scheduled vendor cash request; treasury shortfalls separately reported,SHI,CONDITIONAL_FORECAST,BIZ-base-0001123,7,7,2027-07-31,base,FOUNDRY_FIELD,3600.0000,base-07-PAYMENT_REQUEST-AP-base-6-HOSTING-FF-011,BUSINESS_DRIVEN_FORECAST,foundry-field,2027
1000,asset,2026-09-09T00:00:00Z,OPERATING,3600.0000,0.0000,Scheduled vendor cash request; treasury shortfalls separately reported,SHI,CONDITIONAL_FORECAST,BIZ-base-0001123,7,7,2027-07-31,base,FOUNDRY_FIELD,-3600.0000,base-07-PAYMENT_REQUEST-AP-base-6-HOSTING-FF-011,BUSINESS_DRIVEN_FORECAST,foundry-field,2027
BIZ_AP,liability,2026-09-09T00:00:00Z,NONCASH_OR_OPENING,0.0000,1800.0000,Scheduled vendor cash request; treasury shortfalls separately reported,SHI,CONDITIONAL_FORECAST,BIZ-base-0001124,7,7,2027-07-31,base,FOUNDRY_FIELD,1800.0000,base-07-PAYMENT_REQUEST-AP-base-6-HOSTING-FF-012,BUSINESS_DRIVEN_FORECAST,foundry-field,2027
1000,asset,2026-09-09T00:00:00Z,OPERATING,1800.0000,0.0000,Scheduled vendor cash request; treasury shortfalls separately reported,SHI,CONDITIONAL_FORECAST,BIZ-base-0001124,7,7,2027-07-31,base,FOUNDRY_FIELD,-1800.0000,base-07-PAYMENT_REQUEST-AP-base-6-HOSTING-FF-012,BUSINESS_DRIVEN_FORECAST,foundry-field,2027
BIZ_AP,liability,2026-09-09T00:00:00Z,NONCASH_OR_OPENING,0.0000,2400.0000,Scheduled vendor cash request; treasury shortfalls separately reported,SHI,CONDITIONAL_FORECAST,BIZ-base-0001125,7,7,2027-07-31,base,FOUNDRY_FIELD,2400.0000,base-07-PAYMENT_REQUEST-AP-base-6-HOSTING-FF-013,BUSINESS_DRIVEN_FORECAST,foundry-field,2027
1000,asset,2026-09-09T00:00:00Z,OPERATING,2400.0000,0.0000,Scheduled vendor cash request; treasury shortfalls separately reported,SHI,CONDITIONAL_FORECAST,BIZ-base-0001125,7,7,2027-07-31,base,FOUNDRY_FIELD,-2400.0000,base-07-PAYMENT_REQUEST-AP-base-6-HOSTING-FF-013,BUSINESS_DRIVEN_FORECAST,foundry-field,2027
BIZ_AP,liability,2026-09-09T00:00:00Z,NONCASH_OR_OPENING,0.0000,3000.0000,Scheduled vendor cash request; treasury shortfalls separately reported,SHI,CONDITIONAL_FORECAST,BIZ-base-0001126,7,7,2027-07-31,base,FOUNDRY_FIELD,3000.0000,base-07-PAYMENT_REQUEST-AP-base-6-HOSTING-FF-014,BUSINESS_DRIVEN_FORECAST,foundry-field,2027
1000,asset,2026-09-09T00:00:00Z,OPERATING,3000.0000,0.0000,Scheduled vendor cash request; treasury shortfalls separately reported,SHI,CONDITIONAL_FORECAST,BIZ-base-0001126,7,7,2027-07-31,base,FOUNDRY_FIELD,-3000.0000,base-07-PAYMENT_REQUEST-AP-base-6-HOSTING-FF-014,BUSINESS_DRIVEN_FORECAST,foundry-field,2027
BIZ_AP,liability,2026-09-09T00:00:00Z,NONCASH_OR_OPENING,0.0000,3600.0000,Scheduled vendor cash request; treasury shortfalls separately reported,SHI,CONDITIONAL_FORECAST,BIZ-base-0001127,7,7,2027-07-31,base,FOUNDRY_FIELD,3600.0000,base-07-PAYMENT_REQUEST-AP-base-6-HOSTING-FF-015,BUSINESS_DRIVEN_FORECAST,foundry-field,2027
1000,asset,2026-09-09T00:00:00Z,OPERATING,3600.0000,0.0000,Scheduled vendor cash request; treasury shortfalls separately reported,SHI,CONDITIONAL_FORECAST,BIZ-base-0001127,7,7,2027-07-31,base,FOUNDRY_FIELD,-3600.0000,base-07-PAYMENT_REQUEST-AP-base-6-HOSTING-FF-015,BUSINESS_DRIVEN_FORECAST,foundry-field,2027
BIZ_AP,liability,2026-09-09T00:00:00Z,NONCASH_OR_OPENING,0.0000,1800.0000,Scheduled vendor cash request; treasury shortfalls separately reported,SHI,CONDITIONAL_FORECAST,BIZ-base-0001128,7,7,2027-07-31,base,FOUNDRY_FIELD,1800.0000,base-07-PAYMENT_REQUEST-AP-base-6-HOSTING-FF-016,BUSINESS_DRIVEN_FORECAST,foundry-field,2027
1000,asset,2026-09-09T00:00:00Z,OPERATING,1800.0000,0.0000,Scheduled vendor cash request; treasury shortfalls separately reported,SHI,CONDITIONAL_FORECAST,BIZ-base-0001128,7,7,2027-07-31,base,FOUNDRY_FIELD,-1800.0000,base-07-PAYMENT_REQUEST-AP-base-6-HOSTING-FF-016,BUSINESS_DRIVEN_FORECAST,foundry-field,2027
BIZ_AP,liability,2026-09-09T00:00:00Z,NONCASH_OR_OPENING,0.0000,2400.0000,Scheduled vendor cash request; treasury shortfalls separately reported,SHI,CONDITIONAL_FORECAST,BIZ-base-0001129,7,7,2027-07-31,base,FOUNDRY_FIELD,2400.0000,base-07-PAYMENT_REQUEST-AP-base-6-HOSTING-FF-017,BUSINESS_DRIVEN_FORECAST,foundry-field,2027
1000,asset,2026-09-09T00:00:00Z,OPERATING,2400.0000,0.0000,Scheduled vendor cash request; treasury shortfalls separately reported,SHI,CONDITIONAL_FORECAST,BIZ-base-0001129,7,7,2027-07-31,base,FOUNDRY_FIELD,-2400.0000,base-07-PAYMENT_REQUEST-AP-base-6-HOSTING-FF-017,BUSINESS_DRIVEN_FORECAST,foundry-field,2027
BIZ_AP,liability,2026-09-09T00:00:00Z,NONCASH_OR_OPENING,0.0000,3000.0000,Scheduled vendor cash request; treasury shortfalls separately reported,SHI,CONDITIONAL_FORECAST,BIZ-base-0001130,7,7,2027-07-31,base,FOUNDRY_FIELD,3000.0000,base-07-PAYMENT_REQUEST-AP-base-6-HOSTING-FF-018,BUSINESS_DRIVEN_FORECAST,foundry-field,2027
1000,asset,2026-09-09T00:00:00Z,OPERATING,3000.0000,0.0000,Scheduled vendor cash request; treasury shortfalls separately reported,SHI,CONDITIONAL_FORECAST,BIZ-base-0001130,7,7,2027-07-31,base,FOUNDRY_FIELD,-3000.0000,base-07-PAYMENT_REQUEST-AP-base-6-HOSTING-FF-018,BUSINESS_DRIVEN_FORECAST,foundry-field,2027
BIZ_AP,liability,2026-09-09T00:00:00Z,NONCASH_OR_OPENING,0.0000,3600.0000,Scheduled vendor cash request; treasury shortfalls separately reported,SHI,CONDITIONAL_FORECAST,BIZ-base-0001131,7,7,2027-07-31,base,FOUNDRY_FIELD,3600.0000,base-07-PAYMENT_REQUEST-AP-base-6-HOSTING-FF-019,BUSINESS_DRIVEN_FORECAST,foundry-field,2027
1000,asset,2026-09-09T00:00:00Z,OPERATING,3600.0000,0.0000,Scheduled vendor cash request; treasury shortfalls separately reported,SHI,CONDITIONAL_FORECAST,BIZ-base-0001131,7,7,2027-07-31,base,FOUNDRY_FIELD,-3600.0000,base-07-PAYMENT_REQUEST-AP-base-6-HOSTING-FF-019,BUSINESS_DRIVEN_FORECAST,foundry-field,2027
BIZ_AP,liability,2026-09-09T00:00:00Z,NONCASH_OR_OPENING,0.0000,1800.0000,Scheduled vendor cash request; treasury shortfalls separately reported,SHI,CONDITIONAL_FORECAST,BIZ-base-0001132,7,7,2027-07-31,base,FOUNDRY_FIELD,1800.0000,base-07-PAYMENT_REQUEST-AP-base-6-HOSTING-FF-020,BUSINESS_DRIVEN_FORECAST,foundry-field,2027
1000,asset,2026-09-09T00:00:00Z,OPERATING,1800.0000,0.0000,Scheduled vendor cash request; treasury shortfalls separately reported,SHI,CONDITIONAL_FORECAST,BIZ-base-0001132,7,7,2027-07-31,base,FOUNDRY_FIELD,-1800.0000,base-07-PAYMENT_REQUEST-AP-base-6-HOSTING-FF-020,BUSINESS_DRIVEN_FORECAST,foundry-field,2027
BIZ_AP,liability,2026-09-09T00:00:00Z,NONCASH_OR_OPENING,0.0000,2400.0000,Scheduled vendor cash request; treasury shortfalls separately reported,SHI,CONDITIONAL_FORECAST,BIZ-base-0001133,7,7,2027-07-31,base,FOUNDRY_FIELD,2400.0000,base-07-PAYMENT_REQUEST-AP-base-6-HOSTING-FF-021,BUSINESS_DRIVEN_FORECAST,foundry-field,2027
1000,asset,2026-09-09T00:00:00Z,OPERATING,2400.0000,0.0000,Scheduled vendor cash request; treasury shortfalls separately reported,SHI,CONDITIONAL_FORECAST,BIZ-base-0001133,7,7,2027-07-31,base,FOUNDRY_FIELD,-2400.0000,base-07-PAYMENT_REQUEST-AP-base-6-HOSTING-FF-021,BUSINESS_DRIVEN_FORECAST,foundry-field,2027
BIZ_AP,liability,2026-09-09T00:00:00Z,NONCASH_OR_OPENING,0.0000,3000.0000,Scheduled vendor cash request; treasury shortfalls separately reported,SHI,CONDITIONAL_FORECAST,BIZ-base-0001134,7,7,2027-07-31,base,FOUNDRY_FIELD,3000.0000,base-07-PAYMENT_REQUEST-AP-base-6-HOSTING-FF-022,BUSINESS_DRIVEN_FORECAST,foundry-field,2027
1000,asset,2026-09-09T00:00:00Z,OPERATING,3000.0000,0.0000,Scheduled vendor cash request; treasury shortfalls separately reported,SHI,CONDITIONAL_FORECAST,BIZ-base-0001134,7,7,2027-07-31,base,FOUNDRY_FIELD,-3000.0000,base-07-PAYMENT_REQUEST-AP-base-6-HOSTING-FF-022,BUSINESS_DRIVEN_FORECAST,foundry-field,2027
BIZ_AP,liability,2026-09-09T00:00:00Z,NONCASH_OR_OPENING,0.0000,3600.0000,Scheduled vendor cash request; treasury shortfalls separately reported,SHI,CONDITIONAL_FORECAST,BIZ-base-0001135,7,7,2027-07-31,base,FOUNDRY_FIELD,3600.0000,base-07-PAYMENT_REQUEST-AP-base-6-HOSTING-FF-023,BUSINESS_DRIVEN_FORECAST,foundry-field,2027
1000,asset,2026-09-09T00:00:00Z,OPERATING,3600.0000,0.0000,Scheduled vendor cash request; treasury shortfalls separately reported,SHI,CONDITIONAL_FORECAST,BIZ-base-0001135,7,7,2027-07-31,base,FOUNDRY_FIELD,-3600.0000,base-07-PAYMENT_REQUEST-AP-base-6-HOSTING-FF-023,BUSINESS_DRIVEN_FORECAST,foundry-field,2027
BIZ_AP,liability,2026-09-09T00:00:00Z,NONCASH_OR_OPENING,0.0000,1800.0000,Scheduled vendor cash request; treasury shortfalls separately reported,SHI,CONDITIONAL_FORECAST,BIZ-base-0001136,7,7,2027-07-31,base,FOUNDRY_FIELD,1800.0000,base-07-PAYMENT_REQUEST-AP-base-6-HOSTING-FF-024,BUSINESS_DRIVEN_FORECAST,foundry-field,2027
1000,asset,2026-09-09T00:00:00Z,OPERATING,1800.0000,0.0000,Scheduled vendor cash request; treasury shortfalls separately reported,SHI,CONDITIONAL_FORECAST,BIZ-base-0001136,7,7,2027-07-31,base,FOUNDRY_FIELD,-1800.0000,base-07-PAYMENT_REQUEST-AP-base-6-HOSTING-FF-024,BUSINESS_DRIVEN_FORECAST,foundry-field,2027
BIZ_AP,liability,2026-09-09T00:00:00Z,NONCASH_OR_OPENING,0.0000,2400.0000,Scheduled vendor cash request; treasury shortfalls separately reported,SHI,CONDITIONAL_FORECAST,BIZ-base-0001137,7,7,2027-07-31,base,FOUNDRY_FIELD,2400.0000,base-07-PAYMENT_REQUEST-AP-base-6-HOSTING-FF-025,BUSINESS_DRIVEN_FORECAST,foundry-field,2027
1000,asset,2026-09-09T00:00:00Z,OPERATING,2400.0000,0.0000,Scheduled vendor cash request; treasury shortfalls separately reported,SHI,CONDITIONAL_FORECAST,BIZ-base-0001137,7,7,2027-07-31,base,FOUNDRY_FIELD,-2400.0000,base-07-PAYMENT_REQUEST-AP-base-6-HOSTING-FF-025,BUSINESS_DRIVEN_FORECAST,foundry-field,2027
BIZ_AP,liability,2026-09-09T00:00:00Z,NONCASH_OR_OPENING,0.0000,3000.0000,Scheduled vendor cash request; treasury shortfalls separately reported,SHI,CONDITIONAL_FORECAST,BIZ-base-0001138,7,7,2027-07-31,base,FOUNDRY_FIELD,3000.0000,base-07-PAYMENT_REQUEST-AP-base-6-HOSTING-FF-026,BUSINESS_DRIVEN_FORECAST,foundry-field,2027
1000,asset,2026-09-09T00:00:00Z,OPERATING,3000.0000,0.0000,Scheduled vendor cash request; treasury shortfalls separately reported,SHI,CONDITIONAL_FORECAST,BIZ-base-0001138,7,7,2027-07-31,base,FOUNDRY_FIELD,-3000.0000,base-07-PAYMENT_REQUEST-AP-base-6-HOSTING-FF-026,BUSINESS_DRIVEN_FORECAST,foundry-field,2027
BIZ_AP,liability,2026-09-09T00:00:00Z,NONCASH_OR_OPENING,0.0000,3600.0000,Scheduled vendor cash request; treasury shortfalls separately reported,SHI,CONDITIONAL_FORECAST,BIZ-base-0001139,7,7,2027-07-31,base,FOUNDRY_FIELD,3600.0000,base-07-PAYMENT_REQUEST-AP-base-6-HOSTING-FF-027,BUSINESS_DRIVEN_FORECAST,foundry-field,2027
1000,asset,2026-09-09T00:00:00Z,OPERATING,3600.0000,0.0000,Scheduled vendor cash request; treasury shortfalls separately reported,SHI,CONDITIONAL_FORECAST,BIZ-base-0001139,7,7,2027-07-31,base,FOUNDRY_FIELD,-3600.0000,base-07-PAYMENT_REQUEST-AP-base-6-HOSTING-FF-027,BUSINESS_DRIVEN_FORECAST,foundry-field,2027
BIZ_AP,liability,2026-09-09T00:00:00Z,NONCASH_OR_OPENING,0.0000,1800.0000,Scheduled vendor cash request; treasury shortfalls separately reported,SHI,CONDITIONAL_FORECAST,BIZ-base-0001140,7,7,2027-07-31,base,FOUNDRY_FIELD,1800.0000,base-07-PAYMENT_REQUEST-AP-base-6-HOSTING-FF-028,BUSINESS_DRIVEN_FORECAST,foundry-field,2027
1000,asset,2026-09-09T00:00:00Z,OPERATING,1800.0000,0.0000,Scheduled vendor cash request; treasury shortfalls separately reported,SHI,CONDITIONAL_FORECAST,BIZ-base-0001140,7,7,2027-07-31,base,FOUNDRY_FIELD,-1800.0000,base-07-PAYMENT_REQUEST-AP-base-6-HOSTING-FF-028,BUSINESS_DRIVEN_FORECAST,foundry-field,2027
BIZ_AP,liability,2026-09-09T00:00:00Z,NONCASH_OR_OPENING,0.0000,2400.0000,Scheduled vendor cash request; treasury shortfalls separately reported,SHI,CONDITIONAL_FORECAST,BIZ-base-0001141,7,7,2027-07-31,base,FOUNDRY_FIELD,2400.0000,base-07-PAYMENT_REQUEST-AP-base-6-HOSTING-FF-029,BUSINESS_DRIVEN_FORECAST,foundry-field,2027
1000,asset,2026-09-09T00:00:00Z,OPERATING,2400.0000,0.0000,Scheduled vendor cash request; treasury shortfalls separately reported,SHI,CONDITIONAL_FORECAST,BIZ-base-0001141,7,7,2027-07-31,base,FOUNDRY_FIELD,-2400.0000,base-07-PAYMENT_REQUEST-AP-base-6-HOSTING-FF-029,BUSINESS_DRIVEN_FORECAST,foundry-field,2027
BIZ_AP,liability,2026-09-09T00:00:00Z,NONCASH_OR_OPENING,0.0000,3000.0000,Scheduled vendor cash request; treasury shortfalls separately reported,SHI,CONDITIONAL_FORECAST,BIZ-base-0001142,7,7,2027-07-31,base,FOUNDRY_FIELD,3000.0000,base-07-PAYMENT_REQUEST-AP-base-6-HOSTING-FF-030,BUSINESS_DRIVEN_FORECAST,foundry-field,2027
1000,asset,2026-09-09T00:00:00Z,OPERATING,3000.0000,0.0000,Scheduled vendor cash request; treasury shortfalls separately reported,SHI,CONDITIONAL_FORECAST,BIZ-base-0001142,7,7,2027-07-31,base,FOUNDRY_FIELD,-3000.0000,base-07-PAYMENT_REQUEST-AP-base-6-HOSTING-FF-030,BUSINESS_DRIVEN_FORECAST,foundry-field,2027
BIZ_AP,liability,2026-09-09T00:00:00Z,NONCASH_OR_OPENING,0.0000,3600.0000,Scheduled vendor cash request; treasury shortfalls separately reported,SHI,CONDITIONAL_FORECAST,BIZ-base-0001143,7,7,2027-07-31,base,FOUNDRY_FIELD,3600.0000,base-07-PAYMENT_REQUEST-AP-base-6-HOSTING-FF-031,BUSINESS_DRIVEN_FORECAST,foundry-field,2027
1000,asset,2026-09-09T00:00:00Z,OPERATING,3600.0000,0.0000,Scheduled vendor cash request; treasury shortfalls separately reported,SHI,CONDITIONAL_FORECAST,BIZ-base-0001143,7,7,2027-07-31,base,FOUNDRY_FIELD,-3600.0000,base-07-PAYMENT_REQUEST-AP-base-6-HOSTING-FF-031,BUSINESS_DRIVEN_FORECAST,foundry-field,2027
BIZ_AP,liability,2026-09-09T00:00:00Z,NONCASH_OR_OPENING,0.0000,1800.0000,Scheduled vendor cash request; treasury shortfalls separately reported,SHI,CONDITIONAL_FORECAST,BIZ-base-0001144,7,7,2027-07-31,base,FOUNDRY_FIELD,1800.0000,base-07-PAYMENT_REQUEST-AP-base-6-HOSTING-FF-032,BUSINESS_DRIVEN_FORECAST,foundry-field,2027
1000,asset,2026-09-09T00:00:00Z,OPERATING,1800.0000,0.0000,Scheduled vendor cash request; treasury shortfalls separately reported,SHI,CONDITIONAL_FORECAST,BIZ-base-0001144,7,7,2027-07-31,base,FOUNDRY_FIELD,-1800.0000,base-07-PAYMENT_REQUEST-AP-base-6-HOSTING-FF-032,BUSINESS_DRIVEN_FORECAST,foundry-field,2027
BIZ_AP,liability,2026-09-09T00:00:00Z,NONCASH_OR_OPENING,0.0000,2400.0000,Scheduled vendor cash request; treasury shortfalls separately reported,SHI,CONDITIONAL_FORECAST,BIZ-base-0001145,7,7,2027-07-31,base,FOUNDRY_FIELD,2400.0000,base-07-PAYMENT_REQUEST-AP-base-6-HOSTING-FF-033,BUSINESS_DRIVEN_FORECAST,foundry-field,2027
1000,asset,2026-09-09T00:00:00Z,OPERATING,2400.0000,0.0000,Scheduled vendor cash request; treasury shortfalls separately reported,SHI,CONDITIONAL_FORECAST,BIZ-base-0001145,7,7,2027-07-31,base,FOUNDRY_FIELD,-2400.0000,base-07-PAYMENT_REQUEST-AP-base-6-HOSTING-FF-033,BUSINESS_DRIVEN_FORECAST,foundry-field,2027
BIZ_AP,liability,2026-09-09T00:00:00Z,NONCASH_OR_OPENING,0.0000,3000.0000,Scheduled vendor cash request; treasury shortfalls separately reported,SHI,CONDITIONAL_FORECAST,BIZ-base-0001146,7,7,2027-07-31,base,FOUNDRY_FIELD,3000.0000,base-07-PAYMENT_REQUEST-AP-base-6-HOSTING-FF-034,BUSINESS_DRIVEN_FORECAST,foundry-field,2027
1000,asset,2026-09-09T00:00:00Z,OPERATING,3000.0000,0.0000,Scheduled vendor cash request; treasury shortfalls separately reported,SHI,CONDITIONAL_FORECAST,BIZ-base-0001146,7,7,2027-07-31,base,FOUNDRY_FIELD,-3000.0000,base-07-PAYMENT_REQUEST-AP-base-6-HOSTING-FF-034,BUSINESS_DRIVEN_FORECAST,foundry-field,2027
BIZ_AP,liability,2026-09-09T00:00:00Z,NONCASH_OR_OPENING,0.0000,3600.0000,Scheduled vendor cash request; treasury shortfalls separately reported,SHI,CONDITIONAL_FORECAST,BIZ-base-0001147,7,7,2027-07-31,base,FOUNDRY_FIELD,3600.0000,base-07-PAYMENT_REQUEST-AP-base-6-HOSTING-FF-035,BUSINESS_DRIVEN_FORECAST,foundry-field,2027
1000,asset,2026-09-09T00:00:00Z,OPERATING,3600.0000,0.0000,Scheduled vendor cash request; treasury shortfalls separately reported,SHI,CONDITIONAL_FORECAST,BIZ-base-0001147,7,7,2027-07-31,base,FOUNDRY_FIELD,-3600.0000,base-07-PAYMENT_REQUEST-AP-base-6-HOSTING-FF-035,BUSINESS_DRIVEN_FORECAST,foundry-field,2027
BIZ_AP,liability,2026-09-09T00:00:00Z,NONCASH_OR_OPENING,0.0000,1800.0000,Scheduled vendor cash request; treasury shortfalls separately reported,SHI,CONDITIONAL_FORECAST,BIZ-base-0001148,7,7,2027-07-31,base,FOUNDRY_FIELD,1800.0000,base-07-PAYMENT_REQUEST-AP-base-6-HOSTING-FF-036,BUSINESS_DRIVEN_FORECAST,foundry-field,2027
1000,asset,2026-09-09T00:00:00Z,OPERATING,1800.0000,0.0000,Scheduled vendor cash request; treasury shortfalls separately reported,SHI,CONDITIONAL_FORECAST,BIZ-base-0001148,7,7,2027-07-31,base,FOUNDRY_FIELD,-1800.0000,base-07-PAYMENT_REQUEST-AP-base-6-HOSTING-FF-036,BUSINESS_DRIVEN_FORECAST,foundry-field,2027
BIZ_PAYROLL,expense,2026-09-09T00:00:00Z,NONCASH_OR_OPENING,0.0000,1945416.6613,Effective-dated occupied-position payroll; conditional treasury settlement,SHI,CONDITIONAL_FORECAST,BIZ-base-0001172,7,7,2027-07-31,base,FOUNDRY_FIELD,1945416.6613,base-07-PAYROLL_REQUEST-foundry-field,BUSINESS_DRIVEN_FORECAST,foundry-field,2027
1000,asset,2026-09-09T00:00:00Z,OPERATING,1945416.6613,0.0000,Effective-dated occupied-position payroll; conditional treasury settlement,SHI,CONDITIONAL_FORECAST,BIZ-base-0001172,7,7,2027-07-31,base,FOUNDRY_FIELD,-1945416.6613,base-07-PAYROLL_REQUEST-foundry-field,BUSINESS_DRIVEN_FORECAST,foundry-field,2027
BIZ_DEFERRED,liability,2026-09-09T00:00:00Z,NONCASH_OR_OPENING,0.0000,125000.0000,Monthly service under effective contract version,SHI,CONDITIONAL_FORECAST,BIZ-base-0001179,7,7,2027-07-31,base,FOUNDRY_FIELD,125000.0000,base-07-SUBSCRIPTION_SERVICE-FF-001,BUSINESS_DRIVEN_FORECAST,foundry-field,2027
BIZ_REVENUE,revenue,2026-09-09T00:00:00Z,NONCASH_OR_OPENING,125000.0000,0.0000,Monthly service under effective contract version,SHI,CONDITIONAL_FORECAST,BIZ-base-0001179,7,7,2027-07-31,base,FOUNDRY_FIELD,-125000.0000,base-07-SUBSCRIPTION_SERVICE-FF-001,BUSINESS_DRIVEN_FORECAST,foundry-field,2027
BIZ_DELIVERY,expense,2026-09-09T00:00:00Z,NONCASH_OR_OPENING,0.0000,2400.0000,Source-driven vendor cost,SHI,CONDITIONAL_FORECAST,BIZ-base-0001180,7,7,2027-07-31,base,FOUNDRY_FIELD,2400.0000,base-07-COST-HOSTING-FF-001,BUSINESS_DRIVEN_FORECAST,foundry-field,2027
BIZ_AP,liability,2026-09-09T00:00:00Z,NONCASH_OR_OPENING,2400.0000,0.0000,Source-driven vendor cost,SHI,CONDITIONAL_FORECAST,BIZ-base-0001180,7,7,2027-07-31,base,FOUNDRY_FIELD,-2400.0000,base-07-COST-HOSTING-FF-001,BUSINESS_DRIVEN_FORECAST,foundry-field,2027
BIZ_AR,asset,2026-09-09T00:00:00Z,NONCASH_OR_OPENING,0.0000,30000.0000,Annual subscription billing,SHI,CONDITIONAL_FORECAST,BIZ-base-0001181,7,7,2027-07-31,base,FOUNDRY_FIELD,30000.0000,base-07-INVOICE-INV-base-FF-002-SYN-AMEND-002,BUSINESS_DRIVEN_FORECAST,foundry-field,2027
BIZ_DEFERRED,liability,2026-09-09T00:00:00Z,NONCASH_OR_OPENING,30000.0000,0.0000,Annual subscription billing,SHI,CONDITIONAL_FORECAST,BIZ-base-0001181,7,7,2027-07-31,base,FOUNDRY_FIELD,-30000.0000,base-07-INVOICE-INV-base-FF-002-SYN-AMEND-002,BUSINESS_DRIVEN_FORECAST,foundry-field,2027
BIZ_DEFERRED,liability,2026-09-09T00:00:00Z,NONCASH_OR_OPENING,0.0000,135000.0000,Monthly service under effective contract version,SHI,CONDITIONAL_FORECAST,BIZ-base-0001182,7,7,2027-07-31,base,FOUNDRY_FIELD,135000.0000,base-07-SUBSCRIPTION_SERVICE-FF-002,BUSINESS_DRIVEN_FORECAST,foundry-field,2027
BIZ_REVENUE,revenue,2026-09-09T00:00:00Z,NONCASH_OR_OPENING,135000.0000,0.0000,Monthly service under effective contract version,SHI,CONDITIONAL_FORECAST,BIZ-base-0001182,7,7,2027-07-31,base,FOUNDRY_FIELD,-135000.0000,base-07-SUBSCRIPTION_SERVICE-FF-002,BUSINESS_DRIVEN_FORECAST,foundry-field,2027
BIZ_DELIVERY,expense,2026-09-09T00:00:00Z,NONCASH_OR_OPENING,0.0000,3000.0000,Source-driven vendor cost,SHI,CONDITIONAL_FORECAST,BIZ-base-0001183,7,7,2027-07-31,base,FOUNDRY_FIELD,3000.0000,base-07-COST-HOSTING-FF-002,BUSINESS_DRIVEN_FORECAST,foundry-field,2027
BIZ_AP,liability,2026-09-09T00:00:00Z,NONCASH_OR_OPENING,3000.0000,0.0000,Source-driven vendor cost,SHI,CONDITIONAL_FORECAST,BIZ-base-0001183,7,7,2027-07-31,base,FOUNDRY_FIELD,-3000.0000,base-07-COST-HOSTING-FF-002,BUSINESS_DRIVEN_FORECAST,foundry-field,2027
BIZ_DEFERRED,liability,2026-09-09T00:00:00Z,NONCASH_OR_OPENING,0.0000,145000.0000,Monthly service under effective contract version,SHI,CONDITIONAL_FORECAST,BIZ-base-0001184,7,7,2027-07-31,base,FOUNDRY_FIELD,145000.0000,base-07-SUBSCRIPTION_SERVICE-FF-003,BUSINESS_DRIVEN_FORECAST,foundry-field,2027
BIZ_REVENUE,revenue,2026-09-09T00:00:00Z,NONCASH_OR_OPENING,145000.0000,0.0000,Monthly service under effective contract version,SHI,CONDITIONAL_FORECAST,BIZ-base-0001184,7,7,2027-07-31,base,FOUNDRY_FIELD,-145000.0000,base-07-SUBSCRIPTION_SERVICE-FF-003,BUSINESS_DRIVEN_FORECAST,foundry-field,2027
BIZ_DELIVERY,expense,2026-09-09T00:00:00Z,NONCASH_OR_OPENING,0.0000,3600.0000,Source-driven vendor cost,SHI,CONDITIONAL_FORECAST,BIZ-base-0001185,7,7,2027-07-31,base,FOUNDRY_FIELD,3600.0000,base-07-COST-HOSTING-FF-003,BUSINESS_DRIVEN_FORECAST,foundry-field,2027
BIZ_AP,liability,2026-09-09T00:00:00Z,NONCASH_OR_OPENING,3600.0000,0.0000,Source-driven vendor cost,SHI,CONDITIONAL_FORECAST,BIZ-base-0001185,7,7,2027-07-31,base,FOUNDRY_FIELD,-3600.0000,base-07-COST-HOSTING-FF-003,BUSINESS_DRIVEN_FORECAST,foundry-field,2027
BIZ_REVENUE,revenue,2026-09-09T00:00:00Z,NONCASH_OR_OPENING,0.0000,14500.0000,"Credit reduces open claim, then written-off claim, then cash-backed refund",SHI,CONDITIONAL_FORECAST,BIZ-base-0001186,7,7,2027-07-31,base,FOUNDRY_FIELD,14500.0000,base-07-CREDIT_NOTE-SYN-INC-FF-003-INV-base-FF-003-TERM-0,BUSINESS_DRIVEN_FORECAST,foundry-field,2027
BIZ_CREDIT_LOSS,expense,2026-09-09T00:00:00Z,NONCASH_OR_OPENING,14500.0000,0.0000,"Credit reduces open claim, then written-off claim, then cash-backed refund",SHI,CONDITIONAL_FORECAST,BIZ-base-0001186,7,7,2027-07-31,base,FOUNDRY_FIELD,-14500.0000,base-07-CREDIT_NOTE-SYN-INC-FF-003-INV-base-FF-003-TERM-0,BUSINESS_DRIVEN_FORECAST,foundry-field,2027
BIZ_DEFERRED,liability,2026-09-09T00:00:00Z,NONCASH_OR_OPENING,0.0000,160000.0000,Monthly service under effective contract version,SHI,CONDITIONAL_FORECAST,BIZ-base-0001187,7,7,2027-07-31,base,FOUNDRY_FIELD,160000.0000,base-07-SUBSCRIPTION_SERVICE-FF-004,BUSINESS_DRIVEN_FORECAST,foundry-field,2027
BIZ_REVENUE,revenue,2026-09-09T00:00:00Z,NONCASH_OR_OPENING,160000.0000,0.0000,Monthly service under effective contract version,SHI,CONDITIONAL_FORECAST,BIZ-base-0001187,7,7,2027-07-31,base,FOUNDRY_FIELD,-160000.0000,base-07-SUBSCRIPTION_SERVICE-FF-004,BUSINESS_DRIVEN_FORECAST,foundry-field,2027
BIZ_DELIVERY,expense,2026-09-09T00:00:00Z,NONCASH_OR_OPENING,0.0000,1800.0000,Source-driven vendor cost,SHI,CONDITIONAL_FORECAST,BIZ-base-0001188,7,7,2027-07-31,base,FOUNDRY_FIELD,1800.0000,base-07-COST-HOSTING-FF-004,BUSINESS_DRIVEN_FORECAST,foundry-field,2027
BIZ_AP,liability,2026-09-09T00:00:00Z,NONCASH_OR_OPENING,1800.0000,0.0000,Source-driven vendor cost,SHI,CONDITIONAL_FORECAST,BIZ-base-0001188,7,7,2027-07-31,base,FOUNDRY_FIELD,-1800.0000,base-07-COST-HOSTING-FF-004,BUSINESS_DRIVEN_FORECAST,foundry-field,2027
BIZ_DEFERRED,liability,2026-09-09T00:00:00Z,NONCASH_OR_OPENING,0.0000,100000.0000,Monthly service under effective contract version,SHI,CONDITIONAL_FORECAST,BIZ-base-0001189,7,7,2027-07-31,base,FOUNDRY_FIELD,100000.0000,base-07-SUBSCRIPTION_SERVICE-FF-005,BUSINESS_DRIVEN_FORECAST,foundry-field,2027
BIZ_REVENUE,revenue,2026-09-09T00:00:00Z,NONCASH_OR_OPENING,100000.0000,0.0000,Monthly service under effective contract version,SHI,CONDITIONAL_FORECAST,BIZ-base-0001189,7,7,2027-07-31,base,FOUNDRY_FIELD,-100000.0000,base-07-SUBSCRIPTION_SERVICE-FF-005,BUSINESS_DRIVEN_FORECAST,foundry-field,2027
BIZ_DELIVERY,expense,2026-09-09T00:00:00Z,NONCASH_OR_OPENING,0.0000,2400.0000,Source-driven vendor cost,SHI,CONDITIONAL_FORECAST,BIZ-base-0001190,7,7,2027-07-31,base,FOUNDRY_FIELD,2400.0000,base-07-COST-HOSTING-FF-005,BUSINESS_DRIVEN_FORECAST,foundry-field,2027
BIZ_AP,liability,2026-09-09T00:00:00Z,NONCASH_OR_OPENING,2400.0000,0.0000,Source-driven vendor cost,SHI,CONDITIONAL_FORECAST,BIZ-base-0001190,7,7,2027-07-31,base,FOUNDRY_FIELD,-2400.0000,base-07-COST-HOSTING-FF-005,BUSINESS_DRIVEN_FORECAST,foundry-field,2027
BIZ_DEFERRED,liability,2026-09-09T00:00:00Z,NONCASH_OR_OPENING,0.0000,115000.0000,Monthly service under effective contract version,SHI,CONDITIONAL_FORECAST,BIZ-base-0001191,7,7,2027-07-31,base,FOUNDRY_FIELD,115000.0000,base-07-SUBSCRIPTION_SERVICE-FF-006,BUSINESS_DRIVEN_FORECAST,foundry-field,2027
BIZ_REVENUE,revenue,2026-09-09T00:00:00Z,NONCASH_OR_OPENING,115000.0000,0.0000,Monthly service under effective contract version,SHI,CONDITIONAL_FORECAST,BIZ-base-0001191,7,7,2027-07-31,base,FOUNDRY_FIELD,-115000.0000,base-07-SUBSCRIPTION_SERVICE-FF-006,BUSINESS_DRIVEN_FORECAST,foundry-field,2027
BIZ_DELIVERY,expense,2026-09-09T00:00:00Z,NONCASH_OR_OPENING,0.0000,3000.0000,Source-driven vendor cost,SHI,CONDITIONAL_FORECAST,BIZ-base-0001192,7,7,2027-07-31,base,FOUNDRY_FIELD,3000.0000,base-07-COST-HOSTING-FF-006,BUSINESS_DRIVEN_FORECAST,foundry-field,2027
BIZ_AP,liability,2026-09-09T00:00:00Z,NONCASH_OR_OPENING,3000.0000,0.0000,Source-driven vendor cost,SHI,CONDITIONAL_FORECAST,BIZ-base-0001192,7,7,2027-07-31,base,FOUNDRY_FIELD,-3000.0000,base-07-COST-HOSTING-FF-006,BUSINESS_DRIVEN_FORECAST,foundry-field,2027
BIZ_DEFERRED,liability,2026-09-09T00:00:00Z,NONCASH_OR_OPENING,0.0000,130000.0000,Monthly service under effective contract version,SHI,CONDITIONAL_FORECAST,BIZ-base-0001193,7,7,2027-07-31,base,FOUNDRY_FIELD,130000.0000,base-07-SUBSCRIPTION_SERVICE-FF-007,BUSINESS_DRIVEN_FORECAST,foundry-field,2027
BIZ_REVENUE,revenue,2026-09-09T00:00:00Z,NONCASH_OR_OPENING,130000.0000,0.0000,Monthly service under effective contract version,SHI,CONDITIONAL_FORECAST,BIZ-base-0001193,7,7,2027-07-31,base,FOUNDRY_FIELD,-130000.0000,base-07-SUBSCRIPTION_SERVICE-FF-007,BUSINESS_DRIVEN_FORECAST,foundry-field,2027
BIZ_DELIVERY,expense,2026-09-09T00:00:00Z,NONCASH_OR_OPENING,0.0000,3600.0000,Source-driven vendor cost,SHI,CONDITIONAL_FORECAST,BIZ-base-0001194,7,7,2027-07-31,base,FOUNDRY_FIELD,3600.0000,base-07-COST-HOSTING-FF-007,BUSINESS_DRIVEN_FORECAST,foundry-field,2027
BIZ_AP,liability,2026-09-09T00:00:00Z,NONCASH_OR_OPENING,3600.0000,0.0000,Source-driven vendor cost,SHI,CONDITIONAL_FORECAST,BIZ-base-0001194,7,7,2027-07-31,base,FOUNDRY_FIELD,-3600.0000,base-07-COST-HOSTING-FF-007,BUSINESS_DRIVEN_FORECAST,foundry-field,2027
BIZ_DEFERRED,liability,2026-09-09T00:00:00Z,NONCASH_OR_OPENING,0.0000,145000.0000,Monthly service under effective contract version,SHI,CONDITIONAL_FORECAST,BIZ-base-0001195,7,7,2027-07-31,base,FOUNDRY_FIELD,145000.0000,base-07-SUBSCRIPTION_SERVICE-FF-008,BUSINESS_DRIVEN_FORECAST,foundry-field,2027
BIZ_REVENUE,revenue,2026-09-09T00:00:00Z,NONCASH_OR_OPENING,145000.0000,0.0000,Monthly service under effective contract version,SHI,CONDITIONAL_FORECAST,BIZ-base-0001195,7,7,2027-07-31,base,FOUNDRY_FIELD,-145000.0000,base-07-SUBSCRIPTION_SERVICE-FF-008,BUSINESS_DRIVEN_FORECAST,foundry-field,2027
BIZ_DELIVERY,expense,2026-09-09T00:00:00Z,NONCASH_OR_OPENING,0.0000,1800.0000,Source-driven vendor cost,SHI,CONDITIONAL_FORECAST,BIZ-base-0001196,7,7,2027-07-31,base,FOUNDRY_FIELD,1800.0000,base-07-COST-HOSTING-FF-008,BUSINESS_DRIVEN_FORECAST,foundry-field,2027
BIZ_AP,liability,2026-09-09T00:00:00Z,NONCASH_OR_OPENING,1800.0000,0.0000,Source-driven vendor cost,SHI,CONDITIONAL_FORECAST,BIZ-base-0001196,7,7,2027-07-31,base,FOUNDRY_FIELD,-1800.0000,base-07-COST-HOSTING-FF-008,BUSINESS_DRIVEN_FORECAST,foundry-field,2027
BIZ_DEFERRED,liability,2026-09-09T00:00:00Z,NONCASH_OR_OPENING,0.0000,160000.0000,Monthly service under effective contract version,SHI,CONDITIONAL_FORECAST,BIZ-base-0001197,7,7,2027-07-31,base,FOUNDRY_FIELD,160000.0000,base-07-SUBSCRIPTION_SERVICE-FF-009,BUSINESS_DRIVEN_FORECAST,foundry-field,2027
BIZ_REVENUE,revenue,2026-09-09T00:00:00Z,NONCASH_OR_OPENING,160000.0000,0.0000,Monthly service under effective contract version,SHI,CONDITIONAL_FORECAST,BIZ-base-0001197,7,7,2027-07-31,base,FOUNDRY_FIELD,-160000.0000,base-07-SUBSCRIPTION_SERVICE-FF-009,BUSINESS_DRIVEN_FORECAST,foundry-field,2027
BIZ_DELIVERY,expense,2026-09-09T00:00:00Z,NONCASH_OR_OPENING,0.0000,2400.0000,Source-driven vendor cost,SHI,CONDITIONAL_FORECAST,BIZ-base-0001198,7,7,2027-07-31,base,FOUNDRY_FIELD,2400.0000,base-07-COST-HOSTING-FF-009,BUSINESS_DRIVEN_FORECAST,foundry-field,2027
BIZ_AP,liability,2026-09-09T00:00:00Z,NONCASH_OR_OPENING,2400.0000,0.0000,Source-driven vendor cost,SHI,CONDITIONAL_FORECAST,BIZ-base-0001198,7,7,2027-07-31,base,FOUNDRY_FIELD,-2400.0000,base-07-COST-HOSTING-FF-009,BUSINESS_DRIVEN_FORECAST,foundry-field,2027
BIZ_DEFERRED,liability,2026-09-09T00:00:00Z,NONCASH_OR_OPENING,0.0000,100000.0000,Monthly service under effective contract version,SHI,CONDITIONAL_FORECAST,BIZ-base-0001199,7,7,2027-07-31,base,FOUNDRY_FIELD,100000.0000,base-07-SUBSCRIPTION_SERVICE-FF-010,BUSINESS_DRIVEN_FORECAST,foundry-field,2027
BIZ_REVENUE,revenue,2026-09-09T00:00:00Z,NONCASH_OR_OPENING,100000.0000,0.0000,Monthly service under effective contract version,SHI,CONDITIONAL_FORECAST,BIZ-base-0001199,7,7,2027-07-31,base,FOUNDRY_FIELD,-100000.0000,base-07-SUBSCRIPTION_SERVICE-FF-010,BUSINESS_DRIVEN_FORECAST,foundry-field,2027
BIZ_DELIVERY,expense,2026-09-09T00:00:00Z,NONCASH_OR_OPENING,0.0000,3000.0000,Source-driven vendor cost,SHI,CONDITIONAL_FORECAST,BIZ-base-0001200,7,7,2027-07-31,base,FOUNDRY_FIELD,3000.0000,base-07-COST-HOSTING-FF-010,BUSINESS_DRIVEN_FORECAST,foundry-field,2027
BIZ_AP,liability,2026-09-09T00:00:00Z,NONCASH_OR_OPENING,3000.0000,0.0000,Source-driven vendor cost,SHI,CONDITIONAL_FORECAST,BIZ-base-0001200,7,7,2027-07-31,base,FOUNDRY_FIELD,-3000.0000,base-07-COST-HOSTING-FF-010,BUSINESS_DRIVEN_FORECAST,foundry-field,2027
BIZ_DEFERRED,liability,2026-09-09T00:00:00Z,NONCASH_OR_OPENING,0.0000,115000.0000,Monthly service under effective contract version,SHI,CONDITIONAL_FORECAST,BIZ-base-0001201,7,7,2027-07-31,base,FOUNDRY_FIELD,115000.0000,base-07-SUBSCRIPTION_SERVICE-FF-011,BUSINESS_DRIVEN_FORECAST,foundry-field,2027
BIZ_REVENUE,revenue,2026-09-09T00:00:00Z,NONCASH_OR_OPENING,115000.0000,0.0000,Monthly service under effective contract version,SHI,CONDITIONAL_FORECAST,BIZ-base-0001201,7,7,2027-07-31,base,FOUNDRY_FIELD,-115000.0000,base-07-SUBSCRIPTION_SERVICE-FF-011,BUSINESS_DRIVEN_FORECAST,foundry-field,2027
BIZ_DELIVERY,expense,2026-09-09T00:00:00Z,NONCASH_OR_OPENING,0.0000,3600.0000,Source-driven vendor cost,SHI,CONDITIONAL_FORECAST,BIZ-base-0001202,7,7,2027-07-31,base,FOUNDRY_FIELD,3600.0000,base-07-COST-HOSTING-FF-011,BUSINESS_DRIVEN_FORECAST,foundry-field,2027
BIZ_AP,liability,2026-09-09T00:00:00Z,NONCASH_OR_OPENING,3600.0000,0.0000,Source-driven vendor cost,SHI,CONDITIONAL_FORECAST,BIZ-base-0001202,7,7,2027-07-31,base,FOUNDRY_FIELD,-3600.0000,base-07-COST-HOSTING-FF-011,BUSINESS_DRIVEN_FORECAST,foundry-field,2027
BIZ_DEFERRED,liability,2026-09-09T00:00:00Z,NONCASH_OR_OPENING,0.0000,130000.0000,Monthly service under effective contract version,SHI,CONDITIONAL_FORECAST,BIZ-base-0001203,7,7,2027-07-31,base,FOUNDRY_FIELD,130000.0000,base-07-SUBSCRIPTION_SERVICE-FF-012,BUSINESS_DRIVEN_FORECAST,foundry-field,2027
BIZ_REVENUE,revenue,2026-09-09T00:00:00Z,NONCASH_OR_OPENING,130000.0000,0.0000,Monthly service under effective contract version,SHI,CONDITIONAL_FORECAST,BIZ-base-0001203,7,7,2027-07-31,base,FOUNDRY_FIELD,-130000.0000,base-07-SUBSCRIPTION_SERVICE-FF-012,BUSINESS_DRIVEN_FORECAST,foundry-field,2027
BIZ_DELIVERY,expense,2026-09-09T00:00:00Z,NONCASH_OR_OPENING,0.0000,1800.0000,Source-driven vendor cost,SHI,CONDITIONAL_FORECAST,BIZ-base-0001204,7,7,2027-07-31,base,FOUNDRY_FIELD,1800.0000,base-07-COST-HOSTING-FF-012,BUSINESS_DRIVEN_FORECAST,foundry-field,2027
BIZ_AP,liability,2026-09-09T00:00:00Z,NONCASH_OR_OPENING,1800.0000,0.0000,Source-driven vendor cost,SHI,CONDITIONAL_FORECAST,BIZ-base-0001204,7,7,2027-07-31,base,FOUNDRY_FIELD,-1800.0000,base-07-COST-HOSTING-FF-012,BUSINESS_DRIVEN_FORECAST,foundry-field,2027
BIZ_DEFERRED,liability,2026-09-09T00:00:00Z,NONCASH_OR_OPENING,0.0000,145000.0000,Monthly service under effective contract version,SHI,CONDITIONAL_FORECAST,BIZ-base-0001205,7,7,2027-07-31,base,FOUNDRY_FIELD,145000.0000,base-07-SUBSCRIPTION_SERVICE-FF-013,BUSINESS_DRIVEN_FORECAST,foundry-field,2027
BIZ_REVENUE,revenue,2026-09-09T00:00:00Z,NONCASH_OR_OPENING,145000.0000,0.0000,Monthly service under effective contract version,SHI,CONDITIONAL_FORECAST,BIZ-base-0001205,7,7,2027-07-31,base,FOUNDRY_FIELD,-145000.0000,base-07-SUBSCRIPTION_SERVICE-FF-013,BUSINESS_DRIVEN_FORECAST,foundry-field,2027
BIZ_DELIVERY,expense,2026-09-09T00:00:00Z,NONCASH_OR_OPENING,0.0000,2400.0000,Source-driven vendor cost,SHI,CONDITIONAL_FORECAST,BIZ-base-0001206,7,7,2027-07-31,base,FOUNDRY_FIELD,2400.0000,base-07-COST-HOSTING-FF-013,BUSINESS_DRIVEN_FORECAST,foundry-field,2027
BIZ_AP,liability,2026-09-09T00:00:00Z,NONCASH_OR_OPENING,2400.0000,0.0000,Source-driven vendor cost,SHI,CONDITIONAL_FORECAST,BIZ-base-0001206,7,7,2027-07-31,base,FOUNDRY_FIELD,-2400.0000,base-07-COST-HOSTING-FF-013,BUSINESS_DRIVEN_FORECAST,foundry-field,2027
BIZ_DEFERRED,liability,2026-09-09T00:00:00Z,NONCASH_OR_OPENING,0.0000,160000.0000,Monthly service under effective contract version,SHI,CONDITIONAL_FORECAST,BIZ-base-0001207,7,7,2027-07-31,base,FOUNDRY_FIELD,160000.0000,base-07-SUBSCRIPTION_SERVICE-FF-014,BUSINESS_DRIVEN_FORECAST,foundry-field,2027
BIZ_REVENUE,revenue,2026-09-09T00:00:00Z,NONCASH_OR_OPENING,160000.0000,0.0000,Monthly service under effective contract version,SHI,CONDITIONAL_FORECAST,BIZ-base-0001207,7,7,2027-07-31,base,FOUNDRY_FIELD,-160000.0000,base-07-SUBSCRIPTION_SERVICE-FF-014,BUSINESS_DRIVEN_FORECAST,foundry-field,2027
BIZ_DELIVERY,expense,2026-09-09T00:00:00Z,NONCASH_OR_OPENING,0.0000,3000.0000,Source-driven vendor cost,SHI,CONDITIONAL_FORECAST,BIZ-base-0001208,7,7,2027-07-31,base,FOUNDRY_FIELD,3000.0000,base-07-COST-HOSTING-FF-014,BUSINESS_DRIVEN_FORECAST,foundry-field,2027
BIZ_AP,liability,2026-09-09T00:00:00Z,NONCASH_OR_OPENING,3000.0000,0.0000,Source-driven vendor cost,SHI,CONDITIONAL_FORECAST,BIZ-base-0001208,7,7,2027-07-31,base,FOUNDRY_FIELD,-3000.0000,base-07-COST-HOSTING-FF-014,BUSINESS_DRIVEN_FORECAST,foundry-field,2027
BIZ_DEFERRED,liability,2026-09-09T00:00:00Z,NONCASH_OR_OPENING,0.0000,100000.0000,Monthly service under effective contract version,SHI,CONDITIONAL_FORECAST,BIZ-base-0001209,7,7,2027-07-31,base,FOUNDRY_FIELD,100000.0000,base-07-SUBSCRIPTION_SERVICE-FF-015,BUSINESS_DRIVEN_FORECAST,foundry-field,2027
BIZ_REVENUE,revenue,2026-09-09T00:00:00Z,NONCASH_OR_OPENING,100000.0000,0.0000,Monthly service under effective contract version,SHI,CONDITIONAL_FORECAST,BIZ-base-0001209,7,7,2027-07-31,base,FOUNDRY_FIELD,-100000.0000,base-07-SUBSCRIPTION_SERVICE-FF-015,BUSINESS_DRIVEN_FORECAST,foundry-field,2027
BIZ_DELIVERY,expense,2026-09-09T00:00:00Z,NONCASH_OR_OPENING,0.0000,3600.0000,Source-driven vendor cost,SHI,CONDITIONAL_FORECAST,BIZ-base-0001210,7,7,2027-07-31,base,FOUNDRY_FIELD,3600.0000,base-07-COST-HOSTING-FF-015,BUSINESS_DRIVEN_FORECAST,foundry-field,2027
BIZ_AP,liability,2026-09-09T00:00:00Z,NONCASH_OR_OPENING,3600.0000,0.0000,Source-driven vendor cost,SHI,CONDITIONAL_FORECAST,BIZ-base-0001210,7,7,2027-07-31,base,FOUNDRY_FIELD,-3600.0000,base-07-COST-HOSTING-FF-015,BUSINESS_DRIVEN_FORECAST,foundry-field,2027
BIZ_DEFERRED,liability,2026-09-09T00:00:00Z,NONCASH_OR_OPENING,0.0000,115000.0000,Monthly service under effective contract version,SHI,CONDITIONAL_FORECAST,BIZ-base-0001211,7,7,2027-07-31,base,FOUNDRY_FIELD,115000.0000,base-07-SUBSCRIPTION_SERVICE-FF-016,BUSINESS_DRIVEN_FORECAST,foundry-field,2027
BIZ_REVENUE,revenue,2026-09-09T00:00:00Z,NONCASH_OR_OPENING,115000.0000,0.0000,Monthly service under effective contract version,SHI,CONDITIONAL_FORECAST,BIZ-base-0001211,7,7,2027-07-31,base,FOUNDRY_FIELD,-115000.0000,base-07-SUBSCRIPTION_SERVICE-FF-016,BUSINESS_DRIVEN_FORECAST,foundry-field,2027
BIZ_DELIVERY,expense,2026-09-09T00:00:00Z,NONCASH_OR_OPENING,0.0000,1800.0000,Source-driven vendor cost,SHI,CONDITIONAL_FORECAST,BIZ-base-0001212,7,7,2027-07-31,base,FOUNDRY_FIELD,1800.0000,base-07-COST-HOSTING-FF-016,BUSINESS_DRIVEN_FORECAST,foundry-field,2027
BIZ_AP,liability,2026-09-09T00:00:00Z,NONCASH_OR_OPENING,1800.0000,0.0000,Source-driven vendor cost,SHI,CONDITIONAL_FORECAST,BIZ-base-0001212,7,7,2027-07-31,base,FOUNDRY_FIELD,-1800.0000,base-07-COST-HOSTING-FF-016,BUSINESS_DRIVEN_FORECAST,foundry-field,2027
BIZ_DEFERRED,liability,2026-09-09T00:00:00Z,NONCASH_OR_OPENING,0.0000,130000.0000,Monthly service under effective contract version,SHI,CONDITIONAL_FORECAST,BIZ-base-0001213,7,7,2027-07-31,base,FOUNDRY_FIELD,130000.0000,base-07-SUBSCRIPTION_SERVICE-FF-017,BUSINESS_DRIVEN_FORECAST,foundry-field,2027
BIZ_REVENUE,revenue,2026-09-09T00:00:00Z,NONCASH_OR_OPENING,130000.0000,0.0000,Monthly service under effective contract version,SHI,CONDITIONAL_FORECAST,BIZ-base-0001213,7,7,2027-07-31,base,FOUNDRY_FIELD,-130000.0000,base-07-SUBSCRIPTION_SERVICE-FF-017,BUSINESS_DRIVEN_FORECAST,foundry-field,2027
BIZ_DELIVERY,expense,2026-09-09T00:00:00Z,NONCASH_OR_OPENING,0.0000,2400.0000,Source-driven vendor cost,SHI,CONDITIONAL_FORECAST,BIZ-base-0001214,7,7,2027-07-31,base,FOUNDRY_FIELD,2400.0000,base-07-COST-HOSTING-FF-017,BUSINESS_DRIVEN_FORECAST,foundry-field,2027
BIZ_AP,liability,2026-09-09T00:00:00Z,NONCASH_OR_OPENING,2400.0000,0.0000,Source-driven vendor cost,SHI,CONDITIONAL_FORECAST,BIZ-base-0001214,7,7,2027-07-31,base,FOUNDRY_FIELD,-2400.0000,base-07-COST-HOSTING-FF-017,BUSINESS_DRIVEN_FORECAST,foundry-field,2027
BIZ_DEFERRED,liability,2026-09-09T00:00:00Z,NONCASH_OR_OPENING,0.0000,145000.0000,Monthly service under effective contract version,SHI,CONDITIONAL_FORECAST,BIZ-base-0001215,7,7,2027-07-31,base,FOUNDRY_FIELD,145000.0000,base-07-SUBSCRIPTION_SERVICE-FF-018,BUSINESS_DRIVEN_FORECAST,foundry-field,2027
BIZ_REVENUE,revenue,2026-09-09T00:00:00Z,NONCASH_OR_OPENING,145000.0000,0.0000,Monthly service under effective contract version,SHI,CONDITIONAL_FORECAST,BIZ-base-0001215,7,7,2027-07-31,base,FOUNDRY_FIELD,-145000.0000,base-07-SUBSCRIPTION_SERVICE-FF-018,BUSINESS_DRIVEN_FORECAST,foundry-field,2027
BIZ_DELIVERY,expense,2026-09-09T00:00:00Z,NONCASH_OR_OPENING,0.0000,3000.0000,Source-driven vendor cost,SHI,CONDITIONAL_FORECAST,BIZ-base-0001216,7,7,2027-07-31,base,FOUNDRY_FIELD,3000.0000,base-07-COST-HOSTING-FF-018,BUSINESS_DRIVEN_FORECAST,foundry-field,2027
BIZ_AP,liability,2026-09-09T00:00:00Z,NONCASH_OR_OPENING,3000.0000,0.0000,Source-driven vendor cost,SHI,CONDITIONAL_FORECAST,BIZ-base-0001216,7,7,2027-07-31,base,FOUNDRY_FIELD,-3000.0000,base-07-COST-HOSTING-FF-018,BUSINESS_DRIVEN_FORECAST,foundry-field,2027
BIZ_DEFERRED,liability,2026-09-09T00:00:00Z,NONCASH_OR_OPENING,0.0000,160000.0000,Monthly service under effective contract version,SHI,CONDITIONAL_FORECAST,BIZ-base-0001217,7,7,2027-07-31,base,FOUNDRY_FIELD,160000.0000,base-07-SUBSCRIPTION_SERVICE-FF-019,BUSINESS_DRIVEN_FORECAST,foundry-field,2027
BIZ_REVENUE,revenue,2026-09-09T00:00:00Z,NONCASH_OR_OPENING,160000.0000,0.0000,Monthly service under effective contract version,SHI,CONDITIONAL_FORECAST,BIZ-base-0001217,7,7,2027-07-31,base,FOUNDRY_FIELD,-160000.0000,base-07-SUBSCRIPTION_SERVICE-FF-019,BUSINESS_DRIVEN_FORECAST,foundry-field,2027
BIZ_DELIVERY,expense,2026-09-09T00:00:00Z,NONCASH_OR_OPENING,0.0000,3600.0000,Source-driven vendor cost,SHI,CONDITIONAL_FORECAST,BIZ-base-0001218,7,7,2027-07-31,base,FOUNDRY_FIELD,3600.0000,base-07-COST-HOSTING-FF-019,BUSINESS_DRIVEN_FORECAST,foundry-field,2027
BIZ_AP,liability,2026-09-09T00:00:00Z,NONCASH_OR_OPENING,3600.0000,0.0000,Source-driven vendor cost,SHI,CONDITIONAL_FORECAST,BIZ-base-0001218,7,7,2027-07-31,base,FOUNDRY_FIELD,-3600.0000,base-07-COST-HOSTING-FF-019,BUSINESS_DRIVEN_FORECAST,foundry-field,2027
BIZ_DEFERRED,liability,2026-09-09T00:00:00Z,NONCASH_OR_OPENING,0.0000,100000.0000,Monthly service under effective contract version,SHI,CONDITIONAL_FORECAST,BIZ-base-0001219,7,7,2027-07-31,base,FOUNDRY_FIELD,100000.0000,base-07-SUBSCRIPTION_SERVICE-FF-020,BUSINESS_DRIVEN_FORECAST,foundry-field,2027
BIZ_REVENUE,revenue,2026-09-09T00:00:00Z,NONCASH_OR_OPENING,100000.0000,0.0000,Monthly service under effective contract version,SHI,CONDITIONAL_FORECAST,BIZ-base-0001219,7,7,2027-07-31,base,FOUNDRY_FIELD,-100000.0000,base-07-SUBSCRIPTION_SERVICE-FF-020,BUSINESS_DRIVEN_FORECAST,foundry-field,2027
BIZ_DELIVERY,expense,2026-09-09T00:00:00Z,NONCASH_OR_OPENING,0.0000,1800.0000,Source-driven vendor cost,SHI,CONDITIONAL_FORECAST,BIZ-base-0001220,7,7,2027-07-31,base,FOUNDRY_FIELD,1800.0000,base-07-COST-HOSTING-FF-020,BUSINESS_DRIVEN_FORECAST,foundry-field,2027
BIZ_AP,liability,2026-09-09T00:00:00Z,NONCASH_OR_OPENING,1800.0000,0.0000,Source-driven vendor cost,SHI,CONDITIONAL_FORECAST,BIZ-base-0001220,7,7,2027-07-31,base,FOUNDRY_FIELD,-1800.0000,base-07-COST-HOSTING-FF-020,BUSINESS_DRIVEN_FORECAST,foundry-field,2027
BIZ_DEFERRED,liability,2026-09-09T00:00:00Z,NONCASH_OR_OPENING,0.0000,115000.0000,Monthly service under effective contract version,SHI,CONDITIONAL_FORECAST,BIZ-base-0001221,7,7,2027-07-31,base,FOUNDRY_FIELD,115000.0000,base-07-SUBSCRIPTION_SERVICE-FF-021,BUSINESS_DRIVEN_FORECAST,foundry-field,2027
BIZ_REVENUE,revenue,2026-09-09T00:00:00Z,NONCASH_OR_OPENING,115000.0000,0.0000,Monthly service under effective contract version,SHI,CONDITIONAL_FORECAST,BIZ-base-0001221,7,7,2027-07-31,base,FOUNDRY_FIELD,-115000.0000,base-07-SUBSCRIPTION_SERVICE-FF-021,BUSINESS_DRIVEN_FORECAST,foundry-field,2027
BIZ_DELIVERY,expense,2026-09-09T00:00:00Z,NONCASH_OR_OPENING,0.0000,2400.0000,Source-driven vendor cost,SHI,CONDITIONAL_FORECAST,BIZ-base-0001222,7,7,2027-07-31,base,FOUNDRY_FIELD,2400.0000,base-07-COST-HOSTING-FF-021,BUSINESS_DRIVEN_FORECAST,foundry-field,2027
BIZ_AP,liability,2026-09-09T00:00:00Z,NONCASH_OR_OPENING,2400.0000,0.0000,Source-driven vendor cost,SHI,CONDITIONAL_FORECAST,BIZ-base-0001222,7,7,2027-07-31,base,FOUNDRY_FIELD,-2400.0000,base-07-COST-HOSTING-FF-021,BUSINESS_DRIVEN_FORECAST,foundry-field,2027
BIZ_DEFERRED,liability,2026-09-09T00:00:00Z,NONCASH_OR_OPENING,0.0000,130000.0000,Monthly service under effective contract version,SHI,CONDITIONAL_FORECAST,BIZ-base-0001223,7,7,2027-07-31,base,FOUNDRY_FIELD,130000.0000,base-07-SUBSCRIPTION_SERVICE-FF-022,BUSINESS_DRIVEN_FORECAST,foundry-field,2027
BIZ_REVENUE,revenue,2026-09-09T00:00:00Z,NONCASH_OR_OPENING,130000.0000,0.0000,Monthly service under effective contract version,SHI,CONDITIONAL_FORECAST,BIZ-base-0001223,7,7,2027-07-31,base,FOUNDRY_FIELD,-130000.0000,base-07-SUBSCRIPTION_SERVICE-FF-022,BUSINESS_DRIVEN_FORECAST,foundry-field,2027
BIZ_DELIVERY,expense,2026-09-09T00:00:00Z,NONCASH_OR_OPENING,0.0000,3000.0000,Source-driven vendor cost,SHI,CONDITIONAL_FORECAST,BIZ-base-0001224,7,7,2027-07-31,base,FOUNDRY_FIELD,3000.0000,base-07-COST-HOSTING-FF-022,BUSINESS_DRIVEN_FORECAST,foundry-field,2027
BIZ_AP,liability,2026-09-09T00:00:00Z,NONCASH_OR_OPENING,3000.0000,0.0000,Source-driven vendor cost,SHI,CONDITIONAL_FORECAST,BIZ-base-0001224,7,7,2027-07-31,base,FOUNDRY_FIELD,-3000.0000,base-07-COST-HOSTING-FF-022,BUSINESS_DRIVEN_FORECAST,foundry-field,2027
BIZ_DEFERRED,liability,2026-09-09T00:00:00Z,NONCASH_OR_OPENING,0.0000,145000.0000,Monthly service under effective contract version,SHI,CONDITIONAL_FORECAST,BIZ-base-0001225,7,7,2027-07-31,base,FOUNDRY_FIELD,145000.0000,base-07-SUBSCRIPTION_SERVICE-FF-023,BUSINESS_DRIVEN_FORECAST,foundry-field,2027
BIZ_REVENUE,revenue,2026-09-09T00:00:00Z,NONCASH_OR_OPENING,145000.0000,0.0000,Monthly service under effective contract version,SHI,CONDITIONAL_FORECAST,BIZ-base-0001225,7,7,2027-07-31,base,FOUNDRY_FIELD,-145000.0000,base-07-SUBSCRIPTION_SERVICE-FF-023,BUSINESS_DRIVEN_FORECAST,foundry-field,2027
BIZ_DELIVERY,expense,2026-09-09T00:00:00Z,NONCASH_OR_OPENING,0.0000,3600.0000,Source-driven vendor cost,SHI,CONDITIONAL_FORECAST,BIZ-base-0001226,7,7,2027-07-31,base,FOUNDRY_FIELD,3600.0000,base-07-COST-HOSTING-FF-023,BUSINESS_DRIVEN_FORECAST,foundry-field,2027
BIZ_AP,liability,2026-09-09T00:00:00Z,NONCASH_OR_OPENING,3600.0000,0.0000,Source-driven vendor cost,SHI,CONDITIONAL_FORECAST,BIZ-base-0001226,7,7,2027-07-31,base,FOUNDRY_FIELD,-3600.0000,base-07-COST-HOSTING-FF-023,BUSINESS_DRIVEN_FORECAST,foundry-field,2027
BIZ_DEFERRED,liability,2026-09-09T00:00:00Z,NONCASH_OR_OPENING,0.0000,160000.0000,Monthly service under effective contract version,SHI,CONDITIONAL_FORECAST,BIZ-base-0001227,7,7,2027-07-31,base,FOUNDRY_FIELD,160000.0000,base-07-SUBSCRIPTION_SERVICE-FF-024,BUSINESS_DRIVEN_FORECAST,foundry-field,2027
BIZ_REVENUE,revenue,2026-09-09T00:00:00Z,NONCASH_OR_OPENING,160000.0000,0.0000,Monthly service under effective contract version,SHI,CONDITIONAL_FORECAST,BIZ-base-0001227,7,7,2027-07-31,base,FOUNDRY_FIELD,-160000.0000,base-07-SUBSCRIPTION_SERVICE-FF-024,BUSINESS_DRIVEN_FORECAST,foundry-field,2027
BIZ_DELIVERY,expense,2026-09-09T00:00:00Z,NONCASH_OR_OPENING,0.0000,1800.0000,Source-driven vendor cost,SHI,CONDITIONAL_FORECAST,BIZ-base-0001228,7,7,2027-07-31,base,FOUNDRY_FIELD,1800.0000,base-07-COST-HOSTING-FF-024,BUSINESS_DRIVEN_FORECAST,foundry-field,2027
BIZ_AP,liability,2026-09-09T00:00:00Z,NONCASH_OR_OPENING,1800.0000,0.0000,Source-driven vendor cost,SHI,CONDITIONAL_FORECAST,BIZ-base-0001228,7,7,2027-07-31,base,FOUNDRY_FIELD,-1800.0000,base-07-COST-HOSTING-FF-024,BUSINESS_DRIVEN_FORECAST,foundry-field,2027
BIZ_DEFERRED,liability,2026-09-09T00:00:00Z,NONCASH_OR_OPENING,0.0000,100000.0000,Monthly service under effective contract version,SHI,CONDITIONAL_FORECAST,BIZ-base-0001229,7,7,2027-07-31,base,FOUNDRY_FIELD,100000.0000,base-07-SUBSCRIPTION_SERVICE-FF-025,BUSINESS_DRIVEN_FORECAST,foundry-field,2027
BIZ_REVENUE,revenue,2026-09-09T00:00:00Z,NONCASH_OR_OPENING,100000.0000,0.0000,Monthly service under effective contract version,SHI,CONDITIONAL_FORECAST,BIZ-base-0001229,7,7,2027-07-31,base,FOUNDRY_FIELD,-100000.0000,base-07-SUBSCRIPTION_SERVICE-FF-025,BUSINESS_DRIVEN_FORECAST,foundry-field,2027
BIZ_DELIVERY,expense,2026-09-09T00:00:00Z,NONCASH_OR_OPENING,0.0000,2400.0000,Source-driven vendor cost,SHI,CONDITIONAL_FORECAST,BIZ-base-0001230,7,7,2027-07-31,base,FOUNDRY_FIELD,2400.0000,base-07-COST-HOSTING-FF-025,BUSINESS_DRIVEN_FORECAST,foundry-field,2027
BIZ_AP,liability,2026-09-09T00:00:00Z,NONCASH_OR_OPENING,2400.0000,0.0000,Source-driven vendor cost,SHI,CONDITIONAL_FORECAST,BIZ-base-0001230,7,7,2027-07-31,base,FOUNDRY_FIELD,-2400.0000,base-07-COST-HOSTING-FF-025,BUSINESS_DRIVEN_FORECAST,foundry-field,2027
BIZ_DEFERRED,liability,2026-09-09T00:00:00Z,NONCASH_OR_OPENING,0.0000,115000.0000,Monthly service under effective contract version,SHI,CONDITIONAL_FORECAST,BIZ-base-0001231,7,7,2027-07-31,base,FOUNDRY_FIELD,115000.0000,base-07-SUBSCRIPTION_SERVICE-FF-026,BUSINESS_DRIVEN_FORECAST,foundry-field,2027
BIZ_REVENUE,revenue,2026-09-09T00:00:00Z,NONCASH_OR_OPENING,115000.0000,0.0000,Monthly service under effective contract version,SHI,CONDITIONAL_FORECAST,BIZ-base-0001231,7,7,2027-07-31,base,FOUNDRY_FIELD,-115000.0000,base-07-SUBSCRIPTION_SERVICE-FF-026,BUSINESS_DRIVEN_FORECAST,foundry-field,2027
BIZ_DELIVERY,expense,2026-09-09T00:00:00Z,NONCASH_OR_OPENING,0.0000,3000.0000,Source-driven vendor cost,SHI,CONDITIONAL_FORECAST,BIZ-base-0001232,7,7,2027-07-31,base,FOUNDRY_FIELD,3000.0000,base-07-COST-HOSTING-FF-026,BUSINESS_DRIVEN_FORECAST,foundry-field,2027
BIZ_AP,liability,2026-09-09T00:00:00Z,NONCASH_OR_OPENING,3000.0000,0.0000,Source-driven vendor cost,SHI,CONDITIONAL_FORECAST,BIZ-base-0001232,7,7,2027-07-31,base,FOUNDRY_FIELD,-3000.0000,base-07-COST-HOSTING-FF-026,BUSINESS_DRIVEN_FORECAST,foundry-field,2027
BIZ_DEFERRED,liability,2026-09-09T00:00:00Z,NONCASH_OR_OPENING,0.0000,130000.0000,Monthly service under effective contract version,SHI,CONDITIONAL_FORECAST,BIZ-base-0001233,7,7,2027-07-31,base,FOUNDRY_FIELD,130000.0000,base-07-SUBSCRIPTION_SERVICE-FF-027,BUSINESS_DRIVEN_FORECAST,foundry-field,2027
BIZ_REVENUE,revenue,2026-09-09T00:00:00Z,NONCASH_OR_OPENING,130000.0000,0.0000,Monthly service under effective contract version,SHI,CONDITIONAL_FORECAST,BIZ-base-0001233,7,7,2027-07-31,base,FOUNDRY_FIELD,-130000.0000,base-07-SUBSCRIPTION_SERVICE-FF-027,BUSINESS_DRIVEN_FORECAST,foundry-field,2027
BIZ_DELIVERY,expense,2026-09-09T00:00:00Z,NONCASH_OR_OPENING,0.0000,3600.0000,Source-driven vendor cost,SHI,CONDITIONAL_FORECAST,BIZ-base-0001234,7,7,2027-07-31,base,FOUNDRY_FIELD,3600.0000,base-07-COST-HOSTING-FF-027,BUSINESS_DRIVEN_FORECAST,foundry-field,2027
BIZ_AP,liability,2026-09-09T00:00:00Z,NONCASH_OR_OPENING,3600.0000,0.0000,Source-driven vendor cost,SHI,CONDITIONAL_FORECAST,BIZ-base-0001234,7,7,2027-07-31,base,FOUNDRY_FIELD,-3600.0000,base-07-COST-HOSTING-FF-027,BUSINESS_DRIVEN_FORECAST,foundry-field,2027
BIZ_DEFERRED,liability,2026-09-09T00:00:00Z,NONCASH_OR_OPENING,0.0000,145000.0000,Monthly service under effective contract version,SHI,CONDITIONAL_FORECAST,BIZ-base-0001235,7,7,2027-07-31,base,FOUNDRY_FIELD,145000.0000,base-07-SUBSCRIPTION_SERVICE-FF-028,BUSINESS_DRIVEN_FORECAST,foundry-field,2027
BIZ_REVENUE,revenue,2026-09-09T00:00:00Z,NONCASH_OR_OPENING,145000.0000,0.0000,Monthly service under effective contract version,SHI,CONDITIONAL_FORECAST,BIZ-base-0001235,7,7,2027-07-31,base,FOUNDRY_FIELD,-145000.0000,base-07-SUBSCRIPTION_SERVICE-FF-028,BUSINESS_DRIVEN_FORECAST,foundry-field,2027
BIZ_DELIVERY,expense,2026-09-09T00:00:00Z,NONCASH_OR_OPENING,0.0000,1800.0000,Source-driven vendor cost,SHI,CONDITIONAL_FORECAST,BIZ-base-0001236,7,7,2027-07-31,base,FOUNDRY_FIELD,1800.0000,base-07-COST-HOSTING-FF-028,BUSINESS_DRIVEN_FORECAST,foundry-field,2027
BIZ_AP,liability,2026-09-09T00:00:00Z,NONCASH_OR_OPENING,1800.0000,0.0000,Source-driven vendor cost,SHI,CONDITIONAL_FORECAST,BIZ-base-0001236,7,7,2027-07-31,base,FOUNDRY_FIELD,-1800.0000,base-07-COST-HOSTING-FF-028,BUSINESS_DRIVEN_FORECAST,foundry-field,2027
BIZ_DEFERRED,liability,2026-09-09T00:00:00Z,NONCASH_OR_OPENING,0.0000,160000.0000,Monthly service under effective contract version,SHI,CONDITIONAL_FORECAST,BIZ-base-0001237,7,7,2027-07-31,base,FOUNDRY_FIELD,160000.0000,base-07-SUBSCRIPTION_SERVICE-FF-029,BUSINESS_DRIVEN_FORECAST,foundry-field,2027
BIZ_REVENUE,revenue,2026-09-09T00:00:00Z,NONCASH_OR_OPENING,160000.0000,0.0000,Monthly service under effective contract version,SHI,CONDITIONAL_FORECAST,BIZ-base-0001237,7,7,2027-07-31,base,FOUNDRY_FIELD,-160000.0000,base-07-SUBSCRIPTION_SERVICE-FF-029,BUSINESS_DRIVEN_FORECAST,foundry-field,2027
BIZ_DELIVERY,expense,2026-09-09T00:00:00Z,NONCASH_OR_OPENING,0.0000,2400.0000,Source-driven vendor cost,SHI,CONDITIONAL_FORECAST,BIZ-base-0001238,7,7,2027-07-31,base,FOUNDRY_FIELD,2400.0000,base-07-COST-HOSTING-FF-029,BUSINESS_DRIVEN_FORECAST,foundry-field,2027
BIZ_AP,liability,2026-09-09T00:00:00Z,NONCASH_OR_OPENING,2400.0000,0.0000,Source-driven vendor cost,SHI,CONDITIONAL_FORECAST,BIZ-base-0001238,7,7,2027-07-31,base,FOUNDRY_FIELD,-2400.0000,base-07-COST-HOSTING-FF-029,BUSINESS_DRIVEN_FORECAST,foundry-field,2027
BIZ_DEFERRED,liability,2026-09-09T00:00:00Z,NONCASH_OR_OPENING,0.0000,100000.0000,Monthly service under effective contract version,SHI,CONDITIONAL_FORECAST,BIZ-base-0001239,7,7,2027-07-31,base,FOUNDRY_FIELD,100000.0000,base-07-SUBSCRIPTION_SERVICE-FF-030,BUSINESS_DRIVEN_FORECAST,foundry-field,2027
BIZ_REVENUE,revenue,2026-09-09T00:00:00Z,NONCASH_OR_OPENING,100000.0000,0.0000,Monthly service under effective contract version,SHI,CONDITIONAL_FORECAST,BIZ-base-0001239,7,7,2027-07-31,base,FOUNDRY_FIELD,-100000.0000,base-07-SUBSCRIPTION_SERVICE-FF-030,BUSINESS_DRIVEN_FORECAST,foundry-field,2027
BIZ_DELIVERY,expense,2026-09-09T00:00:00Z,NONCASH_OR_OPENING,0.0000,3000.0000,Source-driven vendor cost,SHI,CONDITIONAL_FORECAST,BIZ-base-0001240,7,7,2027-07-31,base,FOUNDRY_FIELD,3000.0000,base-07-COST-HOSTING-FF-030,BUSINESS_DRIVEN_FORECAST,foundry-field,2027
BIZ_AP,liability,2026-09-09T00:00:00Z,NONCASH_OR_OPENING,3000.0000,0.0000,Source-driven vendor cost,SHI,CONDITIONAL_FORECAST,BIZ-base-0001240,7,7,2027-07-31,base,FOUNDRY_FIELD,-3000.0000,base-07-COST-HOSTING-FF-030,BUSINESS_DRIVEN_FORECAST,foundry-field,2027
BIZ_DEFERRED,liability,2026-09-09T00:00:00Z,NONCASH_OR_OPENING,0.0000,115000.0000,Monthly service under effective contract version,SHI,CONDITIONAL_FORECAST,BIZ-base-0001241,7,7,2027-07-31,base,FOUNDRY_FIELD,115000.0000,base-07-SUBSCRIPTION_SERVICE-FF-031,BUSINESS_DRIVEN_FORECAST,foundry-field,2027
BIZ_REVENUE,revenue,2026-09-09T00:00:00Z,NONCASH_OR_OPENING,115000.0000,0.0000,Monthly service under effective contract version,SHI,CONDITIONAL_FORECAST,BIZ-base-0001241,7,7,2027-07-31,base,FOUNDRY_FIELD,-115000.0000,base-07-SUBSCRIPTION_SERVICE-FF-031,BUSINESS_DRIVEN_FORECAST,foundry-field,2027
BIZ_DELIVERY,expense,2026-09-09T00:00:00Z,NONCASH_OR_OPENING,0.0000,3600.0000,Source-driven vendor cost,SHI,CONDITIONAL_FORECAST,BIZ-base-0001242,7,7,2027-07-31,base,FOUNDRY_FIELD,3600.0000,base-07-COST-HOSTING-FF-031,BUSINESS_DRIVEN_FORECAST,foundry-field,2027
BIZ_AP,liability,2026-09-09T00:00:00Z,NONCASH_OR_OPENING,3600.0000,0.0000,Source-driven vendor cost,SHI,CONDITIONAL_FORECAST,BIZ-base-0001242,7,7,2027-07-31,base,FOUNDRY_FIELD,-3600.0000,base-07-COST-HOSTING-FF-031,BUSINESS_DRIVEN_FORECAST,foundry-field,2027
BIZ_DEFERRED,liability,2026-09-09T00:00:00Z,NONCASH_OR_OPENING,0.0000,130000.0000,Monthly service under effective contract version,SHI,CONDITIONAL_FORECAST,BIZ-base-0001243,7,7,2027-07-31,base,FOUNDRY_FIELD,130000.0000,base-07-SUBSCRIPTION_SERVICE-FF-032,BUSINESS_DRIVEN_FORECAST,foundry-field,2027
BIZ_REVENUE,revenue,2026-09-09T00:00:00Z,NONCASH_OR_OPENING,130000.0000,0.0000,Monthly service under effective contract version,SHI,CONDITIONAL_FORECAST,BIZ-base-0001243,7,7,2027-07-31,base,FOUNDRY_FIELD,-130000.0000,base-07-SUBSCRIPTION_SERVICE-FF-032,BUSINESS_DRIVEN_FORECAST,foundry-field,2027
BIZ_DELIVERY,expense,2026-09-09T00:00:00Z,NONCASH_OR_OPENING,0.0000,1800.0000,Source-driven vendor cost,SHI,CONDITIONAL_FORECAST,BIZ-base-0001244,7,7,2027-07-31,base,FOUNDRY_FIELD,1800.0000,base-07-COST-HOSTING-FF-032,BUSINESS_DRIVEN_FORECAST,foundry-field,2027
BIZ_AP,liability,2026-09-09T00:00:00Z,NONCASH_OR_OPENING,1800.0000,0.0000,Source-driven vendor cost,SHI,CONDITIONAL_FORECAST,BIZ-base-0001244,7,7,2027-07-31,base,FOUNDRY_FIELD,-1800.0000,base-07-COST-HOSTING-FF-032,BUSINESS_DRIVEN_FORECAST,foundry-field,2027
BIZ_DEFERRED,liability,2026-09-09T00:00:00Z,NONCASH_OR_OPENING,0.0000,145000.0000,Monthly service under effective contract version,SHI,CONDITIONAL_FORECAST,BIZ-base-0001245,7,7,2027-07-31,base,FOUNDRY_FIELD,145000.0000,base-07-SUBSCRIPTION_SERVICE-FF-033,BUSINESS_DRIVEN_FORECAST,foundry-field,2027
BIZ_REVENUE,revenue,2026-09-09T00:00:00Z,NONCASH_OR_OPENING,145000.0000,0.0000,Monthly service under effective contract version,SHI,CONDITIONAL_FORECAST,BIZ-base-0001245,7,7,2027-07-31,base,FOUNDRY_FIELD,-145000.0000,base-07-SUBSCRIPTION_SERVICE-FF-033,BUSINESS_DRIVEN_FORECAST,foundry-field,2027
BIZ_DELIVERY,expense,2026-09-09T00:00:00Z,NONCASH_OR_OPENING,0.0000,2400.0000,Source-driven vendor cost,SHI,CONDITIONAL_FORECAST,BIZ-base-0001246,7,7,2027-07-31,base,FOUNDRY_FIELD,2400.0000,base-07-COST-HOSTING-FF-033,BUSINESS_DRIVEN_FORECAST,foundry-field,2027
BIZ_AP,liability,2026-09-09T00:00:00Z,NONCASH_OR_OPENING,2400.0000,0.0000,Source-driven vendor cost,SHI,CONDITIONAL_FORECAST,BIZ-base-0001246,7,7,2027-07-31,base,FOUNDRY_FIELD,-2400.0000,base-07-COST-HOSTING-FF-033,BUSINESS_DRIVEN_FORECAST,foundry-field,2027
BIZ_DEFERRED,liability,2026-09-09T00:00:00Z,NONCASH_OR_OPENING,0.0000,160000.0000,Monthly service under effective contract version,SHI,CONDITIONAL_FORECAST,BIZ-base-0001247,7,7,2027-07-31,base,FOUNDRY_FIELD,160000.0000,base-07-SUBSCRIPTION_SERVICE-FF-034,BUSINESS_DRIVEN_FORECAST,foundry-field,2027
BIZ_REVENUE,revenue,2026-09-09T00:00:00Z,NONCASH_OR_OPENING,160000.0000,0.0000,Monthly service under effective contract version,SHI,CONDITIONAL_FORECAST,BIZ-base-0001247,7,7,2027-07-31,base,FOUNDRY_FIELD,-160000.0000,base-07-SUBSCRIPTION_SERVICE-FF-034,BUSINESS_DRIVEN_FORECAST,foundry-field,2027
BIZ_DELIVERY,expense,2026-09-09T00:00:00Z,NONCASH_OR_OPENING,0.0000,3000.0000,Source-driven vendor cost,SHI,CONDITIONAL_FORECAST,BIZ-base-0001248,7,7,2027-07-31,base,FOUNDRY_FIELD,3000.0000,base-07-COST-HOSTING-FF-034,BUSINESS_DRIVEN_FORECAST,foundry-field,2027
BIZ_AP,liability,2026-09-09T00:00:00Z,NONCASH_OR_OPENING,3000.0000,0.0000,Source-driven vendor cost,SHI,CONDITIONAL_FORECAST,BIZ-base-0001248,7,7,2027-07-31,base,FOUNDRY_FIELD,-3000.0000,base-07-COST-HOSTING-FF-034,BUSINESS_DRIVEN_FORECAST,foundry-field,2027
BIZ_DEFERRED,liability,2026-09-09T00:00:00Z,NONCASH_OR_OPENING,0.0000,100000.0000,Monthly service under effective contract version,SHI,CONDITIONAL_FORECAST,BIZ-base-0001249,7,7,2027-07-31,base,FOUNDRY_FIELD,100000.0000,base-07-SUBSCRIPTION_SERVICE-FF-035,BUSINESS_DRIVEN_FORECAST,foundry-field,2027
BIZ_REVENUE,revenue,2026-09-09T00:00:00Z,NONCASH_OR_OPENING,100000.0000,0.0000,Monthly service under effective contract version,SHI,CONDITIONAL_FORECAST,BIZ-base-0001249,7,7,2027-07-31,base,FOUNDRY_FIELD,-100000.0000,base-07-SUBSCRIPTION_SERVICE-FF-035,BUSINESS_DRIVEN_FORECAST,foundry-field,2027
BIZ_DELIVERY,expense,2026-09-09T00:00:00Z,NONCASH_OR_OPENING,0.0000,3600.0000,Source-driven vendor cost,SHI,CONDITIONAL_FORECAST,BIZ-base-0001250,7,7,2027-07-31,base,FOUNDRY_FIELD,3600.0000,base-07-COST-HOSTING-FF-035,BUSINESS_DRIVEN_FORECAST,foundry-field,2027
BIZ_AP,liability,2026-09-09T00:00:00Z,NONCASH_OR_OPENING,3600.0000,0.0000,Source-driven vendor cost,SHI,CONDITIONAL_FORECAST,BIZ-base-0001250,7,7,2027-07-31,base,FOUNDRY_FIELD,-3600.0000,base-07-COST-HOSTING-FF-035,BUSINESS_DRIVEN_FORECAST,foundry-field,2027
BIZ_DEFERRED,liability,2026-09-09T00:00:00Z,NONCASH_OR_OPENING,0.0000,115000.0000,Monthly service under effective contract version,SHI,CONDITIONAL_FORECAST,BIZ-base-0001251,7,7,2027-07-31,base,FOUNDRY_FIELD,115000.0000,base-07-SUBSCRIPTION_SERVICE-FF-036,BUSINESS_DRIVEN_FORECAST,foundry-field,2027
BIZ_REVENUE,revenue,2026-09-09T00:00:00Z,NONCASH_OR_OPENING,115000.0000,0.0000,Monthly service under effective contract version,SHI,CONDITIONAL_FORECAST,BIZ-base-0001251,7,7,2027-07-31,base,FOUNDRY_FIELD,-115000.0000,base-07-SUBSCRIPTION_SERVICE-FF-036,BUSINESS_DRIVEN_FORECAST,foundry-field,2027
BIZ_DELIVERY,expense,2026-09-09T00:00:00Z,NONCASH_OR_OPENING,0.0000,1800.0000,Source-driven vendor cost,SHI,CONDITIONAL_FORECAST,BIZ-base-0001252,7,7,2027-07-31,base,FOUNDRY_FIELD,1800.0000,base-07-COST-HOSTING-FF-036,BUSINESS_DRIVEN_FORECAST,foundry-field,2027
BIZ_AP,liability,2026-09-09T00:00:00Z,NONCASH_OR_OPENING,1800.0000,0.0000,Source-driven vendor cost,SHI,CONDITIONAL_FORECAST,BIZ-base-0001252,7,7,2027-07-31,base,FOUNDRY_FIELD,-1800.0000,base-07-COST-HOSTING-FF-036,BUSINESS_DRIVEN_FORECAST,foundry-field,2027
BIZ_CREDIT_LOSS,expense,2026-09-09T00:00:00Z,NONCASH_OR_OPENING,800.0000,0.0000,"Explicit expected credit-loss estimate, not observed customer default",SHI,CONDITIONAL_FORECAST,BIZ-base-0001314,7,7,2027-07-31,base,FOUNDRY_FIELD,-800.0000,base-07-MONTH_END_ESTIMATE-foundry-field,BUSINESS_DRIVEN_FORECAST,foundry-field,2027
BIZ_ALLOWANCE,asset,2026-09-09T00:00:00Z,NONCASH_OR_OPENING,0.0000,800.0000,"Explicit expected credit-loss estimate, not observed customer default",SHI,CONDITIONAL_FORECAST,BIZ-base-0001314,7,7,2027-07-31,base,FOUNDRY_FIELD,800.0000,base-07-MONTH_END_ESTIMATE-foundry-field,BUSINESS_DRIVEN_FORECAST,foundry-field,2027
1000,asset,2026-09-09T00:00:00Z,OPERATING,0.0000,30000.0000,Modeled customer receipt,SHI,CONDITIONAL_FORECAST,BIZ-base-0001317,8,8,2027-08-31,base,FOUNDRY_FIELD,30000.0000,base-08-COLLECTION-INV-base-FF-002-SYN-AMEND-002,BUSINESS_DRIVEN_FORECAST,foundry-field,2027
BIZ_AR,asset,2026-09-09T00:00:00Z,NONCASH_OR_OPENING,30000.0000,0.0000,Modeled customer receipt,SHI,CONDITIONAL_FORECAST,BIZ-base-0001317,8,8,2027-08-31,base,FOUNDRY_FIELD,-30000.0000,base-08-COLLECTION-INV-base-FF-002-SYN-AMEND-002,BUSINESS_DRIVEN_FORECAST,foundry-field,2027
BIZ_AP,liability,2026-09-09T00:00:00Z,NONCASH_OR_OPENING,0.0000,2400.0000,Scheduled vendor cash request; treasury shortfalls separately reported,SHI,CONDITIONAL_FORECAST,BIZ-base-0001327,8,8,2027-08-31,base,FOUNDRY_FIELD,2400.0000,base-08-PAYMENT_REQUEST-AP-base-7-HOSTING-FF-001,BUSINESS_DRIVEN_FORECAST,foundry-field,2027
1000,asset,2026-09-09T00:00:00Z,OPERATING,2400.0000,0.0000,Scheduled vendor cash request; treasury shortfalls separately reported,SHI,CONDITIONAL_FORECAST,BIZ-base-0001327,8,8,2027-08-31,base,FOUNDRY_FIELD,-2400.0000,base-08-PAYMENT_REQUEST-AP-base-7-HOSTING-FF-001,BUSINESS_DRIVEN_FORECAST,foundry-field,2027
BIZ_AP,liability,2026-09-09T00:00:00Z,NONCASH_OR_OPENING,0.0000,3000.0000,Scheduled vendor cash request; treasury shortfalls separately reported,SHI,CONDITIONAL_FORECAST,BIZ-base-0001328,8,8,2027-08-31,base,FOUNDRY_FIELD,3000.0000,base-08-PAYMENT_REQUEST-AP-base-7-HOSTING-FF-002,BUSINESS_DRIVEN_FORECAST,foundry-field,2027
1000,asset,2026-09-09T00:00:00Z,OPERATING,3000.0000,0.0000,Scheduled vendor cash request; treasury shortfalls separately reported,SHI,CONDITIONAL_FORECAST,BIZ-base-0001328,8,8,2027-08-31,base,FOUNDRY_FIELD,-3000.0000,base-08-PAYMENT_REQUEST-AP-base-7-HOSTING-FF-002,BUSINESS_DRIVEN_FORECAST,foundry-field,2027
BIZ_AP,liability,2026-09-09T00:00:00Z,NONCASH_OR_OPENING,0.0000,3600.0000,Scheduled vendor cash request; treasury shortfalls separately reported,SHI,CONDITIONAL_FORECAST,BIZ-base-0001329,8,8,2027-08-31,base,FOUNDRY_FIELD,3600.0000,base-08-PAYMENT_REQUEST-AP-base-7-HOSTING-FF-003,BUSINESS_DRIVEN_FORECAST,foundry-field,2027
1000,asset,2026-09-09T00:00:00Z,OPERATING,3600.0000,0.0000,Scheduled vendor cash request; treasury shortfalls separately reported,SHI,CONDITIONAL_FORECAST,BIZ-base-0001329,8,8,2027-08-31,base,FOUNDRY_FIELD,-3600.0000,base-08-PAYMENT_REQUEST-AP-base-7-HOSTING-FF-003,BUSINESS_DRIVEN_FORECAST,foundry-field,2027
BIZ_AP,liability,2026-09-09T00:00:00Z,NONCASH_OR_OPENING,0.0000,1800.0000,Scheduled vendor cash request; treasury shortfalls separately reported,SHI,CONDITIONAL_FORECAST,BIZ-base-0001330,8,8,2027-08-31,base,FOUNDRY_FIELD,1800.0000,base-08-PAYMENT_REQUEST-AP-base-7-HOSTING-FF-004,BUSINESS_DRIVEN_FORECAST,foundry-field,2027
1000,asset,2026-09-09T00:00:00Z,OPERATING,1800.0000,0.0000,Scheduled vendor cash request; treasury shortfalls separately reported,SHI,CONDITIONAL_FORECAST,BIZ-base-0001330,8,8,2027-08-31,base,FOUNDRY_FIELD,-1800.0000,base-08-PAYMENT_REQUEST-AP-base-7-HOSTING-FF-004,BUSINESS_DRIVEN_FORECAST,foundry-field,2027
BIZ_AP,liability,2026-09-09T00:00:00Z,NONCASH_OR_OPENING,0.0000,2400.0000,Scheduled vendor cash request; treasury shortfalls separately reported,SHI,CONDITIONAL_FORECAST,BIZ-base-0001331,8,8,2027-08-31,base,FOUNDRY_FIELD,2400.0000,base-08-PAYMENT_REQUEST-AP-base-7-HOSTING-FF-005,BUSINESS_DRIVEN_FORECAST,foundry-field,2027
1000,asset,2026-09-09T00:00:00Z,OPERATING,2400.0000,0.0000,Scheduled vendor cash request; treasury shortfalls separately reported,SHI,CONDITIONAL_FORECAST,BIZ-base-0001331,8,8,2027-08-31,base,FOUNDRY_FIELD,-2400.0000,base-08-PAYMENT_REQUEST-AP-base-7-HOSTING-FF-005,BUSINESS_DRIVEN_FORECAST,foundry-field,2027
BIZ_AP,liability,2026-09-09T00:00:00Z,NONCASH_OR_OPENING,0.0000,3000.0000,Scheduled vendor cash request; treasury shortfalls separately reported,SHI,CONDITIONAL_FORECAST,BIZ-base-0001332,8,8,2027-08-31,base,FOUNDRY_FIELD,3000.0000,base-08-PAYMENT_REQUEST-AP-base-7-HOSTING-FF-006,BUSINESS_DRIVEN_FORECAST,foundry-field,2027
1000,asset,2026-09-09T00:00:00Z,OPERATING,3000.0000,0.0000,Scheduled vendor cash request; treasury shortfalls separately reported,SHI,CONDITIONAL_FORECAST,BIZ-base-0001332,8,8,2027-08-31,base,FOUNDRY_FIELD,-3000.0000,base-08-PAYMENT_REQUEST-AP-base-7-HOSTING-FF-006,BUSINESS_DRIVEN_FORECAST,foundry-field,2027
BIZ_AP,liability,2026-09-09T00:00:00Z,NONCASH_OR_OPENING,0.0000,3600.0000,Scheduled vendor cash request; treasury shortfalls separately reported,SHI,CONDITIONAL_FORECAST,BIZ-base-0001333,8,8,2027-08-31,base,FOUNDRY_FIELD,3600.0000,base-08-PAYMENT_REQUEST-AP-base-7-HOSTING-FF-007,BUSINESS_DRIVEN_FORECAST,foundry-field,2027
1000,asset,2026-09-09T00:00:00Z,OPERATING,3600.0000,0.0000,Scheduled vendor cash request; treasury shortfalls separately reported,SHI,CONDITIONAL_FORECAST,BIZ-base-0001333,8,8,2027-08-31,base,FOUNDRY_FIELD,-3600.0000,base-08-PAYMENT_REQUEST-AP-base-7-HOSTING-FF-007,BUSINESS_DRIVEN_FORECAST,foundry-field,2027
BIZ_AP,liability,2026-09-09T00:00:00Z,NONCASH_OR_OPENING,0.0000,1800.0000,Scheduled vendor cash request; treasury shortfalls separately reported,SHI,CONDITIONAL_FORECAST,BIZ-base-0001334,8,8,2027-08-31,base,FOUNDRY_FIELD,1800.0000,base-08-PAYMENT_REQUEST-AP-base-7-HOSTING-FF-008,BUSINESS_DRIVEN_FORECAST,foundry-field,2027
1000,asset,2026-09-09T00:00:00Z,OPERATING,1800.0000,0.0000,Scheduled vendor cash request; treasury shortfalls separately reported,SHI,CONDITIONAL_FORECAST,BIZ-base-0001334,8,8,2027-08-31,base,FOUNDRY_FIELD,-1800.0000,base-08-PAYMENT_REQUEST-AP-base-7-HOSTING-FF-008,BUSINESS_DRIVEN_FORECAST,foundry-field,2027
BIZ_AP,liability,2026-09-09T00:00:00Z,NONCASH_OR_OPENING,0.0000,2400.0000,Scheduled vendor cash request; treasury shortfalls separately reported,SHI,CONDITIONAL_FORECAST,BIZ-base-0001335,8,8,2027-08-31,base,FOUNDRY_FIELD,2400.0000,base-08-PAYMENT_REQUEST-AP-base-7-HOSTING-FF-009,BUSINESS_DRIVEN_FORECAST,foundry-field,2027
1000,asset,2026-09-09T00:00:00Z,OPERATING,2400.0000,0.0000,Scheduled vendor cash request; treasury shortfalls separately reported,SHI,CONDITIONAL_FORECAST,BIZ-base-0001335,8,8,2027-08-31,base,FOUNDRY_FIELD,-2400.0000,base-08-PAYMENT_REQUEST-AP-base-7-HOSTING-FF-009,BUSINESS_DRIVEN_FORECAST,foundry-field,2027
BIZ_AP,liability,2026-09-09T00:00:00Z,NONCASH_OR_OPENING,0.0000,3000.0000,Scheduled vendor cash request; treasury shortfalls separately reported,SHI,CONDITIONAL_FORECAST,BIZ-base-0001336,8,8,2027-08-31,base,FOUNDRY_FIELD,3000.0000,base-08-PAYMENT_REQUEST-AP-base-7-HOSTING-FF-010,BUSINESS_DRIVEN_FORECAST,foundry-field,2027
1000,asset,2026-09-09T00:00:00Z,OPERATING,3000.0000,0.0000,Scheduled vendor cash request; treasury shortfalls separately reported,SHI,CONDITIONAL_FORECAST,BIZ-base-0001336,8,8,2027-08-31,base,FOUNDRY_FIELD,-3000.0000,base-08-PAYMENT_REQUEST-AP-base-7-HOSTING-FF-010,BUSINESS_DRIVEN_FORECAST,foundry-field,2027
BIZ_AP,liability,2026-09-09T00:00:00Z,NONCASH_OR_OPENING,0.0000,3600.0000,Scheduled vendor cash request; treasury shortfalls separately reported,SHI,CONDITIONAL_FORECAST,BIZ-base-0001337,8,8,2027-08-31,base,FOUNDRY_FIELD,3600.0000,base-08-PAYMENT_REQUEST-AP-base-7-HOSTING-FF-011,BUSINESS_DRIVEN_FORECAST,foundry-field,2027
1000,asset,2026-09-09T00:00:00Z,OPERATING,3600.0000,0.0000,Scheduled vendor cash request; treasury shortfalls separately reported,SHI,CONDITIONAL_FORECAST,BIZ-base-0001337,8,8,2027-08-31,base,FOUNDRY_FIELD,-3600.0000,base-08-PAYMENT_REQUEST-AP-base-7-HOSTING-FF-011,BUSINESS_DRIVEN_FORECAST,foundry-field,2027
BIZ_AP,liability,2026-09-09T00:00:00Z,NONCASH_OR_OPENING,0.0000,1800.0000,Scheduled vendor cash request; treasury shortfalls separately reported,SHI,CONDITIONAL_FORECAST,BIZ-base-0001338,8,8,2027-08-31,base,FOUNDRY_FIELD,1800.0000,base-08-PAYMENT_REQUEST-AP-base-7-HOSTING-FF-012,BUSINESS_DRIVEN_FORECAST,foundry-field,2027
1000,asset,2026-09-09T00:00:00Z,OPERATING,1800.0000,0.0000,Scheduled vendor cash request; treasury shortfalls separately reported,SHI,CONDITIONAL_FORECAST,BIZ-base-0001338,8,8,2027-08-31,base,FOUNDRY_FIELD,-1800.0000,base-08-PAYMENT_REQUEST-AP-base-7-HOSTING-FF-012,BUSINESS_DRIVEN_FORECAST,foundry-field,2027
BIZ_AP,liability,2026-09-09T00:00:00Z,NONCASH_OR_OPENING,0.0000,2400.0000,Scheduled vendor cash request; treasury shortfalls separately reported,SHI,CONDITIONAL_FORECAST,BIZ-base-0001339,8,8,2027-08-31,base,FOUNDRY_FIELD,2400.0000,base-08-PAYMENT_REQUEST-AP-base-7-HOSTING-FF-013,BUSINESS_DRIVEN_FORECAST,foundry-field,2027
1000,asset,2026-09-09T00:00:00Z,OPERATING,2400.0000,0.0000,Scheduled vendor cash request; treasury shortfalls separately reported,SHI,CONDITIONAL_FORECAST,BIZ-base-0001339,8,8,2027-08-31,base,FOUNDRY_FIELD,-2400.0000,base-08-PAYMENT_REQUEST-AP-base-7-HOSTING-FF-013,BUSINESS_DRIVEN_FORECAST,foundry-field,2027
BIZ_AP,liability,2026-09-09T00:00:00Z,NONCASH_OR_OPENING,0.0000,3000.0000,Scheduled vendor cash request; treasury shortfalls separately reported,SHI,CONDITIONAL_FORECAST,BIZ-base-0001340,8,8,2027-08-31,base,FOUNDRY_FIELD,3000.0000,base-08-PAYMENT_REQUEST-AP-base-7-HOSTING-FF-014,BUSINESS_DRIVEN_FORECAST,foundry-field,2027
1000,asset,2026-09-09T00:00:00Z,OPERATING,3000.0000,0.0000,Scheduled vendor cash request; treasury shortfalls separately reported,SHI,CONDITIONAL_FORECAST,BIZ-base-0001340,8,8,2027-08-31,base,FOUNDRY_FIELD,-3000.0000,base-08-PAYMENT_REQUEST-AP-base-7-HOSTING-FF-014,BUSINESS_DRIVEN_FORECAST,foundry-field,2027
BIZ_AP,liability,2026-09-09T00:00:00Z,NONCASH_OR_OPENING,0.0000,3600.0000,Scheduled vendor cash request; treasury shortfalls separately reported,SHI,CONDITIONAL_FORECAST,BIZ-base-0001341,8,8,2027-08-31,base,FOUNDRY_FIELD,3600.0000,base-08-PAYMENT_REQUEST-AP-base-7-HOSTING-FF-015,BUSINESS_DRIVEN_FORECAST,foundry-field,2027
1000,asset,2026-09-09T00:00:00Z,OPERATING,3600.0000,0.0000,Scheduled vendor cash request; treasury shortfalls separately reported,SHI,CONDITIONAL_FORECAST,BIZ-base-0001341,8,8,2027-08-31,base,FOUNDRY_FIELD,-3600.0000,base-08-PAYMENT_REQUEST-AP-base-7-HOSTING-FF-015,BUSINESS_DRIVEN_FORECAST,foundry-field,2027
BIZ_AP,liability,2026-09-09T00:00:00Z,NONCASH_OR_OPENING,0.0000,1800.0000,Scheduled vendor cash request; treasury shortfalls separately reported,SHI,CONDITIONAL_FORECAST,BIZ-base-0001342,8,8,2027-08-31,base,FOUNDRY_FIELD,1800.0000,base-08-PAYMENT_REQUEST-AP-base-7-HOSTING-FF-016,BUSINESS_DRIVEN_FORECAST,foundry-field,2027
1000,asset,2026-09-09T00:00:00Z,OPERATING,1800.0000,0.0000,Scheduled vendor cash request; treasury shortfalls separately reported,SHI,CONDITIONAL_FORECAST,BIZ-base-0001342,8,8,2027-08-31,base,FOUNDRY_FIELD,-1800.0000,base-08-PAYMENT_REQUEST-AP-base-7-HOSTING-FF-016,BUSINESS_DRIVEN_FORECAST,foundry-field,2027
BIZ_AP,liability,2026-09-09T00:00:00Z,NONCASH_OR_OPENING,0.0000,2400.0000,Scheduled vendor cash request; treasury shortfalls separately reported,SHI,CONDITIONAL_FORECAST,BIZ-base-0001343,8,8,2027-08-31,base,FOUNDRY_FIELD,2400.0000,base-08-PAYMENT_REQUEST-AP-base-7-HOSTING-FF-017,BUSINESS_DRIVEN_FORECAST,foundry-field,2027
1000,asset,2026-09-09T00:00:00Z,OPERATING,2400.0000,0.0000,Scheduled vendor cash request; treasury shortfalls separately reported,SHI,CONDITIONAL_FORECAST,BIZ-base-0001343,8,8,2027-08-31,base,FOUNDRY_FIELD,-2400.0000,base-08-PAYMENT_REQUEST-AP-base-7-HOSTING-FF-017,BUSINESS_DRIVEN_FORECAST,foundry-field,2027
BIZ_AP,liability,2026-09-09T00:00:00Z,NONCASH_OR_OPENING,0.0000,3000.0000,Scheduled vendor cash request; treasury shortfalls separately reported,SHI,CONDITIONAL_FORECAST,BIZ-base-0001344,8,8,2027-08-31,base,FOUNDRY_FIELD,3000.0000,base-08-PAYMENT_REQUEST-AP-base-7-HOSTING-FF-018,BUSINESS_DRIVEN_FORECAST,foundry-field,2027
1000,asset,2026-09-09T00:00:00Z,OPERATING,3000.0000,0.0000,Scheduled vendor cash request; treasury shortfalls separately reported,SHI,CONDITIONAL_FORECAST,BIZ-base-0001344,8,8,2027-08-31,base,FOUNDRY_FIELD,-3000.0000,base-08-PAYMENT_REQUEST-AP-base-7-HOSTING-FF-018,BUSINESS_DRIVEN_FORECAST,foundry-field,2027
BIZ_AP,liability,2026-09-09T00:00:00Z,NONCASH_OR_OPENING,0.0000,3600.0000,Scheduled vendor cash request; treasury shortfalls separately reported,SHI,CONDITIONAL_FORECAST,BIZ-base-0001345,8,8,2027-08-31,base,FOUNDRY_FIELD,3600.0000,base-08-PAYMENT_REQUEST-AP-base-7-HOSTING-FF-019,BUSINESS_DRIVEN_FORECAST,foundry-field,2027
1000,asset,2026-09-09T00:00:00Z,OPERATING,3600.0000,0.0000,Scheduled vendor cash request; treasury shortfalls separately reported,SHI,CONDITIONAL_FORECAST,BIZ-base-0001345,8,8,2027-08-31,base,FOUNDRY_FIELD,-3600.0000,base-08-PAYMENT_REQUEST-AP-base-7-HOSTING-FF-019,BUSINESS_DRIVEN_FORECAST,foundry-field,2027
BIZ_AP,liability,2026-09-09T00:00:00Z,NONCASH_OR_OPENING,0.0000,1800.0000,Scheduled vendor cash request; treasury shortfalls separately reported,SHI,CONDITIONAL_FORECAST,BIZ-base-0001346,8,8,2027-08-31,base,FOUNDRY_FIELD,1800.0000,base-08-PAYMENT_REQUEST-AP-base-7-HOSTING-FF-020,BUSINESS_DRIVEN_FORECAST,foundry-field,2027
1000,asset,2026-09-09T00:00:00Z,OPERATING,1800.0000,0.0000,Scheduled vendor cash request; treasury shortfalls separately reported,SHI,CONDITIONAL_FORECAST,BIZ-base-0001346,8,8,2027-08-31,base,FOUNDRY_FIELD,-1800.0000,base-08-PAYMENT_REQUEST-AP-base-7-HOSTING-FF-020,BUSINESS_DRIVEN_FORECAST,foundry-field,2027
BIZ_AP,liability,2026-09-09T00:00:00Z,NONCASH_OR_OPENING,0.0000,2400.0000,Scheduled vendor cash request; treasury shortfalls separately reported,SHI,CONDITIONAL_FORECAST,BIZ-base-0001347,8,8,2027-08-31,base,FOUNDRY_FIELD,2400.0000,base-08-PAYMENT_REQUEST-AP-base-7-HOSTING-FF-021,BUSINESS_DRIVEN_FORECAST,foundry-field,2027
1000,asset,2026-09-09T00:00:00Z,OPERATING,2400.0000,0.0000,Scheduled vendor cash request; treasury shortfalls separately reported,SHI,CONDITIONAL_FORECAST,BIZ-base-0001347,8,8,2027-08-31,base,FOUNDRY_FIELD,-2400.0000,base-08-PAYMENT_REQUEST-AP-base-7-HOSTING-FF-021,BUSINESS_DRIVEN_FORECAST,foundry-field,2027
BIZ_AP,liability,2026-09-09T00:00:00Z,NONCASH_OR_OPENING,0.0000,3000.0000,Scheduled vendor cash request; treasury shortfalls separately reported,SHI,CONDITIONAL_FORECAST,BIZ-base-0001348,8,8,2027-08-31,base,FOUNDRY_FIELD,3000.0000,base-08-PAYMENT_REQUEST-AP-base-7-HOSTING-FF-022,BUSINESS_DRIVEN_FORECAST,foundry-field,2027
1000,asset,2026-09-09T00:00:00Z,OPERATING,3000.0000,0.0000,Scheduled vendor cash request; treasury shortfalls separately reported,SHI,CONDITIONAL_FORECAST,BIZ-base-0001348,8,8,2027-08-31,base,FOUNDRY_FIELD,-3000.0000,base-08-PAYMENT_REQUEST-AP-base-7-HOSTING-FF-022,BUSINESS_DRIVEN_FORECAST,foundry-field,2027
BIZ_AP,liability,2026-09-09T00:00:00Z,NONCASH_OR_OPENING,0.0000,3600.0000,Scheduled vendor cash request; treasury shortfalls separately reported,SHI,CONDITIONAL_FORECAST,BIZ-base-0001349,8,8,2027-08-31,base,FOUNDRY_FIELD,3600.0000,base-08-PAYMENT_REQUEST-AP-base-7-HOSTING-FF-023,BUSINESS_DRIVEN_FORECAST,foundry-field,2027
1000,asset,2026-09-09T00:00:00Z,OPERATING,3600.0000,0.0000,Scheduled vendor cash request; treasury shortfalls separately reported,SHI,CONDITIONAL_FORECAST,BIZ-base-0001349,8,8,2027-08-31,base,FOUNDRY_FIELD,-3600.0000,base-08-PAYMENT_REQUEST-AP-base-7-HOSTING-FF-023,BUSINESS_DRIVEN_FORECAST,foundry-field,2027
BIZ_AP,liability,2026-09-09T00:00:00Z,NONCASH_OR_OPENING,0.0000,1800.0000,Scheduled vendor cash request; treasury shortfalls separately reported,SHI,CONDITIONAL_FORECAST,BIZ-base-0001350,8,8,2027-08-31,base,FOUNDRY_FIELD,1800.0000,base-08-PAYMENT_REQUEST-AP-base-7-HOSTING-FF-024,BUSINESS_DRIVEN_FORECAST,foundry-field,2027
1000,asset,2026-09-09T00:00:00Z,OPERATING,1800.0000,0.0000,Scheduled vendor cash request; treasury shortfalls separately reported,SHI,CONDITIONAL_FORECAST,BIZ-base-0001350,8,8,2027-08-31,base,FOUNDRY_FIELD,-1800.0000,base-08-PAYMENT_REQUEST-AP-base-7-HOSTING-FF-024,BUSINESS_DRIVEN_FORECAST,foundry-field,2027
BIZ_AP,liability,2026-09-09T00:00:00Z,NONCASH_OR_OPENING,0.0000,2400.0000,Scheduled vendor cash request; treasury shortfalls separately reported,SHI,CONDITIONAL_FORECAST,BIZ-base-0001351,8,8,2027-08-31,base,FOUNDRY_FIELD,2400.0000,base-08-PAYMENT_REQUEST-AP-base-7-HOSTING-FF-025,BUSINESS_DRIVEN_FORECAST,foundry-field,2027
1000,asset,2026-09-09T00:00:00Z,OPERATING,2400.0000,0.0000,Scheduled vendor cash request; treasury shortfalls separately reported,SHI,CONDITIONAL_FORECAST,BIZ-base-0001351,8,8,2027-08-31,base,FOUNDRY_FIELD,-2400.0000,base-08-PAYMENT_REQUEST-AP-base-7-HOSTING-FF-025,BUSINESS_DRIVEN_FORECAST,foundry-field,2027
BIZ_AP,liability,2026-09-09T00:00:00Z,NONCASH_OR_OPENING,0.0000,3000.0000,Scheduled vendor cash request; treasury shortfalls separately reported,SHI,CONDITIONAL_FORECAST,BIZ-base-0001352,8,8,2027-08-31,base,FOUNDRY_FIELD,3000.0000,base-08-PAYMENT_REQUEST-AP-base-7-HOSTING-FF-026,BUSINESS_DRIVEN_FORECAST,foundry-field,2027
1000,asset,2026-09-09T00:00:00Z,OPERATING,3000.0000,0.0000,Scheduled vendor cash request; treasury shortfalls separately reported,SHI,CONDITIONAL_FORECAST,BIZ-base-0001352,8,8,2027-08-31,base,FOUNDRY_FIELD,-3000.0000,base-08-PAYMENT_REQUEST-AP-base-7-HOSTING-FF-026,BUSINESS_DRIVEN_FORECAST,foundry-field,2027
BIZ_AP,liability,2026-09-09T00:00:00Z,NONCASH_OR_OPENING,0.0000,3600.0000,Scheduled vendor cash request; treasury shortfalls separately reported,SHI,CONDITIONAL_FORECAST,BIZ-base-0001353,8,8,2027-08-31,base,FOUNDRY_FIELD,3600.0000,base-08-PAYMENT_REQUEST-AP-base-7-HOSTING-FF-027,BUSINESS_DRIVEN_FORECAST,foundry-field,2027
1000,asset,2026-09-09T00:00:00Z,OPERATING,3600.0000,0.0000,Scheduled vendor cash request; treasury shortfalls separately reported,SHI,CONDITIONAL_FORECAST,BIZ-base-0001353,8,8,2027-08-31,base,FOUNDRY_FIELD,-3600.0000,base-08-PAYMENT_REQUEST-AP-base-7-HOSTING-FF-027,BUSINESS_DRIVEN_FORECAST,foundry-field,2027
BIZ_AP,liability,2026-09-09T00:00:00Z,NONCASH_OR_OPENING,0.0000,1800.0000,Scheduled vendor cash request; treasury shortfalls separately reported,SHI,CONDITIONAL_FORECAST,BIZ-base-0001354,8,8,2027-08-31,base,FOUNDRY_FIELD,1800.0000,base-08-PAYMENT_REQUEST-AP-base-7-HOSTING-FF-028,BUSINESS_DRIVEN_FORECAST,foundry-field,2027
1000,asset,2026-09-09T00:00:00Z,OPERATING,1800.0000,0.0000,Scheduled vendor cash request; treasury shortfalls separately reported,SHI,CONDITIONAL_FORECAST,BIZ-base-0001354,8,8,2027-08-31,base,FOUNDRY_FIELD,-1800.0000,base-08-PAYMENT_REQUEST-AP-base-7-HOSTING-FF-028,BUSINESS_DRIVEN_FORECAST,foundry-field,2027
BIZ_AP,liability,2026-09-09T00:00:00Z,NONCASH_OR_OPENING,0.0000,2400.0000,Scheduled vendor cash request; treasury shortfalls separately reported,SHI,CONDITIONAL_FORECAST,BIZ-base-0001355,8,8,2027-08-31,base,FOUNDRY_FIELD,2400.0000,base-08-PAYMENT_REQUEST-AP-base-7-HOSTING-FF-029,BUSINESS_DRIVEN_FORECAST,foundry-field,2027
1000,asset,2026-09-09T00:00:00Z,OPERATING,2400.0000,0.0000,Scheduled vendor cash request; treasury shortfalls separately reported,SHI,CONDITIONAL_FORECAST,BIZ-base-0001355,8,8,2027-08-31,base,FOUNDRY_FIELD,-2400.0000,base-08-PAYMENT_REQUEST-AP-base-7-HOSTING-FF-029,BUSINESS_DRIVEN_FORECAST,foundry-field,2027
BIZ_AP,liability,2026-09-09T00:00:00Z,NONCASH_OR_OPENING,0.0000,3000.0000,Scheduled vendor cash request; treasury shortfalls separately reported,SHI,CONDITIONAL_FORECAST,BIZ-base-0001356,8,8,2027-08-31,base,FOUNDRY_FIELD,3000.0000,base-08-PAYMENT_REQUEST-AP-base-7-HOSTING-FF-030,BUSINESS_DRIVEN_FORECAST,foundry-field,2027
1000,asset,2026-09-09T00:00:00Z,OPERATING,3000.0000,0.0000,Scheduled vendor cash request; treasury shortfalls separately reported,SHI,CONDITIONAL_FORECAST,BIZ-base-0001356,8,8,2027-08-31,base,FOUNDRY_FIELD,-3000.0000,base-08-PAYMENT_REQUEST-AP-base-7-HOSTING-FF-030,BUSINESS_DRIVEN_FORECAST,foundry-field,2027
BIZ_AP,liability,2026-09-09T00:00:00Z,NONCASH_OR_OPENING,0.0000,3600.0000,Scheduled vendor cash request; treasury shortfalls separately reported,SHI,CONDITIONAL_FORECAST,BIZ-base-0001357,8,8,2027-08-31,base,FOUNDRY_FIELD,3600.0000,base-08-PAYMENT_REQUEST-AP-base-7-HOSTING-FF-031,BUSINESS_DRIVEN_FORECAST,foundry-field,2027
1000,asset,2026-09-09T00:00:00Z,OPERATING,3600.0000,0.0000,Scheduled vendor cash request; treasury shortfalls separately reported,SHI,CONDITIONAL_FORECAST,BIZ-base-0001357,8,8,2027-08-31,base,FOUNDRY_FIELD,-3600.0000,base-08-PAYMENT_REQUEST-AP-base-7-HOSTING-FF-031,BUSINESS_DRIVEN_FORECAST,foundry-field,2027
BIZ_AP,liability,2026-09-09T00:00:00Z,NONCASH_OR_OPENING,0.0000,1800.0000,Scheduled vendor cash request; treasury shortfalls separately reported,SHI,CONDITIONAL_FORECAST,BIZ-base-0001358,8,8,2027-08-31,base,FOUNDRY_FIELD,1800.0000,base-08-PAYMENT_REQUEST-AP-base-7-HOSTING-FF-032,BUSINESS_DRIVEN_FORECAST,foundry-field,2027
1000,asset,2026-09-09T00:00:00Z,OPERATING,1800.0000,0.0000,Scheduled vendor cash request; treasury shortfalls separately reported,SHI,CONDITIONAL_FORECAST,BIZ-base-0001358,8,8,2027-08-31,base,FOUNDRY_FIELD,-1800.0000,base-08-PAYMENT_REQUEST-AP-base-7-HOSTING-FF-032,BUSINESS_DRIVEN_FORECAST,foundry-field,2027
BIZ_AP,liability,2026-09-09T00:00:00Z,NONCASH_OR_OPENING,0.0000,2400.0000,Scheduled vendor cash request; treasury shortfalls separately reported,SHI,CONDITIONAL_FORECAST,BIZ-base-0001359,8,8,2027-08-31,base,FOUNDRY_FIELD,2400.0000,base-08-PAYMENT_REQUEST-AP-base-7-HOSTING-FF-033,BUSINESS_DRIVEN_FORECAST,foundry-field,2027
1000,asset,2026-09-09T00:00:00Z,OPERATING,2400.0000,0.0000,Scheduled vendor cash request; treasury shortfalls separately reported,SHI,CONDITIONAL_FORECAST,BIZ-base-0001359,8,8,2027-08-31,base,FOUNDRY_FIELD,-2400.0000,base-08-PAYMENT_REQUEST-AP-base-7-HOSTING-FF-033,BUSINESS_DRIVEN_FORECAST,foundry-field,2027
BIZ_AP,liability,2026-09-09T00:00:00Z,NONCASH_OR_OPENING,0.0000,3000.0000,Scheduled vendor cash request; treasury shortfalls separately reported,SHI,CONDITIONAL_FORECAST,BIZ-base-0001360,8,8,2027-08-31,base,FOUNDRY_FIELD,3000.0000,base-08-PAYMENT_REQUEST-AP-base-7-HOSTING-FF-034,BUSINESS_DRIVEN_FORECAST,foundry-field,2027
1000,asset,2026-09-09T00:00:00Z,OPERATING,3000.0000,0.0000,Scheduled vendor cash request; treasury shortfalls separately reported,SHI,CONDITIONAL_FORECAST,BIZ-base-0001360,8,8,2027-08-31,base,FOUNDRY_FIELD,-3000.0000,base-08-PAYMENT_REQUEST-AP-base-7-HOSTING-FF-034,BUSINESS_DRIVEN_FORECAST,foundry-field,2027
BIZ_AP,liability,2026-09-09T00:00:00Z,NONCASH_OR_OPENING,0.0000,3600.0000,Scheduled vendor cash request; treasury shortfalls separately reported,SHI,CONDITIONAL_FORECAST,BIZ-base-0001361,8,8,2027-08-31,base,FOUNDRY_FIELD,3600.0000,base-08-PAYMENT_REQUEST-AP-base-7-HOSTING-FF-035,BUSINESS_DRIVEN_FORECAST,foundry-field,2027
1000,asset,2026-09-09T00:00:00Z,OPERATING,3600.0000,0.0000,Scheduled vendor cash request; treasury shortfalls separately reported,SHI,CONDITIONAL_FORECAST,BIZ-base-0001361,8,8,2027-08-31,base,FOUNDRY_FIELD,-3600.0000,base-08-PAYMENT_REQUEST-AP-base-7-HOSTING-FF-035,BUSINESS_DRIVEN_FORECAST,foundry-field,2027
BIZ_AP,liability,2026-09-09T00:00:00Z,NONCASH_OR_OPENING,0.0000,1800.0000,Scheduled vendor cash request; treasury shortfalls separately reported,SHI,CONDITIONAL_FORECAST,BIZ-base-0001362,8,8,2027-08-31,base,FOUNDRY_FIELD,1800.0000,base-08-PAYMENT_REQUEST-AP-base-7-HOSTING-FF-036,BUSINESS_DRIVEN_FORECAST,foundry-field,2027
1000,asset,2026-09-09T00:00:00Z,OPERATING,1800.0000,0.0000,Scheduled vendor cash request; treasury shortfalls separately reported,SHI,CONDITIONAL_FORECAST,BIZ-base-0001362,8,8,2027-08-31,base,FOUNDRY_FIELD,-1800.0000,base-08-PAYMENT_REQUEST-AP-base-7-HOSTING-FF-036,BUSINESS_DRIVEN_FORECAST,foundry-field,2027
BIZ_PAYROLL,expense,2026-09-09T00:00:00Z,NONCASH_OR_OPENING,0.0000,1945416.6613,Effective-dated occupied-position payroll; conditional treasury settlement,SHI,CONDITIONAL_FORECAST,BIZ-base-0001390,8,8,2027-08-31,base,FOUNDRY_FIELD,1945416.6613,base-08-PAYROLL_REQUEST-foundry-field,BUSINESS_DRIVEN_FORECAST,foundry-field,2027
1000,asset,2026-09-09T00:00:00Z,OPERATING,1945416.6613,0.0000,Effective-dated occupied-position payroll; conditional treasury settlement,SHI,CONDITIONAL_FORECAST,BIZ-base-0001390,8,8,2027-08-31,base,FOUNDRY_FIELD,-1945416.6613,base-08-PAYROLL_REQUEST-foundry-field,BUSINESS_DRIVEN_FORECAST,foundry-field,2027
BIZ_DEFERRED,liability,2026-09-09T00:00:00Z,NONCASH_OR_OPENING,0.0000,125000.0000,Monthly service under effective contract version,SHI,CONDITIONAL_FORECAST,BIZ-base-0001397,8,8,2027-08-31,base,FOUNDRY_FIELD,125000.0000,base-08-SUBSCRIPTION_SERVICE-FF-001,BUSINESS_DRIVEN_FORECAST,foundry-field,2027
BIZ_REVENUE,revenue,2026-09-09T00:00:00Z,NONCASH_OR_OPENING,125000.0000,0.0000,Monthly service under effective contract version,SHI,CONDITIONAL_FORECAST,BIZ-base-0001397,8,8,2027-08-31,base,FOUNDRY_FIELD,-125000.0000,base-08-SUBSCRIPTION_SERVICE-FF-001,BUSINESS_DRIVEN_FORECAST,foundry-field,2027
BIZ_DELIVERY,expense,2026-09-09T00:00:00Z,NONCASH_OR_OPENING,0.0000,2400.0000,Source-driven vendor cost,SHI,CONDITIONAL_FORECAST,BIZ-base-0001398,8,8,2027-08-31,base,FOUNDRY_FIELD,2400.0000,base-08-COST-HOSTING-FF-001,BUSINESS_DRIVEN_FORECAST,foundry-field,2027
BIZ_AP,liability,2026-09-09T00:00:00Z,NONCASH_OR_OPENING,2400.0000,0.0000,Source-driven vendor cost,SHI,CONDITIONAL_FORECAST,BIZ-base-0001398,8,8,2027-08-31,base,FOUNDRY_FIELD,-2400.0000,base-08-COST-HOSTING-FF-001,BUSINESS_DRIVEN_FORECAST,foundry-field,2027
BIZ_DEFERRED,liability,2026-09-09T00:00:00Z,NONCASH_OR_OPENING,0.0000,135000.0000,Monthly service under effective contract version,SHI,CONDITIONAL_FORECAST,BIZ-base-0001399,8,8,2027-08-31,base,FOUNDRY_FIELD,135000.0000,base-08-SUBSCRIPTION_SERVICE-FF-002,BUSINESS_DRIVEN_FORECAST,foundry-field,2027
BIZ_REVENUE,revenue,2026-09-09T00:00:00Z,NONCASH_OR_OPENING,135000.0000,0.0000,Monthly service under effective contract version,SHI,CONDITIONAL_FORECAST,BIZ-base-0001399,8,8,2027-08-31,base,FOUNDRY_FIELD,-135000.0000,base-08-SUBSCRIPTION_SERVICE-FF-002,BUSINESS_DRIVEN_FORECAST,foundry-field,2027
BIZ_DELIVERY,expense,2026-09-09T00:00:00Z,NONCASH_OR_OPENING,0.0000,3000.0000,Source-driven vendor cost,SHI,CONDITIONAL_FORECAST,BIZ-base-0001400,8,8,2027-08-31,base,FOUNDRY_FIELD,3000.0000,base-08-COST-HOSTING-FF-002,BUSINESS_DRIVEN_FORECAST,foundry-field,2027
BIZ_AP,liability,2026-09-09T00:00:00Z,NONCASH_OR_OPENING,3000.0000,0.0000,Source-driven vendor cost,SHI,CONDITIONAL_FORECAST,BIZ-base-0001400,8,8,2027-08-31,base,FOUNDRY_FIELD,-3000.0000,base-08-COST-HOSTING-FF-002,BUSINESS_DRIVEN_FORECAST,foundry-field,2027
BIZ_DEFERRED,liability,2026-09-09T00:00:00Z,NONCASH_OR_OPENING,0.0000,145000.0000,"Credit reduces open claim, then written-off claim, then cash-backed refund",SHI,CONDITIONAL_FORECAST,BIZ-base-0001401,8,8,2027-08-31,base,FOUNDRY_FIELD,145000.0000,base-08-CREDIT_NOTE-SYN-AMEND-003-INV-base-FF-003-TERM-0,BUSINESS_DRIVEN_FORECAST,foundry-field,2027
BIZ_CREDIT_LOSS,expense,2026-09-09T00:00:00Z,NONCASH_OR_OPENING,145000.0000,0.0000,"Credit reduces open claim, then written-off claim, then cash-backed refund",SHI,CONDITIONAL_FORECAST,BIZ-base-0001401,8,8,2027-08-31,base,FOUNDRY_FIELD,-145000.0000,base-08-CREDIT_NOTE-SYN-AMEND-003-INV-base-FF-003-TERM-0,BUSINESS_DRIVEN_FORECAST,foundry-field,2027
BIZ_DEFERRED,liability,2026-09-09T00:00:00Z,NONCASH_OR_OPENING,0.0000,116000.0000,Monthly service under effective contract version,SHI,CONDITIONAL_FORECAST,BIZ-base-0001402,8,8,2027-08-31,base,FOUNDRY_FIELD,116000.0000,base-08-SUBSCRIPTION_SERVICE-FF-003,BUSINESS_DRIVEN_FORECAST,foundry-field,2027
BIZ_REVENUE,revenue,2026-09-09T00:00:00Z,NONCASH_OR_OPENING,116000.0000,0.0000,Monthly service under effective contract version,SHI,CONDITIONAL_FORECAST,BIZ-base-0001402,8,8,2027-08-31,base,FOUNDRY_FIELD,-116000.0000,base-08-SUBSCRIPTION_SERVICE-FF-003,BUSINESS_DRIVEN_FORECAST,foundry-field,2027
BIZ_DELIVERY,expense,2026-09-09T00:00:00Z,NONCASH_OR_OPENING,0.0000,3600.0000,Source-driven vendor cost,SHI,CONDITIONAL_FORECAST,BIZ-base-0001403,8,8,2027-08-31,base,FOUNDRY_FIELD,3600.0000,base-08-COST-HOSTING-FF-003,BUSINESS_DRIVEN_FORECAST,foundry-field,2027
BIZ_AP,liability,2026-09-09T00:00:00Z,NONCASH_OR_OPENING,3600.0000,0.0000,Source-driven vendor cost,SHI,CONDITIONAL_FORECAST,BIZ-base-0001403,8,8,2027-08-31,base,FOUNDRY_FIELD,-3600.0000,base-08-COST-HOSTING-FF-003,BUSINESS_DRIVEN_FORECAST,foundry-field,2027
BIZ_DEFERRED,liability,2026-09-09T00:00:00Z,NONCASH_OR_OPENING,0.0000,160000.0000,Monthly service under effective contract version,SHI,CONDITIONAL_FORECAST,BIZ-base-0001404,8,8,2027-08-31,base,FOUNDRY_FIELD,160000.0000,base-08-SUBSCRIPTION_SERVICE-FF-004,BUSINESS_DRIVEN_FORECAST,foundry-field,2027
BIZ_REVENUE,revenue,2026-09-09T00:00:00Z,NONCASH_OR_OPENING,160000.0000,0.0000,Monthly service under effective contract version,SHI,CONDITIONAL_FORECAST,BIZ-base-0001404,8,8,2027-08-31,base,FOUNDRY_FIELD,-160000.0000,base-08-SUBSCRIPTION_SERVICE-FF-004,BUSINESS_DRIVEN_FORECAST,foundry-field,2027
BIZ_DELIVERY,expense,2026-09-09T00:00:00Z,NONCASH_OR_OPENING,0.0000,1800.0000,Source-driven vendor cost,SHI,CONDITIONAL_FORECAST,BIZ-base-0001405,8,8,2027-08-31,base,FOUNDRY_FIELD,1800.0000,base-08-COST-HOSTING-FF-004,BUSINESS_DRIVEN_FORECAST,foundry-field,2027
BIZ_AP,liability,2026-09-09T00:00:00Z,NONCASH_OR_OPENING,1800.0000,0.0000,Source-driven vendor cost,SHI,CONDITIONAL_FORECAST,BIZ-base-0001405,8,8,2027-08-31,base,FOUNDRY_FIELD,-1800.0000,base-08-COST-HOSTING-FF-004,BUSINESS_DRIVEN_FORECAST,foundry-field,2027
BIZ_DEFERRED,liability,2026-09-09T00:00:00Z,NONCASH_OR_OPENING,0.0000,100000.0000,Monthly service under effective contract version,SHI,CONDITIONAL_FORECAST,BIZ-base-0001406,8,8,2027-08-31,base,FOUNDRY_FIELD,100000.0000,base-08-SUBSCRIPTION_SERVICE-FF-005,BUSINESS_DRIVEN_FORECAST,foundry-field,2027
BIZ_REVENUE,revenue,2026-09-09T00:00:00Z,NONCASH_OR_OPENING,100000.0000,0.0000,Monthly service under effective contract version,SHI,CONDITIONAL_FORECAST,BIZ-base-0001406,8,8,2027-08-31,base,FOUNDRY_FIELD,-100000.0000,base-08-SUBSCRIPTION_SERVICE-FF-005,BUSINESS_DRIVEN_FORECAST,foundry-field,2027
BIZ_DELIVERY,expense,2026-09-09T00:00:00Z,NONCASH_OR_OPENING,0.0000,2400.0000,Source-driven vendor cost,SHI,CONDITIONAL_FORECAST,BIZ-base-0001407,8,8,2027-08-31,base,FOUNDRY_FIELD,2400.0000,base-08-COST-HOSTING-FF-005,BUSINESS_DRIVEN_FORECAST,foundry-field,2027
BIZ_AP,liability,2026-09-09T00:00:00Z,NONCASH_OR_OPENING,2400.0000,0.0000,Source-driven vendor cost,SHI,CONDITIONAL_FORECAST,BIZ-base-0001407,8,8,2027-08-31,base,FOUNDRY_FIELD,-2400.0000,base-08-COST-HOSTING-FF-005,BUSINESS_DRIVEN_FORECAST,foundry-field,2027
BIZ_DEFERRED,liability,2026-09-09T00:00:00Z,NONCASH_OR_OPENING,0.0000,115000.0000,Monthly service under effective contract version,SHI,CONDITIONAL_FORECAST,BIZ-base-0001408,8,8,2027-08-31,base,FOUNDRY_FIELD,115000.0000,base-08-SUBSCRIPTION_SERVICE-FF-006,BUSINESS_DRIVEN_FORECAST,foundry-field,2027
BIZ_REVENUE,revenue,2026-09-09T00:00:00Z,NONCASH_OR_OPENING,115000.0000,0.0000,Monthly service under effective contract version,SHI,CONDITIONAL_FORECAST,BIZ-base-0001408,8,8,2027-08-31,base,FOUNDRY_FIELD,-115000.0000,base-08-SUBSCRIPTION_SERVICE-FF-006,BUSINESS_DRIVEN_FORECAST,foundry-field,2027
BIZ_DELIVERY,expense,2026-09-09T00:00:00Z,NONCASH_OR_OPENING,0.0000,3000.0000,Source-driven vendor cost,SHI,CONDITIONAL_FORECAST,BIZ-base-0001409,8,8,2027-08-31,base,FOUNDRY_FIELD,3000.0000,base-08-COST-HOSTING-FF-006,BUSINESS_DRIVEN_FORECAST,foundry-field,2027
BIZ_AP,liability,2026-09-09T00:00:00Z,NONCASH_OR_OPENING,3000.0000,0.0000,Source-driven vendor cost,SHI,CONDITIONAL_FORECAST,BIZ-base-0001409,8,8,2027-08-31,base,FOUNDRY_FIELD,-3000.0000,base-08-COST-HOSTING-FF-006,BUSINESS_DRIVEN_FORECAST,foundry-field,2027
BIZ_DEFERRED,liability,2026-09-09T00:00:00Z,NONCASH_OR_OPENING,0.0000,130000.0000,Monthly service under effective contract version,SHI,CONDITIONAL_FORECAST,BIZ-base-0001410,8,8,2027-08-31,base,FOUNDRY_FIELD,130000.0000,base-08-SUBSCRIPTION_SERVICE-FF-007,BUSINESS_DRIVEN_FORECAST,foundry-field,2027
BIZ_REVENUE,revenue,2026-09-09T00:00:00Z,NONCASH_OR_OPENING,130000.0000,0.0000,Monthly service under effective contract version,SHI,CONDITIONAL_FORECAST,BIZ-base-0001410,8,8,2027-08-31,base,FOUNDRY_FIELD,-130000.0000,base-08-SUBSCRIPTION_SERVICE-FF-007,BUSINESS_DRIVEN_FORECAST,foundry-field,2027
BIZ_DELIVERY,expense,2026-09-09T00:00:00Z,NONCASH_OR_OPENING,0.0000,3600.0000,Source-driven vendor cost,SHI,CONDITIONAL_FORECAST,BIZ-base-0001411,8,8,2027-08-31,base,FOUNDRY_FIELD,3600.0000,base-08-COST-HOSTING-FF-007,BUSINESS_DRIVEN_FORECAST,foundry-field,2027
BIZ_AP,liability,2026-09-09T00:00:00Z,NONCASH_OR_OPENING,3600.0000,0.0000,Source-driven vendor cost,SHI,CONDITIONAL_FORECAST,BIZ-base-0001411,8,8,2027-08-31,base,FOUNDRY_FIELD,-3600.0000,base-08-COST-HOSTING-FF-007,BUSINESS_DRIVEN_FORECAST,foundry-field,2027
BIZ_DEFERRED,liability,2026-09-09T00:00:00Z,NONCASH_OR_OPENING,0.0000,145000.0000,Monthly service under effective contract version,SHI,CONDITIONAL_FORECAST,BIZ-base-0001412,8,8,2027-08-31,base,FOUNDRY_FIELD,145000.0000,base-08-SUBSCRIPTION_SERVICE-FF-008,BUSINESS_DRIVEN_FORECAST,foundry-field,2027
BIZ_REVENUE,revenue,2026-09-09T00:00:00Z,NONCASH_OR_OPENING,145000.0000,0.0000,Monthly service under effective contract version,SHI,CONDITIONAL_FORECAST,BIZ-base-0001412,8,8,2027-08-31,base,FOUNDRY_FIELD,-145000.0000,base-08-SUBSCRIPTION_SERVICE-FF-008,BUSINESS_DRIVEN_FORECAST,foundry-field,2027
BIZ_DELIVERY,expense,2026-09-09T00:00:00Z,NONCASH_OR_OPENING,0.0000,1800.0000,Source-driven vendor cost,SHI,CONDITIONAL_FORECAST,BIZ-base-0001413,8,8,2027-08-31,base,FOUNDRY_FIELD,1800.0000,base-08-COST-HOSTING-FF-008,BUSINESS_DRIVEN_FORECAST,foundry-field,2027
BIZ_AP,liability,2026-09-09T00:00:00Z,NONCASH_OR_OPENING,1800.0000,0.0000,Source-driven vendor cost,SHI,CONDITIONAL_FORECAST,BIZ-base-0001413,8,8,2027-08-31,base,FOUNDRY_FIELD,-1800.0000,base-08-COST-HOSTING-FF-008,BUSINESS_DRIVEN_FORECAST,foundry-field,2027
BIZ_DEFERRED,liability,2026-09-09T00:00:00Z,NONCASH_OR_OPENING,0.0000,160000.0000,Monthly service under effective contract version,SHI,CONDITIONAL_FORECAST,BIZ-base-0001414,8,8,2027-08-31,base,FOUNDRY_FIELD,160000.0000,base-08-SUBSCRIPTION_SERVICE-FF-009,BUSINESS_DRIVEN_FORECAST,foundry-field,2027
BIZ_REVENUE,revenue,2026-09-09T00:00:00Z,NONCASH_OR_OPENING,160000.0000,0.0000,Monthly service under effective contract version,SHI,CONDITIONAL_FORECAST,BIZ-base-0001414,8,8,2027-08-31,base,FOUNDRY_FIELD,-160000.0000,base-08-SUBSCRIPTION_SERVICE-FF-009,BUSINESS_DRIVEN_FORECAST,foundry-field,2027
BIZ_DELIVERY,expense,2026-09-09T00:00:00Z,NONCASH_OR_OPENING,0.0000,2400.0000,Source-driven vendor cost,SHI,CONDITIONAL_FORECAST,BIZ-base-0001415,8,8,2027-08-31,base,FOUNDRY_FIELD,2400.0000,base-08-COST-HOSTING-FF-009,BUSINESS_DRIVEN_FORECAST,foundry-field,2027
BIZ_AP,liability,2026-09-09T00:00:00Z,NONCASH_OR_OPENING,2400.0000,0.0000,Source-driven vendor cost,SHI,CONDITIONAL_FORECAST,BIZ-base-0001415,8,8,2027-08-31,base,FOUNDRY_FIELD,-2400.0000,base-08-COST-HOSTING-FF-009,BUSINESS_DRIVEN_FORECAST,foundry-field,2027
BIZ_DEFERRED,liability,2026-09-09T00:00:00Z,NONCASH_OR_OPENING,0.0000,100000.0000,Monthly service under effective contract version,SHI,CONDITIONAL_FORECAST,BIZ-base-0001416,8,8,2027-08-31,base,FOUNDRY_FIELD,100000.0000,base-08-SUBSCRIPTION_SERVICE-FF-010,BUSINESS_DRIVEN_FORECAST,foundry-field,2027
BIZ_REVENUE,revenue,2026-09-09T00:00:00Z,NONCASH_OR_OPENING,100000.0000,0.0000,Monthly service under effective contract version,SHI,CONDITIONAL_FORECAST,BIZ-base-0001416,8,8,2027-08-31,base,FOUNDRY_FIELD,-100000.0000,base-08-SUBSCRIPTION_SERVICE-FF-010,BUSINESS_DRIVEN_FORECAST,foundry-field,2027
BIZ_DELIVERY,expense,2026-09-09T00:00:00Z,NONCASH_OR_OPENING,0.0000,3000.0000,Source-driven vendor cost,SHI,CONDITIONAL_FORECAST,BIZ-base-0001417,8,8,2027-08-31,base,FOUNDRY_FIELD,3000.0000,base-08-COST-HOSTING-FF-010,BUSINESS_DRIVEN_FORECAST,foundry-field,2027
BIZ_AP,liability,2026-09-09T00:00:00Z,NONCASH_OR_OPENING,3000.0000,0.0000,Source-driven vendor cost,SHI,CONDITIONAL_FORECAST,BIZ-base-0001417,8,8,2027-08-31,base,FOUNDRY_FIELD,-3000.0000,base-08-COST-HOSTING-FF-010,BUSINESS_DRIVEN_FORECAST,foundry-field,2027
BIZ_DEFERRED,liability,2026-09-09T00:00:00Z,NONCASH_OR_OPENING,0.0000,115000.0000,Monthly service under effective contract version,SHI,CONDITIONAL_FORECAST,BIZ-base-0001418,8,8,2027-08-31,base,FOUNDRY_FIELD,115000.0000,base-08-SUBSCRIPTION_SERVICE-FF-011,BUSINESS_DRIVEN_FORECAST,foundry-field,2027
BIZ_REVENUE,revenue,2026-09-09T00:00:00Z,NONCASH_OR_OPENING,115000.0000,0.0000,Monthly service under effective contract version,SHI,CONDITIONAL_FORECAST,BIZ-base-0001418,8,8,2027-08-31,base,FOUNDRY_FIELD,-115000.0000,base-08-SUBSCRIPTION_SERVICE-FF-011,BUSINESS_DRIVEN_FORECAST,foundry-field,2027
BIZ_DELIVERY,expense,2026-09-09T00:00:00Z,NONCASH_OR_OPENING,0.0000,3600.0000,Source-driven vendor cost,SHI,CONDITIONAL_FORECAST,BIZ-base-0001419,8,8,2027-08-31,base,FOUNDRY_FIELD,3600.0000,base-08-COST-HOSTING-FF-011,BUSINESS_DRIVEN_FORECAST,foundry-field,2027
BIZ_AP,liability,2026-09-09T00:00:00Z,NONCASH_OR_OPENING,3600.0000,0.0000,Source-driven vendor cost,SHI,CONDITIONAL_FORECAST,BIZ-base-0001419,8,8,2027-08-31,base,FOUNDRY_FIELD,-3600.0000,base-08-COST-HOSTING-FF-011,BUSINESS_DRIVEN_FORECAST,foundry-field,2027
BIZ_DEFERRED,liability,2026-09-09T00:00:00Z,NONCASH_OR_OPENING,0.0000,130000.0000,Monthly service under effective contract version,SHI,CONDITIONAL_FORECAST,BIZ-base-0001420,8,8,2027-08-31,base,FOUNDRY_FIELD,130000.0000,base-08-SUBSCRIPTION_SERVICE-FF-012,BUSINESS_DRIVEN_FORECAST,foundry-field,2027
BIZ_REVENUE,revenue,2026-09-09T00:00:00Z,NONCASH_OR_OPENING,130000.0000,0.0000,Monthly service under effective contract version,SHI,CONDITIONAL_FORECAST,BIZ-base-0001420,8,8,2027-08-31,base,FOUNDRY_FIELD,-130000.0000,base-08-SUBSCRIPTION_SERVICE-FF-012,BUSINESS_DRIVEN_FORECAST,foundry-field,2027
BIZ_DELIVERY,expense,2026-09-09T00:00:00Z,NONCASH_OR_OPENING,0.0000,1800.0000,Source-driven vendor cost,SHI,CONDITIONAL_FORECAST,BIZ-base-0001421,8,8,2027-08-31,base,FOUNDRY_FIELD,1800.0000,base-08-COST-HOSTING-FF-012,BUSINESS_DRIVEN_FORECAST,foundry-field,2027
BIZ_AP,liability,2026-09-09T00:00:00Z,NONCASH_OR_OPENING,1800.0000,0.0000,Source-driven vendor cost,SHI,CONDITIONAL_FORECAST,BIZ-base-0001421,8,8,2027-08-31,base,FOUNDRY_FIELD,-1800.0000,base-08-COST-HOSTING-FF-012,BUSINESS_DRIVEN_FORECAST,foundry-field,2027
BIZ_DEFERRED,liability,2026-09-09T00:00:00Z,NONCASH_OR_OPENING,0.0000,145000.0000,Monthly service under effective contract version,SHI,CONDITIONAL_FORECAST,BIZ-base-0001422,8,8,2027-08-31,base,FOUNDRY_FIELD,145000.0000,base-08-SUBSCRIPTION_SERVICE-FF-013,BUSINESS_DRIVEN_FORECAST,foundry-field,2027
BIZ_REVENUE,revenue,2026-09-09T00:00:00Z,NONCASH_OR_OPENING,145000.0000,0.0000,Monthly service under effective contract version,SHI,CONDITIONAL_FORECAST,BIZ-base-0001422,8,8,2027-08-31,base,FOUNDRY_FIELD,-145000.0000,base-08-SUBSCRIPTION_SERVICE-FF-013,BUSINESS_DRIVEN_FORECAST,foundry-field,2027
BIZ_DELIVERY,expense,2026-09-09T00:00:00Z,NONCASH_OR_OPENING,0.0000,2400.0000,Source-driven vendor cost,SHI,CONDITIONAL_FORECAST,BIZ-base-0001423,8,8,2027-08-31,base,FOUNDRY_FIELD,2400.0000,base-08-COST-HOSTING-FF-013,BUSINESS_DRIVEN_FORECAST,foundry-field,2027
BIZ_AP,liability,2026-09-09T00:00:00Z,NONCASH_OR_OPENING,2400.0000,0.0000,Source-driven vendor cost,SHI,CONDITIONAL_FORECAST,BIZ-base-0001423,8,8,2027-08-31,base,FOUNDRY_FIELD,-2400.0000,base-08-COST-HOSTING-FF-013,BUSINESS_DRIVEN_FORECAST,foundry-field,2027
BIZ_DEFERRED,liability,2026-09-09T00:00:00Z,NONCASH_OR_OPENING,0.0000,160000.0000,Monthly service under effective contract version,SHI,CONDITIONAL_FORECAST,BIZ-base-0001424,8,8,2027-08-31,base,FOUNDRY_FIELD,160000.0000,base-08-SUBSCRIPTION_SERVICE-FF-014,BUSINESS_DRIVEN_FORECAST,foundry-field,2027
BIZ_REVENUE,revenue,2026-09-09T00:00:00Z,NONCASH_OR_OPENING,160000.0000,0.0000,Monthly service under effective contract version,SHI,CONDITIONAL_FORECAST,BIZ-base-0001424,8,8,2027-08-31,base,FOUNDRY_FIELD,-160000.0000,base-08-SUBSCRIPTION_SERVICE-FF-014,BUSINESS_DRIVEN_FORECAST,foundry-field,2027
BIZ_DELIVERY,expense,2026-09-09T00:00:00Z,NONCASH_OR_OPENING,0.0000,3000.0000,Source-driven vendor cost,SHI,CONDITIONAL_FORECAST,BIZ-base-0001425,8,8,2027-08-31,base,FOUNDRY_FIELD,3000.0000,base-08-COST-HOSTING-FF-014,BUSINESS_DRIVEN_FORECAST,foundry-field,2027
BIZ_AP,liability,2026-09-09T00:00:00Z,NONCASH_OR_OPENING,3000.0000,0.0000,Source-driven vendor cost,SHI,CONDITIONAL_FORECAST,BIZ-base-0001425,8,8,2027-08-31,base,FOUNDRY_FIELD,-3000.0000,base-08-COST-HOSTING-FF-014,BUSINESS_DRIVEN_FORECAST,foundry-field,2027
BIZ_DEFERRED,liability,2026-09-09T00:00:00Z,NONCASH_OR_OPENING,0.0000,100000.0000,Monthly service under effective contract version,SHI,CONDITIONAL_FORECAST,BIZ-base-0001426,8,8,2027-08-31,base,FOUNDRY_FIELD,100000.0000,base-08-SUBSCRIPTION_SERVICE-FF-015,BUSINESS_DRIVEN_FORECAST,foundry-field,2027
BIZ_REVENUE,revenue,2026-09-09T00:00:00Z,NONCASH_OR_OPENING,100000.0000,0.0000,Monthly service under effective contract version,SHI,CONDITIONAL_FORECAST,BIZ-base-0001426,8,8,2027-08-31,base,FOUNDRY_FIELD,-100000.0000,base-08-SUBSCRIPTION_SERVICE-FF-015,BUSINESS_DRIVEN_FORECAST,foundry-field,2027
BIZ_DELIVERY,expense,2026-09-09T00:00:00Z,NONCASH_OR_OPENING,0.0000,3600.0000,Source-driven vendor cost,SHI,CONDITIONAL_FORECAST,BIZ-base-0001427,8,8,2027-08-31,base,FOUNDRY_FIELD,3600.0000,base-08-COST-HOSTING-FF-015,BUSINESS_DRIVEN_FORECAST,foundry-field,2027
BIZ_AP,liability,2026-09-09T00:00:00Z,NONCASH_OR_OPENING,3600.0000,0.0000,Source-driven vendor cost,SHI,CONDITIONAL_FORECAST,BIZ-base-0001427,8,8,2027-08-31,base,FOUNDRY_FIELD,-3600.0000,base-08-COST-HOSTING-FF-015,BUSINESS_DRIVEN_FORECAST,foundry-field,2027
BIZ_DEFERRED,liability,2026-09-09T00:00:00Z,NONCASH_OR_OPENING,0.0000,115000.0000,Monthly service under effective contract version,SHI,CONDITIONAL_FORECAST,BIZ-base-0001428,8,8,2027-08-31,base,FOUNDRY_FIELD,115000.0000,base-08-SUBSCRIPTION_SERVICE-FF-016,BUSINESS_DRIVEN_FORECAST,foundry-field,2027
BIZ_REVENUE,revenue,2026-09-09T00:00:00Z,NONCASH_OR_OPENING,115000.0000,0.0000,Monthly service under effective contract version,SHI,CONDITIONAL_FORECAST,BIZ-base-0001428,8,8,2027-08-31,base,FOUNDRY_FIELD,-115000.0000,base-08-SUBSCRIPTION_SERVICE-FF-016,BUSINESS_DRIVEN_FORECAST,foundry-field,2027
BIZ_DELIVERY,expense,2026-09-09T00:00:00Z,NONCASH_OR_OPENING,0.0000,1800.0000,Source-driven vendor cost,SHI,CONDITIONAL_FORECAST,BIZ-base-0001429,8,8,2027-08-31,base,FOUNDRY_FIELD,1800.0000,base-08-COST-HOSTING-FF-016,BUSINESS_DRIVEN_FORECAST,foundry-field,2027
BIZ_AP,liability,2026-09-09T00:00:00Z,NONCASH_OR_OPENING,1800.0000,0.0000,Source-driven vendor cost,SHI,CONDITIONAL_FORECAST,BIZ-base-0001429,8,8,2027-08-31,base,FOUNDRY_FIELD,-1800.0000,base-08-COST-HOSTING-FF-016,BUSINESS_DRIVEN_FORECAST,foundry-field,2027
BIZ_DEFERRED,liability,2026-09-09T00:00:00Z,NONCASH_OR_OPENING,0.0000,130000.0000,Monthly service under effective contract version,SHI,CONDITIONAL_FORECAST,BIZ-base-0001430,8,8,2027-08-31,base,FOUNDRY_FIELD,130000.0000,base-08-SUBSCRIPTION_SERVICE-FF-017,BUSINESS_DRIVEN_FORECAST,foundry-field,2027
BIZ_REVENUE,revenue,2026-09-09T00:00:00Z,NONCASH_OR_OPENING,130000.0000,0.0000,Monthly service under effective contract version,SHI,CONDITIONAL_FORECAST,BIZ-base-0001430,8,8,2027-08-31,base,FOUNDRY_FIELD,-130000.0000,base-08-SUBSCRIPTION_SERVICE-FF-017,BUSINESS_DRIVEN_FORECAST,foundry-field,2027
BIZ_DELIVERY,expense,2026-09-09T00:00:00Z,NONCASH_OR_OPENING,0.0000,2400.0000,Source-driven vendor cost,SHI,CONDITIONAL_FORECAST,BIZ-base-0001431,8,8,2027-08-31,base,FOUNDRY_FIELD,2400.0000,base-08-COST-HOSTING-FF-017,BUSINESS_DRIVEN_FORECAST,foundry-field,2027
BIZ_AP,liability,2026-09-09T00:00:00Z,NONCASH_OR_OPENING,2400.0000,0.0000,Source-driven vendor cost,SHI,CONDITIONAL_FORECAST,BIZ-base-0001431,8,8,2027-08-31,base,FOUNDRY_FIELD,-2400.0000,base-08-COST-HOSTING-FF-017,BUSINESS_DRIVEN_FORECAST,foundry-field,2027
BIZ_DEFERRED,liability,2026-09-09T00:00:00Z,NONCASH_OR_OPENING,0.0000,145000.0000,Monthly service under effective contract version,SHI,CONDITIONAL_FORECAST,BIZ-base-0001432,8,8,2027-08-31,base,FOUNDRY_FIELD,145000.0000,base-08-SUBSCRIPTION_SERVICE-FF-018,BUSINESS_DRIVEN_FORECAST,foundry-field,2027
BIZ_REVENUE,revenue,2026-09-09T00:00:00Z,NONCASH_OR_OPENING,145000.0000,0.0000,Monthly service under effective contract version,SHI,CONDITIONAL_FORECAST,BIZ-base-0001432,8,8,2027-08-31,base,FOUNDRY_FIELD,-145000.0000,base-08-SUBSCRIPTION_SERVICE-FF-018,BUSINESS_DRIVEN_FORECAST,foundry-field,2027
BIZ_DELIVERY,expense,2026-09-09T00:00:00Z,NONCASH_OR_OPENING,0.0000,3000.0000,Source-driven vendor cost,SHI,CONDITIONAL_FORECAST,BIZ-base-0001433,8,8,2027-08-31,base,FOUNDRY_FIELD,3000.0000,base-08-COST-HOSTING-FF-018,BUSINESS_DRIVEN_FORECAST,foundry-field,2027
BIZ_AP,liability,2026-09-09T00:00:00Z,NONCASH_OR_OPENING,3000.0000,0.0000,Source-driven vendor cost,SHI,CONDITIONAL_FORECAST,BIZ-base-0001433,8,8,2027-08-31,base,FOUNDRY_FIELD,-3000.0000,base-08-COST-HOSTING-FF-018,BUSINESS_DRIVEN_FORECAST,foundry-field,2027
BIZ_DEFERRED,liability,2026-09-09T00:00:00Z,NONCASH_OR_OPENING,0.0000,160000.0000,Monthly service under effective contract version,SHI,CONDITIONAL_FORECAST,BIZ-base-0001434,8,8,2027-08-31,base,FOUNDRY_FIELD,160000.0000,base-08-SUBSCRIPTION_SERVICE-FF-019,BUSINESS_DRIVEN_FORECAST,foundry-field,2027
BIZ_REVENUE,revenue,2026-09-09T00:00:00Z,NONCASH_OR_OPENING,160000.0000,0.0000,Monthly service under effective contract version,SHI,CONDITIONAL_FORECAST,BIZ-base-0001434,8,8,2027-08-31,base,FOUNDRY_FIELD,-160000.0000,base-08-SUBSCRIPTION_SERVICE-FF-019,BUSINESS_DRIVEN_FORECAST,foundry-field,2027
BIZ_DELIVERY,expense,2026-09-09T00:00:00Z,NONCASH_OR_OPENING,0.0000,3600.0000,Source-driven vendor cost,SHI,CONDITIONAL_FORECAST,BIZ-base-0001435,8,8,2027-08-31,base,FOUNDRY_FIELD,3600.0000,base-08-COST-HOSTING-FF-019,BUSINESS_DRIVEN_FORECAST,foundry-field,2027
BIZ_AP,liability,2026-09-09T00:00:00Z,NONCASH_OR_OPENING,3600.0000,0.0000,Source-driven vendor cost,SHI,CONDITIONAL_FORECAST,BIZ-base-0001435,8,8,2027-08-31,base,FOUNDRY_FIELD,-3600.0000,base-08-COST-HOSTING-FF-019,BUSINESS_DRIVEN_FORECAST,foundry-field,2027
BIZ_DEFERRED,liability,2026-09-09T00:00:00Z,NONCASH_OR_OPENING,0.0000,100000.0000,Monthly service under effective contract version,SHI,CONDITIONAL_FORECAST,BIZ-base-0001436,8,8,2027-08-31,base,FOUNDRY_FIELD,100000.0000,base-08-SUBSCRIPTION_SERVICE-FF-020,BUSINESS_DRIVEN_FORECAST,foundry-field,2027
BIZ_REVENUE,revenue,2026-09-09T00:00:00Z,NONCASH_OR_OPENING,100000.0000,0.0000,Monthly service under effective contract version,SHI,CONDITIONAL_FORECAST,BIZ-base-0001436,8,8,2027-08-31,base,FOUNDRY_FIELD,-100000.0000,base-08-SUBSCRIPTION_SERVICE-FF-020,BUSINESS_DRIVEN_FORECAST,foundry-field,2027
BIZ_DELIVERY,expense,2026-09-09T00:00:00Z,NONCASH_OR_OPENING,0.0000,1800.0000,Source-driven vendor cost,SHI,CONDITIONAL_FORECAST,BIZ-base-0001437,8,8,2027-08-31,base,FOUNDRY_FIELD,1800.0000,base-08-COST-HOSTING-FF-020,BUSINESS_DRIVEN_FORECAST,foundry-field,2027
BIZ_AP,liability,2026-09-09T00:00:00Z,NONCASH_OR_OPENING,1800.0000,0.0000,Source-driven vendor cost,SHI,CONDITIONAL_FORECAST,BIZ-base-0001437,8,8,2027-08-31,base,FOUNDRY_FIELD,-1800.0000,base-08-COST-HOSTING-FF-020,BUSINESS_DRIVEN_FORECAST,foundry-field,2027
BIZ_DEFERRED,liability,2026-09-09T00:00:00Z,NONCASH_OR_OPENING,0.0000,115000.0000,Monthly service under effective contract version,SHI,CONDITIONAL_FORECAST,BIZ-base-0001438,8,8,2027-08-31,base,FOUNDRY_FIELD,115000.0000,base-08-SUBSCRIPTION_SERVICE-FF-021,BUSINESS_DRIVEN_FORECAST,foundry-field,2027
BIZ_REVENUE,revenue,2026-09-09T00:00:00Z,NONCASH_OR_OPENING,115000.0000,0.0000,Monthly service under effective contract version,SHI,CONDITIONAL_FORECAST,BIZ-base-0001438,8,8,2027-08-31,base,FOUNDRY_FIELD,-115000.0000,base-08-SUBSCRIPTION_SERVICE-FF-021,BUSINESS_DRIVEN_FORECAST,foundry-field,2027
BIZ_DELIVERY,expense,2026-09-09T00:00:00Z,NONCASH_OR_OPENING,0.0000,2400.0000,Source-driven vendor cost,SHI,CONDITIONAL_FORECAST,BIZ-base-0001439,8,8,2027-08-31,base,FOUNDRY_FIELD,2400.0000,base-08-COST-HOSTING-FF-021,BUSINESS_DRIVEN_FORECAST,foundry-field,2027
BIZ_AP,liability,2026-09-09T00:00:00Z,NONCASH_OR_OPENING,2400.0000,0.0000,Source-driven vendor cost,SHI,CONDITIONAL_FORECAST,BIZ-base-0001439,8,8,2027-08-31,base,FOUNDRY_FIELD,-2400.0000,base-08-COST-HOSTING-FF-021,BUSINESS_DRIVEN_FORECAST,foundry-field,2027
BIZ_DEFERRED,liability,2026-09-09T00:00:00Z,NONCASH_OR_OPENING,0.0000,130000.0000,Monthly service under effective contract version,SHI,CONDITIONAL_FORECAST,BIZ-base-0001440,8,8,2027-08-31,base,FOUNDRY_FIELD,130000.0000,base-08-SUBSCRIPTION_SERVICE-FF-022,BUSINESS_DRIVEN_FORECAST,foundry-field,2027
BIZ_REVENUE,revenue,2026-09-09T00:00:00Z,NONCASH_OR_OPENING,130000.0000,0.0000,Monthly service under effective contract version,SHI,CONDITIONAL_FORECAST,BIZ-base-0001440,8,8,2027-08-31,base,FOUNDRY_FIELD,-130000.0000,base-08-SUBSCRIPTION_SERVICE-FF-022,BUSINESS_DRIVEN_FORECAST,foundry-field,2027
BIZ_DELIVERY,expense,2026-09-09T00:00:00Z,NONCASH_OR_OPENING,0.0000,3000.0000,Source-driven vendor cost,SHI,CONDITIONAL_FORECAST,BIZ-base-0001441,8,8,2027-08-31,base,FOUNDRY_FIELD,3000.0000,base-08-COST-HOSTING-FF-022,BUSINESS_DRIVEN_FORECAST,foundry-field,2027
BIZ_AP,liability,2026-09-09T00:00:00Z,NONCASH_OR_OPENING,3000.0000,0.0000,Source-driven vendor cost,SHI,CONDITIONAL_FORECAST,BIZ-base-0001441,8,8,2027-08-31,base,FOUNDRY_FIELD,-3000.0000,base-08-COST-HOSTING-FF-022,BUSINESS_DRIVEN_FORECAST,foundry-field,2027
BIZ_DEFERRED,liability,2026-09-09T00:00:00Z,NONCASH_OR_OPENING,0.0000,145000.0000,Monthly service under effective contract version,SHI,CONDITIONAL_FORECAST,BIZ-base-0001442,8,8,2027-08-31,base,FOUNDRY_FIELD,145000.0000,base-08-SUBSCRIPTION_SERVICE-FF-023,BUSINESS_DRIVEN_FORECAST,foundry-field,2027
BIZ_REVENUE,revenue,2026-09-09T00:00:00Z,NONCASH_OR_OPENING,145000.0000,0.0000,Monthly service under effective contract version,SHI,CONDITIONAL_FORECAST,BIZ-base-0001442,8,8,2027-08-31,base,FOUNDRY_FIELD,-145000.0000,base-08-SUBSCRIPTION_SERVICE-FF-023,BUSINESS_DRIVEN_FORECAST,foundry-field,2027
BIZ_DELIVERY,expense,2026-09-09T00:00:00Z,NONCASH_OR_OPENING,0.0000,3600.0000,Source-driven vendor cost,SHI,CONDITIONAL_FORECAST,BIZ-base-0001443,8,8,2027-08-31,base,FOUNDRY_FIELD,3600.0000,base-08-COST-HOSTING-FF-023,BUSINESS_DRIVEN_FORECAST,foundry-field,2027
BIZ_AP,liability,2026-09-09T00:00:00Z,NONCASH_OR_OPENING,3600.0000,0.0000,Source-driven vendor cost,SHI,CONDITIONAL_FORECAST,BIZ-base-0001443,8,8,2027-08-31,base,FOUNDRY_FIELD,-3600.0000,base-08-COST-HOSTING-FF-023,BUSINESS_DRIVEN_FORECAST,foundry-field,2027
BIZ_DEFERRED,liability,2026-09-09T00:00:00Z,NONCASH_OR_OPENING,0.0000,160000.0000,Monthly service under effective contract version,SHI,CONDITIONAL_FORECAST,BIZ-base-0001444,8,8,2027-08-31,base,FOUNDRY_FIELD,160000.0000,base-08-SUBSCRIPTION_SERVICE-FF-024,BUSINESS_DRIVEN_FORECAST,foundry-field,2027
BIZ_REVENUE,revenue,2026-09-09T00:00:00Z,NONCASH_OR_OPENING,160000.0000,0.0000,Monthly service under effective contract version,SHI,CONDITIONAL_FORECAST,BIZ-base-0001444,8,8,2027-08-31,base,FOUNDRY_FIELD,-160000.0000,base-08-SUBSCRIPTION_SERVICE-FF-024,BUSINESS_DRIVEN_FORECAST,foundry-field,2027
BIZ_DELIVERY,expense,2026-09-09T00:00:00Z,NONCASH_OR_OPENING,0.0000,1800.0000,Source-driven vendor cost,SHI,CONDITIONAL_FORECAST,BIZ-base-0001445,8,8,2027-08-31,base,FOUNDRY_FIELD,1800.0000,base-08-COST-HOSTING-FF-024,BUSINESS_DRIVEN_FORECAST,foundry-field,2027
BIZ_AP,liability,2026-09-09T00:00:00Z,NONCASH_OR_OPENING,1800.0000,0.0000,Source-driven vendor cost,SHI,CONDITIONAL_FORECAST,BIZ-base-0001445,8,8,2027-08-31,base,FOUNDRY_FIELD,-1800.0000,base-08-COST-HOSTING-FF-024,BUSINESS_DRIVEN_FORECAST,foundry-field,2027
BIZ_DEFERRED,liability,2026-09-09T00:00:00Z,NONCASH_OR_OPENING,0.0000,100000.0000,Monthly service under effective contract version,SHI,CONDITIONAL_FORECAST,BIZ-base-0001446,8,8,2027-08-31,base,FOUNDRY_FIELD,100000.0000,base-08-SUBSCRIPTION_SERVICE-FF-025,BUSINESS_DRIVEN_FORECAST,foundry-field,2027
BIZ_REVENUE,revenue,2026-09-09T00:00:00Z,NONCASH_OR_OPENING,100000.0000,0.0000,Monthly service under effective contract version,SHI,CONDITIONAL_FORECAST,BIZ-base-0001446,8,8,2027-08-31,base,FOUNDRY_FIELD,-100000.0000,base-08-SUBSCRIPTION_SERVICE-FF-025,BUSINESS_DRIVEN_FORECAST,foundry-field,2027
BIZ_DELIVERY,expense,2026-09-09T00:00:00Z,NONCASH_OR_OPENING,0.0000,2400.0000,Source-driven vendor cost,SHI,CONDITIONAL_FORECAST,BIZ-base-0001447,8,8,2027-08-31,base,FOUNDRY_FIELD,2400.0000,base-08-COST-HOSTING-FF-025,BUSINESS_DRIVEN_FORECAST,foundry-field,2027
BIZ_AP,liability,2026-09-09T00:00:00Z,NONCASH_OR_OPENING,2400.0000,0.0000,Source-driven vendor cost,SHI,CONDITIONAL_FORECAST,BIZ-base-0001447,8,8,2027-08-31,base,FOUNDRY_FIELD,-2400.0000,base-08-COST-HOSTING-FF-025,BUSINESS_DRIVEN_FORECAST,foundry-field,2027
BIZ_DEFERRED,liability,2026-09-09T00:00:00Z,NONCASH_OR_OPENING,0.0000,115000.0000,Monthly service under effective contract version,SHI,CONDITIONAL_FORECAST,BIZ-base-0001448,8,8,2027-08-31,base,FOUNDRY_FIELD,115000.0000,base-08-SUBSCRIPTION_SERVICE-FF-026,BUSINESS_DRIVEN_FORECAST,foundry-field,2027
BIZ_REVENUE,revenue,2026-09-09T00:00:00Z,NONCASH_OR_OPENING,115000.0000,0.0000,Monthly service under effective contract version,SHI,CONDITIONAL_FORECAST,BIZ-base-0001448,8,8,2027-08-31,base,FOUNDRY_FIELD,-115000.0000,base-08-SUBSCRIPTION_SERVICE-FF-026,BUSINESS_DRIVEN_FORECAST,foundry-field,2027
BIZ_DELIVERY,expense,2026-09-09T00:00:00Z,NONCASH_OR_OPENING,0.0000,3000.0000,Source-driven vendor cost,SHI,CONDITIONAL_FORECAST,BIZ-base-0001449,8,8,2027-08-31,base,FOUNDRY_FIELD,3000.0000,base-08-COST-HOSTING-FF-026,BUSINESS_DRIVEN_FORECAST,foundry-field,2027
BIZ_AP,liability,2026-09-09T00:00:00Z,NONCASH_OR_OPENING,3000.0000,0.0000,Source-driven vendor cost,SHI,CONDITIONAL_FORECAST,BIZ-base-0001449,8,8,2027-08-31,base,FOUNDRY_FIELD,-3000.0000,base-08-COST-HOSTING-FF-026,BUSINESS_DRIVEN_FORECAST,foundry-field,2027
BIZ_DEFERRED,liability,2026-09-09T00:00:00Z,NONCASH_OR_OPENING,0.0000,130000.0000,Monthly service under effective contract version,SHI,CONDITIONAL_FORECAST,BIZ-base-0001450,8,8,2027-08-31,base,FOUNDRY_FIELD,130000.0000,base-08-SUBSCRIPTION_SERVICE-FF-027,BUSINESS_DRIVEN_FORECAST,foundry-field,2027
BIZ_REVENUE,revenue,2026-09-09T00:00:00Z,NONCASH_OR_OPENING,130000.0000,0.0000,Monthly service under effective contract version,SHI,CONDITIONAL_FORECAST,BIZ-base-0001450,8,8,2027-08-31,base,FOUNDRY_FIELD,-130000.0000,base-08-SUBSCRIPTION_SERVICE-FF-027,BUSINESS_DRIVEN_FORECAST,foundry-field,2027
BIZ_DELIVERY,expense,2026-09-09T00:00:00Z,NONCASH_OR_OPENING,0.0000,3600.0000,Source-driven vendor cost,SHI,CONDITIONAL_FORECAST,BIZ-base-0001451,8,8,2027-08-31,base,FOUNDRY_FIELD,3600.0000,base-08-COST-HOSTING-FF-027,BUSINESS_DRIVEN_FORECAST,foundry-field,2027
BIZ_AP,liability,2026-09-09T00:00:00Z,NONCASH_OR_OPENING,3600.0000,0.0000,Source-driven vendor cost,SHI,CONDITIONAL_FORECAST,BIZ-base-0001451,8,8,2027-08-31,base,FOUNDRY_FIELD,-3600.0000,base-08-COST-HOSTING-FF-027,BUSINESS_DRIVEN_FORECAST,foundry-field,2027
BIZ_DEFERRED,liability,2026-09-09T00:00:00Z,NONCASH_OR_OPENING,0.0000,145000.0000,Monthly service under effective contract version,SHI,CONDITIONAL_FORECAST,BIZ-base-0001452,8,8,2027-08-31,base,FOUNDRY_FIELD,145000.0000,base-08-SUBSCRIPTION_SERVICE-FF-028,BUSINESS_DRIVEN_FORECAST,foundry-field,2027
BIZ_REVENUE,revenue,2026-09-09T00:00:00Z,NONCASH_OR_OPENING,145000.0000,0.0000,Monthly service under effective contract version,SHI,CONDITIONAL_FORECAST,BIZ-base-0001452,8,8,2027-08-31,base,FOUNDRY_FIELD,-145000.0000,base-08-SUBSCRIPTION_SERVICE-FF-028,BUSINESS_DRIVEN_FORECAST,foundry-field,2027
BIZ_DELIVERY,expense,2026-09-09T00:00:00Z,NONCASH_OR_OPENING,0.0000,1800.0000,Source-driven vendor cost,SHI,CONDITIONAL_FORECAST,BIZ-base-0001453,8,8,2027-08-31,base,FOUNDRY_FIELD,1800.0000,base-08-COST-HOSTING-FF-028,BUSINESS_DRIVEN_FORECAST,foundry-field,2027
BIZ_AP,liability,2026-09-09T00:00:00Z,NONCASH_OR_OPENING,1800.0000,0.0000,Source-driven vendor cost,SHI,CONDITIONAL_FORECAST,BIZ-base-0001453,8,8,2027-08-31,base,FOUNDRY_FIELD,-1800.0000,base-08-COST-HOSTING-FF-028,BUSINESS_DRIVEN_FORECAST,foundry-field,2027
BIZ_DEFERRED,liability,2026-09-09T00:00:00Z,NONCASH_OR_OPENING,0.0000,160000.0000,Monthly service under effective contract version,SHI,CONDITIONAL_FORECAST,BIZ-base-0001454,8,8,2027-08-31,base,FOUNDRY_FIELD,160000.0000,base-08-SUBSCRIPTION_SERVICE-FF-029,BUSINESS_DRIVEN_FORECAST,foundry-field,2027
BIZ_REVENUE,revenue,2026-09-09T00:00:00Z,NONCASH_OR_OPENING,160000.0000,0.0000,Monthly service under effective contract version,SHI,CONDITIONAL_FORECAST,BIZ-base-0001454,8,8,2027-08-31,base,FOUNDRY_FIELD,-160000.0000,base-08-SUBSCRIPTION_SERVICE-FF-029,BUSINESS_DRIVEN_FORECAST,foundry-field,2027
BIZ_DELIVERY,expense,2026-09-09T00:00:00Z,NONCASH_OR_OPENING,0.0000,2400.0000,Source-driven vendor cost,SHI,CONDITIONAL_FORECAST,BIZ-base-0001455,8,8,2027-08-31,base,FOUNDRY_FIELD,2400.0000,base-08-COST-HOSTING-FF-029,BUSINESS_DRIVEN_FORECAST,foundry-field,2027
BIZ_AP,liability,2026-09-09T00:00:00Z,NONCASH_OR_OPENING,2400.0000,0.0000,Source-driven vendor cost,SHI,CONDITIONAL_FORECAST,BIZ-base-0001455,8,8,2027-08-31,base,FOUNDRY_FIELD,-2400.0000,base-08-COST-HOSTING-FF-029,BUSINESS_DRIVEN_FORECAST,foundry-field,2027
BIZ_DEFERRED,liability,2026-09-09T00:00:00Z,NONCASH_OR_OPENING,0.0000,100000.0000,Monthly service under effective contract version,SHI,CONDITIONAL_FORECAST,BIZ-base-0001456,8,8,2027-08-31,base,FOUNDRY_FIELD,100000.0000,base-08-SUBSCRIPTION_SERVICE-FF-030,BUSINESS_DRIVEN_FORECAST,foundry-field,2027
BIZ_REVENUE,revenue,2026-09-09T00:00:00Z,NONCASH_OR_OPENING,100000.0000,0.0000,Monthly service under effective contract version,SHI,CONDITIONAL_FORECAST,BIZ-base-0001456,8,8,2027-08-31,base,FOUNDRY_FIELD,-100000.0000,base-08-SUBSCRIPTION_SERVICE-FF-030,BUSINESS_DRIVEN_FORECAST,foundry-field,2027
BIZ_DELIVERY,expense,2026-09-09T00:00:00Z,NONCASH_OR_OPENING,0.0000,3000.0000,Source-driven vendor cost,SHI,CONDITIONAL_FORECAST,BIZ-base-0001457,8,8,2027-08-31,base,FOUNDRY_FIELD,3000.0000,base-08-COST-HOSTING-FF-030,BUSINESS_DRIVEN_FORECAST,foundry-field,2027
BIZ_AP,liability,2026-09-09T00:00:00Z,NONCASH_OR_OPENING,3000.0000,0.0000,Source-driven vendor cost,SHI,CONDITIONAL_FORECAST,BIZ-base-0001457,8,8,2027-08-31,base,FOUNDRY_FIELD,-3000.0000,base-08-COST-HOSTING-FF-030,BUSINESS_DRIVEN_FORECAST,foundry-field,2027
BIZ_DEFERRED,liability,2026-09-09T00:00:00Z,NONCASH_OR_OPENING,0.0000,115000.0000,Monthly service under effective contract version,SHI,CONDITIONAL_FORECAST,BIZ-base-0001458,8,8,2027-08-31,base,FOUNDRY_FIELD,115000.0000,base-08-SUBSCRIPTION_SERVICE-FF-031,BUSINESS_DRIVEN_FORECAST,foundry-field,2027
BIZ_REVENUE,revenue,2026-09-09T00:00:00Z,NONCASH_OR_OPENING,115000.0000,0.0000,Monthly service under effective contract version,SHI,CONDITIONAL_FORECAST,BIZ-base-0001458,8,8,2027-08-31,base,FOUNDRY_FIELD,-115000.0000,base-08-SUBSCRIPTION_SERVICE-FF-031,BUSINESS_DRIVEN_FORECAST,foundry-field,2027
BIZ_DELIVERY,expense,2026-09-09T00:00:00Z,NONCASH_OR_OPENING,0.0000,3600.0000,Source-driven vendor cost,SHI,CONDITIONAL_FORECAST,BIZ-base-0001459,8,8,2027-08-31,base,FOUNDRY_FIELD,3600.0000,base-08-COST-HOSTING-FF-031,BUSINESS_DRIVEN_FORECAST,foundry-field,2027
BIZ_AP,liability,2026-09-09T00:00:00Z,NONCASH_OR_OPENING,3600.0000,0.0000,Source-driven vendor cost,SHI,CONDITIONAL_FORECAST,BIZ-base-0001459,8,8,2027-08-31,base,FOUNDRY_FIELD,-3600.0000,base-08-COST-HOSTING-FF-031,BUSINESS_DRIVEN_FORECAST,foundry-field,2027
BIZ_DEFERRED,liability,2026-09-09T00:00:00Z,NONCASH_OR_OPENING,0.0000,130000.0000,Monthly service under effective contract version,SHI,CONDITIONAL_FORECAST,BIZ-base-0001460,8,8,2027-08-31,base,FOUNDRY_FIELD,130000.0000,base-08-SUBSCRIPTION_SERVICE-FF-032,BUSINESS_DRIVEN_FORECAST,foundry-field,2027
BIZ_REVENUE,revenue,2026-09-09T00:00:00Z,NONCASH_OR_OPENING,130000.0000,0.0000,Monthly service under effective contract version,SHI,CONDITIONAL_FORECAST,BIZ-base-0001460,8,8,2027-08-31,base,FOUNDRY_FIELD,-130000.0000,base-08-SUBSCRIPTION_SERVICE-FF-032,BUSINESS_DRIVEN_FORECAST,foundry-field,2027
BIZ_DELIVERY,expense,2026-09-09T00:00:00Z,NONCASH_OR_OPENING,0.0000,1800.0000,Source-driven vendor cost,SHI,CONDITIONAL_FORECAST,BIZ-base-0001461,8,8,2027-08-31,base,FOUNDRY_FIELD,1800.0000,base-08-COST-HOSTING-FF-032,BUSINESS_DRIVEN_FORECAST,foundry-field,2027
BIZ_AP,liability,2026-09-09T00:00:00Z,NONCASH_OR_OPENING,1800.0000,0.0000,Source-driven vendor cost,SHI,CONDITIONAL_FORECAST,BIZ-base-0001461,8,8,2027-08-31,base,FOUNDRY_FIELD,-1800.0000,base-08-COST-HOSTING-FF-032,BUSINESS_DRIVEN_FORECAST,foundry-field,2027
BIZ_DEFERRED,liability,2026-09-09T00:00:00Z,NONCASH_OR_OPENING,0.0000,145000.0000,Monthly service under effective contract version,SHI,CONDITIONAL_FORECAST,BIZ-base-0001462,8,8,2027-08-31,base,FOUNDRY_FIELD,145000.0000,base-08-SUBSCRIPTION_SERVICE-FF-033,BUSINESS_DRIVEN_FORECAST,foundry-field,2027
BIZ_REVENUE,revenue,2026-09-09T00:00:00Z,NONCASH_OR_OPENING,145000.0000,0.0000,Monthly service under effective contract version,SHI,CONDITIONAL_FORECAST,BIZ-base-0001462,8,8,2027-08-31,base,FOUNDRY_FIELD,-145000.0000,base-08-SUBSCRIPTION_SERVICE-FF-033,BUSINESS_DRIVEN_FORECAST,foundry-field,2027
BIZ_DELIVERY,expense,2026-09-09T00:00:00Z,NONCASH_OR_OPENING,0.0000,2400.0000,Source-driven vendor cost,SHI,CONDITIONAL_FORECAST,BIZ-base-0001463,8,8,2027-08-31,base,FOUNDRY_FIELD,2400.0000,base-08-COST-HOSTING-FF-033,BUSINESS_DRIVEN_FORECAST,foundry-field,2027
BIZ_AP,liability,2026-09-09T00:00:00Z,NONCASH_OR_OPENING,2400.0000,0.0000,Source-driven vendor cost,SHI,CONDITIONAL_FORECAST,BIZ-base-0001463,8,8,2027-08-31,base,FOUNDRY_FIELD,-2400.0000,base-08-COST-HOSTING-FF-033,BUSINESS_DRIVEN_FORECAST,foundry-field,2027
BIZ_DEFERRED,liability,2026-09-09T00:00:00Z,NONCASH_OR_OPENING,0.0000,160000.0000,Monthly service under effective contract version,SHI,CONDITIONAL_FORECAST,BIZ-base-0001464,8,8,2027-08-31,base,FOUNDRY_FIELD,160000.0000,base-08-SUBSCRIPTION_SERVICE-FF-034,BUSINESS_DRIVEN_FORECAST,foundry-field,2027
BIZ_REVENUE,revenue,2026-09-09T00:00:00Z,NONCASH_OR_OPENING,160000.0000,0.0000,Monthly service under effective contract version,SHI,CONDITIONAL_FORECAST,BIZ-base-0001464,8,8,2027-08-31,base,FOUNDRY_FIELD,-160000.0000,base-08-SUBSCRIPTION_SERVICE-FF-034,BUSINESS_DRIVEN_FORECAST,foundry-field,2027
BIZ_DELIVERY,expense,2026-09-09T00:00:00Z,NONCASH_OR_OPENING,0.0000,3000.0000,Source-driven vendor cost,SHI,CONDITIONAL_FORECAST,BIZ-base-0001465,8,8,2027-08-31,base,FOUNDRY_FIELD,3000.0000,base-08-COST-HOSTING-FF-034,BUSINESS_DRIVEN_FORECAST,foundry-field,2027
BIZ_AP,liability,2026-09-09T00:00:00Z,NONCASH_OR_OPENING,3000.0000,0.0000,Source-driven vendor cost,SHI,CONDITIONAL_FORECAST,BIZ-base-0001465,8,8,2027-08-31,base,FOUNDRY_FIELD,-3000.0000,base-08-COST-HOSTING-FF-034,BUSINESS_DRIVEN_FORECAST,foundry-field,2027
BIZ_DEFERRED,liability,2026-09-09T00:00:00Z,NONCASH_OR_OPENING,0.0000,100000.0000,Monthly service under effective contract version,SHI,CONDITIONAL_FORECAST,BIZ-base-0001466,8,8,2027-08-31,base,FOUNDRY_FIELD,100000.0000,base-08-SUBSCRIPTION_SERVICE-FF-035,BUSINESS_DRIVEN_FORECAST,foundry-field,2027
BIZ_REVENUE,revenue,2026-09-09T00:00:00Z,NONCASH_OR_OPENING,100000.0000,0.0000,Monthly service under effective contract version,SHI,CONDITIONAL_FORECAST,BIZ-base-0001466,8,8,2027-08-31,base,FOUNDRY_FIELD,-100000.0000,base-08-SUBSCRIPTION_SERVICE-FF-035,BUSINESS_DRIVEN_FORECAST,foundry-field,2027
BIZ_DELIVERY,expense,2026-09-09T00:00:00Z,NONCASH_OR_OPENING,0.0000,3600.0000,Source-driven vendor cost,SHI,CONDITIONAL_FORECAST,BIZ-base-0001467,8,8,2027-08-31,base,FOUNDRY_FIELD,3600.0000,base-08-COST-HOSTING-FF-035,BUSINESS_DRIVEN_FORECAST,foundry-field,2027
BIZ_AP,liability,2026-09-09T00:00:00Z,NONCASH_OR_OPENING,3600.0000,0.0000,Source-driven vendor cost,SHI,CONDITIONAL_FORECAST,BIZ-base-0001467,8,8,2027-08-31,base,FOUNDRY_FIELD,-3600.0000,base-08-COST-HOSTING-FF-035,BUSINESS_DRIVEN_FORECAST,foundry-field,2027
BIZ_DEFERRED,liability,2026-09-09T00:00:00Z,NONCASH_OR_OPENING,0.0000,115000.0000,Monthly service under effective contract version,SHI,CONDITIONAL_FORECAST,BIZ-base-0001468,8,8,2027-08-31,base,FOUNDRY_FIELD,115000.0000,base-08-SUBSCRIPTION_SERVICE-FF-036,BUSINESS_DRIVEN_FORECAST,foundry-field,2027
BIZ_REVENUE,revenue,2026-09-09T00:00:00Z,NONCASH_OR_OPENING,115000.0000,0.0000,Monthly service under effective contract version,SHI,CONDITIONAL_FORECAST,BIZ-base-0001468,8,8,2027-08-31,base,FOUNDRY_FIELD,-115000.0000,base-08-SUBSCRIPTION_SERVICE-FF-036,BUSINESS_DRIVEN_FORECAST,foundry-field,2027
BIZ_DELIVERY,expense,2026-09-09T00:00:00Z,NONCASH_OR_OPENING,0.0000,1800.0000,Source-driven vendor cost,SHI,CONDITIONAL_FORECAST,BIZ-base-0001469,8,8,2027-08-31,base,FOUNDRY_FIELD,1800.0000,base-08-COST-HOSTING-FF-036,BUSINESS_DRIVEN_FORECAST,foundry-field,2027
BIZ_AP,liability,2026-09-09T00:00:00Z,NONCASH_OR_OPENING,1800.0000,0.0000,Source-driven vendor cost,SHI,CONDITIONAL_FORECAST,BIZ-base-0001469,8,8,2027-08-31,base,FOUNDRY_FIELD,-1800.0000,base-08-COST-HOSTING-FF-036,BUSINESS_DRIVEN_FORECAST,foundry-field,2027
BIZ_CREDIT_LOSS,expense,2026-09-09T00:00:00Z,NONCASH_OR_OPENING,600.0000,0.0000,"Explicit expected credit-loss estimate, not observed customer default",SHI,CONDITIONAL_FORECAST,BIZ-base-0001532,8,8,2027-08-31,base,FOUNDRY_FIELD,-600.0000,base-08-MONTH_END_ESTIMATE-foundry-field,BUSINESS_DRIVEN_FORECAST,foundry-field,2027
BIZ_ALLOWANCE,asset,2026-09-09T00:00:00Z,NONCASH_OR_OPENING,0.0000,600.0000,"Explicit expected credit-loss estimate, not observed customer default",SHI,CONDITIONAL_FORECAST,BIZ-base-0001532,8,8,2027-08-31,base,FOUNDRY_FIELD,600.0000,base-08-MONTH_END_ESTIMATE-foundry-field,BUSINESS_DRIVEN_FORECAST,foundry-field,2027
BIZ_AP,liability,2026-09-09T00:00:00Z,NONCASH_OR_OPENING,0.0000,2400.0000,Scheduled vendor cash request; treasury shortfalls separately reported,SHI,CONDITIONAL_FORECAST,BIZ-base-0001543,9,9,2027-09-30,base,FOUNDRY_FIELD,2400.0000,base-09-PAYMENT_REQUEST-AP-base-8-HOSTING-FF-001,BUSINESS_DRIVEN_FORECAST,foundry-field,2027
1000,asset,2026-09-09T00:00:00Z,OPERATING,2400.0000,0.0000,Scheduled vendor cash request; treasury shortfalls separately reported,SHI,CONDITIONAL_FORECAST,BIZ-base-0001543,9,9,2027-09-30,base,FOUNDRY_FIELD,-2400.0000,base-09-PAYMENT_REQUEST-AP-base-8-HOSTING-FF-001,BUSINESS_DRIVEN_FORECAST,foundry-field,2027
BIZ_AP,liability,2026-09-09T00:00:00Z,NONCASH_OR_OPENING,0.0000,3000.0000,Scheduled vendor cash request; treasury shortfalls separately reported,SHI,CONDITIONAL_FORECAST,BIZ-base-0001544,9,9,2027-09-30,base,FOUNDRY_FIELD,3000.0000,base-09-PAYMENT_REQUEST-AP-base-8-HOSTING-FF-002,BUSINESS_DRIVEN_FORECAST,foundry-field,2027
1000,asset,2026-09-09T00:00:00Z,OPERATING,3000.0000,0.0000,Scheduled vendor cash request; treasury shortfalls separately reported,SHI,CONDITIONAL_FORECAST,BIZ-base-0001544,9,9,2027-09-30,base,FOUNDRY_FIELD,-3000.0000,base-09-PAYMENT_REQUEST-AP-base-8-HOSTING-FF-002,BUSINESS_DRIVEN_FORECAST,foundry-field,2027
BIZ_AP,liability,2026-09-09T00:00:00Z,NONCASH_OR_OPENING,0.0000,3600.0000,Scheduled vendor cash request; treasury shortfalls separately reported,SHI,CONDITIONAL_FORECAST,BIZ-base-0001545,9,9,2027-09-30,base,FOUNDRY_FIELD,3600.0000,base-09-PAYMENT_REQUEST-AP-base-8-HOSTING-FF-003,BUSINESS_DRIVEN_FORECAST,foundry-field,2027
1000,asset,2026-09-09T00:00:00Z,OPERATING,3600.0000,0.0000,Scheduled vendor cash request; treasury shortfalls separately reported,SHI,CONDITIONAL_FORECAST,BIZ-base-0001545,9,9,2027-09-30,base,FOUNDRY_FIELD,-3600.0000,base-09-PAYMENT_REQUEST-AP-base-8-HOSTING-FF-003,BUSINESS_DRIVEN_FORECAST,foundry-field,2027
BIZ_AP,liability,2026-09-09T00:00:00Z,NONCASH_OR_OPENING,0.0000,1800.0000,Scheduled vendor cash request; treasury shortfalls separately reported,SHI,CONDITIONAL_FORECAST,BIZ-base-0001546,9,9,2027-09-30,base,FOUNDRY_FIELD,1800.0000,base-09-PAYMENT_REQUEST-AP-base-8-HOSTING-FF-004,BUSINESS_DRIVEN_FORECAST,foundry-field,2027
1000,asset,2026-09-09T00:00:00Z,OPERATING,1800.0000,0.0000,Scheduled vendor cash request; treasury shortfalls separately reported,SHI,CONDITIONAL_FORECAST,BIZ-base-0001546,9,9,2027-09-30,base,FOUNDRY_FIELD,-1800.0000,base-09-PAYMENT_REQUEST-AP-base-8-HOSTING-FF-004,BUSINESS_DRIVEN_FORECAST,foundry-field,2027
BIZ_AP,liability,2026-09-09T00:00:00Z,NONCASH_OR_OPENING,0.0000,2400.0000,Scheduled vendor cash request; treasury shortfalls separately reported,SHI,CONDITIONAL_FORECAST,BIZ-base-0001547,9,9,2027-09-30,base,FOUNDRY_FIELD,2400.0000,base-09-PAYMENT_REQUEST-AP-base-8-HOSTING-FF-005,BUSINESS_DRIVEN_FORECAST,foundry-field,2027
1000,asset,2026-09-09T00:00:00Z,OPERATING,2400.0000,0.0000,Scheduled vendor cash request; treasury shortfalls separately reported,SHI,CONDITIONAL_FORECAST,BIZ-base-0001547,9,9,2027-09-30,base,FOUNDRY_FIELD,-2400.0000,base-09-PAYMENT_REQUEST-AP-base-8-HOSTING-FF-005,BUSINESS_DRIVEN_FORECAST,foundry-field,2027
BIZ_AP,liability,2026-09-09T00:00:00Z,NONCASH_OR_OPENING,0.0000,3000.0000,Scheduled vendor cash request; treasury shortfalls separately reported,SHI,CONDITIONAL_FORECAST,BIZ-base-0001548,9,9,2027-09-30,base,FOUNDRY_FIELD,3000.0000,base-09-PAYMENT_REQUEST-AP-base-8-HOSTING-FF-006,BUSINESS_DRIVEN_FORECAST,foundry-field,2027
1000,asset,2026-09-09T00:00:00Z,OPERATING,3000.0000,0.0000,Scheduled vendor cash request; treasury shortfalls separately reported,SHI,CONDITIONAL_FORECAST,BIZ-base-0001548,9,9,2027-09-30,base,FOUNDRY_FIELD,-3000.0000,base-09-PAYMENT_REQUEST-AP-base-8-HOSTING-FF-006,BUSINESS_DRIVEN_FORECAST,foundry-field,2027
BIZ_AP,liability,2026-09-09T00:00:00Z,NONCASH_OR_OPENING,0.0000,3600.0000,Scheduled vendor cash request; treasury shortfalls separately reported,SHI,CONDITIONAL_FORECAST,BIZ-base-0001549,9,9,2027-09-30,base,FOUNDRY_FIELD,3600.0000,base-09-PAYMENT_REQUEST-AP-base-8-HOSTING-FF-007,BUSINESS_DRIVEN_FORECAST,foundry-field,2027
1000,asset,2026-09-09T00:00:00Z,OPERATING,3600.0000,0.0000,Scheduled vendor cash request; treasury shortfalls separately reported,SHI,CONDITIONAL_FORECAST,BIZ-base-0001549,9,9,2027-09-30,base,FOUNDRY_FIELD,-3600.0000,base-09-PAYMENT_REQUEST-AP-base-8-HOSTING-FF-007,BUSINESS_DRIVEN_FORECAST,foundry-field,2027
BIZ_AP,liability,2026-09-09T00:00:00Z,NONCASH_OR_OPENING,0.0000,1800.0000,Scheduled vendor cash request; treasury shortfalls separately reported,SHI,CONDITIONAL_FORECAST,BIZ-base-0001550,9,9,2027-09-30,base,FOUNDRY_FIELD,1800.0000,base-09-PAYMENT_REQUEST-AP-base-8-HOSTING-FF-008,BUSINESS_DRIVEN_FORECAST,foundry-field,2027
1000,asset,2026-09-09T00:00:00Z,OPERATING,1800.0000,0.0000,Scheduled vendor cash request; treasury shortfalls separately reported,SHI,CONDITIONAL_FORECAST,BIZ-base-0001550,9,9,2027-09-30,base,FOUNDRY_FIELD,-1800.0000,base-09-PAYMENT_REQUEST-AP-base-8-HOSTING-FF-008,BUSINESS_DRIVEN_FORECAST,foundry-field,2027
BIZ_AP,liability,2026-09-09T00:00:00Z,NONCASH_OR_OPENING,0.0000,2400.0000,Scheduled vendor cash request; treasury shortfalls separately reported,SHI,CONDITIONAL_FORECAST,BIZ-base-0001551,9,9,2027-09-30,base,FOUNDRY_FIELD,2400.0000,base-09-PAYMENT_REQUEST-AP-base-8-HOSTING-FF-009,BUSINESS_DRIVEN_FORECAST,foundry-field,2027
1000,asset,2026-09-09T00:00:00Z,OPERATING,2400.0000,0.0000,Scheduled vendor cash request; treasury shortfalls separately reported,SHI,CONDITIONAL_FORECAST,BIZ-base-0001551,9,9,2027-09-30,base,FOUNDRY_FIELD,-2400.0000,base-09-PAYMENT_REQUEST-AP-base-8-HOSTING-FF-009,BUSINESS_DRIVEN_FORECAST,foundry-field,2027
BIZ_AP,liability,2026-09-09T00:00:00Z,NONCASH_OR_OPENING,0.0000,3000.0000,Scheduled vendor cash request; treasury shortfalls separately reported,SHI,CONDITIONAL_FORECAST,BIZ-base-0001552,9,9,2027-09-30,base,FOUNDRY_FIELD,3000.0000,base-09-PAYMENT_REQUEST-AP-base-8-HOSTING-FF-010,BUSINESS_DRIVEN_FORECAST,foundry-field,2027
1000,asset,2026-09-09T00:00:00Z,OPERATING,3000.0000,0.0000,Scheduled vendor cash request; treasury shortfalls separately reported,SHI,CONDITIONAL_FORECAST,BIZ-base-0001552,9,9,2027-09-30,base,FOUNDRY_FIELD,-3000.0000,base-09-PAYMENT_REQUEST-AP-base-8-HOSTING-FF-010,BUSINESS_DRIVEN_FORECAST,foundry-field,2027
BIZ_AP,liability,2026-09-09T00:00:00Z,NONCASH_OR_OPENING,0.0000,3600.0000,Scheduled vendor cash request; treasury shortfalls separately reported,SHI,CONDITIONAL_FORECAST,BIZ-base-0001553,9,9,2027-09-30,base,FOUNDRY_FIELD,3600.0000,base-09-PAYMENT_REQUEST-AP-base-8-HOSTING-FF-011,BUSINESS_DRIVEN_FORECAST,foundry-field,2027
1000,asset,2026-09-09T00:00:00Z,OPERATING,3600.0000,0.0000,Scheduled vendor cash request; treasury shortfalls separately reported,SHI,CONDITIONAL_FORECAST,BIZ-base-0001553,9,9,2027-09-30,base,FOUNDRY_FIELD,-3600.0000,base-09-PAYMENT_REQUEST-AP-base-8-HOSTING-FF-011,BUSINESS_DRIVEN_FORECAST,foundry-field,2027
BIZ_AP,liability,2026-09-09T00:00:00Z,NONCASH_OR_OPENING,0.0000,1800.0000,Scheduled vendor cash request; treasury shortfalls separately reported,SHI,CONDITIONAL_FORECAST,BIZ-base-0001554,9,9,2027-09-30,base,FOUNDRY_FIELD,1800.0000,base-09-PAYMENT_REQUEST-AP-base-8-HOSTING-FF-012,BUSINESS_DRIVEN_FORECAST,foundry-field,2027
1000,asset,2026-09-09T00:00:00Z,OPERATING,1800.0000,0.0000,Scheduled vendor cash request; treasury shortfalls separately reported,SHI,CONDITIONAL_FORECAST,BIZ-base-0001554,9,9,2027-09-30,base,FOUNDRY_FIELD,-1800.0000,base-09-PAYMENT_REQUEST-AP-base-8-HOSTING-FF-012,BUSINESS_DRIVEN_FORECAST,foundry-field,2027
BIZ_AP,liability,2026-09-09T00:00:00Z,NONCASH_OR_OPENING,0.0000,2400.0000,Scheduled vendor cash request; treasury shortfalls separately reported,SHI,CONDITIONAL_FORECAST,BIZ-base-0001555,9,9,2027-09-30,base,FOUNDRY_FIELD,2400.0000,base-09-PAYMENT_REQUEST-AP-base-8-HOSTING-FF-013,BUSINESS_DRIVEN_FORECAST,foundry-field,2027
1000,asset,2026-09-09T00:00:00Z,OPERATING,2400.0000,0.0000,Scheduled vendor cash request; treasury shortfalls separately reported,SHI,CONDITIONAL_FORECAST,BIZ-base-0001555,9,9,2027-09-30,base,FOUNDRY_FIELD,-2400.0000,base-09-PAYMENT_REQUEST-AP-base-8-HOSTING-FF-013,BUSINESS_DRIVEN_FORECAST,foundry-field,2027
BIZ_AP,liability,2026-09-09T00:00:00Z,NONCASH_OR_OPENING,0.0000,3000.0000,Scheduled vendor cash request; treasury shortfalls separately reported,SHI,CONDITIONAL_FORECAST,BIZ-base-0001556,9,9,2027-09-30,base,FOUNDRY_FIELD,3000.0000,base-09-PAYMENT_REQUEST-AP-base-8-HOSTING-FF-014,BUSINESS_DRIVEN_FORECAST,foundry-field,2027
1000,asset,2026-09-09T00:00:00Z,OPERATING,3000.0000,0.0000,Scheduled vendor cash request; treasury shortfalls separately reported,SHI,CONDITIONAL_FORECAST,BIZ-base-0001556,9,9,2027-09-30,base,FOUNDRY_FIELD,-3000.0000,base-09-PAYMENT_REQUEST-AP-base-8-HOSTING-FF-014,BUSINESS_DRIVEN_FORECAST,foundry-field,2027
BIZ_AP,liability,2026-09-09T00:00:00Z,NONCASH_OR_OPENING,0.0000,3600.0000,Scheduled vendor cash request; treasury shortfalls separately reported,SHI,CONDITIONAL_FORECAST,BIZ-base-0001557,9,9,2027-09-30,base,FOUNDRY_FIELD,3600.0000,base-09-PAYMENT_REQUEST-AP-base-8-HOSTING-FF-015,BUSINESS_DRIVEN_FORECAST,foundry-field,2027
1000,asset,2026-09-09T00:00:00Z,OPERATING,3600.0000,0.0000,Scheduled vendor cash request; treasury shortfalls separately reported,SHI,CONDITIONAL_FORECAST,BIZ-base-0001557,9,9,2027-09-30,base,FOUNDRY_FIELD,-3600.0000,base-09-PAYMENT_REQUEST-AP-base-8-HOSTING-FF-015,BUSINESS_DRIVEN_FORECAST,foundry-field,2027
BIZ_AP,liability,2026-09-09T00:00:00Z,NONCASH_OR_OPENING,0.0000,1800.0000,Scheduled vendor cash request; treasury shortfalls separately reported,SHI,CONDITIONAL_FORECAST,BIZ-base-0001558,9,9,2027-09-30,base,FOUNDRY_FIELD,1800.0000,base-09-PAYMENT_REQUEST-AP-base-8-HOSTING-FF-016,BUSINESS_DRIVEN_FORECAST,foundry-field,2027
1000,asset,2026-09-09T00:00:00Z,OPERATING,1800.0000,0.0000,Scheduled vendor cash request; treasury shortfalls separately reported,SHI,CONDITIONAL_FORECAST,BIZ-base-0001558,9,9,2027-09-30,base,FOUNDRY_FIELD,-1800.0000,base-09-PAYMENT_REQUEST-AP-base-8-HOSTING-FF-016,BUSINESS_DRIVEN_FORECAST,foundry-field,2027
BIZ_AP,liability,2026-09-09T00:00:00Z,NONCASH_OR_OPENING,0.0000,2400.0000,Scheduled vendor cash request; treasury shortfalls separately reported,SHI,CONDITIONAL_FORECAST,BIZ-base-0001559,9,9,2027-09-30,base,FOUNDRY_FIELD,2400.0000,base-09-PAYMENT_REQUEST-AP-base-8-HOSTING-FF-017,BUSINESS_DRIVEN_FORECAST,foundry-field,2027
1000,asset,2026-09-09T00:00:00Z,OPERATING,2400.0000,0.0000,Scheduled vendor cash request; treasury shortfalls separately reported,SHI,CONDITIONAL_FORECAST,BIZ-base-0001559,9,9,2027-09-30,base,FOUNDRY_FIELD,-2400.0000,base-09-PAYMENT_REQUEST-AP-base-8-HOSTING-FF-017,BUSINESS_DRIVEN_FORECAST,foundry-field,2027
BIZ_AP,liability,2026-09-09T00:00:00Z,NONCASH_OR_OPENING,0.0000,3000.0000,Scheduled vendor cash request; treasury shortfalls separately reported,SHI,CONDITIONAL_FORECAST,BIZ-base-0001560,9,9,2027-09-30,base,FOUNDRY_FIELD,3000.0000,base-09-PAYMENT_REQUEST-AP-base-8-HOSTING-FF-018,BUSINESS_DRIVEN_FORECAST,foundry-field,2027
1000,asset,2026-09-09T00:00:00Z,OPERATING,3000.0000,0.0000,Scheduled vendor cash request; treasury shortfalls separately reported,SHI,CONDITIONAL_FORECAST,BIZ-base-0001560,9,9,2027-09-30,base,FOUNDRY_FIELD,-3000.0000,base-09-PAYMENT_REQUEST-AP-base-8-HOSTING-FF-018,BUSINESS_DRIVEN_FORECAST,foundry-field,2027
BIZ_AP,liability,2026-09-09T00:00:00Z,NONCASH_OR_OPENING,0.0000,3600.0000,Scheduled vendor cash request; treasury shortfalls separately reported,SHI,CONDITIONAL_FORECAST,BIZ-base-0001561,9,9,2027-09-30,base,FOUNDRY_FIELD,3600.0000,base-09-PAYMENT_REQUEST-AP-base-8-HOSTING-FF-019,BUSINESS_DRIVEN_FORECAST,foundry-field,2027
1000,asset,2026-09-09T00:00:00Z,OPERATING,3600.0000,0.0000,Scheduled vendor cash request; treasury shortfalls separately reported,SHI,CONDITIONAL_FORECAST,BIZ-base-0001561,9,9,2027-09-30,base,FOUNDRY_FIELD,-3600.0000,base-09-PAYMENT_REQUEST-AP-base-8-HOSTING-FF-019,BUSINESS_DRIVEN_FORECAST,foundry-field,2027
BIZ_AP,liability,2026-09-09T00:00:00Z,NONCASH_OR_OPENING,0.0000,1800.0000,Scheduled vendor cash request; treasury shortfalls separately reported,SHI,CONDITIONAL_FORECAST,BIZ-base-0001562,9,9,2027-09-30,base,FOUNDRY_FIELD,1800.0000,base-09-PAYMENT_REQUEST-AP-base-8-HOSTING-FF-020,BUSINESS_DRIVEN_FORECAST,foundry-field,2027
1000,asset,2026-09-09T00:00:00Z,OPERATING,1800.0000,0.0000,Scheduled vendor cash request; treasury shortfalls separately reported,SHI,CONDITIONAL_FORECAST,BIZ-base-0001562,9,9,2027-09-30,base,FOUNDRY_FIELD,-1800.0000,base-09-PAYMENT_REQUEST-AP-base-8-HOSTING-FF-020,BUSINESS_DRIVEN_FORECAST,foundry-field,2027
BIZ_AP,liability,2026-09-09T00:00:00Z,NONCASH_OR_OPENING,0.0000,2400.0000,Scheduled vendor cash request; treasury shortfalls separately reported,SHI,CONDITIONAL_FORECAST,BIZ-base-0001563,9,9,2027-09-30,base,FOUNDRY_FIELD,2400.0000,base-09-PAYMENT_REQUEST-AP-base-8-HOSTING-FF-021,BUSINESS_DRIVEN_FORECAST,foundry-field,2027
1000,asset,2026-09-09T00:00:00Z,OPERATING,2400.0000,0.0000,Scheduled vendor cash request; treasury shortfalls separately reported,SHI,CONDITIONAL_FORECAST,BIZ-base-0001563,9,9,2027-09-30,base,FOUNDRY_FIELD,-2400.0000,base-09-PAYMENT_REQUEST-AP-base-8-HOSTING-FF-021,BUSINESS_DRIVEN_FORECAST,foundry-field,2027
BIZ_AP,liability,2026-09-09T00:00:00Z,NONCASH_OR_OPENING,0.0000,3000.0000,Scheduled vendor cash request; treasury shortfalls separately reported,SHI,CONDITIONAL_FORECAST,BIZ-base-0001564,9,9,2027-09-30,base,FOUNDRY_FIELD,3000.0000,base-09-PAYMENT_REQUEST-AP-base-8-HOSTING-FF-022,BUSINESS_DRIVEN_FORECAST,foundry-field,2027
1000,asset,2026-09-09T00:00:00Z,OPERATING,3000.0000,0.0000,Scheduled vendor cash request; treasury shortfalls separately reported,SHI,CONDITIONAL_FORECAST,BIZ-base-0001564,9,9,2027-09-30,base,FOUNDRY_FIELD,-3000.0000,base-09-PAYMENT_REQUEST-AP-base-8-HOSTING-FF-022,BUSINESS_DRIVEN_FORECAST,foundry-field,2027
BIZ_AP,liability,2026-09-09T00:00:00Z,NONCASH_OR_OPENING,0.0000,3600.0000,Scheduled vendor cash request; treasury shortfalls separately reported,SHI,CONDITIONAL_FORECAST,BIZ-base-0001565,9,9,2027-09-30,base,FOUNDRY_FIELD,3600.0000,base-09-PAYMENT_REQUEST-AP-base-8-HOSTING-FF-023,BUSINESS_DRIVEN_FORECAST,foundry-field,2027
1000,asset,2026-09-09T00:00:00Z,OPERATING,3600.0000,0.0000,Scheduled vendor cash request; treasury shortfalls separately reported,SHI,CONDITIONAL_FORECAST,BIZ-base-0001565,9,9,2027-09-30,base,FOUNDRY_FIELD,-3600.0000,base-09-PAYMENT_REQUEST-AP-base-8-HOSTING-FF-023,BUSINESS_DRIVEN_FORECAST,foundry-field,2027
BIZ_AP,liability,2026-09-09T00:00:00Z,NONCASH_OR_OPENING,0.0000,1800.0000,Scheduled vendor cash request; treasury shortfalls separately reported,SHI,CONDITIONAL_FORECAST,BIZ-base-0001566,9,9,2027-09-30,base,FOUNDRY_FIELD,1800.0000,base-09-PAYMENT_REQUEST-AP-base-8-HOSTING-FF-024,BUSINESS_DRIVEN_FORECAST,foundry-field,2027
1000,asset,2026-09-09T00:00:00Z,OPERATING,1800.0000,0.0000,Scheduled vendor cash request; treasury shortfalls separately reported,SHI,CONDITIONAL_FORECAST,BIZ-base-0001566,9,9,2027-09-30,base,FOUNDRY_FIELD,-1800.0000,base-09-PAYMENT_REQUEST-AP-base-8-HOSTING-FF-024,BUSINESS_DRIVEN_FORECAST,foundry-field,2027
BIZ_AP,liability,2026-09-09T00:00:00Z,NONCASH_OR_OPENING,0.0000,2400.0000,Scheduled vendor cash request; treasury shortfalls separately reported,SHI,CONDITIONAL_FORECAST,BIZ-base-0001567,9,9,2027-09-30,base,FOUNDRY_FIELD,2400.0000,base-09-PAYMENT_REQUEST-AP-base-8-HOSTING-FF-025,BUSINESS_DRIVEN_FORECAST,foundry-field,2027
1000,asset,2026-09-09T00:00:00Z,OPERATING,2400.0000,0.0000,Scheduled vendor cash request; treasury shortfalls separately reported,SHI,CONDITIONAL_FORECAST,BIZ-base-0001567,9,9,2027-09-30,base,FOUNDRY_FIELD,-2400.0000,base-09-PAYMENT_REQUEST-AP-base-8-HOSTING-FF-025,BUSINESS_DRIVEN_FORECAST,foundry-field,2027
BIZ_AP,liability,2026-09-09T00:00:00Z,NONCASH_OR_OPENING,0.0000,3000.0000,Scheduled vendor cash request; treasury shortfalls separately reported,SHI,CONDITIONAL_FORECAST,BIZ-base-0001568,9,9,2027-09-30,base,FOUNDRY_FIELD,3000.0000,base-09-PAYMENT_REQUEST-AP-base-8-HOSTING-FF-026,BUSINESS_DRIVEN_FORECAST,foundry-field,2027
1000,asset,2026-09-09T00:00:00Z,OPERATING,3000.0000,0.0000,Scheduled vendor cash request; treasury shortfalls separately reported,SHI,CONDITIONAL_FORECAST,BIZ-base-0001568,9,9,2027-09-30,base,FOUNDRY_FIELD,-3000.0000,base-09-PAYMENT_REQUEST-AP-base-8-HOSTING-FF-026,BUSINESS_DRIVEN_FORECAST,foundry-field,2027
BIZ_AP,liability,2026-09-09T00:00:00Z,NONCASH_OR_OPENING,0.0000,3600.0000,Scheduled vendor cash request; treasury shortfalls separately reported,SHI,CONDITIONAL_FORECAST,BIZ-base-0001569,9,9,2027-09-30,base,FOUNDRY_FIELD,3600.0000,base-09-PAYMENT_REQUEST-AP-base-8-HOSTING-FF-027,BUSINESS_DRIVEN_FORECAST,foundry-field,2027
1000,asset,2026-09-09T00:00:00Z,OPERATING,3600.0000,0.0000,Scheduled vendor cash request; treasury shortfalls separately reported,SHI,CONDITIONAL_FORECAST,BIZ-base-0001569,9,9,2027-09-30,base,FOUNDRY_FIELD,-3600.0000,base-09-PAYMENT_REQUEST-AP-base-8-HOSTING-FF-027,BUSINESS_DRIVEN_FORECAST,foundry-field,2027
BIZ_AP,liability,2026-09-09T00:00:00Z,NONCASH_OR_OPENING,0.0000,1800.0000,Scheduled vendor cash request; treasury shortfalls separately reported,SHI,CONDITIONAL_FORECAST,BIZ-base-0001570,9,9,2027-09-30,base,FOUNDRY_FIELD,1800.0000,base-09-PAYMENT_REQUEST-AP-base-8-HOSTING-FF-028,BUSINESS_DRIVEN_FORECAST,foundry-field,2027
1000,asset,2026-09-09T00:00:00Z,OPERATING,1800.0000,0.0000,Scheduled vendor cash request; treasury shortfalls separately reported,SHI,CONDITIONAL_FORECAST,BIZ-base-0001570,9,9,2027-09-30,base,FOUNDRY_FIELD,-1800.0000,base-09-PAYMENT_REQUEST-AP-base-8-HOSTING-FF-028,BUSINESS_DRIVEN_FORECAST,foundry-field,2027
BIZ_AP,liability,2026-09-09T00:00:00Z,NONCASH_OR_OPENING,0.0000,2400.0000,Scheduled vendor cash request; treasury shortfalls separately reported,SHI,CONDITIONAL_FORECAST,BIZ-base-0001571,9,9,2027-09-30,base,FOUNDRY_FIELD,2400.0000,base-09-PAYMENT_REQUEST-AP-base-8-HOSTING-FF-029,BUSINESS_DRIVEN_FORECAST,foundry-field,2027
1000,asset,2026-09-09T00:00:00Z,OPERATING,2400.0000,0.0000,Scheduled vendor cash request; treasury shortfalls separately reported,SHI,CONDITIONAL_FORECAST,BIZ-base-0001571,9,9,2027-09-30,base,FOUNDRY_FIELD,-2400.0000,base-09-PAYMENT_REQUEST-AP-base-8-HOSTING-FF-029,BUSINESS_DRIVEN_FORECAST,foundry-field,2027
BIZ_AP,liability,2026-09-09T00:00:00Z,NONCASH_OR_OPENING,0.0000,3000.0000,Scheduled vendor cash request; treasury shortfalls separately reported,SHI,CONDITIONAL_FORECAST,BIZ-base-0001572,9,9,2027-09-30,base,FOUNDRY_FIELD,3000.0000,base-09-PAYMENT_REQUEST-AP-base-8-HOSTING-FF-030,BUSINESS_DRIVEN_FORECAST,foundry-field,2027
1000,asset,2026-09-09T00:00:00Z,OPERATING,3000.0000,0.0000,Scheduled vendor cash request; treasury shortfalls separately reported,SHI,CONDITIONAL_FORECAST,BIZ-base-0001572,9,9,2027-09-30,base,FOUNDRY_FIELD,-3000.0000,base-09-PAYMENT_REQUEST-AP-base-8-HOSTING-FF-030,BUSINESS_DRIVEN_FORECAST,foundry-field,2027
BIZ_AP,liability,2026-09-09T00:00:00Z,NONCASH_OR_OPENING,0.0000,3600.0000,Scheduled vendor cash request; treasury shortfalls separately reported,SHI,CONDITIONAL_FORECAST,BIZ-base-0001573,9,9,2027-09-30,base,FOUNDRY_FIELD,3600.0000,base-09-PAYMENT_REQUEST-AP-base-8-HOSTING-FF-031,BUSINESS_DRIVEN_FORECAST,foundry-field,2027
1000,asset,2026-09-09T00:00:00Z,OPERATING,3600.0000,0.0000,Scheduled vendor cash request; treasury shortfalls separately reported,SHI,CONDITIONAL_FORECAST,BIZ-base-0001573,9,9,2027-09-30,base,FOUNDRY_FIELD,-3600.0000,base-09-PAYMENT_REQUEST-AP-base-8-HOSTING-FF-031,BUSINESS_DRIVEN_FORECAST,foundry-field,2027
BIZ_AP,liability,2026-09-09T00:00:00Z,NONCASH_OR_OPENING,0.0000,1800.0000,Scheduled vendor cash request; treasury shortfalls separately reported,SHI,CONDITIONAL_FORECAST,BIZ-base-0001574,9,9,2027-09-30,base,FOUNDRY_FIELD,1800.0000,base-09-PAYMENT_REQUEST-AP-base-8-HOSTING-FF-032,BUSINESS_DRIVEN_FORECAST,foundry-field,2027
1000,asset,2026-09-09T00:00:00Z,OPERATING,1800.0000,0.0000,Scheduled vendor cash request; treasury shortfalls separately reported,SHI,CONDITIONAL_FORECAST,BIZ-base-0001574,9,9,2027-09-30,base,FOUNDRY_FIELD,-1800.0000,base-09-PAYMENT_REQUEST-AP-base-8-HOSTING-FF-032,BUSINESS_DRIVEN_FORECAST,foundry-field,2027
BIZ_AP,liability,2026-09-09T00:00:00Z,NONCASH_OR_OPENING,0.0000,2400.0000,Scheduled vendor cash request; treasury shortfalls separately reported,SHI,CONDITIONAL_FORECAST,BIZ-base-0001575,9,9,2027-09-30,base,FOUNDRY_FIELD,2400.0000,base-09-PAYMENT_REQUEST-AP-base-8-HOSTING-FF-033,BUSINESS_DRIVEN_FORECAST,foundry-field,2027
1000,asset,2026-09-09T00:00:00Z,OPERATING,2400.0000,0.0000,Scheduled vendor cash request; treasury shortfalls separately reported,SHI,CONDITIONAL_FORECAST,BIZ-base-0001575,9,9,2027-09-30,base,FOUNDRY_FIELD,-2400.0000,base-09-PAYMENT_REQUEST-AP-base-8-HOSTING-FF-033,BUSINESS_DRIVEN_FORECAST,foundry-field,2027
BIZ_AP,liability,2026-09-09T00:00:00Z,NONCASH_OR_OPENING,0.0000,3000.0000,Scheduled vendor cash request; treasury shortfalls separately reported,SHI,CONDITIONAL_FORECAST,BIZ-base-0001576,9,9,2027-09-30,base,FOUNDRY_FIELD,3000.0000,base-09-PAYMENT_REQUEST-AP-base-8-HOSTING-FF-034,BUSINESS_DRIVEN_FORECAST,foundry-field,2027
1000,asset,2026-09-09T00:00:00Z,OPERATING,3000.0000,0.0000,Scheduled vendor cash request; treasury shortfalls separately reported,SHI,CONDITIONAL_FORECAST,BIZ-base-0001576,9,9,2027-09-30,base,FOUNDRY_FIELD,-3000.0000,base-09-PAYMENT_REQUEST-AP-base-8-HOSTING-FF-034,BUSINESS_DRIVEN_FORECAST,foundry-field,2027
BIZ_AP,liability,2026-09-09T00:00:00Z,NONCASH_OR_OPENING,0.0000,3600.0000,Scheduled vendor cash request; treasury shortfalls separately reported,SHI,CONDITIONAL_FORECAST,BIZ-base-0001577,9,9,2027-09-30,base,FOUNDRY_FIELD,3600.0000,base-09-PAYMENT_REQUEST-AP-base-8-HOSTING-FF-035,BUSINESS_DRIVEN_FORECAST,foundry-field,2027
1000,asset,2026-09-09T00:00:00Z,OPERATING,3600.0000,0.0000,Scheduled vendor cash request; treasury shortfalls separately reported,SHI,CONDITIONAL_FORECAST,BIZ-base-0001577,9,9,2027-09-30,base,FOUNDRY_FIELD,-3600.0000,base-09-PAYMENT_REQUEST-AP-base-8-HOSTING-FF-035,BUSINESS_DRIVEN_FORECAST,foundry-field,2027
BIZ_AP,liability,2026-09-09T00:00:00Z,NONCASH_OR_OPENING,0.0000,1800.0000,Scheduled vendor cash request; treasury shortfalls separately reported,SHI,CONDITIONAL_FORECAST,BIZ-base-0001578,9,9,2027-09-30,base,FOUNDRY_FIELD,1800.0000,base-09-PAYMENT_REQUEST-AP-base-8-HOSTING-FF-036,BUSINESS_DRIVEN_FORECAST,foundry-field,2027
1000,asset,2026-09-09T00:00:00Z,OPERATING,1800.0000,0.0000,Scheduled vendor cash request; treasury shortfalls separately reported,SHI,CONDITIONAL_FORECAST,BIZ-base-0001578,9,9,2027-09-30,base,FOUNDRY_FIELD,-1800.0000,base-09-PAYMENT_REQUEST-AP-base-8-HOSTING-FF-036,BUSINESS_DRIVEN_FORECAST,foundry-field,2027
BIZ_PAYROLL,expense,2026-09-09T00:00:00Z,NONCASH_OR_OPENING,0.0000,1933333.3280,Effective-dated occupied-position payroll; conditional treasury settlement,SHI,CONDITIONAL_FORECAST,BIZ-base-0001607,9,9,2027-09-30,base,FOUNDRY_FIELD,1933333.3280,base-09-PAYROLL_REQUEST-foundry-field,BUSINESS_DRIVEN_FORECAST,foundry-field,2027
1000,asset,2026-09-09T00:00:00Z,OPERATING,1933333.3280,0.0000,Effective-dated occupied-position payroll; conditional treasury settlement,SHI,CONDITIONAL_FORECAST,BIZ-base-0001607,9,9,2027-09-30,base,FOUNDRY_FIELD,-1933333.3280,base-09-PAYROLL_REQUEST-foundry-field,BUSINESS_DRIVEN_FORECAST,foundry-field,2027
BIZ_DEFERRED,liability,2026-09-09T00:00:00Z,NONCASH_OR_OPENING,0.0000,125000.0000,Monthly service under effective contract version,SHI,CONDITIONAL_FORECAST,BIZ-base-0001614,9,9,2027-09-30,base,FOUNDRY_FIELD,125000.0000,base-09-SUBSCRIPTION_SERVICE-FF-001,BUSINESS_DRIVEN_FORECAST,foundry-field,2027
BIZ_REVENUE,revenue,2026-09-09T00:00:00Z,NONCASH_OR_OPENING,125000.0000,0.0000,Monthly service under effective contract version,SHI,CONDITIONAL_FORECAST,BIZ-base-0001614,9,9,2027-09-30,base,FOUNDRY_FIELD,-125000.0000,base-09-SUBSCRIPTION_SERVICE-FF-001,BUSINESS_DRIVEN_FORECAST,foundry-field,2027
BIZ_DELIVERY,expense,2026-09-09T00:00:00Z,NONCASH_OR_OPENING,0.0000,2400.0000,Source-driven vendor cost,SHI,CONDITIONAL_FORECAST,BIZ-base-0001615,9,9,2027-09-30,base,FOUNDRY_FIELD,2400.0000,base-09-COST-HOSTING-FF-001,BUSINESS_DRIVEN_FORECAST,foundry-field,2027
BIZ_AP,liability,2026-09-09T00:00:00Z,NONCASH_OR_OPENING,2400.0000,0.0000,Source-driven vendor cost,SHI,CONDITIONAL_FORECAST,BIZ-base-0001615,9,9,2027-09-30,base,FOUNDRY_FIELD,-2400.0000,base-09-COST-HOSTING-FF-001,BUSINESS_DRIVEN_FORECAST,foundry-field,2027
BIZ_DEFERRED,liability,2026-09-09T00:00:00Z,NONCASH_OR_OPENING,0.0000,135000.0000,Monthly service under effective contract version,SHI,CONDITIONAL_FORECAST,BIZ-base-0001616,9,9,2027-09-30,base,FOUNDRY_FIELD,135000.0000,base-09-SUBSCRIPTION_SERVICE-FF-002,BUSINESS_DRIVEN_FORECAST,foundry-field,2027
BIZ_REVENUE,revenue,2026-09-09T00:00:00Z,NONCASH_OR_OPENING,135000.0000,0.0000,Monthly service under effective contract version,SHI,CONDITIONAL_FORECAST,BIZ-base-0001616,9,9,2027-09-30,base,FOUNDRY_FIELD,-135000.0000,base-09-SUBSCRIPTION_SERVICE-FF-002,BUSINESS_DRIVEN_FORECAST,foundry-field,2027
BIZ_DELIVERY,expense,2026-09-09T00:00:00Z,NONCASH_OR_OPENING,0.0000,3000.0000,Source-driven vendor cost,SHI,CONDITIONAL_FORECAST,BIZ-base-0001617,9,9,2027-09-30,base,FOUNDRY_FIELD,3000.0000,base-09-COST-HOSTING-FF-002,BUSINESS_DRIVEN_FORECAST,foundry-field,2027
BIZ_AP,liability,2026-09-09T00:00:00Z,NONCASH_OR_OPENING,3000.0000,0.0000,Source-driven vendor cost,SHI,CONDITIONAL_FORECAST,BIZ-base-0001617,9,9,2027-09-30,base,FOUNDRY_FIELD,-3000.0000,base-09-COST-HOSTING-FF-002,BUSINESS_DRIVEN_FORECAST,foundry-field,2027
BIZ_DEFERRED,liability,2026-09-09T00:00:00Z,NONCASH_OR_OPENING,0.0000,116000.0000,Monthly service under effective contract version,SHI,CONDITIONAL_FORECAST,BIZ-base-0001618,9,9,2027-09-30,base,FOUNDRY_FIELD,116000.0000,base-09-SUBSCRIPTION_SERVICE-FF-003,BUSINESS_DRIVEN_FORECAST,foundry-field,2027
BIZ_REVENUE,revenue,2026-09-09T00:00:00Z,NONCASH_OR_OPENING,116000.0000,0.0000,Monthly service under effective contract version,SHI,CONDITIONAL_FORECAST,BIZ-base-0001618,9,9,2027-09-30,base,FOUNDRY_FIELD,-116000.0000,base-09-SUBSCRIPTION_SERVICE-FF-003,BUSINESS_DRIVEN_FORECAST,foundry-field,2027
BIZ_DELIVERY,expense,2026-09-09T00:00:00Z,NONCASH_OR_OPENING,0.0000,3600.0000,Source-driven vendor cost,SHI,CONDITIONAL_FORECAST,BIZ-base-0001619,9,9,2027-09-30,base,FOUNDRY_FIELD,3600.0000,base-09-COST-HOSTING-FF-003,BUSINESS_DRIVEN_FORECAST,foundry-field,2027
BIZ_AP,liability,2026-09-09T00:00:00Z,NONCASH_OR_OPENING,3600.0000,0.0000,Source-driven vendor cost,SHI,CONDITIONAL_FORECAST,BIZ-base-0001619,9,9,2027-09-30,base,FOUNDRY_FIELD,-3600.0000,base-09-COST-HOSTING-FF-003,BUSINESS_DRIVEN_FORECAST,foundry-field,2027
BIZ_DEFERRED,liability,2026-09-09T00:00:00Z,NONCASH_OR_OPENING,0.0000,640000.0000,"Credit reduces open claim, then written-off claim, then cash-backed refund",SHI,CONDITIONAL_FORECAST,BIZ-base-0001620,9,9,2027-09-30,base,FOUNDRY_FIELD,640000.0000,base-09-CREDIT_NOTE-SYN-CANCEL-004-INV-base-FF-004-TERM-0,BUSINESS_DRIVEN_FORECAST,foundry-field,2027
1000,asset,2026-09-09T00:00:00Z,OPERATING,640000.0000,0.0000,"Credit reduces open claim, then written-off claim, then cash-backed refund",SHI,CONDITIONAL_FORECAST,BIZ-base-0001620,9,9,2027-09-30,base,FOUNDRY_FIELD,-640000.0000,base-09-CREDIT_NOTE-SYN-CANCEL-004-INV-base-FF-004-TERM-0,BUSINESS_DRIVEN_FORECAST,foundry-field,2027
BIZ_DEFERRED,liability,2026-09-09T00:00:00Z,NONCASH_OR_OPENING,0.0000,100000.0000,Monthly service under effective contract version,SHI,CONDITIONAL_FORECAST,BIZ-base-0001621,9,9,2027-09-30,base,FOUNDRY_FIELD,100000.0000,base-09-SUBSCRIPTION_SERVICE-FF-005,BUSINESS_DRIVEN_FORECAST,foundry-field,2027
BIZ_REVENUE,revenue,2026-09-09T00:00:00Z,NONCASH_OR_OPENING,100000.0000,0.0000,Monthly service under effective contract version,SHI,CONDITIONAL_FORECAST,BIZ-base-0001621,9,9,2027-09-30,base,FOUNDRY_FIELD,-100000.0000,base-09-SUBSCRIPTION_SERVICE-FF-005,BUSINESS_DRIVEN_FORECAST,foundry-field,2027
BIZ_DELIVERY,expense,2026-09-09T00:00:00Z,NONCASH_OR_OPENING,0.0000,2400.0000,Source-driven vendor cost,SHI,CONDITIONAL_FORECAST,BIZ-base-0001622,9,9,2027-09-30,base,FOUNDRY_FIELD,2400.0000,base-09-COST-HOSTING-FF-005,BUSINESS_DRIVEN_FORECAST,foundry-field,2027
BIZ_AP,liability,2026-09-09T00:00:00Z,NONCASH_OR_OPENING,2400.0000,0.0000,Source-driven vendor cost,SHI,CONDITIONAL_FORECAST,BIZ-base-0001622,9,9,2027-09-30,base,FOUNDRY_FIELD,-2400.0000,base-09-COST-HOSTING-FF-005,BUSINESS_DRIVEN_FORECAST,foundry-field,2027
BIZ_DEFERRED,liability,2026-09-09T00:00:00Z,NONCASH_OR_OPENING,0.0000,115000.0000,Monthly service under effective contract version,SHI,CONDITIONAL_FORECAST,BIZ-base-0001623,9,9,2027-09-30,base,FOUNDRY_FIELD,115000.0000,base-09-SUBSCRIPTION_SERVICE-FF-006,BUSINESS_DRIVEN_FORECAST,foundry-field,2027
BIZ_REVENUE,revenue,2026-09-09T00:00:00Z,NONCASH_OR_OPENING,115000.0000,0.0000,Monthly service under effective contract version,SHI,CONDITIONAL_FORECAST,BIZ-base-0001623,9,9,2027-09-30,base,FOUNDRY_FIELD,-115000.0000,base-09-SUBSCRIPTION_SERVICE-FF-006,BUSINESS_DRIVEN_FORECAST,foundry-field,2027
BIZ_DELIVERY,expense,2026-09-09T00:00:00Z,NONCASH_OR_OPENING,0.0000,3000.0000,Source-driven vendor cost,SHI,CONDITIONAL_FORECAST,BIZ-base-0001624,9,9,2027-09-30,base,FOUNDRY_FIELD,3000.0000,base-09-COST-HOSTING-FF-006,BUSINESS_DRIVEN_FORECAST,foundry-field,2027
BIZ_AP,liability,2026-09-09T00:00:00Z,NONCASH_OR_OPENING,3000.0000,0.0000,Source-driven vendor cost,SHI,CONDITIONAL_FORECAST,BIZ-base-0001624,9,9,2027-09-30,base,FOUNDRY_FIELD,-3000.0000,base-09-COST-HOSTING-FF-006,BUSINESS_DRIVEN_FORECAST,foundry-field,2027
BIZ_DEFERRED,liability,2026-09-09T00:00:00Z,NONCASH_OR_OPENING,0.0000,130000.0000,Monthly service under effective contract version,SHI,CONDITIONAL_FORECAST,BIZ-base-0001625,9,9,2027-09-30,base,FOUNDRY_FIELD,130000.0000,base-09-SUBSCRIPTION_SERVICE-FF-007,BUSINESS_DRIVEN_FORECAST,foundry-field,2027
BIZ_REVENUE,revenue,2026-09-09T00:00:00Z,NONCASH_OR_OPENING,130000.0000,0.0000,Monthly service under effective contract version,SHI,CONDITIONAL_FORECAST,BIZ-base-0001625,9,9,2027-09-30,base,FOUNDRY_FIELD,-130000.0000,base-09-SUBSCRIPTION_SERVICE-FF-007,BUSINESS_DRIVEN_FORECAST,foundry-field,2027
BIZ_DELIVERY,expense,2026-09-09T00:00:00Z,NONCASH_OR_OPENING,0.0000,3600.0000,Source-driven vendor cost,SHI,CONDITIONAL_FORECAST,BIZ-base-0001626,9,9,2027-09-30,base,FOUNDRY_FIELD,3600.0000,base-09-COST-HOSTING-FF-007,BUSINESS_DRIVEN_FORECAST,foundry-field,2027
BIZ_AP,liability,2026-09-09T00:00:00Z,NONCASH_OR_OPENING,3600.0000,0.0000,Source-driven vendor cost,SHI,CONDITIONAL_FORECAST,BIZ-base-0001626,9,9,2027-09-30,base,FOUNDRY_FIELD,-3600.0000,base-09-COST-HOSTING-FF-007,BUSINESS_DRIVEN_FORECAST,foundry-field,2027
BIZ_DEFERRED,liability,2026-09-09T00:00:00Z,NONCASH_OR_OPENING,0.0000,145000.0000,Monthly service under effective contract version,SHI,CONDITIONAL_FORECAST,BIZ-base-0001627,9,9,2027-09-30,base,FOUNDRY_FIELD,145000.0000,base-09-SUBSCRIPTION_SERVICE-FF-008,BUSINESS_DRIVEN_FORECAST,foundry-field,2027
BIZ_REVENUE,revenue,2026-09-09T00:00:00Z,NONCASH_OR_OPENING,145000.0000,0.0000,Monthly service under effective contract version,SHI,CONDITIONAL_FORECAST,BIZ-base-0001627,9,9,2027-09-30,base,FOUNDRY_FIELD,-145000.0000,base-09-SUBSCRIPTION_SERVICE-FF-008,BUSINESS_DRIVEN_FORECAST,foundry-field,2027
BIZ_DELIVERY,expense,2026-09-09T00:00:00Z,NONCASH_OR_OPENING,0.0000,1800.0000,Source-driven vendor cost,SHI,CONDITIONAL_FORECAST,BIZ-base-0001628,9,9,2027-09-30,base,FOUNDRY_FIELD,1800.0000,base-09-COST-HOSTING-FF-008,BUSINESS_DRIVEN_FORECAST,foundry-field,2027
BIZ_AP,liability,2026-09-09T00:00:00Z,NONCASH_OR_OPENING,1800.0000,0.0000,Source-driven vendor cost,SHI,CONDITIONAL_FORECAST,BIZ-base-0001628,9,9,2027-09-30,base,FOUNDRY_FIELD,-1800.0000,base-09-COST-HOSTING-FF-008,BUSINESS_DRIVEN_FORECAST,foundry-field,2027
BIZ_DEFERRED,liability,2026-09-09T00:00:00Z,NONCASH_OR_OPENING,0.0000,160000.0000,Monthly service under effective contract version,SHI,CONDITIONAL_FORECAST,BIZ-base-0001629,9,9,2027-09-30,base,FOUNDRY_FIELD,160000.0000,base-09-SUBSCRIPTION_SERVICE-FF-009,BUSINESS_DRIVEN_FORECAST,foundry-field,2027
BIZ_REVENUE,revenue,2026-09-09T00:00:00Z,NONCASH_OR_OPENING,160000.0000,0.0000,Monthly service under effective contract version,SHI,CONDITIONAL_FORECAST,BIZ-base-0001629,9,9,2027-09-30,base,FOUNDRY_FIELD,-160000.0000,base-09-SUBSCRIPTION_SERVICE-FF-009,BUSINESS_DRIVEN_FORECAST,foundry-field,2027
BIZ_DELIVERY,expense,2026-09-09T00:00:00Z,NONCASH_OR_OPENING,0.0000,2400.0000,Source-driven vendor cost,SHI,CONDITIONAL_FORECAST,BIZ-base-0001630,9,9,2027-09-30,base,FOUNDRY_FIELD,2400.0000,base-09-COST-HOSTING-FF-009,BUSINESS_DRIVEN_FORECAST,foundry-field,2027
BIZ_AP,liability,2026-09-09T00:00:00Z,NONCASH_OR_OPENING,2400.0000,0.0000,Source-driven vendor cost,SHI,CONDITIONAL_FORECAST,BIZ-base-0001630,9,9,2027-09-30,base,FOUNDRY_FIELD,-2400.0000,base-09-COST-HOSTING-FF-009,BUSINESS_DRIVEN_FORECAST,foundry-field,2027
BIZ_DEFERRED,liability,2026-09-09T00:00:00Z,NONCASH_OR_OPENING,0.0000,100000.0000,Monthly service under effective contract version,SHI,CONDITIONAL_FORECAST,BIZ-base-0001631,9,9,2027-09-30,base,FOUNDRY_FIELD,100000.0000,base-09-SUBSCRIPTION_SERVICE-FF-010,BUSINESS_DRIVEN_FORECAST,foundry-field,2027
BIZ_REVENUE,revenue,2026-09-09T00:00:00Z,NONCASH_OR_OPENING,100000.0000,0.0000,Monthly service under effective contract version,SHI,CONDITIONAL_FORECAST,BIZ-base-0001631,9,9,2027-09-30,base,FOUNDRY_FIELD,-100000.0000,base-09-SUBSCRIPTION_SERVICE-FF-010,BUSINESS_DRIVEN_FORECAST,foundry-field,2027
BIZ_DELIVERY,expense,2026-09-09T00:00:00Z,NONCASH_OR_OPENING,0.0000,3000.0000,Source-driven vendor cost,SHI,CONDITIONAL_FORECAST,BIZ-base-0001632,9,9,2027-09-30,base,FOUNDRY_FIELD,3000.0000,base-09-COST-HOSTING-FF-010,BUSINESS_DRIVEN_FORECAST,foundry-field,2027
BIZ_AP,liability,2026-09-09T00:00:00Z,NONCASH_OR_OPENING,3000.0000,0.0000,Source-driven vendor cost,SHI,CONDITIONAL_FORECAST,BIZ-base-0001632,9,9,2027-09-30,base,FOUNDRY_FIELD,-3000.0000,base-09-COST-HOSTING-FF-010,BUSINESS_DRIVEN_FORECAST,foundry-field,2027
BIZ_DEFERRED,liability,2026-09-09T00:00:00Z,NONCASH_OR_OPENING,0.0000,115000.0000,Monthly service under effective contract version,SHI,CONDITIONAL_FORECAST,BIZ-base-0001633,9,9,2027-09-30,base,FOUNDRY_FIELD,115000.0000,base-09-SUBSCRIPTION_SERVICE-FF-011,BUSINESS_DRIVEN_FORECAST,foundry-field,2027
BIZ_REVENUE,revenue,2026-09-09T00:00:00Z,NONCASH_OR_OPENING,115000.0000,0.0000,Monthly service under effective contract version,SHI,CONDITIONAL_FORECAST,BIZ-base-0001633,9,9,2027-09-30,base,FOUNDRY_FIELD,-115000.0000,base-09-SUBSCRIPTION_SERVICE-FF-011,BUSINESS_DRIVEN_FORECAST,foundry-field,2027
BIZ_DELIVERY,expense,2026-09-09T00:00:00Z,NONCASH_OR_OPENING,0.0000,3600.0000,Source-driven vendor cost,SHI,CONDITIONAL_FORECAST,BIZ-base-0001634,9,9,2027-09-30,base,FOUNDRY_FIELD,3600.0000,base-09-COST-HOSTING-FF-011,BUSINESS_DRIVEN_FORECAST,foundry-field,2027
BIZ_AP,liability,2026-09-09T00:00:00Z,NONCASH_OR_OPENING,3600.0000,0.0000,Source-driven vendor cost,SHI,CONDITIONAL_FORECAST,BIZ-base-0001634,9,9,2027-09-30,base,FOUNDRY_FIELD,-3600.0000,base-09-COST-HOSTING-FF-011,BUSINESS_DRIVEN_FORECAST,foundry-field,2027
BIZ_DEFERRED,liability,2026-09-09T00:00:00Z,NONCASH_OR_OPENING,0.0000,130000.0000,Monthly service under effective contract version,SHI,CONDITIONAL_FORECAST,BIZ-base-0001635,9,9,2027-09-30,base,FOUNDRY_FIELD,130000.0000,base-09-SUBSCRIPTION_SERVICE-FF-012,BUSINESS_DRIVEN_FORECAST,foundry-field,2027
BIZ_REVENUE,revenue,2026-09-09T00:00:00Z,NONCASH_OR_OPENING,130000.0000,0.0000,Monthly service under effective contract version,SHI,CONDITIONAL_FORECAST,BIZ-base-0001635,9,9,2027-09-30,base,FOUNDRY_FIELD,-130000.0000,base-09-SUBSCRIPTION_SERVICE-FF-012,BUSINESS_DRIVEN_FORECAST,foundry-field,2027
BIZ_DELIVERY,expense,2026-09-09T00:00:00Z,NONCASH_OR_OPENING,0.0000,1800.0000,Source-driven vendor cost,SHI,CONDITIONAL_FORECAST,BIZ-base-0001636,9,9,2027-09-30,base,FOUNDRY_FIELD,1800.0000,base-09-COST-HOSTING-FF-012,BUSINESS_DRIVEN_FORECAST,foundry-field,2027
BIZ_AP,liability,2026-09-09T00:00:00Z,NONCASH_OR_OPENING,1800.0000,0.0000,Source-driven vendor cost,SHI,CONDITIONAL_FORECAST,BIZ-base-0001636,9,9,2027-09-30,base,FOUNDRY_FIELD,-1800.0000,base-09-COST-HOSTING-FF-012,BUSINESS_DRIVEN_FORECAST,foundry-field,2027
BIZ_DEFERRED,liability,2026-09-09T00:00:00Z,NONCASH_OR_OPENING,0.0000,145000.0000,Monthly service under effective contract version,SHI,CONDITIONAL_FORECAST,BIZ-base-0001637,9,9,2027-09-30,base,FOUNDRY_FIELD,145000.0000,base-09-SUBSCRIPTION_SERVICE-FF-013,BUSINESS_DRIVEN_FORECAST,foundry-field,2027
BIZ_REVENUE,revenue,2026-09-09T00:00:00Z,NONCASH_OR_OPENING,145000.0000,0.0000,Monthly service under effective contract version,SHI,CONDITIONAL_FORECAST,BIZ-base-0001637,9,9,2027-09-30,base,FOUNDRY_FIELD,-145000.0000,base-09-SUBSCRIPTION_SERVICE-FF-013,BUSINESS_DRIVEN_FORECAST,foundry-field,2027
BIZ_DELIVERY,expense,2026-09-09T00:00:00Z,NONCASH_OR_OPENING,0.0000,2400.0000,Source-driven vendor cost,SHI,CONDITIONAL_FORECAST,BIZ-base-0001638,9,9,2027-09-30,base,FOUNDRY_FIELD,2400.0000,base-09-COST-HOSTING-FF-013,BUSINESS_DRIVEN_FORECAST,foundry-field,2027
BIZ_AP,liability,2026-09-09T00:00:00Z,NONCASH_OR_OPENING,2400.0000,0.0000,Source-driven vendor cost,SHI,CONDITIONAL_FORECAST,BIZ-base-0001638,9,9,2027-09-30,base,FOUNDRY_FIELD,-2400.0000,base-09-COST-HOSTING-FF-013,BUSINESS_DRIVEN_FORECAST,foundry-field,2027
BIZ_DEFERRED,liability,2026-09-09T00:00:00Z,NONCASH_OR_OPENING,0.0000,160000.0000,Monthly service under effective contract version,SHI,CONDITIONAL_FORECAST,BIZ-base-0001639,9,9,2027-09-30,base,FOUNDRY_FIELD,160000.0000,base-09-SUBSCRIPTION_SERVICE-FF-014,BUSINESS_DRIVEN_FORECAST,foundry-field,2027
BIZ_REVENUE,revenue,2026-09-09T00:00:00Z,NONCASH_OR_OPENING,160000.0000,0.0000,Monthly service under effective contract version,SHI,CONDITIONAL_FORECAST,BIZ-base-0001639,9,9,2027-09-30,base,FOUNDRY_FIELD,-160000.0000,base-09-SUBSCRIPTION_SERVICE-FF-014,BUSINESS_DRIVEN_FORECAST,foundry-field,2027
BIZ_DELIVERY,expense,2026-09-09T00:00:00Z,NONCASH_OR_OPENING,0.0000,3000.0000,Source-driven vendor cost,SHI,CONDITIONAL_FORECAST,BIZ-base-0001640,9,9,2027-09-30,base,FOUNDRY_FIELD,3000.0000,base-09-COST-HOSTING-FF-014,BUSINESS_DRIVEN_FORECAST,foundry-field,2027
BIZ_AP,liability,2026-09-09T00:00:00Z,NONCASH_OR_OPENING,3000.0000,0.0000,Source-driven vendor cost,SHI,CONDITIONAL_FORECAST,BIZ-base-0001640,9,9,2027-09-30,base,FOUNDRY_FIELD,-3000.0000,base-09-COST-HOSTING-FF-014,BUSINESS_DRIVEN_FORECAST,foundry-field,2027
BIZ_DEFERRED,liability,2026-09-09T00:00:00Z,NONCASH_OR_OPENING,0.0000,100000.0000,Monthly service under effective contract version,SHI,CONDITIONAL_FORECAST,BIZ-base-0001641,9,9,2027-09-30,base,FOUNDRY_FIELD,100000.0000,base-09-SUBSCRIPTION_SERVICE-FF-015,BUSINESS_DRIVEN_FORECAST,foundry-field,2027
BIZ_REVENUE,revenue,2026-09-09T00:00:00Z,NONCASH_OR_OPENING,100000.0000,0.0000,Monthly service under effective contract version,SHI,CONDITIONAL_FORECAST,BIZ-base-0001641,9,9,2027-09-30,base,FOUNDRY_FIELD,-100000.0000,base-09-SUBSCRIPTION_SERVICE-FF-015,BUSINESS_DRIVEN_FORECAST,foundry-field,2027
BIZ_DELIVERY,expense,2026-09-09T00:00:00Z,NONCASH_OR_OPENING,0.0000,3600.0000,Source-driven vendor cost,SHI,CONDITIONAL_FORECAST,BIZ-base-0001642,9,9,2027-09-30,base,FOUNDRY_FIELD,3600.0000,base-09-COST-HOSTING-FF-015,BUSINESS_DRIVEN_FORECAST,foundry-field,2027
BIZ_AP,liability,2026-09-09T00:00:00Z,NONCASH_OR_OPENING,3600.0000,0.0000,Source-driven vendor cost,SHI,CONDITIONAL_FORECAST,BIZ-base-0001642,9,9,2027-09-30,base,FOUNDRY_FIELD,-3600.0000,base-09-COST-HOSTING-FF-015,BUSINESS_DRIVEN_FORECAST,foundry-field,2027
BIZ_DEFERRED,liability,2026-09-09T00:00:00Z,NONCASH_OR_OPENING,0.0000,115000.0000,Monthly service under effective contract version,SHI,CONDITIONAL_FORECAST,BIZ-base-0001643,9,9,2027-09-30,base,FOUNDRY_FIELD,115000.0000,base-09-SUBSCRIPTION_SERVICE-FF-016,BUSINESS_DRIVEN_FORECAST,foundry-field,2027
BIZ_REVENUE,revenue,2026-09-09T00:00:00Z,NONCASH_OR_OPENING,115000.0000,0.0000,Monthly service under effective contract version,SHI,CONDITIONAL_FORECAST,BIZ-base-0001643,9,9,2027-09-30,base,FOUNDRY_FIELD,-115000.0000,base-09-SUBSCRIPTION_SERVICE-FF-016,BUSINESS_DRIVEN_FORECAST,foundry-field,2027
BIZ_DELIVERY,expense,2026-09-09T00:00:00Z,NONCASH_OR_OPENING,0.0000,1800.0000,Source-driven vendor cost,SHI,CONDITIONAL_FORECAST,BIZ-base-0001644,9,9,2027-09-30,base,FOUNDRY_FIELD,1800.0000,base-09-COST-HOSTING-FF-016,BUSINESS_DRIVEN_FORECAST,foundry-field,2027
BIZ_AP,liability,2026-09-09T00:00:00Z,NONCASH_OR_OPENING,1800.0000,0.0000,Source-driven vendor cost,SHI,CONDITIONAL_FORECAST,BIZ-base-0001644,9,9,2027-09-30,base,FOUNDRY_FIELD,-1800.0000,base-09-COST-HOSTING-FF-016,BUSINESS_DRIVEN_FORECAST,foundry-field,2027
BIZ_DEFERRED,liability,2026-09-09T00:00:00Z,NONCASH_OR_OPENING,0.0000,130000.0000,Monthly service under effective contract version,SHI,CONDITIONAL_FORECAST,BIZ-base-0001645,9,9,2027-09-30,base,FOUNDRY_FIELD,130000.0000,base-09-SUBSCRIPTION_SERVICE-FF-017,BUSINESS_DRIVEN_FORECAST,foundry-field,2027
BIZ_REVENUE,revenue,2026-09-09T00:00:00Z,NONCASH_OR_OPENING,130000.0000,0.0000,Monthly service under effective contract version,SHI,CONDITIONAL_FORECAST,BIZ-base-0001645,9,9,2027-09-30,base,FOUNDRY_FIELD,-130000.0000,base-09-SUBSCRIPTION_SERVICE-FF-017,BUSINESS_DRIVEN_FORECAST,foundry-field,2027
BIZ_DELIVERY,expense,2026-09-09T00:00:00Z,NONCASH_OR_OPENING,0.0000,2400.0000,Source-driven vendor cost,SHI,CONDITIONAL_FORECAST,BIZ-base-0001646,9,9,2027-09-30,base,FOUNDRY_FIELD,2400.0000,base-09-COST-HOSTING-FF-017,BUSINESS_DRIVEN_FORECAST,foundry-field,2027
BIZ_AP,liability,2026-09-09T00:00:00Z,NONCASH_OR_OPENING,2400.0000,0.0000,Source-driven vendor cost,SHI,CONDITIONAL_FORECAST,BIZ-base-0001646,9,9,2027-09-30,base,FOUNDRY_FIELD,-2400.0000,base-09-COST-HOSTING-FF-017,BUSINESS_DRIVEN_FORECAST,foundry-field,2027
BIZ_DEFERRED,liability,2026-09-09T00:00:00Z,NONCASH_OR_OPENING,0.0000,145000.0000,Monthly service under effective contract version,SHI,CONDITIONAL_FORECAST,BIZ-base-0001647,9,9,2027-09-30,base,FOUNDRY_FIELD,145000.0000,base-09-SUBSCRIPTION_SERVICE-FF-018,BUSINESS_DRIVEN_FORECAST,foundry-field,2027
BIZ_REVENUE,revenue,2026-09-09T00:00:00Z,NONCASH_OR_OPENING,145000.0000,0.0000,Monthly service under effective contract version,SHI,CONDITIONAL_FORECAST,BIZ-base-0001647,9,9,2027-09-30,base,FOUNDRY_FIELD,-145000.0000,base-09-SUBSCRIPTION_SERVICE-FF-018,BUSINESS_DRIVEN_FORECAST,foundry-field,2027
BIZ_DELIVERY,expense,2026-09-09T00:00:00Z,NONCASH_OR_OPENING,0.0000,3000.0000,Source-driven vendor cost,SHI,CONDITIONAL_FORECAST,BIZ-base-0001648,9,9,2027-09-30,base,FOUNDRY_FIELD,3000.0000,base-09-COST-HOSTING-FF-018,BUSINESS_DRIVEN_FORECAST,foundry-field,2027
BIZ_AP,liability,2026-09-09T00:00:00Z,NONCASH_OR_OPENING,3000.0000,0.0000,Source-driven vendor cost,SHI,CONDITIONAL_FORECAST,BIZ-base-0001648,9,9,2027-09-30,base,FOUNDRY_FIELD,-3000.0000,base-09-COST-HOSTING-FF-018,BUSINESS_DRIVEN_FORECAST,foundry-field,2027
BIZ_DEFERRED,liability,2026-09-09T00:00:00Z,NONCASH_OR_OPENING,0.0000,160000.0000,Monthly service under effective contract version,SHI,CONDITIONAL_FORECAST,BIZ-base-0001649,9,9,2027-09-30,base,FOUNDRY_FIELD,160000.0000,base-09-SUBSCRIPTION_SERVICE-FF-019,BUSINESS_DRIVEN_FORECAST,foundry-field,2027
BIZ_REVENUE,revenue,2026-09-09T00:00:00Z,NONCASH_OR_OPENING,160000.0000,0.0000,Monthly service under effective contract version,SHI,CONDITIONAL_FORECAST,BIZ-base-0001649,9,9,2027-09-30,base,FOUNDRY_FIELD,-160000.0000,base-09-SUBSCRIPTION_SERVICE-FF-019,BUSINESS_DRIVEN_FORECAST,foundry-field,2027
BIZ_DELIVERY,expense,2026-09-09T00:00:00Z,NONCASH_OR_OPENING,0.0000,3600.0000,Source-driven vendor cost,SHI,CONDITIONAL_FORECAST,BIZ-base-0001650,9,9,2027-09-30,base,FOUNDRY_FIELD,3600.0000,base-09-COST-HOSTING-FF-019,BUSINESS_DRIVEN_FORECAST,foundry-field,2027
BIZ_AP,liability,2026-09-09T00:00:00Z,NONCASH_OR_OPENING,3600.0000,0.0000,Source-driven vendor cost,SHI,CONDITIONAL_FORECAST,BIZ-base-0001650,9,9,2027-09-30,base,FOUNDRY_FIELD,-3600.0000,base-09-COST-HOSTING-FF-019,BUSINESS_DRIVEN_FORECAST,foundry-field,2027
BIZ_DEFERRED,liability,2026-09-09T00:00:00Z,NONCASH_OR_OPENING,0.0000,100000.0000,Monthly service under effective contract version,SHI,CONDITIONAL_FORECAST,BIZ-base-0001651,9,9,2027-09-30,base,FOUNDRY_FIELD,100000.0000,base-09-SUBSCRIPTION_SERVICE-FF-020,BUSINESS_DRIVEN_FORECAST,foundry-field,2027
BIZ_REVENUE,revenue,2026-09-09T00:00:00Z,NONCASH_OR_OPENING,100000.0000,0.0000,Monthly service under effective contract version,SHI,CONDITIONAL_FORECAST,BIZ-base-0001651,9,9,2027-09-30,base,FOUNDRY_FIELD,-100000.0000,base-09-SUBSCRIPTION_SERVICE-FF-020,BUSINESS_DRIVEN_FORECAST,foundry-field,2027
BIZ_DELIVERY,expense,2026-09-09T00:00:00Z,NONCASH_OR_OPENING,0.0000,1800.0000,Source-driven vendor cost,SHI,CONDITIONAL_FORECAST,BIZ-base-0001652,9,9,2027-09-30,base,FOUNDRY_FIELD,1800.0000,base-09-COST-HOSTING-FF-020,BUSINESS_DRIVEN_FORECAST,foundry-field,2027
BIZ_AP,liability,2026-09-09T00:00:00Z,NONCASH_OR_OPENING,1800.0000,0.0000,Source-driven vendor cost,SHI,CONDITIONAL_FORECAST,BIZ-base-0001652,9,9,2027-09-30,base,FOUNDRY_FIELD,-1800.0000,base-09-COST-HOSTING-FF-020,BUSINESS_DRIVEN_FORECAST,foundry-field,2027
BIZ_DEFERRED,liability,2026-09-09T00:00:00Z,NONCASH_OR_OPENING,0.0000,115000.0000,Monthly service under effective contract version,SHI,CONDITIONAL_FORECAST,BIZ-base-0001653,9,9,2027-09-30,base,FOUNDRY_FIELD,115000.0000,base-09-SUBSCRIPTION_SERVICE-FF-021,BUSINESS_DRIVEN_FORECAST,foundry-field,2027
BIZ_REVENUE,revenue,2026-09-09T00:00:00Z,NONCASH_OR_OPENING,115000.0000,0.0000,Monthly service under effective contract version,SHI,CONDITIONAL_FORECAST,BIZ-base-0001653,9,9,2027-09-30,base,FOUNDRY_FIELD,-115000.0000,base-09-SUBSCRIPTION_SERVICE-FF-021,BUSINESS_DRIVEN_FORECAST,foundry-field,2027
BIZ_DELIVERY,expense,2026-09-09T00:00:00Z,NONCASH_OR_OPENING,0.0000,2400.0000,Source-driven vendor cost,SHI,CONDITIONAL_FORECAST,BIZ-base-0001654,9,9,2027-09-30,base,FOUNDRY_FIELD,2400.0000,base-09-COST-HOSTING-FF-021,BUSINESS_DRIVEN_FORECAST,foundry-field,2027
BIZ_AP,liability,2026-09-09T00:00:00Z,NONCASH_OR_OPENING,2400.0000,0.0000,Source-driven vendor cost,SHI,CONDITIONAL_FORECAST,BIZ-base-0001654,9,9,2027-09-30,base,FOUNDRY_FIELD,-2400.0000,base-09-COST-HOSTING-FF-021,BUSINESS_DRIVEN_FORECAST,foundry-field,2027
BIZ_DEFERRED,liability,2026-09-09T00:00:00Z,NONCASH_OR_OPENING,0.0000,130000.0000,Monthly service under effective contract version,SHI,CONDITIONAL_FORECAST,BIZ-base-0001655,9,9,2027-09-30,base,FOUNDRY_FIELD,130000.0000,base-09-SUBSCRIPTION_SERVICE-FF-022,BUSINESS_DRIVEN_FORECAST,foundry-field,2027
BIZ_REVENUE,revenue,2026-09-09T00:00:00Z,NONCASH_OR_OPENING,130000.0000,0.0000,Monthly service under effective contract version,SHI,CONDITIONAL_FORECAST,BIZ-base-0001655,9,9,2027-09-30,base,FOUNDRY_FIELD,-130000.0000,base-09-SUBSCRIPTION_SERVICE-FF-022,BUSINESS_DRIVEN_FORECAST,foundry-field,2027
BIZ_DELIVERY,expense,2026-09-09T00:00:00Z,NONCASH_OR_OPENING,0.0000,3000.0000,Source-driven vendor cost,SHI,CONDITIONAL_FORECAST,BIZ-base-0001656,9,9,2027-09-30,base,FOUNDRY_FIELD,3000.0000,base-09-COST-HOSTING-FF-022,BUSINESS_DRIVEN_FORECAST,foundry-field,2027
BIZ_AP,liability,2026-09-09T00:00:00Z,NONCASH_OR_OPENING,3000.0000,0.0000,Source-driven vendor cost,SHI,CONDITIONAL_FORECAST,BIZ-base-0001656,9,9,2027-09-30,base,FOUNDRY_FIELD,-3000.0000,base-09-COST-HOSTING-FF-022,BUSINESS_DRIVEN_FORECAST,foundry-field,2027
BIZ_DEFERRED,liability,2026-09-09T00:00:00Z,NONCASH_OR_OPENING,0.0000,145000.0000,Monthly service under effective contract version,SHI,CONDITIONAL_FORECAST,BIZ-base-0001657,9,9,2027-09-30,base,FOUNDRY_FIELD,145000.0000,base-09-SUBSCRIPTION_SERVICE-FF-023,BUSINESS_DRIVEN_FORECAST,foundry-field,2027
BIZ_REVENUE,revenue,2026-09-09T00:00:00Z,NONCASH_OR_OPENING,145000.0000,0.0000,Monthly service under effective contract version,SHI,CONDITIONAL_FORECAST,BIZ-base-0001657,9,9,2027-09-30,base,FOUNDRY_FIELD,-145000.0000,base-09-SUBSCRIPTION_SERVICE-FF-023,BUSINESS_DRIVEN_FORECAST,foundry-field,2027
BIZ_DELIVERY,expense,2026-09-09T00:00:00Z,NONCASH_OR_OPENING,0.0000,3600.0000,Source-driven vendor cost,SHI,CONDITIONAL_FORECAST,BIZ-base-0001658,9,9,2027-09-30,base,FOUNDRY_FIELD,3600.0000,base-09-COST-HOSTING-FF-023,BUSINESS_DRIVEN_FORECAST,foundry-field,2027
BIZ_AP,liability,2026-09-09T00:00:00Z,NONCASH_OR_OPENING,3600.0000,0.0000,Source-driven vendor cost,SHI,CONDITIONAL_FORECAST,BIZ-base-0001658,9,9,2027-09-30,base,FOUNDRY_FIELD,-3600.0000,base-09-COST-HOSTING-FF-023,BUSINESS_DRIVEN_FORECAST,foundry-field,2027
BIZ_DEFERRED,liability,2026-09-09T00:00:00Z,NONCASH_OR_OPENING,0.0000,160000.0000,Monthly service under effective contract version,SHI,CONDITIONAL_FORECAST,BIZ-base-0001659,9,9,2027-09-30,base,FOUNDRY_FIELD,160000.0000,base-09-SUBSCRIPTION_SERVICE-FF-024,BUSINESS_DRIVEN_FORECAST,foundry-field,2027
BIZ_REVENUE,revenue,2026-09-09T00:00:00Z,NONCASH_OR_OPENING,160000.0000,0.0000,Monthly service under effective contract version,SHI,CONDITIONAL_FORECAST,BIZ-base-0001659,9,9,2027-09-30,base,FOUNDRY_FIELD,-160000.0000,base-09-SUBSCRIPTION_SERVICE-FF-024,BUSINESS_DRIVEN_FORECAST,foundry-field,2027
BIZ_DELIVERY,expense,2026-09-09T00:00:00Z,NONCASH_OR_OPENING,0.0000,1800.0000,Source-driven vendor cost,SHI,CONDITIONAL_FORECAST,BIZ-base-0001660,9,9,2027-09-30,base,FOUNDRY_FIELD,1800.0000,base-09-COST-HOSTING-FF-024,BUSINESS_DRIVEN_FORECAST,foundry-field,2027
BIZ_AP,liability,2026-09-09T00:00:00Z,NONCASH_OR_OPENING,1800.0000,0.0000,Source-driven vendor cost,SHI,CONDITIONAL_FORECAST,BIZ-base-0001660,9,9,2027-09-30,base,FOUNDRY_FIELD,-1800.0000,base-09-COST-HOSTING-FF-024,BUSINESS_DRIVEN_FORECAST,foundry-field,2027
BIZ_DEFERRED,liability,2026-09-09T00:00:00Z,NONCASH_OR_OPENING,0.0000,100000.0000,Monthly service under effective contract version,SHI,CONDITIONAL_FORECAST,BIZ-base-0001661,9,9,2027-09-30,base,FOUNDRY_FIELD,100000.0000,base-09-SUBSCRIPTION_SERVICE-FF-025,BUSINESS_DRIVEN_FORECAST,foundry-field,2027
BIZ_REVENUE,revenue,2026-09-09T00:00:00Z,NONCASH_OR_OPENING,100000.0000,0.0000,Monthly service under effective contract version,SHI,CONDITIONAL_FORECAST,BIZ-base-0001661,9,9,2027-09-30,base,FOUNDRY_FIELD,-100000.0000,base-09-SUBSCRIPTION_SERVICE-FF-025,BUSINESS_DRIVEN_FORECAST,foundry-field,2027
BIZ_DELIVERY,expense,2026-09-09T00:00:00Z,NONCASH_OR_OPENING,0.0000,2400.0000,Source-driven vendor cost,SHI,CONDITIONAL_FORECAST,BIZ-base-0001662,9,9,2027-09-30,base,FOUNDRY_FIELD,2400.0000,base-09-COST-HOSTING-FF-025,BUSINESS_DRIVEN_FORECAST,foundry-field,2027
BIZ_AP,liability,2026-09-09T00:00:00Z,NONCASH_OR_OPENING,2400.0000,0.0000,Source-driven vendor cost,SHI,CONDITIONAL_FORECAST,BIZ-base-0001662,9,9,2027-09-30,base,FOUNDRY_FIELD,-2400.0000,base-09-COST-HOSTING-FF-025,BUSINESS_DRIVEN_FORECAST,foundry-field,2027
BIZ_DEFERRED,liability,2026-09-09T00:00:00Z,NONCASH_OR_OPENING,0.0000,115000.0000,Monthly service under effective contract version,SHI,CONDITIONAL_FORECAST,BIZ-base-0001663,9,9,2027-09-30,base,FOUNDRY_FIELD,115000.0000,base-09-SUBSCRIPTION_SERVICE-FF-026,BUSINESS_DRIVEN_FORECAST,foundry-field,2027
BIZ_REVENUE,revenue,2026-09-09T00:00:00Z,NONCASH_OR_OPENING,115000.0000,0.0000,Monthly service under effective contract version,SHI,CONDITIONAL_FORECAST,BIZ-base-0001663,9,9,2027-09-30,base,FOUNDRY_FIELD,-115000.0000,base-09-SUBSCRIPTION_SERVICE-FF-026,BUSINESS_DRIVEN_FORECAST,foundry-field,2027
BIZ_DELIVERY,expense,2026-09-09T00:00:00Z,NONCASH_OR_OPENING,0.0000,3000.0000,Source-driven vendor cost,SHI,CONDITIONAL_FORECAST,BIZ-base-0001664,9,9,2027-09-30,base,FOUNDRY_FIELD,3000.0000,base-09-COST-HOSTING-FF-026,BUSINESS_DRIVEN_FORECAST,foundry-field,2027
BIZ_AP,liability,2026-09-09T00:00:00Z,NONCASH_OR_OPENING,3000.0000,0.0000,Source-driven vendor cost,SHI,CONDITIONAL_FORECAST,BIZ-base-0001664,9,9,2027-09-30,base,FOUNDRY_FIELD,-3000.0000,base-09-COST-HOSTING-FF-026,BUSINESS_DRIVEN_FORECAST,foundry-field,2027
BIZ_DEFERRED,liability,2026-09-09T00:00:00Z,NONCASH_OR_OPENING,0.0000,130000.0000,Monthly service under effective contract version,SHI,CONDITIONAL_FORECAST,BIZ-base-0001665,9,9,2027-09-30,base,FOUNDRY_FIELD,130000.0000,base-09-SUBSCRIPTION_SERVICE-FF-027,BUSINESS_DRIVEN_FORECAST,foundry-field,2027
BIZ_REVENUE,revenue,2026-09-09T00:00:00Z,NONCASH_OR_OPENING,130000.0000,0.0000,Monthly service under effective contract version,SHI,CONDITIONAL_FORECAST,BIZ-base-0001665,9,9,2027-09-30,base,FOUNDRY_FIELD,-130000.0000,base-09-SUBSCRIPTION_SERVICE-FF-027,BUSINESS_DRIVEN_FORECAST,foundry-field,2027
BIZ_DELIVERY,expense,2026-09-09T00:00:00Z,NONCASH_OR_OPENING,0.0000,3600.0000,Source-driven vendor cost,SHI,CONDITIONAL_FORECAST,BIZ-base-0001666,9,9,2027-09-30,base,FOUNDRY_FIELD,3600.0000,base-09-COST-HOSTING-FF-027,BUSINESS_DRIVEN_FORECAST,foundry-field,2027
BIZ_AP,liability,2026-09-09T00:00:00Z,NONCASH_OR_OPENING,3600.0000,0.0000,Source-driven vendor cost,SHI,CONDITIONAL_FORECAST,BIZ-base-0001666,9,9,2027-09-30,base,FOUNDRY_FIELD,-3600.0000,base-09-COST-HOSTING-FF-027,BUSINESS_DRIVEN_FORECAST,foundry-field,2027
BIZ_DEFERRED,liability,2026-09-09T00:00:00Z,NONCASH_OR_OPENING,0.0000,145000.0000,Monthly service under effective contract version,SHI,CONDITIONAL_FORECAST,BIZ-base-0001667,9,9,2027-09-30,base,FOUNDRY_FIELD,145000.0000,base-09-SUBSCRIPTION_SERVICE-FF-028,BUSINESS_DRIVEN_FORECAST,foundry-field,2027
BIZ_REVENUE,revenue,2026-09-09T00:00:00Z,NONCASH_OR_OPENING,145000.0000,0.0000,Monthly service under effective contract version,SHI,CONDITIONAL_FORECAST,BIZ-base-0001667,9,9,2027-09-30,base,FOUNDRY_FIELD,-145000.0000,base-09-SUBSCRIPTION_SERVICE-FF-028,BUSINESS_DRIVEN_FORECAST,foundry-field,2027
BIZ_DELIVERY,expense,2026-09-09T00:00:00Z,NONCASH_OR_OPENING,0.0000,1800.0000,Source-driven vendor cost,SHI,CONDITIONAL_FORECAST,BIZ-base-0001668,9,9,2027-09-30,base,FOUNDRY_FIELD,1800.0000,base-09-COST-HOSTING-FF-028,BUSINESS_DRIVEN_FORECAST,foundry-field,2027
BIZ_AP,liability,2026-09-09T00:00:00Z,NONCASH_OR_OPENING,1800.0000,0.0000,Source-driven vendor cost,SHI,CONDITIONAL_FORECAST,BIZ-base-0001668,9,9,2027-09-30,base,FOUNDRY_FIELD,-1800.0000,base-09-COST-HOSTING-FF-028,BUSINESS_DRIVEN_FORECAST,foundry-field,2027
BIZ_DEFERRED,liability,2026-09-09T00:00:00Z,NONCASH_OR_OPENING,0.0000,160000.0000,Monthly service under effective contract version,SHI,CONDITIONAL_FORECAST,BIZ-base-0001669,9,9,2027-09-30,base,FOUNDRY_FIELD,160000.0000,base-09-SUBSCRIPTION_SERVICE-FF-029,BUSINESS_DRIVEN_FORECAST,foundry-field,2027
BIZ_REVENUE,revenue,2026-09-09T00:00:00Z,NONCASH_OR_OPENING,160000.0000,0.0000,Monthly service under effective contract version,SHI,CONDITIONAL_FORECAST,BIZ-base-0001669,9,9,2027-09-30,base,FOUNDRY_FIELD,-160000.0000,base-09-SUBSCRIPTION_SERVICE-FF-029,BUSINESS_DRIVEN_FORECAST,foundry-field,2027
BIZ_DELIVERY,expense,2026-09-09T00:00:00Z,NONCASH_OR_OPENING,0.0000,2400.0000,Source-driven vendor cost,SHI,CONDITIONAL_FORECAST,BIZ-base-0001670,9,9,2027-09-30,base,FOUNDRY_FIELD,2400.0000,base-09-COST-HOSTING-FF-029,BUSINESS_DRIVEN_FORECAST,foundry-field,2027
BIZ_AP,liability,2026-09-09T00:00:00Z,NONCASH_OR_OPENING,2400.0000,0.0000,Source-driven vendor cost,SHI,CONDITIONAL_FORECAST,BIZ-base-0001670,9,9,2027-09-30,base,FOUNDRY_FIELD,-2400.0000,base-09-COST-HOSTING-FF-029,BUSINESS_DRIVEN_FORECAST,foundry-field,2027
BIZ_DEFERRED,liability,2026-09-09T00:00:00Z,NONCASH_OR_OPENING,0.0000,100000.0000,Monthly service under effective contract version,SHI,CONDITIONAL_FORECAST,BIZ-base-0001671,9,9,2027-09-30,base,FOUNDRY_FIELD,100000.0000,base-09-SUBSCRIPTION_SERVICE-FF-030,BUSINESS_DRIVEN_FORECAST,foundry-field,2027
BIZ_REVENUE,revenue,2026-09-09T00:00:00Z,NONCASH_OR_OPENING,100000.0000,0.0000,Monthly service under effective contract version,SHI,CONDITIONAL_FORECAST,BIZ-base-0001671,9,9,2027-09-30,base,FOUNDRY_FIELD,-100000.0000,base-09-SUBSCRIPTION_SERVICE-FF-030,BUSINESS_DRIVEN_FORECAST,foundry-field,2027
BIZ_DELIVERY,expense,2026-09-09T00:00:00Z,NONCASH_OR_OPENING,0.0000,3000.0000,Source-driven vendor cost,SHI,CONDITIONAL_FORECAST,BIZ-base-0001672,9,9,2027-09-30,base,FOUNDRY_FIELD,3000.0000,base-09-COST-HOSTING-FF-030,BUSINESS_DRIVEN_FORECAST,foundry-field,2027
BIZ_AP,liability,2026-09-09T00:00:00Z,NONCASH_OR_OPENING,3000.0000,0.0000,Source-driven vendor cost,SHI,CONDITIONAL_FORECAST,BIZ-base-0001672,9,9,2027-09-30,base,FOUNDRY_FIELD,-3000.0000,base-09-COST-HOSTING-FF-030,BUSINESS_DRIVEN_FORECAST,foundry-field,2027
BIZ_DEFERRED,liability,2026-09-09T00:00:00Z,NONCASH_OR_OPENING,0.0000,115000.0000,Monthly service under effective contract version,SHI,CONDITIONAL_FORECAST,BIZ-base-0001673,9,9,2027-09-30,base,FOUNDRY_FIELD,115000.0000,base-09-SUBSCRIPTION_SERVICE-FF-031,BUSINESS_DRIVEN_FORECAST,foundry-field,2027
BIZ_REVENUE,revenue,2026-09-09T00:00:00Z,NONCASH_OR_OPENING,115000.0000,0.0000,Monthly service under effective contract version,SHI,CONDITIONAL_FORECAST,BIZ-base-0001673,9,9,2027-09-30,base,FOUNDRY_FIELD,-115000.0000,base-09-SUBSCRIPTION_SERVICE-FF-031,BUSINESS_DRIVEN_FORECAST,foundry-field,2027
BIZ_DELIVERY,expense,2026-09-09T00:00:00Z,NONCASH_OR_OPENING,0.0000,3600.0000,Source-driven vendor cost,SHI,CONDITIONAL_FORECAST,BIZ-base-0001674,9,9,2027-09-30,base,FOUNDRY_FIELD,3600.0000,base-09-COST-HOSTING-FF-031,BUSINESS_DRIVEN_FORECAST,foundry-field,2027
BIZ_AP,liability,2026-09-09T00:00:00Z,NONCASH_OR_OPENING,3600.0000,0.0000,Source-driven vendor cost,SHI,CONDITIONAL_FORECAST,BIZ-base-0001674,9,9,2027-09-30,base,FOUNDRY_FIELD,-3600.0000,base-09-COST-HOSTING-FF-031,BUSINESS_DRIVEN_FORECAST,foundry-field,2027
BIZ_DEFERRED,liability,2026-09-09T00:00:00Z,NONCASH_OR_OPENING,0.0000,130000.0000,Monthly service under effective contract version,SHI,CONDITIONAL_FORECAST,BIZ-base-0001675,9,9,2027-09-30,base,FOUNDRY_FIELD,130000.0000,base-09-SUBSCRIPTION_SERVICE-FF-032,BUSINESS_DRIVEN_FORECAST,foundry-field,2027
BIZ_REVENUE,revenue,2026-09-09T00:00:00Z,NONCASH_OR_OPENING,130000.0000,0.0000,Monthly service under effective contract version,SHI,CONDITIONAL_FORECAST,BIZ-base-0001675,9,9,2027-09-30,base,FOUNDRY_FIELD,-130000.0000,base-09-SUBSCRIPTION_SERVICE-FF-032,BUSINESS_DRIVEN_FORECAST,foundry-field,2027
BIZ_DELIVERY,expense,2026-09-09T00:00:00Z,NONCASH_OR_OPENING,0.0000,1800.0000,Source-driven vendor cost,SHI,CONDITIONAL_FORECAST,BIZ-base-0001676,9,9,2027-09-30,base,FOUNDRY_FIELD,1800.0000,base-09-COST-HOSTING-FF-032,BUSINESS_DRIVEN_FORECAST,foundry-field,2027
BIZ_AP,liability,2026-09-09T00:00:00Z,NONCASH_OR_OPENING,1800.0000,0.0000,Source-driven vendor cost,SHI,CONDITIONAL_FORECAST,BIZ-base-0001676,9,9,2027-09-30,base,FOUNDRY_FIELD,-1800.0000,base-09-COST-HOSTING-FF-032,BUSINESS_DRIVEN_FORECAST,foundry-field,2027
BIZ_DEFERRED,liability,2026-09-09T00:00:00Z,NONCASH_OR_OPENING,0.0000,145000.0000,Monthly service under effective contract version,SHI,CONDITIONAL_FORECAST,BIZ-base-0001677,9,9,2027-09-30,base,FOUNDRY_FIELD,145000.0000,base-09-SUBSCRIPTION_SERVICE-FF-033,BUSINESS_DRIVEN_FORECAST,foundry-field,2027
BIZ_REVENUE,revenue,2026-09-09T00:00:00Z,NONCASH_OR_OPENING,145000.0000,0.0000,Monthly service under effective contract version,SHI,CONDITIONAL_FORECAST,BIZ-base-0001677,9,9,2027-09-30,base,FOUNDRY_FIELD,-145000.0000,base-09-SUBSCRIPTION_SERVICE-FF-033,BUSINESS_DRIVEN_FORECAST,foundry-field,2027
BIZ_DELIVERY,expense,2026-09-09T00:00:00Z,NONCASH_OR_OPENING,0.0000,2400.0000,Source-driven vendor cost,SHI,CONDITIONAL_FORECAST,BIZ-base-0001678,9,9,2027-09-30,base,FOUNDRY_FIELD,2400.0000,base-09-COST-HOSTING-FF-033,BUSINESS_DRIVEN_FORECAST,foundry-field,2027
BIZ_AP,liability,2026-09-09T00:00:00Z,NONCASH_OR_OPENING,2400.0000,0.0000,Source-driven vendor cost,SHI,CONDITIONAL_FORECAST,BIZ-base-0001678,9,9,2027-09-30,base,FOUNDRY_FIELD,-2400.0000,base-09-COST-HOSTING-FF-033,BUSINESS_DRIVEN_FORECAST,foundry-field,2027
BIZ_DEFERRED,liability,2026-09-09T00:00:00Z,NONCASH_OR_OPENING,0.0000,160000.0000,Monthly service under effective contract version,SHI,CONDITIONAL_FORECAST,BIZ-base-0001679,9,9,2027-09-30,base,FOUNDRY_FIELD,160000.0000,base-09-SUBSCRIPTION_SERVICE-FF-034,BUSINESS_DRIVEN_FORECAST,foundry-field,2027
BIZ_REVENUE,revenue,2026-09-09T00:00:00Z,NONCASH_OR_OPENING,160000.0000,0.0000,Monthly service under effective contract version,SHI,CONDITIONAL_FORECAST,BIZ-base-0001679,9,9,2027-09-30,base,FOUNDRY_FIELD,-160000.0000,base-09-SUBSCRIPTION_SERVICE-FF-034,BUSINESS_DRIVEN_FORECAST,foundry-field,2027
BIZ_DELIVERY,expense,2026-09-09T00:00:00Z,NONCASH_OR_OPENING,0.0000,3000.0000,Source-driven vendor cost,SHI,CONDITIONAL_FORECAST,BIZ-base-0001680,9,9,2027-09-30,base,FOUNDRY_FIELD,3000.0000,base-09-COST-HOSTING-FF-034,BUSINESS_DRIVEN_FORECAST,foundry-field,2027
BIZ_AP,liability,2026-09-09T00:00:00Z,NONCASH_OR_OPENING,3000.0000,0.0000,Source-driven vendor cost,SHI,CONDITIONAL_FORECAST,BIZ-base-0001680,9,9,2027-09-30,base,FOUNDRY_FIELD,-3000.0000,base-09-COST-HOSTING-FF-034,BUSINESS_DRIVEN_FORECAST,foundry-field,2027
BIZ_DEFERRED,liability,2026-09-09T00:00:00Z,NONCASH_OR_OPENING,0.0000,100000.0000,Monthly service under effective contract version,SHI,CONDITIONAL_FORECAST,BIZ-base-0001681,9,9,2027-09-30,base,FOUNDRY_FIELD,100000.0000,base-09-SUBSCRIPTION_SERVICE-FF-035,BUSINESS_DRIVEN_FORECAST,foundry-field,2027
BIZ_REVENUE,revenue,2026-09-09T00:00:00Z,NONCASH_OR_OPENING,100000.0000,0.0000,Monthly service under effective contract version,SHI,CONDITIONAL_FORECAST,BIZ-base-0001681,9,9,2027-09-30,base,FOUNDRY_FIELD,-100000.0000,base-09-SUBSCRIPTION_SERVICE-FF-035,BUSINESS_DRIVEN_FORECAST,foundry-field,2027
BIZ_DELIVERY,expense,2026-09-09T00:00:00Z,NONCASH_OR_OPENING,0.0000,3600.0000,Source-driven vendor cost,SHI,CONDITIONAL_FORECAST,BIZ-base-0001682,9,9,2027-09-30,base,FOUNDRY_FIELD,3600.0000,base-09-COST-HOSTING-FF-035,BUSINESS_DRIVEN_FORECAST,foundry-field,2027
BIZ_AP,liability,2026-09-09T00:00:00Z,NONCASH_OR_OPENING,3600.0000,0.0000,Source-driven vendor cost,SHI,CONDITIONAL_FORECAST,BIZ-base-0001682,9,9,2027-09-30,base,FOUNDRY_FIELD,-3600.0000,base-09-COST-HOSTING-FF-035,BUSINESS_DRIVEN_FORECAST,foundry-field,2027
BIZ_DEFERRED,liability,2026-09-09T00:00:00Z,NONCASH_OR_OPENING,0.0000,115000.0000,Monthly service under effective contract version,SHI,CONDITIONAL_FORECAST,BIZ-base-0001683,9,9,2027-09-30,base,FOUNDRY_FIELD,115000.0000,base-09-SUBSCRIPTION_SERVICE-FF-036,BUSINESS_DRIVEN_FORECAST,foundry-field,2027
BIZ_REVENUE,revenue,2026-09-09T00:00:00Z,NONCASH_OR_OPENING,115000.0000,0.0000,Monthly service under effective contract version,SHI,CONDITIONAL_FORECAST,BIZ-base-0001683,9,9,2027-09-30,base,FOUNDRY_FIELD,-115000.0000,base-09-SUBSCRIPTION_SERVICE-FF-036,BUSINESS_DRIVEN_FORECAST,foundry-field,2027
BIZ_DELIVERY,expense,2026-09-09T00:00:00Z,NONCASH_OR_OPENING,0.0000,1800.0000,Source-driven vendor cost,SHI,CONDITIONAL_FORECAST,BIZ-base-0001684,9,9,2027-09-30,base,FOUNDRY_FIELD,1800.0000,base-09-COST-HOSTING-FF-036,BUSINESS_DRIVEN_FORECAST,foundry-field,2027
BIZ_AP,liability,2026-09-09T00:00:00Z,NONCASH_OR_OPENING,1800.0000,0.0000,Source-driven vendor cost,SHI,CONDITIONAL_FORECAST,BIZ-base-0001684,9,9,2027-09-30,base,FOUNDRY_FIELD,-1800.0000,base-09-COST-HOSTING-FF-036,BUSINESS_DRIVEN_FORECAST,foundry-field,2027
BIZ_AR,asset,2026-09-09T00:00:00Z,NONCASH_OR_OPENING,0.0000,120000.0000,Accepted outcome/product billing,SHI,CONDITIONAL_FORECAST,BIZ-base-0001685,9,9,2027-09-30,base,FOUNDRY_FIELD,120000.0000,base-09-INVOICE-INV-base-base-09-DEPLOYMENT_ACCEPTANCE-FF-037,BUSINESS_DRIVEN_FORECAST,foundry-field,2027
BIZ_REVENUE,revenue,2026-09-09T00:00:00Z,NONCASH_OR_OPENING,120000.0000,0.0000,Accepted outcome/product billing,SHI,CONDITIONAL_FORECAST,BIZ-base-0001685,9,9,2027-09-30,base,FOUNDRY_FIELD,-120000.0000,base-09-INVOICE-INV-base-base-09-DEPLOYMENT_ACCEPTANCE-FF-037,BUSINESS_DRIVEN_FORECAST,foundry-field,2027
BIZ_AR,asset,2026-09-09T00:00:00Z,NONCASH_OR_OPENING,0.0000,1560000.0000,Annual subscription billing,SHI,CONDITIONAL_FORECAST,BIZ-base-0001686,9,9,2027-09-30,base,FOUNDRY_FIELD,1560000.0000,base-09-INVOICE-INV-base-FF-037-TERM-0,BUSINESS_DRIVEN_FORECAST,foundry-field,2027
BIZ_DEFERRED,liability,2026-09-09T00:00:00Z,NONCASH_OR_OPENING,1560000.0000,0.0000,Annual subscription billing,SHI,CONDITIONAL_FORECAST,BIZ-base-0001686,9,9,2027-09-30,base,FOUNDRY_FIELD,-1560000.0000,base-09-INVOICE-INV-base-FF-037-TERM-0,BUSINESS_DRIVEN_FORECAST,foundry-field,2027
BIZ_AR,asset,2026-09-09T00:00:00Z,NONCASH_OR_OPENING,0.0000,144000.0000,Annual subscription billing,SHI,CONDITIONAL_FORECAST,BIZ-base-0001687,9,9,2027-09-30,base,FOUNDRY_FIELD,144000.0000,base-09-INVOICE-INV-base-FF-037-SYN-AMEND-037,BUSINESS_DRIVEN_FORECAST,foundry-field,2027
BIZ_DEFERRED,liability,2026-09-09T00:00:00Z,NONCASH_OR_OPENING,144000.0000,0.0000,Annual subscription billing,SHI,CONDITIONAL_FORECAST,BIZ-base-0001687,9,9,2027-09-30,base,FOUNDRY_FIELD,-144000.0000,base-09-INVOICE-INV-base-FF-037-SYN-AMEND-037,BUSINESS_DRIVEN_FORECAST,foundry-field,2027
BIZ_DEFERRED,liability,2026-09-09T00:00:00Z,NONCASH_OR_OPENING,0.0000,142000.0000,Monthly service under effective contract version,SHI,CONDITIONAL_FORECAST,BIZ-base-0001688,9,9,2027-09-30,base,FOUNDRY_FIELD,142000.0000,base-09-SUBSCRIPTION_SERVICE-FF-037,BUSINESS_DRIVEN_FORECAST,foundry-field,2027
BIZ_REVENUE,revenue,2026-09-09T00:00:00Z,NONCASH_OR_OPENING,142000.0000,0.0000,Monthly service under effective contract version,SHI,CONDITIONAL_FORECAST,BIZ-base-0001688,9,9,2027-09-30,base,FOUNDRY_FIELD,-142000.0000,base-09-SUBSCRIPTION_SERVICE-FF-037,BUSINESS_DRIVEN_FORECAST,foundry-field,2027
BIZ_DELIVERY,expense,2026-09-09T00:00:00Z,NONCASH_OR_OPENING,0.0000,2400.0000,Source-driven vendor cost,SHI,CONDITIONAL_FORECAST,BIZ-base-0001689,9,9,2027-09-30,base,FOUNDRY_FIELD,2400.0000,base-09-COST-HOSTING-FF-037,BUSINESS_DRIVEN_FORECAST,foundry-field,2027
BIZ_AP,liability,2026-09-09T00:00:00Z,NONCASH_OR_OPENING,2400.0000,0.0000,Source-driven vendor cost,SHI,CONDITIONAL_FORECAST,BIZ-base-0001689,9,9,2027-09-30,base,FOUNDRY_FIELD,-2400.0000,base-09-COST-HOSTING-FF-037,BUSINESS_DRIVEN_FORECAST,foundry-field,2027
BIZ_AR,asset,2026-09-09T00:00:00Z,NONCASH_OR_OPENING,0.0000,120000.0000,Accepted outcome/product billing,SHI,CONDITIONAL_FORECAST,BIZ-base-0001690,9,9,2027-09-30,base,FOUNDRY_FIELD,120000.0000,base-09-INVOICE-INV-base-base-09-DEPLOYMENT_ACCEPTANCE-FF-039,BUSINESS_DRIVEN_FORECAST,foundry-field,2027
BIZ_REVENUE,revenue,2026-09-09T00:00:00Z,NONCASH_OR_OPENING,120000.0000,0.0000,Accepted outcome/product billing,SHI,CONDITIONAL_FORECAST,BIZ-base-0001690,9,9,2027-09-30,base,FOUNDRY_FIELD,-120000.0000,base-09-INVOICE-INV-base-base-09-DEPLOYMENT_ACCEPTANCE-FF-039,BUSINESS_DRIVEN_FORECAST,foundry-field,2027
BIZ_AR,asset,2026-09-09T00:00:00Z,NONCASH_OR_OPENING,0.0000,1920000.0000,Annual subscription billing,SHI,CONDITIONAL_FORECAST,BIZ-base-0001691,9,9,2027-09-30,base,FOUNDRY_FIELD,1920000.0000,base-09-INVOICE-INV-base-FF-039-TERM-0,BUSINESS_DRIVEN_FORECAST,foundry-field,2027
BIZ_DEFERRED,liability,2026-09-09T00:00:00Z,NONCASH_OR_OPENING,1920000.0000,0.0000,Annual subscription billing,SHI,CONDITIONAL_FORECAST,BIZ-base-0001691,9,9,2027-09-30,base,FOUNDRY_FIELD,-1920000.0000,base-09-INVOICE-INV-base-FF-039-TERM-0,BUSINESS_DRIVEN_FORECAST,foundry-field,2027
BIZ_DEFERRED,liability,2026-09-09T00:00:00Z,NONCASH_OR_OPENING,0.0000,160000.0000,Monthly service under effective contract version,SHI,CONDITIONAL_FORECAST,BIZ-base-0001692,9,9,2027-09-30,base,FOUNDRY_FIELD,160000.0000,base-09-SUBSCRIPTION_SERVICE-FF-039,BUSINESS_DRIVEN_FORECAST,foundry-field,2027
BIZ_REVENUE,revenue,2026-09-09T00:00:00Z,NONCASH_OR_OPENING,160000.0000,0.0000,Monthly service under effective contract version,SHI,CONDITIONAL_FORECAST,BIZ-base-0001692,9,9,2027-09-30,base,FOUNDRY_FIELD,-160000.0000,base-09-SUBSCRIPTION_SERVICE-FF-039,BUSINESS_DRIVEN_FORECAST,foundry-field,2027
BIZ_DELIVERY,expense,2026-09-09T00:00:00Z,NONCASH_OR_OPENING,0.0000,3600.0000,Source-driven vendor cost,SHI,CONDITIONAL_FORECAST,BIZ-base-0001693,9,9,2027-09-30,base,FOUNDRY_FIELD,3600.0000,base-09-COST-HOSTING-FF-039,BUSINESS_DRIVEN_FORECAST,foundry-field,2027
BIZ_AP,liability,2026-09-09T00:00:00Z,NONCASH_OR_OPENING,3600.0000,0.0000,Source-driven vendor cost,SHI,CONDITIONAL_FORECAST,BIZ-base-0001693,9,9,2027-09-30,base,FOUNDRY_FIELD,-3600.0000,base-09-COST-HOSTING-FF-039,BUSINESS_DRIVEN_FORECAST,foundry-field,2027
BIZ_CREDIT_LOSS,expense,2026-09-09T00:00:00Z,NONCASH_OR_OPENING,0.0000,77280.0000,"Explicit expected credit-loss estimate, not observed customer default",SHI,CONDITIONAL_FORECAST,BIZ-base-0001750,9,9,2027-09-30,base,FOUNDRY_FIELD,77280.0000,base-09-MONTH_END_ESTIMATE-foundry-field,BUSINESS_DRIVEN_FORECAST,foundry-field,2027
BIZ_ALLOWANCE,asset,2026-09-09T00:00:00Z,NONCASH_OR_OPENING,77280.0000,0.0000,"Explicit expected credit-loss estimate, not observed customer default",SHI,CONDITIONAL_FORECAST,BIZ-base-0001750,9,9,2027-09-30,base,FOUNDRY_FIELD,-77280.0000,base-09-MONTH_END_ESTIMATE-foundry-field,BUSINESS_DRIVEN_FORECAST,foundry-field,2027
1000,asset,2026-09-09T00:00:00Z,OPERATING,0.0000,174000.0000,Modeled post-writeoff recovery,SHI,CONDITIONAL_FORECAST,BIZ-base-0001754,10,10,2027-10-31,base,FOUNDRY_FIELD,174000.0000,base-10-CREDIT_RECOVERY-INV-base-FF-003-TERM-0,BUSINESS_DRIVEN_FORECAST,foundry-field,2027
BIZ_CREDIT_LOSS,expense,2026-09-09T00:00:00Z,NONCASH_OR_OPENING,174000.0000,0.0000,Modeled post-writeoff recovery,SHI,CONDITIONAL_FORECAST,BIZ-base-0001754,10,10,2027-10-31,base,FOUNDRY_FIELD,-174000.0000,base-10-CREDIT_RECOVERY-INV-base-FF-003-TERM-0,BUSINESS_DRIVEN_FORECAST,foundry-field,2027
1000,asset,2026-09-09T00:00:00Z,OPERATING,0.0000,120000.0000,Modeled customer receipt,SHI,CONDITIONAL_FORECAST,BIZ-base-0001755,10,10,2027-10-31,base,FOUNDRY_FIELD,120000.0000,base-10-COLLECTION-INV-base-base-09-DEPLOYMENT_ACCEPTANCE-FF-037,BUSINESS_DRIVEN_FORECAST,foundry-field,2027
BIZ_AR,asset,2026-09-09T00:00:00Z,NONCASH_OR_OPENING,120000.0000,0.0000,Modeled customer receipt,SHI,CONDITIONAL_FORECAST,BIZ-base-0001755,10,10,2027-10-31,base,FOUNDRY_FIELD,-120000.0000,base-10-COLLECTION-INV-base-base-09-DEPLOYMENT_ACCEPTANCE-FF-037,BUSINESS_DRIVEN_FORECAST,foundry-field,2027
1000,asset,2026-09-09T00:00:00Z,OPERATING,0.0000,1560000.0000,Modeled customer receipt,SHI,CONDITIONAL_FORECAST,BIZ-base-0001756,10,10,2027-10-31,base,FOUNDRY_FIELD,1560000.0000,base-10-COLLECTION-INV-base-FF-037-TERM-0,BUSINESS_DRIVEN_FORECAST,foundry-field,2027
BIZ_AR,asset,2026-09-09T00:00:00Z,NONCASH_OR_OPENING,1560000.0000,0.0000,Modeled customer receipt,SHI,CONDITIONAL_FORECAST,BIZ-base-0001756,10,10,2027-10-31,base,FOUNDRY_FIELD,-1560000.0000,base-10-COLLECTION-INV-base-FF-037-TERM-0,BUSINESS_DRIVEN_FORECAST,foundry-field,2027
1000,asset,2026-09-09T00:00:00Z,OPERATING,0.0000,144000.0000,Modeled customer receipt,SHI,CONDITIONAL_FORECAST,BIZ-base-0001757,10,10,2027-10-31,base,FOUNDRY_FIELD,144000.0000,base-10-COLLECTION-INV-base-FF-037-SYN-AMEND-037,BUSINESS_DRIVEN_FORECAST,foundry-field,2027
BIZ_AR,asset,2026-09-09T00:00:00Z,NONCASH_OR_OPENING,144000.0000,0.0000,Modeled customer receipt,SHI,CONDITIONAL_FORECAST,BIZ-base-0001757,10,10,2027-10-31,base,FOUNDRY_FIELD,-144000.0000,base-10-COLLECTION-INV-base-FF-037-SYN-AMEND-037,BUSINESS_DRIVEN_FORECAST,foundry-field,2027
1000,asset,2026-09-09T00:00:00Z,OPERATING,0.0000,120000.0000,Modeled customer receipt,SHI,CONDITIONAL_FORECAST,BIZ-base-0001758,10,10,2027-10-31,base,FOUNDRY_FIELD,120000.0000,base-10-COLLECTION-INV-base-base-09-DEPLOYMENT_ACCEPTANCE-FF-039,BUSINESS_DRIVEN_FORECAST,foundry-field,2027
BIZ_AR,asset,2026-09-09T00:00:00Z,NONCASH_OR_OPENING,120000.0000,0.0000,Modeled customer receipt,SHI,CONDITIONAL_FORECAST,BIZ-base-0001758,10,10,2027-10-31,base,FOUNDRY_FIELD,-120000.0000,base-10-COLLECTION-INV-base-base-09-DEPLOYMENT_ACCEPTANCE-FF-039,BUSINESS_DRIVEN_FORECAST,foundry-field,2027
1000,asset,2026-09-09T00:00:00Z,OPERATING,0.0000,1920000.0000,Modeled customer receipt,SHI,CONDITIONAL_FORECAST,BIZ-base-0001759,10,10,2027-10-31,base,FOUNDRY_FIELD,1920000.0000,base-10-COLLECTION-INV-base-FF-039-TERM-0,BUSINESS_DRIVEN_FORECAST,foundry-field,2027
BIZ_AR,asset,2026-09-09T00:00:00Z,NONCASH_OR_OPENING,1920000.0000,0.0000,Modeled customer receipt,SHI,CONDITIONAL_FORECAST,BIZ-base-0001759,10,10,2027-10-31,base,FOUNDRY_FIELD,-1920000.0000,base-10-COLLECTION-INV-base-FF-039-TERM-0,BUSINESS_DRIVEN_FORECAST,foundry-field,2027
BIZ_AP,liability,2026-09-09T00:00:00Z,NONCASH_OR_OPENING,0.0000,2400.0000,Scheduled vendor cash request; treasury shortfalls separately reported,SHI,CONDITIONAL_FORECAST,BIZ-base-0001768,10,10,2027-10-31,base,FOUNDRY_FIELD,2400.0000,base-10-PAYMENT_REQUEST-AP-base-9-HOSTING-FF-001,BUSINESS_DRIVEN_FORECAST,foundry-field,2027
1000,asset,2026-09-09T00:00:00Z,OPERATING,2400.0000,0.0000,Scheduled vendor cash request; treasury shortfalls separately reported,SHI,CONDITIONAL_FORECAST,BIZ-base-0001768,10,10,2027-10-31,base,FOUNDRY_FIELD,-2400.0000,base-10-PAYMENT_REQUEST-AP-base-9-HOSTING-FF-001,BUSINESS_DRIVEN_FORECAST,foundry-field,2027
BIZ_AP,liability,2026-09-09T00:00:00Z,NONCASH_OR_OPENING,0.0000,3000.0000,Scheduled vendor cash request; treasury shortfalls separately reported,SHI,CONDITIONAL_FORECAST,BIZ-base-0001769,10,10,2027-10-31,base,FOUNDRY_FIELD,3000.0000,base-10-PAYMENT_REQUEST-AP-base-9-HOSTING-FF-002,BUSINESS_DRIVEN_FORECAST,foundry-field,2027
1000,asset,2026-09-09T00:00:00Z,OPERATING,3000.0000,0.0000,Scheduled vendor cash request; treasury shortfalls separately reported,SHI,CONDITIONAL_FORECAST,BIZ-base-0001769,10,10,2027-10-31,base,FOUNDRY_FIELD,-3000.0000,base-10-PAYMENT_REQUEST-AP-base-9-HOSTING-FF-002,BUSINESS_DRIVEN_FORECAST,foundry-field,2027
BIZ_AP,liability,2026-09-09T00:00:00Z,NONCASH_OR_OPENING,0.0000,3600.0000,Scheduled vendor cash request; treasury shortfalls separately reported,SHI,CONDITIONAL_FORECAST,BIZ-base-0001770,10,10,2027-10-31,base,FOUNDRY_FIELD,3600.0000,base-10-PAYMENT_REQUEST-AP-base-9-HOSTING-FF-003,BUSINESS_DRIVEN_FORECAST,foundry-field,2027
1000,asset,2026-09-09T00:00:00Z,OPERATING,3600.0000,0.0000,Scheduled vendor cash request; treasury shortfalls separately reported,SHI,CONDITIONAL_FORECAST,BIZ-base-0001770,10,10,2027-10-31,base,FOUNDRY_FIELD,-3600.0000,base-10-PAYMENT_REQUEST-AP-base-9-HOSTING-FF-003,BUSINESS_DRIVEN_FORECAST,foundry-field,2027
BIZ_AP,liability,2026-09-09T00:00:00Z,NONCASH_OR_OPENING,0.0000,2400.0000,Scheduled vendor cash request; treasury shortfalls separately reported,SHI,CONDITIONAL_FORECAST,BIZ-base-0001771,10,10,2027-10-31,base,FOUNDRY_FIELD,2400.0000,base-10-PAYMENT_REQUEST-AP-base-9-HOSTING-FF-005,BUSINESS_DRIVEN_FORECAST,foundry-field,2027
1000,asset,2026-09-09T00:00:00Z,OPERATING,2400.0000,0.0000,Scheduled vendor cash request; treasury shortfalls separately reported,SHI,CONDITIONAL_FORECAST,BIZ-base-0001771,10,10,2027-10-31,base,FOUNDRY_FIELD,-2400.0000,base-10-PAYMENT_REQUEST-AP-base-9-HOSTING-FF-005,BUSINESS_DRIVEN_FORECAST,foundry-field,2027
BIZ_AP,liability,2026-09-09T00:00:00Z,NONCASH_OR_OPENING,0.0000,3000.0000,Scheduled vendor cash request; treasury shortfalls separately reported,SHI,CONDITIONAL_FORECAST,BIZ-base-0001772,10,10,2027-10-31,base,FOUNDRY_FIELD,3000.0000,base-10-PAYMENT_REQUEST-AP-base-9-HOSTING-FF-006,BUSINESS_DRIVEN_FORECAST,foundry-field,2027
1000,asset,2026-09-09T00:00:00Z,OPERATING,3000.0000,0.0000,Scheduled vendor cash request; treasury shortfalls separately reported,SHI,CONDITIONAL_FORECAST,BIZ-base-0001772,10,10,2027-10-31,base,FOUNDRY_FIELD,-3000.0000,base-10-PAYMENT_REQUEST-AP-base-9-HOSTING-FF-006,BUSINESS_DRIVEN_FORECAST,foundry-field,2027
BIZ_AP,liability,2026-09-09T00:00:00Z,NONCASH_OR_OPENING,0.0000,3600.0000,Scheduled vendor cash request; treasury shortfalls separately reported,SHI,CONDITIONAL_FORECAST,BIZ-base-0001773,10,10,2027-10-31,base,FOUNDRY_FIELD,3600.0000,base-10-PAYMENT_REQUEST-AP-base-9-HOSTING-FF-007,BUSINESS_DRIVEN_FORECAST,foundry-field,2027
1000,asset,2026-09-09T00:00:00Z,OPERATING,3600.0000,0.0000,Scheduled vendor cash request; treasury shortfalls separately reported,SHI,CONDITIONAL_FORECAST,BIZ-base-0001773,10,10,2027-10-31,base,FOUNDRY_FIELD,-3600.0000,base-10-PAYMENT_REQUEST-AP-base-9-HOSTING-FF-007,BUSINESS_DRIVEN_FORECAST,foundry-field,2027
BIZ_AP,liability,2026-09-09T00:00:00Z,NONCASH_OR_OPENING,0.0000,1800.0000,Scheduled vendor cash request; treasury shortfalls separately reported,SHI,CONDITIONAL_FORECAST,BIZ-base-0001774,10,10,2027-10-31,base,FOUNDRY_FIELD,1800.0000,base-10-PAYMENT_REQUEST-AP-base-9-HOSTING-FF-008,BUSINESS_DRIVEN_FORECAST,foundry-field,2027
1000,asset,2026-09-09T00:00:00Z,OPERATING,1800.0000,0.0000,Scheduled vendor cash request; treasury shortfalls separately reported,SHI,CONDITIONAL_FORECAST,BIZ-base-0001774,10,10,2027-10-31,base,FOUNDRY_FIELD,-1800.0000,base-10-PAYMENT_REQUEST-AP-base-9-HOSTING-FF-008,BUSINESS_DRIVEN_FORECAST,foundry-field,2027
BIZ_AP,liability,2026-09-09T00:00:00Z,NONCASH_OR_OPENING,0.0000,2400.0000,Scheduled vendor cash request; treasury shortfalls separately reported,SHI,CONDITIONAL_FORECAST,BIZ-base-0001775,10,10,2027-10-31,base,FOUNDRY_FIELD,2400.0000,base-10-PAYMENT_REQUEST-AP-base-9-HOSTING-FF-009,BUSINESS_DRIVEN_FORECAST,foundry-field,2027
1000,asset,2026-09-09T00:00:00Z,OPERATING,2400.0000,0.0000,Scheduled vendor cash request; treasury shortfalls separately reported,SHI,CONDITIONAL_FORECAST,BIZ-base-0001775,10,10,2027-10-31,base,FOUNDRY_FIELD,-2400.0000,base-10-PAYMENT_REQUEST-AP-base-9-HOSTING-FF-009,BUSINESS_DRIVEN_FORECAST,foundry-field,2027
BIZ_AP,liability,2026-09-09T00:00:00Z,NONCASH_OR_OPENING,0.0000,3000.0000,Scheduled vendor cash request; treasury shortfalls separately reported,SHI,CONDITIONAL_FORECAST,BIZ-base-0001776,10,10,2027-10-31,base,FOUNDRY_FIELD,3000.0000,base-10-PAYMENT_REQUEST-AP-base-9-HOSTING-FF-010,BUSINESS_DRIVEN_FORECAST,foundry-field,2027
1000,asset,2026-09-09T00:00:00Z,OPERATING,3000.0000,0.0000,Scheduled vendor cash request; treasury shortfalls separately reported,SHI,CONDITIONAL_FORECAST,BIZ-base-0001776,10,10,2027-10-31,base,FOUNDRY_FIELD,-3000.0000,base-10-PAYMENT_REQUEST-AP-base-9-HOSTING-FF-010,BUSINESS_DRIVEN_FORECAST,foundry-field,2027
BIZ_AP,liability,2026-09-09T00:00:00Z,NONCASH_OR_OPENING,0.0000,3600.0000,Scheduled vendor cash request; treasury shortfalls separately reported,SHI,CONDITIONAL_FORECAST,BIZ-base-0001777,10,10,2027-10-31,base,FOUNDRY_FIELD,3600.0000,base-10-PAYMENT_REQUEST-AP-base-9-HOSTING-FF-011,BUSINESS_DRIVEN_FORECAST,foundry-field,2027
1000,asset,2026-09-09T00:00:00Z,OPERATING,3600.0000,0.0000,Scheduled vendor cash request; treasury shortfalls separately reported,SHI,CONDITIONAL_FORECAST,BIZ-base-0001777,10,10,2027-10-31,base,FOUNDRY_FIELD,-3600.0000,base-10-PAYMENT_REQUEST-AP-base-9-HOSTING-FF-011,BUSINESS_DRIVEN_FORECAST,foundry-field,2027
BIZ_AP,liability,2026-09-09T00:00:00Z,NONCASH_OR_OPENING,0.0000,1800.0000,Scheduled vendor cash request; treasury shortfalls separately reported,SHI,CONDITIONAL_FORECAST,BIZ-base-0001778,10,10,2027-10-31,base,FOUNDRY_FIELD,1800.0000,base-10-PAYMENT_REQUEST-AP-base-9-HOSTING-FF-012,BUSINESS_DRIVEN_FORECAST,foundry-field,2027
1000,asset,2026-09-09T00:00:00Z,OPERATING,1800.0000,0.0000,Scheduled vendor cash request; treasury shortfalls separately reported,SHI,CONDITIONAL_FORECAST,BIZ-base-0001778,10,10,2027-10-31,base,FOUNDRY_FIELD,-1800.0000,base-10-PAYMENT_REQUEST-AP-base-9-HOSTING-FF-012,BUSINESS_DRIVEN_FORECAST,foundry-field,2027
BIZ_AP,liability,2026-09-09T00:00:00Z,NONCASH_OR_OPENING,0.0000,2400.0000,Scheduled vendor cash request; treasury shortfalls separately reported,SHI,CONDITIONAL_FORECAST,BIZ-base-0001779,10,10,2027-10-31,base,FOUNDRY_FIELD,2400.0000,base-10-PAYMENT_REQUEST-AP-base-9-HOSTING-FF-013,BUSINESS_DRIVEN_FORECAST,foundry-field,2027
1000,asset,2026-09-09T00:00:00Z,OPERATING,2400.0000,0.0000,Scheduled vendor cash request; treasury shortfalls separately reported,SHI,CONDITIONAL_FORECAST,BIZ-base-0001779,10,10,2027-10-31,base,FOUNDRY_FIELD,-2400.0000,base-10-PAYMENT_REQUEST-AP-base-9-HOSTING-FF-013,BUSINESS_DRIVEN_FORECAST,foundry-field,2027
BIZ_AP,liability,2026-09-09T00:00:00Z,NONCASH_OR_OPENING,0.0000,3000.0000,Scheduled vendor cash request; treasury shortfalls separately reported,SHI,CONDITIONAL_FORECAST,BIZ-base-0001780,10,10,2027-10-31,base,FOUNDRY_FIELD,3000.0000,base-10-PAYMENT_REQUEST-AP-base-9-HOSTING-FF-014,BUSINESS_DRIVEN_FORECAST,foundry-field,2027
1000,asset,2026-09-09T00:00:00Z,OPERATING,3000.0000,0.0000,Scheduled vendor cash request; treasury shortfalls separately reported,SHI,CONDITIONAL_FORECAST,BIZ-base-0001780,10,10,2027-10-31,base,FOUNDRY_FIELD,-3000.0000,base-10-PAYMENT_REQUEST-AP-base-9-HOSTING-FF-014,BUSINESS_DRIVEN_FORECAST,foundry-field,2027
BIZ_AP,liability,2026-09-09T00:00:00Z,NONCASH_OR_OPENING,0.0000,3600.0000,Scheduled vendor cash request; treasury shortfalls separately reported,SHI,CONDITIONAL_FORECAST,BIZ-base-0001781,10,10,2027-10-31,base,FOUNDRY_FIELD,3600.0000,base-10-PAYMENT_REQUEST-AP-base-9-HOSTING-FF-015,BUSINESS_DRIVEN_FORECAST,foundry-field,2027
1000,asset,2026-09-09T00:00:00Z,OPERATING,3600.0000,0.0000,Scheduled vendor cash request; treasury shortfalls separately reported,SHI,CONDITIONAL_FORECAST,BIZ-base-0001781,10,10,2027-10-31,base,FOUNDRY_FIELD,-3600.0000,base-10-PAYMENT_REQUEST-AP-base-9-HOSTING-FF-015,BUSINESS_DRIVEN_FORECAST,foundry-field,2027
BIZ_AP,liability,2026-09-09T00:00:00Z,NONCASH_OR_OPENING,0.0000,1800.0000,Scheduled vendor cash request; treasury shortfalls separately reported,SHI,CONDITIONAL_FORECAST,BIZ-base-0001782,10,10,2027-10-31,base,FOUNDRY_FIELD,1800.0000,base-10-PAYMENT_REQUEST-AP-base-9-HOSTING-FF-016,BUSINESS_DRIVEN_FORECAST,foundry-field,2027
1000,asset,2026-09-09T00:00:00Z,OPERATING,1800.0000,0.0000,Scheduled vendor cash request; treasury shortfalls separately reported,SHI,CONDITIONAL_FORECAST,BIZ-base-0001782,10,10,2027-10-31,base,FOUNDRY_FIELD,-1800.0000,base-10-PAYMENT_REQUEST-AP-base-9-HOSTING-FF-016,BUSINESS_DRIVEN_FORECAST,foundry-field,2027
BIZ_AP,liability,2026-09-09T00:00:00Z,NONCASH_OR_OPENING,0.0000,2400.0000,Scheduled vendor cash request; treasury shortfalls separately reported,SHI,CONDITIONAL_FORECAST,BIZ-base-0001783,10,10,2027-10-31,base,FOUNDRY_FIELD,2400.0000,base-10-PAYMENT_REQUEST-AP-base-9-HOSTING-FF-017,BUSINESS_DRIVEN_FORECAST,foundry-field,2027
1000,asset,2026-09-09T00:00:00Z,OPERATING,2400.0000,0.0000,Scheduled vendor cash request; treasury shortfalls separately reported,SHI,CONDITIONAL_FORECAST,BIZ-base-0001783,10,10,2027-10-31,base,FOUNDRY_FIELD,-2400.0000,base-10-PAYMENT_REQUEST-AP-base-9-HOSTING-FF-017,BUSINESS_DRIVEN_FORECAST,foundry-field,2027
BIZ_AP,liability,2026-09-09T00:00:00Z,NONCASH_OR_OPENING,0.0000,3000.0000,Scheduled vendor cash request; treasury shortfalls separately reported,SHI,CONDITIONAL_FORECAST,BIZ-base-0001784,10,10,2027-10-31,base,FOUNDRY_FIELD,3000.0000,base-10-PAYMENT_REQUEST-AP-base-9-HOSTING-FF-018,BUSINESS_DRIVEN_FORECAST,foundry-field,2027
1000,asset,2026-09-09T00:00:00Z,OPERATING,3000.0000,0.0000,Scheduled vendor cash request; treasury shortfalls separately reported,SHI,CONDITIONAL_FORECAST,BIZ-base-0001784,10,10,2027-10-31,base,FOUNDRY_FIELD,-3000.0000,base-10-PAYMENT_REQUEST-AP-base-9-HOSTING-FF-018,BUSINESS_DRIVEN_FORECAST,foundry-field,2027
BIZ_AP,liability,2026-09-09T00:00:00Z,NONCASH_OR_OPENING,0.0000,3600.0000,Scheduled vendor cash request; treasury shortfalls separately reported,SHI,CONDITIONAL_FORECAST,BIZ-base-0001785,10,10,2027-10-31,base,FOUNDRY_FIELD,3600.0000,base-10-PAYMENT_REQUEST-AP-base-9-HOSTING-FF-019,BUSINESS_DRIVEN_FORECAST,foundry-field,2027
1000,asset,2026-09-09T00:00:00Z,OPERATING,3600.0000,0.0000,Scheduled vendor cash request; treasury shortfalls separately reported,SHI,CONDITIONAL_FORECAST,BIZ-base-0001785,10,10,2027-10-31,base,FOUNDRY_FIELD,-3600.0000,base-10-PAYMENT_REQUEST-AP-base-9-HOSTING-FF-019,BUSINESS_DRIVEN_FORECAST,foundry-field,2027
BIZ_AP,liability,2026-09-09T00:00:00Z,NONCASH_OR_OPENING,0.0000,1800.0000,Scheduled vendor cash request; treasury shortfalls separately reported,SHI,CONDITIONAL_FORECAST,BIZ-base-0001786,10,10,2027-10-31,base,FOUNDRY_FIELD,1800.0000,base-10-PAYMENT_REQUEST-AP-base-9-HOSTING-FF-020,BUSINESS_DRIVEN_FORECAST,foundry-field,2027
1000,asset,2026-09-09T00:00:00Z,OPERATING,1800.0000,0.0000,Scheduled vendor cash request; treasury shortfalls separately reported,SHI,CONDITIONAL_FORECAST,BIZ-base-0001786,10,10,2027-10-31,base,FOUNDRY_FIELD,-1800.0000,base-10-PAYMENT_REQUEST-AP-base-9-HOSTING-FF-020,BUSINESS_DRIVEN_FORECAST,foundry-field,2027
BIZ_AP,liability,2026-09-09T00:00:00Z,NONCASH_OR_OPENING,0.0000,2400.0000,Scheduled vendor cash request; treasury shortfalls separately reported,SHI,CONDITIONAL_FORECAST,BIZ-base-0001787,10,10,2027-10-31,base,FOUNDRY_FIELD,2400.0000,base-10-PAYMENT_REQUEST-AP-base-9-HOSTING-FF-021,BUSINESS_DRIVEN_FORECAST,foundry-field,2027
1000,asset,2026-09-09T00:00:00Z,OPERATING,2400.0000,0.0000,Scheduled vendor cash request; treasury shortfalls separately reported,SHI,CONDITIONAL_FORECAST,BIZ-base-0001787,10,10,2027-10-31,base,FOUNDRY_FIELD,-2400.0000,base-10-PAYMENT_REQUEST-AP-base-9-HOSTING-FF-021,BUSINESS_DRIVEN_FORECAST,foundry-field,2027
BIZ_AP,liability,2026-09-09T00:00:00Z,NONCASH_OR_OPENING,0.0000,3000.0000,Scheduled vendor cash request; treasury shortfalls separately reported,SHI,CONDITIONAL_FORECAST,BIZ-base-0001788,10,10,2027-10-31,base,FOUNDRY_FIELD,3000.0000,base-10-PAYMENT_REQUEST-AP-base-9-HOSTING-FF-022,BUSINESS_DRIVEN_FORECAST,foundry-field,2027
1000,asset,2026-09-09T00:00:00Z,OPERATING,3000.0000,0.0000,Scheduled vendor cash request; treasury shortfalls separately reported,SHI,CONDITIONAL_FORECAST,BIZ-base-0001788,10,10,2027-10-31,base,FOUNDRY_FIELD,-3000.0000,base-10-PAYMENT_REQUEST-AP-base-9-HOSTING-FF-022,BUSINESS_DRIVEN_FORECAST,foundry-field,2027
BIZ_AP,liability,2026-09-09T00:00:00Z,NONCASH_OR_OPENING,0.0000,3600.0000,Scheduled vendor cash request; treasury shortfalls separately reported,SHI,CONDITIONAL_FORECAST,BIZ-base-0001789,10,10,2027-10-31,base,FOUNDRY_FIELD,3600.0000,base-10-PAYMENT_REQUEST-AP-base-9-HOSTING-FF-023,BUSINESS_DRIVEN_FORECAST,foundry-field,2027
1000,asset,2026-09-09T00:00:00Z,OPERATING,3600.0000,0.0000,Scheduled vendor cash request; treasury shortfalls separately reported,SHI,CONDITIONAL_FORECAST,BIZ-base-0001789,10,10,2027-10-31,base,FOUNDRY_FIELD,-3600.0000,base-10-PAYMENT_REQUEST-AP-base-9-HOSTING-FF-023,BUSINESS_DRIVEN_FORECAST,foundry-field,2027
BIZ_AP,liability,2026-09-09T00:00:00Z,NONCASH_OR_OPENING,0.0000,1800.0000,Scheduled vendor cash request; treasury shortfalls separately reported,SHI,CONDITIONAL_FORECAST,BIZ-base-0001790,10,10,2027-10-31,base,FOUNDRY_FIELD,1800.0000,base-10-PAYMENT_REQUEST-AP-base-9-HOSTING-FF-024,BUSINESS_DRIVEN_FORECAST,foundry-field,2027
1000,asset,2026-09-09T00:00:00Z,OPERATING,1800.0000,0.0000,Scheduled vendor cash request; treasury shortfalls separately reported,SHI,CONDITIONAL_FORECAST,BIZ-base-0001790,10,10,2027-10-31,base,FOUNDRY_FIELD,-1800.0000,base-10-PAYMENT_REQUEST-AP-base-9-HOSTING-FF-024,BUSINESS_DRIVEN_FORECAST,foundry-field,2027
BIZ_AP,liability,2026-09-09T00:00:00Z,NONCASH_OR_OPENING,0.0000,2400.0000,Scheduled vendor cash request; treasury shortfalls separately reported,SHI,CONDITIONAL_FORECAST,BIZ-base-0001791,10,10,2027-10-31,base,FOUNDRY_FIELD,2400.0000,base-10-PAYMENT_REQUEST-AP-base-9-HOSTING-FF-025,BUSINESS_DRIVEN_FORECAST,foundry-field,2027
1000,asset,2026-09-09T00:00:00Z,OPERATING,2400.0000,0.0000,Scheduled vendor cash request; treasury shortfalls separately reported,SHI,CONDITIONAL_FORECAST,BIZ-base-0001791,10,10,2027-10-31,base,FOUNDRY_FIELD,-2400.0000,base-10-PAYMENT_REQUEST-AP-base-9-HOSTING-FF-025,BUSINESS_DRIVEN_FORECAST,foundry-field,2027
BIZ_AP,liability,2026-09-09T00:00:00Z,NONCASH_OR_OPENING,0.0000,3000.0000,Scheduled vendor cash request; treasury shortfalls separately reported,SHI,CONDITIONAL_FORECAST,BIZ-base-0001792,10,10,2027-10-31,base,FOUNDRY_FIELD,3000.0000,base-10-PAYMENT_REQUEST-AP-base-9-HOSTING-FF-026,BUSINESS_DRIVEN_FORECAST,foundry-field,2027
1000,asset,2026-09-09T00:00:00Z,OPERATING,3000.0000,0.0000,Scheduled vendor cash request; treasury shortfalls separately reported,SHI,CONDITIONAL_FORECAST,BIZ-base-0001792,10,10,2027-10-31,base,FOUNDRY_FIELD,-3000.0000,base-10-PAYMENT_REQUEST-AP-base-9-HOSTING-FF-026,BUSINESS_DRIVEN_FORECAST,foundry-field,2027
BIZ_AP,liability,2026-09-09T00:00:00Z,NONCASH_OR_OPENING,0.0000,3600.0000,Scheduled vendor cash request; treasury shortfalls separately reported,SHI,CONDITIONAL_FORECAST,BIZ-base-0001793,10,10,2027-10-31,base,FOUNDRY_FIELD,3600.0000,base-10-PAYMENT_REQUEST-AP-base-9-HOSTING-FF-027,BUSINESS_DRIVEN_FORECAST,foundry-field,2027
1000,asset,2026-09-09T00:00:00Z,OPERATING,3600.0000,0.0000,Scheduled vendor cash request; treasury shortfalls separately reported,SHI,CONDITIONAL_FORECAST,BIZ-base-0001793,10,10,2027-10-31,base,FOUNDRY_FIELD,-3600.0000,base-10-PAYMENT_REQUEST-AP-base-9-HOSTING-FF-027,BUSINESS_DRIVEN_FORECAST,foundry-field,2027
BIZ_AP,liability,2026-09-09T00:00:00Z,NONCASH_OR_OPENING,0.0000,1800.0000,Scheduled vendor cash request; treasury shortfalls separately reported,SHI,CONDITIONAL_FORECAST,BIZ-base-0001794,10,10,2027-10-31,base,FOUNDRY_FIELD,1800.0000,base-10-PAYMENT_REQUEST-AP-base-9-HOSTING-FF-028,BUSINESS_DRIVEN_FORECAST,foundry-field,2027
1000,asset,2026-09-09T00:00:00Z,OPERATING,1800.0000,0.0000,Scheduled vendor cash request; treasury shortfalls separately reported,SHI,CONDITIONAL_FORECAST,BIZ-base-0001794,10,10,2027-10-31,base,FOUNDRY_FIELD,-1800.0000,base-10-PAYMENT_REQUEST-AP-base-9-HOSTING-FF-028,BUSINESS_DRIVEN_FORECAST,foundry-field,2027
BIZ_AP,liability,2026-09-09T00:00:00Z,NONCASH_OR_OPENING,0.0000,2400.0000,Scheduled vendor cash request; treasury shortfalls separately reported,SHI,CONDITIONAL_FORECAST,BIZ-base-0001795,10,10,2027-10-31,base,FOUNDRY_FIELD,2400.0000,base-10-PAYMENT_REQUEST-AP-base-9-HOSTING-FF-029,BUSINESS_DRIVEN_FORECAST,foundry-field,2027
1000,asset,2026-09-09T00:00:00Z,OPERATING,2400.0000,0.0000,Scheduled vendor cash request; treasury shortfalls separately reported,SHI,CONDITIONAL_FORECAST,BIZ-base-0001795,10,10,2027-10-31,base,FOUNDRY_FIELD,-2400.0000,base-10-PAYMENT_REQUEST-AP-base-9-HOSTING-FF-029,BUSINESS_DRIVEN_FORECAST,foundry-field,2027
BIZ_AP,liability,2026-09-09T00:00:00Z,NONCASH_OR_OPENING,0.0000,3000.0000,Scheduled vendor cash request; treasury shortfalls separately reported,SHI,CONDITIONAL_FORECAST,BIZ-base-0001796,10,10,2027-10-31,base,FOUNDRY_FIELD,3000.0000,base-10-PAYMENT_REQUEST-AP-base-9-HOSTING-FF-030,BUSINESS_DRIVEN_FORECAST,foundry-field,2027
1000,asset,2026-09-09T00:00:00Z,OPERATING,3000.0000,0.0000,Scheduled vendor cash request; treasury shortfalls separately reported,SHI,CONDITIONAL_FORECAST,BIZ-base-0001796,10,10,2027-10-31,base,FOUNDRY_FIELD,-3000.0000,base-10-PAYMENT_REQUEST-AP-base-9-HOSTING-FF-030,BUSINESS_DRIVEN_FORECAST,foundry-field,2027
BIZ_AP,liability,2026-09-09T00:00:00Z,NONCASH_OR_OPENING,0.0000,3600.0000,Scheduled vendor cash request; treasury shortfalls separately reported,SHI,CONDITIONAL_FORECAST,BIZ-base-0001797,10,10,2027-10-31,base,FOUNDRY_FIELD,3600.0000,base-10-PAYMENT_REQUEST-AP-base-9-HOSTING-FF-031,BUSINESS_DRIVEN_FORECAST,foundry-field,2027
1000,asset,2026-09-09T00:00:00Z,OPERATING,3600.0000,0.0000,Scheduled vendor cash request; treasury shortfalls separately reported,SHI,CONDITIONAL_FORECAST,BIZ-base-0001797,10,10,2027-10-31,base,FOUNDRY_FIELD,-3600.0000,base-10-PAYMENT_REQUEST-AP-base-9-HOSTING-FF-031,BUSINESS_DRIVEN_FORECAST,foundry-field,2027
BIZ_AP,liability,2026-09-09T00:00:00Z,NONCASH_OR_OPENING,0.0000,1800.0000,Scheduled vendor cash request; treasury shortfalls separately reported,SHI,CONDITIONAL_FORECAST,BIZ-base-0001798,10,10,2027-10-31,base,FOUNDRY_FIELD,1800.0000,base-10-PAYMENT_REQUEST-AP-base-9-HOSTING-FF-032,BUSINESS_DRIVEN_FORECAST,foundry-field,2027
1000,asset,2026-09-09T00:00:00Z,OPERATING,1800.0000,0.0000,Scheduled vendor cash request; treasury shortfalls separately reported,SHI,CONDITIONAL_FORECAST,BIZ-base-0001798,10,10,2027-10-31,base,FOUNDRY_FIELD,-1800.0000,base-10-PAYMENT_REQUEST-AP-base-9-HOSTING-FF-032,BUSINESS_DRIVEN_FORECAST,foundry-field,2027
BIZ_AP,liability,2026-09-09T00:00:00Z,NONCASH_OR_OPENING,0.0000,2400.0000,Scheduled vendor cash request; treasury shortfalls separately reported,SHI,CONDITIONAL_FORECAST,BIZ-base-0001799,10,10,2027-10-31,base,FOUNDRY_FIELD,2400.0000,base-10-PAYMENT_REQUEST-AP-base-9-HOSTING-FF-033,BUSINESS_DRIVEN_FORECAST,foundry-field,2027
1000,asset,2026-09-09T00:00:00Z,OPERATING,2400.0000,0.0000,Scheduled vendor cash request; treasury shortfalls separately reported,SHI,CONDITIONAL_FORECAST,BIZ-base-0001799,10,10,2027-10-31,base,FOUNDRY_FIELD,-2400.0000,base-10-PAYMENT_REQUEST-AP-base-9-HOSTING-FF-033,BUSINESS_DRIVEN_FORECAST,foundry-field,2027
BIZ_AP,liability,2026-09-09T00:00:00Z,NONCASH_OR_OPENING,0.0000,3000.0000,Scheduled vendor cash request; treasury shortfalls separately reported,SHI,CONDITIONAL_FORECAST,BIZ-base-0001800,10,10,2027-10-31,base,FOUNDRY_FIELD,3000.0000,base-10-PAYMENT_REQUEST-AP-base-9-HOSTING-FF-034,BUSINESS_DRIVEN_FORECAST,foundry-field,2027
1000,asset,2026-09-09T00:00:00Z,OPERATING,3000.0000,0.0000,Scheduled vendor cash request; treasury shortfalls separately reported,SHI,CONDITIONAL_FORECAST,BIZ-base-0001800,10,10,2027-10-31,base,FOUNDRY_FIELD,-3000.0000,base-10-PAYMENT_REQUEST-AP-base-9-HOSTING-FF-034,BUSINESS_DRIVEN_FORECAST,foundry-field,2027
BIZ_AP,liability,2026-09-09T00:00:00Z,NONCASH_OR_OPENING,0.0000,3600.0000,Scheduled vendor cash request; treasury shortfalls separately reported,SHI,CONDITIONAL_FORECAST,BIZ-base-0001801,10,10,2027-10-31,base,FOUNDRY_FIELD,3600.0000,base-10-PAYMENT_REQUEST-AP-base-9-HOSTING-FF-035,BUSINESS_DRIVEN_FORECAST,foundry-field,2027
1000,asset,2026-09-09T00:00:00Z,OPERATING,3600.0000,0.0000,Scheduled vendor cash request; treasury shortfalls separately reported,SHI,CONDITIONAL_FORECAST,BIZ-base-0001801,10,10,2027-10-31,base,FOUNDRY_FIELD,-3600.0000,base-10-PAYMENT_REQUEST-AP-base-9-HOSTING-FF-035,BUSINESS_DRIVEN_FORECAST,foundry-field,2027
BIZ_AP,liability,2026-09-09T00:00:00Z,NONCASH_OR_OPENING,0.0000,1800.0000,Scheduled vendor cash request; treasury shortfalls separately reported,SHI,CONDITIONAL_FORECAST,BIZ-base-0001802,10,10,2027-10-31,base,FOUNDRY_FIELD,1800.0000,base-10-PAYMENT_REQUEST-AP-base-9-HOSTING-FF-036,BUSINESS_DRIVEN_FORECAST,foundry-field,2027
1000,asset,2026-09-09T00:00:00Z,OPERATING,1800.0000,0.0000,Scheduled vendor cash request; treasury shortfalls separately reported,SHI,CONDITIONAL_FORECAST,BIZ-base-0001802,10,10,2027-10-31,base,FOUNDRY_FIELD,-1800.0000,base-10-PAYMENT_REQUEST-AP-base-9-HOSTING-FF-036,BUSINESS_DRIVEN_FORECAST,foundry-field,2027
BIZ_AP,liability,2026-09-09T00:00:00Z,NONCASH_OR_OPENING,0.0000,2400.0000,Scheduled vendor cash request; treasury shortfalls separately reported,SHI,CONDITIONAL_FORECAST,BIZ-base-0001803,10,10,2027-10-31,base,FOUNDRY_FIELD,2400.0000,base-10-PAYMENT_REQUEST-AP-base-9-HOSTING-FF-037,BUSINESS_DRIVEN_FORECAST,foundry-field,2027
1000,asset,2026-09-09T00:00:00Z,OPERATING,2400.0000,0.0000,Scheduled vendor cash request; treasury shortfalls separately reported,SHI,CONDITIONAL_FORECAST,BIZ-base-0001803,10,10,2027-10-31,base,FOUNDRY_FIELD,-2400.0000,base-10-PAYMENT_REQUEST-AP-base-9-HOSTING-FF-037,BUSINESS_DRIVEN_FORECAST,foundry-field,2027
BIZ_AP,liability,2026-09-09T00:00:00Z,NONCASH_OR_OPENING,0.0000,3600.0000,Scheduled vendor cash request; treasury shortfalls separately reported,SHI,CONDITIONAL_FORECAST,BIZ-base-0001804,10,10,2027-10-31,base,FOUNDRY_FIELD,3600.0000,base-10-PAYMENT_REQUEST-AP-base-9-HOSTING-FF-039,BUSINESS_DRIVEN_FORECAST,foundry-field,2027
1000,asset,2026-09-09T00:00:00Z,OPERATING,3600.0000,0.0000,Scheduled vendor cash request; treasury shortfalls separately reported,SHI,CONDITIONAL_FORECAST,BIZ-base-0001804,10,10,2027-10-31,base,FOUNDRY_FIELD,-3600.0000,base-10-PAYMENT_REQUEST-AP-base-9-HOSTING-FF-039,BUSINESS_DRIVEN_FORECAST,foundry-field,2027
BIZ_PAYROLL,expense,2026-09-09T00:00:00Z,NONCASH_OR_OPENING,0.0000,1945416.6613,Effective-dated occupied-position payroll; conditional treasury settlement,SHI,CONDITIONAL_FORECAST,BIZ-base-0001831,10,10,2027-10-31,base,FOUNDRY_FIELD,1945416.6613,base-10-PAYROLL_REQUEST-foundry-field,BUSINESS_DRIVEN_FORECAST,foundry-field,2027
1000,asset,2026-09-09T00:00:00Z,OPERATING,1945416.6613,0.0000,Effective-dated occupied-position payroll; conditional treasury settlement,SHI,CONDITIONAL_FORECAST,BIZ-base-0001831,10,10,2027-10-31,base,FOUNDRY_FIELD,-1945416.6613,base-10-PAYROLL_REQUEST-foundry-field,BUSINESS_DRIVEN_FORECAST,foundry-field,2027
BIZ_DEFERRED,liability,2026-09-09T00:00:00Z,NONCASH_OR_OPENING,0.0000,125000.0000,Monthly service under effective contract version,SHI,CONDITIONAL_FORECAST,BIZ-base-0001838,10,10,2027-10-31,base,FOUNDRY_FIELD,125000.0000,base-10-SUBSCRIPTION_SERVICE-FF-001,BUSINESS_DRIVEN_FORECAST,foundry-field,2027
BIZ_REVENUE,revenue,2026-09-09T00:00:00Z,NONCASH_OR_OPENING,125000.0000,0.0000,Monthly service under effective contract version,SHI,CONDITIONAL_FORECAST,BIZ-base-0001838,10,10,2027-10-31,base,FOUNDRY_FIELD,-125000.0000,base-10-SUBSCRIPTION_SERVICE-FF-001,BUSINESS_DRIVEN_FORECAST,foundry-field,2027
BIZ_DELIVERY,expense,2026-09-09T00:00:00Z,NONCASH_OR_OPENING,0.0000,2400.0000,Source-driven vendor cost,SHI,CONDITIONAL_FORECAST,BIZ-base-0001839,10,10,2027-10-31,base,FOUNDRY_FIELD,2400.0000,base-10-COST-HOSTING-FF-001,BUSINESS_DRIVEN_FORECAST,foundry-field,2027
BIZ_AP,liability,2026-09-09T00:00:00Z,NONCASH_OR_OPENING,2400.0000,0.0000,Source-driven vendor cost,SHI,CONDITIONAL_FORECAST,BIZ-base-0001839,10,10,2027-10-31,base,FOUNDRY_FIELD,-2400.0000,base-10-COST-HOSTING-FF-001,BUSINESS_DRIVEN_FORECAST,foundry-field,2027
BIZ_DEFERRED,liability,2026-09-09T00:00:00Z,NONCASH_OR_OPENING,0.0000,135000.0000,Monthly service under effective contract version,SHI,CONDITIONAL_FORECAST,BIZ-base-0001840,10,10,2027-10-31,base,FOUNDRY_FIELD,135000.0000,base-10-SUBSCRIPTION_SERVICE-FF-002,BUSINESS_DRIVEN_FORECAST,foundry-field,2027
BIZ_REVENUE,revenue,2026-09-09T00:00:00Z,NONCASH_OR_OPENING,135000.0000,0.0000,Monthly service under effective contract version,SHI,CONDITIONAL_FORECAST,BIZ-base-0001840,10,10,2027-10-31,base,FOUNDRY_FIELD,-135000.0000,base-10-SUBSCRIPTION_SERVICE-FF-002,BUSINESS_DRIVEN_FORECAST,foundry-field,2027
BIZ_DELIVERY,expense,2026-09-09T00:00:00Z,NONCASH_OR_OPENING,0.0000,3000.0000,Source-driven vendor cost,SHI,CONDITIONAL_FORECAST,BIZ-base-0001841,10,10,2027-10-31,base,FOUNDRY_FIELD,3000.0000,base-10-COST-HOSTING-FF-002,BUSINESS_DRIVEN_FORECAST,foundry-field,2027
BIZ_AP,liability,2026-09-09T00:00:00Z,NONCASH_OR_OPENING,3000.0000,0.0000,Source-driven vendor cost,SHI,CONDITIONAL_FORECAST,BIZ-base-0001841,10,10,2027-10-31,base,FOUNDRY_FIELD,-3000.0000,base-10-COST-HOSTING-FF-002,BUSINESS_DRIVEN_FORECAST,foundry-field,2027
BIZ_DEFERRED,liability,2026-09-09T00:00:00Z,NONCASH_OR_OPENING,0.0000,116000.0000,Monthly service under effective contract version,SHI,CONDITIONAL_FORECAST,BIZ-base-0001842,10,10,2027-10-31,base,FOUNDRY_FIELD,116000.0000,base-10-SUBSCRIPTION_SERVICE-FF-003,BUSINESS_DRIVEN_FORECAST,foundry-field,2027
BIZ_REVENUE,revenue,2026-09-09T00:00:00Z,NONCASH_OR_OPENING,116000.0000,0.0000,Monthly service under effective contract version,SHI,CONDITIONAL_FORECAST,BIZ-base-0001842,10,10,2027-10-31,base,FOUNDRY_FIELD,-116000.0000,base-10-SUBSCRIPTION_SERVICE-FF-003,BUSINESS_DRIVEN_FORECAST,foundry-field,2027
BIZ_DELIVERY,expense,2026-09-09T00:00:00Z,NONCASH_OR_OPENING,0.0000,3600.0000,Source-driven vendor cost,SHI,CONDITIONAL_FORECAST,BIZ-base-0001843,10,10,2027-10-31,base,FOUNDRY_FIELD,3600.0000,base-10-COST-HOSTING-FF-003,BUSINESS_DRIVEN_FORECAST,foundry-field,2027
BIZ_AP,liability,2026-09-09T00:00:00Z,NONCASH_OR_OPENING,3600.0000,0.0000,Source-driven vendor cost,SHI,CONDITIONAL_FORECAST,BIZ-base-0001843,10,10,2027-10-31,base,FOUNDRY_FIELD,-3600.0000,base-10-COST-HOSTING-FF-003,BUSINESS_DRIVEN_FORECAST,foundry-field,2027
BIZ_DEFERRED,liability,2026-09-09T00:00:00Z,NONCASH_OR_OPENING,0.0000,100000.0000,Monthly service under effective contract version,SHI,CONDITIONAL_FORECAST,BIZ-base-0001844,10,10,2027-10-31,base,FOUNDRY_FIELD,100000.0000,base-10-SUBSCRIPTION_SERVICE-FF-005,BUSINESS_DRIVEN_FORECAST,foundry-field,2027
BIZ_REVENUE,revenue,2026-09-09T00:00:00Z,NONCASH_OR_OPENING,100000.0000,0.0000,Monthly service under effective contract version,SHI,CONDITIONAL_FORECAST,BIZ-base-0001844,10,10,2027-10-31,base,FOUNDRY_FIELD,-100000.0000,base-10-SUBSCRIPTION_SERVICE-FF-005,BUSINESS_DRIVEN_FORECAST,foundry-field,2027
BIZ_DELIVERY,expense,2026-09-09T00:00:00Z,NONCASH_OR_OPENING,0.0000,2400.0000,Source-driven vendor cost,SHI,CONDITIONAL_FORECAST,BIZ-base-0001845,10,10,2027-10-31,base,FOUNDRY_FIELD,2400.0000,base-10-COST-HOSTING-FF-005,BUSINESS_DRIVEN_FORECAST,foundry-field,2027
BIZ_AP,liability,2026-09-09T00:00:00Z,NONCASH_OR_OPENING,2400.0000,0.0000,Source-driven vendor cost,SHI,CONDITIONAL_FORECAST,BIZ-base-0001845,10,10,2027-10-31,base,FOUNDRY_FIELD,-2400.0000,base-10-COST-HOSTING-FF-005,BUSINESS_DRIVEN_FORECAST,foundry-field,2027
BIZ_DEFERRED,liability,2026-09-09T00:00:00Z,NONCASH_OR_OPENING,0.0000,115000.0000,Monthly service under effective contract version,SHI,CONDITIONAL_FORECAST,BIZ-base-0001846,10,10,2027-10-31,base,FOUNDRY_FIELD,115000.0000,base-10-SUBSCRIPTION_SERVICE-FF-006,BUSINESS_DRIVEN_FORECAST,foundry-field,2027
BIZ_REVENUE,revenue,2026-09-09T00:00:00Z,NONCASH_OR_OPENING,115000.0000,0.0000,Monthly service under effective contract version,SHI,CONDITIONAL_FORECAST,BIZ-base-0001846,10,10,2027-10-31,base,FOUNDRY_FIELD,-115000.0000,base-10-SUBSCRIPTION_SERVICE-FF-006,BUSINESS_DRIVEN_FORECAST,foundry-field,2027
BIZ_DELIVERY,expense,2026-09-09T00:00:00Z,NONCASH_OR_OPENING,0.0000,3000.0000,Source-driven vendor cost,SHI,CONDITIONAL_FORECAST,BIZ-base-0001847,10,10,2027-10-31,base,FOUNDRY_FIELD,3000.0000,base-10-COST-HOSTING-FF-006,BUSINESS_DRIVEN_FORECAST,foundry-field,2027
BIZ_AP,liability,2026-09-09T00:00:00Z,NONCASH_OR_OPENING,3000.0000,0.0000,Source-driven vendor cost,SHI,CONDITIONAL_FORECAST,BIZ-base-0001847,10,10,2027-10-31,base,FOUNDRY_FIELD,-3000.0000,base-10-COST-HOSTING-FF-006,BUSINESS_DRIVEN_FORECAST,foundry-field,2027
BIZ_DEFERRED,liability,2026-09-09T00:00:00Z,NONCASH_OR_OPENING,0.0000,130000.0000,Monthly service under effective contract version,SHI,CONDITIONAL_FORECAST,BIZ-base-0001848,10,10,2027-10-31,base,FOUNDRY_FIELD,130000.0000,base-10-SUBSCRIPTION_SERVICE-FF-007,BUSINESS_DRIVEN_FORECAST,foundry-field,2027
BIZ_REVENUE,revenue,2026-09-09T00:00:00Z,NONCASH_OR_OPENING,130000.0000,0.0000,Monthly service under effective contract version,SHI,CONDITIONAL_FORECAST,BIZ-base-0001848,10,10,2027-10-31,base,FOUNDRY_FIELD,-130000.0000,base-10-SUBSCRIPTION_SERVICE-FF-007,BUSINESS_DRIVEN_FORECAST,foundry-field,2027
BIZ_DELIVERY,expense,2026-09-09T00:00:00Z,NONCASH_OR_OPENING,0.0000,3600.0000,Source-driven vendor cost,SHI,CONDITIONAL_FORECAST,BIZ-base-0001849,10,10,2027-10-31,base,FOUNDRY_FIELD,3600.0000,base-10-COST-HOSTING-FF-007,BUSINESS_DRIVEN_FORECAST,foundry-field,2027
BIZ_AP,liability,2026-09-09T00:00:00Z,NONCASH_OR_OPENING,3600.0000,0.0000,Source-driven vendor cost,SHI,CONDITIONAL_FORECAST,BIZ-base-0001849,10,10,2027-10-31,base,FOUNDRY_FIELD,-3600.0000,base-10-COST-HOSTING-FF-007,BUSINESS_DRIVEN_FORECAST,foundry-field,2027
BIZ_DEFERRED,liability,2026-09-09T00:00:00Z,NONCASH_OR_OPENING,0.0000,145000.0000,Monthly service under effective contract version,SHI,CONDITIONAL_FORECAST,BIZ-base-0001850,10,10,2027-10-31,base,FOUNDRY_FIELD,145000.0000,base-10-SUBSCRIPTION_SERVICE-FF-008,BUSINESS_DRIVEN_FORECAST,foundry-field,2027
BIZ_REVENUE,revenue,2026-09-09T00:00:00Z,NONCASH_OR_OPENING,145000.0000,0.0000,Monthly service under effective contract version,SHI,CONDITIONAL_FORECAST,BIZ-base-0001850,10,10,2027-10-31,base,FOUNDRY_FIELD,-145000.0000,base-10-SUBSCRIPTION_SERVICE-FF-008,BUSINESS_DRIVEN_FORECAST,foundry-field,2027
BIZ_DELIVERY,expense,2026-09-09T00:00:00Z,NONCASH_OR_OPENING,0.0000,1800.0000,Source-driven vendor cost,SHI,CONDITIONAL_FORECAST,BIZ-base-0001851,10,10,2027-10-31,base,FOUNDRY_FIELD,1800.0000,base-10-COST-HOSTING-FF-008,BUSINESS_DRIVEN_FORECAST,foundry-field,2027
BIZ_AP,liability,2026-09-09T00:00:00Z,NONCASH_OR_OPENING,1800.0000,0.0000,Source-driven vendor cost,SHI,CONDITIONAL_FORECAST,BIZ-base-0001851,10,10,2027-10-31,base,FOUNDRY_FIELD,-1800.0000,base-10-COST-HOSTING-FF-008,BUSINESS_DRIVEN_FORECAST,foundry-field,2027
BIZ_DEFERRED,liability,2026-09-09T00:00:00Z,NONCASH_OR_OPENING,0.0000,160000.0000,Monthly service under effective contract version,SHI,CONDITIONAL_FORECAST,BIZ-base-0001852,10,10,2027-10-31,base,FOUNDRY_FIELD,160000.0000,base-10-SUBSCRIPTION_SERVICE-FF-009,BUSINESS_DRIVEN_FORECAST,foundry-field,2027
BIZ_REVENUE,revenue,2026-09-09T00:00:00Z,NONCASH_OR_OPENING,160000.0000,0.0000,Monthly service under effective contract version,SHI,CONDITIONAL_FORECAST,BIZ-base-0001852,10,10,2027-10-31,base,FOUNDRY_FIELD,-160000.0000,base-10-SUBSCRIPTION_SERVICE-FF-009,BUSINESS_DRIVEN_FORECAST,foundry-field,2027
BIZ_DELIVERY,expense,2026-09-09T00:00:00Z,NONCASH_OR_OPENING,0.0000,2400.0000,Source-driven vendor cost,SHI,CONDITIONAL_FORECAST,BIZ-base-0001853,10,10,2027-10-31,base,FOUNDRY_FIELD,2400.0000,base-10-COST-HOSTING-FF-009,BUSINESS_DRIVEN_FORECAST,foundry-field,2027
BIZ_AP,liability,2026-09-09T00:00:00Z,NONCASH_OR_OPENING,2400.0000,0.0000,Source-driven vendor cost,SHI,CONDITIONAL_FORECAST,BIZ-base-0001853,10,10,2027-10-31,base,FOUNDRY_FIELD,-2400.0000,base-10-COST-HOSTING-FF-009,BUSINESS_DRIVEN_FORECAST,foundry-field,2027
BIZ_DEFERRED,liability,2026-09-09T00:00:00Z,NONCASH_OR_OPENING,0.0000,100000.0000,Monthly service under effective contract version,SHI,CONDITIONAL_FORECAST,BIZ-base-0001854,10,10,2027-10-31,base,FOUNDRY_FIELD,100000.0000,base-10-SUBSCRIPTION_SERVICE-FF-010,BUSINESS_DRIVEN_FORECAST,foundry-field,2027
BIZ_REVENUE,revenue,2026-09-09T00:00:00Z,NONCASH_OR_OPENING,100000.0000,0.0000,Monthly service under effective contract version,SHI,CONDITIONAL_FORECAST,BIZ-base-0001854,10,10,2027-10-31,base,FOUNDRY_FIELD,-100000.0000,base-10-SUBSCRIPTION_SERVICE-FF-010,BUSINESS_DRIVEN_FORECAST,foundry-field,2027
BIZ_DELIVERY,expense,2026-09-09T00:00:00Z,NONCASH_OR_OPENING,0.0000,3000.0000,Source-driven vendor cost,SHI,CONDITIONAL_FORECAST,BIZ-base-0001855,10,10,2027-10-31,base,FOUNDRY_FIELD,3000.0000,base-10-COST-HOSTING-FF-010,BUSINESS_DRIVEN_FORECAST,foundry-field,2027
BIZ_AP,liability,2026-09-09T00:00:00Z,NONCASH_OR_OPENING,3000.0000,0.0000,Source-driven vendor cost,SHI,CONDITIONAL_FORECAST,BIZ-base-0001855,10,10,2027-10-31,base,FOUNDRY_FIELD,-3000.0000,base-10-COST-HOSTING-FF-010,BUSINESS_DRIVEN_FORECAST,foundry-field,2027
BIZ_DEFERRED,liability,2026-09-09T00:00:00Z,NONCASH_OR_OPENING,0.0000,115000.0000,Monthly service under effective contract version,SHI,CONDITIONAL_FORECAST,BIZ-base-0001856,10,10,2027-10-31,base,FOUNDRY_FIELD,115000.0000,base-10-SUBSCRIPTION_SERVICE-FF-011,BUSINESS_DRIVEN_FORECAST,foundry-field,2027
BIZ_REVENUE,revenue,2026-09-09T00:00:00Z,NONCASH_OR_OPENING,115000.0000,0.0000,Monthly service under effective contract version,SHI,CONDITIONAL_FORECAST,BIZ-base-0001856,10,10,2027-10-31,base,FOUNDRY_FIELD,-115000.0000,base-10-SUBSCRIPTION_SERVICE-FF-011,BUSINESS_DRIVEN_FORECAST,foundry-field,2027
BIZ_DELIVERY,expense,2026-09-09T00:00:00Z,NONCASH_OR_OPENING,0.0000,3600.0000,Source-driven vendor cost,SHI,CONDITIONAL_FORECAST,BIZ-base-0001857,10,10,2027-10-31,base,FOUNDRY_FIELD,3600.0000,base-10-COST-HOSTING-FF-011,BUSINESS_DRIVEN_FORECAST,foundry-field,2027
BIZ_AP,liability,2026-09-09T00:00:00Z,NONCASH_OR_OPENING,3600.0000,0.0000,Source-driven vendor cost,SHI,CONDITIONAL_FORECAST,BIZ-base-0001857,10,10,2027-10-31,base,FOUNDRY_FIELD,-3600.0000,base-10-COST-HOSTING-FF-011,BUSINESS_DRIVEN_FORECAST,foundry-field,2027
BIZ_DEFERRED,liability,2026-09-09T00:00:00Z,NONCASH_OR_OPENING,0.0000,130000.0000,Monthly service under effective contract version,SHI,CONDITIONAL_FORECAST,BIZ-base-0001858,10,10,2027-10-31,base,FOUNDRY_FIELD,130000.0000,base-10-SUBSCRIPTION_SERVICE-FF-012,BUSINESS_DRIVEN_FORECAST,foundry-field,2027
BIZ_REVENUE,revenue,2026-09-09T00:00:00Z,NONCASH_OR_OPENING,130000.0000,0.0000,Monthly service under effective contract version,SHI,CONDITIONAL_FORECAST,BIZ-base-0001858,10,10,2027-10-31,base,FOUNDRY_FIELD,-130000.0000,base-10-SUBSCRIPTION_SERVICE-FF-012,BUSINESS_DRIVEN_FORECAST,foundry-field,2027
BIZ_DELIVERY,expense,2026-09-09T00:00:00Z,NONCASH_OR_OPENING,0.0000,1800.0000,Source-driven vendor cost,SHI,CONDITIONAL_FORECAST,BIZ-base-0001859,10,10,2027-10-31,base,FOUNDRY_FIELD,1800.0000,base-10-COST-HOSTING-FF-012,BUSINESS_DRIVEN_FORECAST,foundry-field,2027
BIZ_AP,liability,2026-09-09T00:00:00Z,NONCASH_OR_OPENING,1800.0000,0.0000,Source-driven vendor cost,SHI,CONDITIONAL_FORECAST,BIZ-base-0001859,10,10,2027-10-31,base,FOUNDRY_FIELD,-1800.0000,base-10-COST-HOSTING-FF-012,BUSINESS_DRIVEN_FORECAST,foundry-field,2027
BIZ_DEFERRED,liability,2026-09-09T00:00:00Z,NONCASH_OR_OPENING,0.0000,145000.0000,Monthly service under effective contract version,SHI,CONDITIONAL_FORECAST,BIZ-base-0001860,10,10,2027-10-31,base,FOUNDRY_FIELD,145000.0000,base-10-SUBSCRIPTION_SERVICE-FF-013,BUSINESS_DRIVEN_FORECAST,foundry-field,2027
BIZ_REVENUE,revenue,2026-09-09T00:00:00Z,NONCASH_OR_OPENING,145000.0000,0.0000,Monthly service under effective contract version,SHI,CONDITIONAL_FORECAST,BIZ-base-0001860,10,10,2027-10-31,base,FOUNDRY_FIELD,-145000.0000,base-10-SUBSCRIPTION_SERVICE-FF-013,BUSINESS_DRIVEN_FORECAST,foundry-field,2027
BIZ_DELIVERY,expense,2026-09-09T00:00:00Z,NONCASH_OR_OPENING,0.0000,2400.0000,Source-driven vendor cost,SHI,CONDITIONAL_FORECAST,BIZ-base-0001861,10,10,2027-10-31,base,FOUNDRY_FIELD,2400.0000,base-10-COST-HOSTING-FF-013,BUSINESS_DRIVEN_FORECAST,foundry-field,2027
BIZ_AP,liability,2026-09-09T00:00:00Z,NONCASH_OR_OPENING,2400.0000,0.0000,Source-driven vendor cost,SHI,CONDITIONAL_FORECAST,BIZ-base-0001861,10,10,2027-10-31,base,FOUNDRY_FIELD,-2400.0000,base-10-COST-HOSTING-FF-013,BUSINESS_DRIVEN_FORECAST,foundry-field,2027
BIZ_DEFERRED,liability,2026-09-09T00:00:00Z,NONCASH_OR_OPENING,0.0000,160000.0000,Monthly service under effective contract version,SHI,CONDITIONAL_FORECAST,BIZ-base-0001862,10,10,2027-10-31,base,FOUNDRY_FIELD,160000.0000,base-10-SUBSCRIPTION_SERVICE-FF-014,BUSINESS_DRIVEN_FORECAST,foundry-field,2027
BIZ_REVENUE,revenue,2026-09-09T00:00:00Z,NONCASH_OR_OPENING,160000.0000,0.0000,Monthly service under effective contract version,SHI,CONDITIONAL_FORECAST,BIZ-base-0001862,10,10,2027-10-31,base,FOUNDRY_FIELD,-160000.0000,base-10-SUBSCRIPTION_SERVICE-FF-014,BUSINESS_DRIVEN_FORECAST,foundry-field,2027
BIZ_DELIVERY,expense,2026-09-09T00:00:00Z,NONCASH_OR_OPENING,0.0000,3000.0000,Source-driven vendor cost,SHI,CONDITIONAL_FORECAST,BIZ-base-0001863,10,10,2027-10-31,base,FOUNDRY_FIELD,3000.0000,base-10-COST-HOSTING-FF-014,BUSINESS_DRIVEN_FORECAST,foundry-field,2027
BIZ_AP,liability,2026-09-09T00:00:00Z,NONCASH_OR_OPENING,3000.0000,0.0000,Source-driven vendor cost,SHI,CONDITIONAL_FORECAST,BIZ-base-0001863,10,10,2027-10-31,base,FOUNDRY_FIELD,-3000.0000,base-10-COST-HOSTING-FF-014,BUSINESS_DRIVEN_FORECAST,foundry-field,2027
BIZ_DEFERRED,liability,2026-09-09T00:00:00Z,NONCASH_OR_OPENING,0.0000,100000.0000,Monthly service under effective contract version,SHI,CONDITIONAL_FORECAST,BIZ-base-0001864,10,10,2027-10-31,base,FOUNDRY_FIELD,100000.0000,base-10-SUBSCRIPTION_SERVICE-FF-015,BUSINESS_DRIVEN_FORECAST,foundry-field,2027
BIZ_REVENUE,revenue,2026-09-09T00:00:00Z,NONCASH_OR_OPENING,100000.0000,0.0000,Monthly service under effective contract version,SHI,CONDITIONAL_FORECAST,BIZ-base-0001864,10,10,2027-10-31,base,FOUNDRY_FIELD,-100000.0000,base-10-SUBSCRIPTION_SERVICE-FF-015,BUSINESS_DRIVEN_FORECAST,foundry-field,2027
BIZ_DELIVERY,expense,2026-09-09T00:00:00Z,NONCASH_OR_OPENING,0.0000,3600.0000,Source-driven vendor cost,SHI,CONDITIONAL_FORECAST,BIZ-base-0001865,10,10,2027-10-31,base,FOUNDRY_FIELD,3600.0000,base-10-COST-HOSTING-FF-015,BUSINESS_DRIVEN_FORECAST,foundry-field,2027
BIZ_AP,liability,2026-09-09T00:00:00Z,NONCASH_OR_OPENING,3600.0000,0.0000,Source-driven vendor cost,SHI,CONDITIONAL_FORECAST,BIZ-base-0001865,10,10,2027-10-31,base,FOUNDRY_FIELD,-3600.0000,base-10-COST-HOSTING-FF-015,BUSINESS_DRIVEN_FORECAST,foundry-field,2027
BIZ_DEFERRED,liability,2026-09-09T00:00:00Z,NONCASH_OR_OPENING,0.0000,115000.0000,Monthly service under effective contract version,SHI,CONDITIONAL_FORECAST,BIZ-base-0001866,10,10,2027-10-31,base,FOUNDRY_FIELD,115000.0000,base-10-SUBSCRIPTION_SERVICE-FF-016,BUSINESS_DRIVEN_FORECAST,foundry-field,2027
BIZ_REVENUE,revenue,2026-09-09T00:00:00Z,NONCASH_OR_OPENING,115000.0000,0.0000,Monthly service under effective contract version,SHI,CONDITIONAL_FORECAST,BIZ-base-0001866,10,10,2027-10-31,base,FOUNDRY_FIELD,-115000.0000,base-10-SUBSCRIPTION_SERVICE-FF-016,BUSINESS_DRIVEN_FORECAST,foundry-field,2027
BIZ_DELIVERY,expense,2026-09-09T00:00:00Z,NONCASH_OR_OPENING,0.0000,1800.0000,Source-driven vendor cost,SHI,CONDITIONAL_FORECAST,BIZ-base-0001867,10,10,2027-10-31,base,FOUNDRY_FIELD,1800.0000,base-10-COST-HOSTING-FF-016,BUSINESS_DRIVEN_FORECAST,foundry-field,2027
BIZ_AP,liability,2026-09-09T00:00:00Z,NONCASH_OR_OPENING,1800.0000,0.0000,Source-driven vendor cost,SHI,CONDITIONAL_FORECAST,BIZ-base-0001867,10,10,2027-10-31,base,FOUNDRY_FIELD,-1800.0000,base-10-COST-HOSTING-FF-016,BUSINESS_DRIVEN_FORECAST,foundry-field,2027
BIZ_DEFERRED,liability,2026-09-09T00:00:00Z,NONCASH_OR_OPENING,0.0000,130000.0000,Monthly service under effective contract version,SHI,CONDITIONAL_FORECAST,BIZ-base-0001868,10,10,2027-10-31,base,FOUNDRY_FIELD,130000.0000,base-10-SUBSCRIPTION_SERVICE-FF-017,BUSINESS_DRIVEN_FORECAST,foundry-field,2027
BIZ_REVENUE,revenue,2026-09-09T00:00:00Z,NONCASH_OR_OPENING,130000.0000,0.0000,Monthly service under effective contract version,SHI,CONDITIONAL_FORECAST,BIZ-base-0001868,10,10,2027-10-31,base,FOUNDRY_FIELD,-130000.0000,base-10-SUBSCRIPTION_SERVICE-FF-017,BUSINESS_DRIVEN_FORECAST,foundry-field,2027
BIZ_DELIVERY,expense,2026-09-09T00:00:00Z,NONCASH_OR_OPENING,0.0000,2400.0000,Source-driven vendor cost,SHI,CONDITIONAL_FORECAST,BIZ-base-0001869,10,10,2027-10-31,base,FOUNDRY_FIELD,2400.0000,base-10-COST-HOSTING-FF-017,BUSINESS_DRIVEN_FORECAST,foundry-field,2027
BIZ_AP,liability,2026-09-09T00:00:00Z,NONCASH_OR_OPENING,2400.0000,0.0000,Source-driven vendor cost,SHI,CONDITIONAL_FORECAST,BIZ-base-0001869,10,10,2027-10-31,base,FOUNDRY_FIELD,-2400.0000,base-10-COST-HOSTING-FF-017,BUSINESS_DRIVEN_FORECAST,foundry-field,2027
BIZ_DEFERRED,liability,2026-09-09T00:00:00Z,NONCASH_OR_OPENING,0.0000,145000.0000,Monthly service under effective contract version,SHI,CONDITIONAL_FORECAST,BIZ-base-0001870,10,10,2027-10-31,base,FOUNDRY_FIELD,145000.0000,base-10-SUBSCRIPTION_SERVICE-FF-018,BUSINESS_DRIVEN_FORECAST,foundry-field,2027
BIZ_REVENUE,revenue,2026-09-09T00:00:00Z,NONCASH_OR_OPENING,145000.0000,0.0000,Monthly service under effective contract version,SHI,CONDITIONAL_FORECAST,BIZ-base-0001870,10,10,2027-10-31,base,FOUNDRY_FIELD,-145000.0000,base-10-SUBSCRIPTION_SERVICE-FF-018,BUSINESS_DRIVEN_FORECAST,foundry-field,2027
BIZ_DELIVERY,expense,2026-09-09T00:00:00Z,NONCASH_OR_OPENING,0.0000,3000.0000,Source-driven vendor cost,SHI,CONDITIONAL_FORECAST,BIZ-base-0001871,10,10,2027-10-31,base,FOUNDRY_FIELD,3000.0000,base-10-COST-HOSTING-FF-018,BUSINESS_DRIVEN_FORECAST,foundry-field,2027
BIZ_AP,liability,2026-09-09T00:00:00Z,NONCASH_OR_OPENING,3000.0000,0.0000,Source-driven vendor cost,SHI,CONDITIONAL_FORECAST,BIZ-base-0001871,10,10,2027-10-31,base,FOUNDRY_FIELD,-3000.0000,base-10-COST-HOSTING-FF-018,BUSINESS_DRIVEN_FORECAST,foundry-field,2027
BIZ_DEFERRED,liability,2026-09-09T00:00:00Z,NONCASH_OR_OPENING,0.0000,160000.0000,Monthly service under effective contract version,SHI,CONDITIONAL_FORECAST,BIZ-base-0001872,10,10,2027-10-31,base,FOUNDRY_FIELD,160000.0000,base-10-SUBSCRIPTION_SERVICE-FF-019,BUSINESS_DRIVEN_FORECAST,foundry-field,2027
BIZ_REVENUE,revenue,2026-09-09T00:00:00Z,NONCASH_OR_OPENING,160000.0000,0.0000,Monthly service under effective contract version,SHI,CONDITIONAL_FORECAST,BIZ-base-0001872,10,10,2027-10-31,base,FOUNDRY_FIELD,-160000.0000,base-10-SUBSCRIPTION_SERVICE-FF-019,BUSINESS_DRIVEN_FORECAST,foundry-field,2027
BIZ_DELIVERY,expense,2026-09-09T00:00:00Z,NONCASH_OR_OPENING,0.0000,3600.0000,Source-driven vendor cost,SHI,CONDITIONAL_FORECAST,BIZ-base-0001873,10,10,2027-10-31,base,FOUNDRY_FIELD,3600.0000,base-10-COST-HOSTING-FF-019,BUSINESS_DRIVEN_FORECAST,foundry-field,2027
BIZ_AP,liability,2026-09-09T00:00:00Z,NONCASH_OR_OPENING,3600.0000,0.0000,Source-driven vendor cost,SHI,CONDITIONAL_FORECAST,BIZ-base-0001873,10,10,2027-10-31,base,FOUNDRY_FIELD,-3600.0000,base-10-COST-HOSTING-FF-019,BUSINESS_DRIVEN_FORECAST,foundry-field,2027
BIZ_DEFERRED,liability,2026-09-09T00:00:00Z,NONCASH_OR_OPENING,0.0000,100000.0000,Monthly service under effective contract version,SHI,CONDITIONAL_FORECAST,BIZ-base-0001874,10,10,2027-10-31,base,FOUNDRY_FIELD,100000.0000,base-10-SUBSCRIPTION_SERVICE-FF-020,BUSINESS_DRIVEN_FORECAST,foundry-field,2027
BIZ_REVENUE,revenue,2026-09-09T00:00:00Z,NONCASH_OR_OPENING,100000.0000,0.0000,Monthly service under effective contract version,SHI,CONDITIONAL_FORECAST,BIZ-base-0001874,10,10,2027-10-31,base,FOUNDRY_FIELD,-100000.0000,base-10-SUBSCRIPTION_SERVICE-FF-020,BUSINESS_DRIVEN_FORECAST,foundry-field,2027
BIZ_DELIVERY,expense,2026-09-09T00:00:00Z,NONCASH_OR_OPENING,0.0000,1800.0000,Source-driven vendor cost,SHI,CONDITIONAL_FORECAST,BIZ-base-0001875,10,10,2027-10-31,base,FOUNDRY_FIELD,1800.0000,base-10-COST-HOSTING-FF-020,BUSINESS_DRIVEN_FORECAST,foundry-field,2027
BIZ_AP,liability,2026-09-09T00:00:00Z,NONCASH_OR_OPENING,1800.0000,0.0000,Source-driven vendor cost,SHI,CONDITIONAL_FORECAST,BIZ-base-0001875,10,10,2027-10-31,base,FOUNDRY_FIELD,-1800.0000,base-10-COST-HOSTING-FF-020,BUSINESS_DRIVEN_FORECAST,foundry-field,2027
BIZ_DEFERRED,liability,2026-09-09T00:00:00Z,NONCASH_OR_OPENING,0.0000,115000.0000,Monthly service under effective contract version,SHI,CONDITIONAL_FORECAST,BIZ-base-0001876,10,10,2027-10-31,base,FOUNDRY_FIELD,115000.0000,base-10-SUBSCRIPTION_SERVICE-FF-021,BUSINESS_DRIVEN_FORECAST,foundry-field,2027
BIZ_REVENUE,revenue,2026-09-09T00:00:00Z,NONCASH_OR_OPENING,115000.0000,0.0000,Monthly service under effective contract version,SHI,CONDITIONAL_FORECAST,BIZ-base-0001876,10,10,2027-10-31,base,FOUNDRY_FIELD,-115000.0000,base-10-SUBSCRIPTION_SERVICE-FF-021,BUSINESS_DRIVEN_FORECAST,foundry-field,2027
BIZ_DELIVERY,expense,2026-09-09T00:00:00Z,NONCASH_OR_OPENING,0.0000,2400.0000,Source-driven vendor cost,SHI,CONDITIONAL_FORECAST,BIZ-base-0001877,10,10,2027-10-31,base,FOUNDRY_FIELD,2400.0000,base-10-COST-HOSTING-FF-021,BUSINESS_DRIVEN_FORECAST,foundry-field,2027
BIZ_AP,liability,2026-09-09T00:00:00Z,NONCASH_OR_OPENING,2400.0000,0.0000,Source-driven vendor cost,SHI,CONDITIONAL_FORECAST,BIZ-base-0001877,10,10,2027-10-31,base,FOUNDRY_FIELD,-2400.0000,base-10-COST-HOSTING-FF-021,BUSINESS_DRIVEN_FORECAST,foundry-field,2027
BIZ_DEFERRED,liability,2026-09-09T00:00:00Z,NONCASH_OR_OPENING,0.0000,130000.0000,Monthly service under effective contract version,SHI,CONDITIONAL_FORECAST,BIZ-base-0001878,10,10,2027-10-31,base,FOUNDRY_FIELD,130000.0000,base-10-SUBSCRIPTION_SERVICE-FF-022,BUSINESS_DRIVEN_FORECAST,foundry-field,2027
BIZ_REVENUE,revenue,2026-09-09T00:00:00Z,NONCASH_OR_OPENING,130000.0000,0.0000,Monthly service under effective contract version,SHI,CONDITIONAL_FORECAST,BIZ-base-0001878,10,10,2027-10-31,base,FOUNDRY_FIELD,-130000.0000,base-10-SUBSCRIPTION_SERVICE-FF-022,BUSINESS_DRIVEN_FORECAST,foundry-field,2027
BIZ_DELIVERY,expense,2026-09-09T00:00:00Z,NONCASH_OR_OPENING,0.0000,3000.0000,Source-driven vendor cost,SHI,CONDITIONAL_FORECAST,BIZ-base-0001879,10,10,2027-10-31,base,FOUNDRY_FIELD,3000.0000,base-10-COST-HOSTING-FF-022,BUSINESS_DRIVEN_FORECAST,foundry-field,2027
BIZ_AP,liability,2026-09-09T00:00:00Z,NONCASH_OR_OPENING,3000.0000,0.0000,Source-driven vendor cost,SHI,CONDITIONAL_FORECAST,BIZ-base-0001879,10,10,2027-10-31,base,FOUNDRY_FIELD,-3000.0000,base-10-COST-HOSTING-FF-022,BUSINESS_DRIVEN_FORECAST,foundry-field,2027
BIZ_DEFERRED,liability,2026-09-09T00:00:00Z,NONCASH_OR_OPENING,0.0000,145000.0000,Monthly service under effective contract version,SHI,CONDITIONAL_FORECAST,BIZ-base-0001880,10,10,2027-10-31,base,FOUNDRY_FIELD,145000.0000,base-10-SUBSCRIPTION_SERVICE-FF-023,BUSINESS_DRIVEN_FORECAST,foundry-field,2027
BIZ_REVENUE,revenue,2026-09-09T00:00:00Z,NONCASH_OR_OPENING,145000.0000,0.0000,Monthly service under effective contract version,SHI,CONDITIONAL_FORECAST,BIZ-base-0001880,10,10,2027-10-31,base,FOUNDRY_FIELD,-145000.0000,base-10-SUBSCRIPTION_SERVICE-FF-023,BUSINESS_DRIVEN_FORECAST,foundry-field,2027
BIZ_DELIVERY,expense,2026-09-09T00:00:00Z,NONCASH_OR_OPENING,0.0000,3600.0000,Source-driven vendor cost,SHI,CONDITIONAL_FORECAST,BIZ-base-0001881,10,10,2027-10-31,base,FOUNDRY_FIELD,3600.0000,base-10-COST-HOSTING-FF-023,BUSINESS_DRIVEN_FORECAST,foundry-field,2027
BIZ_AP,liability,2026-09-09T00:00:00Z,NONCASH_OR_OPENING,3600.0000,0.0000,Source-driven vendor cost,SHI,CONDITIONAL_FORECAST,BIZ-base-0001881,10,10,2027-10-31,base,FOUNDRY_FIELD,-3600.0000,base-10-COST-HOSTING-FF-023,BUSINESS_DRIVEN_FORECAST,foundry-field,2027
BIZ_DEFERRED,liability,2026-09-09T00:00:00Z,NONCASH_OR_OPENING,0.0000,160000.0000,Monthly service under effective contract version,SHI,CONDITIONAL_FORECAST,BIZ-base-0001882,10,10,2027-10-31,base,FOUNDRY_FIELD,160000.0000,base-10-SUBSCRIPTION_SERVICE-FF-024,BUSINESS_DRIVEN_FORECAST,foundry-field,2027
BIZ_REVENUE,revenue,2026-09-09T00:00:00Z,NONCASH_OR_OPENING,160000.0000,0.0000,Monthly service under effective contract version,SHI,CONDITIONAL_FORECAST,BIZ-base-0001882,10,10,2027-10-31,base,FOUNDRY_FIELD,-160000.0000,base-10-SUBSCRIPTION_SERVICE-FF-024,BUSINESS_DRIVEN_FORECAST,foundry-field,2027
BIZ_DELIVERY,expense,2026-09-09T00:00:00Z,NONCASH_OR_OPENING,0.0000,1800.0000,Source-driven vendor cost,SHI,CONDITIONAL_FORECAST,BIZ-base-0001883,10,10,2027-10-31,base,FOUNDRY_FIELD,1800.0000,base-10-COST-HOSTING-FF-024,BUSINESS_DRIVEN_FORECAST,foundry-field,2027
BIZ_AP,liability,2026-09-09T00:00:00Z,NONCASH_OR_OPENING,1800.0000,0.0000,Source-driven vendor cost,SHI,CONDITIONAL_FORECAST,BIZ-base-0001883,10,10,2027-10-31,base,FOUNDRY_FIELD,-1800.0000,base-10-COST-HOSTING-FF-024,BUSINESS_DRIVEN_FORECAST,foundry-field,2027
BIZ_DEFERRED,liability,2026-09-09T00:00:00Z,NONCASH_OR_OPENING,0.0000,100000.0000,Monthly service under effective contract version,SHI,CONDITIONAL_FORECAST,BIZ-base-0001884,10,10,2027-10-31,base,FOUNDRY_FIELD,100000.0000,base-10-SUBSCRIPTION_SERVICE-FF-025,BUSINESS_DRIVEN_FORECAST,foundry-field,2027
BIZ_REVENUE,revenue,2026-09-09T00:00:00Z,NONCASH_OR_OPENING,100000.0000,0.0000,Monthly service under effective contract version,SHI,CONDITIONAL_FORECAST,BIZ-base-0001884,10,10,2027-10-31,base,FOUNDRY_FIELD,-100000.0000,base-10-SUBSCRIPTION_SERVICE-FF-025,BUSINESS_DRIVEN_FORECAST,foundry-field,2027
BIZ_DELIVERY,expense,2026-09-09T00:00:00Z,NONCASH_OR_OPENING,0.0000,2400.0000,Source-driven vendor cost,SHI,CONDITIONAL_FORECAST,BIZ-base-0001885,10,10,2027-10-31,base,FOUNDRY_FIELD,2400.0000,base-10-COST-HOSTING-FF-025,BUSINESS_DRIVEN_FORECAST,foundry-field,2027
BIZ_AP,liability,2026-09-09T00:00:00Z,NONCASH_OR_OPENING,2400.0000,0.0000,Source-driven vendor cost,SHI,CONDITIONAL_FORECAST,BIZ-base-0001885,10,10,2027-10-31,base,FOUNDRY_FIELD,-2400.0000,base-10-COST-HOSTING-FF-025,BUSINESS_DRIVEN_FORECAST,foundry-field,2027
BIZ_DEFERRED,liability,2026-09-09T00:00:00Z,NONCASH_OR_OPENING,0.0000,115000.0000,Monthly service under effective contract version,SHI,CONDITIONAL_FORECAST,BIZ-base-0001886,10,10,2027-10-31,base,FOUNDRY_FIELD,115000.0000,base-10-SUBSCRIPTION_SERVICE-FF-026,BUSINESS_DRIVEN_FORECAST,foundry-field,2027
BIZ_REVENUE,revenue,2026-09-09T00:00:00Z,NONCASH_OR_OPENING,115000.0000,0.0000,Monthly service under effective contract version,SHI,CONDITIONAL_FORECAST,BIZ-base-0001886,10,10,2027-10-31,base,FOUNDRY_FIELD,-115000.0000,base-10-SUBSCRIPTION_SERVICE-FF-026,BUSINESS_DRIVEN_FORECAST,foundry-field,2027
BIZ_DELIVERY,expense,2026-09-09T00:00:00Z,NONCASH_OR_OPENING,0.0000,3000.0000,Source-driven vendor cost,SHI,CONDITIONAL_FORECAST,BIZ-base-0001887,10,10,2027-10-31,base,FOUNDRY_FIELD,3000.0000,base-10-COST-HOSTING-FF-026,BUSINESS_DRIVEN_FORECAST,foundry-field,2027
BIZ_AP,liability,2026-09-09T00:00:00Z,NONCASH_OR_OPENING,3000.0000,0.0000,Source-driven vendor cost,SHI,CONDITIONAL_FORECAST,BIZ-base-0001887,10,10,2027-10-31,base,FOUNDRY_FIELD,-3000.0000,base-10-COST-HOSTING-FF-026,BUSINESS_DRIVEN_FORECAST,foundry-field,2027
BIZ_DEFERRED,liability,2026-09-09T00:00:00Z,NONCASH_OR_OPENING,0.0000,130000.0000,Monthly service under effective contract version,SHI,CONDITIONAL_FORECAST,BIZ-base-0001888,10,10,2027-10-31,base,FOUNDRY_FIELD,130000.0000,base-10-SUBSCRIPTION_SERVICE-FF-027,BUSINESS_DRIVEN_FORECAST,foundry-field,2027
BIZ_REVENUE,revenue,2026-09-09T00:00:00Z,NONCASH_OR_OPENING,130000.0000,0.0000,Monthly service under effective contract version,SHI,CONDITIONAL_FORECAST,BIZ-base-0001888,10,10,2027-10-31,base,FOUNDRY_FIELD,-130000.0000,base-10-SUBSCRIPTION_SERVICE-FF-027,BUSINESS_DRIVEN_FORECAST,foundry-field,2027
BIZ_DELIVERY,expense,2026-09-09T00:00:00Z,NONCASH_OR_OPENING,0.0000,3600.0000,Source-driven vendor cost,SHI,CONDITIONAL_FORECAST,BIZ-base-0001889,10,10,2027-10-31,base,FOUNDRY_FIELD,3600.0000,base-10-COST-HOSTING-FF-027,BUSINESS_DRIVEN_FORECAST,foundry-field,2027
BIZ_AP,liability,2026-09-09T00:00:00Z,NONCASH_OR_OPENING,3600.0000,0.0000,Source-driven vendor cost,SHI,CONDITIONAL_FORECAST,BIZ-base-0001889,10,10,2027-10-31,base,FOUNDRY_FIELD,-3600.0000,base-10-COST-HOSTING-FF-027,BUSINESS_DRIVEN_FORECAST,foundry-field,2027
BIZ_DEFERRED,liability,2026-09-09T00:00:00Z,NONCASH_OR_OPENING,0.0000,145000.0000,Monthly service under effective contract version,SHI,CONDITIONAL_FORECAST,BIZ-base-0001890,10,10,2027-10-31,base,FOUNDRY_FIELD,145000.0000,base-10-SUBSCRIPTION_SERVICE-FF-028,BUSINESS_DRIVEN_FORECAST,foundry-field,2027
BIZ_REVENUE,revenue,2026-09-09T00:00:00Z,NONCASH_OR_OPENING,145000.0000,0.0000,Monthly service under effective contract version,SHI,CONDITIONAL_FORECAST,BIZ-base-0001890,10,10,2027-10-31,base,FOUNDRY_FIELD,-145000.0000,base-10-SUBSCRIPTION_SERVICE-FF-028,BUSINESS_DRIVEN_FORECAST,foundry-field,2027
BIZ_DELIVERY,expense,2026-09-09T00:00:00Z,NONCASH_OR_OPENING,0.0000,1800.0000,Source-driven vendor cost,SHI,CONDITIONAL_FORECAST,BIZ-base-0001891,10,10,2027-10-31,base,FOUNDRY_FIELD,1800.0000,base-10-COST-HOSTING-FF-028,BUSINESS_DRIVEN_FORECAST,foundry-field,2027
BIZ_AP,liability,2026-09-09T00:00:00Z,NONCASH_OR_OPENING,1800.0000,0.0000,Source-driven vendor cost,SHI,CONDITIONAL_FORECAST,BIZ-base-0001891,10,10,2027-10-31,base,FOUNDRY_FIELD,-1800.0000,base-10-COST-HOSTING-FF-028,BUSINESS_DRIVEN_FORECAST,foundry-field,2027
BIZ_DEFERRED,liability,2026-09-09T00:00:00Z,NONCASH_OR_OPENING,0.0000,160000.0000,Monthly service under effective contract version,SHI,CONDITIONAL_FORECAST,BIZ-base-0001892,10,10,2027-10-31,base,FOUNDRY_FIELD,160000.0000,base-10-SUBSCRIPTION_SERVICE-FF-029,BUSINESS_DRIVEN_FORECAST,foundry-field,2027
BIZ_REVENUE,revenue,2026-09-09T00:00:00Z,NONCASH_OR_OPENING,160000.0000,0.0000,Monthly service under effective contract version,SHI,CONDITIONAL_FORECAST,BIZ-base-0001892,10,10,2027-10-31,base,FOUNDRY_FIELD,-160000.0000,base-10-SUBSCRIPTION_SERVICE-FF-029,BUSINESS_DRIVEN_FORECAST,foundry-field,2027
BIZ_DELIVERY,expense,2026-09-09T00:00:00Z,NONCASH_OR_OPENING,0.0000,2400.0000,Source-driven vendor cost,SHI,CONDITIONAL_FORECAST,BIZ-base-0001893,10,10,2027-10-31,base,FOUNDRY_FIELD,2400.0000,base-10-COST-HOSTING-FF-029,BUSINESS_DRIVEN_FORECAST,foundry-field,2027
BIZ_AP,liability,2026-09-09T00:00:00Z,NONCASH_OR_OPENING,2400.0000,0.0000,Source-driven vendor cost,SHI,CONDITIONAL_FORECAST,BIZ-base-0001893,10,10,2027-10-31,base,FOUNDRY_FIELD,-2400.0000,base-10-COST-HOSTING-FF-029,BUSINESS_DRIVEN_FORECAST,foundry-field,2027
BIZ_DEFERRED,liability,2026-09-09T00:00:00Z,NONCASH_OR_OPENING,0.0000,100000.0000,Monthly service under effective contract version,SHI,CONDITIONAL_FORECAST,BIZ-base-0001894,10,10,2027-10-31,base,FOUNDRY_FIELD,100000.0000,base-10-SUBSCRIPTION_SERVICE-FF-030,BUSINESS_DRIVEN_FORECAST,foundry-field,2027
BIZ_REVENUE,revenue,2026-09-09T00:00:00Z,NONCASH_OR_OPENING,100000.0000,0.0000,Monthly service under effective contract version,SHI,CONDITIONAL_FORECAST,BIZ-base-0001894,10,10,2027-10-31,base,FOUNDRY_FIELD,-100000.0000,base-10-SUBSCRIPTION_SERVICE-FF-030,BUSINESS_DRIVEN_FORECAST,foundry-field,2027
BIZ_DELIVERY,expense,2026-09-09T00:00:00Z,NONCASH_OR_OPENING,0.0000,3000.0000,Source-driven vendor cost,SHI,CONDITIONAL_FORECAST,BIZ-base-0001895,10,10,2027-10-31,base,FOUNDRY_FIELD,3000.0000,base-10-COST-HOSTING-FF-030,BUSINESS_DRIVEN_FORECAST,foundry-field,2027
BIZ_AP,liability,2026-09-09T00:00:00Z,NONCASH_OR_OPENING,3000.0000,0.0000,Source-driven vendor cost,SHI,CONDITIONAL_FORECAST,BIZ-base-0001895,10,10,2027-10-31,base,FOUNDRY_FIELD,-3000.0000,base-10-COST-HOSTING-FF-030,BUSINESS_DRIVEN_FORECAST,foundry-field,2027
BIZ_DEFERRED,liability,2026-09-09T00:00:00Z,NONCASH_OR_OPENING,0.0000,115000.0000,Monthly service under effective contract version,SHI,CONDITIONAL_FORECAST,BIZ-base-0001896,10,10,2027-10-31,base,FOUNDRY_FIELD,115000.0000,base-10-SUBSCRIPTION_SERVICE-FF-031,BUSINESS_DRIVEN_FORECAST,foundry-field,2027
BIZ_REVENUE,revenue,2026-09-09T00:00:00Z,NONCASH_OR_OPENING,115000.0000,0.0000,Monthly service under effective contract version,SHI,CONDITIONAL_FORECAST,BIZ-base-0001896,10,10,2027-10-31,base,FOUNDRY_FIELD,-115000.0000,base-10-SUBSCRIPTION_SERVICE-FF-031,BUSINESS_DRIVEN_FORECAST,foundry-field,2027
BIZ_DELIVERY,expense,2026-09-09T00:00:00Z,NONCASH_OR_OPENING,0.0000,3600.0000,Source-driven vendor cost,SHI,CONDITIONAL_FORECAST,BIZ-base-0001897,10,10,2027-10-31,base,FOUNDRY_FIELD,3600.0000,base-10-COST-HOSTING-FF-031,BUSINESS_DRIVEN_FORECAST,foundry-field,2027
BIZ_AP,liability,2026-09-09T00:00:00Z,NONCASH_OR_OPENING,3600.0000,0.0000,Source-driven vendor cost,SHI,CONDITIONAL_FORECAST,BIZ-base-0001897,10,10,2027-10-31,base,FOUNDRY_FIELD,-3600.0000,base-10-COST-HOSTING-FF-031,BUSINESS_DRIVEN_FORECAST,foundry-field,2027
BIZ_DEFERRED,liability,2026-09-09T00:00:00Z,NONCASH_OR_OPENING,0.0000,130000.0000,Monthly service under effective contract version,SHI,CONDITIONAL_FORECAST,BIZ-base-0001898,10,10,2027-10-31,base,FOUNDRY_FIELD,130000.0000,base-10-SUBSCRIPTION_SERVICE-FF-032,BUSINESS_DRIVEN_FORECAST,foundry-field,2027
BIZ_REVENUE,revenue,2026-09-09T00:00:00Z,NONCASH_OR_OPENING,130000.0000,0.0000,Monthly service under effective contract version,SHI,CONDITIONAL_FORECAST,BIZ-base-0001898,10,10,2027-10-31,base,FOUNDRY_FIELD,-130000.0000,base-10-SUBSCRIPTION_SERVICE-FF-032,BUSINESS_DRIVEN_FORECAST,foundry-field,2027
BIZ_DELIVERY,expense,2026-09-09T00:00:00Z,NONCASH_OR_OPENING,0.0000,1800.0000,Source-driven vendor cost,SHI,CONDITIONAL_FORECAST,BIZ-base-0001899,10,10,2027-10-31,base,FOUNDRY_FIELD,1800.0000,base-10-COST-HOSTING-FF-032,BUSINESS_DRIVEN_FORECAST,foundry-field,2027
BIZ_AP,liability,2026-09-09T00:00:00Z,NONCASH_OR_OPENING,1800.0000,0.0000,Source-driven vendor cost,SHI,CONDITIONAL_FORECAST,BIZ-base-0001899,10,10,2027-10-31,base,FOUNDRY_FIELD,-1800.0000,base-10-COST-HOSTING-FF-032,BUSINESS_DRIVEN_FORECAST,foundry-field,2027
BIZ_DEFERRED,liability,2026-09-09T00:00:00Z,NONCASH_OR_OPENING,0.0000,145000.0000,Monthly service under effective contract version,SHI,CONDITIONAL_FORECAST,BIZ-base-0001900,10,10,2027-10-31,base,FOUNDRY_FIELD,145000.0000,base-10-SUBSCRIPTION_SERVICE-FF-033,BUSINESS_DRIVEN_FORECAST,foundry-field,2027
BIZ_REVENUE,revenue,2026-09-09T00:00:00Z,NONCASH_OR_OPENING,145000.0000,0.0000,Monthly service under effective contract version,SHI,CONDITIONAL_FORECAST,BIZ-base-0001900,10,10,2027-10-31,base,FOUNDRY_FIELD,-145000.0000,base-10-SUBSCRIPTION_SERVICE-FF-033,BUSINESS_DRIVEN_FORECAST,foundry-field,2027
BIZ_DELIVERY,expense,2026-09-09T00:00:00Z,NONCASH_OR_OPENING,0.0000,2400.0000,Source-driven vendor cost,SHI,CONDITIONAL_FORECAST,BIZ-base-0001901,10,10,2027-10-31,base,FOUNDRY_FIELD,2400.0000,base-10-COST-HOSTING-FF-033,BUSINESS_DRIVEN_FORECAST,foundry-field,2027
BIZ_AP,liability,2026-09-09T00:00:00Z,NONCASH_OR_OPENING,2400.0000,0.0000,Source-driven vendor cost,SHI,CONDITIONAL_FORECAST,BIZ-base-0001901,10,10,2027-10-31,base,FOUNDRY_FIELD,-2400.0000,base-10-COST-HOSTING-FF-033,BUSINESS_DRIVEN_FORECAST,foundry-field,2027
BIZ_DEFERRED,liability,2026-09-09T00:00:00Z,NONCASH_OR_OPENING,0.0000,160000.0000,Monthly service under effective contract version,SHI,CONDITIONAL_FORECAST,BIZ-base-0001902,10,10,2027-10-31,base,FOUNDRY_FIELD,160000.0000,base-10-SUBSCRIPTION_SERVICE-FF-034,BUSINESS_DRIVEN_FORECAST,foundry-field,2027
BIZ_REVENUE,revenue,2026-09-09T00:00:00Z,NONCASH_OR_OPENING,160000.0000,0.0000,Monthly service under effective contract version,SHI,CONDITIONAL_FORECAST,BIZ-base-0001902,10,10,2027-10-31,base,FOUNDRY_FIELD,-160000.0000,base-10-SUBSCRIPTION_SERVICE-FF-034,BUSINESS_DRIVEN_FORECAST,foundry-field,2027
BIZ_DELIVERY,expense,2026-09-09T00:00:00Z,NONCASH_OR_OPENING,0.0000,3000.0000,Source-driven vendor cost,SHI,CONDITIONAL_FORECAST,BIZ-base-0001903,10,10,2027-10-31,base,FOUNDRY_FIELD,3000.0000,base-10-COST-HOSTING-FF-034,BUSINESS_DRIVEN_FORECAST,foundry-field,2027
BIZ_AP,liability,2026-09-09T00:00:00Z,NONCASH_OR_OPENING,3000.0000,0.0000,Source-driven vendor cost,SHI,CONDITIONAL_FORECAST,BIZ-base-0001903,10,10,2027-10-31,base,FOUNDRY_FIELD,-3000.0000,base-10-COST-HOSTING-FF-034,BUSINESS_DRIVEN_FORECAST,foundry-field,2027
BIZ_DEFERRED,liability,2026-09-09T00:00:00Z,NONCASH_OR_OPENING,0.0000,100000.0000,Monthly service under effective contract version,SHI,CONDITIONAL_FORECAST,BIZ-base-0001904,10,10,2027-10-31,base,FOUNDRY_FIELD,100000.0000,base-10-SUBSCRIPTION_SERVICE-FF-035,BUSINESS_DRIVEN_FORECAST,foundry-field,2027
BIZ_REVENUE,revenue,2026-09-09T00:00:00Z,NONCASH_OR_OPENING,100000.0000,0.0000,Monthly service under effective contract version,SHI,CONDITIONAL_FORECAST,BIZ-base-0001904,10,10,2027-10-31,base,FOUNDRY_FIELD,-100000.0000,base-10-SUBSCRIPTION_SERVICE-FF-035,BUSINESS_DRIVEN_FORECAST,foundry-field,2027
BIZ_DELIVERY,expense,2026-09-09T00:00:00Z,NONCASH_OR_OPENING,0.0000,3600.0000,Source-driven vendor cost,SHI,CONDITIONAL_FORECAST,BIZ-base-0001905,10,10,2027-10-31,base,FOUNDRY_FIELD,3600.0000,base-10-COST-HOSTING-FF-035,BUSINESS_DRIVEN_FORECAST,foundry-field,2027
BIZ_AP,liability,2026-09-09T00:00:00Z,NONCASH_OR_OPENING,3600.0000,0.0000,Source-driven vendor cost,SHI,CONDITIONAL_FORECAST,BIZ-base-0001905,10,10,2027-10-31,base,FOUNDRY_FIELD,-3600.0000,base-10-COST-HOSTING-FF-035,BUSINESS_DRIVEN_FORECAST,foundry-field,2027
BIZ_DEFERRED,liability,2026-09-09T00:00:00Z,NONCASH_OR_OPENING,0.0000,115000.0000,Monthly service under effective contract version,SHI,CONDITIONAL_FORECAST,BIZ-base-0001906,10,10,2027-10-31,base,FOUNDRY_FIELD,115000.0000,base-10-SUBSCRIPTION_SERVICE-FF-036,BUSINESS_DRIVEN_FORECAST,foundry-field,2027
BIZ_REVENUE,revenue,2026-09-09T00:00:00Z,NONCASH_OR_OPENING,115000.0000,0.0000,Monthly service under effective contract version,SHI,CONDITIONAL_FORECAST,BIZ-base-0001906,10,10,2027-10-31,base,FOUNDRY_FIELD,-115000.0000,base-10-SUBSCRIPTION_SERVICE-FF-036,BUSINESS_DRIVEN_FORECAST,foundry-field,2027
BIZ_DELIVERY,expense,2026-09-09T00:00:00Z,NONCASH_OR_OPENING,0.0000,1800.0000,Source-driven vendor cost,SHI,CONDITIONAL_FORECAST,BIZ-base-0001907,10,10,2027-10-31,base,FOUNDRY_FIELD,1800.0000,base-10-COST-HOSTING-FF-036,BUSINESS_DRIVEN_FORECAST,foundry-field,2027
BIZ_AP,liability,2026-09-09T00:00:00Z,NONCASH_OR_OPENING,1800.0000,0.0000,Source-driven vendor cost,SHI,CONDITIONAL_FORECAST,BIZ-base-0001907,10,10,2027-10-31,base,FOUNDRY_FIELD,-1800.0000,base-10-COST-HOSTING-FF-036,BUSINESS_DRIVEN_FORECAST,foundry-field,2027
BIZ_DEFERRED,liability,2026-09-09T00:00:00Z,NONCASH_OR_OPENING,0.0000,142000.0000,Monthly service under effective contract version,SHI,CONDITIONAL_FORECAST,BIZ-base-0001908,10,10,2027-10-31,base,FOUNDRY_FIELD,142000.0000,base-10-SUBSCRIPTION_SERVICE-FF-037,BUSINESS_DRIVEN_FORECAST,foundry-field,2027
BIZ_REVENUE,revenue,2026-09-09T00:00:00Z,NONCASH_OR_OPENING,142000.0000,0.0000,Monthly service under effective contract version,SHI,CONDITIONAL_FORECAST,BIZ-base-0001908,10,10,2027-10-31,base,FOUNDRY_FIELD,-142000.0000,base-10-SUBSCRIPTION_SERVICE-FF-037,BUSINESS_DRIVEN_FORECAST,foundry-field,2027
BIZ_DELIVERY,expense,2026-09-09T00:00:00Z,NONCASH_OR_OPENING,0.0000,2400.0000,Source-driven vendor cost,SHI,CONDITIONAL_FORECAST,BIZ-base-0001909,10,10,2027-10-31,base,FOUNDRY_FIELD,2400.0000,base-10-COST-HOSTING-FF-037,BUSINESS_DRIVEN_FORECAST,foundry-field,2027
BIZ_AP,liability,2026-09-09T00:00:00Z,NONCASH_OR_OPENING,2400.0000,0.0000,Source-driven vendor cost,SHI,CONDITIONAL_FORECAST,BIZ-base-0001909,10,10,2027-10-31,base,FOUNDRY_FIELD,-2400.0000,base-10-COST-HOSTING-FF-037,BUSINESS_DRIVEN_FORECAST,foundry-field,2027
BIZ_DEFERRED,liability,2026-09-09T00:00:00Z,NONCASH_OR_OPENING,0.0000,160000.0000,Monthly service under effective contract version,SHI,CONDITIONAL_FORECAST,BIZ-base-0001910,10,10,2027-10-31,base,FOUNDRY_FIELD,160000.0000,base-10-SUBSCRIPTION_SERVICE-FF-039,BUSINESS_DRIVEN_FORECAST,foundry-field,2027
BIZ_REVENUE,revenue,2026-09-09T00:00:00Z,NONCASH_OR_OPENING,160000.0000,0.0000,Monthly service under effective contract version,SHI,CONDITIONAL_FORECAST,BIZ-base-0001910,10,10,2027-10-31,base,FOUNDRY_FIELD,-160000.0000,base-10-SUBSCRIPTION_SERVICE-FF-039,BUSINESS_DRIVEN_FORECAST,foundry-field,2027
BIZ_DELIVERY,expense,2026-09-09T00:00:00Z,NONCASH_OR_OPENING,0.0000,3600.0000,Source-driven vendor cost,SHI,CONDITIONAL_FORECAST,BIZ-base-0001911,10,10,2027-10-31,base,FOUNDRY_FIELD,3600.0000,base-10-COST-HOSTING-FF-039,BUSINESS_DRIVEN_FORECAST,foundry-field,2027
BIZ_AP,liability,2026-09-09T00:00:00Z,NONCASH_OR_OPENING,3600.0000,0.0000,Source-driven vendor cost,SHI,CONDITIONAL_FORECAST,BIZ-base-0001911,10,10,2027-10-31,base,FOUNDRY_FIELD,-3600.0000,base-10-COST-HOSTING-FF-039,BUSINESS_DRIVEN_FORECAST,foundry-field,2027
BIZ_AR,asset,2026-09-09T00:00:00Z,NONCASH_OR_OPENING,0.0000,120000.0000,Accepted outcome/product billing,SHI,CONDITIONAL_FORECAST,BIZ-base-0001912,10,10,2027-10-31,base,FOUNDRY_FIELD,120000.0000,base-10-INVOICE-INV-base-base-10-DEPLOYMENT_ACCEPTANCE-FF-040,BUSINESS_DRIVEN_FORECAST,foundry-field,2027
BIZ_REVENUE,revenue,2026-09-09T00:00:00Z,NONCASH_OR_OPENING,120000.0000,0.0000,Accepted outcome/product billing,SHI,CONDITIONAL_FORECAST,BIZ-base-0001912,10,10,2027-10-31,base,FOUNDRY_FIELD,-120000.0000,base-10-INVOICE-INV-base-base-10-DEPLOYMENT_ACCEPTANCE-FF-040,BUSINESS_DRIVEN_FORECAST,foundry-field,2027
BIZ_AR,asset,2026-09-09T00:00:00Z,NONCASH_OR_OPENING,0.0000,1200000.0000,Annual subscription billing,SHI,CONDITIONAL_FORECAST,BIZ-base-0001913,10,10,2027-10-31,base,FOUNDRY_FIELD,1200000.0000,base-10-INVOICE-INV-base-FF-040-TERM-0,BUSINESS_DRIVEN_FORECAST,foundry-field,2027
BIZ_DEFERRED,liability,2026-09-09T00:00:00Z,NONCASH_OR_OPENING,1200000.0000,0.0000,Annual subscription billing,SHI,CONDITIONAL_FORECAST,BIZ-base-0001913,10,10,2027-10-31,base,FOUNDRY_FIELD,-1200000.0000,base-10-INVOICE-INV-base-FF-040-TERM-0,BUSINESS_DRIVEN_FORECAST,foundry-field,2027
BIZ_DEFERRED,liability,2026-09-09T00:00:00Z,NONCASH_OR_OPENING,0.0000,100000.0000,Monthly service under effective contract version,SHI,CONDITIONAL_FORECAST,BIZ-base-0001914,10,10,2027-10-31,base,FOUNDRY_FIELD,100000.0000,base-10-SUBSCRIPTION_SERVICE-FF-040,BUSINESS_DRIVEN_FORECAST,foundry-field,2027
BIZ_REVENUE,revenue,2026-09-09T00:00:00Z,NONCASH_OR_OPENING,100000.0000,0.0000,Monthly service under effective contract version,SHI,CONDITIONAL_FORECAST,BIZ-base-0001914,10,10,2027-10-31,base,FOUNDRY_FIELD,-100000.0000,base-10-SUBSCRIPTION_SERVICE-FF-040,BUSINESS_DRIVEN_FORECAST,foundry-field,2027
BIZ_DELIVERY,expense,2026-09-09T00:00:00Z,NONCASH_OR_OPENING,0.0000,1800.0000,Source-driven vendor cost,SHI,CONDITIONAL_FORECAST,BIZ-base-0001915,10,10,2027-10-31,base,FOUNDRY_FIELD,1800.0000,base-10-COST-HOSTING-FF-040,BUSINESS_DRIVEN_FORECAST,foundry-field,2027
BIZ_AP,liability,2026-09-09T00:00:00Z,NONCASH_OR_OPENING,1800.0000,0.0000,Source-driven vendor cost,SHI,CONDITIONAL_FORECAST,BIZ-base-0001915,10,10,2027-10-31,base,FOUNDRY_FIELD,-1800.0000,base-10-COST-HOSTING-FF-040,BUSINESS_DRIVEN_FORECAST,foundry-field,2027
BIZ_PPE,asset,2026-09-09T00:00:00Z,NONCASH_OR_OPENING,0.0000,240000.0000,Transfer carrying basis in; no enterprise gain or cash,SHI,CONDITIONAL_FORECAST,BIZ-base-0001962,10,10,2027-10-31,base,FOUNDRY_FIELD,240000.0000,base-10-QUALIFIED_ASSET_TRANSFER-FORT-TEST-RIG,BUSINESS_DRIVEN_FORECAST,foundry-field,2027
BIZ_ACCUM,asset,2026-09-09T00:00:00Z,NONCASH_OR_OPENING,32000.0000,0.0000,Transfer carrying basis in; no enterprise gain or cash,SHI,CONDITIONAL_FORECAST,BIZ-base-0001962,10,10,2027-10-31,base,FOUNDRY_FIELD,-32000.0000,base-10-QUALIFIED_ASSET_TRANSFER-FORT-TEST-RIG,BUSINESS_DRIVEN_FORECAST,foundry-field,2027
BIZ_UNIT_CLEARING,intercompany,2026-09-09T00:00:00Z,NONCASH_OR_OPENING,208000.0000,0.0000,Transfer carrying basis in; no enterprise gain or cash,SHI,CONDITIONAL_FORECAST,BIZ-base-0001962,10,10,2027-10-31,base,FOUNDRY_FIELD,-208000.0000,base-10-QUALIFIED_ASSET_TRANSFER-FORT-TEST-RIG,BUSINESS_DRIVEN_FORECAST,foundry-field,2027
BIZ_DDA,expense,2026-09-09T00:00:00Z,NONCASH_OR_OPENING,0.0000,4000.0000,Depreciation starts following receipt; transferred asset retains basis,SHI,CONDITIONAL_FORECAST,BIZ-base-0001963,10,10,2027-10-31,base,FOUNDRY_FIELD,4000.0000,base-10-DEPRECIATION-FORT-TEST-RIG,BUSINESS_DRIVEN_FORECAST,foundry-field,2027
BIZ_ACCUM,asset,2026-09-09T00:00:00Z,NONCASH_OR_OPENING,4000.0000,0.0000,Depreciation starts following receipt; transferred asset retains basis,SHI,CONDITIONAL_FORECAST,BIZ-base-0001963,10,10,2027-10-31,base,FOUNDRY_FIELD,-4000.0000,base-10-DEPRECIATION-FORT-TEST-RIG,BUSINESS_DRIVEN_FORECAST,foundry-field,2027
BIZ_CREDIT_LOSS,expense,2026-09-09T00:00:00Z,NONCASH_OR_OPENING,50880.0000,0.0000,"Explicit expected credit-loss estimate, not observed customer default",SHI,CONDITIONAL_FORECAST,BIZ-base-0001977,10,10,2027-10-31,base,FOUNDRY_FIELD,-50880.0000,base-10-MONTH_END_ESTIMATE-foundry-field,BUSINESS_DRIVEN_FORECAST,foundry-field,2027
BIZ_ALLOWANCE,asset,2026-09-09T00:00:00Z,NONCASH_OR_OPENING,0.0000,50880.0000,"Explicit expected credit-loss estimate, not observed customer default",SHI,CONDITIONAL_FORECAST,BIZ-base-0001977,10,10,2027-10-31,base,FOUNDRY_FIELD,50880.0000,base-10-MONTH_END_ESTIMATE-foundry-field,BUSINESS_DRIVEN_FORECAST,foundry-field,2027
1000,asset,2026-09-09T00:00:00Z,OPERATING,0.0000,120000.0000,Modeled customer receipt,SHI,CONDITIONAL_FORECAST,BIZ-base-0001981,11,11,2027-11-30,base,FOUNDRY_FIELD,120000.0000,base-11-COLLECTION-INV-base-base-10-DEPLOYMENT_ACCEPTANCE-FF-040,BUSINESS_DRIVEN_FORECAST,foundry-field,2027
BIZ_AR,asset,2026-09-09T00:00:00Z,NONCASH_OR_OPENING,120000.0000,0.0000,Modeled customer receipt,SHI,CONDITIONAL_FORECAST,BIZ-base-0001981,11,11,2027-11-30,base,FOUNDRY_FIELD,-120000.0000,base-11-COLLECTION-INV-base-base-10-DEPLOYMENT_ACCEPTANCE-FF-040,BUSINESS_DRIVEN_FORECAST,foundry-field,2027
1000,asset,2026-09-09T00:00:00Z,OPERATING,0.0000,1200000.0000,Modeled customer receipt,SHI,CONDITIONAL_FORECAST,BIZ-base-0001982,11,11,2027-11-30,base,FOUNDRY_FIELD,1200000.0000,base-11-COLLECTION-INV-base-FF-040-TERM-0,BUSINESS_DRIVEN_FORECAST,foundry-field,2027
BIZ_AR,asset,2026-09-09T00:00:00Z,NONCASH_OR_OPENING,1200000.0000,0.0000,Modeled customer receipt,SHI,CONDITIONAL_FORECAST,BIZ-base-0001982,11,11,2027-11-30,base,FOUNDRY_FIELD,-1200000.0000,base-11-COLLECTION-INV-base-FF-040-TERM-0,BUSINESS_DRIVEN_FORECAST,foundry-field,2027
BIZ_AP,liability,2026-09-09T00:00:00Z,NONCASH_OR_OPENING,0.0000,2400.0000,Scheduled vendor cash request; treasury shortfalls separately reported,SHI,CONDITIONAL_FORECAST,BIZ-base-0001992,11,11,2027-11-30,base,FOUNDRY_FIELD,2400.0000,base-11-PAYMENT_REQUEST-AP-base-10-HOSTING-FF-001,BUSINESS_DRIVEN_FORECAST,foundry-field,2027
1000,asset,2026-09-09T00:00:00Z,OPERATING,2400.0000,0.0000,Scheduled vendor cash request; treasury shortfalls separately reported,SHI,CONDITIONAL_FORECAST,BIZ-base-0001992,11,11,2027-11-30,base,FOUNDRY_FIELD,-2400.0000,base-11-PAYMENT_REQUEST-AP-base-10-HOSTING-FF-001,BUSINESS_DRIVEN_FORECAST,foundry-field,2027
BIZ_AP,liability,2026-09-09T00:00:00Z,NONCASH_OR_OPENING,0.0000,3000.0000,Scheduled vendor cash request; treasury shortfalls separately reported,SHI,CONDITIONAL_FORECAST,BIZ-base-0001993,11,11,2027-11-30,base,FOUNDRY_FIELD,3000.0000,base-11-PAYMENT_REQUEST-AP-base-10-HOSTING-FF-002,BUSINESS_DRIVEN_FORECAST,foundry-field,2027
1000,asset,2026-09-09T00:00:00Z,OPERATING,3000.0000,0.0000,Scheduled vendor cash request; treasury shortfalls separately reported,SHI,CONDITIONAL_FORECAST,BIZ-base-0001993,11,11,2027-11-30,base,FOUNDRY_FIELD,-3000.0000,base-11-PAYMENT_REQUEST-AP-base-10-HOSTING-FF-002,BUSINESS_DRIVEN_FORECAST,foundry-field,2027
BIZ_AP,liability,2026-09-09T00:00:00Z,NONCASH_OR_OPENING,0.0000,3600.0000,Scheduled vendor cash request; treasury shortfalls separately reported,SHI,CONDITIONAL_FORECAST,BIZ-base-0001994,11,11,2027-11-30,base,FOUNDRY_FIELD,3600.0000,base-11-PAYMENT_REQUEST-AP-base-10-HOSTING-FF-003,BUSINESS_DRIVEN_FORECAST,foundry-field,2027
1000,asset,2026-09-09T00:00:00Z,OPERATING,3600.0000,0.0000,Scheduled vendor cash request; treasury shortfalls separately reported,SHI,CONDITIONAL_FORECAST,BIZ-base-0001994,11,11,2027-11-30,base,FOUNDRY_FIELD,-3600.0000,base-11-PAYMENT_REQUEST-AP-base-10-HOSTING-FF-003,BUSINESS_DRIVEN_FORECAST,foundry-field,2027
BIZ_AP,liability,2026-09-09T00:00:00Z,NONCASH_OR_OPENING,0.0000,2400.0000,Scheduled vendor cash request; treasury shortfalls separately reported,SHI,CONDITIONAL_FORECAST,BIZ-base-0001995,11,11,2027-11-30,base,FOUNDRY_FIELD,2400.0000,base-11-PAYMENT_REQUEST-AP-base-10-HOSTING-FF-005,BUSINESS_DRIVEN_FORECAST,foundry-field,2027
1000,asset,2026-09-09T00:00:00Z,OPERATING,2400.0000,0.0000,Scheduled vendor cash request; treasury shortfalls separately reported,SHI,CONDITIONAL_FORECAST,BIZ-base-0001995,11,11,2027-11-30,base,FOUNDRY_FIELD,-2400.0000,base-11-PAYMENT_REQUEST-AP-base-10-HOSTING-FF-005,BUSINESS_DRIVEN_FORECAST,foundry-field,2027
BIZ_AP,liability,2026-09-09T00:00:00Z,NONCASH_OR_OPENING,0.0000,3000.0000,Scheduled vendor cash request; treasury shortfalls separately reported,SHI,CONDITIONAL_FORECAST,BIZ-base-0001996,11,11,2027-11-30,base,FOUNDRY_FIELD,3000.0000,base-11-PAYMENT_REQUEST-AP-base-10-HOSTING-FF-006,BUSINESS_DRIVEN_FORECAST,foundry-field,2027
1000,asset,2026-09-09T00:00:00Z,OPERATING,3000.0000,0.0000,Scheduled vendor cash request; treasury shortfalls separately reported,SHI,CONDITIONAL_FORECAST,BIZ-base-0001996,11,11,2027-11-30,base,FOUNDRY_FIELD,-3000.0000,base-11-PAYMENT_REQUEST-AP-base-10-HOSTING-FF-006,BUSINESS_DRIVEN_FORECAST,foundry-field,2027
BIZ_AP,liability,2026-09-09T00:00:00Z,NONCASH_OR_OPENING,0.0000,3600.0000,Scheduled vendor cash request; treasury shortfalls separately reported,SHI,CONDITIONAL_FORECAST,BIZ-base-0001997,11,11,2027-11-30,base,FOUNDRY_FIELD,3600.0000,base-11-PAYMENT_REQUEST-AP-base-10-HOSTING-FF-007,BUSINESS_DRIVEN_FORECAST,foundry-field,2027
1000,asset,2026-09-09T00:00:00Z,OPERATING,3600.0000,0.0000,Scheduled vendor cash request; treasury shortfalls separately reported,SHI,CONDITIONAL_FORECAST,BIZ-base-0001997,11,11,2027-11-30,base,FOUNDRY_FIELD,-3600.0000,base-11-PAYMENT_REQUEST-AP-base-10-HOSTING-FF-007,BUSINESS_DRIVEN_FORECAST,foundry-field,2027
BIZ_AP,liability,2026-09-09T00:00:00Z,NONCASH_OR_OPENING,0.0000,1800.0000,Scheduled vendor cash request; treasury shortfalls separately reported,SHI,CONDITIONAL_FORECAST,BIZ-base-0001998,11,11,2027-11-30,base,FOUNDRY_FIELD,1800.0000,base-11-PAYMENT_REQUEST-AP-base-10-HOSTING-FF-008,BUSINESS_DRIVEN_FORECAST,foundry-field,2027
1000,asset,2026-09-09T00:00:00Z,OPERATING,1800.0000,0.0000,Scheduled vendor cash request; treasury shortfalls separately reported,SHI,CONDITIONAL_FORECAST,BIZ-base-0001998,11,11,2027-11-30,base,FOUNDRY_FIELD,-1800.0000,base-11-PAYMENT_REQUEST-AP-base-10-HOSTING-FF-008,BUSINESS_DRIVEN_FORECAST,foundry-field,2027
BIZ_AP,liability,2026-09-09T00:00:00Z,NONCASH_OR_OPENING,0.0000,2400.0000,Scheduled vendor cash request; treasury shortfalls separately reported,SHI,CONDITIONAL_FORECAST,BIZ-base-0001999,11,11,2027-11-30,base,FOUNDRY_FIELD,2400.0000,base-11-PAYMENT_REQUEST-AP-base-10-HOSTING-FF-009,BUSINESS_DRIVEN_FORECAST,foundry-field,2027
1000,asset,2026-09-09T00:00:00Z,OPERATING,2400.0000,0.0000,Scheduled vendor cash request; treasury shortfalls separately reported,SHI,CONDITIONAL_FORECAST,BIZ-base-0001999,11,11,2027-11-30,base,FOUNDRY_FIELD,-2400.0000,base-11-PAYMENT_REQUEST-AP-base-10-HOSTING-FF-009,BUSINESS_DRIVEN_FORECAST,foundry-field,2027
BIZ_AP,liability,2026-09-09T00:00:00Z,NONCASH_OR_OPENING,0.0000,3000.0000,Scheduled vendor cash request; treasury shortfalls separately reported,SHI,CONDITIONAL_FORECAST,BIZ-base-0002000,11,11,2027-11-30,base,FOUNDRY_FIELD,3000.0000,base-11-PAYMENT_REQUEST-AP-base-10-HOSTING-FF-010,BUSINESS_DRIVEN_FORECAST,foundry-field,2027
1000,asset,2026-09-09T00:00:00Z,OPERATING,3000.0000,0.0000,Scheduled vendor cash request; treasury shortfalls separately reported,SHI,CONDITIONAL_FORECAST,BIZ-base-0002000,11,11,2027-11-30,base,FOUNDRY_FIELD,-3000.0000,base-11-PAYMENT_REQUEST-AP-base-10-HOSTING-FF-010,BUSINESS_DRIVEN_FORECAST,foundry-field,2027
BIZ_AP,liability,2026-09-09T00:00:00Z,NONCASH_OR_OPENING,0.0000,3600.0000,Scheduled vendor cash request; treasury shortfalls separately reported,SHI,CONDITIONAL_FORECAST,BIZ-base-0002001,11,11,2027-11-30,base,FOUNDRY_FIELD,3600.0000,base-11-PAYMENT_REQUEST-AP-base-10-HOSTING-FF-011,BUSINESS_DRIVEN_FORECAST,foundry-field,2027
1000,asset,2026-09-09T00:00:00Z,OPERATING,3600.0000,0.0000,Scheduled vendor cash request; treasury shortfalls separately reported,SHI,CONDITIONAL_FORECAST,BIZ-base-0002001,11,11,2027-11-30,base,FOUNDRY_FIELD,-3600.0000,base-11-PAYMENT_REQUEST-AP-base-10-HOSTING-FF-011,BUSINESS_DRIVEN_FORECAST,foundry-field,2027
BIZ_AP,liability,2026-09-09T00:00:00Z,NONCASH_OR_OPENING,0.0000,1800.0000,Scheduled vendor cash request; treasury shortfalls separately reported,SHI,CONDITIONAL_FORECAST,BIZ-base-0002002,11,11,2027-11-30,base,FOUNDRY_FIELD,1800.0000,base-11-PAYMENT_REQUEST-AP-base-10-HOSTING-FF-012,BUSINESS_DRIVEN_FORECAST,foundry-field,2027
1000,asset,2026-09-09T00:00:00Z,OPERATING,1800.0000,0.0000,Scheduled vendor cash request; treasury shortfalls separately reported,SHI,CONDITIONAL_FORECAST,BIZ-base-0002002,11,11,2027-11-30,base,FOUNDRY_FIELD,-1800.0000,base-11-PAYMENT_REQUEST-AP-base-10-HOSTING-FF-012,BUSINESS_DRIVEN_FORECAST,foundry-field,2027
BIZ_AP,liability,2026-09-09T00:00:00Z,NONCASH_OR_OPENING,0.0000,2400.0000,Scheduled vendor cash request; treasury shortfalls separately reported,SHI,CONDITIONAL_FORECAST,BIZ-base-0002003,11,11,2027-11-30,base,FOUNDRY_FIELD,2400.0000,base-11-PAYMENT_REQUEST-AP-base-10-HOSTING-FF-013,BUSINESS_DRIVEN_FORECAST,foundry-field,2027
1000,asset,2026-09-09T00:00:00Z,OPERATING,2400.0000,0.0000,Scheduled vendor cash request; treasury shortfalls separately reported,SHI,CONDITIONAL_FORECAST,BIZ-base-0002003,11,11,2027-11-30,base,FOUNDRY_FIELD,-2400.0000,base-11-PAYMENT_REQUEST-AP-base-10-HOSTING-FF-013,BUSINESS_DRIVEN_FORECAST,foundry-field,2027
BIZ_AP,liability,2026-09-09T00:00:00Z,NONCASH_OR_OPENING,0.0000,3000.0000,Scheduled vendor cash request; treasury shortfalls separately reported,SHI,CONDITIONAL_FORECAST,BIZ-base-0002004,11,11,2027-11-30,base,FOUNDRY_FIELD,3000.0000,base-11-PAYMENT_REQUEST-AP-base-10-HOSTING-FF-014,BUSINESS_DRIVEN_FORECAST,foundry-field,2027
1000,asset,2026-09-09T00:00:00Z,OPERATING,3000.0000,0.0000,Scheduled vendor cash request; treasury shortfalls separately reported,SHI,CONDITIONAL_FORECAST,BIZ-base-0002004,11,11,2027-11-30,base,FOUNDRY_FIELD,-3000.0000,base-11-PAYMENT_REQUEST-AP-base-10-HOSTING-FF-014,BUSINESS_DRIVEN_FORECAST,foundry-field,2027
BIZ_AP,liability,2026-09-09T00:00:00Z,NONCASH_OR_OPENING,0.0000,3600.0000,Scheduled vendor cash request; treasury shortfalls separately reported,SHI,CONDITIONAL_FORECAST,BIZ-base-0002005,11,11,2027-11-30,base,FOUNDRY_FIELD,3600.0000,base-11-PAYMENT_REQUEST-AP-base-10-HOSTING-FF-015,BUSINESS_DRIVEN_FORECAST,foundry-field,2027
1000,asset,2026-09-09T00:00:00Z,OPERATING,3600.0000,0.0000,Scheduled vendor cash request; treasury shortfalls separately reported,SHI,CONDITIONAL_FORECAST,BIZ-base-0002005,11,11,2027-11-30,base,FOUNDRY_FIELD,-3600.0000,base-11-PAYMENT_REQUEST-AP-base-10-HOSTING-FF-015,BUSINESS_DRIVEN_FORECAST,foundry-field,2027
BIZ_AP,liability,2026-09-09T00:00:00Z,NONCASH_OR_OPENING,0.0000,1800.0000,Scheduled vendor cash request; treasury shortfalls separately reported,SHI,CONDITIONAL_FORECAST,BIZ-base-0002006,11,11,2027-11-30,base,FOUNDRY_FIELD,1800.0000,base-11-PAYMENT_REQUEST-AP-base-10-HOSTING-FF-016,BUSINESS_DRIVEN_FORECAST,foundry-field,2027
1000,asset,2026-09-09T00:00:00Z,OPERATING,1800.0000,0.0000,Scheduled vendor cash request; treasury shortfalls separately reported,SHI,CONDITIONAL_FORECAST,BIZ-base-0002006,11,11,2027-11-30,base,FOUNDRY_FIELD,-1800.0000,base-11-PAYMENT_REQUEST-AP-base-10-HOSTING-FF-016,BUSINESS_DRIVEN_FORECAST,foundry-field,2027
BIZ_AP,liability,2026-09-09T00:00:00Z,NONCASH_OR_OPENING,0.0000,2400.0000,Scheduled vendor cash request; treasury shortfalls separately reported,SHI,CONDITIONAL_FORECAST,BIZ-base-0002007,11,11,2027-11-30,base,FOUNDRY_FIELD,2400.0000,base-11-PAYMENT_REQUEST-AP-base-10-HOSTING-FF-017,BUSINESS_DRIVEN_FORECAST,foundry-field,2027
1000,asset,2026-09-09T00:00:00Z,OPERATING,2400.0000,0.0000,Scheduled vendor cash request; treasury shortfalls separately reported,SHI,CONDITIONAL_FORECAST,BIZ-base-0002007,11,11,2027-11-30,base,FOUNDRY_FIELD,-2400.0000,base-11-PAYMENT_REQUEST-AP-base-10-HOSTING-FF-017,BUSINESS_DRIVEN_FORECAST,foundry-field,2027
BIZ_AP,liability,2026-09-09T00:00:00Z,NONCASH_OR_OPENING,0.0000,3000.0000,Scheduled vendor cash request; treasury shortfalls separately reported,SHI,CONDITIONAL_FORECAST,BIZ-base-0002008,11,11,2027-11-30,base,FOUNDRY_FIELD,3000.0000,base-11-PAYMENT_REQUEST-AP-base-10-HOSTING-FF-018,BUSINESS_DRIVEN_FORECAST,foundry-field,2027
1000,asset,2026-09-09T00:00:00Z,OPERATING,3000.0000,0.0000,Scheduled vendor cash request; treasury shortfalls separately reported,SHI,CONDITIONAL_FORECAST,BIZ-base-0002008,11,11,2027-11-30,base,FOUNDRY_FIELD,-3000.0000,base-11-PAYMENT_REQUEST-AP-base-10-HOSTING-FF-018,BUSINESS_DRIVEN_FORECAST,foundry-field,2027
BIZ_AP,liability,2026-09-09T00:00:00Z,NONCASH_OR_OPENING,0.0000,3600.0000,Scheduled vendor cash request; treasury shortfalls separately reported,SHI,CONDITIONAL_FORECAST,BIZ-base-0002009,11,11,2027-11-30,base,FOUNDRY_FIELD,3600.0000,base-11-PAYMENT_REQUEST-AP-base-10-HOSTING-FF-019,BUSINESS_DRIVEN_FORECAST,foundry-field,2027
1000,asset,2026-09-09T00:00:00Z,OPERATING,3600.0000,0.0000,Scheduled vendor cash request; treasury shortfalls separately reported,SHI,CONDITIONAL_FORECAST,BIZ-base-0002009,11,11,2027-11-30,base,FOUNDRY_FIELD,-3600.0000,base-11-PAYMENT_REQUEST-AP-base-10-HOSTING-FF-019,BUSINESS_DRIVEN_FORECAST,foundry-field,2027
BIZ_AP,liability,2026-09-09T00:00:00Z,NONCASH_OR_OPENING,0.0000,1800.0000,Scheduled vendor cash request; treasury shortfalls separately reported,SHI,CONDITIONAL_FORECAST,BIZ-base-0002010,11,11,2027-11-30,base,FOUNDRY_FIELD,1800.0000,base-11-PAYMENT_REQUEST-AP-base-10-HOSTING-FF-020,BUSINESS_DRIVEN_FORECAST,foundry-field,2027
1000,asset,2026-09-09T00:00:00Z,OPERATING,1800.0000,0.0000,Scheduled vendor cash request; treasury shortfalls separately reported,SHI,CONDITIONAL_FORECAST,BIZ-base-0002010,11,11,2027-11-30,base,FOUNDRY_FIELD,-1800.0000,base-11-PAYMENT_REQUEST-AP-base-10-HOSTING-FF-020,BUSINESS_DRIVEN_FORECAST,foundry-field,2027
BIZ_AP,liability,2026-09-09T00:00:00Z,NONCASH_OR_OPENING,0.0000,2400.0000,Scheduled vendor cash request; treasury shortfalls separately reported,SHI,CONDITIONAL_FORECAST,BIZ-base-0002011,11,11,2027-11-30,base,FOUNDRY_FIELD,2400.0000,base-11-PAYMENT_REQUEST-AP-base-10-HOSTING-FF-021,BUSINESS_DRIVEN_FORECAST,foundry-field,2027
1000,asset,2026-09-09T00:00:00Z,OPERATING,2400.0000,0.0000,Scheduled vendor cash request; treasury shortfalls separately reported,SHI,CONDITIONAL_FORECAST,BIZ-base-0002011,11,11,2027-11-30,base,FOUNDRY_FIELD,-2400.0000,base-11-PAYMENT_REQUEST-AP-base-10-HOSTING-FF-021,BUSINESS_DRIVEN_FORECAST,foundry-field,2027
BIZ_AP,liability,2026-09-09T00:00:00Z,NONCASH_OR_OPENING,0.0000,3000.0000,Scheduled vendor cash request; treasury shortfalls separately reported,SHI,CONDITIONAL_FORECAST,BIZ-base-0002012,11,11,2027-11-30,base,FOUNDRY_FIELD,3000.0000,base-11-PAYMENT_REQUEST-AP-base-10-HOSTING-FF-022,BUSINESS_DRIVEN_FORECAST,foundry-field,2027
1000,asset,2026-09-09T00:00:00Z,OPERATING,3000.0000,0.0000,Scheduled vendor cash request; treasury shortfalls separately reported,SHI,CONDITIONAL_FORECAST,BIZ-base-0002012,11,11,2027-11-30,base,FOUNDRY_FIELD,-3000.0000,base-11-PAYMENT_REQUEST-AP-base-10-HOSTING-FF-022,BUSINESS_DRIVEN_FORECAST,foundry-field,2027
BIZ_AP,liability,2026-09-09T00:00:00Z,NONCASH_OR_OPENING,0.0000,3600.0000,Scheduled vendor cash request; treasury shortfalls separately reported,SHI,CONDITIONAL_FORECAST,BIZ-base-0002013,11,11,2027-11-30,base,FOUNDRY_FIELD,3600.0000,base-11-PAYMENT_REQUEST-AP-base-10-HOSTING-FF-023,BUSINESS_DRIVEN_FORECAST,foundry-field,2027
1000,asset,2026-09-09T00:00:00Z,OPERATING,3600.0000,0.0000,Scheduled vendor cash request; treasury shortfalls separately reported,SHI,CONDITIONAL_FORECAST,BIZ-base-0002013,11,11,2027-11-30,base,FOUNDRY_FIELD,-3600.0000,base-11-PAYMENT_REQUEST-AP-base-10-HOSTING-FF-023,BUSINESS_DRIVEN_FORECAST,foundry-field,2027
BIZ_AP,liability,2026-09-09T00:00:00Z,NONCASH_OR_OPENING,0.0000,1800.0000,Scheduled vendor cash request; treasury shortfalls separately reported,SHI,CONDITIONAL_FORECAST,BIZ-base-0002014,11,11,2027-11-30,base,FOUNDRY_FIELD,1800.0000,base-11-PAYMENT_REQUEST-AP-base-10-HOSTING-FF-024,BUSINESS_DRIVEN_FORECAST,foundry-field,2027
1000,asset,2026-09-09T00:00:00Z,OPERATING,1800.0000,0.0000,Scheduled vendor cash request; treasury shortfalls separately reported,SHI,CONDITIONAL_FORECAST,BIZ-base-0002014,11,11,2027-11-30,base,FOUNDRY_FIELD,-1800.0000,base-11-PAYMENT_REQUEST-AP-base-10-HOSTING-FF-024,BUSINESS_DRIVEN_FORECAST,foundry-field,2027
BIZ_AP,liability,2026-09-09T00:00:00Z,NONCASH_OR_OPENING,0.0000,2400.0000,Scheduled vendor cash request; treasury shortfalls separately reported,SHI,CONDITIONAL_FORECAST,BIZ-base-0002015,11,11,2027-11-30,base,FOUNDRY_FIELD,2400.0000,base-11-PAYMENT_REQUEST-AP-base-10-HOSTING-FF-025,BUSINESS_DRIVEN_FORECAST,foundry-field,2027
1000,asset,2026-09-09T00:00:00Z,OPERATING,2400.0000,0.0000,Scheduled vendor cash request; treasury shortfalls separately reported,SHI,CONDITIONAL_FORECAST,BIZ-base-0002015,11,11,2027-11-30,base,FOUNDRY_FIELD,-2400.0000,base-11-PAYMENT_REQUEST-AP-base-10-HOSTING-FF-025,BUSINESS_DRIVEN_FORECAST,foundry-field,2027
BIZ_AP,liability,2026-09-09T00:00:00Z,NONCASH_OR_OPENING,0.0000,3000.0000,Scheduled vendor cash request; treasury shortfalls separately reported,SHI,CONDITIONAL_FORECAST,BIZ-base-0002016,11,11,2027-11-30,base,FOUNDRY_FIELD,3000.0000,base-11-PAYMENT_REQUEST-AP-base-10-HOSTING-FF-026,BUSINESS_DRIVEN_FORECAST,foundry-field,2027
1000,asset,2026-09-09T00:00:00Z,OPERATING,3000.0000,0.0000,Scheduled vendor cash request; treasury shortfalls separately reported,SHI,CONDITIONAL_FORECAST,BIZ-base-0002016,11,11,2027-11-30,base,FOUNDRY_FIELD,-3000.0000,base-11-PAYMENT_REQUEST-AP-base-10-HOSTING-FF-026,BUSINESS_DRIVEN_FORECAST,foundry-field,2027
BIZ_AP,liability,2026-09-09T00:00:00Z,NONCASH_OR_OPENING,0.0000,3600.0000,Scheduled vendor cash request; treasury shortfalls separately reported,SHI,CONDITIONAL_FORECAST,BIZ-base-0002017,11,11,2027-11-30,base,FOUNDRY_FIELD,3600.0000,base-11-PAYMENT_REQUEST-AP-base-10-HOSTING-FF-027,BUSINESS_DRIVEN_FORECAST,foundry-field,2027
1000,asset,2026-09-09T00:00:00Z,OPERATING,3600.0000,0.0000,Scheduled vendor cash request; treasury shortfalls separately reported,SHI,CONDITIONAL_FORECAST,BIZ-base-0002017,11,11,2027-11-30,base,FOUNDRY_FIELD,-3600.0000,base-11-PAYMENT_REQUEST-AP-base-10-HOSTING-FF-027,BUSINESS_DRIVEN_FORECAST,foundry-field,2027
BIZ_AP,liability,2026-09-09T00:00:00Z,NONCASH_OR_OPENING,0.0000,1800.0000,Scheduled vendor cash request; treasury shortfalls separately reported,SHI,CONDITIONAL_FORECAST,BIZ-base-0002018,11,11,2027-11-30,base,FOUNDRY_FIELD,1800.0000,base-11-PAYMENT_REQUEST-AP-base-10-HOSTING-FF-028,BUSINESS_DRIVEN_FORECAST,foundry-field,2027
1000,asset,2026-09-09T00:00:00Z,OPERATING,1800.0000,0.0000,Scheduled vendor cash request; treasury shortfalls separately reported,SHI,CONDITIONAL_FORECAST,BIZ-base-0002018,11,11,2027-11-30,base,FOUNDRY_FIELD,-1800.0000,base-11-PAYMENT_REQUEST-AP-base-10-HOSTING-FF-028,BUSINESS_DRIVEN_FORECAST,foundry-field,2027
BIZ_AP,liability,2026-09-09T00:00:00Z,NONCASH_OR_OPENING,0.0000,2400.0000,Scheduled vendor cash request; treasury shortfalls separately reported,SHI,CONDITIONAL_FORECAST,BIZ-base-0002019,11,11,2027-11-30,base,FOUNDRY_FIELD,2400.0000,base-11-PAYMENT_REQUEST-AP-base-10-HOSTING-FF-029,BUSINESS_DRIVEN_FORECAST,foundry-field,2027
1000,asset,2026-09-09T00:00:00Z,OPERATING,2400.0000,0.0000,Scheduled vendor cash request; treasury shortfalls separately reported,SHI,CONDITIONAL_FORECAST,BIZ-base-0002019,11,11,2027-11-30,base,FOUNDRY_FIELD,-2400.0000,base-11-PAYMENT_REQUEST-AP-base-10-HOSTING-FF-029,BUSINESS_DRIVEN_FORECAST,foundry-field,2027
BIZ_AP,liability,2026-09-09T00:00:00Z,NONCASH_OR_OPENING,0.0000,3000.0000,Scheduled vendor cash request; treasury shortfalls separately reported,SHI,CONDITIONAL_FORECAST,BIZ-base-0002020,11,11,2027-11-30,base,FOUNDRY_FIELD,3000.0000,base-11-PAYMENT_REQUEST-AP-base-10-HOSTING-FF-030,BUSINESS_DRIVEN_FORECAST,foundry-field,2027
1000,asset,2026-09-09T00:00:00Z,OPERATING,3000.0000,0.0000,Scheduled vendor cash request; treasury shortfalls separately reported,SHI,CONDITIONAL_FORECAST,BIZ-base-0002020,11,11,2027-11-30,base,FOUNDRY_FIELD,-3000.0000,base-11-PAYMENT_REQUEST-AP-base-10-HOSTING-FF-030,BUSINESS_DRIVEN_FORECAST,foundry-field,2027
BIZ_AP,liability,2026-09-09T00:00:00Z,NONCASH_OR_OPENING,0.0000,3600.0000,Scheduled vendor cash request; treasury shortfalls separately reported,SHI,CONDITIONAL_FORECAST,BIZ-base-0002021,11,11,2027-11-30,base,FOUNDRY_FIELD,3600.0000,base-11-PAYMENT_REQUEST-AP-base-10-HOSTING-FF-031,BUSINESS_DRIVEN_FORECAST,foundry-field,2027
1000,asset,2026-09-09T00:00:00Z,OPERATING,3600.0000,0.0000,Scheduled vendor cash request; treasury shortfalls separately reported,SHI,CONDITIONAL_FORECAST,BIZ-base-0002021,11,11,2027-11-30,base,FOUNDRY_FIELD,-3600.0000,base-11-PAYMENT_REQUEST-AP-base-10-HOSTING-FF-031,BUSINESS_DRIVEN_FORECAST,foundry-field,2027
BIZ_AP,liability,2026-09-09T00:00:00Z,NONCASH_OR_OPENING,0.0000,1800.0000,Scheduled vendor cash request; treasury shortfalls separately reported,SHI,CONDITIONAL_FORECAST,BIZ-base-0002022,11,11,2027-11-30,base,FOUNDRY_FIELD,1800.0000,base-11-PAYMENT_REQUEST-AP-base-10-HOSTING-FF-032,BUSINESS_DRIVEN_FORECAST,foundry-field,2027
1000,asset,2026-09-09T00:00:00Z,OPERATING,1800.0000,0.0000,Scheduled vendor cash request; treasury shortfalls separately reported,SHI,CONDITIONAL_FORECAST,BIZ-base-0002022,11,11,2027-11-30,base,FOUNDRY_FIELD,-1800.0000,base-11-PAYMENT_REQUEST-AP-base-10-HOSTING-FF-032,BUSINESS_DRIVEN_FORECAST,foundry-field,2027
BIZ_AP,liability,2026-09-09T00:00:00Z,NONCASH_OR_OPENING,0.0000,2400.0000,Scheduled vendor cash request; treasury shortfalls separately reported,SHI,CONDITIONAL_FORECAST,BIZ-base-0002023,11,11,2027-11-30,base,FOUNDRY_FIELD,2400.0000,base-11-PAYMENT_REQUEST-AP-base-10-HOSTING-FF-033,BUSINESS_DRIVEN_FORECAST,foundry-field,2027
1000,asset,2026-09-09T00:00:00Z,OPERATING,2400.0000,0.0000,Scheduled vendor cash request; treasury shortfalls separately reported,SHI,CONDITIONAL_FORECAST,BIZ-base-0002023,11,11,2027-11-30,base,FOUNDRY_FIELD,-2400.0000,base-11-PAYMENT_REQUEST-AP-base-10-HOSTING-FF-033,BUSINESS_DRIVEN_FORECAST,foundry-field,2027
BIZ_AP,liability,2026-09-09T00:00:00Z,NONCASH_OR_OPENING,0.0000,3000.0000,Scheduled vendor cash request; treasury shortfalls separately reported,SHI,CONDITIONAL_FORECAST,BIZ-base-0002024,11,11,2027-11-30,base,FOUNDRY_FIELD,3000.0000,base-11-PAYMENT_REQUEST-AP-base-10-HOSTING-FF-034,BUSINESS_DRIVEN_FORECAST,foundry-field,2027
1000,asset,2026-09-09T00:00:00Z,OPERATING,3000.0000,0.0000,Scheduled vendor cash request; treasury shortfalls separately reported,SHI,CONDITIONAL_FORECAST,BIZ-base-0002024,11,11,2027-11-30,base,FOUNDRY_FIELD,-3000.0000,base-11-PAYMENT_REQUEST-AP-base-10-HOSTING-FF-034,BUSINESS_DRIVEN_FORECAST,foundry-field,2027
BIZ_AP,liability,2026-09-09T00:00:00Z,NONCASH_OR_OPENING,0.0000,3600.0000,Scheduled vendor cash request; treasury shortfalls separately reported,SHI,CONDITIONAL_FORECAST,BIZ-base-0002025,11,11,2027-11-30,base,FOUNDRY_FIELD,3600.0000,base-11-PAYMENT_REQUEST-AP-base-10-HOSTING-FF-035,BUSINESS_DRIVEN_FORECAST,foundry-field,2027
1000,asset,2026-09-09T00:00:00Z,OPERATING,3600.0000,0.0000,Scheduled vendor cash request; treasury shortfalls separately reported,SHI,CONDITIONAL_FORECAST,BIZ-base-0002025,11,11,2027-11-30,base,FOUNDRY_FIELD,-3600.0000,base-11-PAYMENT_REQUEST-AP-base-10-HOSTING-FF-035,BUSINESS_DRIVEN_FORECAST,foundry-field,2027
BIZ_AP,liability,2026-09-09T00:00:00Z,NONCASH_OR_OPENING,0.0000,1800.0000,Scheduled vendor cash request; treasury shortfalls separately reported,SHI,CONDITIONAL_FORECAST,BIZ-base-0002026,11,11,2027-11-30,base,FOUNDRY_FIELD,1800.0000,base-11-PAYMENT_REQUEST-AP-base-10-HOSTING-FF-036,BUSINESS_DRIVEN_FORECAST,foundry-field,2027
1000,asset,2026-09-09T00:00:00Z,OPERATING,1800.0000,0.0000,Scheduled vendor cash request; treasury shortfalls separately reported,SHI,CONDITIONAL_FORECAST,BIZ-base-0002026,11,11,2027-11-30,base,FOUNDRY_FIELD,-1800.0000,base-11-PAYMENT_REQUEST-AP-base-10-HOSTING-FF-036,BUSINESS_DRIVEN_FORECAST,foundry-field,2027
BIZ_AP,liability,2026-09-09T00:00:00Z,NONCASH_OR_OPENING,0.0000,2400.0000,Scheduled vendor cash request; treasury shortfalls separately reported,SHI,CONDITIONAL_FORECAST,BIZ-base-0002027,11,11,2027-11-30,base,FOUNDRY_FIELD,2400.0000,base-11-PAYMENT_REQUEST-AP-base-10-HOSTING-FF-037,BUSINESS_DRIVEN_FORECAST,foundry-field,2027
1000,asset,2026-09-09T00:00:00Z,OPERATING,2400.0000,0.0000,Scheduled vendor cash request; treasury shortfalls separately reported,SHI,CONDITIONAL_FORECAST,BIZ-base-0002027,11,11,2027-11-30,base,FOUNDRY_FIELD,-2400.0000,base-11-PAYMENT_REQUEST-AP-base-10-HOSTING-FF-037,BUSINESS_DRIVEN_FORECAST,foundry-field,2027
BIZ_AP,liability,2026-09-09T00:00:00Z,NONCASH_OR_OPENING,0.0000,3600.0000,Scheduled vendor cash request; treasury shortfalls separately reported,SHI,CONDITIONAL_FORECAST,BIZ-base-0002028,11,11,2027-11-30,base,FOUNDRY_FIELD,3600.0000,base-11-PAYMENT_REQUEST-AP-base-10-HOSTING-FF-039,BUSINESS_DRIVEN_FORECAST,foundry-field,2027
1000,asset,2026-09-09T00:00:00Z,OPERATING,3600.0000,0.0000,Scheduled vendor cash request; treasury shortfalls separately reported,SHI,CONDITIONAL_FORECAST,BIZ-base-0002028,11,11,2027-11-30,base,FOUNDRY_FIELD,-3600.0000,base-11-PAYMENT_REQUEST-AP-base-10-HOSTING-FF-039,BUSINESS_DRIVEN_FORECAST,foundry-field,2027
BIZ_AP,liability,2026-09-09T00:00:00Z,NONCASH_OR_OPENING,0.0000,1800.0000,Scheduled vendor cash request; treasury shortfalls separately reported,SHI,CONDITIONAL_FORECAST,BIZ-base-0002029,11,11,2027-11-30,base,FOUNDRY_FIELD,1800.0000,base-11-PAYMENT_REQUEST-AP-base-10-HOSTING-FF-040,BUSINESS_DRIVEN_FORECAST,foundry-field,2027
1000,asset,2026-09-09T00:00:00Z,OPERATING,1800.0000,0.0000,Scheduled vendor cash request; treasury shortfalls separately reported,SHI,CONDITIONAL_FORECAST,BIZ-base-0002029,11,11,2027-11-30,base,FOUNDRY_FIELD,-1800.0000,base-11-PAYMENT_REQUEST-AP-base-10-HOSTING-FF-040,BUSINESS_DRIVEN_FORECAST,foundry-field,2027
BIZ_PAYROLL,expense,2026-09-09T00:00:00Z,NONCASH_OR_OPENING,0.0000,1945416.6613,Effective-dated occupied-position payroll; conditional treasury settlement,SHI,CONDITIONAL_FORECAST,BIZ-base-0002055,11,11,2027-11-30,base,FOUNDRY_FIELD,1945416.6613,base-11-PAYROLL_REQUEST-foundry-field,BUSINESS_DRIVEN_FORECAST,foundry-field,2027
1000,asset,2026-09-09T00:00:00Z,OPERATING,1945416.6613,0.0000,Effective-dated occupied-position payroll; conditional treasury settlement,SHI,CONDITIONAL_FORECAST,BIZ-base-0002055,11,11,2027-11-30,base,FOUNDRY_FIELD,-1945416.6613,base-11-PAYROLL_REQUEST-foundry-field,BUSINESS_DRIVEN_FORECAST,foundry-field,2027
BIZ_DEFERRED,liability,2026-09-09T00:00:00Z,NONCASH_OR_OPENING,0.0000,125000.0000,Monthly service under effective contract version,SHI,CONDITIONAL_FORECAST,BIZ-base-0002062,11,11,2027-11-30,base,FOUNDRY_FIELD,125000.0000,base-11-SUBSCRIPTION_SERVICE-FF-001,BUSINESS_DRIVEN_FORECAST,foundry-field,2027
BIZ_REVENUE,revenue,2026-09-09T00:00:00Z,NONCASH_OR_OPENING,125000.0000,0.0000,Monthly service under effective contract version,SHI,CONDITIONAL_FORECAST,BIZ-base-0002062,11,11,2027-11-30,base,FOUNDRY_FIELD,-125000.0000,base-11-SUBSCRIPTION_SERVICE-FF-001,BUSINESS_DRIVEN_FORECAST,foundry-field,2027
BIZ_DELIVERY,expense,2026-09-09T00:00:00Z,NONCASH_OR_OPENING,0.0000,2400.0000,Source-driven vendor cost,SHI,CONDITIONAL_FORECAST,BIZ-base-0002063,11,11,2027-11-30,base,FOUNDRY_FIELD,2400.0000,base-11-COST-HOSTING-FF-001,BUSINESS_DRIVEN_FORECAST,foundry-field,2027
BIZ_AP,liability,2026-09-09T00:00:00Z,NONCASH_OR_OPENING,2400.0000,0.0000,Source-driven vendor cost,SHI,CONDITIONAL_FORECAST,BIZ-base-0002063,11,11,2027-11-30,base,FOUNDRY_FIELD,-2400.0000,base-11-COST-HOSTING-FF-001,BUSINESS_DRIVEN_FORECAST,foundry-field,2027
BIZ_DEFERRED,liability,2026-09-09T00:00:00Z,NONCASH_OR_OPENING,0.0000,135000.0000,Monthly service under effective contract version,SHI,CONDITIONAL_FORECAST,BIZ-base-0002064,11,11,2027-11-30,base,FOUNDRY_FIELD,135000.0000,base-11-SUBSCRIPTION_SERVICE-FF-002,BUSINESS_DRIVEN_FORECAST,foundry-field,2027
BIZ_REVENUE,revenue,2026-09-09T00:00:00Z,NONCASH_OR_OPENING,135000.0000,0.0000,Monthly service under effective contract version,SHI,CONDITIONAL_FORECAST,BIZ-base-0002064,11,11,2027-11-30,base,FOUNDRY_FIELD,-135000.0000,base-11-SUBSCRIPTION_SERVICE-FF-002,BUSINESS_DRIVEN_FORECAST,foundry-field,2027
BIZ_DELIVERY,expense,2026-09-09T00:00:00Z,NONCASH_OR_OPENING,0.0000,3000.0000,Source-driven vendor cost,SHI,CONDITIONAL_FORECAST,BIZ-base-0002065,11,11,2027-11-30,base,FOUNDRY_FIELD,3000.0000,base-11-COST-HOSTING-FF-002,BUSINESS_DRIVEN_FORECAST,foundry-field,2027
BIZ_AP,liability,2026-09-09T00:00:00Z,NONCASH_OR_OPENING,3000.0000,0.0000,Source-driven vendor cost,SHI,CONDITIONAL_FORECAST,BIZ-base-0002065,11,11,2027-11-30,base,FOUNDRY_FIELD,-3000.0000,base-11-COST-HOSTING-FF-002,BUSINESS_DRIVEN_FORECAST,foundry-field,2027
BIZ_DEFERRED,liability,2026-09-09T00:00:00Z,NONCASH_OR_OPENING,0.0000,116000.0000,Monthly service under effective contract version,SHI,CONDITIONAL_FORECAST,BIZ-base-0002066,11,11,2027-11-30,base,FOUNDRY_FIELD,116000.0000,base-11-SUBSCRIPTION_SERVICE-FF-003,BUSINESS_DRIVEN_FORECAST,foundry-field,2027
BIZ_REVENUE,revenue,2026-09-09T00:00:00Z,NONCASH_OR_OPENING,116000.0000,0.0000,Monthly service under effective contract version,SHI,CONDITIONAL_FORECAST,BIZ-base-0002066,11,11,2027-11-30,base,FOUNDRY_FIELD,-116000.0000,base-11-SUBSCRIPTION_SERVICE-FF-003,BUSINESS_DRIVEN_FORECAST,foundry-field,2027
BIZ_DELIVERY,expense,2026-09-09T00:00:00Z,NONCASH_OR_OPENING,0.0000,3600.0000,Source-driven vendor cost,SHI,CONDITIONAL_FORECAST,BIZ-base-0002067,11,11,2027-11-30,base,FOUNDRY_FIELD,3600.0000,base-11-COST-HOSTING-FF-003,BUSINESS_DRIVEN_FORECAST,foundry-field,2027
BIZ_AP,liability,2026-09-09T00:00:00Z,NONCASH_OR_OPENING,3600.0000,0.0000,Source-driven vendor cost,SHI,CONDITIONAL_FORECAST,BIZ-base-0002067,11,11,2027-11-30,base,FOUNDRY_FIELD,-3600.0000,base-11-COST-HOSTING-FF-003,BUSINESS_DRIVEN_FORECAST,foundry-field,2027
BIZ_DEFERRED,liability,2026-09-09T00:00:00Z,NONCASH_OR_OPENING,0.0000,100000.0000,Monthly service under effective contract version,SHI,CONDITIONAL_FORECAST,BIZ-base-0002068,11,11,2027-11-30,base,FOUNDRY_FIELD,100000.0000,base-11-SUBSCRIPTION_SERVICE-FF-005,BUSINESS_DRIVEN_FORECAST,foundry-field,2027
BIZ_REVENUE,revenue,2026-09-09T00:00:00Z,NONCASH_OR_OPENING,100000.0000,0.0000,Monthly service under effective contract version,SHI,CONDITIONAL_FORECAST,BIZ-base-0002068,11,11,2027-11-30,base,FOUNDRY_FIELD,-100000.0000,base-11-SUBSCRIPTION_SERVICE-FF-005,BUSINESS_DRIVEN_FORECAST,foundry-field,2027
BIZ_DELIVERY,expense,2026-09-09T00:00:00Z,NONCASH_OR_OPENING,0.0000,2400.0000,Source-driven vendor cost,SHI,CONDITIONAL_FORECAST,BIZ-base-0002069,11,11,2027-11-30,base,FOUNDRY_FIELD,2400.0000,base-11-COST-HOSTING-FF-005,BUSINESS_DRIVEN_FORECAST,foundry-field,2027
BIZ_AP,liability,2026-09-09T00:00:00Z,NONCASH_OR_OPENING,2400.0000,0.0000,Source-driven vendor cost,SHI,CONDITIONAL_FORECAST,BIZ-base-0002069,11,11,2027-11-30,base,FOUNDRY_FIELD,-2400.0000,base-11-COST-HOSTING-FF-005,BUSINESS_DRIVEN_FORECAST,foundry-field,2027
BIZ_DEFERRED,liability,2026-09-09T00:00:00Z,NONCASH_OR_OPENING,0.0000,115000.0000,Monthly service under effective contract version,SHI,CONDITIONAL_FORECAST,BIZ-base-0002070,11,11,2027-11-30,base,FOUNDRY_FIELD,115000.0000,base-11-SUBSCRIPTION_SERVICE-FF-006,BUSINESS_DRIVEN_FORECAST,foundry-field,2027
BIZ_REVENUE,revenue,2026-09-09T00:00:00Z,NONCASH_OR_OPENING,115000.0000,0.0000,Monthly service under effective contract version,SHI,CONDITIONAL_FORECAST,BIZ-base-0002070,11,11,2027-11-30,base,FOUNDRY_FIELD,-115000.0000,base-11-SUBSCRIPTION_SERVICE-FF-006,BUSINESS_DRIVEN_FORECAST,foundry-field,2027
BIZ_DELIVERY,expense,2026-09-09T00:00:00Z,NONCASH_OR_OPENING,0.0000,3000.0000,Source-driven vendor cost,SHI,CONDITIONAL_FORECAST,BIZ-base-0002071,11,11,2027-11-30,base,FOUNDRY_FIELD,3000.0000,base-11-COST-HOSTING-FF-006,BUSINESS_DRIVEN_FORECAST,foundry-field,2027
BIZ_AP,liability,2026-09-09T00:00:00Z,NONCASH_OR_OPENING,3000.0000,0.0000,Source-driven vendor cost,SHI,CONDITIONAL_FORECAST,BIZ-base-0002071,11,11,2027-11-30,base,FOUNDRY_FIELD,-3000.0000,base-11-COST-HOSTING-FF-006,BUSINESS_DRIVEN_FORECAST,foundry-field,2027
BIZ_DEFERRED,liability,2026-09-09T00:00:00Z,NONCASH_OR_OPENING,0.0000,130000.0000,Monthly service under effective contract version,SHI,CONDITIONAL_FORECAST,BIZ-base-0002072,11,11,2027-11-30,base,FOUNDRY_FIELD,130000.0000,base-11-SUBSCRIPTION_SERVICE-FF-007,BUSINESS_DRIVEN_FORECAST,foundry-field,2027
BIZ_REVENUE,revenue,2026-09-09T00:00:00Z,NONCASH_OR_OPENING,130000.0000,0.0000,Monthly service under effective contract version,SHI,CONDITIONAL_FORECAST,BIZ-base-0002072,11,11,2027-11-30,base,FOUNDRY_FIELD,-130000.0000,base-11-SUBSCRIPTION_SERVICE-FF-007,BUSINESS_DRIVEN_FORECAST,foundry-field,2027
BIZ_DELIVERY,expense,2026-09-09T00:00:00Z,NONCASH_OR_OPENING,0.0000,3600.0000,Source-driven vendor cost,SHI,CONDITIONAL_FORECAST,BIZ-base-0002073,11,11,2027-11-30,base,FOUNDRY_FIELD,3600.0000,base-11-COST-HOSTING-FF-007,BUSINESS_DRIVEN_FORECAST,foundry-field,2027
BIZ_AP,liability,2026-09-09T00:00:00Z,NONCASH_OR_OPENING,3600.0000,0.0000,Source-driven vendor cost,SHI,CONDITIONAL_FORECAST,BIZ-base-0002073,11,11,2027-11-30,base,FOUNDRY_FIELD,-3600.0000,base-11-COST-HOSTING-FF-007,BUSINESS_DRIVEN_FORECAST,foundry-field,2027
BIZ_DEFERRED,liability,2026-09-09T00:00:00Z,NONCASH_OR_OPENING,0.0000,145000.0000,Monthly service under effective contract version,SHI,CONDITIONAL_FORECAST,BIZ-base-0002074,11,11,2027-11-30,base,FOUNDRY_FIELD,145000.0000,base-11-SUBSCRIPTION_SERVICE-FF-008,BUSINESS_DRIVEN_FORECAST,foundry-field,2027
BIZ_REVENUE,revenue,2026-09-09T00:00:00Z,NONCASH_OR_OPENING,145000.0000,0.0000,Monthly service under effective contract version,SHI,CONDITIONAL_FORECAST,BIZ-base-0002074,11,11,2027-11-30,base,FOUNDRY_FIELD,-145000.0000,base-11-SUBSCRIPTION_SERVICE-FF-008,BUSINESS_DRIVEN_FORECAST,foundry-field,2027
BIZ_DELIVERY,expense,2026-09-09T00:00:00Z,NONCASH_OR_OPENING,0.0000,1800.0000,Source-driven vendor cost,SHI,CONDITIONAL_FORECAST,BIZ-base-0002075,11,11,2027-11-30,base,FOUNDRY_FIELD,1800.0000,base-11-COST-HOSTING-FF-008,BUSINESS_DRIVEN_FORECAST,foundry-field,2027
BIZ_AP,liability,2026-09-09T00:00:00Z,NONCASH_OR_OPENING,1800.0000,0.0000,Source-driven vendor cost,SHI,CONDITIONAL_FORECAST,BIZ-base-0002075,11,11,2027-11-30,base,FOUNDRY_FIELD,-1800.0000,base-11-COST-HOSTING-FF-008,BUSINESS_DRIVEN_FORECAST,foundry-field,2027
BIZ_DEFERRED,liability,2026-09-09T00:00:00Z,NONCASH_OR_OPENING,0.0000,160000.0000,Monthly service under effective contract version,SHI,CONDITIONAL_FORECAST,BIZ-base-0002076,11,11,2027-11-30,base,FOUNDRY_FIELD,160000.0000,base-11-SUBSCRIPTION_SERVICE-FF-009,BUSINESS_DRIVEN_FORECAST,foundry-field,2027
BIZ_REVENUE,revenue,2026-09-09T00:00:00Z,NONCASH_OR_OPENING,160000.0000,0.0000,Monthly service under effective contract version,SHI,CONDITIONAL_FORECAST,BIZ-base-0002076,11,11,2027-11-30,base,FOUNDRY_FIELD,-160000.0000,base-11-SUBSCRIPTION_SERVICE-FF-009,BUSINESS_DRIVEN_FORECAST,foundry-field,2027
BIZ_DELIVERY,expense,2026-09-09T00:00:00Z,NONCASH_OR_OPENING,0.0000,2400.0000,Source-driven vendor cost,SHI,CONDITIONAL_FORECAST,BIZ-base-0002077,11,11,2027-11-30,base,FOUNDRY_FIELD,2400.0000,base-11-COST-HOSTING-FF-009,BUSINESS_DRIVEN_FORECAST,foundry-field,2027
BIZ_AP,liability,2026-09-09T00:00:00Z,NONCASH_OR_OPENING,2400.0000,0.0000,Source-driven vendor cost,SHI,CONDITIONAL_FORECAST,BIZ-base-0002077,11,11,2027-11-30,base,FOUNDRY_FIELD,-2400.0000,base-11-COST-HOSTING-FF-009,BUSINESS_DRIVEN_FORECAST,foundry-field,2027
BIZ_DEFERRED,liability,2026-09-09T00:00:00Z,NONCASH_OR_OPENING,0.0000,100000.0000,Monthly service under effective contract version,SHI,CONDITIONAL_FORECAST,BIZ-base-0002078,11,11,2027-11-30,base,FOUNDRY_FIELD,100000.0000,base-11-SUBSCRIPTION_SERVICE-FF-010,BUSINESS_DRIVEN_FORECAST,foundry-field,2027
BIZ_REVENUE,revenue,2026-09-09T00:00:00Z,NONCASH_OR_OPENING,100000.0000,0.0000,Monthly service under effective contract version,SHI,CONDITIONAL_FORECAST,BIZ-base-0002078,11,11,2027-11-30,base,FOUNDRY_FIELD,-100000.0000,base-11-SUBSCRIPTION_SERVICE-FF-010,BUSINESS_DRIVEN_FORECAST,foundry-field,2027
BIZ_DELIVERY,expense,2026-09-09T00:00:00Z,NONCASH_OR_OPENING,0.0000,3000.0000,Source-driven vendor cost,SHI,CONDITIONAL_FORECAST,BIZ-base-0002079,11,11,2027-11-30,base,FOUNDRY_FIELD,3000.0000,base-11-COST-HOSTING-FF-010,BUSINESS_DRIVEN_FORECAST,foundry-field,2027
BIZ_AP,liability,2026-09-09T00:00:00Z,NONCASH_OR_OPENING,3000.0000,0.0000,Source-driven vendor cost,SHI,CONDITIONAL_FORECAST,BIZ-base-0002079,11,11,2027-11-30,base,FOUNDRY_FIELD,-3000.0000,base-11-COST-HOSTING-FF-010,BUSINESS_DRIVEN_FORECAST,foundry-field,2027
BIZ_DEFERRED,liability,2026-09-09T00:00:00Z,NONCASH_OR_OPENING,0.0000,115000.0000,Monthly service under effective contract version,SHI,CONDITIONAL_FORECAST,BIZ-base-0002080,11,11,2027-11-30,base,FOUNDRY_FIELD,115000.0000,base-11-SUBSCRIPTION_SERVICE-FF-011,BUSINESS_DRIVEN_FORECAST,foundry-field,2027
BIZ_REVENUE,revenue,2026-09-09T00:00:00Z,NONCASH_OR_OPENING,115000.0000,0.0000,Monthly service under effective contract version,SHI,CONDITIONAL_FORECAST,BIZ-base-0002080,11,11,2027-11-30,base,FOUNDRY_FIELD,-115000.0000,base-11-SUBSCRIPTION_SERVICE-FF-011,BUSINESS_DRIVEN_FORECAST,foundry-field,2027
BIZ_DELIVERY,expense,2026-09-09T00:00:00Z,NONCASH_OR_OPENING,0.0000,3600.0000,Source-driven vendor cost,SHI,CONDITIONAL_FORECAST,BIZ-base-0002081,11,11,2027-11-30,base,FOUNDRY_FIELD,3600.0000,base-11-COST-HOSTING-FF-011,BUSINESS_DRIVEN_FORECAST,foundry-field,2027
BIZ_AP,liability,2026-09-09T00:00:00Z,NONCASH_OR_OPENING,3600.0000,0.0000,Source-driven vendor cost,SHI,CONDITIONAL_FORECAST,BIZ-base-0002081,11,11,2027-11-30,base,FOUNDRY_FIELD,-3600.0000,base-11-COST-HOSTING-FF-011,BUSINESS_DRIVEN_FORECAST,foundry-field,2027
BIZ_DEFERRED,liability,2026-09-09T00:00:00Z,NONCASH_OR_OPENING,0.0000,130000.0000,Monthly service under effective contract version,SHI,CONDITIONAL_FORECAST,BIZ-base-0002082,11,11,2027-11-30,base,FOUNDRY_FIELD,130000.0000,base-11-SUBSCRIPTION_SERVICE-FF-012,BUSINESS_DRIVEN_FORECAST,foundry-field,2027
BIZ_REVENUE,revenue,2026-09-09T00:00:00Z,NONCASH_OR_OPENING,130000.0000,0.0000,Monthly service under effective contract version,SHI,CONDITIONAL_FORECAST,BIZ-base-0002082,11,11,2027-11-30,base,FOUNDRY_FIELD,-130000.0000,base-11-SUBSCRIPTION_SERVICE-FF-012,BUSINESS_DRIVEN_FORECAST,foundry-field,2027
BIZ_DELIVERY,expense,2026-09-09T00:00:00Z,NONCASH_OR_OPENING,0.0000,1800.0000,Source-driven vendor cost,SHI,CONDITIONAL_FORECAST,BIZ-base-0002083,11,11,2027-11-30,base,FOUNDRY_FIELD,1800.0000,base-11-COST-HOSTING-FF-012,BUSINESS_DRIVEN_FORECAST,foundry-field,2027
BIZ_AP,liability,2026-09-09T00:00:00Z,NONCASH_OR_OPENING,1800.0000,0.0000,Source-driven vendor cost,SHI,CONDITIONAL_FORECAST,BIZ-base-0002083,11,11,2027-11-30,base,FOUNDRY_FIELD,-1800.0000,base-11-COST-HOSTING-FF-012,BUSINESS_DRIVEN_FORECAST,foundry-field,2027
BIZ_DEFERRED,liability,2026-09-09T00:00:00Z,NONCASH_OR_OPENING,0.0000,145000.0000,Monthly service under effective contract version,SHI,CONDITIONAL_FORECAST,BIZ-base-0002084,11,11,2027-11-30,base,FOUNDRY_FIELD,145000.0000,base-11-SUBSCRIPTION_SERVICE-FF-013,BUSINESS_DRIVEN_FORECAST,foundry-field,2027
BIZ_REVENUE,revenue,2026-09-09T00:00:00Z,NONCASH_OR_OPENING,145000.0000,0.0000,Monthly service under effective contract version,SHI,CONDITIONAL_FORECAST,BIZ-base-0002084,11,11,2027-11-30,base,FOUNDRY_FIELD,-145000.0000,base-11-SUBSCRIPTION_SERVICE-FF-013,BUSINESS_DRIVEN_FORECAST,foundry-field,2027
BIZ_DELIVERY,expense,2026-09-09T00:00:00Z,NONCASH_OR_OPENING,0.0000,2400.0000,Source-driven vendor cost,SHI,CONDITIONAL_FORECAST,BIZ-base-0002085,11,11,2027-11-30,base,FOUNDRY_FIELD,2400.0000,base-11-COST-HOSTING-FF-013,BUSINESS_DRIVEN_FORECAST,foundry-field,2027
BIZ_AP,liability,2026-09-09T00:00:00Z,NONCASH_OR_OPENING,2400.0000,0.0000,Source-driven vendor cost,SHI,CONDITIONAL_FORECAST,BIZ-base-0002085,11,11,2027-11-30,base,FOUNDRY_FIELD,-2400.0000,base-11-COST-HOSTING-FF-013,BUSINESS_DRIVEN_FORECAST,foundry-field,2027
BIZ_DEFERRED,liability,2026-09-09T00:00:00Z,NONCASH_OR_OPENING,0.0000,160000.0000,Monthly service under effective contract version,SHI,CONDITIONAL_FORECAST,BIZ-base-0002086,11,11,2027-11-30,base,FOUNDRY_FIELD,160000.0000,base-11-SUBSCRIPTION_SERVICE-FF-014,BUSINESS_DRIVEN_FORECAST,foundry-field,2027
BIZ_REVENUE,revenue,2026-09-09T00:00:00Z,NONCASH_OR_OPENING,160000.0000,0.0000,Monthly service under effective contract version,SHI,CONDITIONAL_FORECAST,BIZ-base-0002086,11,11,2027-11-30,base,FOUNDRY_FIELD,-160000.0000,base-11-SUBSCRIPTION_SERVICE-FF-014,BUSINESS_DRIVEN_FORECAST,foundry-field,2027
BIZ_DELIVERY,expense,2026-09-09T00:00:00Z,NONCASH_OR_OPENING,0.0000,3000.0000,Source-driven vendor cost,SHI,CONDITIONAL_FORECAST,BIZ-base-0002087,11,11,2027-11-30,base,FOUNDRY_FIELD,3000.0000,base-11-COST-HOSTING-FF-014,BUSINESS_DRIVEN_FORECAST,foundry-field,2027
BIZ_AP,liability,2026-09-09T00:00:00Z,NONCASH_OR_OPENING,3000.0000,0.0000,Source-driven vendor cost,SHI,CONDITIONAL_FORECAST,BIZ-base-0002087,11,11,2027-11-30,base,FOUNDRY_FIELD,-3000.0000,base-11-COST-HOSTING-FF-014,BUSINESS_DRIVEN_FORECAST,foundry-field,2027
BIZ_DEFERRED,liability,2026-09-09T00:00:00Z,NONCASH_OR_OPENING,0.0000,100000.0000,Monthly service under effective contract version,SHI,CONDITIONAL_FORECAST,BIZ-base-0002088,11,11,2027-11-30,base,FOUNDRY_FIELD,100000.0000,base-11-SUBSCRIPTION_SERVICE-FF-015,BUSINESS_DRIVEN_FORECAST,foundry-field,2027
BIZ_REVENUE,revenue,2026-09-09T00:00:00Z,NONCASH_OR_OPENING,100000.0000,0.0000,Monthly service under effective contract version,SHI,CONDITIONAL_FORECAST,BIZ-base-0002088,11,11,2027-11-30,base,FOUNDRY_FIELD,-100000.0000,base-11-SUBSCRIPTION_SERVICE-FF-015,BUSINESS_DRIVEN_FORECAST,foundry-field,2027
BIZ_DELIVERY,expense,2026-09-09T00:00:00Z,NONCASH_OR_OPENING,0.0000,3600.0000,Source-driven vendor cost,SHI,CONDITIONAL_FORECAST,BIZ-base-0002089,11,11,2027-11-30,base,FOUNDRY_FIELD,3600.0000,base-11-COST-HOSTING-FF-015,BUSINESS_DRIVEN_FORECAST,foundry-field,2027
BIZ_AP,liability,2026-09-09T00:00:00Z,NONCASH_OR_OPENING,3600.0000,0.0000,Source-driven vendor cost,SHI,CONDITIONAL_FORECAST,BIZ-base-0002089,11,11,2027-11-30,base,FOUNDRY_FIELD,-3600.0000,base-11-COST-HOSTING-FF-015,BUSINESS_DRIVEN_FORECAST,foundry-field,2027
BIZ_DEFERRED,liability,2026-09-09T00:00:00Z,NONCASH_OR_OPENING,0.0000,115000.0000,Monthly service under effective contract version,SHI,CONDITIONAL_FORECAST,BIZ-base-0002090,11,11,2027-11-30,base,FOUNDRY_FIELD,115000.0000,base-11-SUBSCRIPTION_SERVICE-FF-016,BUSINESS_DRIVEN_FORECAST,foundry-field,2027
BIZ_REVENUE,revenue,2026-09-09T00:00:00Z,NONCASH_OR_OPENING,115000.0000,0.0000,Monthly service under effective contract version,SHI,CONDITIONAL_FORECAST,BIZ-base-0002090,11,11,2027-11-30,base,FOUNDRY_FIELD,-115000.0000,base-11-SUBSCRIPTION_SERVICE-FF-016,BUSINESS_DRIVEN_FORECAST,foundry-field,2027
BIZ_DELIVERY,expense,2026-09-09T00:00:00Z,NONCASH_OR_OPENING,0.0000,1800.0000,Source-driven vendor cost,SHI,CONDITIONAL_FORECAST,BIZ-base-0002091,11,11,2027-11-30,base,FOUNDRY_FIELD,1800.0000,base-11-COST-HOSTING-FF-016,BUSINESS_DRIVEN_FORECAST,foundry-field,2027
BIZ_AP,liability,2026-09-09T00:00:00Z,NONCASH_OR_OPENING,1800.0000,0.0000,Source-driven vendor cost,SHI,CONDITIONAL_FORECAST,BIZ-base-0002091,11,11,2027-11-30,base,FOUNDRY_FIELD,-1800.0000,base-11-COST-HOSTING-FF-016,BUSINESS_DRIVEN_FORECAST,foundry-field,2027
BIZ_DEFERRED,liability,2026-09-09T00:00:00Z,NONCASH_OR_OPENING,0.0000,130000.0000,Monthly service under effective contract version,SHI,CONDITIONAL_FORECAST,BIZ-base-0002092,11,11,2027-11-30,base,FOUNDRY_FIELD,130000.0000,base-11-SUBSCRIPTION_SERVICE-FF-017,BUSINESS_DRIVEN_FORECAST,foundry-field,2027
BIZ_REVENUE,revenue,2026-09-09T00:00:00Z,NONCASH_OR_OPENING,130000.0000,0.0000,Monthly service under effective contract version,SHI,CONDITIONAL_FORECAST,BIZ-base-0002092,11,11,2027-11-30,base,FOUNDRY_FIELD,-130000.0000,base-11-SUBSCRIPTION_SERVICE-FF-017,BUSINESS_DRIVEN_FORECAST,foundry-field,2027
BIZ_DELIVERY,expense,2026-09-09T00:00:00Z,NONCASH_OR_OPENING,0.0000,2400.0000,Source-driven vendor cost,SHI,CONDITIONAL_FORECAST,BIZ-base-0002093,11,11,2027-11-30,base,FOUNDRY_FIELD,2400.0000,base-11-COST-HOSTING-FF-017,BUSINESS_DRIVEN_FORECAST,foundry-field,2027
BIZ_AP,liability,2026-09-09T00:00:00Z,NONCASH_OR_OPENING,2400.0000,0.0000,Source-driven vendor cost,SHI,CONDITIONAL_FORECAST,BIZ-base-0002093,11,11,2027-11-30,base,FOUNDRY_FIELD,-2400.0000,base-11-COST-HOSTING-FF-017,BUSINESS_DRIVEN_FORECAST,foundry-field,2027
BIZ_DEFERRED,liability,2026-09-09T00:00:00Z,NONCASH_OR_OPENING,0.0000,145000.0000,Monthly service under effective contract version,SHI,CONDITIONAL_FORECAST,BIZ-base-0002094,11,11,2027-11-30,base,FOUNDRY_FIELD,145000.0000,base-11-SUBSCRIPTION_SERVICE-FF-018,BUSINESS_DRIVEN_FORECAST,foundry-field,2027
BIZ_REVENUE,revenue,2026-09-09T00:00:00Z,NONCASH_OR_OPENING,145000.0000,0.0000,Monthly service under effective contract version,SHI,CONDITIONAL_FORECAST,BIZ-base-0002094,11,11,2027-11-30,base,FOUNDRY_FIELD,-145000.0000,base-11-SUBSCRIPTION_SERVICE-FF-018,BUSINESS_DRIVEN_FORECAST,foundry-field,2027
BIZ_DELIVERY,expense,2026-09-09T00:00:00Z,NONCASH_OR_OPENING,0.0000,3000.0000,Source-driven vendor cost,SHI,CONDITIONAL_FORECAST,BIZ-base-0002095,11,11,2027-11-30,base,FOUNDRY_FIELD,3000.0000,base-11-COST-HOSTING-FF-018,BUSINESS_DRIVEN_FORECAST,foundry-field,2027
BIZ_AP,liability,2026-09-09T00:00:00Z,NONCASH_OR_OPENING,3000.0000,0.0000,Source-driven vendor cost,SHI,CONDITIONAL_FORECAST,BIZ-base-0002095,11,11,2027-11-30,base,FOUNDRY_FIELD,-3000.0000,base-11-COST-HOSTING-FF-018,BUSINESS_DRIVEN_FORECAST,foundry-field,2027
BIZ_DEFERRED,liability,2026-09-09T00:00:00Z,NONCASH_OR_OPENING,0.0000,160000.0000,Monthly service under effective contract version,SHI,CONDITIONAL_FORECAST,BIZ-base-0002096,11,11,2027-11-30,base,FOUNDRY_FIELD,160000.0000,base-11-SUBSCRIPTION_SERVICE-FF-019,BUSINESS_DRIVEN_FORECAST,foundry-field,2027
BIZ_REVENUE,revenue,2026-09-09T00:00:00Z,NONCASH_OR_OPENING,160000.0000,0.0000,Monthly service under effective contract version,SHI,CONDITIONAL_FORECAST,BIZ-base-0002096,11,11,2027-11-30,base,FOUNDRY_FIELD,-160000.0000,base-11-SUBSCRIPTION_SERVICE-FF-019,BUSINESS_DRIVEN_FORECAST,foundry-field,2027
BIZ_DELIVERY,expense,2026-09-09T00:00:00Z,NONCASH_OR_OPENING,0.0000,3600.0000,Source-driven vendor cost,SHI,CONDITIONAL_FORECAST,BIZ-base-0002097,11,11,2027-11-30,base,FOUNDRY_FIELD,3600.0000,base-11-COST-HOSTING-FF-019,BUSINESS_DRIVEN_FORECAST,foundry-field,2027
BIZ_AP,liability,2026-09-09T00:00:00Z,NONCASH_OR_OPENING,3600.0000,0.0000,Source-driven vendor cost,SHI,CONDITIONAL_FORECAST,BIZ-base-0002097,11,11,2027-11-30,base,FOUNDRY_FIELD,-3600.0000,base-11-COST-HOSTING-FF-019,BUSINESS_DRIVEN_FORECAST,foundry-field,2027
BIZ_DEFERRED,liability,2026-09-09T00:00:00Z,NONCASH_OR_OPENING,0.0000,100000.0000,Monthly service under effective contract version,SHI,CONDITIONAL_FORECAST,BIZ-base-0002098,11,11,2027-11-30,base,FOUNDRY_FIELD,100000.0000,base-11-SUBSCRIPTION_SERVICE-FF-020,BUSINESS_DRIVEN_FORECAST,foundry-field,2027
BIZ_REVENUE,revenue,2026-09-09T00:00:00Z,NONCASH_OR_OPENING,100000.0000,0.0000,Monthly service under effective contract version,SHI,CONDITIONAL_FORECAST,BIZ-base-0002098,11,11,2027-11-30,base,FOUNDRY_FIELD,-100000.0000,base-11-SUBSCRIPTION_SERVICE-FF-020,BUSINESS_DRIVEN_FORECAST,foundry-field,2027
BIZ_DELIVERY,expense,2026-09-09T00:00:00Z,NONCASH_OR_OPENING,0.0000,1800.0000,Source-driven vendor cost,SHI,CONDITIONAL_FORECAST,BIZ-base-0002099,11,11,2027-11-30,base,FOUNDRY_FIELD,1800.0000,base-11-COST-HOSTING-FF-020,BUSINESS_DRIVEN_FORECAST,foundry-field,2027
BIZ_AP,liability,2026-09-09T00:00:00Z,NONCASH_OR_OPENING,1800.0000,0.0000,Source-driven vendor cost,SHI,CONDITIONAL_FORECAST,BIZ-base-0002099,11,11,2027-11-30,base,FOUNDRY_FIELD,-1800.0000,base-11-COST-HOSTING-FF-020,BUSINESS_DRIVEN_FORECAST,foundry-field,2027
BIZ_DEFERRED,liability,2026-09-09T00:00:00Z,NONCASH_OR_OPENING,0.0000,115000.0000,Monthly service under effective contract version,SHI,CONDITIONAL_FORECAST,BIZ-base-0002100,11,11,2027-11-30,base,FOUNDRY_FIELD,115000.0000,base-11-SUBSCRIPTION_SERVICE-FF-021,BUSINESS_DRIVEN_FORECAST,foundry-field,2027
BIZ_REVENUE,revenue,2026-09-09T00:00:00Z,NONCASH_OR_OPENING,115000.0000,0.0000,Monthly service under effective contract version,SHI,CONDITIONAL_FORECAST,BIZ-base-0002100,11,11,2027-11-30,base,FOUNDRY_FIELD,-115000.0000,base-11-SUBSCRIPTION_SERVICE-FF-021,BUSINESS_DRIVEN_FORECAST,foundry-field,2027
BIZ_DELIVERY,expense,2026-09-09T00:00:00Z,NONCASH_OR_OPENING,0.0000,2400.0000,Source-driven vendor cost,SHI,CONDITIONAL_FORECAST,BIZ-base-0002101,11,11,2027-11-30,base,FOUNDRY_FIELD,2400.0000,base-11-COST-HOSTING-FF-021,BUSINESS_DRIVEN_FORECAST,foundry-field,2027
BIZ_AP,liability,2026-09-09T00:00:00Z,NONCASH_OR_OPENING,2400.0000,0.0000,Source-driven vendor cost,SHI,CONDITIONAL_FORECAST,BIZ-base-0002101,11,11,2027-11-30,base,FOUNDRY_FIELD,-2400.0000,base-11-COST-HOSTING-FF-021,BUSINESS_DRIVEN_FORECAST,foundry-field,2027
BIZ_DEFERRED,liability,2026-09-09T00:00:00Z,NONCASH_OR_OPENING,0.0000,130000.0000,Monthly service under effective contract version,SHI,CONDITIONAL_FORECAST,BIZ-base-0002102,11,11,2027-11-30,base,FOUNDRY_FIELD,130000.0000,base-11-SUBSCRIPTION_SERVICE-FF-022,BUSINESS_DRIVEN_FORECAST,foundry-field,2027
BIZ_REVENUE,revenue,2026-09-09T00:00:00Z,NONCASH_OR_OPENING,130000.0000,0.0000,Monthly service under effective contract version,SHI,CONDITIONAL_FORECAST,BIZ-base-0002102,11,11,2027-11-30,base,FOUNDRY_FIELD,-130000.0000,base-11-SUBSCRIPTION_SERVICE-FF-022,BUSINESS_DRIVEN_FORECAST,foundry-field,2027
BIZ_DELIVERY,expense,2026-09-09T00:00:00Z,NONCASH_OR_OPENING,0.0000,3000.0000,Source-driven vendor cost,SHI,CONDITIONAL_FORECAST,BIZ-base-0002103,11,11,2027-11-30,base,FOUNDRY_FIELD,3000.0000,base-11-COST-HOSTING-FF-022,BUSINESS_DRIVEN_FORECAST,foundry-field,2027
BIZ_AP,liability,2026-09-09T00:00:00Z,NONCASH_OR_OPENING,3000.0000,0.0000,Source-driven vendor cost,SHI,CONDITIONAL_FORECAST,BIZ-base-0002103,11,11,2027-11-30,base,FOUNDRY_FIELD,-3000.0000,base-11-COST-HOSTING-FF-022,BUSINESS_DRIVEN_FORECAST,foundry-field,2027
BIZ_DEFERRED,liability,2026-09-09T00:00:00Z,NONCASH_OR_OPENING,0.0000,145000.0000,Monthly service under effective contract version,SHI,CONDITIONAL_FORECAST,BIZ-base-0002104,11,11,2027-11-30,base,FOUNDRY_FIELD,145000.0000,base-11-SUBSCRIPTION_SERVICE-FF-023,BUSINESS_DRIVEN_FORECAST,foundry-field,2027
BIZ_REVENUE,revenue,2026-09-09T00:00:00Z,NONCASH_OR_OPENING,145000.0000,0.0000,Monthly service under effective contract version,SHI,CONDITIONAL_FORECAST,BIZ-base-0002104,11,11,2027-11-30,base,FOUNDRY_FIELD,-145000.0000,base-11-SUBSCRIPTION_SERVICE-FF-023,BUSINESS_DRIVEN_FORECAST,foundry-field,2027
BIZ_DELIVERY,expense,2026-09-09T00:00:00Z,NONCASH_OR_OPENING,0.0000,3600.0000,Source-driven vendor cost,SHI,CONDITIONAL_FORECAST,BIZ-base-0002105,11,11,2027-11-30,base,FOUNDRY_FIELD,3600.0000,base-11-COST-HOSTING-FF-023,BUSINESS_DRIVEN_FORECAST,foundry-field,2027
BIZ_AP,liability,2026-09-09T00:00:00Z,NONCASH_OR_OPENING,3600.0000,0.0000,Source-driven vendor cost,SHI,CONDITIONAL_FORECAST,BIZ-base-0002105,11,11,2027-11-30,base,FOUNDRY_FIELD,-3600.0000,base-11-COST-HOSTING-FF-023,BUSINESS_DRIVEN_FORECAST,foundry-field,2027
BIZ_DEFERRED,liability,2026-09-09T00:00:00Z,NONCASH_OR_OPENING,0.0000,160000.0000,Monthly service under effective contract version,SHI,CONDITIONAL_FORECAST,BIZ-base-0002106,11,11,2027-11-30,base,FOUNDRY_FIELD,160000.0000,base-11-SUBSCRIPTION_SERVICE-FF-024,BUSINESS_DRIVEN_FORECAST,foundry-field,2027
BIZ_REVENUE,revenue,2026-09-09T00:00:00Z,NONCASH_OR_OPENING,160000.0000,0.0000,Monthly service under effective contract version,SHI,CONDITIONAL_FORECAST,BIZ-base-0002106,11,11,2027-11-30,base,FOUNDRY_FIELD,-160000.0000,base-11-SUBSCRIPTION_SERVICE-FF-024,BUSINESS_DRIVEN_FORECAST,foundry-field,2027
BIZ_DELIVERY,expense,2026-09-09T00:00:00Z,NONCASH_OR_OPENING,0.0000,1800.0000,Source-driven vendor cost,SHI,CONDITIONAL_FORECAST,BIZ-base-0002107,11,11,2027-11-30,base,FOUNDRY_FIELD,1800.0000,base-11-COST-HOSTING-FF-024,BUSINESS_DRIVEN_FORECAST,foundry-field,2027
BIZ_AP,liability,2026-09-09T00:00:00Z,NONCASH_OR_OPENING,1800.0000,0.0000,Source-driven vendor cost,SHI,CONDITIONAL_FORECAST,BIZ-base-0002107,11,11,2027-11-30,base,FOUNDRY_FIELD,-1800.0000,base-11-COST-HOSTING-FF-024,BUSINESS_DRIVEN_FORECAST,foundry-field,2027
BIZ_DEFERRED,liability,2026-09-09T00:00:00Z,NONCASH_OR_OPENING,0.0000,100000.0000,Monthly service under effective contract version,SHI,CONDITIONAL_FORECAST,BIZ-base-0002108,11,11,2027-11-30,base,FOUNDRY_FIELD,100000.0000,base-11-SUBSCRIPTION_SERVICE-FF-025,BUSINESS_DRIVEN_FORECAST,foundry-field,2027
BIZ_REVENUE,revenue,2026-09-09T00:00:00Z,NONCASH_OR_OPENING,100000.0000,0.0000,Monthly service under effective contract version,SHI,CONDITIONAL_FORECAST,BIZ-base-0002108,11,11,2027-11-30,base,FOUNDRY_FIELD,-100000.0000,base-11-SUBSCRIPTION_SERVICE-FF-025,BUSINESS_DRIVEN_FORECAST,foundry-field,2027
BIZ_DELIVERY,expense,2026-09-09T00:00:00Z,NONCASH_OR_OPENING,0.0000,2400.0000,Source-driven vendor cost,SHI,CONDITIONAL_FORECAST,BIZ-base-0002109,11,11,2027-11-30,base,FOUNDRY_FIELD,2400.0000,base-11-COST-HOSTING-FF-025,BUSINESS_DRIVEN_FORECAST,foundry-field,2027
BIZ_AP,liability,2026-09-09T00:00:00Z,NONCASH_OR_OPENING,2400.0000,0.0000,Source-driven vendor cost,SHI,CONDITIONAL_FORECAST,BIZ-base-0002109,11,11,2027-11-30,base,FOUNDRY_FIELD,-2400.0000,base-11-COST-HOSTING-FF-025,BUSINESS_DRIVEN_FORECAST,foundry-field,2027
BIZ_DEFERRED,liability,2026-09-09T00:00:00Z,NONCASH_OR_OPENING,0.0000,115000.0000,Monthly service under effective contract version,SHI,CONDITIONAL_FORECAST,BIZ-base-0002110,11,11,2027-11-30,base,FOUNDRY_FIELD,115000.0000,base-11-SUBSCRIPTION_SERVICE-FF-026,BUSINESS_DRIVEN_FORECAST,foundry-field,2027
BIZ_REVENUE,revenue,2026-09-09T00:00:00Z,NONCASH_OR_OPENING,115000.0000,0.0000,Monthly service under effective contract version,SHI,CONDITIONAL_FORECAST,BIZ-base-0002110,11,11,2027-11-30,base,FOUNDRY_FIELD,-115000.0000,base-11-SUBSCRIPTION_SERVICE-FF-026,BUSINESS_DRIVEN_FORECAST,foundry-field,2027
BIZ_DELIVERY,expense,2026-09-09T00:00:00Z,NONCASH_OR_OPENING,0.0000,3000.0000,Source-driven vendor cost,SHI,CONDITIONAL_FORECAST,BIZ-base-0002111,11,11,2027-11-30,base,FOUNDRY_FIELD,3000.0000,base-11-COST-HOSTING-FF-026,BUSINESS_DRIVEN_FORECAST,foundry-field,2027
BIZ_AP,liability,2026-09-09T00:00:00Z,NONCASH_OR_OPENING,3000.0000,0.0000,Source-driven vendor cost,SHI,CONDITIONAL_FORECAST,BIZ-base-0002111,11,11,2027-11-30,base,FOUNDRY_FIELD,-3000.0000,base-11-COST-HOSTING-FF-026,BUSINESS_DRIVEN_FORECAST,foundry-field,2027
BIZ_DEFERRED,liability,2026-09-09T00:00:00Z,NONCASH_OR_OPENING,0.0000,130000.0000,Monthly service under effective contract version,SHI,CONDITIONAL_FORECAST,BIZ-base-0002112,11,11,2027-11-30,base,FOUNDRY_FIELD,130000.0000,base-11-SUBSCRIPTION_SERVICE-FF-027,BUSINESS_DRIVEN_FORECAST,foundry-field,2027
BIZ_REVENUE,revenue,2026-09-09T00:00:00Z,NONCASH_OR_OPENING,130000.0000,0.0000,Monthly service under effective contract version,SHI,CONDITIONAL_FORECAST,BIZ-base-0002112,11,11,2027-11-30,base,FOUNDRY_FIELD,-130000.0000,base-11-SUBSCRIPTION_SERVICE-FF-027,BUSINESS_DRIVEN_FORECAST,foundry-field,2027
BIZ_DELIVERY,expense,2026-09-09T00:00:00Z,NONCASH_OR_OPENING,0.0000,3600.0000,Source-driven vendor cost,SHI,CONDITIONAL_FORECAST,BIZ-base-0002113,11,11,2027-11-30,base,FOUNDRY_FIELD,3600.0000,base-11-COST-HOSTING-FF-027,BUSINESS_DRIVEN_FORECAST,foundry-field,2027
BIZ_AP,liability,2026-09-09T00:00:00Z,NONCASH_OR_OPENING,3600.0000,0.0000,Source-driven vendor cost,SHI,CONDITIONAL_FORECAST,BIZ-base-0002113,11,11,2027-11-30,base,FOUNDRY_FIELD,-3600.0000,base-11-COST-HOSTING-FF-027,BUSINESS_DRIVEN_FORECAST,foundry-field,2027
BIZ_DEFERRED,liability,2026-09-09T00:00:00Z,NONCASH_OR_OPENING,0.0000,145000.0000,Monthly service under effective contract version,SHI,CONDITIONAL_FORECAST,BIZ-base-0002114,11,11,2027-11-30,base,FOUNDRY_FIELD,145000.0000,base-11-SUBSCRIPTION_SERVICE-FF-028,BUSINESS_DRIVEN_FORECAST,foundry-field,2027
BIZ_REVENUE,revenue,2026-09-09T00:00:00Z,NONCASH_OR_OPENING,145000.0000,0.0000,Monthly service under effective contract version,SHI,CONDITIONAL_FORECAST,BIZ-base-0002114,11,11,2027-11-30,base,FOUNDRY_FIELD,-145000.0000,base-11-SUBSCRIPTION_SERVICE-FF-028,BUSINESS_DRIVEN_FORECAST,foundry-field,2027
BIZ_DELIVERY,expense,2026-09-09T00:00:00Z,NONCASH_OR_OPENING,0.0000,1800.0000,Source-driven vendor cost,SHI,CONDITIONAL_FORECAST,BIZ-base-0002115,11,11,2027-11-30,base,FOUNDRY_FIELD,1800.0000,base-11-COST-HOSTING-FF-028,BUSINESS_DRIVEN_FORECAST,foundry-field,2027
BIZ_AP,liability,2026-09-09T00:00:00Z,NONCASH_OR_OPENING,1800.0000,0.0000,Source-driven vendor cost,SHI,CONDITIONAL_FORECAST,BIZ-base-0002115,11,11,2027-11-30,base,FOUNDRY_FIELD,-1800.0000,base-11-COST-HOSTING-FF-028,BUSINESS_DRIVEN_FORECAST,foundry-field,2027
BIZ_DEFERRED,liability,2026-09-09T00:00:00Z,NONCASH_OR_OPENING,0.0000,160000.0000,Monthly service under effective contract version,SHI,CONDITIONAL_FORECAST,BIZ-base-0002116,11,11,2027-11-30,base,FOUNDRY_FIELD,160000.0000,base-11-SUBSCRIPTION_SERVICE-FF-029,BUSINESS_DRIVEN_FORECAST,foundry-field,2027
BIZ_REVENUE,revenue,2026-09-09T00:00:00Z,NONCASH_OR_OPENING,160000.0000,0.0000,Monthly service under effective contract version,SHI,CONDITIONAL_FORECAST,BIZ-base-0002116,11,11,2027-11-30,base,FOUNDRY_FIELD,-160000.0000,base-11-SUBSCRIPTION_SERVICE-FF-029,BUSINESS_DRIVEN_FORECAST,foundry-field,2027
BIZ_DELIVERY,expense,2026-09-09T00:00:00Z,NONCASH_OR_OPENING,0.0000,2400.0000,Source-driven vendor cost,SHI,CONDITIONAL_FORECAST,BIZ-base-0002117,11,11,2027-11-30,base,FOUNDRY_FIELD,2400.0000,base-11-COST-HOSTING-FF-029,BUSINESS_DRIVEN_FORECAST,foundry-field,2027
BIZ_AP,liability,2026-09-09T00:00:00Z,NONCASH_OR_OPENING,2400.0000,0.0000,Source-driven vendor cost,SHI,CONDITIONAL_FORECAST,BIZ-base-0002117,11,11,2027-11-30,base,FOUNDRY_FIELD,-2400.0000,base-11-COST-HOSTING-FF-029,BUSINESS_DRIVEN_FORECAST,foundry-field,2027
BIZ_DEFERRED,liability,2026-09-09T00:00:00Z,NONCASH_OR_OPENING,0.0000,100000.0000,Monthly service under effective contract version,SHI,CONDITIONAL_FORECAST,BIZ-base-0002118,11,11,2027-11-30,base,FOUNDRY_FIELD,100000.0000,base-11-SUBSCRIPTION_SERVICE-FF-030,BUSINESS_DRIVEN_FORECAST,foundry-field,2027
BIZ_REVENUE,revenue,2026-09-09T00:00:00Z,NONCASH_OR_OPENING,100000.0000,0.0000,Monthly service under effective contract version,SHI,CONDITIONAL_FORECAST,BIZ-base-0002118,11,11,2027-11-30,base,FOUNDRY_FIELD,-100000.0000,base-11-SUBSCRIPTION_SERVICE-FF-030,BUSINESS_DRIVEN_FORECAST,foundry-field,2027
BIZ_DELIVERY,expense,2026-09-09T00:00:00Z,NONCASH_OR_OPENING,0.0000,3000.0000,Source-driven vendor cost,SHI,CONDITIONAL_FORECAST,BIZ-base-0002119,11,11,2027-11-30,base,FOUNDRY_FIELD,3000.0000,base-11-COST-HOSTING-FF-030,BUSINESS_DRIVEN_FORECAST,foundry-field,2027
BIZ_AP,liability,2026-09-09T00:00:00Z,NONCASH_OR_OPENING,3000.0000,0.0000,Source-driven vendor cost,SHI,CONDITIONAL_FORECAST,BIZ-base-0002119,11,11,2027-11-30,base,FOUNDRY_FIELD,-3000.0000,base-11-COST-HOSTING-FF-030,BUSINESS_DRIVEN_FORECAST,foundry-field,2027
BIZ_DEFERRED,liability,2026-09-09T00:00:00Z,NONCASH_OR_OPENING,0.0000,115000.0000,Monthly service under effective contract version,SHI,CONDITIONAL_FORECAST,BIZ-base-0002120,11,11,2027-11-30,base,FOUNDRY_FIELD,115000.0000,base-11-SUBSCRIPTION_SERVICE-FF-031,BUSINESS_DRIVEN_FORECAST,foundry-field,2027
BIZ_REVENUE,revenue,2026-09-09T00:00:00Z,NONCASH_OR_OPENING,115000.0000,0.0000,Monthly service under effective contract version,SHI,CONDITIONAL_FORECAST,BIZ-base-0002120,11,11,2027-11-30,base,FOUNDRY_FIELD,-115000.0000,base-11-SUBSCRIPTION_SERVICE-FF-031,BUSINESS_DRIVEN_FORECAST,foundry-field,2027
BIZ_DELIVERY,expense,2026-09-09T00:00:00Z,NONCASH_OR_OPENING,0.0000,3600.0000,Source-driven vendor cost,SHI,CONDITIONAL_FORECAST,BIZ-base-0002121,11,11,2027-11-30,base,FOUNDRY_FIELD,3600.0000,base-11-COST-HOSTING-FF-031,BUSINESS_DRIVEN_FORECAST,foundry-field,2027
BIZ_AP,liability,2026-09-09T00:00:00Z,NONCASH_OR_OPENING,3600.0000,0.0000,Source-driven vendor cost,SHI,CONDITIONAL_FORECAST,BIZ-base-0002121,11,11,2027-11-30,base,FOUNDRY_FIELD,-3600.0000,base-11-COST-HOSTING-FF-031,BUSINESS_DRIVEN_FORECAST,foundry-field,2027
BIZ_DEFERRED,liability,2026-09-09T00:00:00Z,NONCASH_OR_OPENING,0.0000,130000.0000,Monthly service under effective contract version,SHI,CONDITIONAL_FORECAST,BIZ-base-0002122,11,11,2027-11-30,base,FOUNDRY_FIELD,130000.0000,base-11-SUBSCRIPTION_SERVICE-FF-032,BUSINESS_DRIVEN_FORECAST,foundry-field,2027
BIZ_REVENUE,revenue,2026-09-09T00:00:00Z,NONCASH_OR_OPENING,130000.0000,0.0000,Monthly service under effective contract version,SHI,CONDITIONAL_FORECAST,BIZ-base-0002122,11,11,2027-11-30,base,FOUNDRY_FIELD,-130000.0000,base-11-SUBSCRIPTION_SERVICE-FF-032,BUSINESS_DRIVEN_FORECAST,foundry-field,2027
BIZ_DELIVERY,expense,2026-09-09T00:00:00Z,NONCASH_OR_OPENING,0.0000,1800.0000,Source-driven vendor cost,SHI,CONDITIONAL_FORECAST,BIZ-base-0002123,11,11,2027-11-30,base,FOUNDRY_FIELD,1800.0000,base-11-COST-HOSTING-FF-032,BUSINESS_DRIVEN_FORECAST,foundry-field,2027
BIZ_AP,liability,2026-09-09T00:00:00Z,NONCASH_OR_OPENING,1800.0000,0.0000,Source-driven vendor cost,SHI,CONDITIONAL_FORECAST,BIZ-base-0002123,11,11,2027-11-30,base,FOUNDRY_FIELD,-1800.0000,base-11-COST-HOSTING-FF-032,BUSINESS_DRIVEN_FORECAST,foundry-field,2027
BIZ_DEFERRED,liability,2026-09-09T00:00:00Z,NONCASH_OR_OPENING,0.0000,145000.0000,Monthly service under effective contract version,SHI,CONDITIONAL_FORECAST,BIZ-base-0002124,11,11,2027-11-30,base,FOUNDRY_FIELD,145000.0000,base-11-SUBSCRIPTION_SERVICE-FF-033,BUSINESS_DRIVEN_FORECAST,foundry-field,2027
BIZ_REVENUE,revenue,2026-09-09T00:00:00Z,NONCASH_OR_OPENING,145000.0000,0.0000,Monthly service under effective contract version,SHI,CONDITIONAL_FORECAST,BIZ-base-0002124,11,11,2027-11-30,base,FOUNDRY_FIELD,-145000.0000,base-11-SUBSCRIPTION_SERVICE-FF-033,BUSINESS_DRIVEN_FORECAST,foundry-field,2027
BIZ_DELIVERY,expense,2026-09-09T00:00:00Z,NONCASH_OR_OPENING,0.0000,2400.0000,Source-driven vendor cost,SHI,CONDITIONAL_FORECAST,BIZ-base-0002125,11,11,2027-11-30,base,FOUNDRY_FIELD,2400.0000,base-11-COST-HOSTING-FF-033,BUSINESS_DRIVEN_FORECAST,foundry-field,2027
BIZ_AP,liability,2026-09-09T00:00:00Z,NONCASH_OR_OPENING,2400.0000,0.0000,Source-driven vendor cost,SHI,CONDITIONAL_FORECAST,BIZ-base-0002125,11,11,2027-11-30,base,FOUNDRY_FIELD,-2400.0000,base-11-COST-HOSTING-FF-033,BUSINESS_DRIVEN_FORECAST,foundry-field,2027
BIZ_DEFERRED,liability,2026-09-09T00:00:00Z,NONCASH_OR_OPENING,0.0000,160000.0000,Monthly service under effective contract version,SHI,CONDITIONAL_FORECAST,BIZ-base-0002126,11,11,2027-11-30,base,FOUNDRY_FIELD,160000.0000,base-11-SUBSCRIPTION_SERVICE-FF-034,BUSINESS_DRIVEN_FORECAST,foundry-field,2027
BIZ_REVENUE,revenue,2026-09-09T00:00:00Z,NONCASH_OR_OPENING,160000.0000,0.0000,Monthly service under effective contract version,SHI,CONDITIONAL_FORECAST,BIZ-base-0002126,11,11,2027-11-30,base,FOUNDRY_FIELD,-160000.0000,base-11-SUBSCRIPTION_SERVICE-FF-034,BUSINESS_DRIVEN_FORECAST,foundry-field,2027
BIZ_DELIVERY,expense,2026-09-09T00:00:00Z,NONCASH_OR_OPENING,0.0000,3000.0000,Source-driven vendor cost,SHI,CONDITIONAL_FORECAST,BIZ-base-0002127,11,11,2027-11-30,base,FOUNDRY_FIELD,3000.0000,base-11-COST-HOSTING-FF-034,BUSINESS_DRIVEN_FORECAST,foundry-field,2027
BIZ_AP,liability,2026-09-09T00:00:00Z,NONCASH_OR_OPENING,3000.0000,0.0000,Source-driven vendor cost,SHI,CONDITIONAL_FORECAST,BIZ-base-0002127,11,11,2027-11-30,base,FOUNDRY_FIELD,-3000.0000,base-11-COST-HOSTING-FF-034,BUSINESS_DRIVEN_FORECAST,foundry-field,2027
BIZ_DEFERRED,liability,2026-09-09T00:00:00Z,NONCASH_OR_OPENING,0.0000,100000.0000,Monthly service under effective contract version,SHI,CONDITIONAL_FORECAST,BIZ-base-0002128,11,11,2027-11-30,base,FOUNDRY_FIELD,100000.0000,base-11-SUBSCRIPTION_SERVICE-FF-035,BUSINESS_DRIVEN_FORECAST,foundry-field,2027
BIZ_REVENUE,revenue,2026-09-09T00:00:00Z,NONCASH_OR_OPENING,100000.0000,0.0000,Monthly service under effective contract version,SHI,CONDITIONAL_FORECAST,BIZ-base-0002128,11,11,2027-11-30,base,FOUNDRY_FIELD,-100000.0000,base-11-SUBSCRIPTION_SERVICE-FF-035,BUSINESS_DRIVEN_FORECAST,foundry-field,2027
BIZ_DELIVERY,expense,2026-09-09T00:00:00Z,NONCASH_OR_OPENING,0.0000,3600.0000,Source-driven vendor cost,SHI,CONDITIONAL_FORECAST,BIZ-base-0002129,11,11,2027-11-30,base,FOUNDRY_FIELD,3600.0000,base-11-COST-HOSTING-FF-035,BUSINESS_DRIVEN_FORECAST,foundry-field,2027
BIZ_AP,liability,2026-09-09T00:00:00Z,NONCASH_OR_OPENING,3600.0000,0.0000,Source-driven vendor cost,SHI,CONDITIONAL_FORECAST,BIZ-base-0002129,11,11,2027-11-30,base,FOUNDRY_FIELD,-3600.0000,base-11-COST-HOSTING-FF-035,BUSINESS_DRIVEN_FORECAST,foundry-field,2027
BIZ_DEFERRED,liability,2026-09-09T00:00:00Z,NONCASH_OR_OPENING,0.0000,115000.0000,Monthly service under effective contract version,SHI,CONDITIONAL_FORECAST,BIZ-base-0002130,11,11,2027-11-30,base,FOUNDRY_FIELD,115000.0000,base-11-SUBSCRIPTION_SERVICE-FF-036,BUSINESS_DRIVEN_FORECAST,foundry-field,2027
BIZ_REVENUE,revenue,2026-09-09T00:00:00Z,NONCASH_OR_OPENING,115000.0000,0.0000,Monthly service under effective contract version,SHI,CONDITIONAL_FORECAST,BIZ-base-0002130,11,11,2027-11-30,base,FOUNDRY_FIELD,-115000.0000,base-11-SUBSCRIPTION_SERVICE-FF-036,BUSINESS_DRIVEN_FORECAST,foundry-field,2027
BIZ_DELIVERY,expense,2026-09-09T00:00:00Z,NONCASH_OR_OPENING,0.0000,1800.0000,Source-driven vendor cost,SHI,CONDITIONAL_FORECAST,BIZ-base-0002131,11,11,2027-11-30,base,FOUNDRY_FIELD,1800.0000,base-11-COST-HOSTING-FF-036,BUSINESS_DRIVEN_FORECAST,foundry-field,2027
BIZ_AP,liability,2026-09-09T00:00:00Z,NONCASH_OR_OPENING,1800.0000,0.0000,Source-driven vendor cost,SHI,CONDITIONAL_FORECAST,BIZ-base-0002131,11,11,2027-11-30,base,FOUNDRY_FIELD,-1800.0000,base-11-COST-HOSTING-FF-036,BUSINESS_DRIVEN_FORECAST,foundry-field,2027
BIZ_DEFERRED,liability,2026-09-09T00:00:00Z,NONCASH_OR_OPENING,0.0000,142000.0000,Monthly service under effective contract version,SHI,CONDITIONAL_FORECAST,BIZ-base-0002132,11,11,2027-11-30,base,FOUNDRY_FIELD,142000.0000,base-11-SUBSCRIPTION_SERVICE-FF-037,BUSINESS_DRIVEN_FORECAST,foundry-field,2027
BIZ_REVENUE,revenue,2026-09-09T00:00:00Z,NONCASH_OR_OPENING,142000.0000,0.0000,Monthly service under effective contract version,SHI,CONDITIONAL_FORECAST,BIZ-base-0002132,11,11,2027-11-30,base,FOUNDRY_FIELD,-142000.0000,base-11-SUBSCRIPTION_SERVICE-FF-037,BUSINESS_DRIVEN_FORECAST,foundry-field,2027
BIZ_DELIVERY,expense,2026-09-09T00:00:00Z,NONCASH_OR_OPENING,0.0000,2400.0000,Source-driven vendor cost,SHI,CONDITIONAL_FORECAST,BIZ-base-0002133,11,11,2027-11-30,base,FOUNDRY_FIELD,2400.0000,base-11-COST-HOSTING-FF-037,BUSINESS_DRIVEN_FORECAST,foundry-field,2027
BIZ_AP,liability,2026-09-09T00:00:00Z,NONCASH_OR_OPENING,2400.0000,0.0000,Source-driven vendor cost,SHI,CONDITIONAL_FORECAST,BIZ-base-0002133,11,11,2027-11-30,base,FOUNDRY_FIELD,-2400.0000,base-11-COST-HOSTING-FF-037,BUSINESS_DRIVEN_FORECAST,foundry-field,2027
BIZ_DEFERRED,liability,2026-09-09T00:00:00Z,NONCASH_OR_OPENING,0.0000,160000.0000,Monthly service under effective contract version,SHI,CONDITIONAL_FORECAST,BIZ-base-0002134,11,11,2027-11-30,base,FOUNDRY_FIELD,160000.0000,base-11-SUBSCRIPTION_SERVICE-FF-039,BUSINESS_DRIVEN_FORECAST,foundry-field,2027
BIZ_REVENUE,revenue,2026-09-09T00:00:00Z,NONCASH_OR_OPENING,160000.0000,0.0000,Monthly service under effective contract version,SHI,CONDITIONAL_FORECAST,BIZ-base-0002134,11,11,2027-11-30,base,FOUNDRY_FIELD,-160000.0000,base-11-SUBSCRIPTION_SERVICE-FF-039,BUSINESS_DRIVEN_FORECAST,foundry-field,2027
BIZ_DELIVERY,expense,2026-09-09T00:00:00Z,NONCASH_OR_OPENING,0.0000,3600.0000,Source-driven vendor cost,SHI,CONDITIONAL_FORECAST,BIZ-base-0002135,11,11,2027-11-30,base,FOUNDRY_FIELD,3600.0000,base-11-COST-HOSTING-FF-039,BUSINESS_DRIVEN_FORECAST,foundry-field,2027
BIZ_AP,liability,2026-09-09T00:00:00Z,NONCASH_OR_OPENING,3600.0000,0.0000,Source-driven vendor cost,SHI,CONDITIONAL_FORECAST,BIZ-base-0002135,11,11,2027-11-30,base,FOUNDRY_FIELD,-3600.0000,base-11-COST-HOSTING-FF-039,BUSINESS_DRIVEN_FORECAST,foundry-field,2027
BIZ_DEFERRED,liability,2026-09-09T00:00:00Z,NONCASH_OR_OPENING,0.0000,100000.0000,Monthly service under effective contract version,SHI,CONDITIONAL_FORECAST,BIZ-base-0002136,11,11,2027-11-30,base,FOUNDRY_FIELD,100000.0000,base-11-SUBSCRIPTION_SERVICE-FF-040,BUSINESS_DRIVEN_FORECAST,foundry-field,2027
BIZ_REVENUE,revenue,2026-09-09T00:00:00Z,NONCASH_OR_OPENING,100000.0000,0.0000,Monthly service under effective contract version,SHI,CONDITIONAL_FORECAST,BIZ-base-0002136,11,11,2027-11-30,base,FOUNDRY_FIELD,-100000.0000,base-11-SUBSCRIPTION_SERVICE-FF-040,BUSINESS_DRIVEN_FORECAST,foundry-field,2027
BIZ_DELIVERY,expense,2026-09-09T00:00:00Z,NONCASH_OR_OPENING,0.0000,1800.0000,Source-driven vendor cost,SHI,CONDITIONAL_FORECAST,BIZ-base-0002137,11,11,2027-11-30,base,FOUNDRY_FIELD,1800.0000,base-11-COST-HOSTING-FF-040,BUSINESS_DRIVEN_FORECAST,foundry-field,2027
BIZ_AP,liability,2026-09-09T00:00:00Z,NONCASH_OR_OPENING,1800.0000,0.0000,Source-driven vendor cost,SHI,CONDITIONAL_FORECAST,BIZ-base-0002137,11,11,2027-11-30,base,FOUNDRY_FIELD,-1800.0000,base-11-COST-HOSTING-FF-040,BUSINESS_DRIVEN_FORECAST,foundry-field,2027
BIZ_AR,asset,2026-09-09T00:00:00Z,NONCASH_OR_OPENING,0.0000,120000.0000,Accepted outcome/product billing,SHI,CONDITIONAL_FORECAST,BIZ-base-0002138,11,11,2027-11-30,base,FOUNDRY_FIELD,120000.0000,base-11-INVOICE-INV-base-base-11-DEPLOYMENT_ACCEPTANCE-FF-041,BUSINESS_DRIVEN_FORECAST,foundry-field,2027
BIZ_REVENUE,revenue,2026-09-09T00:00:00Z,NONCASH_OR_OPENING,120000.0000,0.0000,Accepted outcome/product billing,SHI,CONDITIONAL_FORECAST,BIZ-base-0002138,11,11,2027-11-30,base,FOUNDRY_FIELD,-120000.0000,base-11-INVOICE-INV-base-base-11-DEPLOYMENT_ACCEPTANCE-FF-041,BUSINESS_DRIVEN_FORECAST,foundry-field,2027
BIZ_AR,asset,2026-09-09T00:00:00Z,NONCASH_OR_OPENING,0.0000,1380000.0000,Annual subscription billing,SHI,CONDITIONAL_FORECAST,BIZ-base-0002139,11,11,2027-11-30,base,FOUNDRY_FIELD,1380000.0000,base-11-INVOICE-INV-base-FF-041-TERM-0,BUSINESS_DRIVEN_FORECAST,foundry-field,2027
BIZ_DEFERRED,liability,2026-09-09T00:00:00Z,NONCASH_OR_OPENING,1380000.0000,0.0000,Annual subscription billing,SHI,CONDITIONAL_FORECAST,BIZ-base-0002139,11,11,2027-11-30,base,FOUNDRY_FIELD,-1380000.0000,base-11-INVOICE-INV-base-FF-041-TERM-0,BUSINESS_DRIVEN_FORECAST,foundry-field,2027
BIZ_DEFERRED,liability,2026-09-09T00:00:00Z,NONCASH_OR_OPENING,0.0000,115000.0000,Monthly service under effective contract version,SHI,CONDITIONAL_FORECAST,BIZ-base-0002140,11,11,2027-11-30,base,FOUNDRY_FIELD,115000.0000,base-11-SUBSCRIPTION_SERVICE-FF-041,BUSINESS_DRIVEN_FORECAST,foundry-field,2027
BIZ_REVENUE,revenue,2026-09-09T00:00:00Z,NONCASH_OR_OPENING,115000.0000,0.0000,Monthly service under effective contract version,SHI,CONDITIONAL_FORECAST,BIZ-base-0002140,11,11,2027-11-30,base,FOUNDRY_FIELD,-115000.0000,base-11-SUBSCRIPTION_SERVICE-FF-041,BUSINESS_DRIVEN_FORECAST,foundry-field,2027
BIZ_DELIVERY,expense,2026-09-09T00:00:00Z,NONCASH_OR_OPENING,0.0000,2400.0000,Source-driven vendor cost,SHI,CONDITIONAL_FORECAST,BIZ-base-0002141,11,11,2027-11-30,base,FOUNDRY_FIELD,2400.0000,base-11-COST-HOSTING-FF-041,BUSINESS_DRIVEN_FORECAST,foundry-field,2027
BIZ_AP,liability,2026-09-09T00:00:00Z,NONCASH_OR_OPENING,2400.0000,0.0000,Source-driven vendor cost,SHI,CONDITIONAL_FORECAST,BIZ-base-0002141,11,11,2027-11-30,base,FOUNDRY_FIELD,-2400.0000,base-11-COST-HOSTING-FF-041,BUSINESS_DRIVEN_FORECAST,foundry-field,2027
BIZ_DDA,expense,2026-09-09T00:00:00Z,NONCASH_OR_OPENING,0.0000,4000.0000,Depreciation starts following receipt; transferred asset retains basis,SHI,CONDITIONAL_FORECAST,BIZ-base-0002187,11,11,2027-11-30,base,FOUNDRY_FIELD,4000.0000,base-11-DEPRECIATION-FORT-TEST-RIG,BUSINESS_DRIVEN_FORECAST,foundry-field,2027
BIZ_ACCUM,asset,2026-09-09T00:00:00Z,NONCASH_OR_OPENING,4000.0000,0.0000,Depreciation starts following receipt; transferred asset retains basis,SHI,CONDITIONAL_FORECAST,BIZ-base-0002187,11,11,2027-11-30,base,FOUNDRY_FIELD,-4000.0000,base-11-DEPRECIATION-FORT-TEST-RIG,BUSINESS_DRIVEN_FORECAST,foundry-field,2027
BIZ_CREDIT_LOSS,expense,2026-09-09T00:00:00Z,NONCASH_OR_OPENING,0.0000,3600.0000,"Explicit expected credit-loss estimate, not observed customer default",SHI,CONDITIONAL_FORECAST,BIZ-base-0002200,11,11,2027-11-30,base,FOUNDRY_FIELD,3600.0000,base-11-MONTH_END_ESTIMATE-foundry-field,BUSINESS_DRIVEN_FORECAST,foundry-field,2027
BIZ_ALLOWANCE,asset,2026-09-09T00:00:00Z,NONCASH_OR_OPENING,3600.0000,0.0000,"Explicit expected credit-loss estimate, not observed customer default",SHI,CONDITIONAL_FORECAST,BIZ-base-0002200,11,11,2027-11-30,base,FOUNDRY_FIELD,-3600.0000,base-11-MONTH_END_ESTIMATE-foundry-field,BUSINESS_DRIVEN_FORECAST,foundry-field,2027
1000,asset,2026-09-09T00:00:00Z,OPERATING,0.0000,120000.0000,Modeled customer receipt,SHI,CONDITIONAL_FORECAST,BIZ-base-0002203,12,12,2027-12-31,base,FOUNDRY_FIELD,120000.0000,base-12-COLLECTION-INV-base-base-11-DEPLOYMENT_ACCEPTANCE-FF-041,BUSINESS_DRIVEN_FORECAST,foundry-field,2027
BIZ_AR,asset,2026-09-09T00:00:00Z,NONCASH_OR_OPENING,120000.0000,0.0000,Modeled customer receipt,SHI,CONDITIONAL_FORECAST,BIZ-base-0002203,12,12,2027-12-31,base,FOUNDRY_FIELD,-120000.0000,base-12-COLLECTION-INV-base-base-11-DEPLOYMENT_ACCEPTANCE-FF-041,BUSINESS_DRIVEN_FORECAST,foundry-field,2027
1000,asset,2026-09-09T00:00:00Z,OPERATING,0.0000,1380000.0000,Modeled customer receipt,SHI,CONDITIONAL_FORECAST,BIZ-base-0002204,12,12,2027-12-31,base,FOUNDRY_FIELD,1380000.0000,base-12-COLLECTION-INV-base-FF-041-TERM-0,BUSINESS_DRIVEN_FORECAST,foundry-field,2027
BIZ_AR,asset,2026-09-09T00:00:00Z,NONCASH_OR_OPENING,1380000.0000,0.0000,Modeled customer receipt,SHI,CONDITIONAL_FORECAST,BIZ-base-0002204,12,12,2027-12-31,base,FOUNDRY_FIELD,-1380000.0000,base-12-COLLECTION-INV-base-FF-041-TERM-0,BUSINESS_DRIVEN_FORECAST,foundry-field,2027
BIZ_AP,liability,2026-09-09T00:00:00Z,NONCASH_OR_OPENING,0.0000,2400.0000,Scheduled vendor cash request; treasury shortfalls separately reported,SHI,CONDITIONAL_FORECAST,BIZ-base-0002211,12,12,2027-12-31,base,FOUNDRY_FIELD,2400.0000,base-12-PAYMENT_REQUEST-AP-base-11-HOSTING-FF-001,BUSINESS_DRIVEN_FORECAST,foundry-field,2027
1000,asset,2026-09-09T00:00:00Z,OPERATING,2400.0000,0.0000,Scheduled vendor cash request; treasury shortfalls separately reported,SHI,CONDITIONAL_FORECAST,BIZ-base-0002211,12,12,2027-12-31,base,FOUNDRY_FIELD,-2400.0000,base-12-PAYMENT_REQUEST-AP-base-11-HOSTING-FF-001,BUSINESS_DRIVEN_FORECAST,foundry-field,2027
BIZ_AP,liability,2026-09-09T00:00:00Z,NONCASH_OR_OPENING,0.0000,3000.0000,Scheduled vendor cash request; treasury shortfalls separately reported,SHI,CONDITIONAL_FORECAST,BIZ-base-0002212,12,12,2027-12-31,base,FOUNDRY_FIELD,3000.0000,base-12-PAYMENT_REQUEST-AP-base-11-HOSTING-FF-002,BUSINESS_DRIVEN_FORECAST,foundry-field,2027
1000,asset,2026-09-09T00:00:00Z,OPERATING,3000.0000,0.0000,Scheduled vendor cash request; treasury shortfalls separately reported,SHI,CONDITIONAL_FORECAST,BIZ-base-0002212,12,12,2027-12-31,base,FOUNDRY_FIELD,-3000.0000,base-12-PAYMENT_REQUEST-AP-base-11-HOSTING-FF-002,BUSINESS_DRIVEN_FORECAST,foundry-field,2027
BIZ_AP,liability,2026-09-09T00:00:00Z,NONCASH_OR_OPENING,0.0000,3600.0000,Scheduled vendor cash request; treasury shortfalls separately reported,SHI,CONDITIONAL_FORECAST,BIZ-base-0002213,12,12,2027-12-31,base,FOUNDRY_FIELD,3600.0000,base-12-PAYMENT_REQUEST-AP-base-11-HOSTING-FF-003,BUSINESS_DRIVEN_FORECAST,foundry-field,2027
1000,asset,2026-09-09T00:00:00Z,OPERATING,3600.0000,0.0000,Scheduled vendor cash request; treasury shortfalls separately reported,SHI,CONDITIONAL_FORECAST,BIZ-base-0002213,12,12,2027-12-31,base,FOUNDRY_FIELD,-3600.0000,base-12-PAYMENT_REQUEST-AP-base-11-HOSTING-FF-003,BUSINESS_DRIVEN_FORECAST,foundry-field,2027
BIZ_AP,liability,2026-09-09T00:00:00Z,NONCASH_OR_OPENING,0.0000,2400.0000,Scheduled vendor cash request; treasury shortfalls separately reported,SHI,CONDITIONAL_FORECAST,BIZ-base-0002214,12,12,2027-12-31,base,FOUNDRY_FIELD,2400.0000,base-12-PAYMENT_REQUEST-AP-base-11-HOSTING-FF-005,BUSINESS_DRIVEN_FORECAST,foundry-field,2027
1000,asset,2026-09-09T00:00:00Z,OPERATING,2400.0000,0.0000,Scheduled vendor cash request; treasury shortfalls separately reported,SHI,CONDITIONAL_FORECAST,BIZ-base-0002214,12,12,2027-12-31,base,FOUNDRY_FIELD,-2400.0000,base-12-PAYMENT_REQUEST-AP-base-11-HOSTING-FF-005,BUSINESS_DRIVEN_FORECAST,foundry-field,2027
BIZ_AP,liability,2026-09-09T00:00:00Z,NONCASH_OR_OPENING,0.0000,3000.0000,Scheduled vendor cash request; treasury shortfalls separately reported,SHI,CONDITIONAL_FORECAST,BIZ-base-0002215,12,12,2027-12-31,base,FOUNDRY_FIELD,3000.0000,base-12-PAYMENT_REQUEST-AP-base-11-HOSTING-FF-006,BUSINESS_DRIVEN_FORECAST,foundry-field,2027
1000,asset,2026-09-09T00:00:00Z,OPERATING,3000.0000,0.0000,Scheduled vendor cash request; treasury shortfalls separately reported,SHI,CONDITIONAL_FORECAST,BIZ-base-0002215,12,12,2027-12-31,base,FOUNDRY_FIELD,-3000.0000,base-12-PAYMENT_REQUEST-AP-base-11-HOSTING-FF-006,BUSINESS_DRIVEN_FORECAST,foundry-field,2027
BIZ_AP,liability,2026-09-09T00:00:00Z,NONCASH_OR_OPENING,0.0000,3600.0000,Scheduled vendor cash request; treasury shortfalls separately reported,SHI,CONDITIONAL_FORECAST,BIZ-base-0002216,12,12,2027-12-31,base,FOUNDRY_FIELD,3600.0000,base-12-PAYMENT_REQUEST-AP-base-11-HOSTING-FF-007,BUSINESS_DRIVEN_FORECAST,foundry-field,2027
1000,asset,2026-09-09T00:00:00Z,OPERATING,3600.0000,0.0000,Scheduled vendor cash request; treasury shortfalls separately reported,SHI,CONDITIONAL_FORECAST,BIZ-base-0002216,12,12,2027-12-31,base,FOUNDRY_FIELD,-3600.0000,base-12-PAYMENT_REQUEST-AP-base-11-HOSTING-FF-007,BUSINESS_DRIVEN_FORECAST,foundry-field,2027
BIZ_AP,liability,2026-09-09T00:00:00Z,NONCASH_OR_OPENING,0.0000,1800.0000,Scheduled vendor cash request; treasury shortfalls separately reported,SHI,CONDITIONAL_FORECAST,BIZ-base-0002217,12,12,2027-12-31,base,FOUNDRY_FIELD,1800.0000,base-12-PAYMENT_REQUEST-AP-base-11-HOSTING-FF-008,BUSINESS_DRIVEN_FORECAST,foundry-field,2027
1000,asset,2026-09-09T00:00:00Z,OPERATING,1800.0000,0.0000,Scheduled vendor cash request; treasury shortfalls separately reported,SHI,CONDITIONAL_FORECAST,BIZ-base-0002217,12,12,2027-12-31,base,FOUNDRY_FIELD,-1800.0000,base-12-PAYMENT_REQUEST-AP-base-11-HOSTING-FF-008,BUSINESS_DRIVEN_FORECAST,foundry-field,2027
BIZ_AP,liability,2026-09-09T00:00:00Z,NONCASH_OR_OPENING,0.0000,2400.0000,Scheduled vendor cash request; treasury shortfalls separately reported,SHI,CONDITIONAL_FORECAST,BIZ-base-0002218,12,12,2027-12-31,base,FOUNDRY_FIELD,2400.0000,base-12-PAYMENT_REQUEST-AP-base-11-HOSTING-FF-009,BUSINESS_DRIVEN_FORECAST,foundry-field,2027
1000,asset,2026-09-09T00:00:00Z,OPERATING,2400.0000,0.0000,Scheduled vendor cash request; treasury shortfalls separately reported,SHI,CONDITIONAL_FORECAST,BIZ-base-0002218,12,12,2027-12-31,base,FOUNDRY_FIELD,-2400.0000,base-12-PAYMENT_REQUEST-AP-base-11-HOSTING-FF-009,BUSINESS_DRIVEN_FORECAST,foundry-field,2027
BIZ_AP,liability,2026-09-09T00:00:00Z,NONCASH_OR_OPENING,0.0000,3000.0000,Scheduled vendor cash request; treasury shortfalls separately reported,SHI,CONDITIONAL_FORECAST,BIZ-base-0002219,12,12,2027-12-31,base,FOUNDRY_FIELD,3000.0000,base-12-PAYMENT_REQUEST-AP-base-11-HOSTING-FF-010,BUSINESS_DRIVEN_FORECAST,foundry-field,2027
1000,asset,2026-09-09T00:00:00Z,OPERATING,3000.0000,0.0000,Scheduled vendor cash request; treasury shortfalls separately reported,SHI,CONDITIONAL_FORECAST,BIZ-base-0002219,12,12,2027-12-31,base,FOUNDRY_FIELD,-3000.0000,base-12-PAYMENT_REQUEST-AP-base-11-HOSTING-FF-010,BUSINESS_DRIVEN_FORECAST,foundry-field,2027
BIZ_AP,liability,2026-09-09T00:00:00Z,NONCASH_OR_OPENING,0.0000,3600.0000,Scheduled vendor cash request; treasury shortfalls separately reported,SHI,CONDITIONAL_FORECAST,BIZ-base-0002220,12,12,2027-12-31,base,FOUNDRY_FIELD,3600.0000,base-12-PAYMENT_REQUEST-AP-base-11-HOSTING-FF-011,BUSINESS_DRIVEN_FORECAST,foundry-field,2027
1000,asset,2026-09-09T00:00:00Z,OPERATING,3600.0000,0.0000,Scheduled vendor cash request; treasury shortfalls separately reported,SHI,CONDITIONAL_FORECAST,BIZ-base-0002220,12,12,2027-12-31,base,FOUNDRY_FIELD,-3600.0000,base-12-PAYMENT_REQUEST-AP-base-11-HOSTING-FF-011,BUSINESS_DRIVEN_FORECAST,foundry-field,2027
BIZ_AP,liability,2026-09-09T00:00:00Z,NONCASH_OR_OPENING,0.0000,1800.0000,Scheduled vendor cash request; treasury shortfalls separately reported,SHI,CONDITIONAL_FORECAST,BIZ-base-0002221,12,12,2027-12-31,base,FOUNDRY_FIELD,1800.0000,base-12-PAYMENT_REQUEST-AP-base-11-HOSTING-FF-012,BUSINESS_DRIVEN_FORECAST,foundry-field,2027
1000,asset,2026-09-09T00:00:00Z,OPERATING,1800.0000,0.0000,Scheduled vendor cash request; treasury shortfalls separately reported,SHI,CONDITIONAL_FORECAST,BIZ-base-0002221,12,12,2027-12-31,base,FOUNDRY_FIELD,-1800.0000,base-12-PAYMENT_REQUEST-AP-base-11-HOSTING-FF-012,BUSINESS_DRIVEN_FORECAST,foundry-field,2027
BIZ_AP,liability,2026-09-09T00:00:00Z,NONCASH_OR_OPENING,0.0000,2400.0000,Scheduled vendor cash request; treasury shortfalls separately reported,SHI,CONDITIONAL_FORECAST,BIZ-base-0002222,12,12,2027-12-31,base,FOUNDRY_FIELD,2400.0000,base-12-PAYMENT_REQUEST-AP-base-11-HOSTING-FF-013,BUSINESS_DRIVEN_FORECAST,foundry-field,2027
1000,asset,2026-09-09T00:00:00Z,OPERATING,2400.0000,0.0000,Scheduled vendor cash request; treasury shortfalls separately reported,SHI,CONDITIONAL_FORECAST,BIZ-base-0002222,12,12,2027-12-31,base,FOUNDRY_FIELD,-2400.0000,base-12-PAYMENT_REQUEST-AP-base-11-HOSTING-FF-013,BUSINESS_DRIVEN_FORECAST,foundry-field,2027
BIZ_AP,liability,2026-09-09T00:00:00Z,NONCASH_OR_OPENING,0.0000,3000.0000,Scheduled vendor cash request; treasury shortfalls separately reported,SHI,CONDITIONAL_FORECAST,BIZ-base-0002223,12,12,2027-12-31,base,FOUNDRY_FIELD,3000.0000,base-12-PAYMENT_REQUEST-AP-base-11-HOSTING-FF-014,BUSINESS_DRIVEN_FORECAST,foundry-field,2027
1000,asset,2026-09-09T00:00:00Z,OPERATING,3000.0000,0.0000,Scheduled vendor cash request; treasury shortfalls separately reported,SHI,CONDITIONAL_FORECAST,BIZ-base-0002223,12,12,2027-12-31,base,FOUNDRY_FIELD,-3000.0000,base-12-PAYMENT_REQUEST-AP-base-11-HOSTING-FF-014,BUSINESS_DRIVEN_FORECAST,foundry-field,2027
BIZ_AP,liability,2026-09-09T00:00:00Z,NONCASH_OR_OPENING,0.0000,3600.0000,Scheduled vendor cash request; treasury shortfalls separately reported,SHI,CONDITIONAL_FORECAST,BIZ-base-0002224,12,12,2027-12-31,base,FOUNDRY_FIELD,3600.0000,base-12-PAYMENT_REQUEST-AP-base-11-HOSTING-FF-015,BUSINESS_DRIVEN_FORECAST,foundry-field,2027
1000,asset,2026-09-09T00:00:00Z,OPERATING,3600.0000,0.0000,Scheduled vendor cash request; treasury shortfalls separately reported,SHI,CONDITIONAL_FORECAST,BIZ-base-0002224,12,12,2027-12-31,base,FOUNDRY_FIELD,-3600.0000,base-12-PAYMENT_REQUEST-AP-base-11-HOSTING-FF-015,BUSINESS_DRIVEN_FORECAST,foundry-field,2027
BIZ_AP,liability,2026-09-09T00:00:00Z,NONCASH_OR_OPENING,0.0000,1800.0000,Scheduled vendor cash request; treasury shortfalls separately reported,SHI,CONDITIONAL_FORECAST,BIZ-base-0002225,12,12,2027-12-31,base,FOUNDRY_FIELD,1800.0000,base-12-PAYMENT_REQUEST-AP-base-11-HOSTING-FF-016,BUSINESS_DRIVEN_FORECAST,foundry-field,2027
1000,asset,2026-09-09T00:00:00Z,OPERATING,1800.0000,0.0000,Scheduled vendor cash request; treasury shortfalls separately reported,SHI,CONDITIONAL_FORECAST,BIZ-base-0002225,12,12,2027-12-31,base,FOUNDRY_FIELD,-1800.0000,base-12-PAYMENT_REQUEST-AP-base-11-HOSTING-FF-016,BUSINESS_DRIVEN_FORECAST,foundry-field,2027
BIZ_AP,liability,2026-09-09T00:00:00Z,NONCASH_OR_OPENING,0.0000,2400.0000,Scheduled vendor cash request; treasury shortfalls separately reported,SHI,CONDITIONAL_FORECAST,BIZ-base-0002226,12,12,2027-12-31,base,FOUNDRY_FIELD,2400.0000,base-12-PAYMENT_REQUEST-AP-base-11-HOSTING-FF-017,BUSINESS_DRIVEN_FORECAST,foundry-field,2027
1000,asset,2026-09-09T00:00:00Z,OPERATING,2400.0000,0.0000,Scheduled vendor cash request; treasury shortfalls separately reported,SHI,CONDITIONAL_FORECAST,BIZ-base-0002226,12,12,2027-12-31,base,FOUNDRY_FIELD,-2400.0000,base-12-PAYMENT_REQUEST-AP-base-11-HOSTING-FF-017,BUSINESS_DRIVEN_FORECAST,foundry-field,2027
BIZ_AP,liability,2026-09-09T00:00:00Z,NONCASH_OR_OPENING,0.0000,3000.0000,Scheduled vendor cash request; treasury shortfalls separately reported,SHI,CONDITIONAL_FORECAST,BIZ-base-0002227,12,12,2027-12-31,base,FOUNDRY_FIELD,3000.0000,base-12-PAYMENT_REQUEST-AP-base-11-HOSTING-FF-018,BUSINESS_DRIVEN_FORECAST,foundry-field,2027
1000,asset,2026-09-09T00:00:00Z,OPERATING,3000.0000,0.0000,Scheduled vendor cash request; treasury shortfalls separately reported,SHI,CONDITIONAL_FORECAST,BIZ-base-0002227,12,12,2027-12-31,base,FOUNDRY_FIELD,-3000.0000,base-12-PAYMENT_REQUEST-AP-base-11-HOSTING-FF-018,BUSINESS_DRIVEN_FORECAST,foundry-field,2027
BIZ_AP,liability,2026-09-09T00:00:00Z,NONCASH_OR_OPENING,0.0000,3600.0000,Scheduled vendor cash request; treasury shortfalls separately reported,SHI,CONDITIONAL_FORECAST,BIZ-base-0002228,12,12,2027-12-31,base,FOUNDRY_FIELD,3600.0000,base-12-PAYMENT_REQUEST-AP-base-11-HOSTING-FF-019,BUSINESS_DRIVEN_FORECAST,foundry-field,2027
1000,asset,2026-09-09T00:00:00Z,OPERATING,3600.0000,0.0000,Scheduled vendor cash request; treasury shortfalls separately reported,SHI,CONDITIONAL_FORECAST,BIZ-base-0002228,12,12,2027-12-31,base,FOUNDRY_FIELD,-3600.0000,base-12-PAYMENT_REQUEST-AP-base-11-HOSTING-FF-019,BUSINESS_DRIVEN_FORECAST,foundry-field,2027
BIZ_AP,liability,2026-09-09T00:00:00Z,NONCASH_OR_OPENING,0.0000,1800.0000,Scheduled vendor cash request; treasury shortfalls separately reported,SHI,CONDITIONAL_FORECAST,BIZ-base-0002229,12,12,2027-12-31,base,FOUNDRY_FIELD,1800.0000,base-12-PAYMENT_REQUEST-AP-base-11-HOSTING-FF-020,BUSINESS_DRIVEN_FORECAST,foundry-field,2027
1000,asset,2026-09-09T00:00:00Z,OPERATING,1800.0000,0.0000,Scheduled vendor cash request; treasury shortfalls separately reported,SHI,CONDITIONAL_FORECAST,BIZ-base-0002229,12,12,2027-12-31,base,FOUNDRY_FIELD,-1800.0000,base-12-PAYMENT_REQUEST-AP-base-11-HOSTING-FF-020,BUSINESS_DRIVEN_FORECAST,foundry-field,2027
BIZ_AP,liability,2026-09-09T00:00:00Z,NONCASH_OR_OPENING,0.0000,2400.0000,Scheduled vendor cash request; treasury shortfalls separately reported,SHI,CONDITIONAL_FORECAST,BIZ-base-0002230,12,12,2027-12-31,base,FOUNDRY_FIELD,2400.0000,base-12-PAYMENT_REQUEST-AP-base-11-HOSTING-FF-021,BUSINESS_DRIVEN_FORECAST,foundry-field,2027
1000,asset,2026-09-09T00:00:00Z,OPERATING,2400.0000,0.0000,Scheduled vendor cash request; treasury shortfalls separately reported,SHI,CONDITIONAL_FORECAST,BIZ-base-0002230,12,12,2027-12-31,base,FOUNDRY_FIELD,-2400.0000,base-12-PAYMENT_REQUEST-AP-base-11-HOSTING-FF-021,BUSINESS_DRIVEN_FORECAST,foundry-field,2027
BIZ_AP,liability,2026-09-09T00:00:00Z,NONCASH_OR_OPENING,0.0000,3000.0000,Scheduled vendor cash request; treasury shortfalls separately reported,SHI,CONDITIONAL_FORECAST,BIZ-base-0002231,12,12,2027-12-31,base,FOUNDRY_FIELD,3000.0000,base-12-PAYMENT_REQUEST-AP-base-11-HOSTING-FF-022,BUSINESS_DRIVEN_FORECAST,foundry-field,2027
1000,asset,2026-09-09T00:00:00Z,OPERATING,3000.0000,0.0000,Scheduled vendor cash request; treasury shortfalls separately reported,SHI,CONDITIONAL_FORECAST,BIZ-base-0002231,12,12,2027-12-31,base,FOUNDRY_FIELD,-3000.0000,base-12-PAYMENT_REQUEST-AP-base-11-HOSTING-FF-022,BUSINESS_DRIVEN_FORECAST,foundry-field,2027
BIZ_AP,liability,2026-09-09T00:00:00Z,NONCASH_OR_OPENING,0.0000,3600.0000,Scheduled vendor cash request; treasury shortfalls separately reported,SHI,CONDITIONAL_FORECAST,BIZ-base-0002232,12,12,2027-12-31,base,FOUNDRY_FIELD,3600.0000,base-12-PAYMENT_REQUEST-AP-base-11-HOSTING-FF-023,BUSINESS_DRIVEN_FORECAST,foundry-field,2027
1000,asset,2026-09-09T00:00:00Z,OPERATING,3600.0000,0.0000,Scheduled vendor cash request; treasury shortfalls separately reported,SHI,CONDITIONAL_FORECAST,BIZ-base-0002232,12,12,2027-12-31,base,FOUNDRY_FIELD,-3600.0000,base-12-PAYMENT_REQUEST-AP-base-11-HOSTING-FF-023,BUSINESS_DRIVEN_FORECAST,foundry-field,2027
BIZ_AP,liability,2026-09-09T00:00:00Z,NONCASH_OR_OPENING,0.0000,1800.0000,Scheduled vendor cash request; treasury shortfalls separately reported,SHI,CONDITIONAL_FORECAST,BIZ-base-0002233,12,12,2027-12-31,base,FOUNDRY_FIELD,1800.0000,base-12-PAYMENT_REQUEST-AP-base-11-HOSTING-FF-024,BUSINESS_DRIVEN_FORECAST,foundry-field,2027
1000,asset,2026-09-09T00:00:00Z,OPERATING,1800.0000,0.0000,Scheduled vendor cash request; treasury shortfalls separately reported,SHI,CONDITIONAL_FORECAST,BIZ-base-0002233,12,12,2027-12-31,base,FOUNDRY_FIELD,-1800.0000,base-12-PAYMENT_REQUEST-AP-base-11-HOSTING-FF-024,BUSINESS_DRIVEN_FORECAST,foundry-field,2027
BIZ_AP,liability,2026-09-09T00:00:00Z,NONCASH_OR_OPENING,0.0000,2400.0000,Scheduled vendor cash request; treasury shortfalls separately reported,SHI,CONDITIONAL_FORECAST,BIZ-base-0002234,12,12,2027-12-31,base,FOUNDRY_FIELD,2400.0000,base-12-PAYMENT_REQUEST-AP-base-11-HOSTING-FF-025,BUSINESS_DRIVEN_FORECAST,foundry-field,2027
1000,asset,2026-09-09T00:00:00Z,OPERATING,2400.0000,0.0000,Scheduled vendor cash request; treasury shortfalls separately reported,SHI,CONDITIONAL_FORECAST,BIZ-base-0002234,12,12,2027-12-31,base,FOUNDRY_FIELD,-2400.0000,base-12-PAYMENT_REQUEST-AP-base-11-HOSTING-FF-025,BUSINESS_DRIVEN_FORECAST,foundry-field,2027
BIZ_AP,liability,2026-09-09T00:00:00Z,NONCASH_OR_OPENING,0.0000,3000.0000,Scheduled vendor cash request; treasury shortfalls separately reported,SHI,CONDITIONAL_FORECAST,BIZ-base-0002235,12,12,2027-12-31,base,FOUNDRY_FIELD,3000.0000,base-12-PAYMENT_REQUEST-AP-base-11-HOSTING-FF-026,BUSINESS_DRIVEN_FORECAST,foundry-field,2027
1000,asset,2026-09-09T00:00:00Z,OPERATING,3000.0000,0.0000,Scheduled vendor cash request; treasury shortfalls separately reported,SHI,CONDITIONAL_FORECAST,BIZ-base-0002235,12,12,2027-12-31,base,FOUNDRY_FIELD,-3000.0000,base-12-PAYMENT_REQUEST-AP-base-11-HOSTING-FF-026,BUSINESS_DRIVEN_FORECAST,foundry-field,2027
BIZ_AP,liability,2026-09-09T00:00:00Z,NONCASH_OR_OPENING,0.0000,3600.0000,Scheduled vendor cash request; treasury shortfalls separately reported,SHI,CONDITIONAL_FORECAST,BIZ-base-0002236,12,12,2027-12-31,base,FOUNDRY_FIELD,3600.0000,base-12-PAYMENT_REQUEST-AP-base-11-HOSTING-FF-027,BUSINESS_DRIVEN_FORECAST,foundry-field,2027
1000,asset,2026-09-09T00:00:00Z,OPERATING,3600.0000,0.0000,Scheduled vendor cash request; treasury shortfalls separately reported,SHI,CONDITIONAL_FORECAST,BIZ-base-0002236,12,12,2027-12-31,base,FOUNDRY_FIELD,-3600.0000,base-12-PAYMENT_REQUEST-AP-base-11-HOSTING-FF-027,BUSINESS_DRIVEN_FORECAST,foundry-field,2027
BIZ_AP,liability,2026-09-09T00:00:00Z,NONCASH_OR_OPENING,0.0000,1800.0000,Scheduled vendor cash request; treasury shortfalls separately reported,SHI,CONDITIONAL_FORECAST,BIZ-base-0002237,12,12,2027-12-31,base,FOUNDRY_FIELD,1800.0000,base-12-PAYMENT_REQUEST-AP-base-11-HOSTING-FF-028,BUSINESS_DRIVEN_FORECAST,foundry-field,2027
1000,asset,2026-09-09T00:00:00Z,OPERATING,1800.0000,0.0000,Scheduled vendor cash request; treasury shortfalls separately reported,SHI,CONDITIONAL_FORECAST,BIZ-base-0002237,12,12,2027-12-31,base,FOUNDRY_FIELD,-1800.0000,base-12-PAYMENT_REQUEST-AP-base-11-HOSTING-FF-028,BUSINESS_DRIVEN_FORECAST,foundry-field,2027
BIZ_AP,liability,2026-09-09T00:00:00Z,NONCASH_OR_OPENING,0.0000,2400.0000,Scheduled vendor cash request; treasury shortfalls separately reported,SHI,CONDITIONAL_FORECAST,BIZ-base-0002238,12,12,2027-12-31,base,FOUNDRY_FIELD,2400.0000,base-12-PAYMENT_REQUEST-AP-base-11-HOSTING-FF-029,BUSINESS_DRIVEN_FORECAST,foundry-field,2027
1000,asset,2026-09-09T00:00:00Z,OPERATING,2400.0000,0.0000,Scheduled vendor cash request; treasury shortfalls separately reported,SHI,CONDITIONAL_FORECAST,BIZ-base-0002238,12,12,2027-12-31,base,FOUNDRY_FIELD,-2400.0000,base-12-PAYMENT_REQUEST-AP-base-11-HOSTING-FF-029,BUSINESS_DRIVEN_FORECAST,foundry-field,2027
BIZ_AP,liability,2026-09-09T00:00:00Z,NONCASH_OR_OPENING,0.0000,3000.0000,Scheduled vendor cash request; treasury shortfalls separately reported,SHI,CONDITIONAL_FORECAST,BIZ-base-0002239,12,12,2027-12-31,base,FOUNDRY_FIELD,3000.0000,base-12-PAYMENT_REQUEST-AP-base-11-HOSTING-FF-030,BUSINESS_DRIVEN_FORECAST,foundry-field,2027
1000,asset,2026-09-09T00:00:00Z,OPERATING,3000.0000,0.0000,Scheduled vendor cash request; treasury shortfalls separately reported,SHI,CONDITIONAL_FORECAST,BIZ-base-0002239,12,12,2027-12-31,base,FOUNDRY_FIELD,-3000.0000,base-12-PAYMENT_REQUEST-AP-base-11-HOSTING-FF-030,BUSINESS_DRIVEN_FORECAST,foundry-field,2027
BIZ_AP,liability,2026-09-09T00:00:00Z,NONCASH_OR_OPENING,0.0000,3600.0000,Scheduled vendor cash request; treasury shortfalls separately reported,SHI,CONDITIONAL_FORECAST,BIZ-base-0002240,12,12,2027-12-31,base,FOUNDRY_FIELD,3600.0000,base-12-PAYMENT_REQUEST-AP-base-11-HOSTING-FF-031,BUSINESS_DRIVEN_FORECAST,foundry-field,2027
1000,asset,2026-09-09T00:00:00Z,OPERATING,3600.0000,0.0000,Scheduled vendor cash request; treasury shortfalls separately reported,SHI,CONDITIONAL_FORECAST,BIZ-base-0002240,12,12,2027-12-31,base,FOUNDRY_FIELD,-3600.0000,base-12-PAYMENT_REQUEST-AP-base-11-HOSTING-FF-031,BUSINESS_DRIVEN_FORECAST,foundry-field,2027
BIZ_AP,liability,2026-09-09T00:00:00Z,NONCASH_OR_OPENING,0.0000,1800.0000,Scheduled vendor cash request; treasury shortfalls separately reported,SHI,CONDITIONAL_FORECAST,BIZ-base-0002241,12,12,2027-12-31,base,FOUNDRY_FIELD,1800.0000,base-12-PAYMENT_REQUEST-AP-base-11-HOSTING-FF-032,BUSINESS_DRIVEN_FORECAST,foundry-field,2027
1000,asset,2026-09-09T00:00:00Z,OPERATING,1800.0000,0.0000,Scheduled vendor cash request; treasury shortfalls separately reported,SHI,CONDITIONAL_FORECAST,BIZ-base-0002241,12,12,2027-12-31,base,FOUNDRY_FIELD,-1800.0000,base-12-PAYMENT_REQUEST-AP-base-11-HOSTING-FF-032,BUSINESS_DRIVEN_FORECAST,foundry-field,2027
BIZ_AP,liability,2026-09-09T00:00:00Z,NONCASH_OR_OPENING,0.0000,2400.0000,Scheduled vendor cash request; treasury shortfalls separately reported,SHI,CONDITIONAL_FORECAST,BIZ-base-0002242,12,12,2027-12-31,base,FOUNDRY_FIELD,2400.0000,base-12-PAYMENT_REQUEST-AP-base-11-HOSTING-FF-033,BUSINESS_DRIVEN_FORECAST,foundry-field,2027
1000,asset,2026-09-09T00:00:00Z,OPERATING,2400.0000,0.0000,Scheduled vendor cash request; treasury shortfalls separately reported,SHI,CONDITIONAL_FORECAST,BIZ-base-0002242,12,12,2027-12-31,base,FOUNDRY_FIELD,-2400.0000,base-12-PAYMENT_REQUEST-AP-base-11-HOSTING-FF-033,BUSINESS_DRIVEN_FORECAST,foundry-field,2027
BIZ_AP,liability,2026-09-09T00:00:00Z,NONCASH_OR_OPENING,0.0000,3000.0000,Scheduled vendor cash request; treasury shortfalls separately reported,SHI,CONDITIONAL_FORECAST,BIZ-base-0002243,12,12,2027-12-31,base,FOUNDRY_FIELD,3000.0000,base-12-PAYMENT_REQUEST-AP-base-11-HOSTING-FF-034,BUSINESS_DRIVEN_FORECAST,foundry-field,2027
1000,asset,2026-09-09T00:00:00Z,OPERATING,3000.0000,0.0000,Scheduled vendor cash request; treasury shortfalls separately reported,SHI,CONDITIONAL_FORECAST,BIZ-base-0002243,12,12,2027-12-31,base,FOUNDRY_FIELD,-3000.0000,base-12-PAYMENT_REQUEST-AP-base-11-HOSTING-FF-034,BUSINESS_DRIVEN_FORECAST,foundry-field,2027
BIZ_AP,liability,2026-09-09T00:00:00Z,NONCASH_OR_OPENING,0.0000,3600.0000,Scheduled vendor cash request; treasury shortfalls separately reported,SHI,CONDITIONAL_FORECAST,BIZ-base-0002244,12,12,2027-12-31,base,FOUNDRY_FIELD,3600.0000,base-12-PAYMENT_REQUEST-AP-base-11-HOSTING-FF-035,BUSINESS_DRIVEN_FORECAST,foundry-field,2027
1000,asset,2026-09-09T00:00:00Z,OPERATING,3600.0000,0.0000,Scheduled vendor cash request; treasury shortfalls separately reported,SHI,CONDITIONAL_FORECAST,BIZ-base-0002244,12,12,2027-12-31,base,FOUNDRY_FIELD,-3600.0000,base-12-PAYMENT_REQUEST-AP-base-11-HOSTING-FF-035,BUSINESS_DRIVEN_FORECAST,foundry-field,2027
BIZ_AP,liability,2026-09-09T00:00:00Z,NONCASH_OR_OPENING,0.0000,1800.0000,Scheduled vendor cash request; treasury shortfalls separately reported,SHI,CONDITIONAL_FORECAST,BIZ-base-0002245,12,12,2027-12-31,base,FOUNDRY_FIELD,1800.0000,base-12-PAYMENT_REQUEST-AP-base-11-HOSTING-FF-036,BUSINESS_DRIVEN_FORECAST,foundry-field,2027
1000,asset,2026-09-09T00:00:00Z,OPERATING,1800.0000,0.0000,Scheduled vendor cash request; treasury shortfalls separately reported,SHI,CONDITIONAL_FORECAST,BIZ-base-0002245,12,12,2027-12-31,base,FOUNDRY_FIELD,-1800.0000,base-12-PAYMENT_REQUEST-AP-base-11-HOSTING-FF-036,BUSINESS_DRIVEN_FORECAST,foundry-field,2027
BIZ_AP,liability,2026-09-09T00:00:00Z,NONCASH_OR_OPENING,0.0000,2400.0000,Scheduled vendor cash request; treasury shortfalls separately reported,SHI,CONDITIONAL_FORECAST,BIZ-base-0002246,12,12,2027-12-31,base,FOUNDRY_FIELD,2400.0000,base-12-PAYMENT_REQUEST-AP-base-11-HOSTING-FF-037,BUSINESS_DRIVEN_FORECAST,foundry-field,2027
1000,asset,2026-09-09T00:00:00Z,OPERATING,2400.0000,0.0000,Scheduled vendor cash request; treasury shortfalls separately reported,SHI,CONDITIONAL_FORECAST,BIZ-base-0002246,12,12,2027-12-31,base,FOUNDRY_FIELD,-2400.0000,base-12-PAYMENT_REQUEST-AP-base-11-HOSTING-FF-037,BUSINESS_DRIVEN_FORECAST,foundry-field,2027
BIZ_AP,liability,2026-09-09T00:00:00Z,NONCASH_OR_OPENING,0.0000,3600.0000,Scheduled vendor cash request; treasury shortfalls separately reported,SHI,CONDITIONAL_FORECAST,BIZ-base-0002247,12,12,2027-12-31,base,FOUNDRY_FIELD,3600.0000,base-12-PAYMENT_REQUEST-AP-base-11-HOSTING-FF-039,BUSINESS_DRIVEN_FORECAST,foundry-field,2027
1000,asset,2026-09-09T00:00:00Z,OPERATING,3600.0000,0.0000,Scheduled vendor cash request; treasury shortfalls separately reported,SHI,CONDITIONAL_FORECAST,BIZ-base-0002247,12,12,2027-12-31,base,FOUNDRY_FIELD,-3600.0000,base-12-PAYMENT_REQUEST-AP-base-11-HOSTING-FF-039,BUSINESS_DRIVEN_FORECAST,foundry-field,2027
BIZ_AP,liability,2026-09-09T00:00:00Z,NONCASH_OR_OPENING,0.0000,1800.0000,Scheduled vendor cash request; treasury shortfalls separately reported,SHI,CONDITIONAL_FORECAST,BIZ-base-0002248,12,12,2027-12-31,base,FOUNDRY_FIELD,1800.0000,base-12-PAYMENT_REQUEST-AP-base-11-HOSTING-FF-040,BUSINESS_DRIVEN_FORECAST,foundry-field,2027
1000,asset,2026-09-09T00:00:00Z,OPERATING,1800.0000,0.0000,Scheduled vendor cash request; treasury shortfalls separately reported,SHI,CONDITIONAL_FORECAST,BIZ-base-0002248,12,12,2027-12-31,base,FOUNDRY_FIELD,-1800.0000,base-12-PAYMENT_REQUEST-AP-base-11-HOSTING-FF-040,BUSINESS_DRIVEN_FORECAST,foundry-field,2027
BIZ_AP,liability,2026-09-09T00:00:00Z,NONCASH_OR_OPENING,0.0000,2400.0000,Scheduled vendor cash request; treasury shortfalls separately reported,SHI,CONDITIONAL_FORECAST,BIZ-base-0002249,12,12,2027-12-31,base,FOUNDRY_FIELD,2400.0000,base-12-PAYMENT_REQUEST-AP-base-11-HOSTING-FF-041,BUSINESS_DRIVEN_FORECAST,foundry-field,2027
1000,asset,2026-09-09T00:00:00Z,OPERATING,2400.0000,0.0000,Scheduled vendor cash request; treasury shortfalls separately reported,SHI,CONDITIONAL_FORECAST,BIZ-base-0002249,12,12,2027-12-31,base,FOUNDRY_FIELD,-2400.0000,base-12-PAYMENT_REQUEST-AP-base-11-HOSTING-FF-041,BUSINESS_DRIVEN_FORECAST,foundry-field,2027
BIZ_PAYROLL,expense,2026-09-09T00:00:00Z,NONCASH_OR_OPENING,0.0000,1945416.6613,Effective-dated occupied-position payroll; conditional treasury settlement,SHI,CONDITIONAL_FORECAST,BIZ-base-0002275,12,12,2027-12-31,base,FOUNDRY_FIELD,1945416.6613,base-12-PAYROLL_REQUEST-foundry-field,BUSINESS_DRIVEN_FORECAST,foundry-field,2027
1000,asset,2026-09-09T00:00:00Z,OPERATING,1945416.6613,0.0000,Effective-dated occupied-position payroll; conditional treasury settlement,SHI,CONDITIONAL_FORECAST,BIZ-base-0002275,12,12,2027-12-31,base,FOUNDRY_FIELD,-1945416.6613,base-12-PAYROLL_REQUEST-foundry-field,BUSINESS_DRIVEN_FORECAST,foundry-field,2027
BIZ_DEFERRED,liability,2026-09-09T00:00:00Z,NONCASH_OR_OPENING,0.0000,125000.0000,Monthly service under effective contract version,SHI,CONDITIONAL_FORECAST,BIZ-base-0002282,12,12,2027-12-31,base,FOUNDRY_FIELD,125000.0000,base-12-SUBSCRIPTION_SERVICE-FF-001,BUSINESS_DRIVEN_FORECAST,foundry-field,2027
BIZ_REVENUE,revenue,2026-09-09T00:00:00Z,NONCASH_OR_OPENING,125000.0000,0.0000,Monthly service under effective contract version,SHI,CONDITIONAL_FORECAST,BIZ-base-0002282,12,12,2027-12-31,base,FOUNDRY_FIELD,-125000.0000,base-12-SUBSCRIPTION_SERVICE-FF-001,BUSINESS_DRIVEN_FORECAST,foundry-field,2027
BIZ_DELIVERY,expense,2026-09-09T00:00:00Z,NONCASH_OR_OPENING,0.0000,2400.0000,Source-driven vendor cost,SHI,CONDITIONAL_FORECAST,BIZ-base-0002283,12,12,2027-12-31,base,FOUNDRY_FIELD,2400.0000,base-12-COST-HOSTING-FF-001,BUSINESS_DRIVEN_FORECAST,foundry-field,2027
BIZ_AP,liability,2026-09-09T00:00:00Z,NONCASH_OR_OPENING,2400.0000,0.0000,Source-driven vendor cost,SHI,CONDITIONAL_FORECAST,BIZ-base-0002283,12,12,2027-12-31,base,FOUNDRY_FIELD,-2400.0000,base-12-COST-HOSTING-FF-001,BUSINESS_DRIVEN_FORECAST,foundry-field,2027
BIZ_DEFERRED,liability,2026-09-09T00:00:00Z,NONCASH_OR_OPENING,0.0000,135000.0000,Monthly service under effective contract version,SHI,CONDITIONAL_FORECAST,BIZ-base-0002284,12,12,2027-12-31,base,FOUNDRY_FIELD,135000.0000,base-12-SUBSCRIPTION_SERVICE-FF-002,BUSINESS_DRIVEN_FORECAST,foundry-field,2027
BIZ_REVENUE,revenue,2026-09-09T00:00:00Z,NONCASH_OR_OPENING,135000.0000,0.0000,Monthly service under effective contract version,SHI,CONDITIONAL_FORECAST,BIZ-base-0002284,12,12,2027-12-31,base,FOUNDRY_FIELD,-135000.0000,base-12-SUBSCRIPTION_SERVICE-FF-002,BUSINESS_DRIVEN_FORECAST,foundry-field,2027
BIZ_DELIVERY,expense,2026-09-09T00:00:00Z,NONCASH_OR_OPENING,0.0000,3000.0000,Source-driven vendor cost,SHI,CONDITIONAL_FORECAST,BIZ-base-0002285,12,12,2027-12-31,base,FOUNDRY_FIELD,3000.0000,base-12-COST-HOSTING-FF-002,BUSINESS_DRIVEN_FORECAST,foundry-field,2027
BIZ_AP,liability,2026-09-09T00:00:00Z,NONCASH_OR_OPENING,3000.0000,0.0000,Source-driven vendor cost,SHI,CONDITIONAL_FORECAST,BIZ-base-0002285,12,12,2027-12-31,base,FOUNDRY_FIELD,-3000.0000,base-12-COST-HOSTING-FF-002,BUSINESS_DRIVEN_FORECAST,foundry-field,2027
BIZ_DEFERRED,liability,2026-09-09T00:00:00Z,NONCASH_OR_OPENING,0.0000,116000.0000,Monthly service under effective contract version,SHI,CONDITIONAL_FORECAST,BIZ-base-0002286,12,12,2027-12-31,base,FOUNDRY_FIELD,116000.0000,base-12-SUBSCRIPTION_SERVICE-FF-003,BUSINESS_DRIVEN_FORECAST,foundry-field,2027
BIZ_REVENUE,revenue,2026-09-09T00:00:00Z,NONCASH_OR_OPENING,116000.0000,0.0000,Monthly service under effective contract version,SHI,CONDITIONAL_FORECAST,BIZ-base-0002286,12,12,2027-12-31,base,FOUNDRY_FIELD,-116000.0000,base-12-SUBSCRIPTION_SERVICE-FF-003,BUSINESS_DRIVEN_FORECAST,foundry-field,2027
BIZ_DELIVERY,expense,2026-09-09T00:00:00Z,NONCASH_OR_OPENING,0.0000,3600.0000,Source-driven vendor cost,SHI,CONDITIONAL_FORECAST,BIZ-base-0002287,12,12,2027-12-31,base,FOUNDRY_FIELD,3600.0000,base-12-COST-HOSTING-FF-003,BUSINESS_DRIVEN_FORECAST,foundry-field,2027
BIZ_AP,liability,2026-09-09T00:00:00Z,NONCASH_OR_OPENING,3600.0000,0.0000,Source-driven vendor cost,SHI,CONDITIONAL_FORECAST,BIZ-base-0002287,12,12,2027-12-31,base,FOUNDRY_FIELD,-3600.0000,base-12-COST-HOSTING-FF-003,BUSINESS_DRIVEN_FORECAST,foundry-field,2027
BIZ_DEFERRED,liability,2026-09-09T00:00:00Z,NONCASH_OR_OPENING,0.0000,100000.0000,Monthly service under effective contract version,SHI,CONDITIONAL_FORECAST,BIZ-base-0002288,12,12,2027-12-31,base,FOUNDRY_FIELD,100000.0000,base-12-SUBSCRIPTION_SERVICE-FF-005,BUSINESS_DRIVEN_FORECAST,foundry-field,2027
BIZ_REVENUE,revenue,2026-09-09T00:00:00Z,NONCASH_OR_OPENING,100000.0000,0.0000,Monthly service under effective contract version,SHI,CONDITIONAL_FORECAST,BIZ-base-0002288,12,12,2027-12-31,base,FOUNDRY_FIELD,-100000.0000,base-12-SUBSCRIPTION_SERVICE-FF-005,BUSINESS_DRIVEN_FORECAST,foundry-field,2027
BIZ_DELIVERY,expense,2026-09-09T00:00:00Z,NONCASH_OR_OPENING,0.0000,2400.0000,Source-driven vendor cost,SHI,CONDITIONAL_FORECAST,BIZ-base-0002289,12,12,2027-12-31,base,FOUNDRY_FIELD,2400.0000,base-12-COST-HOSTING-FF-005,BUSINESS_DRIVEN_FORECAST,foundry-field,2027
BIZ_AP,liability,2026-09-09T00:00:00Z,NONCASH_OR_OPENING,2400.0000,0.0000,Source-driven vendor cost,SHI,CONDITIONAL_FORECAST,BIZ-base-0002289,12,12,2027-12-31,base,FOUNDRY_FIELD,-2400.0000,base-12-COST-HOSTING-FF-005,BUSINESS_DRIVEN_FORECAST,foundry-field,2027
BIZ_DEFERRED,liability,2026-09-09T00:00:00Z,NONCASH_OR_OPENING,0.0000,115000.0000,Monthly service under effective contract version,SHI,CONDITIONAL_FORECAST,BIZ-base-0002290,12,12,2027-12-31,base,FOUNDRY_FIELD,115000.0000,base-12-SUBSCRIPTION_SERVICE-FF-006,BUSINESS_DRIVEN_FORECAST,foundry-field,2027
BIZ_REVENUE,revenue,2026-09-09T00:00:00Z,NONCASH_OR_OPENING,115000.0000,0.0000,Monthly service under effective contract version,SHI,CONDITIONAL_FORECAST,BIZ-base-0002290,12,12,2027-12-31,base,FOUNDRY_FIELD,-115000.0000,base-12-SUBSCRIPTION_SERVICE-FF-006,BUSINESS_DRIVEN_FORECAST,foundry-field,2027
BIZ_DELIVERY,expense,2026-09-09T00:00:00Z,NONCASH_OR_OPENING,0.0000,3000.0000,Source-driven vendor cost,SHI,CONDITIONAL_FORECAST,BIZ-base-0002291,12,12,2027-12-31,base,FOUNDRY_FIELD,3000.0000,base-12-COST-HOSTING-FF-006,BUSINESS_DRIVEN_FORECAST,foundry-field,2027
BIZ_AP,liability,2026-09-09T00:00:00Z,NONCASH_OR_OPENING,3000.0000,0.0000,Source-driven vendor cost,SHI,CONDITIONAL_FORECAST,BIZ-base-0002291,12,12,2027-12-31,base,FOUNDRY_FIELD,-3000.0000,base-12-COST-HOSTING-FF-006,BUSINESS_DRIVEN_FORECAST,foundry-field,2027
BIZ_DEFERRED,liability,2026-09-09T00:00:00Z,NONCASH_OR_OPENING,0.0000,130000.0000,Monthly service under effective contract version,SHI,CONDITIONAL_FORECAST,BIZ-base-0002292,12,12,2027-12-31,base,FOUNDRY_FIELD,130000.0000,base-12-SUBSCRIPTION_SERVICE-FF-007,BUSINESS_DRIVEN_FORECAST,foundry-field,2027
BIZ_REVENUE,revenue,2026-09-09T00:00:00Z,NONCASH_OR_OPENING,130000.0000,0.0000,Monthly service under effective contract version,SHI,CONDITIONAL_FORECAST,BIZ-base-0002292,12,12,2027-12-31,base,FOUNDRY_FIELD,-130000.0000,base-12-SUBSCRIPTION_SERVICE-FF-007,BUSINESS_DRIVEN_FORECAST,foundry-field,2027
BIZ_DELIVERY,expense,2026-09-09T00:00:00Z,NONCASH_OR_OPENING,0.0000,3600.0000,Source-driven vendor cost,SHI,CONDITIONAL_FORECAST,BIZ-base-0002293,12,12,2027-12-31,base,FOUNDRY_FIELD,3600.0000,base-12-COST-HOSTING-FF-007,BUSINESS_DRIVEN_FORECAST,foundry-field,2027
BIZ_AP,liability,2026-09-09T00:00:00Z,NONCASH_OR_OPENING,3600.0000,0.0000,Source-driven vendor cost,SHI,CONDITIONAL_FORECAST,BIZ-base-0002293,12,12,2027-12-31,base,FOUNDRY_FIELD,-3600.0000,base-12-COST-HOSTING-FF-007,BUSINESS_DRIVEN_FORECAST,foundry-field,2027
BIZ_DEFERRED,liability,2026-09-09T00:00:00Z,NONCASH_OR_OPENING,0.0000,145000.0000,Monthly service under effective contract version,SHI,CONDITIONAL_FORECAST,BIZ-base-0002294,12,12,2027-12-31,base,FOUNDRY_FIELD,145000.0000,base-12-SUBSCRIPTION_SERVICE-FF-008,BUSINESS_DRIVEN_FORECAST,foundry-field,2027
BIZ_REVENUE,revenue,2026-09-09T00:00:00Z,NONCASH_OR_OPENING,145000.0000,0.0000,Monthly service under effective contract version,SHI,CONDITIONAL_FORECAST,BIZ-base-0002294,12,12,2027-12-31,base,FOUNDRY_FIELD,-145000.0000,base-12-SUBSCRIPTION_SERVICE-FF-008,BUSINESS_DRIVEN_FORECAST,foundry-field,2027
BIZ_DELIVERY,expense,2026-09-09T00:00:00Z,NONCASH_OR_OPENING,0.0000,1800.0000,Source-driven vendor cost,SHI,CONDITIONAL_FORECAST,BIZ-base-0002295,12,12,2027-12-31,base,FOUNDRY_FIELD,1800.0000,base-12-COST-HOSTING-FF-008,BUSINESS_DRIVEN_FORECAST,foundry-field,2027
BIZ_AP,liability,2026-09-09T00:00:00Z,NONCASH_OR_OPENING,1800.0000,0.0000,Source-driven vendor cost,SHI,CONDITIONAL_FORECAST,BIZ-base-0002295,12,12,2027-12-31,base,FOUNDRY_FIELD,-1800.0000,base-12-COST-HOSTING-FF-008,BUSINESS_DRIVEN_FORECAST,foundry-field,2027
BIZ_DEFERRED,liability,2026-09-09T00:00:00Z,NONCASH_OR_OPENING,0.0000,160000.0000,Monthly service under effective contract version,SHI,CONDITIONAL_FORECAST,BIZ-base-0002296,12,12,2027-12-31,base,FOUNDRY_FIELD,160000.0000,base-12-SUBSCRIPTION_SERVICE-FF-009,BUSINESS_DRIVEN_FORECAST,foundry-field,2027
BIZ_REVENUE,revenue,2026-09-09T00:00:00Z,NONCASH_OR_OPENING,160000.0000,0.0000,Monthly service under effective contract version,SHI,CONDITIONAL_FORECAST,BIZ-base-0002296,12,12,2027-12-31,base,FOUNDRY_FIELD,-160000.0000,base-12-SUBSCRIPTION_SERVICE-FF-009,BUSINESS_DRIVEN_FORECAST,foundry-field,2027
BIZ_DELIVERY,expense,2026-09-09T00:00:00Z,NONCASH_OR_OPENING,0.0000,2400.0000,Source-driven vendor cost,SHI,CONDITIONAL_FORECAST,BIZ-base-0002297,12,12,2027-12-31,base,FOUNDRY_FIELD,2400.0000,base-12-COST-HOSTING-FF-009,BUSINESS_DRIVEN_FORECAST,foundry-field,2027
BIZ_AP,liability,2026-09-09T00:00:00Z,NONCASH_OR_OPENING,2400.0000,0.0000,Source-driven vendor cost,SHI,CONDITIONAL_FORECAST,BIZ-base-0002297,12,12,2027-12-31,base,FOUNDRY_FIELD,-2400.0000,base-12-COST-HOSTING-FF-009,BUSINESS_DRIVEN_FORECAST,foundry-field,2027
BIZ_DEFERRED,liability,2026-09-09T00:00:00Z,NONCASH_OR_OPENING,0.0000,100000.0000,Monthly service under effective contract version,SHI,CONDITIONAL_FORECAST,BIZ-base-0002298,12,12,2027-12-31,base,FOUNDRY_FIELD,100000.0000,base-12-SUBSCRIPTION_SERVICE-FF-010,BUSINESS_DRIVEN_FORECAST,foundry-field,2027
BIZ_REVENUE,revenue,2026-09-09T00:00:00Z,NONCASH_OR_OPENING,100000.0000,0.0000,Monthly service under effective contract version,SHI,CONDITIONAL_FORECAST,BIZ-base-0002298,12,12,2027-12-31,base,FOUNDRY_FIELD,-100000.0000,base-12-SUBSCRIPTION_SERVICE-FF-010,BUSINESS_DRIVEN_FORECAST,foundry-field,2027
BIZ_DELIVERY,expense,2026-09-09T00:00:00Z,NONCASH_OR_OPENING,0.0000,3000.0000,Source-driven vendor cost,SHI,CONDITIONAL_FORECAST,BIZ-base-0002299,12,12,2027-12-31,base,FOUNDRY_FIELD,3000.0000,base-12-COST-HOSTING-FF-010,BUSINESS_DRIVEN_FORECAST,foundry-field,2027
BIZ_AP,liability,2026-09-09T00:00:00Z,NONCASH_OR_OPENING,3000.0000,0.0000,Source-driven vendor cost,SHI,CONDITIONAL_FORECAST,BIZ-base-0002299,12,12,2027-12-31,base,FOUNDRY_FIELD,-3000.0000,base-12-COST-HOSTING-FF-010,BUSINESS_DRIVEN_FORECAST,foundry-field,2027
BIZ_DEFERRED,liability,2026-09-09T00:00:00Z,NONCASH_OR_OPENING,0.0000,115000.0000,Monthly service under effective contract version,SHI,CONDITIONAL_FORECAST,BIZ-base-0002300,12,12,2027-12-31,base,FOUNDRY_FIELD,115000.0000,base-12-SUBSCRIPTION_SERVICE-FF-011,BUSINESS_DRIVEN_FORECAST,foundry-field,2027
BIZ_REVENUE,revenue,2026-09-09T00:00:00Z,NONCASH_OR_OPENING,115000.0000,0.0000,Monthly service under effective contract version,SHI,CONDITIONAL_FORECAST,BIZ-base-0002300,12,12,2027-12-31,base,FOUNDRY_FIELD,-115000.0000,base-12-SUBSCRIPTION_SERVICE-FF-011,BUSINESS_DRIVEN_FORECAST,foundry-field,2027
BIZ_DELIVERY,expense,2026-09-09T00:00:00Z,NONCASH_OR_OPENING,0.0000,3600.0000,Source-driven vendor cost,SHI,CONDITIONAL_FORECAST,BIZ-base-0002301,12,12,2027-12-31,base,FOUNDRY_FIELD,3600.0000,base-12-COST-HOSTING-FF-011,BUSINESS_DRIVEN_FORECAST,foundry-field,2027
BIZ_AP,liability,2026-09-09T00:00:00Z,NONCASH_OR_OPENING,3600.0000,0.0000,Source-driven vendor cost,SHI,CONDITIONAL_FORECAST,BIZ-base-0002301,12,12,2027-12-31,base,FOUNDRY_FIELD,-3600.0000,base-12-COST-HOSTING-FF-011,BUSINESS_DRIVEN_FORECAST,foundry-field,2027
BIZ_DEFERRED,liability,2026-09-09T00:00:00Z,NONCASH_OR_OPENING,0.0000,130000.0000,Monthly service under effective contract version,SHI,CONDITIONAL_FORECAST,BIZ-base-0002302,12,12,2027-12-31,base,FOUNDRY_FIELD,130000.0000,base-12-SUBSCRIPTION_SERVICE-FF-012,BUSINESS_DRIVEN_FORECAST,foundry-field,2027
BIZ_REVENUE,revenue,2026-09-09T00:00:00Z,NONCASH_OR_OPENING,130000.0000,0.0000,Monthly service under effective contract version,SHI,CONDITIONAL_FORECAST,BIZ-base-0002302,12,12,2027-12-31,base,FOUNDRY_FIELD,-130000.0000,base-12-SUBSCRIPTION_SERVICE-FF-012,BUSINESS_DRIVEN_FORECAST,foundry-field,2027
BIZ_DELIVERY,expense,2026-09-09T00:00:00Z,NONCASH_OR_OPENING,0.0000,1800.0000,Source-driven vendor cost,SHI,CONDITIONAL_FORECAST,BIZ-base-0002303,12,12,2027-12-31,base,FOUNDRY_FIELD,1800.0000,base-12-COST-HOSTING-FF-012,BUSINESS_DRIVEN_FORECAST,foundry-field,2027
BIZ_AP,liability,2026-09-09T00:00:00Z,NONCASH_OR_OPENING,1800.0000,0.0000,Source-driven vendor cost,SHI,CONDITIONAL_FORECAST,BIZ-base-0002303,12,12,2027-12-31,base,FOUNDRY_FIELD,-1800.0000,base-12-COST-HOSTING-FF-012,BUSINESS_DRIVEN_FORECAST,foundry-field,2027
BIZ_DEFERRED,liability,2026-09-09T00:00:00Z,NONCASH_OR_OPENING,0.0000,145000.0000,Monthly service under effective contract version,SHI,CONDITIONAL_FORECAST,BIZ-base-0002304,12,12,2027-12-31,base,FOUNDRY_FIELD,145000.0000,base-12-SUBSCRIPTION_SERVICE-FF-013,BUSINESS_DRIVEN_FORECAST,foundry-field,2027
BIZ_REVENUE,revenue,2026-09-09T00:00:00Z,NONCASH_OR_OPENING,145000.0000,0.0000,Monthly service under effective contract version,SHI,CONDITIONAL_FORECAST,BIZ-base-0002304,12,12,2027-12-31,base,FOUNDRY_FIELD,-145000.0000,base-12-SUBSCRIPTION_SERVICE-FF-013,BUSINESS_DRIVEN_FORECAST,foundry-field,2027
BIZ_DELIVERY,expense,2026-09-09T00:00:00Z,NONCASH_OR_OPENING,0.0000,2400.0000,Source-driven vendor cost,SHI,CONDITIONAL_FORECAST,BIZ-base-0002305,12,12,2027-12-31,base,FOUNDRY_FIELD,2400.0000,base-12-COST-HOSTING-FF-013,BUSINESS_DRIVEN_FORECAST,foundry-field,2027
BIZ_AP,liability,2026-09-09T00:00:00Z,NONCASH_OR_OPENING,2400.0000,0.0000,Source-driven vendor cost,SHI,CONDITIONAL_FORECAST,BIZ-base-0002305,12,12,2027-12-31,base,FOUNDRY_FIELD,-2400.0000,base-12-COST-HOSTING-FF-013,BUSINESS_DRIVEN_FORECAST,foundry-field,2027
BIZ_DEFERRED,liability,2026-09-09T00:00:00Z,NONCASH_OR_OPENING,0.0000,160000.0000,Monthly service under effective contract version,SHI,CONDITIONAL_FORECAST,BIZ-base-0002306,12,12,2027-12-31,base,FOUNDRY_FIELD,160000.0000,base-12-SUBSCRIPTION_SERVICE-FF-014,BUSINESS_DRIVEN_FORECAST,foundry-field,2027
BIZ_REVENUE,revenue,2026-09-09T00:00:00Z,NONCASH_OR_OPENING,160000.0000,0.0000,Monthly service under effective contract version,SHI,CONDITIONAL_FORECAST,BIZ-base-0002306,12,12,2027-12-31,base,FOUNDRY_FIELD,-160000.0000,base-12-SUBSCRIPTION_SERVICE-FF-014,BUSINESS_DRIVEN_FORECAST,foundry-field,2027
BIZ_DELIVERY,expense,2026-09-09T00:00:00Z,NONCASH_OR_OPENING,0.0000,3000.0000,Source-driven vendor cost,SHI,CONDITIONAL_FORECAST,BIZ-base-0002307,12,12,2027-12-31,base,FOUNDRY_FIELD,3000.0000,base-12-COST-HOSTING-FF-014,BUSINESS_DRIVEN_FORECAST,foundry-field,2027
BIZ_AP,liability,2026-09-09T00:00:00Z,NONCASH_OR_OPENING,3000.0000,0.0000,Source-driven vendor cost,SHI,CONDITIONAL_FORECAST,BIZ-base-0002307,12,12,2027-12-31,base,FOUNDRY_FIELD,-3000.0000,base-12-COST-HOSTING-FF-014,BUSINESS_DRIVEN_FORECAST,foundry-field,2027
BIZ_DEFERRED,liability,2026-09-09T00:00:00Z,NONCASH_OR_OPENING,0.0000,100000.0000,Monthly service under effective contract version,SHI,CONDITIONAL_FORECAST,BIZ-base-0002308,12,12,2027-12-31,base,FOUNDRY_FIELD,100000.0000,base-12-SUBSCRIPTION_SERVICE-FF-015,BUSINESS_DRIVEN_FORECAST,foundry-field,2027
BIZ_REVENUE,revenue,2026-09-09T00:00:00Z,NONCASH_OR_OPENING,100000.0000,0.0000,Monthly service under effective contract version,SHI,CONDITIONAL_FORECAST,BIZ-base-0002308,12,12,2027-12-31,base,FOUNDRY_FIELD,-100000.0000,base-12-SUBSCRIPTION_SERVICE-FF-015,BUSINESS_DRIVEN_FORECAST,foundry-field,2027
BIZ_DELIVERY,expense,2026-09-09T00:00:00Z,NONCASH_OR_OPENING,0.0000,3600.0000,Source-driven vendor cost,SHI,CONDITIONAL_FORECAST,BIZ-base-0002309,12,12,2027-12-31,base,FOUNDRY_FIELD,3600.0000,base-12-COST-HOSTING-FF-015,BUSINESS_DRIVEN_FORECAST,foundry-field,2027
BIZ_AP,liability,2026-09-09T00:00:00Z,NONCASH_OR_OPENING,3600.0000,0.0000,Source-driven vendor cost,SHI,CONDITIONAL_FORECAST,BIZ-base-0002309,12,12,2027-12-31,base,FOUNDRY_FIELD,-3600.0000,base-12-COST-HOSTING-FF-015,BUSINESS_DRIVEN_FORECAST,foundry-field,2027
BIZ_DEFERRED,liability,2026-09-09T00:00:00Z,NONCASH_OR_OPENING,0.0000,115000.0000,Monthly service under effective contract version,SHI,CONDITIONAL_FORECAST,BIZ-base-0002310,12,12,2027-12-31,base,FOUNDRY_FIELD,115000.0000,base-12-SUBSCRIPTION_SERVICE-FF-016,BUSINESS_DRIVEN_FORECAST,foundry-field,2027
BIZ_REVENUE,revenue,2026-09-09T00:00:00Z,NONCASH_OR_OPENING,115000.0000,0.0000,Monthly service under effective contract version,SHI,CONDITIONAL_FORECAST,BIZ-base-0002310,12,12,2027-12-31,base,FOUNDRY_FIELD,-115000.0000,base-12-SUBSCRIPTION_SERVICE-FF-016,BUSINESS_DRIVEN_FORECAST,foundry-field,2027
BIZ_DELIVERY,expense,2026-09-09T00:00:00Z,NONCASH_OR_OPENING,0.0000,1800.0000,Source-driven vendor cost,SHI,CONDITIONAL_FORECAST,BIZ-base-0002311,12,12,2027-12-31,base,FOUNDRY_FIELD,1800.0000,base-12-COST-HOSTING-FF-016,BUSINESS_DRIVEN_FORECAST,foundry-field,2027
BIZ_AP,liability,2026-09-09T00:00:00Z,NONCASH_OR_OPENING,1800.0000,0.0000,Source-driven vendor cost,SHI,CONDITIONAL_FORECAST,BIZ-base-0002311,12,12,2027-12-31,base,FOUNDRY_FIELD,-1800.0000,base-12-COST-HOSTING-FF-016,BUSINESS_DRIVEN_FORECAST,foundry-field,2027
BIZ_DEFERRED,liability,2026-09-09T00:00:00Z,NONCASH_OR_OPENING,0.0000,130000.0000,Monthly service under effective contract version,SHI,CONDITIONAL_FORECAST,BIZ-base-0002312,12,12,2027-12-31,base,FOUNDRY_FIELD,130000.0000,base-12-SUBSCRIPTION_SERVICE-FF-017,BUSINESS_DRIVEN_FORECAST,foundry-field,2027
BIZ_REVENUE,revenue,2026-09-09T00:00:00Z,NONCASH_OR_OPENING,130000.0000,0.0000,Monthly service under effective contract version,SHI,CONDITIONAL_FORECAST,BIZ-base-0002312,12,12,2027-12-31,base,FOUNDRY_FIELD,-130000.0000,base-12-SUBSCRIPTION_SERVICE-FF-017,BUSINESS_DRIVEN_FORECAST,foundry-field,2027
BIZ_DELIVERY,expense,2026-09-09T00:00:00Z,NONCASH_OR_OPENING,0.0000,2400.0000,Source-driven vendor cost,SHI,CONDITIONAL_FORECAST,BIZ-base-0002313,12,12,2027-12-31,base,FOUNDRY_FIELD,2400.0000,base-12-COST-HOSTING-FF-017,BUSINESS_DRIVEN_FORECAST,foundry-field,2027
BIZ_AP,liability,2026-09-09T00:00:00Z,NONCASH_OR_OPENING,2400.0000,0.0000,Source-driven vendor cost,SHI,CONDITIONAL_FORECAST,BIZ-base-0002313,12,12,2027-12-31,base,FOUNDRY_FIELD,-2400.0000,base-12-COST-HOSTING-FF-017,BUSINESS_DRIVEN_FORECAST,foundry-field,2027
BIZ_DEFERRED,liability,2026-09-09T00:00:00Z,NONCASH_OR_OPENING,0.0000,145000.0000,Monthly service under effective contract version,SHI,CONDITIONAL_FORECAST,BIZ-base-0002314,12,12,2027-12-31,base,FOUNDRY_FIELD,145000.0000,base-12-SUBSCRIPTION_SERVICE-FF-018,BUSINESS_DRIVEN_FORECAST,foundry-field,2027
BIZ_REVENUE,revenue,2026-09-09T00:00:00Z,NONCASH_OR_OPENING,145000.0000,0.0000,Monthly service under effective contract version,SHI,CONDITIONAL_FORECAST,BIZ-base-0002314,12,12,2027-12-31,base,FOUNDRY_FIELD,-145000.0000,base-12-SUBSCRIPTION_SERVICE-FF-018,BUSINESS_DRIVEN_FORECAST,foundry-field,2027
BIZ_DELIVERY,expense,2026-09-09T00:00:00Z,NONCASH_OR_OPENING,0.0000,3000.0000,Source-driven vendor cost,SHI,CONDITIONAL_FORECAST,BIZ-base-0002315,12,12,2027-12-31,base,FOUNDRY_FIELD,3000.0000,base-12-COST-HOSTING-FF-018,BUSINESS_DRIVEN_FORECAST,foundry-field,2027
BIZ_AP,liability,2026-09-09T00:00:00Z,NONCASH_OR_OPENING,3000.0000,0.0000,Source-driven vendor cost,SHI,CONDITIONAL_FORECAST,BIZ-base-0002315,12,12,2027-12-31,base,FOUNDRY_FIELD,-3000.0000,base-12-COST-HOSTING-FF-018,BUSINESS_DRIVEN_FORECAST,foundry-field,2027
BIZ_DEFERRED,liability,2026-09-09T00:00:00Z,NONCASH_OR_OPENING,0.0000,160000.0000,Monthly service under effective contract version,SHI,CONDITIONAL_FORECAST,BIZ-base-0002316,12,12,2027-12-31,base,FOUNDRY_FIELD,160000.0000,base-12-SUBSCRIPTION_SERVICE-FF-019,BUSINESS_DRIVEN_FORECAST,foundry-field,2027
BIZ_REVENUE,revenue,2026-09-09T00:00:00Z,NONCASH_OR_OPENING,160000.0000,0.0000,Monthly service under effective contract version,SHI,CONDITIONAL_FORECAST,BIZ-base-0002316,12,12,2027-12-31,base,FOUNDRY_FIELD,-160000.0000,base-12-SUBSCRIPTION_SERVICE-FF-019,BUSINESS_DRIVEN_FORECAST,foundry-field,2027
BIZ_DELIVERY,expense,2026-09-09T00:00:00Z,NONCASH_OR_OPENING,0.0000,3600.0000,Source-driven vendor cost,SHI,CONDITIONAL_FORECAST,BIZ-base-0002317,12,12,2027-12-31,base,FOUNDRY_FIELD,3600.0000,base-12-COST-HOSTING-FF-019,BUSINESS_DRIVEN_FORECAST,foundry-field,2027
BIZ_AP,liability,2026-09-09T00:00:00Z,NONCASH_OR_OPENING,3600.0000,0.0000,Source-driven vendor cost,SHI,CONDITIONAL_FORECAST,BIZ-base-0002317,12,12,2027-12-31,base,FOUNDRY_FIELD,-3600.0000,base-12-COST-HOSTING-FF-019,BUSINESS_DRIVEN_FORECAST,foundry-field,2027
BIZ_DEFERRED,liability,2026-09-09T00:00:00Z,NONCASH_OR_OPENING,0.0000,100000.0000,Monthly service under effective contract version,SHI,CONDITIONAL_FORECAST,BIZ-base-0002318,12,12,2027-12-31,base,FOUNDRY_FIELD,100000.0000,base-12-SUBSCRIPTION_SERVICE-FF-020,BUSINESS_DRIVEN_FORECAST,foundry-field,2027
BIZ_REVENUE,revenue,2026-09-09T00:00:00Z,NONCASH_OR_OPENING,100000.0000,0.0000,Monthly service under effective contract version,SHI,CONDITIONAL_FORECAST,BIZ-base-0002318,12,12,2027-12-31,base,FOUNDRY_FIELD,-100000.0000,base-12-SUBSCRIPTION_SERVICE-FF-020,BUSINESS_DRIVEN_FORECAST,foundry-field,2027
BIZ_DELIVERY,expense,2026-09-09T00:00:00Z,NONCASH_OR_OPENING,0.0000,1800.0000,Source-driven vendor cost,SHI,CONDITIONAL_FORECAST,BIZ-base-0002319,12,12,2027-12-31,base,FOUNDRY_FIELD,1800.0000,base-12-COST-HOSTING-FF-020,BUSINESS_DRIVEN_FORECAST,foundry-field,2027
BIZ_AP,liability,2026-09-09T00:00:00Z,NONCASH_OR_OPENING,1800.0000,0.0000,Source-driven vendor cost,SHI,CONDITIONAL_FORECAST,BIZ-base-0002319,12,12,2027-12-31,base,FOUNDRY_FIELD,-1800.0000,base-12-COST-HOSTING-FF-020,BUSINESS_DRIVEN_FORECAST,foundry-field,2027
BIZ_DEFERRED,liability,2026-09-09T00:00:00Z,NONCASH_OR_OPENING,0.0000,115000.0000,Monthly service under effective contract version,SHI,CONDITIONAL_FORECAST,BIZ-base-0002320,12,12,2027-12-31,base,FOUNDRY_FIELD,115000.0000,base-12-SUBSCRIPTION_SERVICE-FF-021,BUSINESS_DRIVEN_FORECAST,foundry-field,2027
BIZ_REVENUE,revenue,2026-09-09T00:00:00Z,NONCASH_OR_OPENING,115000.0000,0.0000,Monthly service under effective contract version,SHI,CONDITIONAL_FORECAST,BIZ-base-0002320,12,12,2027-12-31,base,FOUNDRY_FIELD,-115000.0000,base-12-SUBSCRIPTION_SERVICE-FF-021,BUSINESS_DRIVEN_FORECAST,foundry-field,2027
BIZ_DELIVERY,expense,2026-09-09T00:00:00Z,NONCASH_OR_OPENING,0.0000,2400.0000,Source-driven vendor cost,SHI,CONDITIONAL_FORECAST,BIZ-base-0002321,12,12,2027-12-31,base,FOUNDRY_FIELD,2400.0000,base-12-COST-HOSTING-FF-021,BUSINESS_DRIVEN_FORECAST,foundry-field,2027
BIZ_AP,liability,2026-09-09T00:00:00Z,NONCASH_OR_OPENING,2400.0000,0.0000,Source-driven vendor cost,SHI,CONDITIONAL_FORECAST,BIZ-base-0002321,12,12,2027-12-31,base,FOUNDRY_FIELD,-2400.0000,base-12-COST-HOSTING-FF-021,BUSINESS_DRIVEN_FORECAST,foundry-field,2027
BIZ_DEFERRED,liability,2026-09-09T00:00:00Z,NONCASH_OR_OPENING,0.0000,130000.0000,Monthly service under effective contract version,SHI,CONDITIONAL_FORECAST,BIZ-base-0002322,12,12,2027-12-31,base,FOUNDRY_FIELD,130000.0000,base-12-SUBSCRIPTION_SERVICE-FF-022,BUSINESS_DRIVEN_FORECAST,foundry-field,2027
BIZ_REVENUE,revenue,2026-09-09T00:00:00Z,NONCASH_OR_OPENING,130000.0000,0.0000,Monthly service under effective contract version,SHI,CONDITIONAL_FORECAST,BIZ-base-0002322,12,12,2027-12-31,base,FOUNDRY_FIELD,-130000.0000,base-12-SUBSCRIPTION_SERVICE-FF-022,BUSINESS_DRIVEN_FORECAST,foundry-field,2027
BIZ_DELIVERY,expense,2026-09-09T00:00:00Z,NONCASH_OR_OPENING,0.0000,3000.0000,Source-driven vendor cost,SHI,CONDITIONAL_FORECAST,BIZ-base-0002323,12,12,2027-12-31,base,FOUNDRY_FIELD,3000.0000,base-12-COST-HOSTING-FF-022,BUSINESS_DRIVEN_FORECAST,foundry-field,2027
BIZ_AP,liability,2026-09-09T00:00:00Z,NONCASH_OR_OPENING,3000.0000,0.0000,Source-driven vendor cost,SHI,CONDITIONAL_FORECAST,BIZ-base-0002323,12,12,2027-12-31,base,FOUNDRY_FIELD,-3000.0000,base-12-COST-HOSTING-FF-022,BUSINESS_DRIVEN_FORECAST,foundry-field,2027
BIZ_DEFERRED,liability,2026-09-09T00:00:00Z,NONCASH_OR_OPENING,0.0000,145000.0000,Monthly service under effective contract version,SHI,CONDITIONAL_FORECAST,BIZ-base-0002324,12,12,2027-12-31,base,FOUNDRY_FIELD,145000.0000,base-12-SUBSCRIPTION_SERVICE-FF-023,BUSINESS_DRIVEN_FORECAST,foundry-field,2027
BIZ_REVENUE,revenue,2026-09-09T00:00:00Z,NONCASH_OR_OPENING,145000.0000,0.0000,Monthly service under effective contract version,SHI,CONDITIONAL_FORECAST,BIZ-base-0002324,12,12,2027-12-31,base,FOUNDRY_FIELD,-145000.0000,base-12-SUBSCRIPTION_SERVICE-FF-023,BUSINESS_DRIVEN_FORECAST,foundry-field,2027
BIZ_DELIVERY,expense,2026-09-09T00:00:00Z,NONCASH_OR_OPENING,0.0000,3600.0000,Source-driven vendor cost,SHI,CONDITIONAL_FORECAST,BIZ-base-0002325,12,12,2027-12-31,base,FOUNDRY_FIELD,3600.0000,base-12-COST-HOSTING-FF-023,BUSINESS_DRIVEN_FORECAST,foundry-field,2027
BIZ_AP,liability,2026-09-09T00:00:00Z,NONCASH_OR_OPENING,3600.0000,0.0000,Source-driven vendor cost,SHI,CONDITIONAL_FORECAST,BIZ-base-0002325,12,12,2027-12-31,base,FOUNDRY_FIELD,-3600.0000,base-12-COST-HOSTING-FF-023,BUSINESS_DRIVEN_FORECAST,foundry-field,2027
BIZ_DEFERRED,liability,2026-09-09T00:00:00Z,NONCASH_OR_OPENING,0.0000,160000.0000,Monthly service under effective contract version,SHI,CONDITIONAL_FORECAST,BIZ-base-0002326,12,12,2027-12-31,base,FOUNDRY_FIELD,160000.0000,base-12-SUBSCRIPTION_SERVICE-FF-024,BUSINESS_DRIVEN_FORECAST,foundry-field,2027
BIZ_REVENUE,revenue,2026-09-09T00:00:00Z,NONCASH_OR_OPENING,160000.0000,0.0000,Monthly service under effective contract version,SHI,CONDITIONAL_FORECAST,BIZ-base-0002326,12,12,2027-12-31,base,FOUNDRY_FIELD,-160000.0000,base-12-SUBSCRIPTION_SERVICE-FF-024,BUSINESS_DRIVEN_FORECAST,foundry-field,2027
BIZ_DELIVERY,expense,2026-09-09T00:00:00Z,NONCASH_OR_OPENING,0.0000,1800.0000,Source-driven vendor cost,SHI,CONDITIONAL_FORECAST,BIZ-base-0002327,12,12,2027-12-31,base,FOUNDRY_FIELD,1800.0000,base-12-COST-HOSTING-FF-024,BUSINESS_DRIVEN_FORECAST,foundry-field,2027
BIZ_AP,liability,2026-09-09T00:00:00Z,NONCASH_OR_OPENING,1800.0000,0.0000,Source-driven vendor cost,SHI,CONDITIONAL_FORECAST,BIZ-base-0002327,12,12,2027-12-31,base,FOUNDRY_FIELD,-1800.0000,base-12-COST-HOSTING-FF-024,BUSINESS_DRIVEN_FORECAST,foundry-field,2027
BIZ_DEFERRED,liability,2026-09-09T00:00:00Z,NONCASH_OR_OPENING,0.0000,100000.0000,Monthly service under effective contract version,SHI,CONDITIONAL_FORECAST,BIZ-base-0002328,12,12,2027-12-31,base,FOUNDRY_FIELD,100000.0000,base-12-SUBSCRIPTION_SERVICE-FF-025,BUSINESS_DRIVEN_FORECAST,foundry-field,2027
BIZ_REVENUE,revenue,2026-09-09T00:00:00Z,NONCASH_OR_OPENING,100000.0000,0.0000,Monthly service under effective contract version,SHI,CONDITIONAL_FORECAST,BIZ-base-0002328,12,12,2027-12-31,base,FOUNDRY_FIELD,-100000.0000,base-12-SUBSCRIPTION_SERVICE-FF-025,BUSINESS_DRIVEN_FORECAST,foundry-field,2027
BIZ_DELIVERY,expense,2026-09-09T00:00:00Z,NONCASH_OR_OPENING,0.0000,2400.0000,Source-driven vendor cost,SHI,CONDITIONAL_FORECAST,BIZ-base-0002329,12,12,2027-12-31,base,FOUNDRY_FIELD,2400.0000,base-12-COST-HOSTING-FF-025,BUSINESS_DRIVEN_FORECAST,foundry-field,2027
BIZ_AP,liability,2026-09-09T00:00:00Z,NONCASH_OR_OPENING,2400.0000,0.0000,Source-driven vendor cost,SHI,CONDITIONAL_FORECAST,BIZ-base-0002329,12,12,2027-12-31,base,FOUNDRY_FIELD,-2400.0000,base-12-COST-HOSTING-FF-025,BUSINESS_DRIVEN_FORECAST,foundry-field,2027
BIZ_DEFERRED,liability,2026-09-09T00:00:00Z,NONCASH_OR_OPENING,0.0000,115000.0000,Monthly service under effective contract version,SHI,CONDITIONAL_FORECAST,BIZ-base-0002330,12,12,2027-12-31,base,FOUNDRY_FIELD,115000.0000,base-12-SUBSCRIPTION_SERVICE-FF-026,BUSINESS_DRIVEN_FORECAST,foundry-field,2027
BIZ_REVENUE,revenue,2026-09-09T00:00:00Z,NONCASH_OR_OPENING,115000.0000,0.0000,Monthly service under effective contract version,SHI,CONDITIONAL_FORECAST,BIZ-base-0002330,12,12,2027-12-31,base,FOUNDRY_FIELD,-115000.0000,base-12-SUBSCRIPTION_SERVICE-FF-026,BUSINESS_DRIVEN_FORECAST,foundry-field,2027
BIZ_DELIVERY,expense,2026-09-09T00:00:00Z,NONCASH_OR_OPENING,0.0000,3000.0000,Source-driven vendor cost,SHI,CONDITIONAL_FORECAST,BIZ-base-0002331,12,12,2027-12-31,base,FOUNDRY_FIELD,3000.0000,base-12-COST-HOSTING-FF-026,BUSINESS_DRIVEN_FORECAST,foundry-field,2027
BIZ_AP,liability,2026-09-09T00:00:00Z,NONCASH_OR_OPENING,3000.0000,0.0000,Source-driven vendor cost,SHI,CONDITIONAL_FORECAST,BIZ-base-0002331,12,12,2027-12-31,base,FOUNDRY_FIELD,-3000.0000,base-12-COST-HOSTING-FF-026,BUSINESS_DRIVEN_FORECAST,foundry-field,2027
BIZ_DEFERRED,liability,2026-09-09T00:00:00Z,NONCASH_OR_OPENING,0.0000,130000.0000,Monthly service under effective contract version,SHI,CONDITIONAL_FORECAST,BIZ-base-0002332,12,12,2027-12-31,base,FOUNDRY_FIELD,130000.0000,base-12-SUBSCRIPTION_SERVICE-FF-027,BUSINESS_DRIVEN_FORECAST,foundry-field,2027
BIZ_REVENUE,revenue,2026-09-09T00:00:00Z,NONCASH_OR_OPENING,130000.0000,0.0000,Monthly service under effective contract version,SHI,CONDITIONAL_FORECAST,BIZ-base-0002332,12,12,2027-12-31,base,FOUNDRY_FIELD,-130000.0000,base-12-SUBSCRIPTION_SERVICE-FF-027,BUSINESS_DRIVEN_FORECAST,foundry-field,2027
BIZ_DELIVERY,expense,2026-09-09T00:00:00Z,NONCASH_OR_OPENING,0.0000,3600.0000,Source-driven vendor cost,SHI,CONDITIONAL_FORECAST,BIZ-base-0002333,12,12,2027-12-31,base,FOUNDRY_FIELD,3600.0000,base-12-COST-HOSTING-FF-027,BUSINESS_DRIVEN_FORECAST,foundry-field,2027
BIZ_AP,liability,2026-09-09T00:00:00Z,NONCASH_OR_OPENING,3600.0000,0.0000,Source-driven vendor cost,SHI,CONDITIONAL_FORECAST,BIZ-base-0002333,12,12,2027-12-31,base,FOUNDRY_FIELD,-3600.0000,base-12-COST-HOSTING-FF-027,BUSINESS_DRIVEN_FORECAST,foundry-field,2027
BIZ_DEFERRED,liability,2026-09-09T00:00:00Z,NONCASH_OR_OPENING,0.0000,145000.0000,Monthly service under effective contract version,SHI,CONDITIONAL_FORECAST,BIZ-base-0002334,12,12,2027-12-31,base,FOUNDRY_FIELD,145000.0000,base-12-SUBSCRIPTION_SERVICE-FF-028,BUSINESS_DRIVEN_FORECAST,foundry-field,2027
BIZ_REVENUE,revenue,2026-09-09T00:00:00Z,NONCASH_OR_OPENING,145000.0000,0.0000,Monthly service under effective contract version,SHI,CONDITIONAL_FORECAST,BIZ-base-0002334,12,12,2027-12-31,base,FOUNDRY_FIELD,-145000.0000,base-12-SUBSCRIPTION_SERVICE-FF-028,BUSINESS_DRIVEN_FORECAST,foundry-field,2027
BIZ_DELIVERY,expense,2026-09-09T00:00:00Z,NONCASH_OR_OPENING,0.0000,1800.0000,Source-driven vendor cost,SHI,CONDITIONAL_FORECAST,BIZ-base-0002335,12,12,2027-12-31,base,FOUNDRY_FIELD,1800.0000,base-12-COST-HOSTING-FF-028,BUSINESS_DRIVEN_FORECAST,foundry-field,2027
BIZ_AP,liability,2026-09-09T00:00:00Z,NONCASH_OR_OPENING,1800.0000,0.0000,Source-driven vendor cost,SHI,CONDITIONAL_FORECAST,BIZ-base-0002335,12,12,2027-12-31,base,FOUNDRY_FIELD,-1800.0000,base-12-COST-HOSTING-FF-028,BUSINESS_DRIVEN_FORECAST,foundry-field,2027
BIZ_DEFERRED,liability,2026-09-09T00:00:00Z,NONCASH_OR_OPENING,0.0000,160000.0000,Monthly service under effective contract version,SHI,CONDITIONAL_FORECAST,BIZ-base-0002336,12,12,2027-12-31,base,FOUNDRY_FIELD,160000.0000,base-12-SUBSCRIPTION_SERVICE-FF-029,BUSINESS_DRIVEN_FORECAST,foundry-field,2027
BIZ_REVENUE,revenue,2026-09-09T00:00:00Z,NONCASH_OR_OPENING,160000.0000,0.0000,Monthly service under effective contract version,SHI,CONDITIONAL_FORECAST,BIZ-base-0002336,12,12,2027-12-31,base,FOUNDRY_FIELD,-160000.0000,base-12-SUBSCRIPTION_SERVICE-FF-029,BUSINESS_DRIVEN_FORECAST,foundry-field,2027
BIZ_DELIVERY,expense,2026-09-09T00:00:00Z,NONCASH_OR_OPENING,0.0000,2400.0000,Source-driven vendor cost,SHI,CONDITIONAL_FORECAST,BIZ-base-0002337,12,12,2027-12-31,base,FOUNDRY_FIELD,2400.0000,base-12-COST-HOSTING-FF-029,BUSINESS_DRIVEN_FORECAST,foundry-field,2027
BIZ_AP,liability,2026-09-09T00:00:00Z,NONCASH_OR_OPENING,2400.0000,0.0000,Source-driven vendor cost,SHI,CONDITIONAL_FORECAST,BIZ-base-0002337,12,12,2027-12-31,base,FOUNDRY_FIELD,-2400.0000,base-12-COST-HOSTING-FF-029,BUSINESS_DRIVEN_FORECAST,foundry-field,2027
BIZ_DEFERRED,liability,2026-09-09T00:00:00Z,NONCASH_OR_OPENING,0.0000,100000.0000,Monthly service under effective contract version,SHI,CONDITIONAL_FORECAST,BIZ-base-0002338,12,12,2027-12-31,base,FOUNDRY_FIELD,100000.0000,base-12-SUBSCRIPTION_SERVICE-FF-030,BUSINESS_DRIVEN_FORECAST,foundry-field,2027
BIZ_REVENUE,revenue,2026-09-09T00:00:00Z,NONCASH_OR_OPENING,100000.0000,0.0000,Monthly service under effective contract version,SHI,CONDITIONAL_FORECAST,BIZ-base-0002338,12,12,2027-12-31,base,FOUNDRY_FIELD,-100000.0000,base-12-SUBSCRIPTION_SERVICE-FF-030,BUSINESS_DRIVEN_FORECAST,foundry-field,2027
BIZ_DELIVERY,expense,2026-09-09T00:00:00Z,NONCASH_OR_OPENING,0.0000,3000.0000,Source-driven vendor cost,SHI,CONDITIONAL_FORECAST,BIZ-base-0002339,12,12,2027-12-31,base,FOUNDRY_FIELD,3000.0000,base-12-COST-HOSTING-FF-030,BUSINESS_DRIVEN_FORECAST,foundry-field,2027
BIZ_AP,liability,2026-09-09T00:00:00Z,NONCASH_OR_OPENING,3000.0000,0.0000,Source-driven vendor cost,SHI,CONDITIONAL_FORECAST,BIZ-base-0002339,12,12,2027-12-31,base,FOUNDRY_FIELD,-3000.0000,base-12-COST-HOSTING-FF-030,BUSINESS_DRIVEN_FORECAST,foundry-field,2027
BIZ_DEFERRED,liability,2026-09-09T00:00:00Z,NONCASH_OR_OPENING,0.0000,115000.0000,Monthly service under effective contract version,SHI,CONDITIONAL_FORECAST,BIZ-base-0002340,12,12,2027-12-31,base,FOUNDRY_FIELD,115000.0000,base-12-SUBSCRIPTION_SERVICE-FF-031,BUSINESS_DRIVEN_FORECAST,foundry-field,2027
BIZ_REVENUE,revenue,2026-09-09T00:00:00Z,NONCASH_OR_OPENING,115000.0000,0.0000,Monthly service under effective contract version,SHI,CONDITIONAL_FORECAST,BIZ-base-0002340,12,12,2027-12-31,base,FOUNDRY_FIELD,-115000.0000,base-12-SUBSCRIPTION_SERVICE-FF-031,BUSINESS_DRIVEN_FORECAST,foundry-field,2027
BIZ_DELIVERY,expense,2026-09-09T00:00:00Z,NONCASH_OR_OPENING,0.0000,3600.0000,Source-driven vendor cost,SHI,CONDITIONAL_FORECAST,BIZ-base-0002341,12,12,2027-12-31,base,FOUNDRY_FIELD,3600.0000,base-12-COST-HOSTING-FF-031,BUSINESS_DRIVEN_FORECAST,foundry-field,2027
BIZ_AP,liability,2026-09-09T00:00:00Z,NONCASH_OR_OPENING,3600.0000,0.0000,Source-driven vendor cost,SHI,CONDITIONAL_FORECAST,BIZ-base-0002341,12,12,2027-12-31,base,FOUNDRY_FIELD,-3600.0000,base-12-COST-HOSTING-FF-031,BUSINESS_DRIVEN_FORECAST,foundry-field,2027
BIZ_DEFERRED,liability,2026-09-09T00:00:00Z,NONCASH_OR_OPENING,0.0000,130000.0000,Monthly service under effective contract version,SHI,CONDITIONAL_FORECAST,BIZ-base-0002342,12,12,2027-12-31,base,FOUNDRY_FIELD,130000.0000,base-12-SUBSCRIPTION_SERVICE-FF-032,BUSINESS_DRIVEN_FORECAST,foundry-field,2027
BIZ_REVENUE,revenue,2026-09-09T00:00:00Z,NONCASH_OR_OPENING,130000.0000,0.0000,Monthly service under effective contract version,SHI,CONDITIONAL_FORECAST,BIZ-base-0002342,12,12,2027-12-31,base,FOUNDRY_FIELD,-130000.0000,base-12-SUBSCRIPTION_SERVICE-FF-032,BUSINESS_DRIVEN_FORECAST,foundry-field,2027
BIZ_DELIVERY,expense,2026-09-09T00:00:00Z,NONCASH_OR_OPENING,0.0000,1800.0000,Source-driven vendor cost,SHI,CONDITIONAL_FORECAST,BIZ-base-0002343,12,12,2027-12-31,base,FOUNDRY_FIELD,1800.0000,base-12-COST-HOSTING-FF-032,BUSINESS_DRIVEN_FORECAST,foundry-field,2027
BIZ_AP,liability,2026-09-09T00:00:00Z,NONCASH_OR_OPENING,1800.0000,0.0000,Source-driven vendor cost,SHI,CONDITIONAL_FORECAST,BIZ-base-0002343,12,12,2027-12-31,base,FOUNDRY_FIELD,-1800.0000,base-12-COST-HOSTING-FF-032,BUSINESS_DRIVEN_FORECAST,foundry-field,2027
BIZ_DEFERRED,liability,2026-09-09T00:00:00Z,NONCASH_OR_OPENING,0.0000,145000.0000,Monthly service under effective contract version,SHI,CONDITIONAL_FORECAST,BIZ-base-0002344,12,12,2027-12-31,base,FOUNDRY_FIELD,145000.0000,base-12-SUBSCRIPTION_SERVICE-FF-033,BUSINESS_DRIVEN_FORECAST,foundry-field,2027
BIZ_REVENUE,revenue,2026-09-09T00:00:00Z,NONCASH_OR_OPENING,145000.0000,0.0000,Monthly service under effective contract version,SHI,CONDITIONAL_FORECAST,BIZ-base-0002344,12,12,2027-12-31,base,FOUNDRY_FIELD,-145000.0000,base-12-SUBSCRIPTION_SERVICE-FF-033,BUSINESS_DRIVEN_FORECAST,foundry-field,2027
BIZ_DELIVERY,expense,2026-09-09T00:00:00Z,NONCASH_OR_OPENING,0.0000,2400.0000,Source-driven vendor cost,SHI,CONDITIONAL_FORECAST,BIZ-base-0002345,12,12,2027-12-31,base,FOUNDRY_FIELD,2400.0000,base-12-COST-HOSTING-FF-033,BUSINESS_DRIVEN_FORECAST,foundry-field,2027
BIZ_AP,liability,2026-09-09T00:00:00Z,NONCASH_OR_OPENING,2400.0000,0.0000,Source-driven vendor cost,SHI,CONDITIONAL_FORECAST,BIZ-base-0002345,12,12,2027-12-31,base,FOUNDRY_FIELD,-2400.0000,base-12-COST-HOSTING-FF-033,BUSINESS_DRIVEN_FORECAST,foundry-field,2027
BIZ_DEFERRED,liability,2026-09-09T00:00:00Z,NONCASH_OR_OPENING,0.0000,160000.0000,Monthly service under effective contract version,SHI,CONDITIONAL_FORECAST,BIZ-base-0002346,12,12,2027-12-31,base,FOUNDRY_FIELD,160000.0000,base-12-SUBSCRIPTION_SERVICE-FF-034,BUSINESS_DRIVEN_FORECAST,foundry-field,2027
BIZ_REVENUE,revenue,2026-09-09T00:00:00Z,NONCASH_OR_OPENING,160000.0000,0.0000,Monthly service under effective contract version,SHI,CONDITIONAL_FORECAST,BIZ-base-0002346,12,12,2027-12-31,base,FOUNDRY_FIELD,-160000.0000,base-12-SUBSCRIPTION_SERVICE-FF-034,BUSINESS_DRIVEN_FORECAST,foundry-field,2027
BIZ_DELIVERY,expense,2026-09-09T00:00:00Z,NONCASH_OR_OPENING,0.0000,3000.0000,Source-driven vendor cost,SHI,CONDITIONAL_FORECAST,BIZ-base-0002347,12,12,2027-12-31,base,FOUNDRY_FIELD,3000.0000,base-12-COST-HOSTING-FF-034,BUSINESS_DRIVEN_FORECAST,foundry-field,2027
BIZ_AP,liability,2026-09-09T00:00:00Z,NONCASH_OR_OPENING,3000.0000,0.0000,Source-driven vendor cost,SHI,CONDITIONAL_FORECAST,BIZ-base-0002347,12,12,2027-12-31,base,FOUNDRY_FIELD,-3000.0000,base-12-COST-HOSTING-FF-034,BUSINESS_DRIVEN_FORECAST,foundry-field,2027
BIZ_DEFERRED,liability,2026-09-09T00:00:00Z,NONCASH_OR_OPENING,0.0000,100000.0000,Monthly service under effective contract version,SHI,CONDITIONAL_FORECAST,BIZ-base-0002348,12,12,2027-12-31,base,FOUNDRY_FIELD,100000.0000,base-12-SUBSCRIPTION_SERVICE-FF-035,BUSINESS_DRIVEN_FORECAST,foundry-field,2027
BIZ_REVENUE,revenue,2026-09-09T00:00:00Z,NONCASH_OR_OPENING,100000.0000,0.0000,Monthly service under effective contract version,SHI,CONDITIONAL_FORECAST,BIZ-base-0002348,12,12,2027-12-31,base,FOUNDRY_FIELD,-100000.0000,base-12-SUBSCRIPTION_SERVICE-FF-035,BUSINESS_DRIVEN_FORECAST,foundry-field,2027
BIZ_DELIVERY,expense,2026-09-09T00:00:00Z,NONCASH_OR_OPENING,0.0000,3600.0000,Source-driven vendor cost,SHI,CONDITIONAL_FORECAST,BIZ-base-0002349,12,12,2027-12-31,base,FOUNDRY_FIELD,3600.0000,base-12-COST-HOSTING-FF-035,BUSINESS_DRIVEN_FORECAST,foundry-field,2027
BIZ_AP,liability,2026-09-09T00:00:00Z,NONCASH_OR_OPENING,3600.0000,0.0000,Source-driven vendor cost,SHI,CONDITIONAL_FORECAST,BIZ-base-0002349,12,12,2027-12-31,base,FOUNDRY_FIELD,-3600.0000,base-12-COST-HOSTING-FF-035,BUSINESS_DRIVEN_FORECAST,foundry-field,2027
BIZ_DEFERRED,liability,2026-09-09T00:00:00Z,NONCASH_OR_OPENING,0.0000,115000.0000,Monthly service under effective contract version,SHI,CONDITIONAL_FORECAST,BIZ-base-0002350,12,12,2027-12-31,base,FOUNDRY_FIELD,115000.0000,base-12-SUBSCRIPTION_SERVICE-FF-036,BUSINESS_DRIVEN_FORECAST,foundry-field,2027
BIZ_REVENUE,revenue,2026-09-09T00:00:00Z,NONCASH_OR_OPENING,115000.0000,0.0000,Monthly service under effective contract version,SHI,CONDITIONAL_FORECAST,BIZ-base-0002350,12,12,2027-12-31,base,FOUNDRY_FIELD,-115000.0000,base-12-SUBSCRIPTION_SERVICE-FF-036,BUSINESS_DRIVEN_FORECAST,foundry-field,2027
BIZ_DELIVERY,expense,2026-09-09T00:00:00Z,NONCASH_OR_OPENING,0.0000,1800.0000,Source-driven vendor cost,SHI,CONDITIONAL_FORECAST,BIZ-base-0002351,12,12,2027-12-31,base,FOUNDRY_FIELD,1800.0000,base-12-COST-HOSTING-FF-036,BUSINESS_DRIVEN_FORECAST,foundry-field,2027
BIZ_AP,liability,2026-09-09T00:00:00Z,NONCASH_OR_OPENING,1800.0000,0.0000,Source-driven vendor cost,SHI,CONDITIONAL_FORECAST,BIZ-base-0002351,12,12,2027-12-31,base,FOUNDRY_FIELD,-1800.0000,base-12-COST-HOSTING-FF-036,BUSINESS_DRIVEN_FORECAST,foundry-field,2027
BIZ_DEFERRED,liability,2026-09-09T00:00:00Z,NONCASH_OR_OPENING,0.0000,142000.0000,Monthly service under effective contract version,SHI,CONDITIONAL_FORECAST,BIZ-base-0002352,12,12,2027-12-31,base,FOUNDRY_FIELD,142000.0000,base-12-SUBSCRIPTION_SERVICE-FF-037,BUSINESS_DRIVEN_FORECAST,foundry-field,2027
BIZ_REVENUE,revenue,2026-09-09T00:00:00Z,NONCASH_OR_OPENING,142000.0000,0.0000,Monthly service under effective contract version,SHI,CONDITIONAL_FORECAST,BIZ-base-0002352,12,12,2027-12-31,base,FOUNDRY_FIELD,-142000.0000,base-12-SUBSCRIPTION_SERVICE-FF-037,BUSINESS_DRIVEN_FORECAST,foundry-field,2027
BIZ_DELIVERY,expense,2026-09-09T00:00:00Z,NONCASH_OR_OPENING,0.0000,2400.0000,Source-driven vendor cost,SHI,CONDITIONAL_FORECAST,BIZ-base-0002353,12,12,2027-12-31,base,FOUNDRY_FIELD,2400.0000,base-12-COST-HOSTING-FF-037,BUSINESS_DRIVEN_FORECAST,foundry-field,2027
BIZ_AP,liability,2026-09-09T00:00:00Z,NONCASH_OR_OPENING,2400.0000,0.0000,Source-driven vendor cost,SHI,CONDITIONAL_FORECAST,BIZ-base-0002353,12,12,2027-12-31,base,FOUNDRY_FIELD,-2400.0000,base-12-COST-HOSTING-FF-037,BUSINESS_DRIVEN_FORECAST,foundry-field,2027
BIZ_DEFERRED,liability,2026-09-09T00:00:00Z,NONCASH_OR_OPENING,0.0000,160000.0000,Monthly service under effective contract version,SHI,CONDITIONAL_FORECAST,BIZ-base-0002354,12,12,2027-12-31,base,FOUNDRY_FIELD,160000.0000,base-12-SUBSCRIPTION_SERVICE-FF-039,BUSINESS_DRIVEN_FORECAST,foundry-field,2027
BIZ_REVENUE,revenue,2026-09-09T00:00:00Z,NONCASH_OR_OPENING,160000.0000,0.0000,Monthly service under effective contract version,SHI,CONDITIONAL_FORECAST,BIZ-base-0002354,12,12,2027-12-31,base,FOUNDRY_FIELD,-160000.0000,base-12-SUBSCRIPTION_SERVICE-FF-039,BUSINESS_DRIVEN_FORECAST,foundry-field,2027
BIZ_DELIVERY,expense,2026-09-09T00:00:00Z,NONCASH_OR_OPENING,0.0000,3600.0000,Source-driven vendor cost,SHI,CONDITIONAL_FORECAST,BIZ-base-0002355,12,12,2027-12-31,base,FOUNDRY_FIELD,3600.0000,base-12-COST-HOSTING-FF-039,BUSINESS_DRIVEN_FORECAST,foundry-field,2027
BIZ_AP,liability,2026-09-09T00:00:00Z,NONCASH_OR_OPENING,3600.0000,0.0000,Source-driven vendor cost,SHI,CONDITIONAL_FORECAST,BIZ-base-0002355,12,12,2027-12-31,base,FOUNDRY_FIELD,-3600.0000,base-12-COST-HOSTING-FF-039,BUSINESS_DRIVEN_FORECAST,foundry-field,2027
BIZ_DEFERRED,liability,2026-09-09T00:00:00Z,NONCASH_OR_OPENING,0.0000,100000.0000,Monthly service under effective contract version,SHI,CONDITIONAL_FORECAST,BIZ-base-0002356,12,12,2027-12-31,base,FOUNDRY_FIELD,100000.0000,base-12-SUBSCRIPTION_SERVICE-FF-040,BUSINESS_DRIVEN_FORECAST,foundry-field,2027
BIZ_REVENUE,revenue,2026-09-09T00:00:00Z,NONCASH_OR_OPENING,100000.0000,0.0000,Monthly service under effective contract version,SHI,CONDITIONAL_FORECAST,BIZ-base-0002356,12,12,2027-12-31,base,FOUNDRY_FIELD,-100000.0000,base-12-SUBSCRIPTION_SERVICE-FF-040,BUSINESS_DRIVEN_FORECAST,foundry-field,2027
BIZ_DELIVERY,expense,2026-09-09T00:00:00Z,NONCASH_OR_OPENING,0.0000,1800.0000,Source-driven vendor cost,SHI,CONDITIONAL_FORECAST,BIZ-base-0002357,12,12,2027-12-31,base,FOUNDRY_FIELD,1800.0000,base-12-COST-HOSTING-FF-040,BUSINESS_DRIVEN_FORECAST,foundry-field,2027
BIZ_AP,liability,2026-09-09T00:00:00Z,NONCASH_OR_OPENING,1800.0000,0.0000,Source-driven vendor cost,SHI,CONDITIONAL_FORECAST,BIZ-base-0002357,12,12,2027-12-31,base,FOUNDRY_FIELD,-1800.0000,base-12-COST-HOSTING-FF-040,BUSINESS_DRIVEN_FORECAST,foundry-field,2027
BIZ_DEFERRED,liability,2026-09-09T00:00:00Z,NONCASH_OR_OPENING,0.0000,115000.0000,Monthly service under effective contract version,SHI,CONDITIONAL_FORECAST,BIZ-base-0002358,12,12,2027-12-31,base,FOUNDRY_FIELD,115000.0000,base-12-SUBSCRIPTION_SERVICE-FF-041,BUSINESS_DRIVEN_FORECAST,foundry-field,2027
BIZ_REVENUE,revenue,2026-09-09T00:00:00Z,NONCASH_OR_OPENING,115000.0000,0.0000,Monthly service under effective contract version,SHI,CONDITIONAL_FORECAST,BIZ-base-0002358,12,12,2027-12-31,base,FOUNDRY_FIELD,-115000.0000,base-12-SUBSCRIPTION_SERVICE-FF-041,BUSINESS_DRIVEN_FORECAST,foundry-field,2027
BIZ_DELIVERY,expense,2026-09-09T00:00:00Z,NONCASH_OR_OPENING,0.0000,2400.0000,Source-driven vendor cost,SHI,CONDITIONAL_FORECAST,BIZ-base-0002359,12,12,2027-12-31,base,FOUNDRY_FIELD,2400.0000,base-12-COST-HOSTING-FF-041,BUSINESS_DRIVEN_FORECAST,foundry-field,2027
BIZ_AP,liability,2026-09-09T00:00:00Z,NONCASH_OR_OPENING,2400.0000,0.0000,Source-driven vendor cost,SHI,CONDITIONAL_FORECAST,BIZ-base-0002359,12,12,2027-12-31,base,FOUNDRY_FIELD,-2400.0000,base-12-COST-HOSTING-FF-041,BUSINESS_DRIVEN_FORECAST,foundry-field,2027
BIZ_AR,asset,2026-09-09T00:00:00Z,NONCASH_OR_OPENING,0.0000,120000.0000,Accepted outcome/product billing,SHI,CONDITIONAL_FORECAST,BIZ-base-0002360,12,12,2027-12-31,base,FOUNDRY_FIELD,120000.0000,base-12-INVOICE-INV-base-base-12-DEPLOYMENT_ACCEPTANCE-FF-042,BUSINESS_DRIVEN_FORECAST,foundry-field,2027
BIZ_REVENUE,revenue,2026-09-09T00:00:00Z,NONCASH_OR_OPENING,120000.0000,0.0000,Accepted outcome/product billing,SHI,CONDITIONAL_FORECAST,BIZ-base-0002360,12,12,2027-12-31,base,FOUNDRY_FIELD,-120000.0000,base-12-INVOICE-INV-base-base-12-DEPLOYMENT_ACCEPTANCE-FF-042,BUSINESS_DRIVEN_FORECAST,foundry-field,2027
BIZ_AR,asset,2026-09-09T00:00:00Z,NONCASH_OR_OPENING,0.0000,1560000.0000,Annual subscription billing,SHI,CONDITIONAL_FORECAST,BIZ-base-0002361,12,12,2027-12-31,base,FOUNDRY_FIELD,1560000.0000,base-12-INVOICE-INV-base-FF-042-TERM-0,BUSINESS_DRIVEN_FORECAST,foundry-field,2027
BIZ_DEFERRED,liability,2026-09-09T00:00:00Z,NONCASH_OR_OPENING,1560000.0000,0.0000,Annual subscription billing,SHI,CONDITIONAL_FORECAST,BIZ-base-0002361,12,12,2027-12-31,base,FOUNDRY_FIELD,-1560000.0000,base-12-INVOICE-INV-base-FF-042-TERM-0,BUSINESS_DRIVEN_FORECAST,foundry-field,2027
BIZ_DEFERRED,liability,2026-09-09T00:00:00Z,NONCASH_OR_OPENING,0.0000,130000.0000,Monthly service under effective contract version,SHI,CONDITIONAL_FORECAST,BIZ-base-0002362,12,12,2027-12-31,base,FOUNDRY_FIELD,130000.0000,base-12-SUBSCRIPTION_SERVICE-FF-042,BUSINESS_DRIVEN_FORECAST,foundry-field,2027
BIZ_REVENUE,revenue,2026-09-09T00:00:00Z,NONCASH_OR_OPENING,130000.0000,0.0000,Monthly service under effective contract version,SHI,CONDITIONAL_FORECAST,BIZ-base-0002362,12,12,2027-12-31,base,FOUNDRY_FIELD,-130000.0000,base-12-SUBSCRIPTION_SERVICE-FF-042,BUSINESS_DRIVEN_FORECAST,foundry-field,2027
BIZ_DELIVERY,expense,2026-09-09T00:00:00Z,NONCASH_OR_OPENING,0.0000,3000.0000,Source-driven vendor cost,SHI,CONDITIONAL_FORECAST,BIZ-base-0002363,12,12,2027-12-31,base,FOUNDRY_FIELD,3000.0000,base-12-COST-HOSTING-FF-042,BUSINESS_DRIVEN_FORECAST,foundry-field,2027
BIZ_AP,liability,2026-09-09T00:00:00Z,NONCASH_OR_OPENING,3000.0000,0.0000,Source-driven vendor cost,SHI,CONDITIONAL_FORECAST,BIZ-base-0002363,12,12,2027-12-31,base,FOUNDRY_FIELD,-3000.0000,base-12-COST-HOSTING-FF-042,BUSINESS_DRIVEN_FORECAST,foundry-field,2027
BIZ_DDA,expense,2026-09-09T00:00:00Z,NONCASH_OR_OPENING,0.0000,4000.0000,Depreciation starts following receipt; transferred asset retains basis,SHI,CONDITIONAL_FORECAST,BIZ-base-0002410,12,12,2027-12-31,base,FOUNDRY_FIELD,4000.0000,base-12-DEPRECIATION-FORT-TEST-RIG,BUSINESS_DRIVEN_FORECAST,foundry-field,2027
BIZ_ACCUM,asset,2026-09-09T00:00:00Z,NONCASH_OR_OPENING,4000.0000,0.0000,Depreciation starts following receipt; transferred asset retains basis,SHI,CONDITIONAL_FORECAST,BIZ-base-0002410,12,12,2027-12-31,base,FOUNDRY_FIELD,-4000.0000,base-12-DEPRECIATION-FORT-TEST-RIG,BUSINESS_DRIVEN_FORECAST,foundry-field,2027
BIZ_CREDIT_LOSS,expense,2026-09-09T00:00:00Z,NONCASH_OR_OPENING,0.0000,3600.0000,"Explicit expected credit-loss estimate, not observed customer default",SHI,CONDITIONAL_FORECAST,BIZ-base-0002423,12,12,2027-12-31,base,FOUNDRY_FIELD,3600.0000,base-12-MONTH_END_ESTIMATE-foundry-field,BUSINESS_DRIVEN_FORECAST,foundry-field,2027
BIZ_ALLOWANCE,asset,2026-09-09T00:00:00Z,NONCASH_OR_OPENING,3600.0000,0.0000,"Explicit expected credit-loss estimate, not observed customer default",SHI,CONDITIONAL_FORECAST,BIZ-base-0002423,12,12,2027-12-31,base,FOUNDRY_FIELD,-3600.0000,base-12-MONTH_END_ESTIMATE-foundry-field,BUSINESS_DRIVEN_FORECAST,foundry-field,2027
